


    INSERT INTO trabalho.podcast VALUES ('af46a958-b921-47b6-9f87-5c4fdc68ea79', 'https://jovemnerd.com.br/feed-nerdcast', 'NerdCast', 'https://jovemnerd.com.br', NULL);
    INSERT INTO trabalho.podcast VALUES ('fa3abe16-3645-4d22-a01d-893e6f20c408', 'https://anchor.fm/s/3ad82c84/podcast/rss', 'Diário de um Jovem Moderno', 'https://anchor.fm/diariodeumjovemmoderno', NULL);
    INSERT INTO trabalho.podcast VALUES ('f8e13774-d631-4f34-93f0-2f5d55590265', 'https://anchor.fm/s/c946c20/podcast/rss', 'Devs Cansados', 'https://www.devscansados.com.br/', 'contato@devscansados.com.br');
    INSERT INTO trabalho.podcast VALUES ('de2f0ddb-9903-436a-a5e2-54224254c818', 'https://www.spreaker.com/show/4863104/episodes/feed', 'Podpah', 'https://www.spreaker.com/show/podpah_1', NULL);
    INSERT INTO trabalho.podcast VALUES ('67074e68-bc2f-442b-8af2-7d328b6af6eb', 'https://anchor.fm/s/2a80a35c/podcast/rss', 'Quadro em Branco', 'https://anchor.fm/quadro-em-branco', 'podcastembranco@gmail.com');
    INSERT INTO trabalho.podcast VALUES ('bc8dac25-793c-4a96-aafc-4ea7020f4f60', 'https://www.omnycontent.com/d/playlist/aaea4e69-af51-495e-afc9-a9760146922b/75a86d39-9e0e-4e9a-b948-aae301805fe6/514362cf-31b4-4ed2-af40-aae301805ffd/podcast.rss', 'Office Ladies', 'https://officeladies.com/', 'officeladies@earwolf.com');
    INSERT INTO trabalho.podcast VALUES ('219328a1-cec6-4e8c-b003-52a3ec9766bb', 'https://rss-feed-flowpodcast-2eqj3fl3la-ue.a.run.app/feed/rss', 'Flow', 'https://flowpodcast.com.br/', NULL);
    INSERT INTO trabalho.podcast VALUES ('f0166bd2-8e4d-4308-b5d7-0b3d627c5dc5', 'https://anchor.fm/s/248804cc/podcast/rss', 'Estrada Sobrenatural', 'https://linktr.ee/Estradasobrenatural', 'comercial.estradasobrenatural@gmail.com');
    INSERT INTO trabalho.podcast VALUES ('168c1536-4c42-4b8f-8c77-f06affefec6a', 'https://anchor.fm/s/11c4550c/podcast/rss', 'Hoje no TecMundo Podcast', 'https://www.tecmundo.com.br/', NULL);
    INSERT INTO trabalho.podcast VALUES ('5bdf7377-8330-4f9f-8efd-e95301c122ce', 'https://feeds.simplecast.com/tL5DvHPD', '2Devs', 'https://2devs.simplecast.com/', NULL);
    INSERT INTO trabalho.podcast VALUES ('f1b92ce7-47a7-43cd-8586-4a09185cdd05', 'https://anchor.fm/s/3bf2f2c/podcast/rss', 'Podcast FalaDev', 'https://anchor.fm/faladev', NULL);
    INSERT INTO trabalho.podcast VALUES ('b553d865-8fe2-47de-9a30-10e1dea3bd1d', 'http://www.deviante.com.br/podcasts/scicast/feed/', 'Scicast', 'https://www.deviante.com.br/podcasts/scicast/', NULL);
    INSERT INTO trabalho.podcast VALUES ('c58b280a-56d4-4ad8-8c85-730e4ea86361', 'https://republicadomedo.com.br/feed/podcast', 'RdMCast', 'https://republicadomedo.com.br/', 'contato@republicadomedo.com.br');
    INSERT INTO trabalho.podcast VALUES ('7e429e8e-7669-403d-bb78-3cd7f9f75afd', 'https://hipsters.tech/feed/podcast', 'Hipsters ponto tech', 'https://hipsters.tech/', NULL);
INSERT INTO trabalho.usuario VALUES ('usr_0', '0_Mait90@hotmail.com', 'Maitê Oliveira', 'female', 52, 'password', 'Colômbia');
INSERT INTO trabalho.usuario_esta_inscrito_no_podcast VALUES (5, '219328a1-cec6-4e8c-b003-52a3ec9766bb', 'usr_0');
INSERT INTO trabalho.comentarios_podcast_usuario VALUES ('comment_0', 'Corrupti minima quam soluta molestiae aliquid dolores.', '219328a1-cec6-4e8c-b003-52a3ec9766bb', 'usr_0');
INSERT INTO trabalho.usuario VALUES ('usr_1', '1_Arthur.Costa@yahoo.com', 'Arthur Costa', 'male', 60, 'password', 'Turquia');
INSERT INTO trabalho.usuario_esta_inscrito_no_podcast VALUES (2, 'de2f0ddb-9903-436a-a5e2-54224254c818', 'usr_1');
INSERT INTO trabalho.comentarios_podcast_usuario VALUES ('comment_1', 'Et hic omnis incidunt sunt.', 'de2f0ddb-9903-436a-a5e2-54224254c818', 'usr_1');
INSERT INTO trabalho.usuario VALUES ('usr_2', '2_Marcelo.Nogueira@yahoo.com', 'Marcelo Nogueira', 'male', 52, 'password', 'Nova Zelândia');
INSERT INTO trabalho.usuario_esta_inscrito_no_podcast VALUES (2, 'af46a958-b921-47b6-9f87-5c4fdc68ea79', 'usr_2');
INSERT INTO trabalho.comentarios_podcast_usuario VALUES ('comment_2', 'Adipisci omnis quia rerum nam blanditiis quibusdam dolor.', 'af46a958-b921-47b6-9f87-5c4fdc68ea79', 'usr_2');
INSERT INTO trabalho.usuario VALUES ('usr_3', '3_AnaClara96@live.com', 'Ana Clara Moraes', 'female', 19, 'password', 'Islândia');
INSERT INTO trabalho.usuario_esta_inscrito_no_podcast VALUES (5, '168c1536-4c42-4b8f-8c77-f06affefec6a', 'usr_3');
INSERT INTO trabalho.comentarios_podcast_usuario VALUES ('comment_3', 'Nesciunt corrupti omnis doloremque id.', '168c1536-4c42-4b8f-8c77-f06affefec6a', 'usr_3');
INSERT INTO trabalho.usuario VALUES ('usr_4', '4_Lorenzo.Costa41@gmail.com', 'Lorenzo Costa', 'male', 2, 'password', 'México');
INSERT INTO trabalho.usuario_esta_inscrito_no_podcast VALUES (1, 'f0166bd2-8e4d-4308-b5d7-0b3d627c5dc5', 'usr_4');
INSERT INTO trabalho.comentarios_podcast_usuario VALUES ('comment_4', 'Et eius explicabo.', 'f0166bd2-8e4d-4308-b5d7-0b3d627c5dc5', 'usr_4');
INSERT INTO trabalho.usuario VALUES ('usr_5', '5_Danilo.Carvalho30@gmail.com', 'Danilo Carvalho', 'male', 57, 'password', 'Uzbequistão');
INSERT INTO trabalho.usuario_esta_inscrito_no_podcast VALUES (3, '67074e68-bc2f-442b-8af2-7d328b6af6eb', 'usr_5');
INSERT INTO trabalho.comentarios_podcast_usuario VALUES ('comment_5', 'Est beatae corporis hic dolorum et optio nesciunt.', '67074e68-bc2f-442b-8af2-7d328b6af6eb', 'usr_5');
INSERT INTO trabalho.usuario VALUES ('usr_6', '6_JooLucas.Silva@hotmail.com', 'João Lucas Silva', 'male', 53, 'password', 'Latvia');
INSERT INTO trabalho.usuario_esta_inscrito_no_podcast VALUES (2, 'f8e13774-d631-4f34-93f0-2f5d55590265', 'usr_6');
INSERT INTO trabalho.comentarios_podcast_usuario VALUES ('comment_6', 'Sunt dolor amet suscipit dolor doloremque.', 'f8e13774-d631-4f34-93f0-2f5d55590265', 'usr_6');
INSERT INTO trabalho.usuario VALUES ('usr_7', '7_Fabrcio_Martins@bol.com.br', 'Fabrício Martins', 'male', 24, 'password', 'Panamá');
INSERT INTO trabalho.usuario_esta_inscrito_no_podcast VALUES (5, '7e429e8e-7669-403d-bb78-3cd7f9f75afd', 'usr_7');
INSERT INTO trabalho.comentarios_podcast_usuario VALUES ('comment_7', 'Hic error pariatur itaque voluptatum nesciunt quis ut omnis autem.', '7e429e8e-7669-403d-bb78-3cd7f9f75afd', 'usr_7');
INSERT INTO trabalho.usuario VALUES ('usr_8', '8_Elo_Pereira@gmail.com', 'Eloá Pereira', 'female', 28, 'password', 'Nigéria');
INSERT INTO trabalho.usuario_esta_inscrito_no_podcast VALUES (2, '7e429e8e-7669-403d-bb78-3cd7f9f75afd', 'usr_8');
INSERT INTO trabalho.comentarios_podcast_usuario VALUES ('comment_8', 'Cum consequatur est dolores ut itaque.', '7e429e8e-7669-403d-bb78-3cd7f9f75afd', 'usr_8');
INSERT INTO trabalho.usuario VALUES ('usr_9', '9_Giovanna18@live.com', 'Giovanna Moraes', 'female', 57, 'password', 'Uzbequistão');
INSERT INTO trabalho.usuario_esta_inscrito_no_podcast VALUES (2, 'de2f0ddb-9903-436a-a5e2-54224254c818', 'usr_9');
INSERT INTO trabalho.comentarios_podcast_usuario VALUES ('comment_9', 'Molestias voluptatum quas commodi odio.', 'de2f0ddb-9903-436a-a5e2-54224254c818', 'usr_9');
INSERT INTO trabalho.usuario VALUES ('usr_10', '10_Esther.Costa38@bol.com.br', 'Esther Costa', 'female', 26, 'password', 'Portugal');
INSERT INTO trabalho.usuario_esta_inscrito_no_podcast VALUES (1, '7e429e8e-7669-403d-bb78-3cd7f9f75afd', 'usr_10');
INSERT INTO trabalho.comentarios_podcast_usuario VALUES ('comment_10', 'Eos saepe doloremque officia ducimus enim dolorum.', '7e429e8e-7669-403d-bb78-3cd7f9f75afd', 'usr_10');
INSERT INTO trabalho.usuario VALUES ('usr_11', '11_Isis17@hotmail.com', 'Isis Nogueira', 'female', 53, 'password', 'Gibraltar');
INSERT INTO trabalho.usuario_esta_inscrito_no_podcast VALUES (3, 'bc8dac25-793c-4a96-aafc-4ea7020f4f60', 'usr_11');
INSERT INTO trabalho.comentarios_podcast_usuario VALUES ('comment_11', 'Illum ut odio sequi earum enim quia nisi tempore.', 'bc8dac25-793c-4a96-aafc-4ea7020f4f60', 'usr_11');
INSERT INTO trabalho.usuario VALUES ('usr_12', '12_Emanuel23@live.com', 'Emanuel Carvalho', 'male', 0, 'password', 'Reino Unido');
INSERT INTO trabalho.usuario_esta_inscrito_no_podcast VALUES (2, 'f8e13774-d631-4f34-93f0-2f5d55590265', 'usr_12');
INSERT INTO trabalho.comentarios_podcast_usuario VALUES ('comment_12', 'Aperiam aliquid in ratione qui asperiores qui hic et.', 'f8e13774-d631-4f34-93f0-2f5d55590265', 'usr_12');
INSERT INTO trabalho.usuario VALUES ('usr_13', '13_Karla97@gmail.com', 'Karla Carvalho', 'female', 7, 'password', 'Guiné-Bissau');
INSERT INTO trabalho.usuario_esta_inscrito_no_podcast VALUES (5, 'b553d865-8fe2-47de-9a30-10e1dea3bd1d', 'usr_13');
INSERT INTO trabalho.comentarios_podcast_usuario VALUES ('comment_13', 'Ullam vitae sit commodi magni quo fugit id itaque dolor.', 'b553d865-8fe2-47de-9a30-10e1dea3bd1d', 'usr_13');
INSERT INTO trabalho.usuario VALUES ('usr_14', '14_Vitria_Xavier@hotmail.com', 'Vitória Xavier', 'female', 32, 'password', 'Venezuela');
INSERT INTO trabalho.usuario_esta_inscrito_no_podcast VALUES (3, '7e429e8e-7669-403d-bb78-3cd7f9f75afd', 'usr_14');
INSERT INTO trabalho.comentarios_podcast_usuario VALUES ('comment_14', 'Aliquam occaecati repudiandae error tenetur distinctio quia.', '7e429e8e-7669-403d-bb78-3cd7f9f75afd', 'usr_14');
INSERT INTO trabalho.usuario VALUES ('usr_15', '15_Mait.Santos@live.com', 'Maitê Santos', 'female', 19, 'password', 'Nicarágua');
INSERT INTO trabalho.usuario_esta_inscrito_no_podcast VALUES (3, 'f1b92ce7-47a7-43cd-8586-4a09185cdd05', 'usr_15');
INSERT INTO trabalho.comentarios_podcast_usuario VALUES ('comment_15', 'Saepe deleniti qui deleniti aspernatur dolores.', 'f1b92ce7-47a7-43cd-8586-4a09185cdd05', 'usr_15');
INSERT INTO trabalho.usuario VALUES ('usr_16', '16_Elo_Albuquerque@hotmail.com', 'Eloá Albuquerque', 'female', 41, 'password', 'Malvinas');
INSERT INTO trabalho.usuario_esta_inscrito_no_podcast VALUES (2, 'f8e13774-d631-4f34-93f0-2f5d55590265', 'usr_16');
INSERT INTO trabalho.comentarios_podcast_usuario VALUES ('comment_16', 'Fugit dolorum eum et itaque itaque nemo.', 'f8e13774-d631-4f34-93f0-2f5d55590265', 'usr_16');
INSERT INTO trabalho.usuario VALUES ('usr_17', '17_MariaClara68@bol.com.br', 'Maria Clara Reis', 'female', 18, 'password', 'Alemanha');
INSERT INTO trabalho.usuario_esta_inscrito_no_podcast VALUES (1, '219328a1-cec6-4e8c-b003-52a3ec9766bb', 'usr_17');
INSERT INTO trabalho.comentarios_podcast_usuario VALUES ('comment_17', 'Totam quidem deserunt laboriosam et explicabo.', '219328a1-cec6-4e8c-b003-52a3ec9766bb', 'usr_17');
INSERT INTO trabalho.usuario VALUES ('usr_18', '18_Alexandre18@hotmail.com', 'Alexandre Nogueira', 'male', 17, 'password', 'África do Sul');
INSERT INTO trabalho.usuario_esta_inscrito_no_podcast VALUES (2, '67074e68-bc2f-442b-8af2-7d328b6af6eb', 'usr_18');
INSERT INTO trabalho.comentarios_podcast_usuario VALUES ('comment_18', 'Ut itaque sed consequatur ut quidem enim.', '67074e68-bc2f-442b-8af2-7d328b6af6eb', 'usr_18');
INSERT INTO trabalho.usuario VALUES ('usr_19', '19_Isabelly56@hotmail.com', 'Isabelly Nogueira', 'female', 59, 'password', 'Guadalupe');
INSERT INTO trabalho.usuario_esta_inscrito_no_podcast VALUES (4, 'de2f0ddb-9903-436a-a5e2-54224254c818', 'usr_19');
INSERT INTO trabalho.comentarios_podcast_usuario VALUES ('comment_19', 'Omnis sequi molestiae veniam ipsum totam voluptas.', 'de2f0ddb-9903-436a-a5e2-54224254c818', 'usr_19');
INSERT INTO trabalho.usuario VALUES ('usr_20', '20_PedroHenrique16@bol.com.br', 'Pedro Henrique Moreira', 'male', 34, 'password', 'Comores');
INSERT INTO trabalho.usuario_esta_inscrito_no_podcast VALUES (0, 'f1b92ce7-47a7-43cd-8586-4a09185cdd05', 'usr_20');
INSERT INTO trabalho.comentarios_podcast_usuario VALUES ('comment_20', 'Sunt voluptatem at.', 'f1b92ce7-47a7-43cd-8586-4a09185cdd05', 'usr_20');
INSERT INTO trabalho.usuario VALUES ('usr_21', '21_Bryan_Souza23@bol.com.br', 'Bryan Souza', 'male', 2, 'password', 'Ilhas Svalbard & Jan Mayen');
INSERT INTO trabalho.usuario_esta_inscrito_no_podcast VALUES (5, '168c1536-4c42-4b8f-8c77-f06affefec6a', 'usr_21');
INSERT INTO trabalho.comentarios_podcast_usuario VALUES ('comment_21', 'Soluta rerum a rerum sed corrupti quis et.', '168c1536-4c42-4b8f-8c77-f06affefec6a', 'usr_21');
INSERT INTO trabalho.usuario VALUES ('usr_22', '22_MariaEduarda97@live.com', 'Maria Eduarda Macedo', 'female', 52, 'password', 'Montenegro');
INSERT INTO trabalho.usuario_esta_inscrito_no_podcast VALUES (1, 'bc8dac25-793c-4a96-aafc-4ea7020f4f60', 'usr_22');
INSERT INTO trabalho.comentarios_podcast_usuario VALUES ('comment_22', 'Vitae voluptas ut sint voluptatem ut voluptatem dolores.', 'bc8dac25-793c-4a96-aafc-4ea7020f4f60', 'usr_22');
INSERT INTO trabalho.usuario VALUES ('usr_23', '23_Marli.Nogueira47@yahoo.com', 'Marli Nogueira', 'female', 58, 'password', 'Estados Unidos das Ilhas Virgens');
INSERT INTO trabalho.usuario_esta_inscrito_no_podcast VALUES (2, '168c1536-4c42-4b8f-8c77-f06affefec6a', 'usr_23');
INSERT INTO trabalho.comentarios_podcast_usuario VALUES ('comment_23', 'Soluta voluptatem labore repellat rem sint assumenda et sit deleniti.', '168c1536-4c42-4b8f-8c77-f06affefec6a', 'usr_23');
INSERT INTO trabalho.usuario VALUES ('usr_24', '24_Isabelly_Silva63@bol.com.br', 'Isabelly Silva', 'female', 16, 'password', 'Reino Unido');
INSERT INTO trabalho.usuario_esta_inscrito_no_podcast VALUES (4, '168c1536-4c42-4b8f-8c77-f06affefec6a', 'usr_24');
INSERT INTO trabalho.comentarios_podcast_usuario VALUES ('comment_24', 'Quia saepe quibusdam dolores quia cumque nihil reprehenderit ratione dolor.', '168c1536-4c42-4b8f-8c77-f06affefec6a', 'usr_24');
INSERT INTO trabalho.usuario VALUES ('usr_25', '25_gor94@hotmail.com', 'Ígor Melo', 'male', 0, 'password', 'Bahamas');
INSERT INTO trabalho.usuario_esta_inscrito_no_podcast VALUES (0, 'de2f0ddb-9903-436a-a5e2-54224254c818', 'usr_25');
INSERT INTO trabalho.comentarios_podcast_usuario VALUES ('comment_25', 'Id temporibus harum repellat similique nesciunt quam impedit.', 'de2f0ddb-9903-436a-a5e2-54224254c818', 'usr_25');
INSERT INTO trabalho.usuario VALUES ('usr_26', '26_Carlos54@gmail.com', 'Carlos Reis', 'male', 23, 'password', 'Latvia');
INSERT INTO trabalho.usuario_esta_inscrito_no_podcast VALUES (3, 'bc8dac25-793c-4a96-aafc-4ea7020f4f60', 'usr_26');
INSERT INTO trabalho.comentarios_podcast_usuario VALUES ('comment_26', 'Voluptates cumque sed ratione eos sequi aut delectus.', 'bc8dac25-793c-4a96-aafc-4ea7020f4f60', 'usr_26');
INSERT INTO trabalho.usuario VALUES ('usr_27', '27_Beatriz_Braga@yahoo.com', 'Beatriz Braga', 'female', 34, 'password', 'Chile');
INSERT INTO trabalho.usuario_esta_inscrito_no_podcast VALUES (1, 'c58b280a-56d4-4ad8-8c85-730e4ea86361', 'usr_27');
INSERT INTO trabalho.comentarios_podcast_usuario VALUES ('comment_27', 'Veniam et nemo aliquam vel ratione laudantium.', 'c58b280a-56d4-4ad8-8c85-730e4ea86361', 'usr_27');
INSERT INTO trabalho.usuario VALUES ('usr_28', '28_AnaJlia_Melo49@live.com', 'Ana Júlia Melo', 'female', 30, 'password', 'Gabão');
INSERT INTO trabalho.usuario_esta_inscrito_no_podcast VALUES (0, '168c1536-4c42-4b8f-8c77-f06affefec6a', 'usr_28');
INSERT INTO trabalho.comentarios_podcast_usuario VALUES ('comment_28', 'Ut alias ad ratione veniam quisquam ex.', '168c1536-4c42-4b8f-8c77-f06affefec6a', 'usr_28');
INSERT INTO trabalho.usuario VALUES ('usr_29', '29_Mariana_Moreira48@yahoo.com', 'Mariana Moreira', 'female', 5, 'password', 'Montenegro');
INSERT INTO trabalho.usuario_esta_inscrito_no_podcast VALUES (5, 'f0166bd2-8e4d-4308-b5d7-0b3d627c5dc5', 'usr_29');
INSERT INTO trabalho.comentarios_podcast_usuario VALUES ('comment_29', 'Eius omnis expedita dignissimos et sit at accusantium distinctio.', 'f0166bd2-8e4d-4308-b5d7-0b3d627c5dc5', 'usr_29');
INSERT INTO trabalho.usuario VALUES ('usr_30', '30_Roberta_Albuquerque77@live.com', 'Roberta Albuquerque', 'female', 58, 'password', 'Liechtenstein');
INSERT INTO trabalho.usuario_esta_inscrito_no_podcast VALUES (1, 'f8e13774-d631-4f34-93f0-2f5d55590265', 'usr_30');
INSERT INTO trabalho.comentarios_podcast_usuario VALUES ('comment_30', 'Facere ea quia minima et et nesciunt omnis praesentium.', 'f8e13774-d631-4f34-93f0-2f5d55590265', 'usr_30');
INSERT INTO trabalho.usuario VALUES ('usr_31', '31_Vitria_Costa35@yahoo.com', 'Vitória Costa', 'female', 46, 'password', 'Austrália');
INSERT INTO trabalho.usuario_esta_inscrito_no_podcast VALUES (2, 'bc8dac25-793c-4a96-aafc-4ea7020f4f60', 'usr_31');
INSERT INTO trabalho.comentarios_podcast_usuario VALUES ('comment_31', 'Sunt rem earum.', 'bc8dac25-793c-4a96-aafc-4ea7020f4f60', 'usr_31');
INSERT INTO trabalho.usuario VALUES ('usr_32', '32_Janana_Franco@gmail.com', 'Janaína Franco', 'female', 55, 'password', 'Ilha Norfolk');
INSERT INTO trabalho.usuario_esta_inscrito_no_podcast VALUES (4, 'fa3abe16-3645-4d22-a01d-893e6f20c408', 'usr_32');
INSERT INTO trabalho.comentarios_podcast_usuario VALUES ('comment_32', 'Inventore saepe deserunt optio.', 'fa3abe16-3645-4d22-a01d-893e6f20c408', 'usr_32');
INSERT INTO trabalho.usuario VALUES ('usr_33', '33_Marli.Franco@live.com', 'Marli Franco', 'female', 17, 'password', 'Bulgária');
INSERT INTO trabalho.usuario_esta_inscrito_no_podcast VALUES (1, 'af46a958-b921-47b6-9f87-5c4fdc68ea79', 'usr_33');
INSERT INTO trabalho.comentarios_podcast_usuario VALUES ('comment_33', 'Ipsa temporibus enim et nesciunt maxime vel eveniet aspernatur consequatur.', 'af46a958-b921-47b6-9f87-5c4fdc68ea79', 'usr_33');
INSERT INTO trabalho.usuario VALUES ('usr_34', '34_Yuri_Reis87@live.com', 'Yuri Reis', 'male', 36, 'password', 'Ilha de Man');
INSERT INTO trabalho.usuario_esta_inscrito_no_podcast VALUES (3, 'c58b280a-56d4-4ad8-8c85-730e4ea86361', 'usr_34');
INSERT INTO trabalho.comentarios_podcast_usuario VALUES ('comment_34', 'Provident est repellat qui veritatis ut dolor dolorem consequatur et.', 'c58b280a-56d4-4ad8-8c85-730e4ea86361', 'usr_34');
INSERT INTO trabalho.usuario VALUES ('usr_35', '35_Clara.Batista@bol.com.br', 'Clara Batista', 'female', 21, 'password', 'Indonésia');
INSERT INTO trabalho.usuario_esta_inscrito_no_podcast VALUES (4, '219328a1-cec6-4e8c-b003-52a3ec9766bb', 'usr_35');
INSERT INTO trabalho.comentarios_podcast_usuario VALUES ('comment_35', 'Nesciunt saepe quam perferendis nihil.', '219328a1-cec6-4e8c-b003-52a3ec9766bb', 'usr_35');
INSERT INTO trabalho.usuario VALUES ('usr_36', '36_Alice45@bol.com.br', 'Alice Braga', 'female', 22, 'password', 'Sri Lanka');
INSERT INTO trabalho.usuario_esta_inscrito_no_podcast VALUES (2, 'af46a958-b921-47b6-9f87-5c4fdc68ea79', 'usr_36');
INSERT INTO trabalho.comentarios_podcast_usuario VALUES ('comment_36', 'Explicabo beatae impedit sed.', 'af46a958-b921-47b6-9f87-5c4fdc68ea79', 'usr_36');
INSERT INTO trabalho.usuario VALUES ('usr_37', '37_Elo_Oliveira22@hotmail.com', 'Eloá Oliveira', 'female', 12, 'password', 'Fiji');
INSERT INTO trabalho.usuario_esta_inscrito_no_podcast VALUES (1, 'f8e13774-d631-4f34-93f0-2f5d55590265', 'usr_37');
INSERT INTO trabalho.comentarios_podcast_usuario VALUES ('comment_37', 'Aut rerum modi rerum fugiat aut.', 'f8e13774-d631-4f34-93f0-2f5d55590265', 'usr_37');
INSERT INTO trabalho.usuario VALUES ('usr_38', '38_Enzo68@bol.com.br', 'Enzo Pereira', 'male', 22, 'password', 'Alemanha');
INSERT INTO trabalho.usuario_esta_inscrito_no_podcast VALUES (3, '168c1536-4c42-4b8f-8c77-f06affefec6a', 'usr_38');
INSERT INTO trabalho.comentarios_podcast_usuario VALUES ('comment_38', 'Maxime reiciendis reprehenderit.', '168c1536-4c42-4b8f-8c77-f06affefec6a', 'usr_38');
INSERT INTO trabalho.usuario VALUES ('usr_39', '39_Nicolas_Costa@live.com', 'Nicolas Costa', 'male', 50, 'password', 'Montserrat');
INSERT INTO trabalho.usuario_esta_inscrito_no_podcast VALUES (5, 'bc8dac25-793c-4a96-aafc-4ea7020f4f60', 'usr_39');
INSERT INTO trabalho.comentarios_podcast_usuario VALUES ('comment_39', 'Velit deleniti alias explicabo voluptatem dolorem magni ut impedit.', 'bc8dac25-793c-4a96-aafc-4ea7020f4f60', 'usr_39');
INSERT INTO trabalho.usuario VALUES ('usr_40', '40_Lorena.Carvalho83@yahoo.com', 'Lorena Carvalho', 'female', 49, 'password', 'Gana');
INSERT INTO trabalho.usuario_esta_inscrito_no_podcast VALUES (4, '219328a1-cec6-4e8c-b003-52a3ec9766bb', 'usr_40');
INSERT INTO trabalho.comentarios_podcast_usuario VALUES ('comment_40', 'Et quisquam quia eligendi vel.', '219328a1-cec6-4e8c-b003-52a3ec9766bb', 'usr_40');
INSERT INTO trabalho.usuario VALUES ('usr_41', '41_Yago62@hotmail.com', 'Yago Xavier', 'male', 55, 'password', 'Indonésia');
INSERT INTO trabalho.usuario_esta_inscrito_no_podcast VALUES (0, 'fa3abe16-3645-4d22-a01d-893e6f20c408', 'usr_41');
INSERT INTO trabalho.comentarios_podcast_usuario VALUES ('comment_41', 'Ut accusamus veniam ipsa enim earum quasi.', 'fa3abe16-3645-4d22-a01d-893e6f20c408', 'usr_41');
INSERT INTO trabalho.usuario VALUES ('usr_42', '42_Sarah.Reis@bol.com.br', 'Sarah Reis', 'female', 7, 'password', 'Vaticano');
INSERT INTO trabalho.usuario_esta_inscrito_no_podcast VALUES (2, '168c1536-4c42-4b8f-8c77-f06affefec6a', 'usr_42');
INSERT INTO trabalho.comentarios_podcast_usuario VALUES ('comment_42', 'Molestiae rerum est nobis animi.', '168c1536-4c42-4b8f-8c77-f06affefec6a', 'usr_42');
INSERT INTO trabalho.usuario VALUES ('usr_43', '43_Morgana47@live.com', 'Morgana Martins', 'female', 53, 'password', 'Líbano');
INSERT INTO trabalho.usuario_esta_inscrito_no_podcast VALUES (0, 'b553d865-8fe2-47de-9a30-10e1dea3bd1d', 'usr_43');
INSERT INTO trabalho.comentarios_podcast_usuario VALUES ('comment_43', 'Sequi qui quod quam est ad dolores facere ea.', 'b553d865-8fe2-47de-9a30-10e1dea3bd1d', 'usr_43');
INSERT INTO trabalho.usuario VALUES ('usr_44', '44_Antonella_Souza@hotmail.com', 'Antonella Souza', 'female', 55, 'password', 'Austrália');
INSERT INTO trabalho.usuario_esta_inscrito_no_podcast VALUES (4, '219328a1-cec6-4e8c-b003-52a3ec9766bb', 'usr_44');
INSERT INTO trabalho.comentarios_podcast_usuario VALUES ('comment_44', 'Inventore nesciunt assumenda nesciunt quo hic perferendis reprehenderit.', '219328a1-cec6-4e8c-b003-52a3ec9766bb', 'usr_44');
INSERT INTO trabalho.usuario VALUES ('usr_45', '45_Marli_Xavier@bol.com.br', 'Marli Xavier', 'female', 27, 'password', 'Suíça');
INSERT INTO trabalho.usuario_esta_inscrito_no_podcast VALUES (5, '219328a1-cec6-4e8c-b003-52a3ec9766bb', 'usr_45');
INSERT INTO trabalho.comentarios_podcast_usuario VALUES ('comment_45', 'Quia in in nihil nemo vitae aperiam reprehenderit praesentium.', '219328a1-cec6-4e8c-b003-52a3ec9766bb', 'usr_45');
INSERT INTO trabalho.usuario VALUES ('usr_46', '46_Bryan6@live.com', 'Bryan Carvalho', 'male', 22, 'password', 'Santa Helena');
INSERT INTO trabalho.usuario_esta_inscrito_no_podcast VALUES (1, '168c1536-4c42-4b8f-8c77-f06affefec6a', 'usr_46');
INSERT INTO trabalho.comentarios_podcast_usuario VALUES ('comment_46', 'Ut ipsum placeat aliquam qui qui.', '168c1536-4c42-4b8f-8c77-f06affefec6a', 'usr_46');
INSERT INTO trabalho.usuario VALUES ('usr_47', '47_Carlos.Moraes@gmail.com', 'Carlos Moraes', 'male', 12, 'password', 'Ucrânia');
INSERT INTO trabalho.usuario_esta_inscrito_no_podcast VALUES (1, 'bc8dac25-793c-4a96-aafc-4ea7020f4f60', 'usr_47');
INSERT INTO trabalho.comentarios_podcast_usuario VALUES ('comment_47', 'Ut sapiente cum aspernatur perferendis sapiente doloribus corrupti.', 'bc8dac25-793c-4a96-aafc-4ea7020f4f60', 'usr_47');
INSERT INTO trabalho.usuario VALUES ('usr_48', '48_Karla.Franco46@yahoo.com', 'Karla Franco', 'female', 45, 'password', 'Namibia');
INSERT INTO trabalho.usuario_esta_inscrito_no_podcast VALUES (4, 'f0166bd2-8e4d-4308-b5d7-0b3d627c5dc5', 'usr_48');
INSERT INTO trabalho.comentarios_podcast_usuario VALUES ('comment_48', 'Numquam optio ab.', 'f0166bd2-8e4d-4308-b5d7-0b3d627c5dc5', 'usr_48');
INSERT INTO trabalho.usuario VALUES ('usr_49', '49_Isabelly78@yahoo.com', 'Isabelly Saraiva', 'female', 22, 'password', 'Afeganistão');
INSERT INTO trabalho.usuario_esta_inscrito_no_podcast VALUES (0, 'b553d865-8fe2-47de-9a30-10e1dea3bd1d', 'usr_49');
INSERT INTO trabalho.comentarios_podcast_usuario VALUES ('comment_49', 'Qui laboriosam accusamus quod sit doloremque consequuntur.', 'b553d865-8fe2-47de-9a30-10e1dea3bd1d', 'usr_49');
INSERT INTO trabalho.usuario VALUES ('usr_50', '50_Pablo.Oliveira@live.com', 'Pablo Oliveira', 'male', 53, 'password', 'Turcomenistão');
INSERT INTO trabalho.usuario_esta_inscrito_no_podcast VALUES (3, 'af46a958-b921-47b6-9f87-5c4fdc68ea79', 'usr_50');
INSERT INTO trabalho.comentarios_podcast_usuario VALUES ('comment_50', 'Sit quam laborum.', 'af46a958-b921-47b6-9f87-5c4fdc68ea79', 'usr_50');
INSERT INTO trabalho.usuario VALUES ('usr_51', '51_Gbio.Pereira91@yahoo.com', 'Gúbio Pereira', 'male', 4, 'password', 'Trinidad e Tobago');
INSERT INTO trabalho.usuario_esta_inscrito_no_podcast VALUES (2, 'af46a958-b921-47b6-9f87-5c4fdc68ea79', 'usr_51');
INSERT INTO trabalho.comentarios_podcast_usuario VALUES ('comment_51', 'Qui est voluptas et dolor debitis nesciunt.', 'af46a958-b921-47b6-9f87-5c4fdc68ea79', 'usr_51');
INSERT INTO trabalho.usuario VALUES ('usr_52', '52_Isis53@gmail.com', 'Isis Carvalho', 'female', 1, 'password', 'Quênia');
INSERT INTO trabalho.usuario_esta_inscrito_no_podcast VALUES (1, 'f8e13774-d631-4f34-93f0-2f5d55590265', 'usr_52');
INSERT INTO trabalho.comentarios_podcast_usuario VALUES ('comment_52', 'Eum aut est aperiam doloribus eos sunt.', 'f8e13774-d631-4f34-93f0-2f5d55590265', 'usr_52');
INSERT INTO trabalho.usuario VALUES ('usr_53', '53_Carla.Moreira@live.com', 'Carla Moreira', 'female', 13, 'password', 'Nova Caledonia');
INSERT INTO trabalho.usuario_esta_inscrito_no_podcast VALUES (1, 'af46a958-b921-47b6-9f87-5c4fdc68ea79', 'usr_53');
INSERT INTO trabalho.comentarios_podcast_usuario VALUES ('comment_53', 'Repudiandae eos quo labore.', 'af46a958-b921-47b6-9f87-5c4fdc68ea79', 'usr_53');
INSERT INTO trabalho.usuario VALUES ('usr_54', '54_Lara.Braga0@yahoo.com', 'Lara Braga', 'female', 51, 'password', 'França');
INSERT INTO trabalho.usuario_esta_inscrito_no_podcast VALUES (2, 'bc8dac25-793c-4a96-aafc-4ea7020f4f60', 'usr_54');
INSERT INTO trabalho.comentarios_podcast_usuario VALUES ('comment_54', 'Et delectus similique pariatur facilis repellat corrupti quaerat.', 'bc8dac25-793c-4a96-aafc-4ea7020f4f60', 'usr_54');
INSERT INTO trabalho.usuario VALUES ('usr_55', '55_MariaEduarda.Barros46@bol.com.br', 'Maria Eduarda Barros', 'female', 22, 'password', 'Malásia');
INSERT INTO trabalho.usuario_esta_inscrito_no_podcast VALUES (0, 'f8e13774-d631-4f34-93f0-2f5d55590265', 'usr_55');
INSERT INTO trabalho.comentarios_podcast_usuario VALUES ('comment_55', 'Veniam culpa reiciendis voluptatem accusantium exercitationem.', 'f8e13774-d631-4f34-93f0-2f5d55590265', 'usr_55');
INSERT INTO trabalho.usuario VALUES ('usr_56', '56_Vitria28@gmail.com', 'Vitória Saraiva', 'female', 47, 'password', 'Malta');
INSERT INTO trabalho.usuario_esta_inscrito_no_podcast VALUES (1, 'f8e13774-d631-4f34-93f0-2f5d55590265', 'usr_56');
INSERT INTO trabalho.comentarios_podcast_usuario VALUES ('comment_56', 'Tempora vel culpa placeat recusandae vitae.', 'f8e13774-d631-4f34-93f0-2f5d55590265', 'usr_56');
INSERT INTO trabalho.usuario VALUES ('usr_57', '57_Nbia.Melo32@live.com', 'Núbia Melo', 'female', 46, 'password', 'Eslováquia');
INSERT INTO trabalho.usuario_esta_inscrito_no_podcast VALUES (0, '7e429e8e-7669-403d-bb78-3cd7f9f75afd', 'usr_57');
INSERT INTO trabalho.comentarios_podcast_usuario VALUES ('comment_57', 'Assumenda nam illum ut reprehenderit vel voluptatem temporibus sapiente est.', '7e429e8e-7669-403d-bb78-3cd7f9f75afd', 'usr_57');
INSERT INTO trabalho.usuario VALUES ('usr_58', '58_Ceclia.Carvalho63@live.com', 'Cecília Carvalho', 'female', 22, 'password', 'Guernesey');
INSERT INTO trabalho.usuario_esta_inscrito_no_podcast VALUES (4, 'b553d865-8fe2-47de-9a30-10e1dea3bd1d', 'usr_58');
INSERT INTO trabalho.comentarios_podcast_usuario VALUES ('comment_58', 'Excepturi maxime beatae quis laboriosam aut quibusdam enim harum.', 'b553d865-8fe2-47de-9a30-10e1dea3bd1d', 'usr_58');
INSERT INTO trabalho.usuario VALUES ('usr_59', '59_Gbio_Braga88@bol.com.br', 'Gúbio Braga', 'male', 29, 'password', 'Peru');
INSERT INTO trabalho.usuario_esta_inscrito_no_podcast VALUES (3, 'c58b280a-56d4-4ad8-8c85-730e4ea86361', 'usr_59');
INSERT INTO trabalho.comentarios_podcast_usuario VALUES ('comment_59', 'At explicabo commodi consequatur aperiam ut labore sit quasi officia.', 'c58b280a-56d4-4ad8-8c85-730e4ea86361', 'usr_59');
INSERT INTO trabalho.usuario VALUES ('usr_60', '60_Eduarda.Carvalho@bol.com.br', 'Eduarda Carvalho', 'female', 9, 'password', 'Qatar');
INSERT INTO trabalho.usuario_esta_inscrito_no_podcast VALUES (3, 'af46a958-b921-47b6-9f87-5c4fdc68ea79', 'usr_60');
INSERT INTO trabalho.comentarios_podcast_usuario VALUES ('comment_60', 'Atque ut ut rerum sed modi.', 'af46a958-b921-47b6-9f87-5c4fdc68ea79', 'usr_60');
INSERT INTO trabalho.usuario VALUES ('usr_61', '61_Pietro61@yahoo.com', 'Pietro Costa', 'male', 29, 'password', 'San Marino');
INSERT INTO trabalho.usuario_esta_inscrito_no_podcast VALUES (0, '5bdf7377-8330-4f9f-8efd-e95301c122ce', 'usr_61');
INSERT INTO trabalho.comentarios_podcast_usuario VALUES ('comment_61', 'Et voluptates numquam labore et nesciunt itaque expedita.', '5bdf7377-8330-4f9f-8efd-e95301c122ce', 'usr_61');
INSERT INTO trabalho.usuario VALUES ('usr_62', '62_Fabrcia59@gmail.com', 'Fabrícia Barros', 'female', 2, 'password', 'Etiópia');
INSERT INTO trabalho.usuario_esta_inscrito_no_podcast VALUES (5, '7e429e8e-7669-403d-bb78-3cd7f9f75afd', 'usr_62');
INSERT INTO trabalho.comentarios_podcast_usuario VALUES ('comment_62', 'Et illum minus.', '7e429e8e-7669-403d-bb78-3cd7f9f75afd', 'usr_62');
INSERT INTO trabalho.usuario VALUES ('usr_63', '63_Gael_Moraes41@live.com', 'Gael Moraes', 'male', 38, 'password', 'República Dominicana');
INSERT INTO trabalho.usuario_esta_inscrito_no_podcast VALUES (1, '7e429e8e-7669-403d-bb78-3cd7f9f75afd', 'usr_63');
INSERT INTO trabalho.comentarios_podcast_usuario VALUES ('comment_63', 'Ullam eum natus sunt ducimus eos.', '7e429e8e-7669-403d-bb78-3cd7f9f75afd', 'usr_63');
INSERT INTO trabalho.usuario VALUES ('usr_64', '64_Sulen92@hotmail.com', 'Suélen Xavier', 'female', 9, 'password', 'Suécia');
INSERT INTO trabalho.usuario_esta_inscrito_no_podcast VALUES (2, '219328a1-cec6-4e8c-b003-52a3ec9766bb', 'usr_64');
INSERT INTO trabalho.comentarios_podcast_usuario VALUES ('comment_64', 'Cum voluptas est aperiam quo earum voluptas voluptatibus et.', '219328a1-cec6-4e8c-b003-52a3ec9766bb', 'usr_64');
INSERT INTO trabalho.usuario VALUES ('usr_65', '65_Lara.Albuquerque@hotmail.com', 'Lara Albuquerque', 'female', 19, 'password', 'Lituânia');
INSERT INTO trabalho.usuario_esta_inscrito_no_podcast VALUES (4, '5bdf7377-8330-4f9f-8efd-e95301c122ce', 'usr_65');
INSERT INTO trabalho.comentarios_podcast_usuario VALUES ('comment_65', 'Magni eligendi vitae fugit eum soluta aut quia harum.', '5bdf7377-8330-4f9f-8efd-e95301c122ce', 'usr_65');
INSERT INTO trabalho.usuario VALUES ('usr_66', '66_Mrcia_Xavier@bol.com.br', 'Mércia Xavier', 'female', 31, 'password', 'Haiti');
INSERT INTO trabalho.usuario_esta_inscrito_no_podcast VALUES (1, 'af46a958-b921-47b6-9f87-5c4fdc68ea79', 'usr_66');
INSERT INTO trabalho.comentarios_podcast_usuario VALUES ('comment_66', 'Fugit quam enim quia accusamus voluptatibus a voluptatum.', 'af46a958-b921-47b6-9f87-5c4fdc68ea79', 'usr_66');
INSERT INTO trabalho.usuario VALUES ('usr_67', '67_DaviLucca93@gmail.com', 'Davi Lucca Silva', 'male', 47, 'password', 'Qatar');
INSERT INTO trabalho.usuario_esta_inscrito_no_podcast VALUES (0, 'de2f0ddb-9903-436a-a5e2-54224254c818', 'usr_67');
INSERT INTO trabalho.comentarios_podcast_usuario VALUES ('comment_67', 'Consectetur nihil quis ea impedit quisquam ex.', 'de2f0ddb-9903-436a-a5e2-54224254c818', 'usr_67');
INSERT INTO trabalho.usuario VALUES ('usr_68', '68_Joana.Carvalho@bol.com.br', 'Joana Carvalho', 'female', 54, 'password', 'Palau');
INSERT INTO trabalho.usuario_esta_inscrito_no_podcast VALUES (5, 'f0166bd2-8e4d-4308-b5d7-0b3d627c5dc5', 'usr_68');
INSERT INTO trabalho.comentarios_podcast_usuario VALUES ('comment_68', 'Optio explicabo quidem.', 'f0166bd2-8e4d-4308-b5d7-0b3d627c5dc5', 'usr_68');
INSERT INTO trabalho.usuario VALUES ('usr_69', '69_Feliciano.Moreira52@hotmail.com', 'Feliciano Moreira', 'male', 38, 'password', 'Belize');
INSERT INTO trabalho.usuario_esta_inscrito_no_podcast VALUES (5, 'b553d865-8fe2-47de-9a30-10e1dea3bd1d', 'usr_69');
INSERT INTO trabalho.comentarios_podcast_usuario VALUES ('comment_69', 'Odit consequuntur aperiam recusandae nesciunt saepe totam sit veniam.', 'b553d865-8fe2-47de-9a30-10e1dea3bd1d', 'usr_69');
INSERT INTO trabalho.usuario VALUES ('usr_70', '70_Paula_Barros73@live.com', 'Paula Barros', 'female', 45, 'password', 'Hungria');
INSERT INTO trabalho.usuario_esta_inscrito_no_podcast VALUES (0, 'c58b280a-56d4-4ad8-8c85-730e4ea86361', 'usr_70');
INSERT INTO trabalho.comentarios_podcast_usuario VALUES ('comment_70', 'Vel doloremque aut quod aut est sequi consequatur.', 'c58b280a-56d4-4ad8-8c85-730e4ea86361', 'usr_70');
INSERT INTO trabalho.usuario VALUES ('usr_71', '71_Isabel.Xavier@hotmail.com', 'Isabel Xavier', 'female', 35, 'password', 'Antilhas Holandesas');
INSERT INTO trabalho.usuario_esta_inscrito_no_podcast VALUES (5, 'af46a958-b921-47b6-9f87-5c4fdc68ea79', 'usr_71');
INSERT INTO trabalho.comentarios_podcast_usuario VALUES ('comment_71', 'Illo officiis nostrum et incidunt aut dolorem rerum sunt aperiam.', 'af46a958-b921-47b6-9f87-5c4fdc68ea79', 'usr_71');
INSERT INTO trabalho.usuario VALUES ('usr_72', '72_Marcela48@gmail.com', 'Marcela Batista', 'female', 31, 'password', 'Groelândia');
INSERT INTO trabalho.usuario_esta_inscrito_no_podcast VALUES (3, 'b553d865-8fe2-47de-9a30-10e1dea3bd1d', 'usr_72');
INSERT INTO trabalho.comentarios_podcast_usuario VALUES ('comment_72', 'Cum non aut iure quas.', 'b553d865-8fe2-47de-9a30-10e1dea3bd1d', 'usr_72');
INSERT INTO trabalho.usuario VALUES ('usr_73', '73_Alice_Xavier50@live.com', 'Alice Xavier', 'female', 37, 'password', 'Libéria');
INSERT INTO trabalho.usuario_esta_inscrito_no_podcast VALUES (3, 'f0166bd2-8e4d-4308-b5d7-0b3d627c5dc5', 'usr_73');
INSERT INTO trabalho.comentarios_podcast_usuario VALUES ('comment_73', 'Enim aliquam eum similique velit veniam sunt.', 'f0166bd2-8e4d-4308-b5d7-0b3d627c5dc5', 'usr_73');
INSERT INTO trabalho.usuario VALUES ('usr_74', '74_Helena38@hotmail.com', 'Helena Albuquerque', 'female', 6, 'password', 'Tonga');
INSERT INTO trabalho.usuario_esta_inscrito_no_podcast VALUES (1, 'bc8dac25-793c-4a96-aafc-4ea7020f4f60', 'usr_74');
INSERT INTO trabalho.comentarios_podcast_usuario VALUES ('comment_74', 'Minus expedita asperiores laboriosam laboriosam repellendus.', 'bc8dac25-793c-4a96-aafc-4ea7020f4f60', 'usr_74');
INSERT INTO trabalho.usuario VALUES ('usr_75', '75_Eduardo.Barros57@yahoo.com', 'Eduardo Barros', 'male', 18, 'password', 'Luxemburgo');
INSERT INTO trabalho.usuario_esta_inscrito_no_podcast VALUES (4, 'f1b92ce7-47a7-43cd-8586-4a09185cdd05', 'usr_75');
INSERT INTO trabalho.comentarios_podcast_usuario VALUES ('comment_75', 'Ullam dolorem non sint velit dolores sunt nihil eligendi.', 'f1b92ce7-47a7-43cd-8586-4a09185cdd05', 'usr_75');
INSERT INTO trabalho.usuario VALUES ('usr_76', '76_MariaJlia.Martins@hotmail.com', 'Maria Júlia Martins', 'female', 50, 'password', 'São Martinho');
INSERT INTO trabalho.usuario_esta_inscrito_no_podcast VALUES (0, 'fa3abe16-3645-4d22-a01d-893e6f20c408', 'usr_76');
INSERT INTO trabalho.comentarios_podcast_usuario VALUES ('comment_76', 'Iusto modi modi.', 'fa3abe16-3645-4d22-a01d-893e6f20c408', 'usr_76');
INSERT INTO trabalho.usuario VALUES ('usr_77', '77_Frederico.Nogueira58@live.com', 'Frederico Nogueira', 'male', 39, 'password', 'Índia');
INSERT INTO trabalho.usuario_esta_inscrito_no_podcast VALUES (2, 'bc8dac25-793c-4a96-aafc-4ea7020f4f60', 'usr_77');
INSERT INTO trabalho.comentarios_podcast_usuario VALUES ('comment_77', 'Molestiae quibusdam eaque dicta.', 'bc8dac25-793c-4a96-aafc-4ea7020f4f60', 'usr_77');
INSERT INTO trabalho.usuario VALUES ('usr_78', '78_Aline68@hotmail.com', 'Aline Melo', 'female', 0, 'password', 'Cazaquistão');
INSERT INTO trabalho.usuario_esta_inscrito_no_podcast VALUES (5, 'fa3abe16-3645-4d22-a01d-893e6f20c408', 'usr_78');
INSERT INTO trabalho.comentarios_podcast_usuario VALUES ('comment_78', 'Quia accusamus numquam necessitatibus iusto.', 'fa3abe16-3645-4d22-a01d-893e6f20c408', 'usr_78');
INSERT INTO trabalho.usuario VALUES ('usr_79', '79_EnzoGabriel34@hotmail.com', 'Enzo Gabriel Xavier', 'male', 27, 'password', 'Áustria');
INSERT INTO trabalho.usuario_esta_inscrito_no_podcast VALUES (5, 'bc8dac25-793c-4a96-aafc-4ea7020f4f60', 'usr_79');
INSERT INTO trabalho.comentarios_podcast_usuario VALUES ('comment_79', 'Animi nisi voluptatem non quis voluptatibus.', 'bc8dac25-793c-4a96-aafc-4ea7020f4f60', 'usr_79');
INSERT INTO trabalho.usuario VALUES ('usr_80', '80_Morgana24@bol.com.br', 'Morgana Souza', 'female', 15, 'password', 'Argentina');
INSERT INTO trabalho.usuario_esta_inscrito_no_podcast VALUES (0, 'c58b280a-56d4-4ad8-8c85-730e4ea86361', 'usr_80');
INSERT INTO trabalho.comentarios_podcast_usuario VALUES ('comment_80', 'Praesentium enim commodi deserunt et quis quia error.', 'c58b280a-56d4-4ad8-8c85-730e4ea86361', 'usr_80');
INSERT INTO trabalho.usuario VALUES ('usr_81', '81_Yuri64@hotmail.com', 'Yuri Carvalho', 'male', 25, 'password', 'Azerbaijão');
INSERT INTO trabalho.usuario_esta_inscrito_no_podcast VALUES (2, 'bc8dac25-793c-4a96-aafc-4ea7020f4f60', 'usr_81');
INSERT INTO trabalho.comentarios_podcast_usuario VALUES ('comment_81', 'Totam aliquam qui dolores porro.', 'bc8dac25-793c-4a96-aafc-4ea7020f4f60', 'usr_81');
INSERT INTO trabalho.usuario VALUES ('usr_82', '82_Arthur_Franco@hotmail.com', 'Arthur Franco', 'male', 36, 'password', 'Marrocos');
INSERT INTO trabalho.usuario_esta_inscrito_no_podcast VALUES (2, 'de2f0ddb-9903-436a-a5e2-54224254c818', 'usr_82');
INSERT INTO trabalho.comentarios_podcast_usuario VALUES ('comment_82', 'In maxime accusamus at vitae.', 'de2f0ddb-9903-436a-a5e2-54224254c818', 'usr_82');
INSERT INTO trabalho.usuario VALUES ('usr_83', '83_Vitria_Xavier8@gmail.com', 'Vitória Xavier', 'female', 12, 'password', 'Filipinas');
INSERT INTO trabalho.usuario_esta_inscrito_no_podcast VALUES (1, 'b553d865-8fe2-47de-9a30-10e1dea3bd1d', 'usr_83');
INSERT INTO trabalho.comentarios_podcast_usuario VALUES ('comment_83', 'Aut accusamus ducimus eligendi possimus rerum quis quisquam.', 'b553d865-8fe2-47de-9a30-10e1dea3bd1d', 'usr_83');
INSERT INTO trabalho.usuario VALUES ('usr_84', '84_Roberto.Silva36@live.com', 'Roberto Silva', 'male', 12, 'password', 'Hungria');
INSERT INTO trabalho.usuario_esta_inscrito_no_podcast VALUES (4, '5bdf7377-8330-4f9f-8efd-e95301c122ce', 'usr_84');
INSERT INTO trabalho.comentarios_podcast_usuario VALUES ('comment_84', 'Qui laudantium eaque quisquam dolore.', '5bdf7377-8330-4f9f-8efd-e95301c122ce', 'usr_84');
INSERT INTO trabalho.usuario VALUES ('usr_85', '85_Warley_Xavier24@live.com', 'Warley Xavier', 'male', 1, 'password', 'Serra Leoa');
INSERT INTO trabalho.usuario_esta_inscrito_no_podcast VALUES (2, 'af46a958-b921-47b6-9f87-5c4fdc68ea79', 'usr_85');
INSERT INTO trabalho.comentarios_podcast_usuario VALUES ('comment_85', 'Ducimus consequatur voluptatum praesentium modi quisquam qui dolor.', 'af46a958-b921-47b6-9f87-5c4fdc68ea79', 'usr_85');
INSERT INTO trabalho.usuario VALUES ('usr_86', '86_Eduarda_Souza6@live.com', 'Eduarda Souza', 'female', 34, 'password', 'Granada');
INSERT INTO trabalho.usuario_esta_inscrito_no_podcast VALUES (0, 'fa3abe16-3645-4d22-a01d-893e6f20c408', 'usr_86');
INSERT INTO trabalho.comentarios_podcast_usuario VALUES ('comment_86', 'Unde hic ut in ut sint.', 'fa3abe16-3645-4d22-a01d-893e6f20c408', 'usr_86');
INSERT INTO trabalho.usuario VALUES ('usr_87', '87_Lvia_Moraes5@live.com', 'Lívia Moraes', 'female', 49, 'password', 'Bangladesh');
INSERT INTO trabalho.usuario_esta_inscrito_no_podcast VALUES (1, 'fa3abe16-3645-4d22-a01d-893e6f20c408', 'usr_87');
INSERT INTO trabalho.comentarios_podcast_usuario VALUES ('comment_87', 'Aut quis dolor explicabo sit.', 'fa3abe16-3645-4d22-a01d-893e6f20c408', 'usr_87');
INSERT INTO trabalho.usuario VALUES ('usr_88', '88_Clara.Melo@hotmail.com', 'Clara Melo', 'female', 0, 'password', 'Tajiquistão');
INSERT INTO trabalho.usuario_esta_inscrito_no_podcast VALUES (5, '7e429e8e-7669-403d-bb78-3cd7f9f75afd', 'usr_88');
INSERT INTO trabalho.comentarios_podcast_usuario VALUES ('comment_88', 'Nemo inventore tenetur placeat dicta.', '7e429e8e-7669-403d-bb78-3cd7f9f75afd', 'usr_88');
INSERT INTO trabalho.usuario VALUES ('usr_89', '89_Vitria_Xavier10@hotmail.com', 'Vitória Xavier', 'female', 48, 'password', 'Niue');
INSERT INTO trabalho.usuario_esta_inscrito_no_podcast VALUES (1, '7e429e8e-7669-403d-bb78-3cd7f9f75afd', 'usr_89');
INSERT INTO trabalho.comentarios_podcast_usuario VALUES ('comment_89', 'Incidunt voluptatum sed cumque consequuntur voluptas amet.', '7e429e8e-7669-403d-bb78-3cd7f9f75afd', 'usr_89');
INSERT INTO trabalho.usuario VALUES ('usr_90', '90_Heitor.Albuquerque@live.com', 'Heitor Albuquerque', 'male', 44, 'password', 'Montserrat');
INSERT INTO trabalho.usuario_esta_inscrito_no_podcast VALUES (1, 'bc8dac25-793c-4a96-aafc-4ea7020f4f60', 'usr_90');
INSERT INTO trabalho.comentarios_podcast_usuario VALUES ('comment_90', 'Laboriosam quia harum ullam ipsa officia ipsam molestias expedita qui.', 'bc8dac25-793c-4a96-aafc-4ea7020f4f60', 'usr_90');
INSERT INTO trabalho.usuario VALUES ('usr_91', '91_MariaEduarda17@live.com', 'Maria Eduarda Silva', 'female', 20, 'password', 'Sérvia');
INSERT INTO trabalho.usuario_esta_inscrito_no_podcast VALUES (2, '5bdf7377-8330-4f9f-8efd-e95301c122ce', 'usr_91');
INSERT INTO trabalho.comentarios_podcast_usuario VALUES ('comment_91', 'Sed quo aut minima soluta reiciendis.', '5bdf7377-8330-4f9f-8efd-e95301c122ce', 'usr_91');
INSERT INTO trabalho.usuario VALUES ('usr_92', '92_Deneval_Albuquerque@bol.com.br', 'Deneval Albuquerque', 'male', 47, 'password', 'Dominica');
INSERT INTO trabalho.usuario_esta_inscrito_no_podcast VALUES (2, '5bdf7377-8330-4f9f-8efd-e95301c122ce', 'usr_92');
INSERT INTO trabalho.comentarios_podcast_usuario VALUES ('comment_92', 'Omnis recusandae ipsum numquam dolores rerum impedit eos architecto nihil.', '5bdf7377-8330-4f9f-8efd-e95301c122ce', 'usr_92');
INSERT INTO trabalho.usuario VALUES ('usr_93', '93_MariaLuiza_Carvalho@hotmail.com', 'Maria Luiza Carvalho', 'female', 40, 'password', 'Algéria');
INSERT INTO trabalho.usuario_esta_inscrito_no_podcast VALUES (5, 'f8e13774-d631-4f34-93f0-2f5d55590265', 'usr_93');
INSERT INTO trabalho.comentarios_podcast_usuario VALUES ('comment_93', 'Esse qui distinctio voluptatem vel sed quos odit.', 'f8e13774-d631-4f34-93f0-2f5d55590265', 'usr_93');
INSERT INTO trabalho.usuario VALUES ('usr_94', '94_MariaHelena.Martins94@bol.com.br', 'Maria Helena Martins', 'female', 48, 'password', 'Granada');
INSERT INTO trabalho.usuario_esta_inscrito_no_podcast VALUES (1, 'f1b92ce7-47a7-43cd-8586-4a09185cdd05', 'usr_94');
INSERT INTO trabalho.comentarios_podcast_usuario VALUES ('comment_94', 'Aliquid earum odio eius veritatis quas mollitia perferendis.', 'f1b92ce7-47a7-43cd-8586-4a09185cdd05', 'usr_94');
INSERT INTO trabalho.usuario VALUES ('usr_95', '95_Fabrcio.Carvalho90@live.com', 'Fabrício Carvalho', 'male', 24, 'password', 'República Dominicana');
INSERT INTO trabalho.usuario_esta_inscrito_no_podcast VALUES (3, 'af46a958-b921-47b6-9f87-5c4fdc68ea79', 'usr_95');
INSERT INTO trabalho.comentarios_podcast_usuario VALUES ('comment_95', 'Non laudantium modi commodi itaque.', 'af46a958-b921-47b6-9f87-5c4fdc68ea79', 'usr_95');
INSERT INTO trabalho.usuario VALUES ('usr_96', '96_Melissa_Albuquerque33@bol.com.br', 'Melissa Albuquerque', 'female', 2, 'password', 'Nova Caledonia');
INSERT INTO trabalho.usuario_esta_inscrito_no_podcast VALUES (0, 'bc8dac25-793c-4a96-aafc-4ea7020f4f60', 'usr_96');
INSERT INTO trabalho.comentarios_podcast_usuario VALUES ('comment_96', 'Earum dolorum commodi qui officia sed dignissimos.', 'bc8dac25-793c-4a96-aafc-4ea7020f4f60', 'usr_96');
INSERT INTO trabalho.usuario VALUES ('usr_97', '97_Yasmin_Costa51@gmail.com', 'Yasmin Costa', 'female', 53, 'password', 'Maldives');
INSERT INTO trabalho.usuario_esta_inscrito_no_podcast VALUES (0, 'fa3abe16-3645-4d22-a01d-893e6f20c408', 'usr_97');
INSERT INTO trabalho.comentarios_podcast_usuario VALUES ('comment_97', 'Earum officiis eaque ex voluptatibus ut quasi voluptate.', 'fa3abe16-3645-4d22-a01d-893e6f20c408', 'usr_97');
INSERT INTO trabalho.usuario VALUES ('usr_98', '98_Fabiano_Braga@live.com', 'Fabiano Braga', 'male', 23, 'password', 'República da África Central');
INSERT INTO trabalho.usuario_esta_inscrito_no_podcast VALUES (3, 'bc8dac25-793c-4a96-aafc-4ea7020f4f60', 'usr_98');
INSERT INTO trabalho.comentarios_podcast_usuario VALUES ('comment_98', 'Non non esse dolor eum.', 'bc8dac25-793c-4a96-aafc-4ea7020f4f60', 'usr_98');
INSERT INTO trabalho.usuario VALUES ('usr_99', '99_Guilherme.Franco94@yahoo.com', 'Guilherme Franco', 'male', 44, 'password', 'França');
INSERT INTO trabalho.usuario_esta_inscrito_no_podcast VALUES (1, 'f0166bd2-8e4d-4308-b5d7-0b3d627c5dc5', 'usr_99');
INSERT INTO trabalho.comentarios_podcast_usuario VALUES ('comment_99', 'Est nam repellendus accusamus ea est voluptatum atque.', 'f0166bd2-8e4d-4308-b5d7-0b3d627c5dc5', 'usr_99');
INSERT INTO trabalho.usuario VALUES ('usr_100', '100_Bencio.Costa@bol.com.br', 'Benício Costa', 'male', 17, 'password', 'Maldives');
INSERT INTO trabalho.usuario_esta_inscrito_no_podcast VALUES (3, 'b553d865-8fe2-47de-9a30-10e1dea3bd1d', 'usr_100');
INSERT INTO trabalho.comentarios_podcast_usuario VALUES ('comment_100', 'Impedit reiciendis neque explicabo dolor iure.', 'b553d865-8fe2-47de-9a30-10e1dea3bd1d', 'usr_100');
INSERT INTO trabalho.usuario VALUES ('usr_101', '101_Margarida26@yahoo.com', 'Margarida Oliveira', 'female', 44, 'password', 'Namibia');
INSERT INTO trabalho.usuario_esta_inscrito_no_podcast VALUES (3, 'fa3abe16-3645-4d22-a01d-893e6f20c408', 'usr_101');
INSERT INTO trabalho.comentarios_podcast_usuario VALUES ('comment_101', 'Aut sed veritatis consectetur nihil.', 'fa3abe16-3645-4d22-a01d-893e6f20c408', 'usr_101');
INSERT INTO trabalho.usuario VALUES ('usr_102', '102_AnaClara_Saraiva35@hotmail.com', 'Ana Clara Saraiva', 'female', 10, 'password', 'Quiribati');
INSERT INTO trabalho.usuario_esta_inscrito_no_podcast VALUES (4, '67074e68-bc2f-442b-8af2-7d328b6af6eb', 'usr_102');
INSERT INTO trabalho.comentarios_podcast_usuario VALUES ('comment_102', 'Placeat sed culpa aut facilis modi quis repellendus voluptate aliquam.', '67074e68-bc2f-442b-8af2-7d328b6af6eb', 'usr_102');
INSERT INTO trabalho.usuario VALUES ('usr_103', '103_Alcia55@live.com', 'Alícia Martins', 'female', 47, 'password', 'Chipre');
INSERT INTO trabalho.usuario_esta_inscrito_no_podcast VALUES (4, '67074e68-bc2f-442b-8af2-7d328b6af6eb', 'usr_103');
INSERT INTO trabalho.comentarios_podcast_usuario VALUES ('comment_103', 'Tenetur voluptas sit quis sunt molestiae maiores ut rerum.', '67074e68-bc2f-442b-8af2-7d328b6af6eb', 'usr_103');
INSERT INTO trabalho.usuario VALUES ('usr_104', '104_JooLucas_Xavier40@gmail.com', 'João Lucas Xavier', 'male', 1, 'password', 'Nauru');
INSERT INTO trabalho.usuario_esta_inscrito_no_podcast VALUES (4, '5bdf7377-8330-4f9f-8efd-e95301c122ce', 'usr_104');
INSERT INTO trabalho.comentarios_podcast_usuario VALUES ('comment_104', 'Quam quos deleniti ipsum.', '5bdf7377-8330-4f9f-8efd-e95301c122ce', 'usr_104');
INSERT INTO trabalho.usuario VALUES ('usr_105', '105_Antnio3@live.com', 'Antônio Pereira', 'male', 3, 'password', 'Ilhas Faroe');
INSERT INTO trabalho.usuario_esta_inscrito_no_podcast VALUES (1, 'af46a958-b921-47b6-9f87-5c4fdc68ea79', 'usr_105');
INSERT INTO trabalho.comentarios_podcast_usuario VALUES ('comment_105', 'Aut dolor totam.', 'af46a958-b921-47b6-9f87-5c4fdc68ea79', 'usr_105');
INSERT INTO trabalho.usuario VALUES ('usr_106', '106_Morgana53@gmail.com', 'Morgana Barros', 'female', 43, 'password', 'Namibia');
INSERT INTO trabalho.usuario_esta_inscrito_no_podcast VALUES (2, 'af46a958-b921-47b6-9f87-5c4fdc68ea79', 'usr_106');
INSERT INTO trabalho.comentarios_podcast_usuario VALUES ('comment_106', 'Sit omnis omnis numquam eveniet aliquam voluptatem sed autem.', 'af46a958-b921-47b6-9f87-5c4fdc68ea79', 'usr_106');
INSERT INTO trabalho.usuario VALUES ('usr_107', '107_MariaCeclia_Franco@gmail.com', 'Maria Cecília Franco', 'female', 30, 'password', 'Latvia');
INSERT INTO trabalho.usuario_esta_inscrito_no_podcast VALUES (5, 'b553d865-8fe2-47de-9a30-10e1dea3bd1d', 'usr_107');
INSERT INTO trabalho.comentarios_podcast_usuario VALUES ('comment_107', 'Rem rerum illum ut officia.', 'b553d865-8fe2-47de-9a30-10e1dea3bd1d', 'usr_107');
INSERT INTO trabalho.usuario VALUES ('usr_108', '108_Mariana.Barros@yahoo.com', 'Mariana Barros', 'female', 23, 'password', 'Quênia');
INSERT INTO trabalho.usuario_esta_inscrito_no_podcast VALUES (2, 'f1b92ce7-47a7-43cd-8586-4a09185cdd05', 'usr_108');
INSERT INTO trabalho.comentarios_podcast_usuario VALUES ('comment_108', 'Ut non officia sed molestiae fugiat ea.', 'f1b92ce7-47a7-43cd-8586-4a09185cdd05', 'usr_108');
INSERT INTO trabalho.usuario VALUES ('usr_109', '109_Breno71@hotmail.com', 'Breno Santos', 'male', 39, 'password', 'Lesoto');
INSERT INTO trabalho.usuario_esta_inscrito_no_podcast VALUES (3, 'fa3abe16-3645-4d22-a01d-893e6f20c408', 'usr_109');
INSERT INTO trabalho.comentarios_podcast_usuario VALUES ('comment_109', 'Dignissimos repudiandae sequi sint commodi sunt voluptatibus.', 'fa3abe16-3645-4d22-a01d-893e6f20c408', 'usr_109');
INSERT INTO trabalho.usuario VALUES ('usr_110', '110_Flix.Costa@bol.com.br', 'Félix Costa', 'male', 29, 'password', 'Jamaica');
INSERT INTO trabalho.usuario_esta_inscrito_no_podcast VALUES (4, 'f0166bd2-8e4d-4308-b5d7-0b3d627c5dc5', 'usr_110');
INSERT INTO trabalho.comentarios_podcast_usuario VALUES ('comment_110', 'Adipisci perspiciatis occaecati aperiam.', 'f0166bd2-8e4d-4308-b5d7-0b3d627c5dc5', 'usr_110');
INSERT INTO trabalho.usuario VALUES ('usr_111', '111_Isabela_Pereira72@gmail.com', 'Isabela Pereira', 'female', 58, 'password', 'Maiote');
INSERT INTO trabalho.usuario_esta_inscrito_no_podcast VALUES (0, 'af46a958-b921-47b6-9f87-5c4fdc68ea79', 'usr_111');
INSERT INTO trabalho.comentarios_podcast_usuario VALUES ('comment_111', 'Qui reprehenderit vel necessitatibus.', 'af46a958-b921-47b6-9f87-5c4fdc68ea79', 'usr_111');
INSERT INTO trabalho.usuario VALUES ('usr_112', '112_Gabriel24@hotmail.com', 'Gabriel Moreira', 'male', 52, 'password', 'Espanha');
INSERT INTO trabalho.usuario_esta_inscrito_no_podcast VALUES (1, '168c1536-4c42-4b8f-8c77-f06affefec6a', 'usr_112');
INSERT INTO trabalho.comentarios_podcast_usuario VALUES ('comment_112', 'Excepturi ipsa unde.', '168c1536-4c42-4b8f-8c77-f06affefec6a', 'usr_112');
INSERT INTO trabalho.usuario VALUES ('usr_113', '113_Alessandra99@bol.com.br', 'Alessandra Martins', 'female', 45, 'password', 'Ilhas Faroe');
INSERT INTO trabalho.usuario_esta_inscrito_no_podcast VALUES (1, '5bdf7377-8330-4f9f-8efd-e95301c122ce', 'usr_113');
INSERT INTO trabalho.comentarios_podcast_usuario VALUES ('comment_113', 'Nostrum consequatur pariatur.', '5bdf7377-8330-4f9f-8efd-e95301c122ce', 'usr_113');
INSERT INTO trabalho.usuario VALUES ('usr_114', '114_Gbio29@gmail.com', 'Gúbio Reis', 'male', 3, 'password', 'Síria');
INSERT INTO trabalho.usuario_esta_inscrito_no_podcast VALUES (3, 'fa3abe16-3645-4d22-a01d-893e6f20c408', 'usr_114');
INSERT INTO trabalho.comentarios_podcast_usuario VALUES ('comment_114', 'Aut et molestiae non reprehenderit et aliquam ut dicta.', 'fa3abe16-3645-4d22-a01d-893e6f20c408', 'usr_114');
INSERT INTO trabalho.usuario VALUES ('usr_115', '115_Sophia_Xavier@yahoo.com', 'Sophia Xavier', 'female', 9, 'password', 'Gabão');
INSERT INTO trabalho.usuario_esta_inscrito_no_podcast VALUES (0, '67074e68-bc2f-442b-8af2-7d328b6af6eb', 'usr_115');
INSERT INTO trabalho.comentarios_podcast_usuario VALUES ('comment_115', 'Dolore aliquam qui quo commodi quas nemo et.', '67074e68-bc2f-442b-8af2-7d328b6af6eb', 'usr_115');
INSERT INTO trabalho.usuario VALUES ('usr_116', '116_Roberta51@bol.com.br', 'Roberta Moreira', 'female', 23, 'password', 'Micronésia');
INSERT INTO trabalho.usuario_esta_inscrito_no_podcast VALUES (4, 'f0166bd2-8e4d-4308-b5d7-0b3d627c5dc5', 'usr_116');
INSERT INTO trabalho.comentarios_podcast_usuario VALUES ('comment_116', 'Vitae eligendi repellat et non officiis vitae.', 'f0166bd2-8e4d-4308-b5d7-0b3d627c5dc5', 'usr_116');
INSERT INTO trabalho.usuario VALUES ('usr_117', '117_Breno.Oliveira52@live.com', 'Breno Oliveira', 'male', 27, 'password', 'Quirguistão');
INSERT INTO trabalho.usuario_esta_inscrito_no_podcast VALUES (3, 'f1b92ce7-47a7-43cd-8586-4a09185cdd05', 'usr_117');
INSERT INTO trabalho.comentarios_podcast_usuario VALUES ('comment_117', 'Vero culpa omnis ut officiis est officia officiis ad.', 'f1b92ce7-47a7-43cd-8586-4a09185cdd05', 'usr_117');
INSERT INTO trabalho.usuario VALUES ('usr_118', '118_Emanuelly78@live.com', 'Emanuelly Reis', 'female', 54, 'password', 'Etiópia');
INSERT INTO trabalho.usuario_esta_inscrito_no_podcast VALUES (3, 'c58b280a-56d4-4ad8-8c85-730e4ea86361', 'usr_118');
INSERT INTO trabalho.comentarios_podcast_usuario VALUES ('comment_118', 'Similique et quam impedit veritatis mollitia.', 'c58b280a-56d4-4ad8-8c85-730e4ea86361', 'usr_118');
INSERT INTO trabalho.usuario VALUES ('usr_119', '119_Arthur88@gmail.com', 'Arthur Reis', 'male', 12, 'password', 'Montenegro');
INSERT INTO trabalho.usuario_esta_inscrito_no_podcast VALUES (5, 'f8e13774-d631-4f34-93f0-2f5d55590265', 'usr_119');
INSERT INTO trabalho.comentarios_podcast_usuario VALUES ('comment_119', 'Explicabo aut aut cupiditate atque qui enim molestiae.', 'f8e13774-d631-4f34-93f0-2f5d55590265', 'usr_119');
INSERT INTO trabalho.usuario VALUES ('usr_120', '120_Pedro.Macedo@bol.com.br', 'Pedro Macedo', 'male', 48, 'password', 'Ilha Bouvet');
INSERT INTO trabalho.usuario_esta_inscrito_no_podcast VALUES (1, 'de2f0ddb-9903-436a-a5e2-54224254c818', 'usr_120');
INSERT INTO trabalho.comentarios_podcast_usuario VALUES ('comment_120', 'Ipsam aut molestiae eos reprehenderit.', 'de2f0ddb-9903-436a-a5e2-54224254c818', 'usr_120');
INSERT INTO trabalho.usuario VALUES ('usr_121', '121_Isis52@live.com', 'Isis Souza', 'female', 43, 'password', 'Zimbábue');
INSERT INTO trabalho.usuario_esta_inscrito_no_podcast VALUES (2, '168c1536-4c42-4b8f-8c77-f06affefec6a', 'usr_121');
INSERT INTO trabalho.comentarios_podcast_usuario VALUES ('comment_121', 'Laborum aut ad assumenda reiciendis quam velit laboriosam iure.', '168c1536-4c42-4b8f-8c77-f06affefec6a', 'usr_121');
INSERT INTO trabalho.usuario VALUES ('usr_122', '122_Rafaela.Martins@live.com', 'Rafaela Martins', 'female', 52, 'password', 'Gabão');
INSERT INTO trabalho.usuario_esta_inscrito_no_podcast VALUES (1, '5bdf7377-8330-4f9f-8efd-e95301c122ce', 'usr_122');
INSERT INTO trabalho.comentarios_podcast_usuario VALUES ('comment_122', 'Quia ut laboriosam facere in tempora at at.', '5bdf7377-8330-4f9f-8efd-e95301c122ce', 'usr_122');
INSERT INTO trabalho.usuario VALUES ('usr_123', '123_Karla.Nogueira32@hotmail.com', 'Karla Nogueira', 'female', 42, 'password', 'Emirados Árabes Unidos');
INSERT INTO trabalho.usuario_esta_inscrito_no_podcast VALUES (2, 'f8e13774-d631-4f34-93f0-2f5d55590265', 'usr_123');
INSERT INTO trabalho.comentarios_podcast_usuario VALUES ('comment_123', 'Nisi perferendis saepe laborum soluta qui quia nam quis aut.', 'f8e13774-d631-4f34-93f0-2f5d55590265', 'usr_123');
INSERT INTO trabalho.usuario VALUES ('usr_124', '124_Yago_Saraiva@hotmail.com', 'Yago Saraiva', 'male', 32, 'password', 'El Salvador');
INSERT INTO trabalho.usuario_esta_inscrito_no_podcast VALUES (0, 'f0166bd2-8e4d-4308-b5d7-0b3d627c5dc5', 'usr_124');
INSERT INTO trabalho.comentarios_podcast_usuario VALUES ('comment_124', 'Qui quasi accusantium unde optio vel modi.', 'f0166bd2-8e4d-4308-b5d7-0b3d627c5dc5', 'usr_124');
INSERT INTO trabalho.usuario VALUES ('usr_125', '125_Yuri29@live.com', 'Yuri Albuquerque', 'male', 39, 'password', 'Algéria');
INSERT INTO trabalho.usuario_esta_inscrito_no_podcast VALUES (5, '7e429e8e-7669-403d-bb78-3cd7f9f75afd', 'usr_125');
INSERT INTO trabalho.comentarios_podcast_usuario VALUES ('comment_125', 'Dolore voluptatibus dolores saepe incidunt magni velit perspiciatis aut ut.', '7e429e8e-7669-403d-bb78-3cd7f9f75afd', 'usr_125');
INSERT INTO trabalho.usuario VALUES ('usr_126', '126_Giovanna_Saraiva33@hotmail.com', 'Giovanna Saraiva', 'female', 32, 'password', 'Canadá');
INSERT INTO trabalho.usuario_esta_inscrito_no_podcast VALUES (5, '67074e68-bc2f-442b-8af2-7d328b6af6eb', 'usr_126');
INSERT INTO trabalho.comentarios_podcast_usuario VALUES ('comment_126', 'Et voluptas porro consequatur non aut nulla corporis.', '67074e68-bc2f-442b-8af2-7d328b6af6eb', 'usr_126');
INSERT INTO trabalho.usuario VALUES ('usr_127', '127_Vitria2@gmail.com', 'Vitória Martins', 'female', 3, 'password', 'México');
INSERT INTO trabalho.usuario_esta_inscrito_no_podcast VALUES (0, '219328a1-cec6-4e8c-b003-52a3ec9766bb', 'usr_127');
INSERT INTO trabalho.comentarios_podcast_usuario VALUES ('comment_127', 'Dolorum quis vitae minus nobis.', '219328a1-cec6-4e8c-b003-52a3ec9766bb', 'usr_127');
INSERT INTO trabalho.usuario VALUES ('usr_128', '128_Sarah62@bol.com.br', 'Sarah Pereira', 'female', 10, 'password', 'Ilhas Caiman');
INSERT INTO trabalho.usuario_esta_inscrito_no_podcast VALUES (0, 'b553d865-8fe2-47de-9a30-10e1dea3bd1d', 'usr_128');
INSERT INTO trabalho.comentarios_podcast_usuario VALUES ('comment_128', 'Dolorum modi voluptatem vel id.', 'b553d865-8fe2-47de-9a30-10e1dea3bd1d', 'usr_128');
INSERT INTO trabalho.usuario VALUES ('usr_129', '129_Hlio_Nogueira@live.com', 'Hélio Nogueira', 'male', 41, 'password', 'Romênia');
INSERT INTO trabalho.usuario_esta_inscrito_no_podcast VALUES (4, '219328a1-cec6-4e8c-b003-52a3ec9766bb', 'usr_129');
INSERT INTO trabalho.comentarios_podcast_usuario VALUES ('comment_129', 'Et excepturi eius consequatur provident sequi et.', '219328a1-cec6-4e8c-b003-52a3ec9766bb', 'usr_129');
INSERT INTO trabalho.usuario VALUES ('usr_130', '130_Roberta_Souza87@yahoo.com', 'Roberta Souza', 'female', 44, 'password', 'Guernesey');
INSERT INTO trabalho.usuario_esta_inscrito_no_podcast VALUES (1, 'f1b92ce7-47a7-43cd-8586-4a09185cdd05', 'usr_130');
INSERT INTO trabalho.comentarios_podcast_usuario VALUES ('comment_130', 'Voluptatum itaque aut.', 'f1b92ce7-47a7-43cd-8586-4a09185cdd05', 'usr_130');
INSERT INTO trabalho.usuario VALUES ('usr_131', '131_DaviLucca.Barros7@bol.com.br', 'Davi Lucca Barros', 'male', 49, 'password', 'Cuba');
INSERT INTO trabalho.usuario_esta_inscrito_no_podcast VALUES (3, '67074e68-bc2f-442b-8af2-7d328b6af6eb', 'usr_131');
INSERT INTO trabalho.comentarios_podcast_usuario VALUES ('comment_131', 'Quis dolor animi expedita magnam.', '67074e68-bc2f-442b-8af2-7d328b6af6eb', 'usr_131');
INSERT INTO trabalho.usuario VALUES ('usr_132', '132_Eduarda_Braga80@gmail.com', 'Eduarda Braga', 'female', 5, 'password', 'Latvia');
INSERT INTO trabalho.usuario_esta_inscrito_no_podcast VALUES (2, '67074e68-bc2f-442b-8af2-7d328b6af6eb', 'usr_132');
INSERT INTO trabalho.comentarios_podcast_usuario VALUES ('comment_132', 'Veniam quae magni ducimus aliquid dolores voluptas non.', '67074e68-bc2f-442b-8af2-7d328b6af6eb', 'usr_132');
INSERT INTO trabalho.usuario VALUES ('usr_133', '133_Yango_Albuquerque39@bol.com.br', 'Yango Albuquerque', 'male', 3, 'password', 'Palau');
INSERT INTO trabalho.usuario_esta_inscrito_no_podcast VALUES (4, 'bc8dac25-793c-4a96-aafc-4ea7020f4f60', 'usr_133');
INSERT INTO trabalho.comentarios_podcast_usuario VALUES ('comment_133', 'Qui temporibus quia asperiores eius.', 'bc8dac25-793c-4a96-aafc-4ea7020f4f60', 'usr_133');
INSERT INTO trabalho.usuario VALUES ('usr_134', '134_Alessandra.Martins36@live.com', 'Alessandra Martins', 'female', 26, 'password', 'Afeganistão');
INSERT INTO trabalho.usuario_esta_inscrito_no_podcast VALUES (4, '7e429e8e-7669-403d-bb78-3cd7f9f75afd', 'usr_134');
INSERT INTO trabalho.comentarios_podcast_usuario VALUES ('comment_134', 'Aut autem eos qui maiores quas aperiam.', '7e429e8e-7669-403d-bb78-3cd7f9f75afd', 'usr_134');
INSERT INTO trabalho.usuario VALUES ('usr_135', '135_JooLucas.Santos@live.com', 'João Lucas Santos', 'male', 58, 'password', 'Botsuana');
INSERT INTO trabalho.usuario_esta_inscrito_no_podcast VALUES (2, 'f1b92ce7-47a7-43cd-8586-4a09185cdd05', 'usr_135');
INSERT INTO trabalho.comentarios_podcast_usuario VALUES ('comment_135', 'Expedita beatae rerum ullam magni nihil deleniti.', 'f1b92ce7-47a7-43cd-8586-4a09185cdd05', 'usr_135');
INSERT INTO trabalho.usuario VALUES ('usr_136', '136_MariaCeclia.Saraiva71@live.com', 'Maria Cecília Saraiva', 'female', 14, 'password', 'Benin');
INSERT INTO trabalho.usuario_esta_inscrito_no_podcast VALUES (0, '168c1536-4c42-4b8f-8c77-f06affefec6a', 'usr_136');
INSERT INTO trabalho.comentarios_podcast_usuario VALUES ('comment_136', 'Voluptas ex dignissimos et numquam expedita.', '168c1536-4c42-4b8f-8c77-f06affefec6a', 'usr_136');
INSERT INTO trabalho.usuario VALUES ('usr_137', '137_Fbio81@hotmail.com', 'Fábio Martins', 'male', 58, 'password', 'São Martinho');
INSERT INTO trabalho.usuario_esta_inscrito_no_podcast VALUES (5, '5bdf7377-8330-4f9f-8efd-e95301c122ce', 'usr_137');
INSERT INTO trabalho.comentarios_podcast_usuario VALUES ('comment_137', 'Enim minus minima alias praesentium.', '5bdf7377-8330-4f9f-8efd-e95301c122ce', 'usr_137');
INSERT INTO trabalho.usuario VALUES ('usr_138', '138_Ricardo_Souza71@bol.com.br', 'Ricardo Souza', 'male', 1, 'password', 'Samoa');
INSERT INTO trabalho.usuario_esta_inscrito_no_podcast VALUES (0, 'f8e13774-d631-4f34-93f0-2f5d55590265', 'usr_138');
INSERT INTO trabalho.comentarios_podcast_usuario VALUES ('comment_138', 'Dicta nemo pariatur blanditiis assumenda eligendi est.', 'f8e13774-d631-4f34-93f0-2f5d55590265', 'usr_138');
INSERT INTO trabalho.usuario VALUES ('usr_139', '139_Breno_Oliveira@live.com', 'Breno Oliveira', 'male', 5, 'password', 'Kuwait');
INSERT INTO trabalho.usuario_esta_inscrito_no_podcast VALUES (5, 'c58b280a-56d4-4ad8-8c85-730e4ea86361', 'usr_139');
INSERT INTO trabalho.comentarios_podcast_usuario VALUES ('comment_139', 'Officiis incidunt eos voluptatibus id omnis est ducimus.', 'c58b280a-56d4-4ad8-8c85-730e4ea86361', 'usr_139');
INSERT INTO trabalho.usuario VALUES ('usr_140', '140_Enzo.Batista@bol.com.br', 'Enzo Batista', 'male', 38, 'password', 'Estados Unidos da América');
INSERT INTO trabalho.usuario_esta_inscrito_no_podcast VALUES (2, 'f8e13774-d631-4f34-93f0-2f5d55590265', 'usr_140');
INSERT INTO trabalho.comentarios_podcast_usuario VALUES ('comment_140', 'Fugiat numquam soluta harum cum sint.', 'f8e13774-d631-4f34-93f0-2f5d55590265', 'usr_140');
INSERT INTO trabalho.usuario VALUES ('usr_141', '141_Salvador.Moreira51@gmail.com', 'Salvador Moreira', 'male', 19, 'password', 'Irlanda');
INSERT INTO trabalho.usuario_esta_inscrito_no_podcast VALUES (5, 'c58b280a-56d4-4ad8-8c85-730e4ea86361', 'usr_141');
INSERT INTO trabalho.comentarios_podcast_usuario VALUES ('comment_141', 'Voluptatem architecto est reiciendis sed molestias necessitatibus amet rerum aut.', 'c58b280a-56d4-4ad8-8c85-730e4ea86361', 'usr_141');
INSERT INTO trabalho.usuario VALUES ('usr_142', '142_AnaClara93@yahoo.com', 'Ana Clara Costa', 'female', 59, 'password', 'Suriname');
INSERT INTO trabalho.usuario_esta_inscrito_no_podcast VALUES (1, '168c1536-4c42-4b8f-8c77-f06affefec6a', 'usr_142');
INSERT INTO trabalho.comentarios_podcast_usuario VALUES ('comment_142', 'Earum at vitae eligendi voluptatibus ratione inventore quae nostrum provident.', '168c1536-4c42-4b8f-8c77-f06affefec6a', 'usr_142');
INSERT INTO trabalho.usuario VALUES ('usr_143', '143_Henrique45@hotmail.com', 'Henrique Batista', 'male', 49, 'password', 'Latvia');
INSERT INTO trabalho.usuario_esta_inscrito_no_podcast VALUES (2, 'bc8dac25-793c-4a96-aafc-4ea7020f4f60', 'usr_143');
INSERT INTO trabalho.comentarios_podcast_usuario VALUES ('comment_143', 'Consequuntur dolor beatae illum doloribus.', 'bc8dac25-793c-4a96-aafc-4ea7020f4f60', 'usr_143');
INSERT INTO trabalho.usuario VALUES ('usr_144', '144_Laura.Santos2@gmail.com', 'Laura Santos', 'female', 24, 'password', 'Marrocos');
INSERT INTO trabalho.usuario_esta_inscrito_no_podcast VALUES (3, '67074e68-bc2f-442b-8af2-7d328b6af6eb', 'usr_144');
INSERT INTO trabalho.comentarios_podcast_usuario VALUES ('comment_144', 'Sit quas reiciendis voluptas recusandae.', '67074e68-bc2f-442b-8af2-7d328b6af6eb', 'usr_144');
INSERT INTO trabalho.usuario VALUES ('usr_145', '145_Danilo_Xavier@yahoo.com', 'Danilo Xavier', 'male', 22, 'password', 'Coreia do Norte');
INSERT INTO trabalho.usuario_esta_inscrito_no_podcast VALUES (3, 'fa3abe16-3645-4d22-a01d-893e6f20c408', 'usr_145');
INSERT INTO trabalho.comentarios_podcast_usuario VALUES ('comment_145', 'Nam eum maxime.', 'fa3abe16-3645-4d22-a01d-893e6f20c408', 'usr_145');
INSERT INTO trabalho.usuario VALUES ('usr_146', '146_Rafael_Nogueira@hotmail.com', 'Rafael Nogueira', 'male', 32, 'password', 'Ilhas Salomão');
INSERT INTO trabalho.usuario_esta_inscrito_no_podcast VALUES (3, '168c1536-4c42-4b8f-8c77-f06affefec6a', 'usr_146');
INSERT INTO trabalho.comentarios_podcast_usuario VALUES ('comment_146', 'Et quia non eum nisi ut incidunt.', '168c1536-4c42-4b8f-8c77-f06affefec6a', 'usr_146');
INSERT INTO trabalho.usuario VALUES ('usr_147', '147_Cau84@bol.com.br', 'Cauã Albuquerque', 'male', 34, 'password', 'Namibia');
INSERT INTO trabalho.usuario_esta_inscrito_no_podcast VALUES (2, '5bdf7377-8330-4f9f-8efd-e95301c122ce', 'usr_147');
INSERT INTO trabalho.comentarios_podcast_usuario VALUES ('comment_147', 'Cupiditate dolor odio alias animi debitis rerum reprehenderit et voluptatum.', '5bdf7377-8330-4f9f-8efd-e95301c122ce', 'usr_147');
INSERT INTO trabalho.usuario VALUES ('usr_148', '148_Maria_Nogueira72@bol.com.br', 'Maria Nogueira', 'female', 52, 'password', 'Quirguistão');
INSERT INTO trabalho.usuario_esta_inscrito_no_podcast VALUES (3, '5bdf7377-8330-4f9f-8efd-e95301c122ce', 'usr_148');
INSERT INTO trabalho.comentarios_podcast_usuario VALUES ('comment_148', 'Quam accusantium aut neque nihil.', '5bdf7377-8330-4f9f-8efd-e95301c122ce', 'usr_148');
INSERT INTO trabalho.usuario VALUES ('usr_149', '149_Elisa_Macedo15@bol.com.br', 'Elisa Macedo', 'female', 34, 'password', 'Antigua and Barbada');
INSERT INTO trabalho.usuario_esta_inscrito_no_podcast VALUES (3, 'af46a958-b921-47b6-9f87-5c4fdc68ea79', 'usr_149');
INSERT INTO trabalho.comentarios_podcast_usuario VALUES ('comment_149', 'Placeat omnis corrupti rerum asperiores est ab iste.', 'af46a958-b921-47b6-9f87-5c4fdc68ea79', 'usr_149');
INSERT INTO trabalho.usuario VALUES ('usr_150', '150_Manuela_Carvalho73@yahoo.com', 'Manuela Carvalho', 'female', 45, 'password', 'Maldives');
INSERT INTO trabalho.usuario_esta_inscrito_no_podcast VALUES (0, '5bdf7377-8330-4f9f-8efd-e95301c122ce', 'usr_150');
INSERT INTO trabalho.comentarios_podcast_usuario VALUES ('comment_150', 'Aut atque minus adipisci quod autem enim.', '5bdf7377-8330-4f9f-8efd-e95301c122ce', 'usr_150');
INSERT INTO trabalho.usuario VALUES ('usr_151', '151_Isis.Macedo@bol.com.br', 'Isis Macedo', 'female', 54, 'password', 'Nova Caledonia');
INSERT INTO trabalho.usuario_esta_inscrito_no_podcast VALUES (5, '219328a1-cec6-4e8c-b003-52a3ec9766bb', 'usr_151');
INSERT INTO trabalho.comentarios_podcast_usuario VALUES ('comment_151', 'Quod sit omnis ipsa accusamus temporibus cum molestiae odit tempora.', '219328a1-cec6-4e8c-b003-52a3ec9766bb', 'usr_151');
INSERT INTO trabalho.usuario VALUES ('usr_152', '152_Maria76@live.com', 'Maria Costa', 'female', 8, 'password', 'Panamá');
INSERT INTO trabalho.usuario_esta_inscrito_no_podcast VALUES (4, 'f0166bd2-8e4d-4308-b5d7-0b3d627c5dc5', 'usr_152');
INSERT INTO trabalho.comentarios_podcast_usuario VALUES ('comment_152', 'Et sit et laboriosam.', 'f0166bd2-8e4d-4308-b5d7-0b3d627c5dc5', 'usr_152');
INSERT INTO trabalho.usuario VALUES ('usr_153', '153_Giovanna54@gmail.com', 'Giovanna Batista', 'female', 16, 'password', 'Estados Unidos das Ilhas Virgens');
INSERT INTO trabalho.usuario_esta_inscrito_no_podcast VALUES (2, 'f8e13774-d631-4f34-93f0-2f5d55590265', 'usr_153');
INSERT INTO trabalho.comentarios_podcast_usuario VALUES ('comment_153', 'Adipisci quo enim ea dolores adipisci.', 'f8e13774-d631-4f34-93f0-2f5d55590265', 'usr_153');
INSERT INTO trabalho.usuario VALUES ('usr_154', '154_Anthony71@live.com', 'Anthony Albuquerque', 'male', 30, 'password', 'África do Sul');
INSERT INTO trabalho.usuario_esta_inscrito_no_podcast VALUES (5, 'c58b280a-56d4-4ad8-8c85-730e4ea86361', 'usr_154');
INSERT INTO trabalho.comentarios_podcast_usuario VALUES ('comment_154', 'In ipsum velit est quisquam.', 'c58b280a-56d4-4ad8-8c85-730e4ea86361', 'usr_154');
INSERT INTO trabalho.usuario VALUES ('usr_155', '155_Calebe_Melo@yahoo.com', 'Calebe Melo', 'male', 35, 'password', 'Hungria');
INSERT INTO trabalho.usuario_esta_inscrito_no_podcast VALUES (5, '67074e68-bc2f-442b-8af2-7d328b6af6eb', 'usr_155');
INSERT INTO trabalho.comentarios_podcast_usuario VALUES ('comment_155', 'Ipsam molestiae mollitia eveniet minus rerum.', '67074e68-bc2f-442b-8af2-7d328b6af6eb', 'usr_155');
INSERT INTO trabalho.usuario VALUES ('usr_156', '156_Bernardo.Moreira@hotmail.com', 'Bernardo Moreira', 'male', 30, 'password', 'Kuwait');
INSERT INTO trabalho.usuario_esta_inscrito_no_podcast VALUES (2, '168c1536-4c42-4b8f-8c77-f06affefec6a', 'usr_156');
INSERT INTO trabalho.comentarios_podcast_usuario VALUES ('comment_156', 'Soluta qui est.', '168c1536-4c42-4b8f-8c77-f06affefec6a', 'usr_156');
INSERT INTO trabalho.usuario VALUES ('usr_157', '157_Sirineu.Albuquerque77@hotmail.com', 'Sirineu Albuquerque', 'male', 2, 'password', 'São Martinho');
INSERT INTO trabalho.usuario_esta_inscrito_no_podcast VALUES (1, '219328a1-cec6-4e8c-b003-52a3ec9766bb', 'usr_157');
INSERT INTO trabalho.comentarios_podcast_usuario VALUES ('comment_157', 'Molestias est commodi vel atque incidunt minus in vel odit.', '219328a1-cec6-4e8c-b003-52a3ec9766bb', 'usr_157');
INSERT INTO trabalho.usuario VALUES ('usr_158', '158_Mrcia.Melo79@yahoo.com', 'Mércia Melo', 'female', 59, 'password', 'Botsuana');
INSERT INTO trabalho.usuario_esta_inscrito_no_podcast VALUES (0, 'af46a958-b921-47b6-9f87-5c4fdc68ea79', 'usr_158');
INSERT INTO trabalho.comentarios_podcast_usuario VALUES ('comment_158', 'Aut pariatur sapiente ea sed doloribus tenetur corporis.', 'af46a958-b921-47b6-9f87-5c4fdc68ea79', 'usr_158');
INSERT INTO trabalho.usuario VALUES ('usr_159', '159_Ricardo_Santos@yahoo.com', 'Ricardo Santos', 'male', 6, 'password', 'Palau');
INSERT INTO trabalho.usuario_esta_inscrito_no_podcast VALUES (4, '5bdf7377-8330-4f9f-8efd-e95301c122ce', 'usr_159');
INSERT INTO trabalho.comentarios_podcast_usuario VALUES ('comment_159', 'Molestiae voluptas facilis sit eos nihil.', '5bdf7377-8330-4f9f-8efd-e95301c122ce', 'usr_159');
INSERT INTO trabalho.usuario VALUES ('usr_160', '160_Henrique.Albuquerque@hotmail.com', 'Henrique Albuquerque', 'male', 38, 'password', 'Suazilândia');
INSERT INTO trabalho.usuario_esta_inscrito_no_podcast VALUES (0, 'de2f0ddb-9903-436a-a5e2-54224254c818', 'usr_160');
INSERT INTO trabalho.comentarios_podcast_usuario VALUES ('comment_160', 'Inventore ut officia repellendus aut pariatur cupiditate est eos tempora.', 'de2f0ddb-9903-436a-a5e2-54224254c818', 'usr_160');
INSERT INTO trabalho.usuario VALUES ('usr_161', '161_Emanuel37@bol.com.br', 'Emanuel Santos', 'male', 42, 'password', 'Ilhas Salomão');
INSERT INTO trabalho.usuario_esta_inscrito_no_podcast VALUES (2, '7e429e8e-7669-403d-bb78-3cd7f9f75afd', 'usr_161');
INSERT INTO trabalho.comentarios_podcast_usuario VALUES ('comment_161', 'Tempora ad magni dolorum explicabo nihil fuga et facere.', '7e429e8e-7669-403d-bb78-3cd7f9f75afd', 'usr_161');
INSERT INTO trabalho.usuario VALUES ('usr_162', '162_Fabrcio95@gmail.com', 'Fabrício Macedo', 'male', 45, 'password', 'Myanmar');
INSERT INTO trabalho.usuario_esta_inscrito_no_podcast VALUES (2, '168c1536-4c42-4b8f-8c77-f06affefec6a', 'usr_162');
INSERT INTO trabalho.comentarios_podcast_usuario VALUES ('comment_162', 'Maiores consequatur laudantium est sunt ad et autem laboriosam vel.', '168c1536-4c42-4b8f-8c77-f06affefec6a', 'usr_162');
INSERT INTO trabalho.usuario VALUES ('usr_163', '163_Lorena.Santos77@yahoo.com', 'Lorena Santos', 'female', 49, 'password', 'Grécia');
INSERT INTO trabalho.usuario_esta_inscrito_no_podcast VALUES (0, '168c1536-4c42-4b8f-8c77-f06affefec6a', 'usr_163');
INSERT INTO trabalho.comentarios_podcast_usuario VALUES ('comment_163', 'Deleniti modi nihil ipsum.', '168c1536-4c42-4b8f-8c77-f06affefec6a', 'usr_163');
INSERT INTO trabalho.usuario VALUES ('usr_164', '164_MariaEduarda91@bol.com.br', 'Maria Eduarda Carvalho', 'female', 43, 'password', 'San Marino');
INSERT INTO trabalho.usuario_esta_inscrito_no_podcast VALUES (5, 'f1b92ce7-47a7-43cd-8586-4a09185cdd05', 'usr_164');
INSERT INTO trabalho.comentarios_podcast_usuario VALUES ('comment_164', 'Id in odio sunt porro qui eius vitae et et.', 'f1b92ce7-47a7-43cd-8586-4a09185cdd05', 'usr_164');
INSERT INTO trabalho.usuario VALUES ('usr_165', '165_Norberto_Melo42@bol.com.br', 'Norberto Melo', 'male', 24, 'password', 'Costa Rica');
INSERT INTO trabalho.usuario_esta_inscrito_no_podcast VALUES (0, 'b553d865-8fe2-47de-9a30-10e1dea3bd1d', 'usr_165');
INSERT INTO trabalho.comentarios_podcast_usuario VALUES ('comment_165', 'Facere ullam repellendus neque facere perspiciatis nisi sit nam a.', 'b553d865-8fe2-47de-9a30-10e1dea3bd1d', 'usr_165');
INSERT INTO trabalho.usuario VALUES ('usr_166', '166_Miguel73@yahoo.com', 'Miguel Franco', 'male', 37, 'password', 'Malásia');
INSERT INTO trabalho.usuario_esta_inscrito_no_podcast VALUES (4, 'b553d865-8fe2-47de-9a30-10e1dea3bd1d', 'usr_166');
INSERT INTO trabalho.comentarios_podcast_usuario VALUES ('comment_166', 'Voluptatem alias dolorem laborum ducimus libero minima occaecati fugiat assumenda.', 'b553d865-8fe2-47de-9a30-10e1dea3bd1d', 'usr_166');
INSERT INTO trabalho.usuario VALUES ('usr_167', '167_MariaLuiza20@yahoo.com', 'Maria Luiza Moraes', 'female', 56, 'password', 'Brasil');
INSERT INTO trabalho.usuario_esta_inscrito_no_podcast VALUES (0, 'f1b92ce7-47a7-43cd-8586-4a09185cdd05', 'usr_167');
INSERT INTO trabalho.comentarios_podcast_usuario VALUES ('comment_167', 'Cum doloremque laborum atque.', 'f1b92ce7-47a7-43cd-8586-4a09185cdd05', 'usr_167');
INSERT INTO trabalho.usuario VALUES ('usr_168', '168_Ladislau13@hotmail.com', 'Ladislau Franco', 'male', 5, 'password', 'Islândia');
INSERT INTO trabalho.usuario_esta_inscrito_no_podcast VALUES (2, '219328a1-cec6-4e8c-b003-52a3ec9766bb', 'usr_168');
INSERT INTO trabalho.comentarios_podcast_usuario VALUES ('comment_168', 'Omnis reiciendis aut nemo asperiores quaerat.', '219328a1-cec6-4e8c-b003-52a3ec9766bb', 'usr_168');
INSERT INTO trabalho.usuario VALUES ('usr_169', '169_Antnio.Silva43@bol.com.br', 'Antônio Silva', 'male', 48, 'password', 'Maurícia');
INSERT INTO trabalho.usuario_esta_inscrito_no_podcast VALUES (4, 'fa3abe16-3645-4d22-a01d-893e6f20c408', 'usr_169');
INSERT INTO trabalho.comentarios_podcast_usuario VALUES ('comment_169', 'Facilis modi animi.', 'fa3abe16-3645-4d22-a01d-893e6f20c408', 'usr_169');
INSERT INTO trabalho.usuario VALUES ('usr_170', '170_Nataniel15@bol.com.br', 'Nataniel Xavier', 'male', 42, 'password', 'Tanzânia');
INSERT INTO trabalho.usuario_esta_inscrito_no_podcast VALUES (1, '5bdf7377-8330-4f9f-8efd-e95301c122ce', 'usr_170');
INSERT INTO trabalho.comentarios_podcast_usuario VALUES ('comment_170', 'Voluptates adipisci dolorem minus ex ad fugit.', '5bdf7377-8330-4f9f-8efd-e95301c122ce', 'usr_170');
INSERT INTO trabalho.usuario VALUES ('usr_171', '171_Heitor.Batista28@live.com', 'Heitor Batista', 'male', 13, 'password', 'Martinica');
INSERT INTO trabalho.usuario_esta_inscrito_no_podcast VALUES (5, 'c58b280a-56d4-4ad8-8c85-730e4ea86361', 'usr_171');
INSERT INTO trabalho.comentarios_podcast_usuario VALUES ('comment_171', 'Consequatur nihil sed excepturi odit quia.', 'c58b280a-56d4-4ad8-8c85-730e4ea86361', 'usr_171');
INSERT INTO trabalho.usuario VALUES ('usr_172', '172_Lorena_Nogueira@hotmail.com', 'Lorena Nogueira', 'female', 46, 'password', 'Polônia');
INSERT INTO trabalho.usuario_esta_inscrito_no_podcast VALUES (1, 'fa3abe16-3645-4d22-a01d-893e6f20c408', 'usr_172');
INSERT INTO trabalho.comentarios_podcast_usuario VALUES ('comment_172', 'Odio temporibus dolores consequatur ipsam.', 'fa3abe16-3645-4d22-a01d-893e6f20c408', 'usr_172');
INSERT INTO trabalho.usuario VALUES ('usr_173', '173_Marcela_Albuquerque@live.com', 'Marcela Albuquerque', 'female', 48, 'password', 'Suíça');
INSERT INTO trabalho.usuario_esta_inscrito_no_podcast VALUES (1, 'f8e13774-d631-4f34-93f0-2f5d55590265', 'usr_173');
INSERT INTO trabalho.comentarios_podcast_usuario VALUES ('comment_173', 'Rem qui possimus explicabo delectus recusandae voluptate.', 'f8e13774-d631-4f34-93f0-2f5d55590265', 'usr_173');
INSERT INTO trabalho.usuario VALUES ('usr_174', '174_Talita.Barros60@bol.com.br', 'Talita Barros', 'female', 14, 'password', 'Barém');
INSERT INTO trabalho.usuario_esta_inscrito_no_podcast VALUES (0, '7e429e8e-7669-403d-bb78-3cd7f9f75afd', 'usr_174');
INSERT INTO trabalho.comentarios_podcast_usuario VALUES ('comment_174', 'Nesciunt vitae animi qui facilis illum doloribus aut.', '7e429e8e-7669-403d-bb78-3cd7f9f75afd', 'usr_174');
INSERT INTO trabalho.usuario VALUES ('usr_175', '175_Clara_Costa@hotmail.com', 'Clara Costa', 'female', 27, 'password', 'Hungria');
INSERT INTO trabalho.usuario_esta_inscrito_no_podcast VALUES (1, '67074e68-bc2f-442b-8af2-7d328b6af6eb', 'usr_175');
INSERT INTO trabalho.comentarios_podcast_usuario VALUES ('comment_175', 'Sapiente qui voluptas.', '67074e68-bc2f-442b-8af2-7d328b6af6eb', 'usr_175');
INSERT INTO trabalho.usuario VALUES ('usr_176', '176_Isabel_Macedo82@gmail.com', 'Isabel Macedo', 'female', 20, 'password', 'Angola');
INSERT INTO trabalho.usuario_esta_inscrito_no_podcast VALUES (4, 'f0166bd2-8e4d-4308-b5d7-0b3d627c5dc5', 'usr_176');
INSERT INTO trabalho.comentarios_podcast_usuario VALUES ('comment_176', 'Facilis et eum ducimus ullam voluptatem dolore sapiente quod.', 'f0166bd2-8e4d-4308-b5d7-0b3d627c5dc5', 'usr_176');
INSERT INTO trabalho.usuario VALUES ('usr_177', '177_Yago95@live.com', 'Yago Moraes', 'male', 58, 'password', 'Uruguai');
INSERT INTO trabalho.usuario_esta_inscrito_no_podcast VALUES (5, 'b553d865-8fe2-47de-9a30-10e1dea3bd1d', 'usr_177');
INSERT INTO trabalho.comentarios_podcast_usuario VALUES ('comment_177', 'Doloribus vitae nam tempora sit aut et.', 'b553d865-8fe2-47de-9a30-10e1dea3bd1d', 'usr_177');
INSERT INTO trabalho.usuario VALUES ('usr_178', '178_Isabel.Saraiva93@bol.com.br', 'Isabel Saraiva', 'female', 54, 'password', 'Bahamas');
INSERT INTO trabalho.usuario_esta_inscrito_no_podcast VALUES (5, 'de2f0ddb-9903-436a-a5e2-54224254c818', 'usr_178');
INSERT INTO trabalho.comentarios_podcast_usuario VALUES ('comment_178', 'Ut dolores velit nostrum expedita excepturi hic nobis laborum quia.', 'de2f0ddb-9903-436a-a5e2-54224254c818', 'usr_178');
INSERT INTO trabalho.usuario VALUES ('usr_179', '179_Lorenzo.Costa17@live.com', 'Lorenzo Costa', 'male', 23, 'password', 'Turquia');
INSERT INTO trabalho.usuario_esta_inscrito_no_podcast VALUES (0, '5bdf7377-8330-4f9f-8efd-e95301c122ce', 'usr_179');
INSERT INTO trabalho.comentarios_podcast_usuario VALUES ('comment_179', 'Quibusdam quas incidunt esse aut et ex.', '5bdf7377-8330-4f9f-8efd-e95301c122ce', 'usr_179');
INSERT INTO trabalho.usuario VALUES ('usr_180', '180_Liz.Franco@hotmail.com', 'Liz Franco', 'female', 42, 'password', 'Brasil');
INSERT INTO trabalho.usuario_esta_inscrito_no_podcast VALUES (0, '219328a1-cec6-4e8c-b003-52a3ec9766bb', 'usr_180');
INSERT INTO trabalho.comentarios_podcast_usuario VALUES ('comment_180', 'Debitis sint doloribus voluptatem animi mollitia veniam et et.', '219328a1-cec6-4e8c-b003-52a3ec9766bb', 'usr_180');
INSERT INTO trabalho.usuario VALUES ('usr_181', '181_Mrcia75@hotmail.com', 'Márcia Macedo', 'female', 3, 'password', 'Macedônia');
INSERT INTO trabalho.usuario_esta_inscrito_no_podcast VALUES (0, 'fa3abe16-3645-4d22-a01d-893e6f20c408', 'usr_181');
INSERT INTO trabalho.comentarios_podcast_usuario VALUES ('comment_181', 'Illo laudantium et tenetur.', 'fa3abe16-3645-4d22-a01d-893e6f20c408', 'usr_181');
INSERT INTO trabalho.usuario VALUES ('usr_182', '182_Isabella_Nogueira@hotmail.com', 'Isabella Nogueira', 'female', 9, 'password', 'Nepal');
INSERT INTO trabalho.usuario_esta_inscrito_no_podcast VALUES (5, '168c1536-4c42-4b8f-8c77-f06affefec6a', 'usr_182');
INSERT INTO trabalho.comentarios_podcast_usuario VALUES ('comment_182', 'Optio a id officia sit velit dolore quo voluptatem.', '168c1536-4c42-4b8f-8c77-f06affefec6a', 'usr_182');
INSERT INTO trabalho.usuario VALUES ('usr_183', '183_gor_Nogueira@live.com', 'Ígor Nogueira', 'male', 59, 'password', 'Ilhas Heard e McDonald');
INSERT INTO trabalho.usuario_esta_inscrito_no_podcast VALUES (5, 'af46a958-b921-47b6-9f87-5c4fdc68ea79', 'usr_183');
INSERT INTO trabalho.comentarios_podcast_usuario VALUES ('comment_183', 'Voluptatem sunt nemo natus sed ratione quam mollitia magnam.', 'af46a958-b921-47b6-9f87-5c4fdc68ea79', 'usr_183');
INSERT INTO trabalho.usuario VALUES ('usr_184', '184_Natlia75@yahoo.com', 'Natália Carvalho', 'female', 27, 'password', 'Antigua and Barbada');
INSERT INTO trabalho.usuario_esta_inscrito_no_podcast VALUES (1, '168c1536-4c42-4b8f-8c77-f06affefec6a', 'usr_184');
INSERT INTO trabalho.comentarios_podcast_usuario VALUES ('comment_184', 'Maiores voluptatem enim velit velit.', '168c1536-4c42-4b8f-8c77-f06affefec6a', 'usr_184');
INSERT INTO trabalho.usuario VALUES ('usr_185', '185_Natlia.Carvalho58@gmail.com', 'Natália Carvalho', 'female', 21, 'password', 'Ilhas Heard e McDonald');
INSERT INTO trabalho.usuario_esta_inscrito_no_podcast VALUES (4, 'f8e13774-d631-4f34-93f0-2f5d55590265', 'usr_185');
INSERT INTO trabalho.comentarios_podcast_usuario VALUES ('comment_185', 'Dignissimos omnis labore et ducimus voluptatum asperiores.', 'f8e13774-d631-4f34-93f0-2f5d55590265', 'usr_185');
INSERT INTO trabalho.usuario VALUES ('usr_186', '186_Nataniel68@hotmail.com', 'Nataniel Saraiva', 'male', 53, 'password', 'Iraque');
INSERT INTO trabalho.usuario_esta_inscrito_no_podcast VALUES (2, 'f1b92ce7-47a7-43cd-8586-4a09185cdd05', 'usr_186');
INSERT INTO trabalho.comentarios_podcast_usuario VALUES ('comment_186', 'Ut nemo ut atque ea.', 'f1b92ce7-47a7-43cd-8586-4a09185cdd05', 'usr_186');
INSERT INTO trabalho.usuario VALUES ('usr_187', '187_Emanuel.Barros91@gmail.com', 'Emanuel Barros', 'male', 30, 'password', 'Ilhas Cook');
INSERT INTO trabalho.usuario_esta_inscrito_no_podcast VALUES (5, '67074e68-bc2f-442b-8af2-7d328b6af6eb', 'usr_187');
INSERT INTO trabalho.comentarios_podcast_usuario VALUES ('comment_187', 'Quos natus praesentium delectus.', '67074e68-bc2f-442b-8af2-7d328b6af6eb', 'usr_187');
INSERT INTO trabalho.usuario VALUES ('usr_188', '188_Pablo11@bol.com.br', 'Pablo Franco', 'male', 35, 'password', 'Porto Rico');
INSERT INTO trabalho.usuario_esta_inscrito_no_podcast VALUES (0, 'bc8dac25-793c-4a96-aafc-4ea7020f4f60', 'usr_188');
INSERT INTO trabalho.comentarios_podcast_usuario VALUES ('comment_188', 'Sint quia qui et officia repellat ea.', 'bc8dac25-793c-4a96-aafc-4ea7020f4f60', 'usr_188');
INSERT INTO trabalho.usuario VALUES ('usr_189', '189_Fabrcia.Oliveira56@hotmail.com', 'Fabrícia Oliveira', 'female', 27, 'password', 'Moldávia');
INSERT INTO trabalho.usuario_esta_inscrito_no_podcast VALUES (2, '168c1536-4c42-4b8f-8c77-f06affefec6a', 'usr_189');
INSERT INTO trabalho.comentarios_podcast_usuario VALUES ('comment_189', 'Dolorem molestiae veniam aut est vel.', '168c1536-4c42-4b8f-8c77-f06affefec6a', 'usr_189');
INSERT INTO trabalho.usuario VALUES ('usr_190', '190_MariaCeclia_Braga67@yahoo.com', 'Maria Cecília Braga', 'female', 32, 'password', 'Iêmen');
INSERT INTO trabalho.usuario_esta_inscrito_no_podcast VALUES (1, '168c1536-4c42-4b8f-8c77-f06affefec6a', 'usr_190');
INSERT INTO trabalho.comentarios_podcast_usuario VALUES ('comment_190', 'Non et tempora architecto rerum ea sapiente est nisi autem.', '168c1536-4c42-4b8f-8c77-f06affefec6a', 'usr_190');
INSERT INTO trabalho.usuario VALUES ('usr_191', '191_Anthony26@gmail.com', 'Anthony Martins', 'male', 19, 'password', 'Suriname');
INSERT INTO trabalho.usuario_esta_inscrito_no_podcast VALUES (4, '5bdf7377-8330-4f9f-8efd-e95301c122ce', 'usr_191');
INSERT INTO trabalho.comentarios_podcast_usuario VALUES ('comment_191', 'Perspiciatis culpa nobis consequatur sint dicta consequatur enim.', '5bdf7377-8330-4f9f-8efd-e95301c122ce', 'usr_191');
INSERT INTO trabalho.usuario VALUES ('usr_192', '192_Karla.Carvalho@yahoo.com', 'Karla Carvalho', 'female', 46, 'password', 'Zimbábue');
INSERT INTO trabalho.usuario_esta_inscrito_no_podcast VALUES (2, '219328a1-cec6-4e8c-b003-52a3ec9766bb', 'usr_192');
INSERT INTO trabalho.comentarios_podcast_usuario VALUES ('comment_192', 'Eum quia explicabo ipsam odio et in minus qui omnis.', '219328a1-cec6-4e8c-b003-52a3ec9766bb', 'usr_192');
INSERT INTO trabalho.usuario VALUES ('usr_193', '193_PedroHenrique.Melo@hotmail.com', 'Pedro Henrique Melo', 'male', 49, 'password', 'Venezuela');
INSERT INTO trabalho.usuario_esta_inscrito_no_podcast VALUES (0, 'f8e13774-d631-4f34-93f0-2f5d55590265', 'usr_193');
INSERT INTO trabalho.comentarios_podcast_usuario VALUES ('comment_193', 'Quia rerum et aut.', 'f8e13774-d631-4f34-93f0-2f5d55590265', 'usr_193');
INSERT INTO trabalho.usuario VALUES ('usr_194', '194_Norberto.Carvalho@yahoo.com', 'Norberto Carvalho', 'male', 58, 'password', 'São Bartolomeu');
INSERT INTO trabalho.usuario_esta_inscrito_no_podcast VALUES (0, 'de2f0ddb-9903-436a-a5e2-54224254c818', 'usr_194');
INSERT INTO trabalho.comentarios_podcast_usuario VALUES ('comment_194', 'Ab non itaque veniam totam qui.', 'de2f0ddb-9903-436a-a5e2-54224254c818', 'usr_194');
INSERT INTO trabalho.usuario VALUES ('usr_195', '195_EnzoGabriel_Saraiva@gmail.com', 'Enzo Gabriel Saraiva', 'male', 20, 'password', 'Ilha Bouvet');
INSERT INTO trabalho.usuario_esta_inscrito_no_podcast VALUES (0, 'b553d865-8fe2-47de-9a30-10e1dea3bd1d', 'usr_195');
INSERT INTO trabalho.comentarios_podcast_usuario VALUES ('comment_195', 'Voluptates quos quod distinctio suscipit at quis.', 'b553d865-8fe2-47de-9a30-10e1dea3bd1d', 'usr_195');
INSERT INTO trabalho.usuario VALUES ('usr_196', '196_Bernardo.Barros65@live.com', 'Bernardo Barros', 'male', 36, 'password', 'Líbano');
INSERT INTO trabalho.usuario_esta_inscrito_no_podcast VALUES (4, 'fa3abe16-3645-4d22-a01d-893e6f20c408', 'usr_196');
INSERT INTO trabalho.comentarios_podcast_usuario VALUES ('comment_196', 'Nesciunt corporis eum sed porro ipsam magni est aut.', 'fa3abe16-3645-4d22-a01d-893e6f20c408', 'usr_196');
INSERT INTO trabalho.usuario VALUES ('usr_197', '197_Luiza.Batista73@yahoo.com', 'Luiza Batista', 'female', 60, 'password', 'Chile');
INSERT INTO trabalho.usuario_esta_inscrito_no_podcast VALUES (5, 'f0166bd2-8e4d-4308-b5d7-0b3d627c5dc5', 'usr_197');
INSERT INTO trabalho.comentarios_podcast_usuario VALUES ('comment_197', 'At ipsum vero maiores cupiditate mollitia.', 'f0166bd2-8e4d-4308-b5d7-0b3d627c5dc5', 'usr_197');
INSERT INTO trabalho.usuario VALUES ('usr_198', '198_MariaEduarda.Xavier@live.com', 'Maria Eduarda Xavier', 'female', 19, 'password', 'Mauritânia');
INSERT INTO trabalho.usuario_esta_inscrito_no_podcast VALUES (2, '7e429e8e-7669-403d-bb78-3cd7f9f75afd', 'usr_198');
INSERT INTO trabalho.comentarios_podcast_usuario VALUES ('comment_198', 'Explicabo reprehenderit suscipit corrupti expedita.', '7e429e8e-7669-403d-bb78-3cd7f9f75afd', 'usr_198');
INSERT INTO trabalho.usuario VALUES ('usr_199', '199_Isabella.Barros56@live.com', 'Isabella Barros', 'female', 41, 'password', 'Libéria');
INSERT INTO trabalho.usuario_esta_inscrito_no_podcast VALUES (4, 'f1b92ce7-47a7-43cd-8586-4a09185cdd05', 'usr_199');
INSERT INTO trabalho.comentarios_podcast_usuario VALUES ('comment_199', 'Eos reiciendis sequi itaque hic quam.', 'f1b92ce7-47a7-43cd-8586-4a09185cdd05', 'usr_199');
INSERT INTO trabalho.usuario VALUES ('usr_200', '200_Lvia59@gmail.com', 'Lívia Santos', 'female', 55, 'password', 'Serra Leoa');
INSERT INTO trabalho.usuario_esta_inscrito_no_podcast VALUES (4, 'f0166bd2-8e4d-4308-b5d7-0b3d627c5dc5', 'usr_200');
INSERT INTO trabalho.comentarios_podcast_usuario VALUES ('comment_200', 'Error et quisquam omnis iusto illum vitae dolor animi quaerat.', 'f0166bd2-8e4d-4308-b5d7-0b3d627c5dc5', 'usr_200');
INSERT INTO trabalho.usuario VALUES ('usr_201', '201_Yuri14@hotmail.com', 'Yuri Xavier', 'male', 51, 'password', 'República Tcheca');
INSERT INTO trabalho.usuario_esta_inscrito_no_podcast VALUES (5, 'c58b280a-56d4-4ad8-8c85-730e4ea86361', 'usr_201');
INSERT INTO trabalho.comentarios_podcast_usuario VALUES ('comment_201', 'Qui dolor sed.', 'c58b280a-56d4-4ad8-8c85-730e4ea86361', 'usr_201');
INSERT INTO trabalho.usuario VALUES ('usr_202', '202_Cau.Silva@gmail.com', 'Cauã Silva', 'male', 60, 'password', 'Ucrânia');
INSERT INTO trabalho.usuario_esta_inscrito_no_podcast VALUES (1, 'fa3abe16-3645-4d22-a01d-893e6f20c408', 'usr_202');
INSERT INTO trabalho.comentarios_podcast_usuario VALUES ('comment_202', 'Ipsa esse sequi qui.', 'fa3abe16-3645-4d22-a01d-893e6f20c408', 'usr_202');
INSERT INTO trabalho.usuario VALUES ('usr_203', '203_Roberta1@yahoo.com', 'Roberta Santos', 'female', 8, 'password', 'Uruguai');
INSERT INTO trabalho.usuario_esta_inscrito_no_podcast VALUES (1, '5bdf7377-8330-4f9f-8efd-e95301c122ce', 'usr_203');
INSERT INTO trabalho.comentarios_podcast_usuario VALUES ('comment_203', 'Molestiae earum magni recusandae repellendus accusantium facere possimus.', '5bdf7377-8330-4f9f-8efd-e95301c122ce', 'usr_203');
INSERT INTO trabalho.usuario VALUES ('usr_204', '204_Joo.Moraes@hotmail.com', 'João Moraes', 'male', 43, 'password', 'Turquia');
INSERT INTO trabalho.usuario_esta_inscrito_no_podcast VALUES (2, '67074e68-bc2f-442b-8af2-7d328b6af6eb', 'usr_204');
INSERT INTO trabalho.comentarios_podcast_usuario VALUES ('comment_204', 'Blanditiis quaerat aut quaerat et.', '67074e68-bc2f-442b-8af2-7d328b6af6eb', 'usr_204');
INSERT INTO trabalho.usuario VALUES ('usr_205', '205_Gbio.Carvalho@live.com', 'Gúbio Carvalho', 'male', 43, 'password', 'Kuwait');
INSERT INTO trabalho.usuario_esta_inscrito_no_podcast VALUES (1, '219328a1-cec6-4e8c-b003-52a3ec9766bb', 'usr_205');
INSERT INTO trabalho.comentarios_podcast_usuario VALUES ('comment_205', 'Aut mollitia neque nihil laborum porro beatae et similique.', '219328a1-cec6-4e8c-b003-52a3ec9766bb', 'usr_205');
INSERT INTO trabalho.usuario VALUES ('usr_206', '206_Nbia81@gmail.com', 'Núbia Saraiva', 'female', 29, 'password', 'Israel');
INSERT INTO trabalho.usuario_esta_inscrito_no_podcast VALUES (4, '219328a1-cec6-4e8c-b003-52a3ec9766bb', 'usr_206');
INSERT INTO trabalho.comentarios_podcast_usuario VALUES ('comment_206', 'Laudantium et nihil adipisci dolore ea suscipit in.', '219328a1-cec6-4e8c-b003-52a3ec9766bb', 'usr_206');
INSERT INTO trabalho.usuario VALUES ('usr_207', '207_Hlio.Franco52@bol.com.br', 'Hélio Franco', 'male', 21, 'password', 'Turcas e Caicos');
INSERT INTO trabalho.usuario_esta_inscrito_no_podcast VALUES (1, 'af46a958-b921-47b6-9f87-5c4fdc68ea79', 'usr_207');
INSERT INTO trabalho.comentarios_podcast_usuario VALUES ('comment_207', 'Non fuga aut amet veritatis recusandae quia similique at.', 'af46a958-b921-47b6-9f87-5c4fdc68ea79', 'usr_207');
INSERT INTO trabalho.usuario VALUES ('usr_208', '208_Salvador.Barros@yahoo.com', 'Salvador Barros', 'male', 31, 'password', 'Cabo Verde');
INSERT INTO trabalho.usuario_esta_inscrito_no_podcast VALUES (0, 'fa3abe16-3645-4d22-a01d-893e6f20c408', 'usr_208');
INSERT INTO trabalho.comentarios_podcast_usuario VALUES ('comment_208', 'Expedita incidunt ut sint minus exercitationem.', 'fa3abe16-3645-4d22-a01d-893e6f20c408', 'usr_208');
INSERT INTO trabalho.usuario VALUES ('usr_209', '209_Marli_Melo25@live.com', 'Marli Melo', 'female', 44, 'password', 'Ilhas Salomão');
INSERT INTO trabalho.usuario_esta_inscrito_no_podcast VALUES (5, '168c1536-4c42-4b8f-8c77-f06affefec6a', 'usr_209');
INSERT INTO trabalho.comentarios_podcast_usuario VALUES ('comment_209', 'Est aut iure aut quia dolorem quos qui.', '168c1536-4c42-4b8f-8c77-f06affefec6a', 'usr_209');
INSERT INTO trabalho.usuario VALUES ('usr_210', '210_Joana37@yahoo.com', 'Joana Moraes', 'female', 29, 'password', 'Samoa');
INSERT INTO trabalho.usuario_esta_inscrito_no_podcast VALUES (2, 'bc8dac25-793c-4a96-aafc-4ea7020f4f60', 'usr_210');
INSERT INTO trabalho.comentarios_podcast_usuario VALUES ('comment_210', 'Tempora est esse vel suscipit ipsum accusantium consequatur alias.', 'bc8dac25-793c-4a96-aafc-4ea7020f4f60', 'usr_210');
INSERT INTO trabalho.usuario VALUES ('usr_211', '211_Emanuel39@yahoo.com', 'Emanuel Melo', 'male', 40, 'password', 'Guiana');
INSERT INTO trabalho.usuario_esta_inscrito_no_podcast VALUES (3, '219328a1-cec6-4e8c-b003-52a3ec9766bb', 'usr_211');
INSERT INTO trabalho.comentarios_podcast_usuario VALUES ('comment_211', 'Veritatis ab et dolores.', '219328a1-cec6-4e8c-b003-52a3ec9766bb', 'usr_211');
INSERT INTO trabalho.usuario VALUES ('usr_212', '212_Isabella_Santos49@live.com', 'Isabella Santos', 'female', 54, 'password', 'Áustria');
INSERT INTO trabalho.usuario_esta_inscrito_no_podcast VALUES (5, 'f1b92ce7-47a7-43cd-8586-4a09185cdd05', 'usr_212');
INSERT INTO trabalho.comentarios_podcast_usuario VALUES ('comment_212', 'Odio sint ad maxime eos quia consequatur sit voluptatum aut.', 'f1b92ce7-47a7-43cd-8586-4a09185cdd05', 'usr_212');
INSERT INTO trabalho.usuario VALUES ('usr_213', '213_Marcos_Melo58@yahoo.com', 'Marcos Melo', 'male', 50, 'password', 'Afeganistão');
INSERT INTO trabalho.usuario_esta_inscrito_no_podcast VALUES (3, 'f1b92ce7-47a7-43cd-8586-4a09185cdd05', 'usr_213');
INSERT INTO trabalho.comentarios_podcast_usuario VALUES ('comment_213', 'Sapiente tenetur sed similique beatae voluptatem.', 'f1b92ce7-47a7-43cd-8586-4a09185cdd05', 'usr_213');
INSERT INTO trabalho.usuario VALUES ('usr_214', '214_Bryan5@gmail.com', 'Bryan Souza', 'male', 59, 'password', 'Mauritânia');
INSERT INTO trabalho.usuario_esta_inscrito_no_podcast VALUES (5, 'fa3abe16-3645-4d22-a01d-893e6f20c408', 'usr_214');
INSERT INTO trabalho.comentarios_podcast_usuario VALUES ('comment_214', 'Animi ut perferendis perspiciatis est.', 'fa3abe16-3645-4d22-a01d-893e6f20c408', 'usr_214');
INSERT INTO trabalho.usuario VALUES ('usr_215', '215_Yuri_Barros@gmail.com', 'Yuri Barros', 'male', 30, 'password', 'Gana');
INSERT INTO trabalho.usuario_esta_inscrito_no_podcast VALUES (4, '7e429e8e-7669-403d-bb78-3cd7f9f75afd', 'usr_215');
INSERT INTO trabalho.comentarios_podcast_usuario VALUES ('comment_215', 'Nam voluptates consequatur.', '7e429e8e-7669-403d-bb78-3cd7f9f75afd', 'usr_215');
INSERT INTO trabalho.usuario VALUES ('usr_216', '216_Antnio31@yahoo.com', 'Antônio Moraes', 'male', 37, 'password', 'Nauru');
INSERT INTO trabalho.usuario_esta_inscrito_no_podcast VALUES (1, 'b553d865-8fe2-47de-9a30-10e1dea3bd1d', 'usr_216');
INSERT INTO trabalho.comentarios_podcast_usuario VALUES ('comment_216', 'Iure sapiente et placeat autem sint iure neque atque.', 'b553d865-8fe2-47de-9a30-10e1dea3bd1d', 'usr_216');
INSERT INTO trabalho.usuario VALUES ('usr_217', '217_Antonella.Carvalho36@bol.com.br', 'Antonella Carvalho', 'female', 30, 'password', 'Costa do Marfim');
INSERT INTO trabalho.usuario_esta_inscrito_no_podcast VALUES (3, '219328a1-cec6-4e8c-b003-52a3ec9766bb', 'usr_217');
INSERT INTO trabalho.comentarios_podcast_usuario VALUES ('comment_217', 'Quia nam accusamus est iure aliquid blanditiis.', '219328a1-cec6-4e8c-b003-52a3ec9766bb', 'usr_217');
INSERT INTO trabalho.usuario VALUES ('usr_218', '218_Anthony30@gmail.com', 'Anthony Carvalho', 'male', 30, 'password', 'Barém');
INSERT INTO trabalho.usuario_esta_inscrito_no_podcast VALUES (5, 'af46a958-b921-47b6-9f87-5c4fdc68ea79', 'usr_218');
INSERT INTO trabalho.comentarios_podcast_usuario VALUES ('comment_218', 'Consequatur est placeat quae minus nisi id magnam rerum aut.', 'af46a958-b921-47b6-9f87-5c4fdc68ea79', 'usr_218');
INSERT INTO trabalho.usuario VALUES ('usr_219', '219_Lorena_Costa31@bol.com.br', 'Lorena Costa', 'female', 0, 'password', 'Belize');
INSERT INTO trabalho.usuario_esta_inscrito_no_podcast VALUES (1, 'bc8dac25-793c-4a96-aafc-4ea7020f4f60', 'usr_219');
INSERT INTO trabalho.comentarios_podcast_usuario VALUES ('comment_219', 'Dolorum dolor mollitia voluptatibus sint quas tempora quasi repudiandae.', 'bc8dac25-793c-4a96-aafc-4ea7020f4f60', 'usr_219');
INSERT INTO trabalho.usuario VALUES ('usr_220', '220_Liz56@yahoo.com', 'Liz Martins', 'female', 14, 'password', 'Palau');
INSERT INTO trabalho.usuario_esta_inscrito_no_podcast VALUES (2, 'fa3abe16-3645-4d22-a01d-893e6f20c408', 'usr_220');
INSERT INTO trabalho.comentarios_podcast_usuario VALUES ('comment_220', 'Voluptatem eos rerum ducimus cum officiis.', 'fa3abe16-3645-4d22-a01d-893e6f20c408', 'usr_220');
INSERT INTO trabalho.usuario VALUES ('usr_221', '221_Rebeca_Melo2@gmail.com', 'Rebeca Melo', 'female', 60, 'password', 'Namibia');
INSERT INTO trabalho.usuario_esta_inscrito_no_podcast VALUES (1, '5bdf7377-8330-4f9f-8efd-e95301c122ce', 'usr_221');
INSERT INTO trabalho.comentarios_podcast_usuario VALUES ('comment_221', 'At qui deleniti quidem animi et a.', '5bdf7377-8330-4f9f-8efd-e95301c122ce', 'usr_221');
INSERT INTO trabalho.usuario VALUES ('usr_222', '222_JlioCsar.Moreira22@hotmail.com', 'Júlio César Moreira', 'male', 1, 'password', 'Marianas Setentrionais');
INSERT INTO trabalho.usuario_esta_inscrito_no_podcast VALUES (3, 'f1b92ce7-47a7-43cd-8586-4a09185cdd05', 'usr_222');
INSERT INTO trabalho.comentarios_podcast_usuario VALUES ('comment_222', 'Illum voluptatum doloribus.', 'f1b92ce7-47a7-43cd-8586-4a09185cdd05', 'usr_222');
INSERT INTO trabalho.usuario VALUES ('usr_223', '223_Beatriz_Melo@live.com', 'Beatriz Melo', 'female', 16, 'password', 'Etiópia');
INSERT INTO trabalho.usuario_esta_inscrito_no_podcast VALUES (1, '7e429e8e-7669-403d-bb78-3cd7f9f75afd', 'usr_223');
INSERT INTO trabalho.comentarios_podcast_usuario VALUES ('comment_223', 'Culpa commodi mollitia eaque aut autem eos.', '7e429e8e-7669-403d-bb78-3cd7f9f75afd', 'usr_223');
INSERT INTO trabalho.usuario VALUES ('usr_224', '224_Isaac_Nogueira@hotmail.com', 'Isaac Nogueira', 'male', 44, 'password', 'Filipinas');
INSERT INTO trabalho.usuario_esta_inscrito_no_podcast VALUES (1, '7e429e8e-7669-403d-bb78-3cd7f9f75afd', 'usr_224');
INSERT INTO trabalho.comentarios_podcast_usuario VALUES ('comment_224', 'Aut consequatur tempora.', '7e429e8e-7669-403d-bb78-3cd7f9f75afd', 'usr_224');
INSERT INTO trabalho.usuario VALUES ('usr_225', '225_Salvador_Franco@yahoo.com', 'Salvador Franco', 'male', 50, 'password', 'Guiné Equatorial');
INSERT INTO trabalho.usuario_esta_inscrito_no_podcast VALUES (4, 'fa3abe16-3645-4d22-a01d-893e6f20c408', 'usr_225');
INSERT INTO trabalho.comentarios_podcast_usuario VALUES ('comment_225', 'Qui saepe blanditiis tempora exercitationem sit.', 'fa3abe16-3645-4d22-a01d-893e6f20c408', 'usr_225');
INSERT INTO trabalho.usuario VALUES ('usr_226', '226_Alice_Santos68@live.com', 'Alice Santos', 'female', 35, 'password', 'Dinamarca');
INSERT INTO trabalho.usuario_esta_inscrito_no_podcast VALUES (4, 'b553d865-8fe2-47de-9a30-10e1dea3bd1d', 'usr_226');
INSERT INTO trabalho.comentarios_podcast_usuario VALUES ('comment_226', 'Aut sed ducimus tempora fugiat.', 'b553d865-8fe2-47de-9a30-10e1dea3bd1d', 'usr_226');
INSERT INTO trabalho.usuario VALUES ('usr_227', '227_Lorena10@gmail.com', 'Lorena Moraes', 'female', 30, 'password', 'Uzbequistão');
INSERT INTO trabalho.usuario_esta_inscrito_no_podcast VALUES (0, 'af46a958-b921-47b6-9f87-5c4fdc68ea79', 'usr_227');
INSERT INTO trabalho.comentarios_podcast_usuario VALUES ('comment_227', 'Sit vel incidunt.', 'af46a958-b921-47b6-9f87-5c4fdc68ea79', 'usr_227');
INSERT INTO trabalho.usuario VALUES ('usr_228', '228_Daniel.Carvalho@hotmail.com', 'Daniel Carvalho', 'male', 12, 'password', 'Uruguai');
INSERT INTO trabalho.usuario_esta_inscrito_no_podcast VALUES (0, 'f8e13774-d631-4f34-93f0-2f5d55590265', 'usr_228');
INSERT INTO trabalho.comentarios_podcast_usuario VALUES ('comment_228', 'Delectus laudantium exercitationem dolores cum veniam omnis.', 'f8e13774-d631-4f34-93f0-2f5d55590265', 'usr_228');
INSERT INTO trabalho.usuario VALUES ('usr_229', '229_Beatriz_Carvalho@gmail.com', 'Beatriz Carvalho', 'female', 48, 'password', 'Finlândia');
INSERT INTO trabalho.usuario_esta_inscrito_no_podcast VALUES (1, '67074e68-bc2f-442b-8af2-7d328b6af6eb', 'usr_229');
INSERT INTO trabalho.comentarios_podcast_usuario VALUES ('comment_229', 'Dolore voluptatem hic nulla ut et.', '67074e68-bc2f-442b-8af2-7d328b6af6eb', 'usr_229');
INSERT INTO trabalho.usuario VALUES ('usr_230', '230_Janana_Moreira5@live.com', 'Janaína Moreira', 'female', 3, 'password', 'Turquia');
INSERT INTO trabalho.usuario_esta_inscrito_no_podcast VALUES (4, '219328a1-cec6-4e8c-b003-52a3ec9766bb', 'usr_230');
INSERT INTO trabalho.comentarios_podcast_usuario VALUES ('comment_230', 'Et excepturi exercitationem sit temporibus ut ratione earum omnis esse.', '219328a1-cec6-4e8c-b003-52a3ec9766bb', 'usr_230');
INSERT INTO trabalho.usuario VALUES ('usr_231', '231_Norberto.Reis@gmail.com', 'Norberto Reis', 'male', 13, 'password', 'Wallis e Futuna');
INSERT INTO trabalho.usuario_esta_inscrito_no_podcast VALUES (3, '5bdf7377-8330-4f9f-8efd-e95301c122ce', 'usr_231');
INSERT INTO trabalho.comentarios_podcast_usuario VALUES ('comment_231', 'Et modi et enim magni.', '5bdf7377-8330-4f9f-8efd-e95301c122ce', 'usr_231');
INSERT INTO trabalho.usuario VALUES ('usr_232', '232_Margarida69@bol.com.br', 'Margarida Xavier', 'female', 45, 'password', 'Turcomenistão');
INSERT INTO trabalho.usuario_esta_inscrito_no_podcast VALUES (0, 'f0166bd2-8e4d-4308-b5d7-0b3d627c5dc5', 'usr_232');
INSERT INTO trabalho.comentarios_podcast_usuario VALUES ('comment_232', 'Minus quisquam porro enim aspernatur similique sunt.', 'f0166bd2-8e4d-4308-b5d7-0b3d627c5dc5', 'usr_232');
INSERT INTO trabalho.usuario VALUES ('usr_233', '233_Gustavo85@bol.com.br', 'Gustavo Moraes', 'male', 19, 'password', 'Malta');
INSERT INTO trabalho.usuario_esta_inscrito_no_podcast VALUES (2, 'bc8dac25-793c-4a96-aafc-4ea7020f4f60', 'usr_233');
INSERT INTO trabalho.comentarios_podcast_usuario VALUES ('comment_233', 'Accusamus minima aut officiis ut qui et cupiditate tempora pariatur.', 'bc8dac25-793c-4a96-aafc-4ea7020f4f60', 'usr_233');
INSERT INTO trabalho.usuario VALUES ('usr_234', '234_Emanuel_Albuquerque20@yahoo.com', 'Emanuel Albuquerque', 'male', 50, 'password', 'Seicheles');
INSERT INTO trabalho.usuario_esta_inscrito_no_podcast VALUES (4, 'af46a958-b921-47b6-9f87-5c4fdc68ea79', 'usr_234');
INSERT INTO trabalho.comentarios_podcast_usuario VALUES ('comment_234', 'Laudantium ea cumque velit neque odio.', 'af46a958-b921-47b6-9f87-5c4fdc68ea79', 'usr_234');
INSERT INTO trabalho.usuario VALUES ('usr_235', '235_Lucca.Albuquerque@yahoo.com', 'Lucca Albuquerque', 'male', 50, 'password', 'Guiné Francesa');
INSERT INTO trabalho.usuario_esta_inscrito_no_podcast VALUES (3, 'de2f0ddb-9903-436a-a5e2-54224254c818', 'usr_235');
INSERT INTO trabalho.comentarios_podcast_usuario VALUES ('comment_235', 'Error nemo vel velit corporis.', 'de2f0ddb-9903-436a-a5e2-54224254c818', 'usr_235');
INSERT INTO trabalho.usuario VALUES ('usr_236', '236_Eduarda15@yahoo.com', 'Eduarda Reis', 'female', 6, 'password', 'Timor-Leste');
INSERT INTO trabalho.usuario_esta_inscrito_no_podcast VALUES (1, 'f0166bd2-8e4d-4308-b5d7-0b3d627c5dc5', 'usr_236');
INSERT INTO trabalho.comentarios_podcast_usuario VALUES ('comment_236', 'Voluptatum alias ut.', 'f0166bd2-8e4d-4308-b5d7-0b3d627c5dc5', 'usr_236');
INSERT INTO trabalho.usuario VALUES ('usr_237', '237_AnaJlia40@yahoo.com', 'Ana Júlia Macedo', 'female', 29, 'password', 'Suécia');
INSERT INTO trabalho.usuario_esta_inscrito_no_podcast VALUES (5, 'bc8dac25-793c-4a96-aafc-4ea7020f4f60', 'usr_237');
INSERT INTO trabalho.comentarios_podcast_usuario VALUES ('comment_237', 'Officiis et nulla incidunt explicabo deserunt.', 'bc8dac25-793c-4a96-aafc-4ea7020f4f60', 'usr_237');
INSERT INTO trabalho.usuario VALUES ('usr_238', '238_Fbio_Santos@hotmail.com', 'Fábio Santos', 'male', 34, 'password', 'Noruega');
INSERT INTO trabalho.usuario_esta_inscrito_no_podcast VALUES (0, 'f8e13774-d631-4f34-93f0-2f5d55590265', 'usr_238');
INSERT INTO trabalho.comentarios_podcast_usuario VALUES ('comment_238', 'Quaerat ea dolor expedita autem.', 'f8e13774-d631-4f34-93f0-2f5d55590265', 'usr_238');
INSERT INTO trabalho.usuario VALUES ('usr_239', '239_Roberta58@gmail.com', 'Roberta Reis', 'female', 41, 'password', 'Vietnã');
INSERT INTO trabalho.usuario_esta_inscrito_no_podcast VALUES (3, '67074e68-bc2f-442b-8af2-7d328b6af6eb', 'usr_239');
INSERT INTO trabalho.comentarios_podcast_usuario VALUES ('comment_239', 'Iste illum repellendus facilis.', '67074e68-bc2f-442b-8af2-7d328b6af6eb', 'usr_239');
INSERT INTO trabalho.usuario VALUES ('usr_240', '240_Maria.Carvalho@gmail.com', 'Maria Carvalho', 'female', 15, 'password', 'Sao Tomé e Príncipe');
INSERT INTO trabalho.usuario_esta_inscrito_no_podcast VALUES (2, '5bdf7377-8330-4f9f-8efd-e95301c122ce', 'usr_240');
INSERT INTO trabalho.comentarios_podcast_usuario VALUES ('comment_240', 'Nostrum vero quisquam quas dolore est expedita deserunt.', '5bdf7377-8330-4f9f-8efd-e95301c122ce', 'usr_240');
INSERT INTO trabalho.usuario VALUES ('usr_241', '241_DaviLucca_Barros55@live.com', 'Davi Lucca Barros', 'male', 11, 'password', 'Arábia Saudita');
INSERT INTO trabalho.usuario_esta_inscrito_no_podcast VALUES (2, '7e429e8e-7669-403d-bb78-3cd7f9f75afd', 'usr_241');
INSERT INTO trabalho.comentarios_podcast_usuario VALUES ('comment_241', 'Cupiditate qui provident enim earum harum.', '7e429e8e-7669-403d-bb78-3cd7f9f75afd', 'usr_241');
INSERT INTO trabalho.usuario VALUES ('usr_242', '242_Tho12@yahoo.com', 'Théo Santos', 'male', 56, 'password', 'Albânia');
INSERT INTO trabalho.usuario_esta_inscrito_no_podcast VALUES (3, '5bdf7377-8330-4f9f-8efd-e95301c122ce', 'usr_242');
INSERT INTO trabalho.comentarios_podcast_usuario VALUES ('comment_242', 'Non quasi minima non blanditiis.', '5bdf7377-8330-4f9f-8efd-e95301c122ce', 'usr_242');
INSERT INTO trabalho.usuario VALUES ('usr_243', '243_MariaClara.Xavier@yahoo.com', 'Maria Clara Xavier', 'female', 49, 'password', 'Ilha do Natal');
INSERT INTO trabalho.usuario_esta_inscrito_no_podcast VALUES (0, 'f0166bd2-8e4d-4308-b5d7-0b3d627c5dc5', 'usr_243');
INSERT INTO trabalho.comentarios_podcast_usuario VALUES ('comment_243', 'Tenetur deserunt magnam consequatur excepturi laudantium tempora.', 'f0166bd2-8e4d-4308-b5d7-0b3d627c5dc5', 'usr_243');
INSERT INTO trabalho.usuario VALUES ('usr_244', '244_Bryan.Braga98@live.com', 'Bryan Braga', 'male', 56, 'password', 'Marianas Setentrionais');
INSERT INTO trabalho.usuario_esta_inscrito_no_podcast VALUES (0, 'c58b280a-56d4-4ad8-8c85-730e4ea86361', 'usr_244');
INSERT INTO trabalho.comentarios_podcast_usuario VALUES ('comment_244', 'Debitis qui placeat id magnam vitae autem.', 'c58b280a-56d4-4ad8-8c85-730e4ea86361', 'usr_244');
INSERT INTO trabalho.usuario VALUES ('usr_245', '245_EnzoGabriel_Melo@live.com', 'Enzo Gabriel Melo', 'male', 39, 'password', 'Antilhas Holandesas');
INSERT INTO trabalho.usuario_esta_inscrito_no_podcast VALUES (0, '5bdf7377-8330-4f9f-8efd-e95301c122ce', 'usr_245');
INSERT INTO trabalho.comentarios_podcast_usuario VALUES ('comment_245', 'Et itaque perferendis quia sint.', '5bdf7377-8330-4f9f-8efd-e95301c122ce', 'usr_245');
INSERT INTO trabalho.usuario VALUES ('usr_246', '246_MariaLuiza84@hotmail.com', 'Maria Luiza Saraiva', 'female', 31, 'password', 'Espanha');
INSERT INTO trabalho.usuario_esta_inscrito_no_podcast VALUES (5, 'f1b92ce7-47a7-43cd-8586-4a09185cdd05', 'usr_246');
INSERT INTO trabalho.comentarios_podcast_usuario VALUES ('comment_246', 'Id aut ullam.', 'f1b92ce7-47a7-43cd-8586-4a09185cdd05', 'usr_246');
INSERT INTO trabalho.usuario VALUES ('usr_247', '247_Lavnia_Melo@hotmail.com', 'Lavínia Melo', 'female', 15, 'password', 'África do Sul');
INSERT INTO trabalho.usuario_esta_inscrito_no_podcast VALUES (1, 'af46a958-b921-47b6-9f87-5c4fdc68ea79', 'usr_247');
INSERT INTO trabalho.comentarios_podcast_usuario VALUES ('comment_247', 'Minus accusantium et ullam molestiae quia quo.', 'af46a958-b921-47b6-9f87-5c4fdc68ea79', 'usr_247');
INSERT INTO trabalho.usuario VALUES ('usr_248', '248_Pietro.Macedo61@bol.com.br', 'Pietro Macedo', 'male', 13, 'password', 'Serra Leoa');
INSERT INTO trabalho.usuario_esta_inscrito_no_podcast VALUES (2, 'de2f0ddb-9903-436a-a5e2-54224254c818', 'usr_248');
INSERT INTO trabalho.comentarios_podcast_usuario VALUES ('comment_248', 'Excepturi ut exercitationem et animi necessitatibus voluptatem ab tempore.', 'de2f0ddb-9903-436a-a5e2-54224254c818', 'usr_248');
INSERT INTO trabalho.usuario VALUES ('usr_249', '249_DaviLucca12@live.com', 'Davi Lucca Oliveira', 'male', 20, 'password', 'Suíça');
INSERT INTO trabalho.usuario_esta_inscrito_no_podcast VALUES (2, '168c1536-4c42-4b8f-8c77-f06affefec6a', 'usr_249');
INSERT INTO trabalho.comentarios_podcast_usuario VALUES ('comment_249', 'Consequatur omnis quaerat omnis doloremque architecto aut.', '168c1536-4c42-4b8f-8c77-f06affefec6a', 'usr_249');
INSERT INTO trabalho.usuario VALUES ('usr_250', '250_Dalila_Carvalho@gmail.com', 'Dalila Carvalho', 'female', 38, 'password', 'Comores');
INSERT INTO trabalho.usuario_esta_inscrito_no_podcast VALUES (4, 'af46a958-b921-47b6-9f87-5c4fdc68ea79', 'usr_250');
INSERT INTO trabalho.comentarios_podcast_usuario VALUES ('comment_250', 'Ut sit sed consequatur eos illo quasi ipsum.', 'af46a958-b921-47b6-9f87-5c4fdc68ea79', 'usr_250');
INSERT INTO trabalho.usuario VALUES ('usr_251', '251_Alexandre33@yahoo.com', 'Alexandre Martins', 'male', 45, 'password', 'Kuwait');
INSERT INTO trabalho.usuario_esta_inscrito_no_podcast VALUES (2, '7e429e8e-7669-403d-bb78-3cd7f9f75afd', 'usr_251');
INSERT INTO trabalho.comentarios_podcast_usuario VALUES ('comment_251', 'In deserunt consequatur voluptas fugit sunt modi optio eum.', '7e429e8e-7669-403d-bb78-3cd7f9f75afd', 'usr_251');
INSERT INTO trabalho.usuario VALUES ('usr_252', '252_Roberta.Reis47@gmail.com', 'Roberta Reis', 'female', 7, 'password', 'Nigéria');
INSERT INTO trabalho.usuario_esta_inscrito_no_podcast VALUES (5, 'f0166bd2-8e4d-4308-b5d7-0b3d627c5dc5', 'usr_252');
INSERT INTO trabalho.comentarios_podcast_usuario VALUES ('comment_252', 'Laboriosam et ad qui distinctio et dolores.', 'f0166bd2-8e4d-4308-b5d7-0b3d627c5dc5', 'usr_252');
INSERT INTO trabalho.usuario VALUES ('usr_253', '253_Joana.Xavier@live.com', 'Joana Xavier', 'female', 22, 'password', 'Jordânia');
INSERT INTO trabalho.usuario_esta_inscrito_no_podcast VALUES (4, 'af46a958-b921-47b6-9f87-5c4fdc68ea79', 'usr_253');
INSERT INTO trabalho.comentarios_podcast_usuario VALUES ('comment_253', 'Accusantium totam aliquam quae repellendus consequatur perspiciatis.', 'af46a958-b921-47b6-9f87-5c4fdc68ea79', 'usr_253');
INSERT INTO trabalho.usuario VALUES ('usr_254', '254_Pietro.Nogueira32@bol.com.br', 'Pietro Nogueira', 'male', 40, 'password', 'Martinica');
INSERT INTO trabalho.usuario_esta_inscrito_no_podcast VALUES (3, '67074e68-bc2f-442b-8af2-7d328b6af6eb', 'usr_254');
INSERT INTO trabalho.comentarios_podcast_usuario VALUES ('comment_254', 'Odio tempore ipsum expedita.', '67074e68-bc2f-442b-8af2-7d328b6af6eb', 'usr_254');
INSERT INTO trabalho.usuario VALUES ('usr_255', '255_Larissa.Melo@gmail.com', 'Larissa Melo', 'female', 44, 'password', 'França');
INSERT INTO trabalho.usuario_esta_inscrito_no_podcast VALUES (0, '5bdf7377-8330-4f9f-8efd-e95301c122ce', 'usr_255');
INSERT INTO trabalho.comentarios_podcast_usuario VALUES ('comment_255', 'Exercitationem odio non saepe.', '5bdf7377-8330-4f9f-8efd-e95301c122ce', 'usr_255');
INSERT INTO trabalho.usuario VALUES ('usr_256', '256_Henrique_Franco@live.com', 'Henrique Franco', 'male', 13, 'password', 'Ilha Bouvet');
INSERT INTO trabalho.usuario_esta_inscrito_no_podcast VALUES (1, 'f8e13774-d631-4f34-93f0-2f5d55590265', 'usr_256');
INSERT INTO trabalho.comentarios_podcast_usuario VALUES ('comment_256', 'Voluptatem vitae aut.', 'f8e13774-d631-4f34-93f0-2f5d55590265', 'usr_256');
INSERT INTO trabalho.usuario VALUES ('usr_257', '257_Mrcia.Macedo86@bol.com.br', 'Mércia Macedo', 'female', 58, 'password', 'Reino Unido');
INSERT INTO trabalho.usuario_esta_inscrito_no_podcast VALUES (5, 'de2f0ddb-9903-436a-a5e2-54224254c818', 'usr_257');
INSERT INTO trabalho.comentarios_podcast_usuario VALUES ('comment_257', 'Voluptatem odit enim quam.', 'de2f0ddb-9903-436a-a5e2-54224254c818', 'usr_257');
INSERT INTO trabalho.usuario VALUES ('usr_258', '258_Marli_Albuquerque63@gmail.com', 'Marli Albuquerque', 'female', 18, 'password', 'Congo');
INSERT INTO trabalho.usuario_esta_inscrito_no_podcast VALUES (5, '5bdf7377-8330-4f9f-8efd-e95301c122ce', 'usr_258');
INSERT INTO trabalho.comentarios_podcast_usuario VALUES ('comment_258', 'Ratione impedit suscipit molestias repudiandae animi voluptatem aut maxime ut.', '5bdf7377-8330-4f9f-8efd-e95301c122ce', 'usr_258');
INSERT INTO trabalho.usuario VALUES ('usr_259', '259_Bernardo_Barros21@yahoo.com', 'Bernardo Barros', 'male', 2, 'password', 'Guiné');
INSERT INTO trabalho.usuario_esta_inscrito_no_podcast VALUES (4, 'f0166bd2-8e4d-4308-b5d7-0b3d627c5dc5', 'usr_259');
INSERT INTO trabalho.comentarios_podcast_usuario VALUES ('comment_259', 'Reprehenderit fugit expedita eos odio.', 'f0166bd2-8e4d-4308-b5d7-0b3d627c5dc5', 'usr_259');
INSERT INTO trabalho.usuario VALUES ('usr_260', '260_Danilo.Reis@live.com', 'Danilo Reis', 'male', 19, 'password', 'Libéria');
INSERT INTO trabalho.usuario_esta_inscrito_no_podcast VALUES (4, 'af46a958-b921-47b6-9f87-5c4fdc68ea79', 'usr_260');
INSERT INTO trabalho.comentarios_podcast_usuario VALUES ('comment_260', 'Similique dolorem vitae.', 'af46a958-b921-47b6-9f87-5c4fdc68ea79', 'usr_260');
INSERT INTO trabalho.usuario VALUES ('usr_261', '261_Noah_Melo@hotmail.com', 'Noah Melo', 'male', 49, 'password', 'Sudão');
INSERT INTO trabalho.usuario_esta_inscrito_no_podcast VALUES (2, '7e429e8e-7669-403d-bb78-3cd7f9f75afd', 'usr_261');
INSERT INTO trabalho.comentarios_podcast_usuario VALUES ('comment_261', 'Magni cum reiciendis aut culpa laudantium vitae molestiae.', '7e429e8e-7669-403d-bb78-3cd7f9f75afd', 'usr_261');
INSERT INTO trabalho.usuario VALUES ('usr_262', '262_Margarida_Macedo67@live.com', 'Margarida Macedo', 'female', 12, 'password', 'Argentina');
INSERT INTO trabalho.usuario_esta_inscrito_no_podcast VALUES (2, '219328a1-cec6-4e8c-b003-52a3ec9766bb', 'usr_262');
INSERT INTO trabalho.comentarios_podcast_usuario VALUES ('comment_262', 'Laudantium atque voluptatem quos quia ipsum rerum tempora cum harum.', '219328a1-cec6-4e8c-b003-52a3ec9766bb', 'usr_262');
INSERT INTO trabalho.usuario VALUES ('usr_263', '263_Dalila77@yahoo.com', 'Dalila Costa', 'female', 42, 'password', 'Panamá');
INSERT INTO trabalho.usuario_esta_inscrito_no_podcast VALUES (5, '168c1536-4c42-4b8f-8c77-f06affefec6a', 'usr_263');
INSERT INTO trabalho.comentarios_podcast_usuario VALUES ('comment_263', 'Aut dolor quisquam illo.', '168c1536-4c42-4b8f-8c77-f06affefec6a', 'usr_263');
INSERT INTO trabalho.usuario VALUES ('usr_264', '264_Heitor.Souza@live.com', 'Heitor Souza', 'male', 4, 'password', 'Qatar');
INSERT INTO trabalho.usuario_esta_inscrito_no_podcast VALUES (4, '5bdf7377-8330-4f9f-8efd-e95301c122ce', 'usr_264');
INSERT INTO trabalho.comentarios_podcast_usuario VALUES ('comment_264', 'Voluptatibus nam accusamus sit quidem facere asperiores.', '5bdf7377-8330-4f9f-8efd-e95301c122ce', 'usr_264');
INSERT INTO trabalho.usuario VALUES ('usr_265', '265_Beatriz_Carvalho74@live.com', 'Beatriz Carvalho', 'female', 29, 'password', 'Itália');
INSERT INTO trabalho.usuario_esta_inscrito_no_podcast VALUES (4, '67074e68-bc2f-442b-8af2-7d328b6af6eb', 'usr_265');
INSERT INTO trabalho.comentarios_podcast_usuario VALUES ('comment_265', 'Possimus et quam quia in aut quia ut itaque.', '67074e68-bc2f-442b-8af2-7d328b6af6eb', 'usr_265');
INSERT INTO trabalho.usuario VALUES ('usr_266', '266_Janana_Franco@gmail.com', 'Janaína Franco', 'female', 5, 'password', 'Montenegro');
INSERT INTO trabalho.usuario_esta_inscrito_no_podcast VALUES (1, '168c1536-4c42-4b8f-8c77-f06affefec6a', 'usr_266');
INSERT INTO trabalho.comentarios_podcast_usuario VALUES ('comment_266', 'Quisquam vel consectetur eum sapiente ut.', '168c1536-4c42-4b8f-8c77-f06affefec6a', 'usr_266');
INSERT INTO trabalho.usuario VALUES ('usr_267', '267_Isis_Oliveira@bol.com.br', 'Isis Oliveira', 'female', 12, 'password', 'Costa do Marfim');
INSERT INTO trabalho.usuario_esta_inscrito_no_podcast VALUES (4, 'fa3abe16-3645-4d22-a01d-893e6f20c408', 'usr_267');
INSERT INTO trabalho.comentarios_podcast_usuario VALUES ('comment_267', 'Quis et aspernatur blanditiis illo dolorem sed aliquam amet ut.', 'fa3abe16-3645-4d22-a01d-893e6f20c408', 'usr_267');
INSERT INTO trabalho.usuario VALUES ('usr_268', '268_Matheus_Albuquerque90@bol.com.br', 'Matheus Albuquerque', 'male', 4, 'password', 'Guatemala');
INSERT INTO trabalho.usuario_esta_inscrito_no_podcast VALUES (4, 'b553d865-8fe2-47de-9a30-10e1dea3bd1d', 'usr_268');
INSERT INTO trabalho.comentarios_podcast_usuario VALUES ('comment_268', 'Et natus doloremque.', 'b553d865-8fe2-47de-9a30-10e1dea3bd1d', 'usr_268');
INSERT INTO trabalho.usuario VALUES ('usr_269', '269_Paula88@live.com', 'Paula Carvalho', 'female', 5, 'password', 'Território da Palestina');
INSERT INTO trabalho.usuario_esta_inscrito_no_podcast VALUES (0, 'de2f0ddb-9903-436a-a5e2-54224254c818', 'usr_269');
INSERT INTO trabalho.comentarios_podcast_usuario VALUES ('comment_269', 'Aut sint et nulla.', 'de2f0ddb-9903-436a-a5e2-54224254c818', 'usr_269');
INSERT INTO trabalho.usuario VALUES ('usr_270', '270_Breno.Barros44@hotmail.com', 'Breno Barros', 'male', 24, 'password', 'Bangladesh');
INSERT INTO trabalho.usuario_esta_inscrito_no_podcast VALUES (2, 'bc8dac25-793c-4a96-aafc-4ea7020f4f60', 'usr_270');
INSERT INTO trabalho.comentarios_podcast_usuario VALUES ('comment_270', 'Delectus qui delectus.', 'bc8dac25-793c-4a96-aafc-4ea7020f4f60', 'usr_270');
INSERT INTO trabalho.usuario VALUES ('usr_271', '271_Isaac34@hotmail.com', 'Isaac Braga', 'male', 6, 'password', 'Peru');
INSERT INTO trabalho.usuario_esta_inscrito_no_podcast VALUES (3, 'f1b92ce7-47a7-43cd-8586-4a09185cdd05', 'usr_271');
INSERT INTO trabalho.comentarios_podcast_usuario VALUES ('comment_271', 'Reprehenderit minus eos nobis est quia totam optio fugiat beatae.', 'f1b92ce7-47a7-43cd-8586-4a09185cdd05', 'usr_271');
INSERT INTO trabalho.usuario VALUES ('usr_272', '272_Lucas.Costa@live.com', 'Lucas Costa', 'male', 52, 'password', 'Território da Palestina');
INSERT INTO trabalho.usuario_esta_inscrito_no_podcast VALUES (3, '168c1536-4c42-4b8f-8c77-f06affefec6a', 'usr_272');
INSERT INTO trabalho.comentarios_podcast_usuario VALUES ('comment_272', 'Et voluptatibus repudiandae voluptate ut iste dolorem eaque enim.', '168c1536-4c42-4b8f-8c77-f06affefec6a', 'usr_272');
INSERT INTO trabalho.usuario VALUES ('usr_273', '273_Mrcia38@gmail.com', 'Márcia Franco', 'female', 7, 'password', 'Egito');
INSERT INTO trabalho.usuario_esta_inscrito_no_podcast VALUES (3, 'fa3abe16-3645-4d22-a01d-893e6f20c408', 'usr_273');
INSERT INTO trabalho.comentarios_podcast_usuario VALUES ('comment_273', 'Quasi corrupti sint deleniti assumenda tempora sint dolorem sapiente.', 'fa3abe16-3645-4d22-a01d-893e6f20c408', 'usr_273');
INSERT INTO trabalho.usuario VALUES ('usr_274', '274_Matheus_Franco@live.com', 'Matheus Franco', 'male', 56, 'password', 'Ilhas Faroe');
INSERT INTO trabalho.usuario_esta_inscrito_no_podcast VALUES (0, 'fa3abe16-3645-4d22-a01d-893e6f20c408', 'usr_274');
INSERT INTO trabalho.comentarios_podcast_usuario VALUES ('comment_274', 'Enim itaque cumque.', 'fa3abe16-3645-4d22-a01d-893e6f20c408', 'usr_274');
INSERT INTO trabalho.usuario VALUES ('usr_275', '275_Nataniel87@yahoo.com', 'Nataniel Braga', 'male', 20, 'password', 'Ilha Norfolk');
INSERT INTO trabalho.usuario_esta_inscrito_no_podcast VALUES (5, '168c1536-4c42-4b8f-8c77-f06affefec6a', 'usr_275');
INSERT INTO trabalho.comentarios_podcast_usuario VALUES ('comment_275', 'Sequi fuga numquam et est amet et earum.', '168c1536-4c42-4b8f-8c77-f06affefec6a', 'usr_275');
INSERT INTO trabalho.usuario VALUES ('usr_276', '276_Isis_Batista@live.com', 'Isis Batista', 'female', 8, 'password', 'Singapura');
INSERT INTO trabalho.usuario_esta_inscrito_no_podcast VALUES (3, '7e429e8e-7669-403d-bb78-3cd7f9f75afd', 'usr_276');
INSERT INTO trabalho.comentarios_podcast_usuario VALUES ('comment_276', 'Eum dignissimos placeat labore excepturi dolor.', '7e429e8e-7669-403d-bb78-3cd7f9f75afd', 'usr_276');
INSERT INTO trabalho.usuario VALUES ('usr_277', '277_Mrcia_Silva@gmail.com', 'Mércia Silva', 'female', 36, 'password', 'Gana');
INSERT INTO trabalho.usuario_esta_inscrito_no_podcast VALUES (1, 'f8e13774-d631-4f34-93f0-2f5d55590265', 'usr_277');
INSERT INTO trabalho.comentarios_podcast_usuario VALUES ('comment_277', 'Est nesciunt qui consequatur dolor doloremque.', 'f8e13774-d631-4f34-93f0-2f5d55590265', 'usr_277');
INSERT INTO trabalho.usuario VALUES ('usr_278', '278_Elisa.Oliveira@gmail.com', 'Elisa Oliveira', 'female', 37, 'password', 'Uruguai');
INSERT INTO trabalho.usuario_esta_inscrito_no_podcast VALUES (3, 'f0166bd2-8e4d-4308-b5d7-0b3d627c5dc5', 'usr_278');
INSERT INTO trabalho.comentarios_podcast_usuario VALUES ('comment_278', 'Atque qui dolores eum eum neque sed cupiditate voluptatem consectetur.', 'f0166bd2-8e4d-4308-b5d7-0b3d627c5dc5', 'usr_278');
INSERT INTO trabalho.usuario VALUES ('usr_279', '279_Alcia52@hotmail.com', 'Alícia Barros', 'female', 35, 'password', 'Ilha do Natal');
INSERT INTO trabalho.usuario_esta_inscrito_no_podcast VALUES (4, 'f8e13774-d631-4f34-93f0-2f5d55590265', 'usr_279');
INSERT INTO trabalho.comentarios_podcast_usuario VALUES ('comment_279', 'Ex ad at mollitia non animi.', 'f8e13774-d631-4f34-93f0-2f5d55590265', 'usr_279');
INSERT INTO trabalho.usuario VALUES ('usr_280', '280_Joaquim_Braga13@hotmail.com', 'Joaquim Braga', 'male', 44, 'password', 'Latvia');
INSERT INTO trabalho.usuario_esta_inscrito_no_podcast VALUES (5, 'c58b280a-56d4-4ad8-8c85-730e4ea86361', 'usr_280');
INSERT INTO trabalho.comentarios_podcast_usuario VALUES ('comment_280', 'Molestiae aut voluptates harum illum provident.', 'c58b280a-56d4-4ad8-8c85-730e4ea86361', 'usr_280');
INSERT INTO trabalho.usuario VALUES ('usr_281', '281_Meire74@yahoo.com', 'Meire Reis', 'female', 31, 'password', 'Aruba');
INSERT INTO trabalho.usuario_esta_inscrito_no_podcast VALUES (2, '67074e68-bc2f-442b-8af2-7d328b6af6eb', 'usr_281');
INSERT INTO trabalho.comentarios_podcast_usuario VALUES ('comment_281', 'Error porro eius aut ipsam dolorem quis qui at.', '67074e68-bc2f-442b-8af2-7d328b6af6eb', 'usr_281');
INSERT INTO trabalho.usuario VALUES ('usr_282', '282_MariaClara38@live.com', 'Maria Clara Albuquerque', 'female', 10, 'password', 'Suriname');
INSERT INTO trabalho.usuario_esta_inscrito_no_podcast VALUES (5, '219328a1-cec6-4e8c-b003-52a3ec9766bb', 'usr_282');
INSERT INTO trabalho.comentarios_podcast_usuario VALUES ('comment_282', 'Voluptas ipsam aut nobis.', '219328a1-cec6-4e8c-b003-52a3ec9766bb', 'usr_282');
INSERT INTO trabalho.usuario VALUES ('usr_283', '283_Isabelly78@yahoo.com', 'Isabelly Pereira', 'female', 17, 'password', 'Venezuela');
INSERT INTO trabalho.usuario_esta_inscrito_no_podcast VALUES (5, 'c58b280a-56d4-4ad8-8c85-730e4ea86361', 'usr_283');
INSERT INTO trabalho.comentarios_podcast_usuario VALUES ('comment_283', 'Dicta quia sequi suscipit ad est omnis.', 'c58b280a-56d4-4ad8-8c85-730e4ea86361', 'usr_283');
INSERT INTO trabalho.usuario VALUES ('usr_284', '284_Vctor66@gmail.com', 'Víctor Pereira', 'male', 54, 'password', 'Nepal');
INSERT INTO trabalho.usuario_esta_inscrito_no_podcast VALUES (0, '7e429e8e-7669-403d-bb78-3cd7f9f75afd', 'usr_284');
INSERT INTO trabalho.comentarios_podcast_usuario VALUES ('comment_284', 'Et magnam numquam rem quisquam.', '7e429e8e-7669-403d-bb78-3cd7f9f75afd', 'usr_284');
INSERT INTO trabalho.usuario VALUES ('usr_285', '285_Pablo34@gmail.com', 'Pablo Xavier', 'male', 11, 'password', 'Reino Unido');
INSERT INTO trabalho.usuario_esta_inscrito_no_podcast VALUES (1, '168c1536-4c42-4b8f-8c77-f06affefec6a', 'usr_285');
INSERT INTO trabalho.comentarios_podcast_usuario VALUES ('comment_285', 'Quia et libero eligendi excepturi non reiciendis qui doloribus.', '168c1536-4c42-4b8f-8c77-f06affefec6a', 'usr_285');
INSERT INTO trabalho.usuario VALUES ('usr_286', '286_AnaClara47@yahoo.com', 'Ana Clara Braga', 'female', 13, 'password', 'Panamá');
INSERT INTO trabalho.usuario_esta_inscrito_no_podcast VALUES (3, '7e429e8e-7669-403d-bb78-3cd7f9f75afd', 'usr_286');
INSERT INTO trabalho.comentarios_podcast_usuario VALUES ('comment_286', 'Id provident quo sapiente optio aut.', '7e429e8e-7669-403d-bb78-3cd7f9f75afd', 'usr_286');
INSERT INTO trabalho.usuario VALUES ('usr_287', '287_Natlia24@gmail.com', 'Natália Carvalho', 'female', 23, 'password', 'Malvinas');
INSERT INTO trabalho.usuario_esta_inscrito_no_podcast VALUES (4, 'f8e13774-d631-4f34-93f0-2f5d55590265', 'usr_287');
INSERT INTO trabalho.comentarios_podcast_usuario VALUES ('comment_287', 'Necessitatibus occaecati error et nesciunt minus ipsum est autem.', 'f8e13774-d631-4f34-93f0-2f5d55590265', 'usr_287');
INSERT INTO trabalho.usuario VALUES ('usr_288', '288_Lucca_Braga39@gmail.com', 'Lucca Braga', 'male', 13, 'password', 'Algéria');
INSERT INTO trabalho.usuario_esta_inscrito_no_podcast VALUES (4, 'af46a958-b921-47b6-9f87-5c4fdc68ea79', 'usr_288');
INSERT INTO trabalho.comentarios_podcast_usuario VALUES ('comment_288', 'Soluta porro quia minus unde tempora.', 'af46a958-b921-47b6-9f87-5c4fdc68ea79', 'usr_288');
INSERT INTO trabalho.usuario VALUES ('usr_289', '289_Noah30@live.com', 'Noah Souza', 'male', 18, 'password', 'Haiti');
INSERT INTO trabalho.usuario_esta_inscrito_no_podcast VALUES (1, 'f1b92ce7-47a7-43cd-8586-4a09185cdd05', 'usr_289');
INSERT INTO trabalho.comentarios_podcast_usuario VALUES ('comment_289', 'Ut accusamus omnis ullam quia quisquam.', 'f1b92ce7-47a7-43cd-8586-4a09185cdd05', 'usr_289');
INSERT INTO trabalho.usuario VALUES ('usr_290', '290_Roberta_Carvalho51@bol.com.br', 'Roberta Carvalho', 'female', 22, 'password', 'Camarões');
INSERT INTO trabalho.usuario_esta_inscrito_no_podcast VALUES (4, '5bdf7377-8330-4f9f-8efd-e95301c122ce', 'usr_290');
INSERT INTO trabalho.comentarios_podcast_usuario VALUES ('comment_290', 'Aperiam eius aut error ea ut accusantium molestiae.', '5bdf7377-8330-4f9f-8efd-e95301c122ce', 'usr_290');
INSERT INTO trabalho.usuario VALUES ('usr_291', '291_Yango.Xavier20@bol.com.br', 'Yango Xavier', 'male', 28, 'password', 'Niue');
INSERT INTO trabalho.usuario_esta_inscrito_no_podcast VALUES (3, 'c58b280a-56d4-4ad8-8c85-730e4ea86361', 'usr_291');
INSERT INTO trabalho.comentarios_podcast_usuario VALUES ('comment_291', 'Amet quis est esse voluptatem reprehenderit totam.', 'c58b280a-56d4-4ad8-8c85-730e4ea86361', 'usr_291');
INSERT INTO trabalho.usuario VALUES ('usr_292', '292_Jlio_Xavier@yahoo.com', 'Júlio Xavier', 'male', 46, 'password', 'Latvia');
INSERT INTO trabalho.usuario_esta_inscrito_no_podcast VALUES (4, '168c1536-4c42-4b8f-8c77-f06affefec6a', 'usr_292');
INSERT INTO trabalho.comentarios_podcast_usuario VALUES ('comment_292', 'Ullam et officia asperiores quod in vel.', '168c1536-4c42-4b8f-8c77-f06affefec6a', 'usr_292');
INSERT INTO trabalho.usuario VALUES ('usr_293', '293_Gustavo4@live.com', 'Gustavo Franco', 'male', 33, 'password', 'Argentina');
INSERT INTO trabalho.usuario_esta_inscrito_no_podcast VALUES (2, 'f8e13774-d631-4f34-93f0-2f5d55590265', 'usr_293');
INSERT INTO trabalho.comentarios_podcast_usuario VALUES ('comment_293', 'Aliquid neque quis.', 'f8e13774-d631-4f34-93f0-2f5d55590265', 'usr_293');
INSERT INTO trabalho.usuario VALUES ('usr_294', '294_AnaLaura.Pereira@gmail.com', 'Ana Laura Pereira', 'female', 24, 'password', 'Estados Unidos da América');
INSERT INTO trabalho.usuario_esta_inscrito_no_podcast VALUES (4, '219328a1-cec6-4e8c-b003-52a3ec9766bb', 'usr_294');
INSERT INTO trabalho.comentarios_podcast_usuario VALUES ('comment_294', 'Ad in vel.', '219328a1-cec6-4e8c-b003-52a3ec9766bb', 'usr_294');
INSERT INTO trabalho.usuario VALUES ('usr_295', '295_Emanuel.Santos51@gmail.com', 'Emanuel Santos', 'male', 1, 'password', 'Ilha Bouvet');
INSERT INTO trabalho.usuario_esta_inscrito_no_podcast VALUES (3, '219328a1-cec6-4e8c-b003-52a3ec9766bb', 'usr_295');
INSERT INTO trabalho.comentarios_podcast_usuario VALUES ('comment_295', 'Sint tempore eaque eum placeat expedita rerum mollitia omnis.', '219328a1-cec6-4e8c-b003-52a3ec9766bb', 'usr_295');
INSERT INTO trabalho.usuario VALUES ('usr_296', '296_Marcela26@yahoo.com', 'Marcela Macedo', 'female', 47, 'password', 'Armênia');
INSERT INTO trabalho.usuario_esta_inscrito_no_podcast VALUES (0, 'f8e13774-d631-4f34-93f0-2f5d55590265', 'usr_296');
INSERT INTO trabalho.comentarios_podcast_usuario VALUES ('comment_296', 'Velit distinctio aperiam officia aperiam eos adipisci exercitationem.', 'f8e13774-d631-4f34-93f0-2f5d55590265', 'usr_296');
INSERT INTO trabalho.usuario VALUES ('usr_297', '297_Mait.Santos72@live.com', 'Maitê Santos', 'female', 5, 'password', 'Índia');
INSERT INTO trabalho.usuario_esta_inscrito_no_podcast VALUES (0, 'b553d865-8fe2-47de-9a30-10e1dea3bd1d', 'usr_297');
INSERT INTO trabalho.comentarios_podcast_usuario VALUES ('comment_297', 'Voluptatum incidunt qui voluptatem delectus omnis cum ea corporis.', 'b553d865-8fe2-47de-9a30-10e1dea3bd1d', 'usr_297');
INSERT INTO trabalho.usuario VALUES ('usr_298', '298_Leonardo_Braga@gmail.com', 'Leonardo Braga', 'male', 1, 'password', 'Togo');
INSERT INTO trabalho.usuario_esta_inscrito_no_podcast VALUES (2, 'af46a958-b921-47b6-9f87-5c4fdc68ea79', 'usr_298');
INSERT INTO trabalho.comentarios_podcast_usuario VALUES ('comment_298', 'Tempora facilis accusantium voluptate nam alias dolorem numquam ab.', 'af46a958-b921-47b6-9f87-5c4fdc68ea79', 'usr_298');
INSERT INTO trabalho.usuario VALUES ('usr_299', '299_Margarida.Batista13@live.com', 'Margarida Batista', 'female', 30, 'password', 'Paraguai');
INSERT INTO trabalho.usuario_esta_inscrito_no_podcast VALUES (2, 'f1b92ce7-47a7-43cd-8586-4a09185cdd05', 'usr_299');
INSERT INTO trabalho.comentarios_podcast_usuario VALUES ('comment_299', 'Enim qui voluptatem at molestiae explicabo.', 'f1b92ce7-47a7-43cd-8586-4a09185cdd05', 'usr_299');
INSERT INTO trabalho.usuario VALUES ('usr_300', '300_Deneval_Moraes96@bol.com.br', 'Deneval Moraes', 'male', 2, 'password', 'São Pedro e Miquelão');
INSERT INTO trabalho.usuario_esta_inscrito_no_podcast VALUES (5, '168c1536-4c42-4b8f-8c77-f06affefec6a', 'usr_300');
INSERT INTO trabalho.comentarios_podcast_usuario VALUES ('comment_300', 'Rem aut quaerat accusamus occaecati.', '168c1536-4c42-4b8f-8c77-f06affefec6a', 'usr_300');
INSERT INTO trabalho.usuario VALUES ('usr_301', '301_Isabella54@gmail.com', 'Isabella Carvalho', 'female', 8, 'password', 'Jersey');
INSERT INTO trabalho.usuario_esta_inscrito_no_podcast VALUES (2, 'b553d865-8fe2-47de-9a30-10e1dea3bd1d', 'usr_301');
INSERT INTO trabalho.comentarios_podcast_usuario VALUES ('comment_301', 'Earum molestias autem ab repellat placeat molestias.', 'b553d865-8fe2-47de-9a30-10e1dea3bd1d', 'usr_301');
INSERT INTO trabalho.usuario VALUES ('usr_302', '302_Eduarda35@live.com', 'Eduarda Reis', 'female', 8, 'password', 'São Bartolomeu');
INSERT INTO trabalho.usuario_esta_inscrito_no_podcast VALUES (4, 'fa3abe16-3645-4d22-a01d-893e6f20c408', 'usr_302');
INSERT INTO trabalho.comentarios_podcast_usuario VALUES ('comment_302', 'Praesentium alias rerum.', 'fa3abe16-3645-4d22-a01d-893e6f20c408', 'usr_302');
INSERT INTO trabalho.usuario VALUES ('usr_303', '303_Raul_Santos@bol.com.br', 'Raul Santos', 'male', 30, 'password', 'Burundi');
INSERT INTO trabalho.usuario_esta_inscrito_no_podcast VALUES (4, 'b553d865-8fe2-47de-9a30-10e1dea3bd1d', 'usr_303');
INSERT INTO trabalho.comentarios_podcast_usuario VALUES ('comment_303', 'Fuga ut dolor.', 'b553d865-8fe2-47de-9a30-10e1dea3bd1d', 'usr_303');
INSERT INTO trabalho.usuario VALUES ('usr_304', '304_Elo.Saraiva53@gmail.com', 'Eloá Saraiva', 'female', 36, 'password', 'Haiti');
INSERT INTO trabalho.usuario_esta_inscrito_no_podcast VALUES (4, 'af46a958-b921-47b6-9f87-5c4fdc68ea79', 'usr_304');
INSERT INTO trabalho.comentarios_podcast_usuario VALUES ('comment_304', 'Deleniti facilis velit nobis quae.', 'af46a958-b921-47b6-9f87-5c4fdc68ea79', 'usr_304');
INSERT INTO trabalho.usuario VALUES ('usr_305', '305_MariaAlice.Xavier@hotmail.com', 'Maria Alice Xavier', 'female', 41, 'password', 'Serra Leoa');
INSERT INTO trabalho.usuario_esta_inscrito_no_podcast VALUES (3, '219328a1-cec6-4e8c-b003-52a3ec9766bb', 'usr_305');
INSERT INTO trabalho.comentarios_podcast_usuario VALUES ('comment_305', 'Aut doloremque quas hic non mollitia.', '219328a1-cec6-4e8c-b003-52a3ec9766bb', 'usr_305');
INSERT INTO trabalho.usuario VALUES ('usr_306', '306_Laura.Oliveira@yahoo.com', 'Laura Oliveira', 'female', 34, 'password', 'Anguila');
INSERT INTO trabalho.usuario_esta_inscrito_no_podcast VALUES (4, 'de2f0ddb-9903-436a-a5e2-54224254c818', 'usr_306');
INSERT INTO trabalho.comentarios_podcast_usuario VALUES ('comment_306', 'Iure consectetur aut pariatur.', 'de2f0ddb-9903-436a-a5e2-54224254c818', 'usr_306');
INSERT INTO trabalho.usuario VALUES ('usr_307', '307_Alice_Reis40@live.com', 'Alice Reis', 'female', 36, 'password', 'Nova Caledonia');
INSERT INTO trabalho.usuario_esta_inscrito_no_podcast VALUES (5, 'f1b92ce7-47a7-43cd-8586-4a09185cdd05', 'usr_307');
INSERT INTO trabalho.comentarios_podcast_usuario VALUES ('comment_307', 'Quibusdam quasi commodi et ex eligendi voluptate aut quasi qui.', 'f1b92ce7-47a7-43cd-8586-4a09185cdd05', 'usr_307');
INSERT INTO trabalho.usuario VALUES ('usr_308', '308_Henrique17@hotmail.com', 'Henrique Franco', 'male', 49, 'password', 'Madagascar');
INSERT INTO trabalho.usuario_esta_inscrito_no_podcast VALUES (0, '7e429e8e-7669-403d-bb78-3cd7f9f75afd', 'usr_308');
INSERT INTO trabalho.comentarios_podcast_usuario VALUES ('comment_308', 'Cum voluptas quia.', '7e429e8e-7669-403d-bb78-3cd7f9f75afd', 'usr_308');
INSERT INTO trabalho.usuario VALUES ('usr_309', '309_Fabiano.Moreira43@yahoo.com', 'Fabiano Moreira', 'male', 7, 'password', 'Holanda');
INSERT INTO trabalho.usuario_esta_inscrito_no_podcast VALUES (3, '67074e68-bc2f-442b-8af2-7d328b6af6eb', 'usr_309');
INSERT INTO trabalho.comentarios_podcast_usuario VALUES ('comment_309', 'Amet ratione veritatis est numquam.', '67074e68-bc2f-442b-8af2-7d328b6af6eb', 'usr_309');
INSERT INTO trabalho.usuario VALUES ('usr_310', '310_JlioCsar83@hotmail.com', 'Júlio César Pereira', 'male', 42, 'password', 'Afeganistão');
INSERT INTO trabalho.usuario_esta_inscrito_no_podcast VALUES (3, 'c58b280a-56d4-4ad8-8c85-730e4ea86361', 'usr_310');
INSERT INTO trabalho.comentarios_podcast_usuario VALUES ('comment_310', 'Fugiat impedit odit ut ea deleniti assumenda tenetur deserunt quo.', 'c58b280a-56d4-4ad8-8c85-730e4ea86361', 'usr_310');
INSERT INTO trabalho.usuario VALUES ('usr_311', '311_Manuela_Batista36@gmail.com', 'Manuela Batista', 'female', 30, 'password', 'Grécia');
INSERT INTO trabalho.usuario_esta_inscrito_no_podcast VALUES (2, '219328a1-cec6-4e8c-b003-52a3ec9766bb', 'usr_311');
INSERT INTO trabalho.comentarios_podcast_usuario VALUES ('comment_311', 'Velit omnis doloribus aut rerum non ut quod voluptatem.', '219328a1-cec6-4e8c-b003-52a3ec9766bb', 'usr_311');
INSERT INTO trabalho.usuario VALUES ('usr_312', '312_Bruna_Reis@hotmail.com', 'Bruna Reis', 'female', 24, 'password', 'Azerbaijão');
INSERT INTO trabalho.usuario_esta_inscrito_no_podcast VALUES (2, '168c1536-4c42-4b8f-8c77-f06affefec6a', 'usr_312');
INSERT INTO trabalho.comentarios_podcast_usuario VALUES ('comment_312', 'Dicta est nisi quidem est.', '168c1536-4c42-4b8f-8c77-f06affefec6a', 'usr_312');
INSERT INTO trabalho.usuario VALUES ('usr_313', '313_Samuel.Melo@bol.com.br', 'Samuel Melo', 'male', 8, 'password', 'Antigua and Barbada');
INSERT INTO trabalho.usuario_esta_inscrito_no_podcast VALUES (2, 'f1b92ce7-47a7-43cd-8586-4a09185cdd05', 'usr_313');
INSERT INTO trabalho.comentarios_podcast_usuario VALUES ('comment_313', 'Ipsum provident velit voluptatum necessitatibus veniam veniam.', 'f1b92ce7-47a7-43cd-8586-4a09185cdd05', 'usr_313');
INSERT INTO trabalho.usuario VALUES ('usr_314', '314_Natlia.Oliveira@hotmail.com', 'Natália Oliveira', 'female', 23, 'password', 'Croácia');
INSERT INTO trabalho.usuario_esta_inscrito_no_podcast VALUES (5, 'b553d865-8fe2-47de-9a30-10e1dea3bd1d', 'usr_314');
INSERT INTO trabalho.comentarios_podcast_usuario VALUES ('comment_314', 'Excepturi non iure.', 'b553d865-8fe2-47de-9a30-10e1dea3bd1d', 'usr_314');
INSERT INTO trabalho.usuario VALUES ('usr_315', '315_AnaClara_Carvalho30@hotmail.com', 'Ana Clara Carvalho', 'female', 39, 'password', 'Botsuana');
INSERT INTO trabalho.usuario_esta_inscrito_no_podcast VALUES (0, 'bc8dac25-793c-4a96-aafc-4ea7020f4f60', 'usr_315');
INSERT INTO trabalho.comentarios_podcast_usuario VALUES ('comment_315', 'Sed quo non quibusdam.', 'bc8dac25-793c-4a96-aafc-4ea7020f4f60', 'usr_315');
INSERT INTO trabalho.usuario VALUES ('usr_316', '316_Raul.Macedo84@bol.com.br', 'Raul Macedo', 'male', 11, 'password', 'Burundi');
INSERT INTO trabalho.usuario_esta_inscrito_no_podcast VALUES (1, '219328a1-cec6-4e8c-b003-52a3ec9766bb', 'usr_316');
INSERT INTO trabalho.comentarios_podcast_usuario VALUES ('comment_316', 'Nihil dolor nulla.', '219328a1-cec6-4e8c-b003-52a3ec9766bb', 'usr_316');
INSERT INTO trabalho.usuario VALUES ('usr_317', '317_Vitria.Braga62@hotmail.com', 'Vitória Braga', 'female', 5, 'password', 'Indonésia');
INSERT INTO trabalho.usuario_esta_inscrito_no_podcast VALUES (2, 'b553d865-8fe2-47de-9a30-10e1dea3bd1d', 'usr_317');
INSERT INTO trabalho.comentarios_podcast_usuario VALUES ('comment_317', 'Cupiditate aliquam ducimus aut sequi laboriosam vero et at omnis.', 'b553d865-8fe2-47de-9a30-10e1dea3bd1d', 'usr_317');
INSERT INTO trabalho.usuario VALUES ('usr_318', '318_Bryan71@yahoo.com', 'Bryan Moreira', 'male', 26, 'password', 'Vaticano');
INSERT INTO trabalho.usuario_esta_inscrito_no_podcast VALUES (4, 'de2f0ddb-9903-436a-a5e2-54224254c818', 'usr_318');
INSERT INTO trabalho.comentarios_podcast_usuario VALUES ('comment_318', 'Voluptate perferendis quaerat vel voluptatem.', 'de2f0ddb-9903-436a-a5e2-54224254c818', 'usr_318');
INSERT INTO trabalho.usuario VALUES ('usr_319', '319_Sophia.Souza93@hotmail.com', 'Sophia Souza', 'female', 35, 'password', 'El Salvador');
INSERT INTO trabalho.usuario_esta_inscrito_no_podcast VALUES (0, 'f1b92ce7-47a7-43cd-8586-4a09185cdd05', 'usr_319');
INSERT INTO trabalho.comentarios_podcast_usuario VALUES ('comment_319', 'Placeat et quia.', 'f1b92ce7-47a7-43cd-8586-4a09185cdd05', 'usr_319');
INSERT INTO trabalho.usuario VALUES ('usr_320', '320_Hlio_Costa@hotmail.com', 'Hélio Costa', 'male', 7, 'password', 'Estados Unidos da América');
INSERT INTO trabalho.usuario_esta_inscrito_no_podcast VALUES (0, 'af46a958-b921-47b6-9f87-5c4fdc68ea79', 'usr_320');
INSERT INTO trabalho.comentarios_podcast_usuario VALUES ('comment_320', 'Ea nisi doloribus distinctio et autem error beatae.', 'af46a958-b921-47b6-9f87-5c4fdc68ea79', 'usr_320');
INSERT INTO trabalho.usuario VALUES ('usr_321', '321_Raul.Saraiva@live.com', 'Raul Saraiva', 'male', 49, 'password', 'Dinamarca');
INSERT INTO trabalho.usuario_esta_inscrito_no_podcast VALUES (3, 'bc8dac25-793c-4a96-aafc-4ea7020f4f60', 'usr_321');
INSERT INTO trabalho.comentarios_podcast_usuario VALUES ('comment_321', 'Reiciendis saepe ratione suscipit aut quia vel.', 'bc8dac25-793c-4a96-aafc-4ea7020f4f60', 'usr_321');
INSERT INTO trabalho.usuario VALUES ('usr_322', '322_Gael_Reis15@yahoo.com', 'Gael Reis', 'male', 48, 'password', 'República Dominicana');
INSERT INTO trabalho.usuario_esta_inscrito_no_podcast VALUES (2, 'b553d865-8fe2-47de-9a30-10e1dea3bd1d', 'usr_322');
INSERT INTO trabalho.comentarios_podcast_usuario VALUES ('comment_322', 'Numquam doloribus officiis vel est dicta id.', 'b553d865-8fe2-47de-9a30-10e1dea3bd1d', 'usr_322');
INSERT INTO trabalho.usuario VALUES ('usr_323', '323_Isis_Franco@yahoo.com', 'Isis Franco', 'female', 35, 'password', 'Eritreia');
INSERT INTO trabalho.usuario_esta_inscrito_no_podcast VALUES (2, 'de2f0ddb-9903-436a-a5e2-54224254c818', 'usr_323');
INSERT INTO trabalho.comentarios_podcast_usuario VALUES ('comment_323', 'Ab fugit odit voluptas.', 'de2f0ddb-9903-436a-a5e2-54224254c818', 'usr_323');
INSERT INTO trabalho.usuario VALUES ('usr_324', '324_Emanuelly_Oliveira@hotmail.com', 'Emanuelly Oliveira', 'female', 43, 'password', 'Wallis e Futuna');
INSERT INTO trabalho.usuario_esta_inscrito_no_podcast VALUES (2, 'b553d865-8fe2-47de-9a30-10e1dea3bd1d', 'usr_324');
INSERT INTO trabalho.comentarios_podcast_usuario VALUES ('comment_324', 'Facere maxime molestias vero qui aliquam.', 'b553d865-8fe2-47de-9a30-10e1dea3bd1d', 'usr_324');
INSERT INTO trabalho.usuario VALUES ('usr_325', '325_Pedro_Santos62@bol.com.br', 'Pedro Santos', 'male', 9, 'password', 'Ilha de Man');
INSERT INTO trabalho.usuario_esta_inscrito_no_podcast VALUES (0, 'bc8dac25-793c-4a96-aafc-4ea7020f4f60', 'usr_325');
INSERT INTO trabalho.comentarios_podcast_usuario VALUES ('comment_325', 'Nostrum nihil nisi quo et placeat.', 'bc8dac25-793c-4a96-aafc-4ea7020f4f60', 'usr_325');
INSERT INTO trabalho.usuario VALUES ('usr_326', '326_DaviLucca92@hotmail.com', 'Davi Lucca Carvalho', 'male', 32, 'password', 'Quênia');
INSERT INTO trabalho.usuario_esta_inscrito_no_podcast VALUES (4, '5bdf7377-8330-4f9f-8efd-e95301c122ce', 'usr_326');
INSERT INTO trabalho.comentarios_podcast_usuario VALUES ('comment_326', 'Aliquam repellendus doloribus tempora ab consectetur repellat.', '5bdf7377-8330-4f9f-8efd-e95301c122ce', 'usr_326');
INSERT INTO trabalho.usuario VALUES ('usr_327', '327_Flix.Braga@gmail.com', 'Félix Braga', 'male', 26, 'password', 'Irlanda');
INSERT INTO trabalho.usuario_esta_inscrito_no_podcast VALUES (5, '168c1536-4c42-4b8f-8c77-f06affefec6a', 'usr_327');
INSERT INTO trabalho.comentarios_podcast_usuario VALUES ('comment_327', 'Ut accusantium reiciendis voluptatem aut explicabo.', '168c1536-4c42-4b8f-8c77-f06affefec6a', 'usr_327');
INSERT INTO trabalho.usuario VALUES ('usr_328', '328_MariaCeclia_Saraiva81@gmail.com', 'Maria Cecília Saraiva', 'female', 28, 'password', 'Gibraltar');
INSERT INTO trabalho.usuario_esta_inscrito_no_podcast VALUES (5, 'b553d865-8fe2-47de-9a30-10e1dea3bd1d', 'usr_328');
INSERT INTO trabalho.comentarios_podcast_usuario VALUES ('comment_328', 'Autem non id placeat ullam ipsa quis velit quasi laboriosam.', 'b553d865-8fe2-47de-9a30-10e1dea3bd1d', 'usr_328');
INSERT INTO trabalho.usuario VALUES ('usr_329', '329_Joana45@bol.com.br', 'Joana Moreira', 'female', 1, 'password', 'Turcomenistão');
INSERT INTO trabalho.usuario_esta_inscrito_no_podcast VALUES (3, 'f8e13774-d631-4f34-93f0-2f5d55590265', 'usr_329');
INSERT INTO trabalho.comentarios_podcast_usuario VALUES ('comment_329', 'Est molestiae nam beatae provident animi.', 'f8e13774-d631-4f34-93f0-2f5d55590265', 'usr_329');
INSERT INTO trabalho.usuario VALUES ('usr_330', '330_Heitor_Pereira@yahoo.com', 'Heitor Pereira', 'male', 3, 'password', 'Andorra');
INSERT INTO trabalho.usuario_esta_inscrito_no_podcast VALUES (3, '168c1536-4c42-4b8f-8c77-f06affefec6a', 'usr_330');
INSERT INTO trabalho.comentarios_podcast_usuario VALUES ('comment_330', 'Et fuga illo.', '168c1536-4c42-4b8f-8c77-f06affefec6a', 'usr_330');
INSERT INTO trabalho.usuario VALUES ('usr_331', '331_Roberta.Reis37@hotmail.com', 'Roberta Reis', 'female', 51, 'password', 'Alemanha');
INSERT INTO trabalho.usuario_esta_inscrito_no_podcast VALUES (0, 'c58b280a-56d4-4ad8-8c85-730e4ea86361', 'usr_331');
INSERT INTO trabalho.comentarios_podcast_usuario VALUES ('comment_331', 'Inventore laudantium est dolores.', 'c58b280a-56d4-4ad8-8c85-730e4ea86361', 'usr_331');
INSERT INTO trabalho.usuario VALUES ('usr_332', '332_Eduardo_Carvalho84@bol.com.br', 'Eduardo Carvalho', 'male', 32, 'password', 'Malawi');
INSERT INTO trabalho.usuario_esta_inscrito_no_podcast VALUES (0, 'de2f0ddb-9903-436a-a5e2-54224254c818', 'usr_332');
INSERT INTO trabalho.comentarios_podcast_usuario VALUES ('comment_332', 'Doloribus quam corporis ut consectetur nemo aut sapiente.', 'de2f0ddb-9903-436a-a5e2-54224254c818', 'usr_332');
INSERT INTO trabalho.usuario VALUES ('usr_333', '333_Fabiano.Oliveira@gmail.com', 'Fabiano Oliveira', 'male', 9, 'password', 'Nicarágua');
INSERT INTO trabalho.usuario_esta_inscrito_no_podcast VALUES (0, '5bdf7377-8330-4f9f-8efd-e95301c122ce', 'usr_333');
INSERT INTO trabalho.comentarios_podcast_usuario VALUES ('comment_333', 'Ut voluptates sint.', '5bdf7377-8330-4f9f-8efd-e95301c122ce', 'usr_333');
INSERT INTO trabalho.usuario VALUES ('usr_334', '334_Lorena77@live.com', 'Lorena Nogueira', 'female', 29, 'password', 'Polinésia Francesa');
INSERT INTO trabalho.usuario_esta_inscrito_no_podcast VALUES (1, '168c1536-4c42-4b8f-8c77-f06affefec6a', 'usr_334');
INSERT INTO trabalho.comentarios_podcast_usuario VALUES ('comment_334', 'Tempora possimus est est.', '168c1536-4c42-4b8f-8c77-f06affefec6a', 'usr_334');
INSERT INTO trabalho.usuario VALUES ('usr_335', '335_Vitria.Costa11@yahoo.com', 'Vitória Costa', 'female', 60, 'password', 'Ilha do Natal');
INSERT INTO trabalho.usuario_esta_inscrito_no_podcast VALUES (0, 'c58b280a-56d4-4ad8-8c85-730e4ea86361', 'usr_335');
INSERT INTO trabalho.comentarios_podcast_usuario VALUES ('comment_335', 'Iusto sit laborum illo eveniet et placeat voluptatum recusandae.', 'c58b280a-56d4-4ad8-8c85-730e4ea86361', 'usr_335');
INSERT INTO trabalho.usuario VALUES ('usr_336', '336_JooPedro_Pereira@yahoo.com', 'João Pedro Pereira', 'male', 27, 'password', 'Arquipélago de Chagos');
INSERT INTO trabalho.usuario_esta_inscrito_no_podcast VALUES (0, 'c58b280a-56d4-4ad8-8c85-730e4ea86361', 'usr_336');
INSERT INTO trabalho.comentarios_podcast_usuario VALUES ('comment_336', 'Est quasi non id dolores iusto fuga quia iste.', 'c58b280a-56d4-4ad8-8c85-730e4ea86361', 'usr_336');
INSERT INTO trabalho.usuario VALUES ('usr_337', '337_Arthur_Saraiva8@bol.com.br', 'Arthur Saraiva', 'male', 48, 'password', 'Colômbia');
INSERT INTO trabalho.usuario_esta_inscrito_no_podcast VALUES (2, 'de2f0ddb-9903-436a-a5e2-54224254c818', 'usr_337');
INSERT INTO trabalho.comentarios_podcast_usuario VALUES ('comment_337', 'Vel veniam ducimus incidunt unde repellendus ut.', 'de2f0ddb-9903-436a-a5e2-54224254c818', 'usr_337');
INSERT INTO trabalho.usuario VALUES ('usr_338', '338_Gbio_Silva22@live.com', 'Gúbio Silva', 'male', 50, 'password', 'Austrália');
INSERT INTO trabalho.usuario_esta_inscrito_no_podcast VALUES (1, 'b553d865-8fe2-47de-9a30-10e1dea3bd1d', 'usr_338');
INSERT INTO trabalho.comentarios_podcast_usuario VALUES ('comment_338', 'Necessitatibus sunt vel ut sed odit repudiandae et earum aut.', 'b553d865-8fe2-47de-9a30-10e1dea3bd1d', 'usr_338');
INSERT INTO trabalho.usuario VALUES ('usr_339', '339_Dalila_Saraiva@bol.com.br', 'Dalila Saraiva', 'female', 12, 'password', 'Butão');
INSERT INTO trabalho.usuario_esta_inscrito_no_podcast VALUES (5, '219328a1-cec6-4e8c-b003-52a3ec9766bb', 'usr_339');
INSERT INTO trabalho.comentarios_podcast_usuario VALUES ('comment_339', 'Libero sit et numquam.', '219328a1-cec6-4e8c-b003-52a3ec9766bb', 'usr_339');
INSERT INTO trabalho.usuario VALUES ('usr_340', '340_Helena_Souza@bol.com.br', 'Helena Souza', 'female', 39, 'password', 'Macedônia');
INSERT INTO trabalho.usuario_esta_inscrito_no_podcast VALUES (4, '219328a1-cec6-4e8c-b003-52a3ec9766bb', 'usr_340');
INSERT INTO trabalho.comentarios_podcast_usuario VALUES ('comment_340', 'Perferendis consectetur ducimus enim labore.', '219328a1-cec6-4e8c-b003-52a3ec9766bb', 'usr_340');
INSERT INTO trabalho.usuario VALUES ('usr_341', '341_Miguel.Batista@hotmail.com', 'Miguel Batista', 'male', 16, 'password', 'Nauru');
INSERT INTO trabalho.usuario_esta_inscrito_no_podcast VALUES (2, 'f8e13774-d631-4f34-93f0-2f5d55590265', 'usr_341');
INSERT INTO trabalho.comentarios_podcast_usuario VALUES ('comment_341', 'Iste qui molestiae voluptatem eveniet quidem voluptatem a quod.', 'f8e13774-d631-4f34-93f0-2f5d55590265', 'usr_341');
INSERT INTO trabalho.usuario VALUES ('usr_342', '342_EnzoGabriel_Oliveira41@hotmail.com', 'Enzo Gabriel Oliveira', 'male', 29, 'password', 'Filipinas');
INSERT INTO trabalho.usuario_esta_inscrito_no_podcast VALUES (1, 'af46a958-b921-47b6-9f87-5c4fdc68ea79', 'usr_342');
INSERT INTO trabalho.comentarios_podcast_usuario VALUES ('comment_342', 'Aut qui inventore voluptate hic accusamus et magnam voluptates quia.', 'af46a958-b921-47b6-9f87-5c4fdc68ea79', 'usr_342');
INSERT INTO trabalho.usuario VALUES ('usr_343', '343_Carla_Martins24@live.com', 'Carla Martins', 'female', 12, 'password', 'Comores');
INSERT INTO trabalho.usuario_esta_inscrito_no_podcast VALUES (1, 'f0166bd2-8e4d-4308-b5d7-0b3d627c5dc5', 'usr_343');
INSERT INTO trabalho.comentarios_podcast_usuario VALUES ('comment_343', 'Et maxime voluptas mollitia.', 'f0166bd2-8e4d-4308-b5d7-0b3d627c5dc5', 'usr_343');
INSERT INTO trabalho.usuario VALUES ('usr_344', '344_Paula.Macedo@hotmail.com', 'Paula Macedo', 'female', 21, 'password', 'Nigéria');
INSERT INTO trabalho.usuario_esta_inscrito_no_podcast VALUES (0, 'f1b92ce7-47a7-43cd-8586-4a09185cdd05', 'usr_344');
INSERT INTO trabalho.comentarios_podcast_usuario VALUES ('comment_344', 'Corporis ad qui nulla quaerat saepe reiciendis et.', 'f1b92ce7-47a7-43cd-8586-4a09185cdd05', 'usr_344');
INSERT INTO trabalho.usuario VALUES ('usr_345', '345_Hlio.Franco10@gmail.com', 'Hélio Franco', 'male', 8, 'password', 'Ilhas Caiman');
INSERT INTO trabalho.usuario_esta_inscrito_no_podcast VALUES (3, 'bc8dac25-793c-4a96-aafc-4ea7020f4f60', 'usr_345');
INSERT INTO trabalho.comentarios_podcast_usuario VALUES ('comment_345', 'Recusandae corrupti cum non.', 'bc8dac25-793c-4a96-aafc-4ea7020f4f60', 'usr_345');
INSERT INTO trabalho.usuario VALUES ('usr_346', '346_Frederico19@hotmail.com', 'Frederico Martins', 'male', 22, 'password', 'Congo');
INSERT INTO trabalho.usuario_esta_inscrito_no_podcast VALUES (2, '5bdf7377-8330-4f9f-8efd-e95301c122ce', 'usr_346');
INSERT INTO trabalho.comentarios_podcast_usuario VALUES ('comment_346', 'Tenetur atque ut sed expedita eveniet adipisci.', '5bdf7377-8330-4f9f-8efd-e95301c122ce', 'usr_346');
INSERT INTO trabalho.usuario VALUES ('usr_347', '347_Gabriel_Albuquerque@yahoo.com', 'Gabriel Albuquerque', 'male', 6, 'password', 'Estados Unidos das Ilhas Virgens');
INSERT INTO trabalho.usuario_esta_inscrito_no_podcast VALUES (0, '67074e68-bc2f-442b-8af2-7d328b6af6eb', 'usr_347');
INSERT INTO trabalho.comentarios_podcast_usuario VALUES ('comment_347', 'Fugiat nihil placeat.', '67074e68-bc2f-442b-8af2-7d328b6af6eb', 'usr_347');
INSERT INTO trabalho.usuario VALUES ('usr_348', '348_AnaClara_Carvalho32@live.com', 'Ana Clara Carvalho', 'female', 2, 'password', 'Nauru');
INSERT INTO trabalho.usuario_esta_inscrito_no_podcast VALUES (1, '7e429e8e-7669-403d-bb78-3cd7f9f75afd', 'usr_348');
INSERT INTO trabalho.comentarios_podcast_usuario VALUES ('comment_348', 'Et repellendus maxime dolorem asperiores unde ut repellendus.', '7e429e8e-7669-403d-bb78-3cd7f9f75afd', 'usr_348');
INSERT INTO trabalho.usuario VALUES ('usr_349', '349_MariaLuiza25@gmail.com', 'Maria Luiza Macedo', 'female', 6, 'password', 'Mali');
INSERT INTO trabalho.usuario_esta_inscrito_no_podcast VALUES (1, 'f1b92ce7-47a7-43cd-8586-4a09185cdd05', 'usr_349');
INSERT INTO trabalho.comentarios_podcast_usuario VALUES ('comment_349', 'Cumque porro sit modi iure consequatur.', 'f1b92ce7-47a7-43cd-8586-4a09185cdd05', 'usr_349');
INSERT INTO trabalho.usuario VALUES ('usr_350', '350_Csar_Santos49@live.com', 'César Santos', 'male', 3, 'password', 'Estônia');
INSERT INTO trabalho.usuario_esta_inscrito_no_podcast VALUES (3, 'fa3abe16-3645-4d22-a01d-893e6f20c408', 'usr_350');
INSERT INTO trabalho.comentarios_podcast_usuario VALUES ('comment_350', 'Autem ab facilis.', 'fa3abe16-3645-4d22-a01d-893e6f20c408', 'usr_350');
INSERT INTO trabalho.usuario VALUES ('usr_351', '351_Cau.Pereira95@hotmail.com', 'Cauã Pereira', 'male', 48, 'password', 'Áustria');
INSERT INTO trabalho.usuario_esta_inscrito_no_podcast VALUES (3, '219328a1-cec6-4e8c-b003-52a3ec9766bb', 'usr_351');
INSERT INTO trabalho.comentarios_podcast_usuario VALUES ('comment_351', 'Et ratione exercitationem commodi.', '219328a1-cec6-4e8c-b003-52a3ec9766bb', 'usr_351');
INSERT INTO trabalho.usuario VALUES ('usr_352', '352_MariaHelena_Batista@live.com', 'Maria Helena Batista', 'female', 27, 'password', 'Ilhas Virgens');
INSERT INTO trabalho.usuario_esta_inscrito_no_podcast VALUES (2, 'af46a958-b921-47b6-9f87-5c4fdc68ea79', 'usr_352');
INSERT INTO trabalho.comentarios_podcast_usuario VALUES ('comment_352', 'Possimus magnam doloribus omnis et nemo saepe consectetur nesciunt id.', 'af46a958-b921-47b6-9f87-5c4fdc68ea79', 'usr_352');
INSERT INTO trabalho.usuario VALUES ('usr_353', '353_Nicolas.Nogueira2@yahoo.com', 'Nicolas Nogueira', 'male', 22, 'password', 'Suazilândia');
INSERT INTO trabalho.usuario_esta_inscrito_no_podcast VALUES (4, 'c58b280a-56d4-4ad8-8c85-730e4ea86361', 'usr_353');
INSERT INTO trabalho.comentarios_podcast_usuario VALUES ('comment_353', 'Et vel saepe ut.', 'c58b280a-56d4-4ad8-8c85-730e4ea86361', 'usr_353');
INSERT INTO trabalho.usuario VALUES ('usr_354', '354_Flix24@yahoo.com', 'Félix Silva', 'male', 17, 'password', 'Gana');
INSERT INTO trabalho.usuario_esta_inscrito_no_podcast VALUES (1, '219328a1-cec6-4e8c-b003-52a3ec9766bb', 'usr_354');
INSERT INTO trabalho.comentarios_podcast_usuario VALUES ('comment_354', 'Eos consequatur est.', '219328a1-cec6-4e8c-b003-52a3ec9766bb', 'usr_354');
INSERT INTO trabalho.usuario VALUES ('usr_355', '355_Isabela39@bol.com.br', 'Isabela Martins', 'female', 21, 'password', 'Burkina Faso');
INSERT INTO trabalho.usuario_esta_inscrito_no_podcast VALUES (5, '219328a1-cec6-4e8c-b003-52a3ec9766bb', 'usr_355');
INSERT INTO trabalho.comentarios_podcast_usuario VALUES ('comment_355', 'Excepturi repudiandae modi doloremque quaerat ex animi eum.', '219328a1-cec6-4e8c-b003-52a3ec9766bb', 'usr_355');
INSERT INTO trabalho.usuario VALUES ('usr_356', '356_Yuri64@live.com', 'Yuri Pereira', 'male', 16, 'password', 'Palau');
INSERT INTO trabalho.usuario_esta_inscrito_no_podcast VALUES (1, '67074e68-bc2f-442b-8af2-7d328b6af6eb', 'usr_356');
INSERT INTO trabalho.comentarios_podcast_usuario VALUES ('comment_356', 'Sit nostrum debitis culpa perspiciatis sit ipsum dolor aut officiis.', '67074e68-bc2f-442b-8af2-7d328b6af6eb', 'usr_356');
INSERT INTO trabalho.usuario VALUES ('usr_357', '357_AnaClara.Oliveira@gmail.com', 'Ana Clara Oliveira', 'female', 7, 'password', 'Samoa');
INSERT INTO trabalho.usuario_esta_inscrito_no_podcast VALUES (0, 'f0166bd2-8e4d-4308-b5d7-0b3d627c5dc5', 'usr_357');
INSERT INTO trabalho.comentarios_podcast_usuario VALUES ('comment_357', 'Aut architecto est dolorem consequuntur nihil voluptatem.', 'f0166bd2-8e4d-4308-b5d7-0b3d627c5dc5', 'usr_357');
INSERT INTO trabalho.usuario VALUES ('usr_358', '358_Alcia.Xavier@gmail.com', 'Alícia Xavier', 'female', 17, 'password', 'Libéria');
INSERT INTO trabalho.usuario_esta_inscrito_no_podcast VALUES (3, '5bdf7377-8330-4f9f-8efd-e95301c122ce', 'usr_358');
INSERT INTO trabalho.comentarios_podcast_usuario VALUES ('comment_358', 'Exercitationem voluptas dolorem odio.', '5bdf7377-8330-4f9f-8efd-e95301c122ce', 'usr_358');
INSERT INTO trabalho.usuario VALUES ('usr_359', '359_Vicente.Batista@yahoo.com', 'Vicente Batista', 'male', 5, 'password', 'Ilhas Salomão');
INSERT INTO trabalho.usuario_esta_inscrito_no_podcast VALUES (1, 'f1b92ce7-47a7-43cd-8586-4a09185cdd05', 'usr_359');
INSERT INTO trabalho.comentarios_podcast_usuario VALUES ('comment_359', 'Explicabo repellendus et non vel eos non ea quia consequuntur.', 'f1b92ce7-47a7-43cd-8586-4a09185cdd05', 'usr_359');
INSERT INTO trabalho.usuario VALUES ('usr_360', '360_Lara.Pereira@hotmail.com', 'Lara Pereira', 'female', 12, 'password', 'Sao Tomé e Príncipe');
INSERT INTO trabalho.usuario_esta_inscrito_no_podcast VALUES (3, 'b553d865-8fe2-47de-9a30-10e1dea3bd1d', 'usr_360');
INSERT INTO trabalho.comentarios_podcast_usuario VALUES ('comment_360', 'Ut nisi aut veniam architecto dolores itaque animi doloremque voluptatem.', 'b553d865-8fe2-47de-9a30-10e1dea3bd1d', 'usr_360');
INSERT INTO trabalho.usuario VALUES ('usr_361', '361_Giovanna10@gmail.com', 'Giovanna Melo', 'female', 16, 'password', 'Costa do Marfim');
INSERT INTO trabalho.usuario_esta_inscrito_no_podcast VALUES (3, 'af46a958-b921-47b6-9f87-5c4fdc68ea79', 'usr_361');
INSERT INTO trabalho.comentarios_podcast_usuario VALUES ('comment_361', 'Et nulla non aut ut dignissimos laudantium blanditiis est quae.', 'af46a958-b921-47b6-9f87-5c4fdc68ea79', 'usr_361');
INSERT INTO trabalho.usuario VALUES ('usr_362', '362_MariaAlice80@bol.com.br', 'Maria Alice Braga', 'female', 18, 'password', 'México');
INSERT INTO trabalho.usuario_esta_inscrito_no_podcast VALUES (5, 'af46a958-b921-47b6-9f87-5c4fdc68ea79', 'usr_362');
INSERT INTO trabalho.comentarios_podcast_usuario VALUES ('comment_362', 'Recusandae magnam id sunt ad est qui quis provident.', 'af46a958-b921-47b6-9f87-5c4fdc68ea79', 'usr_362');
INSERT INTO trabalho.usuario VALUES ('usr_363', '363_Meire84@gmail.com', 'Meire Macedo', 'female', 52, 'password', 'Iraque');
INSERT INTO trabalho.usuario_esta_inscrito_no_podcast VALUES (4, '5bdf7377-8330-4f9f-8efd-e95301c122ce', 'usr_363');
INSERT INTO trabalho.comentarios_podcast_usuario VALUES ('comment_363', 'Est itaque in.', '5bdf7377-8330-4f9f-8efd-e95301c122ce', 'usr_363');
INSERT INTO trabalho.usuario VALUES ('usr_364', '364_Larissa_Macedo27@live.com', 'Larissa Macedo', 'female', 47, 'password', 'Turcas e Caicos');
INSERT INTO trabalho.usuario_esta_inscrito_no_podcast VALUES (1, 'de2f0ddb-9903-436a-a5e2-54224254c818', 'usr_364');
INSERT INTO trabalho.comentarios_podcast_usuario VALUES ('comment_364', 'Laboriosam sit aut.', 'de2f0ddb-9903-436a-a5e2-54224254c818', 'usr_364');
INSERT INTO trabalho.usuario VALUES ('usr_365', '365_Tho.Moreira@live.com', 'Théo Moreira', 'male', 24, 'password', 'Zâmbia');
INSERT INTO trabalho.usuario_esta_inscrito_no_podcast VALUES (3, 'f8e13774-d631-4f34-93f0-2f5d55590265', 'usr_365');
INSERT INTO trabalho.comentarios_podcast_usuario VALUES ('comment_365', 'Est libero et quam fugit officiis enim aut aut et.', 'f8e13774-d631-4f34-93f0-2f5d55590265', 'usr_365');
INSERT INTO trabalho.usuario VALUES ('usr_366', '366_Manuela.Nogueira@yahoo.com', 'Manuela Nogueira', 'female', 52, 'password', 'Síria');
INSERT INTO trabalho.usuario_esta_inscrito_no_podcast VALUES (2, 'b553d865-8fe2-47de-9a30-10e1dea3bd1d', 'usr_366');
INSERT INTO trabalho.comentarios_podcast_usuario VALUES ('comment_366', 'Assumenda sit porro ipsa consequatur.', 'b553d865-8fe2-47de-9a30-10e1dea3bd1d', 'usr_366');
INSERT INTO trabalho.usuario VALUES ('usr_367', '367_Elisa.Franco13@live.com', 'Elisa Franco', 'female', 53, 'password', 'Polônia');
INSERT INTO trabalho.usuario_esta_inscrito_no_podcast VALUES (3, '67074e68-bc2f-442b-8af2-7d328b6af6eb', 'usr_367');
INSERT INTO trabalho.comentarios_podcast_usuario VALUES ('comment_367', 'Molestiae aut consequatur voluptatem voluptatem.', '67074e68-bc2f-442b-8af2-7d328b6af6eb', 'usr_367');
INSERT INTO trabalho.usuario VALUES ('usr_368', '368_Rebeca93@hotmail.com', 'Rebeca Martins', 'female', 49, 'password', 'Bahamas');
INSERT INTO trabalho.usuario_esta_inscrito_no_podcast VALUES (5, 'de2f0ddb-9903-436a-a5e2-54224254c818', 'usr_368');
INSERT INTO trabalho.comentarios_podcast_usuario VALUES ('comment_368', 'Ea non et ut.', 'de2f0ddb-9903-436a-a5e2-54224254c818', 'usr_368');
INSERT INTO trabalho.usuario VALUES ('usr_369', '369_Lorena_Braga69@yahoo.com', 'Lorena Braga', 'female', 43, 'password', 'Ilha do Natal');
INSERT INTO trabalho.usuario_esta_inscrito_no_podcast VALUES (4, 'f8e13774-d631-4f34-93f0-2f5d55590265', 'usr_369');
INSERT INTO trabalho.comentarios_podcast_usuario VALUES ('comment_369', 'Possimus rerum sint et nemo.', 'f8e13774-d631-4f34-93f0-2f5d55590265', 'usr_369');
INSERT INTO trabalho.usuario VALUES ('usr_370', '370_Flix_Silva71@bol.com.br', 'Félix Silva', 'male', 42, 'password', 'Ilhas Svalbard & Jan Mayen');
INSERT INTO trabalho.usuario_esta_inscrito_no_podcast VALUES (1, 'af46a958-b921-47b6-9f87-5c4fdc68ea79', 'usr_370');
INSERT INTO trabalho.comentarios_podcast_usuario VALUES ('comment_370', 'Dolor cupiditate rerum blanditiis.', 'af46a958-b921-47b6-9f87-5c4fdc68ea79', 'usr_370');
INSERT INTO trabalho.usuario VALUES ('usr_371', '371_Esther_Carvalho@yahoo.com', 'Esther Carvalho', 'female', 57, 'password', 'Bangladesh');
INSERT INTO trabalho.usuario_esta_inscrito_no_podcast VALUES (2, 'f1b92ce7-47a7-43cd-8586-4a09185cdd05', 'usr_371');
INSERT INTO trabalho.comentarios_podcast_usuario VALUES ('comment_371', 'Quidem vitae aperiam culpa aliquid.', 'f1b92ce7-47a7-43cd-8586-4a09185cdd05', 'usr_371');
INSERT INTO trabalho.usuario VALUES ('usr_372', '372_Alessandra32@live.com', 'Alessandra Pereira', 'female', 3, 'password', 'Nova Caledonia');
INSERT INTO trabalho.usuario_esta_inscrito_no_podcast VALUES (0, 'b553d865-8fe2-47de-9a30-10e1dea3bd1d', 'usr_372');
INSERT INTO trabalho.comentarios_podcast_usuario VALUES ('comment_372', 'Eveniet unde in quia labore minima autem nobis id.', 'b553d865-8fe2-47de-9a30-10e1dea3bd1d', 'usr_372');
INSERT INTO trabalho.usuario VALUES ('usr_373', '373_Caio.Carvalho@bol.com.br', 'Caio Carvalho', 'male', 37, 'password', 'Gibraltar');
INSERT INTO trabalho.usuario_esta_inscrito_no_podcast VALUES (0, 'fa3abe16-3645-4d22-a01d-893e6f20c408', 'usr_373');
INSERT INTO trabalho.comentarios_podcast_usuario VALUES ('comment_373', 'Porro quidem officiis.', 'fa3abe16-3645-4d22-a01d-893e6f20c408', 'usr_373');
INSERT INTO trabalho.usuario VALUES ('usr_374', '374_Eduarda50@yahoo.com', 'Eduarda Franco', 'female', 42, 'password', 'Marrocos');
INSERT INTO trabalho.usuario_esta_inscrito_no_podcast VALUES (2, '219328a1-cec6-4e8c-b003-52a3ec9766bb', 'usr_374');
INSERT INTO trabalho.comentarios_podcast_usuario VALUES ('comment_374', 'Iusto dolore accusamus.', '219328a1-cec6-4e8c-b003-52a3ec9766bb', 'usr_374');
INSERT INTO trabalho.usuario VALUES ('usr_375', '375_Melissa41@bol.com.br', 'Melissa Xavier', 'female', 35, 'password', 'Costa do Marfim');
INSERT INTO trabalho.usuario_esta_inscrito_no_podcast VALUES (0, 'af46a958-b921-47b6-9f87-5c4fdc68ea79', 'usr_375');
INSERT INTO trabalho.comentarios_podcast_usuario VALUES ('comment_375', 'Provident soluta non consequuntur quo.', 'af46a958-b921-47b6-9f87-5c4fdc68ea79', 'usr_375');
INSERT INTO trabalho.usuario VALUES ('usr_376', '376_Pietro.Pereira@live.com', 'Pietro Pereira', 'male', 17, 'password', 'Guiana');
INSERT INTO trabalho.usuario_esta_inscrito_no_podcast VALUES (1, 'bc8dac25-793c-4a96-aafc-4ea7020f4f60', 'usr_376');
INSERT INTO trabalho.comentarios_podcast_usuario VALUES ('comment_376', 'Dignissimos sit consequuntur quos sequi consequatur sit sunt ut aperiam.', 'bc8dac25-793c-4a96-aafc-4ea7020f4f60', 'usr_376');
INSERT INTO trabalho.usuario VALUES ('usr_377', '377_Melissa_Melo27@live.com', 'Melissa Melo', 'female', 3, 'password', 'Antilhas Holandesas');
INSERT INTO trabalho.usuario_esta_inscrito_no_podcast VALUES (3, 'f0166bd2-8e4d-4308-b5d7-0b3d627c5dc5', 'usr_377');
INSERT INTO trabalho.comentarios_podcast_usuario VALUES ('comment_377', 'Tempora ea nostrum amet eum ipsam magnam.', 'f0166bd2-8e4d-4308-b5d7-0b3d627c5dc5', 'usr_377');
INSERT INTO trabalho.usuario VALUES ('usr_378', '378_Slvia.Souza55@live.com', 'Sílvia Souza', 'female', 56, 'password', 'Austrália');
INSERT INTO trabalho.usuario_esta_inscrito_no_podcast VALUES (4, '168c1536-4c42-4b8f-8c77-f06affefec6a', 'usr_378');
INSERT INTO trabalho.comentarios_podcast_usuario VALUES ('comment_378', 'Aspernatur eos asperiores sed facere.', '168c1536-4c42-4b8f-8c77-f06affefec6a', 'usr_378');
INSERT INTO trabalho.usuario VALUES ('usr_379', '379_Joaquim_Moraes12@yahoo.com', 'Joaquim Moraes', 'male', 50, 'password', 'Zimbábue');
INSERT INTO trabalho.usuario_esta_inscrito_no_podcast VALUES (0, '219328a1-cec6-4e8c-b003-52a3ec9766bb', 'usr_379');
INSERT INTO trabalho.comentarios_podcast_usuario VALUES ('comment_379', 'Inventore recusandae esse dolorem.', '219328a1-cec6-4e8c-b003-52a3ec9766bb', 'usr_379');
INSERT INTO trabalho.usuario VALUES ('usr_380', '380_Caio_Batista@yahoo.com', 'Caio Batista', 'male', 22, 'password', 'São Martinho');
INSERT INTO trabalho.usuario_esta_inscrito_no_podcast VALUES (4, 'de2f0ddb-9903-436a-a5e2-54224254c818', 'usr_380');
INSERT INTO trabalho.comentarios_podcast_usuario VALUES ('comment_380', 'Numquam aut et voluptatem et ea sunt at incidunt.', 'de2f0ddb-9903-436a-a5e2-54224254c818', 'usr_380');
INSERT INTO trabalho.usuario VALUES ('usr_381', '381_JooMiguel21@gmail.com', 'João Miguel Santos', 'male', 9, 'password', 'Sudão');
INSERT INTO trabalho.usuario_esta_inscrito_no_podcast VALUES (3, '219328a1-cec6-4e8c-b003-52a3ec9766bb', 'usr_381');
INSERT INTO trabalho.comentarios_podcast_usuario VALUES ('comment_381', 'Voluptatibus itaque distinctio odio.', '219328a1-cec6-4e8c-b003-52a3ec9766bb', 'usr_381');
INSERT INTO trabalho.usuario VALUES ('usr_382', '382_Isabelly57@hotmail.com', 'Isabelly Oliveira', 'female', 25, 'password', 'Aruba');
INSERT INTO trabalho.usuario_esta_inscrito_no_podcast VALUES (0, '219328a1-cec6-4e8c-b003-52a3ec9766bb', 'usr_382');
INSERT INTO trabalho.comentarios_podcast_usuario VALUES ('comment_382', 'Voluptas nisi accusantium dolor sed corrupti et.', '219328a1-cec6-4e8c-b003-52a3ec9766bb', 'usr_382');
INSERT INTO trabalho.usuario VALUES ('usr_383', '383_Fabiano_Moraes62@hotmail.com', 'Fabiano Moraes', 'male', 14, 'password', 'Timor-Leste');
INSERT INTO trabalho.usuario_esta_inscrito_no_podcast VALUES (5, 'fa3abe16-3645-4d22-a01d-893e6f20c408', 'usr_383');
INSERT INTO trabalho.comentarios_podcast_usuario VALUES ('comment_383', 'Et nisi blanditiis dolore ipsa quod facilis sed.', 'fa3abe16-3645-4d22-a01d-893e6f20c408', 'usr_383');
INSERT INTO trabalho.usuario VALUES ('usr_384', '384_Felcia.Franco73@gmail.com', 'Felícia Franco', 'female', 21, 'password', 'Venezuela');
INSERT INTO trabalho.usuario_esta_inscrito_no_podcast VALUES (3, '168c1536-4c42-4b8f-8c77-f06affefec6a', 'usr_384');
INSERT INTO trabalho.comentarios_podcast_usuario VALUES ('comment_384', 'Qui fuga debitis deleniti recusandae omnis animi.', '168c1536-4c42-4b8f-8c77-f06affefec6a', 'usr_384');
INSERT INTO trabalho.usuario VALUES ('usr_385', '385_Warley58@hotmail.com', 'Warley Xavier', 'male', 2, 'password', 'Maldives');
INSERT INTO trabalho.usuario_esta_inscrito_no_podcast VALUES (1, 'f1b92ce7-47a7-43cd-8586-4a09185cdd05', 'usr_385');
INSERT INTO trabalho.comentarios_podcast_usuario VALUES ('comment_385', 'Consequatur dignissimos ducimus sunt quo sed id.', 'f1b92ce7-47a7-43cd-8586-4a09185cdd05', 'usr_385');
INSERT INTO trabalho.usuario VALUES ('usr_386', '386_Gabriel1@hotmail.com', 'Gabriel Braga', 'male', 39, 'password', 'Israel');
INSERT INTO trabalho.usuario_esta_inscrito_no_podcast VALUES (0, '168c1536-4c42-4b8f-8c77-f06affefec6a', 'usr_386');
INSERT INTO trabalho.comentarios_podcast_usuario VALUES ('comment_386', 'Nihil facilis quae.', '168c1536-4c42-4b8f-8c77-f06affefec6a', 'usr_386');
INSERT INTO trabalho.usuario VALUES ('usr_387', '387_Anthony.Moreira@yahoo.com', 'Anthony Moreira', 'male', 52, 'password', 'Butão');
INSERT INTO trabalho.usuario_esta_inscrito_no_podcast VALUES (2, 'c58b280a-56d4-4ad8-8c85-730e4ea86361', 'usr_387');
INSERT INTO trabalho.comentarios_podcast_usuario VALUES ('comment_387', 'Optio odio nobis dolorem iure delectus magnam.', 'c58b280a-56d4-4ad8-8c85-730e4ea86361', 'usr_387');
INSERT INTO trabalho.usuario VALUES ('usr_388', '388_MariaAlice.Silva62@bol.com.br', 'Maria Alice Silva', 'female', 39, 'password', 'Japão');
INSERT INTO trabalho.usuario_esta_inscrito_no_podcast VALUES (4, 'c58b280a-56d4-4ad8-8c85-730e4ea86361', 'usr_388');
INSERT INTO trabalho.comentarios_podcast_usuario VALUES ('comment_388', 'Delectus praesentium facere ex eius temporibus.', 'c58b280a-56d4-4ad8-8c85-730e4ea86361', 'usr_388');
INSERT INTO trabalho.usuario VALUES ('usr_389', '389_MariaLuiza10@bol.com.br', 'Maria Luiza Silva', 'female', 43, 'password', 'Vietnã');
INSERT INTO trabalho.usuario_esta_inscrito_no_podcast VALUES (1, '5bdf7377-8330-4f9f-8efd-e95301c122ce', 'usr_389');
INSERT INTO trabalho.comentarios_podcast_usuario VALUES ('comment_389', 'Rem pariatur culpa id et.', '5bdf7377-8330-4f9f-8efd-e95301c122ce', 'usr_389');
INSERT INTO trabalho.usuario VALUES ('usr_390', '390_AnaLaura69@hotmail.com', 'Ana Laura Moraes', 'female', 28, 'password', 'México');
INSERT INTO trabalho.usuario_esta_inscrito_no_podcast VALUES (1, 'af46a958-b921-47b6-9f87-5c4fdc68ea79', 'usr_390');
INSERT INTO trabalho.comentarios_podcast_usuario VALUES ('comment_390', 'Fugit consequatur dolore repellendus voluptate.', 'af46a958-b921-47b6-9f87-5c4fdc68ea79', 'usr_390');
INSERT INTO trabalho.usuario VALUES ('usr_391', '391_Marcela_Batista25@yahoo.com', 'Marcela Batista', 'female', 13, 'password', 'Ilhas Salomão');
INSERT INTO trabalho.usuario_esta_inscrito_no_podcast VALUES (4, '67074e68-bc2f-442b-8af2-7d328b6af6eb', 'usr_391');
INSERT INTO trabalho.comentarios_podcast_usuario VALUES ('comment_391', 'Enim quia quia libero nostrum molestiae sint.', '67074e68-bc2f-442b-8af2-7d328b6af6eb', 'usr_391');
INSERT INTO trabalho.usuario VALUES ('usr_392', '392_Alessandra_Costa@gmail.com', 'Alessandra Costa', 'female', 51, 'password', 'Burundi');
INSERT INTO trabalho.usuario_esta_inscrito_no_podcast VALUES (2, 'f0166bd2-8e4d-4308-b5d7-0b3d627c5dc5', 'usr_392');
INSERT INTO trabalho.comentarios_podcast_usuario VALUES ('comment_392', 'Aut aut quia nostrum ad veniam fugiat vitae voluptatem explicabo.', 'f0166bd2-8e4d-4308-b5d7-0b3d627c5dc5', 'usr_392');
INSERT INTO trabalho.usuario VALUES ('usr_393', '393_Pablo.Costa69@hotmail.com', 'Pablo Costa', 'male', 43, 'password', 'República Tcheca');
INSERT INTO trabalho.usuario_esta_inscrito_no_podcast VALUES (3, 'af46a958-b921-47b6-9f87-5c4fdc68ea79', 'usr_393');
INSERT INTO trabalho.comentarios_podcast_usuario VALUES ('comment_393', 'Porro deserunt iusto ab tempora omnis aut quia.', 'af46a958-b921-47b6-9f87-5c4fdc68ea79', 'usr_393');
INSERT INTO trabalho.usuario VALUES ('usr_394', '394_Alexandre19@yahoo.com', 'Alexandre Santos', 'male', 1, 'password', 'Anguila');
INSERT INTO trabalho.usuario_esta_inscrito_no_podcast VALUES (3, 'bc8dac25-793c-4a96-aafc-4ea7020f4f60', 'usr_394');
INSERT INTO trabalho.comentarios_podcast_usuario VALUES ('comment_394', 'Numquam rerum ab ullam aut autem aut.', 'bc8dac25-793c-4a96-aafc-4ea7020f4f60', 'usr_394');
INSERT INTO trabalho.usuario VALUES ('usr_395', '395_Noah.Martins@hotmail.com', 'Noah Martins', 'male', 10, 'password', 'Quiribati');
INSERT INTO trabalho.usuario_esta_inscrito_no_podcast VALUES (0, 'c58b280a-56d4-4ad8-8c85-730e4ea86361', 'usr_395');
INSERT INTO trabalho.comentarios_podcast_usuario VALUES ('comment_395', 'Magni unde magnam fugiat sed animi dolorum.', 'c58b280a-56d4-4ad8-8c85-730e4ea86361', 'usr_395');
INSERT INTO trabalho.usuario VALUES ('usr_396', '396_Dalila.Pereira@yahoo.com', 'Dalila Pereira', 'female', 30, 'password', 'Zâmbia');
INSERT INTO trabalho.usuario_esta_inscrito_no_podcast VALUES (4, 'f0166bd2-8e4d-4308-b5d7-0b3d627c5dc5', 'usr_396');
INSERT INTO trabalho.comentarios_podcast_usuario VALUES ('comment_396', 'Sequi incidunt maiores id aut fuga quia veniam ut facilis.', 'f0166bd2-8e4d-4308-b5d7-0b3d627c5dc5', 'usr_396');
INSERT INTO trabalho.usuario VALUES ('usr_397', '397_Sarah_Melo38@bol.com.br', 'Sarah Melo', 'female', 35, 'password', 'Arquipélago de Chagos');
INSERT INTO trabalho.usuario_esta_inscrito_no_podcast VALUES (3, '219328a1-cec6-4e8c-b003-52a3ec9766bb', 'usr_397');
INSERT INTO trabalho.comentarios_podcast_usuario VALUES ('comment_397', 'Impedit occaecati omnis nemo facilis.', '219328a1-cec6-4e8c-b003-52a3ec9766bb', 'usr_397');
INSERT INTO trabalho.usuario VALUES ('usr_398', '398_Rafaela21@gmail.com', 'Rafaela Moreira', 'female', 36, 'password', 'Montenegro');
INSERT INTO trabalho.usuario_esta_inscrito_no_podcast VALUES (0, 'b553d865-8fe2-47de-9a30-10e1dea3bd1d', 'usr_398');
INSERT INTO trabalho.comentarios_podcast_usuario VALUES ('comment_398', 'Doloribus et sit.', 'b553d865-8fe2-47de-9a30-10e1dea3bd1d', 'usr_398');
INSERT INTO trabalho.usuario VALUES ('usr_399', '399_Anthony_Costa17@bol.com.br', 'Anthony Costa', 'male', 12, 'password', 'Jordânia');
INSERT INTO trabalho.usuario_esta_inscrito_no_podcast VALUES (4, '219328a1-cec6-4e8c-b003-52a3ec9766bb', 'usr_399');
INSERT INTO trabalho.comentarios_podcast_usuario VALUES ('comment_399', 'Quia labore vitae perferendis occaecati voluptatum.', '219328a1-cec6-4e8c-b003-52a3ec9766bb', 'usr_399');
INSERT INTO trabalho.usuario VALUES ('usr_400', '400_Lorena0@yahoo.com', 'Lorena Xavier', 'female', 43, 'password', 'República Dominicana');
INSERT INTO trabalho.usuario_esta_inscrito_no_podcast VALUES (5, '168c1536-4c42-4b8f-8c77-f06affefec6a', 'usr_400');
INSERT INTO trabalho.comentarios_podcast_usuario VALUES ('comment_400', 'Nemo aliquam iure.', '168c1536-4c42-4b8f-8c77-f06affefec6a', 'usr_400');
INSERT INTO trabalho.usuario VALUES ('usr_401', '401_Raul.Oliveira@live.com', 'Raul Oliveira', 'male', 47, 'password', 'Egito');
INSERT INTO trabalho.usuario_esta_inscrito_no_podcast VALUES (0, 'b553d865-8fe2-47de-9a30-10e1dea3bd1d', 'usr_401');
INSERT INTO trabalho.comentarios_podcast_usuario VALUES ('comment_401', 'Quisquam sint odio sint animi quaerat quo id asperiores.', 'b553d865-8fe2-47de-9a30-10e1dea3bd1d', 'usr_401');
INSERT INTO trabalho.usuario VALUES ('usr_402', '402_Isabelly_Nogueira65@bol.com.br', 'Isabelly Nogueira', 'female', 31, 'password', 'Dinamarca');
INSERT INTO trabalho.usuario_esta_inscrito_no_podcast VALUES (3, '219328a1-cec6-4e8c-b003-52a3ec9766bb', 'usr_402');
INSERT INTO trabalho.comentarios_podcast_usuario VALUES ('comment_402', 'Et iusto repellat est corporis vel non.', '219328a1-cec6-4e8c-b003-52a3ec9766bb', 'usr_402');
INSERT INTO trabalho.usuario VALUES ('usr_403', '403_Yango_Batista46@gmail.com', 'Yango Batista', 'male', 11, 'password', 'São Vicente e Granadinas');
INSERT INTO trabalho.usuario_esta_inscrito_no_podcast VALUES (0, '168c1536-4c42-4b8f-8c77-f06affefec6a', 'usr_403');
INSERT INTO trabalho.comentarios_podcast_usuario VALUES ('comment_403', 'Quis accusantium cupiditate recusandae quis sint consequatur et.', '168c1536-4c42-4b8f-8c77-f06affefec6a', 'usr_403');
INSERT INTO trabalho.usuario VALUES ('usr_404', '404_Paulo.Moraes@gmail.com', 'Paulo Moraes', 'male', 51, 'password', 'Congo');
INSERT INTO trabalho.usuario_esta_inscrito_no_podcast VALUES (0, 'c58b280a-56d4-4ad8-8c85-730e4ea86361', 'usr_404');
INSERT INTO trabalho.comentarios_podcast_usuario VALUES ('comment_404', 'Dolores quae odit suscipit.', 'c58b280a-56d4-4ad8-8c85-730e4ea86361', 'usr_404');
INSERT INTO trabalho.usuario VALUES ('usr_405', '405_Rebeca_Melo52@yahoo.com', 'Rebeca Melo', 'female', 9, 'password', 'Camarões');
INSERT INTO trabalho.usuario_esta_inscrito_no_podcast VALUES (1, 'f1b92ce7-47a7-43cd-8586-4a09185cdd05', 'usr_405');
INSERT INTO trabalho.comentarios_podcast_usuario VALUES ('comment_405', 'Dolores nostrum facere quia occaecati.', 'f1b92ce7-47a7-43cd-8586-4a09185cdd05', 'usr_405');
INSERT INTO trabalho.usuario VALUES ('usr_406', '406_Maria50@live.com', 'Maria Moraes', 'female', 9, 'password', 'Arquipélago de Chagos');
INSERT INTO trabalho.usuario_esta_inscrito_no_podcast VALUES (1, 'b553d865-8fe2-47de-9a30-10e1dea3bd1d', 'usr_406');
INSERT INTO trabalho.comentarios_podcast_usuario VALUES ('comment_406', 'Neque ea aut doloribus.', 'b553d865-8fe2-47de-9a30-10e1dea3bd1d', 'usr_406');
INSERT INTO trabalho.usuario VALUES ('usr_407', '407_Aline39@bol.com.br', 'Aline Albuquerque', 'female', 5, 'password', 'Tonga');
INSERT INTO trabalho.usuario_esta_inscrito_no_podcast VALUES (0, '7e429e8e-7669-403d-bb78-3cd7f9f75afd', 'usr_407');
INSERT INTO trabalho.comentarios_podcast_usuario VALUES ('comment_407', 'Numquam sed itaque ea perferendis nam temporibus natus.', '7e429e8e-7669-403d-bb78-3cd7f9f75afd', 'usr_407');
INSERT INTO trabalho.usuario VALUES ('usr_408', '408_Nataniel_Costa@bol.com.br', 'Nataniel Costa', 'male', 9, 'password', 'Nauru');
INSERT INTO trabalho.usuario_esta_inscrito_no_podcast VALUES (1, 'bc8dac25-793c-4a96-aafc-4ea7020f4f60', 'usr_408');
INSERT INTO trabalho.comentarios_podcast_usuario VALUES ('comment_408', 'Totam in ut quasi est.', 'bc8dac25-793c-4a96-aafc-4ea7020f4f60', 'usr_408');
INSERT INTO trabalho.usuario VALUES ('usr_409', '409_Daniel_Pereira12@bol.com.br', 'Daniel Pereira', 'male', 30, 'password', 'Papua-Nova Guiné');
INSERT INTO trabalho.usuario_esta_inscrito_no_podcast VALUES (3, 'de2f0ddb-9903-436a-a5e2-54224254c818', 'usr_409');
INSERT INTO trabalho.comentarios_podcast_usuario VALUES ('comment_409', 'Maxime id doloribus cupiditate eligendi.', 'de2f0ddb-9903-436a-a5e2-54224254c818', 'usr_409');
INSERT INTO trabalho.usuario VALUES ('usr_410', '410_Alessandra38@live.com', 'Alessandra Moreira', 'female', 8, 'password', 'Guernesey');
INSERT INTO trabalho.usuario_esta_inscrito_no_podcast VALUES (4, 'de2f0ddb-9903-436a-a5e2-54224254c818', 'usr_410');
INSERT INTO trabalho.comentarios_podcast_usuario VALUES ('comment_410', 'Deleniti tempore esse ad corporis.', 'de2f0ddb-9903-436a-a5e2-54224254c818', 'usr_410');
INSERT INTO trabalho.usuario VALUES ('usr_411', '411_Fabrcio.Martins@live.com', 'Fabrício Martins', 'male', 52, 'password', 'Vanuatu');
INSERT INTO trabalho.usuario_esta_inscrito_no_podcast VALUES (1, 'f0166bd2-8e4d-4308-b5d7-0b3d627c5dc5', 'usr_411');
INSERT INTO trabalho.comentarios_podcast_usuario VALUES ('comment_411', 'Officiis cum incidunt dolor repellat aliquam sunt.', 'f0166bd2-8e4d-4308-b5d7-0b3d627c5dc5', 'usr_411');
INSERT INTO trabalho.usuario VALUES ('usr_412', '412_Marina.Barros62@bol.com.br', 'Marina Barros', 'female', 30, 'password', 'Chade');
INSERT INTO trabalho.usuario_esta_inscrito_no_podcast VALUES (5, 'af46a958-b921-47b6-9f87-5c4fdc68ea79', 'usr_412');
INSERT INTO trabalho.comentarios_podcast_usuario VALUES ('comment_412', 'Voluptas cumque ut.', 'af46a958-b921-47b6-9f87-5c4fdc68ea79', 'usr_412');
INSERT INTO trabalho.usuario VALUES ('usr_413', '413_MariaLuiza_Braga@live.com', 'Maria Luiza Braga', 'female', 20, 'password', 'Coreia do Sul');
INSERT INTO trabalho.usuario_esta_inscrito_no_podcast VALUES (4, 'c58b280a-56d4-4ad8-8c85-730e4ea86361', 'usr_413');
INSERT INTO trabalho.comentarios_podcast_usuario VALUES ('comment_413', 'Pariatur corporis magnam voluptatem.', 'c58b280a-56d4-4ad8-8c85-730e4ea86361', 'usr_413');
INSERT INTO trabalho.usuario VALUES ('usr_414', '414_Isabelly96@hotmail.com', 'Isabelly Barros', 'female', 35, 'password', 'Ilhas Marshall');
INSERT INTO trabalho.usuario_esta_inscrito_no_podcast VALUES (3, 'f8e13774-d631-4f34-93f0-2f5d55590265', 'usr_414');
INSERT INTO trabalho.comentarios_podcast_usuario VALUES ('comment_414', 'Non nostrum molestiae.', 'f8e13774-d631-4f34-93f0-2f5d55590265', 'usr_414');
INSERT INTO trabalho.usuario VALUES ('usr_415', '415_Davi57@bol.com.br', 'Davi Saraiva', 'male', 20, 'password', 'Quênia');
INSERT INTO trabalho.usuario_esta_inscrito_no_podcast VALUES (0, 'f0166bd2-8e4d-4308-b5d7-0b3d627c5dc5', 'usr_415');
INSERT INTO trabalho.comentarios_podcast_usuario VALUES ('comment_415', 'Velit dignissimos in voluptas perferendis repudiandae dolores ipsum veritatis dignissimos.', 'f0166bd2-8e4d-4308-b5d7-0b3d627c5dc5', 'usr_415');
INSERT INTO trabalho.usuario VALUES ('usr_416', '416_Joana.Xavier@gmail.com', 'Joana Xavier', 'female', 8, 'password', 'Nepal');
INSERT INTO trabalho.usuario_esta_inscrito_no_podcast VALUES (0, '5bdf7377-8330-4f9f-8efd-e95301c122ce', 'usr_416');
INSERT INTO trabalho.comentarios_podcast_usuario VALUES ('comment_416', 'Ratione dolor nostrum occaecati.', '5bdf7377-8330-4f9f-8efd-e95301c122ce', 'usr_416');
INSERT INTO trabalho.usuario VALUES ('usr_417', '417_Warley.Franco@hotmail.com', 'Warley Franco', 'male', 45, 'password', 'Madagascar');
INSERT INTO trabalho.usuario_esta_inscrito_no_podcast VALUES (5, '168c1536-4c42-4b8f-8c77-f06affefec6a', 'usr_417');
INSERT INTO trabalho.comentarios_podcast_usuario VALUES ('comment_417', 'Dolor iure ea ut dolor error.', '168c1536-4c42-4b8f-8c77-f06affefec6a', 'usr_417');
INSERT INTO trabalho.usuario VALUES ('usr_418', '418_Clia.Souza@bol.com.br', 'Célia Souza', 'female', 43, 'password', 'Mônaco');
INSERT INTO trabalho.usuario_esta_inscrito_no_podcast VALUES (2, '168c1536-4c42-4b8f-8c77-f06affefec6a', 'usr_418');
INSERT INTO trabalho.comentarios_podcast_usuario VALUES ('comment_418', 'Ad placeat consequatur perferendis illum illum velit incidunt.', '168c1536-4c42-4b8f-8c77-f06affefec6a', 'usr_418');
INSERT INTO trabalho.usuario VALUES ('usr_419', '419_Ricardo42@yahoo.com', 'Ricardo Franco', 'male', 38, 'password', 'Reino Unido');
INSERT INTO trabalho.usuario_esta_inscrito_no_podcast VALUES (1, '7e429e8e-7669-403d-bb78-3cd7f9f75afd', 'usr_419');
INSERT INTO trabalho.comentarios_podcast_usuario VALUES ('comment_419', 'Minima rerum ea dolores exercitationem.', '7e429e8e-7669-403d-bb78-3cd7f9f75afd', 'usr_419');
INSERT INTO trabalho.usuario VALUES ('usr_420', '420_Mariana_Albuquerque@yahoo.com', 'Mariana Albuquerque', 'female', 45, 'password', 'Finlândia');
INSERT INTO trabalho.usuario_esta_inscrito_no_podcast VALUES (0, 'fa3abe16-3645-4d22-a01d-893e6f20c408', 'usr_420');
INSERT INTO trabalho.comentarios_podcast_usuario VALUES ('comment_420', 'Dolor modi dolor eveniet.', 'fa3abe16-3645-4d22-a01d-893e6f20c408', 'usr_420');
INSERT INTO trabalho.usuario VALUES ('usr_421', '421_DaviLucca6@live.com', 'Davi Lucca Franco', 'male', 11, 'password', 'África do Sul');
INSERT INTO trabalho.usuario_esta_inscrito_no_podcast VALUES (3, '168c1536-4c42-4b8f-8c77-f06affefec6a', 'usr_421');
INSERT INTO trabalho.comentarios_podcast_usuario VALUES ('comment_421', 'Deleniti sunt minima.', '168c1536-4c42-4b8f-8c77-f06affefec6a', 'usr_421');
INSERT INTO trabalho.usuario VALUES ('usr_422', '422_Alessandra.Oliveira@live.com', 'Alessandra Oliveira', 'female', 31, 'password', 'Índia');
INSERT INTO trabalho.usuario_esta_inscrito_no_podcast VALUES (5, '219328a1-cec6-4e8c-b003-52a3ec9766bb', 'usr_422');
INSERT INTO trabalho.comentarios_podcast_usuario VALUES ('comment_422', 'Voluptas fuga consequatur magni nihil quo officiis odit.', '219328a1-cec6-4e8c-b003-52a3ec9766bb', 'usr_422');
INSERT INTO trabalho.usuario VALUES ('usr_423', '423_Joo76@live.com', 'João Costa', 'male', 34, 'password', 'Território da Palestina');
INSERT INTO trabalho.usuario_esta_inscrito_no_podcast VALUES (3, 'f0166bd2-8e4d-4308-b5d7-0b3d627c5dc5', 'usr_423');
INSERT INTO trabalho.comentarios_podcast_usuario VALUES ('comment_423', 'Consequatur omnis sint.', 'f0166bd2-8e4d-4308-b5d7-0b3d627c5dc5', 'usr_423');
INSERT INTO trabalho.usuario VALUES ('usr_424', '424_Salvador.Batista@bol.com.br', 'Salvador Batista', 'male', 16, 'password', 'Coreia do Norte');
INSERT INTO trabalho.usuario_esta_inscrito_no_podcast VALUES (0, '67074e68-bc2f-442b-8af2-7d328b6af6eb', 'usr_424');
INSERT INTO trabalho.comentarios_podcast_usuario VALUES ('comment_424', 'Quis quisquam suscipit.', '67074e68-bc2f-442b-8af2-7d328b6af6eb', 'usr_424');
INSERT INTO trabalho.usuario VALUES ('usr_425', '425_Talita_Silva@hotmail.com', 'Talita Silva', 'female', 12, 'password', 'Porto Rico');
INSERT INTO trabalho.usuario_esta_inscrito_no_podcast VALUES (1, '5bdf7377-8330-4f9f-8efd-e95301c122ce', 'usr_425');
INSERT INTO trabalho.comentarios_podcast_usuario VALUES ('comment_425', 'Eum ipsa eaque.', '5bdf7377-8330-4f9f-8efd-e95301c122ce', 'usr_425');
INSERT INTO trabalho.usuario VALUES ('usr_426', '426_PedroHenrique_Nogueira68@yahoo.com', 'Pedro Henrique Nogueira', 'male', 22, 'password', 'Macao');
INSERT INTO trabalho.usuario_esta_inscrito_no_podcast VALUES (2, 'fa3abe16-3645-4d22-a01d-893e6f20c408', 'usr_426');
INSERT INTO trabalho.comentarios_podcast_usuario VALUES ('comment_426', 'Id officia consequatur quisquam nihil aperiam et corporis labore qui.', 'fa3abe16-3645-4d22-a01d-893e6f20c408', 'usr_426');
INSERT INTO trabalho.usuario VALUES ('usr_427', '427_Antnio_Reis@yahoo.com', 'Antônio Reis', 'male', 52, 'password', 'Colômbia');
INSERT INTO trabalho.usuario_esta_inscrito_no_podcast VALUES (3, 'b553d865-8fe2-47de-9a30-10e1dea3bd1d', 'usr_427');
INSERT INTO trabalho.comentarios_podcast_usuario VALUES ('comment_427', 'Non quae omnis quo exercitationem est dolorum et modi.', 'b553d865-8fe2-47de-9a30-10e1dea3bd1d', 'usr_427');
INSERT INTO trabalho.usuario VALUES ('usr_428', '428_Ceclia_Macedo52@yahoo.com', 'Cecília Macedo', 'female', 20, 'password', 'Ilhas Geórgia do Sul e Sandwich do Sul');
INSERT INTO trabalho.usuario_esta_inscrito_no_podcast VALUES (1, 'fa3abe16-3645-4d22-a01d-893e6f20c408', 'usr_428');
INSERT INTO trabalho.comentarios_podcast_usuario VALUES ('comment_428', 'Est ad eum.', 'fa3abe16-3645-4d22-a01d-893e6f20c408', 'usr_428');
INSERT INTO trabalho.usuario VALUES ('usr_429', '429_Isabelly92@gmail.com', 'Isabelly Moreira', 'female', 13, 'password', 'Bangladesh');
INSERT INTO trabalho.usuario_esta_inscrito_no_podcast VALUES (3, 'de2f0ddb-9903-436a-a5e2-54224254c818', 'usr_429');
INSERT INTO trabalho.comentarios_podcast_usuario VALUES ('comment_429', 'Deserunt repellat ex aperiam magnam eos distinctio.', 'de2f0ddb-9903-436a-a5e2-54224254c818', 'usr_429');
INSERT INTO trabalho.usuario VALUES ('usr_430', '430_Nbia32@bol.com.br', 'Núbia Carvalho', 'female', 50, 'password', 'Antilhas Holandesas');
INSERT INTO trabalho.usuario_esta_inscrito_no_podcast VALUES (4, 'c58b280a-56d4-4ad8-8c85-730e4ea86361', 'usr_430');
INSERT INTO trabalho.comentarios_podcast_usuario VALUES ('comment_430', 'Quia velit corrupti voluptas et.', 'c58b280a-56d4-4ad8-8c85-730e4ea86361', 'usr_430');
INSERT INTO trabalho.usuario VALUES ('usr_431', '431_MariaAlice_Carvalho16@bol.com.br', 'Maria Alice Carvalho', 'female', 4, 'password', 'Ilha Bouvet');
INSERT INTO trabalho.usuario_esta_inscrito_no_podcast VALUES (3, 'de2f0ddb-9903-436a-a5e2-54224254c818', 'usr_431');
INSERT INTO trabalho.comentarios_podcast_usuario VALUES ('comment_431', 'Id iure et.', 'de2f0ddb-9903-436a-a5e2-54224254c818', 'usr_431');
INSERT INTO trabalho.usuario VALUES ('usr_432', '432_Daniel.Santos28@bol.com.br', 'Daniel Santos', 'male', 43, 'password', 'Cabo Verde');
INSERT INTO trabalho.usuario_esta_inscrito_no_podcast VALUES (5, 'f8e13774-d631-4f34-93f0-2f5d55590265', 'usr_432');
INSERT INTO trabalho.comentarios_podcast_usuario VALUES ('comment_432', 'At provident deleniti et dolorem.', 'f8e13774-d631-4f34-93f0-2f5d55590265', 'usr_432');
INSERT INTO trabalho.usuario VALUES ('usr_433', '433_Lucas.Carvalho43@live.com', 'Lucas Carvalho', 'male', 53, 'password', 'África do Sul');
INSERT INTO trabalho.usuario_esta_inscrito_no_podcast VALUES (3, 'c58b280a-56d4-4ad8-8c85-730e4ea86361', 'usr_433');
INSERT INTO trabalho.comentarios_podcast_usuario VALUES ('comment_433', 'Et aspernatur adipisci odit unde mollitia sint minima vitae.', 'c58b280a-56d4-4ad8-8c85-730e4ea86361', 'usr_433');
INSERT INTO trabalho.usuario VALUES ('usr_434', '434_Liz.Carvalho@bol.com.br', 'Liz Carvalho', 'female', 56, 'password', 'Groelândia');
INSERT INTO trabalho.usuario_esta_inscrito_no_podcast VALUES (3, 'bc8dac25-793c-4a96-aafc-4ea7020f4f60', 'usr_434');
INSERT INTO trabalho.comentarios_podcast_usuario VALUES ('comment_434', 'Tempore consequatur laborum nobis blanditiis distinctio asperiores qui doloremque.', 'bc8dac25-793c-4a96-aafc-4ea7020f4f60', 'usr_434');
INSERT INTO trabalho.usuario VALUES ('usr_435', '435_Margarida81@hotmail.com', 'Margarida Oliveira', 'female', 12, 'password', 'Wallis e Futuna');
INSERT INTO trabalho.usuario_esta_inscrito_no_podcast VALUES (0, 'f1b92ce7-47a7-43cd-8586-4a09185cdd05', 'usr_435');
INSERT INTO trabalho.comentarios_podcast_usuario VALUES ('comment_435', 'Nostrum reiciendis nobis veniam qui.', 'f1b92ce7-47a7-43cd-8586-4a09185cdd05', 'usr_435');
INSERT INTO trabalho.usuario VALUES ('usr_436', '436_Roberto.Braga21@hotmail.com', 'Roberto Braga', 'male', 14, 'password', 'Montenegro');
INSERT INTO trabalho.usuario_esta_inscrito_no_podcast VALUES (3, 'f8e13774-d631-4f34-93f0-2f5d55590265', 'usr_436');
INSERT INTO trabalho.comentarios_podcast_usuario VALUES ('comment_436', 'Et explicabo sunt velit dolores autem repudiandae quasi veritatis.', 'f8e13774-d631-4f34-93f0-2f5d55590265', 'usr_436');
INSERT INTO trabalho.usuario VALUES ('usr_437', '437_JlioCsar_Santos@bol.com.br', 'Júlio César Santos', 'male', 22, 'password', 'Ilhas Geórgia do Sul e Sandwich do Sul');
INSERT INTO trabalho.usuario_esta_inscrito_no_podcast VALUES (5, 'f8e13774-d631-4f34-93f0-2f5d55590265', 'usr_437');
INSERT INTO trabalho.comentarios_podcast_usuario VALUES ('comment_437', 'Aut quis id est non aut amet dolores.', 'f8e13774-d631-4f34-93f0-2f5d55590265', 'usr_437');
INSERT INTO trabalho.usuario VALUES ('usr_438', '438_Sarah52@gmail.com', 'Sarah Albuquerque', 'female', 51, 'password', 'Canadá');
INSERT INTO trabalho.usuario_esta_inscrito_no_podcast VALUES (1, 'f1b92ce7-47a7-43cd-8586-4a09185cdd05', 'usr_438');
INSERT INTO trabalho.comentarios_podcast_usuario VALUES ('comment_438', 'Dolores expedita nobis voluptatem natus commodi rerum impedit molestiae.', 'f1b92ce7-47a7-43cd-8586-4a09185cdd05', 'usr_438');
INSERT INTO trabalho.usuario VALUES ('usr_439', '439_Yango.Moraes@bol.com.br', 'Yango Moraes', 'male', 9, 'password', 'Montenegro');
INSERT INTO trabalho.usuario_esta_inscrito_no_podcast VALUES (3, 'f1b92ce7-47a7-43cd-8586-4a09185cdd05', 'usr_439');
INSERT INTO trabalho.comentarios_podcast_usuario VALUES ('comment_439', 'Est quia porro quia debitis laudantium exercitationem mollitia cumque sit.', 'f1b92ce7-47a7-43cd-8586-4a09185cdd05', 'usr_439');
INSERT INTO trabalho.usuario VALUES ('usr_440', '440_MariaCeclia_Costa@yahoo.com', 'Maria Cecília Costa', 'female', 51, 'password', 'Latvia');
INSERT INTO trabalho.usuario_esta_inscrito_no_podcast VALUES (3, 'bc8dac25-793c-4a96-aafc-4ea7020f4f60', 'usr_440');
INSERT INTO trabalho.comentarios_podcast_usuario VALUES ('comment_440', 'Sed ut aut minima repellat ut illum eos.', 'bc8dac25-793c-4a96-aafc-4ea7020f4f60', 'usr_440');
INSERT INTO trabalho.usuario VALUES ('usr_441', '441_Alice30@yahoo.com', 'Alice Silva', 'female', 21, 'password', 'Ilha Norfolk');
INSERT INTO trabalho.usuario_esta_inscrito_no_podcast VALUES (0, '219328a1-cec6-4e8c-b003-52a3ec9766bb', 'usr_441');
INSERT INTO trabalho.comentarios_podcast_usuario VALUES ('comment_441', 'Et sint id autem pariatur rerum consequatur eligendi velit repellendus.', '219328a1-cec6-4e8c-b003-52a3ec9766bb', 'usr_441');
INSERT INTO trabalho.usuario VALUES ('usr_442', '442_Norberto76@hotmail.com', 'Norberto Macedo', 'male', 15, 'password', 'Guiné-Bissau');
INSERT INTO trabalho.usuario_esta_inscrito_no_podcast VALUES (0, '219328a1-cec6-4e8c-b003-52a3ec9766bb', 'usr_442');
INSERT INTO trabalho.comentarios_podcast_usuario VALUES ('comment_442', 'Eos officiis sed maxime suscipit veritatis nemo debitis saepe iure.', '219328a1-cec6-4e8c-b003-52a3ec9766bb', 'usr_442');
INSERT INTO trabalho.usuario VALUES ('usr_443', '443_Caio16@live.com', 'Caio Souza', 'male', 17, 'password', 'Áustria');
INSERT INTO trabalho.usuario_esta_inscrito_no_podcast VALUES (0, '67074e68-bc2f-442b-8af2-7d328b6af6eb', 'usr_443');
INSERT INTO trabalho.comentarios_podcast_usuario VALUES ('comment_443', 'Aspernatur laudantium eligendi sit officia consectetur officiis ea rerum qui.', '67074e68-bc2f-442b-8af2-7d328b6af6eb', 'usr_443');
INSERT INTO trabalho.usuario VALUES ('usr_444', '444_Elsio_Carvalho@bol.com.br', 'Elísio Carvalho', 'male', 6, 'password', 'Omã');
INSERT INTO trabalho.usuario_esta_inscrito_no_podcast VALUES (2, '5bdf7377-8330-4f9f-8efd-e95301c122ce', 'usr_444');
INSERT INTO trabalho.comentarios_podcast_usuario VALUES ('comment_444', 'Dolor labore ea inventore omnis odio voluptate omnis.', '5bdf7377-8330-4f9f-8efd-e95301c122ce', 'usr_444');
INSERT INTO trabalho.usuario VALUES ('usr_445', '445_Emanuelly_Carvalho74@live.com', 'Emanuelly Carvalho', 'female', 14, 'password', 'Guadalupe');
INSERT INTO trabalho.usuario_esta_inscrito_no_podcast VALUES (2, 'bc8dac25-793c-4a96-aafc-4ea7020f4f60', 'usr_445');
INSERT INTO trabalho.comentarios_podcast_usuario VALUES ('comment_445', 'Veritatis aut numquam esse nihil dicta et natus.', 'bc8dac25-793c-4a96-aafc-4ea7020f4f60', 'usr_445');
INSERT INTO trabalho.usuario VALUES ('usr_446', '446_Jlia_Barros@bol.com.br', 'Júlia Barros', 'female', 37, 'password', 'Armênia');
INSERT INTO trabalho.usuario_esta_inscrito_no_podcast VALUES (1, '168c1536-4c42-4b8f-8c77-f06affefec6a', 'usr_446');
INSERT INTO trabalho.comentarios_podcast_usuario VALUES ('comment_446', 'Exercitationem beatae delectus id ratione et.', '168c1536-4c42-4b8f-8c77-f06affefec6a', 'usr_446');
INSERT INTO trabalho.usuario VALUES ('usr_447', '447_Hlio38@bol.com.br', 'Hélio Batista', 'male', 53, 'password', 'Togo');
INSERT INTO trabalho.usuario_esta_inscrito_no_podcast VALUES (5, 'c58b280a-56d4-4ad8-8c85-730e4ea86361', 'usr_447');
INSERT INTO trabalho.comentarios_podcast_usuario VALUES ('comment_447', 'Et enim sit architecto explicabo ut magni voluptas.', 'c58b280a-56d4-4ad8-8c85-730e4ea86361', 'usr_447');
INSERT INTO trabalho.usuario VALUES ('usr_448', '448_Isabella.Braga@yahoo.com', 'Isabella Braga', 'female', 43, 'password', 'Albânia');
INSERT INTO trabalho.usuario_esta_inscrito_no_podcast VALUES (2, '5bdf7377-8330-4f9f-8efd-e95301c122ce', 'usr_448');
INSERT INTO trabalho.comentarios_podcast_usuario VALUES ('comment_448', 'Eum quas quis dolorem eligendi autem laborum.', '5bdf7377-8330-4f9f-8efd-e95301c122ce', 'usr_448');
INSERT INTO trabalho.usuario VALUES ('usr_449', '449_Frederico69@yahoo.com', 'Frederico Barros', 'male', 46, 'password', 'Aruba');
INSERT INTO trabalho.usuario_esta_inscrito_no_podcast VALUES (3, 'b553d865-8fe2-47de-9a30-10e1dea3bd1d', 'usr_449');
INSERT INTO trabalho.comentarios_podcast_usuario VALUES ('comment_449', 'Dignissimos excepturi dolor dignissimos aut molestias consequatur ut.', 'b553d865-8fe2-47de-9a30-10e1dea3bd1d', 'usr_449');
INSERT INTO trabalho.usuario VALUES ('usr_450', '450_Yasmin_Souza35@hotmail.com', 'Yasmin Souza', 'female', 17, 'password', 'Barbados');
INSERT INTO trabalho.usuario_esta_inscrito_no_podcast VALUES (4, '7e429e8e-7669-403d-bb78-3cd7f9f75afd', 'usr_450');
INSERT INTO trabalho.comentarios_podcast_usuario VALUES ('comment_450', 'Nemo maiores corrupti debitis.', '7e429e8e-7669-403d-bb78-3cd7f9f75afd', 'usr_450');
INSERT INTO trabalho.usuario VALUES ('usr_451', '451_AnaLuiza.Carvalho78@gmail.com', 'Ana Luiza Carvalho', 'female', 26, 'password', 'Quirguistão');
INSERT INTO trabalho.usuario_esta_inscrito_no_podcast VALUES (1, '168c1536-4c42-4b8f-8c77-f06affefec6a', 'usr_451');
INSERT INTO trabalho.comentarios_podcast_usuario VALUES ('comment_451', 'Nesciunt iusto alias culpa eum suscipit quidem sit omnis repudiandae.', '168c1536-4c42-4b8f-8c77-f06affefec6a', 'usr_451');
INSERT INTO trabalho.usuario VALUES ('usr_452', '452_JlioCsar_Carvalho@live.com', 'Júlio César Carvalho', 'male', 20, 'password', 'Islândia');
INSERT INTO trabalho.usuario_esta_inscrito_no_podcast VALUES (3, 'f0166bd2-8e4d-4308-b5d7-0b3d627c5dc5', 'usr_452');
INSERT INTO trabalho.comentarios_podcast_usuario VALUES ('comment_452', 'Rerum earum necessitatibus recusandae iusto non harum.', 'f0166bd2-8e4d-4308-b5d7-0b3d627c5dc5', 'usr_452');
INSERT INTO trabalho.usuario VALUES ('usr_453', '453_Matheus.Silva@yahoo.com', 'Matheus Silva', 'male', 9, 'password', 'Noruega');
INSERT INTO trabalho.usuario_esta_inscrito_no_podcast VALUES (1, 'f8e13774-d631-4f34-93f0-2f5d55590265', 'usr_453');
INSERT INTO trabalho.comentarios_podcast_usuario VALUES ('comment_453', 'Harum dolor facere eos porro maxime officiis fuga iste cupiditate.', 'f8e13774-d631-4f34-93f0-2f5d55590265', 'usr_453');
INSERT INTO trabalho.usuario VALUES ('usr_454', '454_Alice69@yahoo.com', 'Alice Nogueira', 'female', 8, 'password', 'Santa Lúcia');
INSERT INTO trabalho.usuario_esta_inscrito_no_podcast VALUES (5, '5bdf7377-8330-4f9f-8efd-e95301c122ce', 'usr_454');
INSERT INTO trabalho.comentarios_podcast_usuario VALUES ('comment_454', 'Aut esse quia nihil animi nihil.', '5bdf7377-8330-4f9f-8efd-e95301c122ce', 'usr_454');
INSERT INTO trabalho.usuario VALUES ('usr_455', '455_Enzo.Costa98@hotmail.com', 'Enzo Costa', 'male', 9, 'password', 'Palau');
INSERT INTO trabalho.usuario_esta_inscrito_no_podcast VALUES (0, '7e429e8e-7669-403d-bb78-3cd7f9f75afd', 'usr_455');
INSERT INTO trabalho.comentarios_podcast_usuario VALUES ('comment_455', 'Sit recusandae nihil quo ad maiores iusto et odit.', '7e429e8e-7669-403d-bb78-3cd7f9f75afd', 'usr_455');
INSERT INTO trabalho.usuario VALUES ('usr_456', '456_Arthur_Albuquerque@bol.com.br', 'Arthur Albuquerque', 'male', 56, 'password', 'Estados Unidos da América');
INSERT INTO trabalho.usuario_esta_inscrito_no_podcast VALUES (2, 'fa3abe16-3645-4d22-a01d-893e6f20c408', 'usr_456');
INSERT INTO trabalho.comentarios_podcast_usuario VALUES ('comment_456', 'Voluptatem atque atque ut voluptas sed iste exercitationem natus.', 'fa3abe16-3645-4d22-a01d-893e6f20c408', 'usr_456');
INSERT INTO trabalho.usuario VALUES ('usr_457', '457_Joo_Moraes28@gmail.com', 'João Moraes', 'male', 8, 'password', 'Equador');
INSERT INTO trabalho.usuario_esta_inscrito_no_podcast VALUES (0, '219328a1-cec6-4e8c-b003-52a3ec9766bb', 'usr_457');
INSERT INTO trabalho.comentarios_podcast_usuario VALUES ('comment_457', 'Optio dolorem magni unde.', '219328a1-cec6-4e8c-b003-52a3ec9766bb', 'usr_457');
INSERT INTO trabalho.usuario VALUES ('usr_458', '458_Breno.Barros@hotmail.com', 'Breno Barros', 'male', 29, 'password', 'Luxemburgo');
INSERT INTO trabalho.usuario_esta_inscrito_no_podcast VALUES (3, '219328a1-cec6-4e8c-b003-52a3ec9766bb', 'usr_458');
INSERT INTO trabalho.comentarios_podcast_usuario VALUES ('comment_458', 'Neque ea illo perferendis deleniti.', '219328a1-cec6-4e8c-b003-52a3ec9766bb', 'usr_458');
INSERT INTO trabalho.usuario VALUES ('usr_459', '459_Pablo_Santos@hotmail.com', 'Pablo Santos', 'male', 41, 'password', 'Polinésia Francesa');
INSERT INTO trabalho.usuario_esta_inscrito_no_podcast VALUES (0, '5bdf7377-8330-4f9f-8efd-e95301c122ce', 'usr_459');
INSERT INTO trabalho.comentarios_podcast_usuario VALUES ('comment_459', 'Et repellendus nam blanditiis neque sunt iusto.', '5bdf7377-8330-4f9f-8efd-e95301c122ce', 'usr_459');
INSERT INTO trabalho.usuario VALUES ('usr_460', '460_Isaac_Saraiva@yahoo.com', 'Isaac Saraiva', 'male', 12, 'password', 'Sao Tomé e Príncipe');
INSERT INTO trabalho.usuario_esta_inscrito_no_podcast VALUES (0, '67074e68-bc2f-442b-8af2-7d328b6af6eb', 'usr_460');
INSERT INTO trabalho.comentarios_podcast_usuario VALUES ('comment_460', 'Inventore aperiam iste earum distinctio dolores voluptates aut.', '67074e68-bc2f-442b-8af2-7d328b6af6eb', 'usr_460');
INSERT INTO trabalho.usuario VALUES ('usr_461', '461_Fabiano_Pereira@hotmail.com', 'Fabiano Pereira', 'male', 1, 'password', 'Quênia');
INSERT INTO trabalho.usuario_esta_inscrito_no_podcast VALUES (2, 'af46a958-b921-47b6-9f87-5c4fdc68ea79', 'usr_461');
INSERT INTO trabalho.comentarios_podcast_usuario VALUES ('comment_461', 'Necessitatibus debitis et perferendis.', 'af46a958-b921-47b6-9f87-5c4fdc68ea79', 'usr_461');
INSERT INTO trabalho.usuario VALUES ('usr_462', '462_Norberto_Nogueira7@gmail.com', 'Norberto Nogueira', 'male', 44, 'password', 'Micronésia');
INSERT INTO trabalho.usuario_esta_inscrito_no_podcast VALUES (5, 'f1b92ce7-47a7-43cd-8586-4a09185cdd05', 'usr_462');
INSERT INTO trabalho.comentarios_podcast_usuario VALUES ('comment_462', 'Error dolorem possimus aliquam sed ut esse aut quia.', 'f1b92ce7-47a7-43cd-8586-4a09185cdd05', 'usr_462');
INSERT INTO trabalho.usuario VALUES ('usr_463', '463_Elo_Reis@hotmail.com', 'Eloá Reis', 'female', 47, 'password', 'Senegal');
INSERT INTO trabalho.usuario_esta_inscrito_no_podcast VALUES (5, '5bdf7377-8330-4f9f-8efd-e95301c122ce', 'usr_463');
INSERT INTO trabalho.comentarios_podcast_usuario VALUES ('comment_463', 'Vitae consequatur doloremque rerum ratione tenetur quidem autem sed.', '5bdf7377-8330-4f9f-8efd-e95301c122ce', 'usr_463');
INSERT INTO trabalho.usuario VALUES ('usr_464', '464_Mrcia94@yahoo.com', 'Márcia Carvalho', 'female', 50, 'password', 'Vanuatu');
INSERT INTO trabalho.usuario_esta_inscrito_no_podcast VALUES (2, 'af46a958-b921-47b6-9f87-5c4fdc68ea79', 'usr_464');
INSERT INTO trabalho.comentarios_podcast_usuario VALUES ('comment_464', 'Ut dolorem in molestiae quae labore.', 'af46a958-b921-47b6-9f87-5c4fdc68ea79', 'usr_464');
INSERT INTO trabalho.usuario VALUES ('usr_465', '465_Felcia_Nogueira@gmail.com', 'Felícia Nogueira', 'female', 46, 'password', 'Santa Helena');
INSERT INTO trabalho.usuario_esta_inscrito_no_podcast VALUES (3, 'b553d865-8fe2-47de-9a30-10e1dea3bd1d', 'usr_465');
INSERT INTO trabalho.comentarios_podcast_usuario VALUES ('comment_465', 'Nesciunt adipisci aliquam omnis.', 'b553d865-8fe2-47de-9a30-10e1dea3bd1d', 'usr_465');
INSERT INTO trabalho.usuario VALUES ('usr_466', '466_Elo.Xavier58@bol.com.br', 'Eloá Xavier', 'female', 13, 'password', 'Indonésia');
INSERT INTO trabalho.usuario_esta_inscrito_no_podcast VALUES (0, 'f0166bd2-8e4d-4308-b5d7-0b3d627c5dc5', 'usr_466');
INSERT INTO trabalho.comentarios_podcast_usuario VALUES ('comment_466', 'Cumque quo quis et voluptatem eligendi illum eum dolores asperiores.', 'f0166bd2-8e4d-4308-b5d7-0b3d627c5dc5', 'usr_466');
INSERT INTO trabalho.usuario VALUES ('usr_467', '467_Klber20@hotmail.com', 'Kléber Xavier', 'male', 38, 'password', 'Suriname');
INSERT INTO trabalho.usuario_esta_inscrito_no_podcast VALUES (1, '219328a1-cec6-4e8c-b003-52a3ec9766bb', 'usr_467');
INSERT INTO trabalho.comentarios_podcast_usuario VALUES ('comment_467', 'Pariatur minima est dicta ut aut dolores magni quia quod.', '219328a1-cec6-4e8c-b003-52a3ec9766bb', 'usr_467');
INSERT INTO trabalho.usuario VALUES ('usr_468', '468_Antonella24@live.com', 'Antonella Batista', 'female', 11, 'password', 'Qatar');
INSERT INTO trabalho.usuario_esta_inscrito_no_podcast VALUES (4, 'f0166bd2-8e4d-4308-b5d7-0b3d627c5dc5', 'usr_468');
INSERT INTO trabalho.comentarios_podcast_usuario VALUES ('comment_468', 'Omnis doloremque quia ab sit.', 'f0166bd2-8e4d-4308-b5d7-0b3d627c5dc5', 'usr_468');
INSERT INTO trabalho.usuario VALUES ('usr_469', '469_Ricardo_Melo43@live.com', 'Ricardo Melo', 'male', 51, 'password', 'Quirguistão');
INSERT INTO trabalho.usuario_esta_inscrito_no_podcast VALUES (5, '168c1536-4c42-4b8f-8c77-f06affefec6a', 'usr_469');
INSERT INTO trabalho.comentarios_podcast_usuario VALUES ('comment_469', 'Architecto dolorem quo eveniet.', '168c1536-4c42-4b8f-8c77-f06affefec6a', 'usr_469');
INSERT INTO trabalho.usuario VALUES ('usr_470', '470_Lucca.Batista29@hotmail.com', 'Lucca Batista', 'male', 17, 'password', 'Angola');
INSERT INTO trabalho.usuario_esta_inscrito_no_podcast VALUES (1, '67074e68-bc2f-442b-8af2-7d328b6af6eb', 'usr_470');
INSERT INTO trabalho.comentarios_podcast_usuario VALUES ('comment_470', 'Nemo expedita ducimus id debitis quidem molestiae.', '67074e68-bc2f-442b-8af2-7d328b6af6eb', 'usr_470');
INSERT INTO trabalho.usuario VALUES ('usr_471', '471_Daniel56@yahoo.com', 'Daniel Xavier', 'male', 32, 'password', 'Barbados');
INSERT INTO trabalho.usuario_esta_inscrito_no_podcast VALUES (1, '219328a1-cec6-4e8c-b003-52a3ec9766bb', 'usr_471');
INSERT INTO trabalho.comentarios_podcast_usuario VALUES ('comment_471', 'Beatae incidunt sunt.', '219328a1-cec6-4e8c-b003-52a3ec9766bb', 'usr_471');
INSERT INTO trabalho.usuario VALUES ('usr_472', '472_Sirineu.Braga51@live.com', 'Sirineu Braga', 'male', 49, 'password', 'Ucrânia');
INSERT INTO trabalho.usuario_esta_inscrito_no_podcast VALUES (4, 'de2f0ddb-9903-436a-a5e2-54224254c818', 'usr_472');
INSERT INTO trabalho.comentarios_podcast_usuario VALUES ('comment_472', 'Dignissimos quis minima voluptas.', 'de2f0ddb-9903-436a-a5e2-54224254c818', 'usr_472');
INSERT INTO trabalho.usuario VALUES ('usr_473', '473_Raul.Nogueira99@hotmail.com', 'Raul Nogueira', 'male', 57, 'password', 'Arquipélago de Chagos');
INSERT INTO trabalho.usuario_esta_inscrito_no_podcast VALUES (3, '5bdf7377-8330-4f9f-8efd-e95301c122ce', 'usr_473');
INSERT INTO trabalho.comentarios_podcast_usuario VALUES ('comment_473', 'Quis totam molestias odio eius ut fuga distinctio.', '5bdf7377-8330-4f9f-8efd-e95301c122ce', 'usr_473');
INSERT INTO trabalho.usuario VALUES ('usr_474', '474_Norberto_Macedo75@live.com', 'Norberto Macedo', 'male', 37, 'password', 'Maurícia');
INSERT INTO trabalho.usuario_esta_inscrito_no_podcast VALUES (0, 'af46a958-b921-47b6-9f87-5c4fdc68ea79', 'usr_474');
INSERT INTO trabalho.comentarios_podcast_usuario VALUES ('comment_474', 'Laborum non culpa reiciendis voluptates vel et in sint est.', 'af46a958-b921-47b6-9f87-5c4fdc68ea79', 'usr_474');
INSERT INTO trabalho.usuario VALUES ('usr_475', '475_Luiza_Albuquerque@yahoo.com', 'Luiza Albuquerque', 'female', 60, 'password', 'Bulgária');
INSERT INTO trabalho.usuario_esta_inscrito_no_podcast VALUES (0, 'de2f0ddb-9903-436a-a5e2-54224254c818', 'usr_475');
INSERT INTO trabalho.comentarios_podcast_usuario VALUES ('comment_475', 'Hic numquam ut.', 'de2f0ddb-9903-436a-a5e2-54224254c818', 'usr_475');
INSERT INTO trabalho.usuario VALUES ('usr_476', '476_Janana_Reis19@live.com', 'Janaína Reis', 'female', 47, 'password', 'Tuvalu');
INSERT INTO trabalho.usuario_esta_inscrito_no_podcast VALUES (5, 'de2f0ddb-9903-436a-a5e2-54224254c818', 'usr_476');
INSERT INTO trabalho.comentarios_podcast_usuario VALUES ('comment_476', 'Qui eos voluptatem.', 'de2f0ddb-9903-436a-a5e2-54224254c818', 'usr_476');
INSERT INTO trabalho.usuario VALUES ('usr_477', '477_Miguel.Braga86@gmail.com', 'Miguel Braga', 'male', 0, 'password', 'França');
INSERT INTO trabalho.usuario_esta_inscrito_no_podcast VALUES (0, '67074e68-bc2f-442b-8af2-7d328b6af6eb', 'usr_477');
INSERT INTO trabalho.comentarios_podcast_usuario VALUES ('comment_477', 'Vel accusantium expedita qui id labore veritatis sint et.', '67074e68-bc2f-442b-8af2-7d328b6af6eb', 'usr_477');
INSERT INTO trabalho.usuario VALUES ('usr_478', '478_Salvador45@gmail.com', 'Salvador Nogueira', 'male', 38, 'password', 'Argentina');
INSERT INTO trabalho.usuario_esta_inscrito_no_podcast VALUES (5, '168c1536-4c42-4b8f-8c77-f06affefec6a', 'usr_478');
INSERT INTO trabalho.comentarios_podcast_usuario VALUES ('comment_478', 'Provident animi pariatur minus quibusdam non totam eligendi.', '168c1536-4c42-4b8f-8c77-f06affefec6a', 'usr_478');
INSERT INTO trabalho.usuario VALUES ('usr_479', '479_Valentina_Macedo@gmail.com', 'Valentina Macedo', 'female', 20, 'password', 'Camarões');
INSERT INTO trabalho.usuario_esta_inscrito_no_podcast VALUES (0, 'de2f0ddb-9903-436a-a5e2-54224254c818', 'usr_479');
INSERT INTO trabalho.comentarios_podcast_usuario VALUES ('comment_479', 'Sit hic voluptatem eveniet ipsam doloremque et dicta eius.', 'de2f0ddb-9903-436a-a5e2-54224254c818', 'usr_479');
INSERT INTO trabalho.usuario VALUES ('usr_480', '480_Manuela23@bol.com.br', 'Manuela Melo', 'female', 16, 'password', 'Togo');
INSERT INTO trabalho.usuario_esta_inscrito_no_podcast VALUES (3, 'af46a958-b921-47b6-9f87-5c4fdc68ea79', 'usr_480');
INSERT INTO trabalho.comentarios_podcast_usuario VALUES ('comment_480', 'Tempore aut explicabo eaque iure amet.', 'af46a958-b921-47b6-9f87-5c4fdc68ea79', 'usr_480');
INSERT INTO trabalho.usuario VALUES ('usr_481', '481_MariaCeclia_Carvalho@gmail.com', 'Maria Cecília Carvalho', 'female', 57, 'password', 'Ucrânia');
INSERT INTO trabalho.usuario_esta_inscrito_no_podcast VALUES (0, 'f8e13774-d631-4f34-93f0-2f5d55590265', 'usr_481');
INSERT INTO trabalho.comentarios_podcast_usuario VALUES ('comment_481', 'Et cumque rem incidunt alias rem.', 'f8e13774-d631-4f34-93f0-2f5d55590265', 'usr_481');
INSERT INTO trabalho.usuario VALUES ('usr_482', '482_Beatriz_Martins@live.com', 'Beatriz Martins', 'female', 29, 'password', 'Montserrat');
INSERT INTO trabalho.usuario_esta_inscrito_no_podcast VALUES (5, 'c58b280a-56d4-4ad8-8c85-730e4ea86361', 'usr_482');
INSERT INTO trabalho.comentarios_podcast_usuario VALUES ('comment_482', 'Architecto odit dolorum deleniti praesentium blanditiis numquam dolorem eos.', 'c58b280a-56d4-4ad8-8c85-730e4ea86361', 'usr_482');
INSERT INTO trabalho.usuario VALUES ('usr_483', '483_Carla10@gmail.com', 'Carla Santos', 'female', 49, 'password', 'San Marino');
INSERT INTO trabalho.usuario_esta_inscrito_no_podcast VALUES (3, 'de2f0ddb-9903-436a-a5e2-54224254c818', 'usr_483');
INSERT INTO trabalho.comentarios_podcast_usuario VALUES ('comment_483', 'Aut omnis consectetur in praesentium facere perspiciatis.', 'de2f0ddb-9903-436a-a5e2-54224254c818', 'usr_483');
INSERT INTO trabalho.usuario VALUES ('usr_484', '484_Oflia.Martins@yahoo.com', 'Ofélia Martins', 'female', 15, 'password', 'Nauru');
INSERT INTO trabalho.usuario_esta_inscrito_no_podcast VALUES (5, 'af46a958-b921-47b6-9f87-5c4fdc68ea79', 'usr_484');
INSERT INTO trabalho.comentarios_podcast_usuario VALUES ('comment_484', 'Facere earum aspernatur magnam et vel dolores illo rem.', 'af46a958-b921-47b6-9f87-5c4fdc68ea79', 'usr_484');
INSERT INTO trabalho.usuario VALUES ('usr_485', '485_Csar_Nogueira@yahoo.com', 'César Nogueira', 'male', 19, 'password', 'Quênia');
INSERT INTO trabalho.usuario_esta_inscrito_no_podcast VALUES (0, 'bc8dac25-793c-4a96-aafc-4ea7020f4f60', 'usr_485');
INSERT INTO trabalho.comentarios_podcast_usuario VALUES ('comment_485', 'Dolore reprehenderit autem optio reprehenderit consequatur sunt ex.', 'bc8dac25-793c-4a96-aafc-4ea7020f4f60', 'usr_485');
INSERT INTO trabalho.usuario VALUES ('usr_486', '486_Alice_Pereira62@hotmail.com', 'Alice Pereira', 'female', 28, 'password', 'Honduras');
INSERT INTO trabalho.usuario_esta_inscrito_no_podcast VALUES (3, '168c1536-4c42-4b8f-8c77-f06affefec6a', 'usr_486');
INSERT INTO trabalho.comentarios_podcast_usuario VALUES ('comment_486', 'Eligendi ducimus et ipsa modi minima quia.', '168c1536-4c42-4b8f-8c77-f06affefec6a', 'usr_486');
INSERT INTO trabalho.usuario VALUES ('usr_487', '487_Vctor.Barros89@hotmail.com', 'Víctor Barros', 'male', 25, 'password', 'Wallis e Futuna');
INSERT INTO trabalho.usuario_esta_inscrito_no_podcast VALUES (1, 'af46a958-b921-47b6-9f87-5c4fdc68ea79', 'usr_487');
INSERT INTO trabalho.comentarios_podcast_usuario VALUES ('comment_487', 'Culpa unde dicta itaque sequi aut nam culpa beatae.', 'af46a958-b921-47b6-9f87-5c4fdc68ea79', 'usr_487');
INSERT INTO trabalho.usuario VALUES ('usr_488', '488_Joana_Pereira94@live.com', 'Joana Pereira', 'female', 28, 'password', 'Suriname');
INSERT INTO trabalho.usuario_esta_inscrito_no_podcast VALUES (0, '219328a1-cec6-4e8c-b003-52a3ec9766bb', 'usr_488');
INSERT INTO trabalho.comentarios_podcast_usuario VALUES ('comment_488', 'Aut et architecto voluptatem sapiente.', '219328a1-cec6-4e8c-b003-52a3ec9766bb', 'usr_488');
INSERT INTO trabalho.usuario VALUES ('usr_489', '489_Nbia.Carvalho@hotmail.com', 'Núbia Carvalho', 'female', 5, 'password', 'Ucrânia');
INSERT INTO trabalho.usuario_esta_inscrito_no_podcast VALUES (4, 'bc8dac25-793c-4a96-aafc-4ea7020f4f60', 'usr_489');
INSERT INTO trabalho.comentarios_podcast_usuario VALUES ('comment_489', 'Velit et consectetur laudantium illo veritatis ea porro animi.', 'bc8dac25-793c-4a96-aafc-4ea7020f4f60', 'usr_489');
INSERT INTO trabalho.usuario VALUES ('usr_490', '490_Cau.Carvalho90@bol.com.br', 'Cauã Carvalho', 'male', 30, 'password', 'Somália');
INSERT INTO trabalho.usuario_esta_inscrito_no_podcast VALUES (2, 'c58b280a-56d4-4ad8-8c85-730e4ea86361', 'usr_490');
INSERT INTO trabalho.comentarios_podcast_usuario VALUES ('comment_490', 'Sit neque modi illum itaque dolores voluptatem aspernatur.', 'c58b280a-56d4-4ad8-8c85-730e4ea86361', 'usr_490');
INSERT INTO trabalho.usuario VALUES ('usr_491', '491_Raul_Franco44@bol.com.br', 'Raul Franco', 'male', 25, 'password', 'Jordânia');
INSERT INTO trabalho.usuario_esta_inscrito_no_podcast VALUES (3, 'f1b92ce7-47a7-43cd-8586-4a09185cdd05', 'usr_491');
INSERT INTO trabalho.comentarios_podcast_usuario VALUES ('comment_491', 'Repellat minus est quas possimus.', 'f1b92ce7-47a7-43cd-8586-4a09185cdd05', 'usr_491');
INSERT INTO trabalho.usuario VALUES ('usr_492', '492_Caio.Melo@gmail.com', 'Caio Melo', 'male', 9, 'password', 'Anguila');
INSERT INTO trabalho.usuario_esta_inscrito_no_podcast VALUES (3, 'bc8dac25-793c-4a96-aafc-4ea7020f4f60', 'usr_492');
INSERT INTO trabalho.comentarios_podcast_usuario VALUES ('comment_492', 'Quis adipisci assumenda exercitationem rem.', 'bc8dac25-793c-4a96-aafc-4ea7020f4f60', 'usr_492');
INSERT INTO trabalho.usuario VALUES ('usr_493', '493_Fabrcia.Reis52@gmail.com', 'Fabrícia Reis', 'female', 31, 'password', 'Laos');
INSERT INTO trabalho.usuario_esta_inscrito_no_podcast VALUES (2, '5bdf7377-8330-4f9f-8efd-e95301c122ce', 'usr_493');
INSERT INTO trabalho.comentarios_podcast_usuario VALUES ('comment_493', 'Vel illum commodi laborum.', '5bdf7377-8330-4f9f-8efd-e95301c122ce', 'usr_493');
INSERT INTO trabalho.usuario VALUES ('usr_494', '494_Natlia.Oliveira44@yahoo.com', 'Natália Oliveira', 'female', 10, 'password', 'Benin');
INSERT INTO trabalho.usuario_esta_inscrito_no_podcast VALUES (3, '7e429e8e-7669-403d-bb78-3cd7f9f75afd', 'usr_494');
INSERT INTO trabalho.comentarios_podcast_usuario VALUES ('comment_494', 'Quas est voluptatibus distinctio nihil vel.', '7e429e8e-7669-403d-bb78-3cd7f9f75afd', 'usr_494');
INSERT INTO trabalho.usuario VALUES ('usr_495', '495_Breno72@gmail.com', 'Breno Melo', 'male', 47, 'password', 'Angola');
INSERT INTO trabalho.usuario_esta_inscrito_no_podcast VALUES (5, '67074e68-bc2f-442b-8af2-7d328b6af6eb', 'usr_495');
INSERT INTO trabalho.comentarios_podcast_usuario VALUES ('comment_495', 'Voluptas perferendis autem.', '67074e68-bc2f-442b-8af2-7d328b6af6eb', 'usr_495');
INSERT INTO trabalho.usuario VALUES ('usr_496', '496_Rebeca.Moreira18@yahoo.com', 'Rebeca Moreira', 'female', 48, 'password', 'Niue');
INSERT INTO trabalho.usuario_esta_inscrito_no_podcast VALUES (1, 'f8e13774-d631-4f34-93f0-2f5d55590265', 'usr_496');
INSERT INTO trabalho.comentarios_podcast_usuario VALUES ('comment_496', 'Quis similique dolores.', 'f8e13774-d631-4f34-93f0-2f5d55590265', 'usr_496');
INSERT INTO trabalho.usuario VALUES ('usr_497', '497_Gbio.Pereira99@bol.com.br', 'Gúbio Pereira', 'male', 40, 'password', 'República da África Central');
INSERT INTO trabalho.usuario_esta_inscrito_no_podcast VALUES (4, 'b553d865-8fe2-47de-9a30-10e1dea3bd1d', 'usr_497');
INSERT INTO trabalho.comentarios_podcast_usuario VALUES ('comment_497', 'Quaerat cumque at aut eum molestias.', 'b553d865-8fe2-47de-9a30-10e1dea3bd1d', 'usr_497');
INSERT INTO trabalho.usuario VALUES ('usr_498', '498_Joo_Moraes@bol.com.br', 'João Moraes', 'male', 50, 'password', 'Samoa');
INSERT INTO trabalho.usuario_esta_inscrito_no_podcast VALUES (1, 'b553d865-8fe2-47de-9a30-10e1dea3bd1d', 'usr_498');
INSERT INTO trabalho.comentarios_podcast_usuario VALUES ('comment_498', 'Dolores ipsum omnis vel quisquam.', 'b553d865-8fe2-47de-9a30-10e1dea3bd1d', 'usr_498');
INSERT INTO trabalho.usuario VALUES ('usr_499', '499_Helosa.Reis@hotmail.com', 'Heloísa Reis', 'female', 1, 'password', 'Uganda');
INSERT INTO trabalho.usuario_esta_inscrito_no_podcast VALUES (4, '67074e68-bc2f-442b-8af2-7d328b6af6eb', 'usr_499');
INSERT INTO trabalho.comentarios_podcast_usuario VALUES ('comment_499', 'Tempore commodi et.', '67074e68-bc2f-442b-8af2-7d328b6af6eb', 'usr_499');
INSERT INTO trabalho.usuario VALUES ('usr_500', '500_Flix_Martins@live.com', 'Félix Martins', 'male', 8, 'password', 'Vanuatu');
INSERT INTO trabalho.usuario_esta_inscrito_no_podcast VALUES (3, '67074e68-bc2f-442b-8af2-7d328b6af6eb', 'usr_500');
INSERT INTO trabalho.comentarios_podcast_usuario VALUES ('comment_500', 'Et tenetur sit nobis ipsa nobis.', '67074e68-bc2f-442b-8af2-7d328b6af6eb', 'usr_500');
INSERT INTO trabalho.usuario VALUES ('usr_501', '501_Eduarda_Carvalho0@yahoo.com', 'Eduarda Carvalho', 'female', 50, 'password', 'Papua-Nova Guiné');
INSERT INTO trabalho.usuario_esta_inscrito_no_podcast VALUES (1, '7e429e8e-7669-403d-bb78-3cd7f9f75afd', 'usr_501');
INSERT INTO trabalho.comentarios_podcast_usuario VALUES ('comment_501', 'Molestiae inventore autem repellat dolorem quia iure necessitatibus adipisci.', '7e429e8e-7669-403d-bb78-3cd7f9f75afd', 'usr_501');
INSERT INTO trabalho.usuario VALUES ('usr_502', '502_Nbia.Carvalho59@yahoo.com', 'Núbia Carvalho', 'female', 48, 'password', 'Eslováquia');
INSERT INTO trabalho.usuario_esta_inscrito_no_podcast VALUES (1, 'fa3abe16-3645-4d22-a01d-893e6f20c408', 'usr_502');
INSERT INTO trabalho.comentarios_podcast_usuario VALUES ('comment_502', 'Quibusdam delectus voluptatibus quae libero esse eligendi recusandae consequatur placeat.', 'fa3abe16-3645-4d22-a01d-893e6f20c408', 'usr_502');
INSERT INTO trabalho.usuario VALUES ('usr_503', '503_Lvia_Saraiva44@live.com', 'Lívia Saraiva', 'female', 28, 'password', 'Maldives');
INSERT INTO trabalho.usuario_esta_inscrito_no_podcast VALUES (3, '168c1536-4c42-4b8f-8c77-f06affefec6a', 'usr_503');
INSERT INTO trabalho.comentarios_podcast_usuario VALUES ('comment_503', 'Est tempore laudantium.', '168c1536-4c42-4b8f-8c77-f06affefec6a', 'usr_503');
INSERT INTO trabalho.usuario VALUES ('usr_504', '504_Cau.Silva33@yahoo.com', 'Cauã Silva', 'male', 48, 'password', 'Martinica');
INSERT INTO trabalho.usuario_esta_inscrito_no_podcast VALUES (1, '168c1536-4c42-4b8f-8c77-f06affefec6a', 'usr_504');
INSERT INTO trabalho.comentarios_podcast_usuario VALUES ('comment_504', 'Qui ea incidunt nam eaque exercitationem cupiditate sed illum.', '168c1536-4c42-4b8f-8c77-f06affefec6a', 'usr_504');
INSERT INTO trabalho.usuario VALUES ('usr_505', '505_Csar.Xavier77@live.com', 'César Xavier', 'male', 47, 'password', 'Marrocos');
INSERT INTO trabalho.usuario_esta_inscrito_no_podcast VALUES (5, 'c58b280a-56d4-4ad8-8c85-730e4ea86361', 'usr_505');
INSERT INTO trabalho.comentarios_podcast_usuario VALUES ('comment_505', 'Sit voluptas ipsam nemo nobis.', 'c58b280a-56d4-4ad8-8c85-730e4ea86361', 'usr_505');
INSERT INTO trabalho.usuario VALUES ('usr_506', '506_Luiza40@hotmail.com', 'Luiza Martins', 'female', 57, 'password', 'Turcomenistão');
INSERT INTO trabalho.usuario_esta_inscrito_no_podcast VALUES (2, '219328a1-cec6-4e8c-b003-52a3ec9766bb', 'usr_506');
INSERT INTO trabalho.comentarios_podcast_usuario VALUES ('comment_506', 'Odit id at maxime omnis.', '219328a1-cec6-4e8c-b003-52a3ec9766bb', 'usr_506');
INSERT INTO trabalho.usuario VALUES ('usr_507', '507_Alcia.Franco96@gmail.com', 'Alícia Franco', 'female', 53, 'password', 'Indonésia');
INSERT INTO trabalho.usuario_esta_inscrito_no_podcast VALUES (0, 'fa3abe16-3645-4d22-a01d-893e6f20c408', 'usr_507');
INSERT INTO trabalho.comentarios_podcast_usuario VALUES ('comment_507', 'Iusto perferendis et quae fugit mollitia minus.', 'fa3abe16-3645-4d22-a01d-893e6f20c408', 'usr_507');
INSERT INTO trabalho.usuario VALUES ('usr_508', '508_Joana.Franco72@hotmail.com', 'Joana Franco', 'female', 55, 'password', 'Irã');
INSERT INTO trabalho.usuario_esta_inscrito_no_podcast VALUES (3, '168c1536-4c42-4b8f-8c77-f06affefec6a', 'usr_508');
INSERT INTO trabalho.comentarios_podcast_usuario VALUES ('comment_508', 'Distinctio quia minima rerum qui.', '168c1536-4c42-4b8f-8c77-f06affefec6a', 'usr_508');
INSERT INTO trabalho.usuario VALUES ('usr_509', '509_Lorena.Barros7@yahoo.com', 'Lorena Barros', 'female', 13, 'password', 'Líbia');
INSERT INTO trabalho.usuario_esta_inscrito_no_podcast VALUES (2, 'fa3abe16-3645-4d22-a01d-893e6f20c408', 'usr_509');
INSERT INTO trabalho.comentarios_podcast_usuario VALUES ('comment_509', 'Saepe explicabo dicta maxime dicta quo consequuntur suscipit eos dicta.', 'fa3abe16-3645-4d22-a01d-893e6f20c408', 'usr_509');
INSERT INTO trabalho.usuario VALUES ('usr_510', '510_Hugo.Nogueira6@gmail.com', 'Hugo Nogueira', 'male', 31, 'password', 'Micronésia');
INSERT INTO trabalho.usuario_esta_inscrito_no_podcast VALUES (2, '219328a1-cec6-4e8c-b003-52a3ec9766bb', 'usr_510');
INSERT INTO trabalho.comentarios_podcast_usuario VALUES ('comment_510', 'Voluptatum quo reiciendis.', '219328a1-cec6-4e8c-b003-52a3ec9766bb', 'usr_510');
INSERT INTO trabalho.usuario VALUES ('usr_511', '511_Vicente_Batista31@hotmail.com', 'Vicente Batista', 'male', 3, 'password', 'Suíça');
INSERT INTO trabalho.usuario_esta_inscrito_no_podcast VALUES (2, 'fa3abe16-3645-4d22-a01d-893e6f20c408', 'usr_511');
INSERT INTO trabalho.comentarios_podcast_usuario VALUES ('comment_511', 'Non explicabo et aut aliquid quas sapiente.', 'fa3abe16-3645-4d22-a01d-893e6f20c408', 'usr_511');
INSERT INTO trabalho.usuario VALUES ('usr_512', '512_Sulen35@live.com', 'Suélen Costa', 'female', 54, 'password', 'Guatemala');
INSERT INTO trabalho.usuario_esta_inscrito_no_podcast VALUES (2, '219328a1-cec6-4e8c-b003-52a3ec9766bb', 'usr_512');
INSERT INTO trabalho.comentarios_podcast_usuario VALUES ('comment_512', 'Quasi dolores et eum sed dolor.', '219328a1-cec6-4e8c-b003-52a3ec9766bb', 'usr_512');
INSERT INTO trabalho.usuario VALUES ('usr_513', '513_Morgana.Barros49@bol.com.br', 'Morgana Barros', 'female', 16, 'password', 'Martinica');
INSERT INTO trabalho.usuario_esta_inscrito_no_podcast VALUES (5, 'c58b280a-56d4-4ad8-8c85-730e4ea86361', 'usr_513');
INSERT INTO trabalho.comentarios_podcast_usuario VALUES ('comment_513', 'Aut veritatis qui optio eligendi facilis.', 'c58b280a-56d4-4ad8-8c85-730e4ea86361', 'usr_513');
INSERT INTO trabalho.usuario VALUES ('usr_514', '514_Davi_Albuquerque@bol.com.br', 'Davi Albuquerque', 'male', 2, 'password', 'Peru');
INSERT INTO trabalho.usuario_esta_inscrito_no_podcast VALUES (4, 'fa3abe16-3645-4d22-a01d-893e6f20c408', 'usr_514');
INSERT INTO trabalho.comentarios_podcast_usuario VALUES ('comment_514', 'Sed asperiores cupiditate nemo veniam.', 'fa3abe16-3645-4d22-a01d-893e6f20c408', 'usr_514');
INSERT INTO trabalho.usuario VALUES ('usr_515', '515_Bencio24@yahoo.com', 'Benício Braga', 'male', 0, 'password', 'Jordânia');
INSERT INTO trabalho.usuario_esta_inscrito_no_podcast VALUES (3, '7e429e8e-7669-403d-bb78-3cd7f9f75afd', 'usr_515');
INSERT INTO trabalho.comentarios_podcast_usuario VALUES ('comment_515', 'Tempora placeat unde omnis consequuntur ipsa.', '7e429e8e-7669-403d-bb78-3cd7f9f75afd', 'usr_515');
INSERT INTO trabalho.usuario VALUES ('usr_516', '516_Sara20@yahoo.com', 'Sara Pereira', 'female', 10, 'password', 'Barbados');
INSERT INTO trabalho.usuario_esta_inscrito_no_podcast VALUES (5, 'c58b280a-56d4-4ad8-8c85-730e4ea86361', 'usr_516');
INSERT INTO trabalho.comentarios_podcast_usuario VALUES ('comment_516', 'Minima fugit illum dignissimos inventore sed iste sit.', 'c58b280a-56d4-4ad8-8c85-730e4ea86361', 'usr_516');
INSERT INTO trabalho.usuario VALUES ('usr_517', '517_Isabel_Costa@bol.com.br', 'Isabel Costa', 'female', 16, 'password', 'Ilhas Svalbard & Jan Mayen');
INSERT INTO trabalho.usuario_esta_inscrito_no_podcast VALUES (2, 'f1b92ce7-47a7-43cd-8586-4a09185cdd05', 'usr_517');
INSERT INTO trabalho.comentarios_podcast_usuario VALUES ('comment_517', 'Corrupti doloremque dolorem adipisci.', 'f1b92ce7-47a7-43cd-8586-4a09185cdd05', 'usr_517');
INSERT INTO trabalho.usuario VALUES ('usr_518', '518_MariaAlice.Martins92@bol.com.br', 'Maria Alice Martins', 'female', 37, 'password', 'Micronésia');
INSERT INTO trabalho.usuario_esta_inscrito_no_podcast VALUES (4, '7e429e8e-7669-403d-bb78-3cd7f9f75afd', 'usr_518');
INSERT INTO trabalho.comentarios_podcast_usuario VALUES ('comment_518', 'Facilis aut ut aut temporibus ullam repudiandae debitis cumque reprehenderit.', '7e429e8e-7669-403d-bb78-3cd7f9f75afd', 'usr_518');
INSERT INTO trabalho.usuario VALUES ('usr_519', '519_Flix42@hotmail.com', 'Félix Barros', 'male', 36, 'password', 'Botsuana');
INSERT INTO trabalho.usuario_esta_inscrito_no_podcast VALUES (4, 'f8e13774-d631-4f34-93f0-2f5d55590265', 'usr_519');
INSERT INTO trabalho.comentarios_podcast_usuario VALUES ('comment_519', 'Ut iste laborum sit corrupti voluptate at sit deserunt.', 'f8e13774-d631-4f34-93f0-2f5d55590265', 'usr_519');
INSERT INTO trabalho.usuario VALUES ('usr_520', '520_Daniel10@hotmail.com', 'Daniel Braga', 'male', 54, 'password', 'Hungria');
INSERT INTO trabalho.usuario_esta_inscrito_no_podcast VALUES (1, '7e429e8e-7669-403d-bb78-3cd7f9f75afd', 'usr_520');
INSERT INTO trabalho.comentarios_podcast_usuario VALUES ('comment_520', 'Et sunt voluptatem nulla aliquid eos non.', '7e429e8e-7669-403d-bb78-3cd7f9f75afd', 'usr_520');
INSERT INTO trabalho.usuario VALUES ('usr_521', '521_JooLucas_Silva@gmail.com', 'João Lucas Silva', 'male', 60, 'password', 'Montenegro');
INSERT INTO trabalho.usuario_esta_inscrito_no_podcast VALUES (2, 'af46a958-b921-47b6-9f87-5c4fdc68ea79', 'usr_521');
INSERT INTO trabalho.comentarios_podcast_usuario VALUES ('comment_521', 'At accusantium quia fugiat et repudiandae.', 'af46a958-b921-47b6-9f87-5c4fdc68ea79', 'usr_521');
INSERT INTO trabalho.usuario VALUES ('usr_522', '522_Isabel_Nogueira31@gmail.com', 'Isabel Nogueira', 'female', 8, 'password', 'Antigua and Barbada');
INSERT INTO trabalho.usuario_esta_inscrito_no_podcast VALUES (5, 'bc8dac25-793c-4a96-aafc-4ea7020f4f60', 'usr_522');
INSERT INTO trabalho.comentarios_podcast_usuario VALUES ('comment_522', 'Asperiores magnam eaque.', 'bc8dac25-793c-4a96-aafc-4ea7020f4f60', 'usr_522');
INSERT INTO trabalho.usuario VALUES ('usr_523', '523_Guilherme42@yahoo.com', 'Guilherme Barros', 'male', 27, 'password', 'Tailândia');
INSERT INTO trabalho.usuario_esta_inscrito_no_podcast VALUES (0, 'f8e13774-d631-4f34-93f0-2f5d55590265', 'usr_523');
INSERT INTO trabalho.comentarios_podcast_usuario VALUES ('comment_523', 'Eum aut voluptatem facere minus eos voluptatem odit sed quisquam.', 'f8e13774-d631-4f34-93f0-2f5d55590265', 'usr_523');
INSERT INTO trabalho.usuario VALUES ('usr_524', '524_Liz_Xavier@hotmail.com', 'Liz Xavier', 'female', 41, 'password', 'Guiné Francesa');
INSERT INTO trabalho.usuario_esta_inscrito_no_podcast VALUES (3, '168c1536-4c42-4b8f-8c77-f06affefec6a', 'usr_524');
INSERT INTO trabalho.comentarios_podcast_usuario VALUES ('comment_524', 'Nobis enim repudiandae.', '168c1536-4c42-4b8f-8c77-f06affefec6a', 'usr_524');
INSERT INTO trabalho.usuario VALUES ('usr_525', '525_Felcia_Xavier7@hotmail.com', 'Felícia Xavier', 'female', 6, 'password', 'Nova Zelândia');
INSERT INTO trabalho.usuario_esta_inscrito_no_podcast VALUES (1, 'de2f0ddb-9903-436a-a5e2-54224254c818', 'usr_525');
INSERT INTO trabalho.comentarios_podcast_usuario VALUES ('comment_525', 'Quibusdam quo debitis.', 'de2f0ddb-9903-436a-a5e2-54224254c818', 'usr_525');
INSERT INTO trabalho.usuario VALUES ('usr_526', '526_Valentina_Barros36@live.com', 'Valentina Barros', 'female', 27, 'password', 'Laos');
INSERT INTO trabalho.usuario_esta_inscrito_no_podcast VALUES (2, 'f1b92ce7-47a7-43cd-8586-4a09185cdd05', 'usr_526');
INSERT INTO trabalho.comentarios_podcast_usuario VALUES ('comment_526', 'Ad fugit eveniet.', 'f1b92ce7-47a7-43cd-8586-4a09185cdd05', 'usr_526');
INSERT INTO trabalho.usuario VALUES ('usr_527', '527_Slvia_Melo62@hotmail.com', 'Sílvia Melo', 'female', 46, 'password', 'Ucrânia');
INSERT INTO trabalho.usuario_esta_inscrito_no_podcast VALUES (1, 'af46a958-b921-47b6-9f87-5c4fdc68ea79', 'usr_527');
INSERT INTO trabalho.comentarios_podcast_usuario VALUES ('comment_527', 'Voluptatem facere quod rem tenetur reiciendis nemo et non.', 'af46a958-b921-47b6-9f87-5c4fdc68ea79', 'usr_527');
INSERT INTO trabalho.usuario VALUES ('usr_528', '528_Miguel11@hotmail.com', 'Miguel Albuquerque', 'male', 28, 'password', 'Chile');
INSERT INTO trabalho.usuario_esta_inscrito_no_podcast VALUES (5, 'fa3abe16-3645-4d22-a01d-893e6f20c408', 'usr_528');
INSERT INTO trabalho.comentarios_podcast_usuario VALUES ('comment_528', 'Ullam eos inventore sit.', 'fa3abe16-3645-4d22-a01d-893e6f20c408', 'usr_528');
INSERT INTO trabalho.usuario VALUES ('usr_529', '529_Yasmin.Pereira@live.com', 'Yasmin Pereira', 'female', 12, 'password', 'Angola');
INSERT INTO trabalho.usuario_esta_inscrito_no_podcast VALUES (2, 'af46a958-b921-47b6-9f87-5c4fdc68ea79', 'usr_529');
INSERT INTO trabalho.comentarios_podcast_usuario VALUES ('comment_529', 'Tempore et est sed adipisci occaecati quo iusto illo.', 'af46a958-b921-47b6-9f87-5c4fdc68ea79', 'usr_529');
INSERT INTO trabalho.usuario VALUES ('usr_530', '530_Marina_Costa@bol.com.br', 'Marina Costa', 'female', 1, 'password', 'Liechtenstein');
INSERT INTO trabalho.usuario_esta_inscrito_no_podcast VALUES (4, 'f0166bd2-8e4d-4308-b5d7-0b3d627c5dc5', 'usr_530');
INSERT INTO trabalho.comentarios_podcast_usuario VALUES ('comment_530', 'Suscipit distinctio autem nihil explicabo quo.', 'f0166bd2-8e4d-4308-b5d7-0b3d627c5dc5', 'usr_530');
INSERT INTO trabalho.usuario VALUES ('usr_531', '531_Sirineu_Moreira90@yahoo.com', 'Sirineu Moreira', 'male', 1, 'password', 'Coreia do Sul');
INSERT INTO trabalho.usuario_esta_inscrito_no_podcast VALUES (0, '7e429e8e-7669-403d-bb78-3cd7f9f75afd', 'usr_531');
INSERT INTO trabalho.comentarios_podcast_usuario VALUES ('comment_531', 'Laboriosam deleniti aut minima.', '7e429e8e-7669-403d-bb78-3cd7f9f75afd', 'usr_531');
INSERT INTO trabalho.usuario VALUES ('usr_532', '532_AnaLaura.Costa@bol.com.br', 'Ana Laura Costa', 'female', 46, 'password', 'Macedônia');
INSERT INTO trabalho.usuario_esta_inscrito_no_podcast VALUES (3, 'f0166bd2-8e4d-4308-b5d7-0b3d627c5dc5', 'usr_532');
INSERT INTO trabalho.comentarios_podcast_usuario VALUES ('comment_532', 'Est explicabo velit ab quis iste.', 'f0166bd2-8e4d-4308-b5d7-0b3d627c5dc5', 'usr_532');
INSERT INTO trabalho.usuario VALUES ('usr_533', '533_Daniel88@live.com', 'Daniel Macedo', 'male', 46, 'password', 'Camarões');
INSERT INTO trabalho.usuario_esta_inscrito_no_podcast VALUES (5, 'bc8dac25-793c-4a96-aafc-4ea7020f4f60', 'usr_533');
INSERT INTO trabalho.comentarios_podcast_usuario VALUES ('comment_533', 'Omnis enim error.', 'bc8dac25-793c-4a96-aafc-4ea7020f4f60', 'usr_533');
INSERT INTO trabalho.usuario VALUES ('usr_534', '534_Warley.Santos13@yahoo.com', 'Warley Santos', 'male', 16, 'password', 'Armênia');
INSERT INTO trabalho.usuario_esta_inscrito_no_podcast VALUES (3, '67074e68-bc2f-442b-8af2-7d328b6af6eb', 'usr_534');
INSERT INTO trabalho.comentarios_podcast_usuario VALUES ('comment_534', 'Et modi fugit error asperiores laborum nihil commodi ducimus qui.', '67074e68-bc2f-442b-8af2-7d328b6af6eb', 'usr_534');
INSERT INTO trabalho.usuario VALUES ('usr_535', '535_Mariana_Albuquerque1@hotmail.com', 'Mariana Albuquerque', 'female', 1, 'password', 'República da África Central');
INSERT INTO trabalho.usuario_esta_inscrito_no_podcast VALUES (2, '7e429e8e-7669-403d-bb78-3cd7f9f75afd', 'usr_535');
INSERT INTO trabalho.comentarios_podcast_usuario VALUES ('comment_535', 'Officiis modi saepe maiores sit provident labore facilis ut.', '7e429e8e-7669-403d-bb78-3cd7f9f75afd', 'usr_535');
INSERT INTO trabalho.usuario VALUES ('usr_536', '536_Isis.Nogueira@hotmail.com', 'Isis Nogueira', 'female', 13, 'password', 'Jersey');
INSERT INTO trabalho.usuario_esta_inscrito_no_podcast VALUES (1, 'f0166bd2-8e4d-4308-b5d7-0b3d627c5dc5', 'usr_536');
INSERT INTO trabalho.comentarios_podcast_usuario VALUES ('comment_536', 'Est aspernatur illo perspiciatis praesentium libero rerum sit.', 'f0166bd2-8e4d-4308-b5d7-0b3d627c5dc5', 'usr_536');
INSERT INTO trabalho.usuario VALUES ('usr_537', '537_Antonella48@gmail.com', 'Antonella Barros', 'female', 41, 'password', 'Sri Lanka');
INSERT INTO trabalho.usuario_esta_inscrito_no_podcast VALUES (2, 'bc8dac25-793c-4a96-aafc-4ea7020f4f60', 'usr_537');
INSERT INTO trabalho.comentarios_podcast_usuario VALUES ('comment_537', 'Sed qui optio harum nihil omnis minus nemo quisquam.', 'bc8dac25-793c-4a96-aafc-4ea7020f4f60', 'usr_537');
INSERT INTO trabalho.usuario VALUES ('usr_538', '538_MariaClara.Reis@yahoo.com', 'Maria Clara Reis', 'female', 25, 'password', 'Taiwan');
INSERT INTO trabalho.usuario_esta_inscrito_no_podcast VALUES (4, '67074e68-bc2f-442b-8af2-7d328b6af6eb', 'usr_538');
INSERT INTO trabalho.comentarios_podcast_usuario VALUES ('comment_538', 'Enim maxime nulla sunt qui doloremque optio.', '67074e68-bc2f-442b-8af2-7d328b6af6eb', 'usr_538');
INSERT INTO trabalho.usuario VALUES ('usr_539', '539_Luiza30@bol.com.br', 'Luiza Moraes', 'female', 26, 'password', 'Lesoto');
INSERT INTO trabalho.usuario_esta_inscrito_no_podcast VALUES (1, 'f8e13774-d631-4f34-93f0-2f5d55590265', 'usr_539');
INSERT INTO trabalho.comentarios_podcast_usuario VALUES ('comment_539', 'Qui unde eos aut reiciendis et expedita tenetur cum eligendi.', 'f8e13774-d631-4f34-93f0-2f5d55590265', 'usr_539');
INSERT INTO trabalho.usuario VALUES ('usr_540', '540_Fabrcio5@yahoo.com', 'Fabrício Saraiva', 'male', 20, 'password', 'Ilhas Heard e McDonald');
INSERT INTO trabalho.usuario_esta_inscrito_no_podcast VALUES (5, 'b553d865-8fe2-47de-9a30-10e1dea3bd1d', 'usr_540');
INSERT INTO trabalho.comentarios_podcast_usuario VALUES ('comment_540', 'Ut quo quo eius ad totam aut ea dignissimos.', 'b553d865-8fe2-47de-9a30-10e1dea3bd1d', 'usr_540');
INSERT INTO trabalho.usuario VALUES ('usr_541', '541_MariaHelena81@live.com', 'Maria Helena Oliveira', 'female', 28, 'password', 'Micronésia');
INSERT INTO trabalho.usuario_esta_inscrito_no_podcast VALUES (5, '5bdf7377-8330-4f9f-8efd-e95301c122ce', 'usr_541');
INSERT INTO trabalho.comentarios_podcast_usuario VALUES ('comment_541', 'Atque illum tenetur voluptas consequatur molestiae quam vel autem.', '5bdf7377-8330-4f9f-8efd-e95301c122ce', 'usr_541');
INSERT INTO trabalho.usuario VALUES ('usr_542', '542_Lorena_Costa@hotmail.com', 'Lorena Costa', 'female', 17, 'password', 'Coreia do Norte');
INSERT INTO trabalho.usuario_esta_inscrito_no_podcast VALUES (3, '168c1536-4c42-4b8f-8c77-f06affefec6a', 'usr_542');
INSERT INTO trabalho.comentarios_podcast_usuario VALUES ('comment_542', 'Facere quos ipsum est quibusdam est illum.', '168c1536-4c42-4b8f-8c77-f06affefec6a', 'usr_542');
INSERT INTO trabalho.usuario VALUES ('usr_543', '543_Warley29@bol.com.br', 'Warley Carvalho', 'male', 6, 'password', 'Líbano');
INSERT INTO trabalho.usuario_esta_inscrito_no_podcast VALUES (0, 'f1b92ce7-47a7-43cd-8586-4a09185cdd05', 'usr_543');
INSERT INTO trabalho.comentarios_podcast_usuario VALUES ('comment_543', 'Numquam dolores nihil porro iusto impedit.', 'f1b92ce7-47a7-43cd-8586-4a09185cdd05', 'usr_543');
INSERT INTO trabalho.usuario VALUES ('usr_544', '544_Isabel55@yahoo.com', 'Isabel Franco', 'female', 60, 'password', 'Ruanda');
INSERT INTO trabalho.usuario_esta_inscrito_no_podcast VALUES (1, '168c1536-4c42-4b8f-8c77-f06affefec6a', 'usr_544');
INSERT INTO trabalho.comentarios_podcast_usuario VALUES ('comment_544', 'Deserunt sed velit vel.', '168c1536-4c42-4b8f-8c77-f06affefec6a', 'usr_544');
INSERT INTO trabalho.usuario VALUES ('usr_545', '545_AnaLaura74@yahoo.com', 'Ana Laura Albuquerque', 'female', 39, 'password', 'Emirados Árabes Unidos');
INSERT INTO trabalho.usuario_esta_inscrito_no_podcast VALUES (2, 'de2f0ddb-9903-436a-a5e2-54224254c818', 'usr_545');
INSERT INTO trabalho.comentarios_podcast_usuario VALUES ('comment_545', 'Vel ullam vel voluptatem non quae occaecati.', 'de2f0ddb-9903-436a-a5e2-54224254c818', 'usr_545');
INSERT INTO trabalho.usuario VALUES ('usr_546', '546_Tertuliano.Martins@bol.com.br', 'Tertuliano Martins', 'male', 14, 'password', 'Namibia');
INSERT INTO trabalho.usuario_esta_inscrito_no_podcast VALUES (2, '219328a1-cec6-4e8c-b003-52a3ec9766bb', 'usr_546');
INSERT INTO trabalho.comentarios_podcast_usuario VALUES ('comment_546', 'Sunt fugit laboriosam qui reprehenderit.', '219328a1-cec6-4e8c-b003-52a3ec9766bb', 'usr_546');
INSERT INTO trabalho.usuario VALUES ('usr_547', '547_Hlio.Macedo@hotmail.com', 'Hélio Macedo', 'male', 20, 'password', 'Egito');
INSERT INTO trabalho.usuario_esta_inscrito_no_podcast VALUES (1, '5bdf7377-8330-4f9f-8efd-e95301c122ce', 'usr_547');
INSERT INTO trabalho.comentarios_podcast_usuario VALUES ('comment_547', 'Sed accusamus autem id.', '5bdf7377-8330-4f9f-8efd-e95301c122ce', 'usr_547');
INSERT INTO trabalho.usuario VALUES ('usr_548', '548_Breno_Reis@gmail.com', 'Breno Reis', 'male', 0, 'password', 'Bélgica');
INSERT INTO trabalho.usuario_esta_inscrito_no_podcast VALUES (3, '67074e68-bc2f-442b-8af2-7d328b6af6eb', 'usr_548');
INSERT INTO trabalho.comentarios_podcast_usuario VALUES ('comment_548', 'Quo rerum illo quaerat veritatis odio sed.', '67074e68-bc2f-442b-8af2-7d328b6af6eb', 'usr_548');
INSERT INTO trabalho.usuario VALUES ('usr_549', '549_Jlia76@gmail.com', 'Júlia Braga', 'female', 20, 'password', 'Costa Rica');
INSERT INTO trabalho.usuario_esta_inscrito_no_podcast VALUES (5, 'f1b92ce7-47a7-43cd-8586-4a09185cdd05', 'usr_549');
INSERT INTO trabalho.comentarios_podcast_usuario VALUES ('comment_549', 'Aut dolor quia et ipsam velit maxime dolores voluptatem.', 'f1b92ce7-47a7-43cd-8586-4a09185cdd05', 'usr_549');
INSERT INTO trabalho.usuario VALUES ('usr_550', '550_Daniel77@gmail.com', 'Daniel Carvalho', 'male', 3, 'password', 'México');
INSERT INTO trabalho.usuario_esta_inscrito_no_podcast VALUES (3, '7e429e8e-7669-403d-bb78-3cd7f9f75afd', 'usr_550');
INSERT INTO trabalho.comentarios_podcast_usuario VALUES ('comment_550', 'Iure occaecati eaque at aut quidem voluptatem id.', '7e429e8e-7669-403d-bb78-3cd7f9f75afd', 'usr_550');
INSERT INTO trabalho.usuario VALUES ('usr_551', '551_Clia_Saraiva81@yahoo.com', 'Célia Saraiva', 'female', 30, 'password', 'Niue');
INSERT INTO trabalho.usuario_esta_inscrito_no_podcast VALUES (5, '168c1536-4c42-4b8f-8c77-f06affefec6a', 'usr_551');
INSERT INTO trabalho.comentarios_podcast_usuario VALUES ('comment_551', 'Hic totam ab fuga adipisci aut suscipit rem consectetur itaque.', '168c1536-4c42-4b8f-8c77-f06affefec6a', 'usr_551');
INSERT INTO trabalho.usuario VALUES ('usr_552', '552_Joo.Moraes85@live.com', 'João Moraes', 'male', 19, 'password', 'Tanzânia');
INSERT INTO trabalho.usuario_esta_inscrito_no_podcast VALUES (1, 'b553d865-8fe2-47de-9a30-10e1dea3bd1d', 'usr_552');
INSERT INTO trabalho.comentarios_podcast_usuario VALUES ('comment_552', 'Non est non laborum recusandae quia.', 'b553d865-8fe2-47de-9a30-10e1dea3bd1d', 'usr_552');
INSERT INTO trabalho.usuario VALUES ('usr_553', '553_Valentina.Moraes37@bol.com.br', 'Valentina Moraes', 'female', 31, 'password', 'Vietnã');
INSERT INTO trabalho.usuario_esta_inscrito_no_podcast VALUES (0, 'bc8dac25-793c-4a96-aafc-4ea7020f4f60', 'usr_553');
INSERT INTO trabalho.comentarios_podcast_usuario VALUES ('comment_553', 'Tempore ut beatae at voluptatem laboriosam harum aspernatur.', 'bc8dac25-793c-4a96-aafc-4ea7020f4f60', 'usr_553');
INSERT INTO trabalho.usuario VALUES ('usr_554', '554_Yuri1@bol.com.br', 'Yuri Moraes', 'male', 56, 'password', 'Malawi');
INSERT INTO trabalho.usuario_esta_inscrito_no_podcast VALUES (5, '219328a1-cec6-4e8c-b003-52a3ec9766bb', 'usr_554');
INSERT INTO trabalho.comentarios_podcast_usuario VALUES ('comment_554', 'Iure molestias unde.', '219328a1-cec6-4e8c-b003-52a3ec9766bb', 'usr_554');
INSERT INTO trabalho.usuario VALUES ('usr_555', '555_Maria6@yahoo.com', 'Maria Nogueira', 'female', 13, 'password', 'Coreia do Sul');
INSERT INTO trabalho.usuario_esta_inscrito_no_podcast VALUES (0, 'af46a958-b921-47b6-9f87-5c4fdc68ea79', 'usr_555');
INSERT INTO trabalho.comentarios_podcast_usuario VALUES ('comment_555', 'Fugit rerum sequi aut quo aut aut qui et molestiae.', 'af46a958-b921-47b6-9f87-5c4fdc68ea79', 'usr_555');
INSERT INTO trabalho.usuario VALUES ('usr_556', '556_EnzoGabriel.Carvalho60@hotmail.com', 'Enzo Gabriel Carvalho', 'male', 48, 'password', 'Nicarágua');
INSERT INTO trabalho.usuario_esta_inscrito_no_podcast VALUES (0, '67074e68-bc2f-442b-8af2-7d328b6af6eb', 'usr_556');
INSERT INTO trabalho.comentarios_podcast_usuario VALUES ('comment_556', 'Omnis dolorem fugit atque dolorem illo quo.', '67074e68-bc2f-442b-8af2-7d328b6af6eb', 'usr_556');
INSERT INTO trabalho.usuario VALUES ('usr_557', '557_Margarida.Oliveira64@yahoo.com', 'Margarida Oliveira', 'female', 49, 'password', 'São Martinho');
INSERT INTO trabalho.usuario_esta_inscrito_no_podcast VALUES (4, 'c58b280a-56d4-4ad8-8c85-730e4ea86361', 'usr_557');
INSERT INTO trabalho.comentarios_podcast_usuario VALUES ('comment_557', 'Doloribus ipsam quos autem voluptas voluptatibus unde neque.', 'c58b280a-56d4-4ad8-8c85-730e4ea86361', 'usr_557');
INSERT INTO trabalho.usuario VALUES ('usr_558', '558_Deneval94@yahoo.com', 'Deneval Santos', 'male', 24, 'password', 'Brasil');
INSERT INTO trabalho.usuario_esta_inscrito_no_podcast VALUES (4, 'de2f0ddb-9903-436a-a5e2-54224254c818', 'usr_558');
INSERT INTO trabalho.comentarios_podcast_usuario VALUES ('comment_558', 'Odit aliquam perferendis similique repudiandae laudantium.', 'de2f0ddb-9903-436a-a5e2-54224254c818', 'usr_558');
INSERT INTO trabalho.usuario VALUES ('usr_559', '559_Mait36@live.com', 'Maitê Melo', 'female', 26, 'password', 'Barbados');
INSERT INTO trabalho.usuario_esta_inscrito_no_podcast VALUES (1, '7e429e8e-7669-403d-bb78-3cd7f9f75afd', 'usr_559');
INSERT INTO trabalho.comentarios_podcast_usuario VALUES ('comment_559', 'Consectetur nesciunt ipsa nobis consequatur sint voluptas.', '7e429e8e-7669-403d-bb78-3cd7f9f75afd', 'usr_559');
INSERT INTO trabalho.usuario VALUES ('usr_560', '560_Leonardo.Moraes3@gmail.com', 'Leonardo Moraes', 'male', 60, 'password', 'Luxemburgo');
INSERT INTO trabalho.usuario_esta_inscrito_no_podcast VALUES (5, '5bdf7377-8330-4f9f-8efd-e95301c122ce', 'usr_560');
INSERT INTO trabalho.comentarios_podcast_usuario VALUES ('comment_560', 'Fugiat nostrum omnis exercitationem blanditiis possimus.', '5bdf7377-8330-4f9f-8efd-e95301c122ce', 'usr_560');
INSERT INTO trabalho.usuario VALUES ('usr_561', '561_JooMiguel41@live.com', 'João Miguel Braga', 'male', 7, 'password', 'Antilhas Holandesas');
INSERT INTO trabalho.usuario_esta_inscrito_no_podcast VALUES (2, 'f8e13774-d631-4f34-93f0-2f5d55590265', 'usr_561');
INSERT INTO trabalho.comentarios_podcast_usuario VALUES ('comment_561', 'Totam beatae aut beatae ullam qui rerum eligendi.', 'f8e13774-d631-4f34-93f0-2f5d55590265', 'usr_561');
INSERT INTO trabalho.usuario VALUES ('usr_562', '562_Roberto_Silva51@bol.com.br', 'Roberto Silva', 'male', 40, 'password', 'Nigéria');
INSERT INTO trabalho.usuario_esta_inscrito_no_podcast VALUES (3, 'bc8dac25-793c-4a96-aafc-4ea7020f4f60', 'usr_562');
INSERT INTO trabalho.comentarios_podcast_usuario VALUES ('comment_562', 'Eos inventore eveniet ut omnis maiores vel quis.', 'bc8dac25-793c-4a96-aafc-4ea7020f4f60', 'usr_562');
INSERT INTO trabalho.usuario VALUES ('usr_563', '563_Giovanna.Souza38@gmail.com', 'Giovanna Souza', 'female', 45, 'password', 'Botsuana');
INSERT INTO trabalho.usuario_esta_inscrito_no_podcast VALUES (3, 'f1b92ce7-47a7-43cd-8586-4a09185cdd05', 'usr_563');
INSERT INTO trabalho.comentarios_podcast_usuario VALUES ('comment_563', 'Est eius deserunt deleniti harum placeat non dolorem et in.', 'f1b92ce7-47a7-43cd-8586-4a09185cdd05', 'usr_563');
INSERT INTO trabalho.usuario VALUES ('usr_564', '564_Tho41@hotmail.com', 'Théo Albuquerque', 'male', 2, 'password', 'Cazaquistão');
INSERT INTO trabalho.usuario_esta_inscrito_no_podcast VALUES (4, '67074e68-bc2f-442b-8af2-7d328b6af6eb', 'usr_564');
INSERT INTO trabalho.comentarios_podcast_usuario VALUES ('comment_564', 'Voluptatem similique et eum reprehenderit minus et officia eum itaque.', '67074e68-bc2f-442b-8af2-7d328b6af6eb', 'usr_564');
INSERT INTO trabalho.usuario VALUES ('usr_565', '565_Isis42@hotmail.com', 'Isis Carvalho', 'female', 24, 'password', 'Portugal');
INSERT INTO trabalho.usuario_esta_inscrito_no_podcast VALUES (4, 'f1b92ce7-47a7-43cd-8586-4a09185cdd05', 'usr_565');
INSERT INTO trabalho.comentarios_podcast_usuario VALUES ('comment_565', 'Est magnam soluta est dolores qui ex minima at expedita.', 'f1b92ce7-47a7-43cd-8586-4a09185cdd05', 'usr_565');
INSERT INTO trabalho.usuario VALUES ('usr_566', '566_Alessandra_Carvalho@yahoo.com', 'Alessandra Carvalho', 'female', 51, 'password', 'Haiti');
INSERT INTO trabalho.usuario_esta_inscrito_no_podcast VALUES (3, '219328a1-cec6-4e8c-b003-52a3ec9766bb', 'usr_566');
INSERT INTO trabalho.comentarios_podcast_usuario VALUES ('comment_566', 'Vel nobis quae distinctio omnis dolorem ut culpa fuga.', '219328a1-cec6-4e8c-b003-52a3ec9766bb', 'usr_566');
INSERT INTO trabalho.usuario VALUES ('usr_567', '567_Marcela66@live.com', 'Marcela Franco', 'female', 0, 'password', 'Micronésia');
INSERT INTO trabalho.usuario_esta_inscrito_no_podcast VALUES (3, 'af46a958-b921-47b6-9f87-5c4fdc68ea79', 'usr_567');
INSERT INTO trabalho.comentarios_podcast_usuario VALUES ('comment_567', 'Delectus tempora eos qui qui temporibus aspernatur ducimus.', 'af46a958-b921-47b6-9f87-5c4fdc68ea79', 'usr_567');
INSERT INTO trabalho.usuario VALUES ('usr_568', '568_Gabriel96@hotmail.com', 'Gabriel Nogueira', 'male', 24, 'password', 'Micronésia');
INSERT INTO trabalho.usuario_esta_inscrito_no_podcast VALUES (2, 'b553d865-8fe2-47de-9a30-10e1dea3bd1d', 'usr_568');
INSERT INTO trabalho.comentarios_podcast_usuario VALUES ('comment_568', 'Excepturi et voluptas temporibus est.', 'b553d865-8fe2-47de-9a30-10e1dea3bd1d', 'usr_568');
INSERT INTO trabalho.usuario VALUES ('usr_569', '569_Pablo14@yahoo.com', 'Pablo Carvalho', 'male', 23, 'password', 'Sao Tomé e Príncipe');
INSERT INTO trabalho.usuario_esta_inscrito_no_podcast VALUES (1, 'c58b280a-56d4-4ad8-8c85-730e4ea86361', 'usr_569');
INSERT INTO trabalho.comentarios_podcast_usuario VALUES ('comment_569', 'Sint nesciunt suscipit sint repellat at.', 'c58b280a-56d4-4ad8-8c85-730e4ea86361', 'usr_569');
INSERT INTO trabalho.usuario VALUES ('usr_570', '570_Rafaela7@live.com', 'Rafaela Silva', 'female', 23, 'password', 'Santa Lúcia');
INSERT INTO trabalho.usuario_esta_inscrito_no_podcast VALUES (4, 'bc8dac25-793c-4a96-aafc-4ea7020f4f60', 'usr_570');
INSERT INTO trabalho.comentarios_podcast_usuario VALUES ('comment_570', 'Velit vel amet sed aut inventore quasi praesentium deserunt.', 'bc8dac25-793c-4a96-aafc-4ea7020f4f60', 'usr_570');
INSERT INTO trabalho.usuario VALUES ('usr_571', '571_JooLucas40@yahoo.com', 'João Lucas Melo', 'male', 35, 'password', 'Antigua and Barbada');
INSERT INTO trabalho.usuario_esta_inscrito_no_podcast VALUES (3, 'f1b92ce7-47a7-43cd-8586-4a09185cdd05', 'usr_571');
INSERT INTO trabalho.comentarios_podcast_usuario VALUES ('comment_571', 'Et consequuntur accusamus.', 'f1b92ce7-47a7-43cd-8586-4a09185cdd05', 'usr_571');
INSERT INTO trabalho.usuario VALUES ('usr_572', '572_MariaClara2@bol.com.br', 'Maria Clara Xavier', 'female', 58, 'password', 'Nicarágua');
INSERT INTO trabalho.usuario_esta_inscrito_no_podcast VALUES (1, '168c1536-4c42-4b8f-8c77-f06affefec6a', 'usr_572');
INSERT INTO trabalho.comentarios_podcast_usuario VALUES ('comment_572', 'Ea ut consequatur quo qui.', '168c1536-4c42-4b8f-8c77-f06affefec6a', 'usr_572');
INSERT INTO trabalho.usuario VALUES ('usr_573', '573_Esther27@live.com', 'Esther Santos', 'female', 29, 'password', 'Tanzânia');
INSERT INTO trabalho.usuario_esta_inscrito_no_podcast VALUES (4, 'f1b92ce7-47a7-43cd-8586-4a09185cdd05', 'usr_573');
INSERT INTO trabalho.comentarios_podcast_usuario VALUES ('comment_573', 'Rem consequuntur suscipit et.', 'f1b92ce7-47a7-43cd-8586-4a09185cdd05', 'usr_573');
INSERT INTO trabalho.usuario VALUES ('usr_574', '574_Murilo_Costa99@gmail.com', 'Murilo Costa', 'male', 47, 'password', 'Qatar');
INSERT INTO trabalho.usuario_esta_inscrito_no_podcast VALUES (1, 'f1b92ce7-47a7-43cd-8586-4a09185cdd05', 'usr_574');
INSERT INTO trabalho.comentarios_podcast_usuario VALUES ('comment_574', 'Pariatur consequatur voluptatum quae recusandae.', 'f1b92ce7-47a7-43cd-8586-4a09185cdd05', 'usr_574');
INSERT INTO trabalho.usuario VALUES ('usr_575', '575_Salvador_Macedo56@gmail.com', 'Salvador Macedo', 'male', 27, 'password', 'Reino Unido');
INSERT INTO trabalho.usuario_esta_inscrito_no_podcast VALUES (1, 'c58b280a-56d4-4ad8-8c85-730e4ea86361', 'usr_575');
INSERT INTO trabalho.comentarios_podcast_usuario VALUES ('comment_575', 'Beatae sit architecto voluptate sint sit accusamus consequatur vel.', 'c58b280a-56d4-4ad8-8c85-730e4ea86361', 'usr_575');
INSERT INTO trabalho.usuario VALUES ('usr_576', '576_Luiza_Franco48@yahoo.com', 'Luiza Franco', 'female', 5, 'password', 'Ilhas Faroe');
INSERT INTO trabalho.usuario_esta_inscrito_no_podcast VALUES (5, '219328a1-cec6-4e8c-b003-52a3ec9766bb', 'usr_576');
INSERT INTO trabalho.comentarios_podcast_usuario VALUES ('comment_576', 'Numquam et mollitia aut numquam.', '219328a1-cec6-4e8c-b003-52a3ec9766bb', 'usr_576');
INSERT INTO trabalho.usuario VALUES ('usr_577', '577_Nataniel6@yahoo.com', 'Nataniel Moreira', 'male', 23, 'password', 'Polônia');
INSERT INTO trabalho.usuario_esta_inscrito_no_podcast VALUES (2, '168c1536-4c42-4b8f-8c77-f06affefec6a', 'usr_577');
INSERT INTO trabalho.comentarios_podcast_usuario VALUES ('comment_577', 'Quam dignissimos earum occaecati vitae totam quae ratione officiis.', '168c1536-4c42-4b8f-8c77-f06affefec6a', 'usr_577');
INSERT INTO trabalho.usuario VALUES ('usr_578', '578_Vitor_Martins68@hotmail.com', 'Vitor Martins', 'male', 21, 'password', 'Congo');
INSERT INTO trabalho.usuario_esta_inscrito_no_podcast VALUES (0, '5bdf7377-8330-4f9f-8efd-e95301c122ce', 'usr_578');
INSERT INTO trabalho.comentarios_podcast_usuario VALUES ('comment_578', 'Laborum omnis nam.', '5bdf7377-8330-4f9f-8efd-e95301c122ce', 'usr_578');
INSERT INTO trabalho.usuario VALUES ('usr_579', '579_JlioCsar_Albuquerque94@yahoo.com', 'Júlio César Albuquerque', 'male', 32, 'password', 'Togo');
INSERT INTO trabalho.usuario_esta_inscrito_no_podcast VALUES (4, 'c58b280a-56d4-4ad8-8c85-730e4ea86361', 'usr_579');
INSERT INTO trabalho.comentarios_podcast_usuario VALUES ('comment_579', 'Harum molestias quam quo.', 'c58b280a-56d4-4ad8-8c85-730e4ea86361', 'usr_579');
INSERT INTO trabalho.usuario VALUES ('usr_580', '580_Natlia_Melo28@bol.com.br', 'Natália Melo', 'female', 11, 'password', 'Jersey');
INSERT INTO trabalho.usuario_esta_inscrito_no_podcast VALUES (2, 'fa3abe16-3645-4d22-a01d-893e6f20c408', 'usr_580');
INSERT INTO trabalho.comentarios_podcast_usuario VALUES ('comment_580', 'Voluptatum optio ea dolores voluptatem est possimus.', 'fa3abe16-3645-4d22-a01d-893e6f20c408', 'usr_580');
INSERT INTO trabalho.usuario VALUES ('usr_581', '581_Frederico_Oliveira27@bol.com.br', 'Frederico Oliveira', 'male', 36, 'password', 'Ilha de Man');
INSERT INTO trabalho.usuario_esta_inscrito_no_podcast VALUES (4, 'f8e13774-d631-4f34-93f0-2f5d55590265', 'usr_581');
INSERT INTO trabalho.comentarios_podcast_usuario VALUES ('comment_581', 'Tenetur quisquam sit qui quo sunt.', 'f8e13774-d631-4f34-93f0-2f5d55590265', 'usr_581');
INSERT INTO trabalho.usuario VALUES ('usr_582', '582_Benjamin_Braga96@live.com', 'Benjamin Braga', 'male', 7, 'password', 'Coreia do Sul');
INSERT INTO trabalho.usuario_esta_inscrito_no_podcast VALUES (5, '219328a1-cec6-4e8c-b003-52a3ec9766bb', 'usr_582');
INSERT INTO trabalho.comentarios_podcast_usuario VALUES ('comment_582', 'Pariatur est itaque corporis tenetur culpa.', '219328a1-cec6-4e8c-b003-52a3ec9766bb', 'usr_582');
INSERT INTO trabalho.usuario VALUES ('usr_583', '583_Yasmin.Carvalho68@yahoo.com', 'Yasmin Carvalho', 'female', 56, 'password', 'Ilhas Heard e McDonald');
INSERT INTO trabalho.usuario_esta_inscrito_no_podcast VALUES (5, 'de2f0ddb-9903-436a-a5e2-54224254c818', 'usr_583');
INSERT INTO trabalho.comentarios_podcast_usuario VALUES ('comment_583', 'Blanditiis eius atque deserunt est sed et voluptates mollitia.', 'de2f0ddb-9903-436a-a5e2-54224254c818', 'usr_583');
INSERT INTO trabalho.usuario VALUES ('usr_584', '584_Isabela81@yahoo.com', 'Isabela Souza', 'female', 18, 'password', 'Guiana');
INSERT INTO trabalho.usuario_esta_inscrito_no_podcast VALUES (3, 'c58b280a-56d4-4ad8-8c85-730e4ea86361', 'usr_584');
INSERT INTO trabalho.comentarios_podcast_usuario VALUES ('comment_584', 'Quaerat odio maiores est ad et repellendus recusandae.', 'c58b280a-56d4-4ad8-8c85-730e4ea86361', 'usr_584');
INSERT INTO trabalho.usuario VALUES ('usr_585', '585_Feliciano41@live.com', 'Feliciano Braga', 'male', 54, 'password', 'Tajiquistão');
INSERT INTO trabalho.usuario_esta_inscrito_no_podcast VALUES (0, '67074e68-bc2f-442b-8af2-7d328b6af6eb', 'usr_585');
INSERT INTO trabalho.comentarios_podcast_usuario VALUES ('comment_585', 'Possimus veniam blanditiis harum veniam et.', '67074e68-bc2f-442b-8af2-7d328b6af6eb', 'usr_585');
INSERT INTO trabalho.usuario VALUES ('usr_586', '586_Joaquim_Martins@live.com', 'Joaquim Martins', 'male', 16, 'password', 'Seicheles');
INSERT INTO trabalho.usuario_esta_inscrito_no_podcast VALUES (2, '5bdf7377-8330-4f9f-8efd-e95301c122ce', 'usr_586');
INSERT INTO trabalho.comentarios_podcast_usuario VALUES ('comment_586', 'Et mollitia doloribus consequatur et rerum atque.', '5bdf7377-8330-4f9f-8efd-e95301c122ce', 'usr_586');
INSERT INTO trabalho.usuario VALUES ('usr_587', '587_MariaAlice47@gmail.com', 'Maria Alice Melo', 'female', 37, 'password', 'Madagascar');
INSERT INTO trabalho.usuario_esta_inscrito_no_podcast VALUES (3, 'f8e13774-d631-4f34-93f0-2f5d55590265', 'usr_587');
INSERT INTO trabalho.comentarios_podcast_usuario VALUES ('comment_587', 'Asperiores voluptates consequuntur et aspernatur laboriosam consequatur veritatis occaecati.', 'f8e13774-d631-4f34-93f0-2f5d55590265', 'usr_587');
INSERT INTO trabalho.usuario VALUES ('usr_588', '588_Mariana.Barros@hotmail.com', 'Mariana Barros', 'female', 4, 'password', 'Antilhas Holandesas');
INSERT INTO trabalho.usuario_esta_inscrito_no_podcast VALUES (2, '7e429e8e-7669-403d-bb78-3cd7f9f75afd', 'usr_588');
INSERT INTO trabalho.comentarios_podcast_usuario VALUES ('comment_588', 'Voluptatum sapiente hic laudantium eum qui.', '7e429e8e-7669-403d-bb78-3cd7f9f75afd', 'usr_588');
INSERT INTO trabalho.usuario VALUES ('usr_589', '589_Samuel_Moraes14@gmail.com', 'Samuel Moraes', 'male', 39, 'password', 'Haiti');
INSERT INTO trabalho.usuario_esta_inscrito_no_podcast VALUES (0, 'fa3abe16-3645-4d22-a01d-893e6f20c408', 'usr_589');
INSERT INTO trabalho.comentarios_podcast_usuario VALUES ('comment_589', 'Nulla est voluptatem aut.', 'fa3abe16-3645-4d22-a01d-893e6f20c408', 'usr_589');
INSERT INTO trabalho.usuario VALUES ('usr_590', '590_Eduarda.Franco15@bol.com.br', 'Eduarda Franco', 'female', 16, 'password', 'Mauritânia');
INSERT INTO trabalho.usuario_esta_inscrito_no_podcast VALUES (4, 'c58b280a-56d4-4ad8-8c85-730e4ea86361', 'usr_590');
INSERT INTO trabalho.comentarios_podcast_usuario VALUES ('comment_590', 'Expedita et eum qui facere inventore repellat unde est accusantium.', 'c58b280a-56d4-4ad8-8c85-730e4ea86361', 'usr_590');
INSERT INTO trabalho.usuario VALUES ('usr_591', '591_JooMiguel_Barros44@gmail.com', 'João Miguel Barros', 'male', 5, 'password', 'França');
INSERT INTO trabalho.usuario_esta_inscrito_no_podcast VALUES (3, 'bc8dac25-793c-4a96-aafc-4ea7020f4f60', 'usr_591');
INSERT INTO trabalho.comentarios_podcast_usuario VALUES ('comment_591', 'Voluptatem distinctio veritatis consectetur quibusdam officia sed dolorem saepe.', 'bc8dac25-793c-4a96-aafc-4ea7020f4f60', 'usr_591');
INSERT INTO trabalho.usuario VALUES ('usr_592', '592_Fabiano68@live.com', 'Fabiano Macedo', 'male', 40, 'password', 'Ilhas Cook');
INSERT INTO trabalho.usuario_esta_inscrito_no_podcast VALUES (0, 'de2f0ddb-9903-436a-a5e2-54224254c818', 'usr_592');
INSERT INTO trabalho.comentarios_podcast_usuario VALUES ('comment_592', 'Tempore dolorem in velit.', 'de2f0ddb-9903-436a-a5e2-54224254c818', 'usr_592');
INSERT INTO trabalho.usuario VALUES ('usr_593', '593_Yuri.Melo76@live.com', 'Yuri Melo', 'male', 17, 'password', 'Micronésia');
INSERT INTO trabalho.usuario_esta_inscrito_no_podcast VALUES (1, 'af46a958-b921-47b6-9f87-5c4fdc68ea79', 'usr_593');
INSERT INTO trabalho.comentarios_podcast_usuario VALUES ('comment_593', 'Et cumque id enim atque.', 'af46a958-b921-47b6-9f87-5c4fdc68ea79', 'usr_593');
INSERT INTO trabalho.usuario VALUES ('usr_594', '594_EnzoGabriel_Braga@hotmail.com', 'Enzo Gabriel Braga', 'male', 20, 'password', 'Camboja');
INSERT INTO trabalho.usuario_esta_inscrito_no_podcast VALUES (4, 'f8e13774-d631-4f34-93f0-2f5d55590265', 'usr_594');
INSERT INTO trabalho.comentarios_podcast_usuario VALUES ('comment_594', 'In neque sed aperiam vel consectetur.', 'f8e13774-d631-4f34-93f0-2f5d55590265', 'usr_594');
INSERT INTO trabalho.usuario VALUES ('usr_595', '595_Liz59@yahoo.com', 'Liz Barros', 'female', 33, 'password', 'Eslováquia');
INSERT INTO trabalho.usuario_esta_inscrito_no_podcast VALUES (5, 'c58b280a-56d4-4ad8-8c85-730e4ea86361', 'usr_595');
INSERT INTO trabalho.comentarios_podcast_usuario VALUES ('comment_595', 'Non non animi odio omnis consequatur aut amet sed.', 'c58b280a-56d4-4ad8-8c85-730e4ea86361', 'usr_595');
INSERT INTO trabalho.usuario VALUES ('usr_596', '596_Joana.Santos@live.com', 'Joana Santos', 'female', 3, 'password', 'República Dominicana');
INSERT INTO trabalho.usuario_esta_inscrito_no_podcast VALUES (2, '67074e68-bc2f-442b-8af2-7d328b6af6eb', 'usr_596');
INSERT INTO trabalho.comentarios_podcast_usuario VALUES ('comment_596', 'Soluta quis ratione sed facere odio atque.', '67074e68-bc2f-442b-8af2-7d328b6af6eb', 'usr_596');
INSERT INTO trabalho.usuario VALUES ('usr_597', '597_Vitria71@yahoo.com', 'Vitória Saraiva', 'female', 4, 'password', 'Coreia do Norte');
INSERT INTO trabalho.usuario_esta_inscrito_no_podcast VALUES (1, 'b553d865-8fe2-47de-9a30-10e1dea3bd1d', 'usr_597');
INSERT INTO trabalho.comentarios_podcast_usuario VALUES ('comment_597', 'Velit dolorem non ex.', 'b553d865-8fe2-47de-9a30-10e1dea3bd1d', 'usr_597');
INSERT INTO trabalho.usuario VALUES ('usr_598', '598_Fabiano.Martins92@live.com', 'Fabiano Martins', 'male', 58, 'password', 'Congo');
INSERT INTO trabalho.usuario_esta_inscrito_no_podcast VALUES (2, 'bc8dac25-793c-4a96-aafc-4ea7020f4f60', 'usr_598');
INSERT INTO trabalho.comentarios_podcast_usuario VALUES ('comment_598', 'Maxime perspiciatis aperiam.', 'bc8dac25-793c-4a96-aafc-4ea7020f4f60', 'usr_598');
INSERT INTO trabalho.usuario VALUES ('usr_599', '599_Fabrcio6@hotmail.com', 'Fabrício Reis', 'male', 38, 'password', 'Nepal');
INSERT INTO trabalho.usuario_esta_inscrito_no_podcast VALUES (4, '168c1536-4c42-4b8f-8c77-f06affefec6a', 'usr_599');
INSERT INTO trabalho.comentarios_podcast_usuario VALUES ('comment_599', 'In voluptate sit rerum quasi labore vero quaerat qui.', '168c1536-4c42-4b8f-8c77-f06affefec6a', 'usr_599');
