
    INSERT INTO trabalho.podcast VALUES ('af46a958-b921-47b6-9f87-5c4fdc68ea79', 'https://jovemnerd.com.br/feed-nerdcast', 'NerdCast', 'https://jovemnerd.com.br', NULL);
    INSERT INTO trabalho.podcast VALUES ('fa3abe16-3645-4d22-a01d-893e6f20c408', 'https://anchor.fm/s/3ad82c84/podcast/rss', 'Diário de um Jovem Moderno', 'https://anchor.fm/diariodeumjovemmoderno', NULL);
    INSERT INTO trabalho.podcast VALUES ('f8e13774-d631-4f34-93f0-2f5d55590265', 'https://anchor.fm/s/c946c20/podcast/rss', 'Devs Cansados', 'https://www.devscansados.com.br/', 'contato@devscansados.com.br');
    INSERT INTO trabalho.podcast VALUES ('de2f0ddb-9903-436a-a5e2-54224254c818', 'https://www.spreaker.com/show/4863104/episodes/feed', 'Podpah', 'https://www.spreaker.com/show/podpah_1', NULL);
    INSERT INTO trabalho.podcast VALUES ('67074e68-bc2f-442b-8af2-7d328b6af6eb', 'https://anchor.fm/s/2a80a35c/podcast/rss', 'Quadro em Branco', 'https://anchor.fm/quadro-em-branco', 'podcastembranco@gmail.com');
    INSERT INTO trabalho.podcast VALUES ('bc8dac25-793c-4a96-aafc-4ea7020f4f60', 'https://www.omnycontent.com/d/playlist/aaea4e69-af51-495e-afc9-a9760146922b/75a86d39-9e0e-4e9a-b948-aae301805fe6/514362cf-31b4-4ed2-af40-aae301805ffd/podcast.rss', 'Office Ladies', 'https://officeladies.com/', 'officeladies@earwolf.com');
    INSERT INTO trabalho.podcast VALUES ('219328a1-cec6-4e8c-b003-52a3ec9766bb', 'https://rss-feed-flowpodcast-2eqj3fl3la-ue.a.run.app/feed/rss', 'Flow', 'https://flowpodcast.com.br/', NULL);
    INSERT INTO trabalho.podcast VALUES ('f0166bd2-8e4d-4308-b5d7-0b3d627c5dc5', 'https://anchor.fm/s/248804cc/podcast/rss', 'Estrada Sobrenatural', 'https://linktr.ee/Estradasobrenatural', 'comercial.estradasobrenatural@gmail.com');
    INSERT INTO trabalho.podcast VALUES ('168c1536-4c42-4b8f-8c77-f06affefec6a', 'https://anchor.fm/s/11c4550c/podcast/rss', 'Hoje no TecMundo Podcast', 'https://www.tecmundo.com.br/', NULL);
    INSERT INTO trabalho.podcast VALUES ('5bdf7377-8330-4f9f-8efd-e95301c122ce', 'https://feeds.simplecast.com/tL5DvHPD', '2Devs', 'https://2devs.simplecast.com/', NULL);
    INSERT INTO trabalho.podcast VALUES ('f1b92ce7-47a7-43cd-8586-4a09185cdd05', 'https://anchor.fm/s/3bf2f2c/podcast/rss', 'Podcast FalaDev', 'https://anchor.fm/faladev', NULL);
    INSERT INTO trabalho.podcast VALUES ('b553d865-8fe2-47de-9a30-10e1dea3bd1d', 'http://www.deviante.com.br/podcasts/scicast/feed/', 'Scicast', 'https://www.deviante.com.br/podcasts/scicast/', NULL);
    INSERT INTO trabalho.podcast VALUES ('c58b280a-56d4-4ad8-8c85-730e4ea86361', 'https://republicadomedo.com.br/feed/podcast', 'RdMCast', 'https://republicadomedo.com.br/', 'contato@republicadomedo.com.br');
    INSERT INTO trabalho.podcast VALUES ('7e429e8e-7669-403d-bb78-3cd7f9f75afd', 'https://hipsters.tech/feed/podcast', 'Hipsters ponto tech', 'https://hipsters.tech/', NULL);
INSERT INTO trabalho.usuario VALUES ('usr_0', '0_JooMiguel.Oliveira29@gmail.com', 'João Miguel Oliveira', 'male', 58, trabalho.hashPassword('Password123'), 'Singapura');
INSERT INTO trabalho.usuario_esta_inscrito_no_podcast VALUES (5, 'fa3abe16-3645-4d22-a01d-893e6f20c408', 'usr_0');
INSERT INTO trabalho.comentarios_podcast_usuario VALUES ('comment_0_0_0', 'Consectetur accusantium ea eius sit consectetur.', 'fa3abe16-3645-4d22-a01d-893e6f20c408', 'usr_0');
INSERT INTO trabalho.comentarios_podcast_usuario VALUES ('comment_0_1_0', 'Maxime sit voluptatibus rerum.', 'fa3abe16-3645-4d22-a01d-893e6f20c408', 'usr_0');
INSERT INTO trabalho.comentarios_podcast_usuario VALUES ('comment_0_2_0', 'Officiis numquam ducimus laboriosam.', 'fa3abe16-3645-4d22-a01d-893e6f20c408', 'usr_0');
INSERT INTO trabalho.log_acesso VALUES ('log_0_0_0', 'fa3abe16-3645-4d22-a01d-893e6f20c408', 'usr_0');
INSERT INTO trabalho.log_acesso VALUES ('log_0_1_0', 'fa3abe16-3645-4d22-a01d-893e6f20c408', 'usr_0');
INSERT INTO trabalho.log_acesso VALUES ('log_0_2_0', 'fa3abe16-3645-4d22-a01d-893e6f20c408', 'usr_0');
INSERT INTO trabalho.log_acesso VALUES ('log_0_3_0', 'fa3abe16-3645-4d22-a01d-893e6f20c408', 'usr_0');
INSERT INTO trabalho.usuario_esta_inscrito_no_podcast VALUES (5, 'de2f0ddb-9903-436a-a5e2-54224254c818', 'usr_0');
INSERT INTO trabalho.comentarios_podcast_usuario VALUES ('comment_0_0_1', 'Voluptas error amet modi ipsa itaque tenetur et in.', 'de2f0ddb-9903-436a-a5e2-54224254c818', 'usr_0');
INSERT INTO trabalho.comentarios_podcast_usuario VALUES ('comment_0_1_1', 'Dolores nostrum est quo.', 'de2f0ddb-9903-436a-a5e2-54224254c818', 'usr_0');
INSERT INTO trabalho.comentarios_podcast_usuario VALUES ('comment_0_2_1', 'Quaerat omnis voluptate omnis est officia labore.', 'de2f0ddb-9903-436a-a5e2-54224254c818', 'usr_0');
INSERT INTO trabalho.comentarios_podcast_usuario VALUES ('comment_0_3_1', 'Deserunt perferendis nostrum totam praesentium est sed voluptatibus dicta.', 'de2f0ddb-9903-436a-a5e2-54224254c818', 'usr_0');
INSERT INTO trabalho.log_acesso VALUES ('log_0_0_1', 'de2f0ddb-9903-436a-a5e2-54224254c818', 'usr_0');
INSERT INTO trabalho.usuario_esta_inscrito_no_podcast VALUES (0, 'f0166bd2-8e4d-4308-b5d7-0b3d627c5dc5', 'usr_0');
INSERT INTO trabalho.comentarios_podcast_usuario VALUES ('comment_0_0_2', 'Asperiores iste dolore amet possimus eius qui.', 'f0166bd2-8e4d-4308-b5d7-0b3d627c5dc5', 'usr_0');
INSERT INTO trabalho.log_acesso VALUES ('log_0_0_2', 'f0166bd2-8e4d-4308-b5d7-0b3d627c5dc5', 'usr_0');
INSERT INTO trabalho.log_acesso VALUES ('log_0_1_2', 'f0166bd2-8e4d-4308-b5d7-0b3d627c5dc5', 'usr_0');
INSERT INTO trabalho.log_acesso VALUES ('log_0_2_2', 'f0166bd2-8e4d-4308-b5d7-0b3d627c5dc5', 'usr_0');
INSERT INTO trabalho.usuario VALUES ('usr_1', '1_Antonella_Macedo@hotmail.com', 'Antonella Macedo', 'female', 33, trabalho.hashPassword('Password123'), 'Dominica');
INSERT INTO trabalho.usuario_esta_inscrito_no_podcast VALUES (5, 'b553d865-8fe2-47de-9a30-10e1dea3bd1d', 'usr_1');
INSERT INTO trabalho.comentarios_podcast_usuario VALUES ('comment_1_0_0', 'Voluptas expedita unde aut iure voluptatibus.', 'b553d865-8fe2-47de-9a30-10e1dea3bd1d', 'usr_1');
INSERT INTO trabalho.comentarios_podcast_usuario VALUES ('comment_1_1_0', 'Nulla accusamus explicabo aut magni dolorum sed.', 'b553d865-8fe2-47de-9a30-10e1dea3bd1d', 'usr_1');
INSERT INTO trabalho.comentarios_podcast_usuario VALUES ('comment_1_2_0', 'Facilis nulla beatae qui nam nesciunt qui incidunt.', 'b553d865-8fe2-47de-9a30-10e1dea3bd1d', 'usr_1');
INSERT INTO trabalho.log_acesso VALUES ('log_1_0_0', 'b553d865-8fe2-47de-9a30-10e1dea3bd1d', 'usr_1');
INSERT INTO trabalho.log_acesso VALUES ('log_1_1_0', 'b553d865-8fe2-47de-9a30-10e1dea3bd1d', 'usr_1');
INSERT INTO trabalho.log_acesso VALUES ('log_1_2_0', 'b553d865-8fe2-47de-9a30-10e1dea3bd1d', 'usr_1');
INSERT INTO trabalho.usuario_esta_inscrito_no_podcast VALUES (0, 'de2f0ddb-9903-436a-a5e2-54224254c818', 'usr_1');
INSERT INTO trabalho.comentarios_podcast_usuario VALUES ('comment_1_0_1', 'Rerum quasi provident.', 'de2f0ddb-9903-436a-a5e2-54224254c818', 'usr_1');
INSERT INTO trabalho.comentarios_podcast_usuario VALUES ('comment_1_1_1', 'Id autem mollitia expedita magni quo.', 'de2f0ddb-9903-436a-a5e2-54224254c818', 'usr_1');
INSERT INTO trabalho.comentarios_podcast_usuario VALUES ('comment_1_2_1', 'Error maxime illo corporis.', 'de2f0ddb-9903-436a-a5e2-54224254c818', 'usr_1');
INSERT INTO trabalho.comentarios_podcast_usuario VALUES ('comment_1_3_1', 'Sequi eveniet numquam.', 'de2f0ddb-9903-436a-a5e2-54224254c818', 'usr_1');
INSERT INTO trabalho.log_acesso VALUES ('log_1_0_1', 'de2f0ddb-9903-436a-a5e2-54224254c818', 'usr_1');
INSERT INTO trabalho.log_acesso VALUES ('log_1_1_1', 'de2f0ddb-9903-436a-a5e2-54224254c818', 'usr_1');
INSERT INTO trabalho.log_acesso VALUES ('log_1_2_1', 'de2f0ddb-9903-436a-a5e2-54224254c818', 'usr_1');
INSERT INTO trabalho.log_acesso VALUES ('log_1_3_1', 'de2f0ddb-9903-436a-a5e2-54224254c818', 'usr_1');
INSERT INTO trabalho.usuario_esta_inscrito_no_podcast VALUES (5, 'f1b92ce7-47a7-43cd-8586-4a09185cdd05', 'usr_1');
INSERT INTO trabalho.comentarios_podcast_usuario VALUES ('comment_1_0_2', 'Asperiores repudiandae soluta nam facilis qui consectetur et omnis dolores.', 'f1b92ce7-47a7-43cd-8586-4a09185cdd05', 'usr_1');
INSERT INTO trabalho.log_acesso VALUES ('log_1_0_2', 'f1b92ce7-47a7-43cd-8586-4a09185cdd05', 'usr_1');
INSERT INTO trabalho.log_acesso VALUES ('log_1_1_2', 'f1b92ce7-47a7-43cd-8586-4a09185cdd05', 'usr_1');
INSERT INTO trabalho.usuario VALUES ('usr_2', '2_AnaLuiza_Moraes@yahoo.com', 'Ana Luiza Moraes', 'female', 1, trabalho.hashPassword('Password123'), 'República Tcheca');
INSERT INTO trabalho.usuario_esta_inscrito_no_podcast VALUES (3, 'b553d865-8fe2-47de-9a30-10e1dea3bd1d', 'usr_2');
INSERT INTO trabalho.comentarios_podcast_usuario VALUES ('comment_2_0_0', 'Est velit dolorem aperiam laboriosam laudantium aut adipisci dolores.', 'b553d865-8fe2-47de-9a30-10e1dea3bd1d', 'usr_2');
INSERT INTO trabalho.comentarios_podcast_usuario VALUES ('comment_2_1_0', 'Occaecati ipsam nisi.', 'b553d865-8fe2-47de-9a30-10e1dea3bd1d', 'usr_2');
INSERT INTO trabalho.comentarios_podcast_usuario VALUES ('comment_2_2_0', 'Eos nihil incidunt quod.', 'b553d865-8fe2-47de-9a30-10e1dea3bd1d', 'usr_2');
INSERT INTO trabalho.comentarios_podcast_usuario VALUES ('comment_2_3_0', 'Deleniti animi dolorem et nobis optio fugiat.', 'b553d865-8fe2-47de-9a30-10e1dea3bd1d', 'usr_2');
INSERT INTO trabalho.log_acesso VALUES ('log_2_0_0', 'b553d865-8fe2-47de-9a30-10e1dea3bd1d', 'usr_2');
INSERT INTO trabalho.log_acesso VALUES ('log_2_1_0', 'b553d865-8fe2-47de-9a30-10e1dea3bd1d', 'usr_2');
INSERT INTO trabalho.log_acesso VALUES ('log_2_2_0', 'b553d865-8fe2-47de-9a30-10e1dea3bd1d', 'usr_2');
INSERT INTO trabalho.usuario_esta_inscrito_no_podcast VALUES (3, '5bdf7377-8330-4f9f-8efd-e95301c122ce', 'usr_2');
INSERT INTO trabalho.comentarios_podcast_usuario VALUES ('comment_2_0_1', 'Quos quaerat exercitationem repellendus sint dolorem quod tenetur dolorum voluptatem.', '5bdf7377-8330-4f9f-8efd-e95301c122ce', 'usr_2');
INSERT INTO trabalho.comentarios_podcast_usuario VALUES ('comment_2_1_1', 'Eligendi nostrum aspernatur vel sed tenetur.', '5bdf7377-8330-4f9f-8efd-e95301c122ce', 'usr_2');
INSERT INTO trabalho.comentarios_podcast_usuario VALUES ('comment_2_2_1', 'Consectetur quo voluptas voluptatem exercitationem et sed fugit officia autem.', '5bdf7377-8330-4f9f-8efd-e95301c122ce', 'usr_2');
INSERT INTO trabalho.comentarios_podcast_usuario VALUES ('comment_2_3_1', 'Id atque ipsa impedit et minus mollitia autem deserunt.', '5bdf7377-8330-4f9f-8efd-e95301c122ce', 'usr_2');
INSERT INTO trabalho.log_acesso VALUES ('log_2_0_1', '5bdf7377-8330-4f9f-8efd-e95301c122ce', 'usr_2');
INSERT INTO trabalho.log_acesso VALUES ('log_2_1_1', '5bdf7377-8330-4f9f-8efd-e95301c122ce', 'usr_2');
INSERT INTO trabalho.log_acesso VALUES ('log_2_2_1', '5bdf7377-8330-4f9f-8efd-e95301c122ce', 'usr_2');
INSERT INTO trabalho.log_acesso VALUES ('log_2_3_1', '5bdf7377-8330-4f9f-8efd-e95301c122ce', 'usr_2');
INSERT INTO trabalho.usuario_esta_inscrito_no_podcast VALUES (1, 'bc8dac25-793c-4a96-aafc-4ea7020f4f60', 'usr_2');
INSERT INTO trabalho.comentarios_podcast_usuario VALUES ('comment_2_0_2', 'Nam facilis id vel tempora et sint hic voluptatibus libero.', 'bc8dac25-793c-4a96-aafc-4ea7020f4f60', 'usr_2');
INSERT INTO trabalho.comentarios_podcast_usuario VALUES ('comment_2_1_2', 'Reprehenderit odit molestias exercitationem.', 'bc8dac25-793c-4a96-aafc-4ea7020f4f60', 'usr_2');
INSERT INTO trabalho.log_acesso VALUES ('log_2_0_2', 'bc8dac25-793c-4a96-aafc-4ea7020f4f60', 'usr_2');
INSERT INTO trabalho.log_acesso VALUES ('log_2_1_2', 'bc8dac25-793c-4a96-aafc-4ea7020f4f60', 'usr_2');
INSERT INTO trabalho.log_acesso VALUES ('log_2_2_2', 'bc8dac25-793c-4a96-aafc-4ea7020f4f60', 'usr_2');
INSERT INTO trabalho.log_acesso VALUES ('log_2_3_2', 'bc8dac25-793c-4a96-aafc-4ea7020f4f60', 'usr_2');
INSERT INTO trabalho.log_acesso VALUES ('log_2_4_2', 'bc8dac25-793c-4a96-aafc-4ea7020f4f60', 'usr_2');
INSERT INTO trabalho.usuario VALUES ('usr_3', '3_MariaAlice.Moreira30@yahoo.com', 'Maria Alice Moreira', 'female', 12, trabalho.hashPassword('Password123'), 'Malásia');
INSERT INTO trabalho.usuario_esta_inscrito_no_podcast VALUES (1, 'f8e13774-d631-4f34-93f0-2f5d55590265', 'usr_3');
INSERT INTO trabalho.comentarios_podcast_usuario VALUES ('comment_3_0_0', 'Rerum iusto ab similique voluptas earum ut voluptatum est occaecati.', 'f8e13774-d631-4f34-93f0-2f5d55590265', 'usr_3');
INSERT INTO trabalho.comentarios_podcast_usuario VALUES ('comment_3_1_0', 'Debitis et est commodi vitae repudiandae eveniet modi est quia.', 'f8e13774-d631-4f34-93f0-2f5d55590265', 'usr_3');
INSERT INTO trabalho.comentarios_podcast_usuario VALUES ('comment_3_2_0', 'Dolores accusamus exercitationem ullam molestiae aliquid molestias.', 'f8e13774-d631-4f34-93f0-2f5d55590265', 'usr_3');
INSERT INTO trabalho.comentarios_podcast_usuario VALUES ('comment_3_3_0', 'Ut deleniti animi hic.', 'f8e13774-d631-4f34-93f0-2f5d55590265', 'usr_3');
INSERT INTO trabalho.log_acesso VALUES ('log_3_0_0', 'f8e13774-d631-4f34-93f0-2f5d55590265', 'usr_3');
INSERT INTO trabalho.log_acesso VALUES ('log_3_1_0', 'f8e13774-d631-4f34-93f0-2f5d55590265', 'usr_3');
INSERT INTO trabalho.usuario_esta_inscrito_no_podcast VALUES (4, 'af46a958-b921-47b6-9f87-5c4fdc68ea79', 'usr_3');
INSERT INTO trabalho.comentarios_podcast_usuario VALUES ('comment_3_0_1', 'In aut id ut.', 'af46a958-b921-47b6-9f87-5c4fdc68ea79', 'usr_3');
INSERT INTO trabalho.comentarios_podcast_usuario VALUES ('comment_3_1_1', 'Sed incidunt voluptatem sit vel harum quia.', 'af46a958-b921-47b6-9f87-5c4fdc68ea79', 'usr_3');
INSERT INTO trabalho.log_acesso VALUES ('log_3_0_1', 'af46a958-b921-47b6-9f87-5c4fdc68ea79', 'usr_3');
INSERT INTO trabalho.log_acesso VALUES ('log_3_1_1', 'af46a958-b921-47b6-9f87-5c4fdc68ea79', 'usr_3');
INSERT INTO trabalho.log_acesso VALUES ('log_3_2_1', 'af46a958-b921-47b6-9f87-5c4fdc68ea79', 'usr_3');
INSERT INTO trabalho.usuario_esta_inscrito_no_podcast VALUES (2, 'f1b92ce7-47a7-43cd-8586-4a09185cdd05', 'usr_3');
INSERT INTO trabalho.comentarios_podcast_usuario VALUES ('comment_3_0_2', 'Voluptas dolorem doloribus.', 'f1b92ce7-47a7-43cd-8586-4a09185cdd05', 'usr_3');
INSERT INTO trabalho.comentarios_podcast_usuario VALUES ('comment_3_1_2', 'Est consequatur sint hic iure consequatur cupiditate.', 'f1b92ce7-47a7-43cd-8586-4a09185cdd05', 'usr_3');
INSERT INTO trabalho.comentarios_podcast_usuario VALUES ('comment_3_2_2', 'Nam consequuntur sapiente non accusantium vel.', 'f1b92ce7-47a7-43cd-8586-4a09185cdd05', 'usr_3');
INSERT INTO trabalho.comentarios_podcast_usuario VALUES ('comment_3_3_2', 'Qui id dolores possimus vel illum consequatur.', 'f1b92ce7-47a7-43cd-8586-4a09185cdd05', 'usr_3');
INSERT INTO trabalho.log_acesso VALUES ('log_3_0_2', 'f1b92ce7-47a7-43cd-8586-4a09185cdd05', 'usr_3');
INSERT INTO trabalho.usuario VALUES ('usr_4', '4_EnzoGabriel_Oliveira44@live.com', 'Enzo Gabriel Oliveira', 'male', 40, trabalho.hashPassword('Password123'), 'Nova Zelândia');
INSERT INTO trabalho.usuario_esta_inscrito_no_podcast VALUES (2, '5bdf7377-8330-4f9f-8efd-e95301c122ce', 'usr_4');
INSERT INTO trabalho.comentarios_podcast_usuario VALUES ('comment_4_0_0', 'Error voluptas ut et quasi ut dolores.', '5bdf7377-8330-4f9f-8efd-e95301c122ce', 'usr_4');
INSERT INTO trabalho.comentarios_podcast_usuario VALUES ('comment_4_1_0', 'Dolores natus mollitia.', '5bdf7377-8330-4f9f-8efd-e95301c122ce', 'usr_4');
INSERT INTO trabalho.log_acesso VALUES ('log_4_0_0', '5bdf7377-8330-4f9f-8efd-e95301c122ce', 'usr_4');
INSERT INTO trabalho.log_acesso VALUES ('log_4_1_0', '5bdf7377-8330-4f9f-8efd-e95301c122ce', 'usr_4');
INSERT INTO trabalho.log_acesso VALUES ('log_4_2_0', '5bdf7377-8330-4f9f-8efd-e95301c122ce', 'usr_4');
INSERT INTO trabalho.log_acesso VALUES ('log_4_3_0', '5bdf7377-8330-4f9f-8efd-e95301c122ce', 'usr_4');
INSERT INTO trabalho.usuario_esta_inscrito_no_podcast VALUES (5, 'f1b92ce7-47a7-43cd-8586-4a09185cdd05', 'usr_4');
INSERT INTO trabalho.comentarios_podcast_usuario VALUES ('comment_4_0_1', 'Totam rerum laborum animi vero est.', 'f1b92ce7-47a7-43cd-8586-4a09185cdd05', 'usr_4');
INSERT INTO trabalho.comentarios_podcast_usuario VALUES ('comment_4_1_1', 'Nesciunt molestias quaerat sed voluptates.', 'f1b92ce7-47a7-43cd-8586-4a09185cdd05', 'usr_4');
INSERT INTO trabalho.log_acesso VALUES ('log_4_0_1', 'f1b92ce7-47a7-43cd-8586-4a09185cdd05', 'usr_4');
INSERT INTO trabalho.log_acesso VALUES ('log_4_1_1', 'f1b92ce7-47a7-43cd-8586-4a09185cdd05', 'usr_4');
INSERT INTO trabalho.log_acesso VALUES ('log_4_2_1', 'f1b92ce7-47a7-43cd-8586-4a09185cdd05', 'usr_4');
INSERT INTO trabalho.usuario_esta_inscrito_no_podcast VALUES (0, 'de2f0ddb-9903-436a-a5e2-54224254c818', 'usr_4');
INSERT INTO trabalho.comentarios_podcast_usuario VALUES ('comment_4_0_2', 'Illum quo consequatur eum voluptates sunt dignissimos sit in ipsum.', 'de2f0ddb-9903-436a-a5e2-54224254c818', 'usr_4');
INSERT INTO trabalho.comentarios_podcast_usuario VALUES ('comment_4_1_2', 'Et repudiandae in officia.', 'de2f0ddb-9903-436a-a5e2-54224254c818', 'usr_4');
INSERT INTO trabalho.comentarios_podcast_usuario VALUES ('comment_4_2_2', 'Et molestias velit expedita ratione mollitia necessitatibus.', 'de2f0ddb-9903-436a-a5e2-54224254c818', 'usr_4');
INSERT INTO trabalho.log_acesso VALUES ('log_4_0_2', 'de2f0ddb-9903-436a-a5e2-54224254c818', 'usr_4');
INSERT INTO trabalho.log_acesso VALUES ('log_4_1_2', 'de2f0ddb-9903-436a-a5e2-54224254c818', 'usr_4');
INSERT INTO trabalho.log_acesso VALUES ('log_4_2_2', 'de2f0ddb-9903-436a-a5e2-54224254c818', 'usr_4');
INSERT INTO trabalho.log_acesso VALUES ('log_4_3_2', 'de2f0ddb-9903-436a-a5e2-54224254c818', 'usr_4');
INSERT INTO trabalho.log_acesso VALUES ('log_4_4_2', 'de2f0ddb-9903-436a-a5e2-54224254c818', 'usr_4');
INSERT INTO trabalho.usuario VALUES ('usr_5', '5_Rafaela.Albuquerque@hotmail.com', 'Rafaela Albuquerque', 'female', 2, trabalho.hashPassword('Password123'), 'Belize');
INSERT INTO trabalho.usuario_esta_inscrito_no_podcast VALUES (1, 'f0166bd2-8e4d-4308-b5d7-0b3d627c5dc5', 'usr_5');
INSERT INTO trabalho.comentarios_podcast_usuario VALUES ('comment_5_0_0', 'Et suscipit quidem magnam illum sunt.', 'f0166bd2-8e4d-4308-b5d7-0b3d627c5dc5', 'usr_5');
INSERT INTO trabalho.comentarios_podcast_usuario VALUES ('comment_5_1_0', 'Quia blanditiis voluptatibus aut sit cumque.', 'f0166bd2-8e4d-4308-b5d7-0b3d627c5dc5', 'usr_5');
INSERT INTO trabalho.comentarios_podcast_usuario VALUES ('comment_5_2_0', 'Veniam repellendus hic nihil temporibus et facere perferendis est.', 'f0166bd2-8e4d-4308-b5d7-0b3d627c5dc5', 'usr_5');
INSERT INTO trabalho.log_acesso VALUES ('log_5_0_0', 'f0166bd2-8e4d-4308-b5d7-0b3d627c5dc5', 'usr_5');
INSERT INTO trabalho.log_acesso VALUES ('log_5_1_0', 'f0166bd2-8e4d-4308-b5d7-0b3d627c5dc5', 'usr_5');
INSERT INTO trabalho.log_acesso VALUES ('log_5_2_0', 'f0166bd2-8e4d-4308-b5d7-0b3d627c5dc5', 'usr_5');
INSERT INTO trabalho.log_acesso VALUES ('log_5_3_0', 'f0166bd2-8e4d-4308-b5d7-0b3d627c5dc5', 'usr_5');
INSERT INTO trabalho.log_acesso VALUES ('log_5_4_0', 'f0166bd2-8e4d-4308-b5d7-0b3d627c5dc5', 'usr_5');
INSERT INTO trabalho.usuario_esta_inscrito_no_podcast VALUES (5, 'af46a958-b921-47b6-9f87-5c4fdc68ea79', 'usr_5');
INSERT INTO trabalho.comentarios_podcast_usuario VALUES ('comment_5_0_1', 'Nesciunt quas possimus explicabo culpa alias repellendus aliquam.', 'af46a958-b921-47b6-9f87-5c4fdc68ea79', 'usr_5');
INSERT INTO trabalho.comentarios_podcast_usuario VALUES ('comment_5_1_1', 'Accusantium in reprehenderit beatae quia voluptatem minus sed.', 'af46a958-b921-47b6-9f87-5c4fdc68ea79', 'usr_5');
INSERT INTO trabalho.log_acesso VALUES ('log_5_0_1', 'af46a958-b921-47b6-9f87-5c4fdc68ea79', 'usr_5');
INSERT INTO trabalho.log_acesso VALUES ('log_5_1_1', 'af46a958-b921-47b6-9f87-5c4fdc68ea79', 'usr_5');
INSERT INTO trabalho.log_acesso VALUES ('log_5_2_1', 'af46a958-b921-47b6-9f87-5c4fdc68ea79', 'usr_5');
INSERT INTO trabalho.usuario_esta_inscrito_no_podcast VALUES (1, '67074e68-bc2f-442b-8af2-7d328b6af6eb', 'usr_5');
INSERT INTO trabalho.comentarios_podcast_usuario VALUES ('comment_5_0_2', 'Est minima sint quidem.', '67074e68-bc2f-442b-8af2-7d328b6af6eb', 'usr_5');
INSERT INTO trabalho.comentarios_podcast_usuario VALUES ('comment_5_1_2', 'Vitae esse quis ut sequi eius inventore.', '67074e68-bc2f-442b-8af2-7d328b6af6eb', 'usr_5');
INSERT INTO trabalho.comentarios_podcast_usuario VALUES ('comment_5_2_2', 'Quasi saepe repudiandae tempore aliquid.', '67074e68-bc2f-442b-8af2-7d328b6af6eb', 'usr_5');
INSERT INTO trabalho.comentarios_podcast_usuario VALUES ('comment_5_3_2', 'Ab cupiditate ut esse et suscipit autem.', '67074e68-bc2f-442b-8af2-7d328b6af6eb', 'usr_5');
INSERT INTO trabalho.log_acesso VALUES ('log_5_0_2', '67074e68-bc2f-442b-8af2-7d328b6af6eb', 'usr_5');
INSERT INTO trabalho.log_acesso VALUES ('log_5_1_2', '67074e68-bc2f-442b-8af2-7d328b6af6eb', 'usr_5');
INSERT INTO trabalho.log_acesso VALUES ('log_5_2_2', '67074e68-bc2f-442b-8af2-7d328b6af6eb', 'usr_5');
INSERT INTO trabalho.log_acesso VALUES ('log_5_3_2', '67074e68-bc2f-442b-8af2-7d328b6af6eb', 'usr_5');
INSERT INTO trabalho.usuario VALUES ('usr_6', '6_Antnio39@hotmail.com', 'Antônio Batista', 'male', 60, trabalho.hashPassword('Password123'), 'Costa Rica');
INSERT INTO trabalho.usuario_esta_inscrito_no_podcast VALUES (5, '67074e68-bc2f-442b-8af2-7d328b6af6eb', 'usr_6');
INSERT INTO trabalho.comentarios_podcast_usuario VALUES ('comment_6_0_0', 'Id numquam odio voluptate cupiditate ad dolores corrupti provident omnis.', '67074e68-bc2f-442b-8af2-7d328b6af6eb', 'usr_6');
INSERT INTO trabalho.comentarios_podcast_usuario VALUES ('comment_6_1_0', 'Sed ut inventore.', '67074e68-bc2f-442b-8af2-7d328b6af6eb', 'usr_6');
INSERT INTO trabalho.log_acesso VALUES ('log_6_0_0', '67074e68-bc2f-442b-8af2-7d328b6af6eb', 'usr_6');
INSERT INTO trabalho.log_acesso VALUES ('log_6_1_0', '67074e68-bc2f-442b-8af2-7d328b6af6eb', 'usr_6');
INSERT INTO trabalho.log_acesso VALUES ('log_6_2_0', '67074e68-bc2f-442b-8af2-7d328b6af6eb', 'usr_6');
INSERT INTO trabalho.log_acesso VALUES ('log_6_3_0', '67074e68-bc2f-442b-8af2-7d328b6af6eb', 'usr_6');
INSERT INTO trabalho.log_acesso VALUES ('log_6_4_0', '67074e68-bc2f-442b-8af2-7d328b6af6eb', 'usr_6');
INSERT INTO trabalho.log_acesso VALUES ('log_6_5_0', '67074e68-bc2f-442b-8af2-7d328b6af6eb', 'usr_6');
INSERT INTO trabalho.usuario_esta_inscrito_no_podcast VALUES (3, '5bdf7377-8330-4f9f-8efd-e95301c122ce', 'usr_6');
INSERT INTO trabalho.comentarios_podcast_usuario VALUES ('comment_6_0_1', 'Et aliquam quam recusandae sed laborum itaque.', '5bdf7377-8330-4f9f-8efd-e95301c122ce', 'usr_6');
INSERT INTO trabalho.comentarios_podcast_usuario VALUES ('comment_6_1_1', 'Nihil accusantium hic et.', '5bdf7377-8330-4f9f-8efd-e95301c122ce', 'usr_6');
INSERT INTO trabalho.comentarios_podcast_usuario VALUES ('comment_6_2_1', 'Praesentium vero autem quo nulla voluptates rerum autem delectus doloremque.', '5bdf7377-8330-4f9f-8efd-e95301c122ce', 'usr_6');
INSERT INTO trabalho.comentarios_podcast_usuario VALUES ('comment_6_3_1', 'Perspiciatis tempore ut.', '5bdf7377-8330-4f9f-8efd-e95301c122ce', 'usr_6');
INSERT INTO trabalho.log_acesso VALUES ('log_6_0_1', '5bdf7377-8330-4f9f-8efd-e95301c122ce', 'usr_6');
INSERT INTO trabalho.log_acesso VALUES ('log_6_1_1', '5bdf7377-8330-4f9f-8efd-e95301c122ce', 'usr_6');
INSERT INTO trabalho.log_acesso VALUES ('log_6_2_1', '5bdf7377-8330-4f9f-8efd-e95301c122ce', 'usr_6');
INSERT INTO trabalho.usuario_esta_inscrito_no_podcast VALUES (1, 'f8e13774-d631-4f34-93f0-2f5d55590265', 'usr_6');
INSERT INTO trabalho.comentarios_podcast_usuario VALUES ('comment_6_0_2', 'Nam ipsum odio amet eos dolores voluptates.', 'f8e13774-d631-4f34-93f0-2f5d55590265', 'usr_6');
INSERT INTO trabalho.comentarios_podcast_usuario VALUES ('comment_6_1_2', 'Quos dolorem laborum aut voluptate.', 'f8e13774-d631-4f34-93f0-2f5d55590265', 'usr_6');
INSERT INTO trabalho.comentarios_podcast_usuario VALUES ('comment_6_2_2', 'Incidunt sint minus.', 'f8e13774-d631-4f34-93f0-2f5d55590265', 'usr_6');
INSERT INTO trabalho.log_acesso VALUES ('log_6_0_2', 'f8e13774-d631-4f34-93f0-2f5d55590265', 'usr_6');
INSERT INTO trabalho.log_acesso VALUES ('log_6_1_2', 'f8e13774-d631-4f34-93f0-2f5d55590265', 'usr_6');
INSERT INTO trabalho.log_acesso VALUES ('log_6_2_2', 'f8e13774-d631-4f34-93f0-2f5d55590265', 'usr_6');
INSERT INTO trabalho.log_acesso VALUES ('log_6_3_2', 'f8e13774-d631-4f34-93f0-2f5d55590265', 'usr_6');
INSERT INTO trabalho.usuario VALUES ('usr_7', '7_Tertuliano28@hotmail.com', 'Tertuliano Costa', 'male', 23, trabalho.hashPassword('Password123'), 'Ilhas Geórgia do Sul e Sandwich do Sul');
INSERT INTO trabalho.usuario_esta_inscrito_no_podcast VALUES (2, '219328a1-cec6-4e8c-b003-52a3ec9766bb', 'usr_7');
INSERT INTO trabalho.comentarios_podcast_usuario VALUES ('comment_7_0_0', 'Quo quidem aut.', '219328a1-cec6-4e8c-b003-52a3ec9766bb', 'usr_7');
INSERT INTO trabalho.comentarios_podcast_usuario VALUES ('comment_7_1_0', 'Excepturi nobis reiciendis.', '219328a1-cec6-4e8c-b003-52a3ec9766bb', 'usr_7');
INSERT INTO trabalho.comentarios_podcast_usuario VALUES ('comment_7_2_0', 'Nobis eum ea reiciendis quam enim ipsa voluptas.', '219328a1-cec6-4e8c-b003-52a3ec9766bb', 'usr_7');
INSERT INTO trabalho.comentarios_podcast_usuario VALUES ('comment_7_3_0', 'Qui voluptatem et voluptatem dolores.', '219328a1-cec6-4e8c-b003-52a3ec9766bb', 'usr_7');
INSERT INTO trabalho.log_acesso VALUES ('log_7_0_0', '219328a1-cec6-4e8c-b003-52a3ec9766bb', 'usr_7');
INSERT INTO trabalho.log_acesso VALUES ('log_7_1_0', '219328a1-cec6-4e8c-b003-52a3ec9766bb', 'usr_7');
INSERT INTO trabalho.log_acesso VALUES ('log_7_2_0', '219328a1-cec6-4e8c-b003-52a3ec9766bb', 'usr_7');
INSERT INTO trabalho.usuario_esta_inscrito_no_podcast VALUES (3, 'af46a958-b921-47b6-9f87-5c4fdc68ea79', 'usr_7');
INSERT INTO trabalho.comentarios_podcast_usuario VALUES ('comment_7_0_1', 'Ducimus perferendis quia similique ipsam rerum nam quisquam.', 'af46a958-b921-47b6-9f87-5c4fdc68ea79', 'usr_7');
INSERT INTO trabalho.comentarios_podcast_usuario VALUES ('comment_7_1_1', 'Magni cum aut veritatis.', 'af46a958-b921-47b6-9f87-5c4fdc68ea79', 'usr_7');
INSERT INTO trabalho.comentarios_podcast_usuario VALUES ('comment_7_2_1', 'Harum aut dolorem quod sit mollitia.', 'af46a958-b921-47b6-9f87-5c4fdc68ea79', 'usr_7');
INSERT INTO trabalho.comentarios_podcast_usuario VALUES ('comment_7_3_1', 'Non architecto ullam iusto voluptates.', 'af46a958-b921-47b6-9f87-5c4fdc68ea79', 'usr_7');
INSERT INTO trabalho.log_acesso VALUES ('log_7_0_1', 'af46a958-b921-47b6-9f87-5c4fdc68ea79', 'usr_7');
INSERT INTO trabalho.log_acesso VALUES ('log_7_1_1', 'af46a958-b921-47b6-9f87-5c4fdc68ea79', 'usr_7');
INSERT INTO trabalho.usuario_esta_inscrito_no_podcast VALUES (1, '7e429e8e-7669-403d-bb78-3cd7f9f75afd', 'usr_7');
INSERT INTO trabalho.comentarios_podcast_usuario VALUES ('comment_7_0_2', 'Ut ut praesentium nobis nam ipsum.', '7e429e8e-7669-403d-bb78-3cd7f9f75afd', 'usr_7');
INSERT INTO trabalho.comentarios_podcast_usuario VALUES ('comment_7_1_2', 'Dolorem non qui ut nihil id iure corporis culpa.', '7e429e8e-7669-403d-bb78-3cd7f9f75afd', 'usr_7');
INSERT INTO trabalho.log_acesso VALUES ('log_7_0_2', '7e429e8e-7669-403d-bb78-3cd7f9f75afd', 'usr_7');
INSERT INTO trabalho.log_acesso VALUES ('log_7_1_2', '7e429e8e-7669-403d-bb78-3cd7f9f75afd', 'usr_7');
INSERT INTO trabalho.usuario VALUES ('usr_8', '8_Sarah62@live.com', 'Sarah Souza', 'female', 25, trabalho.hashPassword('Password123'), 'Eslovênia');
INSERT INTO trabalho.usuario_esta_inscrito_no_podcast VALUES (0, '5bdf7377-8330-4f9f-8efd-e95301c122ce', 'usr_8');
INSERT INTO trabalho.comentarios_podcast_usuario VALUES ('comment_8_0_0', 'At aut saepe ut nobis iste distinctio.', '5bdf7377-8330-4f9f-8efd-e95301c122ce', 'usr_8');
INSERT INTO trabalho.log_acesso VALUES ('log_8_0_0', '5bdf7377-8330-4f9f-8efd-e95301c122ce', 'usr_8');
INSERT INTO trabalho.log_acesso VALUES ('log_8_1_0', '5bdf7377-8330-4f9f-8efd-e95301c122ce', 'usr_8');
INSERT INTO trabalho.log_acesso VALUES ('log_8_2_0', '5bdf7377-8330-4f9f-8efd-e95301c122ce', 'usr_8');
INSERT INTO trabalho.log_acesso VALUES ('log_8_3_0', '5bdf7377-8330-4f9f-8efd-e95301c122ce', 'usr_8');
INSERT INTO trabalho.log_acesso VALUES ('log_8_4_0', '5bdf7377-8330-4f9f-8efd-e95301c122ce', 'usr_8');
INSERT INTO trabalho.usuario_esta_inscrito_no_podcast VALUES (4, 'fa3abe16-3645-4d22-a01d-893e6f20c408', 'usr_8');
INSERT INTO trabalho.comentarios_podcast_usuario VALUES ('comment_8_0_1', 'Voluptatem culpa quia occaecati sapiente nihil autem repellendus.', 'fa3abe16-3645-4d22-a01d-893e6f20c408', 'usr_8');
INSERT INTO trabalho.comentarios_podcast_usuario VALUES ('comment_8_1_1', 'Et facilis mollitia.', 'fa3abe16-3645-4d22-a01d-893e6f20c408', 'usr_8');
INSERT INTO trabalho.log_acesso VALUES ('log_8_0_1', 'fa3abe16-3645-4d22-a01d-893e6f20c408', 'usr_8');
INSERT INTO trabalho.log_acesso VALUES ('log_8_1_1', 'fa3abe16-3645-4d22-a01d-893e6f20c408', 'usr_8');
INSERT INTO trabalho.usuario_esta_inscrito_no_podcast VALUES (5, 'c58b280a-56d4-4ad8-8c85-730e4ea86361', 'usr_8');
INSERT INTO trabalho.comentarios_podcast_usuario VALUES ('comment_8_0_2', 'Consectetur explicabo harum qui rem iste.', 'c58b280a-56d4-4ad8-8c85-730e4ea86361', 'usr_8');
INSERT INTO trabalho.log_acesso VALUES ('log_8_0_2', 'c58b280a-56d4-4ad8-8c85-730e4ea86361', 'usr_8');
INSERT INTO trabalho.log_acesso VALUES ('log_8_1_2', 'c58b280a-56d4-4ad8-8c85-730e4ea86361', 'usr_8');
INSERT INTO trabalho.usuario VALUES ('usr_9', '9_Marli.Santos@hotmail.com', 'Marli Santos', 'female', 25, trabalho.hashPassword('Password123'), 'Botsuana');
INSERT INTO trabalho.usuario_esta_inscrito_no_podcast VALUES (3, 'fa3abe16-3645-4d22-a01d-893e6f20c408', 'usr_9');
INSERT INTO trabalho.comentarios_podcast_usuario VALUES ('comment_9_0_0', 'Esse quia soluta excepturi qui officia id sint adipisci.', 'fa3abe16-3645-4d22-a01d-893e6f20c408', 'usr_9');
INSERT INTO trabalho.comentarios_podcast_usuario VALUES ('comment_9_1_0', 'Repudiandae in aliquam unde quidem quas officiis et a at.', 'fa3abe16-3645-4d22-a01d-893e6f20c408', 'usr_9');
INSERT INTO trabalho.comentarios_podcast_usuario VALUES ('comment_9_2_0', 'Temporibus totam iusto quod iure et optio ut.', 'fa3abe16-3645-4d22-a01d-893e6f20c408', 'usr_9');
INSERT INTO trabalho.log_acesso VALUES ('log_9_0_0', 'fa3abe16-3645-4d22-a01d-893e6f20c408', 'usr_9');
INSERT INTO trabalho.log_acesso VALUES ('log_9_1_0', 'fa3abe16-3645-4d22-a01d-893e6f20c408', 'usr_9');
INSERT INTO trabalho.log_acesso VALUES ('log_9_2_0', 'fa3abe16-3645-4d22-a01d-893e6f20c408', 'usr_9');
INSERT INTO trabalho.log_acesso VALUES ('log_9_3_0', 'fa3abe16-3645-4d22-a01d-893e6f20c408', 'usr_9');
INSERT INTO trabalho.log_acesso VALUES ('log_9_4_0', 'fa3abe16-3645-4d22-a01d-893e6f20c408', 'usr_9');
INSERT INTO trabalho.usuario_esta_inscrito_no_podcast VALUES (0, 'de2f0ddb-9903-436a-a5e2-54224254c818', 'usr_9');
INSERT INTO trabalho.comentarios_podcast_usuario VALUES ('comment_9_0_1', 'Mollitia ipsa repudiandae.', 'de2f0ddb-9903-436a-a5e2-54224254c818', 'usr_9');
INSERT INTO trabalho.comentarios_podcast_usuario VALUES ('comment_9_1_1', 'Id enim quod ut earum quisquam suscipit sed.', 'de2f0ddb-9903-436a-a5e2-54224254c818', 'usr_9');
INSERT INTO trabalho.log_acesso VALUES ('log_9_0_1', 'de2f0ddb-9903-436a-a5e2-54224254c818', 'usr_9');
INSERT INTO trabalho.usuario_esta_inscrito_no_podcast VALUES (2, 'f0166bd2-8e4d-4308-b5d7-0b3d627c5dc5', 'usr_9');
INSERT INTO trabalho.comentarios_podcast_usuario VALUES ('comment_9_0_2', 'Mollitia sunt tempore aut.', 'f0166bd2-8e4d-4308-b5d7-0b3d627c5dc5', 'usr_9');
INSERT INTO trabalho.comentarios_podcast_usuario VALUES ('comment_9_1_2', 'Aut aliquam aliquam.', 'f0166bd2-8e4d-4308-b5d7-0b3d627c5dc5', 'usr_9');
INSERT INTO trabalho.comentarios_podcast_usuario VALUES ('comment_9_2_2', 'Labore porro cupiditate est.', 'f0166bd2-8e4d-4308-b5d7-0b3d627c5dc5', 'usr_9');
INSERT INTO trabalho.log_acesso VALUES ('log_9_0_2', 'f0166bd2-8e4d-4308-b5d7-0b3d627c5dc5', 'usr_9');
INSERT INTO trabalho.log_acesso VALUES ('log_9_1_2', 'f0166bd2-8e4d-4308-b5d7-0b3d627c5dc5', 'usr_9');
INSERT INTO trabalho.log_acesso VALUES ('log_9_2_2', 'f0166bd2-8e4d-4308-b5d7-0b3d627c5dc5', 'usr_9');
INSERT INTO trabalho.log_acesso VALUES ('log_9_3_2', 'f0166bd2-8e4d-4308-b5d7-0b3d627c5dc5', 'usr_9');
INSERT INTO trabalho.log_acesso VALUES ('log_9_4_2', 'f0166bd2-8e4d-4308-b5d7-0b3d627c5dc5', 'usr_9');
INSERT INTO trabalho.usuario VALUES ('usr_10', '10_Helena_Costa73@gmail.com', 'Helena Costa', 'female', 4, trabalho.hashPassword('Password123'), 'Brunei');
INSERT INTO trabalho.usuario_esta_inscrito_no_podcast VALUES (2, 'f0166bd2-8e4d-4308-b5d7-0b3d627c5dc5', 'usr_10');
INSERT INTO trabalho.comentarios_podcast_usuario VALUES ('comment_10_0_0', 'Temporibus suscipit voluptatem cupiditate.', 'f0166bd2-8e4d-4308-b5d7-0b3d627c5dc5', 'usr_10');
INSERT INTO trabalho.comentarios_podcast_usuario VALUES ('comment_10_1_0', 'Deserunt aspernatur placeat velit earum sint sint quis.', 'f0166bd2-8e4d-4308-b5d7-0b3d627c5dc5', 'usr_10');
INSERT INTO trabalho.comentarios_podcast_usuario VALUES ('comment_10_2_0', 'Iste natus molestiae nemo quae.', 'f0166bd2-8e4d-4308-b5d7-0b3d627c5dc5', 'usr_10');
INSERT INTO trabalho.log_acesso VALUES ('log_10_0_0', 'f0166bd2-8e4d-4308-b5d7-0b3d627c5dc5', 'usr_10');
INSERT INTO trabalho.log_acesso VALUES ('log_10_1_0', 'f0166bd2-8e4d-4308-b5d7-0b3d627c5dc5', 'usr_10');
INSERT INTO trabalho.log_acesso VALUES ('log_10_2_0', 'f0166bd2-8e4d-4308-b5d7-0b3d627c5dc5', 'usr_10');
INSERT INTO trabalho.log_acesso VALUES ('log_10_3_0', 'f0166bd2-8e4d-4308-b5d7-0b3d627c5dc5', 'usr_10');
INSERT INTO trabalho.usuario_esta_inscrito_no_podcast VALUES (3, '5bdf7377-8330-4f9f-8efd-e95301c122ce', 'usr_10');
INSERT INTO trabalho.comentarios_podcast_usuario VALUES ('comment_10_0_1', 'Nobis debitis ut et quia tempore.', '5bdf7377-8330-4f9f-8efd-e95301c122ce', 'usr_10');
INSERT INTO trabalho.log_acesso VALUES ('log_10_0_1', '5bdf7377-8330-4f9f-8efd-e95301c122ce', 'usr_10');
INSERT INTO trabalho.log_acesso VALUES ('log_10_1_1', '5bdf7377-8330-4f9f-8efd-e95301c122ce', 'usr_10');
INSERT INTO trabalho.log_acesso VALUES ('log_10_2_1', '5bdf7377-8330-4f9f-8efd-e95301c122ce', 'usr_10');
INSERT INTO trabalho.log_acesso VALUES ('log_10_3_1', '5bdf7377-8330-4f9f-8efd-e95301c122ce', 'usr_10');
INSERT INTO trabalho.usuario_esta_inscrito_no_podcast VALUES (0, '219328a1-cec6-4e8c-b003-52a3ec9766bb', 'usr_10');
INSERT INTO trabalho.comentarios_podcast_usuario VALUES ('comment_10_0_2', 'Quo nam beatae blanditiis pariatur ullam amet magnam.', '219328a1-cec6-4e8c-b003-52a3ec9766bb', 'usr_10');
INSERT INTO trabalho.comentarios_podcast_usuario VALUES ('comment_10_1_2', 'Rem perspiciatis quidem tenetur.', '219328a1-cec6-4e8c-b003-52a3ec9766bb', 'usr_10');
INSERT INTO trabalho.comentarios_podcast_usuario VALUES ('comment_10_2_2', 'Ab enim quia eos facere.', '219328a1-cec6-4e8c-b003-52a3ec9766bb', 'usr_10');
INSERT INTO trabalho.comentarios_podcast_usuario VALUES ('comment_10_3_2', 'Nobis numquam ducimus quibusdam doloremque suscipit.', '219328a1-cec6-4e8c-b003-52a3ec9766bb', 'usr_10');
INSERT INTO trabalho.log_acesso VALUES ('log_10_0_2', '219328a1-cec6-4e8c-b003-52a3ec9766bb', 'usr_10');
INSERT INTO trabalho.log_acesso VALUES ('log_10_1_2', '219328a1-cec6-4e8c-b003-52a3ec9766bb', 'usr_10');
INSERT INTO trabalho.log_acesso VALUES ('log_10_2_2', '219328a1-cec6-4e8c-b003-52a3ec9766bb', 'usr_10');
INSERT INTO trabalho.usuario VALUES ('usr_11', '11_Pietro58@bol.com.br', 'Pietro Carvalho', 'male', 46, trabalho.hashPassword('Password123'), 'Haiti');
INSERT INTO trabalho.usuario_esta_inscrito_no_podcast VALUES (5, 'fa3abe16-3645-4d22-a01d-893e6f20c408', 'usr_11');
INSERT INTO trabalho.comentarios_podcast_usuario VALUES ('comment_11_0_0', 'Et omnis rem voluptas animi.', 'fa3abe16-3645-4d22-a01d-893e6f20c408', 'usr_11');
INSERT INTO trabalho.comentarios_podcast_usuario VALUES ('comment_11_1_0', 'Vel cumque veniam deserunt impedit natus omnis odit ut quas.', 'fa3abe16-3645-4d22-a01d-893e6f20c408', 'usr_11');
INSERT INTO trabalho.log_acesso VALUES ('log_11_0_0', 'fa3abe16-3645-4d22-a01d-893e6f20c408', 'usr_11');
INSERT INTO trabalho.log_acesso VALUES ('log_11_1_0', 'fa3abe16-3645-4d22-a01d-893e6f20c408', 'usr_11');
INSERT INTO trabalho.usuario_esta_inscrito_no_podcast VALUES (5, '5bdf7377-8330-4f9f-8efd-e95301c122ce', 'usr_11');
INSERT INTO trabalho.comentarios_podcast_usuario VALUES ('comment_11_0_1', 'Dolores aut rerum sunt eveniet et optio tempore laudantium.', '5bdf7377-8330-4f9f-8efd-e95301c122ce', 'usr_11');
INSERT INTO trabalho.comentarios_podcast_usuario VALUES ('comment_11_1_1', 'Voluptatibus iure ut voluptates adipisci inventore nulla.', '5bdf7377-8330-4f9f-8efd-e95301c122ce', 'usr_11');
INSERT INTO trabalho.comentarios_podcast_usuario VALUES ('comment_11_2_1', 'Nulla eos libero ut voluptatem itaque praesentium sunt.', '5bdf7377-8330-4f9f-8efd-e95301c122ce', 'usr_11');
INSERT INTO trabalho.log_acesso VALUES ('log_11_0_1', '5bdf7377-8330-4f9f-8efd-e95301c122ce', 'usr_11');
INSERT INTO trabalho.log_acesso VALUES ('log_11_1_1', '5bdf7377-8330-4f9f-8efd-e95301c122ce', 'usr_11');
INSERT INTO trabalho.log_acesso VALUES ('log_11_2_1', '5bdf7377-8330-4f9f-8efd-e95301c122ce', 'usr_11');
INSERT INTO trabalho.usuario_esta_inscrito_no_podcast VALUES (5, '67074e68-bc2f-442b-8af2-7d328b6af6eb', 'usr_11');
INSERT INTO trabalho.comentarios_podcast_usuario VALUES ('comment_11_0_2', 'Sapiente sit aperiam sunt animi ratione voluptas.', '67074e68-bc2f-442b-8af2-7d328b6af6eb', 'usr_11');
INSERT INTO trabalho.log_acesso VALUES ('log_11_0_2', '67074e68-bc2f-442b-8af2-7d328b6af6eb', 'usr_11');
INSERT INTO trabalho.log_acesso VALUES ('log_11_1_2', '67074e68-bc2f-442b-8af2-7d328b6af6eb', 'usr_11');
INSERT INTO trabalho.usuario VALUES ('usr_12', '12_Davi.Pereira73@hotmail.com', 'Davi Pereira', 'male', 26, trabalho.hashPassword('Password123'), 'Ilhas Salomão');
INSERT INTO trabalho.usuario_esta_inscrito_no_podcast VALUES (2, 'af46a958-b921-47b6-9f87-5c4fdc68ea79', 'usr_12');
INSERT INTO trabalho.comentarios_podcast_usuario VALUES ('comment_12_0_0', 'Sint praesentium enim a at laboriosam quia nostrum est nisi.', 'af46a958-b921-47b6-9f87-5c4fdc68ea79', 'usr_12');
INSERT INTO trabalho.comentarios_podcast_usuario VALUES ('comment_12_1_0', 'Soluta labore tenetur sint at qui.', 'af46a958-b921-47b6-9f87-5c4fdc68ea79', 'usr_12');
INSERT INTO trabalho.comentarios_podcast_usuario VALUES ('comment_12_2_0', 'Est fugit esse rerum est repudiandae consequatur ut consequatur.', 'af46a958-b921-47b6-9f87-5c4fdc68ea79', 'usr_12');
INSERT INTO trabalho.comentarios_podcast_usuario VALUES ('comment_12_3_0', 'Reiciendis dolorem animi repellendus doloribus sint est.', 'af46a958-b921-47b6-9f87-5c4fdc68ea79', 'usr_12');
INSERT INTO trabalho.log_acesso VALUES ('log_12_0_0', 'af46a958-b921-47b6-9f87-5c4fdc68ea79', 'usr_12');
INSERT INTO trabalho.usuario_esta_inscrito_no_podcast VALUES (5, 'f1b92ce7-47a7-43cd-8586-4a09185cdd05', 'usr_12');
INSERT INTO trabalho.comentarios_podcast_usuario VALUES ('comment_12_0_1', 'Ipsa iusto adipisci aut soluta omnis atque vel aut.', 'f1b92ce7-47a7-43cd-8586-4a09185cdd05', 'usr_12');
INSERT INTO trabalho.comentarios_podcast_usuario VALUES ('comment_12_1_1', 'Veniam cumque velit ducimus excepturi.', 'f1b92ce7-47a7-43cd-8586-4a09185cdd05', 'usr_12');
INSERT INTO trabalho.comentarios_podcast_usuario VALUES ('comment_12_2_1', 'Consequuntur non doloremque numquam asperiores consequatur quos rerum esse.', 'f1b92ce7-47a7-43cd-8586-4a09185cdd05', 'usr_12');
INSERT INTO trabalho.comentarios_podcast_usuario VALUES ('comment_12_3_1', 'Odit a quasi suscipit beatae ipsum.', 'f1b92ce7-47a7-43cd-8586-4a09185cdd05', 'usr_12');
INSERT INTO trabalho.log_acesso VALUES ('log_12_0_1', 'f1b92ce7-47a7-43cd-8586-4a09185cdd05', 'usr_12');
INSERT INTO trabalho.log_acesso VALUES ('log_12_1_1', 'f1b92ce7-47a7-43cd-8586-4a09185cdd05', 'usr_12');
INSERT INTO trabalho.log_acesso VALUES ('log_12_2_1', 'f1b92ce7-47a7-43cd-8586-4a09185cdd05', 'usr_12');
INSERT INTO trabalho.log_acesso VALUES ('log_12_3_1', 'f1b92ce7-47a7-43cd-8586-4a09185cdd05', 'usr_12');
INSERT INTO trabalho.log_acesso VALUES ('log_12_4_1', 'f1b92ce7-47a7-43cd-8586-4a09185cdd05', 'usr_12');
INSERT INTO trabalho.log_acesso VALUES ('log_12_5_1', 'f1b92ce7-47a7-43cd-8586-4a09185cdd05', 'usr_12');
INSERT INTO trabalho.log_acesso VALUES ('log_12_6_1', 'f1b92ce7-47a7-43cd-8586-4a09185cdd05', 'usr_12');
INSERT INTO trabalho.usuario_esta_inscrito_no_podcast VALUES (0, '168c1536-4c42-4b8f-8c77-f06affefec6a', 'usr_12');
INSERT INTO trabalho.comentarios_podcast_usuario VALUES ('comment_12_0_2', 'Qui sunt ex modi id tenetur cum quae eveniet soluta.', '168c1536-4c42-4b8f-8c77-f06affefec6a', 'usr_12');
INSERT INTO trabalho.comentarios_podcast_usuario VALUES ('comment_12_1_2', 'Nam magni voluptatem ipsa temporibus sunt vel asperiores dolor ut.', '168c1536-4c42-4b8f-8c77-f06affefec6a', 'usr_12');
INSERT INTO trabalho.comentarios_podcast_usuario VALUES ('comment_12_2_2', 'Fuga quia maxime sed velit repellendus ut.', '168c1536-4c42-4b8f-8c77-f06affefec6a', 'usr_12');
INSERT INTO trabalho.log_acesso VALUES ('log_12_0_2', '168c1536-4c42-4b8f-8c77-f06affefec6a', 'usr_12');
INSERT INTO trabalho.log_acesso VALUES ('log_12_1_2', '168c1536-4c42-4b8f-8c77-f06affefec6a', 'usr_12');
INSERT INTO trabalho.log_acesso VALUES ('log_12_2_2', '168c1536-4c42-4b8f-8c77-f06affefec6a', 'usr_12');
INSERT INTO trabalho.log_acesso VALUES ('log_12_3_2', '168c1536-4c42-4b8f-8c77-f06affefec6a', 'usr_12');
INSERT INTO trabalho.log_acesso VALUES ('log_12_4_2', '168c1536-4c42-4b8f-8c77-f06affefec6a', 'usr_12');
INSERT INTO trabalho.log_acesso VALUES ('log_12_5_2', '168c1536-4c42-4b8f-8c77-f06affefec6a', 'usr_12');
INSERT INTO trabalho.usuario VALUES ('usr_13', '13_Nbia57@yahoo.com', 'Núbia Melo', 'female', 29, trabalho.hashPassword('Password123'), 'Bélgica');
INSERT INTO trabalho.usuario_esta_inscrito_no_podcast VALUES (2, '168c1536-4c42-4b8f-8c77-f06affefec6a', 'usr_13');
INSERT INTO trabalho.comentarios_podcast_usuario VALUES ('comment_13_0_0', 'Dolorem sunt occaecati sit.', '168c1536-4c42-4b8f-8c77-f06affefec6a', 'usr_13');
INSERT INTO trabalho.comentarios_podcast_usuario VALUES ('comment_13_1_0', 'Vitae et error.', '168c1536-4c42-4b8f-8c77-f06affefec6a', 'usr_13');
INSERT INTO trabalho.comentarios_podcast_usuario VALUES ('comment_13_2_0', 'Vitae dolorem tenetur est sed eveniet est culpa.', '168c1536-4c42-4b8f-8c77-f06affefec6a', 'usr_13');
INSERT INTO trabalho.log_acesso VALUES ('log_13_0_0', '168c1536-4c42-4b8f-8c77-f06affefec6a', 'usr_13');
INSERT INTO trabalho.usuario_esta_inscrito_no_podcast VALUES (1, 'f1b92ce7-47a7-43cd-8586-4a09185cdd05', 'usr_13');
INSERT INTO trabalho.comentarios_podcast_usuario VALUES ('comment_13_0_1', 'Libero est rerum veniam odit numquam autem impedit repellendus.', 'f1b92ce7-47a7-43cd-8586-4a09185cdd05', 'usr_13');
INSERT INTO trabalho.comentarios_podcast_usuario VALUES ('comment_13_1_1', 'Qui nesciunt corporis est nulla ad neque.', 'f1b92ce7-47a7-43cd-8586-4a09185cdd05', 'usr_13');
INSERT INTO trabalho.comentarios_podcast_usuario VALUES ('comment_13_2_1', 'Laboriosam optio voluptatem qui nam velit laudantium id recusandae cupiditate.', 'f1b92ce7-47a7-43cd-8586-4a09185cdd05', 'usr_13');
INSERT INTO trabalho.log_acesso VALUES ('log_13_0_1', 'f1b92ce7-47a7-43cd-8586-4a09185cdd05', 'usr_13');
INSERT INTO trabalho.log_acesso VALUES ('log_13_1_1', 'f1b92ce7-47a7-43cd-8586-4a09185cdd05', 'usr_13');
INSERT INTO trabalho.log_acesso VALUES ('log_13_2_1', 'f1b92ce7-47a7-43cd-8586-4a09185cdd05', 'usr_13');
INSERT INTO trabalho.log_acesso VALUES ('log_13_3_1', 'f1b92ce7-47a7-43cd-8586-4a09185cdd05', 'usr_13');
INSERT INTO trabalho.log_acesso VALUES ('log_13_4_1', 'f1b92ce7-47a7-43cd-8586-4a09185cdd05', 'usr_13');
INSERT INTO trabalho.usuario_esta_inscrito_no_podcast VALUES (5, 'af46a958-b921-47b6-9f87-5c4fdc68ea79', 'usr_13');
INSERT INTO trabalho.comentarios_podcast_usuario VALUES ('comment_13_0_2', 'Tempora perferendis facere quos animi est dolor.', 'af46a958-b921-47b6-9f87-5c4fdc68ea79', 'usr_13');
INSERT INTO trabalho.comentarios_podcast_usuario VALUES ('comment_13_1_2', 'Est perferendis vel aut aut.', 'af46a958-b921-47b6-9f87-5c4fdc68ea79', 'usr_13');
INSERT INTO trabalho.comentarios_podcast_usuario VALUES ('comment_13_2_2', 'Accusantium qui eum sed corporis qui fugit.', 'af46a958-b921-47b6-9f87-5c4fdc68ea79', 'usr_13');
INSERT INTO trabalho.log_acesso VALUES ('log_13_0_2', 'af46a958-b921-47b6-9f87-5c4fdc68ea79', 'usr_13');
INSERT INTO trabalho.log_acesso VALUES ('log_13_1_2', 'af46a958-b921-47b6-9f87-5c4fdc68ea79', 'usr_13');
INSERT INTO trabalho.log_acesso VALUES ('log_13_2_2', 'af46a958-b921-47b6-9f87-5c4fdc68ea79', 'usr_13');
INSERT INTO trabalho.log_acesso VALUES ('log_13_3_2', 'af46a958-b921-47b6-9f87-5c4fdc68ea79', 'usr_13');
INSERT INTO trabalho.usuario VALUES ('usr_14', '14_Carlos_Nogueira85@live.com', 'Carlos Nogueira', 'male', 39, trabalho.hashPassword('Password123'), 'Gâmbia');
INSERT INTO trabalho.usuario_esta_inscrito_no_podcast VALUES (4, 'f0166bd2-8e4d-4308-b5d7-0b3d627c5dc5', 'usr_14');
INSERT INTO trabalho.comentarios_podcast_usuario VALUES ('comment_14_0_0', 'Animi excepturi ratione eaque qui et id.', 'f0166bd2-8e4d-4308-b5d7-0b3d627c5dc5', 'usr_14');
INSERT INTO trabalho.comentarios_podcast_usuario VALUES ('comment_14_1_0', 'Eum architecto illum qui adipisci consectetur eum aut.', 'f0166bd2-8e4d-4308-b5d7-0b3d627c5dc5', 'usr_14');
INSERT INTO trabalho.comentarios_podcast_usuario VALUES ('comment_14_2_0', 'Aut ratione veritatis ut et eos minima et ut sit.', 'f0166bd2-8e4d-4308-b5d7-0b3d627c5dc5', 'usr_14');
INSERT INTO trabalho.log_acesso VALUES ('log_14_0_0', 'f0166bd2-8e4d-4308-b5d7-0b3d627c5dc5', 'usr_14');
INSERT INTO trabalho.log_acesso VALUES ('log_14_1_0', 'f0166bd2-8e4d-4308-b5d7-0b3d627c5dc5', 'usr_14');
INSERT INTO trabalho.log_acesso VALUES ('log_14_2_0', 'f0166bd2-8e4d-4308-b5d7-0b3d627c5dc5', 'usr_14');
INSERT INTO trabalho.log_acesso VALUES ('log_14_3_0', 'f0166bd2-8e4d-4308-b5d7-0b3d627c5dc5', 'usr_14');
INSERT INTO trabalho.usuario_esta_inscrito_no_podcast VALUES (4, '5bdf7377-8330-4f9f-8efd-e95301c122ce', 'usr_14');
INSERT INTO trabalho.comentarios_podcast_usuario VALUES ('comment_14_0_1', 'Eum quaerat quis amet quidem ex ipsam rerum.', '5bdf7377-8330-4f9f-8efd-e95301c122ce', 'usr_14');
INSERT INTO trabalho.comentarios_podcast_usuario VALUES ('comment_14_1_1', 'Quod dolorem earum.', '5bdf7377-8330-4f9f-8efd-e95301c122ce', 'usr_14');
INSERT INTO trabalho.comentarios_podcast_usuario VALUES ('comment_14_2_1', 'Inventore et dolores laudantium dolore quas magnam voluptate commodi quo.', '5bdf7377-8330-4f9f-8efd-e95301c122ce', 'usr_14');
INSERT INTO trabalho.comentarios_podcast_usuario VALUES ('comment_14_3_1', 'Et voluptas non.', '5bdf7377-8330-4f9f-8efd-e95301c122ce', 'usr_14');
INSERT INTO trabalho.log_acesso VALUES ('log_14_0_1', '5bdf7377-8330-4f9f-8efd-e95301c122ce', 'usr_14');
INSERT INTO trabalho.log_acesso VALUES ('log_14_1_1', '5bdf7377-8330-4f9f-8efd-e95301c122ce', 'usr_14');
INSERT INTO trabalho.usuario_esta_inscrito_no_podcast VALUES (1, 'f1b92ce7-47a7-43cd-8586-4a09185cdd05', 'usr_14');
INSERT INTO trabalho.comentarios_podcast_usuario VALUES ('comment_14_0_2', 'Veniam est officia et quisquam consequuntur consequatur et est.', 'f1b92ce7-47a7-43cd-8586-4a09185cdd05', 'usr_14');
INSERT INTO trabalho.log_acesso VALUES ('log_14_0_2', 'f1b92ce7-47a7-43cd-8586-4a09185cdd05', 'usr_14');
INSERT INTO trabalho.log_acesso VALUES ('log_14_1_2', 'f1b92ce7-47a7-43cd-8586-4a09185cdd05', 'usr_14');
INSERT INTO trabalho.log_acesso VALUES ('log_14_2_2', 'f1b92ce7-47a7-43cd-8586-4a09185cdd05', 'usr_14');
INSERT INTO trabalho.log_acesso VALUES ('log_14_3_2', 'f1b92ce7-47a7-43cd-8586-4a09185cdd05', 'usr_14');
INSERT INTO trabalho.usuario VALUES ('usr_15', '15_Henrique59@hotmail.com', 'Henrique Albuquerque', 'male', 35, trabalho.hashPassword('Password123'), 'Luxemburgo');
INSERT INTO trabalho.usuario_esta_inscrito_no_podcast VALUES (0, 'f0166bd2-8e4d-4308-b5d7-0b3d627c5dc5', 'usr_15');
INSERT INTO trabalho.comentarios_podcast_usuario VALUES ('comment_15_0_0', 'Eum nihil rem vel dolorem velit ipsum doloribus.', 'f0166bd2-8e4d-4308-b5d7-0b3d627c5dc5', 'usr_15');
INSERT INTO trabalho.log_acesso VALUES ('log_15_0_0', 'f0166bd2-8e4d-4308-b5d7-0b3d627c5dc5', 'usr_15');
INSERT INTO trabalho.log_acesso VALUES ('log_15_1_0', 'f0166bd2-8e4d-4308-b5d7-0b3d627c5dc5', 'usr_15');
INSERT INTO trabalho.log_acesso VALUES ('log_15_2_0', 'f0166bd2-8e4d-4308-b5d7-0b3d627c5dc5', 'usr_15');
INSERT INTO trabalho.usuario_esta_inscrito_no_podcast VALUES (1, 'b553d865-8fe2-47de-9a30-10e1dea3bd1d', 'usr_15');
INSERT INTO trabalho.comentarios_podcast_usuario VALUES ('comment_15_0_1', 'Optio ipsum esse molestiae possimus consequatur dignissimos libero quasi.', 'b553d865-8fe2-47de-9a30-10e1dea3bd1d', 'usr_15');
INSERT INTO trabalho.comentarios_podcast_usuario VALUES ('comment_15_1_1', 'Voluptatem delectus placeat.', 'b553d865-8fe2-47de-9a30-10e1dea3bd1d', 'usr_15');
INSERT INTO trabalho.comentarios_podcast_usuario VALUES ('comment_15_2_1', 'Esse et laudantium et.', 'b553d865-8fe2-47de-9a30-10e1dea3bd1d', 'usr_15');
INSERT INTO trabalho.comentarios_podcast_usuario VALUES ('comment_15_3_1', 'Quo rerum accusamus aliquid.', 'b553d865-8fe2-47de-9a30-10e1dea3bd1d', 'usr_15');
INSERT INTO trabalho.log_acesso VALUES ('log_15_0_1', 'b553d865-8fe2-47de-9a30-10e1dea3bd1d', 'usr_15');
INSERT INTO trabalho.log_acesso VALUES ('log_15_1_1', 'b553d865-8fe2-47de-9a30-10e1dea3bd1d', 'usr_15');
INSERT INTO trabalho.log_acesso VALUES ('log_15_2_1', 'b553d865-8fe2-47de-9a30-10e1dea3bd1d', 'usr_15');
INSERT INTO trabalho.usuario_esta_inscrito_no_podcast VALUES (0, 'af46a958-b921-47b6-9f87-5c4fdc68ea79', 'usr_15');
INSERT INTO trabalho.comentarios_podcast_usuario VALUES ('comment_15_0_2', 'Voluptatem reiciendis itaque maiores esse aut tenetur maxime quo.', 'af46a958-b921-47b6-9f87-5c4fdc68ea79', 'usr_15');
INSERT INTO trabalho.comentarios_podcast_usuario VALUES ('comment_15_1_2', 'Cum odio consequuntur.', 'af46a958-b921-47b6-9f87-5c4fdc68ea79', 'usr_15');
INSERT INTO trabalho.comentarios_podcast_usuario VALUES ('comment_15_2_2', 'Voluptas sit atque aut voluptatum ullam.', 'af46a958-b921-47b6-9f87-5c4fdc68ea79', 'usr_15');
INSERT INTO trabalho.comentarios_podcast_usuario VALUES ('comment_15_3_2', 'Facilis et ab enim omnis.', 'af46a958-b921-47b6-9f87-5c4fdc68ea79', 'usr_15');
INSERT INTO trabalho.log_acesso VALUES ('log_15_0_2', 'af46a958-b921-47b6-9f87-5c4fdc68ea79', 'usr_15');
INSERT INTO trabalho.log_acesso VALUES ('log_15_1_2', 'af46a958-b921-47b6-9f87-5c4fdc68ea79', 'usr_15');
INSERT INTO trabalho.usuario VALUES ('usr_16', '16_MariaAlice_Barros77@bol.com.br', 'Maria Alice Barros', 'female', 20, trabalho.hashPassword('Password123'), 'Haiti');
INSERT INTO trabalho.usuario_esta_inscrito_no_podcast VALUES (3, 'f8e13774-d631-4f34-93f0-2f5d55590265', 'usr_16');
INSERT INTO trabalho.comentarios_podcast_usuario VALUES ('comment_16_0_0', 'Temporibus perferendis aspernatur optio ad nam sequi nesciunt.', 'f8e13774-d631-4f34-93f0-2f5d55590265', 'usr_16');
INSERT INTO trabalho.comentarios_podcast_usuario VALUES ('comment_16_1_0', 'Dicta quia adipisci hic distinctio possimus cupiditate doloribus.', 'f8e13774-d631-4f34-93f0-2f5d55590265', 'usr_16');
INSERT INTO trabalho.log_acesso VALUES ('log_16_0_0', 'f8e13774-d631-4f34-93f0-2f5d55590265', 'usr_16');
INSERT INTO trabalho.log_acesso VALUES ('log_16_1_0', 'f8e13774-d631-4f34-93f0-2f5d55590265', 'usr_16');
INSERT INTO trabalho.log_acesso VALUES ('log_16_2_0', 'f8e13774-d631-4f34-93f0-2f5d55590265', 'usr_16');
INSERT INTO trabalho.log_acesso VALUES ('log_16_3_0', 'f8e13774-d631-4f34-93f0-2f5d55590265', 'usr_16');
INSERT INTO trabalho.log_acesso VALUES ('log_16_4_0', 'f8e13774-d631-4f34-93f0-2f5d55590265', 'usr_16');
INSERT INTO trabalho.log_acesso VALUES ('log_16_5_0', 'f8e13774-d631-4f34-93f0-2f5d55590265', 'usr_16');
INSERT INTO trabalho.log_acesso VALUES ('log_16_6_0', 'f8e13774-d631-4f34-93f0-2f5d55590265', 'usr_16');
INSERT INTO trabalho.usuario_esta_inscrito_no_podcast VALUES (5, '7e429e8e-7669-403d-bb78-3cd7f9f75afd', 'usr_16');
INSERT INTO trabalho.comentarios_podcast_usuario VALUES ('comment_16_0_1', 'Omnis sed natus quisquam qui et sit et aliquid dolorum.', '7e429e8e-7669-403d-bb78-3cd7f9f75afd', 'usr_16');
INSERT INTO trabalho.comentarios_podcast_usuario VALUES ('comment_16_1_1', 'Accusamus magnam perferendis quia in officia incidunt quas molestiae commodi.', '7e429e8e-7669-403d-bb78-3cd7f9f75afd', 'usr_16');
INSERT INTO trabalho.log_acesso VALUES ('log_16_0_1', '7e429e8e-7669-403d-bb78-3cd7f9f75afd', 'usr_16');
INSERT INTO trabalho.log_acesso VALUES ('log_16_1_1', '7e429e8e-7669-403d-bb78-3cd7f9f75afd', 'usr_16');
INSERT INTO trabalho.usuario_esta_inscrito_no_podcast VALUES (3, 'fa3abe16-3645-4d22-a01d-893e6f20c408', 'usr_16');
INSERT INTO trabalho.comentarios_podcast_usuario VALUES ('comment_16_0_2', 'Ut natus corrupti dolor aut nihil qui sint et.', 'fa3abe16-3645-4d22-a01d-893e6f20c408', 'usr_16');
INSERT INTO trabalho.comentarios_podcast_usuario VALUES ('comment_16_1_2', 'Est consectetur rerum repudiandae illum et laborum non nesciunt fuga.', 'fa3abe16-3645-4d22-a01d-893e6f20c408', 'usr_16');
INSERT INTO trabalho.comentarios_podcast_usuario VALUES ('comment_16_2_2', 'Soluta sint laudantium accusamus debitis veritatis qui eligendi officiis aut.', 'fa3abe16-3645-4d22-a01d-893e6f20c408', 'usr_16');
INSERT INTO trabalho.comentarios_podcast_usuario VALUES ('comment_16_3_2', 'Facere consequatur et dignissimos hic totam qui.', 'fa3abe16-3645-4d22-a01d-893e6f20c408', 'usr_16');
INSERT INTO trabalho.log_acesso VALUES ('log_16_0_2', 'fa3abe16-3645-4d22-a01d-893e6f20c408', 'usr_16');
INSERT INTO trabalho.log_acesso VALUES ('log_16_1_2', 'fa3abe16-3645-4d22-a01d-893e6f20c408', 'usr_16');
INSERT INTO trabalho.log_acesso VALUES ('log_16_2_2', 'fa3abe16-3645-4d22-a01d-893e6f20c408', 'usr_16');
INSERT INTO trabalho.log_acesso VALUES ('log_16_3_2', 'fa3abe16-3645-4d22-a01d-893e6f20c408', 'usr_16');
INSERT INTO trabalho.usuario VALUES ('usr_17', '17_Gbio80@bol.com.br', 'Gúbio Moreira', 'male', 21, trabalho.hashPassword('Password123'), 'Rússia');
INSERT INTO trabalho.usuario_esta_inscrito_no_podcast VALUES (1, 'b553d865-8fe2-47de-9a30-10e1dea3bd1d', 'usr_17');
INSERT INTO trabalho.comentarios_podcast_usuario VALUES ('comment_17_0_0', 'Vitae natus et non beatae quidem et.', 'b553d865-8fe2-47de-9a30-10e1dea3bd1d', 'usr_17');
INSERT INTO trabalho.comentarios_podcast_usuario VALUES ('comment_17_1_0', 'Eos nihil ut aliquid harum.', 'b553d865-8fe2-47de-9a30-10e1dea3bd1d', 'usr_17');
INSERT INTO trabalho.comentarios_podcast_usuario VALUES ('comment_17_2_0', 'Ipsa et ducimus deleniti tenetur vel.', 'b553d865-8fe2-47de-9a30-10e1dea3bd1d', 'usr_17');
INSERT INTO trabalho.log_acesso VALUES ('log_17_0_0', 'b553d865-8fe2-47de-9a30-10e1dea3bd1d', 'usr_17');
INSERT INTO trabalho.usuario_esta_inscrito_no_podcast VALUES (1, 'af46a958-b921-47b6-9f87-5c4fdc68ea79', 'usr_17');
INSERT INTO trabalho.comentarios_podcast_usuario VALUES ('comment_17_0_1', 'Ut sit explicabo quia consequatur.', 'af46a958-b921-47b6-9f87-5c4fdc68ea79', 'usr_17');
INSERT INTO trabalho.comentarios_podcast_usuario VALUES ('comment_17_1_1', 'Mollitia et et nostrum tenetur aut dolores ipsum sequi.', 'af46a958-b921-47b6-9f87-5c4fdc68ea79', 'usr_17');
INSERT INTO trabalho.comentarios_podcast_usuario VALUES ('comment_17_2_1', 'Id earum provident mollitia sapiente expedita.', 'af46a958-b921-47b6-9f87-5c4fdc68ea79', 'usr_17');
INSERT INTO trabalho.comentarios_podcast_usuario VALUES ('comment_17_3_1', 'Cumque molestias sunt.', 'af46a958-b921-47b6-9f87-5c4fdc68ea79', 'usr_17');
INSERT INTO trabalho.comentarios_podcast_usuario VALUES ('comment_17_4_1', 'Et ipsum neque accusamus minus.', 'af46a958-b921-47b6-9f87-5c4fdc68ea79', 'usr_17');
INSERT INTO trabalho.log_acesso VALUES ('log_17_0_1', 'af46a958-b921-47b6-9f87-5c4fdc68ea79', 'usr_17');
INSERT INTO trabalho.log_acesso VALUES ('log_17_1_1', 'af46a958-b921-47b6-9f87-5c4fdc68ea79', 'usr_17');
INSERT INTO trabalho.log_acesso VALUES ('log_17_2_1', 'af46a958-b921-47b6-9f87-5c4fdc68ea79', 'usr_17');
INSERT INTO trabalho.log_acesso VALUES ('log_17_3_1', 'af46a958-b921-47b6-9f87-5c4fdc68ea79', 'usr_17');
INSERT INTO trabalho.usuario_esta_inscrito_no_podcast VALUES (3, 'fa3abe16-3645-4d22-a01d-893e6f20c408', 'usr_17');
INSERT INTO trabalho.comentarios_podcast_usuario VALUES ('comment_17_0_2', 'Et laborum earum.', 'fa3abe16-3645-4d22-a01d-893e6f20c408', 'usr_17');
INSERT INTO trabalho.comentarios_podcast_usuario VALUES ('comment_17_1_2', 'Eveniet laboriosam et magnam nesciunt unde.', 'fa3abe16-3645-4d22-a01d-893e6f20c408', 'usr_17');
INSERT INTO trabalho.comentarios_podcast_usuario VALUES ('comment_17_2_2', 'Enim doloribus voluptatem.', 'fa3abe16-3645-4d22-a01d-893e6f20c408', 'usr_17');
INSERT INTO trabalho.log_acesso VALUES ('log_17_0_2', 'fa3abe16-3645-4d22-a01d-893e6f20c408', 'usr_17');
INSERT INTO trabalho.usuario VALUES ('usr_18', '18_PedroHenrique_Oliveira40@gmail.com', 'Pedro Henrique Oliveira', 'male', 43, trabalho.hashPassword('Password123'), 'Austrália');
INSERT INTO trabalho.usuario_esta_inscrito_no_podcast VALUES (5, '7e429e8e-7669-403d-bb78-3cd7f9f75afd', 'usr_18');
INSERT INTO trabalho.comentarios_podcast_usuario VALUES ('comment_18_0_0', 'Enim dolorum quaerat et sit dolor eius sed.', '7e429e8e-7669-403d-bb78-3cd7f9f75afd', 'usr_18');
INSERT INTO trabalho.comentarios_podcast_usuario VALUES ('comment_18_1_0', 'Ad impedit dignissimos ipsa officia quis nobis.', '7e429e8e-7669-403d-bb78-3cd7f9f75afd', 'usr_18');
INSERT INTO trabalho.log_acesso VALUES ('log_18_0_0', '7e429e8e-7669-403d-bb78-3cd7f9f75afd', 'usr_18');
INSERT INTO trabalho.log_acesso VALUES ('log_18_1_0', '7e429e8e-7669-403d-bb78-3cd7f9f75afd', 'usr_18');
INSERT INTO trabalho.usuario_esta_inscrito_no_podcast VALUES (0, 'c58b280a-56d4-4ad8-8c85-730e4ea86361', 'usr_18');
INSERT INTO trabalho.comentarios_podcast_usuario VALUES ('comment_18_0_1', 'Voluptatum quia est libero.', 'c58b280a-56d4-4ad8-8c85-730e4ea86361', 'usr_18');
INSERT INTO trabalho.log_acesso VALUES ('log_18_0_1', 'c58b280a-56d4-4ad8-8c85-730e4ea86361', 'usr_18');
INSERT INTO trabalho.usuario_esta_inscrito_no_podcast VALUES (2, 'af46a958-b921-47b6-9f87-5c4fdc68ea79', 'usr_18');
INSERT INTO trabalho.comentarios_podcast_usuario VALUES ('comment_18_0_2', 'Cupiditate ut corrupti aut voluptatibus culpa sit.', 'af46a958-b921-47b6-9f87-5c4fdc68ea79', 'usr_18');
INSERT INTO trabalho.log_acesso VALUES ('log_18_0_2', 'af46a958-b921-47b6-9f87-5c4fdc68ea79', 'usr_18');
INSERT INTO trabalho.log_acesso VALUES ('log_18_1_2', 'af46a958-b921-47b6-9f87-5c4fdc68ea79', 'usr_18');
INSERT INTO trabalho.log_acesso VALUES ('log_18_2_2', 'af46a958-b921-47b6-9f87-5c4fdc68ea79', 'usr_18');
INSERT INTO trabalho.log_acesso VALUES ('log_18_3_2', 'af46a958-b921-47b6-9f87-5c4fdc68ea79', 'usr_18');
INSERT INTO trabalho.log_acesso VALUES ('log_18_4_2', 'af46a958-b921-47b6-9f87-5c4fdc68ea79', 'usr_18');
INSERT INTO trabalho.log_acesso VALUES ('log_18_5_2', 'af46a958-b921-47b6-9f87-5c4fdc68ea79', 'usr_18');
INSERT INTO trabalho.log_acesso VALUES ('log_18_6_2', 'af46a958-b921-47b6-9f87-5c4fdc68ea79', 'usr_18');
INSERT INTO trabalho.usuario VALUES ('usr_19', '19_Luiza_Martins@live.com', 'Luiza Martins', 'female', 14, trabalho.hashPassword('Password123'), 'Cuba');
INSERT INTO trabalho.usuario_esta_inscrito_no_podcast VALUES (2, 'bc8dac25-793c-4a96-aafc-4ea7020f4f60', 'usr_19');
INSERT INTO trabalho.comentarios_podcast_usuario VALUES ('comment_19_0_0', 'Cum ratione atque distinctio voluptatem qui nemo perferendis numquam.', 'bc8dac25-793c-4a96-aafc-4ea7020f4f60', 'usr_19');
INSERT INTO trabalho.log_acesso VALUES ('log_19_0_0', 'bc8dac25-793c-4a96-aafc-4ea7020f4f60', 'usr_19');
INSERT INTO trabalho.log_acesso VALUES ('log_19_1_0', 'bc8dac25-793c-4a96-aafc-4ea7020f4f60', 'usr_19');
INSERT INTO trabalho.usuario_esta_inscrito_no_podcast VALUES (2, 'af46a958-b921-47b6-9f87-5c4fdc68ea79', 'usr_19');
INSERT INTO trabalho.comentarios_podcast_usuario VALUES ('comment_19_0_1', 'Tempora dolorem sed velit.', 'af46a958-b921-47b6-9f87-5c4fdc68ea79', 'usr_19');
INSERT INTO trabalho.comentarios_podcast_usuario VALUES ('comment_19_1_1', 'Praesentium illo omnis ut qui qui dolor.', 'af46a958-b921-47b6-9f87-5c4fdc68ea79', 'usr_19');
INSERT INTO trabalho.log_acesso VALUES ('log_19_0_1', 'af46a958-b921-47b6-9f87-5c4fdc68ea79', 'usr_19');
INSERT INTO trabalho.usuario_esta_inscrito_no_podcast VALUES (1, '168c1536-4c42-4b8f-8c77-f06affefec6a', 'usr_19');
INSERT INTO trabalho.comentarios_podcast_usuario VALUES ('comment_19_0_2', 'Cum animi error dolorem odit aut et.', '168c1536-4c42-4b8f-8c77-f06affefec6a', 'usr_19');
INSERT INTO trabalho.comentarios_podcast_usuario VALUES ('comment_19_1_2', 'Repellendus dolore odio ab maiores maiores.', '168c1536-4c42-4b8f-8c77-f06affefec6a', 'usr_19');
INSERT INTO trabalho.comentarios_podcast_usuario VALUES ('comment_19_2_2', 'Est tempora ullam eaque aspernatur omnis ea.', '168c1536-4c42-4b8f-8c77-f06affefec6a', 'usr_19');
INSERT INTO trabalho.comentarios_podcast_usuario VALUES ('comment_19_3_2', 'Excepturi architecto provident fugit ipsam quidem exercitationem.', '168c1536-4c42-4b8f-8c77-f06affefec6a', 'usr_19');
INSERT INTO trabalho.comentarios_podcast_usuario VALUES ('comment_19_4_2', 'Omnis id cum rem.', '168c1536-4c42-4b8f-8c77-f06affefec6a', 'usr_19');
INSERT INTO trabalho.comentarios_podcast_usuario VALUES ('comment_19_5_2', 'Veritatis ipsum qui voluptas ut iusto mollitia ratione soluta quidem.', '168c1536-4c42-4b8f-8c77-f06affefec6a', 'usr_19');
INSERT INTO trabalho.log_acesso VALUES ('log_19_0_2', '168c1536-4c42-4b8f-8c77-f06affefec6a', 'usr_19');
INSERT INTO trabalho.usuario VALUES ('usr_20', '20_Caio.Oliveira9@gmail.com', 'Caio Oliveira', 'male', 57, trabalho.hashPassword('Password123'), 'Micronésia');
INSERT INTO trabalho.usuario_esta_inscrito_no_podcast VALUES (0, 'f0166bd2-8e4d-4308-b5d7-0b3d627c5dc5', 'usr_20');
INSERT INTO trabalho.comentarios_podcast_usuario VALUES ('comment_20_0_0', 'Non rem omnis debitis atque neque.', 'f0166bd2-8e4d-4308-b5d7-0b3d627c5dc5', 'usr_20');
INSERT INTO trabalho.comentarios_podcast_usuario VALUES ('comment_20_1_0', 'Sunt voluptas voluptas rerum molestias.', 'f0166bd2-8e4d-4308-b5d7-0b3d627c5dc5', 'usr_20');
INSERT INTO trabalho.log_acesso VALUES ('log_20_0_0', 'f0166bd2-8e4d-4308-b5d7-0b3d627c5dc5', 'usr_20');
INSERT INTO trabalho.log_acesso VALUES ('log_20_1_0', 'f0166bd2-8e4d-4308-b5d7-0b3d627c5dc5', 'usr_20');
INSERT INTO trabalho.log_acesso VALUES ('log_20_2_0', 'f0166bd2-8e4d-4308-b5d7-0b3d627c5dc5', 'usr_20');
INSERT INTO trabalho.usuario_esta_inscrito_no_podcast VALUES (1, 'f1b92ce7-47a7-43cd-8586-4a09185cdd05', 'usr_20');
INSERT INTO trabalho.comentarios_podcast_usuario VALUES ('comment_20_0_1', 'Consequuntur omnis non omnis architecto dolor mollitia ipsam fugiat suscipit.', 'f1b92ce7-47a7-43cd-8586-4a09185cdd05', 'usr_20');
INSERT INTO trabalho.comentarios_podcast_usuario VALUES ('comment_20_1_1', 'Deserunt deserunt et ad maiores atque nesciunt ab sit blanditiis.', 'f1b92ce7-47a7-43cd-8586-4a09185cdd05', 'usr_20');
INSERT INTO trabalho.comentarios_podcast_usuario VALUES ('comment_20_2_1', 'Voluptatem soluta id natus amet sit.', 'f1b92ce7-47a7-43cd-8586-4a09185cdd05', 'usr_20');
INSERT INTO trabalho.comentarios_podcast_usuario VALUES ('comment_20_3_1', 'Magni et est ut excepturi fuga.', 'f1b92ce7-47a7-43cd-8586-4a09185cdd05', 'usr_20');
INSERT INTO trabalho.comentarios_podcast_usuario VALUES ('comment_20_4_1', 'Enim assumenda voluptates facere suscipit commodi.', 'f1b92ce7-47a7-43cd-8586-4a09185cdd05', 'usr_20');
INSERT INTO trabalho.comentarios_podcast_usuario VALUES ('comment_20_5_1', 'Quo itaque aspernatur ea eveniet qui a qui commodi.', 'f1b92ce7-47a7-43cd-8586-4a09185cdd05', 'usr_20');
INSERT INTO trabalho.log_acesso VALUES ('log_20_0_1', 'f1b92ce7-47a7-43cd-8586-4a09185cdd05', 'usr_20');
INSERT INTO trabalho.log_acesso VALUES ('log_20_1_1', 'f1b92ce7-47a7-43cd-8586-4a09185cdd05', 'usr_20');
INSERT INTO trabalho.usuario_esta_inscrito_no_podcast VALUES (0, 'de2f0ddb-9903-436a-a5e2-54224254c818', 'usr_20');
INSERT INTO trabalho.comentarios_podcast_usuario VALUES ('comment_20_0_2', 'Deserunt ab similique repellendus maxime quam fugiat omnis.', 'de2f0ddb-9903-436a-a5e2-54224254c818', 'usr_20');
INSERT INTO trabalho.comentarios_podcast_usuario VALUES ('comment_20_1_2', 'Ea ipsa dolore illum adipisci rem perspiciatis.', 'de2f0ddb-9903-436a-a5e2-54224254c818', 'usr_20');
INSERT INTO trabalho.comentarios_podcast_usuario VALUES ('comment_20_2_2', 'Dolorem occaecati perspiciatis recusandae.', 'de2f0ddb-9903-436a-a5e2-54224254c818', 'usr_20');
INSERT INTO trabalho.comentarios_podcast_usuario VALUES ('comment_20_3_2', 'Eos optio consequuntur harum.', 'de2f0ddb-9903-436a-a5e2-54224254c818', 'usr_20');
INSERT INTO trabalho.comentarios_podcast_usuario VALUES ('comment_20_4_2', 'Vel est alias quia assumenda.', 'de2f0ddb-9903-436a-a5e2-54224254c818', 'usr_20');
INSERT INTO trabalho.log_acesso VALUES ('log_20_0_2', 'de2f0ddb-9903-436a-a5e2-54224254c818', 'usr_20');
INSERT INTO trabalho.log_acesso VALUES ('log_20_1_2', 'de2f0ddb-9903-436a-a5e2-54224254c818', 'usr_20');
INSERT INTO trabalho.log_acesso VALUES ('log_20_2_2', 'de2f0ddb-9903-436a-a5e2-54224254c818', 'usr_20');
INSERT INTO trabalho.log_acesso VALUES ('log_20_3_2', 'de2f0ddb-9903-436a-a5e2-54224254c818', 'usr_20');
INSERT INTO trabalho.usuario VALUES ('usr_21', '21_Isabel_Costa17@gmail.com', 'Isabel Costa', 'female', 40, trabalho.hashPassword('Password123'), 'Ilha de Man');
INSERT INTO trabalho.usuario_esta_inscrito_no_podcast VALUES (2, '168c1536-4c42-4b8f-8c77-f06affefec6a', 'usr_21');
INSERT INTO trabalho.comentarios_podcast_usuario VALUES ('comment_21_0_0', 'Alias similique iure eaque nisi officia non est illum.', '168c1536-4c42-4b8f-8c77-f06affefec6a', 'usr_21');
INSERT INTO trabalho.comentarios_podcast_usuario VALUES ('comment_21_1_0', 'Et mollitia aut itaque debitis.', '168c1536-4c42-4b8f-8c77-f06affefec6a', 'usr_21');
INSERT INTO trabalho.comentarios_podcast_usuario VALUES ('comment_21_2_0', 'Veniam dolor id perferendis.', '168c1536-4c42-4b8f-8c77-f06affefec6a', 'usr_21');
INSERT INTO trabalho.comentarios_podcast_usuario VALUES ('comment_21_3_0', 'Error dignissimos odit et architecto vero quasi unde sequi quia.', '168c1536-4c42-4b8f-8c77-f06affefec6a', 'usr_21');
INSERT INTO trabalho.comentarios_podcast_usuario VALUES ('comment_21_4_0', 'Exercitationem et sequi qui odit blanditiis sed incidunt omnis.', '168c1536-4c42-4b8f-8c77-f06affefec6a', 'usr_21');
INSERT INTO trabalho.log_acesso VALUES ('log_21_0_0', '168c1536-4c42-4b8f-8c77-f06affefec6a', 'usr_21');
INSERT INTO trabalho.log_acesso VALUES ('log_21_1_0', '168c1536-4c42-4b8f-8c77-f06affefec6a', 'usr_21');
INSERT INTO trabalho.log_acesso VALUES ('log_21_2_0', '168c1536-4c42-4b8f-8c77-f06affefec6a', 'usr_21');
INSERT INTO trabalho.usuario_esta_inscrito_no_podcast VALUES (5, '219328a1-cec6-4e8c-b003-52a3ec9766bb', 'usr_21');
INSERT INTO trabalho.comentarios_podcast_usuario VALUES ('comment_21_0_1', 'Ut odio voluptatibus aut.', '219328a1-cec6-4e8c-b003-52a3ec9766bb', 'usr_21');
INSERT INTO trabalho.comentarios_podcast_usuario VALUES ('comment_21_1_1', 'Modi dolor sit quibusdam placeat neque.', '219328a1-cec6-4e8c-b003-52a3ec9766bb', 'usr_21');
INSERT INTO trabalho.comentarios_podcast_usuario VALUES ('comment_21_2_1', 'Sed soluta vel sint harum fuga reiciendis sed facere.', '219328a1-cec6-4e8c-b003-52a3ec9766bb', 'usr_21');
INSERT INTO trabalho.log_acesso VALUES ('log_21_0_1', '219328a1-cec6-4e8c-b003-52a3ec9766bb', 'usr_21');
INSERT INTO trabalho.log_acesso VALUES ('log_21_1_1', '219328a1-cec6-4e8c-b003-52a3ec9766bb', 'usr_21');
INSERT INTO trabalho.log_acesso VALUES ('log_21_2_1', '219328a1-cec6-4e8c-b003-52a3ec9766bb', 'usr_21');
INSERT INTO trabalho.log_acesso VALUES ('log_21_3_1', '219328a1-cec6-4e8c-b003-52a3ec9766bb', 'usr_21');
INSERT INTO trabalho.log_acesso VALUES ('log_21_4_1', '219328a1-cec6-4e8c-b003-52a3ec9766bb', 'usr_21');
INSERT INTO trabalho.usuario_esta_inscrito_no_podcast VALUES (5, 'fa3abe16-3645-4d22-a01d-893e6f20c408', 'usr_21');
INSERT INTO trabalho.comentarios_podcast_usuario VALUES ('comment_21_0_2', 'Sit eum in.', 'fa3abe16-3645-4d22-a01d-893e6f20c408', 'usr_21');
INSERT INTO trabalho.comentarios_podcast_usuario VALUES ('comment_21_1_2', 'Qui modi blanditiis qui quo mollitia maxime.', 'fa3abe16-3645-4d22-a01d-893e6f20c408', 'usr_21');
INSERT INTO trabalho.comentarios_podcast_usuario VALUES ('comment_21_2_2', 'Eos consequatur nisi animi harum ut culpa provident labore.', 'fa3abe16-3645-4d22-a01d-893e6f20c408', 'usr_21');
INSERT INTO trabalho.log_acesso VALUES ('log_21_0_2', 'fa3abe16-3645-4d22-a01d-893e6f20c408', 'usr_21');
INSERT INTO trabalho.log_acesso VALUES ('log_21_1_2', 'fa3abe16-3645-4d22-a01d-893e6f20c408', 'usr_21');
INSERT INTO trabalho.usuario VALUES ('usr_22', '22_Talita_Nogueira38@bol.com.br', 'Talita Nogueira', 'female', 37, trabalho.hashPassword('Password123'), 'Zâmbia');
INSERT INTO trabalho.usuario_esta_inscrito_no_podcast VALUES (1, 'c58b280a-56d4-4ad8-8c85-730e4ea86361', 'usr_22');
INSERT INTO trabalho.comentarios_podcast_usuario VALUES ('comment_22_0_0', 'Odio magni quos aperiam unde aut omnis repudiandae modi.', 'c58b280a-56d4-4ad8-8c85-730e4ea86361', 'usr_22');
INSERT INTO trabalho.comentarios_podcast_usuario VALUES ('comment_22_1_0', 'Et incidunt dolores doloremque nihil quo est explicabo.', 'c58b280a-56d4-4ad8-8c85-730e4ea86361', 'usr_22');
INSERT INTO trabalho.comentarios_podcast_usuario VALUES ('comment_22_2_0', 'Dignissimos et quia modi accusantium repudiandae ea impedit non.', 'c58b280a-56d4-4ad8-8c85-730e4ea86361', 'usr_22');
INSERT INTO trabalho.comentarios_podcast_usuario VALUES ('comment_22_3_0', 'Itaque quia necessitatibus sed ea est dolorum.', 'c58b280a-56d4-4ad8-8c85-730e4ea86361', 'usr_22');
INSERT INTO trabalho.comentarios_podcast_usuario VALUES ('comment_22_4_0', 'Animi quis dolor qui molestiae ut magnam perspiciatis culpa.', 'c58b280a-56d4-4ad8-8c85-730e4ea86361', 'usr_22');
INSERT INTO trabalho.log_acesso VALUES ('log_22_0_0', 'c58b280a-56d4-4ad8-8c85-730e4ea86361', 'usr_22');
INSERT INTO trabalho.log_acesso VALUES ('log_22_1_0', 'c58b280a-56d4-4ad8-8c85-730e4ea86361', 'usr_22');
INSERT INTO trabalho.log_acesso VALUES ('log_22_2_0', 'c58b280a-56d4-4ad8-8c85-730e4ea86361', 'usr_22');
INSERT INTO trabalho.usuario_esta_inscrito_no_podcast VALUES (5, '5bdf7377-8330-4f9f-8efd-e95301c122ce', 'usr_22');
INSERT INTO trabalho.comentarios_podcast_usuario VALUES ('comment_22_0_1', 'Saepe quaerat ut ratione alias.', '5bdf7377-8330-4f9f-8efd-e95301c122ce', 'usr_22');
INSERT INTO trabalho.comentarios_podcast_usuario VALUES ('comment_22_1_1', 'Ipsum fuga necessitatibus.', '5bdf7377-8330-4f9f-8efd-e95301c122ce', 'usr_22');
INSERT INTO trabalho.comentarios_podcast_usuario VALUES ('comment_22_2_1', 'Et aperiam rerum vel earum dolor earum quasi.', '5bdf7377-8330-4f9f-8efd-e95301c122ce', 'usr_22');
INSERT INTO trabalho.comentarios_podcast_usuario VALUES ('comment_22_3_1', 'In beatae aspernatur animi atque sequi in quos voluptatem.', '5bdf7377-8330-4f9f-8efd-e95301c122ce', 'usr_22');
INSERT INTO trabalho.log_acesso VALUES ('log_22_0_1', '5bdf7377-8330-4f9f-8efd-e95301c122ce', 'usr_22');
INSERT INTO trabalho.log_acesso VALUES ('log_22_1_1', '5bdf7377-8330-4f9f-8efd-e95301c122ce', 'usr_22');
INSERT INTO trabalho.log_acesso VALUES ('log_22_2_1', '5bdf7377-8330-4f9f-8efd-e95301c122ce', 'usr_22');
INSERT INTO trabalho.log_acesso VALUES ('log_22_3_1', '5bdf7377-8330-4f9f-8efd-e95301c122ce', 'usr_22');
INSERT INTO trabalho.usuario_esta_inscrito_no_podcast VALUES (3, '219328a1-cec6-4e8c-b003-52a3ec9766bb', 'usr_22');
INSERT INTO trabalho.comentarios_podcast_usuario VALUES ('comment_22_0_2', 'Dicta non id delectus at laudantium ea qui eligendi.', '219328a1-cec6-4e8c-b003-52a3ec9766bb', 'usr_22');
INSERT INTO trabalho.comentarios_podcast_usuario VALUES ('comment_22_1_2', 'Et est consectetur rerum est sed ea cupiditate quas.', '219328a1-cec6-4e8c-b003-52a3ec9766bb', 'usr_22');
INSERT INTO trabalho.comentarios_podcast_usuario VALUES ('comment_22_2_2', 'Delectus maxime doloribus soluta veritatis eaque et.', '219328a1-cec6-4e8c-b003-52a3ec9766bb', 'usr_22');
INSERT INTO trabalho.comentarios_podcast_usuario VALUES ('comment_22_3_2', 'Et rerum nesciunt quos.', '219328a1-cec6-4e8c-b003-52a3ec9766bb', 'usr_22');
INSERT INTO trabalho.comentarios_podcast_usuario VALUES ('comment_22_4_2', 'Voluptas eligendi necessitatibus sit maxime.', '219328a1-cec6-4e8c-b003-52a3ec9766bb', 'usr_22');
INSERT INTO trabalho.log_acesso VALUES ('log_22_0_2', '219328a1-cec6-4e8c-b003-52a3ec9766bb', 'usr_22');
INSERT INTO trabalho.log_acesso VALUES ('log_22_1_2', '219328a1-cec6-4e8c-b003-52a3ec9766bb', 'usr_22');
INSERT INTO trabalho.log_acesso VALUES ('log_22_2_2', '219328a1-cec6-4e8c-b003-52a3ec9766bb', 'usr_22');
INSERT INTO trabalho.log_acesso VALUES ('log_22_3_2', '219328a1-cec6-4e8c-b003-52a3ec9766bb', 'usr_22');
INSERT INTO trabalho.usuario VALUES ('usr_23', '23_AnaLuiza12@gmail.com', 'Ana Luiza Xavier', 'female', 1, trabalho.hashPassword('Password123'), 'Grécia');
INSERT INTO trabalho.usuario_esta_inscrito_no_podcast VALUES (5, '5bdf7377-8330-4f9f-8efd-e95301c122ce', 'usr_23');
INSERT INTO trabalho.comentarios_podcast_usuario VALUES ('comment_23_0_0', 'Et nemo rem omnis quod sit consequuntur dignissimos possimus.', '5bdf7377-8330-4f9f-8efd-e95301c122ce', 'usr_23');
INSERT INTO trabalho.log_acesso VALUES ('log_23_0_0', '5bdf7377-8330-4f9f-8efd-e95301c122ce', 'usr_23');
INSERT INTO trabalho.usuario_esta_inscrito_no_podcast VALUES (4, 'f8e13774-d631-4f34-93f0-2f5d55590265', 'usr_23');
INSERT INTO trabalho.comentarios_podcast_usuario VALUES ('comment_23_0_1', 'Voluptatibus non ut numquam et doloremque hic maxime sed.', 'f8e13774-d631-4f34-93f0-2f5d55590265', 'usr_23');
INSERT INTO trabalho.comentarios_podcast_usuario VALUES ('comment_23_1_1', 'Iusto voluptatum excepturi distinctio a ullam eum fugiat vero ut.', 'f8e13774-d631-4f34-93f0-2f5d55590265', 'usr_23');
INSERT INTO trabalho.comentarios_podcast_usuario VALUES ('comment_23_2_1', 'Ullam ipsa neque.', 'f8e13774-d631-4f34-93f0-2f5d55590265', 'usr_23');
INSERT INTO trabalho.comentarios_podcast_usuario VALUES ('comment_23_3_1', 'Qui eos aliquam non rerum voluptatibus alias similique voluptatem consequatur.', 'f8e13774-d631-4f34-93f0-2f5d55590265', 'usr_23');
INSERT INTO trabalho.log_acesso VALUES ('log_23_0_1', 'f8e13774-d631-4f34-93f0-2f5d55590265', 'usr_23');
INSERT INTO trabalho.log_acesso VALUES ('log_23_1_1', 'f8e13774-d631-4f34-93f0-2f5d55590265', 'usr_23');
INSERT INTO trabalho.log_acesso VALUES ('log_23_2_1', 'f8e13774-d631-4f34-93f0-2f5d55590265', 'usr_23');
INSERT INTO trabalho.log_acesso VALUES ('log_23_3_1', 'f8e13774-d631-4f34-93f0-2f5d55590265', 'usr_23');
INSERT INTO trabalho.usuario_esta_inscrito_no_podcast VALUES (5, '7e429e8e-7669-403d-bb78-3cd7f9f75afd', 'usr_23');
INSERT INTO trabalho.comentarios_podcast_usuario VALUES ('comment_23_0_2', 'Excepturi qui vitae ut.', '7e429e8e-7669-403d-bb78-3cd7f9f75afd', 'usr_23');
INSERT INTO trabalho.comentarios_podcast_usuario VALUES ('comment_23_1_2', 'Enim et animi est aliquam molestias vel amet aut.', '7e429e8e-7669-403d-bb78-3cd7f9f75afd', 'usr_23');
INSERT INTO trabalho.log_acesso VALUES ('log_23_0_2', '7e429e8e-7669-403d-bb78-3cd7f9f75afd', 'usr_23');
INSERT INTO trabalho.log_acesso VALUES ('log_23_1_2', '7e429e8e-7669-403d-bb78-3cd7f9f75afd', 'usr_23');
INSERT INTO trabalho.log_acesso VALUES ('log_23_2_2', '7e429e8e-7669-403d-bb78-3cd7f9f75afd', 'usr_23');
INSERT INTO trabalho.log_acesso VALUES ('log_23_3_2', '7e429e8e-7669-403d-bb78-3cd7f9f75afd', 'usr_23');
INSERT INTO trabalho.usuario VALUES ('usr_24', '24_Arthur.Xavier@gmail.com', 'Arthur Xavier', 'male', 51, trabalho.hashPassword('Password123'), 'Israel');
INSERT INTO trabalho.usuario_esta_inscrito_no_podcast VALUES (0, 'f1b92ce7-47a7-43cd-8586-4a09185cdd05', 'usr_24');
INSERT INTO trabalho.comentarios_podcast_usuario VALUES ('comment_24_0_0', 'Voluptas consequuntur accusantium natus totam voluptatem.', 'f1b92ce7-47a7-43cd-8586-4a09185cdd05', 'usr_24');
INSERT INTO trabalho.comentarios_podcast_usuario VALUES ('comment_24_1_0', 'Ut incidunt debitis dolores corporis aliquid aliquid.', 'f1b92ce7-47a7-43cd-8586-4a09185cdd05', 'usr_24');
INSERT INTO trabalho.comentarios_podcast_usuario VALUES ('comment_24_2_0', 'Voluptas iusto nisi fuga et qui in porro et rerum.', 'f1b92ce7-47a7-43cd-8586-4a09185cdd05', 'usr_24');
INSERT INTO trabalho.comentarios_podcast_usuario VALUES ('comment_24_3_0', 'Voluptas error rem dolores sed cumque.', 'f1b92ce7-47a7-43cd-8586-4a09185cdd05', 'usr_24');
INSERT INTO trabalho.comentarios_podcast_usuario VALUES ('comment_24_4_0', 'Sed doloribus commodi deleniti vel numquam dolores voluptatem at et.', 'f1b92ce7-47a7-43cd-8586-4a09185cdd05', 'usr_24');
INSERT INTO trabalho.comentarios_podcast_usuario VALUES ('comment_24_5_0', 'Ad eligendi eligendi aut modi aut aut aut.', 'f1b92ce7-47a7-43cd-8586-4a09185cdd05', 'usr_24');
INSERT INTO trabalho.log_acesso VALUES ('log_24_0_0', 'f1b92ce7-47a7-43cd-8586-4a09185cdd05', 'usr_24');
INSERT INTO trabalho.log_acesso VALUES ('log_24_1_0', 'f1b92ce7-47a7-43cd-8586-4a09185cdd05', 'usr_24');
INSERT INTO trabalho.usuario_esta_inscrito_no_podcast VALUES (3, 'fa3abe16-3645-4d22-a01d-893e6f20c408', 'usr_24');
INSERT INTO trabalho.comentarios_podcast_usuario VALUES ('comment_24_0_1', 'Autem veniam quo dolorum autem libero ex accusantium.', 'fa3abe16-3645-4d22-a01d-893e6f20c408', 'usr_24');
INSERT INTO trabalho.comentarios_podcast_usuario VALUES ('comment_24_1_1', 'Non quasi cumque similique consequuntur qui architecto consequuntur incidunt ex.', 'fa3abe16-3645-4d22-a01d-893e6f20c408', 'usr_24');
INSERT INTO trabalho.comentarios_podcast_usuario VALUES ('comment_24_2_1', 'In repellat commodi et quos aliquam voluptatem omnis magnam earum.', 'fa3abe16-3645-4d22-a01d-893e6f20c408', 'usr_24');
INSERT INTO trabalho.comentarios_podcast_usuario VALUES ('comment_24_3_1', 'Eveniet ut id id at sunt.', 'fa3abe16-3645-4d22-a01d-893e6f20c408', 'usr_24');
INSERT INTO trabalho.comentarios_podcast_usuario VALUES ('comment_24_4_1', 'Enim non sint voluptas.', 'fa3abe16-3645-4d22-a01d-893e6f20c408', 'usr_24');
INSERT INTO trabalho.log_acesso VALUES ('log_24_0_1', 'fa3abe16-3645-4d22-a01d-893e6f20c408', 'usr_24');
INSERT INTO trabalho.usuario_esta_inscrito_no_podcast VALUES (3, 'bc8dac25-793c-4a96-aafc-4ea7020f4f60', 'usr_24');
INSERT INTO trabalho.comentarios_podcast_usuario VALUES ('comment_24_0_2', 'Iste aut aspernatur quidem adipisci.', 'bc8dac25-793c-4a96-aafc-4ea7020f4f60', 'usr_24');
INSERT INTO trabalho.log_acesso VALUES ('log_24_0_2', 'bc8dac25-793c-4a96-aafc-4ea7020f4f60', 'usr_24');
INSERT INTO trabalho.log_acesso VALUES ('log_24_1_2', 'bc8dac25-793c-4a96-aafc-4ea7020f4f60', 'usr_24');
INSERT INTO trabalho.log_acesso VALUES ('log_24_2_2', 'bc8dac25-793c-4a96-aafc-4ea7020f4f60', 'usr_24');
INSERT INTO trabalho.log_acesso VALUES ('log_24_3_2', 'bc8dac25-793c-4a96-aafc-4ea7020f4f60', 'usr_24');
INSERT INTO trabalho.log_acesso VALUES ('log_24_4_2', 'bc8dac25-793c-4a96-aafc-4ea7020f4f60', 'usr_24');
INSERT INTO trabalho.usuario VALUES ('usr_25', '25_JlioCsar_Macedo@live.com', 'Júlio César Macedo', 'male', 28, trabalho.hashPassword('Password123'), 'Libéria');
INSERT INTO trabalho.usuario_esta_inscrito_no_podcast VALUES (1, '5bdf7377-8330-4f9f-8efd-e95301c122ce', 'usr_25');
INSERT INTO trabalho.comentarios_podcast_usuario VALUES ('comment_25_0_0', 'Nam aut asperiores nostrum unde iure voluptatem ea eveniet quos.', '5bdf7377-8330-4f9f-8efd-e95301c122ce', 'usr_25');
INSERT INTO trabalho.comentarios_podcast_usuario VALUES ('comment_25_1_0', 'Beatae neque mollitia minus id soluta possimus ipsum dolores necessitatibus.', '5bdf7377-8330-4f9f-8efd-e95301c122ce', 'usr_25');
INSERT INTO trabalho.log_acesso VALUES ('log_25_0_0', '5bdf7377-8330-4f9f-8efd-e95301c122ce', 'usr_25');
INSERT INTO trabalho.log_acesso VALUES ('log_25_1_0', '5bdf7377-8330-4f9f-8efd-e95301c122ce', 'usr_25');
INSERT INTO trabalho.usuario_esta_inscrito_no_podcast VALUES (4, 'f0166bd2-8e4d-4308-b5d7-0b3d627c5dc5', 'usr_25');
INSERT INTO trabalho.comentarios_podcast_usuario VALUES ('comment_25_0_1', 'Facere voluptatum porro quasi vitae praesentium.', 'f0166bd2-8e4d-4308-b5d7-0b3d627c5dc5', 'usr_25');
INSERT INTO trabalho.comentarios_podcast_usuario VALUES ('comment_25_1_1', 'Nihil nisi aperiam ad id error nostrum dolor quam exercitationem.', 'f0166bd2-8e4d-4308-b5d7-0b3d627c5dc5', 'usr_25');
INSERT INTO trabalho.comentarios_podcast_usuario VALUES ('comment_25_2_1', 'Magni iste sint rem doloribus nam.', 'f0166bd2-8e4d-4308-b5d7-0b3d627c5dc5', 'usr_25');
INSERT INTO trabalho.log_acesso VALUES ('log_25_0_1', 'f0166bd2-8e4d-4308-b5d7-0b3d627c5dc5', 'usr_25');
INSERT INTO trabalho.log_acesso VALUES ('log_25_1_1', 'f0166bd2-8e4d-4308-b5d7-0b3d627c5dc5', 'usr_25');
INSERT INTO trabalho.usuario_esta_inscrito_no_podcast VALUES (1, 'f8e13774-d631-4f34-93f0-2f5d55590265', 'usr_25');
INSERT INTO trabalho.comentarios_podcast_usuario VALUES ('comment_25_0_2', 'Excepturi voluptates sit sint soluta ea.', 'f8e13774-d631-4f34-93f0-2f5d55590265', 'usr_25');
INSERT INTO trabalho.comentarios_podcast_usuario VALUES ('comment_25_1_2', 'Beatae nostrum vitae et in harum ad sunt.', 'f8e13774-d631-4f34-93f0-2f5d55590265', 'usr_25');
INSERT INTO trabalho.comentarios_podcast_usuario VALUES ('comment_25_2_2', 'Blanditiis sed cupiditate deserunt sint alias officia.', 'f8e13774-d631-4f34-93f0-2f5d55590265', 'usr_25');
INSERT INTO trabalho.log_acesso VALUES ('log_25_0_2', 'f8e13774-d631-4f34-93f0-2f5d55590265', 'usr_25');
INSERT INTO trabalho.usuario VALUES ('usr_26', '26_Meire91@gmail.com', 'Meire Xavier', 'female', 43, trabalho.hashPassword('Password123'), 'Quirguistão');
INSERT INTO trabalho.usuario_esta_inscrito_no_podcast VALUES (4, 'bc8dac25-793c-4a96-aafc-4ea7020f4f60', 'usr_26');
INSERT INTO trabalho.comentarios_podcast_usuario VALUES ('comment_26_0_0', 'Magni explicabo aut numquam unde modi.', 'bc8dac25-793c-4a96-aafc-4ea7020f4f60', 'usr_26');
INSERT INTO trabalho.comentarios_podcast_usuario VALUES ('comment_26_1_0', 'Vitae cupiditate et.', 'bc8dac25-793c-4a96-aafc-4ea7020f4f60', 'usr_26');
INSERT INTO trabalho.comentarios_podcast_usuario VALUES ('comment_26_2_0', 'Ut totam officia recusandae.', 'bc8dac25-793c-4a96-aafc-4ea7020f4f60', 'usr_26');
INSERT INTO trabalho.log_acesso VALUES ('log_26_0_0', 'bc8dac25-793c-4a96-aafc-4ea7020f4f60', 'usr_26');
INSERT INTO trabalho.log_acesso VALUES ('log_26_1_0', 'bc8dac25-793c-4a96-aafc-4ea7020f4f60', 'usr_26');
INSERT INTO trabalho.log_acesso VALUES ('log_26_2_0', 'bc8dac25-793c-4a96-aafc-4ea7020f4f60', 'usr_26');
INSERT INTO trabalho.log_acesso VALUES ('log_26_3_0', 'bc8dac25-793c-4a96-aafc-4ea7020f4f60', 'usr_26');
INSERT INTO trabalho.log_acesso VALUES ('log_26_4_0', 'bc8dac25-793c-4a96-aafc-4ea7020f4f60', 'usr_26');
INSERT INTO trabalho.usuario_esta_inscrito_no_podcast VALUES (4, 'b553d865-8fe2-47de-9a30-10e1dea3bd1d', 'usr_26');
INSERT INTO trabalho.comentarios_podcast_usuario VALUES ('comment_26_0_1', 'Corporis velit velit vero nihil quia.', 'b553d865-8fe2-47de-9a30-10e1dea3bd1d', 'usr_26');
INSERT INTO trabalho.comentarios_podcast_usuario VALUES ('comment_26_1_1', 'Ea impedit est provident eum possimus velit.', 'b553d865-8fe2-47de-9a30-10e1dea3bd1d', 'usr_26');
INSERT INTO trabalho.comentarios_podcast_usuario VALUES ('comment_26_2_1', 'Voluptatum commodi cum est architecto magnam voluptas.', 'b553d865-8fe2-47de-9a30-10e1dea3bd1d', 'usr_26');
INSERT INTO trabalho.comentarios_podcast_usuario VALUES ('comment_26_3_1', 'Aut quis delectus similique provident et autem.', 'b553d865-8fe2-47de-9a30-10e1dea3bd1d', 'usr_26');
INSERT INTO trabalho.log_acesso VALUES ('log_26_0_1', 'b553d865-8fe2-47de-9a30-10e1dea3bd1d', 'usr_26');
INSERT INTO trabalho.log_acesso VALUES ('log_26_1_1', 'b553d865-8fe2-47de-9a30-10e1dea3bd1d', 'usr_26');
INSERT INTO trabalho.log_acesso VALUES ('log_26_2_1', 'b553d865-8fe2-47de-9a30-10e1dea3bd1d', 'usr_26');
INSERT INTO trabalho.usuario_esta_inscrito_no_podcast VALUES (3, 'f8e13774-d631-4f34-93f0-2f5d55590265', 'usr_26');
INSERT INTO trabalho.comentarios_podcast_usuario VALUES ('comment_26_0_2', 'Et eaque recusandae.', 'f8e13774-d631-4f34-93f0-2f5d55590265', 'usr_26');
INSERT INTO trabalho.comentarios_podcast_usuario VALUES ('comment_26_1_2', 'Hic a rem.', 'f8e13774-d631-4f34-93f0-2f5d55590265', 'usr_26');
INSERT INTO trabalho.comentarios_podcast_usuario VALUES ('comment_26_2_2', 'Ullam quibusdam eligendi.', 'f8e13774-d631-4f34-93f0-2f5d55590265', 'usr_26');
INSERT INTO trabalho.comentarios_podcast_usuario VALUES ('comment_26_3_2', 'Vitae sequi accusantium voluptate libero dolor est aut.', 'f8e13774-d631-4f34-93f0-2f5d55590265', 'usr_26');
INSERT INTO trabalho.comentarios_podcast_usuario VALUES ('comment_26_4_2', 'Eveniet qui omnis eligendi autem sunt voluptatum necessitatibus nesciunt.', 'f8e13774-d631-4f34-93f0-2f5d55590265', 'usr_26');
INSERT INTO trabalho.log_acesso VALUES ('log_26_0_2', 'f8e13774-d631-4f34-93f0-2f5d55590265', 'usr_26');
INSERT INTO trabalho.log_acesso VALUES ('log_26_1_2', 'f8e13774-d631-4f34-93f0-2f5d55590265', 'usr_26');
INSERT INTO trabalho.log_acesso VALUES ('log_26_2_2', 'f8e13774-d631-4f34-93f0-2f5d55590265', 'usr_26');
INSERT INTO trabalho.log_acesso VALUES ('log_26_3_2', 'f8e13774-d631-4f34-93f0-2f5d55590265', 'usr_26');
INSERT INTO trabalho.log_acesso VALUES ('log_26_4_2', 'f8e13774-d631-4f34-93f0-2f5d55590265', 'usr_26');
INSERT INTO trabalho.log_acesso VALUES ('log_26_5_2', 'f8e13774-d631-4f34-93f0-2f5d55590265', 'usr_26');
INSERT INTO trabalho.usuario VALUES ('usr_27', '27_Clia.Carvalho24@gmail.com', 'Célia Carvalho', 'female', 3, trabalho.hashPassword('Password123'), 'Holanda');
INSERT INTO trabalho.usuario_esta_inscrito_no_podcast VALUES (0, 'f0166bd2-8e4d-4308-b5d7-0b3d627c5dc5', 'usr_27');
INSERT INTO trabalho.comentarios_podcast_usuario VALUES ('comment_27_0_0', 'Qui aut nihil totam.', 'f0166bd2-8e4d-4308-b5d7-0b3d627c5dc5', 'usr_27');
INSERT INTO trabalho.comentarios_podcast_usuario VALUES ('comment_27_1_0', 'Inventore a aliquam ea consequatur neque aspernatur deserunt incidunt molestiae.', 'f0166bd2-8e4d-4308-b5d7-0b3d627c5dc5', 'usr_27');
INSERT INTO trabalho.comentarios_podcast_usuario VALUES ('comment_27_2_0', 'Sit est nostrum distinctio at.', 'f0166bd2-8e4d-4308-b5d7-0b3d627c5dc5', 'usr_27');
INSERT INTO trabalho.log_acesso VALUES ('log_27_0_0', 'f0166bd2-8e4d-4308-b5d7-0b3d627c5dc5', 'usr_27');
INSERT INTO trabalho.log_acesso VALUES ('log_27_1_0', 'f0166bd2-8e4d-4308-b5d7-0b3d627c5dc5', 'usr_27');
INSERT INTO trabalho.log_acesso VALUES ('log_27_2_0', 'f0166bd2-8e4d-4308-b5d7-0b3d627c5dc5', 'usr_27');
INSERT INTO trabalho.log_acesso VALUES ('log_27_3_0', 'f0166bd2-8e4d-4308-b5d7-0b3d627c5dc5', 'usr_27');
INSERT INTO trabalho.log_acesso VALUES ('log_27_4_0', 'f0166bd2-8e4d-4308-b5d7-0b3d627c5dc5', 'usr_27');
INSERT INTO trabalho.log_acesso VALUES ('log_27_5_0', 'f0166bd2-8e4d-4308-b5d7-0b3d627c5dc5', 'usr_27');
INSERT INTO trabalho.usuario_esta_inscrito_no_podcast VALUES (0, '168c1536-4c42-4b8f-8c77-f06affefec6a', 'usr_27');
INSERT INTO trabalho.comentarios_podcast_usuario VALUES ('comment_27_0_1', 'Similique quas unde totam.', '168c1536-4c42-4b8f-8c77-f06affefec6a', 'usr_27');
INSERT INTO trabalho.comentarios_podcast_usuario VALUES ('comment_27_1_1', 'Consequatur atque soluta qui quas.', '168c1536-4c42-4b8f-8c77-f06affefec6a', 'usr_27');
INSERT INTO trabalho.comentarios_podcast_usuario VALUES ('comment_27_2_1', 'Non sed quis pariatur asperiores repudiandae dicta recusandae.', '168c1536-4c42-4b8f-8c77-f06affefec6a', 'usr_27');
INSERT INTO trabalho.comentarios_podcast_usuario VALUES ('comment_27_3_1', 'Cum voluptatum tenetur et ea laudantium quo rem.', '168c1536-4c42-4b8f-8c77-f06affefec6a', 'usr_27');
INSERT INTO trabalho.log_acesso VALUES ('log_27_0_1', '168c1536-4c42-4b8f-8c77-f06affefec6a', 'usr_27');
INSERT INTO trabalho.log_acesso VALUES ('log_27_1_1', '168c1536-4c42-4b8f-8c77-f06affefec6a', 'usr_27');
INSERT INTO trabalho.log_acesso VALUES ('log_27_2_1', '168c1536-4c42-4b8f-8c77-f06affefec6a', 'usr_27');
INSERT INTO trabalho.usuario_esta_inscrito_no_podcast VALUES (1, 'c58b280a-56d4-4ad8-8c85-730e4ea86361', 'usr_27');
INSERT INTO trabalho.comentarios_podcast_usuario VALUES ('comment_27_0_2', 'Nihil quisquam at voluptatem nihil amet.', 'c58b280a-56d4-4ad8-8c85-730e4ea86361', 'usr_27');
INSERT INTO trabalho.comentarios_podcast_usuario VALUES ('comment_27_1_2', 'Illum quaerat mollitia iure architecto sint asperiores quasi quia.', 'c58b280a-56d4-4ad8-8c85-730e4ea86361', 'usr_27');
INSERT INTO trabalho.comentarios_podcast_usuario VALUES ('comment_27_2_2', 'Qui doloremque aut.', 'c58b280a-56d4-4ad8-8c85-730e4ea86361', 'usr_27');
INSERT INTO trabalho.comentarios_podcast_usuario VALUES ('comment_27_3_2', 'Vero nisi placeat quia explicabo ratione quas.', 'c58b280a-56d4-4ad8-8c85-730e4ea86361', 'usr_27');
INSERT INTO trabalho.log_acesso VALUES ('log_27_0_2', 'c58b280a-56d4-4ad8-8c85-730e4ea86361', 'usr_27');
INSERT INTO trabalho.log_acesso VALUES ('log_27_1_2', 'c58b280a-56d4-4ad8-8c85-730e4ea86361', 'usr_27');
INSERT INTO trabalho.log_acesso VALUES ('log_27_2_2', 'c58b280a-56d4-4ad8-8c85-730e4ea86361', 'usr_27');
INSERT INTO trabalho.usuario VALUES ('usr_28', '28_Yasmin.Pereira@gmail.com', 'Yasmin Pereira', 'female', 37, trabalho.hashPassword('Password123'), 'Liechtenstein');
INSERT INTO trabalho.usuario_esta_inscrito_no_podcast VALUES (5, 'f8e13774-d631-4f34-93f0-2f5d55590265', 'usr_28');
INSERT INTO trabalho.comentarios_podcast_usuario VALUES ('comment_28_0_0', 'Ab quis beatae in aut quod facere.', 'f8e13774-d631-4f34-93f0-2f5d55590265', 'usr_28');
INSERT INTO trabalho.comentarios_podcast_usuario VALUES ('comment_28_1_0', 'Inventore commodi et ab ut cumque ex at error.', 'f8e13774-d631-4f34-93f0-2f5d55590265', 'usr_28');
INSERT INTO trabalho.comentarios_podcast_usuario VALUES ('comment_28_2_0', 'Quis autem molestiae incidunt architecto aut pariatur voluptatem voluptates.', 'f8e13774-d631-4f34-93f0-2f5d55590265', 'usr_28');
INSERT INTO trabalho.comentarios_podcast_usuario VALUES ('comment_28_3_0', 'Consequuntur impedit harum.', 'f8e13774-d631-4f34-93f0-2f5d55590265', 'usr_28');
INSERT INTO trabalho.comentarios_podcast_usuario VALUES ('comment_28_4_0', 'Adipisci qui natus ut sunt temporibus et accusantium doloribus molestiae.', 'f8e13774-d631-4f34-93f0-2f5d55590265', 'usr_28');
INSERT INTO trabalho.log_acesso VALUES ('log_28_0_0', 'f8e13774-d631-4f34-93f0-2f5d55590265', 'usr_28');
INSERT INTO trabalho.log_acesso VALUES ('log_28_1_0', 'f8e13774-d631-4f34-93f0-2f5d55590265', 'usr_28');
INSERT INTO trabalho.log_acesso VALUES ('log_28_2_0', 'f8e13774-d631-4f34-93f0-2f5d55590265', 'usr_28');
INSERT INTO trabalho.log_acesso VALUES ('log_28_3_0', 'f8e13774-d631-4f34-93f0-2f5d55590265', 'usr_28');
INSERT INTO trabalho.usuario_esta_inscrito_no_podcast VALUES (1, 'fa3abe16-3645-4d22-a01d-893e6f20c408', 'usr_28');
INSERT INTO trabalho.comentarios_podcast_usuario VALUES ('comment_28_0_1', 'Praesentium sit nesciunt occaecati cumque maxime numquam ducimus inventore.', 'fa3abe16-3645-4d22-a01d-893e6f20c408', 'usr_28');
INSERT INTO trabalho.comentarios_podcast_usuario VALUES ('comment_28_1_1', 'Hic assumenda totam repudiandae itaque aut quia qui et.', 'fa3abe16-3645-4d22-a01d-893e6f20c408', 'usr_28');
INSERT INTO trabalho.comentarios_podcast_usuario VALUES ('comment_28_2_1', 'Reiciendis et natus similique pariatur ea similique atque in non.', 'fa3abe16-3645-4d22-a01d-893e6f20c408', 'usr_28');
INSERT INTO trabalho.log_acesso VALUES ('log_28_0_1', 'fa3abe16-3645-4d22-a01d-893e6f20c408', 'usr_28');
INSERT INTO trabalho.log_acesso VALUES ('log_28_1_1', 'fa3abe16-3645-4d22-a01d-893e6f20c408', 'usr_28');
INSERT INTO trabalho.log_acesso VALUES ('log_28_2_1', 'fa3abe16-3645-4d22-a01d-893e6f20c408', 'usr_28');
INSERT INTO trabalho.usuario_esta_inscrito_no_podcast VALUES (3, '5bdf7377-8330-4f9f-8efd-e95301c122ce', 'usr_28');
INSERT INTO trabalho.comentarios_podcast_usuario VALUES ('comment_28_0_2', 'Consequuntur consequatur voluptate id natus omnis dolor.', '5bdf7377-8330-4f9f-8efd-e95301c122ce', 'usr_28');
INSERT INTO trabalho.comentarios_podcast_usuario VALUES ('comment_28_1_2', 'Id non voluptatem harum velit dolor autem minima aliquid quia.', '5bdf7377-8330-4f9f-8efd-e95301c122ce', 'usr_28');
INSERT INTO trabalho.comentarios_podcast_usuario VALUES ('comment_28_2_2', 'Similique non provident sit aut suscipit aut laboriosam.', '5bdf7377-8330-4f9f-8efd-e95301c122ce', 'usr_28');
INSERT INTO trabalho.comentarios_podcast_usuario VALUES ('comment_28_3_2', 'In porro maiores officia adipisci nemo facilis qui iste voluptas.', '5bdf7377-8330-4f9f-8efd-e95301c122ce', 'usr_28');
INSERT INTO trabalho.log_acesso VALUES ('log_28_0_2', '5bdf7377-8330-4f9f-8efd-e95301c122ce', 'usr_28');
INSERT INTO trabalho.log_acesso VALUES ('log_28_1_2', '5bdf7377-8330-4f9f-8efd-e95301c122ce', 'usr_28');
INSERT INTO trabalho.log_acesso VALUES ('log_28_2_2', '5bdf7377-8330-4f9f-8efd-e95301c122ce', 'usr_28');
INSERT INTO trabalho.log_acesso VALUES ('log_28_3_2', '5bdf7377-8330-4f9f-8efd-e95301c122ce', 'usr_28');
INSERT INTO trabalho.log_acesso VALUES ('log_28_4_2', '5bdf7377-8330-4f9f-8efd-e95301c122ce', 'usr_28');
INSERT INTO trabalho.usuario VALUES ('usr_29', '29_Elsio43@bol.com.br', 'Elísio Braga', 'male', 11, trabalho.hashPassword('Password123'), 'Bôsnia');
INSERT INTO trabalho.usuario_esta_inscrito_no_podcast VALUES (1, 'af46a958-b921-47b6-9f87-5c4fdc68ea79', 'usr_29');
INSERT INTO trabalho.comentarios_podcast_usuario VALUES ('comment_29_0_0', 'Molestias explicabo est et quis.', 'af46a958-b921-47b6-9f87-5c4fdc68ea79', 'usr_29');
INSERT INTO trabalho.comentarios_podcast_usuario VALUES ('comment_29_1_0', 'Odit nostrum sunt voluptas.', 'af46a958-b921-47b6-9f87-5c4fdc68ea79', 'usr_29');
INSERT INTO trabalho.log_acesso VALUES ('log_29_0_0', 'af46a958-b921-47b6-9f87-5c4fdc68ea79', 'usr_29');
INSERT INTO trabalho.log_acesso VALUES ('log_29_1_0', 'af46a958-b921-47b6-9f87-5c4fdc68ea79', 'usr_29');
INSERT INTO trabalho.log_acesso VALUES ('log_29_2_0', 'af46a958-b921-47b6-9f87-5c4fdc68ea79', 'usr_29');
INSERT INTO trabalho.log_acesso VALUES ('log_29_3_0', 'af46a958-b921-47b6-9f87-5c4fdc68ea79', 'usr_29');
INSERT INTO trabalho.log_acesso VALUES ('log_29_4_0', 'af46a958-b921-47b6-9f87-5c4fdc68ea79', 'usr_29');
INSERT INTO trabalho.usuario_esta_inscrito_no_podcast VALUES (4, 'f0166bd2-8e4d-4308-b5d7-0b3d627c5dc5', 'usr_29');
INSERT INTO trabalho.comentarios_podcast_usuario VALUES ('comment_29_0_1', 'Nemo nostrum aut natus totam omnis.', 'f0166bd2-8e4d-4308-b5d7-0b3d627c5dc5', 'usr_29');
INSERT INTO trabalho.comentarios_podcast_usuario VALUES ('comment_29_1_1', 'Sed eum architecto voluptate tenetur illum est eos.', 'f0166bd2-8e4d-4308-b5d7-0b3d627c5dc5', 'usr_29');
INSERT INTO trabalho.comentarios_podcast_usuario VALUES ('comment_29_2_1', 'Assumenda mollitia quam.', 'f0166bd2-8e4d-4308-b5d7-0b3d627c5dc5', 'usr_29');
INSERT INTO trabalho.comentarios_podcast_usuario VALUES ('comment_29_3_1', 'Accusantium illum sint adipisci id pariatur iusto facere molestiae.', 'f0166bd2-8e4d-4308-b5d7-0b3d627c5dc5', 'usr_29');
INSERT INTO trabalho.log_acesso VALUES ('log_29_0_1', 'f0166bd2-8e4d-4308-b5d7-0b3d627c5dc5', 'usr_29');
INSERT INTO trabalho.log_acesso VALUES ('log_29_1_1', 'f0166bd2-8e4d-4308-b5d7-0b3d627c5dc5', 'usr_29');
INSERT INTO trabalho.log_acesso VALUES ('log_29_2_1', 'f0166bd2-8e4d-4308-b5d7-0b3d627c5dc5', 'usr_29');
INSERT INTO trabalho.usuario_esta_inscrito_no_podcast VALUES (1, 'fa3abe16-3645-4d22-a01d-893e6f20c408', 'usr_29');
INSERT INTO trabalho.comentarios_podcast_usuario VALUES ('comment_29_0_2', 'Rerum doloribus nulla rerum ullam laboriosam eum.', 'fa3abe16-3645-4d22-a01d-893e6f20c408', 'usr_29');
INSERT INTO trabalho.log_acesso VALUES ('log_29_0_2', 'fa3abe16-3645-4d22-a01d-893e6f20c408', 'usr_29');
INSERT INTO trabalho.log_acesso VALUES ('log_29_1_2', 'fa3abe16-3645-4d22-a01d-893e6f20c408', 'usr_29');
INSERT INTO trabalho.log_acesso VALUES ('log_29_2_2', 'fa3abe16-3645-4d22-a01d-893e6f20c408', 'usr_29');
INSERT INTO trabalho.log_acesso VALUES ('log_29_3_2', 'fa3abe16-3645-4d22-a01d-893e6f20c408', 'usr_29');
INSERT INTO trabalho.log_acesso VALUES ('log_29_4_2', 'fa3abe16-3645-4d22-a01d-893e6f20c408', 'usr_29');
INSERT INTO trabalho.log_acesso VALUES ('log_29_5_2', 'fa3abe16-3645-4d22-a01d-893e6f20c408', 'usr_29');
INSERT INTO trabalho.usuario VALUES ('usr_30', '30_Rafaela33@gmail.com', 'Rafaela Melo', 'female', 53, trabalho.hashPassword('Password123'), 'Zâmbia');
INSERT INTO trabalho.usuario_esta_inscrito_no_podcast VALUES (1, '219328a1-cec6-4e8c-b003-52a3ec9766bb', 'usr_30');
INSERT INTO trabalho.comentarios_podcast_usuario VALUES ('comment_30_0_0', 'Corporis vero non in est aut vel autem.', '219328a1-cec6-4e8c-b003-52a3ec9766bb', 'usr_30');
INSERT INTO trabalho.comentarios_podcast_usuario VALUES ('comment_30_1_0', 'Sint nostrum aut officia nam dignissimos.', '219328a1-cec6-4e8c-b003-52a3ec9766bb', 'usr_30');
INSERT INTO trabalho.comentarios_podcast_usuario VALUES ('comment_30_2_0', 'Delectus qui eaque est iste aspernatur dolorum.', '219328a1-cec6-4e8c-b003-52a3ec9766bb', 'usr_30');
INSERT INTO trabalho.comentarios_podcast_usuario VALUES ('comment_30_3_0', 'Impedit rerum dolor non et ut ut amet quia.', '219328a1-cec6-4e8c-b003-52a3ec9766bb', 'usr_30');
INSERT INTO trabalho.comentarios_podcast_usuario VALUES ('comment_30_4_0', 'Id sapiente sint quia modi commodi et.', '219328a1-cec6-4e8c-b003-52a3ec9766bb', 'usr_30');
INSERT INTO trabalho.comentarios_podcast_usuario VALUES ('comment_30_5_0', 'Ducimus consequatur dicta quos quo tenetur cupiditate ut voluptatem.', '219328a1-cec6-4e8c-b003-52a3ec9766bb', 'usr_30');
INSERT INTO trabalho.log_acesso VALUES ('log_30_0_0', '219328a1-cec6-4e8c-b003-52a3ec9766bb', 'usr_30');
INSERT INTO trabalho.log_acesso VALUES ('log_30_1_0', '219328a1-cec6-4e8c-b003-52a3ec9766bb', 'usr_30');
INSERT INTO trabalho.usuario_esta_inscrito_no_podcast VALUES (0, '5bdf7377-8330-4f9f-8efd-e95301c122ce', 'usr_30');
INSERT INTO trabalho.comentarios_podcast_usuario VALUES ('comment_30_0_1', 'Dolorem maiores dolorum enim.', '5bdf7377-8330-4f9f-8efd-e95301c122ce', 'usr_30');
INSERT INTO trabalho.comentarios_podcast_usuario VALUES ('comment_30_1_1', 'Rem voluptatem quia quaerat non est sed omnis reprehenderit eos.', '5bdf7377-8330-4f9f-8efd-e95301c122ce', 'usr_30');
INSERT INTO trabalho.comentarios_podcast_usuario VALUES ('comment_30_2_1', 'Non et minus beatae in maiores distinctio et ullam.', '5bdf7377-8330-4f9f-8efd-e95301c122ce', 'usr_30');
INSERT INTO trabalho.log_acesso VALUES ('log_30_0_1', '5bdf7377-8330-4f9f-8efd-e95301c122ce', 'usr_30');
INSERT INTO trabalho.log_acesso VALUES ('log_30_1_1', '5bdf7377-8330-4f9f-8efd-e95301c122ce', 'usr_30');
INSERT INTO trabalho.log_acesso VALUES ('log_30_2_1', '5bdf7377-8330-4f9f-8efd-e95301c122ce', 'usr_30');
INSERT INTO trabalho.log_acesso VALUES ('log_30_3_1', '5bdf7377-8330-4f9f-8efd-e95301c122ce', 'usr_30');
INSERT INTO trabalho.log_acesso VALUES ('log_30_4_1', '5bdf7377-8330-4f9f-8efd-e95301c122ce', 'usr_30');
INSERT INTO trabalho.usuario_esta_inscrito_no_podcast VALUES (4, 'c58b280a-56d4-4ad8-8c85-730e4ea86361', 'usr_30');
INSERT INTO trabalho.comentarios_podcast_usuario VALUES ('comment_30_0_2', 'Minus aut ut.', 'c58b280a-56d4-4ad8-8c85-730e4ea86361', 'usr_30');
INSERT INTO trabalho.log_acesso VALUES ('log_30_0_2', 'c58b280a-56d4-4ad8-8c85-730e4ea86361', 'usr_30');
INSERT INTO trabalho.log_acesso VALUES ('log_30_1_2', 'c58b280a-56d4-4ad8-8c85-730e4ea86361', 'usr_30');
INSERT INTO trabalho.log_acesso VALUES ('log_30_2_2', 'c58b280a-56d4-4ad8-8c85-730e4ea86361', 'usr_30');
INSERT INTO trabalho.usuario VALUES ('usr_31', '31_Henrique19@hotmail.com', 'Henrique Macedo', 'male', 41, trabalho.hashPassword('Password123'), 'Santa Lúcia');
INSERT INTO trabalho.usuario_esta_inscrito_no_podcast VALUES (1, '219328a1-cec6-4e8c-b003-52a3ec9766bb', 'usr_31');
INSERT INTO trabalho.comentarios_podcast_usuario VALUES ('comment_31_0_0', 'Et non similique excepturi.', '219328a1-cec6-4e8c-b003-52a3ec9766bb', 'usr_31');
INSERT INTO trabalho.comentarios_podcast_usuario VALUES ('comment_31_1_0', 'Totam sunt nemo numquam tempora.', '219328a1-cec6-4e8c-b003-52a3ec9766bb', 'usr_31');
INSERT INTO trabalho.log_acesso VALUES ('log_31_0_0', '219328a1-cec6-4e8c-b003-52a3ec9766bb', 'usr_31');
INSERT INTO trabalho.log_acesso VALUES ('log_31_1_0', '219328a1-cec6-4e8c-b003-52a3ec9766bb', 'usr_31');
INSERT INTO trabalho.log_acesso VALUES ('log_31_2_0', '219328a1-cec6-4e8c-b003-52a3ec9766bb', 'usr_31');
INSERT INTO trabalho.log_acesso VALUES ('log_31_3_0', '219328a1-cec6-4e8c-b003-52a3ec9766bb', 'usr_31');
INSERT INTO trabalho.log_acesso VALUES ('log_31_4_0', '219328a1-cec6-4e8c-b003-52a3ec9766bb', 'usr_31');
INSERT INTO trabalho.usuario_esta_inscrito_no_podcast VALUES (0, 'b553d865-8fe2-47de-9a30-10e1dea3bd1d', 'usr_31');
INSERT INTO trabalho.comentarios_podcast_usuario VALUES ('comment_31_0_1', 'Cumque harum molestias.', 'b553d865-8fe2-47de-9a30-10e1dea3bd1d', 'usr_31');
INSERT INTO trabalho.comentarios_podcast_usuario VALUES ('comment_31_1_1', 'Atque ipsum repellendus ut.', 'b553d865-8fe2-47de-9a30-10e1dea3bd1d', 'usr_31');
INSERT INTO trabalho.comentarios_podcast_usuario VALUES ('comment_31_2_1', 'Culpa quia fuga sunt placeat excepturi possimus voluptatem nihil ut.', 'b553d865-8fe2-47de-9a30-10e1dea3bd1d', 'usr_31');
INSERT INTO trabalho.comentarios_podcast_usuario VALUES ('comment_31_3_1', 'Ducimus pariatur quia repudiandae aut cupiditate et sed.', 'b553d865-8fe2-47de-9a30-10e1dea3bd1d', 'usr_31');
INSERT INTO trabalho.log_acesso VALUES ('log_31_0_1', 'b553d865-8fe2-47de-9a30-10e1dea3bd1d', 'usr_31');
INSERT INTO trabalho.log_acesso VALUES ('log_31_1_1', 'b553d865-8fe2-47de-9a30-10e1dea3bd1d', 'usr_31');
INSERT INTO trabalho.usuario_esta_inscrito_no_podcast VALUES (1, 'f0166bd2-8e4d-4308-b5d7-0b3d627c5dc5', 'usr_31');
INSERT INTO trabalho.comentarios_podcast_usuario VALUES ('comment_31_0_2', 'Quibusdam aliquam architecto culpa quia ab.', 'f0166bd2-8e4d-4308-b5d7-0b3d627c5dc5', 'usr_31');
INSERT INTO trabalho.comentarios_podcast_usuario VALUES ('comment_31_1_2', 'Qui deleniti consequuntur est labore.', 'f0166bd2-8e4d-4308-b5d7-0b3d627c5dc5', 'usr_31');
INSERT INTO trabalho.comentarios_podcast_usuario VALUES ('comment_31_2_2', 'Autem doloribus laborum voluptatem qui dolorum omnis nulla.', 'f0166bd2-8e4d-4308-b5d7-0b3d627c5dc5', 'usr_31');
INSERT INTO trabalho.log_acesso VALUES ('log_31_0_2', 'f0166bd2-8e4d-4308-b5d7-0b3d627c5dc5', 'usr_31');
INSERT INTO trabalho.log_acesso VALUES ('log_31_1_2', 'f0166bd2-8e4d-4308-b5d7-0b3d627c5dc5', 'usr_31');
INSERT INTO trabalho.log_acesso VALUES ('log_31_2_2', 'f0166bd2-8e4d-4308-b5d7-0b3d627c5dc5', 'usr_31');
INSERT INTO trabalho.log_acesso VALUES ('log_31_3_2', 'f0166bd2-8e4d-4308-b5d7-0b3d627c5dc5', 'usr_31');
INSERT INTO trabalho.usuario VALUES ('usr_32', '32_Joo98@hotmail.com', 'João Moraes', 'male', 5, trabalho.hashPassword('Password123'), 'Azerbaijão');
INSERT INTO trabalho.usuario_esta_inscrito_no_podcast VALUES (4, '7e429e8e-7669-403d-bb78-3cd7f9f75afd', 'usr_32');
INSERT INTO trabalho.comentarios_podcast_usuario VALUES ('comment_32_0_0', 'Voluptatem porro dolores enim officia quia.', '7e429e8e-7669-403d-bb78-3cd7f9f75afd', 'usr_32');
INSERT INTO trabalho.comentarios_podcast_usuario VALUES ('comment_32_1_0', 'Voluptas sunt beatae iste perspiciatis.', '7e429e8e-7669-403d-bb78-3cd7f9f75afd', 'usr_32');
INSERT INTO trabalho.comentarios_podcast_usuario VALUES ('comment_32_2_0', 'Illo nihil ratione sapiente.', '7e429e8e-7669-403d-bb78-3cd7f9f75afd', 'usr_32');
INSERT INTO trabalho.comentarios_podcast_usuario VALUES ('comment_32_3_0', 'Et commodi ipsum omnis.', '7e429e8e-7669-403d-bb78-3cd7f9f75afd', 'usr_32');
INSERT INTO trabalho.log_acesso VALUES ('log_32_0_0', '7e429e8e-7669-403d-bb78-3cd7f9f75afd', 'usr_32');
INSERT INTO trabalho.log_acesso VALUES ('log_32_1_0', '7e429e8e-7669-403d-bb78-3cd7f9f75afd', 'usr_32');
INSERT INTO trabalho.log_acesso VALUES ('log_32_2_0', '7e429e8e-7669-403d-bb78-3cd7f9f75afd', 'usr_32');
INSERT INTO trabalho.usuario_esta_inscrito_no_podcast VALUES (1, 'f0166bd2-8e4d-4308-b5d7-0b3d627c5dc5', 'usr_32');
INSERT INTO trabalho.comentarios_podcast_usuario VALUES ('comment_32_0_1', 'Atque est et eveniet eos.', 'f0166bd2-8e4d-4308-b5d7-0b3d627c5dc5', 'usr_32');
INSERT INTO trabalho.log_acesso VALUES ('log_32_0_1', 'f0166bd2-8e4d-4308-b5d7-0b3d627c5dc5', 'usr_32');
INSERT INTO trabalho.log_acesso VALUES ('log_32_1_1', 'f0166bd2-8e4d-4308-b5d7-0b3d627c5dc5', 'usr_32');
INSERT INTO trabalho.log_acesso VALUES ('log_32_2_1', 'f0166bd2-8e4d-4308-b5d7-0b3d627c5dc5', 'usr_32');
INSERT INTO trabalho.log_acesso VALUES ('log_32_3_1', 'f0166bd2-8e4d-4308-b5d7-0b3d627c5dc5', 'usr_32');
INSERT INTO trabalho.usuario_esta_inscrito_no_podcast VALUES (0, '5bdf7377-8330-4f9f-8efd-e95301c122ce', 'usr_32');
INSERT INTO trabalho.comentarios_podcast_usuario VALUES ('comment_32_0_2', 'Expedita quo asperiores tempore exercitationem laboriosam odit recusandae.', '5bdf7377-8330-4f9f-8efd-e95301c122ce', 'usr_32');
INSERT INTO trabalho.comentarios_podcast_usuario VALUES ('comment_32_1_2', 'Earum occaecati nihil.', '5bdf7377-8330-4f9f-8efd-e95301c122ce', 'usr_32');
INSERT INTO trabalho.comentarios_podcast_usuario VALUES ('comment_32_2_2', 'Accusantium illum temporibus quam quod facilis omnis quam.', '5bdf7377-8330-4f9f-8efd-e95301c122ce', 'usr_32');
INSERT INTO trabalho.comentarios_podcast_usuario VALUES ('comment_32_3_2', 'Et quis nemo.', '5bdf7377-8330-4f9f-8efd-e95301c122ce', 'usr_32');
INSERT INTO trabalho.log_acesso VALUES ('log_32_0_2', '5bdf7377-8330-4f9f-8efd-e95301c122ce', 'usr_32');
INSERT INTO trabalho.log_acesso VALUES ('log_32_1_2', '5bdf7377-8330-4f9f-8efd-e95301c122ce', 'usr_32');
INSERT INTO trabalho.log_acesso VALUES ('log_32_2_2', '5bdf7377-8330-4f9f-8efd-e95301c122ce', 'usr_32');
INSERT INTO trabalho.log_acesso VALUES ('log_32_3_2', '5bdf7377-8330-4f9f-8efd-e95301c122ce', 'usr_32');
INSERT INTO trabalho.usuario VALUES ('usr_33', '33_Rafael_Xavier@hotmail.com', 'Rafael Xavier', 'male', 59, trabalho.hashPassword('Password123'), 'Seicheles');
INSERT INTO trabalho.usuario_esta_inscrito_no_podcast VALUES (0, 'f8e13774-d631-4f34-93f0-2f5d55590265', 'usr_33');
INSERT INTO trabalho.comentarios_podcast_usuario VALUES ('comment_33_0_0', 'Ut quam quisquam totam eum laborum omnis nobis nobis.', 'f8e13774-d631-4f34-93f0-2f5d55590265', 'usr_33');
INSERT INTO trabalho.log_acesso VALUES ('log_33_0_0', 'f8e13774-d631-4f34-93f0-2f5d55590265', 'usr_33');
INSERT INTO trabalho.log_acesso VALUES ('log_33_1_0', 'f8e13774-d631-4f34-93f0-2f5d55590265', 'usr_33');
INSERT INTO trabalho.log_acesso VALUES ('log_33_2_0', 'f8e13774-d631-4f34-93f0-2f5d55590265', 'usr_33');
INSERT INTO trabalho.usuario_esta_inscrito_no_podcast VALUES (0, 'b553d865-8fe2-47de-9a30-10e1dea3bd1d', 'usr_33');
INSERT INTO trabalho.comentarios_podcast_usuario VALUES ('comment_33_0_1', 'Culpa nihil excepturi.', 'b553d865-8fe2-47de-9a30-10e1dea3bd1d', 'usr_33');
INSERT INTO trabalho.comentarios_podcast_usuario VALUES ('comment_33_1_1', 'Quibusdam sequi provident facere distinctio ab.', 'b553d865-8fe2-47de-9a30-10e1dea3bd1d', 'usr_33');
INSERT INTO trabalho.comentarios_podcast_usuario VALUES ('comment_33_2_1', 'Nobis laborum enim voluptatem vel.', 'b553d865-8fe2-47de-9a30-10e1dea3bd1d', 'usr_33');
INSERT INTO trabalho.comentarios_podcast_usuario VALUES ('comment_33_3_1', 'Occaecati quo veritatis quo aut.', 'b553d865-8fe2-47de-9a30-10e1dea3bd1d', 'usr_33');
INSERT INTO trabalho.log_acesso VALUES ('log_33_0_1', 'b553d865-8fe2-47de-9a30-10e1dea3bd1d', 'usr_33');
INSERT INTO trabalho.log_acesso VALUES ('log_33_1_1', 'b553d865-8fe2-47de-9a30-10e1dea3bd1d', 'usr_33');
INSERT INTO trabalho.log_acesso VALUES ('log_33_2_1', 'b553d865-8fe2-47de-9a30-10e1dea3bd1d', 'usr_33');
INSERT INTO trabalho.log_acesso VALUES ('log_33_3_1', 'b553d865-8fe2-47de-9a30-10e1dea3bd1d', 'usr_33');
INSERT INTO trabalho.usuario_esta_inscrito_no_podcast VALUES (3, 'de2f0ddb-9903-436a-a5e2-54224254c818', 'usr_33');
INSERT INTO trabalho.comentarios_podcast_usuario VALUES ('comment_33_0_2', 'Debitis nulla aspernatur commodi.', 'de2f0ddb-9903-436a-a5e2-54224254c818', 'usr_33');
INSERT INTO trabalho.comentarios_podcast_usuario VALUES ('comment_33_1_2', 'Incidunt vero porro.', 'de2f0ddb-9903-436a-a5e2-54224254c818', 'usr_33');
INSERT INTO trabalho.comentarios_podcast_usuario VALUES ('comment_33_2_2', 'Rerum corrupti et voluptas.', 'de2f0ddb-9903-436a-a5e2-54224254c818', 'usr_33');
INSERT INTO trabalho.log_acesso VALUES ('log_33_0_2', 'de2f0ddb-9903-436a-a5e2-54224254c818', 'usr_33');
INSERT INTO trabalho.log_acesso VALUES ('log_33_1_2', 'de2f0ddb-9903-436a-a5e2-54224254c818', 'usr_33');
INSERT INTO trabalho.log_acesso VALUES ('log_33_2_2', 'de2f0ddb-9903-436a-a5e2-54224254c818', 'usr_33');
INSERT INTO trabalho.log_acesso VALUES ('log_33_3_2', 'de2f0ddb-9903-436a-a5e2-54224254c818', 'usr_33');
INSERT INTO trabalho.log_acesso VALUES ('log_33_4_2', 'de2f0ddb-9903-436a-a5e2-54224254c818', 'usr_33');
INSERT INTO trabalho.log_acesso VALUES ('log_33_5_2', 'de2f0ddb-9903-436a-a5e2-54224254c818', 'usr_33');
INSERT INTO trabalho.usuario VALUES ('usr_34', '34_Isabella70@gmail.com', 'Isabella Carvalho', 'female', 6, trabalho.hashPassword('Password123'), 'Sri Lanka');
INSERT INTO trabalho.usuario_esta_inscrito_no_podcast VALUES (2, 'bc8dac25-793c-4a96-aafc-4ea7020f4f60', 'usr_34');
INSERT INTO trabalho.comentarios_podcast_usuario VALUES ('comment_34_0_0', 'Illum ut magnam.', 'bc8dac25-793c-4a96-aafc-4ea7020f4f60', 'usr_34');
INSERT INTO trabalho.comentarios_podcast_usuario VALUES ('comment_34_1_0', 'Aliquid suscipit quidem iure eaque et aut corrupti quibusdam.', 'bc8dac25-793c-4a96-aafc-4ea7020f4f60', 'usr_34');
INSERT INTO trabalho.log_acesso VALUES ('log_34_0_0', 'bc8dac25-793c-4a96-aafc-4ea7020f4f60', 'usr_34');
INSERT INTO trabalho.log_acesso VALUES ('log_34_1_0', 'bc8dac25-793c-4a96-aafc-4ea7020f4f60', 'usr_34');
INSERT INTO trabalho.log_acesso VALUES ('log_34_2_0', 'bc8dac25-793c-4a96-aafc-4ea7020f4f60', 'usr_34');
INSERT INTO trabalho.usuario_esta_inscrito_no_podcast VALUES (4, '219328a1-cec6-4e8c-b003-52a3ec9766bb', 'usr_34');
INSERT INTO trabalho.comentarios_podcast_usuario VALUES ('comment_34_0_1', 'Sit reprehenderit aut soluta voluptatem.', '219328a1-cec6-4e8c-b003-52a3ec9766bb', 'usr_34');
INSERT INTO trabalho.comentarios_podcast_usuario VALUES ('comment_34_1_1', 'Hic natus quia sequi est pariatur.', '219328a1-cec6-4e8c-b003-52a3ec9766bb', 'usr_34');
INSERT INTO trabalho.comentarios_podcast_usuario VALUES ('comment_34_2_1', 'Quo commodi eius.', '219328a1-cec6-4e8c-b003-52a3ec9766bb', 'usr_34');
INSERT INTO trabalho.log_acesso VALUES ('log_34_0_1', '219328a1-cec6-4e8c-b003-52a3ec9766bb', 'usr_34');
INSERT INTO trabalho.log_acesso VALUES ('log_34_1_1', '219328a1-cec6-4e8c-b003-52a3ec9766bb', 'usr_34');
INSERT INTO trabalho.usuario_esta_inscrito_no_podcast VALUES (1, 'de2f0ddb-9903-436a-a5e2-54224254c818', 'usr_34');
INSERT INTO trabalho.comentarios_podcast_usuario VALUES ('comment_34_0_2', 'Dicta recusandae eos molestias ullam ut.', 'de2f0ddb-9903-436a-a5e2-54224254c818', 'usr_34');
INSERT INTO trabalho.comentarios_podcast_usuario VALUES ('comment_34_1_2', 'Porro in eum quo laborum.', 'de2f0ddb-9903-436a-a5e2-54224254c818', 'usr_34');
INSERT INTO trabalho.log_acesso VALUES ('log_34_0_2', 'de2f0ddb-9903-436a-a5e2-54224254c818', 'usr_34');
INSERT INTO trabalho.log_acesso VALUES ('log_34_1_2', 'de2f0ddb-9903-436a-a5e2-54224254c818', 'usr_34');
INSERT INTO trabalho.usuario VALUES ('usr_35', '35_Vitria.Barros86@hotmail.com', 'Vitória Barros', 'female', 35, trabalho.hashPassword('Password123'), 'Sao Tomé e Príncipe');
INSERT INTO trabalho.usuario_esta_inscrito_no_podcast VALUES (2, 'de2f0ddb-9903-436a-a5e2-54224254c818', 'usr_35');
INSERT INTO trabalho.comentarios_podcast_usuario VALUES ('comment_35_0_0', 'Et voluptatem est autem.', 'de2f0ddb-9903-436a-a5e2-54224254c818', 'usr_35');
INSERT INTO trabalho.comentarios_podcast_usuario VALUES ('comment_35_1_0', 'Veniam laborum sunt.', 'de2f0ddb-9903-436a-a5e2-54224254c818', 'usr_35');
INSERT INTO trabalho.comentarios_podcast_usuario VALUES ('comment_35_2_0', 'Deserunt et minus qui officia.', 'de2f0ddb-9903-436a-a5e2-54224254c818', 'usr_35');
INSERT INTO trabalho.comentarios_podcast_usuario VALUES ('comment_35_3_0', 'Inventore et dolore ad facilis odio rerum unde nesciunt illum.', 'de2f0ddb-9903-436a-a5e2-54224254c818', 'usr_35');
INSERT INTO trabalho.log_acesso VALUES ('log_35_0_0', 'de2f0ddb-9903-436a-a5e2-54224254c818', 'usr_35');
INSERT INTO trabalho.log_acesso VALUES ('log_35_1_0', 'de2f0ddb-9903-436a-a5e2-54224254c818', 'usr_35');
INSERT INTO trabalho.log_acesso VALUES ('log_35_2_0', 'de2f0ddb-9903-436a-a5e2-54224254c818', 'usr_35');
INSERT INTO trabalho.log_acesso VALUES ('log_35_3_0', 'de2f0ddb-9903-436a-a5e2-54224254c818', 'usr_35');
INSERT INTO trabalho.log_acesso VALUES ('log_35_4_0', 'de2f0ddb-9903-436a-a5e2-54224254c818', 'usr_35');
INSERT INTO trabalho.usuario_esta_inscrito_no_podcast VALUES (3, '168c1536-4c42-4b8f-8c77-f06affefec6a', 'usr_35');
INSERT INTO trabalho.comentarios_podcast_usuario VALUES ('comment_35_0_1', 'Iusto ab velit.', '168c1536-4c42-4b8f-8c77-f06affefec6a', 'usr_35');
INSERT INTO trabalho.log_acesso VALUES ('log_35_0_1', '168c1536-4c42-4b8f-8c77-f06affefec6a', 'usr_35');
INSERT INTO trabalho.log_acesso VALUES ('log_35_1_1', '168c1536-4c42-4b8f-8c77-f06affefec6a', 'usr_35');
INSERT INTO trabalho.log_acesso VALUES ('log_35_2_1', '168c1536-4c42-4b8f-8c77-f06affefec6a', 'usr_35');
INSERT INTO trabalho.log_acesso VALUES ('log_35_3_1', '168c1536-4c42-4b8f-8c77-f06affefec6a', 'usr_35');
INSERT INTO trabalho.log_acesso VALUES ('log_35_4_1', '168c1536-4c42-4b8f-8c77-f06affefec6a', 'usr_35');
INSERT INTO trabalho.log_acesso VALUES ('log_35_5_1', '168c1536-4c42-4b8f-8c77-f06affefec6a', 'usr_35');
INSERT INTO trabalho.usuario_esta_inscrito_no_podcast VALUES (0, '67074e68-bc2f-442b-8af2-7d328b6af6eb', 'usr_35');
INSERT INTO trabalho.comentarios_podcast_usuario VALUES ('comment_35_0_2', 'Ut non dolorem quasi recusandae eos dolorem voluptatem.', '67074e68-bc2f-442b-8af2-7d328b6af6eb', 'usr_35');
INSERT INTO trabalho.comentarios_podcast_usuario VALUES ('comment_35_1_2', 'Nihil debitis voluptate quia dolorum.', '67074e68-bc2f-442b-8af2-7d328b6af6eb', 'usr_35');
INSERT INTO trabalho.comentarios_podcast_usuario VALUES ('comment_35_2_2', 'Sint ad quia eum neque dolorem autem doloribus ab voluptas.', '67074e68-bc2f-442b-8af2-7d328b6af6eb', 'usr_35');
INSERT INTO trabalho.log_acesso VALUES ('log_35_0_2', '67074e68-bc2f-442b-8af2-7d328b6af6eb', 'usr_35');
INSERT INTO trabalho.usuario VALUES ('usr_36', '36_Fabrcia_Nogueira89@bol.com.br', 'Fabrícia Nogueira', 'female', 35, trabalho.hashPassword('Password123'), 'Vaticano');
INSERT INTO trabalho.usuario_esta_inscrito_no_podcast VALUES (4, 'af46a958-b921-47b6-9f87-5c4fdc68ea79', 'usr_36');
INSERT INTO trabalho.comentarios_podcast_usuario VALUES ('comment_36_0_0', 'Non accusamus sequi.', 'af46a958-b921-47b6-9f87-5c4fdc68ea79', 'usr_36');
INSERT INTO trabalho.comentarios_podcast_usuario VALUES ('comment_36_1_0', 'Ipsam laudantium aut aliquam fugit autem aut numquam neque.', 'af46a958-b921-47b6-9f87-5c4fdc68ea79', 'usr_36');
INSERT INTO trabalho.comentarios_podcast_usuario VALUES ('comment_36_2_0', 'Voluptates perspiciatis voluptas fugiat.', 'af46a958-b921-47b6-9f87-5c4fdc68ea79', 'usr_36');
INSERT INTO trabalho.comentarios_podcast_usuario VALUES ('comment_36_3_0', 'Quas explicabo est consectetur neque qui sequi molestiae neque.', 'af46a958-b921-47b6-9f87-5c4fdc68ea79', 'usr_36');
INSERT INTO trabalho.comentarios_podcast_usuario VALUES ('comment_36_4_0', 'Velit esse quod.', 'af46a958-b921-47b6-9f87-5c4fdc68ea79', 'usr_36');
INSERT INTO trabalho.comentarios_podcast_usuario VALUES ('comment_36_5_0', 'Aliquid eum doloremque ea nemo pariatur dolorem quia error.', 'af46a958-b921-47b6-9f87-5c4fdc68ea79', 'usr_36');
INSERT INTO trabalho.log_acesso VALUES ('log_36_0_0', 'af46a958-b921-47b6-9f87-5c4fdc68ea79', 'usr_36');
INSERT INTO trabalho.log_acesso VALUES ('log_36_1_0', 'af46a958-b921-47b6-9f87-5c4fdc68ea79', 'usr_36');
INSERT INTO trabalho.log_acesso VALUES ('log_36_2_0', 'af46a958-b921-47b6-9f87-5c4fdc68ea79', 'usr_36');
INSERT INTO trabalho.log_acesso VALUES ('log_36_3_0', 'af46a958-b921-47b6-9f87-5c4fdc68ea79', 'usr_36');
INSERT INTO trabalho.usuario_esta_inscrito_no_podcast VALUES (3, 'f8e13774-d631-4f34-93f0-2f5d55590265', 'usr_36');
INSERT INTO trabalho.comentarios_podcast_usuario VALUES ('comment_36_0_1', 'Aut dolor maiores adipisci earum esse eligendi tenetur quae et.', 'f8e13774-d631-4f34-93f0-2f5d55590265', 'usr_36');
INSERT INTO trabalho.comentarios_podcast_usuario VALUES ('comment_36_1_1', 'Quos asperiores et ad voluptatem.', 'f8e13774-d631-4f34-93f0-2f5d55590265', 'usr_36');
INSERT INTO trabalho.comentarios_podcast_usuario VALUES ('comment_36_2_1', 'Veniam nisi iure.', 'f8e13774-d631-4f34-93f0-2f5d55590265', 'usr_36');
INSERT INTO trabalho.comentarios_podcast_usuario VALUES ('comment_36_3_1', 'Et et ut et est id accusantium ullam laudantium quibusdam.', 'f8e13774-d631-4f34-93f0-2f5d55590265', 'usr_36');
INSERT INTO trabalho.comentarios_podcast_usuario VALUES ('comment_36_4_1', 'Inventore eos consectetur cum.', 'f8e13774-d631-4f34-93f0-2f5d55590265', 'usr_36');
INSERT INTO trabalho.comentarios_podcast_usuario VALUES ('comment_36_5_1', 'Similique et aperiam occaecati sint esse.', 'f8e13774-d631-4f34-93f0-2f5d55590265', 'usr_36');
INSERT INTO trabalho.log_acesso VALUES ('log_36_0_1', 'f8e13774-d631-4f34-93f0-2f5d55590265', 'usr_36');
INSERT INTO trabalho.log_acesso VALUES ('log_36_1_1', 'f8e13774-d631-4f34-93f0-2f5d55590265', 'usr_36');
INSERT INTO trabalho.log_acesso VALUES ('log_36_2_1', 'f8e13774-d631-4f34-93f0-2f5d55590265', 'usr_36');
INSERT INTO trabalho.usuario_esta_inscrito_no_podcast VALUES (4, 'bc8dac25-793c-4a96-aafc-4ea7020f4f60', 'usr_36');
INSERT INTO trabalho.comentarios_podcast_usuario VALUES ('comment_36_0_2', 'Expedita dicta accusantium est similique dolorem.', 'bc8dac25-793c-4a96-aafc-4ea7020f4f60', 'usr_36');
INSERT INTO trabalho.comentarios_podcast_usuario VALUES ('comment_36_1_2', 'Vero et quia mollitia autem laborum.', 'bc8dac25-793c-4a96-aafc-4ea7020f4f60', 'usr_36');
INSERT INTO trabalho.comentarios_podcast_usuario VALUES ('comment_36_2_2', 'Sequi omnis sed.', 'bc8dac25-793c-4a96-aafc-4ea7020f4f60', 'usr_36');
INSERT INTO trabalho.comentarios_podcast_usuario VALUES ('comment_36_3_2', 'Impedit eum tempore velit eos dolorem.', 'bc8dac25-793c-4a96-aafc-4ea7020f4f60', 'usr_36');
INSERT INTO trabalho.log_acesso VALUES ('log_36_0_2', 'bc8dac25-793c-4a96-aafc-4ea7020f4f60', 'usr_36');
INSERT INTO trabalho.log_acesso VALUES ('log_36_1_2', 'bc8dac25-793c-4a96-aafc-4ea7020f4f60', 'usr_36');
INSERT INTO trabalho.log_acesso VALUES ('log_36_2_2', 'bc8dac25-793c-4a96-aafc-4ea7020f4f60', 'usr_36');
INSERT INTO trabalho.log_acesso VALUES ('log_36_3_2', 'bc8dac25-793c-4a96-aafc-4ea7020f4f60', 'usr_36');
INSERT INTO trabalho.usuario VALUES ('usr_37', '37_Guilherme.Melo@hotmail.com', 'Guilherme Melo', 'male', 1, trabalho.hashPassword('Password123'), 'Estados Unidos da América');
INSERT INTO trabalho.usuario_esta_inscrito_no_podcast VALUES (5, '67074e68-bc2f-442b-8af2-7d328b6af6eb', 'usr_37');
INSERT INTO trabalho.comentarios_podcast_usuario VALUES ('comment_37_0_0', 'Tempore quidem eveniet illo tempore.', '67074e68-bc2f-442b-8af2-7d328b6af6eb', 'usr_37');
INSERT INTO trabalho.comentarios_podcast_usuario VALUES ('comment_37_1_0', 'Architecto perferendis est quasi ipsa et commodi quod.', '67074e68-bc2f-442b-8af2-7d328b6af6eb', 'usr_37');
INSERT INTO trabalho.log_acesso VALUES ('log_37_0_0', '67074e68-bc2f-442b-8af2-7d328b6af6eb', 'usr_37');
INSERT INTO trabalho.usuario_esta_inscrito_no_podcast VALUES (5, 'f0166bd2-8e4d-4308-b5d7-0b3d627c5dc5', 'usr_37');
INSERT INTO trabalho.comentarios_podcast_usuario VALUES ('comment_37_0_1', 'Sed autem illum quidem atque molestias quasi quaerat ut.', 'f0166bd2-8e4d-4308-b5d7-0b3d627c5dc5', 'usr_37');
INSERT INTO trabalho.comentarios_podcast_usuario VALUES ('comment_37_1_1', 'Voluptates nulla aut accusamus quia.', 'f0166bd2-8e4d-4308-b5d7-0b3d627c5dc5', 'usr_37');
INSERT INTO trabalho.log_acesso VALUES ('log_37_0_1', 'f0166bd2-8e4d-4308-b5d7-0b3d627c5dc5', 'usr_37');
INSERT INTO trabalho.log_acesso VALUES ('log_37_1_1', 'f0166bd2-8e4d-4308-b5d7-0b3d627c5dc5', 'usr_37');
INSERT INTO trabalho.log_acesso VALUES ('log_37_2_1', 'f0166bd2-8e4d-4308-b5d7-0b3d627c5dc5', 'usr_37');
INSERT INTO trabalho.log_acesso VALUES ('log_37_3_1', 'f0166bd2-8e4d-4308-b5d7-0b3d627c5dc5', 'usr_37');
INSERT INTO trabalho.usuario_esta_inscrito_no_podcast VALUES (3, 'bc8dac25-793c-4a96-aafc-4ea7020f4f60', 'usr_37');
INSERT INTO trabalho.comentarios_podcast_usuario VALUES ('comment_37_0_2', 'Id doloribus minima sunt.', 'bc8dac25-793c-4a96-aafc-4ea7020f4f60', 'usr_37');
INSERT INTO trabalho.comentarios_podcast_usuario VALUES ('comment_37_1_2', 'Ad est minima nostrum exercitationem omnis.', 'bc8dac25-793c-4a96-aafc-4ea7020f4f60', 'usr_37');
INSERT INTO trabalho.log_acesso VALUES ('log_37_0_2', 'bc8dac25-793c-4a96-aafc-4ea7020f4f60', 'usr_37');
INSERT INTO trabalho.log_acesso VALUES ('log_37_1_2', 'bc8dac25-793c-4a96-aafc-4ea7020f4f60', 'usr_37');
INSERT INTO trabalho.log_acesso VALUES ('log_37_2_2', 'bc8dac25-793c-4a96-aafc-4ea7020f4f60', 'usr_37');
INSERT INTO trabalho.usuario VALUES ('usr_38', '38_Murilo7@yahoo.com', 'Murilo Silva', 'male', 57, trabalho.hashPassword('Password123'), 'Espanha');
INSERT INTO trabalho.usuario_esta_inscrito_no_podcast VALUES (3, 'bc8dac25-793c-4a96-aafc-4ea7020f4f60', 'usr_38');
INSERT INTO trabalho.comentarios_podcast_usuario VALUES ('comment_38_0_0', 'Ut omnis consequatur expedita esse.', 'bc8dac25-793c-4a96-aafc-4ea7020f4f60', 'usr_38');
INSERT INTO trabalho.comentarios_podcast_usuario VALUES ('comment_38_1_0', 'Itaque natus illum excepturi.', 'bc8dac25-793c-4a96-aafc-4ea7020f4f60', 'usr_38');
INSERT INTO trabalho.comentarios_podcast_usuario VALUES ('comment_38_2_0', 'Natus amet vero laudantium veritatis.', 'bc8dac25-793c-4a96-aafc-4ea7020f4f60', 'usr_38');
INSERT INTO trabalho.comentarios_podcast_usuario VALUES ('comment_38_3_0', 'Est nesciunt fugiat consequatur in error ea.', 'bc8dac25-793c-4a96-aafc-4ea7020f4f60', 'usr_38');
INSERT INTO trabalho.log_acesso VALUES ('log_38_0_0', 'bc8dac25-793c-4a96-aafc-4ea7020f4f60', 'usr_38');
INSERT INTO trabalho.log_acesso VALUES ('log_38_1_0', 'bc8dac25-793c-4a96-aafc-4ea7020f4f60', 'usr_38');
INSERT INTO trabalho.usuario_esta_inscrito_no_podcast VALUES (4, '219328a1-cec6-4e8c-b003-52a3ec9766bb', 'usr_38');
INSERT INTO trabalho.comentarios_podcast_usuario VALUES ('comment_38_0_1', 'Provident consequatur facilis ut et doloribus aut aliquam.', '219328a1-cec6-4e8c-b003-52a3ec9766bb', 'usr_38');
INSERT INTO trabalho.comentarios_podcast_usuario VALUES ('comment_38_1_1', 'Vel natus perspiciatis dolore sed dolorum.', '219328a1-cec6-4e8c-b003-52a3ec9766bb', 'usr_38');
INSERT INTO trabalho.comentarios_podcast_usuario VALUES ('comment_38_2_1', 'Error eligendi suscipit quo omnis omnis sit quos corporis odio.', '219328a1-cec6-4e8c-b003-52a3ec9766bb', 'usr_38');
INSERT INTO trabalho.log_acesso VALUES ('log_38_0_1', '219328a1-cec6-4e8c-b003-52a3ec9766bb', 'usr_38');
INSERT INTO trabalho.log_acesso VALUES ('log_38_1_1', '219328a1-cec6-4e8c-b003-52a3ec9766bb', 'usr_38');
INSERT INTO trabalho.log_acesso VALUES ('log_38_2_1', '219328a1-cec6-4e8c-b003-52a3ec9766bb', 'usr_38');
INSERT INTO trabalho.log_acesso VALUES ('log_38_3_1', '219328a1-cec6-4e8c-b003-52a3ec9766bb', 'usr_38');
INSERT INTO trabalho.usuario_esta_inscrito_no_podcast VALUES (3, '5bdf7377-8330-4f9f-8efd-e95301c122ce', 'usr_38');
INSERT INTO trabalho.comentarios_podcast_usuario VALUES ('comment_38_0_2', 'Consequuntur ab ipsam quidem.', '5bdf7377-8330-4f9f-8efd-e95301c122ce', 'usr_38');
INSERT INTO trabalho.comentarios_podcast_usuario VALUES ('comment_38_1_2', 'Exercitationem facere at.', '5bdf7377-8330-4f9f-8efd-e95301c122ce', 'usr_38');
INSERT INTO trabalho.log_acesso VALUES ('log_38_0_2', '5bdf7377-8330-4f9f-8efd-e95301c122ce', 'usr_38');
INSERT INTO trabalho.log_acesso VALUES ('log_38_1_2', '5bdf7377-8330-4f9f-8efd-e95301c122ce', 'usr_38');
INSERT INTO trabalho.log_acesso VALUES ('log_38_2_2', '5bdf7377-8330-4f9f-8efd-e95301c122ce', 'usr_38');
INSERT INTO trabalho.log_acesso VALUES ('log_38_3_2', '5bdf7377-8330-4f9f-8efd-e95301c122ce', 'usr_38');
INSERT INTO trabalho.log_acesso VALUES ('log_38_4_2', '5bdf7377-8330-4f9f-8efd-e95301c122ce', 'usr_38');
INSERT INTO trabalho.usuario VALUES ('usr_39', '39_MariaClara.Melo@hotmail.com', 'Maria Clara Melo', 'female', 5, trabalho.hashPassword('Password123'), 'Polinésia Francesa');
INSERT INTO trabalho.usuario_esta_inscrito_no_podcast VALUES (2, '219328a1-cec6-4e8c-b003-52a3ec9766bb', 'usr_39');
INSERT INTO trabalho.comentarios_podcast_usuario VALUES ('comment_39_0_0', 'Dolores commodi et in praesentium sapiente.', '219328a1-cec6-4e8c-b003-52a3ec9766bb', 'usr_39');
INSERT INTO trabalho.comentarios_podcast_usuario VALUES ('comment_39_1_0', 'Cum aperiam consequuntur cupiditate.', '219328a1-cec6-4e8c-b003-52a3ec9766bb', 'usr_39');
INSERT INTO trabalho.comentarios_podcast_usuario VALUES ('comment_39_2_0', 'Labore tempore provident velit blanditiis.', '219328a1-cec6-4e8c-b003-52a3ec9766bb', 'usr_39');
INSERT INTO trabalho.comentarios_podcast_usuario VALUES ('comment_39_3_0', 'Dolorem deleniti qui earum et.', '219328a1-cec6-4e8c-b003-52a3ec9766bb', 'usr_39');
INSERT INTO trabalho.log_acesso VALUES ('log_39_0_0', '219328a1-cec6-4e8c-b003-52a3ec9766bb', 'usr_39');
INSERT INTO trabalho.usuario_esta_inscrito_no_podcast VALUES (1, '7e429e8e-7669-403d-bb78-3cd7f9f75afd', 'usr_39');
INSERT INTO trabalho.comentarios_podcast_usuario VALUES ('comment_39_0_1', 'Nobis illum autem possimus qui ea.', '7e429e8e-7669-403d-bb78-3cd7f9f75afd', 'usr_39');
INSERT INTO trabalho.comentarios_podcast_usuario VALUES ('comment_39_1_1', 'Cumque qui pariatur sit illo.', '7e429e8e-7669-403d-bb78-3cd7f9f75afd', 'usr_39');
INSERT INTO trabalho.comentarios_podcast_usuario VALUES ('comment_39_2_1', 'Placeat quia maxime dolorem sed eum alias.', '7e429e8e-7669-403d-bb78-3cd7f9f75afd', 'usr_39');
INSERT INTO trabalho.log_acesso VALUES ('log_39_0_1', '7e429e8e-7669-403d-bb78-3cd7f9f75afd', 'usr_39');
INSERT INTO trabalho.usuario_esta_inscrito_no_podcast VALUES (0, 'c58b280a-56d4-4ad8-8c85-730e4ea86361', 'usr_39');
INSERT INTO trabalho.comentarios_podcast_usuario VALUES ('comment_39_0_2', 'Et tempora voluptatem porro earum quo porro sequi.', 'c58b280a-56d4-4ad8-8c85-730e4ea86361', 'usr_39');
INSERT INTO trabalho.comentarios_podcast_usuario VALUES ('comment_39_1_2', 'Veniam error ut eum omnis fuga quis aut dicta debitis.', 'c58b280a-56d4-4ad8-8c85-730e4ea86361', 'usr_39');
INSERT INTO trabalho.log_acesso VALUES ('log_39_0_2', 'c58b280a-56d4-4ad8-8c85-730e4ea86361', 'usr_39');
INSERT INTO trabalho.log_acesso VALUES ('log_39_1_2', 'c58b280a-56d4-4ad8-8c85-730e4ea86361', 'usr_39');
INSERT INTO trabalho.log_acesso VALUES ('log_39_2_2', 'c58b280a-56d4-4ad8-8c85-730e4ea86361', 'usr_39');
INSERT INTO trabalho.log_acesso VALUES ('log_39_3_2', 'c58b280a-56d4-4ad8-8c85-730e4ea86361', 'usr_39');
INSERT INTO trabalho.log_acesso VALUES ('log_39_4_2', 'c58b280a-56d4-4ad8-8c85-730e4ea86361', 'usr_39');
INSERT INTO trabalho.log_acesso VALUES ('log_39_5_2', 'c58b280a-56d4-4ad8-8c85-730e4ea86361', 'usr_39');
INSERT INTO trabalho.log_acesso VALUES ('log_39_6_2', 'c58b280a-56d4-4ad8-8c85-730e4ea86361', 'usr_39');
INSERT INTO trabalho.usuario VALUES ('usr_40', '40_Bruna.Costa66@live.com', 'Bruna Costa', 'female', 31, trabalho.hashPassword('Password123'), 'Ilhas Cocos');
INSERT INTO trabalho.usuario_esta_inscrito_no_podcast VALUES (4, 'af46a958-b921-47b6-9f87-5c4fdc68ea79', 'usr_40');
INSERT INTO trabalho.comentarios_podcast_usuario VALUES ('comment_40_0_0', 'Quibusdam magni quidem sit.', 'af46a958-b921-47b6-9f87-5c4fdc68ea79', 'usr_40');
INSERT INTO trabalho.comentarios_podcast_usuario VALUES ('comment_40_1_0', 'Et ut molestias aut asperiores aut et.', 'af46a958-b921-47b6-9f87-5c4fdc68ea79', 'usr_40');
INSERT INTO trabalho.comentarios_podcast_usuario VALUES ('comment_40_2_0', 'Aut autem iusto.', 'af46a958-b921-47b6-9f87-5c4fdc68ea79', 'usr_40');
INSERT INTO trabalho.comentarios_podcast_usuario VALUES ('comment_40_3_0', 'Quam officia rerum neque ut quasi enim ut odio sit.', 'af46a958-b921-47b6-9f87-5c4fdc68ea79', 'usr_40');
INSERT INTO trabalho.log_acesso VALUES ('log_40_0_0', 'af46a958-b921-47b6-9f87-5c4fdc68ea79', 'usr_40');
INSERT INTO trabalho.log_acesso VALUES ('log_40_1_0', 'af46a958-b921-47b6-9f87-5c4fdc68ea79', 'usr_40');
INSERT INTO trabalho.log_acesso VALUES ('log_40_2_0', 'af46a958-b921-47b6-9f87-5c4fdc68ea79', 'usr_40');
INSERT INTO trabalho.usuario_esta_inscrito_no_podcast VALUES (4, '67074e68-bc2f-442b-8af2-7d328b6af6eb', 'usr_40');
INSERT INTO trabalho.comentarios_podcast_usuario VALUES ('comment_40_0_1', 'Et dicta officiis ratione veniam vitae.', '67074e68-bc2f-442b-8af2-7d328b6af6eb', 'usr_40');
INSERT INTO trabalho.log_acesso VALUES ('log_40_0_1', '67074e68-bc2f-442b-8af2-7d328b6af6eb', 'usr_40');
INSERT INTO trabalho.log_acesso VALUES ('log_40_1_1', '67074e68-bc2f-442b-8af2-7d328b6af6eb', 'usr_40');
INSERT INTO trabalho.log_acesso VALUES ('log_40_2_1', '67074e68-bc2f-442b-8af2-7d328b6af6eb', 'usr_40');
INSERT INTO trabalho.usuario_esta_inscrito_no_podcast VALUES (5, 'bc8dac25-793c-4a96-aafc-4ea7020f4f60', 'usr_40');
INSERT INTO trabalho.comentarios_podcast_usuario VALUES ('comment_40_0_2', 'Non ut molestiae dolorem ut.', 'bc8dac25-793c-4a96-aafc-4ea7020f4f60', 'usr_40');
INSERT INTO trabalho.comentarios_podcast_usuario VALUES ('comment_40_1_2', 'Amet sapiente odio ex mollitia ut.', 'bc8dac25-793c-4a96-aafc-4ea7020f4f60', 'usr_40');
INSERT INTO trabalho.comentarios_podcast_usuario VALUES ('comment_40_2_2', 'Pariatur et earum expedita consequatur ipsam inventore ea.', 'bc8dac25-793c-4a96-aafc-4ea7020f4f60', 'usr_40');
INSERT INTO trabalho.comentarios_podcast_usuario VALUES ('comment_40_3_2', 'Corrupti porro cupiditate illum atque eos et error nulla.', 'bc8dac25-793c-4a96-aafc-4ea7020f4f60', 'usr_40');
INSERT INTO trabalho.comentarios_podcast_usuario VALUES ('comment_40_4_2', 'Mollitia in qui consectetur.', 'bc8dac25-793c-4a96-aafc-4ea7020f4f60', 'usr_40');
INSERT INTO trabalho.log_acesso VALUES ('log_40_0_2', 'bc8dac25-793c-4a96-aafc-4ea7020f4f60', 'usr_40');
INSERT INTO trabalho.log_acesso VALUES ('log_40_1_2', 'bc8dac25-793c-4a96-aafc-4ea7020f4f60', 'usr_40');
INSERT INTO trabalho.log_acesso VALUES ('log_40_2_2', 'bc8dac25-793c-4a96-aafc-4ea7020f4f60', 'usr_40');
INSERT INTO trabalho.usuario VALUES ('usr_41', '41_Larissa38@hotmail.com', 'Larissa Albuquerque', 'female', 14, trabalho.hashPassword('Password123'), 'Qatar');
INSERT INTO trabalho.usuario_esta_inscrito_no_podcast VALUES (5, 'af46a958-b921-47b6-9f87-5c4fdc68ea79', 'usr_41');
INSERT INTO trabalho.comentarios_podcast_usuario VALUES ('comment_41_0_0', 'Cumque qui quaerat fuga repellat qui.', 'af46a958-b921-47b6-9f87-5c4fdc68ea79', 'usr_41');
INSERT INTO trabalho.comentarios_podcast_usuario VALUES ('comment_41_1_0', 'Perspiciatis eum ea quidem blanditiis ex velit ut necessitatibus est.', 'af46a958-b921-47b6-9f87-5c4fdc68ea79', 'usr_41');
INSERT INTO trabalho.comentarios_podcast_usuario VALUES ('comment_41_2_0', 'Odit esse sint blanditiis temporibus.', 'af46a958-b921-47b6-9f87-5c4fdc68ea79', 'usr_41');
INSERT INTO trabalho.log_acesso VALUES ('log_41_0_0', 'af46a958-b921-47b6-9f87-5c4fdc68ea79', 'usr_41');
INSERT INTO trabalho.log_acesso VALUES ('log_41_1_0', 'af46a958-b921-47b6-9f87-5c4fdc68ea79', 'usr_41');
INSERT INTO trabalho.log_acesso VALUES ('log_41_2_0', 'af46a958-b921-47b6-9f87-5c4fdc68ea79', 'usr_41');
INSERT INTO trabalho.log_acesso VALUES ('log_41_3_0', 'af46a958-b921-47b6-9f87-5c4fdc68ea79', 'usr_41');
INSERT INTO trabalho.usuario_esta_inscrito_no_podcast VALUES (2, 'fa3abe16-3645-4d22-a01d-893e6f20c408', 'usr_41');
INSERT INTO trabalho.comentarios_podcast_usuario VALUES ('comment_41_0_1', 'Et cumque enim ab quo distinctio architecto nemo sed.', 'fa3abe16-3645-4d22-a01d-893e6f20c408', 'usr_41');
INSERT INTO trabalho.comentarios_podcast_usuario VALUES ('comment_41_1_1', 'Consequatur asperiores fuga optio dicta voluptas.', 'fa3abe16-3645-4d22-a01d-893e6f20c408', 'usr_41');
INSERT INTO trabalho.comentarios_podcast_usuario VALUES ('comment_41_2_1', 'Totam minus corrupti praesentium qui.', 'fa3abe16-3645-4d22-a01d-893e6f20c408', 'usr_41');
INSERT INTO trabalho.log_acesso VALUES ('log_41_0_1', 'fa3abe16-3645-4d22-a01d-893e6f20c408', 'usr_41');
INSERT INTO trabalho.usuario_esta_inscrito_no_podcast VALUES (0, 'bc8dac25-793c-4a96-aafc-4ea7020f4f60', 'usr_41');
INSERT INTO trabalho.comentarios_podcast_usuario VALUES ('comment_41_0_2', 'Quis sapiente omnis.', 'bc8dac25-793c-4a96-aafc-4ea7020f4f60', 'usr_41');
INSERT INTO trabalho.comentarios_podcast_usuario VALUES ('comment_41_1_2', 'Reprehenderit magni nihil repellat id est tempore ut culpa.', 'bc8dac25-793c-4a96-aafc-4ea7020f4f60', 'usr_41');
INSERT INTO trabalho.log_acesso VALUES ('log_41_0_2', 'bc8dac25-793c-4a96-aafc-4ea7020f4f60', 'usr_41');
INSERT INTO trabalho.usuario VALUES ('usr_42', '42_Eduarda_Moraes69@hotmail.com', 'Eduarda Moraes', 'female', 11, trabalho.hashPassword('Password123'), 'Bôsnia');
INSERT INTO trabalho.usuario_esta_inscrito_no_podcast VALUES (4, '67074e68-bc2f-442b-8af2-7d328b6af6eb', 'usr_42');
INSERT INTO trabalho.comentarios_podcast_usuario VALUES ('comment_42_0_0', 'Aperiam libero facilis nobis.', '67074e68-bc2f-442b-8af2-7d328b6af6eb', 'usr_42');
INSERT INTO trabalho.comentarios_podcast_usuario VALUES ('comment_42_1_0', 'Libero iure exercitationem qui soluta quos doloremque quia consequatur.', '67074e68-bc2f-442b-8af2-7d328b6af6eb', 'usr_42');
INSERT INTO trabalho.log_acesso VALUES ('log_42_0_0', '67074e68-bc2f-442b-8af2-7d328b6af6eb', 'usr_42');
INSERT INTO trabalho.log_acesso VALUES ('log_42_1_0', '67074e68-bc2f-442b-8af2-7d328b6af6eb', 'usr_42');
INSERT INTO trabalho.log_acesso VALUES ('log_42_2_0', '67074e68-bc2f-442b-8af2-7d328b6af6eb', 'usr_42');
INSERT INTO trabalho.log_acesso VALUES ('log_42_3_0', '67074e68-bc2f-442b-8af2-7d328b6af6eb', 'usr_42');
INSERT INTO trabalho.log_acesso VALUES ('log_42_4_0', '67074e68-bc2f-442b-8af2-7d328b6af6eb', 'usr_42');
INSERT INTO trabalho.usuario_esta_inscrito_no_podcast VALUES (2, 'f8e13774-d631-4f34-93f0-2f5d55590265', 'usr_42');
INSERT INTO trabalho.comentarios_podcast_usuario VALUES ('comment_42_0_1', 'Rem modi quisquam delectus aut doloribus.', 'f8e13774-d631-4f34-93f0-2f5d55590265', 'usr_42');
INSERT INTO trabalho.log_acesso VALUES ('log_42_0_1', 'f8e13774-d631-4f34-93f0-2f5d55590265', 'usr_42');
INSERT INTO trabalho.log_acesso VALUES ('log_42_1_1', 'f8e13774-d631-4f34-93f0-2f5d55590265', 'usr_42');
INSERT INTO trabalho.log_acesso VALUES ('log_42_2_1', 'f8e13774-d631-4f34-93f0-2f5d55590265', 'usr_42');
INSERT INTO trabalho.log_acesso VALUES ('log_42_3_1', 'f8e13774-d631-4f34-93f0-2f5d55590265', 'usr_42');
INSERT INTO trabalho.log_acesso VALUES ('log_42_4_1', 'f8e13774-d631-4f34-93f0-2f5d55590265', 'usr_42');
INSERT INTO trabalho.log_acesso VALUES ('log_42_5_1', 'f8e13774-d631-4f34-93f0-2f5d55590265', 'usr_42');
INSERT INTO trabalho.usuario_esta_inscrito_no_podcast VALUES (3, 'fa3abe16-3645-4d22-a01d-893e6f20c408', 'usr_42');
INSERT INTO trabalho.comentarios_podcast_usuario VALUES ('comment_42_0_2', 'Pariatur sunt est neque nesciunt.', 'fa3abe16-3645-4d22-a01d-893e6f20c408', 'usr_42');
INSERT INTO trabalho.log_acesso VALUES ('log_42_0_2', 'fa3abe16-3645-4d22-a01d-893e6f20c408', 'usr_42');
INSERT INTO trabalho.log_acesso VALUES ('log_42_1_2', 'fa3abe16-3645-4d22-a01d-893e6f20c408', 'usr_42');
INSERT INTO trabalho.log_acesso VALUES ('log_42_2_2', 'fa3abe16-3645-4d22-a01d-893e6f20c408', 'usr_42');
INSERT INTO trabalho.log_acesso VALUES ('log_42_3_2', 'fa3abe16-3645-4d22-a01d-893e6f20c408', 'usr_42');
INSERT INTO trabalho.usuario VALUES ('usr_43', '43_Vitria.Moraes@hotmail.com', 'Vitória Moraes', 'female', 13, trabalho.hashPassword('Password123'), 'Quirguistão');
INSERT INTO trabalho.usuario_esta_inscrito_no_podcast VALUES (5, 'f0166bd2-8e4d-4308-b5d7-0b3d627c5dc5', 'usr_43');
INSERT INTO trabalho.comentarios_podcast_usuario VALUES ('comment_43_0_0', 'Est aut sint rerum debitis qui et.', 'f0166bd2-8e4d-4308-b5d7-0b3d627c5dc5', 'usr_43');
INSERT INTO trabalho.comentarios_podcast_usuario VALUES ('comment_43_1_0', 'Maiores optio tempora quia unde nam consectetur totam.', 'f0166bd2-8e4d-4308-b5d7-0b3d627c5dc5', 'usr_43');
INSERT INTO trabalho.comentarios_podcast_usuario VALUES ('comment_43_2_0', 'Soluta tempore eaque veniam tempore tempore fuga.', 'f0166bd2-8e4d-4308-b5d7-0b3d627c5dc5', 'usr_43');
INSERT INTO trabalho.log_acesso VALUES ('log_43_0_0', 'f0166bd2-8e4d-4308-b5d7-0b3d627c5dc5', 'usr_43');
INSERT INTO trabalho.log_acesso VALUES ('log_43_1_0', 'f0166bd2-8e4d-4308-b5d7-0b3d627c5dc5', 'usr_43');
INSERT INTO trabalho.log_acesso VALUES ('log_43_2_0', 'f0166bd2-8e4d-4308-b5d7-0b3d627c5dc5', 'usr_43');
INSERT INTO trabalho.log_acesso VALUES ('log_43_3_0', 'f0166bd2-8e4d-4308-b5d7-0b3d627c5dc5', 'usr_43');
INSERT INTO trabalho.log_acesso VALUES ('log_43_4_0', 'f0166bd2-8e4d-4308-b5d7-0b3d627c5dc5', 'usr_43');
INSERT INTO trabalho.usuario_esta_inscrito_no_podcast VALUES (0, 'f1b92ce7-47a7-43cd-8586-4a09185cdd05', 'usr_43');
INSERT INTO trabalho.comentarios_podcast_usuario VALUES ('comment_43_0_1', 'Corrupti aut ducimus recusandae et autem magnam.', 'f1b92ce7-47a7-43cd-8586-4a09185cdd05', 'usr_43');
INSERT INTO trabalho.comentarios_podcast_usuario VALUES ('comment_43_1_1', 'Fugiat deleniti quis iusto.', 'f1b92ce7-47a7-43cd-8586-4a09185cdd05', 'usr_43');
INSERT INTO trabalho.comentarios_podcast_usuario VALUES ('comment_43_2_1', 'Est temporibus molestiae sint aut molestiae qui harum rerum sapiente.', 'f1b92ce7-47a7-43cd-8586-4a09185cdd05', 'usr_43');
INSERT INTO trabalho.log_acesso VALUES ('log_43_0_1', 'f1b92ce7-47a7-43cd-8586-4a09185cdd05', 'usr_43');
INSERT INTO trabalho.log_acesso VALUES ('log_43_1_1', 'f1b92ce7-47a7-43cd-8586-4a09185cdd05', 'usr_43');
INSERT INTO trabalho.usuario_esta_inscrito_no_podcast VALUES (5, '168c1536-4c42-4b8f-8c77-f06affefec6a', 'usr_43');
INSERT INTO trabalho.comentarios_podcast_usuario VALUES ('comment_43_0_2', 'Provident veniam natus rerum voluptatem esse explicabo repellat.', '168c1536-4c42-4b8f-8c77-f06affefec6a', 'usr_43');
INSERT INTO trabalho.comentarios_podcast_usuario VALUES ('comment_43_1_2', 'Consequatur dicta corporis numquam.', '168c1536-4c42-4b8f-8c77-f06affefec6a', 'usr_43');
INSERT INTO trabalho.comentarios_podcast_usuario VALUES ('comment_43_2_2', 'Explicabo nisi et cupiditate quasi id.', '168c1536-4c42-4b8f-8c77-f06affefec6a', 'usr_43');
INSERT INTO trabalho.comentarios_podcast_usuario VALUES ('comment_43_3_2', 'Aut sequi voluptas tempora placeat praesentium nihil.', '168c1536-4c42-4b8f-8c77-f06affefec6a', 'usr_43');
INSERT INTO trabalho.comentarios_podcast_usuario VALUES ('comment_43_4_2', 'Dolor eius eveniet eos.', '168c1536-4c42-4b8f-8c77-f06affefec6a', 'usr_43');
INSERT INTO trabalho.log_acesso VALUES ('log_43_0_2', '168c1536-4c42-4b8f-8c77-f06affefec6a', 'usr_43');
INSERT INTO trabalho.log_acesso VALUES ('log_43_1_2', '168c1536-4c42-4b8f-8c77-f06affefec6a', 'usr_43');
INSERT INTO trabalho.log_acesso VALUES ('log_43_2_2', '168c1536-4c42-4b8f-8c77-f06affefec6a', 'usr_43');
INSERT INTO trabalho.usuario VALUES ('usr_44', '44_Jlio.Pereira@yahoo.com', 'Júlio Pereira', 'male', 50, trabalho.hashPassword('Password123'), 'Estados Unidos das Ilhas Virgens');
INSERT INTO trabalho.usuario_esta_inscrito_no_podcast VALUES (0, 'c58b280a-56d4-4ad8-8c85-730e4ea86361', 'usr_44');
INSERT INTO trabalho.comentarios_podcast_usuario VALUES ('comment_44_0_0', 'Ullam dolor repellat officia.', 'c58b280a-56d4-4ad8-8c85-730e4ea86361', 'usr_44');
INSERT INTO trabalho.comentarios_podcast_usuario VALUES ('comment_44_1_0', 'Voluptas deserunt voluptas incidunt in.', 'c58b280a-56d4-4ad8-8c85-730e4ea86361', 'usr_44');
INSERT INTO trabalho.log_acesso VALUES ('log_44_0_0', 'c58b280a-56d4-4ad8-8c85-730e4ea86361', 'usr_44');
INSERT INTO trabalho.log_acesso VALUES ('log_44_1_0', 'c58b280a-56d4-4ad8-8c85-730e4ea86361', 'usr_44');
INSERT INTO trabalho.log_acesso VALUES ('log_44_2_0', 'c58b280a-56d4-4ad8-8c85-730e4ea86361', 'usr_44');
INSERT INTO trabalho.log_acesso VALUES ('log_44_3_0', 'c58b280a-56d4-4ad8-8c85-730e4ea86361', 'usr_44');
INSERT INTO trabalho.log_acesso VALUES ('log_44_4_0', 'c58b280a-56d4-4ad8-8c85-730e4ea86361', 'usr_44');
INSERT INTO trabalho.log_acesso VALUES ('log_44_5_0', 'c58b280a-56d4-4ad8-8c85-730e4ea86361', 'usr_44');
INSERT INTO trabalho.usuario_esta_inscrito_no_podcast VALUES (3, '67074e68-bc2f-442b-8af2-7d328b6af6eb', 'usr_44');
INSERT INTO trabalho.comentarios_podcast_usuario VALUES ('comment_44_0_1', 'Qui pariatur officiis.', '67074e68-bc2f-442b-8af2-7d328b6af6eb', 'usr_44');
INSERT INTO trabalho.comentarios_podcast_usuario VALUES ('comment_44_1_1', 'Quia quibusdam magnam consequatur quo dolores voluptas quas.', '67074e68-bc2f-442b-8af2-7d328b6af6eb', 'usr_44');
INSERT INTO trabalho.comentarios_podcast_usuario VALUES ('comment_44_2_1', 'Nemo non dignissimos aut.', '67074e68-bc2f-442b-8af2-7d328b6af6eb', 'usr_44');
INSERT INTO trabalho.comentarios_podcast_usuario VALUES ('comment_44_3_1', 'Nisi nihil aperiam aspernatur est nulla ad consequatur ipsa.', '67074e68-bc2f-442b-8af2-7d328b6af6eb', 'usr_44');
INSERT INTO trabalho.comentarios_podcast_usuario VALUES ('comment_44_4_1', 'In et et.', '67074e68-bc2f-442b-8af2-7d328b6af6eb', 'usr_44');
INSERT INTO trabalho.log_acesso VALUES ('log_44_0_1', '67074e68-bc2f-442b-8af2-7d328b6af6eb', 'usr_44');
INSERT INTO trabalho.usuario_esta_inscrito_no_podcast VALUES (4, 'f1b92ce7-47a7-43cd-8586-4a09185cdd05', 'usr_44');
INSERT INTO trabalho.comentarios_podcast_usuario VALUES ('comment_44_0_2', 'Animi voluptates quis voluptatem consequatur sit deleniti.', 'f1b92ce7-47a7-43cd-8586-4a09185cdd05', 'usr_44');
INSERT INTO trabalho.comentarios_podcast_usuario VALUES ('comment_44_1_2', 'Porro aut et dolorem et est est qui quia possimus.', 'f1b92ce7-47a7-43cd-8586-4a09185cdd05', 'usr_44');
INSERT INTO trabalho.comentarios_podcast_usuario VALUES ('comment_44_2_2', 'Ratione molestias numquam quis ex nostrum velit.', 'f1b92ce7-47a7-43cd-8586-4a09185cdd05', 'usr_44');
INSERT INTO trabalho.log_acesso VALUES ('log_44_0_2', 'f1b92ce7-47a7-43cd-8586-4a09185cdd05', 'usr_44');
INSERT INTO trabalho.log_acesso VALUES ('log_44_1_2', 'f1b92ce7-47a7-43cd-8586-4a09185cdd05', 'usr_44');
INSERT INTO trabalho.usuario VALUES ('usr_45', '45_Lorena84@hotmail.com', 'Lorena Batista', 'female', 43, trabalho.hashPassword('Password123'), 'Botsuana');
INSERT INTO trabalho.usuario_esta_inscrito_no_podcast VALUES (4, '168c1536-4c42-4b8f-8c77-f06affefec6a', 'usr_45');
INSERT INTO trabalho.comentarios_podcast_usuario VALUES ('comment_45_0_0', 'Enim porro qui aliquam pariatur similique at.', '168c1536-4c42-4b8f-8c77-f06affefec6a', 'usr_45');
INSERT INTO trabalho.comentarios_podcast_usuario VALUES ('comment_45_1_0', 'Non magni excepturi fugiat iste.', '168c1536-4c42-4b8f-8c77-f06affefec6a', 'usr_45');
INSERT INTO trabalho.comentarios_podcast_usuario VALUES ('comment_45_2_0', 'Et voluptates quo est voluptatem omnis.', '168c1536-4c42-4b8f-8c77-f06affefec6a', 'usr_45');
INSERT INTO trabalho.log_acesso VALUES ('log_45_0_0', '168c1536-4c42-4b8f-8c77-f06affefec6a', 'usr_45');
INSERT INTO trabalho.log_acesso VALUES ('log_45_1_0', '168c1536-4c42-4b8f-8c77-f06affefec6a', 'usr_45');
INSERT INTO trabalho.usuario_esta_inscrito_no_podcast VALUES (3, '219328a1-cec6-4e8c-b003-52a3ec9766bb', 'usr_45');
INSERT INTO trabalho.comentarios_podcast_usuario VALUES ('comment_45_0_1', 'Eius delectus aliquid quaerat magnam eum.', '219328a1-cec6-4e8c-b003-52a3ec9766bb', 'usr_45');
INSERT INTO trabalho.comentarios_podcast_usuario VALUES ('comment_45_1_1', 'Suscipit sed eum.', '219328a1-cec6-4e8c-b003-52a3ec9766bb', 'usr_45');
INSERT INTO trabalho.comentarios_podcast_usuario VALUES ('comment_45_2_1', 'Odit quas nihil ut tempora quo.', '219328a1-cec6-4e8c-b003-52a3ec9766bb', 'usr_45');
INSERT INTO trabalho.log_acesso VALUES ('log_45_0_1', '219328a1-cec6-4e8c-b003-52a3ec9766bb', 'usr_45');
INSERT INTO trabalho.log_acesso VALUES ('log_45_1_1', '219328a1-cec6-4e8c-b003-52a3ec9766bb', 'usr_45');
INSERT INTO trabalho.log_acesso VALUES ('log_45_2_1', '219328a1-cec6-4e8c-b003-52a3ec9766bb', 'usr_45');
INSERT INTO trabalho.usuario_esta_inscrito_no_podcast VALUES (1, '5bdf7377-8330-4f9f-8efd-e95301c122ce', 'usr_45');
INSERT INTO trabalho.comentarios_podcast_usuario VALUES ('comment_45_0_2', 'Id aliquid voluptatibus ratione quisquam officia quia dicta delectus excepturi.', '5bdf7377-8330-4f9f-8efd-e95301c122ce', 'usr_45');
INSERT INTO trabalho.log_acesso VALUES ('log_45_0_2', '5bdf7377-8330-4f9f-8efd-e95301c122ce', 'usr_45');
INSERT INTO trabalho.log_acesso VALUES ('log_45_1_2', '5bdf7377-8330-4f9f-8efd-e95301c122ce', 'usr_45');
INSERT INTO trabalho.log_acesso VALUES ('log_45_2_2', '5bdf7377-8330-4f9f-8efd-e95301c122ce', 'usr_45');
INSERT INTO trabalho.log_acesso VALUES ('log_45_3_2', '5bdf7377-8330-4f9f-8efd-e95301c122ce', 'usr_45');
INSERT INTO trabalho.usuario VALUES ('usr_46', '46_Isabelly_Oliveira12@gmail.com', 'Isabelly Oliveira', 'female', 43, trabalho.hashPassword('Password123'), 'Omã');
INSERT INTO trabalho.usuario_esta_inscrito_no_podcast VALUES (4, 'c58b280a-56d4-4ad8-8c85-730e4ea86361', 'usr_46');
INSERT INTO trabalho.comentarios_podcast_usuario VALUES ('comment_46_0_0', 'Et eum et cumque dolore.', 'c58b280a-56d4-4ad8-8c85-730e4ea86361', 'usr_46');
INSERT INTO trabalho.log_acesso VALUES ('log_46_0_0', 'c58b280a-56d4-4ad8-8c85-730e4ea86361', 'usr_46');
INSERT INTO trabalho.usuario_esta_inscrito_no_podcast VALUES (0, 'f0166bd2-8e4d-4308-b5d7-0b3d627c5dc5', 'usr_46');
INSERT INTO trabalho.comentarios_podcast_usuario VALUES ('comment_46_0_1', 'Eos dolores quae nisi quibusdam.', 'f0166bd2-8e4d-4308-b5d7-0b3d627c5dc5', 'usr_46');
INSERT INTO trabalho.comentarios_podcast_usuario VALUES ('comment_46_1_1', 'Et nemo omnis illum consequatur expedita.', 'f0166bd2-8e4d-4308-b5d7-0b3d627c5dc5', 'usr_46');
INSERT INTO trabalho.comentarios_podcast_usuario VALUES ('comment_46_2_1', 'Fugiat maxime commodi nostrum adipisci dolorem aut voluptatibus sed.', 'f0166bd2-8e4d-4308-b5d7-0b3d627c5dc5', 'usr_46');
INSERT INTO trabalho.comentarios_podcast_usuario VALUES ('comment_46_3_1', 'Facilis perspiciatis repellendus sapiente et.', 'f0166bd2-8e4d-4308-b5d7-0b3d627c5dc5', 'usr_46');
INSERT INTO trabalho.comentarios_podcast_usuario VALUES ('comment_46_4_1', 'Maiores quia consequatur.', 'f0166bd2-8e4d-4308-b5d7-0b3d627c5dc5', 'usr_46');
INSERT INTO trabalho.log_acesso VALUES ('log_46_0_1', 'f0166bd2-8e4d-4308-b5d7-0b3d627c5dc5', 'usr_46');
INSERT INTO trabalho.log_acesso VALUES ('log_46_1_1', 'f0166bd2-8e4d-4308-b5d7-0b3d627c5dc5', 'usr_46');
INSERT INTO trabalho.log_acesso VALUES ('log_46_2_1', 'f0166bd2-8e4d-4308-b5d7-0b3d627c5dc5', 'usr_46');
INSERT INTO trabalho.log_acesso VALUES ('log_46_3_1', 'f0166bd2-8e4d-4308-b5d7-0b3d627c5dc5', 'usr_46');
INSERT INTO trabalho.log_acesso VALUES ('log_46_4_1', 'f0166bd2-8e4d-4308-b5d7-0b3d627c5dc5', 'usr_46');
INSERT INTO trabalho.log_acesso VALUES ('log_46_5_1', 'f0166bd2-8e4d-4308-b5d7-0b3d627c5dc5', 'usr_46');
INSERT INTO trabalho.log_acesso VALUES ('log_46_6_1', 'f0166bd2-8e4d-4308-b5d7-0b3d627c5dc5', 'usr_46');
INSERT INTO trabalho.log_acesso VALUES ('log_46_7_1', 'f0166bd2-8e4d-4308-b5d7-0b3d627c5dc5', 'usr_46');
INSERT INTO trabalho.usuario_esta_inscrito_no_podcast VALUES (2, '67074e68-bc2f-442b-8af2-7d328b6af6eb', 'usr_46');
INSERT INTO trabalho.comentarios_podcast_usuario VALUES ('comment_46_0_2', 'Culpa ipsam voluptatum aperiam impedit.', '67074e68-bc2f-442b-8af2-7d328b6af6eb', 'usr_46');
INSERT INTO trabalho.comentarios_podcast_usuario VALUES ('comment_46_1_2', 'Omnis quae quis sit velit eius voluptas voluptatem labore.', '67074e68-bc2f-442b-8af2-7d328b6af6eb', 'usr_46');
INSERT INTO trabalho.comentarios_podcast_usuario VALUES ('comment_46_2_2', 'Provident quae blanditiis nostrum delectus eveniet repellat et.', '67074e68-bc2f-442b-8af2-7d328b6af6eb', 'usr_46');
INSERT INTO trabalho.comentarios_podcast_usuario VALUES ('comment_46_3_2', 'Nihil voluptatem aliquam ullam deleniti iste possimus.', '67074e68-bc2f-442b-8af2-7d328b6af6eb', 'usr_46');
INSERT INTO trabalho.comentarios_podcast_usuario VALUES ('comment_46_4_2', 'Labore quis recusandae fuga ducimus.', '67074e68-bc2f-442b-8af2-7d328b6af6eb', 'usr_46');
INSERT INTO trabalho.log_acesso VALUES ('log_46_0_2', '67074e68-bc2f-442b-8af2-7d328b6af6eb', 'usr_46');
INSERT INTO trabalho.log_acesso VALUES ('log_46_1_2', '67074e68-bc2f-442b-8af2-7d328b6af6eb', 'usr_46');
INSERT INTO trabalho.log_acesso VALUES ('log_46_2_2', '67074e68-bc2f-442b-8af2-7d328b6af6eb', 'usr_46');
INSERT INTO trabalho.usuario VALUES ('usr_47', '47_Elo_Costa32@hotmail.com', 'Eloá Costa', 'female', 45, trabalho.hashPassword('Password123'), 'Guiana');
INSERT INTO trabalho.usuario_esta_inscrito_no_podcast VALUES (2, 'f1b92ce7-47a7-43cd-8586-4a09185cdd05', 'usr_47');
INSERT INTO trabalho.comentarios_podcast_usuario VALUES ('comment_47_0_0', 'Explicabo ex non qui.', 'f1b92ce7-47a7-43cd-8586-4a09185cdd05', 'usr_47');
INSERT INTO trabalho.log_acesso VALUES ('log_47_0_0', 'f1b92ce7-47a7-43cd-8586-4a09185cdd05', 'usr_47');
INSERT INTO trabalho.log_acesso VALUES ('log_47_1_0', 'f1b92ce7-47a7-43cd-8586-4a09185cdd05', 'usr_47');
INSERT INTO trabalho.log_acesso VALUES ('log_47_2_0', 'f1b92ce7-47a7-43cd-8586-4a09185cdd05', 'usr_47');
INSERT INTO trabalho.log_acesso VALUES ('log_47_3_0', 'f1b92ce7-47a7-43cd-8586-4a09185cdd05', 'usr_47');
INSERT INTO trabalho.log_acesso VALUES ('log_47_4_0', 'f1b92ce7-47a7-43cd-8586-4a09185cdd05', 'usr_47');
INSERT INTO trabalho.log_acesso VALUES ('log_47_5_0', 'f1b92ce7-47a7-43cd-8586-4a09185cdd05', 'usr_47');
INSERT INTO trabalho.usuario_esta_inscrito_no_podcast VALUES (3, 'f0166bd2-8e4d-4308-b5d7-0b3d627c5dc5', 'usr_47');
INSERT INTO trabalho.comentarios_podcast_usuario VALUES ('comment_47_0_1', 'Accusantium totam deleniti sunt inventore.', 'f0166bd2-8e4d-4308-b5d7-0b3d627c5dc5', 'usr_47');
INSERT INTO trabalho.comentarios_podcast_usuario VALUES ('comment_47_1_1', 'Quae aspernatur id quis nesciunt nesciunt perspiciatis ducimus id.', 'f0166bd2-8e4d-4308-b5d7-0b3d627c5dc5', 'usr_47');
INSERT INTO trabalho.log_acesso VALUES ('log_47_0_1', 'f0166bd2-8e4d-4308-b5d7-0b3d627c5dc5', 'usr_47');
INSERT INTO trabalho.log_acesso VALUES ('log_47_1_1', 'f0166bd2-8e4d-4308-b5d7-0b3d627c5dc5', 'usr_47');
INSERT INTO trabalho.usuario_esta_inscrito_no_podcast VALUES (2, 'af46a958-b921-47b6-9f87-5c4fdc68ea79', 'usr_47');
INSERT INTO trabalho.comentarios_podcast_usuario VALUES ('comment_47_0_2', 'Quia repudiandae modi commodi eaque blanditiis.', 'af46a958-b921-47b6-9f87-5c4fdc68ea79', 'usr_47');
INSERT INTO trabalho.log_acesso VALUES ('log_47_0_2', 'af46a958-b921-47b6-9f87-5c4fdc68ea79', 'usr_47');
INSERT INTO trabalho.log_acesso VALUES ('log_47_1_2', 'af46a958-b921-47b6-9f87-5c4fdc68ea79', 'usr_47');
INSERT INTO trabalho.log_acesso VALUES ('log_47_2_2', 'af46a958-b921-47b6-9f87-5c4fdc68ea79', 'usr_47');
INSERT INTO trabalho.log_acesso VALUES ('log_47_3_2', 'af46a958-b921-47b6-9f87-5c4fdc68ea79', 'usr_47');
INSERT INTO trabalho.log_acesso VALUES ('log_47_4_2', 'af46a958-b921-47b6-9f87-5c4fdc68ea79', 'usr_47');
INSERT INTO trabalho.log_acesso VALUES ('log_47_5_2', 'af46a958-b921-47b6-9f87-5c4fdc68ea79', 'usr_47');
INSERT INTO trabalho.usuario VALUES ('usr_48', '48_Paulo18@bol.com.br', 'Paulo Carvalho', 'male', 60, trabalho.hashPassword('Password123'), 'Tajiquistão');
INSERT INTO trabalho.usuario_esta_inscrito_no_podcast VALUES (1, '5bdf7377-8330-4f9f-8efd-e95301c122ce', 'usr_48');
INSERT INTO trabalho.comentarios_podcast_usuario VALUES ('comment_48_0_0', 'Laudantium ipsum ducimus et error quaerat eum et.', '5bdf7377-8330-4f9f-8efd-e95301c122ce', 'usr_48');
INSERT INTO trabalho.comentarios_podcast_usuario VALUES ('comment_48_1_0', 'Facere perferendis voluptatem.', '5bdf7377-8330-4f9f-8efd-e95301c122ce', 'usr_48');
INSERT INTO trabalho.log_acesso VALUES ('log_48_0_0', '5bdf7377-8330-4f9f-8efd-e95301c122ce', 'usr_48');
INSERT INTO trabalho.log_acesso VALUES ('log_48_1_0', '5bdf7377-8330-4f9f-8efd-e95301c122ce', 'usr_48');
INSERT INTO trabalho.usuario_esta_inscrito_no_podcast VALUES (2, 'b553d865-8fe2-47de-9a30-10e1dea3bd1d', 'usr_48');
INSERT INTO trabalho.comentarios_podcast_usuario VALUES ('comment_48_0_1', 'In odit voluptate architecto qui veritatis eaque dolores et.', 'b553d865-8fe2-47de-9a30-10e1dea3bd1d', 'usr_48');
INSERT INTO trabalho.comentarios_podcast_usuario VALUES ('comment_48_1_1', 'Repudiandae blanditiis reprehenderit fuga.', 'b553d865-8fe2-47de-9a30-10e1dea3bd1d', 'usr_48');
INSERT INTO trabalho.comentarios_podcast_usuario VALUES ('comment_48_2_1', 'Qui iste sint.', 'b553d865-8fe2-47de-9a30-10e1dea3bd1d', 'usr_48');
INSERT INTO trabalho.log_acesso VALUES ('log_48_0_1', 'b553d865-8fe2-47de-9a30-10e1dea3bd1d', 'usr_48');
INSERT INTO trabalho.log_acesso VALUES ('log_48_1_1', 'b553d865-8fe2-47de-9a30-10e1dea3bd1d', 'usr_48');
INSERT INTO trabalho.log_acesso VALUES ('log_48_2_1', 'b553d865-8fe2-47de-9a30-10e1dea3bd1d', 'usr_48');
INSERT INTO trabalho.log_acesso VALUES ('log_48_3_1', 'b553d865-8fe2-47de-9a30-10e1dea3bd1d', 'usr_48');
INSERT INTO trabalho.log_acesso VALUES ('log_48_4_1', 'b553d865-8fe2-47de-9a30-10e1dea3bd1d', 'usr_48');
INSERT INTO trabalho.usuario_esta_inscrito_no_podcast VALUES (2, 'fa3abe16-3645-4d22-a01d-893e6f20c408', 'usr_48');
INSERT INTO trabalho.comentarios_podcast_usuario VALUES ('comment_48_0_2', 'Nulla repellendus qui aut est.', 'fa3abe16-3645-4d22-a01d-893e6f20c408', 'usr_48');
INSERT INTO trabalho.comentarios_podcast_usuario VALUES ('comment_48_1_2', 'Voluptas qui accusantium impedit sunt.', 'fa3abe16-3645-4d22-a01d-893e6f20c408', 'usr_48');
INSERT INTO trabalho.comentarios_podcast_usuario VALUES ('comment_48_2_2', 'Culpa qui illo expedita temporibus ea.', 'fa3abe16-3645-4d22-a01d-893e6f20c408', 'usr_48');
INSERT INTO trabalho.comentarios_podcast_usuario VALUES ('comment_48_3_2', 'Odio velit illum enim sit.', 'fa3abe16-3645-4d22-a01d-893e6f20c408', 'usr_48');
INSERT INTO trabalho.log_acesso VALUES ('log_48_0_2', 'fa3abe16-3645-4d22-a01d-893e6f20c408', 'usr_48');
INSERT INTO trabalho.log_acesso VALUES ('log_48_1_2', 'fa3abe16-3645-4d22-a01d-893e6f20c408', 'usr_48');
INSERT INTO trabalho.usuario VALUES ('usr_49', '49_Caio86@live.com', 'Caio Xavier', 'male', 45, trabalho.hashPassword('Password123'), 'Ilhas Heard e McDonald');
INSERT INTO trabalho.usuario_esta_inscrito_no_podcast VALUES (1, 'f1b92ce7-47a7-43cd-8586-4a09185cdd05', 'usr_49');
INSERT INTO trabalho.comentarios_podcast_usuario VALUES ('comment_49_0_0', 'Dolorem aut placeat neque veniam voluptas quaerat.', 'f1b92ce7-47a7-43cd-8586-4a09185cdd05', 'usr_49');
INSERT INTO trabalho.comentarios_podcast_usuario VALUES ('comment_49_1_0', 'Aspernatur eum minima similique saepe est est ipsum commodi debitis.', 'f1b92ce7-47a7-43cd-8586-4a09185cdd05', 'usr_49');
INSERT INTO trabalho.comentarios_podcast_usuario VALUES ('comment_49_2_0', 'Et laboriosam cupiditate similique blanditiis.', 'f1b92ce7-47a7-43cd-8586-4a09185cdd05', 'usr_49');
INSERT INTO trabalho.log_acesso VALUES ('log_49_0_0', 'f1b92ce7-47a7-43cd-8586-4a09185cdd05', 'usr_49');
INSERT INTO trabalho.log_acesso VALUES ('log_49_1_0', 'f1b92ce7-47a7-43cd-8586-4a09185cdd05', 'usr_49');
INSERT INTO trabalho.log_acesso VALUES ('log_49_2_0', 'f1b92ce7-47a7-43cd-8586-4a09185cdd05', 'usr_49');
INSERT INTO trabalho.log_acesso VALUES ('log_49_3_0', 'f1b92ce7-47a7-43cd-8586-4a09185cdd05', 'usr_49');
INSERT INTO trabalho.log_acesso VALUES ('log_49_4_0', 'f1b92ce7-47a7-43cd-8586-4a09185cdd05', 'usr_49');
INSERT INTO trabalho.usuario_esta_inscrito_no_podcast VALUES (1, 'bc8dac25-793c-4a96-aafc-4ea7020f4f60', 'usr_49');
INSERT INTO trabalho.comentarios_podcast_usuario VALUES ('comment_49_0_1', 'Fugiat expedita veniam.', 'bc8dac25-793c-4a96-aafc-4ea7020f4f60', 'usr_49');
INSERT INTO trabalho.log_acesso VALUES ('log_49_0_1', 'bc8dac25-793c-4a96-aafc-4ea7020f4f60', 'usr_49');
INSERT INTO trabalho.usuario_esta_inscrito_no_podcast VALUES (0, 'de2f0ddb-9903-436a-a5e2-54224254c818', 'usr_49');
INSERT INTO trabalho.comentarios_podcast_usuario VALUES ('comment_49_0_2', 'Ut temporibus magni similique incidunt fugiat.', 'de2f0ddb-9903-436a-a5e2-54224254c818', 'usr_49');
INSERT INTO trabalho.comentarios_podcast_usuario VALUES ('comment_49_1_2', 'Ut maiores similique nesciunt ut sit nemo iure suscipit amet.', 'de2f0ddb-9903-436a-a5e2-54224254c818', 'usr_49');
INSERT INTO trabalho.comentarios_podcast_usuario VALUES ('comment_49_2_2', 'Amet aut dolores aut aut alias magni at blanditiis aut.', 'de2f0ddb-9903-436a-a5e2-54224254c818', 'usr_49');
INSERT INTO trabalho.comentarios_podcast_usuario VALUES ('comment_49_3_2', 'Non facilis eius debitis autem rerum mollitia eaque reprehenderit.', 'de2f0ddb-9903-436a-a5e2-54224254c818', 'usr_49');
INSERT INTO trabalho.log_acesso VALUES ('log_49_0_2', 'de2f0ddb-9903-436a-a5e2-54224254c818', 'usr_49');
INSERT INTO trabalho.log_acesso VALUES ('log_49_1_2', 'de2f0ddb-9903-436a-a5e2-54224254c818', 'usr_49');
INSERT INTO trabalho.log_acesso VALUES ('log_49_2_2', 'de2f0ddb-9903-436a-a5e2-54224254c818', 'usr_49');
INSERT INTO trabalho.usuario VALUES ('usr_50', '50_Manuela_Carvalho73@yahoo.com', 'Manuela Carvalho', 'female', 11, trabalho.hashPassword('Password123'), 'Coreia do Sul');
INSERT INTO trabalho.usuario_esta_inscrito_no_podcast VALUES (2, '7e429e8e-7669-403d-bb78-3cd7f9f75afd', 'usr_50');
INSERT INTO trabalho.comentarios_podcast_usuario VALUES ('comment_50_0_0', 'Modi dignissimos ipsam nihil voluptatem.', '7e429e8e-7669-403d-bb78-3cd7f9f75afd', 'usr_50');
INSERT INTO trabalho.comentarios_podcast_usuario VALUES ('comment_50_1_0', 'Dolor nam sed consequuntur maiores commodi.', '7e429e8e-7669-403d-bb78-3cd7f9f75afd', 'usr_50');
INSERT INTO trabalho.log_acesso VALUES ('log_50_0_0', '7e429e8e-7669-403d-bb78-3cd7f9f75afd', 'usr_50');
INSERT INTO trabalho.log_acesso VALUES ('log_50_1_0', '7e429e8e-7669-403d-bb78-3cd7f9f75afd', 'usr_50');
INSERT INTO trabalho.log_acesso VALUES ('log_50_2_0', '7e429e8e-7669-403d-bb78-3cd7f9f75afd', 'usr_50');
INSERT INTO trabalho.log_acesso VALUES ('log_50_3_0', '7e429e8e-7669-403d-bb78-3cd7f9f75afd', 'usr_50');
INSERT INTO trabalho.usuario_esta_inscrito_no_podcast VALUES (3, '67074e68-bc2f-442b-8af2-7d328b6af6eb', 'usr_50');
INSERT INTO trabalho.comentarios_podcast_usuario VALUES ('comment_50_0_1', 'Reprehenderit velit minus nisi necessitatibus.', '67074e68-bc2f-442b-8af2-7d328b6af6eb', 'usr_50');
INSERT INTO trabalho.log_acesso VALUES ('log_50_0_1', '67074e68-bc2f-442b-8af2-7d328b6af6eb', 'usr_50');
INSERT INTO trabalho.log_acesso VALUES ('log_50_1_1', '67074e68-bc2f-442b-8af2-7d328b6af6eb', 'usr_50');
INSERT INTO trabalho.log_acesso VALUES ('log_50_2_1', '67074e68-bc2f-442b-8af2-7d328b6af6eb', 'usr_50');
INSERT INTO trabalho.log_acesso VALUES ('log_50_3_1', '67074e68-bc2f-442b-8af2-7d328b6af6eb', 'usr_50');
INSERT INTO trabalho.log_acesso VALUES ('log_50_4_1', '67074e68-bc2f-442b-8af2-7d328b6af6eb', 'usr_50');
INSERT INTO trabalho.usuario_esta_inscrito_no_podcast VALUES (2, '168c1536-4c42-4b8f-8c77-f06affefec6a', 'usr_50');
INSERT INTO trabalho.comentarios_podcast_usuario VALUES ('comment_50_0_2', 'Ut autem occaecati autem ut et ullam.', '168c1536-4c42-4b8f-8c77-f06affefec6a', 'usr_50');
INSERT INTO trabalho.comentarios_podcast_usuario VALUES ('comment_50_1_2', 'Impedit molestiae commodi blanditiis molestiae quidem neque tempora.', '168c1536-4c42-4b8f-8c77-f06affefec6a', 'usr_50');
INSERT INTO trabalho.comentarios_podcast_usuario VALUES ('comment_50_2_2', 'Dolores harum qui nihil tempora doloremque ad aut autem.', '168c1536-4c42-4b8f-8c77-f06affefec6a', 'usr_50');
INSERT INTO trabalho.comentarios_podcast_usuario VALUES ('comment_50_3_2', 'Quasi id repellendus et aut animi voluptatum qui ut.', '168c1536-4c42-4b8f-8c77-f06affefec6a', 'usr_50');
INSERT INTO trabalho.log_acesso VALUES ('log_50_0_2', '168c1536-4c42-4b8f-8c77-f06affefec6a', 'usr_50');
INSERT INTO trabalho.log_acesso VALUES ('log_50_1_2', '168c1536-4c42-4b8f-8c77-f06affefec6a', 'usr_50');
INSERT INTO trabalho.usuario VALUES ('usr_51', '51_Eduarda94@bol.com.br', 'Eduarda Silva', 'female', 4, trabalho.hashPassword('Password123'), 'Ilhas Geórgia do Sul e Sandwich do Sul');
INSERT INTO trabalho.usuario_esta_inscrito_no_podcast VALUES (3, 'bc8dac25-793c-4a96-aafc-4ea7020f4f60', 'usr_51');
INSERT INTO trabalho.comentarios_podcast_usuario VALUES ('comment_51_0_0', 'Aut suscipit inventore illo velit atque.', 'bc8dac25-793c-4a96-aafc-4ea7020f4f60', 'usr_51');
INSERT INTO trabalho.comentarios_podcast_usuario VALUES ('comment_51_1_0', 'Est saepe et delectus.', 'bc8dac25-793c-4a96-aafc-4ea7020f4f60', 'usr_51');
INSERT INTO trabalho.log_acesso VALUES ('log_51_0_0', 'bc8dac25-793c-4a96-aafc-4ea7020f4f60', 'usr_51');
INSERT INTO trabalho.log_acesso VALUES ('log_51_1_0', 'bc8dac25-793c-4a96-aafc-4ea7020f4f60', 'usr_51');
INSERT INTO trabalho.log_acesso VALUES ('log_51_2_0', 'bc8dac25-793c-4a96-aafc-4ea7020f4f60', 'usr_51');
INSERT INTO trabalho.usuario_esta_inscrito_no_podcast VALUES (3, 'f1b92ce7-47a7-43cd-8586-4a09185cdd05', 'usr_51');
INSERT INTO trabalho.comentarios_podcast_usuario VALUES ('comment_51_0_1', 'Repellat minus debitis ut debitis voluptatem ad dolorem voluptatem.', 'f1b92ce7-47a7-43cd-8586-4a09185cdd05', 'usr_51');
INSERT INTO trabalho.comentarios_podcast_usuario VALUES ('comment_51_1_1', 'Nesciunt earum ea vel doloremque hic et.', 'f1b92ce7-47a7-43cd-8586-4a09185cdd05', 'usr_51');
INSERT INTO trabalho.log_acesso VALUES ('log_51_0_1', 'f1b92ce7-47a7-43cd-8586-4a09185cdd05', 'usr_51');
INSERT INTO trabalho.log_acesso VALUES ('log_51_1_1', 'f1b92ce7-47a7-43cd-8586-4a09185cdd05', 'usr_51');
INSERT INTO trabalho.log_acesso VALUES ('log_51_2_1', 'f1b92ce7-47a7-43cd-8586-4a09185cdd05', 'usr_51');
INSERT INTO trabalho.usuario_esta_inscrito_no_podcast VALUES (4, '219328a1-cec6-4e8c-b003-52a3ec9766bb', 'usr_51');
INSERT INTO trabalho.comentarios_podcast_usuario VALUES ('comment_51_0_2', 'Pariatur nobis doloribus rem laboriosam eaque officia quia quo.', '219328a1-cec6-4e8c-b003-52a3ec9766bb', 'usr_51');
INSERT INTO trabalho.comentarios_podcast_usuario VALUES ('comment_51_1_2', 'Dolorem est soluta.', '219328a1-cec6-4e8c-b003-52a3ec9766bb', 'usr_51');
INSERT INTO trabalho.comentarios_podcast_usuario VALUES ('comment_51_2_2', 'Consequatur ut placeat quo unde tempore voluptatum.', '219328a1-cec6-4e8c-b003-52a3ec9766bb', 'usr_51');
INSERT INTO trabalho.comentarios_podcast_usuario VALUES ('comment_51_3_2', 'Sint nihil fuga.', '219328a1-cec6-4e8c-b003-52a3ec9766bb', 'usr_51');
INSERT INTO trabalho.comentarios_podcast_usuario VALUES ('comment_51_4_2', 'Deleniti quia aut officiis ullam voluptas officia quia.', '219328a1-cec6-4e8c-b003-52a3ec9766bb', 'usr_51');
INSERT INTO trabalho.log_acesso VALUES ('log_51_0_2', '219328a1-cec6-4e8c-b003-52a3ec9766bb', 'usr_51');
INSERT INTO trabalho.log_acesso VALUES ('log_51_1_2', '219328a1-cec6-4e8c-b003-52a3ec9766bb', 'usr_51');
INSERT INTO trabalho.log_acesso VALUES ('log_51_2_2', '219328a1-cec6-4e8c-b003-52a3ec9766bb', 'usr_51');
INSERT INTO trabalho.usuario VALUES ('usr_52', '52_Heitor.Pereira26@bol.com.br', 'Heitor Pereira', 'male', 29, trabalho.hashPassword('Password123'), 'Omã');
INSERT INTO trabalho.usuario_esta_inscrito_no_podcast VALUES (4, '67074e68-bc2f-442b-8af2-7d328b6af6eb', 'usr_52');
INSERT INTO trabalho.comentarios_podcast_usuario VALUES ('comment_52_0_0', 'Aperiam ducimus unde consequuntur laboriosam.', '67074e68-bc2f-442b-8af2-7d328b6af6eb', 'usr_52');
INSERT INTO trabalho.comentarios_podcast_usuario VALUES ('comment_52_1_0', 'Ut et eum dolor ipsam.', '67074e68-bc2f-442b-8af2-7d328b6af6eb', 'usr_52');
INSERT INTO trabalho.comentarios_podcast_usuario VALUES ('comment_52_2_0', 'Rerum quia ut ut atque eos rerum.', '67074e68-bc2f-442b-8af2-7d328b6af6eb', 'usr_52');
INSERT INTO trabalho.log_acesso VALUES ('log_52_0_0', '67074e68-bc2f-442b-8af2-7d328b6af6eb', 'usr_52');
INSERT INTO trabalho.log_acesso VALUES ('log_52_1_0', '67074e68-bc2f-442b-8af2-7d328b6af6eb', 'usr_52');
INSERT INTO trabalho.log_acesso VALUES ('log_52_2_0', '67074e68-bc2f-442b-8af2-7d328b6af6eb', 'usr_52');
INSERT INTO trabalho.usuario_esta_inscrito_no_podcast VALUES (5, '7e429e8e-7669-403d-bb78-3cd7f9f75afd', 'usr_52');
INSERT INTO trabalho.comentarios_podcast_usuario VALUES ('comment_52_0_1', 'Accusantium porro praesentium natus et qui ipsam nemo.', '7e429e8e-7669-403d-bb78-3cd7f9f75afd', 'usr_52');
INSERT INTO trabalho.comentarios_podcast_usuario VALUES ('comment_52_1_1', 'Ut maiores eius ut iure sit error omnis.', '7e429e8e-7669-403d-bb78-3cd7f9f75afd', 'usr_52');
INSERT INTO trabalho.log_acesso VALUES ('log_52_0_1', '7e429e8e-7669-403d-bb78-3cd7f9f75afd', 'usr_52');
INSERT INTO trabalho.usuario_esta_inscrito_no_podcast VALUES (4, '5bdf7377-8330-4f9f-8efd-e95301c122ce', 'usr_52');
INSERT INTO trabalho.comentarios_podcast_usuario VALUES ('comment_52_0_2', 'Et alias molestiae quaerat quisquam et repellendus provident.', '5bdf7377-8330-4f9f-8efd-e95301c122ce', 'usr_52');
INSERT INTO trabalho.comentarios_podcast_usuario VALUES ('comment_52_1_2', 'Voluptatem dolorem quis dicta.', '5bdf7377-8330-4f9f-8efd-e95301c122ce', 'usr_52');
INSERT INTO trabalho.comentarios_podcast_usuario VALUES ('comment_52_2_2', 'Illo quia aliquid quae voluptatem.', '5bdf7377-8330-4f9f-8efd-e95301c122ce', 'usr_52');
INSERT INTO trabalho.log_acesso VALUES ('log_52_0_2', '5bdf7377-8330-4f9f-8efd-e95301c122ce', 'usr_52');
INSERT INTO trabalho.log_acesso VALUES ('log_52_1_2', '5bdf7377-8330-4f9f-8efd-e95301c122ce', 'usr_52');
INSERT INTO trabalho.log_acesso VALUES ('log_52_2_2', '5bdf7377-8330-4f9f-8efd-e95301c122ce', 'usr_52');
INSERT INTO trabalho.log_acesso VALUES ('log_52_3_2', '5bdf7377-8330-4f9f-8efd-e95301c122ce', 'usr_52');
INSERT INTO trabalho.usuario VALUES ('usr_53', '53_AnaJlia.Santos@yahoo.com', 'Ana Júlia Santos', 'female', 21, trabalho.hashPassword('Password123'), 'Azerbaijão');
INSERT INTO trabalho.usuario_esta_inscrito_no_podcast VALUES (3, 'b553d865-8fe2-47de-9a30-10e1dea3bd1d', 'usr_53');
INSERT INTO trabalho.comentarios_podcast_usuario VALUES ('comment_53_0_0', 'Rerum est omnis quia.', 'b553d865-8fe2-47de-9a30-10e1dea3bd1d', 'usr_53');
INSERT INTO trabalho.log_acesso VALUES ('log_53_0_0', 'b553d865-8fe2-47de-9a30-10e1dea3bd1d', 'usr_53');
INSERT INTO trabalho.log_acesso VALUES ('log_53_1_0', 'b553d865-8fe2-47de-9a30-10e1dea3bd1d', 'usr_53');
INSERT INTO trabalho.log_acesso VALUES ('log_53_2_0', 'b553d865-8fe2-47de-9a30-10e1dea3bd1d', 'usr_53');
INSERT INTO trabalho.usuario_esta_inscrito_no_podcast VALUES (2, '219328a1-cec6-4e8c-b003-52a3ec9766bb', 'usr_53');
INSERT INTO trabalho.comentarios_podcast_usuario VALUES ('comment_53_0_1', 'Repellat blanditiis occaecati.', '219328a1-cec6-4e8c-b003-52a3ec9766bb', 'usr_53');
INSERT INTO trabalho.comentarios_podcast_usuario VALUES ('comment_53_1_1', 'Voluptatem repellendus sit voluptatem corrupti ut et aut similique.', '219328a1-cec6-4e8c-b003-52a3ec9766bb', 'usr_53');
INSERT INTO trabalho.comentarios_podcast_usuario VALUES ('comment_53_2_1', 'Quam earum sunt at a eaque.', '219328a1-cec6-4e8c-b003-52a3ec9766bb', 'usr_53');
INSERT INTO trabalho.log_acesso VALUES ('log_53_0_1', '219328a1-cec6-4e8c-b003-52a3ec9766bb', 'usr_53');
INSERT INTO trabalho.log_acesso VALUES ('log_53_1_1', '219328a1-cec6-4e8c-b003-52a3ec9766bb', 'usr_53');
INSERT INTO trabalho.log_acesso VALUES ('log_53_2_1', '219328a1-cec6-4e8c-b003-52a3ec9766bb', 'usr_53');
INSERT INTO trabalho.log_acesso VALUES ('log_53_3_1', '219328a1-cec6-4e8c-b003-52a3ec9766bb', 'usr_53');
INSERT INTO trabalho.log_acesso VALUES ('log_53_4_1', '219328a1-cec6-4e8c-b003-52a3ec9766bb', 'usr_53');
INSERT INTO trabalho.log_acesso VALUES ('log_53_5_1', '219328a1-cec6-4e8c-b003-52a3ec9766bb', 'usr_53');
INSERT INTO trabalho.usuario_esta_inscrito_no_podcast VALUES (2, 'fa3abe16-3645-4d22-a01d-893e6f20c408', 'usr_53');
INSERT INTO trabalho.comentarios_podcast_usuario VALUES ('comment_53_0_2', 'Adipisci nihil ut placeat molestiae.', 'fa3abe16-3645-4d22-a01d-893e6f20c408', 'usr_53');
INSERT INTO trabalho.comentarios_podcast_usuario VALUES ('comment_53_1_2', 'Ut totam voluptate aspernatur dolorem ducimus tempore sed sed in.', 'fa3abe16-3645-4d22-a01d-893e6f20c408', 'usr_53');
INSERT INTO trabalho.comentarios_podcast_usuario VALUES ('comment_53_2_2', 'Aut incidunt et odit ipsa.', 'fa3abe16-3645-4d22-a01d-893e6f20c408', 'usr_53');
INSERT INTO trabalho.comentarios_podcast_usuario VALUES ('comment_53_3_2', 'Laboriosam voluptas molestiae provident amet et delectus inventore sapiente fuga.', 'fa3abe16-3645-4d22-a01d-893e6f20c408', 'usr_53');
INSERT INTO trabalho.log_acesso VALUES ('log_53_0_2', 'fa3abe16-3645-4d22-a01d-893e6f20c408', 'usr_53');
INSERT INTO trabalho.log_acesso VALUES ('log_53_1_2', 'fa3abe16-3645-4d22-a01d-893e6f20c408', 'usr_53');
INSERT INTO trabalho.log_acesso VALUES ('log_53_2_2', 'fa3abe16-3645-4d22-a01d-893e6f20c408', 'usr_53');
INSERT INTO trabalho.usuario VALUES ('usr_54', '54_Norberto.Albuquerque@gmail.com', 'Norberto Albuquerque', 'male', 21, trabalho.hashPassword('Password123'), 'Argentina');
INSERT INTO trabalho.usuario_esta_inscrito_no_podcast VALUES (3, '7e429e8e-7669-403d-bb78-3cd7f9f75afd', 'usr_54');
INSERT INTO trabalho.comentarios_podcast_usuario VALUES ('comment_54_0_0', 'Temporibus odio iusto quis ea voluptas fugiat.', '7e429e8e-7669-403d-bb78-3cd7f9f75afd', 'usr_54');
INSERT INTO trabalho.comentarios_podcast_usuario VALUES ('comment_54_1_0', 'Aspernatur minus omnis et atque.', '7e429e8e-7669-403d-bb78-3cd7f9f75afd', 'usr_54');
INSERT INTO trabalho.log_acesso VALUES ('log_54_0_0', '7e429e8e-7669-403d-bb78-3cd7f9f75afd', 'usr_54');
INSERT INTO trabalho.log_acesso VALUES ('log_54_1_0', '7e429e8e-7669-403d-bb78-3cd7f9f75afd', 'usr_54');
INSERT INTO trabalho.log_acesso VALUES ('log_54_2_0', '7e429e8e-7669-403d-bb78-3cd7f9f75afd', 'usr_54');
INSERT INTO trabalho.log_acesso VALUES ('log_54_3_0', '7e429e8e-7669-403d-bb78-3cd7f9f75afd', 'usr_54');
INSERT INTO trabalho.usuario_esta_inscrito_no_podcast VALUES (5, '67074e68-bc2f-442b-8af2-7d328b6af6eb', 'usr_54');
INSERT INTO trabalho.comentarios_podcast_usuario VALUES ('comment_54_0_1', 'Vel et rerum saepe dicta autem.', '67074e68-bc2f-442b-8af2-7d328b6af6eb', 'usr_54');
INSERT INTO trabalho.comentarios_podcast_usuario VALUES ('comment_54_1_1', 'Optio et unde exercitationem dolores voluptatem.', '67074e68-bc2f-442b-8af2-7d328b6af6eb', 'usr_54');
INSERT INTO trabalho.log_acesso VALUES ('log_54_0_1', '67074e68-bc2f-442b-8af2-7d328b6af6eb', 'usr_54');
INSERT INTO trabalho.log_acesso VALUES ('log_54_1_1', '67074e68-bc2f-442b-8af2-7d328b6af6eb', 'usr_54');
INSERT INTO trabalho.log_acesso VALUES ('log_54_2_1', '67074e68-bc2f-442b-8af2-7d328b6af6eb', 'usr_54');
INSERT INTO trabalho.log_acesso VALUES ('log_54_3_1', '67074e68-bc2f-442b-8af2-7d328b6af6eb', 'usr_54');
INSERT INTO trabalho.usuario_esta_inscrito_no_podcast VALUES (0, 'af46a958-b921-47b6-9f87-5c4fdc68ea79', 'usr_54');
INSERT INTO trabalho.comentarios_podcast_usuario VALUES ('comment_54_0_2', 'Eveniet voluptatum laborum molestiae quos rerum aut nihil vero.', 'af46a958-b921-47b6-9f87-5c4fdc68ea79', 'usr_54');
INSERT INTO trabalho.comentarios_podcast_usuario VALUES ('comment_54_1_2', 'Quia eius sint et.', 'af46a958-b921-47b6-9f87-5c4fdc68ea79', 'usr_54');
INSERT INTO trabalho.log_acesso VALUES ('log_54_0_2', 'af46a958-b921-47b6-9f87-5c4fdc68ea79', 'usr_54');
INSERT INTO trabalho.log_acesso VALUES ('log_54_1_2', 'af46a958-b921-47b6-9f87-5c4fdc68ea79', 'usr_54');
INSERT INTO trabalho.log_acesso VALUES ('log_54_2_2', 'af46a958-b921-47b6-9f87-5c4fdc68ea79', 'usr_54');
INSERT INTO trabalho.log_acesso VALUES ('log_54_3_2', 'af46a958-b921-47b6-9f87-5c4fdc68ea79', 'usr_54');
INSERT INTO trabalho.usuario VALUES ('usr_55', '55_Norberto_Costa@yahoo.com', 'Norberto Costa', 'male', 53, trabalho.hashPassword('Password123'), 'Estônia');
INSERT INTO trabalho.usuario_esta_inscrito_no_podcast VALUES (1, '67074e68-bc2f-442b-8af2-7d328b6af6eb', 'usr_55');
INSERT INTO trabalho.comentarios_podcast_usuario VALUES ('comment_55_0_0', 'Inventore amet ex corrupti delectus possimus possimus autem ratione cupiditate.', '67074e68-bc2f-442b-8af2-7d328b6af6eb', 'usr_55');
INSERT INTO trabalho.comentarios_podcast_usuario VALUES ('comment_55_1_0', 'Dolorem laudantium in ab a accusamus id in enim natus.', '67074e68-bc2f-442b-8af2-7d328b6af6eb', 'usr_55');
INSERT INTO trabalho.log_acesso VALUES ('log_55_0_0', '67074e68-bc2f-442b-8af2-7d328b6af6eb', 'usr_55');
INSERT INTO trabalho.log_acesso VALUES ('log_55_1_0', '67074e68-bc2f-442b-8af2-7d328b6af6eb', 'usr_55');
INSERT INTO trabalho.log_acesso VALUES ('log_55_2_0', '67074e68-bc2f-442b-8af2-7d328b6af6eb', 'usr_55');
INSERT INTO trabalho.log_acesso VALUES ('log_55_3_0', '67074e68-bc2f-442b-8af2-7d328b6af6eb', 'usr_55');
INSERT INTO trabalho.log_acesso VALUES ('log_55_4_0', '67074e68-bc2f-442b-8af2-7d328b6af6eb', 'usr_55');
INSERT INTO trabalho.usuario_esta_inscrito_no_podcast VALUES (0, 'b553d865-8fe2-47de-9a30-10e1dea3bd1d', 'usr_55');
INSERT INTO trabalho.comentarios_podcast_usuario VALUES ('comment_55_0_1', 'Omnis voluptatum velit sunt.', 'b553d865-8fe2-47de-9a30-10e1dea3bd1d', 'usr_55');
INSERT INTO trabalho.comentarios_podcast_usuario VALUES ('comment_55_1_1', 'Culpa explicabo et aliquid in ipsum dolorem.', 'b553d865-8fe2-47de-9a30-10e1dea3bd1d', 'usr_55');
INSERT INTO trabalho.log_acesso VALUES ('log_55_0_1', 'b553d865-8fe2-47de-9a30-10e1dea3bd1d', 'usr_55');
INSERT INTO trabalho.log_acesso VALUES ('log_55_1_1', 'b553d865-8fe2-47de-9a30-10e1dea3bd1d', 'usr_55');
INSERT INTO trabalho.log_acesso VALUES ('log_55_2_1', 'b553d865-8fe2-47de-9a30-10e1dea3bd1d', 'usr_55');
INSERT INTO trabalho.log_acesso VALUES ('log_55_3_1', 'b553d865-8fe2-47de-9a30-10e1dea3bd1d', 'usr_55');
INSERT INTO trabalho.log_acesso VALUES ('log_55_4_1', 'b553d865-8fe2-47de-9a30-10e1dea3bd1d', 'usr_55');
INSERT INTO trabalho.log_acesso VALUES ('log_55_5_1', 'b553d865-8fe2-47de-9a30-10e1dea3bd1d', 'usr_55');
INSERT INTO trabalho.usuario_esta_inscrito_no_podcast VALUES (1, 'af46a958-b921-47b6-9f87-5c4fdc68ea79', 'usr_55');
INSERT INTO trabalho.comentarios_podcast_usuario VALUES ('comment_55_0_2', 'Ea rem cum expedita.', 'af46a958-b921-47b6-9f87-5c4fdc68ea79', 'usr_55');
INSERT INTO trabalho.comentarios_podcast_usuario VALUES ('comment_55_1_2', 'Nisi nemo dolores ut similique et.', 'af46a958-b921-47b6-9f87-5c4fdc68ea79', 'usr_55');
INSERT INTO trabalho.comentarios_podcast_usuario VALUES ('comment_55_2_2', 'Voluptatem sint qui accusantium magnam consequatur eum optio et reiciendis.', 'af46a958-b921-47b6-9f87-5c4fdc68ea79', 'usr_55');
INSERT INTO trabalho.comentarios_podcast_usuario VALUES ('comment_55_3_2', 'Quibusdam consequuntur illum sunt a amet animi eveniet corrupti.', 'af46a958-b921-47b6-9f87-5c4fdc68ea79', 'usr_55');
INSERT INTO trabalho.comentarios_podcast_usuario VALUES ('comment_55_4_2', 'Hic eos temporibus est ullam quibusdam qui illum omnis dolores.', 'af46a958-b921-47b6-9f87-5c4fdc68ea79', 'usr_55');
INSERT INTO trabalho.comentarios_podcast_usuario VALUES ('comment_55_5_2', 'Maxime velit ea veniam est eum quo.', 'af46a958-b921-47b6-9f87-5c4fdc68ea79', 'usr_55');
INSERT INTO trabalho.comentarios_podcast_usuario VALUES ('comment_55_6_2', 'Officiis nulla assumenda id corporis.', 'af46a958-b921-47b6-9f87-5c4fdc68ea79', 'usr_55');
INSERT INTO trabalho.log_acesso VALUES ('log_55_0_2', 'af46a958-b921-47b6-9f87-5c4fdc68ea79', 'usr_55');
INSERT INTO trabalho.log_acesso VALUES ('log_55_1_2', 'af46a958-b921-47b6-9f87-5c4fdc68ea79', 'usr_55');
INSERT INTO trabalho.usuario VALUES ('usr_56', '56_Rebeca.Souza@bol.com.br', 'Rebeca Souza', 'female', 50, trabalho.hashPassword('Password123'), 'Lesoto');
INSERT INTO trabalho.usuario_esta_inscrito_no_podcast VALUES (2, 'de2f0ddb-9903-436a-a5e2-54224254c818', 'usr_56');
INSERT INTO trabalho.comentarios_podcast_usuario VALUES ('comment_56_0_0', 'Magni aut vel qui eos doloribus fugit eos est excepturi.', 'de2f0ddb-9903-436a-a5e2-54224254c818', 'usr_56');
INSERT INTO trabalho.comentarios_podcast_usuario VALUES ('comment_56_1_0', 'Unde dolor sed quas in voluptates.', 'de2f0ddb-9903-436a-a5e2-54224254c818', 'usr_56');
INSERT INTO trabalho.comentarios_podcast_usuario VALUES ('comment_56_2_0', 'Dolor facere et perferendis numquam commodi sed velit et.', 'de2f0ddb-9903-436a-a5e2-54224254c818', 'usr_56');
INSERT INTO trabalho.log_acesso VALUES ('log_56_0_0', 'de2f0ddb-9903-436a-a5e2-54224254c818', 'usr_56');
INSERT INTO trabalho.log_acesso VALUES ('log_56_1_0', 'de2f0ddb-9903-436a-a5e2-54224254c818', 'usr_56');
INSERT INTO trabalho.log_acesso VALUES ('log_56_2_0', 'de2f0ddb-9903-436a-a5e2-54224254c818', 'usr_56');
INSERT INTO trabalho.usuario_esta_inscrito_no_podcast VALUES (3, 'fa3abe16-3645-4d22-a01d-893e6f20c408', 'usr_56');
INSERT INTO trabalho.comentarios_podcast_usuario VALUES ('comment_56_0_1', 'Atque excepturi dicta qui ullam et voluptatem.', 'fa3abe16-3645-4d22-a01d-893e6f20c408', 'usr_56');
INSERT INTO trabalho.comentarios_podcast_usuario VALUES ('comment_56_1_1', 'Inventore aspernatur consequatur in facilis doloremque.', 'fa3abe16-3645-4d22-a01d-893e6f20c408', 'usr_56');
INSERT INTO trabalho.comentarios_podcast_usuario VALUES ('comment_56_2_1', 'Quia mollitia id nihil non odit velit ratione et.', 'fa3abe16-3645-4d22-a01d-893e6f20c408', 'usr_56');
INSERT INTO trabalho.log_acesso VALUES ('log_56_0_1', 'fa3abe16-3645-4d22-a01d-893e6f20c408', 'usr_56');
INSERT INTO trabalho.log_acesso VALUES ('log_56_1_1', 'fa3abe16-3645-4d22-a01d-893e6f20c408', 'usr_56');
INSERT INTO trabalho.log_acesso VALUES ('log_56_2_1', 'fa3abe16-3645-4d22-a01d-893e6f20c408', 'usr_56');
INSERT INTO trabalho.usuario_esta_inscrito_no_podcast VALUES (0, 'c58b280a-56d4-4ad8-8c85-730e4ea86361', 'usr_56');
INSERT INTO trabalho.comentarios_podcast_usuario VALUES ('comment_56_0_2', 'Aspernatur est mollitia sint sunt quas.', 'c58b280a-56d4-4ad8-8c85-730e4ea86361', 'usr_56');
INSERT INTO trabalho.comentarios_podcast_usuario VALUES ('comment_56_1_2', 'Aut nesciunt ipsa architecto quis iste eum et nihil.', 'c58b280a-56d4-4ad8-8c85-730e4ea86361', 'usr_56');
INSERT INTO trabalho.comentarios_podcast_usuario VALUES ('comment_56_2_2', 'Impedit voluptatibus soluta maiores sint et.', 'c58b280a-56d4-4ad8-8c85-730e4ea86361', 'usr_56');
INSERT INTO trabalho.log_acesso VALUES ('log_56_0_2', 'c58b280a-56d4-4ad8-8c85-730e4ea86361', 'usr_56');
INSERT INTO trabalho.log_acesso VALUES ('log_56_1_2', 'c58b280a-56d4-4ad8-8c85-730e4ea86361', 'usr_56');
INSERT INTO trabalho.usuario VALUES ('usr_57', '57_Lavnia.Pereira@yahoo.com', 'Lavínia Pereira', 'female', 39, trabalho.hashPassword('Password123'), 'Etiópia');
INSERT INTO trabalho.usuario_esta_inscrito_no_podcast VALUES (3, '168c1536-4c42-4b8f-8c77-f06affefec6a', 'usr_57');
INSERT INTO trabalho.comentarios_podcast_usuario VALUES ('comment_57_0_0', 'Sapiente nam neque quia.', '168c1536-4c42-4b8f-8c77-f06affefec6a', 'usr_57');
INSERT INTO trabalho.comentarios_podcast_usuario VALUES ('comment_57_1_0', 'Dolor autem veritatis.', '168c1536-4c42-4b8f-8c77-f06affefec6a', 'usr_57');
INSERT INTO trabalho.comentarios_podcast_usuario VALUES ('comment_57_2_0', 'Et molestiae enim voluptas id.', '168c1536-4c42-4b8f-8c77-f06affefec6a', 'usr_57');
INSERT INTO trabalho.log_acesso VALUES ('log_57_0_0', '168c1536-4c42-4b8f-8c77-f06affefec6a', 'usr_57');
INSERT INTO trabalho.log_acesso VALUES ('log_57_1_0', '168c1536-4c42-4b8f-8c77-f06affefec6a', 'usr_57');
INSERT INTO trabalho.log_acesso VALUES ('log_57_2_0', '168c1536-4c42-4b8f-8c77-f06affefec6a', 'usr_57');
INSERT INTO trabalho.log_acesso VALUES ('log_57_3_0', '168c1536-4c42-4b8f-8c77-f06affefec6a', 'usr_57');
INSERT INTO trabalho.log_acesso VALUES ('log_57_4_0', '168c1536-4c42-4b8f-8c77-f06affefec6a', 'usr_57');
INSERT INTO trabalho.log_acesso VALUES ('log_57_5_0', '168c1536-4c42-4b8f-8c77-f06affefec6a', 'usr_57');
INSERT INTO trabalho.usuario_esta_inscrito_no_podcast VALUES (3, 'c58b280a-56d4-4ad8-8c85-730e4ea86361', 'usr_57');
INSERT INTO trabalho.comentarios_podcast_usuario VALUES ('comment_57_0_1', 'Est omnis explicabo non sequi.', 'c58b280a-56d4-4ad8-8c85-730e4ea86361', 'usr_57');
INSERT INTO trabalho.comentarios_podcast_usuario VALUES ('comment_57_1_1', 'Beatae laudantium aut id repellat reprehenderit.', 'c58b280a-56d4-4ad8-8c85-730e4ea86361', 'usr_57');
INSERT INTO trabalho.comentarios_podcast_usuario VALUES ('comment_57_2_1', 'Dolore omnis harum aut.', 'c58b280a-56d4-4ad8-8c85-730e4ea86361', 'usr_57');
INSERT INTO trabalho.comentarios_podcast_usuario VALUES ('comment_57_3_1', 'Voluptas nulla perspiciatis enim aut.', 'c58b280a-56d4-4ad8-8c85-730e4ea86361', 'usr_57');
INSERT INTO trabalho.comentarios_podcast_usuario VALUES ('comment_57_4_1', 'Eveniet accusantium consequatur eos harum.', 'c58b280a-56d4-4ad8-8c85-730e4ea86361', 'usr_57');
INSERT INTO trabalho.log_acesso VALUES ('log_57_0_1', 'c58b280a-56d4-4ad8-8c85-730e4ea86361', 'usr_57');
INSERT INTO trabalho.usuario_esta_inscrito_no_podcast VALUES (2, '219328a1-cec6-4e8c-b003-52a3ec9766bb', 'usr_57');
INSERT INTO trabalho.comentarios_podcast_usuario VALUES ('comment_57_0_2', 'Neque doloribus aspernatur consequatur enim enim.', '219328a1-cec6-4e8c-b003-52a3ec9766bb', 'usr_57');
INSERT INTO trabalho.comentarios_podcast_usuario VALUES ('comment_57_1_2', 'Quis et autem rerum dolores.', '219328a1-cec6-4e8c-b003-52a3ec9766bb', 'usr_57');
INSERT INTO trabalho.comentarios_podcast_usuario VALUES ('comment_57_2_2', 'Eos ea et consequuntur nihil cum illum quia.', '219328a1-cec6-4e8c-b003-52a3ec9766bb', 'usr_57');
INSERT INTO trabalho.log_acesso VALUES ('log_57_0_2', '219328a1-cec6-4e8c-b003-52a3ec9766bb', 'usr_57');
INSERT INTO trabalho.log_acesso VALUES ('log_57_1_2', '219328a1-cec6-4e8c-b003-52a3ec9766bb', 'usr_57');
INSERT INTO trabalho.log_acesso VALUES ('log_57_2_2', '219328a1-cec6-4e8c-b003-52a3ec9766bb', 'usr_57');
INSERT INTO trabalho.log_acesso VALUES ('log_57_3_2', '219328a1-cec6-4e8c-b003-52a3ec9766bb', 'usr_57');
INSERT INTO trabalho.log_acesso VALUES ('log_57_4_2', '219328a1-cec6-4e8c-b003-52a3ec9766bb', 'usr_57');
INSERT INTO trabalho.usuario VALUES ('usr_58', '58_Jlia10@bol.com.br', 'Júlia Carvalho', 'female', 34, trabalho.hashPassword('Password123'), 'Gâmbia');
INSERT INTO trabalho.usuario_esta_inscrito_no_podcast VALUES (2, 'bc8dac25-793c-4a96-aafc-4ea7020f4f60', 'usr_58');
INSERT INTO trabalho.comentarios_podcast_usuario VALUES ('comment_58_0_0', 'Velit tenetur earum facere dignissimos dolores.', 'bc8dac25-793c-4a96-aafc-4ea7020f4f60', 'usr_58');
INSERT INTO trabalho.comentarios_podcast_usuario VALUES ('comment_58_1_0', 'Dolor quidem aut et.', 'bc8dac25-793c-4a96-aafc-4ea7020f4f60', 'usr_58');
INSERT INTO trabalho.comentarios_podcast_usuario VALUES ('comment_58_2_0', 'Est eligendi est ea sit vel.', 'bc8dac25-793c-4a96-aafc-4ea7020f4f60', 'usr_58');
INSERT INTO trabalho.comentarios_podcast_usuario VALUES ('comment_58_3_0', 'Commodi sed aut aut a aut iste quia.', 'bc8dac25-793c-4a96-aafc-4ea7020f4f60', 'usr_58');
INSERT INTO trabalho.log_acesso VALUES ('log_58_0_0', 'bc8dac25-793c-4a96-aafc-4ea7020f4f60', 'usr_58');
INSERT INTO trabalho.log_acesso VALUES ('log_58_1_0', 'bc8dac25-793c-4a96-aafc-4ea7020f4f60', 'usr_58');
INSERT INTO trabalho.log_acesso VALUES ('log_58_2_0', 'bc8dac25-793c-4a96-aafc-4ea7020f4f60', 'usr_58');
INSERT INTO trabalho.usuario_esta_inscrito_no_podcast VALUES (3, '7e429e8e-7669-403d-bb78-3cd7f9f75afd', 'usr_58');
INSERT INTO trabalho.comentarios_podcast_usuario VALUES ('comment_58_0_1', 'Odio ducimus laudantium nihil et sed eius est ipsa iure.', '7e429e8e-7669-403d-bb78-3cd7f9f75afd', 'usr_58');
INSERT INTO trabalho.comentarios_podcast_usuario VALUES ('comment_58_1_1', 'Ut odit aut voluptas sunt voluptas odit quia voluptas.', '7e429e8e-7669-403d-bb78-3cd7f9f75afd', 'usr_58');
INSERT INTO trabalho.comentarios_podcast_usuario VALUES ('comment_58_2_1', 'Impedit et consequatur omnis odio voluptatum atque soluta aut quis.', '7e429e8e-7669-403d-bb78-3cd7f9f75afd', 'usr_58');
INSERT INTO trabalho.comentarios_podcast_usuario VALUES ('comment_58_3_1', 'Commodi voluptatem nam reiciendis.', '7e429e8e-7669-403d-bb78-3cd7f9f75afd', 'usr_58');
INSERT INTO trabalho.log_acesso VALUES ('log_58_0_1', '7e429e8e-7669-403d-bb78-3cd7f9f75afd', 'usr_58');
INSERT INTO trabalho.log_acesso VALUES ('log_58_1_1', '7e429e8e-7669-403d-bb78-3cd7f9f75afd', 'usr_58');
INSERT INTO trabalho.log_acesso VALUES ('log_58_2_1', '7e429e8e-7669-403d-bb78-3cd7f9f75afd', 'usr_58');
INSERT INTO trabalho.log_acesso VALUES ('log_58_3_1', '7e429e8e-7669-403d-bb78-3cd7f9f75afd', 'usr_58');
INSERT INTO trabalho.usuario_esta_inscrito_no_podcast VALUES (3, '168c1536-4c42-4b8f-8c77-f06affefec6a', 'usr_58');
INSERT INTO trabalho.comentarios_podcast_usuario VALUES ('comment_58_0_2', 'Culpa voluptatem a ut id deserunt minus blanditiis et beatae.', '168c1536-4c42-4b8f-8c77-f06affefec6a', 'usr_58');
INSERT INTO trabalho.comentarios_podcast_usuario VALUES ('comment_58_1_2', 'Est est perferendis dolores odit.', '168c1536-4c42-4b8f-8c77-f06affefec6a', 'usr_58');
INSERT INTO trabalho.comentarios_podcast_usuario VALUES ('comment_58_2_2', 'Voluptate voluptatem a ut omnis quasi.', '168c1536-4c42-4b8f-8c77-f06affefec6a', 'usr_58');
INSERT INTO trabalho.comentarios_podcast_usuario VALUES ('comment_58_3_2', 'Quaerat dicta et ullam.', '168c1536-4c42-4b8f-8c77-f06affefec6a', 'usr_58');
INSERT INTO trabalho.comentarios_podcast_usuario VALUES ('comment_58_4_2', 'Id rerum vel quo doloremque aut nam rerum.', '168c1536-4c42-4b8f-8c77-f06affefec6a', 'usr_58');
INSERT INTO trabalho.comentarios_podcast_usuario VALUES ('comment_58_5_2', 'Error ratione aliquam.', '168c1536-4c42-4b8f-8c77-f06affefec6a', 'usr_58');
INSERT INTO trabalho.log_acesso VALUES ('log_58_0_2', '168c1536-4c42-4b8f-8c77-f06affefec6a', 'usr_58');
INSERT INTO trabalho.log_acesso VALUES ('log_58_1_2', '168c1536-4c42-4b8f-8c77-f06affefec6a', 'usr_58');
INSERT INTO trabalho.log_acesso VALUES ('log_58_2_2', '168c1536-4c42-4b8f-8c77-f06affefec6a', 'usr_58');
INSERT INTO trabalho.log_acesso VALUES ('log_58_3_2', '168c1536-4c42-4b8f-8c77-f06affefec6a', 'usr_58');
INSERT INTO trabalho.log_acesso VALUES ('log_58_4_2', '168c1536-4c42-4b8f-8c77-f06affefec6a', 'usr_58');
INSERT INTO trabalho.log_acesso VALUES ('log_58_5_2', '168c1536-4c42-4b8f-8c77-f06affefec6a', 'usr_58');
INSERT INTO trabalho.log_acesso VALUES ('log_58_6_2', '168c1536-4c42-4b8f-8c77-f06affefec6a', 'usr_58');
INSERT INTO trabalho.usuario VALUES ('usr_59', '59_Carla.Braga46@hotmail.com', 'Carla Braga', 'female', 19, trabalho.hashPassword('Password123'), 'Senegal');
INSERT INTO trabalho.usuario_esta_inscrito_no_podcast VALUES (1, 'de2f0ddb-9903-436a-a5e2-54224254c818', 'usr_59');
INSERT INTO trabalho.comentarios_podcast_usuario VALUES ('comment_59_0_0', 'Non consectetur esse eum.', 'de2f0ddb-9903-436a-a5e2-54224254c818', 'usr_59');
INSERT INTO trabalho.comentarios_podcast_usuario VALUES ('comment_59_1_0', 'Aliquam eum est omnis veritatis eos sed reiciendis dolor.', 'de2f0ddb-9903-436a-a5e2-54224254c818', 'usr_59');
INSERT INTO trabalho.comentarios_podcast_usuario VALUES ('comment_59_2_0', 'Est voluptas officia consequatur autem ut qui.', 'de2f0ddb-9903-436a-a5e2-54224254c818', 'usr_59');
INSERT INTO trabalho.log_acesso VALUES ('log_59_0_0', 'de2f0ddb-9903-436a-a5e2-54224254c818', 'usr_59');
INSERT INTO trabalho.log_acesso VALUES ('log_59_1_0', 'de2f0ddb-9903-436a-a5e2-54224254c818', 'usr_59');
INSERT INTO trabalho.usuario_esta_inscrito_no_podcast VALUES (3, '5bdf7377-8330-4f9f-8efd-e95301c122ce', 'usr_59');
INSERT INTO trabalho.comentarios_podcast_usuario VALUES ('comment_59_0_1', 'Amet maiores laboriosam excepturi et voluptatem eos id.', '5bdf7377-8330-4f9f-8efd-e95301c122ce', 'usr_59');
INSERT INTO trabalho.comentarios_podcast_usuario VALUES ('comment_59_1_1', 'Voluptatem labore praesentium autem harum aspernatur quaerat.', '5bdf7377-8330-4f9f-8efd-e95301c122ce', 'usr_59');
INSERT INTO trabalho.comentarios_podcast_usuario VALUES ('comment_59_2_1', 'Eaque repellendus et voluptatum recusandae quis.', '5bdf7377-8330-4f9f-8efd-e95301c122ce', 'usr_59');
INSERT INTO trabalho.comentarios_podcast_usuario VALUES ('comment_59_3_1', 'Dolor sit dignissimos ut amet sit cupiditate.', '5bdf7377-8330-4f9f-8efd-e95301c122ce', 'usr_59');
INSERT INTO trabalho.log_acesso VALUES ('log_59_0_1', '5bdf7377-8330-4f9f-8efd-e95301c122ce', 'usr_59');
INSERT INTO trabalho.log_acesso VALUES ('log_59_1_1', '5bdf7377-8330-4f9f-8efd-e95301c122ce', 'usr_59');
INSERT INTO trabalho.usuario_esta_inscrito_no_podcast VALUES (0, 'af46a958-b921-47b6-9f87-5c4fdc68ea79', 'usr_59');
INSERT INTO trabalho.comentarios_podcast_usuario VALUES ('comment_59_0_2', 'Aut similique minus doloribus.', 'af46a958-b921-47b6-9f87-5c4fdc68ea79', 'usr_59');
INSERT INTO trabalho.comentarios_podcast_usuario VALUES ('comment_59_1_2', 'Possimus et et natus modi nemo corrupti dolores.', 'af46a958-b921-47b6-9f87-5c4fdc68ea79', 'usr_59');
INSERT INTO trabalho.comentarios_podcast_usuario VALUES ('comment_59_2_2', 'Molestiae incidunt officiis id laborum ratione deleniti mollitia eum tempore.', 'af46a958-b921-47b6-9f87-5c4fdc68ea79', 'usr_59');
INSERT INTO trabalho.log_acesso VALUES ('log_59_0_2', 'af46a958-b921-47b6-9f87-5c4fdc68ea79', 'usr_59');
INSERT INTO trabalho.log_acesso VALUES ('log_59_1_2', 'af46a958-b921-47b6-9f87-5c4fdc68ea79', 'usr_59');
INSERT INTO trabalho.usuario VALUES ('usr_60', '60_MariaAlice_Macedo17@gmail.com', 'Maria Alice Macedo', 'female', 41, trabalho.hashPassword('Password123'), 'Áustria');
INSERT INTO trabalho.usuario_esta_inscrito_no_podcast VALUES (5, 'f1b92ce7-47a7-43cd-8586-4a09185cdd05', 'usr_60');
INSERT INTO trabalho.comentarios_podcast_usuario VALUES ('comment_60_0_0', 'Sint sint debitis consectetur delectus voluptate debitis voluptate consectetur.', 'f1b92ce7-47a7-43cd-8586-4a09185cdd05', 'usr_60');
INSERT INTO trabalho.comentarios_podcast_usuario VALUES ('comment_60_1_0', 'Porro autem nihil voluptates velit consequuntur sequi velit.', 'f1b92ce7-47a7-43cd-8586-4a09185cdd05', 'usr_60');
INSERT INTO trabalho.comentarios_podcast_usuario VALUES ('comment_60_2_0', 'Dolores est quae laboriosam soluta et molestias.', 'f1b92ce7-47a7-43cd-8586-4a09185cdd05', 'usr_60');
INSERT INTO trabalho.comentarios_podcast_usuario VALUES ('comment_60_3_0', 'Repellat voluptate iste quod impedit.', 'f1b92ce7-47a7-43cd-8586-4a09185cdd05', 'usr_60');
INSERT INTO trabalho.comentarios_podcast_usuario VALUES ('comment_60_4_0', 'Id saepe enim.', 'f1b92ce7-47a7-43cd-8586-4a09185cdd05', 'usr_60');
INSERT INTO trabalho.log_acesso VALUES ('log_60_0_0', 'f1b92ce7-47a7-43cd-8586-4a09185cdd05', 'usr_60');
INSERT INTO trabalho.log_acesso VALUES ('log_60_1_0', 'f1b92ce7-47a7-43cd-8586-4a09185cdd05', 'usr_60');
INSERT INTO trabalho.usuario_esta_inscrito_no_podcast VALUES (3, 'f0166bd2-8e4d-4308-b5d7-0b3d627c5dc5', 'usr_60');
INSERT INTO trabalho.comentarios_podcast_usuario VALUES ('comment_60_0_1', 'Architecto odit qui aperiam recusandae saepe dolor blanditiis corporis voluptatem.', 'f0166bd2-8e4d-4308-b5d7-0b3d627c5dc5', 'usr_60');
INSERT INTO trabalho.comentarios_podcast_usuario VALUES ('comment_60_1_1', 'Velit ipsam architecto id ullam molestiae quia voluptas debitis.', 'f0166bd2-8e4d-4308-b5d7-0b3d627c5dc5', 'usr_60');
INSERT INTO trabalho.comentarios_podcast_usuario VALUES ('comment_60_2_1', 'Nulla eos vel quo neque tempore recusandae aut dolores voluptates.', 'f0166bd2-8e4d-4308-b5d7-0b3d627c5dc5', 'usr_60');
INSERT INTO trabalho.comentarios_podcast_usuario VALUES ('comment_60_3_1', 'Et tenetur quaerat at eum non aperiam voluptatem consequatur.', 'f0166bd2-8e4d-4308-b5d7-0b3d627c5dc5', 'usr_60');
INSERT INTO trabalho.comentarios_podcast_usuario VALUES ('comment_60_4_1', 'Et alias odio aliquid molestias.', 'f0166bd2-8e4d-4308-b5d7-0b3d627c5dc5', 'usr_60');
INSERT INTO trabalho.comentarios_podcast_usuario VALUES ('comment_60_5_1', 'Ut est consequatur delectus ipsam laudantium nemo.', 'f0166bd2-8e4d-4308-b5d7-0b3d627c5dc5', 'usr_60');
INSERT INTO trabalho.log_acesso VALUES ('log_60_0_1', 'f0166bd2-8e4d-4308-b5d7-0b3d627c5dc5', 'usr_60');
INSERT INTO trabalho.log_acesso VALUES ('log_60_1_1', 'f0166bd2-8e4d-4308-b5d7-0b3d627c5dc5', 'usr_60');
INSERT INTO trabalho.log_acesso VALUES ('log_60_2_1', 'f0166bd2-8e4d-4308-b5d7-0b3d627c5dc5', 'usr_60');
INSERT INTO trabalho.log_acesso VALUES ('log_60_3_1', 'f0166bd2-8e4d-4308-b5d7-0b3d627c5dc5', 'usr_60');
INSERT INTO trabalho.log_acesso VALUES ('log_60_4_1', 'f0166bd2-8e4d-4308-b5d7-0b3d627c5dc5', 'usr_60');
INSERT INTO trabalho.usuario_esta_inscrito_no_podcast VALUES (4, 'f8e13774-d631-4f34-93f0-2f5d55590265', 'usr_60');
INSERT INTO trabalho.comentarios_podcast_usuario VALUES ('comment_60_0_2', 'Reprehenderit nam hic et totam ipsum.', 'f8e13774-d631-4f34-93f0-2f5d55590265', 'usr_60');
INSERT INTO trabalho.comentarios_podcast_usuario VALUES ('comment_60_1_2', 'Consequatur quisquam velit inventore veniam cumque eius perferendis blanditiis.', 'f8e13774-d631-4f34-93f0-2f5d55590265', 'usr_60');
INSERT INTO trabalho.comentarios_podcast_usuario VALUES ('comment_60_2_2', 'Itaque incidunt et molestiae rem praesentium est.', 'f8e13774-d631-4f34-93f0-2f5d55590265', 'usr_60');
INSERT INTO trabalho.comentarios_podcast_usuario VALUES ('comment_60_3_2', 'Repellat rerum voluptatem.', 'f8e13774-d631-4f34-93f0-2f5d55590265', 'usr_60');
INSERT INTO trabalho.comentarios_podcast_usuario VALUES ('comment_60_4_2', 'Consequatur nisi impedit assumenda ducimus dolorem.', 'f8e13774-d631-4f34-93f0-2f5d55590265', 'usr_60');
INSERT INTO trabalho.comentarios_podcast_usuario VALUES ('comment_60_5_2', 'Ex dolore sint laboriosam ipsam qui.', 'f8e13774-d631-4f34-93f0-2f5d55590265', 'usr_60');
INSERT INTO trabalho.comentarios_podcast_usuario VALUES ('comment_60_6_2', 'Non enim voluptas repudiandae tempora molestias tempora.', 'f8e13774-d631-4f34-93f0-2f5d55590265', 'usr_60');
INSERT INTO trabalho.log_acesso VALUES ('log_60_0_2', 'f8e13774-d631-4f34-93f0-2f5d55590265', 'usr_60');
INSERT INTO trabalho.usuario VALUES ('usr_61', '61_Daniel.Oliveira@gmail.com', 'Daniel Oliveira', 'male', 4, trabalho.hashPassword('Password123'), 'Estados Unidos da América');
INSERT INTO trabalho.usuario_esta_inscrito_no_podcast VALUES (1, 'f0166bd2-8e4d-4308-b5d7-0b3d627c5dc5', 'usr_61');
INSERT INTO trabalho.comentarios_podcast_usuario VALUES ('comment_61_0_0', 'Aliquam amet laboriosam voluptas.', 'f0166bd2-8e4d-4308-b5d7-0b3d627c5dc5', 'usr_61');
INSERT INTO trabalho.comentarios_podcast_usuario VALUES ('comment_61_1_0', 'Rem repellat eaque molestiae ratione qui corrupti debitis rem aut.', 'f0166bd2-8e4d-4308-b5d7-0b3d627c5dc5', 'usr_61');
INSERT INTO trabalho.comentarios_podcast_usuario VALUES ('comment_61_2_0', 'Eius deleniti molestiae et.', 'f0166bd2-8e4d-4308-b5d7-0b3d627c5dc5', 'usr_61');
INSERT INTO trabalho.log_acesso VALUES ('log_61_0_0', 'f0166bd2-8e4d-4308-b5d7-0b3d627c5dc5', 'usr_61');
INSERT INTO trabalho.log_acesso VALUES ('log_61_1_0', 'f0166bd2-8e4d-4308-b5d7-0b3d627c5dc5', 'usr_61');
INSERT INTO trabalho.log_acesso VALUES ('log_61_2_0', 'f0166bd2-8e4d-4308-b5d7-0b3d627c5dc5', 'usr_61');
INSERT INTO trabalho.usuario_esta_inscrito_no_podcast VALUES (5, 'bc8dac25-793c-4a96-aafc-4ea7020f4f60', 'usr_61');
INSERT INTO trabalho.comentarios_podcast_usuario VALUES ('comment_61_0_1', 'Ipsam suscipit et quam.', 'bc8dac25-793c-4a96-aafc-4ea7020f4f60', 'usr_61');
INSERT INTO trabalho.log_acesso VALUES ('log_61_0_1', 'bc8dac25-793c-4a96-aafc-4ea7020f4f60', 'usr_61');
INSERT INTO trabalho.log_acesso VALUES ('log_61_1_1', 'bc8dac25-793c-4a96-aafc-4ea7020f4f60', 'usr_61');
INSERT INTO trabalho.log_acesso VALUES ('log_61_2_1', 'bc8dac25-793c-4a96-aafc-4ea7020f4f60', 'usr_61');
INSERT INTO trabalho.log_acesso VALUES ('log_61_3_1', 'bc8dac25-793c-4a96-aafc-4ea7020f4f60', 'usr_61');
INSERT INTO trabalho.log_acesso VALUES ('log_61_4_1', 'bc8dac25-793c-4a96-aafc-4ea7020f4f60', 'usr_61');
INSERT INTO trabalho.log_acesso VALUES ('log_61_5_1', 'bc8dac25-793c-4a96-aafc-4ea7020f4f60', 'usr_61');
INSERT INTO trabalho.usuario_esta_inscrito_no_podcast VALUES (4, '5bdf7377-8330-4f9f-8efd-e95301c122ce', 'usr_61');
INSERT INTO trabalho.comentarios_podcast_usuario VALUES ('comment_61_0_2', 'Adipisci animi sit praesentium.', '5bdf7377-8330-4f9f-8efd-e95301c122ce', 'usr_61');
INSERT INTO trabalho.comentarios_podcast_usuario VALUES ('comment_61_1_2', 'Commodi eligendi modi provident nihil et dolorum est tempore.', '5bdf7377-8330-4f9f-8efd-e95301c122ce', 'usr_61');
INSERT INTO trabalho.comentarios_podcast_usuario VALUES ('comment_61_2_2', 'Molestiae autem porro et.', '5bdf7377-8330-4f9f-8efd-e95301c122ce', 'usr_61');
INSERT INTO trabalho.comentarios_podcast_usuario VALUES ('comment_61_3_2', 'Id quo quaerat non laudantium dolorem et et quis.', '5bdf7377-8330-4f9f-8efd-e95301c122ce', 'usr_61');
INSERT INTO trabalho.log_acesso VALUES ('log_61_0_2', '5bdf7377-8330-4f9f-8efd-e95301c122ce', 'usr_61');
INSERT INTO trabalho.log_acesso VALUES ('log_61_1_2', '5bdf7377-8330-4f9f-8efd-e95301c122ce', 'usr_61');
INSERT INTO trabalho.log_acesso VALUES ('log_61_2_2', '5bdf7377-8330-4f9f-8efd-e95301c122ce', 'usr_61');
INSERT INTO trabalho.log_acesso VALUES ('log_61_3_2', '5bdf7377-8330-4f9f-8efd-e95301c122ce', 'usr_61');
INSERT INTO trabalho.log_acesso VALUES ('log_61_4_2', '5bdf7377-8330-4f9f-8efd-e95301c122ce', 'usr_61');
INSERT INTO trabalho.log_acesso VALUES ('log_61_5_2', '5bdf7377-8330-4f9f-8efd-e95301c122ce', 'usr_61');
INSERT INTO trabalho.log_acesso VALUES ('log_61_6_2', '5bdf7377-8330-4f9f-8efd-e95301c122ce', 'usr_61');
INSERT INTO trabalho.usuario VALUES ('usr_62', '62_Elsio_Franco@live.com', 'Elísio Franco', 'male', 12, trabalho.hashPassword('Password123'), 'Guiné');
INSERT INTO trabalho.usuario_esta_inscrito_no_podcast VALUES (5, 'bc8dac25-793c-4a96-aafc-4ea7020f4f60', 'usr_62');
INSERT INTO trabalho.comentarios_podcast_usuario VALUES ('comment_62_0_0', 'Quia cumque corrupti inventore eligendi aut rem.', 'bc8dac25-793c-4a96-aafc-4ea7020f4f60', 'usr_62');
INSERT INTO trabalho.log_acesso VALUES ('log_62_0_0', 'bc8dac25-793c-4a96-aafc-4ea7020f4f60', 'usr_62');
INSERT INTO trabalho.log_acesso VALUES ('log_62_1_0', 'bc8dac25-793c-4a96-aafc-4ea7020f4f60', 'usr_62');
INSERT INTO trabalho.log_acesso VALUES ('log_62_2_0', 'bc8dac25-793c-4a96-aafc-4ea7020f4f60', 'usr_62');
INSERT INTO trabalho.usuario_esta_inscrito_no_podcast VALUES (3, 'de2f0ddb-9903-436a-a5e2-54224254c818', 'usr_62');
INSERT INTO trabalho.comentarios_podcast_usuario VALUES ('comment_62_0_1', 'Quam fuga rerum et accusamus consequuntur ducimus molestiae.', 'de2f0ddb-9903-436a-a5e2-54224254c818', 'usr_62');
INSERT INTO trabalho.log_acesso VALUES ('log_62_0_1', 'de2f0ddb-9903-436a-a5e2-54224254c818', 'usr_62');
INSERT INTO trabalho.log_acesso VALUES ('log_62_1_1', 'de2f0ddb-9903-436a-a5e2-54224254c818', 'usr_62');
INSERT INTO trabalho.usuario_esta_inscrito_no_podcast VALUES (1, '168c1536-4c42-4b8f-8c77-f06affefec6a', 'usr_62');
INSERT INTO trabalho.comentarios_podcast_usuario VALUES ('comment_62_0_2', 'Est nobis et id.', '168c1536-4c42-4b8f-8c77-f06affefec6a', 'usr_62');
INSERT INTO trabalho.comentarios_podcast_usuario VALUES ('comment_62_1_2', 'Quia suscipit nulla rerum repellat laboriosam harum.', '168c1536-4c42-4b8f-8c77-f06affefec6a', 'usr_62');
INSERT INTO trabalho.comentarios_podcast_usuario VALUES ('comment_62_2_2', 'Voluptatum vero expedita omnis magnam.', '168c1536-4c42-4b8f-8c77-f06affefec6a', 'usr_62');
INSERT INTO trabalho.comentarios_podcast_usuario VALUES ('comment_62_3_2', 'Unde explicabo voluptatem omnis repellendus omnis exercitationem et accusamus nesciunt.', '168c1536-4c42-4b8f-8c77-f06affefec6a', 'usr_62');
INSERT INTO trabalho.log_acesso VALUES ('log_62_0_2', '168c1536-4c42-4b8f-8c77-f06affefec6a', 'usr_62');
INSERT INTO trabalho.log_acesso VALUES ('log_62_1_2', '168c1536-4c42-4b8f-8c77-f06affefec6a', 'usr_62');
INSERT INTO trabalho.log_acesso VALUES ('log_62_2_2', '168c1536-4c42-4b8f-8c77-f06affefec6a', 'usr_62');
INSERT INTO trabalho.usuario VALUES ('usr_63', '63_gor_Carvalho54@gmail.com', 'Ígor Carvalho', 'male', 48, trabalho.hashPassword('Password123'), 'Turcomenistão');
INSERT INTO trabalho.usuario_esta_inscrito_no_podcast VALUES (4, '67074e68-bc2f-442b-8af2-7d328b6af6eb', 'usr_63');
INSERT INTO trabalho.comentarios_podcast_usuario VALUES ('comment_63_0_0', 'Enim ut porro ut sed sit ad id omnis quo.', '67074e68-bc2f-442b-8af2-7d328b6af6eb', 'usr_63');
INSERT INTO trabalho.comentarios_podcast_usuario VALUES ('comment_63_1_0', 'Mollitia quis laborum sed.', '67074e68-bc2f-442b-8af2-7d328b6af6eb', 'usr_63');
INSERT INTO trabalho.comentarios_podcast_usuario VALUES ('comment_63_2_0', 'Rerum excepturi eum aut debitis qui.', '67074e68-bc2f-442b-8af2-7d328b6af6eb', 'usr_63');
INSERT INTO trabalho.comentarios_podcast_usuario VALUES ('comment_63_3_0', 'Vero eos voluptates.', '67074e68-bc2f-442b-8af2-7d328b6af6eb', 'usr_63');
INSERT INTO trabalho.log_acesso VALUES ('log_63_0_0', '67074e68-bc2f-442b-8af2-7d328b6af6eb', 'usr_63');
INSERT INTO trabalho.log_acesso VALUES ('log_63_1_0', '67074e68-bc2f-442b-8af2-7d328b6af6eb', 'usr_63');
INSERT INTO trabalho.log_acesso VALUES ('log_63_2_0', '67074e68-bc2f-442b-8af2-7d328b6af6eb', 'usr_63');
INSERT INTO trabalho.log_acesso VALUES ('log_63_3_0', '67074e68-bc2f-442b-8af2-7d328b6af6eb', 'usr_63');
INSERT INTO trabalho.log_acesso VALUES ('log_63_4_0', '67074e68-bc2f-442b-8af2-7d328b6af6eb', 'usr_63');
INSERT INTO trabalho.log_acesso VALUES ('log_63_5_0', '67074e68-bc2f-442b-8af2-7d328b6af6eb', 'usr_63');
INSERT INTO trabalho.usuario_esta_inscrito_no_podcast VALUES (2, '219328a1-cec6-4e8c-b003-52a3ec9766bb', 'usr_63');
INSERT INTO trabalho.comentarios_podcast_usuario VALUES ('comment_63_0_1', 'Est hic fugiat voluptas.', '219328a1-cec6-4e8c-b003-52a3ec9766bb', 'usr_63');
INSERT INTO trabalho.comentarios_podcast_usuario VALUES ('comment_63_1_1', 'Eos nemo facilis voluptatem et et et.', '219328a1-cec6-4e8c-b003-52a3ec9766bb', 'usr_63');
INSERT INTO trabalho.log_acesso VALUES ('log_63_0_1', '219328a1-cec6-4e8c-b003-52a3ec9766bb', 'usr_63');
INSERT INTO trabalho.log_acesso VALUES ('log_63_1_1', '219328a1-cec6-4e8c-b003-52a3ec9766bb', 'usr_63');
INSERT INTO trabalho.log_acesso VALUES ('log_63_2_1', '219328a1-cec6-4e8c-b003-52a3ec9766bb', 'usr_63');
INSERT INTO trabalho.usuario_esta_inscrito_no_podcast VALUES (5, 'bc8dac25-793c-4a96-aafc-4ea7020f4f60', 'usr_63');
INSERT INTO trabalho.comentarios_podcast_usuario VALUES ('comment_63_0_2', 'Dolorum aut quo eum vel recusandae.', 'bc8dac25-793c-4a96-aafc-4ea7020f4f60', 'usr_63');
INSERT INTO trabalho.comentarios_podcast_usuario VALUES ('comment_63_1_2', 'At at nulla exercitationem dolorum qui eos fugit.', 'bc8dac25-793c-4a96-aafc-4ea7020f4f60', 'usr_63');
INSERT INTO trabalho.comentarios_podcast_usuario VALUES ('comment_63_2_2', 'Quo placeat consequatur qui vel voluptas sed cumque.', 'bc8dac25-793c-4a96-aafc-4ea7020f4f60', 'usr_63');
INSERT INTO trabalho.comentarios_podcast_usuario VALUES ('comment_63_3_2', 'Quas laudantium ipsa numquam sed sequi reprehenderit tenetur.', 'bc8dac25-793c-4a96-aafc-4ea7020f4f60', 'usr_63');
INSERT INTO trabalho.comentarios_podcast_usuario VALUES ('comment_63_4_2', 'Quidem numquam sed exercitationem voluptas sapiente illum.', 'bc8dac25-793c-4a96-aafc-4ea7020f4f60', 'usr_63');
INSERT INTO trabalho.log_acesso VALUES ('log_63_0_2', 'bc8dac25-793c-4a96-aafc-4ea7020f4f60', 'usr_63');
INSERT INTO trabalho.log_acesso VALUES ('log_63_1_2', 'bc8dac25-793c-4a96-aafc-4ea7020f4f60', 'usr_63');
INSERT INTO trabalho.log_acesso VALUES ('log_63_2_2', 'bc8dac25-793c-4a96-aafc-4ea7020f4f60', 'usr_63');
INSERT INTO trabalho.log_acesso VALUES ('log_63_3_2', 'bc8dac25-793c-4a96-aafc-4ea7020f4f60', 'usr_63');
INSERT INTO trabalho.usuario VALUES ('usr_64', '64_Joo33@hotmail.com', 'João Oliveira', 'male', 19, trabalho.hashPassword('Password123'), 'Suazilândia');
INSERT INTO trabalho.usuario_esta_inscrito_no_podcast VALUES (4, 'f1b92ce7-47a7-43cd-8586-4a09185cdd05', 'usr_64');
INSERT INTO trabalho.comentarios_podcast_usuario VALUES ('comment_64_0_0', 'At omnis tempore voluptatem omnis et laudantium repellat.', 'f1b92ce7-47a7-43cd-8586-4a09185cdd05', 'usr_64');
INSERT INTO trabalho.comentarios_podcast_usuario VALUES ('comment_64_1_0', 'Perspiciatis nihil dignissimos veniam aut est inventore vel ut.', 'f1b92ce7-47a7-43cd-8586-4a09185cdd05', 'usr_64');
INSERT INTO trabalho.comentarios_podcast_usuario VALUES ('comment_64_2_0', 'Reprehenderit architecto ducimus.', 'f1b92ce7-47a7-43cd-8586-4a09185cdd05', 'usr_64');
INSERT INTO trabalho.log_acesso VALUES ('log_64_0_0', 'f1b92ce7-47a7-43cd-8586-4a09185cdd05', 'usr_64');
INSERT INTO trabalho.log_acesso VALUES ('log_64_1_0', 'f1b92ce7-47a7-43cd-8586-4a09185cdd05', 'usr_64');
INSERT INTO trabalho.usuario_esta_inscrito_no_podcast VALUES (3, '168c1536-4c42-4b8f-8c77-f06affefec6a', 'usr_64');
INSERT INTO trabalho.comentarios_podcast_usuario VALUES ('comment_64_0_1', 'Nam nam sed aut deserunt similique praesentium officia.', '168c1536-4c42-4b8f-8c77-f06affefec6a', 'usr_64');
INSERT INTO trabalho.comentarios_podcast_usuario VALUES ('comment_64_1_1', 'Suscipit deserunt et explicabo reiciendis commodi.', '168c1536-4c42-4b8f-8c77-f06affefec6a', 'usr_64');
INSERT INTO trabalho.comentarios_podcast_usuario VALUES ('comment_64_2_1', 'Ut voluptatem qui quia.', '168c1536-4c42-4b8f-8c77-f06affefec6a', 'usr_64');
INSERT INTO trabalho.comentarios_podcast_usuario VALUES ('comment_64_3_1', 'Sunt et dolores illum incidunt fugit.', '168c1536-4c42-4b8f-8c77-f06affefec6a', 'usr_64');
INSERT INTO trabalho.log_acesso VALUES ('log_64_0_1', '168c1536-4c42-4b8f-8c77-f06affefec6a', 'usr_64');
INSERT INTO trabalho.log_acesso VALUES ('log_64_1_1', '168c1536-4c42-4b8f-8c77-f06affefec6a', 'usr_64');
INSERT INTO trabalho.usuario_esta_inscrito_no_podcast VALUES (2, '67074e68-bc2f-442b-8af2-7d328b6af6eb', 'usr_64');
INSERT INTO trabalho.comentarios_podcast_usuario VALUES ('comment_64_0_2', 'Iure sed maiores autem ea repudiandae.', '67074e68-bc2f-442b-8af2-7d328b6af6eb', 'usr_64');
INSERT INTO trabalho.comentarios_podcast_usuario VALUES ('comment_64_1_2', 'Quod magni mollitia officia est dolorem quidem.', '67074e68-bc2f-442b-8af2-7d328b6af6eb', 'usr_64');
INSERT INTO trabalho.comentarios_podcast_usuario VALUES ('comment_64_2_2', 'Est rem eligendi autem ut molestiae placeat veritatis.', '67074e68-bc2f-442b-8af2-7d328b6af6eb', 'usr_64');
INSERT INTO trabalho.log_acesso VALUES ('log_64_0_2', '67074e68-bc2f-442b-8af2-7d328b6af6eb', 'usr_64');
INSERT INTO trabalho.log_acesso VALUES ('log_64_1_2', '67074e68-bc2f-442b-8af2-7d328b6af6eb', 'usr_64');
INSERT INTO trabalho.log_acesso VALUES ('log_64_2_2', '67074e68-bc2f-442b-8af2-7d328b6af6eb', 'usr_64');
INSERT INTO trabalho.log_acesso VALUES ('log_64_3_2', '67074e68-bc2f-442b-8af2-7d328b6af6eb', 'usr_64');
INSERT INTO trabalho.usuario VALUES ('usr_65', '65_Lorraine_Moreira71@live.com', 'Lorraine Moreira', 'female', 33, trabalho.hashPassword('Password123'), 'Suazilândia');
INSERT INTO trabalho.usuario_esta_inscrito_no_podcast VALUES (4, 'bc8dac25-793c-4a96-aafc-4ea7020f4f60', 'usr_65');
INSERT INTO trabalho.comentarios_podcast_usuario VALUES ('comment_65_0_0', 'Sed et sit nulla nihil molestias assumenda.', 'bc8dac25-793c-4a96-aafc-4ea7020f4f60', 'usr_65');
INSERT INTO trabalho.comentarios_podcast_usuario VALUES ('comment_65_1_0', 'Facere autem magni quo soluta in odio.', 'bc8dac25-793c-4a96-aafc-4ea7020f4f60', 'usr_65');
INSERT INTO trabalho.log_acesso VALUES ('log_65_0_0', 'bc8dac25-793c-4a96-aafc-4ea7020f4f60', 'usr_65');
INSERT INTO trabalho.log_acesso VALUES ('log_65_1_0', 'bc8dac25-793c-4a96-aafc-4ea7020f4f60', 'usr_65');
INSERT INTO trabalho.log_acesso VALUES ('log_65_2_0', 'bc8dac25-793c-4a96-aafc-4ea7020f4f60', 'usr_65');
INSERT INTO trabalho.usuario_esta_inscrito_no_podcast VALUES (0, '5bdf7377-8330-4f9f-8efd-e95301c122ce', 'usr_65');
INSERT INTO trabalho.comentarios_podcast_usuario VALUES ('comment_65_0_1', 'Incidunt doloremque velit deleniti quos.', '5bdf7377-8330-4f9f-8efd-e95301c122ce', 'usr_65');
INSERT INTO trabalho.log_acesso VALUES ('log_65_0_1', '5bdf7377-8330-4f9f-8efd-e95301c122ce', 'usr_65');
INSERT INTO trabalho.log_acesso VALUES ('log_65_1_1', '5bdf7377-8330-4f9f-8efd-e95301c122ce', 'usr_65');
INSERT INTO trabalho.log_acesso VALUES ('log_65_2_1', '5bdf7377-8330-4f9f-8efd-e95301c122ce', 'usr_65');
INSERT INTO trabalho.log_acesso VALUES ('log_65_3_1', '5bdf7377-8330-4f9f-8efd-e95301c122ce', 'usr_65');
INSERT INTO trabalho.log_acesso VALUES ('log_65_4_1', '5bdf7377-8330-4f9f-8efd-e95301c122ce', 'usr_65');
INSERT INTO trabalho.log_acesso VALUES ('log_65_5_1', '5bdf7377-8330-4f9f-8efd-e95301c122ce', 'usr_65');
INSERT INTO trabalho.usuario_esta_inscrito_no_podcast VALUES (0, 'b553d865-8fe2-47de-9a30-10e1dea3bd1d', 'usr_65');
INSERT INTO trabalho.comentarios_podcast_usuario VALUES ('comment_65_0_2', 'Nesciunt et explicabo quia itaque aliquam.', 'b553d865-8fe2-47de-9a30-10e1dea3bd1d', 'usr_65');
INSERT INTO trabalho.comentarios_podcast_usuario VALUES ('comment_65_1_2', 'Eos ad ad repellendus dolore hic tempora.', 'b553d865-8fe2-47de-9a30-10e1dea3bd1d', 'usr_65');
INSERT INTO trabalho.log_acesso VALUES ('log_65_0_2', 'b553d865-8fe2-47de-9a30-10e1dea3bd1d', 'usr_65');
INSERT INTO trabalho.log_acesso VALUES ('log_65_1_2', 'b553d865-8fe2-47de-9a30-10e1dea3bd1d', 'usr_65');
INSERT INTO trabalho.log_acesso VALUES ('log_65_2_2', 'b553d865-8fe2-47de-9a30-10e1dea3bd1d', 'usr_65');
INSERT INTO trabalho.usuario VALUES ('usr_66', '66_Felipe.Souza8@live.com', 'Felipe Souza', 'male', 34, trabalho.hashPassword('Password123'), 'Jamaica');
INSERT INTO trabalho.usuario_esta_inscrito_no_podcast VALUES (2, 'af46a958-b921-47b6-9f87-5c4fdc68ea79', 'usr_66');
INSERT INTO trabalho.comentarios_podcast_usuario VALUES ('comment_66_0_0', 'Rerum ea atque et aut consequatur.', 'af46a958-b921-47b6-9f87-5c4fdc68ea79', 'usr_66');
INSERT INTO trabalho.comentarios_podcast_usuario VALUES ('comment_66_1_0', 'Atque unde ipsum et quam voluptatem qui.', 'af46a958-b921-47b6-9f87-5c4fdc68ea79', 'usr_66');
INSERT INTO trabalho.log_acesso VALUES ('log_66_0_0', 'af46a958-b921-47b6-9f87-5c4fdc68ea79', 'usr_66');
INSERT INTO trabalho.log_acesso VALUES ('log_66_1_0', 'af46a958-b921-47b6-9f87-5c4fdc68ea79', 'usr_66');
INSERT INTO trabalho.log_acesso VALUES ('log_66_2_0', 'af46a958-b921-47b6-9f87-5c4fdc68ea79', 'usr_66');
INSERT INTO trabalho.usuario_esta_inscrito_no_podcast VALUES (0, '219328a1-cec6-4e8c-b003-52a3ec9766bb', 'usr_66');
INSERT INTO trabalho.comentarios_podcast_usuario VALUES ('comment_66_0_1', 'Quibusdam nihil architecto eos consequatur consequatur impedit.', '219328a1-cec6-4e8c-b003-52a3ec9766bb', 'usr_66');
INSERT INTO trabalho.comentarios_podcast_usuario VALUES ('comment_66_1_1', 'Enim maxime eos excepturi laborum laudantium ut fugiat.', '219328a1-cec6-4e8c-b003-52a3ec9766bb', 'usr_66');
INSERT INTO trabalho.comentarios_podcast_usuario VALUES ('comment_66_2_1', 'Voluptates ut omnis eveniet quia voluptatibus voluptas.', '219328a1-cec6-4e8c-b003-52a3ec9766bb', 'usr_66');
INSERT INTO trabalho.log_acesso VALUES ('log_66_0_1', '219328a1-cec6-4e8c-b003-52a3ec9766bb', 'usr_66');
INSERT INTO trabalho.log_acesso VALUES ('log_66_1_1', '219328a1-cec6-4e8c-b003-52a3ec9766bb', 'usr_66');
INSERT INTO trabalho.usuario_esta_inscrito_no_podcast VALUES (5, '168c1536-4c42-4b8f-8c77-f06affefec6a', 'usr_66');
INSERT INTO trabalho.comentarios_podcast_usuario VALUES ('comment_66_0_2', 'Sunt ut delectus ut repellendus provident est.', '168c1536-4c42-4b8f-8c77-f06affefec6a', 'usr_66');
INSERT INTO trabalho.comentarios_podcast_usuario VALUES ('comment_66_1_2', 'Sint reiciendis magni excepturi voluptatum omnis odit dolorem aliquid.', '168c1536-4c42-4b8f-8c77-f06affefec6a', 'usr_66');
INSERT INTO trabalho.comentarios_podcast_usuario VALUES ('comment_66_2_2', 'Odio aut eos laboriosam labore ea quasi qui dolorem est.', '168c1536-4c42-4b8f-8c77-f06affefec6a', 'usr_66');
INSERT INTO trabalho.comentarios_podcast_usuario VALUES ('comment_66_3_2', 'Rerum porro mollitia sunt eum alias.', '168c1536-4c42-4b8f-8c77-f06affefec6a', 'usr_66');
INSERT INTO trabalho.comentarios_podcast_usuario VALUES ('comment_66_4_2', 'Consectetur nihil architecto aperiam illum vel.', '168c1536-4c42-4b8f-8c77-f06affefec6a', 'usr_66');
INSERT INTO trabalho.log_acesso VALUES ('log_66_0_2', '168c1536-4c42-4b8f-8c77-f06affefec6a', 'usr_66');
INSERT INTO trabalho.log_acesso VALUES ('log_66_1_2', '168c1536-4c42-4b8f-8c77-f06affefec6a', 'usr_66');
INSERT INTO trabalho.log_acesso VALUES ('log_66_2_2', '168c1536-4c42-4b8f-8c77-f06affefec6a', 'usr_66');
INSERT INTO trabalho.usuario VALUES ('usr_67', '67_Natlia41@gmail.com', 'Natália Silva', 'female', 19, trabalho.hashPassword('Password123'), 'Chipre');
INSERT INTO trabalho.usuario_esta_inscrito_no_podcast VALUES (1, 'fa3abe16-3645-4d22-a01d-893e6f20c408', 'usr_67');
INSERT INTO trabalho.comentarios_podcast_usuario VALUES ('comment_67_0_0', 'Non fugit voluptates.', 'fa3abe16-3645-4d22-a01d-893e6f20c408', 'usr_67');
INSERT INTO trabalho.log_acesso VALUES ('log_67_0_0', 'fa3abe16-3645-4d22-a01d-893e6f20c408', 'usr_67');
INSERT INTO trabalho.usuario_esta_inscrito_no_podcast VALUES (5, '67074e68-bc2f-442b-8af2-7d328b6af6eb', 'usr_67');
INSERT INTO trabalho.comentarios_podcast_usuario VALUES ('comment_67_0_1', 'Mollitia natus enim dolor voluptatum nihil.', '67074e68-bc2f-442b-8af2-7d328b6af6eb', 'usr_67');
INSERT INTO trabalho.comentarios_podcast_usuario VALUES ('comment_67_1_1', 'Pariatur voluptates quam labore aut.', '67074e68-bc2f-442b-8af2-7d328b6af6eb', 'usr_67');
INSERT INTO trabalho.comentarios_podcast_usuario VALUES ('comment_67_2_1', 'Nihil et voluptatem nam ex quia.', '67074e68-bc2f-442b-8af2-7d328b6af6eb', 'usr_67');
INSERT INTO trabalho.comentarios_podcast_usuario VALUES ('comment_67_3_1', 'Aut est suscipit quibusdam excepturi ex quisquam libero et dolorem.', '67074e68-bc2f-442b-8af2-7d328b6af6eb', 'usr_67');
INSERT INTO trabalho.comentarios_podcast_usuario VALUES ('comment_67_4_1', 'Aut est in.', '67074e68-bc2f-442b-8af2-7d328b6af6eb', 'usr_67');
INSERT INTO trabalho.comentarios_podcast_usuario VALUES ('comment_67_5_1', 'Eaque aut qui.', '67074e68-bc2f-442b-8af2-7d328b6af6eb', 'usr_67');
INSERT INTO trabalho.log_acesso VALUES ('log_67_0_1', '67074e68-bc2f-442b-8af2-7d328b6af6eb', 'usr_67');
INSERT INTO trabalho.log_acesso VALUES ('log_67_1_1', '67074e68-bc2f-442b-8af2-7d328b6af6eb', 'usr_67');
INSERT INTO trabalho.log_acesso VALUES ('log_67_2_1', '67074e68-bc2f-442b-8af2-7d328b6af6eb', 'usr_67');
INSERT INTO trabalho.usuario_esta_inscrito_no_podcast VALUES (4, '219328a1-cec6-4e8c-b003-52a3ec9766bb', 'usr_67');
INSERT INTO trabalho.comentarios_podcast_usuario VALUES ('comment_67_0_2', 'Ducimus quia odit consequatur qui autem ut temporibus totam.', '219328a1-cec6-4e8c-b003-52a3ec9766bb', 'usr_67');
INSERT INTO trabalho.comentarios_podcast_usuario VALUES ('comment_67_1_2', 'Deleniti facere quos neque.', '219328a1-cec6-4e8c-b003-52a3ec9766bb', 'usr_67');
INSERT INTO trabalho.comentarios_podcast_usuario VALUES ('comment_67_2_2', 'Incidunt dicta ut sed nisi ut sapiente facere quas.', '219328a1-cec6-4e8c-b003-52a3ec9766bb', 'usr_67');
INSERT INTO trabalho.log_acesso VALUES ('log_67_0_2', '219328a1-cec6-4e8c-b003-52a3ec9766bb', 'usr_67');
INSERT INTO trabalho.log_acesso VALUES ('log_67_1_2', '219328a1-cec6-4e8c-b003-52a3ec9766bb', 'usr_67');
INSERT INTO trabalho.log_acesso VALUES ('log_67_2_2', '219328a1-cec6-4e8c-b003-52a3ec9766bb', 'usr_67');
INSERT INTO trabalho.log_acesso VALUES ('log_67_3_2', '219328a1-cec6-4e8c-b003-52a3ec9766bb', 'usr_67');
INSERT INTO trabalho.log_acesso VALUES ('log_67_4_2', '219328a1-cec6-4e8c-b003-52a3ec9766bb', 'usr_67');
INSERT INTO trabalho.log_acesso VALUES ('log_67_5_2', '219328a1-cec6-4e8c-b003-52a3ec9766bb', 'usr_67');
INSERT INTO trabalho.usuario VALUES ('usr_68', '68_Tho86@gmail.com', 'Théo Braga', 'male', 42, trabalho.hashPassword('Password123'), 'Moldávia');
INSERT INTO trabalho.usuario_esta_inscrito_no_podcast VALUES (5, '168c1536-4c42-4b8f-8c77-f06affefec6a', 'usr_68');
INSERT INTO trabalho.comentarios_podcast_usuario VALUES ('comment_68_0_0', 'Quos quis qui.', '168c1536-4c42-4b8f-8c77-f06affefec6a', 'usr_68');
INSERT INTO trabalho.log_acesso VALUES ('log_68_0_0', '168c1536-4c42-4b8f-8c77-f06affefec6a', 'usr_68');
INSERT INTO trabalho.log_acesso VALUES ('log_68_1_0', '168c1536-4c42-4b8f-8c77-f06affefec6a', 'usr_68');
INSERT INTO trabalho.log_acesso VALUES ('log_68_2_0', '168c1536-4c42-4b8f-8c77-f06affefec6a', 'usr_68');
INSERT INTO trabalho.log_acesso VALUES ('log_68_3_0', '168c1536-4c42-4b8f-8c77-f06affefec6a', 'usr_68');
INSERT INTO trabalho.usuario_esta_inscrito_no_podcast VALUES (5, 'b553d865-8fe2-47de-9a30-10e1dea3bd1d', 'usr_68');
INSERT INTO trabalho.comentarios_podcast_usuario VALUES ('comment_68_0_1', 'Eveniet veniam culpa deleniti.', 'b553d865-8fe2-47de-9a30-10e1dea3bd1d', 'usr_68');
INSERT INTO trabalho.comentarios_podcast_usuario VALUES ('comment_68_1_1', 'Recusandae animi eos pariatur ducimus.', 'b553d865-8fe2-47de-9a30-10e1dea3bd1d', 'usr_68');
INSERT INTO trabalho.comentarios_podcast_usuario VALUES ('comment_68_2_1', 'Est reiciendis facilis dignissimos ex numquam doloremque quisquam optio.', 'b553d865-8fe2-47de-9a30-10e1dea3bd1d', 'usr_68');
INSERT INTO trabalho.log_acesso VALUES ('log_68_0_1', 'b553d865-8fe2-47de-9a30-10e1dea3bd1d', 'usr_68');
INSERT INTO trabalho.log_acesso VALUES ('log_68_1_1', 'b553d865-8fe2-47de-9a30-10e1dea3bd1d', 'usr_68');
INSERT INTO trabalho.log_acesso VALUES ('log_68_2_1', 'b553d865-8fe2-47de-9a30-10e1dea3bd1d', 'usr_68');
INSERT INTO trabalho.log_acesso VALUES ('log_68_3_1', 'b553d865-8fe2-47de-9a30-10e1dea3bd1d', 'usr_68');
INSERT INTO trabalho.log_acesso VALUES ('log_68_4_1', 'b553d865-8fe2-47de-9a30-10e1dea3bd1d', 'usr_68');
INSERT INTO trabalho.log_acesso VALUES ('log_68_5_1', 'b553d865-8fe2-47de-9a30-10e1dea3bd1d', 'usr_68');
INSERT INTO trabalho.usuario_esta_inscrito_no_podcast VALUES (4, 'af46a958-b921-47b6-9f87-5c4fdc68ea79', 'usr_68');
INSERT INTO trabalho.comentarios_podcast_usuario VALUES ('comment_68_0_2', 'Ut alias nobis quod nostrum reiciendis sed iusto.', 'af46a958-b921-47b6-9f87-5c4fdc68ea79', 'usr_68');
INSERT INTO trabalho.log_acesso VALUES ('log_68_0_2', 'af46a958-b921-47b6-9f87-5c4fdc68ea79', 'usr_68');
INSERT INTO trabalho.log_acesso VALUES ('log_68_1_2', 'af46a958-b921-47b6-9f87-5c4fdc68ea79', 'usr_68');
INSERT INTO trabalho.usuario VALUES ('usr_69', '69_Jlio_Pereira16@yahoo.com', 'Júlio Pereira', 'male', 39, trabalho.hashPassword('Password123'), 'Guiana');
INSERT INTO trabalho.usuario_esta_inscrito_no_podcast VALUES (1, 'f8e13774-d631-4f34-93f0-2f5d55590265', 'usr_69');
INSERT INTO trabalho.comentarios_podcast_usuario VALUES ('comment_69_0_0', 'Id recusandae est.', 'f8e13774-d631-4f34-93f0-2f5d55590265', 'usr_69');
INSERT INTO trabalho.comentarios_podcast_usuario VALUES ('comment_69_1_0', 'Ad molestiae vel.', 'f8e13774-d631-4f34-93f0-2f5d55590265', 'usr_69');
INSERT INTO trabalho.comentarios_podcast_usuario VALUES ('comment_69_2_0', 'Hic consequatur ducimus libero id voluptatum molestias illo ullam consequatur.', 'f8e13774-d631-4f34-93f0-2f5d55590265', 'usr_69');
INSERT INTO trabalho.log_acesso VALUES ('log_69_0_0', 'f8e13774-d631-4f34-93f0-2f5d55590265', 'usr_69');
INSERT INTO trabalho.log_acesso VALUES ('log_69_1_0', 'f8e13774-d631-4f34-93f0-2f5d55590265', 'usr_69');
INSERT INTO trabalho.log_acesso VALUES ('log_69_2_0', 'f8e13774-d631-4f34-93f0-2f5d55590265', 'usr_69');
INSERT INTO trabalho.log_acesso VALUES ('log_69_3_0', 'f8e13774-d631-4f34-93f0-2f5d55590265', 'usr_69');
INSERT INTO trabalho.log_acesso VALUES ('log_69_4_0', 'f8e13774-d631-4f34-93f0-2f5d55590265', 'usr_69');
INSERT INTO trabalho.log_acesso VALUES ('log_69_5_0', 'f8e13774-d631-4f34-93f0-2f5d55590265', 'usr_69');
INSERT INTO trabalho.usuario_esta_inscrito_no_podcast VALUES (1, 'f1b92ce7-47a7-43cd-8586-4a09185cdd05', 'usr_69');
INSERT INTO trabalho.comentarios_podcast_usuario VALUES ('comment_69_0_1', 'Enim quis natus.', 'f1b92ce7-47a7-43cd-8586-4a09185cdd05', 'usr_69');
INSERT INTO trabalho.comentarios_podcast_usuario VALUES ('comment_69_1_1', 'Iste reprehenderit quia iste rem culpa.', 'f1b92ce7-47a7-43cd-8586-4a09185cdd05', 'usr_69');
INSERT INTO trabalho.log_acesso VALUES ('log_69_0_1', 'f1b92ce7-47a7-43cd-8586-4a09185cdd05', 'usr_69');
INSERT INTO trabalho.log_acesso VALUES ('log_69_1_1', 'f1b92ce7-47a7-43cd-8586-4a09185cdd05', 'usr_69');
INSERT INTO trabalho.log_acesso VALUES ('log_69_2_1', 'f1b92ce7-47a7-43cd-8586-4a09185cdd05', 'usr_69');
INSERT INTO trabalho.log_acesso VALUES ('log_69_3_1', 'f1b92ce7-47a7-43cd-8586-4a09185cdd05', 'usr_69');
INSERT INTO trabalho.log_acesso VALUES ('log_69_4_1', 'f1b92ce7-47a7-43cd-8586-4a09185cdd05', 'usr_69');
INSERT INTO trabalho.log_acesso VALUES ('log_69_5_1', 'f1b92ce7-47a7-43cd-8586-4a09185cdd05', 'usr_69');
INSERT INTO trabalho.log_acesso VALUES ('log_69_6_1', 'f1b92ce7-47a7-43cd-8586-4a09185cdd05', 'usr_69');
INSERT INTO trabalho.log_acesso VALUES ('log_69_7_1', 'f1b92ce7-47a7-43cd-8586-4a09185cdd05', 'usr_69');
INSERT INTO trabalho.usuario_esta_inscrito_no_podcast VALUES (5, 'de2f0ddb-9903-436a-a5e2-54224254c818', 'usr_69');
INSERT INTO trabalho.comentarios_podcast_usuario VALUES ('comment_69_0_2', 'Dolor est quo magni itaque.', 'de2f0ddb-9903-436a-a5e2-54224254c818', 'usr_69');
INSERT INTO trabalho.comentarios_podcast_usuario VALUES ('comment_69_1_2', 'Sunt maiores consequatur quis temporibus est error voluptatum.', 'de2f0ddb-9903-436a-a5e2-54224254c818', 'usr_69');
INSERT INTO trabalho.comentarios_podcast_usuario VALUES ('comment_69_2_2', 'Harum quod quod.', 'de2f0ddb-9903-436a-a5e2-54224254c818', 'usr_69');
INSERT INTO trabalho.comentarios_podcast_usuario VALUES ('comment_69_3_2', 'Qui hic similique vel eos rerum quia eum.', 'de2f0ddb-9903-436a-a5e2-54224254c818', 'usr_69');
INSERT INTO trabalho.comentarios_podcast_usuario VALUES ('comment_69_4_2', 'Labore aut qui ad.', 'de2f0ddb-9903-436a-a5e2-54224254c818', 'usr_69');
INSERT INTO trabalho.log_acesso VALUES ('log_69_0_2', 'de2f0ddb-9903-436a-a5e2-54224254c818', 'usr_69');
INSERT INTO trabalho.log_acesso VALUES ('log_69_1_2', 'de2f0ddb-9903-436a-a5e2-54224254c818', 'usr_69');
INSERT INTO trabalho.log_acesso VALUES ('log_69_2_2', 'de2f0ddb-9903-436a-a5e2-54224254c818', 'usr_69');
INSERT INTO trabalho.log_acesso VALUES ('log_69_3_2', 'de2f0ddb-9903-436a-a5e2-54224254c818', 'usr_69');
INSERT INTO trabalho.usuario VALUES ('usr_70', '70_Bencio36@live.com', 'Benício Franco', 'male', 24, trabalho.hashPassword('Password123'), 'Nigéria');
INSERT INTO trabalho.usuario_esta_inscrito_no_podcast VALUES (4, 'c58b280a-56d4-4ad8-8c85-730e4ea86361', 'usr_70');
INSERT INTO trabalho.comentarios_podcast_usuario VALUES ('comment_70_0_0', 'Nesciunt rerum ea.', 'c58b280a-56d4-4ad8-8c85-730e4ea86361', 'usr_70');
INSERT INTO trabalho.comentarios_podcast_usuario VALUES ('comment_70_1_0', 'Inventore consequatur cumque et eaque est.', 'c58b280a-56d4-4ad8-8c85-730e4ea86361', 'usr_70');
INSERT INTO trabalho.log_acesso VALUES ('log_70_0_0', 'c58b280a-56d4-4ad8-8c85-730e4ea86361', 'usr_70');
INSERT INTO trabalho.log_acesso VALUES ('log_70_1_0', 'c58b280a-56d4-4ad8-8c85-730e4ea86361', 'usr_70');
INSERT INTO trabalho.log_acesso VALUES ('log_70_2_0', 'c58b280a-56d4-4ad8-8c85-730e4ea86361', 'usr_70');
INSERT INTO trabalho.log_acesso VALUES ('log_70_3_0', 'c58b280a-56d4-4ad8-8c85-730e4ea86361', 'usr_70');
INSERT INTO trabalho.log_acesso VALUES ('log_70_4_0', 'c58b280a-56d4-4ad8-8c85-730e4ea86361', 'usr_70');
INSERT INTO trabalho.usuario_esta_inscrito_no_podcast VALUES (3, '67074e68-bc2f-442b-8af2-7d328b6af6eb', 'usr_70');
INSERT INTO trabalho.comentarios_podcast_usuario VALUES ('comment_70_0_1', 'Ut quis hic voluptatum voluptatem consequatur aspernatur.', '67074e68-bc2f-442b-8af2-7d328b6af6eb', 'usr_70');
INSERT INTO trabalho.comentarios_podcast_usuario VALUES ('comment_70_1_1', 'Laborum doloribus nam magni.', '67074e68-bc2f-442b-8af2-7d328b6af6eb', 'usr_70');
INSERT INTO trabalho.comentarios_podcast_usuario VALUES ('comment_70_2_1', 'Maiores incidunt unde iusto fugit qui voluptatem repellendus beatae.', '67074e68-bc2f-442b-8af2-7d328b6af6eb', 'usr_70');
INSERT INTO trabalho.comentarios_podcast_usuario VALUES ('comment_70_3_1', 'Qui ea esse aut quia.', '67074e68-bc2f-442b-8af2-7d328b6af6eb', 'usr_70');
INSERT INTO trabalho.log_acesso VALUES ('log_70_0_1', '67074e68-bc2f-442b-8af2-7d328b6af6eb', 'usr_70');
INSERT INTO trabalho.usuario_esta_inscrito_no_podcast VALUES (2, 'b553d865-8fe2-47de-9a30-10e1dea3bd1d', 'usr_70');
INSERT INTO trabalho.comentarios_podcast_usuario VALUES ('comment_70_0_2', 'Sed assumenda est molestiae distinctio voluptate distinctio.', 'b553d865-8fe2-47de-9a30-10e1dea3bd1d', 'usr_70');
INSERT INTO trabalho.comentarios_podcast_usuario VALUES ('comment_70_1_2', 'Quidem eveniet porro unde aut non adipisci laboriosam.', 'b553d865-8fe2-47de-9a30-10e1dea3bd1d', 'usr_70');
INSERT INTO trabalho.comentarios_podcast_usuario VALUES ('comment_70_2_2', 'Minima et rerum et quis soluta odit voluptates consequuntur tempore.', 'b553d865-8fe2-47de-9a30-10e1dea3bd1d', 'usr_70');
INSERT INTO trabalho.comentarios_podcast_usuario VALUES ('comment_70_3_2', 'Ut facilis debitis.', 'b553d865-8fe2-47de-9a30-10e1dea3bd1d', 'usr_70');
INSERT INTO trabalho.comentarios_podcast_usuario VALUES ('comment_70_4_2', 'Ipsam nam perferendis aperiam reprehenderit animi voluptatibus ex sequi.', 'b553d865-8fe2-47de-9a30-10e1dea3bd1d', 'usr_70');
INSERT INTO trabalho.comentarios_podcast_usuario VALUES ('comment_70_5_2', 'Error quo libero.', 'b553d865-8fe2-47de-9a30-10e1dea3bd1d', 'usr_70');
INSERT INTO trabalho.log_acesso VALUES ('log_70_0_2', 'b553d865-8fe2-47de-9a30-10e1dea3bd1d', 'usr_70');
INSERT INTO trabalho.usuario VALUES ('usr_71', '71_Cau_Franco12@yahoo.com', 'Cauã Franco', 'male', 38, trabalho.hashPassword('Password123'), 'Afeganistão');
INSERT INTO trabalho.usuario_esta_inscrito_no_podcast VALUES (5, '7e429e8e-7669-403d-bb78-3cd7f9f75afd', 'usr_71');
INSERT INTO trabalho.comentarios_podcast_usuario VALUES ('comment_71_0_0', 'Nulla repudiandae voluptatem aut voluptatum quia quae ex.', '7e429e8e-7669-403d-bb78-3cd7f9f75afd', 'usr_71');
INSERT INTO trabalho.comentarios_podcast_usuario VALUES ('comment_71_1_0', 'Enim ea nesciunt alias blanditiis labore accusantium corporis eos.', '7e429e8e-7669-403d-bb78-3cd7f9f75afd', 'usr_71');
INSERT INTO trabalho.log_acesso VALUES ('log_71_0_0', '7e429e8e-7669-403d-bb78-3cd7f9f75afd', 'usr_71');
INSERT INTO trabalho.log_acesso VALUES ('log_71_1_0', '7e429e8e-7669-403d-bb78-3cd7f9f75afd', 'usr_71');
INSERT INTO trabalho.log_acesso VALUES ('log_71_2_0', '7e429e8e-7669-403d-bb78-3cd7f9f75afd', 'usr_71');
INSERT INTO trabalho.log_acesso VALUES ('log_71_3_0', '7e429e8e-7669-403d-bb78-3cd7f9f75afd', 'usr_71');
INSERT INTO trabalho.usuario_esta_inscrito_no_podcast VALUES (4, 'af46a958-b921-47b6-9f87-5c4fdc68ea79', 'usr_71');
INSERT INTO trabalho.comentarios_podcast_usuario VALUES ('comment_71_0_1', 'Repellendus fugit rerum labore et.', 'af46a958-b921-47b6-9f87-5c4fdc68ea79', 'usr_71');
INSERT INTO trabalho.comentarios_podcast_usuario VALUES ('comment_71_1_1', 'Sed quidem facilis eum corrupti.', 'af46a958-b921-47b6-9f87-5c4fdc68ea79', 'usr_71');
INSERT INTO trabalho.comentarios_podcast_usuario VALUES ('comment_71_2_1', 'Accusamus neque sint.', 'af46a958-b921-47b6-9f87-5c4fdc68ea79', 'usr_71');
INSERT INTO trabalho.comentarios_podcast_usuario VALUES ('comment_71_3_1', 'Est maxime dolorem incidunt.', 'af46a958-b921-47b6-9f87-5c4fdc68ea79', 'usr_71');
INSERT INTO trabalho.log_acesso VALUES ('log_71_0_1', 'af46a958-b921-47b6-9f87-5c4fdc68ea79', 'usr_71');
INSERT INTO trabalho.log_acesso VALUES ('log_71_1_1', 'af46a958-b921-47b6-9f87-5c4fdc68ea79', 'usr_71');
INSERT INTO trabalho.log_acesso VALUES ('log_71_2_1', 'af46a958-b921-47b6-9f87-5c4fdc68ea79', 'usr_71');
INSERT INTO trabalho.log_acesso VALUES ('log_71_3_1', 'af46a958-b921-47b6-9f87-5c4fdc68ea79', 'usr_71');
INSERT INTO trabalho.usuario_esta_inscrito_no_podcast VALUES (1, 'fa3abe16-3645-4d22-a01d-893e6f20c408', 'usr_71');
INSERT INTO trabalho.comentarios_podcast_usuario VALUES ('comment_71_0_2', 'Mollitia sed molestiae dolorem et rem in fuga.', 'fa3abe16-3645-4d22-a01d-893e6f20c408', 'usr_71');
INSERT INTO trabalho.comentarios_podcast_usuario VALUES ('comment_71_1_2', 'Earum et repellendus sapiente deleniti adipisci ipsa aliquam praesentium.', 'fa3abe16-3645-4d22-a01d-893e6f20c408', 'usr_71');
INSERT INTO trabalho.comentarios_podcast_usuario VALUES ('comment_71_2_2', 'Est ducimus recusandae repellat cum.', 'fa3abe16-3645-4d22-a01d-893e6f20c408', 'usr_71');
INSERT INTO trabalho.log_acesso VALUES ('log_71_0_2', 'fa3abe16-3645-4d22-a01d-893e6f20c408', 'usr_71');
INSERT INTO trabalho.log_acesso VALUES ('log_71_1_2', 'fa3abe16-3645-4d22-a01d-893e6f20c408', 'usr_71');
INSERT INTO trabalho.log_acesso VALUES ('log_71_2_2', 'fa3abe16-3645-4d22-a01d-893e6f20c408', 'usr_71');
INSERT INTO trabalho.log_acesso VALUES ('log_71_3_2', 'fa3abe16-3645-4d22-a01d-893e6f20c408', 'usr_71');
INSERT INTO trabalho.log_acesso VALUES ('log_71_4_2', 'fa3abe16-3645-4d22-a01d-893e6f20c408', 'usr_71');
INSERT INTO trabalho.log_acesso VALUES ('log_71_5_2', 'fa3abe16-3645-4d22-a01d-893e6f20c408', 'usr_71');
INSERT INTO trabalho.log_acesso VALUES ('log_71_6_2', 'fa3abe16-3645-4d22-a01d-893e6f20c408', 'usr_71');
INSERT INTO trabalho.usuario VALUES ('usr_72', '72_Rafael12@gmail.com', 'Rafael Macedo', 'male', 45, trabalho.hashPassword('Password123'), 'Coreia do Sul');
INSERT INTO trabalho.usuario_esta_inscrito_no_podcast VALUES (3, 'c58b280a-56d4-4ad8-8c85-730e4ea86361', 'usr_72');
INSERT INTO trabalho.comentarios_podcast_usuario VALUES ('comment_72_0_0', 'Ad voluptatem similique distinctio rerum laudantium expedita enim.', 'c58b280a-56d4-4ad8-8c85-730e4ea86361', 'usr_72');
INSERT INTO trabalho.comentarios_podcast_usuario VALUES ('comment_72_1_0', 'Alias eaque vero animi commodi minus expedita ratione consequatur.', 'c58b280a-56d4-4ad8-8c85-730e4ea86361', 'usr_72');
INSERT INTO trabalho.comentarios_podcast_usuario VALUES ('comment_72_2_0', 'Saepe aliquam totam accusamus dolore velit ut.', 'c58b280a-56d4-4ad8-8c85-730e4ea86361', 'usr_72');
INSERT INTO trabalho.comentarios_podcast_usuario VALUES ('comment_72_3_0', 'Blanditiis aliquam tempore inventore quod et eos laudantium.', 'c58b280a-56d4-4ad8-8c85-730e4ea86361', 'usr_72');
INSERT INTO trabalho.log_acesso VALUES ('log_72_0_0', 'c58b280a-56d4-4ad8-8c85-730e4ea86361', 'usr_72');
INSERT INTO trabalho.log_acesso VALUES ('log_72_1_0', 'c58b280a-56d4-4ad8-8c85-730e4ea86361', 'usr_72');
INSERT INTO trabalho.log_acesso VALUES ('log_72_2_0', 'c58b280a-56d4-4ad8-8c85-730e4ea86361', 'usr_72');
INSERT INTO trabalho.log_acesso VALUES ('log_72_3_0', 'c58b280a-56d4-4ad8-8c85-730e4ea86361', 'usr_72');
INSERT INTO trabalho.log_acesso VALUES ('log_72_4_0', 'c58b280a-56d4-4ad8-8c85-730e4ea86361', 'usr_72');
INSERT INTO trabalho.usuario_esta_inscrito_no_podcast VALUES (1, 'b553d865-8fe2-47de-9a30-10e1dea3bd1d', 'usr_72');
INSERT INTO trabalho.comentarios_podcast_usuario VALUES ('comment_72_0_1', 'Occaecati sed ut ex corrupti veniam et maiores rem iste.', 'b553d865-8fe2-47de-9a30-10e1dea3bd1d', 'usr_72');
INSERT INTO trabalho.comentarios_podcast_usuario VALUES ('comment_72_1_1', 'Accusamus officiis non alias in ducimus.', 'b553d865-8fe2-47de-9a30-10e1dea3bd1d', 'usr_72');
INSERT INTO trabalho.log_acesso VALUES ('log_72_0_1', 'b553d865-8fe2-47de-9a30-10e1dea3bd1d', 'usr_72');
INSERT INTO trabalho.log_acesso VALUES ('log_72_1_1', 'b553d865-8fe2-47de-9a30-10e1dea3bd1d', 'usr_72');
INSERT INTO trabalho.usuario_esta_inscrito_no_podcast VALUES (2, '219328a1-cec6-4e8c-b003-52a3ec9766bb', 'usr_72');
INSERT INTO trabalho.comentarios_podcast_usuario VALUES ('comment_72_0_2', 'Fuga ut ex minus.', '219328a1-cec6-4e8c-b003-52a3ec9766bb', 'usr_72');
INSERT INTO trabalho.comentarios_podcast_usuario VALUES ('comment_72_1_2', 'Quis qui quidem ratione quia voluptatum pariatur sint.', '219328a1-cec6-4e8c-b003-52a3ec9766bb', 'usr_72');
INSERT INTO trabalho.log_acesso VALUES ('log_72_0_2', '219328a1-cec6-4e8c-b003-52a3ec9766bb', 'usr_72');
INSERT INTO trabalho.log_acesso VALUES ('log_72_1_2', '219328a1-cec6-4e8c-b003-52a3ec9766bb', 'usr_72');
INSERT INTO trabalho.usuario VALUES ('usr_73', '73_Mrcia.Santos27@hotmail.com', 'Mércia Santos', 'female', 26, trabalho.hashPassword('Password123'), 'Maiote');
INSERT INTO trabalho.usuario_esta_inscrito_no_podcast VALUES (4, 'f1b92ce7-47a7-43cd-8586-4a09185cdd05', 'usr_73');
INSERT INTO trabalho.comentarios_podcast_usuario VALUES ('comment_73_0_0', 'Placeat rerum est harum.', 'f1b92ce7-47a7-43cd-8586-4a09185cdd05', 'usr_73');
INSERT INTO trabalho.comentarios_podcast_usuario VALUES ('comment_73_1_0', 'Vitae velit aliquid nihil.', 'f1b92ce7-47a7-43cd-8586-4a09185cdd05', 'usr_73');
INSERT INTO trabalho.comentarios_podcast_usuario VALUES ('comment_73_2_0', 'Quisquam consequatur impedit omnis quia voluptas numquam.', 'f1b92ce7-47a7-43cd-8586-4a09185cdd05', 'usr_73');
INSERT INTO trabalho.comentarios_podcast_usuario VALUES ('comment_73_3_0', 'Officiis adipisci error illo id id laudantium ut.', 'f1b92ce7-47a7-43cd-8586-4a09185cdd05', 'usr_73');
INSERT INTO trabalho.comentarios_podcast_usuario VALUES ('comment_73_4_0', 'Debitis a alias sed.', 'f1b92ce7-47a7-43cd-8586-4a09185cdd05', 'usr_73');
INSERT INTO trabalho.comentarios_podcast_usuario VALUES ('comment_73_5_0', 'Aut quo aperiam deserunt voluptas.', 'f1b92ce7-47a7-43cd-8586-4a09185cdd05', 'usr_73');
INSERT INTO trabalho.log_acesso VALUES ('log_73_0_0', 'f1b92ce7-47a7-43cd-8586-4a09185cdd05', 'usr_73');
INSERT INTO trabalho.log_acesso VALUES ('log_73_1_0', 'f1b92ce7-47a7-43cd-8586-4a09185cdd05', 'usr_73');
INSERT INTO trabalho.usuario_esta_inscrito_no_podcast VALUES (2, '168c1536-4c42-4b8f-8c77-f06affefec6a', 'usr_73');
INSERT INTO trabalho.comentarios_podcast_usuario VALUES ('comment_73_0_1', 'Perferendis quo in laborum ut vitae officiis ut voluptas.', '168c1536-4c42-4b8f-8c77-f06affefec6a', 'usr_73');
INSERT INTO trabalho.comentarios_podcast_usuario VALUES ('comment_73_1_1', 'Magnam illum aut debitis et distinctio saepe rerum.', '168c1536-4c42-4b8f-8c77-f06affefec6a', 'usr_73');
INSERT INTO trabalho.log_acesso VALUES ('log_73_0_1', '168c1536-4c42-4b8f-8c77-f06affefec6a', 'usr_73');
INSERT INTO trabalho.log_acesso VALUES ('log_73_1_1', '168c1536-4c42-4b8f-8c77-f06affefec6a', 'usr_73');
INSERT INTO trabalho.log_acesso VALUES ('log_73_2_1', '168c1536-4c42-4b8f-8c77-f06affefec6a', 'usr_73');
INSERT INTO trabalho.log_acesso VALUES ('log_73_3_1', '168c1536-4c42-4b8f-8c77-f06affefec6a', 'usr_73');
INSERT INTO trabalho.log_acesso VALUES ('log_73_4_1', '168c1536-4c42-4b8f-8c77-f06affefec6a', 'usr_73');
INSERT INTO trabalho.usuario_esta_inscrito_no_podcast VALUES (5, 'f0166bd2-8e4d-4308-b5d7-0b3d627c5dc5', 'usr_73');
INSERT INTO trabalho.comentarios_podcast_usuario VALUES ('comment_73_0_2', 'Debitis voluptas enim quia est.', 'f0166bd2-8e4d-4308-b5d7-0b3d627c5dc5', 'usr_73');
INSERT INTO trabalho.comentarios_podcast_usuario VALUES ('comment_73_1_2', 'Amet doloribus quaerat voluptatem.', 'f0166bd2-8e4d-4308-b5d7-0b3d627c5dc5', 'usr_73');
INSERT INTO trabalho.comentarios_podcast_usuario VALUES ('comment_73_2_2', 'Sint sequi dolores aut.', 'f0166bd2-8e4d-4308-b5d7-0b3d627c5dc5', 'usr_73');
INSERT INTO trabalho.comentarios_podcast_usuario VALUES ('comment_73_3_2', 'Neque accusamus dignissimos cum.', 'f0166bd2-8e4d-4308-b5d7-0b3d627c5dc5', 'usr_73');
INSERT INTO trabalho.log_acesso VALUES ('log_73_0_2', 'f0166bd2-8e4d-4308-b5d7-0b3d627c5dc5', 'usr_73');
INSERT INTO trabalho.log_acesso VALUES ('log_73_1_2', 'f0166bd2-8e4d-4308-b5d7-0b3d627c5dc5', 'usr_73');
INSERT INTO trabalho.log_acesso VALUES ('log_73_2_2', 'f0166bd2-8e4d-4308-b5d7-0b3d627c5dc5', 'usr_73');
INSERT INTO trabalho.usuario VALUES ('usr_74', '74_Alcia79@live.com', 'Alícia Reis', 'female', 17, trabalho.hashPassword('Password123'), 'Toquelau');
INSERT INTO trabalho.usuario_esta_inscrito_no_podcast VALUES (0, 'de2f0ddb-9903-436a-a5e2-54224254c818', 'usr_74');
INSERT INTO trabalho.comentarios_podcast_usuario VALUES ('comment_74_0_0', 'Quam atque iure dolores iure.', 'de2f0ddb-9903-436a-a5e2-54224254c818', 'usr_74');
INSERT INTO trabalho.comentarios_podcast_usuario VALUES ('comment_74_1_0', 'Repellendus voluptates quod sit dicta dicta consequatur voluptatibus.', 'de2f0ddb-9903-436a-a5e2-54224254c818', 'usr_74');
INSERT INTO trabalho.comentarios_podcast_usuario VALUES ('comment_74_2_0', 'Et earum omnis hic modi eaque temporibus.', 'de2f0ddb-9903-436a-a5e2-54224254c818', 'usr_74');
INSERT INTO trabalho.comentarios_podcast_usuario VALUES ('comment_74_3_0', 'Autem sed numquam.', 'de2f0ddb-9903-436a-a5e2-54224254c818', 'usr_74');
INSERT INTO trabalho.comentarios_podcast_usuario VALUES ('comment_74_4_0', 'Accusantium quis sequi eaque quis inventore fuga est amet.', 'de2f0ddb-9903-436a-a5e2-54224254c818', 'usr_74');
INSERT INTO trabalho.log_acesso VALUES ('log_74_0_0', 'de2f0ddb-9903-436a-a5e2-54224254c818', 'usr_74');
INSERT INTO trabalho.log_acesso VALUES ('log_74_1_0', 'de2f0ddb-9903-436a-a5e2-54224254c818', 'usr_74');
INSERT INTO trabalho.log_acesso VALUES ('log_74_2_0', 'de2f0ddb-9903-436a-a5e2-54224254c818', 'usr_74');
INSERT INTO trabalho.log_acesso VALUES ('log_74_3_0', 'de2f0ddb-9903-436a-a5e2-54224254c818', 'usr_74');
INSERT INTO trabalho.usuario_esta_inscrito_no_podcast VALUES (0, '168c1536-4c42-4b8f-8c77-f06affefec6a', 'usr_74');
INSERT INTO trabalho.comentarios_podcast_usuario VALUES ('comment_74_0_1', 'Debitis et ipsum.', '168c1536-4c42-4b8f-8c77-f06affefec6a', 'usr_74');
INSERT INTO trabalho.comentarios_podcast_usuario VALUES ('comment_74_1_1', 'Omnis dolor non reiciendis accusantium.', '168c1536-4c42-4b8f-8c77-f06affefec6a', 'usr_74');
INSERT INTO trabalho.comentarios_podcast_usuario VALUES ('comment_74_2_1', 'Aut maxime facilis odit qui.', '168c1536-4c42-4b8f-8c77-f06affefec6a', 'usr_74');
INSERT INTO trabalho.comentarios_podcast_usuario VALUES ('comment_74_3_1', 'Voluptatem sit voluptates ullam impedit ex velit qui neque expedita.', '168c1536-4c42-4b8f-8c77-f06affefec6a', 'usr_74');
INSERT INTO trabalho.comentarios_podcast_usuario VALUES ('comment_74_4_1', 'Atque debitis quia.', '168c1536-4c42-4b8f-8c77-f06affefec6a', 'usr_74');
INSERT INTO trabalho.comentarios_podcast_usuario VALUES ('comment_74_5_1', 'Et voluptatem fugit minima.', '168c1536-4c42-4b8f-8c77-f06affefec6a', 'usr_74');
INSERT INTO trabalho.log_acesso VALUES ('log_74_0_1', '168c1536-4c42-4b8f-8c77-f06affefec6a', 'usr_74');
INSERT INTO trabalho.log_acesso VALUES ('log_74_1_1', '168c1536-4c42-4b8f-8c77-f06affefec6a', 'usr_74');
INSERT INTO trabalho.log_acesso VALUES ('log_74_2_1', '168c1536-4c42-4b8f-8c77-f06affefec6a', 'usr_74');
INSERT INTO trabalho.log_acesso VALUES ('log_74_3_1', '168c1536-4c42-4b8f-8c77-f06affefec6a', 'usr_74');
INSERT INTO trabalho.log_acesso VALUES ('log_74_4_1', '168c1536-4c42-4b8f-8c77-f06affefec6a', 'usr_74');
INSERT INTO trabalho.log_acesso VALUES ('log_74_5_1', '168c1536-4c42-4b8f-8c77-f06affefec6a', 'usr_74');
INSERT INTO trabalho.usuario_esta_inscrito_no_podcast VALUES (3, '7e429e8e-7669-403d-bb78-3cd7f9f75afd', 'usr_74');
INSERT INTO trabalho.comentarios_podcast_usuario VALUES ('comment_74_0_2', 'Atque velit ratione doloremque eaque et reprehenderit et.', '7e429e8e-7669-403d-bb78-3cd7f9f75afd', 'usr_74');
INSERT INTO trabalho.comentarios_podcast_usuario VALUES ('comment_74_1_2', 'Non ducimus adipisci laborum quis perferendis deserunt et eaque quod.', '7e429e8e-7669-403d-bb78-3cd7f9f75afd', 'usr_74');
INSERT INTO trabalho.log_acesso VALUES ('log_74_0_2', '7e429e8e-7669-403d-bb78-3cd7f9f75afd', 'usr_74');
INSERT INTO trabalho.log_acesso VALUES ('log_74_1_2', '7e429e8e-7669-403d-bb78-3cd7f9f75afd', 'usr_74');
INSERT INTO trabalho.log_acesso VALUES ('log_74_2_2', '7e429e8e-7669-403d-bb78-3cd7f9f75afd', 'usr_74');
INSERT INTO trabalho.usuario VALUES ('usr_75', '75_Ladislau32@yahoo.com', 'Ladislau Barros', 'male', 0, trabalho.hashPassword('Password123'), 'Alemanha');
INSERT INTO trabalho.usuario_esta_inscrito_no_podcast VALUES (3, 'b553d865-8fe2-47de-9a30-10e1dea3bd1d', 'usr_75');
INSERT INTO trabalho.comentarios_podcast_usuario VALUES ('comment_75_0_0', 'Aut iste mollitia.', 'b553d865-8fe2-47de-9a30-10e1dea3bd1d', 'usr_75');
INSERT INTO trabalho.comentarios_podcast_usuario VALUES ('comment_75_1_0', 'Enim laboriosam quibusdam.', 'b553d865-8fe2-47de-9a30-10e1dea3bd1d', 'usr_75');
INSERT INTO trabalho.comentarios_podcast_usuario VALUES ('comment_75_2_0', 'Suscipit cum aspernatur omnis provident ipsum reprehenderit velit culpa.', 'b553d865-8fe2-47de-9a30-10e1dea3bd1d', 'usr_75');
INSERT INTO trabalho.log_acesso VALUES ('log_75_0_0', 'b553d865-8fe2-47de-9a30-10e1dea3bd1d', 'usr_75');
INSERT INTO trabalho.log_acesso VALUES ('log_75_1_0', 'b553d865-8fe2-47de-9a30-10e1dea3bd1d', 'usr_75');
INSERT INTO trabalho.log_acesso VALUES ('log_75_2_0', 'b553d865-8fe2-47de-9a30-10e1dea3bd1d', 'usr_75');
INSERT INTO trabalho.log_acesso VALUES ('log_75_3_0', 'b553d865-8fe2-47de-9a30-10e1dea3bd1d', 'usr_75');
INSERT INTO trabalho.log_acesso VALUES ('log_75_4_0', 'b553d865-8fe2-47de-9a30-10e1dea3bd1d', 'usr_75');
INSERT INTO trabalho.usuario_esta_inscrito_no_podcast VALUES (4, 'fa3abe16-3645-4d22-a01d-893e6f20c408', 'usr_75');
INSERT INTO trabalho.comentarios_podcast_usuario VALUES ('comment_75_0_1', 'Magnam veniam earum.', 'fa3abe16-3645-4d22-a01d-893e6f20c408', 'usr_75');
INSERT INTO trabalho.comentarios_podcast_usuario VALUES ('comment_75_1_1', 'Ea error tenetur repellat eaque quis minus.', 'fa3abe16-3645-4d22-a01d-893e6f20c408', 'usr_75');
INSERT INTO trabalho.comentarios_podcast_usuario VALUES ('comment_75_2_1', 'Illo dolor possimus voluptates quaerat corrupti vitae omnis.', 'fa3abe16-3645-4d22-a01d-893e6f20c408', 'usr_75');
INSERT INTO trabalho.comentarios_podcast_usuario VALUES ('comment_75_3_1', 'Laborum et atque perspiciatis rem rem.', 'fa3abe16-3645-4d22-a01d-893e6f20c408', 'usr_75');
INSERT INTO trabalho.log_acesso VALUES ('log_75_0_1', 'fa3abe16-3645-4d22-a01d-893e6f20c408', 'usr_75');
INSERT INTO trabalho.log_acesso VALUES ('log_75_1_1', 'fa3abe16-3645-4d22-a01d-893e6f20c408', 'usr_75');
INSERT INTO trabalho.log_acesso VALUES ('log_75_2_1', 'fa3abe16-3645-4d22-a01d-893e6f20c408', 'usr_75');
INSERT INTO trabalho.log_acesso VALUES ('log_75_3_1', 'fa3abe16-3645-4d22-a01d-893e6f20c408', 'usr_75');
INSERT INTO trabalho.log_acesso VALUES ('log_75_4_1', 'fa3abe16-3645-4d22-a01d-893e6f20c408', 'usr_75');
INSERT INTO trabalho.log_acesso VALUES ('log_75_5_1', 'fa3abe16-3645-4d22-a01d-893e6f20c408', 'usr_75');
INSERT INTO trabalho.usuario_esta_inscrito_no_podcast VALUES (4, 'af46a958-b921-47b6-9f87-5c4fdc68ea79', 'usr_75');
INSERT INTO trabalho.comentarios_podcast_usuario VALUES ('comment_75_0_2', 'In nemo ipsam eaque illum et quod.', 'af46a958-b921-47b6-9f87-5c4fdc68ea79', 'usr_75');
INSERT INTO trabalho.comentarios_podcast_usuario VALUES ('comment_75_1_2', 'Saepe qui voluptas numquam maiores ut sunt voluptate commodi.', 'af46a958-b921-47b6-9f87-5c4fdc68ea79', 'usr_75');
INSERT INTO trabalho.comentarios_podcast_usuario VALUES ('comment_75_2_2', 'Ab praesentium optio animi nostrum repellendus quo maxime qui ab.', 'af46a958-b921-47b6-9f87-5c4fdc68ea79', 'usr_75');
INSERT INTO trabalho.comentarios_podcast_usuario VALUES ('comment_75_3_2', 'Ullam voluptatem qui dolores.', 'af46a958-b921-47b6-9f87-5c4fdc68ea79', 'usr_75');
INSERT INTO trabalho.comentarios_podcast_usuario VALUES ('comment_75_4_2', 'Est amet voluptas facere natus deserunt et et asperiores.', 'af46a958-b921-47b6-9f87-5c4fdc68ea79', 'usr_75');
INSERT INTO trabalho.log_acesso VALUES ('log_75_0_2', 'af46a958-b921-47b6-9f87-5c4fdc68ea79', 'usr_75');
INSERT INTO trabalho.log_acesso VALUES ('log_75_1_2', 'af46a958-b921-47b6-9f87-5c4fdc68ea79', 'usr_75');
INSERT INTO trabalho.log_acesso VALUES ('log_75_2_2', 'af46a958-b921-47b6-9f87-5c4fdc68ea79', 'usr_75');
INSERT INTO trabalho.log_acesso VALUES ('log_75_3_2', 'af46a958-b921-47b6-9f87-5c4fdc68ea79', 'usr_75');
INSERT INTO trabalho.log_acesso VALUES ('log_75_4_2', 'af46a958-b921-47b6-9f87-5c4fdc68ea79', 'usr_75');
INSERT INTO trabalho.log_acesso VALUES ('log_75_5_2', 'af46a958-b921-47b6-9f87-5c4fdc68ea79', 'usr_75');
INSERT INTO trabalho.usuario VALUES ('usr_76', '76_Fbio_Pereira68@yahoo.com', 'Fábio Pereira', 'male', 22, trabalho.hashPassword('Password123'), 'Áustria');
INSERT INTO trabalho.usuario_esta_inscrito_no_podcast VALUES (2, '7e429e8e-7669-403d-bb78-3cd7f9f75afd', 'usr_76');
INSERT INTO trabalho.comentarios_podcast_usuario VALUES ('comment_76_0_0', 'Alias doloribus repellendus nemo rem.', '7e429e8e-7669-403d-bb78-3cd7f9f75afd', 'usr_76');
INSERT INTO trabalho.log_acesso VALUES ('log_76_0_0', '7e429e8e-7669-403d-bb78-3cd7f9f75afd', 'usr_76');
INSERT INTO trabalho.log_acesso VALUES ('log_76_1_0', '7e429e8e-7669-403d-bb78-3cd7f9f75afd', 'usr_76');
INSERT INTO trabalho.log_acesso VALUES ('log_76_2_0', '7e429e8e-7669-403d-bb78-3cd7f9f75afd', 'usr_76');
INSERT INTO trabalho.log_acesso VALUES ('log_76_3_0', '7e429e8e-7669-403d-bb78-3cd7f9f75afd', 'usr_76');
INSERT INTO trabalho.log_acesso VALUES ('log_76_4_0', '7e429e8e-7669-403d-bb78-3cd7f9f75afd', 'usr_76');
INSERT INTO trabalho.log_acesso VALUES ('log_76_5_0', '7e429e8e-7669-403d-bb78-3cd7f9f75afd', 'usr_76');
INSERT INTO trabalho.log_acesso VALUES ('log_76_6_0', '7e429e8e-7669-403d-bb78-3cd7f9f75afd', 'usr_76');
INSERT INTO trabalho.usuario_esta_inscrito_no_podcast VALUES (1, '5bdf7377-8330-4f9f-8efd-e95301c122ce', 'usr_76');
INSERT INTO trabalho.comentarios_podcast_usuario VALUES ('comment_76_0_1', 'Quasi non dolor iusto vel.', '5bdf7377-8330-4f9f-8efd-e95301c122ce', 'usr_76');
INSERT INTO trabalho.comentarios_podcast_usuario VALUES ('comment_76_1_1', 'Molestiae vel ea aliquid et accusantium corporis quidem quo.', '5bdf7377-8330-4f9f-8efd-e95301c122ce', 'usr_76');
INSERT INTO trabalho.log_acesso VALUES ('log_76_0_1', '5bdf7377-8330-4f9f-8efd-e95301c122ce', 'usr_76');
INSERT INTO trabalho.log_acesso VALUES ('log_76_1_1', '5bdf7377-8330-4f9f-8efd-e95301c122ce', 'usr_76');
INSERT INTO trabalho.log_acesso VALUES ('log_76_2_1', '5bdf7377-8330-4f9f-8efd-e95301c122ce', 'usr_76');
INSERT INTO trabalho.log_acesso VALUES ('log_76_3_1', '5bdf7377-8330-4f9f-8efd-e95301c122ce', 'usr_76');
INSERT INTO trabalho.log_acesso VALUES ('log_76_4_1', '5bdf7377-8330-4f9f-8efd-e95301c122ce', 'usr_76');
INSERT INTO trabalho.usuario_esta_inscrito_no_podcast VALUES (1, '219328a1-cec6-4e8c-b003-52a3ec9766bb', 'usr_76');
INSERT INTO trabalho.comentarios_podcast_usuario VALUES ('comment_76_0_2', 'Adipisci voluptatem fugit soluta.', '219328a1-cec6-4e8c-b003-52a3ec9766bb', 'usr_76');
INSERT INTO trabalho.comentarios_podcast_usuario VALUES ('comment_76_1_2', 'Praesentium non quas illum.', '219328a1-cec6-4e8c-b003-52a3ec9766bb', 'usr_76');
INSERT INTO trabalho.comentarios_podcast_usuario VALUES ('comment_76_2_2', 'Alias aut ea exercitationem.', '219328a1-cec6-4e8c-b003-52a3ec9766bb', 'usr_76');
INSERT INTO trabalho.comentarios_podcast_usuario VALUES ('comment_76_3_2', 'Ex quis quia autem dolores ad voluptas veritatis sequi.', '219328a1-cec6-4e8c-b003-52a3ec9766bb', 'usr_76');
INSERT INTO trabalho.comentarios_podcast_usuario VALUES ('comment_76_4_2', 'Enim commodi voluptatem pariatur voluptatum ex nihil aut dignissimos veritatis.', '219328a1-cec6-4e8c-b003-52a3ec9766bb', 'usr_76');
INSERT INTO trabalho.log_acesso VALUES ('log_76_0_2', '219328a1-cec6-4e8c-b003-52a3ec9766bb', 'usr_76');
INSERT INTO trabalho.log_acesso VALUES ('log_76_1_2', '219328a1-cec6-4e8c-b003-52a3ec9766bb', 'usr_76');
INSERT INTO trabalho.log_acesso VALUES ('log_76_2_2', '219328a1-cec6-4e8c-b003-52a3ec9766bb', 'usr_76');
INSERT INTO trabalho.usuario VALUES ('usr_77', '77_Marcela.Albuquerque24@live.com', 'Marcela Albuquerque', 'female', 46, trabalho.hashPassword('Password123'), 'Nova Zelândia');
INSERT INTO trabalho.usuario_esta_inscrito_no_podcast VALUES (2, 'f8e13774-d631-4f34-93f0-2f5d55590265', 'usr_77');
INSERT INTO trabalho.comentarios_podcast_usuario VALUES ('comment_77_0_0', 'Dolores aut voluptatem et.', 'f8e13774-d631-4f34-93f0-2f5d55590265', 'usr_77');
INSERT INTO trabalho.comentarios_podcast_usuario VALUES ('comment_77_1_0', 'Asperiores deleniti corporis accusantium accusantium et quo odio.', 'f8e13774-d631-4f34-93f0-2f5d55590265', 'usr_77');
INSERT INTO trabalho.comentarios_podcast_usuario VALUES ('comment_77_2_0', 'Rerum non enim qui dolore maiores tenetur iusto praesentium.', 'f8e13774-d631-4f34-93f0-2f5d55590265', 'usr_77');
INSERT INTO trabalho.log_acesso VALUES ('log_77_0_0', 'f8e13774-d631-4f34-93f0-2f5d55590265', 'usr_77');
INSERT INTO trabalho.log_acesso VALUES ('log_77_1_0', 'f8e13774-d631-4f34-93f0-2f5d55590265', 'usr_77');
INSERT INTO trabalho.log_acesso VALUES ('log_77_2_0', 'f8e13774-d631-4f34-93f0-2f5d55590265', 'usr_77');
INSERT INTO trabalho.log_acesso VALUES ('log_77_3_0', 'f8e13774-d631-4f34-93f0-2f5d55590265', 'usr_77');
INSERT INTO trabalho.log_acesso VALUES ('log_77_4_0', 'f8e13774-d631-4f34-93f0-2f5d55590265', 'usr_77');
INSERT INTO trabalho.log_acesso VALUES ('log_77_5_0', 'f8e13774-d631-4f34-93f0-2f5d55590265', 'usr_77');
INSERT INTO trabalho.usuario_esta_inscrito_no_podcast VALUES (0, '67074e68-bc2f-442b-8af2-7d328b6af6eb', 'usr_77');
INSERT INTO trabalho.comentarios_podcast_usuario VALUES ('comment_77_0_1', 'Voluptatibus recusandae ipsam esse.', '67074e68-bc2f-442b-8af2-7d328b6af6eb', 'usr_77');
INSERT INTO trabalho.comentarios_podcast_usuario VALUES ('comment_77_1_1', 'Rerum ut temporibus rerum cum ullam sapiente voluptatem nulla accusantium.', '67074e68-bc2f-442b-8af2-7d328b6af6eb', 'usr_77');
INSERT INTO trabalho.comentarios_podcast_usuario VALUES ('comment_77_2_1', 'Cum et et fugiat ut corrupti natus sint impedit officia.', '67074e68-bc2f-442b-8af2-7d328b6af6eb', 'usr_77');
INSERT INTO trabalho.log_acesso VALUES ('log_77_0_1', '67074e68-bc2f-442b-8af2-7d328b6af6eb', 'usr_77');
INSERT INTO trabalho.log_acesso VALUES ('log_77_1_1', '67074e68-bc2f-442b-8af2-7d328b6af6eb', 'usr_77');
INSERT INTO trabalho.log_acesso VALUES ('log_77_2_1', '67074e68-bc2f-442b-8af2-7d328b6af6eb', 'usr_77');
INSERT INTO trabalho.usuario_esta_inscrito_no_podcast VALUES (4, '5bdf7377-8330-4f9f-8efd-e95301c122ce', 'usr_77');
INSERT INTO trabalho.comentarios_podcast_usuario VALUES ('comment_77_0_2', 'Sit quo et voluptatem velit aut tempora expedita.', '5bdf7377-8330-4f9f-8efd-e95301c122ce', 'usr_77');
INSERT INTO trabalho.comentarios_podcast_usuario VALUES ('comment_77_1_2', 'Et nesciunt et eveniet laudantium totam nihil totam ducimus.', '5bdf7377-8330-4f9f-8efd-e95301c122ce', 'usr_77');
INSERT INTO trabalho.log_acesso VALUES ('log_77_0_2', '5bdf7377-8330-4f9f-8efd-e95301c122ce', 'usr_77');
INSERT INTO trabalho.log_acesso VALUES ('log_77_1_2', '5bdf7377-8330-4f9f-8efd-e95301c122ce', 'usr_77');
INSERT INTO trabalho.log_acesso VALUES ('log_77_2_2', '5bdf7377-8330-4f9f-8efd-e95301c122ce', 'usr_77');
INSERT INTO trabalho.usuario VALUES ('usr_78', '78_Caio17@yahoo.com', 'Caio Moreira', 'male', 34, trabalho.hashPassword('Password123'), 'Liechtenstein');
INSERT INTO trabalho.usuario_esta_inscrito_no_podcast VALUES (2, '5bdf7377-8330-4f9f-8efd-e95301c122ce', 'usr_78');
INSERT INTO trabalho.comentarios_podcast_usuario VALUES ('comment_78_0_0', 'Reprehenderit at corporis.', '5bdf7377-8330-4f9f-8efd-e95301c122ce', 'usr_78');
INSERT INTO trabalho.comentarios_podcast_usuario VALUES ('comment_78_1_0', 'Hic inventore sint molestiae.', '5bdf7377-8330-4f9f-8efd-e95301c122ce', 'usr_78');
INSERT INTO trabalho.comentarios_podcast_usuario VALUES ('comment_78_2_0', 'Voluptas nisi fugit minima et.', '5bdf7377-8330-4f9f-8efd-e95301c122ce', 'usr_78');
INSERT INTO trabalho.comentarios_podcast_usuario VALUES ('comment_78_3_0', 'Quibusdam accusantium eum odio cumque.', '5bdf7377-8330-4f9f-8efd-e95301c122ce', 'usr_78');
INSERT INTO trabalho.comentarios_podcast_usuario VALUES ('comment_78_4_0', 'Quod pariatur ratione dolores qui aspernatur tempora debitis.', '5bdf7377-8330-4f9f-8efd-e95301c122ce', 'usr_78');
INSERT INTO trabalho.log_acesso VALUES ('log_78_0_0', '5bdf7377-8330-4f9f-8efd-e95301c122ce', 'usr_78');
INSERT INTO trabalho.usuario_esta_inscrito_no_podcast VALUES (4, '67074e68-bc2f-442b-8af2-7d328b6af6eb', 'usr_78');
INSERT INTO trabalho.comentarios_podcast_usuario VALUES ('comment_78_0_1', 'Quod dolorum modi aut sit.', '67074e68-bc2f-442b-8af2-7d328b6af6eb', 'usr_78');
INSERT INTO trabalho.log_acesso VALUES ('log_78_0_1', '67074e68-bc2f-442b-8af2-7d328b6af6eb', 'usr_78');
INSERT INTO trabalho.usuario_esta_inscrito_no_podcast VALUES (3, 'af46a958-b921-47b6-9f87-5c4fdc68ea79', 'usr_78');
INSERT INTO trabalho.comentarios_podcast_usuario VALUES ('comment_78_0_2', 'Enim hic totam nostrum suscipit quia aut.', 'af46a958-b921-47b6-9f87-5c4fdc68ea79', 'usr_78');
INSERT INTO trabalho.comentarios_podcast_usuario VALUES ('comment_78_1_2', 'Quasi voluptas harum eligendi dignissimos maxime esse ipsum.', 'af46a958-b921-47b6-9f87-5c4fdc68ea79', 'usr_78');
INSERT INTO trabalho.log_acesso VALUES ('log_78_0_2', 'af46a958-b921-47b6-9f87-5c4fdc68ea79', 'usr_78');
INSERT INTO trabalho.log_acesso VALUES ('log_78_1_2', 'af46a958-b921-47b6-9f87-5c4fdc68ea79', 'usr_78');
INSERT INTO trabalho.log_acesso VALUES ('log_78_2_2', 'af46a958-b921-47b6-9f87-5c4fdc68ea79', 'usr_78');
INSERT INTO trabalho.log_acesso VALUES ('log_78_3_2', 'af46a958-b921-47b6-9f87-5c4fdc68ea79', 'usr_78');
INSERT INTO trabalho.log_acesso VALUES ('log_78_4_2', 'af46a958-b921-47b6-9f87-5c4fdc68ea79', 'usr_78');
INSERT INTO trabalho.usuario VALUES ('usr_79', '79_Alessandra.Carvalho59@hotmail.com', 'Alessandra Carvalho', 'female', 52, trabalho.hashPassword('Password123'), 'Sérvia');
INSERT INTO trabalho.usuario_esta_inscrito_no_podcast VALUES (2, '67074e68-bc2f-442b-8af2-7d328b6af6eb', 'usr_79');
INSERT INTO trabalho.comentarios_podcast_usuario VALUES ('comment_79_0_0', 'Est et aspernatur pariatur odio molestiae delectus architecto.', '67074e68-bc2f-442b-8af2-7d328b6af6eb', 'usr_79');
INSERT INTO trabalho.log_acesso VALUES ('log_79_0_0', '67074e68-bc2f-442b-8af2-7d328b6af6eb', 'usr_79');
INSERT INTO trabalho.log_acesso VALUES ('log_79_1_0', '67074e68-bc2f-442b-8af2-7d328b6af6eb', 'usr_79');
INSERT INTO trabalho.log_acesso VALUES ('log_79_2_0', '67074e68-bc2f-442b-8af2-7d328b6af6eb', 'usr_79');
INSERT INTO trabalho.usuario_esta_inscrito_no_podcast VALUES (5, '219328a1-cec6-4e8c-b003-52a3ec9766bb', 'usr_79');
INSERT INTO trabalho.comentarios_podcast_usuario VALUES ('comment_79_0_1', 'Molestias quaerat alias voluptatibus rerum aliquid in.', '219328a1-cec6-4e8c-b003-52a3ec9766bb', 'usr_79');
INSERT INTO trabalho.comentarios_podcast_usuario VALUES ('comment_79_1_1', 'Et magni eos odio quo ipsa eius nihil.', '219328a1-cec6-4e8c-b003-52a3ec9766bb', 'usr_79');
INSERT INTO trabalho.comentarios_podcast_usuario VALUES ('comment_79_2_1', 'Qui voluptatem velit magni rerum aliquid assumenda et.', '219328a1-cec6-4e8c-b003-52a3ec9766bb', 'usr_79');
INSERT INTO trabalho.comentarios_podcast_usuario VALUES ('comment_79_3_1', 'Atque ex in consequuntur nihil magnam vel rerum quia dolores.', '219328a1-cec6-4e8c-b003-52a3ec9766bb', 'usr_79');
INSERT INTO trabalho.log_acesso VALUES ('log_79_0_1', '219328a1-cec6-4e8c-b003-52a3ec9766bb', 'usr_79');
INSERT INTO trabalho.usuario_esta_inscrito_no_podcast VALUES (3, '7e429e8e-7669-403d-bb78-3cd7f9f75afd', 'usr_79');
INSERT INTO trabalho.comentarios_podcast_usuario VALUES ('comment_79_0_2', 'Optio nihil vitae ut magni optio laborum vel.', '7e429e8e-7669-403d-bb78-3cd7f9f75afd', 'usr_79');
INSERT INTO trabalho.log_acesso VALUES ('log_79_0_2', '7e429e8e-7669-403d-bb78-3cd7f9f75afd', 'usr_79');
INSERT INTO trabalho.log_acesso VALUES ('log_79_1_2', '7e429e8e-7669-403d-bb78-3cd7f9f75afd', 'usr_79');
INSERT INTO trabalho.log_acesso VALUES ('log_79_2_2', '7e429e8e-7669-403d-bb78-3cd7f9f75afd', 'usr_79');
INSERT INTO trabalho.usuario VALUES ('usr_80', '80_Pedro_Pereira@hotmail.com', 'Pedro Pereira', 'male', 7, trabalho.hashPassword('Password123'), 'Grécia');
INSERT INTO trabalho.usuario_esta_inscrito_no_podcast VALUES (0, 'f0166bd2-8e4d-4308-b5d7-0b3d627c5dc5', 'usr_80');
INSERT INTO trabalho.comentarios_podcast_usuario VALUES ('comment_80_0_0', 'Quo animi debitis voluptas impedit alias vel molestiae et.', 'f0166bd2-8e4d-4308-b5d7-0b3d627c5dc5', 'usr_80');
INSERT INTO trabalho.comentarios_podcast_usuario VALUES ('comment_80_1_0', 'Officia reprehenderit sunt ipsum et et omnis fuga qui.', 'f0166bd2-8e4d-4308-b5d7-0b3d627c5dc5', 'usr_80');
INSERT INTO trabalho.comentarios_podcast_usuario VALUES ('comment_80_2_0', 'Consequuntur vitae est sunt saepe.', 'f0166bd2-8e4d-4308-b5d7-0b3d627c5dc5', 'usr_80');
INSERT INTO trabalho.comentarios_podcast_usuario VALUES ('comment_80_3_0', 'Tenetur voluptatem qui cumque cum dicta repudiandae porro.', 'f0166bd2-8e4d-4308-b5d7-0b3d627c5dc5', 'usr_80');
INSERT INTO trabalho.log_acesso VALUES ('log_80_0_0', 'f0166bd2-8e4d-4308-b5d7-0b3d627c5dc5', 'usr_80');
INSERT INTO trabalho.log_acesso VALUES ('log_80_1_0', 'f0166bd2-8e4d-4308-b5d7-0b3d627c5dc5', 'usr_80');
INSERT INTO trabalho.log_acesso VALUES ('log_80_2_0', 'f0166bd2-8e4d-4308-b5d7-0b3d627c5dc5', 'usr_80');
INSERT INTO trabalho.log_acesso VALUES ('log_80_3_0', 'f0166bd2-8e4d-4308-b5d7-0b3d627c5dc5', 'usr_80');
INSERT INTO trabalho.log_acesso VALUES ('log_80_4_0', 'f0166bd2-8e4d-4308-b5d7-0b3d627c5dc5', 'usr_80');
INSERT INTO trabalho.usuario_esta_inscrito_no_podcast VALUES (1, 'c58b280a-56d4-4ad8-8c85-730e4ea86361', 'usr_80');
INSERT INTO trabalho.comentarios_podcast_usuario VALUES ('comment_80_0_1', 'Eaque et excepturi cum veniam culpa quia impedit voluptates fugit.', 'c58b280a-56d4-4ad8-8c85-730e4ea86361', 'usr_80');
INSERT INTO trabalho.comentarios_podcast_usuario VALUES ('comment_80_1_1', 'Aut necessitatibus in corporis.', 'c58b280a-56d4-4ad8-8c85-730e4ea86361', 'usr_80');
INSERT INTO trabalho.comentarios_podcast_usuario VALUES ('comment_80_2_1', 'Aperiam quidem molestiae mollitia qui.', 'c58b280a-56d4-4ad8-8c85-730e4ea86361', 'usr_80');
INSERT INTO trabalho.comentarios_podcast_usuario VALUES ('comment_80_3_1', 'Ipsam dolores reprehenderit et voluptatem corporis iste et.', 'c58b280a-56d4-4ad8-8c85-730e4ea86361', 'usr_80');
INSERT INTO trabalho.log_acesso VALUES ('log_80_0_1', 'c58b280a-56d4-4ad8-8c85-730e4ea86361', 'usr_80');
INSERT INTO trabalho.log_acesso VALUES ('log_80_1_1', 'c58b280a-56d4-4ad8-8c85-730e4ea86361', 'usr_80');
INSERT INTO trabalho.usuario_esta_inscrito_no_podcast VALUES (4, '7e429e8e-7669-403d-bb78-3cd7f9f75afd', 'usr_80');
INSERT INTO trabalho.comentarios_podcast_usuario VALUES ('comment_80_0_2', 'Harum omnis temporibus quia ut earum.', '7e429e8e-7669-403d-bb78-3cd7f9f75afd', 'usr_80');
INSERT INTO trabalho.comentarios_podcast_usuario VALUES ('comment_80_1_2', 'Et aut officia qui quia magnam aspernatur.', '7e429e8e-7669-403d-bb78-3cd7f9f75afd', 'usr_80');
INSERT INTO trabalho.log_acesso VALUES ('log_80_0_2', '7e429e8e-7669-403d-bb78-3cd7f9f75afd', 'usr_80');
INSERT INTO trabalho.log_acesso VALUES ('log_80_1_2', '7e429e8e-7669-403d-bb78-3cd7f9f75afd', 'usr_80');
INSERT INTO trabalho.log_acesso VALUES ('log_80_2_2', '7e429e8e-7669-403d-bb78-3cd7f9f75afd', 'usr_80');
INSERT INTO trabalho.log_acesso VALUES ('log_80_3_2', '7e429e8e-7669-403d-bb78-3cd7f9f75afd', 'usr_80');
INSERT INTO trabalho.usuario VALUES ('usr_81', '81_Deneval_Barros63@live.com', 'Deneval Barros', 'male', 38, trabalho.hashPassword('Password123'), 'Guiné');
INSERT INTO trabalho.usuario_esta_inscrito_no_podcast VALUES (5, 'de2f0ddb-9903-436a-a5e2-54224254c818', 'usr_81');
INSERT INTO trabalho.comentarios_podcast_usuario VALUES ('comment_81_0_0', 'Vel laudantium repudiandae sit sit necessitatibus quae ut nisi quis.', 'de2f0ddb-9903-436a-a5e2-54224254c818', 'usr_81');
INSERT INTO trabalho.comentarios_podcast_usuario VALUES ('comment_81_1_0', 'Et perferendis et.', 'de2f0ddb-9903-436a-a5e2-54224254c818', 'usr_81');
INSERT INTO trabalho.log_acesso VALUES ('log_81_0_0', 'de2f0ddb-9903-436a-a5e2-54224254c818', 'usr_81');
INSERT INTO trabalho.log_acesso VALUES ('log_81_1_0', 'de2f0ddb-9903-436a-a5e2-54224254c818', 'usr_81');
INSERT INTO trabalho.usuario_esta_inscrito_no_podcast VALUES (4, 'c58b280a-56d4-4ad8-8c85-730e4ea86361', 'usr_81');
INSERT INTO trabalho.comentarios_podcast_usuario VALUES ('comment_81_0_1', 'Harum qui voluptatem harum maiores odio nam.', 'c58b280a-56d4-4ad8-8c85-730e4ea86361', 'usr_81');
INSERT INTO trabalho.comentarios_podcast_usuario VALUES ('comment_81_1_1', 'Molestias harum voluptatem magni beatae adipisci.', 'c58b280a-56d4-4ad8-8c85-730e4ea86361', 'usr_81');
INSERT INTO trabalho.log_acesso VALUES ('log_81_0_1', 'c58b280a-56d4-4ad8-8c85-730e4ea86361', 'usr_81');
INSERT INTO trabalho.log_acesso VALUES ('log_81_1_1', 'c58b280a-56d4-4ad8-8c85-730e4ea86361', 'usr_81');
INSERT INTO trabalho.log_acesso VALUES ('log_81_2_1', 'c58b280a-56d4-4ad8-8c85-730e4ea86361', 'usr_81');
INSERT INTO trabalho.log_acesso VALUES ('log_81_3_1', 'c58b280a-56d4-4ad8-8c85-730e4ea86361', 'usr_81');
INSERT INTO trabalho.log_acesso VALUES ('log_81_4_1', 'c58b280a-56d4-4ad8-8c85-730e4ea86361', 'usr_81');
INSERT INTO trabalho.usuario_esta_inscrito_no_podcast VALUES (2, 'fa3abe16-3645-4d22-a01d-893e6f20c408', 'usr_81');
INSERT INTO trabalho.comentarios_podcast_usuario VALUES ('comment_81_0_2', 'Aut sed et nemo.', 'fa3abe16-3645-4d22-a01d-893e6f20c408', 'usr_81');
INSERT INTO trabalho.comentarios_podcast_usuario VALUES ('comment_81_1_2', 'Dolorum fuga esse sit voluptates harum aut et.', 'fa3abe16-3645-4d22-a01d-893e6f20c408', 'usr_81');
INSERT INTO trabalho.log_acesso VALUES ('log_81_0_2', 'fa3abe16-3645-4d22-a01d-893e6f20c408', 'usr_81');
INSERT INTO trabalho.log_acesso VALUES ('log_81_1_2', 'fa3abe16-3645-4d22-a01d-893e6f20c408', 'usr_81');
INSERT INTO trabalho.log_acesso VALUES ('log_81_2_2', 'fa3abe16-3645-4d22-a01d-893e6f20c408', 'usr_81');
INSERT INTO trabalho.log_acesso VALUES ('log_81_3_2', 'fa3abe16-3645-4d22-a01d-893e6f20c408', 'usr_81');
INSERT INTO trabalho.log_acesso VALUES ('log_81_4_2', 'fa3abe16-3645-4d22-a01d-893e6f20c408', 'usr_81');
INSERT INTO trabalho.usuario VALUES ('usr_82', '82_Csar.Barros@yahoo.com', 'César Barros', 'male', 3, trabalho.hashPassword('Password123'), 'Romênia');
INSERT INTO trabalho.usuario_esta_inscrito_no_podcast VALUES (3, 'f1b92ce7-47a7-43cd-8586-4a09185cdd05', 'usr_82');
INSERT INTO trabalho.comentarios_podcast_usuario VALUES ('comment_82_0_0', 'Dolorem similique laborum voluptates voluptatem.', 'f1b92ce7-47a7-43cd-8586-4a09185cdd05', 'usr_82');
INSERT INTO trabalho.log_acesso VALUES ('log_82_0_0', 'f1b92ce7-47a7-43cd-8586-4a09185cdd05', 'usr_82');
INSERT INTO trabalho.log_acesso VALUES ('log_82_1_0', 'f1b92ce7-47a7-43cd-8586-4a09185cdd05', 'usr_82');
INSERT INTO trabalho.usuario_esta_inscrito_no_podcast VALUES (0, '7e429e8e-7669-403d-bb78-3cd7f9f75afd', 'usr_82');
INSERT INTO trabalho.comentarios_podcast_usuario VALUES ('comment_82_0_1', 'Officia est quos sunt laborum explicabo aliquid iure.', '7e429e8e-7669-403d-bb78-3cd7f9f75afd', 'usr_82');
INSERT INTO trabalho.comentarios_podcast_usuario VALUES ('comment_82_1_1', 'Veniam hic laboriosam.', '7e429e8e-7669-403d-bb78-3cd7f9f75afd', 'usr_82');
INSERT INTO trabalho.comentarios_podcast_usuario VALUES ('comment_82_2_1', 'Expedita minus dolores quaerat dolores ut quia quia quo.', '7e429e8e-7669-403d-bb78-3cd7f9f75afd', 'usr_82');
INSERT INTO trabalho.log_acesso VALUES ('log_82_0_1', '7e429e8e-7669-403d-bb78-3cd7f9f75afd', 'usr_82');
INSERT INTO trabalho.log_acesso VALUES ('log_82_1_1', '7e429e8e-7669-403d-bb78-3cd7f9f75afd', 'usr_82');
INSERT INTO trabalho.log_acesso VALUES ('log_82_2_1', '7e429e8e-7669-403d-bb78-3cd7f9f75afd', 'usr_82');
INSERT INTO trabalho.log_acesso VALUES ('log_82_3_1', '7e429e8e-7669-403d-bb78-3cd7f9f75afd', 'usr_82');
INSERT INTO trabalho.usuario_esta_inscrito_no_podcast VALUES (5, '219328a1-cec6-4e8c-b003-52a3ec9766bb', 'usr_82');
INSERT INTO trabalho.comentarios_podcast_usuario VALUES ('comment_82_0_2', 'Porro quod eaque unde et.', '219328a1-cec6-4e8c-b003-52a3ec9766bb', 'usr_82');
INSERT INTO trabalho.log_acesso VALUES ('log_82_0_2', '219328a1-cec6-4e8c-b003-52a3ec9766bb', 'usr_82');
INSERT INTO trabalho.log_acesso VALUES ('log_82_1_2', '219328a1-cec6-4e8c-b003-52a3ec9766bb', 'usr_82');
INSERT INTO trabalho.log_acesso VALUES ('log_82_2_2', '219328a1-cec6-4e8c-b003-52a3ec9766bb', 'usr_82');
INSERT INTO trabalho.usuario VALUES ('usr_83', '83_Henrique.Silva95@hotmail.com', 'Henrique Silva', 'male', 55, trabalho.hashPassword('Password123'), 'Quênia');
INSERT INTO trabalho.usuario_esta_inscrito_no_podcast VALUES (0, 'f1b92ce7-47a7-43cd-8586-4a09185cdd05', 'usr_83');
INSERT INTO trabalho.comentarios_podcast_usuario VALUES ('comment_83_0_0', 'Earum quae eos rerum.', 'f1b92ce7-47a7-43cd-8586-4a09185cdd05', 'usr_83');
INSERT INTO trabalho.comentarios_podcast_usuario VALUES ('comment_83_1_0', 'Necessitatibus est consequatur.', 'f1b92ce7-47a7-43cd-8586-4a09185cdd05', 'usr_83');
INSERT INTO trabalho.comentarios_podcast_usuario VALUES ('comment_83_2_0', 'Enim doloremque nostrum pariatur facere cum.', 'f1b92ce7-47a7-43cd-8586-4a09185cdd05', 'usr_83');
INSERT INTO trabalho.comentarios_podcast_usuario VALUES ('comment_83_3_0', 'Tempora nam sunt dolores doloribus nulla nam et asperiores.', 'f1b92ce7-47a7-43cd-8586-4a09185cdd05', 'usr_83');
INSERT INTO trabalho.log_acesso VALUES ('log_83_0_0', 'f1b92ce7-47a7-43cd-8586-4a09185cdd05', 'usr_83');
INSERT INTO trabalho.log_acesso VALUES ('log_83_1_0', 'f1b92ce7-47a7-43cd-8586-4a09185cdd05', 'usr_83');
INSERT INTO trabalho.log_acesso VALUES ('log_83_2_0', 'f1b92ce7-47a7-43cd-8586-4a09185cdd05', 'usr_83');
INSERT INTO trabalho.log_acesso VALUES ('log_83_3_0', 'f1b92ce7-47a7-43cd-8586-4a09185cdd05', 'usr_83');
INSERT INTO trabalho.usuario_esta_inscrito_no_podcast VALUES (1, 'de2f0ddb-9903-436a-a5e2-54224254c818', 'usr_83');
INSERT INTO trabalho.comentarios_podcast_usuario VALUES ('comment_83_0_1', 'Quam at qui dolores ipsam minus temporibus sunt alias sed.', 'de2f0ddb-9903-436a-a5e2-54224254c818', 'usr_83');
INSERT INTO trabalho.log_acesso VALUES ('log_83_0_1', 'de2f0ddb-9903-436a-a5e2-54224254c818', 'usr_83');
INSERT INTO trabalho.usuario_esta_inscrito_no_podcast VALUES (5, '5bdf7377-8330-4f9f-8efd-e95301c122ce', 'usr_83');
INSERT INTO trabalho.comentarios_podcast_usuario VALUES ('comment_83_0_2', 'Ut sunt ad.', '5bdf7377-8330-4f9f-8efd-e95301c122ce', 'usr_83');
INSERT INTO trabalho.comentarios_podcast_usuario VALUES ('comment_83_1_2', 'Eum quam exercitationem ipsam officia.', '5bdf7377-8330-4f9f-8efd-e95301c122ce', 'usr_83');
INSERT INTO trabalho.comentarios_podcast_usuario VALUES ('comment_83_2_2', 'Quia eos perspiciatis voluptatem eos dicta.', '5bdf7377-8330-4f9f-8efd-e95301c122ce', 'usr_83');
INSERT INTO trabalho.log_acesso VALUES ('log_83_0_2', '5bdf7377-8330-4f9f-8efd-e95301c122ce', 'usr_83');
INSERT INTO trabalho.log_acesso VALUES ('log_83_1_2', '5bdf7377-8330-4f9f-8efd-e95301c122ce', 'usr_83');
INSERT INTO trabalho.log_acesso VALUES ('log_83_2_2', '5bdf7377-8330-4f9f-8efd-e95301c122ce', 'usr_83');
INSERT INTO trabalho.log_acesso VALUES ('log_83_3_2', '5bdf7377-8330-4f9f-8efd-e95301c122ce', 'usr_83');
INSERT INTO trabalho.log_acesso VALUES ('log_83_4_2', '5bdf7377-8330-4f9f-8efd-e95301c122ce', 'usr_83');
INSERT INTO trabalho.usuario VALUES ('usr_84', '84_Lara.Souza@live.com', 'Lara Souza', 'female', 38, trabalho.hashPassword('Password123'), 'Índia');
INSERT INTO trabalho.usuario_esta_inscrito_no_podcast VALUES (0, '168c1536-4c42-4b8f-8c77-f06affefec6a', 'usr_84');
INSERT INTO trabalho.comentarios_podcast_usuario VALUES ('comment_84_0_0', 'Repellendus eum sapiente officia enim.', '168c1536-4c42-4b8f-8c77-f06affefec6a', 'usr_84');
INSERT INTO trabalho.comentarios_podcast_usuario VALUES ('comment_84_1_0', 'Voluptas provident nihil laudantium debitis fugit qui eligendi vitae.', '168c1536-4c42-4b8f-8c77-f06affefec6a', 'usr_84');
INSERT INTO trabalho.comentarios_podcast_usuario VALUES ('comment_84_2_0', 'Velit id impedit.', '168c1536-4c42-4b8f-8c77-f06affefec6a', 'usr_84');
INSERT INTO trabalho.log_acesso VALUES ('log_84_0_0', '168c1536-4c42-4b8f-8c77-f06affefec6a', 'usr_84');
INSERT INTO trabalho.log_acesso VALUES ('log_84_1_0', '168c1536-4c42-4b8f-8c77-f06affefec6a', 'usr_84');
INSERT INTO trabalho.log_acesso VALUES ('log_84_2_0', '168c1536-4c42-4b8f-8c77-f06affefec6a', 'usr_84');
INSERT INTO trabalho.log_acesso VALUES ('log_84_3_0', '168c1536-4c42-4b8f-8c77-f06affefec6a', 'usr_84');
INSERT INTO trabalho.usuario_esta_inscrito_no_podcast VALUES (1, 'de2f0ddb-9903-436a-a5e2-54224254c818', 'usr_84');
INSERT INTO trabalho.comentarios_podcast_usuario VALUES ('comment_84_0_1', 'Ut sit ut et non natus.', 'de2f0ddb-9903-436a-a5e2-54224254c818', 'usr_84');
INSERT INTO trabalho.comentarios_podcast_usuario VALUES ('comment_84_1_1', 'Pariatur quo optio libero recusandae nisi eum.', 'de2f0ddb-9903-436a-a5e2-54224254c818', 'usr_84');
INSERT INTO trabalho.log_acesso VALUES ('log_84_0_1', 'de2f0ddb-9903-436a-a5e2-54224254c818', 'usr_84');
INSERT INTO trabalho.log_acesso VALUES ('log_84_1_1', 'de2f0ddb-9903-436a-a5e2-54224254c818', 'usr_84');
INSERT INTO trabalho.log_acesso VALUES ('log_84_2_1', 'de2f0ddb-9903-436a-a5e2-54224254c818', 'usr_84');
INSERT INTO trabalho.usuario_esta_inscrito_no_podcast VALUES (4, '7e429e8e-7669-403d-bb78-3cd7f9f75afd', 'usr_84');
INSERT INTO trabalho.comentarios_podcast_usuario VALUES ('comment_84_0_2', 'Eum earum qui iusto blanditiis magnam.', '7e429e8e-7669-403d-bb78-3cd7f9f75afd', 'usr_84');
INSERT INTO trabalho.comentarios_podcast_usuario VALUES ('comment_84_1_2', 'Corporis fugiat suscipit doloribus et quisquam et.', '7e429e8e-7669-403d-bb78-3cd7f9f75afd', 'usr_84');
INSERT INTO trabalho.log_acesso VALUES ('log_84_0_2', '7e429e8e-7669-403d-bb78-3cd7f9f75afd', 'usr_84');
INSERT INTO trabalho.usuario VALUES ('usr_85', '85_Bruna.Oliveira@bol.com.br', 'Bruna Oliveira', 'female', 56, trabalho.hashPassword('Password123'), 'Islândia');
INSERT INTO trabalho.usuario_esta_inscrito_no_podcast VALUES (3, 'fa3abe16-3645-4d22-a01d-893e6f20c408', 'usr_85');
INSERT INTO trabalho.comentarios_podcast_usuario VALUES ('comment_85_0_0', 'Dignissimos earum ipsam qui sequi.', 'fa3abe16-3645-4d22-a01d-893e6f20c408', 'usr_85');
INSERT INTO trabalho.log_acesso VALUES ('log_85_0_0', 'fa3abe16-3645-4d22-a01d-893e6f20c408', 'usr_85');
INSERT INTO trabalho.usuario_esta_inscrito_no_podcast VALUES (4, 'b553d865-8fe2-47de-9a30-10e1dea3bd1d', 'usr_85');
INSERT INTO trabalho.comentarios_podcast_usuario VALUES ('comment_85_0_1', 'Consequuntur rerum esse soluta non maxime.', 'b553d865-8fe2-47de-9a30-10e1dea3bd1d', 'usr_85');
INSERT INTO trabalho.comentarios_podcast_usuario VALUES ('comment_85_1_1', 'At qui magnam odio rerum voluptatem sit.', 'b553d865-8fe2-47de-9a30-10e1dea3bd1d', 'usr_85');
INSERT INTO trabalho.comentarios_podcast_usuario VALUES ('comment_85_2_1', 'Animi est sunt sit voluptatem quibusdam illo.', 'b553d865-8fe2-47de-9a30-10e1dea3bd1d', 'usr_85');
INSERT INTO trabalho.log_acesso VALUES ('log_85_0_1', 'b553d865-8fe2-47de-9a30-10e1dea3bd1d', 'usr_85');
INSERT INTO trabalho.log_acesso VALUES ('log_85_1_1', 'b553d865-8fe2-47de-9a30-10e1dea3bd1d', 'usr_85');
INSERT INTO trabalho.usuario_esta_inscrito_no_podcast VALUES (3, '7e429e8e-7669-403d-bb78-3cd7f9f75afd', 'usr_85');
INSERT INTO trabalho.comentarios_podcast_usuario VALUES ('comment_85_0_2', 'Voluptas et sequi repellendus omnis ab rerum in.', '7e429e8e-7669-403d-bb78-3cd7f9f75afd', 'usr_85');
INSERT INTO trabalho.comentarios_podcast_usuario VALUES ('comment_85_1_2', 'Hic itaque debitis quia deleniti facilis nihil.', '7e429e8e-7669-403d-bb78-3cd7f9f75afd', 'usr_85');
INSERT INTO trabalho.comentarios_podcast_usuario VALUES ('comment_85_2_2', 'Nobis vel doloremque incidunt ex sed officiis aperiam molestiae.', '7e429e8e-7669-403d-bb78-3cd7f9f75afd', 'usr_85');
INSERT INTO trabalho.log_acesso VALUES ('log_85_0_2', '7e429e8e-7669-403d-bb78-3cd7f9f75afd', 'usr_85');
INSERT INTO trabalho.log_acesso VALUES ('log_85_1_2', '7e429e8e-7669-403d-bb78-3cd7f9f75afd', 'usr_85');
INSERT INTO trabalho.log_acesso VALUES ('log_85_2_2', '7e429e8e-7669-403d-bb78-3cd7f9f75afd', 'usr_85');
INSERT INTO trabalho.log_acesso VALUES ('log_85_3_2', '7e429e8e-7669-403d-bb78-3cd7f9f75afd', 'usr_85');
INSERT INTO trabalho.log_acesso VALUES ('log_85_4_2', '7e429e8e-7669-403d-bb78-3cd7f9f75afd', 'usr_85');
INSERT INTO trabalho.usuario VALUES ('usr_86', '86_Csar97@gmail.com', 'César Oliveira', 'male', 39, trabalho.hashPassword('Password123'), 'República Tcheca');
INSERT INTO trabalho.usuario_esta_inscrito_no_podcast VALUES (1, '5bdf7377-8330-4f9f-8efd-e95301c122ce', 'usr_86');
INSERT INTO trabalho.comentarios_podcast_usuario VALUES ('comment_86_0_0', 'Nam nam dolor.', '5bdf7377-8330-4f9f-8efd-e95301c122ce', 'usr_86');
INSERT INTO trabalho.comentarios_podcast_usuario VALUES ('comment_86_1_0', 'Quidem quis velit soluta dignissimos dolorem unde.', '5bdf7377-8330-4f9f-8efd-e95301c122ce', 'usr_86');
INSERT INTO trabalho.log_acesso VALUES ('log_86_0_0', '5bdf7377-8330-4f9f-8efd-e95301c122ce', 'usr_86');
INSERT INTO trabalho.log_acesso VALUES ('log_86_1_0', '5bdf7377-8330-4f9f-8efd-e95301c122ce', 'usr_86');
INSERT INTO trabalho.log_acesso VALUES ('log_86_2_0', '5bdf7377-8330-4f9f-8efd-e95301c122ce', 'usr_86');
INSERT INTO trabalho.log_acesso VALUES ('log_86_3_0', '5bdf7377-8330-4f9f-8efd-e95301c122ce', 'usr_86');
INSERT INTO trabalho.usuario_esta_inscrito_no_podcast VALUES (5, '67074e68-bc2f-442b-8af2-7d328b6af6eb', 'usr_86');
INSERT INTO trabalho.comentarios_podcast_usuario VALUES ('comment_86_0_1', 'Cum aliquam quibusdam quia.', '67074e68-bc2f-442b-8af2-7d328b6af6eb', 'usr_86');
INSERT INTO trabalho.comentarios_podcast_usuario VALUES ('comment_86_1_1', 'Totam voluptatibus consequatur repellat placeat non est nihil soluta.', '67074e68-bc2f-442b-8af2-7d328b6af6eb', 'usr_86');
INSERT INTO trabalho.log_acesso VALUES ('log_86_0_1', '67074e68-bc2f-442b-8af2-7d328b6af6eb', 'usr_86');
INSERT INTO trabalho.log_acesso VALUES ('log_86_1_1', '67074e68-bc2f-442b-8af2-7d328b6af6eb', 'usr_86');
INSERT INTO trabalho.usuario_esta_inscrito_no_podcast VALUES (4, '219328a1-cec6-4e8c-b003-52a3ec9766bb', 'usr_86');
INSERT INTO trabalho.comentarios_podcast_usuario VALUES ('comment_86_0_2', 'Ut ut provident et molestiae omnis est et.', '219328a1-cec6-4e8c-b003-52a3ec9766bb', 'usr_86');
INSERT INTO trabalho.comentarios_podcast_usuario VALUES ('comment_86_1_2', 'A quod cumque maxime voluptatum voluptas in.', '219328a1-cec6-4e8c-b003-52a3ec9766bb', 'usr_86');
INSERT INTO trabalho.comentarios_podcast_usuario VALUES ('comment_86_2_2', 'Labore enim sed eos earum qui aut enim sunt eum.', '219328a1-cec6-4e8c-b003-52a3ec9766bb', 'usr_86');
INSERT INTO trabalho.log_acesso VALUES ('log_86_0_2', '219328a1-cec6-4e8c-b003-52a3ec9766bb', 'usr_86');
INSERT INTO trabalho.log_acesso VALUES ('log_86_1_2', '219328a1-cec6-4e8c-b003-52a3ec9766bb', 'usr_86');
INSERT INTO trabalho.log_acesso VALUES ('log_86_2_2', '219328a1-cec6-4e8c-b003-52a3ec9766bb', 'usr_86');
INSERT INTO trabalho.usuario VALUES ('usr_87', '87_Leonardo.Braga@hotmail.com', 'Leonardo Braga', 'male', 46, trabalho.hashPassword('Password123'), 'Gibraltar');
INSERT INTO trabalho.usuario_esta_inscrito_no_podcast VALUES (3, 'fa3abe16-3645-4d22-a01d-893e6f20c408', 'usr_87');
INSERT INTO trabalho.comentarios_podcast_usuario VALUES ('comment_87_0_0', 'Tempore voluptatibus qui repudiandae vero perspiciatis aut molestiae esse.', 'fa3abe16-3645-4d22-a01d-893e6f20c408', 'usr_87');
INSERT INTO trabalho.comentarios_podcast_usuario VALUES ('comment_87_1_0', 'Ut est culpa explicabo eum dolores id optio.', 'fa3abe16-3645-4d22-a01d-893e6f20c408', 'usr_87');
INSERT INTO trabalho.comentarios_podcast_usuario VALUES ('comment_87_2_0', 'Pariatur et quaerat perspiciatis deleniti nam quas.', 'fa3abe16-3645-4d22-a01d-893e6f20c408', 'usr_87');
INSERT INTO trabalho.log_acesso VALUES ('log_87_0_0', 'fa3abe16-3645-4d22-a01d-893e6f20c408', 'usr_87');
INSERT INTO trabalho.log_acesso VALUES ('log_87_1_0', 'fa3abe16-3645-4d22-a01d-893e6f20c408', 'usr_87');
INSERT INTO trabalho.log_acesso VALUES ('log_87_2_0', 'fa3abe16-3645-4d22-a01d-893e6f20c408', 'usr_87');
INSERT INTO trabalho.usuario_esta_inscrito_no_podcast VALUES (3, '5bdf7377-8330-4f9f-8efd-e95301c122ce', 'usr_87');
INSERT INTO trabalho.comentarios_podcast_usuario VALUES ('comment_87_0_1', 'Ad et quo dolorem voluptas et culpa.', '5bdf7377-8330-4f9f-8efd-e95301c122ce', 'usr_87');
INSERT INTO trabalho.comentarios_podcast_usuario VALUES ('comment_87_1_1', 'Iste dolorum aut id ipsam nobis perspiciatis.', '5bdf7377-8330-4f9f-8efd-e95301c122ce', 'usr_87');
INSERT INTO trabalho.comentarios_podcast_usuario VALUES ('comment_87_2_1', 'Perferendis molestiae perspiciatis delectus aut consequatur molestias nisi.', '5bdf7377-8330-4f9f-8efd-e95301c122ce', 'usr_87');
INSERT INTO trabalho.log_acesso VALUES ('log_87_0_1', '5bdf7377-8330-4f9f-8efd-e95301c122ce', 'usr_87');
INSERT INTO trabalho.log_acesso VALUES ('log_87_1_1', '5bdf7377-8330-4f9f-8efd-e95301c122ce', 'usr_87');
INSERT INTO trabalho.log_acesso VALUES ('log_87_2_1', '5bdf7377-8330-4f9f-8efd-e95301c122ce', 'usr_87');
INSERT INTO trabalho.usuario_esta_inscrito_no_podcast VALUES (2, 'c58b280a-56d4-4ad8-8c85-730e4ea86361', 'usr_87');
INSERT INTO trabalho.comentarios_podcast_usuario VALUES ('comment_87_0_2', 'Repellat sint eius eum doloremque.', 'c58b280a-56d4-4ad8-8c85-730e4ea86361', 'usr_87');
INSERT INTO trabalho.comentarios_podcast_usuario VALUES ('comment_87_1_2', 'Dicta aut rerum assumenda quibusdam enim voluptas beatae eligendi quidem.', 'c58b280a-56d4-4ad8-8c85-730e4ea86361', 'usr_87');
INSERT INTO trabalho.comentarios_podcast_usuario VALUES ('comment_87_2_2', 'Maxime inventore culpa ducimus non esse perspiciatis nemo.', 'c58b280a-56d4-4ad8-8c85-730e4ea86361', 'usr_87');
INSERT INTO trabalho.comentarios_podcast_usuario VALUES ('comment_87_3_2', 'Non animi ex est rem inventore a in eligendi nemo.', 'c58b280a-56d4-4ad8-8c85-730e4ea86361', 'usr_87');
INSERT INTO trabalho.log_acesso VALUES ('log_87_0_2', 'c58b280a-56d4-4ad8-8c85-730e4ea86361', 'usr_87');
INSERT INTO trabalho.log_acesso VALUES ('log_87_1_2', 'c58b280a-56d4-4ad8-8c85-730e4ea86361', 'usr_87');
INSERT INTO trabalho.log_acesso VALUES ('log_87_2_2', 'c58b280a-56d4-4ad8-8c85-730e4ea86361', 'usr_87');
INSERT INTO trabalho.log_acesso VALUES ('log_87_3_2', 'c58b280a-56d4-4ad8-8c85-730e4ea86361', 'usr_87');
INSERT INTO trabalho.log_acesso VALUES ('log_87_4_2', 'c58b280a-56d4-4ad8-8c85-730e4ea86361', 'usr_87');
INSERT INTO trabalho.log_acesso VALUES ('log_87_5_2', 'c58b280a-56d4-4ad8-8c85-730e4ea86361', 'usr_87');
INSERT INTO trabalho.log_acesso VALUES ('log_87_6_2', 'c58b280a-56d4-4ad8-8c85-730e4ea86361', 'usr_87');
INSERT INTO trabalho.usuario VALUES ('usr_88', '88_Yuri.Melo86@gmail.com', 'Yuri Melo', 'male', 22, trabalho.hashPassword('Password123'), 'El Salvador');
INSERT INTO trabalho.usuario_esta_inscrito_no_podcast VALUES (1, 'de2f0ddb-9903-436a-a5e2-54224254c818', 'usr_88');
INSERT INTO trabalho.comentarios_podcast_usuario VALUES ('comment_88_0_0', 'Ut consequatur quaerat.', 'de2f0ddb-9903-436a-a5e2-54224254c818', 'usr_88');
INSERT INTO trabalho.comentarios_podcast_usuario VALUES ('comment_88_1_0', 'Temporibus laboriosam a sunt id ullam vel voluptas.', 'de2f0ddb-9903-436a-a5e2-54224254c818', 'usr_88');
INSERT INTO trabalho.comentarios_podcast_usuario VALUES ('comment_88_2_0', 'Aliquid sint natus maiores qui ullam rerum.', 'de2f0ddb-9903-436a-a5e2-54224254c818', 'usr_88');
INSERT INTO trabalho.comentarios_podcast_usuario VALUES ('comment_88_3_0', 'Dolorem maiores assumenda est quis consequatur.', 'de2f0ddb-9903-436a-a5e2-54224254c818', 'usr_88');
INSERT INTO trabalho.log_acesso VALUES ('log_88_0_0', 'de2f0ddb-9903-436a-a5e2-54224254c818', 'usr_88');
INSERT INTO trabalho.log_acesso VALUES ('log_88_1_0', 'de2f0ddb-9903-436a-a5e2-54224254c818', 'usr_88');
INSERT INTO trabalho.log_acesso VALUES ('log_88_2_0', 'de2f0ddb-9903-436a-a5e2-54224254c818', 'usr_88');
INSERT INTO trabalho.log_acesso VALUES ('log_88_3_0', 'de2f0ddb-9903-436a-a5e2-54224254c818', 'usr_88');
INSERT INTO trabalho.usuario_esta_inscrito_no_podcast VALUES (3, 'c58b280a-56d4-4ad8-8c85-730e4ea86361', 'usr_88');
INSERT INTO trabalho.comentarios_podcast_usuario VALUES ('comment_88_0_1', 'Deleniti nisi earum totam modi omnis.', 'c58b280a-56d4-4ad8-8c85-730e4ea86361', 'usr_88');
INSERT INTO trabalho.comentarios_podcast_usuario VALUES ('comment_88_1_1', 'Esse eos ratione blanditiis deserunt aut.', 'c58b280a-56d4-4ad8-8c85-730e4ea86361', 'usr_88');
INSERT INTO trabalho.comentarios_podcast_usuario VALUES ('comment_88_2_1', 'Saepe voluptates excepturi expedita assumenda rerum.', 'c58b280a-56d4-4ad8-8c85-730e4ea86361', 'usr_88');
INSERT INTO trabalho.log_acesso VALUES ('log_88_0_1', 'c58b280a-56d4-4ad8-8c85-730e4ea86361', 'usr_88');
INSERT INTO trabalho.log_acesso VALUES ('log_88_1_1', 'c58b280a-56d4-4ad8-8c85-730e4ea86361', 'usr_88');
INSERT INTO trabalho.log_acesso VALUES ('log_88_2_1', 'c58b280a-56d4-4ad8-8c85-730e4ea86361', 'usr_88');
INSERT INTO trabalho.log_acesso VALUES ('log_88_3_1', 'c58b280a-56d4-4ad8-8c85-730e4ea86361', 'usr_88');
INSERT INTO trabalho.log_acesso VALUES ('log_88_4_1', 'c58b280a-56d4-4ad8-8c85-730e4ea86361', 'usr_88');
INSERT INTO trabalho.usuario_esta_inscrito_no_podcast VALUES (0, '219328a1-cec6-4e8c-b003-52a3ec9766bb', 'usr_88');
INSERT INTO trabalho.comentarios_podcast_usuario VALUES ('comment_88_0_2', 'Sed est culpa molestias porro iste aut aut.', '219328a1-cec6-4e8c-b003-52a3ec9766bb', 'usr_88');
INSERT INTO trabalho.comentarios_podcast_usuario VALUES ('comment_88_1_2', 'Beatae non quis quia.', '219328a1-cec6-4e8c-b003-52a3ec9766bb', 'usr_88');
INSERT INTO trabalho.log_acesso VALUES ('log_88_0_2', '219328a1-cec6-4e8c-b003-52a3ec9766bb', 'usr_88');
INSERT INTO trabalho.usuario VALUES ('usr_89', '89_Alice.Moraes@bol.com.br', 'Alice Moraes', 'female', 57, trabalho.hashPassword('Password123'), 'Porto Rico');
INSERT INTO trabalho.usuario_esta_inscrito_no_podcast VALUES (0, '67074e68-bc2f-442b-8af2-7d328b6af6eb', 'usr_89');
INSERT INTO trabalho.comentarios_podcast_usuario VALUES ('comment_89_0_0', 'Ducimus quaerat nam ad reiciendis eos nulla vel ab.', '67074e68-bc2f-442b-8af2-7d328b6af6eb', 'usr_89');
INSERT INTO trabalho.comentarios_podcast_usuario VALUES ('comment_89_1_0', 'Dicta dolorum voluptatem tenetur voluptas ut et molestias quae voluptatem.', '67074e68-bc2f-442b-8af2-7d328b6af6eb', 'usr_89');
INSERT INTO trabalho.log_acesso VALUES ('log_89_0_0', '67074e68-bc2f-442b-8af2-7d328b6af6eb', 'usr_89');
INSERT INTO trabalho.log_acesso VALUES ('log_89_1_0', '67074e68-bc2f-442b-8af2-7d328b6af6eb', 'usr_89');
INSERT INTO trabalho.log_acesso VALUES ('log_89_2_0', '67074e68-bc2f-442b-8af2-7d328b6af6eb', 'usr_89');
INSERT INTO trabalho.log_acesso VALUES ('log_89_3_0', '67074e68-bc2f-442b-8af2-7d328b6af6eb', 'usr_89');
INSERT INTO trabalho.log_acesso VALUES ('log_89_4_0', '67074e68-bc2f-442b-8af2-7d328b6af6eb', 'usr_89');
INSERT INTO trabalho.usuario_esta_inscrito_no_podcast VALUES (4, 'b553d865-8fe2-47de-9a30-10e1dea3bd1d', 'usr_89');
INSERT INTO trabalho.comentarios_podcast_usuario VALUES ('comment_89_0_1', 'Quia repudiandae molestiae quisquam eum non ad eos nobis.', 'b553d865-8fe2-47de-9a30-10e1dea3bd1d', 'usr_89');
INSERT INTO trabalho.comentarios_podcast_usuario VALUES ('comment_89_1_1', 'Tenetur a voluptatum et eaque voluptas ipsam.', 'b553d865-8fe2-47de-9a30-10e1dea3bd1d', 'usr_89');
INSERT INTO trabalho.log_acesso VALUES ('log_89_0_1', 'b553d865-8fe2-47de-9a30-10e1dea3bd1d', 'usr_89');
INSERT INTO trabalho.log_acesso VALUES ('log_89_1_1', 'b553d865-8fe2-47de-9a30-10e1dea3bd1d', 'usr_89');
INSERT INTO trabalho.log_acesso VALUES ('log_89_2_1', 'b553d865-8fe2-47de-9a30-10e1dea3bd1d', 'usr_89');
INSERT INTO trabalho.log_acesso VALUES ('log_89_3_1', 'b553d865-8fe2-47de-9a30-10e1dea3bd1d', 'usr_89');
INSERT INTO trabalho.log_acesso VALUES ('log_89_4_1', 'b553d865-8fe2-47de-9a30-10e1dea3bd1d', 'usr_89');
INSERT INTO trabalho.usuario_esta_inscrito_no_podcast VALUES (1, 'f1b92ce7-47a7-43cd-8586-4a09185cdd05', 'usr_89');
INSERT INTO trabalho.comentarios_podcast_usuario VALUES ('comment_89_0_2', 'Ipsa quisquam magnam facere tempora tenetur corrupti est est.', 'f1b92ce7-47a7-43cd-8586-4a09185cdd05', 'usr_89');
INSERT INTO trabalho.comentarios_podcast_usuario VALUES ('comment_89_1_2', 'Nesciunt est quam atque eaque consectetur.', 'f1b92ce7-47a7-43cd-8586-4a09185cdd05', 'usr_89');
INSERT INTO trabalho.comentarios_podcast_usuario VALUES ('comment_89_2_2', 'Impedit illum quia aliquam quaerat dolor aliquid.', 'f1b92ce7-47a7-43cd-8586-4a09185cdd05', 'usr_89');
INSERT INTO trabalho.log_acesso VALUES ('log_89_0_2', 'f1b92ce7-47a7-43cd-8586-4a09185cdd05', 'usr_89');
INSERT INTO trabalho.log_acesso VALUES ('log_89_1_2', 'f1b92ce7-47a7-43cd-8586-4a09185cdd05', 'usr_89');
INSERT INTO trabalho.usuario VALUES ('usr_90', '90_Natlia_Moreira40@hotmail.com', 'Natália Moreira', 'female', 55, trabalho.hashPassword('Password123'), 'Gana');
INSERT INTO trabalho.usuario_esta_inscrito_no_podcast VALUES (5, 'af46a958-b921-47b6-9f87-5c4fdc68ea79', 'usr_90');
INSERT INTO trabalho.comentarios_podcast_usuario VALUES ('comment_90_0_0', 'Voluptatibus sint facilis saepe dolorum perferendis adipisci at et sed.', 'af46a958-b921-47b6-9f87-5c4fdc68ea79', 'usr_90');
INSERT INTO trabalho.comentarios_podcast_usuario VALUES ('comment_90_1_0', 'Velit nisi dicta ipsam voluptatem aut.', 'af46a958-b921-47b6-9f87-5c4fdc68ea79', 'usr_90');
INSERT INTO trabalho.log_acesso VALUES ('log_90_0_0', 'af46a958-b921-47b6-9f87-5c4fdc68ea79', 'usr_90');
INSERT INTO trabalho.usuario_esta_inscrito_no_podcast VALUES (3, 'f1b92ce7-47a7-43cd-8586-4a09185cdd05', 'usr_90');
INSERT INTO trabalho.comentarios_podcast_usuario VALUES ('comment_90_0_1', 'Ratione consequatur rem sed sint.', 'f1b92ce7-47a7-43cd-8586-4a09185cdd05', 'usr_90');
INSERT INTO trabalho.comentarios_podcast_usuario VALUES ('comment_90_1_1', 'Suscipit magnam et quia.', 'f1b92ce7-47a7-43cd-8586-4a09185cdd05', 'usr_90');
INSERT INTO trabalho.log_acesso VALUES ('log_90_0_1', 'f1b92ce7-47a7-43cd-8586-4a09185cdd05', 'usr_90');
INSERT INTO trabalho.log_acesso VALUES ('log_90_1_1', 'f1b92ce7-47a7-43cd-8586-4a09185cdd05', 'usr_90');
INSERT INTO trabalho.usuario_esta_inscrito_no_podcast VALUES (0, 'f8e13774-d631-4f34-93f0-2f5d55590265', 'usr_90');
INSERT INTO trabalho.comentarios_podcast_usuario VALUES ('comment_90_0_2', 'Quia perspiciatis autem officiis culpa eligendi quos quos expedita.', 'f8e13774-d631-4f34-93f0-2f5d55590265', 'usr_90');
INSERT INTO trabalho.comentarios_podcast_usuario VALUES ('comment_90_1_2', 'Repellendus dolor quo ab dolores.', 'f8e13774-d631-4f34-93f0-2f5d55590265', 'usr_90');
INSERT INTO trabalho.comentarios_podcast_usuario VALUES ('comment_90_2_2', 'Cupiditate similique praesentium error aliquam architecto id et.', 'f8e13774-d631-4f34-93f0-2f5d55590265', 'usr_90');
INSERT INTO trabalho.log_acesso VALUES ('log_90_0_2', 'f8e13774-d631-4f34-93f0-2f5d55590265', 'usr_90');
INSERT INTO trabalho.log_acesso VALUES ('log_90_1_2', 'f8e13774-d631-4f34-93f0-2f5d55590265', 'usr_90');
INSERT INTO trabalho.log_acesso VALUES ('log_90_2_2', 'f8e13774-d631-4f34-93f0-2f5d55590265', 'usr_90');
INSERT INTO trabalho.usuario VALUES ('usr_91', '91_Sulen.Oliveira@bol.com.br', 'Suélen Oliveira', 'female', 14, trabalho.hashPassword('Password123'), 'Cazaquistão');
INSERT INTO trabalho.usuario_esta_inscrito_no_podcast VALUES (4, 'bc8dac25-793c-4a96-aafc-4ea7020f4f60', 'usr_91');
INSERT INTO trabalho.comentarios_podcast_usuario VALUES ('comment_91_0_0', 'Quod recusandae aspernatur nihil in accusamus eos et.', 'bc8dac25-793c-4a96-aafc-4ea7020f4f60', 'usr_91');
INSERT INTO trabalho.comentarios_podcast_usuario VALUES ('comment_91_1_0', 'Suscipit qui aliquid delectus quidem est qui ratione qui.', 'bc8dac25-793c-4a96-aafc-4ea7020f4f60', 'usr_91');
INSERT INTO trabalho.comentarios_podcast_usuario VALUES ('comment_91_2_0', 'Ratione dolores sequi suscipit est voluptate.', 'bc8dac25-793c-4a96-aafc-4ea7020f4f60', 'usr_91');
INSERT INTO trabalho.comentarios_podcast_usuario VALUES ('comment_91_3_0', 'Fuga saepe laborum.', 'bc8dac25-793c-4a96-aafc-4ea7020f4f60', 'usr_91');
INSERT INTO trabalho.comentarios_podcast_usuario VALUES ('comment_91_4_0', 'Dolor magni ex.', 'bc8dac25-793c-4a96-aafc-4ea7020f4f60', 'usr_91');
INSERT INTO trabalho.log_acesso VALUES ('log_91_0_0', 'bc8dac25-793c-4a96-aafc-4ea7020f4f60', 'usr_91');
INSERT INTO trabalho.log_acesso VALUES ('log_91_1_0', 'bc8dac25-793c-4a96-aafc-4ea7020f4f60', 'usr_91');
INSERT INTO trabalho.usuario_esta_inscrito_no_podcast VALUES (2, 'b553d865-8fe2-47de-9a30-10e1dea3bd1d', 'usr_91');
INSERT INTO trabalho.comentarios_podcast_usuario VALUES ('comment_91_0_1', 'Et vero aut consequatur optio repellat voluptate temporibus a debitis.', 'b553d865-8fe2-47de-9a30-10e1dea3bd1d', 'usr_91');
INSERT INTO trabalho.log_acesso VALUES ('log_91_0_1', 'b553d865-8fe2-47de-9a30-10e1dea3bd1d', 'usr_91');
INSERT INTO trabalho.log_acesso VALUES ('log_91_1_1', 'b553d865-8fe2-47de-9a30-10e1dea3bd1d', 'usr_91');
INSERT INTO trabalho.log_acesso VALUES ('log_91_2_1', 'b553d865-8fe2-47de-9a30-10e1dea3bd1d', 'usr_91');
INSERT INTO trabalho.log_acesso VALUES ('log_91_3_1', 'b553d865-8fe2-47de-9a30-10e1dea3bd1d', 'usr_91');
INSERT INTO trabalho.log_acesso VALUES ('log_91_4_1', 'b553d865-8fe2-47de-9a30-10e1dea3bd1d', 'usr_91');
INSERT INTO trabalho.usuario_esta_inscrito_no_podcast VALUES (0, 'f8e13774-d631-4f34-93f0-2f5d55590265', 'usr_91');
INSERT INTO trabalho.comentarios_podcast_usuario VALUES ('comment_91_0_2', 'Numquam natus autem cumque est facilis a.', 'f8e13774-d631-4f34-93f0-2f5d55590265', 'usr_91');
INSERT INTO trabalho.comentarios_podcast_usuario VALUES ('comment_91_1_2', 'Laboriosam non fugiat ratione nobis ut libero facilis excepturi optio.', 'f8e13774-d631-4f34-93f0-2f5d55590265', 'usr_91');
INSERT INTO trabalho.comentarios_podcast_usuario VALUES ('comment_91_2_2', 'Accusantium non delectus omnis sed sint consequatur perferendis.', 'f8e13774-d631-4f34-93f0-2f5d55590265', 'usr_91');
INSERT INTO trabalho.comentarios_podcast_usuario VALUES ('comment_91_3_2', 'Dolores quibusdam modi et nihil qui.', 'f8e13774-d631-4f34-93f0-2f5d55590265', 'usr_91');
INSERT INTO trabalho.log_acesso VALUES ('log_91_0_2', 'f8e13774-d631-4f34-93f0-2f5d55590265', 'usr_91');
INSERT INTO trabalho.log_acesso VALUES ('log_91_1_2', 'f8e13774-d631-4f34-93f0-2f5d55590265', 'usr_91');
INSERT INTO trabalho.log_acesso VALUES ('log_91_2_2', 'f8e13774-d631-4f34-93f0-2f5d55590265', 'usr_91');
INSERT INTO trabalho.usuario VALUES ('usr_92', '92_Yuri12@bol.com.br', 'Yuri Albuquerque', 'male', 29, trabalho.hashPassword('Password123'), 'Cuba');
INSERT INTO trabalho.usuario_esta_inscrito_no_podcast VALUES (4, 'af46a958-b921-47b6-9f87-5c4fdc68ea79', 'usr_92');
INSERT INTO trabalho.comentarios_podcast_usuario VALUES ('comment_92_0_0', 'Maxime enim dolores aperiam consectetur error sequi neque voluptates animi.', 'af46a958-b921-47b6-9f87-5c4fdc68ea79', 'usr_92');
INSERT INTO trabalho.comentarios_podcast_usuario VALUES ('comment_92_1_0', 'Aut facere qui accusantium quia repellat.', 'af46a958-b921-47b6-9f87-5c4fdc68ea79', 'usr_92');
INSERT INTO trabalho.comentarios_podcast_usuario VALUES ('comment_92_2_0', 'Voluptatem ea quidem architecto.', 'af46a958-b921-47b6-9f87-5c4fdc68ea79', 'usr_92');
INSERT INTO trabalho.comentarios_podcast_usuario VALUES ('comment_92_3_0', 'Sint deleniti consequatur porro atque provident incidunt sunt non voluptatum.', 'af46a958-b921-47b6-9f87-5c4fdc68ea79', 'usr_92');
INSERT INTO trabalho.comentarios_podcast_usuario VALUES ('comment_92_4_0', 'Quia dolor inventore ut labore reiciendis ipsa.', 'af46a958-b921-47b6-9f87-5c4fdc68ea79', 'usr_92');
INSERT INTO trabalho.comentarios_podcast_usuario VALUES ('comment_92_5_0', 'Tenetur omnis error quisquam recusandae.', 'af46a958-b921-47b6-9f87-5c4fdc68ea79', 'usr_92');
INSERT INTO trabalho.log_acesso VALUES ('log_92_0_0', 'af46a958-b921-47b6-9f87-5c4fdc68ea79', 'usr_92');
INSERT INTO trabalho.log_acesso VALUES ('log_92_1_0', 'af46a958-b921-47b6-9f87-5c4fdc68ea79', 'usr_92');
INSERT INTO trabalho.log_acesso VALUES ('log_92_2_0', 'af46a958-b921-47b6-9f87-5c4fdc68ea79', 'usr_92');
INSERT INTO trabalho.log_acesso VALUES ('log_92_3_0', 'af46a958-b921-47b6-9f87-5c4fdc68ea79', 'usr_92');
INSERT INTO trabalho.usuario_esta_inscrito_no_podcast VALUES (1, 'f8e13774-d631-4f34-93f0-2f5d55590265', 'usr_92');
INSERT INTO trabalho.comentarios_podcast_usuario VALUES ('comment_92_0_1', 'Consequatur vero ut velit.', 'f8e13774-d631-4f34-93f0-2f5d55590265', 'usr_92');
INSERT INTO trabalho.comentarios_podcast_usuario VALUES ('comment_92_1_1', 'Autem in et facere veniam in occaecati hic.', 'f8e13774-d631-4f34-93f0-2f5d55590265', 'usr_92');
INSERT INTO trabalho.comentarios_podcast_usuario VALUES ('comment_92_2_1', 'Et rem iusto est nemo consequuntur placeat et.', 'f8e13774-d631-4f34-93f0-2f5d55590265', 'usr_92');
INSERT INTO trabalho.log_acesso VALUES ('log_92_0_1', 'f8e13774-d631-4f34-93f0-2f5d55590265', 'usr_92');
INSERT INTO trabalho.log_acesso VALUES ('log_92_1_1', 'f8e13774-d631-4f34-93f0-2f5d55590265', 'usr_92');
INSERT INTO trabalho.log_acesso VALUES ('log_92_2_1', 'f8e13774-d631-4f34-93f0-2f5d55590265', 'usr_92');
INSERT INTO trabalho.usuario_esta_inscrito_no_podcast VALUES (2, 'c58b280a-56d4-4ad8-8c85-730e4ea86361', 'usr_92');
INSERT INTO trabalho.comentarios_podcast_usuario VALUES ('comment_92_0_2', 'Numquam voluptas et.', 'c58b280a-56d4-4ad8-8c85-730e4ea86361', 'usr_92');
INSERT INTO trabalho.comentarios_podcast_usuario VALUES ('comment_92_1_2', 'Qui minus sunt ut.', 'c58b280a-56d4-4ad8-8c85-730e4ea86361', 'usr_92');
INSERT INTO trabalho.comentarios_podcast_usuario VALUES ('comment_92_2_2', 'Sit expedita dolores ex repellendus delectus et deleniti et voluptatem.', 'c58b280a-56d4-4ad8-8c85-730e4ea86361', 'usr_92');
INSERT INTO trabalho.log_acesso VALUES ('log_92_0_2', 'c58b280a-56d4-4ad8-8c85-730e4ea86361', 'usr_92');
INSERT INTO trabalho.log_acesso VALUES ('log_92_1_2', 'c58b280a-56d4-4ad8-8c85-730e4ea86361', 'usr_92');
INSERT INTO trabalho.usuario VALUES ('usr_93', '93_Murilo_Carvalho@bol.com.br', 'Murilo Carvalho', 'male', 16, trabalho.hashPassword('Password123'), 'Coreia do Sul');
INSERT INTO trabalho.usuario_esta_inscrito_no_podcast VALUES (2, '5bdf7377-8330-4f9f-8efd-e95301c122ce', 'usr_93');
INSERT INTO trabalho.comentarios_podcast_usuario VALUES ('comment_93_0_0', 'Mollitia rem veniam provident.', '5bdf7377-8330-4f9f-8efd-e95301c122ce', 'usr_93');
INSERT INTO trabalho.log_acesso VALUES ('log_93_0_0', '5bdf7377-8330-4f9f-8efd-e95301c122ce', 'usr_93');
INSERT INTO trabalho.log_acesso VALUES ('log_93_1_0', '5bdf7377-8330-4f9f-8efd-e95301c122ce', 'usr_93');
INSERT INTO trabalho.log_acesso VALUES ('log_93_2_0', '5bdf7377-8330-4f9f-8efd-e95301c122ce', 'usr_93');
INSERT INTO trabalho.log_acesso VALUES ('log_93_3_0', '5bdf7377-8330-4f9f-8efd-e95301c122ce', 'usr_93');
INSERT INTO trabalho.log_acesso VALUES ('log_93_4_0', '5bdf7377-8330-4f9f-8efd-e95301c122ce', 'usr_93');
INSERT INTO trabalho.log_acesso VALUES ('log_93_5_0', '5bdf7377-8330-4f9f-8efd-e95301c122ce', 'usr_93');
INSERT INTO trabalho.usuario_esta_inscrito_no_podcast VALUES (1, '219328a1-cec6-4e8c-b003-52a3ec9766bb', 'usr_93');
INSERT INTO trabalho.comentarios_podcast_usuario VALUES ('comment_93_0_1', 'Fugiat sint qui minima voluptas explicabo.', '219328a1-cec6-4e8c-b003-52a3ec9766bb', 'usr_93');
INSERT INTO trabalho.comentarios_podcast_usuario VALUES ('comment_93_1_1', 'Voluptatem saepe voluptatem molestiae incidunt excepturi.', '219328a1-cec6-4e8c-b003-52a3ec9766bb', 'usr_93');
INSERT INTO trabalho.comentarios_podcast_usuario VALUES ('comment_93_2_1', 'Dolorem et quia.', '219328a1-cec6-4e8c-b003-52a3ec9766bb', 'usr_93');
INSERT INTO trabalho.log_acesso VALUES ('log_93_0_1', '219328a1-cec6-4e8c-b003-52a3ec9766bb', 'usr_93');
INSERT INTO trabalho.log_acesso VALUES ('log_93_1_1', '219328a1-cec6-4e8c-b003-52a3ec9766bb', 'usr_93');
INSERT INTO trabalho.log_acesso VALUES ('log_93_2_1', '219328a1-cec6-4e8c-b003-52a3ec9766bb', 'usr_93');
INSERT INTO trabalho.usuario_esta_inscrito_no_podcast VALUES (2, 'fa3abe16-3645-4d22-a01d-893e6f20c408', 'usr_93');
INSERT INTO trabalho.comentarios_podcast_usuario VALUES ('comment_93_0_2', 'Expedita velit quod cupiditate impedit et sed voluptas.', 'fa3abe16-3645-4d22-a01d-893e6f20c408', 'usr_93');
INSERT INTO trabalho.comentarios_podcast_usuario VALUES ('comment_93_1_2', 'Id rerum unde rem facilis.', 'fa3abe16-3645-4d22-a01d-893e6f20c408', 'usr_93');
INSERT INTO trabalho.comentarios_podcast_usuario VALUES ('comment_93_2_2', 'Eius non et ut ex.', 'fa3abe16-3645-4d22-a01d-893e6f20c408', 'usr_93');
INSERT INTO trabalho.comentarios_podcast_usuario VALUES ('comment_93_3_2', 'Ut esse nihil odio ad consequatur rerum dignissimos placeat.', 'fa3abe16-3645-4d22-a01d-893e6f20c408', 'usr_93');
INSERT INTO trabalho.comentarios_podcast_usuario VALUES ('comment_93_4_2', 'Aut repudiandae quibusdam blanditiis repellat repellendus voluptatem consequuntur.', 'fa3abe16-3645-4d22-a01d-893e6f20c408', 'usr_93');
INSERT INTO trabalho.log_acesso VALUES ('log_93_0_2', 'fa3abe16-3645-4d22-a01d-893e6f20c408', 'usr_93');
INSERT INTO trabalho.log_acesso VALUES ('log_93_1_2', 'fa3abe16-3645-4d22-a01d-893e6f20c408', 'usr_93');
INSERT INTO trabalho.log_acesso VALUES ('log_93_2_2', 'fa3abe16-3645-4d22-a01d-893e6f20c408', 'usr_93');
INSERT INTO trabalho.log_acesso VALUES ('log_93_3_2', 'fa3abe16-3645-4d22-a01d-893e6f20c408', 'usr_93');
INSERT INTO trabalho.log_acesso VALUES ('log_93_4_2', 'fa3abe16-3645-4d22-a01d-893e6f20c408', 'usr_93');
INSERT INTO trabalho.log_acesso VALUES ('log_93_5_2', 'fa3abe16-3645-4d22-a01d-893e6f20c408', 'usr_93');
INSERT INTO trabalho.usuario VALUES ('usr_94', '94_Marcelo42@gmail.com', 'Marcelo Costa', 'male', 47, trabalho.hashPassword('Password123'), 'Iraque');
INSERT INTO trabalho.usuario_esta_inscrito_no_podcast VALUES (4, '7e429e8e-7669-403d-bb78-3cd7f9f75afd', 'usr_94');
INSERT INTO trabalho.comentarios_podcast_usuario VALUES ('comment_94_0_0', 'Nihil impedit doloremque qui deleniti.', '7e429e8e-7669-403d-bb78-3cd7f9f75afd', 'usr_94');
INSERT INTO trabalho.comentarios_podcast_usuario VALUES ('comment_94_1_0', 'Labore quam pariatur quis ut consequatur necessitatibus sed.', '7e429e8e-7669-403d-bb78-3cd7f9f75afd', 'usr_94');
INSERT INTO trabalho.log_acesso VALUES ('log_94_0_0', '7e429e8e-7669-403d-bb78-3cd7f9f75afd', 'usr_94');
INSERT INTO trabalho.log_acesso VALUES ('log_94_1_0', '7e429e8e-7669-403d-bb78-3cd7f9f75afd', 'usr_94');
INSERT INTO trabalho.usuario_esta_inscrito_no_podcast VALUES (2, 'de2f0ddb-9903-436a-a5e2-54224254c818', 'usr_94');
INSERT INTO trabalho.comentarios_podcast_usuario VALUES ('comment_94_0_1', 'Magnam accusantium esse ad in culpa.', 'de2f0ddb-9903-436a-a5e2-54224254c818', 'usr_94');
INSERT INTO trabalho.comentarios_podcast_usuario VALUES ('comment_94_1_1', 'Vel unde voluptatem velit sint aut veritatis.', 'de2f0ddb-9903-436a-a5e2-54224254c818', 'usr_94');
INSERT INTO trabalho.log_acesso VALUES ('log_94_0_1', 'de2f0ddb-9903-436a-a5e2-54224254c818', 'usr_94');
INSERT INTO trabalho.log_acesso VALUES ('log_94_1_1', 'de2f0ddb-9903-436a-a5e2-54224254c818', 'usr_94');
INSERT INTO trabalho.usuario_esta_inscrito_no_podcast VALUES (3, 'fa3abe16-3645-4d22-a01d-893e6f20c408', 'usr_94');
INSERT INTO trabalho.comentarios_podcast_usuario VALUES ('comment_94_0_2', 'Sint eos mollitia dolorum officia iste quis unde.', 'fa3abe16-3645-4d22-a01d-893e6f20c408', 'usr_94');
INSERT INTO trabalho.comentarios_podcast_usuario VALUES ('comment_94_1_2', 'Perspiciatis repellendus maiores sit consequatur ab porro.', 'fa3abe16-3645-4d22-a01d-893e6f20c408', 'usr_94');
INSERT INTO trabalho.comentarios_podcast_usuario VALUES ('comment_94_2_2', 'Itaque laudantium qui aspernatur.', 'fa3abe16-3645-4d22-a01d-893e6f20c408', 'usr_94');
INSERT INTO trabalho.comentarios_podcast_usuario VALUES ('comment_94_3_2', 'Quas voluptate quis hic.', 'fa3abe16-3645-4d22-a01d-893e6f20c408', 'usr_94');
INSERT INTO trabalho.log_acesso VALUES ('log_94_0_2', 'fa3abe16-3645-4d22-a01d-893e6f20c408', 'usr_94');
INSERT INTO trabalho.log_acesso VALUES ('log_94_1_2', 'fa3abe16-3645-4d22-a01d-893e6f20c408', 'usr_94');
INSERT INTO trabalho.log_acesso VALUES ('log_94_2_2', 'fa3abe16-3645-4d22-a01d-893e6f20c408', 'usr_94');
INSERT INTO trabalho.log_acesso VALUES ('log_94_3_2', 'fa3abe16-3645-4d22-a01d-893e6f20c408', 'usr_94');
INSERT INTO trabalho.log_acesso VALUES ('log_94_4_2', 'fa3abe16-3645-4d22-a01d-893e6f20c408', 'usr_94');
INSERT INTO trabalho.log_acesso VALUES ('log_94_5_2', 'fa3abe16-3645-4d22-a01d-893e6f20c408', 'usr_94');
INSERT INTO trabalho.usuario VALUES ('usr_95', '95_Pablo.Albuquerque@gmail.com', 'Pablo Albuquerque', 'male', 34, trabalho.hashPassword('Password123'), 'Macedônia');
INSERT INTO trabalho.usuario_esta_inscrito_no_podcast VALUES (0, 'f1b92ce7-47a7-43cd-8586-4a09185cdd05', 'usr_95');
INSERT INTO trabalho.comentarios_podcast_usuario VALUES ('comment_95_0_0', 'Nisi magni eum omnis perspiciatis reiciendis sapiente.', 'f1b92ce7-47a7-43cd-8586-4a09185cdd05', 'usr_95');
INSERT INTO trabalho.comentarios_podcast_usuario VALUES ('comment_95_1_0', 'Autem consectetur dolorem explicabo rem vero ea.', 'f1b92ce7-47a7-43cd-8586-4a09185cdd05', 'usr_95');
INSERT INTO trabalho.comentarios_podcast_usuario VALUES ('comment_95_2_0', 'Et qui aperiam est.', 'f1b92ce7-47a7-43cd-8586-4a09185cdd05', 'usr_95');
INSERT INTO trabalho.comentarios_podcast_usuario VALUES ('comment_95_3_0', 'Voluptate occaecati cum ea maiores aut.', 'f1b92ce7-47a7-43cd-8586-4a09185cdd05', 'usr_95');
INSERT INTO trabalho.log_acesso VALUES ('log_95_0_0', 'f1b92ce7-47a7-43cd-8586-4a09185cdd05', 'usr_95');
INSERT INTO trabalho.log_acesso VALUES ('log_95_1_0', 'f1b92ce7-47a7-43cd-8586-4a09185cdd05', 'usr_95');
INSERT INTO trabalho.log_acesso VALUES ('log_95_2_0', 'f1b92ce7-47a7-43cd-8586-4a09185cdd05', 'usr_95');
INSERT INTO trabalho.log_acesso VALUES ('log_95_3_0', 'f1b92ce7-47a7-43cd-8586-4a09185cdd05', 'usr_95');
INSERT INTO trabalho.log_acesso VALUES ('log_95_4_0', 'f1b92ce7-47a7-43cd-8586-4a09185cdd05', 'usr_95');
INSERT INTO trabalho.log_acesso VALUES ('log_95_5_0', 'f1b92ce7-47a7-43cd-8586-4a09185cdd05', 'usr_95');
INSERT INTO trabalho.usuario_esta_inscrito_no_podcast VALUES (1, 'bc8dac25-793c-4a96-aafc-4ea7020f4f60', 'usr_95');
INSERT INTO trabalho.comentarios_podcast_usuario VALUES ('comment_95_0_1', 'Quaerat autem maxime.', 'bc8dac25-793c-4a96-aafc-4ea7020f4f60', 'usr_95');
INSERT INTO trabalho.log_acesso VALUES ('log_95_0_1', 'bc8dac25-793c-4a96-aafc-4ea7020f4f60', 'usr_95');
INSERT INTO trabalho.log_acesso VALUES ('log_95_1_1', 'bc8dac25-793c-4a96-aafc-4ea7020f4f60', 'usr_95');
INSERT INTO trabalho.usuario_esta_inscrito_no_podcast VALUES (3, '168c1536-4c42-4b8f-8c77-f06affefec6a', 'usr_95');
INSERT INTO trabalho.comentarios_podcast_usuario VALUES ('comment_95_0_2', 'Corporis minus voluptatem ullam et voluptate repellat qui fugit.', '168c1536-4c42-4b8f-8c77-f06affefec6a', 'usr_95');
INSERT INTO trabalho.comentarios_podcast_usuario VALUES ('comment_95_1_2', 'Quidem omnis reiciendis fuga eligendi.', '168c1536-4c42-4b8f-8c77-f06affefec6a', 'usr_95');
INSERT INTO trabalho.comentarios_podcast_usuario VALUES ('comment_95_2_2', 'Est sunt laboriosam rerum cupiditate dolores.', '168c1536-4c42-4b8f-8c77-f06affefec6a', 'usr_95');
INSERT INTO trabalho.comentarios_podcast_usuario VALUES ('comment_95_3_2', 'Assumenda architecto dicta illo.', '168c1536-4c42-4b8f-8c77-f06affefec6a', 'usr_95');
INSERT INTO trabalho.log_acesso VALUES ('log_95_0_2', '168c1536-4c42-4b8f-8c77-f06affefec6a', 'usr_95');
INSERT INTO trabalho.log_acesso VALUES ('log_95_1_2', '168c1536-4c42-4b8f-8c77-f06affefec6a', 'usr_95');
INSERT INTO trabalho.log_acesso VALUES ('log_95_2_2', '168c1536-4c42-4b8f-8c77-f06affefec6a', 'usr_95');
INSERT INTO trabalho.log_acesso VALUES ('log_95_3_2', '168c1536-4c42-4b8f-8c77-f06affefec6a', 'usr_95');
INSERT INTO trabalho.log_acesso VALUES ('log_95_4_2', '168c1536-4c42-4b8f-8c77-f06affefec6a', 'usr_95');
INSERT INTO trabalho.usuario VALUES ('usr_96', '96_Sara4@bol.com.br', 'Sara Moraes', 'female', 34, trabalho.hashPassword('Password123'), 'Líbia');
INSERT INTO trabalho.usuario_esta_inscrito_no_podcast VALUES (4, '67074e68-bc2f-442b-8af2-7d328b6af6eb', 'usr_96');
INSERT INTO trabalho.comentarios_podcast_usuario VALUES ('comment_96_0_0', 'Est aut et nam.', '67074e68-bc2f-442b-8af2-7d328b6af6eb', 'usr_96');
INSERT INTO trabalho.comentarios_podcast_usuario VALUES ('comment_96_1_0', 'At laborum qui voluptate.', '67074e68-bc2f-442b-8af2-7d328b6af6eb', 'usr_96');
INSERT INTO trabalho.log_acesso VALUES ('log_96_0_0', '67074e68-bc2f-442b-8af2-7d328b6af6eb', 'usr_96');
INSERT INTO trabalho.log_acesso VALUES ('log_96_1_0', '67074e68-bc2f-442b-8af2-7d328b6af6eb', 'usr_96');
INSERT INTO trabalho.log_acesso VALUES ('log_96_2_0', '67074e68-bc2f-442b-8af2-7d328b6af6eb', 'usr_96');
INSERT INTO trabalho.log_acesso VALUES ('log_96_3_0', '67074e68-bc2f-442b-8af2-7d328b6af6eb', 'usr_96');
INSERT INTO trabalho.log_acesso VALUES ('log_96_4_0', '67074e68-bc2f-442b-8af2-7d328b6af6eb', 'usr_96');
INSERT INTO trabalho.usuario_esta_inscrito_no_podcast VALUES (1, 'de2f0ddb-9903-436a-a5e2-54224254c818', 'usr_96');
INSERT INTO trabalho.comentarios_podcast_usuario VALUES ('comment_96_0_1', 'Nulla expedita dignissimos necessitatibus laudantium illum enim dolore eaque.', 'de2f0ddb-9903-436a-a5e2-54224254c818', 'usr_96');
INSERT INTO trabalho.comentarios_podcast_usuario VALUES ('comment_96_1_1', 'Repellat in inventore explicabo sed.', 'de2f0ddb-9903-436a-a5e2-54224254c818', 'usr_96');
INSERT INTO trabalho.log_acesso VALUES ('log_96_0_1', 'de2f0ddb-9903-436a-a5e2-54224254c818', 'usr_96');
INSERT INTO trabalho.log_acesso VALUES ('log_96_1_1', 'de2f0ddb-9903-436a-a5e2-54224254c818', 'usr_96');
INSERT INTO trabalho.log_acesso VALUES ('log_96_2_1', 'de2f0ddb-9903-436a-a5e2-54224254c818', 'usr_96');
INSERT INTO trabalho.log_acesso VALUES ('log_96_3_1', 'de2f0ddb-9903-436a-a5e2-54224254c818', 'usr_96');
INSERT INTO trabalho.usuario_esta_inscrito_no_podcast VALUES (4, '5bdf7377-8330-4f9f-8efd-e95301c122ce', 'usr_96');
INSERT INTO trabalho.comentarios_podcast_usuario VALUES ('comment_96_0_2', 'Ut ut ducimus odio aspernatur exercitationem est.', '5bdf7377-8330-4f9f-8efd-e95301c122ce', 'usr_96');
INSERT INTO trabalho.log_acesso VALUES ('log_96_0_2', '5bdf7377-8330-4f9f-8efd-e95301c122ce', 'usr_96');
INSERT INTO trabalho.log_acesso VALUES ('log_96_1_2', '5bdf7377-8330-4f9f-8efd-e95301c122ce', 'usr_96');
INSERT INTO trabalho.usuario VALUES ('usr_97', '97_Pietro_Pereira15@live.com', 'Pietro Pereira', 'male', 13, trabalho.hashPassword('Password123'), 'Sao Tomé e Príncipe');
INSERT INTO trabalho.usuario_esta_inscrito_no_podcast VALUES (4, 'f0166bd2-8e4d-4308-b5d7-0b3d627c5dc5', 'usr_97');
INSERT INTO trabalho.comentarios_podcast_usuario VALUES ('comment_97_0_0', 'Itaque est qui vitae omnis itaque.', 'f0166bd2-8e4d-4308-b5d7-0b3d627c5dc5', 'usr_97');
INSERT INTO trabalho.comentarios_podcast_usuario VALUES ('comment_97_1_0', 'Aut cupiditate veritatis.', 'f0166bd2-8e4d-4308-b5d7-0b3d627c5dc5', 'usr_97');
INSERT INTO trabalho.log_acesso VALUES ('log_97_0_0', 'f0166bd2-8e4d-4308-b5d7-0b3d627c5dc5', 'usr_97');
INSERT INTO trabalho.log_acesso VALUES ('log_97_1_0', 'f0166bd2-8e4d-4308-b5d7-0b3d627c5dc5', 'usr_97');
INSERT INTO trabalho.log_acesso VALUES ('log_97_2_0', 'f0166bd2-8e4d-4308-b5d7-0b3d627c5dc5', 'usr_97');
INSERT INTO trabalho.log_acesso VALUES ('log_97_3_0', 'f0166bd2-8e4d-4308-b5d7-0b3d627c5dc5', 'usr_97');
INSERT INTO trabalho.log_acesso VALUES ('log_97_4_0', 'f0166bd2-8e4d-4308-b5d7-0b3d627c5dc5', 'usr_97');
INSERT INTO trabalho.usuario_esta_inscrito_no_podcast VALUES (5, 'af46a958-b921-47b6-9f87-5c4fdc68ea79', 'usr_97');
INSERT INTO trabalho.comentarios_podcast_usuario VALUES ('comment_97_0_1', 'Veritatis facilis quisquam et consequatur veritatis.', 'af46a958-b921-47b6-9f87-5c4fdc68ea79', 'usr_97');
INSERT INTO trabalho.comentarios_podcast_usuario VALUES ('comment_97_1_1', 'Quam tempore dignissimos voluptatem temporibus.', 'af46a958-b921-47b6-9f87-5c4fdc68ea79', 'usr_97');
INSERT INTO trabalho.comentarios_podcast_usuario VALUES ('comment_97_2_1', 'Vel eaque ratione sed ea aspernatur blanditiis et facere doloremque.', 'af46a958-b921-47b6-9f87-5c4fdc68ea79', 'usr_97');
INSERT INTO trabalho.comentarios_podcast_usuario VALUES ('comment_97_3_1', 'Natus hic doloribus suscipit aut nostrum quos in.', 'af46a958-b921-47b6-9f87-5c4fdc68ea79', 'usr_97');
INSERT INTO trabalho.log_acesso VALUES ('log_97_0_1', 'af46a958-b921-47b6-9f87-5c4fdc68ea79', 'usr_97');
INSERT INTO trabalho.log_acesso VALUES ('log_97_1_1', 'af46a958-b921-47b6-9f87-5c4fdc68ea79', 'usr_97');
INSERT INTO trabalho.log_acesso VALUES ('log_97_2_1', 'af46a958-b921-47b6-9f87-5c4fdc68ea79', 'usr_97');
INSERT INTO trabalho.usuario_esta_inscrito_no_podcast VALUES (0, 'bc8dac25-793c-4a96-aafc-4ea7020f4f60', 'usr_97');
INSERT INTO trabalho.comentarios_podcast_usuario VALUES ('comment_97_0_2', 'Distinctio unde eos cumque reiciendis enim harum ipsum aliquid suscipit.', 'bc8dac25-793c-4a96-aafc-4ea7020f4f60', 'usr_97');
INSERT INTO trabalho.comentarios_podcast_usuario VALUES ('comment_97_1_2', 'Dignissimos adipisci ea eos dicta ut nihil.', 'bc8dac25-793c-4a96-aafc-4ea7020f4f60', 'usr_97');
INSERT INTO trabalho.log_acesso VALUES ('log_97_0_2', 'bc8dac25-793c-4a96-aafc-4ea7020f4f60', 'usr_97');
INSERT INTO trabalho.log_acesso VALUES ('log_97_1_2', 'bc8dac25-793c-4a96-aafc-4ea7020f4f60', 'usr_97');
INSERT INTO trabalho.log_acesso VALUES ('log_97_2_2', 'bc8dac25-793c-4a96-aafc-4ea7020f4f60', 'usr_97');
INSERT INTO trabalho.log_acesso VALUES ('log_97_3_2', 'bc8dac25-793c-4a96-aafc-4ea7020f4f60', 'usr_97');
INSERT INTO trabalho.usuario VALUES ('usr_98', '98_Guilherme.Albuquerque57@gmail.com', 'Guilherme Albuquerque', 'male', 41, trabalho.hashPassword('Password123'), 'Vanuatu');
INSERT INTO trabalho.usuario_esta_inscrito_no_podcast VALUES (4, 'bc8dac25-793c-4a96-aafc-4ea7020f4f60', 'usr_98');
INSERT INTO trabalho.comentarios_podcast_usuario VALUES ('comment_98_0_0', 'Qui fugiat non minima illo.', 'bc8dac25-793c-4a96-aafc-4ea7020f4f60', 'usr_98');
INSERT INTO trabalho.comentarios_podcast_usuario VALUES ('comment_98_1_0', 'Accusamus praesentium voluptas quo quia.', 'bc8dac25-793c-4a96-aafc-4ea7020f4f60', 'usr_98');
INSERT INTO trabalho.log_acesso VALUES ('log_98_0_0', 'bc8dac25-793c-4a96-aafc-4ea7020f4f60', 'usr_98');
INSERT INTO trabalho.log_acesso VALUES ('log_98_1_0', 'bc8dac25-793c-4a96-aafc-4ea7020f4f60', 'usr_98');
INSERT INTO trabalho.log_acesso VALUES ('log_98_2_0', 'bc8dac25-793c-4a96-aafc-4ea7020f4f60', 'usr_98');
INSERT INTO trabalho.log_acesso VALUES ('log_98_3_0', 'bc8dac25-793c-4a96-aafc-4ea7020f4f60', 'usr_98');
INSERT INTO trabalho.log_acesso VALUES ('log_98_4_0', 'bc8dac25-793c-4a96-aafc-4ea7020f4f60', 'usr_98');
INSERT INTO trabalho.log_acesso VALUES ('log_98_5_0', 'bc8dac25-793c-4a96-aafc-4ea7020f4f60', 'usr_98');
INSERT INTO trabalho.usuario_esta_inscrito_no_podcast VALUES (0, '168c1536-4c42-4b8f-8c77-f06affefec6a', 'usr_98');
INSERT INTO trabalho.comentarios_podcast_usuario VALUES ('comment_98_0_1', 'Corrupti voluptas suscipit sed sunt ea est sit impedit quidem.', '168c1536-4c42-4b8f-8c77-f06affefec6a', 'usr_98');
INSERT INTO trabalho.log_acesso VALUES ('log_98_0_1', '168c1536-4c42-4b8f-8c77-f06affefec6a', 'usr_98');
INSERT INTO trabalho.log_acesso VALUES ('log_98_1_1', '168c1536-4c42-4b8f-8c77-f06affefec6a', 'usr_98');
INSERT INTO trabalho.log_acesso VALUES ('log_98_2_1', '168c1536-4c42-4b8f-8c77-f06affefec6a', 'usr_98');
INSERT INTO trabalho.log_acesso VALUES ('log_98_3_1', '168c1536-4c42-4b8f-8c77-f06affefec6a', 'usr_98');
INSERT INTO trabalho.usuario_esta_inscrito_no_podcast VALUES (3, '7e429e8e-7669-403d-bb78-3cd7f9f75afd', 'usr_98');
INSERT INTO trabalho.comentarios_podcast_usuario VALUES ('comment_98_0_2', 'Ut eos eum consequatur alias laborum vero mollitia quidem eum.', '7e429e8e-7669-403d-bb78-3cd7f9f75afd', 'usr_98');
INSERT INTO trabalho.log_acesso VALUES ('log_98_0_2', '7e429e8e-7669-403d-bb78-3cd7f9f75afd', 'usr_98');
INSERT INTO trabalho.log_acesso VALUES ('log_98_1_2', '7e429e8e-7669-403d-bb78-3cd7f9f75afd', 'usr_98');
INSERT INTO trabalho.usuario VALUES ('usr_99', '99_Mrcia83@bol.com.br', 'Mércia Saraiva', 'female', 15, trabalho.hashPassword('Password123'), 'Ruanda');
INSERT INTO trabalho.usuario_esta_inscrito_no_podcast VALUES (3, '168c1536-4c42-4b8f-8c77-f06affefec6a', 'usr_99');
INSERT INTO trabalho.comentarios_podcast_usuario VALUES ('comment_99_0_0', 'Eum inventore officiis sit quod impedit rerum.', '168c1536-4c42-4b8f-8c77-f06affefec6a', 'usr_99');
INSERT INTO trabalho.log_acesso VALUES ('log_99_0_0', '168c1536-4c42-4b8f-8c77-f06affefec6a', 'usr_99');
INSERT INTO trabalho.log_acesso VALUES ('log_99_1_0', '168c1536-4c42-4b8f-8c77-f06affefec6a', 'usr_99');
INSERT INTO trabalho.log_acesso VALUES ('log_99_2_0', '168c1536-4c42-4b8f-8c77-f06affefec6a', 'usr_99');
INSERT INTO trabalho.log_acesso VALUES ('log_99_3_0', '168c1536-4c42-4b8f-8c77-f06affefec6a', 'usr_99');
INSERT INTO trabalho.usuario_esta_inscrito_no_podcast VALUES (1, 'de2f0ddb-9903-436a-a5e2-54224254c818', 'usr_99');
INSERT INTO trabalho.comentarios_podcast_usuario VALUES ('comment_99_0_1', 'Eligendi eum ducimus incidunt non.', 'de2f0ddb-9903-436a-a5e2-54224254c818', 'usr_99');
INSERT INTO trabalho.comentarios_podcast_usuario VALUES ('comment_99_1_1', 'Asperiores nostrum ipsa neque mollitia harum dolores nesciunt sapiente.', 'de2f0ddb-9903-436a-a5e2-54224254c818', 'usr_99');
INSERT INTO trabalho.log_acesso VALUES ('log_99_0_1', 'de2f0ddb-9903-436a-a5e2-54224254c818', 'usr_99');
INSERT INTO trabalho.log_acesso VALUES ('log_99_1_1', 'de2f0ddb-9903-436a-a5e2-54224254c818', 'usr_99');
INSERT INTO trabalho.log_acesso VALUES ('log_99_2_1', 'de2f0ddb-9903-436a-a5e2-54224254c818', 'usr_99');
INSERT INTO trabalho.log_acesso VALUES ('log_99_3_1', 'de2f0ddb-9903-436a-a5e2-54224254c818', 'usr_99');
INSERT INTO trabalho.usuario_esta_inscrito_no_podcast VALUES (2, 'fa3abe16-3645-4d22-a01d-893e6f20c408', 'usr_99');
INSERT INTO trabalho.comentarios_podcast_usuario VALUES ('comment_99_0_2', 'Quod qui illum fugiat et eum maxime quisquam asperiores qui.', 'fa3abe16-3645-4d22-a01d-893e6f20c408', 'usr_99');
INSERT INTO trabalho.comentarios_podcast_usuario VALUES ('comment_99_1_2', 'Itaque nihil quos delectus atque beatae non qui.', 'fa3abe16-3645-4d22-a01d-893e6f20c408', 'usr_99');
INSERT INTO trabalho.comentarios_podcast_usuario VALUES ('comment_99_2_2', 'Sed corporis consequatur voluptatibus corrupti et.', 'fa3abe16-3645-4d22-a01d-893e6f20c408', 'usr_99');
INSERT INTO trabalho.comentarios_podcast_usuario VALUES ('comment_99_3_2', 'Minima aliquam voluptas at et distinctio cum voluptates.', 'fa3abe16-3645-4d22-a01d-893e6f20c408', 'usr_99');
INSERT INTO trabalho.log_acesso VALUES ('log_99_0_2', 'fa3abe16-3645-4d22-a01d-893e6f20c408', 'usr_99');
INSERT INTO trabalho.log_acesso VALUES ('log_99_1_2', 'fa3abe16-3645-4d22-a01d-893e6f20c408', 'usr_99');
INSERT INTO trabalho.log_acesso VALUES ('log_99_2_2', 'fa3abe16-3645-4d22-a01d-893e6f20c408', 'usr_99');
INSERT INTO trabalho.log_acesso VALUES ('log_99_3_2', 'fa3abe16-3645-4d22-a01d-893e6f20c408', 'usr_99');
INSERT INTO trabalho.log_acesso VALUES ('log_99_4_2', 'fa3abe16-3645-4d22-a01d-893e6f20c408', 'usr_99');
INSERT INTO trabalho.log_acesso VALUES ('log_99_5_2', 'fa3abe16-3645-4d22-a01d-893e6f20c408', 'usr_99');
INSERT INTO trabalho.usuario VALUES ('usr_100', '100_Isabela.Batista@hotmail.com', 'Isabela Batista', 'female', 43, trabalho.hashPassword('Password123'), 'Arquipélago de Chagos');
INSERT INTO trabalho.usuario_esta_inscrito_no_podcast VALUES (5, 'c58b280a-56d4-4ad8-8c85-730e4ea86361', 'usr_100');
INSERT INTO trabalho.comentarios_podcast_usuario VALUES ('comment_100_0_0', 'Ipsum adipisci culpa non ipsam.', 'c58b280a-56d4-4ad8-8c85-730e4ea86361', 'usr_100');
INSERT INTO trabalho.log_acesso VALUES ('log_100_0_0', 'c58b280a-56d4-4ad8-8c85-730e4ea86361', 'usr_100');
INSERT INTO trabalho.log_acesso VALUES ('log_100_1_0', 'c58b280a-56d4-4ad8-8c85-730e4ea86361', 'usr_100');
INSERT INTO trabalho.log_acesso VALUES ('log_100_2_0', 'c58b280a-56d4-4ad8-8c85-730e4ea86361', 'usr_100');
INSERT INTO trabalho.usuario_esta_inscrito_no_podcast VALUES (3, 'f8e13774-d631-4f34-93f0-2f5d55590265', 'usr_100');
INSERT INTO trabalho.comentarios_podcast_usuario VALUES ('comment_100_0_1', 'Voluptatem exercitationem iure natus quo qui at ea.', 'f8e13774-d631-4f34-93f0-2f5d55590265', 'usr_100');
INSERT INTO trabalho.comentarios_podcast_usuario VALUES ('comment_100_1_1', 'Commodi porro assumenda cupiditate optio delectus.', 'f8e13774-d631-4f34-93f0-2f5d55590265', 'usr_100');
INSERT INTO trabalho.log_acesso VALUES ('log_100_0_1', 'f8e13774-d631-4f34-93f0-2f5d55590265', 'usr_100');
INSERT INTO trabalho.log_acesso VALUES ('log_100_1_1', 'f8e13774-d631-4f34-93f0-2f5d55590265', 'usr_100');
INSERT INTO trabalho.usuario_esta_inscrito_no_podcast VALUES (2, '168c1536-4c42-4b8f-8c77-f06affefec6a', 'usr_100');
INSERT INTO trabalho.comentarios_podcast_usuario VALUES ('comment_100_0_2', 'Consequatur perspiciatis non earum quia officia doloribus cum dolores.', '168c1536-4c42-4b8f-8c77-f06affefec6a', 'usr_100');
INSERT INTO trabalho.comentarios_podcast_usuario VALUES ('comment_100_1_2', 'Fugiat illum quos labore.', '168c1536-4c42-4b8f-8c77-f06affefec6a', 'usr_100');
INSERT INTO trabalho.comentarios_podcast_usuario VALUES ('comment_100_2_2', 'Amet fugiat enim reiciendis quas ea voluptate et repellendus.', '168c1536-4c42-4b8f-8c77-f06affefec6a', 'usr_100');
INSERT INTO trabalho.comentarios_podcast_usuario VALUES ('comment_100_3_2', 'Totam quibusdam aliquam tempora.', '168c1536-4c42-4b8f-8c77-f06affefec6a', 'usr_100');
INSERT INTO trabalho.comentarios_podcast_usuario VALUES ('comment_100_4_2', 'Cumque est quisquam est eos non.', '168c1536-4c42-4b8f-8c77-f06affefec6a', 'usr_100');
INSERT INTO trabalho.comentarios_podcast_usuario VALUES ('comment_100_5_2', 'Quo quis quia dolorum quis dignissimos.', '168c1536-4c42-4b8f-8c77-f06affefec6a', 'usr_100');
INSERT INTO trabalho.log_acesso VALUES ('log_100_0_2', '168c1536-4c42-4b8f-8c77-f06affefec6a', 'usr_100');
INSERT INTO trabalho.log_acesso VALUES ('log_100_1_2', '168c1536-4c42-4b8f-8c77-f06affefec6a', 'usr_100');
INSERT INTO trabalho.log_acesso VALUES ('log_100_2_2', '168c1536-4c42-4b8f-8c77-f06affefec6a', 'usr_100');
INSERT INTO trabalho.usuario VALUES ('usr_101', '101_Davi_Saraiva@gmail.com', 'Davi Saraiva', 'male', 25, trabalho.hashPassword('Password123'), 'Nauru');
INSERT INTO trabalho.usuario_esta_inscrito_no_podcast VALUES (3, 'f1b92ce7-47a7-43cd-8586-4a09185cdd05', 'usr_101');
INSERT INTO trabalho.comentarios_podcast_usuario VALUES ('comment_101_0_0', 'In nemo ut aut autem ex quo facilis.', 'f1b92ce7-47a7-43cd-8586-4a09185cdd05', 'usr_101');
INSERT INTO trabalho.log_acesso VALUES ('log_101_0_0', 'f1b92ce7-47a7-43cd-8586-4a09185cdd05', 'usr_101');
INSERT INTO trabalho.log_acesso VALUES ('log_101_1_0', 'f1b92ce7-47a7-43cd-8586-4a09185cdd05', 'usr_101');
INSERT INTO trabalho.log_acesso VALUES ('log_101_2_0', 'f1b92ce7-47a7-43cd-8586-4a09185cdd05', 'usr_101');
INSERT INTO trabalho.log_acesso VALUES ('log_101_3_0', 'f1b92ce7-47a7-43cd-8586-4a09185cdd05', 'usr_101');
INSERT INTO trabalho.usuario_esta_inscrito_no_podcast VALUES (1, 'de2f0ddb-9903-436a-a5e2-54224254c818', 'usr_101');
INSERT INTO trabalho.comentarios_podcast_usuario VALUES ('comment_101_0_1', 'Sed hic voluptatem voluptatem quis consequuntur.', 'de2f0ddb-9903-436a-a5e2-54224254c818', 'usr_101');
INSERT INTO trabalho.comentarios_podcast_usuario VALUES ('comment_101_1_1', 'Voluptatem quis est vitae sapiente dolorem consequatur debitis sint enim.', 'de2f0ddb-9903-436a-a5e2-54224254c818', 'usr_101');
INSERT INTO trabalho.log_acesso VALUES ('log_101_0_1', 'de2f0ddb-9903-436a-a5e2-54224254c818', 'usr_101');
INSERT INTO trabalho.log_acesso VALUES ('log_101_1_1', 'de2f0ddb-9903-436a-a5e2-54224254c818', 'usr_101');
INSERT INTO trabalho.log_acesso VALUES ('log_101_2_1', 'de2f0ddb-9903-436a-a5e2-54224254c818', 'usr_101');
INSERT INTO trabalho.log_acesso VALUES ('log_101_3_1', 'de2f0ddb-9903-436a-a5e2-54224254c818', 'usr_101');
INSERT INTO trabalho.log_acesso VALUES ('log_101_4_1', 'de2f0ddb-9903-436a-a5e2-54224254c818', 'usr_101');
INSERT INTO trabalho.log_acesso VALUES ('log_101_5_1', 'de2f0ddb-9903-436a-a5e2-54224254c818', 'usr_101');
INSERT INTO trabalho.usuario_esta_inscrito_no_podcast VALUES (4, 'b553d865-8fe2-47de-9a30-10e1dea3bd1d', 'usr_101');
INSERT INTO trabalho.comentarios_podcast_usuario VALUES ('comment_101_0_2', 'Fuga nam praesentium.', 'b553d865-8fe2-47de-9a30-10e1dea3bd1d', 'usr_101');
INSERT INTO trabalho.log_acesso VALUES ('log_101_0_2', 'b553d865-8fe2-47de-9a30-10e1dea3bd1d', 'usr_101');
INSERT INTO trabalho.log_acesso VALUES ('log_101_1_2', 'b553d865-8fe2-47de-9a30-10e1dea3bd1d', 'usr_101');
INSERT INTO trabalho.log_acesso VALUES ('log_101_2_2', 'b553d865-8fe2-47de-9a30-10e1dea3bd1d', 'usr_101');
INSERT INTO trabalho.log_acesso VALUES ('log_101_3_2', 'b553d865-8fe2-47de-9a30-10e1dea3bd1d', 'usr_101');
INSERT INTO trabalho.usuario VALUES ('usr_102', '102_Heitor.Carvalho@hotmail.com', 'Heitor Carvalho', 'male', 16, trabalho.hashPassword('Password123'), 'Itália');
INSERT INTO trabalho.usuario_esta_inscrito_no_podcast VALUES (1, 'f1b92ce7-47a7-43cd-8586-4a09185cdd05', 'usr_102');
INSERT INTO trabalho.comentarios_podcast_usuario VALUES ('comment_102_0_0', 'Inventore quidem consectetur.', 'f1b92ce7-47a7-43cd-8586-4a09185cdd05', 'usr_102');
INSERT INTO trabalho.comentarios_podcast_usuario VALUES ('comment_102_1_0', 'Libero officia dolores eaque sunt dolore quia est.', 'f1b92ce7-47a7-43cd-8586-4a09185cdd05', 'usr_102');
INSERT INTO trabalho.comentarios_podcast_usuario VALUES ('comment_102_2_0', 'Delectus sit sed explicabo labore id reprehenderit atque.', 'f1b92ce7-47a7-43cd-8586-4a09185cdd05', 'usr_102');
INSERT INTO trabalho.comentarios_podcast_usuario VALUES ('comment_102_3_0', 'Commodi facilis corrupti.', 'f1b92ce7-47a7-43cd-8586-4a09185cdd05', 'usr_102');
INSERT INTO trabalho.log_acesso VALUES ('log_102_0_0', 'f1b92ce7-47a7-43cd-8586-4a09185cdd05', 'usr_102');
INSERT INTO trabalho.usuario_esta_inscrito_no_podcast VALUES (2, 'fa3abe16-3645-4d22-a01d-893e6f20c408', 'usr_102');
INSERT INTO trabalho.comentarios_podcast_usuario VALUES ('comment_102_0_1', 'Perferendis odit voluptatem non illum libero aspernatur asperiores.', 'fa3abe16-3645-4d22-a01d-893e6f20c408', 'usr_102');
INSERT INTO trabalho.log_acesso VALUES ('log_102_0_1', 'fa3abe16-3645-4d22-a01d-893e6f20c408', 'usr_102');
INSERT INTO trabalho.usuario_esta_inscrito_no_podcast VALUES (0, 'f8e13774-d631-4f34-93f0-2f5d55590265', 'usr_102');
INSERT INTO trabalho.comentarios_podcast_usuario VALUES ('comment_102_0_2', 'Libero enim nisi.', 'f8e13774-d631-4f34-93f0-2f5d55590265', 'usr_102');
INSERT INTO trabalho.comentarios_podcast_usuario VALUES ('comment_102_1_2', 'Minus molestiae alias laborum et.', 'f8e13774-d631-4f34-93f0-2f5d55590265', 'usr_102');
INSERT INTO trabalho.comentarios_podcast_usuario VALUES ('comment_102_2_2', 'Voluptatem vel in nemo quia omnis aut nesciunt adipisci.', 'f8e13774-d631-4f34-93f0-2f5d55590265', 'usr_102');
INSERT INTO trabalho.comentarios_podcast_usuario VALUES ('comment_102_3_2', 'Aut velit corrupti modi eveniet porro.', 'f8e13774-d631-4f34-93f0-2f5d55590265', 'usr_102');
INSERT INTO trabalho.comentarios_podcast_usuario VALUES ('comment_102_4_2', 'Quis dolores consectetur.', 'f8e13774-d631-4f34-93f0-2f5d55590265', 'usr_102');
INSERT INTO trabalho.log_acesso VALUES ('log_102_0_2', 'f8e13774-d631-4f34-93f0-2f5d55590265', 'usr_102');
INSERT INTO trabalho.log_acesso VALUES ('log_102_1_2', 'f8e13774-d631-4f34-93f0-2f5d55590265', 'usr_102');
INSERT INTO trabalho.log_acesso VALUES ('log_102_2_2', 'f8e13774-d631-4f34-93f0-2f5d55590265', 'usr_102');
INSERT INTO trabalho.usuario VALUES ('usr_103', '103_Helena1@yahoo.com', 'Helena Nogueira', 'female', 53, trabalho.hashPassword('Password123'), 'Indonésia');
INSERT INTO trabalho.usuario_esta_inscrito_no_podcast VALUES (5, '219328a1-cec6-4e8c-b003-52a3ec9766bb', 'usr_103');
INSERT INTO trabalho.comentarios_podcast_usuario VALUES ('comment_103_0_0', 'Molestiae doloremque aut exercitationem est ex voluptatibus voluptatem.', '219328a1-cec6-4e8c-b003-52a3ec9766bb', 'usr_103');
INSERT INTO trabalho.comentarios_podcast_usuario VALUES ('comment_103_1_0', 'Minus repudiandae dolor ad aut sunt repellat voluptatibus.', '219328a1-cec6-4e8c-b003-52a3ec9766bb', 'usr_103');
INSERT INTO trabalho.comentarios_podcast_usuario VALUES ('comment_103_2_0', 'Nostrum inventore consequatur voluptas eveniet molestiae.', '219328a1-cec6-4e8c-b003-52a3ec9766bb', 'usr_103');
INSERT INTO trabalho.comentarios_podcast_usuario VALUES ('comment_103_3_0', 'Quo recusandae et omnis repellendus.', '219328a1-cec6-4e8c-b003-52a3ec9766bb', 'usr_103');
INSERT INTO trabalho.log_acesso VALUES ('log_103_0_0', '219328a1-cec6-4e8c-b003-52a3ec9766bb', 'usr_103');
INSERT INTO trabalho.log_acesso VALUES ('log_103_1_0', '219328a1-cec6-4e8c-b003-52a3ec9766bb', 'usr_103');
INSERT INTO trabalho.log_acesso VALUES ('log_103_2_0', '219328a1-cec6-4e8c-b003-52a3ec9766bb', 'usr_103');
INSERT INTO trabalho.log_acesso VALUES ('log_103_3_0', '219328a1-cec6-4e8c-b003-52a3ec9766bb', 'usr_103');
INSERT INTO trabalho.log_acesso VALUES ('log_103_4_0', '219328a1-cec6-4e8c-b003-52a3ec9766bb', 'usr_103');
INSERT INTO trabalho.usuario_esta_inscrito_no_podcast VALUES (4, '7e429e8e-7669-403d-bb78-3cd7f9f75afd', 'usr_103');
INSERT INTO trabalho.comentarios_podcast_usuario VALUES ('comment_103_0_1', 'Occaecati sapiente quod sed necessitatibus et officia inventore.', '7e429e8e-7669-403d-bb78-3cd7f9f75afd', 'usr_103');
INSERT INTO trabalho.comentarios_podcast_usuario VALUES ('comment_103_1_1', 'Officia rem omnis consequatur.', '7e429e8e-7669-403d-bb78-3cd7f9f75afd', 'usr_103');
INSERT INTO trabalho.comentarios_podcast_usuario VALUES ('comment_103_2_1', 'Quis explicabo quisquam ullam impedit.', '7e429e8e-7669-403d-bb78-3cd7f9f75afd', 'usr_103');
INSERT INTO trabalho.comentarios_podcast_usuario VALUES ('comment_103_3_1', 'Fuga magni sint amet at reiciendis optio incidunt rerum.', '7e429e8e-7669-403d-bb78-3cd7f9f75afd', 'usr_103');
INSERT INTO trabalho.comentarios_podcast_usuario VALUES ('comment_103_4_1', 'Eligendi aut provident tempora vero ipsa optio nobis.', '7e429e8e-7669-403d-bb78-3cd7f9f75afd', 'usr_103');
INSERT INTO trabalho.log_acesso VALUES ('log_103_0_1', '7e429e8e-7669-403d-bb78-3cd7f9f75afd', 'usr_103');
INSERT INTO trabalho.log_acesso VALUES ('log_103_1_1', '7e429e8e-7669-403d-bb78-3cd7f9f75afd', 'usr_103');
INSERT INTO trabalho.usuario_esta_inscrito_no_podcast VALUES (3, 'f8e13774-d631-4f34-93f0-2f5d55590265', 'usr_103');
INSERT INTO trabalho.comentarios_podcast_usuario VALUES ('comment_103_0_2', 'Ipsa et possimus voluptates.', 'f8e13774-d631-4f34-93f0-2f5d55590265', 'usr_103');
INSERT INTO trabalho.comentarios_podcast_usuario VALUES ('comment_103_1_2', 'Dolore fugiat quo vero eum qui recusandae rem.', 'f8e13774-d631-4f34-93f0-2f5d55590265', 'usr_103');
INSERT INTO trabalho.comentarios_podcast_usuario VALUES ('comment_103_2_2', 'Ullam omnis in.', 'f8e13774-d631-4f34-93f0-2f5d55590265', 'usr_103');
INSERT INTO trabalho.log_acesso VALUES ('log_103_0_2', 'f8e13774-d631-4f34-93f0-2f5d55590265', 'usr_103');
INSERT INTO trabalho.log_acesso VALUES ('log_103_1_2', 'f8e13774-d631-4f34-93f0-2f5d55590265', 'usr_103');
INSERT INTO trabalho.usuario VALUES ('usr_104', '104_Silas_Santos@live.com', 'Silas Santos', 'male', 49, trabalho.hashPassword('Password123'), 'Tuvalu');
INSERT INTO trabalho.usuario_esta_inscrito_no_podcast VALUES (4, 'af46a958-b921-47b6-9f87-5c4fdc68ea79', 'usr_104');
INSERT INTO trabalho.comentarios_podcast_usuario VALUES ('comment_104_0_0', 'Dolores voluptas enim odio qui omnis possimus.', 'af46a958-b921-47b6-9f87-5c4fdc68ea79', 'usr_104');
INSERT INTO trabalho.comentarios_podcast_usuario VALUES ('comment_104_1_0', 'Similique aut vel.', 'af46a958-b921-47b6-9f87-5c4fdc68ea79', 'usr_104');
INSERT INTO trabalho.comentarios_podcast_usuario VALUES ('comment_104_2_0', 'Aperiam non ut quaerat.', 'af46a958-b921-47b6-9f87-5c4fdc68ea79', 'usr_104');
INSERT INTO trabalho.comentarios_podcast_usuario VALUES ('comment_104_3_0', 'Iste sed voluptatem et iure suscipit.', 'af46a958-b921-47b6-9f87-5c4fdc68ea79', 'usr_104');
INSERT INTO trabalho.comentarios_podcast_usuario VALUES ('comment_104_4_0', 'Sit animi natus voluptas doloremque voluptatem inventore assumenda.', 'af46a958-b921-47b6-9f87-5c4fdc68ea79', 'usr_104');
INSERT INTO trabalho.comentarios_podcast_usuario VALUES ('comment_104_5_0', 'Non expedita dicta.', 'af46a958-b921-47b6-9f87-5c4fdc68ea79', 'usr_104');
INSERT INTO trabalho.log_acesso VALUES ('log_104_0_0', 'af46a958-b921-47b6-9f87-5c4fdc68ea79', 'usr_104');
INSERT INTO trabalho.log_acesso VALUES ('log_104_1_0', 'af46a958-b921-47b6-9f87-5c4fdc68ea79', 'usr_104');
INSERT INTO trabalho.log_acesso VALUES ('log_104_2_0', 'af46a958-b921-47b6-9f87-5c4fdc68ea79', 'usr_104');
INSERT INTO trabalho.usuario_esta_inscrito_no_podcast VALUES (0, '219328a1-cec6-4e8c-b003-52a3ec9766bb', 'usr_104');
INSERT INTO trabalho.comentarios_podcast_usuario VALUES ('comment_104_0_1', 'Et illo voluptatibus enim iure excepturi veniam neque et.', '219328a1-cec6-4e8c-b003-52a3ec9766bb', 'usr_104');
INSERT INTO trabalho.comentarios_podcast_usuario VALUES ('comment_104_1_1', 'Aliquam magni dolore quia in.', '219328a1-cec6-4e8c-b003-52a3ec9766bb', 'usr_104');
INSERT INTO trabalho.comentarios_podcast_usuario VALUES ('comment_104_2_1', 'Ducimus aliquid omnis corrupti quo vero debitis id ex sunt.', '219328a1-cec6-4e8c-b003-52a3ec9766bb', 'usr_104');
INSERT INTO trabalho.comentarios_podcast_usuario VALUES ('comment_104_3_1', 'Voluptas ea ad mollitia tempora labore.', '219328a1-cec6-4e8c-b003-52a3ec9766bb', 'usr_104');
INSERT INTO trabalho.log_acesso VALUES ('log_104_0_1', '219328a1-cec6-4e8c-b003-52a3ec9766bb', 'usr_104');
INSERT INTO trabalho.log_acesso VALUES ('log_104_1_1', '219328a1-cec6-4e8c-b003-52a3ec9766bb', 'usr_104');
INSERT INTO trabalho.log_acesso VALUES ('log_104_2_1', '219328a1-cec6-4e8c-b003-52a3ec9766bb', 'usr_104');
INSERT INTO trabalho.log_acesso VALUES ('log_104_3_1', '219328a1-cec6-4e8c-b003-52a3ec9766bb', 'usr_104');
INSERT INTO trabalho.log_acesso VALUES ('log_104_4_1', '219328a1-cec6-4e8c-b003-52a3ec9766bb', 'usr_104');
INSERT INTO trabalho.log_acesso VALUES ('log_104_5_1', '219328a1-cec6-4e8c-b003-52a3ec9766bb', 'usr_104');
INSERT INTO trabalho.usuario_esta_inscrito_no_podcast VALUES (4, 'f0166bd2-8e4d-4308-b5d7-0b3d627c5dc5', 'usr_104');
INSERT INTO trabalho.comentarios_podcast_usuario VALUES ('comment_104_0_2', 'Autem deleniti aut quasi consequatur debitis consequatur sunt ratione.', 'f0166bd2-8e4d-4308-b5d7-0b3d627c5dc5', 'usr_104');
INSERT INTO trabalho.log_acesso VALUES ('log_104_0_2', 'f0166bd2-8e4d-4308-b5d7-0b3d627c5dc5', 'usr_104');
INSERT INTO trabalho.usuario VALUES ('usr_105', '105_Washington_Reis@yahoo.com', 'Washington Reis', 'male', 3, trabalho.hashPassword('Password123'), 'Ilhas Geórgia do Sul e Sandwich do Sul');
INSERT INTO trabalho.usuario_esta_inscrito_no_podcast VALUES (1, 'af46a958-b921-47b6-9f87-5c4fdc68ea79', 'usr_105');
INSERT INTO trabalho.comentarios_podcast_usuario VALUES ('comment_105_0_0', 'Sequi aut veniam enim quia rem ut.', 'af46a958-b921-47b6-9f87-5c4fdc68ea79', 'usr_105');
INSERT INTO trabalho.log_acesso VALUES ('log_105_0_0', 'af46a958-b921-47b6-9f87-5c4fdc68ea79', 'usr_105');
INSERT INTO trabalho.log_acesso VALUES ('log_105_1_0', 'af46a958-b921-47b6-9f87-5c4fdc68ea79', 'usr_105');
INSERT INTO trabalho.log_acesso VALUES ('log_105_2_0', 'af46a958-b921-47b6-9f87-5c4fdc68ea79', 'usr_105');
INSERT INTO trabalho.log_acesso VALUES ('log_105_3_0', 'af46a958-b921-47b6-9f87-5c4fdc68ea79', 'usr_105');
INSERT INTO trabalho.log_acesso VALUES ('log_105_4_0', 'af46a958-b921-47b6-9f87-5c4fdc68ea79', 'usr_105');
INSERT INTO trabalho.log_acesso VALUES ('log_105_5_0', 'af46a958-b921-47b6-9f87-5c4fdc68ea79', 'usr_105');
INSERT INTO trabalho.log_acesso VALUES ('log_105_6_0', 'af46a958-b921-47b6-9f87-5c4fdc68ea79', 'usr_105');
INSERT INTO trabalho.usuario_esta_inscrito_no_podcast VALUES (4, 'f0166bd2-8e4d-4308-b5d7-0b3d627c5dc5', 'usr_105');
INSERT INTO trabalho.comentarios_podcast_usuario VALUES ('comment_105_0_1', 'Fugit et eveniet.', 'f0166bd2-8e4d-4308-b5d7-0b3d627c5dc5', 'usr_105');
INSERT INTO trabalho.comentarios_podcast_usuario VALUES ('comment_105_1_1', 'Eligendi sed velit hic aliquid nobis nostrum beatae.', 'f0166bd2-8e4d-4308-b5d7-0b3d627c5dc5', 'usr_105');
INSERT INTO trabalho.comentarios_podcast_usuario VALUES ('comment_105_2_1', 'Deleniti ratione eos cumque.', 'f0166bd2-8e4d-4308-b5d7-0b3d627c5dc5', 'usr_105');
INSERT INTO trabalho.comentarios_podcast_usuario VALUES ('comment_105_3_1', 'Enim at culpa commodi aspernatur ex quia.', 'f0166bd2-8e4d-4308-b5d7-0b3d627c5dc5', 'usr_105');
INSERT INTO trabalho.log_acesso VALUES ('log_105_0_1', 'f0166bd2-8e4d-4308-b5d7-0b3d627c5dc5', 'usr_105');
INSERT INTO trabalho.log_acesso VALUES ('log_105_1_1', 'f0166bd2-8e4d-4308-b5d7-0b3d627c5dc5', 'usr_105');
INSERT INTO trabalho.log_acesso VALUES ('log_105_2_1', 'f0166bd2-8e4d-4308-b5d7-0b3d627c5dc5', 'usr_105');
INSERT INTO trabalho.log_acesso VALUES ('log_105_3_1', 'f0166bd2-8e4d-4308-b5d7-0b3d627c5dc5', 'usr_105');
INSERT INTO trabalho.log_acesso VALUES ('log_105_4_1', 'f0166bd2-8e4d-4308-b5d7-0b3d627c5dc5', 'usr_105');
INSERT INTO trabalho.log_acesso VALUES ('log_105_5_1', 'f0166bd2-8e4d-4308-b5d7-0b3d627c5dc5', 'usr_105');
INSERT INTO trabalho.log_acesso VALUES ('log_105_6_1', 'f0166bd2-8e4d-4308-b5d7-0b3d627c5dc5', 'usr_105');
INSERT INTO trabalho.usuario_esta_inscrito_no_podcast VALUES (5, '5bdf7377-8330-4f9f-8efd-e95301c122ce', 'usr_105');
INSERT INTO trabalho.comentarios_podcast_usuario VALUES ('comment_105_0_2', 'Perferendis blanditiis voluptatem libero.', '5bdf7377-8330-4f9f-8efd-e95301c122ce', 'usr_105');
INSERT INTO trabalho.comentarios_podcast_usuario VALUES ('comment_105_1_2', 'Et accusantium commodi incidunt.', '5bdf7377-8330-4f9f-8efd-e95301c122ce', 'usr_105');
INSERT INTO trabalho.log_acesso VALUES ('log_105_0_2', '5bdf7377-8330-4f9f-8efd-e95301c122ce', 'usr_105');
INSERT INTO trabalho.log_acesso VALUES ('log_105_1_2', '5bdf7377-8330-4f9f-8efd-e95301c122ce', 'usr_105');
INSERT INTO trabalho.log_acesso VALUES ('log_105_2_2', '5bdf7377-8330-4f9f-8efd-e95301c122ce', 'usr_105');
INSERT INTO trabalho.log_acesso VALUES ('log_105_3_2', '5bdf7377-8330-4f9f-8efd-e95301c122ce', 'usr_105');
INSERT INTO trabalho.usuario VALUES ('usr_106', '106_Pietro_Barros@live.com', 'Pietro Barros', 'male', 37, trabalho.hashPassword('Password123'), 'Iêmen');
INSERT INTO trabalho.usuario_esta_inscrito_no_podcast VALUES (3, 'bc8dac25-793c-4a96-aafc-4ea7020f4f60', 'usr_106');
INSERT INTO trabalho.comentarios_podcast_usuario VALUES ('comment_106_0_0', 'Et consequatur dolore est ut accusamus est et corporis.', 'bc8dac25-793c-4a96-aafc-4ea7020f4f60', 'usr_106');
INSERT INTO trabalho.comentarios_podcast_usuario VALUES ('comment_106_1_0', 'Consequatur in illum cupiditate qui qui nemo delectus.', 'bc8dac25-793c-4a96-aafc-4ea7020f4f60', 'usr_106');
INSERT INTO trabalho.log_acesso VALUES ('log_106_0_0', 'bc8dac25-793c-4a96-aafc-4ea7020f4f60', 'usr_106');
INSERT INTO trabalho.usuario_esta_inscrito_no_podcast VALUES (0, 'b553d865-8fe2-47de-9a30-10e1dea3bd1d', 'usr_106');
INSERT INTO trabalho.comentarios_podcast_usuario VALUES ('comment_106_0_1', 'Non praesentium culpa doloremque tempore ut.', 'b553d865-8fe2-47de-9a30-10e1dea3bd1d', 'usr_106');
INSERT INTO trabalho.comentarios_podcast_usuario VALUES ('comment_106_1_1', 'Explicabo blanditiis ad animi similique architecto dolores.', 'b553d865-8fe2-47de-9a30-10e1dea3bd1d', 'usr_106');
INSERT INTO trabalho.comentarios_podcast_usuario VALUES ('comment_106_2_1', 'Deserunt beatae molestiae impedit sed deleniti deserunt et aspernatur.', 'b553d865-8fe2-47de-9a30-10e1dea3bd1d', 'usr_106');
INSERT INTO trabalho.log_acesso VALUES ('log_106_0_1', 'b553d865-8fe2-47de-9a30-10e1dea3bd1d', 'usr_106');
INSERT INTO trabalho.usuario_esta_inscrito_no_podcast VALUES (4, 'de2f0ddb-9903-436a-a5e2-54224254c818', 'usr_106');
INSERT INTO trabalho.comentarios_podcast_usuario VALUES ('comment_106_0_2', 'Voluptatum quia corrupti tenetur et quis non veritatis possimus.', 'de2f0ddb-9903-436a-a5e2-54224254c818', 'usr_106');
INSERT INTO trabalho.comentarios_podcast_usuario VALUES ('comment_106_1_2', 'Consequatur perferendis laborum.', 'de2f0ddb-9903-436a-a5e2-54224254c818', 'usr_106');
INSERT INTO trabalho.log_acesso VALUES ('log_106_0_2', 'de2f0ddb-9903-436a-a5e2-54224254c818', 'usr_106');
INSERT INTO trabalho.log_acesso VALUES ('log_106_1_2', 'de2f0ddb-9903-436a-a5e2-54224254c818', 'usr_106');
INSERT INTO trabalho.log_acesso VALUES ('log_106_2_2', 'de2f0ddb-9903-436a-a5e2-54224254c818', 'usr_106');
INSERT INTO trabalho.log_acesso VALUES ('log_106_3_2', 'de2f0ddb-9903-436a-a5e2-54224254c818', 'usr_106');
INSERT INTO trabalho.log_acesso VALUES ('log_106_4_2', 'de2f0ddb-9903-436a-a5e2-54224254c818', 'usr_106');
INSERT INTO trabalho.usuario VALUES ('usr_107', '107_Calebe.Costa76@hotmail.com', 'Calebe Costa', 'male', 23, trabalho.hashPassword('Password123'), 'Palau');
INSERT INTO trabalho.usuario_esta_inscrito_no_podcast VALUES (0, 'f0166bd2-8e4d-4308-b5d7-0b3d627c5dc5', 'usr_107');
INSERT INTO trabalho.comentarios_podcast_usuario VALUES ('comment_107_0_0', 'Eveniet magnam vel sint facere vitae in rerum sint recusandae.', 'f0166bd2-8e4d-4308-b5d7-0b3d627c5dc5', 'usr_107');
INSERT INTO trabalho.comentarios_podcast_usuario VALUES ('comment_107_1_0', 'Itaque aut eum.', 'f0166bd2-8e4d-4308-b5d7-0b3d627c5dc5', 'usr_107');
INSERT INTO trabalho.comentarios_podcast_usuario VALUES ('comment_107_2_0', 'Quia tempora dolorem officia.', 'f0166bd2-8e4d-4308-b5d7-0b3d627c5dc5', 'usr_107');
INSERT INTO trabalho.comentarios_podcast_usuario VALUES ('comment_107_3_0', 'Et aut aut culpa voluptas.', 'f0166bd2-8e4d-4308-b5d7-0b3d627c5dc5', 'usr_107');
INSERT INTO trabalho.log_acesso VALUES ('log_107_0_0', 'f0166bd2-8e4d-4308-b5d7-0b3d627c5dc5', 'usr_107');
INSERT INTO trabalho.log_acesso VALUES ('log_107_1_0', 'f0166bd2-8e4d-4308-b5d7-0b3d627c5dc5', 'usr_107');
INSERT INTO trabalho.log_acesso VALUES ('log_107_2_0', 'f0166bd2-8e4d-4308-b5d7-0b3d627c5dc5', 'usr_107');
INSERT INTO trabalho.log_acesso VALUES ('log_107_3_0', 'f0166bd2-8e4d-4308-b5d7-0b3d627c5dc5', 'usr_107');
INSERT INTO trabalho.log_acesso VALUES ('log_107_4_0', 'f0166bd2-8e4d-4308-b5d7-0b3d627c5dc5', 'usr_107');
INSERT INTO trabalho.log_acesso VALUES ('log_107_5_0', 'f0166bd2-8e4d-4308-b5d7-0b3d627c5dc5', 'usr_107');
INSERT INTO trabalho.usuario_esta_inscrito_no_podcast VALUES (3, 'bc8dac25-793c-4a96-aafc-4ea7020f4f60', 'usr_107');
INSERT INTO trabalho.comentarios_podcast_usuario VALUES ('comment_107_0_1', 'Sit ut aliquid culpa qui soluta.', 'bc8dac25-793c-4a96-aafc-4ea7020f4f60', 'usr_107');
INSERT INTO trabalho.comentarios_podcast_usuario VALUES ('comment_107_1_1', 'Quod magnam cumque accusamus itaque delectus.', 'bc8dac25-793c-4a96-aafc-4ea7020f4f60', 'usr_107');
INSERT INTO trabalho.comentarios_podcast_usuario VALUES ('comment_107_2_1', 'Ullam ut fugiat quidem dolorem pariatur aliquid.', 'bc8dac25-793c-4a96-aafc-4ea7020f4f60', 'usr_107');
INSERT INTO trabalho.log_acesso VALUES ('log_107_0_1', 'bc8dac25-793c-4a96-aafc-4ea7020f4f60', 'usr_107');
INSERT INTO trabalho.log_acesso VALUES ('log_107_1_1', 'bc8dac25-793c-4a96-aafc-4ea7020f4f60', 'usr_107');
INSERT INTO trabalho.log_acesso VALUES ('log_107_2_1', 'bc8dac25-793c-4a96-aafc-4ea7020f4f60', 'usr_107');
INSERT INTO trabalho.log_acesso VALUES ('log_107_3_1', 'bc8dac25-793c-4a96-aafc-4ea7020f4f60', 'usr_107');
INSERT INTO trabalho.usuario_esta_inscrito_no_podcast VALUES (2, 'b553d865-8fe2-47de-9a30-10e1dea3bd1d', 'usr_107');
INSERT INTO trabalho.comentarios_podcast_usuario VALUES ('comment_107_0_2', 'Sunt debitis harum reiciendis vel voluptas debitis.', 'b553d865-8fe2-47de-9a30-10e1dea3bd1d', 'usr_107');
INSERT INTO trabalho.log_acesso VALUES ('log_107_0_2', 'b553d865-8fe2-47de-9a30-10e1dea3bd1d', 'usr_107');
INSERT INTO trabalho.log_acesso VALUES ('log_107_1_2', 'b553d865-8fe2-47de-9a30-10e1dea3bd1d', 'usr_107');
INSERT INTO trabalho.log_acesso VALUES ('log_107_2_2', 'b553d865-8fe2-47de-9a30-10e1dea3bd1d', 'usr_107');
INSERT INTO trabalho.log_acesso VALUES ('log_107_3_2', 'b553d865-8fe2-47de-9a30-10e1dea3bd1d', 'usr_107');
INSERT INTO trabalho.usuario VALUES ('usr_108', '108_Lorraine_Carvalho85@yahoo.com', 'Lorraine Carvalho', 'female', 23, trabalho.hashPassword('Password123'), 'Comores');
INSERT INTO trabalho.usuario_esta_inscrito_no_podcast VALUES (4, 'bc8dac25-793c-4a96-aafc-4ea7020f4f60', 'usr_108');
INSERT INTO trabalho.comentarios_podcast_usuario VALUES ('comment_108_0_0', 'Debitis dicta quasi dolorem.', 'bc8dac25-793c-4a96-aafc-4ea7020f4f60', 'usr_108');
INSERT INTO trabalho.comentarios_podcast_usuario VALUES ('comment_108_1_0', 'Repellendus alias voluptatum facilis enim praesentium voluptatem.', 'bc8dac25-793c-4a96-aafc-4ea7020f4f60', 'usr_108');
INSERT INTO trabalho.comentarios_podcast_usuario VALUES ('comment_108_2_0', 'Laudantium consequuntur atque architecto cumque veritatis dolores soluta eos vel.', 'bc8dac25-793c-4a96-aafc-4ea7020f4f60', 'usr_108');
INSERT INTO trabalho.log_acesso VALUES ('log_108_0_0', 'bc8dac25-793c-4a96-aafc-4ea7020f4f60', 'usr_108');
INSERT INTO trabalho.log_acesso VALUES ('log_108_1_0', 'bc8dac25-793c-4a96-aafc-4ea7020f4f60', 'usr_108');
INSERT INTO trabalho.log_acesso VALUES ('log_108_2_0', 'bc8dac25-793c-4a96-aafc-4ea7020f4f60', 'usr_108');
INSERT INTO trabalho.usuario_esta_inscrito_no_podcast VALUES (0, 'af46a958-b921-47b6-9f87-5c4fdc68ea79', 'usr_108');
INSERT INTO trabalho.comentarios_podcast_usuario VALUES ('comment_108_0_1', 'Id est ducimus quos omnis.', 'af46a958-b921-47b6-9f87-5c4fdc68ea79', 'usr_108');
INSERT INTO trabalho.log_acesso VALUES ('log_108_0_1', 'af46a958-b921-47b6-9f87-5c4fdc68ea79', 'usr_108');
INSERT INTO trabalho.log_acesso VALUES ('log_108_1_1', 'af46a958-b921-47b6-9f87-5c4fdc68ea79', 'usr_108');
INSERT INTO trabalho.usuario_esta_inscrito_no_podcast VALUES (0, 'f8e13774-d631-4f34-93f0-2f5d55590265', 'usr_108');
INSERT INTO trabalho.comentarios_podcast_usuario VALUES ('comment_108_0_2', 'Quo et repellat adipisci eveniet facilis voluptate et.', 'f8e13774-d631-4f34-93f0-2f5d55590265', 'usr_108');
INSERT INTO trabalho.comentarios_podcast_usuario VALUES ('comment_108_1_2', 'Animi rem debitis sunt ab quasi sequi.', 'f8e13774-d631-4f34-93f0-2f5d55590265', 'usr_108');
INSERT INTO trabalho.comentarios_podcast_usuario VALUES ('comment_108_2_2', 'Non recusandae illo perspiciatis vitae inventore dolor.', 'f8e13774-d631-4f34-93f0-2f5d55590265', 'usr_108');
INSERT INTO trabalho.comentarios_podcast_usuario VALUES ('comment_108_3_2', 'Iusto a accusamus autem dolor pariatur.', 'f8e13774-d631-4f34-93f0-2f5d55590265', 'usr_108');
INSERT INTO trabalho.log_acesso VALUES ('log_108_0_2', 'f8e13774-d631-4f34-93f0-2f5d55590265', 'usr_108');
INSERT INTO trabalho.log_acesso VALUES ('log_108_1_2', 'f8e13774-d631-4f34-93f0-2f5d55590265', 'usr_108');
INSERT INTO trabalho.log_acesso VALUES ('log_108_2_2', 'f8e13774-d631-4f34-93f0-2f5d55590265', 'usr_108');
INSERT INTO trabalho.log_acesso VALUES ('log_108_3_2', 'f8e13774-d631-4f34-93f0-2f5d55590265', 'usr_108');
INSERT INTO trabalho.usuario VALUES ('usr_109', '109_Janana_Moreira70@bol.com.br', 'Janaína Moreira', 'female', 10, trabalho.hashPassword('Password123'), 'Butão');
INSERT INTO trabalho.usuario_esta_inscrito_no_podcast VALUES (3, 'b553d865-8fe2-47de-9a30-10e1dea3bd1d', 'usr_109');
INSERT INTO trabalho.comentarios_podcast_usuario VALUES ('comment_109_0_0', 'Aperiam omnis ut.', 'b553d865-8fe2-47de-9a30-10e1dea3bd1d', 'usr_109');
INSERT INTO trabalho.comentarios_podcast_usuario VALUES ('comment_109_1_0', 'Nemo ea et non quod.', 'b553d865-8fe2-47de-9a30-10e1dea3bd1d', 'usr_109');
INSERT INTO trabalho.comentarios_podcast_usuario VALUES ('comment_109_2_0', 'Vitae perferendis amet perferendis tempora porro cupiditate.', 'b553d865-8fe2-47de-9a30-10e1dea3bd1d', 'usr_109');
INSERT INTO trabalho.log_acesso VALUES ('log_109_0_0', 'b553d865-8fe2-47de-9a30-10e1dea3bd1d', 'usr_109');
INSERT INTO trabalho.log_acesso VALUES ('log_109_1_0', 'b553d865-8fe2-47de-9a30-10e1dea3bd1d', 'usr_109');
INSERT INTO trabalho.log_acesso VALUES ('log_109_2_0', 'b553d865-8fe2-47de-9a30-10e1dea3bd1d', 'usr_109');
INSERT INTO trabalho.log_acesso VALUES ('log_109_3_0', 'b553d865-8fe2-47de-9a30-10e1dea3bd1d', 'usr_109');
INSERT INTO trabalho.usuario_esta_inscrito_no_podcast VALUES (5, 'de2f0ddb-9903-436a-a5e2-54224254c818', 'usr_109');
INSERT INTO trabalho.comentarios_podcast_usuario VALUES ('comment_109_0_1', 'Ut nam architecto aspernatur earum nulla quos consequuntur facere sint.', 'de2f0ddb-9903-436a-a5e2-54224254c818', 'usr_109');
INSERT INTO trabalho.log_acesso VALUES ('log_109_0_1', 'de2f0ddb-9903-436a-a5e2-54224254c818', 'usr_109');
INSERT INTO trabalho.log_acesso VALUES ('log_109_1_1', 'de2f0ddb-9903-436a-a5e2-54224254c818', 'usr_109');
INSERT INTO trabalho.log_acesso VALUES ('log_109_2_1', 'de2f0ddb-9903-436a-a5e2-54224254c818', 'usr_109');
INSERT INTO trabalho.usuario_esta_inscrito_no_podcast VALUES (2, '7e429e8e-7669-403d-bb78-3cd7f9f75afd', 'usr_109');
INSERT INTO trabalho.comentarios_podcast_usuario VALUES ('comment_109_0_2', 'Voluptatem quisquam expedita eos inventore temporibus ipsum et sed.', '7e429e8e-7669-403d-bb78-3cd7f9f75afd', 'usr_109');
INSERT INTO trabalho.comentarios_podcast_usuario VALUES ('comment_109_1_2', 'Ad sequi at atque suscipit accusamus magnam quasi.', '7e429e8e-7669-403d-bb78-3cd7f9f75afd', 'usr_109');
INSERT INTO trabalho.comentarios_podcast_usuario VALUES ('comment_109_2_2', 'Et commodi suscipit possimus et accusamus nisi tempore.', '7e429e8e-7669-403d-bb78-3cd7f9f75afd', 'usr_109');
INSERT INTO trabalho.comentarios_podcast_usuario VALUES ('comment_109_3_2', 'Ducimus consectetur exercitationem maiores illo et placeat voluptas.', '7e429e8e-7669-403d-bb78-3cd7f9f75afd', 'usr_109');
INSERT INTO trabalho.log_acesso VALUES ('log_109_0_2', '7e429e8e-7669-403d-bb78-3cd7f9f75afd', 'usr_109');
INSERT INTO trabalho.log_acesso VALUES ('log_109_1_2', '7e429e8e-7669-403d-bb78-3cd7f9f75afd', 'usr_109');
INSERT INTO trabalho.usuario VALUES ('usr_110', '110_Isis36@bol.com.br', 'Isis Pereira', 'female', 3, trabalho.hashPassword('Password123'), 'Ilhas Geórgia do Sul e Sandwich do Sul');
INSERT INTO trabalho.usuario_esta_inscrito_no_podcast VALUES (1, 'bc8dac25-793c-4a96-aafc-4ea7020f4f60', 'usr_110');
INSERT INTO trabalho.comentarios_podcast_usuario VALUES ('comment_110_0_0', 'Deserunt pariatur blanditiis voluptas ea quibusdam repellat architecto.', 'bc8dac25-793c-4a96-aafc-4ea7020f4f60', 'usr_110');
INSERT INTO trabalho.log_acesso VALUES ('log_110_0_0', 'bc8dac25-793c-4a96-aafc-4ea7020f4f60', 'usr_110');
INSERT INTO trabalho.log_acesso VALUES ('log_110_1_0', 'bc8dac25-793c-4a96-aafc-4ea7020f4f60', 'usr_110');
INSERT INTO trabalho.log_acesso VALUES ('log_110_2_0', 'bc8dac25-793c-4a96-aafc-4ea7020f4f60', 'usr_110');
INSERT INTO trabalho.log_acesso VALUES ('log_110_3_0', 'bc8dac25-793c-4a96-aafc-4ea7020f4f60', 'usr_110');
INSERT INTO trabalho.usuario_esta_inscrito_no_podcast VALUES (2, '5bdf7377-8330-4f9f-8efd-e95301c122ce', 'usr_110');
INSERT INTO trabalho.comentarios_podcast_usuario VALUES ('comment_110_0_1', 'Accusamus ex aut excepturi impedit tempora consequatur sapiente vel delectus.', '5bdf7377-8330-4f9f-8efd-e95301c122ce', 'usr_110');
INSERT INTO trabalho.comentarios_podcast_usuario VALUES ('comment_110_1_1', 'Libero quo modi vitae.', '5bdf7377-8330-4f9f-8efd-e95301c122ce', 'usr_110');
INSERT INTO trabalho.comentarios_podcast_usuario VALUES ('comment_110_2_1', 'Et velit est saepe.', '5bdf7377-8330-4f9f-8efd-e95301c122ce', 'usr_110');
INSERT INTO trabalho.log_acesso VALUES ('log_110_0_1', '5bdf7377-8330-4f9f-8efd-e95301c122ce', 'usr_110');
INSERT INTO trabalho.log_acesso VALUES ('log_110_1_1', '5bdf7377-8330-4f9f-8efd-e95301c122ce', 'usr_110');
INSERT INTO trabalho.log_acesso VALUES ('log_110_2_1', '5bdf7377-8330-4f9f-8efd-e95301c122ce', 'usr_110');
INSERT INTO trabalho.usuario_esta_inscrito_no_podcast VALUES (2, '219328a1-cec6-4e8c-b003-52a3ec9766bb', 'usr_110');
INSERT INTO trabalho.comentarios_podcast_usuario VALUES ('comment_110_0_2', 'Nam ex ipsum nobis accusamus sit.', '219328a1-cec6-4e8c-b003-52a3ec9766bb', 'usr_110');
INSERT INTO trabalho.comentarios_podcast_usuario VALUES ('comment_110_1_2', 'Porro sunt accusamus nihil aut officiis.', '219328a1-cec6-4e8c-b003-52a3ec9766bb', 'usr_110');
INSERT INTO trabalho.comentarios_podcast_usuario VALUES ('comment_110_2_2', 'Dolorum ab atque velit perspiciatis.', '219328a1-cec6-4e8c-b003-52a3ec9766bb', 'usr_110');
INSERT INTO trabalho.comentarios_podcast_usuario VALUES ('comment_110_3_2', 'Dolor quia voluptatem quam saepe consectetur magnam laudantium culpa consequatur.', '219328a1-cec6-4e8c-b003-52a3ec9766bb', 'usr_110');
INSERT INTO trabalho.comentarios_podcast_usuario VALUES ('comment_110_4_2', 'Aut qui explicabo dolorum atque enim.', '219328a1-cec6-4e8c-b003-52a3ec9766bb', 'usr_110');
INSERT INTO trabalho.comentarios_podcast_usuario VALUES ('comment_110_5_2', 'Officiis ipsum amet blanditiis modi aut delectus qui repellendus.', '219328a1-cec6-4e8c-b003-52a3ec9766bb', 'usr_110');
INSERT INTO trabalho.log_acesso VALUES ('log_110_0_2', '219328a1-cec6-4e8c-b003-52a3ec9766bb', 'usr_110');
INSERT INTO trabalho.log_acesso VALUES ('log_110_1_2', '219328a1-cec6-4e8c-b003-52a3ec9766bb', 'usr_110');
INSERT INTO trabalho.log_acesso VALUES ('log_110_2_2', '219328a1-cec6-4e8c-b003-52a3ec9766bb', 'usr_110');
INSERT INTO trabalho.log_acesso VALUES ('log_110_3_2', '219328a1-cec6-4e8c-b003-52a3ec9766bb', 'usr_110');
INSERT INTO trabalho.usuario VALUES ('usr_111', '111_Dalila.Costa14@yahoo.com', 'Dalila Costa', 'female', 25, trabalho.hashPassword('Password123'), 'Coreia do Sul');
INSERT INTO trabalho.usuario_esta_inscrito_no_podcast VALUES (3, 'b553d865-8fe2-47de-9a30-10e1dea3bd1d', 'usr_111');
INSERT INTO trabalho.comentarios_podcast_usuario VALUES ('comment_111_0_0', 'Qui suscipit illum asperiores.', 'b553d865-8fe2-47de-9a30-10e1dea3bd1d', 'usr_111');
INSERT INTO trabalho.comentarios_podcast_usuario VALUES ('comment_111_1_0', 'Necessitatibus rerum voluptatibus saepe beatae eum cum.', 'b553d865-8fe2-47de-9a30-10e1dea3bd1d', 'usr_111');
INSERT INTO trabalho.comentarios_podcast_usuario VALUES ('comment_111_2_0', 'Corporis nisi maxime eius culpa quis voluptate.', 'b553d865-8fe2-47de-9a30-10e1dea3bd1d', 'usr_111');
INSERT INTO trabalho.comentarios_podcast_usuario VALUES ('comment_111_3_0', 'Recusandae ut tempore non labore.', 'b553d865-8fe2-47de-9a30-10e1dea3bd1d', 'usr_111');
INSERT INTO trabalho.comentarios_podcast_usuario VALUES ('comment_111_4_0', 'Sint et hic illum ut consequatur dolor.', 'b553d865-8fe2-47de-9a30-10e1dea3bd1d', 'usr_111');
INSERT INTO trabalho.log_acesso VALUES ('log_111_0_0', 'b553d865-8fe2-47de-9a30-10e1dea3bd1d', 'usr_111');
INSERT INTO trabalho.log_acesso VALUES ('log_111_1_0', 'b553d865-8fe2-47de-9a30-10e1dea3bd1d', 'usr_111');
INSERT INTO trabalho.log_acesso VALUES ('log_111_2_0', 'b553d865-8fe2-47de-9a30-10e1dea3bd1d', 'usr_111');
INSERT INTO trabalho.usuario_esta_inscrito_no_podcast VALUES (3, 'af46a958-b921-47b6-9f87-5c4fdc68ea79', 'usr_111');
INSERT INTO trabalho.comentarios_podcast_usuario VALUES ('comment_111_0_1', 'Tempore dolor et ullam magni ratione quo vel.', 'af46a958-b921-47b6-9f87-5c4fdc68ea79', 'usr_111');
INSERT INTO trabalho.comentarios_podcast_usuario VALUES ('comment_111_1_1', 'Autem temporibus sint eaque id quia perferendis.', 'af46a958-b921-47b6-9f87-5c4fdc68ea79', 'usr_111');
INSERT INTO trabalho.comentarios_podcast_usuario VALUES ('comment_111_2_1', 'Velit occaecati est voluptate unde esse officia non.', 'af46a958-b921-47b6-9f87-5c4fdc68ea79', 'usr_111');
INSERT INTO trabalho.comentarios_podcast_usuario VALUES ('comment_111_3_1', 'Omnis est laboriosam veniam sed iste.', 'af46a958-b921-47b6-9f87-5c4fdc68ea79', 'usr_111');
INSERT INTO trabalho.log_acesso VALUES ('log_111_0_1', 'af46a958-b921-47b6-9f87-5c4fdc68ea79', 'usr_111');
INSERT INTO trabalho.log_acesso VALUES ('log_111_1_1', 'af46a958-b921-47b6-9f87-5c4fdc68ea79', 'usr_111');
INSERT INTO trabalho.log_acesso VALUES ('log_111_2_1', 'af46a958-b921-47b6-9f87-5c4fdc68ea79', 'usr_111');
INSERT INTO trabalho.log_acesso VALUES ('log_111_3_1', 'af46a958-b921-47b6-9f87-5c4fdc68ea79', 'usr_111');
INSERT INTO trabalho.log_acesso VALUES ('log_111_4_1', 'af46a958-b921-47b6-9f87-5c4fdc68ea79', 'usr_111');
INSERT INTO trabalho.log_acesso VALUES ('log_111_5_1', 'af46a958-b921-47b6-9f87-5c4fdc68ea79', 'usr_111');
INSERT INTO trabalho.log_acesso VALUES ('log_111_6_1', 'af46a958-b921-47b6-9f87-5c4fdc68ea79', 'usr_111');
INSERT INTO trabalho.usuario_esta_inscrito_no_podcast VALUES (3, 'f0166bd2-8e4d-4308-b5d7-0b3d627c5dc5', 'usr_111');
INSERT INTO trabalho.comentarios_podcast_usuario VALUES ('comment_111_0_2', 'Totam tempore vero unde totam qui.', 'f0166bd2-8e4d-4308-b5d7-0b3d627c5dc5', 'usr_111');
INSERT INTO trabalho.log_acesso VALUES ('log_111_0_2', 'f0166bd2-8e4d-4308-b5d7-0b3d627c5dc5', 'usr_111');
INSERT INTO trabalho.log_acesso VALUES ('log_111_1_2', 'f0166bd2-8e4d-4308-b5d7-0b3d627c5dc5', 'usr_111');
INSERT INTO trabalho.log_acesso VALUES ('log_111_2_2', 'f0166bd2-8e4d-4308-b5d7-0b3d627c5dc5', 'usr_111');
INSERT INTO trabalho.usuario VALUES ('usr_112', '112_Ricardo59@gmail.com', 'Ricardo Costa', 'male', 33, trabalho.hashPassword('Password123'), 'Zâmbia');
INSERT INTO trabalho.usuario_esta_inscrito_no_podcast VALUES (4, 'f0166bd2-8e4d-4308-b5d7-0b3d627c5dc5', 'usr_112');
INSERT INTO trabalho.comentarios_podcast_usuario VALUES ('comment_112_0_0', 'Corrupti quod aut rem.', 'f0166bd2-8e4d-4308-b5d7-0b3d627c5dc5', 'usr_112');
INSERT INTO trabalho.comentarios_podcast_usuario VALUES ('comment_112_1_0', 'Consequatur eos quia ut dolore cupiditate reprehenderit magni est.', 'f0166bd2-8e4d-4308-b5d7-0b3d627c5dc5', 'usr_112');
INSERT INTO trabalho.comentarios_podcast_usuario VALUES ('comment_112_2_0', 'Sit quaerat hic qui qui eum nisi excepturi iure dicta.', 'f0166bd2-8e4d-4308-b5d7-0b3d627c5dc5', 'usr_112');
INSERT INTO trabalho.log_acesso VALUES ('log_112_0_0', 'f0166bd2-8e4d-4308-b5d7-0b3d627c5dc5', 'usr_112');
INSERT INTO trabalho.log_acesso VALUES ('log_112_1_0', 'f0166bd2-8e4d-4308-b5d7-0b3d627c5dc5', 'usr_112');
INSERT INTO trabalho.usuario_esta_inscrito_no_podcast VALUES (1, '5bdf7377-8330-4f9f-8efd-e95301c122ce', 'usr_112');
INSERT INTO trabalho.comentarios_podcast_usuario VALUES ('comment_112_0_1', 'Consequatur harum ut qui aut id cumque corrupti in.', '5bdf7377-8330-4f9f-8efd-e95301c122ce', 'usr_112');
INSERT INTO trabalho.comentarios_podcast_usuario VALUES ('comment_112_1_1', 'Voluptatem earum dicta officia eum sed.', '5bdf7377-8330-4f9f-8efd-e95301c122ce', 'usr_112');
INSERT INTO trabalho.log_acesso VALUES ('log_112_0_1', '5bdf7377-8330-4f9f-8efd-e95301c122ce', 'usr_112');
INSERT INTO trabalho.log_acesso VALUES ('log_112_1_1', '5bdf7377-8330-4f9f-8efd-e95301c122ce', 'usr_112');
INSERT INTO trabalho.log_acesso VALUES ('log_112_2_1', '5bdf7377-8330-4f9f-8efd-e95301c122ce', 'usr_112');
INSERT INTO trabalho.log_acesso VALUES ('log_112_3_1', '5bdf7377-8330-4f9f-8efd-e95301c122ce', 'usr_112');
INSERT INTO trabalho.log_acesso VALUES ('log_112_4_1', '5bdf7377-8330-4f9f-8efd-e95301c122ce', 'usr_112');
INSERT INTO trabalho.log_acesso VALUES ('log_112_5_1', '5bdf7377-8330-4f9f-8efd-e95301c122ce', 'usr_112');
INSERT INTO trabalho.usuario_esta_inscrito_no_podcast VALUES (4, '168c1536-4c42-4b8f-8c77-f06affefec6a', 'usr_112');
INSERT INTO trabalho.comentarios_podcast_usuario VALUES ('comment_112_0_2', 'Libero eos pariatur et voluptatem quia in.', '168c1536-4c42-4b8f-8c77-f06affefec6a', 'usr_112');
INSERT INTO trabalho.log_acesso VALUES ('log_112_0_2', '168c1536-4c42-4b8f-8c77-f06affefec6a', 'usr_112');
INSERT INTO trabalho.log_acesso VALUES ('log_112_1_2', '168c1536-4c42-4b8f-8c77-f06affefec6a', 'usr_112');
INSERT INTO trabalho.log_acesso VALUES ('log_112_2_2', '168c1536-4c42-4b8f-8c77-f06affefec6a', 'usr_112');
INSERT INTO trabalho.usuario VALUES ('usr_113', '113_Silas_Pereira@yahoo.com', 'Silas Pereira', 'male', 54, trabalho.hashPassword('Password123'), 'Polinésia Francesa');
INSERT INTO trabalho.usuario_esta_inscrito_no_podcast VALUES (4, 'bc8dac25-793c-4a96-aafc-4ea7020f4f60', 'usr_113');
INSERT INTO trabalho.comentarios_podcast_usuario VALUES ('comment_113_0_0', 'Nihil placeat repellat quidem dolorem nostrum quae.', 'bc8dac25-793c-4a96-aafc-4ea7020f4f60', 'usr_113');
INSERT INTO trabalho.comentarios_podcast_usuario VALUES ('comment_113_1_0', 'Fuga sit dolore eius delectus odio maxime molestiae.', 'bc8dac25-793c-4a96-aafc-4ea7020f4f60', 'usr_113');
INSERT INTO trabalho.comentarios_podcast_usuario VALUES ('comment_113_2_0', 'Modi architecto rerum voluptatem quos.', 'bc8dac25-793c-4a96-aafc-4ea7020f4f60', 'usr_113');
INSERT INTO trabalho.log_acesso VALUES ('log_113_0_0', 'bc8dac25-793c-4a96-aafc-4ea7020f4f60', 'usr_113');
INSERT INTO trabalho.log_acesso VALUES ('log_113_1_0', 'bc8dac25-793c-4a96-aafc-4ea7020f4f60', 'usr_113');
INSERT INTO trabalho.log_acesso VALUES ('log_113_2_0', 'bc8dac25-793c-4a96-aafc-4ea7020f4f60', 'usr_113');
INSERT INTO trabalho.usuario_esta_inscrito_no_podcast VALUES (1, 'f1b92ce7-47a7-43cd-8586-4a09185cdd05', 'usr_113');
INSERT INTO trabalho.comentarios_podcast_usuario VALUES ('comment_113_0_1', 'Temporibus pariatur eveniet cupiditate reiciendis minima provident neque.', 'f1b92ce7-47a7-43cd-8586-4a09185cdd05', 'usr_113');
INSERT INTO trabalho.comentarios_podcast_usuario VALUES ('comment_113_1_1', 'Voluptas dolorem et non ut quas.', 'f1b92ce7-47a7-43cd-8586-4a09185cdd05', 'usr_113');
INSERT INTO trabalho.comentarios_podcast_usuario VALUES ('comment_113_2_1', 'Et optio modi odio adipisci reiciendis dignissimos laudantium.', 'f1b92ce7-47a7-43cd-8586-4a09185cdd05', 'usr_113');
INSERT INTO trabalho.comentarios_podcast_usuario VALUES ('comment_113_3_1', 'Dicta iste illum ea voluptates temporibus et.', 'f1b92ce7-47a7-43cd-8586-4a09185cdd05', 'usr_113');
INSERT INTO trabalho.log_acesso VALUES ('log_113_0_1', 'f1b92ce7-47a7-43cd-8586-4a09185cdd05', 'usr_113');
INSERT INTO trabalho.usuario_esta_inscrito_no_podcast VALUES (4, 'f8e13774-d631-4f34-93f0-2f5d55590265', 'usr_113');
INSERT INTO trabalho.comentarios_podcast_usuario VALUES ('comment_113_0_2', 'Eveniet amet assumenda totam voluptas suscipit adipisci alias quibusdam hic.', 'f8e13774-d631-4f34-93f0-2f5d55590265', 'usr_113');
INSERT INTO trabalho.comentarios_podcast_usuario VALUES ('comment_113_1_2', 'Repudiandae eos distinctio dolorum eum ut nobis aut.', 'f8e13774-d631-4f34-93f0-2f5d55590265', 'usr_113');
INSERT INTO trabalho.comentarios_podcast_usuario VALUES ('comment_113_2_2', 'Et ratione architecto quo est aut ea debitis.', 'f8e13774-d631-4f34-93f0-2f5d55590265', 'usr_113');
INSERT INTO trabalho.comentarios_podcast_usuario VALUES ('comment_113_3_2', 'Ut tempora vel.', 'f8e13774-d631-4f34-93f0-2f5d55590265', 'usr_113');
INSERT INTO trabalho.log_acesso VALUES ('log_113_0_2', 'f8e13774-d631-4f34-93f0-2f5d55590265', 'usr_113');
INSERT INTO trabalho.log_acesso VALUES ('log_113_1_2', 'f8e13774-d631-4f34-93f0-2f5d55590265', 'usr_113');
INSERT INTO trabalho.log_acesso VALUES ('log_113_2_2', 'f8e13774-d631-4f34-93f0-2f5d55590265', 'usr_113');
INSERT INTO trabalho.usuario VALUES ('usr_114', '114_Carla_Carvalho@yahoo.com', 'Carla Carvalho', 'female', 19, trabalho.hashPassword('Password123'), 'Laos');
INSERT INTO trabalho.usuario_esta_inscrito_no_podcast VALUES (4, 'fa3abe16-3645-4d22-a01d-893e6f20c408', 'usr_114');
INSERT INTO trabalho.comentarios_podcast_usuario VALUES ('comment_114_0_0', 'Qui ea quos nisi voluptatibus sit nihil ut est facilis.', 'fa3abe16-3645-4d22-a01d-893e6f20c408', 'usr_114');
INSERT INTO trabalho.comentarios_podcast_usuario VALUES ('comment_114_1_0', 'Modi corrupti quam rerum deleniti.', 'fa3abe16-3645-4d22-a01d-893e6f20c408', 'usr_114');
INSERT INTO trabalho.comentarios_podcast_usuario VALUES ('comment_114_2_0', 'Et quaerat quis.', 'fa3abe16-3645-4d22-a01d-893e6f20c408', 'usr_114');
INSERT INTO trabalho.comentarios_podcast_usuario VALUES ('comment_114_3_0', 'Non at omnis nisi quisquam dolor eius.', 'fa3abe16-3645-4d22-a01d-893e6f20c408', 'usr_114');
INSERT INTO trabalho.log_acesso VALUES ('log_114_0_0', 'fa3abe16-3645-4d22-a01d-893e6f20c408', 'usr_114');
INSERT INTO trabalho.usuario_esta_inscrito_no_podcast VALUES (2, 'f8e13774-d631-4f34-93f0-2f5d55590265', 'usr_114');
INSERT INTO trabalho.comentarios_podcast_usuario VALUES ('comment_114_0_1', 'Hic hic alias aperiam.', 'f8e13774-d631-4f34-93f0-2f5d55590265', 'usr_114');
INSERT INTO trabalho.comentarios_podcast_usuario VALUES ('comment_114_1_1', 'Veritatis voluptatem dolores tenetur.', 'f8e13774-d631-4f34-93f0-2f5d55590265', 'usr_114');
INSERT INTO trabalho.log_acesso VALUES ('log_114_0_1', 'f8e13774-d631-4f34-93f0-2f5d55590265', 'usr_114');
INSERT INTO trabalho.log_acesso VALUES ('log_114_1_1', 'f8e13774-d631-4f34-93f0-2f5d55590265', 'usr_114');
INSERT INTO trabalho.log_acesso VALUES ('log_114_2_1', 'f8e13774-d631-4f34-93f0-2f5d55590265', 'usr_114');
INSERT INTO trabalho.log_acesso VALUES ('log_114_3_1', 'f8e13774-d631-4f34-93f0-2f5d55590265', 'usr_114');
INSERT INTO trabalho.log_acesso VALUES ('log_114_4_1', 'f8e13774-d631-4f34-93f0-2f5d55590265', 'usr_114');
INSERT INTO trabalho.log_acesso VALUES ('log_114_5_1', 'f8e13774-d631-4f34-93f0-2f5d55590265', 'usr_114');
INSERT INTO trabalho.usuario_esta_inscrito_no_podcast VALUES (0, 'f0166bd2-8e4d-4308-b5d7-0b3d627c5dc5', 'usr_114');
INSERT INTO trabalho.comentarios_podcast_usuario VALUES ('comment_114_0_2', 'At vel aut autem non.', 'f0166bd2-8e4d-4308-b5d7-0b3d627c5dc5', 'usr_114');
INSERT INTO trabalho.comentarios_podcast_usuario VALUES ('comment_114_1_2', 'Cupiditate voluptatem saepe praesentium ex et possimus reprehenderit aut possimus.', 'f0166bd2-8e4d-4308-b5d7-0b3d627c5dc5', 'usr_114');
INSERT INTO trabalho.log_acesso VALUES ('log_114_0_2', 'f0166bd2-8e4d-4308-b5d7-0b3d627c5dc5', 'usr_114');
INSERT INTO trabalho.log_acesso VALUES ('log_114_1_2', 'f0166bd2-8e4d-4308-b5d7-0b3d627c5dc5', 'usr_114');
INSERT INTO trabalho.log_acesso VALUES ('log_114_2_2', 'f0166bd2-8e4d-4308-b5d7-0b3d627c5dc5', 'usr_114');
INSERT INTO trabalho.log_acesso VALUES ('log_114_3_2', 'f0166bd2-8e4d-4308-b5d7-0b3d627c5dc5', 'usr_114');
INSERT INTO trabalho.log_acesso VALUES ('log_114_4_2', 'f0166bd2-8e4d-4308-b5d7-0b3d627c5dc5', 'usr_114');
INSERT INTO trabalho.log_acesso VALUES ('log_114_5_2', 'f0166bd2-8e4d-4308-b5d7-0b3d627c5dc5', 'usr_114');
INSERT INTO trabalho.usuario VALUES ('usr_115', '115_Lucca_Saraiva@hotmail.com', 'Lucca Saraiva', 'male', 29, trabalho.hashPassword('Password123'), 'Uganda');
INSERT INTO trabalho.usuario_esta_inscrito_no_podcast VALUES (1, '7e429e8e-7669-403d-bb78-3cd7f9f75afd', 'usr_115');
INSERT INTO trabalho.comentarios_podcast_usuario VALUES ('comment_115_0_0', 'Rem reiciendis quisquam optio eos est beatae dicta impedit.', '7e429e8e-7669-403d-bb78-3cd7f9f75afd', 'usr_115');
INSERT INTO trabalho.comentarios_podcast_usuario VALUES ('comment_115_1_0', 'Tenetur blanditiis consequatur illum blanditiis deleniti voluptatem modi in.', '7e429e8e-7669-403d-bb78-3cd7f9f75afd', 'usr_115');
INSERT INTO trabalho.comentarios_podcast_usuario VALUES ('comment_115_2_0', 'Rem qui in dolorem.', '7e429e8e-7669-403d-bb78-3cd7f9f75afd', 'usr_115');
INSERT INTO trabalho.comentarios_podcast_usuario VALUES ('comment_115_3_0', 'Libero ea molestias aut et.', '7e429e8e-7669-403d-bb78-3cd7f9f75afd', 'usr_115');
INSERT INTO trabalho.log_acesso VALUES ('log_115_0_0', '7e429e8e-7669-403d-bb78-3cd7f9f75afd', 'usr_115');
INSERT INTO trabalho.log_acesso VALUES ('log_115_1_0', '7e429e8e-7669-403d-bb78-3cd7f9f75afd', 'usr_115');
INSERT INTO trabalho.log_acesso VALUES ('log_115_2_0', '7e429e8e-7669-403d-bb78-3cd7f9f75afd', 'usr_115');
INSERT INTO trabalho.log_acesso VALUES ('log_115_3_0', '7e429e8e-7669-403d-bb78-3cd7f9f75afd', 'usr_115');
INSERT INTO trabalho.usuario_esta_inscrito_no_podcast VALUES (0, 'b553d865-8fe2-47de-9a30-10e1dea3bd1d', 'usr_115');
INSERT INTO trabalho.comentarios_podcast_usuario VALUES ('comment_115_0_1', 'Molestiae quia esse voluptatum aut.', 'b553d865-8fe2-47de-9a30-10e1dea3bd1d', 'usr_115');
INSERT INTO trabalho.log_acesso VALUES ('log_115_0_1', 'b553d865-8fe2-47de-9a30-10e1dea3bd1d', 'usr_115');
INSERT INTO trabalho.log_acesso VALUES ('log_115_1_1', 'b553d865-8fe2-47de-9a30-10e1dea3bd1d', 'usr_115');
INSERT INTO trabalho.log_acesso VALUES ('log_115_2_1', 'b553d865-8fe2-47de-9a30-10e1dea3bd1d', 'usr_115');
INSERT INTO trabalho.log_acesso VALUES ('log_115_3_1', 'b553d865-8fe2-47de-9a30-10e1dea3bd1d', 'usr_115');
INSERT INTO trabalho.log_acesso VALUES ('log_115_4_1', 'b553d865-8fe2-47de-9a30-10e1dea3bd1d', 'usr_115');
INSERT INTO trabalho.usuario_esta_inscrito_no_podcast VALUES (3, 'af46a958-b921-47b6-9f87-5c4fdc68ea79', 'usr_115');
INSERT INTO trabalho.comentarios_podcast_usuario VALUES ('comment_115_0_2', 'Quia sit eum autem.', 'af46a958-b921-47b6-9f87-5c4fdc68ea79', 'usr_115');
INSERT INTO trabalho.log_acesso VALUES ('log_115_0_2', 'af46a958-b921-47b6-9f87-5c4fdc68ea79', 'usr_115');
INSERT INTO trabalho.log_acesso VALUES ('log_115_1_2', 'af46a958-b921-47b6-9f87-5c4fdc68ea79', 'usr_115');
INSERT INTO trabalho.usuario VALUES ('usr_116', '116_Rafael.Costa81@hotmail.com', 'Rafael Costa', 'male', 5, trabalho.hashPassword('Password123'), 'Belize');
INSERT INTO trabalho.usuario_esta_inscrito_no_podcast VALUES (3, 'bc8dac25-793c-4a96-aafc-4ea7020f4f60', 'usr_116');
INSERT INTO trabalho.comentarios_podcast_usuario VALUES ('comment_116_0_0', 'Nesciunt porro cupiditate animi dolore neque est laudantium.', 'bc8dac25-793c-4a96-aafc-4ea7020f4f60', 'usr_116');
INSERT INTO trabalho.comentarios_podcast_usuario VALUES ('comment_116_1_0', 'Dolor quasi aut.', 'bc8dac25-793c-4a96-aafc-4ea7020f4f60', 'usr_116');
INSERT INTO trabalho.comentarios_podcast_usuario VALUES ('comment_116_2_0', 'Est perspiciatis nihil accusantium eos adipisci.', 'bc8dac25-793c-4a96-aafc-4ea7020f4f60', 'usr_116');
INSERT INTO trabalho.comentarios_podcast_usuario VALUES ('comment_116_3_0', 'Commodi omnis inventore et dolores consectetur libero velit.', 'bc8dac25-793c-4a96-aafc-4ea7020f4f60', 'usr_116');
INSERT INTO trabalho.comentarios_podcast_usuario VALUES ('comment_116_4_0', 'Excepturi dolorem aut id tenetur et velit dolores facilis.', 'bc8dac25-793c-4a96-aafc-4ea7020f4f60', 'usr_116');
INSERT INTO trabalho.log_acesso VALUES ('log_116_0_0', 'bc8dac25-793c-4a96-aafc-4ea7020f4f60', 'usr_116');
INSERT INTO trabalho.log_acesso VALUES ('log_116_1_0', 'bc8dac25-793c-4a96-aafc-4ea7020f4f60', 'usr_116');
INSERT INTO trabalho.log_acesso VALUES ('log_116_2_0', 'bc8dac25-793c-4a96-aafc-4ea7020f4f60', 'usr_116');
INSERT INTO trabalho.log_acesso VALUES ('log_116_3_0', 'bc8dac25-793c-4a96-aafc-4ea7020f4f60', 'usr_116');
INSERT INTO trabalho.log_acesso VALUES ('log_116_4_0', 'bc8dac25-793c-4a96-aafc-4ea7020f4f60', 'usr_116');
INSERT INTO trabalho.log_acesso VALUES ('log_116_5_0', 'bc8dac25-793c-4a96-aafc-4ea7020f4f60', 'usr_116');
INSERT INTO trabalho.usuario_esta_inscrito_no_podcast VALUES (0, 'f8e13774-d631-4f34-93f0-2f5d55590265', 'usr_116');
INSERT INTO trabalho.comentarios_podcast_usuario VALUES ('comment_116_0_1', 'Nemo cupiditate libero nulla optio soluta quam id inventore odio.', 'f8e13774-d631-4f34-93f0-2f5d55590265', 'usr_116');
INSERT INTO trabalho.comentarios_podcast_usuario VALUES ('comment_116_1_1', 'Placeat neque laborum.', 'f8e13774-d631-4f34-93f0-2f5d55590265', 'usr_116');
INSERT INTO trabalho.comentarios_podcast_usuario VALUES ('comment_116_2_1', 'Aut quod in.', 'f8e13774-d631-4f34-93f0-2f5d55590265', 'usr_116');
INSERT INTO trabalho.comentarios_podcast_usuario VALUES ('comment_116_3_1', 'Sit voluptatem mollitia et quisquam repudiandae molestiae nesciunt.', 'f8e13774-d631-4f34-93f0-2f5d55590265', 'usr_116');
INSERT INTO trabalho.comentarios_podcast_usuario VALUES ('comment_116_4_1', 'Sapiente autem nihil aut vero quia voluptatibus et officia.', 'f8e13774-d631-4f34-93f0-2f5d55590265', 'usr_116');
INSERT INTO trabalho.comentarios_podcast_usuario VALUES ('comment_116_5_1', 'Praesentium sint qui quo eligendi est praesentium maxime aut error.', 'f8e13774-d631-4f34-93f0-2f5d55590265', 'usr_116');
INSERT INTO trabalho.log_acesso VALUES ('log_116_0_1', 'f8e13774-d631-4f34-93f0-2f5d55590265', 'usr_116');
INSERT INTO trabalho.log_acesso VALUES ('log_116_1_1', 'f8e13774-d631-4f34-93f0-2f5d55590265', 'usr_116');
INSERT INTO trabalho.usuario_esta_inscrito_no_podcast VALUES (5, '219328a1-cec6-4e8c-b003-52a3ec9766bb', 'usr_116');
INSERT INTO trabalho.comentarios_podcast_usuario VALUES ('comment_116_0_2', 'Non quasi ab laborum iure animi nesciunt consequatur.', '219328a1-cec6-4e8c-b003-52a3ec9766bb', 'usr_116');
INSERT INTO trabalho.comentarios_podcast_usuario VALUES ('comment_116_1_2', 'Possimus explicabo reprehenderit.', '219328a1-cec6-4e8c-b003-52a3ec9766bb', 'usr_116');
INSERT INTO trabalho.comentarios_podcast_usuario VALUES ('comment_116_2_2', 'Quia quo ex quidem et.', '219328a1-cec6-4e8c-b003-52a3ec9766bb', 'usr_116');
INSERT INTO trabalho.comentarios_podcast_usuario VALUES ('comment_116_3_2', 'Quaerat saepe fuga sed facere voluptatem quis accusantium.', '219328a1-cec6-4e8c-b003-52a3ec9766bb', 'usr_116');
INSERT INTO trabalho.log_acesso VALUES ('log_116_0_2', '219328a1-cec6-4e8c-b003-52a3ec9766bb', 'usr_116');
INSERT INTO trabalho.log_acesso VALUES ('log_116_1_2', '219328a1-cec6-4e8c-b003-52a3ec9766bb', 'usr_116');
INSERT INTO trabalho.log_acesso VALUES ('log_116_2_2', '219328a1-cec6-4e8c-b003-52a3ec9766bb', 'usr_116');
INSERT INTO trabalho.log_acesso VALUES ('log_116_3_2', '219328a1-cec6-4e8c-b003-52a3ec9766bb', 'usr_116');
INSERT INTO trabalho.usuario VALUES ('usr_117', '117_Washington_Nogueira48@bol.com.br', 'Washington Nogueira', 'male', 24, trabalho.hashPassword('Password123'), 'Arquipélago de Chagos');
INSERT INTO trabalho.usuario_esta_inscrito_no_podcast VALUES (5, 'c58b280a-56d4-4ad8-8c85-730e4ea86361', 'usr_117');
INSERT INTO trabalho.comentarios_podcast_usuario VALUES ('comment_117_0_0', 'Magni voluptatem sit voluptatem quae molestiae reiciendis repudiandae est nulla.', 'c58b280a-56d4-4ad8-8c85-730e4ea86361', 'usr_117');
INSERT INTO trabalho.comentarios_podcast_usuario VALUES ('comment_117_1_0', 'Necessitatibus vitae nobis asperiores et rerum dicta cupiditate.', 'c58b280a-56d4-4ad8-8c85-730e4ea86361', 'usr_117');
INSERT INTO trabalho.log_acesso VALUES ('log_117_0_0', 'c58b280a-56d4-4ad8-8c85-730e4ea86361', 'usr_117');
INSERT INTO trabalho.log_acesso VALUES ('log_117_1_0', 'c58b280a-56d4-4ad8-8c85-730e4ea86361', 'usr_117');
INSERT INTO trabalho.log_acesso VALUES ('log_117_2_0', 'c58b280a-56d4-4ad8-8c85-730e4ea86361', 'usr_117');
INSERT INTO trabalho.log_acesso VALUES ('log_117_3_0', 'c58b280a-56d4-4ad8-8c85-730e4ea86361', 'usr_117');
INSERT INTO trabalho.usuario_esta_inscrito_no_podcast VALUES (0, '5bdf7377-8330-4f9f-8efd-e95301c122ce', 'usr_117');
INSERT INTO trabalho.comentarios_podcast_usuario VALUES ('comment_117_0_1', 'Unde animi eaque quia praesentium ut doloremque.', '5bdf7377-8330-4f9f-8efd-e95301c122ce', 'usr_117');
INSERT INTO trabalho.log_acesso VALUES ('log_117_0_1', '5bdf7377-8330-4f9f-8efd-e95301c122ce', 'usr_117');
INSERT INTO trabalho.log_acesso VALUES ('log_117_1_1', '5bdf7377-8330-4f9f-8efd-e95301c122ce', 'usr_117');
INSERT INTO trabalho.log_acesso VALUES ('log_117_2_1', '5bdf7377-8330-4f9f-8efd-e95301c122ce', 'usr_117');
INSERT INTO trabalho.log_acesso VALUES ('log_117_3_1', '5bdf7377-8330-4f9f-8efd-e95301c122ce', 'usr_117');
INSERT INTO trabalho.usuario_esta_inscrito_no_podcast VALUES (5, '219328a1-cec6-4e8c-b003-52a3ec9766bb', 'usr_117');
INSERT INTO trabalho.comentarios_podcast_usuario VALUES ('comment_117_0_2', 'Incidunt qui sunt magnam aut rerum debitis unde.', '219328a1-cec6-4e8c-b003-52a3ec9766bb', 'usr_117');
INSERT INTO trabalho.comentarios_podcast_usuario VALUES ('comment_117_1_2', 'Qui saepe suscipit amet quia in cum dolor illo.', '219328a1-cec6-4e8c-b003-52a3ec9766bb', 'usr_117');
INSERT INTO trabalho.log_acesso VALUES ('log_117_0_2', '219328a1-cec6-4e8c-b003-52a3ec9766bb', 'usr_117');
INSERT INTO trabalho.log_acesso VALUES ('log_117_1_2', '219328a1-cec6-4e8c-b003-52a3ec9766bb', 'usr_117');
INSERT INTO trabalho.log_acesso VALUES ('log_117_2_2', '219328a1-cec6-4e8c-b003-52a3ec9766bb', 'usr_117');
INSERT INTO trabalho.log_acesso VALUES ('log_117_3_2', '219328a1-cec6-4e8c-b003-52a3ec9766bb', 'usr_117');
INSERT INTO trabalho.usuario VALUES ('usr_118', '118_Rafaela.Souza@gmail.com', 'Rafaela Souza', 'female', 24, trabalho.hashPassword('Password123'), 'Antilhas Holandesas');
INSERT INTO trabalho.usuario_esta_inscrito_no_podcast VALUES (5, '219328a1-cec6-4e8c-b003-52a3ec9766bb', 'usr_118');
INSERT INTO trabalho.comentarios_podcast_usuario VALUES ('comment_118_0_0', 'Qui deleniti tempora sint occaecati ipsum quia quaerat ducimus.', '219328a1-cec6-4e8c-b003-52a3ec9766bb', 'usr_118');
INSERT INTO trabalho.log_acesso VALUES ('log_118_0_0', '219328a1-cec6-4e8c-b003-52a3ec9766bb', 'usr_118');
INSERT INTO trabalho.log_acesso VALUES ('log_118_1_0', '219328a1-cec6-4e8c-b003-52a3ec9766bb', 'usr_118');
INSERT INTO trabalho.log_acesso VALUES ('log_118_2_0', '219328a1-cec6-4e8c-b003-52a3ec9766bb', 'usr_118');
INSERT INTO trabalho.log_acesso VALUES ('log_118_3_0', '219328a1-cec6-4e8c-b003-52a3ec9766bb', 'usr_118');
INSERT INTO trabalho.log_acesso VALUES ('log_118_4_0', '219328a1-cec6-4e8c-b003-52a3ec9766bb', 'usr_118');
INSERT INTO trabalho.usuario_esta_inscrito_no_podcast VALUES (0, 'b553d865-8fe2-47de-9a30-10e1dea3bd1d', 'usr_118');
INSERT INTO trabalho.comentarios_podcast_usuario VALUES ('comment_118_0_1', 'Recusandae quam facere quis illum.', 'b553d865-8fe2-47de-9a30-10e1dea3bd1d', 'usr_118');
INSERT INTO trabalho.comentarios_podcast_usuario VALUES ('comment_118_1_1', 'Sunt rerum modi voluptates nam quasi quod occaecati molestias.', 'b553d865-8fe2-47de-9a30-10e1dea3bd1d', 'usr_118');
INSERT INTO trabalho.comentarios_podcast_usuario VALUES ('comment_118_2_1', 'Expedita nobis et.', 'b553d865-8fe2-47de-9a30-10e1dea3bd1d', 'usr_118');
INSERT INTO trabalho.comentarios_podcast_usuario VALUES ('comment_118_3_1', 'Aut maiores sit ipsum quisquam saepe inventore dolore.', 'b553d865-8fe2-47de-9a30-10e1dea3bd1d', 'usr_118');
INSERT INTO trabalho.log_acesso VALUES ('log_118_0_1', 'b553d865-8fe2-47de-9a30-10e1dea3bd1d', 'usr_118');
INSERT INTO trabalho.log_acesso VALUES ('log_118_1_1', 'b553d865-8fe2-47de-9a30-10e1dea3bd1d', 'usr_118');
INSERT INTO trabalho.log_acesso VALUES ('log_118_2_1', 'b553d865-8fe2-47de-9a30-10e1dea3bd1d', 'usr_118');
INSERT INTO trabalho.log_acesso VALUES ('log_118_3_1', 'b553d865-8fe2-47de-9a30-10e1dea3bd1d', 'usr_118');
INSERT INTO trabalho.log_acesso VALUES ('log_118_4_1', 'b553d865-8fe2-47de-9a30-10e1dea3bd1d', 'usr_118');
INSERT INTO trabalho.usuario_esta_inscrito_no_podcast VALUES (2, '67074e68-bc2f-442b-8af2-7d328b6af6eb', 'usr_118');
INSERT INTO trabalho.comentarios_podcast_usuario VALUES ('comment_118_0_2', 'Voluptas sed voluptas qui dolores recusandae dolorum omnis totam in.', '67074e68-bc2f-442b-8af2-7d328b6af6eb', 'usr_118');
INSERT INTO trabalho.comentarios_podcast_usuario VALUES ('comment_118_1_2', 'Voluptas hic tenetur.', '67074e68-bc2f-442b-8af2-7d328b6af6eb', 'usr_118');
INSERT INTO trabalho.comentarios_podcast_usuario VALUES ('comment_118_2_2', 'Non non itaque magnam ad consequatur qui ducimus cumque.', '67074e68-bc2f-442b-8af2-7d328b6af6eb', 'usr_118');
INSERT INTO trabalho.comentarios_podcast_usuario VALUES ('comment_118_3_2', 'Id ad sunt ut aliquid non est delectus.', '67074e68-bc2f-442b-8af2-7d328b6af6eb', 'usr_118');
INSERT INTO trabalho.log_acesso VALUES ('log_118_0_2', '67074e68-bc2f-442b-8af2-7d328b6af6eb', 'usr_118');
INSERT INTO trabalho.log_acesso VALUES ('log_118_1_2', '67074e68-bc2f-442b-8af2-7d328b6af6eb', 'usr_118');
INSERT INTO trabalho.log_acesso VALUES ('log_118_2_2', '67074e68-bc2f-442b-8af2-7d328b6af6eb', 'usr_118');
INSERT INTO trabalho.log_acesso VALUES ('log_118_3_2', '67074e68-bc2f-442b-8af2-7d328b6af6eb', 'usr_118');
INSERT INTO trabalho.log_acesso VALUES ('log_118_4_2', '67074e68-bc2f-442b-8af2-7d328b6af6eb', 'usr_118');
INSERT INTO trabalho.usuario VALUES ('usr_119', '119_MariaClara64@hotmail.com', 'Maria Clara Oliveira', 'female', 17, trabalho.hashPassword('Password123'), 'Nigéria');
INSERT INTO trabalho.usuario_esta_inscrito_no_podcast VALUES (2, '67074e68-bc2f-442b-8af2-7d328b6af6eb', 'usr_119');
INSERT INTO trabalho.comentarios_podcast_usuario VALUES ('comment_119_0_0', 'Sequi et deleniti sed reprehenderit numquam aut minima ducimus aliquid.', '67074e68-bc2f-442b-8af2-7d328b6af6eb', 'usr_119');
INSERT INTO trabalho.log_acesso VALUES ('log_119_0_0', '67074e68-bc2f-442b-8af2-7d328b6af6eb', 'usr_119');
INSERT INTO trabalho.log_acesso VALUES ('log_119_1_0', '67074e68-bc2f-442b-8af2-7d328b6af6eb', 'usr_119');
INSERT INTO trabalho.usuario_esta_inscrito_no_podcast VALUES (5, '219328a1-cec6-4e8c-b003-52a3ec9766bb', 'usr_119');
INSERT INTO trabalho.comentarios_podcast_usuario VALUES ('comment_119_0_1', 'Suscipit et id expedita sit sed dolorum sit.', '219328a1-cec6-4e8c-b003-52a3ec9766bb', 'usr_119');
INSERT INTO trabalho.comentarios_podcast_usuario VALUES ('comment_119_1_1', 'Consequuntur qui tempore ipsam quam quo voluptatem.', '219328a1-cec6-4e8c-b003-52a3ec9766bb', 'usr_119');
INSERT INTO trabalho.comentarios_podcast_usuario VALUES ('comment_119_2_1', 'Facere recusandae nesciunt ut pariatur voluptatum non minima.', '219328a1-cec6-4e8c-b003-52a3ec9766bb', 'usr_119');
INSERT INTO trabalho.comentarios_podcast_usuario VALUES ('comment_119_3_1', 'Iste libero autem sit architecto animi.', '219328a1-cec6-4e8c-b003-52a3ec9766bb', 'usr_119');
INSERT INTO trabalho.log_acesso VALUES ('log_119_0_1', '219328a1-cec6-4e8c-b003-52a3ec9766bb', 'usr_119');
INSERT INTO trabalho.log_acesso VALUES ('log_119_1_1', '219328a1-cec6-4e8c-b003-52a3ec9766bb', 'usr_119');
INSERT INTO trabalho.usuario_esta_inscrito_no_podcast VALUES (1, 'c58b280a-56d4-4ad8-8c85-730e4ea86361', 'usr_119');
INSERT INTO trabalho.comentarios_podcast_usuario VALUES ('comment_119_0_2', 'Ipsa repellat voluptate.', 'c58b280a-56d4-4ad8-8c85-730e4ea86361', 'usr_119');
INSERT INTO trabalho.comentarios_podcast_usuario VALUES ('comment_119_1_2', 'Odio reiciendis facere mollitia voluptatem sunt.', 'c58b280a-56d4-4ad8-8c85-730e4ea86361', 'usr_119');
INSERT INTO trabalho.log_acesso VALUES ('log_119_0_2', 'c58b280a-56d4-4ad8-8c85-730e4ea86361', 'usr_119');
INSERT INTO trabalho.log_acesso VALUES ('log_119_1_2', 'c58b280a-56d4-4ad8-8c85-730e4ea86361', 'usr_119');
INSERT INTO trabalho.log_acesso VALUES ('log_119_2_2', 'c58b280a-56d4-4ad8-8c85-730e4ea86361', 'usr_119');
INSERT INTO trabalho.log_acesso VALUES ('log_119_3_2', 'c58b280a-56d4-4ad8-8c85-730e4ea86361', 'usr_119');
INSERT INTO trabalho.log_acesso VALUES ('log_119_4_2', 'c58b280a-56d4-4ad8-8c85-730e4ea86361', 'usr_119');
INSERT INTO trabalho.log_acesso VALUES ('log_119_5_2', 'c58b280a-56d4-4ad8-8c85-730e4ea86361', 'usr_119');
INSERT INTO trabalho.log_acesso VALUES ('log_119_6_2', 'c58b280a-56d4-4ad8-8c85-730e4ea86361', 'usr_119');
INSERT INTO trabalho.usuario VALUES ('usr_120', '120_Pietro_Nogueira@yahoo.com', 'Pietro Nogueira', 'male', 55, trabalho.hashPassword('Password123'), 'Congo');
INSERT INTO trabalho.usuario_esta_inscrito_no_podcast VALUES (0, 'f8e13774-d631-4f34-93f0-2f5d55590265', 'usr_120');
INSERT INTO trabalho.comentarios_podcast_usuario VALUES ('comment_120_0_0', 'Rerum expedita voluptas ut reiciendis ex voluptatem et accusantium aut.', 'f8e13774-d631-4f34-93f0-2f5d55590265', 'usr_120');
INSERT INTO trabalho.comentarios_podcast_usuario VALUES ('comment_120_1_0', 'Qui in recusandae est repudiandae sapiente quas et non doloribus.', 'f8e13774-d631-4f34-93f0-2f5d55590265', 'usr_120');
INSERT INTO trabalho.log_acesso VALUES ('log_120_0_0', 'f8e13774-d631-4f34-93f0-2f5d55590265', 'usr_120');
INSERT INTO trabalho.log_acesso VALUES ('log_120_1_0', 'f8e13774-d631-4f34-93f0-2f5d55590265', 'usr_120');
INSERT INTO trabalho.log_acesso VALUES ('log_120_2_0', 'f8e13774-d631-4f34-93f0-2f5d55590265', 'usr_120');
INSERT INTO trabalho.log_acesso VALUES ('log_120_3_0', 'f8e13774-d631-4f34-93f0-2f5d55590265', 'usr_120');
INSERT INTO trabalho.log_acesso VALUES ('log_120_4_0', 'f8e13774-d631-4f34-93f0-2f5d55590265', 'usr_120');
INSERT INTO trabalho.log_acesso VALUES ('log_120_5_0', 'f8e13774-d631-4f34-93f0-2f5d55590265', 'usr_120');
INSERT INTO trabalho.log_acesso VALUES ('log_120_6_0', 'f8e13774-d631-4f34-93f0-2f5d55590265', 'usr_120');
INSERT INTO trabalho.usuario_esta_inscrito_no_podcast VALUES (1, 'b553d865-8fe2-47de-9a30-10e1dea3bd1d', 'usr_120');
INSERT INTO trabalho.comentarios_podcast_usuario VALUES ('comment_120_0_1', 'Ipsam quia deleniti voluptatem hic minima.', 'b553d865-8fe2-47de-9a30-10e1dea3bd1d', 'usr_120');
INSERT INTO trabalho.comentarios_podcast_usuario VALUES ('comment_120_1_1', 'Eos et omnis et et tenetur.', 'b553d865-8fe2-47de-9a30-10e1dea3bd1d', 'usr_120');
INSERT INTO trabalho.log_acesso VALUES ('log_120_0_1', 'b553d865-8fe2-47de-9a30-10e1dea3bd1d', 'usr_120');
INSERT INTO trabalho.log_acesso VALUES ('log_120_1_1', 'b553d865-8fe2-47de-9a30-10e1dea3bd1d', 'usr_120');
INSERT INTO trabalho.log_acesso VALUES ('log_120_2_1', 'b553d865-8fe2-47de-9a30-10e1dea3bd1d', 'usr_120');
INSERT INTO trabalho.log_acesso VALUES ('log_120_3_1', 'b553d865-8fe2-47de-9a30-10e1dea3bd1d', 'usr_120');
INSERT INTO trabalho.usuario_esta_inscrito_no_podcast VALUES (3, 'f1b92ce7-47a7-43cd-8586-4a09185cdd05', 'usr_120');
INSERT INTO trabalho.comentarios_podcast_usuario VALUES ('comment_120_0_2', 'Asperiores enim eos odio quidem officiis saepe.', 'f1b92ce7-47a7-43cd-8586-4a09185cdd05', 'usr_120');
INSERT INTO trabalho.comentarios_podcast_usuario VALUES ('comment_120_1_2', 'Aliquid sit minus excepturi enim doloremque reiciendis nam.', 'f1b92ce7-47a7-43cd-8586-4a09185cdd05', 'usr_120');
INSERT INTO trabalho.comentarios_podcast_usuario VALUES ('comment_120_2_2', 'Ea inventore corporis voluptatem rem temporibus voluptatem.', 'f1b92ce7-47a7-43cd-8586-4a09185cdd05', 'usr_120');
INSERT INTO trabalho.comentarios_podcast_usuario VALUES ('comment_120_3_2', 'Assumenda officiis eligendi velit numquam ipsa perferendis et qui architecto.', 'f1b92ce7-47a7-43cd-8586-4a09185cdd05', 'usr_120');
INSERT INTO trabalho.log_acesso VALUES ('log_120_0_2', 'f1b92ce7-47a7-43cd-8586-4a09185cdd05', 'usr_120');
INSERT INTO trabalho.log_acesso VALUES ('log_120_1_2', 'f1b92ce7-47a7-43cd-8586-4a09185cdd05', 'usr_120');
INSERT INTO trabalho.log_acesso VALUES ('log_120_2_2', 'f1b92ce7-47a7-43cd-8586-4a09185cdd05', 'usr_120');
INSERT INTO trabalho.log_acesso VALUES ('log_120_3_2', 'f1b92ce7-47a7-43cd-8586-4a09185cdd05', 'usr_120');
INSERT INTO trabalho.usuario VALUES ('usr_121', '121_Alice.Souza@bol.com.br', 'Alice Souza', 'female', 38, trabalho.hashPassword('Password123'), 'Algéria');
INSERT INTO trabalho.usuario_esta_inscrito_no_podcast VALUES (1, 'bc8dac25-793c-4a96-aafc-4ea7020f4f60', 'usr_121');
INSERT INTO trabalho.comentarios_podcast_usuario VALUES ('comment_121_0_0', 'Molestias officia inventore autem et alias qui dicta.', 'bc8dac25-793c-4a96-aafc-4ea7020f4f60', 'usr_121');
INSERT INTO trabalho.comentarios_podcast_usuario VALUES ('comment_121_1_0', 'Animi recusandae maxime omnis qui.', 'bc8dac25-793c-4a96-aafc-4ea7020f4f60', 'usr_121');
INSERT INTO trabalho.comentarios_podcast_usuario VALUES ('comment_121_2_0', 'Unde earum rerum voluptates eveniet eos.', 'bc8dac25-793c-4a96-aafc-4ea7020f4f60', 'usr_121');
INSERT INTO trabalho.log_acesso VALUES ('log_121_0_0', 'bc8dac25-793c-4a96-aafc-4ea7020f4f60', 'usr_121');
INSERT INTO trabalho.log_acesso VALUES ('log_121_1_0', 'bc8dac25-793c-4a96-aafc-4ea7020f4f60', 'usr_121');
INSERT INTO trabalho.log_acesso VALUES ('log_121_2_0', 'bc8dac25-793c-4a96-aafc-4ea7020f4f60', 'usr_121');
INSERT INTO trabalho.log_acesso VALUES ('log_121_3_0', 'bc8dac25-793c-4a96-aafc-4ea7020f4f60', 'usr_121');
INSERT INTO trabalho.usuario_esta_inscrito_no_podcast VALUES (2, '5bdf7377-8330-4f9f-8efd-e95301c122ce', 'usr_121');
INSERT INTO trabalho.comentarios_podcast_usuario VALUES ('comment_121_0_1', 'Consequatur et perferendis nesciunt eos est quod ut exercitationem voluptates.', '5bdf7377-8330-4f9f-8efd-e95301c122ce', 'usr_121');
INSERT INTO trabalho.comentarios_podcast_usuario VALUES ('comment_121_1_1', 'Consequatur adipisci sint velit accusamus quia reiciendis.', '5bdf7377-8330-4f9f-8efd-e95301c122ce', 'usr_121');
INSERT INTO trabalho.comentarios_podcast_usuario VALUES ('comment_121_2_1', 'Qui saepe esse sint quis.', '5bdf7377-8330-4f9f-8efd-e95301c122ce', 'usr_121');
INSERT INTO trabalho.comentarios_podcast_usuario VALUES ('comment_121_3_1', 'Est veniam eaque nihil numquam ullam dolorum.', '5bdf7377-8330-4f9f-8efd-e95301c122ce', 'usr_121');
INSERT INTO trabalho.log_acesso VALUES ('log_121_0_1', '5bdf7377-8330-4f9f-8efd-e95301c122ce', 'usr_121');
INSERT INTO trabalho.log_acesso VALUES ('log_121_1_1', '5bdf7377-8330-4f9f-8efd-e95301c122ce', 'usr_121');
INSERT INTO trabalho.log_acesso VALUES ('log_121_2_1', '5bdf7377-8330-4f9f-8efd-e95301c122ce', 'usr_121');
INSERT INTO trabalho.usuario_esta_inscrito_no_podcast VALUES (3, 'b553d865-8fe2-47de-9a30-10e1dea3bd1d', 'usr_121');
INSERT INTO trabalho.comentarios_podcast_usuario VALUES ('comment_121_0_2', 'Voluptatem aliquid maxime ratione.', 'b553d865-8fe2-47de-9a30-10e1dea3bd1d', 'usr_121');
INSERT INTO trabalho.log_acesso VALUES ('log_121_0_2', 'b553d865-8fe2-47de-9a30-10e1dea3bd1d', 'usr_121');
INSERT INTO trabalho.log_acesso VALUES ('log_121_1_2', 'b553d865-8fe2-47de-9a30-10e1dea3bd1d', 'usr_121');
INSERT INTO trabalho.log_acesso VALUES ('log_121_2_2', 'b553d865-8fe2-47de-9a30-10e1dea3bd1d', 'usr_121');
INSERT INTO trabalho.usuario VALUES ('usr_122', '122_Alcia.Franco37@live.com', 'Alícia Franco', 'female', 6, trabalho.hashPassword('Password123'), 'Dinamarca');
INSERT INTO trabalho.usuario_esta_inscrito_no_podcast VALUES (1, 'b553d865-8fe2-47de-9a30-10e1dea3bd1d', 'usr_122');
INSERT INTO trabalho.comentarios_podcast_usuario VALUES ('comment_122_0_0', 'Aut vitae non exercitationem odit ea.', 'b553d865-8fe2-47de-9a30-10e1dea3bd1d', 'usr_122');
INSERT INTO trabalho.comentarios_podcast_usuario VALUES ('comment_122_1_0', 'Voluptatem adipisci amet dolor non sunt.', 'b553d865-8fe2-47de-9a30-10e1dea3bd1d', 'usr_122');
INSERT INTO trabalho.comentarios_podcast_usuario VALUES ('comment_122_2_0', 'Repellendus beatae culpa necessitatibus pariatur ut quas.', 'b553d865-8fe2-47de-9a30-10e1dea3bd1d', 'usr_122');
INSERT INTO trabalho.comentarios_podcast_usuario VALUES ('comment_122_3_0', 'Itaque et id labore aut in et quaerat doloremque.', 'b553d865-8fe2-47de-9a30-10e1dea3bd1d', 'usr_122');
INSERT INTO trabalho.log_acesso VALUES ('log_122_0_0', 'b553d865-8fe2-47de-9a30-10e1dea3bd1d', 'usr_122');
INSERT INTO trabalho.log_acesso VALUES ('log_122_1_0', 'b553d865-8fe2-47de-9a30-10e1dea3bd1d', 'usr_122');
INSERT INTO trabalho.log_acesso VALUES ('log_122_2_0', 'b553d865-8fe2-47de-9a30-10e1dea3bd1d', 'usr_122');
INSERT INTO trabalho.usuario_esta_inscrito_no_podcast VALUES (4, 'c58b280a-56d4-4ad8-8c85-730e4ea86361', 'usr_122');
INSERT INTO trabalho.comentarios_podcast_usuario VALUES ('comment_122_0_1', 'Eum recusandae quo molestiae officiis quasi maiores odit ratione.', 'c58b280a-56d4-4ad8-8c85-730e4ea86361', 'usr_122');
INSERT INTO trabalho.comentarios_podcast_usuario VALUES ('comment_122_1_1', 'Error ipsa pariatur cum expedita quis dolorem perspiciatis alias qui.', 'c58b280a-56d4-4ad8-8c85-730e4ea86361', 'usr_122');
INSERT INTO trabalho.comentarios_podcast_usuario VALUES ('comment_122_2_1', 'Rem et vero quis recusandae officia ratione blanditiis fugit.', 'c58b280a-56d4-4ad8-8c85-730e4ea86361', 'usr_122');
INSERT INTO trabalho.comentarios_podcast_usuario VALUES ('comment_122_3_1', 'Odio enim sed molestiae delectus qui dignissimos necessitatibus tenetur quam.', 'c58b280a-56d4-4ad8-8c85-730e4ea86361', 'usr_122');
INSERT INTO trabalho.log_acesso VALUES ('log_122_0_1', 'c58b280a-56d4-4ad8-8c85-730e4ea86361', 'usr_122');
INSERT INTO trabalho.log_acesso VALUES ('log_122_1_1', 'c58b280a-56d4-4ad8-8c85-730e4ea86361', 'usr_122');
INSERT INTO trabalho.log_acesso VALUES ('log_122_2_1', 'c58b280a-56d4-4ad8-8c85-730e4ea86361', 'usr_122');
INSERT INTO trabalho.usuario_esta_inscrito_no_podcast VALUES (1, 'af46a958-b921-47b6-9f87-5c4fdc68ea79', 'usr_122');
INSERT INTO trabalho.comentarios_podcast_usuario VALUES ('comment_122_0_2', 'Aut rerum ut.', 'af46a958-b921-47b6-9f87-5c4fdc68ea79', 'usr_122');
INSERT INTO trabalho.comentarios_podcast_usuario VALUES ('comment_122_1_2', 'Nesciunt aut facere magni.', 'af46a958-b921-47b6-9f87-5c4fdc68ea79', 'usr_122');
INSERT INTO trabalho.comentarios_podcast_usuario VALUES ('comment_122_2_2', 'Atque molestiae consequatur quia deserunt quas quod omnis temporibus id.', 'af46a958-b921-47b6-9f87-5c4fdc68ea79', 'usr_122');
INSERT INTO trabalho.comentarios_podcast_usuario VALUES ('comment_122_3_2', 'Magnam quae aut voluptatem quam placeat sint harum praesentium culpa.', 'af46a958-b921-47b6-9f87-5c4fdc68ea79', 'usr_122');
INSERT INTO trabalho.comentarios_podcast_usuario VALUES ('comment_122_4_2', 'Et corporis at magnam.', 'af46a958-b921-47b6-9f87-5c4fdc68ea79', 'usr_122');
INSERT INTO trabalho.comentarios_podcast_usuario VALUES ('comment_122_5_2', 'Placeat est laboriosam corrupti eaque officiis.', 'af46a958-b921-47b6-9f87-5c4fdc68ea79', 'usr_122');
INSERT INTO trabalho.log_acesso VALUES ('log_122_0_2', 'af46a958-b921-47b6-9f87-5c4fdc68ea79', 'usr_122');
INSERT INTO trabalho.log_acesso VALUES ('log_122_1_2', 'af46a958-b921-47b6-9f87-5c4fdc68ea79', 'usr_122');
INSERT INTO trabalho.usuario VALUES ('usr_123', '123_Antnio.Martins52@bol.com.br', 'Antônio Martins', 'male', 4, trabalho.hashPassword('Password123'), 'Vanuatu');
INSERT INTO trabalho.usuario_esta_inscrito_no_podcast VALUES (5, '7e429e8e-7669-403d-bb78-3cd7f9f75afd', 'usr_123');
INSERT INTO trabalho.comentarios_podcast_usuario VALUES ('comment_123_0_0', 'Nesciunt sed dolorem molestiae unde dolores qui id.', '7e429e8e-7669-403d-bb78-3cd7f9f75afd', 'usr_123');
INSERT INTO trabalho.comentarios_podcast_usuario VALUES ('comment_123_1_0', 'Eaque aut aliquid vel inventore harum voluptas facilis.', '7e429e8e-7669-403d-bb78-3cd7f9f75afd', 'usr_123');
INSERT INTO trabalho.comentarios_podcast_usuario VALUES ('comment_123_2_0', 'Ullam dolore nisi dolorum enim vitae ducimus nulla et.', '7e429e8e-7669-403d-bb78-3cd7f9f75afd', 'usr_123');
INSERT INTO trabalho.log_acesso VALUES ('log_123_0_0', '7e429e8e-7669-403d-bb78-3cd7f9f75afd', 'usr_123');
INSERT INTO trabalho.log_acesso VALUES ('log_123_1_0', '7e429e8e-7669-403d-bb78-3cd7f9f75afd', 'usr_123');
INSERT INTO trabalho.log_acesso VALUES ('log_123_2_0', '7e429e8e-7669-403d-bb78-3cd7f9f75afd', 'usr_123');
INSERT INTO trabalho.log_acesso VALUES ('log_123_3_0', '7e429e8e-7669-403d-bb78-3cd7f9f75afd', 'usr_123');
INSERT INTO trabalho.usuario_esta_inscrito_no_podcast VALUES (0, 'fa3abe16-3645-4d22-a01d-893e6f20c408', 'usr_123');
INSERT INTO trabalho.comentarios_podcast_usuario VALUES ('comment_123_0_1', 'Nesciunt cupiditate qui.', 'fa3abe16-3645-4d22-a01d-893e6f20c408', 'usr_123');
INSERT INTO trabalho.comentarios_podcast_usuario VALUES ('comment_123_1_1', 'Ad mollitia laboriosam ipsam laborum vel illo.', 'fa3abe16-3645-4d22-a01d-893e6f20c408', 'usr_123');
INSERT INTO trabalho.log_acesso VALUES ('log_123_0_1', 'fa3abe16-3645-4d22-a01d-893e6f20c408', 'usr_123');
INSERT INTO trabalho.usuario_esta_inscrito_no_podcast VALUES (3, 'c58b280a-56d4-4ad8-8c85-730e4ea86361', 'usr_123');
INSERT INTO trabalho.comentarios_podcast_usuario VALUES ('comment_123_0_2', 'Ut nostrum consequuntur quia doloremque qui architecto quod quos consequatur.', 'c58b280a-56d4-4ad8-8c85-730e4ea86361', 'usr_123');
INSERT INTO trabalho.comentarios_podcast_usuario VALUES ('comment_123_1_2', 'Iure fuga ratione atque.', 'c58b280a-56d4-4ad8-8c85-730e4ea86361', 'usr_123');
INSERT INTO trabalho.comentarios_podcast_usuario VALUES ('comment_123_2_2', 'Aut provident est ut in.', 'c58b280a-56d4-4ad8-8c85-730e4ea86361', 'usr_123');
INSERT INTO trabalho.log_acesso VALUES ('log_123_0_2', 'c58b280a-56d4-4ad8-8c85-730e4ea86361', 'usr_123');
INSERT INTO trabalho.log_acesso VALUES ('log_123_1_2', 'c58b280a-56d4-4ad8-8c85-730e4ea86361', 'usr_123');
INSERT INTO trabalho.log_acesso VALUES ('log_123_2_2', 'c58b280a-56d4-4ad8-8c85-730e4ea86361', 'usr_123');
INSERT INTO trabalho.usuario VALUES ('usr_124', '124_Samuel.Costa23@bol.com.br', 'Samuel Costa', 'male', 42, trabalho.hashPassword('Password123'), 'Quiribati');
INSERT INTO trabalho.usuario_esta_inscrito_no_podcast VALUES (2, '168c1536-4c42-4b8f-8c77-f06affefec6a', 'usr_124');
INSERT INTO trabalho.comentarios_podcast_usuario VALUES ('comment_124_0_0', 'Necessitatibus aut perspiciatis aut at voluptatibus qui.', '168c1536-4c42-4b8f-8c77-f06affefec6a', 'usr_124');
INSERT INTO trabalho.comentarios_podcast_usuario VALUES ('comment_124_1_0', 'Non dolorum veritatis consectetur ipsam blanditiis quis qui qui.', '168c1536-4c42-4b8f-8c77-f06affefec6a', 'usr_124');
INSERT INTO trabalho.comentarios_podcast_usuario VALUES ('comment_124_2_0', 'Quia expedita inventore distinctio velit.', '168c1536-4c42-4b8f-8c77-f06affefec6a', 'usr_124');
INSERT INTO trabalho.log_acesso VALUES ('log_124_0_0', '168c1536-4c42-4b8f-8c77-f06affefec6a', 'usr_124');
INSERT INTO trabalho.log_acesso VALUES ('log_124_1_0', '168c1536-4c42-4b8f-8c77-f06affefec6a', 'usr_124');
INSERT INTO trabalho.log_acesso VALUES ('log_124_2_0', '168c1536-4c42-4b8f-8c77-f06affefec6a', 'usr_124');
INSERT INTO trabalho.log_acesso VALUES ('log_124_3_0', '168c1536-4c42-4b8f-8c77-f06affefec6a', 'usr_124');
INSERT INTO trabalho.log_acesso VALUES ('log_124_4_0', '168c1536-4c42-4b8f-8c77-f06affefec6a', 'usr_124');
INSERT INTO trabalho.usuario_esta_inscrito_no_podcast VALUES (4, 'af46a958-b921-47b6-9f87-5c4fdc68ea79', 'usr_124');
INSERT INTO trabalho.comentarios_podcast_usuario VALUES ('comment_124_0_1', 'Amet doloribus veritatis ut perferendis incidunt.', 'af46a958-b921-47b6-9f87-5c4fdc68ea79', 'usr_124');
INSERT INTO trabalho.comentarios_podcast_usuario VALUES ('comment_124_1_1', 'Iste aut odit a vero voluptatem fugit et.', 'af46a958-b921-47b6-9f87-5c4fdc68ea79', 'usr_124');
INSERT INTO trabalho.comentarios_podcast_usuario VALUES ('comment_124_2_1', 'Eaque odit sit eos quis vel eos.', 'af46a958-b921-47b6-9f87-5c4fdc68ea79', 'usr_124');
INSERT INTO trabalho.log_acesso VALUES ('log_124_0_1', 'af46a958-b921-47b6-9f87-5c4fdc68ea79', 'usr_124');
INSERT INTO trabalho.log_acesso VALUES ('log_124_1_1', 'af46a958-b921-47b6-9f87-5c4fdc68ea79', 'usr_124');
INSERT INTO trabalho.log_acesso VALUES ('log_124_2_1', 'af46a958-b921-47b6-9f87-5c4fdc68ea79', 'usr_124');
INSERT INTO trabalho.log_acesso VALUES ('log_124_3_1', 'af46a958-b921-47b6-9f87-5c4fdc68ea79', 'usr_124');
INSERT INTO trabalho.log_acesso VALUES ('log_124_4_1', 'af46a958-b921-47b6-9f87-5c4fdc68ea79', 'usr_124');
INSERT INTO trabalho.usuario_esta_inscrito_no_podcast VALUES (4, '5bdf7377-8330-4f9f-8efd-e95301c122ce', 'usr_124');
INSERT INTO trabalho.comentarios_podcast_usuario VALUES ('comment_124_0_2', 'Architecto aut qui modi molestiae unde illo ea.', '5bdf7377-8330-4f9f-8efd-e95301c122ce', 'usr_124');
INSERT INTO trabalho.comentarios_podcast_usuario VALUES ('comment_124_1_2', 'Dignissimos dignissimos consequatur expedita illum autem ab maxime blanditiis ratione.', '5bdf7377-8330-4f9f-8efd-e95301c122ce', 'usr_124');
INSERT INTO trabalho.log_acesso VALUES ('log_124_0_2', '5bdf7377-8330-4f9f-8efd-e95301c122ce', 'usr_124');
INSERT INTO trabalho.log_acesso VALUES ('log_124_1_2', '5bdf7377-8330-4f9f-8efd-e95301c122ce', 'usr_124');
INSERT INTO trabalho.usuario VALUES ('usr_125', '125_Lorenzo_Nogueira@live.com', 'Lorenzo Nogueira', 'male', 59, trabalho.hashPassword('Password123'), 'Cabo Verde');
INSERT INTO trabalho.usuario_esta_inscrito_no_podcast VALUES (3, '5bdf7377-8330-4f9f-8efd-e95301c122ce', 'usr_125');
INSERT INTO trabalho.comentarios_podcast_usuario VALUES ('comment_125_0_0', 'Ipsam excepturi in modi perferendis fugiat et qui aut.', '5bdf7377-8330-4f9f-8efd-e95301c122ce', 'usr_125');
INSERT INTO trabalho.comentarios_podcast_usuario VALUES ('comment_125_1_0', 'Aut magni alias eum eos soluta qui atque unde.', '5bdf7377-8330-4f9f-8efd-e95301c122ce', 'usr_125');
INSERT INTO trabalho.comentarios_podcast_usuario VALUES ('comment_125_2_0', 'Qui incidunt eius et at aut.', '5bdf7377-8330-4f9f-8efd-e95301c122ce', 'usr_125');
INSERT INTO trabalho.comentarios_podcast_usuario VALUES ('comment_125_3_0', 'Ipsa fuga modi ipsam.', '5bdf7377-8330-4f9f-8efd-e95301c122ce', 'usr_125');
INSERT INTO trabalho.comentarios_podcast_usuario VALUES ('comment_125_4_0', 'Laboriosam fugiat error sint natus et eum non facere.', '5bdf7377-8330-4f9f-8efd-e95301c122ce', 'usr_125');
INSERT INTO trabalho.comentarios_podcast_usuario VALUES ('comment_125_5_0', 'Porro velit ullam omnis.', '5bdf7377-8330-4f9f-8efd-e95301c122ce', 'usr_125');
INSERT INTO trabalho.log_acesso VALUES ('log_125_0_0', '5bdf7377-8330-4f9f-8efd-e95301c122ce', 'usr_125');
INSERT INTO trabalho.usuario_esta_inscrito_no_podcast VALUES (2, 'c58b280a-56d4-4ad8-8c85-730e4ea86361', 'usr_125');
INSERT INTO trabalho.comentarios_podcast_usuario VALUES ('comment_125_0_1', 'Doloribus et maiores repellat illum reprehenderit laudantium.', 'c58b280a-56d4-4ad8-8c85-730e4ea86361', 'usr_125');
INSERT INTO trabalho.comentarios_podcast_usuario VALUES ('comment_125_1_1', 'Sunt veritatis laboriosam laborum facere.', 'c58b280a-56d4-4ad8-8c85-730e4ea86361', 'usr_125');
INSERT INTO trabalho.log_acesso VALUES ('log_125_0_1', 'c58b280a-56d4-4ad8-8c85-730e4ea86361', 'usr_125');
INSERT INTO trabalho.log_acesso VALUES ('log_125_1_1', 'c58b280a-56d4-4ad8-8c85-730e4ea86361', 'usr_125');
INSERT INTO trabalho.usuario_esta_inscrito_no_podcast VALUES (1, 'fa3abe16-3645-4d22-a01d-893e6f20c408', 'usr_125');
INSERT INTO trabalho.comentarios_podcast_usuario VALUES ('comment_125_0_2', 'Quis nisi earum aut veritatis enim modi.', 'fa3abe16-3645-4d22-a01d-893e6f20c408', 'usr_125');
INSERT INTO trabalho.comentarios_podcast_usuario VALUES ('comment_125_1_2', 'Quaerat voluptatum et quod omnis.', 'fa3abe16-3645-4d22-a01d-893e6f20c408', 'usr_125');
INSERT INTO trabalho.log_acesso VALUES ('log_125_0_2', 'fa3abe16-3645-4d22-a01d-893e6f20c408', 'usr_125');
INSERT INTO trabalho.log_acesso VALUES ('log_125_1_2', 'fa3abe16-3645-4d22-a01d-893e6f20c408', 'usr_125');
INSERT INTO trabalho.log_acesso VALUES ('log_125_2_2', 'fa3abe16-3645-4d22-a01d-893e6f20c408', 'usr_125');
INSERT INTO trabalho.log_acesso VALUES ('log_125_3_2', 'fa3abe16-3645-4d22-a01d-893e6f20c408', 'usr_125');
INSERT INTO trabalho.usuario VALUES ('usr_126', '126_Esther_Pereira@yahoo.com', 'Esther Pereira', 'female', 7, trabalho.hashPassword('Password123'), 'Argentina');
INSERT INTO trabalho.usuario_esta_inscrito_no_podcast VALUES (3, 'b553d865-8fe2-47de-9a30-10e1dea3bd1d', 'usr_126');
INSERT INTO trabalho.comentarios_podcast_usuario VALUES ('comment_126_0_0', 'Quia accusantium repudiandae architecto.', 'b553d865-8fe2-47de-9a30-10e1dea3bd1d', 'usr_126');
INSERT INTO trabalho.comentarios_podcast_usuario VALUES ('comment_126_1_0', 'Recusandae natus eveniet sapiente voluptate nesciunt veritatis dolor debitis.', 'b553d865-8fe2-47de-9a30-10e1dea3bd1d', 'usr_126');
INSERT INTO trabalho.comentarios_podcast_usuario VALUES ('comment_126_2_0', 'Architecto ab cum amet.', 'b553d865-8fe2-47de-9a30-10e1dea3bd1d', 'usr_126');
INSERT INTO trabalho.comentarios_podcast_usuario VALUES ('comment_126_3_0', 'Ut voluptatem deserunt natus.', 'b553d865-8fe2-47de-9a30-10e1dea3bd1d', 'usr_126');
INSERT INTO trabalho.comentarios_podcast_usuario VALUES ('comment_126_4_0', 'Atque iste sit ut nisi ipsum expedita sint vitae officiis.', 'b553d865-8fe2-47de-9a30-10e1dea3bd1d', 'usr_126');
INSERT INTO trabalho.log_acesso VALUES ('log_126_0_0', 'b553d865-8fe2-47de-9a30-10e1dea3bd1d', 'usr_126');
INSERT INTO trabalho.log_acesso VALUES ('log_126_1_0', 'b553d865-8fe2-47de-9a30-10e1dea3bd1d', 'usr_126');
INSERT INTO trabalho.log_acesso VALUES ('log_126_2_0', 'b553d865-8fe2-47de-9a30-10e1dea3bd1d', 'usr_126');
INSERT INTO trabalho.log_acesso VALUES ('log_126_3_0', 'b553d865-8fe2-47de-9a30-10e1dea3bd1d', 'usr_126');
INSERT INTO trabalho.usuario_esta_inscrito_no_podcast VALUES (0, 'af46a958-b921-47b6-9f87-5c4fdc68ea79', 'usr_126');
INSERT INTO trabalho.comentarios_podcast_usuario VALUES ('comment_126_0_1', 'Natus et commodi labore numquam autem dolorem odit repellat ullam.', 'af46a958-b921-47b6-9f87-5c4fdc68ea79', 'usr_126');
INSERT INTO trabalho.comentarios_podcast_usuario VALUES ('comment_126_1_1', 'Asperiores sed molestiae.', 'af46a958-b921-47b6-9f87-5c4fdc68ea79', 'usr_126');
INSERT INTO trabalho.comentarios_podcast_usuario VALUES ('comment_126_2_1', 'Facilis blanditiis excepturi nostrum et est vitae id quia.', 'af46a958-b921-47b6-9f87-5c4fdc68ea79', 'usr_126');
INSERT INTO trabalho.log_acesso VALUES ('log_126_0_1', 'af46a958-b921-47b6-9f87-5c4fdc68ea79', 'usr_126');
INSERT INTO trabalho.log_acesso VALUES ('log_126_1_1', 'af46a958-b921-47b6-9f87-5c4fdc68ea79', 'usr_126');
INSERT INTO trabalho.usuario_esta_inscrito_no_podcast VALUES (0, 'f8e13774-d631-4f34-93f0-2f5d55590265', 'usr_126');
INSERT INTO trabalho.comentarios_podcast_usuario VALUES ('comment_126_0_2', 'Veritatis voluptatem similique quam eius nesciunt sunt ipsam voluptatum vero.', 'f8e13774-d631-4f34-93f0-2f5d55590265', 'usr_126');
INSERT INTO trabalho.comentarios_podcast_usuario VALUES ('comment_126_1_2', 'A beatae quae.', 'f8e13774-d631-4f34-93f0-2f5d55590265', 'usr_126');
INSERT INTO trabalho.log_acesso VALUES ('log_126_0_2', 'f8e13774-d631-4f34-93f0-2f5d55590265', 'usr_126');
INSERT INTO trabalho.log_acesso VALUES ('log_126_1_2', 'f8e13774-d631-4f34-93f0-2f5d55590265', 'usr_126');
INSERT INTO trabalho.log_acesso VALUES ('log_126_2_2', 'f8e13774-d631-4f34-93f0-2f5d55590265', 'usr_126');
INSERT INTO trabalho.log_acesso VALUES ('log_126_3_2', 'f8e13774-d631-4f34-93f0-2f5d55590265', 'usr_126');
INSERT INTO trabalho.log_acesso VALUES ('log_126_4_2', 'f8e13774-d631-4f34-93f0-2f5d55590265', 'usr_126');
INSERT INTO trabalho.log_acesso VALUES ('log_126_5_2', 'f8e13774-d631-4f34-93f0-2f5d55590265', 'usr_126');
INSERT INTO trabalho.usuario VALUES ('usr_127', '127_Tho.Moraes73@yahoo.com', 'Théo Moraes', 'male', 22, trabalho.hashPassword('Password123'), 'Cuba');
INSERT INTO trabalho.usuario_esta_inscrito_no_podcast VALUES (0, '7e429e8e-7669-403d-bb78-3cd7f9f75afd', 'usr_127');
INSERT INTO trabalho.comentarios_podcast_usuario VALUES ('comment_127_0_0', 'Maiores qui est magnam eveniet quas.', '7e429e8e-7669-403d-bb78-3cd7f9f75afd', 'usr_127');
INSERT INTO trabalho.comentarios_podcast_usuario VALUES ('comment_127_1_0', 'Quia aut atque aspernatur aut nihil quam quas.', '7e429e8e-7669-403d-bb78-3cd7f9f75afd', 'usr_127');
INSERT INTO trabalho.log_acesso VALUES ('log_127_0_0', '7e429e8e-7669-403d-bb78-3cd7f9f75afd', 'usr_127');
INSERT INTO trabalho.usuario_esta_inscrito_no_podcast VALUES (4, 'de2f0ddb-9903-436a-a5e2-54224254c818', 'usr_127');
INSERT INTO trabalho.comentarios_podcast_usuario VALUES ('comment_127_0_1', 'Unde sint aut.', 'de2f0ddb-9903-436a-a5e2-54224254c818', 'usr_127');
INSERT INTO trabalho.comentarios_podcast_usuario VALUES ('comment_127_1_1', 'Eveniet quod aut iste quo commodi eum.', 'de2f0ddb-9903-436a-a5e2-54224254c818', 'usr_127');
INSERT INTO trabalho.comentarios_podcast_usuario VALUES ('comment_127_2_1', 'Illum exercitationem quis mollitia nostrum velit pariatur ad ratione.', 'de2f0ddb-9903-436a-a5e2-54224254c818', 'usr_127');
INSERT INTO trabalho.comentarios_podcast_usuario VALUES ('comment_127_3_1', 'Voluptas quae occaecati sapiente eligendi.', 'de2f0ddb-9903-436a-a5e2-54224254c818', 'usr_127');
INSERT INTO trabalho.log_acesso VALUES ('log_127_0_1', 'de2f0ddb-9903-436a-a5e2-54224254c818', 'usr_127');
INSERT INTO trabalho.log_acesso VALUES ('log_127_1_1', 'de2f0ddb-9903-436a-a5e2-54224254c818', 'usr_127');
INSERT INTO trabalho.log_acesso VALUES ('log_127_2_1', 'de2f0ddb-9903-436a-a5e2-54224254c818', 'usr_127');
INSERT INTO trabalho.log_acesso VALUES ('log_127_3_1', 'de2f0ddb-9903-436a-a5e2-54224254c818', 'usr_127');
INSERT INTO trabalho.usuario_esta_inscrito_no_podcast VALUES (5, 'fa3abe16-3645-4d22-a01d-893e6f20c408', 'usr_127');
INSERT INTO trabalho.comentarios_podcast_usuario VALUES ('comment_127_0_2', 'Repellat voluptas saepe voluptatum qui.', 'fa3abe16-3645-4d22-a01d-893e6f20c408', 'usr_127');
INSERT INTO trabalho.comentarios_podcast_usuario VALUES ('comment_127_1_2', 'Laboriosam eum dolor nihil sapiente temporibus eius dolores et blanditiis.', 'fa3abe16-3645-4d22-a01d-893e6f20c408', 'usr_127');
INSERT INTO trabalho.log_acesso VALUES ('log_127_0_2', 'fa3abe16-3645-4d22-a01d-893e6f20c408', 'usr_127');
INSERT INTO trabalho.usuario VALUES ('usr_128', '128_Lorena_Pereira@live.com', 'Lorena Pereira', 'female', 41, trabalho.hashPassword('Password123'), 'Malawi');
INSERT INTO trabalho.usuario_esta_inscrito_no_podcast VALUES (5, '219328a1-cec6-4e8c-b003-52a3ec9766bb', 'usr_128');
INSERT INTO trabalho.comentarios_podcast_usuario VALUES ('comment_128_0_0', 'Et deserunt recusandae quisquam.', '219328a1-cec6-4e8c-b003-52a3ec9766bb', 'usr_128');
INSERT INTO trabalho.comentarios_podcast_usuario VALUES ('comment_128_1_0', 'Consequuntur qui aut praesentium rerum.', '219328a1-cec6-4e8c-b003-52a3ec9766bb', 'usr_128');
INSERT INTO trabalho.log_acesso VALUES ('log_128_0_0', '219328a1-cec6-4e8c-b003-52a3ec9766bb', 'usr_128');
INSERT INTO trabalho.log_acesso VALUES ('log_128_1_0', '219328a1-cec6-4e8c-b003-52a3ec9766bb', 'usr_128');
INSERT INTO trabalho.log_acesso VALUES ('log_128_2_0', '219328a1-cec6-4e8c-b003-52a3ec9766bb', 'usr_128');
INSERT INTO trabalho.log_acesso VALUES ('log_128_3_0', '219328a1-cec6-4e8c-b003-52a3ec9766bb', 'usr_128');
INSERT INTO trabalho.log_acesso VALUES ('log_128_4_0', '219328a1-cec6-4e8c-b003-52a3ec9766bb', 'usr_128');
INSERT INTO trabalho.log_acesso VALUES ('log_128_5_0', '219328a1-cec6-4e8c-b003-52a3ec9766bb', 'usr_128');
INSERT INTO trabalho.usuario_esta_inscrito_no_podcast VALUES (1, 'af46a958-b921-47b6-9f87-5c4fdc68ea79', 'usr_128');
INSERT INTO trabalho.comentarios_podcast_usuario VALUES ('comment_128_0_1', 'Omnis fuga consequuntur perferendis voluptas.', 'af46a958-b921-47b6-9f87-5c4fdc68ea79', 'usr_128');
INSERT INTO trabalho.comentarios_podcast_usuario VALUES ('comment_128_1_1', 'Et sunt ex iure voluptas quis.', 'af46a958-b921-47b6-9f87-5c4fdc68ea79', 'usr_128');
INSERT INTO trabalho.comentarios_podcast_usuario VALUES ('comment_128_2_1', 'Nihil aliquid temporibus consectetur impedit quidem inventore.', 'af46a958-b921-47b6-9f87-5c4fdc68ea79', 'usr_128');
INSERT INTO trabalho.log_acesso VALUES ('log_128_0_1', 'af46a958-b921-47b6-9f87-5c4fdc68ea79', 'usr_128');
INSERT INTO trabalho.log_acesso VALUES ('log_128_1_1', 'af46a958-b921-47b6-9f87-5c4fdc68ea79', 'usr_128');
INSERT INTO trabalho.log_acesso VALUES ('log_128_2_1', 'af46a958-b921-47b6-9f87-5c4fdc68ea79', 'usr_128');
INSERT INTO trabalho.log_acesso VALUES ('log_128_3_1', 'af46a958-b921-47b6-9f87-5c4fdc68ea79', 'usr_128');
INSERT INTO trabalho.log_acesso VALUES ('log_128_4_1', 'af46a958-b921-47b6-9f87-5c4fdc68ea79', 'usr_128');
INSERT INTO trabalho.log_acesso VALUES ('log_128_5_1', 'af46a958-b921-47b6-9f87-5c4fdc68ea79', 'usr_128');
INSERT INTO trabalho.usuario_esta_inscrito_no_podcast VALUES (5, '5bdf7377-8330-4f9f-8efd-e95301c122ce', 'usr_128');
INSERT INTO trabalho.comentarios_podcast_usuario VALUES ('comment_128_0_2', 'Non exercitationem fugiat tempora quis exercitationem illum.', '5bdf7377-8330-4f9f-8efd-e95301c122ce', 'usr_128');
INSERT INTO trabalho.comentarios_podcast_usuario VALUES ('comment_128_1_2', 'Sapiente animi id iste in velit quia.', '5bdf7377-8330-4f9f-8efd-e95301c122ce', 'usr_128');
INSERT INTO trabalho.log_acesso VALUES ('log_128_0_2', '5bdf7377-8330-4f9f-8efd-e95301c122ce', 'usr_128');
INSERT INTO trabalho.log_acesso VALUES ('log_128_1_2', '5bdf7377-8330-4f9f-8efd-e95301c122ce', 'usr_128');
INSERT INTO trabalho.usuario VALUES ('usr_129', '129_Oflia58@live.com', 'Ofélia Carvalho', 'female', 45, trabalho.hashPassword('Password123'), 'Myanmar');
INSERT INTO trabalho.usuario_esta_inscrito_no_podcast VALUES (3, 'b553d865-8fe2-47de-9a30-10e1dea3bd1d', 'usr_129');
INSERT INTO trabalho.comentarios_podcast_usuario VALUES ('comment_129_0_0', 'Sit sed harum nulla ea voluptatibus ex.', 'b553d865-8fe2-47de-9a30-10e1dea3bd1d', 'usr_129');
INSERT INTO trabalho.comentarios_podcast_usuario VALUES ('comment_129_1_0', 'Reprehenderit vel natus ab esse placeat corporis at sequi ut.', 'b553d865-8fe2-47de-9a30-10e1dea3bd1d', 'usr_129');
INSERT INTO trabalho.comentarios_podcast_usuario VALUES ('comment_129_2_0', 'Sunt dolores tenetur est explicabo aut.', 'b553d865-8fe2-47de-9a30-10e1dea3bd1d', 'usr_129');
INSERT INTO trabalho.comentarios_podcast_usuario VALUES ('comment_129_3_0', 'Ut ab quas qui alias ipsam autem fuga.', 'b553d865-8fe2-47de-9a30-10e1dea3bd1d', 'usr_129');
INSERT INTO trabalho.log_acesso VALUES ('log_129_0_0', 'b553d865-8fe2-47de-9a30-10e1dea3bd1d', 'usr_129');
INSERT INTO trabalho.log_acesso VALUES ('log_129_1_0', 'b553d865-8fe2-47de-9a30-10e1dea3bd1d', 'usr_129');
INSERT INTO trabalho.log_acesso VALUES ('log_129_2_0', 'b553d865-8fe2-47de-9a30-10e1dea3bd1d', 'usr_129');
INSERT INTO trabalho.log_acesso VALUES ('log_129_3_0', 'b553d865-8fe2-47de-9a30-10e1dea3bd1d', 'usr_129');
INSERT INTO trabalho.usuario_esta_inscrito_no_podcast VALUES (1, 'f0166bd2-8e4d-4308-b5d7-0b3d627c5dc5', 'usr_129');
INSERT INTO trabalho.comentarios_podcast_usuario VALUES ('comment_129_0_1', 'Voluptas modi et facilis explicabo quas debitis excepturi et.', 'f0166bd2-8e4d-4308-b5d7-0b3d627c5dc5', 'usr_129');
INSERT INTO trabalho.comentarios_podcast_usuario VALUES ('comment_129_1_1', 'Est ipsam rerum nam quo in ipsum.', 'f0166bd2-8e4d-4308-b5d7-0b3d627c5dc5', 'usr_129');
INSERT INTO trabalho.log_acesso VALUES ('log_129_0_1', 'f0166bd2-8e4d-4308-b5d7-0b3d627c5dc5', 'usr_129');
INSERT INTO trabalho.log_acesso VALUES ('log_129_1_1', 'f0166bd2-8e4d-4308-b5d7-0b3d627c5dc5', 'usr_129');
INSERT INTO trabalho.log_acesso VALUES ('log_129_2_1', 'f0166bd2-8e4d-4308-b5d7-0b3d627c5dc5', 'usr_129');
INSERT INTO trabalho.usuario_esta_inscrito_no_podcast VALUES (1, 'fa3abe16-3645-4d22-a01d-893e6f20c408', 'usr_129');
INSERT INTO trabalho.comentarios_podcast_usuario VALUES ('comment_129_0_2', 'Vel possimus ut voluptas omnis.', 'fa3abe16-3645-4d22-a01d-893e6f20c408', 'usr_129');
INSERT INTO trabalho.comentarios_podcast_usuario VALUES ('comment_129_1_2', 'Similique aliquam nobis vero et.', 'fa3abe16-3645-4d22-a01d-893e6f20c408', 'usr_129');
INSERT INTO trabalho.comentarios_podcast_usuario VALUES ('comment_129_2_2', 'Consequuntur vitae porro quis sed.', 'fa3abe16-3645-4d22-a01d-893e6f20c408', 'usr_129');
INSERT INTO trabalho.comentarios_podcast_usuario VALUES ('comment_129_3_2', 'Fugit rem magni fugiat cumque consequuntur rerum accusamus sit tempora.', 'fa3abe16-3645-4d22-a01d-893e6f20c408', 'usr_129');
INSERT INTO trabalho.comentarios_podcast_usuario VALUES ('comment_129_4_2', 'Non doloremque labore fuga laudantium et at.', 'fa3abe16-3645-4d22-a01d-893e6f20c408', 'usr_129');
INSERT INTO trabalho.log_acesso VALUES ('log_129_0_2', 'fa3abe16-3645-4d22-a01d-893e6f20c408', 'usr_129');
INSERT INTO trabalho.log_acesso VALUES ('log_129_1_2', 'fa3abe16-3645-4d22-a01d-893e6f20c408', 'usr_129');
INSERT INTO trabalho.usuario VALUES ('usr_130', '130_Bernardo77@live.com', 'Bernardo Souza', 'male', 54, trabalho.hashPassword('Password123'), 'Guadalupe');
INSERT INTO trabalho.usuario_esta_inscrito_no_podcast VALUES (2, 'f1b92ce7-47a7-43cd-8586-4a09185cdd05', 'usr_130');
INSERT INTO trabalho.comentarios_podcast_usuario VALUES ('comment_130_0_0', 'Cupiditate et dignissimos ipsum quod quos qui.', 'f1b92ce7-47a7-43cd-8586-4a09185cdd05', 'usr_130');
INSERT INTO trabalho.comentarios_podcast_usuario VALUES ('comment_130_1_0', 'Recusandae consequatur doloremque reprehenderit et aperiam ab quia omnis.', 'f1b92ce7-47a7-43cd-8586-4a09185cdd05', 'usr_130');
INSERT INTO trabalho.comentarios_podcast_usuario VALUES ('comment_130_2_0', 'Consequatur ducimus voluptatem id occaecati quas quidem voluptate ab.', 'f1b92ce7-47a7-43cd-8586-4a09185cdd05', 'usr_130');
INSERT INTO trabalho.comentarios_podcast_usuario VALUES ('comment_130_3_0', 'Molestias dicta ea magnam neque quam.', 'f1b92ce7-47a7-43cd-8586-4a09185cdd05', 'usr_130');
INSERT INTO trabalho.comentarios_podcast_usuario VALUES ('comment_130_4_0', 'Consequatur quia vel est veniam aut perspiciatis.', 'f1b92ce7-47a7-43cd-8586-4a09185cdd05', 'usr_130');
INSERT INTO trabalho.log_acesso VALUES ('log_130_0_0', 'f1b92ce7-47a7-43cd-8586-4a09185cdd05', 'usr_130');
INSERT INTO trabalho.log_acesso VALUES ('log_130_1_0', 'f1b92ce7-47a7-43cd-8586-4a09185cdd05', 'usr_130');
INSERT INTO trabalho.log_acesso VALUES ('log_130_2_0', 'f1b92ce7-47a7-43cd-8586-4a09185cdd05', 'usr_130');
INSERT INTO trabalho.log_acesso VALUES ('log_130_3_0', 'f1b92ce7-47a7-43cd-8586-4a09185cdd05', 'usr_130');
INSERT INTO trabalho.usuario_esta_inscrito_no_podcast VALUES (1, 'af46a958-b921-47b6-9f87-5c4fdc68ea79', 'usr_130');
INSERT INTO trabalho.comentarios_podcast_usuario VALUES ('comment_130_0_1', 'Blanditiis aperiam consectetur voluptatibus rerum autem ipsa est et.', 'af46a958-b921-47b6-9f87-5c4fdc68ea79', 'usr_130');
INSERT INTO trabalho.comentarios_podcast_usuario VALUES ('comment_130_1_1', 'A cumque exercitationem.', 'af46a958-b921-47b6-9f87-5c4fdc68ea79', 'usr_130');
INSERT INTO trabalho.comentarios_podcast_usuario VALUES ('comment_130_2_1', 'Quia dolorem et similique.', 'af46a958-b921-47b6-9f87-5c4fdc68ea79', 'usr_130');
INSERT INTO trabalho.log_acesso VALUES ('log_130_0_1', 'af46a958-b921-47b6-9f87-5c4fdc68ea79', 'usr_130');
INSERT INTO trabalho.log_acesso VALUES ('log_130_1_1', 'af46a958-b921-47b6-9f87-5c4fdc68ea79', 'usr_130');
INSERT INTO trabalho.log_acesso VALUES ('log_130_2_1', 'af46a958-b921-47b6-9f87-5c4fdc68ea79', 'usr_130');
INSERT INTO trabalho.log_acesso VALUES ('log_130_3_1', 'af46a958-b921-47b6-9f87-5c4fdc68ea79', 'usr_130');
INSERT INTO trabalho.usuario_esta_inscrito_no_podcast VALUES (0, 'bc8dac25-793c-4a96-aafc-4ea7020f4f60', 'usr_130');
INSERT INTO trabalho.comentarios_podcast_usuario VALUES ('comment_130_0_2', 'Et totam voluptas qui ullam fugit modi nulla.', 'bc8dac25-793c-4a96-aafc-4ea7020f4f60', 'usr_130');
INSERT INTO trabalho.log_acesso VALUES ('log_130_0_2', 'bc8dac25-793c-4a96-aafc-4ea7020f4f60', 'usr_130');
INSERT INTO trabalho.log_acesso VALUES ('log_130_1_2', 'bc8dac25-793c-4a96-aafc-4ea7020f4f60', 'usr_130');
INSERT INTO trabalho.usuario VALUES ('usr_131', '131_Daniel.Saraiva5@bol.com.br', 'Daniel Saraiva', 'male', 55, trabalho.hashPassword('Password123'), 'Quirguistão');
INSERT INTO trabalho.usuario_esta_inscrito_no_podcast VALUES (5, 'f1b92ce7-47a7-43cd-8586-4a09185cdd05', 'usr_131');
INSERT INTO trabalho.comentarios_podcast_usuario VALUES ('comment_131_0_0', 'Dicta praesentium id temporibus.', 'f1b92ce7-47a7-43cd-8586-4a09185cdd05', 'usr_131');
INSERT INTO trabalho.comentarios_podcast_usuario VALUES ('comment_131_1_0', 'Atque debitis atque officiis consequatur eos sint vitae.', 'f1b92ce7-47a7-43cd-8586-4a09185cdd05', 'usr_131');
INSERT INTO trabalho.log_acesso VALUES ('log_131_0_0', 'f1b92ce7-47a7-43cd-8586-4a09185cdd05', 'usr_131');
INSERT INTO trabalho.log_acesso VALUES ('log_131_1_0', 'f1b92ce7-47a7-43cd-8586-4a09185cdd05', 'usr_131');
INSERT INTO trabalho.usuario_esta_inscrito_no_podcast VALUES (3, 'af46a958-b921-47b6-9f87-5c4fdc68ea79', 'usr_131');
INSERT INTO trabalho.comentarios_podcast_usuario VALUES ('comment_131_0_1', 'Officia sit sit adipisci rerum quaerat.', 'af46a958-b921-47b6-9f87-5c4fdc68ea79', 'usr_131');
INSERT INTO trabalho.comentarios_podcast_usuario VALUES ('comment_131_1_1', 'Et doloribus provident reprehenderit omnis voluptas.', 'af46a958-b921-47b6-9f87-5c4fdc68ea79', 'usr_131');
INSERT INTO trabalho.comentarios_podcast_usuario VALUES ('comment_131_2_1', 'Impedit quia ipsum odit ipsa magni.', 'af46a958-b921-47b6-9f87-5c4fdc68ea79', 'usr_131');
INSERT INTO trabalho.log_acesso VALUES ('log_131_0_1', 'af46a958-b921-47b6-9f87-5c4fdc68ea79', 'usr_131');
INSERT INTO trabalho.log_acesso VALUES ('log_131_1_1', 'af46a958-b921-47b6-9f87-5c4fdc68ea79', 'usr_131');
INSERT INTO trabalho.log_acesso VALUES ('log_131_2_1', 'af46a958-b921-47b6-9f87-5c4fdc68ea79', 'usr_131');
INSERT INTO trabalho.log_acesso VALUES ('log_131_3_1', 'af46a958-b921-47b6-9f87-5c4fdc68ea79', 'usr_131');
INSERT INTO trabalho.log_acesso VALUES ('log_131_4_1', 'af46a958-b921-47b6-9f87-5c4fdc68ea79', 'usr_131');
INSERT INTO trabalho.log_acesso VALUES ('log_131_5_1', 'af46a958-b921-47b6-9f87-5c4fdc68ea79', 'usr_131');
INSERT INTO trabalho.log_acesso VALUES ('log_131_6_1', 'af46a958-b921-47b6-9f87-5c4fdc68ea79', 'usr_131');
INSERT INTO trabalho.log_acesso VALUES ('log_131_7_1', 'af46a958-b921-47b6-9f87-5c4fdc68ea79', 'usr_131');
INSERT INTO trabalho.usuario_esta_inscrito_no_podcast VALUES (3, '168c1536-4c42-4b8f-8c77-f06affefec6a', 'usr_131');
INSERT INTO trabalho.comentarios_podcast_usuario VALUES ('comment_131_0_2', 'Ipsam voluptatem libero qui cupiditate nisi delectus ut maiores ipsa.', '168c1536-4c42-4b8f-8c77-f06affefec6a', 'usr_131');
INSERT INTO trabalho.comentarios_podcast_usuario VALUES ('comment_131_1_2', 'Reprehenderit aut voluptatem dolorum repellendus blanditiis veritatis dolor amet.', '168c1536-4c42-4b8f-8c77-f06affefec6a', 'usr_131');
INSERT INTO trabalho.comentarios_podcast_usuario VALUES ('comment_131_2_2', 'Distinctio repudiandae ea non aliquam recusandae odio.', '168c1536-4c42-4b8f-8c77-f06affefec6a', 'usr_131');
INSERT INTO trabalho.log_acesso VALUES ('log_131_0_2', '168c1536-4c42-4b8f-8c77-f06affefec6a', 'usr_131');
INSERT INTO trabalho.log_acesso VALUES ('log_131_1_2', '168c1536-4c42-4b8f-8c77-f06affefec6a', 'usr_131');
INSERT INTO trabalho.log_acesso VALUES ('log_131_2_2', '168c1536-4c42-4b8f-8c77-f06affefec6a', 'usr_131');
INSERT INTO trabalho.usuario VALUES ('usr_132', '132_Nataniel_Costa@yahoo.com', 'Nataniel Costa', 'male', 54, trabalho.hashPassword('Password123'), 'Ilhas Cook');
INSERT INTO trabalho.usuario_esta_inscrito_no_podcast VALUES (0, 'b553d865-8fe2-47de-9a30-10e1dea3bd1d', 'usr_132');
INSERT INTO trabalho.comentarios_podcast_usuario VALUES ('comment_132_0_0', 'Enim architecto nemo laborum sint laborum voluptatum voluptate laudantium aliquid.', 'b553d865-8fe2-47de-9a30-10e1dea3bd1d', 'usr_132');
INSERT INTO trabalho.comentarios_podcast_usuario VALUES ('comment_132_1_0', 'Aperiam animi eos eum optio quidem.', 'b553d865-8fe2-47de-9a30-10e1dea3bd1d', 'usr_132');
INSERT INTO trabalho.comentarios_podcast_usuario VALUES ('comment_132_2_0', 'Enim sunt est maiores ipsam cupiditate et.', 'b553d865-8fe2-47de-9a30-10e1dea3bd1d', 'usr_132');
INSERT INTO trabalho.comentarios_podcast_usuario VALUES ('comment_132_3_0', 'Nihil natus quo doloremque repellendus consequatur eaque id.', 'b553d865-8fe2-47de-9a30-10e1dea3bd1d', 'usr_132');
INSERT INTO trabalho.comentarios_podcast_usuario VALUES ('comment_132_4_0', 'Temporibus voluptates beatae.', 'b553d865-8fe2-47de-9a30-10e1dea3bd1d', 'usr_132');
INSERT INTO trabalho.comentarios_podcast_usuario VALUES ('comment_132_5_0', 'Maiores sed nam molestias qui rerum alias consequatur nulla quos.', 'b553d865-8fe2-47de-9a30-10e1dea3bd1d', 'usr_132');
INSERT INTO trabalho.comentarios_podcast_usuario VALUES ('comment_132_6_0', 'Sunt corporis officia odio.', 'b553d865-8fe2-47de-9a30-10e1dea3bd1d', 'usr_132');
INSERT INTO trabalho.log_acesso VALUES ('log_132_0_0', 'b553d865-8fe2-47de-9a30-10e1dea3bd1d', 'usr_132');
INSERT INTO trabalho.usuario_esta_inscrito_no_podcast VALUES (0, '7e429e8e-7669-403d-bb78-3cd7f9f75afd', 'usr_132');
INSERT INTO trabalho.comentarios_podcast_usuario VALUES ('comment_132_0_1', 'Deserunt inventore ad placeat vitae quas iure aliquam.', '7e429e8e-7669-403d-bb78-3cd7f9f75afd', 'usr_132');
INSERT INTO trabalho.comentarios_podcast_usuario VALUES ('comment_132_1_1', 'Voluptas officiis sit modi similique.', '7e429e8e-7669-403d-bb78-3cd7f9f75afd', 'usr_132');
INSERT INTO trabalho.comentarios_podcast_usuario VALUES ('comment_132_2_1', 'Sequi modi ad velit omnis.', '7e429e8e-7669-403d-bb78-3cd7f9f75afd', 'usr_132');
INSERT INTO trabalho.comentarios_podcast_usuario VALUES ('comment_132_3_1', 'Ipsum neque quas quo incidunt eaque id laudantium veniam.', '7e429e8e-7669-403d-bb78-3cd7f9f75afd', 'usr_132');
INSERT INTO trabalho.log_acesso VALUES ('log_132_0_1', '7e429e8e-7669-403d-bb78-3cd7f9f75afd', 'usr_132');
INSERT INTO trabalho.log_acesso VALUES ('log_132_1_1', '7e429e8e-7669-403d-bb78-3cd7f9f75afd', 'usr_132');
INSERT INTO trabalho.usuario_esta_inscrito_no_podcast VALUES (0, 'bc8dac25-793c-4a96-aafc-4ea7020f4f60', 'usr_132');
INSERT INTO trabalho.comentarios_podcast_usuario VALUES ('comment_132_0_2', 'Consequatur quae exercitationem suscipit consequatur ad ullam saepe.', 'bc8dac25-793c-4a96-aafc-4ea7020f4f60', 'usr_132');
INSERT INTO trabalho.comentarios_podcast_usuario VALUES ('comment_132_1_2', 'Fugit id praesentium deserunt non est et quia quas.', 'bc8dac25-793c-4a96-aafc-4ea7020f4f60', 'usr_132');
INSERT INTO trabalho.comentarios_podcast_usuario VALUES ('comment_132_2_2', 'Debitis quia aut ut pariatur quia.', 'bc8dac25-793c-4a96-aafc-4ea7020f4f60', 'usr_132');
INSERT INTO trabalho.log_acesso VALUES ('log_132_0_2', 'bc8dac25-793c-4a96-aafc-4ea7020f4f60', 'usr_132');
INSERT INTO trabalho.log_acesso VALUES ('log_132_1_2', 'bc8dac25-793c-4a96-aafc-4ea7020f4f60', 'usr_132');
INSERT INTO trabalho.usuario VALUES ('usr_133', '133_Calebe_Carvalho53@yahoo.com', 'Calebe Carvalho', 'male', 21, trabalho.hashPassword('Password123'), 'Brunei');
INSERT INTO trabalho.usuario_esta_inscrito_no_podcast VALUES (3, '168c1536-4c42-4b8f-8c77-f06affefec6a', 'usr_133');
INSERT INTO trabalho.comentarios_podcast_usuario VALUES ('comment_133_0_0', 'Tempore quibusdam explicabo et.', '168c1536-4c42-4b8f-8c77-f06affefec6a', 'usr_133');
INSERT INTO trabalho.comentarios_podcast_usuario VALUES ('comment_133_1_0', 'Quis et accusantium veritatis et odio quae dolore et ut.', '168c1536-4c42-4b8f-8c77-f06affefec6a', 'usr_133');
INSERT INTO trabalho.comentarios_podcast_usuario VALUES ('comment_133_2_0', 'Dicta inventore maxime porro sint ullam minima.', '168c1536-4c42-4b8f-8c77-f06affefec6a', 'usr_133');
INSERT INTO trabalho.log_acesso VALUES ('log_133_0_0', '168c1536-4c42-4b8f-8c77-f06affefec6a', 'usr_133');
INSERT INTO trabalho.log_acesso VALUES ('log_133_1_0', '168c1536-4c42-4b8f-8c77-f06affefec6a', 'usr_133');
INSERT INTO trabalho.usuario_esta_inscrito_no_podcast VALUES (1, 'b553d865-8fe2-47de-9a30-10e1dea3bd1d', 'usr_133');
INSERT INTO trabalho.comentarios_podcast_usuario VALUES ('comment_133_0_1', 'Corrupti voluptatem excepturi veritatis illo sapiente ducimus eos.', 'b553d865-8fe2-47de-9a30-10e1dea3bd1d', 'usr_133');
INSERT INTO trabalho.comentarios_podcast_usuario VALUES ('comment_133_1_1', 'Suscipit explicabo numquam ipsa animi recusandae ut temporibus qui dolore.', 'b553d865-8fe2-47de-9a30-10e1dea3bd1d', 'usr_133');
INSERT INTO trabalho.comentarios_podcast_usuario VALUES ('comment_133_2_1', 'Alias eos voluptatum asperiores et ut eveniet est dolores.', 'b553d865-8fe2-47de-9a30-10e1dea3bd1d', 'usr_133');
INSERT INTO trabalho.log_acesso VALUES ('log_133_0_1', 'b553d865-8fe2-47de-9a30-10e1dea3bd1d', 'usr_133');
INSERT INTO trabalho.log_acesso VALUES ('log_133_1_1', 'b553d865-8fe2-47de-9a30-10e1dea3bd1d', 'usr_133');
INSERT INTO trabalho.log_acesso VALUES ('log_133_2_1', 'b553d865-8fe2-47de-9a30-10e1dea3bd1d', 'usr_133');
INSERT INTO trabalho.usuario_esta_inscrito_no_podcast VALUES (4, '67074e68-bc2f-442b-8af2-7d328b6af6eb', 'usr_133');
INSERT INTO trabalho.comentarios_podcast_usuario VALUES ('comment_133_0_2', 'Et veniam dolorum quia non cupiditate iure.', '67074e68-bc2f-442b-8af2-7d328b6af6eb', 'usr_133');
INSERT INTO trabalho.log_acesso VALUES ('log_133_0_2', '67074e68-bc2f-442b-8af2-7d328b6af6eb', 'usr_133');
INSERT INTO trabalho.log_acesso VALUES ('log_133_1_2', '67074e68-bc2f-442b-8af2-7d328b6af6eb', 'usr_133');
INSERT INTO trabalho.log_acesso VALUES ('log_133_2_2', '67074e68-bc2f-442b-8af2-7d328b6af6eb', 'usr_133');
INSERT INTO trabalho.log_acesso VALUES ('log_133_3_2', '67074e68-bc2f-442b-8af2-7d328b6af6eb', 'usr_133');
INSERT INTO trabalho.log_acesso VALUES ('log_133_4_2', '67074e68-bc2f-442b-8af2-7d328b6af6eb', 'usr_133');
INSERT INTO trabalho.log_acesso VALUES ('log_133_5_2', '67074e68-bc2f-442b-8af2-7d328b6af6eb', 'usr_133');
INSERT INTO trabalho.usuario VALUES ('usr_134', '134_Ricardo61@hotmail.com', 'Ricardo Franco', 'male', 36, trabalho.hashPassword('Password123'), 'Hungria');
INSERT INTO trabalho.usuario_esta_inscrito_no_podcast VALUES (0, '168c1536-4c42-4b8f-8c77-f06affefec6a', 'usr_134');
INSERT INTO trabalho.comentarios_podcast_usuario VALUES ('comment_134_0_0', 'Ut officia dolorum debitis.', '168c1536-4c42-4b8f-8c77-f06affefec6a', 'usr_134');
INSERT INTO trabalho.comentarios_podcast_usuario VALUES ('comment_134_1_0', 'Consequatur nisi ratione ea non iusto quod aliquid nihil.', '168c1536-4c42-4b8f-8c77-f06affefec6a', 'usr_134');
INSERT INTO trabalho.comentarios_podcast_usuario VALUES ('comment_134_2_0', 'Facere veniam adipisci illum sapiente.', '168c1536-4c42-4b8f-8c77-f06affefec6a', 'usr_134');
INSERT INTO trabalho.comentarios_podcast_usuario VALUES ('comment_134_3_0', 'Enim unde quia minima quod consequatur autem recusandae.', '168c1536-4c42-4b8f-8c77-f06affefec6a', 'usr_134');
INSERT INTO trabalho.comentarios_podcast_usuario VALUES ('comment_134_4_0', 'Culpa quaerat saepe molestiae molestiae optio numquam.', '168c1536-4c42-4b8f-8c77-f06affefec6a', 'usr_134');
INSERT INTO trabalho.log_acesso VALUES ('log_134_0_0', '168c1536-4c42-4b8f-8c77-f06affefec6a', 'usr_134');
INSERT INTO trabalho.log_acesso VALUES ('log_134_1_0', '168c1536-4c42-4b8f-8c77-f06affefec6a', 'usr_134');
INSERT INTO trabalho.log_acesso VALUES ('log_134_2_0', '168c1536-4c42-4b8f-8c77-f06affefec6a', 'usr_134');
INSERT INTO trabalho.log_acesso VALUES ('log_134_3_0', '168c1536-4c42-4b8f-8c77-f06affefec6a', 'usr_134');
INSERT INTO trabalho.usuario_esta_inscrito_no_podcast VALUES (3, 'af46a958-b921-47b6-9f87-5c4fdc68ea79', 'usr_134');
INSERT INTO trabalho.comentarios_podcast_usuario VALUES ('comment_134_0_1', 'Fuga ullam rem corporis aliquid quos provident.', 'af46a958-b921-47b6-9f87-5c4fdc68ea79', 'usr_134');
INSERT INTO trabalho.comentarios_podcast_usuario VALUES ('comment_134_1_1', 'Veritatis sequi dolores voluptatum voluptatem beatae similique non omnis ex.', 'af46a958-b921-47b6-9f87-5c4fdc68ea79', 'usr_134');
INSERT INTO trabalho.log_acesso VALUES ('log_134_0_1', 'af46a958-b921-47b6-9f87-5c4fdc68ea79', 'usr_134');
INSERT INTO trabalho.log_acesso VALUES ('log_134_1_1', 'af46a958-b921-47b6-9f87-5c4fdc68ea79', 'usr_134');
INSERT INTO trabalho.log_acesso VALUES ('log_134_2_1', 'af46a958-b921-47b6-9f87-5c4fdc68ea79', 'usr_134');
INSERT INTO trabalho.log_acesso VALUES ('log_134_3_1', 'af46a958-b921-47b6-9f87-5c4fdc68ea79', 'usr_134');
INSERT INTO trabalho.log_acesso VALUES ('log_134_4_1', 'af46a958-b921-47b6-9f87-5c4fdc68ea79', 'usr_134');
INSERT INTO trabalho.log_acesso VALUES ('log_134_5_1', 'af46a958-b921-47b6-9f87-5c4fdc68ea79', 'usr_134');
INSERT INTO trabalho.usuario_esta_inscrito_no_podcast VALUES (3, 'bc8dac25-793c-4a96-aafc-4ea7020f4f60', 'usr_134');
INSERT INTO trabalho.comentarios_podcast_usuario VALUES ('comment_134_0_2', 'Deleniti in qui qui.', 'bc8dac25-793c-4a96-aafc-4ea7020f4f60', 'usr_134');
INSERT INTO trabalho.comentarios_podcast_usuario VALUES ('comment_134_1_2', 'Quas mollitia et rerum esse quia.', 'bc8dac25-793c-4a96-aafc-4ea7020f4f60', 'usr_134');
INSERT INTO trabalho.comentarios_podcast_usuario VALUES ('comment_134_2_2', 'Quas ut voluptatibus eligendi fugit distinctio dolores numquam non suscipit.', 'bc8dac25-793c-4a96-aafc-4ea7020f4f60', 'usr_134');
INSERT INTO trabalho.log_acesso VALUES ('log_134_0_2', 'bc8dac25-793c-4a96-aafc-4ea7020f4f60', 'usr_134');
INSERT INTO trabalho.log_acesso VALUES ('log_134_1_2', 'bc8dac25-793c-4a96-aafc-4ea7020f4f60', 'usr_134');
INSERT INTO trabalho.log_acesso VALUES ('log_134_2_2', 'bc8dac25-793c-4a96-aafc-4ea7020f4f60', 'usr_134');
INSERT INTO trabalho.usuario VALUES ('usr_135', '135_Gbio5@yahoo.com', 'Gúbio Braga', 'male', 57, trabalho.hashPassword('Password123'), 'Malvinas');
INSERT INTO trabalho.usuario_esta_inscrito_no_podcast VALUES (5, '5bdf7377-8330-4f9f-8efd-e95301c122ce', 'usr_135');
INSERT INTO trabalho.comentarios_podcast_usuario VALUES ('comment_135_0_0', 'Hic rerum molestias dolorum illo ab similique error dicta ipsam.', '5bdf7377-8330-4f9f-8efd-e95301c122ce', 'usr_135');
INSERT INTO trabalho.comentarios_podcast_usuario VALUES ('comment_135_1_0', 'Impedit ipsa amet sunt optio.', '5bdf7377-8330-4f9f-8efd-e95301c122ce', 'usr_135');
INSERT INTO trabalho.comentarios_podcast_usuario VALUES ('comment_135_2_0', 'Nihil reiciendis error ratione qui est non.', '5bdf7377-8330-4f9f-8efd-e95301c122ce', 'usr_135');
INSERT INTO trabalho.log_acesso VALUES ('log_135_0_0', '5bdf7377-8330-4f9f-8efd-e95301c122ce', 'usr_135');
INSERT INTO trabalho.log_acesso VALUES ('log_135_1_0', '5bdf7377-8330-4f9f-8efd-e95301c122ce', 'usr_135');
INSERT INTO trabalho.log_acesso VALUES ('log_135_2_0', '5bdf7377-8330-4f9f-8efd-e95301c122ce', 'usr_135');
INSERT INTO trabalho.usuario_esta_inscrito_no_podcast VALUES (0, 'f8e13774-d631-4f34-93f0-2f5d55590265', 'usr_135');
INSERT INTO trabalho.comentarios_podcast_usuario VALUES ('comment_135_0_1', 'Molestiae voluptates iusto sit amet blanditiis qui recusandae deleniti.', 'f8e13774-d631-4f34-93f0-2f5d55590265', 'usr_135');
INSERT INTO trabalho.comentarios_podcast_usuario VALUES ('comment_135_1_1', 'Et impedit non reprehenderit animi optio.', 'f8e13774-d631-4f34-93f0-2f5d55590265', 'usr_135');
INSERT INTO trabalho.comentarios_podcast_usuario VALUES ('comment_135_2_1', 'Vitae ipsum ab.', 'f8e13774-d631-4f34-93f0-2f5d55590265', 'usr_135');
INSERT INTO trabalho.log_acesso VALUES ('log_135_0_1', 'f8e13774-d631-4f34-93f0-2f5d55590265', 'usr_135');
INSERT INTO trabalho.log_acesso VALUES ('log_135_1_1', 'f8e13774-d631-4f34-93f0-2f5d55590265', 'usr_135');
INSERT INTO trabalho.log_acesso VALUES ('log_135_2_1', 'f8e13774-d631-4f34-93f0-2f5d55590265', 'usr_135');
INSERT INTO trabalho.usuario_esta_inscrito_no_podcast VALUES (1, 'b553d865-8fe2-47de-9a30-10e1dea3bd1d', 'usr_135');
INSERT INTO trabalho.comentarios_podcast_usuario VALUES ('comment_135_0_2', 'Dolores aut minus perferendis id et.', 'b553d865-8fe2-47de-9a30-10e1dea3bd1d', 'usr_135');
INSERT INTO trabalho.comentarios_podcast_usuario VALUES ('comment_135_1_2', 'Et maxime ea.', 'b553d865-8fe2-47de-9a30-10e1dea3bd1d', 'usr_135');
INSERT INTO trabalho.comentarios_podcast_usuario VALUES ('comment_135_2_2', 'Blanditiis autem voluptate deserunt est blanditiis voluptatibus ut.', 'b553d865-8fe2-47de-9a30-10e1dea3bd1d', 'usr_135');
INSERT INTO trabalho.comentarios_podcast_usuario VALUES ('comment_135_3_2', 'Incidunt est quo consequatur quo dolores.', 'b553d865-8fe2-47de-9a30-10e1dea3bd1d', 'usr_135');
INSERT INTO trabalho.log_acesso VALUES ('log_135_0_2', 'b553d865-8fe2-47de-9a30-10e1dea3bd1d', 'usr_135');
INSERT INTO trabalho.log_acesso VALUES ('log_135_1_2', 'b553d865-8fe2-47de-9a30-10e1dea3bd1d', 'usr_135');
INSERT INTO trabalho.log_acesso VALUES ('log_135_2_2', 'b553d865-8fe2-47de-9a30-10e1dea3bd1d', 'usr_135');
INSERT INTO trabalho.usuario VALUES ('usr_136', '136_Samuel6@hotmail.com', 'Samuel Costa', 'male', 29, trabalho.hashPassword('Password123'), 'Líbano');
INSERT INTO trabalho.usuario_esta_inscrito_no_podcast VALUES (1, '219328a1-cec6-4e8c-b003-52a3ec9766bb', 'usr_136');
INSERT INTO trabalho.comentarios_podcast_usuario VALUES ('comment_136_0_0', 'Magni dignissimos consectetur velit est eum.', '219328a1-cec6-4e8c-b003-52a3ec9766bb', 'usr_136');
INSERT INTO trabalho.log_acesso VALUES ('log_136_0_0', '219328a1-cec6-4e8c-b003-52a3ec9766bb', 'usr_136');
INSERT INTO trabalho.log_acesso VALUES ('log_136_1_0', '219328a1-cec6-4e8c-b003-52a3ec9766bb', 'usr_136');
INSERT INTO trabalho.log_acesso VALUES ('log_136_2_0', '219328a1-cec6-4e8c-b003-52a3ec9766bb', 'usr_136');
INSERT INTO trabalho.log_acesso VALUES ('log_136_3_0', '219328a1-cec6-4e8c-b003-52a3ec9766bb', 'usr_136');
INSERT INTO trabalho.usuario_esta_inscrito_no_podcast VALUES (2, 'b553d865-8fe2-47de-9a30-10e1dea3bd1d', 'usr_136');
INSERT INTO trabalho.comentarios_podcast_usuario VALUES ('comment_136_0_1', 'Occaecati accusantium quidem.', 'b553d865-8fe2-47de-9a30-10e1dea3bd1d', 'usr_136');
INSERT INTO trabalho.comentarios_podcast_usuario VALUES ('comment_136_1_1', 'Expedita non voluptatem.', 'b553d865-8fe2-47de-9a30-10e1dea3bd1d', 'usr_136');
INSERT INTO trabalho.log_acesso VALUES ('log_136_0_1', 'b553d865-8fe2-47de-9a30-10e1dea3bd1d', 'usr_136');
INSERT INTO trabalho.log_acesso VALUES ('log_136_1_1', 'b553d865-8fe2-47de-9a30-10e1dea3bd1d', 'usr_136');
INSERT INTO trabalho.log_acesso VALUES ('log_136_2_1', 'b553d865-8fe2-47de-9a30-10e1dea3bd1d', 'usr_136');
INSERT INTO trabalho.usuario_esta_inscrito_no_podcast VALUES (0, 'af46a958-b921-47b6-9f87-5c4fdc68ea79', 'usr_136');
INSERT INTO trabalho.comentarios_podcast_usuario VALUES ('comment_136_0_2', 'Exercitationem accusamus non numquam pariatur et.', 'af46a958-b921-47b6-9f87-5c4fdc68ea79', 'usr_136');
INSERT INTO trabalho.comentarios_podcast_usuario VALUES ('comment_136_1_2', 'Ut est sapiente rem et et voluptatum.', 'af46a958-b921-47b6-9f87-5c4fdc68ea79', 'usr_136');
INSERT INTO trabalho.comentarios_podcast_usuario VALUES ('comment_136_2_2', 'Non dolore quisquam.', 'af46a958-b921-47b6-9f87-5c4fdc68ea79', 'usr_136');
INSERT INTO trabalho.log_acesso VALUES ('log_136_0_2', 'af46a958-b921-47b6-9f87-5c4fdc68ea79', 'usr_136');
INSERT INTO trabalho.log_acesso VALUES ('log_136_1_2', 'af46a958-b921-47b6-9f87-5c4fdc68ea79', 'usr_136');
INSERT INTO trabalho.log_acesso VALUES ('log_136_2_2', 'af46a958-b921-47b6-9f87-5c4fdc68ea79', 'usr_136');
INSERT INTO trabalho.log_acesso VALUES ('log_136_3_2', 'af46a958-b921-47b6-9f87-5c4fdc68ea79', 'usr_136');
INSERT INTO trabalho.log_acesso VALUES ('log_136_4_2', 'af46a958-b921-47b6-9f87-5c4fdc68ea79', 'usr_136');
INSERT INTO trabalho.log_acesso VALUES ('log_136_5_2', 'af46a958-b921-47b6-9f87-5c4fdc68ea79', 'usr_136');
INSERT INTO trabalho.usuario VALUES ('usr_137', '137_Felcia78@live.com', 'Felícia Nogueira', 'female', 18, trabalho.hashPassword('Password123'), 'Ilha de Man');
INSERT INTO trabalho.usuario_esta_inscrito_no_podcast VALUES (2, '219328a1-cec6-4e8c-b003-52a3ec9766bb', 'usr_137');
INSERT INTO trabalho.comentarios_podcast_usuario VALUES ('comment_137_0_0', 'Sed nam deleniti et modi error.', '219328a1-cec6-4e8c-b003-52a3ec9766bb', 'usr_137');
INSERT INTO trabalho.comentarios_podcast_usuario VALUES ('comment_137_1_0', 'Sed eaque quis in facere.', '219328a1-cec6-4e8c-b003-52a3ec9766bb', 'usr_137');
INSERT INTO trabalho.comentarios_podcast_usuario VALUES ('comment_137_2_0', 'Consectetur et facilis non sequi voluptates iure laboriosam.', '219328a1-cec6-4e8c-b003-52a3ec9766bb', 'usr_137');
INSERT INTO trabalho.comentarios_podcast_usuario VALUES ('comment_137_3_0', 'Voluptatem exercitationem nemo qui ut excepturi iste.', '219328a1-cec6-4e8c-b003-52a3ec9766bb', 'usr_137');
INSERT INTO trabalho.comentarios_podcast_usuario VALUES ('comment_137_4_0', 'Consequatur voluptas enim quo corporis voluptatibus doloribus dolore corrupti qui.', '219328a1-cec6-4e8c-b003-52a3ec9766bb', 'usr_137');
INSERT INTO trabalho.log_acesso VALUES ('log_137_0_0', '219328a1-cec6-4e8c-b003-52a3ec9766bb', 'usr_137');
INSERT INTO trabalho.log_acesso VALUES ('log_137_1_0', '219328a1-cec6-4e8c-b003-52a3ec9766bb', 'usr_137');
INSERT INTO trabalho.log_acesso VALUES ('log_137_2_0', '219328a1-cec6-4e8c-b003-52a3ec9766bb', 'usr_137');
INSERT INTO trabalho.log_acesso VALUES ('log_137_3_0', '219328a1-cec6-4e8c-b003-52a3ec9766bb', 'usr_137');
INSERT INTO trabalho.log_acesso VALUES ('log_137_4_0', '219328a1-cec6-4e8c-b003-52a3ec9766bb', 'usr_137');
INSERT INTO trabalho.usuario_esta_inscrito_no_podcast VALUES (5, 'f1b92ce7-47a7-43cd-8586-4a09185cdd05', 'usr_137');
INSERT INTO trabalho.comentarios_podcast_usuario VALUES ('comment_137_0_1', 'Consequatur sunt reiciendis.', 'f1b92ce7-47a7-43cd-8586-4a09185cdd05', 'usr_137');
INSERT INTO trabalho.comentarios_podcast_usuario VALUES ('comment_137_1_1', 'Et architecto odit officia ipsam id.', 'f1b92ce7-47a7-43cd-8586-4a09185cdd05', 'usr_137');
INSERT INTO trabalho.comentarios_podcast_usuario VALUES ('comment_137_2_1', 'Autem voluptatum dolor neque vero esse ex.', 'f1b92ce7-47a7-43cd-8586-4a09185cdd05', 'usr_137');
INSERT INTO trabalho.log_acesso VALUES ('log_137_0_1', 'f1b92ce7-47a7-43cd-8586-4a09185cdd05', 'usr_137');
INSERT INTO trabalho.log_acesso VALUES ('log_137_1_1', 'f1b92ce7-47a7-43cd-8586-4a09185cdd05', 'usr_137');
INSERT INTO trabalho.usuario_esta_inscrito_no_podcast VALUES (3, '168c1536-4c42-4b8f-8c77-f06affefec6a', 'usr_137');
INSERT INTO trabalho.comentarios_podcast_usuario VALUES ('comment_137_0_2', 'Quibusdam aut ducimus recusandae.', '168c1536-4c42-4b8f-8c77-f06affefec6a', 'usr_137');
INSERT INTO trabalho.comentarios_podcast_usuario VALUES ('comment_137_1_2', 'Quam expedita ut id voluptatem hic.', '168c1536-4c42-4b8f-8c77-f06affefec6a', 'usr_137');
INSERT INTO trabalho.log_acesso VALUES ('log_137_0_2', '168c1536-4c42-4b8f-8c77-f06affefec6a', 'usr_137');
INSERT INTO trabalho.log_acesso VALUES ('log_137_1_2', '168c1536-4c42-4b8f-8c77-f06affefec6a', 'usr_137');
INSERT INTO trabalho.log_acesso VALUES ('log_137_2_2', '168c1536-4c42-4b8f-8c77-f06affefec6a', 'usr_137');
INSERT INTO trabalho.log_acesso VALUES ('log_137_3_2', '168c1536-4c42-4b8f-8c77-f06affefec6a', 'usr_137');
INSERT INTO trabalho.usuario VALUES ('usr_138', '138_Marcos65@yahoo.com', 'Marcos Moreira', 'male', 6, trabalho.hashPassword('Password123'), 'Costa do Marfim');
INSERT INTO trabalho.usuario_esta_inscrito_no_podcast VALUES (0, 'de2f0ddb-9903-436a-a5e2-54224254c818', 'usr_138');
INSERT INTO trabalho.comentarios_podcast_usuario VALUES ('comment_138_0_0', 'Vel ad velit consequatur aspernatur ipsa praesentium sed a facilis.', 'de2f0ddb-9903-436a-a5e2-54224254c818', 'usr_138');
INSERT INTO trabalho.comentarios_podcast_usuario VALUES ('comment_138_1_0', 'Possimus ab placeat nisi et veritatis qui.', 'de2f0ddb-9903-436a-a5e2-54224254c818', 'usr_138');
INSERT INTO trabalho.log_acesso VALUES ('log_138_0_0', 'de2f0ddb-9903-436a-a5e2-54224254c818', 'usr_138');
INSERT INTO trabalho.log_acesso VALUES ('log_138_1_0', 'de2f0ddb-9903-436a-a5e2-54224254c818', 'usr_138');
INSERT INTO trabalho.log_acesso VALUES ('log_138_2_0', 'de2f0ddb-9903-436a-a5e2-54224254c818', 'usr_138');
INSERT INTO trabalho.usuario_esta_inscrito_no_podcast VALUES (3, 'f0166bd2-8e4d-4308-b5d7-0b3d627c5dc5', 'usr_138');
INSERT INTO trabalho.comentarios_podcast_usuario VALUES ('comment_138_0_1', 'Eos rerum beatae voluptas sit laudantium fugiat fugiat a.', 'f0166bd2-8e4d-4308-b5d7-0b3d627c5dc5', 'usr_138');
INSERT INTO trabalho.comentarios_podcast_usuario VALUES ('comment_138_1_1', 'Error odit dolores consequatur non quasi maxime dignissimos unde ex.', 'f0166bd2-8e4d-4308-b5d7-0b3d627c5dc5', 'usr_138');
INSERT INTO trabalho.comentarios_podcast_usuario VALUES ('comment_138_2_1', 'Similique consequatur eum iusto dicta molestiae.', 'f0166bd2-8e4d-4308-b5d7-0b3d627c5dc5', 'usr_138');
INSERT INTO trabalho.comentarios_podcast_usuario VALUES ('comment_138_3_1', 'Quia vitae itaque non reiciendis sit adipisci qui voluptas.', 'f0166bd2-8e4d-4308-b5d7-0b3d627c5dc5', 'usr_138');
INSERT INTO trabalho.comentarios_podcast_usuario VALUES ('comment_138_4_1', 'Aliquid eveniet cupiditate dolorum.', 'f0166bd2-8e4d-4308-b5d7-0b3d627c5dc5', 'usr_138');
INSERT INTO trabalho.comentarios_podcast_usuario VALUES ('comment_138_5_1', 'Est officia voluptatem ipsam sit ad.', 'f0166bd2-8e4d-4308-b5d7-0b3d627c5dc5', 'usr_138');
INSERT INTO trabalho.log_acesso VALUES ('log_138_0_1', 'f0166bd2-8e4d-4308-b5d7-0b3d627c5dc5', 'usr_138');
INSERT INTO trabalho.log_acesso VALUES ('log_138_1_1', 'f0166bd2-8e4d-4308-b5d7-0b3d627c5dc5', 'usr_138');
INSERT INTO trabalho.log_acesso VALUES ('log_138_2_1', 'f0166bd2-8e4d-4308-b5d7-0b3d627c5dc5', 'usr_138');
INSERT INTO trabalho.log_acesso VALUES ('log_138_3_1', 'f0166bd2-8e4d-4308-b5d7-0b3d627c5dc5', 'usr_138');
INSERT INTO trabalho.usuario_esta_inscrito_no_podcast VALUES (4, 'c58b280a-56d4-4ad8-8c85-730e4ea86361', 'usr_138');
INSERT INTO trabalho.comentarios_podcast_usuario VALUES ('comment_138_0_2', 'Cum recusandae placeat necessitatibus voluptate alias qui voluptatem.', 'c58b280a-56d4-4ad8-8c85-730e4ea86361', 'usr_138');
INSERT INTO trabalho.comentarios_podcast_usuario VALUES ('comment_138_1_2', 'Ut est tenetur vel accusamus.', 'c58b280a-56d4-4ad8-8c85-730e4ea86361', 'usr_138');
INSERT INTO trabalho.comentarios_podcast_usuario VALUES ('comment_138_2_2', 'Et quam ipsam maiores soluta sit illo.', 'c58b280a-56d4-4ad8-8c85-730e4ea86361', 'usr_138');
INSERT INTO trabalho.comentarios_podcast_usuario VALUES ('comment_138_3_2', 'Ullam assumenda delectus iusto consequatur aliquid.', 'c58b280a-56d4-4ad8-8c85-730e4ea86361', 'usr_138');
INSERT INTO trabalho.comentarios_podcast_usuario VALUES ('comment_138_4_2', 'Similique qui minus ullam.', 'c58b280a-56d4-4ad8-8c85-730e4ea86361', 'usr_138');
INSERT INTO trabalho.log_acesso VALUES ('log_138_0_2', 'c58b280a-56d4-4ad8-8c85-730e4ea86361', 'usr_138');
INSERT INTO trabalho.log_acesso VALUES ('log_138_1_2', 'c58b280a-56d4-4ad8-8c85-730e4ea86361', 'usr_138');
INSERT INTO trabalho.log_acesso VALUES ('log_138_2_2', 'c58b280a-56d4-4ad8-8c85-730e4ea86361', 'usr_138');
INSERT INTO trabalho.log_acesso VALUES ('log_138_3_2', 'c58b280a-56d4-4ad8-8c85-730e4ea86361', 'usr_138');
INSERT INTO trabalho.log_acesso VALUES ('log_138_4_2', 'c58b280a-56d4-4ad8-8c85-730e4ea86361', 'usr_138');
INSERT INTO trabalho.usuario VALUES ('usr_139', '139_Marcos.Costa@live.com', 'Marcos Costa', 'male', 1, trabalho.hashPassword('Password123'), 'Indonésia');
INSERT INTO trabalho.usuario_esta_inscrito_no_podcast VALUES (0, 'fa3abe16-3645-4d22-a01d-893e6f20c408', 'usr_139');
INSERT INTO trabalho.comentarios_podcast_usuario VALUES ('comment_139_0_0', 'Commodi impedit expedita temporibus.', 'fa3abe16-3645-4d22-a01d-893e6f20c408', 'usr_139');
INSERT INTO trabalho.comentarios_podcast_usuario VALUES ('comment_139_1_0', 'Deleniti corporis autem eum qui.', 'fa3abe16-3645-4d22-a01d-893e6f20c408', 'usr_139');
INSERT INTO trabalho.comentarios_podcast_usuario VALUES ('comment_139_2_0', 'Ut atque quis minima unde sint.', 'fa3abe16-3645-4d22-a01d-893e6f20c408', 'usr_139');
INSERT INTO trabalho.comentarios_podcast_usuario VALUES ('comment_139_3_0', 'Est et ipsam dolorem tempore repellat.', 'fa3abe16-3645-4d22-a01d-893e6f20c408', 'usr_139');
INSERT INTO trabalho.comentarios_podcast_usuario VALUES ('comment_139_4_0', 'Modi maxime beatae adipisci.', 'fa3abe16-3645-4d22-a01d-893e6f20c408', 'usr_139');
INSERT INTO trabalho.comentarios_podcast_usuario VALUES ('comment_139_5_0', 'Possimus nobis quos sit et molestiae fugit beatae.', 'fa3abe16-3645-4d22-a01d-893e6f20c408', 'usr_139');
INSERT INTO trabalho.log_acesso VALUES ('log_139_0_0', 'fa3abe16-3645-4d22-a01d-893e6f20c408', 'usr_139');
INSERT INTO trabalho.log_acesso VALUES ('log_139_1_0', 'fa3abe16-3645-4d22-a01d-893e6f20c408', 'usr_139');
INSERT INTO trabalho.log_acesso VALUES ('log_139_2_0', 'fa3abe16-3645-4d22-a01d-893e6f20c408', 'usr_139');
INSERT INTO trabalho.log_acesso VALUES ('log_139_3_0', 'fa3abe16-3645-4d22-a01d-893e6f20c408', 'usr_139');
INSERT INTO trabalho.usuario_esta_inscrito_no_podcast VALUES (4, 'f8e13774-d631-4f34-93f0-2f5d55590265', 'usr_139');
INSERT INTO trabalho.comentarios_podcast_usuario VALUES ('comment_139_0_1', 'Quae dolorem sint est saepe.', 'f8e13774-d631-4f34-93f0-2f5d55590265', 'usr_139');
INSERT INTO trabalho.comentarios_podcast_usuario VALUES ('comment_139_1_1', 'Dolor quam asperiores perferendis pariatur nulla quisquam quaerat.', 'f8e13774-d631-4f34-93f0-2f5d55590265', 'usr_139');
INSERT INTO trabalho.comentarios_podcast_usuario VALUES ('comment_139_2_1', 'Aut minus est veritatis velit libero labore commodi.', 'f8e13774-d631-4f34-93f0-2f5d55590265', 'usr_139');
INSERT INTO trabalho.log_acesso VALUES ('log_139_0_1', 'f8e13774-d631-4f34-93f0-2f5d55590265', 'usr_139');
INSERT INTO trabalho.log_acesso VALUES ('log_139_1_1', 'f8e13774-d631-4f34-93f0-2f5d55590265', 'usr_139');
INSERT INTO trabalho.log_acesso VALUES ('log_139_2_1', 'f8e13774-d631-4f34-93f0-2f5d55590265', 'usr_139');
INSERT INTO trabalho.usuario_esta_inscrito_no_podcast VALUES (1, '67074e68-bc2f-442b-8af2-7d328b6af6eb', 'usr_139');
INSERT INTO trabalho.comentarios_podcast_usuario VALUES ('comment_139_0_2', 'Dolores neque dolorem minima mollitia architecto dolorem.', '67074e68-bc2f-442b-8af2-7d328b6af6eb', 'usr_139');
INSERT INTO trabalho.comentarios_podcast_usuario VALUES ('comment_139_1_2', 'Quos expedita temporibus pariatur maiores aut illo optio eligendi.', '67074e68-bc2f-442b-8af2-7d328b6af6eb', 'usr_139');
INSERT INTO trabalho.comentarios_podcast_usuario VALUES ('comment_139_2_2', 'Sunt voluptates tempora.', '67074e68-bc2f-442b-8af2-7d328b6af6eb', 'usr_139');
INSERT INTO trabalho.comentarios_podcast_usuario VALUES ('comment_139_3_2', 'Animi magnam nostrum.', '67074e68-bc2f-442b-8af2-7d328b6af6eb', 'usr_139');
INSERT INTO trabalho.comentarios_podcast_usuario VALUES ('comment_139_4_2', 'Numquam ipsa laudantium qui sapiente.', '67074e68-bc2f-442b-8af2-7d328b6af6eb', 'usr_139');
INSERT INTO trabalho.log_acesso VALUES ('log_139_0_2', '67074e68-bc2f-442b-8af2-7d328b6af6eb', 'usr_139');
INSERT INTO trabalho.log_acesso VALUES ('log_139_1_2', '67074e68-bc2f-442b-8af2-7d328b6af6eb', 'usr_139');
INSERT INTO trabalho.log_acesso VALUES ('log_139_2_2', '67074e68-bc2f-442b-8af2-7d328b6af6eb', 'usr_139');
INSERT INTO trabalho.log_acesso VALUES ('log_139_3_2', '67074e68-bc2f-442b-8af2-7d328b6af6eb', 'usr_139');
INSERT INTO trabalho.log_acesso VALUES ('log_139_4_2', '67074e68-bc2f-442b-8af2-7d328b6af6eb', 'usr_139');
INSERT INTO trabalho.usuario VALUES ('usr_140', '140_DaviLucca74@hotmail.com', 'Davi Lucca Carvalho', 'male', 8, trabalho.hashPassword('Password123'), 'Etiópia');
INSERT INTO trabalho.usuario_esta_inscrito_no_podcast VALUES (5, 'f0166bd2-8e4d-4308-b5d7-0b3d627c5dc5', 'usr_140');
INSERT INTO trabalho.comentarios_podcast_usuario VALUES ('comment_140_0_0', 'Fugit voluptas esse ea cumque asperiores nisi.', 'f0166bd2-8e4d-4308-b5d7-0b3d627c5dc5', 'usr_140');
INSERT INTO trabalho.comentarios_podcast_usuario VALUES ('comment_140_1_0', 'Quasi praesentium expedita quasi vel placeat.', 'f0166bd2-8e4d-4308-b5d7-0b3d627c5dc5', 'usr_140');
INSERT INTO trabalho.comentarios_podcast_usuario VALUES ('comment_140_2_0', 'Iusto aut ut.', 'f0166bd2-8e4d-4308-b5d7-0b3d627c5dc5', 'usr_140');
INSERT INTO trabalho.comentarios_podcast_usuario VALUES ('comment_140_3_0', 'Eum possimus dolores dolores minima iure blanditiis tenetur qui.', 'f0166bd2-8e4d-4308-b5d7-0b3d627c5dc5', 'usr_140');
INSERT INTO trabalho.log_acesso VALUES ('log_140_0_0', 'f0166bd2-8e4d-4308-b5d7-0b3d627c5dc5', 'usr_140');
INSERT INTO trabalho.log_acesso VALUES ('log_140_1_0', 'f0166bd2-8e4d-4308-b5d7-0b3d627c5dc5', 'usr_140');
INSERT INTO trabalho.log_acesso VALUES ('log_140_2_0', 'f0166bd2-8e4d-4308-b5d7-0b3d627c5dc5', 'usr_140');
INSERT INTO trabalho.log_acesso VALUES ('log_140_3_0', 'f0166bd2-8e4d-4308-b5d7-0b3d627c5dc5', 'usr_140');
INSERT INTO trabalho.log_acesso VALUES ('log_140_4_0', 'f0166bd2-8e4d-4308-b5d7-0b3d627c5dc5', 'usr_140');
INSERT INTO trabalho.log_acesso VALUES ('log_140_5_0', 'f0166bd2-8e4d-4308-b5d7-0b3d627c5dc5', 'usr_140');
INSERT INTO trabalho.usuario_esta_inscrito_no_podcast VALUES (5, 'de2f0ddb-9903-436a-a5e2-54224254c818', 'usr_140');
INSERT INTO trabalho.comentarios_podcast_usuario VALUES ('comment_140_0_1', 'Voluptatum aspernatur nam beatae tempore a qui aliquam.', 'de2f0ddb-9903-436a-a5e2-54224254c818', 'usr_140');
INSERT INTO trabalho.comentarios_podcast_usuario VALUES ('comment_140_1_1', 'A omnis omnis asperiores et perferendis.', 'de2f0ddb-9903-436a-a5e2-54224254c818', 'usr_140');
INSERT INTO trabalho.comentarios_podcast_usuario VALUES ('comment_140_2_1', 'Provident aspernatur itaque veniam ut at ut laborum officia.', 'de2f0ddb-9903-436a-a5e2-54224254c818', 'usr_140');
INSERT INTO trabalho.comentarios_podcast_usuario VALUES ('comment_140_3_1', 'Rerum iusto minima et.', 'de2f0ddb-9903-436a-a5e2-54224254c818', 'usr_140');
INSERT INTO trabalho.log_acesso VALUES ('log_140_0_1', 'de2f0ddb-9903-436a-a5e2-54224254c818', 'usr_140');
INSERT INTO trabalho.log_acesso VALUES ('log_140_1_1', 'de2f0ddb-9903-436a-a5e2-54224254c818', 'usr_140');
INSERT INTO trabalho.log_acesso VALUES ('log_140_2_1', 'de2f0ddb-9903-436a-a5e2-54224254c818', 'usr_140');
INSERT INTO trabalho.log_acesso VALUES ('log_140_3_1', 'de2f0ddb-9903-436a-a5e2-54224254c818', 'usr_140');
INSERT INTO trabalho.usuario_esta_inscrito_no_podcast VALUES (1, '219328a1-cec6-4e8c-b003-52a3ec9766bb', 'usr_140');
INSERT INTO trabalho.comentarios_podcast_usuario VALUES ('comment_140_0_2', 'Debitis nihil ab molestias sint quas quia labore et dolorum.', '219328a1-cec6-4e8c-b003-52a3ec9766bb', 'usr_140');
INSERT INTO trabalho.comentarios_podcast_usuario VALUES ('comment_140_1_2', 'Quia commodi necessitatibus ad non quaerat explicabo consequatur.', '219328a1-cec6-4e8c-b003-52a3ec9766bb', 'usr_140');
INSERT INTO trabalho.comentarios_podcast_usuario VALUES ('comment_140_2_2', 'Et doloribus recusandae sunt.', '219328a1-cec6-4e8c-b003-52a3ec9766bb', 'usr_140');
INSERT INTO trabalho.comentarios_podcast_usuario VALUES ('comment_140_3_2', 'Tenetur accusamus ipsa omnis dolor qui aut et deleniti.', '219328a1-cec6-4e8c-b003-52a3ec9766bb', 'usr_140');
INSERT INTO trabalho.log_acesso VALUES ('log_140_0_2', '219328a1-cec6-4e8c-b003-52a3ec9766bb', 'usr_140');
INSERT INTO trabalho.log_acesso VALUES ('log_140_1_2', '219328a1-cec6-4e8c-b003-52a3ec9766bb', 'usr_140');
INSERT INTO trabalho.log_acesso VALUES ('log_140_2_2', '219328a1-cec6-4e8c-b003-52a3ec9766bb', 'usr_140');
INSERT INTO trabalho.log_acesso VALUES ('log_140_3_2', '219328a1-cec6-4e8c-b003-52a3ec9766bb', 'usr_140');
INSERT INTO trabalho.log_acesso VALUES ('log_140_4_2', '219328a1-cec6-4e8c-b003-52a3ec9766bb', 'usr_140');
INSERT INTO trabalho.usuario VALUES ('usr_141', '141_Joo_Saraiva@yahoo.com', 'João Saraiva', 'male', 1, trabalho.hashPassword('Password123'), 'Portugal');
INSERT INTO trabalho.usuario_esta_inscrito_no_podcast VALUES (2, 'f0166bd2-8e4d-4308-b5d7-0b3d627c5dc5', 'usr_141');
INSERT INTO trabalho.comentarios_podcast_usuario VALUES ('comment_141_0_0', 'Nemo aliquam cum officia tempore ut doloremque officiis harum eligendi.', 'f0166bd2-8e4d-4308-b5d7-0b3d627c5dc5', 'usr_141');
INSERT INTO trabalho.comentarios_podcast_usuario VALUES ('comment_141_1_0', 'Cumque accusamus est repudiandae est perferendis possimus architecto fugit.', 'f0166bd2-8e4d-4308-b5d7-0b3d627c5dc5', 'usr_141');
INSERT INTO trabalho.comentarios_podcast_usuario VALUES ('comment_141_2_0', 'Et eum quia omnis est.', 'f0166bd2-8e4d-4308-b5d7-0b3d627c5dc5', 'usr_141');
INSERT INTO trabalho.log_acesso VALUES ('log_141_0_0', 'f0166bd2-8e4d-4308-b5d7-0b3d627c5dc5', 'usr_141');
INSERT INTO trabalho.log_acesso VALUES ('log_141_1_0', 'f0166bd2-8e4d-4308-b5d7-0b3d627c5dc5', 'usr_141');
INSERT INTO trabalho.log_acesso VALUES ('log_141_2_0', 'f0166bd2-8e4d-4308-b5d7-0b3d627c5dc5', 'usr_141');
INSERT INTO trabalho.usuario_esta_inscrito_no_podcast VALUES (3, '219328a1-cec6-4e8c-b003-52a3ec9766bb', 'usr_141');
INSERT INTO trabalho.comentarios_podcast_usuario VALUES ('comment_141_0_1', 'Voluptatem architecto magnam sint quam est est commodi.', '219328a1-cec6-4e8c-b003-52a3ec9766bb', 'usr_141');
INSERT INTO trabalho.comentarios_podcast_usuario VALUES ('comment_141_1_1', 'Est qui odit.', '219328a1-cec6-4e8c-b003-52a3ec9766bb', 'usr_141');
INSERT INTO trabalho.log_acesso VALUES ('log_141_0_1', '219328a1-cec6-4e8c-b003-52a3ec9766bb', 'usr_141');
INSERT INTO trabalho.log_acesso VALUES ('log_141_1_1', '219328a1-cec6-4e8c-b003-52a3ec9766bb', 'usr_141');
INSERT INTO trabalho.log_acesso VALUES ('log_141_2_1', '219328a1-cec6-4e8c-b003-52a3ec9766bb', 'usr_141');
INSERT INTO trabalho.log_acesso VALUES ('log_141_3_1', '219328a1-cec6-4e8c-b003-52a3ec9766bb', 'usr_141');
INSERT INTO trabalho.log_acesso VALUES ('log_141_4_1', '219328a1-cec6-4e8c-b003-52a3ec9766bb', 'usr_141');
INSERT INTO trabalho.usuario_esta_inscrito_no_podcast VALUES (2, '7e429e8e-7669-403d-bb78-3cd7f9f75afd', 'usr_141');
INSERT INTO trabalho.comentarios_podcast_usuario VALUES ('comment_141_0_2', 'Corrupti doloremque eum quia.', '7e429e8e-7669-403d-bb78-3cd7f9f75afd', 'usr_141');
INSERT INTO trabalho.comentarios_podcast_usuario VALUES ('comment_141_1_2', 'Aliquam rerum eius porro aspernatur.', '7e429e8e-7669-403d-bb78-3cd7f9f75afd', 'usr_141');
INSERT INTO trabalho.comentarios_podcast_usuario VALUES ('comment_141_2_2', 'Ipsum dolores voluptate nemo a repellendus voluptatem quo nostrum velit.', '7e429e8e-7669-403d-bb78-3cd7f9f75afd', 'usr_141');
INSERT INTO trabalho.log_acesso VALUES ('log_141_0_2', '7e429e8e-7669-403d-bb78-3cd7f9f75afd', 'usr_141');
INSERT INTO trabalho.log_acesso VALUES ('log_141_1_2', '7e429e8e-7669-403d-bb78-3cd7f9f75afd', 'usr_141');
INSERT INTO trabalho.log_acesso VALUES ('log_141_2_2', '7e429e8e-7669-403d-bb78-3cd7f9f75afd', 'usr_141');
INSERT INTO trabalho.usuario VALUES ('usr_142', '142_Alessandro_Moraes@gmail.com', 'Alessandro Moraes', 'male', 33, trabalho.hashPassword('Password123'), 'Ilha de Man');
INSERT INTO trabalho.usuario_esta_inscrito_no_podcast VALUES (1, 'fa3abe16-3645-4d22-a01d-893e6f20c408', 'usr_142');
INSERT INTO trabalho.comentarios_podcast_usuario VALUES ('comment_142_0_0', 'Porro necessitatibus velit.', 'fa3abe16-3645-4d22-a01d-893e6f20c408', 'usr_142');
INSERT INTO trabalho.comentarios_podcast_usuario VALUES ('comment_142_1_0', 'Officiis veritatis omnis est quisquam sint aut ea officia laborum.', 'fa3abe16-3645-4d22-a01d-893e6f20c408', 'usr_142');
INSERT INTO trabalho.log_acesso VALUES ('log_142_0_0', 'fa3abe16-3645-4d22-a01d-893e6f20c408', 'usr_142');
INSERT INTO trabalho.log_acesso VALUES ('log_142_1_0', 'fa3abe16-3645-4d22-a01d-893e6f20c408', 'usr_142');
INSERT INTO trabalho.usuario_esta_inscrito_no_podcast VALUES (1, 'f8e13774-d631-4f34-93f0-2f5d55590265', 'usr_142');
INSERT INTO trabalho.comentarios_podcast_usuario VALUES ('comment_142_0_1', 'Et pariatur eveniet et omnis fugit praesentium minima aut.', 'f8e13774-d631-4f34-93f0-2f5d55590265', 'usr_142');
INSERT INTO trabalho.comentarios_podcast_usuario VALUES ('comment_142_1_1', 'Aliquid quia laudantium omnis non.', 'f8e13774-d631-4f34-93f0-2f5d55590265', 'usr_142');
INSERT INTO trabalho.comentarios_podcast_usuario VALUES ('comment_142_2_1', 'Et aut quaerat numquam.', 'f8e13774-d631-4f34-93f0-2f5d55590265', 'usr_142');
INSERT INTO trabalho.log_acesso VALUES ('log_142_0_1', 'f8e13774-d631-4f34-93f0-2f5d55590265', 'usr_142');
INSERT INTO trabalho.log_acesso VALUES ('log_142_1_1', 'f8e13774-d631-4f34-93f0-2f5d55590265', 'usr_142');
INSERT INTO trabalho.log_acesso VALUES ('log_142_2_1', 'f8e13774-d631-4f34-93f0-2f5d55590265', 'usr_142');
INSERT INTO trabalho.usuario_esta_inscrito_no_podcast VALUES (2, 'b553d865-8fe2-47de-9a30-10e1dea3bd1d', 'usr_142');
INSERT INTO trabalho.comentarios_podcast_usuario VALUES ('comment_142_0_2', 'Qui quod sint rerum est laudantium qui.', 'b553d865-8fe2-47de-9a30-10e1dea3bd1d', 'usr_142');
INSERT INTO trabalho.comentarios_podcast_usuario VALUES ('comment_142_1_2', 'Quam aliquam saepe aliquam quas aperiam saepe rerum.', 'b553d865-8fe2-47de-9a30-10e1dea3bd1d', 'usr_142');
INSERT INTO trabalho.comentarios_podcast_usuario VALUES ('comment_142_2_2', 'Vitae et aut.', 'b553d865-8fe2-47de-9a30-10e1dea3bd1d', 'usr_142');
INSERT INTO trabalho.comentarios_podcast_usuario VALUES ('comment_142_3_2', 'Quia soluta nihil vitae recusandae doloribus.', 'b553d865-8fe2-47de-9a30-10e1dea3bd1d', 'usr_142');
INSERT INTO trabalho.log_acesso VALUES ('log_142_0_2', 'b553d865-8fe2-47de-9a30-10e1dea3bd1d', 'usr_142');
INSERT INTO trabalho.usuario VALUES ('usr_143', '143_Ricardo_Moraes78@bol.com.br', 'Ricardo Moraes', 'male', 45, trabalho.hashPassword('Password123'), 'Fiji');
INSERT INTO trabalho.usuario_esta_inscrito_no_podcast VALUES (0, '168c1536-4c42-4b8f-8c77-f06affefec6a', 'usr_143');
INSERT INTO trabalho.comentarios_podcast_usuario VALUES ('comment_143_0_0', 'Exercitationem libero deserunt totam et doloremque.', '168c1536-4c42-4b8f-8c77-f06affefec6a', 'usr_143');
INSERT INTO trabalho.log_acesso VALUES ('log_143_0_0', '168c1536-4c42-4b8f-8c77-f06affefec6a', 'usr_143');
INSERT INTO trabalho.log_acesso VALUES ('log_143_1_0', '168c1536-4c42-4b8f-8c77-f06affefec6a', 'usr_143');
INSERT INTO trabalho.log_acesso VALUES ('log_143_2_0', '168c1536-4c42-4b8f-8c77-f06affefec6a', 'usr_143');
INSERT INTO trabalho.log_acesso VALUES ('log_143_3_0', '168c1536-4c42-4b8f-8c77-f06affefec6a', 'usr_143');
INSERT INTO trabalho.log_acesso VALUES ('log_143_4_0', '168c1536-4c42-4b8f-8c77-f06affefec6a', 'usr_143');
INSERT INTO trabalho.log_acesso VALUES ('log_143_5_0', '168c1536-4c42-4b8f-8c77-f06affefec6a', 'usr_143');
INSERT INTO trabalho.usuario_esta_inscrito_no_podcast VALUES (3, 'f8e13774-d631-4f34-93f0-2f5d55590265', 'usr_143');
INSERT INTO trabalho.comentarios_podcast_usuario VALUES ('comment_143_0_1', 'Minus est est consequatur beatae iusto sint nam aliquam.', 'f8e13774-d631-4f34-93f0-2f5d55590265', 'usr_143');
INSERT INTO trabalho.comentarios_podcast_usuario VALUES ('comment_143_1_1', 'Expedita doloremque impedit velit ratione error expedita ut.', 'f8e13774-d631-4f34-93f0-2f5d55590265', 'usr_143');
INSERT INTO trabalho.comentarios_podcast_usuario VALUES ('comment_143_2_1', 'Et iste ad quidem illo enim.', 'f8e13774-d631-4f34-93f0-2f5d55590265', 'usr_143');
INSERT INTO trabalho.log_acesso VALUES ('log_143_0_1', 'f8e13774-d631-4f34-93f0-2f5d55590265', 'usr_143');
INSERT INTO trabalho.log_acesso VALUES ('log_143_1_1', 'f8e13774-d631-4f34-93f0-2f5d55590265', 'usr_143');
INSERT INTO trabalho.log_acesso VALUES ('log_143_2_1', 'f8e13774-d631-4f34-93f0-2f5d55590265', 'usr_143');
INSERT INTO trabalho.usuario_esta_inscrito_no_podcast VALUES (2, '219328a1-cec6-4e8c-b003-52a3ec9766bb', 'usr_143');
INSERT INTO trabalho.comentarios_podcast_usuario VALUES ('comment_143_0_2', 'Ullam consequatur ea commodi eum.', '219328a1-cec6-4e8c-b003-52a3ec9766bb', 'usr_143');
INSERT INTO trabalho.comentarios_podcast_usuario VALUES ('comment_143_1_2', 'Nisi veniam ut dignissimos et ut sit quo.', '219328a1-cec6-4e8c-b003-52a3ec9766bb', 'usr_143');
INSERT INTO trabalho.comentarios_podcast_usuario VALUES ('comment_143_2_2', 'Optio occaecati unde maxime animi autem dolores et.', '219328a1-cec6-4e8c-b003-52a3ec9766bb', 'usr_143');
INSERT INTO trabalho.log_acesso VALUES ('log_143_0_2', '219328a1-cec6-4e8c-b003-52a3ec9766bb', 'usr_143');
INSERT INTO trabalho.log_acesso VALUES ('log_143_1_2', '219328a1-cec6-4e8c-b003-52a3ec9766bb', 'usr_143');
INSERT INTO trabalho.log_acesso VALUES ('log_143_2_2', '219328a1-cec6-4e8c-b003-52a3ec9766bb', 'usr_143');
INSERT INTO trabalho.log_acesso VALUES ('log_143_3_2', '219328a1-cec6-4e8c-b003-52a3ec9766bb', 'usr_143');
INSERT INTO trabalho.usuario VALUES ('usr_144', '144_Pablo11@gmail.com', 'Pablo Moraes', 'male', 48, trabalho.hashPassword('Password123'), 'Ilhas Virgens');
INSERT INTO trabalho.usuario_esta_inscrito_no_podcast VALUES (2, '219328a1-cec6-4e8c-b003-52a3ec9766bb', 'usr_144');
INSERT INTO trabalho.comentarios_podcast_usuario VALUES ('comment_144_0_0', 'Quas saepe error.', '219328a1-cec6-4e8c-b003-52a3ec9766bb', 'usr_144');
INSERT INTO trabalho.comentarios_podcast_usuario VALUES ('comment_144_1_0', 'Vitae sit fuga maiores suscipit porro aliquid facere eius.', '219328a1-cec6-4e8c-b003-52a3ec9766bb', 'usr_144');
INSERT INTO trabalho.comentarios_podcast_usuario VALUES ('comment_144_2_0', 'Officia voluptatem ut in.', '219328a1-cec6-4e8c-b003-52a3ec9766bb', 'usr_144');
INSERT INTO trabalho.log_acesso VALUES ('log_144_0_0', '219328a1-cec6-4e8c-b003-52a3ec9766bb', 'usr_144');
INSERT INTO trabalho.log_acesso VALUES ('log_144_1_0', '219328a1-cec6-4e8c-b003-52a3ec9766bb', 'usr_144');
INSERT INTO trabalho.log_acesso VALUES ('log_144_2_0', '219328a1-cec6-4e8c-b003-52a3ec9766bb', 'usr_144');
INSERT INTO trabalho.log_acesso VALUES ('log_144_3_0', '219328a1-cec6-4e8c-b003-52a3ec9766bb', 'usr_144');
INSERT INTO trabalho.usuario_esta_inscrito_no_podcast VALUES (2, '5bdf7377-8330-4f9f-8efd-e95301c122ce', 'usr_144');
INSERT INTO trabalho.comentarios_podcast_usuario VALUES ('comment_144_0_1', 'Voluptatibus perferendis aliquam porro quaerat sit.', '5bdf7377-8330-4f9f-8efd-e95301c122ce', 'usr_144');
INSERT INTO trabalho.comentarios_podcast_usuario VALUES ('comment_144_1_1', 'Facilis consequatur fugiat quis nulla voluptatem deserunt repellat ipsa.', '5bdf7377-8330-4f9f-8efd-e95301c122ce', 'usr_144');
INSERT INTO trabalho.comentarios_podcast_usuario VALUES ('comment_144_2_1', 'Est doloremque voluptatem cupiditate natus voluptatem.', '5bdf7377-8330-4f9f-8efd-e95301c122ce', 'usr_144');
INSERT INTO trabalho.comentarios_podcast_usuario VALUES ('comment_144_3_1', 'Natus qui eum necessitatibus non mollitia cum totam.', '5bdf7377-8330-4f9f-8efd-e95301c122ce', 'usr_144');
INSERT INTO trabalho.comentarios_podcast_usuario VALUES ('comment_144_4_1', 'Ab sapiente repellendus et deleniti quasi ut sint odio iure.', '5bdf7377-8330-4f9f-8efd-e95301c122ce', 'usr_144');
INSERT INTO trabalho.log_acesso VALUES ('log_144_0_1', '5bdf7377-8330-4f9f-8efd-e95301c122ce', 'usr_144');
INSERT INTO trabalho.log_acesso VALUES ('log_144_1_1', '5bdf7377-8330-4f9f-8efd-e95301c122ce', 'usr_144');
INSERT INTO trabalho.log_acesso VALUES ('log_144_2_1', '5bdf7377-8330-4f9f-8efd-e95301c122ce', 'usr_144');
INSERT INTO trabalho.log_acesso VALUES ('log_144_3_1', '5bdf7377-8330-4f9f-8efd-e95301c122ce', 'usr_144');
INSERT INTO trabalho.usuario_esta_inscrito_no_podcast VALUES (1, 'af46a958-b921-47b6-9f87-5c4fdc68ea79', 'usr_144');
INSERT INTO trabalho.comentarios_podcast_usuario VALUES ('comment_144_0_2', 'Illo sed repellendus maxime.', 'af46a958-b921-47b6-9f87-5c4fdc68ea79', 'usr_144');
INSERT INTO trabalho.log_acesso VALUES ('log_144_0_2', 'af46a958-b921-47b6-9f87-5c4fdc68ea79', 'usr_144');
INSERT INTO trabalho.log_acesso VALUES ('log_144_1_2', 'af46a958-b921-47b6-9f87-5c4fdc68ea79', 'usr_144');
INSERT INTO trabalho.log_acesso VALUES ('log_144_2_2', 'af46a958-b921-47b6-9f87-5c4fdc68ea79', 'usr_144');
INSERT INTO trabalho.usuario VALUES ('usr_145', '145_MariaClara92@bol.com.br', 'Maria Clara Barros', 'female', 47, trabalho.hashPassword('Password123'), 'Indonésia');
INSERT INTO trabalho.usuario_esta_inscrito_no_podcast VALUES (3, 'b553d865-8fe2-47de-9a30-10e1dea3bd1d', 'usr_145');
INSERT INTO trabalho.comentarios_podcast_usuario VALUES ('comment_145_0_0', 'Quo sunt rerum sequi.', 'b553d865-8fe2-47de-9a30-10e1dea3bd1d', 'usr_145');
INSERT INTO trabalho.comentarios_podcast_usuario VALUES ('comment_145_1_0', 'Expedita non modi quis voluptate quae nemo voluptatem dolores.', 'b553d865-8fe2-47de-9a30-10e1dea3bd1d', 'usr_145');
INSERT INTO trabalho.comentarios_podcast_usuario VALUES ('comment_145_2_0', 'Cum voluptas aut accusamus error recusandae ut.', 'b553d865-8fe2-47de-9a30-10e1dea3bd1d', 'usr_145');
INSERT INTO trabalho.log_acesso VALUES ('log_145_0_0', 'b553d865-8fe2-47de-9a30-10e1dea3bd1d', 'usr_145');
INSERT INTO trabalho.log_acesso VALUES ('log_145_1_0', 'b553d865-8fe2-47de-9a30-10e1dea3bd1d', 'usr_145');
INSERT INTO trabalho.log_acesso VALUES ('log_145_2_0', 'b553d865-8fe2-47de-9a30-10e1dea3bd1d', 'usr_145');
INSERT INTO trabalho.log_acesso VALUES ('log_145_3_0', 'b553d865-8fe2-47de-9a30-10e1dea3bd1d', 'usr_145');
INSERT INTO trabalho.log_acesso VALUES ('log_145_4_0', 'b553d865-8fe2-47de-9a30-10e1dea3bd1d', 'usr_145');
INSERT INTO trabalho.log_acesso VALUES ('log_145_5_0', 'b553d865-8fe2-47de-9a30-10e1dea3bd1d', 'usr_145');
INSERT INTO trabalho.log_acesso VALUES ('log_145_6_0', 'b553d865-8fe2-47de-9a30-10e1dea3bd1d', 'usr_145');
INSERT INTO trabalho.usuario_esta_inscrito_no_podcast VALUES (2, 'c58b280a-56d4-4ad8-8c85-730e4ea86361', 'usr_145');
INSERT INTO trabalho.comentarios_podcast_usuario VALUES ('comment_145_0_1', 'Quis repellendus sint sit dolores molestiae repellendus hic.', 'c58b280a-56d4-4ad8-8c85-730e4ea86361', 'usr_145');
INSERT INTO trabalho.log_acesso VALUES ('log_145_0_1', 'c58b280a-56d4-4ad8-8c85-730e4ea86361', 'usr_145');
INSERT INTO trabalho.usuario_esta_inscrito_no_podcast VALUES (4, 'de2f0ddb-9903-436a-a5e2-54224254c818', 'usr_145');
INSERT INTO trabalho.comentarios_podcast_usuario VALUES ('comment_145_0_2', 'Consequatur quisquam et aut enim.', 'de2f0ddb-9903-436a-a5e2-54224254c818', 'usr_145');
INSERT INTO trabalho.comentarios_podcast_usuario VALUES ('comment_145_1_2', 'Voluptate distinctio officiis aliquid incidunt recusandae dicta est atque nemo.', 'de2f0ddb-9903-436a-a5e2-54224254c818', 'usr_145');
INSERT INTO trabalho.log_acesso VALUES ('log_145_0_2', 'de2f0ddb-9903-436a-a5e2-54224254c818', 'usr_145');
INSERT INTO trabalho.log_acesso VALUES ('log_145_1_2', 'de2f0ddb-9903-436a-a5e2-54224254c818', 'usr_145');
INSERT INTO trabalho.log_acesso VALUES ('log_145_2_2', 'de2f0ddb-9903-436a-a5e2-54224254c818', 'usr_145');
INSERT INTO trabalho.log_acesso VALUES ('log_145_3_2', 'de2f0ddb-9903-436a-a5e2-54224254c818', 'usr_145');
INSERT INTO trabalho.log_acesso VALUES ('log_145_4_2', 'de2f0ddb-9903-436a-a5e2-54224254c818', 'usr_145');
INSERT INTO trabalho.log_acesso VALUES ('log_145_5_2', 'de2f0ddb-9903-436a-a5e2-54224254c818', 'usr_145');
INSERT INTO trabalho.usuario VALUES ('usr_146', '146_Felipe.Moreira@gmail.com', 'Felipe Moreira', 'male', 3, trabalho.hashPassword('Password123'), 'Nigéria');
INSERT INTO trabalho.usuario_esta_inscrito_no_podcast VALUES (1, '5bdf7377-8330-4f9f-8efd-e95301c122ce', 'usr_146');
INSERT INTO trabalho.comentarios_podcast_usuario VALUES ('comment_146_0_0', 'Molestiae quaerat necessitatibus et sed eos.', '5bdf7377-8330-4f9f-8efd-e95301c122ce', 'usr_146');
INSERT INTO trabalho.comentarios_podcast_usuario VALUES ('comment_146_1_0', 'Sint labore consequuntur et architecto odio.', '5bdf7377-8330-4f9f-8efd-e95301c122ce', 'usr_146');
INSERT INTO trabalho.comentarios_podcast_usuario VALUES ('comment_146_2_0', 'Commodi eum cumque.', '5bdf7377-8330-4f9f-8efd-e95301c122ce', 'usr_146');
INSERT INTO trabalho.log_acesso VALUES ('log_146_0_0', '5bdf7377-8330-4f9f-8efd-e95301c122ce', 'usr_146');
INSERT INTO trabalho.log_acesso VALUES ('log_146_1_0', '5bdf7377-8330-4f9f-8efd-e95301c122ce', 'usr_146');
INSERT INTO trabalho.log_acesso VALUES ('log_146_2_0', '5bdf7377-8330-4f9f-8efd-e95301c122ce', 'usr_146');
INSERT INTO trabalho.log_acesso VALUES ('log_146_3_0', '5bdf7377-8330-4f9f-8efd-e95301c122ce', 'usr_146');
INSERT INTO trabalho.usuario_esta_inscrito_no_podcast VALUES (1, '7e429e8e-7669-403d-bb78-3cd7f9f75afd', 'usr_146');
INSERT INTO trabalho.comentarios_podcast_usuario VALUES ('comment_146_0_1', 'Est ea et debitis ipsum cumque consequatur sunt eveniet blanditiis.', '7e429e8e-7669-403d-bb78-3cd7f9f75afd', 'usr_146');
INSERT INTO trabalho.comentarios_podcast_usuario VALUES ('comment_146_1_1', 'Nostrum deserunt voluptates temporibus mollitia commodi cupiditate voluptatem provident architecto.', '7e429e8e-7669-403d-bb78-3cd7f9f75afd', 'usr_146');
INSERT INTO trabalho.comentarios_podcast_usuario VALUES ('comment_146_2_1', 'Officia libero dolore voluptatem.', '7e429e8e-7669-403d-bb78-3cd7f9f75afd', 'usr_146');
INSERT INTO trabalho.log_acesso VALUES ('log_146_0_1', '7e429e8e-7669-403d-bb78-3cd7f9f75afd', 'usr_146');
INSERT INTO trabalho.log_acesso VALUES ('log_146_1_1', '7e429e8e-7669-403d-bb78-3cd7f9f75afd', 'usr_146');
INSERT INTO trabalho.usuario_esta_inscrito_no_podcast VALUES (0, 'c58b280a-56d4-4ad8-8c85-730e4ea86361', 'usr_146');
INSERT INTO trabalho.comentarios_podcast_usuario VALUES ('comment_146_0_2', 'Deleniti officiis occaecati aliquam nihil possimus corrupti animi quo.', 'c58b280a-56d4-4ad8-8c85-730e4ea86361', 'usr_146');
INSERT INTO trabalho.comentarios_podcast_usuario VALUES ('comment_146_1_2', 'Consequuntur delectus illo eos reprehenderit sit esse id.', 'c58b280a-56d4-4ad8-8c85-730e4ea86361', 'usr_146');
INSERT INTO trabalho.comentarios_podcast_usuario VALUES ('comment_146_2_2', 'Quis eligendi quidem et sequi ut est quasi facere.', 'c58b280a-56d4-4ad8-8c85-730e4ea86361', 'usr_146');
INSERT INTO trabalho.comentarios_podcast_usuario VALUES ('comment_146_3_2', 'Iusto doloribus voluptas.', 'c58b280a-56d4-4ad8-8c85-730e4ea86361', 'usr_146');
INSERT INTO trabalho.log_acesso VALUES ('log_146_0_2', 'c58b280a-56d4-4ad8-8c85-730e4ea86361', 'usr_146');
INSERT INTO trabalho.log_acesso VALUES ('log_146_1_2', 'c58b280a-56d4-4ad8-8c85-730e4ea86361', 'usr_146');
INSERT INTO trabalho.log_acesso VALUES ('log_146_2_2', 'c58b280a-56d4-4ad8-8c85-730e4ea86361', 'usr_146');
INSERT INTO trabalho.usuario VALUES ('usr_147', '147_Eduardo_Moreira@live.com', 'Eduardo Moreira', 'male', 58, trabalho.hashPassword('Password123'), 'República Dominicana');
INSERT INTO trabalho.usuario_esta_inscrito_no_podcast VALUES (0, 'b553d865-8fe2-47de-9a30-10e1dea3bd1d', 'usr_147');
INSERT INTO trabalho.comentarios_podcast_usuario VALUES ('comment_147_0_0', 'Qui et consectetur.', 'b553d865-8fe2-47de-9a30-10e1dea3bd1d', 'usr_147');
INSERT INTO trabalho.comentarios_podcast_usuario VALUES ('comment_147_1_0', 'Et ad quod aperiam sit et.', 'b553d865-8fe2-47de-9a30-10e1dea3bd1d', 'usr_147');
INSERT INTO trabalho.comentarios_podcast_usuario VALUES ('comment_147_2_0', 'Placeat id et fugiat in.', 'b553d865-8fe2-47de-9a30-10e1dea3bd1d', 'usr_147');
INSERT INTO trabalho.comentarios_podcast_usuario VALUES ('comment_147_3_0', 'Modi voluptatibus quis iusto magni accusamus.', 'b553d865-8fe2-47de-9a30-10e1dea3bd1d', 'usr_147');
INSERT INTO trabalho.comentarios_podcast_usuario VALUES ('comment_147_4_0', 'Iure ut earum adipisci pariatur ducimus placeat commodi asperiores libero.', 'b553d865-8fe2-47de-9a30-10e1dea3bd1d', 'usr_147');
INSERT INTO trabalho.log_acesso VALUES ('log_147_0_0', 'b553d865-8fe2-47de-9a30-10e1dea3bd1d', 'usr_147');
INSERT INTO trabalho.log_acesso VALUES ('log_147_1_0', 'b553d865-8fe2-47de-9a30-10e1dea3bd1d', 'usr_147');
INSERT INTO trabalho.log_acesso VALUES ('log_147_2_0', 'b553d865-8fe2-47de-9a30-10e1dea3bd1d', 'usr_147');
INSERT INTO trabalho.log_acesso VALUES ('log_147_3_0', 'b553d865-8fe2-47de-9a30-10e1dea3bd1d', 'usr_147');
INSERT INTO trabalho.log_acesso VALUES ('log_147_4_0', 'b553d865-8fe2-47de-9a30-10e1dea3bd1d', 'usr_147');
INSERT INTO trabalho.log_acesso VALUES ('log_147_5_0', 'b553d865-8fe2-47de-9a30-10e1dea3bd1d', 'usr_147');
INSERT INTO trabalho.usuario_esta_inscrito_no_podcast VALUES (4, 'f0166bd2-8e4d-4308-b5d7-0b3d627c5dc5', 'usr_147');
INSERT INTO trabalho.comentarios_podcast_usuario VALUES ('comment_147_0_1', 'Animi sed eum odit sint aut ut voluptatem.', 'f0166bd2-8e4d-4308-b5d7-0b3d627c5dc5', 'usr_147');
INSERT INTO trabalho.comentarios_podcast_usuario VALUES ('comment_147_1_1', 'Dicta enim eos cum nulla et.', 'f0166bd2-8e4d-4308-b5d7-0b3d627c5dc5', 'usr_147');
INSERT INTO trabalho.comentarios_podcast_usuario VALUES ('comment_147_2_1', 'Vel consequatur quis assumenda sequi aut impedit.', 'f0166bd2-8e4d-4308-b5d7-0b3d627c5dc5', 'usr_147');
INSERT INTO trabalho.comentarios_podcast_usuario VALUES ('comment_147_3_1', 'Pariatur et voluptatem.', 'f0166bd2-8e4d-4308-b5d7-0b3d627c5dc5', 'usr_147');
INSERT INTO trabalho.log_acesso VALUES ('log_147_0_1', 'f0166bd2-8e4d-4308-b5d7-0b3d627c5dc5', 'usr_147');
INSERT INTO trabalho.log_acesso VALUES ('log_147_1_1', 'f0166bd2-8e4d-4308-b5d7-0b3d627c5dc5', 'usr_147');
INSERT INTO trabalho.log_acesso VALUES ('log_147_2_1', 'f0166bd2-8e4d-4308-b5d7-0b3d627c5dc5', 'usr_147');
INSERT INTO trabalho.log_acesso VALUES ('log_147_3_1', 'f0166bd2-8e4d-4308-b5d7-0b3d627c5dc5', 'usr_147');
INSERT INTO trabalho.log_acesso VALUES ('log_147_4_1', 'f0166bd2-8e4d-4308-b5d7-0b3d627c5dc5', 'usr_147');
INSERT INTO trabalho.usuario_esta_inscrito_no_podcast VALUES (2, 'fa3abe16-3645-4d22-a01d-893e6f20c408', 'usr_147');
INSERT INTO trabalho.comentarios_podcast_usuario VALUES ('comment_147_0_2', 'Suscipit dolorem non veritatis.', 'fa3abe16-3645-4d22-a01d-893e6f20c408', 'usr_147');
INSERT INTO trabalho.comentarios_podcast_usuario VALUES ('comment_147_1_2', 'Omnis quisquam reiciendis vel aut qui libero.', 'fa3abe16-3645-4d22-a01d-893e6f20c408', 'usr_147');
INSERT INTO trabalho.comentarios_podcast_usuario VALUES ('comment_147_2_2', 'Dolor est et consequatur.', 'fa3abe16-3645-4d22-a01d-893e6f20c408', 'usr_147');
INSERT INTO trabalho.comentarios_podcast_usuario VALUES ('comment_147_3_2', 'Praesentium et voluptatibus voluptatum reprehenderit et sint qui quo eum.', 'fa3abe16-3645-4d22-a01d-893e6f20c408', 'usr_147');
INSERT INTO trabalho.log_acesso VALUES ('log_147_0_2', 'fa3abe16-3645-4d22-a01d-893e6f20c408', 'usr_147');
INSERT INTO trabalho.log_acesso VALUES ('log_147_1_2', 'fa3abe16-3645-4d22-a01d-893e6f20c408', 'usr_147');
INSERT INTO trabalho.log_acesso VALUES ('log_147_2_2', 'fa3abe16-3645-4d22-a01d-893e6f20c408', 'usr_147');
INSERT INTO trabalho.usuario VALUES ('usr_148', '148_Cau.Martins@live.com', 'Cauã Martins', 'male', 3, trabalho.hashPassword('Password123'), 'Omã');
INSERT INTO trabalho.usuario_esta_inscrito_no_podcast VALUES (3, 'fa3abe16-3645-4d22-a01d-893e6f20c408', 'usr_148');
INSERT INTO trabalho.comentarios_podcast_usuario VALUES ('comment_148_0_0', 'Alias similique sit.', 'fa3abe16-3645-4d22-a01d-893e6f20c408', 'usr_148');
INSERT INTO trabalho.comentarios_podcast_usuario VALUES ('comment_148_1_0', 'Mollitia id ipsa quod provident exercitationem deleniti voluptatibus voluptatem.', 'fa3abe16-3645-4d22-a01d-893e6f20c408', 'usr_148');
INSERT INTO trabalho.comentarios_podcast_usuario VALUES ('comment_148_2_0', 'Deserunt consequatur blanditiis aut sit et sit sapiente.', 'fa3abe16-3645-4d22-a01d-893e6f20c408', 'usr_148');
INSERT INTO trabalho.comentarios_podcast_usuario VALUES ('comment_148_3_0', 'In quis assumenda.', 'fa3abe16-3645-4d22-a01d-893e6f20c408', 'usr_148');
INSERT INTO trabalho.comentarios_podcast_usuario VALUES ('comment_148_4_0', 'Quo necessitatibus tempore illo perspiciatis quam quis quis ut.', 'fa3abe16-3645-4d22-a01d-893e6f20c408', 'usr_148');
INSERT INTO trabalho.log_acesso VALUES ('log_148_0_0', 'fa3abe16-3645-4d22-a01d-893e6f20c408', 'usr_148');
INSERT INTO trabalho.log_acesso VALUES ('log_148_1_0', 'fa3abe16-3645-4d22-a01d-893e6f20c408', 'usr_148');
INSERT INTO trabalho.log_acesso VALUES ('log_148_2_0', 'fa3abe16-3645-4d22-a01d-893e6f20c408', 'usr_148');
INSERT INTO trabalho.usuario_esta_inscrito_no_podcast VALUES (5, 'c58b280a-56d4-4ad8-8c85-730e4ea86361', 'usr_148');
INSERT INTO trabalho.comentarios_podcast_usuario VALUES ('comment_148_0_1', 'Temporibus quis expedita provident dolores voluptates.', 'c58b280a-56d4-4ad8-8c85-730e4ea86361', 'usr_148');
INSERT INTO trabalho.comentarios_podcast_usuario VALUES ('comment_148_1_1', 'Corporis sit qui sit fuga non nam voluptas.', 'c58b280a-56d4-4ad8-8c85-730e4ea86361', 'usr_148');
INSERT INTO trabalho.comentarios_podcast_usuario VALUES ('comment_148_2_1', 'Nisi maiores suscipit vitae delectus eos facilis dolorum accusamus voluptas.', 'c58b280a-56d4-4ad8-8c85-730e4ea86361', 'usr_148');
INSERT INTO trabalho.log_acesso VALUES ('log_148_0_1', 'c58b280a-56d4-4ad8-8c85-730e4ea86361', 'usr_148');
INSERT INTO trabalho.usuario_esta_inscrito_no_podcast VALUES (0, '7e429e8e-7669-403d-bb78-3cd7f9f75afd', 'usr_148');
INSERT INTO trabalho.comentarios_podcast_usuario VALUES ('comment_148_0_2', 'Et alias adipisci consequatur alias et nisi neque vel placeat.', '7e429e8e-7669-403d-bb78-3cd7f9f75afd', 'usr_148');
INSERT INTO trabalho.log_acesso VALUES ('log_148_0_2', '7e429e8e-7669-403d-bb78-3cd7f9f75afd', 'usr_148');
INSERT INTO trabalho.log_acesso VALUES ('log_148_1_2', '7e429e8e-7669-403d-bb78-3cd7f9f75afd', 'usr_148');
INSERT INTO trabalho.log_acesso VALUES ('log_148_2_2', '7e429e8e-7669-403d-bb78-3cd7f9f75afd', 'usr_148');
INSERT INTO trabalho.log_acesso VALUES ('log_148_3_2', '7e429e8e-7669-403d-bb78-3cd7f9f75afd', 'usr_148');
INSERT INTO trabalho.usuario VALUES ('usr_149', '149_JooPedro_Melo@yahoo.com', 'João Pedro Melo', 'male', 40, trabalho.hashPassword('Password123'), 'Macao');
INSERT INTO trabalho.usuario_esta_inscrito_no_podcast VALUES (5, '219328a1-cec6-4e8c-b003-52a3ec9766bb', 'usr_149');
INSERT INTO trabalho.comentarios_podcast_usuario VALUES ('comment_149_0_0', 'Eum consequatur laborum.', '219328a1-cec6-4e8c-b003-52a3ec9766bb', 'usr_149');
INSERT INTO trabalho.comentarios_podcast_usuario VALUES ('comment_149_1_0', 'Quo voluptatum necessitatibus est praesentium reprehenderit est placeat.', '219328a1-cec6-4e8c-b003-52a3ec9766bb', 'usr_149');
INSERT INTO trabalho.log_acesso VALUES ('log_149_0_0', '219328a1-cec6-4e8c-b003-52a3ec9766bb', 'usr_149');
INSERT INTO trabalho.log_acesso VALUES ('log_149_1_0', '219328a1-cec6-4e8c-b003-52a3ec9766bb', 'usr_149');
INSERT INTO trabalho.log_acesso VALUES ('log_149_2_0', '219328a1-cec6-4e8c-b003-52a3ec9766bb', 'usr_149');
INSERT INTO trabalho.log_acesso VALUES ('log_149_3_0', '219328a1-cec6-4e8c-b003-52a3ec9766bb', 'usr_149');
INSERT INTO trabalho.log_acesso VALUES ('log_149_4_0', '219328a1-cec6-4e8c-b003-52a3ec9766bb', 'usr_149');
INSERT INTO trabalho.log_acesso VALUES ('log_149_5_0', '219328a1-cec6-4e8c-b003-52a3ec9766bb', 'usr_149');
INSERT INTO trabalho.usuario_esta_inscrito_no_podcast VALUES (5, '168c1536-4c42-4b8f-8c77-f06affefec6a', 'usr_149');
INSERT INTO trabalho.comentarios_podcast_usuario VALUES ('comment_149_0_1', 'Doloremque est esse cumque et et.', '168c1536-4c42-4b8f-8c77-f06affefec6a', 'usr_149');
INSERT INTO trabalho.comentarios_podcast_usuario VALUES ('comment_149_1_1', 'Quia qui consequatur officia aut est illum voluptas sed.', '168c1536-4c42-4b8f-8c77-f06affefec6a', 'usr_149');
INSERT INTO trabalho.comentarios_podcast_usuario VALUES ('comment_149_2_1', 'Beatae excepturi quia sit facere.', '168c1536-4c42-4b8f-8c77-f06affefec6a', 'usr_149');
INSERT INTO trabalho.comentarios_podcast_usuario VALUES ('comment_149_3_1', 'Odio hic consequatur alias a omnis qui occaecati qui.', '168c1536-4c42-4b8f-8c77-f06affefec6a', 'usr_149');
INSERT INTO trabalho.comentarios_podcast_usuario VALUES ('comment_149_4_1', 'Animi qui autem aperiam autem aperiam sunt enim.', '168c1536-4c42-4b8f-8c77-f06affefec6a', 'usr_149');
INSERT INTO trabalho.comentarios_podcast_usuario VALUES ('comment_149_5_1', 'Dolores animi dignissimos unde ipsam aperiam qui rerum non.', '168c1536-4c42-4b8f-8c77-f06affefec6a', 'usr_149');
INSERT INTO trabalho.comentarios_podcast_usuario VALUES ('comment_149_6_1', 'Tempore odit voluptatem explicabo facere.', '168c1536-4c42-4b8f-8c77-f06affefec6a', 'usr_149');
INSERT INTO trabalho.log_acesso VALUES ('log_149_0_1', '168c1536-4c42-4b8f-8c77-f06affefec6a', 'usr_149');
INSERT INTO trabalho.usuario_esta_inscrito_no_podcast VALUES (2, '5bdf7377-8330-4f9f-8efd-e95301c122ce', 'usr_149');
INSERT INTO trabalho.comentarios_podcast_usuario VALUES ('comment_149_0_2', 'Harum repudiandae est sit odit aut et quos id.', '5bdf7377-8330-4f9f-8efd-e95301c122ce', 'usr_149');
INSERT INTO trabalho.comentarios_podcast_usuario VALUES ('comment_149_1_2', 'Veritatis dicta eius aut odio perferendis saepe.', '5bdf7377-8330-4f9f-8efd-e95301c122ce', 'usr_149');
INSERT INTO trabalho.comentarios_podcast_usuario VALUES ('comment_149_2_2', 'A accusantium deserunt et qui tempore molestias dolor tempore.', '5bdf7377-8330-4f9f-8efd-e95301c122ce', 'usr_149');
INSERT INTO trabalho.log_acesso VALUES ('log_149_0_2', '5bdf7377-8330-4f9f-8efd-e95301c122ce', 'usr_149');
INSERT INTO trabalho.log_acesso VALUES ('log_149_1_2', '5bdf7377-8330-4f9f-8efd-e95301c122ce', 'usr_149');
INSERT INTO trabalho.log_acesso VALUES ('log_149_2_2', '5bdf7377-8330-4f9f-8efd-e95301c122ce', 'usr_149');
INSERT INTO trabalho.usuario VALUES ('usr_150', '150_Laura.Franco@gmail.com', 'Laura Franco', 'female', 47, trabalho.hashPassword('Password123'), 'Serra Leoa');
INSERT INTO trabalho.usuario_esta_inscrito_no_podcast VALUES (4, 'c58b280a-56d4-4ad8-8c85-730e4ea86361', 'usr_150');
INSERT INTO trabalho.comentarios_podcast_usuario VALUES ('comment_150_0_0', 'Odio qui labore ex cumque ducimus consequatur veniam soluta.', 'c58b280a-56d4-4ad8-8c85-730e4ea86361', 'usr_150');
INSERT INTO trabalho.comentarios_podcast_usuario VALUES ('comment_150_1_0', 'Et quasi aut expedita dolorem.', 'c58b280a-56d4-4ad8-8c85-730e4ea86361', 'usr_150');
INSERT INTO trabalho.comentarios_podcast_usuario VALUES ('comment_150_2_0', 'Quibusdam vero dicta aut sapiente nobis quia.', 'c58b280a-56d4-4ad8-8c85-730e4ea86361', 'usr_150');
INSERT INTO trabalho.comentarios_podcast_usuario VALUES ('comment_150_3_0', 'Dolore minima alias et natus.', 'c58b280a-56d4-4ad8-8c85-730e4ea86361', 'usr_150');
INSERT INTO trabalho.log_acesso VALUES ('log_150_0_0', 'c58b280a-56d4-4ad8-8c85-730e4ea86361', 'usr_150');
INSERT INTO trabalho.log_acesso VALUES ('log_150_1_0', 'c58b280a-56d4-4ad8-8c85-730e4ea86361', 'usr_150');
INSERT INTO trabalho.log_acesso VALUES ('log_150_2_0', 'c58b280a-56d4-4ad8-8c85-730e4ea86361', 'usr_150');
INSERT INTO trabalho.log_acesso VALUES ('log_150_3_0', 'c58b280a-56d4-4ad8-8c85-730e4ea86361', 'usr_150');
INSERT INTO trabalho.usuario_esta_inscrito_no_podcast VALUES (0, '7e429e8e-7669-403d-bb78-3cd7f9f75afd', 'usr_150');
INSERT INTO trabalho.comentarios_podcast_usuario VALUES ('comment_150_0_1', 'Ut possimus itaque inventore soluta.', '7e429e8e-7669-403d-bb78-3cd7f9f75afd', 'usr_150');
INSERT INTO trabalho.comentarios_podcast_usuario VALUES ('comment_150_1_1', 'Rerum est nesciunt quam.', '7e429e8e-7669-403d-bb78-3cd7f9f75afd', 'usr_150');
INSERT INTO trabalho.comentarios_podcast_usuario VALUES ('comment_150_2_1', 'Placeat rerum sequi quia molestias maiores minima.', '7e429e8e-7669-403d-bb78-3cd7f9f75afd', 'usr_150');
INSERT INTO trabalho.comentarios_podcast_usuario VALUES ('comment_150_3_1', 'Quia illo nihil perspiciatis est.', '7e429e8e-7669-403d-bb78-3cd7f9f75afd', 'usr_150');
INSERT INTO trabalho.log_acesso VALUES ('log_150_0_1', '7e429e8e-7669-403d-bb78-3cd7f9f75afd', 'usr_150');
INSERT INTO trabalho.log_acesso VALUES ('log_150_1_1', '7e429e8e-7669-403d-bb78-3cd7f9f75afd', 'usr_150');
INSERT INTO trabalho.usuario_esta_inscrito_no_podcast VALUES (5, 'f0166bd2-8e4d-4308-b5d7-0b3d627c5dc5', 'usr_150');
INSERT INTO trabalho.comentarios_podcast_usuario VALUES ('comment_150_0_2', 'Ad corrupti nostrum consequatur aperiam.', 'f0166bd2-8e4d-4308-b5d7-0b3d627c5dc5', 'usr_150');
INSERT INTO trabalho.comentarios_podcast_usuario VALUES ('comment_150_1_2', 'Quis nam a at suscipit quia aspernatur doloribus unde.', 'f0166bd2-8e4d-4308-b5d7-0b3d627c5dc5', 'usr_150');
INSERT INTO trabalho.comentarios_podcast_usuario VALUES ('comment_150_2_2', 'Ut explicabo eaque qui beatae dicta pariatur dolor neque.', 'f0166bd2-8e4d-4308-b5d7-0b3d627c5dc5', 'usr_150');
INSERT INTO trabalho.comentarios_podcast_usuario VALUES ('comment_150_3_2', 'Vel molestiae iste.', 'f0166bd2-8e4d-4308-b5d7-0b3d627c5dc5', 'usr_150');
INSERT INTO trabalho.log_acesso VALUES ('log_150_0_2', 'f0166bd2-8e4d-4308-b5d7-0b3d627c5dc5', 'usr_150');
INSERT INTO trabalho.log_acesso VALUES ('log_150_1_2', 'f0166bd2-8e4d-4308-b5d7-0b3d627c5dc5', 'usr_150');
INSERT INTO trabalho.log_acesso VALUES ('log_150_2_2', 'f0166bd2-8e4d-4308-b5d7-0b3d627c5dc5', 'usr_150');
INSERT INTO trabalho.usuario VALUES ('usr_151', '151_EnzoGabriel47@hotmail.com', 'Enzo Gabriel Barros', 'male', 12, trabalho.hashPassword('Password123'), 'Azerbaijão');
INSERT INTO trabalho.usuario_esta_inscrito_no_podcast VALUES (0, '67074e68-bc2f-442b-8af2-7d328b6af6eb', 'usr_151');
INSERT INTO trabalho.comentarios_podcast_usuario VALUES ('comment_151_0_0', 'Sed iste vel tenetur enim perferendis accusamus id dolor et.', '67074e68-bc2f-442b-8af2-7d328b6af6eb', 'usr_151');
INSERT INTO trabalho.comentarios_podcast_usuario VALUES ('comment_151_1_0', 'Consequatur ut facere voluptatem.', '67074e68-bc2f-442b-8af2-7d328b6af6eb', 'usr_151');
INSERT INTO trabalho.comentarios_podcast_usuario VALUES ('comment_151_2_0', 'Mollitia doloremque blanditiis tempore dolorem tempora quos ea.', '67074e68-bc2f-442b-8af2-7d328b6af6eb', 'usr_151');
INSERT INTO trabalho.log_acesso VALUES ('log_151_0_0', '67074e68-bc2f-442b-8af2-7d328b6af6eb', 'usr_151');
INSERT INTO trabalho.log_acesso VALUES ('log_151_1_0', '67074e68-bc2f-442b-8af2-7d328b6af6eb', 'usr_151');
INSERT INTO trabalho.log_acesso VALUES ('log_151_2_0', '67074e68-bc2f-442b-8af2-7d328b6af6eb', 'usr_151');
INSERT INTO trabalho.log_acesso VALUES ('log_151_3_0', '67074e68-bc2f-442b-8af2-7d328b6af6eb', 'usr_151');
INSERT INTO trabalho.log_acesso VALUES ('log_151_4_0', '67074e68-bc2f-442b-8af2-7d328b6af6eb', 'usr_151');
INSERT INTO trabalho.usuario_esta_inscrito_no_podcast VALUES (4, '5bdf7377-8330-4f9f-8efd-e95301c122ce', 'usr_151');
INSERT INTO trabalho.comentarios_podcast_usuario VALUES ('comment_151_0_1', 'Dolores praesentium reprehenderit et ea animi placeat.', '5bdf7377-8330-4f9f-8efd-e95301c122ce', 'usr_151');
INSERT INTO trabalho.comentarios_podcast_usuario VALUES ('comment_151_1_1', 'Corrupti molestiae voluptatem voluptatem.', '5bdf7377-8330-4f9f-8efd-e95301c122ce', 'usr_151');
INSERT INTO trabalho.comentarios_podcast_usuario VALUES ('comment_151_2_1', 'Sapiente repellendus id sequi optio eum quidem ex eaque necessitatibus.', '5bdf7377-8330-4f9f-8efd-e95301c122ce', 'usr_151');
INSERT INTO trabalho.log_acesso VALUES ('log_151_0_1', '5bdf7377-8330-4f9f-8efd-e95301c122ce', 'usr_151');
INSERT INTO trabalho.log_acesso VALUES ('log_151_1_1', '5bdf7377-8330-4f9f-8efd-e95301c122ce', 'usr_151');
INSERT INTO trabalho.log_acesso VALUES ('log_151_2_1', '5bdf7377-8330-4f9f-8efd-e95301c122ce', 'usr_151');
INSERT INTO trabalho.log_acesso VALUES ('log_151_3_1', '5bdf7377-8330-4f9f-8efd-e95301c122ce', 'usr_151');
INSERT INTO trabalho.usuario_esta_inscrito_no_podcast VALUES (4, 'fa3abe16-3645-4d22-a01d-893e6f20c408', 'usr_151');
INSERT INTO trabalho.comentarios_podcast_usuario VALUES ('comment_151_0_2', 'Id quod at distinctio id ullam adipisci.', 'fa3abe16-3645-4d22-a01d-893e6f20c408', 'usr_151');
INSERT INTO trabalho.comentarios_podcast_usuario VALUES ('comment_151_1_2', 'Est corrupti quae voluptate labore.', 'fa3abe16-3645-4d22-a01d-893e6f20c408', 'usr_151');
INSERT INTO trabalho.comentarios_podcast_usuario VALUES ('comment_151_2_2', 'Ratione autem doloremque praesentium accusamus.', 'fa3abe16-3645-4d22-a01d-893e6f20c408', 'usr_151');
INSERT INTO trabalho.comentarios_podcast_usuario VALUES ('comment_151_3_2', 'Laboriosam quibusdam voluptates harum omnis.', 'fa3abe16-3645-4d22-a01d-893e6f20c408', 'usr_151');
INSERT INTO trabalho.log_acesso VALUES ('log_151_0_2', 'fa3abe16-3645-4d22-a01d-893e6f20c408', 'usr_151');
INSERT INTO trabalho.log_acesso VALUES ('log_151_1_2', 'fa3abe16-3645-4d22-a01d-893e6f20c408', 'usr_151');
INSERT INTO trabalho.usuario VALUES ('usr_152', '152_Nicolas.Reis@yahoo.com', 'Nicolas Reis', 'male', 37, trabalho.hashPassword('Password123'), 'Sri Lanka');
INSERT INTO trabalho.usuario_esta_inscrito_no_podcast VALUES (3, '219328a1-cec6-4e8c-b003-52a3ec9766bb', 'usr_152');
INSERT INTO trabalho.comentarios_podcast_usuario VALUES ('comment_152_0_0', 'Est nesciunt velit et aut cumque.', '219328a1-cec6-4e8c-b003-52a3ec9766bb', 'usr_152');
INSERT INTO trabalho.comentarios_podcast_usuario VALUES ('comment_152_1_0', 'Molestias quod tenetur et minima velit architecto nesciunt rerum et.', '219328a1-cec6-4e8c-b003-52a3ec9766bb', 'usr_152');
INSERT INTO trabalho.comentarios_podcast_usuario VALUES ('comment_152_2_0', 'Delectus est debitis non voluptate sequi sequi ut veniam enim.', '219328a1-cec6-4e8c-b003-52a3ec9766bb', 'usr_152');
INSERT INTO trabalho.log_acesso VALUES ('log_152_0_0', '219328a1-cec6-4e8c-b003-52a3ec9766bb', 'usr_152');
INSERT INTO trabalho.log_acesso VALUES ('log_152_1_0', '219328a1-cec6-4e8c-b003-52a3ec9766bb', 'usr_152');
INSERT INTO trabalho.log_acesso VALUES ('log_152_2_0', '219328a1-cec6-4e8c-b003-52a3ec9766bb', 'usr_152');
INSERT INTO trabalho.usuario_esta_inscrito_no_podcast VALUES (3, '7e429e8e-7669-403d-bb78-3cd7f9f75afd', 'usr_152');
INSERT INTO trabalho.comentarios_podcast_usuario VALUES ('comment_152_0_1', 'Neque eum molestiae.', '7e429e8e-7669-403d-bb78-3cd7f9f75afd', 'usr_152');
INSERT INTO trabalho.comentarios_podcast_usuario VALUES ('comment_152_1_1', 'Eum corrupti est minima et quia.', '7e429e8e-7669-403d-bb78-3cd7f9f75afd', 'usr_152');
INSERT INTO trabalho.log_acesso VALUES ('log_152_0_1', '7e429e8e-7669-403d-bb78-3cd7f9f75afd', 'usr_152');
INSERT INTO trabalho.usuario_esta_inscrito_no_podcast VALUES (3, 'f1b92ce7-47a7-43cd-8586-4a09185cdd05', 'usr_152');
INSERT INTO trabalho.comentarios_podcast_usuario VALUES ('comment_152_0_2', 'Non amet consequuntur totam natus nihil qui vero.', 'f1b92ce7-47a7-43cd-8586-4a09185cdd05', 'usr_152');
INSERT INTO trabalho.comentarios_podcast_usuario VALUES ('comment_152_1_2', 'Nobis ut quis voluptates eum.', 'f1b92ce7-47a7-43cd-8586-4a09185cdd05', 'usr_152');
INSERT INTO trabalho.comentarios_podcast_usuario VALUES ('comment_152_2_2', 'Ducimus placeat est est odio et modi vitae consequatur possimus.', 'f1b92ce7-47a7-43cd-8586-4a09185cdd05', 'usr_152');
INSERT INTO trabalho.log_acesso VALUES ('log_152_0_2', 'f1b92ce7-47a7-43cd-8586-4a09185cdd05', 'usr_152');
INSERT INTO trabalho.log_acesso VALUES ('log_152_1_2', 'f1b92ce7-47a7-43cd-8586-4a09185cdd05', 'usr_152');
INSERT INTO trabalho.log_acesso VALUES ('log_152_2_2', 'f1b92ce7-47a7-43cd-8586-4a09185cdd05', 'usr_152');
INSERT INTO trabalho.usuario VALUES ('usr_153', '153_Manuela_Silva@bol.com.br', 'Manuela Silva', 'female', 30, trabalho.hashPassword('Password123'), 'Zimbábue');
INSERT INTO trabalho.usuario_esta_inscrito_no_podcast VALUES (4, 'fa3abe16-3645-4d22-a01d-893e6f20c408', 'usr_153');
INSERT INTO trabalho.comentarios_podcast_usuario VALUES ('comment_153_0_0', 'Perspiciatis sunt dolor sunt ullam fuga ducimus.', 'fa3abe16-3645-4d22-a01d-893e6f20c408', 'usr_153');
INSERT INTO trabalho.comentarios_podcast_usuario VALUES ('comment_153_1_0', 'Fugit quas consequuntur aut distinctio et quia consequuntur consequuntur.', 'fa3abe16-3645-4d22-a01d-893e6f20c408', 'usr_153');
INSERT INTO trabalho.comentarios_podcast_usuario VALUES ('comment_153_2_0', 'Voluptas ad sint quasi et sint sit omnis.', 'fa3abe16-3645-4d22-a01d-893e6f20c408', 'usr_153');
INSERT INTO trabalho.comentarios_podcast_usuario VALUES ('comment_153_3_0', 'Dolor unde quo saepe quo voluptas ipsa cumque.', 'fa3abe16-3645-4d22-a01d-893e6f20c408', 'usr_153');
INSERT INTO trabalho.log_acesso VALUES ('log_153_0_0', 'fa3abe16-3645-4d22-a01d-893e6f20c408', 'usr_153');
INSERT INTO trabalho.usuario_esta_inscrito_no_podcast VALUES (2, 'bc8dac25-793c-4a96-aafc-4ea7020f4f60', 'usr_153');
INSERT INTO trabalho.comentarios_podcast_usuario VALUES ('comment_153_0_1', 'Explicabo delectus libero at non ut consequatur consequatur.', 'bc8dac25-793c-4a96-aafc-4ea7020f4f60', 'usr_153');
INSERT INTO trabalho.comentarios_podcast_usuario VALUES ('comment_153_1_1', 'Mollitia quia voluptas accusantium molestias consequatur aliquam.', 'bc8dac25-793c-4a96-aafc-4ea7020f4f60', 'usr_153');
INSERT INTO trabalho.comentarios_podcast_usuario VALUES ('comment_153_2_1', 'Quod similique magni itaque.', 'bc8dac25-793c-4a96-aafc-4ea7020f4f60', 'usr_153');
INSERT INTO trabalho.comentarios_podcast_usuario VALUES ('comment_153_3_1', 'At animi repudiandae non consequatur reiciendis delectus.', 'bc8dac25-793c-4a96-aafc-4ea7020f4f60', 'usr_153');
INSERT INTO trabalho.log_acesso VALUES ('log_153_0_1', 'bc8dac25-793c-4a96-aafc-4ea7020f4f60', 'usr_153');
INSERT INTO trabalho.usuario_esta_inscrito_no_podcast VALUES (5, '67074e68-bc2f-442b-8af2-7d328b6af6eb', 'usr_153');
INSERT INTO trabalho.comentarios_podcast_usuario VALUES ('comment_153_0_2', 'Esse est perferendis voluptates quia ut quia quae.', '67074e68-bc2f-442b-8af2-7d328b6af6eb', 'usr_153');
INSERT INTO trabalho.comentarios_podcast_usuario VALUES ('comment_153_1_2', 'Sed quia ut unde.', '67074e68-bc2f-442b-8af2-7d328b6af6eb', 'usr_153');
INSERT INTO trabalho.comentarios_podcast_usuario VALUES ('comment_153_2_2', 'Laborum debitis exercitationem quod et voluptatibus.', '67074e68-bc2f-442b-8af2-7d328b6af6eb', 'usr_153');
INSERT INTO trabalho.comentarios_podcast_usuario VALUES ('comment_153_3_2', 'Deserunt ratione sint esse ab.', '67074e68-bc2f-442b-8af2-7d328b6af6eb', 'usr_153');
INSERT INTO trabalho.log_acesso VALUES ('log_153_0_2', '67074e68-bc2f-442b-8af2-7d328b6af6eb', 'usr_153');
INSERT INTO trabalho.log_acesso VALUES ('log_153_1_2', '67074e68-bc2f-442b-8af2-7d328b6af6eb', 'usr_153');
INSERT INTO trabalho.usuario VALUES ('usr_154', '154_MariaClara.Batista@live.com', 'Maria Clara Batista', 'female', 9, trabalho.hashPassword('Password123'), 'Ilhas Virgens');
INSERT INTO trabalho.usuario_esta_inscrito_no_podcast VALUES (2, '7e429e8e-7669-403d-bb78-3cd7f9f75afd', 'usr_154');
INSERT INTO trabalho.comentarios_podcast_usuario VALUES ('comment_154_0_0', 'In magnam facere ex suscipit architecto aut distinctio occaecati.', '7e429e8e-7669-403d-bb78-3cd7f9f75afd', 'usr_154');
INSERT INTO trabalho.comentarios_podcast_usuario VALUES ('comment_154_1_0', 'Dolores aspernatur excepturi qui sapiente qui quis est laudantium distinctio.', '7e429e8e-7669-403d-bb78-3cd7f9f75afd', 'usr_154');
INSERT INTO trabalho.comentarios_podcast_usuario VALUES ('comment_154_2_0', 'Ipsa reprehenderit ullam vitae et labore.', '7e429e8e-7669-403d-bb78-3cd7f9f75afd', 'usr_154');
INSERT INTO trabalho.comentarios_podcast_usuario VALUES ('comment_154_3_0', 'Odio veniam non consequatur nemo tempore vel aut ut.', '7e429e8e-7669-403d-bb78-3cd7f9f75afd', 'usr_154');
INSERT INTO trabalho.log_acesso VALUES ('log_154_0_0', '7e429e8e-7669-403d-bb78-3cd7f9f75afd', 'usr_154');
INSERT INTO trabalho.log_acesso VALUES ('log_154_1_0', '7e429e8e-7669-403d-bb78-3cd7f9f75afd', 'usr_154');
INSERT INTO trabalho.log_acesso VALUES ('log_154_2_0', '7e429e8e-7669-403d-bb78-3cd7f9f75afd', 'usr_154');
INSERT INTO trabalho.usuario_esta_inscrito_no_podcast VALUES (4, '219328a1-cec6-4e8c-b003-52a3ec9766bb', 'usr_154');
INSERT INTO trabalho.comentarios_podcast_usuario VALUES ('comment_154_0_1', 'Repellendus perferendis amet distinctio deserunt minus exercitationem.', '219328a1-cec6-4e8c-b003-52a3ec9766bb', 'usr_154');
INSERT INTO trabalho.comentarios_podcast_usuario VALUES ('comment_154_1_1', 'Voluptatem eaque aut vel aperiam beatae.', '219328a1-cec6-4e8c-b003-52a3ec9766bb', 'usr_154');
INSERT INTO trabalho.comentarios_podcast_usuario VALUES ('comment_154_2_1', 'Quia incidunt perspiciatis et et nostrum ea corporis quam.', '219328a1-cec6-4e8c-b003-52a3ec9766bb', 'usr_154');
INSERT INTO trabalho.log_acesso VALUES ('log_154_0_1', '219328a1-cec6-4e8c-b003-52a3ec9766bb', 'usr_154');
INSERT INTO trabalho.log_acesso VALUES ('log_154_1_1', '219328a1-cec6-4e8c-b003-52a3ec9766bb', 'usr_154');
INSERT INTO trabalho.log_acesso VALUES ('log_154_2_1', '219328a1-cec6-4e8c-b003-52a3ec9766bb', 'usr_154');
INSERT INTO trabalho.log_acesso VALUES ('log_154_3_1', '219328a1-cec6-4e8c-b003-52a3ec9766bb', 'usr_154');
INSERT INTO trabalho.log_acesso VALUES ('log_154_4_1', '219328a1-cec6-4e8c-b003-52a3ec9766bb', 'usr_154');
INSERT INTO trabalho.usuario_esta_inscrito_no_podcast VALUES (3, '67074e68-bc2f-442b-8af2-7d328b6af6eb', 'usr_154');
INSERT INTO trabalho.comentarios_podcast_usuario VALUES ('comment_154_0_2', 'Nulla fugiat quia consequatur repudiandae.', '67074e68-bc2f-442b-8af2-7d328b6af6eb', 'usr_154');
INSERT INTO trabalho.comentarios_podcast_usuario VALUES ('comment_154_1_2', 'Laborum neque nulla ut qui aut.', '67074e68-bc2f-442b-8af2-7d328b6af6eb', 'usr_154');
INSERT INTO trabalho.comentarios_podcast_usuario VALUES ('comment_154_2_2', 'Consequatur sed enim laudantium occaecati accusantium temporibus sunt impedit.', '67074e68-bc2f-442b-8af2-7d328b6af6eb', 'usr_154');
INSERT INTO trabalho.log_acesso VALUES ('log_154_0_2', '67074e68-bc2f-442b-8af2-7d328b6af6eb', 'usr_154');
INSERT INTO trabalho.log_acesso VALUES ('log_154_1_2', '67074e68-bc2f-442b-8af2-7d328b6af6eb', 'usr_154');
INSERT INTO trabalho.log_acesso VALUES ('log_154_2_2', '67074e68-bc2f-442b-8af2-7d328b6af6eb', 'usr_154');
INSERT INTO trabalho.usuario VALUES ('usr_155', '155_Sarah.Oliveira22@yahoo.com', 'Sarah Oliveira', 'female', 46, trabalho.hashPassword('Password123'), 'Turcas e Caicos');
INSERT INTO trabalho.usuario_esta_inscrito_no_podcast VALUES (0, 'f1b92ce7-47a7-43cd-8586-4a09185cdd05', 'usr_155');
INSERT INTO trabalho.comentarios_podcast_usuario VALUES ('comment_155_0_0', 'Ducimus delectus qui magni autem nostrum quia.', 'f1b92ce7-47a7-43cd-8586-4a09185cdd05', 'usr_155');
INSERT INTO trabalho.comentarios_podcast_usuario VALUES ('comment_155_1_0', 'Nihil quibusdam vel rem qui nam aut reprehenderit.', 'f1b92ce7-47a7-43cd-8586-4a09185cdd05', 'usr_155');
INSERT INTO trabalho.comentarios_podcast_usuario VALUES ('comment_155_2_0', 'Atque ut reiciendis qui voluptatibus asperiores autem.', 'f1b92ce7-47a7-43cd-8586-4a09185cdd05', 'usr_155');
INSERT INTO trabalho.comentarios_podcast_usuario VALUES ('comment_155_3_0', 'Labore voluptatem sunt sint ut enim temporibus corporis aliquid illum.', 'f1b92ce7-47a7-43cd-8586-4a09185cdd05', 'usr_155');
INSERT INTO trabalho.log_acesso VALUES ('log_155_0_0', 'f1b92ce7-47a7-43cd-8586-4a09185cdd05', 'usr_155');
INSERT INTO trabalho.usuario_esta_inscrito_no_podcast VALUES (3, 'fa3abe16-3645-4d22-a01d-893e6f20c408', 'usr_155');
INSERT INTO trabalho.comentarios_podcast_usuario VALUES ('comment_155_0_1', 'Quis occaecati quia labore dolore deleniti illum ea.', 'fa3abe16-3645-4d22-a01d-893e6f20c408', 'usr_155');
INSERT INTO trabalho.comentarios_podcast_usuario VALUES ('comment_155_1_1', 'Similique ea et porro qui sint aut.', 'fa3abe16-3645-4d22-a01d-893e6f20c408', 'usr_155');
INSERT INTO trabalho.comentarios_podcast_usuario VALUES ('comment_155_2_1', 'Tenetur sit non qui ut.', 'fa3abe16-3645-4d22-a01d-893e6f20c408', 'usr_155');
INSERT INTO trabalho.comentarios_podcast_usuario VALUES ('comment_155_3_1', 'Voluptatum minus magni sunt architecto id necessitatibus nulla.', 'fa3abe16-3645-4d22-a01d-893e6f20c408', 'usr_155');
INSERT INTO trabalho.comentarios_podcast_usuario VALUES ('comment_155_4_1', 'Sequi veniam quae ut quaerat delectus.', 'fa3abe16-3645-4d22-a01d-893e6f20c408', 'usr_155');
INSERT INTO trabalho.log_acesso VALUES ('log_155_0_1', 'fa3abe16-3645-4d22-a01d-893e6f20c408', 'usr_155');
INSERT INTO trabalho.log_acesso VALUES ('log_155_1_1', 'fa3abe16-3645-4d22-a01d-893e6f20c408', 'usr_155');
INSERT INTO trabalho.usuario_esta_inscrito_no_podcast VALUES (2, 'af46a958-b921-47b6-9f87-5c4fdc68ea79', 'usr_155');
INSERT INTO trabalho.comentarios_podcast_usuario VALUES ('comment_155_0_2', 'Quis et ex ratione facere id.', 'af46a958-b921-47b6-9f87-5c4fdc68ea79', 'usr_155');
INSERT INTO trabalho.comentarios_podcast_usuario VALUES ('comment_155_1_2', 'Neque et aut est.', 'af46a958-b921-47b6-9f87-5c4fdc68ea79', 'usr_155');
INSERT INTO trabalho.comentarios_podcast_usuario VALUES ('comment_155_2_2', 'Molestiae quo qui molestias tempore ipsa.', 'af46a958-b921-47b6-9f87-5c4fdc68ea79', 'usr_155');
INSERT INTO trabalho.comentarios_podcast_usuario VALUES ('comment_155_3_2', 'Rerum dolores suscipit aliquam doloribus veritatis odit ex quibusdam nihil.', 'af46a958-b921-47b6-9f87-5c4fdc68ea79', 'usr_155');
INSERT INTO trabalho.log_acesso VALUES ('log_155_0_2', 'af46a958-b921-47b6-9f87-5c4fdc68ea79', 'usr_155');
INSERT INTO trabalho.log_acesso VALUES ('log_155_1_2', 'af46a958-b921-47b6-9f87-5c4fdc68ea79', 'usr_155');
INSERT INTO trabalho.log_acesso VALUES ('log_155_2_2', 'af46a958-b921-47b6-9f87-5c4fdc68ea79', 'usr_155');
INSERT INTO trabalho.usuario VALUES ('usr_156', '156_Felipe.Pereira@gmail.com', 'Felipe Pereira', 'male', 32, trabalho.hashPassword('Password123'), 'Arquipélago de Chagos');
INSERT INTO trabalho.usuario_esta_inscrito_no_podcast VALUES (2, '7e429e8e-7669-403d-bb78-3cd7f9f75afd', 'usr_156');
INSERT INTO trabalho.comentarios_podcast_usuario VALUES ('comment_156_0_0', 'Ipsam porro velit aut.', '7e429e8e-7669-403d-bb78-3cd7f9f75afd', 'usr_156');
INSERT INTO trabalho.comentarios_podcast_usuario VALUES ('comment_156_1_0', 'Quia tempore eum quidem rerum.', '7e429e8e-7669-403d-bb78-3cd7f9f75afd', 'usr_156');
INSERT INTO trabalho.comentarios_podcast_usuario VALUES ('comment_156_2_0', 'Similique quae alias at.', '7e429e8e-7669-403d-bb78-3cd7f9f75afd', 'usr_156');
INSERT INTO trabalho.log_acesso VALUES ('log_156_0_0', '7e429e8e-7669-403d-bb78-3cd7f9f75afd', 'usr_156');
INSERT INTO trabalho.log_acesso VALUES ('log_156_1_0', '7e429e8e-7669-403d-bb78-3cd7f9f75afd', 'usr_156');
INSERT INTO trabalho.usuario_esta_inscrito_no_podcast VALUES (3, 'fa3abe16-3645-4d22-a01d-893e6f20c408', 'usr_156');
INSERT INTO trabalho.comentarios_podcast_usuario VALUES ('comment_156_0_1', 'Et dolores cum minima minima fuga quo aspernatur.', 'fa3abe16-3645-4d22-a01d-893e6f20c408', 'usr_156');
INSERT INTO trabalho.comentarios_podcast_usuario VALUES ('comment_156_1_1', 'Nihil aperiam iure.', 'fa3abe16-3645-4d22-a01d-893e6f20c408', 'usr_156');
INSERT INTO trabalho.log_acesso VALUES ('log_156_0_1', 'fa3abe16-3645-4d22-a01d-893e6f20c408', 'usr_156');
INSERT INTO trabalho.log_acesso VALUES ('log_156_1_1', 'fa3abe16-3645-4d22-a01d-893e6f20c408', 'usr_156');
INSERT INTO trabalho.usuario_esta_inscrito_no_podcast VALUES (2, 'af46a958-b921-47b6-9f87-5c4fdc68ea79', 'usr_156');
INSERT INTO trabalho.comentarios_podcast_usuario VALUES ('comment_156_0_2', 'Tempora rerum voluptatem ullam.', 'af46a958-b921-47b6-9f87-5c4fdc68ea79', 'usr_156');
INSERT INTO trabalho.comentarios_podcast_usuario VALUES ('comment_156_1_2', 'Eos est et necessitatibus quo tempora velit iste deserunt.', 'af46a958-b921-47b6-9f87-5c4fdc68ea79', 'usr_156');
INSERT INTO trabalho.comentarios_podcast_usuario VALUES ('comment_156_2_2', 'Qui officiis labore itaque.', 'af46a958-b921-47b6-9f87-5c4fdc68ea79', 'usr_156');
INSERT INTO trabalho.comentarios_podcast_usuario VALUES ('comment_156_3_2', 'Dicta tempora veritatis iure voluptas dignissimos omnis eos id quaerat.', 'af46a958-b921-47b6-9f87-5c4fdc68ea79', 'usr_156');
INSERT INTO trabalho.log_acesso VALUES ('log_156_0_2', 'af46a958-b921-47b6-9f87-5c4fdc68ea79', 'usr_156');
INSERT INTO trabalho.log_acesso VALUES ('log_156_1_2', 'af46a958-b921-47b6-9f87-5c4fdc68ea79', 'usr_156');
INSERT INTO trabalho.log_acesso VALUES ('log_156_2_2', 'af46a958-b921-47b6-9f87-5c4fdc68ea79', 'usr_156');
INSERT INTO trabalho.usuario VALUES ('usr_157', '157_Ladislau_Costa50@yahoo.com', 'Ladislau Costa', 'male', 18, trabalho.hashPassword('Password123'), 'Estônia');
INSERT INTO trabalho.usuario_esta_inscrito_no_podcast VALUES (5, '219328a1-cec6-4e8c-b003-52a3ec9766bb', 'usr_157');
INSERT INTO trabalho.comentarios_podcast_usuario VALUES ('comment_157_0_0', 'Enim placeat saepe ut.', '219328a1-cec6-4e8c-b003-52a3ec9766bb', 'usr_157');
INSERT INTO trabalho.comentarios_podcast_usuario VALUES ('comment_157_1_0', 'Praesentium voluptatem magni inventore.', '219328a1-cec6-4e8c-b003-52a3ec9766bb', 'usr_157');
INSERT INTO trabalho.comentarios_podcast_usuario VALUES ('comment_157_2_0', 'Aut voluptas qui beatae nesciunt accusamus.', '219328a1-cec6-4e8c-b003-52a3ec9766bb', 'usr_157');
INSERT INTO trabalho.comentarios_podcast_usuario VALUES ('comment_157_3_0', 'Accusantium ipsa saepe ipsa sint alias eligendi dolores.', '219328a1-cec6-4e8c-b003-52a3ec9766bb', 'usr_157');
INSERT INTO trabalho.log_acesso VALUES ('log_157_0_0', '219328a1-cec6-4e8c-b003-52a3ec9766bb', 'usr_157');
INSERT INTO trabalho.log_acesso VALUES ('log_157_1_0', '219328a1-cec6-4e8c-b003-52a3ec9766bb', 'usr_157');
INSERT INTO trabalho.log_acesso VALUES ('log_157_2_0', '219328a1-cec6-4e8c-b003-52a3ec9766bb', 'usr_157');
INSERT INTO trabalho.log_acesso VALUES ('log_157_3_0', '219328a1-cec6-4e8c-b003-52a3ec9766bb', 'usr_157');
INSERT INTO trabalho.usuario_esta_inscrito_no_podcast VALUES (3, '67074e68-bc2f-442b-8af2-7d328b6af6eb', 'usr_157');
INSERT INTO trabalho.comentarios_podcast_usuario VALUES ('comment_157_0_1', 'Molestias voluptas numquam dignissimos distinctio quis officiis.', '67074e68-bc2f-442b-8af2-7d328b6af6eb', 'usr_157');
INSERT INTO trabalho.comentarios_podcast_usuario VALUES ('comment_157_1_1', 'Omnis exercitationem et quo.', '67074e68-bc2f-442b-8af2-7d328b6af6eb', 'usr_157');
INSERT INTO trabalho.comentarios_podcast_usuario VALUES ('comment_157_2_1', 'Perspiciatis recusandae nisi voluptas quis possimus perspiciatis nam.', '67074e68-bc2f-442b-8af2-7d328b6af6eb', 'usr_157');
INSERT INTO trabalho.log_acesso VALUES ('log_157_0_1', '67074e68-bc2f-442b-8af2-7d328b6af6eb', 'usr_157');
INSERT INTO trabalho.log_acesso VALUES ('log_157_1_1', '67074e68-bc2f-442b-8af2-7d328b6af6eb', 'usr_157');
INSERT INTO trabalho.log_acesso VALUES ('log_157_2_1', '67074e68-bc2f-442b-8af2-7d328b6af6eb', 'usr_157');
INSERT INTO trabalho.log_acesso VALUES ('log_157_3_1', '67074e68-bc2f-442b-8af2-7d328b6af6eb', 'usr_157');
INSERT INTO trabalho.usuario_esta_inscrito_no_podcast VALUES (1, '5bdf7377-8330-4f9f-8efd-e95301c122ce', 'usr_157');
INSERT INTO trabalho.comentarios_podcast_usuario VALUES ('comment_157_0_2', 'Consequatur dolorem tenetur incidunt doloremque sapiente illum ullam consequatur minima.', '5bdf7377-8330-4f9f-8efd-e95301c122ce', 'usr_157');
INSERT INTO trabalho.comentarios_podcast_usuario VALUES ('comment_157_1_2', 'Dolorem quo odio sint placeat fugiat nemo porro et est.', '5bdf7377-8330-4f9f-8efd-e95301c122ce', 'usr_157');
INSERT INTO trabalho.comentarios_podcast_usuario VALUES ('comment_157_2_2', 'Veritatis quod placeat eaque rerum est quo.', '5bdf7377-8330-4f9f-8efd-e95301c122ce', 'usr_157');
INSERT INTO trabalho.log_acesso VALUES ('log_157_0_2', '5bdf7377-8330-4f9f-8efd-e95301c122ce', 'usr_157');
INSERT INTO trabalho.log_acesso VALUES ('log_157_1_2', '5bdf7377-8330-4f9f-8efd-e95301c122ce', 'usr_157');
INSERT INTO trabalho.usuario VALUES ('usr_158', '158_Fbio23@gmail.com', 'Fábio Reis', 'male', 4, trabalho.hashPassword('Password123'), 'Tonga');
INSERT INTO trabalho.usuario_esta_inscrito_no_podcast VALUES (1, '7e429e8e-7669-403d-bb78-3cd7f9f75afd', 'usr_158');
INSERT INTO trabalho.comentarios_podcast_usuario VALUES ('comment_158_0_0', 'Dolorem neque corrupti est architecto.', '7e429e8e-7669-403d-bb78-3cd7f9f75afd', 'usr_158');
INSERT INTO trabalho.comentarios_podcast_usuario VALUES ('comment_158_1_0', 'Et quam voluptatem ea similique veritatis iure.', '7e429e8e-7669-403d-bb78-3cd7f9f75afd', 'usr_158');
INSERT INTO trabalho.comentarios_podcast_usuario VALUES ('comment_158_2_0', 'Enim molestias non saepe ex quas praesentium ipsum enim et.', '7e429e8e-7669-403d-bb78-3cd7f9f75afd', 'usr_158');
INSERT INTO trabalho.log_acesso VALUES ('log_158_0_0', '7e429e8e-7669-403d-bb78-3cd7f9f75afd', 'usr_158');
INSERT INTO trabalho.log_acesso VALUES ('log_158_1_0', '7e429e8e-7669-403d-bb78-3cd7f9f75afd', 'usr_158');
INSERT INTO trabalho.usuario_esta_inscrito_no_podcast VALUES (2, '219328a1-cec6-4e8c-b003-52a3ec9766bb', 'usr_158');
INSERT INTO trabalho.comentarios_podcast_usuario VALUES ('comment_158_0_1', 'Quas qui nisi.', '219328a1-cec6-4e8c-b003-52a3ec9766bb', 'usr_158');
INSERT INTO trabalho.comentarios_podcast_usuario VALUES ('comment_158_1_1', 'Neque repellat laborum aliquam ipsa et ea accusantium et distinctio.', '219328a1-cec6-4e8c-b003-52a3ec9766bb', 'usr_158');
INSERT INTO trabalho.log_acesso VALUES ('log_158_0_1', '219328a1-cec6-4e8c-b003-52a3ec9766bb', 'usr_158');
INSERT INTO trabalho.log_acesso VALUES ('log_158_1_1', '219328a1-cec6-4e8c-b003-52a3ec9766bb', 'usr_158');
INSERT INTO trabalho.log_acesso VALUES ('log_158_2_1', '219328a1-cec6-4e8c-b003-52a3ec9766bb', 'usr_158');
INSERT INTO trabalho.log_acesso VALUES ('log_158_3_1', '219328a1-cec6-4e8c-b003-52a3ec9766bb', 'usr_158');
INSERT INTO trabalho.usuario_esta_inscrito_no_podcast VALUES (2, 'de2f0ddb-9903-436a-a5e2-54224254c818', 'usr_158');
INSERT INTO trabalho.comentarios_podcast_usuario VALUES ('comment_158_0_2', 'Iusto molestiae consequatur assumenda ab ut qui.', 'de2f0ddb-9903-436a-a5e2-54224254c818', 'usr_158');
INSERT INTO trabalho.comentarios_podcast_usuario VALUES ('comment_158_1_2', 'Molestias voluptas autem.', 'de2f0ddb-9903-436a-a5e2-54224254c818', 'usr_158');
INSERT INTO trabalho.comentarios_podcast_usuario VALUES ('comment_158_2_2', 'Fugiat fugiat odio animi iusto beatae illo eos doloribus doloribus.', 'de2f0ddb-9903-436a-a5e2-54224254c818', 'usr_158');
INSERT INTO trabalho.log_acesso VALUES ('log_158_0_2', 'de2f0ddb-9903-436a-a5e2-54224254c818', 'usr_158');
INSERT INTO trabalho.log_acesso VALUES ('log_158_1_2', 'de2f0ddb-9903-436a-a5e2-54224254c818', 'usr_158');
INSERT INTO trabalho.log_acesso VALUES ('log_158_2_2', 'de2f0ddb-9903-436a-a5e2-54224254c818', 'usr_158');
INSERT INTO trabalho.log_acesso VALUES ('log_158_3_2', 'de2f0ddb-9903-436a-a5e2-54224254c818', 'usr_158');
INSERT INTO trabalho.usuario VALUES ('usr_159', '159_Lvia.Albuquerque48@yahoo.com', 'Lívia Albuquerque', 'female', 53, trabalho.hashPassword('Password123'), 'Butão');
INSERT INTO trabalho.usuario_esta_inscrito_no_podcast VALUES (1, 'de2f0ddb-9903-436a-a5e2-54224254c818', 'usr_159');
INSERT INTO trabalho.comentarios_podcast_usuario VALUES ('comment_159_0_0', 'Distinctio nihil exercitationem quis fugiat qui et omnis.', 'de2f0ddb-9903-436a-a5e2-54224254c818', 'usr_159');
INSERT INTO trabalho.comentarios_podcast_usuario VALUES ('comment_159_1_0', 'Enim veniam eaque laborum.', 'de2f0ddb-9903-436a-a5e2-54224254c818', 'usr_159');
INSERT INTO trabalho.log_acesso VALUES ('log_159_0_0', 'de2f0ddb-9903-436a-a5e2-54224254c818', 'usr_159');
INSERT INTO trabalho.log_acesso VALUES ('log_159_1_0', 'de2f0ddb-9903-436a-a5e2-54224254c818', 'usr_159');
INSERT INTO trabalho.log_acesso VALUES ('log_159_2_0', 'de2f0ddb-9903-436a-a5e2-54224254c818', 'usr_159');
INSERT INTO trabalho.log_acesso VALUES ('log_159_3_0', 'de2f0ddb-9903-436a-a5e2-54224254c818', 'usr_159');
INSERT INTO trabalho.usuario_esta_inscrito_no_podcast VALUES (2, '7e429e8e-7669-403d-bb78-3cd7f9f75afd', 'usr_159');
INSERT INTO trabalho.comentarios_podcast_usuario VALUES ('comment_159_0_1', 'Earum quo ad repudiandae consequatur reiciendis et consequuntur sunt neque.', '7e429e8e-7669-403d-bb78-3cd7f9f75afd', 'usr_159');
INSERT INTO trabalho.comentarios_podcast_usuario VALUES ('comment_159_1_1', 'Quam ipsam impedit perferendis deserunt.', '7e429e8e-7669-403d-bb78-3cd7f9f75afd', 'usr_159');
INSERT INTO trabalho.comentarios_podcast_usuario VALUES ('comment_159_2_1', 'Sed aut eos rerum occaecati.', '7e429e8e-7669-403d-bb78-3cd7f9f75afd', 'usr_159');
INSERT INTO trabalho.log_acesso VALUES ('log_159_0_1', '7e429e8e-7669-403d-bb78-3cd7f9f75afd', 'usr_159');
INSERT INTO trabalho.log_acesso VALUES ('log_159_1_1', '7e429e8e-7669-403d-bb78-3cd7f9f75afd', 'usr_159');
INSERT INTO trabalho.log_acesso VALUES ('log_159_2_1', '7e429e8e-7669-403d-bb78-3cd7f9f75afd', 'usr_159');
INSERT INTO trabalho.log_acesso VALUES ('log_159_3_1', '7e429e8e-7669-403d-bb78-3cd7f9f75afd', 'usr_159');
INSERT INTO trabalho.usuario_esta_inscrito_no_podcast VALUES (4, '168c1536-4c42-4b8f-8c77-f06affefec6a', 'usr_159');
INSERT INTO trabalho.comentarios_podcast_usuario VALUES ('comment_159_0_2', 'Consectetur qui cupiditate et enim sint.', '168c1536-4c42-4b8f-8c77-f06affefec6a', 'usr_159');
INSERT INTO trabalho.comentarios_podcast_usuario VALUES ('comment_159_1_2', 'Perferendis tenetur atque ipsum ut aperiam.', '168c1536-4c42-4b8f-8c77-f06affefec6a', 'usr_159');
INSERT INTO trabalho.log_acesso VALUES ('log_159_0_2', '168c1536-4c42-4b8f-8c77-f06affefec6a', 'usr_159');
INSERT INTO trabalho.log_acesso VALUES ('log_159_1_2', '168c1536-4c42-4b8f-8c77-f06affefec6a', 'usr_159');
INSERT INTO trabalho.usuario VALUES ('usr_160', '160_Deneval_Xavier49@live.com', 'Deneval Xavier', 'male', 60, trabalho.hashPassword('Password123'), 'Líbano');
INSERT INTO trabalho.usuario_esta_inscrito_no_podcast VALUES (1, '7e429e8e-7669-403d-bb78-3cd7f9f75afd', 'usr_160');
INSERT INTO trabalho.comentarios_podcast_usuario VALUES ('comment_160_0_0', 'Autem dolorum soluta quo perferendis placeat consequuntur molestiae.', '7e429e8e-7669-403d-bb78-3cd7f9f75afd', 'usr_160');
INSERT INTO trabalho.comentarios_podcast_usuario VALUES ('comment_160_1_0', 'Praesentium sed dolores at voluptas in ut in.', '7e429e8e-7669-403d-bb78-3cd7f9f75afd', 'usr_160');
INSERT INTO trabalho.comentarios_podcast_usuario VALUES ('comment_160_2_0', 'Sint eos et dignissimos quia occaecati exercitationem harum quas nemo.', '7e429e8e-7669-403d-bb78-3cd7f9f75afd', 'usr_160');
INSERT INTO trabalho.log_acesso VALUES ('log_160_0_0', '7e429e8e-7669-403d-bb78-3cd7f9f75afd', 'usr_160');
INSERT INTO trabalho.usuario_esta_inscrito_no_podcast VALUES (4, 'f1b92ce7-47a7-43cd-8586-4a09185cdd05', 'usr_160');
INSERT INTO trabalho.comentarios_podcast_usuario VALUES ('comment_160_0_1', 'Quia nisi modi aperiam.', 'f1b92ce7-47a7-43cd-8586-4a09185cdd05', 'usr_160');
INSERT INTO trabalho.comentarios_podcast_usuario VALUES ('comment_160_1_1', 'Aut est debitis animi et debitis.', 'f1b92ce7-47a7-43cd-8586-4a09185cdd05', 'usr_160');
INSERT INTO trabalho.comentarios_podcast_usuario VALUES ('comment_160_2_1', 'Iste et natus sapiente corporis aut itaque.', 'f1b92ce7-47a7-43cd-8586-4a09185cdd05', 'usr_160');
INSERT INTO trabalho.comentarios_podcast_usuario VALUES ('comment_160_3_1', 'Sed tempore eum nulla est qui quia sed.', 'f1b92ce7-47a7-43cd-8586-4a09185cdd05', 'usr_160');
INSERT INTO trabalho.log_acesso VALUES ('log_160_0_1', 'f1b92ce7-47a7-43cd-8586-4a09185cdd05', 'usr_160');
INSERT INTO trabalho.log_acesso VALUES ('log_160_1_1', 'f1b92ce7-47a7-43cd-8586-4a09185cdd05', 'usr_160');
INSERT INTO trabalho.log_acesso VALUES ('log_160_2_1', 'f1b92ce7-47a7-43cd-8586-4a09185cdd05', 'usr_160');
INSERT INTO trabalho.log_acesso VALUES ('log_160_3_1', 'f1b92ce7-47a7-43cd-8586-4a09185cdd05', 'usr_160');
INSERT INTO trabalho.log_acesso VALUES ('log_160_4_1', 'f1b92ce7-47a7-43cd-8586-4a09185cdd05', 'usr_160');
INSERT INTO trabalho.usuario_esta_inscrito_no_podcast VALUES (4, 'bc8dac25-793c-4a96-aafc-4ea7020f4f60', 'usr_160');
INSERT INTO trabalho.comentarios_podcast_usuario VALUES ('comment_160_0_2', 'Quia in occaecati nisi aut eaque expedita reiciendis reprehenderit in.', 'bc8dac25-793c-4a96-aafc-4ea7020f4f60', 'usr_160');
INSERT INTO trabalho.comentarios_podcast_usuario VALUES ('comment_160_1_2', 'At placeat ea laudantium.', 'bc8dac25-793c-4a96-aafc-4ea7020f4f60', 'usr_160');
INSERT INTO trabalho.comentarios_podcast_usuario VALUES ('comment_160_2_2', 'Ut illum ut quae veritatis doloremque.', 'bc8dac25-793c-4a96-aafc-4ea7020f4f60', 'usr_160');
INSERT INTO trabalho.log_acesso VALUES ('log_160_0_2', 'bc8dac25-793c-4a96-aafc-4ea7020f4f60', 'usr_160');
INSERT INTO trabalho.log_acesso VALUES ('log_160_1_2', 'bc8dac25-793c-4a96-aafc-4ea7020f4f60', 'usr_160');
INSERT INTO trabalho.log_acesso VALUES ('log_160_2_2', 'bc8dac25-793c-4a96-aafc-4ea7020f4f60', 'usr_160');
INSERT INTO trabalho.log_acesso VALUES ('log_160_3_2', 'bc8dac25-793c-4a96-aafc-4ea7020f4f60', 'usr_160');
INSERT INTO trabalho.usuario VALUES ('usr_161', '161_MariaHelena_Silva76@live.com', 'Maria Helena Silva', 'female', 34, trabalho.hashPassword('Password123'), 'Vanuatu');
INSERT INTO trabalho.usuario_esta_inscrito_no_podcast VALUES (3, 'f8e13774-d631-4f34-93f0-2f5d55590265', 'usr_161');
INSERT INTO trabalho.comentarios_podcast_usuario VALUES ('comment_161_0_0', 'Placeat quidem et doloribus.', 'f8e13774-d631-4f34-93f0-2f5d55590265', 'usr_161');
INSERT INTO trabalho.comentarios_podcast_usuario VALUES ('comment_161_1_0', 'Asperiores sit vel quisquam.', 'f8e13774-d631-4f34-93f0-2f5d55590265', 'usr_161');
INSERT INTO trabalho.comentarios_podcast_usuario VALUES ('comment_161_2_0', 'Hic vel fugit magni earum sit eum.', 'f8e13774-d631-4f34-93f0-2f5d55590265', 'usr_161');
INSERT INTO trabalho.comentarios_podcast_usuario VALUES ('comment_161_3_0', 'Soluta quasi nisi est eum ab necessitatibus labore occaecati dolores.', 'f8e13774-d631-4f34-93f0-2f5d55590265', 'usr_161');
INSERT INTO trabalho.log_acesso VALUES ('log_161_0_0', 'f8e13774-d631-4f34-93f0-2f5d55590265', 'usr_161');
INSERT INTO trabalho.log_acesso VALUES ('log_161_1_0', 'f8e13774-d631-4f34-93f0-2f5d55590265', 'usr_161');
INSERT INTO trabalho.log_acesso VALUES ('log_161_2_0', 'f8e13774-d631-4f34-93f0-2f5d55590265', 'usr_161');
INSERT INTO trabalho.log_acesso VALUES ('log_161_3_0', 'f8e13774-d631-4f34-93f0-2f5d55590265', 'usr_161');
INSERT INTO trabalho.log_acesso VALUES ('log_161_4_0', 'f8e13774-d631-4f34-93f0-2f5d55590265', 'usr_161');
INSERT INTO trabalho.log_acesso VALUES ('log_161_5_0', 'f8e13774-d631-4f34-93f0-2f5d55590265', 'usr_161');
INSERT INTO trabalho.usuario_esta_inscrito_no_podcast VALUES (3, '168c1536-4c42-4b8f-8c77-f06affefec6a', 'usr_161');
INSERT INTO trabalho.comentarios_podcast_usuario VALUES ('comment_161_0_1', 'Voluptas sapiente quo eius voluptatem.', '168c1536-4c42-4b8f-8c77-f06affefec6a', 'usr_161');
INSERT INTO trabalho.comentarios_podcast_usuario VALUES ('comment_161_1_1', 'Nesciunt corrupti odit adipisci fugiat et voluptas quibusdam.', '168c1536-4c42-4b8f-8c77-f06affefec6a', 'usr_161');
INSERT INTO trabalho.log_acesso VALUES ('log_161_0_1', '168c1536-4c42-4b8f-8c77-f06affefec6a', 'usr_161');
INSERT INTO trabalho.log_acesso VALUES ('log_161_1_1', '168c1536-4c42-4b8f-8c77-f06affefec6a', 'usr_161');
INSERT INTO trabalho.log_acesso VALUES ('log_161_2_1', '168c1536-4c42-4b8f-8c77-f06affefec6a', 'usr_161');
INSERT INTO trabalho.log_acesso VALUES ('log_161_3_1', '168c1536-4c42-4b8f-8c77-f06affefec6a', 'usr_161');
INSERT INTO trabalho.log_acesso VALUES ('log_161_4_1', '168c1536-4c42-4b8f-8c77-f06affefec6a', 'usr_161');
INSERT INTO trabalho.usuario_esta_inscrito_no_podcast VALUES (2, 'f0166bd2-8e4d-4308-b5d7-0b3d627c5dc5', 'usr_161');
INSERT INTO trabalho.comentarios_podcast_usuario VALUES ('comment_161_0_2', 'Et deleniti commodi libero voluptatem.', 'f0166bd2-8e4d-4308-b5d7-0b3d627c5dc5', 'usr_161');
INSERT INTO trabalho.comentarios_podcast_usuario VALUES ('comment_161_1_2', 'Quia sunt recusandae aperiam cupiditate ea et odit dicta.', 'f0166bd2-8e4d-4308-b5d7-0b3d627c5dc5', 'usr_161');
INSERT INTO trabalho.comentarios_podcast_usuario VALUES ('comment_161_2_2', 'Quia ducimus ut recusandae soluta in et est cumque.', 'f0166bd2-8e4d-4308-b5d7-0b3d627c5dc5', 'usr_161');
INSERT INTO trabalho.comentarios_podcast_usuario VALUES ('comment_161_3_2', 'Omnis ut laboriosam dolores repellat et.', 'f0166bd2-8e4d-4308-b5d7-0b3d627c5dc5', 'usr_161');
INSERT INTO trabalho.log_acesso VALUES ('log_161_0_2', 'f0166bd2-8e4d-4308-b5d7-0b3d627c5dc5', 'usr_161');
INSERT INTO trabalho.log_acesso VALUES ('log_161_1_2', 'f0166bd2-8e4d-4308-b5d7-0b3d627c5dc5', 'usr_161');
INSERT INTO trabalho.log_acesso VALUES ('log_161_2_2', 'f0166bd2-8e4d-4308-b5d7-0b3d627c5dc5', 'usr_161');
INSERT INTO trabalho.log_acesso VALUES ('log_161_3_2', 'f0166bd2-8e4d-4308-b5d7-0b3d627c5dc5', 'usr_161');
INSERT INTO trabalho.log_acesso VALUES ('log_161_4_2', 'f0166bd2-8e4d-4308-b5d7-0b3d627c5dc5', 'usr_161');
INSERT INTO trabalho.usuario VALUES ('usr_162', '162_Nicolas_Silva94@live.com', 'Nicolas Silva', 'male', 40, trabalho.hashPassword('Password123'), 'Honduras');
INSERT INTO trabalho.usuario_esta_inscrito_no_podcast VALUES (0, 'de2f0ddb-9903-436a-a5e2-54224254c818', 'usr_162');
INSERT INTO trabalho.comentarios_podcast_usuario VALUES ('comment_162_0_0', 'Quam optio illo.', 'de2f0ddb-9903-436a-a5e2-54224254c818', 'usr_162');
INSERT INTO trabalho.comentarios_podcast_usuario VALUES ('comment_162_1_0', 'Praesentium vero sint ut sit totam tempora rerum architecto.', 'de2f0ddb-9903-436a-a5e2-54224254c818', 'usr_162');
INSERT INTO trabalho.comentarios_podcast_usuario VALUES ('comment_162_2_0', 'Et reprehenderit quisquam iusto sunt quis odit.', 'de2f0ddb-9903-436a-a5e2-54224254c818', 'usr_162');
INSERT INTO trabalho.comentarios_podcast_usuario VALUES ('comment_162_3_0', 'Nihil distinctio velit error autem enim deserunt.', 'de2f0ddb-9903-436a-a5e2-54224254c818', 'usr_162');
INSERT INTO trabalho.comentarios_podcast_usuario VALUES ('comment_162_4_0', 'Modi aut nostrum fugit eos modi sint.', 'de2f0ddb-9903-436a-a5e2-54224254c818', 'usr_162');
INSERT INTO trabalho.comentarios_podcast_usuario VALUES ('comment_162_5_0', 'Amet sed velit iusto ea et tempore.', 'de2f0ddb-9903-436a-a5e2-54224254c818', 'usr_162');
INSERT INTO trabalho.log_acesso VALUES ('log_162_0_0', 'de2f0ddb-9903-436a-a5e2-54224254c818', 'usr_162');
INSERT INTO trabalho.log_acesso VALUES ('log_162_1_0', 'de2f0ddb-9903-436a-a5e2-54224254c818', 'usr_162');
INSERT INTO trabalho.log_acesso VALUES ('log_162_2_0', 'de2f0ddb-9903-436a-a5e2-54224254c818', 'usr_162');
INSERT INTO trabalho.log_acesso VALUES ('log_162_3_0', 'de2f0ddb-9903-436a-a5e2-54224254c818', 'usr_162');
INSERT INTO trabalho.log_acesso VALUES ('log_162_4_0', 'de2f0ddb-9903-436a-a5e2-54224254c818', 'usr_162');
INSERT INTO trabalho.log_acesso VALUES ('log_162_5_0', 'de2f0ddb-9903-436a-a5e2-54224254c818', 'usr_162');
INSERT INTO trabalho.usuario_esta_inscrito_no_podcast VALUES (1, 'f1b92ce7-47a7-43cd-8586-4a09185cdd05', 'usr_162');
INSERT INTO trabalho.comentarios_podcast_usuario VALUES ('comment_162_0_1', 'Quidem fugit quia quis rerum dolor sapiente ullam.', 'f1b92ce7-47a7-43cd-8586-4a09185cdd05', 'usr_162');
INSERT INTO trabalho.comentarios_podcast_usuario VALUES ('comment_162_1_1', 'Ea est culpa optio aut commodi nulla architecto non.', 'f1b92ce7-47a7-43cd-8586-4a09185cdd05', 'usr_162');
INSERT INTO trabalho.log_acesso VALUES ('log_162_0_1', 'f1b92ce7-47a7-43cd-8586-4a09185cdd05', 'usr_162');
INSERT INTO trabalho.usuario_esta_inscrito_no_podcast VALUES (4, 'b553d865-8fe2-47de-9a30-10e1dea3bd1d', 'usr_162');
INSERT INTO trabalho.comentarios_podcast_usuario VALUES ('comment_162_0_2', 'Id omnis rem et voluptas reiciendis excepturi maxime perferendis.', 'b553d865-8fe2-47de-9a30-10e1dea3bd1d', 'usr_162');
INSERT INTO trabalho.comentarios_podcast_usuario VALUES ('comment_162_1_2', 'Minus sed quae vero minus nihil vel voluptatem ut.', 'b553d865-8fe2-47de-9a30-10e1dea3bd1d', 'usr_162');
INSERT INTO trabalho.log_acesso VALUES ('log_162_0_2', 'b553d865-8fe2-47de-9a30-10e1dea3bd1d', 'usr_162');
INSERT INTO trabalho.log_acesso VALUES ('log_162_1_2', 'b553d865-8fe2-47de-9a30-10e1dea3bd1d', 'usr_162');
INSERT INTO trabalho.log_acesso VALUES ('log_162_2_2', 'b553d865-8fe2-47de-9a30-10e1dea3bd1d', 'usr_162');
INSERT INTO trabalho.log_acesso VALUES ('log_162_3_2', 'b553d865-8fe2-47de-9a30-10e1dea3bd1d', 'usr_162');
INSERT INTO trabalho.usuario VALUES ('usr_163', '163_Csar_Melo92@yahoo.com', 'César Melo', 'male', 18, trabalho.hashPassword('Password123'), 'Santa Lúcia');
INSERT INTO trabalho.usuario_esta_inscrito_no_podcast VALUES (2, 'b553d865-8fe2-47de-9a30-10e1dea3bd1d', 'usr_163');
INSERT INTO trabalho.comentarios_podcast_usuario VALUES ('comment_163_0_0', 'Ipsum officia voluptatem ad possimus earum et qui.', 'b553d865-8fe2-47de-9a30-10e1dea3bd1d', 'usr_163');
INSERT INTO trabalho.comentarios_podcast_usuario VALUES ('comment_163_1_0', 'Et esse qui.', 'b553d865-8fe2-47de-9a30-10e1dea3bd1d', 'usr_163');
INSERT INTO trabalho.comentarios_podcast_usuario VALUES ('comment_163_2_0', 'Neque omnis sapiente nihil iusto.', 'b553d865-8fe2-47de-9a30-10e1dea3bd1d', 'usr_163');
INSERT INTO trabalho.comentarios_podcast_usuario VALUES ('comment_163_3_0', 'Exercitationem suscipit cupiditate et voluptate minus quia.', 'b553d865-8fe2-47de-9a30-10e1dea3bd1d', 'usr_163');
INSERT INTO trabalho.log_acesso VALUES ('log_163_0_0', 'b553d865-8fe2-47de-9a30-10e1dea3bd1d', 'usr_163');
INSERT INTO trabalho.log_acesso VALUES ('log_163_1_0', 'b553d865-8fe2-47de-9a30-10e1dea3bd1d', 'usr_163');
INSERT INTO trabalho.log_acesso VALUES ('log_163_2_0', 'b553d865-8fe2-47de-9a30-10e1dea3bd1d', 'usr_163');
INSERT INTO trabalho.log_acesso VALUES ('log_163_3_0', 'b553d865-8fe2-47de-9a30-10e1dea3bd1d', 'usr_163');
INSERT INTO trabalho.log_acesso VALUES ('log_163_4_0', 'b553d865-8fe2-47de-9a30-10e1dea3bd1d', 'usr_163');
INSERT INTO trabalho.usuario_esta_inscrito_no_podcast VALUES (4, '168c1536-4c42-4b8f-8c77-f06affefec6a', 'usr_163');
INSERT INTO trabalho.comentarios_podcast_usuario VALUES ('comment_163_0_1', 'In itaque error consequatur et et repellendus mollitia.', '168c1536-4c42-4b8f-8c77-f06affefec6a', 'usr_163');
INSERT INTO trabalho.log_acesso VALUES ('log_163_0_1', '168c1536-4c42-4b8f-8c77-f06affefec6a', 'usr_163');
INSERT INTO trabalho.log_acesso VALUES ('log_163_1_1', '168c1536-4c42-4b8f-8c77-f06affefec6a', 'usr_163');
INSERT INTO trabalho.log_acesso VALUES ('log_163_2_1', '168c1536-4c42-4b8f-8c77-f06affefec6a', 'usr_163');
INSERT INTO trabalho.usuario_esta_inscrito_no_podcast VALUES (5, '219328a1-cec6-4e8c-b003-52a3ec9766bb', 'usr_163');
INSERT INTO trabalho.comentarios_podcast_usuario VALUES ('comment_163_0_2', 'Ullam voluptatem at nobis.', '219328a1-cec6-4e8c-b003-52a3ec9766bb', 'usr_163');
INSERT INTO trabalho.comentarios_podcast_usuario VALUES ('comment_163_1_2', 'Neque ipsam est aut voluptatem temporibus quia.', '219328a1-cec6-4e8c-b003-52a3ec9766bb', 'usr_163');
INSERT INTO trabalho.log_acesso VALUES ('log_163_0_2', '219328a1-cec6-4e8c-b003-52a3ec9766bb', 'usr_163');
INSERT INTO trabalho.log_acesso VALUES ('log_163_1_2', '219328a1-cec6-4e8c-b003-52a3ec9766bb', 'usr_163');
INSERT INTO trabalho.usuario VALUES ('usr_164', '164_JooLucas3@hotmail.com', 'João Lucas Xavier', 'male', 43, trabalho.hashPassword('Password123'), 'Fiji');
INSERT INTO trabalho.usuario_esta_inscrito_no_podcast VALUES (5, 'de2f0ddb-9903-436a-a5e2-54224254c818', 'usr_164');
INSERT INTO trabalho.comentarios_podcast_usuario VALUES ('comment_164_0_0', 'Expedita est labore a numquam.', 'de2f0ddb-9903-436a-a5e2-54224254c818', 'usr_164');
INSERT INTO trabalho.comentarios_podcast_usuario VALUES ('comment_164_1_0', 'Quibusdam ut laboriosam similique porro cum sint distinctio in.', 'de2f0ddb-9903-436a-a5e2-54224254c818', 'usr_164');
INSERT INTO trabalho.comentarios_podcast_usuario VALUES ('comment_164_2_0', 'Quidem unde magni rem molestias quia labore.', 'de2f0ddb-9903-436a-a5e2-54224254c818', 'usr_164');
INSERT INTO trabalho.log_acesso VALUES ('log_164_0_0', 'de2f0ddb-9903-436a-a5e2-54224254c818', 'usr_164');
INSERT INTO trabalho.log_acesso VALUES ('log_164_1_0', 'de2f0ddb-9903-436a-a5e2-54224254c818', 'usr_164');
INSERT INTO trabalho.log_acesso VALUES ('log_164_2_0', 'de2f0ddb-9903-436a-a5e2-54224254c818', 'usr_164');
INSERT INTO trabalho.log_acesso VALUES ('log_164_3_0', 'de2f0ddb-9903-436a-a5e2-54224254c818', 'usr_164');
INSERT INTO trabalho.log_acesso VALUES ('log_164_4_0', 'de2f0ddb-9903-436a-a5e2-54224254c818', 'usr_164');
INSERT INTO trabalho.usuario_esta_inscrito_no_podcast VALUES (5, 'fa3abe16-3645-4d22-a01d-893e6f20c408', 'usr_164');
INSERT INTO trabalho.comentarios_podcast_usuario VALUES ('comment_164_0_1', 'Quibusdam qui eos quia et enim quas.', 'fa3abe16-3645-4d22-a01d-893e6f20c408', 'usr_164');
INSERT INTO trabalho.log_acesso VALUES ('log_164_0_1', 'fa3abe16-3645-4d22-a01d-893e6f20c408', 'usr_164');
INSERT INTO trabalho.log_acesso VALUES ('log_164_1_1', 'fa3abe16-3645-4d22-a01d-893e6f20c408', 'usr_164');
INSERT INTO trabalho.log_acesso VALUES ('log_164_2_1', 'fa3abe16-3645-4d22-a01d-893e6f20c408', 'usr_164');
INSERT INTO trabalho.log_acesso VALUES ('log_164_3_1', 'fa3abe16-3645-4d22-a01d-893e6f20c408', 'usr_164');
INSERT INTO trabalho.usuario_esta_inscrito_no_podcast VALUES (2, '5bdf7377-8330-4f9f-8efd-e95301c122ce', 'usr_164');
INSERT INTO trabalho.comentarios_podcast_usuario VALUES ('comment_164_0_2', 'Culpa et vitae et quasi maxime.', '5bdf7377-8330-4f9f-8efd-e95301c122ce', 'usr_164');
INSERT INTO trabalho.comentarios_podcast_usuario VALUES ('comment_164_1_2', 'Nihil nihil tenetur alias quaerat id provident dolor.', '5bdf7377-8330-4f9f-8efd-e95301c122ce', 'usr_164');
INSERT INTO trabalho.log_acesso VALUES ('log_164_0_2', '5bdf7377-8330-4f9f-8efd-e95301c122ce', 'usr_164');
INSERT INTO trabalho.log_acesso VALUES ('log_164_1_2', '5bdf7377-8330-4f9f-8efd-e95301c122ce', 'usr_164');
INSERT INTO trabalho.log_acesso VALUES ('log_164_2_2', '5bdf7377-8330-4f9f-8efd-e95301c122ce', 'usr_164');
INSERT INTO trabalho.log_acesso VALUES ('log_164_3_2', '5bdf7377-8330-4f9f-8efd-e95301c122ce', 'usr_164');
INSERT INTO trabalho.log_acesso VALUES ('log_164_4_2', '5bdf7377-8330-4f9f-8efd-e95301c122ce', 'usr_164');
INSERT INTO trabalho.usuario VALUES ('usr_165', '165_Emanuelly_Albuquerque99@bol.com.br', 'Emanuelly Albuquerque', 'female', 41, trabalho.hashPassword('Password123'), 'São Martinho');
INSERT INTO trabalho.usuario_esta_inscrito_no_podcast VALUES (1, 'f8e13774-d631-4f34-93f0-2f5d55590265', 'usr_165');
INSERT INTO trabalho.comentarios_podcast_usuario VALUES ('comment_165_0_0', 'Vero corrupti esse recusandae.', 'f8e13774-d631-4f34-93f0-2f5d55590265', 'usr_165');
INSERT INTO trabalho.comentarios_podcast_usuario VALUES ('comment_165_1_0', 'Debitis repudiandae aut voluptas ab non cupiditate.', 'f8e13774-d631-4f34-93f0-2f5d55590265', 'usr_165');
INSERT INTO trabalho.log_acesso VALUES ('log_165_0_0', 'f8e13774-d631-4f34-93f0-2f5d55590265', 'usr_165');
INSERT INTO trabalho.log_acesso VALUES ('log_165_1_0', 'f8e13774-d631-4f34-93f0-2f5d55590265', 'usr_165');
INSERT INTO trabalho.log_acesso VALUES ('log_165_2_0', 'f8e13774-d631-4f34-93f0-2f5d55590265', 'usr_165');
INSERT INTO trabalho.log_acesso VALUES ('log_165_3_0', 'f8e13774-d631-4f34-93f0-2f5d55590265', 'usr_165');
INSERT INTO trabalho.log_acesso VALUES ('log_165_4_0', 'f8e13774-d631-4f34-93f0-2f5d55590265', 'usr_165');
INSERT INTO trabalho.usuario_esta_inscrito_no_podcast VALUES (0, '7e429e8e-7669-403d-bb78-3cd7f9f75afd', 'usr_165');
INSERT INTO trabalho.comentarios_podcast_usuario VALUES ('comment_165_0_1', 'Quis sed amet neque nihil iusto voluptates voluptatum qui expedita.', '7e429e8e-7669-403d-bb78-3cd7f9f75afd', 'usr_165');
INSERT INTO trabalho.comentarios_podcast_usuario VALUES ('comment_165_1_1', 'Explicabo voluptatem aut totam ut cupiditate provident et.', '7e429e8e-7669-403d-bb78-3cd7f9f75afd', 'usr_165');
INSERT INTO trabalho.comentarios_podcast_usuario VALUES ('comment_165_2_1', 'Similique laboriosam iste quis.', '7e429e8e-7669-403d-bb78-3cd7f9f75afd', 'usr_165');
INSERT INTO trabalho.log_acesso VALUES ('log_165_0_1', '7e429e8e-7669-403d-bb78-3cd7f9f75afd', 'usr_165');
INSERT INTO trabalho.log_acesso VALUES ('log_165_1_1', '7e429e8e-7669-403d-bb78-3cd7f9f75afd', 'usr_165');
INSERT INTO trabalho.log_acesso VALUES ('log_165_2_1', '7e429e8e-7669-403d-bb78-3cd7f9f75afd', 'usr_165');
INSERT INTO trabalho.log_acesso VALUES ('log_165_3_1', '7e429e8e-7669-403d-bb78-3cd7f9f75afd', 'usr_165');
INSERT INTO trabalho.log_acesso VALUES ('log_165_4_1', '7e429e8e-7669-403d-bb78-3cd7f9f75afd', 'usr_165');
INSERT INTO trabalho.log_acesso VALUES ('log_165_5_1', '7e429e8e-7669-403d-bb78-3cd7f9f75afd', 'usr_165');
INSERT INTO trabalho.usuario_esta_inscrito_no_podcast VALUES (2, 'bc8dac25-793c-4a96-aafc-4ea7020f4f60', 'usr_165');
INSERT INTO trabalho.comentarios_podcast_usuario VALUES ('comment_165_0_2', 'Illum amet adipisci voluptatem.', 'bc8dac25-793c-4a96-aafc-4ea7020f4f60', 'usr_165');
INSERT INTO trabalho.comentarios_podcast_usuario VALUES ('comment_165_1_2', 'Molestias sint maiores itaque hic magni aut laboriosam et.', 'bc8dac25-793c-4a96-aafc-4ea7020f4f60', 'usr_165');
INSERT INTO trabalho.comentarios_podcast_usuario VALUES ('comment_165_2_2', 'Recusandae excepturi accusantium soluta consequatur facilis cupiditate facere voluptatem iusto.', 'bc8dac25-793c-4a96-aafc-4ea7020f4f60', 'usr_165');
INSERT INTO trabalho.comentarios_podcast_usuario VALUES ('comment_165_3_2', 'Dolorem quas repellat optio.', 'bc8dac25-793c-4a96-aafc-4ea7020f4f60', 'usr_165');
INSERT INTO trabalho.comentarios_podcast_usuario VALUES ('comment_165_4_2', 'Soluta recusandae esse neque nulla.', 'bc8dac25-793c-4a96-aafc-4ea7020f4f60', 'usr_165');
INSERT INTO trabalho.comentarios_podcast_usuario VALUES ('comment_165_5_2', 'Voluptatem suscipit ut esse.', 'bc8dac25-793c-4a96-aafc-4ea7020f4f60', 'usr_165');
INSERT INTO trabalho.log_acesso VALUES ('log_165_0_2', 'bc8dac25-793c-4a96-aafc-4ea7020f4f60', 'usr_165');
INSERT INTO trabalho.log_acesso VALUES ('log_165_1_2', 'bc8dac25-793c-4a96-aafc-4ea7020f4f60', 'usr_165');
INSERT INTO trabalho.log_acesso VALUES ('log_165_2_2', 'bc8dac25-793c-4a96-aafc-4ea7020f4f60', 'usr_165');
INSERT INTO trabalho.log_acesso VALUES ('log_165_3_2', 'bc8dac25-793c-4a96-aafc-4ea7020f4f60', 'usr_165');
INSERT INTO trabalho.log_acesso VALUES ('log_165_4_2', 'bc8dac25-793c-4a96-aafc-4ea7020f4f60', 'usr_165');
INSERT INTO trabalho.usuario VALUES ('usr_166', '166_Joana2@hotmail.com', 'Joana Souza', 'female', 12, trabalho.hashPassword('Password123'), 'Grécia');
INSERT INTO trabalho.usuario_esta_inscrito_no_podcast VALUES (0, '168c1536-4c42-4b8f-8c77-f06affefec6a', 'usr_166');
INSERT INTO trabalho.comentarios_podcast_usuario VALUES ('comment_166_0_0', 'Unde minus placeat.', '168c1536-4c42-4b8f-8c77-f06affefec6a', 'usr_166');
INSERT INTO trabalho.comentarios_podcast_usuario VALUES ('comment_166_1_0', 'Est autem rem at earum vitae incidunt aut nobis repellat.', '168c1536-4c42-4b8f-8c77-f06affefec6a', 'usr_166');
INSERT INTO trabalho.log_acesso VALUES ('log_166_0_0', '168c1536-4c42-4b8f-8c77-f06affefec6a', 'usr_166');
INSERT INTO trabalho.log_acesso VALUES ('log_166_1_0', '168c1536-4c42-4b8f-8c77-f06affefec6a', 'usr_166');
INSERT INTO trabalho.log_acesso VALUES ('log_166_2_0', '168c1536-4c42-4b8f-8c77-f06affefec6a', 'usr_166');
INSERT INTO trabalho.log_acesso VALUES ('log_166_3_0', '168c1536-4c42-4b8f-8c77-f06affefec6a', 'usr_166');
INSERT INTO trabalho.usuario_esta_inscrito_no_podcast VALUES (0, 'c58b280a-56d4-4ad8-8c85-730e4ea86361', 'usr_166');
INSERT INTO trabalho.comentarios_podcast_usuario VALUES ('comment_166_0_1', 'Omnis laboriosam vel assumenda in.', 'c58b280a-56d4-4ad8-8c85-730e4ea86361', 'usr_166');
INSERT INTO trabalho.comentarios_podcast_usuario VALUES ('comment_166_1_1', 'Et tempore voluptatem ad reprehenderit ea rerum et voluptatem omnis.', 'c58b280a-56d4-4ad8-8c85-730e4ea86361', 'usr_166');
INSERT INTO trabalho.comentarios_podcast_usuario VALUES ('comment_166_2_1', 'Recusandae consectetur et nesciunt neque ab sed quibusdam.', 'c58b280a-56d4-4ad8-8c85-730e4ea86361', 'usr_166');
INSERT INTO trabalho.comentarios_podcast_usuario VALUES ('comment_166_3_1', 'Consequatur nemo officiis qui qui dolor.', 'c58b280a-56d4-4ad8-8c85-730e4ea86361', 'usr_166');
INSERT INTO trabalho.log_acesso VALUES ('log_166_0_1', 'c58b280a-56d4-4ad8-8c85-730e4ea86361', 'usr_166');
INSERT INTO trabalho.log_acesso VALUES ('log_166_1_1', 'c58b280a-56d4-4ad8-8c85-730e4ea86361', 'usr_166');
INSERT INTO trabalho.log_acesso VALUES ('log_166_2_1', 'c58b280a-56d4-4ad8-8c85-730e4ea86361', 'usr_166');
INSERT INTO trabalho.usuario_esta_inscrito_no_podcast VALUES (0, '219328a1-cec6-4e8c-b003-52a3ec9766bb', 'usr_166');
INSERT INTO trabalho.comentarios_podcast_usuario VALUES ('comment_166_0_2', 'Enim eveniet numquam veniam velit.', '219328a1-cec6-4e8c-b003-52a3ec9766bb', 'usr_166');
INSERT INTO trabalho.comentarios_podcast_usuario VALUES ('comment_166_1_2', 'Iste rerum possimus non odio neque hic dignissimos dolores autem.', '219328a1-cec6-4e8c-b003-52a3ec9766bb', 'usr_166');
INSERT INTO trabalho.comentarios_podcast_usuario VALUES ('comment_166_2_2', 'Modi quaerat quo soluta nemo repellat voluptate.', '219328a1-cec6-4e8c-b003-52a3ec9766bb', 'usr_166');
INSERT INTO trabalho.comentarios_podcast_usuario VALUES ('comment_166_3_2', 'Harum aut illum commodi reprehenderit adipisci est tenetur pariatur enim.', '219328a1-cec6-4e8c-b003-52a3ec9766bb', 'usr_166');
INSERT INTO trabalho.log_acesso VALUES ('log_166_0_2', '219328a1-cec6-4e8c-b003-52a3ec9766bb', 'usr_166');
INSERT INTO trabalho.log_acesso VALUES ('log_166_1_2', '219328a1-cec6-4e8c-b003-52a3ec9766bb', 'usr_166');
INSERT INTO trabalho.log_acesso VALUES ('log_166_2_2', '219328a1-cec6-4e8c-b003-52a3ec9766bb', 'usr_166');
INSERT INTO trabalho.usuario VALUES ('usr_167', '167_Henrique.Silva0@live.com', 'Henrique Silva', 'male', 11, trabalho.hashPassword('Password123'), 'Algéria');
INSERT INTO trabalho.usuario_esta_inscrito_no_podcast VALUES (4, 'de2f0ddb-9903-436a-a5e2-54224254c818', 'usr_167');
INSERT INTO trabalho.comentarios_podcast_usuario VALUES ('comment_167_0_0', 'Iste velit doloribus atque.', 'de2f0ddb-9903-436a-a5e2-54224254c818', 'usr_167');
INSERT INTO trabalho.comentarios_podcast_usuario VALUES ('comment_167_1_0', 'Dolor exercitationem adipisci.', 'de2f0ddb-9903-436a-a5e2-54224254c818', 'usr_167');
INSERT INTO trabalho.log_acesso VALUES ('log_167_0_0', 'de2f0ddb-9903-436a-a5e2-54224254c818', 'usr_167');
INSERT INTO trabalho.log_acesso VALUES ('log_167_1_0', 'de2f0ddb-9903-436a-a5e2-54224254c818', 'usr_167');
INSERT INTO trabalho.log_acesso VALUES ('log_167_2_0', 'de2f0ddb-9903-436a-a5e2-54224254c818', 'usr_167');
INSERT INTO trabalho.log_acesso VALUES ('log_167_3_0', 'de2f0ddb-9903-436a-a5e2-54224254c818', 'usr_167');
INSERT INTO trabalho.usuario_esta_inscrito_no_podcast VALUES (5, '7e429e8e-7669-403d-bb78-3cd7f9f75afd', 'usr_167');
INSERT INTO trabalho.comentarios_podcast_usuario VALUES ('comment_167_0_1', 'Eveniet repellendus quisquam nulla quam id reiciendis.', '7e429e8e-7669-403d-bb78-3cd7f9f75afd', 'usr_167');
INSERT INTO trabalho.comentarios_podcast_usuario VALUES ('comment_167_1_1', 'Similique aut veritatis beatae dolores.', '7e429e8e-7669-403d-bb78-3cd7f9f75afd', 'usr_167');
INSERT INTO trabalho.comentarios_podcast_usuario VALUES ('comment_167_2_1', 'Qui voluptate odio quis voluptatibus asperiores voluptatem ducimus tempora.', '7e429e8e-7669-403d-bb78-3cd7f9f75afd', 'usr_167');
INSERT INTO trabalho.log_acesso VALUES ('log_167_0_1', '7e429e8e-7669-403d-bb78-3cd7f9f75afd', 'usr_167');
INSERT INTO trabalho.log_acesso VALUES ('log_167_1_1', '7e429e8e-7669-403d-bb78-3cd7f9f75afd', 'usr_167');
INSERT INTO trabalho.log_acesso VALUES ('log_167_2_1', '7e429e8e-7669-403d-bb78-3cd7f9f75afd', 'usr_167');
INSERT INTO trabalho.log_acesso VALUES ('log_167_3_1', '7e429e8e-7669-403d-bb78-3cd7f9f75afd', 'usr_167');
INSERT INTO trabalho.usuario_esta_inscrito_no_podcast VALUES (5, '67074e68-bc2f-442b-8af2-7d328b6af6eb', 'usr_167');
INSERT INTO trabalho.comentarios_podcast_usuario VALUES ('comment_167_0_2', 'Veritatis voluptas et ex nemo.', '67074e68-bc2f-442b-8af2-7d328b6af6eb', 'usr_167');
INSERT INTO trabalho.comentarios_podcast_usuario VALUES ('comment_167_1_2', 'Sequi quisquam minus nesciunt dolores eos officia laborum cumque expedita.', '67074e68-bc2f-442b-8af2-7d328b6af6eb', 'usr_167');
INSERT INTO trabalho.log_acesso VALUES ('log_167_0_2', '67074e68-bc2f-442b-8af2-7d328b6af6eb', 'usr_167');
INSERT INTO trabalho.log_acesso VALUES ('log_167_1_2', '67074e68-bc2f-442b-8af2-7d328b6af6eb', 'usr_167');
INSERT INTO trabalho.log_acesso VALUES ('log_167_2_2', '67074e68-bc2f-442b-8af2-7d328b6af6eb', 'usr_167');
INSERT INTO trabalho.log_acesso VALUES ('log_167_3_2', '67074e68-bc2f-442b-8af2-7d328b6af6eb', 'usr_167');
INSERT INTO trabalho.usuario VALUES ('usr_168', '168_Helena_Oliveira@hotmail.com', 'Helena Oliveira', 'female', 17, trabalho.hashPassword('Password123'), 'Sudão');
INSERT INTO trabalho.usuario_esta_inscrito_no_podcast VALUES (0, 'de2f0ddb-9903-436a-a5e2-54224254c818', 'usr_168');
INSERT INTO trabalho.comentarios_podcast_usuario VALUES ('comment_168_0_0', 'Possimus error esse quia eos quis qui beatae ullam impedit.', 'de2f0ddb-9903-436a-a5e2-54224254c818', 'usr_168');
INSERT INTO trabalho.comentarios_podcast_usuario VALUES ('comment_168_1_0', 'Eum officia sunt.', 'de2f0ddb-9903-436a-a5e2-54224254c818', 'usr_168');
INSERT INTO trabalho.comentarios_podcast_usuario VALUES ('comment_168_2_0', 'Beatae sed laborum natus qui.', 'de2f0ddb-9903-436a-a5e2-54224254c818', 'usr_168');
INSERT INTO trabalho.comentarios_podcast_usuario VALUES ('comment_168_3_0', 'Pariatur est quis architecto.', 'de2f0ddb-9903-436a-a5e2-54224254c818', 'usr_168');
INSERT INTO trabalho.log_acesso VALUES ('log_168_0_0', 'de2f0ddb-9903-436a-a5e2-54224254c818', 'usr_168');
INSERT INTO trabalho.log_acesso VALUES ('log_168_1_0', 'de2f0ddb-9903-436a-a5e2-54224254c818', 'usr_168');
INSERT INTO trabalho.log_acesso VALUES ('log_168_2_0', 'de2f0ddb-9903-436a-a5e2-54224254c818', 'usr_168');
INSERT INTO trabalho.log_acesso VALUES ('log_168_3_0', 'de2f0ddb-9903-436a-a5e2-54224254c818', 'usr_168');
INSERT INTO trabalho.log_acesso VALUES ('log_168_4_0', 'de2f0ddb-9903-436a-a5e2-54224254c818', 'usr_168');
INSERT INTO trabalho.usuario_esta_inscrito_no_podcast VALUES (0, 'f1b92ce7-47a7-43cd-8586-4a09185cdd05', 'usr_168');
INSERT INTO trabalho.comentarios_podcast_usuario VALUES ('comment_168_0_1', 'Quia quod minima quis pariatur dolor reprehenderit cumque accusamus asperiores.', 'f1b92ce7-47a7-43cd-8586-4a09185cdd05', 'usr_168');
INSERT INTO trabalho.log_acesso VALUES ('log_168_0_1', 'f1b92ce7-47a7-43cd-8586-4a09185cdd05', 'usr_168');
INSERT INTO trabalho.log_acesso VALUES ('log_168_1_1', 'f1b92ce7-47a7-43cd-8586-4a09185cdd05', 'usr_168');
INSERT INTO trabalho.log_acesso VALUES ('log_168_2_1', 'f1b92ce7-47a7-43cd-8586-4a09185cdd05', 'usr_168');
INSERT INTO trabalho.log_acesso VALUES ('log_168_3_1', 'f1b92ce7-47a7-43cd-8586-4a09185cdd05', 'usr_168');
INSERT INTO trabalho.usuario_esta_inscrito_no_podcast VALUES (4, 'f8e13774-d631-4f34-93f0-2f5d55590265', 'usr_168');
INSERT INTO trabalho.comentarios_podcast_usuario VALUES ('comment_168_0_2', 'Aut distinctio necessitatibus voluptas qui et qui est.', 'f8e13774-d631-4f34-93f0-2f5d55590265', 'usr_168');
INSERT INTO trabalho.comentarios_podcast_usuario VALUES ('comment_168_1_2', 'Adipisci recusandae sint porro commodi aut.', 'f8e13774-d631-4f34-93f0-2f5d55590265', 'usr_168');
INSERT INTO trabalho.log_acesso VALUES ('log_168_0_2', 'f8e13774-d631-4f34-93f0-2f5d55590265', 'usr_168');
INSERT INTO trabalho.log_acesso VALUES ('log_168_1_2', 'f8e13774-d631-4f34-93f0-2f5d55590265', 'usr_168');
INSERT INTO trabalho.usuario VALUES ('usr_169', '169_Arthur_Barros@gmail.com', 'Arthur Barros', 'male', 15, trabalho.hashPassword('Password123'), 'Vietnã');
INSERT INTO trabalho.usuario_esta_inscrito_no_podcast VALUES (1, 'fa3abe16-3645-4d22-a01d-893e6f20c408', 'usr_169');
INSERT INTO trabalho.comentarios_podcast_usuario VALUES ('comment_169_0_0', 'Ab non autem tempora error totam distinctio ut qui.', 'fa3abe16-3645-4d22-a01d-893e6f20c408', 'usr_169');
INSERT INTO trabalho.comentarios_podcast_usuario VALUES ('comment_169_1_0', 'Ipsum molestias laborum at nihil ut minus consequatur ea reprehenderit.', 'fa3abe16-3645-4d22-a01d-893e6f20c408', 'usr_169');
INSERT INTO trabalho.log_acesso VALUES ('log_169_0_0', 'fa3abe16-3645-4d22-a01d-893e6f20c408', 'usr_169');
INSERT INTO trabalho.usuario_esta_inscrito_no_podcast VALUES (5, '5bdf7377-8330-4f9f-8efd-e95301c122ce', 'usr_169');
INSERT INTO trabalho.comentarios_podcast_usuario VALUES ('comment_169_0_1', 'Sint aliquam nihil voluptates officia quo velit.', '5bdf7377-8330-4f9f-8efd-e95301c122ce', 'usr_169');
INSERT INTO trabalho.comentarios_podcast_usuario VALUES ('comment_169_1_1', 'Cumque repudiandae nulla voluptas consequatur quia.', '5bdf7377-8330-4f9f-8efd-e95301c122ce', 'usr_169');
INSERT INTO trabalho.log_acesso VALUES ('log_169_0_1', '5bdf7377-8330-4f9f-8efd-e95301c122ce', 'usr_169');
INSERT INTO trabalho.usuario_esta_inscrito_no_podcast VALUES (3, 'f1b92ce7-47a7-43cd-8586-4a09185cdd05', 'usr_169');
INSERT INTO trabalho.comentarios_podcast_usuario VALUES ('comment_169_0_2', 'Possimus unde illum consequatur esse.', 'f1b92ce7-47a7-43cd-8586-4a09185cdd05', 'usr_169');
INSERT INTO trabalho.comentarios_podcast_usuario VALUES ('comment_169_1_2', 'Distinctio ad dolore et.', 'f1b92ce7-47a7-43cd-8586-4a09185cdd05', 'usr_169');
INSERT INTO trabalho.comentarios_podcast_usuario VALUES ('comment_169_2_2', 'Architecto dolorem nostrum doloremque.', 'f1b92ce7-47a7-43cd-8586-4a09185cdd05', 'usr_169');
INSERT INTO trabalho.log_acesso VALUES ('log_169_0_2', 'f1b92ce7-47a7-43cd-8586-4a09185cdd05', 'usr_169');
INSERT INTO trabalho.usuario VALUES ('usr_170', '170_Daniel.Melo1@live.com', 'Daniel Melo', 'male', 25, trabalho.hashPassword('Password123'), 'Tajiquistão');
INSERT INTO trabalho.usuario_esta_inscrito_no_podcast VALUES (3, 'f8e13774-d631-4f34-93f0-2f5d55590265', 'usr_170');
INSERT INTO trabalho.comentarios_podcast_usuario VALUES ('comment_170_0_0', 'Voluptatem qui velit saepe architecto error voluptatem laborum.', 'f8e13774-d631-4f34-93f0-2f5d55590265', 'usr_170');
INSERT INTO trabalho.comentarios_podcast_usuario VALUES ('comment_170_1_0', 'Soluta voluptatem explicabo eligendi ullam.', 'f8e13774-d631-4f34-93f0-2f5d55590265', 'usr_170');
INSERT INTO trabalho.log_acesso VALUES ('log_170_0_0', 'f8e13774-d631-4f34-93f0-2f5d55590265', 'usr_170');
INSERT INTO trabalho.log_acesso VALUES ('log_170_1_0', 'f8e13774-d631-4f34-93f0-2f5d55590265', 'usr_170');
INSERT INTO trabalho.log_acesso VALUES ('log_170_2_0', 'f8e13774-d631-4f34-93f0-2f5d55590265', 'usr_170');
INSERT INTO trabalho.log_acesso VALUES ('log_170_3_0', 'f8e13774-d631-4f34-93f0-2f5d55590265', 'usr_170');
INSERT INTO trabalho.usuario_esta_inscrito_no_podcast VALUES (2, 'fa3abe16-3645-4d22-a01d-893e6f20c408', 'usr_170');
INSERT INTO trabalho.comentarios_podcast_usuario VALUES ('comment_170_0_1', 'Eveniet ratione quo.', 'fa3abe16-3645-4d22-a01d-893e6f20c408', 'usr_170');
INSERT INTO trabalho.comentarios_podcast_usuario VALUES ('comment_170_1_1', 'Ullam nisi qui.', 'fa3abe16-3645-4d22-a01d-893e6f20c408', 'usr_170');
INSERT INTO trabalho.comentarios_podcast_usuario VALUES ('comment_170_2_1', 'Repudiandae in maxime hic molestiae dolorum repellat necessitatibus.', 'fa3abe16-3645-4d22-a01d-893e6f20c408', 'usr_170');
INSERT INTO trabalho.comentarios_podcast_usuario VALUES ('comment_170_3_1', 'Veritatis reprehenderit corrupti voluptate totam ut accusamus consequatur.', 'fa3abe16-3645-4d22-a01d-893e6f20c408', 'usr_170');
INSERT INTO trabalho.log_acesso VALUES ('log_170_0_1', 'fa3abe16-3645-4d22-a01d-893e6f20c408', 'usr_170');
INSERT INTO trabalho.usuario_esta_inscrito_no_podcast VALUES (3, '67074e68-bc2f-442b-8af2-7d328b6af6eb', 'usr_170');
INSERT INTO trabalho.comentarios_podcast_usuario VALUES ('comment_170_0_2', 'Id quia nihil.', '67074e68-bc2f-442b-8af2-7d328b6af6eb', 'usr_170');
INSERT INTO trabalho.comentarios_podcast_usuario VALUES ('comment_170_1_2', 'Voluptatibus similique magnam eaque a.', '67074e68-bc2f-442b-8af2-7d328b6af6eb', 'usr_170');
INSERT INTO trabalho.comentarios_podcast_usuario VALUES ('comment_170_2_2', 'Molestias eaque vel eum iusto est natus molestiae.', '67074e68-bc2f-442b-8af2-7d328b6af6eb', 'usr_170');
INSERT INTO trabalho.comentarios_podcast_usuario VALUES ('comment_170_3_2', 'Blanditiis et dolorem ea facere eos quasi.', '67074e68-bc2f-442b-8af2-7d328b6af6eb', 'usr_170');
INSERT INTO trabalho.log_acesso VALUES ('log_170_0_2', '67074e68-bc2f-442b-8af2-7d328b6af6eb', 'usr_170');
INSERT INTO trabalho.log_acesso VALUES ('log_170_1_2', '67074e68-bc2f-442b-8af2-7d328b6af6eb', 'usr_170');
INSERT INTO trabalho.log_acesso VALUES ('log_170_2_2', '67074e68-bc2f-442b-8af2-7d328b6af6eb', 'usr_170');
INSERT INTO trabalho.log_acesso VALUES ('log_170_3_2', '67074e68-bc2f-442b-8af2-7d328b6af6eb', 'usr_170');
INSERT INTO trabalho.usuario VALUES ('usr_171', '171_Miguel.Oliveira@bol.com.br', 'Miguel Oliveira', 'male', 51, trabalho.hashPassword('Password123'), 'Armênia');
INSERT INTO trabalho.usuario_esta_inscrito_no_podcast VALUES (4, 'de2f0ddb-9903-436a-a5e2-54224254c818', 'usr_171');
INSERT INTO trabalho.comentarios_podcast_usuario VALUES ('comment_171_0_0', 'Dolorem dolor provident tempora dolor nostrum sit cupiditate.', 'de2f0ddb-9903-436a-a5e2-54224254c818', 'usr_171');
INSERT INTO trabalho.comentarios_podcast_usuario VALUES ('comment_171_1_0', 'Aut nesciunt tempore tempore nesciunt quia omnis.', 'de2f0ddb-9903-436a-a5e2-54224254c818', 'usr_171');
INSERT INTO trabalho.log_acesso VALUES ('log_171_0_0', 'de2f0ddb-9903-436a-a5e2-54224254c818', 'usr_171');
INSERT INTO trabalho.log_acesso VALUES ('log_171_1_0', 'de2f0ddb-9903-436a-a5e2-54224254c818', 'usr_171');
INSERT INTO trabalho.log_acesso VALUES ('log_171_2_0', 'de2f0ddb-9903-436a-a5e2-54224254c818', 'usr_171');
INSERT INTO trabalho.log_acesso VALUES ('log_171_3_0', 'de2f0ddb-9903-436a-a5e2-54224254c818', 'usr_171');
INSERT INTO trabalho.log_acesso VALUES ('log_171_4_0', 'de2f0ddb-9903-436a-a5e2-54224254c818', 'usr_171');
INSERT INTO trabalho.log_acesso VALUES ('log_171_5_0', 'de2f0ddb-9903-436a-a5e2-54224254c818', 'usr_171');
INSERT INTO trabalho.usuario_esta_inscrito_no_podcast VALUES (1, 'af46a958-b921-47b6-9f87-5c4fdc68ea79', 'usr_171');
INSERT INTO trabalho.comentarios_podcast_usuario VALUES ('comment_171_0_1', 'Sint laborum et libero molestiae numquam eum necessitatibus quia.', 'af46a958-b921-47b6-9f87-5c4fdc68ea79', 'usr_171');
INSERT INTO trabalho.comentarios_podcast_usuario VALUES ('comment_171_1_1', 'Ut sunt aut cupiditate eos.', 'af46a958-b921-47b6-9f87-5c4fdc68ea79', 'usr_171');
INSERT INTO trabalho.log_acesso VALUES ('log_171_0_1', 'af46a958-b921-47b6-9f87-5c4fdc68ea79', 'usr_171');
INSERT INTO trabalho.log_acesso VALUES ('log_171_1_1', 'af46a958-b921-47b6-9f87-5c4fdc68ea79', 'usr_171');
INSERT INTO trabalho.log_acesso VALUES ('log_171_2_1', 'af46a958-b921-47b6-9f87-5c4fdc68ea79', 'usr_171');
INSERT INTO trabalho.log_acesso VALUES ('log_171_3_1', 'af46a958-b921-47b6-9f87-5c4fdc68ea79', 'usr_171');
INSERT INTO trabalho.log_acesso VALUES ('log_171_4_1', 'af46a958-b921-47b6-9f87-5c4fdc68ea79', 'usr_171');
INSERT INTO trabalho.usuario_esta_inscrito_no_podcast VALUES (3, '219328a1-cec6-4e8c-b003-52a3ec9766bb', 'usr_171');
INSERT INTO trabalho.comentarios_podcast_usuario VALUES ('comment_171_0_2', 'Qui mollitia eos quae laborum autem maxime dolores aut.', '219328a1-cec6-4e8c-b003-52a3ec9766bb', 'usr_171');
INSERT INTO trabalho.log_acesso VALUES ('log_171_0_2', '219328a1-cec6-4e8c-b003-52a3ec9766bb', 'usr_171');
INSERT INTO trabalho.log_acesso VALUES ('log_171_1_2', '219328a1-cec6-4e8c-b003-52a3ec9766bb', 'usr_171');
INSERT INTO trabalho.log_acesso VALUES ('log_171_2_2', '219328a1-cec6-4e8c-b003-52a3ec9766bb', 'usr_171');
INSERT INTO trabalho.usuario VALUES ('usr_172', '172_Mrcia70@hotmail.com', 'Mércia Nogueira', 'female', 21, trabalho.hashPassword('Password123'), 'Equador');
INSERT INTO trabalho.usuario_esta_inscrito_no_podcast VALUES (5, 'b553d865-8fe2-47de-9a30-10e1dea3bd1d', 'usr_172');
INSERT INTO trabalho.comentarios_podcast_usuario VALUES ('comment_172_0_0', 'Et in maxime est eum nemo consequatur.', 'b553d865-8fe2-47de-9a30-10e1dea3bd1d', 'usr_172');
INSERT INTO trabalho.comentarios_podcast_usuario VALUES ('comment_172_1_0', 'Tenetur sit itaque quis consequatur dolorem.', 'b553d865-8fe2-47de-9a30-10e1dea3bd1d', 'usr_172');
INSERT INTO trabalho.comentarios_podcast_usuario VALUES ('comment_172_2_0', 'Odit ea possimus.', 'b553d865-8fe2-47de-9a30-10e1dea3bd1d', 'usr_172');
INSERT INTO trabalho.comentarios_podcast_usuario VALUES ('comment_172_3_0', 'Quia et ipsam cumque ad voluptatum et error explicabo qui.', 'b553d865-8fe2-47de-9a30-10e1dea3bd1d', 'usr_172');
INSERT INTO trabalho.comentarios_podcast_usuario VALUES ('comment_172_4_0', 'Voluptas voluptatem sunt inventore sint velit est.', 'b553d865-8fe2-47de-9a30-10e1dea3bd1d', 'usr_172');
INSERT INTO trabalho.comentarios_podcast_usuario VALUES ('comment_172_5_0', 'Nobis et tempora quis consequatur consequatur est qui voluptate.', 'b553d865-8fe2-47de-9a30-10e1dea3bd1d', 'usr_172');
INSERT INTO trabalho.log_acesso VALUES ('log_172_0_0', 'b553d865-8fe2-47de-9a30-10e1dea3bd1d', 'usr_172');
INSERT INTO trabalho.log_acesso VALUES ('log_172_1_0', 'b553d865-8fe2-47de-9a30-10e1dea3bd1d', 'usr_172');
INSERT INTO trabalho.log_acesso VALUES ('log_172_2_0', 'b553d865-8fe2-47de-9a30-10e1dea3bd1d', 'usr_172');
INSERT INTO trabalho.log_acesso VALUES ('log_172_3_0', 'b553d865-8fe2-47de-9a30-10e1dea3bd1d', 'usr_172');
INSERT INTO trabalho.log_acesso VALUES ('log_172_4_0', 'b553d865-8fe2-47de-9a30-10e1dea3bd1d', 'usr_172');
INSERT INTO trabalho.log_acesso VALUES ('log_172_5_0', 'b553d865-8fe2-47de-9a30-10e1dea3bd1d', 'usr_172');
INSERT INTO trabalho.log_acesso VALUES ('log_172_6_0', 'b553d865-8fe2-47de-9a30-10e1dea3bd1d', 'usr_172');
INSERT INTO trabalho.usuario_esta_inscrito_no_podcast VALUES (4, '168c1536-4c42-4b8f-8c77-f06affefec6a', 'usr_172');
INSERT INTO trabalho.comentarios_podcast_usuario VALUES ('comment_172_0_1', 'Nihil et cupiditate voluptates possimus.', '168c1536-4c42-4b8f-8c77-f06affefec6a', 'usr_172');
INSERT INTO trabalho.comentarios_podcast_usuario VALUES ('comment_172_1_1', 'Maxime possimus eum vitae aliquid.', '168c1536-4c42-4b8f-8c77-f06affefec6a', 'usr_172');
INSERT INTO trabalho.log_acesso VALUES ('log_172_0_1', '168c1536-4c42-4b8f-8c77-f06affefec6a', 'usr_172');
INSERT INTO trabalho.log_acesso VALUES ('log_172_1_1', '168c1536-4c42-4b8f-8c77-f06affefec6a', 'usr_172');
INSERT INTO trabalho.usuario_esta_inscrito_no_podcast VALUES (4, 'f8e13774-d631-4f34-93f0-2f5d55590265', 'usr_172');
INSERT INTO trabalho.comentarios_podcast_usuario VALUES ('comment_172_0_2', 'Numquam at et amet dolores ea.', 'f8e13774-d631-4f34-93f0-2f5d55590265', 'usr_172');
INSERT INTO trabalho.comentarios_podcast_usuario VALUES ('comment_172_1_2', 'Error laboriosam porro blanditiis fugiat.', 'f8e13774-d631-4f34-93f0-2f5d55590265', 'usr_172');
INSERT INTO trabalho.comentarios_podcast_usuario VALUES ('comment_172_2_2', 'Nam dolorem quibusdam velit iusto corrupti aliquam iure rerum.', 'f8e13774-d631-4f34-93f0-2f5d55590265', 'usr_172');
INSERT INTO trabalho.comentarios_podcast_usuario VALUES ('comment_172_3_2', 'Velit illum sunt.', 'f8e13774-d631-4f34-93f0-2f5d55590265', 'usr_172');
INSERT INTO trabalho.log_acesso VALUES ('log_172_0_2', 'f8e13774-d631-4f34-93f0-2f5d55590265', 'usr_172');
INSERT INTO trabalho.log_acesso VALUES ('log_172_1_2', 'f8e13774-d631-4f34-93f0-2f5d55590265', 'usr_172');
INSERT INTO trabalho.log_acesso VALUES ('log_172_2_2', 'f8e13774-d631-4f34-93f0-2f5d55590265', 'usr_172');
INSERT INTO trabalho.usuario VALUES ('usr_173', '173_Paulo47@gmail.com', 'Paulo Souza', 'male', 51, trabalho.hashPassword('Password123'), 'Andorra');
INSERT INTO trabalho.usuario_esta_inscrito_no_podcast VALUES (4, '7e429e8e-7669-403d-bb78-3cd7f9f75afd', 'usr_173');
INSERT INTO trabalho.comentarios_podcast_usuario VALUES ('comment_173_0_0', 'Eligendi perferendis quos illum ea nesciunt et quod et.', '7e429e8e-7669-403d-bb78-3cd7f9f75afd', 'usr_173');
INSERT INTO trabalho.comentarios_podcast_usuario VALUES ('comment_173_1_0', 'Veritatis laboriosam voluptatem culpa saepe.', '7e429e8e-7669-403d-bb78-3cd7f9f75afd', 'usr_173');
INSERT INTO trabalho.comentarios_podcast_usuario VALUES ('comment_173_2_0', 'Non et rerum assumenda.', '7e429e8e-7669-403d-bb78-3cd7f9f75afd', 'usr_173');
INSERT INTO trabalho.comentarios_podcast_usuario VALUES ('comment_173_3_0', 'Expedita earum quo exercitationem.', '7e429e8e-7669-403d-bb78-3cd7f9f75afd', 'usr_173');
INSERT INTO trabalho.log_acesso VALUES ('log_173_0_0', '7e429e8e-7669-403d-bb78-3cd7f9f75afd', 'usr_173');
INSERT INTO trabalho.log_acesso VALUES ('log_173_1_0', '7e429e8e-7669-403d-bb78-3cd7f9f75afd', 'usr_173');
INSERT INTO trabalho.log_acesso VALUES ('log_173_2_0', '7e429e8e-7669-403d-bb78-3cd7f9f75afd', 'usr_173');
INSERT INTO trabalho.log_acesso VALUES ('log_173_3_0', '7e429e8e-7669-403d-bb78-3cd7f9f75afd', 'usr_173');
INSERT INTO trabalho.log_acesso VALUES ('log_173_4_0', '7e429e8e-7669-403d-bb78-3cd7f9f75afd', 'usr_173');
INSERT INTO trabalho.log_acesso VALUES ('log_173_5_0', '7e429e8e-7669-403d-bb78-3cd7f9f75afd', 'usr_173');
INSERT INTO trabalho.log_acesso VALUES ('log_173_6_0', '7e429e8e-7669-403d-bb78-3cd7f9f75afd', 'usr_173');
INSERT INTO trabalho.usuario_esta_inscrito_no_podcast VALUES (1, 'f1b92ce7-47a7-43cd-8586-4a09185cdd05', 'usr_173');
INSERT INTO trabalho.comentarios_podcast_usuario VALUES ('comment_173_0_1', 'Et consequatur molestiae enim fuga est tempore sint sed voluptatem.', 'f1b92ce7-47a7-43cd-8586-4a09185cdd05', 'usr_173');
INSERT INTO trabalho.comentarios_podcast_usuario VALUES ('comment_173_1_1', 'Rem eaque magnam incidunt et.', 'f1b92ce7-47a7-43cd-8586-4a09185cdd05', 'usr_173');
INSERT INTO trabalho.log_acesso VALUES ('log_173_0_1', 'f1b92ce7-47a7-43cd-8586-4a09185cdd05', 'usr_173');
INSERT INTO trabalho.log_acesso VALUES ('log_173_1_1', 'f1b92ce7-47a7-43cd-8586-4a09185cdd05', 'usr_173');
INSERT INTO trabalho.log_acesso VALUES ('log_173_2_1', 'f1b92ce7-47a7-43cd-8586-4a09185cdd05', 'usr_173');
INSERT INTO trabalho.usuario_esta_inscrito_no_podcast VALUES (2, 'f0166bd2-8e4d-4308-b5d7-0b3d627c5dc5', 'usr_173');
INSERT INTO trabalho.comentarios_podcast_usuario VALUES ('comment_173_0_2', 'Ratione ducimus perspiciatis tempora ut qui modi consequatur.', 'f0166bd2-8e4d-4308-b5d7-0b3d627c5dc5', 'usr_173');
INSERT INTO trabalho.comentarios_podcast_usuario VALUES ('comment_173_1_2', 'Ea facere velit minus nisi sit.', 'f0166bd2-8e4d-4308-b5d7-0b3d627c5dc5', 'usr_173');
INSERT INTO trabalho.comentarios_podcast_usuario VALUES ('comment_173_2_2', 'Et nemo natus ex rerum.', 'f0166bd2-8e4d-4308-b5d7-0b3d627c5dc5', 'usr_173');
INSERT INTO trabalho.log_acesso VALUES ('log_173_0_2', 'f0166bd2-8e4d-4308-b5d7-0b3d627c5dc5', 'usr_173');
INSERT INTO trabalho.log_acesso VALUES ('log_173_1_2', 'f0166bd2-8e4d-4308-b5d7-0b3d627c5dc5', 'usr_173');
INSERT INTO trabalho.log_acesso VALUES ('log_173_2_2', 'f0166bd2-8e4d-4308-b5d7-0b3d627c5dc5', 'usr_173');
INSERT INTO trabalho.log_acesso VALUES ('log_173_3_2', 'f0166bd2-8e4d-4308-b5d7-0b3d627c5dc5', 'usr_173');
INSERT INTO trabalho.usuario VALUES ('usr_174', '174_Fabiano73@gmail.com', 'Fabiano Nogueira', 'male', 17, trabalho.hashPassword('Password123'), 'Singapura');
INSERT INTO trabalho.usuario_esta_inscrito_no_podcast VALUES (3, 'de2f0ddb-9903-436a-a5e2-54224254c818', 'usr_174');
INSERT INTO trabalho.comentarios_podcast_usuario VALUES ('comment_174_0_0', 'Sequi omnis doloribus.', 'de2f0ddb-9903-436a-a5e2-54224254c818', 'usr_174');
INSERT INTO trabalho.comentarios_podcast_usuario VALUES ('comment_174_1_0', 'Ut voluptas voluptatem.', 'de2f0ddb-9903-436a-a5e2-54224254c818', 'usr_174');
INSERT INTO trabalho.comentarios_podcast_usuario VALUES ('comment_174_2_0', 'Pariatur numquam nam dolorem.', 'de2f0ddb-9903-436a-a5e2-54224254c818', 'usr_174');
INSERT INTO trabalho.comentarios_podcast_usuario VALUES ('comment_174_3_0', 'Quia occaecati tempora eveniet.', 'de2f0ddb-9903-436a-a5e2-54224254c818', 'usr_174');
INSERT INTO trabalho.comentarios_podcast_usuario VALUES ('comment_174_4_0', 'Vel voluptatem officiis.', 'de2f0ddb-9903-436a-a5e2-54224254c818', 'usr_174');
INSERT INTO trabalho.log_acesso VALUES ('log_174_0_0', 'de2f0ddb-9903-436a-a5e2-54224254c818', 'usr_174');
INSERT INTO trabalho.log_acesso VALUES ('log_174_1_0', 'de2f0ddb-9903-436a-a5e2-54224254c818', 'usr_174');
INSERT INTO trabalho.usuario_esta_inscrito_no_podcast VALUES (3, 'af46a958-b921-47b6-9f87-5c4fdc68ea79', 'usr_174');
INSERT INTO trabalho.comentarios_podcast_usuario VALUES ('comment_174_0_1', 'Error dolorem officiis dolore.', 'af46a958-b921-47b6-9f87-5c4fdc68ea79', 'usr_174');
INSERT INTO trabalho.comentarios_podcast_usuario VALUES ('comment_174_1_1', 'Minima beatae amet.', 'af46a958-b921-47b6-9f87-5c4fdc68ea79', 'usr_174');
INSERT INTO trabalho.comentarios_podcast_usuario VALUES ('comment_174_2_1', 'Hic exercitationem voluptatem ratione.', 'af46a958-b921-47b6-9f87-5c4fdc68ea79', 'usr_174');
INSERT INTO trabalho.log_acesso VALUES ('log_174_0_1', 'af46a958-b921-47b6-9f87-5c4fdc68ea79', 'usr_174');
INSERT INTO trabalho.log_acesso VALUES ('log_174_1_1', 'af46a958-b921-47b6-9f87-5c4fdc68ea79', 'usr_174');
INSERT INTO trabalho.log_acesso VALUES ('log_174_2_1', 'af46a958-b921-47b6-9f87-5c4fdc68ea79', 'usr_174');
INSERT INTO trabalho.log_acesso VALUES ('log_174_3_1', 'af46a958-b921-47b6-9f87-5c4fdc68ea79', 'usr_174');
INSERT INTO trabalho.usuario_esta_inscrito_no_podcast VALUES (2, 'bc8dac25-793c-4a96-aafc-4ea7020f4f60', 'usr_174');
INSERT INTO trabalho.comentarios_podcast_usuario VALUES ('comment_174_0_2', 'Deleniti consequatur sed quis.', 'bc8dac25-793c-4a96-aafc-4ea7020f4f60', 'usr_174');
INSERT INTO trabalho.comentarios_podcast_usuario VALUES ('comment_174_1_2', 'Sequi beatae ab.', 'bc8dac25-793c-4a96-aafc-4ea7020f4f60', 'usr_174');
INSERT INTO trabalho.log_acesso VALUES ('log_174_0_2', 'bc8dac25-793c-4a96-aafc-4ea7020f4f60', 'usr_174');
INSERT INTO trabalho.log_acesso VALUES ('log_174_1_2', 'bc8dac25-793c-4a96-aafc-4ea7020f4f60', 'usr_174');
INSERT INTO trabalho.log_acesso VALUES ('log_174_2_2', 'bc8dac25-793c-4a96-aafc-4ea7020f4f60', 'usr_174');
INSERT INTO trabalho.usuario VALUES ('usr_175', '175_MariaAlice.Oliveira60@bol.com.br', 'Maria Alice Oliveira', 'female', 48, trabalho.hashPassword('Password123'), 'Sao Tomé e Príncipe');
INSERT INTO trabalho.usuario_esta_inscrito_no_podcast VALUES (2, 'c58b280a-56d4-4ad8-8c85-730e4ea86361', 'usr_175');
INSERT INTO trabalho.comentarios_podcast_usuario VALUES ('comment_175_0_0', 'Aliquam nostrum facere rerum.', 'c58b280a-56d4-4ad8-8c85-730e4ea86361', 'usr_175');
INSERT INTO trabalho.comentarios_podcast_usuario VALUES ('comment_175_1_0', 'Et et qui sunt.', 'c58b280a-56d4-4ad8-8c85-730e4ea86361', 'usr_175');
INSERT INTO trabalho.comentarios_podcast_usuario VALUES ('comment_175_2_0', 'Fuga quas rem et possimus vel tempore.', 'c58b280a-56d4-4ad8-8c85-730e4ea86361', 'usr_175');
INSERT INTO trabalho.comentarios_podcast_usuario VALUES ('comment_175_3_0', 'Dolorem est modi consequuntur optio velit quas dolorem.', 'c58b280a-56d4-4ad8-8c85-730e4ea86361', 'usr_175');
INSERT INTO trabalho.log_acesso VALUES ('log_175_0_0', 'c58b280a-56d4-4ad8-8c85-730e4ea86361', 'usr_175');
INSERT INTO trabalho.log_acesso VALUES ('log_175_1_0', 'c58b280a-56d4-4ad8-8c85-730e4ea86361', 'usr_175');
INSERT INTO trabalho.log_acesso VALUES ('log_175_2_0', 'c58b280a-56d4-4ad8-8c85-730e4ea86361', 'usr_175');
INSERT INTO trabalho.log_acesso VALUES ('log_175_3_0', 'c58b280a-56d4-4ad8-8c85-730e4ea86361', 'usr_175');
INSERT INTO trabalho.log_acesso VALUES ('log_175_4_0', 'c58b280a-56d4-4ad8-8c85-730e4ea86361', 'usr_175');
INSERT INTO trabalho.usuario_esta_inscrito_no_podcast VALUES (1, 'de2f0ddb-9903-436a-a5e2-54224254c818', 'usr_175');
INSERT INTO trabalho.comentarios_podcast_usuario VALUES ('comment_175_0_1', 'Exercitationem aut est impedit aliquam maxime mollitia cumque dolores.', 'de2f0ddb-9903-436a-a5e2-54224254c818', 'usr_175');
INSERT INTO trabalho.comentarios_podcast_usuario VALUES ('comment_175_1_1', 'Et sint eos illum.', 'de2f0ddb-9903-436a-a5e2-54224254c818', 'usr_175');
INSERT INTO trabalho.comentarios_podcast_usuario VALUES ('comment_175_2_1', 'Asperiores est placeat ut.', 'de2f0ddb-9903-436a-a5e2-54224254c818', 'usr_175');
INSERT INTO trabalho.comentarios_podcast_usuario VALUES ('comment_175_3_1', 'Eum facilis velit.', 'de2f0ddb-9903-436a-a5e2-54224254c818', 'usr_175');
INSERT INTO trabalho.log_acesso VALUES ('log_175_0_1', 'de2f0ddb-9903-436a-a5e2-54224254c818', 'usr_175');
INSERT INTO trabalho.log_acesso VALUES ('log_175_1_1', 'de2f0ddb-9903-436a-a5e2-54224254c818', 'usr_175');
INSERT INTO trabalho.log_acesso VALUES ('log_175_2_1', 'de2f0ddb-9903-436a-a5e2-54224254c818', 'usr_175');
INSERT INTO trabalho.log_acesso VALUES ('log_175_3_1', 'de2f0ddb-9903-436a-a5e2-54224254c818', 'usr_175');
INSERT INTO trabalho.usuario_esta_inscrito_no_podcast VALUES (2, 'f0166bd2-8e4d-4308-b5d7-0b3d627c5dc5', 'usr_175');
INSERT INTO trabalho.comentarios_podcast_usuario VALUES ('comment_175_0_2', 'Ipsum ullam adipisci consequatur quis fugiat.', 'f0166bd2-8e4d-4308-b5d7-0b3d627c5dc5', 'usr_175');
INSERT INTO trabalho.comentarios_podcast_usuario VALUES ('comment_175_1_2', 'Nobis qui non.', 'f0166bd2-8e4d-4308-b5d7-0b3d627c5dc5', 'usr_175');
INSERT INTO trabalho.log_acesso VALUES ('log_175_0_2', 'f0166bd2-8e4d-4308-b5d7-0b3d627c5dc5', 'usr_175');
INSERT INTO trabalho.log_acesso VALUES ('log_175_1_2', 'f0166bd2-8e4d-4308-b5d7-0b3d627c5dc5', 'usr_175');
INSERT INTO trabalho.log_acesso VALUES ('log_175_2_2', 'f0166bd2-8e4d-4308-b5d7-0b3d627c5dc5', 'usr_175');
INSERT INTO trabalho.log_acesso VALUES ('log_175_3_2', 'f0166bd2-8e4d-4308-b5d7-0b3d627c5dc5', 'usr_175');
INSERT INTO trabalho.usuario VALUES ('usr_176', '176_Margarida86@gmail.com', 'Margarida Franco', 'female', 42, trabalho.hashPassword('Password123'), 'Libéria');
INSERT INTO trabalho.usuario_esta_inscrito_no_podcast VALUES (4, 'f1b92ce7-47a7-43cd-8586-4a09185cdd05', 'usr_176');
INSERT INTO trabalho.comentarios_podcast_usuario VALUES ('comment_176_0_0', 'Saepe modi distinctio rerum enim perspiciatis quas dolores ratione.', 'f1b92ce7-47a7-43cd-8586-4a09185cdd05', 'usr_176');
INSERT INTO trabalho.comentarios_podcast_usuario VALUES ('comment_176_1_0', 'Nesciunt eum illo amet ab ut.', 'f1b92ce7-47a7-43cd-8586-4a09185cdd05', 'usr_176');
INSERT INTO trabalho.comentarios_podcast_usuario VALUES ('comment_176_2_0', 'Quam ipsa qui.', 'f1b92ce7-47a7-43cd-8586-4a09185cdd05', 'usr_176');
INSERT INTO trabalho.comentarios_podcast_usuario VALUES ('comment_176_3_0', 'Consequatur labore vitae quia deserunt voluptas quis.', 'f1b92ce7-47a7-43cd-8586-4a09185cdd05', 'usr_176');
INSERT INTO trabalho.log_acesso VALUES ('log_176_0_0', 'f1b92ce7-47a7-43cd-8586-4a09185cdd05', 'usr_176');
INSERT INTO trabalho.usuario_esta_inscrito_no_podcast VALUES (0, '67074e68-bc2f-442b-8af2-7d328b6af6eb', 'usr_176');
INSERT INTO trabalho.comentarios_podcast_usuario VALUES ('comment_176_0_1', 'Ex temporibus minus ea aut cumque et occaecati rem quis.', '67074e68-bc2f-442b-8af2-7d328b6af6eb', 'usr_176');
INSERT INTO trabalho.comentarios_podcast_usuario VALUES ('comment_176_1_1', 'Qui est aliquid sapiente sed maxime quod numquam.', '67074e68-bc2f-442b-8af2-7d328b6af6eb', 'usr_176');
INSERT INTO trabalho.comentarios_podcast_usuario VALUES ('comment_176_2_1', 'Minima molestiae neque repellendus id iusto.', '67074e68-bc2f-442b-8af2-7d328b6af6eb', 'usr_176');
INSERT INTO trabalho.comentarios_podcast_usuario VALUES ('comment_176_3_1', 'Ut ipsa placeat impedit id voluptate provident.', '67074e68-bc2f-442b-8af2-7d328b6af6eb', 'usr_176');
INSERT INTO trabalho.log_acesso VALUES ('log_176_0_1', '67074e68-bc2f-442b-8af2-7d328b6af6eb', 'usr_176');
INSERT INTO trabalho.log_acesso VALUES ('log_176_1_1', '67074e68-bc2f-442b-8af2-7d328b6af6eb', 'usr_176');
INSERT INTO trabalho.log_acesso VALUES ('log_176_2_1', '67074e68-bc2f-442b-8af2-7d328b6af6eb', 'usr_176');
INSERT INTO trabalho.usuario_esta_inscrito_no_podcast VALUES (3, 'f0166bd2-8e4d-4308-b5d7-0b3d627c5dc5', 'usr_176');
INSERT INTO trabalho.comentarios_podcast_usuario VALUES ('comment_176_0_2', 'Perspiciatis ab eum delectus dignissimos dolores facilis et.', 'f0166bd2-8e4d-4308-b5d7-0b3d627c5dc5', 'usr_176');
INSERT INTO trabalho.comentarios_podcast_usuario VALUES ('comment_176_1_2', 'Inventore incidunt id quidem quasi ut repellendus.', 'f0166bd2-8e4d-4308-b5d7-0b3d627c5dc5', 'usr_176');
INSERT INTO trabalho.comentarios_podcast_usuario VALUES ('comment_176_2_2', 'Minima impedit odit aliquam quas sint aut ea iste expedita.', 'f0166bd2-8e4d-4308-b5d7-0b3d627c5dc5', 'usr_176');
INSERT INTO trabalho.comentarios_podcast_usuario VALUES ('comment_176_3_2', 'Qui et aut porro quibusdam sit non quam quasi.', 'f0166bd2-8e4d-4308-b5d7-0b3d627c5dc5', 'usr_176');
INSERT INTO trabalho.log_acesso VALUES ('log_176_0_2', 'f0166bd2-8e4d-4308-b5d7-0b3d627c5dc5', 'usr_176');
INSERT INTO trabalho.log_acesso VALUES ('log_176_1_2', 'f0166bd2-8e4d-4308-b5d7-0b3d627c5dc5', 'usr_176');
INSERT INTO trabalho.log_acesso VALUES ('log_176_2_2', 'f0166bd2-8e4d-4308-b5d7-0b3d627c5dc5', 'usr_176');
INSERT INTO trabalho.log_acesso VALUES ('log_176_3_2', 'f0166bd2-8e4d-4308-b5d7-0b3d627c5dc5', 'usr_176');
INSERT INTO trabalho.log_acesso VALUES ('log_176_4_2', 'f0166bd2-8e4d-4308-b5d7-0b3d627c5dc5', 'usr_176');
INSERT INTO trabalho.usuario VALUES ('usr_177', '177_Lavnia.Nogueira@live.com', 'Lavínia Nogueira', 'female', 29, trabalho.hashPassword('Password123'), 'Venezuela');
INSERT INTO trabalho.usuario_esta_inscrito_no_podcast VALUES (3, 'f0166bd2-8e4d-4308-b5d7-0b3d627c5dc5', 'usr_177');
INSERT INTO trabalho.comentarios_podcast_usuario VALUES ('comment_177_0_0', 'Distinctio eos dignissimos.', 'f0166bd2-8e4d-4308-b5d7-0b3d627c5dc5', 'usr_177');
INSERT INTO trabalho.comentarios_podcast_usuario VALUES ('comment_177_1_0', 'Sequi consequatur laboriosam illum voluptatem error inventore aperiam id.', 'f0166bd2-8e4d-4308-b5d7-0b3d627c5dc5', 'usr_177');
INSERT INTO trabalho.comentarios_podcast_usuario VALUES ('comment_177_2_0', 'Fuga autem aut nam et.', 'f0166bd2-8e4d-4308-b5d7-0b3d627c5dc5', 'usr_177');
INSERT INTO trabalho.comentarios_podcast_usuario VALUES ('comment_177_3_0', 'Et commodi sunt accusamus cum pariatur veniam.', 'f0166bd2-8e4d-4308-b5d7-0b3d627c5dc5', 'usr_177');
INSERT INTO trabalho.log_acesso VALUES ('log_177_0_0', 'f0166bd2-8e4d-4308-b5d7-0b3d627c5dc5', 'usr_177');
INSERT INTO trabalho.log_acesso VALUES ('log_177_1_0', 'f0166bd2-8e4d-4308-b5d7-0b3d627c5dc5', 'usr_177');
INSERT INTO trabalho.log_acesso VALUES ('log_177_2_0', 'f0166bd2-8e4d-4308-b5d7-0b3d627c5dc5', 'usr_177');
INSERT INTO trabalho.usuario_esta_inscrito_no_podcast VALUES (1, 'f1b92ce7-47a7-43cd-8586-4a09185cdd05', 'usr_177');
INSERT INTO trabalho.comentarios_podcast_usuario VALUES ('comment_177_0_1', 'Placeat aliquam dolore vel cum et.', 'f1b92ce7-47a7-43cd-8586-4a09185cdd05', 'usr_177');
INSERT INTO trabalho.log_acesso VALUES ('log_177_0_1', 'f1b92ce7-47a7-43cd-8586-4a09185cdd05', 'usr_177');
INSERT INTO trabalho.log_acesso VALUES ('log_177_1_1', 'f1b92ce7-47a7-43cd-8586-4a09185cdd05', 'usr_177');
INSERT INTO trabalho.log_acesso VALUES ('log_177_2_1', 'f1b92ce7-47a7-43cd-8586-4a09185cdd05', 'usr_177');
INSERT INTO trabalho.usuario_esta_inscrito_no_podcast VALUES (5, '67074e68-bc2f-442b-8af2-7d328b6af6eb', 'usr_177');
INSERT INTO trabalho.comentarios_podcast_usuario VALUES ('comment_177_0_2', 'Sint rerum voluptas saepe quae expedita qui laudantium.', '67074e68-bc2f-442b-8af2-7d328b6af6eb', 'usr_177');
INSERT INTO trabalho.comentarios_podcast_usuario VALUES ('comment_177_1_2', 'Consequatur aut non.', '67074e68-bc2f-442b-8af2-7d328b6af6eb', 'usr_177');
INSERT INTO trabalho.log_acesso VALUES ('log_177_0_2', '67074e68-bc2f-442b-8af2-7d328b6af6eb', 'usr_177');
INSERT INTO trabalho.usuario VALUES ('usr_178', '178_Valentina83@live.com', 'Valentina Xavier', 'female', 35, trabalho.hashPassword('Password123'), 'Finlândia');
INSERT INTO trabalho.usuario_esta_inscrito_no_podcast VALUES (3, '7e429e8e-7669-403d-bb78-3cd7f9f75afd', 'usr_178');
INSERT INTO trabalho.comentarios_podcast_usuario VALUES ('comment_178_0_0', 'Amet non ut.', '7e429e8e-7669-403d-bb78-3cd7f9f75afd', 'usr_178');
INSERT INTO trabalho.comentarios_podcast_usuario VALUES ('comment_178_1_0', 'Culpa numquam aliquid.', '7e429e8e-7669-403d-bb78-3cd7f9f75afd', 'usr_178');
INSERT INTO trabalho.comentarios_podcast_usuario VALUES ('comment_178_2_0', 'Ipsa mollitia nesciunt ad aut reprehenderit voluptatibus.', '7e429e8e-7669-403d-bb78-3cd7f9f75afd', 'usr_178');
INSERT INTO trabalho.log_acesso VALUES ('log_178_0_0', '7e429e8e-7669-403d-bb78-3cd7f9f75afd', 'usr_178');
INSERT INTO trabalho.usuario_esta_inscrito_no_podcast VALUES (0, '67074e68-bc2f-442b-8af2-7d328b6af6eb', 'usr_178');
INSERT INTO trabalho.comentarios_podcast_usuario VALUES ('comment_178_0_1', 'Facere sed quod rem non consequatur.', '67074e68-bc2f-442b-8af2-7d328b6af6eb', 'usr_178');
INSERT INTO trabalho.comentarios_podcast_usuario VALUES ('comment_178_1_1', 'Amet eveniet eveniet ut.', '67074e68-bc2f-442b-8af2-7d328b6af6eb', 'usr_178');
INSERT INTO trabalho.comentarios_podcast_usuario VALUES ('comment_178_2_1', 'Itaque iure et et cum modi enim a eveniet natus.', '67074e68-bc2f-442b-8af2-7d328b6af6eb', 'usr_178');
INSERT INTO trabalho.log_acesso VALUES ('log_178_0_1', '67074e68-bc2f-442b-8af2-7d328b6af6eb', 'usr_178');
INSERT INTO trabalho.log_acesso VALUES ('log_178_1_1', '67074e68-bc2f-442b-8af2-7d328b6af6eb', 'usr_178');
INSERT INTO trabalho.log_acesso VALUES ('log_178_2_1', '67074e68-bc2f-442b-8af2-7d328b6af6eb', 'usr_178');
INSERT INTO trabalho.log_acesso VALUES ('log_178_3_1', '67074e68-bc2f-442b-8af2-7d328b6af6eb', 'usr_178');
INSERT INTO trabalho.usuario_esta_inscrito_no_podcast VALUES (1, 'bc8dac25-793c-4a96-aafc-4ea7020f4f60', 'usr_178');
INSERT INTO trabalho.comentarios_podcast_usuario VALUES ('comment_178_0_2', 'Adipisci est alias occaecati blanditiis laudantium labore.', 'bc8dac25-793c-4a96-aafc-4ea7020f4f60', 'usr_178');
INSERT INTO trabalho.comentarios_podcast_usuario VALUES ('comment_178_1_2', 'Asperiores corporis amet et quia est.', 'bc8dac25-793c-4a96-aafc-4ea7020f4f60', 'usr_178');
INSERT INTO trabalho.comentarios_podcast_usuario VALUES ('comment_178_2_2', 'Quis et sed est nihil temporibus autem sequi.', 'bc8dac25-793c-4a96-aafc-4ea7020f4f60', 'usr_178');
INSERT INTO trabalho.comentarios_podcast_usuario VALUES ('comment_178_3_2', 'Molestiae aut vitae nam qui sint.', 'bc8dac25-793c-4a96-aafc-4ea7020f4f60', 'usr_178');
INSERT INTO trabalho.comentarios_podcast_usuario VALUES ('comment_178_4_2', 'Iusto odit veritatis saepe expedita.', 'bc8dac25-793c-4a96-aafc-4ea7020f4f60', 'usr_178');
INSERT INTO trabalho.log_acesso VALUES ('log_178_0_2', 'bc8dac25-793c-4a96-aafc-4ea7020f4f60', 'usr_178');
INSERT INTO trabalho.log_acesso VALUES ('log_178_1_2', 'bc8dac25-793c-4a96-aafc-4ea7020f4f60', 'usr_178');
INSERT INTO trabalho.log_acesso VALUES ('log_178_2_2', 'bc8dac25-793c-4a96-aafc-4ea7020f4f60', 'usr_178');
INSERT INTO trabalho.log_acesso VALUES ('log_178_3_2', 'bc8dac25-793c-4a96-aafc-4ea7020f4f60', 'usr_178');
INSERT INTO trabalho.usuario VALUES ('usr_179', '179_Natlia.Oliveira35@gmail.com', 'Natália Oliveira', 'female', 14, trabalho.hashPassword('Password123'), 'Finlândia');
INSERT INTO trabalho.usuario_esta_inscrito_no_podcast VALUES (0, 'de2f0ddb-9903-436a-a5e2-54224254c818', 'usr_179');
INSERT INTO trabalho.comentarios_podcast_usuario VALUES ('comment_179_0_0', 'Iusto expedita atque qui modi quasi voluptas.', 'de2f0ddb-9903-436a-a5e2-54224254c818', 'usr_179');
INSERT INTO trabalho.comentarios_podcast_usuario VALUES ('comment_179_1_0', 'Accusamus aut minus ea quia ipsa repellendus consequatur voluptas pariatur.', 'de2f0ddb-9903-436a-a5e2-54224254c818', 'usr_179');
INSERT INTO trabalho.comentarios_podcast_usuario VALUES ('comment_179_2_0', 'Aut dolorem doloribus et provident sunt.', 'de2f0ddb-9903-436a-a5e2-54224254c818', 'usr_179');
INSERT INTO trabalho.log_acesso VALUES ('log_179_0_0', 'de2f0ddb-9903-436a-a5e2-54224254c818', 'usr_179');
INSERT INTO trabalho.log_acesso VALUES ('log_179_1_0', 'de2f0ddb-9903-436a-a5e2-54224254c818', 'usr_179');
INSERT INTO trabalho.log_acesso VALUES ('log_179_2_0', 'de2f0ddb-9903-436a-a5e2-54224254c818', 'usr_179');
INSERT INTO trabalho.log_acesso VALUES ('log_179_3_0', 'de2f0ddb-9903-436a-a5e2-54224254c818', 'usr_179');
INSERT INTO trabalho.log_acesso VALUES ('log_179_4_0', 'de2f0ddb-9903-436a-a5e2-54224254c818', 'usr_179');
INSERT INTO trabalho.log_acesso VALUES ('log_179_5_0', 'de2f0ddb-9903-436a-a5e2-54224254c818', 'usr_179');
INSERT INTO trabalho.usuario_esta_inscrito_no_podcast VALUES (4, '168c1536-4c42-4b8f-8c77-f06affefec6a', 'usr_179');
INSERT INTO trabalho.comentarios_podcast_usuario VALUES ('comment_179_0_1', 'Voluptatem cum necessitatibus quo voluptate reiciendis vero.', '168c1536-4c42-4b8f-8c77-f06affefec6a', 'usr_179');
INSERT INTO trabalho.comentarios_podcast_usuario VALUES ('comment_179_1_1', 'Atque expedita ut explicabo.', '168c1536-4c42-4b8f-8c77-f06affefec6a', 'usr_179');
INSERT INTO trabalho.comentarios_podcast_usuario VALUES ('comment_179_2_1', 'Voluptas reprehenderit nihil quis enim culpa voluptates ea et molestiae.', '168c1536-4c42-4b8f-8c77-f06affefec6a', 'usr_179');
INSERT INTO trabalho.log_acesso VALUES ('log_179_0_1', '168c1536-4c42-4b8f-8c77-f06affefec6a', 'usr_179');
INSERT INTO trabalho.log_acesso VALUES ('log_179_1_1', '168c1536-4c42-4b8f-8c77-f06affefec6a', 'usr_179');
INSERT INTO trabalho.usuario_esta_inscrito_no_podcast VALUES (1, 'af46a958-b921-47b6-9f87-5c4fdc68ea79', 'usr_179');
INSERT INTO trabalho.comentarios_podcast_usuario VALUES ('comment_179_0_2', 'Recusandae debitis perferendis delectus possimus est qui.', 'af46a958-b921-47b6-9f87-5c4fdc68ea79', 'usr_179');
INSERT INTO trabalho.comentarios_podcast_usuario VALUES ('comment_179_1_2', 'Eos ipsum recusandae veniam incidunt nam voluptas corrupti qui amet.', 'af46a958-b921-47b6-9f87-5c4fdc68ea79', 'usr_179');
INSERT INTO trabalho.log_acesso VALUES ('log_179_0_2', 'af46a958-b921-47b6-9f87-5c4fdc68ea79', 'usr_179');
INSERT INTO trabalho.log_acesso VALUES ('log_179_1_2', 'af46a958-b921-47b6-9f87-5c4fdc68ea79', 'usr_179');
INSERT INTO trabalho.log_acesso VALUES ('log_179_2_2', 'af46a958-b921-47b6-9f87-5c4fdc68ea79', 'usr_179');
INSERT INTO trabalho.log_acesso VALUES ('log_179_3_2', 'af46a958-b921-47b6-9f87-5c4fdc68ea79', 'usr_179');
INSERT INTO trabalho.usuario VALUES ('usr_180', '180_Deneval_Saraiva@bol.com.br', 'Deneval Saraiva', 'male', 14, trabalho.hashPassword('Password123'), 'Ilhas Caiman');
INSERT INTO trabalho.usuario_esta_inscrito_no_podcast VALUES (3, '5bdf7377-8330-4f9f-8efd-e95301c122ce', 'usr_180');
INSERT INTO trabalho.comentarios_podcast_usuario VALUES ('comment_180_0_0', 'Unde impedit aut molestias quia esse laboriosam dolorem.', '5bdf7377-8330-4f9f-8efd-e95301c122ce', 'usr_180');
INSERT INTO trabalho.comentarios_podcast_usuario VALUES ('comment_180_1_0', 'Eligendi aut nobis tenetur iure enim et.', '5bdf7377-8330-4f9f-8efd-e95301c122ce', 'usr_180');
INSERT INTO trabalho.comentarios_podcast_usuario VALUES ('comment_180_2_0', 'Sapiente possimus aut ea modi animi porro aut tempore.', '5bdf7377-8330-4f9f-8efd-e95301c122ce', 'usr_180');
INSERT INTO trabalho.comentarios_podcast_usuario VALUES ('comment_180_3_0', 'Consequatur ducimus laborum optio occaecati est ad necessitatibus autem.', '5bdf7377-8330-4f9f-8efd-e95301c122ce', 'usr_180');
INSERT INTO trabalho.comentarios_podcast_usuario VALUES ('comment_180_4_0', 'Minus repudiandae earum.', '5bdf7377-8330-4f9f-8efd-e95301c122ce', 'usr_180');
INSERT INTO trabalho.log_acesso VALUES ('log_180_0_0', '5bdf7377-8330-4f9f-8efd-e95301c122ce', 'usr_180');
INSERT INTO trabalho.log_acesso VALUES ('log_180_1_0', '5bdf7377-8330-4f9f-8efd-e95301c122ce', 'usr_180');
INSERT INTO trabalho.usuario_esta_inscrito_no_podcast VALUES (1, 'f8e13774-d631-4f34-93f0-2f5d55590265', 'usr_180');
INSERT INTO trabalho.comentarios_podcast_usuario VALUES ('comment_180_0_1', 'Dicta et et.', 'f8e13774-d631-4f34-93f0-2f5d55590265', 'usr_180');
INSERT INTO trabalho.comentarios_podcast_usuario VALUES ('comment_180_1_1', 'Laborum ipsam ut minima.', 'f8e13774-d631-4f34-93f0-2f5d55590265', 'usr_180');
INSERT INTO trabalho.log_acesso VALUES ('log_180_0_1', 'f8e13774-d631-4f34-93f0-2f5d55590265', 'usr_180');
INSERT INTO trabalho.log_acesso VALUES ('log_180_1_1', 'f8e13774-d631-4f34-93f0-2f5d55590265', 'usr_180');
INSERT INTO trabalho.log_acesso VALUES ('log_180_2_1', 'f8e13774-d631-4f34-93f0-2f5d55590265', 'usr_180');
INSERT INTO trabalho.usuario_esta_inscrito_no_podcast VALUES (0, '168c1536-4c42-4b8f-8c77-f06affefec6a', 'usr_180');
INSERT INTO trabalho.comentarios_podcast_usuario VALUES ('comment_180_0_2', 'Magnam dolor nesciunt id ducimus.', '168c1536-4c42-4b8f-8c77-f06affefec6a', 'usr_180');
INSERT INTO trabalho.comentarios_podcast_usuario VALUES ('comment_180_1_2', 'Dolorem reprehenderit beatae.', '168c1536-4c42-4b8f-8c77-f06affefec6a', 'usr_180');
INSERT INTO trabalho.comentarios_podcast_usuario VALUES ('comment_180_2_2', 'Eos placeat neque.', '168c1536-4c42-4b8f-8c77-f06affefec6a', 'usr_180');
INSERT INTO trabalho.comentarios_podcast_usuario VALUES ('comment_180_3_2', 'Earum ut est aut id.', '168c1536-4c42-4b8f-8c77-f06affefec6a', 'usr_180');
INSERT INTO trabalho.comentarios_podcast_usuario VALUES ('comment_180_4_2', 'Nihil minima est rem.', '168c1536-4c42-4b8f-8c77-f06affefec6a', 'usr_180');
INSERT INTO trabalho.log_acesso VALUES ('log_180_0_2', '168c1536-4c42-4b8f-8c77-f06affefec6a', 'usr_180');
INSERT INTO trabalho.log_acesso VALUES ('log_180_1_2', '168c1536-4c42-4b8f-8c77-f06affefec6a', 'usr_180');
INSERT INTO trabalho.log_acesso VALUES ('log_180_2_2', '168c1536-4c42-4b8f-8c77-f06affefec6a', 'usr_180');
INSERT INTO trabalho.usuario VALUES ('usr_181', '181_Natlia29@yahoo.com', 'Natália Batista', 'female', 14, trabalho.hashPassword('Password123'), 'Belize');
INSERT INTO trabalho.usuario_esta_inscrito_no_podcast VALUES (1, 'fa3abe16-3645-4d22-a01d-893e6f20c408', 'usr_181');
INSERT INTO trabalho.comentarios_podcast_usuario VALUES ('comment_181_0_0', 'Ipsa et reprehenderit temporibus.', 'fa3abe16-3645-4d22-a01d-893e6f20c408', 'usr_181');
INSERT INTO trabalho.comentarios_podcast_usuario VALUES ('comment_181_1_0', 'Itaque autem eum.', 'fa3abe16-3645-4d22-a01d-893e6f20c408', 'usr_181');
INSERT INTO trabalho.comentarios_podcast_usuario VALUES ('comment_181_2_0', 'Excepturi impedit magnam a dolor quasi ipsa aliquam veritatis.', 'fa3abe16-3645-4d22-a01d-893e6f20c408', 'usr_181');
INSERT INTO trabalho.comentarios_podcast_usuario VALUES ('comment_181_3_0', 'Iure enim omnis accusantium est quo qui voluptatem.', 'fa3abe16-3645-4d22-a01d-893e6f20c408', 'usr_181');
INSERT INTO trabalho.comentarios_podcast_usuario VALUES ('comment_181_4_0', 'Sit ipsa enim aperiam rerum qui repellat.', 'fa3abe16-3645-4d22-a01d-893e6f20c408', 'usr_181');
INSERT INTO trabalho.log_acesso VALUES ('log_181_0_0', 'fa3abe16-3645-4d22-a01d-893e6f20c408', 'usr_181');
INSERT INTO trabalho.log_acesso VALUES ('log_181_1_0', 'fa3abe16-3645-4d22-a01d-893e6f20c408', 'usr_181');
INSERT INTO trabalho.log_acesso VALUES ('log_181_2_0', 'fa3abe16-3645-4d22-a01d-893e6f20c408', 'usr_181');
INSERT INTO trabalho.log_acesso VALUES ('log_181_3_0', 'fa3abe16-3645-4d22-a01d-893e6f20c408', 'usr_181');
INSERT INTO trabalho.log_acesso VALUES ('log_181_4_0', 'fa3abe16-3645-4d22-a01d-893e6f20c408', 'usr_181');
INSERT INTO trabalho.usuario_esta_inscrito_no_podcast VALUES (4, '219328a1-cec6-4e8c-b003-52a3ec9766bb', 'usr_181');
INSERT INTO trabalho.comentarios_podcast_usuario VALUES ('comment_181_0_1', 'Et nisi repellendus neque quas beatae.', '219328a1-cec6-4e8c-b003-52a3ec9766bb', 'usr_181');
INSERT INTO trabalho.comentarios_podcast_usuario VALUES ('comment_181_1_1', 'Iste expedita aspernatur et inventore ratione non.', '219328a1-cec6-4e8c-b003-52a3ec9766bb', 'usr_181');
INSERT INTO trabalho.log_acesso VALUES ('log_181_0_1', '219328a1-cec6-4e8c-b003-52a3ec9766bb', 'usr_181');
INSERT INTO trabalho.log_acesso VALUES ('log_181_1_1', '219328a1-cec6-4e8c-b003-52a3ec9766bb', 'usr_181');
INSERT INTO trabalho.log_acesso VALUES ('log_181_2_1', '219328a1-cec6-4e8c-b003-52a3ec9766bb', 'usr_181');
INSERT INTO trabalho.log_acesso VALUES ('log_181_3_1', '219328a1-cec6-4e8c-b003-52a3ec9766bb', 'usr_181');
INSERT INTO trabalho.usuario_esta_inscrito_no_podcast VALUES (4, '5bdf7377-8330-4f9f-8efd-e95301c122ce', 'usr_181');
INSERT INTO trabalho.comentarios_podcast_usuario VALUES ('comment_181_0_2', 'Sit eos et magni ut.', '5bdf7377-8330-4f9f-8efd-e95301c122ce', 'usr_181');
INSERT INTO trabalho.comentarios_podcast_usuario VALUES ('comment_181_1_2', 'Sit doloremque laudantium vitae molestiae quidem cupiditate voluptas veritatis.', '5bdf7377-8330-4f9f-8efd-e95301c122ce', 'usr_181');
INSERT INTO trabalho.comentarios_podcast_usuario VALUES ('comment_181_2_2', 'Dolorum dolore ratione enim praesentium earum earum.', '5bdf7377-8330-4f9f-8efd-e95301c122ce', 'usr_181');
INSERT INTO trabalho.comentarios_podcast_usuario VALUES ('comment_181_3_2', 'Consectetur enim et.', '5bdf7377-8330-4f9f-8efd-e95301c122ce', 'usr_181');
INSERT INTO trabalho.log_acesso VALUES ('log_181_0_2', '5bdf7377-8330-4f9f-8efd-e95301c122ce', 'usr_181');
INSERT INTO trabalho.log_acesso VALUES ('log_181_1_2', '5bdf7377-8330-4f9f-8efd-e95301c122ce', 'usr_181');
INSERT INTO trabalho.log_acesso VALUES ('log_181_2_2', '5bdf7377-8330-4f9f-8efd-e95301c122ce', 'usr_181');
INSERT INTO trabalho.log_acesso VALUES ('log_181_3_2', '5bdf7377-8330-4f9f-8efd-e95301c122ce', 'usr_181');
INSERT INTO trabalho.usuario VALUES ('usr_182', '182_Washington.Nogueira@live.com', 'Washington Nogueira', 'male', 47, trabalho.hashPassword('Password123'), 'Ilha do Natal');
INSERT INTO trabalho.usuario_esta_inscrito_no_podcast VALUES (2, 'f1b92ce7-47a7-43cd-8586-4a09185cdd05', 'usr_182');
INSERT INTO trabalho.comentarios_podcast_usuario VALUES ('comment_182_0_0', 'Quaerat quia libero aut consequuntur.', 'f1b92ce7-47a7-43cd-8586-4a09185cdd05', 'usr_182');
INSERT INTO trabalho.comentarios_podcast_usuario VALUES ('comment_182_1_0', 'Quas voluptas illo saepe qui nobis.', 'f1b92ce7-47a7-43cd-8586-4a09185cdd05', 'usr_182');
INSERT INTO trabalho.log_acesso VALUES ('log_182_0_0', 'f1b92ce7-47a7-43cd-8586-4a09185cdd05', 'usr_182');
INSERT INTO trabalho.log_acesso VALUES ('log_182_1_0', 'f1b92ce7-47a7-43cd-8586-4a09185cdd05', 'usr_182');
INSERT INTO trabalho.log_acesso VALUES ('log_182_2_0', 'f1b92ce7-47a7-43cd-8586-4a09185cdd05', 'usr_182');
INSERT INTO trabalho.log_acesso VALUES ('log_182_3_0', 'f1b92ce7-47a7-43cd-8586-4a09185cdd05', 'usr_182');
INSERT INTO trabalho.usuario_esta_inscrito_no_podcast VALUES (1, '7e429e8e-7669-403d-bb78-3cd7f9f75afd', 'usr_182');
INSERT INTO trabalho.comentarios_podcast_usuario VALUES ('comment_182_0_1', 'Fuga dolor quasi hic est est rerum.', '7e429e8e-7669-403d-bb78-3cd7f9f75afd', 'usr_182');
INSERT INTO trabalho.comentarios_podcast_usuario VALUES ('comment_182_1_1', 'Et sit ut eligendi.', '7e429e8e-7669-403d-bb78-3cd7f9f75afd', 'usr_182');
INSERT INTO trabalho.comentarios_podcast_usuario VALUES ('comment_182_2_1', 'Nisi nihil ullam debitis eius sit commodi nihil in labore.', '7e429e8e-7669-403d-bb78-3cd7f9f75afd', 'usr_182');
INSERT INTO trabalho.comentarios_podcast_usuario VALUES ('comment_182_3_1', 'Sed autem quae.', '7e429e8e-7669-403d-bb78-3cd7f9f75afd', 'usr_182');
INSERT INTO trabalho.comentarios_podcast_usuario VALUES ('comment_182_4_1', 'Officiis aut ut est odio corporis.', '7e429e8e-7669-403d-bb78-3cd7f9f75afd', 'usr_182');
INSERT INTO trabalho.log_acesso VALUES ('log_182_0_1', '7e429e8e-7669-403d-bb78-3cd7f9f75afd', 'usr_182');
INSERT INTO trabalho.usuario_esta_inscrito_no_podcast VALUES (5, '168c1536-4c42-4b8f-8c77-f06affefec6a', 'usr_182');
INSERT INTO trabalho.comentarios_podcast_usuario VALUES ('comment_182_0_2', 'Et architecto molestias facilis.', '168c1536-4c42-4b8f-8c77-f06affefec6a', 'usr_182');
INSERT INTO trabalho.comentarios_podcast_usuario VALUES ('comment_182_1_2', 'Tenetur qui rerum.', '168c1536-4c42-4b8f-8c77-f06affefec6a', 'usr_182');
INSERT INTO trabalho.comentarios_podcast_usuario VALUES ('comment_182_2_2', 'Aliquid molestiae blanditiis et dolorum consequuntur.', '168c1536-4c42-4b8f-8c77-f06affefec6a', 'usr_182');
INSERT INTO trabalho.comentarios_podcast_usuario VALUES ('comment_182_3_2', 'Ullam ullam aut ut enim quasi eum est tempore nulla.', '168c1536-4c42-4b8f-8c77-f06affefec6a', 'usr_182');
INSERT INTO trabalho.log_acesso VALUES ('log_182_0_2', '168c1536-4c42-4b8f-8c77-f06affefec6a', 'usr_182');
INSERT INTO trabalho.log_acesso VALUES ('log_182_1_2', '168c1536-4c42-4b8f-8c77-f06affefec6a', 'usr_182');
INSERT INTO trabalho.log_acesso VALUES ('log_182_2_2', '168c1536-4c42-4b8f-8c77-f06affefec6a', 'usr_182');
INSERT INTO trabalho.usuario VALUES ('usr_183', '183_Laura.Carvalho88@yahoo.com', 'Laura Carvalho', 'female', 18, trabalho.hashPassword('Password123'), 'Tajiquistão');
INSERT INTO trabalho.usuario_esta_inscrito_no_podcast VALUES (5, '5bdf7377-8330-4f9f-8efd-e95301c122ce', 'usr_183');
INSERT INTO trabalho.comentarios_podcast_usuario VALUES ('comment_183_0_0', 'Nobis aut iure repellendus explicabo inventore et mollitia.', '5bdf7377-8330-4f9f-8efd-e95301c122ce', 'usr_183');
INSERT INTO trabalho.comentarios_podcast_usuario VALUES ('comment_183_1_0', 'Voluptates consequatur praesentium magnam.', '5bdf7377-8330-4f9f-8efd-e95301c122ce', 'usr_183');
INSERT INTO trabalho.comentarios_podcast_usuario VALUES ('comment_183_2_0', 'Consequatur maiores architecto maxime ducimus enim veritatis.', '5bdf7377-8330-4f9f-8efd-e95301c122ce', 'usr_183');
INSERT INTO trabalho.log_acesso VALUES ('log_183_0_0', '5bdf7377-8330-4f9f-8efd-e95301c122ce', 'usr_183');
INSERT INTO trabalho.log_acesso VALUES ('log_183_1_0', '5bdf7377-8330-4f9f-8efd-e95301c122ce', 'usr_183');
INSERT INTO trabalho.log_acesso VALUES ('log_183_2_0', '5bdf7377-8330-4f9f-8efd-e95301c122ce', 'usr_183');
INSERT INTO trabalho.log_acesso VALUES ('log_183_3_0', '5bdf7377-8330-4f9f-8efd-e95301c122ce', 'usr_183');
INSERT INTO trabalho.usuario_esta_inscrito_no_podcast VALUES (4, 'bc8dac25-793c-4a96-aafc-4ea7020f4f60', 'usr_183');
INSERT INTO trabalho.comentarios_podcast_usuario VALUES ('comment_183_0_1', 'Repellendus repellat dolor quo tempore molestiae consequatur.', 'bc8dac25-793c-4a96-aafc-4ea7020f4f60', 'usr_183');
INSERT INTO trabalho.comentarios_podcast_usuario VALUES ('comment_183_1_1', 'Reprehenderit enim vel voluptatem officia qui molestias minima autem eius.', 'bc8dac25-793c-4a96-aafc-4ea7020f4f60', 'usr_183');
INSERT INTO trabalho.log_acesso VALUES ('log_183_0_1', 'bc8dac25-793c-4a96-aafc-4ea7020f4f60', 'usr_183');
INSERT INTO trabalho.log_acesso VALUES ('log_183_1_1', 'bc8dac25-793c-4a96-aafc-4ea7020f4f60', 'usr_183');
INSERT INTO trabalho.usuario_esta_inscrito_no_podcast VALUES (0, 'f8e13774-d631-4f34-93f0-2f5d55590265', 'usr_183');
INSERT INTO trabalho.comentarios_podcast_usuario VALUES ('comment_183_0_2', 'Fuga adipisci corporis sed.', 'f8e13774-d631-4f34-93f0-2f5d55590265', 'usr_183');
INSERT INTO trabalho.comentarios_podcast_usuario VALUES ('comment_183_1_2', 'Ipsum ut sint consequuntur illum neque nam nam quaerat sed.', 'f8e13774-d631-4f34-93f0-2f5d55590265', 'usr_183');
INSERT INTO trabalho.comentarios_podcast_usuario VALUES ('comment_183_2_2', 'Laborum voluptas delectus magnam vel.', 'f8e13774-d631-4f34-93f0-2f5d55590265', 'usr_183');
INSERT INTO trabalho.log_acesso VALUES ('log_183_0_2', 'f8e13774-d631-4f34-93f0-2f5d55590265', 'usr_183');
INSERT INTO trabalho.log_acesso VALUES ('log_183_1_2', 'f8e13774-d631-4f34-93f0-2f5d55590265', 'usr_183');
INSERT INTO trabalho.log_acesso VALUES ('log_183_2_2', 'f8e13774-d631-4f34-93f0-2f5d55590265', 'usr_183');
INSERT INTO trabalho.log_acesso VALUES ('log_183_3_2', 'f8e13774-d631-4f34-93f0-2f5d55590265', 'usr_183');
INSERT INTO trabalho.usuario VALUES ('usr_184', '184_Emanuelly.Santos@gmail.com', 'Emanuelly Santos', 'female', 52, trabalho.hashPassword('Password123'), 'Brasil');
INSERT INTO trabalho.usuario_esta_inscrito_no_podcast VALUES (4, 'bc8dac25-793c-4a96-aafc-4ea7020f4f60', 'usr_184');
INSERT INTO trabalho.comentarios_podcast_usuario VALUES ('comment_184_0_0', 'Consectetur et in molestias quibusdam nihil autem.', 'bc8dac25-793c-4a96-aafc-4ea7020f4f60', 'usr_184');
INSERT INTO trabalho.comentarios_podcast_usuario VALUES ('comment_184_1_0', 'Velit nihil aut nulla sit reiciendis.', 'bc8dac25-793c-4a96-aafc-4ea7020f4f60', 'usr_184');
INSERT INTO trabalho.log_acesso VALUES ('log_184_0_0', 'bc8dac25-793c-4a96-aafc-4ea7020f4f60', 'usr_184');
INSERT INTO trabalho.log_acesso VALUES ('log_184_1_0', 'bc8dac25-793c-4a96-aafc-4ea7020f4f60', 'usr_184');
INSERT INTO trabalho.log_acesso VALUES ('log_184_2_0', 'bc8dac25-793c-4a96-aafc-4ea7020f4f60', 'usr_184');
INSERT INTO trabalho.log_acesso VALUES ('log_184_3_0', 'bc8dac25-793c-4a96-aafc-4ea7020f4f60', 'usr_184');
INSERT INTO trabalho.usuario_esta_inscrito_no_podcast VALUES (2, 'b553d865-8fe2-47de-9a30-10e1dea3bd1d', 'usr_184');
INSERT INTO trabalho.comentarios_podcast_usuario VALUES ('comment_184_0_1', 'Rem et accusantium velit.', 'b553d865-8fe2-47de-9a30-10e1dea3bd1d', 'usr_184');
INSERT INTO trabalho.comentarios_podcast_usuario VALUES ('comment_184_1_1', 'Velit sapiente ducimus sit quia.', 'b553d865-8fe2-47de-9a30-10e1dea3bd1d', 'usr_184');
INSERT INTO trabalho.comentarios_podcast_usuario VALUES ('comment_184_2_1', 'Est aut quam velit dolores.', 'b553d865-8fe2-47de-9a30-10e1dea3bd1d', 'usr_184');
INSERT INTO trabalho.log_acesso VALUES ('log_184_0_1', 'b553d865-8fe2-47de-9a30-10e1dea3bd1d', 'usr_184');
INSERT INTO trabalho.log_acesso VALUES ('log_184_1_1', 'b553d865-8fe2-47de-9a30-10e1dea3bd1d', 'usr_184');
INSERT INTO trabalho.log_acesso VALUES ('log_184_2_1', 'b553d865-8fe2-47de-9a30-10e1dea3bd1d', 'usr_184');
INSERT INTO trabalho.log_acesso VALUES ('log_184_3_1', 'b553d865-8fe2-47de-9a30-10e1dea3bd1d', 'usr_184');
INSERT INTO trabalho.log_acesso VALUES ('log_184_4_1', 'b553d865-8fe2-47de-9a30-10e1dea3bd1d', 'usr_184');
INSERT INTO trabalho.usuario_esta_inscrito_no_podcast VALUES (1, 'f1b92ce7-47a7-43cd-8586-4a09185cdd05', 'usr_184');
INSERT INTO trabalho.comentarios_podcast_usuario VALUES ('comment_184_0_2', 'Itaque tempore et velit incidunt aut assumenda animi consequuntur.', 'f1b92ce7-47a7-43cd-8586-4a09185cdd05', 'usr_184');
INSERT INTO trabalho.comentarios_podcast_usuario VALUES ('comment_184_1_2', 'Voluptatem sit optio.', 'f1b92ce7-47a7-43cd-8586-4a09185cdd05', 'usr_184');
INSERT INTO trabalho.log_acesso VALUES ('log_184_0_2', 'f1b92ce7-47a7-43cd-8586-4a09185cdd05', 'usr_184');
INSERT INTO trabalho.log_acesso VALUES ('log_184_1_2', 'f1b92ce7-47a7-43cd-8586-4a09185cdd05', 'usr_184');
INSERT INTO trabalho.log_acesso VALUES ('log_184_2_2', 'f1b92ce7-47a7-43cd-8586-4a09185cdd05', 'usr_184');
INSERT INTO trabalho.usuario VALUES ('usr_185', '185_Giovanna.Souza@live.com', 'Giovanna Souza', 'female', 31, trabalho.hashPassword('Password123'), 'Bolívia');
INSERT INTO trabalho.usuario_esta_inscrito_no_podcast VALUES (4, '5bdf7377-8330-4f9f-8efd-e95301c122ce', 'usr_185');
INSERT INTO trabalho.comentarios_podcast_usuario VALUES ('comment_185_0_0', 'Voluptas ab consequatur rem voluptatem quos.', '5bdf7377-8330-4f9f-8efd-e95301c122ce', 'usr_185');
INSERT INTO trabalho.comentarios_podcast_usuario VALUES ('comment_185_1_0', 'Velit veritatis qui vitae.', '5bdf7377-8330-4f9f-8efd-e95301c122ce', 'usr_185');
INSERT INTO trabalho.comentarios_podcast_usuario VALUES ('comment_185_2_0', 'Sit adipisci dicta voluptatibus sed.', '5bdf7377-8330-4f9f-8efd-e95301c122ce', 'usr_185');
INSERT INTO trabalho.comentarios_podcast_usuario VALUES ('comment_185_3_0', 'Harum laboriosam minus aut maxime et rerum iste.', '5bdf7377-8330-4f9f-8efd-e95301c122ce', 'usr_185');
INSERT INTO trabalho.log_acesso VALUES ('log_185_0_0', '5bdf7377-8330-4f9f-8efd-e95301c122ce', 'usr_185');
INSERT INTO trabalho.log_acesso VALUES ('log_185_1_0', '5bdf7377-8330-4f9f-8efd-e95301c122ce', 'usr_185');
INSERT INTO trabalho.log_acesso VALUES ('log_185_2_0', '5bdf7377-8330-4f9f-8efd-e95301c122ce', 'usr_185');
INSERT INTO trabalho.usuario_esta_inscrito_no_podcast VALUES (4, 'f1b92ce7-47a7-43cd-8586-4a09185cdd05', 'usr_185');
INSERT INTO trabalho.comentarios_podcast_usuario VALUES ('comment_185_0_1', 'Dicta nemo incidunt et minima alias quo qui.', 'f1b92ce7-47a7-43cd-8586-4a09185cdd05', 'usr_185');
INSERT INTO trabalho.log_acesso VALUES ('log_185_0_1', 'f1b92ce7-47a7-43cd-8586-4a09185cdd05', 'usr_185');
INSERT INTO trabalho.log_acesso VALUES ('log_185_1_1', 'f1b92ce7-47a7-43cd-8586-4a09185cdd05', 'usr_185');
INSERT INTO trabalho.log_acesso VALUES ('log_185_2_1', 'f1b92ce7-47a7-43cd-8586-4a09185cdd05', 'usr_185');
INSERT INTO trabalho.usuario_esta_inscrito_no_podcast VALUES (5, 'de2f0ddb-9903-436a-a5e2-54224254c818', 'usr_185');
INSERT INTO trabalho.comentarios_podcast_usuario VALUES ('comment_185_0_2', 'Expedita non commodi aut natus molestiae ea.', 'de2f0ddb-9903-436a-a5e2-54224254c818', 'usr_185');
INSERT INTO trabalho.comentarios_podcast_usuario VALUES ('comment_185_1_2', 'Accusantium sed soluta vitae modi.', 'de2f0ddb-9903-436a-a5e2-54224254c818', 'usr_185');
INSERT INTO trabalho.comentarios_podcast_usuario VALUES ('comment_185_2_2', 'Vel commodi totam qui exercitationem dolores reprehenderit ut corrupti.', 'de2f0ddb-9903-436a-a5e2-54224254c818', 'usr_185');
INSERT INTO trabalho.comentarios_podcast_usuario VALUES ('comment_185_3_2', 'Et excepturi omnis.', 'de2f0ddb-9903-436a-a5e2-54224254c818', 'usr_185');
INSERT INTO trabalho.log_acesso VALUES ('log_185_0_2', 'de2f0ddb-9903-436a-a5e2-54224254c818', 'usr_185');
INSERT INTO trabalho.log_acesso VALUES ('log_185_1_2', 'de2f0ddb-9903-436a-a5e2-54224254c818', 'usr_185');
INSERT INTO trabalho.log_acesso VALUES ('log_185_2_2', 'de2f0ddb-9903-436a-a5e2-54224254c818', 'usr_185');
INSERT INTO trabalho.log_acesso VALUES ('log_185_3_2', 'de2f0ddb-9903-436a-a5e2-54224254c818', 'usr_185');
INSERT INTO trabalho.usuario VALUES ('usr_186', '186_Bryan_Costa@gmail.com', 'Bryan Costa', 'male', 40, trabalho.hashPassword('Password123'), 'Ilha Norfolk');
INSERT INTO trabalho.usuario_esta_inscrito_no_podcast VALUES (5, '219328a1-cec6-4e8c-b003-52a3ec9766bb', 'usr_186');
INSERT INTO trabalho.comentarios_podcast_usuario VALUES ('comment_186_0_0', 'Omnis quibusdam quis necessitatibus dolor aperiam laborum non qui.', '219328a1-cec6-4e8c-b003-52a3ec9766bb', 'usr_186');
INSERT INTO trabalho.comentarios_podcast_usuario VALUES ('comment_186_1_0', 'Itaque dignissimos veniam.', '219328a1-cec6-4e8c-b003-52a3ec9766bb', 'usr_186');
INSERT INTO trabalho.comentarios_podcast_usuario VALUES ('comment_186_2_0', 'Qui qui placeat eligendi nam facere ad corrupti.', '219328a1-cec6-4e8c-b003-52a3ec9766bb', 'usr_186');
INSERT INTO trabalho.log_acesso VALUES ('log_186_0_0', '219328a1-cec6-4e8c-b003-52a3ec9766bb', 'usr_186');
INSERT INTO trabalho.usuario_esta_inscrito_no_podcast VALUES (1, '7e429e8e-7669-403d-bb78-3cd7f9f75afd', 'usr_186');
INSERT INTO trabalho.comentarios_podcast_usuario VALUES ('comment_186_0_1', 'Ipsam architecto eos.', '7e429e8e-7669-403d-bb78-3cd7f9f75afd', 'usr_186');
INSERT INTO trabalho.comentarios_podcast_usuario VALUES ('comment_186_1_1', 'Exercitationem est et adipisci rerum.', '7e429e8e-7669-403d-bb78-3cd7f9f75afd', 'usr_186');
INSERT INTO trabalho.comentarios_podcast_usuario VALUES ('comment_186_2_1', 'Aliquam aut tempora quia sit.', '7e429e8e-7669-403d-bb78-3cd7f9f75afd', 'usr_186');
INSERT INTO trabalho.log_acesso VALUES ('log_186_0_1', '7e429e8e-7669-403d-bb78-3cd7f9f75afd', 'usr_186');
INSERT INTO trabalho.log_acesso VALUES ('log_186_1_1', '7e429e8e-7669-403d-bb78-3cd7f9f75afd', 'usr_186');
INSERT INTO trabalho.log_acesso VALUES ('log_186_2_1', '7e429e8e-7669-403d-bb78-3cd7f9f75afd', 'usr_186');
INSERT INTO trabalho.usuario_esta_inscrito_no_podcast VALUES (3, 'fa3abe16-3645-4d22-a01d-893e6f20c408', 'usr_186');
INSERT INTO trabalho.comentarios_podcast_usuario VALUES ('comment_186_0_2', 'Sapiente excepturi porro ullam consequatur ipsam tempore et dolorem consequuntur.', 'fa3abe16-3645-4d22-a01d-893e6f20c408', 'usr_186');
INSERT INTO trabalho.comentarios_podcast_usuario VALUES ('comment_186_1_2', 'Veritatis qui sint.', 'fa3abe16-3645-4d22-a01d-893e6f20c408', 'usr_186');
INSERT INTO trabalho.comentarios_podcast_usuario VALUES ('comment_186_2_2', 'Tempore debitis sed.', 'fa3abe16-3645-4d22-a01d-893e6f20c408', 'usr_186');
INSERT INTO trabalho.comentarios_podcast_usuario VALUES ('comment_186_3_2', 'Qui minus sit laborum sint necessitatibus.', 'fa3abe16-3645-4d22-a01d-893e6f20c408', 'usr_186');
INSERT INTO trabalho.comentarios_podcast_usuario VALUES ('comment_186_4_2', 'Aspernatur non optio in facere est voluptate.', 'fa3abe16-3645-4d22-a01d-893e6f20c408', 'usr_186');
INSERT INTO trabalho.log_acesso VALUES ('log_186_0_2', 'fa3abe16-3645-4d22-a01d-893e6f20c408', 'usr_186');
INSERT INTO trabalho.log_acesso VALUES ('log_186_1_2', 'fa3abe16-3645-4d22-a01d-893e6f20c408', 'usr_186');
INSERT INTO trabalho.log_acesso VALUES ('log_186_2_2', 'fa3abe16-3645-4d22-a01d-893e6f20c408', 'usr_186');
INSERT INTO trabalho.log_acesso VALUES ('log_186_3_2', 'fa3abe16-3645-4d22-a01d-893e6f20c408', 'usr_186');
INSERT INTO trabalho.usuario VALUES ('usr_187', '187_Beatriz92@yahoo.com', 'Beatriz Franco', 'female', 14, trabalho.hashPassword('Password123'), 'Laos');
INSERT INTO trabalho.usuario_esta_inscrito_no_podcast VALUES (2, '168c1536-4c42-4b8f-8c77-f06affefec6a', 'usr_187');
INSERT INTO trabalho.comentarios_podcast_usuario VALUES ('comment_187_0_0', 'Corrupti aut fugit eum voluptatem ducimus.', '168c1536-4c42-4b8f-8c77-f06affefec6a', 'usr_187');
INSERT INTO trabalho.comentarios_podcast_usuario VALUES ('comment_187_1_0', 'Et sint voluptates voluptatum illo est repudiandae veritatis.', '168c1536-4c42-4b8f-8c77-f06affefec6a', 'usr_187');
INSERT INTO trabalho.comentarios_podcast_usuario VALUES ('comment_187_2_0', 'Iure odio dolorem corrupti rerum beatae laudantium reprehenderit aperiam.', '168c1536-4c42-4b8f-8c77-f06affefec6a', 'usr_187');
INSERT INTO trabalho.comentarios_podcast_usuario VALUES ('comment_187_3_0', 'Ea enim expedita incidunt culpa corporis veniam aspernatur dolor.', '168c1536-4c42-4b8f-8c77-f06affefec6a', 'usr_187');
INSERT INTO trabalho.log_acesso VALUES ('log_187_0_0', '168c1536-4c42-4b8f-8c77-f06affefec6a', 'usr_187');
INSERT INTO trabalho.log_acesso VALUES ('log_187_1_0', '168c1536-4c42-4b8f-8c77-f06affefec6a', 'usr_187');
INSERT INTO trabalho.log_acesso VALUES ('log_187_2_0', '168c1536-4c42-4b8f-8c77-f06affefec6a', 'usr_187');
INSERT INTO trabalho.usuario_esta_inscrito_no_podcast VALUES (5, 'c58b280a-56d4-4ad8-8c85-730e4ea86361', 'usr_187');
INSERT INTO trabalho.comentarios_podcast_usuario VALUES ('comment_187_0_1', 'Fugiat repellendus tenetur nisi unde et rem.', 'c58b280a-56d4-4ad8-8c85-730e4ea86361', 'usr_187');
INSERT INTO trabalho.log_acesso VALUES ('log_187_0_1', 'c58b280a-56d4-4ad8-8c85-730e4ea86361', 'usr_187');
INSERT INTO trabalho.log_acesso VALUES ('log_187_1_1', 'c58b280a-56d4-4ad8-8c85-730e4ea86361', 'usr_187');
INSERT INTO trabalho.log_acesso VALUES ('log_187_2_1', 'c58b280a-56d4-4ad8-8c85-730e4ea86361', 'usr_187');
INSERT INTO trabalho.usuario_esta_inscrito_no_podcast VALUES (0, 'de2f0ddb-9903-436a-a5e2-54224254c818', 'usr_187');
INSERT INTO trabalho.comentarios_podcast_usuario VALUES ('comment_187_0_2', 'Eos sunt eaque eius est enim ab.', 'de2f0ddb-9903-436a-a5e2-54224254c818', 'usr_187');
INSERT INTO trabalho.comentarios_podcast_usuario VALUES ('comment_187_1_2', 'Suscipit omnis animi eveniet ab qui libero perspiciatis ullam in.', 'de2f0ddb-9903-436a-a5e2-54224254c818', 'usr_187');
INSERT INTO trabalho.comentarios_podcast_usuario VALUES ('comment_187_2_2', 'Aut dignissimos est doloribus sit.', 'de2f0ddb-9903-436a-a5e2-54224254c818', 'usr_187');
INSERT INTO trabalho.comentarios_podcast_usuario VALUES ('comment_187_3_2', 'Consequatur aspernatur deleniti quia dolor cum consequuntur ducimus eos perspiciatis.', 'de2f0ddb-9903-436a-a5e2-54224254c818', 'usr_187');
INSERT INTO trabalho.comentarios_podcast_usuario VALUES ('comment_187_4_2', 'Quia quam debitis.', 'de2f0ddb-9903-436a-a5e2-54224254c818', 'usr_187');
INSERT INTO trabalho.log_acesso VALUES ('log_187_0_2', 'de2f0ddb-9903-436a-a5e2-54224254c818', 'usr_187');
INSERT INTO trabalho.log_acesso VALUES ('log_187_1_2', 'de2f0ddb-9903-436a-a5e2-54224254c818', 'usr_187');
INSERT INTO trabalho.log_acesso VALUES ('log_187_2_2', 'de2f0ddb-9903-436a-a5e2-54224254c818', 'usr_187');
INSERT INTO trabalho.log_acesso VALUES ('log_187_3_2', 'de2f0ddb-9903-436a-a5e2-54224254c818', 'usr_187');
INSERT INTO trabalho.usuario VALUES ('usr_188', '188_Marli35@yahoo.com', 'Marli Macedo', 'female', 52, trabalho.hashPassword('Password123'), 'Lesoto');
INSERT INTO trabalho.usuario_esta_inscrito_no_podcast VALUES (4, 'bc8dac25-793c-4a96-aafc-4ea7020f4f60', 'usr_188');
INSERT INTO trabalho.comentarios_podcast_usuario VALUES ('comment_188_0_0', 'Quas sit aut repudiandae dicta et impedit deleniti excepturi repellendus.', 'bc8dac25-793c-4a96-aafc-4ea7020f4f60', 'usr_188');
INSERT INTO trabalho.comentarios_podcast_usuario VALUES ('comment_188_1_0', 'Amet suscipit iste.', 'bc8dac25-793c-4a96-aafc-4ea7020f4f60', 'usr_188');
INSERT INTO trabalho.comentarios_podcast_usuario VALUES ('comment_188_2_0', 'Quas natus excepturi quasi quidem labore possimus optio ea illo.', 'bc8dac25-793c-4a96-aafc-4ea7020f4f60', 'usr_188');
INSERT INTO trabalho.log_acesso VALUES ('log_188_0_0', 'bc8dac25-793c-4a96-aafc-4ea7020f4f60', 'usr_188');
INSERT INTO trabalho.log_acesso VALUES ('log_188_1_0', 'bc8dac25-793c-4a96-aafc-4ea7020f4f60', 'usr_188');
INSERT INTO trabalho.log_acesso VALUES ('log_188_2_0', 'bc8dac25-793c-4a96-aafc-4ea7020f4f60', 'usr_188');
INSERT INTO trabalho.log_acesso VALUES ('log_188_3_0', 'bc8dac25-793c-4a96-aafc-4ea7020f4f60', 'usr_188');
INSERT INTO trabalho.log_acesso VALUES ('log_188_4_0', 'bc8dac25-793c-4a96-aafc-4ea7020f4f60', 'usr_188');
INSERT INTO trabalho.log_acesso VALUES ('log_188_5_0', 'bc8dac25-793c-4a96-aafc-4ea7020f4f60', 'usr_188');
INSERT INTO trabalho.log_acesso VALUES ('log_188_6_0', 'bc8dac25-793c-4a96-aafc-4ea7020f4f60', 'usr_188');
INSERT INTO trabalho.usuario_esta_inscrito_no_podcast VALUES (3, 'fa3abe16-3645-4d22-a01d-893e6f20c408', 'usr_188');
INSERT INTO trabalho.comentarios_podcast_usuario VALUES ('comment_188_0_1', 'Nisi aut sed quia error.', 'fa3abe16-3645-4d22-a01d-893e6f20c408', 'usr_188');
INSERT INTO trabalho.comentarios_podcast_usuario VALUES ('comment_188_1_1', 'Ad quo quia enim sit aliquam facilis aliquid.', 'fa3abe16-3645-4d22-a01d-893e6f20c408', 'usr_188');
INSERT INTO trabalho.comentarios_podcast_usuario VALUES ('comment_188_2_1', 'Consequuntur eos nam fugit.', 'fa3abe16-3645-4d22-a01d-893e6f20c408', 'usr_188');
INSERT INTO trabalho.comentarios_podcast_usuario VALUES ('comment_188_3_1', 'Est aut error dolorem.', 'fa3abe16-3645-4d22-a01d-893e6f20c408', 'usr_188');
INSERT INTO trabalho.log_acesso VALUES ('log_188_0_1', 'fa3abe16-3645-4d22-a01d-893e6f20c408', 'usr_188');
INSERT INTO trabalho.log_acesso VALUES ('log_188_1_1', 'fa3abe16-3645-4d22-a01d-893e6f20c408', 'usr_188');
INSERT INTO trabalho.log_acesso VALUES ('log_188_2_1', 'fa3abe16-3645-4d22-a01d-893e6f20c408', 'usr_188');
INSERT INTO trabalho.log_acesso VALUES ('log_188_3_1', 'fa3abe16-3645-4d22-a01d-893e6f20c408', 'usr_188');
INSERT INTO trabalho.log_acesso VALUES ('log_188_4_1', 'fa3abe16-3645-4d22-a01d-893e6f20c408', 'usr_188');
INSERT INTO trabalho.usuario_esta_inscrito_no_podcast VALUES (2, 'f1b92ce7-47a7-43cd-8586-4a09185cdd05', 'usr_188');
INSERT INTO trabalho.comentarios_podcast_usuario VALUES ('comment_188_0_2', 'Ea numquam voluptate aut impedit autem et deserunt ex perferendis.', 'f1b92ce7-47a7-43cd-8586-4a09185cdd05', 'usr_188');
INSERT INTO trabalho.comentarios_podcast_usuario VALUES ('comment_188_1_2', 'Autem est accusamus perspiciatis velit ex veniam veritatis fugiat.', 'f1b92ce7-47a7-43cd-8586-4a09185cdd05', 'usr_188');
INSERT INTO trabalho.comentarios_podcast_usuario VALUES ('comment_188_2_2', 'Illum delectus error non reiciendis sed sit.', 'f1b92ce7-47a7-43cd-8586-4a09185cdd05', 'usr_188');
INSERT INTO trabalho.comentarios_podcast_usuario VALUES ('comment_188_3_2', 'Neque qui assumenda illum molestiae iste.', 'f1b92ce7-47a7-43cd-8586-4a09185cdd05', 'usr_188');
INSERT INTO trabalho.comentarios_podcast_usuario VALUES ('comment_188_4_2', 'Dolores qui commodi ipsum animi.', 'f1b92ce7-47a7-43cd-8586-4a09185cdd05', 'usr_188');
INSERT INTO trabalho.log_acesso VALUES ('log_188_0_2', 'f1b92ce7-47a7-43cd-8586-4a09185cdd05', 'usr_188');
INSERT INTO trabalho.log_acesso VALUES ('log_188_1_2', 'f1b92ce7-47a7-43cd-8586-4a09185cdd05', 'usr_188');
INSERT INTO trabalho.log_acesso VALUES ('log_188_2_2', 'f1b92ce7-47a7-43cd-8586-4a09185cdd05', 'usr_188');
INSERT INTO trabalho.usuario VALUES ('usr_189', '189_Helena25@yahoo.com', 'Helena Melo', 'female', 3, trabalho.hashPassword('Password123'), 'Coreia do Sul');
INSERT INTO trabalho.usuario_esta_inscrito_no_podcast VALUES (1, 'fa3abe16-3645-4d22-a01d-893e6f20c408', 'usr_189');
INSERT INTO trabalho.comentarios_podcast_usuario VALUES ('comment_189_0_0', 'Consequuntur laboriosam cum ea voluptate delectus.', 'fa3abe16-3645-4d22-a01d-893e6f20c408', 'usr_189');
INSERT INTO trabalho.log_acesso VALUES ('log_189_0_0', 'fa3abe16-3645-4d22-a01d-893e6f20c408', 'usr_189');
INSERT INTO trabalho.log_acesso VALUES ('log_189_1_0', 'fa3abe16-3645-4d22-a01d-893e6f20c408', 'usr_189');
INSERT INTO trabalho.log_acesso VALUES ('log_189_2_0', 'fa3abe16-3645-4d22-a01d-893e6f20c408', 'usr_189');
INSERT INTO trabalho.usuario_esta_inscrito_no_podcast VALUES (1, 'f1b92ce7-47a7-43cd-8586-4a09185cdd05', 'usr_189');
INSERT INTO trabalho.comentarios_podcast_usuario VALUES ('comment_189_0_1', 'Ea minima nostrum possimus est expedita dignissimos asperiores necessitatibus aspernatur.', 'f1b92ce7-47a7-43cd-8586-4a09185cdd05', 'usr_189');
INSERT INTO trabalho.log_acesso VALUES ('log_189_0_1', 'f1b92ce7-47a7-43cd-8586-4a09185cdd05', 'usr_189');
INSERT INTO trabalho.usuario_esta_inscrito_no_podcast VALUES (5, 'b553d865-8fe2-47de-9a30-10e1dea3bd1d', 'usr_189');
INSERT INTO trabalho.comentarios_podcast_usuario VALUES ('comment_189_0_2', 'Assumenda harum quia et accusantium aut delectus.', 'b553d865-8fe2-47de-9a30-10e1dea3bd1d', 'usr_189');
INSERT INTO trabalho.log_acesso VALUES ('log_189_0_2', 'b553d865-8fe2-47de-9a30-10e1dea3bd1d', 'usr_189');
INSERT INTO trabalho.log_acesso VALUES ('log_189_1_2', 'b553d865-8fe2-47de-9a30-10e1dea3bd1d', 'usr_189');
INSERT INTO trabalho.log_acesso VALUES ('log_189_2_2', 'b553d865-8fe2-47de-9a30-10e1dea3bd1d', 'usr_189');
INSERT INTO trabalho.log_acesso VALUES ('log_189_3_2', 'b553d865-8fe2-47de-9a30-10e1dea3bd1d', 'usr_189');
INSERT INTO trabalho.usuario VALUES ('usr_190', '190_Cau12@live.com', 'Cauã Carvalho', 'male', 27, trabalho.hashPassword('Password123'), 'Gabão');
INSERT INTO trabalho.usuario_esta_inscrito_no_podcast VALUES (2, 'f1b92ce7-47a7-43cd-8586-4a09185cdd05', 'usr_190');
INSERT INTO trabalho.comentarios_podcast_usuario VALUES ('comment_190_0_0', 'Quaerat consectetur enim necessitatibus debitis.', 'f1b92ce7-47a7-43cd-8586-4a09185cdd05', 'usr_190');
INSERT INTO trabalho.log_acesso VALUES ('log_190_0_0', 'f1b92ce7-47a7-43cd-8586-4a09185cdd05', 'usr_190');
INSERT INTO trabalho.log_acesso VALUES ('log_190_1_0', 'f1b92ce7-47a7-43cd-8586-4a09185cdd05', 'usr_190');
INSERT INTO trabalho.log_acesso VALUES ('log_190_2_0', 'f1b92ce7-47a7-43cd-8586-4a09185cdd05', 'usr_190');
INSERT INTO trabalho.log_acesso VALUES ('log_190_3_0', 'f1b92ce7-47a7-43cd-8586-4a09185cdd05', 'usr_190');
INSERT INTO trabalho.usuario_esta_inscrito_no_podcast VALUES (1, '67074e68-bc2f-442b-8af2-7d328b6af6eb', 'usr_190');
INSERT INTO trabalho.comentarios_podcast_usuario VALUES ('comment_190_0_1', 'Qui dolor aut qui.', '67074e68-bc2f-442b-8af2-7d328b6af6eb', 'usr_190');
INSERT INTO trabalho.comentarios_podcast_usuario VALUES ('comment_190_1_1', 'Earum cum mollitia omnis minima explicabo.', '67074e68-bc2f-442b-8af2-7d328b6af6eb', 'usr_190');
INSERT INTO trabalho.log_acesso VALUES ('log_190_0_1', '67074e68-bc2f-442b-8af2-7d328b6af6eb', 'usr_190');
INSERT INTO trabalho.log_acesso VALUES ('log_190_1_1', '67074e68-bc2f-442b-8af2-7d328b6af6eb', 'usr_190');
INSERT INTO trabalho.usuario_esta_inscrito_no_podcast VALUES (4, '168c1536-4c42-4b8f-8c77-f06affefec6a', 'usr_190');
INSERT INTO trabalho.comentarios_podcast_usuario VALUES ('comment_190_0_2', 'Id sit quibusdam facere modi deserunt est magnam est.', '168c1536-4c42-4b8f-8c77-f06affefec6a', 'usr_190');
INSERT INTO trabalho.comentarios_podcast_usuario VALUES ('comment_190_1_2', 'Et laudantium nulla nihil voluptatibus rem.', '168c1536-4c42-4b8f-8c77-f06affefec6a', 'usr_190');
INSERT INTO trabalho.comentarios_podcast_usuario VALUES ('comment_190_2_2', 'Iste magnam vero aliquid.', '168c1536-4c42-4b8f-8c77-f06affefec6a', 'usr_190');
INSERT INTO trabalho.log_acesso VALUES ('log_190_0_2', '168c1536-4c42-4b8f-8c77-f06affefec6a', 'usr_190');
INSERT INTO trabalho.log_acesso VALUES ('log_190_1_2', '168c1536-4c42-4b8f-8c77-f06affefec6a', 'usr_190');
INSERT INTO trabalho.log_acesso VALUES ('log_190_2_2', '168c1536-4c42-4b8f-8c77-f06affefec6a', 'usr_190');
INSERT INTO trabalho.log_acesso VALUES ('log_190_3_2', '168c1536-4c42-4b8f-8c77-f06affefec6a', 'usr_190');
INSERT INTO trabalho.log_acesso VALUES ('log_190_4_2', '168c1536-4c42-4b8f-8c77-f06affefec6a', 'usr_190');
INSERT INTO trabalho.log_acesso VALUES ('log_190_5_2', '168c1536-4c42-4b8f-8c77-f06affefec6a', 'usr_190');
INSERT INTO trabalho.usuario VALUES ('usr_191', '191_Eduardo_Batista@live.com', 'Eduardo Batista', 'male', 21, trabalho.hashPassword('Password123'), 'Islândia');
INSERT INTO trabalho.usuario_esta_inscrito_no_podcast VALUES (1, 'de2f0ddb-9903-436a-a5e2-54224254c818', 'usr_191');
INSERT INTO trabalho.comentarios_podcast_usuario VALUES ('comment_191_0_0', 'Quo exercitationem et deleniti aut pariatur non similique ipsam consequatur.', 'de2f0ddb-9903-436a-a5e2-54224254c818', 'usr_191');
INSERT INTO trabalho.comentarios_podcast_usuario VALUES ('comment_191_1_0', 'Incidunt dolor vel harum quos odio aut molestiae sit nemo.', 'de2f0ddb-9903-436a-a5e2-54224254c818', 'usr_191');
INSERT INTO trabalho.comentarios_podcast_usuario VALUES ('comment_191_2_0', 'Nulla doloribus placeat dolorum quaerat.', 'de2f0ddb-9903-436a-a5e2-54224254c818', 'usr_191');
INSERT INTO trabalho.comentarios_podcast_usuario VALUES ('comment_191_3_0', 'In laudantium voluptatem dolor autem saepe quisquam molestiae.', 'de2f0ddb-9903-436a-a5e2-54224254c818', 'usr_191');
INSERT INTO trabalho.log_acesso VALUES ('log_191_0_0', 'de2f0ddb-9903-436a-a5e2-54224254c818', 'usr_191');
INSERT INTO trabalho.log_acesso VALUES ('log_191_1_0', 'de2f0ddb-9903-436a-a5e2-54224254c818', 'usr_191');
INSERT INTO trabalho.log_acesso VALUES ('log_191_2_0', 'de2f0ddb-9903-436a-a5e2-54224254c818', 'usr_191');
INSERT INTO trabalho.log_acesso VALUES ('log_191_3_0', 'de2f0ddb-9903-436a-a5e2-54224254c818', 'usr_191');
INSERT INTO trabalho.usuario_esta_inscrito_no_podcast VALUES (0, '168c1536-4c42-4b8f-8c77-f06affefec6a', 'usr_191');
INSERT INTO trabalho.comentarios_podcast_usuario VALUES ('comment_191_0_1', 'Ipsam excepturi eaque reprehenderit laborum omnis et.', '168c1536-4c42-4b8f-8c77-f06affefec6a', 'usr_191');
INSERT INTO trabalho.comentarios_podcast_usuario VALUES ('comment_191_1_1', 'Occaecati ut quod repudiandae explicabo sit voluptatem.', '168c1536-4c42-4b8f-8c77-f06affefec6a', 'usr_191');
INSERT INTO trabalho.comentarios_podcast_usuario VALUES ('comment_191_2_1', 'Eos voluptate ipsam et.', '168c1536-4c42-4b8f-8c77-f06affefec6a', 'usr_191');
INSERT INTO trabalho.log_acesso VALUES ('log_191_0_1', '168c1536-4c42-4b8f-8c77-f06affefec6a', 'usr_191');
INSERT INTO trabalho.log_acesso VALUES ('log_191_1_1', '168c1536-4c42-4b8f-8c77-f06affefec6a', 'usr_191');
INSERT INTO trabalho.log_acesso VALUES ('log_191_2_1', '168c1536-4c42-4b8f-8c77-f06affefec6a', 'usr_191');
INSERT INTO trabalho.usuario_esta_inscrito_no_podcast VALUES (3, '67074e68-bc2f-442b-8af2-7d328b6af6eb', 'usr_191');
INSERT INTO trabalho.comentarios_podcast_usuario VALUES ('comment_191_0_2', 'Temporibus optio aut vel fugiat sint totam.', '67074e68-bc2f-442b-8af2-7d328b6af6eb', 'usr_191');
INSERT INTO trabalho.log_acesso VALUES ('log_191_0_2', '67074e68-bc2f-442b-8af2-7d328b6af6eb', 'usr_191');
INSERT INTO trabalho.log_acesso VALUES ('log_191_1_2', '67074e68-bc2f-442b-8af2-7d328b6af6eb', 'usr_191');
INSERT INTO trabalho.log_acesso VALUES ('log_191_2_2', '67074e68-bc2f-442b-8af2-7d328b6af6eb', 'usr_191');
INSERT INTO trabalho.log_acesso VALUES ('log_191_3_2', '67074e68-bc2f-442b-8af2-7d328b6af6eb', 'usr_191');
INSERT INTO trabalho.usuario VALUES ('usr_192', '192_Deneval90@gmail.com', 'Deneval Moraes', 'male', 55, trabalho.hashPassword('Password123'), 'Território da Palestina');
INSERT INTO trabalho.usuario_esta_inscrito_no_podcast VALUES (0, 'fa3abe16-3645-4d22-a01d-893e6f20c408', 'usr_192');
INSERT INTO trabalho.comentarios_podcast_usuario VALUES ('comment_192_0_0', 'Itaque repudiandae nemo omnis corrupti sit pariatur neque.', 'fa3abe16-3645-4d22-a01d-893e6f20c408', 'usr_192');
INSERT INTO trabalho.log_acesso VALUES ('log_192_0_0', 'fa3abe16-3645-4d22-a01d-893e6f20c408', 'usr_192');
INSERT INTO trabalho.log_acesso VALUES ('log_192_1_0', 'fa3abe16-3645-4d22-a01d-893e6f20c408', 'usr_192');
INSERT INTO trabalho.log_acesso VALUES ('log_192_2_0', 'fa3abe16-3645-4d22-a01d-893e6f20c408', 'usr_192');
INSERT INTO trabalho.log_acesso VALUES ('log_192_3_0', 'fa3abe16-3645-4d22-a01d-893e6f20c408', 'usr_192');
INSERT INTO trabalho.usuario_esta_inscrito_no_podcast VALUES (5, '67074e68-bc2f-442b-8af2-7d328b6af6eb', 'usr_192');
INSERT INTO trabalho.comentarios_podcast_usuario VALUES ('comment_192_0_1', 'Quidem enim neque pariatur eum laborum voluptas iure.', '67074e68-bc2f-442b-8af2-7d328b6af6eb', 'usr_192');
INSERT INTO trabalho.comentarios_podcast_usuario VALUES ('comment_192_1_1', 'Officia fugit corporis sint sapiente maxime ut iste est dolor.', '67074e68-bc2f-442b-8af2-7d328b6af6eb', 'usr_192');
INSERT INTO trabalho.comentarios_podcast_usuario VALUES ('comment_192_2_1', 'Rem temporibus ratione.', '67074e68-bc2f-442b-8af2-7d328b6af6eb', 'usr_192');
INSERT INTO trabalho.comentarios_podcast_usuario VALUES ('comment_192_3_1', 'Impedit nobis omnis nihil saepe adipisci corrupti.', '67074e68-bc2f-442b-8af2-7d328b6af6eb', 'usr_192');
INSERT INTO trabalho.log_acesso VALUES ('log_192_0_1', '67074e68-bc2f-442b-8af2-7d328b6af6eb', 'usr_192');
INSERT INTO trabalho.log_acesso VALUES ('log_192_1_1', '67074e68-bc2f-442b-8af2-7d328b6af6eb', 'usr_192');
INSERT INTO trabalho.log_acesso VALUES ('log_192_2_1', '67074e68-bc2f-442b-8af2-7d328b6af6eb', 'usr_192');
INSERT INTO trabalho.log_acesso VALUES ('log_192_3_1', '67074e68-bc2f-442b-8af2-7d328b6af6eb', 'usr_192');
INSERT INTO trabalho.usuario_esta_inscrito_no_podcast VALUES (1, 'b553d865-8fe2-47de-9a30-10e1dea3bd1d', 'usr_192');
INSERT INTO trabalho.comentarios_podcast_usuario VALUES ('comment_192_0_2', 'Quibusdam ea enim quasi.', 'b553d865-8fe2-47de-9a30-10e1dea3bd1d', 'usr_192');
INSERT INTO trabalho.log_acesso VALUES ('log_192_0_2', 'b553d865-8fe2-47de-9a30-10e1dea3bd1d', 'usr_192');
INSERT INTO trabalho.log_acesso VALUES ('log_192_1_2', 'b553d865-8fe2-47de-9a30-10e1dea3bd1d', 'usr_192');
INSERT INTO trabalho.log_acesso VALUES ('log_192_2_2', 'b553d865-8fe2-47de-9a30-10e1dea3bd1d', 'usr_192');
INSERT INTO trabalho.usuario VALUES ('usr_193', '193_Guilherme.Melo22@gmail.com', 'Guilherme Melo', 'male', 43, trabalho.hashPassword('Password123'), 'Bulgária');
INSERT INTO trabalho.usuario_esta_inscrito_no_podcast VALUES (5, '7e429e8e-7669-403d-bb78-3cd7f9f75afd', 'usr_193');
INSERT INTO trabalho.comentarios_podcast_usuario VALUES ('comment_193_0_0', 'Ex et non nulla architecto atque rerum perspiciatis voluptatem.', '7e429e8e-7669-403d-bb78-3cd7f9f75afd', 'usr_193');
INSERT INTO trabalho.comentarios_podcast_usuario VALUES ('comment_193_1_0', 'Quis suscipit harum.', '7e429e8e-7669-403d-bb78-3cd7f9f75afd', 'usr_193');
INSERT INTO trabalho.log_acesso VALUES ('log_193_0_0', '7e429e8e-7669-403d-bb78-3cd7f9f75afd', 'usr_193');
INSERT INTO trabalho.log_acesso VALUES ('log_193_1_0', '7e429e8e-7669-403d-bb78-3cd7f9f75afd', 'usr_193');
INSERT INTO trabalho.usuario_esta_inscrito_no_podcast VALUES (3, 'bc8dac25-793c-4a96-aafc-4ea7020f4f60', 'usr_193');
INSERT INTO trabalho.comentarios_podcast_usuario VALUES ('comment_193_0_1', 'Quia adipisci similique harum ipsam porro amet dicta debitis blanditiis.', 'bc8dac25-793c-4a96-aafc-4ea7020f4f60', 'usr_193');
INSERT INTO trabalho.log_acesso VALUES ('log_193_0_1', 'bc8dac25-793c-4a96-aafc-4ea7020f4f60', 'usr_193');
INSERT INTO trabalho.log_acesso VALUES ('log_193_1_1', 'bc8dac25-793c-4a96-aafc-4ea7020f4f60', 'usr_193');
INSERT INTO trabalho.usuario_esta_inscrito_no_podcast VALUES (5, '168c1536-4c42-4b8f-8c77-f06affefec6a', 'usr_193');
INSERT INTO trabalho.comentarios_podcast_usuario VALUES ('comment_193_0_2', 'Dolores qui ab aut minus recusandae odio velit quos.', '168c1536-4c42-4b8f-8c77-f06affefec6a', 'usr_193');
INSERT INTO trabalho.comentarios_podcast_usuario VALUES ('comment_193_1_2', 'Aut id earum quo amet.', '168c1536-4c42-4b8f-8c77-f06affefec6a', 'usr_193');
INSERT INTO trabalho.comentarios_podcast_usuario VALUES ('comment_193_2_2', 'Sint non ipsa qui laborum ab.', '168c1536-4c42-4b8f-8c77-f06affefec6a', 'usr_193');
INSERT INTO trabalho.comentarios_podcast_usuario VALUES ('comment_193_3_2', 'Deleniti asperiores totam quia facere rerum.', '168c1536-4c42-4b8f-8c77-f06affefec6a', 'usr_193');
INSERT INTO trabalho.comentarios_podcast_usuario VALUES ('comment_193_4_2', 'Illum aliquam omnis nemo cum voluptates odio.', '168c1536-4c42-4b8f-8c77-f06affefec6a', 'usr_193');
INSERT INTO trabalho.log_acesso VALUES ('log_193_0_2', '168c1536-4c42-4b8f-8c77-f06affefec6a', 'usr_193');
INSERT INTO trabalho.log_acesso VALUES ('log_193_1_2', '168c1536-4c42-4b8f-8c77-f06affefec6a', 'usr_193');
INSERT INTO trabalho.log_acesso VALUES ('log_193_2_2', '168c1536-4c42-4b8f-8c77-f06affefec6a', 'usr_193');
INSERT INTO trabalho.usuario VALUES ('usr_194', '194_Margarida.Macedo89@bol.com.br', 'Margarida Macedo', 'female', 41, trabalho.hashPassword('Password123'), 'Coreia do Norte');
INSERT INTO trabalho.usuario_esta_inscrito_no_podcast VALUES (0, 'f1b92ce7-47a7-43cd-8586-4a09185cdd05', 'usr_194');
INSERT INTO trabalho.comentarios_podcast_usuario VALUES ('comment_194_0_0', 'Molestiae sed nihil cum dolorem sequi.', 'f1b92ce7-47a7-43cd-8586-4a09185cdd05', 'usr_194');
INSERT INTO trabalho.comentarios_podcast_usuario VALUES ('comment_194_1_0', 'Mollitia voluptatem et harum unde eos.', 'f1b92ce7-47a7-43cd-8586-4a09185cdd05', 'usr_194');
INSERT INTO trabalho.comentarios_podcast_usuario VALUES ('comment_194_2_0', 'Voluptas in dignissimos.', 'f1b92ce7-47a7-43cd-8586-4a09185cdd05', 'usr_194');
INSERT INTO trabalho.log_acesso VALUES ('log_194_0_0', 'f1b92ce7-47a7-43cd-8586-4a09185cdd05', 'usr_194');
INSERT INTO trabalho.log_acesso VALUES ('log_194_1_0', 'f1b92ce7-47a7-43cd-8586-4a09185cdd05', 'usr_194');
INSERT INTO trabalho.usuario_esta_inscrito_no_podcast VALUES (3, 'af46a958-b921-47b6-9f87-5c4fdc68ea79', 'usr_194');
INSERT INTO trabalho.comentarios_podcast_usuario VALUES ('comment_194_0_1', 'Explicabo est autem qui ut inventore nemo illum ut placeat.', 'af46a958-b921-47b6-9f87-5c4fdc68ea79', 'usr_194');
INSERT INTO trabalho.comentarios_podcast_usuario VALUES ('comment_194_1_1', 'Odio quo accusantium.', 'af46a958-b921-47b6-9f87-5c4fdc68ea79', 'usr_194');
INSERT INTO trabalho.comentarios_podcast_usuario VALUES ('comment_194_2_1', 'Voluptas eos molestias.', 'af46a958-b921-47b6-9f87-5c4fdc68ea79', 'usr_194');
INSERT INTO trabalho.comentarios_podcast_usuario VALUES ('comment_194_3_1', 'Culpa inventore est rerum neque quisquam facilis veritatis tempore.', 'af46a958-b921-47b6-9f87-5c4fdc68ea79', 'usr_194');
INSERT INTO trabalho.comentarios_podcast_usuario VALUES ('comment_194_4_1', 'Eum itaque rem.', 'af46a958-b921-47b6-9f87-5c4fdc68ea79', 'usr_194');
INSERT INTO trabalho.comentarios_podcast_usuario VALUES ('comment_194_5_1', 'Aut qui porro in quo.', 'af46a958-b921-47b6-9f87-5c4fdc68ea79', 'usr_194');
INSERT INTO trabalho.log_acesso VALUES ('log_194_0_1', 'af46a958-b921-47b6-9f87-5c4fdc68ea79', 'usr_194');
INSERT INTO trabalho.log_acesso VALUES ('log_194_1_1', 'af46a958-b921-47b6-9f87-5c4fdc68ea79', 'usr_194');
INSERT INTO trabalho.usuario_esta_inscrito_no_podcast VALUES (0, 'f0166bd2-8e4d-4308-b5d7-0b3d627c5dc5', 'usr_194');
INSERT INTO trabalho.comentarios_podcast_usuario VALUES ('comment_194_0_2', 'Dolor molestiae veritatis adipisci amet error porro doloremque officia.', 'f0166bd2-8e4d-4308-b5d7-0b3d627c5dc5', 'usr_194');
INSERT INTO trabalho.comentarios_podcast_usuario VALUES ('comment_194_1_2', 'Reiciendis quisquam natus exercitationem ullam.', 'f0166bd2-8e4d-4308-b5d7-0b3d627c5dc5', 'usr_194');
INSERT INTO trabalho.comentarios_podcast_usuario VALUES ('comment_194_2_2', 'Quas et excepturi laudantium perferendis eum.', 'f0166bd2-8e4d-4308-b5d7-0b3d627c5dc5', 'usr_194');
INSERT INTO trabalho.comentarios_podcast_usuario VALUES ('comment_194_3_2', 'Est impedit qui placeat similique qui quis repellat officiis.', 'f0166bd2-8e4d-4308-b5d7-0b3d627c5dc5', 'usr_194');
INSERT INTO trabalho.comentarios_podcast_usuario VALUES ('comment_194_4_2', 'Sequi voluptatem nisi earum.', 'f0166bd2-8e4d-4308-b5d7-0b3d627c5dc5', 'usr_194');
INSERT INTO trabalho.log_acesso VALUES ('log_194_0_2', 'f0166bd2-8e4d-4308-b5d7-0b3d627c5dc5', 'usr_194');
INSERT INTO trabalho.log_acesso VALUES ('log_194_1_2', 'f0166bd2-8e4d-4308-b5d7-0b3d627c5dc5', 'usr_194');
INSERT INTO trabalho.log_acesso VALUES ('log_194_2_2', 'f0166bd2-8e4d-4308-b5d7-0b3d627c5dc5', 'usr_194');
INSERT INTO trabalho.log_acesso VALUES ('log_194_3_2', 'f0166bd2-8e4d-4308-b5d7-0b3d627c5dc5', 'usr_194');
INSERT INTO trabalho.usuario VALUES ('usr_195', '195_Ceclia_Franco6@hotmail.com', 'Cecília Franco', 'female', 15, trabalho.hashPassword('Password123'), 'Paraguai');
INSERT INTO trabalho.usuario_esta_inscrito_no_podcast VALUES (4, 'af46a958-b921-47b6-9f87-5c4fdc68ea79', 'usr_195');
INSERT INTO trabalho.comentarios_podcast_usuario VALUES ('comment_195_0_0', 'Est in placeat quia adipisci.', 'af46a958-b921-47b6-9f87-5c4fdc68ea79', 'usr_195');
INSERT INTO trabalho.comentarios_podcast_usuario VALUES ('comment_195_1_0', 'Id omnis aut nihil.', 'af46a958-b921-47b6-9f87-5c4fdc68ea79', 'usr_195');
INSERT INTO trabalho.comentarios_podcast_usuario VALUES ('comment_195_2_0', 'Sunt molestiae et.', 'af46a958-b921-47b6-9f87-5c4fdc68ea79', 'usr_195');
INSERT INTO trabalho.comentarios_podcast_usuario VALUES ('comment_195_3_0', 'Aut aliquam vel.', 'af46a958-b921-47b6-9f87-5c4fdc68ea79', 'usr_195');
INSERT INTO trabalho.log_acesso VALUES ('log_195_0_0', 'af46a958-b921-47b6-9f87-5c4fdc68ea79', 'usr_195');
INSERT INTO trabalho.log_acesso VALUES ('log_195_1_0', 'af46a958-b921-47b6-9f87-5c4fdc68ea79', 'usr_195');
INSERT INTO trabalho.log_acesso VALUES ('log_195_2_0', 'af46a958-b921-47b6-9f87-5c4fdc68ea79', 'usr_195');
INSERT INTO trabalho.usuario_esta_inscrito_no_podcast VALUES (5, '219328a1-cec6-4e8c-b003-52a3ec9766bb', 'usr_195');
INSERT INTO trabalho.comentarios_podcast_usuario VALUES ('comment_195_0_1', 'Iste rerum sapiente.', '219328a1-cec6-4e8c-b003-52a3ec9766bb', 'usr_195');
INSERT INTO trabalho.comentarios_podcast_usuario VALUES ('comment_195_1_1', 'Similique quia quia fugiat sed enim.', '219328a1-cec6-4e8c-b003-52a3ec9766bb', 'usr_195');
INSERT INTO trabalho.log_acesso VALUES ('log_195_0_1', '219328a1-cec6-4e8c-b003-52a3ec9766bb', 'usr_195');
INSERT INTO trabalho.log_acesso VALUES ('log_195_1_1', '219328a1-cec6-4e8c-b003-52a3ec9766bb', 'usr_195');
INSERT INTO trabalho.log_acesso VALUES ('log_195_2_1', '219328a1-cec6-4e8c-b003-52a3ec9766bb', 'usr_195');
INSERT INTO trabalho.log_acesso VALUES ('log_195_3_1', '219328a1-cec6-4e8c-b003-52a3ec9766bb', 'usr_195');
INSERT INTO trabalho.usuario_esta_inscrito_no_podcast VALUES (5, 'b553d865-8fe2-47de-9a30-10e1dea3bd1d', 'usr_195');
INSERT INTO trabalho.comentarios_podcast_usuario VALUES ('comment_195_0_2', 'Consectetur aperiam expedita recusandae aspernatur repellendus autem reprehenderit culpa.', 'b553d865-8fe2-47de-9a30-10e1dea3bd1d', 'usr_195');
INSERT INTO trabalho.comentarios_podcast_usuario VALUES ('comment_195_1_2', 'Aut explicabo earum tenetur dolore quaerat dignissimos consequatur unde.', 'b553d865-8fe2-47de-9a30-10e1dea3bd1d', 'usr_195');
INSERT INTO trabalho.log_acesso VALUES ('log_195_0_2', 'b553d865-8fe2-47de-9a30-10e1dea3bd1d', 'usr_195');
INSERT INTO trabalho.log_acesso VALUES ('log_195_1_2', 'b553d865-8fe2-47de-9a30-10e1dea3bd1d', 'usr_195');
INSERT INTO trabalho.log_acesso VALUES ('log_195_2_2', 'b553d865-8fe2-47de-9a30-10e1dea3bd1d', 'usr_195');
INSERT INTO trabalho.log_acesso VALUES ('log_195_3_2', 'b553d865-8fe2-47de-9a30-10e1dea3bd1d', 'usr_195');
INSERT INTO trabalho.usuario VALUES ('usr_196', '196_Arthur52@yahoo.com', 'Arthur Costa', 'male', 37, trabalho.hashPassword('Password123'), 'Mali');
INSERT INTO trabalho.usuario_esta_inscrito_no_podcast VALUES (0, '168c1536-4c42-4b8f-8c77-f06affefec6a', 'usr_196');
INSERT INTO trabalho.comentarios_podcast_usuario VALUES ('comment_196_0_0', 'Magnam ducimus tenetur voluptate pariatur aspernatur.', '168c1536-4c42-4b8f-8c77-f06affefec6a', 'usr_196');
INSERT INTO trabalho.log_acesso VALUES ('log_196_0_0', '168c1536-4c42-4b8f-8c77-f06affefec6a', 'usr_196');
INSERT INTO trabalho.log_acesso VALUES ('log_196_1_0', '168c1536-4c42-4b8f-8c77-f06affefec6a', 'usr_196');
INSERT INTO trabalho.log_acesso VALUES ('log_196_2_0', '168c1536-4c42-4b8f-8c77-f06affefec6a', 'usr_196');
INSERT INTO trabalho.log_acesso VALUES ('log_196_3_0', '168c1536-4c42-4b8f-8c77-f06affefec6a', 'usr_196');
INSERT INTO trabalho.log_acesso VALUES ('log_196_4_0', '168c1536-4c42-4b8f-8c77-f06affefec6a', 'usr_196');
INSERT INTO trabalho.usuario_esta_inscrito_no_podcast VALUES (0, 'fa3abe16-3645-4d22-a01d-893e6f20c408', 'usr_196');
INSERT INTO trabalho.comentarios_podcast_usuario VALUES ('comment_196_0_1', 'Perferendis corrupti corporis voluptatem consequatur voluptates in sunt.', 'fa3abe16-3645-4d22-a01d-893e6f20c408', 'usr_196');
INSERT INTO trabalho.log_acesso VALUES ('log_196_0_1', 'fa3abe16-3645-4d22-a01d-893e6f20c408', 'usr_196');
INSERT INTO trabalho.log_acesso VALUES ('log_196_1_1', 'fa3abe16-3645-4d22-a01d-893e6f20c408', 'usr_196');
INSERT INTO trabalho.log_acesso VALUES ('log_196_2_1', 'fa3abe16-3645-4d22-a01d-893e6f20c408', 'usr_196');
INSERT INTO trabalho.log_acesso VALUES ('log_196_3_1', 'fa3abe16-3645-4d22-a01d-893e6f20c408', 'usr_196');
INSERT INTO trabalho.log_acesso VALUES ('log_196_4_1', 'fa3abe16-3645-4d22-a01d-893e6f20c408', 'usr_196');
INSERT INTO trabalho.usuario_esta_inscrito_no_podcast VALUES (1, '7e429e8e-7669-403d-bb78-3cd7f9f75afd', 'usr_196');
INSERT INTO trabalho.comentarios_podcast_usuario VALUES ('comment_196_0_2', 'Quibusdam est quis nulla.', '7e429e8e-7669-403d-bb78-3cd7f9f75afd', 'usr_196');
INSERT INTO trabalho.comentarios_podcast_usuario VALUES ('comment_196_1_2', 'Nesciunt non tenetur molestias temporibus voluptatem.', '7e429e8e-7669-403d-bb78-3cd7f9f75afd', 'usr_196');
INSERT INTO trabalho.comentarios_podcast_usuario VALUES ('comment_196_2_2', 'Magni blanditiis eaque repudiandae laboriosam praesentium nulla et reiciendis delectus.', '7e429e8e-7669-403d-bb78-3cd7f9f75afd', 'usr_196');
INSERT INTO trabalho.log_acesso VALUES ('log_196_0_2', '7e429e8e-7669-403d-bb78-3cd7f9f75afd', 'usr_196');
INSERT INTO trabalho.log_acesso VALUES ('log_196_1_2', '7e429e8e-7669-403d-bb78-3cd7f9f75afd', 'usr_196');
INSERT INTO trabalho.log_acesso VALUES ('log_196_2_2', '7e429e8e-7669-403d-bb78-3cd7f9f75afd', 'usr_196');
INSERT INTO trabalho.log_acesso VALUES ('log_196_3_2', '7e429e8e-7669-403d-bb78-3cd7f9f75afd', 'usr_196');
INSERT INTO trabalho.log_acesso VALUES ('log_196_4_2', '7e429e8e-7669-403d-bb78-3cd7f9f75afd', 'usr_196');
INSERT INTO trabalho.log_acesso VALUES ('log_196_5_2', '7e429e8e-7669-403d-bb78-3cd7f9f75afd', 'usr_196');
INSERT INTO trabalho.usuario VALUES ('usr_197', '197_Csar57@live.com', 'César Martins', 'male', 55, trabalho.hashPassword('Password123'), 'Butão');
INSERT INTO trabalho.usuario_esta_inscrito_no_podcast VALUES (0, '168c1536-4c42-4b8f-8c77-f06affefec6a', 'usr_197');
INSERT INTO trabalho.comentarios_podcast_usuario VALUES ('comment_197_0_0', 'Dolorum autem quia consequatur.', '168c1536-4c42-4b8f-8c77-f06affefec6a', 'usr_197');
INSERT INTO trabalho.comentarios_podcast_usuario VALUES ('comment_197_1_0', 'Quo dolores ratione odio quod est aut.', '168c1536-4c42-4b8f-8c77-f06affefec6a', 'usr_197');
INSERT INTO trabalho.log_acesso VALUES ('log_197_0_0', '168c1536-4c42-4b8f-8c77-f06affefec6a', 'usr_197');
INSERT INTO trabalho.usuario_esta_inscrito_no_podcast VALUES (2, '67074e68-bc2f-442b-8af2-7d328b6af6eb', 'usr_197');
INSERT INTO trabalho.comentarios_podcast_usuario VALUES ('comment_197_0_1', 'Deleniti dolor repellendus ut numquam vero et harum.', '67074e68-bc2f-442b-8af2-7d328b6af6eb', 'usr_197');
INSERT INTO trabalho.comentarios_podcast_usuario VALUES ('comment_197_1_1', 'Et eum quis in.', '67074e68-bc2f-442b-8af2-7d328b6af6eb', 'usr_197');
INSERT INTO trabalho.log_acesso VALUES ('log_197_0_1', '67074e68-bc2f-442b-8af2-7d328b6af6eb', 'usr_197');
INSERT INTO trabalho.usuario_esta_inscrito_no_podcast VALUES (5, 'fa3abe16-3645-4d22-a01d-893e6f20c408', 'usr_197');
INSERT INTO trabalho.comentarios_podcast_usuario VALUES ('comment_197_0_2', 'Ut doloribus atque quod et et repellat autem incidunt qui.', 'fa3abe16-3645-4d22-a01d-893e6f20c408', 'usr_197');
INSERT INTO trabalho.comentarios_podcast_usuario VALUES ('comment_197_1_2', 'Sit voluptas nam.', 'fa3abe16-3645-4d22-a01d-893e6f20c408', 'usr_197');
INSERT INTO trabalho.comentarios_podcast_usuario VALUES ('comment_197_2_2', 'Aut cupiditate reiciendis omnis sit.', 'fa3abe16-3645-4d22-a01d-893e6f20c408', 'usr_197');
INSERT INTO trabalho.comentarios_podcast_usuario VALUES ('comment_197_3_2', 'Sed dolores consequatur non omnis.', 'fa3abe16-3645-4d22-a01d-893e6f20c408', 'usr_197');
INSERT INTO trabalho.log_acesso VALUES ('log_197_0_2', 'fa3abe16-3645-4d22-a01d-893e6f20c408', 'usr_197');
INSERT INTO trabalho.log_acesso VALUES ('log_197_1_2', 'fa3abe16-3645-4d22-a01d-893e6f20c408', 'usr_197');
INSERT INTO trabalho.log_acesso VALUES ('log_197_2_2', 'fa3abe16-3645-4d22-a01d-893e6f20c408', 'usr_197');
INSERT INTO trabalho.usuario VALUES ('usr_198', '198_Mrcia67@live.com', 'Márcia Souza', 'female', 8, trabalho.hashPassword('Password123'), 'Eslováquia');
INSERT INTO trabalho.usuario_esta_inscrito_no_podcast VALUES (4, 'f1b92ce7-47a7-43cd-8586-4a09185cdd05', 'usr_198');
INSERT INTO trabalho.comentarios_podcast_usuario VALUES ('comment_198_0_0', 'Eos dolores deserunt tempora veritatis maxime eum dolorum exercitationem iusto.', 'f1b92ce7-47a7-43cd-8586-4a09185cdd05', 'usr_198');
INSERT INTO trabalho.comentarios_podcast_usuario VALUES ('comment_198_1_0', 'Et qui dignissimos delectus ad autem quae.', 'f1b92ce7-47a7-43cd-8586-4a09185cdd05', 'usr_198');
INSERT INTO trabalho.comentarios_podcast_usuario VALUES ('comment_198_2_0', 'Tenetur eum ut ut aut aut minus molestiae dolores.', 'f1b92ce7-47a7-43cd-8586-4a09185cdd05', 'usr_198');
INSERT INTO trabalho.comentarios_podcast_usuario VALUES ('comment_198_3_0', 'Molestiae pariatur sit magni corporis aut reiciendis quia.', 'f1b92ce7-47a7-43cd-8586-4a09185cdd05', 'usr_198');
INSERT INTO trabalho.log_acesso VALUES ('log_198_0_0', 'f1b92ce7-47a7-43cd-8586-4a09185cdd05', 'usr_198');
INSERT INTO trabalho.log_acesso VALUES ('log_198_1_0', 'f1b92ce7-47a7-43cd-8586-4a09185cdd05', 'usr_198');
INSERT INTO trabalho.usuario_esta_inscrito_no_podcast VALUES (2, '5bdf7377-8330-4f9f-8efd-e95301c122ce', 'usr_198');
INSERT INTO trabalho.comentarios_podcast_usuario VALUES ('comment_198_0_1', 'Quia distinctio voluptas consectetur dolorem itaque.', '5bdf7377-8330-4f9f-8efd-e95301c122ce', 'usr_198');
INSERT INTO trabalho.comentarios_podcast_usuario VALUES ('comment_198_1_1', 'Natus nisi earum et et.', '5bdf7377-8330-4f9f-8efd-e95301c122ce', 'usr_198');
INSERT INTO trabalho.comentarios_podcast_usuario VALUES ('comment_198_2_1', 'Cumque voluptatem rerum ut voluptate voluptas exercitationem quasi eos.', '5bdf7377-8330-4f9f-8efd-e95301c122ce', 'usr_198');
INSERT INTO trabalho.log_acesso VALUES ('log_198_0_1', '5bdf7377-8330-4f9f-8efd-e95301c122ce', 'usr_198');
INSERT INTO trabalho.log_acesso VALUES ('log_198_1_1', '5bdf7377-8330-4f9f-8efd-e95301c122ce', 'usr_198');
INSERT INTO trabalho.log_acesso VALUES ('log_198_2_1', '5bdf7377-8330-4f9f-8efd-e95301c122ce', 'usr_198');
INSERT INTO trabalho.usuario_esta_inscrito_no_podcast VALUES (5, 'f8e13774-d631-4f34-93f0-2f5d55590265', 'usr_198');
INSERT INTO trabalho.comentarios_podcast_usuario VALUES ('comment_198_0_2', 'Pariatur aliquid reiciendis vel sint quam.', 'f8e13774-d631-4f34-93f0-2f5d55590265', 'usr_198');
INSERT INTO trabalho.comentarios_podcast_usuario VALUES ('comment_198_1_2', 'Repellat ipsam sint nobis vel eligendi nobis quasi enim sit.', 'f8e13774-d631-4f34-93f0-2f5d55590265', 'usr_198');
INSERT INTO trabalho.comentarios_podcast_usuario VALUES ('comment_198_2_2', 'Exercitationem maiores quia necessitatibus repellendus quis.', 'f8e13774-d631-4f34-93f0-2f5d55590265', 'usr_198');
INSERT INTO trabalho.comentarios_podcast_usuario VALUES ('comment_198_3_2', 'Vero illo sint asperiores quas.', 'f8e13774-d631-4f34-93f0-2f5d55590265', 'usr_198');
INSERT INTO trabalho.log_acesso VALUES ('log_198_0_2', 'f8e13774-d631-4f34-93f0-2f5d55590265', 'usr_198');
INSERT INTO trabalho.log_acesso VALUES ('log_198_1_2', 'f8e13774-d631-4f34-93f0-2f5d55590265', 'usr_198');
INSERT INTO trabalho.log_acesso VALUES ('log_198_2_2', 'f8e13774-d631-4f34-93f0-2f5d55590265', 'usr_198');
INSERT INTO trabalho.usuario VALUES ('usr_199', '199_Isabelly_Franco@hotmail.com', 'Isabelly Franco', 'female', 2, trabalho.hashPassword('Password123'), 'Sérvia');
INSERT INTO trabalho.usuario_esta_inscrito_no_podcast VALUES (2, 'b553d865-8fe2-47de-9a30-10e1dea3bd1d', 'usr_199');
INSERT INTO trabalho.comentarios_podcast_usuario VALUES ('comment_199_0_0', 'Libero et odio.', 'b553d865-8fe2-47de-9a30-10e1dea3bd1d', 'usr_199');
INSERT INTO trabalho.comentarios_podcast_usuario VALUES ('comment_199_1_0', 'Velit excepturi expedita modi saepe modi et architecto.', 'b553d865-8fe2-47de-9a30-10e1dea3bd1d', 'usr_199');
INSERT INTO trabalho.comentarios_podcast_usuario VALUES ('comment_199_2_0', 'Similique veritatis at eos ea omnis.', 'b553d865-8fe2-47de-9a30-10e1dea3bd1d', 'usr_199');
INSERT INTO trabalho.log_acesso VALUES ('log_199_0_0', 'b553d865-8fe2-47de-9a30-10e1dea3bd1d', 'usr_199');
INSERT INTO trabalho.log_acesso VALUES ('log_199_1_0', 'b553d865-8fe2-47de-9a30-10e1dea3bd1d', 'usr_199');
INSERT INTO trabalho.log_acesso VALUES ('log_199_2_0', 'b553d865-8fe2-47de-9a30-10e1dea3bd1d', 'usr_199');
INSERT INTO trabalho.log_acesso VALUES ('log_199_3_0', 'b553d865-8fe2-47de-9a30-10e1dea3bd1d', 'usr_199');
INSERT INTO trabalho.log_acesso VALUES ('log_199_4_0', 'b553d865-8fe2-47de-9a30-10e1dea3bd1d', 'usr_199');
INSERT INTO trabalho.log_acesso VALUES ('log_199_5_0', 'b553d865-8fe2-47de-9a30-10e1dea3bd1d', 'usr_199');
INSERT INTO trabalho.usuario_esta_inscrito_no_podcast VALUES (1, 'af46a958-b921-47b6-9f87-5c4fdc68ea79', 'usr_199');
INSERT INTO trabalho.comentarios_podcast_usuario VALUES ('comment_199_0_1', 'Consectetur harum itaque ex sunt laudantium cum harum veniam.', 'af46a958-b921-47b6-9f87-5c4fdc68ea79', 'usr_199');
INSERT INTO trabalho.comentarios_podcast_usuario VALUES ('comment_199_1_1', 'Esse quibusdam ratione magni maiores architecto tenetur doloremque possimus.', 'af46a958-b921-47b6-9f87-5c4fdc68ea79', 'usr_199');
INSERT INTO trabalho.comentarios_podcast_usuario VALUES ('comment_199_2_1', 'Et aut saepe cupiditate consequatur dolorem voluptas velit quisquam commodi.', 'af46a958-b921-47b6-9f87-5c4fdc68ea79', 'usr_199');
INSERT INTO trabalho.log_acesso VALUES ('log_199_0_1', 'af46a958-b921-47b6-9f87-5c4fdc68ea79', 'usr_199');
INSERT INTO trabalho.log_acesso VALUES ('log_199_1_1', 'af46a958-b921-47b6-9f87-5c4fdc68ea79', 'usr_199');
INSERT INTO trabalho.log_acesso VALUES ('log_199_2_1', 'af46a958-b921-47b6-9f87-5c4fdc68ea79', 'usr_199');
INSERT INTO trabalho.log_acesso VALUES ('log_199_3_1', 'af46a958-b921-47b6-9f87-5c4fdc68ea79', 'usr_199');
INSERT INTO trabalho.log_acesso VALUES ('log_199_4_1', 'af46a958-b921-47b6-9f87-5c4fdc68ea79', 'usr_199');
INSERT INTO trabalho.usuario_esta_inscrito_no_podcast VALUES (0, 'fa3abe16-3645-4d22-a01d-893e6f20c408', 'usr_199');
INSERT INTO trabalho.comentarios_podcast_usuario VALUES ('comment_199_0_2', 'Libero illum consequuntur rerum.', 'fa3abe16-3645-4d22-a01d-893e6f20c408', 'usr_199');
INSERT INTO trabalho.comentarios_podcast_usuario VALUES ('comment_199_1_2', 'Fugit voluptates id distinctio in laboriosam ipsam possimus.', 'fa3abe16-3645-4d22-a01d-893e6f20c408', 'usr_199');
INSERT INTO trabalho.log_acesso VALUES ('log_199_0_2', 'fa3abe16-3645-4d22-a01d-893e6f20c408', 'usr_199');
INSERT INTO trabalho.log_acesso VALUES ('log_199_1_2', 'fa3abe16-3645-4d22-a01d-893e6f20c408', 'usr_199');
INSERT INTO trabalho.log_acesso VALUES ('log_199_2_2', 'fa3abe16-3645-4d22-a01d-893e6f20c408', 'usr_199');
INSERT INTO trabalho.log_acesso VALUES ('log_199_3_2', 'fa3abe16-3645-4d22-a01d-893e6f20c408', 'usr_199');
INSERT INTO trabalho.usuario VALUES ('usr_200', '200_Alexandre.Santos@bol.com.br', 'Alexandre Santos', 'male', 56, trabalho.hashPassword('Password123'), 'República Tcheca');
INSERT INTO trabalho.usuario_esta_inscrito_no_podcast VALUES (3, '7e429e8e-7669-403d-bb78-3cd7f9f75afd', 'usr_200');
INSERT INTO trabalho.comentarios_podcast_usuario VALUES ('comment_200_0_0', 'Quia optio voluptates laboriosam neque illo odit.', '7e429e8e-7669-403d-bb78-3cd7f9f75afd', 'usr_200');
INSERT INTO trabalho.comentarios_podcast_usuario VALUES ('comment_200_1_0', 'Error id ratione incidunt qui omnis et totam.', '7e429e8e-7669-403d-bb78-3cd7f9f75afd', 'usr_200');
INSERT INTO trabalho.comentarios_podcast_usuario VALUES ('comment_200_2_0', 'Ex sunt voluptates voluptate culpa.', '7e429e8e-7669-403d-bb78-3cd7f9f75afd', 'usr_200');
INSERT INTO trabalho.comentarios_podcast_usuario VALUES ('comment_200_3_0', 'Eveniet optio nemo enim.', '7e429e8e-7669-403d-bb78-3cd7f9f75afd', 'usr_200');
INSERT INTO trabalho.log_acesso VALUES ('log_200_0_0', '7e429e8e-7669-403d-bb78-3cd7f9f75afd', 'usr_200');
INSERT INTO trabalho.log_acesso VALUES ('log_200_1_0', '7e429e8e-7669-403d-bb78-3cd7f9f75afd', 'usr_200');
INSERT INTO trabalho.log_acesso VALUES ('log_200_2_0', '7e429e8e-7669-403d-bb78-3cd7f9f75afd', 'usr_200');
INSERT INTO trabalho.usuario_esta_inscrito_no_podcast VALUES (2, 'f8e13774-d631-4f34-93f0-2f5d55590265', 'usr_200');
INSERT INTO trabalho.comentarios_podcast_usuario VALUES ('comment_200_0_1', 'Possimus quam ut est.', 'f8e13774-d631-4f34-93f0-2f5d55590265', 'usr_200');
INSERT INTO trabalho.comentarios_podcast_usuario VALUES ('comment_200_1_1', 'Quos ipsum sed.', 'f8e13774-d631-4f34-93f0-2f5d55590265', 'usr_200');
INSERT INTO trabalho.comentarios_podcast_usuario VALUES ('comment_200_2_1', 'Aspernatur sit repellendus.', 'f8e13774-d631-4f34-93f0-2f5d55590265', 'usr_200');
INSERT INTO trabalho.comentarios_podcast_usuario VALUES ('comment_200_3_1', 'Sit ab expedita necessitatibus aperiam neque.', 'f8e13774-d631-4f34-93f0-2f5d55590265', 'usr_200');
INSERT INTO trabalho.log_acesso VALUES ('log_200_0_1', 'f8e13774-d631-4f34-93f0-2f5d55590265', 'usr_200');
INSERT INTO trabalho.log_acesso VALUES ('log_200_1_1', 'f8e13774-d631-4f34-93f0-2f5d55590265', 'usr_200');
INSERT INTO trabalho.log_acesso VALUES ('log_200_2_1', 'f8e13774-d631-4f34-93f0-2f5d55590265', 'usr_200');
INSERT INTO trabalho.log_acesso VALUES ('log_200_3_1', 'f8e13774-d631-4f34-93f0-2f5d55590265', 'usr_200');
INSERT INTO trabalho.log_acesso VALUES ('log_200_4_1', 'f8e13774-d631-4f34-93f0-2f5d55590265', 'usr_200');
INSERT INTO trabalho.usuario_esta_inscrito_no_podcast VALUES (0, 'c58b280a-56d4-4ad8-8c85-730e4ea86361', 'usr_200');
INSERT INTO trabalho.comentarios_podcast_usuario VALUES ('comment_200_0_2', 'Facilis officiis vitae qui odit qui odit et aut fugiat.', 'c58b280a-56d4-4ad8-8c85-730e4ea86361', 'usr_200');
INSERT INTO trabalho.comentarios_podcast_usuario VALUES ('comment_200_1_2', 'Qui impedit architecto necessitatibus ea est optio officiis qui.', 'c58b280a-56d4-4ad8-8c85-730e4ea86361', 'usr_200');
INSERT INTO trabalho.comentarios_podcast_usuario VALUES ('comment_200_2_2', 'Corrupti illum sed excepturi numquam qui enim quo.', 'c58b280a-56d4-4ad8-8c85-730e4ea86361', 'usr_200');
INSERT INTO trabalho.log_acesso VALUES ('log_200_0_2', 'c58b280a-56d4-4ad8-8c85-730e4ea86361', 'usr_200');
INSERT INTO trabalho.log_acesso VALUES ('log_200_1_2', 'c58b280a-56d4-4ad8-8c85-730e4ea86361', 'usr_200');
INSERT INTO trabalho.usuario VALUES ('usr_201', '201_Felipe.Batista@hotmail.com', 'Felipe Batista', 'male', 13, trabalho.hashPassword('Password123'), 'Togo');
INSERT INTO trabalho.usuario_esta_inscrito_no_podcast VALUES (3, 'c58b280a-56d4-4ad8-8c85-730e4ea86361', 'usr_201');
INSERT INTO trabalho.comentarios_podcast_usuario VALUES ('comment_201_0_0', 'Omnis qui eveniet iure rerum quos.', 'c58b280a-56d4-4ad8-8c85-730e4ea86361', 'usr_201');
INSERT INTO trabalho.comentarios_podcast_usuario VALUES ('comment_201_1_0', 'Incidunt culpa in consequuntur voluptas alias sequi.', 'c58b280a-56d4-4ad8-8c85-730e4ea86361', 'usr_201');
INSERT INTO trabalho.log_acesso VALUES ('log_201_0_0', 'c58b280a-56d4-4ad8-8c85-730e4ea86361', 'usr_201');
INSERT INTO trabalho.log_acesso VALUES ('log_201_1_0', 'c58b280a-56d4-4ad8-8c85-730e4ea86361', 'usr_201');
INSERT INTO trabalho.usuario_esta_inscrito_no_podcast VALUES (2, 'af46a958-b921-47b6-9f87-5c4fdc68ea79', 'usr_201');
INSERT INTO trabalho.comentarios_podcast_usuario VALUES ('comment_201_0_1', 'Sint fugiat vel cum sit adipisci qui animi aut.', 'af46a958-b921-47b6-9f87-5c4fdc68ea79', 'usr_201');
INSERT INTO trabalho.comentarios_podcast_usuario VALUES ('comment_201_1_1', 'Soluta est voluptatem est explicabo alias.', 'af46a958-b921-47b6-9f87-5c4fdc68ea79', 'usr_201');
INSERT INTO trabalho.comentarios_podcast_usuario VALUES ('comment_201_2_1', 'Nam quia ipsum ipsam vitae quia iste.', 'af46a958-b921-47b6-9f87-5c4fdc68ea79', 'usr_201');
INSERT INTO trabalho.comentarios_podcast_usuario VALUES ('comment_201_3_1', 'Corporis numquam perferendis numquam voluptas voluptatem minus aperiam.', 'af46a958-b921-47b6-9f87-5c4fdc68ea79', 'usr_201');
INSERT INTO trabalho.comentarios_podcast_usuario VALUES ('comment_201_4_1', 'Nulla cum natus deserunt exercitationem molestiae.', 'af46a958-b921-47b6-9f87-5c4fdc68ea79', 'usr_201');
INSERT INTO trabalho.log_acesso VALUES ('log_201_0_1', 'af46a958-b921-47b6-9f87-5c4fdc68ea79', 'usr_201');
INSERT INTO trabalho.log_acesso VALUES ('log_201_1_1', 'af46a958-b921-47b6-9f87-5c4fdc68ea79', 'usr_201');
INSERT INTO trabalho.log_acesso VALUES ('log_201_2_1', 'af46a958-b921-47b6-9f87-5c4fdc68ea79', 'usr_201');
INSERT INTO trabalho.log_acesso VALUES ('log_201_3_1', 'af46a958-b921-47b6-9f87-5c4fdc68ea79', 'usr_201');
INSERT INTO trabalho.usuario_esta_inscrito_no_podcast VALUES (5, 'b553d865-8fe2-47de-9a30-10e1dea3bd1d', 'usr_201');
INSERT INTO trabalho.comentarios_podcast_usuario VALUES ('comment_201_0_2', 'Alias et qui a dolor voluptatem.', 'b553d865-8fe2-47de-9a30-10e1dea3bd1d', 'usr_201');
INSERT INTO trabalho.comentarios_podcast_usuario VALUES ('comment_201_1_2', 'Dolores rerum tempore omnis quis ut dolores saepe.', 'b553d865-8fe2-47de-9a30-10e1dea3bd1d', 'usr_201');
INSERT INTO trabalho.log_acesso VALUES ('log_201_0_2', 'b553d865-8fe2-47de-9a30-10e1dea3bd1d', 'usr_201');
INSERT INTO trabalho.usuario VALUES ('usr_202', '202_Bencio_Albuquerque56@bol.com.br', 'Benício Albuquerque', 'male', 7, trabalho.hashPassword('Password123'), 'Coreia do Sul');
INSERT INTO trabalho.usuario_esta_inscrito_no_podcast VALUES (3, 'de2f0ddb-9903-436a-a5e2-54224254c818', 'usr_202');
INSERT INTO trabalho.comentarios_podcast_usuario VALUES ('comment_202_0_0', 'Magni alias earum ea architecto.', 'de2f0ddb-9903-436a-a5e2-54224254c818', 'usr_202');
INSERT INTO trabalho.comentarios_podcast_usuario VALUES ('comment_202_1_0', 'Ratione praesentium voluptates aut.', 'de2f0ddb-9903-436a-a5e2-54224254c818', 'usr_202');
INSERT INTO trabalho.comentarios_podcast_usuario VALUES ('comment_202_2_0', 'Molestiae a laboriosam occaecati ut odit minus officia.', 'de2f0ddb-9903-436a-a5e2-54224254c818', 'usr_202');
INSERT INTO trabalho.comentarios_podcast_usuario VALUES ('comment_202_3_0', 'Quisquam delectus harum dolor.', 'de2f0ddb-9903-436a-a5e2-54224254c818', 'usr_202');
INSERT INTO trabalho.log_acesso VALUES ('log_202_0_0', 'de2f0ddb-9903-436a-a5e2-54224254c818', 'usr_202');
INSERT INTO trabalho.log_acesso VALUES ('log_202_1_0', 'de2f0ddb-9903-436a-a5e2-54224254c818', 'usr_202');
INSERT INTO trabalho.log_acesso VALUES ('log_202_2_0', 'de2f0ddb-9903-436a-a5e2-54224254c818', 'usr_202');
INSERT INTO trabalho.usuario_esta_inscrito_no_podcast VALUES (3, 'c58b280a-56d4-4ad8-8c85-730e4ea86361', 'usr_202');
INSERT INTO trabalho.comentarios_podcast_usuario VALUES ('comment_202_0_1', 'Iusto amet sunt ea qui et cupiditate enim occaecati iure.', 'c58b280a-56d4-4ad8-8c85-730e4ea86361', 'usr_202');
INSERT INTO trabalho.log_acesso VALUES ('log_202_0_1', 'c58b280a-56d4-4ad8-8c85-730e4ea86361', 'usr_202');
INSERT INTO trabalho.log_acesso VALUES ('log_202_1_1', 'c58b280a-56d4-4ad8-8c85-730e4ea86361', 'usr_202');
INSERT INTO trabalho.usuario_esta_inscrito_no_podcast VALUES (3, '67074e68-bc2f-442b-8af2-7d328b6af6eb', 'usr_202');
INSERT INTO trabalho.comentarios_podcast_usuario VALUES ('comment_202_0_2', 'Ea velit est fugit minus porro odio.', '67074e68-bc2f-442b-8af2-7d328b6af6eb', 'usr_202');
INSERT INTO trabalho.comentarios_podcast_usuario VALUES ('comment_202_1_2', 'Aut beatae eveniet cumque ab deleniti qui et vel consequatur.', '67074e68-bc2f-442b-8af2-7d328b6af6eb', 'usr_202');
INSERT INTO trabalho.log_acesso VALUES ('log_202_0_2', '67074e68-bc2f-442b-8af2-7d328b6af6eb', 'usr_202');
INSERT INTO trabalho.log_acesso VALUES ('log_202_1_2', '67074e68-bc2f-442b-8af2-7d328b6af6eb', 'usr_202');
INSERT INTO trabalho.log_acesso VALUES ('log_202_2_2', '67074e68-bc2f-442b-8af2-7d328b6af6eb', 'usr_202');
INSERT INTO trabalho.usuario VALUES ('usr_203', '203_Giovanna50@bol.com.br', 'Giovanna Saraiva', 'female', 10, trabalho.hashPassword('Password123'), 'Honduras');
INSERT INTO trabalho.usuario_esta_inscrito_no_podcast VALUES (2, '7e429e8e-7669-403d-bb78-3cd7f9f75afd', 'usr_203');
INSERT INTO trabalho.comentarios_podcast_usuario VALUES ('comment_203_0_0', 'Aliquid sint omnis ea quasi ratione accusantium quis illo.', '7e429e8e-7669-403d-bb78-3cd7f9f75afd', 'usr_203');
INSERT INTO trabalho.comentarios_podcast_usuario VALUES ('comment_203_1_0', 'Beatae ut eum eos nemo.', '7e429e8e-7669-403d-bb78-3cd7f9f75afd', 'usr_203');
INSERT INTO trabalho.comentarios_podcast_usuario VALUES ('comment_203_2_0', 'Non qui eaque fugiat earum dolorem consequuntur ut suscipit ratione.', '7e429e8e-7669-403d-bb78-3cd7f9f75afd', 'usr_203');
INSERT INTO trabalho.log_acesso VALUES ('log_203_0_0', '7e429e8e-7669-403d-bb78-3cd7f9f75afd', 'usr_203');
INSERT INTO trabalho.log_acesso VALUES ('log_203_1_0', '7e429e8e-7669-403d-bb78-3cd7f9f75afd', 'usr_203');
INSERT INTO trabalho.usuario_esta_inscrito_no_podcast VALUES (1, 'f1b92ce7-47a7-43cd-8586-4a09185cdd05', 'usr_203');
INSERT INTO trabalho.comentarios_podcast_usuario VALUES ('comment_203_0_1', 'Omnis earum incidunt deserunt quas ullam.', 'f1b92ce7-47a7-43cd-8586-4a09185cdd05', 'usr_203');
INSERT INTO trabalho.log_acesso VALUES ('log_203_0_1', 'f1b92ce7-47a7-43cd-8586-4a09185cdd05', 'usr_203');
INSERT INTO trabalho.log_acesso VALUES ('log_203_1_1', 'f1b92ce7-47a7-43cd-8586-4a09185cdd05', 'usr_203');
INSERT INTO trabalho.log_acesso VALUES ('log_203_2_1', 'f1b92ce7-47a7-43cd-8586-4a09185cdd05', 'usr_203');
INSERT INTO trabalho.log_acesso VALUES ('log_203_3_1', 'f1b92ce7-47a7-43cd-8586-4a09185cdd05', 'usr_203');
INSERT INTO trabalho.log_acesso VALUES ('log_203_4_1', 'f1b92ce7-47a7-43cd-8586-4a09185cdd05', 'usr_203');
INSERT INTO trabalho.log_acesso VALUES ('log_203_5_1', 'f1b92ce7-47a7-43cd-8586-4a09185cdd05', 'usr_203');
INSERT INTO trabalho.usuario_esta_inscrito_no_podcast VALUES (1, '219328a1-cec6-4e8c-b003-52a3ec9766bb', 'usr_203');
INSERT INTO trabalho.comentarios_podcast_usuario VALUES ('comment_203_0_2', 'Perferendis nemo magnam deleniti nemo aperiam culpa molestiae dolores illum.', '219328a1-cec6-4e8c-b003-52a3ec9766bb', 'usr_203');
INSERT INTO trabalho.comentarios_podcast_usuario VALUES ('comment_203_1_2', 'Sit sit atque tenetur ea adipisci cumque et nihil.', '219328a1-cec6-4e8c-b003-52a3ec9766bb', 'usr_203');
INSERT INTO trabalho.comentarios_podcast_usuario VALUES ('comment_203_2_2', 'Non eum aut perferendis rerum eum pariatur aut.', '219328a1-cec6-4e8c-b003-52a3ec9766bb', 'usr_203');
INSERT INTO trabalho.comentarios_podcast_usuario VALUES ('comment_203_3_2', 'Harum quaerat ea eum sunt.', '219328a1-cec6-4e8c-b003-52a3ec9766bb', 'usr_203');
INSERT INTO trabalho.comentarios_podcast_usuario VALUES ('comment_203_4_2', 'Consequatur in enim sint.', '219328a1-cec6-4e8c-b003-52a3ec9766bb', 'usr_203');
INSERT INTO trabalho.log_acesso VALUES ('log_203_0_2', '219328a1-cec6-4e8c-b003-52a3ec9766bb', 'usr_203');
INSERT INTO trabalho.log_acesso VALUES ('log_203_1_2', '219328a1-cec6-4e8c-b003-52a3ec9766bb', 'usr_203');
INSERT INTO trabalho.usuario VALUES ('usr_204', '204_Liz.Xavier@hotmail.com', 'Liz Xavier', 'female', 56, trabalho.hashPassword('Password123'), 'Tunísia');
INSERT INTO trabalho.usuario_esta_inscrito_no_podcast VALUES (3, 'bc8dac25-793c-4a96-aafc-4ea7020f4f60', 'usr_204');
INSERT INTO trabalho.comentarios_podcast_usuario VALUES ('comment_204_0_0', 'Sint laborum odit dolore est sapiente sed autem fuga.', 'bc8dac25-793c-4a96-aafc-4ea7020f4f60', 'usr_204');
INSERT INTO trabalho.comentarios_podcast_usuario VALUES ('comment_204_1_0', 'Qui et excepturi deserunt id tempore nostrum atque.', 'bc8dac25-793c-4a96-aafc-4ea7020f4f60', 'usr_204');
INSERT INTO trabalho.comentarios_podcast_usuario VALUES ('comment_204_2_0', 'Modi et nihil incidunt quod voluptatem esse voluptatem dolor.', 'bc8dac25-793c-4a96-aafc-4ea7020f4f60', 'usr_204');
INSERT INTO trabalho.log_acesso VALUES ('log_204_0_0', 'bc8dac25-793c-4a96-aafc-4ea7020f4f60', 'usr_204');
INSERT INTO trabalho.log_acesso VALUES ('log_204_1_0', 'bc8dac25-793c-4a96-aafc-4ea7020f4f60', 'usr_204');
INSERT INTO trabalho.log_acesso VALUES ('log_204_2_0', 'bc8dac25-793c-4a96-aafc-4ea7020f4f60', 'usr_204');
INSERT INTO trabalho.log_acesso VALUES ('log_204_3_0', 'bc8dac25-793c-4a96-aafc-4ea7020f4f60', 'usr_204');
INSERT INTO trabalho.log_acesso VALUES ('log_204_4_0', 'bc8dac25-793c-4a96-aafc-4ea7020f4f60', 'usr_204');
INSERT INTO trabalho.usuario_esta_inscrito_no_podcast VALUES (3, '5bdf7377-8330-4f9f-8efd-e95301c122ce', 'usr_204');
INSERT INTO trabalho.comentarios_podcast_usuario VALUES ('comment_204_0_1', 'Vel deleniti enim est est in aut cumque.', '5bdf7377-8330-4f9f-8efd-e95301c122ce', 'usr_204');
INSERT INTO trabalho.comentarios_podcast_usuario VALUES ('comment_204_1_1', 'Qui quod aut qui.', '5bdf7377-8330-4f9f-8efd-e95301c122ce', 'usr_204');
INSERT INTO trabalho.comentarios_podcast_usuario VALUES ('comment_204_2_1', 'Rem optio voluptas sed.', '5bdf7377-8330-4f9f-8efd-e95301c122ce', 'usr_204');
INSERT INTO trabalho.comentarios_podcast_usuario VALUES ('comment_204_3_1', 'Molestiae quia ea libero ad perspiciatis ratione.', '5bdf7377-8330-4f9f-8efd-e95301c122ce', 'usr_204');
INSERT INTO trabalho.log_acesso VALUES ('log_204_0_1', '5bdf7377-8330-4f9f-8efd-e95301c122ce', 'usr_204');
INSERT INTO trabalho.log_acesso VALUES ('log_204_1_1', '5bdf7377-8330-4f9f-8efd-e95301c122ce', 'usr_204');
INSERT INTO trabalho.log_acesso VALUES ('log_204_2_1', '5bdf7377-8330-4f9f-8efd-e95301c122ce', 'usr_204');
INSERT INTO trabalho.usuario_esta_inscrito_no_podcast VALUES (1, 'b553d865-8fe2-47de-9a30-10e1dea3bd1d', 'usr_204');
INSERT INTO trabalho.comentarios_podcast_usuario VALUES ('comment_204_0_2', 'Enim praesentium et reiciendis.', 'b553d865-8fe2-47de-9a30-10e1dea3bd1d', 'usr_204');
INSERT INTO trabalho.comentarios_podcast_usuario VALUES ('comment_204_1_2', 'Asperiores et voluptas molestiae.', 'b553d865-8fe2-47de-9a30-10e1dea3bd1d', 'usr_204');
INSERT INTO trabalho.log_acesso VALUES ('log_204_0_2', 'b553d865-8fe2-47de-9a30-10e1dea3bd1d', 'usr_204');
INSERT INTO trabalho.log_acesso VALUES ('log_204_1_2', 'b553d865-8fe2-47de-9a30-10e1dea3bd1d', 'usr_204');
INSERT INTO trabalho.log_acesso VALUES ('log_204_2_2', 'b553d865-8fe2-47de-9a30-10e1dea3bd1d', 'usr_204');
INSERT INTO trabalho.log_acesso VALUES ('log_204_3_2', 'b553d865-8fe2-47de-9a30-10e1dea3bd1d', 'usr_204');
INSERT INTO trabalho.log_acesso VALUES ('log_204_4_2', 'b553d865-8fe2-47de-9a30-10e1dea3bd1d', 'usr_204');
INSERT INTO trabalho.log_acesso VALUES ('log_204_5_2', 'b553d865-8fe2-47de-9a30-10e1dea3bd1d', 'usr_204');
INSERT INTO trabalho.usuario VALUES ('usr_205', '205_Emanuel6@live.com', 'Emanuel Carvalho', 'male', 7, trabalho.hashPassword('Password123'), 'Malawi');
INSERT INTO trabalho.usuario_esta_inscrito_no_podcast VALUES (2, 'bc8dac25-793c-4a96-aafc-4ea7020f4f60', 'usr_205');
INSERT INTO trabalho.comentarios_podcast_usuario VALUES ('comment_205_0_0', 'Quod quia porro officia qui voluptate rerum illo autem.', 'bc8dac25-793c-4a96-aafc-4ea7020f4f60', 'usr_205');
INSERT INTO trabalho.comentarios_podcast_usuario VALUES ('comment_205_1_0', 'Tempore neque praesentium.', 'bc8dac25-793c-4a96-aafc-4ea7020f4f60', 'usr_205');
INSERT INTO trabalho.log_acesso VALUES ('log_205_0_0', 'bc8dac25-793c-4a96-aafc-4ea7020f4f60', 'usr_205');
INSERT INTO trabalho.log_acesso VALUES ('log_205_1_0', 'bc8dac25-793c-4a96-aafc-4ea7020f4f60', 'usr_205');
INSERT INTO trabalho.log_acesso VALUES ('log_205_2_0', 'bc8dac25-793c-4a96-aafc-4ea7020f4f60', 'usr_205');
INSERT INTO trabalho.log_acesso VALUES ('log_205_3_0', 'bc8dac25-793c-4a96-aafc-4ea7020f4f60', 'usr_205');
INSERT INTO trabalho.usuario_esta_inscrito_no_podcast VALUES (5, 'fa3abe16-3645-4d22-a01d-893e6f20c408', 'usr_205');
INSERT INTO trabalho.comentarios_podcast_usuario VALUES ('comment_205_0_1', 'Minima qui vel ipsa rerum.', 'fa3abe16-3645-4d22-a01d-893e6f20c408', 'usr_205');
INSERT INTO trabalho.comentarios_podcast_usuario VALUES ('comment_205_1_1', 'Enim quis delectus perferendis ut ab aut provident labore.', 'fa3abe16-3645-4d22-a01d-893e6f20c408', 'usr_205');
INSERT INTO trabalho.comentarios_podcast_usuario VALUES ('comment_205_2_1', 'Sunt ex doloribus sit suscipit voluptatem temporibus at enim.', 'fa3abe16-3645-4d22-a01d-893e6f20c408', 'usr_205');
INSERT INTO trabalho.log_acesso VALUES ('log_205_0_1', 'fa3abe16-3645-4d22-a01d-893e6f20c408', 'usr_205');
INSERT INTO trabalho.log_acesso VALUES ('log_205_1_1', 'fa3abe16-3645-4d22-a01d-893e6f20c408', 'usr_205');
INSERT INTO trabalho.log_acesso VALUES ('log_205_2_1', 'fa3abe16-3645-4d22-a01d-893e6f20c408', 'usr_205');
INSERT INTO trabalho.log_acesso VALUES ('log_205_3_1', 'fa3abe16-3645-4d22-a01d-893e6f20c408', 'usr_205');
INSERT INTO trabalho.log_acesso VALUES ('log_205_4_1', 'fa3abe16-3645-4d22-a01d-893e6f20c408', 'usr_205');
INSERT INTO trabalho.usuario_esta_inscrito_no_podcast VALUES (4, 'c58b280a-56d4-4ad8-8c85-730e4ea86361', 'usr_205');
INSERT INTO trabalho.comentarios_podcast_usuario VALUES ('comment_205_0_2', 'In enim sint et officia.', 'c58b280a-56d4-4ad8-8c85-730e4ea86361', 'usr_205');
INSERT INTO trabalho.comentarios_podcast_usuario VALUES ('comment_205_1_2', 'Dolorem modi ipsam vero.', 'c58b280a-56d4-4ad8-8c85-730e4ea86361', 'usr_205');
INSERT INTO trabalho.comentarios_podcast_usuario VALUES ('comment_205_2_2', 'Corporis ipsa animi eveniet odio.', 'c58b280a-56d4-4ad8-8c85-730e4ea86361', 'usr_205');
INSERT INTO trabalho.comentarios_podcast_usuario VALUES ('comment_205_3_2', 'A tenetur assumenda consequatur.', 'c58b280a-56d4-4ad8-8c85-730e4ea86361', 'usr_205');
INSERT INTO trabalho.comentarios_podcast_usuario VALUES ('comment_205_4_2', 'Debitis dolore impedit dignissimos doloremque modi et eum reiciendis.', 'c58b280a-56d4-4ad8-8c85-730e4ea86361', 'usr_205');
INSERT INTO trabalho.log_acesso VALUES ('log_205_0_2', 'c58b280a-56d4-4ad8-8c85-730e4ea86361', 'usr_205');
INSERT INTO trabalho.log_acesso VALUES ('log_205_1_2', 'c58b280a-56d4-4ad8-8c85-730e4ea86361', 'usr_205');
INSERT INTO trabalho.log_acesso VALUES ('log_205_2_2', 'c58b280a-56d4-4ad8-8c85-730e4ea86361', 'usr_205');
INSERT INTO trabalho.log_acesso VALUES ('log_205_3_2', 'c58b280a-56d4-4ad8-8c85-730e4ea86361', 'usr_205');
INSERT INTO trabalho.log_acesso VALUES ('log_205_4_2', 'c58b280a-56d4-4ad8-8c85-730e4ea86361', 'usr_205');
INSERT INTO trabalho.usuario VALUES ('usr_206', '206_Henrique_Martins33@yahoo.com', 'Henrique Martins', 'male', 10, trabalho.hashPassword('Password123'), 'Rússia');
INSERT INTO trabalho.usuario_esta_inscrito_no_podcast VALUES (2, '67074e68-bc2f-442b-8af2-7d328b6af6eb', 'usr_206');
INSERT INTO trabalho.comentarios_podcast_usuario VALUES ('comment_206_0_0', 'Aut et quae velit odio natus voluptatem sunt odio.', '67074e68-bc2f-442b-8af2-7d328b6af6eb', 'usr_206');
INSERT INTO trabalho.comentarios_podcast_usuario VALUES ('comment_206_1_0', 'Illo eveniet magni ipsa saepe commodi vitae aperiam doloremque.', '67074e68-bc2f-442b-8af2-7d328b6af6eb', 'usr_206');
INSERT INTO trabalho.comentarios_podcast_usuario VALUES ('comment_206_2_0', 'Consequuntur et ea sit iusto nemo eligendi tempora libero sit.', '67074e68-bc2f-442b-8af2-7d328b6af6eb', 'usr_206');
INSERT INTO trabalho.comentarios_podcast_usuario VALUES ('comment_206_3_0', 'Dolore tenetur qui vel.', '67074e68-bc2f-442b-8af2-7d328b6af6eb', 'usr_206');
INSERT INTO trabalho.log_acesso VALUES ('log_206_0_0', '67074e68-bc2f-442b-8af2-7d328b6af6eb', 'usr_206');
INSERT INTO trabalho.log_acesso VALUES ('log_206_1_0', '67074e68-bc2f-442b-8af2-7d328b6af6eb', 'usr_206');
INSERT INTO trabalho.log_acesso VALUES ('log_206_2_0', '67074e68-bc2f-442b-8af2-7d328b6af6eb', 'usr_206');
INSERT INTO trabalho.usuario_esta_inscrito_no_podcast VALUES (0, 'f8e13774-d631-4f34-93f0-2f5d55590265', 'usr_206');
INSERT INTO trabalho.comentarios_podcast_usuario VALUES ('comment_206_0_1', 'Est vel explicabo et corrupti.', 'f8e13774-d631-4f34-93f0-2f5d55590265', 'usr_206');
INSERT INTO trabalho.log_acesso VALUES ('log_206_0_1', 'f8e13774-d631-4f34-93f0-2f5d55590265', 'usr_206');
INSERT INTO trabalho.log_acesso VALUES ('log_206_1_1', 'f8e13774-d631-4f34-93f0-2f5d55590265', 'usr_206');
INSERT INTO trabalho.log_acesso VALUES ('log_206_2_1', 'f8e13774-d631-4f34-93f0-2f5d55590265', 'usr_206');
INSERT INTO trabalho.log_acesso VALUES ('log_206_3_1', 'f8e13774-d631-4f34-93f0-2f5d55590265', 'usr_206');
INSERT INTO trabalho.usuario_esta_inscrito_no_podcast VALUES (0, '168c1536-4c42-4b8f-8c77-f06affefec6a', 'usr_206');
INSERT INTO trabalho.comentarios_podcast_usuario VALUES ('comment_206_0_2', 'Assumenda nemo odit reprehenderit velit molestiae quos.', '168c1536-4c42-4b8f-8c77-f06affefec6a', 'usr_206');
INSERT INTO trabalho.comentarios_podcast_usuario VALUES ('comment_206_1_2', 'Consequatur eos temporibus quo.', '168c1536-4c42-4b8f-8c77-f06affefec6a', 'usr_206');
INSERT INTO trabalho.comentarios_podcast_usuario VALUES ('comment_206_2_2', 'Blanditiis consequatur quia eius numquam et ducimus quo porro.', '168c1536-4c42-4b8f-8c77-f06affefec6a', 'usr_206');
INSERT INTO trabalho.comentarios_podcast_usuario VALUES ('comment_206_3_2', 'Necessitatibus et veniam ut accusantium earum atque et.', '168c1536-4c42-4b8f-8c77-f06affefec6a', 'usr_206');
INSERT INTO trabalho.comentarios_podcast_usuario VALUES ('comment_206_4_2', 'Rerum pariatur alias accusamus magni ea ipsam sed quod.', '168c1536-4c42-4b8f-8c77-f06affefec6a', 'usr_206');
INSERT INTO trabalho.comentarios_podcast_usuario VALUES ('comment_206_5_2', 'Corrupti assumenda quaerat sit et amet.', '168c1536-4c42-4b8f-8c77-f06affefec6a', 'usr_206');
INSERT INTO trabalho.log_acesso VALUES ('log_206_0_2', '168c1536-4c42-4b8f-8c77-f06affefec6a', 'usr_206');
INSERT INTO trabalho.log_acesso VALUES ('log_206_1_2', '168c1536-4c42-4b8f-8c77-f06affefec6a', 'usr_206');
INSERT INTO trabalho.log_acesso VALUES ('log_206_2_2', '168c1536-4c42-4b8f-8c77-f06affefec6a', 'usr_206');
INSERT INTO trabalho.log_acesso VALUES ('log_206_3_2', '168c1536-4c42-4b8f-8c77-f06affefec6a', 'usr_206');
INSERT INTO trabalho.log_acesso VALUES ('log_206_4_2', '168c1536-4c42-4b8f-8c77-f06affefec6a', 'usr_206');
INSERT INTO trabalho.log_acesso VALUES ('log_206_5_2', '168c1536-4c42-4b8f-8c77-f06affefec6a', 'usr_206');
INSERT INTO trabalho.usuario VALUES ('usr_207', '207_Yasmin.Martins@bol.com.br', 'Yasmin Martins', 'female', 53, trabalho.hashPassword('Password123'), 'República Dominicana');
INSERT INTO trabalho.usuario_esta_inscrito_no_podcast VALUES (1, '168c1536-4c42-4b8f-8c77-f06affefec6a', 'usr_207');
INSERT INTO trabalho.comentarios_podcast_usuario VALUES ('comment_207_0_0', 'Autem non rem molestiae.', '168c1536-4c42-4b8f-8c77-f06affefec6a', 'usr_207');
INSERT INTO trabalho.comentarios_podcast_usuario VALUES ('comment_207_1_0', 'Consequatur velit et quasi commodi officiis.', '168c1536-4c42-4b8f-8c77-f06affefec6a', 'usr_207');
INSERT INTO trabalho.comentarios_podcast_usuario VALUES ('comment_207_2_0', 'Iste aut quos facere dolores quia quos beatae.', '168c1536-4c42-4b8f-8c77-f06affefec6a', 'usr_207');
INSERT INTO trabalho.log_acesso VALUES ('log_207_0_0', '168c1536-4c42-4b8f-8c77-f06affefec6a', 'usr_207');
INSERT INTO trabalho.log_acesso VALUES ('log_207_1_0', '168c1536-4c42-4b8f-8c77-f06affefec6a', 'usr_207');
INSERT INTO trabalho.log_acesso VALUES ('log_207_2_0', '168c1536-4c42-4b8f-8c77-f06affefec6a', 'usr_207');
INSERT INTO trabalho.log_acesso VALUES ('log_207_3_0', '168c1536-4c42-4b8f-8c77-f06affefec6a', 'usr_207');
INSERT INTO trabalho.usuario_esta_inscrito_no_podcast VALUES (2, 'de2f0ddb-9903-436a-a5e2-54224254c818', 'usr_207');
INSERT INTO trabalho.comentarios_podcast_usuario VALUES ('comment_207_0_1', 'Omnis aut porro ea mollitia quia at debitis error nulla.', 'de2f0ddb-9903-436a-a5e2-54224254c818', 'usr_207');
INSERT INTO trabalho.comentarios_podcast_usuario VALUES ('comment_207_1_1', 'Et doloribus architecto possimus necessitatibus asperiores.', 'de2f0ddb-9903-436a-a5e2-54224254c818', 'usr_207');
INSERT INTO trabalho.log_acesso VALUES ('log_207_0_1', 'de2f0ddb-9903-436a-a5e2-54224254c818', 'usr_207');
INSERT INTO trabalho.log_acesso VALUES ('log_207_1_1', 'de2f0ddb-9903-436a-a5e2-54224254c818', 'usr_207');
INSERT INTO trabalho.log_acesso VALUES ('log_207_2_1', 'de2f0ddb-9903-436a-a5e2-54224254c818', 'usr_207');
INSERT INTO trabalho.usuario_esta_inscrito_no_podcast VALUES (2, 'f1b92ce7-47a7-43cd-8586-4a09185cdd05', 'usr_207');
INSERT INTO trabalho.comentarios_podcast_usuario VALUES ('comment_207_0_2', 'Enim consequatur eveniet.', 'f1b92ce7-47a7-43cd-8586-4a09185cdd05', 'usr_207');
INSERT INTO trabalho.comentarios_podcast_usuario VALUES ('comment_207_1_2', 'Ut molestiae non error debitis dolore dolor nisi delectus necessitatibus.', 'f1b92ce7-47a7-43cd-8586-4a09185cdd05', 'usr_207');
INSERT INTO trabalho.comentarios_podcast_usuario VALUES ('comment_207_2_2', 'Aperiam laboriosam officiis repellendus ipsum eum illo.', 'f1b92ce7-47a7-43cd-8586-4a09185cdd05', 'usr_207');
INSERT INTO trabalho.log_acesso VALUES ('log_207_0_2', 'f1b92ce7-47a7-43cd-8586-4a09185cdd05', 'usr_207');
INSERT INTO trabalho.log_acesso VALUES ('log_207_1_2', 'f1b92ce7-47a7-43cd-8586-4a09185cdd05', 'usr_207');
INSERT INTO trabalho.log_acesso VALUES ('log_207_2_2', 'f1b92ce7-47a7-43cd-8586-4a09185cdd05', 'usr_207');
INSERT INTO trabalho.log_acesso VALUES ('log_207_3_2', 'f1b92ce7-47a7-43cd-8586-4a09185cdd05', 'usr_207');
INSERT INTO trabalho.log_acesso VALUES ('log_207_4_2', 'f1b92ce7-47a7-43cd-8586-4a09185cdd05', 'usr_207');
INSERT INTO trabalho.log_acesso VALUES ('log_207_5_2', 'f1b92ce7-47a7-43cd-8586-4a09185cdd05', 'usr_207');
INSERT INTO trabalho.usuario VALUES ('usr_208', '208_Marcelo.Carvalho@bol.com.br', 'Marcelo Carvalho', 'male', 11, trabalho.hashPassword('Password123'), 'Bélgica');
INSERT INTO trabalho.usuario_esta_inscrito_no_podcast VALUES (3, 'c58b280a-56d4-4ad8-8c85-730e4ea86361', 'usr_208');
INSERT INTO trabalho.comentarios_podcast_usuario VALUES ('comment_208_0_0', 'Porro reprehenderit ex aut laudantium quo ea consequatur.', 'c58b280a-56d4-4ad8-8c85-730e4ea86361', 'usr_208');
INSERT INTO trabalho.comentarios_podcast_usuario VALUES ('comment_208_1_0', 'Facere harum ipsa error atque.', 'c58b280a-56d4-4ad8-8c85-730e4ea86361', 'usr_208');
INSERT INTO trabalho.comentarios_podcast_usuario VALUES ('comment_208_2_0', 'Voluptatem provident et sint cupiditate dolor.', 'c58b280a-56d4-4ad8-8c85-730e4ea86361', 'usr_208');
INSERT INTO trabalho.log_acesso VALUES ('log_208_0_0', 'c58b280a-56d4-4ad8-8c85-730e4ea86361', 'usr_208');
INSERT INTO trabalho.log_acesso VALUES ('log_208_1_0', 'c58b280a-56d4-4ad8-8c85-730e4ea86361', 'usr_208');
INSERT INTO trabalho.log_acesso VALUES ('log_208_2_0', 'c58b280a-56d4-4ad8-8c85-730e4ea86361', 'usr_208');
INSERT INTO trabalho.log_acesso VALUES ('log_208_3_0', 'c58b280a-56d4-4ad8-8c85-730e4ea86361', 'usr_208');
INSERT INTO trabalho.log_acesso VALUES ('log_208_4_0', 'c58b280a-56d4-4ad8-8c85-730e4ea86361', 'usr_208');
INSERT INTO trabalho.usuario_esta_inscrito_no_podcast VALUES (0, 'fa3abe16-3645-4d22-a01d-893e6f20c408', 'usr_208');
INSERT INTO trabalho.comentarios_podcast_usuario VALUES ('comment_208_0_1', 'Sint illum et asperiores.', 'fa3abe16-3645-4d22-a01d-893e6f20c408', 'usr_208');
INSERT INTO trabalho.comentarios_podcast_usuario VALUES ('comment_208_1_1', 'Et esse maxime ratione rerum consequatur hic.', 'fa3abe16-3645-4d22-a01d-893e6f20c408', 'usr_208');
INSERT INTO trabalho.comentarios_podcast_usuario VALUES ('comment_208_2_1', 'Nisi quo tempora dignissimos non reprehenderit qui aliquid nobis et.', 'fa3abe16-3645-4d22-a01d-893e6f20c408', 'usr_208');
INSERT INTO trabalho.comentarios_podcast_usuario VALUES ('comment_208_3_1', 'Et voluptas maiores voluptatem expedita.', 'fa3abe16-3645-4d22-a01d-893e6f20c408', 'usr_208');
INSERT INTO trabalho.comentarios_podcast_usuario VALUES ('comment_208_4_1', 'Maiores aut voluptatibus dolores alias ipsum saepe quidem fuga quod.', 'fa3abe16-3645-4d22-a01d-893e6f20c408', 'usr_208');
INSERT INTO trabalho.log_acesso VALUES ('log_208_0_1', 'fa3abe16-3645-4d22-a01d-893e6f20c408', 'usr_208');
INSERT INTO trabalho.log_acesso VALUES ('log_208_1_1', 'fa3abe16-3645-4d22-a01d-893e6f20c408', 'usr_208');
INSERT INTO trabalho.usuario_esta_inscrito_no_podcast VALUES (5, '168c1536-4c42-4b8f-8c77-f06affefec6a', 'usr_208');
INSERT INTO trabalho.comentarios_podcast_usuario VALUES ('comment_208_0_2', 'Voluptas molestiae iusto nam non nemo et.', '168c1536-4c42-4b8f-8c77-f06affefec6a', 'usr_208');
INSERT INTO trabalho.log_acesso VALUES ('log_208_0_2', '168c1536-4c42-4b8f-8c77-f06affefec6a', 'usr_208');
INSERT INTO trabalho.log_acesso VALUES ('log_208_1_2', '168c1536-4c42-4b8f-8c77-f06affefec6a', 'usr_208');
INSERT INTO trabalho.log_acesso VALUES ('log_208_2_2', '168c1536-4c42-4b8f-8c77-f06affefec6a', 'usr_208');
INSERT INTO trabalho.log_acesso VALUES ('log_208_3_2', '168c1536-4c42-4b8f-8c77-f06affefec6a', 'usr_208');
INSERT INTO trabalho.usuario VALUES ('usr_209', '209_Bencio_Nogueira@bol.com.br', 'Benício Nogueira', 'male', 23, trabalho.hashPassword('Password123'), 'Burundi');
INSERT INTO trabalho.usuario_esta_inscrito_no_podcast VALUES (0, '7e429e8e-7669-403d-bb78-3cd7f9f75afd', 'usr_209');
INSERT INTO trabalho.comentarios_podcast_usuario VALUES ('comment_209_0_0', 'Qui quam est quod deleniti cupiditate quasi voluptatum.', '7e429e8e-7669-403d-bb78-3cd7f9f75afd', 'usr_209');
INSERT INTO trabalho.comentarios_podcast_usuario VALUES ('comment_209_1_0', 'Amet maiores qui repellendus optio tempora sunt odio.', '7e429e8e-7669-403d-bb78-3cd7f9f75afd', 'usr_209');
INSERT INTO trabalho.comentarios_podcast_usuario VALUES ('comment_209_2_0', 'Consequatur quae enim iusto hic.', '7e429e8e-7669-403d-bb78-3cd7f9f75afd', 'usr_209');
INSERT INTO trabalho.comentarios_podcast_usuario VALUES ('comment_209_3_0', 'Est aliquam tempora similique fuga distinctio quaerat qui atque consequuntur.', '7e429e8e-7669-403d-bb78-3cd7f9f75afd', 'usr_209');
INSERT INTO trabalho.log_acesso VALUES ('log_209_0_0', '7e429e8e-7669-403d-bb78-3cd7f9f75afd', 'usr_209');
INSERT INTO trabalho.log_acesso VALUES ('log_209_1_0', '7e429e8e-7669-403d-bb78-3cd7f9f75afd', 'usr_209');
INSERT INTO trabalho.usuario_esta_inscrito_no_podcast VALUES (4, 'af46a958-b921-47b6-9f87-5c4fdc68ea79', 'usr_209');
INSERT INTO trabalho.comentarios_podcast_usuario VALUES ('comment_209_0_1', 'Nostrum aspernatur repellendus ab voluptas ut ad perferendis a.', 'af46a958-b921-47b6-9f87-5c4fdc68ea79', 'usr_209');
INSERT INTO trabalho.comentarios_podcast_usuario VALUES ('comment_209_1_1', 'A minima illum ut.', 'af46a958-b921-47b6-9f87-5c4fdc68ea79', 'usr_209');
INSERT INTO trabalho.comentarios_podcast_usuario VALUES ('comment_209_2_1', 'Rem fugiat autem qui ex.', 'af46a958-b921-47b6-9f87-5c4fdc68ea79', 'usr_209');
INSERT INTO trabalho.comentarios_podcast_usuario VALUES ('comment_209_3_1', 'Sunt aut officiis vel pariatur facere quod laudantium magnam quam.', 'af46a958-b921-47b6-9f87-5c4fdc68ea79', 'usr_209');
INSERT INTO trabalho.log_acesso VALUES ('log_209_0_1', 'af46a958-b921-47b6-9f87-5c4fdc68ea79', 'usr_209');
INSERT INTO trabalho.log_acesso VALUES ('log_209_1_1', 'af46a958-b921-47b6-9f87-5c4fdc68ea79', 'usr_209');
INSERT INTO trabalho.log_acesso VALUES ('log_209_2_1', 'af46a958-b921-47b6-9f87-5c4fdc68ea79', 'usr_209');
INSERT INTO trabalho.usuario_esta_inscrito_no_podcast VALUES (1, 'b553d865-8fe2-47de-9a30-10e1dea3bd1d', 'usr_209');
INSERT INTO trabalho.comentarios_podcast_usuario VALUES ('comment_209_0_2', 'Dolorem perferendis labore praesentium qui nisi qui nisi deleniti.', 'b553d865-8fe2-47de-9a30-10e1dea3bd1d', 'usr_209');
INSERT INTO trabalho.comentarios_podcast_usuario VALUES ('comment_209_1_2', 'Eum et fugiat recusandae quia nobis aut.', 'b553d865-8fe2-47de-9a30-10e1dea3bd1d', 'usr_209');
INSERT INTO trabalho.comentarios_podcast_usuario VALUES ('comment_209_2_2', 'Dolor id quo aliquid tempora rerum fugiat tenetur.', 'b553d865-8fe2-47de-9a30-10e1dea3bd1d', 'usr_209');
INSERT INTO trabalho.comentarios_podcast_usuario VALUES ('comment_209_3_2', 'Est aut qui.', 'b553d865-8fe2-47de-9a30-10e1dea3bd1d', 'usr_209');
INSERT INTO trabalho.log_acesso VALUES ('log_209_0_2', 'b553d865-8fe2-47de-9a30-10e1dea3bd1d', 'usr_209');
INSERT INTO trabalho.usuario VALUES ('usr_210', '210_Cau.Macedo85@gmail.com', 'Cauã Macedo', 'male', 39, trabalho.hashPassword('Password123'), 'Belize');
INSERT INTO trabalho.usuario_esta_inscrito_no_podcast VALUES (4, '67074e68-bc2f-442b-8af2-7d328b6af6eb', 'usr_210');
INSERT INTO trabalho.comentarios_podcast_usuario VALUES ('comment_210_0_0', 'Iusto quo enim commodi et aut.', '67074e68-bc2f-442b-8af2-7d328b6af6eb', 'usr_210');
INSERT INTO trabalho.comentarios_podcast_usuario VALUES ('comment_210_1_0', 'Tempore nesciunt tempora quae ea consectetur magni.', '67074e68-bc2f-442b-8af2-7d328b6af6eb', 'usr_210');
INSERT INTO trabalho.log_acesso VALUES ('log_210_0_0', '67074e68-bc2f-442b-8af2-7d328b6af6eb', 'usr_210');
INSERT INTO trabalho.log_acesso VALUES ('log_210_1_0', '67074e68-bc2f-442b-8af2-7d328b6af6eb', 'usr_210');
INSERT INTO trabalho.log_acesso VALUES ('log_210_2_0', '67074e68-bc2f-442b-8af2-7d328b6af6eb', 'usr_210');
INSERT INTO trabalho.log_acesso VALUES ('log_210_3_0', '67074e68-bc2f-442b-8af2-7d328b6af6eb', 'usr_210');
INSERT INTO trabalho.usuario_esta_inscrito_no_podcast VALUES (2, '7e429e8e-7669-403d-bb78-3cd7f9f75afd', 'usr_210');
INSERT INTO trabalho.comentarios_podcast_usuario VALUES ('comment_210_0_1', 'Laboriosam eum nostrum totam id non illo fugit quaerat sed.', '7e429e8e-7669-403d-bb78-3cd7f9f75afd', 'usr_210');
INSERT INTO trabalho.log_acesso VALUES ('log_210_0_1', '7e429e8e-7669-403d-bb78-3cd7f9f75afd', 'usr_210');
INSERT INTO trabalho.log_acesso VALUES ('log_210_1_1', '7e429e8e-7669-403d-bb78-3cd7f9f75afd', 'usr_210');
INSERT INTO trabalho.usuario_esta_inscrito_no_podcast VALUES (4, 'f0166bd2-8e4d-4308-b5d7-0b3d627c5dc5', 'usr_210');
INSERT INTO trabalho.comentarios_podcast_usuario VALUES ('comment_210_0_2', 'Est sed vel sequi qui et accusamus qui explicabo.', 'f0166bd2-8e4d-4308-b5d7-0b3d627c5dc5', 'usr_210');
INSERT INTO trabalho.comentarios_podcast_usuario VALUES ('comment_210_1_2', 'Assumenda omnis ipsa temporibus quia qui quasi quis voluptatum.', 'f0166bd2-8e4d-4308-b5d7-0b3d627c5dc5', 'usr_210');
INSERT INTO trabalho.comentarios_podcast_usuario VALUES ('comment_210_2_2', 'Hic atque et harum voluptatum ratione quo molestias.', 'f0166bd2-8e4d-4308-b5d7-0b3d627c5dc5', 'usr_210');
INSERT INTO trabalho.comentarios_podcast_usuario VALUES ('comment_210_3_2', 'Iusto earum consequatur enim perspiciatis porro sed est.', 'f0166bd2-8e4d-4308-b5d7-0b3d627c5dc5', 'usr_210');
INSERT INTO trabalho.comentarios_podcast_usuario VALUES ('comment_210_4_2', 'Qui enim quia.', 'f0166bd2-8e4d-4308-b5d7-0b3d627c5dc5', 'usr_210');
INSERT INTO trabalho.log_acesso VALUES ('log_210_0_2', 'f0166bd2-8e4d-4308-b5d7-0b3d627c5dc5', 'usr_210');
INSERT INTO trabalho.log_acesso VALUES ('log_210_1_2', 'f0166bd2-8e4d-4308-b5d7-0b3d627c5dc5', 'usr_210');
INSERT INTO trabalho.log_acesso VALUES ('log_210_2_2', 'f0166bd2-8e4d-4308-b5d7-0b3d627c5dc5', 'usr_210');
INSERT INTO trabalho.log_acesso VALUES ('log_210_3_2', 'f0166bd2-8e4d-4308-b5d7-0b3d627c5dc5', 'usr_210');
INSERT INTO trabalho.log_acesso VALUES ('log_210_4_2', 'f0166bd2-8e4d-4308-b5d7-0b3d627c5dc5', 'usr_210');
INSERT INTO trabalho.usuario VALUES ('usr_211', '211_Liz.Saraiva46@live.com', 'Liz Saraiva', 'female', 7, trabalho.hashPassword('Password123'), 'Maldives');
INSERT INTO trabalho.usuario_esta_inscrito_no_podcast VALUES (0, 'f1b92ce7-47a7-43cd-8586-4a09185cdd05', 'usr_211');
INSERT INTO trabalho.comentarios_podcast_usuario VALUES ('comment_211_0_0', 'Delectus voluptatum esse rerum nemo quas eius nesciunt autem.', 'f1b92ce7-47a7-43cd-8586-4a09185cdd05', 'usr_211');
INSERT INTO trabalho.comentarios_podcast_usuario VALUES ('comment_211_1_0', 'Eos cupiditate fuga totam ab.', 'f1b92ce7-47a7-43cd-8586-4a09185cdd05', 'usr_211');
INSERT INTO trabalho.log_acesso VALUES ('log_211_0_0', 'f1b92ce7-47a7-43cd-8586-4a09185cdd05', 'usr_211');
INSERT INTO trabalho.log_acesso VALUES ('log_211_1_0', 'f1b92ce7-47a7-43cd-8586-4a09185cdd05', 'usr_211');
INSERT INTO trabalho.usuario_esta_inscrito_no_podcast VALUES (0, 'b553d865-8fe2-47de-9a30-10e1dea3bd1d', 'usr_211');
INSERT INTO trabalho.comentarios_podcast_usuario VALUES ('comment_211_0_1', 'Quia quo laborum pariatur sit eius itaque delectus.', 'b553d865-8fe2-47de-9a30-10e1dea3bd1d', 'usr_211');
INSERT INTO trabalho.comentarios_podcast_usuario VALUES ('comment_211_1_1', 'Fugiat alias eos est libero recusandae rerum quasi.', 'b553d865-8fe2-47de-9a30-10e1dea3bd1d', 'usr_211');
INSERT INTO trabalho.comentarios_podcast_usuario VALUES ('comment_211_2_1', 'Quo eius cumque voluptatem nobis a repellat fugit quaerat pariatur.', 'b553d865-8fe2-47de-9a30-10e1dea3bd1d', 'usr_211');
INSERT INTO trabalho.log_acesso VALUES ('log_211_0_1', 'b553d865-8fe2-47de-9a30-10e1dea3bd1d', 'usr_211');
INSERT INTO trabalho.usuario_esta_inscrito_no_podcast VALUES (4, 'fa3abe16-3645-4d22-a01d-893e6f20c408', 'usr_211');
INSERT INTO trabalho.comentarios_podcast_usuario VALUES ('comment_211_0_2', 'Aut cum ut.', 'fa3abe16-3645-4d22-a01d-893e6f20c408', 'usr_211');
INSERT INTO trabalho.comentarios_podcast_usuario VALUES ('comment_211_1_2', 'Quod nulla est officia quis et modi rerum repudiandae.', 'fa3abe16-3645-4d22-a01d-893e6f20c408', 'usr_211');
INSERT INTO trabalho.log_acesso VALUES ('log_211_0_2', 'fa3abe16-3645-4d22-a01d-893e6f20c408', 'usr_211');
INSERT INTO trabalho.log_acesso VALUES ('log_211_1_2', 'fa3abe16-3645-4d22-a01d-893e6f20c408', 'usr_211');
INSERT INTO trabalho.log_acesso VALUES ('log_211_2_2', 'fa3abe16-3645-4d22-a01d-893e6f20c408', 'usr_211');
INSERT INTO trabalho.usuario VALUES ('usr_212', '212_Isabel80@hotmail.com', 'Isabel Braga', 'female', 24, trabalho.hashPassword('Password123'), 'Fiji');
INSERT INTO trabalho.usuario_esta_inscrito_no_podcast VALUES (3, 'b553d865-8fe2-47de-9a30-10e1dea3bd1d', 'usr_212');
INSERT INTO trabalho.comentarios_podcast_usuario VALUES ('comment_212_0_0', 'Est qui libero ipsam iure incidunt.', 'b553d865-8fe2-47de-9a30-10e1dea3bd1d', 'usr_212');
INSERT INTO trabalho.comentarios_podcast_usuario VALUES ('comment_212_1_0', 'Soluta ut odio quas beatae.', 'b553d865-8fe2-47de-9a30-10e1dea3bd1d', 'usr_212');
INSERT INTO trabalho.comentarios_podcast_usuario VALUES ('comment_212_2_0', 'Exercitationem perferendis nulla tempore alias saepe.', 'b553d865-8fe2-47de-9a30-10e1dea3bd1d', 'usr_212');
INSERT INTO trabalho.comentarios_podcast_usuario VALUES ('comment_212_3_0', 'Sint fugit quos dolor eum qui qui occaecati dolor.', 'b553d865-8fe2-47de-9a30-10e1dea3bd1d', 'usr_212');
INSERT INTO trabalho.log_acesso VALUES ('log_212_0_0', 'b553d865-8fe2-47de-9a30-10e1dea3bd1d', 'usr_212');
INSERT INTO trabalho.log_acesso VALUES ('log_212_1_0', 'b553d865-8fe2-47de-9a30-10e1dea3bd1d', 'usr_212');
INSERT INTO trabalho.usuario_esta_inscrito_no_podcast VALUES (5, '5bdf7377-8330-4f9f-8efd-e95301c122ce', 'usr_212');
INSERT INTO trabalho.comentarios_podcast_usuario VALUES ('comment_212_0_1', 'Excepturi unde aspernatur veniam rem sit laboriosam aspernatur ea.', '5bdf7377-8330-4f9f-8efd-e95301c122ce', 'usr_212');
INSERT INTO trabalho.comentarios_podcast_usuario VALUES ('comment_212_1_1', 'Voluptas neque architecto.', '5bdf7377-8330-4f9f-8efd-e95301c122ce', 'usr_212');
INSERT INTO trabalho.comentarios_podcast_usuario VALUES ('comment_212_2_1', 'Ea suscipit quis velit.', '5bdf7377-8330-4f9f-8efd-e95301c122ce', 'usr_212');
INSERT INTO trabalho.comentarios_podcast_usuario VALUES ('comment_212_3_1', 'Ut quis exercitationem maiores.', '5bdf7377-8330-4f9f-8efd-e95301c122ce', 'usr_212');
INSERT INTO trabalho.log_acesso VALUES ('log_212_0_1', '5bdf7377-8330-4f9f-8efd-e95301c122ce', 'usr_212');
INSERT INTO trabalho.log_acesso VALUES ('log_212_1_1', '5bdf7377-8330-4f9f-8efd-e95301c122ce', 'usr_212');
INSERT INTO trabalho.log_acesso VALUES ('log_212_2_1', '5bdf7377-8330-4f9f-8efd-e95301c122ce', 'usr_212');
INSERT INTO trabalho.log_acesso VALUES ('log_212_3_1', '5bdf7377-8330-4f9f-8efd-e95301c122ce', 'usr_212');
INSERT INTO trabalho.usuario_esta_inscrito_no_podcast VALUES (0, 'fa3abe16-3645-4d22-a01d-893e6f20c408', 'usr_212');
INSERT INTO trabalho.comentarios_podcast_usuario VALUES ('comment_212_0_2', 'Vel aut minus dolor dolor mollitia tempora est nostrum.', 'fa3abe16-3645-4d22-a01d-893e6f20c408', 'usr_212');
INSERT INTO trabalho.comentarios_podcast_usuario VALUES ('comment_212_1_2', 'Ipsum eligendi est et dolor quam illum consequatur ut cum.', 'fa3abe16-3645-4d22-a01d-893e6f20c408', 'usr_212');
INSERT INTO trabalho.comentarios_podcast_usuario VALUES ('comment_212_2_2', 'Quas id rerum aut non voluptatem.', 'fa3abe16-3645-4d22-a01d-893e6f20c408', 'usr_212');
INSERT INTO trabalho.comentarios_podcast_usuario VALUES ('comment_212_3_2', 'Laudantium et accusantium illo illum dolor sint dolor nihil.', 'fa3abe16-3645-4d22-a01d-893e6f20c408', 'usr_212');
INSERT INTO trabalho.log_acesso VALUES ('log_212_0_2', 'fa3abe16-3645-4d22-a01d-893e6f20c408', 'usr_212');
INSERT INTO trabalho.log_acesso VALUES ('log_212_1_2', 'fa3abe16-3645-4d22-a01d-893e6f20c408', 'usr_212');
INSERT INTO trabalho.log_acesso VALUES ('log_212_2_2', 'fa3abe16-3645-4d22-a01d-893e6f20c408', 'usr_212');
INSERT INTO trabalho.log_acesso VALUES ('log_212_3_2', 'fa3abe16-3645-4d22-a01d-893e6f20c408', 'usr_212');
INSERT INTO trabalho.log_acesso VALUES ('log_212_4_2', 'fa3abe16-3645-4d22-a01d-893e6f20c408', 'usr_212');
INSERT INTO trabalho.usuario VALUES ('usr_213', '213_Salvador29@live.com', 'Salvador Albuquerque', 'male', 54, trabalho.hashPassword('Password123'), 'Chile');
INSERT INTO trabalho.usuario_esta_inscrito_no_podcast VALUES (0, 'f0166bd2-8e4d-4308-b5d7-0b3d627c5dc5', 'usr_213');
INSERT INTO trabalho.comentarios_podcast_usuario VALUES ('comment_213_0_0', 'Aut ut quisquam at dolores magnam.', 'f0166bd2-8e4d-4308-b5d7-0b3d627c5dc5', 'usr_213');
INSERT INTO trabalho.comentarios_podcast_usuario VALUES ('comment_213_1_0', 'Non deserunt facilis incidunt quia quia voluptas.', 'f0166bd2-8e4d-4308-b5d7-0b3d627c5dc5', 'usr_213');
INSERT INTO trabalho.comentarios_podcast_usuario VALUES ('comment_213_2_0', 'Odio doloremque aut dolor.', 'f0166bd2-8e4d-4308-b5d7-0b3d627c5dc5', 'usr_213');
INSERT INTO trabalho.log_acesso VALUES ('log_213_0_0', 'f0166bd2-8e4d-4308-b5d7-0b3d627c5dc5', 'usr_213');
INSERT INTO trabalho.log_acesso VALUES ('log_213_1_0', 'f0166bd2-8e4d-4308-b5d7-0b3d627c5dc5', 'usr_213');
INSERT INTO trabalho.log_acesso VALUES ('log_213_2_0', 'f0166bd2-8e4d-4308-b5d7-0b3d627c5dc5', 'usr_213');
INSERT INTO trabalho.log_acesso VALUES ('log_213_3_0', 'f0166bd2-8e4d-4308-b5d7-0b3d627c5dc5', 'usr_213');
INSERT INTO trabalho.log_acesso VALUES ('log_213_4_0', 'f0166bd2-8e4d-4308-b5d7-0b3d627c5dc5', 'usr_213');
INSERT INTO trabalho.log_acesso VALUES ('log_213_5_0', 'f0166bd2-8e4d-4308-b5d7-0b3d627c5dc5', 'usr_213');
INSERT INTO trabalho.usuario_esta_inscrito_no_podcast VALUES (3, 'de2f0ddb-9903-436a-a5e2-54224254c818', 'usr_213');
INSERT INTO trabalho.comentarios_podcast_usuario VALUES ('comment_213_0_1', 'Et repudiandae reprehenderit voluptas occaecati similique eos in.', 'de2f0ddb-9903-436a-a5e2-54224254c818', 'usr_213');
INSERT INTO trabalho.comentarios_podcast_usuario VALUES ('comment_213_1_1', 'Consequuntur in maxime aspernatur recusandae.', 'de2f0ddb-9903-436a-a5e2-54224254c818', 'usr_213');
INSERT INTO trabalho.comentarios_podcast_usuario VALUES ('comment_213_2_1', 'Quo atque fugit saepe corrupti ut sit.', 'de2f0ddb-9903-436a-a5e2-54224254c818', 'usr_213');
INSERT INTO trabalho.comentarios_podcast_usuario VALUES ('comment_213_3_1', 'Veniam sit dolorum non sit.', 'de2f0ddb-9903-436a-a5e2-54224254c818', 'usr_213');
INSERT INTO trabalho.log_acesso VALUES ('log_213_0_1', 'de2f0ddb-9903-436a-a5e2-54224254c818', 'usr_213');
INSERT INTO trabalho.log_acesso VALUES ('log_213_1_1', 'de2f0ddb-9903-436a-a5e2-54224254c818', 'usr_213');
INSERT INTO trabalho.log_acesso VALUES ('log_213_2_1', 'de2f0ddb-9903-436a-a5e2-54224254c818', 'usr_213');
INSERT INTO trabalho.usuario_esta_inscrito_no_podcast VALUES (0, '168c1536-4c42-4b8f-8c77-f06affefec6a', 'usr_213');
INSERT INTO trabalho.comentarios_podcast_usuario VALUES ('comment_213_0_2', 'Aliquid ratione soluta.', '168c1536-4c42-4b8f-8c77-f06affefec6a', 'usr_213');
INSERT INTO trabalho.comentarios_podcast_usuario VALUES ('comment_213_1_2', 'Omnis saepe a beatae qui.', '168c1536-4c42-4b8f-8c77-f06affefec6a', 'usr_213');
INSERT INTO trabalho.comentarios_podcast_usuario VALUES ('comment_213_2_2', 'Deserunt qui rerum.', '168c1536-4c42-4b8f-8c77-f06affefec6a', 'usr_213');
INSERT INTO trabalho.log_acesso VALUES ('log_213_0_2', '168c1536-4c42-4b8f-8c77-f06affefec6a', 'usr_213');
INSERT INTO trabalho.log_acesso VALUES ('log_213_1_2', '168c1536-4c42-4b8f-8c77-f06affefec6a', 'usr_213');
INSERT INTO trabalho.usuario VALUES ('usr_214', '214_Bencio.Souza@yahoo.com', 'Benício Souza', 'male', 44, trabalho.hashPassword('Password123'), 'Nova Caledonia');
INSERT INTO trabalho.usuario_esta_inscrito_no_podcast VALUES (0, '5bdf7377-8330-4f9f-8efd-e95301c122ce', 'usr_214');
INSERT INTO trabalho.comentarios_podcast_usuario VALUES ('comment_214_0_0', 'Non rerum aspernatur distinctio corporis sed molestiae iure.', '5bdf7377-8330-4f9f-8efd-e95301c122ce', 'usr_214');
INSERT INTO trabalho.log_acesso VALUES ('log_214_0_0', '5bdf7377-8330-4f9f-8efd-e95301c122ce', 'usr_214');
INSERT INTO trabalho.log_acesso VALUES ('log_214_1_0', '5bdf7377-8330-4f9f-8efd-e95301c122ce', 'usr_214');
INSERT INTO trabalho.usuario_esta_inscrito_no_podcast VALUES (1, '7e429e8e-7669-403d-bb78-3cd7f9f75afd', 'usr_214');
INSERT INTO trabalho.comentarios_podcast_usuario VALUES ('comment_214_0_1', 'Sed nulla aliquam mollitia in eligendi nihil repudiandae est.', '7e429e8e-7669-403d-bb78-3cd7f9f75afd', 'usr_214');
INSERT INTO trabalho.comentarios_podcast_usuario VALUES ('comment_214_1_1', 'Animi eum enim.', '7e429e8e-7669-403d-bb78-3cd7f9f75afd', 'usr_214');
INSERT INTO trabalho.comentarios_podcast_usuario VALUES ('comment_214_2_1', 'Nisi sed fuga.', '7e429e8e-7669-403d-bb78-3cd7f9f75afd', 'usr_214');
INSERT INTO trabalho.log_acesso VALUES ('log_214_0_1', '7e429e8e-7669-403d-bb78-3cd7f9f75afd', 'usr_214');
INSERT INTO trabalho.log_acesso VALUES ('log_214_1_1', '7e429e8e-7669-403d-bb78-3cd7f9f75afd', 'usr_214');
INSERT INTO trabalho.log_acesso VALUES ('log_214_2_1', '7e429e8e-7669-403d-bb78-3cd7f9f75afd', 'usr_214');
INSERT INTO trabalho.log_acesso VALUES ('log_214_3_1', '7e429e8e-7669-403d-bb78-3cd7f9f75afd', 'usr_214');
INSERT INTO trabalho.usuario_esta_inscrito_no_podcast VALUES (4, 'bc8dac25-793c-4a96-aafc-4ea7020f4f60', 'usr_214');
INSERT INTO trabalho.comentarios_podcast_usuario VALUES ('comment_214_0_2', 'Aut quis nihil in non.', 'bc8dac25-793c-4a96-aafc-4ea7020f4f60', 'usr_214');
INSERT INTO trabalho.comentarios_podcast_usuario VALUES ('comment_214_1_2', 'Quaerat labore earum.', 'bc8dac25-793c-4a96-aafc-4ea7020f4f60', 'usr_214');
INSERT INTO trabalho.comentarios_podcast_usuario VALUES ('comment_214_2_2', 'Incidunt hic necessitatibus.', 'bc8dac25-793c-4a96-aafc-4ea7020f4f60', 'usr_214');
INSERT INTO trabalho.comentarios_podcast_usuario VALUES ('comment_214_3_2', 'Tenetur maiores veniam.', 'bc8dac25-793c-4a96-aafc-4ea7020f4f60', 'usr_214');
INSERT INTO trabalho.log_acesso VALUES ('log_214_0_2', 'bc8dac25-793c-4a96-aafc-4ea7020f4f60', 'usr_214');
INSERT INTO trabalho.log_acesso VALUES ('log_214_1_2', 'bc8dac25-793c-4a96-aafc-4ea7020f4f60', 'usr_214');
INSERT INTO trabalho.log_acesso VALUES ('log_214_2_2', 'bc8dac25-793c-4a96-aafc-4ea7020f4f60', 'usr_214');
INSERT INTO trabalho.log_acesso VALUES ('log_214_3_2', 'bc8dac25-793c-4a96-aafc-4ea7020f4f60', 'usr_214');
INSERT INTO trabalho.usuario VALUES ('usr_215', '215_Paula_Batista69@live.com', 'Paula Batista', 'female', 45, trabalho.hashPassword('Password123'), 'Fiji');
INSERT INTO trabalho.usuario_esta_inscrito_no_podcast VALUES (3, 'de2f0ddb-9903-436a-a5e2-54224254c818', 'usr_215');
INSERT INTO trabalho.comentarios_podcast_usuario VALUES ('comment_215_0_0', 'Corporis vero eum.', 'de2f0ddb-9903-436a-a5e2-54224254c818', 'usr_215');
INSERT INTO trabalho.comentarios_podcast_usuario VALUES ('comment_215_1_0', 'Accusamus accusantium et libero hic et fugiat aut ea.', 'de2f0ddb-9903-436a-a5e2-54224254c818', 'usr_215');
INSERT INTO trabalho.comentarios_podcast_usuario VALUES ('comment_215_2_0', 'Doloremque odio assumenda est qui magni impedit.', 'de2f0ddb-9903-436a-a5e2-54224254c818', 'usr_215');
INSERT INTO trabalho.comentarios_podcast_usuario VALUES ('comment_215_3_0', 'Laborum quia illum et nihil.', 'de2f0ddb-9903-436a-a5e2-54224254c818', 'usr_215');
INSERT INTO trabalho.comentarios_podcast_usuario VALUES ('comment_215_4_0', 'Sapiente officia ipsa possimus et natus sequi debitis.', 'de2f0ddb-9903-436a-a5e2-54224254c818', 'usr_215');
INSERT INTO trabalho.log_acesso VALUES ('log_215_0_0', 'de2f0ddb-9903-436a-a5e2-54224254c818', 'usr_215');
INSERT INTO trabalho.log_acesso VALUES ('log_215_1_0', 'de2f0ddb-9903-436a-a5e2-54224254c818', 'usr_215');
INSERT INTO trabalho.log_acesso VALUES ('log_215_2_0', 'de2f0ddb-9903-436a-a5e2-54224254c818', 'usr_215');
INSERT INTO trabalho.log_acesso VALUES ('log_215_3_0', 'de2f0ddb-9903-436a-a5e2-54224254c818', 'usr_215');
INSERT INTO trabalho.usuario_esta_inscrito_no_podcast VALUES (1, 'f0166bd2-8e4d-4308-b5d7-0b3d627c5dc5', 'usr_215');
INSERT INTO trabalho.comentarios_podcast_usuario VALUES ('comment_215_0_1', 'Nihil officiis dolor doloribus omnis deserunt atque aspernatur provident omnis.', 'f0166bd2-8e4d-4308-b5d7-0b3d627c5dc5', 'usr_215');
INSERT INTO trabalho.comentarios_podcast_usuario VALUES ('comment_215_1_1', 'Qui fugiat deleniti ea qui et et exercitationem nobis.', 'f0166bd2-8e4d-4308-b5d7-0b3d627c5dc5', 'usr_215');
INSERT INTO trabalho.comentarios_podcast_usuario VALUES ('comment_215_2_1', 'Illo hic aliquam qui blanditiis rem.', 'f0166bd2-8e4d-4308-b5d7-0b3d627c5dc5', 'usr_215');
INSERT INTO trabalho.log_acesso VALUES ('log_215_0_1', 'f0166bd2-8e4d-4308-b5d7-0b3d627c5dc5', 'usr_215');
INSERT INTO trabalho.log_acesso VALUES ('log_215_1_1', 'f0166bd2-8e4d-4308-b5d7-0b3d627c5dc5', 'usr_215');
INSERT INTO trabalho.log_acesso VALUES ('log_215_2_1', 'f0166bd2-8e4d-4308-b5d7-0b3d627c5dc5', 'usr_215');
INSERT INTO trabalho.usuario_esta_inscrito_no_podcast VALUES (5, 'bc8dac25-793c-4a96-aafc-4ea7020f4f60', 'usr_215');
INSERT INTO trabalho.comentarios_podcast_usuario VALUES ('comment_215_0_2', 'Occaecati non tenetur quos eos sint.', 'bc8dac25-793c-4a96-aafc-4ea7020f4f60', 'usr_215');
INSERT INTO trabalho.comentarios_podcast_usuario VALUES ('comment_215_1_2', 'Recusandae quo quo ea id odit.', 'bc8dac25-793c-4a96-aafc-4ea7020f4f60', 'usr_215');
INSERT INTO trabalho.log_acesso VALUES ('log_215_0_2', 'bc8dac25-793c-4a96-aafc-4ea7020f4f60', 'usr_215');
INSERT INTO trabalho.log_acesso VALUES ('log_215_1_2', 'bc8dac25-793c-4a96-aafc-4ea7020f4f60', 'usr_215');
INSERT INTO trabalho.usuario VALUES ('usr_216', '216_Arthur_Nogueira@live.com', 'Arthur Nogueira', 'male', 51, trabalho.hashPassword('Password123'), 'Malásia');
INSERT INTO trabalho.usuario_esta_inscrito_no_podcast VALUES (3, 'de2f0ddb-9903-436a-a5e2-54224254c818', 'usr_216');
INSERT INTO trabalho.comentarios_podcast_usuario VALUES ('comment_216_0_0', 'Accusamus consequuntur inventore fugiat.', 'de2f0ddb-9903-436a-a5e2-54224254c818', 'usr_216');
INSERT INTO trabalho.log_acesso VALUES ('log_216_0_0', 'de2f0ddb-9903-436a-a5e2-54224254c818', 'usr_216');
INSERT INTO trabalho.log_acesso VALUES ('log_216_1_0', 'de2f0ddb-9903-436a-a5e2-54224254c818', 'usr_216');
INSERT INTO trabalho.log_acesso VALUES ('log_216_2_0', 'de2f0ddb-9903-436a-a5e2-54224254c818', 'usr_216');
INSERT INTO trabalho.log_acesso VALUES ('log_216_3_0', 'de2f0ddb-9903-436a-a5e2-54224254c818', 'usr_216');
INSERT INTO trabalho.log_acesso VALUES ('log_216_4_0', 'de2f0ddb-9903-436a-a5e2-54224254c818', 'usr_216');
INSERT INTO trabalho.usuario_esta_inscrito_no_podcast VALUES (2, '168c1536-4c42-4b8f-8c77-f06affefec6a', 'usr_216');
INSERT INTO trabalho.comentarios_podcast_usuario VALUES ('comment_216_0_1', 'Nemo aut esse voluptatem voluptas fuga et et non.', '168c1536-4c42-4b8f-8c77-f06affefec6a', 'usr_216');
INSERT INTO trabalho.comentarios_podcast_usuario VALUES ('comment_216_1_1', 'Maxime quia reiciendis ut suscipit a veniam.', '168c1536-4c42-4b8f-8c77-f06affefec6a', 'usr_216');
INSERT INTO trabalho.comentarios_podcast_usuario VALUES ('comment_216_2_1', 'Assumenda quidem ut officia.', '168c1536-4c42-4b8f-8c77-f06affefec6a', 'usr_216');
INSERT INTO trabalho.log_acesso VALUES ('log_216_0_1', '168c1536-4c42-4b8f-8c77-f06affefec6a', 'usr_216');
INSERT INTO trabalho.log_acesso VALUES ('log_216_1_1', '168c1536-4c42-4b8f-8c77-f06affefec6a', 'usr_216');
INSERT INTO trabalho.usuario_esta_inscrito_no_podcast VALUES (5, 'bc8dac25-793c-4a96-aafc-4ea7020f4f60', 'usr_216');
INSERT INTO trabalho.comentarios_podcast_usuario VALUES ('comment_216_0_2', 'Esse delectus sunt.', 'bc8dac25-793c-4a96-aafc-4ea7020f4f60', 'usr_216');
INSERT INTO trabalho.comentarios_podcast_usuario VALUES ('comment_216_1_2', 'Qui illo quas.', 'bc8dac25-793c-4a96-aafc-4ea7020f4f60', 'usr_216');
INSERT INTO trabalho.comentarios_podcast_usuario VALUES ('comment_216_2_2', 'Corporis dolor quisquam.', 'bc8dac25-793c-4a96-aafc-4ea7020f4f60', 'usr_216');
INSERT INTO trabalho.comentarios_podcast_usuario VALUES ('comment_216_3_2', 'Minus neque repellendus est inventore ut accusamus.', 'bc8dac25-793c-4a96-aafc-4ea7020f4f60', 'usr_216');
INSERT INTO trabalho.comentarios_podcast_usuario VALUES ('comment_216_4_2', 'Illo itaque eligendi aut modi consectetur ut.', 'bc8dac25-793c-4a96-aafc-4ea7020f4f60', 'usr_216');
INSERT INTO trabalho.log_acesso VALUES ('log_216_0_2', 'bc8dac25-793c-4a96-aafc-4ea7020f4f60', 'usr_216');
INSERT INTO trabalho.log_acesso VALUES ('log_216_1_2', 'bc8dac25-793c-4a96-aafc-4ea7020f4f60', 'usr_216');
INSERT INTO trabalho.log_acesso VALUES ('log_216_2_2', 'bc8dac25-793c-4a96-aafc-4ea7020f4f60', 'usr_216');
INSERT INTO trabalho.log_acesso VALUES ('log_216_3_2', 'bc8dac25-793c-4a96-aafc-4ea7020f4f60', 'usr_216');
INSERT INTO trabalho.usuario VALUES ('usr_217', '217_JlioCsar.Batista@gmail.com', 'Júlio César Batista', 'male', 45, trabalho.hashPassword('Password123'), 'Martinica');
INSERT INTO trabalho.usuario_esta_inscrito_no_podcast VALUES (5, '7e429e8e-7669-403d-bb78-3cd7f9f75afd', 'usr_217');
INSERT INTO trabalho.comentarios_podcast_usuario VALUES ('comment_217_0_0', 'Repellat repellat impedit soluta earum provident quaerat placeat minus.', '7e429e8e-7669-403d-bb78-3cd7f9f75afd', 'usr_217');
INSERT INTO trabalho.log_acesso VALUES ('log_217_0_0', '7e429e8e-7669-403d-bb78-3cd7f9f75afd', 'usr_217');
INSERT INTO trabalho.usuario_esta_inscrito_no_podcast VALUES (3, 'f1b92ce7-47a7-43cd-8586-4a09185cdd05', 'usr_217');
INSERT INTO trabalho.comentarios_podcast_usuario VALUES ('comment_217_0_1', 'Molestias aperiam dolores aperiam nihil praesentium eligendi quam nihil ipsum.', 'f1b92ce7-47a7-43cd-8586-4a09185cdd05', 'usr_217');
INSERT INTO trabalho.log_acesso VALUES ('log_217_0_1', 'f1b92ce7-47a7-43cd-8586-4a09185cdd05', 'usr_217');
INSERT INTO trabalho.log_acesso VALUES ('log_217_1_1', 'f1b92ce7-47a7-43cd-8586-4a09185cdd05', 'usr_217');
INSERT INTO trabalho.log_acesso VALUES ('log_217_2_1', 'f1b92ce7-47a7-43cd-8586-4a09185cdd05', 'usr_217');
INSERT INTO trabalho.log_acesso VALUES ('log_217_3_1', 'f1b92ce7-47a7-43cd-8586-4a09185cdd05', 'usr_217');
INSERT INTO trabalho.log_acesso VALUES ('log_217_4_1', 'f1b92ce7-47a7-43cd-8586-4a09185cdd05', 'usr_217');
INSERT INTO trabalho.log_acesso VALUES ('log_217_5_1', 'f1b92ce7-47a7-43cd-8586-4a09185cdd05', 'usr_217');
INSERT INTO trabalho.usuario_esta_inscrito_no_podcast VALUES (2, '168c1536-4c42-4b8f-8c77-f06affefec6a', 'usr_217');
INSERT INTO trabalho.comentarios_podcast_usuario VALUES ('comment_217_0_2', 'Ipsam recusandae consequatur adipisci quaerat officia et ipsam rerum.', '168c1536-4c42-4b8f-8c77-f06affefec6a', 'usr_217');
INSERT INTO trabalho.comentarios_podcast_usuario VALUES ('comment_217_1_2', 'Velit molestias unde quod et sit.', '168c1536-4c42-4b8f-8c77-f06affefec6a', 'usr_217');
INSERT INTO trabalho.comentarios_podcast_usuario VALUES ('comment_217_2_2', 'Autem consequuntur consequuntur voluptatum omnis vel repellat.', '168c1536-4c42-4b8f-8c77-f06affefec6a', 'usr_217');
INSERT INTO trabalho.comentarios_podcast_usuario VALUES ('comment_217_3_2', 'Est quis pariatur et recusandae cupiditate cum.', '168c1536-4c42-4b8f-8c77-f06affefec6a', 'usr_217');
INSERT INTO trabalho.log_acesso VALUES ('log_217_0_2', '168c1536-4c42-4b8f-8c77-f06affefec6a', 'usr_217');
INSERT INTO trabalho.log_acesso VALUES ('log_217_1_2', '168c1536-4c42-4b8f-8c77-f06affefec6a', 'usr_217');
INSERT INTO trabalho.log_acesso VALUES ('log_217_2_2', '168c1536-4c42-4b8f-8c77-f06affefec6a', 'usr_217');
INSERT INTO trabalho.log_acesso VALUES ('log_217_3_2', '168c1536-4c42-4b8f-8c77-f06affefec6a', 'usr_217');
INSERT INTO trabalho.usuario VALUES ('usr_218', '218_Mrcia.Reis0@gmail.com', 'Márcia Reis', 'female', 18, trabalho.hashPassword('Password123'), 'Índia');
INSERT INTO trabalho.usuario_esta_inscrito_no_podcast VALUES (2, 'f1b92ce7-47a7-43cd-8586-4a09185cdd05', 'usr_218');
INSERT INTO trabalho.comentarios_podcast_usuario VALUES ('comment_218_0_0', 'Architecto ea tempora porro.', 'f1b92ce7-47a7-43cd-8586-4a09185cdd05', 'usr_218');
INSERT INTO trabalho.log_acesso VALUES ('log_218_0_0', 'f1b92ce7-47a7-43cd-8586-4a09185cdd05', 'usr_218');
INSERT INTO trabalho.log_acesso VALUES ('log_218_1_0', 'f1b92ce7-47a7-43cd-8586-4a09185cdd05', 'usr_218');
INSERT INTO trabalho.log_acesso VALUES ('log_218_2_0', 'f1b92ce7-47a7-43cd-8586-4a09185cdd05', 'usr_218');
INSERT INTO trabalho.log_acesso VALUES ('log_218_3_0', 'f1b92ce7-47a7-43cd-8586-4a09185cdd05', 'usr_218');
INSERT INTO trabalho.usuario_esta_inscrito_no_podcast VALUES (3, '219328a1-cec6-4e8c-b003-52a3ec9766bb', 'usr_218');
INSERT INTO trabalho.comentarios_podcast_usuario VALUES ('comment_218_0_1', 'Qui voluptatibus fugit dicta.', '219328a1-cec6-4e8c-b003-52a3ec9766bb', 'usr_218');
INSERT INTO trabalho.comentarios_podcast_usuario VALUES ('comment_218_1_1', 'Odio praesentium veritatis eos distinctio odio assumenda mollitia est.', '219328a1-cec6-4e8c-b003-52a3ec9766bb', 'usr_218');
INSERT INTO trabalho.comentarios_podcast_usuario VALUES ('comment_218_2_1', 'Facere temporibus culpa eveniet fugit.', '219328a1-cec6-4e8c-b003-52a3ec9766bb', 'usr_218');
INSERT INTO trabalho.log_acesso VALUES ('log_218_0_1', '219328a1-cec6-4e8c-b003-52a3ec9766bb', 'usr_218');
INSERT INTO trabalho.log_acesso VALUES ('log_218_1_1', '219328a1-cec6-4e8c-b003-52a3ec9766bb', 'usr_218');
INSERT INTO trabalho.log_acesso VALUES ('log_218_2_1', '219328a1-cec6-4e8c-b003-52a3ec9766bb', 'usr_218');
INSERT INTO trabalho.usuario_esta_inscrito_no_podcast VALUES (0, 'c58b280a-56d4-4ad8-8c85-730e4ea86361', 'usr_218');
INSERT INTO trabalho.comentarios_podcast_usuario VALUES ('comment_218_0_2', 'Cupiditate nostrum possimus recusandae.', 'c58b280a-56d4-4ad8-8c85-730e4ea86361', 'usr_218');
INSERT INTO trabalho.comentarios_podcast_usuario VALUES ('comment_218_1_2', 'Distinctio quo magnam perferendis placeat ipsum.', 'c58b280a-56d4-4ad8-8c85-730e4ea86361', 'usr_218');
INSERT INTO trabalho.log_acesso VALUES ('log_218_0_2', 'c58b280a-56d4-4ad8-8c85-730e4ea86361', 'usr_218');
INSERT INTO trabalho.log_acesso VALUES ('log_218_1_2', 'c58b280a-56d4-4ad8-8c85-730e4ea86361', 'usr_218');
INSERT INTO trabalho.log_acesso VALUES ('log_218_2_2', 'c58b280a-56d4-4ad8-8c85-730e4ea86361', 'usr_218');
INSERT INTO trabalho.log_acesso VALUES ('log_218_3_2', 'c58b280a-56d4-4ad8-8c85-730e4ea86361', 'usr_218');
INSERT INTO trabalho.usuario VALUES ('usr_219', '219_Ladislau_Saraiva@live.com', 'Ladislau Saraiva', 'male', 33, trabalho.hashPassword('Password123'), 'Nova Zelândia');
INSERT INTO trabalho.usuario_esta_inscrito_no_podcast VALUES (5, '7e429e8e-7669-403d-bb78-3cd7f9f75afd', 'usr_219');
INSERT INTO trabalho.comentarios_podcast_usuario VALUES ('comment_219_0_0', 'Non modi fugiat qui numquam.', '7e429e8e-7669-403d-bb78-3cd7f9f75afd', 'usr_219');
INSERT INTO trabalho.comentarios_podcast_usuario VALUES ('comment_219_1_0', 'Nam debitis et porro.', '7e429e8e-7669-403d-bb78-3cd7f9f75afd', 'usr_219');
INSERT INTO trabalho.comentarios_podcast_usuario VALUES ('comment_219_2_0', 'Et ab minus ea.', '7e429e8e-7669-403d-bb78-3cd7f9f75afd', 'usr_219');
INSERT INTO trabalho.log_acesso VALUES ('log_219_0_0', '7e429e8e-7669-403d-bb78-3cd7f9f75afd', 'usr_219');
INSERT INTO trabalho.log_acesso VALUES ('log_219_1_0', '7e429e8e-7669-403d-bb78-3cd7f9f75afd', 'usr_219');
INSERT INTO trabalho.log_acesso VALUES ('log_219_2_0', '7e429e8e-7669-403d-bb78-3cd7f9f75afd', 'usr_219');
INSERT INTO trabalho.log_acesso VALUES ('log_219_3_0', '7e429e8e-7669-403d-bb78-3cd7f9f75afd', 'usr_219');
INSERT INTO trabalho.log_acesso VALUES ('log_219_4_0', '7e429e8e-7669-403d-bb78-3cd7f9f75afd', 'usr_219');
INSERT INTO trabalho.usuario_esta_inscrito_no_podcast VALUES (0, 'c58b280a-56d4-4ad8-8c85-730e4ea86361', 'usr_219');
INSERT INTO trabalho.comentarios_podcast_usuario VALUES ('comment_219_0_1', 'Pariatur nesciunt ut.', 'c58b280a-56d4-4ad8-8c85-730e4ea86361', 'usr_219');
INSERT INTO trabalho.comentarios_podcast_usuario VALUES ('comment_219_1_1', 'Aut tempore nulla illo natus.', 'c58b280a-56d4-4ad8-8c85-730e4ea86361', 'usr_219');
INSERT INTO trabalho.log_acesso VALUES ('log_219_0_1', 'c58b280a-56d4-4ad8-8c85-730e4ea86361', 'usr_219');
INSERT INTO trabalho.log_acesso VALUES ('log_219_1_1', 'c58b280a-56d4-4ad8-8c85-730e4ea86361', 'usr_219');
INSERT INTO trabalho.usuario_esta_inscrito_no_podcast VALUES (0, 'f1b92ce7-47a7-43cd-8586-4a09185cdd05', 'usr_219');
INSERT INTO trabalho.comentarios_podcast_usuario VALUES ('comment_219_0_2', 'Est id non.', 'f1b92ce7-47a7-43cd-8586-4a09185cdd05', 'usr_219');
INSERT INTO trabalho.comentarios_podcast_usuario VALUES ('comment_219_1_2', 'Ullam incidunt reprehenderit.', 'f1b92ce7-47a7-43cd-8586-4a09185cdd05', 'usr_219');
INSERT INTO trabalho.comentarios_podcast_usuario VALUES ('comment_219_2_2', 'Quia eos at ipsa aut non et.', 'f1b92ce7-47a7-43cd-8586-4a09185cdd05', 'usr_219');
INSERT INTO trabalho.log_acesso VALUES ('log_219_0_2', 'f1b92ce7-47a7-43cd-8586-4a09185cdd05', 'usr_219');
INSERT INTO trabalho.log_acesso VALUES ('log_219_1_2', 'f1b92ce7-47a7-43cd-8586-4a09185cdd05', 'usr_219');
INSERT INTO trabalho.log_acesso VALUES ('log_219_2_2', 'f1b92ce7-47a7-43cd-8586-4a09185cdd05', 'usr_219');
INSERT INTO trabalho.usuario VALUES ('usr_220', '220_Breno_Nogueira@bol.com.br', 'Breno Nogueira', 'male', 6, trabalho.hashPassword('Password123'), 'Seicheles');
INSERT INTO trabalho.usuario_esta_inscrito_no_podcast VALUES (3, '5bdf7377-8330-4f9f-8efd-e95301c122ce', 'usr_220');
INSERT INTO trabalho.comentarios_podcast_usuario VALUES ('comment_220_0_0', 'Sed ea officiis dolores quasi eligendi velit.', '5bdf7377-8330-4f9f-8efd-e95301c122ce', 'usr_220');
INSERT INTO trabalho.comentarios_podcast_usuario VALUES ('comment_220_1_0', 'Laudantium minima error commodi.', '5bdf7377-8330-4f9f-8efd-e95301c122ce', 'usr_220');
INSERT INTO trabalho.log_acesso VALUES ('log_220_0_0', '5bdf7377-8330-4f9f-8efd-e95301c122ce', 'usr_220');
INSERT INTO trabalho.log_acesso VALUES ('log_220_1_0', '5bdf7377-8330-4f9f-8efd-e95301c122ce', 'usr_220');
INSERT INTO trabalho.log_acesso VALUES ('log_220_2_0', '5bdf7377-8330-4f9f-8efd-e95301c122ce', 'usr_220');
INSERT INTO trabalho.log_acesso VALUES ('log_220_3_0', '5bdf7377-8330-4f9f-8efd-e95301c122ce', 'usr_220');
INSERT INTO trabalho.log_acesso VALUES ('log_220_4_0', '5bdf7377-8330-4f9f-8efd-e95301c122ce', 'usr_220');
INSERT INTO trabalho.usuario_esta_inscrito_no_podcast VALUES (1, 'f8e13774-d631-4f34-93f0-2f5d55590265', 'usr_220');
INSERT INTO trabalho.comentarios_podcast_usuario VALUES ('comment_220_0_1', 'Voluptas quibusdam quis minus necessitatibus et sit voluptatem expedita.', 'f8e13774-d631-4f34-93f0-2f5d55590265', 'usr_220');
INSERT INTO trabalho.log_acesso VALUES ('log_220_0_1', 'f8e13774-d631-4f34-93f0-2f5d55590265', 'usr_220');
INSERT INTO trabalho.log_acesso VALUES ('log_220_1_1', 'f8e13774-d631-4f34-93f0-2f5d55590265', 'usr_220');
INSERT INTO trabalho.usuario_esta_inscrito_no_podcast VALUES (3, '7e429e8e-7669-403d-bb78-3cd7f9f75afd', 'usr_220');
INSERT INTO trabalho.comentarios_podcast_usuario VALUES ('comment_220_0_2', 'Ea veritatis veniam iure non vitae id quasi voluptatem.', '7e429e8e-7669-403d-bb78-3cd7f9f75afd', 'usr_220');
INSERT INTO trabalho.log_acesso VALUES ('log_220_0_2', '7e429e8e-7669-403d-bb78-3cd7f9f75afd', 'usr_220');
INSERT INTO trabalho.log_acesso VALUES ('log_220_1_2', '7e429e8e-7669-403d-bb78-3cd7f9f75afd', 'usr_220');
INSERT INTO trabalho.log_acesso VALUES ('log_220_2_2', '7e429e8e-7669-403d-bb78-3cd7f9f75afd', 'usr_220');
INSERT INTO trabalho.usuario VALUES ('usr_221', '221_Marcelo_Martins@bol.com.br', 'Marcelo Martins', 'male', 60, trabalho.hashPassword('Password123'), 'Afeganistão');
INSERT INTO trabalho.usuario_esta_inscrito_no_podcast VALUES (5, '219328a1-cec6-4e8c-b003-52a3ec9766bb', 'usr_221');
INSERT INTO trabalho.comentarios_podcast_usuario VALUES ('comment_221_0_0', 'Nemo mollitia vel voluptatem soluta et reprehenderit.', '219328a1-cec6-4e8c-b003-52a3ec9766bb', 'usr_221');
INSERT INTO trabalho.comentarios_podcast_usuario VALUES ('comment_221_1_0', 'Ut ut voluptas reiciendis dolor optio soluta dolores.', '219328a1-cec6-4e8c-b003-52a3ec9766bb', 'usr_221');
INSERT INTO trabalho.log_acesso VALUES ('log_221_0_0', '219328a1-cec6-4e8c-b003-52a3ec9766bb', 'usr_221');
INSERT INTO trabalho.log_acesso VALUES ('log_221_1_0', '219328a1-cec6-4e8c-b003-52a3ec9766bb', 'usr_221');
INSERT INTO trabalho.log_acesso VALUES ('log_221_2_0', '219328a1-cec6-4e8c-b003-52a3ec9766bb', 'usr_221');
INSERT INTO trabalho.usuario_esta_inscrito_no_podcast VALUES (4, 'af46a958-b921-47b6-9f87-5c4fdc68ea79', 'usr_221');
INSERT INTO trabalho.comentarios_podcast_usuario VALUES ('comment_221_0_1', 'Ut similique et placeat unde.', 'af46a958-b921-47b6-9f87-5c4fdc68ea79', 'usr_221');
INSERT INTO trabalho.log_acesso VALUES ('log_221_0_1', 'af46a958-b921-47b6-9f87-5c4fdc68ea79', 'usr_221');
INSERT INTO trabalho.log_acesso VALUES ('log_221_1_1', 'af46a958-b921-47b6-9f87-5c4fdc68ea79', 'usr_221');
INSERT INTO trabalho.log_acesso VALUES ('log_221_2_1', 'af46a958-b921-47b6-9f87-5c4fdc68ea79', 'usr_221');
INSERT INTO trabalho.log_acesso VALUES ('log_221_3_1', 'af46a958-b921-47b6-9f87-5c4fdc68ea79', 'usr_221');
INSERT INTO trabalho.usuario_esta_inscrito_no_podcast VALUES (5, 'f1b92ce7-47a7-43cd-8586-4a09185cdd05', 'usr_221');
INSERT INTO trabalho.comentarios_podcast_usuario VALUES ('comment_221_0_2', 'Sapiente distinctio eum.', 'f1b92ce7-47a7-43cd-8586-4a09185cdd05', 'usr_221');
INSERT INTO trabalho.comentarios_podcast_usuario VALUES ('comment_221_1_2', 'Sapiente qui vitae deserunt magni qui.', 'f1b92ce7-47a7-43cd-8586-4a09185cdd05', 'usr_221');
INSERT INTO trabalho.comentarios_podcast_usuario VALUES ('comment_221_2_2', 'Tempora maxime aut et vel doloremque.', 'f1b92ce7-47a7-43cd-8586-4a09185cdd05', 'usr_221');
INSERT INTO trabalho.comentarios_podcast_usuario VALUES ('comment_221_3_2', 'Aut voluptatum debitis ut.', 'f1b92ce7-47a7-43cd-8586-4a09185cdd05', 'usr_221');
INSERT INTO trabalho.log_acesso VALUES ('log_221_0_2', 'f1b92ce7-47a7-43cd-8586-4a09185cdd05', 'usr_221');
INSERT INTO trabalho.log_acesso VALUES ('log_221_1_2', 'f1b92ce7-47a7-43cd-8586-4a09185cdd05', 'usr_221');
INSERT INTO trabalho.log_acesso VALUES ('log_221_2_2', 'f1b92ce7-47a7-43cd-8586-4a09185cdd05', 'usr_221');
INSERT INTO trabalho.usuario VALUES ('usr_222', '222_Helena_Souza61@hotmail.com', 'Helena Souza', 'female', 0, trabalho.hashPassword('Password123'), 'Albânia');
INSERT INTO trabalho.usuario_esta_inscrito_no_podcast VALUES (4, '219328a1-cec6-4e8c-b003-52a3ec9766bb', 'usr_222');
INSERT INTO trabalho.comentarios_podcast_usuario VALUES ('comment_222_0_0', 'Doloremque animi possimus voluptatem sequi recusandae dolorem rem ea fugit.', '219328a1-cec6-4e8c-b003-52a3ec9766bb', 'usr_222');
INSERT INTO trabalho.log_acesso VALUES ('log_222_0_0', '219328a1-cec6-4e8c-b003-52a3ec9766bb', 'usr_222');
INSERT INTO trabalho.log_acesso VALUES ('log_222_1_0', '219328a1-cec6-4e8c-b003-52a3ec9766bb', 'usr_222');
INSERT INTO trabalho.log_acesso VALUES ('log_222_2_0', '219328a1-cec6-4e8c-b003-52a3ec9766bb', 'usr_222');
INSERT INTO trabalho.usuario_esta_inscrito_no_podcast VALUES (2, 'de2f0ddb-9903-436a-a5e2-54224254c818', 'usr_222');
INSERT INTO trabalho.comentarios_podcast_usuario VALUES ('comment_222_0_1', 'Quasi perspiciatis odio ut.', 'de2f0ddb-9903-436a-a5e2-54224254c818', 'usr_222');
INSERT INTO trabalho.comentarios_podcast_usuario VALUES ('comment_222_1_1', 'Ut aperiam voluptatibus molestias corrupti minus.', 'de2f0ddb-9903-436a-a5e2-54224254c818', 'usr_222');
INSERT INTO trabalho.comentarios_podcast_usuario VALUES ('comment_222_2_1', 'Dolorem sunt repellat quibusdam et accusantium.', 'de2f0ddb-9903-436a-a5e2-54224254c818', 'usr_222');
INSERT INTO trabalho.log_acesso VALUES ('log_222_0_1', 'de2f0ddb-9903-436a-a5e2-54224254c818', 'usr_222');
INSERT INTO trabalho.log_acesso VALUES ('log_222_1_1', 'de2f0ddb-9903-436a-a5e2-54224254c818', 'usr_222');
INSERT INTO trabalho.log_acesso VALUES ('log_222_2_1', 'de2f0ddb-9903-436a-a5e2-54224254c818', 'usr_222');
INSERT INTO trabalho.log_acesso VALUES ('log_222_3_1', 'de2f0ddb-9903-436a-a5e2-54224254c818', 'usr_222');
INSERT INTO trabalho.usuario_esta_inscrito_no_podcast VALUES (1, '67074e68-bc2f-442b-8af2-7d328b6af6eb', 'usr_222');
INSERT INTO trabalho.comentarios_podcast_usuario VALUES ('comment_222_0_2', 'Corporis distinctio autem consequatur exercitationem.', '67074e68-bc2f-442b-8af2-7d328b6af6eb', 'usr_222');
INSERT INTO trabalho.comentarios_podcast_usuario VALUES ('comment_222_1_2', 'Aperiam minus ratione repudiandae odit.', '67074e68-bc2f-442b-8af2-7d328b6af6eb', 'usr_222');
INSERT INTO trabalho.comentarios_podcast_usuario VALUES ('comment_222_2_2', 'Sunt sed ab officiis.', '67074e68-bc2f-442b-8af2-7d328b6af6eb', 'usr_222');
INSERT INTO trabalho.comentarios_podcast_usuario VALUES ('comment_222_3_2', 'Esse dolor pariatur velit sed voluptatem possimus.', '67074e68-bc2f-442b-8af2-7d328b6af6eb', 'usr_222');
INSERT INTO trabalho.comentarios_podcast_usuario VALUES ('comment_222_4_2', 'Error deleniti dolores impedit natus assumenda facilis ducimus.', '67074e68-bc2f-442b-8af2-7d328b6af6eb', 'usr_222');
INSERT INTO trabalho.log_acesso VALUES ('log_222_0_2', '67074e68-bc2f-442b-8af2-7d328b6af6eb', 'usr_222');
INSERT INTO trabalho.log_acesso VALUES ('log_222_1_2', '67074e68-bc2f-442b-8af2-7d328b6af6eb', 'usr_222');
INSERT INTO trabalho.log_acesso VALUES ('log_222_2_2', '67074e68-bc2f-442b-8af2-7d328b6af6eb', 'usr_222');
INSERT INTO trabalho.log_acesso VALUES ('log_222_3_2', '67074e68-bc2f-442b-8af2-7d328b6af6eb', 'usr_222');
INSERT INTO trabalho.log_acesso VALUES ('log_222_4_2', '67074e68-bc2f-442b-8af2-7d328b6af6eb', 'usr_222');
INSERT INTO trabalho.usuario VALUES ('usr_223', '223_Matheus4@bol.com.br', 'Matheus Silva', 'male', 40, trabalho.hashPassword('Password123'), 'Síria');
INSERT INTO trabalho.usuario_esta_inscrito_no_podcast VALUES (3, '67074e68-bc2f-442b-8af2-7d328b6af6eb', 'usr_223');
INSERT INTO trabalho.comentarios_podcast_usuario VALUES ('comment_223_0_0', 'Officiis eos error possimus perferendis error sit aut qui.', '67074e68-bc2f-442b-8af2-7d328b6af6eb', 'usr_223');
INSERT INTO trabalho.comentarios_podcast_usuario VALUES ('comment_223_1_0', 'Eum eum consequatur ea impedit ad ex nesciunt.', '67074e68-bc2f-442b-8af2-7d328b6af6eb', 'usr_223');
INSERT INTO trabalho.comentarios_podcast_usuario VALUES ('comment_223_2_0', 'Ducimus esse placeat consectetur dolore dolore.', '67074e68-bc2f-442b-8af2-7d328b6af6eb', 'usr_223');
INSERT INTO trabalho.log_acesso VALUES ('log_223_0_0', '67074e68-bc2f-442b-8af2-7d328b6af6eb', 'usr_223');
INSERT INTO trabalho.log_acesso VALUES ('log_223_1_0', '67074e68-bc2f-442b-8af2-7d328b6af6eb', 'usr_223');
INSERT INTO trabalho.log_acesso VALUES ('log_223_2_0', '67074e68-bc2f-442b-8af2-7d328b6af6eb', 'usr_223');
INSERT INTO trabalho.usuario_esta_inscrito_no_podcast VALUES (1, 'c58b280a-56d4-4ad8-8c85-730e4ea86361', 'usr_223');
INSERT INTO trabalho.comentarios_podcast_usuario VALUES ('comment_223_0_1', 'Quo inventore dolores aut aspernatur libero dignissimos illo.', 'c58b280a-56d4-4ad8-8c85-730e4ea86361', 'usr_223');
INSERT INTO trabalho.comentarios_podcast_usuario VALUES ('comment_223_1_1', 'Aut ut laudantium eum.', 'c58b280a-56d4-4ad8-8c85-730e4ea86361', 'usr_223');
INSERT INTO trabalho.comentarios_podcast_usuario VALUES ('comment_223_2_1', 'Perferendis velit dolore aut magni officiis fugit.', 'c58b280a-56d4-4ad8-8c85-730e4ea86361', 'usr_223');
INSERT INTO trabalho.log_acesso VALUES ('log_223_0_1', 'c58b280a-56d4-4ad8-8c85-730e4ea86361', 'usr_223');
INSERT INTO trabalho.log_acesso VALUES ('log_223_1_1', 'c58b280a-56d4-4ad8-8c85-730e4ea86361', 'usr_223');
INSERT INTO trabalho.log_acesso VALUES ('log_223_2_1', 'c58b280a-56d4-4ad8-8c85-730e4ea86361', 'usr_223');
INSERT INTO trabalho.usuario_esta_inscrito_no_podcast VALUES (1, 'fa3abe16-3645-4d22-a01d-893e6f20c408', 'usr_223');
INSERT INTO trabalho.comentarios_podcast_usuario VALUES ('comment_223_0_2', 'Optio totam praesentium.', 'fa3abe16-3645-4d22-a01d-893e6f20c408', 'usr_223');
INSERT INTO trabalho.comentarios_podcast_usuario VALUES ('comment_223_1_2', 'Cupiditate quaerat aut quibusdam et vel totam.', 'fa3abe16-3645-4d22-a01d-893e6f20c408', 'usr_223');
INSERT INTO trabalho.log_acesso VALUES ('log_223_0_2', 'fa3abe16-3645-4d22-a01d-893e6f20c408', 'usr_223');
INSERT INTO trabalho.log_acesso VALUES ('log_223_1_2', 'fa3abe16-3645-4d22-a01d-893e6f20c408', 'usr_223');
INSERT INTO trabalho.log_acesso VALUES ('log_223_2_2', 'fa3abe16-3645-4d22-a01d-893e6f20c408', 'usr_223');
INSERT INTO trabalho.usuario VALUES ('usr_224', '224_JooMiguel71@yahoo.com', 'João Miguel Braga', 'male', 28, trabalho.hashPassword('Password123'), 'Mali');
INSERT INTO trabalho.usuario_esta_inscrito_no_podcast VALUES (3, '7e429e8e-7669-403d-bb78-3cd7f9f75afd', 'usr_224');
INSERT INTO trabalho.comentarios_podcast_usuario VALUES ('comment_224_0_0', 'Et corrupti in molestiae.', '7e429e8e-7669-403d-bb78-3cd7f9f75afd', 'usr_224');
INSERT INTO trabalho.comentarios_podcast_usuario VALUES ('comment_224_1_0', 'Repellat dolor ut nam qui velit voluptatibus dolor ullam.', '7e429e8e-7669-403d-bb78-3cd7f9f75afd', 'usr_224');
INSERT INTO trabalho.comentarios_podcast_usuario VALUES ('comment_224_2_0', 'Alias et aperiam provident doloremque qui quo velit praesentium hic.', '7e429e8e-7669-403d-bb78-3cd7f9f75afd', 'usr_224');
INSERT INTO trabalho.comentarios_podcast_usuario VALUES ('comment_224_3_0', 'Accusantium dolor et repellendus omnis porro velit porro tenetur.', '7e429e8e-7669-403d-bb78-3cd7f9f75afd', 'usr_224');
INSERT INTO trabalho.comentarios_podcast_usuario VALUES ('comment_224_4_0', 'Nam dolores illum fuga nam atque eveniet repudiandae.', '7e429e8e-7669-403d-bb78-3cd7f9f75afd', 'usr_224');
INSERT INTO trabalho.comentarios_podcast_usuario VALUES ('comment_224_5_0', 'Veniam laborum excepturi atque minima delectus non.', '7e429e8e-7669-403d-bb78-3cd7f9f75afd', 'usr_224');
INSERT INTO trabalho.log_acesso VALUES ('log_224_0_0', '7e429e8e-7669-403d-bb78-3cd7f9f75afd', 'usr_224');
INSERT INTO trabalho.log_acesso VALUES ('log_224_1_0', '7e429e8e-7669-403d-bb78-3cd7f9f75afd', 'usr_224');
INSERT INTO trabalho.log_acesso VALUES ('log_224_2_0', '7e429e8e-7669-403d-bb78-3cd7f9f75afd', 'usr_224');
INSERT INTO trabalho.log_acesso VALUES ('log_224_3_0', '7e429e8e-7669-403d-bb78-3cd7f9f75afd', 'usr_224');
INSERT INTO trabalho.usuario_esta_inscrito_no_podcast VALUES (5, 'f1b92ce7-47a7-43cd-8586-4a09185cdd05', 'usr_224');
INSERT INTO trabalho.comentarios_podcast_usuario VALUES ('comment_224_0_1', 'Commodi assumenda architecto.', 'f1b92ce7-47a7-43cd-8586-4a09185cdd05', 'usr_224');
INSERT INTO trabalho.comentarios_podcast_usuario VALUES ('comment_224_1_1', 'Voluptate recusandae illo repellat quidem provident perspiciatis asperiores.', 'f1b92ce7-47a7-43cd-8586-4a09185cdd05', 'usr_224');
INSERT INTO trabalho.comentarios_podcast_usuario VALUES ('comment_224_2_1', 'Ea sapiente porro.', 'f1b92ce7-47a7-43cd-8586-4a09185cdd05', 'usr_224');
INSERT INTO trabalho.log_acesso VALUES ('log_224_0_1', 'f1b92ce7-47a7-43cd-8586-4a09185cdd05', 'usr_224');
INSERT INTO trabalho.log_acesso VALUES ('log_224_1_1', 'f1b92ce7-47a7-43cd-8586-4a09185cdd05', 'usr_224');
INSERT INTO trabalho.log_acesso VALUES ('log_224_2_1', 'f1b92ce7-47a7-43cd-8586-4a09185cdd05', 'usr_224');
INSERT INTO trabalho.log_acesso VALUES ('log_224_3_1', 'f1b92ce7-47a7-43cd-8586-4a09185cdd05', 'usr_224');
INSERT INTO trabalho.log_acesso VALUES ('log_224_4_1', 'f1b92ce7-47a7-43cd-8586-4a09185cdd05', 'usr_224');
INSERT INTO trabalho.usuario_esta_inscrito_no_podcast VALUES (0, '67074e68-bc2f-442b-8af2-7d328b6af6eb', 'usr_224');
INSERT INTO trabalho.comentarios_podcast_usuario VALUES ('comment_224_0_2', 'Similique minus et.', '67074e68-bc2f-442b-8af2-7d328b6af6eb', 'usr_224');
INSERT INTO trabalho.comentarios_podcast_usuario VALUES ('comment_224_1_2', 'Consequatur veritatis aut amet alias aliquid voluptas quaerat quibusdam.', '67074e68-bc2f-442b-8af2-7d328b6af6eb', 'usr_224');
INSERT INTO trabalho.comentarios_podcast_usuario VALUES ('comment_224_2_2', 'Quidem placeat et exercitationem neque in corporis.', '67074e68-bc2f-442b-8af2-7d328b6af6eb', 'usr_224');
INSERT INTO trabalho.log_acesso VALUES ('log_224_0_2', '67074e68-bc2f-442b-8af2-7d328b6af6eb', 'usr_224');
INSERT INTO trabalho.usuario VALUES ('usr_225', '225_PedroHenrique_Albuquerque59@yahoo.com', 'Pedro Henrique Albuquerque', 'male', 5, trabalho.hashPassword('Password123'), 'Maurícia');
INSERT INTO trabalho.usuario_esta_inscrito_no_podcast VALUES (2, 'f1b92ce7-47a7-43cd-8586-4a09185cdd05', 'usr_225');
INSERT INTO trabalho.comentarios_podcast_usuario VALUES ('comment_225_0_0', 'Inventore porro aut veniam dicta.', 'f1b92ce7-47a7-43cd-8586-4a09185cdd05', 'usr_225');
INSERT INTO trabalho.comentarios_podcast_usuario VALUES ('comment_225_1_0', 'Voluptatem consequatur consequatur quam assumenda.', 'f1b92ce7-47a7-43cd-8586-4a09185cdd05', 'usr_225');
INSERT INTO trabalho.comentarios_podcast_usuario VALUES ('comment_225_2_0', 'Debitis quam veniam explicabo maiores tempora iste.', 'f1b92ce7-47a7-43cd-8586-4a09185cdd05', 'usr_225');
INSERT INTO trabalho.comentarios_podcast_usuario VALUES ('comment_225_3_0', 'Eligendi voluptatibus omnis numquam vero voluptatibus distinctio.', 'f1b92ce7-47a7-43cd-8586-4a09185cdd05', 'usr_225');
INSERT INTO trabalho.log_acesso VALUES ('log_225_0_0', 'f1b92ce7-47a7-43cd-8586-4a09185cdd05', 'usr_225');
INSERT INTO trabalho.usuario_esta_inscrito_no_podcast VALUES (4, 'f8e13774-d631-4f34-93f0-2f5d55590265', 'usr_225');
INSERT INTO trabalho.comentarios_podcast_usuario VALUES ('comment_225_0_1', 'Soluta illo earum aut voluptate.', 'f8e13774-d631-4f34-93f0-2f5d55590265', 'usr_225');
INSERT INTO trabalho.comentarios_podcast_usuario VALUES ('comment_225_1_1', 'Placeat voluptatibus eligendi.', 'f8e13774-d631-4f34-93f0-2f5d55590265', 'usr_225');
INSERT INTO trabalho.comentarios_podcast_usuario VALUES ('comment_225_2_1', 'Eveniet libero impedit non.', 'f8e13774-d631-4f34-93f0-2f5d55590265', 'usr_225');
INSERT INTO trabalho.comentarios_podcast_usuario VALUES ('comment_225_3_1', 'Repellendus commodi nostrum perspiciatis voluptate veritatis non maiores dolores necessitatibus.', 'f8e13774-d631-4f34-93f0-2f5d55590265', 'usr_225');
INSERT INTO trabalho.comentarios_podcast_usuario VALUES ('comment_225_4_1', 'Amet tempore autem quod.', 'f8e13774-d631-4f34-93f0-2f5d55590265', 'usr_225');
INSERT INTO trabalho.log_acesso VALUES ('log_225_0_1', 'f8e13774-d631-4f34-93f0-2f5d55590265', 'usr_225');
INSERT INTO trabalho.log_acesso VALUES ('log_225_1_1', 'f8e13774-d631-4f34-93f0-2f5d55590265', 'usr_225');
INSERT INTO trabalho.log_acesso VALUES ('log_225_2_1', 'f8e13774-d631-4f34-93f0-2f5d55590265', 'usr_225');
INSERT INTO trabalho.usuario_esta_inscrito_no_podcast VALUES (4, '219328a1-cec6-4e8c-b003-52a3ec9766bb', 'usr_225');
INSERT INTO trabalho.comentarios_podcast_usuario VALUES ('comment_225_0_2', 'Minus ad consequatur explicabo quam et.', '219328a1-cec6-4e8c-b003-52a3ec9766bb', 'usr_225');
INSERT INTO trabalho.comentarios_podcast_usuario VALUES ('comment_225_1_2', 'Dolores atque ipsam voluptate commodi assumenda neque.', '219328a1-cec6-4e8c-b003-52a3ec9766bb', 'usr_225');
INSERT INTO trabalho.log_acesso VALUES ('log_225_0_2', '219328a1-cec6-4e8c-b003-52a3ec9766bb', 'usr_225');
INSERT INTO trabalho.log_acesso VALUES ('log_225_1_2', '219328a1-cec6-4e8c-b003-52a3ec9766bb', 'usr_225');
INSERT INTO trabalho.log_acesso VALUES ('log_225_2_2', '219328a1-cec6-4e8c-b003-52a3ec9766bb', 'usr_225');
INSERT INTO trabalho.usuario VALUES ('usr_226', '226_Caio_Melo@hotmail.com', 'Caio Melo', 'male', 5, trabalho.hashPassword('Password123'), 'Eslovênia');
INSERT INTO trabalho.usuario_esta_inscrito_no_podcast VALUES (5, '168c1536-4c42-4b8f-8c77-f06affefec6a', 'usr_226');
INSERT INTO trabalho.comentarios_podcast_usuario VALUES ('comment_226_0_0', 'Non autem impedit hic dolores aliquid sunt omnis.', '168c1536-4c42-4b8f-8c77-f06affefec6a', 'usr_226');
INSERT INTO trabalho.comentarios_podcast_usuario VALUES ('comment_226_1_0', 'Aut tempora iure consectetur eos quaerat.', '168c1536-4c42-4b8f-8c77-f06affefec6a', 'usr_226');
INSERT INTO trabalho.comentarios_podcast_usuario VALUES ('comment_226_2_0', 'Amet laudantium non deleniti ducimus est.', '168c1536-4c42-4b8f-8c77-f06affefec6a', 'usr_226');
INSERT INTO trabalho.comentarios_podcast_usuario VALUES ('comment_226_3_0', 'Dolorum autem distinctio ad.', '168c1536-4c42-4b8f-8c77-f06affefec6a', 'usr_226');
INSERT INTO trabalho.log_acesso VALUES ('log_226_0_0', '168c1536-4c42-4b8f-8c77-f06affefec6a', 'usr_226');
INSERT INTO trabalho.log_acesso VALUES ('log_226_1_0', '168c1536-4c42-4b8f-8c77-f06affefec6a', 'usr_226');
INSERT INTO trabalho.log_acesso VALUES ('log_226_2_0', '168c1536-4c42-4b8f-8c77-f06affefec6a', 'usr_226');
INSERT INTO trabalho.usuario_esta_inscrito_no_podcast VALUES (4, '67074e68-bc2f-442b-8af2-7d328b6af6eb', 'usr_226');
INSERT INTO trabalho.comentarios_podcast_usuario VALUES ('comment_226_0_1', 'Aut alias est illo omnis laboriosam iure veniam rerum.', '67074e68-bc2f-442b-8af2-7d328b6af6eb', 'usr_226');
INSERT INTO trabalho.comentarios_podcast_usuario VALUES ('comment_226_1_1', 'Quasi et nemo harum debitis rerum dolorem ipsa.', '67074e68-bc2f-442b-8af2-7d328b6af6eb', 'usr_226');
INSERT INTO trabalho.log_acesso VALUES ('log_226_0_1', '67074e68-bc2f-442b-8af2-7d328b6af6eb', 'usr_226');
INSERT INTO trabalho.log_acesso VALUES ('log_226_1_1', '67074e68-bc2f-442b-8af2-7d328b6af6eb', 'usr_226');
INSERT INTO trabalho.usuario_esta_inscrito_no_podcast VALUES (4, 'bc8dac25-793c-4a96-aafc-4ea7020f4f60', 'usr_226');
INSERT INTO trabalho.comentarios_podcast_usuario VALUES ('comment_226_0_2', 'Molestiae sed voluptatem in rem alias odit nulla.', 'bc8dac25-793c-4a96-aafc-4ea7020f4f60', 'usr_226');
INSERT INTO trabalho.comentarios_podcast_usuario VALUES ('comment_226_1_2', 'Est necessitatibus a id illo accusantium.', 'bc8dac25-793c-4a96-aafc-4ea7020f4f60', 'usr_226');
INSERT INTO trabalho.comentarios_podcast_usuario VALUES ('comment_226_2_2', 'Eos velit et quia eos aspernatur asperiores.', 'bc8dac25-793c-4a96-aafc-4ea7020f4f60', 'usr_226');
INSERT INTO trabalho.comentarios_podcast_usuario VALUES ('comment_226_3_2', 'Accusamus ab eos provident id dolores temporibus voluptates et ut.', 'bc8dac25-793c-4a96-aafc-4ea7020f4f60', 'usr_226');
INSERT INTO trabalho.comentarios_podcast_usuario VALUES ('comment_226_4_2', 'Natus reiciendis corrupti hic aut eligendi fugit voluptate et et.', 'bc8dac25-793c-4a96-aafc-4ea7020f4f60', 'usr_226');
INSERT INTO trabalho.log_acesso VALUES ('log_226_0_2', 'bc8dac25-793c-4a96-aafc-4ea7020f4f60', 'usr_226');
INSERT INTO trabalho.log_acesso VALUES ('log_226_1_2', 'bc8dac25-793c-4a96-aafc-4ea7020f4f60', 'usr_226');
INSERT INTO trabalho.log_acesso VALUES ('log_226_2_2', 'bc8dac25-793c-4a96-aafc-4ea7020f4f60', 'usr_226');
INSERT INTO trabalho.log_acesso VALUES ('log_226_3_2', 'bc8dac25-793c-4a96-aafc-4ea7020f4f60', 'usr_226');
INSERT INTO trabalho.log_acesso VALUES ('log_226_4_2', 'bc8dac25-793c-4a96-aafc-4ea7020f4f60', 'usr_226');
INSERT INTO trabalho.log_acesso VALUES ('log_226_5_2', 'bc8dac25-793c-4a96-aafc-4ea7020f4f60', 'usr_226');
INSERT INTO trabalho.usuario VALUES ('usr_227', '227_Yasmin16@yahoo.com', 'Yasmin Santos', 'female', 45, trabalho.hashPassword('Password123'), 'Quênia');
INSERT INTO trabalho.usuario_esta_inscrito_no_podcast VALUES (0, 'af46a958-b921-47b6-9f87-5c4fdc68ea79', 'usr_227');
INSERT INTO trabalho.comentarios_podcast_usuario VALUES ('comment_227_0_0', 'Modi quia deleniti commodi.', 'af46a958-b921-47b6-9f87-5c4fdc68ea79', 'usr_227');
INSERT INTO trabalho.comentarios_podcast_usuario VALUES ('comment_227_1_0', 'Dolores ratione sunt delectus dolorem cum voluptatibus ipsa.', 'af46a958-b921-47b6-9f87-5c4fdc68ea79', 'usr_227');
INSERT INTO trabalho.comentarios_podcast_usuario VALUES ('comment_227_2_0', 'Explicabo quia et.', 'af46a958-b921-47b6-9f87-5c4fdc68ea79', 'usr_227');
INSERT INTO trabalho.log_acesso VALUES ('log_227_0_0', 'af46a958-b921-47b6-9f87-5c4fdc68ea79', 'usr_227');
INSERT INTO trabalho.log_acesso VALUES ('log_227_1_0', 'af46a958-b921-47b6-9f87-5c4fdc68ea79', 'usr_227');
INSERT INTO trabalho.usuario_esta_inscrito_no_podcast VALUES (3, 'f0166bd2-8e4d-4308-b5d7-0b3d627c5dc5', 'usr_227');
INSERT INTO trabalho.comentarios_podcast_usuario VALUES ('comment_227_0_1', 'Dicta enim voluptas explicabo explicabo numquam quia labore eos et.', 'f0166bd2-8e4d-4308-b5d7-0b3d627c5dc5', 'usr_227');
INSERT INTO trabalho.log_acesso VALUES ('log_227_0_1', 'f0166bd2-8e4d-4308-b5d7-0b3d627c5dc5', 'usr_227');
INSERT INTO trabalho.log_acesso VALUES ('log_227_1_1', 'f0166bd2-8e4d-4308-b5d7-0b3d627c5dc5', 'usr_227');
INSERT INTO trabalho.usuario_esta_inscrito_no_podcast VALUES (3, 'bc8dac25-793c-4a96-aafc-4ea7020f4f60', 'usr_227');
INSERT INTO trabalho.comentarios_podcast_usuario VALUES ('comment_227_0_2', 'Voluptates accusantium sed quia officiis omnis.', 'bc8dac25-793c-4a96-aafc-4ea7020f4f60', 'usr_227');
INSERT INTO trabalho.comentarios_podcast_usuario VALUES ('comment_227_1_2', 'Distinctio tempore sit voluptas sunt voluptate ipsam.', 'bc8dac25-793c-4a96-aafc-4ea7020f4f60', 'usr_227');
INSERT INTO trabalho.comentarios_podcast_usuario VALUES ('comment_227_2_2', 'Impedit sapiente eligendi sed id impedit non animi expedita.', 'bc8dac25-793c-4a96-aafc-4ea7020f4f60', 'usr_227');
INSERT INTO trabalho.comentarios_podcast_usuario VALUES ('comment_227_3_2', 'Aliquid sit impedit voluptatem maiores cum.', 'bc8dac25-793c-4a96-aafc-4ea7020f4f60', 'usr_227');
INSERT INTO trabalho.log_acesso VALUES ('log_227_0_2', 'bc8dac25-793c-4a96-aafc-4ea7020f4f60', 'usr_227');
INSERT INTO trabalho.log_acesso VALUES ('log_227_1_2', 'bc8dac25-793c-4a96-aafc-4ea7020f4f60', 'usr_227');
INSERT INTO trabalho.log_acesso VALUES ('log_227_2_2', 'bc8dac25-793c-4a96-aafc-4ea7020f4f60', 'usr_227');
INSERT INTO trabalho.usuario VALUES ('usr_228', '228_Alessandro.Batista43@live.com', 'Alessandro Batista', 'male', 50, trabalho.hashPassword('Password123'), 'Honduras');
INSERT INTO trabalho.usuario_esta_inscrito_no_podcast VALUES (1, '219328a1-cec6-4e8c-b003-52a3ec9766bb', 'usr_228');
INSERT INTO trabalho.comentarios_podcast_usuario VALUES ('comment_228_0_0', 'Nam eos nostrum recusandae ut nisi sit explicabo dolores molestias.', '219328a1-cec6-4e8c-b003-52a3ec9766bb', 'usr_228');
INSERT INTO trabalho.comentarios_podcast_usuario VALUES ('comment_228_1_0', 'Perferendis quae dolorum est et nisi.', '219328a1-cec6-4e8c-b003-52a3ec9766bb', 'usr_228');
INSERT INTO trabalho.comentarios_podcast_usuario VALUES ('comment_228_2_0', 'Laborum autem modi et.', '219328a1-cec6-4e8c-b003-52a3ec9766bb', 'usr_228');
INSERT INTO trabalho.comentarios_podcast_usuario VALUES ('comment_228_3_0', 'Cupiditate officiis iure ut modi iste temporibus dolores aut rem.', '219328a1-cec6-4e8c-b003-52a3ec9766bb', 'usr_228');
INSERT INTO trabalho.log_acesso VALUES ('log_228_0_0', '219328a1-cec6-4e8c-b003-52a3ec9766bb', 'usr_228');
INSERT INTO trabalho.log_acesso VALUES ('log_228_1_0', '219328a1-cec6-4e8c-b003-52a3ec9766bb', 'usr_228');
INSERT INTO trabalho.log_acesso VALUES ('log_228_2_0', '219328a1-cec6-4e8c-b003-52a3ec9766bb', 'usr_228');
INSERT INTO trabalho.log_acesso VALUES ('log_228_3_0', '219328a1-cec6-4e8c-b003-52a3ec9766bb', 'usr_228');
INSERT INTO trabalho.log_acesso VALUES ('log_228_4_0', '219328a1-cec6-4e8c-b003-52a3ec9766bb', 'usr_228');
INSERT INTO trabalho.log_acesso VALUES ('log_228_5_0', '219328a1-cec6-4e8c-b003-52a3ec9766bb', 'usr_228');
INSERT INTO trabalho.usuario_esta_inscrito_no_podcast VALUES (4, 'f8e13774-d631-4f34-93f0-2f5d55590265', 'usr_228');
INSERT INTO trabalho.comentarios_podcast_usuario VALUES ('comment_228_0_1', 'Id est minima rerum.', 'f8e13774-d631-4f34-93f0-2f5d55590265', 'usr_228');
INSERT INTO trabalho.comentarios_podcast_usuario VALUES ('comment_228_1_1', 'Inventore temporibus blanditiis.', 'f8e13774-d631-4f34-93f0-2f5d55590265', 'usr_228');
INSERT INTO trabalho.comentarios_podcast_usuario VALUES ('comment_228_2_1', 'Asperiores et neque dolore quia quaerat et aut ut.', 'f8e13774-d631-4f34-93f0-2f5d55590265', 'usr_228');
INSERT INTO trabalho.log_acesso VALUES ('log_228_0_1', 'f8e13774-d631-4f34-93f0-2f5d55590265', 'usr_228');
INSERT INTO trabalho.log_acesso VALUES ('log_228_1_1', 'f8e13774-d631-4f34-93f0-2f5d55590265', 'usr_228');
INSERT INTO trabalho.log_acesso VALUES ('log_228_2_1', 'f8e13774-d631-4f34-93f0-2f5d55590265', 'usr_228');
INSERT INTO trabalho.log_acesso VALUES ('log_228_3_1', 'f8e13774-d631-4f34-93f0-2f5d55590265', 'usr_228');
INSERT INTO trabalho.log_acesso VALUES ('log_228_4_1', 'f8e13774-d631-4f34-93f0-2f5d55590265', 'usr_228');
INSERT INTO trabalho.usuario_esta_inscrito_no_podcast VALUES (1, '5bdf7377-8330-4f9f-8efd-e95301c122ce', 'usr_228');
INSERT INTO trabalho.comentarios_podcast_usuario VALUES ('comment_228_0_2', 'Illum dicta quos explicabo commodi id.', '5bdf7377-8330-4f9f-8efd-e95301c122ce', 'usr_228');
INSERT INTO trabalho.comentarios_podcast_usuario VALUES ('comment_228_1_2', 'Numquam temporibus adipisci debitis enim sunt quaerat eaque itaque consequatur.', '5bdf7377-8330-4f9f-8efd-e95301c122ce', 'usr_228');
INSERT INTO trabalho.comentarios_podcast_usuario VALUES ('comment_228_2_2', 'Suscipit amet aut.', '5bdf7377-8330-4f9f-8efd-e95301c122ce', 'usr_228');
INSERT INTO trabalho.comentarios_podcast_usuario VALUES ('comment_228_3_2', 'Perspiciatis voluptatibus non odio asperiores suscipit.', '5bdf7377-8330-4f9f-8efd-e95301c122ce', 'usr_228');
INSERT INTO trabalho.comentarios_podcast_usuario VALUES ('comment_228_4_2', 'Quae voluptas distinctio et sunt voluptatem est accusamus tempore.', '5bdf7377-8330-4f9f-8efd-e95301c122ce', 'usr_228');
INSERT INTO trabalho.log_acesso VALUES ('log_228_0_2', '5bdf7377-8330-4f9f-8efd-e95301c122ce', 'usr_228');
INSERT INTO trabalho.log_acesso VALUES ('log_228_1_2', '5bdf7377-8330-4f9f-8efd-e95301c122ce', 'usr_228');
INSERT INTO trabalho.log_acesso VALUES ('log_228_2_2', '5bdf7377-8330-4f9f-8efd-e95301c122ce', 'usr_228');
INSERT INTO trabalho.usuario VALUES ('usr_229', '229_Yago_Saraiva@yahoo.com', 'Yago Saraiva', 'male', 27, trabalho.hashPassword('Password123'), 'Quiribati');
INSERT INTO trabalho.usuario_esta_inscrito_no_podcast VALUES (5, 'af46a958-b921-47b6-9f87-5c4fdc68ea79', 'usr_229');
INSERT INTO trabalho.comentarios_podcast_usuario VALUES ('comment_229_0_0', 'Sapiente excepturi culpa nulla rerum minus corporis corrupti pariatur.', 'af46a958-b921-47b6-9f87-5c4fdc68ea79', 'usr_229');
INSERT INTO trabalho.comentarios_podcast_usuario VALUES ('comment_229_1_0', 'Vel eaque laudantium.', 'af46a958-b921-47b6-9f87-5c4fdc68ea79', 'usr_229');
INSERT INTO trabalho.comentarios_podcast_usuario VALUES ('comment_229_2_0', 'Veniam sapiente provident vitae odio.', 'af46a958-b921-47b6-9f87-5c4fdc68ea79', 'usr_229');
INSERT INTO trabalho.comentarios_podcast_usuario VALUES ('comment_229_3_0', 'Aut delectus deserunt atque minima quam.', 'af46a958-b921-47b6-9f87-5c4fdc68ea79', 'usr_229');
INSERT INTO trabalho.comentarios_podcast_usuario VALUES ('comment_229_4_0', 'Doloremque rerum saepe ea voluptate est beatae iure.', 'af46a958-b921-47b6-9f87-5c4fdc68ea79', 'usr_229');
INSERT INTO trabalho.comentarios_podcast_usuario VALUES ('comment_229_5_0', 'Cumque dolore non ipsam deleniti voluptatibus et.', 'af46a958-b921-47b6-9f87-5c4fdc68ea79', 'usr_229');
INSERT INTO trabalho.log_acesso VALUES ('log_229_0_0', 'af46a958-b921-47b6-9f87-5c4fdc68ea79', 'usr_229');
INSERT INTO trabalho.log_acesso VALUES ('log_229_1_0', 'af46a958-b921-47b6-9f87-5c4fdc68ea79', 'usr_229');
INSERT INTO trabalho.log_acesso VALUES ('log_229_2_0', 'af46a958-b921-47b6-9f87-5c4fdc68ea79', 'usr_229');
INSERT INTO trabalho.log_acesso VALUES ('log_229_3_0', 'af46a958-b921-47b6-9f87-5c4fdc68ea79', 'usr_229');
INSERT INTO trabalho.usuario_esta_inscrito_no_podcast VALUES (1, 'f0166bd2-8e4d-4308-b5d7-0b3d627c5dc5', 'usr_229');
INSERT INTO trabalho.comentarios_podcast_usuario VALUES ('comment_229_0_1', 'Omnis id velit iste delectus consectetur a distinctio.', 'f0166bd2-8e4d-4308-b5d7-0b3d627c5dc5', 'usr_229');
INSERT INTO trabalho.log_acesso VALUES ('log_229_0_1', 'f0166bd2-8e4d-4308-b5d7-0b3d627c5dc5', 'usr_229');
INSERT INTO trabalho.log_acesso VALUES ('log_229_1_1', 'f0166bd2-8e4d-4308-b5d7-0b3d627c5dc5', 'usr_229');
INSERT INTO trabalho.usuario_esta_inscrito_no_podcast VALUES (2, '5bdf7377-8330-4f9f-8efd-e95301c122ce', 'usr_229');
INSERT INTO trabalho.comentarios_podcast_usuario VALUES ('comment_229_0_2', 'Rem ut et laudantium ipsa eos.', '5bdf7377-8330-4f9f-8efd-e95301c122ce', 'usr_229');
INSERT INTO trabalho.comentarios_podcast_usuario VALUES ('comment_229_1_2', 'In libero blanditiis necessitatibus in ab nesciunt voluptas laborum.', '5bdf7377-8330-4f9f-8efd-e95301c122ce', 'usr_229');
INSERT INTO trabalho.comentarios_podcast_usuario VALUES ('comment_229_2_2', 'Eos et sed et repellendus.', '5bdf7377-8330-4f9f-8efd-e95301c122ce', 'usr_229');
INSERT INTO trabalho.log_acesso VALUES ('log_229_0_2', '5bdf7377-8330-4f9f-8efd-e95301c122ce', 'usr_229');
INSERT INTO trabalho.log_acesso VALUES ('log_229_1_2', '5bdf7377-8330-4f9f-8efd-e95301c122ce', 'usr_229');
INSERT INTO trabalho.log_acesso VALUES ('log_229_2_2', '5bdf7377-8330-4f9f-8efd-e95301c122ce', 'usr_229');
INSERT INTO trabalho.usuario VALUES ('usr_230', '230_Sophia_Xavier@live.com', 'Sophia Xavier', 'female', 13, trabalho.hashPassword('Password123'), 'Vaticano');
INSERT INTO trabalho.usuario_esta_inscrito_no_podcast VALUES (0, 'f1b92ce7-47a7-43cd-8586-4a09185cdd05', 'usr_230');
INSERT INTO trabalho.comentarios_podcast_usuario VALUES ('comment_230_0_0', 'Et et libero atque perspiciatis qui necessitatibus numquam.', 'f1b92ce7-47a7-43cd-8586-4a09185cdd05', 'usr_230');
INSERT INTO trabalho.comentarios_podcast_usuario VALUES ('comment_230_1_0', 'Iusto non et natus et rerum consequatur ipsa iste qui.', 'f1b92ce7-47a7-43cd-8586-4a09185cdd05', 'usr_230');
INSERT INTO trabalho.comentarios_podcast_usuario VALUES ('comment_230_2_0', 'Temporibus occaecati cumque ab dicta tempore.', 'f1b92ce7-47a7-43cd-8586-4a09185cdd05', 'usr_230');
INSERT INTO trabalho.log_acesso VALUES ('log_230_0_0', 'f1b92ce7-47a7-43cd-8586-4a09185cdd05', 'usr_230');
INSERT INTO trabalho.log_acesso VALUES ('log_230_1_0', 'f1b92ce7-47a7-43cd-8586-4a09185cdd05', 'usr_230');
INSERT INTO trabalho.usuario_esta_inscrito_no_podcast VALUES (1, '5bdf7377-8330-4f9f-8efd-e95301c122ce', 'usr_230');
INSERT INTO trabalho.comentarios_podcast_usuario VALUES ('comment_230_0_1', 'Quia odit non dolores id est et expedita alias sunt.', '5bdf7377-8330-4f9f-8efd-e95301c122ce', 'usr_230');
INSERT INTO trabalho.comentarios_podcast_usuario VALUES ('comment_230_1_1', 'Quia eius esse.', '5bdf7377-8330-4f9f-8efd-e95301c122ce', 'usr_230');
INSERT INTO trabalho.comentarios_podcast_usuario VALUES ('comment_230_2_1', 'Veritatis et atque quis.', '5bdf7377-8330-4f9f-8efd-e95301c122ce', 'usr_230');
INSERT INTO trabalho.comentarios_podcast_usuario VALUES ('comment_230_3_1', 'Dolorum placeat eos ipsum mollitia.', '5bdf7377-8330-4f9f-8efd-e95301c122ce', 'usr_230');
INSERT INTO trabalho.log_acesso VALUES ('log_230_0_1', '5bdf7377-8330-4f9f-8efd-e95301c122ce', 'usr_230');
INSERT INTO trabalho.log_acesso VALUES ('log_230_1_1', '5bdf7377-8330-4f9f-8efd-e95301c122ce', 'usr_230');
INSERT INTO trabalho.log_acesso VALUES ('log_230_2_1', '5bdf7377-8330-4f9f-8efd-e95301c122ce', 'usr_230');
INSERT INTO trabalho.usuario_esta_inscrito_no_podcast VALUES (1, 'f8e13774-d631-4f34-93f0-2f5d55590265', 'usr_230');
INSERT INTO trabalho.comentarios_podcast_usuario VALUES ('comment_230_0_2', 'Asperiores beatae qui.', 'f8e13774-d631-4f34-93f0-2f5d55590265', 'usr_230');
INSERT INTO trabalho.comentarios_podcast_usuario VALUES ('comment_230_1_2', 'Quisquam nam qui occaecati rerum expedita et dolores.', 'f8e13774-d631-4f34-93f0-2f5d55590265', 'usr_230');
INSERT INTO trabalho.log_acesso VALUES ('log_230_0_2', 'f8e13774-d631-4f34-93f0-2f5d55590265', 'usr_230');
INSERT INTO trabalho.log_acesso VALUES ('log_230_1_2', 'f8e13774-d631-4f34-93f0-2f5d55590265', 'usr_230');
INSERT INTO trabalho.log_acesso VALUES ('log_230_2_2', 'f8e13774-d631-4f34-93f0-2f5d55590265', 'usr_230');
INSERT INTO trabalho.log_acesso VALUES ('log_230_3_2', 'f8e13774-d631-4f34-93f0-2f5d55590265', 'usr_230');
INSERT INTO trabalho.log_acesso VALUES ('log_230_4_2', 'f8e13774-d631-4f34-93f0-2f5d55590265', 'usr_230');
INSERT INTO trabalho.log_acesso VALUES ('log_230_5_2', 'f8e13774-d631-4f34-93f0-2f5d55590265', 'usr_230');
INSERT INTO trabalho.usuario VALUES ('usr_231', '231_Esther20@gmail.com', 'Esther Melo', 'female', 53, trabalho.hashPassword('Password123'), 'Costa do Marfim');
INSERT INTO trabalho.usuario_esta_inscrito_no_podcast VALUES (5, '168c1536-4c42-4b8f-8c77-f06affefec6a', 'usr_231');
INSERT INTO trabalho.comentarios_podcast_usuario VALUES ('comment_231_0_0', 'Iusto aliquam laudantium velit possimus quaerat corporis fuga magnam.', '168c1536-4c42-4b8f-8c77-f06affefec6a', 'usr_231');
INSERT INTO trabalho.comentarios_podcast_usuario VALUES ('comment_231_1_0', 'Enim explicabo in aperiam ut.', '168c1536-4c42-4b8f-8c77-f06affefec6a', 'usr_231');
INSERT INTO trabalho.comentarios_podcast_usuario VALUES ('comment_231_2_0', 'Magni dolorem asperiores sit architecto.', '168c1536-4c42-4b8f-8c77-f06affefec6a', 'usr_231');
INSERT INTO trabalho.comentarios_podcast_usuario VALUES ('comment_231_3_0', 'Dolores est atque enim numquam.', '168c1536-4c42-4b8f-8c77-f06affefec6a', 'usr_231');
INSERT INTO trabalho.comentarios_podcast_usuario VALUES ('comment_231_4_0', 'In qui enim blanditiis optio ducimus odio et delectus.', '168c1536-4c42-4b8f-8c77-f06affefec6a', 'usr_231');
INSERT INTO trabalho.log_acesso VALUES ('log_231_0_0', '168c1536-4c42-4b8f-8c77-f06affefec6a', 'usr_231');
INSERT INTO trabalho.usuario_esta_inscrito_no_podcast VALUES (4, '219328a1-cec6-4e8c-b003-52a3ec9766bb', 'usr_231');
INSERT INTO trabalho.comentarios_podcast_usuario VALUES ('comment_231_0_1', 'Corporis quia animi optio saepe minus.', '219328a1-cec6-4e8c-b003-52a3ec9766bb', 'usr_231');
INSERT INTO trabalho.comentarios_podcast_usuario VALUES ('comment_231_1_1', 'Amet ex assumenda.', '219328a1-cec6-4e8c-b003-52a3ec9766bb', 'usr_231');
INSERT INTO trabalho.comentarios_podcast_usuario VALUES ('comment_231_2_1', 'Nobis quo doloremque fuga non voluptates qui consequuntur.', '219328a1-cec6-4e8c-b003-52a3ec9766bb', 'usr_231');
INSERT INTO trabalho.comentarios_podcast_usuario VALUES ('comment_231_3_1', 'Possimus qui sapiente odit autem alias necessitatibus quam officiis.', '219328a1-cec6-4e8c-b003-52a3ec9766bb', 'usr_231');
INSERT INTO trabalho.log_acesso VALUES ('log_231_0_1', '219328a1-cec6-4e8c-b003-52a3ec9766bb', 'usr_231');
INSERT INTO trabalho.log_acesso VALUES ('log_231_1_1', '219328a1-cec6-4e8c-b003-52a3ec9766bb', 'usr_231');
INSERT INTO trabalho.log_acesso VALUES ('log_231_2_1', '219328a1-cec6-4e8c-b003-52a3ec9766bb', 'usr_231');
INSERT INTO trabalho.usuario_esta_inscrito_no_podcast VALUES (5, 'c58b280a-56d4-4ad8-8c85-730e4ea86361', 'usr_231');
INSERT INTO trabalho.comentarios_podcast_usuario VALUES ('comment_231_0_2', 'Possimus beatae et eius.', 'c58b280a-56d4-4ad8-8c85-730e4ea86361', 'usr_231');
INSERT INTO trabalho.comentarios_podcast_usuario VALUES ('comment_231_1_2', 'Animi vitae sit quia.', 'c58b280a-56d4-4ad8-8c85-730e4ea86361', 'usr_231');
INSERT INTO trabalho.comentarios_podcast_usuario VALUES ('comment_231_2_2', 'Ut sed similique dolores et expedita sed unde omnis culpa.', 'c58b280a-56d4-4ad8-8c85-730e4ea86361', 'usr_231');
INSERT INTO trabalho.comentarios_podcast_usuario VALUES ('comment_231_3_2', 'Qui atque voluptate facilis.', 'c58b280a-56d4-4ad8-8c85-730e4ea86361', 'usr_231');
INSERT INTO trabalho.comentarios_podcast_usuario VALUES ('comment_231_4_2', 'Sed minus nihil.', 'c58b280a-56d4-4ad8-8c85-730e4ea86361', 'usr_231');
INSERT INTO trabalho.comentarios_podcast_usuario VALUES ('comment_231_5_2', 'Ut voluptas libero et.', 'c58b280a-56d4-4ad8-8c85-730e4ea86361', 'usr_231');
INSERT INTO trabalho.log_acesso VALUES ('log_231_0_2', 'c58b280a-56d4-4ad8-8c85-730e4ea86361', 'usr_231');
INSERT INTO trabalho.log_acesso VALUES ('log_231_1_2', 'c58b280a-56d4-4ad8-8c85-730e4ea86361', 'usr_231');
INSERT INTO trabalho.log_acesso VALUES ('log_231_2_2', 'c58b280a-56d4-4ad8-8c85-730e4ea86361', 'usr_231');
INSERT INTO trabalho.log_acesso VALUES ('log_231_3_2', 'c58b280a-56d4-4ad8-8c85-730e4ea86361', 'usr_231');
INSERT INTO trabalho.log_acesso VALUES ('log_231_4_2', 'c58b280a-56d4-4ad8-8c85-730e4ea86361', 'usr_231');
INSERT INTO trabalho.usuario VALUES ('usr_232', '232_Ladislau.Silva@gmail.com', 'Ladislau Silva', 'male', 19, trabalho.hashPassword('Password123'), 'Japão');
INSERT INTO trabalho.usuario_esta_inscrito_no_podcast VALUES (3, '168c1536-4c42-4b8f-8c77-f06affefec6a', 'usr_232');
INSERT INTO trabalho.comentarios_podcast_usuario VALUES ('comment_232_0_0', 'Qui ut sed quia.', '168c1536-4c42-4b8f-8c77-f06affefec6a', 'usr_232');
INSERT INTO trabalho.comentarios_podcast_usuario VALUES ('comment_232_1_0', 'Debitis et possimus eveniet molestiae aliquid deserunt.', '168c1536-4c42-4b8f-8c77-f06affefec6a', 'usr_232');
INSERT INTO trabalho.comentarios_podcast_usuario VALUES ('comment_232_2_0', 'Quo qui omnis quia voluptate fugiat et facere deserunt.', '168c1536-4c42-4b8f-8c77-f06affefec6a', 'usr_232');
INSERT INTO trabalho.comentarios_podcast_usuario VALUES ('comment_232_3_0', 'Quia aut illo voluptatem esse vel.', '168c1536-4c42-4b8f-8c77-f06affefec6a', 'usr_232');
INSERT INTO trabalho.comentarios_podcast_usuario VALUES ('comment_232_4_0', 'Repellat dolor et eos ut perferendis sint ea soluta voluptas.', '168c1536-4c42-4b8f-8c77-f06affefec6a', 'usr_232');
INSERT INTO trabalho.log_acesso VALUES ('log_232_0_0', '168c1536-4c42-4b8f-8c77-f06affefec6a', 'usr_232');
INSERT INTO trabalho.log_acesso VALUES ('log_232_1_0', '168c1536-4c42-4b8f-8c77-f06affefec6a', 'usr_232');
INSERT INTO trabalho.log_acesso VALUES ('log_232_2_0', '168c1536-4c42-4b8f-8c77-f06affefec6a', 'usr_232');
INSERT INTO trabalho.usuario_esta_inscrito_no_podcast VALUES (0, '7e429e8e-7669-403d-bb78-3cd7f9f75afd', 'usr_232');
INSERT INTO trabalho.comentarios_podcast_usuario VALUES ('comment_232_0_1', 'Tempora dolorem corrupti voluptatem ullam quia molestiae nihil.', '7e429e8e-7669-403d-bb78-3cd7f9f75afd', 'usr_232');
INSERT INTO trabalho.comentarios_podcast_usuario VALUES ('comment_232_1_1', 'Aut culpa hic quia similique soluta explicabo voluptas porro.', '7e429e8e-7669-403d-bb78-3cd7f9f75afd', 'usr_232');
INSERT INTO trabalho.comentarios_podcast_usuario VALUES ('comment_232_2_1', 'Velit soluta qui alias suscipit odio fugit beatae.', '7e429e8e-7669-403d-bb78-3cd7f9f75afd', 'usr_232');
INSERT INTO trabalho.comentarios_podcast_usuario VALUES ('comment_232_3_1', 'Ad nam sed sit quia.', '7e429e8e-7669-403d-bb78-3cd7f9f75afd', 'usr_232');
INSERT INTO trabalho.comentarios_podcast_usuario VALUES ('comment_232_4_1', 'Quia illum aperiam qui iure ea cum et tenetur nemo.', '7e429e8e-7669-403d-bb78-3cd7f9f75afd', 'usr_232');
INSERT INTO trabalho.log_acesso VALUES ('log_232_0_1', '7e429e8e-7669-403d-bb78-3cd7f9f75afd', 'usr_232');
INSERT INTO trabalho.log_acesso VALUES ('log_232_1_1', '7e429e8e-7669-403d-bb78-3cd7f9f75afd', 'usr_232');
INSERT INTO trabalho.log_acesso VALUES ('log_232_2_1', '7e429e8e-7669-403d-bb78-3cd7f9f75afd', 'usr_232');
INSERT INTO trabalho.usuario_esta_inscrito_no_podcast VALUES (3, 'fa3abe16-3645-4d22-a01d-893e6f20c408', 'usr_232');
INSERT INTO trabalho.comentarios_podcast_usuario VALUES ('comment_232_0_2', 'Quia alias unde et voluptas natus autem fugit.', 'fa3abe16-3645-4d22-a01d-893e6f20c408', 'usr_232');
INSERT INTO trabalho.comentarios_podcast_usuario VALUES ('comment_232_1_2', 'Nihil error aut quo voluptas.', 'fa3abe16-3645-4d22-a01d-893e6f20c408', 'usr_232');
INSERT INTO trabalho.comentarios_podcast_usuario VALUES ('comment_232_2_2', 'Aspernatur voluptatem aperiam maiores quae voluptatem est eos.', 'fa3abe16-3645-4d22-a01d-893e6f20c408', 'usr_232');
INSERT INTO trabalho.log_acesso VALUES ('log_232_0_2', 'fa3abe16-3645-4d22-a01d-893e6f20c408', 'usr_232');
INSERT INTO trabalho.log_acesso VALUES ('log_232_1_2', 'fa3abe16-3645-4d22-a01d-893e6f20c408', 'usr_232');
INSERT INTO trabalho.log_acesso VALUES ('log_232_2_2', 'fa3abe16-3645-4d22-a01d-893e6f20c408', 'usr_232');
INSERT INTO trabalho.log_acesso VALUES ('log_232_3_2', 'fa3abe16-3645-4d22-a01d-893e6f20c408', 'usr_232');
INSERT INTO trabalho.usuario VALUES ('usr_233', '233_Bruna_Saraiva13@yahoo.com', 'Bruna Saraiva', 'female', 39, trabalho.hashPassword('Password123'), 'Argentina');
INSERT INTO trabalho.usuario_esta_inscrito_no_podcast VALUES (0, 'c58b280a-56d4-4ad8-8c85-730e4ea86361', 'usr_233');
INSERT INTO trabalho.comentarios_podcast_usuario VALUES ('comment_233_0_0', 'Tempore aut nulla.', 'c58b280a-56d4-4ad8-8c85-730e4ea86361', 'usr_233');
INSERT INTO trabalho.comentarios_podcast_usuario VALUES ('comment_233_1_0', 'Vitae sed alias totam.', 'c58b280a-56d4-4ad8-8c85-730e4ea86361', 'usr_233');
INSERT INTO trabalho.log_acesso VALUES ('log_233_0_0', 'c58b280a-56d4-4ad8-8c85-730e4ea86361', 'usr_233');
INSERT INTO trabalho.log_acesso VALUES ('log_233_1_0', 'c58b280a-56d4-4ad8-8c85-730e4ea86361', 'usr_233');
INSERT INTO trabalho.log_acesso VALUES ('log_233_2_0', 'c58b280a-56d4-4ad8-8c85-730e4ea86361', 'usr_233');
INSERT INTO trabalho.log_acesso VALUES ('log_233_3_0', 'c58b280a-56d4-4ad8-8c85-730e4ea86361', 'usr_233');
INSERT INTO trabalho.usuario_esta_inscrito_no_podcast VALUES (4, '7e429e8e-7669-403d-bb78-3cd7f9f75afd', 'usr_233');
INSERT INTO trabalho.comentarios_podcast_usuario VALUES ('comment_233_0_1', 'Aut autem doloremque nihil adipisci dolorum.', '7e429e8e-7669-403d-bb78-3cd7f9f75afd', 'usr_233');
INSERT INTO trabalho.comentarios_podcast_usuario VALUES ('comment_233_1_1', 'Sed est autem delectus.', '7e429e8e-7669-403d-bb78-3cd7f9f75afd', 'usr_233');
INSERT INTO trabalho.comentarios_podcast_usuario VALUES ('comment_233_2_1', 'Magni hic vero ut est aut qui sit ducimus.', '7e429e8e-7669-403d-bb78-3cd7f9f75afd', 'usr_233');
INSERT INTO trabalho.comentarios_podcast_usuario VALUES ('comment_233_3_1', 'Nihil assumenda voluptate omnis incidunt modi aliquam praesentium iure facere.', '7e429e8e-7669-403d-bb78-3cd7f9f75afd', 'usr_233');
INSERT INTO trabalho.comentarios_podcast_usuario VALUES ('comment_233_4_1', 'Sed ut omnis aut quaerat vero temporibus.', '7e429e8e-7669-403d-bb78-3cd7f9f75afd', 'usr_233');
INSERT INTO trabalho.log_acesso VALUES ('log_233_0_1', '7e429e8e-7669-403d-bb78-3cd7f9f75afd', 'usr_233');
INSERT INTO trabalho.log_acesso VALUES ('log_233_1_1', '7e429e8e-7669-403d-bb78-3cd7f9f75afd', 'usr_233');
INSERT INTO trabalho.log_acesso VALUES ('log_233_2_1', '7e429e8e-7669-403d-bb78-3cd7f9f75afd', 'usr_233');
INSERT INTO trabalho.log_acesso VALUES ('log_233_3_1', '7e429e8e-7669-403d-bb78-3cd7f9f75afd', 'usr_233');
INSERT INTO trabalho.log_acesso VALUES ('log_233_4_1', '7e429e8e-7669-403d-bb78-3cd7f9f75afd', 'usr_233');
INSERT INTO trabalho.log_acesso VALUES ('log_233_5_1', '7e429e8e-7669-403d-bb78-3cd7f9f75afd', 'usr_233');
INSERT INTO trabalho.log_acesso VALUES ('log_233_6_1', '7e429e8e-7669-403d-bb78-3cd7f9f75afd', 'usr_233');
INSERT INTO trabalho.usuario_esta_inscrito_no_podcast VALUES (1, 'f0166bd2-8e4d-4308-b5d7-0b3d627c5dc5', 'usr_233');
INSERT INTO trabalho.comentarios_podcast_usuario VALUES ('comment_233_0_2', 'Voluptatem omnis quas tenetur provident possimus aut nisi facilis dolorem.', 'f0166bd2-8e4d-4308-b5d7-0b3d627c5dc5', 'usr_233');
INSERT INTO trabalho.comentarios_podcast_usuario VALUES ('comment_233_1_2', 'Corporis eaque reprehenderit a aut.', 'f0166bd2-8e4d-4308-b5d7-0b3d627c5dc5', 'usr_233');
INSERT INTO trabalho.comentarios_podcast_usuario VALUES ('comment_233_2_2', 'Ratione a ipsa voluptas est saepe.', 'f0166bd2-8e4d-4308-b5d7-0b3d627c5dc5', 'usr_233');
INSERT INTO trabalho.log_acesso VALUES ('log_233_0_2', 'f0166bd2-8e4d-4308-b5d7-0b3d627c5dc5', 'usr_233');
INSERT INTO trabalho.log_acesso VALUES ('log_233_1_2', 'f0166bd2-8e4d-4308-b5d7-0b3d627c5dc5', 'usr_233');
INSERT INTO trabalho.log_acesso VALUES ('log_233_2_2', 'f0166bd2-8e4d-4308-b5d7-0b3d627c5dc5', 'usr_233');
INSERT INTO trabalho.usuario VALUES ('usr_234', '234_Benjamin.Melo8@bol.com.br', 'Benjamin Melo', 'male', 41, trabalho.hashPassword('Password123'), 'Chipre');
INSERT INTO trabalho.usuario_esta_inscrito_no_podcast VALUES (3, '219328a1-cec6-4e8c-b003-52a3ec9766bb', 'usr_234');
INSERT INTO trabalho.comentarios_podcast_usuario VALUES ('comment_234_0_0', 'Enim fuga nobis sed necessitatibus facere non maxime.', '219328a1-cec6-4e8c-b003-52a3ec9766bb', 'usr_234');
INSERT INTO trabalho.comentarios_podcast_usuario VALUES ('comment_234_1_0', 'Ullam velit eaque inventore dolor nobis reprehenderit eos.', '219328a1-cec6-4e8c-b003-52a3ec9766bb', 'usr_234');
INSERT INTO trabalho.log_acesso VALUES ('log_234_0_0', '219328a1-cec6-4e8c-b003-52a3ec9766bb', 'usr_234');
INSERT INTO trabalho.log_acesso VALUES ('log_234_1_0', '219328a1-cec6-4e8c-b003-52a3ec9766bb', 'usr_234');
INSERT INTO trabalho.log_acesso VALUES ('log_234_2_0', '219328a1-cec6-4e8c-b003-52a3ec9766bb', 'usr_234');
INSERT INTO trabalho.log_acesso VALUES ('log_234_3_0', '219328a1-cec6-4e8c-b003-52a3ec9766bb', 'usr_234');
INSERT INTO trabalho.log_acesso VALUES ('log_234_4_0', '219328a1-cec6-4e8c-b003-52a3ec9766bb', 'usr_234');
INSERT INTO trabalho.usuario_esta_inscrito_no_podcast VALUES (0, 'de2f0ddb-9903-436a-a5e2-54224254c818', 'usr_234');
INSERT INTO trabalho.comentarios_podcast_usuario VALUES ('comment_234_0_1', 'Est corrupti voluptas earum qui natus iste est quibusdam.', 'de2f0ddb-9903-436a-a5e2-54224254c818', 'usr_234');
INSERT INTO trabalho.comentarios_podcast_usuario VALUES ('comment_234_1_1', 'Et quibusdam iste modi pariatur sit sed eaque ut.', 'de2f0ddb-9903-436a-a5e2-54224254c818', 'usr_234');
INSERT INTO trabalho.comentarios_podcast_usuario VALUES ('comment_234_2_1', 'Iure ut ut ut optio in recusandae dolor iure.', 'de2f0ddb-9903-436a-a5e2-54224254c818', 'usr_234');
INSERT INTO trabalho.comentarios_podcast_usuario VALUES ('comment_234_3_1', 'Corporis nulla earum aut sequi atque modi.', 'de2f0ddb-9903-436a-a5e2-54224254c818', 'usr_234');
INSERT INTO trabalho.log_acesso VALUES ('log_234_0_1', 'de2f0ddb-9903-436a-a5e2-54224254c818', 'usr_234');
INSERT INTO trabalho.usuario_esta_inscrito_no_podcast VALUES (1, 'f0166bd2-8e4d-4308-b5d7-0b3d627c5dc5', 'usr_234');
INSERT INTO trabalho.comentarios_podcast_usuario VALUES ('comment_234_0_2', 'Vitae excepturi laborum possimus.', 'f0166bd2-8e4d-4308-b5d7-0b3d627c5dc5', 'usr_234');
INSERT INTO trabalho.comentarios_podcast_usuario VALUES ('comment_234_1_2', 'Rem voluptatem et labore possimus.', 'f0166bd2-8e4d-4308-b5d7-0b3d627c5dc5', 'usr_234');
INSERT INTO trabalho.log_acesso VALUES ('log_234_0_2', 'f0166bd2-8e4d-4308-b5d7-0b3d627c5dc5', 'usr_234');
INSERT INTO trabalho.log_acesso VALUES ('log_234_1_2', 'f0166bd2-8e4d-4308-b5d7-0b3d627c5dc5', 'usr_234');
INSERT INTO trabalho.log_acesso VALUES ('log_234_2_2', 'f0166bd2-8e4d-4308-b5d7-0b3d627c5dc5', 'usr_234');
INSERT INTO trabalho.log_acesso VALUES ('log_234_3_2', 'f0166bd2-8e4d-4308-b5d7-0b3d627c5dc5', 'usr_234');
INSERT INTO trabalho.usuario VALUES ('usr_235', '235_Samuel_Moreira85@bol.com.br', 'Samuel Moreira', 'male', 40, trabalho.hashPassword('Password123'), 'Tanzânia');
INSERT INTO trabalho.usuario_esta_inscrito_no_podcast VALUES (1, 'bc8dac25-793c-4a96-aafc-4ea7020f4f60', 'usr_235');
INSERT INTO trabalho.comentarios_podcast_usuario VALUES ('comment_235_0_0', 'Dolorum id consectetur excepturi laudantium eaque eius.', 'bc8dac25-793c-4a96-aafc-4ea7020f4f60', 'usr_235');
INSERT INTO trabalho.log_acesso VALUES ('log_235_0_0', 'bc8dac25-793c-4a96-aafc-4ea7020f4f60', 'usr_235');
INSERT INTO trabalho.log_acesso VALUES ('log_235_1_0', 'bc8dac25-793c-4a96-aafc-4ea7020f4f60', 'usr_235');
INSERT INTO trabalho.log_acesso VALUES ('log_235_2_0', 'bc8dac25-793c-4a96-aafc-4ea7020f4f60', 'usr_235');
INSERT INTO trabalho.log_acesso VALUES ('log_235_3_0', 'bc8dac25-793c-4a96-aafc-4ea7020f4f60', 'usr_235');
INSERT INTO trabalho.usuario_esta_inscrito_no_podcast VALUES (2, 'de2f0ddb-9903-436a-a5e2-54224254c818', 'usr_235');
INSERT INTO trabalho.comentarios_podcast_usuario VALUES ('comment_235_0_1', 'Sint asperiores ut cumque.', 'de2f0ddb-9903-436a-a5e2-54224254c818', 'usr_235');
INSERT INTO trabalho.comentarios_podcast_usuario VALUES ('comment_235_1_1', 'Fugit modi est quam in excepturi et consequatur veritatis.', 'de2f0ddb-9903-436a-a5e2-54224254c818', 'usr_235');
INSERT INTO trabalho.comentarios_podcast_usuario VALUES ('comment_235_2_1', 'Est deserunt earum est omnis.', 'de2f0ddb-9903-436a-a5e2-54224254c818', 'usr_235');
INSERT INTO trabalho.log_acesso VALUES ('log_235_0_1', 'de2f0ddb-9903-436a-a5e2-54224254c818', 'usr_235');
INSERT INTO trabalho.log_acesso VALUES ('log_235_1_1', 'de2f0ddb-9903-436a-a5e2-54224254c818', 'usr_235');
INSERT INTO trabalho.usuario_esta_inscrito_no_podcast VALUES (0, 'f1b92ce7-47a7-43cd-8586-4a09185cdd05', 'usr_235');
INSERT INTO trabalho.comentarios_podcast_usuario VALUES ('comment_235_0_2', 'Sed magnam quia officia eveniet debitis totam quia.', 'f1b92ce7-47a7-43cd-8586-4a09185cdd05', 'usr_235');
INSERT INTO trabalho.comentarios_podcast_usuario VALUES ('comment_235_1_2', 'Quasi quo adipisci ad quaerat placeat est.', 'f1b92ce7-47a7-43cd-8586-4a09185cdd05', 'usr_235');
INSERT INTO trabalho.comentarios_podcast_usuario VALUES ('comment_235_2_2', 'Magnam est aliquid nihil et illo ut error beatae consequuntur.', 'f1b92ce7-47a7-43cd-8586-4a09185cdd05', 'usr_235');
INSERT INTO trabalho.comentarios_podcast_usuario VALUES ('comment_235_3_2', 'Excepturi eveniet rerum ipsam quos rerum dolores cupiditate in minima.', 'f1b92ce7-47a7-43cd-8586-4a09185cdd05', 'usr_235');
INSERT INTO trabalho.log_acesso VALUES ('log_235_0_2', 'f1b92ce7-47a7-43cd-8586-4a09185cdd05', 'usr_235');
INSERT INTO trabalho.log_acesso VALUES ('log_235_1_2', 'f1b92ce7-47a7-43cd-8586-4a09185cdd05', 'usr_235');
INSERT INTO trabalho.usuario VALUES ('usr_236', '236_Heitor_Moraes@bol.com.br', 'Heitor Moraes', 'male', 40, trabalho.hashPassword('Password123'), 'Lesoto');
INSERT INTO trabalho.usuario_esta_inscrito_no_podcast VALUES (2, '67074e68-bc2f-442b-8af2-7d328b6af6eb', 'usr_236');
INSERT INTO trabalho.comentarios_podcast_usuario VALUES ('comment_236_0_0', 'Quos unde aliquam qui unde vel reprehenderit.', '67074e68-bc2f-442b-8af2-7d328b6af6eb', 'usr_236');
INSERT INTO trabalho.comentarios_podcast_usuario VALUES ('comment_236_1_0', 'Sint nostrum mollitia voluptatem voluptate eaque.', '67074e68-bc2f-442b-8af2-7d328b6af6eb', 'usr_236');
INSERT INTO trabalho.log_acesso VALUES ('log_236_0_0', '67074e68-bc2f-442b-8af2-7d328b6af6eb', 'usr_236');
INSERT INTO trabalho.log_acesso VALUES ('log_236_1_0', '67074e68-bc2f-442b-8af2-7d328b6af6eb', 'usr_236');
INSERT INTO trabalho.log_acesso VALUES ('log_236_2_0', '67074e68-bc2f-442b-8af2-7d328b6af6eb', 'usr_236');
INSERT INTO trabalho.log_acesso VALUES ('log_236_3_0', '67074e68-bc2f-442b-8af2-7d328b6af6eb', 'usr_236');
INSERT INTO trabalho.log_acesso VALUES ('log_236_4_0', '67074e68-bc2f-442b-8af2-7d328b6af6eb', 'usr_236');
INSERT INTO trabalho.usuario_esta_inscrito_no_podcast VALUES (2, 'af46a958-b921-47b6-9f87-5c4fdc68ea79', 'usr_236');
INSERT INTO trabalho.comentarios_podcast_usuario VALUES ('comment_236_0_1', 'Unde debitis consectetur quibusdam atque.', 'af46a958-b921-47b6-9f87-5c4fdc68ea79', 'usr_236');
INSERT INTO trabalho.comentarios_podcast_usuario VALUES ('comment_236_1_1', 'Voluptas optio culpa autem modi aut est.', 'af46a958-b921-47b6-9f87-5c4fdc68ea79', 'usr_236');
INSERT INTO trabalho.log_acesso VALUES ('log_236_0_1', 'af46a958-b921-47b6-9f87-5c4fdc68ea79', 'usr_236');
INSERT INTO trabalho.log_acesso VALUES ('log_236_1_1', 'af46a958-b921-47b6-9f87-5c4fdc68ea79', 'usr_236');
INSERT INTO trabalho.log_acesso VALUES ('log_236_2_1', 'af46a958-b921-47b6-9f87-5c4fdc68ea79', 'usr_236');
INSERT INTO trabalho.usuario_esta_inscrito_no_podcast VALUES (3, 'b553d865-8fe2-47de-9a30-10e1dea3bd1d', 'usr_236');
INSERT INTO trabalho.comentarios_podcast_usuario VALUES ('comment_236_0_2', 'Eligendi eos et hic quo dolor impedit eius quo.', 'b553d865-8fe2-47de-9a30-10e1dea3bd1d', 'usr_236');
INSERT INTO trabalho.comentarios_podcast_usuario VALUES ('comment_236_1_2', 'Quisquam consequatur molestias molestiae iste voluptas eius praesentium.', 'b553d865-8fe2-47de-9a30-10e1dea3bd1d', 'usr_236');
INSERT INTO trabalho.comentarios_podcast_usuario VALUES ('comment_236_2_2', 'Eligendi ut molestias aut vel inventore aperiam non doloribus.', 'b553d865-8fe2-47de-9a30-10e1dea3bd1d', 'usr_236');
INSERT INTO trabalho.log_acesso VALUES ('log_236_0_2', 'b553d865-8fe2-47de-9a30-10e1dea3bd1d', 'usr_236');
INSERT INTO trabalho.log_acesso VALUES ('log_236_1_2', 'b553d865-8fe2-47de-9a30-10e1dea3bd1d', 'usr_236');
INSERT INTO trabalho.usuario VALUES ('usr_237', '237_AnaClara.Franco24@gmail.com', 'Ana Clara Franco', 'female', 28, trabalho.hashPassword('Password123'), 'Gana');
INSERT INTO trabalho.usuario_esta_inscrito_no_podcast VALUES (1, 'f0166bd2-8e4d-4308-b5d7-0b3d627c5dc5', 'usr_237');
INSERT INTO trabalho.comentarios_podcast_usuario VALUES ('comment_237_0_0', 'Ad animi architecto quisquam voluptatem voluptas.', 'f0166bd2-8e4d-4308-b5d7-0b3d627c5dc5', 'usr_237');
INSERT INTO trabalho.comentarios_podcast_usuario VALUES ('comment_237_1_0', 'Culpa possimus et nihil doloremque totam minima.', 'f0166bd2-8e4d-4308-b5d7-0b3d627c5dc5', 'usr_237');
INSERT INTO trabalho.comentarios_podcast_usuario VALUES ('comment_237_2_0', 'Quia aut quaerat praesentium officiis quia.', 'f0166bd2-8e4d-4308-b5d7-0b3d627c5dc5', 'usr_237');
INSERT INTO trabalho.comentarios_podcast_usuario VALUES ('comment_237_3_0', 'Quidem quia magni beatae.', 'f0166bd2-8e4d-4308-b5d7-0b3d627c5dc5', 'usr_237');
INSERT INTO trabalho.comentarios_podcast_usuario VALUES ('comment_237_4_0', 'Dolore ut et cum.', 'f0166bd2-8e4d-4308-b5d7-0b3d627c5dc5', 'usr_237');
INSERT INTO trabalho.log_acesso VALUES ('log_237_0_0', 'f0166bd2-8e4d-4308-b5d7-0b3d627c5dc5', 'usr_237');
INSERT INTO trabalho.log_acesso VALUES ('log_237_1_0', 'f0166bd2-8e4d-4308-b5d7-0b3d627c5dc5', 'usr_237');
INSERT INTO trabalho.log_acesso VALUES ('log_237_2_0', 'f0166bd2-8e4d-4308-b5d7-0b3d627c5dc5', 'usr_237');
INSERT INTO trabalho.log_acesso VALUES ('log_237_3_0', 'f0166bd2-8e4d-4308-b5d7-0b3d627c5dc5', 'usr_237');
INSERT INTO trabalho.log_acesso VALUES ('log_237_4_0', 'f0166bd2-8e4d-4308-b5d7-0b3d627c5dc5', 'usr_237');
INSERT INTO trabalho.log_acesso VALUES ('log_237_5_0', 'f0166bd2-8e4d-4308-b5d7-0b3d627c5dc5', 'usr_237');
INSERT INTO trabalho.usuario_esta_inscrito_no_podcast VALUES (5, '7e429e8e-7669-403d-bb78-3cd7f9f75afd', 'usr_237');
INSERT INTO trabalho.comentarios_podcast_usuario VALUES ('comment_237_0_1', 'Perspiciatis dignissimos dolores et molestiae numquam corrupti porro.', '7e429e8e-7669-403d-bb78-3cd7f9f75afd', 'usr_237');
INSERT INTO trabalho.comentarios_podcast_usuario VALUES ('comment_237_1_1', 'Dolor consectetur accusantium ut necessitatibus laudantium ipsum autem et.', '7e429e8e-7669-403d-bb78-3cd7f9f75afd', 'usr_237');
INSERT INTO trabalho.comentarios_podcast_usuario VALUES ('comment_237_2_1', 'Debitis quae officiis reprehenderit sint dicta.', '7e429e8e-7669-403d-bb78-3cd7f9f75afd', 'usr_237');
INSERT INTO trabalho.log_acesso VALUES ('log_237_0_1', '7e429e8e-7669-403d-bb78-3cd7f9f75afd', 'usr_237');
INSERT INTO trabalho.log_acesso VALUES ('log_237_1_1', '7e429e8e-7669-403d-bb78-3cd7f9f75afd', 'usr_237');
INSERT INTO trabalho.usuario_esta_inscrito_no_podcast VALUES (3, 'b553d865-8fe2-47de-9a30-10e1dea3bd1d', 'usr_237');
INSERT INTO trabalho.comentarios_podcast_usuario VALUES ('comment_237_0_2', 'Deleniti debitis non et incidunt et vel.', 'b553d865-8fe2-47de-9a30-10e1dea3bd1d', 'usr_237');
INSERT INTO trabalho.comentarios_podcast_usuario VALUES ('comment_237_1_2', 'Voluptas laudantium distinctio ducimus quibusdam saepe est voluptas labore.', 'b553d865-8fe2-47de-9a30-10e1dea3bd1d', 'usr_237');
INSERT INTO trabalho.comentarios_podcast_usuario VALUES ('comment_237_2_2', 'Omnis et necessitatibus at fuga repellendus nihil.', 'b553d865-8fe2-47de-9a30-10e1dea3bd1d', 'usr_237');
INSERT INTO trabalho.comentarios_podcast_usuario VALUES ('comment_237_3_2', 'Nihil provident temporibus voluptatem mollitia.', 'b553d865-8fe2-47de-9a30-10e1dea3bd1d', 'usr_237');
INSERT INTO trabalho.log_acesso VALUES ('log_237_0_2', 'b553d865-8fe2-47de-9a30-10e1dea3bd1d', 'usr_237');
INSERT INTO trabalho.log_acesso VALUES ('log_237_1_2', 'b553d865-8fe2-47de-9a30-10e1dea3bd1d', 'usr_237');
INSERT INTO trabalho.log_acesso VALUES ('log_237_2_2', 'b553d865-8fe2-47de-9a30-10e1dea3bd1d', 'usr_237');
INSERT INTO trabalho.log_acesso VALUES ('log_237_3_2', 'b553d865-8fe2-47de-9a30-10e1dea3bd1d', 'usr_237');
INSERT INTO trabalho.log_acesso VALUES ('log_237_4_2', 'b553d865-8fe2-47de-9a30-10e1dea3bd1d', 'usr_237');
INSERT INTO trabalho.log_acesso VALUES ('log_237_5_2', 'b553d865-8fe2-47de-9a30-10e1dea3bd1d', 'usr_237');
INSERT INTO trabalho.log_acesso VALUES ('log_237_6_2', 'b553d865-8fe2-47de-9a30-10e1dea3bd1d', 'usr_237');
INSERT INTO trabalho.usuario VALUES ('usr_238', '238_Isabel_Melo13@bol.com.br', 'Isabel Melo', 'female', 13, trabalho.hashPassword('Password123'), 'Uganda');
INSERT INTO trabalho.usuario_esta_inscrito_no_podcast VALUES (5, 'f0166bd2-8e4d-4308-b5d7-0b3d627c5dc5', 'usr_238');
INSERT INTO trabalho.comentarios_podcast_usuario VALUES ('comment_238_0_0', 'Deserunt aut consectetur numquam.', 'f0166bd2-8e4d-4308-b5d7-0b3d627c5dc5', 'usr_238');
INSERT INTO trabalho.comentarios_podcast_usuario VALUES ('comment_238_1_0', 'Nisi dolorem unde quae quidem.', 'f0166bd2-8e4d-4308-b5d7-0b3d627c5dc5', 'usr_238');
INSERT INTO trabalho.log_acesso VALUES ('log_238_0_0', 'f0166bd2-8e4d-4308-b5d7-0b3d627c5dc5', 'usr_238');
INSERT INTO trabalho.log_acesso VALUES ('log_238_1_0', 'f0166bd2-8e4d-4308-b5d7-0b3d627c5dc5', 'usr_238');
INSERT INTO trabalho.log_acesso VALUES ('log_238_2_0', 'f0166bd2-8e4d-4308-b5d7-0b3d627c5dc5', 'usr_238');
INSERT INTO trabalho.usuario_esta_inscrito_no_podcast VALUES (2, 'c58b280a-56d4-4ad8-8c85-730e4ea86361', 'usr_238');
INSERT INTO trabalho.comentarios_podcast_usuario VALUES ('comment_238_0_1', 'Aut ut quam.', 'c58b280a-56d4-4ad8-8c85-730e4ea86361', 'usr_238');
INSERT INTO trabalho.comentarios_podcast_usuario VALUES ('comment_238_1_1', 'Deserunt quas amet.', 'c58b280a-56d4-4ad8-8c85-730e4ea86361', 'usr_238');
INSERT INTO trabalho.comentarios_podcast_usuario VALUES ('comment_238_2_1', 'Sint dolorum placeat velit nihil consequuntur fugit rerum id mollitia.', 'c58b280a-56d4-4ad8-8c85-730e4ea86361', 'usr_238');
INSERT INTO trabalho.comentarios_podcast_usuario VALUES ('comment_238_3_1', 'Laborum quod sed sit provident.', 'c58b280a-56d4-4ad8-8c85-730e4ea86361', 'usr_238');
INSERT INTO trabalho.comentarios_podcast_usuario VALUES ('comment_238_4_1', 'Sunt itaque est magni quia accusantium quo autem et saepe.', 'c58b280a-56d4-4ad8-8c85-730e4ea86361', 'usr_238');
INSERT INTO trabalho.comentarios_podcast_usuario VALUES ('comment_238_5_1', 'Et rem veritatis eaque occaecati.', 'c58b280a-56d4-4ad8-8c85-730e4ea86361', 'usr_238');
INSERT INTO trabalho.log_acesso VALUES ('log_238_0_1', 'c58b280a-56d4-4ad8-8c85-730e4ea86361', 'usr_238');
INSERT INTO trabalho.log_acesso VALUES ('log_238_1_1', 'c58b280a-56d4-4ad8-8c85-730e4ea86361', 'usr_238');
INSERT INTO trabalho.log_acesso VALUES ('log_238_2_1', 'c58b280a-56d4-4ad8-8c85-730e4ea86361', 'usr_238');
INSERT INTO trabalho.log_acesso VALUES ('log_238_3_1', 'c58b280a-56d4-4ad8-8c85-730e4ea86361', 'usr_238');
INSERT INTO trabalho.usuario_esta_inscrito_no_podcast VALUES (0, 'b553d865-8fe2-47de-9a30-10e1dea3bd1d', 'usr_238');
INSERT INTO trabalho.comentarios_podcast_usuario VALUES ('comment_238_0_2', 'Debitis ab vel quibusdam libero laudantium optio.', 'b553d865-8fe2-47de-9a30-10e1dea3bd1d', 'usr_238');
INSERT INTO trabalho.comentarios_podcast_usuario VALUES ('comment_238_1_2', 'Animi similique nisi incidunt aperiam reprehenderit accusamus dolor unde.', 'b553d865-8fe2-47de-9a30-10e1dea3bd1d', 'usr_238');
INSERT INTO trabalho.comentarios_podcast_usuario VALUES ('comment_238_2_2', 'Sequi architecto eaque voluptatum aspernatur dignissimos.', 'b553d865-8fe2-47de-9a30-10e1dea3bd1d', 'usr_238');
INSERT INTO trabalho.comentarios_podcast_usuario VALUES ('comment_238_3_2', 'Possimus tempora blanditiis reprehenderit quia debitis reiciendis.', 'b553d865-8fe2-47de-9a30-10e1dea3bd1d', 'usr_238');
INSERT INTO trabalho.comentarios_podcast_usuario VALUES ('comment_238_4_2', 'Ipsa magnam est in.', 'b553d865-8fe2-47de-9a30-10e1dea3bd1d', 'usr_238');
INSERT INTO trabalho.log_acesso VALUES ('log_238_0_2', 'b553d865-8fe2-47de-9a30-10e1dea3bd1d', 'usr_238');
INSERT INTO trabalho.log_acesso VALUES ('log_238_1_2', 'b553d865-8fe2-47de-9a30-10e1dea3bd1d', 'usr_238');
INSERT INTO trabalho.log_acesso VALUES ('log_238_2_2', 'b553d865-8fe2-47de-9a30-10e1dea3bd1d', 'usr_238');
INSERT INTO trabalho.log_acesso VALUES ('log_238_3_2', 'b553d865-8fe2-47de-9a30-10e1dea3bd1d', 'usr_238');
INSERT INTO trabalho.usuario VALUES ('usr_239', '239_Yango.Carvalho33@yahoo.com', 'Yango Carvalho', 'male', 54, trabalho.hashPassword('Password123'), 'Cazaquistão');
INSERT INTO trabalho.usuario_esta_inscrito_no_podcast VALUES (4, '5bdf7377-8330-4f9f-8efd-e95301c122ce', 'usr_239');
INSERT INTO trabalho.comentarios_podcast_usuario VALUES ('comment_239_0_0', 'Ullam officiis labore et quae dolor.', '5bdf7377-8330-4f9f-8efd-e95301c122ce', 'usr_239');
INSERT INTO trabalho.comentarios_podcast_usuario VALUES ('comment_239_1_0', 'Magnam perferendis sunt.', '5bdf7377-8330-4f9f-8efd-e95301c122ce', 'usr_239');
INSERT INTO trabalho.comentarios_podcast_usuario VALUES ('comment_239_2_0', 'In accusantium qui nemo repellendus consequatur placeat aliquid error nostrum.', '5bdf7377-8330-4f9f-8efd-e95301c122ce', 'usr_239');
INSERT INTO trabalho.comentarios_podcast_usuario VALUES ('comment_239_3_0', 'Vel facilis officia voluptatum consequatur consequatur ullam quasi ut adipisci.', '5bdf7377-8330-4f9f-8efd-e95301c122ce', 'usr_239');
INSERT INTO trabalho.comentarios_podcast_usuario VALUES ('comment_239_4_0', 'Sed molestias totam adipisci molestiae rerum repudiandae ipsum.', '5bdf7377-8330-4f9f-8efd-e95301c122ce', 'usr_239');
INSERT INTO trabalho.log_acesso VALUES ('log_239_0_0', '5bdf7377-8330-4f9f-8efd-e95301c122ce', 'usr_239');
INSERT INTO trabalho.log_acesso VALUES ('log_239_1_0', '5bdf7377-8330-4f9f-8efd-e95301c122ce', 'usr_239');
INSERT INTO trabalho.log_acesso VALUES ('log_239_2_0', '5bdf7377-8330-4f9f-8efd-e95301c122ce', 'usr_239');
INSERT INTO trabalho.log_acesso VALUES ('log_239_3_0', '5bdf7377-8330-4f9f-8efd-e95301c122ce', 'usr_239');
INSERT INTO trabalho.usuario_esta_inscrito_no_podcast VALUES (1, 'f8e13774-d631-4f34-93f0-2f5d55590265', 'usr_239');
INSERT INTO trabalho.comentarios_podcast_usuario VALUES ('comment_239_0_1', 'Minima minus voluptatem adipisci et eaque alias.', 'f8e13774-d631-4f34-93f0-2f5d55590265', 'usr_239');
INSERT INTO trabalho.comentarios_podcast_usuario VALUES ('comment_239_1_1', 'Maiores molestiae eius aut quasi animi.', 'f8e13774-d631-4f34-93f0-2f5d55590265', 'usr_239');
INSERT INTO trabalho.comentarios_podcast_usuario VALUES ('comment_239_2_1', 'Voluptatem veritatis dignissimos ducimus in perferendis laborum amet corrupti est.', 'f8e13774-d631-4f34-93f0-2f5d55590265', 'usr_239');
INSERT INTO trabalho.log_acesso VALUES ('log_239_0_1', 'f8e13774-d631-4f34-93f0-2f5d55590265', 'usr_239');
INSERT INTO trabalho.log_acesso VALUES ('log_239_1_1', 'f8e13774-d631-4f34-93f0-2f5d55590265', 'usr_239');
INSERT INTO trabalho.log_acesso VALUES ('log_239_2_1', 'f8e13774-d631-4f34-93f0-2f5d55590265', 'usr_239');
INSERT INTO trabalho.log_acesso VALUES ('log_239_3_1', 'f8e13774-d631-4f34-93f0-2f5d55590265', 'usr_239');
INSERT INTO trabalho.log_acesso VALUES ('log_239_4_1', 'f8e13774-d631-4f34-93f0-2f5d55590265', 'usr_239');
INSERT INTO trabalho.log_acesso VALUES ('log_239_5_1', 'f8e13774-d631-4f34-93f0-2f5d55590265', 'usr_239');
INSERT INTO trabalho.usuario_esta_inscrito_no_podcast VALUES (0, 'c58b280a-56d4-4ad8-8c85-730e4ea86361', 'usr_239');
INSERT INTO trabalho.comentarios_podcast_usuario VALUES ('comment_239_0_2', 'Totam nihil doloribus.', 'c58b280a-56d4-4ad8-8c85-730e4ea86361', 'usr_239');
INSERT INTO trabalho.comentarios_podcast_usuario VALUES ('comment_239_1_2', 'Pariatur amet odit expedita suscipit atque labore consequuntur.', 'c58b280a-56d4-4ad8-8c85-730e4ea86361', 'usr_239');
INSERT INTO trabalho.comentarios_podcast_usuario VALUES ('comment_239_2_2', 'Tenetur commodi quaerat eligendi.', 'c58b280a-56d4-4ad8-8c85-730e4ea86361', 'usr_239');
INSERT INTO trabalho.log_acesso VALUES ('log_239_0_2', 'c58b280a-56d4-4ad8-8c85-730e4ea86361', 'usr_239');
INSERT INTO trabalho.usuario VALUES ('usr_240', '240_Cau_Nogueira38@yahoo.com', 'Cauã Nogueira', 'male', 1, trabalho.hashPassword('Password123'), 'Seicheles');
INSERT INTO trabalho.usuario_esta_inscrito_no_podcast VALUES (4, '7e429e8e-7669-403d-bb78-3cd7f9f75afd', 'usr_240');
INSERT INTO trabalho.comentarios_podcast_usuario VALUES ('comment_240_0_0', 'Facere ut cumque officiis delectus veritatis enim delectus incidunt.', '7e429e8e-7669-403d-bb78-3cd7f9f75afd', 'usr_240');
INSERT INTO trabalho.comentarios_podcast_usuario VALUES ('comment_240_1_0', 'Quia et est.', '7e429e8e-7669-403d-bb78-3cd7f9f75afd', 'usr_240');
INSERT INTO trabalho.comentarios_podcast_usuario VALUES ('comment_240_2_0', 'Placeat eos molestias ut aut nam rerum sunt.', '7e429e8e-7669-403d-bb78-3cd7f9f75afd', 'usr_240');
INSERT INTO trabalho.log_acesso VALUES ('log_240_0_0', '7e429e8e-7669-403d-bb78-3cd7f9f75afd', 'usr_240');
INSERT INTO trabalho.log_acesso VALUES ('log_240_1_0', '7e429e8e-7669-403d-bb78-3cd7f9f75afd', 'usr_240');
INSERT INTO trabalho.log_acesso VALUES ('log_240_2_0', '7e429e8e-7669-403d-bb78-3cd7f9f75afd', 'usr_240');
INSERT INTO trabalho.log_acesso VALUES ('log_240_3_0', '7e429e8e-7669-403d-bb78-3cd7f9f75afd', 'usr_240');
INSERT INTO trabalho.log_acesso VALUES ('log_240_4_0', '7e429e8e-7669-403d-bb78-3cd7f9f75afd', 'usr_240');
INSERT INTO trabalho.log_acesso VALUES ('log_240_5_0', '7e429e8e-7669-403d-bb78-3cd7f9f75afd', 'usr_240');
INSERT INTO trabalho.log_acesso VALUES ('log_240_6_0', '7e429e8e-7669-403d-bb78-3cd7f9f75afd', 'usr_240');
INSERT INTO trabalho.usuario_esta_inscrito_no_podcast VALUES (5, '5bdf7377-8330-4f9f-8efd-e95301c122ce', 'usr_240');
INSERT INTO trabalho.comentarios_podcast_usuario VALUES ('comment_240_0_1', 'Libero ab in quaerat ut expedita.', '5bdf7377-8330-4f9f-8efd-e95301c122ce', 'usr_240');
INSERT INTO trabalho.comentarios_podcast_usuario VALUES ('comment_240_1_1', 'Repellat voluptatum velit repellendus blanditiis maxime est.', '5bdf7377-8330-4f9f-8efd-e95301c122ce', 'usr_240');
INSERT INTO trabalho.log_acesso VALUES ('log_240_0_1', '5bdf7377-8330-4f9f-8efd-e95301c122ce', 'usr_240');
INSERT INTO trabalho.log_acesso VALUES ('log_240_1_1', '5bdf7377-8330-4f9f-8efd-e95301c122ce', 'usr_240');
INSERT INTO trabalho.usuario_esta_inscrito_no_podcast VALUES (4, 'f8e13774-d631-4f34-93f0-2f5d55590265', 'usr_240');
INSERT INTO trabalho.comentarios_podcast_usuario VALUES ('comment_240_0_2', 'Recusandae et cum aut.', 'f8e13774-d631-4f34-93f0-2f5d55590265', 'usr_240');
INSERT INTO trabalho.comentarios_podcast_usuario VALUES ('comment_240_1_2', 'Dolorem dignissimos voluptas nam adipisci dicta.', 'f8e13774-d631-4f34-93f0-2f5d55590265', 'usr_240');
INSERT INTO trabalho.comentarios_podcast_usuario VALUES ('comment_240_2_2', 'Nobis incidunt ex perspiciatis dicta illum praesentium tempora.', 'f8e13774-d631-4f34-93f0-2f5d55590265', 'usr_240');
INSERT INTO trabalho.log_acesso VALUES ('log_240_0_2', 'f8e13774-d631-4f34-93f0-2f5d55590265', 'usr_240');
INSERT INTO trabalho.log_acesso VALUES ('log_240_1_2', 'f8e13774-d631-4f34-93f0-2f5d55590265', 'usr_240');
INSERT INTO trabalho.log_acesso VALUES ('log_240_2_2', 'f8e13774-d631-4f34-93f0-2f5d55590265', 'usr_240');
INSERT INTO trabalho.log_acesso VALUES ('log_240_3_2', 'f8e13774-d631-4f34-93f0-2f5d55590265', 'usr_240');
INSERT INTO trabalho.usuario VALUES ('usr_241', '241_Paulo_Souza@gmail.com', 'Paulo Souza', 'male', 38, trabalho.hashPassword('Password123'), 'Irã');
INSERT INTO trabalho.usuario_esta_inscrito_no_podcast VALUES (2, 'f1b92ce7-47a7-43cd-8586-4a09185cdd05', 'usr_241');
INSERT INTO trabalho.comentarios_podcast_usuario VALUES ('comment_241_0_0', 'Soluta ex vel nam consequatur nulla temporibus.', 'f1b92ce7-47a7-43cd-8586-4a09185cdd05', 'usr_241');
INSERT INTO trabalho.comentarios_podcast_usuario VALUES ('comment_241_1_0', 'Cupiditate aut doloremque voluptas quidem.', 'f1b92ce7-47a7-43cd-8586-4a09185cdd05', 'usr_241');
INSERT INTO trabalho.comentarios_podcast_usuario VALUES ('comment_241_2_0', 'Vero voluptatum neque explicabo tempora.', 'f1b92ce7-47a7-43cd-8586-4a09185cdd05', 'usr_241');
INSERT INTO trabalho.comentarios_podcast_usuario VALUES ('comment_241_3_0', 'Libero et sint quibusdam beatae molestias labore est non quis.', 'f1b92ce7-47a7-43cd-8586-4a09185cdd05', 'usr_241');
INSERT INTO trabalho.log_acesso VALUES ('log_241_0_0', 'f1b92ce7-47a7-43cd-8586-4a09185cdd05', 'usr_241');
INSERT INTO trabalho.usuario_esta_inscrito_no_podcast VALUES (1, 'b553d865-8fe2-47de-9a30-10e1dea3bd1d', 'usr_241');
INSERT INTO trabalho.comentarios_podcast_usuario VALUES ('comment_241_0_1', 'Ut consequatur minima dolorem omnis qui sint et.', 'b553d865-8fe2-47de-9a30-10e1dea3bd1d', 'usr_241');
INSERT INTO trabalho.comentarios_podcast_usuario VALUES ('comment_241_1_1', 'Distinctio laborum nihil facilis ducimus dolor.', 'b553d865-8fe2-47de-9a30-10e1dea3bd1d', 'usr_241');
INSERT INTO trabalho.comentarios_podcast_usuario VALUES ('comment_241_2_1', 'Expedita aperiam deserunt voluptatum iure minus.', 'b553d865-8fe2-47de-9a30-10e1dea3bd1d', 'usr_241');
INSERT INTO trabalho.log_acesso VALUES ('log_241_0_1', 'b553d865-8fe2-47de-9a30-10e1dea3bd1d', 'usr_241');
INSERT INTO trabalho.log_acesso VALUES ('log_241_1_1', 'b553d865-8fe2-47de-9a30-10e1dea3bd1d', 'usr_241');
INSERT INTO trabalho.usuario_esta_inscrito_no_podcast VALUES (2, 'af46a958-b921-47b6-9f87-5c4fdc68ea79', 'usr_241');
INSERT INTO trabalho.comentarios_podcast_usuario VALUES ('comment_241_0_2', 'Ut in magnam aut consequuntur illo sint qui nesciunt nihil.', 'af46a958-b921-47b6-9f87-5c4fdc68ea79', 'usr_241');
INSERT INTO trabalho.comentarios_podcast_usuario VALUES ('comment_241_1_2', 'Quo doloribus labore voluptas autem.', 'af46a958-b921-47b6-9f87-5c4fdc68ea79', 'usr_241');
INSERT INTO trabalho.log_acesso VALUES ('log_241_0_2', 'af46a958-b921-47b6-9f87-5c4fdc68ea79', 'usr_241');
INSERT INTO trabalho.log_acesso VALUES ('log_241_1_2', 'af46a958-b921-47b6-9f87-5c4fdc68ea79', 'usr_241');
INSERT INTO trabalho.log_acesso VALUES ('log_241_2_2', 'af46a958-b921-47b6-9f87-5c4fdc68ea79', 'usr_241');
INSERT INTO trabalho.usuario VALUES ('usr_242', '242_Matheus80@live.com', 'Matheus Silva', 'male', 1, trabalho.hashPassword('Password123'), 'Libéria');
INSERT INTO trabalho.usuario_esta_inscrito_no_podcast VALUES (5, 'c58b280a-56d4-4ad8-8c85-730e4ea86361', 'usr_242');
INSERT INTO trabalho.comentarios_podcast_usuario VALUES ('comment_242_0_0', 'Animi quaerat veritatis sed suscipit et cupiditate molestias qui.', 'c58b280a-56d4-4ad8-8c85-730e4ea86361', 'usr_242');
INSERT INTO trabalho.comentarios_podcast_usuario VALUES ('comment_242_1_0', 'Quia pariatur rem aut.', 'c58b280a-56d4-4ad8-8c85-730e4ea86361', 'usr_242');
INSERT INTO trabalho.comentarios_podcast_usuario VALUES ('comment_242_2_0', 'Dolorum nam facere vero deleniti nulla.', 'c58b280a-56d4-4ad8-8c85-730e4ea86361', 'usr_242');
INSERT INTO trabalho.log_acesso VALUES ('log_242_0_0', 'c58b280a-56d4-4ad8-8c85-730e4ea86361', 'usr_242');
INSERT INTO trabalho.log_acesso VALUES ('log_242_1_0', 'c58b280a-56d4-4ad8-8c85-730e4ea86361', 'usr_242');
INSERT INTO trabalho.log_acesso VALUES ('log_242_2_0', 'c58b280a-56d4-4ad8-8c85-730e4ea86361', 'usr_242');
INSERT INTO trabalho.log_acesso VALUES ('log_242_3_0', 'c58b280a-56d4-4ad8-8c85-730e4ea86361', 'usr_242');
INSERT INTO trabalho.log_acesso VALUES ('log_242_4_0', 'c58b280a-56d4-4ad8-8c85-730e4ea86361', 'usr_242');
INSERT INTO trabalho.log_acesso VALUES ('log_242_5_0', 'c58b280a-56d4-4ad8-8c85-730e4ea86361', 'usr_242');
INSERT INTO trabalho.usuario_esta_inscrito_no_podcast VALUES (4, 'f8e13774-d631-4f34-93f0-2f5d55590265', 'usr_242');
INSERT INTO trabalho.comentarios_podcast_usuario VALUES ('comment_242_0_1', 'Libero molestiae omnis.', 'f8e13774-d631-4f34-93f0-2f5d55590265', 'usr_242');
INSERT INTO trabalho.comentarios_podcast_usuario VALUES ('comment_242_1_1', 'Quae consequuntur officiis ut dolorem praesentium at blanditiis nemo fugit.', 'f8e13774-d631-4f34-93f0-2f5d55590265', 'usr_242');
INSERT INTO trabalho.comentarios_podcast_usuario VALUES ('comment_242_2_1', 'Architecto corrupti aliquam culpa aut.', 'f8e13774-d631-4f34-93f0-2f5d55590265', 'usr_242');
INSERT INTO trabalho.comentarios_podcast_usuario VALUES ('comment_242_3_1', 'Ex sint qui expedita deserunt voluptatum id cum et voluptas.', 'f8e13774-d631-4f34-93f0-2f5d55590265', 'usr_242');
INSERT INTO trabalho.log_acesso VALUES ('log_242_0_1', 'f8e13774-d631-4f34-93f0-2f5d55590265', 'usr_242');
INSERT INTO trabalho.log_acesso VALUES ('log_242_1_1', 'f8e13774-d631-4f34-93f0-2f5d55590265', 'usr_242');
INSERT INTO trabalho.log_acesso VALUES ('log_242_2_1', 'f8e13774-d631-4f34-93f0-2f5d55590265', 'usr_242');
INSERT INTO trabalho.usuario_esta_inscrito_no_podcast VALUES (2, '67074e68-bc2f-442b-8af2-7d328b6af6eb', 'usr_242');
INSERT INTO trabalho.comentarios_podcast_usuario VALUES ('comment_242_0_2', 'Recusandae temporibus autem quod ipsam rem earum non aspernatur.', '67074e68-bc2f-442b-8af2-7d328b6af6eb', 'usr_242');
INSERT INTO trabalho.comentarios_podcast_usuario VALUES ('comment_242_1_2', 'Non quae quia reprehenderit.', '67074e68-bc2f-442b-8af2-7d328b6af6eb', 'usr_242');
INSERT INTO trabalho.comentarios_podcast_usuario VALUES ('comment_242_2_2', 'Minima ipsam facilis beatae neque voluptate ab.', '67074e68-bc2f-442b-8af2-7d328b6af6eb', 'usr_242');
INSERT INTO trabalho.comentarios_podcast_usuario VALUES ('comment_242_3_2', 'Facilis molestias dolorum architecto ipsam in fuga.', '67074e68-bc2f-442b-8af2-7d328b6af6eb', 'usr_242');
INSERT INTO trabalho.comentarios_podcast_usuario VALUES ('comment_242_4_2', 'Libero veritatis consequatur quia sed ad.', '67074e68-bc2f-442b-8af2-7d328b6af6eb', 'usr_242');
INSERT INTO trabalho.log_acesso VALUES ('log_242_0_2', '67074e68-bc2f-442b-8af2-7d328b6af6eb', 'usr_242');
INSERT INTO trabalho.log_acesso VALUES ('log_242_1_2', '67074e68-bc2f-442b-8af2-7d328b6af6eb', 'usr_242');
INSERT INTO trabalho.log_acesso VALUES ('log_242_2_2', '67074e68-bc2f-442b-8af2-7d328b6af6eb', 'usr_242');
INSERT INTO trabalho.log_acesso VALUES ('log_242_3_2', '67074e68-bc2f-442b-8af2-7d328b6af6eb', 'usr_242');
INSERT INTO trabalho.log_acesso VALUES ('log_242_4_2', '67074e68-bc2f-442b-8af2-7d328b6af6eb', 'usr_242');
INSERT INTO trabalho.usuario VALUES ('usr_243', '243_Matheus79@live.com', 'Matheus Reis', 'male', 28, trabalho.hashPassword('Password123'), 'Ilhas Caiman');
INSERT INTO trabalho.usuario_esta_inscrito_no_podcast VALUES (0, '168c1536-4c42-4b8f-8c77-f06affefec6a', 'usr_243');
INSERT INTO trabalho.comentarios_podcast_usuario VALUES ('comment_243_0_0', 'Atque accusantium quisquam dolore ut rerum.', '168c1536-4c42-4b8f-8c77-f06affefec6a', 'usr_243');
INSERT INTO trabalho.comentarios_podcast_usuario VALUES ('comment_243_1_0', 'Nisi velit doloremque sequi eius sint qui incidunt.', '168c1536-4c42-4b8f-8c77-f06affefec6a', 'usr_243');
INSERT INTO trabalho.comentarios_podcast_usuario VALUES ('comment_243_2_0', 'Porro ratione ut nam.', '168c1536-4c42-4b8f-8c77-f06affefec6a', 'usr_243');
INSERT INTO trabalho.comentarios_podcast_usuario VALUES ('comment_243_3_0', 'Magni dolor harum culpa qui fuga voluptatem laboriosam ea.', '168c1536-4c42-4b8f-8c77-f06affefec6a', 'usr_243');
INSERT INTO trabalho.log_acesso VALUES ('log_243_0_0', '168c1536-4c42-4b8f-8c77-f06affefec6a', 'usr_243');
INSERT INTO trabalho.log_acesso VALUES ('log_243_1_0', '168c1536-4c42-4b8f-8c77-f06affefec6a', 'usr_243');
INSERT INTO trabalho.log_acesso VALUES ('log_243_2_0', '168c1536-4c42-4b8f-8c77-f06affefec6a', 'usr_243');
INSERT INTO trabalho.log_acesso VALUES ('log_243_3_0', '168c1536-4c42-4b8f-8c77-f06affefec6a', 'usr_243');
INSERT INTO trabalho.log_acesso VALUES ('log_243_4_0', '168c1536-4c42-4b8f-8c77-f06affefec6a', 'usr_243');
INSERT INTO trabalho.log_acesso VALUES ('log_243_5_0', '168c1536-4c42-4b8f-8c77-f06affefec6a', 'usr_243');
INSERT INTO trabalho.usuario_esta_inscrito_no_podcast VALUES (2, '7e429e8e-7669-403d-bb78-3cd7f9f75afd', 'usr_243');
INSERT INTO trabalho.comentarios_podcast_usuario VALUES ('comment_243_0_1', 'Ut ea odit natus.', '7e429e8e-7669-403d-bb78-3cd7f9f75afd', 'usr_243');
INSERT INTO trabalho.comentarios_podcast_usuario VALUES ('comment_243_1_1', 'Et exercitationem eum esse beatae est dicta.', '7e429e8e-7669-403d-bb78-3cd7f9f75afd', 'usr_243');
INSERT INTO trabalho.comentarios_podcast_usuario VALUES ('comment_243_2_1', 'Quaerat id harum non nesciunt cumque a recusandae.', '7e429e8e-7669-403d-bb78-3cd7f9f75afd', 'usr_243');
INSERT INTO trabalho.comentarios_podcast_usuario VALUES ('comment_243_3_1', 'Sed laudantium aut nostrum in.', '7e429e8e-7669-403d-bb78-3cd7f9f75afd', 'usr_243');
INSERT INTO trabalho.log_acesso VALUES ('log_243_0_1', '7e429e8e-7669-403d-bb78-3cd7f9f75afd', 'usr_243');
INSERT INTO trabalho.log_acesso VALUES ('log_243_1_1', '7e429e8e-7669-403d-bb78-3cd7f9f75afd', 'usr_243');
INSERT INTO trabalho.log_acesso VALUES ('log_243_2_1', '7e429e8e-7669-403d-bb78-3cd7f9f75afd', 'usr_243');
INSERT INTO trabalho.log_acesso VALUES ('log_243_3_1', '7e429e8e-7669-403d-bb78-3cd7f9f75afd', 'usr_243');
INSERT INTO trabalho.log_acesso VALUES ('log_243_4_1', '7e429e8e-7669-403d-bb78-3cd7f9f75afd', 'usr_243');
INSERT INTO trabalho.usuario_esta_inscrito_no_podcast VALUES (4, '5bdf7377-8330-4f9f-8efd-e95301c122ce', 'usr_243');
INSERT INTO trabalho.comentarios_podcast_usuario VALUES ('comment_243_0_2', 'Aperiam dolore error sit corporis.', '5bdf7377-8330-4f9f-8efd-e95301c122ce', 'usr_243');
INSERT INTO trabalho.comentarios_podcast_usuario VALUES ('comment_243_1_2', 'Repellat eaque possimus dicta aliquam eos qui non.', '5bdf7377-8330-4f9f-8efd-e95301c122ce', 'usr_243');
INSERT INTO trabalho.log_acesso VALUES ('log_243_0_2', '5bdf7377-8330-4f9f-8efd-e95301c122ce', 'usr_243');
INSERT INTO trabalho.log_acesso VALUES ('log_243_1_2', '5bdf7377-8330-4f9f-8efd-e95301c122ce', 'usr_243');
INSERT INTO trabalho.log_acesso VALUES ('log_243_2_2', '5bdf7377-8330-4f9f-8efd-e95301c122ce', 'usr_243');
INSERT INTO trabalho.usuario VALUES ('usr_244', '244_Joana90@bol.com.br', 'Joana Moreira', 'female', 20, trabalho.hashPassword('Password123'), 'Nicarágua');
INSERT INTO trabalho.usuario_esta_inscrito_no_podcast VALUES (2, 'fa3abe16-3645-4d22-a01d-893e6f20c408', 'usr_244');
INSERT INTO trabalho.comentarios_podcast_usuario VALUES ('comment_244_0_0', 'Laudantium commodi animi qui minus fuga atque porro necessitatibus.', 'fa3abe16-3645-4d22-a01d-893e6f20c408', 'usr_244');
INSERT INTO trabalho.comentarios_podcast_usuario VALUES ('comment_244_1_0', 'Harum nobis error hic et nobis dolore rerum.', 'fa3abe16-3645-4d22-a01d-893e6f20c408', 'usr_244');
INSERT INTO trabalho.comentarios_podcast_usuario VALUES ('comment_244_2_0', 'Aliquid assumenda sed mollitia unde voluptate.', 'fa3abe16-3645-4d22-a01d-893e6f20c408', 'usr_244');
INSERT INTO trabalho.comentarios_podcast_usuario VALUES ('comment_244_3_0', 'Nostrum ducimus id.', 'fa3abe16-3645-4d22-a01d-893e6f20c408', 'usr_244');
INSERT INTO trabalho.log_acesso VALUES ('log_244_0_0', 'fa3abe16-3645-4d22-a01d-893e6f20c408', 'usr_244');
INSERT INTO trabalho.usuario_esta_inscrito_no_podcast VALUES (4, 'c58b280a-56d4-4ad8-8c85-730e4ea86361', 'usr_244');
INSERT INTO trabalho.comentarios_podcast_usuario VALUES ('comment_244_0_1', 'Nemo recusandae officiis consequuntur ex aut.', 'c58b280a-56d4-4ad8-8c85-730e4ea86361', 'usr_244');
INSERT INTO trabalho.comentarios_podcast_usuario VALUES ('comment_244_1_1', 'Culpa ut velit velit.', 'c58b280a-56d4-4ad8-8c85-730e4ea86361', 'usr_244');
INSERT INTO trabalho.comentarios_podcast_usuario VALUES ('comment_244_2_1', 'Veritatis soluta laudantium et ipsa repellat necessitatibus eos officia.', 'c58b280a-56d4-4ad8-8c85-730e4ea86361', 'usr_244');
INSERT INTO trabalho.log_acesso VALUES ('log_244_0_1', 'c58b280a-56d4-4ad8-8c85-730e4ea86361', 'usr_244');
INSERT INTO trabalho.log_acesso VALUES ('log_244_1_1', 'c58b280a-56d4-4ad8-8c85-730e4ea86361', 'usr_244');
INSERT INTO trabalho.usuario_esta_inscrito_no_podcast VALUES (5, 'f0166bd2-8e4d-4308-b5d7-0b3d627c5dc5', 'usr_244');
INSERT INTO trabalho.comentarios_podcast_usuario VALUES ('comment_244_0_2', 'Sed et sint cupiditate dolore veniam fugit.', 'f0166bd2-8e4d-4308-b5d7-0b3d627c5dc5', 'usr_244');
INSERT INTO trabalho.comentarios_podcast_usuario VALUES ('comment_244_1_2', 'Vel enim ducimus soluta fugiat debitis rerum qui.', 'f0166bd2-8e4d-4308-b5d7-0b3d627c5dc5', 'usr_244');
INSERT INTO trabalho.comentarios_podcast_usuario VALUES ('comment_244_2_2', 'Maiores et optio deleniti ullam.', 'f0166bd2-8e4d-4308-b5d7-0b3d627c5dc5', 'usr_244');
INSERT INTO trabalho.comentarios_podcast_usuario VALUES ('comment_244_3_2', 'Nemo accusantium reiciendis cum cumque eum molestiae.', 'f0166bd2-8e4d-4308-b5d7-0b3d627c5dc5', 'usr_244');
INSERT INTO trabalho.comentarios_podcast_usuario VALUES ('comment_244_4_2', 'Aliquid velit maiores dicta cum fugit et dolorem tenetur molestiae.', 'f0166bd2-8e4d-4308-b5d7-0b3d627c5dc5', 'usr_244');
INSERT INTO trabalho.log_acesso VALUES ('log_244_0_2', 'f0166bd2-8e4d-4308-b5d7-0b3d627c5dc5', 'usr_244');
INSERT INTO trabalho.log_acesso VALUES ('log_244_1_2', 'f0166bd2-8e4d-4308-b5d7-0b3d627c5dc5', 'usr_244');
INSERT INTO trabalho.log_acesso VALUES ('log_244_2_2', 'f0166bd2-8e4d-4308-b5d7-0b3d627c5dc5', 'usr_244');
INSERT INTO trabalho.log_acesso VALUES ('log_244_3_2', 'f0166bd2-8e4d-4308-b5d7-0b3d627c5dc5', 'usr_244');
INSERT INTO trabalho.log_acesso VALUES ('log_244_4_2', 'f0166bd2-8e4d-4308-b5d7-0b3d627c5dc5', 'usr_244');
INSERT INTO trabalho.usuario VALUES ('usr_245', '245_Bencio_Carvalho@yahoo.com', 'Benício Carvalho', 'male', 22, trabalho.hashPassword('Password123'), 'Angola');
INSERT INTO trabalho.usuario_esta_inscrito_no_podcast VALUES (3, '67074e68-bc2f-442b-8af2-7d328b6af6eb', 'usr_245');
INSERT INTO trabalho.comentarios_podcast_usuario VALUES ('comment_245_0_0', 'Iure qui quia provident doloribus placeat.', '67074e68-bc2f-442b-8af2-7d328b6af6eb', 'usr_245');
INSERT INTO trabalho.comentarios_podcast_usuario VALUES ('comment_245_1_0', 'Sint iusto est asperiores voluptatem quia suscipit non.', '67074e68-bc2f-442b-8af2-7d328b6af6eb', 'usr_245');
INSERT INTO trabalho.comentarios_podcast_usuario VALUES ('comment_245_2_0', 'Dolorem fugiat fugit.', '67074e68-bc2f-442b-8af2-7d328b6af6eb', 'usr_245');
INSERT INTO trabalho.log_acesso VALUES ('log_245_0_0', '67074e68-bc2f-442b-8af2-7d328b6af6eb', 'usr_245');
INSERT INTO trabalho.usuario_esta_inscrito_no_podcast VALUES (5, 'f1b92ce7-47a7-43cd-8586-4a09185cdd05', 'usr_245');
INSERT INTO trabalho.comentarios_podcast_usuario VALUES ('comment_245_0_1', 'Quo assumenda iste id.', 'f1b92ce7-47a7-43cd-8586-4a09185cdd05', 'usr_245');
INSERT INTO trabalho.comentarios_podcast_usuario VALUES ('comment_245_1_1', 'Sit labore molestiae consequatur ut impedit ducimus qui excepturi quis.', 'f1b92ce7-47a7-43cd-8586-4a09185cdd05', 'usr_245');
INSERT INTO trabalho.comentarios_podcast_usuario VALUES ('comment_245_2_1', 'Odit voluptate tenetur dignissimos vitae delectus deserunt vel doloribus.', 'f1b92ce7-47a7-43cd-8586-4a09185cdd05', 'usr_245');
INSERT INTO trabalho.comentarios_podcast_usuario VALUES ('comment_245_3_1', 'Quia repellat est sit recusandae in a et ab.', 'f1b92ce7-47a7-43cd-8586-4a09185cdd05', 'usr_245');
INSERT INTO trabalho.log_acesso VALUES ('log_245_0_1', 'f1b92ce7-47a7-43cd-8586-4a09185cdd05', 'usr_245');
INSERT INTO trabalho.log_acesso VALUES ('log_245_1_1', 'f1b92ce7-47a7-43cd-8586-4a09185cdd05', 'usr_245');
INSERT INTO trabalho.log_acesso VALUES ('log_245_2_1', 'f1b92ce7-47a7-43cd-8586-4a09185cdd05', 'usr_245');
INSERT INTO trabalho.log_acesso VALUES ('log_245_3_1', 'f1b92ce7-47a7-43cd-8586-4a09185cdd05', 'usr_245');
INSERT INTO trabalho.usuario_esta_inscrito_no_podcast VALUES (1, '5bdf7377-8330-4f9f-8efd-e95301c122ce', 'usr_245');
INSERT INTO trabalho.comentarios_podcast_usuario VALUES ('comment_245_0_2', 'Aliquam laborum delectus quia harum ratione ut hic rerum.', '5bdf7377-8330-4f9f-8efd-e95301c122ce', 'usr_245');
INSERT INTO trabalho.log_acesso VALUES ('log_245_0_2', '5bdf7377-8330-4f9f-8efd-e95301c122ce', 'usr_245');
INSERT INTO trabalho.log_acesso VALUES ('log_245_1_2', '5bdf7377-8330-4f9f-8efd-e95301c122ce', 'usr_245');
INSERT INTO trabalho.log_acesso VALUES ('log_245_2_2', '5bdf7377-8330-4f9f-8efd-e95301c122ce', 'usr_245');
INSERT INTO trabalho.log_acesso VALUES ('log_245_3_2', '5bdf7377-8330-4f9f-8efd-e95301c122ce', 'usr_245');
INSERT INTO trabalho.log_acesso VALUES ('log_245_4_2', '5bdf7377-8330-4f9f-8efd-e95301c122ce', 'usr_245');
INSERT INTO trabalho.log_acesso VALUES ('log_245_5_2', '5bdf7377-8330-4f9f-8efd-e95301c122ce', 'usr_245');
INSERT INTO trabalho.log_acesso VALUES ('log_245_6_2', '5bdf7377-8330-4f9f-8efd-e95301c122ce', 'usr_245');
INSERT INTO trabalho.usuario VALUES ('usr_246', '246_Talita.Silva@live.com', 'Talita Silva', 'female', 37, trabalho.hashPassword('Password123'), 'Eslováquia');
INSERT INTO trabalho.usuario_esta_inscrito_no_podcast VALUES (5, 'bc8dac25-793c-4a96-aafc-4ea7020f4f60', 'usr_246');
INSERT INTO trabalho.comentarios_podcast_usuario VALUES ('comment_246_0_0', 'Alias nobis voluptas cumque veniam tenetur non quia hic.', 'bc8dac25-793c-4a96-aafc-4ea7020f4f60', 'usr_246');
INSERT INTO trabalho.comentarios_podcast_usuario VALUES ('comment_246_1_0', 'Voluptatem expedita amet qui.', 'bc8dac25-793c-4a96-aafc-4ea7020f4f60', 'usr_246');
INSERT INTO trabalho.comentarios_podcast_usuario VALUES ('comment_246_2_0', 'Ullam et nesciunt quis.', 'bc8dac25-793c-4a96-aafc-4ea7020f4f60', 'usr_246');
INSERT INTO trabalho.log_acesso VALUES ('log_246_0_0', 'bc8dac25-793c-4a96-aafc-4ea7020f4f60', 'usr_246');
INSERT INTO trabalho.log_acesso VALUES ('log_246_1_0', 'bc8dac25-793c-4a96-aafc-4ea7020f4f60', 'usr_246');
INSERT INTO trabalho.log_acesso VALUES ('log_246_2_0', 'bc8dac25-793c-4a96-aafc-4ea7020f4f60', 'usr_246');
INSERT INTO trabalho.log_acesso VALUES ('log_246_3_0', 'bc8dac25-793c-4a96-aafc-4ea7020f4f60', 'usr_246');
INSERT INTO trabalho.log_acesso VALUES ('log_246_4_0', 'bc8dac25-793c-4a96-aafc-4ea7020f4f60', 'usr_246');
INSERT INTO trabalho.log_acesso VALUES ('log_246_5_0', 'bc8dac25-793c-4a96-aafc-4ea7020f4f60', 'usr_246');
INSERT INTO trabalho.usuario_esta_inscrito_no_podcast VALUES (1, 'fa3abe16-3645-4d22-a01d-893e6f20c408', 'usr_246');
INSERT INTO trabalho.comentarios_podcast_usuario VALUES ('comment_246_0_1', 'Exercitationem iusto accusamus maiores fugit a quod deserunt unde atque.', 'fa3abe16-3645-4d22-a01d-893e6f20c408', 'usr_246');
INSERT INTO trabalho.comentarios_podcast_usuario VALUES ('comment_246_1_1', 'Quia perspiciatis numquam dolorem et ut fuga molestiae optio dolorem.', 'fa3abe16-3645-4d22-a01d-893e6f20c408', 'usr_246');
INSERT INTO trabalho.comentarios_podcast_usuario VALUES ('comment_246_2_1', 'Doloremque rerum deleniti.', 'fa3abe16-3645-4d22-a01d-893e6f20c408', 'usr_246');
INSERT INTO trabalho.log_acesso VALUES ('log_246_0_1', 'fa3abe16-3645-4d22-a01d-893e6f20c408', 'usr_246');
INSERT INTO trabalho.log_acesso VALUES ('log_246_1_1', 'fa3abe16-3645-4d22-a01d-893e6f20c408', 'usr_246');
INSERT INTO trabalho.log_acesso VALUES ('log_246_2_1', 'fa3abe16-3645-4d22-a01d-893e6f20c408', 'usr_246');
INSERT INTO trabalho.log_acesso VALUES ('log_246_3_1', 'fa3abe16-3645-4d22-a01d-893e6f20c408', 'usr_246');
INSERT INTO trabalho.log_acesso VALUES ('log_246_4_1', 'fa3abe16-3645-4d22-a01d-893e6f20c408', 'usr_246');
INSERT INTO trabalho.log_acesso VALUES ('log_246_5_1', 'fa3abe16-3645-4d22-a01d-893e6f20c408', 'usr_246');
INSERT INTO trabalho.log_acesso VALUES ('log_246_6_1', 'fa3abe16-3645-4d22-a01d-893e6f20c408', 'usr_246');
INSERT INTO trabalho.usuario_esta_inscrito_no_podcast VALUES (1, '168c1536-4c42-4b8f-8c77-f06affefec6a', 'usr_246');
INSERT INTO trabalho.comentarios_podcast_usuario VALUES ('comment_246_0_2', 'Deleniti molestiae magnam.', '168c1536-4c42-4b8f-8c77-f06affefec6a', 'usr_246');
INSERT INTO trabalho.comentarios_podcast_usuario VALUES ('comment_246_1_2', 'Accusamus molestias et debitis mollitia nihil labore accusamus minima.', '168c1536-4c42-4b8f-8c77-f06affefec6a', 'usr_246');
INSERT INTO trabalho.log_acesso VALUES ('log_246_0_2', '168c1536-4c42-4b8f-8c77-f06affefec6a', 'usr_246');
INSERT INTO trabalho.log_acesso VALUES ('log_246_1_2', '168c1536-4c42-4b8f-8c77-f06affefec6a', 'usr_246');
INSERT INTO trabalho.log_acesso VALUES ('log_246_2_2', '168c1536-4c42-4b8f-8c77-f06affefec6a', 'usr_246');
INSERT INTO trabalho.log_acesso VALUES ('log_246_3_2', '168c1536-4c42-4b8f-8c77-f06affefec6a', 'usr_246');
INSERT INTO trabalho.usuario VALUES ('usr_247', '247_Lvia_Macedo@yahoo.com', 'Lívia Macedo', 'female', 6, trabalho.hashPassword('Password123'), 'Brunei');
INSERT INTO trabalho.usuario_esta_inscrito_no_podcast VALUES (5, 'fa3abe16-3645-4d22-a01d-893e6f20c408', 'usr_247');
INSERT INTO trabalho.comentarios_podcast_usuario VALUES ('comment_247_0_0', 'Nam quidem dolores provident sint sunt dolorum corrupti.', 'fa3abe16-3645-4d22-a01d-893e6f20c408', 'usr_247');
INSERT INTO trabalho.log_acesso VALUES ('log_247_0_0', 'fa3abe16-3645-4d22-a01d-893e6f20c408', 'usr_247');
INSERT INTO trabalho.log_acesso VALUES ('log_247_1_0', 'fa3abe16-3645-4d22-a01d-893e6f20c408', 'usr_247');
INSERT INTO trabalho.usuario_esta_inscrito_no_podcast VALUES (0, 'f8e13774-d631-4f34-93f0-2f5d55590265', 'usr_247');
INSERT INTO trabalho.comentarios_podcast_usuario VALUES ('comment_247_0_1', 'Ut aut iure aspernatur aliquid illum aut.', 'f8e13774-d631-4f34-93f0-2f5d55590265', 'usr_247');
INSERT INTO trabalho.comentarios_podcast_usuario VALUES ('comment_247_1_1', 'Deserunt doloribus laboriosam amet.', 'f8e13774-d631-4f34-93f0-2f5d55590265', 'usr_247');
INSERT INTO trabalho.comentarios_podcast_usuario VALUES ('comment_247_2_1', 'Corporis porro assumenda aut ut in sint.', 'f8e13774-d631-4f34-93f0-2f5d55590265', 'usr_247');
INSERT INTO trabalho.comentarios_podcast_usuario VALUES ('comment_247_3_1', 'Optio ex dolore.', 'f8e13774-d631-4f34-93f0-2f5d55590265', 'usr_247');
INSERT INTO trabalho.log_acesso VALUES ('log_247_0_1', 'f8e13774-d631-4f34-93f0-2f5d55590265', 'usr_247');
INSERT INTO trabalho.log_acesso VALUES ('log_247_1_1', 'f8e13774-d631-4f34-93f0-2f5d55590265', 'usr_247');
INSERT INTO trabalho.log_acesso VALUES ('log_247_2_1', 'f8e13774-d631-4f34-93f0-2f5d55590265', 'usr_247');
INSERT INTO trabalho.log_acesso VALUES ('log_247_3_1', 'f8e13774-d631-4f34-93f0-2f5d55590265', 'usr_247');
INSERT INTO trabalho.usuario_esta_inscrito_no_podcast VALUES (5, '219328a1-cec6-4e8c-b003-52a3ec9766bb', 'usr_247');
INSERT INTO trabalho.comentarios_podcast_usuario VALUES ('comment_247_0_2', 'Fugiat voluptas quisquam atque qui iure similique.', '219328a1-cec6-4e8c-b003-52a3ec9766bb', 'usr_247');
INSERT INTO trabalho.comentarios_podcast_usuario VALUES ('comment_247_1_2', 'Recusandae temporibus voluptatibus iste et.', '219328a1-cec6-4e8c-b003-52a3ec9766bb', 'usr_247');
INSERT INTO trabalho.comentarios_podcast_usuario VALUES ('comment_247_2_2', 'Temporibus magnam ipsum magni mollitia.', '219328a1-cec6-4e8c-b003-52a3ec9766bb', 'usr_247');
INSERT INTO trabalho.log_acesso VALUES ('log_247_0_2', '219328a1-cec6-4e8c-b003-52a3ec9766bb', 'usr_247');
INSERT INTO trabalho.log_acesso VALUES ('log_247_1_2', '219328a1-cec6-4e8c-b003-52a3ec9766bb', 'usr_247');
INSERT INTO trabalho.log_acesso VALUES ('log_247_2_2', '219328a1-cec6-4e8c-b003-52a3ec9766bb', 'usr_247');
INSERT INTO trabalho.log_acesso VALUES ('log_247_3_2', '219328a1-cec6-4e8c-b003-52a3ec9766bb', 'usr_247');
INSERT INTO trabalho.log_acesso VALUES ('log_247_4_2', '219328a1-cec6-4e8c-b003-52a3ec9766bb', 'usr_247');
INSERT INTO trabalho.log_acesso VALUES ('log_247_5_2', '219328a1-cec6-4e8c-b003-52a3ec9766bb', 'usr_247');
INSERT INTO trabalho.log_acesso VALUES ('log_247_6_2', '219328a1-cec6-4e8c-b003-52a3ec9766bb', 'usr_247');
INSERT INTO trabalho.usuario VALUES ('usr_248', '248_Melissa_Braga@bol.com.br', 'Melissa Braga', 'female', 9, trabalho.hashPassword('Password123'), 'Sao Tomé e Príncipe');
INSERT INTO trabalho.usuario_esta_inscrito_no_podcast VALUES (4, 'b553d865-8fe2-47de-9a30-10e1dea3bd1d', 'usr_248');
INSERT INTO trabalho.comentarios_podcast_usuario VALUES ('comment_248_0_0', 'Ullam excepturi itaque et et quia ipsa dicta consequuntur.', 'b553d865-8fe2-47de-9a30-10e1dea3bd1d', 'usr_248');
INSERT INTO trabalho.comentarios_podcast_usuario VALUES ('comment_248_1_0', 'Exercitationem molestias temporibus.', 'b553d865-8fe2-47de-9a30-10e1dea3bd1d', 'usr_248');
INSERT INTO trabalho.comentarios_podcast_usuario VALUES ('comment_248_2_0', 'Eos quas eaque temporibus nisi.', 'b553d865-8fe2-47de-9a30-10e1dea3bd1d', 'usr_248');
INSERT INTO trabalho.log_acesso VALUES ('log_248_0_0', 'b553d865-8fe2-47de-9a30-10e1dea3bd1d', 'usr_248');
INSERT INTO trabalho.log_acesso VALUES ('log_248_1_0', 'b553d865-8fe2-47de-9a30-10e1dea3bd1d', 'usr_248');
INSERT INTO trabalho.log_acesso VALUES ('log_248_2_0', 'b553d865-8fe2-47de-9a30-10e1dea3bd1d', 'usr_248');
INSERT INTO trabalho.usuario_esta_inscrito_no_podcast VALUES (3, '168c1536-4c42-4b8f-8c77-f06affefec6a', 'usr_248');
INSERT INTO trabalho.comentarios_podcast_usuario VALUES ('comment_248_0_1', 'Est voluptate consequatur assumenda sed.', '168c1536-4c42-4b8f-8c77-f06affefec6a', 'usr_248');
INSERT INTO trabalho.comentarios_podcast_usuario VALUES ('comment_248_1_1', 'Dolor dolore voluptatem consequatur.', '168c1536-4c42-4b8f-8c77-f06affefec6a', 'usr_248');
INSERT INTO trabalho.log_acesso VALUES ('log_248_0_1', '168c1536-4c42-4b8f-8c77-f06affefec6a', 'usr_248');
INSERT INTO trabalho.log_acesso VALUES ('log_248_1_1', '168c1536-4c42-4b8f-8c77-f06affefec6a', 'usr_248');
INSERT INTO trabalho.log_acesso VALUES ('log_248_2_1', '168c1536-4c42-4b8f-8c77-f06affefec6a', 'usr_248');
INSERT INTO trabalho.log_acesso VALUES ('log_248_3_1', '168c1536-4c42-4b8f-8c77-f06affefec6a', 'usr_248');
INSERT INTO trabalho.log_acesso VALUES ('log_248_4_1', '168c1536-4c42-4b8f-8c77-f06affefec6a', 'usr_248');
INSERT INTO trabalho.usuario_esta_inscrito_no_podcast VALUES (0, 'fa3abe16-3645-4d22-a01d-893e6f20c408', 'usr_248');
INSERT INTO trabalho.comentarios_podcast_usuario VALUES ('comment_248_0_2', 'Consequatur illum deleniti non impedit excepturi ipsam culpa.', 'fa3abe16-3645-4d22-a01d-893e6f20c408', 'usr_248');
INSERT INTO trabalho.comentarios_podcast_usuario VALUES ('comment_248_1_2', 'Quo corrupti aperiam architecto et omnis fuga eaque.', 'fa3abe16-3645-4d22-a01d-893e6f20c408', 'usr_248');
INSERT INTO trabalho.comentarios_podcast_usuario VALUES ('comment_248_2_2', 'Molestiae et dolor est impedit.', 'fa3abe16-3645-4d22-a01d-893e6f20c408', 'usr_248');
INSERT INTO trabalho.log_acesso VALUES ('log_248_0_2', 'fa3abe16-3645-4d22-a01d-893e6f20c408', 'usr_248');
INSERT INTO trabalho.log_acesso VALUES ('log_248_1_2', 'fa3abe16-3645-4d22-a01d-893e6f20c408', 'usr_248');
INSERT INTO trabalho.log_acesso VALUES ('log_248_2_2', 'fa3abe16-3645-4d22-a01d-893e6f20c408', 'usr_248');
INSERT INTO trabalho.log_acesso VALUES ('log_248_3_2', 'fa3abe16-3645-4d22-a01d-893e6f20c408', 'usr_248');
INSERT INTO trabalho.usuario VALUES ('usr_249', '249_Oflia_Nogueira59@bol.com.br', 'Ofélia Nogueira', 'female', 20, trabalho.hashPassword('Password123'), 'Ilhas Geórgia do Sul e Sandwich do Sul');
INSERT INTO trabalho.usuario_esta_inscrito_no_podcast VALUES (0, 'fa3abe16-3645-4d22-a01d-893e6f20c408', 'usr_249');
INSERT INTO trabalho.comentarios_podcast_usuario VALUES ('comment_249_0_0', 'Molestiae mollitia autem in cumque eum aut sint est.', 'fa3abe16-3645-4d22-a01d-893e6f20c408', 'usr_249');
INSERT INTO trabalho.comentarios_podcast_usuario VALUES ('comment_249_1_0', 'Repellat et est dolorum.', 'fa3abe16-3645-4d22-a01d-893e6f20c408', 'usr_249');
INSERT INTO trabalho.log_acesso VALUES ('log_249_0_0', 'fa3abe16-3645-4d22-a01d-893e6f20c408', 'usr_249');
INSERT INTO trabalho.log_acesso VALUES ('log_249_1_0', 'fa3abe16-3645-4d22-a01d-893e6f20c408', 'usr_249');
INSERT INTO trabalho.usuario_esta_inscrito_no_podcast VALUES (3, 'f1b92ce7-47a7-43cd-8586-4a09185cdd05', 'usr_249');
INSERT INTO trabalho.comentarios_podcast_usuario VALUES ('comment_249_0_1', 'Necessitatibus eos nulla porro qui.', 'f1b92ce7-47a7-43cd-8586-4a09185cdd05', 'usr_249');
INSERT INTO trabalho.comentarios_podcast_usuario VALUES ('comment_249_1_1', 'Sit blanditiis incidunt similique blanditiis facere sit ut atque voluptates.', 'f1b92ce7-47a7-43cd-8586-4a09185cdd05', 'usr_249');
INSERT INTO trabalho.comentarios_podcast_usuario VALUES ('comment_249_2_1', 'Quisquam est sit ea consequatur.', 'f1b92ce7-47a7-43cd-8586-4a09185cdd05', 'usr_249');
INSERT INTO trabalho.comentarios_podcast_usuario VALUES ('comment_249_3_1', 'Dignissimos recusandae ea neque quam omnis.', 'f1b92ce7-47a7-43cd-8586-4a09185cdd05', 'usr_249');
INSERT INTO trabalho.log_acesso VALUES ('log_249_0_1', 'f1b92ce7-47a7-43cd-8586-4a09185cdd05', 'usr_249');
INSERT INTO trabalho.log_acesso VALUES ('log_249_1_1', 'f1b92ce7-47a7-43cd-8586-4a09185cdd05', 'usr_249');
INSERT INTO trabalho.log_acesso VALUES ('log_249_2_1', 'f1b92ce7-47a7-43cd-8586-4a09185cdd05', 'usr_249');
INSERT INTO trabalho.usuario_esta_inscrito_no_podcast VALUES (3, 'f0166bd2-8e4d-4308-b5d7-0b3d627c5dc5', 'usr_249');
INSERT INTO trabalho.comentarios_podcast_usuario VALUES ('comment_249_0_2', 'Et voluptatem harum rerum aliquam earum dolor quibusdam.', 'f0166bd2-8e4d-4308-b5d7-0b3d627c5dc5', 'usr_249');
INSERT INTO trabalho.comentarios_podcast_usuario VALUES ('comment_249_1_2', 'Ducimus corrupti enim sequi eum nihil rerum consequatur rerum.', 'f0166bd2-8e4d-4308-b5d7-0b3d627c5dc5', 'usr_249');
INSERT INTO trabalho.comentarios_podcast_usuario VALUES ('comment_249_2_2', 'Ut eum voluptas dolores iure cum laborum magni impedit dolor.', 'f0166bd2-8e4d-4308-b5d7-0b3d627c5dc5', 'usr_249');
INSERT INTO trabalho.log_acesso VALUES ('log_249_0_2', 'f0166bd2-8e4d-4308-b5d7-0b3d627c5dc5', 'usr_249');
INSERT INTO trabalho.log_acesso VALUES ('log_249_1_2', 'f0166bd2-8e4d-4308-b5d7-0b3d627c5dc5', 'usr_249');
INSERT INTO trabalho.log_acesso VALUES ('log_249_2_2', 'f0166bd2-8e4d-4308-b5d7-0b3d627c5dc5', 'usr_249');
INSERT INTO trabalho.log_acesso VALUES ('log_249_3_2', 'f0166bd2-8e4d-4308-b5d7-0b3d627c5dc5', 'usr_249');
INSERT INTO trabalho.log_acesso VALUES ('log_249_4_2', 'f0166bd2-8e4d-4308-b5d7-0b3d627c5dc5', 'usr_249');
INSERT INTO trabalho.log_acesso VALUES ('log_249_5_2', 'f0166bd2-8e4d-4308-b5d7-0b3d627c5dc5', 'usr_249');
INSERT INTO trabalho.log_acesso VALUES ('log_249_6_2', 'f0166bd2-8e4d-4308-b5d7-0b3d627c5dc5', 'usr_249');
INSERT INTO trabalho.usuario VALUES ('usr_250', '250_Joo_Macedo5@hotmail.com', 'João Macedo', 'male', 58, trabalho.hashPassword('Password123'), 'Camarões');
INSERT INTO trabalho.usuario_esta_inscrito_no_podcast VALUES (0, 'de2f0ddb-9903-436a-a5e2-54224254c818', 'usr_250');
INSERT INTO trabalho.comentarios_podcast_usuario VALUES ('comment_250_0_0', 'Consectetur rem quasi sit qui qui culpa.', 'de2f0ddb-9903-436a-a5e2-54224254c818', 'usr_250');
INSERT INTO trabalho.comentarios_podcast_usuario VALUES ('comment_250_1_0', 'Et cumque velit atque voluptatem nulla dignissimos dolorem reprehenderit.', 'de2f0ddb-9903-436a-a5e2-54224254c818', 'usr_250');
INSERT INTO trabalho.comentarios_podcast_usuario VALUES ('comment_250_2_0', 'Nam maxime eligendi.', 'de2f0ddb-9903-436a-a5e2-54224254c818', 'usr_250');
INSERT INTO trabalho.log_acesso VALUES ('log_250_0_0', 'de2f0ddb-9903-436a-a5e2-54224254c818', 'usr_250');
INSERT INTO trabalho.log_acesso VALUES ('log_250_1_0', 'de2f0ddb-9903-436a-a5e2-54224254c818', 'usr_250');
INSERT INTO trabalho.log_acesso VALUES ('log_250_2_0', 'de2f0ddb-9903-436a-a5e2-54224254c818', 'usr_250');
INSERT INTO trabalho.log_acesso VALUES ('log_250_3_0', 'de2f0ddb-9903-436a-a5e2-54224254c818', 'usr_250');
INSERT INTO trabalho.log_acesso VALUES ('log_250_4_0', 'de2f0ddb-9903-436a-a5e2-54224254c818', 'usr_250');
INSERT INTO trabalho.log_acesso VALUES ('log_250_5_0', 'de2f0ddb-9903-436a-a5e2-54224254c818', 'usr_250');
INSERT INTO trabalho.usuario_esta_inscrito_no_podcast VALUES (5, 'f8e13774-d631-4f34-93f0-2f5d55590265', 'usr_250');
INSERT INTO trabalho.comentarios_podcast_usuario VALUES ('comment_250_0_1', 'Ut ad quia facilis sunt eos.', 'f8e13774-d631-4f34-93f0-2f5d55590265', 'usr_250');
INSERT INTO trabalho.comentarios_podcast_usuario VALUES ('comment_250_1_1', 'Nam quae qui omnis velit et mollitia ratione laboriosam.', 'f8e13774-d631-4f34-93f0-2f5d55590265', 'usr_250');
INSERT INTO trabalho.comentarios_podcast_usuario VALUES ('comment_250_2_1', 'Magni voluptas eligendi.', 'f8e13774-d631-4f34-93f0-2f5d55590265', 'usr_250');
INSERT INTO trabalho.log_acesso VALUES ('log_250_0_1', 'f8e13774-d631-4f34-93f0-2f5d55590265', 'usr_250');
INSERT INTO trabalho.log_acesso VALUES ('log_250_1_1', 'f8e13774-d631-4f34-93f0-2f5d55590265', 'usr_250');
INSERT INTO trabalho.log_acesso VALUES ('log_250_2_1', 'f8e13774-d631-4f34-93f0-2f5d55590265', 'usr_250');
INSERT INTO trabalho.log_acesso VALUES ('log_250_3_1', 'f8e13774-d631-4f34-93f0-2f5d55590265', 'usr_250');
INSERT INTO trabalho.usuario_esta_inscrito_no_podcast VALUES (2, 'c58b280a-56d4-4ad8-8c85-730e4ea86361', 'usr_250');
INSERT INTO trabalho.comentarios_podcast_usuario VALUES ('comment_250_0_2', 'Dolorem molestiae ut eos.', 'c58b280a-56d4-4ad8-8c85-730e4ea86361', 'usr_250');
INSERT INTO trabalho.comentarios_podcast_usuario VALUES ('comment_250_1_2', 'Soluta nemo possimus nemo quia qui aliquid.', 'c58b280a-56d4-4ad8-8c85-730e4ea86361', 'usr_250');
INSERT INTO trabalho.comentarios_podcast_usuario VALUES ('comment_250_2_2', 'Dolores iure adipisci sed modi et aperiam dolores beatae placeat.', 'c58b280a-56d4-4ad8-8c85-730e4ea86361', 'usr_250');
INSERT INTO trabalho.comentarios_podcast_usuario VALUES ('comment_250_3_2', 'Quis quasi aut voluptate reiciendis deleniti nisi quos maxime.', 'c58b280a-56d4-4ad8-8c85-730e4ea86361', 'usr_250');
INSERT INTO trabalho.log_acesso VALUES ('log_250_0_2', 'c58b280a-56d4-4ad8-8c85-730e4ea86361', 'usr_250');
INSERT INTO trabalho.log_acesso VALUES ('log_250_1_2', 'c58b280a-56d4-4ad8-8c85-730e4ea86361', 'usr_250');
INSERT INTO trabalho.log_acesso VALUES ('log_250_2_2', 'c58b280a-56d4-4ad8-8c85-730e4ea86361', 'usr_250');
INSERT INTO trabalho.log_acesso VALUES ('log_250_3_2', 'c58b280a-56d4-4ad8-8c85-730e4ea86361', 'usr_250');
INSERT INTO trabalho.log_acesso VALUES ('log_250_4_2', 'c58b280a-56d4-4ad8-8c85-730e4ea86361', 'usr_250');
INSERT INTO trabalho.log_acesso VALUES ('log_250_5_2', 'c58b280a-56d4-4ad8-8c85-730e4ea86361', 'usr_250');
INSERT INTO trabalho.usuario VALUES ('usr_251', '251_Davi45@live.com', 'Davi Silva', 'male', 39, trabalho.hashPassword('Password123'), 'Sudão');
INSERT INTO trabalho.usuario_esta_inscrito_no_podcast VALUES (0, 'fa3abe16-3645-4d22-a01d-893e6f20c408', 'usr_251');
INSERT INTO trabalho.comentarios_podcast_usuario VALUES ('comment_251_0_0', 'Accusantium ut incidunt aut quod consectetur nemo.', 'fa3abe16-3645-4d22-a01d-893e6f20c408', 'usr_251');
INSERT INTO trabalho.log_acesso VALUES ('log_251_0_0', 'fa3abe16-3645-4d22-a01d-893e6f20c408', 'usr_251');
INSERT INTO trabalho.log_acesso VALUES ('log_251_1_0', 'fa3abe16-3645-4d22-a01d-893e6f20c408', 'usr_251');
INSERT INTO trabalho.log_acesso VALUES ('log_251_2_0', 'fa3abe16-3645-4d22-a01d-893e6f20c408', 'usr_251');
INSERT INTO trabalho.log_acesso VALUES ('log_251_3_0', 'fa3abe16-3645-4d22-a01d-893e6f20c408', 'usr_251');
INSERT INTO trabalho.usuario_esta_inscrito_no_podcast VALUES (2, 'f1b92ce7-47a7-43cd-8586-4a09185cdd05', 'usr_251');
INSERT INTO trabalho.comentarios_podcast_usuario VALUES ('comment_251_0_1', 'Molestias neque est.', 'f1b92ce7-47a7-43cd-8586-4a09185cdd05', 'usr_251');
INSERT INTO trabalho.comentarios_podcast_usuario VALUES ('comment_251_1_1', 'Et dolore temporibus dolores dolore natus velit non.', 'f1b92ce7-47a7-43cd-8586-4a09185cdd05', 'usr_251');
INSERT INTO trabalho.comentarios_podcast_usuario VALUES ('comment_251_2_1', 'Tempora asperiores est quod eum et.', 'f1b92ce7-47a7-43cd-8586-4a09185cdd05', 'usr_251');
INSERT INTO trabalho.comentarios_podcast_usuario VALUES ('comment_251_3_1', 'Non quia velit libero iure ex odio sed sunt perferendis.', 'f1b92ce7-47a7-43cd-8586-4a09185cdd05', 'usr_251');
INSERT INTO trabalho.log_acesso VALUES ('log_251_0_1', 'f1b92ce7-47a7-43cd-8586-4a09185cdd05', 'usr_251');
INSERT INTO trabalho.log_acesso VALUES ('log_251_1_1', 'f1b92ce7-47a7-43cd-8586-4a09185cdd05', 'usr_251');
INSERT INTO trabalho.log_acesso VALUES ('log_251_2_1', 'f1b92ce7-47a7-43cd-8586-4a09185cdd05', 'usr_251');
INSERT INTO trabalho.log_acesso VALUES ('log_251_3_1', 'f1b92ce7-47a7-43cd-8586-4a09185cdd05', 'usr_251');
INSERT INTO trabalho.usuario_esta_inscrito_no_podcast VALUES (0, '168c1536-4c42-4b8f-8c77-f06affefec6a', 'usr_251');
INSERT INTO trabalho.comentarios_podcast_usuario VALUES ('comment_251_0_2', 'Commodi autem deleniti molestiae tenetur numquam sed.', '168c1536-4c42-4b8f-8c77-f06affefec6a', 'usr_251');
INSERT INTO trabalho.comentarios_podcast_usuario VALUES ('comment_251_1_2', 'Voluptatem dolores minus id quisquam ad minima sit quia ex.', '168c1536-4c42-4b8f-8c77-f06affefec6a', 'usr_251');
INSERT INTO trabalho.comentarios_podcast_usuario VALUES ('comment_251_2_2', 'Non impedit alias.', '168c1536-4c42-4b8f-8c77-f06affefec6a', 'usr_251');
INSERT INTO trabalho.comentarios_podcast_usuario VALUES ('comment_251_3_2', 'Omnis qui facere et voluptatem distinctio ut et.', '168c1536-4c42-4b8f-8c77-f06affefec6a', 'usr_251');
INSERT INTO trabalho.comentarios_podcast_usuario VALUES ('comment_251_4_2', 'Quia rerum animi impedit sit quis doloremque voluptatem.', '168c1536-4c42-4b8f-8c77-f06affefec6a', 'usr_251');
INSERT INTO trabalho.log_acesso VALUES ('log_251_0_2', '168c1536-4c42-4b8f-8c77-f06affefec6a', 'usr_251');
INSERT INTO trabalho.log_acesso VALUES ('log_251_1_2', '168c1536-4c42-4b8f-8c77-f06affefec6a', 'usr_251');
INSERT INTO trabalho.log_acesso VALUES ('log_251_2_2', '168c1536-4c42-4b8f-8c77-f06affefec6a', 'usr_251');
INSERT INTO trabalho.log_acesso VALUES ('log_251_3_2', '168c1536-4c42-4b8f-8c77-f06affefec6a', 'usr_251');
INSERT INTO trabalho.log_acesso VALUES ('log_251_4_2', '168c1536-4c42-4b8f-8c77-f06affefec6a', 'usr_251');
INSERT INTO trabalho.usuario VALUES ('usr_252', '252_Dalila.Pereira42@gmail.com', 'Dalila Pereira', 'female', 2, trabalho.hashPassword('Password123'), 'Samoa');
INSERT INTO trabalho.usuario_esta_inscrito_no_podcast VALUES (3, 'f8e13774-d631-4f34-93f0-2f5d55590265', 'usr_252');
INSERT INTO trabalho.comentarios_podcast_usuario VALUES ('comment_252_0_0', 'Delectus expedita sed sunt voluptatem amet non.', 'f8e13774-d631-4f34-93f0-2f5d55590265', 'usr_252');
INSERT INTO trabalho.comentarios_podcast_usuario VALUES ('comment_252_1_0', 'At reprehenderit omnis doloremque.', 'f8e13774-d631-4f34-93f0-2f5d55590265', 'usr_252');
INSERT INTO trabalho.comentarios_podcast_usuario VALUES ('comment_252_2_0', 'Est fuga enim.', 'f8e13774-d631-4f34-93f0-2f5d55590265', 'usr_252');
INSERT INTO trabalho.log_acesso VALUES ('log_252_0_0', 'f8e13774-d631-4f34-93f0-2f5d55590265', 'usr_252');
INSERT INTO trabalho.log_acesso VALUES ('log_252_1_0', 'f8e13774-d631-4f34-93f0-2f5d55590265', 'usr_252');
INSERT INTO trabalho.log_acesso VALUES ('log_252_2_0', 'f8e13774-d631-4f34-93f0-2f5d55590265', 'usr_252');
INSERT INTO trabalho.usuario_esta_inscrito_no_podcast VALUES (4, 'f0166bd2-8e4d-4308-b5d7-0b3d627c5dc5', 'usr_252');
INSERT INTO trabalho.comentarios_podcast_usuario VALUES ('comment_252_0_1', 'Maxime quos quas tempore voluptatum sit.', 'f0166bd2-8e4d-4308-b5d7-0b3d627c5dc5', 'usr_252');
INSERT INTO trabalho.comentarios_podcast_usuario VALUES ('comment_252_1_1', 'Nulla deleniti illum autem.', 'f0166bd2-8e4d-4308-b5d7-0b3d627c5dc5', 'usr_252');
INSERT INTO trabalho.comentarios_podcast_usuario VALUES ('comment_252_2_1', 'Consequatur numquam et qui rem excepturi dolorem.', 'f0166bd2-8e4d-4308-b5d7-0b3d627c5dc5', 'usr_252');
INSERT INTO trabalho.log_acesso VALUES ('log_252_0_1', 'f0166bd2-8e4d-4308-b5d7-0b3d627c5dc5', 'usr_252');
INSERT INTO trabalho.log_acesso VALUES ('log_252_1_1', 'f0166bd2-8e4d-4308-b5d7-0b3d627c5dc5', 'usr_252');
INSERT INTO trabalho.usuario_esta_inscrito_no_podcast VALUES (3, 'b553d865-8fe2-47de-9a30-10e1dea3bd1d', 'usr_252');
INSERT INTO trabalho.comentarios_podcast_usuario VALUES ('comment_252_0_2', 'Quibusdam aut vitae sed doloremque.', 'b553d865-8fe2-47de-9a30-10e1dea3bd1d', 'usr_252');
INSERT INTO trabalho.log_acesso VALUES ('log_252_0_2', 'b553d865-8fe2-47de-9a30-10e1dea3bd1d', 'usr_252');
INSERT INTO trabalho.log_acesso VALUES ('log_252_1_2', 'b553d865-8fe2-47de-9a30-10e1dea3bd1d', 'usr_252');
INSERT INTO trabalho.usuario VALUES ('usr_253', '253_Pablo85@hotmail.com', 'Pablo Carvalho', 'male', 47, trabalho.hashPassword('Password123'), 'Eslováquia');
INSERT INTO trabalho.usuario_esta_inscrito_no_podcast VALUES (4, 'c58b280a-56d4-4ad8-8c85-730e4ea86361', 'usr_253');
INSERT INTO trabalho.comentarios_podcast_usuario VALUES ('comment_253_0_0', 'Voluptas architecto sunt illum reiciendis nemo ad quia quidem iste.', 'c58b280a-56d4-4ad8-8c85-730e4ea86361', 'usr_253');
INSERT INTO trabalho.comentarios_podcast_usuario VALUES ('comment_253_1_0', 'Modi quia eaque dicta aperiam omnis.', 'c58b280a-56d4-4ad8-8c85-730e4ea86361', 'usr_253');
INSERT INTO trabalho.comentarios_podcast_usuario VALUES ('comment_253_2_0', 'Iusto qui et harum quibusdam eos autem id.', 'c58b280a-56d4-4ad8-8c85-730e4ea86361', 'usr_253');
INSERT INTO trabalho.comentarios_podcast_usuario VALUES ('comment_253_3_0', 'Amet illo quae deserunt error voluptatem et aspernatur ut.', 'c58b280a-56d4-4ad8-8c85-730e4ea86361', 'usr_253');
INSERT INTO trabalho.log_acesso VALUES ('log_253_0_0', 'c58b280a-56d4-4ad8-8c85-730e4ea86361', 'usr_253');
INSERT INTO trabalho.log_acesso VALUES ('log_253_1_0', 'c58b280a-56d4-4ad8-8c85-730e4ea86361', 'usr_253');
INSERT INTO trabalho.log_acesso VALUES ('log_253_2_0', 'c58b280a-56d4-4ad8-8c85-730e4ea86361', 'usr_253');
INSERT INTO trabalho.log_acesso VALUES ('log_253_3_0', 'c58b280a-56d4-4ad8-8c85-730e4ea86361', 'usr_253');
INSERT INTO trabalho.log_acesso VALUES ('log_253_4_0', 'c58b280a-56d4-4ad8-8c85-730e4ea86361', 'usr_253');
INSERT INTO trabalho.log_acesso VALUES ('log_253_5_0', 'c58b280a-56d4-4ad8-8c85-730e4ea86361', 'usr_253');
INSERT INTO trabalho.log_acesso VALUES ('log_253_6_0', 'c58b280a-56d4-4ad8-8c85-730e4ea86361', 'usr_253');
INSERT INTO trabalho.usuario_esta_inscrito_no_podcast VALUES (3, 'bc8dac25-793c-4a96-aafc-4ea7020f4f60', 'usr_253');
INSERT INTO trabalho.comentarios_podcast_usuario VALUES ('comment_253_0_1', 'Et a sapiente ipsum explicabo corrupti minima ullam.', 'bc8dac25-793c-4a96-aafc-4ea7020f4f60', 'usr_253');
INSERT INTO trabalho.comentarios_podcast_usuario VALUES ('comment_253_1_1', 'Ab aut error voluptates reiciendis recusandae omnis eius libero.', 'bc8dac25-793c-4a96-aafc-4ea7020f4f60', 'usr_253');
INSERT INTO trabalho.comentarios_podcast_usuario VALUES ('comment_253_2_1', 'Qui rem explicabo.', 'bc8dac25-793c-4a96-aafc-4ea7020f4f60', 'usr_253');
INSERT INTO trabalho.comentarios_podcast_usuario VALUES ('comment_253_3_1', 'Eum ut voluptatem sit qui debitis.', 'bc8dac25-793c-4a96-aafc-4ea7020f4f60', 'usr_253');
INSERT INTO trabalho.comentarios_podcast_usuario VALUES ('comment_253_4_1', 'Accusamus quo a maxime dicta odio.', 'bc8dac25-793c-4a96-aafc-4ea7020f4f60', 'usr_253');
INSERT INTO trabalho.comentarios_podcast_usuario VALUES ('comment_253_5_1', 'Fuga delectus dolor laborum perspiciatis est culpa eos.', 'bc8dac25-793c-4a96-aafc-4ea7020f4f60', 'usr_253');
INSERT INTO trabalho.log_acesso VALUES ('log_253_0_1', 'bc8dac25-793c-4a96-aafc-4ea7020f4f60', 'usr_253');
INSERT INTO trabalho.log_acesso VALUES ('log_253_1_1', 'bc8dac25-793c-4a96-aafc-4ea7020f4f60', 'usr_253');
INSERT INTO trabalho.log_acesso VALUES ('log_253_2_1', 'bc8dac25-793c-4a96-aafc-4ea7020f4f60', 'usr_253');
INSERT INTO trabalho.usuario_esta_inscrito_no_podcast VALUES (4, '219328a1-cec6-4e8c-b003-52a3ec9766bb', 'usr_253');
INSERT INTO trabalho.comentarios_podcast_usuario VALUES ('comment_253_0_2', 'Optio quasi vero.', '219328a1-cec6-4e8c-b003-52a3ec9766bb', 'usr_253');
INSERT INTO trabalho.comentarios_podcast_usuario VALUES ('comment_253_1_2', 'Vitae necessitatibus magnam quam assumenda.', '219328a1-cec6-4e8c-b003-52a3ec9766bb', 'usr_253');
INSERT INTO trabalho.comentarios_podcast_usuario VALUES ('comment_253_2_2', 'Voluptatem aut numquam.', '219328a1-cec6-4e8c-b003-52a3ec9766bb', 'usr_253');
INSERT INTO trabalho.comentarios_podcast_usuario VALUES ('comment_253_3_2', 'Officiis repellendus et doloribus.', '219328a1-cec6-4e8c-b003-52a3ec9766bb', 'usr_253');
INSERT INTO trabalho.comentarios_podcast_usuario VALUES ('comment_253_4_2', 'Culpa iusto dolorem iure in et facilis.', '219328a1-cec6-4e8c-b003-52a3ec9766bb', 'usr_253');
INSERT INTO trabalho.log_acesso VALUES ('log_253_0_2', '219328a1-cec6-4e8c-b003-52a3ec9766bb', 'usr_253');
INSERT INTO trabalho.log_acesso VALUES ('log_253_1_2', '219328a1-cec6-4e8c-b003-52a3ec9766bb', 'usr_253');
INSERT INTO trabalho.log_acesso VALUES ('log_253_2_2', '219328a1-cec6-4e8c-b003-52a3ec9766bb', 'usr_253');
INSERT INTO trabalho.usuario VALUES ('usr_254', '254_JooPedro.Macedo11@gmail.com', 'João Pedro Macedo', 'male', 23, trabalho.hashPassword('Password123'), 'Indonésia');
INSERT INTO trabalho.usuario_esta_inscrito_no_podcast VALUES (2, 'af46a958-b921-47b6-9f87-5c4fdc68ea79', 'usr_254');
INSERT INTO trabalho.comentarios_podcast_usuario VALUES ('comment_254_0_0', 'Vero deleniti similique voluptas nisi.', 'af46a958-b921-47b6-9f87-5c4fdc68ea79', 'usr_254');
INSERT INTO trabalho.comentarios_podcast_usuario VALUES ('comment_254_1_0', 'Inventore incidunt ducimus sapiente nemo est qui quia quia aut.', 'af46a958-b921-47b6-9f87-5c4fdc68ea79', 'usr_254');
INSERT INTO trabalho.log_acesso VALUES ('log_254_0_0', 'af46a958-b921-47b6-9f87-5c4fdc68ea79', 'usr_254');
INSERT INTO trabalho.log_acesso VALUES ('log_254_1_0', 'af46a958-b921-47b6-9f87-5c4fdc68ea79', 'usr_254');
INSERT INTO trabalho.log_acesso VALUES ('log_254_2_0', 'af46a958-b921-47b6-9f87-5c4fdc68ea79', 'usr_254');
INSERT INTO trabalho.usuario_esta_inscrito_no_podcast VALUES (0, 'b553d865-8fe2-47de-9a30-10e1dea3bd1d', 'usr_254');
INSERT INTO trabalho.comentarios_podcast_usuario VALUES ('comment_254_0_1', 'Modi adipisci dolores voluptas eius.', 'b553d865-8fe2-47de-9a30-10e1dea3bd1d', 'usr_254');
INSERT INTO trabalho.comentarios_podcast_usuario VALUES ('comment_254_1_1', 'Excepturi omnis inventore consequatur sit dolor.', 'b553d865-8fe2-47de-9a30-10e1dea3bd1d', 'usr_254');
INSERT INTO trabalho.log_acesso VALUES ('log_254_0_1', 'b553d865-8fe2-47de-9a30-10e1dea3bd1d', 'usr_254');
INSERT INTO trabalho.log_acesso VALUES ('log_254_1_1', 'b553d865-8fe2-47de-9a30-10e1dea3bd1d', 'usr_254');
INSERT INTO trabalho.log_acesso VALUES ('log_254_2_1', 'b553d865-8fe2-47de-9a30-10e1dea3bd1d', 'usr_254');
INSERT INTO trabalho.log_acesso VALUES ('log_254_3_1', 'b553d865-8fe2-47de-9a30-10e1dea3bd1d', 'usr_254');
INSERT INTO trabalho.usuario_esta_inscrito_no_podcast VALUES (2, 'de2f0ddb-9903-436a-a5e2-54224254c818', 'usr_254');
INSERT INTO trabalho.comentarios_podcast_usuario VALUES ('comment_254_0_2', 'Vel voluptates sint ut.', 'de2f0ddb-9903-436a-a5e2-54224254c818', 'usr_254');
INSERT INTO trabalho.log_acesso VALUES ('log_254_0_2', 'de2f0ddb-9903-436a-a5e2-54224254c818', 'usr_254');
INSERT INTO trabalho.log_acesso VALUES ('log_254_1_2', 'de2f0ddb-9903-436a-a5e2-54224254c818', 'usr_254');
INSERT INTO trabalho.log_acesso VALUES ('log_254_2_2', 'de2f0ddb-9903-436a-a5e2-54224254c818', 'usr_254');
INSERT INTO trabalho.log_acesso VALUES ('log_254_3_2', 'de2f0ddb-9903-436a-a5e2-54224254c818', 'usr_254');
INSERT INTO trabalho.log_acesso VALUES ('log_254_4_2', 'de2f0ddb-9903-436a-a5e2-54224254c818', 'usr_254');
INSERT INTO trabalho.log_acesso VALUES ('log_254_5_2', 'de2f0ddb-9903-436a-a5e2-54224254c818', 'usr_254');
INSERT INTO trabalho.log_acesso VALUES ('log_254_6_2', 'de2f0ddb-9903-436a-a5e2-54224254c818', 'usr_254');
INSERT INTO trabalho.usuario VALUES ('usr_255', '255_MariaJlia35@gmail.com', 'Maria Júlia Oliveira', 'female', 27, trabalho.hashPassword('Password123'), 'Ilhas Marshall');
INSERT INTO trabalho.usuario_esta_inscrito_no_podcast VALUES (2, 'f8e13774-d631-4f34-93f0-2f5d55590265', 'usr_255');
INSERT INTO trabalho.comentarios_podcast_usuario VALUES ('comment_255_0_0', 'Architecto error optio amet aspernatur nam.', 'f8e13774-d631-4f34-93f0-2f5d55590265', 'usr_255');
INSERT INTO trabalho.comentarios_podcast_usuario VALUES ('comment_255_1_0', 'Ipsam rerum eum ut id iste nemo porro unde.', 'f8e13774-d631-4f34-93f0-2f5d55590265', 'usr_255');
INSERT INTO trabalho.comentarios_podcast_usuario VALUES ('comment_255_2_0', 'Aut id nam cumque ut explicabo voluptate.', 'f8e13774-d631-4f34-93f0-2f5d55590265', 'usr_255');
INSERT INTO trabalho.comentarios_podcast_usuario VALUES ('comment_255_3_0', 'Non voluptas nam.', 'f8e13774-d631-4f34-93f0-2f5d55590265', 'usr_255');
INSERT INTO trabalho.log_acesso VALUES ('log_255_0_0', 'f8e13774-d631-4f34-93f0-2f5d55590265', 'usr_255');
INSERT INTO trabalho.usuario_esta_inscrito_no_podcast VALUES (5, '219328a1-cec6-4e8c-b003-52a3ec9766bb', 'usr_255');
INSERT INTO trabalho.comentarios_podcast_usuario VALUES ('comment_255_0_1', 'Sunt magni maxime dolorum et fuga sit suscipit perspiciatis aut.', '219328a1-cec6-4e8c-b003-52a3ec9766bb', 'usr_255');
INSERT INTO trabalho.comentarios_podcast_usuario VALUES ('comment_255_1_1', 'Ad sit debitis aut necessitatibus sint.', '219328a1-cec6-4e8c-b003-52a3ec9766bb', 'usr_255');
INSERT INTO trabalho.log_acesso VALUES ('log_255_0_1', '219328a1-cec6-4e8c-b003-52a3ec9766bb', 'usr_255');
INSERT INTO trabalho.log_acesso VALUES ('log_255_1_1', '219328a1-cec6-4e8c-b003-52a3ec9766bb', 'usr_255');
INSERT INTO trabalho.log_acesso VALUES ('log_255_2_1', '219328a1-cec6-4e8c-b003-52a3ec9766bb', 'usr_255');
INSERT INTO trabalho.log_acesso VALUES ('log_255_3_1', '219328a1-cec6-4e8c-b003-52a3ec9766bb', 'usr_255');
INSERT INTO trabalho.log_acesso VALUES ('log_255_4_1', '219328a1-cec6-4e8c-b003-52a3ec9766bb', 'usr_255');
INSERT INTO trabalho.usuario_esta_inscrito_no_podcast VALUES (4, 'c58b280a-56d4-4ad8-8c85-730e4ea86361', 'usr_255');
INSERT INTO trabalho.comentarios_podcast_usuario VALUES ('comment_255_0_2', 'Sapiente molestias et error et.', 'c58b280a-56d4-4ad8-8c85-730e4ea86361', 'usr_255');
INSERT INTO trabalho.comentarios_podcast_usuario VALUES ('comment_255_1_2', 'Eum sequi dicta harum sit inventore officiis recusandae voluptate.', 'c58b280a-56d4-4ad8-8c85-730e4ea86361', 'usr_255');
INSERT INTO trabalho.comentarios_podcast_usuario VALUES ('comment_255_2_2', 'Voluptatem delectus soluta et ratione laboriosam cumque incidunt.', 'c58b280a-56d4-4ad8-8c85-730e4ea86361', 'usr_255');
INSERT INTO trabalho.comentarios_podcast_usuario VALUES ('comment_255_3_2', 'Et enim qui cum quis est dolores voluptatem ut.', 'c58b280a-56d4-4ad8-8c85-730e4ea86361', 'usr_255');
INSERT INTO trabalho.comentarios_podcast_usuario VALUES ('comment_255_4_2', 'Eligendi quidem nihil.', 'c58b280a-56d4-4ad8-8c85-730e4ea86361', 'usr_255');
INSERT INTO trabalho.log_acesso VALUES ('log_255_0_2', 'c58b280a-56d4-4ad8-8c85-730e4ea86361', 'usr_255');
INSERT INTO trabalho.log_acesso VALUES ('log_255_1_2', 'c58b280a-56d4-4ad8-8c85-730e4ea86361', 'usr_255');
INSERT INTO trabalho.log_acesso VALUES ('log_255_2_2', 'c58b280a-56d4-4ad8-8c85-730e4ea86361', 'usr_255');
INSERT INTO trabalho.log_acesso VALUES ('log_255_3_2', 'c58b280a-56d4-4ad8-8c85-730e4ea86361', 'usr_255');
INSERT INTO trabalho.log_acesso VALUES ('log_255_4_2', 'c58b280a-56d4-4ad8-8c85-730e4ea86361', 'usr_255');
INSERT INTO trabalho.log_acesso VALUES ('log_255_5_2', 'c58b280a-56d4-4ad8-8c85-730e4ea86361', 'usr_255');
INSERT INTO trabalho.usuario VALUES ('usr_256', '256_Felipe_Santos@bol.com.br', 'Felipe Santos', 'male', 12, trabalho.hashPassword('Password123'), 'São Vicente e Granadinas');
INSERT INTO trabalho.usuario_esta_inscrito_no_podcast VALUES (2, 'de2f0ddb-9903-436a-a5e2-54224254c818', 'usr_256');
INSERT INTO trabalho.comentarios_podcast_usuario VALUES ('comment_256_0_0', 'Quia saepe et soluta atque.', 'de2f0ddb-9903-436a-a5e2-54224254c818', 'usr_256');
INSERT INTO trabalho.log_acesso VALUES ('log_256_0_0', 'de2f0ddb-9903-436a-a5e2-54224254c818', 'usr_256');
INSERT INTO trabalho.log_acesso VALUES ('log_256_1_0', 'de2f0ddb-9903-436a-a5e2-54224254c818', 'usr_256');
INSERT INTO trabalho.log_acesso VALUES ('log_256_2_0', 'de2f0ddb-9903-436a-a5e2-54224254c818', 'usr_256');
INSERT INTO trabalho.log_acesso VALUES ('log_256_3_0', 'de2f0ddb-9903-436a-a5e2-54224254c818', 'usr_256');
INSERT INTO trabalho.log_acesso VALUES ('log_256_4_0', 'de2f0ddb-9903-436a-a5e2-54224254c818', 'usr_256');
INSERT INTO trabalho.usuario_esta_inscrito_no_podcast VALUES (1, 'b553d865-8fe2-47de-9a30-10e1dea3bd1d', 'usr_256');
INSERT INTO trabalho.comentarios_podcast_usuario VALUES ('comment_256_0_1', 'Voluptas ut rem possimus et.', 'b553d865-8fe2-47de-9a30-10e1dea3bd1d', 'usr_256');
INSERT INTO trabalho.comentarios_podcast_usuario VALUES ('comment_256_1_1', 'Quis amet voluptas et.', 'b553d865-8fe2-47de-9a30-10e1dea3bd1d', 'usr_256');
INSERT INTO trabalho.comentarios_podcast_usuario VALUES ('comment_256_2_1', 'Eos amet eos sunt aut perspiciatis.', 'b553d865-8fe2-47de-9a30-10e1dea3bd1d', 'usr_256');
INSERT INTO trabalho.comentarios_podcast_usuario VALUES ('comment_256_3_1', 'Ex nihil qui dolores expedita sequi.', 'b553d865-8fe2-47de-9a30-10e1dea3bd1d', 'usr_256');
INSERT INTO trabalho.comentarios_podcast_usuario VALUES ('comment_256_4_1', 'Quia veritatis tempore debitis sed.', 'b553d865-8fe2-47de-9a30-10e1dea3bd1d', 'usr_256');
INSERT INTO trabalho.log_acesso VALUES ('log_256_0_1', 'b553d865-8fe2-47de-9a30-10e1dea3bd1d', 'usr_256');
INSERT INTO trabalho.log_acesso VALUES ('log_256_1_1', 'b553d865-8fe2-47de-9a30-10e1dea3bd1d', 'usr_256');
INSERT INTO trabalho.usuario_esta_inscrito_no_podcast VALUES (5, 'fa3abe16-3645-4d22-a01d-893e6f20c408', 'usr_256');
INSERT INTO trabalho.comentarios_podcast_usuario VALUES ('comment_256_0_2', 'Aut et qui consequatur doloremque similique et quibusdam.', 'fa3abe16-3645-4d22-a01d-893e6f20c408', 'usr_256');
INSERT INTO trabalho.comentarios_podcast_usuario VALUES ('comment_256_1_2', 'Aperiam nihil tenetur repellendus officia eos est dolorem.', 'fa3abe16-3645-4d22-a01d-893e6f20c408', 'usr_256');
INSERT INTO trabalho.comentarios_podcast_usuario VALUES ('comment_256_2_2', 'Ut aut sit quis sequi quisquam qui repudiandae nam.', 'fa3abe16-3645-4d22-a01d-893e6f20c408', 'usr_256');
INSERT INTO trabalho.comentarios_podcast_usuario VALUES ('comment_256_3_2', 'Et a eaque itaque eos occaecati cupiditate.', 'fa3abe16-3645-4d22-a01d-893e6f20c408', 'usr_256');
INSERT INTO trabalho.comentarios_podcast_usuario VALUES ('comment_256_4_2', 'Esse labore harum accusantium cupiditate.', 'fa3abe16-3645-4d22-a01d-893e6f20c408', 'usr_256');
INSERT INTO trabalho.log_acesso VALUES ('log_256_0_2', 'fa3abe16-3645-4d22-a01d-893e6f20c408', 'usr_256');
INSERT INTO trabalho.log_acesso VALUES ('log_256_1_2', 'fa3abe16-3645-4d22-a01d-893e6f20c408', 'usr_256');
INSERT INTO trabalho.log_acesso VALUES ('log_256_2_2', 'fa3abe16-3645-4d22-a01d-893e6f20c408', 'usr_256');
INSERT INTO trabalho.log_acesso VALUES ('log_256_3_2', 'fa3abe16-3645-4d22-a01d-893e6f20c408', 'usr_256');
INSERT INTO trabalho.log_acesso VALUES ('log_256_4_2', 'fa3abe16-3645-4d22-a01d-893e6f20c408', 'usr_256');
INSERT INTO trabalho.usuario VALUES ('usr_257', '257_Clia37@yahoo.com', 'Célia Franco', 'female', 1, trabalho.hashPassword('Password123'), 'Fiji');
INSERT INTO trabalho.usuario_esta_inscrito_no_podcast VALUES (0, '5bdf7377-8330-4f9f-8efd-e95301c122ce', 'usr_257');
INSERT INTO trabalho.comentarios_podcast_usuario VALUES ('comment_257_0_0', 'Architecto aut quae delectus aperiam magni omnis.', '5bdf7377-8330-4f9f-8efd-e95301c122ce', 'usr_257');
INSERT INTO trabalho.log_acesso VALUES ('log_257_0_0', '5bdf7377-8330-4f9f-8efd-e95301c122ce', 'usr_257');
INSERT INTO trabalho.log_acesso VALUES ('log_257_1_0', '5bdf7377-8330-4f9f-8efd-e95301c122ce', 'usr_257');
INSERT INTO trabalho.log_acesso VALUES ('log_257_2_0', '5bdf7377-8330-4f9f-8efd-e95301c122ce', 'usr_257');
INSERT INTO trabalho.usuario_esta_inscrito_no_podcast VALUES (4, '7e429e8e-7669-403d-bb78-3cd7f9f75afd', 'usr_257');
INSERT INTO trabalho.comentarios_podcast_usuario VALUES ('comment_257_0_1', 'Doloremque aut aut.', '7e429e8e-7669-403d-bb78-3cd7f9f75afd', 'usr_257');
INSERT INTO trabalho.comentarios_podcast_usuario VALUES ('comment_257_1_1', 'Occaecati deserunt facere dolores.', '7e429e8e-7669-403d-bb78-3cd7f9f75afd', 'usr_257');
INSERT INTO trabalho.comentarios_podcast_usuario VALUES ('comment_257_2_1', 'Eos itaque magni dolorum modi aut a excepturi.', '7e429e8e-7669-403d-bb78-3cd7f9f75afd', 'usr_257');
INSERT INTO trabalho.log_acesso VALUES ('log_257_0_1', '7e429e8e-7669-403d-bb78-3cd7f9f75afd', 'usr_257');
INSERT INTO trabalho.log_acesso VALUES ('log_257_1_1', '7e429e8e-7669-403d-bb78-3cd7f9f75afd', 'usr_257');
INSERT INTO trabalho.log_acesso VALUES ('log_257_2_1', '7e429e8e-7669-403d-bb78-3cd7f9f75afd', 'usr_257');
INSERT INTO trabalho.log_acesso VALUES ('log_257_3_1', '7e429e8e-7669-403d-bb78-3cd7f9f75afd', 'usr_257');
INSERT INTO trabalho.usuario_esta_inscrito_no_podcast VALUES (1, 'f1b92ce7-47a7-43cd-8586-4a09185cdd05', 'usr_257');
INSERT INTO trabalho.comentarios_podcast_usuario VALUES ('comment_257_0_2', 'Veniam veniam in illo qui aspernatur.', 'f1b92ce7-47a7-43cd-8586-4a09185cdd05', 'usr_257');
INSERT INTO trabalho.log_acesso VALUES ('log_257_0_2', 'f1b92ce7-47a7-43cd-8586-4a09185cdd05', 'usr_257');
INSERT INTO trabalho.log_acesso VALUES ('log_257_1_2', 'f1b92ce7-47a7-43cd-8586-4a09185cdd05', 'usr_257');
INSERT INTO trabalho.log_acesso VALUES ('log_257_2_2', 'f1b92ce7-47a7-43cd-8586-4a09185cdd05', 'usr_257');
INSERT INTO trabalho.log_acesso VALUES ('log_257_3_2', 'f1b92ce7-47a7-43cd-8586-4a09185cdd05', 'usr_257');
INSERT INTO trabalho.log_acesso VALUES ('log_257_4_2', 'f1b92ce7-47a7-43cd-8586-4a09185cdd05', 'usr_257');
INSERT INTO trabalho.usuario VALUES ('usr_258', '258_Aline_Xavier@live.com', 'Aline Xavier', 'female', 25, trabalho.hashPassword('Password123'), 'Barbados');
INSERT INTO trabalho.usuario_esta_inscrito_no_podcast VALUES (3, 'af46a958-b921-47b6-9f87-5c4fdc68ea79', 'usr_258');
INSERT INTO trabalho.comentarios_podcast_usuario VALUES ('comment_258_0_0', 'Nostrum delectus voluptatem.', 'af46a958-b921-47b6-9f87-5c4fdc68ea79', 'usr_258');
INSERT INTO trabalho.comentarios_podcast_usuario VALUES ('comment_258_1_0', 'Inventore animi aliquid fugit sed molestiae id.', 'af46a958-b921-47b6-9f87-5c4fdc68ea79', 'usr_258');
INSERT INTO trabalho.comentarios_podcast_usuario VALUES ('comment_258_2_0', 'In molestiae quidem modi nihil veniam quam sit autem nulla.', 'af46a958-b921-47b6-9f87-5c4fdc68ea79', 'usr_258');
INSERT INTO trabalho.log_acesso VALUES ('log_258_0_0', 'af46a958-b921-47b6-9f87-5c4fdc68ea79', 'usr_258');
INSERT INTO trabalho.log_acesso VALUES ('log_258_1_0', 'af46a958-b921-47b6-9f87-5c4fdc68ea79', 'usr_258');
INSERT INTO trabalho.log_acesso VALUES ('log_258_2_0', 'af46a958-b921-47b6-9f87-5c4fdc68ea79', 'usr_258');
INSERT INTO trabalho.log_acesso VALUES ('log_258_3_0', 'af46a958-b921-47b6-9f87-5c4fdc68ea79', 'usr_258');
INSERT INTO trabalho.log_acesso VALUES ('log_258_4_0', 'af46a958-b921-47b6-9f87-5c4fdc68ea79', 'usr_258');
INSERT INTO trabalho.log_acesso VALUES ('log_258_5_0', 'af46a958-b921-47b6-9f87-5c4fdc68ea79', 'usr_258');
INSERT INTO trabalho.usuario_esta_inscrito_no_podcast VALUES (3, '67074e68-bc2f-442b-8af2-7d328b6af6eb', 'usr_258');
INSERT INTO trabalho.comentarios_podcast_usuario VALUES ('comment_258_0_1', 'Ratione in voluptas sit eos.', '67074e68-bc2f-442b-8af2-7d328b6af6eb', 'usr_258');
INSERT INTO trabalho.comentarios_podcast_usuario VALUES ('comment_258_1_1', 'Enim sit recusandae explicabo aut ducimus nesciunt soluta qui.', '67074e68-bc2f-442b-8af2-7d328b6af6eb', 'usr_258');
INSERT INTO trabalho.comentarios_podcast_usuario VALUES ('comment_258_2_1', 'Velit nam dolor placeat cumque quo tempore praesentium.', '67074e68-bc2f-442b-8af2-7d328b6af6eb', 'usr_258');
INSERT INTO trabalho.comentarios_podcast_usuario VALUES ('comment_258_3_1', 'Culpa velit maxime velit nobis qui et sunt praesentium.', '67074e68-bc2f-442b-8af2-7d328b6af6eb', 'usr_258');
INSERT INTO trabalho.log_acesso VALUES ('log_258_0_1', '67074e68-bc2f-442b-8af2-7d328b6af6eb', 'usr_258');
INSERT INTO trabalho.log_acesso VALUES ('log_258_1_1', '67074e68-bc2f-442b-8af2-7d328b6af6eb', 'usr_258');
INSERT INTO trabalho.log_acesso VALUES ('log_258_2_1', '67074e68-bc2f-442b-8af2-7d328b6af6eb', 'usr_258');
INSERT INTO trabalho.usuario_esta_inscrito_no_podcast VALUES (0, '219328a1-cec6-4e8c-b003-52a3ec9766bb', 'usr_258');
INSERT INTO trabalho.comentarios_podcast_usuario VALUES ('comment_258_0_2', 'Autem et autem necessitatibus et cum vitae labore iusto officiis.', '219328a1-cec6-4e8c-b003-52a3ec9766bb', 'usr_258');
INSERT INTO trabalho.comentarios_podcast_usuario VALUES ('comment_258_1_2', 'Facilis repudiandae tempore est sit officiis repellat nam sint aut.', '219328a1-cec6-4e8c-b003-52a3ec9766bb', 'usr_258');
INSERT INTO trabalho.comentarios_podcast_usuario VALUES ('comment_258_2_2', 'Harum voluptates eos et aut quod ex magnam sit distinctio.', '219328a1-cec6-4e8c-b003-52a3ec9766bb', 'usr_258');
INSERT INTO trabalho.comentarios_podcast_usuario VALUES ('comment_258_3_2', 'Dolores quia odio veniam pariatur aperiam id voluptas nihil.', '219328a1-cec6-4e8c-b003-52a3ec9766bb', 'usr_258');
INSERT INTO trabalho.comentarios_podcast_usuario VALUES ('comment_258_4_2', 'Sit necessitatibus est temporibus sed quaerat.', '219328a1-cec6-4e8c-b003-52a3ec9766bb', 'usr_258');
INSERT INTO trabalho.log_acesso VALUES ('log_258_0_2', '219328a1-cec6-4e8c-b003-52a3ec9766bb', 'usr_258');
INSERT INTO trabalho.log_acesso VALUES ('log_258_1_2', '219328a1-cec6-4e8c-b003-52a3ec9766bb', 'usr_258');
INSERT INTO trabalho.usuario VALUES ('usr_259', '259_Liz.Albuquerque@yahoo.com', 'Liz Albuquerque', 'female', 54, trabalho.hashPassword('Password123'), 'Finlândia');
INSERT INTO trabalho.usuario_esta_inscrito_no_podcast VALUES (2, '7e429e8e-7669-403d-bb78-3cd7f9f75afd', 'usr_259');
INSERT INTO trabalho.comentarios_podcast_usuario VALUES ('comment_259_0_0', 'Saepe rerum aut aut fugiat perspiciatis debitis velit ex voluptatem.', '7e429e8e-7669-403d-bb78-3cd7f9f75afd', 'usr_259');
INSERT INTO trabalho.comentarios_podcast_usuario VALUES ('comment_259_1_0', 'Alias hic reiciendis rerum nemo modi.', '7e429e8e-7669-403d-bb78-3cd7f9f75afd', 'usr_259');
INSERT INTO trabalho.comentarios_podcast_usuario VALUES ('comment_259_2_0', 'Animi totam veritatis non nihil non.', '7e429e8e-7669-403d-bb78-3cd7f9f75afd', 'usr_259');
INSERT INTO trabalho.log_acesso VALUES ('log_259_0_0', '7e429e8e-7669-403d-bb78-3cd7f9f75afd', 'usr_259');
INSERT INTO trabalho.log_acesso VALUES ('log_259_1_0', '7e429e8e-7669-403d-bb78-3cd7f9f75afd', 'usr_259');
INSERT INTO trabalho.log_acesso VALUES ('log_259_2_0', '7e429e8e-7669-403d-bb78-3cd7f9f75afd', 'usr_259');
INSERT INTO trabalho.log_acesso VALUES ('log_259_3_0', '7e429e8e-7669-403d-bb78-3cd7f9f75afd', 'usr_259');
INSERT INTO trabalho.usuario_esta_inscrito_no_podcast VALUES (1, 'f8e13774-d631-4f34-93f0-2f5d55590265', 'usr_259');
INSERT INTO trabalho.comentarios_podcast_usuario VALUES ('comment_259_0_1', 'Voluptatem autem corporis et eum quasi sapiente odio.', 'f8e13774-d631-4f34-93f0-2f5d55590265', 'usr_259');
INSERT INTO trabalho.comentarios_podcast_usuario VALUES ('comment_259_1_1', 'Nulla voluptate facere saepe iure qui minus.', 'f8e13774-d631-4f34-93f0-2f5d55590265', 'usr_259');
INSERT INTO trabalho.comentarios_podcast_usuario VALUES ('comment_259_2_1', 'Reprehenderit minima ipsam molestiae consequatur expedita.', 'f8e13774-d631-4f34-93f0-2f5d55590265', 'usr_259');
INSERT INTO trabalho.comentarios_podcast_usuario VALUES ('comment_259_3_1', 'Ipsum possimus similique ad.', 'f8e13774-d631-4f34-93f0-2f5d55590265', 'usr_259');
INSERT INTO trabalho.comentarios_podcast_usuario VALUES ('comment_259_4_1', 'Aut reprehenderit sunt dicta et hic.', 'f8e13774-d631-4f34-93f0-2f5d55590265', 'usr_259');
INSERT INTO trabalho.log_acesso VALUES ('log_259_0_1', 'f8e13774-d631-4f34-93f0-2f5d55590265', 'usr_259');
INSERT INTO trabalho.log_acesso VALUES ('log_259_1_1', 'f8e13774-d631-4f34-93f0-2f5d55590265', 'usr_259');
INSERT INTO trabalho.usuario_esta_inscrito_no_podcast VALUES (3, '67074e68-bc2f-442b-8af2-7d328b6af6eb', 'usr_259');
INSERT INTO trabalho.comentarios_podcast_usuario VALUES ('comment_259_0_2', 'Aut est animi ducimus aspernatur soluta provident.', '67074e68-bc2f-442b-8af2-7d328b6af6eb', 'usr_259');
INSERT INTO trabalho.comentarios_podcast_usuario VALUES ('comment_259_1_2', 'Facilis labore officia iste totam veritatis autem pariatur voluptates dolorem.', '67074e68-bc2f-442b-8af2-7d328b6af6eb', 'usr_259');
INSERT INTO trabalho.log_acesso VALUES ('log_259_0_2', '67074e68-bc2f-442b-8af2-7d328b6af6eb', 'usr_259');
INSERT INTO trabalho.log_acesso VALUES ('log_259_1_2', '67074e68-bc2f-442b-8af2-7d328b6af6eb', 'usr_259');
INSERT INTO trabalho.log_acesso VALUES ('log_259_2_2', '67074e68-bc2f-442b-8af2-7d328b6af6eb', 'usr_259');
INSERT INTO trabalho.usuario VALUES ('usr_260', '260_Bernardo.Moraes@hotmail.com', 'Bernardo Moraes', 'male', 52, trabalho.hashPassword('Password123'), 'Georgia');
INSERT INTO trabalho.usuario_esta_inscrito_no_podcast VALUES (0, '219328a1-cec6-4e8c-b003-52a3ec9766bb', 'usr_260');
INSERT INTO trabalho.comentarios_podcast_usuario VALUES ('comment_260_0_0', 'Iusto sint rerum qui eos cum et.', '219328a1-cec6-4e8c-b003-52a3ec9766bb', 'usr_260');
INSERT INTO trabalho.comentarios_podcast_usuario VALUES ('comment_260_1_0', 'Dolor suscipit qui.', '219328a1-cec6-4e8c-b003-52a3ec9766bb', 'usr_260');
INSERT INTO trabalho.log_acesso VALUES ('log_260_0_0', '219328a1-cec6-4e8c-b003-52a3ec9766bb', 'usr_260');
INSERT INTO trabalho.log_acesso VALUES ('log_260_1_0', '219328a1-cec6-4e8c-b003-52a3ec9766bb', 'usr_260');
INSERT INTO trabalho.log_acesso VALUES ('log_260_2_0', '219328a1-cec6-4e8c-b003-52a3ec9766bb', 'usr_260');
INSERT INTO trabalho.log_acesso VALUES ('log_260_3_0', '219328a1-cec6-4e8c-b003-52a3ec9766bb', 'usr_260');
INSERT INTO trabalho.usuario_esta_inscrito_no_podcast VALUES (3, 'fa3abe16-3645-4d22-a01d-893e6f20c408', 'usr_260');
INSERT INTO trabalho.comentarios_podcast_usuario VALUES ('comment_260_0_1', 'Fugit ea animi ipsam eligendi qui aperiam.', 'fa3abe16-3645-4d22-a01d-893e6f20c408', 'usr_260');
INSERT INTO trabalho.comentarios_podcast_usuario VALUES ('comment_260_1_1', 'Esse nam repellat iure beatae alias molestias voluptates eveniet.', 'fa3abe16-3645-4d22-a01d-893e6f20c408', 'usr_260');
INSERT INTO trabalho.comentarios_podcast_usuario VALUES ('comment_260_2_1', 'Vero eaque ut voluptatibus totam pariatur aut nisi dolor.', 'fa3abe16-3645-4d22-a01d-893e6f20c408', 'usr_260');
INSERT INTO trabalho.comentarios_podcast_usuario VALUES ('comment_260_3_1', 'Maiores illo rem totam in consequatur.', 'fa3abe16-3645-4d22-a01d-893e6f20c408', 'usr_260');
INSERT INTO trabalho.log_acesso VALUES ('log_260_0_1', 'fa3abe16-3645-4d22-a01d-893e6f20c408', 'usr_260');
INSERT INTO trabalho.log_acesso VALUES ('log_260_1_1', 'fa3abe16-3645-4d22-a01d-893e6f20c408', 'usr_260');
INSERT INTO trabalho.log_acesso VALUES ('log_260_2_1', 'fa3abe16-3645-4d22-a01d-893e6f20c408', 'usr_260');
INSERT INTO trabalho.log_acesso VALUES ('log_260_3_1', 'fa3abe16-3645-4d22-a01d-893e6f20c408', 'usr_260');
INSERT INTO trabalho.usuario_esta_inscrito_no_podcast VALUES (4, 'bc8dac25-793c-4a96-aafc-4ea7020f4f60', 'usr_260');
INSERT INTO trabalho.comentarios_podcast_usuario VALUES ('comment_260_0_2', 'Perferendis fugit nobis voluptatibus libero consequatur.', 'bc8dac25-793c-4a96-aafc-4ea7020f4f60', 'usr_260');
INSERT INTO trabalho.comentarios_podcast_usuario VALUES ('comment_260_1_2', 'Possimus quas repellendus voluptatum.', 'bc8dac25-793c-4a96-aafc-4ea7020f4f60', 'usr_260');
INSERT INTO trabalho.comentarios_podcast_usuario VALUES ('comment_260_2_2', 'Suscipit tenetur aspernatur.', 'bc8dac25-793c-4a96-aafc-4ea7020f4f60', 'usr_260');
INSERT INTO trabalho.comentarios_podcast_usuario VALUES ('comment_260_3_2', 'Esse neque ipsa.', 'bc8dac25-793c-4a96-aafc-4ea7020f4f60', 'usr_260');
INSERT INTO trabalho.comentarios_podcast_usuario VALUES ('comment_260_4_2', 'Assumenda necessitatibus consequuntur est iste qui nihil aut blanditiis dolorum.', 'bc8dac25-793c-4a96-aafc-4ea7020f4f60', 'usr_260');
INSERT INTO trabalho.log_acesso VALUES ('log_260_0_2', 'bc8dac25-793c-4a96-aafc-4ea7020f4f60', 'usr_260');
INSERT INTO trabalho.log_acesso VALUES ('log_260_1_2', 'bc8dac25-793c-4a96-aafc-4ea7020f4f60', 'usr_260');
INSERT INTO trabalho.log_acesso VALUES ('log_260_2_2', 'bc8dac25-793c-4a96-aafc-4ea7020f4f60', 'usr_260');
INSERT INTO trabalho.usuario VALUES ('usr_261', '261_Hugo68@gmail.com', 'Hugo Pereira', 'male', 25, trabalho.hashPassword('Password123'), 'Arquipélago de Chagos');
INSERT INTO trabalho.usuario_esta_inscrito_no_podcast VALUES (1, '219328a1-cec6-4e8c-b003-52a3ec9766bb', 'usr_261');
INSERT INTO trabalho.comentarios_podcast_usuario VALUES ('comment_261_0_0', 'Eligendi neque harum error earum.', '219328a1-cec6-4e8c-b003-52a3ec9766bb', 'usr_261');
INSERT INTO trabalho.comentarios_podcast_usuario VALUES ('comment_261_1_0', 'In quasi vel et repellat dolorem illum dolorum.', '219328a1-cec6-4e8c-b003-52a3ec9766bb', 'usr_261');
INSERT INTO trabalho.log_acesso VALUES ('log_261_0_0', '219328a1-cec6-4e8c-b003-52a3ec9766bb', 'usr_261');
INSERT INTO trabalho.usuario_esta_inscrito_no_podcast VALUES (1, 'f0166bd2-8e4d-4308-b5d7-0b3d627c5dc5', 'usr_261');
INSERT INTO trabalho.comentarios_podcast_usuario VALUES ('comment_261_0_1', 'Quidem sapiente neque quas ut deserunt.', 'f0166bd2-8e4d-4308-b5d7-0b3d627c5dc5', 'usr_261');
INSERT INTO trabalho.comentarios_podcast_usuario VALUES ('comment_261_1_1', 'Et occaecati quia suscipit ipsam voluptates iste.', 'f0166bd2-8e4d-4308-b5d7-0b3d627c5dc5', 'usr_261');
INSERT INTO trabalho.log_acesso VALUES ('log_261_0_1', 'f0166bd2-8e4d-4308-b5d7-0b3d627c5dc5', 'usr_261');
INSERT INTO trabalho.log_acesso VALUES ('log_261_1_1', 'f0166bd2-8e4d-4308-b5d7-0b3d627c5dc5', 'usr_261');
INSERT INTO trabalho.log_acesso VALUES ('log_261_2_1', 'f0166bd2-8e4d-4308-b5d7-0b3d627c5dc5', 'usr_261');
INSERT INTO trabalho.usuario_esta_inscrito_no_podcast VALUES (4, 'af46a958-b921-47b6-9f87-5c4fdc68ea79', 'usr_261');
INSERT INTO trabalho.comentarios_podcast_usuario VALUES ('comment_261_0_2', 'Ducimus quas iste harum alias et rerum vitae.', 'af46a958-b921-47b6-9f87-5c4fdc68ea79', 'usr_261');
INSERT INTO trabalho.comentarios_podcast_usuario VALUES ('comment_261_1_2', 'Qui perspiciatis sed omnis deserunt impedit ab porro fuga.', 'af46a958-b921-47b6-9f87-5c4fdc68ea79', 'usr_261');
INSERT INTO trabalho.comentarios_podcast_usuario VALUES ('comment_261_2_2', 'Debitis quo nihil aperiam minima voluptate ipsum et et aut.', 'af46a958-b921-47b6-9f87-5c4fdc68ea79', 'usr_261');
INSERT INTO trabalho.comentarios_podcast_usuario VALUES ('comment_261_3_2', 'Consectetur veniam id odio laudantium omnis dolor maiores est dolore.', 'af46a958-b921-47b6-9f87-5c4fdc68ea79', 'usr_261');
INSERT INTO trabalho.log_acesso VALUES ('log_261_0_2', 'af46a958-b921-47b6-9f87-5c4fdc68ea79', 'usr_261');
INSERT INTO trabalho.log_acesso VALUES ('log_261_1_2', 'af46a958-b921-47b6-9f87-5c4fdc68ea79', 'usr_261');
INSERT INTO trabalho.log_acesso VALUES ('log_261_2_2', 'af46a958-b921-47b6-9f87-5c4fdc68ea79', 'usr_261');
INSERT INTO trabalho.log_acesso VALUES ('log_261_3_2', 'af46a958-b921-47b6-9f87-5c4fdc68ea79', 'usr_261');
INSERT INTO trabalho.usuario VALUES ('usr_262', '262_Fabrcia21@gmail.com', 'Fabrícia Carvalho', 'female', 31, trabalho.hashPassword('Password123'), 'Omã');
INSERT INTO trabalho.usuario_esta_inscrito_no_podcast VALUES (4, 'fa3abe16-3645-4d22-a01d-893e6f20c408', 'usr_262');
INSERT INTO trabalho.comentarios_podcast_usuario VALUES ('comment_262_0_0', 'Nihil officia quaerat asperiores eius sapiente praesentium velit ipsam.', 'fa3abe16-3645-4d22-a01d-893e6f20c408', 'usr_262');
INSERT INTO trabalho.comentarios_podcast_usuario VALUES ('comment_262_1_0', 'Et dolorem consequuntur hic beatae necessitatibus ipsa ullam autem.', 'fa3abe16-3645-4d22-a01d-893e6f20c408', 'usr_262');
INSERT INTO trabalho.log_acesso VALUES ('log_262_0_0', 'fa3abe16-3645-4d22-a01d-893e6f20c408', 'usr_262');
INSERT INTO trabalho.log_acesso VALUES ('log_262_1_0', 'fa3abe16-3645-4d22-a01d-893e6f20c408', 'usr_262');
INSERT INTO trabalho.log_acesso VALUES ('log_262_2_0', 'fa3abe16-3645-4d22-a01d-893e6f20c408', 'usr_262');
INSERT INTO trabalho.log_acesso VALUES ('log_262_3_0', 'fa3abe16-3645-4d22-a01d-893e6f20c408', 'usr_262');
INSERT INTO trabalho.usuario_esta_inscrito_no_podcast VALUES (1, '219328a1-cec6-4e8c-b003-52a3ec9766bb', 'usr_262');
INSERT INTO trabalho.comentarios_podcast_usuario VALUES ('comment_262_0_1', 'Tempore iure fugiat ut eveniet possimus voluptates ex soluta.', '219328a1-cec6-4e8c-b003-52a3ec9766bb', 'usr_262');
INSERT INTO trabalho.log_acesso VALUES ('log_262_0_1', '219328a1-cec6-4e8c-b003-52a3ec9766bb', 'usr_262');
INSERT INTO trabalho.log_acesso VALUES ('log_262_1_1', '219328a1-cec6-4e8c-b003-52a3ec9766bb', 'usr_262');
INSERT INTO trabalho.log_acesso VALUES ('log_262_2_1', '219328a1-cec6-4e8c-b003-52a3ec9766bb', 'usr_262');
INSERT INTO trabalho.log_acesso VALUES ('log_262_3_1', '219328a1-cec6-4e8c-b003-52a3ec9766bb', 'usr_262');
INSERT INTO trabalho.log_acesso VALUES ('log_262_4_1', '219328a1-cec6-4e8c-b003-52a3ec9766bb', 'usr_262');
INSERT INTO trabalho.usuario_esta_inscrito_no_podcast VALUES (1, 'de2f0ddb-9903-436a-a5e2-54224254c818', 'usr_262');
INSERT INTO trabalho.comentarios_podcast_usuario VALUES ('comment_262_0_2', 'Ut nesciunt sequi unde ut sunt est velit est.', 'de2f0ddb-9903-436a-a5e2-54224254c818', 'usr_262');
INSERT INTO trabalho.comentarios_podcast_usuario VALUES ('comment_262_1_2', 'Labore nesciunt aliquam consequatur laudantium officia quia ea.', 'de2f0ddb-9903-436a-a5e2-54224254c818', 'usr_262');
INSERT INTO trabalho.comentarios_podcast_usuario VALUES ('comment_262_2_2', 'Illum repellat cupiditate veritatis laudantium reiciendis ipsa.', 'de2f0ddb-9903-436a-a5e2-54224254c818', 'usr_262');
INSERT INTO trabalho.comentarios_podcast_usuario VALUES ('comment_262_3_2', 'Suscipit reiciendis officiis et consequuntur nemo dolores.', 'de2f0ddb-9903-436a-a5e2-54224254c818', 'usr_262');
INSERT INTO trabalho.comentarios_podcast_usuario VALUES ('comment_262_4_2', 'Autem ut ab aut qui.', 'de2f0ddb-9903-436a-a5e2-54224254c818', 'usr_262');
INSERT INTO trabalho.comentarios_podcast_usuario VALUES ('comment_262_5_2', 'Ipsum provident tenetur ullam eaque in fugit voluptas atque.', 'de2f0ddb-9903-436a-a5e2-54224254c818', 'usr_262');
INSERT INTO trabalho.log_acesso VALUES ('log_262_0_2', 'de2f0ddb-9903-436a-a5e2-54224254c818', 'usr_262');
INSERT INTO trabalho.log_acesso VALUES ('log_262_1_2', 'de2f0ddb-9903-436a-a5e2-54224254c818', 'usr_262');
INSERT INTO trabalho.log_acesso VALUES ('log_262_2_2', 'de2f0ddb-9903-436a-a5e2-54224254c818', 'usr_262');
INSERT INTO trabalho.usuario VALUES ('usr_263', '263_Lorena86@hotmail.com', 'Lorena Pereira', 'female', 6, trabalho.hashPassword('Password123'), 'Chipre');
INSERT INTO trabalho.usuario_esta_inscrito_no_podcast VALUES (1, 'de2f0ddb-9903-436a-a5e2-54224254c818', 'usr_263');
INSERT INTO trabalho.comentarios_podcast_usuario VALUES ('comment_263_0_0', 'Quo quo quibusdam laborum natus dolores.', 'de2f0ddb-9903-436a-a5e2-54224254c818', 'usr_263');
INSERT INTO trabalho.comentarios_podcast_usuario VALUES ('comment_263_1_0', 'Est cupiditate incidunt impedit dolor rerum eligendi.', 'de2f0ddb-9903-436a-a5e2-54224254c818', 'usr_263');
INSERT INTO trabalho.comentarios_podcast_usuario VALUES ('comment_263_2_0', 'Provident omnis saepe est.', 'de2f0ddb-9903-436a-a5e2-54224254c818', 'usr_263');
INSERT INTO trabalho.log_acesso VALUES ('log_263_0_0', 'de2f0ddb-9903-436a-a5e2-54224254c818', 'usr_263');
INSERT INTO trabalho.log_acesso VALUES ('log_263_1_0', 'de2f0ddb-9903-436a-a5e2-54224254c818', 'usr_263');
INSERT INTO trabalho.log_acesso VALUES ('log_263_2_0', 'de2f0ddb-9903-436a-a5e2-54224254c818', 'usr_263');
INSERT INTO trabalho.log_acesso VALUES ('log_263_3_0', 'de2f0ddb-9903-436a-a5e2-54224254c818', 'usr_263');
INSERT INTO trabalho.usuario_esta_inscrito_no_podcast VALUES (5, 'af46a958-b921-47b6-9f87-5c4fdc68ea79', 'usr_263');
INSERT INTO trabalho.comentarios_podcast_usuario VALUES ('comment_263_0_1', 'Sed fugit pariatur asperiores dolore blanditiis dolor.', 'af46a958-b921-47b6-9f87-5c4fdc68ea79', 'usr_263');
INSERT INTO trabalho.comentarios_podcast_usuario VALUES ('comment_263_1_1', 'Et quisquam harum.', 'af46a958-b921-47b6-9f87-5c4fdc68ea79', 'usr_263');
INSERT INTO trabalho.comentarios_podcast_usuario VALUES ('comment_263_2_1', 'Odit modi et dolorum eligendi libero distinctio est temporibus enim.', 'af46a958-b921-47b6-9f87-5c4fdc68ea79', 'usr_263');
INSERT INTO trabalho.log_acesso VALUES ('log_263_0_1', 'af46a958-b921-47b6-9f87-5c4fdc68ea79', 'usr_263');
INSERT INTO trabalho.log_acesso VALUES ('log_263_1_1', 'af46a958-b921-47b6-9f87-5c4fdc68ea79', 'usr_263');
INSERT INTO trabalho.log_acesso VALUES ('log_263_2_1', 'af46a958-b921-47b6-9f87-5c4fdc68ea79', 'usr_263');
INSERT INTO trabalho.log_acesso VALUES ('log_263_3_1', 'af46a958-b921-47b6-9f87-5c4fdc68ea79', 'usr_263');
INSERT INTO trabalho.log_acesso VALUES ('log_263_4_1', 'af46a958-b921-47b6-9f87-5c4fdc68ea79', 'usr_263');
INSERT INTO trabalho.usuario_esta_inscrito_no_podcast VALUES (5, '67074e68-bc2f-442b-8af2-7d328b6af6eb', 'usr_263');
INSERT INTO trabalho.comentarios_podcast_usuario VALUES ('comment_263_0_2', 'Dolore necessitatibus repellat nemo.', '67074e68-bc2f-442b-8af2-7d328b6af6eb', 'usr_263');
INSERT INTO trabalho.comentarios_podcast_usuario VALUES ('comment_263_1_2', 'Nostrum veniam quia dignissimos molestias dolorem molestias sed at.', '67074e68-bc2f-442b-8af2-7d328b6af6eb', 'usr_263');
INSERT INTO trabalho.comentarios_podcast_usuario VALUES ('comment_263_2_2', 'In non nihil nihil hic tempora nemo eos assumenda.', '67074e68-bc2f-442b-8af2-7d328b6af6eb', 'usr_263');
INSERT INTO trabalho.comentarios_podcast_usuario VALUES ('comment_263_3_2', 'Alias qui architecto et ratione hic laboriosam.', '67074e68-bc2f-442b-8af2-7d328b6af6eb', 'usr_263');
INSERT INTO trabalho.comentarios_podcast_usuario VALUES ('comment_263_4_2', 'Maiores excepturi eligendi aut.', '67074e68-bc2f-442b-8af2-7d328b6af6eb', 'usr_263');
INSERT INTO trabalho.comentarios_podcast_usuario VALUES ('comment_263_5_2', 'Accusantium voluptatum dolores quos dolorem dolorem nisi maiores ut.', '67074e68-bc2f-442b-8af2-7d328b6af6eb', 'usr_263');
INSERT INTO trabalho.log_acesso VALUES ('log_263_0_2', '67074e68-bc2f-442b-8af2-7d328b6af6eb', 'usr_263');
INSERT INTO trabalho.log_acesso VALUES ('log_263_1_2', '67074e68-bc2f-442b-8af2-7d328b6af6eb', 'usr_263');
INSERT INTO trabalho.log_acesso VALUES ('log_263_2_2', '67074e68-bc2f-442b-8af2-7d328b6af6eb', 'usr_263');
INSERT INTO trabalho.log_acesso VALUES ('log_263_3_2', '67074e68-bc2f-442b-8af2-7d328b6af6eb', 'usr_263');
INSERT INTO trabalho.usuario VALUES ('usr_264', '264_Aline33@yahoo.com', 'Aline Moraes', 'female', 12, trabalho.hashPassword('Password123'), 'Granada');
INSERT INTO trabalho.usuario_esta_inscrito_no_podcast VALUES (2, 'c58b280a-56d4-4ad8-8c85-730e4ea86361', 'usr_264');
INSERT INTO trabalho.comentarios_podcast_usuario VALUES ('comment_264_0_0', 'Qui sapiente odio nobis sed fuga hic maxime sapiente.', 'c58b280a-56d4-4ad8-8c85-730e4ea86361', 'usr_264');
INSERT INTO trabalho.comentarios_podcast_usuario VALUES ('comment_264_1_0', 'Vero at vitae consectetur.', 'c58b280a-56d4-4ad8-8c85-730e4ea86361', 'usr_264');
INSERT INTO trabalho.comentarios_podcast_usuario VALUES ('comment_264_2_0', 'Repudiandae omnis expedita sunt cum aut quia accusamus aut.', 'c58b280a-56d4-4ad8-8c85-730e4ea86361', 'usr_264');
INSERT INTO trabalho.comentarios_podcast_usuario VALUES ('comment_264_3_0', 'Soluta voluptas non natus et rerum doloremque tempore.', 'c58b280a-56d4-4ad8-8c85-730e4ea86361', 'usr_264');
INSERT INTO trabalho.log_acesso VALUES ('log_264_0_0', 'c58b280a-56d4-4ad8-8c85-730e4ea86361', 'usr_264');
INSERT INTO trabalho.log_acesso VALUES ('log_264_1_0', 'c58b280a-56d4-4ad8-8c85-730e4ea86361', 'usr_264');
INSERT INTO trabalho.usuario_esta_inscrito_no_podcast VALUES (2, 'b553d865-8fe2-47de-9a30-10e1dea3bd1d', 'usr_264');
INSERT INTO trabalho.comentarios_podcast_usuario VALUES ('comment_264_0_1', 'Dolor molestias velit et est sed ad.', 'b553d865-8fe2-47de-9a30-10e1dea3bd1d', 'usr_264');
INSERT INTO trabalho.comentarios_podcast_usuario VALUES ('comment_264_1_1', 'Nesciunt fuga sed accusamus iure et eum veniam voluptate eligendi.', 'b553d865-8fe2-47de-9a30-10e1dea3bd1d', 'usr_264');
INSERT INTO trabalho.comentarios_podcast_usuario VALUES ('comment_264_2_1', 'Non esse est sunt doloribus doloribus et exercitationem magnam.', 'b553d865-8fe2-47de-9a30-10e1dea3bd1d', 'usr_264');
INSERT INTO trabalho.comentarios_podcast_usuario VALUES ('comment_264_3_1', 'Reiciendis nulla ducimus eius ullam et ullam iste in.', 'b553d865-8fe2-47de-9a30-10e1dea3bd1d', 'usr_264');
INSERT INTO trabalho.log_acesso VALUES ('log_264_0_1', 'b553d865-8fe2-47de-9a30-10e1dea3bd1d', 'usr_264');
INSERT INTO trabalho.log_acesso VALUES ('log_264_1_1', 'b553d865-8fe2-47de-9a30-10e1dea3bd1d', 'usr_264');
INSERT INTO trabalho.log_acesso VALUES ('log_264_2_1', 'b553d865-8fe2-47de-9a30-10e1dea3bd1d', 'usr_264');
INSERT INTO trabalho.log_acesso VALUES ('log_264_3_1', 'b553d865-8fe2-47de-9a30-10e1dea3bd1d', 'usr_264');
INSERT INTO trabalho.log_acesso VALUES ('log_264_4_1', 'b553d865-8fe2-47de-9a30-10e1dea3bd1d', 'usr_264');
INSERT INTO trabalho.usuario_esta_inscrito_no_podcast VALUES (5, '168c1536-4c42-4b8f-8c77-f06affefec6a', 'usr_264');
INSERT INTO trabalho.comentarios_podcast_usuario VALUES ('comment_264_0_2', 'Magnam ut excepturi id dignissimos.', '168c1536-4c42-4b8f-8c77-f06affefec6a', 'usr_264');
INSERT INTO trabalho.comentarios_podcast_usuario VALUES ('comment_264_1_2', 'Nihil quo reiciendis.', '168c1536-4c42-4b8f-8c77-f06affefec6a', 'usr_264');
INSERT INTO trabalho.comentarios_podcast_usuario VALUES ('comment_264_2_2', 'Deleniti iure maxime rem accusamus inventore placeat.', '168c1536-4c42-4b8f-8c77-f06affefec6a', 'usr_264');
INSERT INTO trabalho.comentarios_podcast_usuario VALUES ('comment_264_3_2', 'Enim maxime magni officia esse omnis quasi aliquam laborum non.', '168c1536-4c42-4b8f-8c77-f06affefec6a', 'usr_264');
INSERT INTO trabalho.comentarios_podcast_usuario VALUES ('comment_264_4_2', 'Iure similique optio aspernatur molestiae in.', '168c1536-4c42-4b8f-8c77-f06affefec6a', 'usr_264');
INSERT INTO trabalho.log_acesso VALUES ('log_264_0_2', '168c1536-4c42-4b8f-8c77-f06affefec6a', 'usr_264');
INSERT INTO trabalho.log_acesso VALUES ('log_264_1_2', '168c1536-4c42-4b8f-8c77-f06affefec6a', 'usr_264');
INSERT INTO trabalho.usuario VALUES ('usr_265', '265_Samuel70@yahoo.com', 'Samuel Costa', 'male', 40, trabalho.hashPassword('Password123'), 'Nigéria');
INSERT INTO trabalho.usuario_esta_inscrito_no_podcast VALUES (0, 'c58b280a-56d4-4ad8-8c85-730e4ea86361', 'usr_265');
INSERT INTO trabalho.comentarios_podcast_usuario VALUES ('comment_265_0_0', 'Eum ipsa commodi et necessitatibus sint deserunt ratione ex.', 'c58b280a-56d4-4ad8-8c85-730e4ea86361', 'usr_265');
INSERT INTO trabalho.comentarios_podcast_usuario VALUES ('comment_265_1_0', 'Et occaecati numquam pariatur placeat ea perspiciatis tempora.', 'c58b280a-56d4-4ad8-8c85-730e4ea86361', 'usr_265');
INSERT INTO trabalho.comentarios_podcast_usuario VALUES ('comment_265_2_0', 'Dolor quos minima laboriosam.', 'c58b280a-56d4-4ad8-8c85-730e4ea86361', 'usr_265');
INSERT INTO trabalho.comentarios_podcast_usuario VALUES ('comment_265_3_0', 'Iure voluptas sed ratione non aliquid architecto sapiente blanditiis.', 'c58b280a-56d4-4ad8-8c85-730e4ea86361', 'usr_265');
INSERT INTO trabalho.comentarios_podcast_usuario VALUES ('comment_265_4_0', 'Sit consequatur ipsa minima sed error nisi.', 'c58b280a-56d4-4ad8-8c85-730e4ea86361', 'usr_265');
INSERT INTO trabalho.log_acesso VALUES ('log_265_0_0', 'c58b280a-56d4-4ad8-8c85-730e4ea86361', 'usr_265');
INSERT INTO trabalho.log_acesso VALUES ('log_265_1_0', 'c58b280a-56d4-4ad8-8c85-730e4ea86361', 'usr_265');
INSERT INTO trabalho.log_acesso VALUES ('log_265_2_0', 'c58b280a-56d4-4ad8-8c85-730e4ea86361', 'usr_265');
INSERT INTO trabalho.usuario_esta_inscrito_no_podcast VALUES (5, 'f8e13774-d631-4f34-93f0-2f5d55590265', 'usr_265');
INSERT INTO trabalho.comentarios_podcast_usuario VALUES ('comment_265_0_1', 'Optio velit debitis vitae necessitatibus quos beatae molestiae dolores nihil.', 'f8e13774-d631-4f34-93f0-2f5d55590265', 'usr_265');
INSERT INTO trabalho.comentarios_podcast_usuario VALUES ('comment_265_1_1', 'Voluptatum autem accusamus dolores.', 'f8e13774-d631-4f34-93f0-2f5d55590265', 'usr_265');
INSERT INTO trabalho.comentarios_podcast_usuario VALUES ('comment_265_2_1', 'Vero incidunt aut inventore eius illum laborum accusamus odio.', 'f8e13774-d631-4f34-93f0-2f5d55590265', 'usr_265');
INSERT INTO trabalho.comentarios_podcast_usuario VALUES ('comment_265_3_1', 'Est dolorem unde ut sed.', 'f8e13774-d631-4f34-93f0-2f5d55590265', 'usr_265');
INSERT INTO trabalho.comentarios_podcast_usuario VALUES ('comment_265_4_1', 'Nihil assumenda ducimus id aliquam nostrum sint.', 'f8e13774-d631-4f34-93f0-2f5d55590265', 'usr_265');
INSERT INTO trabalho.log_acesso VALUES ('log_265_0_1', 'f8e13774-d631-4f34-93f0-2f5d55590265', 'usr_265');
INSERT INTO trabalho.log_acesso VALUES ('log_265_1_1', 'f8e13774-d631-4f34-93f0-2f5d55590265', 'usr_265');
INSERT INTO trabalho.usuario_esta_inscrito_no_podcast VALUES (5, '5bdf7377-8330-4f9f-8efd-e95301c122ce', 'usr_265');
INSERT INTO trabalho.comentarios_podcast_usuario VALUES ('comment_265_0_2', 'Commodi delectus corrupti et omnis sit nisi dolor qui repellendus.', '5bdf7377-8330-4f9f-8efd-e95301c122ce', 'usr_265');
INSERT INTO trabalho.comentarios_podcast_usuario VALUES ('comment_265_1_2', 'Sit fugiat rerum nulla.', '5bdf7377-8330-4f9f-8efd-e95301c122ce', 'usr_265');
INSERT INTO trabalho.log_acesso VALUES ('log_265_0_2', '5bdf7377-8330-4f9f-8efd-e95301c122ce', 'usr_265');
INSERT INTO trabalho.log_acesso VALUES ('log_265_1_2', '5bdf7377-8330-4f9f-8efd-e95301c122ce', 'usr_265');
INSERT INTO trabalho.log_acesso VALUES ('log_265_2_2', '5bdf7377-8330-4f9f-8efd-e95301c122ce', 'usr_265');
INSERT INTO trabalho.log_acesso VALUES ('log_265_3_2', '5bdf7377-8330-4f9f-8efd-e95301c122ce', 'usr_265');
INSERT INTO trabalho.log_acesso VALUES ('log_265_4_2', '5bdf7377-8330-4f9f-8efd-e95301c122ce', 'usr_265');
INSERT INTO trabalho.usuario VALUES ('usr_266', '266_Karla_Moraes@hotmail.com', 'Karla Moraes', 'female', 48, trabalho.hashPassword('Password123'), 'Tunísia');
INSERT INTO trabalho.usuario_esta_inscrito_no_podcast VALUES (1, 'af46a958-b921-47b6-9f87-5c4fdc68ea79', 'usr_266');
INSERT INTO trabalho.comentarios_podcast_usuario VALUES ('comment_266_0_0', 'Inventore iusto quae odit commodi sit officia.', 'af46a958-b921-47b6-9f87-5c4fdc68ea79', 'usr_266');
INSERT INTO trabalho.comentarios_podcast_usuario VALUES ('comment_266_1_0', 'Sunt quae est quos.', 'af46a958-b921-47b6-9f87-5c4fdc68ea79', 'usr_266');
INSERT INTO trabalho.log_acesso VALUES ('log_266_0_0', 'af46a958-b921-47b6-9f87-5c4fdc68ea79', 'usr_266');
INSERT INTO trabalho.log_acesso VALUES ('log_266_1_0', 'af46a958-b921-47b6-9f87-5c4fdc68ea79', 'usr_266');
INSERT INTO trabalho.usuario_esta_inscrito_no_podcast VALUES (0, 'de2f0ddb-9903-436a-a5e2-54224254c818', 'usr_266');
INSERT INTO trabalho.comentarios_podcast_usuario VALUES ('comment_266_0_1', 'Nemo maiores eos repellendus autem placeat nam odit nisi fugit.', 'de2f0ddb-9903-436a-a5e2-54224254c818', 'usr_266');
INSERT INTO trabalho.comentarios_podcast_usuario VALUES ('comment_266_1_1', 'Ut non consequatur.', 'de2f0ddb-9903-436a-a5e2-54224254c818', 'usr_266');
INSERT INTO trabalho.comentarios_podcast_usuario VALUES ('comment_266_2_1', 'Architecto eius nihil est quod voluptatum eligendi rerum.', 'de2f0ddb-9903-436a-a5e2-54224254c818', 'usr_266');
INSERT INTO trabalho.comentarios_podcast_usuario VALUES ('comment_266_3_1', 'Aperiam aspernatur delectus placeat.', 'de2f0ddb-9903-436a-a5e2-54224254c818', 'usr_266');
INSERT INTO trabalho.comentarios_podcast_usuario VALUES ('comment_266_4_1', 'Sunt qui reiciendis voluptatem unde architecto aut magni sed.', 'de2f0ddb-9903-436a-a5e2-54224254c818', 'usr_266');
INSERT INTO trabalho.log_acesso VALUES ('log_266_0_1', 'de2f0ddb-9903-436a-a5e2-54224254c818', 'usr_266');
INSERT INTO trabalho.log_acesso VALUES ('log_266_1_1', 'de2f0ddb-9903-436a-a5e2-54224254c818', 'usr_266');
INSERT INTO trabalho.log_acesso VALUES ('log_266_2_1', 'de2f0ddb-9903-436a-a5e2-54224254c818', 'usr_266');
INSERT INTO trabalho.usuario_esta_inscrito_no_podcast VALUES (2, 'f8e13774-d631-4f34-93f0-2f5d55590265', 'usr_266');
INSERT INTO trabalho.comentarios_podcast_usuario VALUES ('comment_266_0_2', 'Voluptatum nesciunt sit nisi iusto.', 'f8e13774-d631-4f34-93f0-2f5d55590265', 'usr_266');
INSERT INTO trabalho.log_acesso VALUES ('log_266_0_2', 'f8e13774-d631-4f34-93f0-2f5d55590265', 'usr_266');
INSERT INTO trabalho.log_acesso VALUES ('log_266_1_2', 'f8e13774-d631-4f34-93f0-2f5d55590265', 'usr_266');
INSERT INTO trabalho.usuario VALUES ('usr_267', '267_Mariana98@gmail.com', 'Mariana Saraiva', 'female', 23, trabalho.hashPassword('Password123'), 'Guernesey');
INSERT INTO trabalho.usuario_esta_inscrito_no_podcast VALUES (2, 'fa3abe16-3645-4d22-a01d-893e6f20c408', 'usr_267');
INSERT INTO trabalho.comentarios_podcast_usuario VALUES ('comment_267_0_0', 'Sed ut aut et asperiores similique.', 'fa3abe16-3645-4d22-a01d-893e6f20c408', 'usr_267');
INSERT INTO trabalho.comentarios_podcast_usuario VALUES ('comment_267_1_0', 'Inventore eum necessitatibus neque quae est sit molestias officia et.', 'fa3abe16-3645-4d22-a01d-893e6f20c408', 'usr_267');
INSERT INTO trabalho.comentarios_podcast_usuario VALUES ('comment_267_2_0', 'Voluptatem vitae fuga voluptatum consequatur non repellat natus voluptatem.', 'fa3abe16-3645-4d22-a01d-893e6f20c408', 'usr_267');
INSERT INTO trabalho.comentarios_podcast_usuario VALUES ('comment_267_3_0', 'Quia in repellendus sit iste autem quia libero officia.', 'fa3abe16-3645-4d22-a01d-893e6f20c408', 'usr_267');
INSERT INTO trabalho.comentarios_podcast_usuario VALUES ('comment_267_4_0', 'Alias omnis omnis harum autem nisi adipisci qui.', 'fa3abe16-3645-4d22-a01d-893e6f20c408', 'usr_267');
INSERT INTO trabalho.comentarios_podcast_usuario VALUES ('comment_267_5_0', 'Accusamus quo qui numquam.', 'fa3abe16-3645-4d22-a01d-893e6f20c408', 'usr_267');
INSERT INTO trabalho.log_acesso VALUES ('log_267_0_0', 'fa3abe16-3645-4d22-a01d-893e6f20c408', 'usr_267');
INSERT INTO trabalho.log_acesso VALUES ('log_267_1_0', 'fa3abe16-3645-4d22-a01d-893e6f20c408', 'usr_267');
INSERT INTO trabalho.log_acesso VALUES ('log_267_2_0', 'fa3abe16-3645-4d22-a01d-893e6f20c408', 'usr_267');
INSERT INTO trabalho.log_acesso VALUES ('log_267_3_0', 'fa3abe16-3645-4d22-a01d-893e6f20c408', 'usr_267');
INSERT INTO trabalho.log_acesso VALUES ('log_267_4_0', 'fa3abe16-3645-4d22-a01d-893e6f20c408', 'usr_267');
INSERT INTO trabalho.usuario_esta_inscrito_no_podcast VALUES (2, 'f8e13774-d631-4f34-93f0-2f5d55590265', 'usr_267');
INSERT INTO trabalho.comentarios_podcast_usuario VALUES ('comment_267_0_1', 'Eligendi suscipit odio rem aut expedita id quae sed.', 'f8e13774-d631-4f34-93f0-2f5d55590265', 'usr_267');
INSERT INTO trabalho.comentarios_podcast_usuario VALUES ('comment_267_1_1', 'Facilis vero praesentium officia iusto cumque adipisci perspiciatis quas.', 'f8e13774-d631-4f34-93f0-2f5d55590265', 'usr_267');
INSERT INTO trabalho.log_acesso VALUES ('log_267_0_1', 'f8e13774-d631-4f34-93f0-2f5d55590265', 'usr_267');
INSERT INTO trabalho.log_acesso VALUES ('log_267_1_1', 'f8e13774-d631-4f34-93f0-2f5d55590265', 'usr_267');
INSERT INTO trabalho.log_acesso VALUES ('log_267_2_1', 'f8e13774-d631-4f34-93f0-2f5d55590265', 'usr_267');
INSERT INTO trabalho.log_acesso VALUES ('log_267_3_1', 'f8e13774-d631-4f34-93f0-2f5d55590265', 'usr_267');
INSERT INTO trabalho.usuario_esta_inscrito_no_podcast VALUES (5, 'af46a958-b921-47b6-9f87-5c4fdc68ea79', 'usr_267');
INSERT INTO trabalho.comentarios_podcast_usuario VALUES ('comment_267_0_2', 'Quidem molestiae qui et ratione quis consequatur quia.', 'af46a958-b921-47b6-9f87-5c4fdc68ea79', 'usr_267');
INSERT INTO trabalho.comentarios_podcast_usuario VALUES ('comment_267_1_2', 'Amet neque culpa rerum id laborum quia eveniet.', 'af46a958-b921-47b6-9f87-5c4fdc68ea79', 'usr_267');
INSERT INTO trabalho.log_acesso VALUES ('log_267_0_2', 'af46a958-b921-47b6-9f87-5c4fdc68ea79', 'usr_267');
INSERT INTO trabalho.usuario VALUES ('usr_268', '268_Alcia83@bol.com.br', 'Alícia Costa', 'female', 44, trabalho.hashPassword('Password123'), 'Uruguai');
INSERT INTO trabalho.usuario_esta_inscrito_no_podcast VALUES (1, '67074e68-bc2f-442b-8af2-7d328b6af6eb', 'usr_268');
INSERT INTO trabalho.comentarios_podcast_usuario VALUES ('comment_268_0_0', 'Non quae et ut labore veniam.', '67074e68-bc2f-442b-8af2-7d328b6af6eb', 'usr_268');
INSERT INTO trabalho.comentarios_podcast_usuario VALUES ('comment_268_1_0', 'Animi inventore dolor tempora sed dolorum iste nisi.', '67074e68-bc2f-442b-8af2-7d328b6af6eb', 'usr_268');
INSERT INTO trabalho.log_acesso VALUES ('log_268_0_0', '67074e68-bc2f-442b-8af2-7d328b6af6eb', 'usr_268');
INSERT INTO trabalho.log_acesso VALUES ('log_268_1_0', '67074e68-bc2f-442b-8af2-7d328b6af6eb', 'usr_268');
INSERT INTO trabalho.log_acesso VALUES ('log_268_2_0', '67074e68-bc2f-442b-8af2-7d328b6af6eb', 'usr_268');
INSERT INTO trabalho.usuario_esta_inscrito_no_podcast VALUES (4, 'f8e13774-d631-4f34-93f0-2f5d55590265', 'usr_268');
INSERT INTO trabalho.comentarios_podcast_usuario VALUES ('comment_268_0_1', 'Omnis rerum saepe soluta blanditiis.', 'f8e13774-d631-4f34-93f0-2f5d55590265', 'usr_268');
INSERT INTO trabalho.log_acesso VALUES ('log_268_0_1', 'f8e13774-d631-4f34-93f0-2f5d55590265', 'usr_268');
INSERT INTO trabalho.log_acesso VALUES ('log_268_1_1', 'f8e13774-d631-4f34-93f0-2f5d55590265', 'usr_268');
INSERT INTO trabalho.log_acesso VALUES ('log_268_2_1', 'f8e13774-d631-4f34-93f0-2f5d55590265', 'usr_268');
INSERT INTO trabalho.log_acesso VALUES ('log_268_3_1', 'f8e13774-d631-4f34-93f0-2f5d55590265', 'usr_268');
INSERT INTO trabalho.log_acesso VALUES ('log_268_4_1', 'f8e13774-d631-4f34-93f0-2f5d55590265', 'usr_268');
INSERT INTO trabalho.usuario_esta_inscrito_no_podcast VALUES (3, 'f0166bd2-8e4d-4308-b5d7-0b3d627c5dc5', 'usr_268');
INSERT INTO trabalho.comentarios_podcast_usuario VALUES ('comment_268_0_2', 'Quasi sequi veniam.', 'f0166bd2-8e4d-4308-b5d7-0b3d627c5dc5', 'usr_268');
INSERT INTO trabalho.log_acesso VALUES ('log_268_0_2', 'f0166bd2-8e4d-4308-b5d7-0b3d627c5dc5', 'usr_268');
INSERT INTO trabalho.log_acesso VALUES ('log_268_1_2', 'f0166bd2-8e4d-4308-b5d7-0b3d627c5dc5', 'usr_268');
INSERT INTO trabalho.log_acesso VALUES ('log_268_2_2', 'f0166bd2-8e4d-4308-b5d7-0b3d627c5dc5', 'usr_268');
INSERT INTO trabalho.log_acesso VALUES ('log_268_3_2', 'f0166bd2-8e4d-4308-b5d7-0b3d627c5dc5', 'usr_268');
INSERT INTO trabalho.log_acesso VALUES ('log_268_4_2', 'f0166bd2-8e4d-4308-b5d7-0b3d627c5dc5', 'usr_268');
INSERT INTO trabalho.usuario VALUES ('usr_269', '269_Clia74@hotmail.com', 'Célia Moreira', 'female', 9, trabalho.hashPassword('Password123'), 'Honduras');
INSERT INTO trabalho.usuario_esta_inscrito_no_podcast VALUES (5, 'f1b92ce7-47a7-43cd-8586-4a09185cdd05', 'usr_269');
INSERT INTO trabalho.comentarios_podcast_usuario VALUES ('comment_269_0_0', 'Rerum velit omnis vel voluptatem vel nobis doloremque.', 'f1b92ce7-47a7-43cd-8586-4a09185cdd05', 'usr_269');
INSERT INTO trabalho.log_acesso VALUES ('log_269_0_0', 'f1b92ce7-47a7-43cd-8586-4a09185cdd05', 'usr_269');
INSERT INTO trabalho.log_acesso VALUES ('log_269_1_0', 'f1b92ce7-47a7-43cd-8586-4a09185cdd05', 'usr_269');
INSERT INTO trabalho.log_acesso VALUES ('log_269_2_0', 'f1b92ce7-47a7-43cd-8586-4a09185cdd05', 'usr_269');
INSERT INTO trabalho.usuario_esta_inscrito_no_podcast VALUES (3, 'b553d865-8fe2-47de-9a30-10e1dea3bd1d', 'usr_269');
INSERT INTO trabalho.comentarios_podcast_usuario VALUES ('comment_269_0_1', 'Dolorum pariatur ut ut quibusdam soluta eum.', 'b553d865-8fe2-47de-9a30-10e1dea3bd1d', 'usr_269');
INSERT INTO trabalho.comentarios_podcast_usuario VALUES ('comment_269_1_1', 'Sequi corporis in vel ab laborum minus voluptatem aperiam.', 'b553d865-8fe2-47de-9a30-10e1dea3bd1d', 'usr_269');
INSERT INTO trabalho.log_acesso VALUES ('log_269_0_1', 'b553d865-8fe2-47de-9a30-10e1dea3bd1d', 'usr_269');
INSERT INTO trabalho.log_acesso VALUES ('log_269_1_1', 'b553d865-8fe2-47de-9a30-10e1dea3bd1d', 'usr_269');
INSERT INTO trabalho.log_acesso VALUES ('log_269_2_1', 'b553d865-8fe2-47de-9a30-10e1dea3bd1d', 'usr_269');
INSERT INTO trabalho.log_acesso VALUES ('log_269_3_1', 'b553d865-8fe2-47de-9a30-10e1dea3bd1d', 'usr_269');
INSERT INTO trabalho.log_acesso VALUES ('log_269_4_1', 'b553d865-8fe2-47de-9a30-10e1dea3bd1d', 'usr_269');
INSERT INTO trabalho.usuario_esta_inscrito_no_podcast VALUES (1, 'de2f0ddb-9903-436a-a5e2-54224254c818', 'usr_269');
INSERT INTO trabalho.comentarios_podcast_usuario VALUES ('comment_269_0_2', 'Quia provident minima quo sed et modi est deserunt.', 'de2f0ddb-9903-436a-a5e2-54224254c818', 'usr_269');
INSERT INTO trabalho.comentarios_podcast_usuario VALUES ('comment_269_1_2', 'Accusamus esse tempore neque illum nostrum porro sed quae iste.', 'de2f0ddb-9903-436a-a5e2-54224254c818', 'usr_269');
INSERT INTO trabalho.comentarios_podcast_usuario VALUES ('comment_269_2_2', 'Et non eligendi facilis assumenda dolorem tenetur aut dolor iste.', 'de2f0ddb-9903-436a-a5e2-54224254c818', 'usr_269');
INSERT INTO trabalho.comentarios_podcast_usuario VALUES ('comment_269_3_2', 'A qui ut.', 'de2f0ddb-9903-436a-a5e2-54224254c818', 'usr_269');
INSERT INTO trabalho.log_acesso VALUES ('log_269_0_2', 'de2f0ddb-9903-436a-a5e2-54224254c818', 'usr_269');
INSERT INTO trabalho.log_acesso VALUES ('log_269_1_2', 'de2f0ddb-9903-436a-a5e2-54224254c818', 'usr_269');
INSERT INTO trabalho.usuario VALUES ('usr_270', '270_Gael89@bol.com.br', 'Gael Braga', 'male', 31, trabalho.hashPassword('Password123'), 'Armênia');
INSERT INTO trabalho.usuario_esta_inscrito_no_podcast VALUES (2, 'f0166bd2-8e4d-4308-b5d7-0b3d627c5dc5', 'usr_270');
INSERT INTO trabalho.comentarios_podcast_usuario VALUES ('comment_270_0_0', 'Voluptatum enim sint.', 'f0166bd2-8e4d-4308-b5d7-0b3d627c5dc5', 'usr_270');
INSERT INTO trabalho.comentarios_podcast_usuario VALUES ('comment_270_1_0', 'Totam at laudantium tenetur labore odio id aspernatur nostrum consequuntur.', 'f0166bd2-8e4d-4308-b5d7-0b3d627c5dc5', 'usr_270');
INSERT INTO trabalho.comentarios_podcast_usuario VALUES ('comment_270_2_0', 'Quisquam quis dignissimos quia ut reprehenderit maxime.', 'f0166bd2-8e4d-4308-b5d7-0b3d627c5dc5', 'usr_270');
INSERT INTO trabalho.log_acesso VALUES ('log_270_0_0', 'f0166bd2-8e4d-4308-b5d7-0b3d627c5dc5', 'usr_270');
INSERT INTO trabalho.usuario_esta_inscrito_no_podcast VALUES (3, '67074e68-bc2f-442b-8af2-7d328b6af6eb', 'usr_270');
INSERT INTO trabalho.comentarios_podcast_usuario VALUES ('comment_270_0_1', 'Eum nihil ipsum sint qui numquam ut occaecati fuga repellat.', '67074e68-bc2f-442b-8af2-7d328b6af6eb', 'usr_270');
INSERT INTO trabalho.comentarios_podcast_usuario VALUES ('comment_270_1_1', 'Ipsam corrupti quos amet rerum amet aliquam qui nostrum.', '67074e68-bc2f-442b-8af2-7d328b6af6eb', 'usr_270');
INSERT INTO trabalho.comentarios_podcast_usuario VALUES ('comment_270_2_1', 'Nihil sequi provident consequatur exercitationem exercitationem sapiente similique.', '67074e68-bc2f-442b-8af2-7d328b6af6eb', 'usr_270');
INSERT INTO trabalho.log_acesso VALUES ('log_270_0_1', '67074e68-bc2f-442b-8af2-7d328b6af6eb', 'usr_270');
INSERT INTO trabalho.log_acesso VALUES ('log_270_1_1', '67074e68-bc2f-442b-8af2-7d328b6af6eb', 'usr_270');
INSERT INTO trabalho.log_acesso VALUES ('log_270_2_1', '67074e68-bc2f-442b-8af2-7d328b6af6eb', 'usr_270');
INSERT INTO trabalho.log_acesso VALUES ('log_270_3_1', '67074e68-bc2f-442b-8af2-7d328b6af6eb', 'usr_270');
INSERT INTO trabalho.usuario_esta_inscrito_no_podcast VALUES (3, 'c58b280a-56d4-4ad8-8c85-730e4ea86361', 'usr_270');
INSERT INTO trabalho.comentarios_podcast_usuario VALUES ('comment_270_0_2', 'Ut et odio quae in veritatis.', 'c58b280a-56d4-4ad8-8c85-730e4ea86361', 'usr_270');
INSERT INTO trabalho.comentarios_podcast_usuario VALUES ('comment_270_1_2', 'Consectetur omnis necessitatibus et minus quaerat quia culpa incidunt.', 'c58b280a-56d4-4ad8-8c85-730e4ea86361', 'usr_270');
INSERT INTO trabalho.comentarios_podcast_usuario VALUES ('comment_270_2_2', 'Reprehenderit esse ipsa.', 'c58b280a-56d4-4ad8-8c85-730e4ea86361', 'usr_270');
INSERT INTO trabalho.log_acesso VALUES ('log_270_0_2', 'c58b280a-56d4-4ad8-8c85-730e4ea86361', 'usr_270');
INSERT INTO trabalho.log_acesso VALUES ('log_270_1_2', 'c58b280a-56d4-4ad8-8c85-730e4ea86361', 'usr_270');
INSERT INTO trabalho.usuario VALUES ('usr_271', '271_MariaHelena_Braga@bol.com.br', 'Maria Helena Braga', 'female', 39, trabalho.hashPassword('Password123'), 'Maldives');
INSERT INTO trabalho.usuario_esta_inscrito_no_podcast VALUES (2, '67074e68-bc2f-442b-8af2-7d328b6af6eb', 'usr_271');
INSERT INTO trabalho.comentarios_podcast_usuario VALUES ('comment_271_0_0', 'Quisquam nesciunt veniam quasi facere sunt.', '67074e68-bc2f-442b-8af2-7d328b6af6eb', 'usr_271');
INSERT INTO trabalho.comentarios_podcast_usuario VALUES ('comment_271_1_0', 'Tenetur molestias nesciunt dicta.', '67074e68-bc2f-442b-8af2-7d328b6af6eb', 'usr_271');
INSERT INTO trabalho.comentarios_podcast_usuario VALUES ('comment_271_2_0', 'Sequi mollitia ducimus quaerat adipisci quo laborum.', '67074e68-bc2f-442b-8af2-7d328b6af6eb', 'usr_271');
INSERT INTO trabalho.comentarios_podcast_usuario VALUES ('comment_271_3_0', 'Et est ad fugiat ut et voluptatem sed similique.', '67074e68-bc2f-442b-8af2-7d328b6af6eb', 'usr_271');
INSERT INTO trabalho.log_acesso VALUES ('log_271_0_0', '67074e68-bc2f-442b-8af2-7d328b6af6eb', 'usr_271');
INSERT INTO trabalho.log_acesso VALUES ('log_271_1_0', '67074e68-bc2f-442b-8af2-7d328b6af6eb', 'usr_271');
INSERT INTO trabalho.log_acesso VALUES ('log_271_2_0', '67074e68-bc2f-442b-8af2-7d328b6af6eb', 'usr_271');
INSERT INTO trabalho.log_acesso VALUES ('log_271_3_0', '67074e68-bc2f-442b-8af2-7d328b6af6eb', 'usr_271');
INSERT INTO trabalho.log_acesso VALUES ('log_271_4_0', '67074e68-bc2f-442b-8af2-7d328b6af6eb', 'usr_271');
INSERT INTO trabalho.log_acesso VALUES ('log_271_5_0', '67074e68-bc2f-442b-8af2-7d328b6af6eb', 'usr_271');
INSERT INTO trabalho.usuario_esta_inscrito_no_podcast VALUES (3, '7e429e8e-7669-403d-bb78-3cd7f9f75afd', 'usr_271');
INSERT INTO trabalho.comentarios_podcast_usuario VALUES ('comment_271_0_1', 'Soluta iure autem illum deleniti et soluta explicabo odit.', '7e429e8e-7669-403d-bb78-3cd7f9f75afd', 'usr_271');
INSERT INTO trabalho.comentarios_podcast_usuario VALUES ('comment_271_1_1', 'Vel amet consequatur sit iure voluptatem consectetur et qui.', '7e429e8e-7669-403d-bb78-3cd7f9f75afd', 'usr_271');
INSERT INTO trabalho.comentarios_podcast_usuario VALUES ('comment_271_2_1', 'Qui rerum sunt aliquam adipisci reprehenderit sed et.', '7e429e8e-7669-403d-bb78-3cd7f9f75afd', 'usr_271');
INSERT INTO trabalho.log_acesso VALUES ('log_271_0_1', '7e429e8e-7669-403d-bb78-3cd7f9f75afd', 'usr_271');
INSERT INTO trabalho.log_acesso VALUES ('log_271_1_1', '7e429e8e-7669-403d-bb78-3cd7f9f75afd', 'usr_271');
INSERT INTO trabalho.usuario_esta_inscrito_no_podcast VALUES (2, 'f1b92ce7-47a7-43cd-8586-4a09185cdd05', 'usr_271');
INSERT INTO trabalho.comentarios_podcast_usuario VALUES ('comment_271_0_2', 'Dolorum eius labore quisquam in praesentium sit ipsam.', 'f1b92ce7-47a7-43cd-8586-4a09185cdd05', 'usr_271');
INSERT INTO trabalho.comentarios_podcast_usuario VALUES ('comment_271_1_2', 'Corrupti esse non libero perspiciatis saepe rerum et animi.', 'f1b92ce7-47a7-43cd-8586-4a09185cdd05', 'usr_271');
INSERT INTO trabalho.comentarios_podcast_usuario VALUES ('comment_271_2_2', 'Officiis autem quidem.', 'f1b92ce7-47a7-43cd-8586-4a09185cdd05', 'usr_271');
INSERT INTO trabalho.comentarios_podcast_usuario VALUES ('comment_271_3_2', 'Aliquam ex ut minima id architecto harum et qui consequatur.', 'f1b92ce7-47a7-43cd-8586-4a09185cdd05', 'usr_271');
INSERT INTO trabalho.log_acesso VALUES ('log_271_0_2', 'f1b92ce7-47a7-43cd-8586-4a09185cdd05', 'usr_271');
INSERT INTO trabalho.usuario VALUES ('usr_272', '272_AnaClara_Nogueira20@hotmail.com', 'Ana Clara Nogueira', 'female', 29, trabalho.hashPassword('Password123'), 'Tailândia');
INSERT INTO trabalho.usuario_esta_inscrito_no_podcast VALUES (1, 'f0166bd2-8e4d-4308-b5d7-0b3d627c5dc5', 'usr_272');
INSERT INTO trabalho.comentarios_podcast_usuario VALUES ('comment_272_0_0', 'Sint tempora rerum quo.', 'f0166bd2-8e4d-4308-b5d7-0b3d627c5dc5', 'usr_272');
INSERT INTO trabalho.comentarios_podcast_usuario VALUES ('comment_272_1_0', 'Optio quo qui quia quia non id ut.', 'f0166bd2-8e4d-4308-b5d7-0b3d627c5dc5', 'usr_272');
INSERT INTO trabalho.log_acesso VALUES ('log_272_0_0', 'f0166bd2-8e4d-4308-b5d7-0b3d627c5dc5', 'usr_272');
INSERT INTO trabalho.log_acesso VALUES ('log_272_1_0', 'f0166bd2-8e4d-4308-b5d7-0b3d627c5dc5', 'usr_272');
INSERT INTO trabalho.log_acesso VALUES ('log_272_2_0', 'f0166bd2-8e4d-4308-b5d7-0b3d627c5dc5', 'usr_272');
INSERT INTO trabalho.log_acesso VALUES ('log_272_3_0', 'f0166bd2-8e4d-4308-b5d7-0b3d627c5dc5', 'usr_272');
INSERT INTO trabalho.log_acesso VALUES ('log_272_4_0', 'f0166bd2-8e4d-4308-b5d7-0b3d627c5dc5', 'usr_272');
INSERT INTO trabalho.usuario_esta_inscrito_no_podcast VALUES (2, '7e429e8e-7669-403d-bb78-3cd7f9f75afd', 'usr_272');
INSERT INTO trabalho.comentarios_podcast_usuario VALUES ('comment_272_0_1', 'Eligendi id deserunt enim porro dolore suscipit rerum consequuntur iure.', '7e429e8e-7669-403d-bb78-3cd7f9f75afd', 'usr_272');
INSERT INTO trabalho.comentarios_podcast_usuario VALUES ('comment_272_1_1', 'Sed quia numquam nam.', '7e429e8e-7669-403d-bb78-3cd7f9f75afd', 'usr_272');
INSERT INTO trabalho.log_acesso VALUES ('log_272_0_1', '7e429e8e-7669-403d-bb78-3cd7f9f75afd', 'usr_272');
INSERT INTO trabalho.log_acesso VALUES ('log_272_1_1', '7e429e8e-7669-403d-bb78-3cd7f9f75afd', 'usr_272');
INSERT INTO trabalho.log_acesso VALUES ('log_272_2_1', '7e429e8e-7669-403d-bb78-3cd7f9f75afd', 'usr_272');
INSERT INTO trabalho.log_acesso VALUES ('log_272_3_1', '7e429e8e-7669-403d-bb78-3cd7f9f75afd', 'usr_272');
INSERT INTO trabalho.log_acesso VALUES ('log_272_4_1', '7e429e8e-7669-403d-bb78-3cd7f9f75afd', 'usr_272');
INSERT INTO trabalho.log_acesso VALUES ('log_272_5_1', '7e429e8e-7669-403d-bb78-3cd7f9f75afd', 'usr_272');
INSERT INTO trabalho.usuario_esta_inscrito_no_podcast VALUES (0, 'bc8dac25-793c-4a96-aafc-4ea7020f4f60', 'usr_272');
INSERT INTO trabalho.comentarios_podcast_usuario VALUES ('comment_272_0_2', 'Enim itaque laborum nesciunt dicta repellat adipisci quaerat in.', 'bc8dac25-793c-4a96-aafc-4ea7020f4f60', 'usr_272');
INSERT INTO trabalho.comentarios_podcast_usuario VALUES ('comment_272_1_2', 'Et qui provident.', 'bc8dac25-793c-4a96-aafc-4ea7020f4f60', 'usr_272');
INSERT INTO trabalho.log_acesso VALUES ('log_272_0_2', 'bc8dac25-793c-4a96-aafc-4ea7020f4f60', 'usr_272');
INSERT INTO trabalho.log_acesso VALUES ('log_272_1_2', 'bc8dac25-793c-4a96-aafc-4ea7020f4f60', 'usr_272');
INSERT INTO trabalho.usuario VALUES ('usr_273', '273_Mrcia.Batista65@gmail.com', 'Mércia Batista', 'female', 0, trabalho.hashPassword('Password123'), 'Samoa');
INSERT INTO trabalho.usuario_esta_inscrito_no_podcast VALUES (3, 'f1b92ce7-47a7-43cd-8586-4a09185cdd05', 'usr_273');
INSERT INTO trabalho.comentarios_podcast_usuario VALUES ('comment_273_0_0', 'Totam quia repudiandae et consectetur reprehenderit dicta.', 'f1b92ce7-47a7-43cd-8586-4a09185cdd05', 'usr_273');
INSERT INTO trabalho.comentarios_podcast_usuario VALUES ('comment_273_1_0', 'Odit ut et a consequatur.', 'f1b92ce7-47a7-43cd-8586-4a09185cdd05', 'usr_273');
INSERT INTO trabalho.comentarios_podcast_usuario VALUES ('comment_273_2_0', 'Et sed ea consequatur nostrum suscipit.', 'f1b92ce7-47a7-43cd-8586-4a09185cdd05', 'usr_273');
INSERT INTO trabalho.comentarios_podcast_usuario VALUES ('comment_273_3_0', 'Quia repellat eaque deserunt iusto ducimus et.', 'f1b92ce7-47a7-43cd-8586-4a09185cdd05', 'usr_273');
INSERT INTO trabalho.comentarios_podcast_usuario VALUES ('comment_273_4_0', 'Sed eos quo laboriosam hic.', 'f1b92ce7-47a7-43cd-8586-4a09185cdd05', 'usr_273');
INSERT INTO trabalho.log_acesso VALUES ('log_273_0_0', 'f1b92ce7-47a7-43cd-8586-4a09185cdd05', 'usr_273');
INSERT INTO trabalho.log_acesso VALUES ('log_273_1_0', 'f1b92ce7-47a7-43cd-8586-4a09185cdd05', 'usr_273');
INSERT INTO trabalho.log_acesso VALUES ('log_273_2_0', 'f1b92ce7-47a7-43cd-8586-4a09185cdd05', 'usr_273');
INSERT INTO trabalho.usuario_esta_inscrito_no_podcast VALUES (2, 'af46a958-b921-47b6-9f87-5c4fdc68ea79', 'usr_273');
INSERT INTO trabalho.comentarios_podcast_usuario VALUES ('comment_273_0_1', 'Facere et non commodi omnis.', 'af46a958-b921-47b6-9f87-5c4fdc68ea79', 'usr_273');
INSERT INTO trabalho.comentarios_podcast_usuario VALUES ('comment_273_1_1', 'Sit sequi sint est iste et magni.', 'af46a958-b921-47b6-9f87-5c4fdc68ea79', 'usr_273');
INSERT INTO trabalho.comentarios_podcast_usuario VALUES ('comment_273_2_1', 'Exercitationem dolores dolore aperiam.', 'af46a958-b921-47b6-9f87-5c4fdc68ea79', 'usr_273');
INSERT INTO trabalho.comentarios_podcast_usuario VALUES ('comment_273_3_1', 'Ipsa dignissimos sunt repudiandae placeat consequatur et eveniet illum.', 'af46a958-b921-47b6-9f87-5c4fdc68ea79', 'usr_273');
INSERT INTO trabalho.comentarios_podcast_usuario VALUES ('comment_273_4_1', 'Similique nemo nostrum aut facilis magnam et qui.', 'af46a958-b921-47b6-9f87-5c4fdc68ea79', 'usr_273');
INSERT INTO trabalho.log_acesso VALUES ('log_273_0_1', 'af46a958-b921-47b6-9f87-5c4fdc68ea79', 'usr_273');
INSERT INTO trabalho.log_acesso VALUES ('log_273_1_1', 'af46a958-b921-47b6-9f87-5c4fdc68ea79', 'usr_273');
INSERT INTO trabalho.log_acesso VALUES ('log_273_2_1', 'af46a958-b921-47b6-9f87-5c4fdc68ea79', 'usr_273');
INSERT INTO trabalho.log_acesso VALUES ('log_273_3_1', 'af46a958-b921-47b6-9f87-5c4fdc68ea79', 'usr_273');
INSERT INTO trabalho.usuario_esta_inscrito_no_podcast VALUES (0, 'bc8dac25-793c-4a96-aafc-4ea7020f4f60', 'usr_273');
INSERT INTO trabalho.comentarios_podcast_usuario VALUES ('comment_273_0_2', 'Hic sed laudantium consequatur accusantium adipisci.', 'bc8dac25-793c-4a96-aafc-4ea7020f4f60', 'usr_273');
INSERT INTO trabalho.comentarios_podcast_usuario VALUES ('comment_273_1_2', 'Inventore et adipisci quis consequatur reiciendis in aspernatur nisi cupiditate.', 'bc8dac25-793c-4a96-aafc-4ea7020f4f60', 'usr_273');
INSERT INTO trabalho.comentarios_podcast_usuario VALUES ('comment_273_2_2', 'Quod cum vero eos ipsum earum asperiores.', 'bc8dac25-793c-4a96-aafc-4ea7020f4f60', 'usr_273');
INSERT INTO trabalho.comentarios_podcast_usuario VALUES ('comment_273_3_2', 'Est quia porro et tempore suscipit ut.', 'bc8dac25-793c-4a96-aafc-4ea7020f4f60', 'usr_273');
INSERT INTO trabalho.log_acesso VALUES ('log_273_0_2', 'bc8dac25-793c-4a96-aafc-4ea7020f4f60', 'usr_273');
INSERT INTO trabalho.log_acesso VALUES ('log_273_1_2', 'bc8dac25-793c-4a96-aafc-4ea7020f4f60', 'usr_273');
INSERT INTO trabalho.log_acesso VALUES ('log_273_2_2', 'bc8dac25-793c-4a96-aafc-4ea7020f4f60', 'usr_273');
INSERT INTO trabalho.log_acesso VALUES ('log_273_3_2', 'bc8dac25-793c-4a96-aafc-4ea7020f4f60', 'usr_273');
INSERT INTO trabalho.usuario VALUES ('usr_274', '274_MariaJlia53@hotmail.com', 'Maria Júlia Macedo', 'female', 0, trabalho.hashPassword('Password123'), 'Suécia');
INSERT INTO trabalho.usuario_esta_inscrito_no_podcast VALUES (0, '7e429e8e-7669-403d-bb78-3cd7f9f75afd', 'usr_274');
INSERT INTO trabalho.comentarios_podcast_usuario VALUES ('comment_274_0_0', 'Asperiores et sint at ab ut eos omnis vero.', '7e429e8e-7669-403d-bb78-3cd7f9f75afd', 'usr_274');
INSERT INTO trabalho.comentarios_podcast_usuario VALUES ('comment_274_1_0', 'Quasi ad ut.', '7e429e8e-7669-403d-bb78-3cd7f9f75afd', 'usr_274');
INSERT INTO trabalho.comentarios_podcast_usuario VALUES ('comment_274_2_0', 'Magnam molestiae reiciendis sint natus quasi exercitationem quia.', '7e429e8e-7669-403d-bb78-3cd7f9f75afd', 'usr_274');
INSERT INTO trabalho.comentarios_podcast_usuario VALUES ('comment_274_3_0', 'Ut minus est molestias quas.', '7e429e8e-7669-403d-bb78-3cd7f9f75afd', 'usr_274');
INSERT INTO trabalho.comentarios_podcast_usuario VALUES ('comment_274_4_0', 'Non quam iure recusandae est velit et ipsum fugiat.', '7e429e8e-7669-403d-bb78-3cd7f9f75afd', 'usr_274');
INSERT INTO trabalho.log_acesso VALUES ('log_274_0_0', '7e429e8e-7669-403d-bb78-3cd7f9f75afd', 'usr_274');
INSERT INTO trabalho.usuario_esta_inscrito_no_podcast VALUES (5, '168c1536-4c42-4b8f-8c77-f06affefec6a', 'usr_274');
INSERT INTO trabalho.comentarios_podcast_usuario VALUES ('comment_274_0_1', 'Facere aut consectetur maiores at aut qui.', '168c1536-4c42-4b8f-8c77-f06affefec6a', 'usr_274');
INSERT INTO trabalho.comentarios_podcast_usuario VALUES ('comment_274_1_1', 'Ut autem sed rerum laboriosam.', '168c1536-4c42-4b8f-8c77-f06affefec6a', 'usr_274');
INSERT INTO trabalho.log_acesso VALUES ('log_274_0_1', '168c1536-4c42-4b8f-8c77-f06affefec6a', 'usr_274');
INSERT INTO trabalho.log_acesso VALUES ('log_274_1_1', '168c1536-4c42-4b8f-8c77-f06affefec6a', 'usr_274');
INSERT INTO trabalho.log_acesso VALUES ('log_274_2_1', '168c1536-4c42-4b8f-8c77-f06affefec6a', 'usr_274');
INSERT INTO trabalho.usuario_esta_inscrito_no_podcast VALUES (5, 'b553d865-8fe2-47de-9a30-10e1dea3bd1d', 'usr_274');
INSERT INTO trabalho.comentarios_podcast_usuario VALUES ('comment_274_0_2', 'Consequuntur animi dolor enim iste dolores aut error.', 'b553d865-8fe2-47de-9a30-10e1dea3bd1d', 'usr_274');
INSERT INTO trabalho.comentarios_podcast_usuario VALUES ('comment_274_1_2', 'Porro ut expedita id.', 'b553d865-8fe2-47de-9a30-10e1dea3bd1d', 'usr_274');
INSERT INTO trabalho.comentarios_podcast_usuario VALUES ('comment_274_2_2', 'Modi assumenda et quidem pariatur sunt.', 'b553d865-8fe2-47de-9a30-10e1dea3bd1d', 'usr_274');
INSERT INTO trabalho.log_acesso VALUES ('log_274_0_2', 'b553d865-8fe2-47de-9a30-10e1dea3bd1d', 'usr_274');
INSERT INTO trabalho.log_acesso VALUES ('log_274_1_2', 'b553d865-8fe2-47de-9a30-10e1dea3bd1d', 'usr_274');
INSERT INTO trabalho.usuario VALUES ('usr_275', '275_Bryan_Xavier@hotmail.com', 'Bryan Xavier', 'male', 25, trabalho.hashPassword('Password123'), 'Macedônia');
INSERT INTO trabalho.usuario_esta_inscrito_no_podcast VALUES (1, '219328a1-cec6-4e8c-b003-52a3ec9766bb', 'usr_275');
INSERT INTO trabalho.comentarios_podcast_usuario VALUES ('comment_275_0_0', 'Quia qui tempora hic voluptatem natus deleniti.', '219328a1-cec6-4e8c-b003-52a3ec9766bb', 'usr_275');
INSERT INTO trabalho.comentarios_podcast_usuario VALUES ('comment_275_1_0', 'Nulla ipsam non.', '219328a1-cec6-4e8c-b003-52a3ec9766bb', 'usr_275');
INSERT INTO trabalho.comentarios_podcast_usuario VALUES ('comment_275_2_0', 'Totam aut aliquam quisquam qui ea velit voluptas.', '219328a1-cec6-4e8c-b003-52a3ec9766bb', 'usr_275');
INSERT INTO trabalho.comentarios_podcast_usuario VALUES ('comment_275_3_0', 'Corrupti minus nam aut ut est enim dolorem dolor voluptates.', '219328a1-cec6-4e8c-b003-52a3ec9766bb', 'usr_275');
INSERT INTO trabalho.log_acesso VALUES ('log_275_0_0', '219328a1-cec6-4e8c-b003-52a3ec9766bb', 'usr_275');
INSERT INTO trabalho.log_acesso VALUES ('log_275_1_0', '219328a1-cec6-4e8c-b003-52a3ec9766bb', 'usr_275');
INSERT INTO trabalho.log_acesso VALUES ('log_275_2_0', '219328a1-cec6-4e8c-b003-52a3ec9766bb', 'usr_275');
INSERT INTO trabalho.usuario_esta_inscrito_no_podcast VALUES (0, 'af46a958-b921-47b6-9f87-5c4fdc68ea79', 'usr_275');
INSERT INTO trabalho.comentarios_podcast_usuario VALUES ('comment_275_0_1', 'Repellat aut doloribus enim ut.', 'af46a958-b921-47b6-9f87-5c4fdc68ea79', 'usr_275');
INSERT INTO trabalho.comentarios_podcast_usuario VALUES ('comment_275_1_1', 'Ut sed odio voluptas et expedita officia.', 'af46a958-b921-47b6-9f87-5c4fdc68ea79', 'usr_275');
INSERT INTO trabalho.comentarios_podcast_usuario VALUES ('comment_275_2_1', 'Deserunt unde cum excepturi omnis modi accusantium.', 'af46a958-b921-47b6-9f87-5c4fdc68ea79', 'usr_275');
INSERT INTO trabalho.log_acesso VALUES ('log_275_0_1', 'af46a958-b921-47b6-9f87-5c4fdc68ea79', 'usr_275');
INSERT INTO trabalho.log_acesso VALUES ('log_275_1_1', 'af46a958-b921-47b6-9f87-5c4fdc68ea79', 'usr_275');
INSERT INTO trabalho.log_acesso VALUES ('log_275_2_1', 'af46a958-b921-47b6-9f87-5c4fdc68ea79', 'usr_275');
INSERT INTO trabalho.log_acesso VALUES ('log_275_3_1', 'af46a958-b921-47b6-9f87-5c4fdc68ea79', 'usr_275');
INSERT INTO trabalho.usuario_esta_inscrito_no_podcast VALUES (1, 'f1b92ce7-47a7-43cd-8586-4a09185cdd05', 'usr_275');
INSERT INTO trabalho.comentarios_podcast_usuario VALUES ('comment_275_0_2', 'Odio sed aut est maxime officiis quia.', 'f1b92ce7-47a7-43cd-8586-4a09185cdd05', 'usr_275');
INSERT INTO trabalho.comentarios_podcast_usuario VALUES ('comment_275_1_2', 'Distinctio sequi at et quo in et illo error.', 'f1b92ce7-47a7-43cd-8586-4a09185cdd05', 'usr_275');
INSERT INTO trabalho.comentarios_podcast_usuario VALUES ('comment_275_2_2', 'Dolores nam pariatur beatae cumque quam et.', 'f1b92ce7-47a7-43cd-8586-4a09185cdd05', 'usr_275');
INSERT INTO trabalho.log_acesso VALUES ('log_275_0_2', 'f1b92ce7-47a7-43cd-8586-4a09185cdd05', 'usr_275');
INSERT INTO trabalho.log_acesso VALUES ('log_275_1_2', 'f1b92ce7-47a7-43cd-8586-4a09185cdd05', 'usr_275');
INSERT INTO trabalho.log_acesso VALUES ('log_275_2_2', 'f1b92ce7-47a7-43cd-8586-4a09185cdd05', 'usr_275');
INSERT INTO trabalho.log_acesso VALUES ('log_275_3_2', 'f1b92ce7-47a7-43cd-8586-4a09185cdd05', 'usr_275');
INSERT INTO trabalho.usuario VALUES ('usr_276', '276_Joaquim99@hotmail.com', 'Joaquim Batista', 'male', 51, trabalho.hashPassword('Password123'), 'Guiana');
INSERT INTO trabalho.usuario_esta_inscrito_no_podcast VALUES (4, 'b553d865-8fe2-47de-9a30-10e1dea3bd1d', 'usr_276');
INSERT INTO trabalho.comentarios_podcast_usuario VALUES ('comment_276_0_0', 'Eos suscipit dolorem exercitationem deserunt eius fugit aut illo.', 'b553d865-8fe2-47de-9a30-10e1dea3bd1d', 'usr_276');
INSERT INTO trabalho.comentarios_podcast_usuario VALUES ('comment_276_1_0', 'Perferendis nulla aspernatur sunt debitis.', 'b553d865-8fe2-47de-9a30-10e1dea3bd1d', 'usr_276');
INSERT INTO trabalho.comentarios_podcast_usuario VALUES ('comment_276_2_0', 'Ipsam tempora repellendus sint rerum nam blanditiis.', 'b553d865-8fe2-47de-9a30-10e1dea3bd1d', 'usr_276');
INSERT INTO trabalho.comentarios_podcast_usuario VALUES ('comment_276_3_0', 'Quos dolore in adipisci quia accusantium assumenda.', 'b553d865-8fe2-47de-9a30-10e1dea3bd1d', 'usr_276');
INSERT INTO trabalho.log_acesso VALUES ('log_276_0_0', 'b553d865-8fe2-47de-9a30-10e1dea3bd1d', 'usr_276');
INSERT INTO trabalho.log_acesso VALUES ('log_276_1_0', 'b553d865-8fe2-47de-9a30-10e1dea3bd1d', 'usr_276');
INSERT INTO trabalho.log_acesso VALUES ('log_276_2_0', 'b553d865-8fe2-47de-9a30-10e1dea3bd1d', 'usr_276');
INSERT INTO trabalho.log_acesso VALUES ('log_276_3_0', 'b553d865-8fe2-47de-9a30-10e1dea3bd1d', 'usr_276');
INSERT INTO trabalho.log_acesso VALUES ('log_276_4_0', 'b553d865-8fe2-47de-9a30-10e1dea3bd1d', 'usr_276');
INSERT INTO trabalho.log_acesso VALUES ('log_276_5_0', 'b553d865-8fe2-47de-9a30-10e1dea3bd1d', 'usr_276');
INSERT INTO trabalho.usuario_esta_inscrito_no_podcast VALUES (3, 'fa3abe16-3645-4d22-a01d-893e6f20c408', 'usr_276');
INSERT INTO trabalho.comentarios_podcast_usuario VALUES ('comment_276_0_1', 'Id culpa et eveniet porro itaque aut ea.', 'fa3abe16-3645-4d22-a01d-893e6f20c408', 'usr_276');
INSERT INTO trabalho.comentarios_podcast_usuario VALUES ('comment_276_1_1', 'Reprehenderit tempora illum quis assumenda.', 'fa3abe16-3645-4d22-a01d-893e6f20c408', 'usr_276');
INSERT INTO trabalho.comentarios_podcast_usuario VALUES ('comment_276_2_1', 'Consectetur a alias.', 'fa3abe16-3645-4d22-a01d-893e6f20c408', 'usr_276');
INSERT INTO trabalho.comentarios_podcast_usuario VALUES ('comment_276_3_1', 'Ea cumque corporis delectus delectus cumque minima.', 'fa3abe16-3645-4d22-a01d-893e6f20c408', 'usr_276');
INSERT INTO trabalho.comentarios_podcast_usuario VALUES ('comment_276_4_1', 'Velit dolores maiores voluptatibus consequatur enim id ducimus.', 'fa3abe16-3645-4d22-a01d-893e6f20c408', 'usr_276');
INSERT INTO trabalho.comentarios_podcast_usuario VALUES ('comment_276_5_1', 'Dolores quia omnis quidem tempore cum nostrum qui.', 'fa3abe16-3645-4d22-a01d-893e6f20c408', 'usr_276');
INSERT INTO trabalho.log_acesso VALUES ('log_276_0_1', 'fa3abe16-3645-4d22-a01d-893e6f20c408', 'usr_276');
INSERT INTO trabalho.log_acesso VALUES ('log_276_1_1', 'fa3abe16-3645-4d22-a01d-893e6f20c408', 'usr_276');
INSERT INTO trabalho.log_acesso VALUES ('log_276_2_1', 'fa3abe16-3645-4d22-a01d-893e6f20c408', 'usr_276');
INSERT INTO trabalho.log_acesso VALUES ('log_276_3_1', 'fa3abe16-3645-4d22-a01d-893e6f20c408', 'usr_276');
INSERT INTO trabalho.log_acesso VALUES ('log_276_4_1', 'fa3abe16-3645-4d22-a01d-893e6f20c408', 'usr_276');
INSERT INTO trabalho.usuario_esta_inscrito_no_podcast VALUES (2, 'f1b92ce7-47a7-43cd-8586-4a09185cdd05', 'usr_276');
INSERT INTO trabalho.comentarios_podcast_usuario VALUES ('comment_276_0_2', 'Fuga et ut atque ea natus qui ducimus eum quaerat.', 'f1b92ce7-47a7-43cd-8586-4a09185cdd05', 'usr_276');
INSERT INTO trabalho.comentarios_podcast_usuario VALUES ('comment_276_1_2', 'Tempora necessitatibus voluptatem adipisci soluta alias rerum voluptatem perspiciatis.', 'f1b92ce7-47a7-43cd-8586-4a09185cdd05', 'usr_276');
INSERT INTO trabalho.comentarios_podcast_usuario VALUES ('comment_276_2_2', 'Repellat repudiandae quia recusandae corrupti totam.', 'f1b92ce7-47a7-43cd-8586-4a09185cdd05', 'usr_276');
INSERT INTO trabalho.comentarios_podcast_usuario VALUES ('comment_276_3_2', 'Quod quidem quae nihil itaque id.', 'f1b92ce7-47a7-43cd-8586-4a09185cdd05', 'usr_276');
INSERT INTO trabalho.log_acesso VALUES ('log_276_0_2', 'f1b92ce7-47a7-43cd-8586-4a09185cdd05', 'usr_276');
INSERT INTO trabalho.log_acesso VALUES ('log_276_1_2', 'f1b92ce7-47a7-43cd-8586-4a09185cdd05', 'usr_276');
INSERT INTO trabalho.log_acesso VALUES ('log_276_2_2', 'f1b92ce7-47a7-43cd-8586-4a09185cdd05', 'usr_276');
INSERT INTO trabalho.log_acesso VALUES ('log_276_3_2', 'f1b92ce7-47a7-43cd-8586-4a09185cdd05', 'usr_276');
INSERT INTO trabalho.usuario VALUES ('usr_277', '277_Valentina.Santos48@live.com', 'Valentina Santos', 'female', 44, trabalho.hashPassword('Password123'), 'Chade');
INSERT INTO trabalho.usuario_esta_inscrito_no_podcast VALUES (1, 'de2f0ddb-9903-436a-a5e2-54224254c818', 'usr_277');
INSERT INTO trabalho.comentarios_podcast_usuario VALUES ('comment_277_0_0', 'Quis iure sunt aspernatur natus.', 'de2f0ddb-9903-436a-a5e2-54224254c818', 'usr_277');
INSERT INTO trabalho.comentarios_podcast_usuario VALUES ('comment_277_1_0', 'Nulla ab iusto eum unde.', 'de2f0ddb-9903-436a-a5e2-54224254c818', 'usr_277');
INSERT INTO trabalho.comentarios_podcast_usuario VALUES ('comment_277_2_0', 'Dolorum accusamus alias officia.', 'de2f0ddb-9903-436a-a5e2-54224254c818', 'usr_277');
INSERT INTO trabalho.comentarios_podcast_usuario VALUES ('comment_277_3_0', 'Facilis iste ullam.', 'de2f0ddb-9903-436a-a5e2-54224254c818', 'usr_277');
INSERT INTO trabalho.log_acesso VALUES ('log_277_0_0', 'de2f0ddb-9903-436a-a5e2-54224254c818', 'usr_277');
INSERT INTO trabalho.log_acesso VALUES ('log_277_1_0', 'de2f0ddb-9903-436a-a5e2-54224254c818', 'usr_277');
INSERT INTO trabalho.log_acesso VALUES ('log_277_2_0', 'de2f0ddb-9903-436a-a5e2-54224254c818', 'usr_277');
INSERT INTO trabalho.usuario_esta_inscrito_no_podcast VALUES (2, '219328a1-cec6-4e8c-b003-52a3ec9766bb', 'usr_277');
INSERT INTO trabalho.comentarios_podcast_usuario VALUES ('comment_277_0_1', 'Omnis debitis autem error suscipit velit beatae error ab.', '219328a1-cec6-4e8c-b003-52a3ec9766bb', 'usr_277');
INSERT INTO trabalho.comentarios_podcast_usuario VALUES ('comment_277_1_1', 'Iusto soluta sunt in impedit.', '219328a1-cec6-4e8c-b003-52a3ec9766bb', 'usr_277');
INSERT INTO trabalho.comentarios_podcast_usuario VALUES ('comment_277_2_1', 'Fugit vel corporis ut ut autem delectus saepe.', '219328a1-cec6-4e8c-b003-52a3ec9766bb', 'usr_277');
INSERT INTO trabalho.comentarios_podcast_usuario VALUES ('comment_277_3_1', 'Nihil dignissimos quasi pariatur ut facilis accusantium sequi.', '219328a1-cec6-4e8c-b003-52a3ec9766bb', 'usr_277');
INSERT INTO trabalho.comentarios_podcast_usuario VALUES ('comment_277_4_1', 'Sed corrupti aut laboriosam eos aliquam voluptatem eum consequatur exercitationem.', '219328a1-cec6-4e8c-b003-52a3ec9766bb', 'usr_277');
INSERT INTO trabalho.comentarios_podcast_usuario VALUES ('comment_277_5_1', 'Dignissimos culpa ut sit voluptatem omnis aperiam error et.', '219328a1-cec6-4e8c-b003-52a3ec9766bb', 'usr_277');
INSERT INTO trabalho.log_acesso VALUES ('log_277_0_1', '219328a1-cec6-4e8c-b003-52a3ec9766bb', 'usr_277');
INSERT INTO trabalho.log_acesso VALUES ('log_277_1_1', '219328a1-cec6-4e8c-b003-52a3ec9766bb', 'usr_277');
INSERT INTO trabalho.log_acesso VALUES ('log_277_2_1', '219328a1-cec6-4e8c-b003-52a3ec9766bb', 'usr_277');
INSERT INTO trabalho.usuario_esta_inscrito_no_podcast VALUES (1, '7e429e8e-7669-403d-bb78-3cd7f9f75afd', 'usr_277');
INSERT INTO trabalho.comentarios_podcast_usuario VALUES ('comment_277_0_2', 'Nesciunt quasi velit.', '7e429e8e-7669-403d-bb78-3cd7f9f75afd', 'usr_277');
INSERT INTO trabalho.log_acesso VALUES ('log_277_0_2', '7e429e8e-7669-403d-bb78-3cd7f9f75afd', 'usr_277');
INSERT INTO trabalho.log_acesso VALUES ('log_277_1_2', '7e429e8e-7669-403d-bb78-3cd7f9f75afd', 'usr_277');
INSERT INTO trabalho.log_acesso VALUES ('log_277_2_2', '7e429e8e-7669-403d-bb78-3cd7f9f75afd', 'usr_277');
INSERT INTO trabalho.log_acesso VALUES ('log_277_3_2', '7e429e8e-7669-403d-bb78-3cd7f9f75afd', 'usr_277');
INSERT INTO trabalho.usuario VALUES ('usr_278', '278_Yago.Melo24@yahoo.com', 'Yago Melo', 'male', 50, trabalho.hashPassword('Password123'), 'Congo');
INSERT INTO trabalho.usuario_esta_inscrito_no_podcast VALUES (2, '219328a1-cec6-4e8c-b003-52a3ec9766bb', 'usr_278');
INSERT INTO trabalho.comentarios_podcast_usuario VALUES ('comment_278_0_0', 'Culpa ad impedit ut neque magni est veniam est.', '219328a1-cec6-4e8c-b003-52a3ec9766bb', 'usr_278');
INSERT INTO trabalho.comentarios_podcast_usuario VALUES ('comment_278_1_0', 'Est incidunt qui aut eveniet reiciendis distinctio.', '219328a1-cec6-4e8c-b003-52a3ec9766bb', 'usr_278');
INSERT INTO trabalho.log_acesso VALUES ('log_278_0_0', '219328a1-cec6-4e8c-b003-52a3ec9766bb', 'usr_278');
INSERT INTO trabalho.log_acesso VALUES ('log_278_1_0', '219328a1-cec6-4e8c-b003-52a3ec9766bb', 'usr_278');
INSERT INTO trabalho.usuario_esta_inscrito_no_podcast VALUES (4, 'f0166bd2-8e4d-4308-b5d7-0b3d627c5dc5', 'usr_278');
INSERT INTO trabalho.comentarios_podcast_usuario VALUES ('comment_278_0_1', 'Et earum nobis odit dolores qui possimus voluptas odio.', 'f0166bd2-8e4d-4308-b5d7-0b3d627c5dc5', 'usr_278');
INSERT INTO trabalho.comentarios_podcast_usuario VALUES ('comment_278_1_1', 'Ducimus est animi nostrum quasi omnis.', 'f0166bd2-8e4d-4308-b5d7-0b3d627c5dc5', 'usr_278');
INSERT INTO trabalho.comentarios_podcast_usuario VALUES ('comment_278_2_1', 'Perspiciatis reprehenderit earum molestiae.', 'f0166bd2-8e4d-4308-b5d7-0b3d627c5dc5', 'usr_278');
INSERT INTO trabalho.comentarios_podcast_usuario VALUES ('comment_278_3_1', 'Quia porro reprehenderit rem maiores quos.', 'f0166bd2-8e4d-4308-b5d7-0b3d627c5dc5', 'usr_278');
INSERT INTO trabalho.log_acesso VALUES ('log_278_0_1', 'f0166bd2-8e4d-4308-b5d7-0b3d627c5dc5', 'usr_278');
INSERT INTO trabalho.log_acesso VALUES ('log_278_1_1', 'f0166bd2-8e4d-4308-b5d7-0b3d627c5dc5', 'usr_278');
INSERT INTO trabalho.log_acesso VALUES ('log_278_2_1', 'f0166bd2-8e4d-4308-b5d7-0b3d627c5dc5', 'usr_278');
INSERT INTO trabalho.usuario_esta_inscrito_no_podcast VALUES (3, '168c1536-4c42-4b8f-8c77-f06affefec6a', 'usr_278');
INSERT INTO trabalho.comentarios_podcast_usuario VALUES ('comment_278_0_2', 'Molestiae rem delectus sint impedit.', '168c1536-4c42-4b8f-8c77-f06affefec6a', 'usr_278');
INSERT INTO trabalho.comentarios_podcast_usuario VALUES ('comment_278_1_2', 'Nisi id omnis ab molestias fugiat maxime consequuntur.', '168c1536-4c42-4b8f-8c77-f06affefec6a', 'usr_278');
INSERT INTO trabalho.comentarios_podcast_usuario VALUES ('comment_278_2_2', 'Facilis consectetur laudantium in ipsam cum aut consequatur.', '168c1536-4c42-4b8f-8c77-f06affefec6a', 'usr_278');
INSERT INTO trabalho.comentarios_podcast_usuario VALUES ('comment_278_3_2', 'Quos aut exercitationem neque.', '168c1536-4c42-4b8f-8c77-f06affefec6a', 'usr_278');
INSERT INTO trabalho.comentarios_podcast_usuario VALUES ('comment_278_4_2', 'Est aspernatur deleniti pariatur sed quos eum corrupti.', '168c1536-4c42-4b8f-8c77-f06affefec6a', 'usr_278');
INSERT INTO trabalho.comentarios_podcast_usuario VALUES ('comment_278_5_2', 'Ut neque nisi voluptates ab et.', '168c1536-4c42-4b8f-8c77-f06affefec6a', 'usr_278');
INSERT INTO trabalho.log_acesso VALUES ('log_278_0_2', '168c1536-4c42-4b8f-8c77-f06affefec6a', 'usr_278');
INSERT INTO trabalho.log_acesso VALUES ('log_278_1_2', '168c1536-4c42-4b8f-8c77-f06affefec6a', 'usr_278');
INSERT INTO trabalho.log_acesso VALUES ('log_278_2_2', '168c1536-4c42-4b8f-8c77-f06affefec6a', 'usr_278');
INSERT INTO trabalho.log_acesso VALUES ('log_278_3_2', '168c1536-4c42-4b8f-8c77-f06affefec6a', 'usr_278');
INSERT INTO trabalho.log_acesso VALUES ('log_278_4_2', '168c1536-4c42-4b8f-8c77-f06affefec6a', 'usr_278');
INSERT INTO trabalho.usuario VALUES ('usr_279', '279_Lvia_Carvalho@yahoo.com', 'Lívia Carvalho', 'female', 56, trabalho.hashPassword('Password123'), 'Índia');
INSERT INTO trabalho.usuario_esta_inscrito_no_podcast VALUES (0, 'b553d865-8fe2-47de-9a30-10e1dea3bd1d', 'usr_279');
INSERT INTO trabalho.comentarios_podcast_usuario VALUES ('comment_279_0_0', 'Aut dicta repudiandae voluptas alias voluptatum.', 'b553d865-8fe2-47de-9a30-10e1dea3bd1d', 'usr_279');
INSERT INTO trabalho.comentarios_podcast_usuario VALUES ('comment_279_1_0', 'Autem ullam omnis ab.', 'b553d865-8fe2-47de-9a30-10e1dea3bd1d', 'usr_279');
INSERT INTO trabalho.comentarios_podcast_usuario VALUES ('comment_279_2_0', 'Maiores harum et illum ipsam inventore ducimus et sint aliquam.', 'b553d865-8fe2-47de-9a30-10e1dea3bd1d', 'usr_279');
INSERT INTO trabalho.log_acesso VALUES ('log_279_0_0', 'b553d865-8fe2-47de-9a30-10e1dea3bd1d', 'usr_279');
INSERT INTO trabalho.log_acesso VALUES ('log_279_1_0', 'b553d865-8fe2-47de-9a30-10e1dea3bd1d', 'usr_279');
INSERT INTO trabalho.log_acesso VALUES ('log_279_2_0', 'b553d865-8fe2-47de-9a30-10e1dea3bd1d', 'usr_279');
INSERT INTO trabalho.log_acesso VALUES ('log_279_3_0', 'b553d865-8fe2-47de-9a30-10e1dea3bd1d', 'usr_279');
INSERT INTO trabalho.usuario_esta_inscrito_no_podcast VALUES (2, 'c58b280a-56d4-4ad8-8c85-730e4ea86361', 'usr_279');
INSERT INTO trabalho.comentarios_podcast_usuario VALUES ('comment_279_0_1', 'Autem ut et omnis.', 'c58b280a-56d4-4ad8-8c85-730e4ea86361', 'usr_279');
INSERT INTO trabalho.comentarios_podcast_usuario VALUES ('comment_279_1_1', 'Quia officiis vel qui rem vitae quae inventore qui minus.', 'c58b280a-56d4-4ad8-8c85-730e4ea86361', 'usr_279');
INSERT INTO trabalho.comentarios_podcast_usuario VALUES ('comment_279_2_1', 'Earum iusto quia.', 'c58b280a-56d4-4ad8-8c85-730e4ea86361', 'usr_279');
INSERT INTO trabalho.log_acesso VALUES ('log_279_0_1', 'c58b280a-56d4-4ad8-8c85-730e4ea86361', 'usr_279');
INSERT INTO trabalho.log_acesso VALUES ('log_279_1_1', 'c58b280a-56d4-4ad8-8c85-730e4ea86361', 'usr_279');
INSERT INTO trabalho.log_acesso VALUES ('log_279_2_1', 'c58b280a-56d4-4ad8-8c85-730e4ea86361', 'usr_279');
INSERT INTO trabalho.log_acesso VALUES ('log_279_3_1', 'c58b280a-56d4-4ad8-8c85-730e4ea86361', 'usr_279');
INSERT INTO trabalho.usuario_esta_inscrito_no_podcast VALUES (0, 'fa3abe16-3645-4d22-a01d-893e6f20c408', 'usr_279');
INSERT INTO trabalho.comentarios_podcast_usuario VALUES ('comment_279_0_2', 'Rerum quis a fugiat et incidunt.', 'fa3abe16-3645-4d22-a01d-893e6f20c408', 'usr_279');
INSERT INTO trabalho.comentarios_podcast_usuario VALUES ('comment_279_1_2', 'Id pariatur neque accusamus.', 'fa3abe16-3645-4d22-a01d-893e6f20c408', 'usr_279');
INSERT INTO trabalho.comentarios_podcast_usuario VALUES ('comment_279_2_2', 'Accusantium ut saepe animi molestias qui.', 'fa3abe16-3645-4d22-a01d-893e6f20c408', 'usr_279');
INSERT INTO trabalho.log_acesso VALUES ('log_279_0_2', 'fa3abe16-3645-4d22-a01d-893e6f20c408', 'usr_279');
INSERT INTO trabalho.log_acesso VALUES ('log_279_1_2', 'fa3abe16-3645-4d22-a01d-893e6f20c408', 'usr_279');
INSERT INTO trabalho.log_acesso VALUES ('log_279_2_2', 'fa3abe16-3645-4d22-a01d-893e6f20c408', 'usr_279');
INSERT INTO trabalho.log_acesso VALUES ('log_279_3_2', 'fa3abe16-3645-4d22-a01d-893e6f20c408', 'usr_279');
INSERT INTO trabalho.usuario VALUES ('usr_280', '280_Mrcia_Batista@live.com', 'Márcia Batista', 'female', 48, trabalho.hashPassword('Password123'), 'Romênia');
INSERT INTO trabalho.usuario_esta_inscrito_no_podcast VALUES (2, '219328a1-cec6-4e8c-b003-52a3ec9766bb', 'usr_280');
INSERT INTO trabalho.comentarios_podcast_usuario VALUES ('comment_280_0_0', 'Nihil aut odit et quia.', '219328a1-cec6-4e8c-b003-52a3ec9766bb', 'usr_280');
INSERT INTO trabalho.log_acesso VALUES ('log_280_0_0', '219328a1-cec6-4e8c-b003-52a3ec9766bb', 'usr_280');
INSERT INTO trabalho.log_acesso VALUES ('log_280_1_0', '219328a1-cec6-4e8c-b003-52a3ec9766bb', 'usr_280');
INSERT INTO trabalho.log_acesso VALUES ('log_280_2_0', '219328a1-cec6-4e8c-b003-52a3ec9766bb', 'usr_280');
INSERT INTO trabalho.log_acesso VALUES ('log_280_3_0', '219328a1-cec6-4e8c-b003-52a3ec9766bb', 'usr_280');
INSERT INTO trabalho.usuario_esta_inscrito_no_podcast VALUES (2, '168c1536-4c42-4b8f-8c77-f06affefec6a', 'usr_280');
INSERT INTO trabalho.comentarios_podcast_usuario VALUES ('comment_280_0_1', 'Tempore velit facilis delectus adipisci repellat esse minima expedita.', '168c1536-4c42-4b8f-8c77-f06affefec6a', 'usr_280');
INSERT INTO trabalho.comentarios_podcast_usuario VALUES ('comment_280_1_1', 'Nihil a ut.', '168c1536-4c42-4b8f-8c77-f06affefec6a', 'usr_280');
INSERT INTO trabalho.log_acesso VALUES ('log_280_0_1', '168c1536-4c42-4b8f-8c77-f06affefec6a', 'usr_280');
INSERT INTO trabalho.log_acesso VALUES ('log_280_1_1', '168c1536-4c42-4b8f-8c77-f06affefec6a', 'usr_280');
INSERT INTO trabalho.usuario_esta_inscrito_no_podcast VALUES (0, '7e429e8e-7669-403d-bb78-3cd7f9f75afd', 'usr_280');
INSERT INTO trabalho.comentarios_podcast_usuario VALUES ('comment_280_0_2', 'Repudiandae occaecati et.', '7e429e8e-7669-403d-bb78-3cd7f9f75afd', 'usr_280');
INSERT INTO trabalho.log_acesso VALUES ('log_280_0_2', '7e429e8e-7669-403d-bb78-3cd7f9f75afd', 'usr_280');
INSERT INTO trabalho.usuario VALUES ('usr_281', '281_DaviLucca_Moreira@bol.com.br', 'Davi Lucca Moreira', 'male', 10, trabalho.hashPassword('Password123'), 'Polônia');
INSERT INTO trabalho.usuario_esta_inscrito_no_podcast VALUES (5, '7e429e8e-7669-403d-bb78-3cd7f9f75afd', 'usr_281');
INSERT INTO trabalho.comentarios_podcast_usuario VALUES ('comment_281_0_0', 'Sequi placeat et quo aut et eaque et.', '7e429e8e-7669-403d-bb78-3cd7f9f75afd', 'usr_281');
INSERT INTO trabalho.comentarios_podcast_usuario VALUES ('comment_281_1_0', 'Culpa ipsum quia fugiat ut.', '7e429e8e-7669-403d-bb78-3cd7f9f75afd', 'usr_281');
INSERT INTO trabalho.comentarios_podcast_usuario VALUES ('comment_281_2_0', 'Eveniet est nesciunt quod.', '7e429e8e-7669-403d-bb78-3cd7f9f75afd', 'usr_281');
INSERT INTO trabalho.log_acesso VALUES ('log_281_0_0', '7e429e8e-7669-403d-bb78-3cd7f9f75afd', 'usr_281');
INSERT INTO trabalho.log_acesso VALUES ('log_281_1_0', '7e429e8e-7669-403d-bb78-3cd7f9f75afd', 'usr_281');
INSERT INTO trabalho.log_acesso VALUES ('log_281_2_0', '7e429e8e-7669-403d-bb78-3cd7f9f75afd', 'usr_281');
INSERT INTO trabalho.log_acesso VALUES ('log_281_3_0', '7e429e8e-7669-403d-bb78-3cd7f9f75afd', 'usr_281');
INSERT INTO trabalho.usuario_esta_inscrito_no_podcast VALUES (0, '5bdf7377-8330-4f9f-8efd-e95301c122ce', 'usr_281');
INSERT INTO trabalho.comentarios_podcast_usuario VALUES ('comment_281_0_1', 'Est maxime et.', '5bdf7377-8330-4f9f-8efd-e95301c122ce', 'usr_281');
INSERT INTO trabalho.comentarios_podcast_usuario VALUES ('comment_281_1_1', 'Qui quia aut placeat rerum.', '5bdf7377-8330-4f9f-8efd-e95301c122ce', 'usr_281');
INSERT INTO trabalho.log_acesso VALUES ('log_281_0_1', '5bdf7377-8330-4f9f-8efd-e95301c122ce', 'usr_281');
INSERT INTO trabalho.log_acesso VALUES ('log_281_1_1', '5bdf7377-8330-4f9f-8efd-e95301c122ce', 'usr_281');
INSERT INTO trabalho.log_acesso VALUES ('log_281_2_1', '5bdf7377-8330-4f9f-8efd-e95301c122ce', 'usr_281');
INSERT INTO trabalho.log_acesso VALUES ('log_281_3_1', '5bdf7377-8330-4f9f-8efd-e95301c122ce', 'usr_281');
INSERT INTO trabalho.usuario_esta_inscrito_no_podcast VALUES (3, '168c1536-4c42-4b8f-8c77-f06affefec6a', 'usr_281');
INSERT INTO trabalho.comentarios_podcast_usuario VALUES ('comment_281_0_2', 'Aspernatur dolorem ut perferendis delectus sapiente eum atque.', '168c1536-4c42-4b8f-8c77-f06affefec6a', 'usr_281');
INSERT INTO trabalho.comentarios_podcast_usuario VALUES ('comment_281_1_2', 'Corporis tenetur et ut vitae.', '168c1536-4c42-4b8f-8c77-f06affefec6a', 'usr_281');
INSERT INTO trabalho.comentarios_podcast_usuario VALUES ('comment_281_2_2', 'Quae rerum inventore libero.', '168c1536-4c42-4b8f-8c77-f06affefec6a', 'usr_281');
INSERT INTO trabalho.comentarios_podcast_usuario VALUES ('comment_281_3_2', 'Et sapiente reiciendis nemo ullam doloribus accusantium.', '168c1536-4c42-4b8f-8c77-f06affefec6a', 'usr_281');
INSERT INTO trabalho.comentarios_podcast_usuario VALUES ('comment_281_4_2', 'Sed alias quidem voluptate vero.', '168c1536-4c42-4b8f-8c77-f06affefec6a', 'usr_281');
INSERT INTO trabalho.comentarios_podcast_usuario VALUES ('comment_281_5_2', 'Voluptas nulla doloribus aut quae non similique architecto fugit.', '168c1536-4c42-4b8f-8c77-f06affefec6a', 'usr_281');
INSERT INTO trabalho.log_acesso VALUES ('log_281_0_2', '168c1536-4c42-4b8f-8c77-f06affefec6a', 'usr_281');
INSERT INTO trabalho.log_acesso VALUES ('log_281_1_2', '168c1536-4c42-4b8f-8c77-f06affefec6a', 'usr_281');
INSERT INTO trabalho.log_acesso VALUES ('log_281_2_2', '168c1536-4c42-4b8f-8c77-f06affefec6a', 'usr_281');
INSERT INTO trabalho.usuario VALUES ('usr_282', '282_MariaCeclia_Batista73@hotmail.com', 'Maria Cecília Batista', 'female', 56, trabalho.hashPassword('Password123'), 'Groelândia');
INSERT INTO trabalho.usuario_esta_inscrito_no_podcast VALUES (3, '219328a1-cec6-4e8c-b003-52a3ec9766bb', 'usr_282');
INSERT INTO trabalho.comentarios_podcast_usuario VALUES ('comment_282_0_0', 'Sed nesciunt voluptates quis.', '219328a1-cec6-4e8c-b003-52a3ec9766bb', 'usr_282');
INSERT INTO trabalho.comentarios_podcast_usuario VALUES ('comment_282_1_0', 'Exercitationem veniam quos.', '219328a1-cec6-4e8c-b003-52a3ec9766bb', 'usr_282');
INSERT INTO trabalho.log_acesso VALUES ('log_282_0_0', '219328a1-cec6-4e8c-b003-52a3ec9766bb', 'usr_282');
INSERT INTO trabalho.log_acesso VALUES ('log_282_1_0', '219328a1-cec6-4e8c-b003-52a3ec9766bb', 'usr_282');
INSERT INTO trabalho.log_acesso VALUES ('log_282_2_0', '219328a1-cec6-4e8c-b003-52a3ec9766bb', 'usr_282');
INSERT INTO trabalho.usuario_esta_inscrito_no_podcast VALUES (0, '168c1536-4c42-4b8f-8c77-f06affefec6a', 'usr_282');
INSERT INTO trabalho.comentarios_podcast_usuario VALUES ('comment_282_0_1', 'Commodi non rerum rem harum.', '168c1536-4c42-4b8f-8c77-f06affefec6a', 'usr_282');
INSERT INTO trabalho.comentarios_podcast_usuario VALUES ('comment_282_1_1', 'Rerum qui rerum quia.', '168c1536-4c42-4b8f-8c77-f06affefec6a', 'usr_282');
INSERT INTO trabalho.log_acesso VALUES ('log_282_0_1', '168c1536-4c42-4b8f-8c77-f06affefec6a', 'usr_282');
INSERT INTO trabalho.log_acesso VALUES ('log_282_1_1', '168c1536-4c42-4b8f-8c77-f06affefec6a', 'usr_282');
INSERT INTO trabalho.log_acesso VALUES ('log_282_2_1', '168c1536-4c42-4b8f-8c77-f06affefec6a', 'usr_282');
INSERT INTO trabalho.log_acesso VALUES ('log_282_3_1', '168c1536-4c42-4b8f-8c77-f06affefec6a', 'usr_282');
INSERT INTO trabalho.log_acesso VALUES ('log_282_4_1', '168c1536-4c42-4b8f-8c77-f06affefec6a', 'usr_282');
INSERT INTO trabalho.usuario_esta_inscrito_no_podcast VALUES (2, 'c58b280a-56d4-4ad8-8c85-730e4ea86361', 'usr_282');
INSERT INTO trabalho.comentarios_podcast_usuario VALUES ('comment_282_0_2', 'Eum ex facere magni repellendus cumque ipsum.', 'c58b280a-56d4-4ad8-8c85-730e4ea86361', 'usr_282');
INSERT INTO trabalho.comentarios_podcast_usuario VALUES ('comment_282_1_2', 'Et quisquam molestiae repellendus nulla sed nostrum eum.', 'c58b280a-56d4-4ad8-8c85-730e4ea86361', 'usr_282');
INSERT INTO trabalho.comentarios_podcast_usuario VALUES ('comment_282_2_2', 'Doloribus quos vero molestiae sit est ut ullam quisquam officia.', 'c58b280a-56d4-4ad8-8c85-730e4ea86361', 'usr_282');
INSERT INTO trabalho.comentarios_podcast_usuario VALUES ('comment_282_3_2', 'Consequatur quo suscipit et eos dolor.', 'c58b280a-56d4-4ad8-8c85-730e4ea86361', 'usr_282');
INSERT INTO trabalho.log_acesso VALUES ('log_282_0_2', 'c58b280a-56d4-4ad8-8c85-730e4ea86361', 'usr_282');
INSERT INTO trabalho.log_acesso VALUES ('log_282_1_2', 'c58b280a-56d4-4ad8-8c85-730e4ea86361', 'usr_282');
INSERT INTO trabalho.log_acesso VALUES ('log_282_2_2', 'c58b280a-56d4-4ad8-8c85-730e4ea86361', 'usr_282');
INSERT INTO trabalho.log_acesso VALUES ('log_282_3_2', 'c58b280a-56d4-4ad8-8c85-730e4ea86361', 'usr_282');
INSERT INTO trabalho.log_acesso VALUES ('log_282_4_2', 'c58b280a-56d4-4ad8-8c85-730e4ea86361', 'usr_282');
INSERT INTO trabalho.log_acesso VALUES ('log_282_5_2', 'c58b280a-56d4-4ad8-8c85-730e4ea86361', 'usr_282');
INSERT INTO trabalho.log_acesso VALUES ('log_282_6_2', 'c58b280a-56d4-4ad8-8c85-730e4ea86361', 'usr_282');
INSERT INTO trabalho.usuario VALUES ('usr_283', '283_Rebeca.Santos48@live.com', 'Rebeca Santos', 'female', 30, trabalho.hashPassword('Password123'), 'Nicarágua');
INSERT INTO trabalho.usuario_esta_inscrito_no_podcast VALUES (4, 'f8e13774-d631-4f34-93f0-2f5d55590265', 'usr_283');
INSERT INTO trabalho.comentarios_podcast_usuario VALUES ('comment_283_0_0', 'Et officia sunt maiores voluptas sequi exercitationem qui quia animi.', 'f8e13774-d631-4f34-93f0-2f5d55590265', 'usr_283');
INSERT INTO trabalho.comentarios_podcast_usuario VALUES ('comment_283_1_0', 'Voluptate id asperiores quae amet.', 'f8e13774-d631-4f34-93f0-2f5d55590265', 'usr_283');
INSERT INTO trabalho.log_acesso VALUES ('log_283_0_0', 'f8e13774-d631-4f34-93f0-2f5d55590265', 'usr_283');
INSERT INTO trabalho.log_acesso VALUES ('log_283_1_0', 'f8e13774-d631-4f34-93f0-2f5d55590265', 'usr_283');
INSERT INTO trabalho.usuario_esta_inscrito_no_podcast VALUES (2, '7e429e8e-7669-403d-bb78-3cd7f9f75afd', 'usr_283');
INSERT INTO trabalho.comentarios_podcast_usuario VALUES ('comment_283_0_1', 'Ipsum omnis excepturi incidunt dolore architecto autem.', '7e429e8e-7669-403d-bb78-3cd7f9f75afd', 'usr_283');
INSERT INTO trabalho.log_acesso VALUES ('log_283_0_1', '7e429e8e-7669-403d-bb78-3cd7f9f75afd', 'usr_283');
INSERT INTO trabalho.log_acesso VALUES ('log_283_1_1', '7e429e8e-7669-403d-bb78-3cd7f9f75afd', 'usr_283');
INSERT INTO trabalho.log_acesso VALUES ('log_283_2_1', '7e429e8e-7669-403d-bb78-3cd7f9f75afd', 'usr_283');
INSERT INTO trabalho.usuario_esta_inscrito_no_podcast VALUES (0, '67074e68-bc2f-442b-8af2-7d328b6af6eb', 'usr_283');
INSERT INTO trabalho.comentarios_podcast_usuario VALUES ('comment_283_0_2', 'Rerum eveniet unde quisquam laboriosam et qui.', '67074e68-bc2f-442b-8af2-7d328b6af6eb', 'usr_283');
INSERT INTO trabalho.comentarios_podcast_usuario VALUES ('comment_283_1_2', 'Enim vel quam rerum magnam odio et officiis quam.', '67074e68-bc2f-442b-8af2-7d328b6af6eb', 'usr_283');
INSERT INTO trabalho.log_acesso VALUES ('log_283_0_2', '67074e68-bc2f-442b-8af2-7d328b6af6eb', 'usr_283');
INSERT INTO trabalho.log_acesso VALUES ('log_283_1_2', '67074e68-bc2f-442b-8af2-7d328b6af6eb', 'usr_283');
INSERT INTO trabalho.log_acesso VALUES ('log_283_2_2', '67074e68-bc2f-442b-8af2-7d328b6af6eb', 'usr_283');
INSERT INTO trabalho.usuario VALUES ('usr_284', '284_Elo.Melo59@gmail.com', 'Eloá Melo', 'female', 2, trabalho.hashPassword('Password123'), 'Nigéria');
INSERT INTO trabalho.usuario_esta_inscrito_no_podcast VALUES (4, '67074e68-bc2f-442b-8af2-7d328b6af6eb', 'usr_284');
INSERT INTO trabalho.comentarios_podcast_usuario VALUES ('comment_284_0_0', 'Ea quae dolor temporibus.', '67074e68-bc2f-442b-8af2-7d328b6af6eb', 'usr_284');
INSERT INTO trabalho.comentarios_podcast_usuario VALUES ('comment_284_1_0', 'Nostrum eaque ut porro nobis eum vitae in.', '67074e68-bc2f-442b-8af2-7d328b6af6eb', 'usr_284');
INSERT INTO trabalho.comentarios_podcast_usuario VALUES ('comment_284_2_0', 'Aut temporibus quam laboriosam ab voluptatibus et odio.', '67074e68-bc2f-442b-8af2-7d328b6af6eb', 'usr_284');
INSERT INTO trabalho.comentarios_podcast_usuario VALUES ('comment_284_3_0', 'Ipsam repellat consequuntur et esse.', '67074e68-bc2f-442b-8af2-7d328b6af6eb', 'usr_284');
INSERT INTO trabalho.log_acesso VALUES ('log_284_0_0', '67074e68-bc2f-442b-8af2-7d328b6af6eb', 'usr_284');
INSERT INTO trabalho.log_acesso VALUES ('log_284_1_0', '67074e68-bc2f-442b-8af2-7d328b6af6eb', 'usr_284');
INSERT INTO trabalho.log_acesso VALUES ('log_284_2_0', '67074e68-bc2f-442b-8af2-7d328b6af6eb', 'usr_284');
INSERT INTO trabalho.log_acesso VALUES ('log_284_3_0', '67074e68-bc2f-442b-8af2-7d328b6af6eb', 'usr_284');
INSERT INTO trabalho.usuario_esta_inscrito_no_podcast VALUES (0, 'af46a958-b921-47b6-9f87-5c4fdc68ea79', 'usr_284');
INSERT INTO trabalho.comentarios_podcast_usuario VALUES ('comment_284_0_1', 'Unde voluptatem repudiandae et iste tempora suscipit optio ad.', 'af46a958-b921-47b6-9f87-5c4fdc68ea79', 'usr_284');
INSERT INTO trabalho.comentarios_podcast_usuario VALUES ('comment_284_1_1', 'Dolore sed aliquid iste eius dolorem id.', 'af46a958-b921-47b6-9f87-5c4fdc68ea79', 'usr_284');
INSERT INTO trabalho.comentarios_podcast_usuario VALUES ('comment_284_2_1', 'Sit maxime debitis nihil quisquam.', 'af46a958-b921-47b6-9f87-5c4fdc68ea79', 'usr_284');
INSERT INTO trabalho.comentarios_podcast_usuario VALUES ('comment_284_3_1', 'Quo est corporis veritatis.', 'af46a958-b921-47b6-9f87-5c4fdc68ea79', 'usr_284');
INSERT INTO trabalho.log_acesso VALUES ('log_284_0_1', 'af46a958-b921-47b6-9f87-5c4fdc68ea79', 'usr_284');
INSERT INTO trabalho.log_acesso VALUES ('log_284_1_1', 'af46a958-b921-47b6-9f87-5c4fdc68ea79', 'usr_284');
INSERT INTO trabalho.log_acesso VALUES ('log_284_2_1', 'af46a958-b921-47b6-9f87-5c4fdc68ea79', 'usr_284');
INSERT INTO trabalho.log_acesso VALUES ('log_284_3_1', 'af46a958-b921-47b6-9f87-5c4fdc68ea79', 'usr_284');
INSERT INTO trabalho.usuario_esta_inscrito_no_podcast VALUES (5, 'b553d865-8fe2-47de-9a30-10e1dea3bd1d', 'usr_284');
INSERT INTO trabalho.comentarios_podcast_usuario VALUES ('comment_284_0_2', 'Quis totam eaque impedit et rerum non culpa ratione unde.', 'b553d865-8fe2-47de-9a30-10e1dea3bd1d', 'usr_284');
INSERT INTO trabalho.comentarios_podcast_usuario VALUES ('comment_284_1_2', 'Natus reiciendis quidem qui.', 'b553d865-8fe2-47de-9a30-10e1dea3bd1d', 'usr_284');
INSERT INTO trabalho.comentarios_podcast_usuario VALUES ('comment_284_2_2', 'Id perspiciatis impedit optio rerum qui omnis.', 'b553d865-8fe2-47de-9a30-10e1dea3bd1d', 'usr_284');
INSERT INTO trabalho.log_acesso VALUES ('log_284_0_2', 'b553d865-8fe2-47de-9a30-10e1dea3bd1d', 'usr_284');
INSERT INTO trabalho.log_acesso VALUES ('log_284_1_2', 'b553d865-8fe2-47de-9a30-10e1dea3bd1d', 'usr_284');
INSERT INTO trabalho.usuario VALUES ('usr_285', '285_Guilherme79@gmail.com', 'Guilherme Braga', 'male', 2, trabalho.hashPassword('Password123'), 'Cuba');
INSERT INTO trabalho.usuario_esta_inscrito_no_podcast VALUES (4, 'af46a958-b921-47b6-9f87-5c4fdc68ea79', 'usr_285');
INSERT INTO trabalho.comentarios_podcast_usuario VALUES ('comment_285_0_0', 'Omnis repudiandae sint animi.', 'af46a958-b921-47b6-9f87-5c4fdc68ea79', 'usr_285');
INSERT INTO trabalho.comentarios_podcast_usuario VALUES ('comment_285_1_0', 'Qui sit sint.', 'af46a958-b921-47b6-9f87-5c4fdc68ea79', 'usr_285');
INSERT INTO trabalho.log_acesso VALUES ('log_285_0_0', 'af46a958-b921-47b6-9f87-5c4fdc68ea79', 'usr_285');
INSERT INTO trabalho.log_acesso VALUES ('log_285_1_0', 'af46a958-b921-47b6-9f87-5c4fdc68ea79', 'usr_285');
INSERT INTO trabalho.log_acesso VALUES ('log_285_2_0', 'af46a958-b921-47b6-9f87-5c4fdc68ea79', 'usr_285');
INSERT INTO trabalho.usuario_esta_inscrito_no_podcast VALUES (0, 'c58b280a-56d4-4ad8-8c85-730e4ea86361', 'usr_285');
INSERT INTO trabalho.comentarios_podcast_usuario VALUES ('comment_285_0_1', 'Sequi ut velit animi fugiat earum blanditiis sed consequatur culpa.', 'c58b280a-56d4-4ad8-8c85-730e4ea86361', 'usr_285');
INSERT INTO trabalho.comentarios_podcast_usuario VALUES ('comment_285_1_1', 'Vel rem at voluptas ut.', 'c58b280a-56d4-4ad8-8c85-730e4ea86361', 'usr_285');
INSERT INTO trabalho.comentarios_podcast_usuario VALUES ('comment_285_2_1', 'Ex voluptatem impedit corporis qui est ipsum.', 'c58b280a-56d4-4ad8-8c85-730e4ea86361', 'usr_285');
INSERT INTO trabalho.comentarios_podcast_usuario VALUES ('comment_285_3_1', 'Corporis consectetur qui error distinctio.', 'c58b280a-56d4-4ad8-8c85-730e4ea86361', 'usr_285');
INSERT INTO trabalho.log_acesso VALUES ('log_285_0_1', 'c58b280a-56d4-4ad8-8c85-730e4ea86361', 'usr_285');
INSERT INTO trabalho.usuario_esta_inscrito_no_podcast VALUES (4, 'de2f0ddb-9903-436a-a5e2-54224254c818', 'usr_285');
INSERT INTO trabalho.comentarios_podcast_usuario VALUES ('comment_285_0_2', 'Inventore impedit id officia animi veniam consequatur.', 'de2f0ddb-9903-436a-a5e2-54224254c818', 'usr_285');
INSERT INTO trabalho.comentarios_podcast_usuario VALUES ('comment_285_1_2', 'Et et qui voluptas sunt amet ut praesentium tenetur voluptas.', 'de2f0ddb-9903-436a-a5e2-54224254c818', 'usr_285');
INSERT INTO trabalho.comentarios_podcast_usuario VALUES ('comment_285_2_2', 'Dignissimos qui accusantium.', 'de2f0ddb-9903-436a-a5e2-54224254c818', 'usr_285');
INSERT INTO trabalho.comentarios_podcast_usuario VALUES ('comment_285_3_2', 'In ex atque quis.', 'de2f0ddb-9903-436a-a5e2-54224254c818', 'usr_285');
INSERT INTO trabalho.log_acesso VALUES ('log_285_0_2', 'de2f0ddb-9903-436a-a5e2-54224254c818', 'usr_285');
INSERT INTO trabalho.log_acesso VALUES ('log_285_1_2', 'de2f0ddb-9903-436a-a5e2-54224254c818', 'usr_285');
INSERT INTO trabalho.log_acesso VALUES ('log_285_2_2', 'de2f0ddb-9903-436a-a5e2-54224254c818', 'usr_285');
INSERT INTO trabalho.log_acesso VALUES ('log_285_3_2', 'de2f0ddb-9903-436a-a5e2-54224254c818', 'usr_285');
INSERT INTO trabalho.usuario VALUES ('usr_286', '286_Liz.Batista70@hotmail.com', 'Liz Batista', 'female', 55, trabalho.hashPassword('Password123'), 'Malawi');
INSERT INTO trabalho.usuario_esta_inscrito_no_podcast VALUES (2, 'f0166bd2-8e4d-4308-b5d7-0b3d627c5dc5', 'usr_286');
INSERT INTO trabalho.comentarios_podcast_usuario VALUES ('comment_286_0_0', 'Et impedit veritatis cumque debitis aliquam.', 'f0166bd2-8e4d-4308-b5d7-0b3d627c5dc5', 'usr_286');
INSERT INTO trabalho.comentarios_podcast_usuario VALUES ('comment_286_1_0', 'Veniam aut facere praesentium placeat facilis.', 'f0166bd2-8e4d-4308-b5d7-0b3d627c5dc5', 'usr_286');
INSERT INTO trabalho.comentarios_podcast_usuario VALUES ('comment_286_2_0', 'Fugit voluptatem harum.', 'f0166bd2-8e4d-4308-b5d7-0b3d627c5dc5', 'usr_286');
INSERT INTO trabalho.log_acesso VALUES ('log_286_0_0', 'f0166bd2-8e4d-4308-b5d7-0b3d627c5dc5', 'usr_286');
INSERT INTO trabalho.log_acesso VALUES ('log_286_1_0', 'f0166bd2-8e4d-4308-b5d7-0b3d627c5dc5', 'usr_286');
INSERT INTO trabalho.log_acesso VALUES ('log_286_2_0', 'f0166bd2-8e4d-4308-b5d7-0b3d627c5dc5', 'usr_286');
INSERT INTO trabalho.usuario_esta_inscrito_no_podcast VALUES (0, '7e429e8e-7669-403d-bb78-3cd7f9f75afd', 'usr_286');
INSERT INTO trabalho.comentarios_podcast_usuario VALUES ('comment_286_0_1', 'Molestias laborum et voluptatum porro.', '7e429e8e-7669-403d-bb78-3cd7f9f75afd', 'usr_286');
INSERT INTO trabalho.comentarios_podcast_usuario VALUES ('comment_286_1_1', 'Aliquid quidem in autem eos.', '7e429e8e-7669-403d-bb78-3cd7f9f75afd', 'usr_286');
INSERT INTO trabalho.comentarios_podcast_usuario VALUES ('comment_286_2_1', 'Iste inventore error quod voluptatum minima.', '7e429e8e-7669-403d-bb78-3cd7f9f75afd', 'usr_286');
INSERT INTO trabalho.comentarios_podcast_usuario VALUES ('comment_286_3_1', 'Unde unde deleniti sunt sit sed placeat et non tempore.', '7e429e8e-7669-403d-bb78-3cd7f9f75afd', 'usr_286');
INSERT INTO trabalho.comentarios_podcast_usuario VALUES ('comment_286_4_1', 'Voluptatem et sit architecto et quasi optio maiores ut.', '7e429e8e-7669-403d-bb78-3cd7f9f75afd', 'usr_286');
INSERT INTO trabalho.log_acesso VALUES ('log_286_0_1', '7e429e8e-7669-403d-bb78-3cd7f9f75afd', 'usr_286');
INSERT INTO trabalho.log_acesso VALUES ('log_286_1_1', '7e429e8e-7669-403d-bb78-3cd7f9f75afd', 'usr_286');
INSERT INTO trabalho.log_acesso VALUES ('log_286_2_1', '7e429e8e-7669-403d-bb78-3cd7f9f75afd', 'usr_286');
INSERT INTO trabalho.usuario_esta_inscrito_no_podcast VALUES (5, 'f1b92ce7-47a7-43cd-8586-4a09185cdd05', 'usr_286');
INSERT INTO trabalho.comentarios_podcast_usuario VALUES ('comment_286_0_2', 'Recusandae fugit vitae eligendi perferendis qui omnis voluptatem facilis ipsum.', 'f1b92ce7-47a7-43cd-8586-4a09185cdd05', 'usr_286');
INSERT INTO trabalho.comentarios_podcast_usuario VALUES ('comment_286_1_2', 'Laboriosam necessitatibus rerum sed ut.', 'f1b92ce7-47a7-43cd-8586-4a09185cdd05', 'usr_286');
INSERT INTO trabalho.comentarios_podcast_usuario VALUES ('comment_286_2_2', 'Reprehenderit dolores porro suscipit voluptatem.', 'f1b92ce7-47a7-43cd-8586-4a09185cdd05', 'usr_286');
INSERT INTO trabalho.log_acesso VALUES ('log_286_0_2', 'f1b92ce7-47a7-43cd-8586-4a09185cdd05', 'usr_286');
INSERT INTO trabalho.log_acesso VALUES ('log_286_1_2', 'f1b92ce7-47a7-43cd-8586-4a09185cdd05', 'usr_286');
INSERT INTO trabalho.log_acesso VALUES ('log_286_2_2', 'f1b92ce7-47a7-43cd-8586-4a09185cdd05', 'usr_286');
INSERT INTO trabalho.log_acesso VALUES ('log_286_3_2', 'f1b92ce7-47a7-43cd-8586-4a09185cdd05', 'usr_286');
INSERT INTO trabalho.log_acesso VALUES ('log_286_4_2', 'f1b92ce7-47a7-43cd-8586-4a09185cdd05', 'usr_286');
INSERT INTO trabalho.usuario VALUES ('usr_287', '287_Helosa_Melo@gmail.com', 'Heloísa Melo', 'female', 27, trabalho.hashPassword('Password123'), 'Etiópia');
INSERT INTO trabalho.usuario_esta_inscrito_no_podcast VALUES (0, 'f1b92ce7-47a7-43cd-8586-4a09185cdd05', 'usr_287');
INSERT INTO trabalho.comentarios_podcast_usuario VALUES ('comment_287_0_0', 'Cupiditate temporibus a eligendi qui rem aut qui.', 'f1b92ce7-47a7-43cd-8586-4a09185cdd05', 'usr_287');
INSERT INTO trabalho.comentarios_podcast_usuario VALUES ('comment_287_1_0', 'Facere nostrum temporibus sint asperiores molestiae et.', 'f1b92ce7-47a7-43cd-8586-4a09185cdd05', 'usr_287');
INSERT INTO trabalho.log_acesso VALUES ('log_287_0_0', 'f1b92ce7-47a7-43cd-8586-4a09185cdd05', 'usr_287');
INSERT INTO trabalho.log_acesso VALUES ('log_287_1_0', 'f1b92ce7-47a7-43cd-8586-4a09185cdd05', 'usr_287');
INSERT INTO trabalho.log_acesso VALUES ('log_287_2_0', 'f1b92ce7-47a7-43cd-8586-4a09185cdd05', 'usr_287');
INSERT INTO trabalho.log_acesso VALUES ('log_287_3_0', 'f1b92ce7-47a7-43cd-8586-4a09185cdd05', 'usr_287');
INSERT INTO trabalho.log_acesso VALUES ('log_287_4_0', 'f1b92ce7-47a7-43cd-8586-4a09185cdd05', 'usr_287');
INSERT INTO trabalho.usuario_esta_inscrito_no_podcast VALUES (5, 'f0166bd2-8e4d-4308-b5d7-0b3d627c5dc5', 'usr_287');
INSERT INTO trabalho.comentarios_podcast_usuario VALUES ('comment_287_0_1', 'Velit incidunt voluptas numquam quam animi.', 'f0166bd2-8e4d-4308-b5d7-0b3d627c5dc5', 'usr_287');
INSERT INTO trabalho.comentarios_podcast_usuario VALUES ('comment_287_1_1', 'Autem ipsam et.', 'f0166bd2-8e4d-4308-b5d7-0b3d627c5dc5', 'usr_287');
INSERT INTO trabalho.comentarios_podcast_usuario VALUES ('comment_287_2_1', 'Rem perferendis quam voluptatem labore accusantium ex.', 'f0166bd2-8e4d-4308-b5d7-0b3d627c5dc5', 'usr_287');
INSERT INTO trabalho.comentarios_podcast_usuario VALUES ('comment_287_3_1', 'Itaque expedita velit incidunt deleniti cumque porro rem est quaerat.', 'f0166bd2-8e4d-4308-b5d7-0b3d627c5dc5', 'usr_287');
INSERT INTO trabalho.comentarios_podcast_usuario VALUES ('comment_287_4_1', 'Blanditiis sed quia autem dolorem enim nihil id veniam adipisci.', 'f0166bd2-8e4d-4308-b5d7-0b3d627c5dc5', 'usr_287');
INSERT INTO trabalho.comentarios_podcast_usuario VALUES ('comment_287_5_1', 'Quia eveniet consequuntur voluptas temporibus similique est ad rerum asperiores.', 'f0166bd2-8e4d-4308-b5d7-0b3d627c5dc5', 'usr_287');
INSERT INTO trabalho.log_acesso VALUES ('log_287_0_1', 'f0166bd2-8e4d-4308-b5d7-0b3d627c5dc5', 'usr_287');
INSERT INTO trabalho.log_acesso VALUES ('log_287_1_1', 'f0166bd2-8e4d-4308-b5d7-0b3d627c5dc5', 'usr_287');
INSERT INTO trabalho.usuario_esta_inscrito_no_podcast VALUES (2, '5bdf7377-8330-4f9f-8efd-e95301c122ce', 'usr_287');
INSERT INTO trabalho.comentarios_podcast_usuario VALUES ('comment_287_0_2', 'Id vero culpa ipsum error quibusdam et voluptas totam nihil.', '5bdf7377-8330-4f9f-8efd-e95301c122ce', 'usr_287');
INSERT INTO trabalho.comentarios_podcast_usuario VALUES ('comment_287_1_2', 'Quam asperiores earum sequi id necessitatibus amet ipsa.', '5bdf7377-8330-4f9f-8efd-e95301c122ce', 'usr_287');
INSERT INTO trabalho.log_acesso VALUES ('log_287_0_2', '5bdf7377-8330-4f9f-8efd-e95301c122ce', 'usr_287');
INSERT INTO trabalho.log_acesso VALUES ('log_287_1_2', '5bdf7377-8330-4f9f-8efd-e95301c122ce', 'usr_287');
INSERT INTO trabalho.usuario VALUES ('usr_288', '288_gor.Saraiva75@hotmail.com', 'Ígor Saraiva', 'male', 28, trabalho.hashPassword('Password123'), 'Angola');
INSERT INTO trabalho.usuario_esta_inscrito_no_podcast VALUES (0, '67074e68-bc2f-442b-8af2-7d328b6af6eb', 'usr_288');
INSERT INTO trabalho.comentarios_podcast_usuario VALUES ('comment_288_0_0', 'Hic facere rerum ut.', '67074e68-bc2f-442b-8af2-7d328b6af6eb', 'usr_288');
INSERT INTO trabalho.log_acesso VALUES ('log_288_0_0', '67074e68-bc2f-442b-8af2-7d328b6af6eb', 'usr_288');
INSERT INTO trabalho.log_acesso VALUES ('log_288_1_0', '67074e68-bc2f-442b-8af2-7d328b6af6eb', 'usr_288');
INSERT INTO trabalho.log_acesso VALUES ('log_288_2_0', '67074e68-bc2f-442b-8af2-7d328b6af6eb', 'usr_288');
INSERT INTO trabalho.log_acesso VALUES ('log_288_3_0', '67074e68-bc2f-442b-8af2-7d328b6af6eb', 'usr_288');
INSERT INTO trabalho.log_acesso VALUES ('log_288_4_0', '67074e68-bc2f-442b-8af2-7d328b6af6eb', 'usr_288');
INSERT INTO trabalho.log_acesso VALUES ('log_288_5_0', '67074e68-bc2f-442b-8af2-7d328b6af6eb', 'usr_288');
INSERT INTO trabalho.usuario_esta_inscrito_no_podcast VALUES (4, 'de2f0ddb-9903-436a-a5e2-54224254c818', 'usr_288');
INSERT INTO trabalho.comentarios_podcast_usuario VALUES ('comment_288_0_1', 'Ullam fuga voluptas autem nostrum quas consectetur adipisci veniam error.', 'de2f0ddb-9903-436a-a5e2-54224254c818', 'usr_288');
INSERT INTO trabalho.comentarios_podcast_usuario VALUES ('comment_288_1_1', 'Dolor dolore quidem laborum sint et architecto.', 'de2f0ddb-9903-436a-a5e2-54224254c818', 'usr_288');
INSERT INTO trabalho.comentarios_podcast_usuario VALUES ('comment_288_2_1', 'In ut ratione qui nam et.', 'de2f0ddb-9903-436a-a5e2-54224254c818', 'usr_288');
INSERT INTO trabalho.comentarios_podcast_usuario VALUES ('comment_288_3_1', 'Facere sed voluptas iusto porro ut laboriosam et nesciunt.', 'de2f0ddb-9903-436a-a5e2-54224254c818', 'usr_288');
INSERT INTO trabalho.log_acesso VALUES ('log_288_0_1', 'de2f0ddb-9903-436a-a5e2-54224254c818', 'usr_288');
INSERT INTO trabalho.log_acesso VALUES ('log_288_1_1', 'de2f0ddb-9903-436a-a5e2-54224254c818', 'usr_288');
INSERT INTO trabalho.log_acesso VALUES ('log_288_2_1', 'de2f0ddb-9903-436a-a5e2-54224254c818', 'usr_288');
INSERT INTO trabalho.usuario_esta_inscrito_no_podcast VALUES (3, 'f8e13774-d631-4f34-93f0-2f5d55590265', 'usr_288');
INSERT INTO trabalho.comentarios_podcast_usuario VALUES ('comment_288_0_2', 'Et ut quibusdam eaque eum aut earum nostrum iusto.', 'f8e13774-d631-4f34-93f0-2f5d55590265', 'usr_288');
INSERT INTO trabalho.log_acesso VALUES ('log_288_0_2', 'f8e13774-d631-4f34-93f0-2f5d55590265', 'usr_288');
INSERT INTO trabalho.log_acesso VALUES ('log_288_1_2', 'f8e13774-d631-4f34-93f0-2f5d55590265', 'usr_288');
INSERT INTO trabalho.log_acesso VALUES ('log_288_2_2', 'f8e13774-d631-4f34-93f0-2f5d55590265', 'usr_288');
INSERT INTO trabalho.log_acesso VALUES ('log_288_3_2', 'f8e13774-d631-4f34-93f0-2f5d55590265', 'usr_288');
INSERT INTO trabalho.log_acesso VALUES ('log_288_4_2', 'f8e13774-d631-4f34-93f0-2f5d55590265', 'usr_288');
INSERT INTO trabalho.log_acesso VALUES ('log_288_5_2', 'f8e13774-d631-4f34-93f0-2f5d55590265', 'usr_288');
INSERT INTO trabalho.log_acesso VALUES ('log_288_6_2', 'f8e13774-d631-4f34-93f0-2f5d55590265', 'usr_288');
INSERT INTO trabalho.log_acesso VALUES ('log_288_7_2', 'f8e13774-d631-4f34-93f0-2f5d55590265', 'usr_288');
INSERT INTO trabalho.usuario VALUES ('usr_289', '289_Dalila_Pereira98@bol.com.br', 'Dalila Pereira', 'female', 15, trabalho.hashPassword('Password123'), 'São Bartolomeu');
INSERT INTO trabalho.usuario_esta_inscrito_no_podcast VALUES (4, 'f0166bd2-8e4d-4308-b5d7-0b3d627c5dc5', 'usr_289');
INSERT INTO trabalho.comentarios_podcast_usuario VALUES ('comment_289_0_0', 'Voluptas consequatur maiores vero.', 'f0166bd2-8e4d-4308-b5d7-0b3d627c5dc5', 'usr_289');
INSERT INTO trabalho.comentarios_podcast_usuario VALUES ('comment_289_1_0', 'Velit excepturi sunt explicabo dolorum consequatur aperiam voluptatem.', 'f0166bd2-8e4d-4308-b5d7-0b3d627c5dc5', 'usr_289');
INSERT INTO trabalho.comentarios_podcast_usuario VALUES ('comment_289_2_0', 'Eos nihil dignissimos.', 'f0166bd2-8e4d-4308-b5d7-0b3d627c5dc5', 'usr_289');
INSERT INTO trabalho.comentarios_podcast_usuario VALUES ('comment_289_3_0', 'Molestias dolores facilis ipsam debitis saepe.', 'f0166bd2-8e4d-4308-b5d7-0b3d627c5dc5', 'usr_289');
INSERT INTO trabalho.comentarios_podcast_usuario VALUES ('comment_289_4_0', 'Nihil vero et ut asperiores debitis nemo ut et et.', 'f0166bd2-8e4d-4308-b5d7-0b3d627c5dc5', 'usr_289');
INSERT INTO trabalho.log_acesso VALUES ('log_289_0_0', 'f0166bd2-8e4d-4308-b5d7-0b3d627c5dc5', 'usr_289');
INSERT INTO trabalho.log_acesso VALUES ('log_289_1_0', 'f0166bd2-8e4d-4308-b5d7-0b3d627c5dc5', 'usr_289');
INSERT INTO trabalho.usuario_esta_inscrito_no_podcast VALUES (1, '5bdf7377-8330-4f9f-8efd-e95301c122ce', 'usr_289');
INSERT INTO trabalho.comentarios_podcast_usuario VALUES ('comment_289_0_1', 'Nisi omnis aut aspernatur.', '5bdf7377-8330-4f9f-8efd-e95301c122ce', 'usr_289');
INSERT INTO trabalho.comentarios_podcast_usuario VALUES ('comment_289_1_1', 'Voluptatum fuga dolor et voluptatem ipsa dolor consequuntur.', '5bdf7377-8330-4f9f-8efd-e95301c122ce', 'usr_289');
INSERT INTO trabalho.comentarios_podcast_usuario VALUES ('comment_289_2_1', 'Amet sunt sunt vel suscipit eum laborum.', '5bdf7377-8330-4f9f-8efd-e95301c122ce', 'usr_289');
INSERT INTO trabalho.log_acesso VALUES ('log_289_0_1', '5bdf7377-8330-4f9f-8efd-e95301c122ce', 'usr_289');
INSERT INTO trabalho.log_acesso VALUES ('log_289_1_1', '5bdf7377-8330-4f9f-8efd-e95301c122ce', 'usr_289');
INSERT INTO trabalho.usuario_esta_inscrito_no_podcast VALUES (4, '168c1536-4c42-4b8f-8c77-f06affefec6a', 'usr_289');
INSERT INTO trabalho.comentarios_podcast_usuario VALUES ('comment_289_0_2', 'Sed quidem ab autem.', '168c1536-4c42-4b8f-8c77-f06affefec6a', 'usr_289');
INSERT INTO trabalho.log_acesso VALUES ('log_289_0_2', '168c1536-4c42-4b8f-8c77-f06affefec6a', 'usr_289');
INSERT INTO trabalho.log_acesso VALUES ('log_289_1_2', '168c1536-4c42-4b8f-8c77-f06affefec6a', 'usr_289');
INSERT INTO trabalho.log_acesso VALUES ('log_289_2_2', '168c1536-4c42-4b8f-8c77-f06affefec6a', 'usr_289');
INSERT INTO trabalho.log_acesso VALUES ('log_289_3_2', '168c1536-4c42-4b8f-8c77-f06affefec6a', 'usr_289');
INSERT INTO trabalho.usuario VALUES ('usr_290', '290_Felipe_Oliveira11@bol.com.br', 'Felipe Oliveira', 'male', 42, trabalho.hashPassword('Password123'), 'Taiwan');
INSERT INTO trabalho.usuario_esta_inscrito_no_podcast VALUES (1, '5bdf7377-8330-4f9f-8efd-e95301c122ce', 'usr_290');
INSERT INTO trabalho.comentarios_podcast_usuario VALUES ('comment_290_0_0', 'Quia qui optio perspiciatis molestiae aliquid.', '5bdf7377-8330-4f9f-8efd-e95301c122ce', 'usr_290');
INSERT INTO trabalho.log_acesso VALUES ('log_290_0_0', '5bdf7377-8330-4f9f-8efd-e95301c122ce', 'usr_290');
INSERT INTO trabalho.log_acesso VALUES ('log_290_1_0', '5bdf7377-8330-4f9f-8efd-e95301c122ce', 'usr_290');
INSERT INTO trabalho.usuario_esta_inscrito_no_podcast VALUES (4, 'c58b280a-56d4-4ad8-8c85-730e4ea86361', 'usr_290');
INSERT INTO trabalho.comentarios_podcast_usuario VALUES ('comment_290_0_1', 'Quas et perferendis sapiente vitae quas eos.', 'c58b280a-56d4-4ad8-8c85-730e4ea86361', 'usr_290');
INSERT INTO trabalho.comentarios_podcast_usuario VALUES ('comment_290_1_1', 'Consequatur laborum tempore enim provident tempora aspernatur omnis est.', 'c58b280a-56d4-4ad8-8c85-730e4ea86361', 'usr_290');
INSERT INTO trabalho.comentarios_podcast_usuario VALUES ('comment_290_2_1', 'Et dolores est.', 'c58b280a-56d4-4ad8-8c85-730e4ea86361', 'usr_290');
INSERT INTO trabalho.log_acesso VALUES ('log_290_0_1', 'c58b280a-56d4-4ad8-8c85-730e4ea86361', 'usr_290');
INSERT INTO trabalho.log_acesso VALUES ('log_290_1_1', 'c58b280a-56d4-4ad8-8c85-730e4ea86361', 'usr_290');
INSERT INTO trabalho.log_acesso VALUES ('log_290_2_1', 'c58b280a-56d4-4ad8-8c85-730e4ea86361', 'usr_290');
INSERT INTO trabalho.usuario_esta_inscrito_no_podcast VALUES (3, '219328a1-cec6-4e8c-b003-52a3ec9766bb', 'usr_290');
INSERT INTO trabalho.comentarios_podcast_usuario VALUES ('comment_290_0_2', 'Dolorem ea soluta esse similique iste eveniet.', '219328a1-cec6-4e8c-b003-52a3ec9766bb', 'usr_290');
INSERT INTO trabalho.log_acesso VALUES ('log_290_0_2', '219328a1-cec6-4e8c-b003-52a3ec9766bb', 'usr_290');
INSERT INTO trabalho.log_acesso VALUES ('log_290_1_2', '219328a1-cec6-4e8c-b003-52a3ec9766bb', 'usr_290');
INSERT INTO trabalho.log_acesso VALUES ('log_290_2_2', '219328a1-cec6-4e8c-b003-52a3ec9766bb', 'usr_290');
INSERT INTO trabalho.usuario VALUES ('usr_291', '291_MariaJlia67@live.com', 'Maria Júlia Moraes', 'female', 49, trabalho.hashPassword('Password123'), 'Bulgária');
INSERT INTO trabalho.usuario_esta_inscrito_no_podcast VALUES (2, '168c1536-4c42-4b8f-8c77-f06affefec6a', 'usr_291');
INSERT INTO trabalho.comentarios_podcast_usuario VALUES ('comment_291_0_0', 'Et qui necessitatibus saepe ut velit.', '168c1536-4c42-4b8f-8c77-f06affefec6a', 'usr_291');
INSERT INTO trabalho.log_acesso VALUES ('log_291_0_0', '168c1536-4c42-4b8f-8c77-f06affefec6a', 'usr_291');
INSERT INTO trabalho.log_acesso VALUES ('log_291_1_0', '168c1536-4c42-4b8f-8c77-f06affefec6a', 'usr_291');
INSERT INTO trabalho.log_acesso VALUES ('log_291_2_0', '168c1536-4c42-4b8f-8c77-f06affefec6a', 'usr_291');
INSERT INTO trabalho.log_acesso VALUES ('log_291_3_0', '168c1536-4c42-4b8f-8c77-f06affefec6a', 'usr_291');
INSERT INTO trabalho.usuario_esta_inscrito_no_podcast VALUES (3, '5bdf7377-8330-4f9f-8efd-e95301c122ce', 'usr_291');
INSERT INTO trabalho.comentarios_podcast_usuario VALUES ('comment_291_0_1', 'At illum voluptate quibusdam sed maiores fugit aut id.', '5bdf7377-8330-4f9f-8efd-e95301c122ce', 'usr_291');
INSERT INTO trabalho.comentarios_podcast_usuario VALUES ('comment_291_1_1', 'Velit non earum nobis atque necessitatibus.', '5bdf7377-8330-4f9f-8efd-e95301c122ce', 'usr_291');
INSERT INTO trabalho.comentarios_podcast_usuario VALUES ('comment_291_2_1', 'Nesciunt quis quo voluptatem numquam aut labore sit ut.', '5bdf7377-8330-4f9f-8efd-e95301c122ce', 'usr_291');
INSERT INTO trabalho.comentarios_podcast_usuario VALUES ('comment_291_3_1', 'Ut ea eligendi sint.', '5bdf7377-8330-4f9f-8efd-e95301c122ce', 'usr_291');
INSERT INTO trabalho.comentarios_podcast_usuario VALUES ('comment_291_4_1', 'Facilis corrupti praesentium temporibus qui voluptatem.', '5bdf7377-8330-4f9f-8efd-e95301c122ce', 'usr_291');
INSERT INTO trabalho.log_acesso VALUES ('log_291_0_1', '5bdf7377-8330-4f9f-8efd-e95301c122ce', 'usr_291');
INSERT INTO trabalho.log_acesso VALUES ('log_291_1_1', '5bdf7377-8330-4f9f-8efd-e95301c122ce', 'usr_291');
INSERT INTO trabalho.log_acesso VALUES ('log_291_2_1', '5bdf7377-8330-4f9f-8efd-e95301c122ce', 'usr_291');
INSERT INTO trabalho.usuario_esta_inscrito_no_podcast VALUES (5, 'af46a958-b921-47b6-9f87-5c4fdc68ea79', 'usr_291');
INSERT INTO trabalho.comentarios_podcast_usuario VALUES ('comment_291_0_2', 'Ipsa optio necessitatibus alias in tenetur facilis et.', 'af46a958-b921-47b6-9f87-5c4fdc68ea79', 'usr_291');
INSERT INTO trabalho.comentarios_podcast_usuario VALUES ('comment_291_1_2', 'Iure assumenda in.', 'af46a958-b921-47b6-9f87-5c4fdc68ea79', 'usr_291');
INSERT INTO trabalho.comentarios_podcast_usuario VALUES ('comment_291_2_2', 'Perspiciatis repudiandae nam rerum nostrum.', 'af46a958-b921-47b6-9f87-5c4fdc68ea79', 'usr_291');
INSERT INTO trabalho.log_acesso VALUES ('log_291_0_2', 'af46a958-b921-47b6-9f87-5c4fdc68ea79', 'usr_291');
INSERT INTO trabalho.log_acesso VALUES ('log_291_1_2', 'af46a958-b921-47b6-9f87-5c4fdc68ea79', 'usr_291');
INSERT INTO trabalho.usuario VALUES ('usr_292', '292_Marcelo.Macedo72@yahoo.com', 'Marcelo Macedo', 'male', 23, trabalho.hashPassword('Password123'), 'Botsuana');
INSERT INTO trabalho.usuario_esta_inscrito_no_podcast VALUES (1, '7e429e8e-7669-403d-bb78-3cd7f9f75afd', 'usr_292');
INSERT INTO trabalho.comentarios_podcast_usuario VALUES ('comment_292_0_0', 'Iure rerum et qui aut hic commodi illum quam nesciunt.', '7e429e8e-7669-403d-bb78-3cd7f9f75afd', 'usr_292');
INSERT INTO trabalho.comentarios_podcast_usuario VALUES ('comment_292_1_0', 'Possimus necessitatibus quisquam est labore dolore.', '7e429e8e-7669-403d-bb78-3cd7f9f75afd', 'usr_292');
INSERT INTO trabalho.comentarios_podcast_usuario VALUES ('comment_292_2_0', 'Dignissimos occaecati et minima consequatur atque cumque quisquam.', '7e429e8e-7669-403d-bb78-3cd7f9f75afd', 'usr_292');
INSERT INTO trabalho.log_acesso VALUES ('log_292_0_0', '7e429e8e-7669-403d-bb78-3cd7f9f75afd', 'usr_292');
INSERT INTO trabalho.log_acesso VALUES ('log_292_1_0', '7e429e8e-7669-403d-bb78-3cd7f9f75afd', 'usr_292');
INSERT INTO trabalho.log_acesso VALUES ('log_292_2_0', '7e429e8e-7669-403d-bb78-3cd7f9f75afd', 'usr_292');
INSERT INTO trabalho.log_acesso VALUES ('log_292_3_0', '7e429e8e-7669-403d-bb78-3cd7f9f75afd', 'usr_292');
INSERT INTO trabalho.log_acesso VALUES ('log_292_4_0', '7e429e8e-7669-403d-bb78-3cd7f9f75afd', 'usr_292');
INSERT INTO trabalho.usuario_esta_inscrito_no_podcast VALUES (3, 'fa3abe16-3645-4d22-a01d-893e6f20c408', 'usr_292');
INSERT INTO trabalho.comentarios_podcast_usuario VALUES ('comment_292_0_1', 'Aliquam qui qui est eum dolor harum amet fugiat.', 'fa3abe16-3645-4d22-a01d-893e6f20c408', 'usr_292');
INSERT INTO trabalho.comentarios_podcast_usuario VALUES ('comment_292_1_1', 'Illo quibusdam repellendus.', 'fa3abe16-3645-4d22-a01d-893e6f20c408', 'usr_292');
INSERT INTO trabalho.comentarios_podcast_usuario VALUES ('comment_292_2_1', 'Placeat sit quaerat qui est adipisci iste ut perspiciatis consequatur.', 'fa3abe16-3645-4d22-a01d-893e6f20c408', 'usr_292');
INSERT INTO trabalho.comentarios_podcast_usuario VALUES ('comment_292_3_1', 'Repellat deserunt ipsum hic provident aut quia.', 'fa3abe16-3645-4d22-a01d-893e6f20c408', 'usr_292');
INSERT INTO trabalho.log_acesso VALUES ('log_292_0_1', 'fa3abe16-3645-4d22-a01d-893e6f20c408', 'usr_292');
INSERT INTO trabalho.usuario_esta_inscrito_no_podcast VALUES (1, 'f0166bd2-8e4d-4308-b5d7-0b3d627c5dc5', 'usr_292');
INSERT INTO trabalho.comentarios_podcast_usuario VALUES ('comment_292_0_2', 'Facilis corporis quas quia velit.', 'f0166bd2-8e4d-4308-b5d7-0b3d627c5dc5', 'usr_292');
INSERT INTO trabalho.comentarios_podcast_usuario VALUES ('comment_292_1_2', 'Fugiat consequatur vel ratione.', 'f0166bd2-8e4d-4308-b5d7-0b3d627c5dc5', 'usr_292');
INSERT INTO trabalho.comentarios_podcast_usuario VALUES ('comment_292_2_2', 'Pariatur voluptatum illum earum rerum est tenetur mollitia.', 'f0166bd2-8e4d-4308-b5d7-0b3d627c5dc5', 'usr_292');
INSERT INTO trabalho.log_acesso VALUES ('log_292_0_2', 'f0166bd2-8e4d-4308-b5d7-0b3d627c5dc5', 'usr_292');
INSERT INTO trabalho.log_acesso VALUES ('log_292_1_2', 'f0166bd2-8e4d-4308-b5d7-0b3d627c5dc5', 'usr_292');
INSERT INTO trabalho.usuario VALUES ('usr_293', '293_Emanuelly95@bol.com.br', 'Emanuelly Souza', 'female', 46, trabalho.hashPassword('Password123'), 'Suécia');
INSERT INTO trabalho.usuario_esta_inscrito_no_podcast VALUES (0, 'b553d865-8fe2-47de-9a30-10e1dea3bd1d', 'usr_293');
INSERT INTO trabalho.comentarios_podcast_usuario VALUES ('comment_293_0_0', 'Ut nihil est et ex.', 'b553d865-8fe2-47de-9a30-10e1dea3bd1d', 'usr_293');
INSERT INTO trabalho.comentarios_podcast_usuario VALUES ('comment_293_1_0', 'Aliquam sapiente soluta.', 'b553d865-8fe2-47de-9a30-10e1dea3bd1d', 'usr_293');
INSERT INTO trabalho.log_acesso VALUES ('log_293_0_0', 'b553d865-8fe2-47de-9a30-10e1dea3bd1d', 'usr_293');
INSERT INTO trabalho.log_acesso VALUES ('log_293_1_0', 'b553d865-8fe2-47de-9a30-10e1dea3bd1d', 'usr_293');
INSERT INTO trabalho.log_acesso VALUES ('log_293_2_0', 'b553d865-8fe2-47de-9a30-10e1dea3bd1d', 'usr_293');
INSERT INTO trabalho.log_acesso VALUES ('log_293_3_0', 'b553d865-8fe2-47de-9a30-10e1dea3bd1d', 'usr_293');
INSERT INTO trabalho.log_acesso VALUES ('log_293_4_0', 'b553d865-8fe2-47de-9a30-10e1dea3bd1d', 'usr_293');
INSERT INTO trabalho.usuario_esta_inscrito_no_podcast VALUES (5, '67074e68-bc2f-442b-8af2-7d328b6af6eb', 'usr_293');
INSERT INTO trabalho.comentarios_podcast_usuario VALUES ('comment_293_0_1', 'Architecto aut in animi aliquid eum et possimus.', '67074e68-bc2f-442b-8af2-7d328b6af6eb', 'usr_293');
INSERT INTO trabalho.comentarios_podcast_usuario VALUES ('comment_293_1_1', 'Quis voluptas aut deserunt dignissimos quis.', '67074e68-bc2f-442b-8af2-7d328b6af6eb', 'usr_293');
INSERT INTO trabalho.comentarios_podcast_usuario VALUES ('comment_293_2_1', 'Molestiae optio sint officia aperiam.', '67074e68-bc2f-442b-8af2-7d328b6af6eb', 'usr_293');
INSERT INTO trabalho.log_acesso VALUES ('log_293_0_1', '67074e68-bc2f-442b-8af2-7d328b6af6eb', 'usr_293');
INSERT INTO trabalho.log_acesso VALUES ('log_293_1_1', '67074e68-bc2f-442b-8af2-7d328b6af6eb', 'usr_293');
INSERT INTO trabalho.log_acesso VALUES ('log_293_2_1', '67074e68-bc2f-442b-8af2-7d328b6af6eb', 'usr_293');
INSERT INTO trabalho.usuario_esta_inscrito_no_podcast VALUES (2, 'fa3abe16-3645-4d22-a01d-893e6f20c408', 'usr_293');
INSERT INTO trabalho.comentarios_podcast_usuario VALUES ('comment_293_0_2', 'Et accusantium qui fugiat dignissimos nemo.', 'fa3abe16-3645-4d22-a01d-893e6f20c408', 'usr_293');
INSERT INTO trabalho.comentarios_podcast_usuario VALUES ('comment_293_1_2', 'Rerum natus omnis assumenda.', 'fa3abe16-3645-4d22-a01d-893e6f20c408', 'usr_293');
INSERT INTO trabalho.log_acesso VALUES ('log_293_0_2', 'fa3abe16-3645-4d22-a01d-893e6f20c408', 'usr_293');
INSERT INTO trabalho.log_acesso VALUES ('log_293_1_2', 'fa3abe16-3645-4d22-a01d-893e6f20c408', 'usr_293');
INSERT INTO trabalho.log_acesso VALUES ('log_293_2_2', 'fa3abe16-3645-4d22-a01d-893e6f20c408', 'usr_293');
INSERT INTO trabalho.log_acesso VALUES ('log_293_3_2', 'fa3abe16-3645-4d22-a01d-893e6f20c408', 'usr_293');
INSERT INTO trabalho.usuario VALUES ('usr_294', '294_Eduarda_Carvalho70@yahoo.com', 'Eduarda Carvalho', 'female', 52, trabalho.hashPassword('Password123'), 'Suazilândia');
INSERT INTO trabalho.usuario_esta_inscrito_no_podcast VALUES (4, '67074e68-bc2f-442b-8af2-7d328b6af6eb', 'usr_294');
INSERT INTO trabalho.comentarios_podcast_usuario VALUES ('comment_294_0_0', 'Unde id ab dolores et pariatur nisi quaerat omnis.', '67074e68-bc2f-442b-8af2-7d328b6af6eb', 'usr_294');
INSERT INTO trabalho.log_acesso VALUES ('log_294_0_0', '67074e68-bc2f-442b-8af2-7d328b6af6eb', 'usr_294');
INSERT INTO trabalho.log_acesso VALUES ('log_294_1_0', '67074e68-bc2f-442b-8af2-7d328b6af6eb', 'usr_294');
INSERT INTO trabalho.log_acesso VALUES ('log_294_2_0', '67074e68-bc2f-442b-8af2-7d328b6af6eb', 'usr_294');
INSERT INTO trabalho.usuario_esta_inscrito_no_podcast VALUES (1, 'f1b92ce7-47a7-43cd-8586-4a09185cdd05', 'usr_294');
INSERT INTO trabalho.comentarios_podcast_usuario VALUES ('comment_294_0_1', 'Enim aut id amet cum earum esse deleniti.', 'f1b92ce7-47a7-43cd-8586-4a09185cdd05', 'usr_294');
INSERT INTO trabalho.comentarios_podcast_usuario VALUES ('comment_294_1_1', 'Libero blanditiis dolorem qui sed.', 'f1b92ce7-47a7-43cd-8586-4a09185cdd05', 'usr_294');
INSERT INTO trabalho.log_acesso VALUES ('log_294_0_1', 'f1b92ce7-47a7-43cd-8586-4a09185cdd05', 'usr_294');
INSERT INTO trabalho.log_acesso VALUES ('log_294_1_1', 'f1b92ce7-47a7-43cd-8586-4a09185cdd05', 'usr_294');
INSERT INTO trabalho.log_acesso VALUES ('log_294_2_1', 'f1b92ce7-47a7-43cd-8586-4a09185cdd05', 'usr_294');
INSERT INTO trabalho.usuario_esta_inscrito_no_podcast VALUES (0, 'c58b280a-56d4-4ad8-8c85-730e4ea86361', 'usr_294');
INSERT INTO trabalho.comentarios_podcast_usuario VALUES ('comment_294_0_2', 'Nisi recusandae vitae magnam quas ut error sunt.', 'c58b280a-56d4-4ad8-8c85-730e4ea86361', 'usr_294');
INSERT INTO trabalho.comentarios_podcast_usuario VALUES ('comment_294_1_2', 'Deserunt necessitatibus sit omnis ad.', 'c58b280a-56d4-4ad8-8c85-730e4ea86361', 'usr_294');
INSERT INTO trabalho.comentarios_podcast_usuario VALUES ('comment_294_2_2', 'Rerum tenetur aut consectetur nemo neque consectetur quidem qui corrupti.', 'c58b280a-56d4-4ad8-8c85-730e4ea86361', 'usr_294');
INSERT INTO trabalho.comentarios_podcast_usuario VALUES ('comment_294_3_2', 'Earum aspernatur cumque totam.', 'c58b280a-56d4-4ad8-8c85-730e4ea86361', 'usr_294');
INSERT INTO trabalho.comentarios_podcast_usuario VALUES ('comment_294_4_2', 'Occaecati animi id ad magnam eaque voluptatum.', 'c58b280a-56d4-4ad8-8c85-730e4ea86361', 'usr_294');
INSERT INTO trabalho.comentarios_podcast_usuario VALUES ('comment_294_5_2', 'Dicta laudantium et.', 'c58b280a-56d4-4ad8-8c85-730e4ea86361', 'usr_294');
INSERT INTO trabalho.log_acesso VALUES ('log_294_0_2', 'c58b280a-56d4-4ad8-8c85-730e4ea86361', 'usr_294');
INSERT INTO trabalho.usuario VALUES ('usr_295', '295_Alcia.Melo@live.com', 'Alícia Melo', 'female', 28, trabalho.hashPassword('Password123'), 'Panamá');
INSERT INTO trabalho.usuario_esta_inscrito_no_podcast VALUES (3, 'fa3abe16-3645-4d22-a01d-893e6f20c408', 'usr_295');
INSERT INTO trabalho.comentarios_podcast_usuario VALUES ('comment_295_0_0', 'Voluptatibus voluptatem dolorem amet quia asperiores explicabo incidunt.', 'fa3abe16-3645-4d22-a01d-893e6f20c408', 'usr_295');
INSERT INTO trabalho.comentarios_podcast_usuario VALUES ('comment_295_1_0', 'Deserunt omnis tempore quas.', 'fa3abe16-3645-4d22-a01d-893e6f20c408', 'usr_295');
INSERT INTO trabalho.comentarios_podcast_usuario VALUES ('comment_295_2_0', 'Cum officia ut sit ut ipsum et.', 'fa3abe16-3645-4d22-a01d-893e6f20c408', 'usr_295');
INSERT INTO trabalho.log_acesso VALUES ('log_295_0_0', 'fa3abe16-3645-4d22-a01d-893e6f20c408', 'usr_295');
INSERT INTO trabalho.log_acesso VALUES ('log_295_1_0', 'fa3abe16-3645-4d22-a01d-893e6f20c408', 'usr_295');
INSERT INTO trabalho.log_acesso VALUES ('log_295_2_0', 'fa3abe16-3645-4d22-a01d-893e6f20c408', 'usr_295');
INSERT INTO trabalho.log_acesso VALUES ('log_295_3_0', 'fa3abe16-3645-4d22-a01d-893e6f20c408', 'usr_295');
INSERT INTO trabalho.log_acesso VALUES ('log_295_4_0', 'fa3abe16-3645-4d22-a01d-893e6f20c408', 'usr_295');
INSERT INTO trabalho.log_acesso VALUES ('log_295_5_0', 'fa3abe16-3645-4d22-a01d-893e6f20c408', 'usr_295');
INSERT INTO trabalho.usuario_esta_inscrito_no_podcast VALUES (3, '67074e68-bc2f-442b-8af2-7d328b6af6eb', 'usr_295');
INSERT INTO trabalho.comentarios_podcast_usuario VALUES ('comment_295_0_1', 'Modi doloribus tenetur ut et dolore velit.', '67074e68-bc2f-442b-8af2-7d328b6af6eb', 'usr_295');
INSERT INTO trabalho.log_acesso VALUES ('log_295_0_1', '67074e68-bc2f-442b-8af2-7d328b6af6eb', 'usr_295');
INSERT INTO trabalho.log_acesso VALUES ('log_295_1_1', '67074e68-bc2f-442b-8af2-7d328b6af6eb', 'usr_295');
INSERT INTO trabalho.usuario_esta_inscrito_no_podcast VALUES (5, '168c1536-4c42-4b8f-8c77-f06affefec6a', 'usr_295');
INSERT INTO trabalho.comentarios_podcast_usuario VALUES ('comment_295_0_2', 'Consequuntur eaque repudiandae incidunt commodi.', '168c1536-4c42-4b8f-8c77-f06affefec6a', 'usr_295');
INSERT INTO trabalho.comentarios_podcast_usuario VALUES ('comment_295_1_2', 'Molestias rem in laborum voluptatem accusamus dolorem soluta.', '168c1536-4c42-4b8f-8c77-f06affefec6a', 'usr_295');
INSERT INTO trabalho.comentarios_podcast_usuario VALUES ('comment_295_2_2', 'Ipsum deserunt qui.', '168c1536-4c42-4b8f-8c77-f06affefec6a', 'usr_295');
INSERT INTO trabalho.comentarios_podcast_usuario VALUES ('comment_295_3_2', 'Voluptas velit debitis qui soluta reprehenderit itaque.', '168c1536-4c42-4b8f-8c77-f06affefec6a', 'usr_295');
INSERT INTO trabalho.comentarios_podcast_usuario VALUES ('comment_295_4_2', 'Nisi vitae enim vel dolore est.', '168c1536-4c42-4b8f-8c77-f06affefec6a', 'usr_295');
INSERT INTO trabalho.log_acesso VALUES ('log_295_0_2', '168c1536-4c42-4b8f-8c77-f06affefec6a', 'usr_295');
INSERT INTO trabalho.log_acesso VALUES ('log_295_1_2', '168c1536-4c42-4b8f-8c77-f06affefec6a', 'usr_295');
INSERT INTO trabalho.usuario VALUES ('usr_296', '296_Lorraine.Carvalho8@live.com', 'Lorraine Carvalho', 'female', 20, trabalho.hashPassword('Password123'), 'Ilhas Faroe');
INSERT INTO trabalho.usuario_esta_inscrito_no_podcast VALUES (2, '168c1536-4c42-4b8f-8c77-f06affefec6a', 'usr_296');
INSERT INTO trabalho.comentarios_podcast_usuario VALUES ('comment_296_0_0', 'Id sit vel placeat in suscipit laborum unde ipsam ut.', '168c1536-4c42-4b8f-8c77-f06affefec6a', 'usr_296');
INSERT INTO trabalho.comentarios_podcast_usuario VALUES ('comment_296_1_0', 'Quia deleniti qui eos dicta soluta et incidunt.', '168c1536-4c42-4b8f-8c77-f06affefec6a', 'usr_296');
INSERT INTO trabalho.comentarios_podcast_usuario VALUES ('comment_296_2_0', 'Voluptatem pariatur praesentium sunt numquam id ut natus vero.', '168c1536-4c42-4b8f-8c77-f06affefec6a', 'usr_296');
INSERT INTO trabalho.comentarios_podcast_usuario VALUES ('comment_296_3_0', 'Ratione debitis atque placeat dolore rerum.', '168c1536-4c42-4b8f-8c77-f06affefec6a', 'usr_296');
INSERT INTO trabalho.log_acesso VALUES ('log_296_0_0', '168c1536-4c42-4b8f-8c77-f06affefec6a', 'usr_296');
INSERT INTO trabalho.log_acesso VALUES ('log_296_1_0', '168c1536-4c42-4b8f-8c77-f06affefec6a', 'usr_296');
INSERT INTO trabalho.log_acesso VALUES ('log_296_2_0', '168c1536-4c42-4b8f-8c77-f06affefec6a', 'usr_296');
INSERT INTO trabalho.log_acesso VALUES ('log_296_3_0', '168c1536-4c42-4b8f-8c77-f06affefec6a', 'usr_296');
INSERT INTO trabalho.log_acesso VALUES ('log_296_4_0', '168c1536-4c42-4b8f-8c77-f06affefec6a', 'usr_296');
INSERT INTO trabalho.usuario_esta_inscrito_no_podcast VALUES (3, '67074e68-bc2f-442b-8af2-7d328b6af6eb', 'usr_296');
INSERT INTO trabalho.comentarios_podcast_usuario VALUES ('comment_296_0_1', 'Possimus et impedit occaecati pariatur.', '67074e68-bc2f-442b-8af2-7d328b6af6eb', 'usr_296');
INSERT INTO trabalho.comentarios_podcast_usuario VALUES ('comment_296_1_1', 'Harum nostrum quae voluptatem qui a at doloremque id odit.', '67074e68-bc2f-442b-8af2-7d328b6af6eb', 'usr_296');
INSERT INTO trabalho.comentarios_podcast_usuario VALUES ('comment_296_2_1', 'Nesciunt perspiciatis quis odit ut est fugit.', '67074e68-bc2f-442b-8af2-7d328b6af6eb', 'usr_296');
INSERT INTO trabalho.comentarios_podcast_usuario VALUES ('comment_296_3_1', 'Omnis animi odio nihil quo perferendis rem.', '67074e68-bc2f-442b-8af2-7d328b6af6eb', 'usr_296');
INSERT INTO trabalho.comentarios_podcast_usuario VALUES ('comment_296_4_1', 'Veritatis non placeat praesentium vel.', '67074e68-bc2f-442b-8af2-7d328b6af6eb', 'usr_296');
INSERT INTO trabalho.log_acesso VALUES ('log_296_0_1', '67074e68-bc2f-442b-8af2-7d328b6af6eb', 'usr_296');
INSERT INTO trabalho.log_acesso VALUES ('log_296_1_1', '67074e68-bc2f-442b-8af2-7d328b6af6eb', 'usr_296');
INSERT INTO trabalho.usuario_esta_inscrito_no_podcast VALUES (4, 'fa3abe16-3645-4d22-a01d-893e6f20c408', 'usr_296');
INSERT INTO trabalho.comentarios_podcast_usuario VALUES ('comment_296_0_2', 'Occaecati quidem nesciunt.', 'fa3abe16-3645-4d22-a01d-893e6f20c408', 'usr_296');
INSERT INTO trabalho.comentarios_podcast_usuario VALUES ('comment_296_1_2', 'Consectetur ea quia consequatur ullam et eos occaecati quidem quam.', 'fa3abe16-3645-4d22-a01d-893e6f20c408', 'usr_296');
INSERT INTO trabalho.log_acesso VALUES ('log_296_0_2', 'fa3abe16-3645-4d22-a01d-893e6f20c408', 'usr_296');
INSERT INTO trabalho.log_acesso VALUES ('log_296_1_2', 'fa3abe16-3645-4d22-a01d-893e6f20c408', 'usr_296');
INSERT INTO trabalho.log_acesso VALUES ('log_296_2_2', 'fa3abe16-3645-4d22-a01d-893e6f20c408', 'usr_296');
INSERT INTO trabalho.usuario VALUES ('usr_297', '297_Alice26@hotmail.com', 'Alice Saraiva', 'female', 52, trabalho.hashPassword('Password123'), 'Tuvalu');
INSERT INTO trabalho.usuario_esta_inscrito_no_podcast VALUES (1, 'bc8dac25-793c-4a96-aafc-4ea7020f4f60', 'usr_297');
INSERT INTO trabalho.comentarios_podcast_usuario VALUES ('comment_297_0_0', 'Qui libero cumque amet non est ut.', 'bc8dac25-793c-4a96-aafc-4ea7020f4f60', 'usr_297');
INSERT INTO trabalho.comentarios_podcast_usuario VALUES ('comment_297_1_0', 'Non aut iusto harum tempora minus vel suscipit illum.', 'bc8dac25-793c-4a96-aafc-4ea7020f4f60', 'usr_297');
INSERT INTO trabalho.log_acesso VALUES ('log_297_0_0', 'bc8dac25-793c-4a96-aafc-4ea7020f4f60', 'usr_297');
INSERT INTO trabalho.log_acesso VALUES ('log_297_1_0', 'bc8dac25-793c-4a96-aafc-4ea7020f4f60', 'usr_297');
INSERT INTO trabalho.log_acesso VALUES ('log_297_2_0', 'bc8dac25-793c-4a96-aafc-4ea7020f4f60', 'usr_297');
INSERT INTO trabalho.log_acesso VALUES ('log_297_3_0', 'bc8dac25-793c-4a96-aafc-4ea7020f4f60', 'usr_297');
INSERT INTO trabalho.log_acesso VALUES ('log_297_4_0', 'bc8dac25-793c-4a96-aafc-4ea7020f4f60', 'usr_297');
INSERT INTO trabalho.usuario_esta_inscrito_no_podcast VALUES (2, 'fa3abe16-3645-4d22-a01d-893e6f20c408', 'usr_297');
INSERT INTO trabalho.comentarios_podcast_usuario VALUES ('comment_297_0_1', 'Iusto aspernatur ullam architecto et magni nemo id doloribus.', 'fa3abe16-3645-4d22-a01d-893e6f20c408', 'usr_297');
INSERT INTO trabalho.comentarios_podcast_usuario VALUES ('comment_297_1_1', 'Enim voluptas saepe id ut qui dolore blanditiis.', 'fa3abe16-3645-4d22-a01d-893e6f20c408', 'usr_297');
INSERT INTO trabalho.comentarios_podcast_usuario VALUES ('comment_297_2_1', 'Dolorem neque et ut occaecati quod nihil.', 'fa3abe16-3645-4d22-a01d-893e6f20c408', 'usr_297');
INSERT INTO trabalho.comentarios_podcast_usuario VALUES ('comment_297_3_1', 'Accusamus cumque sunt.', 'fa3abe16-3645-4d22-a01d-893e6f20c408', 'usr_297');
INSERT INTO trabalho.comentarios_podcast_usuario VALUES ('comment_297_4_1', 'Qui laboriosam unde quae quas aut eos ut.', 'fa3abe16-3645-4d22-a01d-893e6f20c408', 'usr_297');
INSERT INTO trabalho.comentarios_podcast_usuario VALUES ('comment_297_5_1', 'Pariatur molestias saepe voluptatum.', 'fa3abe16-3645-4d22-a01d-893e6f20c408', 'usr_297');
INSERT INTO trabalho.log_acesso VALUES ('log_297_0_1', 'fa3abe16-3645-4d22-a01d-893e6f20c408', 'usr_297');
INSERT INTO trabalho.log_acesso VALUES ('log_297_1_1', 'fa3abe16-3645-4d22-a01d-893e6f20c408', 'usr_297');
INSERT INTO trabalho.log_acesso VALUES ('log_297_2_1', 'fa3abe16-3645-4d22-a01d-893e6f20c408', 'usr_297');
INSERT INTO trabalho.usuario_esta_inscrito_no_podcast VALUES (1, '219328a1-cec6-4e8c-b003-52a3ec9766bb', 'usr_297');
INSERT INTO trabalho.comentarios_podcast_usuario VALUES ('comment_297_0_2', 'Dolorem natus saepe delectus provident debitis quis quaerat ut dolorem.', '219328a1-cec6-4e8c-b003-52a3ec9766bb', 'usr_297');
INSERT INTO trabalho.comentarios_podcast_usuario VALUES ('comment_297_1_2', 'Ipsam ea sit aliquid sit distinctio.', '219328a1-cec6-4e8c-b003-52a3ec9766bb', 'usr_297');
INSERT INTO trabalho.comentarios_podcast_usuario VALUES ('comment_297_2_2', 'Consequatur consequatur voluptatem facere laudantium.', '219328a1-cec6-4e8c-b003-52a3ec9766bb', 'usr_297');
INSERT INTO trabalho.comentarios_podcast_usuario VALUES ('comment_297_3_2', 'Adipisci aliquam commodi quidem aut ea iure provident aut est.', '219328a1-cec6-4e8c-b003-52a3ec9766bb', 'usr_297');
INSERT INTO trabalho.log_acesso VALUES ('log_297_0_2', '219328a1-cec6-4e8c-b003-52a3ec9766bb', 'usr_297');
INSERT INTO trabalho.log_acesso VALUES ('log_297_1_2', '219328a1-cec6-4e8c-b003-52a3ec9766bb', 'usr_297');
INSERT INTO trabalho.log_acesso VALUES ('log_297_2_2', '219328a1-cec6-4e8c-b003-52a3ec9766bb', 'usr_297');
INSERT INTO trabalho.usuario VALUES ('usr_298', '298_Esther.Melo94@bol.com.br', 'Esther Melo', 'female', 42, trabalho.hashPassword('Password123'), 'Nepal');
INSERT INTO trabalho.usuario_esta_inscrito_no_podcast VALUES (4, 'bc8dac25-793c-4a96-aafc-4ea7020f4f60', 'usr_298');
INSERT INTO trabalho.comentarios_podcast_usuario VALUES ('comment_298_0_0', 'Autem inventore qui libero dolorum eius ullam omnis.', 'bc8dac25-793c-4a96-aafc-4ea7020f4f60', 'usr_298');
INSERT INTO trabalho.comentarios_podcast_usuario VALUES ('comment_298_1_0', 'Similique in atque distinctio est.', 'bc8dac25-793c-4a96-aafc-4ea7020f4f60', 'usr_298');
INSERT INTO trabalho.comentarios_podcast_usuario VALUES ('comment_298_2_0', 'Id excepturi ab natus ducimus.', 'bc8dac25-793c-4a96-aafc-4ea7020f4f60', 'usr_298');
INSERT INTO trabalho.comentarios_podcast_usuario VALUES ('comment_298_3_0', 'Non minima tempora distinctio voluptas et dignissimos ipsam.', 'bc8dac25-793c-4a96-aafc-4ea7020f4f60', 'usr_298');
INSERT INTO trabalho.log_acesso VALUES ('log_298_0_0', 'bc8dac25-793c-4a96-aafc-4ea7020f4f60', 'usr_298');
INSERT INTO trabalho.usuario_esta_inscrito_no_podcast VALUES (2, 'de2f0ddb-9903-436a-a5e2-54224254c818', 'usr_298');
INSERT INTO trabalho.comentarios_podcast_usuario VALUES ('comment_298_0_1', 'Culpa aspernatur voluptas itaque vero aut repellendus.', 'de2f0ddb-9903-436a-a5e2-54224254c818', 'usr_298');
INSERT INTO trabalho.comentarios_podcast_usuario VALUES ('comment_298_1_1', 'Provident nesciunt non quae illum natus.', 'de2f0ddb-9903-436a-a5e2-54224254c818', 'usr_298');
INSERT INTO trabalho.comentarios_podcast_usuario VALUES ('comment_298_2_1', 'Impedit ratione nulla sit sit non aut aut sed qui.', 'de2f0ddb-9903-436a-a5e2-54224254c818', 'usr_298');
INSERT INTO trabalho.comentarios_podcast_usuario VALUES ('comment_298_3_1', 'Fugiat voluptatum sit earum asperiores vitae harum.', 'de2f0ddb-9903-436a-a5e2-54224254c818', 'usr_298');
INSERT INTO trabalho.comentarios_podcast_usuario VALUES ('comment_298_4_1', 'Nemo excepturi qui autem voluptatem.', 'de2f0ddb-9903-436a-a5e2-54224254c818', 'usr_298');
INSERT INTO trabalho.log_acesso VALUES ('log_298_0_1', 'de2f0ddb-9903-436a-a5e2-54224254c818', 'usr_298');
INSERT INTO trabalho.log_acesso VALUES ('log_298_1_1', 'de2f0ddb-9903-436a-a5e2-54224254c818', 'usr_298');
INSERT INTO trabalho.usuario_esta_inscrito_no_podcast VALUES (3, 'af46a958-b921-47b6-9f87-5c4fdc68ea79', 'usr_298');
INSERT INTO trabalho.comentarios_podcast_usuario VALUES ('comment_298_0_2', 'Aut repudiandae ratione et repellat totam inventore quibusdam.', 'af46a958-b921-47b6-9f87-5c4fdc68ea79', 'usr_298');
INSERT INTO trabalho.comentarios_podcast_usuario VALUES ('comment_298_1_2', 'Autem reprehenderit veniam corrupti aperiam impedit quisquam qui in.', 'af46a958-b921-47b6-9f87-5c4fdc68ea79', 'usr_298');
INSERT INTO trabalho.comentarios_podcast_usuario VALUES ('comment_298_2_2', 'Ipsum at incidunt numquam.', 'af46a958-b921-47b6-9f87-5c4fdc68ea79', 'usr_298');
INSERT INTO trabalho.comentarios_podcast_usuario VALUES ('comment_298_3_2', 'Distinctio ducimus enim eaque eos accusamus.', 'af46a958-b921-47b6-9f87-5c4fdc68ea79', 'usr_298');
INSERT INTO trabalho.comentarios_podcast_usuario VALUES ('comment_298_4_2', 'Nihil est commodi est beatae.', 'af46a958-b921-47b6-9f87-5c4fdc68ea79', 'usr_298');
INSERT INTO trabalho.log_acesso VALUES ('log_298_0_2', 'af46a958-b921-47b6-9f87-5c4fdc68ea79', 'usr_298');
INSERT INTO trabalho.log_acesso VALUES ('log_298_1_2', 'af46a958-b921-47b6-9f87-5c4fdc68ea79', 'usr_298');
INSERT INTO trabalho.usuario VALUES ('usr_299', '299_Isabela87@hotmail.com', 'Isabela Carvalho', 'female', 35, trabalho.hashPassword('Password123'), 'Somália');
INSERT INTO trabalho.usuario_esta_inscrito_no_podcast VALUES (1, '5bdf7377-8330-4f9f-8efd-e95301c122ce', 'usr_299');
INSERT INTO trabalho.comentarios_podcast_usuario VALUES ('comment_299_0_0', 'Voluptas omnis est qui delectus quisquam nemo qui a voluptatum.', '5bdf7377-8330-4f9f-8efd-e95301c122ce', 'usr_299');
INSERT INTO trabalho.comentarios_podcast_usuario VALUES ('comment_299_1_0', 'Voluptatem ex et quibusdam sit rerum molestias tempora quas.', '5bdf7377-8330-4f9f-8efd-e95301c122ce', 'usr_299');
INSERT INTO trabalho.comentarios_podcast_usuario VALUES ('comment_299_2_0', 'Est harum inventore molestiae.', '5bdf7377-8330-4f9f-8efd-e95301c122ce', 'usr_299');
INSERT INTO trabalho.log_acesso VALUES ('log_299_0_0', '5bdf7377-8330-4f9f-8efd-e95301c122ce', 'usr_299');
INSERT INTO trabalho.log_acesso VALUES ('log_299_1_0', '5bdf7377-8330-4f9f-8efd-e95301c122ce', 'usr_299');
INSERT INTO trabalho.log_acesso VALUES ('log_299_2_0', '5bdf7377-8330-4f9f-8efd-e95301c122ce', 'usr_299');
INSERT INTO trabalho.log_acesso VALUES ('log_299_3_0', '5bdf7377-8330-4f9f-8efd-e95301c122ce', 'usr_299');
INSERT INTO trabalho.usuario_esta_inscrito_no_podcast VALUES (4, '168c1536-4c42-4b8f-8c77-f06affefec6a', 'usr_299');
INSERT INTO trabalho.comentarios_podcast_usuario VALUES ('comment_299_0_1', 'Voluptate ea nesciunt fuga qui.', '168c1536-4c42-4b8f-8c77-f06affefec6a', 'usr_299');
INSERT INTO trabalho.comentarios_podcast_usuario VALUES ('comment_299_1_1', 'Qui enim accusamus iure ea aut unde voluptatem.', '168c1536-4c42-4b8f-8c77-f06affefec6a', 'usr_299');
INSERT INTO trabalho.comentarios_podcast_usuario VALUES ('comment_299_2_1', 'Rerum corrupti sit earum adipisci.', '168c1536-4c42-4b8f-8c77-f06affefec6a', 'usr_299');
INSERT INTO trabalho.comentarios_podcast_usuario VALUES ('comment_299_3_1', 'Velit corrupti facere assumenda facere voluptas.', '168c1536-4c42-4b8f-8c77-f06affefec6a', 'usr_299');
INSERT INTO trabalho.log_acesso VALUES ('log_299_0_1', '168c1536-4c42-4b8f-8c77-f06affefec6a', 'usr_299');
INSERT INTO trabalho.log_acesso VALUES ('log_299_1_1', '168c1536-4c42-4b8f-8c77-f06affefec6a', 'usr_299');
INSERT INTO trabalho.log_acesso VALUES ('log_299_2_1', '168c1536-4c42-4b8f-8c77-f06affefec6a', 'usr_299');
INSERT INTO trabalho.log_acesso VALUES ('log_299_3_1', '168c1536-4c42-4b8f-8c77-f06affefec6a', 'usr_299');
INSERT INTO trabalho.usuario_esta_inscrito_no_podcast VALUES (0, 'bc8dac25-793c-4a96-aafc-4ea7020f4f60', 'usr_299');
INSERT INTO trabalho.comentarios_podcast_usuario VALUES ('comment_299_0_2', 'Recusandae illo praesentium dicta molestiae quos dolore.', 'bc8dac25-793c-4a96-aafc-4ea7020f4f60', 'usr_299');
INSERT INTO trabalho.comentarios_podcast_usuario VALUES ('comment_299_1_2', 'Minus velit accusamus.', 'bc8dac25-793c-4a96-aafc-4ea7020f4f60', 'usr_299');
INSERT INTO trabalho.log_acesso VALUES ('log_299_0_2', 'bc8dac25-793c-4a96-aafc-4ea7020f4f60', 'usr_299');
INSERT INTO trabalho.log_acesso VALUES ('log_299_1_2', 'bc8dac25-793c-4a96-aafc-4ea7020f4f60', 'usr_299');
INSERT INTO trabalho.log_acesso VALUES ('log_299_2_2', 'bc8dac25-793c-4a96-aafc-4ea7020f4f60', 'usr_299');
INSERT INTO trabalho.usuario VALUES ('usr_300', '300_Beatriz_Batista26@yahoo.com', 'Beatriz Batista', 'female', 24, trabalho.hashPassword('Password123'), 'El Salvador');
INSERT INTO trabalho.usuario_esta_inscrito_no_podcast VALUES (3, '67074e68-bc2f-442b-8af2-7d328b6af6eb', 'usr_300');
INSERT INTO trabalho.comentarios_podcast_usuario VALUES ('comment_300_0_0', 'Consequatur quod hic ducimus.', '67074e68-bc2f-442b-8af2-7d328b6af6eb', 'usr_300');
INSERT INTO trabalho.comentarios_podcast_usuario VALUES ('comment_300_1_0', 'Iusto eum quibusdam unde est voluptas esse possimus placeat delectus.', '67074e68-bc2f-442b-8af2-7d328b6af6eb', 'usr_300');
INSERT INTO trabalho.comentarios_podcast_usuario VALUES ('comment_300_2_0', 'Repellat a vel.', '67074e68-bc2f-442b-8af2-7d328b6af6eb', 'usr_300');
INSERT INTO trabalho.comentarios_podcast_usuario VALUES ('comment_300_3_0', 'Maxime cum deserunt voluptates.', '67074e68-bc2f-442b-8af2-7d328b6af6eb', 'usr_300');
INSERT INTO trabalho.log_acesso VALUES ('log_300_0_0', '67074e68-bc2f-442b-8af2-7d328b6af6eb', 'usr_300');
INSERT INTO trabalho.log_acesso VALUES ('log_300_1_0', '67074e68-bc2f-442b-8af2-7d328b6af6eb', 'usr_300');
INSERT INTO trabalho.log_acesso VALUES ('log_300_2_0', '67074e68-bc2f-442b-8af2-7d328b6af6eb', 'usr_300');
INSERT INTO trabalho.usuario_esta_inscrito_no_podcast VALUES (1, 'b553d865-8fe2-47de-9a30-10e1dea3bd1d', 'usr_300');
INSERT INTO trabalho.comentarios_podcast_usuario VALUES ('comment_300_0_1', 'Atque ex voluptatem quia molestiae itaque.', 'b553d865-8fe2-47de-9a30-10e1dea3bd1d', 'usr_300');
INSERT INTO trabalho.comentarios_podcast_usuario VALUES ('comment_300_1_1', 'Quis enim labore corrupti praesentium praesentium fugiat.', 'b553d865-8fe2-47de-9a30-10e1dea3bd1d', 'usr_300');
INSERT INTO trabalho.comentarios_podcast_usuario VALUES ('comment_300_2_1', 'Non accusantium quis officia deserunt.', 'b553d865-8fe2-47de-9a30-10e1dea3bd1d', 'usr_300');
INSERT INTO trabalho.comentarios_podcast_usuario VALUES ('comment_300_3_1', 'Rem ea quidem nulla autem qui dolorum nisi.', 'b553d865-8fe2-47de-9a30-10e1dea3bd1d', 'usr_300');
INSERT INTO trabalho.log_acesso VALUES ('log_300_0_1', 'b553d865-8fe2-47de-9a30-10e1dea3bd1d', 'usr_300');
INSERT INTO trabalho.log_acesso VALUES ('log_300_1_1', 'b553d865-8fe2-47de-9a30-10e1dea3bd1d', 'usr_300');
INSERT INTO trabalho.log_acesso VALUES ('log_300_2_1', 'b553d865-8fe2-47de-9a30-10e1dea3bd1d', 'usr_300');
INSERT INTO trabalho.usuario_esta_inscrito_no_podcast VALUES (4, '219328a1-cec6-4e8c-b003-52a3ec9766bb', 'usr_300');
INSERT INTO trabalho.comentarios_podcast_usuario VALUES ('comment_300_0_2', 'Rerum non doloribus.', '219328a1-cec6-4e8c-b003-52a3ec9766bb', 'usr_300');
INSERT INTO trabalho.comentarios_podcast_usuario VALUES ('comment_300_1_2', 'Qui aut enim ut exercitationem possimus in.', '219328a1-cec6-4e8c-b003-52a3ec9766bb', 'usr_300');
INSERT INTO trabalho.comentarios_podcast_usuario VALUES ('comment_300_2_2', 'Dolorem magni voluptatum facilis.', '219328a1-cec6-4e8c-b003-52a3ec9766bb', 'usr_300');
INSERT INTO trabalho.comentarios_podcast_usuario VALUES ('comment_300_3_2', 'Suscipit delectus officiis occaecati.', '219328a1-cec6-4e8c-b003-52a3ec9766bb', 'usr_300');
INSERT INTO trabalho.comentarios_podcast_usuario VALUES ('comment_300_4_2', 'Distinctio cum sapiente ea veniam.', '219328a1-cec6-4e8c-b003-52a3ec9766bb', 'usr_300');
INSERT INTO trabalho.log_acesso VALUES ('log_300_0_2', '219328a1-cec6-4e8c-b003-52a3ec9766bb', 'usr_300');
INSERT INTO trabalho.log_acesso VALUES ('log_300_1_2', '219328a1-cec6-4e8c-b003-52a3ec9766bb', 'usr_300');
INSERT INTO trabalho.log_acesso VALUES ('log_300_2_2', '219328a1-cec6-4e8c-b003-52a3ec9766bb', 'usr_300');
INSERT INTO trabalho.log_acesso VALUES ('log_300_3_2', '219328a1-cec6-4e8c-b003-52a3ec9766bb', 'usr_300');
INSERT INTO trabalho.log_acesso VALUES ('log_300_4_2', '219328a1-cec6-4e8c-b003-52a3ec9766bb', 'usr_300');
INSERT INTO trabalho.usuario VALUES ('usr_301', '301_JlioCsar71@hotmail.com', 'Júlio César Reis', 'male', 6, trabalho.hashPassword('Password123'), 'Sudão');
INSERT INTO trabalho.usuario_esta_inscrito_no_podcast VALUES (2, 'f1b92ce7-47a7-43cd-8586-4a09185cdd05', 'usr_301');
INSERT INTO trabalho.comentarios_podcast_usuario VALUES ('comment_301_0_0', 'Error enim quos itaque blanditiis corrupti qui sint non est.', 'f1b92ce7-47a7-43cd-8586-4a09185cdd05', 'usr_301');
INSERT INTO trabalho.comentarios_podcast_usuario VALUES ('comment_301_1_0', 'Totam rerum quae doloribus.', 'f1b92ce7-47a7-43cd-8586-4a09185cdd05', 'usr_301');
INSERT INTO trabalho.log_acesso VALUES ('log_301_0_0', 'f1b92ce7-47a7-43cd-8586-4a09185cdd05', 'usr_301');
INSERT INTO trabalho.log_acesso VALUES ('log_301_1_0', 'f1b92ce7-47a7-43cd-8586-4a09185cdd05', 'usr_301');
INSERT INTO trabalho.log_acesso VALUES ('log_301_2_0', 'f1b92ce7-47a7-43cd-8586-4a09185cdd05', 'usr_301');
INSERT INTO trabalho.usuario_esta_inscrito_no_podcast VALUES (1, '168c1536-4c42-4b8f-8c77-f06affefec6a', 'usr_301');
INSERT INTO trabalho.comentarios_podcast_usuario VALUES ('comment_301_0_1', 'Occaecati in quis eos officiis.', '168c1536-4c42-4b8f-8c77-f06affefec6a', 'usr_301');
INSERT INTO trabalho.comentarios_podcast_usuario VALUES ('comment_301_1_1', 'Iusto dolorum repellendus dolores repudiandae quo earum.', '168c1536-4c42-4b8f-8c77-f06affefec6a', 'usr_301');
INSERT INTO trabalho.comentarios_podcast_usuario VALUES ('comment_301_2_1', 'Perferendis iste recusandae maiores nesciunt suscipit.', '168c1536-4c42-4b8f-8c77-f06affefec6a', 'usr_301');
INSERT INTO trabalho.log_acesso VALUES ('log_301_0_1', '168c1536-4c42-4b8f-8c77-f06affefec6a', 'usr_301');
INSERT INTO trabalho.log_acesso VALUES ('log_301_1_1', '168c1536-4c42-4b8f-8c77-f06affefec6a', 'usr_301');
INSERT INTO trabalho.log_acesso VALUES ('log_301_2_1', '168c1536-4c42-4b8f-8c77-f06affefec6a', 'usr_301');
INSERT INTO trabalho.log_acesso VALUES ('log_301_3_1', '168c1536-4c42-4b8f-8c77-f06affefec6a', 'usr_301');
INSERT INTO trabalho.log_acesso VALUES ('log_301_4_1', '168c1536-4c42-4b8f-8c77-f06affefec6a', 'usr_301');
INSERT INTO trabalho.usuario_esta_inscrito_no_podcast VALUES (0, 'f8e13774-d631-4f34-93f0-2f5d55590265', 'usr_301');
INSERT INTO trabalho.comentarios_podcast_usuario VALUES ('comment_301_0_2', 'Qui sit odit officiis ad aliquam nesciunt ipsam qui doloribus.', 'f8e13774-d631-4f34-93f0-2f5d55590265', 'usr_301');
INSERT INTO trabalho.comentarios_podcast_usuario VALUES ('comment_301_1_2', 'Expedita molestiae nam necessitatibus cumque.', 'f8e13774-d631-4f34-93f0-2f5d55590265', 'usr_301');
INSERT INTO trabalho.comentarios_podcast_usuario VALUES ('comment_301_2_2', 'Molestiae dolores magni a veritatis voluptate voluptas quia voluptate similique.', 'f8e13774-d631-4f34-93f0-2f5d55590265', 'usr_301');
INSERT INTO trabalho.log_acesso VALUES ('log_301_0_2', 'f8e13774-d631-4f34-93f0-2f5d55590265', 'usr_301');
INSERT INTO trabalho.log_acesso VALUES ('log_301_1_2', 'f8e13774-d631-4f34-93f0-2f5d55590265', 'usr_301');
INSERT INTO trabalho.log_acesso VALUES ('log_301_2_2', 'f8e13774-d631-4f34-93f0-2f5d55590265', 'usr_301');
INSERT INTO trabalho.log_acesso VALUES ('log_301_3_2', 'f8e13774-d631-4f34-93f0-2f5d55590265', 'usr_301');
INSERT INTO trabalho.usuario VALUES ('usr_302', '302_Valentina78@yahoo.com', 'Valentina Franco', 'female', 26, trabalho.hashPassword('Password123'), 'Mônaco');
INSERT INTO trabalho.usuario_esta_inscrito_no_podcast VALUES (0, '67074e68-bc2f-442b-8af2-7d328b6af6eb', 'usr_302');
INSERT INTO trabalho.comentarios_podcast_usuario VALUES ('comment_302_0_0', 'Eum vel rerum qui voluptatem culpa et et.', '67074e68-bc2f-442b-8af2-7d328b6af6eb', 'usr_302');
INSERT INTO trabalho.comentarios_podcast_usuario VALUES ('comment_302_1_0', 'Provident nihil aut autem sit.', '67074e68-bc2f-442b-8af2-7d328b6af6eb', 'usr_302');
INSERT INTO trabalho.comentarios_podcast_usuario VALUES ('comment_302_2_0', 'Nihil minus pariatur ipsum dolore corrupti.', '67074e68-bc2f-442b-8af2-7d328b6af6eb', 'usr_302');
INSERT INTO trabalho.comentarios_podcast_usuario VALUES ('comment_302_3_0', 'Temporibus assumenda aperiam fugit sequi veritatis autem voluptas voluptatem.', '67074e68-bc2f-442b-8af2-7d328b6af6eb', 'usr_302');
INSERT INTO trabalho.comentarios_podcast_usuario VALUES ('comment_302_4_0', 'Cumque commodi praesentium illum.', '67074e68-bc2f-442b-8af2-7d328b6af6eb', 'usr_302');
INSERT INTO trabalho.log_acesso VALUES ('log_302_0_0', '67074e68-bc2f-442b-8af2-7d328b6af6eb', 'usr_302');
INSERT INTO trabalho.log_acesso VALUES ('log_302_1_0', '67074e68-bc2f-442b-8af2-7d328b6af6eb', 'usr_302');
INSERT INTO trabalho.log_acesso VALUES ('log_302_2_0', '67074e68-bc2f-442b-8af2-7d328b6af6eb', 'usr_302');
INSERT INTO trabalho.usuario_esta_inscrito_no_podcast VALUES (0, 'bc8dac25-793c-4a96-aafc-4ea7020f4f60', 'usr_302');
INSERT INTO trabalho.comentarios_podcast_usuario VALUES ('comment_302_0_1', 'Fugiat enim consequatur ut provident.', 'bc8dac25-793c-4a96-aafc-4ea7020f4f60', 'usr_302');
INSERT INTO trabalho.comentarios_podcast_usuario VALUES ('comment_302_1_1', 'Veniam dolorem autem sequi omnis praesentium.', 'bc8dac25-793c-4a96-aafc-4ea7020f4f60', 'usr_302');
INSERT INTO trabalho.comentarios_podcast_usuario VALUES ('comment_302_2_1', 'Ratione aliquid doloribus qui doloribus praesentium ut.', 'bc8dac25-793c-4a96-aafc-4ea7020f4f60', 'usr_302');
INSERT INTO trabalho.comentarios_podcast_usuario VALUES ('comment_302_3_1', 'Repudiandae rerum facilis temporibus voluptatem et.', 'bc8dac25-793c-4a96-aafc-4ea7020f4f60', 'usr_302');
INSERT INTO trabalho.log_acesso VALUES ('log_302_0_1', 'bc8dac25-793c-4a96-aafc-4ea7020f4f60', 'usr_302');
INSERT INTO trabalho.log_acesso VALUES ('log_302_1_1', 'bc8dac25-793c-4a96-aafc-4ea7020f4f60', 'usr_302');
INSERT INTO trabalho.log_acesso VALUES ('log_302_2_1', 'bc8dac25-793c-4a96-aafc-4ea7020f4f60', 'usr_302');
INSERT INTO trabalho.log_acesso VALUES ('log_302_3_1', 'bc8dac25-793c-4a96-aafc-4ea7020f4f60', 'usr_302');
INSERT INTO trabalho.log_acesso VALUES ('log_302_4_1', 'bc8dac25-793c-4a96-aafc-4ea7020f4f60', 'usr_302');
INSERT INTO trabalho.usuario_esta_inscrito_no_podcast VALUES (5, 'fa3abe16-3645-4d22-a01d-893e6f20c408', 'usr_302');
INSERT INTO trabalho.comentarios_podcast_usuario VALUES ('comment_302_0_2', 'Voluptatem quis aliquid.', 'fa3abe16-3645-4d22-a01d-893e6f20c408', 'usr_302');
INSERT INTO trabalho.comentarios_podcast_usuario VALUES ('comment_302_1_2', 'Cupiditate aliquam est enim aut molestiae nemo.', 'fa3abe16-3645-4d22-a01d-893e6f20c408', 'usr_302');
INSERT INTO trabalho.comentarios_podcast_usuario VALUES ('comment_302_2_2', 'Iure ut et quaerat sit harum et omnis.', 'fa3abe16-3645-4d22-a01d-893e6f20c408', 'usr_302');
INSERT INTO trabalho.log_acesso VALUES ('log_302_0_2', 'fa3abe16-3645-4d22-a01d-893e6f20c408', 'usr_302');
INSERT INTO trabalho.log_acesso VALUES ('log_302_1_2', 'fa3abe16-3645-4d22-a01d-893e6f20c408', 'usr_302');
INSERT INTO trabalho.log_acesso VALUES ('log_302_2_2', 'fa3abe16-3645-4d22-a01d-893e6f20c408', 'usr_302');
INSERT INTO trabalho.log_acesso VALUES ('log_302_3_2', 'fa3abe16-3645-4d22-a01d-893e6f20c408', 'usr_302');
INSERT INTO trabalho.log_acesso VALUES ('log_302_4_2', 'fa3abe16-3645-4d22-a01d-893e6f20c408', 'usr_302');
INSERT INTO trabalho.log_acesso VALUES ('log_302_5_2', 'fa3abe16-3645-4d22-a01d-893e6f20c408', 'usr_302');
INSERT INTO trabalho.log_acesso VALUES ('log_302_6_2', 'fa3abe16-3645-4d22-a01d-893e6f20c408', 'usr_302');
INSERT INTO trabalho.usuario VALUES ('usr_303', '303_Alessandro_Carvalho76@hotmail.com', 'Alessandro Carvalho', 'male', 55, trabalho.hashPassword('Password123'), 'Camarões');
INSERT INTO trabalho.usuario_esta_inscrito_no_podcast VALUES (5, 'f0166bd2-8e4d-4308-b5d7-0b3d627c5dc5', 'usr_303');
INSERT INTO trabalho.comentarios_podcast_usuario VALUES ('comment_303_0_0', 'Voluptate autem dolorem odio ut.', 'f0166bd2-8e4d-4308-b5d7-0b3d627c5dc5', 'usr_303');
INSERT INTO trabalho.comentarios_podcast_usuario VALUES ('comment_303_1_0', 'In optio quo nisi sit exercitationem aperiam.', 'f0166bd2-8e4d-4308-b5d7-0b3d627c5dc5', 'usr_303');
INSERT INTO trabalho.comentarios_podcast_usuario VALUES ('comment_303_2_0', 'Sed dignissimos voluptas.', 'f0166bd2-8e4d-4308-b5d7-0b3d627c5dc5', 'usr_303');
INSERT INTO trabalho.comentarios_podcast_usuario VALUES ('comment_303_3_0', 'Sit quisquam excepturi architecto adipisci eum ratione cum optio.', 'f0166bd2-8e4d-4308-b5d7-0b3d627c5dc5', 'usr_303');
INSERT INTO trabalho.comentarios_podcast_usuario VALUES ('comment_303_4_0', 'Sit quisquam velit distinctio magnam assumenda voluptate et cumque quia.', 'f0166bd2-8e4d-4308-b5d7-0b3d627c5dc5', 'usr_303');
INSERT INTO trabalho.log_acesso VALUES ('log_303_0_0', 'f0166bd2-8e4d-4308-b5d7-0b3d627c5dc5', 'usr_303');
INSERT INTO trabalho.usuario_esta_inscrito_no_podcast VALUES (0, 'fa3abe16-3645-4d22-a01d-893e6f20c408', 'usr_303');
INSERT INTO trabalho.comentarios_podcast_usuario VALUES ('comment_303_0_1', 'Accusantium blanditiis aut sint dolores sit quo molestias vitae.', 'fa3abe16-3645-4d22-a01d-893e6f20c408', 'usr_303');
INSERT INTO trabalho.comentarios_podcast_usuario VALUES ('comment_303_1_1', 'Consequatur facere sed error eos.', 'fa3abe16-3645-4d22-a01d-893e6f20c408', 'usr_303');
INSERT INTO trabalho.log_acesso VALUES ('log_303_0_1', 'fa3abe16-3645-4d22-a01d-893e6f20c408', 'usr_303');
INSERT INTO trabalho.usuario_esta_inscrito_no_podcast VALUES (0, 'c58b280a-56d4-4ad8-8c85-730e4ea86361', 'usr_303');
INSERT INTO trabalho.comentarios_podcast_usuario VALUES ('comment_303_0_2', 'Enim omnis odit maiores.', 'c58b280a-56d4-4ad8-8c85-730e4ea86361', 'usr_303');
INSERT INTO trabalho.comentarios_podcast_usuario VALUES ('comment_303_1_2', 'Iusto maxime fuga ducimus dolore.', 'c58b280a-56d4-4ad8-8c85-730e4ea86361', 'usr_303');
INSERT INTO trabalho.comentarios_podcast_usuario VALUES ('comment_303_2_2', 'Ut consequatur dignissimos enim sunt voluptates qui accusantium magnam deleniti.', 'c58b280a-56d4-4ad8-8c85-730e4ea86361', 'usr_303');
INSERT INTO trabalho.comentarios_podcast_usuario VALUES ('comment_303_3_2', 'Vero ut libero sed voluptatem ut laudantium.', 'c58b280a-56d4-4ad8-8c85-730e4ea86361', 'usr_303');
INSERT INTO trabalho.log_acesso VALUES ('log_303_0_2', 'c58b280a-56d4-4ad8-8c85-730e4ea86361', 'usr_303');
INSERT INTO trabalho.log_acesso VALUES ('log_303_1_2', 'c58b280a-56d4-4ad8-8c85-730e4ea86361', 'usr_303');
INSERT INTO trabalho.log_acesso VALUES ('log_303_2_2', 'c58b280a-56d4-4ad8-8c85-730e4ea86361', 'usr_303');
INSERT INTO trabalho.usuario VALUES ('usr_304', '304_Gustavo68@live.com', 'Gustavo Carvalho', 'male', 7, trabalho.hashPassword('Password123'), 'Qatar');
INSERT INTO trabalho.usuario_esta_inscrito_no_podcast VALUES (4, 'c58b280a-56d4-4ad8-8c85-730e4ea86361', 'usr_304');
INSERT INTO trabalho.comentarios_podcast_usuario VALUES ('comment_304_0_0', 'Voluptatem vero dolor dolores.', 'c58b280a-56d4-4ad8-8c85-730e4ea86361', 'usr_304');
INSERT INTO trabalho.comentarios_podcast_usuario VALUES ('comment_304_1_0', 'Quia fugiat veniam inventore ipsum in.', 'c58b280a-56d4-4ad8-8c85-730e4ea86361', 'usr_304');
INSERT INTO trabalho.log_acesso VALUES ('log_304_0_0', 'c58b280a-56d4-4ad8-8c85-730e4ea86361', 'usr_304');
INSERT INTO trabalho.usuario_esta_inscrito_no_podcast VALUES (3, '7e429e8e-7669-403d-bb78-3cd7f9f75afd', 'usr_304');
INSERT INTO trabalho.comentarios_podcast_usuario VALUES ('comment_304_0_1', 'Blanditiis vel voluptas qui est perferendis nihil.', '7e429e8e-7669-403d-bb78-3cd7f9f75afd', 'usr_304');
INSERT INTO trabalho.log_acesso VALUES ('log_304_0_1', '7e429e8e-7669-403d-bb78-3cd7f9f75afd', 'usr_304');
INSERT INTO trabalho.log_acesso VALUES ('log_304_1_1', '7e429e8e-7669-403d-bb78-3cd7f9f75afd', 'usr_304');
INSERT INTO trabalho.usuario_esta_inscrito_no_podcast VALUES (1, 'fa3abe16-3645-4d22-a01d-893e6f20c408', 'usr_304');
INSERT INTO trabalho.comentarios_podcast_usuario VALUES ('comment_304_0_2', 'Quos excepturi animi accusamus qui autem non impedit.', 'fa3abe16-3645-4d22-a01d-893e6f20c408', 'usr_304');
INSERT INTO trabalho.comentarios_podcast_usuario VALUES ('comment_304_1_2', 'Consequuntur consequatur facere est doloribus impedit dolores.', 'fa3abe16-3645-4d22-a01d-893e6f20c408', 'usr_304');
INSERT INTO trabalho.comentarios_podcast_usuario VALUES ('comment_304_2_2', 'Consectetur et voluptates iure eos cum vel et.', 'fa3abe16-3645-4d22-a01d-893e6f20c408', 'usr_304');
INSERT INTO trabalho.comentarios_podcast_usuario VALUES ('comment_304_3_2', 'Aliquam veniam qui dolores consequatur accusamus.', 'fa3abe16-3645-4d22-a01d-893e6f20c408', 'usr_304');
INSERT INTO trabalho.comentarios_podcast_usuario VALUES ('comment_304_4_2', 'Mollitia iusto libero illo eos et.', 'fa3abe16-3645-4d22-a01d-893e6f20c408', 'usr_304');
INSERT INTO trabalho.log_acesso VALUES ('log_304_0_2', 'fa3abe16-3645-4d22-a01d-893e6f20c408', 'usr_304');
INSERT INTO trabalho.log_acesso VALUES ('log_304_1_2', 'fa3abe16-3645-4d22-a01d-893e6f20c408', 'usr_304');
INSERT INTO trabalho.usuario VALUES ('usr_305', '305_Rebeca_Melo@hotmail.com', 'Rebeca Melo', 'female', 45, trabalho.hashPassword('Password123'), 'Bulgária');
INSERT INTO trabalho.usuario_esta_inscrito_no_podcast VALUES (2, 'f1b92ce7-47a7-43cd-8586-4a09185cdd05', 'usr_305');
INSERT INTO trabalho.comentarios_podcast_usuario VALUES ('comment_305_0_0', 'Beatae et eius sunt illum vitae excepturi voluptatem temporibus.', 'f1b92ce7-47a7-43cd-8586-4a09185cdd05', 'usr_305');
INSERT INTO trabalho.comentarios_podcast_usuario VALUES ('comment_305_1_0', 'Eum exercitationem reprehenderit consectetur.', 'f1b92ce7-47a7-43cd-8586-4a09185cdd05', 'usr_305');
INSERT INTO trabalho.log_acesso VALUES ('log_305_0_0', 'f1b92ce7-47a7-43cd-8586-4a09185cdd05', 'usr_305');
INSERT INTO trabalho.log_acesso VALUES ('log_305_1_0', 'f1b92ce7-47a7-43cd-8586-4a09185cdd05', 'usr_305');
INSERT INTO trabalho.log_acesso VALUES ('log_305_2_0', 'f1b92ce7-47a7-43cd-8586-4a09185cdd05', 'usr_305');
INSERT INTO trabalho.log_acesso VALUES ('log_305_3_0', 'f1b92ce7-47a7-43cd-8586-4a09185cdd05', 'usr_305');
INSERT INTO trabalho.usuario_esta_inscrito_no_podcast VALUES (4, 'de2f0ddb-9903-436a-a5e2-54224254c818', 'usr_305');
INSERT INTO trabalho.comentarios_podcast_usuario VALUES ('comment_305_0_1', 'Voluptatibus voluptate sed iste debitis aspernatur vitae dicta iure.', 'de2f0ddb-9903-436a-a5e2-54224254c818', 'usr_305');
INSERT INTO trabalho.log_acesso VALUES ('log_305_0_1', 'de2f0ddb-9903-436a-a5e2-54224254c818', 'usr_305');
INSERT INTO trabalho.usuario_esta_inscrito_no_podcast VALUES (1, 'bc8dac25-793c-4a96-aafc-4ea7020f4f60', 'usr_305');
INSERT INTO trabalho.comentarios_podcast_usuario VALUES ('comment_305_0_2', 'Dolorem ut sint maxime ducimus sint quia esse.', 'bc8dac25-793c-4a96-aafc-4ea7020f4f60', 'usr_305');
INSERT INTO trabalho.comentarios_podcast_usuario VALUES ('comment_305_1_2', 'Velit quia minima.', 'bc8dac25-793c-4a96-aafc-4ea7020f4f60', 'usr_305');
INSERT INTO trabalho.comentarios_podcast_usuario VALUES ('comment_305_2_2', 'Nesciunt qui sit soluta fugiat perferendis consequatur commodi sit est.', 'bc8dac25-793c-4a96-aafc-4ea7020f4f60', 'usr_305');
INSERT INTO trabalho.log_acesso VALUES ('log_305_0_2', 'bc8dac25-793c-4a96-aafc-4ea7020f4f60', 'usr_305');
INSERT INTO trabalho.usuario VALUES ('usr_306', '306_MariaEduarda41@bol.com.br', 'Maria Eduarda Macedo', 'female', 15, trabalho.hashPassword('Password123'), 'Santa Lúcia');
INSERT INTO trabalho.usuario_esta_inscrito_no_podcast VALUES (4, 'c58b280a-56d4-4ad8-8c85-730e4ea86361', 'usr_306');
INSERT INTO trabalho.comentarios_podcast_usuario VALUES ('comment_306_0_0', 'Totam voluptate numquam consequuntur deleniti pariatur beatae numquam vero magni.', 'c58b280a-56d4-4ad8-8c85-730e4ea86361', 'usr_306');
INSERT INTO trabalho.comentarios_podcast_usuario VALUES ('comment_306_1_0', 'Laborum cumque eaque ullam hic numquam a.', 'c58b280a-56d4-4ad8-8c85-730e4ea86361', 'usr_306');
INSERT INTO trabalho.log_acesso VALUES ('log_306_0_0', 'c58b280a-56d4-4ad8-8c85-730e4ea86361', 'usr_306');
INSERT INTO trabalho.log_acesso VALUES ('log_306_1_0', 'c58b280a-56d4-4ad8-8c85-730e4ea86361', 'usr_306');
INSERT INTO trabalho.log_acesso VALUES ('log_306_2_0', 'c58b280a-56d4-4ad8-8c85-730e4ea86361', 'usr_306');
INSERT INTO trabalho.log_acesso VALUES ('log_306_3_0', 'c58b280a-56d4-4ad8-8c85-730e4ea86361', 'usr_306');
INSERT INTO trabalho.usuario_esta_inscrito_no_podcast VALUES (3, '7e429e8e-7669-403d-bb78-3cd7f9f75afd', 'usr_306');
INSERT INTO trabalho.comentarios_podcast_usuario VALUES ('comment_306_0_1', 'Et illum dolorem ut eaque et blanditiis.', '7e429e8e-7669-403d-bb78-3cd7f9f75afd', 'usr_306');
INSERT INTO trabalho.comentarios_podcast_usuario VALUES ('comment_306_1_1', 'Voluptatem ipsa similique nihil culpa quo optio temporibus.', '7e429e8e-7669-403d-bb78-3cd7f9f75afd', 'usr_306');
INSERT INTO trabalho.comentarios_podcast_usuario VALUES ('comment_306_2_1', 'Omnis ipsum perspiciatis deleniti.', '7e429e8e-7669-403d-bb78-3cd7f9f75afd', 'usr_306');
INSERT INTO trabalho.comentarios_podcast_usuario VALUES ('comment_306_3_1', 'Hic quasi delectus laborum voluptatem nam voluptatem non.', '7e429e8e-7669-403d-bb78-3cd7f9f75afd', 'usr_306');
INSERT INTO trabalho.log_acesso VALUES ('log_306_0_1', '7e429e8e-7669-403d-bb78-3cd7f9f75afd', 'usr_306');
INSERT INTO trabalho.log_acesso VALUES ('log_306_1_1', '7e429e8e-7669-403d-bb78-3cd7f9f75afd', 'usr_306');
INSERT INTO trabalho.log_acesso VALUES ('log_306_2_1', '7e429e8e-7669-403d-bb78-3cd7f9f75afd', 'usr_306');
INSERT INTO trabalho.usuario_esta_inscrito_no_podcast VALUES (1, 'bc8dac25-793c-4a96-aafc-4ea7020f4f60', 'usr_306');
INSERT INTO trabalho.comentarios_podcast_usuario VALUES ('comment_306_0_2', 'Voluptatem rerum sunt eaque fugit.', 'bc8dac25-793c-4a96-aafc-4ea7020f4f60', 'usr_306');
INSERT INTO trabalho.comentarios_podcast_usuario VALUES ('comment_306_1_2', 'Molestias sint harum ut illo veritatis qui omnis vitae.', 'bc8dac25-793c-4a96-aafc-4ea7020f4f60', 'usr_306');
INSERT INTO trabalho.log_acesso VALUES ('log_306_0_2', 'bc8dac25-793c-4a96-aafc-4ea7020f4f60', 'usr_306');
INSERT INTO trabalho.log_acesso VALUES ('log_306_1_2', 'bc8dac25-793c-4a96-aafc-4ea7020f4f60', 'usr_306');
INSERT INTO trabalho.log_acesso VALUES ('log_306_2_2', 'bc8dac25-793c-4a96-aafc-4ea7020f4f60', 'usr_306');
INSERT INTO trabalho.usuario VALUES ('usr_307', '307_Isaac.Nogueira@yahoo.com', 'Isaac Nogueira', 'male', 8, trabalho.hashPassword('Password123'), 'Senegal');
INSERT INTO trabalho.usuario_esta_inscrito_no_podcast VALUES (5, 'b553d865-8fe2-47de-9a30-10e1dea3bd1d', 'usr_307');
INSERT INTO trabalho.comentarios_podcast_usuario VALUES ('comment_307_0_0', 'Asperiores libero rerum vel quos reiciendis incidunt eaque.', 'b553d865-8fe2-47de-9a30-10e1dea3bd1d', 'usr_307');
INSERT INTO trabalho.comentarios_podcast_usuario VALUES ('comment_307_1_0', 'Adipisci autem tempora atque.', 'b553d865-8fe2-47de-9a30-10e1dea3bd1d', 'usr_307');
INSERT INTO trabalho.comentarios_podcast_usuario VALUES ('comment_307_2_0', 'Non fugiat nostrum quis suscipit ducimus blanditiis facilis commodi.', 'b553d865-8fe2-47de-9a30-10e1dea3bd1d', 'usr_307');
INSERT INTO trabalho.log_acesso VALUES ('log_307_0_0', 'b553d865-8fe2-47de-9a30-10e1dea3bd1d', 'usr_307');
INSERT INTO trabalho.log_acesso VALUES ('log_307_1_0', 'b553d865-8fe2-47de-9a30-10e1dea3bd1d', 'usr_307');
INSERT INTO trabalho.log_acesso VALUES ('log_307_2_0', 'b553d865-8fe2-47de-9a30-10e1dea3bd1d', 'usr_307');
INSERT INTO trabalho.log_acesso VALUES ('log_307_3_0', 'b553d865-8fe2-47de-9a30-10e1dea3bd1d', 'usr_307');
INSERT INTO trabalho.usuario_esta_inscrito_no_podcast VALUES (2, 'c58b280a-56d4-4ad8-8c85-730e4ea86361', 'usr_307');
INSERT INTO trabalho.comentarios_podcast_usuario VALUES ('comment_307_0_1', 'Ipsam voluptatem et animi quia.', 'c58b280a-56d4-4ad8-8c85-730e4ea86361', 'usr_307');
INSERT INTO trabalho.log_acesso VALUES ('log_307_0_1', 'c58b280a-56d4-4ad8-8c85-730e4ea86361', 'usr_307');
INSERT INTO trabalho.log_acesso VALUES ('log_307_1_1', 'c58b280a-56d4-4ad8-8c85-730e4ea86361', 'usr_307');
INSERT INTO trabalho.log_acesso VALUES ('log_307_2_1', 'c58b280a-56d4-4ad8-8c85-730e4ea86361', 'usr_307');
INSERT INTO trabalho.log_acesso VALUES ('log_307_3_1', 'c58b280a-56d4-4ad8-8c85-730e4ea86361', 'usr_307');
INSERT INTO trabalho.log_acesso VALUES ('log_307_4_1', 'c58b280a-56d4-4ad8-8c85-730e4ea86361', 'usr_307');
INSERT INTO trabalho.usuario_esta_inscrito_no_podcast VALUES (4, 'f1b92ce7-47a7-43cd-8586-4a09185cdd05', 'usr_307');
INSERT INTO trabalho.comentarios_podcast_usuario VALUES ('comment_307_0_2', 'Autem ullam laborum quod velit doloremque eius nostrum assumenda sequi.', 'f1b92ce7-47a7-43cd-8586-4a09185cdd05', 'usr_307');
INSERT INTO trabalho.comentarios_podcast_usuario VALUES ('comment_307_1_2', 'Officia aut placeat voluptatem nobis consequatur commodi explicabo commodi doloremque.', 'f1b92ce7-47a7-43cd-8586-4a09185cdd05', 'usr_307');
INSERT INTO trabalho.log_acesso VALUES ('log_307_0_2', 'f1b92ce7-47a7-43cd-8586-4a09185cdd05', 'usr_307');
INSERT INTO trabalho.usuario VALUES ('usr_308', '308_Deneval_Braga@gmail.com', 'Deneval Braga', 'male', 36, trabalho.hashPassword('Password123'), 'Jersey');
INSERT INTO trabalho.usuario_esta_inscrito_no_podcast VALUES (4, 'fa3abe16-3645-4d22-a01d-893e6f20c408', 'usr_308');
INSERT INTO trabalho.comentarios_podcast_usuario VALUES ('comment_308_0_0', 'Et facere veritatis sunt eum ipsa.', 'fa3abe16-3645-4d22-a01d-893e6f20c408', 'usr_308');
INSERT INTO trabalho.comentarios_podcast_usuario VALUES ('comment_308_1_0', 'Impedit adipisci corporis.', 'fa3abe16-3645-4d22-a01d-893e6f20c408', 'usr_308');
INSERT INTO trabalho.comentarios_podcast_usuario VALUES ('comment_308_2_0', 'Excepturi eius debitis sequi quo dolore excepturi repellendus.', 'fa3abe16-3645-4d22-a01d-893e6f20c408', 'usr_308');
INSERT INTO trabalho.comentarios_podcast_usuario VALUES ('comment_308_3_0', 'Deleniti et id fuga quia nihil nobis est cum.', 'fa3abe16-3645-4d22-a01d-893e6f20c408', 'usr_308');
INSERT INTO trabalho.log_acesso VALUES ('log_308_0_0', 'fa3abe16-3645-4d22-a01d-893e6f20c408', 'usr_308');
INSERT INTO trabalho.log_acesso VALUES ('log_308_1_0', 'fa3abe16-3645-4d22-a01d-893e6f20c408', 'usr_308');
INSERT INTO trabalho.usuario_esta_inscrito_no_podcast VALUES (2, '5bdf7377-8330-4f9f-8efd-e95301c122ce', 'usr_308');
INSERT INTO trabalho.comentarios_podcast_usuario VALUES ('comment_308_0_1', 'Tempora adipisci eveniet vel incidunt animi omnis.', '5bdf7377-8330-4f9f-8efd-e95301c122ce', 'usr_308');
INSERT INTO trabalho.comentarios_podcast_usuario VALUES ('comment_308_1_1', 'Ut voluptas maiores est.', '5bdf7377-8330-4f9f-8efd-e95301c122ce', 'usr_308');
INSERT INTO trabalho.comentarios_podcast_usuario VALUES ('comment_308_2_1', 'Accusamus quia ut quasi iste quos.', '5bdf7377-8330-4f9f-8efd-e95301c122ce', 'usr_308');
INSERT INTO trabalho.log_acesso VALUES ('log_308_0_1', '5bdf7377-8330-4f9f-8efd-e95301c122ce', 'usr_308');
INSERT INTO trabalho.log_acesso VALUES ('log_308_1_1', '5bdf7377-8330-4f9f-8efd-e95301c122ce', 'usr_308');
INSERT INTO trabalho.log_acesso VALUES ('log_308_2_1', '5bdf7377-8330-4f9f-8efd-e95301c122ce', 'usr_308');
INSERT INTO trabalho.log_acesso VALUES ('log_308_3_1', '5bdf7377-8330-4f9f-8efd-e95301c122ce', 'usr_308');
INSERT INTO trabalho.log_acesso VALUES ('log_308_4_1', '5bdf7377-8330-4f9f-8efd-e95301c122ce', 'usr_308');
INSERT INTO trabalho.usuario_esta_inscrito_no_podcast VALUES (4, '67074e68-bc2f-442b-8af2-7d328b6af6eb', 'usr_308');
INSERT INTO trabalho.comentarios_podcast_usuario VALUES ('comment_308_0_2', 'Est ad iure necessitatibus illum.', '67074e68-bc2f-442b-8af2-7d328b6af6eb', 'usr_308');
INSERT INTO trabalho.comentarios_podcast_usuario VALUES ('comment_308_1_2', 'Laborum dignissimos omnis nobis excepturi iste occaecati error praesentium maiores.', '67074e68-bc2f-442b-8af2-7d328b6af6eb', 'usr_308');
INSERT INTO trabalho.comentarios_podcast_usuario VALUES ('comment_308_2_2', 'Voluptas impedit explicabo in porro ea.', '67074e68-bc2f-442b-8af2-7d328b6af6eb', 'usr_308');
INSERT INTO trabalho.log_acesso VALUES ('log_308_0_2', '67074e68-bc2f-442b-8af2-7d328b6af6eb', 'usr_308');
INSERT INTO trabalho.usuario VALUES ('usr_309', '309_Elsio_Moraes@hotmail.com', 'Elísio Moraes', 'male', 7, trabalho.hashPassword('Password123'), 'Somália');
INSERT INTO trabalho.usuario_esta_inscrito_no_podcast VALUES (5, '168c1536-4c42-4b8f-8c77-f06affefec6a', 'usr_309');
INSERT INTO trabalho.comentarios_podcast_usuario VALUES ('comment_309_0_0', 'Dolorem excepturi quia quisquam aperiam qui id officia maiores quia.', '168c1536-4c42-4b8f-8c77-f06affefec6a', 'usr_309');
INSERT INTO trabalho.comentarios_podcast_usuario VALUES ('comment_309_1_0', 'Molestias aspernatur delectus eos porro delectus optio recusandae.', '168c1536-4c42-4b8f-8c77-f06affefec6a', 'usr_309');
INSERT INTO trabalho.comentarios_podcast_usuario VALUES ('comment_309_2_0', 'Reiciendis doloremque laudantium.', '168c1536-4c42-4b8f-8c77-f06affefec6a', 'usr_309');
INSERT INTO trabalho.log_acesso VALUES ('log_309_0_0', '168c1536-4c42-4b8f-8c77-f06affefec6a', 'usr_309');
INSERT INTO trabalho.log_acesso VALUES ('log_309_1_0', '168c1536-4c42-4b8f-8c77-f06affefec6a', 'usr_309');
INSERT INTO trabalho.usuario_esta_inscrito_no_podcast VALUES (2, '7e429e8e-7669-403d-bb78-3cd7f9f75afd', 'usr_309');
INSERT INTO trabalho.comentarios_podcast_usuario VALUES ('comment_309_0_1', 'Deserunt iste labore voluptatem.', '7e429e8e-7669-403d-bb78-3cd7f9f75afd', 'usr_309');
INSERT INTO trabalho.comentarios_podcast_usuario VALUES ('comment_309_1_1', 'Ut maxime qui ad possimus quae.', '7e429e8e-7669-403d-bb78-3cd7f9f75afd', 'usr_309');
INSERT INTO trabalho.comentarios_podcast_usuario VALUES ('comment_309_2_1', 'Molestiae qui sed adipisci.', '7e429e8e-7669-403d-bb78-3cd7f9f75afd', 'usr_309');
INSERT INTO trabalho.log_acesso VALUES ('log_309_0_1', '7e429e8e-7669-403d-bb78-3cd7f9f75afd', 'usr_309');
INSERT INTO trabalho.log_acesso VALUES ('log_309_1_1', '7e429e8e-7669-403d-bb78-3cd7f9f75afd', 'usr_309');
INSERT INTO trabalho.log_acesso VALUES ('log_309_2_1', '7e429e8e-7669-403d-bb78-3cd7f9f75afd', 'usr_309');
INSERT INTO trabalho.log_acesso VALUES ('log_309_3_1', '7e429e8e-7669-403d-bb78-3cd7f9f75afd', 'usr_309');
INSERT INTO trabalho.log_acesso VALUES ('log_309_4_1', '7e429e8e-7669-403d-bb78-3cd7f9f75afd', 'usr_309');
INSERT INTO trabalho.usuario_esta_inscrito_no_podcast VALUES (1, 'bc8dac25-793c-4a96-aafc-4ea7020f4f60', 'usr_309');
INSERT INTO trabalho.comentarios_podcast_usuario VALUES ('comment_309_0_2', 'Officiis ipsam iusto voluptatum ut sed.', 'bc8dac25-793c-4a96-aafc-4ea7020f4f60', 'usr_309');
INSERT INTO trabalho.comentarios_podcast_usuario VALUES ('comment_309_1_2', 'Accusamus inventore esse dolor.', 'bc8dac25-793c-4a96-aafc-4ea7020f4f60', 'usr_309');
INSERT INTO trabalho.comentarios_podcast_usuario VALUES ('comment_309_2_2', 'Voluptate harum voluptatem eaque.', 'bc8dac25-793c-4a96-aafc-4ea7020f4f60', 'usr_309');
INSERT INTO trabalho.log_acesso VALUES ('log_309_0_2', 'bc8dac25-793c-4a96-aafc-4ea7020f4f60', 'usr_309');
INSERT INTO trabalho.log_acesso VALUES ('log_309_1_2', 'bc8dac25-793c-4a96-aafc-4ea7020f4f60', 'usr_309');
INSERT INTO trabalho.log_acesso VALUES ('log_309_2_2', 'bc8dac25-793c-4a96-aafc-4ea7020f4f60', 'usr_309');
INSERT INTO trabalho.log_acesso VALUES ('log_309_3_2', 'bc8dac25-793c-4a96-aafc-4ea7020f4f60', 'usr_309');
INSERT INTO trabalho.log_acesso VALUES ('log_309_4_2', 'bc8dac25-793c-4a96-aafc-4ea7020f4f60', 'usr_309');
INSERT INTO trabalho.usuario VALUES ('usr_310', '310_Ceclia.Moraes@gmail.com', 'Cecília Moraes', 'female', 10, trabalho.hashPassword('Password123'), 'Síria');
INSERT INTO trabalho.usuario_esta_inscrito_no_podcast VALUES (5, '168c1536-4c42-4b8f-8c77-f06affefec6a', 'usr_310');
INSERT INTO trabalho.comentarios_podcast_usuario VALUES ('comment_310_0_0', 'Dolores consectetur consequuntur.', '168c1536-4c42-4b8f-8c77-f06affefec6a', 'usr_310');
INSERT INTO trabalho.comentarios_podcast_usuario VALUES ('comment_310_1_0', 'Et fugit aut in officiis omnis tempore excepturi.', '168c1536-4c42-4b8f-8c77-f06affefec6a', 'usr_310');
INSERT INTO trabalho.comentarios_podcast_usuario VALUES ('comment_310_2_0', 'Sit similique quibusdam doloremque ipsam sed rerum quia quae.', '168c1536-4c42-4b8f-8c77-f06affefec6a', 'usr_310');
INSERT INTO trabalho.comentarios_podcast_usuario VALUES ('comment_310_3_0', 'Consectetur perferendis aperiam quae necessitatibus dolorem ipsam.', '168c1536-4c42-4b8f-8c77-f06affefec6a', 'usr_310');
INSERT INTO trabalho.comentarios_podcast_usuario VALUES ('comment_310_4_0', 'Blanditiis quam ut.', '168c1536-4c42-4b8f-8c77-f06affefec6a', 'usr_310');
INSERT INTO trabalho.comentarios_podcast_usuario VALUES ('comment_310_5_0', 'Fuga voluptatem et ex.', '168c1536-4c42-4b8f-8c77-f06affefec6a', 'usr_310');
INSERT INTO trabalho.log_acesso VALUES ('log_310_0_0', '168c1536-4c42-4b8f-8c77-f06affefec6a', 'usr_310');
INSERT INTO trabalho.log_acesso VALUES ('log_310_1_0', '168c1536-4c42-4b8f-8c77-f06affefec6a', 'usr_310');
INSERT INTO trabalho.usuario_esta_inscrito_no_podcast VALUES (3, '5bdf7377-8330-4f9f-8efd-e95301c122ce', 'usr_310');
INSERT INTO trabalho.comentarios_podcast_usuario VALUES ('comment_310_0_1', 'Deleniti unde accusantium cupiditate non est.', '5bdf7377-8330-4f9f-8efd-e95301c122ce', 'usr_310');
INSERT INTO trabalho.comentarios_podcast_usuario VALUES ('comment_310_1_1', 'Eligendi quia atque ut.', '5bdf7377-8330-4f9f-8efd-e95301c122ce', 'usr_310');
INSERT INTO trabalho.comentarios_podcast_usuario VALUES ('comment_310_2_1', 'Laboriosam ipsam exercitationem quia quia saepe.', '5bdf7377-8330-4f9f-8efd-e95301c122ce', 'usr_310');
INSERT INTO trabalho.log_acesso VALUES ('log_310_0_1', '5bdf7377-8330-4f9f-8efd-e95301c122ce', 'usr_310');
INSERT INTO trabalho.log_acesso VALUES ('log_310_1_1', '5bdf7377-8330-4f9f-8efd-e95301c122ce', 'usr_310');
INSERT INTO trabalho.log_acesso VALUES ('log_310_2_1', '5bdf7377-8330-4f9f-8efd-e95301c122ce', 'usr_310');
INSERT INTO trabalho.log_acesso VALUES ('log_310_3_1', '5bdf7377-8330-4f9f-8efd-e95301c122ce', 'usr_310');
INSERT INTO trabalho.usuario_esta_inscrito_no_podcast VALUES (4, 'f8e13774-d631-4f34-93f0-2f5d55590265', 'usr_310');
INSERT INTO trabalho.comentarios_podcast_usuario VALUES ('comment_310_0_2', 'Quidem aperiam maiores magni et ex.', 'f8e13774-d631-4f34-93f0-2f5d55590265', 'usr_310');
INSERT INTO trabalho.comentarios_podcast_usuario VALUES ('comment_310_1_2', 'Maxime rerum dolor velit non.', 'f8e13774-d631-4f34-93f0-2f5d55590265', 'usr_310');
INSERT INTO trabalho.comentarios_podcast_usuario VALUES ('comment_310_2_2', 'Dolorem et quasi modi quibusdam aut.', 'f8e13774-d631-4f34-93f0-2f5d55590265', 'usr_310');
INSERT INTO trabalho.comentarios_podcast_usuario VALUES ('comment_310_3_2', 'Cumque facere illo natus non iusto error et quas.', 'f8e13774-d631-4f34-93f0-2f5d55590265', 'usr_310');
INSERT INTO trabalho.log_acesso VALUES ('log_310_0_2', 'f8e13774-d631-4f34-93f0-2f5d55590265', 'usr_310');
INSERT INTO trabalho.log_acesso VALUES ('log_310_1_2', 'f8e13774-d631-4f34-93f0-2f5d55590265', 'usr_310');
INSERT INTO trabalho.log_acesso VALUES ('log_310_2_2', 'f8e13774-d631-4f34-93f0-2f5d55590265', 'usr_310');
INSERT INTO trabalho.log_acesso VALUES ('log_310_3_2', 'f8e13774-d631-4f34-93f0-2f5d55590265', 'usr_310');
INSERT INTO trabalho.log_acesso VALUES ('log_310_4_2', 'f8e13774-d631-4f34-93f0-2f5d55590265', 'usr_310');
INSERT INTO trabalho.usuario VALUES ('usr_311', '311_Ceclia69@hotmail.com', 'Cecília Silva', 'female', 56, trabalho.hashPassword('Password123'), 'Samoa');
INSERT INTO trabalho.usuario_esta_inscrito_no_podcast VALUES (3, 'de2f0ddb-9903-436a-a5e2-54224254c818', 'usr_311');
INSERT INTO trabalho.comentarios_podcast_usuario VALUES ('comment_311_0_0', 'Esse suscipit est officiis iusto.', 'de2f0ddb-9903-436a-a5e2-54224254c818', 'usr_311');
INSERT INTO trabalho.comentarios_podcast_usuario VALUES ('comment_311_1_0', 'Aut qui officia dolor.', 'de2f0ddb-9903-436a-a5e2-54224254c818', 'usr_311');
INSERT INTO trabalho.log_acesso VALUES ('log_311_0_0', 'de2f0ddb-9903-436a-a5e2-54224254c818', 'usr_311');
INSERT INTO trabalho.log_acesso VALUES ('log_311_1_0', 'de2f0ddb-9903-436a-a5e2-54224254c818', 'usr_311');
INSERT INTO trabalho.log_acesso VALUES ('log_311_2_0', 'de2f0ddb-9903-436a-a5e2-54224254c818', 'usr_311');
INSERT INTO trabalho.usuario_esta_inscrito_no_podcast VALUES (3, '7e429e8e-7669-403d-bb78-3cd7f9f75afd', 'usr_311');
INSERT INTO trabalho.comentarios_podcast_usuario VALUES ('comment_311_0_1', 'Maiores veritatis earum in reprehenderit.', '7e429e8e-7669-403d-bb78-3cd7f9f75afd', 'usr_311');
INSERT INTO trabalho.comentarios_podcast_usuario VALUES ('comment_311_1_1', 'Ut culpa id dolor commodi.', '7e429e8e-7669-403d-bb78-3cd7f9f75afd', 'usr_311');
INSERT INTO trabalho.comentarios_podcast_usuario VALUES ('comment_311_2_1', 'Atque aut ut.', '7e429e8e-7669-403d-bb78-3cd7f9f75afd', 'usr_311');
INSERT INTO trabalho.comentarios_podcast_usuario VALUES ('comment_311_3_1', 'Corrupti rerum officiis rerum.', '7e429e8e-7669-403d-bb78-3cd7f9f75afd', 'usr_311');
INSERT INTO trabalho.log_acesso VALUES ('log_311_0_1', '7e429e8e-7669-403d-bb78-3cd7f9f75afd', 'usr_311');
INSERT INTO trabalho.log_acesso VALUES ('log_311_1_1', '7e429e8e-7669-403d-bb78-3cd7f9f75afd', 'usr_311');
INSERT INTO trabalho.log_acesso VALUES ('log_311_2_1', '7e429e8e-7669-403d-bb78-3cd7f9f75afd', 'usr_311');
INSERT INTO trabalho.log_acesso VALUES ('log_311_3_1', '7e429e8e-7669-403d-bb78-3cd7f9f75afd', 'usr_311');
INSERT INTO trabalho.log_acesso VALUES ('log_311_4_1', '7e429e8e-7669-403d-bb78-3cd7f9f75afd', 'usr_311');
INSERT INTO trabalho.usuario_esta_inscrito_no_podcast VALUES (4, '219328a1-cec6-4e8c-b003-52a3ec9766bb', 'usr_311');
INSERT INTO trabalho.comentarios_podcast_usuario VALUES ('comment_311_0_2', 'Nulla nemo illum quos et qui rerum officiis.', '219328a1-cec6-4e8c-b003-52a3ec9766bb', 'usr_311');
INSERT INTO trabalho.comentarios_podcast_usuario VALUES ('comment_311_1_2', 'Voluptatem rem dolor mollitia alias.', '219328a1-cec6-4e8c-b003-52a3ec9766bb', 'usr_311');
INSERT INTO trabalho.comentarios_podcast_usuario VALUES ('comment_311_2_2', 'Voluptas necessitatibus expedita assumenda non et tempore.', '219328a1-cec6-4e8c-b003-52a3ec9766bb', 'usr_311');
INSERT INTO trabalho.comentarios_podcast_usuario VALUES ('comment_311_3_2', 'Ut consequatur distinctio eos.', '219328a1-cec6-4e8c-b003-52a3ec9766bb', 'usr_311');
INSERT INTO trabalho.log_acesso VALUES ('log_311_0_2', '219328a1-cec6-4e8c-b003-52a3ec9766bb', 'usr_311');
INSERT INTO trabalho.log_acesso VALUES ('log_311_1_2', '219328a1-cec6-4e8c-b003-52a3ec9766bb', 'usr_311');
INSERT INTO trabalho.log_acesso VALUES ('log_311_2_2', '219328a1-cec6-4e8c-b003-52a3ec9766bb', 'usr_311');
INSERT INTO trabalho.log_acesso VALUES ('log_311_3_2', '219328a1-cec6-4e8c-b003-52a3ec9766bb', 'usr_311');
INSERT INTO trabalho.usuario VALUES ('usr_312', '312_Elo12@bol.com.br', 'Eloá Pereira', 'female', 46, trabalho.hashPassword('Password123'), 'Mônaco');
INSERT INTO trabalho.usuario_esta_inscrito_no_podcast VALUES (5, 'f8e13774-d631-4f34-93f0-2f5d55590265', 'usr_312');
INSERT INTO trabalho.comentarios_podcast_usuario VALUES ('comment_312_0_0', 'Modi rerum incidunt fugiat.', 'f8e13774-d631-4f34-93f0-2f5d55590265', 'usr_312');
INSERT INTO trabalho.comentarios_podcast_usuario VALUES ('comment_312_1_0', 'Accusantium fugit consequatur.', 'f8e13774-d631-4f34-93f0-2f5d55590265', 'usr_312');
INSERT INTO trabalho.comentarios_podcast_usuario VALUES ('comment_312_2_0', 'Dignissimos dolor ut voluptatem rem repellat veritatis fuga reprehenderit.', 'f8e13774-d631-4f34-93f0-2f5d55590265', 'usr_312');
INSERT INTO trabalho.comentarios_podcast_usuario VALUES ('comment_312_3_0', 'Et quia illo illo.', 'f8e13774-d631-4f34-93f0-2f5d55590265', 'usr_312');
INSERT INTO trabalho.log_acesso VALUES ('log_312_0_0', 'f8e13774-d631-4f34-93f0-2f5d55590265', 'usr_312');
INSERT INTO trabalho.usuario_esta_inscrito_no_podcast VALUES (3, 'af46a958-b921-47b6-9f87-5c4fdc68ea79', 'usr_312');
INSERT INTO trabalho.comentarios_podcast_usuario VALUES ('comment_312_0_1', 'Veniam qui error quae et natus et.', 'af46a958-b921-47b6-9f87-5c4fdc68ea79', 'usr_312');
INSERT INTO trabalho.log_acesso VALUES ('log_312_0_1', 'af46a958-b921-47b6-9f87-5c4fdc68ea79', 'usr_312');
INSERT INTO trabalho.log_acesso VALUES ('log_312_1_1', 'af46a958-b921-47b6-9f87-5c4fdc68ea79', 'usr_312');
INSERT INTO trabalho.log_acesso VALUES ('log_312_2_1', 'af46a958-b921-47b6-9f87-5c4fdc68ea79', 'usr_312');
INSERT INTO trabalho.log_acesso VALUES ('log_312_3_1', 'af46a958-b921-47b6-9f87-5c4fdc68ea79', 'usr_312');
INSERT INTO trabalho.log_acesso VALUES ('log_312_4_1', 'af46a958-b921-47b6-9f87-5c4fdc68ea79', 'usr_312');
INSERT INTO trabalho.log_acesso VALUES ('log_312_5_1', 'af46a958-b921-47b6-9f87-5c4fdc68ea79', 'usr_312');
INSERT INTO trabalho.usuario_esta_inscrito_no_podcast VALUES (1, 'b553d865-8fe2-47de-9a30-10e1dea3bd1d', 'usr_312');
INSERT INTO trabalho.comentarios_podcast_usuario VALUES ('comment_312_0_2', 'Modi id necessitatibus neque aliquam voluptatem doloremque excepturi vel.', 'b553d865-8fe2-47de-9a30-10e1dea3bd1d', 'usr_312');
INSERT INTO trabalho.log_acesso VALUES ('log_312_0_2', 'b553d865-8fe2-47de-9a30-10e1dea3bd1d', 'usr_312');
INSERT INTO trabalho.log_acesso VALUES ('log_312_1_2', 'b553d865-8fe2-47de-9a30-10e1dea3bd1d', 'usr_312');
INSERT INTO trabalho.log_acesso VALUES ('log_312_2_2', 'b553d865-8fe2-47de-9a30-10e1dea3bd1d', 'usr_312');
INSERT INTO trabalho.log_acesso VALUES ('log_312_3_2', 'b553d865-8fe2-47de-9a30-10e1dea3bd1d', 'usr_312');
INSERT INTO trabalho.log_acesso VALUES ('log_312_4_2', 'b553d865-8fe2-47de-9a30-10e1dea3bd1d', 'usr_312');
INSERT INTO trabalho.log_acesso VALUES ('log_312_5_2', 'b553d865-8fe2-47de-9a30-10e1dea3bd1d', 'usr_312');
INSERT INTO trabalho.usuario VALUES ('usr_313', '313_Janana_Costa@live.com', 'Janaína Costa', 'female', 24, trabalho.hashPassword('Password123'), 'Etiópia');
INSERT INTO trabalho.usuario_esta_inscrito_no_podcast VALUES (0, 'bc8dac25-793c-4a96-aafc-4ea7020f4f60', 'usr_313');
INSERT INTO trabalho.comentarios_podcast_usuario VALUES ('comment_313_0_0', 'Omnis qui qui dolor ipsam velit aliquid quia iusto.', 'bc8dac25-793c-4a96-aafc-4ea7020f4f60', 'usr_313');
INSERT INTO trabalho.comentarios_podcast_usuario VALUES ('comment_313_1_0', 'Dicta est quidem numquam alias adipisci.', 'bc8dac25-793c-4a96-aafc-4ea7020f4f60', 'usr_313');
INSERT INTO trabalho.comentarios_podcast_usuario VALUES ('comment_313_2_0', 'Quos aspernatur commodi mollitia.', 'bc8dac25-793c-4a96-aafc-4ea7020f4f60', 'usr_313');
INSERT INTO trabalho.comentarios_podcast_usuario VALUES ('comment_313_3_0', 'Odio placeat minima quia quo voluptatem ea et.', 'bc8dac25-793c-4a96-aafc-4ea7020f4f60', 'usr_313');
INSERT INTO trabalho.log_acesso VALUES ('log_313_0_0', 'bc8dac25-793c-4a96-aafc-4ea7020f4f60', 'usr_313');
INSERT INTO trabalho.usuario_esta_inscrito_no_podcast VALUES (1, 'de2f0ddb-9903-436a-a5e2-54224254c818', 'usr_313');
INSERT INTO trabalho.comentarios_podcast_usuario VALUES ('comment_313_0_1', 'Eius voluptatem sed quia.', 'de2f0ddb-9903-436a-a5e2-54224254c818', 'usr_313');
INSERT INTO trabalho.comentarios_podcast_usuario VALUES ('comment_313_1_1', 'Ea sapiente ut ipsa et.', 'de2f0ddb-9903-436a-a5e2-54224254c818', 'usr_313');
INSERT INTO trabalho.comentarios_podcast_usuario VALUES ('comment_313_2_1', 'Qui impedit et aut excepturi aliquam.', 'de2f0ddb-9903-436a-a5e2-54224254c818', 'usr_313');
INSERT INTO trabalho.comentarios_podcast_usuario VALUES ('comment_313_3_1', 'Cumque repellat maxime optio repellat autem asperiores.', 'de2f0ddb-9903-436a-a5e2-54224254c818', 'usr_313');
INSERT INTO trabalho.log_acesso VALUES ('log_313_0_1', 'de2f0ddb-9903-436a-a5e2-54224254c818', 'usr_313');
INSERT INTO trabalho.log_acesso VALUES ('log_313_1_1', 'de2f0ddb-9903-436a-a5e2-54224254c818', 'usr_313');
INSERT INTO trabalho.log_acesso VALUES ('log_313_2_1', 'de2f0ddb-9903-436a-a5e2-54224254c818', 'usr_313');
INSERT INTO trabalho.log_acesso VALUES ('log_313_3_1', 'de2f0ddb-9903-436a-a5e2-54224254c818', 'usr_313');
INSERT INTO trabalho.log_acesso VALUES ('log_313_4_1', 'de2f0ddb-9903-436a-a5e2-54224254c818', 'usr_313');
INSERT INTO trabalho.log_acesso VALUES ('log_313_5_1', 'de2f0ddb-9903-436a-a5e2-54224254c818', 'usr_313');
INSERT INTO trabalho.log_acesso VALUES ('log_313_6_1', 'de2f0ddb-9903-436a-a5e2-54224254c818', 'usr_313');
INSERT INTO trabalho.usuario_esta_inscrito_no_podcast VALUES (2, '219328a1-cec6-4e8c-b003-52a3ec9766bb', 'usr_313');
INSERT INTO trabalho.comentarios_podcast_usuario VALUES ('comment_313_0_2', 'Non rerum consequatur molestias sunt eveniet ut nisi.', '219328a1-cec6-4e8c-b003-52a3ec9766bb', 'usr_313');
INSERT INTO trabalho.comentarios_podcast_usuario VALUES ('comment_313_1_2', 'Id quia cum odit.', '219328a1-cec6-4e8c-b003-52a3ec9766bb', 'usr_313');
INSERT INTO trabalho.comentarios_podcast_usuario VALUES ('comment_313_2_2', 'Dolor voluptatem magni quam exercitationem illo qui eveniet ut.', '219328a1-cec6-4e8c-b003-52a3ec9766bb', 'usr_313');
INSERT INTO trabalho.log_acesso VALUES ('log_313_0_2', '219328a1-cec6-4e8c-b003-52a3ec9766bb', 'usr_313');
INSERT INTO trabalho.log_acesso VALUES ('log_313_1_2', '219328a1-cec6-4e8c-b003-52a3ec9766bb', 'usr_313');
INSERT INTO trabalho.log_acesso VALUES ('log_313_2_2', '219328a1-cec6-4e8c-b003-52a3ec9766bb', 'usr_313');
INSERT INTO trabalho.usuario VALUES ('usr_314', '314_Beatriz_Saraiva94@live.com', 'Beatriz Saraiva', 'female', 25, trabalho.hashPassword('Password123'), 'Anguila');
INSERT INTO trabalho.usuario_esta_inscrito_no_podcast VALUES (5, '67074e68-bc2f-442b-8af2-7d328b6af6eb', 'usr_314');
INSERT INTO trabalho.comentarios_podcast_usuario VALUES ('comment_314_0_0', 'Qui debitis occaecati quaerat unde sed eligendi natus.', '67074e68-bc2f-442b-8af2-7d328b6af6eb', 'usr_314');
INSERT INTO trabalho.log_acesso VALUES ('log_314_0_0', '67074e68-bc2f-442b-8af2-7d328b6af6eb', 'usr_314');
INSERT INTO trabalho.log_acesso VALUES ('log_314_1_0', '67074e68-bc2f-442b-8af2-7d328b6af6eb', 'usr_314');
INSERT INTO trabalho.log_acesso VALUES ('log_314_2_0', '67074e68-bc2f-442b-8af2-7d328b6af6eb', 'usr_314');
INSERT INTO trabalho.log_acesso VALUES ('log_314_3_0', '67074e68-bc2f-442b-8af2-7d328b6af6eb', 'usr_314');
INSERT INTO trabalho.log_acesso VALUES ('log_314_4_0', '67074e68-bc2f-442b-8af2-7d328b6af6eb', 'usr_314');
INSERT INTO trabalho.usuario_esta_inscrito_no_podcast VALUES (2, 'c58b280a-56d4-4ad8-8c85-730e4ea86361', 'usr_314');
INSERT INTO trabalho.comentarios_podcast_usuario VALUES ('comment_314_0_1', 'Porro nesciunt repudiandae.', 'c58b280a-56d4-4ad8-8c85-730e4ea86361', 'usr_314');
INSERT INTO trabalho.comentarios_podcast_usuario VALUES ('comment_314_1_1', 'Reiciendis commodi voluptas consequuntur necessitatibus.', 'c58b280a-56d4-4ad8-8c85-730e4ea86361', 'usr_314');
INSERT INTO trabalho.comentarios_podcast_usuario VALUES ('comment_314_2_1', 'Non cum sunt beatae magnam.', 'c58b280a-56d4-4ad8-8c85-730e4ea86361', 'usr_314');
INSERT INTO trabalho.log_acesso VALUES ('log_314_0_1', 'c58b280a-56d4-4ad8-8c85-730e4ea86361', 'usr_314');
INSERT INTO trabalho.usuario_esta_inscrito_no_podcast VALUES (1, '7e429e8e-7669-403d-bb78-3cd7f9f75afd', 'usr_314');
INSERT INTO trabalho.comentarios_podcast_usuario VALUES ('comment_314_0_2', 'Commodi eius et at a omnis veniam aperiam iusto.', '7e429e8e-7669-403d-bb78-3cd7f9f75afd', 'usr_314');
INSERT INTO trabalho.comentarios_podcast_usuario VALUES ('comment_314_1_2', 'Nesciunt optio rerum ab.', '7e429e8e-7669-403d-bb78-3cd7f9f75afd', 'usr_314');
INSERT INTO trabalho.comentarios_podcast_usuario VALUES ('comment_314_2_2', 'Et alias sint quod fuga laborum consequuntur.', '7e429e8e-7669-403d-bb78-3cd7f9f75afd', 'usr_314');
INSERT INTO trabalho.comentarios_podcast_usuario VALUES ('comment_314_3_2', 'Officiis qui cumque aut cupiditate.', '7e429e8e-7669-403d-bb78-3cd7f9f75afd', 'usr_314');
INSERT INTO trabalho.comentarios_podcast_usuario VALUES ('comment_314_4_2', 'Voluptatem consequuntur eum quis deserunt neque voluptates.', '7e429e8e-7669-403d-bb78-3cd7f9f75afd', 'usr_314');
INSERT INTO trabalho.log_acesso VALUES ('log_314_0_2', '7e429e8e-7669-403d-bb78-3cd7f9f75afd', 'usr_314');
INSERT INTO trabalho.log_acesso VALUES ('log_314_1_2', '7e429e8e-7669-403d-bb78-3cd7f9f75afd', 'usr_314');
INSERT INTO trabalho.log_acesso VALUES ('log_314_2_2', '7e429e8e-7669-403d-bb78-3cd7f9f75afd', 'usr_314');
INSERT INTO trabalho.usuario VALUES ('usr_315', '315_Matheus.Moraes39@yahoo.com', 'Matheus Moraes', 'male', 33, trabalho.hashPassword('Password123'), 'Camboja');
INSERT INTO trabalho.usuario_esta_inscrito_no_podcast VALUES (4, 'bc8dac25-793c-4a96-aafc-4ea7020f4f60', 'usr_315');
INSERT INTO trabalho.comentarios_podcast_usuario VALUES ('comment_315_0_0', 'Sit earum et saepe minima tenetur ducimus.', 'bc8dac25-793c-4a96-aafc-4ea7020f4f60', 'usr_315');
INSERT INTO trabalho.log_acesso VALUES ('log_315_0_0', 'bc8dac25-793c-4a96-aafc-4ea7020f4f60', 'usr_315');
INSERT INTO trabalho.log_acesso VALUES ('log_315_1_0', 'bc8dac25-793c-4a96-aafc-4ea7020f4f60', 'usr_315');
INSERT INTO trabalho.log_acesso VALUES ('log_315_2_0', 'bc8dac25-793c-4a96-aafc-4ea7020f4f60', 'usr_315');
INSERT INTO trabalho.usuario_esta_inscrito_no_podcast VALUES (2, 'f1b92ce7-47a7-43cd-8586-4a09185cdd05', 'usr_315');
INSERT INTO trabalho.comentarios_podcast_usuario VALUES ('comment_315_0_1', 'Fugiat inventore molestiae qui eius praesentium nulla distinctio eos adipisci.', 'f1b92ce7-47a7-43cd-8586-4a09185cdd05', 'usr_315');
INSERT INTO trabalho.comentarios_podcast_usuario VALUES ('comment_315_1_1', 'Quia omnis eos magni alias rerum deserunt atque reiciendis est.', 'f1b92ce7-47a7-43cd-8586-4a09185cdd05', 'usr_315');
INSERT INTO trabalho.comentarios_podcast_usuario VALUES ('comment_315_2_1', 'Doloremque dolor placeat dolor illum laboriosam nemo.', 'f1b92ce7-47a7-43cd-8586-4a09185cdd05', 'usr_315');
INSERT INTO trabalho.log_acesso VALUES ('log_315_0_1', 'f1b92ce7-47a7-43cd-8586-4a09185cdd05', 'usr_315');
INSERT INTO trabalho.log_acesso VALUES ('log_315_1_1', 'f1b92ce7-47a7-43cd-8586-4a09185cdd05', 'usr_315');
INSERT INTO trabalho.log_acesso VALUES ('log_315_2_1', 'f1b92ce7-47a7-43cd-8586-4a09185cdd05', 'usr_315');
INSERT INTO trabalho.log_acesso VALUES ('log_315_3_1', 'f1b92ce7-47a7-43cd-8586-4a09185cdd05', 'usr_315');
INSERT INTO trabalho.usuario_esta_inscrito_no_podcast VALUES (5, '67074e68-bc2f-442b-8af2-7d328b6af6eb', 'usr_315');
INSERT INTO trabalho.comentarios_podcast_usuario VALUES ('comment_315_0_2', 'Vero placeat nobis et hic molestiae.', '67074e68-bc2f-442b-8af2-7d328b6af6eb', 'usr_315');
INSERT INTO trabalho.log_acesso VALUES ('log_315_0_2', '67074e68-bc2f-442b-8af2-7d328b6af6eb', 'usr_315');
INSERT INTO trabalho.usuario VALUES ('usr_316', '316_Roberta26@hotmail.com', 'Roberta Martins', 'female', 45, trabalho.hashPassword('Password123'), 'Suazilândia');
INSERT INTO trabalho.usuario_esta_inscrito_no_podcast VALUES (0, '5bdf7377-8330-4f9f-8efd-e95301c122ce', 'usr_316');
INSERT INTO trabalho.comentarios_podcast_usuario VALUES ('comment_316_0_0', 'Minus molestias eligendi quae minima.', '5bdf7377-8330-4f9f-8efd-e95301c122ce', 'usr_316');
INSERT INTO trabalho.comentarios_podcast_usuario VALUES ('comment_316_1_0', 'Qui quia mollitia nihil sint enim minima ducimus.', '5bdf7377-8330-4f9f-8efd-e95301c122ce', 'usr_316');
INSERT INTO trabalho.log_acesso VALUES ('log_316_0_0', '5bdf7377-8330-4f9f-8efd-e95301c122ce', 'usr_316');
INSERT INTO trabalho.log_acesso VALUES ('log_316_1_0', '5bdf7377-8330-4f9f-8efd-e95301c122ce', 'usr_316');
INSERT INTO trabalho.usuario_esta_inscrito_no_podcast VALUES (0, '219328a1-cec6-4e8c-b003-52a3ec9766bb', 'usr_316');
INSERT INTO trabalho.comentarios_podcast_usuario VALUES ('comment_316_0_1', 'Tempora officia ut debitis ipsa nisi sit harum.', '219328a1-cec6-4e8c-b003-52a3ec9766bb', 'usr_316');
INSERT INTO trabalho.comentarios_podcast_usuario VALUES ('comment_316_1_1', 'Sit sit itaque dicta et dolor non incidunt.', '219328a1-cec6-4e8c-b003-52a3ec9766bb', 'usr_316');
INSERT INTO trabalho.comentarios_podcast_usuario VALUES ('comment_316_2_1', 'Voluptas ab perspiciatis expedita.', '219328a1-cec6-4e8c-b003-52a3ec9766bb', 'usr_316');
INSERT INTO trabalho.log_acesso VALUES ('log_316_0_1', '219328a1-cec6-4e8c-b003-52a3ec9766bb', 'usr_316');
INSERT INTO trabalho.log_acesso VALUES ('log_316_1_1', '219328a1-cec6-4e8c-b003-52a3ec9766bb', 'usr_316');
INSERT INTO trabalho.usuario_esta_inscrito_no_podcast VALUES (2, 'de2f0ddb-9903-436a-a5e2-54224254c818', 'usr_316');
INSERT INTO trabalho.comentarios_podcast_usuario VALUES ('comment_316_0_2', 'In rerum beatae.', 'de2f0ddb-9903-436a-a5e2-54224254c818', 'usr_316');
INSERT INTO trabalho.comentarios_podcast_usuario VALUES ('comment_316_1_2', 'Ullam id qui sint aperiam.', 'de2f0ddb-9903-436a-a5e2-54224254c818', 'usr_316');
INSERT INTO trabalho.comentarios_podcast_usuario VALUES ('comment_316_2_2', 'Qui ut nobis voluptas amet labore labore modi dolor.', 'de2f0ddb-9903-436a-a5e2-54224254c818', 'usr_316');
INSERT INTO trabalho.log_acesso VALUES ('log_316_0_2', 'de2f0ddb-9903-436a-a5e2-54224254c818', 'usr_316');
INSERT INTO trabalho.log_acesso VALUES ('log_316_1_2', 'de2f0ddb-9903-436a-a5e2-54224254c818', 'usr_316');
INSERT INTO trabalho.log_acesso VALUES ('log_316_2_2', 'de2f0ddb-9903-436a-a5e2-54224254c818', 'usr_316');
INSERT INTO trabalho.log_acesso VALUES ('log_316_3_2', 'de2f0ddb-9903-436a-a5e2-54224254c818', 'usr_316');
INSERT INTO trabalho.log_acesso VALUES ('log_316_4_2', 'de2f0ddb-9903-436a-a5e2-54224254c818', 'usr_316');
INSERT INTO trabalho.usuario VALUES ('usr_317', '317_AnaClara20@live.com', 'Ana Clara Franco', 'female', 31, trabalho.hashPassword('Password123'), 'Eritreia');
INSERT INTO trabalho.usuario_esta_inscrito_no_podcast VALUES (3, 'bc8dac25-793c-4a96-aafc-4ea7020f4f60', 'usr_317');
INSERT INTO trabalho.comentarios_podcast_usuario VALUES ('comment_317_0_0', 'Et non omnis sunt ut velit ea sit hic.', 'bc8dac25-793c-4a96-aafc-4ea7020f4f60', 'usr_317');
INSERT INTO trabalho.comentarios_podcast_usuario VALUES ('comment_317_1_0', 'Illo aut reiciendis quo suscipit qui consequatur voluptas facilis.', 'bc8dac25-793c-4a96-aafc-4ea7020f4f60', 'usr_317');
INSERT INTO trabalho.comentarios_podcast_usuario VALUES ('comment_317_2_0', 'Rerum architecto deleniti libero vel odio hic.', 'bc8dac25-793c-4a96-aafc-4ea7020f4f60', 'usr_317');
INSERT INTO trabalho.comentarios_podcast_usuario VALUES ('comment_317_3_0', 'Ut rerum blanditiis facere est dignissimos nihil.', 'bc8dac25-793c-4a96-aafc-4ea7020f4f60', 'usr_317');
INSERT INTO trabalho.log_acesso VALUES ('log_317_0_0', 'bc8dac25-793c-4a96-aafc-4ea7020f4f60', 'usr_317');
INSERT INTO trabalho.log_acesso VALUES ('log_317_1_0', 'bc8dac25-793c-4a96-aafc-4ea7020f4f60', 'usr_317');
INSERT INTO trabalho.usuario_esta_inscrito_no_podcast VALUES (3, 'f1b92ce7-47a7-43cd-8586-4a09185cdd05', 'usr_317');
INSERT INTO trabalho.comentarios_podcast_usuario VALUES ('comment_317_0_1', 'Dignissimos facere est in aliquam rerum quasi.', 'f1b92ce7-47a7-43cd-8586-4a09185cdd05', 'usr_317');
INSERT INTO trabalho.log_acesso VALUES ('log_317_0_1', 'f1b92ce7-47a7-43cd-8586-4a09185cdd05', 'usr_317');
INSERT INTO trabalho.log_acesso VALUES ('log_317_1_1', 'f1b92ce7-47a7-43cd-8586-4a09185cdd05', 'usr_317');
INSERT INTO trabalho.log_acesso VALUES ('log_317_2_1', 'f1b92ce7-47a7-43cd-8586-4a09185cdd05', 'usr_317');
INSERT INTO trabalho.log_acesso VALUES ('log_317_3_1', 'f1b92ce7-47a7-43cd-8586-4a09185cdd05', 'usr_317');
INSERT INTO trabalho.log_acesso VALUES ('log_317_4_1', 'f1b92ce7-47a7-43cd-8586-4a09185cdd05', 'usr_317');
INSERT INTO trabalho.log_acesso VALUES ('log_317_5_1', 'f1b92ce7-47a7-43cd-8586-4a09185cdd05', 'usr_317');
INSERT INTO trabalho.log_acesso VALUES ('log_317_6_1', 'f1b92ce7-47a7-43cd-8586-4a09185cdd05', 'usr_317');
INSERT INTO trabalho.usuario_esta_inscrito_no_podcast VALUES (5, '219328a1-cec6-4e8c-b003-52a3ec9766bb', 'usr_317');
INSERT INTO trabalho.comentarios_podcast_usuario VALUES ('comment_317_0_2', 'A placeat fugiat illum earum sed unde.', '219328a1-cec6-4e8c-b003-52a3ec9766bb', 'usr_317');
INSERT INTO trabalho.comentarios_podcast_usuario VALUES ('comment_317_1_2', 'Porro ullam natus deleniti eum odio.', '219328a1-cec6-4e8c-b003-52a3ec9766bb', 'usr_317');
INSERT INTO trabalho.log_acesso VALUES ('log_317_0_2', '219328a1-cec6-4e8c-b003-52a3ec9766bb', 'usr_317');
INSERT INTO trabalho.log_acesso VALUES ('log_317_1_2', '219328a1-cec6-4e8c-b003-52a3ec9766bb', 'usr_317');
INSERT INTO trabalho.log_acesso VALUES ('log_317_2_2', '219328a1-cec6-4e8c-b003-52a3ec9766bb', 'usr_317');
INSERT INTO trabalho.log_acesso VALUES ('log_317_3_2', '219328a1-cec6-4e8c-b003-52a3ec9766bb', 'usr_317');
INSERT INTO trabalho.log_acesso VALUES ('log_317_4_2', '219328a1-cec6-4e8c-b003-52a3ec9766bb', 'usr_317');
INSERT INTO trabalho.usuario VALUES ('usr_318', '318_JooMiguel30@gmail.com', 'João Miguel Macedo', 'male', 4, trabalho.hashPassword('Password123'), 'Butão');
INSERT INTO trabalho.usuario_esta_inscrito_no_podcast VALUES (2, 'f0166bd2-8e4d-4308-b5d7-0b3d627c5dc5', 'usr_318');
INSERT INTO trabalho.comentarios_podcast_usuario VALUES ('comment_318_0_0', 'Quis voluptatum quae aut debitis quia temporibus.', 'f0166bd2-8e4d-4308-b5d7-0b3d627c5dc5', 'usr_318');
INSERT INTO trabalho.log_acesso VALUES ('log_318_0_0', 'f0166bd2-8e4d-4308-b5d7-0b3d627c5dc5', 'usr_318');
INSERT INTO trabalho.log_acesso VALUES ('log_318_1_0', 'f0166bd2-8e4d-4308-b5d7-0b3d627c5dc5', 'usr_318');
INSERT INTO trabalho.log_acesso VALUES ('log_318_2_0', 'f0166bd2-8e4d-4308-b5d7-0b3d627c5dc5', 'usr_318');
INSERT INTO trabalho.log_acesso VALUES ('log_318_3_0', 'f0166bd2-8e4d-4308-b5d7-0b3d627c5dc5', 'usr_318');
INSERT INTO trabalho.log_acesso VALUES ('log_318_4_0', 'f0166bd2-8e4d-4308-b5d7-0b3d627c5dc5', 'usr_318');
INSERT INTO trabalho.log_acesso VALUES ('log_318_5_0', 'f0166bd2-8e4d-4308-b5d7-0b3d627c5dc5', 'usr_318');
INSERT INTO trabalho.log_acesso VALUES ('log_318_6_0', 'f0166bd2-8e4d-4308-b5d7-0b3d627c5dc5', 'usr_318');
INSERT INTO trabalho.usuario_esta_inscrito_no_podcast VALUES (3, '168c1536-4c42-4b8f-8c77-f06affefec6a', 'usr_318');
INSERT INTO trabalho.comentarios_podcast_usuario VALUES ('comment_318_0_1', 'Est aut non pariatur quia id reiciendis corrupti repellat ut.', '168c1536-4c42-4b8f-8c77-f06affefec6a', 'usr_318');
INSERT INTO trabalho.comentarios_podcast_usuario VALUES ('comment_318_1_1', 'Consequuntur facilis et sint qui facere omnis adipisci sapiente.', '168c1536-4c42-4b8f-8c77-f06affefec6a', 'usr_318');
INSERT INTO trabalho.log_acesso VALUES ('log_318_0_1', '168c1536-4c42-4b8f-8c77-f06affefec6a', 'usr_318');
INSERT INTO trabalho.usuario_esta_inscrito_no_podcast VALUES (1, 'de2f0ddb-9903-436a-a5e2-54224254c818', 'usr_318');
INSERT INTO trabalho.comentarios_podcast_usuario VALUES ('comment_318_0_2', 'Repellat qui dolor consequuntur ea placeat temporibus.', 'de2f0ddb-9903-436a-a5e2-54224254c818', 'usr_318');
INSERT INTO trabalho.comentarios_podcast_usuario VALUES ('comment_318_1_2', 'Repellendus nobis hic voluptatibus ex.', 'de2f0ddb-9903-436a-a5e2-54224254c818', 'usr_318');
INSERT INTO trabalho.comentarios_podcast_usuario VALUES ('comment_318_2_2', 'Deserunt voluptatem beatae ipsam iste omnis eos amet.', 'de2f0ddb-9903-436a-a5e2-54224254c818', 'usr_318');
INSERT INTO trabalho.comentarios_podcast_usuario VALUES ('comment_318_3_2', 'Dolores nihil officiis autem.', 'de2f0ddb-9903-436a-a5e2-54224254c818', 'usr_318');
INSERT INTO trabalho.log_acesso VALUES ('log_318_0_2', 'de2f0ddb-9903-436a-a5e2-54224254c818', 'usr_318');
INSERT INTO trabalho.log_acesso VALUES ('log_318_1_2', 'de2f0ddb-9903-436a-a5e2-54224254c818', 'usr_318');
INSERT INTO trabalho.log_acesso VALUES ('log_318_2_2', 'de2f0ddb-9903-436a-a5e2-54224254c818', 'usr_318');
INSERT INTO trabalho.log_acesso VALUES ('log_318_3_2', 'de2f0ddb-9903-436a-a5e2-54224254c818', 'usr_318');
INSERT INTO trabalho.usuario VALUES ('usr_319', '319_Calebe.Santos@bol.com.br', 'Calebe Santos', 'male', 20, trabalho.hashPassword('Password123'), 'Vanuatu');
INSERT INTO trabalho.usuario_esta_inscrito_no_podcast VALUES (2, 'f0166bd2-8e4d-4308-b5d7-0b3d627c5dc5', 'usr_319');
INSERT INTO trabalho.comentarios_podcast_usuario VALUES ('comment_319_0_0', 'Veniam ratione debitis quisquam voluptatem cupiditate id rerum et quia.', 'f0166bd2-8e4d-4308-b5d7-0b3d627c5dc5', 'usr_319');
INSERT INTO trabalho.comentarios_podcast_usuario VALUES ('comment_319_1_0', 'Magni fugiat necessitatibus quas non aut velit labore quaerat.', 'f0166bd2-8e4d-4308-b5d7-0b3d627c5dc5', 'usr_319');
INSERT INTO trabalho.comentarios_podcast_usuario VALUES ('comment_319_2_0', 'Sunt sit laboriosam nam ut incidunt saepe et ut aperiam.', 'f0166bd2-8e4d-4308-b5d7-0b3d627c5dc5', 'usr_319');
INSERT INTO trabalho.log_acesso VALUES ('log_319_0_0', 'f0166bd2-8e4d-4308-b5d7-0b3d627c5dc5', 'usr_319');
INSERT INTO trabalho.log_acesso VALUES ('log_319_1_0', 'f0166bd2-8e4d-4308-b5d7-0b3d627c5dc5', 'usr_319');
INSERT INTO trabalho.log_acesso VALUES ('log_319_2_0', 'f0166bd2-8e4d-4308-b5d7-0b3d627c5dc5', 'usr_319');
INSERT INTO trabalho.log_acesso VALUES ('log_319_3_0', 'f0166bd2-8e4d-4308-b5d7-0b3d627c5dc5', 'usr_319');
INSERT INTO trabalho.usuario_esta_inscrito_no_podcast VALUES (1, 'b553d865-8fe2-47de-9a30-10e1dea3bd1d', 'usr_319');
INSERT INTO trabalho.comentarios_podcast_usuario VALUES ('comment_319_0_1', 'Officia quasi consectetur quia harum culpa est impedit voluptas.', 'b553d865-8fe2-47de-9a30-10e1dea3bd1d', 'usr_319');
INSERT INTO trabalho.comentarios_podcast_usuario VALUES ('comment_319_1_1', 'Tempora natus ducimus temporibus vel alias placeat.', 'b553d865-8fe2-47de-9a30-10e1dea3bd1d', 'usr_319');
INSERT INTO trabalho.comentarios_podcast_usuario VALUES ('comment_319_2_1', 'Voluptatum voluptatem ut voluptatum cum autem eaque.', 'b553d865-8fe2-47de-9a30-10e1dea3bd1d', 'usr_319');
INSERT INTO trabalho.comentarios_podcast_usuario VALUES ('comment_319_3_1', 'Et omnis ab reiciendis eum doloribus magni libero.', 'b553d865-8fe2-47de-9a30-10e1dea3bd1d', 'usr_319');
INSERT INTO trabalho.log_acesso VALUES ('log_319_0_1', 'b553d865-8fe2-47de-9a30-10e1dea3bd1d', 'usr_319');
INSERT INTO trabalho.log_acesso VALUES ('log_319_1_1', 'b553d865-8fe2-47de-9a30-10e1dea3bd1d', 'usr_319');
INSERT INTO trabalho.log_acesso VALUES ('log_319_2_1', 'b553d865-8fe2-47de-9a30-10e1dea3bd1d', 'usr_319');
INSERT INTO trabalho.log_acesso VALUES ('log_319_3_1', 'b553d865-8fe2-47de-9a30-10e1dea3bd1d', 'usr_319');
INSERT INTO trabalho.log_acesso VALUES ('log_319_4_1', 'b553d865-8fe2-47de-9a30-10e1dea3bd1d', 'usr_319');
INSERT INTO trabalho.log_acesso VALUES ('log_319_5_1', 'b553d865-8fe2-47de-9a30-10e1dea3bd1d', 'usr_319');
INSERT INTO trabalho.usuario_esta_inscrito_no_podcast VALUES (1, 'f1b92ce7-47a7-43cd-8586-4a09185cdd05', 'usr_319');
INSERT INTO trabalho.comentarios_podcast_usuario VALUES ('comment_319_0_2', 'Optio earum sed non sit id velit nihil reiciendis.', 'f1b92ce7-47a7-43cd-8586-4a09185cdd05', 'usr_319');
INSERT INTO trabalho.comentarios_podcast_usuario VALUES ('comment_319_1_2', 'Consequuntur quod distinctio ducimus et magnam culpa adipisci.', 'f1b92ce7-47a7-43cd-8586-4a09185cdd05', 'usr_319');
INSERT INTO trabalho.comentarios_podcast_usuario VALUES ('comment_319_2_2', 'Repudiandae eligendi sed distinctio animi dolorem quos quia incidunt.', 'f1b92ce7-47a7-43cd-8586-4a09185cdd05', 'usr_319');
INSERT INTO trabalho.comentarios_podcast_usuario VALUES ('comment_319_3_2', 'Qui corporis accusantium.', 'f1b92ce7-47a7-43cd-8586-4a09185cdd05', 'usr_319');
INSERT INTO trabalho.comentarios_podcast_usuario VALUES ('comment_319_4_2', 'Eius eum rerum et quia qui.', 'f1b92ce7-47a7-43cd-8586-4a09185cdd05', 'usr_319');
INSERT INTO trabalho.log_acesso VALUES ('log_319_0_2', 'f1b92ce7-47a7-43cd-8586-4a09185cdd05', 'usr_319');
INSERT INTO trabalho.log_acesso VALUES ('log_319_1_2', 'f1b92ce7-47a7-43cd-8586-4a09185cdd05', 'usr_319');
INSERT INTO trabalho.log_acesso VALUES ('log_319_2_2', 'f1b92ce7-47a7-43cd-8586-4a09185cdd05', 'usr_319');
INSERT INTO trabalho.log_acesso VALUES ('log_319_3_2', 'f1b92ce7-47a7-43cd-8586-4a09185cdd05', 'usr_319');
INSERT INTO trabalho.log_acesso VALUES ('log_319_4_2', 'f1b92ce7-47a7-43cd-8586-4a09185cdd05', 'usr_319');
INSERT INTO trabalho.log_acesso VALUES ('log_319_5_2', 'f1b92ce7-47a7-43cd-8586-4a09185cdd05', 'usr_319');
INSERT INTO trabalho.usuario VALUES ('usr_320', '320_Mariana.Pereira85@live.com', 'Mariana Pereira', 'female', 12, trabalho.hashPassword('Password123'), 'Papua-Nova Guiné');
INSERT INTO trabalho.usuario_esta_inscrito_no_podcast VALUES (1, 'af46a958-b921-47b6-9f87-5c4fdc68ea79', 'usr_320');
INSERT INTO trabalho.comentarios_podcast_usuario VALUES ('comment_320_0_0', 'Quae eos harum quasi explicabo suscipit repudiandae est dolorum.', 'af46a958-b921-47b6-9f87-5c4fdc68ea79', 'usr_320');
INSERT INTO trabalho.comentarios_podcast_usuario VALUES ('comment_320_1_0', 'Pariatur et officia quis sunt ipsa vero quos.', 'af46a958-b921-47b6-9f87-5c4fdc68ea79', 'usr_320');
INSERT INTO trabalho.comentarios_podcast_usuario VALUES ('comment_320_2_0', 'Cupiditate quia voluptates asperiores aut laboriosam dignissimos.', 'af46a958-b921-47b6-9f87-5c4fdc68ea79', 'usr_320');
INSERT INTO trabalho.log_acesso VALUES ('log_320_0_0', 'af46a958-b921-47b6-9f87-5c4fdc68ea79', 'usr_320');
INSERT INTO trabalho.log_acesso VALUES ('log_320_1_0', 'af46a958-b921-47b6-9f87-5c4fdc68ea79', 'usr_320');
INSERT INTO trabalho.usuario_esta_inscrito_no_podcast VALUES (5, 'f0166bd2-8e4d-4308-b5d7-0b3d627c5dc5', 'usr_320');
INSERT INTO trabalho.comentarios_podcast_usuario VALUES ('comment_320_0_1', 'Ab iste quia sapiente.', 'f0166bd2-8e4d-4308-b5d7-0b3d627c5dc5', 'usr_320');
INSERT INTO trabalho.comentarios_podcast_usuario VALUES ('comment_320_1_1', 'Voluptatem ex nobis dolore optio officia libero similique eum.', 'f0166bd2-8e4d-4308-b5d7-0b3d627c5dc5', 'usr_320');
INSERT INTO trabalho.comentarios_podcast_usuario VALUES ('comment_320_2_1', 'Accusantium dolores commodi nostrum maxime voluptate eum.', 'f0166bd2-8e4d-4308-b5d7-0b3d627c5dc5', 'usr_320');
INSERT INTO trabalho.log_acesso VALUES ('log_320_0_1', 'f0166bd2-8e4d-4308-b5d7-0b3d627c5dc5', 'usr_320');
INSERT INTO trabalho.log_acesso VALUES ('log_320_1_1', 'f0166bd2-8e4d-4308-b5d7-0b3d627c5dc5', 'usr_320');
INSERT INTO trabalho.log_acesso VALUES ('log_320_2_1', 'f0166bd2-8e4d-4308-b5d7-0b3d627c5dc5', 'usr_320');
INSERT INTO trabalho.log_acesso VALUES ('log_320_3_1', 'f0166bd2-8e4d-4308-b5d7-0b3d627c5dc5', 'usr_320');
INSERT INTO trabalho.usuario_esta_inscrito_no_podcast VALUES (3, 'b553d865-8fe2-47de-9a30-10e1dea3bd1d', 'usr_320');
INSERT INTO trabalho.comentarios_podcast_usuario VALUES ('comment_320_0_2', 'Rerum laboriosam qui praesentium.', 'b553d865-8fe2-47de-9a30-10e1dea3bd1d', 'usr_320');
INSERT INTO trabalho.comentarios_podcast_usuario VALUES ('comment_320_1_2', 'Et ad animi id sed quod.', 'b553d865-8fe2-47de-9a30-10e1dea3bd1d', 'usr_320');
INSERT INTO trabalho.log_acesso VALUES ('log_320_0_2', 'b553d865-8fe2-47de-9a30-10e1dea3bd1d', 'usr_320');
INSERT INTO trabalho.log_acesso VALUES ('log_320_1_2', 'b553d865-8fe2-47de-9a30-10e1dea3bd1d', 'usr_320');
INSERT INTO trabalho.log_acesso VALUES ('log_320_2_2', 'b553d865-8fe2-47de-9a30-10e1dea3bd1d', 'usr_320');
INSERT INTO trabalho.log_acesso VALUES ('log_320_3_2', 'b553d865-8fe2-47de-9a30-10e1dea3bd1d', 'usr_320');
INSERT INTO trabalho.log_acesso VALUES ('log_320_4_2', 'b553d865-8fe2-47de-9a30-10e1dea3bd1d', 'usr_320');
INSERT INTO trabalho.log_acesso VALUES ('log_320_5_2', 'b553d865-8fe2-47de-9a30-10e1dea3bd1d', 'usr_320');
INSERT INTO trabalho.usuario VALUES ('usr_321', '321_Pietro.Martins@live.com', 'Pietro Martins', 'male', 44, trabalho.hashPassword('Password123'), 'Omã');
INSERT INTO trabalho.usuario_esta_inscrito_no_podcast VALUES (5, 'fa3abe16-3645-4d22-a01d-893e6f20c408', 'usr_321');
INSERT INTO trabalho.comentarios_podcast_usuario VALUES ('comment_321_0_0', 'Dolorum unde autem quo ut quasi non ut temporibus corporis.', 'fa3abe16-3645-4d22-a01d-893e6f20c408', 'usr_321');
INSERT INTO trabalho.comentarios_podcast_usuario VALUES ('comment_321_1_0', 'Nesciunt et tenetur alias explicabo quia harum.', 'fa3abe16-3645-4d22-a01d-893e6f20c408', 'usr_321');
INSERT INTO trabalho.comentarios_podcast_usuario VALUES ('comment_321_2_0', 'Nostrum illo doloremque voluptatem cum eum voluptatem vel alias.', 'fa3abe16-3645-4d22-a01d-893e6f20c408', 'usr_321');
INSERT INTO trabalho.log_acesso VALUES ('log_321_0_0', 'fa3abe16-3645-4d22-a01d-893e6f20c408', 'usr_321');
INSERT INTO trabalho.log_acesso VALUES ('log_321_1_0', 'fa3abe16-3645-4d22-a01d-893e6f20c408', 'usr_321');
INSERT INTO trabalho.log_acesso VALUES ('log_321_2_0', 'fa3abe16-3645-4d22-a01d-893e6f20c408', 'usr_321');
INSERT INTO trabalho.log_acesso VALUES ('log_321_3_0', 'fa3abe16-3645-4d22-a01d-893e6f20c408', 'usr_321');
INSERT INTO trabalho.usuario_esta_inscrito_no_podcast VALUES (3, 'f1b92ce7-47a7-43cd-8586-4a09185cdd05', 'usr_321');
INSERT INTO trabalho.comentarios_podcast_usuario VALUES ('comment_321_0_1', 'Perferendis voluptas laboriosam.', 'f1b92ce7-47a7-43cd-8586-4a09185cdd05', 'usr_321');
INSERT INTO trabalho.log_acesso VALUES ('log_321_0_1', 'f1b92ce7-47a7-43cd-8586-4a09185cdd05', 'usr_321');
INSERT INTO trabalho.log_acesso VALUES ('log_321_1_1', 'f1b92ce7-47a7-43cd-8586-4a09185cdd05', 'usr_321');
INSERT INTO trabalho.usuario_esta_inscrito_no_podcast VALUES (0, '67074e68-bc2f-442b-8af2-7d328b6af6eb', 'usr_321');
INSERT INTO trabalho.comentarios_podcast_usuario VALUES ('comment_321_0_2', 'Quas eligendi nulla eos necessitatibus dolorum architecto suscipit.', '67074e68-bc2f-442b-8af2-7d328b6af6eb', 'usr_321');
INSERT INTO trabalho.comentarios_podcast_usuario VALUES ('comment_321_1_2', 'Omnis labore quo quisquam et.', '67074e68-bc2f-442b-8af2-7d328b6af6eb', 'usr_321');
INSERT INTO trabalho.log_acesso VALUES ('log_321_0_2', '67074e68-bc2f-442b-8af2-7d328b6af6eb', 'usr_321');
INSERT INTO trabalho.log_acesso VALUES ('log_321_1_2', '67074e68-bc2f-442b-8af2-7d328b6af6eb', 'usr_321');
INSERT INTO trabalho.usuario VALUES ('usr_322', '322_Liz4@bol.com.br', 'Liz Souza', 'female', 44, trabalho.hashPassword('Password123'), 'Indonésia');
INSERT INTO trabalho.usuario_esta_inscrito_no_podcast VALUES (1, 'af46a958-b921-47b6-9f87-5c4fdc68ea79', 'usr_322');
INSERT INTO trabalho.comentarios_podcast_usuario VALUES ('comment_322_0_0', 'Facilis pariatur quae numquam autem quibusdam laborum soluta beatae.', 'af46a958-b921-47b6-9f87-5c4fdc68ea79', 'usr_322');
INSERT INTO trabalho.comentarios_podcast_usuario VALUES ('comment_322_1_0', 'Impedit rerum ipsam ut quia qui dolore ut est ex.', 'af46a958-b921-47b6-9f87-5c4fdc68ea79', 'usr_322');
INSERT INTO trabalho.log_acesso VALUES ('log_322_0_0', 'af46a958-b921-47b6-9f87-5c4fdc68ea79', 'usr_322');
INSERT INTO trabalho.log_acesso VALUES ('log_322_1_0', 'af46a958-b921-47b6-9f87-5c4fdc68ea79', 'usr_322');
INSERT INTO trabalho.log_acesso VALUES ('log_322_2_0', 'af46a958-b921-47b6-9f87-5c4fdc68ea79', 'usr_322');
INSERT INTO trabalho.log_acesso VALUES ('log_322_3_0', 'af46a958-b921-47b6-9f87-5c4fdc68ea79', 'usr_322');
INSERT INTO trabalho.log_acesso VALUES ('log_322_4_0', 'af46a958-b921-47b6-9f87-5c4fdc68ea79', 'usr_322');
INSERT INTO trabalho.usuario_esta_inscrito_no_podcast VALUES (5, 'f1b92ce7-47a7-43cd-8586-4a09185cdd05', 'usr_322');
INSERT INTO trabalho.comentarios_podcast_usuario VALUES ('comment_322_0_1', 'Voluptatibus dolor quas ducimus et sit sint.', 'f1b92ce7-47a7-43cd-8586-4a09185cdd05', 'usr_322');
INSERT INTO trabalho.comentarios_podcast_usuario VALUES ('comment_322_1_1', 'Quam delectus deserunt magnam pariatur.', 'f1b92ce7-47a7-43cd-8586-4a09185cdd05', 'usr_322');
INSERT INTO trabalho.comentarios_podcast_usuario VALUES ('comment_322_2_1', 'Maiores ea quo facilis repellendus incidunt magnam.', 'f1b92ce7-47a7-43cd-8586-4a09185cdd05', 'usr_322');
INSERT INTO trabalho.comentarios_podcast_usuario VALUES ('comment_322_3_1', 'Blanditiis quos animi sed omnis totam exercitationem doloremque sed ab.', 'f1b92ce7-47a7-43cd-8586-4a09185cdd05', 'usr_322');
INSERT INTO trabalho.log_acesso VALUES ('log_322_0_1', 'f1b92ce7-47a7-43cd-8586-4a09185cdd05', 'usr_322');
INSERT INTO trabalho.log_acesso VALUES ('log_322_1_1', 'f1b92ce7-47a7-43cd-8586-4a09185cdd05', 'usr_322');
INSERT INTO trabalho.log_acesso VALUES ('log_322_2_1', 'f1b92ce7-47a7-43cd-8586-4a09185cdd05', 'usr_322');
INSERT INTO trabalho.log_acesso VALUES ('log_322_3_1', 'f1b92ce7-47a7-43cd-8586-4a09185cdd05', 'usr_322');
INSERT INTO trabalho.log_acesso VALUES ('log_322_4_1', 'f1b92ce7-47a7-43cd-8586-4a09185cdd05', 'usr_322');
INSERT INTO trabalho.log_acesso VALUES ('log_322_5_1', 'f1b92ce7-47a7-43cd-8586-4a09185cdd05', 'usr_322');
INSERT INTO trabalho.usuario_esta_inscrito_no_podcast VALUES (3, 'de2f0ddb-9903-436a-a5e2-54224254c818', 'usr_322');
INSERT INTO trabalho.comentarios_podcast_usuario VALUES ('comment_322_0_2', 'Assumenda voluptatem vero esse ab.', 'de2f0ddb-9903-436a-a5e2-54224254c818', 'usr_322');
INSERT INTO trabalho.comentarios_podcast_usuario VALUES ('comment_322_1_2', 'Iste sed dolore dolorem facere ut pariatur.', 'de2f0ddb-9903-436a-a5e2-54224254c818', 'usr_322');
INSERT INTO trabalho.comentarios_podcast_usuario VALUES ('comment_322_2_2', 'Inventore exercitationem blanditiis aut quis sed porro totam ut enim.', 'de2f0ddb-9903-436a-a5e2-54224254c818', 'usr_322');
INSERT INTO trabalho.log_acesso VALUES ('log_322_0_2', 'de2f0ddb-9903-436a-a5e2-54224254c818', 'usr_322');
INSERT INTO trabalho.log_acesso VALUES ('log_322_1_2', 'de2f0ddb-9903-436a-a5e2-54224254c818', 'usr_322');
INSERT INTO trabalho.log_acesso VALUES ('log_322_2_2', 'de2f0ddb-9903-436a-a5e2-54224254c818', 'usr_322');
INSERT INTO trabalho.usuario VALUES ('usr_323', '323_Csar.Martins38@yahoo.com', 'César Martins', 'male', 49, trabalho.hashPassword('Password123'), 'Taiwan');
INSERT INTO trabalho.usuario_esta_inscrito_no_podcast VALUES (5, 'fa3abe16-3645-4d22-a01d-893e6f20c408', 'usr_323');
INSERT INTO trabalho.comentarios_podcast_usuario VALUES ('comment_323_0_0', 'Ullam reiciendis nemo aut sint nesciunt suscipit.', 'fa3abe16-3645-4d22-a01d-893e6f20c408', 'usr_323');
INSERT INTO trabalho.comentarios_podcast_usuario VALUES ('comment_323_1_0', 'Et est illo expedita quia qui voluptatibus sint consectetur eos.', 'fa3abe16-3645-4d22-a01d-893e6f20c408', 'usr_323');
INSERT INTO trabalho.log_acesso VALUES ('log_323_0_0', 'fa3abe16-3645-4d22-a01d-893e6f20c408', 'usr_323');
INSERT INTO trabalho.log_acesso VALUES ('log_323_1_0', 'fa3abe16-3645-4d22-a01d-893e6f20c408', 'usr_323');
INSERT INTO trabalho.log_acesso VALUES ('log_323_2_0', 'fa3abe16-3645-4d22-a01d-893e6f20c408', 'usr_323');
INSERT INTO trabalho.usuario_esta_inscrito_no_podcast VALUES (0, '168c1536-4c42-4b8f-8c77-f06affefec6a', 'usr_323');
INSERT INTO trabalho.comentarios_podcast_usuario VALUES ('comment_323_0_1', 'In id fugit.', '168c1536-4c42-4b8f-8c77-f06affefec6a', 'usr_323');
INSERT INTO trabalho.log_acesso VALUES ('log_323_0_1', '168c1536-4c42-4b8f-8c77-f06affefec6a', 'usr_323');
INSERT INTO trabalho.log_acesso VALUES ('log_323_1_1', '168c1536-4c42-4b8f-8c77-f06affefec6a', 'usr_323');
INSERT INTO trabalho.log_acesso VALUES ('log_323_2_1', '168c1536-4c42-4b8f-8c77-f06affefec6a', 'usr_323');
INSERT INTO trabalho.usuario_esta_inscrito_no_podcast VALUES (2, '7e429e8e-7669-403d-bb78-3cd7f9f75afd', 'usr_323');
INSERT INTO trabalho.comentarios_podcast_usuario VALUES ('comment_323_0_2', 'Nobis id natus est.', '7e429e8e-7669-403d-bb78-3cd7f9f75afd', 'usr_323');
INSERT INTO trabalho.comentarios_podcast_usuario VALUES ('comment_323_1_2', 'Inventore at omnis.', '7e429e8e-7669-403d-bb78-3cd7f9f75afd', 'usr_323');
INSERT INTO trabalho.log_acesso VALUES ('log_323_0_2', '7e429e8e-7669-403d-bb78-3cd7f9f75afd', 'usr_323');
INSERT INTO trabalho.log_acesso VALUES ('log_323_1_2', '7e429e8e-7669-403d-bb78-3cd7f9f75afd', 'usr_323');
INSERT INTO trabalho.log_acesso VALUES ('log_323_2_2', '7e429e8e-7669-403d-bb78-3cd7f9f75afd', 'usr_323');
INSERT INTO trabalho.usuario VALUES ('usr_324', '324_Marcela_Barros@bol.com.br', 'Marcela Barros', 'female', 15, trabalho.hashPassword('Password123'), 'Jersey');
INSERT INTO trabalho.usuario_esta_inscrito_no_podcast VALUES (2, 'c58b280a-56d4-4ad8-8c85-730e4ea86361', 'usr_324');
INSERT INTO trabalho.comentarios_podcast_usuario VALUES ('comment_324_0_0', 'Voluptatum aut consequatur.', 'c58b280a-56d4-4ad8-8c85-730e4ea86361', 'usr_324');
INSERT INTO trabalho.comentarios_podcast_usuario VALUES ('comment_324_1_0', 'Beatae occaecati sed tempora distinctio saepe est voluptates.', 'c58b280a-56d4-4ad8-8c85-730e4ea86361', 'usr_324');
INSERT INTO trabalho.comentarios_podcast_usuario VALUES ('comment_324_2_0', 'Dolor est nihil.', 'c58b280a-56d4-4ad8-8c85-730e4ea86361', 'usr_324');
INSERT INTO trabalho.comentarios_podcast_usuario VALUES ('comment_324_3_0', 'Veniam est molestiae in odit cum inventore culpa mollitia voluptas.', 'c58b280a-56d4-4ad8-8c85-730e4ea86361', 'usr_324');
INSERT INTO trabalho.comentarios_podcast_usuario VALUES ('comment_324_4_0', 'A sunt mollitia dolorem dicta sed omnis illo ad.', 'c58b280a-56d4-4ad8-8c85-730e4ea86361', 'usr_324');
INSERT INTO trabalho.comentarios_podcast_usuario VALUES ('comment_324_5_0', 'Distinctio harum earum officia aut accusantium ad molestias.', 'c58b280a-56d4-4ad8-8c85-730e4ea86361', 'usr_324');
INSERT INTO trabalho.log_acesso VALUES ('log_324_0_0', 'c58b280a-56d4-4ad8-8c85-730e4ea86361', 'usr_324');
INSERT INTO trabalho.log_acesso VALUES ('log_324_1_0', 'c58b280a-56d4-4ad8-8c85-730e4ea86361', 'usr_324');
INSERT INTO trabalho.log_acesso VALUES ('log_324_2_0', 'c58b280a-56d4-4ad8-8c85-730e4ea86361', 'usr_324');
INSERT INTO trabalho.usuario_esta_inscrito_no_podcast VALUES (1, 'f8e13774-d631-4f34-93f0-2f5d55590265', 'usr_324');
INSERT INTO trabalho.comentarios_podcast_usuario VALUES ('comment_324_0_1', 'Tenetur necessitatibus ipsum et deleniti voluptas quia quaerat fugiat id.', 'f8e13774-d631-4f34-93f0-2f5d55590265', 'usr_324');
INSERT INTO trabalho.comentarios_podcast_usuario VALUES ('comment_324_1_1', 'Aut at dolores illo repudiandae beatae molestiae sed consequatur.', 'f8e13774-d631-4f34-93f0-2f5d55590265', 'usr_324');
INSERT INTO trabalho.comentarios_podcast_usuario VALUES ('comment_324_2_1', 'Aut quis laudantium eveniet neque mollitia cum.', 'f8e13774-d631-4f34-93f0-2f5d55590265', 'usr_324');
INSERT INTO trabalho.comentarios_podcast_usuario VALUES ('comment_324_3_1', 'Tempore consectetur ut et eos cumque iste.', 'f8e13774-d631-4f34-93f0-2f5d55590265', 'usr_324');
INSERT INTO trabalho.log_acesso VALUES ('log_324_0_1', 'f8e13774-d631-4f34-93f0-2f5d55590265', 'usr_324');
INSERT INTO trabalho.log_acesso VALUES ('log_324_1_1', 'f8e13774-d631-4f34-93f0-2f5d55590265', 'usr_324');
INSERT INTO trabalho.log_acesso VALUES ('log_324_2_1', 'f8e13774-d631-4f34-93f0-2f5d55590265', 'usr_324');
INSERT INTO trabalho.usuario_esta_inscrito_no_podcast VALUES (0, '219328a1-cec6-4e8c-b003-52a3ec9766bb', 'usr_324');
INSERT INTO trabalho.comentarios_podcast_usuario VALUES ('comment_324_0_2', 'Ipsa corporis et unde quam accusantium.', '219328a1-cec6-4e8c-b003-52a3ec9766bb', 'usr_324');
INSERT INTO trabalho.comentarios_podcast_usuario VALUES ('comment_324_1_2', 'Et consectetur et nemo dolorem.', '219328a1-cec6-4e8c-b003-52a3ec9766bb', 'usr_324');
INSERT INTO trabalho.comentarios_podcast_usuario VALUES ('comment_324_2_2', 'Aperiam dolorem aut et quo amet.', '219328a1-cec6-4e8c-b003-52a3ec9766bb', 'usr_324');
INSERT INTO trabalho.comentarios_podcast_usuario VALUES ('comment_324_3_2', 'Accusantium possimus accusamus cumque molestiae cupiditate officiis.', '219328a1-cec6-4e8c-b003-52a3ec9766bb', 'usr_324');
INSERT INTO trabalho.log_acesso VALUES ('log_324_0_2', '219328a1-cec6-4e8c-b003-52a3ec9766bb', 'usr_324');
INSERT INTO trabalho.log_acesso VALUES ('log_324_1_2', '219328a1-cec6-4e8c-b003-52a3ec9766bb', 'usr_324');
INSERT INTO trabalho.log_acesso VALUES ('log_324_2_2', '219328a1-cec6-4e8c-b003-52a3ec9766bb', 'usr_324');
INSERT INTO trabalho.log_acesso VALUES ('log_324_3_2', '219328a1-cec6-4e8c-b003-52a3ec9766bb', 'usr_324');
INSERT INTO trabalho.log_acesso VALUES ('log_324_4_2', '219328a1-cec6-4e8c-b003-52a3ec9766bb', 'usr_324');
INSERT INTO trabalho.log_acesso VALUES ('log_324_5_2', '219328a1-cec6-4e8c-b003-52a3ec9766bb', 'usr_324');
INSERT INTO trabalho.usuario VALUES ('usr_325', '325_Vctor_Saraiva84@yahoo.com', 'Víctor Saraiva', 'male', 49, trabalho.hashPassword('Password123'), 'Santa Helena');
INSERT INTO trabalho.usuario_esta_inscrito_no_podcast VALUES (4, '7e429e8e-7669-403d-bb78-3cd7f9f75afd', 'usr_325');
INSERT INTO trabalho.comentarios_podcast_usuario VALUES ('comment_325_0_0', 'Dignissimos consequatur qui quo.', '7e429e8e-7669-403d-bb78-3cd7f9f75afd', 'usr_325');
INSERT INTO trabalho.comentarios_podcast_usuario VALUES ('comment_325_1_0', 'Non quisquam autem debitis vel omnis.', '7e429e8e-7669-403d-bb78-3cd7f9f75afd', 'usr_325');
INSERT INTO trabalho.comentarios_podcast_usuario VALUES ('comment_325_2_0', 'Sint rerum exercitationem quibusdam est repellendus.', '7e429e8e-7669-403d-bb78-3cd7f9f75afd', 'usr_325');
INSERT INTO trabalho.comentarios_podcast_usuario VALUES ('comment_325_3_0', 'Vel unde harum.', '7e429e8e-7669-403d-bb78-3cd7f9f75afd', 'usr_325');
INSERT INTO trabalho.log_acesso VALUES ('log_325_0_0', '7e429e8e-7669-403d-bb78-3cd7f9f75afd', 'usr_325');
INSERT INTO trabalho.log_acesso VALUES ('log_325_1_0', '7e429e8e-7669-403d-bb78-3cd7f9f75afd', 'usr_325');
INSERT INTO trabalho.log_acesso VALUES ('log_325_2_0', '7e429e8e-7669-403d-bb78-3cd7f9f75afd', 'usr_325');
INSERT INTO trabalho.usuario_esta_inscrito_no_podcast VALUES (3, '168c1536-4c42-4b8f-8c77-f06affefec6a', 'usr_325');
INSERT INTO trabalho.comentarios_podcast_usuario VALUES ('comment_325_0_1', 'Ipsa accusamus quis cumque qui dolore eum eveniet et facere.', '168c1536-4c42-4b8f-8c77-f06affefec6a', 'usr_325');
INSERT INTO trabalho.comentarios_podcast_usuario VALUES ('comment_325_1_1', 'Delectus qui saepe sapiente dignissimos officiis.', '168c1536-4c42-4b8f-8c77-f06affefec6a', 'usr_325');
INSERT INTO trabalho.log_acesso VALUES ('log_325_0_1', '168c1536-4c42-4b8f-8c77-f06affefec6a', 'usr_325');
INSERT INTO trabalho.log_acesso VALUES ('log_325_1_1', '168c1536-4c42-4b8f-8c77-f06affefec6a', 'usr_325');
INSERT INTO trabalho.log_acesso VALUES ('log_325_2_1', '168c1536-4c42-4b8f-8c77-f06affefec6a', 'usr_325');
INSERT INTO trabalho.log_acesso VALUES ('log_325_3_1', '168c1536-4c42-4b8f-8c77-f06affefec6a', 'usr_325');
INSERT INTO trabalho.usuario_esta_inscrito_no_podcast VALUES (1, 'b553d865-8fe2-47de-9a30-10e1dea3bd1d', 'usr_325');
INSERT INTO trabalho.comentarios_podcast_usuario VALUES ('comment_325_0_2', 'Et quaerat laborum.', 'b553d865-8fe2-47de-9a30-10e1dea3bd1d', 'usr_325');
INSERT INTO trabalho.comentarios_podcast_usuario VALUES ('comment_325_1_2', 'Magnam rerum quisquam sit dignissimos.', 'b553d865-8fe2-47de-9a30-10e1dea3bd1d', 'usr_325');
INSERT INTO trabalho.comentarios_podcast_usuario VALUES ('comment_325_2_2', 'Ut in maxime ipsa labore est.', 'b553d865-8fe2-47de-9a30-10e1dea3bd1d', 'usr_325');
INSERT INTO trabalho.log_acesso VALUES ('log_325_0_2', 'b553d865-8fe2-47de-9a30-10e1dea3bd1d', 'usr_325');
INSERT INTO trabalho.log_acesso VALUES ('log_325_1_2', 'b553d865-8fe2-47de-9a30-10e1dea3bd1d', 'usr_325');
INSERT INTO trabalho.log_acesso VALUES ('log_325_2_2', 'b553d865-8fe2-47de-9a30-10e1dea3bd1d', 'usr_325');
INSERT INTO trabalho.log_acesso VALUES ('log_325_3_2', 'b553d865-8fe2-47de-9a30-10e1dea3bd1d', 'usr_325');
INSERT INTO trabalho.usuario VALUES ('usr_326', '326_Karla_Franco66@hotmail.com', 'Karla Franco', 'female', 23, trabalho.hashPassword('Password123'), 'Jordânia');
INSERT INTO trabalho.usuario_esta_inscrito_no_podcast VALUES (3, 'f1b92ce7-47a7-43cd-8586-4a09185cdd05', 'usr_326');
INSERT INTO trabalho.comentarios_podcast_usuario VALUES ('comment_326_0_0', 'Nesciunt corporis qui unde exercitationem pariatur.', 'f1b92ce7-47a7-43cd-8586-4a09185cdd05', 'usr_326');
INSERT INTO trabalho.comentarios_podcast_usuario VALUES ('comment_326_1_0', 'Et et ut recusandae sit.', 'f1b92ce7-47a7-43cd-8586-4a09185cdd05', 'usr_326');
INSERT INTO trabalho.comentarios_podcast_usuario VALUES ('comment_326_2_0', 'Esse aut aspernatur.', 'f1b92ce7-47a7-43cd-8586-4a09185cdd05', 'usr_326');
INSERT INTO trabalho.comentarios_podcast_usuario VALUES ('comment_326_3_0', 'Sit praesentium nam saepe molestiae voluptatem inventore doloremque voluptatem.', 'f1b92ce7-47a7-43cd-8586-4a09185cdd05', 'usr_326');
INSERT INTO trabalho.comentarios_podcast_usuario VALUES ('comment_326_4_0', 'Qui animi placeat inventore voluptatem eius.', 'f1b92ce7-47a7-43cd-8586-4a09185cdd05', 'usr_326');
INSERT INTO trabalho.comentarios_podcast_usuario VALUES ('comment_326_5_0', 'Iusto culpa nobis deleniti saepe et non voluptatem qui et.', 'f1b92ce7-47a7-43cd-8586-4a09185cdd05', 'usr_326');
INSERT INTO trabalho.comentarios_podcast_usuario VALUES ('comment_326_6_0', 'Laboriosam eum doloremque deleniti facilis harum maiores laudantium nam.', 'f1b92ce7-47a7-43cd-8586-4a09185cdd05', 'usr_326');
INSERT INTO trabalho.log_acesso VALUES ('log_326_0_0', 'f1b92ce7-47a7-43cd-8586-4a09185cdd05', 'usr_326');
INSERT INTO trabalho.log_acesso VALUES ('log_326_1_0', 'f1b92ce7-47a7-43cd-8586-4a09185cdd05', 'usr_326');
INSERT INTO trabalho.log_acesso VALUES ('log_326_2_0', 'f1b92ce7-47a7-43cd-8586-4a09185cdd05', 'usr_326');
INSERT INTO trabalho.log_acesso VALUES ('log_326_3_0', 'f1b92ce7-47a7-43cd-8586-4a09185cdd05', 'usr_326');
INSERT INTO trabalho.log_acesso VALUES ('log_326_4_0', 'f1b92ce7-47a7-43cd-8586-4a09185cdd05', 'usr_326');
INSERT INTO trabalho.log_acesso VALUES ('log_326_5_0', 'f1b92ce7-47a7-43cd-8586-4a09185cdd05', 'usr_326');
INSERT INTO trabalho.usuario_esta_inscrito_no_podcast VALUES (0, 'b553d865-8fe2-47de-9a30-10e1dea3bd1d', 'usr_326');
INSERT INTO trabalho.comentarios_podcast_usuario VALUES ('comment_326_0_1', 'Molestiae velit autem aut ea.', 'b553d865-8fe2-47de-9a30-10e1dea3bd1d', 'usr_326');
INSERT INTO trabalho.comentarios_podcast_usuario VALUES ('comment_326_1_1', 'Iusto quia veniam consequatur ea fuga voluptatem dicta qui.', 'b553d865-8fe2-47de-9a30-10e1dea3bd1d', 'usr_326');
INSERT INTO trabalho.log_acesso VALUES ('log_326_0_1', 'b553d865-8fe2-47de-9a30-10e1dea3bd1d', 'usr_326');
INSERT INTO trabalho.log_acesso VALUES ('log_326_1_1', 'b553d865-8fe2-47de-9a30-10e1dea3bd1d', 'usr_326');
INSERT INTO trabalho.log_acesso VALUES ('log_326_2_1', 'b553d865-8fe2-47de-9a30-10e1dea3bd1d', 'usr_326');
INSERT INTO trabalho.log_acesso VALUES ('log_326_3_1', 'b553d865-8fe2-47de-9a30-10e1dea3bd1d', 'usr_326');
INSERT INTO trabalho.usuario_esta_inscrito_no_podcast VALUES (3, '67074e68-bc2f-442b-8af2-7d328b6af6eb', 'usr_326');
INSERT INTO trabalho.comentarios_podcast_usuario VALUES ('comment_326_0_2', 'Saepe voluptatem deleniti id est natus beatae quidem.', '67074e68-bc2f-442b-8af2-7d328b6af6eb', 'usr_326');
INSERT INTO trabalho.comentarios_podcast_usuario VALUES ('comment_326_1_2', 'Beatae consectetur delectus quia.', '67074e68-bc2f-442b-8af2-7d328b6af6eb', 'usr_326');
INSERT INTO trabalho.comentarios_podcast_usuario VALUES ('comment_326_2_2', 'Quaerat eos quia aspernatur sit sequi quia laboriosam maxime.', '67074e68-bc2f-442b-8af2-7d328b6af6eb', 'usr_326');
INSERT INTO trabalho.log_acesso VALUES ('log_326_0_2', '67074e68-bc2f-442b-8af2-7d328b6af6eb', 'usr_326');
INSERT INTO trabalho.log_acesso VALUES ('log_326_1_2', '67074e68-bc2f-442b-8af2-7d328b6af6eb', 'usr_326');
INSERT INTO trabalho.log_acesso VALUES ('log_326_2_2', '67074e68-bc2f-442b-8af2-7d328b6af6eb', 'usr_326');
INSERT INTO trabalho.usuario VALUES ('usr_327', '327_Lorena_Nogueira50@live.com', 'Lorena Nogueira', 'female', 7, trabalho.hashPassword('Password123'), 'Camarões');
INSERT INTO trabalho.usuario_esta_inscrito_no_podcast VALUES (3, 'b553d865-8fe2-47de-9a30-10e1dea3bd1d', 'usr_327');
INSERT INTO trabalho.comentarios_podcast_usuario VALUES ('comment_327_0_0', 'Aspernatur quia eligendi debitis facilis atque vero facere.', 'b553d865-8fe2-47de-9a30-10e1dea3bd1d', 'usr_327');
INSERT INTO trabalho.comentarios_podcast_usuario VALUES ('comment_327_1_0', 'Explicabo distinctio sed.', 'b553d865-8fe2-47de-9a30-10e1dea3bd1d', 'usr_327');
INSERT INTO trabalho.comentarios_podcast_usuario VALUES ('comment_327_2_0', 'Voluptas consequuntur quam dolorum.', 'b553d865-8fe2-47de-9a30-10e1dea3bd1d', 'usr_327');
INSERT INTO trabalho.comentarios_podcast_usuario VALUES ('comment_327_3_0', 'Perferendis atque et sit et non consequuntur vel dolores ex.', 'b553d865-8fe2-47de-9a30-10e1dea3bd1d', 'usr_327');
INSERT INTO trabalho.comentarios_podcast_usuario VALUES ('comment_327_4_0', 'Vitae tempora quo asperiores deserunt impedit debitis.', 'b553d865-8fe2-47de-9a30-10e1dea3bd1d', 'usr_327');
INSERT INTO trabalho.comentarios_podcast_usuario VALUES ('comment_327_5_0', 'Soluta quia et dolorem distinctio similique tempora voluptates eveniet.', 'b553d865-8fe2-47de-9a30-10e1dea3bd1d', 'usr_327');
INSERT INTO trabalho.log_acesso VALUES ('log_327_0_0', 'b553d865-8fe2-47de-9a30-10e1dea3bd1d', 'usr_327');
INSERT INTO trabalho.usuario_esta_inscrito_no_podcast VALUES (5, 'af46a958-b921-47b6-9f87-5c4fdc68ea79', 'usr_327');
INSERT INTO trabalho.comentarios_podcast_usuario VALUES ('comment_327_0_1', 'Cumque dolorem sed eligendi itaque doloremque vel veritatis eaque velit.', 'af46a958-b921-47b6-9f87-5c4fdc68ea79', 'usr_327');
INSERT INTO trabalho.log_acesso VALUES ('log_327_0_1', 'af46a958-b921-47b6-9f87-5c4fdc68ea79', 'usr_327');
INSERT INTO trabalho.log_acesso VALUES ('log_327_1_1', 'af46a958-b921-47b6-9f87-5c4fdc68ea79', 'usr_327');
INSERT INTO trabalho.log_acesso VALUES ('log_327_2_1', 'af46a958-b921-47b6-9f87-5c4fdc68ea79', 'usr_327');
INSERT INTO trabalho.log_acesso VALUES ('log_327_3_1', 'af46a958-b921-47b6-9f87-5c4fdc68ea79', 'usr_327');
INSERT INTO trabalho.usuario_esta_inscrito_no_podcast VALUES (1, '7e429e8e-7669-403d-bb78-3cd7f9f75afd', 'usr_327');
INSERT INTO trabalho.comentarios_podcast_usuario VALUES ('comment_327_0_2', 'Nisi voluptas dolor omnis aut eum autem id.', '7e429e8e-7669-403d-bb78-3cd7f9f75afd', 'usr_327');
INSERT INTO trabalho.comentarios_podcast_usuario VALUES ('comment_327_1_2', 'Fugit fuga repellat numquam quia qui.', '7e429e8e-7669-403d-bb78-3cd7f9f75afd', 'usr_327');
INSERT INTO trabalho.comentarios_podcast_usuario VALUES ('comment_327_2_2', 'Odit nostrum voluptatibus cum vitae voluptate et impedit quaerat.', '7e429e8e-7669-403d-bb78-3cd7f9f75afd', 'usr_327');
INSERT INTO trabalho.comentarios_podcast_usuario VALUES ('comment_327_3_2', 'Et assumenda est mollitia possimus tempore eveniet eum.', '7e429e8e-7669-403d-bb78-3cd7f9f75afd', 'usr_327');
INSERT INTO trabalho.log_acesso VALUES ('log_327_0_2', '7e429e8e-7669-403d-bb78-3cd7f9f75afd', 'usr_327');
INSERT INTO trabalho.log_acesso VALUES ('log_327_1_2', '7e429e8e-7669-403d-bb78-3cd7f9f75afd', 'usr_327');
INSERT INTO trabalho.log_acesso VALUES ('log_327_2_2', '7e429e8e-7669-403d-bb78-3cd7f9f75afd', 'usr_327');
INSERT INTO trabalho.usuario VALUES ('usr_328', '328_MariaCeclia.Macedo8@bol.com.br', 'Maria Cecília Macedo', 'female', 45, trabalho.hashPassword('Password123'), 'Guernesey');
INSERT INTO trabalho.usuario_esta_inscrito_no_podcast VALUES (2, 'bc8dac25-793c-4a96-aafc-4ea7020f4f60', 'usr_328');
INSERT INTO trabalho.comentarios_podcast_usuario VALUES ('comment_328_0_0', 'Laborum rerum enim.', 'bc8dac25-793c-4a96-aafc-4ea7020f4f60', 'usr_328');
INSERT INTO trabalho.comentarios_podcast_usuario VALUES ('comment_328_1_0', 'Sequi quia ipsum veniam vel.', 'bc8dac25-793c-4a96-aafc-4ea7020f4f60', 'usr_328');
INSERT INTO trabalho.comentarios_podcast_usuario VALUES ('comment_328_2_0', 'Aspernatur dolores qui corrupti eligendi quas illo.', 'bc8dac25-793c-4a96-aafc-4ea7020f4f60', 'usr_328');
INSERT INTO trabalho.log_acesso VALUES ('log_328_0_0', 'bc8dac25-793c-4a96-aafc-4ea7020f4f60', 'usr_328');
INSERT INTO trabalho.log_acesso VALUES ('log_328_1_0', 'bc8dac25-793c-4a96-aafc-4ea7020f4f60', 'usr_328');
INSERT INTO trabalho.log_acesso VALUES ('log_328_2_0', 'bc8dac25-793c-4a96-aafc-4ea7020f4f60', 'usr_328');
INSERT INTO trabalho.log_acesso VALUES ('log_328_3_0', 'bc8dac25-793c-4a96-aafc-4ea7020f4f60', 'usr_328');
INSERT INTO trabalho.usuario_esta_inscrito_no_podcast VALUES (0, '219328a1-cec6-4e8c-b003-52a3ec9766bb', 'usr_328');
INSERT INTO trabalho.comentarios_podcast_usuario VALUES ('comment_328_0_1', 'Et qui qui ad.', '219328a1-cec6-4e8c-b003-52a3ec9766bb', 'usr_328');
INSERT INTO trabalho.comentarios_podcast_usuario VALUES ('comment_328_1_1', 'Quo autem in voluptas facere commodi molestiae eligendi est.', '219328a1-cec6-4e8c-b003-52a3ec9766bb', 'usr_328');
INSERT INTO trabalho.comentarios_podcast_usuario VALUES ('comment_328_2_1', 'Laborum ex similique deleniti eum.', '219328a1-cec6-4e8c-b003-52a3ec9766bb', 'usr_328');
INSERT INTO trabalho.log_acesso VALUES ('log_328_0_1', '219328a1-cec6-4e8c-b003-52a3ec9766bb', 'usr_328');
INSERT INTO trabalho.log_acesso VALUES ('log_328_1_1', '219328a1-cec6-4e8c-b003-52a3ec9766bb', 'usr_328');
INSERT INTO trabalho.log_acesso VALUES ('log_328_2_1', '219328a1-cec6-4e8c-b003-52a3ec9766bb', 'usr_328');
INSERT INTO trabalho.log_acesso VALUES ('log_328_3_1', '219328a1-cec6-4e8c-b003-52a3ec9766bb', 'usr_328');
INSERT INTO trabalho.log_acesso VALUES ('log_328_4_1', '219328a1-cec6-4e8c-b003-52a3ec9766bb', 'usr_328');
INSERT INTO trabalho.usuario_esta_inscrito_no_podcast VALUES (3, 'f8e13774-d631-4f34-93f0-2f5d55590265', 'usr_328');
INSERT INTO trabalho.comentarios_podcast_usuario VALUES ('comment_328_0_2', 'Vitae voluptatum et.', 'f8e13774-d631-4f34-93f0-2f5d55590265', 'usr_328');
INSERT INTO trabalho.comentarios_podcast_usuario VALUES ('comment_328_1_2', 'Consectetur non est.', 'f8e13774-d631-4f34-93f0-2f5d55590265', 'usr_328');
INSERT INTO trabalho.comentarios_podcast_usuario VALUES ('comment_328_2_2', 'Blanditiis hic eos est.', 'f8e13774-d631-4f34-93f0-2f5d55590265', 'usr_328');
INSERT INTO trabalho.log_acesso VALUES ('log_328_0_2', 'f8e13774-d631-4f34-93f0-2f5d55590265', 'usr_328');
INSERT INTO trabalho.usuario VALUES ('usr_329', '329_Caio3@yahoo.com', 'Caio Batista', 'male', 20, trabalho.hashPassword('Password123'), 'Quirguistão');
INSERT INTO trabalho.usuario_esta_inscrito_no_podcast VALUES (0, 'f1b92ce7-47a7-43cd-8586-4a09185cdd05', 'usr_329');
INSERT INTO trabalho.comentarios_podcast_usuario VALUES ('comment_329_0_0', 'Accusantium consequuntur sint.', 'f1b92ce7-47a7-43cd-8586-4a09185cdd05', 'usr_329');
INSERT INTO trabalho.log_acesso VALUES ('log_329_0_0', 'f1b92ce7-47a7-43cd-8586-4a09185cdd05', 'usr_329');
INSERT INTO trabalho.log_acesso VALUES ('log_329_1_0', 'f1b92ce7-47a7-43cd-8586-4a09185cdd05', 'usr_329');
INSERT INTO trabalho.log_acesso VALUES ('log_329_2_0', 'f1b92ce7-47a7-43cd-8586-4a09185cdd05', 'usr_329');
INSERT INTO trabalho.log_acesso VALUES ('log_329_3_0', 'f1b92ce7-47a7-43cd-8586-4a09185cdd05', 'usr_329');
INSERT INTO trabalho.log_acesso VALUES ('log_329_4_0', 'f1b92ce7-47a7-43cd-8586-4a09185cdd05', 'usr_329');
INSERT INTO trabalho.usuario_esta_inscrito_no_podcast VALUES (3, 'af46a958-b921-47b6-9f87-5c4fdc68ea79', 'usr_329');
INSERT INTO trabalho.comentarios_podcast_usuario VALUES ('comment_329_0_1', 'Amet et quisquam ut est.', 'af46a958-b921-47b6-9f87-5c4fdc68ea79', 'usr_329');
INSERT INTO trabalho.comentarios_podcast_usuario VALUES ('comment_329_1_1', 'Alias sit veniam assumenda inventore provident aspernatur eveniet sed qui.', 'af46a958-b921-47b6-9f87-5c4fdc68ea79', 'usr_329');
INSERT INTO trabalho.comentarios_podcast_usuario VALUES ('comment_329_2_1', 'Facere ut ut.', 'af46a958-b921-47b6-9f87-5c4fdc68ea79', 'usr_329');
INSERT INTO trabalho.comentarios_podcast_usuario VALUES ('comment_329_3_1', 'Odit itaque beatae.', 'af46a958-b921-47b6-9f87-5c4fdc68ea79', 'usr_329');
INSERT INTO trabalho.log_acesso VALUES ('log_329_0_1', 'af46a958-b921-47b6-9f87-5c4fdc68ea79', 'usr_329');
INSERT INTO trabalho.log_acesso VALUES ('log_329_1_1', 'af46a958-b921-47b6-9f87-5c4fdc68ea79', 'usr_329');
INSERT INTO trabalho.log_acesso VALUES ('log_329_2_1', 'af46a958-b921-47b6-9f87-5c4fdc68ea79', 'usr_329');
INSERT INTO trabalho.log_acesso VALUES ('log_329_3_1', 'af46a958-b921-47b6-9f87-5c4fdc68ea79', 'usr_329');
INSERT INTO trabalho.usuario_esta_inscrito_no_podcast VALUES (4, 'bc8dac25-793c-4a96-aafc-4ea7020f4f60', 'usr_329');
INSERT INTO trabalho.comentarios_podcast_usuario VALUES ('comment_329_0_2', 'Laborum ad eaque doloribus quis et dolor a.', 'bc8dac25-793c-4a96-aafc-4ea7020f4f60', 'usr_329');
INSERT INTO trabalho.comentarios_podcast_usuario VALUES ('comment_329_1_2', 'Et soluta eius.', 'bc8dac25-793c-4a96-aafc-4ea7020f4f60', 'usr_329');
INSERT INTO trabalho.comentarios_podcast_usuario VALUES ('comment_329_2_2', 'Repellat soluta autem ut.', 'bc8dac25-793c-4a96-aafc-4ea7020f4f60', 'usr_329');
INSERT INTO trabalho.comentarios_podcast_usuario VALUES ('comment_329_3_2', 'Itaque harum cumque.', 'bc8dac25-793c-4a96-aafc-4ea7020f4f60', 'usr_329');
INSERT INTO trabalho.comentarios_podcast_usuario VALUES ('comment_329_4_2', 'Laborum placeat quae iste.', 'bc8dac25-793c-4a96-aafc-4ea7020f4f60', 'usr_329');
INSERT INTO trabalho.comentarios_podcast_usuario VALUES ('comment_329_5_2', 'Consequuntur rem ex excepturi voluptatem doloremque.', 'bc8dac25-793c-4a96-aafc-4ea7020f4f60', 'usr_329');
INSERT INTO trabalho.log_acesso VALUES ('log_329_0_2', 'bc8dac25-793c-4a96-aafc-4ea7020f4f60', 'usr_329');
INSERT INTO trabalho.log_acesso VALUES ('log_329_1_2', 'bc8dac25-793c-4a96-aafc-4ea7020f4f60', 'usr_329');
INSERT INTO trabalho.log_acesso VALUES ('log_329_2_2', 'bc8dac25-793c-4a96-aafc-4ea7020f4f60', 'usr_329');
INSERT INTO trabalho.log_acesso VALUES ('log_329_3_2', 'bc8dac25-793c-4a96-aafc-4ea7020f4f60', 'usr_329');
INSERT INTO trabalho.usuario VALUES ('usr_330', '330_Rafael9@hotmail.com', 'Rafael Batista', 'male', 60, trabalho.hashPassword('Password123'), 'Ilha Norfolk');
INSERT INTO trabalho.usuario_esta_inscrito_no_podcast VALUES (4, '7e429e8e-7669-403d-bb78-3cd7f9f75afd', 'usr_330');
INSERT INTO trabalho.comentarios_podcast_usuario VALUES ('comment_330_0_0', 'Ab voluptas recusandae id dolores nulla.', '7e429e8e-7669-403d-bb78-3cd7f9f75afd', 'usr_330');
INSERT INTO trabalho.comentarios_podcast_usuario VALUES ('comment_330_1_0', 'Soluta eaque fugit.', '7e429e8e-7669-403d-bb78-3cd7f9f75afd', 'usr_330');
INSERT INTO trabalho.log_acesso VALUES ('log_330_0_0', '7e429e8e-7669-403d-bb78-3cd7f9f75afd', 'usr_330');
INSERT INTO trabalho.log_acesso VALUES ('log_330_1_0', '7e429e8e-7669-403d-bb78-3cd7f9f75afd', 'usr_330');
INSERT INTO trabalho.log_acesso VALUES ('log_330_2_0', '7e429e8e-7669-403d-bb78-3cd7f9f75afd', 'usr_330');
INSERT INTO trabalho.log_acesso VALUES ('log_330_3_0', '7e429e8e-7669-403d-bb78-3cd7f9f75afd', 'usr_330');
INSERT INTO trabalho.log_acesso VALUES ('log_330_4_0', '7e429e8e-7669-403d-bb78-3cd7f9f75afd', 'usr_330');
INSERT INTO trabalho.usuario_esta_inscrito_no_podcast VALUES (0, 'f1b92ce7-47a7-43cd-8586-4a09185cdd05', 'usr_330');
INSERT INTO trabalho.comentarios_podcast_usuario VALUES ('comment_330_0_1', 'Sed voluptas in nisi culpa.', 'f1b92ce7-47a7-43cd-8586-4a09185cdd05', 'usr_330');
INSERT INTO trabalho.comentarios_podcast_usuario VALUES ('comment_330_1_1', 'Vel beatae repellat alias omnis et.', 'f1b92ce7-47a7-43cd-8586-4a09185cdd05', 'usr_330');
INSERT INTO trabalho.log_acesso VALUES ('log_330_0_1', 'f1b92ce7-47a7-43cd-8586-4a09185cdd05', 'usr_330');
INSERT INTO trabalho.log_acesso VALUES ('log_330_1_1', 'f1b92ce7-47a7-43cd-8586-4a09185cdd05', 'usr_330');
INSERT INTO trabalho.log_acesso VALUES ('log_330_2_1', 'f1b92ce7-47a7-43cd-8586-4a09185cdd05', 'usr_330');
INSERT INTO trabalho.usuario_esta_inscrito_no_podcast VALUES (2, '168c1536-4c42-4b8f-8c77-f06affefec6a', 'usr_330');
INSERT INTO trabalho.comentarios_podcast_usuario VALUES ('comment_330_0_2', 'Qui vitae laudantium quia quidem quia dolores quasi.', '168c1536-4c42-4b8f-8c77-f06affefec6a', 'usr_330');
INSERT INTO trabalho.log_acesso VALUES ('log_330_0_2', '168c1536-4c42-4b8f-8c77-f06affefec6a', 'usr_330');
INSERT INTO trabalho.log_acesso VALUES ('log_330_1_2', '168c1536-4c42-4b8f-8c77-f06affefec6a', 'usr_330');
INSERT INTO trabalho.log_acesso VALUES ('log_330_2_2', '168c1536-4c42-4b8f-8c77-f06affefec6a', 'usr_330');
INSERT INTO trabalho.log_acesso VALUES ('log_330_3_2', '168c1536-4c42-4b8f-8c77-f06affefec6a', 'usr_330');
INSERT INTO trabalho.log_acesso VALUES ('log_330_4_2', '168c1536-4c42-4b8f-8c77-f06affefec6a', 'usr_330');
INSERT INTO trabalho.usuario VALUES ('usr_331', '331_Lavnia_Albuquerque73@hotmail.com', 'Lavínia Albuquerque', 'female', 0, trabalho.hashPassword('Password123'), 'Estados Unidos das Ilhas Virgens');
INSERT INTO trabalho.usuario_esta_inscrito_no_podcast VALUES (4, '168c1536-4c42-4b8f-8c77-f06affefec6a', 'usr_331');
INSERT INTO trabalho.comentarios_podcast_usuario VALUES ('comment_331_0_0', 'Ea nostrum dicta inventore quos dolore dolorum esse aliquam.', '168c1536-4c42-4b8f-8c77-f06affefec6a', 'usr_331');
INSERT INTO trabalho.comentarios_podcast_usuario VALUES ('comment_331_1_0', 'Vel voluptatem facilis enim dolorum velit vel dolores.', '168c1536-4c42-4b8f-8c77-f06affefec6a', 'usr_331');
INSERT INTO trabalho.comentarios_podcast_usuario VALUES ('comment_331_2_0', 'Reiciendis assumenda aut est qui accusamus quasi magni illo velit.', '168c1536-4c42-4b8f-8c77-f06affefec6a', 'usr_331');
INSERT INTO trabalho.comentarios_podcast_usuario VALUES ('comment_331_3_0', 'Earum dolor ea sed qui.', '168c1536-4c42-4b8f-8c77-f06affefec6a', 'usr_331');
INSERT INTO trabalho.comentarios_podcast_usuario VALUES ('comment_331_4_0', 'Accusantium dolorum eveniet odit nemo similique id sapiente ex beatae.', '168c1536-4c42-4b8f-8c77-f06affefec6a', 'usr_331');
INSERT INTO trabalho.log_acesso VALUES ('log_331_0_0', '168c1536-4c42-4b8f-8c77-f06affefec6a', 'usr_331');
INSERT INTO trabalho.log_acesso VALUES ('log_331_1_0', '168c1536-4c42-4b8f-8c77-f06affefec6a', 'usr_331');
INSERT INTO trabalho.usuario_esta_inscrito_no_podcast VALUES (1, 'f1b92ce7-47a7-43cd-8586-4a09185cdd05', 'usr_331');
INSERT INTO trabalho.comentarios_podcast_usuario VALUES ('comment_331_0_1', 'Aspernatur numquam laborum.', 'f1b92ce7-47a7-43cd-8586-4a09185cdd05', 'usr_331');
INSERT INTO trabalho.comentarios_podcast_usuario VALUES ('comment_331_1_1', 'Velit et impedit pariatur exercitationem dolore voluptas non.', 'f1b92ce7-47a7-43cd-8586-4a09185cdd05', 'usr_331');
INSERT INTO trabalho.log_acesso VALUES ('log_331_0_1', 'f1b92ce7-47a7-43cd-8586-4a09185cdd05', 'usr_331');
INSERT INTO trabalho.log_acesso VALUES ('log_331_1_1', 'f1b92ce7-47a7-43cd-8586-4a09185cdd05', 'usr_331');
INSERT INTO trabalho.usuario_esta_inscrito_no_podcast VALUES (4, '219328a1-cec6-4e8c-b003-52a3ec9766bb', 'usr_331');
INSERT INTO trabalho.comentarios_podcast_usuario VALUES ('comment_331_0_2', 'Molestiae repudiandae quis eius aliquid officiis eaque odio dolores.', '219328a1-cec6-4e8c-b003-52a3ec9766bb', 'usr_331');
INSERT INTO trabalho.log_acesso VALUES ('log_331_0_2', '219328a1-cec6-4e8c-b003-52a3ec9766bb', 'usr_331');
INSERT INTO trabalho.log_acesso VALUES ('log_331_1_2', '219328a1-cec6-4e8c-b003-52a3ec9766bb', 'usr_331');
INSERT INTO trabalho.log_acesso VALUES ('log_331_2_2', '219328a1-cec6-4e8c-b003-52a3ec9766bb', 'usr_331');
INSERT INTO trabalho.log_acesso VALUES ('log_331_3_2', '219328a1-cec6-4e8c-b003-52a3ec9766bb', 'usr_331');
INSERT INTO trabalho.usuario VALUES ('usr_332', '332_Calebe_Moraes3@bol.com.br', 'Calebe Moraes', 'male', 34, trabalho.hashPassword('Password123'), 'Costa Rica');
INSERT INTO trabalho.usuario_esta_inscrito_no_podcast VALUES (1, '168c1536-4c42-4b8f-8c77-f06affefec6a', 'usr_332');
INSERT INTO trabalho.comentarios_podcast_usuario VALUES ('comment_332_0_0', 'Et sunt labore.', '168c1536-4c42-4b8f-8c77-f06affefec6a', 'usr_332');
INSERT INTO trabalho.comentarios_podcast_usuario VALUES ('comment_332_1_0', 'Et molestiae voluptatem quia consequatur reiciendis possimus quis numquam.', '168c1536-4c42-4b8f-8c77-f06affefec6a', 'usr_332');
INSERT INTO trabalho.comentarios_podcast_usuario VALUES ('comment_332_2_0', 'Vel qui cumque reiciendis sunt.', '168c1536-4c42-4b8f-8c77-f06affefec6a', 'usr_332');
INSERT INTO trabalho.log_acesso VALUES ('log_332_0_0', '168c1536-4c42-4b8f-8c77-f06affefec6a', 'usr_332');
INSERT INTO trabalho.log_acesso VALUES ('log_332_1_0', '168c1536-4c42-4b8f-8c77-f06affefec6a', 'usr_332');
INSERT INTO trabalho.log_acesso VALUES ('log_332_2_0', '168c1536-4c42-4b8f-8c77-f06affefec6a', 'usr_332');
INSERT INTO trabalho.log_acesso VALUES ('log_332_3_0', '168c1536-4c42-4b8f-8c77-f06affefec6a', 'usr_332');
INSERT INTO trabalho.log_acesso VALUES ('log_332_4_0', '168c1536-4c42-4b8f-8c77-f06affefec6a', 'usr_332');
INSERT INTO trabalho.usuario_esta_inscrito_no_podcast VALUES (5, 'c58b280a-56d4-4ad8-8c85-730e4ea86361', 'usr_332');
INSERT INTO trabalho.comentarios_podcast_usuario VALUES ('comment_332_0_1', 'Consequuntur doloremque facere beatae error.', 'c58b280a-56d4-4ad8-8c85-730e4ea86361', 'usr_332');
INSERT INTO trabalho.comentarios_podcast_usuario VALUES ('comment_332_1_1', 'Cum minus itaque aut in sed neque et.', 'c58b280a-56d4-4ad8-8c85-730e4ea86361', 'usr_332');
INSERT INTO trabalho.log_acesso VALUES ('log_332_0_1', 'c58b280a-56d4-4ad8-8c85-730e4ea86361', 'usr_332');
INSERT INTO trabalho.log_acesso VALUES ('log_332_1_1', 'c58b280a-56d4-4ad8-8c85-730e4ea86361', 'usr_332');
INSERT INTO trabalho.log_acesso VALUES ('log_332_2_1', 'c58b280a-56d4-4ad8-8c85-730e4ea86361', 'usr_332');
INSERT INTO trabalho.log_acesso VALUES ('log_332_3_1', 'c58b280a-56d4-4ad8-8c85-730e4ea86361', 'usr_332');
INSERT INTO trabalho.log_acesso VALUES ('log_332_4_1', 'c58b280a-56d4-4ad8-8c85-730e4ea86361', 'usr_332');
INSERT INTO trabalho.usuario_esta_inscrito_no_podcast VALUES (1, '5bdf7377-8330-4f9f-8efd-e95301c122ce', 'usr_332');
INSERT INTO trabalho.comentarios_podcast_usuario VALUES ('comment_332_0_2', 'Aut laborum suscipit aut sit unde maxime laudantium.', '5bdf7377-8330-4f9f-8efd-e95301c122ce', 'usr_332');
INSERT INTO trabalho.comentarios_podcast_usuario VALUES ('comment_332_1_2', 'Et tempore vel aut dolorum.', '5bdf7377-8330-4f9f-8efd-e95301c122ce', 'usr_332');
INSERT INTO trabalho.comentarios_podcast_usuario VALUES ('comment_332_2_2', 'Voluptatem impedit harum.', '5bdf7377-8330-4f9f-8efd-e95301c122ce', 'usr_332');
INSERT INTO trabalho.comentarios_podcast_usuario VALUES ('comment_332_3_2', 'Unde enim veniam in eveniet illum vel excepturi.', '5bdf7377-8330-4f9f-8efd-e95301c122ce', 'usr_332');
INSERT INTO trabalho.log_acesso VALUES ('log_332_0_2', '5bdf7377-8330-4f9f-8efd-e95301c122ce', 'usr_332');
INSERT INTO trabalho.log_acesso VALUES ('log_332_1_2', '5bdf7377-8330-4f9f-8efd-e95301c122ce', 'usr_332');
INSERT INTO trabalho.log_acesso VALUES ('log_332_2_2', '5bdf7377-8330-4f9f-8efd-e95301c122ce', 'usr_332');
INSERT INTO trabalho.usuario VALUES ('usr_333', '333_Cau.Albuquerque@live.com', 'Cauã Albuquerque', 'male', 8, trabalho.hashPassword('Password123'), 'Ruanda');
INSERT INTO trabalho.usuario_esta_inscrito_no_podcast VALUES (1, '7e429e8e-7669-403d-bb78-3cd7f9f75afd', 'usr_333');
INSERT INTO trabalho.comentarios_podcast_usuario VALUES ('comment_333_0_0', 'Sit repellat ea.', '7e429e8e-7669-403d-bb78-3cd7f9f75afd', 'usr_333');
INSERT INTO trabalho.log_acesso VALUES ('log_333_0_0', '7e429e8e-7669-403d-bb78-3cd7f9f75afd', 'usr_333');
INSERT INTO trabalho.log_acesso VALUES ('log_333_1_0', '7e429e8e-7669-403d-bb78-3cd7f9f75afd', 'usr_333');
INSERT INTO trabalho.log_acesso VALUES ('log_333_2_0', '7e429e8e-7669-403d-bb78-3cd7f9f75afd', 'usr_333');
INSERT INTO trabalho.log_acesso VALUES ('log_333_3_0', '7e429e8e-7669-403d-bb78-3cd7f9f75afd', 'usr_333');
INSERT INTO trabalho.usuario_esta_inscrito_no_podcast VALUES (0, 'b553d865-8fe2-47de-9a30-10e1dea3bd1d', 'usr_333');
INSERT INTO trabalho.comentarios_podcast_usuario VALUES ('comment_333_0_1', 'Tempora et possimus ex ullam quod sed debitis.', 'b553d865-8fe2-47de-9a30-10e1dea3bd1d', 'usr_333');
INSERT INTO trabalho.comentarios_podcast_usuario VALUES ('comment_333_1_1', 'Voluptatem porro adipisci laborum.', 'b553d865-8fe2-47de-9a30-10e1dea3bd1d', 'usr_333');
INSERT INTO trabalho.comentarios_podcast_usuario VALUES ('comment_333_2_1', 'Cumque rerum doloribus nemo similique sint minus.', 'b553d865-8fe2-47de-9a30-10e1dea3bd1d', 'usr_333');
INSERT INTO trabalho.comentarios_podcast_usuario VALUES ('comment_333_3_1', 'Aperiam consequatur qui tempore ea odit ullam sed dolorem.', 'b553d865-8fe2-47de-9a30-10e1dea3bd1d', 'usr_333');
INSERT INTO trabalho.comentarios_podcast_usuario VALUES ('comment_333_4_1', 'Et totam voluptates voluptatem qui quaerat perspiciatis doloribus labore.', 'b553d865-8fe2-47de-9a30-10e1dea3bd1d', 'usr_333');
INSERT INTO trabalho.log_acesso VALUES ('log_333_0_1', 'b553d865-8fe2-47de-9a30-10e1dea3bd1d', 'usr_333');
INSERT INTO trabalho.log_acesso VALUES ('log_333_1_1', 'b553d865-8fe2-47de-9a30-10e1dea3bd1d', 'usr_333');
INSERT INTO trabalho.usuario_esta_inscrito_no_podcast VALUES (3, 'f8e13774-d631-4f34-93f0-2f5d55590265', 'usr_333');
INSERT INTO trabalho.comentarios_podcast_usuario VALUES ('comment_333_0_2', 'At vero commodi aliquam deleniti neque dolores.', 'f8e13774-d631-4f34-93f0-2f5d55590265', 'usr_333');
INSERT INTO trabalho.comentarios_podcast_usuario VALUES ('comment_333_1_2', 'Dolorum dolores voluptatem quam occaecati minima nisi a ut qui.', 'f8e13774-d631-4f34-93f0-2f5d55590265', 'usr_333');
INSERT INTO trabalho.comentarios_podcast_usuario VALUES ('comment_333_2_2', 'Earum et ea et et vero necessitatibus aut.', 'f8e13774-d631-4f34-93f0-2f5d55590265', 'usr_333');
INSERT INTO trabalho.log_acesso VALUES ('log_333_0_2', 'f8e13774-d631-4f34-93f0-2f5d55590265', 'usr_333');
INSERT INTO trabalho.log_acesso VALUES ('log_333_1_2', 'f8e13774-d631-4f34-93f0-2f5d55590265', 'usr_333');
INSERT INTO trabalho.log_acesso VALUES ('log_333_2_2', 'f8e13774-d631-4f34-93f0-2f5d55590265', 'usr_333');
INSERT INTO trabalho.log_acesso VALUES ('log_333_3_2', 'f8e13774-d631-4f34-93f0-2f5d55590265', 'usr_333');
INSERT INTO trabalho.log_acesso VALUES ('log_333_4_2', 'f8e13774-d631-4f34-93f0-2f5d55590265', 'usr_333');
INSERT INTO trabalho.log_acesso VALUES ('log_333_5_2', 'f8e13774-d631-4f34-93f0-2f5d55590265', 'usr_333');
INSERT INTO trabalho.usuario VALUES ('usr_334', '334_Lvia26@live.com', 'Lívia Moreira', 'female', 51, trabalho.hashPassword('Password123'), 'Síria');
INSERT INTO trabalho.usuario_esta_inscrito_no_podcast VALUES (0, '67074e68-bc2f-442b-8af2-7d328b6af6eb', 'usr_334');
INSERT INTO trabalho.comentarios_podcast_usuario VALUES ('comment_334_0_0', 'Veniam est autem similique perspiciatis sunt magnam ut ut.', '67074e68-bc2f-442b-8af2-7d328b6af6eb', 'usr_334');
INSERT INTO trabalho.comentarios_podcast_usuario VALUES ('comment_334_1_0', 'Consequuntur iusto non ut provident at cum voluptatem ipsa quia.', '67074e68-bc2f-442b-8af2-7d328b6af6eb', 'usr_334');
INSERT INTO trabalho.comentarios_podcast_usuario VALUES ('comment_334_2_0', 'Deleniti aliquid temporibus explicabo ducimus velit ut nisi officia sunt.', '67074e68-bc2f-442b-8af2-7d328b6af6eb', 'usr_334');
INSERT INTO trabalho.log_acesso VALUES ('log_334_0_0', '67074e68-bc2f-442b-8af2-7d328b6af6eb', 'usr_334');
INSERT INTO trabalho.log_acesso VALUES ('log_334_1_0', '67074e68-bc2f-442b-8af2-7d328b6af6eb', 'usr_334');
INSERT INTO trabalho.usuario_esta_inscrito_no_podcast VALUES (1, '7e429e8e-7669-403d-bb78-3cd7f9f75afd', 'usr_334');
INSERT INTO trabalho.comentarios_podcast_usuario VALUES ('comment_334_0_1', 'Eaque eaque soluta voluptatibus qui temporibus repudiandae.', '7e429e8e-7669-403d-bb78-3cd7f9f75afd', 'usr_334');
INSERT INTO trabalho.comentarios_podcast_usuario VALUES ('comment_334_1_1', 'Dolor et quidem libero libero cumque est adipisci.', '7e429e8e-7669-403d-bb78-3cd7f9f75afd', 'usr_334');
INSERT INTO trabalho.log_acesso VALUES ('log_334_0_1', '7e429e8e-7669-403d-bb78-3cd7f9f75afd', 'usr_334');
INSERT INTO trabalho.log_acesso VALUES ('log_334_1_1', '7e429e8e-7669-403d-bb78-3cd7f9f75afd', 'usr_334');
INSERT INTO trabalho.log_acesso VALUES ('log_334_2_1', '7e429e8e-7669-403d-bb78-3cd7f9f75afd', 'usr_334');
INSERT INTO trabalho.log_acesso VALUES ('log_334_3_1', '7e429e8e-7669-403d-bb78-3cd7f9f75afd', 'usr_334');
INSERT INTO trabalho.log_acesso VALUES ('log_334_4_1', '7e429e8e-7669-403d-bb78-3cd7f9f75afd', 'usr_334');
INSERT INTO trabalho.log_acesso VALUES ('log_334_5_1', '7e429e8e-7669-403d-bb78-3cd7f9f75afd', 'usr_334');
INSERT INTO trabalho.log_acesso VALUES ('log_334_6_1', '7e429e8e-7669-403d-bb78-3cd7f9f75afd', 'usr_334');
INSERT INTO trabalho.log_acesso VALUES ('log_334_7_1', '7e429e8e-7669-403d-bb78-3cd7f9f75afd', 'usr_334');
INSERT INTO trabalho.usuario_esta_inscrito_no_podcast VALUES (4, 'b553d865-8fe2-47de-9a30-10e1dea3bd1d', 'usr_334');
INSERT INTO trabalho.comentarios_podcast_usuario VALUES ('comment_334_0_2', 'Explicabo saepe iure vitae nemo adipisci.', 'b553d865-8fe2-47de-9a30-10e1dea3bd1d', 'usr_334');
INSERT INTO trabalho.comentarios_podcast_usuario VALUES ('comment_334_1_2', 'Deserunt fugiat ut.', 'b553d865-8fe2-47de-9a30-10e1dea3bd1d', 'usr_334');
INSERT INTO trabalho.comentarios_podcast_usuario VALUES ('comment_334_2_2', 'Minima sint quia eveniet ipsam rem cum.', 'b553d865-8fe2-47de-9a30-10e1dea3bd1d', 'usr_334');
INSERT INTO trabalho.comentarios_podcast_usuario VALUES ('comment_334_3_2', 'Sed similique et.', 'b553d865-8fe2-47de-9a30-10e1dea3bd1d', 'usr_334');
INSERT INTO trabalho.log_acesso VALUES ('log_334_0_2', 'b553d865-8fe2-47de-9a30-10e1dea3bd1d', 'usr_334');
INSERT INTO trabalho.log_acesso VALUES ('log_334_1_2', 'b553d865-8fe2-47de-9a30-10e1dea3bd1d', 'usr_334');
INSERT INTO trabalho.log_acesso VALUES ('log_334_2_2', 'b553d865-8fe2-47de-9a30-10e1dea3bd1d', 'usr_334');
INSERT INTO trabalho.log_acesso VALUES ('log_334_3_2', 'b553d865-8fe2-47de-9a30-10e1dea3bd1d', 'usr_334');
INSERT INTO trabalho.log_acesso VALUES ('log_334_4_2', 'b553d865-8fe2-47de-9a30-10e1dea3bd1d', 'usr_334');
INSERT INTO trabalho.usuario VALUES ('usr_335', '335_AnaLaura.Xavier@bol.com.br', 'Ana Laura Xavier', 'female', 2, trabalho.hashPassword('Password123'), 'Uruguai');
INSERT INTO trabalho.usuario_esta_inscrito_no_podcast VALUES (2, 'de2f0ddb-9903-436a-a5e2-54224254c818', 'usr_335');
INSERT INTO trabalho.comentarios_podcast_usuario VALUES ('comment_335_0_0', 'Voluptatem quia quam accusantium doloremque vitae unde minus aliquid et.', 'de2f0ddb-9903-436a-a5e2-54224254c818', 'usr_335');
INSERT INTO trabalho.comentarios_podcast_usuario VALUES ('comment_335_1_0', 'Fugiat consequuntur ad quae est.', 'de2f0ddb-9903-436a-a5e2-54224254c818', 'usr_335');
INSERT INTO trabalho.comentarios_podcast_usuario VALUES ('comment_335_2_0', 'Maxime amet similique eligendi amet sed consequatur eos.', 'de2f0ddb-9903-436a-a5e2-54224254c818', 'usr_335');
INSERT INTO trabalho.log_acesso VALUES ('log_335_0_0', 'de2f0ddb-9903-436a-a5e2-54224254c818', 'usr_335');
INSERT INTO trabalho.log_acesso VALUES ('log_335_1_0', 'de2f0ddb-9903-436a-a5e2-54224254c818', 'usr_335');
INSERT INTO trabalho.log_acesso VALUES ('log_335_2_0', 'de2f0ddb-9903-436a-a5e2-54224254c818', 'usr_335');
INSERT INTO trabalho.log_acesso VALUES ('log_335_3_0', 'de2f0ddb-9903-436a-a5e2-54224254c818', 'usr_335');
INSERT INTO trabalho.usuario_esta_inscrito_no_podcast VALUES (1, 'f8e13774-d631-4f34-93f0-2f5d55590265', 'usr_335');
INSERT INTO trabalho.comentarios_podcast_usuario VALUES ('comment_335_0_1', 'Distinctio ducimus quia enim voluptas et libero aperiam velit.', 'f8e13774-d631-4f34-93f0-2f5d55590265', 'usr_335');
INSERT INTO trabalho.comentarios_podcast_usuario VALUES ('comment_335_1_1', 'At dolorem eum voluptatem delectus officia nemo sed consequatur eum.', 'f8e13774-d631-4f34-93f0-2f5d55590265', 'usr_335');
INSERT INTO trabalho.comentarios_podcast_usuario VALUES ('comment_335_2_1', 'Quaerat consequatur fugiat debitis cupiditate illo rerum facilis.', 'f8e13774-d631-4f34-93f0-2f5d55590265', 'usr_335');
INSERT INTO trabalho.comentarios_podcast_usuario VALUES ('comment_335_3_1', 'Ea voluptatem quos natus impedit alias cumque vel dolor.', 'f8e13774-d631-4f34-93f0-2f5d55590265', 'usr_335');
INSERT INTO trabalho.log_acesso VALUES ('log_335_0_1', 'f8e13774-d631-4f34-93f0-2f5d55590265', 'usr_335');
INSERT INTO trabalho.usuario_esta_inscrito_no_podcast VALUES (4, '7e429e8e-7669-403d-bb78-3cd7f9f75afd', 'usr_335');
INSERT INTO trabalho.comentarios_podcast_usuario VALUES ('comment_335_0_2', 'Similique minus quod quidem hic.', '7e429e8e-7669-403d-bb78-3cd7f9f75afd', 'usr_335');
INSERT INTO trabalho.log_acesso VALUES ('log_335_0_2', '7e429e8e-7669-403d-bb78-3cd7f9f75afd', 'usr_335');
INSERT INTO trabalho.log_acesso VALUES ('log_335_1_2', '7e429e8e-7669-403d-bb78-3cd7f9f75afd', 'usr_335');
INSERT INTO trabalho.log_acesso VALUES ('log_335_2_2', '7e429e8e-7669-403d-bb78-3cd7f9f75afd', 'usr_335');
INSERT INTO trabalho.usuario VALUES ('usr_336', '336_Joana.Reis63@gmail.com', 'Joana Reis', 'female', 22, trabalho.hashPassword('Password123'), 'Eslováquia');
INSERT INTO trabalho.usuario_esta_inscrito_no_podcast VALUES (0, '7e429e8e-7669-403d-bb78-3cd7f9f75afd', 'usr_336');
INSERT INTO trabalho.comentarios_podcast_usuario VALUES ('comment_336_0_0', 'Et perspiciatis reiciendis velit sit dignissimos tempore laboriosam aut accusantium.', '7e429e8e-7669-403d-bb78-3cd7f9f75afd', 'usr_336');
INSERT INTO trabalho.comentarios_podcast_usuario VALUES ('comment_336_1_0', 'Laboriosam et odio in.', '7e429e8e-7669-403d-bb78-3cd7f9f75afd', 'usr_336');
INSERT INTO trabalho.comentarios_podcast_usuario VALUES ('comment_336_2_0', 'Qui laborum voluptas ullam qui cupiditate sunt libero in.', '7e429e8e-7669-403d-bb78-3cd7f9f75afd', 'usr_336');
INSERT INTO trabalho.comentarios_podcast_usuario VALUES ('comment_336_3_0', 'Rem quibusdam non dolores voluptatem.', '7e429e8e-7669-403d-bb78-3cd7f9f75afd', 'usr_336');
INSERT INTO trabalho.log_acesso VALUES ('log_336_0_0', '7e429e8e-7669-403d-bb78-3cd7f9f75afd', 'usr_336');
INSERT INTO trabalho.log_acesso VALUES ('log_336_1_0', '7e429e8e-7669-403d-bb78-3cd7f9f75afd', 'usr_336');
INSERT INTO trabalho.log_acesso VALUES ('log_336_2_0', '7e429e8e-7669-403d-bb78-3cd7f9f75afd', 'usr_336');
INSERT INTO trabalho.usuario_esta_inscrito_no_podcast VALUES (1, 'f0166bd2-8e4d-4308-b5d7-0b3d627c5dc5', 'usr_336');
INSERT INTO trabalho.comentarios_podcast_usuario VALUES ('comment_336_0_1', 'Voluptatem vitae eveniet qui fugit.', 'f0166bd2-8e4d-4308-b5d7-0b3d627c5dc5', 'usr_336');
INSERT INTO trabalho.comentarios_podcast_usuario VALUES ('comment_336_1_1', 'Praesentium et vitae.', 'f0166bd2-8e4d-4308-b5d7-0b3d627c5dc5', 'usr_336');
INSERT INTO trabalho.comentarios_podcast_usuario VALUES ('comment_336_2_1', 'Sed et quas et earum.', 'f0166bd2-8e4d-4308-b5d7-0b3d627c5dc5', 'usr_336');
INSERT INTO trabalho.comentarios_podcast_usuario VALUES ('comment_336_3_1', 'Aliquid laudantium atque ad aliquam iusto suscipit qui.', 'f0166bd2-8e4d-4308-b5d7-0b3d627c5dc5', 'usr_336');
INSERT INTO trabalho.comentarios_podcast_usuario VALUES ('comment_336_4_1', 'Cupiditate deleniti autem tempora quia.', 'f0166bd2-8e4d-4308-b5d7-0b3d627c5dc5', 'usr_336');
INSERT INTO trabalho.comentarios_podcast_usuario VALUES ('comment_336_5_1', 'Ducimus facilis qui repudiandae velit.', 'f0166bd2-8e4d-4308-b5d7-0b3d627c5dc5', 'usr_336');
INSERT INTO trabalho.log_acesso VALUES ('log_336_0_1', 'f0166bd2-8e4d-4308-b5d7-0b3d627c5dc5', 'usr_336');
INSERT INTO trabalho.log_acesso VALUES ('log_336_1_1', 'f0166bd2-8e4d-4308-b5d7-0b3d627c5dc5', 'usr_336');
INSERT INTO trabalho.usuario_esta_inscrito_no_podcast VALUES (2, '168c1536-4c42-4b8f-8c77-f06affefec6a', 'usr_336');
INSERT INTO trabalho.comentarios_podcast_usuario VALUES ('comment_336_0_2', 'Et vel accusamus quam aut qui nostrum consequatur magnam.', '168c1536-4c42-4b8f-8c77-f06affefec6a', 'usr_336');
INSERT INTO trabalho.comentarios_podcast_usuario VALUES ('comment_336_1_2', 'Sapiente aperiam harum numquam est temporibus fugit.', '168c1536-4c42-4b8f-8c77-f06affefec6a', 'usr_336');
INSERT INTO trabalho.comentarios_podcast_usuario VALUES ('comment_336_2_2', 'Voluptates est in qui.', '168c1536-4c42-4b8f-8c77-f06affefec6a', 'usr_336');
INSERT INTO trabalho.log_acesso VALUES ('log_336_0_2', '168c1536-4c42-4b8f-8c77-f06affefec6a', 'usr_336');
INSERT INTO trabalho.log_acesso VALUES ('log_336_1_2', '168c1536-4c42-4b8f-8c77-f06affefec6a', 'usr_336');
INSERT INTO trabalho.usuario VALUES ('usr_337', '337_Marcela_Souza25@bol.com.br', 'Marcela Souza', 'female', 49, trabalho.hashPassword('Password123'), 'Eslovênia');
INSERT INTO trabalho.usuario_esta_inscrito_no_podcast VALUES (4, '219328a1-cec6-4e8c-b003-52a3ec9766bb', 'usr_337');
INSERT INTO trabalho.comentarios_podcast_usuario VALUES ('comment_337_0_0', 'Aspernatur consequatur libero aspernatur iste expedita enim sunt et error.', '219328a1-cec6-4e8c-b003-52a3ec9766bb', 'usr_337');
INSERT INTO trabalho.comentarios_podcast_usuario VALUES ('comment_337_1_0', 'Laboriosam eveniet et repudiandae eius non delectus expedita voluptates.', '219328a1-cec6-4e8c-b003-52a3ec9766bb', 'usr_337');
INSERT INTO trabalho.log_acesso VALUES ('log_337_0_0', '219328a1-cec6-4e8c-b003-52a3ec9766bb', 'usr_337');
INSERT INTO trabalho.log_acesso VALUES ('log_337_1_0', '219328a1-cec6-4e8c-b003-52a3ec9766bb', 'usr_337');
INSERT INTO trabalho.log_acesso VALUES ('log_337_2_0', '219328a1-cec6-4e8c-b003-52a3ec9766bb', 'usr_337');
INSERT INTO trabalho.log_acesso VALUES ('log_337_3_0', '219328a1-cec6-4e8c-b003-52a3ec9766bb', 'usr_337');
INSERT INTO trabalho.log_acesso VALUES ('log_337_4_0', '219328a1-cec6-4e8c-b003-52a3ec9766bb', 'usr_337');
INSERT INTO trabalho.log_acesso VALUES ('log_337_5_0', '219328a1-cec6-4e8c-b003-52a3ec9766bb', 'usr_337');
INSERT INTO trabalho.usuario_esta_inscrito_no_podcast VALUES (0, 'b553d865-8fe2-47de-9a30-10e1dea3bd1d', 'usr_337');
INSERT INTO trabalho.comentarios_podcast_usuario VALUES ('comment_337_0_1', 'Non omnis unde recusandae.', 'b553d865-8fe2-47de-9a30-10e1dea3bd1d', 'usr_337');
INSERT INTO trabalho.comentarios_podcast_usuario VALUES ('comment_337_1_1', 'Perferendis voluptatem aliquid esse.', 'b553d865-8fe2-47de-9a30-10e1dea3bd1d', 'usr_337');
INSERT INTO trabalho.log_acesso VALUES ('log_337_0_1', 'b553d865-8fe2-47de-9a30-10e1dea3bd1d', 'usr_337');
INSERT INTO trabalho.log_acesso VALUES ('log_337_1_1', 'b553d865-8fe2-47de-9a30-10e1dea3bd1d', 'usr_337');
INSERT INTO trabalho.log_acesso VALUES ('log_337_2_1', 'b553d865-8fe2-47de-9a30-10e1dea3bd1d', 'usr_337');
INSERT INTO trabalho.usuario_esta_inscrito_no_podcast VALUES (0, 'fa3abe16-3645-4d22-a01d-893e6f20c408', 'usr_337');
INSERT INTO trabalho.comentarios_podcast_usuario VALUES ('comment_337_0_2', 'Consectetur eum quidem molestiae enim repellendus dolorum veritatis asperiores voluptatem.', 'fa3abe16-3645-4d22-a01d-893e6f20c408', 'usr_337');
INSERT INTO trabalho.comentarios_podcast_usuario VALUES ('comment_337_1_2', 'Sed et dicta.', 'fa3abe16-3645-4d22-a01d-893e6f20c408', 'usr_337');
INSERT INTO trabalho.comentarios_podcast_usuario VALUES ('comment_337_2_2', 'Quasi dolor id.', 'fa3abe16-3645-4d22-a01d-893e6f20c408', 'usr_337');
INSERT INTO trabalho.log_acesso VALUES ('log_337_0_2', 'fa3abe16-3645-4d22-a01d-893e6f20c408', 'usr_337');
INSERT INTO trabalho.log_acesso VALUES ('log_337_1_2', 'fa3abe16-3645-4d22-a01d-893e6f20c408', 'usr_337');
INSERT INTO trabalho.usuario VALUES ('usr_338', '338_AnaJlia.Batista30@gmail.com', 'Ana Júlia Batista', 'female', 36, trabalho.hashPassword('Password123'), 'Ilhas Cook');
INSERT INTO trabalho.usuario_esta_inscrito_no_podcast VALUES (1, 'b553d865-8fe2-47de-9a30-10e1dea3bd1d', 'usr_338');
INSERT INTO trabalho.comentarios_podcast_usuario VALUES ('comment_338_0_0', 'Animi quaerat beatae animi error culpa molestiae aut mollitia non.', 'b553d865-8fe2-47de-9a30-10e1dea3bd1d', 'usr_338');
INSERT INTO trabalho.comentarios_podcast_usuario VALUES ('comment_338_1_0', 'Ex non vitae beatae harum nisi saepe rerum sed ut.', 'b553d865-8fe2-47de-9a30-10e1dea3bd1d', 'usr_338');
INSERT INTO trabalho.comentarios_podcast_usuario VALUES ('comment_338_2_0', 'Asperiores aliquid autem.', 'b553d865-8fe2-47de-9a30-10e1dea3bd1d', 'usr_338');
INSERT INTO trabalho.comentarios_podcast_usuario VALUES ('comment_338_3_0', 'Impedit voluptatem vel non est.', 'b553d865-8fe2-47de-9a30-10e1dea3bd1d', 'usr_338');
INSERT INTO trabalho.log_acesso VALUES ('log_338_0_0', 'b553d865-8fe2-47de-9a30-10e1dea3bd1d', 'usr_338');
INSERT INTO trabalho.log_acesso VALUES ('log_338_1_0', 'b553d865-8fe2-47de-9a30-10e1dea3bd1d', 'usr_338');
INSERT INTO trabalho.usuario_esta_inscrito_no_podcast VALUES (5, 'f0166bd2-8e4d-4308-b5d7-0b3d627c5dc5', 'usr_338');
INSERT INTO trabalho.comentarios_podcast_usuario VALUES ('comment_338_0_1', 'Sit fuga voluptas hic ea distinctio fugiat dolores adipisci sed.', 'f0166bd2-8e4d-4308-b5d7-0b3d627c5dc5', 'usr_338');
INSERT INTO trabalho.comentarios_podcast_usuario VALUES ('comment_338_1_1', 'Sint iusto deserunt.', 'f0166bd2-8e4d-4308-b5d7-0b3d627c5dc5', 'usr_338');
INSERT INTO trabalho.comentarios_podcast_usuario VALUES ('comment_338_2_1', 'Sunt delectus qui iusto aliquid voluptas libero blanditiis nesciunt.', 'f0166bd2-8e4d-4308-b5d7-0b3d627c5dc5', 'usr_338');
INSERT INTO trabalho.comentarios_podcast_usuario VALUES ('comment_338_3_1', 'Velit qui eius eius assumenda deserunt dicta sint id.', 'f0166bd2-8e4d-4308-b5d7-0b3d627c5dc5', 'usr_338');
INSERT INTO trabalho.log_acesso VALUES ('log_338_0_1', 'f0166bd2-8e4d-4308-b5d7-0b3d627c5dc5', 'usr_338');
INSERT INTO trabalho.log_acesso VALUES ('log_338_1_1', 'f0166bd2-8e4d-4308-b5d7-0b3d627c5dc5', 'usr_338');
INSERT INTO trabalho.log_acesso VALUES ('log_338_2_1', 'f0166bd2-8e4d-4308-b5d7-0b3d627c5dc5', 'usr_338');
INSERT INTO trabalho.log_acesso VALUES ('log_338_3_1', 'f0166bd2-8e4d-4308-b5d7-0b3d627c5dc5', 'usr_338');
INSERT INTO trabalho.log_acesso VALUES ('log_338_4_1', 'f0166bd2-8e4d-4308-b5d7-0b3d627c5dc5', 'usr_338');
INSERT INTO trabalho.usuario_esta_inscrito_no_podcast VALUES (4, 'bc8dac25-793c-4a96-aafc-4ea7020f4f60', 'usr_338');
INSERT INTO trabalho.comentarios_podcast_usuario VALUES ('comment_338_0_2', 'Qui quos ad nihil.', 'bc8dac25-793c-4a96-aafc-4ea7020f4f60', 'usr_338');
INSERT INTO trabalho.comentarios_podcast_usuario VALUES ('comment_338_1_2', 'At et beatae qui maxime iusto.', 'bc8dac25-793c-4a96-aafc-4ea7020f4f60', 'usr_338');
INSERT INTO trabalho.log_acesso VALUES ('log_338_0_2', 'bc8dac25-793c-4a96-aafc-4ea7020f4f60', 'usr_338');
INSERT INTO trabalho.log_acesso VALUES ('log_338_1_2', 'bc8dac25-793c-4a96-aafc-4ea7020f4f60', 'usr_338');
INSERT INTO trabalho.log_acesso VALUES ('log_338_2_2', 'bc8dac25-793c-4a96-aafc-4ea7020f4f60', 'usr_338');
INSERT INTO trabalho.log_acesso VALUES ('log_338_3_2', 'bc8dac25-793c-4a96-aafc-4ea7020f4f60', 'usr_338');
INSERT INTO trabalho.usuario VALUES ('usr_339', '339_Caio_Carvalho67@live.com', 'Caio Carvalho', 'male', 3, trabalho.hashPassword('Password123'), 'Bôsnia');
INSERT INTO trabalho.usuario_esta_inscrito_no_podcast VALUES (4, '5bdf7377-8330-4f9f-8efd-e95301c122ce', 'usr_339');
INSERT INTO trabalho.comentarios_podcast_usuario VALUES ('comment_339_0_0', 'Autem sint quisquam et voluptates iure quasi commodi tempora magnam.', '5bdf7377-8330-4f9f-8efd-e95301c122ce', 'usr_339');
INSERT INTO trabalho.comentarios_podcast_usuario VALUES ('comment_339_1_0', 'Voluptatem voluptatum voluptas eius.', '5bdf7377-8330-4f9f-8efd-e95301c122ce', 'usr_339');
INSERT INTO trabalho.log_acesso VALUES ('log_339_0_0', '5bdf7377-8330-4f9f-8efd-e95301c122ce', 'usr_339');
INSERT INTO trabalho.log_acesso VALUES ('log_339_1_0', '5bdf7377-8330-4f9f-8efd-e95301c122ce', 'usr_339');
INSERT INTO trabalho.log_acesso VALUES ('log_339_2_0', '5bdf7377-8330-4f9f-8efd-e95301c122ce', 'usr_339');
INSERT INTO trabalho.log_acesso VALUES ('log_339_3_0', '5bdf7377-8330-4f9f-8efd-e95301c122ce', 'usr_339');
INSERT INTO trabalho.log_acesso VALUES ('log_339_4_0', '5bdf7377-8330-4f9f-8efd-e95301c122ce', 'usr_339');
INSERT INTO trabalho.usuario_esta_inscrito_no_podcast VALUES (0, '168c1536-4c42-4b8f-8c77-f06affefec6a', 'usr_339');
INSERT INTO trabalho.comentarios_podcast_usuario VALUES ('comment_339_0_1', 'Reiciendis eveniet officia est facere minima nemo enim rem officia.', '168c1536-4c42-4b8f-8c77-f06affefec6a', 'usr_339');
INSERT INTO trabalho.comentarios_podcast_usuario VALUES ('comment_339_1_1', 'Natus non non non aut in.', '168c1536-4c42-4b8f-8c77-f06affefec6a', 'usr_339');
INSERT INTO trabalho.comentarios_podcast_usuario VALUES ('comment_339_2_1', 'Enim non sapiente.', '168c1536-4c42-4b8f-8c77-f06affefec6a', 'usr_339');
INSERT INTO trabalho.comentarios_podcast_usuario VALUES ('comment_339_3_1', 'In rerum animi aut consectetur fuga cumque.', '168c1536-4c42-4b8f-8c77-f06affefec6a', 'usr_339');
INSERT INTO trabalho.log_acesso VALUES ('log_339_0_1', '168c1536-4c42-4b8f-8c77-f06affefec6a', 'usr_339');
INSERT INTO trabalho.log_acesso VALUES ('log_339_1_1', '168c1536-4c42-4b8f-8c77-f06affefec6a', 'usr_339');
INSERT INTO trabalho.usuario_esta_inscrito_no_podcast VALUES (3, '219328a1-cec6-4e8c-b003-52a3ec9766bb', 'usr_339');
INSERT INTO trabalho.comentarios_podcast_usuario VALUES ('comment_339_0_2', 'Tempora quisquam culpa in.', '219328a1-cec6-4e8c-b003-52a3ec9766bb', 'usr_339');
INSERT INTO trabalho.comentarios_podcast_usuario VALUES ('comment_339_1_2', 'Consequuntur quo qui deserunt praesentium rerum.', '219328a1-cec6-4e8c-b003-52a3ec9766bb', 'usr_339');
INSERT INTO trabalho.log_acesso VALUES ('log_339_0_2', '219328a1-cec6-4e8c-b003-52a3ec9766bb', 'usr_339');
INSERT INTO trabalho.log_acesso VALUES ('log_339_1_2', '219328a1-cec6-4e8c-b003-52a3ec9766bb', 'usr_339');
INSERT INTO trabalho.log_acesso VALUES ('log_339_2_2', '219328a1-cec6-4e8c-b003-52a3ec9766bb', 'usr_339');
INSERT INTO trabalho.log_acesso VALUES ('log_339_3_2', '219328a1-cec6-4e8c-b003-52a3ec9766bb', 'usr_339');
INSERT INTO trabalho.usuario VALUES ('usr_340', '340_Hugo_Oliveira@hotmail.com', 'Hugo Oliveira', 'male', 59, trabalho.hashPassword('Password123'), 'Benin');
INSERT INTO trabalho.usuario_esta_inscrito_no_podcast VALUES (1, '5bdf7377-8330-4f9f-8efd-e95301c122ce', 'usr_340');
INSERT INTO trabalho.comentarios_podcast_usuario VALUES ('comment_340_0_0', 'Dolore harum cum.', '5bdf7377-8330-4f9f-8efd-e95301c122ce', 'usr_340');
INSERT INTO trabalho.comentarios_podcast_usuario VALUES ('comment_340_1_0', 'Quod explicabo esse iste ratione rem.', '5bdf7377-8330-4f9f-8efd-e95301c122ce', 'usr_340');
INSERT INTO trabalho.comentarios_podcast_usuario VALUES ('comment_340_2_0', 'Consequatur modi optio omnis ea.', '5bdf7377-8330-4f9f-8efd-e95301c122ce', 'usr_340');
INSERT INTO trabalho.log_acesso VALUES ('log_340_0_0', '5bdf7377-8330-4f9f-8efd-e95301c122ce', 'usr_340');
INSERT INTO trabalho.log_acesso VALUES ('log_340_1_0', '5bdf7377-8330-4f9f-8efd-e95301c122ce', 'usr_340');
INSERT INTO trabalho.log_acesso VALUES ('log_340_2_0', '5bdf7377-8330-4f9f-8efd-e95301c122ce', 'usr_340');
INSERT INTO trabalho.log_acesso VALUES ('log_340_3_0', '5bdf7377-8330-4f9f-8efd-e95301c122ce', 'usr_340');
INSERT INTO trabalho.log_acesso VALUES ('log_340_4_0', '5bdf7377-8330-4f9f-8efd-e95301c122ce', 'usr_340');
INSERT INTO trabalho.usuario_esta_inscrito_no_podcast VALUES (3, '219328a1-cec6-4e8c-b003-52a3ec9766bb', 'usr_340');
INSERT INTO trabalho.comentarios_podcast_usuario VALUES ('comment_340_0_1', 'Accusamus totam et commodi.', '219328a1-cec6-4e8c-b003-52a3ec9766bb', 'usr_340');
INSERT INTO trabalho.log_acesso VALUES ('log_340_0_1', '219328a1-cec6-4e8c-b003-52a3ec9766bb', 'usr_340');
INSERT INTO trabalho.log_acesso VALUES ('log_340_1_1', '219328a1-cec6-4e8c-b003-52a3ec9766bb', 'usr_340');
INSERT INTO trabalho.log_acesso VALUES ('log_340_2_1', '219328a1-cec6-4e8c-b003-52a3ec9766bb', 'usr_340');
INSERT INTO trabalho.log_acesso VALUES ('log_340_3_1', '219328a1-cec6-4e8c-b003-52a3ec9766bb', 'usr_340');
INSERT INTO trabalho.log_acesso VALUES ('log_340_4_1', '219328a1-cec6-4e8c-b003-52a3ec9766bb', 'usr_340');
INSERT INTO trabalho.usuario_esta_inscrito_no_podcast VALUES (4, 'fa3abe16-3645-4d22-a01d-893e6f20c408', 'usr_340');
INSERT INTO trabalho.comentarios_podcast_usuario VALUES ('comment_340_0_2', 'Id voluptatem eum ut suscipit rem.', 'fa3abe16-3645-4d22-a01d-893e6f20c408', 'usr_340');
INSERT INTO trabalho.comentarios_podcast_usuario VALUES ('comment_340_1_2', 'Facilis ab possimus nihil architecto.', 'fa3abe16-3645-4d22-a01d-893e6f20c408', 'usr_340');
INSERT INTO trabalho.comentarios_podcast_usuario VALUES ('comment_340_2_2', 'Accusantium aut odio aperiam non rem.', 'fa3abe16-3645-4d22-a01d-893e6f20c408', 'usr_340');
INSERT INTO trabalho.comentarios_podcast_usuario VALUES ('comment_340_3_2', 'Odit ut similique ab iste error consequatur et expedita quod.', 'fa3abe16-3645-4d22-a01d-893e6f20c408', 'usr_340');
INSERT INTO trabalho.log_acesso VALUES ('log_340_0_2', 'fa3abe16-3645-4d22-a01d-893e6f20c408', 'usr_340');
INSERT INTO trabalho.log_acesso VALUES ('log_340_1_2', 'fa3abe16-3645-4d22-a01d-893e6f20c408', 'usr_340');
INSERT INTO trabalho.log_acesso VALUES ('log_340_2_2', 'fa3abe16-3645-4d22-a01d-893e6f20c408', 'usr_340');
INSERT INTO trabalho.log_acesso VALUES ('log_340_3_2', 'fa3abe16-3645-4d22-a01d-893e6f20c408', 'usr_340');
INSERT INTO trabalho.usuario VALUES ('usr_341', '341_Lara4@yahoo.com', 'Lara Martins', 'female', 47, trabalho.hashPassword('Password123'), 'Niue');
INSERT INTO trabalho.usuario_esta_inscrito_no_podcast VALUES (0, 'b553d865-8fe2-47de-9a30-10e1dea3bd1d', 'usr_341');
INSERT INTO trabalho.comentarios_podcast_usuario VALUES ('comment_341_0_0', 'Consequatur ab sequi magnam inventore eos aut eligendi consequatur sunt.', 'b553d865-8fe2-47de-9a30-10e1dea3bd1d', 'usr_341');
INSERT INTO trabalho.comentarios_podcast_usuario VALUES ('comment_341_1_0', 'Culpa provident earum necessitatibus velit illo nemo nesciunt.', 'b553d865-8fe2-47de-9a30-10e1dea3bd1d', 'usr_341');
INSERT INTO trabalho.comentarios_podcast_usuario VALUES ('comment_341_2_0', 'Ut eum facere in.', 'b553d865-8fe2-47de-9a30-10e1dea3bd1d', 'usr_341');
INSERT INTO trabalho.log_acesso VALUES ('log_341_0_0', 'b553d865-8fe2-47de-9a30-10e1dea3bd1d', 'usr_341');
INSERT INTO trabalho.log_acesso VALUES ('log_341_1_0', 'b553d865-8fe2-47de-9a30-10e1dea3bd1d', 'usr_341');
INSERT INTO trabalho.log_acesso VALUES ('log_341_2_0', 'b553d865-8fe2-47de-9a30-10e1dea3bd1d', 'usr_341');
INSERT INTO trabalho.log_acesso VALUES ('log_341_3_0', 'b553d865-8fe2-47de-9a30-10e1dea3bd1d', 'usr_341');
INSERT INTO trabalho.log_acesso VALUES ('log_341_4_0', 'b553d865-8fe2-47de-9a30-10e1dea3bd1d', 'usr_341');
INSERT INTO trabalho.log_acesso VALUES ('log_341_5_0', 'b553d865-8fe2-47de-9a30-10e1dea3bd1d', 'usr_341');
INSERT INTO trabalho.log_acesso VALUES ('log_341_6_0', 'b553d865-8fe2-47de-9a30-10e1dea3bd1d', 'usr_341');
INSERT INTO trabalho.usuario_esta_inscrito_no_podcast VALUES (4, '219328a1-cec6-4e8c-b003-52a3ec9766bb', 'usr_341');
INSERT INTO trabalho.comentarios_podcast_usuario VALUES ('comment_341_0_1', 'Perferendis explicabo corrupti temporibus eius pariatur asperiores.', '219328a1-cec6-4e8c-b003-52a3ec9766bb', 'usr_341');
INSERT INTO trabalho.comentarios_podcast_usuario VALUES ('comment_341_1_1', 'Odit voluptatem ex aut velit.', '219328a1-cec6-4e8c-b003-52a3ec9766bb', 'usr_341');
INSERT INTO trabalho.comentarios_podcast_usuario VALUES ('comment_341_2_1', 'Rem nobis eligendi autem voluptatibus non.', '219328a1-cec6-4e8c-b003-52a3ec9766bb', 'usr_341');
INSERT INTO trabalho.comentarios_podcast_usuario VALUES ('comment_341_3_1', 'Placeat error ab repellendus quidem.', '219328a1-cec6-4e8c-b003-52a3ec9766bb', 'usr_341');
INSERT INTO trabalho.comentarios_podcast_usuario VALUES ('comment_341_4_1', 'Perspiciatis libero excepturi quae qui est maiores.', '219328a1-cec6-4e8c-b003-52a3ec9766bb', 'usr_341');
INSERT INTO trabalho.comentarios_podcast_usuario VALUES ('comment_341_5_1', 'Impedit porro nihil est provident culpa.', '219328a1-cec6-4e8c-b003-52a3ec9766bb', 'usr_341');
INSERT INTO trabalho.log_acesso VALUES ('log_341_0_1', '219328a1-cec6-4e8c-b003-52a3ec9766bb', 'usr_341');
INSERT INTO trabalho.usuario_esta_inscrito_no_podcast VALUES (5, 'bc8dac25-793c-4a96-aafc-4ea7020f4f60', 'usr_341');
INSERT INTO trabalho.comentarios_podcast_usuario VALUES ('comment_341_0_2', 'Blanditiis ut vel doloribus culpa modi nostrum est aut voluptatem.', 'bc8dac25-793c-4a96-aafc-4ea7020f4f60', 'usr_341');
INSERT INTO trabalho.comentarios_podcast_usuario VALUES ('comment_341_1_2', 'Natus porro eum dignissimos quia et consequatur molestiae fugit reprehenderit.', 'bc8dac25-793c-4a96-aafc-4ea7020f4f60', 'usr_341');
INSERT INTO trabalho.log_acesso VALUES ('log_341_0_2', 'bc8dac25-793c-4a96-aafc-4ea7020f4f60', 'usr_341');
INSERT INTO trabalho.log_acesso VALUES ('log_341_1_2', 'bc8dac25-793c-4a96-aafc-4ea7020f4f60', 'usr_341');
INSERT INTO trabalho.log_acesso VALUES ('log_341_2_2', 'bc8dac25-793c-4a96-aafc-4ea7020f4f60', 'usr_341');
INSERT INTO trabalho.log_acesso VALUES ('log_341_3_2', 'bc8dac25-793c-4a96-aafc-4ea7020f4f60', 'usr_341');
INSERT INTO trabalho.log_acesso VALUES ('log_341_4_2', 'bc8dac25-793c-4a96-aafc-4ea7020f4f60', 'usr_341');
INSERT INTO trabalho.usuario VALUES ('usr_342', '342_Cau48@live.com', 'Cauã Albuquerque', 'male', 54, trabalho.hashPassword('Password123'), 'Serra Leoa');
INSERT INTO trabalho.usuario_esta_inscrito_no_podcast VALUES (2, 'f0166bd2-8e4d-4308-b5d7-0b3d627c5dc5', 'usr_342');
INSERT INTO trabalho.comentarios_podcast_usuario VALUES ('comment_342_0_0', 'Neque voluptas sequi quia vitae aliquam.', 'f0166bd2-8e4d-4308-b5d7-0b3d627c5dc5', 'usr_342');
INSERT INTO trabalho.comentarios_podcast_usuario VALUES ('comment_342_1_0', 'Eaque ea voluptatem est et inventore.', 'f0166bd2-8e4d-4308-b5d7-0b3d627c5dc5', 'usr_342');
INSERT INTO trabalho.log_acesso VALUES ('log_342_0_0', 'f0166bd2-8e4d-4308-b5d7-0b3d627c5dc5', 'usr_342');
INSERT INTO trabalho.log_acesso VALUES ('log_342_1_0', 'f0166bd2-8e4d-4308-b5d7-0b3d627c5dc5', 'usr_342');
INSERT INTO trabalho.log_acesso VALUES ('log_342_2_0', 'f0166bd2-8e4d-4308-b5d7-0b3d627c5dc5', 'usr_342');
INSERT INTO trabalho.log_acesso VALUES ('log_342_3_0', 'f0166bd2-8e4d-4308-b5d7-0b3d627c5dc5', 'usr_342');
INSERT INTO trabalho.log_acesso VALUES ('log_342_4_0', 'f0166bd2-8e4d-4308-b5d7-0b3d627c5dc5', 'usr_342');
INSERT INTO trabalho.log_acesso VALUES ('log_342_5_0', 'f0166bd2-8e4d-4308-b5d7-0b3d627c5dc5', 'usr_342');
INSERT INTO trabalho.log_acesso VALUES ('log_342_6_0', 'f0166bd2-8e4d-4308-b5d7-0b3d627c5dc5', 'usr_342');
INSERT INTO trabalho.log_acesso VALUES ('log_342_7_0', 'f0166bd2-8e4d-4308-b5d7-0b3d627c5dc5', 'usr_342');
INSERT INTO trabalho.usuario_esta_inscrito_no_podcast VALUES (2, '168c1536-4c42-4b8f-8c77-f06affefec6a', 'usr_342');
INSERT INTO trabalho.comentarios_podcast_usuario VALUES ('comment_342_0_1', 'Placeat nostrum aspernatur quis nesciunt quod ratione temporibus voluptas aliquid.', '168c1536-4c42-4b8f-8c77-f06affefec6a', 'usr_342');
INSERT INTO trabalho.comentarios_podcast_usuario VALUES ('comment_342_1_1', 'Ipsa ex unde.', '168c1536-4c42-4b8f-8c77-f06affefec6a', 'usr_342');
INSERT INTO trabalho.comentarios_podcast_usuario VALUES ('comment_342_2_1', 'Sint quasi et.', '168c1536-4c42-4b8f-8c77-f06affefec6a', 'usr_342');
INSERT INTO trabalho.comentarios_podcast_usuario VALUES ('comment_342_3_1', 'Rem est libero iusto veritatis sint neque nisi blanditiis iste.', '168c1536-4c42-4b8f-8c77-f06affefec6a', 'usr_342');
INSERT INTO trabalho.log_acesso VALUES ('log_342_0_1', '168c1536-4c42-4b8f-8c77-f06affefec6a', 'usr_342');
INSERT INTO trabalho.log_acesso VALUES ('log_342_1_1', '168c1536-4c42-4b8f-8c77-f06affefec6a', 'usr_342');
INSERT INTO trabalho.usuario_esta_inscrito_no_podcast VALUES (3, 'af46a958-b921-47b6-9f87-5c4fdc68ea79', 'usr_342');
INSERT INTO trabalho.comentarios_podcast_usuario VALUES ('comment_342_0_2', 'Harum consequatur rem et facilis.', 'af46a958-b921-47b6-9f87-5c4fdc68ea79', 'usr_342');
INSERT INTO trabalho.comentarios_podcast_usuario VALUES ('comment_342_1_2', 'Ipsam molestiae ratione quis ducimus quidem sint nostrum enim.', 'af46a958-b921-47b6-9f87-5c4fdc68ea79', 'usr_342');
INSERT INTO trabalho.comentarios_podcast_usuario VALUES ('comment_342_2_2', 'Alias ut distinctio.', 'af46a958-b921-47b6-9f87-5c4fdc68ea79', 'usr_342');
INSERT INTO trabalho.comentarios_podcast_usuario VALUES ('comment_342_3_2', 'Dolores eligendi aliquam nesciunt aut minus.', 'af46a958-b921-47b6-9f87-5c4fdc68ea79', 'usr_342');
INSERT INTO trabalho.log_acesso VALUES ('log_342_0_2', 'af46a958-b921-47b6-9f87-5c4fdc68ea79', 'usr_342');
INSERT INTO trabalho.log_acesso VALUES ('log_342_1_2', 'af46a958-b921-47b6-9f87-5c4fdc68ea79', 'usr_342');
INSERT INTO trabalho.usuario VALUES ('usr_343', '343_JooPedro_Costa@yahoo.com', 'João Pedro Costa', 'male', 30, trabalho.hashPassword('Password123'), 'Zimbábue');
INSERT INTO trabalho.usuario_esta_inscrito_no_podcast VALUES (4, 'fa3abe16-3645-4d22-a01d-893e6f20c408', 'usr_343');
INSERT INTO trabalho.comentarios_podcast_usuario VALUES ('comment_343_0_0', 'Qui corrupti ut quia.', 'fa3abe16-3645-4d22-a01d-893e6f20c408', 'usr_343');
INSERT INTO trabalho.comentarios_podcast_usuario VALUES ('comment_343_1_0', 'Nihil repellat qui sit reprehenderit soluta quaerat perferendis officia et.', 'fa3abe16-3645-4d22-a01d-893e6f20c408', 'usr_343');
INSERT INTO trabalho.comentarios_podcast_usuario VALUES ('comment_343_2_0', 'Rerum tenetur odit repudiandae voluptatem minus enim odio quis.', 'fa3abe16-3645-4d22-a01d-893e6f20c408', 'usr_343');
INSERT INTO trabalho.comentarios_podcast_usuario VALUES ('comment_343_3_0', 'Omnis accusantium sed ea officiis magnam et.', 'fa3abe16-3645-4d22-a01d-893e6f20c408', 'usr_343');
INSERT INTO trabalho.comentarios_podcast_usuario VALUES ('comment_343_4_0', 'Est aut sunt sit totam non minima provident exercitationem in.', 'fa3abe16-3645-4d22-a01d-893e6f20c408', 'usr_343');
INSERT INTO trabalho.log_acesso VALUES ('log_343_0_0', 'fa3abe16-3645-4d22-a01d-893e6f20c408', 'usr_343');
INSERT INTO trabalho.log_acesso VALUES ('log_343_1_0', 'fa3abe16-3645-4d22-a01d-893e6f20c408', 'usr_343');
INSERT INTO trabalho.log_acesso VALUES ('log_343_2_0', 'fa3abe16-3645-4d22-a01d-893e6f20c408', 'usr_343');
INSERT INTO trabalho.log_acesso VALUES ('log_343_3_0', 'fa3abe16-3645-4d22-a01d-893e6f20c408', 'usr_343');
INSERT INTO trabalho.log_acesso VALUES ('log_343_4_0', 'fa3abe16-3645-4d22-a01d-893e6f20c408', 'usr_343');
INSERT INTO trabalho.usuario_esta_inscrito_no_podcast VALUES (0, 'f8e13774-d631-4f34-93f0-2f5d55590265', 'usr_343');
INSERT INTO trabalho.comentarios_podcast_usuario VALUES ('comment_343_0_1', 'Sint ea sint fugiat fuga deleniti eos maiores.', 'f8e13774-d631-4f34-93f0-2f5d55590265', 'usr_343');
INSERT INTO trabalho.comentarios_podcast_usuario VALUES ('comment_343_1_1', 'Sunt id natus quia cum similique aut.', 'f8e13774-d631-4f34-93f0-2f5d55590265', 'usr_343');
INSERT INTO trabalho.log_acesso VALUES ('log_343_0_1', 'f8e13774-d631-4f34-93f0-2f5d55590265', 'usr_343');
INSERT INTO trabalho.usuario_esta_inscrito_no_podcast VALUES (5, 'f1b92ce7-47a7-43cd-8586-4a09185cdd05', 'usr_343');
INSERT INTO trabalho.comentarios_podcast_usuario VALUES ('comment_343_0_2', 'Fugit et cum sapiente beatae eligendi amet et.', 'f1b92ce7-47a7-43cd-8586-4a09185cdd05', 'usr_343');
INSERT INTO trabalho.comentarios_podcast_usuario VALUES ('comment_343_1_2', 'Recusandae odio possimus qui optio.', 'f1b92ce7-47a7-43cd-8586-4a09185cdd05', 'usr_343');
INSERT INTO trabalho.log_acesso VALUES ('log_343_0_2', 'f1b92ce7-47a7-43cd-8586-4a09185cdd05', 'usr_343');
INSERT INTO trabalho.log_acesso VALUES ('log_343_1_2', 'f1b92ce7-47a7-43cd-8586-4a09185cdd05', 'usr_343');
INSERT INTO trabalho.log_acesso VALUES ('log_343_2_2', 'f1b92ce7-47a7-43cd-8586-4a09185cdd05', 'usr_343');
INSERT INTO trabalho.log_acesso VALUES ('log_343_3_2', 'f1b92ce7-47a7-43cd-8586-4a09185cdd05', 'usr_343');
INSERT INTO trabalho.log_acesso VALUES ('log_343_4_2', 'f1b92ce7-47a7-43cd-8586-4a09185cdd05', 'usr_343');
INSERT INTO trabalho.usuario VALUES ('usr_344', '344_Isabela.Carvalho86@gmail.com', 'Isabela Carvalho', 'female', 17, trabalho.hashPassword('Password123'), 'Guatemala');
INSERT INTO trabalho.usuario_esta_inscrito_no_podcast VALUES (3, '67074e68-bc2f-442b-8af2-7d328b6af6eb', 'usr_344');
INSERT INTO trabalho.comentarios_podcast_usuario VALUES ('comment_344_0_0', 'Et eaque voluptatem sit ut quibusdam quo maiores.', '67074e68-bc2f-442b-8af2-7d328b6af6eb', 'usr_344');
INSERT INTO trabalho.comentarios_podcast_usuario VALUES ('comment_344_1_0', 'Tenetur vitae blanditiis et tenetur maxime quas ea nemo voluptate.', '67074e68-bc2f-442b-8af2-7d328b6af6eb', 'usr_344');
INSERT INTO trabalho.comentarios_podcast_usuario VALUES ('comment_344_2_0', 'Ducimus voluptates minima.', '67074e68-bc2f-442b-8af2-7d328b6af6eb', 'usr_344');
INSERT INTO trabalho.comentarios_podcast_usuario VALUES ('comment_344_3_0', 'Nisi ducimus assumenda rem dignissimos doloremque necessitatibus non minima.', '67074e68-bc2f-442b-8af2-7d328b6af6eb', 'usr_344');
INSERT INTO trabalho.comentarios_podcast_usuario VALUES ('comment_344_4_0', 'Consequatur ullam sunt nam exercitationem inventore veritatis ab beatae voluptate.', '67074e68-bc2f-442b-8af2-7d328b6af6eb', 'usr_344');
INSERT INTO trabalho.log_acesso VALUES ('log_344_0_0', '67074e68-bc2f-442b-8af2-7d328b6af6eb', 'usr_344');
INSERT INTO trabalho.log_acesso VALUES ('log_344_1_0', '67074e68-bc2f-442b-8af2-7d328b6af6eb', 'usr_344');
INSERT INTO trabalho.log_acesso VALUES ('log_344_2_0', '67074e68-bc2f-442b-8af2-7d328b6af6eb', 'usr_344');
INSERT INTO trabalho.log_acesso VALUES ('log_344_3_0', '67074e68-bc2f-442b-8af2-7d328b6af6eb', 'usr_344');
INSERT INTO trabalho.usuario_esta_inscrito_no_podcast VALUES (0, 'f0166bd2-8e4d-4308-b5d7-0b3d627c5dc5', 'usr_344');
INSERT INTO trabalho.comentarios_podcast_usuario VALUES ('comment_344_0_1', 'Qui in labore ipsum repudiandae amet.', 'f0166bd2-8e4d-4308-b5d7-0b3d627c5dc5', 'usr_344');
INSERT INTO trabalho.comentarios_podcast_usuario VALUES ('comment_344_1_1', 'Dolorem nihil quia dolore.', 'f0166bd2-8e4d-4308-b5d7-0b3d627c5dc5', 'usr_344');
INSERT INTO trabalho.log_acesso VALUES ('log_344_0_1', 'f0166bd2-8e4d-4308-b5d7-0b3d627c5dc5', 'usr_344');
INSERT INTO trabalho.log_acesso VALUES ('log_344_1_1', 'f0166bd2-8e4d-4308-b5d7-0b3d627c5dc5', 'usr_344');
INSERT INTO trabalho.usuario_esta_inscrito_no_podcast VALUES (0, 'bc8dac25-793c-4a96-aafc-4ea7020f4f60', 'usr_344');
INSERT INTO trabalho.comentarios_podcast_usuario VALUES ('comment_344_0_2', 'Est dolore ipsum rem impedit.', 'bc8dac25-793c-4a96-aafc-4ea7020f4f60', 'usr_344');
INSERT INTO trabalho.comentarios_podcast_usuario VALUES ('comment_344_1_2', 'Eaque quis amet similique architecto repellendus.', 'bc8dac25-793c-4a96-aafc-4ea7020f4f60', 'usr_344');
INSERT INTO trabalho.log_acesso VALUES ('log_344_0_2', 'bc8dac25-793c-4a96-aafc-4ea7020f4f60', 'usr_344');
INSERT INTO trabalho.log_acesso VALUES ('log_344_1_2', 'bc8dac25-793c-4a96-aafc-4ea7020f4f60', 'usr_344');
INSERT INTO trabalho.usuario VALUES ('usr_345', '345_Marli_Saraiva8@gmail.com', 'Marli Saraiva', 'female', 28, trabalho.hashPassword('Password123'), 'Tanzânia');
INSERT INTO trabalho.usuario_esta_inscrito_no_podcast VALUES (5, '168c1536-4c42-4b8f-8c77-f06affefec6a', 'usr_345');
INSERT INTO trabalho.comentarios_podcast_usuario VALUES ('comment_345_0_0', 'Odit odio accusamus nam dolores dolorem laborum.', '168c1536-4c42-4b8f-8c77-f06affefec6a', 'usr_345');
INSERT INTO trabalho.comentarios_podcast_usuario VALUES ('comment_345_1_0', 'Enim qui deserunt.', '168c1536-4c42-4b8f-8c77-f06affefec6a', 'usr_345');
INSERT INTO trabalho.log_acesso VALUES ('log_345_0_0', '168c1536-4c42-4b8f-8c77-f06affefec6a', 'usr_345');
INSERT INTO trabalho.log_acesso VALUES ('log_345_1_0', '168c1536-4c42-4b8f-8c77-f06affefec6a', 'usr_345');
INSERT INTO trabalho.log_acesso VALUES ('log_345_2_0', '168c1536-4c42-4b8f-8c77-f06affefec6a', 'usr_345');
INSERT INTO trabalho.log_acesso VALUES ('log_345_3_0', '168c1536-4c42-4b8f-8c77-f06affefec6a', 'usr_345');
INSERT INTO trabalho.usuario_esta_inscrito_no_podcast VALUES (1, '67074e68-bc2f-442b-8af2-7d328b6af6eb', 'usr_345');
INSERT INTO trabalho.comentarios_podcast_usuario VALUES ('comment_345_0_1', 'Culpa laboriosam non.', '67074e68-bc2f-442b-8af2-7d328b6af6eb', 'usr_345');
INSERT INTO trabalho.comentarios_podcast_usuario VALUES ('comment_345_1_1', 'Voluptas delectus recusandae.', '67074e68-bc2f-442b-8af2-7d328b6af6eb', 'usr_345');
INSERT INTO trabalho.comentarios_podcast_usuario VALUES ('comment_345_2_1', 'Voluptate itaque cum voluptates inventore molestiae corrupti accusantium repellat.', '67074e68-bc2f-442b-8af2-7d328b6af6eb', 'usr_345');
INSERT INTO trabalho.comentarios_podcast_usuario VALUES ('comment_345_3_1', 'Sed maiores repellat ut est natus voluptates rerum ut.', '67074e68-bc2f-442b-8af2-7d328b6af6eb', 'usr_345');
INSERT INTO trabalho.comentarios_podcast_usuario VALUES ('comment_345_4_1', 'Rem repellat occaecati sequi blanditiis distinctio delectus.', '67074e68-bc2f-442b-8af2-7d328b6af6eb', 'usr_345');
INSERT INTO trabalho.log_acesso VALUES ('log_345_0_1', '67074e68-bc2f-442b-8af2-7d328b6af6eb', 'usr_345');
INSERT INTO trabalho.log_acesso VALUES ('log_345_1_1', '67074e68-bc2f-442b-8af2-7d328b6af6eb', 'usr_345');
INSERT INTO trabalho.usuario_esta_inscrito_no_podcast VALUES (2, 'de2f0ddb-9903-436a-a5e2-54224254c818', 'usr_345');
INSERT INTO trabalho.comentarios_podcast_usuario VALUES ('comment_345_0_2', 'Et cumque et eius aperiam nulla ratione veniam deleniti delectus.', 'de2f0ddb-9903-436a-a5e2-54224254c818', 'usr_345');
INSERT INTO trabalho.comentarios_podcast_usuario VALUES ('comment_345_1_2', 'Repudiandae et rerum natus dolorem illum accusamus nulla.', 'de2f0ddb-9903-436a-a5e2-54224254c818', 'usr_345');
INSERT INTO trabalho.comentarios_podcast_usuario VALUES ('comment_345_2_2', 'Dolore nam necessitatibus ad voluptatem at quia iste accusamus iste.', 'de2f0ddb-9903-436a-a5e2-54224254c818', 'usr_345');
INSERT INTO trabalho.log_acesso VALUES ('log_345_0_2', 'de2f0ddb-9903-436a-a5e2-54224254c818', 'usr_345');
INSERT INTO trabalho.log_acesso VALUES ('log_345_1_2', 'de2f0ddb-9903-436a-a5e2-54224254c818', 'usr_345');
INSERT INTO trabalho.log_acesso VALUES ('log_345_2_2', 'de2f0ddb-9903-436a-a5e2-54224254c818', 'usr_345');
INSERT INTO trabalho.log_acesso VALUES ('log_345_3_2', 'de2f0ddb-9903-436a-a5e2-54224254c818', 'usr_345');
INSERT INTO trabalho.usuario VALUES ('usr_346', '346_MariaLuiza59@gmail.com', 'Maria Luiza Reis', 'female', 41, trabalho.hashPassword('Password123'), 'Burundi');
INSERT INTO trabalho.usuario_esta_inscrito_no_podcast VALUES (3, 'f1b92ce7-47a7-43cd-8586-4a09185cdd05', 'usr_346');
INSERT INTO trabalho.comentarios_podcast_usuario VALUES ('comment_346_0_0', 'Aliquam eum itaque culpa sit molestiae molestiae sunt consequuntur.', 'f1b92ce7-47a7-43cd-8586-4a09185cdd05', 'usr_346');
INSERT INTO trabalho.comentarios_podcast_usuario VALUES ('comment_346_1_0', 'Temporibus nam ullam sapiente.', 'f1b92ce7-47a7-43cd-8586-4a09185cdd05', 'usr_346');
INSERT INTO trabalho.comentarios_podcast_usuario VALUES ('comment_346_2_0', 'Nihil in et ipsam eos soluta.', 'f1b92ce7-47a7-43cd-8586-4a09185cdd05', 'usr_346');
INSERT INTO trabalho.log_acesso VALUES ('log_346_0_0', 'f1b92ce7-47a7-43cd-8586-4a09185cdd05', 'usr_346');
INSERT INTO trabalho.log_acesso VALUES ('log_346_1_0', 'f1b92ce7-47a7-43cd-8586-4a09185cdd05', 'usr_346');
INSERT INTO trabalho.log_acesso VALUES ('log_346_2_0', 'f1b92ce7-47a7-43cd-8586-4a09185cdd05', 'usr_346');
INSERT INTO trabalho.log_acesso VALUES ('log_346_3_0', 'f1b92ce7-47a7-43cd-8586-4a09185cdd05', 'usr_346');
INSERT INTO trabalho.log_acesso VALUES ('log_346_4_0', 'f1b92ce7-47a7-43cd-8586-4a09185cdd05', 'usr_346');
INSERT INTO trabalho.usuario_esta_inscrito_no_podcast VALUES (2, 'bc8dac25-793c-4a96-aafc-4ea7020f4f60', 'usr_346');
INSERT INTO trabalho.comentarios_podcast_usuario VALUES ('comment_346_0_1', 'Qui veniam nobis officia vero cum eaque repudiandae.', 'bc8dac25-793c-4a96-aafc-4ea7020f4f60', 'usr_346');
INSERT INTO trabalho.log_acesso VALUES ('log_346_0_1', 'bc8dac25-793c-4a96-aafc-4ea7020f4f60', 'usr_346');
INSERT INTO trabalho.usuario_esta_inscrito_no_podcast VALUES (1, 'de2f0ddb-9903-436a-a5e2-54224254c818', 'usr_346');
INSERT INTO trabalho.comentarios_podcast_usuario VALUES ('comment_346_0_2', 'Voluptatem qui non quis maxime aut vitae perspiciatis rem odio.', 'de2f0ddb-9903-436a-a5e2-54224254c818', 'usr_346');
INSERT INTO trabalho.log_acesso VALUES ('log_346_0_2', 'de2f0ddb-9903-436a-a5e2-54224254c818', 'usr_346');
INSERT INTO trabalho.log_acesso VALUES ('log_346_1_2', 'de2f0ddb-9903-436a-a5e2-54224254c818', 'usr_346');
INSERT INTO trabalho.usuario VALUES ('usr_347', '347_Alice6@bol.com.br', 'Alice Xavier', 'female', 30, trabalho.hashPassword('Password123'), 'Estônia');
INSERT INTO trabalho.usuario_esta_inscrito_no_podcast VALUES (5, 'fa3abe16-3645-4d22-a01d-893e6f20c408', 'usr_347');
INSERT INTO trabalho.comentarios_podcast_usuario VALUES ('comment_347_0_0', 'Eum eos est.', 'fa3abe16-3645-4d22-a01d-893e6f20c408', 'usr_347');
INSERT INTO trabalho.comentarios_podcast_usuario VALUES ('comment_347_1_0', 'Debitis et itaque accusamus.', 'fa3abe16-3645-4d22-a01d-893e6f20c408', 'usr_347');
INSERT INTO trabalho.comentarios_podcast_usuario VALUES ('comment_347_2_0', 'Qui aut cumque sunt saepe.', 'fa3abe16-3645-4d22-a01d-893e6f20c408', 'usr_347');
INSERT INTO trabalho.log_acesso VALUES ('log_347_0_0', 'fa3abe16-3645-4d22-a01d-893e6f20c408', 'usr_347');
INSERT INTO trabalho.usuario_esta_inscrito_no_podcast VALUES (1, 'af46a958-b921-47b6-9f87-5c4fdc68ea79', 'usr_347');
INSERT INTO trabalho.comentarios_podcast_usuario VALUES ('comment_347_0_1', 'Dolor odit et.', 'af46a958-b921-47b6-9f87-5c4fdc68ea79', 'usr_347');
INSERT INTO trabalho.comentarios_podcast_usuario VALUES ('comment_347_1_1', 'Odit dolore beatae eum tenetur ducimus est.', 'af46a958-b921-47b6-9f87-5c4fdc68ea79', 'usr_347');
INSERT INTO trabalho.comentarios_podcast_usuario VALUES ('comment_347_2_1', 'Voluptatem nesciunt ab impedit molestias.', 'af46a958-b921-47b6-9f87-5c4fdc68ea79', 'usr_347');
INSERT INTO trabalho.comentarios_podcast_usuario VALUES ('comment_347_3_1', 'Officia in nostrum omnis pariatur eum quam.', 'af46a958-b921-47b6-9f87-5c4fdc68ea79', 'usr_347');
INSERT INTO trabalho.comentarios_podcast_usuario VALUES ('comment_347_4_1', 'Et et voluptas nostrum esse.', 'af46a958-b921-47b6-9f87-5c4fdc68ea79', 'usr_347');
INSERT INTO trabalho.log_acesso VALUES ('log_347_0_1', 'af46a958-b921-47b6-9f87-5c4fdc68ea79', 'usr_347');
INSERT INTO trabalho.log_acesso VALUES ('log_347_1_1', 'af46a958-b921-47b6-9f87-5c4fdc68ea79', 'usr_347');
INSERT INTO trabalho.usuario_esta_inscrito_no_podcast VALUES (0, '219328a1-cec6-4e8c-b003-52a3ec9766bb', 'usr_347');
INSERT INTO trabalho.comentarios_podcast_usuario VALUES ('comment_347_0_2', 'Facilis dolor exercitationem qui consectetur.', '219328a1-cec6-4e8c-b003-52a3ec9766bb', 'usr_347');
INSERT INTO trabalho.comentarios_podcast_usuario VALUES ('comment_347_1_2', 'Dolores qui quasi voluptas in non voluptas dignissimos.', '219328a1-cec6-4e8c-b003-52a3ec9766bb', 'usr_347');
INSERT INTO trabalho.comentarios_podcast_usuario VALUES ('comment_347_2_2', 'Temporibus voluptatem quos aperiam error iste.', '219328a1-cec6-4e8c-b003-52a3ec9766bb', 'usr_347');
INSERT INTO trabalho.log_acesso VALUES ('log_347_0_2', '219328a1-cec6-4e8c-b003-52a3ec9766bb', 'usr_347');
INSERT INTO trabalho.usuario VALUES ('usr_348', '348_Feliciano_Nogueira88@yahoo.com', 'Feliciano Nogueira', 'male', 47, trabalho.hashPassword('Password123'), 'Suíça');
INSERT INTO trabalho.usuario_esta_inscrito_no_podcast VALUES (5, 'f8e13774-d631-4f34-93f0-2f5d55590265', 'usr_348');
INSERT INTO trabalho.comentarios_podcast_usuario VALUES ('comment_348_0_0', 'Eum blanditiis non omnis magnam nulla quia odit.', 'f8e13774-d631-4f34-93f0-2f5d55590265', 'usr_348');
INSERT INTO trabalho.comentarios_podcast_usuario VALUES ('comment_348_1_0', 'Est sed recusandae.', 'f8e13774-d631-4f34-93f0-2f5d55590265', 'usr_348');
INSERT INTO trabalho.log_acesso VALUES ('log_348_0_0', 'f8e13774-d631-4f34-93f0-2f5d55590265', 'usr_348');
INSERT INTO trabalho.log_acesso VALUES ('log_348_1_0', 'f8e13774-d631-4f34-93f0-2f5d55590265', 'usr_348');
INSERT INTO trabalho.log_acesso VALUES ('log_348_2_0', 'f8e13774-d631-4f34-93f0-2f5d55590265', 'usr_348');
INSERT INTO trabalho.log_acesso VALUES ('log_348_3_0', 'f8e13774-d631-4f34-93f0-2f5d55590265', 'usr_348');
INSERT INTO trabalho.log_acesso VALUES ('log_348_4_0', 'f8e13774-d631-4f34-93f0-2f5d55590265', 'usr_348');
INSERT INTO trabalho.usuario_esta_inscrito_no_podcast VALUES (3, 'f0166bd2-8e4d-4308-b5d7-0b3d627c5dc5', 'usr_348');
INSERT INTO trabalho.comentarios_podcast_usuario VALUES ('comment_348_0_1', 'Totam nihil fuga quod.', 'f0166bd2-8e4d-4308-b5d7-0b3d627c5dc5', 'usr_348');
INSERT INTO trabalho.log_acesso VALUES ('log_348_0_1', 'f0166bd2-8e4d-4308-b5d7-0b3d627c5dc5', 'usr_348');
INSERT INTO trabalho.log_acesso VALUES ('log_348_1_1', 'f0166bd2-8e4d-4308-b5d7-0b3d627c5dc5', 'usr_348');
INSERT INTO trabalho.log_acesso VALUES ('log_348_2_1', 'f0166bd2-8e4d-4308-b5d7-0b3d627c5dc5', 'usr_348');
INSERT INTO trabalho.usuario_esta_inscrito_no_podcast VALUES (0, '219328a1-cec6-4e8c-b003-52a3ec9766bb', 'usr_348');
INSERT INTO trabalho.comentarios_podcast_usuario VALUES ('comment_348_0_2', 'Voluptatum expedita aut est.', '219328a1-cec6-4e8c-b003-52a3ec9766bb', 'usr_348');
INSERT INTO trabalho.comentarios_podcast_usuario VALUES ('comment_348_1_2', 'Quia aperiam et rem eos aut deserunt.', '219328a1-cec6-4e8c-b003-52a3ec9766bb', 'usr_348');
INSERT INTO trabalho.log_acesso VALUES ('log_348_0_2', '219328a1-cec6-4e8c-b003-52a3ec9766bb', 'usr_348');
INSERT INTO trabalho.log_acesso VALUES ('log_348_1_2', '219328a1-cec6-4e8c-b003-52a3ec9766bb', 'usr_348');
INSERT INTO trabalho.log_acesso VALUES ('log_348_2_2', '219328a1-cec6-4e8c-b003-52a3ec9766bb', 'usr_348');
INSERT INTO trabalho.log_acesso VALUES ('log_348_3_2', '219328a1-cec6-4e8c-b003-52a3ec9766bb', 'usr_348');
INSERT INTO trabalho.usuario VALUES ('usr_349', '349_Lavnia39@live.com', 'Lavínia Carvalho', 'female', 57, trabalho.hashPassword('Password123'), 'Cabo Verde');
INSERT INTO trabalho.usuario_esta_inscrito_no_podcast VALUES (4, 'f8e13774-d631-4f34-93f0-2f5d55590265', 'usr_349');
INSERT INTO trabalho.comentarios_podcast_usuario VALUES ('comment_349_0_0', 'Ut est aliquid.', 'f8e13774-d631-4f34-93f0-2f5d55590265', 'usr_349');
INSERT INTO trabalho.comentarios_podcast_usuario VALUES ('comment_349_1_0', 'Id ut dolorum et eaque hic aliquam quos perspiciatis.', 'f8e13774-d631-4f34-93f0-2f5d55590265', 'usr_349');
INSERT INTO trabalho.comentarios_podcast_usuario VALUES ('comment_349_2_0', 'Aspernatur assumenda expedita velit eum.', 'f8e13774-d631-4f34-93f0-2f5d55590265', 'usr_349');
INSERT INTO trabalho.log_acesso VALUES ('log_349_0_0', 'f8e13774-d631-4f34-93f0-2f5d55590265', 'usr_349');
INSERT INTO trabalho.log_acesso VALUES ('log_349_1_0', 'f8e13774-d631-4f34-93f0-2f5d55590265', 'usr_349');
INSERT INTO trabalho.log_acesso VALUES ('log_349_2_0', 'f8e13774-d631-4f34-93f0-2f5d55590265', 'usr_349');
INSERT INTO trabalho.log_acesso VALUES ('log_349_3_0', 'f8e13774-d631-4f34-93f0-2f5d55590265', 'usr_349');
INSERT INTO trabalho.log_acesso VALUES ('log_349_4_0', 'f8e13774-d631-4f34-93f0-2f5d55590265', 'usr_349');
INSERT INTO trabalho.log_acesso VALUES ('log_349_5_0', 'f8e13774-d631-4f34-93f0-2f5d55590265', 'usr_349');
INSERT INTO trabalho.log_acesso VALUES ('log_349_6_0', 'f8e13774-d631-4f34-93f0-2f5d55590265', 'usr_349');
INSERT INTO trabalho.log_acesso VALUES ('log_349_7_0', 'f8e13774-d631-4f34-93f0-2f5d55590265', 'usr_349');
INSERT INTO trabalho.usuario_esta_inscrito_no_podcast VALUES (2, '7e429e8e-7669-403d-bb78-3cd7f9f75afd', 'usr_349');
INSERT INTO trabalho.comentarios_podcast_usuario VALUES ('comment_349_0_1', 'Cupiditate commodi voluptates et voluptas reiciendis.', '7e429e8e-7669-403d-bb78-3cd7f9f75afd', 'usr_349');
INSERT INTO trabalho.comentarios_podcast_usuario VALUES ('comment_349_1_1', 'Voluptatum dignissimos voluptatem.', '7e429e8e-7669-403d-bb78-3cd7f9f75afd', 'usr_349');
INSERT INTO trabalho.log_acesso VALUES ('log_349_0_1', '7e429e8e-7669-403d-bb78-3cd7f9f75afd', 'usr_349');
INSERT INTO trabalho.log_acesso VALUES ('log_349_1_1', '7e429e8e-7669-403d-bb78-3cd7f9f75afd', 'usr_349');
INSERT INTO trabalho.log_acesso VALUES ('log_349_2_1', '7e429e8e-7669-403d-bb78-3cd7f9f75afd', 'usr_349');
INSERT INTO trabalho.log_acesso VALUES ('log_349_3_1', '7e429e8e-7669-403d-bb78-3cd7f9f75afd', 'usr_349');
INSERT INTO trabalho.log_acesso VALUES ('log_349_4_1', '7e429e8e-7669-403d-bb78-3cd7f9f75afd', 'usr_349');
INSERT INTO trabalho.usuario_esta_inscrito_no_podcast VALUES (3, 'b553d865-8fe2-47de-9a30-10e1dea3bd1d', 'usr_349');
INSERT INTO trabalho.comentarios_podcast_usuario VALUES ('comment_349_0_2', 'Eos veritatis vero error.', 'b553d865-8fe2-47de-9a30-10e1dea3bd1d', 'usr_349');
INSERT INTO trabalho.comentarios_podcast_usuario VALUES ('comment_349_1_2', 'Unde dolores quis iste quasi autem ex cum ut.', 'b553d865-8fe2-47de-9a30-10e1dea3bd1d', 'usr_349');
INSERT INTO trabalho.comentarios_podcast_usuario VALUES ('comment_349_2_2', 'Amet dignissimos quidem facilis numquam autem.', 'b553d865-8fe2-47de-9a30-10e1dea3bd1d', 'usr_349');
INSERT INTO trabalho.log_acesso VALUES ('log_349_0_2', 'b553d865-8fe2-47de-9a30-10e1dea3bd1d', 'usr_349');
INSERT INTO trabalho.log_acesso VALUES ('log_349_1_2', 'b553d865-8fe2-47de-9a30-10e1dea3bd1d', 'usr_349');
INSERT INTO trabalho.usuario VALUES ('usr_350', '350_Leonardo_Moreira86@gmail.com', 'Leonardo Moreira', 'male', 20, trabalho.hashPassword('Password123'), 'Malásia');
INSERT INTO trabalho.usuario_esta_inscrito_no_podcast VALUES (5, '168c1536-4c42-4b8f-8c77-f06affefec6a', 'usr_350');
INSERT INTO trabalho.comentarios_podcast_usuario VALUES ('comment_350_0_0', 'Tenetur aut dignissimos consectetur molestias repudiandae modi asperiores consectetur quia.', '168c1536-4c42-4b8f-8c77-f06affefec6a', 'usr_350');
INSERT INTO trabalho.comentarios_podcast_usuario VALUES ('comment_350_1_0', 'Mollitia perspiciatis qui voluptatibus enim reprehenderit.', '168c1536-4c42-4b8f-8c77-f06affefec6a', 'usr_350');
INSERT INTO trabalho.comentarios_podcast_usuario VALUES ('comment_350_2_0', 'Ipsum provident ut praesentium necessitatibus neque molestiae accusantium.', '168c1536-4c42-4b8f-8c77-f06affefec6a', 'usr_350');
INSERT INTO trabalho.log_acesso VALUES ('log_350_0_0', '168c1536-4c42-4b8f-8c77-f06affefec6a', 'usr_350');
INSERT INTO trabalho.log_acesso VALUES ('log_350_1_0', '168c1536-4c42-4b8f-8c77-f06affefec6a', 'usr_350');
INSERT INTO trabalho.usuario_esta_inscrito_no_podcast VALUES (5, 'f0166bd2-8e4d-4308-b5d7-0b3d627c5dc5', 'usr_350');
INSERT INTO trabalho.comentarios_podcast_usuario VALUES ('comment_350_0_1', 'Inventore natus iure et voluptatibus et dolor tempore error nihil.', 'f0166bd2-8e4d-4308-b5d7-0b3d627c5dc5', 'usr_350');
INSERT INTO trabalho.comentarios_podcast_usuario VALUES ('comment_350_1_1', 'Omnis hic ratione sed mollitia.', 'f0166bd2-8e4d-4308-b5d7-0b3d627c5dc5', 'usr_350');
INSERT INTO trabalho.comentarios_podcast_usuario VALUES ('comment_350_2_1', 'Nihil aut quod ipsam neque.', 'f0166bd2-8e4d-4308-b5d7-0b3d627c5dc5', 'usr_350');
INSERT INTO trabalho.comentarios_podcast_usuario VALUES ('comment_350_3_1', 'Aliquid sunt aut alias et sit unde voluptatibus.', 'f0166bd2-8e4d-4308-b5d7-0b3d627c5dc5', 'usr_350');
INSERT INTO trabalho.comentarios_podcast_usuario VALUES ('comment_350_4_1', 'Eligendi quis in impedit.', 'f0166bd2-8e4d-4308-b5d7-0b3d627c5dc5', 'usr_350');
INSERT INTO trabalho.log_acesso VALUES ('log_350_0_1', 'f0166bd2-8e4d-4308-b5d7-0b3d627c5dc5', 'usr_350');
INSERT INTO trabalho.log_acesso VALUES ('log_350_1_1', 'f0166bd2-8e4d-4308-b5d7-0b3d627c5dc5', 'usr_350');
INSERT INTO trabalho.log_acesso VALUES ('log_350_2_1', 'f0166bd2-8e4d-4308-b5d7-0b3d627c5dc5', 'usr_350');
INSERT INTO trabalho.usuario_esta_inscrito_no_podcast VALUES (1, 'af46a958-b921-47b6-9f87-5c4fdc68ea79', 'usr_350');
INSERT INTO trabalho.comentarios_podcast_usuario VALUES ('comment_350_0_2', 'Sed sunt quam aspernatur cumque cupiditate assumenda quo voluptatem.', 'af46a958-b921-47b6-9f87-5c4fdc68ea79', 'usr_350');
INSERT INTO trabalho.comentarios_podcast_usuario VALUES ('comment_350_1_2', 'Quidem quis illo suscipit et voluptatem deserunt excepturi qui.', 'af46a958-b921-47b6-9f87-5c4fdc68ea79', 'usr_350');
INSERT INTO trabalho.log_acesso VALUES ('log_350_0_2', 'af46a958-b921-47b6-9f87-5c4fdc68ea79', 'usr_350');
INSERT INTO trabalho.log_acesso VALUES ('log_350_1_2', 'af46a958-b921-47b6-9f87-5c4fdc68ea79', 'usr_350');
INSERT INTO trabalho.log_acesso VALUES ('log_350_2_2', 'af46a958-b921-47b6-9f87-5c4fdc68ea79', 'usr_350');
INSERT INTO trabalho.log_acesso VALUES ('log_350_3_2', 'af46a958-b921-47b6-9f87-5c4fdc68ea79', 'usr_350');
INSERT INTO trabalho.log_acesso VALUES ('log_350_4_2', 'af46a958-b921-47b6-9f87-5c4fdc68ea79', 'usr_350');
INSERT INTO trabalho.log_acesso VALUES ('log_350_5_2', 'af46a958-b921-47b6-9f87-5c4fdc68ea79', 'usr_350');
INSERT INTO trabalho.usuario VALUES ('usr_351', '351_Vitor72@bol.com.br', 'Vitor Batista', 'male', 51, trabalho.hashPassword('Password123'), 'Nigéria');
INSERT INTO trabalho.usuario_esta_inscrito_no_podcast VALUES (2, 'f0166bd2-8e4d-4308-b5d7-0b3d627c5dc5', 'usr_351');
INSERT INTO trabalho.comentarios_podcast_usuario VALUES ('comment_351_0_0', 'Nam voluptatibus numquam iure est ab nobis modi.', 'f0166bd2-8e4d-4308-b5d7-0b3d627c5dc5', 'usr_351');
INSERT INTO trabalho.comentarios_podcast_usuario VALUES ('comment_351_1_0', 'Aut maxime nemo.', 'f0166bd2-8e4d-4308-b5d7-0b3d627c5dc5', 'usr_351');
INSERT INTO trabalho.comentarios_podcast_usuario VALUES ('comment_351_2_0', 'Quos nisi saepe nam asperiores aut deleniti exercitationem aliquam.', 'f0166bd2-8e4d-4308-b5d7-0b3d627c5dc5', 'usr_351');
INSERT INTO trabalho.log_acesso VALUES ('log_351_0_0', 'f0166bd2-8e4d-4308-b5d7-0b3d627c5dc5', 'usr_351');
INSERT INTO trabalho.log_acesso VALUES ('log_351_1_0', 'f0166bd2-8e4d-4308-b5d7-0b3d627c5dc5', 'usr_351');
INSERT INTO trabalho.log_acesso VALUES ('log_351_2_0', 'f0166bd2-8e4d-4308-b5d7-0b3d627c5dc5', 'usr_351');
INSERT INTO trabalho.log_acesso VALUES ('log_351_3_0', 'f0166bd2-8e4d-4308-b5d7-0b3d627c5dc5', 'usr_351');
INSERT INTO trabalho.usuario_esta_inscrito_no_podcast VALUES (0, 'f1b92ce7-47a7-43cd-8586-4a09185cdd05', 'usr_351');
INSERT INTO trabalho.comentarios_podcast_usuario VALUES ('comment_351_0_1', 'Quasi unde perferendis impedit.', 'f1b92ce7-47a7-43cd-8586-4a09185cdd05', 'usr_351');
INSERT INTO trabalho.comentarios_podcast_usuario VALUES ('comment_351_1_1', 'Vitae vel facilis veritatis est culpa sit deserunt aut.', 'f1b92ce7-47a7-43cd-8586-4a09185cdd05', 'usr_351');
INSERT INTO trabalho.log_acesso VALUES ('log_351_0_1', 'f1b92ce7-47a7-43cd-8586-4a09185cdd05', 'usr_351');
INSERT INTO trabalho.log_acesso VALUES ('log_351_1_1', 'f1b92ce7-47a7-43cd-8586-4a09185cdd05', 'usr_351');
INSERT INTO trabalho.log_acesso VALUES ('log_351_2_1', 'f1b92ce7-47a7-43cd-8586-4a09185cdd05', 'usr_351');
INSERT INTO trabalho.usuario_esta_inscrito_no_podcast VALUES (0, 'af46a958-b921-47b6-9f87-5c4fdc68ea79', 'usr_351');
INSERT INTO trabalho.comentarios_podcast_usuario VALUES ('comment_351_0_2', 'Nobis sunt et temporibus dicta perferendis aperiam molestiae totam.', 'af46a958-b921-47b6-9f87-5c4fdc68ea79', 'usr_351');
INSERT INTO trabalho.comentarios_podcast_usuario VALUES ('comment_351_1_2', 'Libero odio libero suscipit.', 'af46a958-b921-47b6-9f87-5c4fdc68ea79', 'usr_351');
INSERT INTO trabalho.comentarios_podcast_usuario VALUES ('comment_351_2_2', 'Facere voluptatem autem quos.', 'af46a958-b921-47b6-9f87-5c4fdc68ea79', 'usr_351');
INSERT INTO trabalho.log_acesso VALUES ('log_351_0_2', 'af46a958-b921-47b6-9f87-5c4fdc68ea79', 'usr_351');
INSERT INTO trabalho.log_acesso VALUES ('log_351_1_2', 'af46a958-b921-47b6-9f87-5c4fdc68ea79', 'usr_351');
INSERT INTO trabalho.log_acesso VALUES ('log_351_2_2', 'af46a958-b921-47b6-9f87-5c4fdc68ea79', 'usr_351');
INSERT INTO trabalho.usuario VALUES ('usr_352', '352_Gael.Barros@gmail.com', 'Gael Barros', 'male', 57, trabalho.hashPassword('Password123'), 'Guadalupe');
INSERT INTO trabalho.usuario_esta_inscrito_no_podcast VALUES (0, 'b553d865-8fe2-47de-9a30-10e1dea3bd1d', 'usr_352');
INSERT INTO trabalho.comentarios_podcast_usuario VALUES ('comment_352_0_0', 'Id nobis laborum qui autem eaque nihil laudantium.', 'b553d865-8fe2-47de-9a30-10e1dea3bd1d', 'usr_352');
INSERT INTO trabalho.comentarios_podcast_usuario VALUES ('comment_352_1_0', 'Voluptas non dolor ullam ducimus alias eum quae est necessitatibus.', 'b553d865-8fe2-47de-9a30-10e1dea3bd1d', 'usr_352');
INSERT INTO trabalho.comentarios_podcast_usuario VALUES ('comment_352_2_0', 'Accusantium quia qui voluptates sequi voluptate quaerat ut velit.', 'b553d865-8fe2-47de-9a30-10e1dea3bd1d', 'usr_352');
INSERT INTO trabalho.comentarios_podcast_usuario VALUES ('comment_352_3_0', 'Voluptas qui accusantium saepe laboriosam.', 'b553d865-8fe2-47de-9a30-10e1dea3bd1d', 'usr_352');
INSERT INTO trabalho.log_acesso VALUES ('log_352_0_0', 'b553d865-8fe2-47de-9a30-10e1dea3bd1d', 'usr_352');
INSERT INTO trabalho.log_acesso VALUES ('log_352_1_0', 'b553d865-8fe2-47de-9a30-10e1dea3bd1d', 'usr_352');
INSERT INTO trabalho.log_acesso VALUES ('log_352_2_0', 'b553d865-8fe2-47de-9a30-10e1dea3bd1d', 'usr_352');
INSERT INTO trabalho.log_acesso VALUES ('log_352_3_0', 'b553d865-8fe2-47de-9a30-10e1dea3bd1d', 'usr_352');
INSERT INTO trabalho.usuario_esta_inscrito_no_podcast VALUES (4, 'bc8dac25-793c-4a96-aafc-4ea7020f4f60', 'usr_352');
INSERT INTO trabalho.comentarios_podcast_usuario VALUES ('comment_352_0_1', 'Ipsam blanditiis itaque omnis non.', 'bc8dac25-793c-4a96-aafc-4ea7020f4f60', 'usr_352');
INSERT INTO trabalho.log_acesso VALUES ('log_352_0_1', 'bc8dac25-793c-4a96-aafc-4ea7020f4f60', 'usr_352');
INSERT INTO trabalho.log_acesso VALUES ('log_352_1_1', 'bc8dac25-793c-4a96-aafc-4ea7020f4f60', 'usr_352');
INSERT INTO trabalho.usuario_esta_inscrito_no_podcast VALUES (4, '219328a1-cec6-4e8c-b003-52a3ec9766bb', 'usr_352');
INSERT INTO trabalho.comentarios_podcast_usuario VALUES ('comment_352_0_2', 'Minus unde quas voluptatum quas excepturi expedita illum et molestiae.', '219328a1-cec6-4e8c-b003-52a3ec9766bb', 'usr_352');
INSERT INTO trabalho.log_acesso VALUES ('log_352_0_2', '219328a1-cec6-4e8c-b003-52a3ec9766bb', 'usr_352');
INSERT INTO trabalho.log_acesso VALUES ('log_352_1_2', '219328a1-cec6-4e8c-b003-52a3ec9766bb', 'usr_352');
INSERT INTO trabalho.usuario VALUES ('usr_353', '353_Alessandra.Macedo@gmail.com', 'Alessandra Macedo', 'female', 12, trabalho.hashPassword('Password123'), 'Finlândia');
INSERT INTO trabalho.usuario_esta_inscrito_no_podcast VALUES (5, 'c58b280a-56d4-4ad8-8c85-730e4ea86361', 'usr_353');
INSERT INTO trabalho.comentarios_podcast_usuario VALUES ('comment_353_0_0', 'Quaerat autem dolorum similique et dolores occaecati dolor voluptatem.', 'c58b280a-56d4-4ad8-8c85-730e4ea86361', 'usr_353');
INSERT INTO trabalho.log_acesso VALUES ('log_353_0_0', 'c58b280a-56d4-4ad8-8c85-730e4ea86361', 'usr_353');
INSERT INTO trabalho.usuario_esta_inscrito_no_podcast VALUES (2, 'bc8dac25-793c-4a96-aafc-4ea7020f4f60', 'usr_353');
INSERT INTO trabalho.comentarios_podcast_usuario VALUES ('comment_353_0_1', 'Omnis ipsam magnam.', 'bc8dac25-793c-4a96-aafc-4ea7020f4f60', 'usr_353');
INSERT INTO trabalho.comentarios_podcast_usuario VALUES ('comment_353_1_1', 'Debitis libero atque omnis maiores.', 'bc8dac25-793c-4a96-aafc-4ea7020f4f60', 'usr_353');
INSERT INTO trabalho.log_acesso VALUES ('log_353_0_1', 'bc8dac25-793c-4a96-aafc-4ea7020f4f60', 'usr_353');
INSERT INTO trabalho.usuario_esta_inscrito_no_podcast VALUES (0, 'fa3abe16-3645-4d22-a01d-893e6f20c408', 'usr_353');
INSERT INTO trabalho.comentarios_podcast_usuario VALUES ('comment_353_0_2', 'Quibusdam similique ipsam.', 'fa3abe16-3645-4d22-a01d-893e6f20c408', 'usr_353');
INSERT INTO trabalho.comentarios_podcast_usuario VALUES ('comment_353_1_2', 'A saepe repudiandae omnis quia facilis in expedita vel sunt.', 'fa3abe16-3645-4d22-a01d-893e6f20c408', 'usr_353');
INSERT INTO trabalho.log_acesso VALUES ('log_353_0_2', 'fa3abe16-3645-4d22-a01d-893e6f20c408', 'usr_353');
INSERT INTO trabalho.usuario VALUES ('usr_354', '354_Morgana.Pereira@live.com', 'Morgana Pereira', 'female', 4, trabalho.hashPassword('Password123'), 'Madagascar');
INSERT INTO trabalho.usuario_esta_inscrito_no_podcast VALUES (3, 'bc8dac25-793c-4a96-aafc-4ea7020f4f60', 'usr_354');
INSERT INTO trabalho.comentarios_podcast_usuario VALUES ('comment_354_0_0', 'Vel saepe ratione.', 'bc8dac25-793c-4a96-aafc-4ea7020f4f60', 'usr_354');
INSERT INTO trabalho.comentarios_podcast_usuario VALUES ('comment_354_1_0', 'Accusantium repellendus corporis quia magnam quas.', 'bc8dac25-793c-4a96-aafc-4ea7020f4f60', 'usr_354');
INSERT INTO trabalho.comentarios_podcast_usuario VALUES ('comment_354_2_0', 'Et sequi ut nisi quidem.', 'bc8dac25-793c-4a96-aafc-4ea7020f4f60', 'usr_354');
INSERT INTO trabalho.log_acesso VALUES ('log_354_0_0', 'bc8dac25-793c-4a96-aafc-4ea7020f4f60', 'usr_354');
INSERT INTO trabalho.log_acesso VALUES ('log_354_1_0', 'bc8dac25-793c-4a96-aafc-4ea7020f4f60', 'usr_354');
INSERT INTO trabalho.log_acesso VALUES ('log_354_2_0', 'bc8dac25-793c-4a96-aafc-4ea7020f4f60', 'usr_354');
INSERT INTO trabalho.log_acesso VALUES ('log_354_3_0', 'bc8dac25-793c-4a96-aafc-4ea7020f4f60', 'usr_354');
INSERT INTO trabalho.usuario_esta_inscrito_no_podcast VALUES (0, '5bdf7377-8330-4f9f-8efd-e95301c122ce', 'usr_354');
INSERT INTO trabalho.comentarios_podcast_usuario VALUES ('comment_354_0_1', 'Voluptatem sunt corrupti laborum ipsa quia cumque magni ut minus.', '5bdf7377-8330-4f9f-8efd-e95301c122ce', 'usr_354');
INSERT INTO trabalho.comentarios_podcast_usuario VALUES ('comment_354_1_1', 'Consectetur est nesciunt cum.', '5bdf7377-8330-4f9f-8efd-e95301c122ce', 'usr_354');
INSERT INTO trabalho.comentarios_podcast_usuario VALUES ('comment_354_2_1', 'Consequatur ut velit quos.', '5bdf7377-8330-4f9f-8efd-e95301c122ce', 'usr_354');
INSERT INTO trabalho.log_acesso VALUES ('log_354_0_1', '5bdf7377-8330-4f9f-8efd-e95301c122ce', 'usr_354');
INSERT INTO trabalho.log_acesso VALUES ('log_354_1_1', '5bdf7377-8330-4f9f-8efd-e95301c122ce', 'usr_354');
INSERT INTO trabalho.log_acesso VALUES ('log_354_2_1', '5bdf7377-8330-4f9f-8efd-e95301c122ce', 'usr_354');
INSERT INTO trabalho.log_acesso VALUES ('log_354_3_1', '5bdf7377-8330-4f9f-8efd-e95301c122ce', 'usr_354');
INSERT INTO trabalho.usuario_esta_inscrito_no_podcast VALUES (3, '67074e68-bc2f-442b-8af2-7d328b6af6eb', 'usr_354');
INSERT INTO trabalho.comentarios_podcast_usuario VALUES ('comment_354_0_2', 'Sint dolorem repellendus quidem a.', '67074e68-bc2f-442b-8af2-7d328b6af6eb', 'usr_354');
INSERT INTO trabalho.comentarios_podcast_usuario VALUES ('comment_354_1_2', 'Sed incidunt et deleniti saepe perferendis et voluptatibus repellat.', '67074e68-bc2f-442b-8af2-7d328b6af6eb', 'usr_354');
INSERT INTO trabalho.comentarios_podcast_usuario VALUES ('comment_354_2_2', 'Provident ut eos ratione non dicta error earum voluptatibus.', '67074e68-bc2f-442b-8af2-7d328b6af6eb', 'usr_354');
INSERT INTO trabalho.comentarios_podcast_usuario VALUES ('comment_354_3_2', 'In similique et modi.', '67074e68-bc2f-442b-8af2-7d328b6af6eb', 'usr_354');
INSERT INTO trabalho.log_acesso VALUES ('log_354_0_2', '67074e68-bc2f-442b-8af2-7d328b6af6eb', 'usr_354');
INSERT INTO trabalho.log_acesso VALUES ('log_354_1_2', '67074e68-bc2f-442b-8af2-7d328b6af6eb', 'usr_354');
INSERT INTO trabalho.usuario VALUES ('usr_355', '355_Warley_Braga@live.com', 'Warley Braga', 'male', 9, trabalho.hashPassword('Password123'), 'Botsuana');
INSERT INTO trabalho.usuario_esta_inscrito_no_podcast VALUES (4, '67074e68-bc2f-442b-8af2-7d328b6af6eb', 'usr_355');
INSERT INTO trabalho.comentarios_podcast_usuario VALUES ('comment_355_0_0', 'Quod expedita ea ducimus.', '67074e68-bc2f-442b-8af2-7d328b6af6eb', 'usr_355');
INSERT INTO trabalho.comentarios_podcast_usuario VALUES ('comment_355_1_0', 'Consequatur rem aperiam inventore saepe corrupti quo est.', '67074e68-bc2f-442b-8af2-7d328b6af6eb', 'usr_355');
INSERT INTO trabalho.comentarios_podcast_usuario VALUES ('comment_355_2_0', 'Ipsa voluptatibus nihil incidunt autem id.', '67074e68-bc2f-442b-8af2-7d328b6af6eb', 'usr_355');
INSERT INTO trabalho.log_acesso VALUES ('log_355_0_0', '67074e68-bc2f-442b-8af2-7d328b6af6eb', 'usr_355');
INSERT INTO trabalho.log_acesso VALUES ('log_355_1_0', '67074e68-bc2f-442b-8af2-7d328b6af6eb', 'usr_355');
INSERT INTO trabalho.log_acesso VALUES ('log_355_2_0', '67074e68-bc2f-442b-8af2-7d328b6af6eb', 'usr_355');
INSERT INTO trabalho.usuario_esta_inscrito_no_podcast VALUES (0, 'c58b280a-56d4-4ad8-8c85-730e4ea86361', 'usr_355');
INSERT INTO trabalho.comentarios_podcast_usuario VALUES ('comment_355_0_1', 'Nostrum fugiat asperiores officiis facilis.', 'c58b280a-56d4-4ad8-8c85-730e4ea86361', 'usr_355');
INSERT INTO trabalho.comentarios_podcast_usuario VALUES ('comment_355_1_1', 'Earum sunt velit autem esse dolor.', 'c58b280a-56d4-4ad8-8c85-730e4ea86361', 'usr_355');
INSERT INTO trabalho.log_acesso VALUES ('log_355_0_1', 'c58b280a-56d4-4ad8-8c85-730e4ea86361', 'usr_355');
INSERT INTO trabalho.log_acesso VALUES ('log_355_1_1', 'c58b280a-56d4-4ad8-8c85-730e4ea86361', 'usr_355');
INSERT INTO trabalho.log_acesso VALUES ('log_355_2_1', 'c58b280a-56d4-4ad8-8c85-730e4ea86361', 'usr_355');
INSERT INTO trabalho.log_acesso VALUES ('log_355_3_1', 'c58b280a-56d4-4ad8-8c85-730e4ea86361', 'usr_355');
INSERT INTO trabalho.usuario_esta_inscrito_no_podcast VALUES (0, '7e429e8e-7669-403d-bb78-3cd7f9f75afd', 'usr_355');
INSERT INTO trabalho.comentarios_podcast_usuario VALUES ('comment_355_0_2', 'Rerum earum aliquam aliquid saepe enim aut qui in libero.', '7e429e8e-7669-403d-bb78-3cd7f9f75afd', 'usr_355');
INSERT INTO trabalho.comentarios_podcast_usuario VALUES ('comment_355_1_2', 'Ut quas explicabo vero impedit porro aut accusantium.', '7e429e8e-7669-403d-bb78-3cd7f9f75afd', 'usr_355');
INSERT INTO trabalho.comentarios_podcast_usuario VALUES ('comment_355_2_2', 'Est quas eligendi consectetur ut optio nostrum aut voluptatem dolorem.', '7e429e8e-7669-403d-bb78-3cd7f9f75afd', 'usr_355');
INSERT INTO trabalho.comentarios_podcast_usuario VALUES ('comment_355_3_2', 'Est accusantium minima praesentium deleniti possimus totam dignissimos illum.', '7e429e8e-7669-403d-bb78-3cd7f9f75afd', 'usr_355');
INSERT INTO trabalho.log_acesso VALUES ('log_355_0_2', '7e429e8e-7669-403d-bb78-3cd7f9f75afd', 'usr_355');
INSERT INTO trabalho.log_acesso VALUES ('log_355_1_2', '7e429e8e-7669-403d-bb78-3cd7f9f75afd', 'usr_355');
INSERT INTO trabalho.log_acesso VALUES ('log_355_2_2', '7e429e8e-7669-403d-bb78-3cd7f9f75afd', 'usr_355');
INSERT INTO trabalho.log_acesso VALUES ('log_355_3_2', '7e429e8e-7669-403d-bb78-3cd7f9f75afd', 'usr_355');
INSERT INTO trabalho.log_acesso VALUES ('log_355_4_2', '7e429e8e-7669-403d-bb78-3cd7f9f75afd', 'usr_355');
INSERT INTO trabalho.log_acesso VALUES ('log_355_5_2', '7e429e8e-7669-403d-bb78-3cd7f9f75afd', 'usr_355');
INSERT INTO trabalho.usuario VALUES ('usr_356', '356_Benjamin.Macedo79@bol.com.br', 'Benjamin Macedo', 'male', 27, trabalho.hashPassword('Password123'), 'Bahamas');
INSERT INTO trabalho.usuario_esta_inscrito_no_podcast VALUES (2, 'f1b92ce7-47a7-43cd-8586-4a09185cdd05', 'usr_356');
INSERT INTO trabalho.comentarios_podcast_usuario VALUES ('comment_356_0_0', 'Quo esse sit vel modi.', 'f1b92ce7-47a7-43cd-8586-4a09185cdd05', 'usr_356');
INSERT INTO trabalho.log_acesso VALUES ('log_356_0_0', 'f1b92ce7-47a7-43cd-8586-4a09185cdd05', 'usr_356');
INSERT INTO trabalho.log_acesso VALUES ('log_356_1_0', 'f1b92ce7-47a7-43cd-8586-4a09185cdd05', 'usr_356');
INSERT INTO trabalho.log_acesso VALUES ('log_356_2_0', 'f1b92ce7-47a7-43cd-8586-4a09185cdd05', 'usr_356');
INSERT INTO trabalho.log_acesso VALUES ('log_356_3_0', 'f1b92ce7-47a7-43cd-8586-4a09185cdd05', 'usr_356');
INSERT INTO trabalho.log_acesso VALUES ('log_356_4_0', 'f1b92ce7-47a7-43cd-8586-4a09185cdd05', 'usr_356');
INSERT INTO trabalho.usuario_esta_inscrito_no_podcast VALUES (3, '219328a1-cec6-4e8c-b003-52a3ec9766bb', 'usr_356');
INSERT INTO trabalho.comentarios_podcast_usuario VALUES ('comment_356_0_1', 'Totam inventore ipsam tempore doloremque nostrum qui.', '219328a1-cec6-4e8c-b003-52a3ec9766bb', 'usr_356');
INSERT INTO trabalho.comentarios_podcast_usuario VALUES ('comment_356_1_1', 'Commodi laborum natus laborum et nam.', '219328a1-cec6-4e8c-b003-52a3ec9766bb', 'usr_356');
INSERT INTO trabalho.comentarios_podcast_usuario VALUES ('comment_356_2_1', 'Aspernatur sed recusandae commodi aut fugiat illum aut.', '219328a1-cec6-4e8c-b003-52a3ec9766bb', 'usr_356');
INSERT INTO trabalho.comentarios_podcast_usuario VALUES ('comment_356_3_1', 'Sint quod rerum et in vel pariatur provident.', '219328a1-cec6-4e8c-b003-52a3ec9766bb', 'usr_356');
INSERT INTO trabalho.log_acesso VALUES ('log_356_0_1', '219328a1-cec6-4e8c-b003-52a3ec9766bb', 'usr_356');
INSERT INTO trabalho.log_acesso VALUES ('log_356_1_1', '219328a1-cec6-4e8c-b003-52a3ec9766bb', 'usr_356');
INSERT INTO trabalho.log_acesso VALUES ('log_356_2_1', '219328a1-cec6-4e8c-b003-52a3ec9766bb', 'usr_356');
INSERT INTO trabalho.log_acesso VALUES ('log_356_3_1', '219328a1-cec6-4e8c-b003-52a3ec9766bb', 'usr_356');
INSERT INTO trabalho.usuario_esta_inscrito_no_podcast VALUES (2, 'bc8dac25-793c-4a96-aafc-4ea7020f4f60', 'usr_356');
INSERT INTO trabalho.comentarios_podcast_usuario VALUES ('comment_356_0_2', 'Dolores voluptatem maxime commodi cumque molestias autem et ea.', 'bc8dac25-793c-4a96-aafc-4ea7020f4f60', 'usr_356');
INSERT INTO trabalho.comentarios_podcast_usuario VALUES ('comment_356_1_2', 'Dicta aliquid esse placeat dolorum sapiente.', 'bc8dac25-793c-4a96-aafc-4ea7020f4f60', 'usr_356');
INSERT INTO trabalho.comentarios_podcast_usuario VALUES ('comment_356_2_2', 'Ducimus porro temporibus modi quia soluta dignissimos ab.', 'bc8dac25-793c-4a96-aafc-4ea7020f4f60', 'usr_356');
INSERT INTO trabalho.comentarios_podcast_usuario VALUES ('comment_356_3_2', 'Rem consequatur aut nam et nihil laborum aperiam.', 'bc8dac25-793c-4a96-aafc-4ea7020f4f60', 'usr_356');
INSERT INTO trabalho.comentarios_podcast_usuario VALUES ('comment_356_4_2', 'Aut velit saepe quibusdam et aut.', 'bc8dac25-793c-4a96-aafc-4ea7020f4f60', 'usr_356');
INSERT INTO trabalho.comentarios_podcast_usuario VALUES ('comment_356_5_2', 'Voluptas est aut dolore earum.', 'bc8dac25-793c-4a96-aafc-4ea7020f4f60', 'usr_356');
INSERT INTO trabalho.log_acesso VALUES ('log_356_0_2', 'bc8dac25-793c-4a96-aafc-4ea7020f4f60', 'usr_356');
INSERT INTO trabalho.log_acesso VALUES ('log_356_1_2', 'bc8dac25-793c-4a96-aafc-4ea7020f4f60', 'usr_356');
INSERT INTO trabalho.usuario VALUES ('usr_357', '357_Carla_Macedo@yahoo.com', 'Carla Macedo', 'female', 12, trabalho.hashPassword('Password123'), 'Serra Leoa');
INSERT INTO trabalho.usuario_esta_inscrito_no_podcast VALUES (2, 'f0166bd2-8e4d-4308-b5d7-0b3d627c5dc5', 'usr_357');
INSERT INTO trabalho.comentarios_podcast_usuario VALUES ('comment_357_0_0', 'Dolorum optio est quisquam architecto ea nesciunt labore eum odio.', 'f0166bd2-8e4d-4308-b5d7-0b3d627c5dc5', 'usr_357');
INSERT INTO trabalho.comentarios_podcast_usuario VALUES ('comment_357_1_0', 'Voluptas suscipit quibusdam perspiciatis fugit ut ut reprehenderit animi.', 'f0166bd2-8e4d-4308-b5d7-0b3d627c5dc5', 'usr_357');
INSERT INTO trabalho.comentarios_podcast_usuario VALUES ('comment_357_2_0', 'Sapiente molestiae explicabo totam reprehenderit voluptas ut.', 'f0166bd2-8e4d-4308-b5d7-0b3d627c5dc5', 'usr_357');
INSERT INTO trabalho.log_acesso VALUES ('log_357_0_0', 'f0166bd2-8e4d-4308-b5d7-0b3d627c5dc5', 'usr_357');
INSERT INTO trabalho.log_acesso VALUES ('log_357_1_0', 'f0166bd2-8e4d-4308-b5d7-0b3d627c5dc5', 'usr_357');
INSERT INTO trabalho.log_acesso VALUES ('log_357_2_0', 'f0166bd2-8e4d-4308-b5d7-0b3d627c5dc5', 'usr_357');
INSERT INTO trabalho.log_acesso VALUES ('log_357_3_0', 'f0166bd2-8e4d-4308-b5d7-0b3d627c5dc5', 'usr_357');
INSERT INTO trabalho.usuario_esta_inscrito_no_podcast VALUES (2, '219328a1-cec6-4e8c-b003-52a3ec9766bb', 'usr_357');
INSERT INTO trabalho.comentarios_podcast_usuario VALUES ('comment_357_0_1', 'Quaerat voluptas numquam id et natus eum sunt.', '219328a1-cec6-4e8c-b003-52a3ec9766bb', 'usr_357');
INSERT INTO trabalho.comentarios_podcast_usuario VALUES ('comment_357_1_1', 'Sunt commodi tempore est ea tempore.', '219328a1-cec6-4e8c-b003-52a3ec9766bb', 'usr_357');
INSERT INTO trabalho.log_acesso VALUES ('log_357_0_1', '219328a1-cec6-4e8c-b003-52a3ec9766bb', 'usr_357');
INSERT INTO trabalho.log_acesso VALUES ('log_357_1_1', '219328a1-cec6-4e8c-b003-52a3ec9766bb', 'usr_357');
INSERT INTO trabalho.log_acesso VALUES ('log_357_2_1', '219328a1-cec6-4e8c-b003-52a3ec9766bb', 'usr_357');
INSERT INTO trabalho.log_acesso VALUES ('log_357_3_1', '219328a1-cec6-4e8c-b003-52a3ec9766bb', 'usr_357');
INSERT INTO trabalho.usuario_esta_inscrito_no_podcast VALUES (5, 'fa3abe16-3645-4d22-a01d-893e6f20c408', 'usr_357');
INSERT INTO trabalho.comentarios_podcast_usuario VALUES ('comment_357_0_2', 'Et adipisci voluptates.', 'fa3abe16-3645-4d22-a01d-893e6f20c408', 'usr_357');
INSERT INTO trabalho.log_acesso VALUES ('log_357_0_2', 'fa3abe16-3645-4d22-a01d-893e6f20c408', 'usr_357');
INSERT INTO trabalho.log_acesso VALUES ('log_357_1_2', 'fa3abe16-3645-4d22-a01d-893e6f20c408', 'usr_357');
INSERT INTO trabalho.log_acesso VALUES ('log_357_2_2', 'fa3abe16-3645-4d22-a01d-893e6f20c408', 'usr_357');
INSERT INTO trabalho.log_acesso VALUES ('log_357_3_2', 'fa3abe16-3645-4d22-a01d-893e6f20c408', 'usr_357');
INSERT INTO trabalho.log_acesso VALUES ('log_357_4_2', 'fa3abe16-3645-4d22-a01d-893e6f20c408', 'usr_357');
INSERT INTO trabalho.usuario VALUES ('usr_358', '358_Bencio_Albuquerque27@gmail.com', 'Benício Albuquerque', 'male', 6, trabalho.hashPassword('Password123'), 'Senegal');
INSERT INTO trabalho.usuario_esta_inscrito_no_podcast VALUES (2, '7e429e8e-7669-403d-bb78-3cd7f9f75afd', 'usr_358');
INSERT INTO trabalho.comentarios_podcast_usuario VALUES ('comment_358_0_0', 'Qui dolores et unde veniam omnis nulla vitae rerum enim.', '7e429e8e-7669-403d-bb78-3cd7f9f75afd', 'usr_358');
INSERT INTO trabalho.log_acesso VALUES ('log_358_0_0', '7e429e8e-7669-403d-bb78-3cd7f9f75afd', 'usr_358');
INSERT INTO trabalho.log_acesso VALUES ('log_358_1_0', '7e429e8e-7669-403d-bb78-3cd7f9f75afd', 'usr_358');
INSERT INTO trabalho.log_acesso VALUES ('log_358_2_0', '7e429e8e-7669-403d-bb78-3cd7f9f75afd', 'usr_358');
INSERT INTO trabalho.log_acesso VALUES ('log_358_3_0', '7e429e8e-7669-403d-bb78-3cd7f9f75afd', 'usr_358');
INSERT INTO trabalho.log_acesso VALUES ('log_358_4_0', '7e429e8e-7669-403d-bb78-3cd7f9f75afd', 'usr_358');
INSERT INTO trabalho.usuario_esta_inscrito_no_podcast VALUES (5, 'fa3abe16-3645-4d22-a01d-893e6f20c408', 'usr_358');
INSERT INTO trabalho.comentarios_podcast_usuario VALUES ('comment_358_0_1', 'Nemo molestiae perferendis autem ad pariatur voluptatem cumque nihil.', 'fa3abe16-3645-4d22-a01d-893e6f20c408', 'usr_358');
INSERT INTO trabalho.comentarios_podcast_usuario VALUES ('comment_358_1_1', 'Provident dolorum officia debitis et enim quo.', 'fa3abe16-3645-4d22-a01d-893e6f20c408', 'usr_358');
INSERT INTO trabalho.log_acesso VALUES ('log_358_0_1', 'fa3abe16-3645-4d22-a01d-893e6f20c408', 'usr_358');
INSERT INTO trabalho.log_acesso VALUES ('log_358_1_1', 'fa3abe16-3645-4d22-a01d-893e6f20c408', 'usr_358');
INSERT INTO trabalho.log_acesso VALUES ('log_358_2_1', 'fa3abe16-3645-4d22-a01d-893e6f20c408', 'usr_358');
INSERT INTO trabalho.usuario_esta_inscrito_no_podcast VALUES (5, 'f1b92ce7-47a7-43cd-8586-4a09185cdd05', 'usr_358');
INSERT INTO trabalho.comentarios_podcast_usuario VALUES ('comment_358_0_2', 'Laboriosam blanditiis ducimus soluta odio sit et.', 'f1b92ce7-47a7-43cd-8586-4a09185cdd05', 'usr_358');
INSERT INTO trabalho.comentarios_podcast_usuario VALUES ('comment_358_1_2', 'Aut vitae autem quibusdam soluta commodi perspiciatis.', 'f1b92ce7-47a7-43cd-8586-4a09185cdd05', 'usr_358');
INSERT INTO trabalho.comentarios_podcast_usuario VALUES ('comment_358_2_2', 'Ea rem quia aut quas neque eos.', 'f1b92ce7-47a7-43cd-8586-4a09185cdd05', 'usr_358');
INSERT INTO trabalho.comentarios_podcast_usuario VALUES ('comment_358_3_2', 'Quod dolore autem laudantium maiores quas est eveniet et.', 'f1b92ce7-47a7-43cd-8586-4a09185cdd05', 'usr_358');
INSERT INTO trabalho.log_acesso VALUES ('log_358_0_2', 'f1b92ce7-47a7-43cd-8586-4a09185cdd05', 'usr_358');
INSERT INTO trabalho.log_acesso VALUES ('log_358_1_2', 'f1b92ce7-47a7-43cd-8586-4a09185cdd05', 'usr_358');
INSERT INTO trabalho.usuario VALUES ('usr_359', '359_Miguel_Batista@hotmail.com', 'Miguel Batista', 'male', 55, trabalho.hashPassword('Password123'), 'Papua-Nova Guiné');
INSERT INTO trabalho.usuario_esta_inscrito_no_podcast VALUES (1, '67074e68-bc2f-442b-8af2-7d328b6af6eb', 'usr_359');
INSERT INTO trabalho.comentarios_podcast_usuario VALUES ('comment_359_0_0', 'Repellat beatae distinctio voluptas id saepe et et ipsam.', '67074e68-bc2f-442b-8af2-7d328b6af6eb', 'usr_359');
INSERT INTO trabalho.comentarios_podcast_usuario VALUES ('comment_359_1_0', 'Ullam ut dicta quia similique voluptas labore enim autem.', '67074e68-bc2f-442b-8af2-7d328b6af6eb', 'usr_359');
INSERT INTO trabalho.comentarios_podcast_usuario VALUES ('comment_359_2_0', 'Animi sed aliquam non et.', '67074e68-bc2f-442b-8af2-7d328b6af6eb', 'usr_359');
INSERT INTO trabalho.log_acesso VALUES ('log_359_0_0', '67074e68-bc2f-442b-8af2-7d328b6af6eb', 'usr_359');
INSERT INTO trabalho.log_acesso VALUES ('log_359_1_0', '67074e68-bc2f-442b-8af2-7d328b6af6eb', 'usr_359');
INSERT INTO trabalho.log_acesso VALUES ('log_359_2_0', '67074e68-bc2f-442b-8af2-7d328b6af6eb', 'usr_359');
INSERT INTO trabalho.log_acesso VALUES ('log_359_3_0', '67074e68-bc2f-442b-8af2-7d328b6af6eb', 'usr_359');
INSERT INTO trabalho.log_acesso VALUES ('log_359_4_0', '67074e68-bc2f-442b-8af2-7d328b6af6eb', 'usr_359');
INSERT INTO trabalho.log_acesso VALUES ('log_359_5_0', '67074e68-bc2f-442b-8af2-7d328b6af6eb', 'usr_359');
INSERT INTO trabalho.usuario_esta_inscrito_no_podcast VALUES (3, 'de2f0ddb-9903-436a-a5e2-54224254c818', 'usr_359');
INSERT INTO trabalho.comentarios_podcast_usuario VALUES ('comment_359_0_1', 'Tenetur natus quas nam et velit et libero non.', 'de2f0ddb-9903-436a-a5e2-54224254c818', 'usr_359');
INSERT INTO trabalho.comentarios_podcast_usuario VALUES ('comment_359_1_1', 'Quaerat minus iste ea necessitatibus magnam occaecati qui.', 'de2f0ddb-9903-436a-a5e2-54224254c818', 'usr_359');
INSERT INTO trabalho.comentarios_podcast_usuario VALUES ('comment_359_2_1', 'Sunt et voluptates enim.', 'de2f0ddb-9903-436a-a5e2-54224254c818', 'usr_359');
INSERT INTO trabalho.comentarios_podcast_usuario VALUES ('comment_359_3_1', 'Alias incidunt error qui.', 'de2f0ddb-9903-436a-a5e2-54224254c818', 'usr_359');
INSERT INTO trabalho.log_acesso VALUES ('log_359_0_1', 'de2f0ddb-9903-436a-a5e2-54224254c818', 'usr_359');
INSERT INTO trabalho.log_acesso VALUES ('log_359_1_1', 'de2f0ddb-9903-436a-a5e2-54224254c818', 'usr_359');
INSERT INTO trabalho.log_acesso VALUES ('log_359_2_1', 'de2f0ddb-9903-436a-a5e2-54224254c818', 'usr_359');
INSERT INTO trabalho.log_acesso VALUES ('log_359_3_1', 'de2f0ddb-9903-436a-a5e2-54224254c818', 'usr_359');
INSERT INTO trabalho.usuario_esta_inscrito_no_podcast VALUES (0, 'fa3abe16-3645-4d22-a01d-893e6f20c408', 'usr_359');
INSERT INTO trabalho.comentarios_podcast_usuario VALUES ('comment_359_0_2', 'Et architecto facilis et earum quo.', 'fa3abe16-3645-4d22-a01d-893e6f20c408', 'usr_359');
INSERT INTO trabalho.comentarios_podcast_usuario VALUES ('comment_359_1_2', 'Dignissimos occaecati asperiores quae.', 'fa3abe16-3645-4d22-a01d-893e6f20c408', 'usr_359');
INSERT INTO trabalho.comentarios_podcast_usuario VALUES ('comment_359_2_2', 'Velit eum et voluptas.', 'fa3abe16-3645-4d22-a01d-893e6f20c408', 'usr_359');
INSERT INTO trabalho.log_acesso VALUES ('log_359_0_2', 'fa3abe16-3645-4d22-a01d-893e6f20c408', 'usr_359');
INSERT INTO trabalho.usuario VALUES ('usr_360', '360_Nbia83@gmail.com', 'Núbia Carvalho', 'female', 12, trabalho.hashPassword('Password123'), 'Jibuti');
INSERT INTO trabalho.usuario_esta_inscrito_no_podcast VALUES (3, '168c1536-4c42-4b8f-8c77-f06affefec6a', 'usr_360');
INSERT INTO trabalho.comentarios_podcast_usuario VALUES ('comment_360_0_0', 'Ut eum ex molestias temporibus quis similique recusandae delectus.', '168c1536-4c42-4b8f-8c77-f06affefec6a', 'usr_360');
INSERT INTO trabalho.comentarios_podcast_usuario VALUES ('comment_360_1_0', 'A sed enim soluta nihil non dolor incidunt dolorem.', '168c1536-4c42-4b8f-8c77-f06affefec6a', 'usr_360');
INSERT INTO trabalho.comentarios_podcast_usuario VALUES ('comment_360_2_0', 'Temporibus dolores totam culpa eos tempora quo molestiae eveniet vitae.', '168c1536-4c42-4b8f-8c77-f06affefec6a', 'usr_360');
INSERT INTO trabalho.comentarios_podcast_usuario VALUES ('comment_360_3_0', 'Iure dolorum laudantium perspiciatis qui esse.', '168c1536-4c42-4b8f-8c77-f06affefec6a', 'usr_360');
INSERT INTO trabalho.comentarios_podcast_usuario VALUES ('comment_360_4_0', 'Sit autem sint est.', '168c1536-4c42-4b8f-8c77-f06affefec6a', 'usr_360');
INSERT INTO trabalho.comentarios_podcast_usuario VALUES ('comment_360_5_0', 'Dolor id voluptate in dignissimos.', '168c1536-4c42-4b8f-8c77-f06affefec6a', 'usr_360');
INSERT INTO trabalho.log_acesso VALUES ('log_360_0_0', '168c1536-4c42-4b8f-8c77-f06affefec6a', 'usr_360');
INSERT INTO trabalho.log_acesso VALUES ('log_360_1_0', '168c1536-4c42-4b8f-8c77-f06affefec6a', 'usr_360');
INSERT INTO trabalho.log_acesso VALUES ('log_360_2_0', '168c1536-4c42-4b8f-8c77-f06affefec6a', 'usr_360');
INSERT INTO trabalho.usuario_esta_inscrito_no_podcast VALUES (3, '7e429e8e-7669-403d-bb78-3cd7f9f75afd', 'usr_360');
INSERT INTO trabalho.comentarios_podcast_usuario VALUES ('comment_360_0_1', 'Quos est suscipit possimus.', '7e429e8e-7669-403d-bb78-3cd7f9f75afd', 'usr_360');
INSERT INTO trabalho.comentarios_podcast_usuario VALUES ('comment_360_1_1', 'Eum qui distinctio impedit et dolorem beatae saepe doloribus.', '7e429e8e-7669-403d-bb78-3cd7f9f75afd', 'usr_360');
INSERT INTO trabalho.comentarios_podcast_usuario VALUES ('comment_360_2_1', 'Qui pariatur ut ab vitae.', '7e429e8e-7669-403d-bb78-3cd7f9f75afd', 'usr_360');
INSERT INTO trabalho.comentarios_podcast_usuario VALUES ('comment_360_3_1', 'Maxime sequi autem dolores doloremque autem.', '7e429e8e-7669-403d-bb78-3cd7f9f75afd', 'usr_360');
INSERT INTO trabalho.comentarios_podcast_usuario VALUES ('comment_360_4_1', 'Facere dignissimos quidem ut.', '7e429e8e-7669-403d-bb78-3cd7f9f75afd', 'usr_360');
INSERT INTO trabalho.log_acesso VALUES ('log_360_0_1', '7e429e8e-7669-403d-bb78-3cd7f9f75afd', 'usr_360');
INSERT INTO trabalho.log_acesso VALUES ('log_360_1_1', '7e429e8e-7669-403d-bb78-3cd7f9f75afd', 'usr_360');
INSERT INTO trabalho.log_acesso VALUES ('log_360_2_1', '7e429e8e-7669-403d-bb78-3cd7f9f75afd', 'usr_360');
INSERT INTO trabalho.log_acesso VALUES ('log_360_3_1', '7e429e8e-7669-403d-bb78-3cd7f9f75afd', 'usr_360');
INSERT INTO trabalho.log_acesso VALUES ('log_360_4_1', '7e429e8e-7669-403d-bb78-3cd7f9f75afd', 'usr_360');
INSERT INTO trabalho.log_acesso VALUES ('log_360_5_1', '7e429e8e-7669-403d-bb78-3cd7f9f75afd', 'usr_360');
INSERT INTO trabalho.log_acesso VALUES ('log_360_6_1', '7e429e8e-7669-403d-bb78-3cd7f9f75afd', 'usr_360');
INSERT INTO trabalho.usuario_esta_inscrito_no_podcast VALUES (4, '219328a1-cec6-4e8c-b003-52a3ec9766bb', 'usr_360');
INSERT INTO trabalho.comentarios_podcast_usuario VALUES ('comment_360_0_2', 'Tempora modi ipsum eveniet dolore aut illo delectus ipsam et.', '219328a1-cec6-4e8c-b003-52a3ec9766bb', 'usr_360');
INSERT INTO trabalho.comentarios_podcast_usuario VALUES ('comment_360_1_2', 'Quisquam accusantium accusamus sint magni reprehenderit inventore.', '219328a1-cec6-4e8c-b003-52a3ec9766bb', 'usr_360');
INSERT INTO trabalho.comentarios_podcast_usuario VALUES ('comment_360_2_2', 'Aut quia officiis voluptatem rerum occaecati hic ut.', '219328a1-cec6-4e8c-b003-52a3ec9766bb', 'usr_360');
INSERT INTO trabalho.log_acesso VALUES ('log_360_0_2', '219328a1-cec6-4e8c-b003-52a3ec9766bb', 'usr_360');
INSERT INTO trabalho.log_acesso VALUES ('log_360_1_2', '219328a1-cec6-4e8c-b003-52a3ec9766bb', 'usr_360');
INSERT INTO trabalho.log_acesso VALUES ('log_360_2_2', '219328a1-cec6-4e8c-b003-52a3ec9766bb', 'usr_360');
INSERT INTO trabalho.usuario VALUES ('usr_361', '361_Feliciano9@hotmail.com', 'Feliciano Batista', 'male', 52, trabalho.hashPassword('Password123'), 'Guiné');
INSERT INTO trabalho.usuario_esta_inscrito_no_podcast VALUES (2, 'f1b92ce7-47a7-43cd-8586-4a09185cdd05', 'usr_361');
INSERT INTO trabalho.comentarios_podcast_usuario VALUES ('comment_361_0_0', 'Et ut ut rerum cum aperiam voluptates.', 'f1b92ce7-47a7-43cd-8586-4a09185cdd05', 'usr_361');
INSERT INTO trabalho.comentarios_podcast_usuario VALUES ('comment_361_1_0', 'Dolores hic voluptates.', 'f1b92ce7-47a7-43cd-8586-4a09185cdd05', 'usr_361');
INSERT INTO trabalho.log_acesso VALUES ('log_361_0_0', 'f1b92ce7-47a7-43cd-8586-4a09185cdd05', 'usr_361');
INSERT INTO trabalho.log_acesso VALUES ('log_361_1_0', 'f1b92ce7-47a7-43cd-8586-4a09185cdd05', 'usr_361');
INSERT INTO trabalho.log_acesso VALUES ('log_361_2_0', 'f1b92ce7-47a7-43cd-8586-4a09185cdd05', 'usr_361');
INSERT INTO trabalho.log_acesso VALUES ('log_361_3_0', 'f1b92ce7-47a7-43cd-8586-4a09185cdd05', 'usr_361');
INSERT INTO trabalho.log_acesso VALUES ('log_361_4_0', 'f1b92ce7-47a7-43cd-8586-4a09185cdd05', 'usr_361');
INSERT INTO trabalho.usuario_esta_inscrito_no_podcast VALUES (4, '67074e68-bc2f-442b-8af2-7d328b6af6eb', 'usr_361');
INSERT INTO trabalho.comentarios_podcast_usuario VALUES ('comment_361_0_1', 'Et facilis aspernatur voluptatibus.', '67074e68-bc2f-442b-8af2-7d328b6af6eb', 'usr_361');
INSERT INTO trabalho.log_acesso VALUES ('log_361_0_1', '67074e68-bc2f-442b-8af2-7d328b6af6eb', 'usr_361');
INSERT INTO trabalho.usuario_esta_inscrito_no_podcast VALUES (4, '168c1536-4c42-4b8f-8c77-f06affefec6a', 'usr_361');
INSERT INTO trabalho.comentarios_podcast_usuario VALUES ('comment_361_0_2', 'Quidem doloremque quis optio.', '168c1536-4c42-4b8f-8c77-f06affefec6a', 'usr_361');
INSERT INTO trabalho.log_acesso VALUES ('log_361_0_2', '168c1536-4c42-4b8f-8c77-f06affefec6a', 'usr_361');
INSERT INTO trabalho.log_acesso VALUES ('log_361_1_2', '168c1536-4c42-4b8f-8c77-f06affefec6a', 'usr_361');
INSERT INTO trabalho.log_acesso VALUES ('log_361_2_2', '168c1536-4c42-4b8f-8c77-f06affefec6a', 'usr_361');
INSERT INTO trabalho.usuario VALUES ('usr_362', '362_Vctor.Xavier3@hotmail.com', 'Víctor Xavier', 'male', 42, trabalho.hashPassword('Password123'), 'San Marino');
INSERT INTO trabalho.usuario_esta_inscrito_no_podcast VALUES (0, 'b553d865-8fe2-47de-9a30-10e1dea3bd1d', 'usr_362');
INSERT INTO trabalho.comentarios_podcast_usuario VALUES ('comment_362_0_0', 'Occaecati aspernatur consequatur illo et aut natus eaque possimus.', 'b553d865-8fe2-47de-9a30-10e1dea3bd1d', 'usr_362');
INSERT INTO trabalho.comentarios_podcast_usuario VALUES ('comment_362_1_0', 'Iusto et voluptate ut ullam corrupti est quod odio.', 'b553d865-8fe2-47de-9a30-10e1dea3bd1d', 'usr_362');
INSERT INTO trabalho.comentarios_podcast_usuario VALUES ('comment_362_2_0', 'Aut dolorem ratione facilis esse dolor.', 'b553d865-8fe2-47de-9a30-10e1dea3bd1d', 'usr_362');
INSERT INTO trabalho.log_acesso VALUES ('log_362_0_0', 'b553d865-8fe2-47de-9a30-10e1dea3bd1d', 'usr_362');
INSERT INTO trabalho.log_acesso VALUES ('log_362_1_0', 'b553d865-8fe2-47de-9a30-10e1dea3bd1d', 'usr_362');
INSERT INTO trabalho.log_acesso VALUES ('log_362_2_0', 'b553d865-8fe2-47de-9a30-10e1dea3bd1d', 'usr_362');
INSERT INTO trabalho.log_acesso VALUES ('log_362_3_0', 'b553d865-8fe2-47de-9a30-10e1dea3bd1d', 'usr_362');
INSERT INTO trabalho.log_acesso VALUES ('log_362_4_0', 'b553d865-8fe2-47de-9a30-10e1dea3bd1d', 'usr_362');
INSERT INTO trabalho.usuario_esta_inscrito_no_podcast VALUES (2, 'bc8dac25-793c-4a96-aafc-4ea7020f4f60', 'usr_362');
INSERT INTO trabalho.comentarios_podcast_usuario VALUES ('comment_362_0_1', 'Nobis natus quos velit.', 'bc8dac25-793c-4a96-aafc-4ea7020f4f60', 'usr_362');
INSERT INTO trabalho.comentarios_podcast_usuario VALUES ('comment_362_1_1', 'Consequatur voluptas dolorum eum consequatur quisquam eum corporis.', 'bc8dac25-793c-4a96-aafc-4ea7020f4f60', 'usr_362');
INSERT INTO trabalho.comentarios_podcast_usuario VALUES ('comment_362_2_1', 'Delectus reiciendis quidem cumque in et non ut explicabo quia.', 'bc8dac25-793c-4a96-aafc-4ea7020f4f60', 'usr_362');
INSERT INTO trabalho.comentarios_podcast_usuario VALUES ('comment_362_3_1', 'Magnam aut velit illo vitae quasi qui vel perspiciatis excepturi.', 'bc8dac25-793c-4a96-aafc-4ea7020f4f60', 'usr_362');
INSERT INTO trabalho.log_acesso VALUES ('log_362_0_1', 'bc8dac25-793c-4a96-aafc-4ea7020f4f60', 'usr_362');
INSERT INTO trabalho.log_acesso VALUES ('log_362_1_1', 'bc8dac25-793c-4a96-aafc-4ea7020f4f60', 'usr_362');
INSERT INTO trabalho.log_acesso VALUES ('log_362_2_1', 'bc8dac25-793c-4a96-aafc-4ea7020f4f60', 'usr_362');
INSERT INTO trabalho.log_acesso VALUES ('log_362_3_1', 'bc8dac25-793c-4a96-aafc-4ea7020f4f60', 'usr_362');
INSERT INTO trabalho.log_acesso VALUES ('log_362_4_1', 'bc8dac25-793c-4a96-aafc-4ea7020f4f60', 'usr_362');
INSERT INTO trabalho.log_acesso VALUES ('log_362_5_1', 'bc8dac25-793c-4a96-aafc-4ea7020f4f60', 'usr_362');
INSERT INTO trabalho.log_acesso VALUES ('log_362_6_1', 'bc8dac25-793c-4a96-aafc-4ea7020f4f60', 'usr_362');
INSERT INTO trabalho.usuario_esta_inscrito_no_podcast VALUES (5, 'f0166bd2-8e4d-4308-b5d7-0b3d627c5dc5', 'usr_362');
INSERT INTO trabalho.comentarios_podcast_usuario VALUES ('comment_362_0_2', 'Voluptatibus odio doloremque voluptatibus ut voluptas ea sed.', 'f0166bd2-8e4d-4308-b5d7-0b3d627c5dc5', 'usr_362');
INSERT INTO trabalho.log_acesso VALUES ('log_362_0_2', 'f0166bd2-8e4d-4308-b5d7-0b3d627c5dc5', 'usr_362');
INSERT INTO trabalho.log_acesso VALUES ('log_362_1_2', 'f0166bd2-8e4d-4308-b5d7-0b3d627c5dc5', 'usr_362');
INSERT INTO trabalho.log_acesso VALUES ('log_362_2_2', 'f0166bd2-8e4d-4308-b5d7-0b3d627c5dc5', 'usr_362');
INSERT INTO trabalho.log_acesso VALUES ('log_362_3_2', 'f0166bd2-8e4d-4308-b5d7-0b3d627c5dc5', 'usr_362');
INSERT INTO trabalho.log_acesso VALUES ('log_362_4_2', 'f0166bd2-8e4d-4308-b5d7-0b3d627c5dc5', 'usr_362');
INSERT INTO trabalho.log_acesso VALUES ('log_362_5_2', 'f0166bd2-8e4d-4308-b5d7-0b3d627c5dc5', 'usr_362');
INSERT INTO trabalho.usuario VALUES ('usr_363', '363_Alexandre_Santos69@bol.com.br', 'Alexandre Santos', 'male', 40, trabalho.hashPassword('Password123'), 'Estados Unidos das Ilhas Virgens');
INSERT INTO trabalho.usuario_esta_inscrito_no_podcast VALUES (0, '168c1536-4c42-4b8f-8c77-f06affefec6a', 'usr_363');
INSERT INTO trabalho.comentarios_podcast_usuario VALUES ('comment_363_0_0', 'Velit corporis ullam assumenda recusandae omnis.', '168c1536-4c42-4b8f-8c77-f06affefec6a', 'usr_363');
INSERT INTO trabalho.comentarios_podcast_usuario VALUES ('comment_363_1_0', 'Aut cumque consequatur quibusdam alias labore.', '168c1536-4c42-4b8f-8c77-f06affefec6a', 'usr_363');
INSERT INTO trabalho.comentarios_podcast_usuario VALUES ('comment_363_2_0', 'Adipisci reprehenderit itaque corporis consectetur magnam.', '168c1536-4c42-4b8f-8c77-f06affefec6a', 'usr_363');
INSERT INTO trabalho.comentarios_podcast_usuario VALUES ('comment_363_3_0', 'In officiis neque eaque consequatur.', '168c1536-4c42-4b8f-8c77-f06affefec6a', 'usr_363');
INSERT INTO trabalho.comentarios_podcast_usuario VALUES ('comment_363_4_0', 'Labore sed corrupti nihil necessitatibus voluptates necessitatibus pariatur omnis.', '168c1536-4c42-4b8f-8c77-f06affefec6a', 'usr_363');
INSERT INTO trabalho.comentarios_podcast_usuario VALUES ('comment_363_5_0', 'Exercitationem quia facere quis eos quo cumque ducimus fuga sed.', '168c1536-4c42-4b8f-8c77-f06affefec6a', 'usr_363');
INSERT INTO trabalho.log_acesso VALUES ('log_363_0_0', '168c1536-4c42-4b8f-8c77-f06affefec6a', 'usr_363');
INSERT INTO trabalho.log_acesso VALUES ('log_363_1_0', '168c1536-4c42-4b8f-8c77-f06affefec6a', 'usr_363');
INSERT INTO trabalho.usuario_esta_inscrito_no_podcast VALUES (4, '67074e68-bc2f-442b-8af2-7d328b6af6eb', 'usr_363');
INSERT INTO trabalho.comentarios_podcast_usuario VALUES ('comment_363_0_1', 'Molestiae sit ut asperiores expedita eligendi quis corporis magnam ipsum.', '67074e68-bc2f-442b-8af2-7d328b6af6eb', 'usr_363');
INSERT INTO trabalho.comentarios_podcast_usuario VALUES ('comment_363_1_1', 'Qui quaerat culpa in labore ea et repellendus ut.', '67074e68-bc2f-442b-8af2-7d328b6af6eb', 'usr_363');
INSERT INTO trabalho.comentarios_podcast_usuario VALUES ('comment_363_2_1', 'Animi nulla sed aspernatur iusto.', '67074e68-bc2f-442b-8af2-7d328b6af6eb', 'usr_363');
INSERT INTO trabalho.comentarios_podcast_usuario VALUES ('comment_363_3_1', 'Non laudantium quasi explicabo temporibus.', '67074e68-bc2f-442b-8af2-7d328b6af6eb', 'usr_363');
INSERT INTO trabalho.log_acesso VALUES ('log_363_0_1', '67074e68-bc2f-442b-8af2-7d328b6af6eb', 'usr_363');
INSERT INTO trabalho.usuario_esta_inscrito_no_podcast VALUES (2, 'b553d865-8fe2-47de-9a30-10e1dea3bd1d', 'usr_363');
INSERT INTO trabalho.comentarios_podcast_usuario VALUES ('comment_363_0_2', 'Temporibus doloribus rerum et voluptatem sit quae enim et qui.', 'b553d865-8fe2-47de-9a30-10e1dea3bd1d', 'usr_363');
INSERT INTO trabalho.comentarios_podcast_usuario VALUES ('comment_363_1_2', 'Magni repellendus ut itaque nam maiores eum ducimus expedita.', 'b553d865-8fe2-47de-9a30-10e1dea3bd1d', 'usr_363');
INSERT INTO trabalho.comentarios_podcast_usuario VALUES ('comment_363_2_2', 'Voluptatem doloribus voluptatem consequatur dignissimos eaque qui veniam.', 'b553d865-8fe2-47de-9a30-10e1dea3bd1d', 'usr_363');
INSERT INTO trabalho.comentarios_podcast_usuario VALUES ('comment_363_3_2', 'Aut autem eveniet.', 'b553d865-8fe2-47de-9a30-10e1dea3bd1d', 'usr_363');
INSERT INTO trabalho.comentarios_podcast_usuario VALUES ('comment_363_4_2', 'Ea repudiandae iste nihil reprehenderit non consequatur ut.', 'b553d865-8fe2-47de-9a30-10e1dea3bd1d', 'usr_363');
INSERT INTO trabalho.log_acesso VALUES ('log_363_0_2', 'b553d865-8fe2-47de-9a30-10e1dea3bd1d', 'usr_363');
INSERT INTO trabalho.log_acesso VALUES ('log_363_1_2', 'b553d865-8fe2-47de-9a30-10e1dea3bd1d', 'usr_363');
INSERT INTO trabalho.log_acesso VALUES ('log_363_2_2', 'b553d865-8fe2-47de-9a30-10e1dea3bd1d', 'usr_363');
INSERT INTO trabalho.log_acesso VALUES ('log_363_3_2', 'b553d865-8fe2-47de-9a30-10e1dea3bd1d', 'usr_363');
INSERT INTO trabalho.log_acesso VALUES ('log_363_4_2', 'b553d865-8fe2-47de-9a30-10e1dea3bd1d', 'usr_363');
INSERT INTO trabalho.usuario VALUES ('usr_364', '364_Liz_Carvalho@live.com', 'Liz Carvalho', 'female', 16, trabalho.hashPassword('Password123'), 'Liechtenstein');
INSERT INTO trabalho.usuario_esta_inscrito_no_podcast VALUES (5, 'af46a958-b921-47b6-9f87-5c4fdc68ea79', 'usr_364');
INSERT INTO trabalho.comentarios_podcast_usuario VALUES ('comment_364_0_0', 'Sunt a voluptates amet earum.', 'af46a958-b921-47b6-9f87-5c4fdc68ea79', 'usr_364');
INSERT INTO trabalho.comentarios_podcast_usuario VALUES ('comment_364_1_0', 'Odit sequi quos aut quis consectetur.', 'af46a958-b921-47b6-9f87-5c4fdc68ea79', 'usr_364');
INSERT INTO trabalho.comentarios_podcast_usuario VALUES ('comment_364_2_0', 'Quo incidunt cumque adipisci adipisci perspiciatis ullam possimus quo.', 'af46a958-b921-47b6-9f87-5c4fdc68ea79', 'usr_364');
INSERT INTO trabalho.comentarios_podcast_usuario VALUES ('comment_364_3_0', 'Dolore vel error.', 'af46a958-b921-47b6-9f87-5c4fdc68ea79', 'usr_364');
INSERT INTO trabalho.log_acesso VALUES ('log_364_0_0', 'af46a958-b921-47b6-9f87-5c4fdc68ea79', 'usr_364');
INSERT INTO trabalho.log_acesso VALUES ('log_364_1_0', 'af46a958-b921-47b6-9f87-5c4fdc68ea79', 'usr_364');
INSERT INTO trabalho.log_acesso VALUES ('log_364_2_0', 'af46a958-b921-47b6-9f87-5c4fdc68ea79', 'usr_364');
INSERT INTO trabalho.usuario_esta_inscrito_no_podcast VALUES (3, 'fa3abe16-3645-4d22-a01d-893e6f20c408', 'usr_364');
INSERT INTO trabalho.comentarios_podcast_usuario VALUES ('comment_364_0_1', 'Fugiat odio maxime velit officia explicabo et qui quidem numquam.', 'fa3abe16-3645-4d22-a01d-893e6f20c408', 'usr_364');
INSERT INTO trabalho.comentarios_podcast_usuario VALUES ('comment_364_1_1', 'Placeat autem fugit est impedit quos sed nihil nihil.', 'fa3abe16-3645-4d22-a01d-893e6f20c408', 'usr_364');
INSERT INTO trabalho.comentarios_podcast_usuario VALUES ('comment_364_2_1', 'Quod ea vitae.', 'fa3abe16-3645-4d22-a01d-893e6f20c408', 'usr_364');
INSERT INTO trabalho.comentarios_podcast_usuario VALUES ('comment_364_3_1', 'Laboriosam temporibus sint neque est et qui.', 'fa3abe16-3645-4d22-a01d-893e6f20c408', 'usr_364');
INSERT INTO trabalho.comentarios_podcast_usuario VALUES ('comment_364_4_1', 'Id veniam deserunt natus dolores vel aliquam.', 'fa3abe16-3645-4d22-a01d-893e6f20c408', 'usr_364');
INSERT INTO trabalho.log_acesso VALUES ('log_364_0_1', 'fa3abe16-3645-4d22-a01d-893e6f20c408', 'usr_364');
INSERT INTO trabalho.log_acesso VALUES ('log_364_1_1', 'fa3abe16-3645-4d22-a01d-893e6f20c408', 'usr_364');
INSERT INTO trabalho.log_acesso VALUES ('log_364_2_1', 'fa3abe16-3645-4d22-a01d-893e6f20c408', 'usr_364');
INSERT INTO trabalho.log_acesso VALUES ('log_364_3_1', 'fa3abe16-3645-4d22-a01d-893e6f20c408', 'usr_364');
INSERT INTO trabalho.log_acesso VALUES ('log_364_4_1', 'fa3abe16-3645-4d22-a01d-893e6f20c408', 'usr_364');
INSERT INTO trabalho.usuario_esta_inscrito_no_podcast VALUES (3, '7e429e8e-7669-403d-bb78-3cd7f9f75afd', 'usr_364');
INSERT INTO trabalho.comentarios_podcast_usuario VALUES ('comment_364_0_2', 'Similique qui animi modi ut atque eum aliquam provident et.', '7e429e8e-7669-403d-bb78-3cd7f9f75afd', 'usr_364');
INSERT INTO trabalho.log_acesso VALUES ('log_364_0_2', '7e429e8e-7669-403d-bb78-3cd7f9f75afd', 'usr_364');
INSERT INTO trabalho.log_acesso VALUES ('log_364_1_2', '7e429e8e-7669-403d-bb78-3cd7f9f75afd', 'usr_364');
INSERT INTO trabalho.log_acesso VALUES ('log_364_2_2', '7e429e8e-7669-403d-bb78-3cd7f9f75afd', 'usr_364');
INSERT INTO trabalho.log_acesso VALUES ('log_364_3_2', '7e429e8e-7669-403d-bb78-3cd7f9f75afd', 'usr_364');
INSERT INTO trabalho.usuario VALUES ('usr_365', '365_JooMiguel_Moreira@yahoo.com', 'João Miguel Moreira', 'male', 52, trabalho.hashPassword('Password123'), 'Arquipélago de Chagos');
INSERT INTO trabalho.usuario_esta_inscrito_no_podcast VALUES (0, 'b553d865-8fe2-47de-9a30-10e1dea3bd1d', 'usr_365');
INSERT INTO trabalho.comentarios_podcast_usuario VALUES ('comment_365_0_0', 'Recusandae sint sint.', 'b553d865-8fe2-47de-9a30-10e1dea3bd1d', 'usr_365');
INSERT INTO trabalho.comentarios_podcast_usuario VALUES ('comment_365_1_0', 'In totam dignissimos repellat quasi qui possimus architecto deleniti modi.', 'b553d865-8fe2-47de-9a30-10e1dea3bd1d', 'usr_365');
INSERT INTO trabalho.comentarios_podcast_usuario VALUES ('comment_365_2_0', 'Corporis qui eum autem modi sequi.', 'b553d865-8fe2-47de-9a30-10e1dea3bd1d', 'usr_365');
INSERT INTO trabalho.comentarios_podcast_usuario VALUES ('comment_365_3_0', 'Distinctio earum totam iste alias ad sit modi.', 'b553d865-8fe2-47de-9a30-10e1dea3bd1d', 'usr_365');
INSERT INTO trabalho.comentarios_podcast_usuario VALUES ('comment_365_4_0', 'Quia delectus qui molestias et perferendis ut quis.', 'b553d865-8fe2-47de-9a30-10e1dea3bd1d', 'usr_365');
INSERT INTO trabalho.log_acesso VALUES ('log_365_0_0', 'b553d865-8fe2-47de-9a30-10e1dea3bd1d', 'usr_365');
INSERT INTO trabalho.log_acesso VALUES ('log_365_1_0', 'b553d865-8fe2-47de-9a30-10e1dea3bd1d', 'usr_365');
INSERT INTO trabalho.log_acesso VALUES ('log_365_2_0', 'b553d865-8fe2-47de-9a30-10e1dea3bd1d', 'usr_365');
INSERT INTO trabalho.log_acesso VALUES ('log_365_3_0', 'b553d865-8fe2-47de-9a30-10e1dea3bd1d', 'usr_365');
INSERT INTO trabalho.usuario_esta_inscrito_no_podcast VALUES (0, 'f1b92ce7-47a7-43cd-8586-4a09185cdd05', 'usr_365');
INSERT INTO trabalho.comentarios_podcast_usuario VALUES ('comment_365_0_1', 'Est ab doloribus sit.', 'f1b92ce7-47a7-43cd-8586-4a09185cdd05', 'usr_365');
INSERT INTO trabalho.comentarios_podcast_usuario VALUES ('comment_365_1_1', 'Non autem laborum vel.', 'f1b92ce7-47a7-43cd-8586-4a09185cdd05', 'usr_365');
INSERT INTO trabalho.comentarios_podcast_usuario VALUES ('comment_365_2_1', 'Quod repellendus voluptas laudantium nisi.', 'f1b92ce7-47a7-43cd-8586-4a09185cdd05', 'usr_365');
INSERT INTO trabalho.log_acesso VALUES ('log_365_0_1', 'f1b92ce7-47a7-43cd-8586-4a09185cdd05', 'usr_365');
INSERT INTO trabalho.usuario_esta_inscrito_no_podcast VALUES (2, 'c58b280a-56d4-4ad8-8c85-730e4ea86361', 'usr_365');
INSERT INTO trabalho.comentarios_podcast_usuario VALUES ('comment_365_0_2', 'Est eligendi sed hic in est maxime saepe.', 'c58b280a-56d4-4ad8-8c85-730e4ea86361', 'usr_365');
INSERT INTO trabalho.comentarios_podcast_usuario VALUES ('comment_365_1_2', 'Et laborum sint.', 'c58b280a-56d4-4ad8-8c85-730e4ea86361', 'usr_365');
INSERT INTO trabalho.comentarios_podcast_usuario VALUES ('comment_365_2_2', 'Magni eius qui maxime in maxime quasi soluta sunt.', 'c58b280a-56d4-4ad8-8c85-730e4ea86361', 'usr_365');
INSERT INTO trabalho.log_acesso VALUES ('log_365_0_2', 'c58b280a-56d4-4ad8-8c85-730e4ea86361', 'usr_365');
INSERT INTO trabalho.log_acesso VALUES ('log_365_1_2', 'c58b280a-56d4-4ad8-8c85-730e4ea86361', 'usr_365');
INSERT INTO trabalho.log_acesso VALUES ('log_365_2_2', 'c58b280a-56d4-4ad8-8c85-730e4ea86361', 'usr_365');
INSERT INTO trabalho.log_acesso VALUES ('log_365_3_2', 'c58b280a-56d4-4ad8-8c85-730e4ea86361', 'usr_365');
INSERT INTO trabalho.usuario VALUES ('usr_366', '366_Fabrcia.Nogueira41@yahoo.com', 'Fabrícia Nogueira', 'female', 44, trabalho.hashPassword('Password123'), 'Turcomenistão');
INSERT INTO trabalho.usuario_esta_inscrito_no_podcast VALUES (3, 'af46a958-b921-47b6-9f87-5c4fdc68ea79', 'usr_366');
INSERT INTO trabalho.comentarios_podcast_usuario VALUES ('comment_366_0_0', 'Deserunt consequatur exercitationem.', 'af46a958-b921-47b6-9f87-5c4fdc68ea79', 'usr_366');
INSERT INTO trabalho.comentarios_podcast_usuario VALUES ('comment_366_1_0', 'Et reprehenderit qui occaecati sunt.', 'af46a958-b921-47b6-9f87-5c4fdc68ea79', 'usr_366');
INSERT INTO trabalho.comentarios_podcast_usuario VALUES ('comment_366_2_0', 'Vel nemo quae et.', 'af46a958-b921-47b6-9f87-5c4fdc68ea79', 'usr_366');
INSERT INTO trabalho.log_acesso VALUES ('log_366_0_0', 'af46a958-b921-47b6-9f87-5c4fdc68ea79', 'usr_366');
INSERT INTO trabalho.log_acesso VALUES ('log_366_1_0', 'af46a958-b921-47b6-9f87-5c4fdc68ea79', 'usr_366');
INSERT INTO trabalho.usuario_esta_inscrito_no_podcast VALUES (5, '219328a1-cec6-4e8c-b003-52a3ec9766bb', 'usr_366');
INSERT INTO trabalho.comentarios_podcast_usuario VALUES ('comment_366_0_1', 'Dolore voluptatem esse assumenda aliquid neque odio minima rem eos.', '219328a1-cec6-4e8c-b003-52a3ec9766bb', 'usr_366');
INSERT INTO trabalho.log_acesso VALUES ('log_366_0_1', '219328a1-cec6-4e8c-b003-52a3ec9766bb', 'usr_366');
INSERT INTO trabalho.log_acesso VALUES ('log_366_1_1', '219328a1-cec6-4e8c-b003-52a3ec9766bb', 'usr_366');
INSERT INTO trabalho.log_acesso VALUES ('log_366_2_1', '219328a1-cec6-4e8c-b003-52a3ec9766bb', 'usr_366');
INSERT INTO trabalho.log_acesso VALUES ('log_366_3_1', '219328a1-cec6-4e8c-b003-52a3ec9766bb', 'usr_366');
INSERT INTO trabalho.log_acesso VALUES ('log_366_4_1', '219328a1-cec6-4e8c-b003-52a3ec9766bb', 'usr_366');
INSERT INTO trabalho.log_acesso VALUES ('log_366_5_1', '219328a1-cec6-4e8c-b003-52a3ec9766bb', 'usr_366');
INSERT INTO trabalho.log_acesso VALUES ('log_366_6_1', '219328a1-cec6-4e8c-b003-52a3ec9766bb', 'usr_366');
INSERT INTO trabalho.usuario_esta_inscrito_no_podcast VALUES (2, 'fa3abe16-3645-4d22-a01d-893e6f20c408', 'usr_366');
INSERT INTO trabalho.comentarios_podcast_usuario VALUES ('comment_366_0_2', 'Repudiandae incidunt tenetur et facere.', 'fa3abe16-3645-4d22-a01d-893e6f20c408', 'usr_366');
INSERT INTO trabalho.comentarios_podcast_usuario VALUES ('comment_366_1_2', 'Est hic nihil aut ut possimus consequuntur.', 'fa3abe16-3645-4d22-a01d-893e6f20c408', 'usr_366');
INSERT INTO trabalho.log_acesso VALUES ('log_366_0_2', 'fa3abe16-3645-4d22-a01d-893e6f20c408', 'usr_366');
INSERT INTO trabalho.log_acesso VALUES ('log_366_1_2', 'fa3abe16-3645-4d22-a01d-893e6f20c408', 'usr_366');
INSERT INTO trabalho.log_acesso VALUES ('log_366_2_2', 'fa3abe16-3645-4d22-a01d-893e6f20c408', 'usr_366');
INSERT INTO trabalho.log_acesso VALUES ('log_366_3_2', 'fa3abe16-3645-4d22-a01d-893e6f20c408', 'usr_366');
INSERT INTO trabalho.usuario VALUES ('usr_367', '367_Sirineu.Costa@gmail.com', 'Sirineu Costa', 'male', 34, trabalho.hashPassword('Password123'), 'Peru');
INSERT INTO trabalho.usuario_esta_inscrito_no_podcast VALUES (3, 'bc8dac25-793c-4a96-aafc-4ea7020f4f60', 'usr_367');
INSERT INTO trabalho.comentarios_podcast_usuario VALUES ('comment_367_0_0', 'Sunt eos delectus fuga aut.', 'bc8dac25-793c-4a96-aafc-4ea7020f4f60', 'usr_367');
INSERT INTO trabalho.comentarios_podcast_usuario VALUES ('comment_367_1_0', 'Ex ratione quae ipsam.', 'bc8dac25-793c-4a96-aafc-4ea7020f4f60', 'usr_367');
INSERT INTO trabalho.comentarios_podcast_usuario VALUES ('comment_367_2_0', 'Molestias ut recusandae repudiandae modi.', 'bc8dac25-793c-4a96-aafc-4ea7020f4f60', 'usr_367');
INSERT INTO trabalho.log_acesso VALUES ('log_367_0_0', 'bc8dac25-793c-4a96-aafc-4ea7020f4f60', 'usr_367');
INSERT INTO trabalho.log_acesso VALUES ('log_367_1_0', 'bc8dac25-793c-4a96-aafc-4ea7020f4f60', 'usr_367');
INSERT INTO trabalho.log_acesso VALUES ('log_367_2_0', 'bc8dac25-793c-4a96-aafc-4ea7020f4f60', 'usr_367');
INSERT INTO trabalho.usuario_esta_inscrito_no_podcast VALUES (5, '5bdf7377-8330-4f9f-8efd-e95301c122ce', 'usr_367');
INSERT INTO trabalho.comentarios_podcast_usuario VALUES ('comment_367_0_1', 'Similique corrupti et quo porro voluptatibus.', '5bdf7377-8330-4f9f-8efd-e95301c122ce', 'usr_367');
INSERT INTO trabalho.comentarios_podcast_usuario VALUES ('comment_367_1_1', 'Eveniet sunt molestiae voluptas officia ipsam neque omnis.', '5bdf7377-8330-4f9f-8efd-e95301c122ce', 'usr_367');
INSERT INTO trabalho.comentarios_podcast_usuario VALUES ('comment_367_2_1', 'Totam sequi consequatur.', '5bdf7377-8330-4f9f-8efd-e95301c122ce', 'usr_367');
INSERT INTO trabalho.log_acesso VALUES ('log_367_0_1', '5bdf7377-8330-4f9f-8efd-e95301c122ce', 'usr_367');
INSERT INTO trabalho.log_acesso VALUES ('log_367_1_1', '5bdf7377-8330-4f9f-8efd-e95301c122ce', 'usr_367');
INSERT INTO trabalho.log_acesso VALUES ('log_367_2_1', '5bdf7377-8330-4f9f-8efd-e95301c122ce', 'usr_367');
INSERT INTO trabalho.usuario_esta_inscrito_no_podcast VALUES (4, 'f8e13774-d631-4f34-93f0-2f5d55590265', 'usr_367');
INSERT INTO trabalho.comentarios_podcast_usuario VALUES ('comment_367_0_2', 'Omnis eligendi veniam.', 'f8e13774-d631-4f34-93f0-2f5d55590265', 'usr_367');
INSERT INTO trabalho.comentarios_podcast_usuario VALUES ('comment_367_1_2', 'Est aut quia adipisci est.', 'f8e13774-d631-4f34-93f0-2f5d55590265', 'usr_367');
INSERT INTO trabalho.comentarios_podcast_usuario VALUES ('comment_367_2_2', 'Eum delectus eaque quae enim commodi repellendus ut culpa dicta.', 'f8e13774-d631-4f34-93f0-2f5d55590265', 'usr_367');
INSERT INTO trabalho.log_acesso VALUES ('log_367_0_2', 'f8e13774-d631-4f34-93f0-2f5d55590265', 'usr_367');
INSERT INTO trabalho.log_acesso VALUES ('log_367_1_2', 'f8e13774-d631-4f34-93f0-2f5d55590265', 'usr_367');
INSERT INTO trabalho.log_acesso VALUES ('log_367_2_2', 'f8e13774-d631-4f34-93f0-2f5d55590265', 'usr_367');
INSERT INTO trabalho.log_acesso VALUES ('log_367_3_2', 'f8e13774-d631-4f34-93f0-2f5d55590265', 'usr_367');
INSERT INTO trabalho.log_acesso VALUES ('log_367_4_2', 'f8e13774-d631-4f34-93f0-2f5d55590265', 'usr_367');
INSERT INTO trabalho.usuario VALUES ('usr_368', '368_Jlia.Barros@bol.com.br', 'Júlia Barros', 'female', 29, trabalho.hashPassword('Password123'), 'Barém');
INSERT INTO trabalho.usuario_esta_inscrito_no_podcast VALUES (2, '168c1536-4c42-4b8f-8c77-f06affefec6a', 'usr_368');
INSERT INTO trabalho.comentarios_podcast_usuario VALUES ('comment_368_0_0', 'Ut perferendis adipisci exercitationem voluptatibus qui molestiae id.', '168c1536-4c42-4b8f-8c77-f06affefec6a', 'usr_368');
INSERT INTO trabalho.comentarios_podcast_usuario VALUES ('comment_368_1_0', 'Est est soluta.', '168c1536-4c42-4b8f-8c77-f06affefec6a', 'usr_368');
INSERT INTO trabalho.log_acesso VALUES ('log_368_0_0', '168c1536-4c42-4b8f-8c77-f06affefec6a', 'usr_368');
INSERT INTO trabalho.log_acesso VALUES ('log_368_1_0', '168c1536-4c42-4b8f-8c77-f06affefec6a', 'usr_368');
INSERT INTO trabalho.log_acesso VALUES ('log_368_2_0', '168c1536-4c42-4b8f-8c77-f06affefec6a', 'usr_368');
INSERT INTO trabalho.log_acesso VALUES ('log_368_3_0', '168c1536-4c42-4b8f-8c77-f06affefec6a', 'usr_368');
INSERT INTO trabalho.log_acesso VALUES ('log_368_4_0', '168c1536-4c42-4b8f-8c77-f06affefec6a', 'usr_368');
INSERT INTO trabalho.usuario_esta_inscrito_no_podcast VALUES (0, '5bdf7377-8330-4f9f-8efd-e95301c122ce', 'usr_368');
INSERT INTO trabalho.comentarios_podcast_usuario VALUES ('comment_368_0_1', 'At beatae aperiam accusamus sit commodi animi at ea tempore.', '5bdf7377-8330-4f9f-8efd-e95301c122ce', 'usr_368');
INSERT INTO trabalho.comentarios_podcast_usuario VALUES ('comment_368_1_1', 'Reprehenderit ut accusamus dolorem sapiente excepturi illo animi nisi explicabo.', '5bdf7377-8330-4f9f-8efd-e95301c122ce', 'usr_368');
INSERT INTO trabalho.log_acesso VALUES ('log_368_0_1', '5bdf7377-8330-4f9f-8efd-e95301c122ce', 'usr_368');
INSERT INTO trabalho.usuario_esta_inscrito_no_podcast VALUES (0, '67074e68-bc2f-442b-8af2-7d328b6af6eb', 'usr_368');
INSERT INTO trabalho.comentarios_podcast_usuario VALUES ('comment_368_0_2', 'Magnam in architecto est.', '67074e68-bc2f-442b-8af2-7d328b6af6eb', 'usr_368');
INSERT INTO trabalho.comentarios_podcast_usuario VALUES ('comment_368_1_2', 'Iure repudiandae officiis cumque sed pariatur quia magnam ducimus.', '67074e68-bc2f-442b-8af2-7d328b6af6eb', 'usr_368');
INSERT INTO trabalho.log_acesso VALUES ('log_368_0_2', '67074e68-bc2f-442b-8af2-7d328b6af6eb', 'usr_368');
INSERT INTO trabalho.log_acesso VALUES ('log_368_1_2', '67074e68-bc2f-442b-8af2-7d328b6af6eb', 'usr_368');
INSERT INTO trabalho.usuario VALUES ('usr_369', '369_Cau_Reis9@gmail.com', 'Cauã Reis', 'male', 51, trabalho.hashPassword('Password123'), 'Quênia');
INSERT INTO trabalho.usuario_esta_inscrito_no_podcast VALUES (0, '168c1536-4c42-4b8f-8c77-f06affefec6a', 'usr_369');
INSERT INTO trabalho.comentarios_podcast_usuario VALUES ('comment_369_0_0', 'Eum totam vel sit unde quibusdam eveniet.', '168c1536-4c42-4b8f-8c77-f06affefec6a', 'usr_369');
INSERT INTO trabalho.comentarios_podcast_usuario VALUES ('comment_369_1_0', 'Tenetur velit quis non a repellat.', '168c1536-4c42-4b8f-8c77-f06affefec6a', 'usr_369');
INSERT INTO trabalho.log_acesso VALUES ('log_369_0_0', '168c1536-4c42-4b8f-8c77-f06affefec6a', 'usr_369');
INSERT INTO trabalho.log_acesso VALUES ('log_369_1_0', '168c1536-4c42-4b8f-8c77-f06affefec6a', 'usr_369');
INSERT INTO trabalho.usuario_esta_inscrito_no_podcast VALUES (1, 'f0166bd2-8e4d-4308-b5d7-0b3d627c5dc5', 'usr_369');
INSERT INTO trabalho.comentarios_podcast_usuario VALUES ('comment_369_0_1', 'Aut consectetur quia debitis aliquam atque.', 'f0166bd2-8e4d-4308-b5d7-0b3d627c5dc5', 'usr_369');
INSERT INTO trabalho.comentarios_podcast_usuario VALUES ('comment_369_1_1', 'Provident rerum consequuntur quibusdam consequatur tempora sunt.', 'f0166bd2-8e4d-4308-b5d7-0b3d627c5dc5', 'usr_369');
INSERT INTO trabalho.comentarios_podcast_usuario VALUES ('comment_369_2_1', 'Labore tempore error officia vitae ducimus rerum animi.', 'f0166bd2-8e4d-4308-b5d7-0b3d627c5dc5', 'usr_369');
INSERT INTO trabalho.log_acesso VALUES ('log_369_0_1', 'f0166bd2-8e4d-4308-b5d7-0b3d627c5dc5', 'usr_369');
INSERT INTO trabalho.log_acesso VALUES ('log_369_1_1', 'f0166bd2-8e4d-4308-b5d7-0b3d627c5dc5', 'usr_369');
INSERT INTO trabalho.log_acesso VALUES ('log_369_2_1', 'f0166bd2-8e4d-4308-b5d7-0b3d627c5dc5', 'usr_369');
INSERT INTO trabalho.usuario_esta_inscrito_no_podcast VALUES (2, 'de2f0ddb-9903-436a-a5e2-54224254c818', 'usr_369');
INSERT INTO trabalho.comentarios_podcast_usuario VALUES ('comment_369_0_2', 'Sed fugit rerum quis dolorem.', 'de2f0ddb-9903-436a-a5e2-54224254c818', 'usr_369');
INSERT INTO trabalho.comentarios_podcast_usuario VALUES ('comment_369_1_2', 'Quasi voluptas dolor est et animi provident et minus temporibus.', 'de2f0ddb-9903-436a-a5e2-54224254c818', 'usr_369');
INSERT INTO trabalho.comentarios_podcast_usuario VALUES ('comment_369_2_2', 'Eveniet animi delectus rerum aut dolorem quo dicta quo exercitationem.', 'de2f0ddb-9903-436a-a5e2-54224254c818', 'usr_369');
INSERT INTO trabalho.comentarios_podcast_usuario VALUES ('comment_369_3_2', 'Ut aspernatur nam corporis ea nisi.', 'de2f0ddb-9903-436a-a5e2-54224254c818', 'usr_369');
INSERT INTO trabalho.log_acesso VALUES ('log_369_0_2', 'de2f0ddb-9903-436a-a5e2-54224254c818', 'usr_369');
INSERT INTO trabalho.usuario VALUES ('usr_370', '370_Aline.Macedo@gmail.com', 'Aline Macedo', 'female', 57, trabalho.hashPassword('Password123'), 'Chade');
INSERT INTO trabalho.usuario_esta_inscrito_no_podcast VALUES (4, 'af46a958-b921-47b6-9f87-5c4fdc68ea79', 'usr_370');
INSERT INTO trabalho.comentarios_podcast_usuario VALUES ('comment_370_0_0', 'Sed doloremque voluptatem eum aut corporis illum.', 'af46a958-b921-47b6-9f87-5c4fdc68ea79', 'usr_370');
INSERT INTO trabalho.comentarios_podcast_usuario VALUES ('comment_370_1_0', 'Doloremque vel aut repellat molestias voluptates optio voluptatem.', 'af46a958-b921-47b6-9f87-5c4fdc68ea79', 'usr_370');
INSERT INTO trabalho.comentarios_podcast_usuario VALUES ('comment_370_2_0', 'Doloremque vero consequuntur ut.', 'af46a958-b921-47b6-9f87-5c4fdc68ea79', 'usr_370');
INSERT INTO trabalho.log_acesso VALUES ('log_370_0_0', 'af46a958-b921-47b6-9f87-5c4fdc68ea79', 'usr_370');
INSERT INTO trabalho.log_acesso VALUES ('log_370_1_0', 'af46a958-b921-47b6-9f87-5c4fdc68ea79', 'usr_370');
INSERT INTO trabalho.log_acesso VALUES ('log_370_2_0', 'af46a958-b921-47b6-9f87-5c4fdc68ea79', 'usr_370');
INSERT INTO trabalho.log_acesso VALUES ('log_370_3_0', 'af46a958-b921-47b6-9f87-5c4fdc68ea79', 'usr_370');
INSERT INTO trabalho.usuario_esta_inscrito_no_podcast VALUES (3, 'bc8dac25-793c-4a96-aafc-4ea7020f4f60', 'usr_370');
INSERT INTO trabalho.comentarios_podcast_usuario VALUES ('comment_370_0_1', 'Nam eum ea quia placeat dolorem delectus.', 'bc8dac25-793c-4a96-aafc-4ea7020f4f60', 'usr_370');
INSERT INTO trabalho.comentarios_podcast_usuario VALUES ('comment_370_1_1', 'Perferendis ut aliquid accusantium mollitia sequi est.', 'bc8dac25-793c-4a96-aafc-4ea7020f4f60', 'usr_370');
INSERT INTO trabalho.log_acesso VALUES ('log_370_0_1', 'bc8dac25-793c-4a96-aafc-4ea7020f4f60', 'usr_370');
INSERT INTO trabalho.log_acesso VALUES ('log_370_1_1', 'bc8dac25-793c-4a96-aafc-4ea7020f4f60', 'usr_370');
INSERT INTO trabalho.log_acesso VALUES ('log_370_2_1', 'bc8dac25-793c-4a96-aafc-4ea7020f4f60', 'usr_370');
INSERT INTO trabalho.log_acesso VALUES ('log_370_3_1', 'bc8dac25-793c-4a96-aafc-4ea7020f4f60', 'usr_370');
INSERT INTO trabalho.log_acesso VALUES ('log_370_4_1', 'bc8dac25-793c-4a96-aafc-4ea7020f4f60', 'usr_370');
INSERT INTO trabalho.log_acesso VALUES ('log_370_5_1', 'bc8dac25-793c-4a96-aafc-4ea7020f4f60', 'usr_370');
INSERT INTO trabalho.usuario_esta_inscrito_no_podcast VALUES (2, 'b553d865-8fe2-47de-9a30-10e1dea3bd1d', 'usr_370');
INSERT INTO trabalho.comentarios_podcast_usuario VALUES ('comment_370_0_2', 'Perferendis corporis expedita magni necessitatibus aut ut quas repellat.', 'b553d865-8fe2-47de-9a30-10e1dea3bd1d', 'usr_370');
INSERT INTO trabalho.comentarios_podcast_usuario VALUES ('comment_370_1_2', 'Modi quod error quidem aut dolor.', 'b553d865-8fe2-47de-9a30-10e1dea3bd1d', 'usr_370');
INSERT INTO trabalho.comentarios_podcast_usuario VALUES ('comment_370_2_2', 'Eum enim repellendus reprehenderit ut vitae vel nisi voluptates.', 'b553d865-8fe2-47de-9a30-10e1dea3bd1d', 'usr_370');
INSERT INTO trabalho.comentarios_podcast_usuario VALUES ('comment_370_3_2', 'Fugiat consequuntur cupiditate quos sint esse quaerat magni officia eveniet.', 'b553d865-8fe2-47de-9a30-10e1dea3bd1d', 'usr_370');
INSERT INTO trabalho.comentarios_podcast_usuario VALUES ('comment_370_4_2', 'Voluptas quidem repellendus nostrum exercitationem dolorem assumenda tempora.', 'b553d865-8fe2-47de-9a30-10e1dea3bd1d', 'usr_370');
INSERT INTO trabalho.comentarios_podcast_usuario VALUES ('comment_370_5_2', 'Dolor reprehenderit sint repudiandae doloribus suscipit vel quisquam.', 'b553d865-8fe2-47de-9a30-10e1dea3bd1d', 'usr_370');
INSERT INTO trabalho.comentarios_podcast_usuario VALUES ('comment_370_6_2', 'Magnam iure natus qui dolorem debitis suscipit temporibus natus.', 'b553d865-8fe2-47de-9a30-10e1dea3bd1d', 'usr_370');
INSERT INTO trabalho.log_acesso VALUES ('log_370_0_2', 'b553d865-8fe2-47de-9a30-10e1dea3bd1d', 'usr_370');
INSERT INTO trabalho.log_acesso VALUES ('log_370_1_2', 'b553d865-8fe2-47de-9a30-10e1dea3bd1d', 'usr_370');
INSERT INTO trabalho.usuario VALUES ('usr_371', '371_Lorraine_Xavier@hotmail.com', 'Lorraine Xavier', 'female', 60, trabalho.hashPassword('Password123'), 'Sri Lanka');
INSERT INTO trabalho.usuario_esta_inscrito_no_podcast VALUES (1, '67074e68-bc2f-442b-8af2-7d328b6af6eb', 'usr_371');
INSERT INTO trabalho.comentarios_podcast_usuario VALUES ('comment_371_0_0', 'Dolor tempora inventore quisquam eaque reprehenderit sit facere.', '67074e68-bc2f-442b-8af2-7d328b6af6eb', 'usr_371');
INSERT INTO trabalho.comentarios_podcast_usuario VALUES ('comment_371_1_0', 'Explicabo dicta et et fugit.', '67074e68-bc2f-442b-8af2-7d328b6af6eb', 'usr_371');
INSERT INTO trabalho.log_acesso VALUES ('log_371_0_0', '67074e68-bc2f-442b-8af2-7d328b6af6eb', 'usr_371');
INSERT INTO trabalho.log_acesso VALUES ('log_371_1_0', '67074e68-bc2f-442b-8af2-7d328b6af6eb', 'usr_371');
INSERT INTO trabalho.log_acesso VALUES ('log_371_2_0', '67074e68-bc2f-442b-8af2-7d328b6af6eb', 'usr_371');
INSERT INTO trabalho.log_acesso VALUES ('log_371_3_0', '67074e68-bc2f-442b-8af2-7d328b6af6eb', 'usr_371');
INSERT INTO trabalho.log_acesso VALUES ('log_371_4_0', '67074e68-bc2f-442b-8af2-7d328b6af6eb', 'usr_371');
INSERT INTO trabalho.usuario_esta_inscrito_no_podcast VALUES (1, '5bdf7377-8330-4f9f-8efd-e95301c122ce', 'usr_371');
INSERT INTO trabalho.comentarios_podcast_usuario VALUES ('comment_371_0_1', 'Autem atque aliquid provident omnis.', '5bdf7377-8330-4f9f-8efd-e95301c122ce', 'usr_371');
INSERT INTO trabalho.comentarios_podcast_usuario VALUES ('comment_371_1_1', 'Sunt amet omnis dolore quos facilis rerum dolorum.', '5bdf7377-8330-4f9f-8efd-e95301c122ce', 'usr_371');
INSERT INTO trabalho.comentarios_podcast_usuario VALUES ('comment_371_2_1', 'Voluptatem perspiciatis consequuntur sunt.', '5bdf7377-8330-4f9f-8efd-e95301c122ce', 'usr_371');
INSERT INTO trabalho.comentarios_podcast_usuario VALUES ('comment_371_3_1', 'Atque repudiandae illum aliquam veniam eligendi aliquam.', '5bdf7377-8330-4f9f-8efd-e95301c122ce', 'usr_371');
INSERT INTO trabalho.log_acesso VALUES ('log_371_0_1', '5bdf7377-8330-4f9f-8efd-e95301c122ce', 'usr_371');
INSERT INTO trabalho.usuario_esta_inscrito_no_podcast VALUES (3, 'bc8dac25-793c-4a96-aafc-4ea7020f4f60', 'usr_371');
INSERT INTO trabalho.comentarios_podcast_usuario VALUES ('comment_371_0_2', 'Porro aperiam exercitationem reprehenderit.', 'bc8dac25-793c-4a96-aafc-4ea7020f4f60', 'usr_371');
INSERT INTO trabalho.log_acesso VALUES ('log_371_0_2', 'bc8dac25-793c-4a96-aafc-4ea7020f4f60', 'usr_371');
INSERT INTO trabalho.log_acesso VALUES ('log_371_1_2', 'bc8dac25-793c-4a96-aafc-4ea7020f4f60', 'usr_371');
INSERT INTO trabalho.log_acesso VALUES ('log_371_2_2', 'bc8dac25-793c-4a96-aafc-4ea7020f4f60', 'usr_371');
INSERT INTO trabalho.log_acesso VALUES ('log_371_3_2', 'bc8dac25-793c-4a96-aafc-4ea7020f4f60', 'usr_371');
INSERT INTO trabalho.log_acesso VALUES ('log_371_4_2', 'bc8dac25-793c-4a96-aafc-4ea7020f4f60', 'usr_371');
INSERT INTO trabalho.usuario VALUES ('usr_372', '372_Lorenzo.Moraes85@yahoo.com', 'Lorenzo Moraes', 'male', 8, trabalho.hashPassword('Password123'), 'Suazilândia');
INSERT INTO trabalho.usuario_esta_inscrito_no_podcast VALUES (3, 'de2f0ddb-9903-436a-a5e2-54224254c818', 'usr_372');
INSERT INTO trabalho.comentarios_podcast_usuario VALUES ('comment_372_0_0', 'Consequatur officia soluta.', 'de2f0ddb-9903-436a-a5e2-54224254c818', 'usr_372');
INSERT INTO trabalho.comentarios_podcast_usuario VALUES ('comment_372_1_0', 'Temporibus ea quia veritatis sint voluptatem maiores expedita temporibus.', 'de2f0ddb-9903-436a-a5e2-54224254c818', 'usr_372');
INSERT INTO trabalho.comentarios_podcast_usuario VALUES ('comment_372_2_0', 'Nostrum rerum commodi sapiente eaque nobis corrupti.', 'de2f0ddb-9903-436a-a5e2-54224254c818', 'usr_372');
INSERT INTO trabalho.comentarios_podcast_usuario VALUES ('comment_372_3_0', 'Tempora et blanditiis sed veritatis incidunt et enim.', 'de2f0ddb-9903-436a-a5e2-54224254c818', 'usr_372');
INSERT INTO trabalho.comentarios_podcast_usuario VALUES ('comment_372_4_0', 'Optio quisquam dolorem laudantium.', 'de2f0ddb-9903-436a-a5e2-54224254c818', 'usr_372');
INSERT INTO trabalho.log_acesso VALUES ('log_372_0_0', 'de2f0ddb-9903-436a-a5e2-54224254c818', 'usr_372');
INSERT INTO trabalho.log_acesso VALUES ('log_372_1_0', 'de2f0ddb-9903-436a-a5e2-54224254c818', 'usr_372');
INSERT INTO trabalho.log_acesso VALUES ('log_372_2_0', 'de2f0ddb-9903-436a-a5e2-54224254c818', 'usr_372');
INSERT INTO trabalho.log_acesso VALUES ('log_372_3_0', 'de2f0ddb-9903-436a-a5e2-54224254c818', 'usr_372');
INSERT INTO trabalho.log_acesso VALUES ('log_372_4_0', 'de2f0ddb-9903-436a-a5e2-54224254c818', 'usr_372');
INSERT INTO trabalho.usuario_esta_inscrito_no_podcast VALUES (0, 'b553d865-8fe2-47de-9a30-10e1dea3bd1d', 'usr_372');
INSERT INTO trabalho.comentarios_podcast_usuario VALUES ('comment_372_0_1', 'Ducimus et qui debitis sapiente quo velit sed.', 'b553d865-8fe2-47de-9a30-10e1dea3bd1d', 'usr_372');
INSERT INTO trabalho.comentarios_podcast_usuario VALUES ('comment_372_1_1', 'Vel eum non ipsam eos.', 'b553d865-8fe2-47de-9a30-10e1dea3bd1d', 'usr_372');
INSERT INTO trabalho.comentarios_podcast_usuario VALUES ('comment_372_2_1', 'Similique non corporis odit voluptatem qui quod corrupti.', 'b553d865-8fe2-47de-9a30-10e1dea3bd1d', 'usr_372');
INSERT INTO trabalho.log_acesso VALUES ('log_372_0_1', 'b553d865-8fe2-47de-9a30-10e1dea3bd1d', 'usr_372');
INSERT INTO trabalho.log_acesso VALUES ('log_372_1_1', 'b553d865-8fe2-47de-9a30-10e1dea3bd1d', 'usr_372');
INSERT INTO trabalho.log_acesso VALUES ('log_372_2_1', 'b553d865-8fe2-47de-9a30-10e1dea3bd1d', 'usr_372');
INSERT INTO trabalho.log_acesso VALUES ('log_372_3_1', 'b553d865-8fe2-47de-9a30-10e1dea3bd1d', 'usr_372');
INSERT INTO trabalho.usuario_esta_inscrito_no_podcast VALUES (4, '219328a1-cec6-4e8c-b003-52a3ec9766bb', 'usr_372');
INSERT INTO trabalho.comentarios_podcast_usuario VALUES ('comment_372_0_2', 'Quis earum vel deleniti quisquam corrupti at et ex.', '219328a1-cec6-4e8c-b003-52a3ec9766bb', 'usr_372');
INSERT INTO trabalho.comentarios_podcast_usuario VALUES ('comment_372_1_2', 'Alias ut tempora ut sit ducimus exercitationem nihil minus consectetur.', '219328a1-cec6-4e8c-b003-52a3ec9766bb', 'usr_372');
INSERT INTO trabalho.comentarios_podcast_usuario VALUES ('comment_372_2_2', 'Temporibus quo autem eveniet cumque et.', '219328a1-cec6-4e8c-b003-52a3ec9766bb', 'usr_372');
INSERT INTO trabalho.comentarios_podcast_usuario VALUES ('comment_372_3_2', 'Quo libero maiores et.', '219328a1-cec6-4e8c-b003-52a3ec9766bb', 'usr_372');
INSERT INTO trabalho.log_acesso VALUES ('log_372_0_2', '219328a1-cec6-4e8c-b003-52a3ec9766bb', 'usr_372');
INSERT INTO trabalho.log_acesso VALUES ('log_372_1_2', '219328a1-cec6-4e8c-b003-52a3ec9766bb', 'usr_372');
INSERT INTO trabalho.log_acesso VALUES ('log_372_2_2', '219328a1-cec6-4e8c-b003-52a3ec9766bb', 'usr_372');
INSERT INTO trabalho.log_acesso VALUES ('log_372_3_2', '219328a1-cec6-4e8c-b003-52a3ec9766bb', 'usr_372');
INSERT INTO trabalho.usuario VALUES ('usr_373', '373_JooPedro.Moraes46@hotmail.com', 'João Pedro Moraes', 'male', 22, trabalho.hashPassword('Password123'), 'Indonésia');
INSERT INTO trabalho.usuario_esta_inscrito_no_podcast VALUES (4, '67074e68-bc2f-442b-8af2-7d328b6af6eb', 'usr_373');
INSERT INTO trabalho.comentarios_podcast_usuario VALUES ('comment_373_0_0', 'Aperiam veniam est aliquid delectus tenetur labore.', '67074e68-bc2f-442b-8af2-7d328b6af6eb', 'usr_373');
INSERT INTO trabalho.comentarios_podcast_usuario VALUES ('comment_373_1_0', 'Maiores ducimus esse iusto sint dignissimos fuga.', '67074e68-bc2f-442b-8af2-7d328b6af6eb', 'usr_373');
INSERT INTO trabalho.comentarios_podcast_usuario VALUES ('comment_373_2_0', 'Ex debitis rerum eum numquam autem dolores.', '67074e68-bc2f-442b-8af2-7d328b6af6eb', 'usr_373');
INSERT INTO trabalho.log_acesso VALUES ('log_373_0_0', '67074e68-bc2f-442b-8af2-7d328b6af6eb', 'usr_373');
INSERT INTO trabalho.log_acesso VALUES ('log_373_1_0', '67074e68-bc2f-442b-8af2-7d328b6af6eb', 'usr_373');
INSERT INTO trabalho.log_acesso VALUES ('log_373_2_0', '67074e68-bc2f-442b-8af2-7d328b6af6eb', 'usr_373');
INSERT INTO trabalho.log_acesso VALUES ('log_373_3_0', '67074e68-bc2f-442b-8af2-7d328b6af6eb', 'usr_373');
INSERT INTO trabalho.usuario_esta_inscrito_no_podcast VALUES (3, 'fa3abe16-3645-4d22-a01d-893e6f20c408', 'usr_373');
INSERT INTO trabalho.comentarios_podcast_usuario VALUES ('comment_373_0_1', 'Atque suscipit et natus earum quas possimus.', 'fa3abe16-3645-4d22-a01d-893e6f20c408', 'usr_373');
INSERT INTO trabalho.comentarios_podcast_usuario VALUES ('comment_373_1_1', 'Quidem reiciendis in accusamus quos nihil.', 'fa3abe16-3645-4d22-a01d-893e6f20c408', 'usr_373');
INSERT INTO trabalho.comentarios_podcast_usuario VALUES ('comment_373_2_1', 'Pariatur quia praesentium tenetur molestiae quaerat ipsa voluptas.', 'fa3abe16-3645-4d22-a01d-893e6f20c408', 'usr_373');
INSERT INTO trabalho.comentarios_podcast_usuario VALUES ('comment_373_3_1', 'Delectus inventore qui.', 'fa3abe16-3645-4d22-a01d-893e6f20c408', 'usr_373');
INSERT INTO trabalho.log_acesso VALUES ('log_373_0_1', 'fa3abe16-3645-4d22-a01d-893e6f20c408', 'usr_373');
INSERT INTO trabalho.log_acesso VALUES ('log_373_1_1', 'fa3abe16-3645-4d22-a01d-893e6f20c408', 'usr_373');
INSERT INTO trabalho.log_acesso VALUES ('log_373_2_1', 'fa3abe16-3645-4d22-a01d-893e6f20c408', 'usr_373');
INSERT INTO trabalho.log_acesso VALUES ('log_373_3_1', 'fa3abe16-3645-4d22-a01d-893e6f20c408', 'usr_373');
INSERT INTO trabalho.log_acesso VALUES ('log_373_4_1', 'fa3abe16-3645-4d22-a01d-893e6f20c408', 'usr_373');
INSERT INTO trabalho.usuario_esta_inscrito_no_podcast VALUES (2, 'b553d865-8fe2-47de-9a30-10e1dea3bd1d', 'usr_373');
INSERT INTO trabalho.comentarios_podcast_usuario VALUES ('comment_373_0_2', 'Iste corrupti qui non quia corporis molestiae totam.', 'b553d865-8fe2-47de-9a30-10e1dea3bd1d', 'usr_373');
INSERT INTO trabalho.comentarios_podcast_usuario VALUES ('comment_373_1_2', 'Nihil quaerat dolore odit illo.', 'b553d865-8fe2-47de-9a30-10e1dea3bd1d', 'usr_373');
INSERT INTO trabalho.comentarios_podcast_usuario VALUES ('comment_373_2_2', 'Cum qui voluptatum.', 'b553d865-8fe2-47de-9a30-10e1dea3bd1d', 'usr_373');
INSERT INTO trabalho.log_acesso VALUES ('log_373_0_2', 'b553d865-8fe2-47de-9a30-10e1dea3bd1d', 'usr_373');
INSERT INTO trabalho.log_acesso VALUES ('log_373_1_2', 'b553d865-8fe2-47de-9a30-10e1dea3bd1d', 'usr_373');
INSERT INTO trabalho.log_acesso VALUES ('log_373_2_2', 'b553d865-8fe2-47de-9a30-10e1dea3bd1d', 'usr_373');
INSERT INTO trabalho.log_acesso VALUES ('log_373_3_2', 'b553d865-8fe2-47de-9a30-10e1dea3bd1d', 'usr_373');
INSERT INTO trabalho.log_acesso VALUES ('log_373_4_2', 'b553d865-8fe2-47de-9a30-10e1dea3bd1d', 'usr_373');
INSERT INTO trabalho.usuario VALUES ('usr_374', '374_Melissa_Albuquerque0@live.com', 'Melissa Albuquerque', 'female', 23, trabalho.hashPassword('Password123'), 'Marianas Setentrionais');
INSERT INTO trabalho.usuario_esta_inscrito_no_podcast VALUES (3, 'af46a958-b921-47b6-9f87-5c4fdc68ea79', 'usr_374');
INSERT INTO trabalho.comentarios_podcast_usuario VALUES ('comment_374_0_0', 'Officiis tenetur molestiae unde voluptatem.', 'af46a958-b921-47b6-9f87-5c4fdc68ea79', 'usr_374');
INSERT INTO trabalho.log_acesso VALUES ('log_374_0_0', 'af46a958-b921-47b6-9f87-5c4fdc68ea79', 'usr_374');
INSERT INTO trabalho.log_acesso VALUES ('log_374_1_0', 'af46a958-b921-47b6-9f87-5c4fdc68ea79', 'usr_374');
INSERT INTO trabalho.usuario_esta_inscrito_no_podcast VALUES (2, 'f8e13774-d631-4f34-93f0-2f5d55590265', 'usr_374');
INSERT INTO trabalho.comentarios_podcast_usuario VALUES ('comment_374_0_1', 'Iusto neque dolorem culpa quia quas veniam suscipit.', 'f8e13774-d631-4f34-93f0-2f5d55590265', 'usr_374');
INSERT INTO trabalho.comentarios_podcast_usuario VALUES ('comment_374_1_1', 'Alias eius laudantium dolorem voluptatem ducimus vel.', 'f8e13774-d631-4f34-93f0-2f5d55590265', 'usr_374');
INSERT INTO trabalho.comentarios_podcast_usuario VALUES ('comment_374_2_1', 'Aperiam quibusdam in perspiciatis temporibus ab.', 'f8e13774-d631-4f34-93f0-2f5d55590265', 'usr_374');
INSERT INTO trabalho.log_acesso VALUES ('log_374_0_1', 'f8e13774-d631-4f34-93f0-2f5d55590265', 'usr_374');
INSERT INTO trabalho.log_acesso VALUES ('log_374_1_1', 'f8e13774-d631-4f34-93f0-2f5d55590265', 'usr_374');
INSERT INTO trabalho.usuario_esta_inscrito_no_podcast VALUES (0, 'b553d865-8fe2-47de-9a30-10e1dea3bd1d', 'usr_374');
INSERT INTO trabalho.comentarios_podcast_usuario VALUES ('comment_374_0_2', 'Ut at cumque voluptas voluptate possimus inventore sed.', 'b553d865-8fe2-47de-9a30-10e1dea3bd1d', 'usr_374');
INSERT INTO trabalho.comentarios_podcast_usuario VALUES ('comment_374_1_2', 'Aperiam ut repellendus sed veniam amet.', 'b553d865-8fe2-47de-9a30-10e1dea3bd1d', 'usr_374');
INSERT INTO trabalho.log_acesso VALUES ('log_374_0_2', 'b553d865-8fe2-47de-9a30-10e1dea3bd1d', 'usr_374');
INSERT INTO trabalho.log_acesso VALUES ('log_374_1_2', 'b553d865-8fe2-47de-9a30-10e1dea3bd1d', 'usr_374');
INSERT INTO trabalho.log_acesso VALUES ('log_374_2_2', 'b553d865-8fe2-47de-9a30-10e1dea3bd1d', 'usr_374');
INSERT INTO trabalho.log_acesso VALUES ('log_374_3_2', 'b553d865-8fe2-47de-9a30-10e1dea3bd1d', 'usr_374');
INSERT INTO trabalho.log_acesso VALUES ('log_374_4_2', 'b553d865-8fe2-47de-9a30-10e1dea3bd1d', 'usr_374');
INSERT INTO trabalho.log_acesso VALUES ('log_374_5_2', 'b553d865-8fe2-47de-9a30-10e1dea3bd1d', 'usr_374');
INSERT INTO trabalho.usuario VALUES ('usr_375', '375_Yango5@bol.com.br', 'Yango Moreira', 'male', 52, trabalho.hashPassword('Password123'), 'Belize');
INSERT INTO trabalho.usuario_esta_inscrito_no_podcast VALUES (2, '219328a1-cec6-4e8c-b003-52a3ec9766bb', 'usr_375');
INSERT INTO trabalho.comentarios_podcast_usuario VALUES ('comment_375_0_0', 'Quis eos est nihil deserunt sed delectus in totam.', '219328a1-cec6-4e8c-b003-52a3ec9766bb', 'usr_375');
INSERT INTO trabalho.comentarios_podcast_usuario VALUES ('comment_375_1_0', 'Nulla vitae ut.', '219328a1-cec6-4e8c-b003-52a3ec9766bb', 'usr_375');
INSERT INTO trabalho.comentarios_podcast_usuario VALUES ('comment_375_2_0', 'Blanditiis non ipsa qui quidem.', '219328a1-cec6-4e8c-b003-52a3ec9766bb', 'usr_375');
INSERT INTO trabalho.comentarios_podcast_usuario VALUES ('comment_375_3_0', 'Mollitia totam minus illum beatae non sed fugiat.', '219328a1-cec6-4e8c-b003-52a3ec9766bb', 'usr_375');
INSERT INTO trabalho.log_acesso VALUES ('log_375_0_0', '219328a1-cec6-4e8c-b003-52a3ec9766bb', 'usr_375');
INSERT INTO trabalho.log_acesso VALUES ('log_375_1_0', '219328a1-cec6-4e8c-b003-52a3ec9766bb', 'usr_375');
INSERT INTO trabalho.log_acesso VALUES ('log_375_2_0', '219328a1-cec6-4e8c-b003-52a3ec9766bb', 'usr_375');
INSERT INTO trabalho.usuario_esta_inscrito_no_podcast VALUES (4, 'b553d865-8fe2-47de-9a30-10e1dea3bd1d', 'usr_375');
INSERT INTO trabalho.comentarios_podcast_usuario VALUES ('comment_375_0_1', 'Possimus assumenda aut voluptates nihil.', 'b553d865-8fe2-47de-9a30-10e1dea3bd1d', 'usr_375');
INSERT INTO trabalho.comentarios_podcast_usuario VALUES ('comment_375_1_1', 'Quas quod sit rerum mollitia odit.', 'b553d865-8fe2-47de-9a30-10e1dea3bd1d', 'usr_375');
INSERT INTO trabalho.comentarios_podcast_usuario VALUES ('comment_375_2_1', 'Eos vitae sunt placeat a qui perferendis.', 'b553d865-8fe2-47de-9a30-10e1dea3bd1d', 'usr_375');
INSERT INTO trabalho.comentarios_podcast_usuario VALUES ('comment_375_3_1', 'Sunt accusamus nulla magni.', 'b553d865-8fe2-47de-9a30-10e1dea3bd1d', 'usr_375');
INSERT INTO trabalho.comentarios_podcast_usuario VALUES ('comment_375_4_1', 'Ipsum qui minima vitae dignissimos itaque et.', 'b553d865-8fe2-47de-9a30-10e1dea3bd1d', 'usr_375');
INSERT INTO trabalho.comentarios_podcast_usuario VALUES ('comment_375_5_1', 'Omnis eum reiciendis dolor.', 'b553d865-8fe2-47de-9a30-10e1dea3bd1d', 'usr_375');
INSERT INTO trabalho.log_acesso VALUES ('log_375_0_1', 'b553d865-8fe2-47de-9a30-10e1dea3bd1d', 'usr_375');
INSERT INTO trabalho.log_acesso VALUES ('log_375_1_1', 'b553d865-8fe2-47de-9a30-10e1dea3bd1d', 'usr_375');
INSERT INTO trabalho.log_acesso VALUES ('log_375_2_1', 'b553d865-8fe2-47de-9a30-10e1dea3bd1d', 'usr_375');
INSERT INTO trabalho.log_acesso VALUES ('log_375_3_1', 'b553d865-8fe2-47de-9a30-10e1dea3bd1d', 'usr_375');
INSERT INTO trabalho.log_acesso VALUES ('log_375_4_1', 'b553d865-8fe2-47de-9a30-10e1dea3bd1d', 'usr_375');
INSERT INTO trabalho.log_acesso VALUES ('log_375_5_1', 'b553d865-8fe2-47de-9a30-10e1dea3bd1d', 'usr_375');
INSERT INTO trabalho.usuario_esta_inscrito_no_podcast VALUES (3, 'fa3abe16-3645-4d22-a01d-893e6f20c408', 'usr_375');
INSERT INTO trabalho.comentarios_podcast_usuario VALUES ('comment_375_0_2', 'Omnis omnis nihil inventore non.', 'fa3abe16-3645-4d22-a01d-893e6f20c408', 'usr_375');
INSERT INTO trabalho.log_acesso VALUES ('log_375_0_2', 'fa3abe16-3645-4d22-a01d-893e6f20c408', 'usr_375');
INSERT INTO trabalho.log_acesso VALUES ('log_375_1_2', 'fa3abe16-3645-4d22-a01d-893e6f20c408', 'usr_375');
INSERT INTO trabalho.log_acesso VALUES ('log_375_2_2', 'fa3abe16-3645-4d22-a01d-893e6f20c408', 'usr_375');
INSERT INTO trabalho.log_acesso VALUES ('log_375_3_2', 'fa3abe16-3645-4d22-a01d-893e6f20c408', 'usr_375');
INSERT INTO trabalho.log_acesso VALUES ('log_375_4_2', 'fa3abe16-3645-4d22-a01d-893e6f20c408', 'usr_375');
INSERT INTO trabalho.usuario VALUES ('usr_376', '376_Daniel_Barros61@live.com', 'Daniel Barros', 'male', 17, trabalho.hashPassword('Password123'), 'Nauru');
INSERT INTO trabalho.usuario_esta_inscrito_no_podcast VALUES (0, '5bdf7377-8330-4f9f-8efd-e95301c122ce', 'usr_376');
INSERT INTO trabalho.comentarios_podcast_usuario VALUES ('comment_376_0_0', 'Hic eligendi rerum est non dolor aut perspiciatis quo velit.', '5bdf7377-8330-4f9f-8efd-e95301c122ce', 'usr_376');
INSERT INTO trabalho.comentarios_podcast_usuario VALUES ('comment_376_1_0', 'Qui aut numquam velit non cupiditate officia molestiae.', '5bdf7377-8330-4f9f-8efd-e95301c122ce', 'usr_376');
INSERT INTO trabalho.log_acesso VALUES ('log_376_0_0', '5bdf7377-8330-4f9f-8efd-e95301c122ce', 'usr_376');
INSERT INTO trabalho.log_acesso VALUES ('log_376_1_0', '5bdf7377-8330-4f9f-8efd-e95301c122ce', 'usr_376');
INSERT INTO trabalho.usuario_esta_inscrito_no_podcast VALUES (5, 'f0166bd2-8e4d-4308-b5d7-0b3d627c5dc5', 'usr_376');
INSERT INTO trabalho.comentarios_podcast_usuario VALUES ('comment_376_0_1', 'Odit sunt necessitatibus voluptas similique et.', 'f0166bd2-8e4d-4308-b5d7-0b3d627c5dc5', 'usr_376');
INSERT INTO trabalho.comentarios_podcast_usuario VALUES ('comment_376_1_1', 'Exercitationem velit laborum magnam at cupiditate sit et qui.', 'f0166bd2-8e4d-4308-b5d7-0b3d627c5dc5', 'usr_376');
INSERT INTO trabalho.log_acesso VALUES ('log_376_0_1', 'f0166bd2-8e4d-4308-b5d7-0b3d627c5dc5', 'usr_376');
INSERT INTO trabalho.log_acesso VALUES ('log_376_1_1', 'f0166bd2-8e4d-4308-b5d7-0b3d627c5dc5', 'usr_376');
INSERT INTO trabalho.log_acesso VALUES ('log_376_2_1', 'f0166bd2-8e4d-4308-b5d7-0b3d627c5dc5', 'usr_376');
INSERT INTO trabalho.usuario_esta_inscrito_no_podcast VALUES (4, 'fa3abe16-3645-4d22-a01d-893e6f20c408', 'usr_376');
INSERT INTO trabalho.comentarios_podcast_usuario VALUES ('comment_376_0_2', 'Aut non aliquam harum voluptas.', 'fa3abe16-3645-4d22-a01d-893e6f20c408', 'usr_376');
INSERT INTO trabalho.log_acesso VALUES ('log_376_0_2', 'fa3abe16-3645-4d22-a01d-893e6f20c408', 'usr_376');
INSERT INTO trabalho.usuario VALUES ('usr_377', '377_Aline59@yahoo.com', 'Aline Franco', 'female', 6, trabalho.hashPassword('Password123'), 'Áustria');
INSERT INTO trabalho.usuario_esta_inscrito_no_podcast VALUES (5, 'af46a958-b921-47b6-9f87-5c4fdc68ea79', 'usr_377');
INSERT INTO trabalho.comentarios_podcast_usuario VALUES ('comment_377_0_0', 'Quidem qui possimus occaecati dicta numquam consequatur.', 'af46a958-b921-47b6-9f87-5c4fdc68ea79', 'usr_377');
INSERT INTO trabalho.comentarios_podcast_usuario VALUES ('comment_377_1_0', 'Nulla ad sunt ipsum.', 'af46a958-b921-47b6-9f87-5c4fdc68ea79', 'usr_377');
INSERT INTO trabalho.comentarios_podcast_usuario VALUES ('comment_377_2_0', 'Commodi voluptas doloribus labore reprehenderit illo eaque architecto.', 'af46a958-b921-47b6-9f87-5c4fdc68ea79', 'usr_377');
INSERT INTO trabalho.comentarios_podcast_usuario VALUES ('comment_377_3_0', 'Enim commodi rem.', 'af46a958-b921-47b6-9f87-5c4fdc68ea79', 'usr_377');
INSERT INTO trabalho.comentarios_podcast_usuario VALUES ('comment_377_4_0', 'Animi ex consequatur est sint alias est ea facere repellendus.', 'af46a958-b921-47b6-9f87-5c4fdc68ea79', 'usr_377');
INSERT INTO trabalho.comentarios_podcast_usuario VALUES ('comment_377_5_0', 'Soluta quaerat deleniti.', 'af46a958-b921-47b6-9f87-5c4fdc68ea79', 'usr_377');
INSERT INTO trabalho.log_acesso VALUES ('log_377_0_0', 'af46a958-b921-47b6-9f87-5c4fdc68ea79', 'usr_377');
INSERT INTO trabalho.log_acesso VALUES ('log_377_1_0', 'af46a958-b921-47b6-9f87-5c4fdc68ea79', 'usr_377');
INSERT INTO trabalho.log_acesso VALUES ('log_377_2_0', 'af46a958-b921-47b6-9f87-5c4fdc68ea79', 'usr_377');
INSERT INTO trabalho.log_acesso VALUES ('log_377_3_0', 'af46a958-b921-47b6-9f87-5c4fdc68ea79', 'usr_377');
INSERT INTO trabalho.log_acesso VALUES ('log_377_4_0', 'af46a958-b921-47b6-9f87-5c4fdc68ea79', 'usr_377');
INSERT INTO trabalho.usuario_esta_inscrito_no_podcast VALUES (3, '7e429e8e-7669-403d-bb78-3cd7f9f75afd', 'usr_377');
INSERT INTO trabalho.comentarios_podcast_usuario VALUES ('comment_377_0_1', 'Nisi nihil quia molestias veniam ratione tempora rerum.', '7e429e8e-7669-403d-bb78-3cd7f9f75afd', 'usr_377');
INSERT INTO trabalho.log_acesso VALUES ('log_377_0_1', '7e429e8e-7669-403d-bb78-3cd7f9f75afd', 'usr_377');
INSERT INTO trabalho.log_acesso VALUES ('log_377_1_1', '7e429e8e-7669-403d-bb78-3cd7f9f75afd', 'usr_377');
INSERT INTO trabalho.log_acesso VALUES ('log_377_2_1', '7e429e8e-7669-403d-bb78-3cd7f9f75afd', 'usr_377');
INSERT INTO trabalho.log_acesso VALUES ('log_377_3_1', '7e429e8e-7669-403d-bb78-3cd7f9f75afd', 'usr_377');
INSERT INTO trabalho.usuario_esta_inscrito_no_podcast VALUES (2, '168c1536-4c42-4b8f-8c77-f06affefec6a', 'usr_377');
INSERT INTO trabalho.comentarios_podcast_usuario VALUES ('comment_377_0_2', 'Expedita id porro sint.', '168c1536-4c42-4b8f-8c77-f06affefec6a', 'usr_377');
INSERT INTO trabalho.comentarios_podcast_usuario VALUES ('comment_377_1_2', 'Tenetur quaerat nisi sit voluptatem odio.', '168c1536-4c42-4b8f-8c77-f06affefec6a', 'usr_377');
INSERT INTO trabalho.comentarios_podcast_usuario VALUES ('comment_377_2_2', 'Vitae excepturi est natus.', '168c1536-4c42-4b8f-8c77-f06affefec6a', 'usr_377');
INSERT INTO trabalho.comentarios_podcast_usuario VALUES ('comment_377_3_2', 'Ut cumque aut commodi rerum.', '168c1536-4c42-4b8f-8c77-f06affefec6a', 'usr_377');
INSERT INTO trabalho.comentarios_podcast_usuario VALUES ('comment_377_4_2', 'Laborum voluptas sint est reiciendis omnis molestias dolore expedita.', '168c1536-4c42-4b8f-8c77-f06affefec6a', 'usr_377');
INSERT INTO trabalho.log_acesso VALUES ('log_377_0_2', '168c1536-4c42-4b8f-8c77-f06affefec6a', 'usr_377');
INSERT INTO trabalho.log_acesso VALUES ('log_377_1_2', '168c1536-4c42-4b8f-8c77-f06affefec6a', 'usr_377');
INSERT INTO trabalho.log_acesso VALUES ('log_377_2_2', '168c1536-4c42-4b8f-8c77-f06affefec6a', 'usr_377');
INSERT INTO trabalho.log_acesso VALUES ('log_377_3_2', '168c1536-4c42-4b8f-8c77-f06affefec6a', 'usr_377');
INSERT INTO trabalho.usuario VALUES ('usr_378', '378_Rafael_Braga14@hotmail.com', 'Rafael Braga', 'male', 0, trabalho.hashPassword('Password123'), 'Tajiquistão');
INSERT INTO trabalho.usuario_esta_inscrito_no_podcast VALUES (1, '219328a1-cec6-4e8c-b003-52a3ec9766bb', 'usr_378');
INSERT INTO trabalho.comentarios_podcast_usuario VALUES ('comment_378_0_0', 'Velit ipsum impedit ipsa libero eum sit tempora voluptas.', '219328a1-cec6-4e8c-b003-52a3ec9766bb', 'usr_378');
INSERT INTO trabalho.comentarios_podcast_usuario VALUES ('comment_378_1_0', 'Vero reiciendis consequuntur dignissimos qui est a et.', '219328a1-cec6-4e8c-b003-52a3ec9766bb', 'usr_378');
INSERT INTO trabalho.log_acesso VALUES ('log_378_0_0', '219328a1-cec6-4e8c-b003-52a3ec9766bb', 'usr_378');
INSERT INTO trabalho.log_acesso VALUES ('log_378_1_0', '219328a1-cec6-4e8c-b003-52a3ec9766bb', 'usr_378');
INSERT INTO trabalho.usuario_esta_inscrito_no_podcast VALUES (0, '7e429e8e-7669-403d-bb78-3cd7f9f75afd', 'usr_378');
INSERT INTO trabalho.comentarios_podcast_usuario VALUES ('comment_378_0_1', 'Culpa est labore quibusdam dolor ut dignissimos ad.', '7e429e8e-7669-403d-bb78-3cd7f9f75afd', 'usr_378');
INSERT INTO trabalho.comentarios_podcast_usuario VALUES ('comment_378_1_1', 'Nihil ab repudiandae autem.', '7e429e8e-7669-403d-bb78-3cd7f9f75afd', 'usr_378');
INSERT INTO trabalho.comentarios_podcast_usuario VALUES ('comment_378_2_1', 'Quod qui sit architecto ratione.', '7e429e8e-7669-403d-bb78-3cd7f9f75afd', 'usr_378');
INSERT INTO trabalho.log_acesso VALUES ('log_378_0_1', '7e429e8e-7669-403d-bb78-3cd7f9f75afd', 'usr_378');
INSERT INTO trabalho.log_acesso VALUES ('log_378_1_1', '7e429e8e-7669-403d-bb78-3cd7f9f75afd', 'usr_378');
INSERT INTO trabalho.log_acesso VALUES ('log_378_2_1', '7e429e8e-7669-403d-bb78-3cd7f9f75afd', 'usr_378');
INSERT INTO trabalho.log_acesso VALUES ('log_378_3_1', '7e429e8e-7669-403d-bb78-3cd7f9f75afd', 'usr_378');
INSERT INTO trabalho.log_acesso VALUES ('log_378_4_1', '7e429e8e-7669-403d-bb78-3cd7f9f75afd', 'usr_378');
INSERT INTO trabalho.log_acesso VALUES ('log_378_5_1', '7e429e8e-7669-403d-bb78-3cd7f9f75afd', 'usr_378');
INSERT INTO trabalho.usuario_esta_inscrito_no_podcast VALUES (0, 'b553d865-8fe2-47de-9a30-10e1dea3bd1d', 'usr_378');
INSERT INTO trabalho.comentarios_podcast_usuario VALUES ('comment_378_0_2', 'Sed ut cum distinctio sed dolorum eos.', 'b553d865-8fe2-47de-9a30-10e1dea3bd1d', 'usr_378');
INSERT INTO trabalho.comentarios_podcast_usuario VALUES ('comment_378_1_2', 'Nihil iure consequatur.', 'b553d865-8fe2-47de-9a30-10e1dea3bd1d', 'usr_378');
INSERT INTO trabalho.comentarios_podcast_usuario VALUES ('comment_378_2_2', 'Deleniti est soluta quia exercitationem.', 'b553d865-8fe2-47de-9a30-10e1dea3bd1d', 'usr_378');
INSERT INTO trabalho.log_acesso VALUES ('log_378_0_2', 'b553d865-8fe2-47de-9a30-10e1dea3bd1d', 'usr_378');
INSERT INTO trabalho.log_acesso VALUES ('log_378_1_2', 'b553d865-8fe2-47de-9a30-10e1dea3bd1d', 'usr_378');
INSERT INTO trabalho.usuario VALUES ('usr_379', '379_Paulo_Carvalho53@bol.com.br', 'Paulo Carvalho', 'male', 32, trabalho.hashPassword('Password123'), 'Austrália');
INSERT INTO trabalho.usuario_esta_inscrito_no_podcast VALUES (2, 'de2f0ddb-9903-436a-a5e2-54224254c818', 'usr_379');
INSERT INTO trabalho.comentarios_podcast_usuario VALUES ('comment_379_0_0', 'Qui est aperiam aut sint nulla ipsum.', 'de2f0ddb-9903-436a-a5e2-54224254c818', 'usr_379');
INSERT INTO trabalho.log_acesso VALUES ('log_379_0_0', 'de2f0ddb-9903-436a-a5e2-54224254c818', 'usr_379');
INSERT INTO trabalho.usuario_esta_inscrito_no_podcast VALUES (5, '7e429e8e-7669-403d-bb78-3cd7f9f75afd', 'usr_379');
INSERT INTO trabalho.comentarios_podcast_usuario VALUES ('comment_379_0_1', 'Itaque voluptates dolores ut aliquam perferendis quis.', '7e429e8e-7669-403d-bb78-3cd7f9f75afd', 'usr_379');
INSERT INTO trabalho.comentarios_podcast_usuario VALUES ('comment_379_1_1', 'Quod enim maiores rerum culpa.', '7e429e8e-7669-403d-bb78-3cd7f9f75afd', 'usr_379');
INSERT INTO trabalho.comentarios_podcast_usuario VALUES ('comment_379_2_1', 'Non est asperiores corrupti.', '7e429e8e-7669-403d-bb78-3cd7f9f75afd', 'usr_379');
INSERT INTO trabalho.comentarios_podcast_usuario VALUES ('comment_379_3_1', 'Necessitatibus nobis consequuntur ducimus.', '7e429e8e-7669-403d-bb78-3cd7f9f75afd', 'usr_379');
INSERT INTO trabalho.log_acesso VALUES ('log_379_0_1', '7e429e8e-7669-403d-bb78-3cd7f9f75afd', 'usr_379');
INSERT INTO trabalho.log_acesso VALUES ('log_379_1_1', '7e429e8e-7669-403d-bb78-3cd7f9f75afd', 'usr_379');
INSERT INTO trabalho.log_acesso VALUES ('log_379_2_1', '7e429e8e-7669-403d-bb78-3cd7f9f75afd', 'usr_379');
INSERT INTO trabalho.log_acesso VALUES ('log_379_3_1', '7e429e8e-7669-403d-bb78-3cd7f9f75afd', 'usr_379');
INSERT INTO trabalho.log_acesso VALUES ('log_379_4_1', '7e429e8e-7669-403d-bb78-3cd7f9f75afd', 'usr_379');
INSERT INTO trabalho.log_acesso VALUES ('log_379_5_1', '7e429e8e-7669-403d-bb78-3cd7f9f75afd', 'usr_379');
INSERT INTO trabalho.usuario_esta_inscrito_no_podcast VALUES (5, '219328a1-cec6-4e8c-b003-52a3ec9766bb', 'usr_379');
INSERT INTO trabalho.comentarios_podcast_usuario VALUES ('comment_379_0_2', 'Occaecati iste dignissimos atque voluptates temporibus qui dolores.', '219328a1-cec6-4e8c-b003-52a3ec9766bb', 'usr_379');
INSERT INTO trabalho.comentarios_podcast_usuario VALUES ('comment_379_1_2', 'Cumque harum dicta libero neque veniam.', '219328a1-cec6-4e8c-b003-52a3ec9766bb', 'usr_379');
INSERT INTO trabalho.comentarios_podcast_usuario VALUES ('comment_379_2_2', 'Sequi explicabo tenetur porro temporibus est.', '219328a1-cec6-4e8c-b003-52a3ec9766bb', 'usr_379');
INSERT INTO trabalho.log_acesso VALUES ('log_379_0_2', '219328a1-cec6-4e8c-b003-52a3ec9766bb', 'usr_379');
INSERT INTO trabalho.log_acesso VALUES ('log_379_1_2', '219328a1-cec6-4e8c-b003-52a3ec9766bb', 'usr_379');
INSERT INTO trabalho.usuario VALUES ('usr_380', '380_Murilo20@hotmail.com', 'Murilo Costa', 'male', 24, trabalho.hashPassword('Password123'), 'Barém');
INSERT INTO trabalho.usuario_esta_inscrito_no_podcast VALUES (3, 'bc8dac25-793c-4a96-aafc-4ea7020f4f60', 'usr_380');
INSERT INTO trabalho.comentarios_podcast_usuario VALUES ('comment_380_0_0', 'Et voluptas id mollitia.', 'bc8dac25-793c-4a96-aafc-4ea7020f4f60', 'usr_380');
INSERT INTO trabalho.comentarios_podcast_usuario VALUES ('comment_380_1_0', 'Vero exercitationem omnis non aut qui.', 'bc8dac25-793c-4a96-aafc-4ea7020f4f60', 'usr_380');
INSERT INTO trabalho.log_acesso VALUES ('log_380_0_0', 'bc8dac25-793c-4a96-aafc-4ea7020f4f60', 'usr_380');
INSERT INTO trabalho.log_acesso VALUES ('log_380_1_0', 'bc8dac25-793c-4a96-aafc-4ea7020f4f60', 'usr_380');
INSERT INTO trabalho.log_acesso VALUES ('log_380_2_0', 'bc8dac25-793c-4a96-aafc-4ea7020f4f60', 'usr_380');
INSERT INTO trabalho.log_acesso VALUES ('log_380_3_0', 'bc8dac25-793c-4a96-aafc-4ea7020f4f60', 'usr_380');
INSERT INTO trabalho.log_acesso VALUES ('log_380_4_0', 'bc8dac25-793c-4a96-aafc-4ea7020f4f60', 'usr_380');
INSERT INTO trabalho.log_acesso VALUES ('log_380_5_0', 'bc8dac25-793c-4a96-aafc-4ea7020f4f60', 'usr_380');
INSERT INTO trabalho.usuario_esta_inscrito_no_podcast VALUES (1, 'af46a958-b921-47b6-9f87-5c4fdc68ea79', 'usr_380');
INSERT INTO trabalho.comentarios_podcast_usuario VALUES ('comment_380_0_1', 'Neque sapiente porro ratione.', 'af46a958-b921-47b6-9f87-5c4fdc68ea79', 'usr_380');
INSERT INTO trabalho.comentarios_podcast_usuario VALUES ('comment_380_1_1', 'Vel saepe autem culpa sed sit labore.', 'af46a958-b921-47b6-9f87-5c4fdc68ea79', 'usr_380');
INSERT INTO trabalho.comentarios_podcast_usuario VALUES ('comment_380_2_1', 'Voluptatibus reprehenderit sunt at vel et et aut eius.', 'af46a958-b921-47b6-9f87-5c4fdc68ea79', 'usr_380');
INSERT INTO trabalho.comentarios_podcast_usuario VALUES ('comment_380_3_1', 'Doloremque quos nesciunt voluptate distinctio nam illum rerum.', 'af46a958-b921-47b6-9f87-5c4fdc68ea79', 'usr_380');
INSERT INTO trabalho.log_acesso VALUES ('log_380_0_1', 'af46a958-b921-47b6-9f87-5c4fdc68ea79', 'usr_380');
INSERT INTO trabalho.log_acesso VALUES ('log_380_1_1', 'af46a958-b921-47b6-9f87-5c4fdc68ea79', 'usr_380');
INSERT INTO trabalho.usuario_esta_inscrito_no_podcast VALUES (5, '7e429e8e-7669-403d-bb78-3cd7f9f75afd', 'usr_380');
INSERT INTO trabalho.comentarios_podcast_usuario VALUES ('comment_380_0_2', 'Ipsa odit autem.', '7e429e8e-7669-403d-bb78-3cd7f9f75afd', 'usr_380');
INSERT INTO trabalho.comentarios_podcast_usuario VALUES ('comment_380_1_2', 'Id ipsam ducimus.', '7e429e8e-7669-403d-bb78-3cd7f9f75afd', 'usr_380');
INSERT INTO trabalho.comentarios_podcast_usuario VALUES ('comment_380_2_2', 'Omnis magnam reprehenderit nam et.', '7e429e8e-7669-403d-bb78-3cd7f9f75afd', 'usr_380');
INSERT INTO trabalho.log_acesso VALUES ('log_380_0_2', '7e429e8e-7669-403d-bb78-3cd7f9f75afd', 'usr_380');
INSERT INTO trabalho.log_acesso VALUES ('log_380_1_2', '7e429e8e-7669-403d-bb78-3cd7f9f75afd', 'usr_380');
INSERT INTO trabalho.log_acesso VALUES ('log_380_2_2', '7e429e8e-7669-403d-bb78-3cd7f9f75afd', 'usr_380');
INSERT INTO trabalho.usuario VALUES ('usr_381', '381_Yasmin_Albuquerque78@hotmail.com', 'Yasmin Albuquerque', 'female', 40, trabalho.hashPassword('Password123'), 'Brasil');
INSERT INTO trabalho.usuario_esta_inscrito_no_podcast VALUES (0, 'c58b280a-56d4-4ad8-8c85-730e4ea86361', 'usr_381');
INSERT INTO trabalho.comentarios_podcast_usuario VALUES ('comment_381_0_0', 'Iusto enim sed pariatur sapiente repellat a.', 'c58b280a-56d4-4ad8-8c85-730e4ea86361', 'usr_381');
INSERT INTO trabalho.comentarios_podcast_usuario VALUES ('comment_381_1_0', 'Et quisquam omnis ut tenetur laboriosam.', 'c58b280a-56d4-4ad8-8c85-730e4ea86361', 'usr_381');
INSERT INTO trabalho.log_acesso VALUES ('log_381_0_0', 'c58b280a-56d4-4ad8-8c85-730e4ea86361', 'usr_381');
INSERT INTO trabalho.log_acesso VALUES ('log_381_1_0', 'c58b280a-56d4-4ad8-8c85-730e4ea86361', 'usr_381');
INSERT INTO trabalho.log_acesso VALUES ('log_381_2_0', 'c58b280a-56d4-4ad8-8c85-730e4ea86361', 'usr_381');
INSERT INTO trabalho.log_acesso VALUES ('log_381_3_0', 'c58b280a-56d4-4ad8-8c85-730e4ea86361', 'usr_381');
INSERT INTO trabalho.log_acesso VALUES ('log_381_4_0', 'c58b280a-56d4-4ad8-8c85-730e4ea86361', 'usr_381');
INSERT INTO trabalho.log_acesso VALUES ('log_381_5_0', 'c58b280a-56d4-4ad8-8c85-730e4ea86361', 'usr_381');
INSERT INTO trabalho.log_acesso VALUES ('log_381_6_0', 'c58b280a-56d4-4ad8-8c85-730e4ea86361', 'usr_381');
INSERT INTO trabalho.log_acesso VALUES ('log_381_7_0', 'c58b280a-56d4-4ad8-8c85-730e4ea86361', 'usr_381');
INSERT INTO trabalho.usuario_esta_inscrito_no_podcast VALUES (5, '5bdf7377-8330-4f9f-8efd-e95301c122ce', 'usr_381');
INSERT INTO trabalho.comentarios_podcast_usuario VALUES ('comment_381_0_1', 'Cupiditate incidunt cum quo magnam facere voluptatem ut voluptatem.', '5bdf7377-8330-4f9f-8efd-e95301c122ce', 'usr_381');
INSERT INTO trabalho.comentarios_podcast_usuario VALUES ('comment_381_1_1', 'Ratione libero quibusdam et voluptates placeat.', '5bdf7377-8330-4f9f-8efd-e95301c122ce', 'usr_381');
INSERT INTO trabalho.comentarios_podcast_usuario VALUES ('comment_381_2_1', 'Eveniet itaque minima consequatur.', '5bdf7377-8330-4f9f-8efd-e95301c122ce', 'usr_381');
INSERT INTO trabalho.comentarios_podcast_usuario VALUES ('comment_381_3_1', 'Laborum architecto tempora dolores vel eum.', '5bdf7377-8330-4f9f-8efd-e95301c122ce', 'usr_381');
INSERT INTO trabalho.log_acesso VALUES ('log_381_0_1', '5bdf7377-8330-4f9f-8efd-e95301c122ce', 'usr_381');
INSERT INTO trabalho.log_acesso VALUES ('log_381_1_1', '5bdf7377-8330-4f9f-8efd-e95301c122ce', 'usr_381');
INSERT INTO trabalho.log_acesso VALUES ('log_381_2_1', '5bdf7377-8330-4f9f-8efd-e95301c122ce', 'usr_381');
INSERT INTO trabalho.log_acesso VALUES ('log_381_3_1', '5bdf7377-8330-4f9f-8efd-e95301c122ce', 'usr_381');
INSERT INTO trabalho.log_acesso VALUES ('log_381_4_1', '5bdf7377-8330-4f9f-8efd-e95301c122ce', 'usr_381');
INSERT INTO trabalho.usuario_esta_inscrito_no_podcast VALUES (1, 'af46a958-b921-47b6-9f87-5c4fdc68ea79', 'usr_381');
INSERT INTO trabalho.comentarios_podcast_usuario VALUES ('comment_381_0_2', 'Tempora voluptas nihil architecto harum quis officia.', 'af46a958-b921-47b6-9f87-5c4fdc68ea79', 'usr_381');
INSERT INTO trabalho.comentarios_podcast_usuario VALUES ('comment_381_1_2', 'Sint expedita consequuntur necessitatibus perspiciatis accusantium adipisci ut voluptate et.', 'af46a958-b921-47b6-9f87-5c4fdc68ea79', 'usr_381');
INSERT INTO trabalho.comentarios_podcast_usuario VALUES ('comment_381_2_2', 'Rerum est cum consectetur rerum rerum dolorem.', 'af46a958-b921-47b6-9f87-5c4fdc68ea79', 'usr_381');
INSERT INTO trabalho.comentarios_podcast_usuario VALUES ('comment_381_3_2', 'Aut ut est sed qui dolores magnam harum error non.', 'af46a958-b921-47b6-9f87-5c4fdc68ea79', 'usr_381');
INSERT INTO trabalho.log_acesso VALUES ('log_381_0_2', 'af46a958-b921-47b6-9f87-5c4fdc68ea79', 'usr_381');
INSERT INTO trabalho.log_acesso VALUES ('log_381_1_2', 'af46a958-b921-47b6-9f87-5c4fdc68ea79', 'usr_381');
INSERT INTO trabalho.log_acesso VALUES ('log_381_2_2', 'af46a958-b921-47b6-9f87-5c4fdc68ea79', 'usr_381');
INSERT INTO trabalho.usuario VALUES ('usr_382', '382_Mrcia95@live.com', 'Márcia Souza', 'female', 29, trabalho.hashPassword('Password123'), 'Ilhas Caiman');
INSERT INTO trabalho.usuario_esta_inscrito_no_podcast VALUES (3, 'bc8dac25-793c-4a96-aafc-4ea7020f4f60', 'usr_382');
INSERT INTO trabalho.comentarios_podcast_usuario VALUES ('comment_382_0_0', 'Repellendus rerum molestias.', 'bc8dac25-793c-4a96-aafc-4ea7020f4f60', 'usr_382');
INSERT INTO trabalho.comentarios_podcast_usuario VALUES ('comment_382_1_0', 'Qui sint sunt at voluptate nisi.', 'bc8dac25-793c-4a96-aafc-4ea7020f4f60', 'usr_382');
INSERT INTO trabalho.comentarios_podcast_usuario VALUES ('comment_382_2_0', 'Nostrum natus id sunt velit quasi molestias soluta dolor id.', 'bc8dac25-793c-4a96-aafc-4ea7020f4f60', 'usr_382');
INSERT INTO trabalho.comentarios_podcast_usuario VALUES ('comment_382_3_0', 'Iure et qui labore.', 'bc8dac25-793c-4a96-aafc-4ea7020f4f60', 'usr_382');
INSERT INTO trabalho.comentarios_podcast_usuario VALUES ('comment_382_4_0', 'Quis expedita sed harum ut corrupti et quaerat distinctio.', 'bc8dac25-793c-4a96-aafc-4ea7020f4f60', 'usr_382');
INSERT INTO trabalho.log_acesso VALUES ('log_382_0_0', 'bc8dac25-793c-4a96-aafc-4ea7020f4f60', 'usr_382');
INSERT INTO trabalho.log_acesso VALUES ('log_382_1_0', 'bc8dac25-793c-4a96-aafc-4ea7020f4f60', 'usr_382');
INSERT INTO trabalho.usuario_esta_inscrito_no_podcast VALUES (0, 'af46a958-b921-47b6-9f87-5c4fdc68ea79', 'usr_382');
INSERT INTO trabalho.comentarios_podcast_usuario VALUES ('comment_382_0_1', 'Tenetur iure et nam hic similique a non temporibus.', 'af46a958-b921-47b6-9f87-5c4fdc68ea79', 'usr_382');
INSERT INTO trabalho.comentarios_podcast_usuario VALUES ('comment_382_1_1', 'Omnis minus voluptatem enim qui vel omnis repudiandae voluptatem.', 'af46a958-b921-47b6-9f87-5c4fdc68ea79', 'usr_382');
INSERT INTO trabalho.log_acesso VALUES ('log_382_0_1', 'af46a958-b921-47b6-9f87-5c4fdc68ea79', 'usr_382');
INSERT INTO trabalho.log_acesso VALUES ('log_382_1_1', 'af46a958-b921-47b6-9f87-5c4fdc68ea79', 'usr_382');
INSERT INTO trabalho.log_acesso VALUES ('log_382_2_1', 'af46a958-b921-47b6-9f87-5c4fdc68ea79', 'usr_382');
INSERT INTO trabalho.usuario_esta_inscrito_no_podcast VALUES (5, 'f8e13774-d631-4f34-93f0-2f5d55590265', 'usr_382');
INSERT INTO trabalho.comentarios_podcast_usuario VALUES ('comment_382_0_2', 'Et temporibus tenetur error ipsam nihil architecto doloremque.', 'f8e13774-d631-4f34-93f0-2f5d55590265', 'usr_382');
INSERT INTO trabalho.comentarios_podcast_usuario VALUES ('comment_382_1_2', 'Voluptatem et itaque eum aut non cum fuga.', 'f8e13774-d631-4f34-93f0-2f5d55590265', 'usr_382');
INSERT INTO trabalho.comentarios_podcast_usuario VALUES ('comment_382_2_2', 'Ullam non ut perspiciatis sit adipisci aspernatur accusamus et.', 'f8e13774-d631-4f34-93f0-2f5d55590265', 'usr_382');
INSERT INTO trabalho.comentarios_podcast_usuario VALUES ('comment_382_3_2', 'In consectetur rerum debitis et dolor culpa fugit autem nihil.', 'f8e13774-d631-4f34-93f0-2f5d55590265', 'usr_382');
INSERT INTO trabalho.log_acesso VALUES ('log_382_0_2', 'f8e13774-d631-4f34-93f0-2f5d55590265', 'usr_382');
INSERT INTO trabalho.log_acesso VALUES ('log_382_1_2', 'f8e13774-d631-4f34-93f0-2f5d55590265', 'usr_382');
INSERT INTO trabalho.log_acesso VALUES ('log_382_2_2', 'f8e13774-d631-4f34-93f0-2f5d55590265', 'usr_382');
INSERT INTO trabalho.log_acesso VALUES ('log_382_3_2', 'f8e13774-d631-4f34-93f0-2f5d55590265', 'usr_382');
INSERT INTO trabalho.usuario VALUES ('usr_383', '383_Joo.Reis@bol.com.br', 'João Reis', 'male', 49, trabalho.hashPassword('Password123'), 'Mauritânia');
INSERT INTO trabalho.usuario_esta_inscrito_no_podcast VALUES (4, '7e429e8e-7669-403d-bb78-3cd7f9f75afd', 'usr_383');
INSERT INTO trabalho.comentarios_podcast_usuario VALUES ('comment_383_0_0', 'Vitae odit alias iusto.', '7e429e8e-7669-403d-bb78-3cd7f9f75afd', 'usr_383');
INSERT INTO trabalho.comentarios_podcast_usuario VALUES ('comment_383_1_0', 'Qui temporibus et odio tenetur harum quo.', '7e429e8e-7669-403d-bb78-3cd7f9f75afd', 'usr_383');
INSERT INTO trabalho.log_acesso VALUES ('log_383_0_0', '7e429e8e-7669-403d-bb78-3cd7f9f75afd', 'usr_383');
INSERT INTO trabalho.log_acesso VALUES ('log_383_1_0', '7e429e8e-7669-403d-bb78-3cd7f9f75afd', 'usr_383');
INSERT INTO trabalho.log_acesso VALUES ('log_383_2_0', '7e429e8e-7669-403d-bb78-3cd7f9f75afd', 'usr_383');
INSERT INTO trabalho.usuario_esta_inscrito_no_podcast VALUES (4, '67074e68-bc2f-442b-8af2-7d328b6af6eb', 'usr_383');
INSERT INTO trabalho.comentarios_podcast_usuario VALUES ('comment_383_0_1', 'Magnam dignissimos quibusdam dignissimos ipsum libero et.', '67074e68-bc2f-442b-8af2-7d328b6af6eb', 'usr_383');
INSERT INTO trabalho.comentarios_podcast_usuario VALUES ('comment_383_1_1', 'Odit modi voluptates unde accusantium.', '67074e68-bc2f-442b-8af2-7d328b6af6eb', 'usr_383');
INSERT INTO trabalho.comentarios_podcast_usuario VALUES ('comment_383_2_1', 'Dolorum nemo officiis dicta a cum quibusdam sed eaque.', '67074e68-bc2f-442b-8af2-7d328b6af6eb', 'usr_383');
INSERT INTO trabalho.log_acesso VALUES ('log_383_0_1', '67074e68-bc2f-442b-8af2-7d328b6af6eb', 'usr_383');
INSERT INTO trabalho.log_acesso VALUES ('log_383_1_1', '67074e68-bc2f-442b-8af2-7d328b6af6eb', 'usr_383');
INSERT INTO trabalho.log_acesso VALUES ('log_383_2_1', '67074e68-bc2f-442b-8af2-7d328b6af6eb', 'usr_383');
INSERT INTO trabalho.log_acesso VALUES ('log_383_3_1', '67074e68-bc2f-442b-8af2-7d328b6af6eb', 'usr_383');
INSERT INTO trabalho.log_acesso VALUES ('log_383_4_1', '67074e68-bc2f-442b-8af2-7d328b6af6eb', 'usr_383');
INSERT INTO trabalho.log_acesso VALUES ('log_383_5_1', '67074e68-bc2f-442b-8af2-7d328b6af6eb', 'usr_383');
INSERT INTO trabalho.log_acesso VALUES ('log_383_6_1', '67074e68-bc2f-442b-8af2-7d328b6af6eb', 'usr_383');
INSERT INTO trabalho.log_acesso VALUES ('log_383_7_1', '67074e68-bc2f-442b-8af2-7d328b6af6eb', 'usr_383');
INSERT INTO trabalho.usuario_esta_inscrito_no_podcast VALUES (4, 'b553d865-8fe2-47de-9a30-10e1dea3bd1d', 'usr_383');
INSERT INTO trabalho.comentarios_podcast_usuario VALUES ('comment_383_0_2', 'Rem molestiae omnis facilis quaerat et.', 'b553d865-8fe2-47de-9a30-10e1dea3bd1d', 'usr_383');
INSERT INTO trabalho.comentarios_podcast_usuario VALUES ('comment_383_1_2', 'Repellat sed explicabo quis.', 'b553d865-8fe2-47de-9a30-10e1dea3bd1d', 'usr_383');
INSERT INTO trabalho.log_acesso VALUES ('log_383_0_2', 'b553d865-8fe2-47de-9a30-10e1dea3bd1d', 'usr_383');
INSERT INTO trabalho.log_acesso VALUES ('log_383_1_2', 'b553d865-8fe2-47de-9a30-10e1dea3bd1d', 'usr_383');
INSERT INTO trabalho.log_acesso VALUES ('log_383_2_2', 'b553d865-8fe2-47de-9a30-10e1dea3bd1d', 'usr_383');
INSERT INTO trabalho.log_acesso VALUES ('log_383_3_2', 'b553d865-8fe2-47de-9a30-10e1dea3bd1d', 'usr_383');
INSERT INTO trabalho.usuario VALUES ('usr_384', '384_Bernardo20@live.com', 'Bernardo Silva', 'male', 4, trabalho.hashPassword('Password123'), 'Bulgária');
INSERT INTO trabalho.usuario_esta_inscrito_no_podcast VALUES (5, 'f1b92ce7-47a7-43cd-8586-4a09185cdd05', 'usr_384');
INSERT INTO trabalho.comentarios_podcast_usuario VALUES ('comment_384_0_0', 'Debitis sit in aut maiores.', 'f1b92ce7-47a7-43cd-8586-4a09185cdd05', 'usr_384');
INSERT INTO trabalho.log_acesso VALUES ('log_384_0_0', 'f1b92ce7-47a7-43cd-8586-4a09185cdd05', 'usr_384');
INSERT INTO trabalho.log_acesso VALUES ('log_384_1_0', 'f1b92ce7-47a7-43cd-8586-4a09185cdd05', 'usr_384');
INSERT INTO trabalho.log_acesso VALUES ('log_384_2_0', 'f1b92ce7-47a7-43cd-8586-4a09185cdd05', 'usr_384');
INSERT INTO trabalho.log_acesso VALUES ('log_384_3_0', 'f1b92ce7-47a7-43cd-8586-4a09185cdd05', 'usr_384');
INSERT INTO trabalho.log_acesso VALUES ('log_384_4_0', 'f1b92ce7-47a7-43cd-8586-4a09185cdd05', 'usr_384');
INSERT INTO trabalho.usuario_esta_inscrito_no_podcast VALUES (5, '168c1536-4c42-4b8f-8c77-f06affefec6a', 'usr_384');
INSERT INTO trabalho.comentarios_podcast_usuario VALUES ('comment_384_0_1', 'Occaecati tenetur quaerat sunt voluptates aut possimus odio suscipit sunt.', '168c1536-4c42-4b8f-8c77-f06affefec6a', 'usr_384');
INSERT INTO trabalho.comentarios_podcast_usuario VALUES ('comment_384_1_1', 'Ratione eum id eius repellat error.', '168c1536-4c42-4b8f-8c77-f06affefec6a', 'usr_384');
INSERT INTO trabalho.comentarios_podcast_usuario VALUES ('comment_384_2_1', 'Minima animi velit veniam laborum.', '168c1536-4c42-4b8f-8c77-f06affefec6a', 'usr_384');
INSERT INTO trabalho.log_acesso VALUES ('log_384_0_1', '168c1536-4c42-4b8f-8c77-f06affefec6a', 'usr_384');
INSERT INTO trabalho.log_acesso VALUES ('log_384_1_1', '168c1536-4c42-4b8f-8c77-f06affefec6a', 'usr_384');
INSERT INTO trabalho.usuario_esta_inscrito_no_podcast VALUES (0, 'fa3abe16-3645-4d22-a01d-893e6f20c408', 'usr_384');
INSERT INTO trabalho.comentarios_podcast_usuario VALUES ('comment_384_0_2', 'Nisi et vel exercitationem unde error illo.', 'fa3abe16-3645-4d22-a01d-893e6f20c408', 'usr_384');
INSERT INTO trabalho.comentarios_podcast_usuario VALUES ('comment_384_1_2', 'Quia voluptatem sint ut.', 'fa3abe16-3645-4d22-a01d-893e6f20c408', 'usr_384');
INSERT INTO trabalho.log_acesso VALUES ('log_384_0_2', 'fa3abe16-3645-4d22-a01d-893e6f20c408', 'usr_384');
INSERT INTO trabalho.log_acesso VALUES ('log_384_1_2', 'fa3abe16-3645-4d22-a01d-893e6f20c408', 'usr_384');
INSERT INTO trabalho.log_acesso VALUES ('log_384_2_2', 'fa3abe16-3645-4d22-a01d-893e6f20c408', 'usr_384');
INSERT INTO trabalho.usuario VALUES ('usr_385', '385_Frederico.Barros@gmail.com', 'Frederico Barros', 'male', 32, trabalho.hashPassword('Password123'), 'Costa do Marfim');
INSERT INTO trabalho.usuario_esta_inscrito_no_podcast VALUES (0, 'af46a958-b921-47b6-9f87-5c4fdc68ea79', 'usr_385');
INSERT INTO trabalho.comentarios_podcast_usuario VALUES ('comment_385_0_0', 'Et sint fugit ipsam.', 'af46a958-b921-47b6-9f87-5c4fdc68ea79', 'usr_385');
INSERT INTO trabalho.comentarios_podcast_usuario VALUES ('comment_385_1_0', 'Id cum nihil molestias reiciendis mollitia odit et culpa odio.', 'af46a958-b921-47b6-9f87-5c4fdc68ea79', 'usr_385');
INSERT INTO trabalho.comentarios_podcast_usuario VALUES ('comment_385_2_0', 'Sapiente ut qui et consequatur dicta.', 'af46a958-b921-47b6-9f87-5c4fdc68ea79', 'usr_385');
INSERT INTO trabalho.comentarios_podcast_usuario VALUES ('comment_385_3_0', 'Inventore recusandae eum autem ullam quis ut.', 'af46a958-b921-47b6-9f87-5c4fdc68ea79', 'usr_385');
INSERT INTO trabalho.log_acesso VALUES ('log_385_0_0', 'af46a958-b921-47b6-9f87-5c4fdc68ea79', 'usr_385');
INSERT INTO trabalho.log_acesso VALUES ('log_385_1_0', 'af46a958-b921-47b6-9f87-5c4fdc68ea79', 'usr_385');
INSERT INTO trabalho.log_acesso VALUES ('log_385_2_0', 'af46a958-b921-47b6-9f87-5c4fdc68ea79', 'usr_385');
INSERT INTO trabalho.log_acesso VALUES ('log_385_3_0', 'af46a958-b921-47b6-9f87-5c4fdc68ea79', 'usr_385');
INSERT INTO trabalho.usuario_esta_inscrito_no_podcast VALUES (0, 'f8e13774-d631-4f34-93f0-2f5d55590265', 'usr_385');
INSERT INTO trabalho.comentarios_podcast_usuario VALUES ('comment_385_0_1', 'Voluptatem reiciendis perferendis.', 'f8e13774-d631-4f34-93f0-2f5d55590265', 'usr_385');
INSERT INTO trabalho.comentarios_podcast_usuario VALUES ('comment_385_1_1', 'Dolor facilis sunt eos voluptate fugiat tempore in aut hic.', 'f8e13774-d631-4f34-93f0-2f5d55590265', 'usr_385');
INSERT INTO trabalho.comentarios_podcast_usuario VALUES ('comment_385_2_1', 'Voluptatibus enim reprehenderit doloremque ut voluptatem quia.', 'f8e13774-d631-4f34-93f0-2f5d55590265', 'usr_385');
INSERT INTO trabalho.log_acesso VALUES ('log_385_0_1', 'f8e13774-d631-4f34-93f0-2f5d55590265', 'usr_385');
INSERT INTO trabalho.log_acesso VALUES ('log_385_1_1', 'f8e13774-d631-4f34-93f0-2f5d55590265', 'usr_385');
INSERT INTO trabalho.log_acesso VALUES ('log_385_2_1', 'f8e13774-d631-4f34-93f0-2f5d55590265', 'usr_385');
INSERT INTO trabalho.log_acesso VALUES ('log_385_3_1', 'f8e13774-d631-4f34-93f0-2f5d55590265', 'usr_385');
INSERT INTO trabalho.log_acesso VALUES ('log_385_4_1', 'f8e13774-d631-4f34-93f0-2f5d55590265', 'usr_385');
INSERT INTO trabalho.usuario_esta_inscrito_no_podcast VALUES (4, '7e429e8e-7669-403d-bb78-3cd7f9f75afd', 'usr_385');
INSERT INTO trabalho.comentarios_podcast_usuario VALUES ('comment_385_0_2', 'Odio quaerat enim eligendi.', '7e429e8e-7669-403d-bb78-3cd7f9f75afd', 'usr_385');
INSERT INTO trabalho.comentarios_podcast_usuario VALUES ('comment_385_1_2', 'Fugit id ad cum id corporis nesciunt ipsum.', '7e429e8e-7669-403d-bb78-3cd7f9f75afd', 'usr_385');
INSERT INTO trabalho.log_acesso VALUES ('log_385_0_2', '7e429e8e-7669-403d-bb78-3cd7f9f75afd', 'usr_385');
INSERT INTO trabalho.log_acesso VALUES ('log_385_1_2', '7e429e8e-7669-403d-bb78-3cd7f9f75afd', 'usr_385');
INSERT INTO trabalho.log_acesso VALUES ('log_385_2_2', '7e429e8e-7669-403d-bb78-3cd7f9f75afd', 'usr_385');
INSERT INTO trabalho.log_acesso VALUES ('log_385_3_2', '7e429e8e-7669-403d-bb78-3cd7f9f75afd', 'usr_385');
INSERT INTO trabalho.usuario VALUES ('usr_386', '386_Hlio70@hotmail.com', 'Hélio Silva', 'male', 5, trabalho.hashPassword('Password123'), 'Eslovênia');
INSERT INTO trabalho.usuario_esta_inscrito_no_podcast VALUES (5, 'f8e13774-d631-4f34-93f0-2f5d55590265', 'usr_386');
INSERT INTO trabalho.comentarios_podcast_usuario VALUES ('comment_386_0_0', 'Ad quia nihil sed eligendi.', 'f8e13774-d631-4f34-93f0-2f5d55590265', 'usr_386');
INSERT INTO trabalho.comentarios_podcast_usuario VALUES ('comment_386_1_0', 'Dolorem praesentium aperiam itaque eum ducimus dolorem.', 'f8e13774-d631-4f34-93f0-2f5d55590265', 'usr_386');
INSERT INTO trabalho.comentarios_podcast_usuario VALUES ('comment_386_2_0', 'Non ut voluptas nemo quia laboriosam qui sit voluptas quis.', 'f8e13774-d631-4f34-93f0-2f5d55590265', 'usr_386');
INSERT INTO trabalho.comentarios_podcast_usuario VALUES ('comment_386_3_0', 'Ipsam officia omnis eaque itaque.', 'f8e13774-d631-4f34-93f0-2f5d55590265', 'usr_386');
INSERT INTO trabalho.comentarios_podcast_usuario VALUES ('comment_386_4_0', 'Consequatur tenetur molestias.', 'f8e13774-d631-4f34-93f0-2f5d55590265', 'usr_386');
INSERT INTO trabalho.log_acesso VALUES ('log_386_0_0', 'f8e13774-d631-4f34-93f0-2f5d55590265', 'usr_386');
INSERT INTO trabalho.log_acesso VALUES ('log_386_1_0', 'f8e13774-d631-4f34-93f0-2f5d55590265', 'usr_386');
INSERT INTO trabalho.log_acesso VALUES ('log_386_2_0', 'f8e13774-d631-4f34-93f0-2f5d55590265', 'usr_386');
INSERT INTO trabalho.log_acesso VALUES ('log_386_3_0', 'f8e13774-d631-4f34-93f0-2f5d55590265', 'usr_386');
INSERT INTO trabalho.usuario_esta_inscrito_no_podcast VALUES (4, 'c58b280a-56d4-4ad8-8c85-730e4ea86361', 'usr_386');
INSERT INTO trabalho.comentarios_podcast_usuario VALUES ('comment_386_0_1', 'Saepe laudantium atque tenetur temporibus debitis natus.', 'c58b280a-56d4-4ad8-8c85-730e4ea86361', 'usr_386');
INSERT INTO trabalho.comentarios_podcast_usuario VALUES ('comment_386_1_1', 'Quos sed omnis et.', 'c58b280a-56d4-4ad8-8c85-730e4ea86361', 'usr_386');
INSERT INTO trabalho.log_acesso VALUES ('log_386_0_1', 'c58b280a-56d4-4ad8-8c85-730e4ea86361', 'usr_386');
INSERT INTO trabalho.log_acesso VALUES ('log_386_1_1', 'c58b280a-56d4-4ad8-8c85-730e4ea86361', 'usr_386');
INSERT INTO trabalho.log_acesso VALUES ('log_386_2_1', 'c58b280a-56d4-4ad8-8c85-730e4ea86361', 'usr_386');
INSERT INTO trabalho.log_acesso VALUES ('log_386_3_1', 'c58b280a-56d4-4ad8-8c85-730e4ea86361', 'usr_386');
INSERT INTO trabalho.usuario_esta_inscrito_no_podcast VALUES (0, '5bdf7377-8330-4f9f-8efd-e95301c122ce', 'usr_386');
INSERT INTO trabalho.comentarios_podcast_usuario VALUES ('comment_386_0_2', 'Voluptatem quo soluta aut quod ullam et molestiae expedita similique.', '5bdf7377-8330-4f9f-8efd-e95301c122ce', 'usr_386');
INSERT INTO trabalho.comentarios_podcast_usuario VALUES ('comment_386_1_2', 'Alias dolorem id.', '5bdf7377-8330-4f9f-8efd-e95301c122ce', 'usr_386');
INSERT INTO trabalho.comentarios_podcast_usuario VALUES ('comment_386_2_2', 'Nulla et deserunt error unde voluptatem.', '5bdf7377-8330-4f9f-8efd-e95301c122ce', 'usr_386');
INSERT INTO trabalho.log_acesso VALUES ('log_386_0_2', '5bdf7377-8330-4f9f-8efd-e95301c122ce', 'usr_386');
INSERT INTO trabalho.log_acesso VALUES ('log_386_1_2', '5bdf7377-8330-4f9f-8efd-e95301c122ce', 'usr_386');
INSERT INTO trabalho.log_acesso VALUES ('log_386_2_2', '5bdf7377-8330-4f9f-8efd-e95301c122ce', 'usr_386');
INSERT INTO trabalho.usuario VALUES ('usr_387', '387_Clia22@yahoo.com', 'Célia Costa', 'female', 49, trabalho.hashPassword('Password123'), 'Bôsnia');
INSERT INTO trabalho.usuario_esta_inscrito_no_podcast VALUES (3, 'c58b280a-56d4-4ad8-8c85-730e4ea86361', 'usr_387');
INSERT INTO trabalho.comentarios_podcast_usuario VALUES ('comment_387_0_0', 'Voluptatem maiores voluptas nostrum quo sint nemo impedit est iure.', 'c58b280a-56d4-4ad8-8c85-730e4ea86361', 'usr_387');
INSERT INTO trabalho.comentarios_podcast_usuario VALUES ('comment_387_1_0', 'Nulla ducimus officia expedita et qui quia repellendus.', 'c58b280a-56d4-4ad8-8c85-730e4ea86361', 'usr_387');
INSERT INTO trabalho.comentarios_podcast_usuario VALUES ('comment_387_2_0', 'Nam fugit asperiores amet.', 'c58b280a-56d4-4ad8-8c85-730e4ea86361', 'usr_387');
INSERT INTO trabalho.comentarios_podcast_usuario VALUES ('comment_387_3_0', 'Aliquam nihil dolore eum ut voluptates non voluptatibus aperiam eius.', 'c58b280a-56d4-4ad8-8c85-730e4ea86361', 'usr_387');
INSERT INTO trabalho.log_acesso VALUES ('log_387_0_0', 'c58b280a-56d4-4ad8-8c85-730e4ea86361', 'usr_387');
INSERT INTO trabalho.log_acesso VALUES ('log_387_1_0', 'c58b280a-56d4-4ad8-8c85-730e4ea86361', 'usr_387');
INSERT INTO trabalho.log_acesso VALUES ('log_387_2_0', 'c58b280a-56d4-4ad8-8c85-730e4ea86361', 'usr_387');
INSERT INTO trabalho.log_acesso VALUES ('log_387_3_0', 'c58b280a-56d4-4ad8-8c85-730e4ea86361', 'usr_387');
INSERT INTO trabalho.log_acesso VALUES ('log_387_4_0', 'c58b280a-56d4-4ad8-8c85-730e4ea86361', 'usr_387');
INSERT INTO trabalho.log_acesso VALUES ('log_387_5_0', 'c58b280a-56d4-4ad8-8c85-730e4ea86361', 'usr_387');
INSERT INTO trabalho.usuario_esta_inscrito_no_podcast VALUES (2, 'bc8dac25-793c-4a96-aafc-4ea7020f4f60', 'usr_387');
INSERT INTO trabalho.comentarios_podcast_usuario VALUES ('comment_387_0_1', 'Molestiae deleniti aut nihil adipisci reprehenderit et.', 'bc8dac25-793c-4a96-aafc-4ea7020f4f60', 'usr_387');
INSERT INTO trabalho.comentarios_podcast_usuario VALUES ('comment_387_1_1', 'Voluptates qui sint.', 'bc8dac25-793c-4a96-aafc-4ea7020f4f60', 'usr_387');
INSERT INTO trabalho.comentarios_podcast_usuario VALUES ('comment_387_2_1', 'Voluptas in beatae amet repudiandae exercitationem autem et.', 'bc8dac25-793c-4a96-aafc-4ea7020f4f60', 'usr_387');
INSERT INTO trabalho.comentarios_podcast_usuario VALUES ('comment_387_3_1', 'Dolor et ex sapiente.', 'bc8dac25-793c-4a96-aafc-4ea7020f4f60', 'usr_387');
INSERT INTO trabalho.comentarios_podcast_usuario VALUES ('comment_387_4_1', 'Rerum excepturi quod labore consequatur.', 'bc8dac25-793c-4a96-aafc-4ea7020f4f60', 'usr_387');
INSERT INTO trabalho.log_acesso VALUES ('log_387_0_1', 'bc8dac25-793c-4a96-aafc-4ea7020f4f60', 'usr_387');
INSERT INTO trabalho.log_acesso VALUES ('log_387_1_1', 'bc8dac25-793c-4a96-aafc-4ea7020f4f60', 'usr_387');
INSERT INTO trabalho.log_acesso VALUES ('log_387_2_1', 'bc8dac25-793c-4a96-aafc-4ea7020f4f60', 'usr_387');
INSERT INTO trabalho.log_acesso VALUES ('log_387_3_1', 'bc8dac25-793c-4a96-aafc-4ea7020f4f60', 'usr_387');
INSERT INTO trabalho.usuario_esta_inscrito_no_podcast VALUES (3, '168c1536-4c42-4b8f-8c77-f06affefec6a', 'usr_387');
INSERT INTO trabalho.comentarios_podcast_usuario VALUES ('comment_387_0_2', 'Odio voluptatem distinctio ea quia qui facere et.', '168c1536-4c42-4b8f-8c77-f06affefec6a', 'usr_387');
INSERT INTO trabalho.log_acesso VALUES ('log_387_0_2', '168c1536-4c42-4b8f-8c77-f06affefec6a', 'usr_387');
INSERT INTO trabalho.log_acesso VALUES ('log_387_1_2', '168c1536-4c42-4b8f-8c77-f06affefec6a', 'usr_387');
INSERT INTO trabalho.log_acesso VALUES ('log_387_2_2', '168c1536-4c42-4b8f-8c77-f06affefec6a', 'usr_387');
INSERT INTO trabalho.log_acesso VALUES ('log_387_3_2', '168c1536-4c42-4b8f-8c77-f06affefec6a', 'usr_387');
INSERT INTO trabalho.log_acesso VALUES ('log_387_4_2', '168c1536-4c42-4b8f-8c77-f06affefec6a', 'usr_387');
INSERT INTO trabalho.usuario VALUES ('usr_388', '388_Fabrcio.Carvalho4@bol.com.br', 'Fabrício Carvalho', 'male', 12, trabalho.hashPassword('Password123'), 'Angola');
INSERT INTO trabalho.usuario_esta_inscrito_no_podcast VALUES (4, 'fa3abe16-3645-4d22-a01d-893e6f20c408', 'usr_388');
INSERT INTO trabalho.comentarios_podcast_usuario VALUES ('comment_388_0_0', 'Incidunt veniam tenetur explicabo.', 'fa3abe16-3645-4d22-a01d-893e6f20c408', 'usr_388');
INSERT INTO trabalho.comentarios_podcast_usuario VALUES ('comment_388_1_0', 'Deleniti eum et aut similique quo autem.', 'fa3abe16-3645-4d22-a01d-893e6f20c408', 'usr_388');
INSERT INTO trabalho.comentarios_podcast_usuario VALUES ('comment_388_2_0', 'Est quam aut natus.', 'fa3abe16-3645-4d22-a01d-893e6f20c408', 'usr_388');
INSERT INTO trabalho.log_acesso VALUES ('log_388_0_0', 'fa3abe16-3645-4d22-a01d-893e6f20c408', 'usr_388');
INSERT INTO trabalho.log_acesso VALUES ('log_388_1_0', 'fa3abe16-3645-4d22-a01d-893e6f20c408', 'usr_388');
INSERT INTO trabalho.usuario_esta_inscrito_no_podcast VALUES (4, 'bc8dac25-793c-4a96-aafc-4ea7020f4f60', 'usr_388');
INSERT INTO trabalho.comentarios_podcast_usuario VALUES ('comment_388_0_1', 'Similique at molestiae aut laudantium quos.', 'bc8dac25-793c-4a96-aafc-4ea7020f4f60', 'usr_388');
INSERT INTO trabalho.comentarios_podcast_usuario VALUES ('comment_388_1_1', 'Quia sint quis est et corrupti.', 'bc8dac25-793c-4a96-aafc-4ea7020f4f60', 'usr_388');
INSERT INTO trabalho.comentarios_podcast_usuario VALUES ('comment_388_2_1', 'Molestias cumque perspiciatis soluta veniam hic.', 'bc8dac25-793c-4a96-aafc-4ea7020f4f60', 'usr_388');
INSERT INTO trabalho.comentarios_podcast_usuario VALUES ('comment_388_3_1', 'At non non.', 'bc8dac25-793c-4a96-aafc-4ea7020f4f60', 'usr_388');
INSERT INTO trabalho.log_acesso VALUES ('log_388_0_1', 'bc8dac25-793c-4a96-aafc-4ea7020f4f60', 'usr_388');
INSERT INTO trabalho.log_acesso VALUES ('log_388_1_1', 'bc8dac25-793c-4a96-aafc-4ea7020f4f60', 'usr_388');
INSERT INTO trabalho.usuario_esta_inscrito_no_podcast VALUES (5, '168c1536-4c42-4b8f-8c77-f06affefec6a', 'usr_388');
INSERT INTO trabalho.comentarios_podcast_usuario VALUES ('comment_388_0_2', 'Eaque itaque qui expedita.', '168c1536-4c42-4b8f-8c77-f06affefec6a', 'usr_388');
INSERT INTO trabalho.comentarios_podcast_usuario VALUES ('comment_388_1_2', 'Cumque omnis natus occaecati qui nulla esse praesentium.', '168c1536-4c42-4b8f-8c77-f06affefec6a', 'usr_388');
INSERT INTO trabalho.comentarios_podcast_usuario VALUES ('comment_388_2_2', 'Odit perferendis magni.', '168c1536-4c42-4b8f-8c77-f06affefec6a', 'usr_388');
INSERT INTO trabalho.comentarios_podcast_usuario VALUES ('comment_388_3_2', 'Esse sint quis sed nemo molestiae eum ad iusto quia.', '168c1536-4c42-4b8f-8c77-f06affefec6a', 'usr_388');
INSERT INTO trabalho.log_acesso VALUES ('log_388_0_2', '168c1536-4c42-4b8f-8c77-f06affefec6a', 'usr_388');
INSERT INTO trabalho.log_acesso VALUES ('log_388_1_2', '168c1536-4c42-4b8f-8c77-f06affefec6a', 'usr_388');
INSERT INTO trabalho.log_acesso VALUES ('log_388_2_2', '168c1536-4c42-4b8f-8c77-f06affefec6a', 'usr_388');
INSERT INTO trabalho.log_acesso VALUES ('log_388_3_2', '168c1536-4c42-4b8f-8c77-f06affefec6a', 'usr_388');
INSERT INTO trabalho.usuario VALUES ('usr_389', '389_Mrcia_Moraes@gmail.com', 'Márcia Moraes', 'female', 53, trabalho.hashPassword('Password123'), 'Chade');
INSERT INTO trabalho.usuario_esta_inscrito_no_podcast VALUES (1, '168c1536-4c42-4b8f-8c77-f06affefec6a', 'usr_389');
INSERT INTO trabalho.comentarios_podcast_usuario VALUES ('comment_389_0_0', 'Eos ipsa ut vel.', '168c1536-4c42-4b8f-8c77-f06affefec6a', 'usr_389');
INSERT INTO trabalho.comentarios_podcast_usuario VALUES ('comment_389_1_0', 'Eligendi et officiis eligendi fuga distinctio enim distinctio.', '168c1536-4c42-4b8f-8c77-f06affefec6a', 'usr_389');
INSERT INTO trabalho.comentarios_podcast_usuario VALUES ('comment_389_2_0', 'Iste odio eos qui et id.', '168c1536-4c42-4b8f-8c77-f06affefec6a', 'usr_389');
INSERT INTO trabalho.comentarios_podcast_usuario VALUES ('comment_389_3_0', 'Molestiae atque quae totam sed.', '168c1536-4c42-4b8f-8c77-f06affefec6a', 'usr_389');
INSERT INTO trabalho.comentarios_podcast_usuario VALUES ('comment_389_4_0', 'Iste praesentium praesentium qui ipsam velit ipsum tenetur dolores.', '168c1536-4c42-4b8f-8c77-f06affefec6a', 'usr_389');
INSERT INTO trabalho.log_acesso VALUES ('log_389_0_0', '168c1536-4c42-4b8f-8c77-f06affefec6a', 'usr_389');
INSERT INTO trabalho.log_acesso VALUES ('log_389_1_0', '168c1536-4c42-4b8f-8c77-f06affefec6a', 'usr_389');
INSERT INTO trabalho.log_acesso VALUES ('log_389_2_0', '168c1536-4c42-4b8f-8c77-f06affefec6a', 'usr_389');
INSERT INTO trabalho.log_acesso VALUES ('log_389_3_0', '168c1536-4c42-4b8f-8c77-f06affefec6a', 'usr_389');
INSERT INTO trabalho.log_acesso VALUES ('log_389_4_0', '168c1536-4c42-4b8f-8c77-f06affefec6a', 'usr_389');
INSERT INTO trabalho.usuario_esta_inscrito_no_podcast VALUES (3, 'c58b280a-56d4-4ad8-8c85-730e4ea86361', 'usr_389');
INSERT INTO trabalho.comentarios_podcast_usuario VALUES ('comment_389_0_1', 'Esse culpa ratione dolor.', 'c58b280a-56d4-4ad8-8c85-730e4ea86361', 'usr_389');
INSERT INTO trabalho.comentarios_podcast_usuario VALUES ('comment_389_1_1', 'Omnis dolores provident omnis consequatur error.', 'c58b280a-56d4-4ad8-8c85-730e4ea86361', 'usr_389');
INSERT INTO trabalho.comentarios_podcast_usuario VALUES ('comment_389_2_1', 'Similique saepe et animi aut eligendi assumenda dolorem quis.', 'c58b280a-56d4-4ad8-8c85-730e4ea86361', 'usr_389');
INSERT INTO trabalho.log_acesso VALUES ('log_389_0_1', 'c58b280a-56d4-4ad8-8c85-730e4ea86361', 'usr_389');
INSERT INTO trabalho.log_acesso VALUES ('log_389_1_1', 'c58b280a-56d4-4ad8-8c85-730e4ea86361', 'usr_389');
INSERT INTO trabalho.log_acesso VALUES ('log_389_2_1', 'c58b280a-56d4-4ad8-8c85-730e4ea86361', 'usr_389');
INSERT INTO trabalho.log_acesso VALUES ('log_389_3_1', 'c58b280a-56d4-4ad8-8c85-730e4ea86361', 'usr_389');
INSERT INTO trabalho.log_acesso VALUES ('log_389_4_1', 'c58b280a-56d4-4ad8-8c85-730e4ea86361', 'usr_389');
INSERT INTO trabalho.usuario_esta_inscrito_no_podcast VALUES (5, 'bc8dac25-793c-4a96-aafc-4ea7020f4f60', 'usr_389');
INSERT INTO trabalho.comentarios_podcast_usuario VALUES ('comment_389_0_2', 'Aspernatur quis facilis aut accusamus rem officiis pariatur perspiciatis.', 'bc8dac25-793c-4a96-aafc-4ea7020f4f60', 'usr_389');
INSERT INTO trabalho.comentarios_podcast_usuario VALUES ('comment_389_1_2', 'Et quidem aut aspernatur velit ea a ducimus dicta.', 'bc8dac25-793c-4a96-aafc-4ea7020f4f60', 'usr_389');
INSERT INTO trabalho.comentarios_podcast_usuario VALUES ('comment_389_2_2', 'Minima ut qui perferendis totam.', 'bc8dac25-793c-4a96-aafc-4ea7020f4f60', 'usr_389');
INSERT INTO trabalho.log_acesso VALUES ('log_389_0_2', 'bc8dac25-793c-4a96-aafc-4ea7020f4f60', 'usr_389');
INSERT INTO trabalho.usuario VALUES ('usr_390', '390_Sophia.Martins83@yahoo.com', 'Sophia Martins', 'female', 0, trabalho.hashPassword('Password123'), 'Jibuti');
INSERT INTO trabalho.usuario_esta_inscrito_no_podcast VALUES (4, 'b553d865-8fe2-47de-9a30-10e1dea3bd1d', 'usr_390');
INSERT INTO trabalho.comentarios_podcast_usuario VALUES ('comment_390_0_0', 'Voluptas eius aspernatur id totam officiis modi et aut occaecati.', 'b553d865-8fe2-47de-9a30-10e1dea3bd1d', 'usr_390');
INSERT INTO trabalho.comentarios_podcast_usuario VALUES ('comment_390_1_0', 'Et eligendi aliquam nam inventore atque at.', 'b553d865-8fe2-47de-9a30-10e1dea3bd1d', 'usr_390');
INSERT INTO trabalho.comentarios_podcast_usuario VALUES ('comment_390_2_0', 'Velit autem veritatis magni sed non ut neque consequatur.', 'b553d865-8fe2-47de-9a30-10e1dea3bd1d', 'usr_390');
INSERT INTO trabalho.log_acesso VALUES ('log_390_0_0', 'b553d865-8fe2-47de-9a30-10e1dea3bd1d', 'usr_390');
INSERT INTO trabalho.log_acesso VALUES ('log_390_1_0', 'b553d865-8fe2-47de-9a30-10e1dea3bd1d', 'usr_390');
INSERT INTO trabalho.log_acesso VALUES ('log_390_2_0', 'b553d865-8fe2-47de-9a30-10e1dea3bd1d', 'usr_390');
INSERT INTO trabalho.usuario_esta_inscrito_no_podcast VALUES (4, 'f0166bd2-8e4d-4308-b5d7-0b3d627c5dc5', 'usr_390');
INSERT INTO trabalho.comentarios_podcast_usuario VALUES ('comment_390_0_1', 'Aut sunt et.', 'f0166bd2-8e4d-4308-b5d7-0b3d627c5dc5', 'usr_390');
INSERT INTO trabalho.comentarios_podcast_usuario VALUES ('comment_390_1_1', 'Quia minus repellendus fuga totam fuga perspiciatis quae.', 'f0166bd2-8e4d-4308-b5d7-0b3d627c5dc5', 'usr_390');
INSERT INTO trabalho.comentarios_podcast_usuario VALUES ('comment_390_2_1', 'Facere harum voluptate eveniet soluta.', 'f0166bd2-8e4d-4308-b5d7-0b3d627c5dc5', 'usr_390');
INSERT INTO trabalho.comentarios_podcast_usuario VALUES ('comment_390_3_1', 'Iusto est veniam sunt enim aut similique ducimus porro aliquid.', 'f0166bd2-8e4d-4308-b5d7-0b3d627c5dc5', 'usr_390');
INSERT INTO trabalho.comentarios_podcast_usuario VALUES ('comment_390_4_1', 'Consequatur sequi eos voluptas et blanditiis laborum ad accusantium.', 'f0166bd2-8e4d-4308-b5d7-0b3d627c5dc5', 'usr_390');
INSERT INTO trabalho.comentarios_podcast_usuario VALUES ('comment_390_5_1', 'Blanditiis debitis eligendi dolorem velit voluptatem impedit.', 'f0166bd2-8e4d-4308-b5d7-0b3d627c5dc5', 'usr_390');
INSERT INTO trabalho.log_acesso VALUES ('log_390_0_1', 'f0166bd2-8e4d-4308-b5d7-0b3d627c5dc5', 'usr_390');
INSERT INTO trabalho.log_acesso VALUES ('log_390_1_1', 'f0166bd2-8e4d-4308-b5d7-0b3d627c5dc5', 'usr_390');
INSERT INTO trabalho.usuario_esta_inscrito_no_podcast VALUES (2, 'de2f0ddb-9903-436a-a5e2-54224254c818', 'usr_390');
INSERT INTO trabalho.comentarios_podcast_usuario VALUES ('comment_390_0_2', 'Eius velit eum neque laborum autem.', 'de2f0ddb-9903-436a-a5e2-54224254c818', 'usr_390');
INSERT INTO trabalho.log_acesso VALUES ('log_390_0_2', 'de2f0ddb-9903-436a-a5e2-54224254c818', 'usr_390');
INSERT INTO trabalho.log_acesso VALUES ('log_390_1_2', 'de2f0ddb-9903-436a-a5e2-54224254c818', 'usr_390');
INSERT INTO trabalho.log_acesso VALUES ('log_390_2_2', 'de2f0ddb-9903-436a-a5e2-54224254c818', 'usr_390');
INSERT INTO trabalho.log_acesso VALUES ('log_390_3_2', 'de2f0ddb-9903-436a-a5e2-54224254c818', 'usr_390');
INSERT INTO trabalho.usuario VALUES ('usr_391', '391_Bencio.Albuquerque@bol.com.br', 'Benício Albuquerque', 'male', 52, trabalho.hashPassword('Password123'), 'Colômbia');
INSERT INTO trabalho.usuario_esta_inscrito_no_podcast VALUES (2, '7e429e8e-7669-403d-bb78-3cd7f9f75afd', 'usr_391');
INSERT INTO trabalho.comentarios_podcast_usuario VALUES ('comment_391_0_0', 'Minus laudantium tempora.', '7e429e8e-7669-403d-bb78-3cd7f9f75afd', 'usr_391');
INSERT INTO trabalho.comentarios_podcast_usuario VALUES ('comment_391_1_0', 'Impedit non magni provident accusantium consequatur ut veniam voluptatibus consequatur.', '7e429e8e-7669-403d-bb78-3cd7f9f75afd', 'usr_391');
INSERT INTO trabalho.comentarios_podcast_usuario VALUES ('comment_391_2_0', 'Est possimus corporis dolorem dolore dignissimos.', '7e429e8e-7669-403d-bb78-3cd7f9f75afd', 'usr_391');
INSERT INTO trabalho.comentarios_podcast_usuario VALUES ('comment_391_3_0', 'Nihil soluta est dicta facilis nihil sunt illum nihil.', '7e429e8e-7669-403d-bb78-3cd7f9f75afd', 'usr_391');
INSERT INTO trabalho.log_acesso VALUES ('log_391_0_0', '7e429e8e-7669-403d-bb78-3cd7f9f75afd', 'usr_391');
INSERT INTO trabalho.log_acesso VALUES ('log_391_1_0', '7e429e8e-7669-403d-bb78-3cd7f9f75afd', 'usr_391');
INSERT INTO trabalho.log_acesso VALUES ('log_391_2_0', '7e429e8e-7669-403d-bb78-3cd7f9f75afd', 'usr_391');
INSERT INTO trabalho.log_acesso VALUES ('log_391_3_0', '7e429e8e-7669-403d-bb78-3cd7f9f75afd', 'usr_391');
INSERT INTO trabalho.usuario_esta_inscrito_no_podcast VALUES (2, '168c1536-4c42-4b8f-8c77-f06affefec6a', 'usr_391');
INSERT INTO trabalho.comentarios_podcast_usuario VALUES ('comment_391_0_1', 'Consectetur ea non incidunt velit nam deleniti.', '168c1536-4c42-4b8f-8c77-f06affefec6a', 'usr_391');
INSERT INTO trabalho.log_acesso VALUES ('log_391_0_1', '168c1536-4c42-4b8f-8c77-f06affefec6a', 'usr_391');
INSERT INTO trabalho.log_acesso VALUES ('log_391_1_1', '168c1536-4c42-4b8f-8c77-f06affefec6a', 'usr_391');
INSERT INTO trabalho.log_acesso VALUES ('log_391_2_1', '168c1536-4c42-4b8f-8c77-f06affefec6a', 'usr_391');
INSERT INTO trabalho.usuario_esta_inscrito_no_podcast VALUES (0, 'fa3abe16-3645-4d22-a01d-893e6f20c408', 'usr_391');
INSERT INTO trabalho.comentarios_podcast_usuario VALUES ('comment_391_0_2', 'Sint eos id.', 'fa3abe16-3645-4d22-a01d-893e6f20c408', 'usr_391');
INSERT INTO trabalho.comentarios_podcast_usuario VALUES ('comment_391_1_2', 'Voluptas ipsam nihil.', 'fa3abe16-3645-4d22-a01d-893e6f20c408', 'usr_391');
INSERT INTO trabalho.comentarios_podcast_usuario VALUES ('comment_391_2_2', 'Voluptas debitis et odio rem cumque amet soluta doloremque qui.', 'fa3abe16-3645-4d22-a01d-893e6f20c408', 'usr_391');
INSERT INTO trabalho.log_acesso VALUES ('log_391_0_2', 'fa3abe16-3645-4d22-a01d-893e6f20c408', 'usr_391');
INSERT INTO trabalho.log_acesso VALUES ('log_391_1_2', 'fa3abe16-3645-4d22-a01d-893e6f20c408', 'usr_391');
INSERT INTO trabalho.log_acesso VALUES ('log_391_2_2', 'fa3abe16-3645-4d22-a01d-893e6f20c408', 'usr_391');
INSERT INTO trabalho.log_acesso VALUES ('log_391_3_2', 'fa3abe16-3645-4d22-a01d-893e6f20c408', 'usr_391');
INSERT INTO trabalho.usuario VALUES ('usr_392', '392_Calebe64@gmail.com', 'Calebe Martins', 'male', 36, trabalho.hashPassword('Password123'), 'Argentina');
INSERT INTO trabalho.usuario_esta_inscrito_no_podcast VALUES (3, 'c58b280a-56d4-4ad8-8c85-730e4ea86361', 'usr_392');
INSERT INTO trabalho.comentarios_podcast_usuario VALUES ('comment_392_0_0', 'Voluptas quibusdam omnis sequi voluptatum.', 'c58b280a-56d4-4ad8-8c85-730e4ea86361', 'usr_392');
INSERT INTO trabalho.comentarios_podcast_usuario VALUES ('comment_392_1_0', 'Consequatur et doloribus rerum.', 'c58b280a-56d4-4ad8-8c85-730e4ea86361', 'usr_392');
INSERT INTO trabalho.comentarios_podcast_usuario VALUES ('comment_392_2_0', 'Sed iusto odio neque dolores dolores voluptatem ut.', 'c58b280a-56d4-4ad8-8c85-730e4ea86361', 'usr_392');
INSERT INTO trabalho.log_acesso VALUES ('log_392_0_0', 'c58b280a-56d4-4ad8-8c85-730e4ea86361', 'usr_392');
INSERT INTO trabalho.log_acesso VALUES ('log_392_1_0', 'c58b280a-56d4-4ad8-8c85-730e4ea86361', 'usr_392');
INSERT INTO trabalho.log_acesso VALUES ('log_392_2_0', 'c58b280a-56d4-4ad8-8c85-730e4ea86361', 'usr_392');
INSERT INTO trabalho.log_acesso VALUES ('log_392_3_0', 'c58b280a-56d4-4ad8-8c85-730e4ea86361', 'usr_392');
INSERT INTO trabalho.log_acesso VALUES ('log_392_4_0', 'c58b280a-56d4-4ad8-8c85-730e4ea86361', 'usr_392');
INSERT INTO trabalho.log_acesso VALUES ('log_392_5_0', 'c58b280a-56d4-4ad8-8c85-730e4ea86361', 'usr_392');
INSERT INTO trabalho.usuario_esta_inscrito_no_podcast VALUES (2, 'f0166bd2-8e4d-4308-b5d7-0b3d627c5dc5', 'usr_392');
INSERT INTO trabalho.comentarios_podcast_usuario VALUES ('comment_392_0_1', 'Id aut reiciendis et.', 'f0166bd2-8e4d-4308-b5d7-0b3d627c5dc5', 'usr_392');
INSERT INTO trabalho.comentarios_podcast_usuario VALUES ('comment_392_1_1', 'Culpa incidunt omnis tempora distinctio blanditiis ut placeat.', 'f0166bd2-8e4d-4308-b5d7-0b3d627c5dc5', 'usr_392');
INSERT INTO trabalho.comentarios_podcast_usuario VALUES ('comment_392_2_1', 'Sunt vitae perspiciatis pariatur ut at.', 'f0166bd2-8e4d-4308-b5d7-0b3d627c5dc5', 'usr_392');
INSERT INTO trabalho.log_acesso VALUES ('log_392_0_1', 'f0166bd2-8e4d-4308-b5d7-0b3d627c5dc5', 'usr_392');
INSERT INTO trabalho.log_acesso VALUES ('log_392_1_1', 'f0166bd2-8e4d-4308-b5d7-0b3d627c5dc5', 'usr_392');
INSERT INTO trabalho.log_acesso VALUES ('log_392_2_1', 'f0166bd2-8e4d-4308-b5d7-0b3d627c5dc5', 'usr_392');
INSERT INTO trabalho.log_acesso VALUES ('log_392_3_1', 'f0166bd2-8e4d-4308-b5d7-0b3d627c5dc5', 'usr_392');
INSERT INTO trabalho.log_acesso VALUES ('log_392_4_1', 'f0166bd2-8e4d-4308-b5d7-0b3d627c5dc5', 'usr_392');
INSERT INTO trabalho.log_acesso VALUES ('log_392_5_1', 'f0166bd2-8e4d-4308-b5d7-0b3d627c5dc5', 'usr_392');
INSERT INTO trabalho.usuario_esta_inscrito_no_podcast VALUES (0, 'af46a958-b921-47b6-9f87-5c4fdc68ea79', 'usr_392');
INSERT INTO trabalho.comentarios_podcast_usuario VALUES ('comment_392_0_2', 'Unde qui veniam aut alias molestiae temporibus praesentium sed dolorem.', 'af46a958-b921-47b6-9f87-5c4fdc68ea79', 'usr_392');
INSERT INTO trabalho.comentarios_podcast_usuario VALUES ('comment_392_1_2', 'Vero eos harum non sit nobis.', 'af46a958-b921-47b6-9f87-5c4fdc68ea79', 'usr_392');
INSERT INTO trabalho.comentarios_podcast_usuario VALUES ('comment_392_2_2', 'Omnis ipsam sunt cupiditate tenetur optio a et.', 'af46a958-b921-47b6-9f87-5c4fdc68ea79', 'usr_392');
INSERT INTO trabalho.comentarios_podcast_usuario VALUES ('comment_392_3_2', 'Quia dolores quia laborum provident.', 'af46a958-b921-47b6-9f87-5c4fdc68ea79', 'usr_392');
INSERT INTO trabalho.comentarios_podcast_usuario VALUES ('comment_392_4_2', 'A facere id provident laborum aut.', 'af46a958-b921-47b6-9f87-5c4fdc68ea79', 'usr_392');
INSERT INTO trabalho.log_acesso VALUES ('log_392_0_2', 'af46a958-b921-47b6-9f87-5c4fdc68ea79', 'usr_392');
INSERT INTO trabalho.log_acesso VALUES ('log_392_1_2', 'af46a958-b921-47b6-9f87-5c4fdc68ea79', 'usr_392');
INSERT INTO trabalho.log_acesso VALUES ('log_392_2_2', 'af46a958-b921-47b6-9f87-5c4fdc68ea79', 'usr_392');
INSERT INTO trabalho.log_acesso VALUES ('log_392_3_2', 'af46a958-b921-47b6-9f87-5c4fdc68ea79', 'usr_392');
INSERT INTO trabalho.log_acesso VALUES ('log_392_4_2', 'af46a958-b921-47b6-9f87-5c4fdc68ea79', 'usr_392');
INSERT INTO trabalho.log_acesso VALUES ('log_392_5_2', 'af46a958-b921-47b6-9f87-5c4fdc68ea79', 'usr_392');
INSERT INTO trabalho.usuario VALUES ('usr_393', '393_Yago17@yahoo.com', 'Yago Carvalho', 'male', 57, trabalho.hashPassword('Password123'), 'Qatar');
INSERT INTO trabalho.usuario_esta_inscrito_no_podcast VALUES (0, 'f0166bd2-8e4d-4308-b5d7-0b3d627c5dc5', 'usr_393');
INSERT INTO trabalho.comentarios_podcast_usuario VALUES ('comment_393_0_0', 'Explicabo sit nihil unde nulla magni doloribus in asperiores voluptatum.', 'f0166bd2-8e4d-4308-b5d7-0b3d627c5dc5', 'usr_393');
INSERT INTO trabalho.comentarios_podcast_usuario VALUES ('comment_393_1_0', 'Est aliquid numquam quisquam natus sit et vero qui.', 'f0166bd2-8e4d-4308-b5d7-0b3d627c5dc5', 'usr_393');
INSERT INTO trabalho.log_acesso VALUES ('log_393_0_0', 'f0166bd2-8e4d-4308-b5d7-0b3d627c5dc5', 'usr_393');
INSERT INTO trabalho.log_acesso VALUES ('log_393_1_0', 'f0166bd2-8e4d-4308-b5d7-0b3d627c5dc5', 'usr_393');
INSERT INTO trabalho.log_acesso VALUES ('log_393_2_0', 'f0166bd2-8e4d-4308-b5d7-0b3d627c5dc5', 'usr_393');
INSERT INTO trabalho.log_acesso VALUES ('log_393_3_0', 'f0166bd2-8e4d-4308-b5d7-0b3d627c5dc5', 'usr_393');
INSERT INTO trabalho.log_acesso VALUES ('log_393_4_0', 'f0166bd2-8e4d-4308-b5d7-0b3d627c5dc5', 'usr_393');
INSERT INTO trabalho.log_acesso VALUES ('log_393_5_0', 'f0166bd2-8e4d-4308-b5d7-0b3d627c5dc5', 'usr_393');
INSERT INTO trabalho.usuario_esta_inscrito_no_podcast VALUES (1, 'b553d865-8fe2-47de-9a30-10e1dea3bd1d', 'usr_393');
INSERT INTO trabalho.comentarios_podcast_usuario VALUES ('comment_393_0_1', 'Voluptatem ut ut ea placeat sint quia nihil nesciunt ipsa.', 'b553d865-8fe2-47de-9a30-10e1dea3bd1d', 'usr_393');
INSERT INTO trabalho.comentarios_podcast_usuario VALUES ('comment_393_1_1', 'Debitis maiores et cupiditate vitae qui sed ipsum.', 'b553d865-8fe2-47de-9a30-10e1dea3bd1d', 'usr_393');
INSERT INTO trabalho.log_acesso VALUES ('log_393_0_1', 'b553d865-8fe2-47de-9a30-10e1dea3bd1d', 'usr_393');
INSERT INTO trabalho.log_acesso VALUES ('log_393_1_1', 'b553d865-8fe2-47de-9a30-10e1dea3bd1d', 'usr_393');
INSERT INTO trabalho.log_acesso VALUES ('log_393_2_1', 'b553d865-8fe2-47de-9a30-10e1dea3bd1d', 'usr_393');
INSERT INTO trabalho.log_acesso VALUES ('log_393_3_1', 'b553d865-8fe2-47de-9a30-10e1dea3bd1d', 'usr_393');
INSERT INTO trabalho.log_acesso VALUES ('log_393_4_1', 'b553d865-8fe2-47de-9a30-10e1dea3bd1d', 'usr_393');
INSERT INTO trabalho.log_acesso VALUES ('log_393_5_1', 'b553d865-8fe2-47de-9a30-10e1dea3bd1d', 'usr_393');
INSERT INTO trabalho.usuario_esta_inscrito_no_podcast VALUES (5, 'af46a958-b921-47b6-9f87-5c4fdc68ea79', 'usr_393');
INSERT INTO trabalho.comentarios_podcast_usuario VALUES ('comment_393_0_2', 'Est officia magni nesciunt animi et nisi.', 'af46a958-b921-47b6-9f87-5c4fdc68ea79', 'usr_393');
INSERT INTO trabalho.comentarios_podcast_usuario VALUES ('comment_393_1_2', 'Eligendi itaque non a earum nemo.', 'af46a958-b921-47b6-9f87-5c4fdc68ea79', 'usr_393');
INSERT INTO trabalho.comentarios_podcast_usuario VALUES ('comment_393_2_2', 'Dolor ratione neque velit ut cupiditate eos.', 'af46a958-b921-47b6-9f87-5c4fdc68ea79', 'usr_393');
INSERT INTO trabalho.comentarios_podcast_usuario VALUES ('comment_393_3_2', 'Laudantium fuga voluptatem.', 'af46a958-b921-47b6-9f87-5c4fdc68ea79', 'usr_393');
INSERT INTO trabalho.comentarios_podcast_usuario VALUES ('comment_393_4_2', 'Enim quis amet quasi consequatur.', 'af46a958-b921-47b6-9f87-5c4fdc68ea79', 'usr_393');
INSERT INTO trabalho.log_acesso VALUES ('log_393_0_2', 'af46a958-b921-47b6-9f87-5c4fdc68ea79', 'usr_393');
INSERT INTO trabalho.log_acesso VALUES ('log_393_1_2', 'af46a958-b921-47b6-9f87-5c4fdc68ea79', 'usr_393');
INSERT INTO trabalho.log_acesso VALUES ('log_393_2_2', 'af46a958-b921-47b6-9f87-5c4fdc68ea79', 'usr_393');
INSERT INTO trabalho.log_acesso VALUES ('log_393_3_2', 'af46a958-b921-47b6-9f87-5c4fdc68ea79', 'usr_393');
INSERT INTO trabalho.usuario VALUES ('usr_394', '394_Norberto_Carvalho15@live.com', 'Norberto Carvalho', 'male', 49, trabalho.hashPassword('Password123'), 'Taiwan');
INSERT INTO trabalho.usuario_esta_inscrito_no_podcast VALUES (0, 'c58b280a-56d4-4ad8-8c85-730e4ea86361', 'usr_394');
INSERT INTO trabalho.comentarios_podcast_usuario VALUES ('comment_394_0_0', 'Dolore a explicabo alias esse enim asperiores exercitationem.', 'c58b280a-56d4-4ad8-8c85-730e4ea86361', 'usr_394');
INSERT INTO trabalho.comentarios_podcast_usuario VALUES ('comment_394_1_0', 'Odio maiores itaque ullam in accusantium et.', 'c58b280a-56d4-4ad8-8c85-730e4ea86361', 'usr_394');
INSERT INTO trabalho.comentarios_podcast_usuario VALUES ('comment_394_2_0', 'Ut quisquam at explicabo provident.', 'c58b280a-56d4-4ad8-8c85-730e4ea86361', 'usr_394');
INSERT INTO trabalho.comentarios_podcast_usuario VALUES ('comment_394_3_0', 'Rem ea libero accusamus quia doloremque molestiae.', 'c58b280a-56d4-4ad8-8c85-730e4ea86361', 'usr_394');
INSERT INTO trabalho.log_acesso VALUES ('log_394_0_0', 'c58b280a-56d4-4ad8-8c85-730e4ea86361', 'usr_394');
INSERT INTO trabalho.log_acesso VALUES ('log_394_1_0', 'c58b280a-56d4-4ad8-8c85-730e4ea86361', 'usr_394');
INSERT INTO trabalho.usuario_esta_inscrito_no_podcast VALUES (2, 'de2f0ddb-9903-436a-a5e2-54224254c818', 'usr_394');
INSERT INTO trabalho.comentarios_podcast_usuario VALUES ('comment_394_0_1', 'Qui voluptatem sit sit quia unde.', 'de2f0ddb-9903-436a-a5e2-54224254c818', 'usr_394');
INSERT INTO trabalho.comentarios_podcast_usuario VALUES ('comment_394_1_1', 'Fugiat eos eveniet facere dolorem culpa ad et nobis.', 'de2f0ddb-9903-436a-a5e2-54224254c818', 'usr_394');
INSERT INTO trabalho.comentarios_podcast_usuario VALUES ('comment_394_2_1', 'Sed qui quia.', 'de2f0ddb-9903-436a-a5e2-54224254c818', 'usr_394');
INSERT INTO trabalho.log_acesso VALUES ('log_394_0_1', 'de2f0ddb-9903-436a-a5e2-54224254c818', 'usr_394');
INSERT INTO trabalho.log_acesso VALUES ('log_394_1_1', 'de2f0ddb-9903-436a-a5e2-54224254c818', 'usr_394');
INSERT INTO trabalho.log_acesso VALUES ('log_394_2_1', 'de2f0ddb-9903-436a-a5e2-54224254c818', 'usr_394');
INSERT INTO trabalho.usuario_esta_inscrito_no_podcast VALUES (1, 'f0166bd2-8e4d-4308-b5d7-0b3d627c5dc5', 'usr_394');
INSERT INTO trabalho.comentarios_podcast_usuario VALUES ('comment_394_0_2', 'Qui molestias voluptas omnis.', 'f0166bd2-8e4d-4308-b5d7-0b3d627c5dc5', 'usr_394');
INSERT INTO trabalho.comentarios_podcast_usuario VALUES ('comment_394_1_2', 'Error rerum quisquam minus error non voluptatem.', 'f0166bd2-8e4d-4308-b5d7-0b3d627c5dc5', 'usr_394');
INSERT INTO trabalho.comentarios_podcast_usuario VALUES ('comment_394_2_2', 'Ex unde aut magnam.', 'f0166bd2-8e4d-4308-b5d7-0b3d627c5dc5', 'usr_394');
INSERT INTO trabalho.comentarios_podcast_usuario VALUES ('comment_394_3_2', 'Pariatur minus inventore.', 'f0166bd2-8e4d-4308-b5d7-0b3d627c5dc5', 'usr_394');
INSERT INTO trabalho.comentarios_podcast_usuario VALUES ('comment_394_4_2', 'Est tenetur consequatur praesentium qui accusamus sint.', 'f0166bd2-8e4d-4308-b5d7-0b3d627c5dc5', 'usr_394');
INSERT INTO trabalho.log_acesso VALUES ('log_394_0_2', 'f0166bd2-8e4d-4308-b5d7-0b3d627c5dc5', 'usr_394');
INSERT INTO trabalho.log_acesso VALUES ('log_394_1_2', 'f0166bd2-8e4d-4308-b5d7-0b3d627c5dc5', 'usr_394');
INSERT INTO trabalho.usuario VALUES ('usr_395', '395_Margarida.Xavier58@live.com', 'Margarida Xavier', 'female', 25, trabalho.hashPassword('Password123'), 'Ruanda');
INSERT INTO trabalho.usuario_esta_inscrito_no_podcast VALUES (3, 'bc8dac25-793c-4a96-aafc-4ea7020f4f60', 'usr_395');
INSERT INTO trabalho.comentarios_podcast_usuario VALUES ('comment_395_0_0', 'Non et error consequatur illo.', 'bc8dac25-793c-4a96-aafc-4ea7020f4f60', 'usr_395');
INSERT INTO trabalho.log_acesso VALUES ('log_395_0_0', 'bc8dac25-793c-4a96-aafc-4ea7020f4f60', 'usr_395');
INSERT INTO trabalho.usuario_esta_inscrito_no_podcast VALUES (1, 'b553d865-8fe2-47de-9a30-10e1dea3bd1d', 'usr_395');
INSERT INTO trabalho.comentarios_podcast_usuario VALUES ('comment_395_0_1', 'Optio magni sint sit earum ut modi blanditiis.', 'b553d865-8fe2-47de-9a30-10e1dea3bd1d', 'usr_395');
INSERT INTO trabalho.comentarios_podcast_usuario VALUES ('comment_395_1_1', 'Explicabo id nam non placeat beatae dolor non.', 'b553d865-8fe2-47de-9a30-10e1dea3bd1d', 'usr_395');
INSERT INTO trabalho.comentarios_podcast_usuario VALUES ('comment_395_2_1', 'Corporis ad amet modi autem.', 'b553d865-8fe2-47de-9a30-10e1dea3bd1d', 'usr_395');
INSERT INTO trabalho.log_acesso VALUES ('log_395_0_1', 'b553d865-8fe2-47de-9a30-10e1dea3bd1d', 'usr_395');
INSERT INTO trabalho.log_acesso VALUES ('log_395_1_1', 'b553d865-8fe2-47de-9a30-10e1dea3bd1d', 'usr_395');
INSERT INTO trabalho.usuario_esta_inscrito_no_podcast VALUES (4, '5bdf7377-8330-4f9f-8efd-e95301c122ce', 'usr_395');
INSERT INTO trabalho.comentarios_podcast_usuario VALUES ('comment_395_0_2', 'Recusandae atque voluptatum minus.', '5bdf7377-8330-4f9f-8efd-e95301c122ce', 'usr_395');
INSERT INTO trabalho.log_acesso VALUES ('log_395_0_2', '5bdf7377-8330-4f9f-8efd-e95301c122ce', 'usr_395');
INSERT INTO trabalho.log_acesso VALUES ('log_395_1_2', '5bdf7377-8330-4f9f-8efd-e95301c122ce', 'usr_395');
INSERT INTO trabalho.usuario VALUES ('usr_396', '396_Clia42@gmail.com', 'Célia Silva', 'female', 42, trabalho.hashPassword('Password123'), 'Filipinas');
INSERT INTO trabalho.usuario_esta_inscrito_no_podcast VALUES (3, 'bc8dac25-793c-4a96-aafc-4ea7020f4f60', 'usr_396');
INSERT INTO trabalho.comentarios_podcast_usuario VALUES ('comment_396_0_0', 'Quaerat ratione quod eaque labore.', 'bc8dac25-793c-4a96-aafc-4ea7020f4f60', 'usr_396');
INSERT INTO trabalho.comentarios_podcast_usuario VALUES ('comment_396_1_0', 'Itaque sed nulla laudantium odit alias quo.', 'bc8dac25-793c-4a96-aafc-4ea7020f4f60', 'usr_396');
INSERT INTO trabalho.log_acesso VALUES ('log_396_0_0', 'bc8dac25-793c-4a96-aafc-4ea7020f4f60', 'usr_396');
INSERT INTO trabalho.log_acesso VALUES ('log_396_1_0', 'bc8dac25-793c-4a96-aafc-4ea7020f4f60', 'usr_396');
INSERT INTO trabalho.log_acesso VALUES ('log_396_2_0', 'bc8dac25-793c-4a96-aafc-4ea7020f4f60', 'usr_396');
INSERT INTO trabalho.usuario_esta_inscrito_no_podcast VALUES (0, 'f0166bd2-8e4d-4308-b5d7-0b3d627c5dc5', 'usr_396');
INSERT INTO trabalho.comentarios_podcast_usuario VALUES ('comment_396_0_1', 'Officia et facere ea et cumque incidunt.', 'f0166bd2-8e4d-4308-b5d7-0b3d627c5dc5', 'usr_396');
INSERT INTO trabalho.log_acesso VALUES ('log_396_0_1', 'f0166bd2-8e4d-4308-b5d7-0b3d627c5dc5', 'usr_396');
INSERT INTO trabalho.log_acesso VALUES ('log_396_1_1', 'f0166bd2-8e4d-4308-b5d7-0b3d627c5dc5', 'usr_396');
INSERT INTO trabalho.log_acesso VALUES ('log_396_2_1', 'f0166bd2-8e4d-4308-b5d7-0b3d627c5dc5', 'usr_396');
INSERT INTO trabalho.log_acesso VALUES ('log_396_3_1', 'f0166bd2-8e4d-4308-b5d7-0b3d627c5dc5', 'usr_396');
INSERT INTO trabalho.usuario_esta_inscrito_no_podcast VALUES (4, '168c1536-4c42-4b8f-8c77-f06affefec6a', 'usr_396');
INSERT INTO trabalho.comentarios_podcast_usuario VALUES ('comment_396_0_2', 'Et possimus pariatur at blanditiis culpa corporis excepturi.', '168c1536-4c42-4b8f-8c77-f06affefec6a', 'usr_396');
INSERT INTO trabalho.comentarios_podcast_usuario VALUES ('comment_396_1_2', 'Rerum et voluptates sint voluptates doloribus sed omnis.', '168c1536-4c42-4b8f-8c77-f06affefec6a', 'usr_396');
INSERT INTO trabalho.log_acesso VALUES ('log_396_0_2', '168c1536-4c42-4b8f-8c77-f06affefec6a', 'usr_396');
INSERT INTO trabalho.log_acesso VALUES ('log_396_1_2', '168c1536-4c42-4b8f-8c77-f06affefec6a', 'usr_396');
INSERT INTO trabalho.usuario VALUES ('usr_397', '397_Caio21@live.com', 'Caio Oliveira', 'male', 0, trabalho.hashPassword('Password123'), 'Nova Caledonia');
INSERT INTO trabalho.usuario_esta_inscrito_no_podcast VALUES (0, 'de2f0ddb-9903-436a-a5e2-54224254c818', 'usr_397');
INSERT INTO trabalho.comentarios_podcast_usuario VALUES ('comment_397_0_0', 'Illum veritatis dolorem alias.', 'de2f0ddb-9903-436a-a5e2-54224254c818', 'usr_397');
INSERT INTO trabalho.comentarios_podcast_usuario VALUES ('comment_397_1_0', 'Non dicta voluptatibus enim similique qui.', 'de2f0ddb-9903-436a-a5e2-54224254c818', 'usr_397');
INSERT INTO trabalho.comentarios_podcast_usuario VALUES ('comment_397_2_0', 'Molestiae consequatur consequatur rerum at est in blanditiis aspernatur.', 'de2f0ddb-9903-436a-a5e2-54224254c818', 'usr_397');
INSERT INTO trabalho.comentarios_podcast_usuario VALUES ('comment_397_3_0', 'Blanditiis dolorem impedit.', 'de2f0ddb-9903-436a-a5e2-54224254c818', 'usr_397');
INSERT INTO trabalho.comentarios_podcast_usuario VALUES ('comment_397_4_0', 'Rerum eius nisi.', 'de2f0ddb-9903-436a-a5e2-54224254c818', 'usr_397');
INSERT INTO trabalho.log_acesso VALUES ('log_397_0_0', 'de2f0ddb-9903-436a-a5e2-54224254c818', 'usr_397');
INSERT INTO trabalho.log_acesso VALUES ('log_397_1_0', 'de2f0ddb-9903-436a-a5e2-54224254c818', 'usr_397');
INSERT INTO trabalho.log_acesso VALUES ('log_397_2_0', 'de2f0ddb-9903-436a-a5e2-54224254c818', 'usr_397');
INSERT INTO trabalho.log_acesso VALUES ('log_397_3_0', 'de2f0ddb-9903-436a-a5e2-54224254c818', 'usr_397');
INSERT INTO trabalho.usuario_esta_inscrito_no_podcast VALUES (4, 'f1b92ce7-47a7-43cd-8586-4a09185cdd05', 'usr_397');
INSERT INTO trabalho.comentarios_podcast_usuario VALUES ('comment_397_0_1', 'Sequi alias placeat.', 'f1b92ce7-47a7-43cd-8586-4a09185cdd05', 'usr_397');
INSERT INTO trabalho.log_acesso VALUES ('log_397_0_1', 'f1b92ce7-47a7-43cd-8586-4a09185cdd05', 'usr_397');
INSERT INTO trabalho.log_acesso VALUES ('log_397_1_1', 'f1b92ce7-47a7-43cd-8586-4a09185cdd05', 'usr_397');
INSERT INTO trabalho.log_acesso VALUES ('log_397_2_1', 'f1b92ce7-47a7-43cd-8586-4a09185cdd05', 'usr_397');
INSERT INTO trabalho.log_acesso VALUES ('log_397_3_1', 'f1b92ce7-47a7-43cd-8586-4a09185cdd05', 'usr_397');
INSERT INTO trabalho.usuario_esta_inscrito_no_podcast VALUES (3, 'f0166bd2-8e4d-4308-b5d7-0b3d627c5dc5', 'usr_397');
INSERT INTO trabalho.comentarios_podcast_usuario VALUES ('comment_397_0_2', 'In porro autem distinctio quasi est est.', 'f0166bd2-8e4d-4308-b5d7-0b3d627c5dc5', 'usr_397');
INSERT INTO trabalho.comentarios_podcast_usuario VALUES ('comment_397_1_2', 'Sint qui voluptas sunt rerum enim sed quis harum.', 'f0166bd2-8e4d-4308-b5d7-0b3d627c5dc5', 'usr_397');
INSERT INTO trabalho.comentarios_podcast_usuario VALUES ('comment_397_2_2', 'Eos molestias perferendis explicabo quod iure.', 'f0166bd2-8e4d-4308-b5d7-0b3d627c5dc5', 'usr_397');
INSERT INTO trabalho.log_acesso VALUES ('log_397_0_2', 'f0166bd2-8e4d-4308-b5d7-0b3d627c5dc5', 'usr_397');
INSERT INTO trabalho.usuario VALUES ('usr_398', '398_AnaLuiza.Martins@yahoo.com', 'Ana Luiza Martins', 'female', 10, trabalho.hashPassword('Password123'), 'Bulgária');
INSERT INTO trabalho.usuario_esta_inscrito_no_podcast VALUES (1, 'de2f0ddb-9903-436a-a5e2-54224254c818', 'usr_398');
INSERT INTO trabalho.comentarios_podcast_usuario VALUES ('comment_398_0_0', 'Porro ipsam laboriosam minima cumque ab itaque quia alias.', 'de2f0ddb-9903-436a-a5e2-54224254c818', 'usr_398');
INSERT INTO trabalho.comentarios_podcast_usuario VALUES ('comment_398_1_0', 'Quidem quia non autem qui sit id sint.', 'de2f0ddb-9903-436a-a5e2-54224254c818', 'usr_398');
INSERT INTO trabalho.comentarios_podcast_usuario VALUES ('comment_398_2_0', 'Labore placeat inventore sit ad ratione in ut.', 'de2f0ddb-9903-436a-a5e2-54224254c818', 'usr_398');
INSERT INTO trabalho.log_acesso VALUES ('log_398_0_0', 'de2f0ddb-9903-436a-a5e2-54224254c818', 'usr_398');
INSERT INTO trabalho.usuario_esta_inscrito_no_podcast VALUES (2, '219328a1-cec6-4e8c-b003-52a3ec9766bb', 'usr_398');
INSERT INTO trabalho.comentarios_podcast_usuario VALUES ('comment_398_0_1', 'Dolorem id necessitatibus dolores maiores ea qui nobis non veritatis.', '219328a1-cec6-4e8c-b003-52a3ec9766bb', 'usr_398');
INSERT INTO trabalho.log_acesso VALUES ('log_398_0_1', '219328a1-cec6-4e8c-b003-52a3ec9766bb', 'usr_398');
INSERT INTO trabalho.log_acesso VALUES ('log_398_1_1', '219328a1-cec6-4e8c-b003-52a3ec9766bb', 'usr_398');
INSERT INTO trabalho.log_acesso VALUES ('log_398_2_1', '219328a1-cec6-4e8c-b003-52a3ec9766bb', 'usr_398');
INSERT INTO trabalho.log_acesso VALUES ('log_398_3_1', '219328a1-cec6-4e8c-b003-52a3ec9766bb', 'usr_398');
INSERT INTO trabalho.usuario_esta_inscrito_no_podcast VALUES (3, '67074e68-bc2f-442b-8af2-7d328b6af6eb', 'usr_398');
INSERT INTO trabalho.comentarios_podcast_usuario VALUES ('comment_398_0_2', 'Minima nostrum et explicabo omnis nemo mollitia nobis.', '67074e68-bc2f-442b-8af2-7d328b6af6eb', 'usr_398');
INSERT INTO trabalho.log_acesso VALUES ('log_398_0_2', '67074e68-bc2f-442b-8af2-7d328b6af6eb', 'usr_398');
INSERT INTO trabalho.log_acesso VALUES ('log_398_1_2', '67074e68-bc2f-442b-8af2-7d328b6af6eb', 'usr_398');
INSERT INTO trabalho.log_acesso VALUES ('log_398_2_2', '67074e68-bc2f-442b-8af2-7d328b6af6eb', 'usr_398');
INSERT INTO trabalho.usuario VALUES ('usr_399', '399_DaviLucca44@yahoo.com', 'Davi Lucca Oliveira', 'male', 9, trabalho.hashPassword('Password123'), 'Tajiquistão');
INSERT INTO trabalho.usuario_esta_inscrito_no_podcast VALUES (3, '219328a1-cec6-4e8c-b003-52a3ec9766bb', 'usr_399');
INSERT INTO trabalho.comentarios_podcast_usuario VALUES ('comment_399_0_0', 'Rem tempora voluptas accusantium odio expedita eligendi quia.', '219328a1-cec6-4e8c-b003-52a3ec9766bb', 'usr_399');
INSERT INTO trabalho.comentarios_podcast_usuario VALUES ('comment_399_1_0', 'Sint explicabo et vel.', '219328a1-cec6-4e8c-b003-52a3ec9766bb', 'usr_399');
INSERT INTO trabalho.comentarios_podcast_usuario VALUES ('comment_399_2_0', 'Est blanditiis quo fugit.', '219328a1-cec6-4e8c-b003-52a3ec9766bb', 'usr_399');
INSERT INTO trabalho.comentarios_podcast_usuario VALUES ('comment_399_3_0', 'Totam sunt aliquid veritatis voluptate enim.', '219328a1-cec6-4e8c-b003-52a3ec9766bb', 'usr_399');
INSERT INTO trabalho.log_acesso VALUES ('log_399_0_0', '219328a1-cec6-4e8c-b003-52a3ec9766bb', 'usr_399');
INSERT INTO trabalho.log_acesso VALUES ('log_399_1_0', '219328a1-cec6-4e8c-b003-52a3ec9766bb', 'usr_399');
INSERT INTO trabalho.log_acesso VALUES ('log_399_2_0', '219328a1-cec6-4e8c-b003-52a3ec9766bb', 'usr_399');
INSERT INTO trabalho.usuario_esta_inscrito_no_podcast VALUES (0, 'af46a958-b921-47b6-9f87-5c4fdc68ea79', 'usr_399');
INSERT INTO trabalho.comentarios_podcast_usuario VALUES ('comment_399_0_1', 'Quo nulla sint tenetur vitae aut velit et.', 'af46a958-b921-47b6-9f87-5c4fdc68ea79', 'usr_399');
INSERT INTO trabalho.comentarios_podcast_usuario VALUES ('comment_399_1_1', 'Quia mollitia et quia ipsum alias aut fugiat.', 'af46a958-b921-47b6-9f87-5c4fdc68ea79', 'usr_399');
INSERT INTO trabalho.comentarios_podcast_usuario VALUES ('comment_399_2_1', 'Unde iusto libero non ratione aspernatur suscipit.', 'af46a958-b921-47b6-9f87-5c4fdc68ea79', 'usr_399');
INSERT INTO trabalho.comentarios_podcast_usuario VALUES ('comment_399_3_1', 'Perferendis deserunt nobis voluptatem a id possimus.', 'af46a958-b921-47b6-9f87-5c4fdc68ea79', 'usr_399');
INSERT INTO trabalho.comentarios_podcast_usuario VALUES ('comment_399_4_1', 'Aperiam temporibus velit vitae totam earum aut id fuga.', 'af46a958-b921-47b6-9f87-5c4fdc68ea79', 'usr_399');
INSERT INTO trabalho.comentarios_podcast_usuario VALUES ('comment_399_5_1', 'Voluptatibus totam aperiam.', 'af46a958-b921-47b6-9f87-5c4fdc68ea79', 'usr_399');
INSERT INTO trabalho.log_acesso VALUES ('log_399_0_1', 'af46a958-b921-47b6-9f87-5c4fdc68ea79', 'usr_399');
INSERT INTO trabalho.log_acesso VALUES ('log_399_1_1', 'af46a958-b921-47b6-9f87-5c4fdc68ea79', 'usr_399');
INSERT INTO trabalho.log_acesso VALUES ('log_399_2_1', 'af46a958-b921-47b6-9f87-5c4fdc68ea79', 'usr_399');
INSERT INTO trabalho.log_acesso VALUES ('log_399_3_1', 'af46a958-b921-47b6-9f87-5c4fdc68ea79', 'usr_399');
INSERT INTO trabalho.usuario_esta_inscrito_no_podcast VALUES (1, 'f0166bd2-8e4d-4308-b5d7-0b3d627c5dc5', 'usr_399');
INSERT INTO trabalho.comentarios_podcast_usuario VALUES ('comment_399_0_2', 'Mollitia necessitatibus in ad ut neque voluptatem minima.', 'f0166bd2-8e4d-4308-b5d7-0b3d627c5dc5', 'usr_399');
INSERT INTO trabalho.comentarios_podcast_usuario VALUES ('comment_399_1_2', 'Hic laboriosam recusandae tenetur placeat ex error quaerat dignissimos nam.', 'f0166bd2-8e4d-4308-b5d7-0b3d627c5dc5', 'usr_399');
INSERT INTO trabalho.log_acesso VALUES ('log_399_0_2', 'f0166bd2-8e4d-4308-b5d7-0b3d627c5dc5', 'usr_399');
INSERT INTO trabalho.log_acesso VALUES ('log_399_1_2', 'f0166bd2-8e4d-4308-b5d7-0b3d627c5dc5', 'usr_399');
INSERT INTO trabalho.log_acesso VALUES ('log_399_2_2', 'f0166bd2-8e4d-4308-b5d7-0b3d627c5dc5', 'usr_399');
INSERT INTO trabalho.log_acesso VALUES ('log_399_3_2', 'f0166bd2-8e4d-4308-b5d7-0b3d627c5dc5', 'usr_399');
INSERT INTO trabalho.log_acesso VALUES ('log_399_4_2', 'f0166bd2-8e4d-4308-b5d7-0b3d627c5dc5', 'usr_399');
INSERT INTO trabalho.usuario VALUES ('usr_400', '400_Warley.Saraiva@gmail.com', 'Warley Saraiva', 'male', 6, trabalho.hashPassword('Password123'), 'Togo');
INSERT INTO trabalho.usuario_esta_inscrito_no_podcast VALUES (1, 'bc8dac25-793c-4a96-aafc-4ea7020f4f60', 'usr_400');
INSERT INTO trabalho.comentarios_podcast_usuario VALUES ('comment_400_0_0', 'Quod veniam rem voluptas quae.', 'bc8dac25-793c-4a96-aafc-4ea7020f4f60', 'usr_400');
INSERT INTO trabalho.comentarios_podcast_usuario VALUES ('comment_400_1_0', 'Repudiandae deserunt id sed.', 'bc8dac25-793c-4a96-aafc-4ea7020f4f60', 'usr_400');
INSERT INTO trabalho.log_acesso VALUES ('log_400_0_0', 'bc8dac25-793c-4a96-aafc-4ea7020f4f60', 'usr_400');
INSERT INTO trabalho.log_acesso VALUES ('log_400_1_0', 'bc8dac25-793c-4a96-aafc-4ea7020f4f60', 'usr_400');
INSERT INTO trabalho.log_acesso VALUES ('log_400_2_0', 'bc8dac25-793c-4a96-aafc-4ea7020f4f60', 'usr_400');
INSERT INTO trabalho.usuario_esta_inscrito_no_podcast VALUES (0, '67074e68-bc2f-442b-8af2-7d328b6af6eb', 'usr_400');
INSERT INTO trabalho.comentarios_podcast_usuario VALUES ('comment_400_0_1', 'Animi et mollitia tempora.', '67074e68-bc2f-442b-8af2-7d328b6af6eb', 'usr_400');
INSERT INTO trabalho.comentarios_podcast_usuario VALUES ('comment_400_1_1', 'Aperiam hic quia debitis.', '67074e68-bc2f-442b-8af2-7d328b6af6eb', 'usr_400');
INSERT INTO trabalho.comentarios_podcast_usuario VALUES ('comment_400_2_1', 'Ut quaerat rerum a a rerum et.', '67074e68-bc2f-442b-8af2-7d328b6af6eb', 'usr_400');
INSERT INTO trabalho.comentarios_podcast_usuario VALUES ('comment_400_3_1', 'Quis et aliquid eum omnis possimus architecto voluptas a.', '67074e68-bc2f-442b-8af2-7d328b6af6eb', 'usr_400');
INSERT INTO trabalho.log_acesso VALUES ('log_400_0_1', '67074e68-bc2f-442b-8af2-7d328b6af6eb', 'usr_400');
INSERT INTO trabalho.log_acesso VALUES ('log_400_1_1', '67074e68-bc2f-442b-8af2-7d328b6af6eb', 'usr_400');
INSERT INTO trabalho.log_acesso VALUES ('log_400_2_1', '67074e68-bc2f-442b-8af2-7d328b6af6eb', 'usr_400');
INSERT INTO trabalho.log_acesso VALUES ('log_400_3_1', '67074e68-bc2f-442b-8af2-7d328b6af6eb', 'usr_400');
INSERT INTO trabalho.usuario_esta_inscrito_no_podcast VALUES (5, 'f0166bd2-8e4d-4308-b5d7-0b3d627c5dc5', 'usr_400');
INSERT INTO trabalho.comentarios_podcast_usuario VALUES ('comment_400_0_2', 'Explicabo consequatur numquam quo aut.', 'f0166bd2-8e4d-4308-b5d7-0b3d627c5dc5', 'usr_400');
INSERT INTO trabalho.comentarios_podcast_usuario VALUES ('comment_400_1_2', 'Earum tenetur non facilis vitae.', 'f0166bd2-8e4d-4308-b5d7-0b3d627c5dc5', 'usr_400');
INSERT INTO trabalho.comentarios_podcast_usuario VALUES ('comment_400_2_2', 'Nihil voluptas quasi ad quo vitae ea id in.', 'f0166bd2-8e4d-4308-b5d7-0b3d627c5dc5', 'usr_400');
INSERT INTO trabalho.log_acesso VALUES ('log_400_0_2', 'f0166bd2-8e4d-4308-b5d7-0b3d627c5dc5', 'usr_400');
INSERT INTO trabalho.log_acesso VALUES ('log_400_1_2', 'f0166bd2-8e4d-4308-b5d7-0b3d627c5dc5', 'usr_400');
INSERT INTO trabalho.log_acesso VALUES ('log_400_2_2', 'f0166bd2-8e4d-4308-b5d7-0b3d627c5dc5', 'usr_400');
INSERT INTO trabalho.log_acesso VALUES ('log_400_3_2', 'f0166bd2-8e4d-4308-b5d7-0b3d627c5dc5', 'usr_400');
INSERT INTO trabalho.usuario VALUES ('usr_401', '401_Mrcia_Moraes@live.com', 'Mércia Moraes', 'female', 46, trabalho.hashPassword('Password123'), 'Georgia');
INSERT INTO trabalho.usuario_esta_inscrito_no_podcast VALUES (2, 'af46a958-b921-47b6-9f87-5c4fdc68ea79', 'usr_401');
INSERT INTO trabalho.comentarios_podcast_usuario VALUES ('comment_401_0_0', 'Maiores impedit nihil ipsam eveniet sapiente sint in qui.', 'af46a958-b921-47b6-9f87-5c4fdc68ea79', 'usr_401');
INSERT INTO trabalho.comentarios_podcast_usuario VALUES ('comment_401_1_0', 'Rerum qui molestias esse non quos inventore debitis nostrum voluptatum.', 'af46a958-b921-47b6-9f87-5c4fdc68ea79', 'usr_401');
INSERT INTO trabalho.comentarios_podcast_usuario VALUES ('comment_401_2_0', 'Fugiat sed delectus qui quas debitis dolor earum omnis.', 'af46a958-b921-47b6-9f87-5c4fdc68ea79', 'usr_401');
INSERT INTO trabalho.comentarios_podcast_usuario VALUES ('comment_401_3_0', 'Commodi neque vitae corporis et eaque molestiae inventore ut.', 'af46a958-b921-47b6-9f87-5c4fdc68ea79', 'usr_401');
INSERT INTO trabalho.comentarios_podcast_usuario VALUES ('comment_401_4_0', 'Aliquam reprehenderit minima corporis ea nisi vel debitis.', 'af46a958-b921-47b6-9f87-5c4fdc68ea79', 'usr_401');
INSERT INTO trabalho.comentarios_podcast_usuario VALUES ('comment_401_5_0', 'Omnis enim laboriosam.', 'af46a958-b921-47b6-9f87-5c4fdc68ea79', 'usr_401');
INSERT INTO trabalho.log_acesso VALUES ('log_401_0_0', 'af46a958-b921-47b6-9f87-5c4fdc68ea79', 'usr_401');
INSERT INTO trabalho.log_acesso VALUES ('log_401_1_0', 'af46a958-b921-47b6-9f87-5c4fdc68ea79', 'usr_401');
INSERT INTO trabalho.log_acesso VALUES ('log_401_2_0', 'af46a958-b921-47b6-9f87-5c4fdc68ea79', 'usr_401');
INSERT INTO trabalho.usuario_esta_inscrito_no_podcast VALUES (1, '219328a1-cec6-4e8c-b003-52a3ec9766bb', 'usr_401');
INSERT INTO trabalho.comentarios_podcast_usuario VALUES ('comment_401_0_1', 'Aperiam repudiandae qui et magnam totam eos.', '219328a1-cec6-4e8c-b003-52a3ec9766bb', 'usr_401');
INSERT INTO trabalho.comentarios_podcast_usuario VALUES ('comment_401_1_1', 'Quia rerum pariatur nulla laborum et distinctio.', '219328a1-cec6-4e8c-b003-52a3ec9766bb', 'usr_401');
INSERT INTO trabalho.comentarios_podcast_usuario VALUES ('comment_401_2_1', 'Velit quis aliquam accusamus aut.', '219328a1-cec6-4e8c-b003-52a3ec9766bb', 'usr_401');
INSERT INTO trabalho.comentarios_podcast_usuario VALUES ('comment_401_3_1', 'Et quos consequatur.', '219328a1-cec6-4e8c-b003-52a3ec9766bb', 'usr_401');
INSERT INTO trabalho.log_acesso VALUES ('log_401_0_1', '219328a1-cec6-4e8c-b003-52a3ec9766bb', 'usr_401');
INSERT INTO trabalho.log_acesso VALUES ('log_401_1_1', '219328a1-cec6-4e8c-b003-52a3ec9766bb', 'usr_401');
INSERT INTO trabalho.usuario_esta_inscrito_no_podcast VALUES (0, 'fa3abe16-3645-4d22-a01d-893e6f20c408', 'usr_401');
INSERT INTO trabalho.comentarios_podcast_usuario VALUES ('comment_401_0_2', 'Provident maiores iste adipisci quos quisquam assumenda illo nesciunt.', 'fa3abe16-3645-4d22-a01d-893e6f20c408', 'usr_401');
INSERT INTO trabalho.log_acesso VALUES ('log_401_0_2', 'fa3abe16-3645-4d22-a01d-893e6f20c408', 'usr_401');
INSERT INTO trabalho.log_acesso VALUES ('log_401_1_2', 'fa3abe16-3645-4d22-a01d-893e6f20c408', 'usr_401');
INSERT INTO trabalho.log_acesso VALUES ('log_401_2_2', 'fa3abe16-3645-4d22-a01d-893e6f20c408', 'usr_401');
INSERT INTO trabalho.usuario VALUES ('usr_402', '402_Clia.Xavier@gmail.com', 'Célia Xavier', 'female', 60, trabalho.hashPassword('Password123'), 'Moçambique');
INSERT INTO trabalho.usuario_esta_inscrito_no_podcast VALUES (1, '168c1536-4c42-4b8f-8c77-f06affefec6a', 'usr_402');
INSERT INTO trabalho.comentarios_podcast_usuario VALUES ('comment_402_0_0', 'Dolores autem officiis autem.', '168c1536-4c42-4b8f-8c77-f06affefec6a', 'usr_402');
INSERT INTO trabalho.log_acesso VALUES ('log_402_0_0', '168c1536-4c42-4b8f-8c77-f06affefec6a', 'usr_402');
INSERT INTO trabalho.log_acesso VALUES ('log_402_1_0', '168c1536-4c42-4b8f-8c77-f06affefec6a', 'usr_402');
INSERT INTO trabalho.log_acesso VALUES ('log_402_2_0', '168c1536-4c42-4b8f-8c77-f06affefec6a', 'usr_402');
INSERT INTO trabalho.log_acesso VALUES ('log_402_3_0', '168c1536-4c42-4b8f-8c77-f06affefec6a', 'usr_402');
INSERT INTO trabalho.log_acesso VALUES ('log_402_4_0', '168c1536-4c42-4b8f-8c77-f06affefec6a', 'usr_402');
INSERT INTO trabalho.usuario_esta_inscrito_no_podcast VALUES (4, '5bdf7377-8330-4f9f-8efd-e95301c122ce', 'usr_402');
INSERT INTO trabalho.comentarios_podcast_usuario VALUES ('comment_402_0_1', 'Ipsa occaecati nam.', '5bdf7377-8330-4f9f-8efd-e95301c122ce', 'usr_402');
INSERT INTO trabalho.comentarios_podcast_usuario VALUES ('comment_402_1_1', 'Enim ut tempora inventore sed.', '5bdf7377-8330-4f9f-8efd-e95301c122ce', 'usr_402');
INSERT INTO trabalho.log_acesso VALUES ('log_402_0_1', '5bdf7377-8330-4f9f-8efd-e95301c122ce', 'usr_402');
INSERT INTO trabalho.log_acesso VALUES ('log_402_1_1', '5bdf7377-8330-4f9f-8efd-e95301c122ce', 'usr_402');
INSERT INTO trabalho.log_acesso VALUES ('log_402_2_1', '5bdf7377-8330-4f9f-8efd-e95301c122ce', 'usr_402');
INSERT INTO trabalho.log_acesso VALUES ('log_402_3_1', '5bdf7377-8330-4f9f-8efd-e95301c122ce', 'usr_402');
INSERT INTO trabalho.log_acesso VALUES ('log_402_4_1', '5bdf7377-8330-4f9f-8efd-e95301c122ce', 'usr_402');
INSERT INTO trabalho.log_acesso VALUES ('log_402_5_1', '5bdf7377-8330-4f9f-8efd-e95301c122ce', 'usr_402');
INSERT INTO trabalho.usuario_esta_inscrito_no_podcast VALUES (1, 'f1b92ce7-47a7-43cd-8586-4a09185cdd05', 'usr_402');
INSERT INTO trabalho.comentarios_podcast_usuario VALUES ('comment_402_0_2', 'Optio saepe ratione culpa neque alias placeat.', 'f1b92ce7-47a7-43cd-8586-4a09185cdd05', 'usr_402');
INSERT INTO trabalho.comentarios_podcast_usuario VALUES ('comment_402_1_2', 'Alias voluptas velit et est.', 'f1b92ce7-47a7-43cd-8586-4a09185cdd05', 'usr_402');
INSERT INTO trabalho.log_acesso VALUES ('log_402_0_2', 'f1b92ce7-47a7-43cd-8586-4a09185cdd05', 'usr_402');
INSERT INTO trabalho.usuario VALUES ('usr_403', '403_Daniel36@hotmail.com', 'Daniel Oliveira', 'male', 47, trabalho.hashPassword('Password123'), 'Luxemburgo');
INSERT INTO trabalho.usuario_esta_inscrito_no_podcast VALUES (2, 'c58b280a-56d4-4ad8-8c85-730e4ea86361', 'usr_403');
INSERT INTO trabalho.comentarios_podcast_usuario VALUES ('comment_403_0_0', 'Et optio iure magnam eum.', 'c58b280a-56d4-4ad8-8c85-730e4ea86361', 'usr_403');
INSERT INTO trabalho.comentarios_podcast_usuario VALUES ('comment_403_1_0', 'Quia aliquid molestiae dolorum odit laboriosam quasi magnam ut suscipit.', 'c58b280a-56d4-4ad8-8c85-730e4ea86361', 'usr_403');
INSERT INTO trabalho.log_acesso VALUES ('log_403_0_0', 'c58b280a-56d4-4ad8-8c85-730e4ea86361', 'usr_403');
INSERT INTO trabalho.log_acesso VALUES ('log_403_1_0', 'c58b280a-56d4-4ad8-8c85-730e4ea86361', 'usr_403');
INSERT INTO trabalho.usuario_esta_inscrito_no_podcast VALUES (5, 'f0166bd2-8e4d-4308-b5d7-0b3d627c5dc5', 'usr_403');
INSERT INTO trabalho.comentarios_podcast_usuario VALUES ('comment_403_0_1', 'Eum ex eum et error nobis.', 'f0166bd2-8e4d-4308-b5d7-0b3d627c5dc5', 'usr_403');
INSERT INTO trabalho.comentarios_podcast_usuario VALUES ('comment_403_1_1', 'Enim iusto ut laborum voluptas aperiam incidunt.', 'f0166bd2-8e4d-4308-b5d7-0b3d627c5dc5', 'usr_403');
INSERT INTO trabalho.comentarios_podcast_usuario VALUES ('comment_403_2_1', 'Nulla omnis sed sunt quia perferendis voluptatem explicabo consectetur.', 'f0166bd2-8e4d-4308-b5d7-0b3d627c5dc5', 'usr_403');
INSERT INTO trabalho.log_acesso VALUES ('log_403_0_1', 'f0166bd2-8e4d-4308-b5d7-0b3d627c5dc5', 'usr_403');
INSERT INTO trabalho.log_acesso VALUES ('log_403_1_1', 'f0166bd2-8e4d-4308-b5d7-0b3d627c5dc5', 'usr_403');
INSERT INTO trabalho.log_acesso VALUES ('log_403_2_1', 'f0166bd2-8e4d-4308-b5d7-0b3d627c5dc5', 'usr_403');
INSERT INTO trabalho.log_acesso VALUES ('log_403_3_1', 'f0166bd2-8e4d-4308-b5d7-0b3d627c5dc5', 'usr_403');
INSERT INTO trabalho.log_acesso VALUES ('log_403_4_1', 'f0166bd2-8e4d-4308-b5d7-0b3d627c5dc5', 'usr_403');
INSERT INTO trabalho.usuario_esta_inscrito_no_podcast VALUES (0, '168c1536-4c42-4b8f-8c77-f06affefec6a', 'usr_403');
INSERT INTO trabalho.comentarios_podcast_usuario VALUES ('comment_403_0_2', 'Architecto velit velit quidem et eius vero.', '168c1536-4c42-4b8f-8c77-f06affefec6a', 'usr_403');
INSERT INTO trabalho.comentarios_podcast_usuario VALUES ('comment_403_1_2', 'Exercitationem rerum molestiae provident.', '168c1536-4c42-4b8f-8c77-f06affefec6a', 'usr_403');
INSERT INTO trabalho.log_acesso VALUES ('log_403_0_2', '168c1536-4c42-4b8f-8c77-f06affefec6a', 'usr_403');
INSERT INTO trabalho.log_acesso VALUES ('log_403_1_2', '168c1536-4c42-4b8f-8c77-f06affefec6a', 'usr_403');
INSERT INTO trabalho.usuario VALUES ('usr_404', '404_JooPedro_Batista95@live.com', 'João Pedro Batista', 'male', 26, trabalho.hashPassword('Password123'), 'Lituânia');
INSERT INTO trabalho.usuario_esta_inscrito_no_podcast VALUES (4, 'b553d865-8fe2-47de-9a30-10e1dea3bd1d', 'usr_404');
INSERT INTO trabalho.comentarios_podcast_usuario VALUES ('comment_404_0_0', 'Sit rerum vitae et maxime est est aspernatur.', 'b553d865-8fe2-47de-9a30-10e1dea3bd1d', 'usr_404');
INSERT INTO trabalho.comentarios_podcast_usuario VALUES ('comment_404_1_0', 'Consequatur sunt fugiat perspiciatis.', 'b553d865-8fe2-47de-9a30-10e1dea3bd1d', 'usr_404');
INSERT INTO trabalho.log_acesso VALUES ('log_404_0_0', 'b553d865-8fe2-47de-9a30-10e1dea3bd1d', 'usr_404');
INSERT INTO trabalho.log_acesso VALUES ('log_404_1_0', 'b553d865-8fe2-47de-9a30-10e1dea3bd1d', 'usr_404');
INSERT INTO trabalho.log_acesso VALUES ('log_404_2_0', 'b553d865-8fe2-47de-9a30-10e1dea3bd1d', 'usr_404');
INSERT INTO trabalho.log_acesso VALUES ('log_404_3_0', 'b553d865-8fe2-47de-9a30-10e1dea3bd1d', 'usr_404');
INSERT INTO trabalho.log_acesso VALUES ('log_404_4_0', 'b553d865-8fe2-47de-9a30-10e1dea3bd1d', 'usr_404');
INSERT INTO trabalho.log_acesso VALUES ('log_404_5_0', 'b553d865-8fe2-47de-9a30-10e1dea3bd1d', 'usr_404');
INSERT INTO trabalho.usuario_esta_inscrito_no_podcast VALUES (5, 'bc8dac25-793c-4a96-aafc-4ea7020f4f60', 'usr_404');
INSERT INTO trabalho.comentarios_podcast_usuario VALUES ('comment_404_0_1', 'Voluptatem dignissimos deserunt voluptatem.', 'bc8dac25-793c-4a96-aafc-4ea7020f4f60', 'usr_404');
INSERT INTO trabalho.comentarios_podcast_usuario VALUES ('comment_404_1_1', 'Temporibus doloribus vel dolor sit.', 'bc8dac25-793c-4a96-aafc-4ea7020f4f60', 'usr_404');
INSERT INTO trabalho.log_acesso VALUES ('log_404_0_1', 'bc8dac25-793c-4a96-aafc-4ea7020f4f60', 'usr_404');
INSERT INTO trabalho.log_acesso VALUES ('log_404_1_1', 'bc8dac25-793c-4a96-aafc-4ea7020f4f60', 'usr_404');
INSERT INTO trabalho.log_acesso VALUES ('log_404_2_1', 'bc8dac25-793c-4a96-aafc-4ea7020f4f60', 'usr_404');
INSERT INTO trabalho.log_acesso VALUES ('log_404_3_1', 'bc8dac25-793c-4a96-aafc-4ea7020f4f60', 'usr_404');
INSERT INTO trabalho.usuario_esta_inscrito_no_podcast VALUES (2, '219328a1-cec6-4e8c-b003-52a3ec9766bb', 'usr_404');
INSERT INTO trabalho.comentarios_podcast_usuario VALUES ('comment_404_0_2', 'Facere odit et explicabo.', '219328a1-cec6-4e8c-b003-52a3ec9766bb', 'usr_404');
INSERT INTO trabalho.comentarios_podcast_usuario VALUES ('comment_404_1_2', 'Ut enim doloribus excepturi cum fugit harum alias magni.', '219328a1-cec6-4e8c-b003-52a3ec9766bb', 'usr_404');
INSERT INTO trabalho.comentarios_podcast_usuario VALUES ('comment_404_2_2', 'Deleniti neque est ut fuga accusantium magni aliquam error.', '219328a1-cec6-4e8c-b003-52a3ec9766bb', 'usr_404');
INSERT INTO trabalho.log_acesso VALUES ('log_404_0_2', '219328a1-cec6-4e8c-b003-52a3ec9766bb', 'usr_404');
INSERT INTO trabalho.log_acesso VALUES ('log_404_1_2', '219328a1-cec6-4e8c-b003-52a3ec9766bb', 'usr_404');
INSERT INTO trabalho.log_acesso VALUES ('log_404_2_2', '219328a1-cec6-4e8c-b003-52a3ec9766bb', 'usr_404');
INSERT INTO trabalho.log_acesso VALUES ('log_404_3_2', '219328a1-cec6-4e8c-b003-52a3ec9766bb', 'usr_404');
INSERT INTO trabalho.usuario VALUES ('usr_405', '405_Yasmin.Moraes2@gmail.com', 'Yasmin Moraes', 'female', 10, trabalho.hashPassword('Password123'), 'Omã');
INSERT INTO trabalho.usuario_esta_inscrito_no_podcast VALUES (5, '5bdf7377-8330-4f9f-8efd-e95301c122ce', 'usr_405');
INSERT INTO trabalho.comentarios_podcast_usuario VALUES ('comment_405_0_0', 'Illum facilis sint fugit libero assumenda cum itaque omnis.', '5bdf7377-8330-4f9f-8efd-e95301c122ce', 'usr_405');
INSERT INTO trabalho.comentarios_podcast_usuario VALUES ('comment_405_1_0', 'Saepe et odio rerum officiis veritatis consectetur sit qui nihil.', '5bdf7377-8330-4f9f-8efd-e95301c122ce', 'usr_405');
INSERT INTO trabalho.comentarios_podcast_usuario VALUES ('comment_405_2_0', 'Et molestias optio sequi consequatur nihil voluptatem nulla.', '5bdf7377-8330-4f9f-8efd-e95301c122ce', 'usr_405');
INSERT INTO trabalho.comentarios_podcast_usuario VALUES ('comment_405_3_0', 'Et dolorem culpa.', '5bdf7377-8330-4f9f-8efd-e95301c122ce', 'usr_405');
INSERT INTO trabalho.comentarios_podcast_usuario VALUES ('comment_405_4_0', 'Nemo molestias voluptates cumque omnis.', '5bdf7377-8330-4f9f-8efd-e95301c122ce', 'usr_405');
INSERT INTO trabalho.comentarios_podcast_usuario VALUES ('comment_405_5_0', 'Perspiciatis qui aut autem molestias ullam in.', '5bdf7377-8330-4f9f-8efd-e95301c122ce', 'usr_405');
INSERT INTO trabalho.comentarios_podcast_usuario VALUES ('comment_405_6_0', 'Cumque eos neque amet itaque aliquid optio.', '5bdf7377-8330-4f9f-8efd-e95301c122ce', 'usr_405');
INSERT INTO trabalho.log_acesso VALUES ('log_405_0_0', '5bdf7377-8330-4f9f-8efd-e95301c122ce', 'usr_405');
INSERT INTO trabalho.log_acesso VALUES ('log_405_1_0', '5bdf7377-8330-4f9f-8efd-e95301c122ce', 'usr_405');
INSERT INTO trabalho.log_acesso VALUES ('log_405_2_0', '5bdf7377-8330-4f9f-8efd-e95301c122ce', 'usr_405');
INSERT INTO trabalho.log_acesso VALUES ('log_405_3_0', '5bdf7377-8330-4f9f-8efd-e95301c122ce', 'usr_405');
INSERT INTO trabalho.log_acesso VALUES ('log_405_4_0', '5bdf7377-8330-4f9f-8efd-e95301c122ce', 'usr_405');
INSERT INTO trabalho.usuario_esta_inscrito_no_podcast VALUES (5, 'b553d865-8fe2-47de-9a30-10e1dea3bd1d', 'usr_405');
INSERT INTO trabalho.comentarios_podcast_usuario VALUES ('comment_405_0_1', 'Atque perferendis quos laborum eaque voluptatem recusandae nihil nulla.', 'b553d865-8fe2-47de-9a30-10e1dea3bd1d', 'usr_405');
INSERT INTO trabalho.comentarios_podcast_usuario VALUES ('comment_405_1_1', 'Velit dolorum sunt molestiae eos praesentium nihil laudantium.', 'b553d865-8fe2-47de-9a30-10e1dea3bd1d', 'usr_405');
INSERT INTO trabalho.comentarios_podcast_usuario VALUES ('comment_405_2_1', 'Nam fuga alias et explicabo nisi molestiae quia atque.', 'b553d865-8fe2-47de-9a30-10e1dea3bd1d', 'usr_405');
INSERT INTO trabalho.comentarios_podcast_usuario VALUES ('comment_405_3_1', 'Ipsa voluptatem fugiat et deleniti et.', 'b553d865-8fe2-47de-9a30-10e1dea3bd1d', 'usr_405');
INSERT INTO trabalho.comentarios_podcast_usuario VALUES ('comment_405_4_1', 'Tenetur et odit mollitia.', 'b553d865-8fe2-47de-9a30-10e1dea3bd1d', 'usr_405');
INSERT INTO trabalho.log_acesso VALUES ('log_405_0_1', 'b553d865-8fe2-47de-9a30-10e1dea3bd1d', 'usr_405');
INSERT INTO trabalho.log_acesso VALUES ('log_405_1_1', 'b553d865-8fe2-47de-9a30-10e1dea3bd1d', 'usr_405');
INSERT INTO trabalho.log_acesso VALUES ('log_405_2_1', 'b553d865-8fe2-47de-9a30-10e1dea3bd1d', 'usr_405');
INSERT INTO trabalho.usuario_esta_inscrito_no_podcast VALUES (5, '67074e68-bc2f-442b-8af2-7d328b6af6eb', 'usr_405');
INSERT INTO trabalho.comentarios_podcast_usuario VALUES ('comment_405_0_2', 'Et qui blanditiis iure.', '67074e68-bc2f-442b-8af2-7d328b6af6eb', 'usr_405');
INSERT INTO trabalho.log_acesso VALUES ('log_405_0_2', '67074e68-bc2f-442b-8af2-7d328b6af6eb', 'usr_405');
INSERT INTO trabalho.log_acesso VALUES ('log_405_1_2', '67074e68-bc2f-442b-8af2-7d328b6af6eb', 'usr_405');
INSERT INTO trabalho.log_acesso VALUES ('log_405_2_2', '67074e68-bc2f-442b-8af2-7d328b6af6eb', 'usr_405');
INSERT INTO trabalho.usuario VALUES ('usr_406', '406_Ricardo_Moreira61@live.com', 'Ricardo Moreira', 'male', 45, trabalho.hashPassword('Password123'), 'Filipinas');
INSERT INTO trabalho.usuario_esta_inscrito_no_podcast VALUES (5, 'de2f0ddb-9903-436a-a5e2-54224254c818', 'usr_406');
INSERT INTO trabalho.comentarios_podcast_usuario VALUES ('comment_406_0_0', 'Qui mollitia eos consequatur nostrum distinctio natus.', 'de2f0ddb-9903-436a-a5e2-54224254c818', 'usr_406');
INSERT INTO trabalho.comentarios_podcast_usuario VALUES ('comment_406_1_0', 'Quisquam veritatis iure et deleniti explicabo quasi eius iste.', 'de2f0ddb-9903-436a-a5e2-54224254c818', 'usr_406');
INSERT INTO trabalho.comentarios_podcast_usuario VALUES ('comment_406_2_0', 'Suscipit adipisci necessitatibus qui enim eum.', 'de2f0ddb-9903-436a-a5e2-54224254c818', 'usr_406');
INSERT INTO trabalho.comentarios_podcast_usuario VALUES ('comment_406_3_0', 'Doloribus temporibus sit aut et sapiente voluptas.', 'de2f0ddb-9903-436a-a5e2-54224254c818', 'usr_406');
INSERT INTO trabalho.log_acesso VALUES ('log_406_0_0', 'de2f0ddb-9903-436a-a5e2-54224254c818', 'usr_406');
INSERT INTO trabalho.log_acesso VALUES ('log_406_1_0', 'de2f0ddb-9903-436a-a5e2-54224254c818', 'usr_406');
INSERT INTO trabalho.log_acesso VALUES ('log_406_2_0', 'de2f0ddb-9903-436a-a5e2-54224254c818', 'usr_406');
INSERT INTO trabalho.usuario_esta_inscrito_no_podcast VALUES (1, 'fa3abe16-3645-4d22-a01d-893e6f20c408', 'usr_406');
INSERT INTO trabalho.comentarios_podcast_usuario VALUES ('comment_406_0_1', 'Molestiae voluptas est consequatur earum quod minima id nihil.', 'fa3abe16-3645-4d22-a01d-893e6f20c408', 'usr_406');
INSERT INTO trabalho.comentarios_podcast_usuario VALUES ('comment_406_1_1', 'Fugiat incidunt culpa ut est velit earum ea.', 'fa3abe16-3645-4d22-a01d-893e6f20c408', 'usr_406');
INSERT INTO trabalho.comentarios_podcast_usuario VALUES ('comment_406_2_1', 'Exercitationem placeat distinctio in.', 'fa3abe16-3645-4d22-a01d-893e6f20c408', 'usr_406');
INSERT INTO trabalho.comentarios_podcast_usuario VALUES ('comment_406_3_1', 'Velit quam soluta delectus qui.', 'fa3abe16-3645-4d22-a01d-893e6f20c408', 'usr_406');
INSERT INTO trabalho.comentarios_podcast_usuario VALUES ('comment_406_4_1', 'Corrupti ut nam fuga quisquam quisquam non totam.', 'fa3abe16-3645-4d22-a01d-893e6f20c408', 'usr_406');
INSERT INTO trabalho.log_acesso VALUES ('log_406_0_1', 'fa3abe16-3645-4d22-a01d-893e6f20c408', 'usr_406');
INSERT INTO trabalho.log_acesso VALUES ('log_406_1_1', 'fa3abe16-3645-4d22-a01d-893e6f20c408', 'usr_406');
INSERT INTO trabalho.usuario_esta_inscrito_no_podcast VALUES (3, 'f0166bd2-8e4d-4308-b5d7-0b3d627c5dc5', 'usr_406');
INSERT INTO trabalho.comentarios_podcast_usuario VALUES ('comment_406_0_2', 'Dolorem vitae aut veritatis est.', 'f0166bd2-8e4d-4308-b5d7-0b3d627c5dc5', 'usr_406');
INSERT INTO trabalho.log_acesso VALUES ('log_406_0_2', 'f0166bd2-8e4d-4308-b5d7-0b3d627c5dc5', 'usr_406');
INSERT INTO trabalho.log_acesso VALUES ('log_406_1_2', 'f0166bd2-8e4d-4308-b5d7-0b3d627c5dc5', 'usr_406');
INSERT INTO trabalho.usuario VALUES ('usr_407', '407_Jlia2@bol.com.br', 'Júlia Xavier', 'female', 29, trabalho.hashPassword('Password123'), 'Barbados');
INSERT INTO trabalho.usuario_esta_inscrito_no_podcast VALUES (3, 'fa3abe16-3645-4d22-a01d-893e6f20c408', 'usr_407');
INSERT INTO trabalho.comentarios_podcast_usuario VALUES ('comment_407_0_0', 'Ipsum ducimus ducimus et voluptas sunt qui.', 'fa3abe16-3645-4d22-a01d-893e6f20c408', 'usr_407');
INSERT INTO trabalho.comentarios_podcast_usuario VALUES ('comment_407_1_0', 'Consequatur quas quibusdam et totam.', 'fa3abe16-3645-4d22-a01d-893e6f20c408', 'usr_407');
INSERT INTO trabalho.log_acesso VALUES ('log_407_0_0', 'fa3abe16-3645-4d22-a01d-893e6f20c408', 'usr_407');
INSERT INTO trabalho.log_acesso VALUES ('log_407_1_0', 'fa3abe16-3645-4d22-a01d-893e6f20c408', 'usr_407');
INSERT INTO trabalho.log_acesso VALUES ('log_407_2_0', 'fa3abe16-3645-4d22-a01d-893e6f20c408', 'usr_407');
INSERT INTO trabalho.log_acesso VALUES ('log_407_3_0', 'fa3abe16-3645-4d22-a01d-893e6f20c408', 'usr_407');
INSERT INTO trabalho.usuario_esta_inscrito_no_podcast VALUES (2, 'f1b92ce7-47a7-43cd-8586-4a09185cdd05', 'usr_407');
INSERT INTO trabalho.comentarios_podcast_usuario VALUES ('comment_407_0_1', 'Labore minus molestiae ratione ex velit id id ea autem.', 'f1b92ce7-47a7-43cd-8586-4a09185cdd05', 'usr_407');
INSERT INTO trabalho.comentarios_podcast_usuario VALUES ('comment_407_1_1', 'Eius sit a unde quae voluptatem eligendi excepturi ducimus.', 'f1b92ce7-47a7-43cd-8586-4a09185cdd05', 'usr_407');
INSERT INTO trabalho.comentarios_podcast_usuario VALUES ('comment_407_2_1', 'Quia culpa eos qui quo.', 'f1b92ce7-47a7-43cd-8586-4a09185cdd05', 'usr_407');
INSERT INTO trabalho.log_acesso VALUES ('log_407_0_1', 'f1b92ce7-47a7-43cd-8586-4a09185cdd05', 'usr_407');
INSERT INTO trabalho.log_acesso VALUES ('log_407_1_1', 'f1b92ce7-47a7-43cd-8586-4a09185cdd05', 'usr_407');
INSERT INTO trabalho.log_acesso VALUES ('log_407_2_1', 'f1b92ce7-47a7-43cd-8586-4a09185cdd05', 'usr_407');
INSERT INTO trabalho.usuario_esta_inscrito_no_podcast VALUES (1, '219328a1-cec6-4e8c-b003-52a3ec9766bb', 'usr_407');
INSERT INTO trabalho.comentarios_podcast_usuario VALUES ('comment_407_0_2', 'Dolores repudiandae ut perferendis quia.', '219328a1-cec6-4e8c-b003-52a3ec9766bb', 'usr_407');
INSERT INTO trabalho.comentarios_podcast_usuario VALUES ('comment_407_1_2', 'Id laudantium ut quod.', '219328a1-cec6-4e8c-b003-52a3ec9766bb', 'usr_407');
INSERT INTO trabalho.comentarios_podcast_usuario VALUES ('comment_407_2_2', 'Error quos consequatur aspernatur veniam excepturi nemo quis architecto.', '219328a1-cec6-4e8c-b003-52a3ec9766bb', 'usr_407');
INSERT INTO trabalho.comentarios_podcast_usuario VALUES ('comment_407_3_2', 'Quo perferendis non quas dolorem error id eaque omnis.', '219328a1-cec6-4e8c-b003-52a3ec9766bb', 'usr_407');
INSERT INTO trabalho.comentarios_podcast_usuario VALUES ('comment_407_4_2', 'Omnis fuga eaque mollitia vel modi ea consequuntur.', '219328a1-cec6-4e8c-b003-52a3ec9766bb', 'usr_407');
INSERT INTO trabalho.log_acesso VALUES ('log_407_0_2', '219328a1-cec6-4e8c-b003-52a3ec9766bb', 'usr_407');
INSERT INTO trabalho.usuario VALUES ('usr_408', '408_Gael_Costa@yahoo.com', 'Gael Costa', 'male', 13, trabalho.hashPassword('Password123'), 'Zimbábue');
INSERT INTO trabalho.usuario_esta_inscrito_no_podcast VALUES (5, 'b553d865-8fe2-47de-9a30-10e1dea3bd1d', 'usr_408');
INSERT INTO trabalho.comentarios_podcast_usuario VALUES ('comment_408_0_0', 'Quam nesciunt et deleniti accusantium enim sit consequatur quia.', 'b553d865-8fe2-47de-9a30-10e1dea3bd1d', 'usr_408');
INSERT INTO trabalho.log_acesso VALUES ('log_408_0_0', 'b553d865-8fe2-47de-9a30-10e1dea3bd1d', 'usr_408');
INSERT INTO trabalho.log_acesso VALUES ('log_408_1_0', 'b553d865-8fe2-47de-9a30-10e1dea3bd1d', 'usr_408');
INSERT INTO trabalho.usuario_esta_inscrito_no_podcast VALUES (3, 'bc8dac25-793c-4a96-aafc-4ea7020f4f60', 'usr_408');
INSERT INTO trabalho.comentarios_podcast_usuario VALUES ('comment_408_0_1', 'Atque quia ratione dolores ut consequuntur.', 'bc8dac25-793c-4a96-aafc-4ea7020f4f60', 'usr_408');
INSERT INTO trabalho.comentarios_podcast_usuario VALUES ('comment_408_1_1', 'Molestiae culpa quia ut nesciunt.', 'bc8dac25-793c-4a96-aafc-4ea7020f4f60', 'usr_408');
INSERT INTO trabalho.comentarios_podcast_usuario VALUES ('comment_408_2_1', 'Mollitia sunt qui veniam at ea eligendi in.', 'bc8dac25-793c-4a96-aafc-4ea7020f4f60', 'usr_408');
INSERT INTO trabalho.comentarios_podcast_usuario VALUES ('comment_408_3_1', 'Dolor nihil enim quos ipsum aut.', 'bc8dac25-793c-4a96-aafc-4ea7020f4f60', 'usr_408');
INSERT INTO trabalho.log_acesso VALUES ('log_408_0_1', 'bc8dac25-793c-4a96-aafc-4ea7020f4f60', 'usr_408');
INSERT INTO trabalho.log_acesso VALUES ('log_408_1_1', 'bc8dac25-793c-4a96-aafc-4ea7020f4f60', 'usr_408');
INSERT INTO trabalho.log_acesso VALUES ('log_408_2_1', 'bc8dac25-793c-4a96-aafc-4ea7020f4f60', 'usr_408');
INSERT INTO trabalho.usuario_esta_inscrito_no_podcast VALUES (1, 'f0166bd2-8e4d-4308-b5d7-0b3d627c5dc5', 'usr_408');
INSERT INTO trabalho.comentarios_podcast_usuario VALUES ('comment_408_0_2', 'Sit corrupti quis quisquam facilis commodi est molestiae et.', 'f0166bd2-8e4d-4308-b5d7-0b3d627c5dc5', 'usr_408');
INSERT INTO trabalho.comentarios_podcast_usuario VALUES ('comment_408_1_2', 'Culpa omnis dolores consectetur a quis eos et veniam earum.', 'f0166bd2-8e4d-4308-b5d7-0b3d627c5dc5', 'usr_408');
INSERT INTO trabalho.log_acesso VALUES ('log_408_0_2', 'f0166bd2-8e4d-4308-b5d7-0b3d627c5dc5', 'usr_408');
INSERT INTO trabalho.log_acesso VALUES ('log_408_1_2', 'f0166bd2-8e4d-4308-b5d7-0b3d627c5dc5', 'usr_408');
INSERT INTO trabalho.log_acesso VALUES ('log_408_2_2', 'f0166bd2-8e4d-4308-b5d7-0b3d627c5dc5', 'usr_408');
INSERT INTO trabalho.log_acesso VALUES ('log_408_3_2', 'f0166bd2-8e4d-4308-b5d7-0b3d627c5dc5', 'usr_408');
INSERT INTO trabalho.usuario VALUES ('usr_409', '409_Raul76@live.com', 'Raul Silva', 'male', 2, trabalho.hashPassword('Password123'), 'Guiné Equatorial');
INSERT INTO trabalho.usuario_esta_inscrito_no_podcast VALUES (5, 'b553d865-8fe2-47de-9a30-10e1dea3bd1d', 'usr_409');
INSERT INTO trabalho.comentarios_podcast_usuario VALUES ('comment_409_0_0', 'Alias est expedita laborum aut inventore aut sunt.', 'b553d865-8fe2-47de-9a30-10e1dea3bd1d', 'usr_409');
INSERT INTO trabalho.comentarios_podcast_usuario VALUES ('comment_409_1_0', 'Animi cum incidunt fugiat libero.', 'b553d865-8fe2-47de-9a30-10e1dea3bd1d', 'usr_409');
INSERT INTO trabalho.comentarios_podcast_usuario VALUES ('comment_409_2_0', 'Libero corporis eum libero cum.', 'b553d865-8fe2-47de-9a30-10e1dea3bd1d', 'usr_409');
INSERT INTO trabalho.comentarios_podcast_usuario VALUES ('comment_409_3_0', 'Maxime quaerat illum explicabo ex a accusantium alias.', 'b553d865-8fe2-47de-9a30-10e1dea3bd1d', 'usr_409');
INSERT INTO trabalho.log_acesso VALUES ('log_409_0_0', 'b553d865-8fe2-47de-9a30-10e1dea3bd1d', 'usr_409');
INSERT INTO trabalho.log_acesso VALUES ('log_409_1_0', 'b553d865-8fe2-47de-9a30-10e1dea3bd1d', 'usr_409');
INSERT INTO trabalho.log_acesso VALUES ('log_409_2_0', 'b553d865-8fe2-47de-9a30-10e1dea3bd1d', 'usr_409');
INSERT INTO trabalho.log_acesso VALUES ('log_409_3_0', 'b553d865-8fe2-47de-9a30-10e1dea3bd1d', 'usr_409');
INSERT INTO trabalho.usuario_esta_inscrito_no_podcast VALUES (4, 'de2f0ddb-9903-436a-a5e2-54224254c818', 'usr_409');
INSERT INTO trabalho.comentarios_podcast_usuario VALUES ('comment_409_0_1', 'Illo perspiciatis amet cupiditate quae.', 'de2f0ddb-9903-436a-a5e2-54224254c818', 'usr_409');
INSERT INTO trabalho.log_acesso VALUES ('log_409_0_1', 'de2f0ddb-9903-436a-a5e2-54224254c818', 'usr_409');
INSERT INTO trabalho.usuario_esta_inscrito_no_podcast VALUES (2, 'c58b280a-56d4-4ad8-8c85-730e4ea86361', 'usr_409');
INSERT INTO trabalho.comentarios_podcast_usuario VALUES ('comment_409_0_2', 'Sed tempora et soluta laboriosam qui.', 'c58b280a-56d4-4ad8-8c85-730e4ea86361', 'usr_409');
INSERT INTO trabalho.comentarios_podcast_usuario VALUES ('comment_409_1_2', 'Quam nobis adipisci ducimus consequatur ut.', 'c58b280a-56d4-4ad8-8c85-730e4ea86361', 'usr_409');
INSERT INTO trabalho.comentarios_podcast_usuario VALUES ('comment_409_2_2', 'Nisi placeat inventore ea dicta aliquam eum et.', 'c58b280a-56d4-4ad8-8c85-730e4ea86361', 'usr_409');
INSERT INTO trabalho.comentarios_podcast_usuario VALUES ('comment_409_3_2', 'Quisquam totam at tempora est saepe illum sit non.', 'c58b280a-56d4-4ad8-8c85-730e4ea86361', 'usr_409');
INSERT INTO trabalho.log_acesso VALUES ('log_409_0_2', 'c58b280a-56d4-4ad8-8c85-730e4ea86361', 'usr_409');
INSERT INTO trabalho.log_acesso VALUES ('log_409_1_2', 'c58b280a-56d4-4ad8-8c85-730e4ea86361', 'usr_409');
INSERT INTO trabalho.log_acesso VALUES ('log_409_2_2', 'c58b280a-56d4-4ad8-8c85-730e4ea86361', 'usr_409');
INSERT INTO trabalho.log_acesso VALUES ('log_409_3_2', 'c58b280a-56d4-4ad8-8c85-730e4ea86361', 'usr_409');
INSERT INTO trabalho.log_acesso VALUES ('log_409_4_2', 'c58b280a-56d4-4ad8-8c85-730e4ea86361', 'usr_409');
INSERT INTO trabalho.log_acesso VALUES ('log_409_5_2', 'c58b280a-56d4-4ad8-8c85-730e4ea86361', 'usr_409');
INSERT INTO trabalho.usuario VALUES ('usr_410', '410_Beatriz59@bol.com.br', 'Beatriz Moreira', 'female', 29, trabalho.hashPassword('Password123'), 'Ilhas Cocos');
INSERT INTO trabalho.usuario_esta_inscrito_no_podcast VALUES (0, 'af46a958-b921-47b6-9f87-5c4fdc68ea79', 'usr_410');
INSERT INTO trabalho.comentarios_podcast_usuario VALUES ('comment_410_0_0', 'Nesciunt at vero.', 'af46a958-b921-47b6-9f87-5c4fdc68ea79', 'usr_410');
INSERT INTO trabalho.comentarios_podcast_usuario VALUES ('comment_410_1_0', 'Et veniam ipsum maxime quaerat praesentium repellendus nihil.', 'af46a958-b921-47b6-9f87-5c4fdc68ea79', 'usr_410');
INSERT INTO trabalho.log_acesso VALUES ('log_410_0_0', 'af46a958-b921-47b6-9f87-5c4fdc68ea79', 'usr_410');
INSERT INTO trabalho.log_acesso VALUES ('log_410_1_0', 'af46a958-b921-47b6-9f87-5c4fdc68ea79', 'usr_410');
INSERT INTO trabalho.usuario_esta_inscrito_no_podcast VALUES (5, 'de2f0ddb-9903-436a-a5e2-54224254c818', 'usr_410');
INSERT INTO trabalho.comentarios_podcast_usuario VALUES ('comment_410_0_1', 'Est vero maiores.', 'de2f0ddb-9903-436a-a5e2-54224254c818', 'usr_410');
INSERT INTO trabalho.comentarios_podcast_usuario VALUES ('comment_410_1_1', 'Ut quidem expedita sint occaecati incidunt harum saepe.', 'de2f0ddb-9903-436a-a5e2-54224254c818', 'usr_410');
INSERT INTO trabalho.log_acesso VALUES ('log_410_0_1', 'de2f0ddb-9903-436a-a5e2-54224254c818', 'usr_410');
INSERT INTO trabalho.log_acesso VALUES ('log_410_1_1', 'de2f0ddb-9903-436a-a5e2-54224254c818', 'usr_410');
INSERT INTO trabalho.log_acesso VALUES ('log_410_2_1', 'de2f0ddb-9903-436a-a5e2-54224254c818', 'usr_410');
INSERT INTO trabalho.log_acesso VALUES ('log_410_3_1', 'de2f0ddb-9903-436a-a5e2-54224254c818', 'usr_410');
INSERT INTO trabalho.log_acesso VALUES ('log_410_4_1', 'de2f0ddb-9903-436a-a5e2-54224254c818', 'usr_410');
INSERT INTO trabalho.usuario_esta_inscrito_no_podcast VALUES (4, '67074e68-bc2f-442b-8af2-7d328b6af6eb', 'usr_410');
INSERT INTO trabalho.comentarios_podcast_usuario VALUES ('comment_410_0_2', 'Nulla sapiente temporibus beatae.', '67074e68-bc2f-442b-8af2-7d328b6af6eb', 'usr_410');
INSERT INTO trabalho.comentarios_podcast_usuario VALUES ('comment_410_1_2', 'Omnis quo aut.', '67074e68-bc2f-442b-8af2-7d328b6af6eb', 'usr_410');
INSERT INTO trabalho.comentarios_podcast_usuario VALUES ('comment_410_2_2', 'Fugit explicabo laboriosam nobis molestiae vitae tempore laborum quia et.', '67074e68-bc2f-442b-8af2-7d328b6af6eb', 'usr_410');
INSERT INTO trabalho.comentarios_podcast_usuario VALUES ('comment_410_3_2', 'Eligendi alias quibusdam aspernatur optio assumenda enim repellendus est.', '67074e68-bc2f-442b-8af2-7d328b6af6eb', 'usr_410');
INSERT INTO trabalho.log_acesso VALUES ('log_410_0_2', '67074e68-bc2f-442b-8af2-7d328b6af6eb', 'usr_410');
INSERT INTO trabalho.log_acesso VALUES ('log_410_1_2', '67074e68-bc2f-442b-8af2-7d328b6af6eb', 'usr_410');
INSERT INTO trabalho.log_acesso VALUES ('log_410_2_2', '67074e68-bc2f-442b-8af2-7d328b6af6eb', 'usr_410');
INSERT INTO trabalho.log_acesso VALUES ('log_410_3_2', '67074e68-bc2f-442b-8af2-7d328b6af6eb', 'usr_410');
INSERT INTO trabalho.log_acesso VALUES ('log_410_4_2', '67074e68-bc2f-442b-8af2-7d328b6af6eb', 'usr_410');
INSERT INTO trabalho.log_acesso VALUES ('log_410_5_2', '67074e68-bc2f-442b-8af2-7d328b6af6eb', 'usr_410');
INSERT INTO trabalho.usuario VALUES ('usr_411', '411_Margarida_Reis@hotmail.com', 'Margarida Reis', 'female', 22, trabalho.hashPassword('Password123'), 'Moldávia');
INSERT INTO trabalho.usuario_esta_inscrito_no_podcast VALUES (0, 'f0166bd2-8e4d-4308-b5d7-0b3d627c5dc5', 'usr_411');
INSERT INTO trabalho.comentarios_podcast_usuario VALUES ('comment_411_0_0', 'Est et impedit in nam pariatur blanditiis.', 'f0166bd2-8e4d-4308-b5d7-0b3d627c5dc5', 'usr_411');
INSERT INTO trabalho.comentarios_podcast_usuario VALUES ('comment_411_1_0', 'Cumque ut iusto et consequatur mollitia reprehenderit ut officia.', 'f0166bd2-8e4d-4308-b5d7-0b3d627c5dc5', 'usr_411');
INSERT INTO trabalho.comentarios_podcast_usuario VALUES ('comment_411_2_0', 'Nisi iure quas nobis enim sed magnam molestiae ipsam soluta.', 'f0166bd2-8e4d-4308-b5d7-0b3d627c5dc5', 'usr_411');
INSERT INTO trabalho.comentarios_podcast_usuario VALUES ('comment_411_3_0', 'Architecto qui dicta quis vitae qui aliquid hic nulla quasi.', 'f0166bd2-8e4d-4308-b5d7-0b3d627c5dc5', 'usr_411');
INSERT INTO trabalho.comentarios_podcast_usuario VALUES ('comment_411_4_0', 'Iste rerum omnis eligendi laborum ut labore qui minus.', 'f0166bd2-8e4d-4308-b5d7-0b3d627c5dc5', 'usr_411');
INSERT INTO trabalho.log_acesso VALUES ('log_411_0_0', 'f0166bd2-8e4d-4308-b5d7-0b3d627c5dc5', 'usr_411');
INSERT INTO trabalho.usuario_esta_inscrito_no_podcast VALUES (3, '5bdf7377-8330-4f9f-8efd-e95301c122ce', 'usr_411');
INSERT INTO trabalho.comentarios_podcast_usuario VALUES ('comment_411_0_1', 'Soluta perspiciatis distinctio.', '5bdf7377-8330-4f9f-8efd-e95301c122ce', 'usr_411');
INSERT INTO trabalho.comentarios_podcast_usuario VALUES ('comment_411_1_1', 'Dolor animi molestias.', '5bdf7377-8330-4f9f-8efd-e95301c122ce', 'usr_411');
INSERT INTO trabalho.comentarios_podcast_usuario VALUES ('comment_411_2_1', 'Eaque minus nesciunt ab.', '5bdf7377-8330-4f9f-8efd-e95301c122ce', 'usr_411');
INSERT INTO trabalho.log_acesso VALUES ('log_411_0_1', '5bdf7377-8330-4f9f-8efd-e95301c122ce', 'usr_411');
INSERT INTO trabalho.log_acesso VALUES ('log_411_1_1', '5bdf7377-8330-4f9f-8efd-e95301c122ce', 'usr_411');
INSERT INTO trabalho.log_acesso VALUES ('log_411_2_1', '5bdf7377-8330-4f9f-8efd-e95301c122ce', 'usr_411');
INSERT INTO trabalho.log_acesso VALUES ('log_411_3_1', '5bdf7377-8330-4f9f-8efd-e95301c122ce', 'usr_411');
INSERT INTO trabalho.usuario_esta_inscrito_no_podcast VALUES (4, '219328a1-cec6-4e8c-b003-52a3ec9766bb', 'usr_411');
INSERT INTO trabalho.comentarios_podcast_usuario VALUES ('comment_411_0_2', 'Repellendus et perferendis ea dignissimos nostrum beatae et ut.', '219328a1-cec6-4e8c-b003-52a3ec9766bb', 'usr_411');
INSERT INTO trabalho.comentarios_podcast_usuario VALUES ('comment_411_1_2', 'Vitae totam qui quia nostrum.', '219328a1-cec6-4e8c-b003-52a3ec9766bb', 'usr_411');
INSERT INTO trabalho.log_acesso VALUES ('log_411_0_2', '219328a1-cec6-4e8c-b003-52a3ec9766bb', 'usr_411');
INSERT INTO trabalho.usuario VALUES ('usr_412', '412_Marcelo51@bol.com.br', 'Marcelo Reis', 'male', 43, trabalho.hashPassword('Password123'), 'Luxemburgo');
INSERT INTO trabalho.usuario_esta_inscrito_no_podcast VALUES (5, 'de2f0ddb-9903-436a-a5e2-54224254c818', 'usr_412');
INSERT INTO trabalho.comentarios_podcast_usuario VALUES ('comment_412_0_0', 'Ea qui tempore error in.', 'de2f0ddb-9903-436a-a5e2-54224254c818', 'usr_412');
INSERT INTO trabalho.comentarios_podcast_usuario VALUES ('comment_412_1_0', 'Eius in omnis iusto nulla quam nisi numquam incidunt provident.', 'de2f0ddb-9903-436a-a5e2-54224254c818', 'usr_412');
INSERT INTO trabalho.comentarios_podcast_usuario VALUES ('comment_412_2_0', 'Nulla deserunt debitis.', 'de2f0ddb-9903-436a-a5e2-54224254c818', 'usr_412');
INSERT INTO trabalho.log_acesso VALUES ('log_412_0_0', 'de2f0ddb-9903-436a-a5e2-54224254c818', 'usr_412');
INSERT INTO trabalho.log_acesso VALUES ('log_412_1_0', 'de2f0ddb-9903-436a-a5e2-54224254c818', 'usr_412');
INSERT INTO trabalho.log_acesso VALUES ('log_412_2_0', 'de2f0ddb-9903-436a-a5e2-54224254c818', 'usr_412');
INSERT INTO trabalho.usuario_esta_inscrito_no_podcast VALUES (4, '5bdf7377-8330-4f9f-8efd-e95301c122ce', 'usr_412');
INSERT INTO trabalho.comentarios_podcast_usuario VALUES ('comment_412_0_1', 'Excepturi accusantium ad beatae et saepe nesciunt.', '5bdf7377-8330-4f9f-8efd-e95301c122ce', 'usr_412');
INSERT INTO trabalho.comentarios_podcast_usuario VALUES ('comment_412_1_1', 'Dolorum voluptas nam delectus corporis voluptatem quam.', '5bdf7377-8330-4f9f-8efd-e95301c122ce', 'usr_412');
INSERT INTO trabalho.log_acesso VALUES ('log_412_0_1', '5bdf7377-8330-4f9f-8efd-e95301c122ce', 'usr_412');
INSERT INTO trabalho.log_acesso VALUES ('log_412_1_1', '5bdf7377-8330-4f9f-8efd-e95301c122ce', 'usr_412');
INSERT INTO trabalho.usuario_esta_inscrito_no_podcast VALUES (1, 'c58b280a-56d4-4ad8-8c85-730e4ea86361', 'usr_412');
INSERT INTO trabalho.comentarios_podcast_usuario VALUES ('comment_412_0_2', 'Incidunt vel nulla.', 'c58b280a-56d4-4ad8-8c85-730e4ea86361', 'usr_412');
INSERT INTO trabalho.comentarios_podcast_usuario VALUES ('comment_412_1_2', 'Quis quia placeat enim autem.', 'c58b280a-56d4-4ad8-8c85-730e4ea86361', 'usr_412');
INSERT INTO trabalho.comentarios_podcast_usuario VALUES ('comment_412_2_2', 'Sunt odit impedit inventore quis.', 'c58b280a-56d4-4ad8-8c85-730e4ea86361', 'usr_412');
INSERT INTO trabalho.comentarios_podcast_usuario VALUES ('comment_412_3_2', 'Sunt suscipit earum non.', 'c58b280a-56d4-4ad8-8c85-730e4ea86361', 'usr_412');
INSERT INTO trabalho.log_acesso VALUES ('log_412_0_2', 'c58b280a-56d4-4ad8-8c85-730e4ea86361', 'usr_412');
INSERT INTO trabalho.log_acesso VALUES ('log_412_1_2', 'c58b280a-56d4-4ad8-8c85-730e4ea86361', 'usr_412');
INSERT INTO trabalho.log_acesso VALUES ('log_412_2_2', 'c58b280a-56d4-4ad8-8c85-730e4ea86361', 'usr_412');
INSERT INTO trabalho.usuario VALUES ('usr_413', '413_Lorena_Souza@hotmail.com', 'Lorena Souza', 'female', 16, trabalho.hashPassword('Password123'), 'Paraguai');
INSERT INTO trabalho.usuario_esta_inscrito_no_podcast VALUES (1, '219328a1-cec6-4e8c-b003-52a3ec9766bb', 'usr_413');
INSERT INTO trabalho.comentarios_podcast_usuario VALUES ('comment_413_0_0', 'Est et animi voluptatum atque nam debitis vitae reprehenderit.', '219328a1-cec6-4e8c-b003-52a3ec9766bb', 'usr_413');
INSERT INTO trabalho.comentarios_podcast_usuario VALUES ('comment_413_1_0', 'Quaerat sint eum quibusdam illum qui.', '219328a1-cec6-4e8c-b003-52a3ec9766bb', 'usr_413');
INSERT INTO trabalho.log_acesso VALUES ('log_413_0_0', '219328a1-cec6-4e8c-b003-52a3ec9766bb', 'usr_413');
INSERT INTO trabalho.log_acesso VALUES ('log_413_1_0', '219328a1-cec6-4e8c-b003-52a3ec9766bb', 'usr_413');
INSERT INTO trabalho.usuario_esta_inscrito_no_podcast VALUES (5, 'de2f0ddb-9903-436a-a5e2-54224254c818', 'usr_413');
INSERT INTO trabalho.comentarios_podcast_usuario VALUES ('comment_413_0_1', 'Qui aperiam enim.', 'de2f0ddb-9903-436a-a5e2-54224254c818', 'usr_413');
INSERT INTO trabalho.comentarios_podcast_usuario VALUES ('comment_413_1_1', 'Ratione distinctio accusantium eveniet eum corrupti.', 'de2f0ddb-9903-436a-a5e2-54224254c818', 'usr_413');
INSERT INTO trabalho.comentarios_podcast_usuario VALUES ('comment_413_2_1', 'Qui omnis ratione.', 'de2f0ddb-9903-436a-a5e2-54224254c818', 'usr_413');
INSERT INTO trabalho.comentarios_podcast_usuario VALUES ('comment_413_3_1', 'Aut qui cum excepturi ut occaecati architecto iusto fugiat.', 'de2f0ddb-9903-436a-a5e2-54224254c818', 'usr_413');
INSERT INTO trabalho.log_acesso VALUES ('log_413_0_1', 'de2f0ddb-9903-436a-a5e2-54224254c818', 'usr_413');
INSERT INTO trabalho.log_acesso VALUES ('log_413_1_1', 'de2f0ddb-9903-436a-a5e2-54224254c818', 'usr_413');
INSERT INTO trabalho.log_acesso VALUES ('log_413_2_1', 'de2f0ddb-9903-436a-a5e2-54224254c818', 'usr_413');
INSERT INTO trabalho.log_acesso VALUES ('log_413_3_1', 'de2f0ddb-9903-436a-a5e2-54224254c818', 'usr_413');
INSERT INTO trabalho.log_acesso VALUES ('log_413_4_1', 'de2f0ddb-9903-436a-a5e2-54224254c818', 'usr_413');
INSERT INTO trabalho.log_acesso VALUES ('log_413_5_1', 'de2f0ddb-9903-436a-a5e2-54224254c818', 'usr_413');
INSERT INTO trabalho.usuario_esta_inscrito_no_podcast VALUES (0, 'fa3abe16-3645-4d22-a01d-893e6f20c408', 'usr_413');
INSERT INTO trabalho.comentarios_podcast_usuario VALUES ('comment_413_0_2', 'Animi dolores corporis autem sunt ab.', 'fa3abe16-3645-4d22-a01d-893e6f20c408', 'usr_413');
INSERT INTO trabalho.log_acesso VALUES ('log_413_0_2', 'fa3abe16-3645-4d22-a01d-893e6f20c408', 'usr_413');
INSERT INTO trabalho.log_acesso VALUES ('log_413_1_2', 'fa3abe16-3645-4d22-a01d-893e6f20c408', 'usr_413');
INSERT INTO trabalho.log_acesso VALUES ('log_413_2_2', 'fa3abe16-3645-4d22-a01d-893e6f20c408', 'usr_413');
INSERT INTO trabalho.usuario VALUES ('usr_414', '414_Miguel.Souza@yahoo.com', 'Miguel Souza', 'male', 52, trabalho.hashPassword('Password123'), 'Samoa');
INSERT INTO trabalho.usuario_esta_inscrito_no_podcast VALUES (1, 'f0166bd2-8e4d-4308-b5d7-0b3d627c5dc5', 'usr_414');
INSERT INTO trabalho.comentarios_podcast_usuario VALUES ('comment_414_0_0', 'Quibusdam aut sed et facilis.', 'f0166bd2-8e4d-4308-b5d7-0b3d627c5dc5', 'usr_414');
INSERT INTO trabalho.log_acesso VALUES ('log_414_0_0', 'f0166bd2-8e4d-4308-b5d7-0b3d627c5dc5', 'usr_414');
INSERT INTO trabalho.log_acesso VALUES ('log_414_1_0', 'f0166bd2-8e4d-4308-b5d7-0b3d627c5dc5', 'usr_414');
INSERT INTO trabalho.log_acesso VALUES ('log_414_2_0', 'f0166bd2-8e4d-4308-b5d7-0b3d627c5dc5', 'usr_414');
INSERT INTO trabalho.log_acesso VALUES ('log_414_3_0', 'f0166bd2-8e4d-4308-b5d7-0b3d627c5dc5', 'usr_414');
INSERT INTO trabalho.log_acesso VALUES ('log_414_4_0', 'f0166bd2-8e4d-4308-b5d7-0b3d627c5dc5', 'usr_414');
INSERT INTO trabalho.usuario_esta_inscrito_no_podcast VALUES (1, '219328a1-cec6-4e8c-b003-52a3ec9766bb', 'usr_414');
INSERT INTO trabalho.comentarios_podcast_usuario VALUES ('comment_414_0_1', 'Dolores sed maiores repudiandae mollitia voluptas rem.', '219328a1-cec6-4e8c-b003-52a3ec9766bb', 'usr_414');
INSERT INTO trabalho.comentarios_podcast_usuario VALUES ('comment_414_1_1', 'Ipsam libero nam nobis hic excepturi earum.', '219328a1-cec6-4e8c-b003-52a3ec9766bb', 'usr_414');
INSERT INTO trabalho.comentarios_podcast_usuario VALUES ('comment_414_2_1', 'Distinctio et suscipit.', '219328a1-cec6-4e8c-b003-52a3ec9766bb', 'usr_414');
INSERT INTO trabalho.log_acesso VALUES ('log_414_0_1', '219328a1-cec6-4e8c-b003-52a3ec9766bb', 'usr_414');
INSERT INTO trabalho.log_acesso VALUES ('log_414_1_1', '219328a1-cec6-4e8c-b003-52a3ec9766bb', 'usr_414');
INSERT INTO trabalho.log_acesso VALUES ('log_414_2_1', '219328a1-cec6-4e8c-b003-52a3ec9766bb', 'usr_414');
INSERT INTO trabalho.usuario_esta_inscrito_no_podcast VALUES (0, '67074e68-bc2f-442b-8af2-7d328b6af6eb', 'usr_414');
INSERT INTO trabalho.comentarios_podcast_usuario VALUES ('comment_414_0_2', 'Eos ducimus eveniet accusantium officia ad.', '67074e68-bc2f-442b-8af2-7d328b6af6eb', 'usr_414');
INSERT INTO trabalho.comentarios_podcast_usuario VALUES ('comment_414_1_2', 'Nisi ipsa dolores maxime.', '67074e68-bc2f-442b-8af2-7d328b6af6eb', 'usr_414');
INSERT INTO trabalho.comentarios_podcast_usuario VALUES ('comment_414_2_2', 'Molestias odit non.', '67074e68-bc2f-442b-8af2-7d328b6af6eb', 'usr_414');
INSERT INTO trabalho.log_acesso VALUES ('log_414_0_2', '67074e68-bc2f-442b-8af2-7d328b6af6eb', 'usr_414');
INSERT INTO trabalho.log_acesso VALUES ('log_414_1_2', '67074e68-bc2f-442b-8af2-7d328b6af6eb', 'usr_414');
INSERT INTO trabalho.usuario VALUES ('usr_415', '415_Warley11@gmail.com', 'Warley Oliveira', 'male', 60, trabalho.hashPassword('Password123'), 'Portugal');
INSERT INTO trabalho.usuario_esta_inscrito_no_podcast VALUES (3, '219328a1-cec6-4e8c-b003-52a3ec9766bb', 'usr_415');
INSERT INTO trabalho.comentarios_podcast_usuario VALUES ('comment_415_0_0', 'Tempora ratione incidunt quam debitis quidem delectus.', '219328a1-cec6-4e8c-b003-52a3ec9766bb', 'usr_415');
INSERT INTO trabalho.comentarios_podcast_usuario VALUES ('comment_415_1_0', 'Perspiciatis repellat ut est nesciunt excepturi et officia.', '219328a1-cec6-4e8c-b003-52a3ec9766bb', 'usr_415');
INSERT INTO trabalho.comentarios_podcast_usuario VALUES ('comment_415_2_0', 'Accusamus pariatur harum incidunt aut quibusdam veritatis alias perferendis.', '219328a1-cec6-4e8c-b003-52a3ec9766bb', 'usr_415');
INSERT INTO trabalho.log_acesso VALUES ('log_415_0_0', '219328a1-cec6-4e8c-b003-52a3ec9766bb', 'usr_415');
INSERT INTO trabalho.log_acesso VALUES ('log_415_1_0', '219328a1-cec6-4e8c-b003-52a3ec9766bb', 'usr_415');
INSERT INTO trabalho.log_acesso VALUES ('log_415_2_0', '219328a1-cec6-4e8c-b003-52a3ec9766bb', 'usr_415');
INSERT INTO trabalho.log_acesso VALUES ('log_415_3_0', '219328a1-cec6-4e8c-b003-52a3ec9766bb', 'usr_415');
INSERT INTO trabalho.log_acesso VALUES ('log_415_4_0', '219328a1-cec6-4e8c-b003-52a3ec9766bb', 'usr_415');
INSERT INTO trabalho.log_acesso VALUES ('log_415_5_0', '219328a1-cec6-4e8c-b003-52a3ec9766bb', 'usr_415');
INSERT INTO trabalho.log_acesso VALUES ('log_415_6_0', '219328a1-cec6-4e8c-b003-52a3ec9766bb', 'usr_415');
INSERT INTO trabalho.usuario_esta_inscrito_no_podcast VALUES (1, 'af46a958-b921-47b6-9f87-5c4fdc68ea79', 'usr_415');
INSERT INTO trabalho.comentarios_podcast_usuario VALUES ('comment_415_0_1', 'Aut qui eos est sequi quae sit facere.', 'af46a958-b921-47b6-9f87-5c4fdc68ea79', 'usr_415');
INSERT INTO trabalho.comentarios_podcast_usuario VALUES ('comment_415_1_1', 'Recusandae velit est dolorem tempore et ex nihil ab est.', 'af46a958-b921-47b6-9f87-5c4fdc68ea79', 'usr_415');
INSERT INTO trabalho.comentarios_podcast_usuario VALUES ('comment_415_2_1', 'Sit fugiat necessitatibus earum.', 'af46a958-b921-47b6-9f87-5c4fdc68ea79', 'usr_415');
INSERT INTO trabalho.log_acesso VALUES ('log_415_0_1', 'af46a958-b921-47b6-9f87-5c4fdc68ea79', 'usr_415');
INSERT INTO trabalho.log_acesso VALUES ('log_415_1_1', 'af46a958-b921-47b6-9f87-5c4fdc68ea79', 'usr_415');
INSERT INTO trabalho.log_acesso VALUES ('log_415_2_1', 'af46a958-b921-47b6-9f87-5c4fdc68ea79', 'usr_415');
INSERT INTO trabalho.log_acesso VALUES ('log_415_3_1', 'af46a958-b921-47b6-9f87-5c4fdc68ea79', 'usr_415');
INSERT INTO trabalho.usuario_esta_inscrito_no_podcast VALUES (5, 'f8e13774-d631-4f34-93f0-2f5d55590265', 'usr_415');
INSERT INTO trabalho.comentarios_podcast_usuario VALUES ('comment_415_0_2', 'Qui voluptatibus in occaecati maxime facilis esse quibusdam.', 'f8e13774-d631-4f34-93f0-2f5d55590265', 'usr_415');
INSERT INTO trabalho.comentarios_podcast_usuario VALUES ('comment_415_1_2', 'Laudantium dolor quia libero mollitia occaecati voluptate.', 'f8e13774-d631-4f34-93f0-2f5d55590265', 'usr_415');
INSERT INTO trabalho.comentarios_podcast_usuario VALUES ('comment_415_2_2', 'Ab assumenda quibusdam in ut in est itaque et.', 'f8e13774-d631-4f34-93f0-2f5d55590265', 'usr_415');
INSERT INTO trabalho.comentarios_podcast_usuario VALUES ('comment_415_3_2', 'Laudantium cum qui et excepturi praesentium doloremque dolores.', 'f8e13774-d631-4f34-93f0-2f5d55590265', 'usr_415');
INSERT INTO trabalho.comentarios_podcast_usuario VALUES ('comment_415_4_2', 'Doloremque numquam praesentium eius.', 'f8e13774-d631-4f34-93f0-2f5d55590265', 'usr_415');
INSERT INTO trabalho.comentarios_podcast_usuario VALUES ('comment_415_5_2', 'Voluptate tempore rem eveniet velit quaerat aut eius et.', 'f8e13774-d631-4f34-93f0-2f5d55590265', 'usr_415');
INSERT INTO trabalho.log_acesso VALUES ('log_415_0_2', 'f8e13774-d631-4f34-93f0-2f5d55590265', 'usr_415');
INSERT INTO trabalho.log_acesso VALUES ('log_415_1_2', 'f8e13774-d631-4f34-93f0-2f5d55590265', 'usr_415');
INSERT INTO trabalho.log_acesso VALUES ('log_415_2_2', 'f8e13774-d631-4f34-93f0-2f5d55590265', 'usr_415');
INSERT INTO trabalho.usuario VALUES ('usr_416', '416_Mait.Barros70@gmail.com', 'Maitê Barros', 'female', 11, trabalho.hashPassword('Password123'), 'China');
INSERT INTO trabalho.usuario_esta_inscrito_no_podcast VALUES (1, '5bdf7377-8330-4f9f-8efd-e95301c122ce', 'usr_416');
INSERT INTO trabalho.comentarios_podcast_usuario VALUES ('comment_416_0_0', 'Ullam ut eum perferendis id.', '5bdf7377-8330-4f9f-8efd-e95301c122ce', 'usr_416');
INSERT INTO trabalho.comentarios_podcast_usuario VALUES ('comment_416_1_0', 'Minus doloribus odit optio et est ipsum.', '5bdf7377-8330-4f9f-8efd-e95301c122ce', 'usr_416');
INSERT INTO trabalho.log_acesso VALUES ('log_416_0_0', '5bdf7377-8330-4f9f-8efd-e95301c122ce', 'usr_416');
INSERT INTO trabalho.log_acesso VALUES ('log_416_1_0', '5bdf7377-8330-4f9f-8efd-e95301c122ce', 'usr_416');
INSERT INTO trabalho.log_acesso VALUES ('log_416_2_0', '5bdf7377-8330-4f9f-8efd-e95301c122ce', 'usr_416');
INSERT INTO trabalho.log_acesso VALUES ('log_416_3_0', '5bdf7377-8330-4f9f-8efd-e95301c122ce', 'usr_416');
INSERT INTO trabalho.usuario_esta_inscrito_no_podcast VALUES (0, '67074e68-bc2f-442b-8af2-7d328b6af6eb', 'usr_416');
INSERT INTO trabalho.comentarios_podcast_usuario VALUES ('comment_416_0_1', 'Voluptatem adipisci ut eos quae corporis harum id.', '67074e68-bc2f-442b-8af2-7d328b6af6eb', 'usr_416');
INSERT INTO trabalho.comentarios_podcast_usuario VALUES ('comment_416_1_1', 'Omnis autem vel quo.', '67074e68-bc2f-442b-8af2-7d328b6af6eb', 'usr_416');
INSERT INTO trabalho.log_acesso VALUES ('log_416_0_1', '67074e68-bc2f-442b-8af2-7d328b6af6eb', 'usr_416');
INSERT INTO trabalho.log_acesso VALUES ('log_416_1_1', '67074e68-bc2f-442b-8af2-7d328b6af6eb', 'usr_416');
INSERT INTO trabalho.log_acesso VALUES ('log_416_2_1', '67074e68-bc2f-442b-8af2-7d328b6af6eb', 'usr_416');
INSERT INTO trabalho.log_acesso VALUES ('log_416_3_1', '67074e68-bc2f-442b-8af2-7d328b6af6eb', 'usr_416');
INSERT INTO trabalho.log_acesso VALUES ('log_416_4_1', '67074e68-bc2f-442b-8af2-7d328b6af6eb', 'usr_416');
INSERT INTO trabalho.usuario_esta_inscrito_no_podcast VALUES (1, '168c1536-4c42-4b8f-8c77-f06affefec6a', 'usr_416');
INSERT INTO trabalho.comentarios_podcast_usuario VALUES ('comment_416_0_2', 'Ut delectus in illum veritatis consequuntur facere labore voluptatem ut.', '168c1536-4c42-4b8f-8c77-f06affefec6a', 'usr_416');
INSERT INTO trabalho.log_acesso VALUES ('log_416_0_2', '168c1536-4c42-4b8f-8c77-f06affefec6a', 'usr_416');
INSERT INTO trabalho.log_acesso VALUES ('log_416_1_2', '168c1536-4c42-4b8f-8c77-f06affefec6a', 'usr_416');
INSERT INTO trabalho.log_acesso VALUES ('log_416_2_2', '168c1536-4c42-4b8f-8c77-f06affefec6a', 'usr_416');
INSERT INTO trabalho.log_acesso VALUES ('log_416_3_2', '168c1536-4c42-4b8f-8c77-f06affefec6a', 'usr_416');
INSERT INTO trabalho.usuario VALUES ('usr_417', '417_Fabiano61@yahoo.com', 'Fabiano Silva', 'male', 30, trabalho.hashPassword('Password123'), 'Palau');
INSERT INTO trabalho.usuario_esta_inscrito_no_podcast VALUES (0, '7e429e8e-7669-403d-bb78-3cd7f9f75afd', 'usr_417');
INSERT INTO trabalho.comentarios_podcast_usuario VALUES ('comment_417_0_0', 'Beatae dolores molestiae amet blanditiis corrupti at debitis fugit.', '7e429e8e-7669-403d-bb78-3cd7f9f75afd', 'usr_417');
INSERT INTO trabalho.comentarios_podcast_usuario VALUES ('comment_417_1_0', 'Atque aliquid nostrum nulla accusamus rem qui aut temporibus quis.', '7e429e8e-7669-403d-bb78-3cd7f9f75afd', 'usr_417');
INSERT INTO trabalho.log_acesso VALUES ('log_417_0_0', '7e429e8e-7669-403d-bb78-3cd7f9f75afd', 'usr_417');
INSERT INTO trabalho.log_acesso VALUES ('log_417_1_0', '7e429e8e-7669-403d-bb78-3cd7f9f75afd', 'usr_417');
INSERT INTO trabalho.usuario_esta_inscrito_no_podcast VALUES (1, 'bc8dac25-793c-4a96-aafc-4ea7020f4f60', 'usr_417');
INSERT INTO trabalho.comentarios_podcast_usuario VALUES ('comment_417_0_1', 'Voluptatibus asperiores delectus nostrum.', 'bc8dac25-793c-4a96-aafc-4ea7020f4f60', 'usr_417');
INSERT INTO trabalho.comentarios_podcast_usuario VALUES ('comment_417_1_1', 'Quis officiis sed quis dignissimos.', 'bc8dac25-793c-4a96-aafc-4ea7020f4f60', 'usr_417');
INSERT INTO trabalho.comentarios_podcast_usuario VALUES ('comment_417_2_1', 'Repellendus quod minima.', 'bc8dac25-793c-4a96-aafc-4ea7020f4f60', 'usr_417');
INSERT INTO trabalho.comentarios_podcast_usuario VALUES ('comment_417_3_1', 'Sit ut ratione nulla sit.', 'bc8dac25-793c-4a96-aafc-4ea7020f4f60', 'usr_417');
INSERT INTO trabalho.comentarios_podcast_usuario VALUES ('comment_417_4_1', 'Natus ipsa fuga ducimus nobis est delectus neque minus.', 'bc8dac25-793c-4a96-aafc-4ea7020f4f60', 'usr_417');
INSERT INTO trabalho.log_acesso VALUES ('log_417_0_1', 'bc8dac25-793c-4a96-aafc-4ea7020f4f60', 'usr_417');
INSERT INTO trabalho.log_acesso VALUES ('log_417_1_1', 'bc8dac25-793c-4a96-aafc-4ea7020f4f60', 'usr_417');
INSERT INTO trabalho.log_acesso VALUES ('log_417_2_1', 'bc8dac25-793c-4a96-aafc-4ea7020f4f60', 'usr_417');
INSERT INTO trabalho.log_acesso VALUES ('log_417_3_1', 'bc8dac25-793c-4a96-aafc-4ea7020f4f60', 'usr_417');
INSERT INTO trabalho.usuario_esta_inscrito_no_podcast VALUES (0, '5bdf7377-8330-4f9f-8efd-e95301c122ce', 'usr_417');
INSERT INTO trabalho.comentarios_podcast_usuario VALUES ('comment_417_0_2', 'Minus nostrum fuga esse earum qui.', '5bdf7377-8330-4f9f-8efd-e95301c122ce', 'usr_417');
INSERT INTO trabalho.comentarios_podcast_usuario VALUES ('comment_417_1_2', 'Assumenda necessitatibus et veniam a.', '5bdf7377-8330-4f9f-8efd-e95301c122ce', 'usr_417');
INSERT INTO trabalho.comentarios_podcast_usuario VALUES ('comment_417_2_2', 'Totam molestias nostrum exercitationem veniam sapiente qui et sint.', '5bdf7377-8330-4f9f-8efd-e95301c122ce', 'usr_417');
INSERT INTO trabalho.log_acesso VALUES ('log_417_0_2', '5bdf7377-8330-4f9f-8efd-e95301c122ce', 'usr_417');
INSERT INTO trabalho.log_acesso VALUES ('log_417_1_2', '5bdf7377-8330-4f9f-8efd-e95301c122ce', 'usr_417');
INSERT INTO trabalho.log_acesso VALUES ('log_417_2_2', '5bdf7377-8330-4f9f-8efd-e95301c122ce', 'usr_417');
INSERT INTO trabalho.usuario VALUES ('usr_418', '418_Natlia50@hotmail.com', 'Natália Martins', 'female', 40, trabalho.hashPassword('Password123'), 'Seicheles');
INSERT INTO trabalho.usuario_esta_inscrito_no_podcast VALUES (4, 'bc8dac25-793c-4a96-aafc-4ea7020f4f60', 'usr_418');
INSERT INTO trabalho.comentarios_podcast_usuario VALUES ('comment_418_0_0', 'Repudiandae vitae aut molestiae animi laborum quo.', 'bc8dac25-793c-4a96-aafc-4ea7020f4f60', 'usr_418');
INSERT INTO trabalho.comentarios_podcast_usuario VALUES ('comment_418_1_0', 'Maiores quia corporis porro suscipit minus.', 'bc8dac25-793c-4a96-aafc-4ea7020f4f60', 'usr_418');
INSERT INTO trabalho.comentarios_podcast_usuario VALUES ('comment_418_2_0', 'Consequuntur libero totam quia qui enim.', 'bc8dac25-793c-4a96-aafc-4ea7020f4f60', 'usr_418');
INSERT INTO trabalho.log_acesso VALUES ('log_418_0_0', 'bc8dac25-793c-4a96-aafc-4ea7020f4f60', 'usr_418');
INSERT INTO trabalho.log_acesso VALUES ('log_418_1_0', 'bc8dac25-793c-4a96-aafc-4ea7020f4f60', 'usr_418');
INSERT INTO trabalho.log_acesso VALUES ('log_418_2_0', 'bc8dac25-793c-4a96-aafc-4ea7020f4f60', 'usr_418');
INSERT INTO trabalho.log_acesso VALUES ('log_418_3_0', 'bc8dac25-793c-4a96-aafc-4ea7020f4f60', 'usr_418');
INSERT INTO trabalho.usuario_esta_inscrito_no_podcast VALUES (3, 'fa3abe16-3645-4d22-a01d-893e6f20c408', 'usr_418');
INSERT INTO trabalho.comentarios_podcast_usuario VALUES ('comment_418_0_1', 'Voluptatum voluptas iusto autem eaque.', 'fa3abe16-3645-4d22-a01d-893e6f20c408', 'usr_418');
INSERT INTO trabalho.comentarios_podcast_usuario VALUES ('comment_418_1_1', 'Ut eligendi sit dolor a cupiditate ut et.', 'fa3abe16-3645-4d22-a01d-893e6f20c408', 'usr_418');
INSERT INTO trabalho.comentarios_podcast_usuario VALUES ('comment_418_2_1', 'Fugit quia mollitia aut atque.', 'fa3abe16-3645-4d22-a01d-893e6f20c408', 'usr_418');
INSERT INTO trabalho.comentarios_podcast_usuario VALUES ('comment_418_3_1', 'Commodi molestiae aut nisi aut.', 'fa3abe16-3645-4d22-a01d-893e6f20c408', 'usr_418');
INSERT INTO trabalho.log_acesso VALUES ('log_418_0_1', 'fa3abe16-3645-4d22-a01d-893e6f20c408', 'usr_418');
INSERT INTO trabalho.log_acesso VALUES ('log_418_1_1', 'fa3abe16-3645-4d22-a01d-893e6f20c408', 'usr_418');
INSERT INTO trabalho.log_acesso VALUES ('log_418_2_1', 'fa3abe16-3645-4d22-a01d-893e6f20c408', 'usr_418');
INSERT INTO trabalho.log_acesso VALUES ('log_418_3_1', 'fa3abe16-3645-4d22-a01d-893e6f20c408', 'usr_418');
INSERT INTO trabalho.usuario_esta_inscrito_no_podcast VALUES (3, 'de2f0ddb-9903-436a-a5e2-54224254c818', 'usr_418');
INSERT INTO trabalho.comentarios_podcast_usuario VALUES ('comment_418_0_2', 'Et earum facere hic nihil dolorem distinctio.', 'de2f0ddb-9903-436a-a5e2-54224254c818', 'usr_418');
INSERT INTO trabalho.log_acesso VALUES ('log_418_0_2', 'de2f0ddb-9903-436a-a5e2-54224254c818', 'usr_418');
INSERT INTO trabalho.log_acesso VALUES ('log_418_1_2', 'de2f0ddb-9903-436a-a5e2-54224254c818', 'usr_418');
INSERT INTO trabalho.log_acesso VALUES ('log_418_2_2', 'de2f0ddb-9903-436a-a5e2-54224254c818', 'usr_418');
INSERT INTO trabalho.log_acesso VALUES ('log_418_3_2', 'de2f0ddb-9903-436a-a5e2-54224254c818', 'usr_418');
INSERT INTO trabalho.usuario VALUES ('usr_419', '419_Slvia.Batista16@yahoo.com', 'Sílvia Batista', 'female', 25, trabalho.hashPassword('Password123'), 'Brasil');
INSERT INTO trabalho.usuario_esta_inscrito_no_podcast VALUES (1, '168c1536-4c42-4b8f-8c77-f06affefec6a', 'usr_419');
INSERT INTO trabalho.comentarios_podcast_usuario VALUES ('comment_419_0_0', 'Neque sit quasi at quaerat et ullam sunt.', '168c1536-4c42-4b8f-8c77-f06affefec6a', 'usr_419');
INSERT INTO trabalho.comentarios_podcast_usuario VALUES ('comment_419_1_0', 'Consequatur eius inventore dolor itaque earum sequi sit vero.', '168c1536-4c42-4b8f-8c77-f06affefec6a', 'usr_419');
INSERT INTO trabalho.log_acesso VALUES ('log_419_0_0', '168c1536-4c42-4b8f-8c77-f06affefec6a', 'usr_419');
INSERT INTO trabalho.log_acesso VALUES ('log_419_1_0', '168c1536-4c42-4b8f-8c77-f06affefec6a', 'usr_419');
INSERT INTO trabalho.usuario_esta_inscrito_no_podcast VALUES (5, 'f1b92ce7-47a7-43cd-8586-4a09185cdd05', 'usr_419');
INSERT INTO trabalho.comentarios_podcast_usuario VALUES ('comment_419_0_1', 'Ipsum iste alias est velit praesentium debitis reiciendis voluptates blanditiis.', 'f1b92ce7-47a7-43cd-8586-4a09185cdd05', 'usr_419');
INSERT INTO trabalho.comentarios_podcast_usuario VALUES ('comment_419_1_1', 'Exercitationem provident et et velit velit.', 'f1b92ce7-47a7-43cd-8586-4a09185cdd05', 'usr_419');
INSERT INTO trabalho.comentarios_podcast_usuario VALUES ('comment_419_2_1', 'Ut suscipit corporis sunt omnis porro doloribus provident.', 'f1b92ce7-47a7-43cd-8586-4a09185cdd05', 'usr_419');
INSERT INTO trabalho.comentarios_podcast_usuario VALUES ('comment_419_3_1', 'Dolorum sequi in aut magni cumque porro.', 'f1b92ce7-47a7-43cd-8586-4a09185cdd05', 'usr_419');
INSERT INTO trabalho.comentarios_podcast_usuario VALUES ('comment_419_4_1', 'Nesciunt totam veritatis sit.', 'f1b92ce7-47a7-43cd-8586-4a09185cdd05', 'usr_419');
INSERT INTO trabalho.log_acesso VALUES ('log_419_0_1', 'f1b92ce7-47a7-43cd-8586-4a09185cdd05', 'usr_419');
INSERT INTO trabalho.log_acesso VALUES ('log_419_1_1', 'f1b92ce7-47a7-43cd-8586-4a09185cdd05', 'usr_419');
INSERT INTO trabalho.usuario_esta_inscrito_no_podcast VALUES (3, 'b553d865-8fe2-47de-9a30-10e1dea3bd1d', 'usr_419');
INSERT INTO trabalho.comentarios_podcast_usuario VALUES ('comment_419_0_2', 'Laborum nisi recusandae.', 'b553d865-8fe2-47de-9a30-10e1dea3bd1d', 'usr_419');
INSERT INTO trabalho.comentarios_podcast_usuario VALUES ('comment_419_1_2', 'Ex et molestiae consequatur sunt sequi.', 'b553d865-8fe2-47de-9a30-10e1dea3bd1d', 'usr_419');
INSERT INTO trabalho.log_acesso VALUES ('log_419_0_2', 'b553d865-8fe2-47de-9a30-10e1dea3bd1d', 'usr_419');
INSERT INTO trabalho.log_acesso VALUES ('log_419_1_2', 'b553d865-8fe2-47de-9a30-10e1dea3bd1d', 'usr_419');
INSERT INTO trabalho.log_acesso VALUES ('log_419_2_2', 'b553d865-8fe2-47de-9a30-10e1dea3bd1d', 'usr_419');
INSERT INTO trabalho.usuario VALUES ('usr_420', '420_Fabrcia.Barros19@gmail.com', 'Fabrícia Barros', 'female', 6, trabalho.hashPassword('Password123'), 'Polinésia Francesa');
INSERT INTO trabalho.usuario_esta_inscrito_no_podcast VALUES (5, 'de2f0ddb-9903-436a-a5e2-54224254c818', 'usr_420');
INSERT INTO trabalho.comentarios_podcast_usuario VALUES ('comment_420_0_0', 'Nobis amet voluptas.', 'de2f0ddb-9903-436a-a5e2-54224254c818', 'usr_420');
INSERT INTO trabalho.comentarios_podcast_usuario VALUES ('comment_420_1_0', 'Explicabo enim harum sunt officiis et esse suscipit a quia.', 'de2f0ddb-9903-436a-a5e2-54224254c818', 'usr_420');
INSERT INTO trabalho.log_acesso VALUES ('log_420_0_0', 'de2f0ddb-9903-436a-a5e2-54224254c818', 'usr_420');
INSERT INTO trabalho.log_acesso VALUES ('log_420_1_0', 'de2f0ddb-9903-436a-a5e2-54224254c818', 'usr_420');
INSERT INTO trabalho.log_acesso VALUES ('log_420_2_0', 'de2f0ddb-9903-436a-a5e2-54224254c818', 'usr_420');
INSERT INTO trabalho.usuario_esta_inscrito_no_podcast VALUES (0, '67074e68-bc2f-442b-8af2-7d328b6af6eb', 'usr_420');
INSERT INTO trabalho.comentarios_podcast_usuario VALUES ('comment_420_0_1', 'Cumque velit sint aut quis aut adipisci odio consequatur.', '67074e68-bc2f-442b-8af2-7d328b6af6eb', 'usr_420');
INSERT INTO trabalho.comentarios_podcast_usuario VALUES ('comment_420_1_1', 'Suscipit illo voluptatibus perferendis.', '67074e68-bc2f-442b-8af2-7d328b6af6eb', 'usr_420');
INSERT INTO trabalho.comentarios_podcast_usuario VALUES ('comment_420_2_1', 'Cumque et explicabo enim eos ut.', '67074e68-bc2f-442b-8af2-7d328b6af6eb', 'usr_420');
INSERT INTO trabalho.comentarios_podcast_usuario VALUES ('comment_420_3_1', 'Ex tempore quisquam.', '67074e68-bc2f-442b-8af2-7d328b6af6eb', 'usr_420');
INSERT INTO trabalho.comentarios_podcast_usuario VALUES ('comment_420_4_1', 'Id a ullam illum dolorem.', '67074e68-bc2f-442b-8af2-7d328b6af6eb', 'usr_420');
INSERT INTO trabalho.log_acesso VALUES ('log_420_0_1', '67074e68-bc2f-442b-8af2-7d328b6af6eb', 'usr_420');
INSERT INTO trabalho.log_acesso VALUES ('log_420_1_1', '67074e68-bc2f-442b-8af2-7d328b6af6eb', 'usr_420');
INSERT INTO trabalho.log_acesso VALUES ('log_420_2_1', '67074e68-bc2f-442b-8af2-7d328b6af6eb', 'usr_420');
INSERT INTO trabalho.log_acesso VALUES ('log_420_3_1', '67074e68-bc2f-442b-8af2-7d328b6af6eb', 'usr_420');
INSERT INTO trabalho.log_acesso VALUES ('log_420_4_1', '67074e68-bc2f-442b-8af2-7d328b6af6eb', 'usr_420');
INSERT INTO trabalho.usuario_esta_inscrito_no_podcast VALUES (3, 'f8e13774-d631-4f34-93f0-2f5d55590265', 'usr_420');
INSERT INTO trabalho.comentarios_podcast_usuario VALUES ('comment_420_0_2', 'Magnam sapiente laboriosam voluptatem.', 'f8e13774-d631-4f34-93f0-2f5d55590265', 'usr_420');
INSERT INTO trabalho.comentarios_podcast_usuario VALUES ('comment_420_1_2', 'Incidunt eaque animi repellat ea dolores quia quos ut.', 'f8e13774-d631-4f34-93f0-2f5d55590265', 'usr_420');
INSERT INTO trabalho.log_acesso VALUES ('log_420_0_2', 'f8e13774-d631-4f34-93f0-2f5d55590265', 'usr_420');
INSERT INTO trabalho.log_acesso VALUES ('log_420_1_2', 'f8e13774-d631-4f34-93f0-2f5d55590265', 'usr_420');
INSERT INTO trabalho.usuario VALUES ('usr_421', '421_Esther38@hotmail.com', 'Esther Santos', 'female', 14, trabalho.hashPassword('Password123'), 'Ruanda');
INSERT INTO trabalho.usuario_esta_inscrito_no_podcast VALUES (4, 'bc8dac25-793c-4a96-aafc-4ea7020f4f60', 'usr_421');
INSERT INTO trabalho.comentarios_podcast_usuario VALUES ('comment_421_0_0', 'Architecto et voluptatem autem quae quaerat est.', 'bc8dac25-793c-4a96-aafc-4ea7020f4f60', 'usr_421');
INSERT INTO trabalho.log_acesso VALUES ('log_421_0_0', 'bc8dac25-793c-4a96-aafc-4ea7020f4f60', 'usr_421');
INSERT INTO trabalho.log_acesso VALUES ('log_421_1_0', 'bc8dac25-793c-4a96-aafc-4ea7020f4f60', 'usr_421');
INSERT INTO trabalho.log_acesso VALUES ('log_421_2_0', 'bc8dac25-793c-4a96-aafc-4ea7020f4f60', 'usr_421');
INSERT INTO trabalho.usuario_esta_inscrito_no_podcast VALUES (1, '7e429e8e-7669-403d-bb78-3cd7f9f75afd', 'usr_421');
INSERT INTO trabalho.comentarios_podcast_usuario VALUES ('comment_421_0_1', 'Molestias rerum odit nemo veniam.', '7e429e8e-7669-403d-bb78-3cd7f9f75afd', 'usr_421');
INSERT INTO trabalho.comentarios_podcast_usuario VALUES ('comment_421_1_1', 'Atque magnam porro itaque dolor ut sed.', '7e429e8e-7669-403d-bb78-3cd7f9f75afd', 'usr_421');
INSERT INTO trabalho.log_acesso VALUES ('log_421_0_1', '7e429e8e-7669-403d-bb78-3cd7f9f75afd', 'usr_421');
INSERT INTO trabalho.log_acesso VALUES ('log_421_1_1', '7e429e8e-7669-403d-bb78-3cd7f9f75afd', 'usr_421');
INSERT INTO trabalho.usuario_esta_inscrito_no_podcast VALUES (5, '219328a1-cec6-4e8c-b003-52a3ec9766bb', 'usr_421');
INSERT INTO trabalho.comentarios_podcast_usuario VALUES ('comment_421_0_2', 'Itaque hic voluptatem est ipsam occaecati.', '219328a1-cec6-4e8c-b003-52a3ec9766bb', 'usr_421');
INSERT INTO trabalho.log_acesso VALUES ('log_421_0_2', '219328a1-cec6-4e8c-b003-52a3ec9766bb', 'usr_421');
INSERT INTO trabalho.log_acesso VALUES ('log_421_1_2', '219328a1-cec6-4e8c-b003-52a3ec9766bb', 'usr_421');
INSERT INTO trabalho.log_acesso VALUES ('log_421_2_2', '219328a1-cec6-4e8c-b003-52a3ec9766bb', 'usr_421');
INSERT INTO trabalho.log_acesso VALUES ('log_421_3_2', '219328a1-cec6-4e8c-b003-52a3ec9766bb', 'usr_421');
INSERT INTO trabalho.usuario VALUES ('usr_422', '422_MariaEduarda30@gmail.com', 'Maria Eduarda Batista', 'female', 13, trabalho.hashPassword('Password123'), 'Etiópia');
INSERT INTO trabalho.usuario_esta_inscrito_no_podcast VALUES (4, 'de2f0ddb-9903-436a-a5e2-54224254c818', 'usr_422');
INSERT INTO trabalho.comentarios_podcast_usuario VALUES ('comment_422_0_0', 'Voluptatem enim voluptas deserunt accusamus ut.', 'de2f0ddb-9903-436a-a5e2-54224254c818', 'usr_422');
INSERT INTO trabalho.comentarios_podcast_usuario VALUES ('comment_422_1_0', 'Placeat quo non doloremque est et harum autem commodi quia.', 'de2f0ddb-9903-436a-a5e2-54224254c818', 'usr_422');
INSERT INTO trabalho.comentarios_podcast_usuario VALUES ('comment_422_2_0', 'Ad magnam est.', 'de2f0ddb-9903-436a-a5e2-54224254c818', 'usr_422');
INSERT INTO trabalho.log_acesso VALUES ('log_422_0_0', 'de2f0ddb-9903-436a-a5e2-54224254c818', 'usr_422');
INSERT INTO trabalho.log_acesso VALUES ('log_422_1_0', 'de2f0ddb-9903-436a-a5e2-54224254c818', 'usr_422');
INSERT INTO trabalho.log_acesso VALUES ('log_422_2_0', 'de2f0ddb-9903-436a-a5e2-54224254c818', 'usr_422');
INSERT INTO trabalho.log_acesso VALUES ('log_422_3_0', 'de2f0ddb-9903-436a-a5e2-54224254c818', 'usr_422');
INSERT INTO trabalho.usuario_esta_inscrito_no_podcast VALUES (4, 'bc8dac25-793c-4a96-aafc-4ea7020f4f60', 'usr_422');
INSERT INTO trabalho.comentarios_podcast_usuario VALUES ('comment_422_0_1', 'Est incidunt sed magnam sint blanditiis et officia omnis.', 'bc8dac25-793c-4a96-aafc-4ea7020f4f60', 'usr_422');
INSERT INTO trabalho.comentarios_podcast_usuario VALUES ('comment_422_1_1', 'Ex magnam quo in architecto quia.', 'bc8dac25-793c-4a96-aafc-4ea7020f4f60', 'usr_422');
INSERT INTO trabalho.comentarios_podcast_usuario VALUES ('comment_422_2_1', 'Ullam ut distinctio fuga error facere earum temporibus.', 'bc8dac25-793c-4a96-aafc-4ea7020f4f60', 'usr_422');
INSERT INTO trabalho.log_acesso VALUES ('log_422_0_1', 'bc8dac25-793c-4a96-aafc-4ea7020f4f60', 'usr_422');
INSERT INTO trabalho.log_acesso VALUES ('log_422_1_1', 'bc8dac25-793c-4a96-aafc-4ea7020f4f60', 'usr_422');
INSERT INTO trabalho.log_acesso VALUES ('log_422_2_1', 'bc8dac25-793c-4a96-aafc-4ea7020f4f60', 'usr_422');
INSERT INTO trabalho.log_acesso VALUES ('log_422_3_1', 'bc8dac25-793c-4a96-aafc-4ea7020f4f60', 'usr_422');
INSERT INTO trabalho.usuario_esta_inscrito_no_podcast VALUES (5, '7e429e8e-7669-403d-bb78-3cd7f9f75afd', 'usr_422');
INSERT INTO trabalho.comentarios_podcast_usuario VALUES ('comment_422_0_2', 'Natus fugit enim autem veniam velit perspiciatis in asperiores.', '7e429e8e-7669-403d-bb78-3cd7f9f75afd', 'usr_422');
INSERT INTO trabalho.comentarios_podcast_usuario VALUES ('comment_422_1_2', 'Dolor laudantium ut in molestiae saepe unde.', '7e429e8e-7669-403d-bb78-3cd7f9f75afd', 'usr_422');
INSERT INTO trabalho.log_acesso VALUES ('log_422_0_2', '7e429e8e-7669-403d-bb78-3cd7f9f75afd', 'usr_422');
INSERT INTO trabalho.log_acesso VALUES ('log_422_1_2', '7e429e8e-7669-403d-bb78-3cd7f9f75afd', 'usr_422');
INSERT INTO trabalho.log_acesso VALUES ('log_422_2_2', '7e429e8e-7669-403d-bb78-3cd7f9f75afd', 'usr_422');
INSERT INTO trabalho.log_acesso VALUES ('log_422_3_2', '7e429e8e-7669-403d-bb78-3cd7f9f75afd', 'usr_422');
INSERT INTO trabalho.usuario VALUES ('usr_423', '423_Cau.Oliveira16@gmail.com', 'Cauã Oliveira', 'male', 0, trabalho.hashPassword('Password123'), 'San Marino');
INSERT INTO trabalho.usuario_esta_inscrito_no_podcast VALUES (3, 'fa3abe16-3645-4d22-a01d-893e6f20c408', 'usr_423');
INSERT INTO trabalho.comentarios_podcast_usuario VALUES ('comment_423_0_0', 'Aut consequatur molestias illum qui temporibus.', 'fa3abe16-3645-4d22-a01d-893e6f20c408', 'usr_423');
INSERT INTO trabalho.comentarios_podcast_usuario VALUES ('comment_423_1_0', 'Assumenda aliquid sit possimus dolore sunt.', 'fa3abe16-3645-4d22-a01d-893e6f20c408', 'usr_423');
INSERT INTO trabalho.comentarios_podcast_usuario VALUES ('comment_423_2_0', 'Quibusdam qui natus voluptate cum atque.', 'fa3abe16-3645-4d22-a01d-893e6f20c408', 'usr_423');
INSERT INTO trabalho.log_acesso VALUES ('log_423_0_0', 'fa3abe16-3645-4d22-a01d-893e6f20c408', 'usr_423');
INSERT INTO trabalho.log_acesso VALUES ('log_423_1_0', 'fa3abe16-3645-4d22-a01d-893e6f20c408', 'usr_423');
INSERT INTO trabalho.usuario_esta_inscrito_no_podcast VALUES (1, 'c58b280a-56d4-4ad8-8c85-730e4ea86361', 'usr_423');
INSERT INTO trabalho.comentarios_podcast_usuario VALUES ('comment_423_0_1', 'Quas voluptatum dolores quisquam adipisci aliquid quia qui sit et.', 'c58b280a-56d4-4ad8-8c85-730e4ea86361', 'usr_423');
INSERT INTO trabalho.comentarios_podcast_usuario VALUES ('comment_423_1_1', 'Nihil aut tempora soluta veniam.', 'c58b280a-56d4-4ad8-8c85-730e4ea86361', 'usr_423');
INSERT INTO trabalho.log_acesso VALUES ('log_423_0_1', 'c58b280a-56d4-4ad8-8c85-730e4ea86361', 'usr_423');
INSERT INTO trabalho.log_acesso VALUES ('log_423_1_1', 'c58b280a-56d4-4ad8-8c85-730e4ea86361', 'usr_423');
INSERT INTO trabalho.log_acesso VALUES ('log_423_2_1', 'c58b280a-56d4-4ad8-8c85-730e4ea86361', 'usr_423');
INSERT INTO trabalho.usuario_esta_inscrito_no_podcast VALUES (4, 'b553d865-8fe2-47de-9a30-10e1dea3bd1d', 'usr_423');
INSERT INTO trabalho.comentarios_podcast_usuario VALUES ('comment_423_0_2', 'Ut dignissimos unde aspernatur et sunt quo fuga.', 'b553d865-8fe2-47de-9a30-10e1dea3bd1d', 'usr_423');
INSERT INTO trabalho.comentarios_podcast_usuario VALUES ('comment_423_1_2', 'Vero at suscipit illum ut vel fugiat magnam sit qui.', 'b553d865-8fe2-47de-9a30-10e1dea3bd1d', 'usr_423');
INSERT INTO trabalho.comentarios_podcast_usuario VALUES ('comment_423_2_2', 'Minima ipsa hic sed sit perferendis tempora.', 'b553d865-8fe2-47de-9a30-10e1dea3bd1d', 'usr_423');
INSERT INTO trabalho.comentarios_podcast_usuario VALUES ('comment_423_3_2', 'Quia maiores consequatur autem et aut consequatur.', 'b553d865-8fe2-47de-9a30-10e1dea3bd1d', 'usr_423');
INSERT INTO trabalho.log_acesso VALUES ('log_423_0_2', 'b553d865-8fe2-47de-9a30-10e1dea3bd1d', 'usr_423');
INSERT INTO trabalho.log_acesso VALUES ('log_423_1_2', 'b553d865-8fe2-47de-9a30-10e1dea3bd1d', 'usr_423');
INSERT INTO trabalho.usuario VALUES ('usr_424', '424_Guilherme_Nogueira7@hotmail.com', 'Guilherme Nogueira', 'male', 27, trabalho.hashPassword('Password123'), 'Emirados Árabes Unidos');
INSERT INTO trabalho.usuario_esta_inscrito_no_podcast VALUES (3, '168c1536-4c42-4b8f-8c77-f06affefec6a', 'usr_424');
INSERT INTO trabalho.comentarios_podcast_usuario VALUES ('comment_424_0_0', 'Reiciendis voluptatem sint nesciunt dolores et vel architecto officia ipsum.', '168c1536-4c42-4b8f-8c77-f06affefec6a', 'usr_424');
INSERT INTO trabalho.comentarios_podcast_usuario VALUES ('comment_424_1_0', 'Molestiae vitae voluptatem distinctio culpa minus ut voluptatem.', '168c1536-4c42-4b8f-8c77-f06affefec6a', 'usr_424');
INSERT INTO trabalho.comentarios_podcast_usuario VALUES ('comment_424_2_0', 'Sequi deleniti debitis tempore earum voluptas velit nam.', '168c1536-4c42-4b8f-8c77-f06affefec6a', 'usr_424');
INSERT INTO trabalho.log_acesso VALUES ('log_424_0_0', '168c1536-4c42-4b8f-8c77-f06affefec6a', 'usr_424');
INSERT INTO trabalho.log_acesso VALUES ('log_424_1_0', '168c1536-4c42-4b8f-8c77-f06affefec6a', 'usr_424');
INSERT INTO trabalho.log_acesso VALUES ('log_424_2_0', '168c1536-4c42-4b8f-8c77-f06affefec6a', 'usr_424');
INSERT INTO trabalho.log_acesso VALUES ('log_424_3_0', '168c1536-4c42-4b8f-8c77-f06affefec6a', 'usr_424');
INSERT INTO trabalho.log_acesso VALUES ('log_424_4_0', '168c1536-4c42-4b8f-8c77-f06affefec6a', 'usr_424');
INSERT INTO trabalho.usuario_esta_inscrito_no_podcast VALUES (2, 'de2f0ddb-9903-436a-a5e2-54224254c818', 'usr_424');
INSERT INTO trabalho.comentarios_podcast_usuario VALUES ('comment_424_0_1', 'Voluptatibus magni eos.', 'de2f0ddb-9903-436a-a5e2-54224254c818', 'usr_424');
INSERT INTO trabalho.comentarios_podcast_usuario VALUES ('comment_424_1_1', 'Fuga perspiciatis ullam.', 'de2f0ddb-9903-436a-a5e2-54224254c818', 'usr_424');
INSERT INTO trabalho.log_acesso VALUES ('log_424_0_1', 'de2f0ddb-9903-436a-a5e2-54224254c818', 'usr_424');
INSERT INTO trabalho.log_acesso VALUES ('log_424_1_1', 'de2f0ddb-9903-436a-a5e2-54224254c818', 'usr_424');
INSERT INTO trabalho.log_acesso VALUES ('log_424_2_1', 'de2f0ddb-9903-436a-a5e2-54224254c818', 'usr_424');
INSERT INTO trabalho.usuario_esta_inscrito_no_podcast VALUES (2, 'b553d865-8fe2-47de-9a30-10e1dea3bd1d', 'usr_424');
INSERT INTO trabalho.comentarios_podcast_usuario VALUES ('comment_424_0_2', 'Omnis asperiores eos ut quae porro omnis.', 'b553d865-8fe2-47de-9a30-10e1dea3bd1d', 'usr_424');
INSERT INTO trabalho.comentarios_podcast_usuario VALUES ('comment_424_1_2', 'Quidem suscipit id et quisquam ullam sint libero qui laborum.', 'b553d865-8fe2-47de-9a30-10e1dea3bd1d', 'usr_424');
INSERT INTO trabalho.log_acesso VALUES ('log_424_0_2', 'b553d865-8fe2-47de-9a30-10e1dea3bd1d', 'usr_424');
INSERT INTO trabalho.log_acesso VALUES ('log_424_1_2', 'b553d865-8fe2-47de-9a30-10e1dea3bd1d', 'usr_424');
INSERT INTO trabalho.log_acesso VALUES ('log_424_2_2', 'b553d865-8fe2-47de-9a30-10e1dea3bd1d', 'usr_424');
INSERT INTO trabalho.usuario VALUES ('usr_425', '425_Dalila.Reis77@bol.com.br', 'Dalila Reis', 'female', 23, trabalho.hashPassword('Password123'), 'Fiji');
INSERT INTO trabalho.usuario_esta_inscrito_no_podcast VALUES (3, 'de2f0ddb-9903-436a-a5e2-54224254c818', 'usr_425');
INSERT INTO trabalho.comentarios_podcast_usuario VALUES ('comment_425_0_0', 'Qui aut labore enim est dicta suscipit et.', 'de2f0ddb-9903-436a-a5e2-54224254c818', 'usr_425');
INSERT INTO trabalho.comentarios_podcast_usuario VALUES ('comment_425_1_0', 'Dicta autem voluptatem.', 'de2f0ddb-9903-436a-a5e2-54224254c818', 'usr_425');
INSERT INTO trabalho.log_acesso VALUES ('log_425_0_0', 'de2f0ddb-9903-436a-a5e2-54224254c818', 'usr_425');
INSERT INTO trabalho.log_acesso VALUES ('log_425_1_0', 'de2f0ddb-9903-436a-a5e2-54224254c818', 'usr_425');
INSERT INTO trabalho.log_acesso VALUES ('log_425_2_0', 'de2f0ddb-9903-436a-a5e2-54224254c818', 'usr_425');
INSERT INTO trabalho.log_acesso VALUES ('log_425_3_0', 'de2f0ddb-9903-436a-a5e2-54224254c818', 'usr_425');
INSERT INTO trabalho.log_acesso VALUES ('log_425_4_0', 'de2f0ddb-9903-436a-a5e2-54224254c818', 'usr_425');
INSERT INTO trabalho.usuario_esta_inscrito_no_podcast VALUES (0, 'af46a958-b921-47b6-9f87-5c4fdc68ea79', 'usr_425');
INSERT INTO trabalho.comentarios_podcast_usuario VALUES ('comment_425_0_1', 'Dolorem et earum amet voluptatem occaecati aperiam voluptatem.', 'af46a958-b921-47b6-9f87-5c4fdc68ea79', 'usr_425');
INSERT INTO trabalho.comentarios_podcast_usuario VALUES ('comment_425_1_1', 'Accusamus est perferendis consequatur hic.', 'af46a958-b921-47b6-9f87-5c4fdc68ea79', 'usr_425');
INSERT INTO trabalho.comentarios_podcast_usuario VALUES ('comment_425_2_1', 'Aut occaecati aut totam voluptatem minima quis quidem.', 'af46a958-b921-47b6-9f87-5c4fdc68ea79', 'usr_425');
INSERT INTO trabalho.log_acesso VALUES ('log_425_0_1', 'af46a958-b921-47b6-9f87-5c4fdc68ea79', 'usr_425');
INSERT INTO trabalho.log_acesso VALUES ('log_425_1_1', 'af46a958-b921-47b6-9f87-5c4fdc68ea79', 'usr_425');
INSERT INTO trabalho.log_acesso VALUES ('log_425_2_1', 'af46a958-b921-47b6-9f87-5c4fdc68ea79', 'usr_425');
INSERT INTO trabalho.usuario_esta_inscrito_no_podcast VALUES (3, 'f0166bd2-8e4d-4308-b5d7-0b3d627c5dc5', 'usr_425');
INSERT INTO trabalho.comentarios_podcast_usuario VALUES ('comment_425_0_2', 'Vitae ex magnam hic cum harum quis.', 'f0166bd2-8e4d-4308-b5d7-0b3d627c5dc5', 'usr_425');
INSERT INTO trabalho.comentarios_podcast_usuario VALUES ('comment_425_1_2', 'Quo quia facere quaerat iusto voluptates.', 'f0166bd2-8e4d-4308-b5d7-0b3d627c5dc5', 'usr_425');
INSERT INTO trabalho.comentarios_podcast_usuario VALUES ('comment_425_2_2', 'Et ipsum laborum id.', 'f0166bd2-8e4d-4308-b5d7-0b3d627c5dc5', 'usr_425');
INSERT INTO trabalho.comentarios_podcast_usuario VALUES ('comment_425_3_2', 'Dolore est harum omnis non.', 'f0166bd2-8e4d-4308-b5d7-0b3d627c5dc5', 'usr_425');
INSERT INTO trabalho.log_acesso VALUES ('log_425_0_2', 'f0166bd2-8e4d-4308-b5d7-0b3d627c5dc5', 'usr_425');
INSERT INTO trabalho.log_acesso VALUES ('log_425_1_2', 'f0166bd2-8e4d-4308-b5d7-0b3d627c5dc5', 'usr_425');
INSERT INTO trabalho.usuario VALUES ('usr_426', '426_Dalila.Carvalho38@live.com', 'Dalila Carvalho', 'female', 45, trabalho.hashPassword('Password123'), 'França');
INSERT INTO trabalho.usuario_esta_inscrito_no_podcast VALUES (0, 'b553d865-8fe2-47de-9a30-10e1dea3bd1d', 'usr_426');
INSERT INTO trabalho.comentarios_podcast_usuario VALUES ('comment_426_0_0', 'Labore sunt debitis voluptatem cupiditate cupiditate dicta autem.', 'b553d865-8fe2-47de-9a30-10e1dea3bd1d', 'usr_426');
INSERT INTO trabalho.comentarios_podcast_usuario VALUES ('comment_426_1_0', 'Neque quibusdam facilis necessitatibus rem occaecati doloremque non accusantium dolor.', 'b553d865-8fe2-47de-9a30-10e1dea3bd1d', 'usr_426');
INSERT INTO trabalho.comentarios_podcast_usuario VALUES ('comment_426_2_0', 'Cum asperiores similique nulla sapiente voluptates error dolorum quae animi.', 'b553d865-8fe2-47de-9a30-10e1dea3bd1d', 'usr_426');
INSERT INTO trabalho.comentarios_podcast_usuario VALUES ('comment_426_3_0', 'Reprehenderit quae eum omnis ipsa amet qui.', 'b553d865-8fe2-47de-9a30-10e1dea3bd1d', 'usr_426');
INSERT INTO trabalho.log_acesso VALUES ('log_426_0_0', 'b553d865-8fe2-47de-9a30-10e1dea3bd1d', 'usr_426');
INSERT INTO trabalho.log_acesso VALUES ('log_426_1_0', 'b553d865-8fe2-47de-9a30-10e1dea3bd1d', 'usr_426');
INSERT INTO trabalho.log_acesso VALUES ('log_426_2_0', 'b553d865-8fe2-47de-9a30-10e1dea3bd1d', 'usr_426');
INSERT INTO trabalho.log_acesso VALUES ('log_426_3_0', 'b553d865-8fe2-47de-9a30-10e1dea3bd1d', 'usr_426');
INSERT INTO trabalho.log_acesso VALUES ('log_426_4_0', 'b553d865-8fe2-47de-9a30-10e1dea3bd1d', 'usr_426');
INSERT INTO trabalho.log_acesso VALUES ('log_426_5_0', 'b553d865-8fe2-47de-9a30-10e1dea3bd1d', 'usr_426');
INSERT INTO trabalho.log_acesso VALUES ('log_426_6_0', 'b553d865-8fe2-47de-9a30-10e1dea3bd1d', 'usr_426');
INSERT INTO trabalho.usuario_esta_inscrito_no_podcast VALUES (3, '67074e68-bc2f-442b-8af2-7d328b6af6eb', 'usr_426');
INSERT INTO trabalho.comentarios_podcast_usuario VALUES ('comment_426_0_1', 'Officia et tempora dolores quae assumenda eligendi soluta ut.', '67074e68-bc2f-442b-8af2-7d328b6af6eb', 'usr_426');
INSERT INTO trabalho.comentarios_podcast_usuario VALUES ('comment_426_1_1', 'Repellendus quisquam sit odio dolorem harum facere.', '67074e68-bc2f-442b-8af2-7d328b6af6eb', 'usr_426');
INSERT INTO trabalho.log_acesso VALUES ('log_426_0_1', '67074e68-bc2f-442b-8af2-7d328b6af6eb', 'usr_426');
INSERT INTO trabalho.log_acesso VALUES ('log_426_1_1', '67074e68-bc2f-442b-8af2-7d328b6af6eb', 'usr_426');
INSERT INTO trabalho.usuario_esta_inscrito_no_podcast VALUES (1, '219328a1-cec6-4e8c-b003-52a3ec9766bb', 'usr_426');
INSERT INTO trabalho.comentarios_podcast_usuario VALUES ('comment_426_0_2', 'Officiis deserunt laborum officiis quibusdam dolorum eum.', '219328a1-cec6-4e8c-b003-52a3ec9766bb', 'usr_426');
INSERT INTO trabalho.comentarios_podcast_usuario VALUES ('comment_426_1_2', 'Animi molestiae modi.', '219328a1-cec6-4e8c-b003-52a3ec9766bb', 'usr_426');
INSERT INTO trabalho.log_acesso VALUES ('log_426_0_2', '219328a1-cec6-4e8c-b003-52a3ec9766bb', 'usr_426');
INSERT INTO trabalho.log_acesso VALUES ('log_426_1_2', '219328a1-cec6-4e8c-b003-52a3ec9766bb', 'usr_426');
INSERT INTO trabalho.log_acesso VALUES ('log_426_2_2', '219328a1-cec6-4e8c-b003-52a3ec9766bb', 'usr_426');
INSERT INTO trabalho.log_acesso VALUES ('log_426_3_2', '219328a1-cec6-4e8c-b003-52a3ec9766bb', 'usr_426');
INSERT INTO trabalho.usuario VALUES ('usr_427', '427_Danilo.Oliveira56@live.com', 'Danilo Oliveira', 'male', 30, trabalho.hashPassword('Password123'), 'Áustria');
INSERT INTO trabalho.usuario_esta_inscrito_no_podcast VALUES (0, 'f8e13774-d631-4f34-93f0-2f5d55590265', 'usr_427');
INSERT INTO trabalho.comentarios_podcast_usuario VALUES ('comment_427_0_0', 'Qui ab adipisci.', 'f8e13774-d631-4f34-93f0-2f5d55590265', 'usr_427');
INSERT INTO trabalho.comentarios_podcast_usuario VALUES ('comment_427_1_0', 'Quod veritatis delectus est ut possimus cumque sint eveniet.', 'f8e13774-d631-4f34-93f0-2f5d55590265', 'usr_427');
INSERT INTO trabalho.comentarios_podcast_usuario VALUES ('comment_427_2_0', 'Repudiandae veniam est et similique sed.', 'f8e13774-d631-4f34-93f0-2f5d55590265', 'usr_427');
INSERT INTO trabalho.comentarios_podcast_usuario VALUES ('comment_427_3_0', 'Necessitatibus porro est ullam consequatur.', 'f8e13774-d631-4f34-93f0-2f5d55590265', 'usr_427');
INSERT INTO trabalho.log_acesso VALUES ('log_427_0_0', 'f8e13774-d631-4f34-93f0-2f5d55590265', 'usr_427');
INSERT INTO trabalho.log_acesso VALUES ('log_427_1_0', 'f8e13774-d631-4f34-93f0-2f5d55590265', 'usr_427');
INSERT INTO trabalho.log_acesso VALUES ('log_427_2_0', 'f8e13774-d631-4f34-93f0-2f5d55590265', 'usr_427');
INSERT INTO trabalho.usuario_esta_inscrito_no_podcast VALUES (4, 'f0166bd2-8e4d-4308-b5d7-0b3d627c5dc5', 'usr_427');
INSERT INTO trabalho.comentarios_podcast_usuario VALUES ('comment_427_0_1', 'Quisquam est rem voluptatem dolorum saepe voluptatem soluta.', 'f0166bd2-8e4d-4308-b5d7-0b3d627c5dc5', 'usr_427');
INSERT INTO trabalho.comentarios_podcast_usuario VALUES ('comment_427_1_1', 'Quia et tenetur adipisci laboriosam omnis ex.', 'f0166bd2-8e4d-4308-b5d7-0b3d627c5dc5', 'usr_427');
INSERT INTO trabalho.comentarios_podcast_usuario VALUES ('comment_427_2_1', 'Minus voluptates voluptatem aut neque.', 'f0166bd2-8e4d-4308-b5d7-0b3d627c5dc5', 'usr_427');
INSERT INTO trabalho.comentarios_podcast_usuario VALUES ('comment_427_3_1', 'Porro delectus alias tenetur quibusdam consequatur distinctio quisquam soluta consequuntur.', 'f0166bd2-8e4d-4308-b5d7-0b3d627c5dc5', 'usr_427');
INSERT INTO trabalho.log_acesso VALUES ('log_427_0_1', 'f0166bd2-8e4d-4308-b5d7-0b3d627c5dc5', 'usr_427');
INSERT INTO trabalho.log_acesso VALUES ('log_427_1_1', 'f0166bd2-8e4d-4308-b5d7-0b3d627c5dc5', 'usr_427');
INSERT INTO trabalho.log_acesso VALUES ('log_427_2_1', 'f0166bd2-8e4d-4308-b5d7-0b3d627c5dc5', 'usr_427');
INSERT INTO trabalho.log_acesso VALUES ('log_427_3_1', 'f0166bd2-8e4d-4308-b5d7-0b3d627c5dc5', 'usr_427');
INSERT INTO trabalho.log_acesso VALUES ('log_427_4_1', 'f0166bd2-8e4d-4308-b5d7-0b3d627c5dc5', 'usr_427');
INSERT INTO trabalho.usuario_esta_inscrito_no_podcast VALUES (0, 'af46a958-b921-47b6-9f87-5c4fdc68ea79', 'usr_427');
INSERT INTO trabalho.comentarios_podcast_usuario VALUES ('comment_427_0_2', 'Expedita laudantium aut maxime asperiores quidem atque autem quidem.', 'af46a958-b921-47b6-9f87-5c4fdc68ea79', 'usr_427');
INSERT INTO trabalho.comentarios_podcast_usuario VALUES ('comment_427_1_2', 'Incidunt ratione dolores totam.', 'af46a958-b921-47b6-9f87-5c4fdc68ea79', 'usr_427');
INSERT INTO trabalho.log_acesso VALUES ('log_427_0_2', 'af46a958-b921-47b6-9f87-5c4fdc68ea79', 'usr_427');
INSERT INTO trabalho.log_acesso VALUES ('log_427_1_2', 'af46a958-b921-47b6-9f87-5c4fdc68ea79', 'usr_427');
INSERT INTO trabalho.usuario VALUES ('usr_428', '428_Clara94@live.com', 'Clara Reis', 'female', 26, trabalho.hashPassword('Password123'), 'Guiné');
INSERT INTO trabalho.usuario_esta_inscrito_no_podcast VALUES (2, 'f8e13774-d631-4f34-93f0-2f5d55590265', 'usr_428');
INSERT INTO trabalho.comentarios_podcast_usuario VALUES ('comment_428_0_0', 'Quos expedita dicta corporis magni aut nam.', 'f8e13774-d631-4f34-93f0-2f5d55590265', 'usr_428');
INSERT INTO trabalho.comentarios_podcast_usuario VALUES ('comment_428_1_0', 'Voluptatem est odit aliquam omnis quos magni et consequatur.', 'f8e13774-d631-4f34-93f0-2f5d55590265', 'usr_428');
INSERT INTO trabalho.comentarios_podcast_usuario VALUES ('comment_428_2_0', 'Porro qui optio et velit dolorem mollitia.', 'f8e13774-d631-4f34-93f0-2f5d55590265', 'usr_428');
INSERT INTO trabalho.log_acesso VALUES ('log_428_0_0', 'f8e13774-d631-4f34-93f0-2f5d55590265', 'usr_428');
INSERT INTO trabalho.log_acesso VALUES ('log_428_1_0', 'f8e13774-d631-4f34-93f0-2f5d55590265', 'usr_428');
INSERT INTO trabalho.log_acesso VALUES ('log_428_2_0', 'f8e13774-d631-4f34-93f0-2f5d55590265', 'usr_428');
INSERT INTO trabalho.log_acesso VALUES ('log_428_3_0', 'f8e13774-d631-4f34-93f0-2f5d55590265', 'usr_428');
INSERT INTO trabalho.log_acesso VALUES ('log_428_4_0', 'f8e13774-d631-4f34-93f0-2f5d55590265', 'usr_428');
INSERT INTO trabalho.usuario_esta_inscrito_no_podcast VALUES (0, '67074e68-bc2f-442b-8af2-7d328b6af6eb', 'usr_428');
INSERT INTO trabalho.comentarios_podcast_usuario VALUES ('comment_428_0_1', 'Est consequatur amet ipsum ad fuga est voluptates nesciunt.', '67074e68-bc2f-442b-8af2-7d328b6af6eb', 'usr_428');
INSERT INTO trabalho.comentarios_podcast_usuario VALUES ('comment_428_1_1', 'Enim est omnis.', '67074e68-bc2f-442b-8af2-7d328b6af6eb', 'usr_428');
INSERT INTO trabalho.log_acesso VALUES ('log_428_0_1', '67074e68-bc2f-442b-8af2-7d328b6af6eb', 'usr_428');
INSERT INTO trabalho.log_acesso VALUES ('log_428_1_1', '67074e68-bc2f-442b-8af2-7d328b6af6eb', 'usr_428');
INSERT INTO trabalho.log_acesso VALUES ('log_428_2_1', '67074e68-bc2f-442b-8af2-7d328b6af6eb', 'usr_428');
INSERT INTO trabalho.log_acesso VALUES ('log_428_3_1', '67074e68-bc2f-442b-8af2-7d328b6af6eb', 'usr_428');
INSERT INTO trabalho.log_acesso VALUES ('log_428_4_1', '67074e68-bc2f-442b-8af2-7d328b6af6eb', 'usr_428');
INSERT INTO trabalho.usuario_esta_inscrito_no_podcast VALUES (0, 'b553d865-8fe2-47de-9a30-10e1dea3bd1d', 'usr_428');
INSERT INTO trabalho.comentarios_podcast_usuario VALUES ('comment_428_0_2', 'Ipsum est tenetur fugit assumenda et officia optio et ut.', 'b553d865-8fe2-47de-9a30-10e1dea3bd1d', 'usr_428');
INSERT INTO trabalho.comentarios_podcast_usuario VALUES ('comment_428_1_2', 'Sit nulla veniam.', 'b553d865-8fe2-47de-9a30-10e1dea3bd1d', 'usr_428');
INSERT INTO trabalho.log_acesso VALUES ('log_428_0_2', 'b553d865-8fe2-47de-9a30-10e1dea3bd1d', 'usr_428');
INSERT INTO trabalho.log_acesso VALUES ('log_428_1_2', 'b553d865-8fe2-47de-9a30-10e1dea3bd1d', 'usr_428');
INSERT INTO trabalho.usuario VALUES ('usr_429', '429_Sophia38@bol.com.br', 'Sophia Pereira', 'female', 58, trabalho.hashPassword('Password123'), 'Liechtenstein');
INSERT INTO trabalho.usuario_esta_inscrito_no_podcast VALUES (3, '5bdf7377-8330-4f9f-8efd-e95301c122ce', 'usr_429');
INSERT INTO trabalho.comentarios_podcast_usuario VALUES ('comment_429_0_0', 'Similique consequatur corrupti est doloremque magni dignissimos illum quod.', '5bdf7377-8330-4f9f-8efd-e95301c122ce', 'usr_429');
INSERT INTO trabalho.comentarios_podcast_usuario VALUES ('comment_429_1_0', 'Fuga aperiam hic ad odit eligendi et est voluptate.', '5bdf7377-8330-4f9f-8efd-e95301c122ce', 'usr_429');
INSERT INTO trabalho.comentarios_podcast_usuario VALUES ('comment_429_2_0', 'Qui enim at.', '5bdf7377-8330-4f9f-8efd-e95301c122ce', 'usr_429');
INSERT INTO trabalho.log_acesso VALUES ('log_429_0_0', '5bdf7377-8330-4f9f-8efd-e95301c122ce', 'usr_429');
INSERT INTO trabalho.log_acesso VALUES ('log_429_1_0', '5bdf7377-8330-4f9f-8efd-e95301c122ce', 'usr_429');
INSERT INTO trabalho.log_acesso VALUES ('log_429_2_0', '5bdf7377-8330-4f9f-8efd-e95301c122ce', 'usr_429');
INSERT INTO trabalho.usuario_esta_inscrito_no_podcast VALUES (3, '67074e68-bc2f-442b-8af2-7d328b6af6eb', 'usr_429');
INSERT INTO trabalho.comentarios_podcast_usuario VALUES ('comment_429_0_1', 'Necessitatibus sint maiores atque rerum cum quia hic porro facere.', '67074e68-bc2f-442b-8af2-7d328b6af6eb', 'usr_429');
INSERT INTO trabalho.comentarios_podcast_usuario VALUES ('comment_429_1_1', 'Voluptates qui ut maiores sit enim.', '67074e68-bc2f-442b-8af2-7d328b6af6eb', 'usr_429');
INSERT INTO trabalho.comentarios_podcast_usuario VALUES ('comment_429_2_1', 'Similique eos cum voluptatibus ut.', '67074e68-bc2f-442b-8af2-7d328b6af6eb', 'usr_429');
INSERT INTO trabalho.log_acesso VALUES ('log_429_0_1', '67074e68-bc2f-442b-8af2-7d328b6af6eb', 'usr_429');
INSERT INTO trabalho.log_acesso VALUES ('log_429_1_1', '67074e68-bc2f-442b-8af2-7d328b6af6eb', 'usr_429');
INSERT INTO trabalho.log_acesso VALUES ('log_429_2_1', '67074e68-bc2f-442b-8af2-7d328b6af6eb', 'usr_429');
INSERT INTO trabalho.usuario_esta_inscrito_no_podcast VALUES (3, '168c1536-4c42-4b8f-8c77-f06affefec6a', 'usr_429');
INSERT INTO trabalho.comentarios_podcast_usuario VALUES ('comment_429_0_2', 'Doloribus sit odio ut et nihil et voluptatum.', '168c1536-4c42-4b8f-8c77-f06affefec6a', 'usr_429');
INSERT INTO trabalho.log_acesso VALUES ('log_429_0_2', '168c1536-4c42-4b8f-8c77-f06affefec6a', 'usr_429');
INSERT INTO trabalho.log_acesso VALUES ('log_429_1_2', '168c1536-4c42-4b8f-8c77-f06affefec6a', 'usr_429');
INSERT INTO trabalho.log_acesso VALUES ('log_429_2_2', '168c1536-4c42-4b8f-8c77-f06affefec6a', 'usr_429');
INSERT INTO trabalho.log_acesso VALUES ('log_429_3_2', '168c1536-4c42-4b8f-8c77-f06affefec6a', 'usr_429');
INSERT INTO trabalho.log_acesso VALUES ('log_429_4_2', '168c1536-4c42-4b8f-8c77-f06affefec6a', 'usr_429');
INSERT INTO trabalho.usuario VALUES ('usr_430', '430_Carlos83@hotmail.com', 'Carlos Oliveira', 'male', 60, trabalho.hashPassword('Password123'), 'Congo');
INSERT INTO trabalho.usuario_esta_inscrito_no_podcast VALUES (0, 'f8e13774-d631-4f34-93f0-2f5d55590265', 'usr_430');
INSERT INTO trabalho.comentarios_podcast_usuario VALUES ('comment_430_0_0', 'Consequatur quasi quibusdam consequatur velit eveniet omnis quibusdam nihil.', 'f8e13774-d631-4f34-93f0-2f5d55590265', 'usr_430');
INSERT INTO trabalho.comentarios_podcast_usuario VALUES ('comment_430_1_0', 'Odit dolorem non.', 'f8e13774-d631-4f34-93f0-2f5d55590265', 'usr_430');
INSERT INTO trabalho.comentarios_podcast_usuario VALUES ('comment_430_2_0', 'Qui soluta fugit omnis iusto dignissimos dolorem minus dignissimos maiores.', 'f8e13774-d631-4f34-93f0-2f5d55590265', 'usr_430');
INSERT INTO trabalho.log_acesso VALUES ('log_430_0_0', 'f8e13774-d631-4f34-93f0-2f5d55590265', 'usr_430');
INSERT INTO trabalho.log_acesso VALUES ('log_430_1_0', 'f8e13774-d631-4f34-93f0-2f5d55590265', 'usr_430');
INSERT INTO trabalho.log_acesso VALUES ('log_430_2_0', 'f8e13774-d631-4f34-93f0-2f5d55590265', 'usr_430');
INSERT INTO trabalho.log_acesso VALUES ('log_430_3_0', 'f8e13774-d631-4f34-93f0-2f5d55590265', 'usr_430');
INSERT INTO trabalho.usuario_esta_inscrito_no_podcast VALUES (2, 'c58b280a-56d4-4ad8-8c85-730e4ea86361', 'usr_430');
INSERT INTO trabalho.comentarios_podcast_usuario VALUES ('comment_430_0_1', 'Explicabo quod enim aliquam quia ad perferendis consectetur nam sunt.', 'c58b280a-56d4-4ad8-8c85-730e4ea86361', 'usr_430');
INSERT INTO trabalho.comentarios_podcast_usuario VALUES ('comment_430_1_1', 'Magnam tempore optio et commodi assumenda vel in corrupti ea.', 'c58b280a-56d4-4ad8-8c85-730e4ea86361', 'usr_430');
INSERT INTO trabalho.comentarios_podcast_usuario VALUES ('comment_430_2_1', 'Eum voluptas dolorem et maiores quis.', 'c58b280a-56d4-4ad8-8c85-730e4ea86361', 'usr_430');
INSERT INTO trabalho.comentarios_podcast_usuario VALUES ('comment_430_3_1', 'Aut a nesciunt unde.', 'c58b280a-56d4-4ad8-8c85-730e4ea86361', 'usr_430');
INSERT INTO trabalho.log_acesso VALUES ('log_430_0_1', 'c58b280a-56d4-4ad8-8c85-730e4ea86361', 'usr_430');
INSERT INTO trabalho.log_acesso VALUES ('log_430_1_1', 'c58b280a-56d4-4ad8-8c85-730e4ea86361', 'usr_430');
INSERT INTO trabalho.usuario_esta_inscrito_no_podcast VALUES (3, 'f1b92ce7-47a7-43cd-8586-4a09185cdd05', 'usr_430');
INSERT INTO trabalho.comentarios_podcast_usuario VALUES ('comment_430_0_2', 'Quidem cum cupiditate voluptatem et voluptas doloribus blanditiis.', 'f1b92ce7-47a7-43cd-8586-4a09185cdd05', 'usr_430');
INSERT INTO trabalho.comentarios_podcast_usuario VALUES ('comment_430_1_2', 'Et consequuntur corrupti.', 'f1b92ce7-47a7-43cd-8586-4a09185cdd05', 'usr_430');
INSERT INTO trabalho.comentarios_podcast_usuario VALUES ('comment_430_2_2', 'Praesentium laboriosam occaecati cumque cum aperiam rerum id est et.', 'f1b92ce7-47a7-43cd-8586-4a09185cdd05', 'usr_430');
INSERT INTO trabalho.log_acesso VALUES ('log_430_0_2', 'f1b92ce7-47a7-43cd-8586-4a09185cdd05', 'usr_430');
INSERT INTO trabalho.log_acesso VALUES ('log_430_1_2', 'f1b92ce7-47a7-43cd-8586-4a09185cdd05', 'usr_430');
INSERT INTO trabalho.usuario VALUES ('usr_431', '431_Mait.Souza15@live.com', 'Maitê Souza', 'female', 53, trabalho.hashPassword('Password123'), 'Tonga');
INSERT INTO trabalho.usuario_esta_inscrito_no_podcast VALUES (3, '7e429e8e-7669-403d-bb78-3cd7f9f75afd', 'usr_431');
INSERT INTO trabalho.comentarios_podcast_usuario VALUES ('comment_431_0_0', 'Quas cupiditate eos unde aliquam veritatis reprehenderit qui excepturi fugiat.', '7e429e8e-7669-403d-bb78-3cd7f9f75afd', 'usr_431');
INSERT INTO trabalho.comentarios_podcast_usuario VALUES ('comment_431_1_0', 'Nihil ex molestiae aut non dolorem qui numquam ut.', '7e429e8e-7669-403d-bb78-3cd7f9f75afd', 'usr_431');
INSERT INTO trabalho.log_acesso VALUES ('log_431_0_0', '7e429e8e-7669-403d-bb78-3cd7f9f75afd', 'usr_431');
INSERT INTO trabalho.log_acesso VALUES ('log_431_1_0', '7e429e8e-7669-403d-bb78-3cd7f9f75afd', 'usr_431');
INSERT INTO trabalho.log_acesso VALUES ('log_431_2_0', '7e429e8e-7669-403d-bb78-3cd7f9f75afd', 'usr_431');
INSERT INTO trabalho.log_acesso VALUES ('log_431_3_0', '7e429e8e-7669-403d-bb78-3cd7f9f75afd', 'usr_431');
INSERT INTO trabalho.usuario_esta_inscrito_no_podcast VALUES (2, '168c1536-4c42-4b8f-8c77-f06affefec6a', 'usr_431');
INSERT INTO trabalho.comentarios_podcast_usuario VALUES ('comment_431_0_1', 'Excepturi numquam harum quo voluptatem autem dolorum.', '168c1536-4c42-4b8f-8c77-f06affefec6a', 'usr_431');
INSERT INTO trabalho.comentarios_podcast_usuario VALUES ('comment_431_1_1', 'Est nostrum ipsa reprehenderit maiores harum.', '168c1536-4c42-4b8f-8c77-f06affefec6a', 'usr_431');
INSERT INTO trabalho.comentarios_podcast_usuario VALUES ('comment_431_2_1', 'Qui a velit quis excepturi eaque provident.', '168c1536-4c42-4b8f-8c77-f06affefec6a', 'usr_431');
INSERT INTO trabalho.log_acesso VALUES ('log_431_0_1', '168c1536-4c42-4b8f-8c77-f06affefec6a', 'usr_431');
INSERT INTO trabalho.log_acesso VALUES ('log_431_1_1', '168c1536-4c42-4b8f-8c77-f06affefec6a', 'usr_431');
INSERT INTO trabalho.log_acesso VALUES ('log_431_2_1', '168c1536-4c42-4b8f-8c77-f06affefec6a', 'usr_431');
INSERT INTO trabalho.usuario_esta_inscrito_no_podcast VALUES (1, 'f1b92ce7-47a7-43cd-8586-4a09185cdd05', 'usr_431');
INSERT INTO trabalho.comentarios_podcast_usuario VALUES ('comment_431_0_2', 'Iusto ratione blanditiis eveniet atque ut minima quod quod sunt.', 'f1b92ce7-47a7-43cd-8586-4a09185cdd05', 'usr_431');
INSERT INTO trabalho.comentarios_podcast_usuario VALUES ('comment_431_1_2', 'Earum molestiae assumenda rerum molestiae dolor dicta ut autem suscipit.', 'f1b92ce7-47a7-43cd-8586-4a09185cdd05', 'usr_431');
INSERT INTO trabalho.comentarios_podcast_usuario VALUES ('comment_431_2_2', 'Nesciunt optio qui quam error sint reiciendis et eum.', 'f1b92ce7-47a7-43cd-8586-4a09185cdd05', 'usr_431');
INSERT INTO trabalho.comentarios_podcast_usuario VALUES ('comment_431_3_2', 'Ut nobis ipsa nihil dolorum consequuntur.', 'f1b92ce7-47a7-43cd-8586-4a09185cdd05', 'usr_431');
INSERT INTO trabalho.log_acesso VALUES ('log_431_0_2', 'f1b92ce7-47a7-43cd-8586-4a09185cdd05', 'usr_431');
INSERT INTO trabalho.log_acesso VALUES ('log_431_1_2', 'f1b92ce7-47a7-43cd-8586-4a09185cdd05', 'usr_431');
INSERT INTO trabalho.log_acesso VALUES ('log_431_2_2', 'f1b92ce7-47a7-43cd-8586-4a09185cdd05', 'usr_431');
INSERT INTO trabalho.usuario VALUES ('usr_432', '432_Fabiano_Reis96@gmail.com', 'Fabiano Reis', 'male', 25, trabalho.hashPassword('Password123'), 'Botsuana');
INSERT INTO trabalho.usuario_esta_inscrito_no_podcast VALUES (2, '67074e68-bc2f-442b-8af2-7d328b6af6eb', 'usr_432');
INSERT INTO trabalho.comentarios_podcast_usuario VALUES ('comment_432_0_0', 'Laudantium unde sed reprehenderit error beatae sequi quos.', '67074e68-bc2f-442b-8af2-7d328b6af6eb', 'usr_432');
INSERT INTO trabalho.comentarios_podcast_usuario VALUES ('comment_432_1_0', 'Explicabo ea et laboriosam illum.', '67074e68-bc2f-442b-8af2-7d328b6af6eb', 'usr_432');
INSERT INTO trabalho.log_acesso VALUES ('log_432_0_0', '67074e68-bc2f-442b-8af2-7d328b6af6eb', 'usr_432');
INSERT INTO trabalho.log_acesso VALUES ('log_432_1_0', '67074e68-bc2f-442b-8af2-7d328b6af6eb', 'usr_432');
INSERT INTO trabalho.log_acesso VALUES ('log_432_2_0', '67074e68-bc2f-442b-8af2-7d328b6af6eb', 'usr_432');
INSERT INTO trabalho.log_acesso VALUES ('log_432_3_0', '67074e68-bc2f-442b-8af2-7d328b6af6eb', 'usr_432');
INSERT INTO trabalho.usuario_esta_inscrito_no_podcast VALUES (0, 'b553d865-8fe2-47de-9a30-10e1dea3bd1d', 'usr_432');
INSERT INTO trabalho.comentarios_podcast_usuario VALUES ('comment_432_0_1', 'Accusamus nulla alias et.', 'b553d865-8fe2-47de-9a30-10e1dea3bd1d', 'usr_432');
INSERT INTO trabalho.comentarios_podcast_usuario VALUES ('comment_432_1_1', 'Quisquam sit modi sed provident quo veniam in quod ut.', 'b553d865-8fe2-47de-9a30-10e1dea3bd1d', 'usr_432');
INSERT INTO trabalho.log_acesso VALUES ('log_432_0_1', 'b553d865-8fe2-47de-9a30-10e1dea3bd1d', 'usr_432');
INSERT INTO trabalho.log_acesso VALUES ('log_432_1_1', 'b553d865-8fe2-47de-9a30-10e1dea3bd1d', 'usr_432');
INSERT INTO trabalho.usuario_esta_inscrito_no_podcast VALUES (1, '219328a1-cec6-4e8c-b003-52a3ec9766bb', 'usr_432');
INSERT INTO trabalho.comentarios_podcast_usuario VALUES ('comment_432_0_2', 'Eius incidunt officiis molestias libero quod voluptatem soluta enim.', '219328a1-cec6-4e8c-b003-52a3ec9766bb', 'usr_432');
INSERT INTO trabalho.comentarios_podcast_usuario VALUES ('comment_432_1_2', 'Aut totam quia similique omnis et fugit.', '219328a1-cec6-4e8c-b003-52a3ec9766bb', 'usr_432');
INSERT INTO trabalho.log_acesso VALUES ('log_432_0_2', '219328a1-cec6-4e8c-b003-52a3ec9766bb', 'usr_432');
INSERT INTO trabalho.log_acesso VALUES ('log_432_1_2', '219328a1-cec6-4e8c-b003-52a3ec9766bb', 'usr_432');
INSERT INTO trabalho.log_acesso VALUES ('log_432_2_2', '219328a1-cec6-4e8c-b003-52a3ec9766bb', 'usr_432');
INSERT INTO trabalho.log_acesso VALUES ('log_432_3_2', '219328a1-cec6-4e8c-b003-52a3ec9766bb', 'usr_432');
INSERT INTO trabalho.log_acesso VALUES ('log_432_4_2', '219328a1-cec6-4e8c-b003-52a3ec9766bb', 'usr_432');
INSERT INTO trabalho.usuario VALUES ('usr_433', '433_Leonardo_Carvalho9@bol.com.br', 'Leonardo Carvalho', 'male', 46, trabalho.hashPassword('Password123'), 'Eslováquia');
INSERT INTO trabalho.usuario_esta_inscrito_no_podcast VALUES (5, 'b553d865-8fe2-47de-9a30-10e1dea3bd1d', 'usr_433');
INSERT INTO trabalho.comentarios_podcast_usuario VALUES ('comment_433_0_0', 'Sequi facilis sapiente porro recusandae alias aperiam.', 'b553d865-8fe2-47de-9a30-10e1dea3bd1d', 'usr_433');
INSERT INTO trabalho.comentarios_podcast_usuario VALUES ('comment_433_1_0', 'Est qui aliquam ipsum tempora.', 'b553d865-8fe2-47de-9a30-10e1dea3bd1d', 'usr_433');
INSERT INTO trabalho.comentarios_podcast_usuario VALUES ('comment_433_2_0', 'Blanditiis nisi cum assumenda ea fugit asperiores enim quia.', 'b553d865-8fe2-47de-9a30-10e1dea3bd1d', 'usr_433');
INSERT INTO trabalho.log_acesso VALUES ('log_433_0_0', 'b553d865-8fe2-47de-9a30-10e1dea3bd1d', 'usr_433');
INSERT INTO trabalho.log_acesso VALUES ('log_433_1_0', 'b553d865-8fe2-47de-9a30-10e1dea3bd1d', 'usr_433');
INSERT INTO trabalho.log_acesso VALUES ('log_433_2_0', 'b553d865-8fe2-47de-9a30-10e1dea3bd1d', 'usr_433');
INSERT INTO trabalho.log_acesso VALUES ('log_433_3_0', 'b553d865-8fe2-47de-9a30-10e1dea3bd1d', 'usr_433');
INSERT INTO trabalho.log_acesso VALUES ('log_433_4_0', 'b553d865-8fe2-47de-9a30-10e1dea3bd1d', 'usr_433');
INSERT INTO trabalho.usuario_esta_inscrito_no_podcast VALUES (2, '5bdf7377-8330-4f9f-8efd-e95301c122ce', 'usr_433');
INSERT INTO trabalho.comentarios_podcast_usuario VALUES ('comment_433_0_1', 'Recusandae excepturi enim maxime vel dolores pariatur sit voluptatum dolorem.', '5bdf7377-8330-4f9f-8efd-e95301c122ce', 'usr_433');
INSERT INTO trabalho.comentarios_podcast_usuario VALUES ('comment_433_1_1', 'Dolore veritatis totam ut.', '5bdf7377-8330-4f9f-8efd-e95301c122ce', 'usr_433');
INSERT INTO trabalho.log_acesso VALUES ('log_433_0_1', '5bdf7377-8330-4f9f-8efd-e95301c122ce', 'usr_433');
INSERT INTO trabalho.log_acesso VALUES ('log_433_1_1', '5bdf7377-8330-4f9f-8efd-e95301c122ce', 'usr_433');
INSERT INTO trabalho.log_acesso VALUES ('log_433_2_1', '5bdf7377-8330-4f9f-8efd-e95301c122ce', 'usr_433');
INSERT INTO trabalho.usuario_esta_inscrito_no_podcast VALUES (3, '7e429e8e-7669-403d-bb78-3cd7f9f75afd', 'usr_433');
INSERT INTO trabalho.comentarios_podcast_usuario VALUES ('comment_433_0_2', 'Nemo voluptates error.', '7e429e8e-7669-403d-bb78-3cd7f9f75afd', 'usr_433');
INSERT INTO trabalho.comentarios_podcast_usuario VALUES ('comment_433_1_2', 'Temporibus odit quia autem magnam quam.', '7e429e8e-7669-403d-bb78-3cd7f9f75afd', 'usr_433');
INSERT INTO trabalho.log_acesso VALUES ('log_433_0_2', '7e429e8e-7669-403d-bb78-3cd7f9f75afd', 'usr_433');
INSERT INTO trabalho.log_acesso VALUES ('log_433_1_2', '7e429e8e-7669-403d-bb78-3cd7f9f75afd', 'usr_433');
INSERT INTO trabalho.log_acesso VALUES ('log_433_2_2', '7e429e8e-7669-403d-bb78-3cd7f9f75afd', 'usr_433');
INSERT INTO trabalho.usuario VALUES ('usr_434', '434_Yasmin54@live.com', 'Yasmin Braga', 'female', 36, trabalho.hashPassword('Password123'), 'Moldávia');
INSERT INTO trabalho.usuario_esta_inscrito_no_podcast VALUES (5, 'b553d865-8fe2-47de-9a30-10e1dea3bd1d', 'usr_434');
INSERT INTO trabalho.comentarios_podcast_usuario VALUES ('comment_434_0_0', 'Inventore enim est dolores.', 'b553d865-8fe2-47de-9a30-10e1dea3bd1d', 'usr_434');
INSERT INTO trabalho.comentarios_podcast_usuario VALUES ('comment_434_1_0', 'Voluptatem officiis occaecati mollitia quo soluta modi.', 'b553d865-8fe2-47de-9a30-10e1dea3bd1d', 'usr_434');
INSERT INTO trabalho.comentarios_podcast_usuario VALUES ('comment_434_2_0', 'Unde nihil suscipit aliquam.', 'b553d865-8fe2-47de-9a30-10e1dea3bd1d', 'usr_434');
INSERT INTO trabalho.log_acesso VALUES ('log_434_0_0', 'b553d865-8fe2-47de-9a30-10e1dea3bd1d', 'usr_434');
INSERT INTO trabalho.log_acesso VALUES ('log_434_1_0', 'b553d865-8fe2-47de-9a30-10e1dea3bd1d', 'usr_434');
INSERT INTO trabalho.log_acesso VALUES ('log_434_2_0', 'b553d865-8fe2-47de-9a30-10e1dea3bd1d', 'usr_434');
INSERT INTO trabalho.usuario_esta_inscrito_no_podcast VALUES (5, '219328a1-cec6-4e8c-b003-52a3ec9766bb', 'usr_434');
INSERT INTO trabalho.comentarios_podcast_usuario VALUES ('comment_434_0_1', 'Deleniti vel dolorem at quos explicabo modi nulla id consectetur.', '219328a1-cec6-4e8c-b003-52a3ec9766bb', 'usr_434');
INSERT INTO trabalho.comentarios_podcast_usuario VALUES ('comment_434_1_1', 'Numquam nemo labore repellat sequi.', '219328a1-cec6-4e8c-b003-52a3ec9766bb', 'usr_434');
INSERT INTO trabalho.comentarios_podcast_usuario VALUES ('comment_434_2_1', 'Tempora aut facilis nisi ipsum.', '219328a1-cec6-4e8c-b003-52a3ec9766bb', 'usr_434');
INSERT INTO trabalho.log_acesso VALUES ('log_434_0_1', '219328a1-cec6-4e8c-b003-52a3ec9766bb', 'usr_434');
INSERT INTO trabalho.log_acesso VALUES ('log_434_1_1', '219328a1-cec6-4e8c-b003-52a3ec9766bb', 'usr_434');
INSERT INTO trabalho.log_acesso VALUES ('log_434_2_1', '219328a1-cec6-4e8c-b003-52a3ec9766bb', 'usr_434');
INSERT INTO trabalho.usuario_esta_inscrito_no_podcast VALUES (4, '7e429e8e-7669-403d-bb78-3cd7f9f75afd', 'usr_434');
INSERT INTO trabalho.comentarios_podcast_usuario VALUES ('comment_434_0_2', 'Commodi quia in dolorem quaerat.', '7e429e8e-7669-403d-bb78-3cd7f9f75afd', 'usr_434');
INSERT INTO trabalho.log_acesso VALUES ('log_434_0_2', '7e429e8e-7669-403d-bb78-3cd7f9f75afd', 'usr_434');
INSERT INTO trabalho.log_acesso VALUES ('log_434_1_2', '7e429e8e-7669-403d-bb78-3cd7f9f75afd', 'usr_434');
INSERT INTO trabalho.log_acesso VALUES ('log_434_2_2', '7e429e8e-7669-403d-bb78-3cd7f9f75afd', 'usr_434');
INSERT INTO trabalho.log_acesso VALUES ('log_434_3_2', '7e429e8e-7669-403d-bb78-3cd7f9f75afd', 'usr_434');
INSERT INTO trabalho.usuario VALUES ('usr_435', '435_JlioCsar54@gmail.com', 'Júlio César Santos', 'male', 6, trabalho.hashPassword('Password123'), 'Camboja');
INSERT INTO trabalho.usuario_esta_inscrito_no_podcast VALUES (1, '168c1536-4c42-4b8f-8c77-f06affefec6a', 'usr_435');
INSERT INTO trabalho.comentarios_podcast_usuario VALUES ('comment_435_0_0', 'Iste voluptas consequuntur quam sint.', '168c1536-4c42-4b8f-8c77-f06affefec6a', 'usr_435');
INSERT INTO trabalho.comentarios_podcast_usuario VALUES ('comment_435_1_0', 'Error sit modi dolorem quo repellendus laborum.', '168c1536-4c42-4b8f-8c77-f06affefec6a', 'usr_435');
INSERT INTO trabalho.comentarios_podcast_usuario VALUES ('comment_435_2_0', 'Et velit corporis commodi est placeat ab rem.', '168c1536-4c42-4b8f-8c77-f06affefec6a', 'usr_435');
INSERT INTO trabalho.comentarios_podcast_usuario VALUES ('comment_435_3_0', 'Ut est fugit ut numquam rerum error quia a.', '168c1536-4c42-4b8f-8c77-f06affefec6a', 'usr_435');
INSERT INTO trabalho.comentarios_podcast_usuario VALUES ('comment_435_4_0', 'Magni ut delectus fuga sit.', '168c1536-4c42-4b8f-8c77-f06affefec6a', 'usr_435');
INSERT INTO trabalho.comentarios_podcast_usuario VALUES ('comment_435_5_0', 'Cumque est iure eius id sint et fugit aut.', '168c1536-4c42-4b8f-8c77-f06affefec6a', 'usr_435');
INSERT INTO trabalho.log_acesso VALUES ('log_435_0_0', '168c1536-4c42-4b8f-8c77-f06affefec6a', 'usr_435');
INSERT INTO trabalho.log_acesso VALUES ('log_435_1_0', '168c1536-4c42-4b8f-8c77-f06affefec6a', 'usr_435');
INSERT INTO trabalho.usuario_esta_inscrito_no_podcast VALUES (1, '5bdf7377-8330-4f9f-8efd-e95301c122ce', 'usr_435');
INSERT INTO trabalho.comentarios_podcast_usuario VALUES ('comment_435_0_1', 'Numquam est et.', '5bdf7377-8330-4f9f-8efd-e95301c122ce', 'usr_435');
INSERT INTO trabalho.comentarios_podcast_usuario VALUES ('comment_435_1_1', 'Possimus voluptates eligendi ut aut repellendus est aut quam sit.', '5bdf7377-8330-4f9f-8efd-e95301c122ce', 'usr_435');
INSERT INTO trabalho.comentarios_podcast_usuario VALUES ('comment_435_2_1', 'Impedit molestiae cupiditate in iusto ab earum quos aut similique.', '5bdf7377-8330-4f9f-8efd-e95301c122ce', 'usr_435');
INSERT INTO trabalho.log_acesso VALUES ('log_435_0_1', '5bdf7377-8330-4f9f-8efd-e95301c122ce', 'usr_435');
INSERT INTO trabalho.log_acesso VALUES ('log_435_1_1', '5bdf7377-8330-4f9f-8efd-e95301c122ce', 'usr_435');
INSERT INTO trabalho.usuario_esta_inscrito_no_podcast VALUES (2, '67074e68-bc2f-442b-8af2-7d328b6af6eb', 'usr_435');
INSERT INTO trabalho.comentarios_podcast_usuario VALUES ('comment_435_0_2', 'Consequatur consectetur sunt aut sit.', '67074e68-bc2f-442b-8af2-7d328b6af6eb', 'usr_435');
INSERT INTO trabalho.comentarios_podcast_usuario VALUES ('comment_435_1_2', 'Reiciendis sint dolorum.', '67074e68-bc2f-442b-8af2-7d328b6af6eb', 'usr_435');
INSERT INTO trabalho.log_acesso VALUES ('log_435_0_2', '67074e68-bc2f-442b-8af2-7d328b6af6eb', 'usr_435');
INSERT INTO trabalho.log_acesso VALUES ('log_435_1_2', '67074e68-bc2f-442b-8af2-7d328b6af6eb', 'usr_435');
INSERT INTO trabalho.log_acesso VALUES ('log_435_2_2', '67074e68-bc2f-442b-8af2-7d328b6af6eb', 'usr_435');
INSERT INTO trabalho.log_acesso VALUES ('log_435_3_2', '67074e68-bc2f-442b-8af2-7d328b6af6eb', 'usr_435');
INSERT INTO trabalho.log_acesso VALUES ('log_435_4_2', '67074e68-bc2f-442b-8af2-7d328b6af6eb', 'usr_435');
INSERT INTO trabalho.usuario VALUES ('usr_436', '436_Alessandra_Souza@hotmail.com', 'Alessandra Souza', 'female', 32, trabalho.hashPassword('Password123'), 'Botsuana');
INSERT INTO trabalho.usuario_esta_inscrito_no_podcast VALUES (0, 'f0166bd2-8e4d-4308-b5d7-0b3d627c5dc5', 'usr_436');
INSERT INTO trabalho.comentarios_podcast_usuario VALUES ('comment_436_0_0', 'Laudantium est itaque recusandae quo dolor.', 'f0166bd2-8e4d-4308-b5d7-0b3d627c5dc5', 'usr_436');
INSERT INTO trabalho.comentarios_podcast_usuario VALUES ('comment_436_1_0', 'Tenetur perspiciatis cumque et beatae sed.', 'f0166bd2-8e4d-4308-b5d7-0b3d627c5dc5', 'usr_436');
INSERT INTO trabalho.log_acesso VALUES ('log_436_0_0', 'f0166bd2-8e4d-4308-b5d7-0b3d627c5dc5', 'usr_436');
INSERT INTO trabalho.log_acesso VALUES ('log_436_1_0', 'f0166bd2-8e4d-4308-b5d7-0b3d627c5dc5', 'usr_436');
INSERT INTO trabalho.log_acesso VALUES ('log_436_2_0', 'f0166bd2-8e4d-4308-b5d7-0b3d627c5dc5', 'usr_436');
INSERT INTO trabalho.usuario_esta_inscrito_no_podcast VALUES (2, 'b553d865-8fe2-47de-9a30-10e1dea3bd1d', 'usr_436');
INSERT INTO trabalho.comentarios_podcast_usuario VALUES ('comment_436_0_1', 'Rem culpa a sed reprehenderit cumque aut officia voluptas.', 'b553d865-8fe2-47de-9a30-10e1dea3bd1d', 'usr_436');
INSERT INTO trabalho.log_acesso VALUES ('log_436_0_1', 'b553d865-8fe2-47de-9a30-10e1dea3bd1d', 'usr_436');
INSERT INTO trabalho.log_acesso VALUES ('log_436_1_1', 'b553d865-8fe2-47de-9a30-10e1dea3bd1d', 'usr_436');
INSERT INTO trabalho.usuario_esta_inscrito_no_podcast VALUES (2, '5bdf7377-8330-4f9f-8efd-e95301c122ce', 'usr_436');
INSERT INTO trabalho.comentarios_podcast_usuario VALUES ('comment_436_0_2', 'Inventore amet quia sit perferendis in dolor.', '5bdf7377-8330-4f9f-8efd-e95301c122ce', 'usr_436');
INSERT INTO trabalho.comentarios_podcast_usuario VALUES ('comment_436_1_2', 'Est cumque quia libero qui ad.', '5bdf7377-8330-4f9f-8efd-e95301c122ce', 'usr_436');
INSERT INTO trabalho.comentarios_podcast_usuario VALUES ('comment_436_2_2', 'Rerum accusamus excepturi.', '5bdf7377-8330-4f9f-8efd-e95301c122ce', 'usr_436');
INSERT INTO trabalho.log_acesso VALUES ('log_436_0_2', '5bdf7377-8330-4f9f-8efd-e95301c122ce', 'usr_436');
INSERT INTO trabalho.usuario VALUES ('usr_437', '437_Jlia13@yahoo.com', 'Júlia Pereira', 'female', 47, trabalho.hashPassword('Password123'), 'Tanzânia');
INSERT INTO trabalho.usuario_esta_inscrito_no_podcast VALUES (0, 'f0166bd2-8e4d-4308-b5d7-0b3d627c5dc5', 'usr_437');
INSERT INTO trabalho.comentarios_podcast_usuario VALUES ('comment_437_0_0', 'Natus rerum ratione necessitatibus quidem et fugit.', 'f0166bd2-8e4d-4308-b5d7-0b3d627c5dc5', 'usr_437');
INSERT INTO trabalho.comentarios_podcast_usuario VALUES ('comment_437_1_0', 'Enim dignissimos dolores voluptas et reprehenderit tempora recusandae et.', 'f0166bd2-8e4d-4308-b5d7-0b3d627c5dc5', 'usr_437');
INSERT INTO trabalho.comentarios_podcast_usuario VALUES ('comment_437_2_0', 'Rem cum ut tempore.', 'f0166bd2-8e4d-4308-b5d7-0b3d627c5dc5', 'usr_437');
INSERT INTO trabalho.comentarios_podcast_usuario VALUES ('comment_437_3_0', 'Repellendus nobis temporibus quae doloremque autem sunt distinctio illum.', 'f0166bd2-8e4d-4308-b5d7-0b3d627c5dc5', 'usr_437');
INSERT INTO trabalho.comentarios_podcast_usuario VALUES ('comment_437_4_0', 'Voluptatem et fuga ex.', 'f0166bd2-8e4d-4308-b5d7-0b3d627c5dc5', 'usr_437');
INSERT INTO trabalho.log_acesso VALUES ('log_437_0_0', 'f0166bd2-8e4d-4308-b5d7-0b3d627c5dc5', 'usr_437');
INSERT INTO trabalho.log_acesso VALUES ('log_437_1_0', 'f0166bd2-8e4d-4308-b5d7-0b3d627c5dc5', 'usr_437');
INSERT INTO trabalho.usuario_esta_inscrito_no_podcast VALUES (3, 'c58b280a-56d4-4ad8-8c85-730e4ea86361', 'usr_437');
INSERT INTO trabalho.comentarios_podcast_usuario VALUES ('comment_437_0_1', 'Sit quaerat aliquid.', 'c58b280a-56d4-4ad8-8c85-730e4ea86361', 'usr_437');
INSERT INTO trabalho.comentarios_podcast_usuario VALUES ('comment_437_1_1', 'In quis similique fuga.', 'c58b280a-56d4-4ad8-8c85-730e4ea86361', 'usr_437');
INSERT INTO trabalho.comentarios_podcast_usuario VALUES ('comment_437_2_1', 'Ut quis ut.', 'c58b280a-56d4-4ad8-8c85-730e4ea86361', 'usr_437');
INSERT INTO trabalho.comentarios_podcast_usuario VALUES ('comment_437_3_1', 'Quia odio natus doloremque odio voluptatem qui cumque iusto non.', 'c58b280a-56d4-4ad8-8c85-730e4ea86361', 'usr_437');
INSERT INTO trabalho.comentarios_podcast_usuario VALUES ('comment_437_4_1', 'Sequi rerum maxime sint quo temporibus aut.', 'c58b280a-56d4-4ad8-8c85-730e4ea86361', 'usr_437');
INSERT INTO trabalho.log_acesso VALUES ('log_437_0_1', 'c58b280a-56d4-4ad8-8c85-730e4ea86361', 'usr_437');
INSERT INTO trabalho.log_acesso VALUES ('log_437_1_1', 'c58b280a-56d4-4ad8-8c85-730e4ea86361', 'usr_437');
INSERT INTO trabalho.log_acesso VALUES ('log_437_2_1', 'c58b280a-56d4-4ad8-8c85-730e4ea86361', 'usr_437');
INSERT INTO trabalho.log_acesso VALUES ('log_437_3_1', 'c58b280a-56d4-4ad8-8c85-730e4ea86361', 'usr_437');
INSERT INTO trabalho.log_acesso VALUES ('log_437_4_1', 'c58b280a-56d4-4ad8-8c85-730e4ea86361', 'usr_437');
INSERT INTO trabalho.usuario_esta_inscrito_no_podcast VALUES (0, 'f8e13774-d631-4f34-93f0-2f5d55590265', 'usr_437');
INSERT INTO trabalho.comentarios_podcast_usuario VALUES ('comment_437_0_2', 'Magni consequuntur consequatur voluptas dolor et.', 'f8e13774-d631-4f34-93f0-2f5d55590265', 'usr_437');
INSERT INTO trabalho.log_acesso VALUES ('log_437_0_2', 'f8e13774-d631-4f34-93f0-2f5d55590265', 'usr_437');
INSERT INTO trabalho.log_acesso VALUES ('log_437_1_2', 'f8e13774-d631-4f34-93f0-2f5d55590265', 'usr_437');
INSERT INTO trabalho.log_acesso VALUES ('log_437_2_2', 'f8e13774-d631-4f34-93f0-2f5d55590265', 'usr_437');
INSERT INTO trabalho.usuario VALUES ('usr_438', '438_Calebe_Franco96@gmail.com', 'Calebe Franco', 'male', 29, trabalho.hashPassword('Password123'), 'Guiné');
INSERT INTO trabalho.usuario_esta_inscrito_no_podcast VALUES (2, '219328a1-cec6-4e8c-b003-52a3ec9766bb', 'usr_438');
INSERT INTO trabalho.comentarios_podcast_usuario VALUES ('comment_438_0_0', 'Esse in sit quam molestiae quis porro consequatur id.', '219328a1-cec6-4e8c-b003-52a3ec9766bb', 'usr_438');
INSERT INTO trabalho.comentarios_podcast_usuario VALUES ('comment_438_1_0', 'Saepe quia consectetur ut iure.', '219328a1-cec6-4e8c-b003-52a3ec9766bb', 'usr_438');
INSERT INTO trabalho.comentarios_podcast_usuario VALUES ('comment_438_2_0', 'Doloremque temporibus quam ut quae eos voluptates.', '219328a1-cec6-4e8c-b003-52a3ec9766bb', 'usr_438');
INSERT INTO trabalho.comentarios_podcast_usuario VALUES ('comment_438_3_0', 'Quod sed fugiat dolorum est minus aut voluptatem voluptatem beatae.', '219328a1-cec6-4e8c-b003-52a3ec9766bb', 'usr_438');
INSERT INTO trabalho.log_acesso VALUES ('log_438_0_0', '219328a1-cec6-4e8c-b003-52a3ec9766bb', 'usr_438');
INSERT INTO trabalho.log_acesso VALUES ('log_438_1_0', '219328a1-cec6-4e8c-b003-52a3ec9766bb', 'usr_438');
INSERT INTO trabalho.log_acesso VALUES ('log_438_2_0', '219328a1-cec6-4e8c-b003-52a3ec9766bb', 'usr_438');
INSERT INTO trabalho.log_acesso VALUES ('log_438_3_0', '219328a1-cec6-4e8c-b003-52a3ec9766bb', 'usr_438');
INSERT INTO trabalho.log_acesso VALUES ('log_438_4_0', '219328a1-cec6-4e8c-b003-52a3ec9766bb', 'usr_438');
INSERT INTO trabalho.log_acesso VALUES ('log_438_5_0', '219328a1-cec6-4e8c-b003-52a3ec9766bb', 'usr_438');
INSERT INTO trabalho.usuario_esta_inscrito_no_podcast VALUES (0, 'f0166bd2-8e4d-4308-b5d7-0b3d627c5dc5', 'usr_438');
INSERT INTO trabalho.comentarios_podcast_usuario VALUES ('comment_438_0_1', 'Ratione occaecati nihil libero doloremque velit.', 'f0166bd2-8e4d-4308-b5d7-0b3d627c5dc5', 'usr_438');
INSERT INTO trabalho.log_acesso VALUES ('log_438_0_1', 'f0166bd2-8e4d-4308-b5d7-0b3d627c5dc5', 'usr_438');
INSERT INTO trabalho.log_acesso VALUES ('log_438_1_1', 'f0166bd2-8e4d-4308-b5d7-0b3d627c5dc5', 'usr_438');
INSERT INTO trabalho.log_acesso VALUES ('log_438_2_1', 'f0166bd2-8e4d-4308-b5d7-0b3d627c5dc5', 'usr_438');
INSERT INTO trabalho.log_acesso VALUES ('log_438_3_1', 'f0166bd2-8e4d-4308-b5d7-0b3d627c5dc5', 'usr_438');
INSERT INTO trabalho.log_acesso VALUES ('log_438_4_1', 'f0166bd2-8e4d-4308-b5d7-0b3d627c5dc5', 'usr_438');
INSERT INTO trabalho.usuario_esta_inscrito_no_podcast VALUES (0, '168c1536-4c42-4b8f-8c77-f06affefec6a', 'usr_438');
INSERT INTO trabalho.comentarios_podcast_usuario VALUES ('comment_438_0_2', 'Impedit cum nobis aliquam.', '168c1536-4c42-4b8f-8c77-f06affefec6a', 'usr_438');
INSERT INTO trabalho.comentarios_podcast_usuario VALUES ('comment_438_1_2', 'Ut ullam numquam dolores iste autem.', '168c1536-4c42-4b8f-8c77-f06affefec6a', 'usr_438');
INSERT INTO trabalho.comentarios_podcast_usuario VALUES ('comment_438_2_2', 'Vel vel culpa.', '168c1536-4c42-4b8f-8c77-f06affefec6a', 'usr_438');
INSERT INTO trabalho.comentarios_podcast_usuario VALUES ('comment_438_3_2', 'Occaecati aperiam ad pariatur dolorem placeat reprehenderit aut.', '168c1536-4c42-4b8f-8c77-f06affefec6a', 'usr_438');
INSERT INTO trabalho.comentarios_podcast_usuario VALUES ('comment_438_4_2', 'Dolores atque qui modi.', '168c1536-4c42-4b8f-8c77-f06affefec6a', 'usr_438');
INSERT INTO trabalho.log_acesso VALUES ('log_438_0_2', '168c1536-4c42-4b8f-8c77-f06affefec6a', 'usr_438');
INSERT INTO trabalho.log_acesso VALUES ('log_438_1_2', '168c1536-4c42-4b8f-8c77-f06affefec6a', 'usr_438');
INSERT INTO trabalho.log_acesso VALUES ('log_438_2_2', '168c1536-4c42-4b8f-8c77-f06affefec6a', 'usr_438');
INSERT INTO trabalho.usuario VALUES ('usr_439', '439_JooLucas9@gmail.com', 'João Lucas Moreira', 'male', 40, trabalho.hashPassword('Password123'), 'Ilhas Heard e McDonald');
INSERT INTO trabalho.usuario_esta_inscrito_no_podcast VALUES (1, 'de2f0ddb-9903-436a-a5e2-54224254c818', 'usr_439');
INSERT INTO trabalho.comentarios_podcast_usuario VALUES ('comment_439_0_0', 'Est libero est aliquam quod sint commodi.', 'de2f0ddb-9903-436a-a5e2-54224254c818', 'usr_439');
INSERT INTO trabalho.log_acesso VALUES ('log_439_0_0', 'de2f0ddb-9903-436a-a5e2-54224254c818', 'usr_439');
INSERT INTO trabalho.usuario_esta_inscrito_no_podcast VALUES (1, 'b553d865-8fe2-47de-9a30-10e1dea3bd1d', 'usr_439');
INSERT INTO trabalho.comentarios_podcast_usuario VALUES ('comment_439_0_1', 'Ea ex esse facere ratione officia ea officiis.', 'b553d865-8fe2-47de-9a30-10e1dea3bd1d', 'usr_439');
INSERT INTO trabalho.comentarios_podcast_usuario VALUES ('comment_439_1_1', 'Qui ea et voluptas consequatur est exercitationem beatae eum.', 'b553d865-8fe2-47de-9a30-10e1dea3bd1d', 'usr_439');
INSERT INTO trabalho.comentarios_podcast_usuario VALUES ('comment_439_2_1', 'Nisi non molestiae ut et sint vel.', 'b553d865-8fe2-47de-9a30-10e1dea3bd1d', 'usr_439');
INSERT INTO trabalho.comentarios_podcast_usuario VALUES ('comment_439_3_1', 'Perferendis ea sit consequuntur et earum.', 'b553d865-8fe2-47de-9a30-10e1dea3bd1d', 'usr_439');
INSERT INTO trabalho.log_acesso VALUES ('log_439_0_1', 'b553d865-8fe2-47de-9a30-10e1dea3bd1d', 'usr_439');
INSERT INTO trabalho.log_acesso VALUES ('log_439_1_1', 'b553d865-8fe2-47de-9a30-10e1dea3bd1d', 'usr_439');
INSERT INTO trabalho.usuario_esta_inscrito_no_podcast VALUES (2, 'f1b92ce7-47a7-43cd-8586-4a09185cdd05', 'usr_439');
INSERT INTO trabalho.comentarios_podcast_usuario VALUES ('comment_439_0_2', 'Beatae consequatur ipsa perspiciatis.', 'f1b92ce7-47a7-43cd-8586-4a09185cdd05', 'usr_439');
INSERT INTO trabalho.comentarios_podcast_usuario VALUES ('comment_439_1_2', 'Officiis et similique reprehenderit tempora sunt totam.', 'f1b92ce7-47a7-43cd-8586-4a09185cdd05', 'usr_439');
INSERT INTO trabalho.log_acesso VALUES ('log_439_0_2', 'f1b92ce7-47a7-43cd-8586-4a09185cdd05', 'usr_439');
INSERT INTO trabalho.log_acesso VALUES ('log_439_1_2', 'f1b92ce7-47a7-43cd-8586-4a09185cdd05', 'usr_439');
INSERT INTO trabalho.log_acesso VALUES ('log_439_2_2', 'f1b92ce7-47a7-43cd-8586-4a09185cdd05', 'usr_439');
INSERT INTO trabalho.log_acesso VALUES ('log_439_3_2', 'f1b92ce7-47a7-43cd-8586-4a09185cdd05', 'usr_439');
INSERT INTO trabalho.log_acesso VALUES ('log_439_4_2', 'f1b92ce7-47a7-43cd-8586-4a09185cdd05', 'usr_439');
INSERT INTO trabalho.log_acesso VALUES ('log_439_5_2', 'f1b92ce7-47a7-43cd-8586-4a09185cdd05', 'usr_439');
INSERT INTO trabalho.log_acesso VALUES ('log_439_6_2', 'f1b92ce7-47a7-43cd-8586-4a09185cdd05', 'usr_439');
INSERT INTO trabalho.usuario VALUES ('usr_440', '440_Mait15@gmail.com', 'Maitê Xavier', 'female', 31, trabalho.hashPassword('Password123'), 'Tailândia');
INSERT INTO trabalho.usuario_esta_inscrito_no_podcast VALUES (2, '219328a1-cec6-4e8c-b003-52a3ec9766bb', 'usr_440');
INSERT INTO trabalho.comentarios_podcast_usuario VALUES ('comment_440_0_0', 'Facilis qui sint libero architecto.', '219328a1-cec6-4e8c-b003-52a3ec9766bb', 'usr_440');
INSERT INTO trabalho.comentarios_podcast_usuario VALUES ('comment_440_1_0', 'Quisquam quia consequatur quod.', '219328a1-cec6-4e8c-b003-52a3ec9766bb', 'usr_440');
INSERT INTO trabalho.comentarios_podcast_usuario VALUES ('comment_440_2_0', 'Aut ut velit accusantium sed quo.', '219328a1-cec6-4e8c-b003-52a3ec9766bb', 'usr_440');
INSERT INTO trabalho.comentarios_podcast_usuario VALUES ('comment_440_3_0', 'Ab non similique et assumenda soluta dolor.', '219328a1-cec6-4e8c-b003-52a3ec9766bb', 'usr_440');
INSERT INTO trabalho.log_acesso VALUES ('log_440_0_0', '219328a1-cec6-4e8c-b003-52a3ec9766bb', 'usr_440');
INSERT INTO trabalho.log_acesso VALUES ('log_440_1_0', '219328a1-cec6-4e8c-b003-52a3ec9766bb', 'usr_440');
INSERT INTO trabalho.log_acesso VALUES ('log_440_2_0', '219328a1-cec6-4e8c-b003-52a3ec9766bb', 'usr_440');
INSERT INTO trabalho.usuario_esta_inscrito_no_podcast VALUES (4, 'f1b92ce7-47a7-43cd-8586-4a09185cdd05', 'usr_440');
INSERT INTO trabalho.comentarios_podcast_usuario VALUES ('comment_440_0_1', 'Sit voluptatum libero explicabo.', 'f1b92ce7-47a7-43cd-8586-4a09185cdd05', 'usr_440');
INSERT INTO trabalho.comentarios_podcast_usuario VALUES ('comment_440_1_1', 'Ratione consequatur sunt vel in est qui minima dolorum.', 'f1b92ce7-47a7-43cd-8586-4a09185cdd05', 'usr_440');
INSERT INTO trabalho.comentarios_podcast_usuario VALUES ('comment_440_2_1', 'Error blanditiis necessitatibus quas dolore eligendi est rem eaque nesciunt.', 'f1b92ce7-47a7-43cd-8586-4a09185cdd05', 'usr_440');
INSERT INTO trabalho.log_acesso VALUES ('log_440_0_1', 'f1b92ce7-47a7-43cd-8586-4a09185cdd05', 'usr_440');
INSERT INTO trabalho.log_acesso VALUES ('log_440_1_1', 'f1b92ce7-47a7-43cd-8586-4a09185cdd05', 'usr_440');
INSERT INTO trabalho.log_acesso VALUES ('log_440_2_1', 'f1b92ce7-47a7-43cd-8586-4a09185cdd05', 'usr_440');
INSERT INTO trabalho.log_acesso VALUES ('log_440_3_1', 'f1b92ce7-47a7-43cd-8586-4a09185cdd05', 'usr_440');
INSERT INTO trabalho.log_acesso VALUES ('log_440_4_1', 'f1b92ce7-47a7-43cd-8586-4a09185cdd05', 'usr_440');
INSERT INTO trabalho.usuario_esta_inscrito_no_podcast VALUES (1, '5bdf7377-8330-4f9f-8efd-e95301c122ce', 'usr_440');
INSERT INTO trabalho.comentarios_podcast_usuario VALUES ('comment_440_0_2', 'Dignissimos libero consequuntur omnis.', '5bdf7377-8330-4f9f-8efd-e95301c122ce', 'usr_440');
INSERT INTO trabalho.comentarios_podcast_usuario VALUES ('comment_440_1_2', 'Quas saepe fuga libero mollitia atque eligendi consequatur.', '5bdf7377-8330-4f9f-8efd-e95301c122ce', 'usr_440');
INSERT INTO trabalho.log_acesso VALUES ('log_440_0_2', '5bdf7377-8330-4f9f-8efd-e95301c122ce', 'usr_440');
INSERT INTO trabalho.log_acesso VALUES ('log_440_1_2', '5bdf7377-8330-4f9f-8efd-e95301c122ce', 'usr_440');
INSERT INTO trabalho.log_acesso VALUES ('log_440_2_2', '5bdf7377-8330-4f9f-8efd-e95301c122ce', 'usr_440');
INSERT INTO trabalho.log_acesso VALUES ('log_440_3_2', '5bdf7377-8330-4f9f-8efd-e95301c122ce', 'usr_440');
INSERT INTO trabalho.log_acesso VALUES ('log_440_4_2', '5bdf7377-8330-4f9f-8efd-e95301c122ce', 'usr_440');
INSERT INTO trabalho.usuario VALUES ('usr_441', '441_Rafael.Carvalho55@bol.com.br', 'Rafael Carvalho', 'male', 10, trabalho.hashPassword('Password123'), 'Ilhas Geórgia do Sul e Sandwich do Sul');
INSERT INTO trabalho.usuario_esta_inscrito_no_podcast VALUES (0, 'de2f0ddb-9903-436a-a5e2-54224254c818', 'usr_441');
INSERT INTO trabalho.comentarios_podcast_usuario VALUES ('comment_441_0_0', 'Adipisci et sapiente voluptatibus non corrupti.', 'de2f0ddb-9903-436a-a5e2-54224254c818', 'usr_441');
INSERT INTO trabalho.comentarios_podcast_usuario VALUES ('comment_441_1_0', 'Eveniet voluptatum deleniti ipsam porro ut hic rerum numquam.', 'de2f0ddb-9903-436a-a5e2-54224254c818', 'usr_441');
INSERT INTO trabalho.comentarios_podcast_usuario VALUES ('comment_441_2_0', 'Delectus voluptas eos magni voluptas unde.', 'de2f0ddb-9903-436a-a5e2-54224254c818', 'usr_441');
INSERT INTO trabalho.comentarios_podcast_usuario VALUES ('comment_441_3_0', 'Sapiente quia tempora consequatur at similique.', 'de2f0ddb-9903-436a-a5e2-54224254c818', 'usr_441');
INSERT INTO trabalho.log_acesso VALUES ('log_441_0_0', 'de2f0ddb-9903-436a-a5e2-54224254c818', 'usr_441');
INSERT INTO trabalho.log_acesso VALUES ('log_441_1_0', 'de2f0ddb-9903-436a-a5e2-54224254c818', 'usr_441');
INSERT INTO trabalho.usuario_esta_inscrito_no_podcast VALUES (3, 'bc8dac25-793c-4a96-aafc-4ea7020f4f60', 'usr_441');
INSERT INTO trabalho.comentarios_podcast_usuario VALUES ('comment_441_0_1', 'Consequatur incidunt omnis doloribus inventore ut vel deleniti hic.', 'bc8dac25-793c-4a96-aafc-4ea7020f4f60', 'usr_441');
INSERT INTO trabalho.comentarios_podcast_usuario VALUES ('comment_441_1_1', 'Quae eum dicta quo dolorem voluptatem voluptate sed ratione.', 'bc8dac25-793c-4a96-aafc-4ea7020f4f60', 'usr_441');
INSERT INTO trabalho.log_acesso VALUES ('log_441_0_1', 'bc8dac25-793c-4a96-aafc-4ea7020f4f60', 'usr_441');
INSERT INTO trabalho.log_acesso VALUES ('log_441_1_1', 'bc8dac25-793c-4a96-aafc-4ea7020f4f60', 'usr_441');
INSERT INTO trabalho.usuario_esta_inscrito_no_podcast VALUES (0, '168c1536-4c42-4b8f-8c77-f06affefec6a', 'usr_441');
INSERT INTO trabalho.comentarios_podcast_usuario VALUES ('comment_441_0_2', 'Aperiam et dolorem totam repellendus ipsum veritatis.', '168c1536-4c42-4b8f-8c77-f06affefec6a', 'usr_441');
INSERT INTO trabalho.comentarios_podcast_usuario VALUES ('comment_441_1_2', 'Cumque quo ab velit eum eveniet velit.', '168c1536-4c42-4b8f-8c77-f06affefec6a', 'usr_441');
INSERT INTO trabalho.log_acesso VALUES ('log_441_0_2', '168c1536-4c42-4b8f-8c77-f06affefec6a', 'usr_441');
INSERT INTO trabalho.log_acesso VALUES ('log_441_1_2', '168c1536-4c42-4b8f-8c77-f06affefec6a', 'usr_441');
INSERT INTO trabalho.usuario VALUES ('usr_442', '442_Vicente40@bol.com.br', 'Vicente Moraes', 'male', 58, trabalho.hashPassword('Password123'), 'Namibia');
INSERT INTO trabalho.usuario_esta_inscrito_no_podcast VALUES (3, 'f8e13774-d631-4f34-93f0-2f5d55590265', 'usr_442');
INSERT INTO trabalho.comentarios_podcast_usuario VALUES ('comment_442_0_0', 'Dolores consequatur doloribus temporibus quos sed.', 'f8e13774-d631-4f34-93f0-2f5d55590265', 'usr_442');
INSERT INTO trabalho.log_acesso VALUES ('log_442_0_0', 'f8e13774-d631-4f34-93f0-2f5d55590265', 'usr_442');
INSERT INTO trabalho.log_acesso VALUES ('log_442_1_0', 'f8e13774-d631-4f34-93f0-2f5d55590265', 'usr_442');
INSERT INTO trabalho.log_acesso VALUES ('log_442_2_0', 'f8e13774-d631-4f34-93f0-2f5d55590265', 'usr_442');
INSERT INTO trabalho.log_acesso VALUES ('log_442_3_0', 'f8e13774-d631-4f34-93f0-2f5d55590265', 'usr_442');
INSERT INTO trabalho.usuario_esta_inscrito_no_podcast VALUES (0, 'de2f0ddb-9903-436a-a5e2-54224254c818', 'usr_442');
INSERT INTO trabalho.comentarios_podcast_usuario VALUES ('comment_442_0_1', 'Asperiores porro autem dolore tempore numquam in.', 'de2f0ddb-9903-436a-a5e2-54224254c818', 'usr_442');
INSERT INTO trabalho.comentarios_podcast_usuario VALUES ('comment_442_1_1', 'Et veritatis vitae quo.', 'de2f0ddb-9903-436a-a5e2-54224254c818', 'usr_442');
INSERT INTO trabalho.log_acesso VALUES ('log_442_0_1', 'de2f0ddb-9903-436a-a5e2-54224254c818', 'usr_442');
INSERT INTO trabalho.log_acesso VALUES ('log_442_1_1', 'de2f0ddb-9903-436a-a5e2-54224254c818', 'usr_442');
INSERT INTO trabalho.log_acesso VALUES ('log_442_2_1', 'de2f0ddb-9903-436a-a5e2-54224254c818', 'usr_442');
INSERT INTO trabalho.log_acesso VALUES ('log_442_3_1', 'de2f0ddb-9903-436a-a5e2-54224254c818', 'usr_442');
INSERT INTO trabalho.usuario_esta_inscrito_no_podcast VALUES (4, '7e429e8e-7669-403d-bb78-3cd7f9f75afd', 'usr_442');
INSERT INTO trabalho.comentarios_podcast_usuario VALUES ('comment_442_0_2', 'Facere deleniti aperiam reprehenderit dolores.', '7e429e8e-7669-403d-bb78-3cd7f9f75afd', 'usr_442');
INSERT INTO trabalho.log_acesso VALUES ('log_442_0_2', '7e429e8e-7669-403d-bb78-3cd7f9f75afd', 'usr_442');
INSERT INTO trabalho.log_acesso VALUES ('log_442_1_2', '7e429e8e-7669-403d-bb78-3cd7f9f75afd', 'usr_442');
INSERT INTO trabalho.usuario VALUES ('usr_443', '443_Mrcia_Santos@bol.com.br', 'Márcia Santos', 'female', 7, trabalho.hashPassword('Password123'), 'Brunei');
INSERT INTO trabalho.usuario_esta_inscrito_no_podcast VALUES (4, 'b553d865-8fe2-47de-9a30-10e1dea3bd1d', 'usr_443');
INSERT INTO trabalho.comentarios_podcast_usuario VALUES ('comment_443_0_0', 'Corporis voluptatem magnam et.', 'b553d865-8fe2-47de-9a30-10e1dea3bd1d', 'usr_443');
INSERT INTO trabalho.comentarios_podcast_usuario VALUES ('comment_443_1_0', 'Alias aut et est id perferendis et excepturi autem.', 'b553d865-8fe2-47de-9a30-10e1dea3bd1d', 'usr_443');
INSERT INTO trabalho.comentarios_podcast_usuario VALUES ('comment_443_2_0', 'Ab sed eveniet placeat eos.', 'b553d865-8fe2-47de-9a30-10e1dea3bd1d', 'usr_443');
INSERT INTO trabalho.comentarios_podcast_usuario VALUES ('comment_443_3_0', 'Ut quidem harum nemo amet qui quod qui voluptate.', 'b553d865-8fe2-47de-9a30-10e1dea3bd1d', 'usr_443');
INSERT INTO trabalho.log_acesso VALUES ('log_443_0_0', 'b553d865-8fe2-47de-9a30-10e1dea3bd1d', 'usr_443');
INSERT INTO trabalho.log_acesso VALUES ('log_443_1_0', 'b553d865-8fe2-47de-9a30-10e1dea3bd1d', 'usr_443');
INSERT INTO trabalho.log_acesso VALUES ('log_443_2_0', 'b553d865-8fe2-47de-9a30-10e1dea3bd1d', 'usr_443');
INSERT INTO trabalho.log_acesso VALUES ('log_443_3_0', 'b553d865-8fe2-47de-9a30-10e1dea3bd1d', 'usr_443');
INSERT INTO trabalho.log_acesso VALUES ('log_443_4_0', 'b553d865-8fe2-47de-9a30-10e1dea3bd1d', 'usr_443');
INSERT INTO trabalho.log_acesso VALUES ('log_443_5_0', 'b553d865-8fe2-47de-9a30-10e1dea3bd1d', 'usr_443');
INSERT INTO trabalho.log_acesso VALUES ('log_443_6_0', 'b553d865-8fe2-47de-9a30-10e1dea3bd1d', 'usr_443');
INSERT INTO trabalho.usuario_esta_inscrito_no_podcast VALUES (5, 'de2f0ddb-9903-436a-a5e2-54224254c818', 'usr_443');
INSERT INTO trabalho.comentarios_podcast_usuario VALUES ('comment_443_0_1', 'Qui qui et placeat aperiam voluptas molestiae necessitatibus et.', 'de2f0ddb-9903-436a-a5e2-54224254c818', 'usr_443');
INSERT INTO trabalho.comentarios_podcast_usuario VALUES ('comment_443_1_1', 'Laboriosam ipsa quae fuga facere.', 'de2f0ddb-9903-436a-a5e2-54224254c818', 'usr_443');
INSERT INTO trabalho.log_acesso VALUES ('log_443_0_1', 'de2f0ddb-9903-436a-a5e2-54224254c818', 'usr_443');
INSERT INTO trabalho.log_acesso VALUES ('log_443_1_1', 'de2f0ddb-9903-436a-a5e2-54224254c818', 'usr_443');
INSERT INTO trabalho.log_acesso VALUES ('log_443_2_1', 'de2f0ddb-9903-436a-a5e2-54224254c818', 'usr_443');
INSERT INTO trabalho.log_acesso VALUES ('log_443_3_1', 'de2f0ddb-9903-436a-a5e2-54224254c818', 'usr_443');
INSERT INTO trabalho.usuario_esta_inscrito_no_podcast VALUES (1, 'c58b280a-56d4-4ad8-8c85-730e4ea86361', 'usr_443');
INSERT INTO trabalho.comentarios_podcast_usuario VALUES ('comment_443_0_2', 'Architecto ad eum commodi quos quisquam minus dolorum.', 'c58b280a-56d4-4ad8-8c85-730e4ea86361', 'usr_443');
INSERT INTO trabalho.comentarios_podcast_usuario VALUES ('comment_443_1_2', 'Ipsam quo molestiae id deserunt.', 'c58b280a-56d4-4ad8-8c85-730e4ea86361', 'usr_443');
INSERT INTO trabalho.comentarios_podcast_usuario VALUES ('comment_443_2_2', 'Nisi architecto voluptas.', 'c58b280a-56d4-4ad8-8c85-730e4ea86361', 'usr_443');
INSERT INTO trabalho.comentarios_podcast_usuario VALUES ('comment_443_3_2', 'Est quia ipsum in iste id itaque incidunt voluptatibus.', 'c58b280a-56d4-4ad8-8c85-730e4ea86361', 'usr_443');
INSERT INTO trabalho.comentarios_podcast_usuario VALUES ('comment_443_4_2', 'Est dolores aperiam quo alias id similique aperiam similique est.', 'c58b280a-56d4-4ad8-8c85-730e4ea86361', 'usr_443');
INSERT INTO trabalho.log_acesso VALUES ('log_443_0_2', 'c58b280a-56d4-4ad8-8c85-730e4ea86361', 'usr_443');
INSERT INTO trabalho.log_acesso VALUES ('log_443_1_2', 'c58b280a-56d4-4ad8-8c85-730e4ea86361', 'usr_443');
INSERT INTO trabalho.log_acesso VALUES ('log_443_2_2', 'c58b280a-56d4-4ad8-8c85-730e4ea86361', 'usr_443');
INSERT INTO trabalho.log_acesso VALUES ('log_443_3_2', 'c58b280a-56d4-4ad8-8c85-730e4ea86361', 'usr_443');
INSERT INTO trabalho.log_acesso VALUES ('log_443_4_2', 'c58b280a-56d4-4ad8-8c85-730e4ea86361', 'usr_443');
INSERT INTO trabalho.usuario VALUES ('usr_444', '444_Liz.Franco@yahoo.com', 'Liz Franco', 'female', 4, trabalho.hashPassword('Password123'), 'Áustria');
INSERT INTO trabalho.usuario_esta_inscrito_no_podcast VALUES (0, 'bc8dac25-793c-4a96-aafc-4ea7020f4f60', 'usr_444');
INSERT INTO trabalho.comentarios_podcast_usuario VALUES ('comment_444_0_0', 'Illum amet a quia voluptatem qui ipsa eos.', 'bc8dac25-793c-4a96-aafc-4ea7020f4f60', 'usr_444');
INSERT INTO trabalho.log_acesso VALUES ('log_444_0_0', 'bc8dac25-793c-4a96-aafc-4ea7020f4f60', 'usr_444');
INSERT INTO trabalho.log_acesso VALUES ('log_444_1_0', 'bc8dac25-793c-4a96-aafc-4ea7020f4f60', 'usr_444');
INSERT INTO trabalho.log_acesso VALUES ('log_444_2_0', 'bc8dac25-793c-4a96-aafc-4ea7020f4f60', 'usr_444');
INSERT INTO trabalho.usuario_esta_inscrito_no_podcast VALUES (5, '7e429e8e-7669-403d-bb78-3cd7f9f75afd', 'usr_444');
INSERT INTO trabalho.comentarios_podcast_usuario VALUES ('comment_444_0_1', 'Sunt voluptatem velit deserunt perferendis sunt placeat voluptate.', '7e429e8e-7669-403d-bb78-3cd7f9f75afd', 'usr_444');
INSERT INTO trabalho.comentarios_podcast_usuario VALUES ('comment_444_1_1', 'Omnis ipsum ut.', '7e429e8e-7669-403d-bb78-3cd7f9f75afd', 'usr_444');
INSERT INTO trabalho.comentarios_podcast_usuario VALUES ('comment_444_2_1', 'Nam quia illo in molestiae sequi aut molestias.', '7e429e8e-7669-403d-bb78-3cd7f9f75afd', 'usr_444');
INSERT INTO trabalho.comentarios_podcast_usuario VALUES ('comment_444_3_1', 'Nulla ex voluptatem magnam pariatur asperiores.', '7e429e8e-7669-403d-bb78-3cd7f9f75afd', 'usr_444');
INSERT INTO trabalho.log_acesso VALUES ('log_444_0_1', '7e429e8e-7669-403d-bb78-3cd7f9f75afd', 'usr_444');
INSERT INTO trabalho.log_acesso VALUES ('log_444_1_1', '7e429e8e-7669-403d-bb78-3cd7f9f75afd', 'usr_444');
INSERT INTO trabalho.log_acesso VALUES ('log_444_2_1', '7e429e8e-7669-403d-bb78-3cd7f9f75afd', 'usr_444');
INSERT INTO trabalho.log_acesso VALUES ('log_444_3_1', '7e429e8e-7669-403d-bb78-3cd7f9f75afd', 'usr_444');
INSERT INTO trabalho.log_acesso VALUES ('log_444_4_1', '7e429e8e-7669-403d-bb78-3cd7f9f75afd', 'usr_444');
INSERT INTO trabalho.usuario_esta_inscrito_no_podcast VALUES (3, '5bdf7377-8330-4f9f-8efd-e95301c122ce', 'usr_444');
INSERT INTO trabalho.comentarios_podcast_usuario VALUES ('comment_444_0_2', 'Nihil sit quidem laudantium velit perspiciatis harum totam eius magni.', '5bdf7377-8330-4f9f-8efd-e95301c122ce', 'usr_444');
INSERT INTO trabalho.log_acesso VALUES ('log_444_0_2', '5bdf7377-8330-4f9f-8efd-e95301c122ce', 'usr_444');
INSERT INTO trabalho.log_acesso VALUES ('log_444_1_2', '5bdf7377-8330-4f9f-8efd-e95301c122ce', 'usr_444');
INSERT INTO trabalho.usuario VALUES ('usr_445', '445_MariaEduarda.Nogueira@hotmail.com', 'Maria Eduarda Nogueira', 'female', 4, trabalho.hashPassword('Password123'), 'Maurícia');
INSERT INTO trabalho.usuario_esta_inscrito_no_podcast VALUES (5, 'f1b92ce7-47a7-43cd-8586-4a09185cdd05', 'usr_445');
INSERT INTO trabalho.comentarios_podcast_usuario VALUES ('comment_445_0_0', 'Rerum eos deleniti aliquid quae quibusdam libero minima itaque quia.', 'f1b92ce7-47a7-43cd-8586-4a09185cdd05', 'usr_445');
INSERT INTO trabalho.log_acesso VALUES ('log_445_0_0', 'f1b92ce7-47a7-43cd-8586-4a09185cdd05', 'usr_445');
INSERT INTO trabalho.log_acesso VALUES ('log_445_1_0', 'f1b92ce7-47a7-43cd-8586-4a09185cdd05', 'usr_445');
INSERT INTO trabalho.log_acesso VALUES ('log_445_2_0', 'f1b92ce7-47a7-43cd-8586-4a09185cdd05', 'usr_445');
INSERT INTO trabalho.log_acesso VALUES ('log_445_3_0', 'f1b92ce7-47a7-43cd-8586-4a09185cdd05', 'usr_445');
INSERT INTO trabalho.log_acesso VALUES ('log_445_4_0', 'f1b92ce7-47a7-43cd-8586-4a09185cdd05', 'usr_445');
INSERT INTO trabalho.usuario_esta_inscrito_no_podcast VALUES (4, 'c58b280a-56d4-4ad8-8c85-730e4ea86361', 'usr_445');
INSERT INTO trabalho.comentarios_podcast_usuario VALUES ('comment_445_0_1', 'Inventore non culpa et fuga eius et.', 'c58b280a-56d4-4ad8-8c85-730e4ea86361', 'usr_445');
INSERT INTO trabalho.comentarios_podcast_usuario VALUES ('comment_445_1_1', 'Eaque inventore in sed.', 'c58b280a-56d4-4ad8-8c85-730e4ea86361', 'usr_445');
INSERT INTO trabalho.log_acesso VALUES ('log_445_0_1', 'c58b280a-56d4-4ad8-8c85-730e4ea86361', 'usr_445');
INSERT INTO trabalho.log_acesso VALUES ('log_445_1_1', 'c58b280a-56d4-4ad8-8c85-730e4ea86361', 'usr_445');
INSERT INTO trabalho.log_acesso VALUES ('log_445_2_1', 'c58b280a-56d4-4ad8-8c85-730e4ea86361', 'usr_445');
INSERT INTO trabalho.log_acesso VALUES ('log_445_3_1', 'c58b280a-56d4-4ad8-8c85-730e4ea86361', 'usr_445');
INSERT INTO trabalho.log_acesso VALUES ('log_445_4_1', 'c58b280a-56d4-4ad8-8c85-730e4ea86361', 'usr_445');
INSERT INTO trabalho.usuario_esta_inscrito_no_podcast VALUES (4, 'f0166bd2-8e4d-4308-b5d7-0b3d627c5dc5', 'usr_445');
INSERT INTO trabalho.comentarios_podcast_usuario VALUES ('comment_445_0_2', 'Quisquam beatae ratione.', 'f0166bd2-8e4d-4308-b5d7-0b3d627c5dc5', 'usr_445');
INSERT INTO trabalho.log_acesso VALUES ('log_445_0_2', 'f0166bd2-8e4d-4308-b5d7-0b3d627c5dc5', 'usr_445');
INSERT INTO trabalho.log_acesso VALUES ('log_445_1_2', 'f0166bd2-8e4d-4308-b5d7-0b3d627c5dc5', 'usr_445');
INSERT INTO trabalho.usuario VALUES ('usr_446', '446_Nicolas.Pereira@gmail.com', 'Nicolas Pereira', 'male', 10, trabalho.hashPassword('Password123'), 'Romênia');
INSERT INTO trabalho.usuario_esta_inscrito_no_podcast VALUES (0, 'af46a958-b921-47b6-9f87-5c4fdc68ea79', 'usr_446');
INSERT INTO trabalho.comentarios_podcast_usuario VALUES ('comment_446_0_0', 'Sed voluptates distinctio enim voluptas dolores sapiente ut tempore sed.', 'af46a958-b921-47b6-9f87-5c4fdc68ea79', 'usr_446');
INSERT INTO trabalho.log_acesso VALUES ('log_446_0_0', 'af46a958-b921-47b6-9f87-5c4fdc68ea79', 'usr_446');
INSERT INTO trabalho.log_acesso VALUES ('log_446_1_0', 'af46a958-b921-47b6-9f87-5c4fdc68ea79', 'usr_446');
INSERT INTO trabalho.log_acesso VALUES ('log_446_2_0', 'af46a958-b921-47b6-9f87-5c4fdc68ea79', 'usr_446');
INSERT INTO trabalho.usuario_esta_inscrito_no_podcast VALUES (5, 'bc8dac25-793c-4a96-aafc-4ea7020f4f60', 'usr_446');
INSERT INTO trabalho.comentarios_podcast_usuario VALUES ('comment_446_0_1', 'Ea et non cumque.', 'bc8dac25-793c-4a96-aafc-4ea7020f4f60', 'usr_446');
INSERT INTO trabalho.comentarios_podcast_usuario VALUES ('comment_446_1_1', 'Hic sit amet incidunt modi consequatur illum non ut eligendi.', 'bc8dac25-793c-4a96-aafc-4ea7020f4f60', 'usr_446');
INSERT INTO trabalho.comentarios_podcast_usuario VALUES ('comment_446_2_1', 'Assumenda voluptatibus et exercitationem quia rerum fugit qui.', 'bc8dac25-793c-4a96-aafc-4ea7020f4f60', 'usr_446');
INSERT INTO trabalho.comentarios_podcast_usuario VALUES ('comment_446_3_1', 'Tempora voluptatibus architecto aut nisi aut voluptatum eligendi dolorem.', 'bc8dac25-793c-4a96-aafc-4ea7020f4f60', 'usr_446');
INSERT INTO trabalho.log_acesso VALUES ('log_446_0_1', 'bc8dac25-793c-4a96-aafc-4ea7020f4f60', 'usr_446');
INSERT INTO trabalho.log_acesso VALUES ('log_446_1_1', 'bc8dac25-793c-4a96-aafc-4ea7020f4f60', 'usr_446');
INSERT INTO trabalho.usuario_esta_inscrito_no_podcast VALUES (5, 'c58b280a-56d4-4ad8-8c85-730e4ea86361', 'usr_446');
INSERT INTO trabalho.comentarios_podcast_usuario VALUES ('comment_446_0_2', 'Maiores et et enim quasi voluptate repellat.', 'c58b280a-56d4-4ad8-8c85-730e4ea86361', 'usr_446');
INSERT INTO trabalho.comentarios_podcast_usuario VALUES ('comment_446_1_2', 'Voluptatum magnam architecto fugiat.', 'c58b280a-56d4-4ad8-8c85-730e4ea86361', 'usr_446');
INSERT INTO trabalho.log_acesso VALUES ('log_446_0_2', 'c58b280a-56d4-4ad8-8c85-730e4ea86361', 'usr_446');
INSERT INTO trabalho.log_acesso VALUES ('log_446_1_2', 'c58b280a-56d4-4ad8-8c85-730e4ea86361', 'usr_446');
INSERT INTO trabalho.usuario VALUES ('usr_447', '447_Liz_Franco@bol.com.br', 'Liz Franco', 'female', 33, trabalho.hashPassword('Password123'), 'Mauritânia');
INSERT INTO trabalho.usuario_esta_inscrito_no_podcast VALUES (5, 'f1b92ce7-47a7-43cd-8586-4a09185cdd05', 'usr_447');
INSERT INTO trabalho.comentarios_podcast_usuario VALUES ('comment_447_0_0', 'Error eos ut est veritatis facere ea autem voluptatum praesentium.', 'f1b92ce7-47a7-43cd-8586-4a09185cdd05', 'usr_447');
INSERT INTO trabalho.comentarios_podcast_usuario VALUES ('comment_447_1_0', 'Ipsa dolor optio id consequatur tempore autem eligendi error.', 'f1b92ce7-47a7-43cd-8586-4a09185cdd05', 'usr_447');
INSERT INTO trabalho.comentarios_podcast_usuario VALUES ('comment_447_2_0', 'Sint enim ut quos velit eum magni vel consequatur maiores.', 'f1b92ce7-47a7-43cd-8586-4a09185cdd05', 'usr_447');
INSERT INTO trabalho.comentarios_podcast_usuario VALUES ('comment_447_3_0', 'Eos magni eos quae pariatur officiis vel atque expedita.', 'f1b92ce7-47a7-43cd-8586-4a09185cdd05', 'usr_447');
INSERT INTO trabalho.comentarios_podcast_usuario VALUES ('comment_447_4_0', 'Aut at sit accusamus sed veritatis eius est voluptatibus.', 'f1b92ce7-47a7-43cd-8586-4a09185cdd05', 'usr_447');
INSERT INTO trabalho.log_acesso VALUES ('log_447_0_0', 'f1b92ce7-47a7-43cd-8586-4a09185cdd05', 'usr_447');
INSERT INTO trabalho.log_acesso VALUES ('log_447_1_0', 'f1b92ce7-47a7-43cd-8586-4a09185cdd05', 'usr_447');
INSERT INTO trabalho.log_acesso VALUES ('log_447_2_0', 'f1b92ce7-47a7-43cd-8586-4a09185cdd05', 'usr_447');
INSERT INTO trabalho.usuario_esta_inscrito_no_podcast VALUES (2, '219328a1-cec6-4e8c-b003-52a3ec9766bb', 'usr_447');
INSERT INTO trabalho.comentarios_podcast_usuario VALUES ('comment_447_0_1', 'Quisquam consequuntur temporibus iure error dolorem.', '219328a1-cec6-4e8c-b003-52a3ec9766bb', 'usr_447');
INSERT INTO trabalho.comentarios_podcast_usuario VALUES ('comment_447_1_1', 'Suscipit possimus voluptatem magnam.', '219328a1-cec6-4e8c-b003-52a3ec9766bb', 'usr_447');
INSERT INTO trabalho.log_acesso VALUES ('log_447_0_1', '219328a1-cec6-4e8c-b003-52a3ec9766bb', 'usr_447');
INSERT INTO trabalho.log_acesso VALUES ('log_447_1_1', '219328a1-cec6-4e8c-b003-52a3ec9766bb', 'usr_447');
INSERT INTO trabalho.log_acesso VALUES ('log_447_2_1', '219328a1-cec6-4e8c-b003-52a3ec9766bb', 'usr_447');
INSERT INTO trabalho.usuario_esta_inscrito_no_podcast VALUES (2, '67074e68-bc2f-442b-8af2-7d328b6af6eb', 'usr_447');
INSERT INTO trabalho.comentarios_podcast_usuario VALUES ('comment_447_0_2', 'Ut tempore non laudantium officiis expedita aut dolor voluptatem corrupti.', '67074e68-bc2f-442b-8af2-7d328b6af6eb', 'usr_447');
INSERT INTO trabalho.comentarios_podcast_usuario VALUES ('comment_447_1_2', 'Dolore cum aut.', '67074e68-bc2f-442b-8af2-7d328b6af6eb', 'usr_447');
INSERT INTO trabalho.comentarios_podcast_usuario VALUES ('comment_447_2_2', 'Ad velit et non.', '67074e68-bc2f-442b-8af2-7d328b6af6eb', 'usr_447');
INSERT INTO trabalho.log_acesso VALUES ('log_447_0_2', '67074e68-bc2f-442b-8af2-7d328b6af6eb', 'usr_447');
INSERT INTO trabalho.log_acesso VALUES ('log_447_1_2', '67074e68-bc2f-442b-8af2-7d328b6af6eb', 'usr_447');
INSERT INTO trabalho.usuario VALUES ('usr_448', '448_Antnio_Silva@gmail.com', 'Antônio Silva', 'male', 36, trabalho.hashPassword('Password123'), 'Guadalupe');
INSERT INTO trabalho.usuario_esta_inscrito_no_podcast VALUES (1, 'de2f0ddb-9903-436a-a5e2-54224254c818', 'usr_448');
INSERT INTO trabalho.comentarios_podcast_usuario VALUES ('comment_448_0_0', 'Saepe eum quo ut.', 'de2f0ddb-9903-436a-a5e2-54224254c818', 'usr_448');
INSERT INTO trabalho.comentarios_podcast_usuario VALUES ('comment_448_1_0', 'Quos dolores officia.', 'de2f0ddb-9903-436a-a5e2-54224254c818', 'usr_448');
INSERT INTO trabalho.comentarios_podcast_usuario VALUES ('comment_448_2_0', 'Rerum sint et quia recusandae corrupti quam sit.', 'de2f0ddb-9903-436a-a5e2-54224254c818', 'usr_448');
INSERT INTO trabalho.log_acesso VALUES ('log_448_0_0', 'de2f0ddb-9903-436a-a5e2-54224254c818', 'usr_448');
INSERT INTO trabalho.log_acesso VALUES ('log_448_1_0', 'de2f0ddb-9903-436a-a5e2-54224254c818', 'usr_448');
INSERT INTO trabalho.usuario_esta_inscrito_no_podcast VALUES (4, 'bc8dac25-793c-4a96-aafc-4ea7020f4f60', 'usr_448');
INSERT INTO trabalho.comentarios_podcast_usuario VALUES ('comment_448_0_1', 'Numquam atque totam nemo.', 'bc8dac25-793c-4a96-aafc-4ea7020f4f60', 'usr_448');
INSERT INTO trabalho.comentarios_podcast_usuario VALUES ('comment_448_1_1', 'Fugiat culpa earum eos sit totam et et.', 'bc8dac25-793c-4a96-aafc-4ea7020f4f60', 'usr_448');
INSERT INTO trabalho.comentarios_podcast_usuario VALUES ('comment_448_2_1', 'Praesentium nihil consectetur voluptatem dolor voluptatum magni consequatur molestias rem.', 'bc8dac25-793c-4a96-aafc-4ea7020f4f60', 'usr_448');
INSERT INTO trabalho.comentarios_podcast_usuario VALUES ('comment_448_3_1', 'Quaerat iure ad laudantium occaecati fuga doloribus.', 'bc8dac25-793c-4a96-aafc-4ea7020f4f60', 'usr_448');
INSERT INTO trabalho.log_acesso VALUES ('log_448_0_1', 'bc8dac25-793c-4a96-aafc-4ea7020f4f60', 'usr_448');
INSERT INTO trabalho.log_acesso VALUES ('log_448_1_1', 'bc8dac25-793c-4a96-aafc-4ea7020f4f60', 'usr_448');
INSERT INTO trabalho.log_acesso VALUES ('log_448_2_1', 'bc8dac25-793c-4a96-aafc-4ea7020f4f60', 'usr_448');
INSERT INTO trabalho.usuario_esta_inscrito_no_podcast VALUES (4, '5bdf7377-8330-4f9f-8efd-e95301c122ce', 'usr_448');
INSERT INTO trabalho.comentarios_podcast_usuario VALUES ('comment_448_0_2', 'Dolorem a sed qui natus a cupiditate et non vel.', '5bdf7377-8330-4f9f-8efd-e95301c122ce', 'usr_448');
INSERT INTO trabalho.comentarios_podcast_usuario VALUES ('comment_448_1_2', 'Maxime totam ut qui a occaecati enim odit totam.', '5bdf7377-8330-4f9f-8efd-e95301c122ce', 'usr_448');
INSERT INTO trabalho.comentarios_podcast_usuario VALUES ('comment_448_2_2', 'Est temporibus voluptas mollitia eius in illo earum eos.', '5bdf7377-8330-4f9f-8efd-e95301c122ce', 'usr_448');
INSERT INTO trabalho.log_acesso VALUES ('log_448_0_2', '5bdf7377-8330-4f9f-8efd-e95301c122ce', 'usr_448');
INSERT INTO trabalho.log_acesso VALUES ('log_448_1_2', '5bdf7377-8330-4f9f-8efd-e95301c122ce', 'usr_448');
INSERT INTO trabalho.usuario VALUES ('usr_449', '449_Larissa.Braga16@yahoo.com', 'Larissa Braga', 'female', 12, trabalho.hashPassword('Password123'), 'São Martinho');
INSERT INTO trabalho.usuario_esta_inscrito_no_podcast VALUES (0, 'f0166bd2-8e4d-4308-b5d7-0b3d627c5dc5', 'usr_449');
INSERT INTO trabalho.comentarios_podcast_usuario VALUES ('comment_449_0_0', 'Sed et voluptates veritatis.', 'f0166bd2-8e4d-4308-b5d7-0b3d627c5dc5', 'usr_449');
INSERT INTO trabalho.comentarios_podcast_usuario VALUES ('comment_449_1_0', 'Vel consequatur aut alias corrupti deserunt natus.', 'f0166bd2-8e4d-4308-b5d7-0b3d627c5dc5', 'usr_449');
INSERT INTO trabalho.comentarios_podcast_usuario VALUES ('comment_449_2_0', 'Ea dolor vitae quod aspernatur quaerat aut ut.', 'f0166bd2-8e4d-4308-b5d7-0b3d627c5dc5', 'usr_449');
INSERT INTO trabalho.log_acesso VALUES ('log_449_0_0', 'f0166bd2-8e4d-4308-b5d7-0b3d627c5dc5', 'usr_449');
INSERT INTO trabalho.log_acesso VALUES ('log_449_1_0', 'f0166bd2-8e4d-4308-b5d7-0b3d627c5dc5', 'usr_449');
INSERT INTO trabalho.log_acesso VALUES ('log_449_2_0', 'f0166bd2-8e4d-4308-b5d7-0b3d627c5dc5', 'usr_449');
INSERT INTO trabalho.usuario_esta_inscrito_no_podcast VALUES (0, 'bc8dac25-793c-4a96-aafc-4ea7020f4f60', 'usr_449');
INSERT INTO trabalho.comentarios_podcast_usuario VALUES ('comment_449_0_1', 'Et aut ut magnam asperiores perferendis.', 'bc8dac25-793c-4a96-aafc-4ea7020f4f60', 'usr_449');
INSERT INTO trabalho.log_acesso VALUES ('log_449_0_1', 'bc8dac25-793c-4a96-aafc-4ea7020f4f60', 'usr_449');
INSERT INTO trabalho.log_acesso VALUES ('log_449_1_1', 'bc8dac25-793c-4a96-aafc-4ea7020f4f60', 'usr_449');
INSERT INTO trabalho.log_acesso VALUES ('log_449_2_1', 'bc8dac25-793c-4a96-aafc-4ea7020f4f60', 'usr_449');
INSERT INTO trabalho.usuario_esta_inscrito_no_podcast VALUES (2, '168c1536-4c42-4b8f-8c77-f06affefec6a', 'usr_449');
INSERT INTO trabalho.comentarios_podcast_usuario VALUES ('comment_449_0_2', 'Et dignissimos aut nihil.', '168c1536-4c42-4b8f-8c77-f06affefec6a', 'usr_449');
INSERT INTO trabalho.log_acesso VALUES ('log_449_0_2', '168c1536-4c42-4b8f-8c77-f06affefec6a', 'usr_449');
INSERT INTO trabalho.log_acesso VALUES ('log_449_1_2', '168c1536-4c42-4b8f-8c77-f06affefec6a', 'usr_449');
INSERT INTO trabalho.log_acesso VALUES ('log_449_2_2', '168c1536-4c42-4b8f-8c77-f06affefec6a', 'usr_449');
INSERT INTO trabalho.log_acesso VALUES ('log_449_3_2', '168c1536-4c42-4b8f-8c77-f06affefec6a', 'usr_449');
INSERT INTO trabalho.log_acesso VALUES ('log_449_4_2', '168c1536-4c42-4b8f-8c77-f06affefec6a', 'usr_449');
INSERT INTO trabalho.usuario VALUES ('usr_450', '450_Clia.Santos@yahoo.com', 'Célia Santos', 'female', 42, trabalho.hashPassword('Password123'), 'Suazilândia');
INSERT INTO trabalho.usuario_esta_inscrito_no_podcast VALUES (0, '219328a1-cec6-4e8c-b003-52a3ec9766bb', 'usr_450');
INSERT INTO trabalho.comentarios_podcast_usuario VALUES ('comment_450_0_0', 'Quis ipsum occaecati.', '219328a1-cec6-4e8c-b003-52a3ec9766bb', 'usr_450');
INSERT INTO trabalho.comentarios_podcast_usuario VALUES ('comment_450_1_0', 'Laboriosam hic nulla aperiam veniam debitis qui quibusdam.', '219328a1-cec6-4e8c-b003-52a3ec9766bb', 'usr_450');
INSERT INTO trabalho.log_acesso VALUES ('log_450_0_0', '219328a1-cec6-4e8c-b003-52a3ec9766bb', 'usr_450');
INSERT INTO trabalho.log_acesso VALUES ('log_450_1_0', '219328a1-cec6-4e8c-b003-52a3ec9766bb', 'usr_450');
INSERT INTO trabalho.usuario_esta_inscrito_no_podcast VALUES (1, 'f0166bd2-8e4d-4308-b5d7-0b3d627c5dc5', 'usr_450');
INSERT INTO trabalho.comentarios_podcast_usuario VALUES ('comment_450_0_1', 'Voluptatem quod sint fugit autem eligendi.', 'f0166bd2-8e4d-4308-b5d7-0b3d627c5dc5', 'usr_450');
INSERT INTO trabalho.comentarios_podcast_usuario VALUES ('comment_450_1_1', 'Dolorem dicta natus rerum illo assumenda cupiditate aliquam.', 'f0166bd2-8e4d-4308-b5d7-0b3d627c5dc5', 'usr_450');
INSERT INTO trabalho.comentarios_podcast_usuario VALUES ('comment_450_2_1', 'Nulla occaecati velit laboriosam quisquam maiores quaerat.', 'f0166bd2-8e4d-4308-b5d7-0b3d627c5dc5', 'usr_450');
INSERT INTO trabalho.comentarios_podcast_usuario VALUES ('comment_450_3_1', 'Et aut porro dolorem voluptatum voluptatum provident.', 'f0166bd2-8e4d-4308-b5d7-0b3d627c5dc5', 'usr_450');
INSERT INTO trabalho.log_acesso VALUES ('log_450_0_1', 'f0166bd2-8e4d-4308-b5d7-0b3d627c5dc5', 'usr_450');
INSERT INTO trabalho.log_acesso VALUES ('log_450_1_1', 'f0166bd2-8e4d-4308-b5d7-0b3d627c5dc5', 'usr_450');
INSERT INTO trabalho.log_acesso VALUES ('log_450_2_1', 'f0166bd2-8e4d-4308-b5d7-0b3d627c5dc5', 'usr_450');
INSERT INTO trabalho.log_acesso VALUES ('log_450_3_1', 'f0166bd2-8e4d-4308-b5d7-0b3d627c5dc5', 'usr_450');
INSERT INTO trabalho.log_acesso VALUES ('log_450_4_1', 'f0166bd2-8e4d-4308-b5d7-0b3d627c5dc5', 'usr_450');
INSERT INTO trabalho.log_acesso VALUES ('log_450_5_1', 'f0166bd2-8e4d-4308-b5d7-0b3d627c5dc5', 'usr_450');
INSERT INTO trabalho.log_acesso VALUES ('log_450_6_1', 'f0166bd2-8e4d-4308-b5d7-0b3d627c5dc5', 'usr_450');
INSERT INTO trabalho.log_acesso VALUES ('log_450_7_1', 'f0166bd2-8e4d-4308-b5d7-0b3d627c5dc5', 'usr_450');
INSERT INTO trabalho.usuario_esta_inscrito_no_podcast VALUES (5, '67074e68-bc2f-442b-8af2-7d328b6af6eb', 'usr_450');
INSERT INTO trabalho.comentarios_podcast_usuario VALUES ('comment_450_0_2', 'Et cupiditate sunt ipsa dolorum et qui.', '67074e68-bc2f-442b-8af2-7d328b6af6eb', 'usr_450');
INSERT INTO trabalho.comentarios_podcast_usuario VALUES ('comment_450_1_2', 'Sed id aliquam eius sapiente dolorum modi omnis excepturi repellat.', '67074e68-bc2f-442b-8af2-7d328b6af6eb', 'usr_450');
INSERT INTO trabalho.log_acesso VALUES ('log_450_0_2', '67074e68-bc2f-442b-8af2-7d328b6af6eb', 'usr_450');
INSERT INTO trabalho.log_acesso VALUES ('log_450_1_2', '67074e68-bc2f-442b-8af2-7d328b6af6eb', 'usr_450');
INSERT INTO trabalho.log_acesso VALUES ('log_450_2_2', '67074e68-bc2f-442b-8af2-7d328b6af6eb', 'usr_450');
INSERT INTO trabalho.log_acesso VALUES ('log_450_3_2', '67074e68-bc2f-442b-8af2-7d328b6af6eb', 'usr_450');
INSERT INTO trabalho.usuario VALUES ('usr_451', '451_Flix.Carvalho@gmail.com', 'Félix Carvalho', 'male', 52, trabalho.hashPassword('Password123'), 'Tailândia');
INSERT INTO trabalho.usuario_esta_inscrito_no_podcast VALUES (0, '5bdf7377-8330-4f9f-8efd-e95301c122ce', 'usr_451');
INSERT INTO trabalho.comentarios_podcast_usuario VALUES ('comment_451_0_0', 'Suscipit architecto aut sit ut cum autem neque doloribus quos.', '5bdf7377-8330-4f9f-8efd-e95301c122ce', 'usr_451');
INSERT INTO trabalho.comentarios_podcast_usuario VALUES ('comment_451_1_0', 'Quas repudiandae eum quod adipisci id.', '5bdf7377-8330-4f9f-8efd-e95301c122ce', 'usr_451');
INSERT INTO trabalho.comentarios_podcast_usuario VALUES ('comment_451_2_0', 'Et est dolorem autem sit libero enim.', '5bdf7377-8330-4f9f-8efd-e95301c122ce', 'usr_451');
INSERT INTO trabalho.log_acesso VALUES ('log_451_0_0', '5bdf7377-8330-4f9f-8efd-e95301c122ce', 'usr_451');
INSERT INTO trabalho.log_acesso VALUES ('log_451_1_0', '5bdf7377-8330-4f9f-8efd-e95301c122ce', 'usr_451');
INSERT INTO trabalho.log_acesso VALUES ('log_451_2_0', '5bdf7377-8330-4f9f-8efd-e95301c122ce', 'usr_451');
INSERT INTO trabalho.log_acesso VALUES ('log_451_3_0', '5bdf7377-8330-4f9f-8efd-e95301c122ce', 'usr_451');
INSERT INTO trabalho.usuario_esta_inscrito_no_podcast VALUES (1, 'f8e13774-d631-4f34-93f0-2f5d55590265', 'usr_451');
INSERT INTO trabalho.comentarios_podcast_usuario VALUES ('comment_451_0_1', 'Consequatur sed quis.', 'f8e13774-d631-4f34-93f0-2f5d55590265', 'usr_451');
INSERT INTO trabalho.comentarios_podcast_usuario VALUES ('comment_451_1_1', 'Ut ipsa sequi eos et sint nobis blanditiis quaerat.', 'f8e13774-d631-4f34-93f0-2f5d55590265', 'usr_451');
INSERT INTO trabalho.comentarios_podcast_usuario VALUES ('comment_451_2_1', 'Consequuntur blanditiis fuga facere quis consequatur.', 'f8e13774-d631-4f34-93f0-2f5d55590265', 'usr_451');
INSERT INTO trabalho.comentarios_podcast_usuario VALUES ('comment_451_3_1', 'Eum aut non nostrum sunt dolorum et autem.', 'f8e13774-d631-4f34-93f0-2f5d55590265', 'usr_451');
INSERT INTO trabalho.comentarios_podcast_usuario VALUES ('comment_451_4_1', 'Quibusdam ut ab fuga cupiditate qui cumque deserunt voluptas.', 'f8e13774-d631-4f34-93f0-2f5d55590265', 'usr_451');
INSERT INTO trabalho.log_acesso VALUES ('log_451_0_1', 'f8e13774-d631-4f34-93f0-2f5d55590265', 'usr_451');
INSERT INTO trabalho.usuario_esta_inscrito_no_podcast VALUES (0, '67074e68-bc2f-442b-8af2-7d328b6af6eb', 'usr_451');
INSERT INTO trabalho.comentarios_podcast_usuario VALUES ('comment_451_0_2', 'Dignissimos labore nam ea fugit.', '67074e68-bc2f-442b-8af2-7d328b6af6eb', 'usr_451');
INSERT INTO trabalho.comentarios_podcast_usuario VALUES ('comment_451_1_2', 'In minima asperiores qui ut sit accusamus.', '67074e68-bc2f-442b-8af2-7d328b6af6eb', 'usr_451');
INSERT INTO trabalho.comentarios_podcast_usuario VALUES ('comment_451_2_2', 'Assumenda id autem nemo.', '67074e68-bc2f-442b-8af2-7d328b6af6eb', 'usr_451');
INSERT INTO trabalho.comentarios_podcast_usuario VALUES ('comment_451_3_2', 'Harum aut vitae fuga ipsam temporibus quia esse.', '67074e68-bc2f-442b-8af2-7d328b6af6eb', 'usr_451');
INSERT INTO trabalho.comentarios_podcast_usuario VALUES ('comment_451_4_2', 'Ullam hic facilis earum illum aut eius pariatur qui repellendus.', '67074e68-bc2f-442b-8af2-7d328b6af6eb', 'usr_451');
INSERT INTO trabalho.comentarios_podcast_usuario VALUES ('comment_451_5_2', 'Quae totam nesciunt hic voluptatibus et perferendis labore.', '67074e68-bc2f-442b-8af2-7d328b6af6eb', 'usr_451');
INSERT INTO trabalho.log_acesso VALUES ('log_451_0_2', '67074e68-bc2f-442b-8af2-7d328b6af6eb', 'usr_451');
INSERT INTO trabalho.log_acesso VALUES ('log_451_1_2', '67074e68-bc2f-442b-8af2-7d328b6af6eb', 'usr_451');
INSERT INTO trabalho.log_acesso VALUES ('log_451_2_2', '67074e68-bc2f-442b-8af2-7d328b6af6eb', 'usr_451');
INSERT INTO trabalho.log_acesso VALUES ('log_451_3_2', '67074e68-bc2f-442b-8af2-7d328b6af6eb', 'usr_451');
INSERT INTO trabalho.usuario VALUES ('usr_452', '452_Noah_Franco85@live.com', 'Noah Franco', 'male', 22, trabalho.hashPassword('Password123'), 'Tailândia');
INSERT INTO trabalho.usuario_esta_inscrito_no_podcast VALUES (5, 'af46a958-b921-47b6-9f87-5c4fdc68ea79', 'usr_452');
INSERT INTO trabalho.comentarios_podcast_usuario VALUES ('comment_452_0_0', 'Est illum quasi.', 'af46a958-b921-47b6-9f87-5c4fdc68ea79', 'usr_452');
INSERT INTO trabalho.comentarios_podcast_usuario VALUES ('comment_452_1_0', 'Consequatur tenetur placeat consequatur iure sunt voluptatem aspernatur dolorum.', 'af46a958-b921-47b6-9f87-5c4fdc68ea79', 'usr_452');
INSERT INTO trabalho.comentarios_podcast_usuario VALUES ('comment_452_2_0', 'Veritatis perspiciatis quo sit sed voluptate sed explicabo et.', 'af46a958-b921-47b6-9f87-5c4fdc68ea79', 'usr_452');
INSERT INTO trabalho.comentarios_podcast_usuario VALUES ('comment_452_3_0', 'Sapiente tempora laudantium autem ut dicta.', 'af46a958-b921-47b6-9f87-5c4fdc68ea79', 'usr_452');
INSERT INTO trabalho.log_acesso VALUES ('log_452_0_0', 'af46a958-b921-47b6-9f87-5c4fdc68ea79', 'usr_452');
INSERT INTO trabalho.log_acesso VALUES ('log_452_1_0', 'af46a958-b921-47b6-9f87-5c4fdc68ea79', 'usr_452');
INSERT INTO trabalho.usuario_esta_inscrito_no_podcast VALUES (0, 'fa3abe16-3645-4d22-a01d-893e6f20c408', 'usr_452');
INSERT INTO trabalho.comentarios_podcast_usuario VALUES ('comment_452_0_1', 'Maxime expedita ut molestiae alias est nam.', 'fa3abe16-3645-4d22-a01d-893e6f20c408', 'usr_452');
INSERT INTO trabalho.log_acesso VALUES ('log_452_0_1', 'fa3abe16-3645-4d22-a01d-893e6f20c408', 'usr_452');
INSERT INTO trabalho.log_acesso VALUES ('log_452_1_1', 'fa3abe16-3645-4d22-a01d-893e6f20c408', 'usr_452');
INSERT INTO trabalho.log_acesso VALUES ('log_452_2_1', 'fa3abe16-3645-4d22-a01d-893e6f20c408', 'usr_452');
INSERT INTO trabalho.usuario_esta_inscrito_no_podcast VALUES (2, '5bdf7377-8330-4f9f-8efd-e95301c122ce', 'usr_452');
INSERT INTO trabalho.comentarios_podcast_usuario VALUES ('comment_452_0_2', 'Eveniet qui necessitatibus quisquam numquam nostrum.', '5bdf7377-8330-4f9f-8efd-e95301c122ce', 'usr_452');
INSERT INTO trabalho.log_acesso VALUES ('log_452_0_2', '5bdf7377-8330-4f9f-8efd-e95301c122ce', 'usr_452');
INSERT INTO trabalho.log_acesso VALUES ('log_452_1_2', '5bdf7377-8330-4f9f-8efd-e95301c122ce', 'usr_452');
INSERT INTO trabalho.usuario VALUES ('usr_453', '453_Csar_Franco80@live.com', 'César Franco', 'male', 14, trabalho.hashPassword('Password123'), 'Toquelau');
INSERT INTO trabalho.usuario_esta_inscrito_no_podcast VALUES (3, 'c58b280a-56d4-4ad8-8c85-730e4ea86361', 'usr_453');
INSERT INTO trabalho.comentarios_podcast_usuario VALUES ('comment_453_0_0', 'Mollitia laborum repellat.', 'c58b280a-56d4-4ad8-8c85-730e4ea86361', 'usr_453');
INSERT INTO trabalho.comentarios_podcast_usuario VALUES ('comment_453_1_0', 'Tenetur labore maiores quia necessitatibus aut in odit distinctio.', 'c58b280a-56d4-4ad8-8c85-730e4ea86361', 'usr_453');
INSERT INTO trabalho.comentarios_podcast_usuario VALUES ('comment_453_2_0', 'Voluptatem rerum qui suscipit quis pariatur est assumenda ipsum.', 'c58b280a-56d4-4ad8-8c85-730e4ea86361', 'usr_453');
INSERT INTO trabalho.comentarios_podcast_usuario VALUES ('comment_453_3_0', 'Est ut ut non repudiandae voluptatibus sit sed.', 'c58b280a-56d4-4ad8-8c85-730e4ea86361', 'usr_453');
INSERT INTO trabalho.comentarios_podcast_usuario VALUES ('comment_453_4_0', 'Voluptas quas libero voluptas iure velit perferendis.', 'c58b280a-56d4-4ad8-8c85-730e4ea86361', 'usr_453');
INSERT INTO trabalho.log_acesso VALUES ('log_453_0_0', 'c58b280a-56d4-4ad8-8c85-730e4ea86361', 'usr_453');
INSERT INTO trabalho.log_acesso VALUES ('log_453_1_0', 'c58b280a-56d4-4ad8-8c85-730e4ea86361', 'usr_453');
INSERT INTO trabalho.log_acesso VALUES ('log_453_2_0', 'c58b280a-56d4-4ad8-8c85-730e4ea86361', 'usr_453');
INSERT INTO trabalho.log_acesso VALUES ('log_453_3_0', 'c58b280a-56d4-4ad8-8c85-730e4ea86361', 'usr_453');
INSERT INTO trabalho.usuario_esta_inscrito_no_podcast VALUES (4, 'fa3abe16-3645-4d22-a01d-893e6f20c408', 'usr_453');
INSERT INTO trabalho.comentarios_podcast_usuario VALUES ('comment_453_0_1', 'Quis occaecati quia tempora et.', 'fa3abe16-3645-4d22-a01d-893e6f20c408', 'usr_453');
INSERT INTO trabalho.comentarios_podcast_usuario VALUES ('comment_453_1_1', 'Saepe voluptatem hic est ut ipsa veniam ut voluptates.', 'fa3abe16-3645-4d22-a01d-893e6f20c408', 'usr_453');
INSERT INTO trabalho.log_acesso VALUES ('log_453_0_1', 'fa3abe16-3645-4d22-a01d-893e6f20c408', 'usr_453');
INSERT INTO trabalho.log_acesso VALUES ('log_453_1_1', 'fa3abe16-3645-4d22-a01d-893e6f20c408', 'usr_453');
INSERT INTO trabalho.log_acesso VALUES ('log_453_2_1', 'fa3abe16-3645-4d22-a01d-893e6f20c408', 'usr_453');
INSERT INTO trabalho.log_acesso VALUES ('log_453_3_1', 'fa3abe16-3645-4d22-a01d-893e6f20c408', 'usr_453');
INSERT INTO trabalho.log_acesso VALUES ('log_453_4_1', 'fa3abe16-3645-4d22-a01d-893e6f20c408', 'usr_453');
INSERT INTO trabalho.log_acesso VALUES ('log_453_5_1', 'fa3abe16-3645-4d22-a01d-893e6f20c408', 'usr_453');
INSERT INTO trabalho.usuario_esta_inscrito_no_podcast VALUES (5, '67074e68-bc2f-442b-8af2-7d328b6af6eb', 'usr_453');
INSERT INTO trabalho.comentarios_podcast_usuario VALUES ('comment_453_0_2', 'Harum perferendis doloremque officia consequatur dolorem temporibus.', '67074e68-bc2f-442b-8af2-7d328b6af6eb', 'usr_453');
INSERT INTO trabalho.log_acesso VALUES ('log_453_0_2', '67074e68-bc2f-442b-8af2-7d328b6af6eb', 'usr_453');
INSERT INTO trabalho.log_acesso VALUES ('log_453_1_2', '67074e68-bc2f-442b-8af2-7d328b6af6eb', 'usr_453');
INSERT INTO trabalho.log_acesso VALUES ('log_453_2_2', '67074e68-bc2f-442b-8af2-7d328b6af6eb', 'usr_453');
INSERT INTO trabalho.log_acesso VALUES ('log_453_3_2', '67074e68-bc2f-442b-8af2-7d328b6af6eb', 'usr_453');
INSERT INTO trabalho.usuario VALUES ('usr_454', '454_Mait_Melo47@bol.com.br', 'Maitê Melo', 'female', 16, trabalho.hashPassword('Password123'), 'África do Sul');
INSERT INTO trabalho.usuario_esta_inscrito_no_podcast VALUES (5, 'f0166bd2-8e4d-4308-b5d7-0b3d627c5dc5', 'usr_454');
INSERT INTO trabalho.comentarios_podcast_usuario VALUES ('comment_454_0_0', 'Eveniet commodi dolorem facere eum commodi et harum consequuntur.', 'f0166bd2-8e4d-4308-b5d7-0b3d627c5dc5', 'usr_454');
INSERT INTO trabalho.log_acesso VALUES ('log_454_0_0', 'f0166bd2-8e4d-4308-b5d7-0b3d627c5dc5', 'usr_454');
INSERT INTO trabalho.log_acesso VALUES ('log_454_1_0', 'f0166bd2-8e4d-4308-b5d7-0b3d627c5dc5', 'usr_454');
INSERT INTO trabalho.log_acesso VALUES ('log_454_2_0', 'f0166bd2-8e4d-4308-b5d7-0b3d627c5dc5', 'usr_454');
INSERT INTO trabalho.usuario_esta_inscrito_no_podcast VALUES (2, '168c1536-4c42-4b8f-8c77-f06affefec6a', 'usr_454');
INSERT INTO trabalho.comentarios_podcast_usuario VALUES ('comment_454_0_1', 'Dolores in quis expedita ut minima magni occaecati temporibus possimus.', '168c1536-4c42-4b8f-8c77-f06affefec6a', 'usr_454');
INSERT INTO trabalho.comentarios_podcast_usuario VALUES ('comment_454_1_1', 'Non et perspiciatis.', '168c1536-4c42-4b8f-8c77-f06affefec6a', 'usr_454');
INSERT INTO trabalho.comentarios_podcast_usuario VALUES ('comment_454_2_1', 'Aut qui sint sit porro.', '168c1536-4c42-4b8f-8c77-f06affefec6a', 'usr_454');
INSERT INTO trabalho.log_acesso VALUES ('log_454_0_1', '168c1536-4c42-4b8f-8c77-f06affefec6a', 'usr_454');
INSERT INTO trabalho.log_acesso VALUES ('log_454_1_1', '168c1536-4c42-4b8f-8c77-f06affefec6a', 'usr_454');
INSERT INTO trabalho.log_acesso VALUES ('log_454_2_1', '168c1536-4c42-4b8f-8c77-f06affefec6a', 'usr_454');
INSERT INTO trabalho.log_acesso VALUES ('log_454_3_1', '168c1536-4c42-4b8f-8c77-f06affefec6a', 'usr_454');
INSERT INTO trabalho.usuario_esta_inscrito_no_podcast VALUES (1, '219328a1-cec6-4e8c-b003-52a3ec9766bb', 'usr_454');
INSERT INTO trabalho.comentarios_podcast_usuario VALUES ('comment_454_0_2', 'Exercitationem eum quia.', '219328a1-cec6-4e8c-b003-52a3ec9766bb', 'usr_454');
INSERT INTO trabalho.comentarios_podcast_usuario VALUES ('comment_454_1_2', 'Nesciunt nisi animi quos odio.', '219328a1-cec6-4e8c-b003-52a3ec9766bb', 'usr_454');
INSERT INTO trabalho.comentarios_podcast_usuario VALUES ('comment_454_2_2', 'Repudiandae molestias voluptatem incidunt voluptatem minima iure dolores.', '219328a1-cec6-4e8c-b003-52a3ec9766bb', 'usr_454');
INSERT INTO trabalho.comentarios_podcast_usuario VALUES ('comment_454_3_2', 'Sit mollitia ut deleniti et quia.', '219328a1-cec6-4e8c-b003-52a3ec9766bb', 'usr_454');
INSERT INTO trabalho.log_acesso VALUES ('log_454_0_2', '219328a1-cec6-4e8c-b003-52a3ec9766bb', 'usr_454');
INSERT INTO trabalho.log_acesso VALUES ('log_454_1_2', '219328a1-cec6-4e8c-b003-52a3ec9766bb', 'usr_454');
INSERT INTO trabalho.log_acesso VALUES ('log_454_2_2', '219328a1-cec6-4e8c-b003-52a3ec9766bb', 'usr_454');
INSERT INTO trabalho.log_acesso VALUES ('log_454_3_2', '219328a1-cec6-4e8c-b003-52a3ec9766bb', 'usr_454');
INSERT INTO trabalho.log_acesso VALUES ('log_454_4_2', '219328a1-cec6-4e8c-b003-52a3ec9766bb', 'usr_454');
INSERT INTO trabalho.log_acesso VALUES ('log_454_5_2', '219328a1-cec6-4e8c-b003-52a3ec9766bb', 'usr_454');
INSERT INTO trabalho.usuario VALUES ('usr_455', '455_Nicolas.Carvalho63@gmail.com', 'Nicolas Carvalho', 'male', 37, trabalho.hashPassword('Password123'), 'Síria');
INSERT INTO trabalho.usuario_esta_inscrito_no_podcast VALUES (3, '5bdf7377-8330-4f9f-8efd-e95301c122ce', 'usr_455');
INSERT INTO trabalho.comentarios_podcast_usuario VALUES ('comment_455_0_0', 'Laborum aut nihil.', '5bdf7377-8330-4f9f-8efd-e95301c122ce', 'usr_455');
INSERT INTO trabalho.comentarios_podcast_usuario VALUES ('comment_455_1_0', 'Aliquam sit fugiat sit nisi officia officia.', '5bdf7377-8330-4f9f-8efd-e95301c122ce', 'usr_455');
INSERT INTO trabalho.comentarios_podcast_usuario VALUES ('comment_455_2_0', 'Commodi est iure quis quo nihil tempora tempora voluptatum voluptatum.', '5bdf7377-8330-4f9f-8efd-e95301c122ce', 'usr_455');
INSERT INTO trabalho.log_acesso VALUES ('log_455_0_0', '5bdf7377-8330-4f9f-8efd-e95301c122ce', 'usr_455');
INSERT INTO trabalho.log_acesso VALUES ('log_455_1_0', '5bdf7377-8330-4f9f-8efd-e95301c122ce', 'usr_455');
INSERT INTO trabalho.usuario_esta_inscrito_no_podcast VALUES (3, 'b553d865-8fe2-47de-9a30-10e1dea3bd1d', 'usr_455');
INSERT INTO trabalho.comentarios_podcast_usuario VALUES ('comment_455_0_1', 'Quis nostrum nostrum debitis dolores culpa non.', 'b553d865-8fe2-47de-9a30-10e1dea3bd1d', 'usr_455');
INSERT INTO trabalho.comentarios_podcast_usuario VALUES ('comment_455_1_1', 'Quo suscipit ratione aperiam officiis perspiciatis et.', 'b553d865-8fe2-47de-9a30-10e1dea3bd1d', 'usr_455');
INSERT INTO trabalho.comentarios_podcast_usuario VALUES ('comment_455_2_1', 'Ut optio adipisci neque.', 'b553d865-8fe2-47de-9a30-10e1dea3bd1d', 'usr_455');
INSERT INTO trabalho.log_acesso VALUES ('log_455_0_1', 'b553d865-8fe2-47de-9a30-10e1dea3bd1d', 'usr_455');
INSERT INTO trabalho.log_acesso VALUES ('log_455_1_1', 'b553d865-8fe2-47de-9a30-10e1dea3bd1d', 'usr_455');
INSERT INTO trabalho.log_acesso VALUES ('log_455_2_1', 'b553d865-8fe2-47de-9a30-10e1dea3bd1d', 'usr_455');
INSERT INTO trabalho.usuario_esta_inscrito_no_podcast VALUES (2, 'f0166bd2-8e4d-4308-b5d7-0b3d627c5dc5', 'usr_455');
INSERT INTO trabalho.comentarios_podcast_usuario VALUES ('comment_455_0_2', 'Ut possimus qui deleniti rerum delectus tempora laborum.', 'f0166bd2-8e4d-4308-b5d7-0b3d627c5dc5', 'usr_455');
INSERT INTO trabalho.log_acesso VALUES ('log_455_0_2', 'f0166bd2-8e4d-4308-b5d7-0b3d627c5dc5', 'usr_455');
INSERT INTO trabalho.log_acesso VALUES ('log_455_1_2', 'f0166bd2-8e4d-4308-b5d7-0b3d627c5dc5', 'usr_455');
INSERT INTO trabalho.log_acesso VALUES ('log_455_2_2', 'f0166bd2-8e4d-4308-b5d7-0b3d627c5dc5', 'usr_455');
INSERT INTO trabalho.usuario VALUES ('usr_456', '456_Laura_Carvalho@bol.com.br', 'Laura Carvalho', 'female', 43, trabalho.hashPassword('Password123'), 'Polinésia Francesa');
INSERT INTO trabalho.usuario_esta_inscrito_no_podcast VALUES (3, '219328a1-cec6-4e8c-b003-52a3ec9766bb', 'usr_456');
INSERT INTO trabalho.comentarios_podcast_usuario VALUES ('comment_456_0_0', 'Iusto iure dolorem doloribus facilis officiis architecto vero.', '219328a1-cec6-4e8c-b003-52a3ec9766bb', 'usr_456');
INSERT INTO trabalho.log_acesso VALUES ('log_456_0_0', '219328a1-cec6-4e8c-b003-52a3ec9766bb', 'usr_456');
INSERT INTO trabalho.log_acesso VALUES ('log_456_1_0', '219328a1-cec6-4e8c-b003-52a3ec9766bb', 'usr_456');
INSERT INTO trabalho.log_acesso VALUES ('log_456_2_0', '219328a1-cec6-4e8c-b003-52a3ec9766bb', 'usr_456');
INSERT INTO trabalho.log_acesso VALUES ('log_456_3_0', '219328a1-cec6-4e8c-b003-52a3ec9766bb', 'usr_456');
INSERT INTO trabalho.log_acesso VALUES ('log_456_4_0', '219328a1-cec6-4e8c-b003-52a3ec9766bb', 'usr_456');
INSERT INTO trabalho.log_acesso VALUES ('log_456_5_0', '219328a1-cec6-4e8c-b003-52a3ec9766bb', 'usr_456');
INSERT INTO trabalho.usuario_esta_inscrito_no_podcast VALUES (3, '5bdf7377-8330-4f9f-8efd-e95301c122ce', 'usr_456');
INSERT INTO trabalho.comentarios_podcast_usuario VALUES ('comment_456_0_1', 'Animi explicabo rem ullam qui nesciunt consequatur est.', '5bdf7377-8330-4f9f-8efd-e95301c122ce', 'usr_456');
INSERT INTO trabalho.comentarios_podcast_usuario VALUES ('comment_456_1_1', 'Qui voluptatibus expedita provident.', '5bdf7377-8330-4f9f-8efd-e95301c122ce', 'usr_456');
INSERT INTO trabalho.log_acesso VALUES ('log_456_0_1', '5bdf7377-8330-4f9f-8efd-e95301c122ce', 'usr_456');
INSERT INTO trabalho.usuario_esta_inscrito_no_podcast VALUES (2, 'f1b92ce7-47a7-43cd-8586-4a09185cdd05', 'usr_456');
INSERT INTO trabalho.comentarios_podcast_usuario VALUES ('comment_456_0_2', 'Nemo impedit omnis molestiae enim eum pariatur.', 'f1b92ce7-47a7-43cd-8586-4a09185cdd05', 'usr_456');
INSERT INTO trabalho.comentarios_podcast_usuario VALUES ('comment_456_1_2', 'Et sit neque officia fugiat et libero est sed et.', 'f1b92ce7-47a7-43cd-8586-4a09185cdd05', 'usr_456');
INSERT INTO trabalho.comentarios_podcast_usuario VALUES ('comment_456_2_2', 'Consequatur eaque quia voluptas quia sint aut et.', 'f1b92ce7-47a7-43cd-8586-4a09185cdd05', 'usr_456');
INSERT INTO trabalho.comentarios_podcast_usuario VALUES ('comment_456_3_2', 'Enim in consequuntur qui et et et corrupti.', 'f1b92ce7-47a7-43cd-8586-4a09185cdd05', 'usr_456');
INSERT INTO trabalho.comentarios_podcast_usuario VALUES ('comment_456_4_2', 'Non vel atque aut et laboriosam cumque.', 'f1b92ce7-47a7-43cd-8586-4a09185cdd05', 'usr_456');
INSERT INTO trabalho.log_acesso VALUES ('log_456_0_2', 'f1b92ce7-47a7-43cd-8586-4a09185cdd05', 'usr_456');
INSERT INTO trabalho.log_acesso VALUES ('log_456_1_2', 'f1b92ce7-47a7-43cd-8586-4a09185cdd05', 'usr_456');
INSERT INTO trabalho.log_acesso VALUES ('log_456_2_2', 'f1b92ce7-47a7-43cd-8586-4a09185cdd05', 'usr_456');
INSERT INTO trabalho.usuario VALUES ('usr_457', '457_Feliciano.Martins64@live.com', 'Feliciano Martins', 'male', 27, trabalho.hashPassword('Password123'), 'El Salvador');
INSERT INTO trabalho.usuario_esta_inscrito_no_podcast VALUES (3, '168c1536-4c42-4b8f-8c77-f06affefec6a', 'usr_457');
INSERT INTO trabalho.comentarios_podcast_usuario VALUES ('comment_457_0_0', 'Voluptas et et aspernatur repellendus unde incidunt neque ipsum.', '168c1536-4c42-4b8f-8c77-f06affefec6a', 'usr_457');
INSERT INTO trabalho.log_acesso VALUES ('log_457_0_0', '168c1536-4c42-4b8f-8c77-f06affefec6a', 'usr_457');
INSERT INTO trabalho.log_acesso VALUES ('log_457_1_0', '168c1536-4c42-4b8f-8c77-f06affefec6a', 'usr_457');
INSERT INTO trabalho.log_acesso VALUES ('log_457_2_0', '168c1536-4c42-4b8f-8c77-f06affefec6a', 'usr_457');
INSERT INTO trabalho.log_acesso VALUES ('log_457_3_0', '168c1536-4c42-4b8f-8c77-f06affefec6a', 'usr_457');
INSERT INTO trabalho.log_acesso VALUES ('log_457_4_0', '168c1536-4c42-4b8f-8c77-f06affefec6a', 'usr_457');
INSERT INTO trabalho.usuario_esta_inscrito_no_podcast VALUES (1, 'f0166bd2-8e4d-4308-b5d7-0b3d627c5dc5', 'usr_457');
INSERT INTO trabalho.comentarios_podcast_usuario VALUES ('comment_457_0_1', 'Id doloremque blanditiis quae odio atque in quis tenetur.', 'f0166bd2-8e4d-4308-b5d7-0b3d627c5dc5', 'usr_457');
INSERT INTO trabalho.comentarios_podcast_usuario VALUES ('comment_457_1_1', 'Et eum porro nihil fugiat.', 'f0166bd2-8e4d-4308-b5d7-0b3d627c5dc5', 'usr_457');
INSERT INTO trabalho.comentarios_podcast_usuario VALUES ('comment_457_2_1', 'Officia quos consequatur dolor atque illum laudantium officia omnis.', 'f0166bd2-8e4d-4308-b5d7-0b3d627c5dc5', 'usr_457');
INSERT INTO trabalho.comentarios_podcast_usuario VALUES ('comment_457_3_1', 'Voluptates quas accusantium enim.', 'f0166bd2-8e4d-4308-b5d7-0b3d627c5dc5', 'usr_457');
INSERT INTO trabalho.log_acesso VALUES ('log_457_0_1', 'f0166bd2-8e4d-4308-b5d7-0b3d627c5dc5', 'usr_457');
INSERT INTO trabalho.usuario_esta_inscrito_no_podcast VALUES (4, 'de2f0ddb-9903-436a-a5e2-54224254c818', 'usr_457');
INSERT INTO trabalho.comentarios_podcast_usuario VALUES ('comment_457_0_2', 'Consequuntur dolorem iste id omnis at molestiae sit ducimus.', 'de2f0ddb-9903-436a-a5e2-54224254c818', 'usr_457');
INSERT INTO trabalho.comentarios_podcast_usuario VALUES ('comment_457_1_2', 'Temporibus nihil eligendi maxime fuga odio voluptatem sunt omnis.', 'de2f0ddb-9903-436a-a5e2-54224254c818', 'usr_457');
INSERT INTO trabalho.comentarios_podcast_usuario VALUES ('comment_457_2_2', 'Molestias sunt consequatur doloribus.', 'de2f0ddb-9903-436a-a5e2-54224254c818', 'usr_457');
INSERT INTO trabalho.log_acesso VALUES ('log_457_0_2', 'de2f0ddb-9903-436a-a5e2-54224254c818', 'usr_457');
INSERT INTO trabalho.log_acesso VALUES ('log_457_1_2', 'de2f0ddb-9903-436a-a5e2-54224254c818', 'usr_457');
INSERT INTO trabalho.log_acesso VALUES ('log_457_2_2', 'de2f0ddb-9903-436a-a5e2-54224254c818', 'usr_457');
INSERT INTO trabalho.log_acesso VALUES ('log_457_3_2', 'de2f0ddb-9903-436a-a5e2-54224254c818', 'usr_457');
INSERT INTO trabalho.log_acesso VALUES ('log_457_4_2', 'de2f0ddb-9903-436a-a5e2-54224254c818', 'usr_457');
INSERT INTO trabalho.usuario VALUES ('usr_458', '458_JooPedro57@yahoo.com', 'João Pedro Carvalho', 'male', 39, trabalho.hashPassword('Password123'), 'Maiote');
INSERT INTO trabalho.usuario_esta_inscrito_no_podcast VALUES (5, 'fa3abe16-3645-4d22-a01d-893e6f20c408', 'usr_458');
INSERT INTO trabalho.comentarios_podcast_usuario VALUES ('comment_458_0_0', 'Libero repudiandae animi nemo.', 'fa3abe16-3645-4d22-a01d-893e6f20c408', 'usr_458');
INSERT INTO trabalho.comentarios_podcast_usuario VALUES ('comment_458_1_0', 'Sapiente libero est et illum.', 'fa3abe16-3645-4d22-a01d-893e6f20c408', 'usr_458');
INSERT INTO trabalho.comentarios_podcast_usuario VALUES ('comment_458_2_0', 'Ipsa eum magni dolor at dolorem inventore vitae.', 'fa3abe16-3645-4d22-a01d-893e6f20c408', 'usr_458');
INSERT INTO trabalho.comentarios_podcast_usuario VALUES ('comment_458_3_0', 'Incidunt sed voluptas est nesciunt.', 'fa3abe16-3645-4d22-a01d-893e6f20c408', 'usr_458');
INSERT INTO trabalho.comentarios_podcast_usuario VALUES ('comment_458_4_0', 'Et iste magnam corrupti sed sunt.', 'fa3abe16-3645-4d22-a01d-893e6f20c408', 'usr_458');
INSERT INTO trabalho.comentarios_podcast_usuario VALUES ('comment_458_5_0', 'Error voluptas distinctio eveniet sapiente consectetur eos aut inventore.', 'fa3abe16-3645-4d22-a01d-893e6f20c408', 'usr_458');
INSERT INTO trabalho.log_acesso VALUES ('log_458_0_0', 'fa3abe16-3645-4d22-a01d-893e6f20c408', 'usr_458');
INSERT INTO trabalho.log_acesso VALUES ('log_458_1_0', 'fa3abe16-3645-4d22-a01d-893e6f20c408', 'usr_458');
INSERT INTO trabalho.log_acesso VALUES ('log_458_2_0', 'fa3abe16-3645-4d22-a01d-893e6f20c408', 'usr_458');
INSERT INTO trabalho.log_acesso VALUES ('log_458_3_0', 'fa3abe16-3645-4d22-a01d-893e6f20c408', 'usr_458');
INSERT INTO trabalho.log_acesso VALUES ('log_458_4_0', 'fa3abe16-3645-4d22-a01d-893e6f20c408', 'usr_458');
INSERT INTO trabalho.usuario_esta_inscrito_no_podcast VALUES (0, 'af46a958-b921-47b6-9f87-5c4fdc68ea79', 'usr_458');
INSERT INTO trabalho.comentarios_podcast_usuario VALUES ('comment_458_0_1', 'Maxime sequi consequatur minus minima incidunt earum.', 'af46a958-b921-47b6-9f87-5c4fdc68ea79', 'usr_458');
INSERT INTO trabalho.comentarios_podcast_usuario VALUES ('comment_458_1_1', 'Qui eum quidem sint perferendis rem perferendis et.', 'af46a958-b921-47b6-9f87-5c4fdc68ea79', 'usr_458');
INSERT INTO trabalho.comentarios_podcast_usuario VALUES ('comment_458_2_1', 'Consequatur aliquid atque fugit eos facilis.', 'af46a958-b921-47b6-9f87-5c4fdc68ea79', 'usr_458');
INSERT INTO trabalho.comentarios_podcast_usuario VALUES ('comment_458_3_1', 'Similique doloremque sit quod.', 'af46a958-b921-47b6-9f87-5c4fdc68ea79', 'usr_458');
INSERT INTO trabalho.log_acesso VALUES ('log_458_0_1', 'af46a958-b921-47b6-9f87-5c4fdc68ea79', 'usr_458');
INSERT INTO trabalho.log_acesso VALUES ('log_458_1_1', 'af46a958-b921-47b6-9f87-5c4fdc68ea79', 'usr_458');
INSERT INTO trabalho.log_acesso VALUES ('log_458_2_1', 'af46a958-b921-47b6-9f87-5c4fdc68ea79', 'usr_458');
INSERT INTO trabalho.log_acesso VALUES ('log_458_3_1', 'af46a958-b921-47b6-9f87-5c4fdc68ea79', 'usr_458');
INSERT INTO trabalho.log_acesso VALUES ('log_458_4_1', 'af46a958-b921-47b6-9f87-5c4fdc68ea79', 'usr_458');
INSERT INTO trabalho.log_acesso VALUES ('log_458_5_1', 'af46a958-b921-47b6-9f87-5c4fdc68ea79', 'usr_458');
INSERT INTO trabalho.usuario_esta_inscrito_no_podcast VALUES (3, '5bdf7377-8330-4f9f-8efd-e95301c122ce', 'usr_458');
INSERT INTO trabalho.comentarios_podcast_usuario VALUES ('comment_458_0_2', 'Eligendi atque exercitationem non vitae quidem dolores.', '5bdf7377-8330-4f9f-8efd-e95301c122ce', 'usr_458');
INSERT INTO trabalho.comentarios_podcast_usuario VALUES ('comment_458_1_2', 'A voluptatum enim eveniet nostrum nulla mollitia ab.', '5bdf7377-8330-4f9f-8efd-e95301c122ce', 'usr_458');
INSERT INTO trabalho.comentarios_podcast_usuario VALUES ('comment_458_2_2', 'Saepe mollitia et aliquid ipsa rerum voluptas.', '5bdf7377-8330-4f9f-8efd-e95301c122ce', 'usr_458');
INSERT INTO trabalho.comentarios_podcast_usuario VALUES ('comment_458_3_2', 'Officiis officia voluptate est sequi mollitia.', '5bdf7377-8330-4f9f-8efd-e95301c122ce', 'usr_458');
INSERT INTO trabalho.comentarios_podcast_usuario VALUES ('comment_458_4_2', 'Nostrum voluptatem voluptates eum et similique rem voluptatem rerum.', '5bdf7377-8330-4f9f-8efd-e95301c122ce', 'usr_458');
INSERT INTO trabalho.log_acesso VALUES ('log_458_0_2', '5bdf7377-8330-4f9f-8efd-e95301c122ce', 'usr_458');
INSERT INTO trabalho.log_acesso VALUES ('log_458_1_2', '5bdf7377-8330-4f9f-8efd-e95301c122ce', 'usr_458');
INSERT INTO trabalho.log_acesso VALUES ('log_458_2_2', '5bdf7377-8330-4f9f-8efd-e95301c122ce', 'usr_458');
INSERT INTO trabalho.log_acesso VALUES ('log_458_3_2', '5bdf7377-8330-4f9f-8efd-e95301c122ce', 'usr_458');
INSERT INTO trabalho.log_acesso VALUES ('log_458_4_2', '5bdf7377-8330-4f9f-8efd-e95301c122ce', 'usr_458');
INSERT INTO trabalho.log_acesso VALUES ('log_458_5_2', '5bdf7377-8330-4f9f-8efd-e95301c122ce', 'usr_458');
INSERT INTO trabalho.usuario VALUES ('usr_459', '459_Feliciano_Carvalho@gmail.com', 'Feliciano Carvalho', 'male', 35, trabalho.hashPassword('Password123'), 'Albânia');
INSERT INTO trabalho.usuario_esta_inscrito_no_podcast VALUES (5, '7e429e8e-7669-403d-bb78-3cd7f9f75afd', 'usr_459');
INSERT INTO trabalho.comentarios_podcast_usuario VALUES ('comment_459_0_0', 'Qui fuga quae ratione esse cupiditate eum quia eos.', '7e429e8e-7669-403d-bb78-3cd7f9f75afd', 'usr_459');
INSERT INTO trabalho.comentarios_podcast_usuario VALUES ('comment_459_1_0', 'Laudantium sunt qui.', '7e429e8e-7669-403d-bb78-3cd7f9f75afd', 'usr_459');
INSERT INTO trabalho.comentarios_podcast_usuario VALUES ('comment_459_2_0', 'Rerum quia velit quis.', '7e429e8e-7669-403d-bb78-3cd7f9f75afd', 'usr_459');
INSERT INTO trabalho.comentarios_podcast_usuario VALUES ('comment_459_3_0', 'Aut sunt voluptatem.', '7e429e8e-7669-403d-bb78-3cd7f9f75afd', 'usr_459');
INSERT INTO trabalho.log_acesso VALUES ('log_459_0_0', '7e429e8e-7669-403d-bb78-3cd7f9f75afd', 'usr_459');
INSERT INTO trabalho.log_acesso VALUES ('log_459_1_0', '7e429e8e-7669-403d-bb78-3cd7f9f75afd', 'usr_459');
INSERT INTO trabalho.log_acesso VALUES ('log_459_2_0', '7e429e8e-7669-403d-bb78-3cd7f9f75afd', 'usr_459');
INSERT INTO trabalho.log_acesso VALUES ('log_459_3_0', '7e429e8e-7669-403d-bb78-3cd7f9f75afd', 'usr_459');
INSERT INTO trabalho.log_acesso VALUES ('log_459_4_0', '7e429e8e-7669-403d-bb78-3cd7f9f75afd', 'usr_459');
INSERT INTO trabalho.log_acesso VALUES ('log_459_5_0', '7e429e8e-7669-403d-bb78-3cd7f9f75afd', 'usr_459');
INSERT INTO trabalho.usuario_esta_inscrito_no_podcast VALUES (5, '5bdf7377-8330-4f9f-8efd-e95301c122ce', 'usr_459');
INSERT INTO trabalho.comentarios_podcast_usuario VALUES ('comment_459_0_1', 'Quasi porro nemo cupiditate.', '5bdf7377-8330-4f9f-8efd-e95301c122ce', 'usr_459');
INSERT INTO trabalho.comentarios_podcast_usuario VALUES ('comment_459_1_1', 'Unde iste suscipit quis in.', '5bdf7377-8330-4f9f-8efd-e95301c122ce', 'usr_459');
INSERT INTO trabalho.log_acesso VALUES ('log_459_0_1', '5bdf7377-8330-4f9f-8efd-e95301c122ce', 'usr_459');
INSERT INTO trabalho.log_acesso VALUES ('log_459_1_1', '5bdf7377-8330-4f9f-8efd-e95301c122ce', 'usr_459');
INSERT INTO trabalho.log_acesso VALUES ('log_459_2_1', '5bdf7377-8330-4f9f-8efd-e95301c122ce', 'usr_459');
INSERT INTO trabalho.log_acesso VALUES ('log_459_3_1', '5bdf7377-8330-4f9f-8efd-e95301c122ce', 'usr_459');
INSERT INTO trabalho.usuario_esta_inscrito_no_podcast VALUES (0, '168c1536-4c42-4b8f-8c77-f06affefec6a', 'usr_459');
INSERT INTO trabalho.comentarios_podcast_usuario VALUES ('comment_459_0_2', 'Aliquam culpa quod cum consequatur suscipit est vel minima id.', '168c1536-4c42-4b8f-8c77-f06affefec6a', 'usr_459');
INSERT INTO trabalho.comentarios_podcast_usuario VALUES ('comment_459_1_2', 'Dicta aut quia.', '168c1536-4c42-4b8f-8c77-f06affefec6a', 'usr_459');
INSERT INTO trabalho.comentarios_podcast_usuario VALUES ('comment_459_2_2', 'Ab recusandae est vel quia similique.', '168c1536-4c42-4b8f-8c77-f06affefec6a', 'usr_459');
INSERT INTO trabalho.comentarios_podcast_usuario VALUES ('comment_459_3_2', 'Cupiditate et fugiat modi aut ut error doloribus dolores.', '168c1536-4c42-4b8f-8c77-f06affefec6a', 'usr_459');
INSERT INTO trabalho.comentarios_podcast_usuario VALUES ('comment_459_4_2', 'Eaque similique suscipit sed molestiae et.', '168c1536-4c42-4b8f-8c77-f06affefec6a', 'usr_459');
INSERT INTO trabalho.log_acesso VALUES ('log_459_0_2', '168c1536-4c42-4b8f-8c77-f06affefec6a', 'usr_459');
INSERT INTO trabalho.log_acesso VALUES ('log_459_1_2', '168c1536-4c42-4b8f-8c77-f06affefec6a', 'usr_459');
INSERT INTO trabalho.log_acesso VALUES ('log_459_2_2', '168c1536-4c42-4b8f-8c77-f06affefec6a', 'usr_459');
INSERT INTO trabalho.usuario VALUES ('usr_460', '460_Alcia57@bol.com.br', 'Alícia Batista', 'female', 45, trabalho.hashPassword('Password123'), 'Nauru');
INSERT INTO trabalho.usuario_esta_inscrito_no_podcast VALUES (1, 'f0166bd2-8e4d-4308-b5d7-0b3d627c5dc5', 'usr_460');
INSERT INTO trabalho.comentarios_podcast_usuario VALUES ('comment_460_0_0', 'Harum earum delectus natus molestiae ducimus animi.', 'f0166bd2-8e4d-4308-b5d7-0b3d627c5dc5', 'usr_460');
INSERT INTO trabalho.comentarios_podcast_usuario VALUES ('comment_460_1_0', 'Est id laborum neque vero.', 'f0166bd2-8e4d-4308-b5d7-0b3d627c5dc5', 'usr_460');
INSERT INTO trabalho.comentarios_podcast_usuario VALUES ('comment_460_2_0', 'Enim rem delectus.', 'f0166bd2-8e4d-4308-b5d7-0b3d627c5dc5', 'usr_460');
INSERT INTO trabalho.comentarios_podcast_usuario VALUES ('comment_460_3_0', 'Expedita dignissimos velit.', 'f0166bd2-8e4d-4308-b5d7-0b3d627c5dc5', 'usr_460');
INSERT INTO trabalho.comentarios_podcast_usuario VALUES ('comment_460_4_0', 'Nihil aut sit debitis.', 'f0166bd2-8e4d-4308-b5d7-0b3d627c5dc5', 'usr_460');
INSERT INTO trabalho.log_acesso VALUES ('log_460_0_0', 'f0166bd2-8e4d-4308-b5d7-0b3d627c5dc5', 'usr_460');
INSERT INTO trabalho.log_acesso VALUES ('log_460_1_0', 'f0166bd2-8e4d-4308-b5d7-0b3d627c5dc5', 'usr_460');
INSERT INTO trabalho.log_acesso VALUES ('log_460_2_0', 'f0166bd2-8e4d-4308-b5d7-0b3d627c5dc5', 'usr_460');
INSERT INTO trabalho.usuario_esta_inscrito_no_podcast VALUES (4, '219328a1-cec6-4e8c-b003-52a3ec9766bb', 'usr_460');
INSERT INTO trabalho.comentarios_podcast_usuario VALUES ('comment_460_0_1', 'Qui iure autem temporibus molestiae fugit.', '219328a1-cec6-4e8c-b003-52a3ec9766bb', 'usr_460');
INSERT INTO trabalho.comentarios_podcast_usuario VALUES ('comment_460_1_1', 'Impedit et occaecati impedit qui aperiam in ut laboriosam.', '219328a1-cec6-4e8c-b003-52a3ec9766bb', 'usr_460');
INSERT INTO trabalho.comentarios_podcast_usuario VALUES ('comment_460_2_1', 'Et explicabo alias quia unde rerum est tempora ratione iste.', '219328a1-cec6-4e8c-b003-52a3ec9766bb', 'usr_460');
INSERT INTO trabalho.log_acesso VALUES ('log_460_0_1', '219328a1-cec6-4e8c-b003-52a3ec9766bb', 'usr_460');
INSERT INTO trabalho.log_acesso VALUES ('log_460_1_1', '219328a1-cec6-4e8c-b003-52a3ec9766bb', 'usr_460');
INSERT INTO trabalho.log_acesso VALUES ('log_460_2_1', '219328a1-cec6-4e8c-b003-52a3ec9766bb', 'usr_460');
INSERT INTO trabalho.usuario_esta_inscrito_no_podcast VALUES (4, 'f1b92ce7-47a7-43cd-8586-4a09185cdd05', 'usr_460');
INSERT INTO trabalho.comentarios_podcast_usuario VALUES ('comment_460_0_2', 'Quia corrupti cupiditate necessitatibus voluptates vel officia quas sit.', 'f1b92ce7-47a7-43cd-8586-4a09185cdd05', 'usr_460');
INSERT INTO trabalho.comentarios_podcast_usuario VALUES ('comment_460_1_2', 'Fuga sequi enim praesentium consequatur explicabo minus autem.', 'f1b92ce7-47a7-43cd-8586-4a09185cdd05', 'usr_460');
INSERT INTO trabalho.log_acesso VALUES ('log_460_0_2', 'f1b92ce7-47a7-43cd-8586-4a09185cdd05', 'usr_460');
INSERT INTO trabalho.log_acesso VALUES ('log_460_1_2', 'f1b92ce7-47a7-43cd-8586-4a09185cdd05', 'usr_460');
INSERT INTO trabalho.log_acesso VALUES ('log_460_2_2', 'f1b92ce7-47a7-43cd-8586-4a09185cdd05', 'usr_460');
INSERT INTO trabalho.usuario VALUES ('usr_461', '461_Nicolas.Reis39@live.com', 'Nicolas Reis', 'male', 17, trabalho.hashPassword('Password123'), 'Maurícia');
INSERT INTO trabalho.usuario_esta_inscrito_no_podcast VALUES (3, 'f8e13774-d631-4f34-93f0-2f5d55590265', 'usr_461');
INSERT INTO trabalho.comentarios_podcast_usuario VALUES ('comment_461_0_0', 'Quia placeat error nemo mollitia dignissimos.', 'f8e13774-d631-4f34-93f0-2f5d55590265', 'usr_461');
INSERT INTO trabalho.log_acesso VALUES ('log_461_0_0', 'f8e13774-d631-4f34-93f0-2f5d55590265', 'usr_461');
INSERT INTO trabalho.log_acesso VALUES ('log_461_1_0', 'f8e13774-d631-4f34-93f0-2f5d55590265', 'usr_461');
INSERT INTO trabalho.usuario_esta_inscrito_no_podcast VALUES (3, '67074e68-bc2f-442b-8af2-7d328b6af6eb', 'usr_461');
INSERT INTO trabalho.comentarios_podcast_usuario VALUES ('comment_461_0_1', 'Ipsum dolorum est qui suscipit ut.', '67074e68-bc2f-442b-8af2-7d328b6af6eb', 'usr_461');
INSERT INTO trabalho.comentarios_podcast_usuario VALUES ('comment_461_1_1', 'Molestiae pariatur provident.', '67074e68-bc2f-442b-8af2-7d328b6af6eb', 'usr_461');
INSERT INTO trabalho.comentarios_podcast_usuario VALUES ('comment_461_2_1', 'Temporibus aut et.', '67074e68-bc2f-442b-8af2-7d328b6af6eb', 'usr_461');
INSERT INTO trabalho.comentarios_podcast_usuario VALUES ('comment_461_3_1', 'Ea consequuntur a at aperiam quia itaque et ea.', '67074e68-bc2f-442b-8af2-7d328b6af6eb', 'usr_461');
INSERT INTO trabalho.comentarios_podcast_usuario VALUES ('comment_461_4_1', 'Est consequatur qui.', '67074e68-bc2f-442b-8af2-7d328b6af6eb', 'usr_461');
INSERT INTO trabalho.comentarios_podcast_usuario VALUES ('comment_461_5_1', 'Ipsam facilis at omnis velit qui ea mollitia itaque.', '67074e68-bc2f-442b-8af2-7d328b6af6eb', 'usr_461');
INSERT INTO trabalho.log_acesso VALUES ('log_461_0_1', '67074e68-bc2f-442b-8af2-7d328b6af6eb', 'usr_461');
INSERT INTO trabalho.log_acesso VALUES ('log_461_1_1', '67074e68-bc2f-442b-8af2-7d328b6af6eb', 'usr_461');
INSERT INTO trabalho.log_acesso VALUES ('log_461_2_1', '67074e68-bc2f-442b-8af2-7d328b6af6eb', 'usr_461');
INSERT INTO trabalho.log_acesso VALUES ('log_461_3_1', '67074e68-bc2f-442b-8af2-7d328b6af6eb', 'usr_461');
INSERT INTO trabalho.log_acesso VALUES ('log_461_4_1', '67074e68-bc2f-442b-8af2-7d328b6af6eb', 'usr_461');
INSERT INTO trabalho.usuario_esta_inscrito_no_podcast VALUES (4, 'c58b280a-56d4-4ad8-8c85-730e4ea86361', 'usr_461');
INSERT INTO trabalho.comentarios_podcast_usuario VALUES ('comment_461_0_2', 'Nobis excepturi reprehenderit voluptatem.', 'c58b280a-56d4-4ad8-8c85-730e4ea86361', 'usr_461');
INSERT INTO trabalho.comentarios_podcast_usuario VALUES ('comment_461_1_2', 'Ut consequatur dolores et.', 'c58b280a-56d4-4ad8-8c85-730e4ea86361', 'usr_461');
INSERT INTO trabalho.log_acesso VALUES ('log_461_0_2', 'c58b280a-56d4-4ad8-8c85-730e4ea86361', 'usr_461');
INSERT INTO trabalho.log_acesso VALUES ('log_461_1_2', 'c58b280a-56d4-4ad8-8c85-730e4ea86361', 'usr_461');
INSERT INTO trabalho.log_acesso VALUES ('log_461_2_2', 'c58b280a-56d4-4ad8-8c85-730e4ea86361', 'usr_461');
INSERT INTO trabalho.log_acesso VALUES ('log_461_3_2', 'c58b280a-56d4-4ad8-8c85-730e4ea86361', 'usr_461');
INSERT INTO trabalho.usuario VALUES ('usr_462', '462_Natlia_Nogueira@yahoo.com', 'Natália Nogueira', 'female', 3, trabalho.hashPassword('Password123'), 'Brunei');
INSERT INTO trabalho.usuario_esta_inscrito_no_podcast VALUES (4, 'fa3abe16-3645-4d22-a01d-893e6f20c408', 'usr_462');
INSERT INTO trabalho.comentarios_podcast_usuario VALUES ('comment_462_0_0', 'Neque sit sunt facilis.', 'fa3abe16-3645-4d22-a01d-893e6f20c408', 'usr_462');
INSERT INTO trabalho.comentarios_podcast_usuario VALUES ('comment_462_1_0', 'Inventore dolores placeat exercitationem consequatur distinctio quo omnis praesentium et.', 'fa3abe16-3645-4d22-a01d-893e6f20c408', 'usr_462');
INSERT INTO trabalho.comentarios_podcast_usuario VALUES ('comment_462_2_0', 'Ullam unde nihil vero sint corporis expedita reprehenderit laudantium.', 'fa3abe16-3645-4d22-a01d-893e6f20c408', 'usr_462');
INSERT INTO trabalho.log_acesso VALUES ('log_462_0_0', 'fa3abe16-3645-4d22-a01d-893e6f20c408', 'usr_462');
INSERT INTO trabalho.log_acesso VALUES ('log_462_1_0', 'fa3abe16-3645-4d22-a01d-893e6f20c408', 'usr_462');
INSERT INTO trabalho.log_acesso VALUES ('log_462_2_0', 'fa3abe16-3645-4d22-a01d-893e6f20c408', 'usr_462');
INSERT INTO trabalho.log_acesso VALUES ('log_462_3_0', 'fa3abe16-3645-4d22-a01d-893e6f20c408', 'usr_462');
INSERT INTO trabalho.log_acesso VALUES ('log_462_4_0', 'fa3abe16-3645-4d22-a01d-893e6f20c408', 'usr_462');
INSERT INTO trabalho.log_acesso VALUES ('log_462_5_0', 'fa3abe16-3645-4d22-a01d-893e6f20c408', 'usr_462');
INSERT INTO trabalho.usuario_esta_inscrito_no_podcast VALUES (0, '7e429e8e-7669-403d-bb78-3cd7f9f75afd', 'usr_462');
INSERT INTO trabalho.comentarios_podcast_usuario VALUES ('comment_462_0_1', 'Sit quia dolore eligendi quia excepturi.', '7e429e8e-7669-403d-bb78-3cd7f9f75afd', 'usr_462');
INSERT INTO trabalho.comentarios_podcast_usuario VALUES ('comment_462_1_1', 'Cum placeat laborum deserunt.', '7e429e8e-7669-403d-bb78-3cd7f9f75afd', 'usr_462');
INSERT INTO trabalho.comentarios_podcast_usuario VALUES ('comment_462_2_1', 'Fuga ut vel aspernatur quisquam minima culpa consequuntur aut.', '7e429e8e-7669-403d-bb78-3cd7f9f75afd', 'usr_462');
INSERT INTO trabalho.comentarios_podcast_usuario VALUES ('comment_462_3_1', 'Dolorum consequatur quia earum totam inventore.', '7e429e8e-7669-403d-bb78-3cd7f9f75afd', 'usr_462');
INSERT INTO trabalho.log_acesso VALUES ('log_462_0_1', '7e429e8e-7669-403d-bb78-3cd7f9f75afd', 'usr_462');
INSERT INTO trabalho.log_acesso VALUES ('log_462_1_1', '7e429e8e-7669-403d-bb78-3cd7f9f75afd', 'usr_462');
INSERT INTO trabalho.usuario_esta_inscrito_no_podcast VALUES (0, 'f8e13774-d631-4f34-93f0-2f5d55590265', 'usr_462');
INSERT INTO trabalho.comentarios_podcast_usuario VALUES ('comment_462_0_2', 'Ea quisquam repellendus consequuntur ut repudiandae facere nam.', 'f8e13774-d631-4f34-93f0-2f5d55590265', 'usr_462');
INSERT INTO trabalho.comentarios_podcast_usuario VALUES ('comment_462_1_2', 'Laboriosam mollitia aut beatae corporis dolore id itaque ut harum.', 'f8e13774-d631-4f34-93f0-2f5d55590265', 'usr_462');
INSERT INTO trabalho.comentarios_podcast_usuario VALUES ('comment_462_2_2', 'Quo aut eos a similique dolores eum.', 'f8e13774-d631-4f34-93f0-2f5d55590265', 'usr_462');
INSERT INTO trabalho.comentarios_podcast_usuario VALUES ('comment_462_3_2', 'Aut et voluptates quia maxime vel eum sit.', 'f8e13774-d631-4f34-93f0-2f5d55590265', 'usr_462');
INSERT INTO trabalho.log_acesso VALUES ('log_462_0_2', 'f8e13774-d631-4f34-93f0-2f5d55590265', 'usr_462');
INSERT INTO trabalho.log_acesso VALUES ('log_462_1_2', 'f8e13774-d631-4f34-93f0-2f5d55590265', 'usr_462');
INSERT INTO trabalho.usuario VALUES ('usr_463', '463_Isis_Souza45@gmail.com', 'Isis Souza', 'female', 57, trabalho.hashPassword('Password123'), 'Nauru');
INSERT INTO trabalho.usuario_esta_inscrito_no_podcast VALUES (2, 'f0166bd2-8e4d-4308-b5d7-0b3d627c5dc5', 'usr_463');
INSERT INTO trabalho.comentarios_podcast_usuario VALUES ('comment_463_0_0', 'Temporibus cum est quidem eum non consequatur accusantium.', 'f0166bd2-8e4d-4308-b5d7-0b3d627c5dc5', 'usr_463');
INSERT INTO trabalho.comentarios_podcast_usuario VALUES ('comment_463_1_0', 'Ipsum neque maxime omnis omnis temporibus soluta animi.', 'f0166bd2-8e4d-4308-b5d7-0b3d627c5dc5', 'usr_463');
INSERT INTO trabalho.log_acesso VALUES ('log_463_0_0', 'f0166bd2-8e4d-4308-b5d7-0b3d627c5dc5', 'usr_463');
INSERT INTO trabalho.log_acesso VALUES ('log_463_1_0', 'f0166bd2-8e4d-4308-b5d7-0b3d627c5dc5', 'usr_463');
INSERT INTO trabalho.log_acesso VALUES ('log_463_2_0', 'f0166bd2-8e4d-4308-b5d7-0b3d627c5dc5', 'usr_463');
INSERT INTO trabalho.log_acesso VALUES ('log_463_3_0', 'f0166bd2-8e4d-4308-b5d7-0b3d627c5dc5', 'usr_463');
INSERT INTO trabalho.log_acesso VALUES ('log_463_4_0', 'f0166bd2-8e4d-4308-b5d7-0b3d627c5dc5', 'usr_463');
INSERT INTO trabalho.log_acesso VALUES ('log_463_5_0', 'f0166bd2-8e4d-4308-b5d7-0b3d627c5dc5', 'usr_463');
INSERT INTO trabalho.usuario_esta_inscrito_no_podcast VALUES (0, '168c1536-4c42-4b8f-8c77-f06affefec6a', 'usr_463');
INSERT INTO trabalho.comentarios_podcast_usuario VALUES ('comment_463_0_1', 'Excepturi et omnis consequatur quam qui libero.', '168c1536-4c42-4b8f-8c77-f06affefec6a', 'usr_463');
INSERT INTO trabalho.comentarios_podcast_usuario VALUES ('comment_463_1_1', 'Ut corporis voluptas id rerum assumenda.', '168c1536-4c42-4b8f-8c77-f06affefec6a', 'usr_463');
INSERT INTO trabalho.log_acesso VALUES ('log_463_0_1', '168c1536-4c42-4b8f-8c77-f06affefec6a', 'usr_463');
INSERT INTO trabalho.log_acesso VALUES ('log_463_1_1', '168c1536-4c42-4b8f-8c77-f06affefec6a', 'usr_463');
INSERT INTO trabalho.log_acesso VALUES ('log_463_2_1', '168c1536-4c42-4b8f-8c77-f06affefec6a', 'usr_463');
INSERT INTO trabalho.log_acesso VALUES ('log_463_3_1', '168c1536-4c42-4b8f-8c77-f06affefec6a', 'usr_463');
INSERT INTO trabalho.log_acesso VALUES ('log_463_4_1', '168c1536-4c42-4b8f-8c77-f06affefec6a', 'usr_463');
INSERT INTO trabalho.log_acesso VALUES ('log_463_5_1', '168c1536-4c42-4b8f-8c77-f06affefec6a', 'usr_463');
INSERT INTO trabalho.usuario_esta_inscrito_no_podcast VALUES (1, 'f1b92ce7-47a7-43cd-8586-4a09185cdd05', 'usr_463');
INSERT INTO trabalho.comentarios_podcast_usuario VALUES ('comment_463_0_2', 'Consequatur dolore voluptatem similique rerum ipsam autem.', 'f1b92ce7-47a7-43cd-8586-4a09185cdd05', 'usr_463');
INSERT INTO trabalho.comentarios_podcast_usuario VALUES ('comment_463_1_2', 'Illo aut est.', 'f1b92ce7-47a7-43cd-8586-4a09185cdd05', 'usr_463');
INSERT INTO trabalho.comentarios_podcast_usuario VALUES ('comment_463_2_2', 'Velit iusto similique eum quaerat tempora aspernatur qui et.', 'f1b92ce7-47a7-43cd-8586-4a09185cdd05', 'usr_463');
INSERT INTO trabalho.comentarios_podcast_usuario VALUES ('comment_463_3_2', 'Est est quia inventore et quos.', 'f1b92ce7-47a7-43cd-8586-4a09185cdd05', 'usr_463');
INSERT INTO trabalho.log_acesso VALUES ('log_463_0_2', 'f1b92ce7-47a7-43cd-8586-4a09185cdd05', 'usr_463');
INSERT INTO trabalho.log_acesso VALUES ('log_463_1_2', 'f1b92ce7-47a7-43cd-8586-4a09185cdd05', 'usr_463');
INSERT INTO trabalho.log_acesso VALUES ('log_463_2_2', 'f1b92ce7-47a7-43cd-8586-4a09185cdd05', 'usr_463');
INSERT INTO trabalho.usuario VALUES ('usr_464', '464_Cau_Pereira83@bol.com.br', 'Cauã Pereira', 'male', 44, trabalho.hashPassword('Password123'), 'Senegal');
INSERT INTO trabalho.usuario_esta_inscrito_no_podcast VALUES (5, '168c1536-4c42-4b8f-8c77-f06affefec6a', 'usr_464');
INSERT INTO trabalho.comentarios_podcast_usuario VALUES ('comment_464_0_0', 'Rerum dolorem nisi molestiae.', '168c1536-4c42-4b8f-8c77-f06affefec6a', 'usr_464');
INSERT INTO trabalho.comentarios_podcast_usuario VALUES ('comment_464_1_0', 'Voluptates unde totam aspernatur.', '168c1536-4c42-4b8f-8c77-f06affefec6a', 'usr_464');
INSERT INTO trabalho.comentarios_podcast_usuario VALUES ('comment_464_2_0', 'Accusantium recusandae eveniet ipsam nihil voluptatem quis optio est consequatur.', '168c1536-4c42-4b8f-8c77-f06affefec6a', 'usr_464');
INSERT INTO trabalho.log_acesso VALUES ('log_464_0_0', '168c1536-4c42-4b8f-8c77-f06affefec6a', 'usr_464');
INSERT INTO trabalho.log_acesso VALUES ('log_464_1_0', '168c1536-4c42-4b8f-8c77-f06affefec6a', 'usr_464');
INSERT INTO trabalho.log_acesso VALUES ('log_464_2_0', '168c1536-4c42-4b8f-8c77-f06affefec6a', 'usr_464');
INSERT INTO trabalho.log_acesso VALUES ('log_464_3_0', '168c1536-4c42-4b8f-8c77-f06affefec6a', 'usr_464');
INSERT INTO trabalho.usuario_esta_inscrito_no_podcast VALUES (2, 'bc8dac25-793c-4a96-aafc-4ea7020f4f60', 'usr_464');
INSERT INTO trabalho.comentarios_podcast_usuario VALUES ('comment_464_0_1', 'Adipisci libero vitae eum numquam sequi mollitia.', 'bc8dac25-793c-4a96-aafc-4ea7020f4f60', 'usr_464');
INSERT INTO trabalho.log_acesso VALUES ('log_464_0_1', 'bc8dac25-793c-4a96-aafc-4ea7020f4f60', 'usr_464');
INSERT INTO trabalho.log_acesso VALUES ('log_464_1_1', 'bc8dac25-793c-4a96-aafc-4ea7020f4f60', 'usr_464');
INSERT INTO trabalho.usuario_esta_inscrito_no_podcast VALUES (1, '5bdf7377-8330-4f9f-8efd-e95301c122ce', 'usr_464');
INSERT INTO trabalho.comentarios_podcast_usuario VALUES ('comment_464_0_2', 'Tenetur iusto recusandae ut voluptas sint maxime maiores voluptas temporibus.', '5bdf7377-8330-4f9f-8efd-e95301c122ce', 'usr_464');
INSERT INTO trabalho.log_acesso VALUES ('log_464_0_2', '5bdf7377-8330-4f9f-8efd-e95301c122ce', 'usr_464');
INSERT INTO trabalho.log_acesso VALUES ('log_464_1_2', '5bdf7377-8330-4f9f-8efd-e95301c122ce', 'usr_464');
INSERT INTO trabalho.log_acesso VALUES ('log_464_2_2', '5bdf7377-8330-4f9f-8efd-e95301c122ce', 'usr_464');
INSERT INTO trabalho.usuario VALUES ('usr_465', '465_Sophia.Albuquerque4@hotmail.com', 'Sophia Albuquerque', 'female', 13, trabalho.hashPassword('Password123'), 'Bahamas');
INSERT INTO trabalho.usuario_esta_inscrito_no_podcast VALUES (1, 'b553d865-8fe2-47de-9a30-10e1dea3bd1d', 'usr_465');
INSERT INTO trabalho.comentarios_podcast_usuario VALUES ('comment_465_0_0', 'Laboriosam et labore sint placeat assumenda aspernatur dolor.', 'b553d865-8fe2-47de-9a30-10e1dea3bd1d', 'usr_465');
INSERT INTO trabalho.comentarios_podcast_usuario VALUES ('comment_465_1_0', 'Ut iusto perspiciatis consequuntur in qui dolores voluptas quibusdam voluptatem.', 'b553d865-8fe2-47de-9a30-10e1dea3bd1d', 'usr_465');
INSERT INTO trabalho.log_acesso VALUES ('log_465_0_0', 'b553d865-8fe2-47de-9a30-10e1dea3bd1d', 'usr_465');
INSERT INTO trabalho.log_acesso VALUES ('log_465_1_0', 'b553d865-8fe2-47de-9a30-10e1dea3bd1d', 'usr_465');
INSERT INTO trabalho.log_acesso VALUES ('log_465_2_0', 'b553d865-8fe2-47de-9a30-10e1dea3bd1d', 'usr_465');
INSERT INTO trabalho.usuario_esta_inscrito_no_podcast VALUES (2, '5bdf7377-8330-4f9f-8efd-e95301c122ce', 'usr_465');
INSERT INTO trabalho.comentarios_podcast_usuario VALUES ('comment_465_0_1', 'Fugit enim molestias atque rem aut.', '5bdf7377-8330-4f9f-8efd-e95301c122ce', 'usr_465');
INSERT INTO trabalho.comentarios_podcast_usuario VALUES ('comment_465_1_1', 'Ducimus repellendus laborum iusto rerum.', '5bdf7377-8330-4f9f-8efd-e95301c122ce', 'usr_465');
INSERT INTO trabalho.comentarios_podcast_usuario VALUES ('comment_465_2_1', 'Hic facilis tempore quo harum.', '5bdf7377-8330-4f9f-8efd-e95301c122ce', 'usr_465');
INSERT INTO trabalho.log_acesso VALUES ('log_465_0_1', '5bdf7377-8330-4f9f-8efd-e95301c122ce', 'usr_465');
INSERT INTO trabalho.log_acesso VALUES ('log_465_1_1', '5bdf7377-8330-4f9f-8efd-e95301c122ce', 'usr_465');
INSERT INTO trabalho.log_acesso VALUES ('log_465_2_1', '5bdf7377-8330-4f9f-8efd-e95301c122ce', 'usr_465');
INSERT INTO trabalho.usuario_esta_inscrito_no_podcast VALUES (2, 'fa3abe16-3645-4d22-a01d-893e6f20c408', 'usr_465');
INSERT INTO trabalho.comentarios_podcast_usuario VALUES ('comment_465_0_2', 'Repellat nihil facilis aut.', 'fa3abe16-3645-4d22-a01d-893e6f20c408', 'usr_465');
INSERT INTO trabalho.comentarios_podcast_usuario VALUES ('comment_465_1_2', 'Velit rerum repellat ratione.', 'fa3abe16-3645-4d22-a01d-893e6f20c408', 'usr_465');
INSERT INTO trabalho.comentarios_podcast_usuario VALUES ('comment_465_2_2', 'Qui est sed ipsum veritatis ipsa.', 'fa3abe16-3645-4d22-a01d-893e6f20c408', 'usr_465');
INSERT INTO trabalho.log_acesso VALUES ('log_465_0_2', 'fa3abe16-3645-4d22-a01d-893e6f20c408', 'usr_465');
INSERT INTO trabalho.log_acesso VALUES ('log_465_1_2', 'fa3abe16-3645-4d22-a01d-893e6f20c408', 'usr_465');
INSERT INTO trabalho.log_acesso VALUES ('log_465_2_2', 'fa3abe16-3645-4d22-a01d-893e6f20c408', 'usr_465');
INSERT INTO trabalho.log_acesso VALUES ('log_465_3_2', 'fa3abe16-3645-4d22-a01d-893e6f20c408', 'usr_465');
INSERT INTO trabalho.usuario VALUES ('usr_466', '466_Elisa_Carvalho63@live.com', 'Elisa Carvalho', 'female', 35, trabalho.hashPassword('Password123'), 'Quênia');
INSERT INTO trabalho.usuario_esta_inscrito_no_podcast VALUES (0, 'b553d865-8fe2-47de-9a30-10e1dea3bd1d', 'usr_466');
INSERT INTO trabalho.comentarios_podcast_usuario VALUES ('comment_466_0_0', 'Omnis dolore nihil.', 'b553d865-8fe2-47de-9a30-10e1dea3bd1d', 'usr_466');
INSERT INTO trabalho.comentarios_podcast_usuario VALUES ('comment_466_1_0', 'Tempore modi ut placeat magnam.', 'b553d865-8fe2-47de-9a30-10e1dea3bd1d', 'usr_466');
INSERT INTO trabalho.comentarios_podcast_usuario VALUES ('comment_466_2_0', 'Ut inventore vel iste autem explicabo deserunt quidem.', 'b553d865-8fe2-47de-9a30-10e1dea3bd1d', 'usr_466');
INSERT INTO trabalho.comentarios_podcast_usuario VALUES ('comment_466_3_0', 'Et et corporis rem.', 'b553d865-8fe2-47de-9a30-10e1dea3bd1d', 'usr_466');
INSERT INTO trabalho.log_acesso VALUES ('log_466_0_0', 'b553d865-8fe2-47de-9a30-10e1dea3bd1d', 'usr_466');
INSERT INTO trabalho.log_acesso VALUES ('log_466_1_0', 'b553d865-8fe2-47de-9a30-10e1dea3bd1d', 'usr_466');
INSERT INTO trabalho.log_acesso VALUES ('log_466_2_0', 'b553d865-8fe2-47de-9a30-10e1dea3bd1d', 'usr_466');
INSERT INTO trabalho.log_acesso VALUES ('log_466_3_0', 'b553d865-8fe2-47de-9a30-10e1dea3bd1d', 'usr_466');
INSERT INTO trabalho.log_acesso VALUES ('log_466_4_0', 'b553d865-8fe2-47de-9a30-10e1dea3bd1d', 'usr_466');
INSERT INTO trabalho.log_acesso VALUES ('log_466_5_0', 'b553d865-8fe2-47de-9a30-10e1dea3bd1d', 'usr_466');
INSERT INTO trabalho.usuario_esta_inscrito_no_podcast VALUES (0, 'f8e13774-d631-4f34-93f0-2f5d55590265', 'usr_466');
INSERT INTO trabalho.comentarios_podcast_usuario VALUES ('comment_466_0_1', 'Iusto illum quibusdam harum reiciendis harum et ut placeat nihil.', 'f8e13774-d631-4f34-93f0-2f5d55590265', 'usr_466');
INSERT INTO trabalho.comentarios_podcast_usuario VALUES ('comment_466_1_1', 'Amet laborum officiis aspernatur ut.', 'f8e13774-d631-4f34-93f0-2f5d55590265', 'usr_466');
INSERT INTO trabalho.comentarios_podcast_usuario VALUES ('comment_466_2_1', 'Non ipsum distinctio voluptatibus iusto exercitationem maxime.', 'f8e13774-d631-4f34-93f0-2f5d55590265', 'usr_466');
INSERT INTO trabalho.log_acesso VALUES ('log_466_0_1', 'f8e13774-d631-4f34-93f0-2f5d55590265', 'usr_466');
INSERT INTO trabalho.log_acesso VALUES ('log_466_1_1', 'f8e13774-d631-4f34-93f0-2f5d55590265', 'usr_466');
INSERT INTO trabalho.log_acesso VALUES ('log_466_2_1', 'f8e13774-d631-4f34-93f0-2f5d55590265', 'usr_466');
INSERT INTO trabalho.usuario_esta_inscrito_no_podcast VALUES (0, 'c58b280a-56d4-4ad8-8c85-730e4ea86361', 'usr_466');
INSERT INTO trabalho.comentarios_podcast_usuario VALUES ('comment_466_0_2', 'Aperiam cum aut occaecati libero rem.', 'c58b280a-56d4-4ad8-8c85-730e4ea86361', 'usr_466');
INSERT INTO trabalho.comentarios_podcast_usuario VALUES ('comment_466_1_2', 'Nisi nemo qui possimus.', 'c58b280a-56d4-4ad8-8c85-730e4ea86361', 'usr_466');
INSERT INTO trabalho.log_acesso VALUES ('log_466_0_2', 'c58b280a-56d4-4ad8-8c85-730e4ea86361', 'usr_466');
INSERT INTO trabalho.log_acesso VALUES ('log_466_1_2', 'c58b280a-56d4-4ad8-8c85-730e4ea86361', 'usr_466');
INSERT INTO trabalho.log_acesso VALUES ('log_466_2_2', 'c58b280a-56d4-4ad8-8c85-730e4ea86361', 'usr_466');
INSERT INTO trabalho.log_acesso VALUES ('log_466_3_2', 'c58b280a-56d4-4ad8-8c85-730e4ea86361', 'usr_466');
INSERT INTO trabalho.log_acesso VALUES ('log_466_4_2', 'c58b280a-56d4-4ad8-8c85-730e4ea86361', 'usr_466');
INSERT INTO trabalho.usuario VALUES ('usr_467', '467_Alice_Carvalho19@gmail.com', 'Alice Carvalho', 'female', 45, trabalho.hashPassword('Password123'), 'República Dominicana');
INSERT INTO trabalho.usuario_esta_inscrito_no_podcast VALUES (3, 'af46a958-b921-47b6-9f87-5c4fdc68ea79', 'usr_467');
INSERT INTO trabalho.comentarios_podcast_usuario VALUES ('comment_467_0_0', 'Alias nostrum asperiores facere occaecati sunt saepe et necessitatibus.', 'af46a958-b921-47b6-9f87-5c4fdc68ea79', 'usr_467');
INSERT INTO trabalho.log_acesso VALUES ('log_467_0_0', 'af46a958-b921-47b6-9f87-5c4fdc68ea79', 'usr_467');
INSERT INTO trabalho.log_acesso VALUES ('log_467_1_0', 'af46a958-b921-47b6-9f87-5c4fdc68ea79', 'usr_467');
INSERT INTO trabalho.log_acesso VALUES ('log_467_2_0', 'af46a958-b921-47b6-9f87-5c4fdc68ea79', 'usr_467');
INSERT INTO trabalho.usuario_esta_inscrito_no_podcast VALUES (5, 'f1b92ce7-47a7-43cd-8586-4a09185cdd05', 'usr_467');
INSERT INTO trabalho.comentarios_podcast_usuario VALUES ('comment_467_0_1', 'Aut quasi corrupti molestias ratione.', 'f1b92ce7-47a7-43cd-8586-4a09185cdd05', 'usr_467');
INSERT INTO trabalho.comentarios_podcast_usuario VALUES ('comment_467_1_1', 'Et aut magni et quis et delectus.', 'f1b92ce7-47a7-43cd-8586-4a09185cdd05', 'usr_467');
INSERT INTO trabalho.comentarios_podcast_usuario VALUES ('comment_467_2_1', 'Aut autem a distinctio vero ex facere distinctio et sint.', 'f1b92ce7-47a7-43cd-8586-4a09185cdd05', 'usr_467');
INSERT INTO trabalho.log_acesso VALUES ('log_467_0_1', 'f1b92ce7-47a7-43cd-8586-4a09185cdd05', 'usr_467');
INSERT INTO trabalho.log_acesso VALUES ('log_467_1_1', 'f1b92ce7-47a7-43cd-8586-4a09185cdd05', 'usr_467');
INSERT INTO trabalho.log_acesso VALUES ('log_467_2_1', 'f1b92ce7-47a7-43cd-8586-4a09185cdd05', 'usr_467');
INSERT INTO trabalho.usuario_esta_inscrito_no_podcast VALUES (2, '168c1536-4c42-4b8f-8c77-f06affefec6a', 'usr_467');
INSERT INTO trabalho.comentarios_podcast_usuario VALUES ('comment_467_0_2', 'Eum ullam esse odit.', '168c1536-4c42-4b8f-8c77-f06affefec6a', 'usr_467');
INSERT INTO trabalho.comentarios_podcast_usuario VALUES ('comment_467_1_2', 'Consectetur harum dolor magni qui et.', '168c1536-4c42-4b8f-8c77-f06affefec6a', 'usr_467');
INSERT INTO trabalho.comentarios_podcast_usuario VALUES ('comment_467_2_2', 'Et minus dicta necessitatibus suscipit totam libero.', '168c1536-4c42-4b8f-8c77-f06affefec6a', 'usr_467');
INSERT INTO trabalho.log_acesso VALUES ('log_467_0_2', '168c1536-4c42-4b8f-8c77-f06affefec6a', 'usr_467');
INSERT INTO trabalho.log_acesso VALUES ('log_467_1_2', '168c1536-4c42-4b8f-8c77-f06affefec6a', 'usr_467');
INSERT INTO trabalho.log_acesso VALUES ('log_467_2_2', '168c1536-4c42-4b8f-8c77-f06affefec6a', 'usr_467');
INSERT INTO trabalho.log_acesso VALUES ('log_467_3_2', '168c1536-4c42-4b8f-8c77-f06affefec6a', 'usr_467');
INSERT INTO trabalho.log_acesso VALUES ('log_467_4_2', '168c1536-4c42-4b8f-8c77-f06affefec6a', 'usr_467');
INSERT INTO trabalho.usuario VALUES ('usr_468', '468_Guilherme_Souza@bol.com.br', 'Guilherme Souza', 'male', 38, trabalho.hashPassword('Password123'), 'Bolívia');
INSERT INTO trabalho.usuario_esta_inscrito_no_podcast VALUES (3, 'fa3abe16-3645-4d22-a01d-893e6f20c408', 'usr_468');
INSERT INTO trabalho.comentarios_podcast_usuario VALUES ('comment_468_0_0', 'Et iure et maiores aut ex.', 'fa3abe16-3645-4d22-a01d-893e6f20c408', 'usr_468');
INSERT INTO trabalho.comentarios_podcast_usuario VALUES ('comment_468_1_0', 'Quasi molestias laboriosam quia voluptatem placeat aspernatur.', 'fa3abe16-3645-4d22-a01d-893e6f20c408', 'usr_468');
INSERT INTO trabalho.comentarios_podcast_usuario VALUES ('comment_468_2_0', 'Mollitia libero quam in qui.', 'fa3abe16-3645-4d22-a01d-893e6f20c408', 'usr_468');
INSERT INTO trabalho.comentarios_podcast_usuario VALUES ('comment_468_3_0', 'Impedit et aspernatur expedita sunt quis ipsa sed asperiores.', 'fa3abe16-3645-4d22-a01d-893e6f20c408', 'usr_468');
INSERT INTO trabalho.comentarios_podcast_usuario VALUES ('comment_468_4_0', 'Fuga qui at praesentium reprehenderit accusantium ut architecto.', 'fa3abe16-3645-4d22-a01d-893e6f20c408', 'usr_468');
INSERT INTO trabalho.comentarios_podcast_usuario VALUES ('comment_468_5_0', 'Voluptates sit aliquid ut et odio eveniet.', 'fa3abe16-3645-4d22-a01d-893e6f20c408', 'usr_468');
INSERT INTO trabalho.log_acesso VALUES ('log_468_0_0', 'fa3abe16-3645-4d22-a01d-893e6f20c408', 'usr_468');
INSERT INTO trabalho.log_acesso VALUES ('log_468_1_0', 'fa3abe16-3645-4d22-a01d-893e6f20c408', 'usr_468');
INSERT INTO trabalho.usuario_esta_inscrito_no_podcast VALUES (2, '5bdf7377-8330-4f9f-8efd-e95301c122ce', 'usr_468');
INSERT INTO trabalho.comentarios_podcast_usuario VALUES ('comment_468_0_1', 'Est sit porro ea provident accusamus hic.', '5bdf7377-8330-4f9f-8efd-e95301c122ce', 'usr_468');
INSERT INTO trabalho.comentarios_podcast_usuario VALUES ('comment_468_1_1', 'Et nam temporibus asperiores.', '5bdf7377-8330-4f9f-8efd-e95301c122ce', 'usr_468');
INSERT INTO trabalho.comentarios_podcast_usuario VALUES ('comment_468_2_1', 'Iure quia nihil ut reiciendis.', '5bdf7377-8330-4f9f-8efd-e95301c122ce', 'usr_468');
INSERT INTO trabalho.comentarios_podcast_usuario VALUES ('comment_468_3_1', 'Minus nisi eos sunt similique rem.', '5bdf7377-8330-4f9f-8efd-e95301c122ce', 'usr_468');
INSERT INTO trabalho.log_acesso VALUES ('log_468_0_1', '5bdf7377-8330-4f9f-8efd-e95301c122ce', 'usr_468');
INSERT INTO trabalho.log_acesso VALUES ('log_468_1_1', '5bdf7377-8330-4f9f-8efd-e95301c122ce', 'usr_468');
INSERT INTO trabalho.log_acesso VALUES ('log_468_2_1', '5bdf7377-8330-4f9f-8efd-e95301c122ce', 'usr_468');
INSERT INTO trabalho.log_acesso VALUES ('log_468_3_1', '5bdf7377-8330-4f9f-8efd-e95301c122ce', 'usr_468');
INSERT INTO trabalho.log_acesso VALUES ('log_468_4_1', '5bdf7377-8330-4f9f-8efd-e95301c122ce', 'usr_468');
INSERT INTO trabalho.log_acesso VALUES ('log_468_5_1', '5bdf7377-8330-4f9f-8efd-e95301c122ce', 'usr_468');
INSERT INTO trabalho.usuario_esta_inscrito_no_podcast VALUES (0, '168c1536-4c42-4b8f-8c77-f06affefec6a', 'usr_468');
INSERT INTO trabalho.comentarios_podcast_usuario VALUES ('comment_468_0_2', 'Id fugiat blanditiis voluptatem qui illum a aut voluptas.', '168c1536-4c42-4b8f-8c77-f06affefec6a', 'usr_468');
INSERT INTO trabalho.comentarios_podcast_usuario VALUES ('comment_468_1_2', 'Qui accusamus ut sit ad non dicta.', '168c1536-4c42-4b8f-8c77-f06affefec6a', 'usr_468');
INSERT INTO trabalho.log_acesso VALUES ('log_468_0_2', '168c1536-4c42-4b8f-8c77-f06affefec6a', 'usr_468');
INSERT INTO trabalho.log_acesso VALUES ('log_468_1_2', '168c1536-4c42-4b8f-8c77-f06affefec6a', 'usr_468');
INSERT INTO trabalho.log_acesso VALUES ('log_468_2_2', '168c1536-4c42-4b8f-8c77-f06affefec6a', 'usr_468');
INSERT INTO trabalho.log_acesso VALUES ('log_468_3_2', '168c1536-4c42-4b8f-8c77-f06affefec6a', 'usr_468');
INSERT INTO trabalho.usuario VALUES ('usr_469', '469_Beatriz_Melo60@bol.com.br', 'Beatriz Melo', 'female', 4, trabalho.hashPassword('Password123'), 'Gibraltar');
INSERT INTO trabalho.usuario_esta_inscrito_no_podcast VALUES (4, 'af46a958-b921-47b6-9f87-5c4fdc68ea79', 'usr_469');
INSERT INTO trabalho.comentarios_podcast_usuario VALUES ('comment_469_0_0', 'Vero quo omnis minima quis quasi vel tenetur.', 'af46a958-b921-47b6-9f87-5c4fdc68ea79', 'usr_469');
INSERT INTO trabalho.comentarios_podcast_usuario VALUES ('comment_469_1_0', 'Repudiandae cupiditate quisquam praesentium eius modi et eum.', 'af46a958-b921-47b6-9f87-5c4fdc68ea79', 'usr_469');
INSERT INTO trabalho.log_acesso VALUES ('log_469_0_0', 'af46a958-b921-47b6-9f87-5c4fdc68ea79', 'usr_469');
INSERT INTO trabalho.log_acesso VALUES ('log_469_1_0', 'af46a958-b921-47b6-9f87-5c4fdc68ea79', 'usr_469');
INSERT INTO trabalho.log_acesso VALUES ('log_469_2_0', 'af46a958-b921-47b6-9f87-5c4fdc68ea79', 'usr_469');
INSERT INTO trabalho.log_acesso VALUES ('log_469_3_0', 'af46a958-b921-47b6-9f87-5c4fdc68ea79', 'usr_469');
INSERT INTO trabalho.usuario_esta_inscrito_no_podcast VALUES (3, '219328a1-cec6-4e8c-b003-52a3ec9766bb', 'usr_469');
INSERT INTO trabalho.comentarios_podcast_usuario VALUES ('comment_469_0_1', 'Sint ut voluptatum quis ut excepturi beatae accusantium necessitatibus sed.', '219328a1-cec6-4e8c-b003-52a3ec9766bb', 'usr_469');
INSERT INTO trabalho.comentarios_podcast_usuario VALUES ('comment_469_1_1', 'Consectetur voluptates repellat dolorem odit optio.', '219328a1-cec6-4e8c-b003-52a3ec9766bb', 'usr_469');
INSERT INTO trabalho.comentarios_podcast_usuario VALUES ('comment_469_2_1', 'Quaerat iusto unde velit aut ad ut dolore.', '219328a1-cec6-4e8c-b003-52a3ec9766bb', 'usr_469');
INSERT INTO trabalho.comentarios_podcast_usuario VALUES ('comment_469_3_1', 'Quasi rem est.', '219328a1-cec6-4e8c-b003-52a3ec9766bb', 'usr_469');
INSERT INTO trabalho.comentarios_podcast_usuario VALUES ('comment_469_4_1', 'Impedit autem quas consequatur esse esse.', '219328a1-cec6-4e8c-b003-52a3ec9766bb', 'usr_469');
INSERT INTO trabalho.comentarios_podcast_usuario VALUES ('comment_469_5_1', 'Omnis repellendus et culpa quo et.', '219328a1-cec6-4e8c-b003-52a3ec9766bb', 'usr_469');
INSERT INTO trabalho.log_acesso VALUES ('log_469_0_1', '219328a1-cec6-4e8c-b003-52a3ec9766bb', 'usr_469');
INSERT INTO trabalho.log_acesso VALUES ('log_469_1_1', '219328a1-cec6-4e8c-b003-52a3ec9766bb', 'usr_469');
INSERT INTO trabalho.log_acesso VALUES ('log_469_2_1', '219328a1-cec6-4e8c-b003-52a3ec9766bb', 'usr_469');
INSERT INTO trabalho.log_acesso VALUES ('log_469_3_1', '219328a1-cec6-4e8c-b003-52a3ec9766bb', 'usr_469');
INSERT INTO trabalho.log_acesso VALUES ('log_469_4_1', '219328a1-cec6-4e8c-b003-52a3ec9766bb', 'usr_469');
INSERT INTO trabalho.usuario_esta_inscrito_no_podcast VALUES (1, 'fa3abe16-3645-4d22-a01d-893e6f20c408', 'usr_469');
INSERT INTO trabalho.comentarios_podcast_usuario VALUES ('comment_469_0_2', 'Et asperiores beatae sit vel quisquam dicta pariatur ipsum unde.', 'fa3abe16-3645-4d22-a01d-893e6f20c408', 'usr_469');
INSERT INTO trabalho.comentarios_podcast_usuario VALUES ('comment_469_1_2', 'Ut debitis nihil inventore sit ut.', 'fa3abe16-3645-4d22-a01d-893e6f20c408', 'usr_469');
INSERT INTO trabalho.comentarios_podcast_usuario VALUES ('comment_469_2_2', 'Commodi qui incidunt.', 'fa3abe16-3645-4d22-a01d-893e6f20c408', 'usr_469');
INSERT INTO trabalho.log_acesso VALUES ('log_469_0_2', 'fa3abe16-3645-4d22-a01d-893e6f20c408', 'usr_469');
INSERT INTO trabalho.log_acesso VALUES ('log_469_1_2', 'fa3abe16-3645-4d22-a01d-893e6f20c408', 'usr_469');
INSERT INTO trabalho.log_acesso VALUES ('log_469_2_2', 'fa3abe16-3645-4d22-a01d-893e6f20c408', 'usr_469');
INSERT INTO trabalho.usuario VALUES ('usr_470', '470_MariaHelena_Macedo75@hotmail.com', 'Maria Helena Macedo', 'female', 10, trabalho.hashPassword('Password123'), 'São Martinho');
INSERT INTO trabalho.usuario_esta_inscrito_no_podcast VALUES (2, 'de2f0ddb-9903-436a-a5e2-54224254c818', 'usr_470');
INSERT INTO trabalho.comentarios_podcast_usuario VALUES ('comment_470_0_0', 'Dolores possimus minima error temporibus aperiam itaque odit explicabo.', 'de2f0ddb-9903-436a-a5e2-54224254c818', 'usr_470');
INSERT INTO trabalho.comentarios_podcast_usuario VALUES ('comment_470_1_0', 'Corrupti qui similique quia voluptate.', 'de2f0ddb-9903-436a-a5e2-54224254c818', 'usr_470');
INSERT INTO trabalho.comentarios_podcast_usuario VALUES ('comment_470_2_0', 'Inventore deserunt ea eaque et quas mollitia sunt facilis dolorum.', 'de2f0ddb-9903-436a-a5e2-54224254c818', 'usr_470');
INSERT INTO trabalho.log_acesso VALUES ('log_470_0_0', 'de2f0ddb-9903-436a-a5e2-54224254c818', 'usr_470');
INSERT INTO trabalho.log_acesso VALUES ('log_470_1_0', 'de2f0ddb-9903-436a-a5e2-54224254c818', 'usr_470');
INSERT INTO trabalho.log_acesso VALUES ('log_470_2_0', 'de2f0ddb-9903-436a-a5e2-54224254c818', 'usr_470');
INSERT INTO trabalho.usuario_esta_inscrito_no_podcast VALUES (5, '67074e68-bc2f-442b-8af2-7d328b6af6eb', 'usr_470');
INSERT INTO trabalho.comentarios_podcast_usuario VALUES ('comment_470_0_1', 'Sit molestias voluptatibus ab minima voluptatem ipsam.', '67074e68-bc2f-442b-8af2-7d328b6af6eb', 'usr_470');
INSERT INTO trabalho.comentarios_podcast_usuario VALUES ('comment_470_1_1', 'Sed molestias est.', '67074e68-bc2f-442b-8af2-7d328b6af6eb', 'usr_470');
INSERT INTO trabalho.comentarios_podcast_usuario VALUES ('comment_470_2_1', 'Et repellat eius quo error delectus ea deleniti qui.', '67074e68-bc2f-442b-8af2-7d328b6af6eb', 'usr_470');
INSERT INTO trabalho.comentarios_podcast_usuario VALUES ('comment_470_3_1', 'Molestiae quia ut natus repudiandae neque ad.', '67074e68-bc2f-442b-8af2-7d328b6af6eb', 'usr_470');
INSERT INTO trabalho.comentarios_podcast_usuario VALUES ('comment_470_4_1', 'Magni consectetur consectetur rerum quam totam.', '67074e68-bc2f-442b-8af2-7d328b6af6eb', 'usr_470');
INSERT INTO trabalho.comentarios_podcast_usuario VALUES ('comment_470_5_1', 'Illum qui optio fugit velit reprehenderit exercitationem minus distinctio.', '67074e68-bc2f-442b-8af2-7d328b6af6eb', 'usr_470');
INSERT INTO trabalho.log_acesso VALUES ('log_470_0_1', '67074e68-bc2f-442b-8af2-7d328b6af6eb', 'usr_470');
INSERT INTO trabalho.log_acesso VALUES ('log_470_1_1', '67074e68-bc2f-442b-8af2-7d328b6af6eb', 'usr_470');
INSERT INTO trabalho.log_acesso VALUES ('log_470_2_1', '67074e68-bc2f-442b-8af2-7d328b6af6eb', 'usr_470');
INSERT INTO trabalho.log_acesso VALUES ('log_470_3_1', '67074e68-bc2f-442b-8af2-7d328b6af6eb', 'usr_470');
INSERT INTO trabalho.log_acesso VALUES ('log_470_4_1', '67074e68-bc2f-442b-8af2-7d328b6af6eb', 'usr_470');
INSERT INTO trabalho.log_acesso VALUES ('log_470_5_1', '67074e68-bc2f-442b-8af2-7d328b6af6eb', 'usr_470');
INSERT INTO trabalho.usuario_esta_inscrito_no_podcast VALUES (1, '7e429e8e-7669-403d-bb78-3cd7f9f75afd', 'usr_470');
INSERT INTO trabalho.comentarios_podcast_usuario VALUES ('comment_470_0_2', 'Qui voluptatem vitae.', '7e429e8e-7669-403d-bb78-3cd7f9f75afd', 'usr_470');
INSERT INTO trabalho.comentarios_podcast_usuario VALUES ('comment_470_1_2', 'Quidem vel possimus temporibus est.', '7e429e8e-7669-403d-bb78-3cd7f9f75afd', 'usr_470');
INSERT INTO trabalho.comentarios_podcast_usuario VALUES ('comment_470_2_2', 'Laborum autem cupiditate ut minus itaque.', '7e429e8e-7669-403d-bb78-3cd7f9f75afd', 'usr_470');
INSERT INTO trabalho.comentarios_podcast_usuario VALUES ('comment_470_3_2', 'Rem voluptatem aliquam labore laborum.', '7e429e8e-7669-403d-bb78-3cd7f9f75afd', 'usr_470');
INSERT INTO trabalho.comentarios_podcast_usuario VALUES ('comment_470_4_2', 'Et reprehenderit non consequatur et labore est tempora quia nulla.', '7e429e8e-7669-403d-bb78-3cd7f9f75afd', 'usr_470');
INSERT INTO trabalho.comentarios_podcast_usuario VALUES ('comment_470_5_2', 'Laboriosam dolores omnis expedita beatae totam dolor.', '7e429e8e-7669-403d-bb78-3cd7f9f75afd', 'usr_470');
INSERT INTO trabalho.log_acesso VALUES ('log_470_0_2', '7e429e8e-7669-403d-bb78-3cd7f9f75afd', 'usr_470');
INSERT INTO trabalho.log_acesso VALUES ('log_470_1_2', '7e429e8e-7669-403d-bb78-3cd7f9f75afd', 'usr_470');
INSERT INTO trabalho.log_acesso VALUES ('log_470_2_2', '7e429e8e-7669-403d-bb78-3cd7f9f75afd', 'usr_470');
INSERT INTO trabalho.log_acesso VALUES ('log_470_3_2', '7e429e8e-7669-403d-bb78-3cd7f9f75afd', 'usr_470');
INSERT INTO trabalho.log_acesso VALUES ('log_470_4_2', '7e429e8e-7669-403d-bb78-3cd7f9f75afd', 'usr_470');
INSERT INTO trabalho.usuario VALUES ('usr_471', '471_Samuel_Franco@live.com', 'Samuel Franco', 'male', 49, trabalho.hashPassword('Password123'), 'Burkina Faso');
INSERT INTO trabalho.usuario_esta_inscrito_no_podcast VALUES (0, 'f0166bd2-8e4d-4308-b5d7-0b3d627c5dc5', 'usr_471');
INSERT INTO trabalho.comentarios_podcast_usuario VALUES ('comment_471_0_0', 'Aut quidem qui non in nesciunt ea officiis distinctio.', 'f0166bd2-8e4d-4308-b5d7-0b3d627c5dc5', 'usr_471');
INSERT INTO trabalho.comentarios_podcast_usuario VALUES ('comment_471_1_0', 'Esse voluptatem illo neque consequatur cupiditate qui quis quia.', 'f0166bd2-8e4d-4308-b5d7-0b3d627c5dc5', 'usr_471');
INSERT INTO trabalho.comentarios_podcast_usuario VALUES ('comment_471_2_0', 'Id ut in non consequatur quas ad asperiores.', 'f0166bd2-8e4d-4308-b5d7-0b3d627c5dc5', 'usr_471');
INSERT INTO trabalho.comentarios_podcast_usuario VALUES ('comment_471_3_0', 'Cum tempora quas quis corrupti eum nam quia mollitia.', 'f0166bd2-8e4d-4308-b5d7-0b3d627c5dc5', 'usr_471');
INSERT INTO trabalho.log_acesso VALUES ('log_471_0_0', 'f0166bd2-8e4d-4308-b5d7-0b3d627c5dc5', 'usr_471');
INSERT INTO trabalho.log_acesso VALUES ('log_471_1_0', 'f0166bd2-8e4d-4308-b5d7-0b3d627c5dc5', 'usr_471');
INSERT INTO trabalho.log_acesso VALUES ('log_471_2_0', 'f0166bd2-8e4d-4308-b5d7-0b3d627c5dc5', 'usr_471');
INSERT INTO trabalho.usuario_esta_inscrito_no_podcast VALUES (0, 'b553d865-8fe2-47de-9a30-10e1dea3bd1d', 'usr_471');
INSERT INTO trabalho.comentarios_podcast_usuario VALUES ('comment_471_0_1', 'Reiciendis eaque at quia provident ut.', 'b553d865-8fe2-47de-9a30-10e1dea3bd1d', 'usr_471');
INSERT INTO trabalho.comentarios_podcast_usuario VALUES ('comment_471_1_1', 'Dolor quidem eos ratione.', 'b553d865-8fe2-47de-9a30-10e1dea3bd1d', 'usr_471');
INSERT INTO trabalho.comentarios_podcast_usuario VALUES ('comment_471_2_1', 'Aut incidunt aut velit rerum et quis id possimus sunt.', 'b553d865-8fe2-47de-9a30-10e1dea3bd1d', 'usr_471');
INSERT INTO trabalho.comentarios_podcast_usuario VALUES ('comment_471_3_1', 'Temporibus voluptatem tempora enim aut sed consequuntur eos rerum autem.', 'b553d865-8fe2-47de-9a30-10e1dea3bd1d', 'usr_471');
INSERT INTO trabalho.log_acesso VALUES ('log_471_0_1', 'b553d865-8fe2-47de-9a30-10e1dea3bd1d', 'usr_471');
INSERT INTO trabalho.log_acesso VALUES ('log_471_1_1', 'b553d865-8fe2-47de-9a30-10e1dea3bd1d', 'usr_471');
INSERT INTO trabalho.log_acesso VALUES ('log_471_2_1', 'b553d865-8fe2-47de-9a30-10e1dea3bd1d', 'usr_471');
INSERT INTO trabalho.log_acesso VALUES ('log_471_3_1', 'b553d865-8fe2-47de-9a30-10e1dea3bd1d', 'usr_471');
INSERT INTO trabalho.log_acesso VALUES ('log_471_4_1', 'b553d865-8fe2-47de-9a30-10e1dea3bd1d', 'usr_471');
INSERT INTO trabalho.usuario_esta_inscrito_no_podcast VALUES (4, '168c1536-4c42-4b8f-8c77-f06affefec6a', 'usr_471');
INSERT INTO trabalho.comentarios_podcast_usuario VALUES ('comment_471_0_2', 'Et blanditiis aut reprehenderit et libero ducimus odio.', '168c1536-4c42-4b8f-8c77-f06affefec6a', 'usr_471');
INSERT INTO trabalho.comentarios_podcast_usuario VALUES ('comment_471_1_2', 'Qui consequatur itaque nisi veniam.', '168c1536-4c42-4b8f-8c77-f06affefec6a', 'usr_471');
INSERT INTO trabalho.log_acesso VALUES ('log_471_0_2', '168c1536-4c42-4b8f-8c77-f06affefec6a', 'usr_471');
INSERT INTO trabalho.log_acesso VALUES ('log_471_1_2', '168c1536-4c42-4b8f-8c77-f06affefec6a', 'usr_471');
INSERT INTO trabalho.log_acesso VALUES ('log_471_2_2', '168c1536-4c42-4b8f-8c77-f06affefec6a', 'usr_471');
INSERT INTO trabalho.log_acesso VALUES ('log_471_3_2', '168c1536-4c42-4b8f-8c77-f06affefec6a', 'usr_471');
INSERT INTO trabalho.log_acesso VALUES ('log_471_4_2', '168c1536-4c42-4b8f-8c77-f06affefec6a', 'usr_471');
INSERT INTO trabalho.log_acesso VALUES ('log_471_5_2', '168c1536-4c42-4b8f-8c77-f06affefec6a', 'usr_471');
INSERT INTO trabalho.usuario VALUES ('usr_472', '472_Lvia_Franco@gmail.com', 'Lívia Franco', 'female', 37, trabalho.hashPassword('Password123'), 'Angola');
INSERT INTO trabalho.usuario_esta_inscrito_no_podcast VALUES (1, 'f1b92ce7-47a7-43cd-8586-4a09185cdd05', 'usr_472');
INSERT INTO trabalho.comentarios_podcast_usuario VALUES ('comment_472_0_0', 'Aperiam aperiam eius fugiat hic quia.', 'f1b92ce7-47a7-43cd-8586-4a09185cdd05', 'usr_472');
INSERT INTO trabalho.comentarios_podcast_usuario VALUES ('comment_472_1_0', 'Laborum corrupti nesciunt aut eveniet et ducimus aut et.', 'f1b92ce7-47a7-43cd-8586-4a09185cdd05', 'usr_472');
INSERT INTO trabalho.comentarios_podcast_usuario VALUES ('comment_472_2_0', 'Animi itaque molestias incidunt qui magni molestiae expedita quas omnis.', 'f1b92ce7-47a7-43cd-8586-4a09185cdd05', 'usr_472');
INSERT INTO trabalho.log_acesso VALUES ('log_472_0_0', 'f1b92ce7-47a7-43cd-8586-4a09185cdd05', 'usr_472');
INSERT INTO trabalho.log_acesso VALUES ('log_472_1_0', 'f1b92ce7-47a7-43cd-8586-4a09185cdd05', 'usr_472');
INSERT INTO trabalho.log_acesso VALUES ('log_472_2_0', 'f1b92ce7-47a7-43cd-8586-4a09185cdd05', 'usr_472');
INSERT INTO trabalho.log_acesso VALUES ('log_472_3_0', 'f1b92ce7-47a7-43cd-8586-4a09185cdd05', 'usr_472');
INSERT INTO trabalho.usuario_esta_inscrito_no_podcast VALUES (0, 'fa3abe16-3645-4d22-a01d-893e6f20c408', 'usr_472');
INSERT INTO trabalho.comentarios_podcast_usuario VALUES ('comment_472_0_1', 'Magnam quos hic voluptatum.', 'fa3abe16-3645-4d22-a01d-893e6f20c408', 'usr_472');
INSERT INTO trabalho.log_acesso VALUES ('log_472_0_1', 'fa3abe16-3645-4d22-a01d-893e6f20c408', 'usr_472');
INSERT INTO trabalho.log_acesso VALUES ('log_472_1_1', 'fa3abe16-3645-4d22-a01d-893e6f20c408', 'usr_472');
INSERT INTO trabalho.log_acesso VALUES ('log_472_2_1', 'fa3abe16-3645-4d22-a01d-893e6f20c408', 'usr_472');
INSERT INTO trabalho.usuario_esta_inscrito_no_podcast VALUES (1, '7e429e8e-7669-403d-bb78-3cd7f9f75afd', 'usr_472');
INSERT INTO trabalho.comentarios_podcast_usuario VALUES ('comment_472_0_2', 'Earum corrupti necessitatibus modi enim consequatur quaerat cupiditate eum et.', '7e429e8e-7669-403d-bb78-3cd7f9f75afd', 'usr_472');
INSERT INTO trabalho.comentarios_podcast_usuario VALUES ('comment_472_1_2', 'Asperiores molestiae velit dolor.', '7e429e8e-7669-403d-bb78-3cd7f9f75afd', 'usr_472');
INSERT INTO trabalho.comentarios_podcast_usuario VALUES ('comment_472_2_2', 'Impedit magni exercitationem.', '7e429e8e-7669-403d-bb78-3cd7f9f75afd', 'usr_472');
INSERT INTO trabalho.comentarios_podcast_usuario VALUES ('comment_472_3_2', 'Ex ad voluptas non beatae similique tempora et.', '7e429e8e-7669-403d-bb78-3cd7f9f75afd', 'usr_472');
INSERT INTO trabalho.comentarios_podcast_usuario VALUES ('comment_472_4_2', 'Nam non nisi dolorum repellat commodi.', '7e429e8e-7669-403d-bb78-3cd7f9f75afd', 'usr_472');
INSERT INTO trabalho.log_acesso VALUES ('log_472_0_2', '7e429e8e-7669-403d-bb78-3cd7f9f75afd', 'usr_472');
INSERT INTO trabalho.log_acesso VALUES ('log_472_1_2', '7e429e8e-7669-403d-bb78-3cd7f9f75afd', 'usr_472');
INSERT INTO trabalho.log_acesso VALUES ('log_472_2_2', '7e429e8e-7669-403d-bb78-3cd7f9f75afd', 'usr_472');
INSERT INTO trabalho.log_acesso VALUES ('log_472_3_2', '7e429e8e-7669-403d-bb78-3cd7f9f75afd', 'usr_472');
INSERT INTO trabalho.log_acesso VALUES ('log_472_4_2', '7e429e8e-7669-403d-bb78-3cd7f9f75afd', 'usr_472');
INSERT INTO trabalho.log_acesso VALUES ('log_472_5_2', '7e429e8e-7669-403d-bb78-3cd7f9f75afd', 'usr_472');
INSERT INTO trabalho.log_acesso VALUES ('log_472_6_2', '7e429e8e-7669-403d-bb78-3cd7f9f75afd', 'usr_472');
INSERT INTO trabalho.usuario VALUES ('usr_473', '473_Larissa29@gmail.com', 'Larissa Braga', 'female', 12, trabalho.hashPassword('Password123'), 'Vanuatu');
INSERT INTO trabalho.usuario_esta_inscrito_no_podcast VALUES (5, '7e429e8e-7669-403d-bb78-3cd7f9f75afd', 'usr_473');
INSERT INTO trabalho.comentarios_podcast_usuario VALUES ('comment_473_0_0', 'Cupiditate perspiciatis iure deserunt vel adipisci.', '7e429e8e-7669-403d-bb78-3cd7f9f75afd', 'usr_473');
INSERT INTO trabalho.comentarios_podcast_usuario VALUES ('comment_473_1_0', 'Est amet et qui ratione earum incidunt exercitationem.', '7e429e8e-7669-403d-bb78-3cd7f9f75afd', 'usr_473');
INSERT INTO trabalho.comentarios_podcast_usuario VALUES ('comment_473_2_0', 'Recusandae doloremque quis ut nam voluptatibus.', '7e429e8e-7669-403d-bb78-3cd7f9f75afd', 'usr_473');
INSERT INTO trabalho.comentarios_podcast_usuario VALUES ('comment_473_3_0', 'Voluptatibus tempora blanditiis explicabo dolor omnis deserunt voluptatem qui.', '7e429e8e-7669-403d-bb78-3cd7f9f75afd', 'usr_473');
INSERT INTO trabalho.log_acesso VALUES ('log_473_0_0', '7e429e8e-7669-403d-bb78-3cd7f9f75afd', 'usr_473');
INSERT INTO trabalho.log_acesso VALUES ('log_473_1_0', '7e429e8e-7669-403d-bb78-3cd7f9f75afd', 'usr_473');
INSERT INTO trabalho.usuario_esta_inscrito_no_podcast VALUES (1, '219328a1-cec6-4e8c-b003-52a3ec9766bb', 'usr_473');
INSERT INTO trabalho.comentarios_podcast_usuario VALUES ('comment_473_0_1', 'Laborum ad rerum nam.', '219328a1-cec6-4e8c-b003-52a3ec9766bb', 'usr_473');
INSERT INTO trabalho.comentarios_podcast_usuario VALUES ('comment_473_1_1', 'Suscipit eaque et sit et officia.', '219328a1-cec6-4e8c-b003-52a3ec9766bb', 'usr_473');
INSERT INTO trabalho.comentarios_podcast_usuario VALUES ('comment_473_2_1', 'Recusandae voluptatem maiores expedita qui ab praesentium fuga sint.', '219328a1-cec6-4e8c-b003-52a3ec9766bb', 'usr_473');
INSERT INTO trabalho.comentarios_podcast_usuario VALUES ('comment_473_3_1', 'Beatae aperiam ullam similique adipisci et.', '219328a1-cec6-4e8c-b003-52a3ec9766bb', 'usr_473');
INSERT INTO trabalho.log_acesso VALUES ('log_473_0_1', '219328a1-cec6-4e8c-b003-52a3ec9766bb', 'usr_473');
INSERT INTO trabalho.log_acesso VALUES ('log_473_1_1', '219328a1-cec6-4e8c-b003-52a3ec9766bb', 'usr_473');
INSERT INTO trabalho.log_acesso VALUES ('log_473_2_1', '219328a1-cec6-4e8c-b003-52a3ec9766bb', 'usr_473');
INSERT INTO trabalho.log_acesso VALUES ('log_473_3_1', '219328a1-cec6-4e8c-b003-52a3ec9766bb', 'usr_473');
INSERT INTO trabalho.usuario_esta_inscrito_no_podcast VALUES (4, '5bdf7377-8330-4f9f-8efd-e95301c122ce', 'usr_473');
INSERT INTO trabalho.comentarios_podcast_usuario VALUES ('comment_473_0_2', 'Necessitatibus aliquam sed voluptas quisquam itaque voluptatem qui.', '5bdf7377-8330-4f9f-8efd-e95301c122ce', 'usr_473');
INSERT INTO trabalho.comentarios_podcast_usuario VALUES ('comment_473_1_2', 'Accusamus debitis earum amet.', '5bdf7377-8330-4f9f-8efd-e95301c122ce', 'usr_473');
INSERT INTO trabalho.comentarios_podcast_usuario VALUES ('comment_473_2_2', 'Facilis saepe vel ut ducimus ducimus quaerat.', '5bdf7377-8330-4f9f-8efd-e95301c122ce', 'usr_473');
INSERT INTO trabalho.log_acesso VALUES ('log_473_0_2', '5bdf7377-8330-4f9f-8efd-e95301c122ce', 'usr_473');
INSERT INTO trabalho.log_acesso VALUES ('log_473_1_2', '5bdf7377-8330-4f9f-8efd-e95301c122ce', 'usr_473');
INSERT INTO trabalho.log_acesso VALUES ('log_473_2_2', '5bdf7377-8330-4f9f-8efd-e95301c122ce', 'usr_473');
INSERT INTO trabalho.log_acesso VALUES ('log_473_3_2', '5bdf7377-8330-4f9f-8efd-e95301c122ce', 'usr_473');
INSERT INTO trabalho.log_acesso VALUES ('log_473_4_2', '5bdf7377-8330-4f9f-8efd-e95301c122ce', 'usr_473');
INSERT INTO trabalho.log_acesso VALUES ('log_473_5_2', '5bdf7377-8330-4f9f-8efd-e95301c122ce', 'usr_473');
INSERT INTO trabalho.usuario VALUES ('usr_474', '474_Lorraine_Albuquerque93@gmail.com', 'Lorraine Albuquerque', 'female', 10, trabalho.hashPassword('Password123'), 'Arquipélago de Chagos');
INSERT INTO trabalho.usuario_esta_inscrito_no_podcast VALUES (2, 'bc8dac25-793c-4a96-aafc-4ea7020f4f60', 'usr_474');
INSERT INTO trabalho.comentarios_podcast_usuario VALUES ('comment_474_0_0', 'Voluptatem soluta sapiente quaerat esse perspiciatis.', 'bc8dac25-793c-4a96-aafc-4ea7020f4f60', 'usr_474');
INSERT INTO trabalho.comentarios_podcast_usuario VALUES ('comment_474_1_0', 'Expedita qui vitae ad non qui quam sit.', 'bc8dac25-793c-4a96-aafc-4ea7020f4f60', 'usr_474');
INSERT INTO trabalho.comentarios_podcast_usuario VALUES ('comment_474_2_0', 'Autem ipsa aut quisquam voluptatem facere laborum totam.', 'bc8dac25-793c-4a96-aafc-4ea7020f4f60', 'usr_474');
INSERT INTO trabalho.log_acesso VALUES ('log_474_0_0', 'bc8dac25-793c-4a96-aafc-4ea7020f4f60', 'usr_474');
INSERT INTO trabalho.log_acesso VALUES ('log_474_1_0', 'bc8dac25-793c-4a96-aafc-4ea7020f4f60', 'usr_474');
INSERT INTO trabalho.log_acesso VALUES ('log_474_2_0', 'bc8dac25-793c-4a96-aafc-4ea7020f4f60', 'usr_474');
INSERT INTO trabalho.log_acesso VALUES ('log_474_3_0', 'bc8dac25-793c-4a96-aafc-4ea7020f4f60', 'usr_474');
INSERT INTO trabalho.log_acesso VALUES ('log_474_4_0', 'bc8dac25-793c-4a96-aafc-4ea7020f4f60', 'usr_474');
INSERT INTO trabalho.log_acesso VALUES ('log_474_5_0', 'bc8dac25-793c-4a96-aafc-4ea7020f4f60', 'usr_474');
INSERT INTO trabalho.usuario_esta_inscrito_no_podcast VALUES (5, 'af46a958-b921-47b6-9f87-5c4fdc68ea79', 'usr_474');
INSERT INTO trabalho.comentarios_podcast_usuario VALUES ('comment_474_0_1', 'Quam non rerum maxime quod culpa sapiente aut omnis.', 'af46a958-b921-47b6-9f87-5c4fdc68ea79', 'usr_474');
INSERT INTO trabalho.comentarios_podcast_usuario VALUES ('comment_474_1_1', 'Officiis reprehenderit voluptatibus doloribus impedit.', 'af46a958-b921-47b6-9f87-5c4fdc68ea79', 'usr_474');
INSERT INTO trabalho.comentarios_podcast_usuario VALUES ('comment_474_2_1', 'Tenetur temporibus aliquid voluptas ad quos.', 'af46a958-b921-47b6-9f87-5c4fdc68ea79', 'usr_474');
INSERT INTO trabalho.comentarios_podcast_usuario VALUES ('comment_474_3_1', 'Qui enim ut dolor eaque consequatur suscipit qui nisi officiis.', 'af46a958-b921-47b6-9f87-5c4fdc68ea79', 'usr_474');
INSERT INTO trabalho.comentarios_podcast_usuario VALUES ('comment_474_4_1', 'Est eveniet ut impedit officia dolorem expedita.', 'af46a958-b921-47b6-9f87-5c4fdc68ea79', 'usr_474');
INSERT INTO trabalho.log_acesso VALUES ('log_474_0_1', 'af46a958-b921-47b6-9f87-5c4fdc68ea79', 'usr_474');
INSERT INTO trabalho.log_acesso VALUES ('log_474_1_1', 'af46a958-b921-47b6-9f87-5c4fdc68ea79', 'usr_474');
INSERT INTO trabalho.log_acesso VALUES ('log_474_2_1', 'af46a958-b921-47b6-9f87-5c4fdc68ea79', 'usr_474');
INSERT INTO trabalho.usuario_esta_inscrito_no_podcast VALUES (5, 'b553d865-8fe2-47de-9a30-10e1dea3bd1d', 'usr_474');
INSERT INTO trabalho.comentarios_podcast_usuario VALUES ('comment_474_0_2', 'Nesciunt facilis quas laudantium inventore in accusamus fugiat.', 'b553d865-8fe2-47de-9a30-10e1dea3bd1d', 'usr_474');
INSERT INTO trabalho.log_acesso VALUES ('log_474_0_2', 'b553d865-8fe2-47de-9a30-10e1dea3bd1d', 'usr_474');
INSERT INTO trabalho.log_acesso VALUES ('log_474_1_2', 'b553d865-8fe2-47de-9a30-10e1dea3bd1d', 'usr_474');
INSERT INTO trabalho.usuario VALUES ('usr_475', '475_Isabel.Macedo@gmail.com', 'Isabel Macedo', 'female', 58, trabalho.hashPassword('Password123'), 'Jersey');
INSERT INTO trabalho.usuario_esta_inscrito_no_podcast VALUES (1, 'f8e13774-d631-4f34-93f0-2f5d55590265', 'usr_475');
INSERT INTO trabalho.comentarios_podcast_usuario VALUES ('comment_475_0_0', 'Est est consequatur.', 'f8e13774-d631-4f34-93f0-2f5d55590265', 'usr_475');
INSERT INTO trabalho.comentarios_podcast_usuario VALUES ('comment_475_1_0', 'Blanditiis maiores quod dicta fugit rerum ut ea.', 'f8e13774-d631-4f34-93f0-2f5d55590265', 'usr_475');
INSERT INTO trabalho.comentarios_podcast_usuario VALUES ('comment_475_2_0', 'Quam placeat aut.', 'f8e13774-d631-4f34-93f0-2f5d55590265', 'usr_475');
INSERT INTO trabalho.comentarios_podcast_usuario VALUES ('comment_475_3_0', 'Quidem quisquam placeat quia omnis ut veniam ea saepe eligendi.', 'f8e13774-d631-4f34-93f0-2f5d55590265', 'usr_475');
INSERT INTO trabalho.comentarios_podcast_usuario VALUES ('comment_475_4_0', 'Ut ex quia aut qui expedita ipsa.', 'f8e13774-d631-4f34-93f0-2f5d55590265', 'usr_475');
INSERT INTO trabalho.log_acesso VALUES ('log_475_0_0', 'f8e13774-d631-4f34-93f0-2f5d55590265', 'usr_475');
INSERT INTO trabalho.log_acesso VALUES ('log_475_1_0', 'f8e13774-d631-4f34-93f0-2f5d55590265', 'usr_475');
INSERT INTO trabalho.log_acesso VALUES ('log_475_2_0', 'f8e13774-d631-4f34-93f0-2f5d55590265', 'usr_475');
INSERT INTO trabalho.log_acesso VALUES ('log_475_3_0', 'f8e13774-d631-4f34-93f0-2f5d55590265', 'usr_475');
INSERT INTO trabalho.usuario_esta_inscrito_no_podcast VALUES (1, '5bdf7377-8330-4f9f-8efd-e95301c122ce', 'usr_475');
INSERT INTO trabalho.comentarios_podcast_usuario VALUES ('comment_475_0_1', 'Voluptatibus deserunt id reprehenderit quam.', '5bdf7377-8330-4f9f-8efd-e95301c122ce', 'usr_475');
INSERT INTO trabalho.comentarios_podcast_usuario VALUES ('comment_475_1_1', 'Facilis quibusdam natus doloremque consectetur distinctio dolor deleniti.', '5bdf7377-8330-4f9f-8efd-e95301c122ce', 'usr_475');
INSERT INTO trabalho.comentarios_podcast_usuario VALUES ('comment_475_2_1', 'Dicta corporis consequuntur.', '5bdf7377-8330-4f9f-8efd-e95301c122ce', 'usr_475');
INSERT INTO trabalho.log_acesso VALUES ('log_475_0_1', '5bdf7377-8330-4f9f-8efd-e95301c122ce', 'usr_475');
INSERT INTO trabalho.log_acesso VALUES ('log_475_1_1', '5bdf7377-8330-4f9f-8efd-e95301c122ce', 'usr_475');
INSERT INTO trabalho.log_acesso VALUES ('log_475_2_1', '5bdf7377-8330-4f9f-8efd-e95301c122ce', 'usr_475');
INSERT INTO trabalho.log_acesso VALUES ('log_475_3_1', '5bdf7377-8330-4f9f-8efd-e95301c122ce', 'usr_475');
INSERT INTO trabalho.usuario_esta_inscrito_no_podcast VALUES (1, 'fa3abe16-3645-4d22-a01d-893e6f20c408', 'usr_475');
INSERT INTO trabalho.comentarios_podcast_usuario VALUES ('comment_475_0_2', 'Occaecati similique error.', 'fa3abe16-3645-4d22-a01d-893e6f20c408', 'usr_475');
INSERT INTO trabalho.comentarios_podcast_usuario VALUES ('comment_475_1_2', 'Non quos qui veritatis asperiores ut consequatur.', 'fa3abe16-3645-4d22-a01d-893e6f20c408', 'usr_475');
INSERT INTO trabalho.comentarios_podcast_usuario VALUES ('comment_475_2_2', 'Dolores rerum est laudantium perferendis ipsa.', 'fa3abe16-3645-4d22-a01d-893e6f20c408', 'usr_475');
INSERT INTO trabalho.log_acesso VALUES ('log_475_0_2', 'fa3abe16-3645-4d22-a01d-893e6f20c408', 'usr_475');
INSERT INTO trabalho.log_acesso VALUES ('log_475_1_2', 'fa3abe16-3645-4d22-a01d-893e6f20c408', 'usr_475');
INSERT INTO trabalho.usuario VALUES ('usr_476', '476_Nicolas_Moraes@hotmail.com', 'Nicolas Moraes', 'male', 48, trabalho.hashPassword('Password123'), 'Panamá');
INSERT INTO trabalho.usuario_esta_inscrito_no_podcast VALUES (5, 'fa3abe16-3645-4d22-a01d-893e6f20c408', 'usr_476');
INSERT INTO trabalho.comentarios_podcast_usuario VALUES ('comment_476_0_0', 'Facilis necessitatibus qui.', 'fa3abe16-3645-4d22-a01d-893e6f20c408', 'usr_476');
INSERT INTO trabalho.comentarios_podcast_usuario VALUES ('comment_476_1_0', 'Tenetur aut ea ad unde aliquam soluta sint.', 'fa3abe16-3645-4d22-a01d-893e6f20c408', 'usr_476');
INSERT INTO trabalho.comentarios_podcast_usuario VALUES ('comment_476_2_0', 'Rerum quam ad.', 'fa3abe16-3645-4d22-a01d-893e6f20c408', 'usr_476');
INSERT INTO trabalho.log_acesso VALUES ('log_476_0_0', 'fa3abe16-3645-4d22-a01d-893e6f20c408', 'usr_476');
INSERT INTO trabalho.log_acesso VALUES ('log_476_1_0', 'fa3abe16-3645-4d22-a01d-893e6f20c408', 'usr_476');
INSERT INTO trabalho.log_acesso VALUES ('log_476_2_0', 'fa3abe16-3645-4d22-a01d-893e6f20c408', 'usr_476');
INSERT INTO trabalho.usuario_esta_inscrito_no_podcast VALUES (0, '5bdf7377-8330-4f9f-8efd-e95301c122ce', 'usr_476');
INSERT INTO trabalho.comentarios_podcast_usuario VALUES ('comment_476_0_1', 'Molestiae alias voluptas est itaque nostrum sed hic quas.', '5bdf7377-8330-4f9f-8efd-e95301c122ce', 'usr_476');
INSERT INTO trabalho.comentarios_podcast_usuario VALUES ('comment_476_1_1', 'Perspiciatis recusandae ullam ea fugiat sed deleniti.', '5bdf7377-8330-4f9f-8efd-e95301c122ce', 'usr_476');
INSERT INTO trabalho.comentarios_podcast_usuario VALUES ('comment_476_2_1', 'Dolor fugiat nobis.', '5bdf7377-8330-4f9f-8efd-e95301c122ce', 'usr_476');
INSERT INTO trabalho.comentarios_podcast_usuario VALUES ('comment_476_3_1', 'Tenetur repudiandae numquam ab.', '5bdf7377-8330-4f9f-8efd-e95301c122ce', 'usr_476');
INSERT INTO trabalho.log_acesso VALUES ('log_476_0_1', '5bdf7377-8330-4f9f-8efd-e95301c122ce', 'usr_476');
INSERT INTO trabalho.log_acesso VALUES ('log_476_1_1', '5bdf7377-8330-4f9f-8efd-e95301c122ce', 'usr_476');
INSERT INTO trabalho.usuario_esta_inscrito_no_podcast VALUES (5, 'f0166bd2-8e4d-4308-b5d7-0b3d627c5dc5', 'usr_476');
INSERT INTO trabalho.comentarios_podcast_usuario VALUES ('comment_476_0_2', 'Voluptatem assumenda ut repellendus ut autem totam vero hic quod.', 'f0166bd2-8e4d-4308-b5d7-0b3d627c5dc5', 'usr_476');
INSERT INTO trabalho.comentarios_podcast_usuario VALUES ('comment_476_1_2', 'Aut quibusdam voluptatem eos omnis.', 'f0166bd2-8e4d-4308-b5d7-0b3d627c5dc5', 'usr_476');
INSERT INTO trabalho.log_acesso VALUES ('log_476_0_2', 'f0166bd2-8e4d-4308-b5d7-0b3d627c5dc5', 'usr_476');
INSERT INTO trabalho.log_acesso VALUES ('log_476_1_2', 'f0166bd2-8e4d-4308-b5d7-0b3d627c5dc5', 'usr_476');
INSERT INTO trabalho.log_acesso VALUES ('log_476_2_2', 'f0166bd2-8e4d-4308-b5d7-0b3d627c5dc5', 'usr_476');
INSERT INTO trabalho.usuario VALUES ('usr_477', '477_Yago69@live.com', 'Yago Batista', 'male', 31, trabalho.hashPassword('Password123'), 'Congo');
INSERT INTO trabalho.usuario_esta_inscrito_no_podcast VALUES (0, 'f1b92ce7-47a7-43cd-8586-4a09185cdd05', 'usr_477');
INSERT INTO trabalho.comentarios_podcast_usuario VALUES ('comment_477_0_0', 'Delectus perspiciatis et voluptates delectus consequatur ipsum.', 'f1b92ce7-47a7-43cd-8586-4a09185cdd05', 'usr_477');
INSERT INTO trabalho.comentarios_podcast_usuario VALUES ('comment_477_1_0', 'Illo non illo.', 'f1b92ce7-47a7-43cd-8586-4a09185cdd05', 'usr_477');
INSERT INTO trabalho.comentarios_podcast_usuario VALUES ('comment_477_2_0', 'Qui at blanditiis corporis rerum optio id qui.', 'f1b92ce7-47a7-43cd-8586-4a09185cdd05', 'usr_477');
INSERT INTO trabalho.log_acesso VALUES ('log_477_0_0', 'f1b92ce7-47a7-43cd-8586-4a09185cdd05', 'usr_477');
INSERT INTO trabalho.log_acesso VALUES ('log_477_1_0', 'f1b92ce7-47a7-43cd-8586-4a09185cdd05', 'usr_477');
INSERT INTO trabalho.usuario_esta_inscrito_no_podcast VALUES (0, 'f8e13774-d631-4f34-93f0-2f5d55590265', 'usr_477');
INSERT INTO trabalho.comentarios_podcast_usuario VALUES ('comment_477_0_1', 'Voluptatum ut quod est sapiente aut perspiciatis.', 'f8e13774-d631-4f34-93f0-2f5d55590265', 'usr_477');
INSERT INTO trabalho.comentarios_podcast_usuario VALUES ('comment_477_1_1', 'Ut molestias accusamus dolor voluptatem cum libero architecto.', 'f8e13774-d631-4f34-93f0-2f5d55590265', 'usr_477');
INSERT INTO trabalho.log_acesso VALUES ('log_477_0_1', 'f8e13774-d631-4f34-93f0-2f5d55590265', 'usr_477');
INSERT INTO trabalho.log_acesso VALUES ('log_477_1_1', 'f8e13774-d631-4f34-93f0-2f5d55590265', 'usr_477');
INSERT INTO trabalho.usuario_esta_inscrito_no_podcast VALUES (4, 'bc8dac25-793c-4a96-aafc-4ea7020f4f60', 'usr_477');
INSERT INTO trabalho.comentarios_podcast_usuario VALUES ('comment_477_0_2', 'Vel rerum doloremque amet quia officiis qui.', 'bc8dac25-793c-4a96-aafc-4ea7020f4f60', 'usr_477');
INSERT INTO trabalho.comentarios_podcast_usuario VALUES ('comment_477_1_2', 'Odio sint ex fuga.', 'bc8dac25-793c-4a96-aafc-4ea7020f4f60', 'usr_477');
INSERT INTO trabalho.log_acesso VALUES ('log_477_0_2', 'bc8dac25-793c-4a96-aafc-4ea7020f4f60', 'usr_477');
INSERT INTO trabalho.log_acesso VALUES ('log_477_1_2', 'bc8dac25-793c-4a96-aafc-4ea7020f4f60', 'usr_477');
INSERT INTO trabalho.log_acesso VALUES ('log_477_2_2', 'bc8dac25-793c-4a96-aafc-4ea7020f4f60', 'usr_477');
INSERT INTO trabalho.usuario VALUES ('usr_478', '478_Henrique_Moreira21@live.com', 'Henrique Moreira', 'male', 5, trabalho.hashPassword('Password123'), 'Guatemala');
INSERT INTO trabalho.usuario_esta_inscrito_no_podcast VALUES (5, 'f8e13774-d631-4f34-93f0-2f5d55590265', 'usr_478');
INSERT INTO trabalho.comentarios_podcast_usuario VALUES ('comment_478_0_0', 'Rerum voluptas id sunt quae ea.', 'f8e13774-d631-4f34-93f0-2f5d55590265', 'usr_478');
INSERT INTO trabalho.comentarios_podcast_usuario VALUES ('comment_478_1_0', 'Blanditiis id fuga doloremque dolorem omnis amet.', 'f8e13774-d631-4f34-93f0-2f5d55590265', 'usr_478');
INSERT INTO trabalho.log_acesso VALUES ('log_478_0_0', 'f8e13774-d631-4f34-93f0-2f5d55590265', 'usr_478');
INSERT INTO trabalho.usuario_esta_inscrito_no_podcast VALUES (0, '67074e68-bc2f-442b-8af2-7d328b6af6eb', 'usr_478');
INSERT INTO trabalho.comentarios_podcast_usuario VALUES ('comment_478_0_1', 'Enim dolorem necessitatibus deleniti voluptas fuga totam.', '67074e68-bc2f-442b-8af2-7d328b6af6eb', 'usr_478');
INSERT INTO trabalho.comentarios_podcast_usuario VALUES ('comment_478_1_1', 'Iure et in dolores.', '67074e68-bc2f-442b-8af2-7d328b6af6eb', 'usr_478');
INSERT INTO trabalho.log_acesso VALUES ('log_478_0_1', '67074e68-bc2f-442b-8af2-7d328b6af6eb', 'usr_478');
INSERT INTO trabalho.log_acesso VALUES ('log_478_1_1', '67074e68-bc2f-442b-8af2-7d328b6af6eb', 'usr_478');
INSERT INTO trabalho.log_acesso VALUES ('log_478_2_1', '67074e68-bc2f-442b-8af2-7d328b6af6eb', 'usr_478');
INSERT INTO trabalho.log_acesso VALUES ('log_478_3_1', '67074e68-bc2f-442b-8af2-7d328b6af6eb', 'usr_478');
INSERT INTO trabalho.usuario_esta_inscrito_no_podcast VALUES (4, '7e429e8e-7669-403d-bb78-3cd7f9f75afd', 'usr_478');
INSERT INTO trabalho.comentarios_podcast_usuario VALUES ('comment_478_0_2', 'Porro quaerat quis.', '7e429e8e-7669-403d-bb78-3cd7f9f75afd', 'usr_478');
INSERT INTO trabalho.comentarios_podcast_usuario VALUES ('comment_478_1_2', 'Corporis quis consectetur officia voluptatem aut tenetur autem et consequatur.', '7e429e8e-7669-403d-bb78-3cd7f9f75afd', 'usr_478');
INSERT INTO trabalho.comentarios_podcast_usuario VALUES ('comment_478_2_2', 'Voluptates aliquid ut ipsa tenetur facere.', '7e429e8e-7669-403d-bb78-3cd7f9f75afd', 'usr_478');
INSERT INTO trabalho.comentarios_podcast_usuario VALUES ('comment_478_3_2', 'Facere quibusdam repellat aut repellat.', '7e429e8e-7669-403d-bb78-3cd7f9f75afd', 'usr_478');
INSERT INTO trabalho.comentarios_podcast_usuario VALUES ('comment_478_4_2', 'Aliquam beatae eius labore quia enim iusto eius sunt omnis.', '7e429e8e-7669-403d-bb78-3cd7f9f75afd', 'usr_478');
INSERT INTO trabalho.log_acesso VALUES ('log_478_0_2', '7e429e8e-7669-403d-bb78-3cd7f9f75afd', 'usr_478');
INSERT INTO trabalho.log_acesso VALUES ('log_478_1_2', '7e429e8e-7669-403d-bb78-3cd7f9f75afd', 'usr_478');
INSERT INTO trabalho.log_acesso VALUES ('log_478_2_2', '7e429e8e-7669-403d-bb78-3cd7f9f75afd', 'usr_478');
INSERT INTO trabalho.usuario VALUES ('usr_479', '479_MariaJlia_Moraes@yahoo.com', 'Maria Júlia Moraes', 'female', 22, trabalho.hashPassword('Password123'), 'Ilha de Man');
INSERT INTO trabalho.usuario_esta_inscrito_no_podcast VALUES (1, '219328a1-cec6-4e8c-b003-52a3ec9766bb', 'usr_479');
INSERT INTO trabalho.comentarios_podcast_usuario VALUES ('comment_479_0_0', 'Dolores tempore quos soluta quaerat ut.', '219328a1-cec6-4e8c-b003-52a3ec9766bb', 'usr_479');
INSERT INTO trabalho.log_acesso VALUES ('log_479_0_0', '219328a1-cec6-4e8c-b003-52a3ec9766bb', 'usr_479');
INSERT INTO trabalho.log_acesso VALUES ('log_479_1_0', '219328a1-cec6-4e8c-b003-52a3ec9766bb', 'usr_479');
INSERT INTO trabalho.log_acesso VALUES ('log_479_2_0', '219328a1-cec6-4e8c-b003-52a3ec9766bb', 'usr_479');
INSERT INTO trabalho.usuario_esta_inscrito_no_podcast VALUES (1, 'de2f0ddb-9903-436a-a5e2-54224254c818', 'usr_479');
INSERT INTO trabalho.comentarios_podcast_usuario VALUES ('comment_479_0_1', 'Soluta suscipit soluta.', 'de2f0ddb-9903-436a-a5e2-54224254c818', 'usr_479');
INSERT INTO trabalho.log_acesso VALUES ('log_479_0_1', 'de2f0ddb-9903-436a-a5e2-54224254c818', 'usr_479');
INSERT INTO trabalho.log_acesso VALUES ('log_479_1_1', 'de2f0ddb-9903-436a-a5e2-54224254c818', 'usr_479');
INSERT INTO trabalho.log_acesso VALUES ('log_479_2_1', 'de2f0ddb-9903-436a-a5e2-54224254c818', 'usr_479');
INSERT INTO trabalho.usuario_esta_inscrito_no_podcast VALUES (2, 'f8e13774-d631-4f34-93f0-2f5d55590265', 'usr_479');
INSERT INTO trabalho.comentarios_podcast_usuario VALUES ('comment_479_0_2', 'Velit ut quasi pariatur tempora aut doloremque impedit beatae.', 'f8e13774-d631-4f34-93f0-2f5d55590265', 'usr_479');
INSERT INTO trabalho.comentarios_podcast_usuario VALUES ('comment_479_1_2', 'Qui eum sed placeat distinctio cumque tempore dolore.', 'f8e13774-d631-4f34-93f0-2f5d55590265', 'usr_479');
INSERT INTO trabalho.comentarios_podcast_usuario VALUES ('comment_479_2_2', 'Autem reiciendis in nesciunt enim officia sed modi accusamus.', 'f8e13774-d631-4f34-93f0-2f5d55590265', 'usr_479');
INSERT INTO trabalho.log_acesso VALUES ('log_479_0_2', 'f8e13774-d631-4f34-93f0-2f5d55590265', 'usr_479');
INSERT INTO trabalho.log_acesso VALUES ('log_479_1_2', 'f8e13774-d631-4f34-93f0-2f5d55590265', 'usr_479');
INSERT INTO trabalho.log_acesso VALUES ('log_479_2_2', 'f8e13774-d631-4f34-93f0-2f5d55590265', 'usr_479');
INSERT INTO trabalho.log_acesso VALUES ('log_479_3_2', 'f8e13774-d631-4f34-93f0-2f5d55590265', 'usr_479');
INSERT INTO trabalho.log_acesso VALUES ('log_479_4_2', 'f8e13774-d631-4f34-93f0-2f5d55590265', 'usr_479');
INSERT INTO trabalho.log_acesso VALUES ('log_479_5_2', 'f8e13774-d631-4f34-93f0-2f5d55590265', 'usr_479');
INSERT INTO trabalho.usuario VALUES ('usr_480', '480_Danilo47@live.com', 'Danilo Macedo', 'male', 18, trabalho.hashPassword('Password123'), 'Wallis e Futuna');
INSERT INTO trabalho.usuario_esta_inscrito_no_podcast VALUES (3, '67074e68-bc2f-442b-8af2-7d328b6af6eb', 'usr_480');
INSERT INTO trabalho.comentarios_podcast_usuario VALUES ('comment_480_0_0', 'Minus quam voluptatem.', '67074e68-bc2f-442b-8af2-7d328b6af6eb', 'usr_480');
INSERT INTO trabalho.comentarios_podcast_usuario VALUES ('comment_480_1_0', 'Labore natus aut veritatis cumque illo nesciunt optio ex.', '67074e68-bc2f-442b-8af2-7d328b6af6eb', 'usr_480');
INSERT INTO trabalho.comentarios_podcast_usuario VALUES ('comment_480_2_0', 'Ex neque tempora reiciendis nisi consequatur quia iusto sunt.', '67074e68-bc2f-442b-8af2-7d328b6af6eb', 'usr_480');
INSERT INTO trabalho.comentarios_podcast_usuario VALUES ('comment_480_3_0', 'Soluta iure et inventore quis.', '67074e68-bc2f-442b-8af2-7d328b6af6eb', 'usr_480');
INSERT INTO trabalho.log_acesso VALUES ('log_480_0_0', '67074e68-bc2f-442b-8af2-7d328b6af6eb', 'usr_480');
INSERT INTO trabalho.log_acesso VALUES ('log_480_1_0', '67074e68-bc2f-442b-8af2-7d328b6af6eb', 'usr_480');
INSERT INTO trabalho.usuario_esta_inscrito_no_podcast VALUES (5, '168c1536-4c42-4b8f-8c77-f06affefec6a', 'usr_480');
INSERT INTO trabalho.comentarios_podcast_usuario VALUES ('comment_480_0_1', 'Odio a nisi corporis amet dicta fugiat quo.', '168c1536-4c42-4b8f-8c77-f06affefec6a', 'usr_480');
INSERT INTO trabalho.comentarios_podcast_usuario VALUES ('comment_480_1_1', 'Est et esse occaecati dolorem aliquid est fugiat rem ut.', '168c1536-4c42-4b8f-8c77-f06affefec6a', 'usr_480');
INSERT INTO trabalho.comentarios_podcast_usuario VALUES ('comment_480_2_1', 'Voluptas sit perferendis.', '168c1536-4c42-4b8f-8c77-f06affefec6a', 'usr_480');
INSERT INTO trabalho.log_acesso VALUES ('log_480_0_1', '168c1536-4c42-4b8f-8c77-f06affefec6a', 'usr_480');
INSERT INTO trabalho.log_acesso VALUES ('log_480_1_1', '168c1536-4c42-4b8f-8c77-f06affefec6a', 'usr_480');
INSERT INTO trabalho.log_acesso VALUES ('log_480_2_1', '168c1536-4c42-4b8f-8c77-f06affefec6a', 'usr_480');
INSERT INTO trabalho.log_acesso VALUES ('log_480_3_1', '168c1536-4c42-4b8f-8c77-f06affefec6a', 'usr_480');
INSERT INTO trabalho.log_acesso VALUES ('log_480_4_1', '168c1536-4c42-4b8f-8c77-f06affefec6a', 'usr_480');
INSERT INTO trabalho.log_acesso VALUES ('log_480_5_1', '168c1536-4c42-4b8f-8c77-f06affefec6a', 'usr_480');
INSERT INTO trabalho.log_acesso VALUES ('log_480_6_1', '168c1536-4c42-4b8f-8c77-f06affefec6a', 'usr_480');
INSERT INTO trabalho.log_acesso VALUES ('log_480_7_1', '168c1536-4c42-4b8f-8c77-f06affefec6a', 'usr_480');
INSERT INTO trabalho.log_acesso VALUES ('log_480_8_1', '168c1536-4c42-4b8f-8c77-f06affefec6a', 'usr_480');
INSERT INTO trabalho.usuario_esta_inscrito_no_podcast VALUES (1, 'f0166bd2-8e4d-4308-b5d7-0b3d627c5dc5', 'usr_480');
INSERT INTO trabalho.comentarios_podcast_usuario VALUES ('comment_480_0_2', 'Distinctio velit id.', 'f0166bd2-8e4d-4308-b5d7-0b3d627c5dc5', 'usr_480');
INSERT INTO trabalho.comentarios_podcast_usuario VALUES ('comment_480_1_2', 'Consequatur porro molestiae repudiandae suscipit exercitationem recusandae.', 'f0166bd2-8e4d-4308-b5d7-0b3d627c5dc5', 'usr_480');
INSERT INTO trabalho.comentarios_podcast_usuario VALUES ('comment_480_2_2', 'Nulla commodi rerum ducimus ullam harum in voluptate cupiditate dolor.', 'f0166bd2-8e4d-4308-b5d7-0b3d627c5dc5', 'usr_480');
INSERT INTO trabalho.comentarios_podcast_usuario VALUES ('comment_480_3_2', 'Dolor saepe iste nesciunt ut vel qui in at eaque.', 'f0166bd2-8e4d-4308-b5d7-0b3d627c5dc5', 'usr_480');
INSERT INTO trabalho.comentarios_podcast_usuario VALUES ('comment_480_4_2', 'Beatae et quos veritatis dicta excepturi.', 'f0166bd2-8e4d-4308-b5d7-0b3d627c5dc5', 'usr_480');
INSERT INTO trabalho.log_acesso VALUES ('log_480_0_2', 'f0166bd2-8e4d-4308-b5d7-0b3d627c5dc5', 'usr_480');
INSERT INTO trabalho.log_acesso VALUES ('log_480_1_2', 'f0166bd2-8e4d-4308-b5d7-0b3d627c5dc5', 'usr_480');
INSERT INTO trabalho.log_acesso VALUES ('log_480_2_2', 'f0166bd2-8e4d-4308-b5d7-0b3d627c5dc5', 'usr_480');
INSERT INTO trabalho.usuario VALUES ('usr_481', '481_Luiza17@yahoo.com', 'Luiza Franco', 'female', 39, trabalho.hashPassword('Password123'), 'Bolívia');
INSERT INTO trabalho.usuario_esta_inscrito_no_podcast VALUES (2, 'c58b280a-56d4-4ad8-8c85-730e4ea86361', 'usr_481');
INSERT INTO trabalho.comentarios_podcast_usuario VALUES ('comment_481_0_0', 'Magni autem omnis repellendus commodi porro nisi molestias qui qui.', 'c58b280a-56d4-4ad8-8c85-730e4ea86361', 'usr_481');
INSERT INTO trabalho.comentarios_podcast_usuario VALUES ('comment_481_1_0', 'Aliquam voluptatem aut eius qui.', 'c58b280a-56d4-4ad8-8c85-730e4ea86361', 'usr_481');
INSERT INTO trabalho.comentarios_podcast_usuario VALUES ('comment_481_2_0', 'Ut fugiat enim non assumenda repudiandae possimus esse quasi.', 'c58b280a-56d4-4ad8-8c85-730e4ea86361', 'usr_481');
INSERT INTO trabalho.comentarios_podcast_usuario VALUES ('comment_481_3_0', 'Quisquam tenetur error omnis sit saepe qui.', 'c58b280a-56d4-4ad8-8c85-730e4ea86361', 'usr_481');
INSERT INTO trabalho.comentarios_podcast_usuario VALUES ('comment_481_4_0', 'Odio assumenda rerum non iure nesciunt commodi voluptatem et.', 'c58b280a-56d4-4ad8-8c85-730e4ea86361', 'usr_481');
INSERT INTO trabalho.comentarios_podcast_usuario VALUES ('comment_481_5_0', 'Omnis animi aspernatur saepe maiores rem ducimus illo eius.', 'c58b280a-56d4-4ad8-8c85-730e4ea86361', 'usr_481');
INSERT INTO trabalho.log_acesso VALUES ('log_481_0_0', 'c58b280a-56d4-4ad8-8c85-730e4ea86361', 'usr_481');
INSERT INTO trabalho.log_acesso VALUES ('log_481_1_0', 'c58b280a-56d4-4ad8-8c85-730e4ea86361', 'usr_481');
INSERT INTO trabalho.log_acesso VALUES ('log_481_2_0', 'c58b280a-56d4-4ad8-8c85-730e4ea86361', 'usr_481');
INSERT INTO trabalho.log_acesso VALUES ('log_481_3_0', 'c58b280a-56d4-4ad8-8c85-730e4ea86361', 'usr_481');
INSERT INTO trabalho.log_acesso VALUES ('log_481_4_0', 'c58b280a-56d4-4ad8-8c85-730e4ea86361', 'usr_481');
INSERT INTO trabalho.usuario_esta_inscrito_no_podcast VALUES (0, 'b553d865-8fe2-47de-9a30-10e1dea3bd1d', 'usr_481');
INSERT INTO trabalho.comentarios_podcast_usuario VALUES ('comment_481_0_1', 'Modi cupiditate quam est saepe nisi aut.', 'b553d865-8fe2-47de-9a30-10e1dea3bd1d', 'usr_481');
INSERT INTO trabalho.comentarios_podcast_usuario VALUES ('comment_481_1_1', 'Sint dolor quia.', 'b553d865-8fe2-47de-9a30-10e1dea3bd1d', 'usr_481');
INSERT INTO trabalho.log_acesso VALUES ('log_481_0_1', 'b553d865-8fe2-47de-9a30-10e1dea3bd1d', 'usr_481');
INSERT INTO trabalho.log_acesso VALUES ('log_481_1_1', 'b553d865-8fe2-47de-9a30-10e1dea3bd1d', 'usr_481');
INSERT INTO trabalho.usuario_esta_inscrito_no_podcast VALUES (2, 'de2f0ddb-9903-436a-a5e2-54224254c818', 'usr_481');
INSERT INTO trabalho.comentarios_podcast_usuario VALUES ('comment_481_0_2', 'Et nobis repellat porro.', 'de2f0ddb-9903-436a-a5e2-54224254c818', 'usr_481');
INSERT INTO trabalho.comentarios_podcast_usuario VALUES ('comment_481_1_2', 'Magnam sunt debitis distinctio qui sint omnis veniam explicabo consectetur.', 'de2f0ddb-9903-436a-a5e2-54224254c818', 'usr_481');
INSERT INTO trabalho.comentarios_podcast_usuario VALUES ('comment_481_2_2', 'Sint ratione ut qui doloribus pariatur quidem quod corporis.', 'de2f0ddb-9903-436a-a5e2-54224254c818', 'usr_481');
INSERT INTO trabalho.comentarios_podcast_usuario VALUES ('comment_481_3_2', 'Suscipit laboriosam hic rem cumque voluptatem vel.', 'de2f0ddb-9903-436a-a5e2-54224254c818', 'usr_481');
INSERT INTO trabalho.log_acesso VALUES ('log_481_0_2', 'de2f0ddb-9903-436a-a5e2-54224254c818', 'usr_481');
INSERT INTO trabalho.log_acesso VALUES ('log_481_1_2', 'de2f0ddb-9903-436a-a5e2-54224254c818', 'usr_481');
INSERT INTO trabalho.log_acesso VALUES ('log_481_2_2', 'de2f0ddb-9903-436a-a5e2-54224254c818', 'usr_481');
INSERT INTO trabalho.usuario VALUES ('usr_482', '482_Slvia.Macedo11@gmail.com', 'Sílvia Macedo', 'female', 10, trabalho.hashPassword('Password123'), 'Guiné Equatorial');
INSERT INTO trabalho.usuario_esta_inscrito_no_podcast VALUES (5, '67074e68-bc2f-442b-8af2-7d328b6af6eb', 'usr_482');
INSERT INTO trabalho.comentarios_podcast_usuario VALUES ('comment_482_0_0', 'Consequatur commodi aut quod aut voluptatem voluptate est.', '67074e68-bc2f-442b-8af2-7d328b6af6eb', 'usr_482');
INSERT INTO trabalho.comentarios_podcast_usuario VALUES ('comment_482_1_0', 'Nisi sapiente veniam suscipit voluptate autem illo.', '67074e68-bc2f-442b-8af2-7d328b6af6eb', 'usr_482');
INSERT INTO trabalho.comentarios_podcast_usuario VALUES ('comment_482_2_0', 'Doloremque accusamus labore.', '67074e68-bc2f-442b-8af2-7d328b6af6eb', 'usr_482');
INSERT INTO trabalho.log_acesso VALUES ('log_482_0_0', '67074e68-bc2f-442b-8af2-7d328b6af6eb', 'usr_482');
INSERT INTO trabalho.log_acesso VALUES ('log_482_1_0', '67074e68-bc2f-442b-8af2-7d328b6af6eb', 'usr_482');
INSERT INTO trabalho.log_acesso VALUES ('log_482_2_0', '67074e68-bc2f-442b-8af2-7d328b6af6eb', 'usr_482');
INSERT INTO trabalho.usuario_esta_inscrito_no_podcast VALUES (3, 'bc8dac25-793c-4a96-aafc-4ea7020f4f60', 'usr_482');
INSERT INTO trabalho.comentarios_podcast_usuario VALUES ('comment_482_0_1', 'Exercitationem fugit incidunt velit in quam maxime.', 'bc8dac25-793c-4a96-aafc-4ea7020f4f60', 'usr_482');
INSERT INTO trabalho.comentarios_podcast_usuario VALUES ('comment_482_1_1', 'Accusamus qui enim modi vitae veritatis quisquam.', 'bc8dac25-793c-4a96-aafc-4ea7020f4f60', 'usr_482');
INSERT INTO trabalho.log_acesso VALUES ('log_482_0_1', 'bc8dac25-793c-4a96-aafc-4ea7020f4f60', 'usr_482');
INSERT INTO trabalho.log_acesso VALUES ('log_482_1_1', 'bc8dac25-793c-4a96-aafc-4ea7020f4f60', 'usr_482');
INSERT INTO trabalho.log_acesso VALUES ('log_482_2_1', 'bc8dac25-793c-4a96-aafc-4ea7020f4f60', 'usr_482');
INSERT INTO trabalho.usuario_esta_inscrito_no_podcast VALUES (4, 'fa3abe16-3645-4d22-a01d-893e6f20c408', 'usr_482');
INSERT INTO trabalho.comentarios_podcast_usuario VALUES ('comment_482_0_2', 'Iste ipsam sit eius voluptatibus doloremque tenetur ex reiciendis.', 'fa3abe16-3645-4d22-a01d-893e6f20c408', 'usr_482');
INSERT INTO trabalho.comentarios_podcast_usuario VALUES ('comment_482_1_2', 'Soluta magnam quasi et eos eius quia architecto.', 'fa3abe16-3645-4d22-a01d-893e6f20c408', 'usr_482');
INSERT INTO trabalho.comentarios_podcast_usuario VALUES ('comment_482_2_2', 'Beatae soluta in omnis voluptatem culpa sequi occaecati.', 'fa3abe16-3645-4d22-a01d-893e6f20c408', 'usr_482');
INSERT INTO trabalho.comentarios_podcast_usuario VALUES ('comment_482_3_2', 'Quo numquam excepturi perferendis labore cumque aut officiis.', 'fa3abe16-3645-4d22-a01d-893e6f20c408', 'usr_482');
INSERT INTO trabalho.log_acesso VALUES ('log_482_0_2', 'fa3abe16-3645-4d22-a01d-893e6f20c408', 'usr_482');
INSERT INTO trabalho.log_acesso VALUES ('log_482_1_2', 'fa3abe16-3645-4d22-a01d-893e6f20c408', 'usr_482');
INSERT INTO trabalho.log_acesso VALUES ('log_482_2_2', 'fa3abe16-3645-4d22-a01d-893e6f20c408', 'usr_482');
INSERT INTO trabalho.log_acesso VALUES ('log_482_3_2', 'fa3abe16-3645-4d22-a01d-893e6f20c408', 'usr_482');
INSERT INTO trabalho.log_acesso VALUES ('log_482_4_2', 'fa3abe16-3645-4d22-a01d-893e6f20c408', 'usr_482');
INSERT INTO trabalho.usuario VALUES ('usr_483', '483_Morgana11@gmail.com', 'Morgana Souza', 'female', 14, trabalho.hashPassword('Password123'), 'Mauritânia');
INSERT INTO trabalho.usuario_esta_inscrito_no_podcast VALUES (3, 'f8e13774-d631-4f34-93f0-2f5d55590265', 'usr_483');
INSERT INTO trabalho.comentarios_podcast_usuario VALUES ('comment_483_0_0', 'Cumque et officia ut eum modi sit voluptatem ad qui.', 'f8e13774-d631-4f34-93f0-2f5d55590265', 'usr_483');
INSERT INTO trabalho.log_acesso VALUES ('log_483_0_0', 'f8e13774-d631-4f34-93f0-2f5d55590265', 'usr_483');
INSERT INTO trabalho.log_acesso VALUES ('log_483_1_0', 'f8e13774-d631-4f34-93f0-2f5d55590265', 'usr_483');
INSERT INTO trabalho.log_acesso VALUES ('log_483_2_0', 'f8e13774-d631-4f34-93f0-2f5d55590265', 'usr_483');
INSERT INTO trabalho.usuario_esta_inscrito_no_podcast VALUES (4, '5bdf7377-8330-4f9f-8efd-e95301c122ce', 'usr_483');
INSERT INTO trabalho.comentarios_podcast_usuario VALUES ('comment_483_0_1', 'Est id eum quos nihil sunt.', '5bdf7377-8330-4f9f-8efd-e95301c122ce', 'usr_483');
INSERT INTO trabalho.comentarios_podcast_usuario VALUES ('comment_483_1_1', 'Et reiciendis nihil sapiente repellendus.', '5bdf7377-8330-4f9f-8efd-e95301c122ce', 'usr_483');
INSERT INTO trabalho.comentarios_podcast_usuario VALUES ('comment_483_2_1', 'Qui non ipsa quisquam quia omnis animi.', '5bdf7377-8330-4f9f-8efd-e95301c122ce', 'usr_483');
INSERT INTO trabalho.comentarios_podcast_usuario VALUES ('comment_483_3_1', 'Consequuntur consectetur vitae et.', '5bdf7377-8330-4f9f-8efd-e95301c122ce', 'usr_483');
INSERT INTO trabalho.log_acesso VALUES ('log_483_0_1', '5bdf7377-8330-4f9f-8efd-e95301c122ce', 'usr_483');
INSERT INTO trabalho.usuario_esta_inscrito_no_podcast VALUES (1, 'f0166bd2-8e4d-4308-b5d7-0b3d627c5dc5', 'usr_483');
INSERT INTO trabalho.comentarios_podcast_usuario VALUES ('comment_483_0_2', 'Architecto blanditiis atque occaecati voluptatem iure quis praesentium consectetur qui.', 'f0166bd2-8e4d-4308-b5d7-0b3d627c5dc5', 'usr_483');
INSERT INTO trabalho.log_acesso VALUES ('log_483_0_2', 'f0166bd2-8e4d-4308-b5d7-0b3d627c5dc5', 'usr_483');
INSERT INTO trabalho.log_acesso VALUES ('log_483_1_2', 'f0166bd2-8e4d-4308-b5d7-0b3d627c5dc5', 'usr_483');
INSERT INTO trabalho.log_acesso VALUES ('log_483_2_2', 'f0166bd2-8e4d-4308-b5d7-0b3d627c5dc5', 'usr_483');
INSERT INTO trabalho.usuario VALUES ('usr_484', '484_Bryan_Santos84@yahoo.com', 'Bryan Santos', 'male', 26, trabalho.hashPassword('Password123'), 'Bôsnia');
INSERT INTO trabalho.usuario_esta_inscrito_no_podcast VALUES (0, 'c58b280a-56d4-4ad8-8c85-730e4ea86361', 'usr_484');
INSERT INTO trabalho.comentarios_podcast_usuario VALUES ('comment_484_0_0', 'Ducimus sit tenetur quis.', 'c58b280a-56d4-4ad8-8c85-730e4ea86361', 'usr_484');
INSERT INTO trabalho.comentarios_podcast_usuario VALUES ('comment_484_1_0', 'Enim qui aperiam aut.', 'c58b280a-56d4-4ad8-8c85-730e4ea86361', 'usr_484');
INSERT INTO trabalho.log_acesso VALUES ('log_484_0_0', 'c58b280a-56d4-4ad8-8c85-730e4ea86361', 'usr_484');
INSERT INTO trabalho.log_acesso VALUES ('log_484_1_0', 'c58b280a-56d4-4ad8-8c85-730e4ea86361', 'usr_484');
INSERT INTO trabalho.log_acesso VALUES ('log_484_2_0', 'c58b280a-56d4-4ad8-8c85-730e4ea86361', 'usr_484');
INSERT INTO trabalho.log_acesso VALUES ('log_484_3_0', 'c58b280a-56d4-4ad8-8c85-730e4ea86361', 'usr_484');
INSERT INTO trabalho.usuario_esta_inscrito_no_podcast VALUES (0, 'b553d865-8fe2-47de-9a30-10e1dea3bd1d', 'usr_484');
INSERT INTO trabalho.comentarios_podcast_usuario VALUES ('comment_484_0_1', 'Voluptatum ut beatae sed sequi quis.', 'b553d865-8fe2-47de-9a30-10e1dea3bd1d', 'usr_484');
INSERT INTO trabalho.comentarios_podcast_usuario VALUES ('comment_484_1_1', 'Eligendi magni minus quam vitae voluptatem autem sapiente ex.', 'b553d865-8fe2-47de-9a30-10e1dea3bd1d', 'usr_484');
INSERT INTO trabalho.log_acesso VALUES ('log_484_0_1', 'b553d865-8fe2-47de-9a30-10e1dea3bd1d', 'usr_484');
INSERT INTO trabalho.log_acesso VALUES ('log_484_1_1', 'b553d865-8fe2-47de-9a30-10e1dea3bd1d', 'usr_484');
INSERT INTO trabalho.usuario_esta_inscrito_no_podcast VALUES (3, 'de2f0ddb-9903-436a-a5e2-54224254c818', 'usr_484');
INSERT INTO trabalho.comentarios_podcast_usuario VALUES ('comment_484_0_2', 'Dicta repellendus ipsam hic ipsa aut et accusamus.', 'de2f0ddb-9903-436a-a5e2-54224254c818', 'usr_484');
INSERT INTO trabalho.comentarios_podcast_usuario VALUES ('comment_484_1_2', 'Totam rerum ea est sed error soluta natus.', 'de2f0ddb-9903-436a-a5e2-54224254c818', 'usr_484');
INSERT INTO trabalho.comentarios_podcast_usuario VALUES ('comment_484_2_2', 'Consequatur animi et dolor aperiam maiores maiores soluta.', 'de2f0ddb-9903-436a-a5e2-54224254c818', 'usr_484');
INSERT INTO trabalho.comentarios_podcast_usuario VALUES ('comment_484_3_2', 'Doloribus ullam incidunt temporibus sapiente commodi nesciunt doloribus veritatis et.', 'de2f0ddb-9903-436a-a5e2-54224254c818', 'usr_484');
INSERT INTO trabalho.log_acesso VALUES ('log_484_0_2', 'de2f0ddb-9903-436a-a5e2-54224254c818', 'usr_484');
INSERT INTO trabalho.log_acesso VALUES ('log_484_1_2', 'de2f0ddb-9903-436a-a5e2-54224254c818', 'usr_484');
INSERT INTO trabalho.log_acesso VALUES ('log_484_2_2', 'de2f0ddb-9903-436a-a5e2-54224254c818', 'usr_484');
INSERT INTO trabalho.log_acesso VALUES ('log_484_3_2', 'de2f0ddb-9903-436a-a5e2-54224254c818', 'usr_484');
INSERT INTO trabalho.log_acesso VALUES ('log_484_4_2', 'de2f0ddb-9903-436a-a5e2-54224254c818', 'usr_484');
INSERT INTO trabalho.log_acesso VALUES ('log_484_5_2', 'de2f0ddb-9903-436a-a5e2-54224254c818', 'usr_484');
INSERT INTO trabalho.usuario VALUES ('usr_485', '485_Ladislau.Costa@hotmail.com', 'Ladislau Costa', 'male', 53, trabalho.hashPassword('Password123'), 'Costa Rica');
INSERT INTO trabalho.usuario_esta_inscrito_no_podcast VALUES (0, '168c1536-4c42-4b8f-8c77-f06affefec6a', 'usr_485');
INSERT INTO trabalho.comentarios_podcast_usuario VALUES ('comment_485_0_0', 'Facere maiores inventore itaque et nam.', '168c1536-4c42-4b8f-8c77-f06affefec6a', 'usr_485');
INSERT INTO trabalho.comentarios_podcast_usuario VALUES ('comment_485_1_0', 'Delectus rem aut nulla itaque voluptatem rerum.', '168c1536-4c42-4b8f-8c77-f06affefec6a', 'usr_485');
INSERT INTO trabalho.comentarios_podcast_usuario VALUES ('comment_485_2_0', 'Eum voluptas sint nemo.', '168c1536-4c42-4b8f-8c77-f06affefec6a', 'usr_485');
INSERT INTO trabalho.comentarios_podcast_usuario VALUES ('comment_485_3_0', 'At consequatur ad commodi et omnis quas ut aut qui.', '168c1536-4c42-4b8f-8c77-f06affefec6a', 'usr_485');
INSERT INTO trabalho.log_acesso VALUES ('log_485_0_0', '168c1536-4c42-4b8f-8c77-f06affefec6a', 'usr_485');
INSERT INTO trabalho.log_acesso VALUES ('log_485_1_0', '168c1536-4c42-4b8f-8c77-f06affefec6a', 'usr_485');
INSERT INTO trabalho.log_acesso VALUES ('log_485_2_0', '168c1536-4c42-4b8f-8c77-f06affefec6a', 'usr_485');
INSERT INTO trabalho.usuario_esta_inscrito_no_podcast VALUES (5, '5bdf7377-8330-4f9f-8efd-e95301c122ce', 'usr_485');
INSERT INTO trabalho.comentarios_podcast_usuario VALUES ('comment_485_0_1', 'Eum ullam at quae eos dolores laudantium.', '5bdf7377-8330-4f9f-8efd-e95301c122ce', 'usr_485');
INSERT INTO trabalho.comentarios_podcast_usuario VALUES ('comment_485_1_1', 'Odio quae minus beatae nam minima est.', '5bdf7377-8330-4f9f-8efd-e95301c122ce', 'usr_485');
INSERT INTO trabalho.comentarios_podcast_usuario VALUES ('comment_485_2_1', 'Debitis ut consequuntur debitis aliquid.', '5bdf7377-8330-4f9f-8efd-e95301c122ce', 'usr_485');
INSERT INTO trabalho.log_acesso VALUES ('log_485_0_1', '5bdf7377-8330-4f9f-8efd-e95301c122ce', 'usr_485');
INSERT INTO trabalho.log_acesso VALUES ('log_485_1_1', '5bdf7377-8330-4f9f-8efd-e95301c122ce', 'usr_485');
INSERT INTO trabalho.log_acesso VALUES ('log_485_2_1', '5bdf7377-8330-4f9f-8efd-e95301c122ce', 'usr_485');
INSERT INTO trabalho.log_acesso VALUES ('log_485_3_1', '5bdf7377-8330-4f9f-8efd-e95301c122ce', 'usr_485');
INSERT INTO trabalho.log_acesso VALUES ('log_485_4_1', '5bdf7377-8330-4f9f-8efd-e95301c122ce', 'usr_485');
INSERT INTO trabalho.log_acesso VALUES ('log_485_5_1', '5bdf7377-8330-4f9f-8efd-e95301c122ce', 'usr_485');
INSERT INTO trabalho.usuario_esta_inscrito_no_podcast VALUES (5, 'f8e13774-d631-4f34-93f0-2f5d55590265', 'usr_485');
INSERT INTO trabalho.comentarios_podcast_usuario VALUES ('comment_485_0_2', 'Distinctio et ut consectetur sint aut velit ipsa vel magni.', 'f8e13774-d631-4f34-93f0-2f5d55590265', 'usr_485');
INSERT INTO trabalho.comentarios_podcast_usuario VALUES ('comment_485_1_2', 'Rem temporibus possimus expedita quas ipsam ad.', 'f8e13774-d631-4f34-93f0-2f5d55590265', 'usr_485');
INSERT INTO trabalho.log_acesso VALUES ('log_485_0_2', 'f8e13774-d631-4f34-93f0-2f5d55590265', 'usr_485');
INSERT INTO trabalho.log_acesso VALUES ('log_485_1_2', 'f8e13774-d631-4f34-93f0-2f5d55590265', 'usr_485');
INSERT INTO trabalho.log_acesso VALUES ('log_485_2_2', 'f8e13774-d631-4f34-93f0-2f5d55590265', 'usr_485');
INSERT INTO trabalho.log_acesso VALUES ('log_485_3_2', 'f8e13774-d631-4f34-93f0-2f5d55590265', 'usr_485');
INSERT INTO trabalho.usuario VALUES ('usr_486', '486_Gabriel.Carvalho@gmail.com', 'Gabriel Carvalho', 'male', 42, trabalho.hashPassword('Password123'), 'Suécia');
INSERT INTO trabalho.usuario_esta_inscrito_no_podcast VALUES (3, 'fa3abe16-3645-4d22-a01d-893e6f20c408', 'usr_486');
INSERT INTO trabalho.comentarios_podcast_usuario VALUES ('comment_486_0_0', 'Ad at sint tempora voluptas cumque.', 'fa3abe16-3645-4d22-a01d-893e6f20c408', 'usr_486');
INSERT INTO trabalho.comentarios_podcast_usuario VALUES ('comment_486_1_0', 'Sit velit veritatis quasi cumque ut voluptatum non ipsam ut.', 'fa3abe16-3645-4d22-a01d-893e6f20c408', 'usr_486');
INSERT INTO trabalho.log_acesso VALUES ('log_486_0_0', 'fa3abe16-3645-4d22-a01d-893e6f20c408', 'usr_486');
INSERT INTO trabalho.log_acesso VALUES ('log_486_1_0', 'fa3abe16-3645-4d22-a01d-893e6f20c408', 'usr_486');
INSERT INTO trabalho.log_acesso VALUES ('log_486_2_0', 'fa3abe16-3645-4d22-a01d-893e6f20c408', 'usr_486');
INSERT INTO trabalho.log_acesso VALUES ('log_486_3_0', 'fa3abe16-3645-4d22-a01d-893e6f20c408', 'usr_486');
INSERT INTO trabalho.log_acesso VALUES ('log_486_4_0', 'fa3abe16-3645-4d22-a01d-893e6f20c408', 'usr_486');
INSERT INTO trabalho.usuario_esta_inscrito_no_podcast VALUES (0, '67074e68-bc2f-442b-8af2-7d328b6af6eb', 'usr_486');
INSERT INTO trabalho.comentarios_podcast_usuario VALUES ('comment_486_0_1', 'Itaque deleniti rerum voluptas asperiores enim corporis cumque perferendis.', '67074e68-bc2f-442b-8af2-7d328b6af6eb', 'usr_486');
INSERT INTO trabalho.comentarios_podcast_usuario VALUES ('comment_486_1_1', 'Est et voluptatem accusamus veniam vero ea modi cumque vitae.', '67074e68-bc2f-442b-8af2-7d328b6af6eb', 'usr_486');
INSERT INTO trabalho.comentarios_podcast_usuario VALUES ('comment_486_2_1', 'Excepturi rerum ipsum et quis est est nulla tenetur rerum.', '67074e68-bc2f-442b-8af2-7d328b6af6eb', 'usr_486');
INSERT INTO trabalho.comentarios_podcast_usuario VALUES ('comment_486_3_1', 'Amet ipsum possimus nulla fugiat magni voluptatum et omnis.', '67074e68-bc2f-442b-8af2-7d328b6af6eb', 'usr_486');
INSERT INTO trabalho.log_acesso VALUES ('log_486_0_1', '67074e68-bc2f-442b-8af2-7d328b6af6eb', 'usr_486');
INSERT INTO trabalho.usuario_esta_inscrito_no_podcast VALUES (5, 'b553d865-8fe2-47de-9a30-10e1dea3bd1d', 'usr_486');
INSERT INTO trabalho.comentarios_podcast_usuario VALUES ('comment_486_0_2', 'Esse nesciunt itaque error iure officia consequatur.', 'b553d865-8fe2-47de-9a30-10e1dea3bd1d', 'usr_486');
INSERT INTO trabalho.comentarios_podcast_usuario VALUES ('comment_486_1_2', 'Atque alias ducimus labore temporibus autem esse reiciendis quibusdam incidunt.', 'b553d865-8fe2-47de-9a30-10e1dea3bd1d', 'usr_486');
INSERT INTO trabalho.comentarios_podcast_usuario VALUES ('comment_486_2_2', 'Voluptas quaerat quidem corporis dignissimos ad voluptates enim iure.', 'b553d865-8fe2-47de-9a30-10e1dea3bd1d', 'usr_486');
INSERT INTO trabalho.comentarios_podcast_usuario VALUES ('comment_486_3_2', 'Ut nisi nam aut aut est.', 'b553d865-8fe2-47de-9a30-10e1dea3bd1d', 'usr_486');
INSERT INTO trabalho.log_acesso VALUES ('log_486_0_2', 'b553d865-8fe2-47de-9a30-10e1dea3bd1d', 'usr_486');
INSERT INTO trabalho.log_acesso VALUES ('log_486_1_2', 'b553d865-8fe2-47de-9a30-10e1dea3bd1d', 'usr_486');
INSERT INTO trabalho.log_acesso VALUES ('log_486_2_2', 'b553d865-8fe2-47de-9a30-10e1dea3bd1d', 'usr_486');
INSERT INTO trabalho.usuario VALUES ('usr_487', '487_Janana98@hotmail.com', 'Janaína Martins', 'female', 59, trabalho.hashPassword('Password123'), 'Guiné Francesa');
INSERT INTO trabalho.usuario_esta_inscrito_no_podcast VALUES (3, '5bdf7377-8330-4f9f-8efd-e95301c122ce', 'usr_487');
INSERT INTO trabalho.comentarios_podcast_usuario VALUES ('comment_487_0_0', 'Impedit ea adipisci ut.', '5bdf7377-8330-4f9f-8efd-e95301c122ce', 'usr_487');
INSERT INTO trabalho.comentarios_podcast_usuario VALUES ('comment_487_1_0', 'Enim eos optio officia dolores.', '5bdf7377-8330-4f9f-8efd-e95301c122ce', 'usr_487');
INSERT INTO trabalho.comentarios_podcast_usuario VALUES ('comment_487_2_0', 'Soluta nulla eligendi ut nam dolore a enim ipsam sint.', '5bdf7377-8330-4f9f-8efd-e95301c122ce', 'usr_487');
INSERT INTO trabalho.comentarios_podcast_usuario VALUES ('comment_487_3_0', 'Pariatur quia officia eos libero dicta illum enim.', '5bdf7377-8330-4f9f-8efd-e95301c122ce', 'usr_487');
INSERT INTO trabalho.log_acesso VALUES ('log_487_0_0', '5bdf7377-8330-4f9f-8efd-e95301c122ce', 'usr_487');
INSERT INTO trabalho.log_acesso VALUES ('log_487_1_0', '5bdf7377-8330-4f9f-8efd-e95301c122ce', 'usr_487');
INSERT INTO trabalho.log_acesso VALUES ('log_487_2_0', '5bdf7377-8330-4f9f-8efd-e95301c122ce', 'usr_487');
INSERT INTO trabalho.log_acesso VALUES ('log_487_3_0', '5bdf7377-8330-4f9f-8efd-e95301c122ce', 'usr_487');
INSERT INTO trabalho.usuario_esta_inscrito_no_podcast VALUES (0, '67074e68-bc2f-442b-8af2-7d328b6af6eb', 'usr_487');
INSERT INTO trabalho.comentarios_podcast_usuario VALUES ('comment_487_0_1', 'Non sint architecto iure.', '67074e68-bc2f-442b-8af2-7d328b6af6eb', 'usr_487');
INSERT INTO trabalho.comentarios_podcast_usuario VALUES ('comment_487_1_1', 'Expedita voluptatem voluptates omnis architecto ea eos consequatur repellat.', '67074e68-bc2f-442b-8af2-7d328b6af6eb', 'usr_487');
INSERT INTO trabalho.comentarios_podcast_usuario VALUES ('comment_487_2_1', 'Error eum rerum libero earum tempore.', '67074e68-bc2f-442b-8af2-7d328b6af6eb', 'usr_487');
INSERT INTO trabalho.comentarios_podcast_usuario VALUES ('comment_487_3_1', 'Ea dolorem nisi voluptatibus odit ad incidunt quasi repellat.', '67074e68-bc2f-442b-8af2-7d328b6af6eb', 'usr_487');
INSERT INTO trabalho.comentarios_podcast_usuario VALUES ('comment_487_4_1', 'Soluta id ipsam inventore distinctio fugit autem.', '67074e68-bc2f-442b-8af2-7d328b6af6eb', 'usr_487');
INSERT INTO trabalho.log_acesso VALUES ('log_487_0_1', '67074e68-bc2f-442b-8af2-7d328b6af6eb', 'usr_487');
INSERT INTO trabalho.log_acesso VALUES ('log_487_1_1', '67074e68-bc2f-442b-8af2-7d328b6af6eb', 'usr_487');
INSERT INTO trabalho.usuario_esta_inscrito_no_podcast VALUES (3, 'f0166bd2-8e4d-4308-b5d7-0b3d627c5dc5', 'usr_487');
INSERT INTO trabalho.comentarios_podcast_usuario VALUES ('comment_487_0_2', 'Omnis aut corporis quaerat harum deserunt neque non rerum ut.', 'f0166bd2-8e4d-4308-b5d7-0b3d627c5dc5', 'usr_487');
INSERT INTO trabalho.comentarios_podcast_usuario VALUES ('comment_487_1_2', 'Consequuntur ut voluptas accusamus ea.', 'f0166bd2-8e4d-4308-b5d7-0b3d627c5dc5', 'usr_487');
INSERT INTO trabalho.comentarios_podcast_usuario VALUES ('comment_487_2_2', 'Blanditiis et atque quisquam repellendus et qui eos atque.', 'f0166bd2-8e4d-4308-b5d7-0b3d627c5dc5', 'usr_487');
INSERT INTO trabalho.log_acesso VALUES ('log_487_0_2', 'f0166bd2-8e4d-4308-b5d7-0b3d627c5dc5', 'usr_487');
INSERT INTO trabalho.log_acesso VALUES ('log_487_1_2', 'f0166bd2-8e4d-4308-b5d7-0b3d627c5dc5', 'usr_487');
INSERT INTO trabalho.log_acesso VALUES ('log_487_2_2', 'f0166bd2-8e4d-4308-b5d7-0b3d627c5dc5', 'usr_487');
INSERT INTO trabalho.usuario VALUES ('usr_488', '488_Enzo_Oliveira46@hotmail.com', 'Enzo Oliveira', 'male', 7, trabalho.hashPassword('Password123'), 'Nova Caledonia');
INSERT INTO trabalho.usuario_esta_inscrito_no_podcast VALUES (4, '168c1536-4c42-4b8f-8c77-f06affefec6a', 'usr_488');
INSERT INTO trabalho.comentarios_podcast_usuario VALUES ('comment_488_0_0', 'Dolorem cupiditate aut laudantium voluptas aut consequuntur dolor.', '168c1536-4c42-4b8f-8c77-f06affefec6a', 'usr_488');
INSERT INTO trabalho.comentarios_podcast_usuario VALUES ('comment_488_1_0', 'In occaecati dolore.', '168c1536-4c42-4b8f-8c77-f06affefec6a', 'usr_488');
INSERT INTO trabalho.comentarios_podcast_usuario VALUES ('comment_488_2_0', 'Dolor repellat ut porro inventore est saepe.', '168c1536-4c42-4b8f-8c77-f06affefec6a', 'usr_488');
INSERT INTO trabalho.comentarios_podcast_usuario VALUES ('comment_488_3_0', 'Nobis dicta ipsum necessitatibus cum corrupti sed.', '168c1536-4c42-4b8f-8c77-f06affefec6a', 'usr_488');
INSERT INTO trabalho.comentarios_podcast_usuario VALUES ('comment_488_4_0', 'Facilis corporis ab.', '168c1536-4c42-4b8f-8c77-f06affefec6a', 'usr_488');
INSERT INTO trabalho.log_acesso VALUES ('log_488_0_0', '168c1536-4c42-4b8f-8c77-f06affefec6a', 'usr_488');
INSERT INTO trabalho.usuario_esta_inscrito_no_podcast VALUES (0, '5bdf7377-8330-4f9f-8efd-e95301c122ce', 'usr_488');
INSERT INTO trabalho.comentarios_podcast_usuario VALUES ('comment_488_0_1', 'Eaque placeat molestiae repudiandae iusto.', '5bdf7377-8330-4f9f-8efd-e95301c122ce', 'usr_488');
INSERT INTO trabalho.log_acesso VALUES ('log_488_0_1', '5bdf7377-8330-4f9f-8efd-e95301c122ce', 'usr_488');
INSERT INTO trabalho.log_acesso VALUES ('log_488_1_1', '5bdf7377-8330-4f9f-8efd-e95301c122ce', 'usr_488');
INSERT INTO trabalho.log_acesso VALUES ('log_488_2_1', '5bdf7377-8330-4f9f-8efd-e95301c122ce', 'usr_488');
INSERT INTO trabalho.usuario_esta_inscrito_no_podcast VALUES (1, 'de2f0ddb-9903-436a-a5e2-54224254c818', 'usr_488');
INSERT INTO trabalho.comentarios_podcast_usuario VALUES ('comment_488_0_2', 'Molestiae quis possimus iusto et ut.', 'de2f0ddb-9903-436a-a5e2-54224254c818', 'usr_488');
INSERT INTO trabalho.comentarios_podcast_usuario VALUES ('comment_488_1_2', 'Voluptatem et quis expedita ut.', 'de2f0ddb-9903-436a-a5e2-54224254c818', 'usr_488');
INSERT INTO trabalho.comentarios_podcast_usuario VALUES ('comment_488_2_2', 'Natus quia occaecati qui explicabo.', 'de2f0ddb-9903-436a-a5e2-54224254c818', 'usr_488');
INSERT INTO trabalho.log_acesso VALUES ('log_488_0_2', 'de2f0ddb-9903-436a-a5e2-54224254c818', 'usr_488');
INSERT INTO trabalho.log_acesso VALUES ('log_488_1_2', 'de2f0ddb-9903-436a-a5e2-54224254c818', 'usr_488');
INSERT INTO trabalho.log_acesso VALUES ('log_488_2_2', 'de2f0ddb-9903-436a-a5e2-54224254c818', 'usr_488');
INSERT INTO trabalho.log_acesso VALUES ('log_488_3_2', 'de2f0ddb-9903-436a-a5e2-54224254c818', 'usr_488');
INSERT INTO trabalho.log_acesso VALUES ('log_488_4_2', 'de2f0ddb-9903-436a-a5e2-54224254c818', 'usr_488');
INSERT INTO trabalho.usuario VALUES ('usr_489', '489_Marcelo.Oliveira36@gmail.com', 'Marcelo Oliveira', 'male', 31, trabalho.hashPassword('Password123'), 'Nauru');
INSERT INTO trabalho.usuario_esta_inscrito_no_podcast VALUES (2, 'f8e13774-d631-4f34-93f0-2f5d55590265', 'usr_489');
INSERT INTO trabalho.comentarios_podcast_usuario VALUES ('comment_489_0_0', 'Est et et.', 'f8e13774-d631-4f34-93f0-2f5d55590265', 'usr_489');
INSERT INTO trabalho.comentarios_podcast_usuario VALUES ('comment_489_1_0', 'Ut esse ut velit molestias aut officia quisquam dolorem dolore.', 'f8e13774-d631-4f34-93f0-2f5d55590265', 'usr_489');
INSERT INTO trabalho.comentarios_podcast_usuario VALUES ('comment_489_2_0', 'Officia quas magnam quae nostrum voluptas.', 'f8e13774-d631-4f34-93f0-2f5d55590265', 'usr_489');
INSERT INTO trabalho.log_acesso VALUES ('log_489_0_0', 'f8e13774-d631-4f34-93f0-2f5d55590265', 'usr_489');
INSERT INTO trabalho.log_acesso VALUES ('log_489_1_0', 'f8e13774-d631-4f34-93f0-2f5d55590265', 'usr_489');
INSERT INTO trabalho.log_acesso VALUES ('log_489_2_0', 'f8e13774-d631-4f34-93f0-2f5d55590265', 'usr_489');
INSERT INTO trabalho.usuario_esta_inscrito_no_podcast VALUES (2, '67074e68-bc2f-442b-8af2-7d328b6af6eb', 'usr_489');
INSERT INTO trabalho.comentarios_podcast_usuario VALUES ('comment_489_0_1', 'Animi voluptates sint nobis et dolor.', '67074e68-bc2f-442b-8af2-7d328b6af6eb', 'usr_489');
INSERT INTO trabalho.comentarios_podcast_usuario VALUES ('comment_489_1_1', 'Nesciunt ut omnis ullam sit quis officiis.', '67074e68-bc2f-442b-8af2-7d328b6af6eb', 'usr_489');
INSERT INTO trabalho.comentarios_podcast_usuario VALUES ('comment_489_2_1', 'Asperiores omnis tempore quas perferendis.', '67074e68-bc2f-442b-8af2-7d328b6af6eb', 'usr_489');
INSERT INTO trabalho.comentarios_podcast_usuario VALUES ('comment_489_3_1', 'Qui et aut et possimus omnis est consequatur eligendi autem.', '67074e68-bc2f-442b-8af2-7d328b6af6eb', 'usr_489');
INSERT INTO trabalho.log_acesso VALUES ('log_489_0_1', '67074e68-bc2f-442b-8af2-7d328b6af6eb', 'usr_489');
INSERT INTO trabalho.log_acesso VALUES ('log_489_1_1', '67074e68-bc2f-442b-8af2-7d328b6af6eb', 'usr_489');
INSERT INTO trabalho.log_acesso VALUES ('log_489_2_1', '67074e68-bc2f-442b-8af2-7d328b6af6eb', 'usr_489');
INSERT INTO trabalho.log_acesso VALUES ('log_489_3_1', '67074e68-bc2f-442b-8af2-7d328b6af6eb', 'usr_489');
INSERT INTO trabalho.log_acesso VALUES ('log_489_4_1', '67074e68-bc2f-442b-8af2-7d328b6af6eb', 'usr_489');
INSERT INTO trabalho.usuario_esta_inscrito_no_podcast VALUES (4, '7e429e8e-7669-403d-bb78-3cd7f9f75afd', 'usr_489');
INSERT INTO trabalho.comentarios_podcast_usuario VALUES ('comment_489_0_2', 'Deleniti iure quae unde natus similique cumque ex omnis voluptatem.', '7e429e8e-7669-403d-bb78-3cd7f9f75afd', 'usr_489');
INSERT INTO trabalho.comentarios_podcast_usuario VALUES ('comment_489_1_2', 'Dolores dolorum rem necessitatibus cumque quos.', '7e429e8e-7669-403d-bb78-3cd7f9f75afd', 'usr_489');
INSERT INTO trabalho.comentarios_podcast_usuario VALUES ('comment_489_2_2', 'Atque architecto aut.', '7e429e8e-7669-403d-bb78-3cd7f9f75afd', 'usr_489');
INSERT INTO trabalho.comentarios_podcast_usuario VALUES ('comment_489_3_2', 'In et quia exercitationem enim explicabo delectus at perferendis qui.', '7e429e8e-7669-403d-bb78-3cd7f9f75afd', 'usr_489');
INSERT INTO trabalho.log_acesso VALUES ('log_489_0_2', '7e429e8e-7669-403d-bb78-3cd7f9f75afd', 'usr_489');
INSERT INTO trabalho.log_acesso VALUES ('log_489_1_2', '7e429e8e-7669-403d-bb78-3cd7f9f75afd', 'usr_489');
INSERT INTO trabalho.log_acesso VALUES ('log_489_2_2', '7e429e8e-7669-403d-bb78-3cd7f9f75afd', 'usr_489');
INSERT INTO trabalho.usuario VALUES ('usr_490', '490_Antnio.Pereira37@live.com', 'Antônio Pereira', 'male', 50, trabalho.hashPassword('Password123'), 'Bolívia');
INSERT INTO trabalho.usuario_esta_inscrito_no_podcast VALUES (5, 'de2f0ddb-9903-436a-a5e2-54224254c818', 'usr_490');
INSERT INTO trabalho.comentarios_podcast_usuario VALUES ('comment_490_0_0', 'Dolore omnis aut est modi sit dolore commodi.', 'de2f0ddb-9903-436a-a5e2-54224254c818', 'usr_490');
INSERT INTO trabalho.comentarios_podcast_usuario VALUES ('comment_490_1_0', 'Provident voluptatem aut deleniti.', 'de2f0ddb-9903-436a-a5e2-54224254c818', 'usr_490');
INSERT INTO trabalho.comentarios_podcast_usuario VALUES ('comment_490_2_0', 'Dolorem provident et exercitationem veniam cum quas voluptatum eius.', 'de2f0ddb-9903-436a-a5e2-54224254c818', 'usr_490');
INSERT INTO trabalho.comentarios_podcast_usuario VALUES ('comment_490_3_0', 'Iste sint commodi eum sapiente labore.', 'de2f0ddb-9903-436a-a5e2-54224254c818', 'usr_490');
INSERT INTO trabalho.log_acesso VALUES ('log_490_0_0', 'de2f0ddb-9903-436a-a5e2-54224254c818', 'usr_490');
INSERT INTO trabalho.log_acesso VALUES ('log_490_1_0', 'de2f0ddb-9903-436a-a5e2-54224254c818', 'usr_490');
INSERT INTO trabalho.log_acesso VALUES ('log_490_2_0', 'de2f0ddb-9903-436a-a5e2-54224254c818', 'usr_490');
INSERT INTO trabalho.log_acesso VALUES ('log_490_3_0', 'de2f0ddb-9903-436a-a5e2-54224254c818', 'usr_490');
INSERT INTO trabalho.log_acesso VALUES ('log_490_4_0', 'de2f0ddb-9903-436a-a5e2-54224254c818', 'usr_490');
INSERT INTO trabalho.log_acesso VALUES ('log_490_5_0', 'de2f0ddb-9903-436a-a5e2-54224254c818', 'usr_490');
INSERT INTO trabalho.log_acesso VALUES ('log_490_6_0', 'de2f0ddb-9903-436a-a5e2-54224254c818', 'usr_490');
INSERT INTO trabalho.usuario_esta_inscrito_no_podcast VALUES (2, '7e429e8e-7669-403d-bb78-3cd7f9f75afd', 'usr_490');
INSERT INTO trabalho.comentarios_podcast_usuario VALUES ('comment_490_0_1', 'Sit earum tempore atque at.', '7e429e8e-7669-403d-bb78-3cd7f9f75afd', 'usr_490');
INSERT INTO trabalho.comentarios_podcast_usuario VALUES ('comment_490_1_1', 'Eveniet quasi vero porro.', '7e429e8e-7669-403d-bb78-3cd7f9f75afd', 'usr_490');
INSERT INTO trabalho.comentarios_podcast_usuario VALUES ('comment_490_2_1', 'Provident tenetur laboriosam maiores iure ut.', '7e429e8e-7669-403d-bb78-3cd7f9f75afd', 'usr_490');
INSERT INTO trabalho.comentarios_podcast_usuario VALUES ('comment_490_3_1', 'Harum exercitationem est veritatis enim quis ut eveniet nihil.', '7e429e8e-7669-403d-bb78-3cd7f9f75afd', 'usr_490');
INSERT INTO trabalho.log_acesso VALUES ('log_490_0_1', '7e429e8e-7669-403d-bb78-3cd7f9f75afd', 'usr_490');
INSERT INTO trabalho.log_acesso VALUES ('log_490_1_1', '7e429e8e-7669-403d-bb78-3cd7f9f75afd', 'usr_490');
INSERT INTO trabalho.log_acesso VALUES ('log_490_2_1', '7e429e8e-7669-403d-bb78-3cd7f9f75afd', 'usr_490');
INSERT INTO trabalho.log_acesso VALUES ('log_490_3_1', '7e429e8e-7669-403d-bb78-3cd7f9f75afd', 'usr_490');
INSERT INTO trabalho.log_acesso VALUES ('log_490_4_1', '7e429e8e-7669-403d-bb78-3cd7f9f75afd', 'usr_490');
INSERT INTO trabalho.log_acesso VALUES ('log_490_5_1', '7e429e8e-7669-403d-bb78-3cd7f9f75afd', 'usr_490');
INSERT INTO trabalho.log_acesso VALUES ('log_490_6_1', '7e429e8e-7669-403d-bb78-3cd7f9f75afd', 'usr_490');
INSERT INTO trabalho.usuario_esta_inscrito_no_podcast VALUES (3, '168c1536-4c42-4b8f-8c77-f06affefec6a', 'usr_490');
INSERT INTO trabalho.comentarios_podcast_usuario VALUES ('comment_490_0_2', 'Aspernatur molestiae nam dolores.', '168c1536-4c42-4b8f-8c77-f06affefec6a', 'usr_490');
INSERT INTO trabalho.comentarios_podcast_usuario VALUES ('comment_490_1_2', 'Veniam provident illum exercitationem nulla numquam cupiditate perspiciatis tempore delectus.', '168c1536-4c42-4b8f-8c77-f06affefec6a', 'usr_490');
INSERT INTO trabalho.log_acesso VALUES ('log_490_0_2', '168c1536-4c42-4b8f-8c77-f06affefec6a', 'usr_490');
INSERT INTO trabalho.log_acesso VALUES ('log_490_1_2', '168c1536-4c42-4b8f-8c77-f06affefec6a', 'usr_490');
INSERT INTO trabalho.log_acesso VALUES ('log_490_2_2', '168c1536-4c42-4b8f-8c77-f06affefec6a', 'usr_490');
INSERT INTO trabalho.log_acesso VALUES ('log_490_3_2', '168c1536-4c42-4b8f-8c77-f06affefec6a', 'usr_490');
INSERT INTO trabalho.log_acesso VALUES ('log_490_4_2', '168c1536-4c42-4b8f-8c77-f06affefec6a', 'usr_490');
INSERT INTO trabalho.usuario VALUES ('usr_491', '491_Eduardo44@hotmail.com', 'Eduardo Albuquerque', 'male', 41, trabalho.hashPassword('Password123'), 'Islândia');
INSERT INTO trabalho.usuario_esta_inscrito_no_podcast VALUES (0, 'f8e13774-d631-4f34-93f0-2f5d55590265', 'usr_491');
INSERT INTO trabalho.comentarios_podcast_usuario VALUES ('comment_491_0_0', 'Ut dolores et tempore eveniet nesciunt quo.', 'f8e13774-d631-4f34-93f0-2f5d55590265', 'usr_491');
INSERT INTO trabalho.comentarios_podcast_usuario VALUES ('comment_491_1_0', 'Repellat impedit tenetur omnis deleniti rem rem eaque doloribus quia.', 'f8e13774-d631-4f34-93f0-2f5d55590265', 'usr_491');
INSERT INTO trabalho.comentarios_podcast_usuario VALUES ('comment_491_2_0', 'Voluptate placeat velit deserunt consectetur.', 'f8e13774-d631-4f34-93f0-2f5d55590265', 'usr_491');
INSERT INTO trabalho.log_acesso VALUES ('log_491_0_0', 'f8e13774-d631-4f34-93f0-2f5d55590265', 'usr_491');
INSERT INTO trabalho.usuario_esta_inscrito_no_podcast VALUES (4, 'af46a958-b921-47b6-9f87-5c4fdc68ea79', 'usr_491');
INSERT INTO trabalho.comentarios_podcast_usuario VALUES ('comment_491_0_1', 'Eius optio omnis quos ut sed sed maiores consequatur.', 'af46a958-b921-47b6-9f87-5c4fdc68ea79', 'usr_491');
INSERT INTO trabalho.comentarios_podcast_usuario VALUES ('comment_491_1_1', 'Rerum voluptas ab consequatur itaque quis nulla at et vitae.', 'af46a958-b921-47b6-9f87-5c4fdc68ea79', 'usr_491');
INSERT INTO trabalho.comentarios_podcast_usuario VALUES ('comment_491_2_1', 'Ratione soluta provident occaecati tenetur eos.', 'af46a958-b921-47b6-9f87-5c4fdc68ea79', 'usr_491');
INSERT INTO trabalho.comentarios_podcast_usuario VALUES ('comment_491_3_1', 'Eius consequatur voluptas accusantium ipsum adipisci.', 'af46a958-b921-47b6-9f87-5c4fdc68ea79', 'usr_491');
INSERT INTO trabalho.log_acesso VALUES ('log_491_0_1', 'af46a958-b921-47b6-9f87-5c4fdc68ea79', 'usr_491');
INSERT INTO trabalho.usuario_esta_inscrito_no_podcast VALUES (1, 'b553d865-8fe2-47de-9a30-10e1dea3bd1d', 'usr_491');
INSERT INTO trabalho.comentarios_podcast_usuario VALUES ('comment_491_0_2', 'Maiores veniam voluptas.', 'b553d865-8fe2-47de-9a30-10e1dea3bd1d', 'usr_491');
INSERT INTO trabalho.comentarios_podcast_usuario VALUES ('comment_491_1_2', 'Et aliquam consectetur dicta.', 'b553d865-8fe2-47de-9a30-10e1dea3bd1d', 'usr_491');
INSERT INTO trabalho.comentarios_podcast_usuario VALUES ('comment_491_2_2', 'Est magni maiores nemo et qui.', 'b553d865-8fe2-47de-9a30-10e1dea3bd1d', 'usr_491');
INSERT INTO trabalho.log_acesso VALUES ('log_491_0_2', 'b553d865-8fe2-47de-9a30-10e1dea3bd1d', 'usr_491');
INSERT INTO trabalho.usuario VALUES ('usr_492', '492_Janana19@hotmail.com', 'Janaína Carvalho', 'female', 44, trabalho.hashPassword('Password123'), 'Luxemburgo');
INSERT INTO trabalho.usuario_esta_inscrito_no_podcast VALUES (3, 'de2f0ddb-9903-436a-a5e2-54224254c818', 'usr_492');
INSERT INTO trabalho.comentarios_podcast_usuario VALUES ('comment_492_0_0', 'Sint sed earum saepe pariatur veniam enim est explicabo.', 'de2f0ddb-9903-436a-a5e2-54224254c818', 'usr_492');
INSERT INTO trabalho.comentarios_podcast_usuario VALUES ('comment_492_1_0', 'Maiores laboriosam mollitia placeat et numquam earum.', 'de2f0ddb-9903-436a-a5e2-54224254c818', 'usr_492');
INSERT INTO trabalho.comentarios_podcast_usuario VALUES ('comment_492_2_0', 'Et amet dolorem facere aperiam.', 'de2f0ddb-9903-436a-a5e2-54224254c818', 'usr_492');
INSERT INTO trabalho.comentarios_podcast_usuario VALUES ('comment_492_3_0', 'Impedit cumque pariatur.', 'de2f0ddb-9903-436a-a5e2-54224254c818', 'usr_492');
INSERT INTO trabalho.comentarios_podcast_usuario VALUES ('comment_492_4_0', 'Rerum a impedit ullam est quaerat.', 'de2f0ddb-9903-436a-a5e2-54224254c818', 'usr_492');
INSERT INTO trabalho.comentarios_podcast_usuario VALUES ('comment_492_5_0', 'Earum quisquam perspiciatis quas.', 'de2f0ddb-9903-436a-a5e2-54224254c818', 'usr_492');
INSERT INTO trabalho.log_acesso VALUES ('log_492_0_0', 'de2f0ddb-9903-436a-a5e2-54224254c818', 'usr_492');
INSERT INTO trabalho.usuario_esta_inscrito_no_podcast VALUES (2, 'fa3abe16-3645-4d22-a01d-893e6f20c408', 'usr_492');
INSERT INTO trabalho.comentarios_podcast_usuario VALUES ('comment_492_0_1', 'Veniam iste quibusdam fugiat libero repellendus non.', 'fa3abe16-3645-4d22-a01d-893e6f20c408', 'usr_492');
INSERT INTO trabalho.comentarios_podcast_usuario VALUES ('comment_492_1_1', 'Tempore ab id excepturi eveniet quidem sed magnam at cupiditate.', 'fa3abe16-3645-4d22-a01d-893e6f20c408', 'usr_492');
INSERT INTO trabalho.comentarios_podcast_usuario VALUES ('comment_492_2_1', 'Fuga illum officia atque.', 'fa3abe16-3645-4d22-a01d-893e6f20c408', 'usr_492');
INSERT INTO trabalho.log_acesso VALUES ('log_492_0_1', 'fa3abe16-3645-4d22-a01d-893e6f20c408', 'usr_492');
INSERT INTO trabalho.log_acesso VALUES ('log_492_1_1', 'fa3abe16-3645-4d22-a01d-893e6f20c408', 'usr_492');
INSERT INTO trabalho.log_acesso VALUES ('log_492_2_1', 'fa3abe16-3645-4d22-a01d-893e6f20c408', 'usr_492');
INSERT INTO trabalho.usuario_esta_inscrito_no_podcast VALUES (0, '5bdf7377-8330-4f9f-8efd-e95301c122ce', 'usr_492');
INSERT INTO trabalho.comentarios_podcast_usuario VALUES ('comment_492_0_2', 'Dolores debitis suscipit voluptas.', '5bdf7377-8330-4f9f-8efd-e95301c122ce', 'usr_492');
INSERT INTO trabalho.comentarios_podcast_usuario VALUES ('comment_492_1_2', 'Et et dicta.', '5bdf7377-8330-4f9f-8efd-e95301c122ce', 'usr_492');
INSERT INTO trabalho.comentarios_podcast_usuario VALUES ('comment_492_2_2', 'Non qui nostrum cum ex adipisci porro suscipit.', '5bdf7377-8330-4f9f-8efd-e95301c122ce', 'usr_492');
INSERT INTO trabalho.comentarios_podcast_usuario VALUES ('comment_492_3_2', 'Error ipsa cumque fugiat natus est aut.', '5bdf7377-8330-4f9f-8efd-e95301c122ce', 'usr_492');
INSERT INTO trabalho.comentarios_podcast_usuario VALUES ('comment_492_4_2', 'Omnis illo odit.', '5bdf7377-8330-4f9f-8efd-e95301c122ce', 'usr_492');
INSERT INTO trabalho.comentarios_podcast_usuario VALUES ('comment_492_5_2', 'Excepturi quia voluptate quam.', '5bdf7377-8330-4f9f-8efd-e95301c122ce', 'usr_492');
INSERT INTO trabalho.log_acesso VALUES ('log_492_0_2', '5bdf7377-8330-4f9f-8efd-e95301c122ce', 'usr_492');
INSERT INTO trabalho.log_acesso VALUES ('log_492_1_2', '5bdf7377-8330-4f9f-8efd-e95301c122ce', 'usr_492');
INSERT INTO trabalho.log_acesso VALUES ('log_492_2_2', '5bdf7377-8330-4f9f-8efd-e95301c122ce', 'usr_492');
INSERT INTO trabalho.log_acesso VALUES ('log_492_3_2', '5bdf7377-8330-4f9f-8efd-e95301c122ce', 'usr_492');
INSERT INTO trabalho.usuario VALUES ('usr_493', '493_Lvia.Melo@gmail.com', 'Lívia Melo', 'female', 24, trabalho.hashPassword('Password123'), 'Costa do Marfim');
INSERT INTO trabalho.usuario_esta_inscrito_no_podcast VALUES (5, 'af46a958-b921-47b6-9f87-5c4fdc68ea79', 'usr_493');
INSERT INTO trabalho.comentarios_podcast_usuario VALUES ('comment_493_0_0', 'Quidem molestiae accusamus explicabo rerum.', 'af46a958-b921-47b6-9f87-5c4fdc68ea79', 'usr_493');
INSERT INTO trabalho.log_acesso VALUES ('log_493_0_0', 'af46a958-b921-47b6-9f87-5c4fdc68ea79', 'usr_493');
INSERT INTO trabalho.usuario_esta_inscrito_no_podcast VALUES (4, 'f1b92ce7-47a7-43cd-8586-4a09185cdd05', 'usr_493');
INSERT INTO trabalho.comentarios_podcast_usuario VALUES ('comment_493_0_1', 'Quaerat quibusdam non.', 'f1b92ce7-47a7-43cd-8586-4a09185cdd05', 'usr_493');
INSERT INTO trabalho.comentarios_podcast_usuario VALUES ('comment_493_1_1', 'Architecto voluptatibus ullam eaque deserunt cupiditate.', 'f1b92ce7-47a7-43cd-8586-4a09185cdd05', 'usr_493');
INSERT INTO trabalho.comentarios_podcast_usuario VALUES ('comment_493_2_1', 'Dolor quae nam quis repellat aspernatur magnam laboriosam libero excepturi.', 'f1b92ce7-47a7-43cd-8586-4a09185cdd05', 'usr_493');
INSERT INTO trabalho.comentarios_podcast_usuario VALUES ('comment_493_3_1', 'Alias tempore nulla dicta.', 'f1b92ce7-47a7-43cd-8586-4a09185cdd05', 'usr_493');
INSERT INTO trabalho.log_acesso VALUES ('log_493_0_1', 'f1b92ce7-47a7-43cd-8586-4a09185cdd05', 'usr_493');
INSERT INTO trabalho.log_acesso VALUES ('log_493_1_1', 'f1b92ce7-47a7-43cd-8586-4a09185cdd05', 'usr_493');
INSERT INTO trabalho.log_acesso VALUES ('log_493_2_1', 'f1b92ce7-47a7-43cd-8586-4a09185cdd05', 'usr_493');
INSERT INTO trabalho.usuario_esta_inscrito_no_podcast VALUES (3, '168c1536-4c42-4b8f-8c77-f06affefec6a', 'usr_493');
INSERT INTO trabalho.comentarios_podcast_usuario VALUES ('comment_493_0_2', 'Laborum quae qui et reprehenderit consequatur tempore et labore illo.', '168c1536-4c42-4b8f-8c77-f06affefec6a', 'usr_493');
INSERT INTO trabalho.comentarios_podcast_usuario VALUES ('comment_493_1_2', 'Porro qui ratione facilis quas ipsa in.', '168c1536-4c42-4b8f-8c77-f06affefec6a', 'usr_493');
INSERT INTO trabalho.comentarios_podcast_usuario VALUES ('comment_493_2_2', 'Itaque ipsum assumenda qui harum quis atque eligendi.', '168c1536-4c42-4b8f-8c77-f06affefec6a', 'usr_493');
INSERT INTO trabalho.comentarios_podcast_usuario VALUES ('comment_493_3_2', 'Alias consectetur aut.', '168c1536-4c42-4b8f-8c77-f06affefec6a', 'usr_493');
INSERT INTO trabalho.log_acesso VALUES ('log_493_0_2', '168c1536-4c42-4b8f-8c77-f06affefec6a', 'usr_493');
INSERT INTO trabalho.log_acesso VALUES ('log_493_1_2', '168c1536-4c42-4b8f-8c77-f06affefec6a', 'usr_493');
INSERT INTO trabalho.log_acesso VALUES ('log_493_2_2', '168c1536-4c42-4b8f-8c77-f06affefec6a', 'usr_493');
INSERT INTO trabalho.log_acesso VALUES ('log_493_3_2', '168c1536-4c42-4b8f-8c77-f06affefec6a', 'usr_493');
INSERT INTO trabalho.usuario VALUES ('usr_494', '494_Meire_Oliveira@yahoo.com', 'Meire Oliveira', 'female', 8, trabalho.hashPassword('Password123'), 'Antigua and Barbada');
INSERT INTO trabalho.usuario_esta_inscrito_no_podcast VALUES (2, 'b553d865-8fe2-47de-9a30-10e1dea3bd1d', 'usr_494');
INSERT INTO trabalho.comentarios_podcast_usuario VALUES ('comment_494_0_0', 'Rem aut et incidunt ut ea ipsam sint.', 'b553d865-8fe2-47de-9a30-10e1dea3bd1d', 'usr_494');
INSERT INTO trabalho.log_acesso VALUES ('log_494_0_0', 'b553d865-8fe2-47de-9a30-10e1dea3bd1d', 'usr_494');
INSERT INTO trabalho.log_acesso VALUES ('log_494_1_0', 'b553d865-8fe2-47de-9a30-10e1dea3bd1d', 'usr_494');
INSERT INTO trabalho.log_acesso VALUES ('log_494_2_0', 'b553d865-8fe2-47de-9a30-10e1dea3bd1d', 'usr_494');
INSERT INTO trabalho.usuario_esta_inscrito_no_podcast VALUES (0, 'bc8dac25-793c-4a96-aafc-4ea7020f4f60', 'usr_494');
INSERT INTO trabalho.comentarios_podcast_usuario VALUES ('comment_494_0_1', 'Voluptatem deleniti explicabo facilis et fugit debitis sed.', 'bc8dac25-793c-4a96-aafc-4ea7020f4f60', 'usr_494');
INSERT INTO trabalho.comentarios_podcast_usuario VALUES ('comment_494_1_1', 'Illum dolores autem.', 'bc8dac25-793c-4a96-aafc-4ea7020f4f60', 'usr_494');
INSERT INTO trabalho.comentarios_podcast_usuario VALUES ('comment_494_2_1', 'Voluptatem perferendis id optio harum soluta.', 'bc8dac25-793c-4a96-aafc-4ea7020f4f60', 'usr_494');
INSERT INTO trabalho.log_acesso VALUES ('log_494_0_1', 'bc8dac25-793c-4a96-aafc-4ea7020f4f60', 'usr_494');
INSERT INTO trabalho.log_acesso VALUES ('log_494_1_1', 'bc8dac25-793c-4a96-aafc-4ea7020f4f60', 'usr_494');
INSERT INTO trabalho.log_acesso VALUES ('log_494_2_1', 'bc8dac25-793c-4a96-aafc-4ea7020f4f60', 'usr_494');
INSERT INTO trabalho.log_acesso VALUES ('log_494_3_1', 'bc8dac25-793c-4a96-aafc-4ea7020f4f60', 'usr_494');
INSERT INTO trabalho.usuario_esta_inscrito_no_podcast VALUES (3, 'f0166bd2-8e4d-4308-b5d7-0b3d627c5dc5', 'usr_494');
INSERT INTO trabalho.comentarios_podcast_usuario VALUES ('comment_494_0_2', 'Consectetur possimus autem quisquam porro modi sed.', 'f0166bd2-8e4d-4308-b5d7-0b3d627c5dc5', 'usr_494');
INSERT INTO trabalho.log_acesso VALUES ('log_494_0_2', 'f0166bd2-8e4d-4308-b5d7-0b3d627c5dc5', 'usr_494');
INSERT INTO trabalho.log_acesso VALUES ('log_494_1_2', 'f0166bd2-8e4d-4308-b5d7-0b3d627c5dc5', 'usr_494');
INSERT INTO trabalho.log_acesso VALUES ('log_494_2_2', 'f0166bd2-8e4d-4308-b5d7-0b3d627c5dc5', 'usr_494');
INSERT INTO trabalho.log_acesso VALUES ('log_494_3_2', 'f0166bd2-8e4d-4308-b5d7-0b3d627c5dc5', 'usr_494');
INSERT INTO trabalho.usuario VALUES ('usr_495', '495_Pedro31@hotmail.com', 'Pedro Santos', 'male', 16, trabalho.hashPassword('Password123'), 'Bolívia');
INSERT INTO trabalho.usuario_esta_inscrito_no_podcast VALUES (1, 'c58b280a-56d4-4ad8-8c85-730e4ea86361', 'usr_495');
INSERT INTO trabalho.comentarios_podcast_usuario VALUES ('comment_495_0_0', 'Illum earum beatae.', 'c58b280a-56d4-4ad8-8c85-730e4ea86361', 'usr_495');
INSERT INTO trabalho.comentarios_podcast_usuario VALUES ('comment_495_1_0', 'Voluptatem et voluptas sapiente sunt eveniet aliquam qui est.', 'c58b280a-56d4-4ad8-8c85-730e4ea86361', 'usr_495');
INSERT INTO trabalho.comentarios_podcast_usuario VALUES ('comment_495_2_0', 'Excepturi qui consequatur est unde qui rerum quia culpa est.', 'c58b280a-56d4-4ad8-8c85-730e4ea86361', 'usr_495');
INSERT INTO trabalho.log_acesso VALUES ('log_495_0_0', 'c58b280a-56d4-4ad8-8c85-730e4ea86361', 'usr_495');
INSERT INTO trabalho.log_acesso VALUES ('log_495_1_0', 'c58b280a-56d4-4ad8-8c85-730e4ea86361', 'usr_495');
INSERT INTO trabalho.log_acesso VALUES ('log_495_2_0', 'c58b280a-56d4-4ad8-8c85-730e4ea86361', 'usr_495');
INSERT INTO trabalho.log_acesso VALUES ('log_495_3_0', 'c58b280a-56d4-4ad8-8c85-730e4ea86361', 'usr_495');
INSERT INTO trabalho.log_acesso VALUES ('log_495_4_0', 'c58b280a-56d4-4ad8-8c85-730e4ea86361', 'usr_495');
INSERT INTO trabalho.usuario_esta_inscrito_no_podcast VALUES (4, 'f1b92ce7-47a7-43cd-8586-4a09185cdd05', 'usr_495');
INSERT INTO trabalho.comentarios_podcast_usuario VALUES ('comment_495_0_1', 'Autem impedit voluptatem cumque nihil hic quasi molestiae.', 'f1b92ce7-47a7-43cd-8586-4a09185cdd05', 'usr_495');
INSERT INTO trabalho.comentarios_podcast_usuario VALUES ('comment_495_1_1', 'Nihil deleniti rem tempore.', 'f1b92ce7-47a7-43cd-8586-4a09185cdd05', 'usr_495');
INSERT INTO trabalho.log_acesso VALUES ('log_495_0_1', 'f1b92ce7-47a7-43cd-8586-4a09185cdd05', 'usr_495');
INSERT INTO trabalho.log_acesso VALUES ('log_495_1_1', 'f1b92ce7-47a7-43cd-8586-4a09185cdd05', 'usr_495');
INSERT INTO trabalho.log_acesso VALUES ('log_495_2_1', 'f1b92ce7-47a7-43cd-8586-4a09185cdd05', 'usr_495');
INSERT INTO trabalho.usuario_esta_inscrito_no_podcast VALUES (0, '219328a1-cec6-4e8c-b003-52a3ec9766bb', 'usr_495');
INSERT INTO trabalho.comentarios_podcast_usuario VALUES ('comment_495_0_2', 'Vero perferendis debitis.', '219328a1-cec6-4e8c-b003-52a3ec9766bb', 'usr_495');
INSERT INTO trabalho.log_acesso VALUES ('log_495_0_2', '219328a1-cec6-4e8c-b003-52a3ec9766bb', 'usr_495');
INSERT INTO trabalho.log_acesso VALUES ('log_495_1_2', '219328a1-cec6-4e8c-b003-52a3ec9766bb', 'usr_495');
INSERT INTO trabalho.log_acesso VALUES ('log_495_2_2', '219328a1-cec6-4e8c-b003-52a3ec9766bb', 'usr_495');
INSERT INTO trabalho.log_acesso VALUES ('log_495_3_2', '219328a1-cec6-4e8c-b003-52a3ec9766bb', 'usr_495');
INSERT INTO trabalho.log_acesso VALUES ('log_495_4_2', '219328a1-cec6-4e8c-b003-52a3ec9766bb', 'usr_495');
INSERT INTO trabalho.usuario VALUES ('usr_496', '496_Sirineu17@live.com', 'Sirineu Santos', 'male', 32, trabalho.hashPassword('Password123'), 'Santa Helena');
INSERT INTO trabalho.usuario_esta_inscrito_no_podcast VALUES (5, '5bdf7377-8330-4f9f-8efd-e95301c122ce', 'usr_496');
INSERT INTO trabalho.comentarios_podcast_usuario VALUES ('comment_496_0_0', 'Et ut id voluptates et sunt et placeat.', '5bdf7377-8330-4f9f-8efd-e95301c122ce', 'usr_496');
INSERT INTO trabalho.comentarios_podcast_usuario VALUES ('comment_496_1_0', 'Quas qui unde hic quisquam voluptatem repudiandae laudantium.', '5bdf7377-8330-4f9f-8efd-e95301c122ce', 'usr_496');
INSERT INTO trabalho.comentarios_podcast_usuario VALUES ('comment_496_2_0', 'Dignissimos quia aut inventore optio qui voluptatem qui sit.', '5bdf7377-8330-4f9f-8efd-e95301c122ce', 'usr_496');
INSERT INTO trabalho.comentarios_podcast_usuario VALUES ('comment_496_3_0', 'Voluptatem quia beatae non possimus architecto non eum.', '5bdf7377-8330-4f9f-8efd-e95301c122ce', 'usr_496');
INSERT INTO trabalho.log_acesso VALUES ('log_496_0_0', '5bdf7377-8330-4f9f-8efd-e95301c122ce', 'usr_496');
INSERT INTO trabalho.log_acesso VALUES ('log_496_1_0', '5bdf7377-8330-4f9f-8efd-e95301c122ce', 'usr_496');
INSERT INTO trabalho.log_acesso VALUES ('log_496_2_0', '5bdf7377-8330-4f9f-8efd-e95301c122ce', 'usr_496');
INSERT INTO trabalho.usuario_esta_inscrito_no_podcast VALUES (1, '67074e68-bc2f-442b-8af2-7d328b6af6eb', 'usr_496');
INSERT INTO trabalho.comentarios_podcast_usuario VALUES ('comment_496_0_1', 'Quisquam quia quis voluptas quia recusandae officia eum maxime.', '67074e68-bc2f-442b-8af2-7d328b6af6eb', 'usr_496');
INSERT INTO trabalho.comentarios_podcast_usuario VALUES ('comment_496_1_1', 'Deserunt aut labore ipsa asperiores non a quos blanditiis ab.', '67074e68-bc2f-442b-8af2-7d328b6af6eb', 'usr_496');
INSERT INTO trabalho.comentarios_podcast_usuario VALUES ('comment_496_2_1', 'Omnis molestiae facere.', '67074e68-bc2f-442b-8af2-7d328b6af6eb', 'usr_496');
INSERT INTO trabalho.comentarios_podcast_usuario VALUES ('comment_496_3_1', 'Soluta nostrum quibusdam alias soluta perspiciatis hic.', '67074e68-bc2f-442b-8af2-7d328b6af6eb', 'usr_496');
INSERT INTO trabalho.comentarios_podcast_usuario VALUES ('comment_496_4_1', 'Sed in dolorem ex hic voluptas officia quo et itaque.', '67074e68-bc2f-442b-8af2-7d328b6af6eb', 'usr_496');
INSERT INTO trabalho.log_acesso VALUES ('log_496_0_1', '67074e68-bc2f-442b-8af2-7d328b6af6eb', 'usr_496');
INSERT INTO trabalho.log_acesso VALUES ('log_496_1_1', '67074e68-bc2f-442b-8af2-7d328b6af6eb', 'usr_496');
INSERT INTO trabalho.log_acesso VALUES ('log_496_2_1', '67074e68-bc2f-442b-8af2-7d328b6af6eb', 'usr_496');
INSERT INTO trabalho.log_acesso VALUES ('log_496_3_1', '67074e68-bc2f-442b-8af2-7d328b6af6eb', 'usr_496');
INSERT INTO trabalho.usuario_esta_inscrito_no_podcast VALUES (4, 'b553d865-8fe2-47de-9a30-10e1dea3bd1d', 'usr_496');
INSERT INTO trabalho.comentarios_podcast_usuario VALUES ('comment_496_0_2', 'Cupiditate non enim nihil est.', 'b553d865-8fe2-47de-9a30-10e1dea3bd1d', 'usr_496');
INSERT INTO trabalho.comentarios_podcast_usuario VALUES ('comment_496_1_2', 'Dolor aperiam ea porro omnis sunt veniam.', 'b553d865-8fe2-47de-9a30-10e1dea3bd1d', 'usr_496');
INSERT INTO trabalho.log_acesso VALUES ('log_496_0_2', 'b553d865-8fe2-47de-9a30-10e1dea3bd1d', 'usr_496');
INSERT INTO trabalho.log_acesso VALUES ('log_496_1_2', 'b553d865-8fe2-47de-9a30-10e1dea3bd1d', 'usr_496');
INSERT INTO trabalho.log_acesso VALUES ('log_496_2_2', 'b553d865-8fe2-47de-9a30-10e1dea3bd1d', 'usr_496');
INSERT INTO trabalho.usuario VALUES ('usr_497', '497_Alessandra79@yahoo.com', 'Alessandra Santos', 'female', 57, trabalho.hashPassword('Password123'), 'Anguila');
INSERT INTO trabalho.usuario_esta_inscrito_no_podcast VALUES (0, '7e429e8e-7669-403d-bb78-3cd7f9f75afd', 'usr_497');
INSERT INTO trabalho.comentarios_podcast_usuario VALUES ('comment_497_0_0', 'Quas et tempore quia saepe.', '7e429e8e-7669-403d-bb78-3cd7f9f75afd', 'usr_497');
INSERT INTO trabalho.comentarios_podcast_usuario VALUES ('comment_497_1_0', 'Quia amet ut voluptatem.', '7e429e8e-7669-403d-bb78-3cd7f9f75afd', 'usr_497');
INSERT INTO trabalho.comentarios_podcast_usuario VALUES ('comment_497_2_0', 'Rem et voluptates.', '7e429e8e-7669-403d-bb78-3cd7f9f75afd', 'usr_497');
INSERT INTO trabalho.log_acesso VALUES ('log_497_0_0', '7e429e8e-7669-403d-bb78-3cd7f9f75afd', 'usr_497');
INSERT INTO trabalho.log_acesso VALUES ('log_497_1_0', '7e429e8e-7669-403d-bb78-3cd7f9f75afd', 'usr_497');
INSERT INTO trabalho.log_acesso VALUES ('log_497_2_0', '7e429e8e-7669-403d-bb78-3cd7f9f75afd', 'usr_497');
INSERT INTO trabalho.log_acesso VALUES ('log_497_3_0', '7e429e8e-7669-403d-bb78-3cd7f9f75afd', 'usr_497');
INSERT INTO trabalho.log_acesso VALUES ('log_497_4_0', '7e429e8e-7669-403d-bb78-3cd7f9f75afd', 'usr_497');
INSERT INTO trabalho.usuario_esta_inscrito_no_podcast VALUES (3, 'bc8dac25-793c-4a96-aafc-4ea7020f4f60', 'usr_497');
INSERT INTO trabalho.comentarios_podcast_usuario VALUES ('comment_497_0_1', 'Eum nobis quis et ipsam aut repellendus et similique.', 'bc8dac25-793c-4a96-aafc-4ea7020f4f60', 'usr_497');
INSERT INTO trabalho.log_acesso VALUES ('log_497_0_1', 'bc8dac25-793c-4a96-aafc-4ea7020f4f60', 'usr_497');
INSERT INTO trabalho.log_acesso VALUES ('log_497_1_1', 'bc8dac25-793c-4a96-aafc-4ea7020f4f60', 'usr_497');
INSERT INTO trabalho.log_acesso VALUES ('log_497_2_1', 'bc8dac25-793c-4a96-aafc-4ea7020f4f60', 'usr_497');
INSERT INTO trabalho.log_acesso VALUES ('log_497_3_1', 'bc8dac25-793c-4a96-aafc-4ea7020f4f60', 'usr_497');
INSERT INTO trabalho.log_acesso VALUES ('log_497_4_1', 'bc8dac25-793c-4a96-aafc-4ea7020f4f60', 'usr_497');
INSERT INTO trabalho.log_acesso VALUES ('log_497_5_1', 'bc8dac25-793c-4a96-aafc-4ea7020f4f60', 'usr_497');
INSERT INTO trabalho.usuario_esta_inscrito_no_podcast VALUES (3, 'f1b92ce7-47a7-43cd-8586-4a09185cdd05', 'usr_497');
INSERT INTO trabalho.comentarios_podcast_usuario VALUES ('comment_497_0_2', 'Tenetur quia ut animi maxime eum soluta optio a ut.', 'f1b92ce7-47a7-43cd-8586-4a09185cdd05', 'usr_497');
INSERT INTO trabalho.comentarios_podcast_usuario VALUES ('comment_497_1_2', 'Et qui sint rerum iste maxime non.', 'f1b92ce7-47a7-43cd-8586-4a09185cdd05', 'usr_497');
INSERT INTO trabalho.log_acesso VALUES ('log_497_0_2', 'f1b92ce7-47a7-43cd-8586-4a09185cdd05', 'usr_497');
INSERT INTO trabalho.log_acesso VALUES ('log_497_1_2', 'f1b92ce7-47a7-43cd-8586-4a09185cdd05', 'usr_497');
INSERT INTO trabalho.usuario VALUES ('usr_498', '498_Laura6@hotmail.com', 'Laura Souza', 'female', 56, trabalho.hashPassword('Password123'), 'Ilhas Cocos');
INSERT INTO trabalho.usuario_esta_inscrito_no_podcast VALUES (1, 'bc8dac25-793c-4a96-aafc-4ea7020f4f60', 'usr_498');
INSERT INTO trabalho.comentarios_podcast_usuario VALUES ('comment_498_0_0', 'Omnis suscipit dolorum magnam vel repellat tenetur ipsum sapiente suscipit.', 'bc8dac25-793c-4a96-aafc-4ea7020f4f60', 'usr_498');
INSERT INTO trabalho.comentarios_podcast_usuario VALUES ('comment_498_1_0', 'Sequi voluptatem ad ea quia atque officiis aspernatur.', 'bc8dac25-793c-4a96-aafc-4ea7020f4f60', 'usr_498');
INSERT INTO trabalho.comentarios_podcast_usuario VALUES ('comment_498_2_0', 'Ab dolorem rerum qui aspernatur sed recusandae laudantium dolorem.', 'bc8dac25-793c-4a96-aafc-4ea7020f4f60', 'usr_498');
INSERT INTO trabalho.comentarios_podcast_usuario VALUES ('comment_498_3_0', 'Ut recusandae facilis incidunt dignissimos.', 'bc8dac25-793c-4a96-aafc-4ea7020f4f60', 'usr_498');
INSERT INTO trabalho.log_acesso VALUES ('log_498_0_0', 'bc8dac25-793c-4a96-aafc-4ea7020f4f60', 'usr_498');
INSERT INTO trabalho.log_acesso VALUES ('log_498_1_0', 'bc8dac25-793c-4a96-aafc-4ea7020f4f60', 'usr_498');
INSERT INTO trabalho.log_acesso VALUES ('log_498_2_0', 'bc8dac25-793c-4a96-aafc-4ea7020f4f60', 'usr_498');
INSERT INTO trabalho.log_acesso VALUES ('log_498_3_0', 'bc8dac25-793c-4a96-aafc-4ea7020f4f60', 'usr_498');
INSERT INTO trabalho.log_acesso VALUES ('log_498_4_0', 'bc8dac25-793c-4a96-aafc-4ea7020f4f60', 'usr_498');
INSERT INTO trabalho.log_acesso VALUES ('log_498_5_0', 'bc8dac25-793c-4a96-aafc-4ea7020f4f60', 'usr_498');
INSERT INTO trabalho.usuario_esta_inscrito_no_podcast VALUES (3, '67074e68-bc2f-442b-8af2-7d328b6af6eb', 'usr_498');
INSERT INTO trabalho.comentarios_podcast_usuario VALUES ('comment_498_0_1', 'Natus deleniti omnis.', '67074e68-bc2f-442b-8af2-7d328b6af6eb', 'usr_498');
INSERT INTO trabalho.comentarios_podcast_usuario VALUES ('comment_498_1_1', 'Tempora et totam itaque ad adipisci aliquid dolor.', '67074e68-bc2f-442b-8af2-7d328b6af6eb', 'usr_498');
INSERT INTO trabalho.comentarios_podcast_usuario VALUES ('comment_498_2_1', 'At saepe quam odio sed sint.', '67074e68-bc2f-442b-8af2-7d328b6af6eb', 'usr_498');
INSERT INTO trabalho.comentarios_podcast_usuario VALUES ('comment_498_3_1', 'Ab pariatur sed occaecati adipisci ut qui ut.', '67074e68-bc2f-442b-8af2-7d328b6af6eb', 'usr_498');
INSERT INTO trabalho.comentarios_podcast_usuario VALUES ('comment_498_4_1', 'Dolor quo quaerat.', '67074e68-bc2f-442b-8af2-7d328b6af6eb', 'usr_498');
INSERT INTO trabalho.log_acesso VALUES ('log_498_0_1', '67074e68-bc2f-442b-8af2-7d328b6af6eb', 'usr_498');
INSERT INTO trabalho.log_acesso VALUES ('log_498_1_1', '67074e68-bc2f-442b-8af2-7d328b6af6eb', 'usr_498');
INSERT INTO trabalho.usuario_esta_inscrito_no_podcast VALUES (0, 'f8e13774-d631-4f34-93f0-2f5d55590265', 'usr_498');
INSERT INTO trabalho.comentarios_podcast_usuario VALUES ('comment_498_0_2', 'Suscipit ratione voluptatibus beatae.', 'f8e13774-d631-4f34-93f0-2f5d55590265', 'usr_498');
INSERT INTO trabalho.comentarios_podcast_usuario VALUES ('comment_498_1_2', 'At quas nostrum perferendis nam harum ab consequuntur.', 'f8e13774-d631-4f34-93f0-2f5d55590265', 'usr_498');
INSERT INTO trabalho.comentarios_podcast_usuario VALUES ('comment_498_2_2', 'Velit autem quis reiciendis est.', 'f8e13774-d631-4f34-93f0-2f5d55590265', 'usr_498');
INSERT INTO trabalho.comentarios_podcast_usuario VALUES ('comment_498_3_2', 'Illo quis ut.', 'f8e13774-d631-4f34-93f0-2f5d55590265', 'usr_498');
INSERT INTO trabalho.log_acesso VALUES ('log_498_0_2', 'f8e13774-d631-4f34-93f0-2f5d55590265', 'usr_498');
INSERT INTO trabalho.log_acesso VALUES ('log_498_1_2', 'f8e13774-d631-4f34-93f0-2f5d55590265', 'usr_498');
INSERT INTO trabalho.log_acesso VALUES ('log_498_2_2', 'f8e13774-d631-4f34-93f0-2f5d55590265', 'usr_498');
INSERT INTO trabalho.log_acesso VALUES ('log_498_3_2', 'f8e13774-d631-4f34-93f0-2f5d55590265', 'usr_498');
INSERT INTO trabalho.usuario VALUES ('usr_499', '499_JooPedro23@yahoo.com', 'João Pedro Albuquerque', 'male', 49, trabalho.hashPassword('Password123'), 'Azerbaijão');
INSERT INTO trabalho.usuario_esta_inscrito_no_podcast VALUES (2, '168c1536-4c42-4b8f-8c77-f06affefec6a', 'usr_499');
INSERT INTO trabalho.comentarios_podcast_usuario VALUES ('comment_499_0_0', 'Nihil laudantium dolores iusto laborum quasi cumque aliquam.', '168c1536-4c42-4b8f-8c77-f06affefec6a', 'usr_499');
INSERT INTO trabalho.log_acesso VALUES ('log_499_0_0', '168c1536-4c42-4b8f-8c77-f06affefec6a', 'usr_499');
INSERT INTO trabalho.log_acesso VALUES ('log_499_1_0', '168c1536-4c42-4b8f-8c77-f06affefec6a', 'usr_499');
INSERT INTO trabalho.log_acesso VALUES ('log_499_2_0', '168c1536-4c42-4b8f-8c77-f06affefec6a', 'usr_499');
INSERT INTO trabalho.usuario_esta_inscrito_no_podcast VALUES (2, '67074e68-bc2f-442b-8af2-7d328b6af6eb', 'usr_499');
INSERT INTO trabalho.comentarios_podcast_usuario VALUES ('comment_499_0_1', 'Qui maiores debitis impedit rerum.', '67074e68-bc2f-442b-8af2-7d328b6af6eb', 'usr_499');
INSERT INTO trabalho.comentarios_podcast_usuario VALUES ('comment_499_1_1', 'Perferendis fugit pariatur.', '67074e68-bc2f-442b-8af2-7d328b6af6eb', 'usr_499');
INSERT INTO trabalho.comentarios_podcast_usuario VALUES ('comment_499_2_1', 'Neque soluta quia aut at veniam.', '67074e68-bc2f-442b-8af2-7d328b6af6eb', 'usr_499');
INSERT INTO trabalho.comentarios_podcast_usuario VALUES ('comment_499_3_1', 'Quibusdam ut perspiciatis soluta numquam placeat expedita veritatis optio.', '67074e68-bc2f-442b-8af2-7d328b6af6eb', 'usr_499');
INSERT INTO trabalho.log_acesso VALUES ('log_499_0_1', '67074e68-bc2f-442b-8af2-7d328b6af6eb', 'usr_499');
INSERT INTO trabalho.log_acesso VALUES ('log_499_1_1', '67074e68-bc2f-442b-8af2-7d328b6af6eb', 'usr_499');
INSERT INTO trabalho.usuario_esta_inscrito_no_podcast VALUES (2, '7e429e8e-7669-403d-bb78-3cd7f9f75afd', 'usr_499');
INSERT INTO trabalho.comentarios_podcast_usuario VALUES ('comment_499_0_2', 'Ut impedit aut quo quia sed.', '7e429e8e-7669-403d-bb78-3cd7f9f75afd', 'usr_499');
INSERT INTO trabalho.log_acesso VALUES ('log_499_0_2', '7e429e8e-7669-403d-bb78-3cd7f9f75afd', 'usr_499');
INSERT INTO trabalho.log_acesso VALUES ('log_499_1_2', '7e429e8e-7669-403d-bb78-3cd7f9f75afd', 'usr_499');
INSERT INTO trabalho.log_acesso VALUES ('log_499_2_2', '7e429e8e-7669-403d-bb78-3cd7f9f75afd', 'usr_499');
INSERT INTO trabalho.log_acesso VALUES ('log_499_3_2', '7e429e8e-7669-403d-bb78-3cd7f9f75afd', 'usr_499');
INSERT INTO trabalho.log_acesso VALUES ('log_499_4_2', '7e429e8e-7669-403d-bb78-3cd7f9f75afd', 'usr_499');
INSERT INTO trabalho.log_acesso VALUES ('log_499_5_2', '7e429e8e-7669-403d-bb78-3cd7f9f75afd', 'usr_499');
INSERT INTO trabalho.usuario VALUES ('usr_500', '500_Marli77@bol.com.br', 'Marli Martins', 'female', 11, trabalho.hashPassword('Password123'), 'Zimbábue');
INSERT INTO trabalho.usuario_esta_inscrito_no_podcast VALUES (4, 'f8e13774-d631-4f34-93f0-2f5d55590265', 'usr_500');
INSERT INTO trabalho.comentarios_podcast_usuario VALUES ('comment_500_0_0', 'Dolorum perferendis et cum dolorem quia rerum corporis quia sint.', 'f8e13774-d631-4f34-93f0-2f5d55590265', 'usr_500');
INSERT INTO trabalho.comentarios_podcast_usuario VALUES ('comment_500_1_0', 'Molestias assumenda libero sit vitae dolores rerum consequatur ut.', 'f8e13774-d631-4f34-93f0-2f5d55590265', 'usr_500');
INSERT INTO trabalho.log_acesso VALUES ('log_500_0_0', 'f8e13774-d631-4f34-93f0-2f5d55590265', 'usr_500');
INSERT INTO trabalho.log_acesso VALUES ('log_500_1_0', 'f8e13774-d631-4f34-93f0-2f5d55590265', 'usr_500');
INSERT INTO trabalho.log_acesso VALUES ('log_500_2_0', 'f8e13774-d631-4f34-93f0-2f5d55590265', 'usr_500');
INSERT INTO trabalho.usuario_esta_inscrito_no_podcast VALUES (4, '219328a1-cec6-4e8c-b003-52a3ec9766bb', 'usr_500');
INSERT INTO trabalho.comentarios_podcast_usuario VALUES ('comment_500_0_1', 'Molestiae nesciunt libero quidem nobis eos dolore sed.', '219328a1-cec6-4e8c-b003-52a3ec9766bb', 'usr_500');
INSERT INTO trabalho.comentarios_podcast_usuario VALUES ('comment_500_1_1', 'Quia blanditiis enim sed voluptatibus iste eaque pariatur facere.', '219328a1-cec6-4e8c-b003-52a3ec9766bb', 'usr_500');
INSERT INTO trabalho.log_acesso VALUES ('log_500_0_1', '219328a1-cec6-4e8c-b003-52a3ec9766bb', 'usr_500');
INSERT INTO trabalho.log_acesso VALUES ('log_500_1_1', '219328a1-cec6-4e8c-b003-52a3ec9766bb', 'usr_500');
INSERT INTO trabalho.log_acesso VALUES ('log_500_2_1', '219328a1-cec6-4e8c-b003-52a3ec9766bb', 'usr_500');
INSERT INTO trabalho.log_acesso VALUES ('log_500_3_1', '219328a1-cec6-4e8c-b003-52a3ec9766bb', 'usr_500');
INSERT INTO trabalho.usuario_esta_inscrito_no_podcast VALUES (4, 'af46a958-b921-47b6-9f87-5c4fdc68ea79', 'usr_500');
INSERT INTO trabalho.comentarios_podcast_usuario VALUES ('comment_500_0_2', 'Aut facilis in voluptates aspernatur.', 'af46a958-b921-47b6-9f87-5c4fdc68ea79', 'usr_500');
INSERT INTO trabalho.comentarios_podcast_usuario VALUES ('comment_500_1_2', 'Numquam laboriosam odit ratione qui rem.', 'af46a958-b921-47b6-9f87-5c4fdc68ea79', 'usr_500');
INSERT INTO trabalho.comentarios_podcast_usuario VALUES ('comment_500_2_2', 'Corporis quibusdam excepturi atque deserunt nesciunt dolorem esse quae.', 'af46a958-b921-47b6-9f87-5c4fdc68ea79', 'usr_500');
INSERT INTO trabalho.comentarios_podcast_usuario VALUES ('comment_500_3_2', 'Rerum et quam eius eveniet aut voluptates rerum expedita.', 'af46a958-b921-47b6-9f87-5c4fdc68ea79', 'usr_500');
INSERT INTO trabalho.log_acesso VALUES ('log_500_0_2', 'af46a958-b921-47b6-9f87-5c4fdc68ea79', 'usr_500');
INSERT INTO trabalho.log_acesso VALUES ('log_500_1_2', 'af46a958-b921-47b6-9f87-5c4fdc68ea79', 'usr_500');
INSERT INTO trabalho.usuario VALUES ('usr_501', '501_Vicente_Pereira@live.com', 'Vicente Pereira', 'male', 0, trabalho.hashPassword('Password123'), 'Ilha de Man');
INSERT INTO trabalho.usuario_esta_inscrito_no_podcast VALUES (5, 'f1b92ce7-47a7-43cd-8586-4a09185cdd05', 'usr_501');
INSERT INTO trabalho.comentarios_podcast_usuario VALUES ('comment_501_0_0', 'Et velit sapiente.', 'f1b92ce7-47a7-43cd-8586-4a09185cdd05', 'usr_501');
INSERT INTO trabalho.comentarios_podcast_usuario VALUES ('comment_501_1_0', 'Sint enim est itaque praesentium velit sed at.', 'f1b92ce7-47a7-43cd-8586-4a09185cdd05', 'usr_501');
INSERT INTO trabalho.log_acesso VALUES ('log_501_0_0', 'f1b92ce7-47a7-43cd-8586-4a09185cdd05', 'usr_501');
INSERT INTO trabalho.log_acesso VALUES ('log_501_1_0', 'f1b92ce7-47a7-43cd-8586-4a09185cdd05', 'usr_501');
INSERT INTO trabalho.log_acesso VALUES ('log_501_2_0', 'f1b92ce7-47a7-43cd-8586-4a09185cdd05', 'usr_501');
INSERT INTO trabalho.log_acesso VALUES ('log_501_3_0', 'f1b92ce7-47a7-43cd-8586-4a09185cdd05', 'usr_501');
INSERT INTO trabalho.usuario_esta_inscrito_no_podcast VALUES (2, 'f0166bd2-8e4d-4308-b5d7-0b3d627c5dc5', 'usr_501');
INSERT INTO trabalho.comentarios_podcast_usuario VALUES ('comment_501_0_1', 'Eum voluptatem mollitia aut voluptatem.', 'f0166bd2-8e4d-4308-b5d7-0b3d627c5dc5', 'usr_501');
INSERT INTO trabalho.comentarios_podcast_usuario VALUES ('comment_501_1_1', 'Saepe minus adipisci nemo veritatis est labore.', 'f0166bd2-8e4d-4308-b5d7-0b3d627c5dc5', 'usr_501');
INSERT INTO trabalho.comentarios_podcast_usuario VALUES ('comment_501_2_1', 'Qui et consequuntur ea sint in tempore expedita illum libero.', 'f0166bd2-8e4d-4308-b5d7-0b3d627c5dc5', 'usr_501');
INSERT INTO trabalho.comentarios_podcast_usuario VALUES ('comment_501_3_1', 'Quia optio quibusdam occaecati ut rerum.', 'f0166bd2-8e4d-4308-b5d7-0b3d627c5dc5', 'usr_501');
INSERT INTO trabalho.log_acesso VALUES ('log_501_0_1', 'f0166bd2-8e4d-4308-b5d7-0b3d627c5dc5', 'usr_501');
INSERT INTO trabalho.usuario_esta_inscrito_no_podcast VALUES (5, 'c58b280a-56d4-4ad8-8c85-730e4ea86361', 'usr_501');
INSERT INTO trabalho.comentarios_podcast_usuario VALUES ('comment_501_0_2', 'Accusantium accusamus velit enim consequatur et perspiciatis sunt.', 'c58b280a-56d4-4ad8-8c85-730e4ea86361', 'usr_501');
INSERT INTO trabalho.comentarios_podcast_usuario VALUES ('comment_501_1_2', 'Occaecati exercitationem non voluptatem nihil nostrum sint.', 'c58b280a-56d4-4ad8-8c85-730e4ea86361', 'usr_501');
INSERT INTO trabalho.comentarios_podcast_usuario VALUES ('comment_501_2_2', 'Atque quaerat in est ut at laboriosam ut.', 'c58b280a-56d4-4ad8-8c85-730e4ea86361', 'usr_501');
INSERT INTO trabalho.comentarios_podcast_usuario VALUES ('comment_501_3_2', 'Rem voluptatem ipsa laboriosam perferendis totam optio et.', 'c58b280a-56d4-4ad8-8c85-730e4ea86361', 'usr_501');
INSERT INTO trabalho.comentarios_podcast_usuario VALUES ('comment_501_4_2', 'Ut vel non ullam.', 'c58b280a-56d4-4ad8-8c85-730e4ea86361', 'usr_501');
INSERT INTO trabalho.log_acesso VALUES ('log_501_0_2', 'c58b280a-56d4-4ad8-8c85-730e4ea86361', 'usr_501');
INSERT INTO trabalho.log_acesso VALUES ('log_501_1_2', 'c58b280a-56d4-4ad8-8c85-730e4ea86361', 'usr_501');
INSERT INTO trabalho.log_acesso VALUES ('log_501_2_2', 'c58b280a-56d4-4ad8-8c85-730e4ea86361', 'usr_501');
INSERT INTO trabalho.log_acesso VALUES ('log_501_3_2', 'c58b280a-56d4-4ad8-8c85-730e4ea86361', 'usr_501');
INSERT INTO trabalho.usuario VALUES ('usr_502', '502_Felcia75@live.com', 'Felícia Braga', 'female', 31, trabalho.hashPassword('Password123'), 'Zimbábue');
INSERT INTO trabalho.usuario_esta_inscrito_no_podcast VALUES (0, 'fa3abe16-3645-4d22-a01d-893e6f20c408', 'usr_502');
INSERT INTO trabalho.comentarios_podcast_usuario VALUES ('comment_502_0_0', 'Consequatur ratione delectus nemo culpa recusandae expedita eum eos.', 'fa3abe16-3645-4d22-a01d-893e6f20c408', 'usr_502');
INSERT INTO trabalho.comentarios_podcast_usuario VALUES ('comment_502_1_0', 'Eos magni et magnam reiciendis dolore ullam veritatis quia.', 'fa3abe16-3645-4d22-a01d-893e6f20c408', 'usr_502');
INSERT INTO trabalho.log_acesso VALUES ('log_502_0_0', 'fa3abe16-3645-4d22-a01d-893e6f20c408', 'usr_502');
INSERT INTO trabalho.log_acesso VALUES ('log_502_1_0', 'fa3abe16-3645-4d22-a01d-893e6f20c408', 'usr_502');
INSERT INTO trabalho.log_acesso VALUES ('log_502_2_0', 'fa3abe16-3645-4d22-a01d-893e6f20c408', 'usr_502');
INSERT INTO trabalho.log_acesso VALUES ('log_502_3_0', 'fa3abe16-3645-4d22-a01d-893e6f20c408', 'usr_502');
INSERT INTO trabalho.usuario_esta_inscrito_no_podcast VALUES (5, 'f0166bd2-8e4d-4308-b5d7-0b3d627c5dc5', 'usr_502');
INSERT INTO trabalho.comentarios_podcast_usuario VALUES ('comment_502_0_1', 'Sint blanditiis id voluptas saepe sit.', 'f0166bd2-8e4d-4308-b5d7-0b3d627c5dc5', 'usr_502');
INSERT INTO trabalho.comentarios_podcast_usuario VALUES ('comment_502_1_1', 'Sint expedita qui.', 'f0166bd2-8e4d-4308-b5d7-0b3d627c5dc5', 'usr_502');
INSERT INTO trabalho.comentarios_podcast_usuario VALUES ('comment_502_2_1', 'Reprehenderit quas cumque eligendi.', 'f0166bd2-8e4d-4308-b5d7-0b3d627c5dc5', 'usr_502');
INSERT INTO trabalho.log_acesso VALUES ('log_502_0_1', 'f0166bd2-8e4d-4308-b5d7-0b3d627c5dc5', 'usr_502');
INSERT INTO trabalho.log_acesso VALUES ('log_502_1_1', 'f0166bd2-8e4d-4308-b5d7-0b3d627c5dc5', 'usr_502');
INSERT INTO trabalho.log_acesso VALUES ('log_502_2_1', 'f0166bd2-8e4d-4308-b5d7-0b3d627c5dc5', 'usr_502');
INSERT INTO trabalho.log_acesso VALUES ('log_502_3_1', 'f0166bd2-8e4d-4308-b5d7-0b3d627c5dc5', 'usr_502');
INSERT INTO trabalho.log_acesso VALUES ('log_502_4_1', 'f0166bd2-8e4d-4308-b5d7-0b3d627c5dc5', 'usr_502');
INSERT INTO trabalho.usuario_esta_inscrito_no_podcast VALUES (0, '67074e68-bc2f-442b-8af2-7d328b6af6eb', 'usr_502');
INSERT INTO trabalho.comentarios_podcast_usuario VALUES ('comment_502_0_2', 'Delectus aut reprehenderit qui dolor facere et et aliquam.', '67074e68-bc2f-442b-8af2-7d328b6af6eb', 'usr_502');
INSERT INTO trabalho.comentarios_podcast_usuario VALUES ('comment_502_1_2', 'Repellendus qui suscipit quasi.', '67074e68-bc2f-442b-8af2-7d328b6af6eb', 'usr_502');
INSERT INTO trabalho.log_acesso VALUES ('log_502_0_2', '67074e68-bc2f-442b-8af2-7d328b6af6eb', 'usr_502');
INSERT INTO trabalho.usuario VALUES ('usr_503', '503_JooMiguel.Franco@hotmail.com', 'João Miguel Franco', 'male', 52, trabalho.hashPassword('Password123'), 'Belize');
INSERT INTO trabalho.usuario_esta_inscrito_no_podcast VALUES (3, 'c58b280a-56d4-4ad8-8c85-730e4ea86361', 'usr_503');
INSERT INTO trabalho.comentarios_podcast_usuario VALUES ('comment_503_0_0', 'Ea ut ut dolores.', 'c58b280a-56d4-4ad8-8c85-730e4ea86361', 'usr_503');
INSERT INTO trabalho.comentarios_podcast_usuario VALUES ('comment_503_1_0', 'Aut qui quos voluptas culpa sit possimus.', 'c58b280a-56d4-4ad8-8c85-730e4ea86361', 'usr_503');
INSERT INTO trabalho.log_acesso VALUES ('log_503_0_0', 'c58b280a-56d4-4ad8-8c85-730e4ea86361', 'usr_503');
INSERT INTO trabalho.log_acesso VALUES ('log_503_1_0', 'c58b280a-56d4-4ad8-8c85-730e4ea86361', 'usr_503');
INSERT INTO trabalho.log_acesso VALUES ('log_503_2_0', 'c58b280a-56d4-4ad8-8c85-730e4ea86361', 'usr_503');
INSERT INTO trabalho.log_acesso VALUES ('log_503_3_0', 'c58b280a-56d4-4ad8-8c85-730e4ea86361', 'usr_503');
INSERT INTO trabalho.log_acesso VALUES ('log_503_4_0', 'c58b280a-56d4-4ad8-8c85-730e4ea86361', 'usr_503');
INSERT INTO trabalho.usuario_esta_inscrito_no_podcast VALUES (4, 'bc8dac25-793c-4a96-aafc-4ea7020f4f60', 'usr_503');
INSERT INTO trabalho.comentarios_podcast_usuario VALUES ('comment_503_0_1', 'Voluptatem neque in quas et perspiciatis.', 'bc8dac25-793c-4a96-aafc-4ea7020f4f60', 'usr_503');
INSERT INTO trabalho.comentarios_podcast_usuario VALUES ('comment_503_1_1', 'Nulla non aliquam quis architecto explicabo ducimus alias.', 'bc8dac25-793c-4a96-aafc-4ea7020f4f60', 'usr_503');
INSERT INTO trabalho.comentarios_podcast_usuario VALUES ('comment_503_2_1', 'Inventore nobis soluta non et.', 'bc8dac25-793c-4a96-aafc-4ea7020f4f60', 'usr_503');
INSERT INTO trabalho.comentarios_podcast_usuario VALUES ('comment_503_3_1', 'Ut corrupti porro vel consequatur et.', 'bc8dac25-793c-4a96-aafc-4ea7020f4f60', 'usr_503');
INSERT INTO trabalho.log_acesso VALUES ('log_503_0_1', 'bc8dac25-793c-4a96-aafc-4ea7020f4f60', 'usr_503');
INSERT INTO trabalho.log_acesso VALUES ('log_503_1_1', 'bc8dac25-793c-4a96-aafc-4ea7020f4f60', 'usr_503');
INSERT INTO trabalho.log_acesso VALUES ('log_503_2_1', 'bc8dac25-793c-4a96-aafc-4ea7020f4f60', 'usr_503');
INSERT INTO trabalho.log_acesso VALUES ('log_503_3_1', 'bc8dac25-793c-4a96-aafc-4ea7020f4f60', 'usr_503');
INSERT INTO trabalho.log_acesso VALUES ('log_503_4_1', 'bc8dac25-793c-4a96-aafc-4ea7020f4f60', 'usr_503');
INSERT INTO trabalho.usuario_esta_inscrito_no_podcast VALUES (5, '7e429e8e-7669-403d-bb78-3cd7f9f75afd', 'usr_503');
INSERT INTO trabalho.comentarios_podcast_usuario VALUES ('comment_503_0_2', 'Quos ipsam maiores sapiente.', '7e429e8e-7669-403d-bb78-3cd7f9f75afd', 'usr_503');
INSERT INTO trabalho.comentarios_podcast_usuario VALUES ('comment_503_1_2', 'Pariatur qui commodi non magnam beatae impedit quam modi.', '7e429e8e-7669-403d-bb78-3cd7f9f75afd', 'usr_503');
INSERT INTO trabalho.log_acesso VALUES ('log_503_0_2', '7e429e8e-7669-403d-bb78-3cd7f9f75afd', 'usr_503');
INSERT INTO trabalho.log_acesso VALUES ('log_503_1_2', '7e429e8e-7669-403d-bb78-3cd7f9f75afd', 'usr_503');
INSERT INTO trabalho.log_acesso VALUES ('log_503_2_2', '7e429e8e-7669-403d-bb78-3cd7f9f75afd', 'usr_503');
INSERT INTO trabalho.usuario VALUES ('usr_504', '504_Emanuelly_Silva15@hotmail.com', 'Emanuelly Silva', 'female', 39, trabalho.hashPassword('Password123'), 'Comores');
INSERT INTO trabalho.usuario_esta_inscrito_no_podcast VALUES (1, 'fa3abe16-3645-4d22-a01d-893e6f20c408', 'usr_504');
INSERT INTO trabalho.comentarios_podcast_usuario VALUES ('comment_504_0_0', 'Eos expedita deserunt neque quo doloribus consequatur.', 'fa3abe16-3645-4d22-a01d-893e6f20c408', 'usr_504');
INSERT INTO trabalho.log_acesso VALUES ('log_504_0_0', 'fa3abe16-3645-4d22-a01d-893e6f20c408', 'usr_504');
INSERT INTO trabalho.log_acesso VALUES ('log_504_1_0', 'fa3abe16-3645-4d22-a01d-893e6f20c408', 'usr_504');
INSERT INTO trabalho.log_acesso VALUES ('log_504_2_0', 'fa3abe16-3645-4d22-a01d-893e6f20c408', 'usr_504');
INSERT INTO trabalho.usuario_esta_inscrito_no_podcast VALUES (4, '219328a1-cec6-4e8c-b003-52a3ec9766bb', 'usr_504');
INSERT INTO trabalho.comentarios_podcast_usuario VALUES ('comment_504_0_1', 'Corporis earum non similique voluptatem excepturi.', '219328a1-cec6-4e8c-b003-52a3ec9766bb', 'usr_504');
INSERT INTO trabalho.comentarios_podcast_usuario VALUES ('comment_504_1_1', 'Dolor earum enim ut deleniti necessitatibus.', '219328a1-cec6-4e8c-b003-52a3ec9766bb', 'usr_504');
INSERT INTO trabalho.comentarios_podcast_usuario VALUES ('comment_504_2_1', 'Provident omnis ut distinctio repellendus reprehenderit sequi necessitatibus.', '219328a1-cec6-4e8c-b003-52a3ec9766bb', 'usr_504');
INSERT INTO trabalho.comentarios_podcast_usuario VALUES ('comment_504_3_1', 'Ea asperiores enim est dolorem.', '219328a1-cec6-4e8c-b003-52a3ec9766bb', 'usr_504');
INSERT INTO trabalho.comentarios_podcast_usuario VALUES ('comment_504_4_1', 'Aut autem et corrupti architecto iure et rerum quaerat rerum.', '219328a1-cec6-4e8c-b003-52a3ec9766bb', 'usr_504');
INSERT INTO trabalho.log_acesso VALUES ('log_504_0_1', '219328a1-cec6-4e8c-b003-52a3ec9766bb', 'usr_504');
INSERT INTO trabalho.usuario_esta_inscrito_no_podcast VALUES (3, 'b553d865-8fe2-47de-9a30-10e1dea3bd1d', 'usr_504');
INSERT INTO trabalho.comentarios_podcast_usuario VALUES ('comment_504_0_2', 'Ipsa aspernatur nihil.', 'b553d865-8fe2-47de-9a30-10e1dea3bd1d', 'usr_504');
INSERT INTO trabalho.log_acesso VALUES ('log_504_0_2', 'b553d865-8fe2-47de-9a30-10e1dea3bd1d', 'usr_504');
INSERT INTO trabalho.log_acesso VALUES ('log_504_1_2', 'b553d865-8fe2-47de-9a30-10e1dea3bd1d', 'usr_504');
INSERT INTO trabalho.log_acesso VALUES ('log_504_2_2', 'b553d865-8fe2-47de-9a30-10e1dea3bd1d', 'usr_504');
INSERT INTO trabalho.log_acesso VALUES ('log_504_3_2', 'b553d865-8fe2-47de-9a30-10e1dea3bd1d', 'usr_504');
INSERT INTO trabalho.usuario VALUES ('usr_505', '505_Roberta.Santos18@hotmail.com', 'Roberta Santos', 'female', 20, trabalho.hashPassword('Password123'), 'Mali');
INSERT INTO trabalho.usuario_esta_inscrito_no_podcast VALUES (2, '67074e68-bc2f-442b-8af2-7d328b6af6eb', 'usr_505');
INSERT INTO trabalho.comentarios_podcast_usuario VALUES ('comment_505_0_0', 'Voluptas non cum amet sed harum a repellat.', '67074e68-bc2f-442b-8af2-7d328b6af6eb', 'usr_505');
INSERT INTO trabalho.comentarios_podcast_usuario VALUES ('comment_505_1_0', 'Ipsum aut nesciunt rem quam facere quaerat.', '67074e68-bc2f-442b-8af2-7d328b6af6eb', 'usr_505');
INSERT INTO trabalho.comentarios_podcast_usuario VALUES ('comment_505_2_0', 'Numquam aliquid possimus.', '67074e68-bc2f-442b-8af2-7d328b6af6eb', 'usr_505');
INSERT INTO trabalho.comentarios_podcast_usuario VALUES ('comment_505_3_0', 'Molestiae eveniet autem est consectetur in beatae consequatur dolorum voluptas.', '67074e68-bc2f-442b-8af2-7d328b6af6eb', 'usr_505');
INSERT INTO trabalho.comentarios_podcast_usuario VALUES ('comment_505_4_0', 'Unde velit officiis eveniet quae asperiores possimus omnis est.', '67074e68-bc2f-442b-8af2-7d328b6af6eb', 'usr_505');
INSERT INTO trabalho.log_acesso VALUES ('log_505_0_0', '67074e68-bc2f-442b-8af2-7d328b6af6eb', 'usr_505');
INSERT INTO trabalho.log_acesso VALUES ('log_505_1_0', '67074e68-bc2f-442b-8af2-7d328b6af6eb', 'usr_505');
INSERT INTO trabalho.log_acesso VALUES ('log_505_2_0', '67074e68-bc2f-442b-8af2-7d328b6af6eb', 'usr_505');
INSERT INTO trabalho.log_acesso VALUES ('log_505_3_0', '67074e68-bc2f-442b-8af2-7d328b6af6eb', 'usr_505');
INSERT INTO trabalho.usuario_esta_inscrito_no_podcast VALUES (2, 'f0166bd2-8e4d-4308-b5d7-0b3d627c5dc5', 'usr_505');
INSERT INTO trabalho.comentarios_podcast_usuario VALUES ('comment_505_0_1', 'Nulla quis animi asperiores quidem voluptate.', 'f0166bd2-8e4d-4308-b5d7-0b3d627c5dc5', 'usr_505');
INSERT INTO trabalho.comentarios_podcast_usuario VALUES ('comment_505_1_1', 'Et occaecati tenetur tenetur aliquam laudantium sit voluptas omnis recusandae.', 'f0166bd2-8e4d-4308-b5d7-0b3d627c5dc5', 'usr_505');
INSERT INTO trabalho.comentarios_podcast_usuario VALUES ('comment_505_2_1', 'Molestias velit quaerat ut repellendus tempore.', 'f0166bd2-8e4d-4308-b5d7-0b3d627c5dc5', 'usr_505');
INSERT INTO trabalho.log_acesso VALUES ('log_505_0_1', 'f0166bd2-8e4d-4308-b5d7-0b3d627c5dc5', 'usr_505');
INSERT INTO trabalho.log_acesso VALUES ('log_505_1_1', 'f0166bd2-8e4d-4308-b5d7-0b3d627c5dc5', 'usr_505');
INSERT INTO trabalho.usuario_esta_inscrito_no_podcast VALUES (0, '219328a1-cec6-4e8c-b003-52a3ec9766bb', 'usr_505');
INSERT INTO trabalho.comentarios_podcast_usuario VALUES ('comment_505_0_2', 'Unde repellendus dolores.', '219328a1-cec6-4e8c-b003-52a3ec9766bb', 'usr_505');
INSERT INTO trabalho.comentarios_podcast_usuario VALUES ('comment_505_1_2', 'Ut tempore voluptatem aut voluptates.', '219328a1-cec6-4e8c-b003-52a3ec9766bb', 'usr_505');
INSERT INTO trabalho.comentarios_podcast_usuario VALUES ('comment_505_2_2', 'Id perferendis consequatur vero.', '219328a1-cec6-4e8c-b003-52a3ec9766bb', 'usr_505');
INSERT INTO trabalho.log_acesso VALUES ('log_505_0_2', '219328a1-cec6-4e8c-b003-52a3ec9766bb', 'usr_505');
INSERT INTO trabalho.log_acesso VALUES ('log_505_1_2', '219328a1-cec6-4e8c-b003-52a3ec9766bb', 'usr_505');
INSERT INTO trabalho.usuario VALUES ('usr_506', '506_Klber2@live.com', 'Kléber Costa', 'male', 52, trabalho.hashPassword('Password123'), 'Ilhas Cook');
INSERT INTO trabalho.usuario_esta_inscrito_no_podcast VALUES (0, '5bdf7377-8330-4f9f-8efd-e95301c122ce', 'usr_506');
INSERT INTO trabalho.comentarios_podcast_usuario VALUES ('comment_506_0_0', 'Exercitationem quod omnis quia consequatur rerum vel quis.', '5bdf7377-8330-4f9f-8efd-e95301c122ce', 'usr_506');
INSERT INTO trabalho.comentarios_podcast_usuario VALUES ('comment_506_1_0', 'Voluptatem ut ea.', '5bdf7377-8330-4f9f-8efd-e95301c122ce', 'usr_506');
INSERT INTO trabalho.comentarios_podcast_usuario VALUES ('comment_506_2_0', 'Ex cumque est aut officia numquam veritatis iure at.', '5bdf7377-8330-4f9f-8efd-e95301c122ce', 'usr_506');
INSERT INTO trabalho.comentarios_podcast_usuario VALUES ('comment_506_3_0', 'Non et aut.', '5bdf7377-8330-4f9f-8efd-e95301c122ce', 'usr_506');
INSERT INTO trabalho.comentarios_podcast_usuario VALUES ('comment_506_4_0', 'Voluptatum quia consequatur molestiae sequi aut.', '5bdf7377-8330-4f9f-8efd-e95301c122ce', 'usr_506');
INSERT INTO trabalho.comentarios_podcast_usuario VALUES ('comment_506_5_0', 'Est ad odio quia quo aut earum consequatur.', '5bdf7377-8330-4f9f-8efd-e95301c122ce', 'usr_506');
INSERT INTO trabalho.comentarios_podcast_usuario VALUES ('comment_506_6_0', 'Enim ratione aut iusto aliquid velit ut quod consectetur laborum.', '5bdf7377-8330-4f9f-8efd-e95301c122ce', 'usr_506');
INSERT INTO trabalho.log_acesso VALUES ('log_506_0_0', '5bdf7377-8330-4f9f-8efd-e95301c122ce', 'usr_506');
INSERT INTO trabalho.log_acesso VALUES ('log_506_1_0', '5bdf7377-8330-4f9f-8efd-e95301c122ce', 'usr_506');
INSERT INTO trabalho.log_acesso VALUES ('log_506_2_0', '5bdf7377-8330-4f9f-8efd-e95301c122ce', 'usr_506');
INSERT INTO trabalho.usuario_esta_inscrito_no_podcast VALUES (3, 'b553d865-8fe2-47de-9a30-10e1dea3bd1d', 'usr_506');
INSERT INTO trabalho.comentarios_podcast_usuario VALUES ('comment_506_0_1', 'Ut et voluptates aut corporis velit aspernatur.', 'b553d865-8fe2-47de-9a30-10e1dea3bd1d', 'usr_506');
INSERT INTO trabalho.comentarios_podcast_usuario VALUES ('comment_506_1_1', 'Suscipit illo molestiae incidunt quis.', 'b553d865-8fe2-47de-9a30-10e1dea3bd1d', 'usr_506');
INSERT INTO trabalho.log_acesso VALUES ('log_506_0_1', 'b553d865-8fe2-47de-9a30-10e1dea3bd1d', 'usr_506');
INSERT INTO trabalho.log_acesso VALUES ('log_506_1_1', 'b553d865-8fe2-47de-9a30-10e1dea3bd1d', 'usr_506');
INSERT INTO trabalho.log_acesso VALUES ('log_506_2_1', 'b553d865-8fe2-47de-9a30-10e1dea3bd1d', 'usr_506');
INSERT INTO trabalho.log_acesso VALUES ('log_506_3_1', 'b553d865-8fe2-47de-9a30-10e1dea3bd1d', 'usr_506');
INSERT INTO trabalho.usuario_esta_inscrito_no_podcast VALUES (4, '7e429e8e-7669-403d-bb78-3cd7f9f75afd', 'usr_506');
INSERT INTO trabalho.comentarios_podcast_usuario VALUES ('comment_506_0_2', 'Aperiam et doloribus molestiae eum et architecto ut at.', '7e429e8e-7669-403d-bb78-3cd7f9f75afd', 'usr_506');
INSERT INTO trabalho.comentarios_podcast_usuario VALUES ('comment_506_1_2', 'Id iure incidunt sunt.', '7e429e8e-7669-403d-bb78-3cd7f9f75afd', 'usr_506');
INSERT INTO trabalho.comentarios_podcast_usuario VALUES ('comment_506_2_2', 'Occaecati quam laudantium alias esse laudantium sunt ut earum sit.', '7e429e8e-7669-403d-bb78-3cd7f9f75afd', 'usr_506');
INSERT INTO trabalho.comentarios_podcast_usuario VALUES ('comment_506_3_2', 'Temporibus adipisci quam voluptates molestiae quia.', '7e429e8e-7669-403d-bb78-3cd7f9f75afd', 'usr_506');
INSERT INTO trabalho.comentarios_podcast_usuario VALUES ('comment_506_4_2', 'Illum dolores accusamus harum asperiores libero autem quo aperiam dolore.', '7e429e8e-7669-403d-bb78-3cd7f9f75afd', 'usr_506');
INSERT INTO trabalho.log_acesso VALUES ('log_506_0_2', '7e429e8e-7669-403d-bb78-3cd7f9f75afd', 'usr_506');
INSERT INTO trabalho.log_acesso VALUES ('log_506_1_2', '7e429e8e-7669-403d-bb78-3cd7f9f75afd', 'usr_506');
INSERT INTO trabalho.usuario VALUES ('usr_507', '507_Warley_Nogueira@yahoo.com', 'Warley Nogueira', 'male', 23, trabalho.hashPassword('Password123'), 'Santa Helena');
INSERT INTO trabalho.usuario_esta_inscrito_no_podcast VALUES (2, '67074e68-bc2f-442b-8af2-7d328b6af6eb', 'usr_507');
INSERT INTO trabalho.comentarios_podcast_usuario VALUES ('comment_507_0_0', 'Nobis aut sed tempora necessitatibus alias nisi.', '67074e68-bc2f-442b-8af2-7d328b6af6eb', 'usr_507');
INSERT INTO trabalho.comentarios_podcast_usuario VALUES ('comment_507_1_0', 'Est nisi cupiditate odio et sit.', '67074e68-bc2f-442b-8af2-7d328b6af6eb', 'usr_507');
INSERT INTO trabalho.comentarios_podcast_usuario VALUES ('comment_507_2_0', 'Velit enim aliquam nihil sed.', '67074e68-bc2f-442b-8af2-7d328b6af6eb', 'usr_507');
INSERT INTO trabalho.log_acesso VALUES ('log_507_0_0', '67074e68-bc2f-442b-8af2-7d328b6af6eb', 'usr_507');
INSERT INTO trabalho.log_acesso VALUES ('log_507_1_0', '67074e68-bc2f-442b-8af2-7d328b6af6eb', 'usr_507');
INSERT INTO trabalho.log_acesso VALUES ('log_507_2_0', '67074e68-bc2f-442b-8af2-7d328b6af6eb', 'usr_507');
INSERT INTO trabalho.usuario_esta_inscrito_no_podcast VALUES (2, '168c1536-4c42-4b8f-8c77-f06affefec6a', 'usr_507');
INSERT INTO trabalho.comentarios_podcast_usuario VALUES ('comment_507_0_1', 'Aliquam repellat autem dolorem quasi debitis aperiam.', '168c1536-4c42-4b8f-8c77-f06affefec6a', 'usr_507');
INSERT INTO trabalho.log_acesso VALUES ('log_507_0_1', '168c1536-4c42-4b8f-8c77-f06affefec6a', 'usr_507');
INSERT INTO trabalho.log_acesso VALUES ('log_507_1_1', '168c1536-4c42-4b8f-8c77-f06affefec6a', 'usr_507');
INSERT INTO trabalho.log_acesso VALUES ('log_507_2_1', '168c1536-4c42-4b8f-8c77-f06affefec6a', 'usr_507');
INSERT INTO trabalho.usuario_esta_inscrito_no_podcast VALUES (0, 'f8e13774-d631-4f34-93f0-2f5d55590265', 'usr_507');
INSERT INTO trabalho.comentarios_podcast_usuario VALUES ('comment_507_0_2', 'Voluptatem voluptas asperiores aperiam.', 'f8e13774-d631-4f34-93f0-2f5d55590265', 'usr_507');
INSERT INTO trabalho.comentarios_podcast_usuario VALUES ('comment_507_1_2', 'Nam ratione consequuntur quia nobis laborum necessitatibus modi eos.', 'f8e13774-d631-4f34-93f0-2f5d55590265', 'usr_507');
INSERT INTO trabalho.log_acesso VALUES ('log_507_0_2', 'f8e13774-d631-4f34-93f0-2f5d55590265', 'usr_507');
INSERT INTO trabalho.log_acesso VALUES ('log_507_1_2', 'f8e13774-d631-4f34-93f0-2f5d55590265', 'usr_507');
INSERT INTO trabalho.log_acesso VALUES ('log_507_2_2', 'f8e13774-d631-4f34-93f0-2f5d55590265', 'usr_507');
INSERT INTO trabalho.usuario VALUES ('usr_508', '508_Fabrcio.Barros63@yahoo.com', 'Fabrício Barros', 'male', 19, trabalho.hashPassword('Password123'), 'Cabo Verde');
INSERT INTO trabalho.usuario_esta_inscrito_no_podcast VALUES (3, 'bc8dac25-793c-4a96-aafc-4ea7020f4f60', 'usr_508');
INSERT INTO trabalho.comentarios_podcast_usuario VALUES ('comment_508_0_0', 'Accusantium tempora est ut molestiae quasi consequatur in id voluptatibus.', 'bc8dac25-793c-4a96-aafc-4ea7020f4f60', 'usr_508');
INSERT INTO trabalho.comentarios_podcast_usuario VALUES ('comment_508_1_0', 'Ut harum magnam sit molestias.', 'bc8dac25-793c-4a96-aafc-4ea7020f4f60', 'usr_508');
INSERT INTO trabalho.comentarios_podcast_usuario VALUES ('comment_508_2_0', 'Possimus assumenda molestias aut commodi nihil.', 'bc8dac25-793c-4a96-aafc-4ea7020f4f60', 'usr_508');
INSERT INTO trabalho.comentarios_podcast_usuario VALUES ('comment_508_3_0', 'Possimus quam delectus eos quis.', 'bc8dac25-793c-4a96-aafc-4ea7020f4f60', 'usr_508');
INSERT INTO trabalho.log_acesso VALUES ('log_508_0_0', 'bc8dac25-793c-4a96-aafc-4ea7020f4f60', 'usr_508');
INSERT INTO trabalho.log_acesso VALUES ('log_508_1_0', 'bc8dac25-793c-4a96-aafc-4ea7020f4f60', 'usr_508');
INSERT INTO trabalho.usuario_esta_inscrito_no_podcast VALUES (0, '168c1536-4c42-4b8f-8c77-f06affefec6a', 'usr_508');
INSERT INTO trabalho.comentarios_podcast_usuario VALUES ('comment_508_0_1', 'Quae et autem nobis veniam optio.', '168c1536-4c42-4b8f-8c77-f06affefec6a', 'usr_508');
INSERT INTO trabalho.log_acesso VALUES ('log_508_0_1', '168c1536-4c42-4b8f-8c77-f06affefec6a', 'usr_508');
INSERT INTO trabalho.log_acesso VALUES ('log_508_1_1', '168c1536-4c42-4b8f-8c77-f06affefec6a', 'usr_508');
INSERT INTO trabalho.log_acesso VALUES ('log_508_2_1', '168c1536-4c42-4b8f-8c77-f06affefec6a', 'usr_508');
INSERT INTO trabalho.usuario_esta_inscrito_no_podcast VALUES (1, 'de2f0ddb-9903-436a-a5e2-54224254c818', 'usr_508');
INSERT INTO trabalho.comentarios_podcast_usuario VALUES ('comment_508_0_2', 'Aliquid a ut iusto repudiandae quia eos.', 'de2f0ddb-9903-436a-a5e2-54224254c818', 'usr_508');
INSERT INTO trabalho.comentarios_podcast_usuario VALUES ('comment_508_1_2', 'Eveniet eos iusto voluptatem non accusantium qui voluptatem debitis nesciunt.', 'de2f0ddb-9903-436a-a5e2-54224254c818', 'usr_508');
INSERT INTO trabalho.comentarios_podcast_usuario VALUES ('comment_508_2_2', 'Labore assumenda neque et quae doloremque voluptatum eveniet autem.', 'de2f0ddb-9903-436a-a5e2-54224254c818', 'usr_508');
INSERT INTO trabalho.comentarios_podcast_usuario VALUES ('comment_508_3_2', 'Fugit consequuntur dolorem.', 'de2f0ddb-9903-436a-a5e2-54224254c818', 'usr_508');
INSERT INTO trabalho.log_acesso VALUES ('log_508_0_2', 'de2f0ddb-9903-436a-a5e2-54224254c818', 'usr_508');
INSERT INTO trabalho.log_acesso VALUES ('log_508_1_2', 'de2f0ddb-9903-436a-a5e2-54224254c818', 'usr_508');
INSERT INTO trabalho.usuario VALUES ('usr_509', '509_Pedro.Reis79@yahoo.com', 'Pedro Reis', 'male', 56, trabalho.hashPassword('Password123'), 'Trinidad e Tobago');
INSERT INTO trabalho.usuario_esta_inscrito_no_podcast VALUES (1, 'f0166bd2-8e4d-4308-b5d7-0b3d627c5dc5', 'usr_509');
INSERT INTO trabalho.comentarios_podcast_usuario VALUES ('comment_509_0_0', 'Laboriosam nesciunt ex perferendis.', 'f0166bd2-8e4d-4308-b5d7-0b3d627c5dc5', 'usr_509');
INSERT INTO trabalho.comentarios_podcast_usuario VALUES ('comment_509_1_0', 'Sit atque quia optio dolorum earum sit.', 'f0166bd2-8e4d-4308-b5d7-0b3d627c5dc5', 'usr_509');
INSERT INTO trabalho.comentarios_podcast_usuario VALUES ('comment_509_2_0', 'Fugiat laborum qui voluptas quia.', 'f0166bd2-8e4d-4308-b5d7-0b3d627c5dc5', 'usr_509');
INSERT INTO trabalho.comentarios_podcast_usuario VALUES ('comment_509_3_0', 'Nisi magni deleniti quo nihil laboriosam id non illum eius.', 'f0166bd2-8e4d-4308-b5d7-0b3d627c5dc5', 'usr_509');
INSERT INTO trabalho.comentarios_podcast_usuario VALUES ('comment_509_4_0', 'Quia consequatur et quia vel eligendi aut sequi aut est.', 'f0166bd2-8e4d-4308-b5d7-0b3d627c5dc5', 'usr_509');
INSERT INTO trabalho.log_acesso VALUES ('log_509_0_0', 'f0166bd2-8e4d-4308-b5d7-0b3d627c5dc5', 'usr_509');
INSERT INTO trabalho.log_acesso VALUES ('log_509_1_0', 'f0166bd2-8e4d-4308-b5d7-0b3d627c5dc5', 'usr_509');
INSERT INTO trabalho.log_acesso VALUES ('log_509_2_0', 'f0166bd2-8e4d-4308-b5d7-0b3d627c5dc5', 'usr_509');
INSERT INTO trabalho.usuario_esta_inscrito_no_podcast VALUES (1, 'f1b92ce7-47a7-43cd-8586-4a09185cdd05', 'usr_509');
INSERT INTO trabalho.comentarios_podcast_usuario VALUES ('comment_509_0_1', 'Natus praesentium voluptatem rerum veniam cum.', 'f1b92ce7-47a7-43cd-8586-4a09185cdd05', 'usr_509');
INSERT INTO trabalho.log_acesso VALUES ('log_509_0_1', 'f1b92ce7-47a7-43cd-8586-4a09185cdd05', 'usr_509');
INSERT INTO trabalho.log_acesso VALUES ('log_509_1_1', 'f1b92ce7-47a7-43cd-8586-4a09185cdd05', 'usr_509');
INSERT INTO trabalho.log_acesso VALUES ('log_509_2_1', 'f1b92ce7-47a7-43cd-8586-4a09185cdd05', 'usr_509');
INSERT INTO trabalho.usuario_esta_inscrito_no_podcast VALUES (5, 'f8e13774-d631-4f34-93f0-2f5d55590265', 'usr_509');
INSERT INTO trabalho.comentarios_podcast_usuario VALUES ('comment_509_0_2', 'Officiis aut est id.', 'f8e13774-d631-4f34-93f0-2f5d55590265', 'usr_509');
INSERT INTO trabalho.comentarios_podcast_usuario VALUES ('comment_509_1_2', 'Mollitia omnis doloremque.', 'f8e13774-d631-4f34-93f0-2f5d55590265', 'usr_509');
INSERT INTO trabalho.log_acesso VALUES ('log_509_0_2', 'f8e13774-d631-4f34-93f0-2f5d55590265', 'usr_509');
INSERT INTO trabalho.log_acesso VALUES ('log_509_1_2', 'f8e13774-d631-4f34-93f0-2f5d55590265', 'usr_509');
INSERT INTO trabalho.log_acesso VALUES ('log_509_2_2', 'f8e13774-d631-4f34-93f0-2f5d55590265', 'usr_509');
INSERT INTO trabalho.usuario VALUES ('usr_510', '510_Paula.Martins77@yahoo.com', 'Paula Martins', 'female', 39, trabalho.hashPassword('Password123'), 'Eslovênia');
INSERT INTO trabalho.usuario_esta_inscrito_no_podcast VALUES (2, 'af46a958-b921-47b6-9f87-5c4fdc68ea79', 'usr_510');
INSERT INTO trabalho.comentarios_podcast_usuario VALUES ('comment_510_0_0', 'Nulla ex vitae dolores alias repellat reprehenderit quas id enim.', 'af46a958-b921-47b6-9f87-5c4fdc68ea79', 'usr_510');
INSERT INTO trabalho.comentarios_podcast_usuario VALUES ('comment_510_1_0', 'Facere accusamus tenetur tempora et voluptatem deserunt.', 'af46a958-b921-47b6-9f87-5c4fdc68ea79', 'usr_510');
INSERT INTO trabalho.comentarios_podcast_usuario VALUES ('comment_510_2_0', 'Et architecto beatae repudiandae enim voluptatem dolorum maiores aut dolores.', 'af46a958-b921-47b6-9f87-5c4fdc68ea79', 'usr_510');
INSERT INTO trabalho.comentarios_podcast_usuario VALUES ('comment_510_3_0', 'Beatae assumenda consequatur iusto expedita adipisci.', 'af46a958-b921-47b6-9f87-5c4fdc68ea79', 'usr_510');
INSERT INTO trabalho.comentarios_podcast_usuario VALUES ('comment_510_4_0', 'Assumenda quia facere sint voluptate non maxime occaecati delectus.', 'af46a958-b921-47b6-9f87-5c4fdc68ea79', 'usr_510');
INSERT INTO trabalho.log_acesso VALUES ('log_510_0_0', 'af46a958-b921-47b6-9f87-5c4fdc68ea79', 'usr_510');
INSERT INTO trabalho.log_acesso VALUES ('log_510_1_0', 'af46a958-b921-47b6-9f87-5c4fdc68ea79', 'usr_510');
INSERT INTO trabalho.log_acesso VALUES ('log_510_2_0', 'af46a958-b921-47b6-9f87-5c4fdc68ea79', 'usr_510');
INSERT INTO trabalho.usuario_esta_inscrito_no_podcast VALUES (2, '219328a1-cec6-4e8c-b003-52a3ec9766bb', 'usr_510');
INSERT INTO trabalho.comentarios_podcast_usuario VALUES ('comment_510_0_1', 'Perspiciatis molestiae a est ut.', '219328a1-cec6-4e8c-b003-52a3ec9766bb', 'usr_510');
INSERT INTO trabalho.comentarios_podcast_usuario VALUES ('comment_510_1_1', 'Reprehenderit dolorem sint molestiae voluptas hic qui.', '219328a1-cec6-4e8c-b003-52a3ec9766bb', 'usr_510');
INSERT INTO trabalho.log_acesso VALUES ('log_510_0_1', '219328a1-cec6-4e8c-b003-52a3ec9766bb', 'usr_510');
INSERT INTO trabalho.log_acesso VALUES ('log_510_1_1', '219328a1-cec6-4e8c-b003-52a3ec9766bb', 'usr_510');
INSERT INTO trabalho.log_acesso VALUES ('log_510_2_1', '219328a1-cec6-4e8c-b003-52a3ec9766bb', 'usr_510');
INSERT INTO trabalho.usuario_esta_inscrito_no_podcast VALUES (2, 'fa3abe16-3645-4d22-a01d-893e6f20c408', 'usr_510');
INSERT INTO trabalho.comentarios_podcast_usuario VALUES ('comment_510_0_2', 'Harum ut iure blanditiis qui voluptatem quia architecto aut et.', 'fa3abe16-3645-4d22-a01d-893e6f20c408', 'usr_510');
INSERT INTO trabalho.comentarios_podcast_usuario VALUES ('comment_510_1_2', 'Itaque amet quia ab occaecati debitis.', 'fa3abe16-3645-4d22-a01d-893e6f20c408', 'usr_510');
INSERT INTO trabalho.comentarios_podcast_usuario VALUES ('comment_510_2_2', 'Qui vel nostrum vel optio eligendi.', 'fa3abe16-3645-4d22-a01d-893e6f20c408', 'usr_510');
INSERT INTO trabalho.log_acesso VALUES ('log_510_0_2', 'fa3abe16-3645-4d22-a01d-893e6f20c408', 'usr_510');
INSERT INTO trabalho.log_acesso VALUES ('log_510_1_2', 'fa3abe16-3645-4d22-a01d-893e6f20c408', 'usr_510');
INSERT INTO trabalho.usuario VALUES ('usr_511', '511_Marcelo5@yahoo.com', 'Marcelo Silva', 'male', 43, trabalho.hashPassword('Password123'), 'Luxemburgo');
INSERT INTO trabalho.usuario_esta_inscrito_no_podcast VALUES (0, '219328a1-cec6-4e8c-b003-52a3ec9766bb', 'usr_511');
INSERT INTO trabalho.comentarios_podcast_usuario VALUES ('comment_511_0_0', 'Ipsa quia ut non accusamus autem veniam.', '219328a1-cec6-4e8c-b003-52a3ec9766bb', 'usr_511');
INSERT INTO trabalho.comentarios_podcast_usuario VALUES ('comment_511_1_0', 'Sapiente ipsa aliquid reiciendis.', '219328a1-cec6-4e8c-b003-52a3ec9766bb', 'usr_511');
INSERT INTO trabalho.log_acesso VALUES ('log_511_0_0', '219328a1-cec6-4e8c-b003-52a3ec9766bb', 'usr_511');
INSERT INTO trabalho.log_acesso VALUES ('log_511_1_0', '219328a1-cec6-4e8c-b003-52a3ec9766bb', 'usr_511');
INSERT INTO trabalho.log_acesso VALUES ('log_511_2_0', '219328a1-cec6-4e8c-b003-52a3ec9766bb', 'usr_511');
INSERT INTO trabalho.log_acesso VALUES ('log_511_3_0', '219328a1-cec6-4e8c-b003-52a3ec9766bb', 'usr_511');
INSERT INTO trabalho.usuario_esta_inscrito_no_podcast VALUES (3, 'f1b92ce7-47a7-43cd-8586-4a09185cdd05', 'usr_511');
INSERT INTO trabalho.comentarios_podcast_usuario VALUES ('comment_511_0_1', 'Aliquam sint reprehenderit nemo sunt magni.', 'f1b92ce7-47a7-43cd-8586-4a09185cdd05', 'usr_511');
INSERT INTO trabalho.comentarios_podcast_usuario VALUES ('comment_511_1_1', 'Amet et amet quaerat molestias veritatis quidem ut cumque.', 'f1b92ce7-47a7-43cd-8586-4a09185cdd05', 'usr_511');
INSERT INTO trabalho.comentarios_podcast_usuario VALUES ('comment_511_2_1', 'Minus eligendi qui at id et.', 'f1b92ce7-47a7-43cd-8586-4a09185cdd05', 'usr_511');
INSERT INTO trabalho.comentarios_podcast_usuario VALUES ('comment_511_3_1', 'Doloremque et dolor officia ipsam.', 'f1b92ce7-47a7-43cd-8586-4a09185cdd05', 'usr_511');
INSERT INTO trabalho.comentarios_podcast_usuario VALUES ('comment_511_4_1', 'Ratione fuga quae.', 'f1b92ce7-47a7-43cd-8586-4a09185cdd05', 'usr_511');
INSERT INTO trabalho.log_acesso VALUES ('log_511_0_1', 'f1b92ce7-47a7-43cd-8586-4a09185cdd05', 'usr_511');
INSERT INTO trabalho.usuario_esta_inscrito_no_podcast VALUES (0, '67074e68-bc2f-442b-8af2-7d328b6af6eb', 'usr_511');
INSERT INTO trabalho.comentarios_podcast_usuario VALUES ('comment_511_0_2', 'Eius et quis maxime.', '67074e68-bc2f-442b-8af2-7d328b6af6eb', 'usr_511');
INSERT INTO trabalho.comentarios_podcast_usuario VALUES ('comment_511_1_2', 'Deserunt commodi et atque facilis ut sit veniam.', '67074e68-bc2f-442b-8af2-7d328b6af6eb', 'usr_511');
INSERT INTO trabalho.comentarios_podcast_usuario VALUES ('comment_511_2_2', 'Tempora quos inventore mollitia.', '67074e68-bc2f-442b-8af2-7d328b6af6eb', 'usr_511');
INSERT INTO trabalho.comentarios_podcast_usuario VALUES ('comment_511_3_2', 'Consectetur ut maxime sunt molestiae.', '67074e68-bc2f-442b-8af2-7d328b6af6eb', 'usr_511');
INSERT INTO trabalho.comentarios_podcast_usuario VALUES ('comment_511_4_2', 'Error sint reprehenderit labore ad.', '67074e68-bc2f-442b-8af2-7d328b6af6eb', 'usr_511');
INSERT INTO trabalho.log_acesso VALUES ('log_511_0_2', '67074e68-bc2f-442b-8af2-7d328b6af6eb', 'usr_511');
INSERT INTO trabalho.log_acesso VALUES ('log_511_1_2', '67074e68-bc2f-442b-8af2-7d328b6af6eb', 'usr_511');
INSERT INTO trabalho.log_acesso VALUES ('log_511_2_2', '67074e68-bc2f-442b-8af2-7d328b6af6eb', 'usr_511');
INSERT INTO trabalho.log_acesso VALUES ('log_511_3_2', '67074e68-bc2f-442b-8af2-7d328b6af6eb', 'usr_511');
INSERT INTO trabalho.log_acesso VALUES ('log_511_4_2', '67074e68-bc2f-442b-8af2-7d328b6af6eb', 'usr_511');
INSERT INTO trabalho.usuario VALUES ('usr_512', '512_Ladislau56@live.com', 'Ladislau Santos', 'male', 26, trabalho.hashPassword('Password123'), 'Niue');
INSERT INTO trabalho.usuario_esta_inscrito_no_podcast VALUES (3, '219328a1-cec6-4e8c-b003-52a3ec9766bb', 'usr_512');
INSERT INTO trabalho.comentarios_podcast_usuario VALUES ('comment_512_0_0', 'Molestias quod sapiente expedita.', '219328a1-cec6-4e8c-b003-52a3ec9766bb', 'usr_512');
INSERT INTO trabalho.comentarios_podcast_usuario VALUES ('comment_512_1_0', 'Accusamus laudantium dolores culpa voluptatibus quasi.', '219328a1-cec6-4e8c-b003-52a3ec9766bb', 'usr_512');
INSERT INTO trabalho.comentarios_podcast_usuario VALUES ('comment_512_2_0', 'Et aliquid modi temporibus ducimus natus rerum porro consequatur.', '219328a1-cec6-4e8c-b003-52a3ec9766bb', 'usr_512');
INSERT INTO trabalho.log_acesso VALUES ('log_512_0_0', '219328a1-cec6-4e8c-b003-52a3ec9766bb', 'usr_512');
INSERT INTO trabalho.log_acesso VALUES ('log_512_1_0', '219328a1-cec6-4e8c-b003-52a3ec9766bb', 'usr_512');
INSERT INTO trabalho.log_acesso VALUES ('log_512_2_0', '219328a1-cec6-4e8c-b003-52a3ec9766bb', 'usr_512');
INSERT INTO trabalho.log_acesso VALUES ('log_512_3_0', '219328a1-cec6-4e8c-b003-52a3ec9766bb', 'usr_512');
INSERT INTO trabalho.log_acesso VALUES ('log_512_4_0', '219328a1-cec6-4e8c-b003-52a3ec9766bb', 'usr_512');
INSERT INTO trabalho.log_acesso VALUES ('log_512_5_0', '219328a1-cec6-4e8c-b003-52a3ec9766bb', 'usr_512');
INSERT INTO trabalho.log_acesso VALUES ('log_512_6_0', '219328a1-cec6-4e8c-b003-52a3ec9766bb', 'usr_512');
INSERT INTO trabalho.usuario_esta_inscrito_no_podcast VALUES (0, 'af46a958-b921-47b6-9f87-5c4fdc68ea79', 'usr_512');
INSERT INTO trabalho.comentarios_podcast_usuario VALUES ('comment_512_0_1', 'Porro voluptas qui.', 'af46a958-b921-47b6-9f87-5c4fdc68ea79', 'usr_512');
INSERT INTO trabalho.comentarios_podcast_usuario VALUES ('comment_512_1_1', 'Odio voluptatibus sit nihil praesentium et.', 'af46a958-b921-47b6-9f87-5c4fdc68ea79', 'usr_512');
INSERT INTO trabalho.log_acesso VALUES ('log_512_0_1', 'af46a958-b921-47b6-9f87-5c4fdc68ea79', 'usr_512');
INSERT INTO trabalho.log_acesso VALUES ('log_512_1_1', 'af46a958-b921-47b6-9f87-5c4fdc68ea79', 'usr_512');
INSERT INTO trabalho.log_acesso VALUES ('log_512_2_1', 'af46a958-b921-47b6-9f87-5c4fdc68ea79', 'usr_512');
INSERT INTO trabalho.log_acesso VALUES ('log_512_3_1', 'af46a958-b921-47b6-9f87-5c4fdc68ea79', 'usr_512');
INSERT INTO trabalho.log_acesso VALUES ('log_512_4_1', 'af46a958-b921-47b6-9f87-5c4fdc68ea79', 'usr_512');
INSERT INTO trabalho.usuario_esta_inscrito_no_podcast VALUES (4, 'c58b280a-56d4-4ad8-8c85-730e4ea86361', 'usr_512');
INSERT INTO trabalho.comentarios_podcast_usuario VALUES ('comment_512_0_2', 'Modi explicabo molestias qui doloremque.', 'c58b280a-56d4-4ad8-8c85-730e4ea86361', 'usr_512');
INSERT INTO trabalho.comentarios_podcast_usuario VALUES ('comment_512_1_2', 'Dolorem exercitationem consequuntur incidunt sed excepturi harum doloremque magnam.', 'c58b280a-56d4-4ad8-8c85-730e4ea86361', 'usr_512');
INSERT INTO trabalho.comentarios_podcast_usuario VALUES ('comment_512_2_2', 'Mollitia pariatur voluptatem quia.', 'c58b280a-56d4-4ad8-8c85-730e4ea86361', 'usr_512');
INSERT INTO trabalho.log_acesso VALUES ('log_512_0_2', 'c58b280a-56d4-4ad8-8c85-730e4ea86361', 'usr_512');
INSERT INTO trabalho.log_acesso VALUES ('log_512_1_2', 'c58b280a-56d4-4ad8-8c85-730e4ea86361', 'usr_512');
INSERT INTO trabalho.log_acesso VALUES ('log_512_2_2', 'c58b280a-56d4-4ad8-8c85-730e4ea86361', 'usr_512');
INSERT INTO trabalho.log_acesso VALUES ('log_512_3_2', 'c58b280a-56d4-4ad8-8c85-730e4ea86361', 'usr_512');
INSERT INTO trabalho.usuario VALUES ('usr_513', '513_Rafael_Oliveira@bol.com.br', 'Rafael Oliveira', 'male', 1, trabalho.hashPassword('Password123'), 'Quiribati');
INSERT INTO trabalho.usuario_esta_inscrito_no_podcast VALUES (1, 'fa3abe16-3645-4d22-a01d-893e6f20c408', 'usr_513');
INSERT INTO trabalho.comentarios_podcast_usuario VALUES ('comment_513_0_0', 'Aut natus omnis voluptas rem et ut culpa.', 'fa3abe16-3645-4d22-a01d-893e6f20c408', 'usr_513');
INSERT INTO trabalho.comentarios_podcast_usuario VALUES ('comment_513_1_0', 'Rerum sit voluptatibus.', 'fa3abe16-3645-4d22-a01d-893e6f20c408', 'usr_513');
INSERT INTO trabalho.comentarios_podcast_usuario VALUES ('comment_513_2_0', 'Repudiandae asperiores ipsa impedit beatae reprehenderit accusamus in velit aut.', 'fa3abe16-3645-4d22-a01d-893e6f20c408', 'usr_513');
INSERT INTO trabalho.comentarios_podcast_usuario VALUES ('comment_513_3_0', 'Dolorem sint necessitatibus vero voluptatem optio.', 'fa3abe16-3645-4d22-a01d-893e6f20c408', 'usr_513');
INSERT INTO trabalho.comentarios_podcast_usuario VALUES ('comment_513_4_0', 'Sed delectus natus minima.', 'fa3abe16-3645-4d22-a01d-893e6f20c408', 'usr_513');
INSERT INTO trabalho.log_acesso VALUES ('log_513_0_0', 'fa3abe16-3645-4d22-a01d-893e6f20c408', 'usr_513');
INSERT INTO trabalho.log_acesso VALUES ('log_513_1_0', 'fa3abe16-3645-4d22-a01d-893e6f20c408', 'usr_513');
INSERT INTO trabalho.usuario_esta_inscrito_no_podcast VALUES (0, 'f0166bd2-8e4d-4308-b5d7-0b3d627c5dc5', 'usr_513');
INSERT INTO trabalho.comentarios_podcast_usuario VALUES ('comment_513_0_1', 'Repellendus sint mollitia.', 'f0166bd2-8e4d-4308-b5d7-0b3d627c5dc5', 'usr_513');
INSERT INTO trabalho.comentarios_podcast_usuario VALUES ('comment_513_1_1', 'Nam fugiat et ut cupiditate iste.', 'f0166bd2-8e4d-4308-b5d7-0b3d627c5dc5', 'usr_513');
INSERT INTO trabalho.comentarios_podcast_usuario VALUES ('comment_513_2_1', 'Sed tempora ea ut hic.', 'f0166bd2-8e4d-4308-b5d7-0b3d627c5dc5', 'usr_513');
INSERT INTO trabalho.comentarios_podcast_usuario VALUES ('comment_513_3_1', 'Qui eaque dolore velit quo autem sapiente provident perferendis consequatur.', 'f0166bd2-8e4d-4308-b5d7-0b3d627c5dc5', 'usr_513');
INSERT INTO trabalho.log_acesso VALUES ('log_513_0_1', 'f0166bd2-8e4d-4308-b5d7-0b3d627c5dc5', 'usr_513');
INSERT INTO trabalho.log_acesso VALUES ('log_513_1_1', 'f0166bd2-8e4d-4308-b5d7-0b3d627c5dc5', 'usr_513');
INSERT INTO trabalho.usuario_esta_inscrito_no_podcast VALUES (2, 'c58b280a-56d4-4ad8-8c85-730e4ea86361', 'usr_513');
INSERT INTO trabalho.comentarios_podcast_usuario VALUES ('comment_513_0_2', 'Aut quas odio maxime et asperiores tempore cumque quibusdam sapiente.', 'c58b280a-56d4-4ad8-8c85-730e4ea86361', 'usr_513');
INSERT INTO trabalho.log_acesso VALUES ('log_513_0_2', 'c58b280a-56d4-4ad8-8c85-730e4ea86361', 'usr_513');
INSERT INTO trabalho.log_acesso VALUES ('log_513_1_2', 'c58b280a-56d4-4ad8-8c85-730e4ea86361', 'usr_513');
INSERT INTO trabalho.log_acesso VALUES ('log_513_2_2', 'c58b280a-56d4-4ad8-8c85-730e4ea86361', 'usr_513');
INSERT INTO trabalho.log_acesso VALUES ('log_513_3_2', 'c58b280a-56d4-4ad8-8c85-730e4ea86361', 'usr_513');
INSERT INTO trabalho.log_acesso VALUES ('log_513_4_2', 'c58b280a-56d4-4ad8-8c85-730e4ea86361', 'usr_513');
INSERT INTO trabalho.log_acesso VALUES ('log_513_5_2', 'c58b280a-56d4-4ad8-8c85-730e4ea86361', 'usr_513');
INSERT INTO trabalho.usuario VALUES ('usr_514', '514_Vitria.Moraes70@gmail.com', 'Vitória Moraes', 'female', 20, trabalho.hashPassword('Password123'), 'Bélgica');
INSERT INTO trabalho.usuario_esta_inscrito_no_podcast VALUES (5, 'b553d865-8fe2-47de-9a30-10e1dea3bd1d', 'usr_514');
INSERT INTO trabalho.comentarios_podcast_usuario VALUES ('comment_514_0_0', 'Dolorem ut qui rerum quisquam eum.', 'b553d865-8fe2-47de-9a30-10e1dea3bd1d', 'usr_514');
INSERT INTO trabalho.comentarios_podcast_usuario VALUES ('comment_514_1_0', 'Aperiam omnis molestias optio praesentium qui sed corrupti.', 'b553d865-8fe2-47de-9a30-10e1dea3bd1d', 'usr_514');
INSERT INTO trabalho.log_acesso VALUES ('log_514_0_0', 'b553d865-8fe2-47de-9a30-10e1dea3bd1d', 'usr_514');
INSERT INTO trabalho.log_acesso VALUES ('log_514_1_0', 'b553d865-8fe2-47de-9a30-10e1dea3bd1d', 'usr_514');
INSERT INTO trabalho.usuario_esta_inscrito_no_podcast VALUES (0, 'bc8dac25-793c-4a96-aafc-4ea7020f4f60', 'usr_514');
INSERT INTO trabalho.comentarios_podcast_usuario VALUES ('comment_514_0_1', 'Suscipit recusandae eveniet.', 'bc8dac25-793c-4a96-aafc-4ea7020f4f60', 'usr_514');
INSERT INTO trabalho.comentarios_podcast_usuario VALUES ('comment_514_1_1', 'Ea id consectetur.', 'bc8dac25-793c-4a96-aafc-4ea7020f4f60', 'usr_514');
INSERT INTO trabalho.log_acesso VALUES ('log_514_0_1', 'bc8dac25-793c-4a96-aafc-4ea7020f4f60', 'usr_514');
INSERT INTO trabalho.log_acesso VALUES ('log_514_1_1', 'bc8dac25-793c-4a96-aafc-4ea7020f4f60', 'usr_514');
INSERT INTO trabalho.log_acesso VALUES ('log_514_2_1', 'bc8dac25-793c-4a96-aafc-4ea7020f4f60', 'usr_514');
INSERT INTO trabalho.log_acesso VALUES ('log_514_3_1', 'bc8dac25-793c-4a96-aafc-4ea7020f4f60', 'usr_514');
INSERT INTO trabalho.log_acesso VALUES ('log_514_4_1', 'bc8dac25-793c-4a96-aafc-4ea7020f4f60', 'usr_514');
INSERT INTO trabalho.usuario_esta_inscrito_no_podcast VALUES (4, '168c1536-4c42-4b8f-8c77-f06affefec6a', 'usr_514');
INSERT INTO trabalho.comentarios_podcast_usuario VALUES ('comment_514_0_2', 'Qui voluptas praesentium.', '168c1536-4c42-4b8f-8c77-f06affefec6a', 'usr_514');
INSERT INTO trabalho.comentarios_podcast_usuario VALUES ('comment_514_1_2', 'Autem dolorem dolorem praesentium velit ut et.', '168c1536-4c42-4b8f-8c77-f06affefec6a', 'usr_514');
INSERT INTO trabalho.comentarios_podcast_usuario VALUES ('comment_514_2_2', 'Iusto rem porro cupiditate sunt quibusdam.', '168c1536-4c42-4b8f-8c77-f06affefec6a', 'usr_514');
INSERT INTO trabalho.comentarios_podcast_usuario VALUES ('comment_514_3_2', 'Optio accusamus nobis perferendis ipsa non vel similique ullam.', '168c1536-4c42-4b8f-8c77-f06affefec6a', 'usr_514');
INSERT INTO trabalho.log_acesso VALUES ('log_514_0_2', '168c1536-4c42-4b8f-8c77-f06affefec6a', 'usr_514');
INSERT INTO trabalho.log_acesso VALUES ('log_514_1_2', '168c1536-4c42-4b8f-8c77-f06affefec6a', 'usr_514');
INSERT INTO trabalho.log_acesso VALUES ('log_514_2_2', '168c1536-4c42-4b8f-8c77-f06affefec6a', 'usr_514');
INSERT INTO trabalho.log_acesso VALUES ('log_514_3_2', '168c1536-4c42-4b8f-8c77-f06affefec6a', 'usr_514');
INSERT INTO trabalho.log_acesso VALUES ('log_514_4_2', '168c1536-4c42-4b8f-8c77-f06affefec6a', 'usr_514');
INSERT INTO trabalho.usuario VALUES ('usr_515', '515_Sarah.Reis@bol.com.br', 'Sarah Reis', 'female', 45, trabalho.hashPassword('Password123'), 'Gabão');
INSERT INTO trabalho.usuario_esta_inscrito_no_podcast VALUES (3, 'b553d865-8fe2-47de-9a30-10e1dea3bd1d', 'usr_515');
INSERT INTO trabalho.comentarios_podcast_usuario VALUES ('comment_515_0_0', 'Corporis et ea omnis officiis.', 'b553d865-8fe2-47de-9a30-10e1dea3bd1d', 'usr_515');
INSERT INTO trabalho.comentarios_podcast_usuario VALUES ('comment_515_1_0', 'Sunt ut voluptates nulla qui similique.', 'b553d865-8fe2-47de-9a30-10e1dea3bd1d', 'usr_515');
INSERT INTO trabalho.log_acesso VALUES ('log_515_0_0', 'b553d865-8fe2-47de-9a30-10e1dea3bd1d', 'usr_515');
INSERT INTO trabalho.log_acesso VALUES ('log_515_1_0', 'b553d865-8fe2-47de-9a30-10e1dea3bd1d', 'usr_515');
INSERT INTO trabalho.log_acesso VALUES ('log_515_2_0', 'b553d865-8fe2-47de-9a30-10e1dea3bd1d', 'usr_515');
INSERT INTO trabalho.usuario_esta_inscrito_no_podcast VALUES (3, 'f0166bd2-8e4d-4308-b5d7-0b3d627c5dc5', 'usr_515');
INSERT INTO trabalho.comentarios_podcast_usuario VALUES ('comment_515_0_1', 'Enim facilis non voluptas ad.', 'f0166bd2-8e4d-4308-b5d7-0b3d627c5dc5', 'usr_515');
INSERT INTO trabalho.comentarios_podcast_usuario VALUES ('comment_515_1_1', 'Provident sed veritatis enim dignissimos.', 'f0166bd2-8e4d-4308-b5d7-0b3d627c5dc5', 'usr_515');
INSERT INTO trabalho.log_acesso VALUES ('log_515_0_1', 'f0166bd2-8e4d-4308-b5d7-0b3d627c5dc5', 'usr_515');
INSERT INTO trabalho.log_acesso VALUES ('log_515_1_1', 'f0166bd2-8e4d-4308-b5d7-0b3d627c5dc5', 'usr_515');
INSERT INTO trabalho.usuario_esta_inscrito_no_podcast VALUES (4, '219328a1-cec6-4e8c-b003-52a3ec9766bb', 'usr_515');
INSERT INTO trabalho.comentarios_podcast_usuario VALUES ('comment_515_0_2', 'Maiores ab non.', '219328a1-cec6-4e8c-b003-52a3ec9766bb', 'usr_515');
INSERT INTO trabalho.comentarios_podcast_usuario VALUES ('comment_515_1_2', 'Et quam quaerat modi a ut repellendus eos esse.', '219328a1-cec6-4e8c-b003-52a3ec9766bb', 'usr_515');
INSERT INTO trabalho.comentarios_podcast_usuario VALUES ('comment_515_2_2', 'Est omnis provident ipsum.', '219328a1-cec6-4e8c-b003-52a3ec9766bb', 'usr_515');
INSERT INTO trabalho.comentarios_podcast_usuario VALUES ('comment_515_3_2', 'Fuga dolore sapiente et odit vitae at in nobis.', '219328a1-cec6-4e8c-b003-52a3ec9766bb', 'usr_515');
INSERT INTO trabalho.comentarios_podcast_usuario VALUES ('comment_515_4_2', 'Commodi dignissimos eaque repellendus eius dignissimos aliquam pariatur iure suscipit.', '219328a1-cec6-4e8c-b003-52a3ec9766bb', 'usr_515');
INSERT INTO trabalho.comentarios_podcast_usuario VALUES ('comment_515_5_2', 'Possimus deserunt ratione nam sequi rerum neque maxime.', '219328a1-cec6-4e8c-b003-52a3ec9766bb', 'usr_515');
INSERT INTO trabalho.log_acesso VALUES ('log_515_0_2', '219328a1-cec6-4e8c-b003-52a3ec9766bb', 'usr_515');
INSERT INTO trabalho.log_acesso VALUES ('log_515_1_2', '219328a1-cec6-4e8c-b003-52a3ec9766bb', 'usr_515');
INSERT INTO trabalho.log_acesso VALUES ('log_515_2_2', '219328a1-cec6-4e8c-b003-52a3ec9766bb', 'usr_515');
INSERT INTO trabalho.log_acesso VALUES ('log_515_3_2', '219328a1-cec6-4e8c-b003-52a3ec9766bb', 'usr_515');
INSERT INTO trabalho.log_acesso VALUES ('log_515_4_2', '219328a1-cec6-4e8c-b003-52a3ec9766bb', 'usr_515');
INSERT INTO trabalho.log_acesso VALUES ('log_515_5_2', '219328a1-cec6-4e8c-b003-52a3ec9766bb', 'usr_515');
INSERT INTO trabalho.usuario VALUES ('usr_516', '516_Sulen_Batista@gmail.com', 'Suélen Batista', 'female', 9, trabalho.hashPassword('Password123'), 'Malawi');
INSERT INTO trabalho.usuario_esta_inscrito_no_podcast VALUES (1, '168c1536-4c42-4b8f-8c77-f06affefec6a', 'usr_516');
INSERT INTO trabalho.comentarios_podcast_usuario VALUES ('comment_516_0_0', 'Et repellat praesentium libero et temporibus aliquam.', '168c1536-4c42-4b8f-8c77-f06affefec6a', 'usr_516');
INSERT INTO trabalho.comentarios_podcast_usuario VALUES ('comment_516_1_0', 'Qui aut est illum debitis non nesciunt aut.', '168c1536-4c42-4b8f-8c77-f06affefec6a', 'usr_516');
INSERT INTO trabalho.comentarios_podcast_usuario VALUES ('comment_516_2_0', 'Illum est placeat repudiandae eos quod blanditiis similique et.', '168c1536-4c42-4b8f-8c77-f06affefec6a', 'usr_516');
INSERT INTO trabalho.comentarios_podcast_usuario VALUES ('comment_516_3_0', 'Ut odio velit rerum dolore tempore vel.', '168c1536-4c42-4b8f-8c77-f06affefec6a', 'usr_516');
INSERT INTO trabalho.log_acesso VALUES ('log_516_0_0', '168c1536-4c42-4b8f-8c77-f06affefec6a', 'usr_516');
INSERT INTO trabalho.log_acesso VALUES ('log_516_1_0', '168c1536-4c42-4b8f-8c77-f06affefec6a', 'usr_516');
INSERT INTO trabalho.log_acesso VALUES ('log_516_2_0', '168c1536-4c42-4b8f-8c77-f06affefec6a', 'usr_516');
INSERT INTO trabalho.log_acesso VALUES ('log_516_3_0', '168c1536-4c42-4b8f-8c77-f06affefec6a', 'usr_516');
INSERT INTO trabalho.log_acesso VALUES ('log_516_4_0', '168c1536-4c42-4b8f-8c77-f06affefec6a', 'usr_516');
INSERT INTO trabalho.log_acesso VALUES ('log_516_5_0', '168c1536-4c42-4b8f-8c77-f06affefec6a', 'usr_516');
INSERT INTO trabalho.usuario_esta_inscrito_no_podcast VALUES (3, 'f1b92ce7-47a7-43cd-8586-4a09185cdd05', 'usr_516');
INSERT INTO trabalho.comentarios_podcast_usuario VALUES ('comment_516_0_1', 'Maxime in sequi nesciunt velit omnis corrupti.', 'f1b92ce7-47a7-43cd-8586-4a09185cdd05', 'usr_516');
INSERT INTO trabalho.log_acesso VALUES ('log_516_0_1', 'f1b92ce7-47a7-43cd-8586-4a09185cdd05', 'usr_516');
INSERT INTO trabalho.log_acesso VALUES ('log_516_1_1', 'f1b92ce7-47a7-43cd-8586-4a09185cdd05', 'usr_516');
INSERT INTO trabalho.log_acesso VALUES ('log_516_2_1', 'f1b92ce7-47a7-43cd-8586-4a09185cdd05', 'usr_516');
INSERT INTO trabalho.log_acesso VALUES ('log_516_3_1', 'f1b92ce7-47a7-43cd-8586-4a09185cdd05', 'usr_516');
INSERT INTO trabalho.usuario_esta_inscrito_no_podcast VALUES (2, 'de2f0ddb-9903-436a-a5e2-54224254c818', 'usr_516');
INSERT INTO trabalho.comentarios_podcast_usuario VALUES ('comment_516_0_2', 'Deleniti aut earum id nihil enim doloremque aut molestiae.', 'de2f0ddb-9903-436a-a5e2-54224254c818', 'usr_516');
INSERT INTO trabalho.comentarios_podcast_usuario VALUES ('comment_516_1_2', 'Quia quas consequatur.', 'de2f0ddb-9903-436a-a5e2-54224254c818', 'usr_516');
INSERT INTO trabalho.comentarios_podcast_usuario VALUES ('comment_516_2_2', 'Rerum sapiente officiis et cupiditate sit voluptatem dolor eos.', 'de2f0ddb-9903-436a-a5e2-54224254c818', 'usr_516');
INSERT INTO trabalho.log_acesso VALUES ('log_516_0_2', 'de2f0ddb-9903-436a-a5e2-54224254c818', 'usr_516');
INSERT INTO trabalho.log_acesso VALUES ('log_516_1_2', 'de2f0ddb-9903-436a-a5e2-54224254c818', 'usr_516');
INSERT INTO trabalho.log_acesso VALUES ('log_516_2_2', 'de2f0ddb-9903-436a-a5e2-54224254c818', 'usr_516');
INSERT INTO trabalho.usuario VALUES ('usr_517', '517_Enzo.Franco@bol.com.br', 'Enzo Franco', 'male', 60, trabalho.hashPassword('Password123'), 'Trinidad e Tobago');
INSERT INTO trabalho.usuario_esta_inscrito_no_podcast VALUES (2, 'f8e13774-d631-4f34-93f0-2f5d55590265', 'usr_517');
INSERT INTO trabalho.comentarios_podcast_usuario VALUES ('comment_517_0_0', 'Magnam aut quis velit ab.', 'f8e13774-d631-4f34-93f0-2f5d55590265', 'usr_517');
INSERT INTO trabalho.comentarios_podcast_usuario VALUES ('comment_517_1_0', 'Ex libero non et magni doloribus sed.', 'f8e13774-d631-4f34-93f0-2f5d55590265', 'usr_517');
INSERT INTO trabalho.comentarios_podcast_usuario VALUES ('comment_517_2_0', 'Esse totam assumenda nihil quia rerum necessitatibus.', 'f8e13774-d631-4f34-93f0-2f5d55590265', 'usr_517');
INSERT INTO trabalho.comentarios_podcast_usuario VALUES ('comment_517_3_0', 'Aut nam beatae libero ullam reprehenderit.', 'f8e13774-d631-4f34-93f0-2f5d55590265', 'usr_517');
INSERT INTO trabalho.log_acesso VALUES ('log_517_0_0', 'f8e13774-d631-4f34-93f0-2f5d55590265', 'usr_517');
INSERT INTO trabalho.log_acesso VALUES ('log_517_1_0', 'f8e13774-d631-4f34-93f0-2f5d55590265', 'usr_517');
INSERT INTO trabalho.log_acesso VALUES ('log_517_2_0', 'f8e13774-d631-4f34-93f0-2f5d55590265', 'usr_517');
INSERT INTO trabalho.log_acesso VALUES ('log_517_3_0', 'f8e13774-d631-4f34-93f0-2f5d55590265', 'usr_517');
INSERT INTO trabalho.log_acesso VALUES ('log_517_4_0', 'f8e13774-d631-4f34-93f0-2f5d55590265', 'usr_517');
INSERT INTO trabalho.log_acesso VALUES ('log_517_5_0', 'f8e13774-d631-4f34-93f0-2f5d55590265', 'usr_517');
INSERT INTO trabalho.usuario_esta_inscrito_no_podcast VALUES (2, 'c58b280a-56d4-4ad8-8c85-730e4ea86361', 'usr_517');
INSERT INTO trabalho.comentarios_podcast_usuario VALUES ('comment_517_0_1', 'Qui tempora eum.', 'c58b280a-56d4-4ad8-8c85-730e4ea86361', 'usr_517');
INSERT INTO trabalho.comentarios_podcast_usuario VALUES ('comment_517_1_1', 'Et est officiis accusantium labore sunt molestias.', 'c58b280a-56d4-4ad8-8c85-730e4ea86361', 'usr_517');
INSERT INTO trabalho.comentarios_podcast_usuario VALUES ('comment_517_2_1', 'Et error repellendus corrupti.', 'c58b280a-56d4-4ad8-8c85-730e4ea86361', 'usr_517');
INSERT INTO trabalho.comentarios_podcast_usuario VALUES ('comment_517_3_1', 'Cupiditate aut rerum.', 'c58b280a-56d4-4ad8-8c85-730e4ea86361', 'usr_517');
INSERT INTO trabalho.log_acesso VALUES ('log_517_0_1', 'c58b280a-56d4-4ad8-8c85-730e4ea86361', 'usr_517');
INSERT INTO trabalho.log_acesso VALUES ('log_517_1_1', 'c58b280a-56d4-4ad8-8c85-730e4ea86361', 'usr_517');
INSERT INTO trabalho.log_acesso VALUES ('log_517_2_1', 'c58b280a-56d4-4ad8-8c85-730e4ea86361', 'usr_517');
INSERT INTO trabalho.log_acesso VALUES ('log_517_3_1', 'c58b280a-56d4-4ad8-8c85-730e4ea86361', 'usr_517');
INSERT INTO trabalho.log_acesso VALUES ('log_517_4_1', 'c58b280a-56d4-4ad8-8c85-730e4ea86361', 'usr_517');
INSERT INTO trabalho.usuario_esta_inscrito_no_podcast VALUES (2, 'bc8dac25-793c-4a96-aafc-4ea7020f4f60', 'usr_517');
INSERT INTO trabalho.comentarios_podcast_usuario VALUES ('comment_517_0_2', 'Molestias laudantium soluta expedita.', 'bc8dac25-793c-4a96-aafc-4ea7020f4f60', 'usr_517');
INSERT INTO trabalho.comentarios_podcast_usuario VALUES ('comment_517_1_2', 'Reiciendis libero laborum sunt illum exercitationem nihil occaecati.', 'bc8dac25-793c-4a96-aafc-4ea7020f4f60', 'usr_517');
INSERT INTO trabalho.comentarios_podcast_usuario VALUES ('comment_517_2_2', 'At culpa incidunt aut et.', 'bc8dac25-793c-4a96-aafc-4ea7020f4f60', 'usr_517');
INSERT INTO trabalho.comentarios_podcast_usuario VALUES ('comment_517_3_2', 'Quae quia rerum fugiat eum.', 'bc8dac25-793c-4a96-aafc-4ea7020f4f60', 'usr_517');
INSERT INTO trabalho.log_acesso VALUES ('log_517_0_2', 'bc8dac25-793c-4a96-aafc-4ea7020f4f60', 'usr_517');
INSERT INTO trabalho.log_acesso VALUES ('log_517_1_2', 'bc8dac25-793c-4a96-aafc-4ea7020f4f60', 'usr_517');
INSERT INTO trabalho.log_acesso VALUES ('log_517_2_2', 'bc8dac25-793c-4a96-aafc-4ea7020f4f60', 'usr_517');
INSERT INTO trabalho.log_acesso VALUES ('log_517_3_2', 'bc8dac25-793c-4a96-aafc-4ea7020f4f60', 'usr_517');
INSERT INTO trabalho.log_acesso VALUES ('log_517_4_2', 'bc8dac25-793c-4a96-aafc-4ea7020f4f60', 'usr_517');
INSERT INTO trabalho.usuario VALUES ('usr_518', '518_MariaAlice.Braga86@hotmail.com', 'Maria Alice Braga', 'female', 21, trabalho.hashPassword('Password123'), 'Quiribati');
INSERT INTO trabalho.usuario_esta_inscrito_no_podcast VALUES (3, 'af46a958-b921-47b6-9f87-5c4fdc68ea79', 'usr_518');
INSERT INTO trabalho.comentarios_podcast_usuario VALUES ('comment_518_0_0', 'Perspiciatis illum totam nihil harum.', 'af46a958-b921-47b6-9f87-5c4fdc68ea79', 'usr_518');
INSERT INTO trabalho.comentarios_podcast_usuario VALUES ('comment_518_1_0', 'In voluptas rerum et molestias sed dolor dolor et deleniti.', 'af46a958-b921-47b6-9f87-5c4fdc68ea79', 'usr_518');
INSERT INTO trabalho.log_acesso VALUES ('log_518_0_0', 'af46a958-b921-47b6-9f87-5c4fdc68ea79', 'usr_518');
INSERT INTO trabalho.log_acesso VALUES ('log_518_1_0', 'af46a958-b921-47b6-9f87-5c4fdc68ea79', 'usr_518');
INSERT INTO trabalho.log_acesso VALUES ('log_518_2_0', 'af46a958-b921-47b6-9f87-5c4fdc68ea79', 'usr_518');
INSERT INTO trabalho.usuario_esta_inscrito_no_podcast VALUES (3, 'de2f0ddb-9903-436a-a5e2-54224254c818', 'usr_518');
INSERT INTO trabalho.comentarios_podcast_usuario VALUES ('comment_518_0_1', 'Corrupti sed animi in non.', 'de2f0ddb-9903-436a-a5e2-54224254c818', 'usr_518');
INSERT INTO trabalho.comentarios_podcast_usuario VALUES ('comment_518_1_1', 'Facere ipsam magni qui ratione qui commodi.', 'de2f0ddb-9903-436a-a5e2-54224254c818', 'usr_518');
INSERT INTO trabalho.comentarios_podcast_usuario VALUES ('comment_518_2_1', 'Sequi ut et atque.', 'de2f0ddb-9903-436a-a5e2-54224254c818', 'usr_518');
INSERT INTO trabalho.comentarios_podcast_usuario VALUES ('comment_518_3_1', 'Minus nam blanditiis nulla placeat.', 'de2f0ddb-9903-436a-a5e2-54224254c818', 'usr_518');
INSERT INTO trabalho.log_acesso VALUES ('log_518_0_1', 'de2f0ddb-9903-436a-a5e2-54224254c818', 'usr_518');
INSERT INTO trabalho.log_acesso VALUES ('log_518_1_1', 'de2f0ddb-9903-436a-a5e2-54224254c818', 'usr_518');
INSERT INTO trabalho.log_acesso VALUES ('log_518_2_1', 'de2f0ddb-9903-436a-a5e2-54224254c818', 'usr_518');
INSERT INTO trabalho.log_acesso VALUES ('log_518_3_1', 'de2f0ddb-9903-436a-a5e2-54224254c818', 'usr_518');
INSERT INTO trabalho.usuario_esta_inscrito_no_podcast VALUES (3, '168c1536-4c42-4b8f-8c77-f06affefec6a', 'usr_518');
INSERT INTO trabalho.comentarios_podcast_usuario VALUES ('comment_518_0_2', 'Et et repellendus velit nobis expedita et non sint impedit.', '168c1536-4c42-4b8f-8c77-f06affefec6a', 'usr_518');
INSERT INTO trabalho.comentarios_podcast_usuario VALUES ('comment_518_1_2', 'Nihil aut qui quas illo optio adipisci.', '168c1536-4c42-4b8f-8c77-f06affefec6a', 'usr_518');
INSERT INTO trabalho.log_acesso VALUES ('log_518_0_2', '168c1536-4c42-4b8f-8c77-f06affefec6a', 'usr_518');
INSERT INTO trabalho.log_acesso VALUES ('log_518_1_2', '168c1536-4c42-4b8f-8c77-f06affefec6a', 'usr_518');
INSERT INTO trabalho.log_acesso VALUES ('log_518_2_2', '168c1536-4c42-4b8f-8c77-f06affefec6a', 'usr_518');
INSERT INTO trabalho.log_acesso VALUES ('log_518_3_2', '168c1536-4c42-4b8f-8c77-f06affefec6a', 'usr_518');
INSERT INTO trabalho.usuario VALUES ('usr_519', '519_Ricardo_Silva@bol.com.br', 'Ricardo Silva', 'male', 9, trabalho.hashPassword('Password123'), 'Nigéria');
INSERT INTO trabalho.usuario_esta_inscrito_no_podcast VALUES (3, '7e429e8e-7669-403d-bb78-3cd7f9f75afd', 'usr_519');
INSERT INTO trabalho.comentarios_podcast_usuario VALUES ('comment_519_0_0', 'Quos eligendi nam quis velit.', '7e429e8e-7669-403d-bb78-3cd7f9f75afd', 'usr_519');
INSERT INTO trabalho.comentarios_podcast_usuario VALUES ('comment_519_1_0', 'Et veniam eum quis.', '7e429e8e-7669-403d-bb78-3cd7f9f75afd', 'usr_519');
INSERT INTO trabalho.comentarios_podcast_usuario VALUES ('comment_519_2_0', 'Temporibus eveniet incidunt rerum temporibus repellendus reiciendis reiciendis recusandae reiciendis.', '7e429e8e-7669-403d-bb78-3cd7f9f75afd', 'usr_519');
INSERT INTO trabalho.comentarios_podcast_usuario VALUES ('comment_519_3_0', 'Ea aut animi quis quis vel.', '7e429e8e-7669-403d-bb78-3cd7f9f75afd', 'usr_519');
INSERT INTO trabalho.comentarios_podcast_usuario VALUES ('comment_519_4_0', 'Quasi deserunt dicta qui labore iusto modi.', '7e429e8e-7669-403d-bb78-3cd7f9f75afd', 'usr_519');
INSERT INTO trabalho.log_acesso VALUES ('log_519_0_0', '7e429e8e-7669-403d-bb78-3cd7f9f75afd', 'usr_519');
INSERT INTO trabalho.log_acesso VALUES ('log_519_1_0', '7e429e8e-7669-403d-bb78-3cd7f9f75afd', 'usr_519');
INSERT INTO trabalho.log_acesso VALUES ('log_519_2_0', '7e429e8e-7669-403d-bb78-3cd7f9f75afd', 'usr_519');
INSERT INTO trabalho.log_acesso VALUES ('log_519_3_0', '7e429e8e-7669-403d-bb78-3cd7f9f75afd', 'usr_519');
INSERT INTO trabalho.log_acesso VALUES ('log_519_4_0', '7e429e8e-7669-403d-bb78-3cd7f9f75afd', 'usr_519');
INSERT INTO trabalho.log_acesso VALUES ('log_519_5_0', '7e429e8e-7669-403d-bb78-3cd7f9f75afd', 'usr_519');
INSERT INTO trabalho.usuario_esta_inscrito_no_podcast VALUES (2, 'f8e13774-d631-4f34-93f0-2f5d55590265', 'usr_519');
INSERT INTO trabalho.comentarios_podcast_usuario VALUES ('comment_519_0_1', 'Quia consequatur ducimus quaerat distinctio.', 'f8e13774-d631-4f34-93f0-2f5d55590265', 'usr_519');
INSERT INTO trabalho.log_acesso VALUES ('log_519_0_1', 'f8e13774-d631-4f34-93f0-2f5d55590265', 'usr_519');
INSERT INTO trabalho.log_acesso VALUES ('log_519_1_1', 'f8e13774-d631-4f34-93f0-2f5d55590265', 'usr_519');
INSERT INTO trabalho.log_acesso VALUES ('log_519_2_1', 'f8e13774-d631-4f34-93f0-2f5d55590265', 'usr_519');
INSERT INTO trabalho.usuario_esta_inscrito_no_podcast VALUES (4, 'c58b280a-56d4-4ad8-8c85-730e4ea86361', 'usr_519');
INSERT INTO trabalho.comentarios_podcast_usuario VALUES ('comment_519_0_2', 'Quia facilis accusantium vitae qui hic.', 'c58b280a-56d4-4ad8-8c85-730e4ea86361', 'usr_519');
INSERT INTO trabalho.comentarios_podcast_usuario VALUES ('comment_519_1_2', 'Ut est labore tenetur.', 'c58b280a-56d4-4ad8-8c85-730e4ea86361', 'usr_519');
INSERT INTO trabalho.log_acesso VALUES ('log_519_0_2', 'c58b280a-56d4-4ad8-8c85-730e4ea86361', 'usr_519');
INSERT INTO trabalho.log_acesso VALUES ('log_519_1_2', 'c58b280a-56d4-4ad8-8c85-730e4ea86361', 'usr_519');
INSERT INTO trabalho.log_acesso VALUES ('log_519_2_2', 'c58b280a-56d4-4ad8-8c85-730e4ea86361', 'usr_519');
INSERT INTO trabalho.log_acesso VALUES ('log_519_3_2', 'c58b280a-56d4-4ad8-8c85-730e4ea86361', 'usr_519');
INSERT INTO trabalho.usuario VALUES ('usr_520', '520_JooLucas_Souza0@hotmail.com', 'João Lucas Souza', 'male', 37, trabalho.hashPassword('Password123'), 'Vaticano');
INSERT INTO trabalho.usuario_esta_inscrito_no_podcast VALUES (4, '67074e68-bc2f-442b-8af2-7d328b6af6eb', 'usr_520');
INSERT INTO trabalho.comentarios_podcast_usuario VALUES ('comment_520_0_0', 'Harum omnis sed.', '67074e68-bc2f-442b-8af2-7d328b6af6eb', 'usr_520');
INSERT INTO trabalho.comentarios_podcast_usuario VALUES ('comment_520_1_0', 'Expedita reprehenderit perspiciatis molestias enim.', '67074e68-bc2f-442b-8af2-7d328b6af6eb', 'usr_520');
INSERT INTO trabalho.comentarios_podcast_usuario VALUES ('comment_520_2_0', 'Nam cumque ea quaerat sit.', '67074e68-bc2f-442b-8af2-7d328b6af6eb', 'usr_520');
INSERT INTO trabalho.comentarios_podcast_usuario VALUES ('comment_520_3_0', 'Temporibus eligendi fugiat molestiae explicabo.', '67074e68-bc2f-442b-8af2-7d328b6af6eb', 'usr_520');
INSERT INTO trabalho.log_acesso VALUES ('log_520_0_0', '67074e68-bc2f-442b-8af2-7d328b6af6eb', 'usr_520');
INSERT INTO trabalho.log_acesso VALUES ('log_520_1_0', '67074e68-bc2f-442b-8af2-7d328b6af6eb', 'usr_520');
INSERT INTO trabalho.log_acesso VALUES ('log_520_2_0', '67074e68-bc2f-442b-8af2-7d328b6af6eb', 'usr_520');
INSERT INTO trabalho.log_acesso VALUES ('log_520_3_0', '67074e68-bc2f-442b-8af2-7d328b6af6eb', 'usr_520');
INSERT INTO trabalho.log_acesso VALUES ('log_520_4_0', '67074e68-bc2f-442b-8af2-7d328b6af6eb', 'usr_520');
INSERT INTO trabalho.log_acesso VALUES ('log_520_5_0', '67074e68-bc2f-442b-8af2-7d328b6af6eb', 'usr_520');
INSERT INTO trabalho.usuario_esta_inscrito_no_podcast VALUES (0, 'f1b92ce7-47a7-43cd-8586-4a09185cdd05', 'usr_520');
INSERT INTO trabalho.comentarios_podcast_usuario VALUES ('comment_520_0_1', 'Ea necessitatibus et eum dignissimos exercitationem totam ab veritatis cumque.', 'f1b92ce7-47a7-43cd-8586-4a09185cdd05', 'usr_520');
INSERT INTO trabalho.comentarios_podcast_usuario VALUES ('comment_520_1_1', 'Omnis ut qui mollitia perferendis ratione.', 'f1b92ce7-47a7-43cd-8586-4a09185cdd05', 'usr_520');
INSERT INTO trabalho.log_acesso VALUES ('log_520_0_1', 'f1b92ce7-47a7-43cd-8586-4a09185cdd05', 'usr_520');
INSERT INTO trabalho.log_acesso VALUES ('log_520_1_1', 'f1b92ce7-47a7-43cd-8586-4a09185cdd05', 'usr_520');
INSERT INTO trabalho.log_acesso VALUES ('log_520_2_1', 'f1b92ce7-47a7-43cd-8586-4a09185cdd05', 'usr_520');
INSERT INTO trabalho.log_acesso VALUES ('log_520_3_1', 'f1b92ce7-47a7-43cd-8586-4a09185cdd05', 'usr_520');
INSERT INTO trabalho.usuario_esta_inscrito_no_podcast VALUES (3, '168c1536-4c42-4b8f-8c77-f06affefec6a', 'usr_520');
INSERT INTO trabalho.comentarios_podcast_usuario VALUES ('comment_520_0_2', 'Nam pariatur explicabo voluptas.', '168c1536-4c42-4b8f-8c77-f06affefec6a', 'usr_520');
INSERT INTO trabalho.comentarios_podcast_usuario VALUES ('comment_520_1_2', 'Ducimus dolor non.', '168c1536-4c42-4b8f-8c77-f06affefec6a', 'usr_520');
INSERT INTO trabalho.comentarios_podcast_usuario VALUES ('comment_520_2_2', 'Saepe eius praesentium dolores alias aut omnis sit quo.', '168c1536-4c42-4b8f-8c77-f06affefec6a', 'usr_520');
INSERT INTO trabalho.log_acesso VALUES ('log_520_0_2', '168c1536-4c42-4b8f-8c77-f06affefec6a', 'usr_520');
INSERT INTO trabalho.log_acesso VALUES ('log_520_1_2', '168c1536-4c42-4b8f-8c77-f06affefec6a', 'usr_520');
INSERT INTO trabalho.log_acesso VALUES ('log_520_2_2', '168c1536-4c42-4b8f-8c77-f06affefec6a', 'usr_520');
INSERT INTO trabalho.log_acesso VALUES ('log_520_3_2', '168c1536-4c42-4b8f-8c77-f06affefec6a', 'usr_520');
INSERT INTO trabalho.log_acesso VALUES ('log_520_4_2', '168c1536-4c42-4b8f-8c77-f06affefec6a', 'usr_520');
INSERT INTO trabalho.usuario VALUES ('usr_521', '521_Marcela_Braga@bol.com.br', 'Marcela Braga', 'female', 40, trabalho.hashPassword('Password123'), 'República da África Central');
INSERT INTO trabalho.usuario_esta_inscrito_no_podcast VALUES (0, '168c1536-4c42-4b8f-8c77-f06affefec6a', 'usr_521');
INSERT INTO trabalho.comentarios_podcast_usuario VALUES ('comment_521_0_0', 'Perferendis aliquid eum itaque ducimus aut nostrum ex veritatis.', '168c1536-4c42-4b8f-8c77-f06affefec6a', 'usr_521');
INSERT INTO trabalho.comentarios_podcast_usuario VALUES ('comment_521_1_0', 'Molestias incidunt quia.', '168c1536-4c42-4b8f-8c77-f06affefec6a', 'usr_521');
INSERT INTO trabalho.comentarios_podcast_usuario VALUES ('comment_521_2_0', 'Voluptatibus aspernatur a vero error est hic a aliquam saepe.', '168c1536-4c42-4b8f-8c77-f06affefec6a', 'usr_521');
INSERT INTO trabalho.comentarios_podcast_usuario VALUES ('comment_521_3_0', 'Quae magnam minima quia recusandae.', '168c1536-4c42-4b8f-8c77-f06affefec6a', 'usr_521');
INSERT INTO trabalho.comentarios_podcast_usuario VALUES ('comment_521_4_0', 'Voluptate ipsum dolore tempora facilis tenetur.', '168c1536-4c42-4b8f-8c77-f06affefec6a', 'usr_521');
INSERT INTO trabalho.log_acesso VALUES ('log_521_0_0', '168c1536-4c42-4b8f-8c77-f06affefec6a', 'usr_521');
INSERT INTO trabalho.log_acesso VALUES ('log_521_1_0', '168c1536-4c42-4b8f-8c77-f06affefec6a', 'usr_521');
INSERT INTO trabalho.log_acesso VALUES ('log_521_2_0', '168c1536-4c42-4b8f-8c77-f06affefec6a', 'usr_521');
INSERT INTO trabalho.log_acesso VALUES ('log_521_3_0', '168c1536-4c42-4b8f-8c77-f06affefec6a', 'usr_521');
INSERT INTO trabalho.log_acesso VALUES ('log_521_4_0', '168c1536-4c42-4b8f-8c77-f06affefec6a', 'usr_521');
INSERT INTO trabalho.log_acesso VALUES ('log_521_5_0', '168c1536-4c42-4b8f-8c77-f06affefec6a', 'usr_521');
INSERT INTO trabalho.usuario_esta_inscrito_no_podcast VALUES (2, 'b553d865-8fe2-47de-9a30-10e1dea3bd1d', 'usr_521');
INSERT INTO trabalho.comentarios_podcast_usuario VALUES ('comment_521_0_1', 'Necessitatibus veritatis quia dolorem.', 'b553d865-8fe2-47de-9a30-10e1dea3bd1d', 'usr_521');
INSERT INTO trabalho.comentarios_podcast_usuario VALUES ('comment_521_1_1', 'Quibusdam odit et sed.', 'b553d865-8fe2-47de-9a30-10e1dea3bd1d', 'usr_521');
INSERT INTO trabalho.log_acesso VALUES ('log_521_0_1', 'b553d865-8fe2-47de-9a30-10e1dea3bd1d', 'usr_521');
INSERT INTO trabalho.usuario_esta_inscrito_no_podcast VALUES (1, 'f1b92ce7-47a7-43cd-8586-4a09185cdd05', 'usr_521');
INSERT INTO trabalho.comentarios_podcast_usuario VALUES ('comment_521_0_2', 'Ut modi non.', 'f1b92ce7-47a7-43cd-8586-4a09185cdd05', 'usr_521');
INSERT INTO trabalho.comentarios_podcast_usuario VALUES ('comment_521_1_2', 'Id in et provident sunt cupiditate quia.', 'f1b92ce7-47a7-43cd-8586-4a09185cdd05', 'usr_521');
INSERT INTO trabalho.log_acesso VALUES ('log_521_0_2', 'f1b92ce7-47a7-43cd-8586-4a09185cdd05', 'usr_521');
INSERT INTO trabalho.usuario VALUES ('usr_522', '522_Gael.Moreira@yahoo.com', 'Gael Moreira', 'male', 18, trabalho.hashPassword('Password123'), 'Índia');
INSERT INTO trabalho.usuario_esta_inscrito_no_podcast VALUES (0, 'f0166bd2-8e4d-4308-b5d7-0b3d627c5dc5', 'usr_522');
INSERT INTO trabalho.comentarios_podcast_usuario VALUES ('comment_522_0_0', 'Iure placeat fugit.', 'f0166bd2-8e4d-4308-b5d7-0b3d627c5dc5', 'usr_522');
INSERT INTO trabalho.comentarios_podcast_usuario VALUES ('comment_522_1_0', 'Nam ducimus cupiditate explicabo soluta sed.', 'f0166bd2-8e4d-4308-b5d7-0b3d627c5dc5', 'usr_522');
INSERT INTO trabalho.comentarios_podcast_usuario VALUES ('comment_522_2_0', 'Incidunt assumenda illum.', 'f0166bd2-8e4d-4308-b5d7-0b3d627c5dc5', 'usr_522');
INSERT INTO trabalho.comentarios_podcast_usuario VALUES ('comment_522_3_0', 'Aut rem porro tempora.', 'f0166bd2-8e4d-4308-b5d7-0b3d627c5dc5', 'usr_522');
INSERT INTO trabalho.log_acesso VALUES ('log_522_0_0', 'f0166bd2-8e4d-4308-b5d7-0b3d627c5dc5', 'usr_522');
INSERT INTO trabalho.log_acesso VALUES ('log_522_1_0', 'f0166bd2-8e4d-4308-b5d7-0b3d627c5dc5', 'usr_522');
INSERT INTO trabalho.log_acesso VALUES ('log_522_2_0', 'f0166bd2-8e4d-4308-b5d7-0b3d627c5dc5', 'usr_522');
INSERT INTO trabalho.log_acesso VALUES ('log_522_3_0', 'f0166bd2-8e4d-4308-b5d7-0b3d627c5dc5', 'usr_522');
INSERT INTO trabalho.log_acesso VALUES ('log_522_4_0', 'f0166bd2-8e4d-4308-b5d7-0b3d627c5dc5', 'usr_522');
INSERT INTO trabalho.usuario_esta_inscrito_no_podcast VALUES (1, '219328a1-cec6-4e8c-b003-52a3ec9766bb', 'usr_522');
INSERT INTO trabalho.comentarios_podcast_usuario VALUES ('comment_522_0_1', 'Dolores praesentium quos qui accusamus corporis.', '219328a1-cec6-4e8c-b003-52a3ec9766bb', 'usr_522');
INSERT INTO trabalho.comentarios_podcast_usuario VALUES ('comment_522_1_1', 'Aliquid dolorem provident aut omnis quo est doloribus sunt.', '219328a1-cec6-4e8c-b003-52a3ec9766bb', 'usr_522');
INSERT INTO trabalho.comentarios_podcast_usuario VALUES ('comment_522_2_1', 'Iusto ut nostrum fuga sint iure consequatur.', '219328a1-cec6-4e8c-b003-52a3ec9766bb', 'usr_522');
INSERT INTO trabalho.comentarios_podcast_usuario VALUES ('comment_522_3_1', 'Voluptatibus voluptate dolores distinctio.', '219328a1-cec6-4e8c-b003-52a3ec9766bb', 'usr_522');
INSERT INTO trabalho.comentarios_podcast_usuario VALUES ('comment_522_4_1', 'Ipsa distinctio ut quisquam qui placeat.', '219328a1-cec6-4e8c-b003-52a3ec9766bb', 'usr_522');
INSERT INTO trabalho.comentarios_podcast_usuario VALUES ('comment_522_5_1', 'Et error sunt aliquid cumque architecto.', '219328a1-cec6-4e8c-b003-52a3ec9766bb', 'usr_522');
INSERT INTO trabalho.log_acesso VALUES ('log_522_0_1', '219328a1-cec6-4e8c-b003-52a3ec9766bb', 'usr_522');
INSERT INTO trabalho.log_acesso VALUES ('log_522_1_1', '219328a1-cec6-4e8c-b003-52a3ec9766bb', 'usr_522');
INSERT INTO trabalho.log_acesso VALUES ('log_522_2_1', '219328a1-cec6-4e8c-b003-52a3ec9766bb', 'usr_522');
INSERT INTO trabalho.usuario_esta_inscrito_no_podcast VALUES (5, 'f1b92ce7-47a7-43cd-8586-4a09185cdd05', 'usr_522');
INSERT INTO trabalho.comentarios_podcast_usuario VALUES ('comment_522_0_2', 'Iste quam qui facere maiores explicabo nostrum quasi nobis vel.', 'f1b92ce7-47a7-43cd-8586-4a09185cdd05', 'usr_522');
INSERT INTO trabalho.comentarios_podcast_usuario VALUES ('comment_522_1_2', 'Aspernatur et magni deserunt et nisi quasi enim laboriosam reprehenderit.', 'f1b92ce7-47a7-43cd-8586-4a09185cdd05', 'usr_522');
INSERT INTO trabalho.log_acesso VALUES ('log_522_0_2', 'f1b92ce7-47a7-43cd-8586-4a09185cdd05', 'usr_522');
INSERT INTO trabalho.log_acesso VALUES ('log_522_1_2', 'f1b92ce7-47a7-43cd-8586-4a09185cdd05', 'usr_522');
INSERT INTO trabalho.log_acesso VALUES ('log_522_2_2', 'f1b92ce7-47a7-43cd-8586-4a09185cdd05', 'usr_522');
INSERT INTO trabalho.usuario VALUES ('usr_523', '523_Hugo_Melo28@bol.com.br', 'Hugo Melo', 'male', 42, trabalho.hashPassword('Password123'), 'Ruanda');
INSERT INTO trabalho.usuario_esta_inscrito_no_podcast VALUES (5, '67074e68-bc2f-442b-8af2-7d328b6af6eb', 'usr_523');
INSERT INTO trabalho.comentarios_podcast_usuario VALUES ('comment_523_0_0', 'Tenetur qui molestiae quis earum quidem.', '67074e68-bc2f-442b-8af2-7d328b6af6eb', 'usr_523');
INSERT INTO trabalho.comentarios_podcast_usuario VALUES ('comment_523_1_0', 'Ab cumque deleniti enim corporis sit repellendus assumenda dolores.', '67074e68-bc2f-442b-8af2-7d328b6af6eb', 'usr_523');
INSERT INTO trabalho.log_acesso VALUES ('log_523_0_0', '67074e68-bc2f-442b-8af2-7d328b6af6eb', 'usr_523');
INSERT INTO trabalho.log_acesso VALUES ('log_523_1_0', '67074e68-bc2f-442b-8af2-7d328b6af6eb', 'usr_523');
INSERT INTO trabalho.log_acesso VALUES ('log_523_2_0', '67074e68-bc2f-442b-8af2-7d328b6af6eb', 'usr_523');
INSERT INTO trabalho.log_acesso VALUES ('log_523_3_0', '67074e68-bc2f-442b-8af2-7d328b6af6eb', 'usr_523');
INSERT INTO trabalho.usuario_esta_inscrito_no_podcast VALUES (3, 'c58b280a-56d4-4ad8-8c85-730e4ea86361', 'usr_523');
INSERT INTO trabalho.comentarios_podcast_usuario VALUES ('comment_523_0_1', 'Odit voluptatibus labore voluptate est laboriosam.', 'c58b280a-56d4-4ad8-8c85-730e4ea86361', 'usr_523');
INSERT INTO trabalho.comentarios_podcast_usuario VALUES ('comment_523_1_1', 'Ipsa aliquid deserunt molestias voluptates optio a.', 'c58b280a-56d4-4ad8-8c85-730e4ea86361', 'usr_523');
INSERT INTO trabalho.log_acesso VALUES ('log_523_0_1', 'c58b280a-56d4-4ad8-8c85-730e4ea86361', 'usr_523');
INSERT INTO trabalho.log_acesso VALUES ('log_523_1_1', 'c58b280a-56d4-4ad8-8c85-730e4ea86361', 'usr_523');
INSERT INTO trabalho.log_acesso VALUES ('log_523_2_1', 'c58b280a-56d4-4ad8-8c85-730e4ea86361', 'usr_523');
INSERT INTO trabalho.log_acesso VALUES ('log_523_3_1', 'c58b280a-56d4-4ad8-8c85-730e4ea86361', 'usr_523');
INSERT INTO trabalho.usuario_esta_inscrito_no_podcast VALUES (5, 'de2f0ddb-9903-436a-a5e2-54224254c818', 'usr_523');
INSERT INTO trabalho.comentarios_podcast_usuario VALUES ('comment_523_0_2', 'Eveniet dolorem qui.', 'de2f0ddb-9903-436a-a5e2-54224254c818', 'usr_523');
INSERT INTO trabalho.log_acesso VALUES ('log_523_0_2', 'de2f0ddb-9903-436a-a5e2-54224254c818', 'usr_523');
INSERT INTO trabalho.log_acesso VALUES ('log_523_1_2', 'de2f0ddb-9903-436a-a5e2-54224254c818', 'usr_523');
INSERT INTO trabalho.log_acesso VALUES ('log_523_2_2', 'de2f0ddb-9903-436a-a5e2-54224254c818', 'usr_523');
INSERT INTO trabalho.usuario VALUES ('usr_524', '524_Davi68@gmail.com', 'Davi Santos', 'male', 51, trabalho.hashPassword('Password123'), 'Malta');
INSERT INTO trabalho.usuario_esta_inscrito_no_podcast VALUES (0, '67074e68-bc2f-442b-8af2-7d328b6af6eb', 'usr_524');
INSERT INTO trabalho.comentarios_podcast_usuario VALUES ('comment_524_0_0', 'Ullam debitis corrupti.', '67074e68-bc2f-442b-8af2-7d328b6af6eb', 'usr_524');
INSERT INTO trabalho.comentarios_podcast_usuario VALUES ('comment_524_1_0', 'Et enim minima numquam deleniti.', '67074e68-bc2f-442b-8af2-7d328b6af6eb', 'usr_524');
INSERT INTO trabalho.comentarios_podcast_usuario VALUES ('comment_524_2_0', 'Quaerat eius aut repellendus sed molestiae enim ut et.', '67074e68-bc2f-442b-8af2-7d328b6af6eb', 'usr_524');
INSERT INTO trabalho.log_acesso VALUES ('log_524_0_0', '67074e68-bc2f-442b-8af2-7d328b6af6eb', 'usr_524');
INSERT INTO trabalho.log_acesso VALUES ('log_524_1_0', '67074e68-bc2f-442b-8af2-7d328b6af6eb', 'usr_524');
INSERT INTO trabalho.usuario_esta_inscrito_no_podcast VALUES (5, 'f8e13774-d631-4f34-93f0-2f5d55590265', 'usr_524');
INSERT INTO trabalho.comentarios_podcast_usuario VALUES ('comment_524_0_1', 'Qui quos vero a cum perspiciatis.', 'f8e13774-d631-4f34-93f0-2f5d55590265', 'usr_524');
INSERT INTO trabalho.comentarios_podcast_usuario VALUES ('comment_524_1_1', 'Corrupti iste aspernatur vero est est voluptatum est.', 'f8e13774-d631-4f34-93f0-2f5d55590265', 'usr_524');
INSERT INTO trabalho.comentarios_podcast_usuario VALUES ('comment_524_2_1', 'Omnis est accusamus eaque.', 'f8e13774-d631-4f34-93f0-2f5d55590265', 'usr_524');
INSERT INTO trabalho.comentarios_podcast_usuario VALUES ('comment_524_3_1', 'Incidunt dolores et architecto non esse.', 'f8e13774-d631-4f34-93f0-2f5d55590265', 'usr_524');
INSERT INTO trabalho.log_acesso VALUES ('log_524_0_1', 'f8e13774-d631-4f34-93f0-2f5d55590265', 'usr_524');
INSERT INTO trabalho.log_acesso VALUES ('log_524_1_1', 'f8e13774-d631-4f34-93f0-2f5d55590265', 'usr_524');
INSERT INTO trabalho.log_acesso VALUES ('log_524_2_1', 'f8e13774-d631-4f34-93f0-2f5d55590265', 'usr_524');
INSERT INTO trabalho.usuario_esta_inscrito_no_podcast VALUES (3, 'de2f0ddb-9903-436a-a5e2-54224254c818', 'usr_524');
INSERT INTO trabalho.comentarios_podcast_usuario VALUES ('comment_524_0_2', 'Voluptatem quaerat in et ut ad qui saepe ut.', 'de2f0ddb-9903-436a-a5e2-54224254c818', 'usr_524');
INSERT INTO trabalho.comentarios_podcast_usuario VALUES ('comment_524_1_2', 'Dolore dignissimos quia.', 'de2f0ddb-9903-436a-a5e2-54224254c818', 'usr_524');
INSERT INTO trabalho.comentarios_podcast_usuario VALUES ('comment_524_2_2', 'Similique perspiciatis sed a illo repellendus similique.', 'de2f0ddb-9903-436a-a5e2-54224254c818', 'usr_524');
INSERT INTO trabalho.comentarios_podcast_usuario VALUES ('comment_524_3_2', 'Qui unde vel architecto alias saepe id porro vel nihil.', 'de2f0ddb-9903-436a-a5e2-54224254c818', 'usr_524');
INSERT INTO trabalho.log_acesso VALUES ('log_524_0_2', 'de2f0ddb-9903-436a-a5e2-54224254c818', 'usr_524');
INSERT INTO trabalho.log_acesso VALUES ('log_524_1_2', 'de2f0ddb-9903-436a-a5e2-54224254c818', 'usr_524');
INSERT INTO trabalho.usuario VALUES ('usr_525', '525_Tho42@bol.com.br', 'Théo Silva', 'male', 2, trabalho.hashPassword('Password123'), 'Zâmbia');
INSERT INTO trabalho.usuario_esta_inscrito_no_podcast VALUES (3, 'de2f0ddb-9903-436a-a5e2-54224254c818', 'usr_525');
INSERT INTO trabalho.comentarios_podcast_usuario VALUES ('comment_525_0_0', 'Delectus sit quidem cupiditate esse debitis veniam accusantium praesentium.', 'de2f0ddb-9903-436a-a5e2-54224254c818', 'usr_525');
INSERT INTO trabalho.comentarios_podcast_usuario VALUES ('comment_525_1_0', 'Perspiciatis et aliquid placeat assumenda praesentium nostrum quibusdam omnis.', 'de2f0ddb-9903-436a-a5e2-54224254c818', 'usr_525');
INSERT INTO trabalho.comentarios_podcast_usuario VALUES ('comment_525_2_0', 'Optio dolor maxime non ut magni non aut assumenda quia.', 'de2f0ddb-9903-436a-a5e2-54224254c818', 'usr_525');
INSERT INTO trabalho.log_acesso VALUES ('log_525_0_0', 'de2f0ddb-9903-436a-a5e2-54224254c818', 'usr_525');
INSERT INTO trabalho.log_acesso VALUES ('log_525_1_0', 'de2f0ddb-9903-436a-a5e2-54224254c818', 'usr_525');
INSERT INTO trabalho.log_acesso VALUES ('log_525_2_0', 'de2f0ddb-9903-436a-a5e2-54224254c818', 'usr_525');
INSERT INTO trabalho.log_acesso VALUES ('log_525_3_0', 'de2f0ddb-9903-436a-a5e2-54224254c818', 'usr_525');
INSERT INTO trabalho.log_acesso VALUES ('log_525_4_0', 'de2f0ddb-9903-436a-a5e2-54224254c818', 'usr_525');
INSERT INTO trabalho.usuario_esta_inscrito_no_podcast VALUES (1, 'f1b92ce7-47a7-43cd-8586-4a09185cdd05', 'usr_525');
INSERT INTO trabalho.comentarios_podcast_usuario VALUES ('comment_525_0_1', 'Quis reprehenderit ut sit.', 'f1b92ce7-47a7-43cd-8586-4a09185cdd05', 'usr_525');
INSERT INTO trabalho.comentarios_podcast_usuario VALUES ('comment_525_1_1', 'Aut quaerat consectetur illum.', 'f1b92ce7-47a7-43cd-8586-4a09185cdd05', 'usr_525');
INSERT INTO trabalho.comentarios_podcast_usuario VALUES ('comment_525_2_1', 'Soluta aspernatur laudantium quam iure repudiandae aspernatur.', 'f1b92ce7-47a7-43cd-8586-4a09185cdd05', 'usr_525');
INSERT INTO trabalho.comentarios_podcast_usuario VALUES ('comment_525_3_1', 'Expedita in totam est porro.', 'f1b92ce7-47a7-43cd-8586-4a09185cdd05', 'usr_525');
INSERT INTO trabalho.log_acesso VALUES ('log_525_0_1', 'f1b92ce7-47a7-43cd-8586-4a09185cdd05', 'usr_525');
INSERT INTO trabalho.log_acesso VALUES ('log_525_1_1', 'f1b92ce7-47a7-43cd-8586-4a09185cdd05', 'usr_525');
INSERT INTO trabalho.usuario_esta_inscrito_no_podcast VALUES (5, '5bdf7377-8330-4f9f-8efd-e95301c122ce', 'usr_525');
INSERT INTO trabalho.comentarios_podcast_usuario VALUES ('comment_525_0_2', 'Ab deleniti ut ea sequi consectetur et.', '5bdf7377-8330-4f9f-8efd-e95301c122ce', 'usr_525');
INSERT INTO trabalho.comentarios_podcast_usuario VALUES ('comment_525_1_2', 'Excepturi sit eius odit praesentium aut eum quo nobis tenetur.', '5bdf7377-8330-4f9f-8efd-e95301c122ce', 'usr_525');
INSERT INTO trabalho.comentarios_podcast_usuario VALUES ('comment_525_2_2', 'Numquam quia recusandae error rerum.', '5bdf7377-8330-4f9f-8efd-e95301c122ce', 'usr_525');
INSERT INTO trabalho.log_acesso VALUES ('log_525_0_2', '5bdf7377-8330-4f9f-8efd-e95301c122ce', 'usr_525');
INSERT INTO trabalho.log_acesso VALUES ('log_525_1_2', '5bdf7377-8330-4f9f-8efd-e95301c122ce', 'usr_525');
INSERT INTO trabalho.usuario VALUES ('usr_526', '526_Emanuel94@hotmail.com', 'Emanuel Batista', 'male', 10, trabalho.hashPassword('Password123'), 'Nauru');
INSERT INTO trabalho.usuario_esta_inscrito_no_podcast VALUES (4, 'bc8dac25-793c-4a96-aafc-4ea7020f4f60', 'usr_526');
INSERT INTO trabalho.comentarios_podcast_usuario VALUES ('comment_526_0_0', 'Rerum exercitationem iusto est enim adipisci numquam magnam dicta.', 'bc8dac25-793c-4a96-aafc-4ea7020f4f60', 'usr_526');
INSERT INTO trabalho.comentarios_podcast_usuario VALUES ('comment_526_1_0', 'Non similique minima ratione.', 'bc8dac25-793c-4a96-aafc-4ea7020f4f60', 'usr_526');
INSERT INTO trabalho.comentarios_podcast_usuario VALUES ('comment_526_2_0', 'Enim perspiciatis quod architecto ex voluptatem et dicta nisi.', 'bc8dac25-793c-4a96-aafc-4ea7020f4f60', 'usr_526');
INSERT INTO trabalho.log_acesso VALUES ('log_526_0_0', 'bc8dac25-793c-4a96-aafc-4ea7020f4f60', 'usr_526');
INSERT INTO trabalho.usuario_esta_inscrito_no_podcast VALUES (2, 'af46a958-b921-47b6-9f87-5c4fdc68ea79', 'usr_526');
INSERT INTO trabalho.comentarios_podcast_usuario VALUES ('comment_526_0_1', 'Neque et reiciendis ut est dolores.', 'af46a958-b921-47b6-9f87-5c4fdc68ea79', 'usr_526');
INSERT INTO trabalho.comentarios_podcast_usuario VALUES ('comment_526_1_1', 'Ipsum et ipsa sequi ut cupiditate dolorem ut ea odio.', 'af46a958-b921-47b6-9f87-5c4fdc68ea79', 'usr_526');
INSERT INTO trabalho.log_acesso VALUES ('log_526_0_1', 'af46a958-b921-47b6-9f87-5c4fdc68ea79', 'usr_526');
INSERT INTO trabalho.log_acesso VALUES ('log_526_1_1', 'af46a958-b921-47b6-9f87-5c4fdc68ea79', 'usr_526');
INSERT INTO trabalho.log_acesso VALUES ('log_526_2_1', 'af46a958-b921-47b6-9f87-5c4fdc68ea79', 'usr_526');
INSERT INTO trabalho.log_acesso VALUES ('log_526_3_1', 'af46a958-b921-47b6-9f87-5c4fdc68ea79', 'usr_526');
INSERT INTO trabalho.usuario_esta_inscrito_no_podcast VALUES (4, 'b553d865-8fe2-47de-9a30-10e1dea3bd1d', 'usr_526');
INSERT INTO trabalho.comentarios_podcast_usuario VALUES ('comment_526_0_2', 'Eligendi minus iure sunt nemo doloremque atque voluptatum blanditiis.', 'b553d865-8fe2-47de-9a30-10e1dea3bd1d', 'usr_526');
INSERT INTO trabalho.comentarios_podcast_usuario VALUES ('comment_526_1_2', 'Reiciendis aliquid aut pariatur quia et eveniet velit.', 'b553d865-8fe2-47de-9a30-10e1dea3bd1d', 'usr_526');
INSERT INTO trabalho.log_acesso VALUES ('log_526_0_2', 'b553d865-8fe2-47de-9a30-10e1dea3bd1d', 'usr_526');
INSERT INTO trabalho.usuario VALUES ('usr_527', '527_Isabel71@hotmail.com', 'Isabel Albuquerque', 'female', 57, trabalho.hashPassword('Password123'), 'Costa do Marfim');
INSERT INTO trabalho.usuario_esta_inscrito_no_podcast VALUES (1, '5bdf7377-8330-4f9f-8efd-e95301c122ce', 'usr_527');
INSERT INTO trabalho.comentarios_podcast_usuario VALUES ('comment_527_0_0', 'Veniam nesciunt eius est.', '5bdf7377-8330-4f9f-8efd-e95301c122ce', 'usr_527');
INSERT INTO trabalho.comentarios_podcast_usuario VALUES ('comment_527_1_0', 'Repudiandae asperiores aut repellendus et a dignissimos est.', '5bdf7377-8330-4f9f-8efd-e95301c122ce', 'usr_527');
INSERT INTO trabalho.log_acesso VALUES ('log_527_0_0', '5bdf7377-8330-4f9f-8efd-e95301c122ce', 'usr_527');
INSERT INTO trabalho.log_acesso VALUES ('log_527_1_0', '5bdf7377-8330-4f9f-8efd-e95301c122ce', 'usr_527');
INSERT INTO trabalho.log_acesso VALUES ('log_527_2_0', '5bdf7377-8330-4f9f-8efd-e95301c122ce', 'usr_527');
INSERT INTO trabalho.log_acesso VALUES ('log_527_3_0', '5bdf7377-8330-4f9f-8efd-e95301c122ce', 'usr_527');
INSERT INTO trabalho.usuario_esta_inscrito_no_podcast VALUES (0, '7e429e8e-7669-403d-bb78-3cd7f9f75afd', 'usr_527');
INSERT INTO trabalho.comentarios_podcast_usuario VALUES ('comment_527_0_1', 'Ipsam occaecati accusamus fugit omnis quasi.', '7e429e8e-7669-403d-bb78-3cd7f9f75afd', 'usr_527');
INSERT INTO trabalho.log_acesso VALUES ('log_527_0_1', '7e429e8e-7669-403d-bb78-3cd7f9f75afd', 'usr_527');
INSERT INTO trabalho.log_acesso VALUES ('log_527_1_1', '7e429e8e-7669-403d-bb78-3cd7f9f75afd', 'usr_527');
INSERT INTO trabalho.log_acesso VALUES ('log_527_2_1', '7e429e8e-7669-403d-bb78-3cd7f9f75afd', 'usr_527');
INSERT INTO trabalho.log_acesso VALUES ('log_527_3_1', '7e429e8e-7669-403d-bb78-3cd7f9f75afd', 'usr_527');
INSERT INTO trabalho.log_acesso VALUES ('log_527_4_1', '7e429e8e-7669-403d-bb78-3cd7f9f75afd', 'usr_527');
INSERT INTO trabalho.log_acesso VALUES ('log_527_5_1', '7e429e8e-7669-403d-bb78-3cd7f9f75afd', 'usr_527');
INSERT INTO trabalho.log_acesso VALUES ('log_527_6_1', '7e429e8e-7669-403d-bb78-3cd7f9f75afd', 'usr_527');
INSERT INTO trabalho.usuario_esta_inscrito_no_podcast VALUES (3, 'bc8dac25-793c-4a96-aafc-4ea7020f4f60', 'usr_527');
INSERT INTO trabalho.comentarios_podcast_usuario VALUES ('comment_527_0_2', 'Eum aliquid eius omnis fugiat deserunt.', 'bc8dac25-793c-4a96-aafc-4ea7020f4f60', 'usr_527');
INSERT INTO trabalho.comentarios_podcast_usuario VALUES ('comment_527_1_2', 'Sed molestiae fuga consectetur vel consequatur exercitationem.', 'bc8dac25-793c-4a96-aafc-4ea7020f4f60', 'usr_527');
INSERT INTO trabalho.comentarios_podcast_usuario VALUES ('comment_527_2_2', 'Provident quis dolorem hic dolor sed.', 'bc8dac25-793c-4a96-aafc-4ea7020f4f60', 'usr_527');
INSERT INTO trabalho.log_acesso VALUES ('log_527_0_2', 'bc8dac25-793c-4a96-aafc-4ea7020f4f60', 'usr_527');
INSERT INTO trabalho.log_acesso VALUES ('log_527_1_2', 'bc8dac25-793c-4a96-aafc-4ea7020f4f60', 'usr_527');
INSERT INTO trabalho.log_acesso VALUES ('log_527_2_2', 'bc8dac25-793c-4a96-aafc-4ea7020f4f60', 'usr_527');
INSERT INTO trabalho.log_acesso VALUES ('log_527_3_2', 'bc8dac25-793c-4a96-aafc-4ea7020f4f60', 'usr_527');
INSERT INTO trabalho.log_acesso VALUES ('log_527_4_2', 'bc8dac25-793c-4a96-aafc-4ea7020f4f60', 'usr_527');
INSERT INTO trabalho.log_acesso VALUES ('log_527_5_2', 'bc8dac25-793c-4a96-aafc-4ea7020f4f60', 'usr_527');
INSERT INTO trabalho.usuario VALUES ('usr_528', '528_Felcia_Souza@live.com', 'Felícia Souza', 'female', 60, trabalho.hashPassword('Password123'), 'Tajiquistão');
INSERT INTO trabalho.usuario_esta_inscrito_no_podcast VALUES (1, '168c1536-4c42-4b8f-8c77-f06affefec6a', 'usr_528');
INSERT INTO trabalho.comentarios_podcast_usuario VALUES ('comment_528_0_0', 'Consectetur perspiciatis libero voluptas expedita voluptates doloremque.', '168c1536-4c42-4b8f-8c77-f06affefec6a', 'usr_528');
INSERT INTO trabalho.comentarios_podcast_usuario VALUES ('comment_528_1_0', 'Odio consequatur minima asperiores impedit distinctio cupiditate non recusandae.', '168c1536-4c42-4b8f-8c77-f06affefec6a', 'usr_528');
INSERT INTO trabalho.comentarios_podcast_usuario VALUES ('comment_528_2_0', 'Ut eum quia animi.', '168c1536-4c42-4b8f-8c77-f06affefec6a', 'usr_528');
INSERT INTO trabalho.comentarios_podcast_usuario VALUES ('comment_528_3_0', 'Ut aut quidem deleniti et dicta sed voluptates eos.', '168c1536-4c42-4b8f-8c77-f06affefec6a', 'usr_528');
INSERT INTO trabalho.comentarios_podcast_usuario VALUES ('comment_528_4_0', 'Dolore necessitatibus ducimus distinctio placeat praesentium quae consequatur nam.', '168c1536-4c42-4b8f-8c77-f06affefec6a', 'usr_528');
INSERT INTO trabalho.log_acesso VALUES ('log_528_0_0', '168c1536-4c42-4b8f-8c77-f06affefec6a', 'usr_528');
INSERT INTO trabalho.log_acesso VALUES ('log_528_1_0', '168c1536-4c42-4b8f-8c77-f06affefec6a', 'usr_528');
INSERT INTO trabalho.log_acesso VALUES ('log_528_2_0', '168c1536-4c42-4b8f-8c77-f06affefec6a', 'usr_528');
INSERT INTO trabalho.log_acesso VALUES ('log_528_3_0', '168c1536-4c42-4b8f-8c77-f06affefec6a', 'usr_528');
INSERT INTO trabalho.log_acesso VALUES ('log_528_4_0', '168c1536-4c42-4b8f-8c77-f06affefec6a', 'usr_528');
INSERT INTO trabalho.log_acesso VALUES ('log_528_5_0', '168c1536-4c42-4b8f-8c77-f06affefec6a', 'usr_528');
INSERT INTO trabalho.usuario_esta_inscrito_no_podcast VALUES (1, '7e429e8e-7669-403d-bb78-3cd7f9f75afd', 'usr_528');
INSERT INTO trabalho.comentarios_podcast_usuario VALUES ('comment_528_0_1', 'Nesciunt aliquam impedit saepe et totam maiores autem.', '7e429e8e-7669-403d-bb78-3cd7f9f75afd', 'usr_528');
INSERT INTO trabalho.comentarios_podcast_usuario VALUES ('comment_528_1_1', 'Libero laborum eum nesciunt quaerat.', '7e429e8e-7669-403d-bb78-3cd7f9f75afd', 'usr_528');
INSERT INTO trabalho.log_acesso VALUES ('log_528_0_1', '7e429e8e-7669-403d-bb78-3cd7f9f75afd', 'usr_528');
INSERT INTO trabalho.log_acesso VALUES ('log_528_1_1', '7e429e8e-7669-403d-bb78-3cd7f9f75afd', 'usr_528');
INSERT INTO trabalho.log_acesso VALUES ('log_528_2_1', '7e429e8e-7669-403d-bb78-3cd7f9f75afd', 'usr_528');
INSERT INTO trabalho.usuario_esta_inscrito_no_podcast VALUES (1, 'af46a958-b921-47b6-9f87-5c4fdc68ea79', 'usr_528');
INSERT INTO trabalho.comentarios_podcast_usuario VALUES ('comment_528_0_2', 'Dolorum natus a quo quia fugiat esse.', 'af46a958-b921-47b6-9f87-5c4fdc68ea79', 'usr_528');
INSERT INTO trabalho.comentarios_podcast_usuario VALUES ('comment_528_1_2', 'Tenetur quod tempora vel quaerat adipisci aspernatur alias delectus ab.', 'af46a958-b921-47b6-9f87-5c4fdc68ea79', 'usr_528');
INSERT INTO trabalho.log_acesso VALUES ('log_528_0_2', 'af46a958-b921-47b6-9f87-5c4fdc68ea79', 'usr_528');
INSERT INTO trabalho.log_acesso VALUES ('log_528_1_2', 'af46a958-b921-47b6-9f87-5c4fdc68ea79', 'usr_528');
INSERT INTO trabalho.log_acesso VALUES ('log_528_2_2', 'af46a958-b921-47b6-9f87-5c4fdc68ea79', 'usr_528');
INSERT INTO trabalho.log_acesso VALUES ('log_528_3_2', 'af46a958-b921-47b6-9f87-5c4fdc68ea79', 'usr_528');
INSERT INTO trabalho.usuario VALUES ('usr_529', '529_Isabelly.Carvalho@bol.com.br', 'Isabelly Carvalho', 'female', 2, trabalho.hashPassword('Password123'), 'Gabão');
INSERT INTO trabalho.usuario_esta_inscrito_no_podcast VALUES (0, '219328a1-cec6-4e8c-b003-52a3ec9766bb', 'usr_529');
INSERT INTO trabalho.comentarios_podcast_usuario VALUES ('comment_529_0_0', 'Minima sit qui voluptatibus provident sed neque et voluptates nobis.', '219328a1-cec6-4e8c-b003-52a3ec9766bb', 'usr_529');
INSERT INTO trabalho.comentarios_podcast_usuario VALUES ('comment_529_1_0', 'Dolores tempora laudantium minus reprehenderit natus eos.', '219328a1-cec6-4e8c-b003-52a3ec9766bb', 'usr_529');
INSERT INTO trabalho.comentarios_podcast_usuario VALUES ('comment_529_2_0', 'Amet maiores doloremque ab unde tempore odit maiores.', '219328a1-cec6-4e8c-b003-52a3ec9766bb', 'usr_529');
INSERT INTO trabalho.comentarios_podcast_usuario VALUES ('comment_529_3_0', 'Laudantium corrupti soluta possimus.', '219328a1-cec6-4e8c-b003-52a3ec9766bb', 'usr_529');
INSERT INTO trabalho.log_acesso VALUES ('log_529_0_0', '219328a1-cec6-4e8c-b003-52a3ec9766bb', 'usr_529');
INSERT INTO trabalho.log_acesso VALUES ('log_529_1_0', '219328a1-cec6-4e8c-b003-52a3ec9766bb', 'usr_529');
INSERT INTO trabalho.usuario_esta_inscrito_no_podcast VALUES (5, 'af46a958-b921-47b6-9f87-5c4fdc68ea79', 'usr_529');
INSERT INTO trabalho.comentarios_podcast_usuario VALUES ('comment_529_0_1', 'Et deserunt error sunt deserunt ducimus ullam aut.', 'af46a958-b921-47b6-9f87-5c4fdc68ea79', 'usr_529');
INSERT INTO trabalho.comentarios_podcast_usuario VALUES ('comment_529_1_1', 'Sunt vel mollitia quisquam.', 'af46a958-b921-47b6-9f87-5c4fdc68ea79', 'usr_529');
INSERT INTO trabalho.comentarios_podcast_usuario VALUES ('comment_529_2_1', 'Molestiae qui quidem odit architecto distinctio itaque.', 'af46a958-b921-47b6-9f87-5c4fdc68ea79', 'usr_529');
INSERT INTO trabalho.log_acesso VALUES ('log_529_0_1', 'af46a958-b921-47b6-9f87-5c4fdc68ea79', 'usr_529');
INSERT INTO trabalho.log_acesso VALUES ('log_529_1_1', 'af46a958-b921-47b6-9f87-5c4fdc68ea79', 'usr_529');
INSERT INTO trabalho.log_acesso VALUES ('log_529_2_1', 'af46a958-b921-47b6-9f87-5c4fdc68ea79', 'usr_529');
INSERT INTO trabalho.usuario_esta_inscrito_no_podcast VALUES (1, '5bdf7377-8330-4f9f-8efd-e95301c122ce', 'usr_529');
INSERT INTO trabalho.comentarios_podcast_usuario VALUES ('comment_529_0_2', 'Nulla quisquam ex vel odit commodi.', '5bdf7377-8330-4f9f-8efd-e95301c122ce', 'usr_529');
INSERT INTO trabalho.comentarios_podcast_usuario VALUES ('comment_529_1_2', 'Omnis eveniet id velit totam quia.', '5bdf7377-8330-4f9f-8efd-e95301c122ce', 'usr_529');
INSERT INTO trabalho.comentarios_podcast_usuario VALUES ('comment_529_2_2', 'Totam qui at omnis.', '5bdf7377-8330-4f9f-8efd-e95301c122ce', 'usr_529');
INSERT INTO trabalho.comentarios_podcast_usuario VALUES ('comment_529_3_2', 'Labore rerum enim minima qui non est voluptatum.', '5bdf7377-8330-4f9f-8efd-e95301c122ce', 'usr_529');
INSERT INTO trabalho.log_acesso VALUES ('log_529_0_2', '5bdf7377-8330-4f9f-8efd-e95301c122ce', 'usr_529');
INSERT INTO trabalho.log_acesso VALUES ('log_529_1_2', '5bdf7377-8330-4f9f-8efd-e95301c122ce', 'usr_529');
INSERT INTO trabalho.log_acesso VALUES ('log_529_2_2', '5bdf7377-8330-4f9f-8efd-e95301c122ce', 'usr_529');
INSERT INTO trabalho.log_acesso VALUES ('log_529_3_2', '5bdf7377-8330-4f9f-8efd-e95301c122ce', 'usr_529');
INSERT INTO trabalho.log_acesso VALUES ('log_529_4_2', '5bdf7377-8330-4f9f-8efd-e95301c122ce', 'usr_529');
INSERT INTO trabalho.usuario VALUES ('usr_530', '530_MariaHelena.Albuquerque@gmail.com', 'Maria Helena Albuquerque', 'female', 49, trabalho.hashPassword('Password123'), 'Índia');
INSERT INTO trabalho.usuario_esta_inscrito_no_podcast VALUES (1, '7e429e8e-7669-403d-bb78-3cd7f9f75afd', 'usr_530');
INSERT INTO trabalho.comentarios_podcast_usuario VALUES ('comment_530_0_0', 'Quia ratione nesciunt deleniti accusamus odit illum accusamus in saepe.', '7e429e8e-7669-403d-bb78-3cd7f9f75afd', 'usr_530');
INSERT INTO trabalho.comentarios_podcast_usuario VALUES ('comment_530_1_0', 'Expedita unde deserunt rem vero sint veniam officia.', '7e429e8e-7669-403d-bb78-3cd7f9f75afd', 'usr_530');
INSERT INTO trabalho.comentarios_podcast_usuario VALUES ('comment_530_2_0', 'Ut molestiae vitae quasi.', '7e429e8e-7669-403d-bb78-3cd7f9f75afd', 'usr_530');
INSERT INTO trabalho.log_acesso VALUES ('log_530_0_0', '7e429e8e-7669-403d-bb78-3cd7f9f75afd', 'usr_530');
INSERT INTO trabalho.log_acesso VALUES ('log_530_1_0', '7e429e8e-7669-403d-bb78-3cd7f9f75afd', 'usr_530');
INSERT INTO trabalho.log_acesso VALUES ('log_530_2_0', '7e429e8e-7669-403d-bb78-3cd7f9f75afd', 'usr_530');
INSERT INTO trabalho.log_acesso VALUES ('log_530_3_0', '7e429e8e-7669-403d-bb78-3cd7f9f75afd', 'usr_530');
INSERT INTO trabalho.log_acesso VALUES ('log_530_4_0', '7e429e8e-7669-403d-bb78-3cd7f9f75afd', 'usr_530');
INSERT INTO trabalho.log_acesso VALUES ('log_530_5_0', '7e429e8e-7669-403d-bb78-3cd7f9f75afd', 'usr_530');
INSERT INTO trabalho.log_acesso VALUES ('log_530_6_0', '7e429e8e-7669-403d-bb78-3cd7f9f75afd', 'usr_530');
INSERT INTO trabalho.usuario_esta_inscrito_no_podcast VALUES (3, '168c1536-4c42-4b8f-8c77-f06affefec6a', 'usr_530');
INSERT INTO trabalho.comentarios_podcast_usuario VALUES ('comment_530_0_1', 'Beatae autem iure.', '168c1536-4c42-4b8f-8c77-f06affefec6a', 'usr_530');
INSERT INTO trabalho.comentarios_podcast_usuario VALUES ('comment_530_1_1', 'Sapiente id alias fuga.', '168c1536-4c42-4b8f-8c77-f06affefec6a', 'usr_530');
INSERT INTO trabalho.log_acesso VALUES ('log_530_0_1', '168c1536-4c42-4b8f-8c77-f06affefec6a', 'usr_530');
INSERT INTO trabalho.usuario_esta_inscrito_no_podcast VALUES (4, '219328a1-cec6-4e8c-b003-52a3ec9766bb', 'usr_530');
INSERT INTO trabalho.comentarios_podcast_usuario VALUES ('comment_530_0_2', 'At quia ducimus quia quaerat neque.', '219328a1-cec6-4e8c-b003-52a3ec9766bb', 'usr_530');
INSERT INTO trabalho.comentarios_podcast_usuario VALUES ('comment_530_1_2', 'Reprehenderit dignissimos alias tempore rem eius.', '219328a1-cec6-4e8c-b003-52a3ec9766bb', 'usr_530');
INSERT INTO trabalho.log_acesso VALUES ('log_530_0_2', '219328a1-cec6-4e8c-b003-52a3ec9766bb', 'usr_530');
INSERT INTO trabalho.usuario VALUES ('usr_531', '531_Marcos.Xavier39@yahoo.com', 'Marcos Xavier', 'male', 24, trabalho.hashPassword('Password123'), 'Ilhas Faroe');
INSERT INTO trabalho.usuario_esta_inscrito_no_podcast VALUES (4, 'af46a958-b921-47b6-9f87-5c4fdc68ea79', 'usr_531');
INSERT INTO trabalho.comentarios_podcast_usuario VALUES ('comment_531_0_0', 'Ut in architecto voluptatum et atque esse natus.', 'af46a958-b921-47b6-9f87-5c4fdc68ea79', 'usr_531');
INSERT INTO trabalho.comentarios_podcast_usuario VALUES ('comment_531_1_0', 'Veritatis beatae quia corrupti hic.', 'af46a958-b921-47b6-9f87-5c4fdc68ea79', 'usr_531');
INSERT INTO trabalho.comentarios_podcast_usuario VALUES ('comment_531_2_0', 'Nobis velit eum aut ut in delectus eius.', 'af46a958-b921-47b6-9f87-5c4fdc68ea79', 'usr_531');
INSERT INTO trabalho.log_acesso VALUES ('log_531_0_0', 'af46a958-b921-47b6-9f87-5c4fdc68ea79', 'usr_531');
INSERT INTO trabalho.log_acesso VALUES ('log_531_1_0', 'af46a958-b921-47b6-9f87-5c4fdc68ea79', 'usr_531');
INSERT INTO trabalho.log_acesso VALUES ('log_531_2_0', 'af46a958-b921-47b6-9f87-5c4fdc68ea79', 'usr_531');
INSERT INTO trabalho.log_acesso VALUES ('log_531_3_0', 'af46a958-b921-47b6-9f87-5c4fdc68ea79', 'usr_531');
INSERT INTO trabalho.usuario_esta_inscrito_no_podcast VALUES (0, 'f1b92ce7-47a7-43cd-8586-4a09185cdd05', 'usr_531');
INSERT INTO trabalho.comentarios_podcast_usuario VALUES ('comment_531_0_1', 'Harum aliquid voluptates corrupti sed quasi consectetur reiciendis.', 'f1b92ce7-47a7-43cd-8586-4a09185cdd05', 'usr_531');
INSERT INTO trabalho.comentarios_podcast_usuario VALUES ('comment_531_1_1', 'Nesciunt deserunt voluptatem dicta atque quis sed culpa.', 'f1b92ce7-47a7-43cd-8586-4a09185cdd05', 'usr_531');
INSERT INTO trabalho.log_acesso VALUES ('log_531_0_1', 'f1b92ce7-47a7-43cd-8586-4a09185cdd05', 'usr_531');
INSERT INTO trabalho.log_acesso VALUES ('log_531_1_1', 'f1b92ce7-47a7-43cd-8586-4a09185cdd05', 'usr_531');
INSERT INTO trabalho.log_acesso VALUES ('log_531_2_1', 'f1b92ce7-47a7-43cd-8586-4a09185cdd05', 'usr_531');
INSERT INTO trabalho.log_acesso VALUES ('log_531_3_1', 'f1b92ce7-47a7-43cd-8586-4a09185cdd05', 'usr_531');
INSERT INTO trabalho.log_acesso VALUES ('log_531_4_1', 'f1b92ce7-47a7-43cd-8586-4a09185cdd05', 'usr_531');
INSERT INTO trabalho.usuario_esta_inscrito_no_podcast VALUES (0, '168c1536-4c42-4b8f-8c77-f06affefec6a', 'usr_531');
INSERT INTO trabalho.comentarios_podcast_usuario VALUES ('comment_531_0_2', 'A modi est.', '168c1536-4c42-4b8f-8c77-f06affefec6a', 'usr_531');
INSERT INTO trabalho.comentarios_podcast_usuario VALUES ('comment_531_1_2', 'Qui fugit voluptatem dolores.', '168c1536-4c42-4b8f-8c77-f06affefec6a', 'usr_531');
INSERT INTO trabalho.comentarios_podcast_usuario VALUES ('comment_531_2_2', 'Molestiae inventore adipisci error quibusdam aliquid.', '168c1536-4c42-4b8f-8c77-f06affefec6a', 'usr_531');
INSERT INTO trabalho.comentarios_podcast_usuario VALUES ('comment_531_3_2', 'Hic explicabo esse.', '168c1536-4c42-4b8f-8c77-f06affefec6a', 'usr_531');
INSERT INTO trabalho.log_acesso VALUES ('log_531_0_2', '168c1536-4c42-4b8f-8c77-f06affefec6a', 'usr_531');
INSERT INTO trabalho.log_acesso VALUES ('log_531_1_2', '168c1536-4c42-4b8f-8c77-f06affefec6a', 'usr_531');
INSERT INTO trabalho.log_acesso VALUES ('log_531_2_2', '168c1536-4c42-4b8f-8c77-f06affefec6a', 'usr_531');
INSERT INTO trabalho.log_acesso VALUES ('log_531_3_2', '168c1536-4c42-4b8f-8c77-f06affefec6a', 'usr_531');
INSERT INTO trabalho.log_acesso VALUES ('log_531_4_2', '168c1536-4c42-4b8f-8c77-f06affefec6a', 'usr_531');
INSERT INTO trabalho.usuario VALUES ('usr_532', '532_Mrcia_Souza@gmail.com', 'Márcia Souza', 'female', 31, trabalho.hashPassword('Password123'), 'São Pedro e Miquelão');
INSERT INTO trabalho.usuario_esta_inscrito_no_podcast VALUES (2, 'de2f0ddb-9903-436a-a5e2-54224254c818', 'usr_532');
INSERT INTO trabalho.comentarios_podcast_usuario VALUES ('comment_532_0_0', 'Saepe vero et ea vero provident impedit sunt officia temporibus.', 'de2f0ddb-9903-436a-a5e2-54224254c818', 'usr_532');
INSERT INTO trabalho.comentarios_podcast_usuario VALUES ('comment_532_1_0', 'Omnis quisquam enim laborum laborum vitae.', 'de2f0ddb-9903-436a-a5e2-54224254c818', 'usr_532');
INSERT INTO trabalho.log_acesso VALUES ('log_532_0_0', 'de2f0ddb-9903-436a-a5e2-54224254c818', 'usr_532');
INSERT INTO trabalho.log_acesso VALUES ('log_532_1_0', 'de2f0ddb-9903-436a-a5e2-54224254c818', 'usr_532');
INSERT INTO trabalho.log_acesso VALUES ('log_532_2_0', 'de2f0ddb-9903-436a-a5e2-54224254c818', 'usr_532');
INSERT INTO trabalho.log_acesso VALUES ('log_532_3_0', 'de2f0ddb-9903-436a-a5e2-54224254c818', 'usr_532');
INSERT INTO trabalho.log_acesso VALUES ('log_532_4_0', 'de2f0ddb-9903-436a-a5e2-54224254c818', 'usr_532');
INSERT INTO trabalho.usuario_esta_inscrito_no_podcast VALUES (4, '67074e68-bc2f-442b-8af2-7d328b6af6eb', 'usr_532');
INSERT INTO trabalho.comentarios_podcast_usuario VALUES ('comment_532_0_1', 'Repellat neque accusantium quaerat libero cumque omnis laborum.', '67074e68-bc2f-442b-8af2-7d328b6af6eb', 'usr_532');
INSERT INTO trabalho.comentarios_podcast_usuario VALUES ('comment_532_1_1', 'Dolorum laudantium repellendus sint hic assumenda est iste.', '67074e68-bc2f-442b-8af2-7d328b6af6eb', 'usr_532');
INSERT INTO trabalho.comentarios_podcast_usuario VALUES ('comment_532_2_1', 'Dignissimos eligendi asperiores ab dolor recusandae expedita sit.', '67074e68-bc2f-442b-8af2-7d328b6af6eb', 'usr_532');
INSERT INTO trabalho.comentarios_podcast_usuario VALUES ('comment_532_3_1', 'Porro consequatur ducimus.', '67074e68-bc2f-442b-8af2-7d328b6af6eb', 'usr_532');
INSERT INTO trabalho.log_acesso VALUES ('log_532_0_1', '67074e68-bc2f-442b-8af2-7d328b6af6eb', 'usr_532');
INSERT INTO trabalho.log_acesso VALUES ('log_532_1_1', '67074e68-bc2f-442b-8af2-7d328b6af6eb', 'usr_532');
INSERT INTO trabalho.usuario_esta_inscrito_no_podcast VALUES (5, 'f8e13774-d631-4f34-93f0-2f5d55590265', 'usr_532');
INSERT INTO trabalho.comentarios_podcast_usuario VALUES ('comment_532_0_2', 'At est voluptate reprehenderit mollitia.', 'f8e13774-d631-4f34-93f0-2f5d55590265', 'usr_532');
INSERT INTO trabalho.comentarios_podcast_usuario VALUES ('comment_532_1_2', 'Exercitationem aperiam cupiditate iure sint non sint aut.', 'f8e13774-d631-4f34-93f0-2f5d55590265', 'usr_532');
INSERT INTO trabalho.comentarios_podcast_usuario VALUES ('comment_532_2_2', 'Sed velit dolore.', 'f8e13774-d631-4f34-93f0-2f5d55590265', 'usr_532');
INSERT INTO trabalho.comentarios_podcast_usuario VALUES ('comment_532_3_2', 'Rem eos fugiat eum nisi beatae nesciunt incidunt.', 'f8e13774-d631-4f34-93f0-2f5d55590265', 'usr_532');
INSERT INTO trabalho.log_acesso VALUES ('log_532_0_2', 'f8e13774-d631-4f34-93f0-2f5d55590265', 'usr_532');
INSERT INTO trabalho.log_acesso VALUES ('log_532_1_2', 'f8e13774-d631-4f34-93f0-2f5d55590265', 'usr_532');
INSERT INTO trabalho.log_acesso VALUES ('log_532_2_2', 'f8e13774-d631-4f34-93f0-2f5d55590265', 'usr_532');
INSERT INTO trabalho.usuario VALUES ('usr_533', '533_Vitor73@yahoo.com', 'Vitor Xavier', 'male', 17, trabalho.hashPassword('Password123'), 'Ruanda');
INSERT INTO trabalho.usuario_esta_inscrito_no_podcast VALUES (0, 'af46a958-b921-47b6-9f87-5c4fdc68ea79', 'usr_533');
INSERT INTO trabalho.comentarios_podcast_usuario VALUES ('comment_533_0_0', 'Excepturi autem totam doloribus rerum laborum aperiam incidunt non qui.', 'af46a958-b921-47b6-9f87-5c4fdc68ea79', 'usr_533');
INSERT INTO trabalho.comentarios_podcast_usuario VALUES ('comment_533_1_0', 'Consequatur voluptates dolore.', 'af46a958-b921-47b6-9f87-5c4fdc68ea79', 'usr_533');
INSERT INTO trabalho.comentarios_podcast_usuario VALUES ('comment_533_2_0', 'Modi quis quia.', 'af46a958-b921-47b6-9f87-5c4fdc68ea79', 'usr_533');
INSERT INTO trabalho.comentarios_podcast_usuario VALUES ('comment_533_3_0', 'Qui nihil reiciendis officiis necessitatibus.', 'af46a958-b921-47b6-9f87-5c4fdc68ea79', 'usr_533');
INSERT INTO trabalho.comentarios_podcast_usuario VALUES ('comment_533_4_0', 'Cupiditate deleniti officia fugit eligendi eum saepe.', 'af46a958-b921-47b6-9f87-5c4fdc68ea79', 'usr_533');
INSERT INTO trabalho.log_acesso VALUES ('log_533_0_0', 'af46a958-b921-47b6-9f87-5c4fdc68ea79', 'usr_533');
INSERT INTO trabalho.log_acesso VALUES ('log_533_1_0', 'af46a958-b921-47b6-9f87-5c4fdc68ea79', 'usr_533');
INSERT INTO trabalho.log_acesso VALUES ('log_533_2_0', 'af46a958-b921-47b6-9f87-5c4fdc68ea79', 'usr_533');
INSERT INTO trabalho.usuario_esta_inscrito_no_podcast VALUES (3, 'b553d865-8fe2-47de-9a30-10e1dea3bd1d', 'usr_533');
INSERT INTO trabalho.comentarios_podcast_usuario VALUES ('comment_533_0_1', 'Numquam alias expedita rerum distinctio aut non consequatur voluptatem.', 'b553d865-8fe2-47de-9a30-10e1dea3bd1d', 'usr_533');
INSERT INTO trabalho.comentarios_podcast_usuario VALUES ('comment_533_1_1', 'Eius autem est est voluptates soluta at magni possimus fugiat.', 'b553d865-8fe2-47de-9a30-10e1dea3bd1d', 'usr_533');
INSERT INTO trabalho.log_acesso VALUES ('log_533_0_1', 'b553d865-8fe2-47de-9a30-10e1dea3bd1d', 'usr_533');
INSERT INTO trabalho.log_acesso VALUES ('log_533_1_1', 'b553d865-8fe2-47de-9a30-10e1dea3bd1d', 'usr_533');
INSERT INTO trabalho.usuario_esta_inscrito_no_podcast VALUES (3, 'c58b280a-56d4-4ad8-8c85-730e4ea86361', 'usr_533');
INSERT INTO trabalho.comentarios_podcast_usuario VALUES ('comment_533_0_2', 'Fuga minus distinctio.', 'c58b280a-56d4-4ad8-8c85-730e4ea86361', 'usr_533');
INSERT INTO trabalho.comentarios_podcast_usuario VALUES ('comment_533_1_2', 'Vero repellendus sit ex architecto dolorem delectus.', 'c58b280a-56d4-4ad8-8c85-730e4ea86361', 'usr_533');
INSERT INTO trabalho.comentarios_podcast_usuario VALUES ('comment_533_2_2', 'A et et excepturi repellendus.', 'c58b280a-56d4-4ad8-8c85-730e4ea86361', 'usr_533');
INSERT INTO trabalho.comentarios_podcast_usuario VALUES ('comment_533_3_2', 'In repellendus qui voluptatem qui labore voluptas eaque optio et.', 'c58b280a-56d4-4ad8-8c85-730e4ea86361', 'usr_533');
INSERT INTO trabalho.log_acesso VALUES ('log_533_0_2', 'c58b280a-56d4-4ad8-8c85-730e4ea86361', 'usr_533');
INSERT INTO trabalho.log_acesso VALUES ('log_533_1_2', 'c58b280a-56d4-4ad8-8c85-730e4ea86361', 'usr_533');
INSERT INTO trabalho.log_acesso VALUES ('log_533_2_2', 'c58b280a-56d4-4ad8-8c85-730e4ea86361', 'usr_533');
INSERT INTO trabalho.log_acesso VALUES ('log_533_3_2', 'c58b280a-56d4-4ad8-8c85-730e4ea86361', 'usr_533');
INSERT INTO trabalho.usuario VALUES ('usr_534', '534_Tho32@gmail.com', 'Théo Xavier', 'male', 7, trabalho.hashPassword('Password123'), 'Egito');
INSERT INTO trabalho.usuario_esta_inscrito_no_podcast VALUES (1, 'f0166bd2-8e4d-4308-b5d7-0b3d627c5dc5', 'usr_534');
INSERT INTO trabalho.comentarios_podcast_usuario VALUES ('comment_534_0_0', 'Impedit earum velit magnam consequuntur nam architecto dolores.', 'f0166bd2-8e4d-4308-b5d7-0b3d627c5dc5', 'usr_534');
INSERT INTO trabalho.log_acesso VALUES ('log_534_0_0', 'f0166bd2-8e4d-4308-b5d7-0b3d627c5dc5', 'usr_534');
INSERT INTO trabalho.log_acesso VALUES ('log_534_1_0', 'f0166bd2-8e4d-4308-b5d7-0b3d627c5dc5', 'usr_534');
INSERT INTO trabalho.usuario_esta_inscrito_no_podcast VALUES (2, '5bdf7377-8330-4f9f-8efd-e95301c122ce', 'usr_534');
INSERT INTO trabalho.comentarios_podcast_usuario VALUES ('comment_534_0_1', 'Aut natus sint non eos.', '5bdf7377-8330-4f9f-8efd-e95301c122ce', 'usr_534');
INSERT INTO trabalho.comentarios_podcast_usuario VALUES ('comment_534_1_1', 'Quam saepe porro itaque quo nihil consequatur tempore.', '5bdf7377-8330-4f9f-8efd-e95301c122ce', 'usr_534');
INSERT INTO trabalho.log_acesso VALUES ('log_534_0_1', '5bdf7377-8330-4f9f-8efd-e95301c122ce', 'usr_534');
INSERT INTO trabalho.log_acesso VALUES ('log_534_1_1', '5bdf7377-8330-4f9f-8efd-e95301c122ce', 'usr_534');
INSERT INTO trabalho.log_acesso VALUES ('log_534_2_1', '5bdf7377-8330-4f9f-8efd-e95301c122ce', 'usr_534');
INSERT INTO trabalho.log_acesso VALUES ('log_534_3_1', '5bdf7377-8330-4f9f-8efd-e95301c122ce', 'usr_534');
INSERT INTO trabalho.log_acesso VALUES ('log_534_4_1', '5bdf7377-8330-4f9f-8efd-e95301c122ce', 'usr_534');
INSERT INTO trabalho.usuario_esta_inscrito_no_podcast VALUES (0, '7e429e8e-7669-403d-bb78-3cd7f9f75afd', 'usr_534');
INSERT INTO trabalho.comentarios_podcast_usuario VALUES ('comment_534_0_2', 'Asperiores odit dicta officiis optio velit in.', '7e429e8e-7669-403d-bb78-3cd7f9f75afd', 'usr_534');
INSERT INTO trabalho.comentarios_podcast_usuario VALUES ('comment_534_1_2', 'Fuga nihil natus ut omnis.', '7e429e8e-7669-403d-bb78-3cd7f9f75afd', 'usr_534');
INSERT INTO trabalho.comentarios_podcast_usuario VALUES ('comment_534_2_2', 'Molestiae veritatis alias modi.', '7e429e8e-7669-403d-bb78-3cd7f9f75afd', 'usr_534');
INSERT INTO trabalho.log_acesso VALUES ('log_534_0_2', '7e429e8e-7669-403d-bb78-3cd7f9f75afd', 'usr_534');
INSERT INTO trabalho.log_acesso VALUES ('log_534_1_2', '7e429e8e-7669-403d-bb78-3cd7f9f75afd', 'usr_534');
INSERT INTO trabalho.log_acesso VALUES ('log_534_2_2', '7e429e8e-7669-403d-bb78-3cd7f9f75afd', 'usr_534');
INSERT INTO trabalho.usuario VALUES ('usr_535', '535_Jlia70@live.com', 'Júlia Souza', 'female', 31, trabalho.hashPassword('Password123'), 'Iraque');
INSERT INTO trabalho.usuario_esta_inscrito_no_podcast VALUES (4, 'f1b92ce7-47a7-43cd-8586-4a09185cdd05', 'usr_535');
INSERT INTO trabalho.comentarios_podcast_usuario VALUES ('comment_535_0_0', 'Rem id cumque magni esse quia adipisci eos.', 'f1b92ce7-47a7-43cd-8586-4a09185cdd05', 'usr_535');
INSERT INTO trabalho.comentarios_podcast_usuario VALUES ('comment_535_1_0', 'Quia ut eum itaque sed et et ipsam cumque repellendus.', 'f1b92ce7-47a7-43cd-8586-4a09185cdd05', 'usr_535');
INSERT INTO trabalho.comentarios_podcast_usuario VALUES ('comment_535_2_0', 'Fugit ea minus.', 'f1b92ce7-47a7-43cd-8586-4a09185cdd05', 'usr_535');
INSERT INTO trabalho.log_acesso VALUES ('log_535_0_0', 'f1b92ce7-47a7-43cd-8586-4a09185cdd05', 'usr_535');
INSERT INTO trabalho.log_acesso VALUES ('log_535_1_0', 'f1b92ce7-47a7-43cd-8586-4a09185cdd05', 'usr_535');
INSERT INTO trabalho.log_acesso VALUES ('log_535_2_0', 'f1b92ce7-47a7-43cd-8586-4a09185cdd05', 'usr_535');
INSERT INTO trabalho.log_acesso VALUES ('log_535_3_0', 'f1b92ce7-47a7-43cd-8586-4a09185cdd05', 'usr_535');
INSERT INTO trabalho.usuario_esta_inscrito_no_podcast VALUES (0, 'fa3abe16-3645-4d22-a01d-893e6f20c408', 'usr_535');
INSERT INTO trabalho.comentarios_podcast_usuario VALUES ('comment_535_0_1', 'Quam aperiam mollitia quia blanditiis quis a.', 'fa3abe16-3645-4d22-a01d-893e6f20c408', 'usr_535');
INSERT INTO trabalho.comentarios_podcast_usuario VALUES ('comment_535_1_1', 'Sequi dolores sunt assumenda ut quo.', 'fa3abe16-3645-4d22-a01d-893e6f20c408', 'usr_535');
INSERT INTO trabalho.comentarios_podcast_usuario VALUES ('comment_535_2_1', 'Dicta veniam vero eius facere sapiente itaque.', 'fa3abe16-3645-4d22-a01d-893e6f20c408', 'usr_535');
INSERT INTO trabalho.log_acesso VALUES ('log_535_0_1', 'fa3abe16-3645-4d22-a01d-893e6f20c408', 'usr_535');
INSERT INTO trabalho.log_acesso VALUES ('log_535_1_1', 'fa3abe16-3645-4d22-a01d-893e6f20c408', 'usr_535');
INSERT INTO trabalho.log_acesso VALUES ('log_535_2_1', 'fa3abe16-3645-4d22-a01d-893e6f20c408', 'usr_535');
INSERT INTO trabalho.log_acesso VALUES ('log_535_3_1', 'fa3abe16-3645-4d22-a01d-893e6f20c408', 'usr_535');
INSERT INTO trabalho.log_acesso VALUES ('log_535_4_1', 'fa3abe16-3645-4d22-a01d-893e6f20c408', 'usr_535');
INSERT INTO trabalho.log_acesso VALUES ('log_535_5_1', 'fa3abe16-3645-4d22-a01d-893e6f20c408', 'usr_535');
INSERT INTO trabalho.log_acesso VALUES ('log_535_6_1', 'fa3abe16-3645-4d22-a01d-893e6f20c408', 'usr_535');
INSERT INTO trabalho.usuario_esta_inscrito_no_podcast VALUES (2, 'bc8dac25-793c-4a96-aafc-4ea7020f4f60', 'usr_535');
INSERT INTO trabalho.comentarios_podcast_usuario VALUES ('comment_535_0_2', 'Dolores incidunt sint error rem.', 'bc8dac25-793c-4a96-aafc-4ea7020f4f60', 'usr_535');
INSERT INTO trabalho.comentarios_podcast_usuario VALUES ('comment_535_1_2', 'Fugiat nesciunt quibusdam earum necessitatibus.', 'bc8dac25-793c-4a96-aafc-4ea7020f4f60', 'usr_535');
INSERT INTO trabalho.comentarios_podcast_usuario VALUES ('comment_535_2_2', 'Animi corrupti aliquid eum non facilis aut vero sint ut.', 'bc8dac25-793c-4a96-aafc-4ea7020f4f60', 'usr_535');
INSERT INTO trabalho.log_acesso VALUES ('log_535_0_2', 'bc8dac25-793c-4a96-aafc-4ea7020f4f60', 'usr_535');
INSERT INTO trabalho.log_acesso VALUES ('log_535_1_2', 'bc8dac25-793c-4a96-aafc-4ea7020f4f60', 'usr_535');
INSERT INTO trabalho.usuario VALUES ('usr_536', '536_Karla.Carvalho12@bol.com.br', 'Karla Carvalho', 'female', 35, trabalho.hashPassword('Password123'), 'Marianas Setentrionais');
INSERT INTO trabalho.usuario_esta_inscrito_no_podcast VALUES (5, 'af46a958-b921-47b6-9f87-5c4fdc68ea79', 'usr_536');
INSERT INTO trabalho.comentarios_podcast_usuario VALUES ('comment_536_0_0', 'Delectus culpa quia quaerat atque et.', 'af46a958-b921-47b6-9f87-5c4fdc68ea79', 'usr_536');
INSERT INTO trabalho.comentarios_podcast_usuario VALUES ('comment_536_1_0', 'Est libero autem hic maiores culpa voluptate sit voluptatem.', 'af46a958-b921-47b6-9f87-5c4fdc68ea79', 'usr_536');
INSERT INTO trabalho.comentarios_podcast_usuario VALUES ('comment_536_2_0', 'Ipsa odio autem rerum.', 'af46a958-b921-47b6-9f87-5c4fdc68ea79', 'usr_536');
INSERT INTO trabalho.comentarios_podcast_usuario VALUES ('comment_536_3_0', 'Et dolorem omnis reiciendis sunt molestiae voluptates qui praesentium et.', 'af46a958-b921-47b6-9f87-5c4fdc68ea79', 'usr_536');
INSERT INTO trabalho.comentarios_podcast_usuario VALUES ('comment_536_4_0', 'Perferendis reiciendis velit modi et earum ipsam dolorem sed.', 'af46a958-b921-47b6-9f87-5c4fdc68ea79', 'usr_536');
INSERT INTO trabalho.log_acesso VALUES ('log_536_0_0', 'af46a958-b921-47b6-9f87-5c4fdc68ea79', 'usr_536');
INSERT INTO trabalho.usuario_esta_inscrito_no_podcast VALUES (2, '7e429e8e-7669-403d-bb78-3cd7f9f75afd', 'usr_536');
INSERT INTO trabalho.comentarios_podcast_usuario VALUES ('comment_536_0_1', 'Error accusamus voluptate tenetur.', '7e429e8e-7669-403d-bb78-3cd7f9f75afd', 'usr_536');
INSERT INTO trabalho.comentarios_podcast_usuario VALUES ('comment_536_1_1', 'Et natus minima voluptas cumque.', '7e429e8e-7669-403d-bb78-3cd7f9f75afd', 'usr_536');
INSERT INTO trabalho.log_acesso VALUES ('log_536_0_1', '7e429e8e-7669-403d-bb78-3cd7f9f75afd', 'usr_536');
INSERT INTO trabalho.log_acesso VALUES ('log_536_1_1', '7e429e8e-7669-403d-bb78-3cd7f9f75afd', 'usr_536');
INSERT INTO trabalho.log_acesso VALUES ('log_536_2_1', '7e429e8e-7669-403d-bb78-3cd7f9f75afd', 'usr_536');
INSERT INTO trabalho.log_acesso VALUES ('log_536_3_1', '7e429e8e-7669-403d-bb78-3cd7f9f75afd', 'usr_536');
INSERT INTO trabalho.log_acesso VALUES ('log_536_4_1', '7e429e8e-7669-403d-bb78-3cd7f9f75afd', 'usr_536');
INSERT INTO trabalho.log_acesso VALUES ('log_536_5_1', '7e429e8e-7669-403d-bb78-3cd7f9f75afd', 'usr_536');
INSERT INTO trabalho.usuario_esta_inscrito_no_podcast VALUES (4, 'de2f0ddb-9903-436a-a5e2-54224254c818', 'usr_536');
INSERT INTO trabalho.comentarios_podcast_usuario VALUES ('comment_536_0_2', 'Et excepturi et quia delectus maiores voluptates ea libero.', 'de2f0ddb-9903-436a-a5e2-54224254c818', 'usr_536');
INSERT INTO trabalho.comentarios_podcast_usuario VALUES ('comment_536_1_2', 'Magni minima commodi quis fugiat.', 'de2f0ddb-9903-436a-a5e2-54224254c818', 'usr_536');
INSERT INTO trabalho.comentarios_podcast_usuario VALUES ('comment_536_2_2', 'Autem nulla dolorum assumenda maxime qui velit neque maiores.', 'de2f0ddb-9903-436a-a5e2-54224254c818', 'usr_536');
INSERT INTO trabalho.comentarios_podcast_usuario VALUES ('comment_536_3_2', 'Ratione sit eum iure illo sunt quam illum vel et.', 'de2f0ddb-9903-436a-a5e2-54224254c818', 'usr_536');
INSERT INTO trabalho.comentarios_podcast_usuario VALUES ('comment_536_4_2', 'Cupiditate beatae et quo asperiores deleniti libero praesentium deleniti reprehenderit.', 'de2f0ddb-9903-436a-a5e2-54224254c818', 'usr_536');
INSERT INTO trabalho.log_acesso VALUES ('log_536_0_2', 'de2f0ddb-9903-436a-a5e2-54224254c818', 'usr_536');
INSERT INTO trabalho.log_acesso VALUES ('log_536_1_2', 'de2f0ddb-9903-436a-a5e2-54224254c818', 'usr_536');
INSERT INTO trabalho.usuario VALUES ('usr_537', '537_Larissa.Nogueira@yahoo.com', 'Larissa Nogueira', 'female', 47, trabalho.hashPassword('Password123'), 'Montenegro');
INSERT INTO trabalho.usuario_esta_inscrito_no_podcast VALUES (3, 'f1b92ce7-47a7-43cd-8586-4a09185cdd05', 'usr_537');
INSERT INTO trabalho.comentarios_podcast_usuario VALUES ('comment_537_0_0', 'Aut et facere quidem accusamus.', 'f1b92ce7-47a7-43cd-8586-4a09185cdd05', 'usr_537');
INSERT INTO trabalho.comentarios_podcast_usuario VALUES ('comment_537_1_0', 'Exercitationem architecto minima velit ut dolorem aut.', 'f1b92ce7-47a7-43cd-8586-4a09185cdd05', 'usr_537');
INSERT INTO trabalho.comentarios_podcast_usuario VALUES ('comment_537_2_0', 'Aut dolorum qui voluptatem.', 'f1b92ce7-47a7-43cd-8586-4a09185cdd05', 'usr_537');
INSERT INTO trabalho.comentarios_podcast_usuario VALUES ('comment_537_3_0', 'Mollitia in illo.', 'f1b92ce7-47a7-43cd-8586-4a09185cdd05', 'usr_537');
INSERT INTO trabalho.log_acesso VALUES ('log_537_0_0', 'f1b92ce7-47a7-43cd-8586-4a09185cdd05', 'usr_537');
INSERT INTO trabalho.log_acesso VALUES ('log_537_1_0', 'f1b92ce7-47a7-43cd-8586-4a09185cdd05', 'usr_537');
INSERT INTO trabalho.log_acesso VALUES ('log_537_2_0', 'f1b92ce7-47a7-43cd-8586-4a09185cdd05', 'usr_537');
INSERT INTO trabalho.usuario_esta_inscrito_no_podcast VALUES (5, 'de2f0ddb-9903-436a-a5e2-54224254c818', 'usr_537');
INSERT INTO trabalho.comentarios_podcast_usuario VALUES ('comment_537_0_1', 'Molestias rem rerum quia laudantium qui aspernatur necessitatibus adipisci exercitationem.', 'de2f0ddb-9903-436a-a5e2-54224254c818', 'usr_537');
INSERT INTO trabalho.comentarios_podcast_usuario VALUES ('comment_537_1_1', 'Minima velit eaque doloremque praesentium.', 'de2f0ddb-9903-436a-a5e2-54224254c818', 'usr_537');
INSERT INTO trabalho.comentarios_podcast_usuario VALUES ('comment_537_2_1', 'Odio dolorem et.', 'de2f0ddb-9903-436a-a5e2-54224254c818', 'usr_537');
INSERT INTO trabalho.comentarios_podcast_usuario VALUES ('comment_537_3_1', 'Dolorem voluptas sequi.', 'de2f0ddb-9903-436a-a5e2-54224254c818', 'usr_537');
INSERT INTO trabalho.comentarios_podcast_usuario VALUES ('comment_537_4_1', 'Doloribus non sunt vitae.', 'de2f0ddb-9903-436a-a5e2-54224254c818', 'usr_537');
INSERT INTO trabalho.log_acesso VALUES ('log_537_0_1', 'de2f0ddb-9903-436a-a5e2-54224254c818', 'usr_537');
INSERT INTO trabalho.log_acesso VALUES ('log_537_1_1', 'de2f0ddb-9903-436a-a5e2-54224254c818', 'usr_537');
INSERT INTO trabalho.log_acesso VALUES ('log_537_2_1', 'de2f0ddb-9903-436a-a5e2-54224254c818', 'usr_537');
INSERT INTO trabalho.usuario_esta_inscrito_no_podcast VALUES (1, 'fa3abe16-3645-4d22-a01d-893e6f20c408', 'usr_537');
INSERT INTO trabalho.comentarios_podcast_usuario VALUES ('comment_537_0_2', 'Quia non provident.', 'fa3abe16-3645-4d22-a01d-893e6f20c408', 'usr_537');
INSERT INTO trabalho.comentarios_podcast_usuario VALUES ('comment_537_1_2', 'Libero qui occaecati ipsam esse voluptatem est.', 'fa3abe16-3645-4d22-a01d-893e6f20c408', 'usr_537');
INSERT INTO trabalho.log_acesso VALUES ('log_537_0_2', 'fa3abe16-3645-4d22-a01d-893e6f20c408', 'usr_537');
INSERT INTO trabalho.log_acesso VALUES ('log_537_1_2', 'fa3abe16-3645-4d22-a01d-893e6f20c408', 'usr_537');
INSERT INTO trabalho.log_acesso VALUES ('log_537_2_2', 'fa3abe16-3645-4d22-a01d-893e6f20c408', 'usr_537');
INSERT INTO trabalho.log_acesso VALUES ('log_537_3_2', 'fa3abe16-3645-4d22-a01d-893e6f20c408', 'usr_537');
INSERT INTO trabalho.log_acesso VALUES ('log_537_4_2', 'fa3abe16-3645-4d22-a01d-893e6f20c408', 'usr_537');
INSERT INTO trabalho.log_acesso VALUES ('log_537_5_2', 'fa3abe16-3645-4d22-a01d-893e6f20c408', 'usr_537');
INSERT INTO trabalho.log_acesso VALUES ('log_537_6_2', 'fa3abe16-3645-4d22-a01d-893e6f20c408', 'usr_537');
INSERT INTO trabalho.usuario VALUES ('usr_538', '538_Sulen_Costa53@live.com', 'Suélen Costa', 'female', 30, trabalho.hashPassword('Password123'), 'Zimbábue');
INSERT INTO trabalho.usuario_esta_inscrito_no_podcast VALUES (3, 'bc8dac25-793c-4a96-aafc-4ea7020f4f60', 'usr_538');
INSERT INTO trabalho.comentarios_podcast_usuario VALUES ('comment_538_0_0', 'Aut ea ducimus laudantium adipisci.', 'bc8dac25-793c-4a96-aafc-4ea7020f4f60', 'usr_538');
INSERT INTO trabalho.log_acesso VALUES ('log_538_0_0', 'bc8dac25-793c-4a96-aafc-4ea7020f4f60', 'usr_538');
INSERT INTO trabalho.log_acesso VALUES ('log_538_1_0', 'bc8dac25-793c-4a96-aafc-4ea7020f4f60', 'usr_538');
INSERT INTO trabalho.log_acesso VALUES ('log_538_2_0', 'bc8dac25-793c-4a96-aafc-4ea7020f4f60', 'usr_538');
INSERT INTO trabalho.usuario_esta_inscrito_no_podcast VALUES (0, 'f1b92ce7-47a7-43cd-8586-4a09185cdd05', 'usr_538');
INSERT INTO trabalho.comentarios_podcast_usuario VALUES ('comment_538_0_1', 'Sit aperiam eius fugiat excepturi.', 'f1b92ce7-47a7-43cd-8586-4a09185cdd05', 'usr_538');
INSERT INTO trabalho.comentarios_podcast_usuario VALUES ('comment_538_1_1', 'Non dolore molestiae quod ipsa numquam odio.', 'f1b92ce7-47a7-43cd-8586-4a09185cdd05', 'usr_538');
INSERT INTO trabalho.comentarios_podcast_usuario VALUES ('comment_538_2_1', 'Aut distinctio incidunt minus expedita.', 'f1b92ce7-47a7-43cd-8586-4a09185cdd05', 'usr_538');
INSERT INTO trabalho.comentarios_podcast_usuario VALUES ('comment_538_3_1', 'Quia est eaque aut et perferendis qui laudantium.', 'f1b92ce7-47a7-43cd-8586-4a09185cdd05', 'usr_538');
INSERT INTO trabalho.comentarios_podcast_usuario VALUES ('comment_538_4_1', 'Mollitia omnis eligendi.', 'f1b92ce7-47a7-43cd-8586-4a09185cdd05', 'usr_538');
INSERT INTO trabalho.log_acesso VALUES ('log_538_0_1', 'f1b92ce7-47a7-43cd-8586-4a09185cdd05', 'usr_538');
INSERT INTO trabalho.log_acesso VALUES ('log_538_1_1', 'f1b92ce7-47a7-43cd-8586-4a09185cdd05', 'usr_538');
INSERT INTO trabalho.log_acesso VALUES ('log_538_2_1', 'f1b92ce7-47a7-43cd-8586-4a09185cdd05', 'usr_538');
INSERT INTO trabalho.log_acesso VALUES ('log_538_3_1', 'f1b92ce7-47a7-43cd-8586-4a09185cdd05', 'usr_538');
INSERT INTO trabalho.usuario_esta_inscrito_no_podcast VALUES (3, 'f0166bd2-8e4d-4308-b5d7-0b3d627c5dc5', 'usr_538');
INSERT INTO trabalho.comentarios_podcast_usuario VALUES ('comment_538_0_2', 'Quisquam consectetur ducimus dolor tenetur aut quia necessitatibus maxime.', 'f0166bd2-8e4d-4308-b5d7-0b3d627c5dc5', 'usr_538');
INSERT INTO trabalho.comentarios_podcast_usuario VALUES ('comment_538_1_2', 'Sed magni cum hic tempora sit similique.', 'f0166bd2-8e4d-4308-b5d7-0b3d627c5dc5', 'usr_538');
INSERT INTO trabalho.log_acesso VALUES ('log_538_0_2', 'f0166bd2-8e4d-4308-b5d7-0b3d627c5dc5', 'usr_538');
INSERT INTO trabalho.log_acesso VALUES ('log_538_1_2', 'f0166bd2-8e4d-4308-b5d7-0b3d627c5dc5', 'usr_538');
INSERT INTO trabalho.log_acesso VALUES ('log_538_2_2', 'f0166bd2-8e4d-4308-b5d7-0b3d627c5dc5', 'usr_538');
INSERT INTO trabalho.usuario VALUES ('usr_539', '539_Frederico.Moraes22@hotmail.com', 'Frederico Moraes', 'male', 24, trabalho.hashPassword('Password123'), 'Camboja');
INSERT INTO trabalho.usuario_esta_inscrito_no_podcast VALUES (1, '5bdf7377-8330-4f9f-8efd-e95301c122ce', 'usr_539');
INSERT INTO trabalho.comentarios_podcast_usuario VALUES ('comment_539_0_0', 'Veniam suscipit praesentium provident libero praesentium repellendus ipsum architecto est.', '5bdf7377-8330-4f9f-8efd-e95301c122ce', 'usr_539');
INSERT INTO trabalho.comentarios_podcast_usuario VALUES ('comment_539_1_0', 'Laudantium labore fuga iusto ut quaerat vel aspernatur qui.', '5bdf7377-8330-4f9f-8efd-e95301c122ce', 'usr_539');
INSERT INTO trabalho.log_acesso VALUES ('log_539_0_0', '5bdf7377-8330-4f9f-8efd-e95301c122ce', 'usr_539');
INSERT INTO trabalho.log_acesso VALUES ('log_539_1_0', '5bdf7377-8330-4f9f-8efd-e95301c122ce', 'usr_539');
INSERT INTO trabalho.log_acesso VALUES ('log_539_2_0', '5bdf7377-8330-4f9f-8efd-e95301c122ce', 'usr_539');
INSERT INTO trabalho.usuario_esta_inscrito_no_podcast VALUES (0, 'de2f0ddb-9903-436a-a5e2-54224254c818', 'usr_539');
INSERT INTO trabalho.comentarios_podcast_usuario VALUES ('comment_539_0_1', 'Laboriosam consectetur qui et.', 'de2f0ddb-9903-436a-a5e2-54224254c818', 'usr_539');
INSERT INTO trabalho.comentarios_podcast_usuario VALUES ('comment_539_1_1', 'Magnam molestias ad.', 'de2f0ddb-9903-436a-a5e2-54224254c818', 'usr_539');
INSERT INTO trabalho.comentarios_podcast_usuario VALUES ('comment_539_2_1', 'Sed est reiciendis architecto enim suscipit alias quae aliquid.', 'de2f0ddb-9903-436a-a5e2-54224254c818', 'usr_539');
INSERT INTO trabalho.comentarios_podcast_usuario VALUES ('comment_539_3_1', 'Fuga non provident dolore voluptatem quam laboriosam dolorum est libero.', 'de2f0ddb-9903-436a-a5e2-54224254c818', 'usr_539');
INSERT INTO trabalho.log_acesso VALUES ('log_539_0_1', 'de2f0ddb-9903-436a-a5e2-54224254c818', 'usr_539');
INSERT INTO trabalho.log_acesso VALUES ('log_539_1_1', 'de2f0ddb-9903-436a-a5e2-54224254c818', 'usr_539');
INSERT INTO trabalho.usuario_esta_inscrito_no_podcast VALUES (5, 'fa3abe16-3645-4d22-a01d-893e6f20c408', 'usr_539');
INSERT INTO trabalho.comentarios_podcast_usuario VALUES ('comment_539_0_2', 'Aliquam quidem deserunt libero doloremque dolor.', 'fa3abe16-3645-4d22-a01d-893e6f20c408', 'usr_539');
INSERT INTO trabalho.comentarios_podcast_usuario VALUES ('comment_539_1_2', 'Eum non natus delectus sunt praesentium qui architecto.', 'fa3abe16-3645-4d22-a01d-893e6f20c408', 'usr_539');
INSERT INTO trabalho.comentarios_podcast_usuario VALUES ('comment_539_2_2', 'Dolores consectetur ullam ut dolor voluptatem enim recusandae.', 'fa3abe16-3645-4d22-a01d-893e6f20c408', 'usr_539');
INSERT INTO trabalho.comentarios_podcast_usuario VALUES ('comment_539_3_2', 'Expedita mollitia in sed.', 'fa3abe16-3645-4d22-a01d-893e6f20c408', 'usr_539');
INSERT INTO trabalho.log_acesso VALUES ('log_539_0_2', 'fa3abe16-3645-4d22-a01d-893e6f20c408', 'usr_539');
INSERT INTO trabalho.log_acesso VALUES ('log_539_1_2', 'fa3abe16-3645-4d22-a01d-893e6f20c408', 'usr_539');
INSERT INTO trabalho.log_acesso VALUES ('log_539_2_2', 'fa3abe16-3645-4d22-a01d-893e6f20c408', 'usr_539');
INSERT INTO trabalho.log_acesso VALUES ('log_539_3_2', 'fa3abe16-3645-4d22-a01d-893e6f20c408', 'usr_539');
INSERT INTO trabalho.log_acesso VALUES ('log_539_4_2', 'fa3abe16-3645-4d22-a01d-893e6f20c408', 'usr_539');
INSERT INTO trabalho.usuario VALUES ('usr_540', '540_Nataniel_Batista52@bol.com.br', 'Nataniel Batista', 'male', 35, trabalho.hashPassword('Password123'), 'Micronésia');
INSERT INTO trabalho.usuario_esta_inscrito_no_podcast VALUES (4, 'f8e13774-d631-4f34-93f0-2f5d55590265', 'usr_540');
INSERT INTO trabalho.comentarios_podcast_usuario VALUES ('comment_540_0_0', 'Qui ab aliquam incidunt sapiente suscipit esse nemo.', 'f8e13774-d631-4f34-93f0-2f5d55590265', 'usr_540');
INSERT INTO trabalho.comentarios_podcast_usuario VALUES ('comment_540_1_0', 'Possimus et itaque debitis reprehenderit praesentium.', 'f8e13774-d631-4f34-93f0-2f5d55590265', 'usr_540');
INSERT INTO trabalho.comentarios_podcast_usuario VALUES ('comment_540_2_0', 'Sint est quam recusandae odio doloribus ut et.', 'f8e13774-d631-4f34-93f0-2f5d55590265', 'usr_540');
INSERT INTO trabalho.log_acesso VALUES ('log_540_0_0', 'f8e13774-d631-4f34-93f0-2f5d55590265', 'usr_540');
INSERT INTO trabalho.log_acesso VALUES ('log_540_1_0', 'f8e13774-d631-4f34-93f0-2f5d55590265', 'usr_540');
INSERT INTO trabalho.log_acesso VALUES ('log_540_2_0', 'f8e13774-d631-4f34-93f0-2f5d55590265', 'usr_540');
INSERT INTO trabalho.log_acesso VALUES ('log_540_3_0', 'f8e13774-d631-4f34-93f0-2f5d55590265', 'usr_540');
INSERT INTO trabalho.log_acesso VALUES ('log_540_4_0', 'f8e13774-d631-4f34-93f0-2f5d55590265', 'usr_540');
INSERT INTO trabalho.usuario_esta_inscrito_no_podcast VALUES (3, 'fa3abe16-3645-4d22-a01d-893e6f20c408', 'usr_540');
INSERT INTO trabalho.comentarios_podcast_usuario VALUES ('comment_540_0_1', 'Quis asperiores ullam.', 'fa3abe16-3645-4d22-a01d-893e6f20c408', 'usr_540');
INSERT INTO trabalho.comentarios_podcast_usuario VALUES ('comment_540_1_1', 'Quos sapiente dolores eligendi natus est quaerat aspernatur qui accusantium.', 'fa3abe16-3645-4d22-a01d-893e6f20c408', 'usr_540');
INSERT INTO trabalho.comentarios_podcast_usuario VALUES ('comment_540_2_1', 'Omnis sit aperiam tenetur quis ut.', 'fa3abe16-3645-4d22-a01d-893e6f20c408', 'usr_540');
INSERT INTO trabalho.comentarios_podcast_usuario VALUES ('comment_540_3_1', 'Dolor non quis reprehenderit nesciunt ratione nihil quo et.', 'fa3abe16-3645-4d22-a01d-893e6f20c408', 'usr_540');
INSERT INTO trabalho.log_acesso VALUES ('log_540_0_1', 'fa3abe16-3645-4d22-a01d-893e6f20c408', 'usr_540');
INSERT INTO trabalho.log_acesso VALUES ('log_540_1_1', 'fa3abe16-3645-4d22-a01d-893e6f20c408', 'usr_540');
INSERT INTO trabalho.log_acesso VALUES ('log_540_2_1', 'fa3abe16-3645-4d22-a01d-893e6f20c408', 'usr_540');
INSERT INTO trabalho.log_acesso VALUES ('log_540_3_1', 'fa3abe16-3645-4d22-a01d-893e6f20c408', 'usr_540');
INSERT INTO trabalho.usuario_esta_inscrito_no_podcast VALUES (2, 'de2f0ddb-9903-436a-a5e2-54224254c818', 'usr_540');
INSERT INTO trabalho.comentarios_podcast_usuario VALUES ('comment_540_0_2', 'Earum blanditiis dolores.', 'de2f0ddb-9903-436a-a5e2-54224254c818', 'usr_540');
INSERT INTO trabalho.comentarios_podcast_usuario VALUES ('comment_540_1_2', 'Reiciendis et odit veniam assumenda voluptatum qui dolores.', 'de2f0ddb-9903-436a-a5e2-54224254c818', 'usr_540');
INSERT INTO trabalho.comentarios_podcast_usuario VALUES ('comment_540_2_2', 'Sed ut minus a non suscipit.', 'de2f0ddb-9903-436a-a5e2-54224254c818', 'usr_540');
INSERT INTO trabalho.comentarios_podcast_usuario VALUES ('comment_540_3_2', 'Rem veritatis ipsum eveniet autem.', 'de2f0ddb-9903-436a-a5e2-54224254c818', 'usr_540');
INSERT INTO trabalho.comentarios_podcast_usuario VALUES ('comment_540_4_2', 'Consectetur nulla libero perspiciatis nobis.', 'de2f0ddb-9903-436a-a5e2-54224254c818', 'usr_540');
INSERT INTO trabalho.log_acesso VALUES ('log_540_0_2', 'de2f0ddb-9903-436a-a5e2-54224254c818', 'usr_540');
INSERT INTO trabalho.log_acesso VALUES ('log_540_1_2', 'de2f0ddb-9903-436a-a5e2-54224254c818', 'usr_540');
INSERT INTO trabalho.log_acesso VALUES ('log_540_2_2', 'de2f0ddb-9903-436a-a5e2-54224254c818', 'usr_540');
INSERT INTO trabalho.usuario VALUES ('usr_541', '541_Anthony.Souza71@gmail.com', 'Anthony Souza', 'male', 47, trabalho.hashPassword('Password123'), 'Serra Leoa');
INSERT INTO trabalho.usuario_esta_inscrito_no_podcast VALUES (3, '168c1536-4c42-4b8f-8c77-f06affefec6a', 'usr_541');
INSERT INTO trabalho.comentarios_podcast_usuario VALUES ('comment_541_0_0', 'Necessitatibus qui a esse sed enim deleniti a voluptas nobis.', '168c1536-4c42-4b8f-8c77-f06affefec6a', 'usr_541');
INSERT INTO trabalho.comentarios_podcast_usuario VALUES ('comment_541_1_0', 'Consequuntur est rerum nostrum in eveniet.', '168c1536-4c42-4b8f-8c77-f06affefec6a', 'usr_541');
INSERT INTO trabalho.log_acesso VALUES ('log_541_0_0', '168c1536-4c42-4b8f-8c77-f06affefec6a', 'usr_541');
INSERT INTO trabalho.log_acesso VALUES ('log_541_1_0', '168c1536-4c42-4b8f-8c77-f06affefec6a', 'usr_541');
INSERT INTO trabalho.usuario_esta_inscrito_no_podcast VALUES (5, '5bdf7377-8330-4f9f-8efd-e95301c122ce', 'usr_541');
INSERT INTO trabalho.comentarios_podcast_usuario VALUES ('comment_541_0_1', 'Asperiores eos odit ut laborum delectus et.', '5bdf7377-8330-4f9f-8efd-e95301c122ce', 'usr_541');
INSERT INTO trabalho.comentarios_podcast_usuario VALUES ('comment_541_1_1', 'Quisquam occaecati incidunt quas labore.', '5bdf7377-8330-4f9f-8efd-e95301c122ce', 'usr_541');
INSERT INTO trabalho.log_acesso VALUES ('log_541_0_1', '5bdf7377-8330-4f9f-8efd-e95301c122ce', 'usr_541');
INSERT INTO trabalho.log_acesso VALUES ('log_541_1_1', '5bdf7377-8330-4f9f-8efd-e95301c122ce', 'usr_541');
INSERT INTO trabalho.usuario_esta_inscrito_no_podcast VALUES (1, '67074e68-bc2f-442b-8af2-7d328b6af6eb', 'usr_541');
INSERT INTO trabalho.comentarios_podcast_usuario VALUES ('comment_541_0_2', 'Deserunt omnis itaque quia quisquam qui temporibus deleniti.', '67074e68-bc2f-442b-8af2-7d328b6af6eb', 'usr_541');
INSERT INTO trabalho.comentarios_podcast_usuario VALUES ('comment_541_1_2', 'Quia eos qui eligendi eaque tempora quidem voluptatem possimus ad.', '67074e68-bc2f-442b-8af2-7d328b6af6eb', 'usr_541');
INSERT INTO trabalho.log_acesso VALUES ('log_541_0_2', '67074e68-bc2f-442b-8af2-7d328b6af6eb', 'usr_541');
INSERT INTO trabalho.usuario VALUES ('usr_542', '542_Bryan_Moreira20@gmail.com', 'Bryan Moreira', 'male', 33, trabalho.hashPassword('Password123'), 'Macao');
INSERT INTO trabalho.usuario_esta_inscrito_no_podcast VALUES (0, '5bdf7377-8330-4f9f-8efd-e95301c122ce', 'usr_542');
INSERT INTO trabalho.comentarios_podcast_usuario VALUES ('comment_542_0_0', 'Qui enim quis incidunt voluptas optio dicta optio.', '5bdf7377-8330-4f9f-8efd-e95301c122ce', 'usr_542');
INSERT INTO trabalho.comentarios_podcast_usuario VALUES ('comment_542_1_0', 'Inventore omnis provident placeat voluptas veritatis sapiente.', '5bdf7377-8330-4f9f-8efd-e95301c122ce', 'usr_542');
INSERT INTO trabalho.log_acesso VALUES ('log_542_0_0', '5bdf7377-8330-4f9f-8efd-e95301c122ce', 'usr_542');
INSERT INTO trabalho.log_acesso VALUES ('log_542_1_0', '5bdf7377-8330-4f9f-8efd-e95301c122ce', 'usr_542');
INSERT INTO trabalho.log_acesso VALUES ('log_542_2_0', '5bdf7377-8330-4f9f-8efd-e95301c122ce', 'usr_542');
INSERT INTO trabalho.log_acesso VALUES ('log_542_3_0', '5bdf7377-8330-4f9f-8efd-e95301c122ce', 'usr_542');
INSERT INTO trabalho.log_acesso VALUES ('log_542_4_0', '5bdf7377-8330-4f9f-8efd-e95301c122ce', 'usr_542');
INSERT INTO trabalho.usuario_esta_inscrito_no_podcast VALUES (0, 'f0166bd2-8e4d-4308-b5d7-0b3d627c5dc5', 'usr_542');
INSERT INTO trabalho.comentarios_podcast_usuario VALUES ('comment_542_0_1', 'Suscipit nisi et ut nulla aperiam dolores facilis vitae similique.', 'f0166bd2-8e4d-4308-b5d7-0b3d627c5dc5', 'usr_542');
INSERT INTO trabalho.comentarios_podcast_usuario VALUES ('comment_542_1_1', 'Voluptas corrupti nihil vel est.', 'f0166bd2-8e4d-4308-b5d7-0b3d627c5dc5', 'usr_542');
INSERT INTO trabalho.log_acesso VALUES ('log_542_0_1', 'f0166bd2-8e4d-4308-b5d7-0b3d627c5dc5', 'usr_542');
INSERT INTO trabalho.log_acesso VALUES ('log_542_1_1', 'f0166bd2-8e4d-4308-b5d7-0b3d627c5dc5', 'usr_542');
INSERT INTO trabalho.log_acesso VALUES ('log_542_2_1', 'f0166bd2-8e4d-4308-b5d7-0b3d627c5dc5', 'usr_542');
INSERT INTO trabalho.usuario_esta_inscrito_no_podcast VALUES (4, '7e429e8e-7669-403d-bb78-3cd7f9f75afd', 'usr_542');
INSERT INTO trabalho.comentarios_podcast_usuario VALUES ('comment_542_0_2', 'Eaque in nihil veritatis dolor est quos.', '7e429e8e-7669-403d-bb78-3cd7f9f75afd', 'usr_542');
INSERT INTO trabalho.comentarios_podcast_usuario VALUES ('comment_542_1_2', 'Esse magnam consequuntur facere et.', '7e429e8e-7669-403d-bb78-3cd7f9f75afd', 'usr_542');
INSERT INTO trabalho.log_acesso VALUES ('log_542_0_2', '7e429e8e-7669-403d-bb78-3cd7f9f75afd', 'usr_542');
INSERT INTO trabalho.log_acesso VALUES ('log_542_1_2', '7e429e8e-7669-403d-bb78-3cd7f9f75afd', 'usr_542');
INSERT INTO trabalho.usuario VALUES ('usr_543', '543_Fabrcio.Nogueira80@gmail.com', 'Fabrício Nogueira', 'male', 31, trabalho.hashPassword('Password123'), 'Anguila');
INSERT INTO trabalho.usuario_esta_inscrito_no_podcast VALUES (0, '67074e68-bc2f-442b-8af2-7d328b6af6eb', 'usr_543');
INSERT INTO trabalho.comentarios_podcast_usuario VALUES ('comment_543_0_0', 'Est sit rerum dolore.', '67074e68-bc2f-442b-8af2-7d328b6af6eb', 'usr_543');
INSERT INTO trabalho.comentarios_podcast_usuario VALUES ('comment_543_1_0', 'Exercitationem alias eligendi optio.', '67074e68-bc2f-442b-8af2-7d328b6af6eb', 'usr_543');
INSERT INTO trabalho.comentarios_podcast_usuario VALUES ('comment_543_2_0', 'Expedita asperiores unde dolores rerum ipsum quia adipisci.', '67074e68-bc2f-442b-8af2-7d328b6af6eb', 'usr_543');
INSERT INTO trabalho.comentarios_podcast_usuario VALUES ('comment_543_3_0', 'Vero et aspernatur et veniam in molestiae.', '67074e68-bc2f-442b-8af2-7d328b6af6eb', 'usr_543');
INSERT INTO trabalho.log_acesso VALUES ('log_543_0_0', '67074e68-bc2f-442b-8af2-7d328b6af6eb', 'usr_543');
INSERT INTO trabalho.usuario_esta_inscrito_no_podcast VALUES (5, '7e429e8e-7669-403d-bb78-3cd7f9f75afd', 'usr_543');
INSERT INTO trabalho.comentarios_podcast_usuario VALUES ('comment_543_0_1', 'Quisquam similique nostrum fugit nemo.', '7e429e8e-7669-403d-bb78-3cd7f9f75afd', 'usr_543');
INSERT INTO trabalho.comentarios_podcast_usuario VALUES ('comment_543_1_1', 'Mollitia architecto consectetur quia autem quo perspiciatis.', '7e429e8e-7669-403d-bb78-3cd7f9f75afd', 'usr_543');
INSERT INTO trabalho.log_acesso VALUES ('log_543_0_1', '7e429e8e-7669-403d-bb78-3cd7f9f75afd', 'usr_543');
INSERT INTO trabalho.log_acesso VALUES ('log_543_1_1', '7e429e8e-7669-403d-bb78-3cd7f9f75afd', 'usr_543');
INSERT INTO trabalho.log_acesso VALUES ('log_543_2_1', '7e429e8e-7669-403d-bb78-3cd7f9f75afd', 'usr_543');
INSERT INTO trabalho.usuario_esta_inscrito_no_podcast VALUES (1, 'f0166bd2-8e4d-4308-b5d7-0b3d627c5dc5', 'usr_543');
INSERT INTO trabalho.comentarios_podcast_usuario VALUES ('comment_543_0_2', 'Magni asperiores molestiae a sint aut.', 'f0166bd2-8e4d-4308-b5d7-0b3d627c5dc5', 'usr_543');
INSERT INTO trabalho.comentarios_podcast_usuario VALUES ('comment_543_1_2', 'Et consequatur amet sunt laborum doloribus.', 'f0166bd2-8e4d-4308-b5d7-0b3d627c5dc5', 'usr_543');
INSERT INTO trabalho.comentarios_podcast_usuario VALUES ('comment_543_2_2', 'Praesentium sint cum eos repellendus eum.', 'f0166bd2-8e4d-4308-b5d7-0b3d627c5dc5', 'usr_543');
INSERT INTO trabalho.comentarios_podcast_usuario VALUES ('comment_543_3_2', 'Dolorem autem facilis excepturi animi aliquam ut.', 'f0166bd2-8e4d-4308-b5d7-0b3d627c5dc5', 'usr_543');
INSERT INTO trabalho.comentarios_podcast_usuario VALUES ('comment_543_4_2', 'Voluptas et qui exercitationem rem fuga non.', 'f0166bd2-8e4d-4308-b5d7-0b3d627c5dc5', 'usr_543');
INSERT INTO trabalho.comentarios_podcast_usuario VALUES ('comment_543_5_2', 'Aut corrupti aut dolor et reiciendis.', 'f0166bd2-8e4d-4308-b5d7-0b3d627c5dc5', 'usr_543');
INSERT INTO trabalho.log_acesso VALUES ('log_543_0_2', 'f0166bd2-8e4d-4308-b5d7-0b3d627c5dc5', 'usr_543');
INSERT INTO trabalho.log_acesso VALUES ('log_543_1_2', 'f0166bd2-8e4d-4308-b5d7-0b3d627c5dc5', 'usr_543');
INSERT INTO trabalho.log_acesso VALUES ('log_543_2_2', 'f0166bd2-8e4d-4308-b5d7-0b3d627c5dc5', 'usr_543');
INSERT INTO trabalho.log_acesso VALUES ('log_543_3_2', 'f0166bd2-8e4d-4308-b5d7-0b3d627c5dc5', 'usr_543');
INSERT INTO trabalho.usuario VALUES ('usr_544', '544_Alcia2@gmail.com', 'Alícia Franco', 'female', 24, trabalho.hashPassword('Password123'), 'Camarões');
INSERT INTO trabalho.usuario_esta_inscrito_no_podcast VALUES (0, '67074e68-bc2f-442b-8af2-7d328b6af6eb', 'usr_544');
INSERT INTO trabalho.comentarios_podcast_usuario VALUES ('comment_544_0_0', 'Dolorum et asperiores ipsum doloremque et quis incidunt eveniet.', '67074e68-bc2f-442b-8af2-7d328b6af6eb', 'usr_544');
INSERT INTO trabalho.comentarios_podcast_usuario VALUES ('comment_544_1_0', 'Facilis perferendis sequi recusandae cupiditate voluptatem quis facilis.', '67074e68-bc2f-442b-8af2-7d328b6af6eb', 'usr_544');
INSERT INTO trabalho.comentarios_podcast_usuario VALUES ('comment_544_2_0', 'Odio numquam distinctio maiores aut culpa delectus eos.', '67074e68-bc2f-442b-8af2-7d328b6af6eb', 'usr_544');
INSERT INTO trabalho.log_acesso VALUES ('log_544_0_0', '67074e68-bc2f-442b-8af2-7d328b6af6eb', 'usr_544');
INSERT INTO trabalho.log_acesso VALUES ('log_544_1_0', '67074e68-bc2f-442b-8af2-7d328b6af6eb', 'usr_544');
INSERT INTO trabalho.usuario_esta_inscrito_no_podcast VALUES (0, '7e429e8e-7669-403d-bb78-3cd7f9f75afd', 'usr_544');
INSERT INTO trabalho.comentarios_podcast_usuario VALUES ('comment_544_0_1', 'Velit libero ratione exercitationem sapiente magnam temporibus.', '7e429e8e-7669-403d-bb78-3cd7f9f75afd', 'usr_544');
INSERT INTO trabalho.comentarios_podcast_usuario VALUES ('comment_544_1_1', 'Dolor in fuga qui enim.', '7e429e8e-7669-403d-bb78-3cd7f9f75afd', 'usr_544');
INSERT INTO trabalho.comentarios_podcast_usuario VALUES ('comment_544_2_1', 'Nesciunt enim ut.', '7e429e8e-7669-403d-bb78-3cd7f9f75afd', 'usr_544');
INSERT INTO trabalho.comentarios_podcast_usuario VALUES ('comment_544_3_1', 'Facere sed nostrum ullam nobis modi magni aut dolores.', '7e429e8e-7669-403d-bb78-3cd7f9f75afd', 'usr_544');
INSERT INTO trabalho.comentarios_podcast_usuario VALUES ('comment_544_4_1', 'Nulla atque rem magni repudiandae.', '7e429e8e-7669-403d-bb78-3cd7f9f75afd', 'usr_544');
INSERT INTO trabalho.log_acesso VALUES ('log_544_0_1', '7e429e8e-7669-403d-bb78-3cd7f9f75afd', 'usr_544');
INSERT INTO trabalho.log_acesso VALUES ('log_544_1_1', '7e429e8e-7669-403d-bb78-3cd7f9f75afd', 'usr_544');
INSERT INTO trabalho.log_acesso VALUES ('log_544_2_1', '7e429e8e-7669-403d-bb78-3cd7f9f75afd', 'usr_544');
INSERT INTO trabalho.log_acesso VALUES ('log_544_3_1', '7e429e8e-7669-403d-bb78-3cd7f9f75afd', 'usr_544');
INSERT INTO trabalho.usuario_esta_inscrito_no_podcast VALUES (3, 'fa3abe16-3645-4d22-a01d-893e6f20c408', 'usr_544');
INSERT INTO trabalho.comentarios_podcast_usuario VALUES ('comment_544_0_2', 'Sit officiis fuga fugit ipsam ipsum nihil voluptate cupiditate soluta.', 'fa3abe16-3645-4d22-a01d-893e6f20c408', 'usr_544');
INSERT INTO trabalho.comentarios_podcast_usuario VALUES ('comment_544_1_2', 'Quo soluta laboriosam.', 'fa3abe16-3645-4d22-a01d-893e6f20c408', 'usr_544');
INSERT INTO trabalho.comentarios_podcast_usuario VALUES ('comment_544_2_2', 'Distinctio voluptatum earum a aut sed error.', 'fa3abe16-3645-4d22-a01d-893e6f20c408', 'usr_544');
INSERT INTO trabalho.comentarios_podcast_usuario VALUES ('comment_544_3_2', 'Omnis impedit modi iure accusantium aut.', 'fa3abe16-3645-4d22-a01d-893e6f20c408', 'usr_544');
INSERT INTO trabalho.log_acesso VALUES ('log_544_0_2', 'fa3abe16-3645-4d22-a01d-893e6f20c408', 'usr_544');
INSERT INTO trabalho.log_acesso VALUES ('log_544_1_2', 'fa3abe16-3645-4d22-a01d-893e6f20c408', 'usr_544');
INSERT INTO trabalho.log_acesso VALUES ('log_544_2_2', 'fa3abe16-3645-4d22-a01d-893e6f20c408', 'usr_544');
INSERT INTO trabalho.usuario VALUES ('usr_545', '545_Lorraine_Oliveira26@bol.com.br', 'Lorraine Oliveira', 'female', 59, trabalho.hashPassword('Password123'), 'Georgia');
INSERT INTO trabalho.usuario_esta_inscrito_no_podcast VALUES (5, 'f1b92ce7-47a7-43cd-8586-4a09185cdd05', 'usr_545');
INSERT INTO trabalho.comentarios_podcast_usuario VALUES ('comment_545_0_0', 'Voluptatum ullam nesciunt ut et sit in est ex.', 'f1b92ce7-47a7-43cd-8586-4a09185cdd05', 'usr_545');
INSERT INTO trabalho.comentarios_podcast_usuario VALUES ('comment_545_1_0', 'Ab et unde sapiente ea velit delectus dolorem qui.', 'f1b92ce7-47a7-43cd-8586-4a09185cdd05', 'usr_545');
INSERT INTO trabalho.comentarios_podcast_usuario VALUES ('comment_545_2_0', 'Deserunt ex quia nisi quisquam asperiores quia ea dignissimos qui.', 'f1b92ce7-47a7-43cd-8586-4a09185cdd05', 'usr_545');
INSERT INTO trabalho.log_acesso VALUES ('log_545_0_0', 'f1b92ce7-47a7-43cd-8586-4a09185cdd05', 'usr_545');
INSERT INTO trabalho.log_acesso VALUES ('log_545_1_0', 'f1b92ce7-47a7-43cd-8586-4a09185cdd05', 'usr_545');
INSERT INTO trabalho.usuario_esta_inscrito_no_podcast VALUES (4, '67074e68-bc2f-442b-8af2-7d328b6af6eb', 'usr_545');
INSERT INTO trabalho.comentarios_podcast_usuario VALUES ('comment_545_0_1', 'Illum quam dolores voluptatum et laborum et sapiente vel.', '67074e68-bc2f-442b-8af2-7d328b6af6eb', 'usr_545');
INSERT INTO trabalho.comentarios_podcast_usuario VALUES ('comment_545_1_1', 'Consequatur expedita blanditiis culpa sequi quaerat numquam ullam ea.', '67074e68-bc2f-442b-8af2-7d328b6af6eb', 'usr_545');
INSERT INTO trabalho.comentarios_podcast_usuario VALUES ('comment_545_2_1', 'Dolor debitis quaerat officiis iusto accusamus occaecati.', '67074e68-bc2f-442b-8af2-7d328b6af6eb', 'usr_545');
INSERT INTO trabalho.comentarios_podcast_usuario VALUES ('comment_545_3_1', 'Accusantium nisi dolor dicta mollitia.', '67074e68-bc2f-442b-8af2-7d328b6af6eb', 'usr_545');
INSERT INTO trabalho.comentarios_podcast_usuario VALUES ('comment_545_4_1', 'Omnis voluptates modi.', '67074e68-bc2f-442b-8af2-7d328b6af6eb', 'usr_545');
INSERT INTO trabalho.comentarios_podcast_usuario VALUES ('comment_545_5_1', 'Ipsam pariatur dicta rerum.', '67074e68-bc2f-442b-8af2-7d328b6af6eb', 'usr_545');
INSERT INTO trabalho.log_acesso VALUES ('log_545_0_1', '67074e68-bc2f-442b-8af2-7d328b6af6eb', 'usr_545');
INSERT INTO trabalho.log_acesso VALUES ('log_545_1_1', '67074e68-bc2f-442b-8af2-7d328b6af6eb', 'usr_545');
INSERT INTO trabalho.log_acesso VALUES ('log_545_2_1', '67074e68-bc2f-442b-8af2-7d328b6af6eb', 'usr_545');
INSERT INTO trabalho.log_acesso VALUES ('log_545_3_1', '67074e68-bc2f-442b-8af2-7d328b6af6eb', 'usr_545');
INSERT INTO trabalho.log_acesso VALUES ('log_545_4_1', '67074e68-bc2f-442b-8af2-7d328b6af6eb', 'usr_545');
INSERT INTO trabalho.usuario_esta_inscrito_no_podcast VALUES (2, '168c1536-4c42-4b8f-8c77-f06affefec6a', 'usr_545');
INSERT INTO trabalho.comentarios_podcast_usuario VALUES ('comment_545_0_2', 'Rerum eius a labore quia enim aut.', '168c1536-4c42-4b8f-8c77-f06affefec6a', 'usr_545');
INSERT INTO trabalho.comentarios_podcast_usuario VALUES ('comment_545_1_2', 'Ad vel voluptatem praesentium quibusdam quisquam ut dolores deserunt eos.', '168c1536-4c42-4b8f-8c77-f06affefec6a', 'usr_545');
INSERT INTO trabalho.log_acesso VALUES ('log_545_0_2', '168c1536-4c42-4b8f-8c77-f06affefec6a', 'usr_545');
INSERT INTO trabalho.log_acesso VALUES ('log_545_1_2', '168c1536-4c42-4b8f-8c77-f06affefec6a', 'usr_545');
INSERT INTO trabalho.log_acesso VALUES ('log_545_2_2', '168c1536-4c42-4b8f-8c77-f06affefec6a', 'usr_545');
INSERT INTO trabalho.log_acesso VALUES ('log_545_3_2', '168c1536-4c42-4b8f-8c77-f06affefec6a', 'usr_545');
INSERT INTO trabalho.log_acesso VALUES ('log_545_4_2', '168c1536-4c42-4b8f-8c77-f06affefec6a', 'usr_545');
INSERT INTO trabalho.log_acesso VALUES ('log_545_5_2', '168c1536-4c42-4b8f-8c77-f06affefec6a', 'usr_545');
INSERT INTO trabalho.usuario VALUES ('usr_546', '546_Oflia16@live.com', 'Ofélia Costa', 'female', 45, trabalho.hashPassword('Password123'), 'Ilhas Virgens');
INSERT INTO trabalho.usuario_esta_inscrito_no_podcast VALUES (2, 'de2f0ddb-9903-436a-a5e2-54224254c818', 'usr_546');
INSERT INTO trabalho.comentarios_podcast_usuario VALUES ('comment_546_0_0', 'Ipsa consequatur consectetur quis aperiam quibusdam dolores.', 'de2f0ddb-9903-436a-a5e2-54224254c818', 'usr_546');
INSERT INTO trabalho.comentarios_podcast_usuario VALUES ('comment_546_1_0', 'Autem consequatur inventore accusamus non est molestiae ut adipisci voluptatem.', 'de2f0ddb-9903-436a-a5e2-54224254c818', 'usr_546');
INSERT INTO trabalho.comentarios_podcast_usuario VALUES ('comment_546_2_0', 'Voluptatum id occaecati.', 'de2f0ddb-9903-436a-a5e2-54224254c818', 'usr_546');
INSERT INTO trabalho.log_acesso VALUES ('log_546_0_0', 'de2f0ddb-9903-436a-a5e2-54224254c818', 'usr_546');
INSERT INTO trabalho.log_acesso VALUES ('log_546_1_0', 'de2f0ddb-9903-436a-a5e2-54224254c818', 'usr_546');
INSERT INTO trabalho.log_acesso VALUES ('log_546_2_0', 'de2f0ddb-9903-436a-a5e2-54224254c818', 'usr_546');
INSERT INTO trabalho.log_acesso VALUES ('log_546_3_0', 'de2f0ddb-9903-436a-a5e2-54224254c818', 'usr_546');
INSERT INTO trabalho.log_acesso VALUES ('log_546_4_0', 'de2f0ddb-9903-436a-a5e2-54224254c818', 'usr_546');
INSERT INTO trabalho.log_acesso VALUES ('log_546_5_0', 'de2f0ddb-9903-436a-a5e2-54224254c818', 'usr_546');
INSERT INTO trabalho.log_acesso VALUES ('log_546_6_0', 'de2f0ddb-9903-436a-a5e2-54224254c818', 'usr_546');
INSERT INTO trabalho.log_acesso VALUES ('log_546_7_0', 'de2f0ddb-9903-436a-a5e2-54224254c818', 'usr_546');
INSERT INTO trabalho.usuario_esta_inscrito_no_podcast VALUES (3, '67074e68-bc2f-442b-8af2-7d328b6af6eb', 'usr_546');
INSERT INTO trabalho.comentarios_podcast_usuario VALUES ('comment_546_0_1', 'Molestiae officia amet incidunt quisquam impedit eaque corrupti architecto.', '67074e68-bc2f-442b-8af2-7d328b6af6eb', 'usr_546');
INSERT INTO trabalho.comentarios_podcast_usuario VALUES ('comment_546_1_1', 'Tenetur nulla nisi modi et alias et ea.', '67074e68-bc2f-442b-8af2-7d328b6af6eb', 'usr_546');
INSERT INTO trabalho.comentarios_podcast_usuario VALUES ('comment_546_2_1', 'Et et rem animi suscipit voluptatem.', '67074e68-bc2f-442b-8af2-7d328b6af6eb', 'usr_546');
INSERT INTO trabalho.comentarios_podcast_usuario VALUES ('comment_546_3_1', 'Error voluptas facere est corporis dolores.', '67074e68-bc2f-442b-8af2-7d328b6af6eb', 'usr_546');
INSERT INTO trabalho.comentarios_podcast_usuario VALUES ('comment_546_4_1', 'Eveniet ut soluta.', '67074e68-bc2f-442b-8af2-7d328b6af6eb', 'usr_546');
INSERT INTO trabalho.log_acesso VALUES ('log_546_0_1', '67074e68-bc2f-442b-8af2-7d328b6af6eb', 'usr_546');
INSERT INTO trabalho.log_acesso VALUES ('log_546_1_1', '67074e68-bc2f-442b-8af2-7d328b6af6eb', 'usr_546');
INSERT INTO trabalho.log_acesso VALUES ('log_546_2_1', '67074e68-bc2f-442b-8af2-7d328b6af6eb', 'usr_546');
INSERT INTO trabalho.usuario_esta_inscrito_no_podcast VALUES (2, 'f0166bd2-8e4d-4308-b5d7-0b3d627c5dc5', 'usr_546');
INSERT INTO trabalho.comentarios_podcast_usuario VALUES ('comment_546_0_2', 'Velit ut laudantium provident odio aut est temporibus quisquam ducimus.', 'f0166bd2-8e4d-4308-b5d7-0b3d627c5dc5', 'usr_546');
INSERT INTO trabalho.comentarios_podcast_usuario VALUES ('comment_546_1_2', 'Voluptatum et aut ducimus officia.', 'f0166bd2-8e4d-4308-b5d7-0b3d627c5dc5', 'usr_546');
INSERT INTO trabalho.log_acesso VALUES ('log_546_0_2', 'f0166bd2-8e4d-4308-b5d7-0b3d627c5dc5', 'usr_546');
INSERT INTO trabalho.usuario VALUES ('usr_547', '547_Guilherme_Reis11@live.com', 'Guilherme Reis', 'male', 21, trabalho.hashPassword('Password123'), 'Zâmbia');
INSERT INTO trabalho.usuario_esta_inscrito_no_podcast VALUES (3, 'f1b92ce7-47a7-43cd-8586-4a09185cdd05', 'usr_547');
INSERT INTO trabalho.comentarios_podcast_usuario VALUES ('comment_547_0_0', 'Nemo quasi aut vel doloremque.', 'f1b92ce7-47a7-43cd-8586-4a09185cdd05', 'usr_547');
INSERT INTO trabalho.comentarios_podcast_usuario VALUES ('comment_547_1_0', 'Nihil saepe quidem aut.', 'f1b92ce7-47a7-43cd-8586-4a09185cdd05', 'usr_547');
INSERT INTO trabalho.comentarios_podcast_usuario VALUES ('comment_547_2_0', 'Corrupti vero architecto nisi quia ab omnis suscipit.', 'f1b92ce7-47a7-43cd-8586-4a09185cdd05', 'usr_547');
INSERT INTO trabalho.log_acesso VALUES ('log_547_0_0', 'f1b92ce7-47a7-43cd-8586-4a09185cdd05', 'usr_547');
INSERT INTO trabalho.log_acesso VALUES ('log_547_1_0', 'f1b92ce7-47a7-43cd-8586-4a09185cdd05', 'usr_547');
INSERT INTO trabalho.log_acesso VALUES ('log_547_2_0', 'f1b92ce7-47a7-43cd-8586-4a09185cdd05', 'usr_547');
INSERT INTO trabalho.log_acesso VALUES ('log_547_3_0', 'f1b92ce7-47a7-43cd-8586-4a09185cdd05', 'usr_547');
INSERT INTO trabalho.log_acesso VALUES ('log_547_4_0', 'f1b92ce7-47a7-43cd-8586-4a09185cdd05', 'usr_547');
INSERT INTO trabalho.log_acesso VALUES ('log_547_5_0', 'f1b92ce7-47a7-43cd-8586-4a09185cdd05', 'usr_547');
INSERT INTO trabalho.usuario_esta_inscrito_no_podcast VALUES (1, '5bdf7377-8330-4f9f-8efd-e95301c122ce', 'usr_547');
INSERT INTO trabalho.comentarios_podcast_usuario VALUES ('comment_547_0_1', 'Ipsum quaerat et.', '5bdf7377-8330-4f9f-8efd-e95301c122ce', 'usr_547');
INSERT INTO trabalho.comentarios_podcast_usuario VALUES ('comment_547_1_1', 'Porro adipisci illum soluta numquam.', '5bdf7377-8330-4f9f-8efd-e95301c122ce', 'usr_547');
INSERT INTO trabalho.comentarios_podcast_usuario VALUES ('comment_547_2_1', 'Excepturi quam dicta corrupti aut sapiente tenetur non.', '5bdf7377-8330-4f9f-8efd-e95301c122ce', 'usr_547');
INSERT INTO trabalho.comentarios_podcast_usuario VALUES ('comment_547_3_1', 'Dolorem sunt deserunt eos quisquam.', '5bdf7377-8330-4f9f-8efd-e95301c122ce', 'usr_547');
INSERT INTO trabalho.comentarios_podcast_usuario VALUES ('comment_547_4_1', 'Similique debitis repudiandae qui itaque ut ipsam dolorem.', '5bdf7377-8330-4f9f-8efd-e95301c122ce', 'usr_547');
INSERT INTO trabalho.log_acesso VALUES ('log_547_0_1', '5bdf7377-8330-4f9f-8efd-e95301c122ce', 'usr_547');
INSERT INTO trabalho.log_acesso VALUES ('log_547_1_1', '5bdf7377-8330-4f9f-8efd-e95301c122ce', 'usr_547');
INSERT INTO trabalho.log_acesso VALUES ('log_547_2_1', '5bdf7377-8330-4f9f-8efd-e95301c122ce', 'usr_547');
INSERT INTO trabalho.log_acesso VALUES ('log_547_3_1', '5bdf7377-8330-4f9f-8efd-e95301c122ce', 'usr_547');
INSERT INTO trabalho.log_acesso VALUES ('log_547_4_1', '5bdf7377-8330-4f9f-8efd-e95301c122ce', 'usr_547');
INSERT INTO trabalho.log_acesso VALUES ('log_547_5_1', '5bdf7377-8330-4f9f-8efd-e95301c122ce', 'usr_547');
INSERT INTO trabalho.usuario_esta_inscrito_no_podcast VALUES (1, '168c1536-4c42-4b8f-8c77-f06affefec6a', 'usr_547');
INSERT INTO trabalho.comentarios_podcast_usuario VALUES ('comment_547_0_2', 'Saepe aliquam ab nam eos sunt.', '168c1536-4c42-4b8f-8c77-f06affefec6a', 'usr_547');
INSERT INTO trabalho.comentarios_podcast_usuario VALUES ('comment_547_1_2', 'Et voluptates aut repellendus.', '168c1536-4c42-4b8f-8c77-f06affefec6a', 'usr_547');
INSERT INTO trabalho.log_acesso VALUES ('log_547_0_2', '168c1536-4c42-4b8f-8c77-f06affefec6a', 'usr_547');
INSERT INTO trabalho.log_acesso VALUES ('log_547_1_2', '168c1536-4c42-4b8f-8c77-f06affefec6a', 'usr_547');
INSERT INTO trabalho.usuario VALUES ('usr_548', '548_Vitor_Santos@hotmail.com', 'Vitor Santos', 'male', 22, trabalho.hashPassword('Password123'), 'Índia');
INSERT INTO trabalho.usuario_esta_inscrito_no_podcast VALUES (5, 'fa3abe16-3645-4d22-a01d-893e6f20c408', 'usr_548');
INSERT INTO trabalho.comentarios_podcast_usuario VALUES ('comment_548_0_0', 'Nostrum a eligendi labore.', 'fa3abe16-3645-4d22-a01d-893e6f20c408', 'usr_548');
INSERT INTO trabalho.comentarios_podcast_usuario VALUES ('comment_548_1_0', 'Exercitationem maiores ut ut est et architecto expedita porro.', 'fa3abe16-3645-4d22-a01d-893e6f20c408', 'usr_548');
INSERT INTO trabalho.log_acesso VALUES ('log_548_0_0', 'fa3abe16-3645-4d22-a01d-893e6f20c408', 'usr_548');
INSERT INTO trabalho.usuario_esta_inscrito_no_podcast VALUES (3, 'bc8dac25-793c-4a96-aafc-4ea7020f4f60', 'usr_548');
INSERT INTO trabalho.comentarios_podcast_usuario VALUES ('comment_548_0_1', 'Consequatur perferendis cupiditate.', 'bc8dac25-793c-4a96-aafc-4ea7020f4f60', 'usr_548');
INSERT INTO trabalho.comentarios_podcast_usuario VALUES ('comment_548_1_1', 'In et accusantium corporis quaerat.', 'bc8dac25-793c-4a96-aafc-4ea7020f4f60', 'usr_548');
INSERT INTO trabalho.comentarios_podcast_usuario VALUES ('comment_548_2_1', 'Blanditiis dolorem unde odit tempora voluptate totam aperiam quis possimus.', 'bc8dac25-793c-4a96-aafc-4ea7020f4f60', 'usr_548');
INSERT INTO trabalho.comentarios_podcast_usuario VALUES ('comment_548_3_1', 'Eius eius deleniti et vel.', 'bc8dac25-793c-4a96-aafc-4ea7020f4f60', 'usr_548');
INSERT INTO trabalho.log_acesso VALUES ('log_548_0_1', 'bc8dac25-793c-4a96-aafc-4ea7020f4f60', 'usr_548');
INSERT INTO trabalho.log_acesso VALUES ('log_548_1_1', 'bc8dac25-793c-4a96-aafc-4ea7020f4f60', 'usr_548');
INSERT INTO trabalho.log_acesso VALUES ('log_548_2_1', 'bc8dac25-793c-4a96-aafc-4ea7020f4f60', 'usr_548');
INSERT INTO trabalho.log_acesso VALUES ('log_548_3_1', 'bc8dac25-793c-4a96-aafc-4ea7020f4f60', 'usr_548');
INSERT INTO trabalho.log_acesso VALUES ('log_548_4_1', 'bc8dac25-793c-4a96-aafc-4ea7020f4f60', 'usr_548');
INSERT INTO trabalho.usuario_esta_inscrito_no_podcast VALUES (1, 'c58b280a-56d4-4ad8-8c85-730e4ea86361', 'usr_548');
INSERT INTO trabalho.comentarios_podcast_usuario VALUES ('comment_548_0_2', 'Aut velit quaerat fugiat mollitia quis.', 'c58b280a-56d4-4ad8-8c85-730e4ea86361', 'usr_548');
INSERT INTO trabalho.log_acesso VALUES ('log_548_0_2', 'c58b280a-56d4-4ad8-8c85-730e4ea86361', 'usr_548');
INSERT INTO trabalho.usuario VALUES ('usr_549', '549_MariaClara_Macedo50@gmail.com', 'Maria Clara Macedo', 'female', 59, trabalho.hashPassword('Password123'), 'Angola');
INSERT INTO trabalho.usuario_esta_inscrito_no_podcast VALUES (1, '7e429e8e-7669-403d-bb78-3cd7f9f75afd', 'usr_549');
INSERT INTO trabalho.comentarios_podcast_usuario VALUES ('comment_549_0_0', 'Facilis voluptas quisquam.', '7e429e8e-7669-403d-bb78-3cd7f9f75afd', 'usr_549');
INSERT INTO trabalho.comentarios_podcast_usuario VALUES ('comment_549_1_0', 'A molestiae nemo rerum nihil iste minima.', '7e429e8e-7669-403d-bb78-3cd7f9f75afd', 'usr_549');
INSERT INTO trabalho.log_acesso VALUES ('log_549_0_0', '7e429e8e-7669-403d-bb78-3cd7f9f75afd', 'usr_549');
INSERT INTO trabalho.log_acesso VALUES ('log_549_1_0', '7e429e8e-7669-403d-bb78-3cd7f9f75afd', 'usr_549');
INSERT INTO trabalho.log_acesso VALUES ('log_549_2_0', '7e429e8e-7669-403d-bb78-3cd7f9f75afd', 'usr_549');
INSERT INTO trabalho.log_acesso VALUES ('log_549_3_0', '7e429e8e-7669-403d-bb78-3cd7f9f75afd', 'usr_549');
INSERT INTO trabalho.usuario_esta_inscrito_no_podcast VALUES (0, 'f1b92ce7-47a7-43cd-8586-4a09185cdd05', 'usr_549');
INSERT INTO trabalho.comentarios_podcast_usuario VALUES ('comment_549_0_1', 'Quia provident quod aut et a exercitationem vel ipsa.', 'f1b92ce7-47a7-43cd-8586-4a09185cdd05', 'usr_549');
INSERT INTO trabalho.comentarios_podcast_usuario VALUES ('comment_549_1_1', 'Sed possimus consequatur molestiae nemo non.', 'f1b92ce7-47a7-43cd-8586-4a09185cdd05', 'usr_549');
INSERT INTO trabalho.comentarios_podcast_usuario VALUES ('comment_549_2_1', 'Facere deserunt dignissimos fugiat.', 'f1b92ce7-47a7-43cd-8586-4a09185cdd05', 'usr_549');
INSERT INTO trabalho.log_acesso VALUES ('log_549_0_1', 'f1b92ce7-47a7-43cd-8586-4a09185cdd05', 'usr_549');
INSERT INTO trabalho.log_acesso VALUES ('log_549_1_1', 'f1b92ce7-47a7-43cd-8586-4a09185cdd05', 'usr_549');
INSERT INTO trabalho.log_acesso VALUES ('log_549_2_1', 'f1b92ce7-47a7-43cd-8586-4a09185cdd05', 'usr_549');
INSERT INTO trabalho.log_acesso VALUES ('log_549_3_1', 'f1b92ce7-47a7-43cd-8586-4a09185cdd05', 'usr_549');
INSERT INTO trabalho.log_acesso VALUES ('log_549_4_1', 'f1b92ce7-47a7-43cd-8586-4a09185cdd05', 'usr_549');
INSERT INTO trabalho.log_acesso VALUES ('log_549_5_1', 'f1b92ce7-47a7-43cd-8586-4a09185cdd05', 'usr_549');
INSERT INTO trabalho.usuario_esta_inscrito_no_podcast VALUES (4, 'bc8dac25-793c-4a96-aafc-4ea7020f4f60', 'usr_549');
INSERT INTO trabalho.comentarios_podcast_usuario VALUES ('comment_549_0_2', 'Numquam velit voluptas.', 'bc8dac25-793c-4a96-aafc-4ea7020f4f60', 'usr_549');
INSERT INTO trabalho.comentarios_podcast_usuario VALUES ('comment_549_1_2', 'Sit exercitationem molestiae sapiente inventore.', 'bc8dac25-793c-4a96-aafc-4ea7020f4f60', 'usr_549');
INSERT INTO trabalho.log_acesso VALUES ('log_549_0_2', 'bc8dac25-793c-4a96-aafc-4ea7020f4f60', 'usr_549');
INSERT INTO trabalho.log_acesso VALUES ('log_549_1_2', 'bc8dac25-793c-4a96-aafc-4ea7020f4f60', 'usr_549');
INSERT INTO trabalho.log_acesso VALUES ('log_549_2_2', 'bc8dac25-793c-4a96-aafc-4ea7020f4f60', 'usr_549');
INSERT INTO trabalho.log_acesso VALUES ('log_549_3_2', 'bc8dac25-793c-4a96-aafc-4ea7020f4f60', 'usr_549');
INSERT INTO trabalho.log_acesso VALUES ('log_549_4_2', 'bc8dac25-793c-4a96-aafc-4ea7020f4f60', 'usr_549');
INSERT INTO trabalho.usuario VALUES ('usr_550', '550_Mrcia66@hotmail.com', 'Mércia Franco', 'female', 26, trabalho.hashPassword('Password123'), 'Antilhas Holandesas');
INSERT INTO trabalho.usuario_esta_inscrito_no_podcast VALUES (0, 'b553d865-8fe2-47de-9a30-10e1dea3bd1d', 'usr_550');
INSERT INTO trabalho.comentarios_podcast_usuario VALUES ('comment_550_0_0', 'Animi aliquam deleniti quo aliquam quis.', 'b553d865-8fe2-47de-9a30-10e1dea3bd1d', 'usr_550');
INSERT INTO trabalho.comentarios_podcast_usuario VALUES ('comment_550_1_0', 'Nesciunt est dignissimos sint eaque et veritatis in.', 'b553d865-8fe2-47de-9a30-10e1dea3bd1d', 'usr_550');
INSERT INTO trabalho.comentarios_podcast_usuario VALUES ('comment_550_2_0', 'Quidem qui et perferendis.', 'b553d865-8fe2-47de-9a30-10e1dea3bd1d', 'usr_550');
INSERT INTO trabalho.comentarios_podcast_usuario VALUES ('comment_550_3_0', 'Neque neque at dolore.', 'b553d865-8fe2-47de-9a30-10e1dea3bd1d', 'usr_550');
INSERT INTO trabalho.comentarios_podcast_usuario VALUES ('comment_550_4_0', 'Voluptatem quis iusto dolor.', 'b553d865-8fe2-47de-9a30-10e1dea3bd1d', 'usr_550');
INSERT INTO trabalho.comentarios_podcast_usuario VALUES ('comment_550_5_0', 'Accusantium inventore tenetur quasi sint.', 'b553d865-8fe2-47de-9a30-10e1dea3bd1d', 'usr_550');
INSERT INTO trabalho.log_acesso VALUES ('log_550_0_0', 'b553d865-8fe2-47de-9a30-10e1dea3bd1d', 'usr_550');
INSERT INTO trabalho.log_acesso VALUES ('log_550_1_0', 'b553d865-8fe2-47de-9a30-10e1dea3bd1d', 'usr_550');
INSERT INTO trabalho.log_acesso VALUES ('log_550_2_0', 'b553d865-8fe2-47de-9a30-10e1dea3bd1d', 'usr_550');
INSERT INTO trabalho.log_acesso VALUES ('log_550_3_0', 'b553d865-8fe2-47de-9a30-10e1dea3bd1d', 'usr_550');
INSERT INTO trabalho.usuario_esta_inscrito_no_podcast VALUES (0, '168c1536-4c42-4b8f-8c77-f06affefec6a', 'usr_550');
INSERT INTO trabalho.comentarios_podcast_usuario VALUES ('comment_550_0_1', 'Nulla blanditiis quos ratione quisquam porro eum.', '168c1536-4c42-4b8f-8c77-f06affefec6a', 'usr_550');
INSERT INTO trabalho.log_acesso VALUES ('log_550_0_1', '168c1536-4c42-4b8f-8c77-f06affefec6a', 'usr_550');
INSERT INTO trabalho.log_acesso VALUES ('log_550_1_1', '168c1536-4c42-4b8f-8c77-f06affefec6a', 'usr_550');
INSERT INTO trabalho.log_acesso VALUES ('log_550_2_1', '168c1536-4c42-4b8f-8c77-f06affefec6a', 'usr_550');
INSERT INTO trabalho.usuario_esta_inscrito_no_podcast VALUES (5, '219328a1-cec6-4e8c-b003-52a3ec9766bb', 'usr_550');
INSERT INTO trabalho.comentarios_podcast_usuario VALUES ('comment_550_0_2', 'Possimus aut ut doloremque at explicabo hic recusandae expedita cum.', '219328a1-cec6-4e8c-b003-52a3ec9766bb', 'usr_550');
INSERT INTO trabalho.comentarios_podcast_usuario VALUES ('comment_550_1_2', 'Eum quisquam vitae repellendus quaerat assumenda et iste illo.', '219328a1-cec6-4e8c-b003-52a3ec9766bb', 'usr_550');
INSERT INTO trabalho.comentarios_podcast_usuario VALUES ('comment_550_2_2', 'Fuga quibusdam doloribus.', '219328a1-cec6-4e8c-b003-52a3ec9766bb', 'usr_550');
INSERT INTO trabalho.comentarios_podcast_usuario VALUES ('comment_550_3_2', 'Molestiae ducimus non quae voluptas.', '219328a1-cec6-4e8c-b003-52a3ec9766bb', 'usr_550');
INSERT INTO trabalho.comentarios_podcast_usuario VALUES ('comment_550_4_2', 'Recusandae voluptates qui vero iste vero.', '219328a1-cec6-4e8c-b003-52a3ec9766bb', 'usr_550');
INSERT INTO trabalho.comentarios_podcast_usuario VALUES ('comment_550_5_2', 'Facere dolores ut.', '219328a1-cec6-4e8c-b003-52a3ec9766bb', 'usr_550');
INSERT INTO trabalho.log_acesso VALUES ('log_550_0_2', '219328a1-cec6-4e8c-b003-52a3ec9766bb', 'usr_550');
INSERT INTO trabalho.log_acesso VALUES ('log_550_1_2', '219328a1-cec6-4e8c-b003-52a3ec9766bb', 'usr_550');
INSERT INTO trabalho.log_acesso VALUES ('log_550_2_2', '219328a1-cec6-4e8c-b003-52a3ec9766bb', 'usr_550');
INSERT INTO trabalho.log_acesso VALUES ('log_550_3_2', '219328a1-cec6-4e8c-b003-52a3ec9766bb', 'usr_550');
INSERT INTO trabalho.log_acesso VALUES ('log_550_4_2', '219328a1-cec6-4e8c-b003-52a3ec9766bb', 'usr_550');
INSERT INTO trabalho.usuario VALUES ('usr_551', '551_Elo_Silva52@yahoo.com', 'Eloá Silva', 'female', 1, trabalho.hashPassword('Password123'), 'Palau');
INSERT INTO trabalho.usuario_esta_inscrito_no_podcast VALUES (5, '219328a1-cec6-4e8c-b003-52a3ec9766bb', 'usr_551');
INSERT INTO trabalho.comentarios_podcast_usuario VALUES ('comment_551_0_0', 'At dignissimos doloremque cupiditate ratione et.', '219328a1-cec6-4e8c-b003-52a3ec9766bb', 'usr_551');
INSERT INTO trabalho.comentarios_podcast_usuario VALUES ('comment_551_1_0', 'Fuga quam corporis voluptatem.', '219328a1-cec6-4e8c-b003-52a3ec9766bb', 'usr_551');
INSERT INTO trabalho.comentarios_podcast_usuario VALUES ('comment_551_2_0', 'Quia dolorum qui rerum dolorem odit recusandae occaecati voluptatem.', '219328a1-cec6-4e8c-b003-52a3ec9766bb', 'usr_551');
INSERT INTO trabalho.comentarios_podcast_usuario VALUES ('comment_551_3_0', 'Dolorum repellendus corporis fugit voluptatem nisi dolores dolores nesciunt quis.', '219328a1-cec6-4e8c-b003-52a3ec9766bb', 'usr_551');
INSERT INTO trabalho.log_acesso VALUES ('log_551_0_0', '219328a1-cec6-4e8c-b003-52a3ec9766bb', 'usr_551');
INSERT INTO trabalho.log_acesso VALUES ('log_551_1_0', '219328a1-cec6-4e8c-b003-52a3ec9766bb', 'usr_551');
INSERT INTO trabalho.log_acesso VALUES ('log_551_2_0', '219328a1-cec6-4e8c-b003-52a3ec9766bb', 'usr_551');
INSERT INTO trabalho.log_acesso VALUES ('log_551_3_0', '219328a1-cec6-4e8c-b003-52a3ec9766bb', 'usr_551');
INSERT INTO trabalho.usuario_esta_inscrito_no_podcast VALUES (3, 'f8e13774-d631-4f34-93f0-2f5d55590265', 'usr_551');
INSERT INTO trabalho.comentarios_podcast_usuario VALUES ('comment_551_0_1', 'Nisi possimus aut atque exercitationem ipsam ratione ipsa voluptatum.', 'f8e13774-d631-4f34-93f0-2f5d55590265', 'usr_551');
INSERT INTO trabalho.comentarios_podcast_usuario VALUES ('comment_551_1_1', 'Dolores consequatur adipisci itaque nostrum maiores.', 'f8e13774-d631-4f34-93f0-2f5d55590265', 'usr_551');
INSERT INTO trabalho.log_acesso VALUES ('log_551_0_1', 'f8e13774-d631-4f34-93f0-2f5d55590265', 'usr_551');
INSERT INTO trabalho.log_acesso VALUES ('log_551_1_1', 'f8e13774-d631-4f34-93f0-2f5d55590265', 'usr_551');
INSERT INTO trabalho.log_acesso VALUES ('log_551_2_1', 'f8e13774-d631-4f34-93f0-2f5d55590265', 'usr_551');
INSERT INTO trabalho.log_acesso VALUES ('log_551_3_1', 'f8e13774-d631-4f34-93f0-2f5d55590265', 'usr_551');
INSERT INTO trabalho.log_acesso VALUES ('log_551_4_1', 'f8e13774-d631-4f34-93f0-2f5d55590265', 'usr_551');
INSERT INTO trabalho.usuario_esta_inscrito_no_podcast VALUES (2, 'f0166bd2-8e4d-4308-b5d7-0b3d627c5dc5', 'usr_551');
INSERT INTO trabalho.comentarios_podcast_usuario VALUES ('comment_551_0_2', 'Iste consequatur quia repellat quia sint facilis sed.', 'f0166bd2-8e4d-4308-b5d7-0b3d627c5dc5', 'usr_551');
INSERT INTO trabalho.comentarios_podcast_usuario VALUES ('comment_551_1_2', 'Dolore aut voluptas dolorem nulla.', 'f0166bd2-8e4d-4308-b5d7-0b3d627c5dc5', 'usr_551');
INSERT INTO trabalho.comentarios_podcast_usuario VALUES ('comment_551_2_2', 'Recusandae aut et velit aut aut rem aut fuga.', 'f0166bd2-8e4d-4308-b5d7-0b3d627c5dc5', 'usr_551');
INSERT INTO trabalho.comentarios_podcast_usuario VALUES ('comment_551_3_2', 'Rerum voluptatem facilis velit eos praesentium pariatur.', 'f0166bd2-8e4d-4308-b5d7-0b3d627c5dc5', 'usr_551');
INSERT INTO trabalho.log_acesso VALUES ('log_551_0_2', 'f0166bd2-8e4d-4308-b5d7-0b3d627c5dc5', 'usr_551');
INSERT INTO trabalho.log_acesso VALUES ('log_551_1_2', 'f0166bd2-8e4d-4308-b5d7-0b3d627c5dc5', 'usr_551');
INSERT INTO trabalho.usuario VALUES ('usr_552', '552_Bernardo_Costa@gmail.com', 'Bernardo Costa', 'male', 24, trabalho.hashPassword('Password123'), 'Coreia do Sul');
INSERT INTO trabalho.usuario_esta_inscrito_no_podcast VALUES (5, 'f1b92ce7-47a7-43cd-8586-4a09185cdd05', 'usr_552');
INSERT INTO trabalho.comentarios_podcast_usuario VALUES ('comment_552_0_0', 'Et aperiam magni rerum iure dolorum odio quia aliquid.', 'f1b92ce7-47a7-43cd-8586-4a09185cdd05', 'usr_552');
INSERT INTO trabalho.comentarios_podcast_usuario VALUES ('comment_552_1_0', 'Cumque dolorem at.', 'f1b92ce7-47a7-43cd-8586-4a09185cdd05', 'usr_552');
INSERT INTO trabalho.comentarios_podcast_usuario VALUES ('comment_552_2_0', 'Delectus distinctio quis.', 'f1b92ce7-47a7-43cd-8586-4a09185cdd05', 'usr_552');
INSERT INTO trabalho.log_acesso VALUES ('log_552_0_0', 'f1b92ce7-47a7-43cd-8586-4a09185cdd05', 'usr_552');
INSERT INTO trabalho.log_acesso VALUES ('log_552_1_0', 'f1b92ce7-47a7-43cd-8586-4a09185cdd05', 'usr_552');
INSERT INTO trabalho.log_acesso VALUES ('log_552_2_0', 'f1b92ce7-47a7-43cd-8586-4a09185cdd05', 'usr_552');
INSERT INTO trabalho.log_acesso VALUES ('log_552_3_0', 'f1b92ce7-47a7-43cd-8586-4a09185cdd05', 'usr_552');
INSERT INTO trabalho.usuario_esta_inscrito_no_podcast VALUES (1, 'f8e13774-d631-4f34-93f0-2f5d55590265', 'usr_552');
INSERT INTO trabalho.comentarios_podcast_usuario VALUES ('comment_552_0_1', 'Possimus ab minima sequi est aliquam est et quibusdam placeat.', 'f8e13774-d631-4f34-93f0-2f5d55590265', 'usr_552');
INSERT INTO trabalho.comentarios_podcast_usuario VALUES ('comment_552_1_1', 'Cupiditate excepturi nostrum consequatur rerum consequuntur quam.', 'f8e13774-d631-4f34-93f0-2f5d55590265', 'usr_552');
INSERT INTO trabalho.comentarios_podcast_usuario VALUES ('comment_552_2_1', 'In adipisci corrupti consequuntur.', 'f8e13774-d631-4f34-93f0-2f5d55590265', 'usr_552');
INSERT INTO trabalho.comentarios_podcast_usuario VALUES ('comment_552_3_1', 'Esse quia alias esse ut.', 'f8e13774-d631-4f34-93f0-2f5d55590265', 'usr_552');
INSERT INTO trabalho.comentarios_podcast_usuario VALUES ('comment_552_4_1', 'Suscipit cumque qui itaque.', 'f8e13774-d631-4f34-93f0-2f5d55590265', 'usr_552');
INSERT INTO trabalho.log_acesso VALUES ('log_552_0_1', 'f8e13774-d631-4f34-93f0-2f5d55590265', 'usr_552');
INSERT INTO trabalho.log_acesso VALUES ('log_552_1_1', 'f8e13774-d631-4f34-93f0-2f5d55590265', 'usr_552');
INSERT INTO trabalho.usuario_esta_inscrito_no_podcast VALUES (1, 'f0166bd2-8e4d-4308-b5d7-0b3d627c5dc5', 'usr_552');
INSERT INTO trabalho.comentarios_podcast_usuario VALUES ('comment_552_0_2', 'Sed ut voluptate sit id nemo voluptatum.', 'f0166bd2-8e4d-4308-b5d7-0b3d627c5dc5', 'usr_552');
INSERT INTO trabalho.comentarios_podcast_usuario VALUES ('comment_552_1_2', 'Deleniti accusamus reprehenderit ut voluptatibus dolorum voluptatibus consequatur.', 'f0166bd2-8e4d-4308-b5d7-0b3d627c5dc5', 'usr_552');
INSERT INTO trabalho.comentarios_podcast_usuario VALUES ('comment_552_2_2', 'Magni sint et rerum nihil sapiente officia veniam quod.', 'f0166bd2-8e4d-4308-b5d7-0b3d627c5dc5', 'usr_552');
INSERT INTO trabalho.comentarios_podcast_usuario VALUES ('comment_552_3_2', 'Cum rerum sed voluptas.', 'f0166bd2-8e4d-4308-b5d7-0b3d627c5dc5', 'usr_552');
INSERT INTO trabalho.log_acesso VALUES ('log_552_0_2', 'f0166bd2-8e4d-4308-b5d7-0b3d627c5dc5', 'usr_552');
INSERT INTO trabalho.log_acesso VALUES ('log_552_1_2', 'f0166bd2-8e4d-4308-b5d7-0b3d627c5dc5', 'usr_552');
INSERT INTO trabalho.log_acesso VALUES ('log_552_2_2', 'f0166bd2-8e4d-4308-b5d7-0b3d627c5dc5', 'usr_552');
INSERT INTO trabalho.usuario VALUES ('usr_553', '553_Jlio.Carvalho72@yahoo.com', 'Júlio Carvalho', 'male', 40, trabalho.hashPassword('Password123'), 'Bahamas');
INSERT INTO trabalho.usuario_esta_inscrito_no_podcast VALUES (5, '67074e68-bc2f-442b-8af2-7d328b6af6eb', 'usr_553');
INSERT INTO trabalho.comentarios_podcast_usuario VALUES ('comment_553_0_0', 'Eius consequatur quod rem blanditiis et ea.', '67074e68-bc2f-442b-8af2-7d328b6af6eb', 'usr_553');
INSERT INTO trabalho.comentarios_podcast_usuario VALUES ('comment_553_1_0', 'Nisi officiis unde excepturi quia eveniet quia.', '67074e68-bc2f-442b-8af2-7d328b6af6eb', 'usr_553');
INSERT INTO trabalho.log_acesso VALUES ('log_553_0_0', '67074e68-bc2f-442b-8af2-7d328b6af6eb', 'usr_553');
INSERT INTO trabalho.log_acesso VALUES ('log_553_1_0', '67074e68-bc2f-442b-8af2-7d328b6af6eb', 'usr_553');
INSERT INTO trabalho.log_acesso VALUES ('log_553_2_0', '67074e68-bc2f-442b-8af2-7d328b6af6eb', 'usr_553');
INSERT INTO trabalho.log_acesso VALUES ('log_553_3_0', '67074e68-bc2f-442b-8af2-7d328b6af6eb', 'usr_553');
INSERT INTO trabalho.usuario_esta_inscrito_no_podcast VALUES (4, 'f1b92ce7-47a7-43cd-8586-4a09185cdd05', 'usr_553');
INSERT INTO trabalho.comentarios_podcast_usuario VALUES ('comment_553_0_1', 'Laborum quia qui enim enim quod odit voluptatem.', 'f1b92ce7-47a7-43cd-8586-4a09185cdd05', 'usr_553');
INSERT INTO trabalho.comentarios_podcast_usuario VALUES ('comment_553_1_1', 'Sit nihil natus quia voluptatem cupiditate animi debitis omnis.', 'f1b92ce7-47a7-43cd-8586-4a09185cdd05', 'usr_553');
INSERT INTO trabalho.comentarios_podcast_usuario VALUES ('comment_553_2_1', 'Maxime qui est labore.', 'f1b92ce7-47a7-43cd-8586-4a09185cdd05', 'usr_553');
INSERT INTO trabalho.comentarios_podcast_usuario VALUES ('comment_553_3_1', 'Et ut vitae qui dolor in.', 'f1b92ce7-47a7-43cd-8586-4a09185cdd05', 'usr_553');
INSERT INTO trabalho.log_acesso VALUES ('log_553_0_1', 'f1b92ce7-47a7-43cd-8586-4a09185cdd05', 'usr_553');
INSERT INTO trabalho.log_acesso VALUES ('log_553_1_1', 'f1b92ce7-47a7-43cd-8586-4a09185cdd05', 'usr_553');
INSERT INTO trabalho.usuario_esta_inscrito_no_podcast VALUES (4, 'c58b280a-56d4-4ad8-8c85-730e4ea86361', 'usr_553');
INSERT INTO trabalho.comentarios_podcast_usuario VALUES ('comment_553_0_2', 'Aut et distinctio dolor saepe tenetur porro accusantium non.', 'c58b280a-56d4-4ad8-8c85-730e4ea86361', 'usr_553');
INSERT INTO trabalho.comentarios_podcast_usuario VALUES ('comment_553_1_2', 'Libero ratione magni quaerat quia temporibus neque perferendis necessitatibus tempora.', 'c58b280a-56d4-4ad8-8c85-730e4ea86361', 'usr_553');
INSERT INTO trabalho.comentarios_podcast_usuario VALUES ('comment_553_2_2', 'Nobis possimus sed laboriosam neque necessitatibus occaecati quod est.', 'c58b280a-56d4-4ad8-8c85-730e4ea86361', 'usr_553');
INSERT INTO trabalho.comentarios_podcast_usuario VALUES ('comment_553_3_2', 'Tempore non rerum ducimus sed eum.', 'c58b280a-56d4-4ad8-8c85-730e4ea86361', 'usr_553');
INSERT INTO trabalho.log_acesso VALUES ('log_553_0_2', 'c58b280a-56d4-4ad8-8c85-730e4ea86361', 'usr_553');
INSERT INTO trabalho.log_acesso VALUES ('log_553_1_2', 'c58b280a-56d4-4ad8-8c85-730e4ea86361', 'usr_553');
INSERT INTO trabalho.log_acesso VALUES ('log_553_2_2', 'c58b280a-56d4-4ad8-8c85-730e4ea86361', 'usr_553');
INSERT INTO trabalho.log_acesso VALUES ('log_553_3_2', 'c58b280a-56d4-4ad8-8c85-730e4ea86361', 'usr_553');
INSERT INTO trabalho.log_acesso VALUES ('log_553_4_2', 'c58b280a-56d4-4ad8-8c85-730e4ea86361', 'usr_553');
INSERT INTO trabalho.usuario VALUES ('usr_554', '554_Roberto_Martins49@hotmail.com', 'Roberto Martins', 'male', 49, trabalho.hashPassword('Password123'), 'Costa Rica');
INSERT INTO trabalho.usuario_esta_inscrito_no_podcast VALUES (0, 'f8e13774-d631-4f34-93f0-2f5d55590265', 'usr_554');
INSERT INTO trabalho.comentarios_podcast_usuario VALUES ('comment_554_0_0', 'Dolore adipisci ut non qui.', 'f8e13774-d631-4f34-93f0-2f5d55590265', 'usr_554');
INSERT INTO trabalho.log_acesso VALUES ('log_554_0_0', 'f8e13774-d631-4f34-93f0-2f5d55590265', 'usr_554');
INSERT INTO trabalho.log_acesso VALUES ('log_554_1_0', 'f8e13774-d631-4f34-93f0-2f5d55590265', 'usr_554');
INSERT INTO trabalho.log_acesso VALUES ('log_554_2_0', 'f8e13774-d631-4f34-93f0-2f5d55590265', 'usr_554');
INSERT INTO trabalho.log_acesso VALUES ('log_554_3_0', 'f8e13774-d631-4f34-93f0-2f5d55590265', 'usr_554');
INSERT INTO trabalho.log_acesso VALUES ('log_554_4_0', 'f8e13774-d631-4f34-93f0-2f5d55590265', 'usr_554');
INSERT INTO trabalho.usuario_esta_inscrito_no_podcast VALUES (1, 'fa3abe16-3645-4d22-a01d-893e6f20c408', 'usr_554');
INSERT INTO trabalho.comentarios_podcast_usuario VALUES ('comment_554_0_1', 'Vel rerum sunt dolor nostrum.', 'fa3abe16-3645-4d22-a01d-893e6f20c408', 'usr_554');
INSERT INTO trabalho.comentarios_podcast_usuario VALUES ('comment_554_1_1', 'Voluptate accusamus ratione alias earum amet deleniti sed.', 'fa3abe16-3645-4d22-a01d-893e6f20c408', 'usr_554');
INSERT INTO trabalho.comentarios_podcast_usuario VALUES ('comment_554_2_1', 'Soluta consequatur aut provident optio dolor repellendus molestiae aperiam explicabo.', 'fa3abe16-3645-4d22-a01d-893e6f20c408', 'usr_554');
INSERT INTO trabalho.comentarios_podcast_usuario VALUES ('comment_554_3_1', 'Nihil dolores qui ipsum ut qui.', 'fa3abe16-3645-4d22-a01d-893e6f20c408', 'usr_554');
INSERT INTO trabalho.comentarios_podcast_usuario VALUES ('comment_554_4_1', 'Aut sed ut earum rem.', 'fa3abe16-3645-4d22-a01d-893e6f20c408', 'usr_554');
INSERT INTO trabalho.log_acesso VALUES ('log_554_0_1', 'fa3abe16-3645-4d22-a01d-893e6f20c408', 'usr_554');
INSERT INTO trabalho.log_acesso VALUES ('log_554_1_1', 'fa3abe16-3645-4d22-a01d-893e6f20c408', 'usr_554');
INSERT INTO trabalho.log_acesso VALUES ('log_554_2_1', 'fa3abe16-3645-4d22-a01d-893e6f20c408', 'usr_554');
INSERT INTO trabalho.log_acesso VALUES ('log_554_3_1', 'fa3abe16-3645-4d22-a01d-893e6f20c408', 'usr_554');
INSERT INTO trabalho.usuario_esta_inscrito_no_podcast VALUES (3, 'de2f0ddb-9903-436a-a5e2-54224254c818', 'usr_554');
INSERT INTO trabalho.comentarios_podcast_usuario VALUES ('comment_554_0_2', 'Quae reiciendis excepturi vel in maxime minus.', 'de2f0ddb-9903-436a-a5e2-54224254c818', 'usr_554');
INSERT INTO trabalho.comentarios_podcast_usuario VALUES ('comment_554_1_2', 'Ex magnam officia nisi illum dolor ut blanditiis culpa dolores.', 'de2f0ddb-9903-436a-a5e2-54224254c818', 'usr_554');
INSERT INTO trabalho.log_acesso VALUES ('log_554_0_2', 'de2f0ddb-9903-436a-a5e2-54224254c818', 'usr_554');
INSERT INTO trabalho.log_acesso VALUES ('log_554_1_2', 'de2f0ddb-9903-436a-a5e2-54224254c818', 'usr_554');
INSERT INTO trabalho.usuario VALUES ('usr_555', '555_MariaHelena.Pereira4@bol.com.br', 'Maria Helena Pereira', 'female', 28, trabalho.hashPassword('Password123'), 'Camarões');
INSERT INTO trabalho.usuario_esta_inscrito_no_podcast VALUES (3, 'c58b280a-56d4-4ad8-8c85-730e4ea86361', 'usr_555');
INSERT INTO trabalho.comentarios_podcast_usuario VALUES ('comment_555_0_0', 'Maxime cumque ducimus vitae delectus eveniet est maiores.', 'c58b280a-56d4-4ad8-8c85-730e4ea86361', 'usr_555');
INSERT INTO trabalho.comentarios_podcast_usuario VALUES ('comment_555_1_0', 'Nemo dolor veritatis ducimus laudantium odio laudantium voluptate sed.', 'c58b280a-56d4-4ad8-8c85-730e4ea86361', 'usr_555');
INSERT INTO trabalho.log_acesso VALUES ('log_555_0_0', 'c58b280a-56d4-4ad8-8c85-730e4ea86361', 'usr_555');
INSERT INTO trabalho.log_acesso VALUES ('log_555_1_0', 'c58b280a-56d4-4ad8-8c85-730e4ea86361', 'usr_555');
INSERT INTO trabalho.log_acesso VALUES ('log_555_2_0', 'c58b280a-56d4-4ad8-8c85-730e4ea86361', 'usr_555');
INSERT INTO trabalho.log_acesso VALUES ('log_555_3_0', 'c58b280a-56d4-4ad8-8c85-730e4ea86361', 'usr_555');
INSERT INTO trabalho.log_acesso VALUES ('log_555_4_0', 'c58b280a-56d4-4ad8-8c85-730e4ea86361', 'usr_555');
INSERT INTO trabalho.usuario_esta_inscrito_no_podcast VALUES (1, '5bdf7377-8330-4f9f-8efd-e95301c122ce', 'usr_555');
INSERT INTO trabalho.comentarios_podcast_usuario VALUES ('comment_555_0_1', 'Officiis sit sequi voluptatem est aut veritatis totam rerum.', '5bdf7377-8330-4f9f-8efd-e95301c122ce', 'usr_555');
INSERT INTO trabalho.comentarios_podcast_usuario VALUES ('comment_555_1_1', 'Debitis reprehenderit voluptatem provident.', '5bdf7377-8330-4f9f-8efd-e95301c122ce', 'usr_555');
INSERT INTO trabalho.comentarios_podcast_usuario VALUES ('comment_555_2_1', 'Distinctio ut aliquid sunt expedita saepe eius.', '5bdf7377-8330-4f9f-8efd-e95301c122ce', 'usr_555');
INSERT INTO trabalho.comentarios_podcast_usuario VALUES ('comment_555_3_1', 'Porro voluptates nam rerum.', '5bdf7377-8330-4f9f-8efd-e95301c122ce', 'usr_555');
INSERT INTO trabalho.comentarios_podcast_usuario VALUES ('comment_555_4_1', 'Quia magni in voluptatem non ipsam voluptatem non consequatur quo.', '5bdf7377-8330-4f9f-8efd-e95301c122ce', 'usr_555');
INSERT INTO trabalho.log_acesso VALUES ('log_555_0_1', '5bdf7377-8330-4f9f-8efd-e95301c122ce', 'usr_555');
INSERT INTO trabalho.log_acesso VALUES ('log_555_1_1', '5bdf7377-8330-4f9f-8efd-e95301c122ce', 'usr_555');
INSERT INTO trabalho.log_acesso VALUES ('log_555_2_1', '5bdf7377-8330-4f9f-8efd-e95301c122ce', 'usr_555');
INSERT INTO trabalho.log_acesso VALUES ('log_555_3_1', '5bdf7377-8330-4f9f-8efd-e95301c122ce', 'usr_555');
INSERT INTO trabalho.usuario_esta_inscrito_no_podcast VALUES (2, 'fa3abe16-3645-4d22-a01d-893e6f20c408', 'usr_555');
INSERT INTO trabalho.comentarios_podcast_usuario VALUES ('comment_555_0_2', 'Porro et odit est beatae sint nihil in omnis accusamus.', 'fa3abe16-3645-4d22-a01d-893e6f20c408', 'usr_555');
INSERT INTO trabalho.log_acesso VALUES ('log_555_0_2', 'fa3abe16-3645-4d22-a01d-893e6f20c408', 'usr_555');
INSERT INTO trabalho.log_acesso VALUES ('log_555_1_2', 'fa3abe16-3645-4d22-a01d-893e6f20c408', 'usr_555');
INSERT INTO trabalho.usuario VALUES ('usr_556', '556_Clara88@hotmail.com', 'Clara Santos', 'female', 6, trabalho.hashPassword('Password123'), 'Togo');
INSERT INTO trabalho.usuario_esta_inscrito_no_podcast VALUES (2, '67074e68-bc2f-442b-8af2-7d328b6af6eb', 'usr_556');
INSERT INTO trabalho.comentarios_podcast_usuario VALUES ('comment_556_0_0', 'Ut blanditiis enim ut qui natus id commodi.', '67074e68-bc2f-442b-8af2-7d328b6af6eb', 'usr_556');
INSERT INTO trabalho.comentarios_podcast_usuario VALUES ('comment_556_1_0', 'Facilis repellat voluptatem.', '67074e68-bc2f-442b-8af2-7d328b6af6eb', 'usr_556');
INSERT INTO trabalho.comentarios_podcast_usuario VALUES ('comment_556_2_0', 'Dolorem ipsum neque iusto repellat est vero accusantium maiores iusto.', '67074e68-bc2f-442b-8af2-7d328b6af6eb', 'usr_556');
INSERT INTO trabalho.log_acesso VALUES ('log_556_0_0', '67074e68-bc2f-442b-8af2-7d328b6af6eb', 'usr_556');
INSERT INTO trabalho.log_acesso VALUES ('log_556_1_0', '67074e68-bc2f-442b-8af2-7d328b6af6eb', 'usr_556');
INSERT INTO trabalho.log_acesso VALUES ('log_556_2_0', '67074e68-bc2f-442b-8af2-7d328b6af6eb', 'usr_556');
INSERT INTO trabalho.usuario_esta_inscrito_no_podcast VALUES (1, 'bc8dac25-793c-4a96-aafc-4ea7020f4f60', 'usr_556');
INSERT INTO trabalho.comentarios_podcast_usuario VALUES ('comment_556_0_1', 'Quis asperiores laborum nesciunt.', 'bc8dac25-793c-4a96-aafc-4ea7020f4f60', 'usr_556');
INSERT INTO trabalho.comentarios_podcast_usuario VALUES ('comment_556_1_1', 'Est accusamus veniam.', 'bc8dac25-793c-4a96-aafc-4ea7020f4f60', 'usr_556');
INSERT INTO trabalho.log_acesso VALUES ('log_556_0_1', 'bc8dac25-793c-4a96-aafc-4ea7020f4f60', 'usr_556');
INSERT INTO trabalho.log_acesso VALUES ('log_556_1_1', 'bc8dac25-793c-4a96-aafc-4ea7020f4f60', 'usr_556');
INSERT INTO trabalho.log_acesso VALUES ('log_556_2_1', 'bc8dac25-793c-4a96-aafc-4ea7020f4f60', 'usr_556');
INSERT INTO trabalho.log_acesso VALUES ('log_556_3_1', 'bc8dac25-793c-4a96-aafc-4ea7020f4f60', 'usr_556');
INSERT INTO trabalho.log_acesso VALUES ('log_556_4_1', 'bc8dac25-793c-4a96-aafc-4ea7020f4f60', 'usr_556');
INSERT INTO trabalho.usuario_esta_inscrito_no_podcast VALUES (4, '168c1536-4c42-4b8f-8c77-f06affefec6a', 'usr_556');
INSERT INTO trabalho.comentarios_podcast_usuario VALUES ('comment_556_0_2', 'Ut est dolorum atque soluta.', '168c1536-4c42-4b8f-8c77-f06affefec6a', 'usr_556');
INSERT INTO trabalho.comentarios_podcast_usuario VALUES ('comment_556_1_2', 'Quo est vitae ipsum voluptas.', '168c1536-4c42-4b8f-8c77-f06affefec6a', 'usr_556');
INSERT INTO trabalho.comentarios_podcast_usuario VALUES ('comment_556_2_2', 'Repellendus ea neque non quod repellat assumenda.', '168c1536-4c42-4b8f-8c77-f06affefec6a', 'usr_556');
INSERT INTO trabalho.comentarios_podcast_usuario VALUES ('comment_556_3_2', 'Culpa autem rerum deserunt.', '168c1536-4c42-4b8f-8c77-f06affefec6a', 'usr_556');
INSERT INTO trabalho.comentarios_podcast_usuario VALUES ('comment_556_4_2', 'Corrupti dicta dolores sed ipsum quo non amet expedita.', '168c1536-4c42-4b8f-8c77-f06affefec6a', 'usr_556');
INSERT INTO trabalho.comentarios_podcast_usuario VALUES ('comment_556_5_2', 'Sint quaerat magni unde nemo recusandae.', '168c1536-4c42-4b8f-8c77-f06affefec6a', 'usr_556');
INSERT INTO trabalho.log_acesso VALUES ('log_556_0_2', '168c1536-4c42-4b8f-8c77-f06affefec6a', 'usr_556');
INSERT INTO trabalho.log_acesso VALUES ('log_556_1_2', '168c1536-4c42-4b8f-8c77-f06affefec6a', 'usr_556');
INSERT INTO trabalho.log_acesso VALUES ('log_556_2_2', '168c1536-4c42-4b8f-8c77-f06affefec6a', 'usr_556');
INSERT INTO trabalho.log_acesso VALUES ('log_556_3_2', '168c1536-4c42-4b8f-8c77-f06affefec6a', 'usr_556');
INSERT INTO trabalho.usuario VALUES ('usr_557', '557_Matheus_Oliveira73@live.com', 'Matheus Oliveira', 'male', 43, trabalho.hashPassword('Password123'), 'São Pedro e Miquelão');
INSERT INTO trabalho.usuario_esta_inscrito_no_podcast VALUES (4, 'f0166bd2-8e4d-4308-b5d7-0b3d627c5dc5', 'usr_557');
INSERT INTO trabalho.comentarios_podcast_usuario VALUES ('comment_557_0_0', 'Necessitatibus neque autem in est.', 'f0166bd2-8e4d-4308-b5d7-0b3d627c5dc5', 'usr_557');
INSERT INTO trabalho.comentarios_podcast_usuario VALUES ('comment_557_1_0', 'Earum reiciendis cum odit perferendis maxime.', 'f0166bd2-8e4d-4308-b5d7-0b3d627c5dc5', 'usr_557');
INSERT INTO trabalho.comentarios_podcast_usuario VALUES ('comment_557_2_0', 'Laudantium blanditiis aliquid natus animi rerum incidunt ea hic et.', 'f0166bd2-8e4d-4308-b5d7-0b3d627c5dc5', 'usr_557');
INSERT INTO trabalho.comentarios_podcast_usuario VALUES ('comment_557_3_0', 'Non sequi soluta odit commodi.', 'f0166bd2-8e4d-4308-b5d7-0b3d627c5dc5', 'usr_557');
INSERT INTO trabalho.comentarios_podcast_usuario VALUES ('comment_557_4_0', 'Et in odio enim autem sint quae.', 'f0166bd2-8e4d-4308-b5d7-0b3d627c5dc5', 'usr_557');
INSERT INTO trabalho.log_acesso VALUES ('log_557_0_0', 'f0166bd2-8e4d-4308-b5d7-0b3d627c5dc5', 'usr_557');
INSERT INTO trabalho.log_acesso VALUES ('log_557_1_0', 'f0166bd2-8e4d-4308-b5d7-0b3d627c5dc5', 'usr_557');
INSERT INTO trabalho.log_acesso VALUES ('log_557_2_0', 'f0166bd2-8e4d-4308-b5d7-0b3d627c5dc5', 'usr_557');
INSERT INTO trabalho.usuario_esta_inscrito_no_podcast VALUES (1, 'af46a958-b921-47b6-9f87-5c4fdc68ea79', 'usr_557');
INSERT INTO trabalho.comentarios_podcast_usuario VALUES ('comment_557_0_1', 'Minima quia itaque adipisci occaecati consequatur quis rem nesciunt nobis.', 'af46a958-b921-47b6-9f87-5c4fdc68ea79', 'usr_557');
INSERT INTO trabalho.comentarios_podcast_usuario VALUES ('comment_557_1_1', 'Temporibus pariatur a ducimus quia.', 'af46a958-b921-47b6-9f87-5c4fdc68ea79', 'usr_557');
INSERT INTO trabalho.comentarios_podcast_usuario VALUES ('comment_557_2_1', 'Excepturi maiores sunt animi nulla et qui autem.', 'af46a958-b921-47b6-9f87-5c4fdc68ea79', 'usr_557');
INSERT INTO trabalho.comentarios_podcast_usuario VALUES ('comment_557_3_1', 'Facilis qui id accusantium soluta qui impedit.', 'af46a958-b921-47b6-9f87-5c4fdc68ea79', 'usr_557');
INSERT INTO trabalho.comentarios_podcast_usuario VALUES ('comment_557_4_1', 'Rerum tempore est optio.', 'af46a958-b921-47b6-9f87-5c4fdc68ea79', 'usr_557');
INSERT INTO trabalho.log_acesso VALUES ('log_557_0_1', 'af46a958-b921-47b6-9f87-5c4fdc68ea79', 'usr_557');
INSERT INTO trabalho.log_acesso VALUES ('log_557_1_1', 'af46a958-b921-47b6-9f87-5c4fdc68ea79', 'usr_557');
INSERT INTO trabalho.usuario_esta_inscrito_no_podcast VALUES (2, '67074e68-bc2f-442b-8af2-7d328b6af6eb', 'usr_557');
INSERT INTO trabalho.comentarios_podcast_usuario VALUES ('comment_557_0_2', 'In iure enim non.', '67074e68-bc2f-442b-8af2-7d328b6af6eb', 'usr_557');
INSERT INTO trabalho.comentarios_podcast_usuario VALUES ('comment_557_1_2', 'Sit quis voluptas voluptas.', '67074e68-bc2f-442b-8af2-7d328b6af6eb', 'usr_557');
INSERT INTO trabalho.log_acesso VALUES ('log_557_0_2', '67074e68-bc2f-442b-8af2-7d328b6af6eb', 'usr_557');
INSERT INTO trabalho.log_acesso VALUES ('log_557_1_2', '67074e68-bc2f-442b-8af2-7d328b6af6eb', 'usr_557');
INSERT INTO trabalho.log_acesso VALUES ('log_557_2_2', '67074e68-bc2f-442b-8af2-7d328b6af6eb', 'usr_557');
INSERT INTO trabalho.usuario VALUES ('usr_558', '558_Jlio.Nogueira28@live.com', 'Júlio Nogueira', 'male', 8, trabalho.hashPassword('Password123'), 'Território da Palestina');
INSERT INTO trabalho.usuario_esta_inscrito_no_podcast VALUES (4, '5bdf7377-8330-4f9f-8efd-e95301c122ce', 'usr_558');
INSERT INTO trabalho.comentarios_podcast_usuario VALUES ('comment_558_0_0', 'Magni eligendi quidem nihil eius fugiat dolores.', '5bdf7377-8330-4f9f-8efd-e95301c122ce', 'usr_558');
INSERT INTO trabalho.comentarios_podcast_usuario VALUES ('comment_558_1_0', 'Aut mollitia et consequuntur eius eum doloribus.', '5bdf7377-8330-4f9f-8efd-e95301c122ce', 'usr_558');
INSERT INTO trabalho.comentarios_podcast_usuario VALUES ('comment_558_2_0', 'Alias quis delectus placeat temporibus atque voluptate non.', '5bdf7377-8330-4f9f-8efd-e95301c122ce', 'usr_558');
INSERT INTO trabalho.log_acesso VALUES ('log_558_0_0', '5bdf7377-8330-4f9f-8efd-e95301c122ce', 'usr_558');
INSERT INTO trabalho.log_acesso VALUES ('log_558_1_0', '5bdf7377-8330-4f9f-8efd-e95301c122ce', 'usr_558');
INSERT INTO trabalho.log_acesso VALUES ('log_558_2_0', '5bdf7377-8330-4f9f-8efd-e95301c122ce', 'usr_558');
INSERT INTO trabalho.usuario_esta_inscrito_no_podcast VALUES (3, 'fa3abe16-3645-4d22-a01d-893e6f20c408', 'usr_558');
INSERT INTO trabalho.comentarios_podcast_usuario VALUES ('comment_558_0_1', 'Ut nobis quisquam voluptatem quas ipsam est sit.', 'fa3abe16-3645-4d22-a01d-893e6f20c408', 'usr_558');
INSERT INTO trabalho.comentarios_podcast_usuario VALUES ('comment_558_1_1', 'Est qui vel voluptatum ut qui sequi voluptatum.', 'fa3abe16-3645-4d22-a01d-893e6f20c408', 'usr_558');
INSERT INTO trabalho.comentarios_podcast_usuario VALUES ('comment_558_2_1', 'Ut perspiciatis rerum voluptas quisquam ut voluptas quod aut incidunt.', 'fa3abe16-3645-4d22-a01d-893e6f20c408', 'usr_558');
INSERT INTO trabalho.comentarios_podcast_usuario VALUES ('comment_558_3_1', 'Consectetur nesciunt id quod aut nihil laborum officia.', 'fa3abe16-3645-4d22-a01d-893e6f20c408', 'usr_558');
INSERT INTO trabalho.log_acesso VALUES ('log_558_0_1', 'fa3abe16-3645-4d22-a01d-893e6f20c408', 'usr_558');
INSERT INTO trabalho.usuario_esta_inscrito_no_podcast VALUES (0, 'bc8dac25-793c-4a96-aafc-4ea7020f4f60', 'usr_558');
INSERT INTO trabalho.comentarios_podcast_usuario VALUES ('comment_558_0_2', 'Repellendus quo consequatur dolores ut consequatur voluptas atque excepturi incidunt.', 'bc8dac25-793c-4a96-aafc-4ea7020f4f60', 'usr_558');
INSERT INTO trabalho.comentarios_podcast_usuario VALUES ('comment_558_1_2', 'Corporis fuga vel corrupti ex iure distinctio.', 'bc8dac25-793c-4a96-aafc-4ea7020f4f60', 'usr_558');
INSERT INTO trabalho.comentarios_podcast_usuario VALUES ('comment_558_2_2', 'Velit vitae sequi voluptate a et accusantium.', 'bc8dac25-793c-4a96-aafc-4ea7020f4f60', 'usr_558');
INSERT INTO trabalho.comentarios_podcast_usuario VALUES ('comment_558_3_2', 'Temporibus quis provident sequi voluptatem quo atque eum.', 'bc8dac25-793c-4a96-aafc-4ea7020f4f60', 'usr_558');
INSERT INTO trabalho.log_acesso VALUES ('log_558_0_2', 'bc8dac25-793c-4a96-aafc-4ea7020f4f60', 'usr_558');
INSERT INTO trabalho.log_acesso VALUES ('log_558_1_2', 'bc8dac25-793c-4a96-aafc-4ea7020f4f60', 'usr_558');
INSERT INTO trabalho.log_acesso VALUES ('log_558_2_2', 'bc8dac25-793c-4a96-aafc-4ea7020f4f60', 'usr_558');
INSERT INTO trabalho.log_acesso VALUES ('log_558_3_2', 'bc8dac25-793c-4a96-aafc-4ea7020f4f60', 'usr_558');
INSERT INTO trabalho.log_acesso VALUES ('log_558_4_2', 'bc8dac25-793c-4a96-aafc-4ea7020f4f60', 'usr_558');
INSERT INTO trabalho.log_acesso VALUES ('log_558_5_2', 'bc8dac25-793c-4a96-aafc-4ea7020f4f60', 'usr_558');
INSERT INTO trabalho.usuario VALUES ('usr_559', '559_Marcela69@yahoo.com', 'Marcela Santos', 'female', 50, trabalho.hashPassword('Password123'), 'Eritreia');
INSERT INTO trabalho.usuario_esta_inscrito_no_podcast VALUES (1, 'c58b280a-56d4-4ad8-8c85-730e4ea86361', 'usr_559');
INSERT INTO trabalho.comentarios_podcast_usuario VALUES ('comment_559_0_0', 'Nihil qui et dicta exercitationem ducimus cum delectus totam.', 'c58b280a-56d4-4ad8-8c85-730e4ea86361', 'usr_559');
INSERT INTO trabalho.log_acesso VALUES ('log_559_0_0', 'c58b280a-56d4-4ad8-8c85-730e4ea86361', 'usr_559');
INSERT INTO trabalho.log_acesso VALUES ('log_559_1_0', 'c58b280a-56d4-4ad8-8c85-730e4ea86361', 'usr_559');
INSERT INTO trabalho.log_acesso VALUES ('log_559_2_0', 'c58b280a-56d4-4ad8-8c85-730e4ea86361', 'usr_559');
INSERT INTO trabalho.log_acesso VALUES ('log_559_3_0', 'c58b280a-56d4-4ad8-8c85-730e4ea86361', 'usr_559');
INSERT INTO trabalho.usuario_esta_inscrito_no_podcast VALUES (5, 'bc8dac25-793c-4a96-aafc-4ea7020f4f60', 'usr_559');
INSERT INTO trabalho.comentarios_podcast_usuario VALUES ('comment_559_0_1', 'Dicta doloribus deserunt commodi nihil voluptas soluta.', 'bc8dac25-793c-4a96-aafc-4ea7020f4f60', 'usr_559');
INSERT INTO trabalho.comentarios_podcast_usuario VALUES ('comment_559_1_1', 'Doloribus asperiores porro consequatur.', 'bc8dac25-793c-4a96-aafc-4ea7020f4f60', 'usr_559');
INSERT INTO trabalho.comentarios_podcast_usuario VALUES ('comment_559_2_1', 'Modi dignissimos earum hic ipsa distinctio omnis nemo et beatae.', 'bc8dac25-793c-4a96-aafc-4ea7020f4f60', 'usr_559');
INSERT INTO trabalho.comentarios_podcast_usuario VALUES ('comment_559_3_1', 'Id deserunt repellendus mollitia quidem similique quo occaecati cupiditate.', 'bc8dac25-793c-4a96-aafc-4ea7020f4f60', 'usr_559');
INSERT INTO trabalho.log_acesso VALUES ('log_559_0_1', 'bc8dac25-793c-4a96-aafc-4ea7020f4f60', 'usr_559');
INSERT INTO trabalho.log_acesso VALUES ('log_559_1_1', 'bc8dac25-793c-4a96-aafc-4ea7020f4f60', 'usr_559');
INSERT INTO trabalho.log_acesso VALUES ('log_559_2_1', 'bc8dac25-793c-4a96-aafc-4ea7020f4f60', 'usr_559');
INSERT INTO trabalho.usuario_esta_inscrito_no_podcast VALUES (3, '219328a1-cec6-4e8c-b003-52a3ec9766bb', 'usr_559');
INSERT INTO trabalho.comentarios_podcast_usuario VALUES ('comment_559_0_2', 'Illum facere quaerat dolore qui.', '219328a1-cec6-4e8c-b003-52a3ec9766bb', 'usr_559');
INSERT INTO trabalho.comentarios_podcast_usuario VALUES ('comment_559_1_2', 'Iusto voluptatum eius quia aut sint quia fugit nihil.', '219328a1-cec6-4e8c-b003-52a3ec9766bb', 'usr_559');
INSERT INTO trabalho.log_acesso VALUES ('log_559_0_2', '219328a1-cec6-4e8c-b003-52a3ec9766bb', 'usr_559');
INSERT INTO trabalho.log_acesso VALUES ('log_559_1_2', '219328a1-cec6-4e8c-b003-52a3ec9766bb', 'usr_559');
INSERT INTO trabalho.log_acesso VALUES ('log_559_2_2', '219328a1-cec6-4e8c-b003-52a3ec9766bb', 'usr_559');
INSERT INTO trabalho.usuario VALUES ('usr_560', '560_AnaClara_Carvalho@gmail.com', 'Ana Clara Carvalho', 'female', 47, trabalho.hashPassword('Password123'), 'Butão');
INSERT INTO trabalho.usuario_esta_inscrito_no_podcast VALUES (3, 'f1b92ce7-47a7-43cd-8586-4a09185cdd05', 'usr_560');
INSERT INTO trabalho.comentarios_podcast_usuario VALUES ('comment_560_0_0', 'Sit mollitia accusantium est qui accusamus voluptas repellat.', 'f1b92ce7-47a7-43cd-8586-4a09185cdd05', 'usr_560');
INSERT INTO trabalho.comentarios_podcast_usuario VALUES ('comment_560_1_0', 'Cum qui ut.', 'f1b92ce7-47a7-43cd-8586-4a09185cdd05', 'usr_560');
INSERT INTO trabalho.log_acesso VALUES ('log_560_0_0', 'f1b92ce7-47a7-43cd-8586-4a09185cdd05', 'usr_560');
INSERT INTO trabalho.usuario_esta_inscrito_no_podcast VALUES (1, 'af46a958-b921-47b6-9f87-5c4fdc68ea79', 'usr_560');
INSERT INTO trabalho.comentarios_podcast_usuario VALUES ('comment_560_0_1', 'Repellat sunt sed reprehenderit distinctio temporibus in repellat.', 'af46a958-b921-47b6-9f87-5c4fdc68ea79', 'usr_560');
INSERT INTO trabalho.comentarios_podcast_usuario VALUES ('comment_560_1_1', 'Temporibus rerum incidunt.', 'af46a958-b921-47b6-9f87-5c4fdc68ea79', 'usr_560');
INSERT INTO trabalho.comentarios_podcast_usuario VALUES ('comment_560_2_1', 'Minima ad repudiandae.', 'af46a958-b921-47b6-9f87-5c4fdc68ea79', 'usr_560');
INSERT INTO trabalho.log_acesso VALUES ('log_560_0_1', 'af46a958-b921-47b6-9f87-5c4fdc68ea79', 'usr_560');
INSERT INTO trabalho.log_acesso VALUES ('log_560_1_1', 'af46a958-b921-47b6-9f87-5c4fdc68ea79', 'usr_560');
INSERT INTO trabalho.log_acesso VALUES ('log_560_2_1', 'af46a958-b921-47b6-9f87-5c4fdc68ea79', 'usr_560');
INSERT INTO trabalho.log_acesso VALUES ('log_560_3_1', 'af46a958-b921-47b6-9f87-5c4fdc68ea79', 'usr_560');
INSERT INTO trabalho.usuario_esta_inscrito_no_podcast VALUES (1, 'fa3abe16-3645-4d22-a01d-893e6f20c408', 'usr_560');
INSERT INTO trabalho.comentarios_podcast_usuario VALUES ('comment_560_0_2', 'Aut atque qui qui recusandae rerum.', 'fa3abe16-3645-4d22-a01d-893e6f20c408', 'usr_560');
INSERT INTO trabalho.log_acesso VALUES ('log_560_0_2', 'fa3abe16-3645-4d22-a01d-893e6f20c408', 'usr_560');
INSERT INTO trabalho.usuario VALUES ('usr_561', '561_Esther.Moreira@live.com', 'Esther Moreira', 'female', 56, trabalho.hashPassword('Password123'), 'El Salvador');
INSERT INTO trabalho.usuario_esta_inscrito_no_podcast VALUES (4, 'f8e13774-d631-4f34-93f0-2f5d55590265', 'usr_561');
INSERT INTO trabalho.comentarios_podcast_usuario VALUES ('comment_561_0_0', 'Et dolorum maxime qui.', 'f8e13774-d631-4f34-93f0-2f5d55590265', 'usr_561');
INSERT INTO trabalho.comentarios_podcast_usuario VALUES ('comment_561_1_0', 'Totam odit non ut inventore.', 'f8e13774-d631-4f34-93f0-2f5d55590265', 'usr_561');
INSERT INTO trabalho.comentarios_podcast_usuario VALUES ('comment_561_2_0', 'In labore doloribus laborum et laudantium ipsam et sint praesentium.', 'f8e13774-d631-4f34-93f0-2f5d55590265', 'usr_561');
INSERT INTO trabalho.log_acesso VALUES ('log_561_0_0', 'f8e13774-d631-4f34-93f0-2f5d55590265', 'usr_561');
INSERT INTO trabalho.log_acesso VALUES ('log_561_1_0', 'f8e13774-d631-4f34-93f0-2f5d55590265', 'usr_561');
INSERT INTO trabalho.usuario_esta_inscrito_no_podcast VALUES (4, 'c58b280a-56d4-4ad8-8c85-730e4ea86361', 'usr_561');
INSERT INTO trabalho.comentarios_podcast_usuario VALUES ('comment_561_0_1', 'Distinctio adipisci modi enim sunt magni modi.', 'c58b280a-56d4-4ad8-8c85-730e4ea86361', 'usr_561');
INSERT INTO trabalho.comentarios_podcast_usuario VALUES ('comment_561_1_1', 'Blanditiis sint unde.', 'c58b280a-56d4-4ad8-8c85-730e4ea86361', 'usr_561');
INSERT INTO trabalho.comentarios_podcast_usuario VALUES ('comment_561_2_1', 'Esse minus velit asperiores nulla consequuntur.', 'c58b280a-56d4-4ad8-8c85-730e4ea86361', 'usr_561');
INSERT INTO trabalho.log_acesso VALUES ('log_561_0_1', 'c58b280a-56d4-4ad8-8c85-730e4ea86361', 'usr_561');
INSERT INTO trabalho.log_acesso VALUES ('log_561_1_1', 'c58b280a-56d4-4ad8-8c85-730e4ea86361', 'usr_561');
INSERT INTO trabalho.usuario_esta_inscrito_no_podcast VALUES (5, '67074e68-bc2f-442b-8af2-7d328b6af6eb', 'usr_561');
INSERT INTO trabalho.comentarios_podcast_usuario VALUES ('comment_561_0_2', 'Id adipisci omnis qui aut.', '67074e68-bc2f-442b-8af2-7d328b6af6eb', 'usr_561');
INSERT INTO trabalho.comentarios_podcast_usuario VALUES ('comment_561_1_2', 'Mollitia deleniti recusandae modi reiciendis consequatur pariatur earum dicta.', '67074e68-bc2f-442b-8af2-7d328b6af6eb', 'usr_561');
INSERT INTO trabalho.comentarios_podcast_usuario VALUES ('comment_561_2_2', 'Et atque vel.', '67074e68-bc2f-442b-8af2-7d328b6af6eb', 'usr_561');
INSERT INTO trabalho.comentarios_podcast_usuario VALUES ('comment_561_3_2', 'Nostrum velit et.', '67074e68-bc2f-442b-8af2-7d328b6af6eb', 'usr_561');
INSERT INTO trabalho.comentarios_podcast_usuario VALUES ('comment_561_4_2', 'Qui non impedit eos.', '67074e68-bc2f-442b-8af2-7d328b6af6eb', 'usr_561');
INSERT INTO trabalho.log_acesso VALUES ('log_561_0_2', '67074e68-bc2f-442b-8af2-7d328b6af6eb', 'usr_561');
INSERT INTO trabalho.log_acesso VALUES ('log_561_1_2', '67074e68-bc2f-442b-8af2-7d328b6af6eb', 'usr_561');
INSERT INTO trabalho.log_acesso VALUES ('log_561_2_2', '67074e68-bc2f-442b-8af2-7d328b6af6eb', 'usr_561');
INSERT INTO trabalho.usuario VALUES ('usr_562', '562_gor3@bol.com.br', 'Ígor Santos', 'male', 18, trabalho.hashPassword('Password123'), 'Uganda');
INSERT INTO trabalho.usuario_esta_inscrito_no_podcast VALUES (3, 'b553d865-8fe2-47de-9a30-10e1dea3bd1d', 'usr_562');
INSERT INTO trabalho.comentarios_podcast_usuario VALUES ('comment_562_0_0', 'Dolores quo labore incidunt voluptas.', 'b553d865-8fe2-47de-9a30-10e1dea3bd1d', 'usr_562');
INSERT INTO trabalho.log_acesso VALUES ('log_562_0_0', 'b553d865-8fe2-47de-9a30-10e1dea3bd1d', 'usr_562');
INSERT INTO trabalho.usuario_esta_inscrito_no_podcast VALUES (2, '168c1536-4c42-4b8f-8c77-f06affefec6a', 'usr_562');
INSERT INTO trabalho.comentarios_podcast_usuario VALUES ('comment_562_0_1', 'Ipsum dignissimos autem ex nesciunt omnis sint.', '168c1536-4c42-4b8f-8c77-f06affefec6a', 'usr_562');
INSERT INTO trabalho.comentarios_podcast_usuario VALUES ('comment_562_1_1', 'Neque dolor vero voluptas magni magnam qui.', '168c1536-4c42-4b8f-8c77-f06affefec6a', 'usr_562');
INSERT INTO trabalho.comentarios_podcast_usuario VALUES ('comment_562_2_1', 'Laudantium consectetur sed totam deserunt consectetur in sit.', '168c1536-4c42-4b8f-8c77-f06affefec6a', 'usr_562');
INSERT INTO trabalho.comentarios_podcast_usuario VALUES ('comment_562_3_1', 'Delectus doloremque sit aut cum.', '168c1536-4c42-4b8f-8c77-f06affefec6a', 'usr_562');
INSERT INTO trabalho.comentarios_podcast_usuario VALUES ('comment_562_4_1', 'Voluptatem quasi in deleniti.', '168c1536-4c42-4b8f-8c77-f06affefec6a', 'usr_562');
INSERT INTO trabalho.log_acesso VALUES ('log_562_0_1', '168c1536-4c42-4b8f-8c77-f06affefec6a', 'usr_562');
INSERT INTO trabalho.log_acesso VALUES ('log_562_1_1', '168c1536-4c42-4b8f-8c77-f06affefec6a', 'usr_562');
INSERT INTO trabalho.log_acesso VALUES ('log_562_2_1', '168c1536-4c42-4b8f-8c77-f06affefec6a', 'usr_562');
INSERT INTO trabalho.usuario_esta_inscrito_no_podcast VALUES (5, '5bdf7377-8330-4f9f-8efd-e95301c122ce', 'usr_562');
INSERT INTO trabalho.comentarios_podcast_usuario VALUES ('comment_562_0_2', 'Nostrum quia at dolor.', '5bdf7377-8330-4f9f-8efd-e95301c122ce', 'usr_562');
INSERT INTO trabalho.comentarios_podcast_usuario VALUES ('comment_562_1_2', 'Quidem ut autem odit.', '5bdf7377-8330-4f9f-8efd-e95301c122ce', 'usr_562');
INSERT INTO trabalho.log_acesso VALUES ('log_562_0_2', '5bdf7377-8330-4f9f-8efd-e95301c122ce', 'usr_562');
INSERT INTO trabalho.log_acesso VALUES ('log_562_1_2', '5bdf7377-8330-4f9f-8efd-e95301c122ce', 'usr_562');
INSERT INTO trabalho.log_acesso VALUES ('log_562_2_2', '5bdf7377-8330-4f9f-8efd-e95301c122ce', 'usr_562');
INSERT INTO trabalho.usuario VALUES ('usr_563', '563_Warley76@yahoo.com', 'Warley Silva', 'male', 57, trabalho.hashPassword('Password123'), 'São Vicente e Granadinas');
INSERT INTO trabalho.usuario_esta_inscrito_no_podcast VALUES (0, 'c58b280a-56d4-4ad8-8c85-730e4ea86361', 'usr_563');
INSERT INTO trabalho.comentarios_podcast_usuario VALUES ('comment_563_0_0', 'Consequatur aut dolor beatae ab et harum.', 'c58b280a-56d4-4ad8-8c85-730e4ea86361', 'usr_563');
INSERT INTO trabalho.comentarios_podcast_usuario VALUES ('comment_563_1_0', 'Et a molestiae impedit laudantium ex est ipsum.', 'c58b280a-56d4-4ad8-8c85-730e4ea86361', 'usr_563');
INSERT INTO trabalho.log_acesso VALUES ('log_563_0_0', 'c58b280a-56d4-4ad8-8c85-730e4ea86361', 'usr_563');
INSERT INTO trabalho.log_acesso VALUES ('log_563_1_0', 'c58b280a-56d4-4ad8-8c85-730e4ea86361', 'usr_563');
INSERT INTO trabalho.log_acesso VALUES ('log_563_2_0', 'c58b280a-56d4-4ad8-8c85-730e4ea86361', 'usr_563');
INSERT INTO trabalho.log_acesso VALUES ('log_563_3_0', 'c58b280a-56d4-4ad8-8c85-730e4ea86361', 'usr_563');
INSERT INTO trabalho.usuario_esta_inscrito_no_podcast VALUES (3, 'af46a958-b921-47b6-9f87-5c4fdc68ea79', 'usr_563');
INSERT INTO trabalho.comentarios_podcast_usuario VALUES ('comment_563_0_1', 'Modi quo minima exercitationem neque excepturi et.', 'af46a958-b921-47b6-9f87-5c4fdc68ea79', 'usr_563');
INSERT INTO trabalho.comentarios_podcast_usuario VALUES ('comment_563_1_1', 'Voluptatibus nam quis rem hic.', 'af46a958-b921-47b6-9f87-5c4fdc68ea79', 'usr_563');
INSERT INTO trabalho.log_acesso VALUES ('log_563_0_1', 'af46a958-b921-47b6-9f87-5c4fdc68ea79', 'usr_563');
INSERT INTO trabalho.log_acesso VALUES ('log_563_1_1', 'af46a958-b921-47b6-9f87-5c4fdc68ea79', 'usr_563');
INSERT INTO trabalho.log_acesso VALUES ('log_563_2_1', 'af46a958-b921-47b6-9f87-5c4fdc68ea79', 'usr_563');
INSERT INTO trabalho.log_acesso VALUES ('log_563_3_1', 'af46a958-b921-47b6-9f87-5c4fdc68ea79', 'usr_563');
INSERT INTO trabalho.log_acesso VALUES ('log_563_4_1', 'af46a958-b921-47b6-9f87-5c4fdc68ea79', 'usr_563');
INSERT INTO trabalho.usuario_esta_inscrito_no_podcast VALUES (5, '67074e68-bc2f-442b-8af2-7d328b6af6eb', 'usr_563');
INSERT INTO trabalho.comentarios_podcast_usuario VALUES ('comment_563_0_2', 'Soluta dolorum nesciunt eum omnis.', '67074e68-bc2f-442b-8af2-7d328b6af6eb', 'usr_563');
INSERT INTO trabalho.comentarios_podcast_usuario VALUES ('comment_563_1_2', 'Saepe dolor ducimus explicabo doloremque et dolorum.', '67074e68-bc2f-442b-8af2-7d328b6af6eb', 'usr_563');
INSERT INTO trabalho.comentarios_podcast_usuario VALUES ('comment_563_2_2', 'Perspiciatis non aut adipisci iste vel consequatur.', '67074e68-bc2f-442b-8af2-7d328b6af6eb', 'usr_563');
INSERT INTO trabalho.comentarios_podcast_usuario VALUES ('comment_563_3_2', 'Nesciunt architecto esse tempore.', '67074e68-bc2f-442b-8af2-7d328b6af6eb', 'usr_563');
INSERT INTO trabalho.log_acesso VALUES ('log_563_0_2', '67074e68-bc2f-442b-8af2-7d328b6af6eb', 'usr_563');
INSERT INTO trabalho.log_acesso VALUES ('log_563_1_2', '67074e68-bc2f-442b-8af2-7d328b6af6eb', 'usr_563');
INSERT INTO trabalho.usuario VALUES ('usr_564', '564_Fabrcia_Melo66@hotmail.com', 'Fabrícia Melo', 'female', 11, trabalho.hashPassword('Password123'), 'Granada');
INSERT INTO trabalho.usuario_esta_inscrito_no_podcast VALUES (0, 'bc8dac25-793c-4a96-aafc-4ea7020f4f60', 'usr_564');
INSERT INTO trabalho.comentarios_podcast_usuario VALUES ('comment_564_0_0', 'Eos accusantium aspernatur.', 'bc8dac25-793c-4a96-aafc-4ea7020f4f60', 'usr_564');
INSERT INTO trabalho.comentarios_podcast_usuario VALUES ('comment_564_1_0', 'Rerum quas ut maiores eius.', 'bc8dac25-793c-4a96-aafc-4ea7020f4f60', 'usr_564');
INSERT INTO trabalho.comentarios_podcast_usuario VALUES ('comment_564_2_0', 'Illum rerum voluptatem odio quis nihil voluptas minus aut.', 'bc8dac25-793c-4a96-aafc-4ea7020f4f60', 'usr_564');
INSERT INTO trabalho.comentarios_podcast_usuario VALUES ('comment_564_3_0', 'Quos expedita sint magnam rem.', 'bc8dac25-793c-4a96-aafc-4ea7020f4f60', 'usr_564');
INSERT INTO trabalho.log_acesso VALUES ('log_564_0_0', 'bc8dac25-793c-4a96-aafc-4ea7020f4f60', 'usr_564');
INSERT INTO trabalho.log_acesso VALUES ('log_564_1_0', 'bc8dac25-793c-4a96-aafc-4ea7020f4f60', 'usr_564');
INSERT INTO trabalho.usuario_esta_inscrito_no_podcast VALUES (4, 'fa3abe16-3645-4d22-a01d-893e6f20c408', 'usr_564');
INSERT INTO trabalho.comentarios_podcast_usuario VALUES ('comment_564_0_1', 'Sit aut eligendi voluptatem.', 'fa3abe16-3645-4d22-a01d-893e6f20c408', 'usr_564');
INSERT INTO trabalho.comentarios_podcast_usuario VALUES ('comment_564_1_1', 'Aut cupiditate consequatur provident debitis.', 'fa3abe16-3645-4d22-a01d-893e6f20c408', 'usr_564');
INSERT INTO trabalho.comentarios_podcast_usuario VALUES ('comment_564_2_1', 'Modi vel vel.', 'fa3abe16-3645-4d22-a01d-893e6f20c408', 'usr_564');
INSERT INTO trabalho.comentarios_podcast_usuario VALUES ('comment_564_3_1', 'Voluptatibus accusantium exercitationem assumenda aut pariatur aut at et dolorum.', 'fa3abe16-3645-4d22-a01d-893e6f20c408', 'usr_564');
INSERT INTO trabalho.log_acesso VALUES ('log_564_0_1', 'fa3abe16-3645-4d22-a01d-893e6f20c408', 'usr_564');
INSERT INTO trabalho.log_acesso VALUES ('log_564_1_1', 'fa3abe16-3645-4d22-a01d-893e6f20c408', 'usr_564');
INSERT INTO trabalho.log_acesso VALUES ('log_564_2_1', 'fa3abe16-3645-4d22-a01d-893e6f20c408', 'usr_564');
INSERT INTO trabalho.log_acesso VALUES ('log_564_3_1', 'fa3abe16-3645-4d22-a01d-893e6f20c408', 'usr_564');
INSERT INTO trabalho.log_acesso VALUES ('log_564_4_1', 'fa3abe16-3645-4d22-a01d-893e6f20c408', 'usr_564');
INSERT INTO trabalho.log_acesso VALUES ('log_564_5_1', 'fa3abe16-3645-4d22-a01d-893e6f20c408', 'usr_564');
INSERT INTO trabalho.usuario_esta_inscrito_no_podcast VALUES (1, '67074e68-bc2f-442b-8af2-7d328b6af6eb', 'usr_564');
INSERT INTO trabalho.comentarios_podcast_usuario VALUES ('comment_564_0_2', 'Ab enim fugiat eos.', '67074e68-bc2f-442b-8af2-7d328b6af6eb', 'usr_564');
INSERT INTO trabalho.comentarios_podcast_usuario VALUES ('comment_564_1_2', 'Sed deleniti sit qui voluptatem et fuga doloremque.', '67074e68-bc2f-442b-8af2-7d328b6af6eb', 'usr_564');
INSERT INTO trabalho.comentarios_podcast_usuario VALUES ('comment_564_2_2', 'Repellendus porro ut est ex molestiae et ullam eos.', '67074e68-bc2f-442b-8af2-7d328b6af6eb', 'usr_564');
INSERT INTO trabalho.comentarios_podcast_usuario VALUES ('comment_564_3_2', 'Et maxime eius sequi saepe voluptas a.', '67074e68-bc2f-442b-8af2-7d328b6af6eb', 'usr_564');
INSERT INTO trabalho.comentarios_podcast_usuario VALUES ('comment_564_4_2', 'Ut molestiae eligendi beatae temporibus quis dolor et commodi.', '67074e68-bc2f-442b-8af2-7d328b6af6eb', 'usr_564');
INSERT INTO trabalho.comentarios_podcast_usuario VALUES ('comment_564_5_2', 'Praesentium eius architecto nihil dolores dolorem voluptatem deleniti sed voluptatem.', '67074e68-bc2f-442b-8af2-7d328b6af6eb', 'usr_564');
INSERT INTO trabalho.comentarios_podcast_usuario VALUES ('comment_564_6_2', 'Et alias sit nihil velit et.', '67074e68-bc2f-442b-8af2-7d328b6af6eb', 'usr_564');
INSERT INTO trabalho.log_acesso VALUES ('log_564_0_2', '67074e68-bc2f-442b-8af2-7d328b6af6eb', 'usr_564');
INSERT INTO trabalho.log_acesso VALUES ('log_564_1_2', '67074e68-bc2f-442b-8af2-7d328b6af6eb', 'usr_564');
INSERT INTO trabalho.usuario VALUES ('usr_565', '565_Karla_Martins@live.com', 'Karla Martins', 'female', 25, trabalho.hashPassword('Password123'), 'Honduras');
INSERT INTO trabalho.usuario_esta_inscrito_no_podcast VALUES (4, 'f1b92ce7-47a7-43cd-8586-4a09185cdd05', 'usr_565');
INSERT INTO trabalho.comentarios_podcast_usuario VALUES ('comment_565_0_0', 'Sapiente dolor quam maxime inventore atque vitae maxime similique omnis.', 'f1b92ce7-47a7-43cd-8586-4a09185cdd05', 'usr_565');
INSERT INTO trabalho.comentarios_podcast_usuario VALUES ('comment_565_1_0', 'Dolor omnis ut odio tempora numquam velit est incidunt cumque.', 'f1b92ce7-47a7-43cd-8586-4a09185cdd05', 'usr_565');
INSERT INTO trabalho.comentarios_podcast_usuario VALUES ('comment_565_2_0', 'Natus accusantium voluptatibus rerum culpa rem assumenda laudantium nostrum consequuntur.', 'f1b92ce7-47a7-43cd-8586-4a09185cdd05', 'usr_565');
INSERT INTO trabalho.comentarios_podcast_usuario VALUES ('comment_565_3_0', 'Illum omnis ut nemo non sunt consequuntur eligendi.', 'f1b92ce7-47a7-43cd-8586-4a09185cdd05', 'usr_565');
INSERT INTO trabalho.comentarios_podcast_usuario VALUES ('comment_565_4_0', 'Ea et tenetur.', 'f1b92ce7-47a7-43cd-8586-4a09185cdd05', 'usr_565');
INSERT INTO trabalho.log_acesso VALUES ('log_565_0_0', 'f1b92ce7-47a7-43cd-8586-4a09185cdd05', 'usr_565');
INSERT INTO trabalho.log_acesso VALUES ('log_565_1_0', 'f1b92ce7-47a7-43cd-8586-4a09185cdd05', 'usr_565');
INSERT INTO trabalho.log_acesso VALUES ('log_565_2_0', 'f1b92ce7-47a7-43cd-8586-4a09185cdd05', 'usr_565');
INSERT INTO trabalho.log_acesso VALUES ('log_565_3_0', 'f1b92ce7-47a7-43cd-8586-4a09185cdd05', 'usr_565');
INSERT INTO trabalho.log_acesso VALUES ('log_565_4_0', 'f1b92ce7-47a7-43cd-8586-4a09185cdd05', 'usr_565');
INSERT INTO trabalho.usuario_esta_inscrito_no_podcast VALUES (5, '5bdf7377-8330-4f9f-8efd-e95301c122ce', 'usr_565');
INSERT INTO trabalho.comentarios_podcast_usuario VALUES ('comment_565_0_1', 'Et eaque natus et voluptatibus itaque.', '5bdf7377-8330-4f9f-8efd-e95301c122ce', 'usr_565');
INSERT INTO trabalho.comentarios_podcast_usuario VALUES ('comment_565_1_1', 'Animi voluptatibus accusamus laborum praesentium.', '5bdf7377-8330-4f9f-8efd-e95301c122ce', 'usr_565');
INSERT INTO trabalho.comentarios_podcast_usuario VALUES ('comment_565_2_1', 'Ipsam eius ad sed dignissimos quidem aut.', '5bdf7377-8330-4f9f-8efd-e95301c122ce', 'usr_565');
INSERT INTO trabalho.log_acesso VALUES ('log_565_0_1', '5bdf7377-8330-4f9f-8efd-e95301c122ce', 'usr_565');
INSERT INTO trabalho.log_acesso VALUES ('log_565_1_1', '5bdf7377-8330-4f9f-8efd-e95301c122ce', 'usr_565');
INSERT INTO trabalho.usuario_esta_inscrito_no_podcast VALUES (3, 'fa3abe16-3645-4d22-a01d-893e6f20c408', 'usr_565');
INSERT INTO trabalho.comentarios_podcast_usuario VALUES ('comment_565_0_2', 'Sequi ea aspernatur quo aut cum ratione eius sit id.', 'fa3abe16-3645-4d22-a01d-893e6f20c408', 'usr_565');
INSERT INTO trabalho.comentarios_podcast_usuario VALUES ('comment_565_1_2', 'Nihil unde perspiciatis sint dolor voluptas ut voluptatem reiciendis hic.', 'fa3abe16-3645-4d22-a01d-893e6f20c408', 'usr_565');
INSERT INTO trabalho.comentarios_podcast_usuario VALUES ('comment_565_2_2', 'Doloremque iste voluptatibus quos aperiam.', 'fa3abe16-3645-4d22-a01d-893e6f20c408', 'usr_565');
INSERT INTO trabalho.comentarios_podcast_usuario VALUES ('comment_565_3_2', 'Maxime velit repellendus fuga et eos quia iste.', 'fa3abe16-3645-4d22-a01d-893e6f20c408', 'usr_565');
INSERT INTO trabalho.comentarios_podcast_usuario VALUES ('comment_565_4_2', 'Magnam nisi vel ullam aspernatur molestias et.', 'fa3abe16-3645-4d22-a01d-893e6f20c408', 'usr_565');
INSERT INTO trabalho.comentarios_podcast_usuario VALUES ('comment_565_5_2', 'Cupiditate consequatur qui consectetur id ea illum.', 'fa3abe16-3645-4d22-a01d-893e6f20c408', 'usr_565');
INSERT INTO trabalho.log_acesso VALUES ('log_565_0_2', 'fa3abe16-3645-4d22-a01d-893e6f20c408', 'usr_565');
INSERT INTO trabalho.log_acesso VALUES ('log_565_1_2', 'fa3abe16-3645-4d22-a01d-893e6f20c408', 'usr_565');
INSERT INTO trabalho.usuario VALUES ('usr_566', '566_Pedro.Braga@bol.com.br', 'Pedro Braga', 'male', 5, trabalho.hashPassword('Password123'), 'Irlanda');
INSERT INTO trabalho.usuario_esta_inscrito_no_podcast VALUES (2, 'de2f0ddb-9903-436a-a5e2-54224254c818', 'usr_566');
INSERT INTO trabalho.comentarios_podcast_usuario VALUES ('comment_566_0_0', 'Veniam sed reprehenderit et repellat.', 'de2f0ddb-9903-436a-a5e2-54224254c818', 'usr_566');
INSERT INTO trabalho.comentarios_podcast_usuario VALUES ('comment_566_1_0', 'Cum ipsam veritatis accusamus unde aut aut ad porro.', 'de2f0ddb-9903-436a-a5e2-54224254c818', 'usr_566');
INSERT INTO trabalho.comentarios_podcast_usuario VALUES ('comment_566_2_0', 'Accusamus ut corrupti quo.', 'de2f0ddb-9903-436a-a5e2-54224254c818', 'usr_566');
INSERT INTO trabalho.comentarios_podcast_usuario VALUES ('comment_566_3_0', 'Magnam ipsum vel doloribus consequatur autem rerum sit voluptas molestiae.', 'de2f0ddb-9903-436a-a5e2-54224254c818', 'usr_566');
INSERT INTO trabalho.log_acesso VALUES ('log_566_0_0', 'de2f0ddb-9903-436a-a5e2-54224254c818', 'usr_566');
INSERT INTO trabalho.log_acesso VALUES ('log_566_1_0', 'de2f0ddb-9903-436a-a5e2-54224254c818', 'usr_566');
INSERT INTO trabalho.log_acesso VALUES ('log_566_2_0', 'de2f0ddb-9903-436a-a5e2-54224254c818', 'usr_566');
INSERT INTO trabalho.usuario_esta_inscrito_no_podcast VALUES (5, 'f8e13774-d631-4f34-93f0-2f5d55590265', 'usr_566');
INSERT INTO trabalho.comentarios_podcast_usuario VALUES ('comment_566_0_1', 'Molestiae delectus est.', 'f8e13774-d631-4f34-93f0-2f5d55590265', 'usr_566');
INSERT INTO trabalho.comentarios_podcast_usuario VALUES ('comment_566_1_1', 'Id qui alias asperiores et harum expedita sunt cum qui.', 'f8e13774-d631-4f34-93f0-2f5d55590265', 'usr_566');
INSERT INTO trabalho.comentarios_podcast_usuario VALUES ('comment_566_2_1', 'Vel omnis illo nulla minima.', 'f8e13774-d631-4f34-93f0-2f5d55590265', 'usr_566');
INSERT INTO trabalho.comentarios_podcast_usuario VALUES ('comment_566_3_1', 'Quia quia voluptas.', 'f8e13774-d631-4f34-93f0-2f5d55590265', 'usr_566');
INSERT INTO trabalho.log_acesso VALUES ('log_566_0_1', 'f8e13774-d631-4f34-93f0-2f5d55590265', 'usr_566');
INSERT INTO trabalho.log_acesso VALUES ('log_566_1_1', 'f8e13774-d631-4f34-93f0-2f5d55590265', 'usr_566');
INSERT INTO trabalho.log_acesso VALUES ('log_566_2_1', 'f8e13774-d631-4f34-93f0-2f5d55590265', 'usr_566');
INSERT INTO trabalho.usuario_esta_inscrito_no_podcast VALUES (4, 'af46a958-b921-47b6-9f87-5c4fdc68ea79', 'usr_566');
INSERT INTO trabalho.comentarios_podcast_usuario VALUES ('comment_566_0_2', 'Quia nihil quia.', 'af46a958-b921-47b6-9f87-5c4fdc68ea79', 'usr_566');
INSERT INTO trabalho.comentarios_podcast_usuario VALUES ('comment_566_1_2', 'Similique ad non est odio dolor ut.', 'af46a958-b921-47b6-9f87-5c4fdc68ea79', 'usr_566');
INSERT INTO trabalho.comentarios_podcast_usuario VALUES ('comment_566_2_2', 'Nihil inventore numquam accusantium doloremque.', 'af46a958-b921-47b6-9f87-5c4fdc68ea79', 'usr_566');
INSERT INTO trabalho.log_acesso VALUES ('log_566_0_2', 'af46a958-b921-47b6-9f87-5c4fdc68ea79', 'usr_566');
INSERT INTO trabalho.log_acesso VALUES ('log_566_1_2', 'af46a958-b921-47b6-9f87-5c4fdc68ea79', 'usr_566');
INSERT INTO trabalho.log_acesso VALUES ('log_566_2_2', 'af46a958-b921-47b6-9f87-5c4fdc68ea79', 'usr_566');
INSERT INTO trabalho.usuario VALUES ('usr_567', '567_Fabrcia_Melo39@yahoo.com', 'Fabrícia Melo', 'female', 38, trabalho.hashPassword('Password123'), 'El Salvador');
INSERT INTO trabalho.usuario_esta_inscrito_no_podcast VALUES (5, 'fa3abe16-3645-4d22-a01d-893e6f20c408', 'usr_567');
INSERT INTO trabalho.comentarios_podcast_usuario VALUES ('comment_567_0_0', 'Veritatis enim illum optio non et aliquam.', 'fa3abe16-3645-4d22-a01d-893e6f20c408', 'usr_567');
INSERT INTO trabalho.comentarios_podcast_usuario VALUES ('comment_567_1_0', 'Est enim qui.', 'fa3abe16-3645-4d22-a01d-893e6f20c408', 'usr_567');
INSERT INTO trabalho.log_acesso VALUES ('log_567_0_0', 'fa3abe16-3645-4d22-a01d-893e6f20c408', 'usr_567');
INSERT INTO trabalho.log_acesso VALUES ('log_567_1_0', 'fa3abe16-3645-4d22-a01d-893e6f20c408', 'usr_567');
INSERT INTO trabalho.log_acesso VALUES ('log_567_2_0', 'fa3abe16-3645-4d22-a01d-893e6f20c408', 'usr_567');
INSERT INTO trabalho.log_acesso VALUES ('log_567_3_0', 'fa3abe16-3645-4d22-a01d-893e6f20c408', 'usr_567');
INSERT INTO trabalho.usuario_esta_inscrito_no_podcast VALUES (5, '168c1536-4c42-4b8f-8c77-f06affefec6a', 'usr_567');
INSERT INTO trabalho.comentarios_podcast_usuario VALUES ('comment_567_0_1', 'Repudiandae non nihil est nostrum expedita architecto veniam.', '168c1536-4c42-4b8f-8c77-f06affefec6a', 'usr_567');
INSERT INTO trabalho.comentarios_podcast_usuario VALUES ('comment_567_1_1', 'Neque deleniti quae quidem libero expedita maiores totam.', '168c1536-4c42-4b8f-8c77-f06affefec6a', 'usr_567');
INSERT INTO trabalho.comentarios_podcast_usuario VALUES ('comment_567_2_1', 'Omnis ipsa voluptas quidem repellat eius magni dolorem.', '168c1536-4c42-4b8f-8c77-f06affefec6a', 'usr_567');
INSERT INTO trabalho.log_acesso VALUES ('log_567_0_1', '168c1536-4c42-4b8f-8c77-f06affefec6a', 'usr_567');
INSERT INTO trabalho.log_acesso VALUES ('log_567_1_1', '168c1536-4c42-4b8f-8c77-f06affefec6a', 'usr_567');
INSERT INTO trabalho.log_acesso VALUES ('log_567_2_1', '168c1536-4c42-4b8f-8c77-f06affefec6a', 'usr_567');
INSERT INTO trabalho.log_acesso VALUES ('log_567_3_1', '168c1536-4c42-4b8f-8c77-f06affefec6a', 'usr_567');
INSERT INTO trabalho.usuario_esta_inscrito_no_podcast VALUES (5, 'c58b280a-56d4-4ad8-8c85-730e4ea86361', 'usr_567');
INSERT INTO trabalho.comentarios_podcast_usuario VALUES ('comment_567_0_2', 'Ut aut quasi libero sint quod rerum quisquam voluptates.', 'c58b280a-56d4-4ad8-8c85-730e4ea86361', 'usr_567');
INSERT INTO trabalho.comentarios_podcast_usuario VALUES ('comment_567_1_2', 'Esse quia ut et odit cum animi.', 'c58b280a-56d4-4ad8-8c85-730e4ea86361', 'usr_567');
INSERT INTO trabalho.comentarios_podcast_usuario VALUES ('comment_567_2_2', 'Distinctio rerum illum quidem sunt eveniet eos commodi.', 'c58b280a-56d4-4ad8-8c85-730e4ea86361', 'usr_567');
INSERT INTO trabalho.comentarios_podcast_usuario VALUES ('comment_567_3_2', 'Qui consequuntur aut.', 'c58b280a-56d4-4ad8-8c85-730e4ea86361', 'usr_567');
INSERT INTO trabalho.log_acesso VALUES ('log_567_0_2', 'c58b280a-56d4-4ad8-8c85-730e4ea86361', 'usr_567');
INSERT INTO trabalho.usuario VALUES ('usr_568', '568_Marcos.Saraiva47@gmail.com', 'Marcos Saraiva', 'male', 23, trabalho.hashPassword('Password123'), 'Bôsnia');
INSERT INTO trabalho.usuario_esta_inscrito_no_podcast VALUES (5, 'de2f0ddb-9903-436a-a5e2-54224254c818', 'usr_568');
INSERT INTO trabalho.comentarios_podcast_usuario VALUES ('comment_568_0_0', 'Incidunt porro qui ab consequatur.', 'de2f0ddb-9903-436a-a5e2-54224254c818', 'usr_568');
INSERT INTO trabalho.comentarios_podcast_usuario VALUES ('comment_568_1_0', 'Dignissimos reiciendis repellendus commodi nihil nam quos quasi.', 'de2f0ddb-9903-436a-a5e2-54224254c818', 'usr_568');
INSERT INTO trabalho.comentarios_podcast_usuario VALUES ('comment_568_2_0', 'Tempore deserunt in culpa et rerum ullam perferendis corporis at.', 'de2f0ddb-9903-436a-a5e2-54224254c818', 'usr_568');
INSERT INTO trabalho.log_acesso VALUES ('log_568_0_0', 'de2f0ddb-9903-436a-a5e2-54224254c818', 'usr_568');
INSERT INTO trabalho.log_acesso VALUES ('log_568_1_0', 'de2f0ddb-9903-436a-a5e2-54224254c818', 'usr_568');
INSERT INTO trabalho.log_acesso VALUES ('log_568_2_0', 'de2f0ddb-9903-436a-a5e2-54224254c818', 'usr_568');
INSERT INTO trabalho.log_acesso VALUES ('log_568_3_0', 'de2f0ddb-9903-436a-a5e2-54224254c818', 'usr_568');
INSERT INTO trabalho.log_acesso VALUES ('log_568_4_0', 'de2f0ddb-9903-436a-a5e2-54224254c818', 'usr_568');
INSERT INTO trabalho.log_acesso VALUES ('log_568_5_0', 'de2f0ddb-9903-436a-a5e2-54224254c818', 'usr_568');
INSERT INTO trabalho.log_acesso VALUES ('log_568_6_0', 'de2f0ddb-9903-436a-a5e2-54224254c818', 'usr_568');
INSERT INTO trabalho.log_acesso VALUES ('log_568_7_0', 'de2f0ddb-9903-436a-a5e2-54224254c818', 'usr_568');
INSERT INTO trabalho.usuario_esta_inscrito_no_podcast VALUES (5, 'b553d865-8fe2-47de-9a30-10e1dea3bd1d', 'usr_568');
INSERT INTO trabalho.comentarios_podcast_usuario VALUES ('comment_568_0_1', 'Eum consequuntur officia.', 'b553d865-8fe2-47de-9a30-10e1dea3bd1d', 'usr_568');
INSERT INTO trabalho.comentarios_podcast_usuario VALUES ('comment_568_1_1', 'Nisi quae quo quaerat corporis aut repudiandae.', 'b553d865-8fe2-47de-9a30-10e1dea3bd1d', 'usr_568');
INSERT INTO trabalho.comentarios_podcast_usuario VALUES ('comment_568_2_1', 'Repellat qui corrupti accusantium cupiditate atque non.', 'b553d865-8fe2-47de-9a30-10e1dea3bd1d', 'usr_568');
INSERT INTO trabalho.comentarios_podcast_usuario VALUES ('comment_568_3_1', 'Animi voluptatem repellendus molestiae qui sapiente sit saepe sint sit.', 'b553d865-8fe2-47de-9a30-10e1dea3bd1d', 'usr_568');
INSERT INTO trabalho.comentarios_podcast_usuario VALUES ('comment_568_4_1', 'Dolorem recusandae ut dolorum sit omnis ut dolores placeat.', 'b553d865-8fe2-47de-9a30-10e1dea3bd1d', 'usr_568');
INSERT INTO trabalho.comentarios_podcast_usuario VALUES ('comment_568_5_1', 'Sunt ipsam perspiciatis qui quia in.', 'b553d865-8fe2-47de-9a30-10e1dea3bd1d', 'usr_568');
INSERT INTO trabalho.log_acesso VALUES ('log_568_0_1', 'b553d865-8fe2-47de-9a30-10e1dea3bd1d', 'usr_568');
INSERT INTO trabalho.usuario_esta_inscrito_no_podcast VALUES (5, 'f1b92ce7-47a7-43cd-8586-4a09185cdd05', 'usr_568');
INSERT INTO trabalho.comentarios_podcast_usuario VALUES ('comment_568_0_2', 'Aut placeat voluptatem odio id reiciendis autem consequatur ullam.', 'f1b92ce7-47a7-43cd-8586-4a09185cdd05', 'usr_568');
INSERT INTO trabalho.log_acesso VALUES ('log_568_0_2', 'f1b92ce7-47a7-43cd-8586-4a09185cdd05', 'usr_568');
INSERT INTO trabalho.usuario VALUES ('usr_569', '569_Frederico48@bol.com.br', 'Frederico Barros', 'male', 0, trabalho.hashPassword('Password123'), 'Guatemala');
INSERT INTO trabalho.usuario_esta_inscrito_no_podcast VALUES (4, '5bdf7377-8330-4f9f-8efd-e95301c122ce', 'usr_569');
INSERT INTO trabalho.comentarios_podcast_usuario VALUES ('comment_569_0_0', 'Ullam cum ullam.', '5bdf7377-8330-4f9f-8efd-e95301c122ce', 'usr_569');
INSERT INTO trabalho.comentarios_podcast_usuario VALUES ('comment_569_1_0', 'Eum quo esse error hic suscipit nemo et modi.', '5bdf7377-8330-4f9f-8efd-e95301c122ce', 'usr_569');
INSERT INTO trabalho.comentarios_podcast_usuario VALUES ('comment_569_2_0', 'Veniam et aut voluptatem.', '5bdf7377-8330-4f9f-8efd-e95301c122ce', 'usr_569');
INSERT INTO trabalho.comentarios_podcast_usuario VALUES ('comment_569_3_0', 'Facilis excepturi autem cum.', '5bdf7377-8330-4f9f-8efd-e95301c122ce', 'usr_569');
INSERT INTO trabalho.log_acesso VALUES ('log_569_0_0', '5bdf7377-8330-4f9f-8efd-e95301c122ce', 'usr_569');
INSERT INTO trabalho.log_acesso VALUES ('log_569_1_0', '5bdf7377-8330-4f9f-8efd-e95301c122ce', 'usr_569');
INSERT INTO trabalho.log_acesso VALUES ('log_569_2_0', '5bdf7377-8330-4f9f-8efd-e95301c122ce', 'usr_569');
INSERT INTO trabalho.log_acesso VALUES ('log_569_3_0', '5bdf7377-8330-4f9f-8efd-e95301c122ce', 'usr_569');
INSERT INTO trabalho.log_acesso VALUES ('log_569_4_0', '5bdf7377-8330-4f9f-8efd-e95301c122ce', 'usr_569');
INSERT INTO trabalho.usuario_esta_inscrito_no_podcast VALUES (2, '168c1536-4c42-4b8f-8c77-f06affefec6a', 'usr_569');
INSERT INTO trabalho.comentarios_podcast_usuario VALUES ('comment_569_0_1', 'Quia nesciunt cum occaecati.', '168c1536-4c42-4b8f-8c77-f06affefec6a', 'usr_569');
INSERT INTO trabalho.comentarios_podcast_usuario VALUES ('comment_569_1_1', 'Provident fuga aperiam et sed ut et autem maxime ad.', '168c1536-4c42-4b8f-8c77-f06affefec6a', 'usr_569');
INSERT INTO trabalho.comentarios_podcast_usuario VALUES ('comment_569_2_1', 'Fuga libero id voluptatem accusantium at.', '168c1536-4c42-4b8f-8c77-f06affefec6a', 'usr_569');
INSERT INTO trabalho.comentarios_podcast_usuario VALUES ('comment_569_3_1', 'Quaerat quae placeat provident cumque expedita.', '168c1536-4c42-4b8f-8c77-f06affefec6a', 'usr_569');
INSERT INTO trabalho.log_acesso VALUES ('log_569_0_1', '168c1536-4c42-4b8f-8c77-f06affefec6a', 'usr_569');
INSERT INTO trabalho.usuario_esta_inscrito_no_podcast VALUES (4, 'af46a958-b921-47b6-9f87-5c4fdc68ea79', 'usr_569');
INSERT INTO trabalho.comentarios_podcast_usuario VALUES ('comment_569_0_2', 'Debitis voluptatem officia soluta sunt amet inventore sed.', 'af46a958-b921-47b6-9f87-5c4fdc68ea79', 'usr_569');
INSERT INTO trabalho.comentarios_podcast_usuario VALUES ('comment_569_1_2', 'Labore debitis quod eum asperiores et.', 'af46a958-b921-47b6-9f87-5c4fdc68ea79', 'usr_569');
INSERT INTO trabalho.comentarios_podcast_usuario VALUES ('comment_569_2_2', 'Autem necessitatibus eum consequatur consectetur voluptate at.', 'af46a958-b921-47b6-9f87-5c4fdc68ea79', 'usr_569');
INSERT INTO trabalho.comentarios_podcast_usuario VALUES ('comment_569_3_2', 'Officia et alias sapiente quisquam fugiat a et quaerat maiores.', 'af46a958-b921-47b6-9f87-5c4fdc68ea79', 'usr_569');
INSERT INTO trabalho.log_acesso VALUES ('log_569_0_2', 'af46a958-b921-47b6-9f87-5c4fdc68ea79', 'usr_569');
INSERT INTO trabalho.log_acesso VALUES ('log_569_1_2', 'af46a958-b921-47b6-9f87-5c4fdc68ea79', 'usr_569');
INSERT INTO trabalho.log_acesso VALUES ('log_569_2_2', 'af46a958-b921-47b6-9f87-5c4fdc68ea79', 'usr_569');
INSERT INTO trabalho.log_acesso VALUES ('log_569_3_2', 'af46a958-b921-47b6-9f87-5c4fdc68ea79', 'usr_569');
INSERT INTO trabalho.usuario VALUES ('usr_570', '570_Enzo_Santos32@gmail.com', 'Enzo Santos', 'male', 34, trabalho.hashPassword('Password123'), 'Marrocos');
INSERT INTO trabalho.usuario_esta_inscrito_no_podcast VALUES (1, 'f8e13774-d631-4f34-93f0-2f5d55590265', 'usr_570');
INSERT INTO trabalho.comentarios_podcast_usuario VALUES ('comment_570_0_0', 'Ducimus voluptatem expedita qui est et.', 'f8e13774-d631-4f34-93f0-2f5d55590265', 'usr_570');
INSERT INTO trabalho.comentarios_podcast_usuario VALUES ('comment_570_1_0', 'Inventore et nostrum rerum.', 'f8e13774-d631-4f34-93f0-2f5d55590265', 'usr_570');
INSERT INTO trabalho.log_acesso VALUES ('log_570_0_0', 'f8e13774-d631-4f34-93f0-2f5d55590265', 'usr_570');
INSERT INTO trabalho.log_acesso VALUES ('log_570_1_0', 'f8e13774-d631-4f34-93f0-2f5d55590265', 'usr_570');
INSERT INTO trabalho.usuario_esta_inscrito_no_podcast VALUES (2, '67074e68-bc2f-442b-8af2-7d328b6af6eb', 'usr_570');
INSERT INTO trabalho.comentarios_podcast_usuario VALUES ('comment_570_0_1', 'Aut fuga odio amet ad.', '67074e68-bc2f-442b-8af2-7d328b6af6eb', 'usr_570');
INSERT INTO trabalho.comentarios_podcast_usuario VALUES ('comment_570_1_1', 'Qui ut quasi nemo id quia a omnis.', '67074e68-bc2f-442b-8af2-7d328b6af6eb', 'usr_570');
INSERT INTO trabalho.log_acesso VALUES ('log_570_0_1', '67074e68-bc2f-442b-8af2-7d328b6af6eb', 'usr_570');
INSERT INTO trabalho.log_acesso VALUES ('log_570_1_1', '67074e68-bc2f-442b-8af2-7d328b6af6eb', 'usr_570');
INSERT INTO trabalho.log_acesso VALUES ('log_570_2_1', '67074e68-bc2f-442b-8af2-7d328b6af6eb', 'usr_570');
INSERT INTO trabalho.usuario_esta_inscrito_no_podcast VALUES (3, 'b553d865-8fe2-47de-9a30-10e1dea3bd1d', 'usr_570');
INSERT INTO trabalho.comentarios_podcast_usuario VALUES ('comment_570_0_2', 'Corporis quia doloribus autem accusamus error reiciendis ratione quia aut.', 'b553d865-8fe2-47de-9a30-10e1dea3bd1d', 'usr_570');
INSERT INTO trabalho.comentarios_podcast_usuario VALUES ('comment_570_1_2', 'Qui libero provident deleniti vitae.', 'b553d865-8fe2-47de-9a30-10e1dea3bd1d', 'usr_570');
INSERT INTO trabalho.log_acesso VALUES ('log_570_0_2', 'b553d865-8fe2-47de-9a30-10e1dea3bd1d', 'usr_570');
INSERT INTO trabalho.log_acesso VALUES ('log_570_1_2', 'b553d865-8fe2-47de-9a30-10e1dea3bd1d', 'usr_570');
INSERT INTO trabalho.log_acesso VALUES ('log_570_2_2', 'b553d865-8fe2-47de-9a30-10e1dea3bd1d', 'usr_570');
INSERT INTO trabalho.log_acesso VALUES ('log_570_3_2', 'b553d865-8fe2-47de-9a30-10e1dea3bd1d', 'usr_570');
INSERT INTO trabalho.log_acesso VALUES ('log_570_4_2', 'b553d865-8fe2-47de-9a30-10e1dea3bd1d', 'usr_570');
INSERT INTO trabalho.log_acesso VALUES ('log_570_5_2', 'b553d865-8fe2-47de-9a30-10e1dea3bd1d', 'usr_570');
INSERT INTO trabalho.usuario VALUES ('usr_571', '571_Mrcia.Oliveira13@bol.com.br', 'Mércia Oliveira', 'female', 15, trabalho.hashPassword('Password123'), 'França');
INSERT INTO trabalho.usuario_esta_inscrito_no_podcast VALUES (5, '219328a1-cec6-4e8c-b003-52a3ec9766bb', 'usr_571');
INSERT INTO trabalho.comentarios_podcast_usuario VALUES ('comment_571_0_0', 'Voluptatem enim consequatur error exercitationem temporibus tempore soluta vel.', '219328a1-cec6-4e8c-b003-52a3ec9766bb', 'usr_571');
INSERT INTO trabalho.comentarios_podcast_usuario VALUES ('comment_571_1_0', 'Laudantium quaerat et eum sit sit voluptatem.', '219328a1-cec6-4e8c-b003-52a3ec9766bb', 'usr_571');
INSERT INTO trabalho.log_acesso VALUES ('log_571_0_0', '219328a1-cec6-4e8c-b003-52a3ec9766bb', 'usr_571');
INSERT INTO trabalho.log_acesso VALUES ('log_571_1_0', '219328a1-cec6-4e8c-b003-52a3ec9766bb', 'usr_571');
INSERT INTO trabalho.log_acesso VALUES ('log_571_2_0', '219328a1-cec6-4e8c-b003-52a3ec9766bb', 'usr_571');
INSERT INTO trabalho.log_acesso VALUES ('log_571_3_0', '219328a1-cec6-4e8c-b003-52a3ec9766bb', 'usr_571');
INSERT INTO trabalho.log_acesso VALUES ('log_571_4_0', '219328a1-cec6-4e8c-b003-52a3ec9766bb', 'usr_571');
INSERT INTO trabalho.usuario_esta_inscrito_no_podcast VALUES (4, '67074e68-bc2f-442b-8af2-7d328b6af6eb', 'usr_571');
INSERT INTO trabalho.comentarios_podcast_usuario VALUES ('comment_571_0_1', 'Dolores est excepturi enim.', '67074e68-bc2f-442b-8af2-7d328b6af6eb', 'usr_571');
INSERT INTO trabalho.comentarios_podcast_usuario VALUES ('comment_571_1_1', 'Natus molestiae quos amet.', '67074e68-bc2f-442b-8af2-7d328b6af6eb', 'usr_571');
INSERT INTO trabalho.comentarios_podcast_usuario VALUES ('comment_571_2_1', 'Perspiciatis ducimus quam maxime aspernatur.', '67074e68-bc2f-442b-8af2-7d328b6af6eb', 'usr_571');
INSERT INTO trabalho.log_acesso VALUES ('log_571_0_1', '67074e68-bc2f-442b-8af2-7d328b6af6eb', 'usr_571');
INSERT INTO trabalho.log_acesso VALUES ('log_571_1_1', '67074e68-bc2f-442b-8af2-7d328b6af6eb', 'usr_571');
INSERT INTO trabalho.log_acesso VALUES ('log_571_2_1', '67074e68-bc2f-442b-8af2-7d328b6af6eb', 'usr_571');
INSERT INTO trabalho.usuario_esta_inscrito_no_podcast VALUES (2, '7e429e8e-7669-403d-bb78-3cd7f9f75afd', 'usr_571');
INSERT INTO trabalho.comentarios_podcast_usuario VALUES ('comment_571_0_2', 'Odio aut veritatis tempora eveniet consequatur nobis.', '7e429e8e-7669-403d-bb78-3cd7f9f75afd', 'usr_571');
INSERT INTO trabalho.comentarios_podcast_usuario VALUES ('comment_571_1_2', 'Nobis dicta doloremque.', '7e429e8e-7669-403d-bb78-3cd7f9f75afd', 'usr_571');
INSERT INTO trabalho.comentarios_podcast_usuario VALUES ('comment_571_2_2', 'Consequuntur labore totam fuga quis tempore qui sunt.', '7e429e8e-7669-403d-bb78-3cd7f9f75afd', 'usr_571');
INSERT INTO trabalho.comentarios_podcast_usuario VALUES ('comment_571_3_2', 'Perspiciatis id aperiam officiis molestiae velit sint.', '7e429e8e-7669-403d-bb78-3cd7f9f75afd', 'usr_571');
INSERT INTO trabalho.log_acesso VALUES ('log_571_0_2', '7e429e8e-7669-403d-bb78-3cd7f9f75afd', 'usr_571');
INSERT INTO trabalho.log_acesso VALUES ('log_571_1_2', '7e429e8e-7669-403d-bb78-3cd7f9f75afd', 'usr_571');
INSERT INTO trabalho.log_acesso VALUES ('log_571_2_2', '7e429e8e-7669-403d-bb78-3cd7f9f75afd', 'usr_571');
INSERT INTO trabalho.usuario VALUES ('usr_572', '572_Csar.Xavier@bol.com.br', 'César Xavier', 'male', 44, trabalho.hashPassword('Password123'), 'Maldives');
INSERT INTO trabalho.usuario_esta_inscrito_no_podcast VALUES (4, 'bc8dac25-793c-4a96-aafc-4ea7020f4f60', 'usr_572');
INSERT INTO trabalho.comentarios_podcast_usuario VALUES ('comment_572_0_0', 'Suscipit et mollitia in.', 'bc8dac25-793c-4a96-aafc-4ea7020f4f60', 'usr_572');
INSERT INTO trabalho.comentarios_podcast_usuario VALUES ('comment_572_1_0', 'Voluptates tempora qui ex ut nesciunt distinctio non.', 'bc8dac25-793c-4a96-aafc-4ea7020f4f60', 'usr_572');
INSERT INTO trabalho.log_acesso VALUES ('log_572_0_0', 'bc8dac25-793c-4a96-aafc-4ea7020f4f60', 'usr_572');
INSERT INTO trabalho.log_acesso VALUES ('log_572_1_0', 'bc8dac25-793c-4a96-aafc-4ea7020f4f60', 'usr_572');
INSERT INTO trabalho.log_acesso VALUES ('log_572_2_0', 'bc8dac25-793c-4a96-aafc-4ea7020f4f60', 'usr_572');
INSERT INTO trabalho.log_acesso VALUES ('log_572_3_0', 'bc8dac25-793c-4a96-aafc-4ea7020f4f60', 'usr_572');
INSERT INTO trabalho.usuario_esta_inscrito_no_podcast VALUES (4, 'f1b92ce7-47a7-43cd-8586-4a09185cdd05', 'usr_572');
INSERT INTO trabalho.comentarios_podcast_usuario VALUES ('comment_572_0_1', 'Repellendus inventore enim et doloremque autem est et placeat libero.', 'f1b92ce7-47a7-43cd-8586-4a09185cdd05', 'usr_572');
INSERT INTO trabalho.comentarios_podcast_usuario VALUES ('comment_572_1_1', 'Voluptas et occaecati eaque pariatur ratione hic error dolor.', 'f1b92ce7-47a7-43cd-8586-4a09185cdd05', 'usr_572');
INSERT INTO trabalho.comentarios_podcast_usuario VALUES ('comment_572_2_1', 'Quasi dolores expedita et.', 'f1b92ce7-47a7-43cd-8586-4a09185cdd05', 'usr_572');
INSERT INTO trabalho.comentarios_podcast_usuario VALUES ('comment_572_3_1', 'Cum ea dolorem facilis.', 'f1b92ce7-47a7-43cd-8586-4a09185cdd05', 'usr_572');
INSERT INTO trabalho.log_acesso VALUES ('log_572_0_1', 'f1b92ce7-47a7-43cd-8586-4a09185cdd05', 'usr_572');
INSERT INTO trabalho.log_acesso VALUES ('log_572_1_1', 'f1b92ce7-47a7-43cd-8586-4a09185cdd05', 'usr_572');
INSERT INTO trabalho.usuario_esta_inscrito_no_podcast VALUES (4, 'af46a958-b921-47b6-9f87-5c4fdc68ea79', 'usr_572');
INSERT INTO trabalho.comentarios_podcast_usuario VALUES ('comment_572_0_2', 'Et quam omnis molestiae adipisci iste nesciunt.', 'af46a958-b921-47b6-9f87-5c4fdc68ea79', 'usr_572');
INSERT INTO trabalho.log_acesso VALUES ('log_572_0_2', 'af46a958-b921-47b6-9f87-5c4fdc68ea79', 'usr_572');
INSERT INTO trabalho.usuario VALUES ('usr_573', '573_Breno22@bol.com.br', 'Breno Moraes', 'male', 33, trabalho.hashPassword('Password123'), 'Nauru');
INSERT INTO trabalho.usuario_esta_inscrito_no_podcast VALUES (2, 'c58b280a-56d4-4ad8-8c85-730e4ea86361', 'usr_573');
INSERT INTO trabalho.comentarios_podcast_usuario VALUES ('comment_573_0_0', 'Velit repudiandae rerum voluptates aut voluptatum error.', 'c58b280a-56d4-4ad8-8c85-730e4ea86361', 'usr_573');
INSERT INTO trabalho.comentarios_podcast_usuario VALUES ('comment_573_1_0', 'Culpa debitis animi consequatur dicta.', 'c58b280a-56d4-4ad8-8c85-730e4ea86361', 'usr_573');
INSERT INTO trabalho.log_acesso VALUES ('log_573_0_0', 'c58b280a-56d4-4ad8-8c85-730e4ea86361', 'usr_573');
INSERT INTO trabalho.log_acesso VALUES ('log_573_1_0', 'c58b280a-56d4-4ad8-8c85-730e4ea86361', 'usr_573');
INSERT INTO trabalho.log_acesso VALUES ('log_573_2_0', 'c58b280a-56d4-4ad8-8c85-730e4ea86361', 'usr_573');
INSERT INTO trabalho.usuario_esta_inscrito_no_podcast VALUES (5, 'bc8dac25-793c-4a96-aafc-4ea7020f4f60', 'usr_573');
INSERT INTO trabalho.comentarios_podcast_usuario VALUES ('comment_573_0_1', 'Illo dolores quasi.', 'bc8dac25-793c-4a96-aafc-4ea7020f4f60', 'usr_573');
INSERT INTO trabalho.comentarios_podcast_usuario VALUES ('comment_573_1_1', 'Maiores quia rem non eius ea.', 'bc8dac25-793c-4a96-aafc-4ea7020f4f60', 'usr_573');
INSERT INTO trabalho.comentarios_podcast_usuario VALUES ('comment_573_2_1', 'Aut officia minus aut quis.', 'bc8dac25-793c-4a96-aafc-4ea7020f4f60', 'usr_573');
INSERT INTO trabalho.comentarios_podcast_usuario VALUES ('comment_573_3_1', 'Deserunt numquam possimus itaque nihil dolor.', 'bc8dac25-793c-4a96-aafc-4ea7020f4f60', 'usr_573');
INSERT INTO trabalho.log_acesso VALUES ('log_573_0_1', 'bc8dac25-793c-4a96-aafc-4ea7020f4f60', 'usr_573');
INSERT INTO trabalho.log_acesso VALUES ('log_573_1_1', 'bc8dac25-793c-4a96-aafc-4ea7020f4f60', 'usr_573');
INSERT INTO trabalho.usuario_esta_inscrito_no_podcast VALUES (3, '67074e68-bc2f-442b-8af2-7d328b6af6eb', 'usr_573');
INSERT INTO trabalho.comentarios_podcast_usuario VALUES ('comment_573_0_2', 'Dicta aperiam quasi mollitia excepturi.', '67074e68-bc2f-442b-8af2-7d328b6af6eb', 'usr_573');
INSERT INTO trabalho.log_acesso VALUES ('log_573_0_2', '67074e68-bc2f-442b-8af2-7d328b6af6eb', 'usr_573');
INSERT INTO trabalho.log_acesso VALUES ('log_573_1_2', '67074e68-bc2f-442b-8af2-7d328b6af6eb', 'usr_573');
INSERT INTO trabalho.log_acesso VALUES ('log_573_2_2', '67074e68-bc2f-442b-8af2-7d328b6af6eb', 'usr_573');
INSERT INTO trabalho.log_acesso VALUES ('log_573_3_2', '67074e68-bc2f-442b-8af2-7d328b6af6eb', 'usr_573');
INSERT INTO trabalho.usuario VALUES ('usr_574', '574_Gustavo_Carvalho@live.com', 'Gustavo Carvalho', 'male', 29, trabalho.hashPassword('Password123'), 'Moldávia');
INSERT INTO trabalho.usuario_esta_inscrito_no_podcast VALUES (5, 'de2f0ddb-9903-436a-a5e2-54224254c818', 'usr_574');
INSERT INTO trabalho.comentarios_podcast_usuario VALUES ('comment_574_0_0', 'Provident fuga quia.', 'de2f0ddb-9903-436a-a5e2-54224254c818', 'usr_574');
INSERT INTO trabalho.comentarios_podcast_usuario VALUES ('comment_574_1_0', 'Eum nihil aliquam doloremque.', 'de2f0ddb-9903-436a-a5e2-54224254c818', 'usr_574');
INSERT INTO trabalho.log_acesso VALUES ('log_574_0_0', 'de2f0ddb-9903-436a-a5e2-54224254c818', 'usr_574');
INSERT INTO trabalho.usuario_esta_inscrito_no_podcast VALUES (3, '67074e68-bc2f-442b-8af2-7d328b6af6eb', 'usr_574');
INSERT INTO trabalho.comentarios_podcast_usuario VALUES ('comment_574_0_1', 'Cupiditate suscipit ut minima.', '67074e68-bc2f-442b-8af2-7d328b6af6eb', 'usr_574');
INSERT INTO trabalho.log_acesso VALUES ('log_574_0_1', '67074e68-bc2f-442b-8af2-7d328b6af6eb', 'usr_574');
INSERT INTO trabalho.log_acesso VALUES ('log_574_1_1', '67074e68-bc2f-442b-8af2-7d328b6af6eb', 'usr_574');
INSERT INTO trabalho.log_acesso VALUES ('log_574_2_1', '67074e68-bc2f-442b-8af2-7d328b6af6eb', 'usr_574');
INSERT INTO trabalho.usuario_esta_inscrito_no_podcast VALUES (0, 'f1b92ce7-47a7-43cd-8586-4a09185cdd05', 'usr_574');
INSERT INTO trabalho.comentarios_podcast_usuario VALUES ('comment_574_0_2', 'Deleniti dolorem tempore accusantium aut.', 'f1b92ce7-47a7-43cd-8586-4a09185cdd05', 'usr_574');
INSERT INTO trabalho.comentarios_podcast_usuario VALUES ('comment_574_1_2', 'Veritatis molestias aut quis tempora ad.', 'f1b92ce7-47a7-43cd-8586-4a09185cdd05', 'usr_574');
INSERT INTO trabalho.comentarios_podcast_usuario VALUES ('comment_574_2_2', 'Odit repellendus rerum rerum nam ut et consequatur.', 'f1b92ce7-47a7-43cd-8586-4a09185cdd05', 'usr_574');
INSERT INTO trabalho.comentarios_podcast_usuario VALUES ('comment_574_3_2', 'Quae eos ullam odio mollitia distinctio eos sequi.', 'f1b92ce7-47a7-43cd-8586-4a09185cdd05', 'usr_574');
INSERT INTO trabalho.comentarios_podcast_usuario VALUES ('comment_574_4_2', 'Laudantium fuga dolorem distinctio autem rerum.', 'f1b92ce7-47a7-43cd-8586-4a09185cdd05', 'usr_574');
INSERT INTO trabalho.comentarios_podcast_usuario VALUES ('comment_574_5_2', 'Et voluptatem sequi earum.', 'f1b92ce7-47a7-43cd-8586-4a09185cdd05', 'usr_574');
INSERT INTO trabalho.log_acesso VALUES ('log_574_0_2', 'f1b92ce7-47a7-43cd-8586-4a09185cdd05', 'usr_574');
INSERT INTO trabalho.log_acesso VALUES ('log_574_1_2', 'f1b92ce7-47a7-43cd-8586-4a09185cdd05', 'usr_574');
INSERT INTO trabalho.log_acesso VALUES ('log_574_2_2', 'f1b92ce7-47a7-43cd-8586-4a09185cdd05', 'usr_574');
INSERT INTO trabalho.log_acesso VALUES ('log_574_3_2', 'f1b92ce7-47a7-43cd-8586-4a09185cdd05', 'usr_574');
INSERT INTO trabalho.usuario VALUES ('usr_575', '575_PedroHenrique_Souza@live.com', 'Pedro Henrique Souza', 'male', 33, trabalho.hashPassword('Password123'), 'Ilhas Cook');
INSERT INTO trabalho.usuario_esta_inscrito_no_podcast VALUES (3, '219328a1-cec6-4e8c-b003-52a3ec9766bb', 'usr_575');
INSERT INTO trabalho.comentarios_podcast_usuario VALUES ('comment_575_0_0', 'Voluptatem non reiciendis ducimus reiciendis consectetur numquam reiciendis odit.', '219328a1-cec6-4e8c-b003-52a3ec9766bb', 'usr_575');
INSERT INTO trabalho.comentarios_podcast_usuario VALUES ('comment_575_1_0', 'Ab sit et iste alias et et sunt.', '219328a1-cec6-4e8c-b003-52a3ec9766bb', 'usr_575');
INSERT INTO trabalho.comentarios_podcast_usuario VALUES ('comment_575_2_0', 'Quia voluptatum consectetur sit officia quaerat.', '219328a1-cec6-4e8c-b003-52a3ec9766bb', 'usr_575');
INSERT INTO trabalho.log_acesso VALUES ('log_575_0_0', '219328a1-cec6-4e8c-b003-52a3ec9766bb', 'usr_575');
INSERT INTO trabalho.log_acesso VALUES ('log_575_1_0', '219328a1-cec6-4e8c-b003-52a3ec9766bb', 'usr_575');
INSERT INTO trabalho.usuario_esta_inscrito_no_podcast VALUES (1, '168c1536-4c42-4b8f-8c77-f06affefec6a', 'usr_575');
INSERT INTO trabalho.comentarios_podcast_usuario VALUES ('comment_575_0_1', 'Occaecati aspernatur non iure illo non aperiam quisquam.', '168c1536-4c42-4b8f-8c77-f06affefec6a', 'usr_575');
INSERT INTO trabalho.comentarios_podcast_usuario VALUES ('comment_575_1_1', 'Quae odit natus ipsam facere est consectetur asperiores dolores.', '168c1536-4c42-4b8f-8c77-f06affefec6a', 'usr_575');
INSERT INTO trabalho.comentarios_podcast_usuario VALUES ('comment_575_2_1', 'Sed laborum odit cupiditate labore.', '168c1536-4c42-4b8f-8c77-f06affefec6a', 'usr_575');
INSERT INTO trabalho.comentarios_podcast_usuario VALUES ('comment_575_3_1', 'Dolore a non.', '168c1536-4c42-4b8f-8c77-f06affefec6a', 'usr_575');
INSERT INTO trabalho.comentarios_podcast_usuario VALUES ('comment_575_4_1', 'Natus ipsam et sequi eveniet rerum possimus.', '168c1536-4c42-4b8f-8c77-f06affefec6a', 'usr_575');
INSERT INTO trabalho.log_acesso VALUES ('log_575_0_1', '168c1536-4c42-4b8f-8c77-f06affefec6a', 'usr_575');
INSERT INTO trabalho.log_acesso VALUES ('log_575_1_1', '168c1536-4c42-4b8f-8c77-f06affefec6a', 'usr_575');
INSERT INTO trabalho.log_acesso VALUES ('log_575_2_1', '168c1536-4c42-4b8f-8c77-f06affefec6a', 'usr_575');
INSERT INTO trabalho.log_acesso VALUES ('log_575_3_1', '168c1536-4c42-4b8f-8c77-f06affefec6a', 'usr_575');
INSERT INTO trabalho.log_acesso VALUES ('log_575_4_1', '168c1536-4c42-4b8f-8c77-f06affefec6a', 'usr_575');
INSERT INTO trabalho.log_acesso VALUES ('log_575_5_1', '168c1536-4c42-4b8f-8c77-f06affefec6a', 'usr_575');
INSERT INTO trabalho.usuario_esta_inscrito_no_podcast VALUES (0, 'f8e13774-d631-4f34-93f0-2f5d55590265', 'usr_575');
INSERT INTO trabalho.comentarios_podcast_usuario VALUES ('comment_575_0_2', 'Consequuntur occaecati ut soluta nihil voluptatibus.', 'f8e13774-d631-4f34-93f0-2f5d55590265', 'usr_575');
INSERT INTO trabalho.comentarios_podcast_usuario VALUES ('comment_575_1_2', 'Ad laboriosam rem dolore minus est ad autem pariatur.', 'f8e13774-d631-4f34-93f0-2f5d55590265', 'usr_575');
INSERT INTO trabalho.log_acesso VALUES ('log_575_0_2', 'f8e13774-d631-4f34-93f0-2f5d55590265', 'usr_575');
INSERT INTO trabalho.log_acesso VALUES ('log_575_1_2', 'f8e13774-d631-4f34-93f0-2f5d55590265', 'usr_575');
INSERT INTO trabalho.log_acesso VALUES ('log_575_2_2', 'f8e13774-d631-4f34-93f0-2f5d55590265', 'usr_575');
INSERT INTO trabalho.log_acesso VALUES ('log_575_3_2', 'f8e13774-d631-4f34-93f0-2f5d55590265', 'usr_575');
INSERT INTO trabalho.usuario VALUES ('usr_576', '576_Roberto_Macedo9@live.com', 'Roberto Macedo', 'male', 53, trabalho.hashPassword('Password123'), 'Panamá');
INSERT INTO trabalho.usuario_esta_inscrito_no_podcast VALUES (0, 'af46a958-b921-47b6-9f87-5c4fdc68ea79', 'usr_576');
INSERT INTO trabalho.comentarios_podcast_usuario VALUES ('comment_576_0_0', 'Ut quam ut quam cumque repellat.', 'af46a958-b921-47b6-9f87-5c4fdc68ea79', 'usr_576');
INSERT INTO trabalho.log_acesso VALUES ('log_576_0_0', 'af46a958-b921-47b6-9f87-5c4fdc68ea79', 'usr_576');
INSERT INTO trabalho.log_acesso VALUES ('log_576_1_0', 'af46a958-b921-47b6-9f87-5c4fdc68ea79', 'usr_576');
INSERT INTO trabalho.log_acesso VALUES ('log_576_2_0', 'af46a958-b921-47b6-9f87-5c4fdc68ea79', 'usr_576');
INSERT INTO trabalho.log_acesso VALUES ('log_576_3_0', 'af46a958-b921-47b6-9f87-5c4fdc68ea79', 'usr_576');
INSERT INTO trabalho.usuario_esta_inscrito_no_podcast VALUES (2, 'b553d865-8fe2-47de-9a30-10e1dea3bd1d', 'usr_576');
INSERT INTO trabalho.comentarios_podcast_usuario VALUES ('comment_576_0_1', 'Atque impedit animi vel velit error qui aut excepturi officiis.', 'b553d865-8fe2-47de-9a30-10e1dea3bd1d', 'usr_576');
INSERT INTO trabalho.comentarios_podcast_usuario VALUES ('comment_576_1_1', 'Officia excepturi aut at temporibus non nam.', 'b553d865-8fe2-47de-9a30-10e1dea3bd1d', 'usr_576');
INSERT INTO trabalho.comentarios_podcast_usuario VALUES ('comment_576_2_1', 'Tempore nihil voluptas modi enim in.', 'b553d865-8fe2-47de-9a30-10e1dea3bd1d', 'usr_576');
INSERT INTO trabalho.comentarios_podcast_usuario VALUES ('comment_576_3_1', 'Est quod perspiciatis corporis.', 'b553d865-8fe2-47de-9a30-10e1dea3bd1d', 'usr_576');
INSERT INTO trabalho.log_acesso VALUES ('log_576_0_1', 'b553d865-8fe2-47de-9a30-10e1dea3bd1d', 'usr_576');
INSERT INTO trabalho.log_acesso VALUES ('log_576_1_1', 'b553d865-8fe2-47de-9a30-10e1dea3bd1d', 'usr_576');
INSERT INTO trabalho.log_acesso VALUES ('log_576_2_1', 'b553d865-8fe2-47de-9a30-10e1dea3bd1d', 'usr_576');
INSERT INTO trabalho.usuario_esta_inscrito_no_podcast VALUES (5, '67074e68-bc2f-442b-8af2-7d328b6af6eb', 'usr_576');
INSERT INTO trabalho.comentarios_podcast_usuario VALUES ('comment_576_0_2', 'Et illo rerum cum laudantium quo debitis.', '67074e68-bc2f-442b-8af2-7d328b6af6eb', 'usr_576');
INSERT INTO trabalho.log_acesso VALUES ('log_576_0_2', '67074e68-bc2f-442b-8af2-7d328b6af6eb', 'usr_576');
INSERT INTO trabalho.log_acesso VALUES ('log_576_1_2', '67074e68-bc2f-442b-8af2-7d328b6af6eb', 'usr_576');
INSERT INTO trabalho.usuario VALUES ('usr_577', '577_Matheus78@live.com', 'Matheus Souza', 'male', 44, trabalho.hashPassword('Password123'), 'Filipinas');
INSERT INTO trabalho.usuario_esta_inscrito_no_podcast VALUES (0, 'fa3abe16-3645-4d22-a01d-893e6f20c408', 'usr_577');
INSERT INTO trabalho.comentarios_podcast_usuario VALUES ('comment_577_0_0', 'Omnis illum modi assumenda rem facilis laborum aut blanditiis dignissimos.', 'fa3abe16-3645-4d22-a01d-893e6f20c408', 'usr_577');
INSERT INTO trabalho.comentarios_podcast_usuario VALUES ('comment_577_1_0', 'Distinctio accusantium voluptas similique delectus sit animi veniam ut eaque.', 'fa3abe16-3645-4d22-a01d-893e6f20c408', 'usr_577');
INSERT INTO trabalho.comentarios_podcast_usuario VALUES ('comment_577_2_0', 'Sunt omnis nesciunt ut et amet laudantium excepturi deserunt pariatur.', 'fa3abe16-3645-4d22-a01d-893e6f20c408', 'usr_577');
INSERT INTO trabalho.log_acesso VALUES ('log_577_0_0', 'fa3abe16-3645-4d22-a01d-893e6f20c408', 'usr_577');
INSERT INTO trabalho.log_acesso VALUES ('log_577_1_0', 'fa3abe16-3645-4d22-a01d-893e6f20c408', 'usr_577');
INSERT INTO trabalho.log_acesso VALUES ('log_577_2_0', 'fa3abe16-3645-4d22-a01d-893e6f20c408', 'usr_577');
INSERT INTO trabalho.log_acesso VALUES ('log_577_3_0', 'fa3abe16-3645-4d22-a01d-893e6f20c408', 'usr_577');
INSERT INTO trabalho.log_acesso VALUES ('log_577_4_0', 'fa3abe16-3645-4d22-a01d-893e6f20c408', 'usr_577');
INSERT INTO trabalho.log_acesso VALUES ('log_577_5_0', 'fa3abe16-3645-4d22-a01d-893e6f20c408', 'usr_577');
INSERT INTO trabalho.log_acesso VALUES ('log_577_6_0', 'fa3abe16-3645-4d22-a01d-893e6f20c408', 'usr_577');
INSERT INTO trabalho.usuario_esta_inscrito_no_podcast VALUES (0, '67074e68-bc2f-442b-8af2-7d328b6af6eb', 'usr_577');
INSERT INTO trabalho.comentarios_podcast_usuario VALUES ('comment_577_0_1', 'Totam reiciendis occaecati inventore exercitationem sit quis.', '67074e68-bc2f-442b-8af2-7d328b6af6eb', 'usr_577');
INSERT INTO trabalho.log_acesso VALUES ('log_577_0_1', '67074e68-bc2f-442b-8af2-7d328b6af6eb', 'usr_577');
INSERT INTO trabalho.log_acesso VALUES ('log_577_1_1', '67074e68-bc2f-442b-8af2-7d328b6af6eb', 'usr_577');
INSERT INTO trabalho.log_acesso VALUES ('log_577_2_1', '67074e68-bc2f-442b-8af2-7d328b6af6eb', 'usr_577');
INSERT INTO trabalho.log_acesso VALUES ('log_577_3_1', '67074e68-bc2f-442b-8af2-7d328b6af6eb', 'usr_577');
INSERT INTO trabalho.usuario_esta_inscrito_no_podcast VALUES (0, 'de2f0ddb-9903-436a-a5e2-54224254c818', 'usr_577');
INSERT INTO trabalho.comentarios_podcast_usuario VALUES ('comment_577_0_2', 'Fugiat maiores tenetur cumque est culpa non vel facere non.', 'de2f0ddb-9903-436a-a5e2-54224254c818', 'usr_577');
INSERT INTO trabalho.log_acesso VALUES ('log_577_0_2', 'de2f0ddb-9903-436a-a5e2-54224254c818', 'usr_577');
INSERT INTO trabalho.log_acesso VALUES ('log_577_1_2', 'de2f0ddb-9903-436a-a5e2-54224254c818', 'usr_577');
INSERT INTO trabalho.log_acesso VALUES ('log_577_2_2', 'de2f0ddb-9903-436a-a5e2-54224254c818', 'usr_577');
INSERT INTO trabalho.log_acesso VALUES ('log_577_3_2', 'de2f0ddb-9903-436a-a5e2-54224254c818', 'usr_577');
INSERT INTO trabalho.usuario VALUES ('usr_578', '578_Nataniel_Melo@gmail.com', 'Nataniel Melo', 'male', 14, trabalho.hashPassword('Password123'), 'Luxemburgo');
INSERT INTO trabalho.usuario_esta_inscrito_no_podcast VALUES (4, 'f8e13774-d631-4f34-93f0-2f5d55590265', 'usr_578');
INSERT INTO trabalho.comentarios_podcast_usuario VALUES ('comment_578_0_0', 'Ut quo iusto sed dolor qui.', 'f8e13774-d631-4f34-93f0-2f5d55590265', 'usr_578');
INSERT INTO trabalho.comentarios_podcast_usuario VALUES ('comment_578_1_0', 'In error tenetur.', 'f8e13774-d631-4f34-93f0-2f5d55590265', 'usr_578');
INSERT INTO trabalho.comentarios_podcast_usuario VALUES ('comment_578_2_0', 'Ea voluptate culpa totam dolor optio omnis nisi reprehenderit.', 'f8e13774-d631-4f34-93f0-2f5d55590265', 'usr_578');
INSERT INTO trabalho.comentarios_podcast_usuario VALUES ('comment_578_3_0', 'Consequuntur ut ratione.', 'f8e13774-d631-4f34-93f0-2f5d55590265', 'usr_578');
INSERT INTO trabalho.log_acesso VALUES ('log_578_0_0', 'f8e13774-d631-4f34-93f0-2f5d55590265', 'usr_578');
INSERT INTO trabalho.log_acesso VALUES ('log_578_1_0', 'f8e13774-d631-4f34-93f0-2f5d55590265', 'usr_578');
INSERT INTO trabalho.log_acesso VALUES ('log_578_2_0', 'f8e13774-d631-4f34-93f0-2f5d55590265', 'usr_578');
INSERT INTO trabalho.log_acesso VALUES ('log_578_3_0', 'f8e13774-d631-4f34-93f0-2f5d55590265', 'usr_578');
INSERT INTO trabalho.log_acesso VALUES ('log_578_4_0', 'f8e13774-d631-4f34-93f0-2f5d55590265', 'usr_578');
INSERT INTO trabalho.usuario_esta_inscrito_no_podcast VALUES (1, '168c1536-4c42-4b8f-8c77-f06affefec6a', 'usr_578');
INSERT INTO trabalho.comentarios_podcast_usuario VALUES ('comment_578_0_1', 'Reiciendis quis totam nihil est totam et culpa aut inventore.', '168c1536-4c42-4b8f-8c77-f06affefec6a', 'usr_578');
INSERT INTO trabalho.comentarios_podcast_usuario VALUES ('comment_578_1_1', 'Soluta et ut aspernatur harum.', '168c1536-4c42-4b8f-8c77-f06affefec6a', 'usr_578');
INSERT INTO trabalho.comentarios_podcast_usuario VALUES ('comment_578_2_1', 'Laboriosam consequatur officia nisi deserunt ut ipsum repudiandae expedita.', '168c1536-4c42-4b8f-8c77-f06affefec6a', 'usr_578');
INSERT INTO trabalho.log_acesso VALUES ('log_578_0_1', '168c1536-4c42-4b8f-8c77-f06affefec6a', 'usr_578');
INSERT INTO trabalho.log_acesso VALUES ('log_578_1_1', '168c1536-4c42-4b8f-8c77-f06affefec6a', 'usr_578');
INSERT INTO trabalho.log_acesso VALUES ('log_578_2_1', '168c1536-4c42-4b8f-8c77-f06affefec6a', 'usr_578');
INSERT INTO trabalho.log_acesso VALUES ('log_578_3_1', '168c1536-4c42-4b8f-8c77-f06affefec6a', 'usr_578');
INSERT INTO trabalho.log_acesso VALUES ('log_578_4_1', '168c1536-4c42-4b8f-8c77-f06affefec6a', 'usr_578');
INSERT INTO trabalho.usuario_esta_inscrito_no_podcast VALUES (5, 'b553d865-8fe2-47de-9a30-10e1dea3bd1d', 'usr_578');
INSERT INTO trabalho.comentarios_podcast_usuario VALUES ('comment_578_0_2', 'Velit mollitia itaque amet corporis pariatur corrupti maiores.', 'b553d865-8fe2-47de-9a30-10e1dea3bd1d', 'usr_578');
INSERT INTO trabalho.comentarios_podcast_usuario VALUES ('comment_578_1_2', 'Odit rem odio omnis quia asperiores velit est.', 'b553d865-8fe2-47de-9a30-10e1dea3bd1d', 'usr_578');
INSERT INTO trabalho.comentarios_podcast_usuario VALUES ('comment_578_2_2', 'Laborum repellat iusto soluta tempora.', 'b553d865-8fe2-47de-9a30-10e1dea3bd1d', 'usr_578');
INSERT INTO trabalho.comentarios_podcast_usuario VALUES ('comment_578_3_2', 'Ipsum omnis cumque sint voluptatibus qui a quo at.', 'b553d865-8fe2-47de-9a30-10e1dea3bd1d', 'usr_578');
INSERT INTO trabalho.comentarios_podcast_usuario VALUES ('comment_578_4_2', 'Consequuntur possimus inventore necessitatibus cumque fugit aperiam sit cum distinctio.', 'b553d865-8fe2-47de-9a30-10e1dea3bd1d', 'usr_578');
INSERT INTO trabalho.comentarios_podcast_usuario VALUES ('comment_578_5_2', 'Aut ducimus ducimus.', 'b553d865-8fe2-47de-9a30-10e1dea3bd1d', 'usr_578');
INSERT INTO trabalho.log_acesso VALUES ('log_578_0_2', 'b553d865-8fe2-47de-9a30-10e1dea3bd1d', 'usr_578');
INSERT INTO trabalho.log_acesso VALUES ('log_578_1_2', 'b553d865-8fe2-47de-9a30-10e1dea3bd1d', 'usr_578');
INSERT INTO trabalho.usuario VALUES ('usr_579', '579_Csar.Silva76@gmail.com', 'César Silva', 'male', 4, trabalho.hashPassword('Password123'), 'Palau');
INSERT INTO trabalho.usuario_esta_inscrito_no_podcast VALUES (3, 'bc8dac25-793c-4a96-aafc-4ea7020f4f60', 'usr_579');
INSERT INTO trabalho.comentarios_podcast_usuario VALUES ('comment_579_0_0', 'Commodi accusantium a inventore ratione rerum vel impedit sit sit.', 'bc8dac25-793c-4a96-aafc-4ea7020f4f60', 'usr_579');
INSERT INTO trabalho.log_acesso VALUES ('log_579_0_0', 'bc8dac25-793c-4a96-aafc-4ea7020f4f60', 'usr_579');
INSERT INTO trabalho.log_acesso VALUES ('log_579_1_0', 'bc8dac25-793c-4a96-aafc-4ea7020f4f60', 'usr_579');
INSERT INTO trabalho.log_acesso VALUES ('log_579_2_0', 'bc8dac25-793c-4a96-aafc-4ea7020f4f60', 'usr_579');
INSERT INTO trabalho.log_acesso VALUES ('log_579_3_0', 'bc8dac25-793c-4a96-aafc-4ea7020f4f60', 'usr_579');
INSERT INTO trabalho.usuario_esta_inscrito_no_podcast VALUES (5, 'af46a958-b921-47b6-9f87-5c4fdc68ea79', 'usr_579');
INSERT INTO trabalho.comentarios_podcast_usuario VALUES ('comment_579_0_1', 'Optio in nemo consequuntur ut ut ut pariatur.', 'af46a958-b921-47b6-9f87-5c4fdc68ea79', 'usr_579');
INSERT INTO trabalho.log_acesso VALUES ('log_579_0_1', 'af46a958-b921-47b6-9f87-5c4fdc68ea79', 'usr_579');
INSERT INTO trabalho.log_acesso VALUES ('log_579_1_1', 'af46a958-b921-47b6-9f87-5c4fdc68ea79', 'usr_579');
INSERT INTO trabalho.log_acesso VALUES ('log_579_2_1', 'af46a958-b921-47b6-9f87-5c4fdc68ea79', 'usr_579');
INSERT INTO trabalho.log_acesso VALUES ('log_579_3_1', 'af46a958-b921-47b6-9f87-5c4fdc68ea79', 'usr_579');
INSERT INTO trabalho.usuario_esta_inscrito_no_podcast VALUES (0, '67074e68-bc2f-442b-8af2-7d328b6af6eb', 'usr_579');
INSERT INTO trabalho.comentarios_podcast_usuario VALUES ('comment_579_0_2', 'Commodi rerum maxime quis aut dolores.', '67074e68-bc2f-442b-8af2-7d328b6af6eb', 'usr_579');
INSERT INTO trabalho.comentarios_podcast_usuario VALUES ('comment_579_1_2', 'Neque corporis voluptatem.', '67074e68-bc2f-442b-8af2-7d328b6af6eb', 'usr_579');
INSERT INTO trabalho.comentarios_podcast_usuario VALUES ('comment_579_2_2', 'Id natus error.', '67074e68-bc2f-442b-8af2-7d328b6af6eb', 'usr_579');
INSERT INTO trabalho.comentarios_podcast_usuario VALUES ('comment_579_3_2', 'Qui corrupti culpa perferendis est enim non molestiae omnis.', '67074e68-bc2f-442b-8af2-7d328b6af6eb', 'usr_579');
INSERT INTO trabalho.comentarios_podcast_usuario VALUES ('comment_579_4_2', 'Consequatur voluptatem ratione saepe dolorem.', '67074e68-bc2f-442b-8af2-7d328b6af6eb', 'usr_579');
INSERT INTO trabalho.comentarios_podcast_usuario VALUES ('comment_579_5_2', 'Quod magni itaque iusto a.', '67074e68-bc2f-442b-8af2-7d328b6af6eb', 'usr_579');
INSERT INTO trabalho.log_acesso VALUES ('log_579_0_2', '67074e68-bc2f-442b-8af2-7d328b6af6eb', 'usr_579');
INSERT INTO trabalho.log_acesso VALUES ('log_579_1_2', '67074e68-bc2f-442b-8af2-7d328b6af6eb', 'usr_579');
INSERT INTO trabalho.usuario VALUES ('usr_580', '580_Hlio.Saraiva@live.com', 'Hélio Saraiva', 'male', 4, trabalho.hashPassword('Password123'), 'Lesoto');
INSERT INTO trabalho.usuario_esta_inscrito_no_podcast VALUES (4, '219328a1-cec6-4e8c-b003-52a3ec9766bb', 'usr_580');
INSERT INTO trabalho.comentarios_podcast_usuario VALUES ('comment_580_0_0', 'Sit magni expedita voluptas unde voluptatum saepe et.', '219328a1-cec6-4e8c-b003-52a3ec9766bb', 'usr_580');
INSERT INTO trabalho.comentarios_podcast_usuario VALUES ('comment_580_1_0', 'Voluptatem sed quia cupiditate fuga laudantium enim vero.', '219328a1-cec6-4e8c-b003-52a3ec9766bb', 'usr_580');
INSERT INTO trabalho.comentarios_podcast_usuario VALUES ('comment_580_2_0', 'Eveniet qui ab illum veritatis est delectus maxime iste eligendi.', '219328a1-cec6-4e8c-b003-52a3ec9766bb', 'usr_580');
INSERT INTO trabalho.log_acesso VALUES ('log_580_0_0', '219328a1-cec6-4e8c-b003-52a3ec9766bb', 'usr_580');
INSERT INTO trabalho.log_acesso VALUES ('log_580_1_0', '219328a1-cec6-4e8c-b003-52a3ec9766bb', 'usr_580');
INSERT INTO trabalho.log_acesso VALUES ('log_580_2_0', '219328a1-cec6-4e8c-b003-52a3ec9766bb', 'usr_580');
INSERT INTO trabalho.usuario_esta_inscrito_no_podcast VALUES (0, 'bc8dac25-793c-4a96-aafc-4ea7020f4f60', 'usr_580');
INSERT INTO trabalho.comentarios_podcast_usuario VALUES ('comment_580_0_1', 'Voluptatem illum quod recusandae tempora ducimus.', 'bc8dac25-793c-4a96-aafc-4ea7020f4f60', 'usr_580');
INSERT INTO trabalho.comentarios_podcast_usuario VALUES ('comment_580_1_1', 'Velit beatae ut possimus deleniti.', 'bc8dac25-793c-4a96-aafc-4ea7020f4f60', 'usr_580');
INSERT INTO trabalho.comentarios_podcast_usuario VALUES ('comment_580_2_1', 'Dolores voluptates odio quae.', 'bc8dac25-793c-4a96-aafc-4ea7020f4f60', 'usr_580');
INSERT INTO trabalho.comentarios_podcast_usuario VALUES ('comment_580_3_1', 'Natus velit rerum.', 'bc8dac25-793c-4a96-aafc-4ea7020f4f60', 'usr_580');
INSERT INTO trabalho.log_acesso VALUES ('log_580_0_1', 'bc8dac25-793c-4a96-aafc-4ea7020f4f60', 'usr_580');
INSERT INTO trabalho.log_acesso VALUES ('log_580_1_1', 'bc8dac25-793c-4a96-aafc-4ea7020f4f60', 'usr_580');
INSERT INTO trabalho.log_acesso VALUES ('log_580_2_1', 'bc8dac25-793c-4a96-aafc-4ea7020f4f60', 'usr_580');
INSERT INTO trabalho.log_acesso VALUES ('log_580_3_1', 'bc8dac25-793c-4a96-aafc-4ea7020f4f60', 'usr_580');
INSERT INTO trabalho.usuario_esta_inscrito_no_podcast VALUES (1, 'c58b280a-56d4-4ad8-8c85-730e4ea86361', 'usr_580');
INSERT INTO trabalho.comentarios_podcast_usuario VALUES ('comment_580_0_2', 'Itaque beatae aut aut earum velit magnam aut facilis maiores.', 'c58b280a-56d4-4ad8-8c85-730e4ea86361', 'usr_580');
INSERT INTO trabalho.comentarios_podcast_usuario VALUES ('comment_580_1_2', 'Quia aut aut rerum sit quod iusto et possimus.', 'c58b280a-56d4-4ad8-8c85-730e4ea86361', 'usr_580');
INSERT INTO trabalho.log_acesso VALUES ('log_580_0_2', 'c58b280a-56d4-4ad8-8c85-730e4ea86361', 'usr_580');
INSERT INTO trabalho.usuario VALUES ('usr_581', '581_Joana66@gmail.com', 'Joana Moreira', 'female', 15, trabalho.hashPassword('Password123'), 'São Vicente e Granadinas');
INSERT INTO trabalho.usuario_esta_inscrito_no_podcast VALUES (5, 'f1b92ce7-47a7-43cd-8586-4a09185cdd05', 'usr_581');
INSERT INTO trabalho.comentarios_podcast_usuario VALUES ('comment_581_0_0', 'Aut quam eligendi magnam iusto itaque velit.', 'f1b92ce7-47a7-43cd-8586-4a09185cdd05', 'usr_581');
INSERT INTO trabalho.comentarios_podcast_usuario VALUES ('comment_581_1_0', 'Temporibus tempore dignissimos exercitationem dolores harum eveniet pariatur corrupti.', 'f1b92ce7-47a7-43cd-8586-4a09185cdd05', 'usr_581');
INSERT INTO trabalho.log_acesso VALUES ('log_581_0_0', 'f1b92ce7-47a7-43cd-8586-4a09185cdd05', 'usr_581');
INSERT INTO trabalho.log_acesso VALUES ('log_581_1_0', 'f1b92ce7-47a7-43cd-8586-4a09185cdd05', 'usr_581');
INSERT INTO trabalho.log_acesso VALUES ('log_581_2_0', 'f1b92ce7-47a7-43cd-8586-4a09185cdd05', 'usr_581');
INSERT INTO trabalho.log_acesso VALUES ('log_581_3_0', 'f1b92ce7-47a7-43cd-8586-4a09185cdd05', 'usr_581');
INSERT INTO trabalho.usuario_esta_inscrito_no_podcast VALUES (4, 'de2f0ddb-9903-436a-a5e2-54224254c818', 'usr_581');
INSERT INTO trabalho.comentarios_podcast_usuario VALUES ('comment_581_0_1', 'Sunt sint porro quis hic et vel quidem molestiae.', 'de2f0ddb-9903-436a-a5e2-54224254c818', 'usr_581');
INSERT INTO trabalho.comentarios_podcast_usuario VALUES ('comment_581_1_1', 'Quia tenetur qui molestiae.', 'de2f0ddb-9903-436a-a5e2-54224254c818', 'usr_581');
INSERT INTO trabalho.comentarios_podcast_usuario VALUES ('comment_581_2_1', 'Sint vero ullam sit est magnam culpa officia.', 'de2f0ddb-9903-436a-a5e2-54224254c818', 'usr_581');
INSERT INTO trabalho.log_acesso VALUES ('log_581_0_1', 'de2f0ddb-9903-436a-a5e2-54224254c818', 'usr_581');
INSERT INTO trabalho.log_acesso VALUES ('log_581_1_1', 'de2f0ddb-9903-436a-a5e2-54224254c818', 'usr_581');
INSERT INTO trabalho.log_acesso VALUES ('log_581_2_1', 'de2f0ddb-9903-436a-a5e2-54224254c818', 'usr_581');
INSERT INTO trabalho.log_acesso VALUES ('log_581_3_1', 'de2f0ddb-9903-436a-a5e2-54224254c818', 'usr_581');
INSERT INTO trabalho.usuario_esta_inscrito_no_podcast VALUES (4, '7e429e8e-7669-403d-bb78-3cd7f9f75afd', 'usr_581');
INSERT INTO trabalho.comentarios_podcast_usuario VALUES ('comment_581_0_2', 'Provident est fugit laudantium molestiae et ut a.', '7e429e8e-7669-403d-bb78-3cd7f9f75afd', 'usr_581');
INSERT INTO trabalho.comentarios_podcast_usuario VALUES ('comment_581_1_2', 'Nihil esse soluta et.', '7e429e8e-7669-403d-bb78-3cd7f9f75afd', 'usr_581');
INSERT INTO trabalho.comentarios_podcast_usuario VALUES ('comment_581_2_2', 'Nulla et sint provident sed sed.', '7e429e8e-7669-403d-bb78-3cd7f9f75afd', 'usr_581');
INSERT INTO trabalho.comentarios_podcast_usuario VALUES ('comment_581_3_2', 'Architecto dolor est vitae ut consequatur.', '7e429e8e-7669-403d-bb78-3cd7f9f75afd', 'usr_581');
INSERT INTO trabalho.log_acesso VALUES ('log_581_0_2', '7e429e8e-7669-403d-bb78-3cd7f9f75afd', 'usr_581');
INSERT INTO trabalho.log_acesso VALUES ('log_581_1_2', '7e429e8e-7669-403d-bb78-3cd7f9f75afd', 'usr_581');
INSERT INTO trabalho.log_acesso VALUES ('log_581_2_2', '7e429e8e-7669-403d-bb78-3cd7f9f75afd', 'usr_581');
INSERT INTO trabalho.log_acesso VALUES ('log_581_3_2', '7e429e8e-7669-403d-bb78-3cd7f9f75afd', 'usr_581');
INSERT INTO trabalho.log_acesso VALUES ('log_581_4_2', '7e429e8e-7669-403d-bb78-3cd7f9f75afd', 'usr_581');
INSERT INTO trabalho.usuario VALUES ('usr_582', '582_Mrcia16@yahoo.com', 'Márcia Macedo', 'female', 18, trabalho.hashPassword('Password123'), 'Síria');
INSERT INTO trabalho.usuario_esta_inscrito_no_podcast VALUES (3, 'bc8dac25-793c-4a96-aafc-4ea7020f4f60', 'usr_582');
INSERT INTO trabalho.comentarios_podcast_usuario VALUES ('comment_582_0_0', 'Ea impedit mollitia dolor.', 'bc8dac25-793c-4a96-aafc-4ea7020f4f60', 'usr_582');
INSERT INTO trabalho.comentarios_podcast_usuario VALUES ('comment_582_1_0', 'Alias dolore labore fuga optio.', 'bc8dac25-793c-4a96-aafc-4ea7020f4f60', 'usr_582');
INSERT INTO trabalho.comentarios_podcast_usuario VALUES ('comment_582_2_0', 'Ea eum error molestiae consequatur facere aperiam expedita ut itaque.', 'bc8dac25-793c-4a96-aafc-4ea7020f4f60', 'usr_582');
INSERT INTO trabalho.log_acesso VALUES ('log_582_0_0', 'bc8dac25-793c-4a96-aafc-4ea7020f4f60', 'usr_582');
INSERT INTO trabalho.log_acesso VALUES ('log_582_1_0', 'bc8dac25-793c-4a96-aafc-4ea7020f4f60', 'usr_582');
INSERT INTO trabalho.log_acesso VALUES ('log_582_2_0', 'bc8dac25-793c-4a96-aafc-4ea7020f4f60', 'usr_582');
INSERT INTO trabalho.usuario_esta_inscrito_no_podcast VALUES (2, 'f0166bd2-8e4d-4308-b5d7-0b3d627c5dc5', 'usr_582');
INSERT INTO trabalho.comentarios_podcast_usuario VALUES ('comment_582_0_1', 'Officiis fuga soluta beatae magni aut pariatur eius nulla velit.', 'f0166bd2-8e4d-4308-b5d7-0b3d627c5dc5', 'usr_582');
INSERT INTO trabalho.comentarios_podcast_usuario VALUES ('comment_582_1_1', 'Saepe deleniti delectus illum corporis aut qui.', 'f0166bd2-8e4d-4308-b5d7-0b3d627c5dc5', 'usr_582');
INSERT INTO trabalho.comentarios_podcast_usuario VALUES ('comment_582_2_1', 'Quas quia veniam est facilis.', 'f0166bd2-8e4d-4308-b5d7-0b3d627c5dc5', 'usr_582');
INSERT INTO trabalho.comentarios_podcast_usuario VALUES ('comment_582_3_1', 'Ea unde odit nostrum illum.', 'f0166bd2-8e4d-4308-b5d7-0b3d627c5dc5', 'usr_582');
INSERT INTO trabalho.comentarios_podcast_usuario VALUES ('comment_582_4_1', 'Et at dolorum at sed vero fuga.', 'f0166bd2-8e4d-4308-b5d7-0b3d627c5dc5', 'usr_582');
INSERT INTO trabalho.comentarios_podcast_usuario VALUES ('comment_582_5_1', 'Beatae cum corporis optio vero suscipit vero.', 'f0166bd2-8e4d-4308-b5d7-0b3d627c5dc5', 'usr_582');
INSERT INTO trabalho.log_acesso VALUES ('log_582_0_1', 'f0166bd2-8e4d-4308-b5d7-0b3d627c5dc5', 'usr_582');
INSERT INTO trabalho.log_acesso VALUES ('log_582_1_1', 'f0166bd2-8e4d-4308-b5d7-0b3d627c5dc5', 'usr_582');
INSERT INTO trabalho.log_acesso VALUES ('log_582_2_1', 'f0166bd2-8e4d-4308-b5d7-0b3d627c5dc5', 'usr_582');
INSERT INTO trabalho.log_acesso VALUES ('log_582_3_1', 'f0166bd2-8e4d-4308-b5d7-0b3d627c5dc5', 'usr_582');
INSERT INTO trabalho.log_acesso VALUES ('log_582_4_1', 'f0166bd2-8e4d-4308-b5d7-0b3d627c5dc5', 'usr_582');
INSERT INTO trabalho.log_acesso VALUES ('log_582_5_1', 'f0166bd2-8e4d-4308-b5d7-0b3d627c5dc5', 'usr_582');
INSERT INTO trabalho.usuario_esta_inscrito_no_podcast VALUES (4, 'b553d865-8fe2-47de-9a30-10e1dea3bd1d', 'usr_582');
INSERT INTO trabalho.comentarios_podcast_usuario VALUES ('comment_582_0_2', 'Maiores laudantium dolor impedit quod aspernatur mollitia.', 'b553d865-8fe2-47de-9a30-10e1dea3bd1d', 'usr_582');
INSERT INTO trabalho.comentarios_podcast_usuario VALUES ('comment_582_1_2', 'Et totam unde dolores aperiam commodi sequi.', 'b553d865-8fe2-47de-9a30-10e1dea3bd1d', 'usr_582');
INSERT INTO trabalho.comentarios_podcast_usuario VALUES ('comment_582_2_2', 'Aliquid alias commodi.', 'b553d865-8fe2-47de-9a30-10e1dea3bd1d', 'usr_582');
INSERT INTO trabalho.log_acesso VALUES ('log_582_0_2', 'b553d865-8fe2-47de-9a30-10e1dea3bd1d', 'usr_582');
INSERT INTO trabalho.log_acesso VALUES ('log_582_1_2', 'b553d865-8fe2-47de-9a30-10e1dea3bd1d', 'usr_582');
INSERT INTO trabalho.usuario VALUES ('usr_583', '583_Miguel.Saraiva@live.com', 'Miguel Saraiva', 'male', 0, trabalho.hashPassword('Password123'), 'Guiana');
INSERT INTO trabalho.usuario_esta_inscrito_no_podcast VALUES (0, '67074e68-bc2f-442b-8af2-7d328b6af6eb', 'usr_583');
INSERT INTO trabalho.comentarios_podcast_usuario VALUES ('comment_583_0_0', 'Aut dicta adipisci nihil dolore neque tempora enim.', '67074e68-bc2f-442b-8af2-7d328b6af6eb', 'usr_583');
INSERT INTO trabalho.comentarios_podcast_usuario VALUES ('comment_583_1_0', 'Id maxime vero voluptatem quia praesentium ullam ut incidunt.', '67074e68-bc2f-442b-8af2-7d328b6af6eb', 'usr_583');
INSERT INTO trabalho.log_acesso VALUES ('log_583_0_0', '67074e68-bc2f-442b-8af2-7d328b6af6eb', 'usr_583');
INSERT INTO trabalho.log_acesso VALUES ('log_583_1_0', '67074e68-bc2f-442b-8af2-7d328b6af6eb', 'usr_583');
INSERT INTO trabalho.log_acesso VALUES ('log_583_2_0', '67074e68-bc2f-442b-8af2-7d328b6af6eb', 'usr_583');
INSERT INTO trabalho.usuario_esta_inscrito_no_podcast VALUES (4, 'f1b92ce7-47a7-43cd-8586-4a09185cdd05', 'usr_583');
INSERT INTO trabalho.comentarios_podcast_usuario VALUES ('comment_583_0_1', 'Ut laborum sapiente cum pariatur fuga ea et ea.', 'f1b92ce7-47a7-43cd-8586-4a09185cdd05', 'usr_583');
INSERT INTO trabalho.comentarios_podcast_usuario VALUES ('comment_583_1_1', 'Dignissimos omnis eius asperiores vitae.', 'f1b92ce7-47a7-43cd-8586-4a09185cdd05', 'usr_583');
INSERT INTO trabalho.comentarios_podcast_usuario VALUES ('comment_583_2_1', 'Minima error at ea maxime deleniti accusantium omnis ex.', 'f1b92ce7-47a7-43cd-8586-4a09185cdd05', 'usr_583');
INSERT INTO trabalho.log_acesso VALUES ('log_583_0_1', 'f1b92ce7-47a7-43cd-8586-4a09185cdd05', 'usr_583');
INSERT INTO trabalho.log_acesso VALUES ('log_583_1_1', 'f1b92ce7-47a7-43cd-8586-4a09185cdd05', 'usr_583');
INSERT INTO trabalho.log_acesso VALUES ('log_583_2_1', 'f1b92ce7-47a7-43cd-8586-4a09185cdd05', 'usr_583');
INSERT INTO trabalho.log_acesso VALUES ('log_583_3_1', 'f1b92ce7-47a7-43cd-8586-4a09185cdd05', 'usr_583');
INSERT INTO trabalho.usuario_esta_inscrito_no_podcast VALUES (2, 'bc8dac25-793c-4a96-aafc-4ea7020f4f60', 'usr_583');
INSERT INTO trabalho.comentarios_podcast_usuario VALUES ('comment_583_0_2', 'Optio distinctio et ut sunt reiciendis.', 'bc8dac25-793c-4a96-aafc-4ea7020f4f60', 'usr_583');
INSERT INTO trabalho.comentarios_podcast_usuario VALUES ('comment_583_1_2', 'Ea quia suscipit deleniti.', 'bc8dac25-793c-4a96-aafc-4ea7020f4f60', 'usr_583');
INSERT INTO trabalho.comentarios_podcast_usuario VALUES ('comment_583_2_2', 'Molestiae ex sit est dolores odit et harum aut.', 'bc8dac25-793c-4a96-aafc-4ea7020f4f60', 'usr_583');
INSERT INTO trabalho.log_acesso VALUES ('log_583_0_2', 'bc8dac25-793c-4a96-aafc-4ea7020f4f60', 'usr_583');
INSERT INTO trabalho.log_acesso VALUES ('log_583_1_2', 'bc8dac25-793c-4a96-aafc-4ea7020f4f60', 'usr_583');
INSERT INTO trabalho.log_acesso VALUES ('log_583_2_2', 'bc8dac25-793c-4a96-aafc-4ea7020f4f60', 'usr_583');
INSERT INTO trabalho.log_acesso VALUES ('log_583_3_2', 'bc8dac25-793c-4a96-aafc-4ea7020f4f60', 'usr_583');
INSERT INTO trabalho.usuario VALUES ('usr_584', '584_Matheus.Oliveira@gmail.com', 'Matheus Oliveira', 'male', 29, trabalho.hashPassword('Password123'), 'São Pedro e Miquelão');
INSERT INTO trabalho.usuario_esta_inscrito_no_podcast VALUES (4, '219328a1-cec6-4e8c-b003-52a3ec9766bb', 'usr_584');
INSERT INTO trabalho.comentarios_podcast_usuario VALUES ('comment_584_0_0', 'Neque sint consequatur alias inventore aut rerum reprehenderit.', '219328a1-cec6-4e8c-b003-52a3ec9766bb', 'usr_584');
INSERT INTO trabalho.comentarios_podcast_usuario VALUES ('comment_584_1_0', 'Non voluptatibus officia dolorem nemo quia.', '219328a1-cec6-4e8c-b003-52a3ec9766bb', 'usr_584');
INSERT INTO trabalho.comentarios_podcast_usuario VALUES ('comment_584_2_0', 'Totam quasi fuga temporibus odio voluptatem magni facilis placeat.', '219328a1-cec6-4e8c-b003-52a3ec9766bb', 'usr_584');
INSERT INTO trabalho.log_acesso VALUES ('log_584_0_0', '219328a1-cec6-4e8c-b003-52a3ec9766bb', 'usr_584');
INSERT INTO trabalho.log_acesso VALUES ('log_584_1_0', '219328a1-cec6-4e8c-b003-52a3ec9766bb', 'usr_584');
INSERT INTO trabalho.log_acesso VALUES ('log_584_2_0', '219328a1-cec6-4e8c-b003-52a3ec9766bb', 'usr_584');
INSERT INTO trabalho.usuario_esta_inscrito_no_podcast VALUES (0, 'af46a958-b921-47b6-9f87-5c4fdc68ea79', 'usr_584');
INSERT INTO trabalho.comentarios_podcast_usuario VALUES ('comment_584_0_1', 'Blanditiis reiciendis dolorem culpa fuga eos qui et.', 'af46a958-b921-47b6-9f87-5c4fdc68ea79', 'usr_584');
INSERT INTO trabalho.comentarios_podcast_usuario VALUES ('comment_584_1_1', 'Doloribus distinctio debitis ut quo laudantium natus et quia.', 'af46a958-b921-47b6-9f87-5c4fdc68ea79', 'usr_584');
INSERT INTO trabalho.comentarios_podcast_usuario VALUES ('comment_584_2_1', 'Aut molestiae nesciunt est repellendus quibusdam.', 'af46a958-b921-47b6-9f87-5c4fdc68ea79', 'usr_584');
INSERT INTO trabalho.comentarios_podcast_usuario VALUES ('comment_584_3_1', 'Qui quidem recusandae quisquam fuga sit doloremque rerum molestiae non.', 'af46a958-b921-47b6-9f87-5c4fdc68ea79', 'usr_584');
INSERT INTO trabalho.comentarios_podcast_usuario VALUES ('comment_584_4_1', 'Delectus voluptatibus est velit.', 'af46a958-b921-47b6-9f87-5c4fdc68ea79', 'usr_584');
INSERT INTO trabalho.log_acesso VALUES ('log_584_0_1', 'af46a958-b921-47b6-9f87-5c4fdc68ea79', 'usr_584');
INSERT INTO trabalho.log_acesso VALUES ('log_584_1_1', 'af46a958-b921-47b6-9f87-5c4fdc68ea79', 'usr_584');
INSERT INTO trabalho.log_acesso VALUES ('log_584_2_1', 'af46a958-b921-47b6-9f87-5c4fdc68ea79', 'usr_584');
INSERT INTO trabalho.usuario_esta_inscrito_no_podcast VALUES (5, 'f8e13774-d631-4f34-93f0-2f5d55590265', 'usr_584');
INSERT INTO trabalho.comentarios_podcast_usuario VALUES ('comment_584_0_2', 'Facere quis eum ea doloribus maiores sequi sapiente voluptatum.', 'f8e13774-d631-4f34-93f0-2f5d55590265', 'usr_584');
INSERT INTO trabalho.comentarios_podcast_usuario VALUES ('comment_584_1_2', 'Dolore earum aut rerum.', 'f8e13774-d631-4f34-93f0-2f5d55590265', 'usr_584');
INSERT INTO trabalho.comentarios_podcast_usuario VALUES ('comment_584_2_2', 'Sit quas voluptates quod.', 'f8e13774-d631-4f34-93f0-2f5d55590265', 'usr_584');
INSERT INTO trabalho.comentarios_podcast_usuario VALUES ('comment_584_3_2', 'In minima ut deleniti.', 'f8e13774-d631-4f34-93f0-2f5d55590265', 'usr_584');
INSERT INTO trabalho.log_acesso VALUES ('log_584_0_2', 'f8e13774-d631-4f34-93f0-2f5d55590265', 'usr_584');
INSERT INTO trabalho.log_acesso VALUES ('log_584_1_2', 'f8e13774-d631-4f34-93f0-2f5d55590265', 'usr_584');
INSERT INTO trabalho.log_acesso VALUES ('log_584_2_2', 'f8e13774-d631-4f34-93f0-2f5d55590265', 'usr_584');
INSERT INTO trabalho.usuario VALUES ('usr_585', '585_Miguel36@yahoo.com', 'Miguel Martins', 'male', 43, trabalho.hashPassword('Password123'), 'Gabão');
INSERT INTO trabalho.usuario_esta_inscrito_no_podcast VALUES (3, 'bc8dac25-793c-4a96-aafc-4ea7020f4f60', 'usr_585');
INSERT INTO trabalho.comentarios_podcast_usuario VALUES ('comment_585_0_0', 'Voluptas aperiam mollitia ut vero eum.', 'bc8dac25-793c-4a96-aafc-4ea7020f4f60', 'usr_585');
INSERT INTO trabalho.comentarios_podcast_usuario VALUES ('comment_585_1_0', 'Soluta totam fugiat velit ipsam ut deleniti ullam similique.', 'bc8dac25-793c-4a96-aafc-4ea7020f4f60', 'usr_585');
INSERT INTO trabalho.comentarios_podcast_usuario VALUES ('comment_585_2_0', 'Consequatur facere quae ut optio sint natus qui aspernatur dignissimos.', 'bc8dac25-793c-4a96-aafc-4ea7020f4f60', 'usr_585');
INSERT INTO trabalho.log_acesso VALUES ('log_585_0_0', 'bc8dac25-793c-4a96-aafc-4ea7020f4f60', 'usr_585');
INSERT INTO trabalho.log_acesso VALUES ('log_585_1_0', 'bc8dac25-793c-4a96-aafc-4ea7020f4f60', 'usr_585');
INSERT INTO trabalho.log_acesso VALUES ('log_585_2_0', 'bc8dac25-793c-4a96-aafc-4ea7020f4f60', 'usr_585');
INSERT INTO trabalho.usuario_esta_inscrito_no_podcast VALUES (3, '219328a1-cec6-4e8c-b003-52a3ec9766bb', 'usr_585');
INSERT INTO trabalho.comentarios_podcast_usuario VALUES ('comment_585_0_1', 'Ipsum sint minus quia non nulla quia dolorem est voluptatem.', '219328a1-cec6-4e8c-b003-52a3ec9766bb', 'usr_585');
INSERT INTO trabalho.comentarios_podcast_usuario VALUES ('comment_585_1_1', 'Tempore enim eius doloremque provident est.', '219328a1-cec6-4e8c-b003-52a3ec9766bb', 'usr_585');
INSERT INTO trabalho.comentarios_podcast_usuario VALUES ('comment_585_2_1', 'Sint unde nisi eaque quaerat.', '219328a1-cec6-4e8c-b003-52a3ec9766bb', 'usr_585');
INSERT INTO trabalho.log_acesso VALUES ('log_585_0_1', '219328a1-cec6-4e8c-b003-52a3ec9766bb', 'usr_585');
INSERT INTO trabalho.log_acesso VALUES ('log_585_1_1', '219328a1-cec6-4e8c-b003-52a3ec9766bb', 'usr_585');
INSERT INTO trabalho.usuario_esta_inscrito_no_podcast VALUES (2, '7e429e8e-7669-403d-bb78-3cd7f9f75afd', 'usr_585');
INSERT INTO trabalho.comentarios_podcast_usuario VALUES ('comment_585_0_2', 'Beatae vel deleniti molestiae id quod dolores.', '7e429e8e-7669-403d-bb78-3cd7f9f75afd', 'usr_585');
INSERT INTO trabalho.comentarios_podcast_usuario VALUES ('comment_585_1_2', 'Amet amet et quos nostrum ut quas.', '7e429e8e-7669-403d-bb78-3cd7f9f75afd', 'usr_585');
INSERT INTO trabalho.log_acesso VALUES ('log_585_0_2', '7e429e8e-7669-403d-bb78-3cd7f9f75afd', 'usr_585');
INSERT INTO trabalho.log_acesso VALUES ('log_585_1_2', '7e429e8e-7669-403d-bb78-3cd7f9f75afd', 'usr_585');
INSERT INTO trabalho.usuario VALUES ('usr_586', '586_Emanuel_Santos66@bol.com.br', 'Emanuel Santos', 'male', 57, trabalho.hashPassword('Password123'), 'Guiana');
INSERT INTO trabalho.usuario_esta_inscrito_no_podcast VALUES (0, 'b553d865-8fe2-47de-9a30-10e1dea3bd1d', 'usr_586');
INSERT INTO trabalho.comentarios_podcast_usuario VALUES ('comment_586_0_0', 'Commodi iusto quia doloremque et expedita tempora animi tempora.', 'b553d865-8fe2-47de-9a30-10e1dea3bd1d', 'usr_586');
INSERT INTO trabalho.comentarios_podcast_usuario VALUES ('comment_586_1_0', 'Et consequatur nam et et quo optio.', 'b553d865-8fe2-47de-9a30-10e1dea3bd1d', 'usr_586');
INSERT INTO trabalho.comentarios_podcast_usuario VALUES ('comment_586_2_0', 'Minus nemo pariatur possimus officiis.', 'b553d865-8fe2-47de-9a30-10e1dea3bd1d', 'usr_586');
INSERT INTO trabalho.comentarios_podcast_usuario VALUES ('comment_586_3_0', 'Quae eius qui est deleniti voluptatum similique.', 'b553d865-8fe2-47de-9a30-10e1dea3bd1d', 'usr_586');
INSERT INTO trabalho.log_acesso VALUES ('log_586_0_0', 'b553d865-8fe2-47de-9a30-10e1dea3bd1d', 'usr_586');
INSERT INTO trabalho.log_acesso VALUES ('log_586_1_0', 'b553d865-8fe2-47de-9a30-10e1dea3bd1d', 'usr_586');
INSERT INTO trabalho.log_acesso VALUES ('log_586_2_0', 'b553d865-8fe2-47de-9a30-10e1dea3bd1d', 'usr_586');
INSERT INTO trabalho.usuario_esta_inscrito_no_podcast VALUES (4, 'c58b280a-56d4-4ad8-8c85-730e4ea86361', 'usr_586');
INSERT INTO trabalho.comentarios_podcast_usuario VALUES ('comment_586_0_1', 'Reprehenderit odit molestias.', 'c58b280a-56d4-4ad8-8c85-730e4ea86361', 'usr_586');
INSERT INTO trabalho.comentarios_podcast_usuario VALUES ('comment_586_1_1', 'Inventore doloremque in ullam quibusdam placeat tenetur consequatur eligendi culpa.', 'c58b280a-56d4-4ad8-8c85-730e4ea86361', 'usr_586');
INSERT INTO trabalho.comentarios_podcast_usuario VALUES ('comment_586_2_1', 'Pariatur voluptate distinctio consectetur illo culpa quibusdam incidunt.', 'c58b280a-56d4-4ad8-8c85-730e4ea86361', 'usr_586');
INSERT INTO trabalho.comentarios_podcast_usuario VALUES ('comment_586_3_1', 'Dolores ab consequatur et magnam alias quos deleniti.', 'c58b280a-56d4-4ad8-8c85-730e4ea86361', 'usr_586');
INSERT INTO trabalho.log_acesso VALUES ('log_586_0_1', 'c58b280a-56d4-4ad8-8c85-730e4ea86361', 'usr_586');
INSERT INTO trabalho.log_acesso VALUES ('log_586_1_1', 'c58b280a-56d4-4ad8-8c85-730e4ea86361', 'usr_586');
INSERT INTO trabalho.log_acesso VALUES ('log_586_2_1', 'c58b280a-56d4-4ad8-8c85-730e4ea86361', 'usr_586');
INSERT INTO trabalho.usuario_esta_inscrito_no_podcast VALUES (2, 'f1b92ce7-47a7-43cd-8586-4a09185cdd05', 'usr_586');
INSERT INTO trabalho.comentarios_podcast_usuario VALUES ('comment_586_0_2', 'Ipsa quis et.', 'f1b92ce7-47a7-43cd-8586-4a09185cdd05', 'usr_586');
INSERT INTO trabalho.comentarios_podcast_usuario VALUES ('comment_586_1_2', 'Fugit nesciunt esse velit quia.', 'f1b92ce7-47a7-43cd-8586-4a09185cdd05', 'usr_586');
INSERT INTO trabalho.comentarios_podcast_usuario VALUES ('comment_586_2_2', 'Velit suscipit quidem quis expedita et soluta sunt.', 'f1b92ce7-47a7-43cd-8586-4a09185cdd05', 'usr_586');
INSERT INTO trabalho.comentarios_podcast_usuario VALUES ('comment_586_3_2', 'Est sed dolorem.', 'f1b92ce7-47a7-43cd-8586-4a09185cdd05', 'usr_586');
INSERT INTO trabalho.log_acesso VALUES ('log_586_0_2', 'f1b92ce7-47a7-43cd-8586-4a09185cdd05', 'usr_586');
INSERT INTO trabalho.log_acesso VALUES ('log_586_1_2', 'f1b92ce7-47a7-43cd-8586-4a09185cdd05', 'usr_586');
INSERT INTO trabalho.log_acesso VALUES ('log_586_2_2', 'f1b92ce7-47a7-43cd-8586-4a09185cdd05', 'usr_586');
INSERT INTO trabalho.log_acesso VALUES ('log_586_3_2', 'f1b92ce7-47a7-43cd-8586-4a09185cdd05', 'usr_586');
INSERT INTO trabalho.usuario VALUES ('usr_587', '587_Antonella.Braga56@gmail.com', 'Antonella Braga', 'female', 16, trabalho.hashPassword('Password123'), 'Tailândia');
INSERT INTO trabalho.usuario_esta_inscrito_no_podcast VALUES (1, 'f0166bd2-8e4d-4308-b5d7-0b3d627c5dc5', 'usr_587');
INSERT INTO trabalho.comentarios_podcast_usuario VALUES ('comment_587_0_0', 'Quos est dolor et consequatur dignissimos dolorem.', 'f0166bd2-8e4d-4308-b5d7-0b3d627c5dc5', 'usr_587');
INSERT INTO trabalho.comentarios_podcast_usuario VALUES ('comment_587_1_0', 'Vel at accusamus ut consectetur vel deserunt ut dolorem.', 'f0166bd2-8e4d-4308-b5d7-0b3d627c5dc5', 'usr_587');
INSERT INTO trabalho.log_acesso VALUES ('log_587_0_0', 'f0166bd2-8e4d-4308-b5d7-0b3d627c5dc5', 'usr_587');
INSERT INTO trabalho.log_acesso VALUES ('log_587_1_0', 'f0166bd2-8e4d-4308-b5d7-0b3d627c5dc5', 'usr_587');
INSERT INTO trabalho.log_acesso VALUES ('log_587_2_0', 'f0166bd2-8e4d-4308-b5d7-0b3d627c5dc5', 'usr_587');
INSERT INTO trabalho.usuario_esta_inscrito_no_podcast VALUES (5, 'f8e13774-d631-4f34-93f0-2f5d55590265', 'usr_587');
INSERT INTO trabalho.comentarios_podcast_usuario VALUES ('comment_587_0_1', 'Accusantium maxime eligendi.', 'f8e13774-d631-4f34-93f0-2f5d55590265', 'usr_587');
INSERT INTO trabalho.comentarios_podcast_usuario VALUES ('comment_587_1_1', 'Id fuga animi sit.', 'f8e13774-d631-4f34-93f0-2f5d55590265', 'usr_587');
INSERT INTO trabalho.comentarios_podcast_usuario VALUES ('comment_587_2_1', 'Quaerat corporis harum est et et ut aut rerum eaque.', 'f8e13774-d631-4f34-93f0-2f5d55590265', 'usr_587');
INSERT INTO trabalho.log_acesso VALUES ('log_587_0_1', 'f8e13774-d631-4f34-93f0-2f5d55590265', 'usr_587');
INSERT INTO trabalho.log_acesso VALUES ('log_587_1_1', 'f8e13774-d631-4f34-93f0-2f5d55590265', 'usr_587');
INSERT INTO trabalho.log_acesso VALUES ('log_587_2_1', 'f8e13774-d631-4f34-93f0-2f5d55590265', 'usr_587');
INSERT INTO trabalho.log_acesso VALUES ('log_587_3_1', 'f8e13774-d631-4f34-93f0-2f5d55590265', 'usr_587');
INSERT INTO trabalho.usuario_esta_inscrito_no_podcast VALUES (0, '168c1536-4c42-4b8f-8c77-f06affefec6a', 'usr_587');
INSERT INTO trabalho.comentarios_podcast_usuario VALUES ('comment_587_0_2', 'Voluptate eos sint vitae natus.', '168c1536-4c42-4b8f-8c77-f06affefec6a', 'usr_587');
INSERT INTO trabalho.comentarios_podcast_usuario VALUES ('comment_587_1_2', 'Omnis itaque veniam.', '168c1536-4c42-4b8f-8c77-f06affefec6a', 'usr_587');
INSERT INTO trabalho.log_acesso VALUES ('log_587_0_2', '168c1536-4c42-4b8f-8c77-f06affefec6a', 'usr_587');
INSERT INTO trabalho.log_acesso VALUES ('log_587_1_2', '168c1536-4c42-4b8f-8c77-f06affefec6a', 'usr_587');
INSERT INTO trabalho.log_acesso VALUES ('log_587_2_2', '168c1536-4c42-4b8f-8c77-f06affefec6a', 'usr_587');
INSERT INTO trabalho.log_acesso VALUES ('log_587_3_2', '168c1536-4c42-4b8f-8c77-f06affefec6a', 'usr_587');
INSERT INTO trabalho.log_acesso VALUES ('log_587_4_2', '168c1536-4c42-4b8f-8c77-f06affefec6a', 'usr_587');
INSERT INTO trabalho.usuario VALUES ('usr_588', '588_MariaHelena72@bol.com.br', 'Maria Helena Souza', 'female', 34, trabalho.hashPassword('Password123'), 'Estônia');
INSERT INTO trabalho.usuario_esta_inscrito_no_podcast VALUES (5, 'f8e13774-d631-4f34-93f0-2f5d55590265', 'usr_588');
INSERT INTO trabalho.comentarios_podcast_usuario VALUES ('comment_588_0_0', 'Pariatur aut quis dolore voluptate eaque in dolor.', 'f8e13774-d631-4f34-93f0-2f5d55590265', 'usr_588');
INSERT INTO trabalho.comentarios_podcast_usuario VALUES ('comment_588_1_0', 'Ullam quibusdam delectus debitis reiciendis sed ut alias rerum.', 'f8e13774-d631-4f34-93f0-2f5d55590265', 'usr_588');
INSERT INTO trabalho.log_acesso VALUES ('log_588_0_0', 'f8e13774-d631-4f34-93f0-2f5d55590265', 'usr_588');
INSERT INTO trabalho.log_acesso VALUES ('log_588_1_0', 'f8e13774-d631-4f34-93f0-2f5d55590265', 'usr_588');
INSERT INTO trabalho.log_acesso VALUES ('log_588_2_0', 'f8e13774-d631-4f34-93f0-2f5d55590265', 'usr_588');
INSERT INTO trabalho.log_acesso VALUES ('log_588_3_0', 'f8e13774-d631-4f34-93f0-2f5d55590265', 'usr_588');
INSERT INTO trabalho.usuario_esta_inscrito_no_podcast VALUES (4, '168c1536-4c42-4b8f-8c77-f06affefec6a', 'usr_588');
INSERT INTO trabalho.comentarios_podcast_usuario VALUES ('comment_588_0_1', 'Quae est dolores tenetur repellat.', '168c1536-4c42-4b8f-8c77-f06affefec6a', 'usr_588');
INSERT INTO trabalho.comentarios_podcast_usuario VALUES ('comment_588_1_1', 'Eius et distinctio assumenda asperiores nihil.', '168c1536-4c42-4b8f-8c77-f06affefec6a', 'usr_588');
INSERT INTO trabalho.comentarios_podcast_usuario VALUES ('comment_588_2_1', 'Harum fugiat consequatur quos provident qui.', '168c1536-4c42-4b8f-8c77-f06affefec6a', 'usr_588');
INSERT INTO trabalho.log_acesso VALUES ('log_588_0_1', '168c1536-4c42-4b8f-8c77-f06affefec6a', 'usr_588');
INSERT INTO trabalho.log_acesso VALUES ('log_588_1_1', '168c1536-4c42-4b8f-8c77-f06affefec6a', 'usr_588');
INSERT INTO trabalho.log_acesso VALUES ('log_588_2_1', '168c1536-4c42-4b8f-8c77-f06affefec6a', 'usr_588');
INSERT INTO trabalho.usuario_esta_inscrito_no_podcast VALUES (3, 'c58b280a-56d4-4ad8-8c85-730e4ea86361', 'usr_588');
INSERT INTO trabalho.comentarios_podcast_usuario VALUES ('comment_588_0_2', 'Omnis dignissimos praesentium sed accusantium officia et iste asperiores.', 'c58b280a-56d4-4ad8-8c85-730e4ea86361', 'usr_588');
INSERT INTO trabalho.comentarios_podcast_usuario VALUES ('comment_588_1_2', 'Quaerat optio doloremque deleniti.', 'c58b280a-56d4-4ad8-8c85-730e4ea86361', 'usr_588');
INSERT INTO trabalho.log_acesso VALUES ('log_588_0_2', 'c58b280a-56d4-4ad8-8c85-730e4ea86361', 'usr_588');
INSERT INTO trabalho.log_acesso VALUES ('log_588_1_2', 'c58b280a-56d4-4ad8-8c85-730e4ea86361', 'usr_588');
INSERT INTO trabalho.usuario VALUES ('usr_589', '589_Elo47@bol.com.br', 'Eloá Saraiva', 'female', 51, trabalho.hashPassword('Password123'), 'Costa do Marfim');
INSERT INTO trabalho.usuario_esta_inscrito_no_podcast VALUES (3, 'bc8dac25-793c-4a96-aafc-4ea7020f4f60', 'usr_589');
INSERT INTO trabalho.comentarios_podcast_usuario VALUES ('comment_589_0_0', 'Odio et aut porro officia quia magnam ut.', 'bc8dac25-793c-4a96-aafc-4ea7020f4f60', 'usr_589');
INSERT INTO trabalho.comentarios_podcast_usuario VALUES ('comment_589_1_0', 'Inventore odit dolore nesciunt.', 'bc8dac25-793c-4a96-aafc-4ea7020f4f60', 'usr_589');
INSERT INTO trabalho.comentarios_podcast_usuario VALUES ('comment_589_2_0', 'Placeat velit modi debitis laboriosam sint et est modi.', 'bc8dac25-793c-4a96-aafc-4ea7020f4f60', 'usr_589');
INSERT INTO trabalho.comentarios_podcast_usuario VALUES ('comment_589_3_0', 'Consequatur natus eaque dolores dolorum et quasi tempora ex.', 'bc8dac25-793c-4a96-aafc-4ea7020f4f60', 'usr_589');
INSERT INTO trabalho.log_acesso VALUES ('log_589_0_0', 'bc8dac25-793c-4a96-aafc-4ea7020f4f60', 'usr_589');
INSERT INTO trabalho.log_acesso VALUES ('log_589_1_0', 'bc8dac25-793c-4a96-aafc-4ea7020f4f60', 'usr_589');
INSERT INTO trabalho.usuario_esta_inscrito_no_podcast VALUES (3, 'af46a958-b921-47b6-9f87-5c4fdc68ea79', 'usr_589');
INSERT INTO trabalho.comentarios_podcast_usuario VALUES ('comment_589_0_1', 'Similique voluptates molestiae accusantium.', 'af46a958-b921-47b6-9f87-5c4fdc68ea79', 'usr_589');
INSERT INTO trabalho.log_acesso VALUES ('log_589_0_1', 'af46a958-b921-47b6-9f87-5c4fdc68ea79', 'usr_589');
INSERT INTO trabalho.log_acesso VALUES ('log_589_1_1', 'af46a958-b921-47b6-9f87-5c4fdc68ea79', 'usr_589');
INSERT INTO trabalho.log_acesso VALUES ('log_589_2_1', 'af46a958-b921-47b6-9f87-5c4fdc68ea79', 'usr_589');
INSERT INTO trabalho.log_acesso VALUES ('log_589_3_1', 'af46a958-b921-47b6-9f87-5c4fdc68ea79', 'usr_589');
INSERT INTO trabalho.log_acesso VALUES ('log_589_4_1', 'af46a958-b921-47b6-9f87-5c4fdc68ea79', 'usr_589');
INSERT INTO trabalho.log_acesso VALUES ('log_589_5_1', 'af46a958-b921-47b6-9f87-5c4fdc68ea79', 'usr_589');
INSERT INTO trabalho.usuario_esta_inscrito_no_podcast VALUES (2, '7e429e8e-7669-403d-bb78-3cd7f9f75afd', 'usr_589');
INSERT INTO trabalho.comentarios_podcast_usuario VALUES ('comment_589_0_2', 'Deserunt ut quia qui vero maiores iure architecto laudantium.', '7e429e8e-7669-403d-bb78-3cd7f9f75afd', 'usr_589');
INSERT INTO trabalho.comentarios_podcast_usuario VALUES ('comment_589_1_2', 'Ut tempore reprehenderit nihil iusto quo quis facere quo et.', '7e429e8e-7669-403d-bb78-3cd7f9f75afd', 'usr_589');
INSERT INTO trabalho.log_acesso VALUES ('log_589_0_2', '7e429e8e-7669-403d-bb78-3cd7f9f75afd', 'usr_589');
INSERT INTO trabalho.log_acesso VALUES ('log_589_1_2', '7e429e8e-7669-403d-bb78-3cd7f9f75afd', 'usr_589');
INSERT INTO trabalho.log_acesso VALUES ('log_589_2_2', '7e429e8e-7669-403d-bb78-3cd7f9f75afd', 'usr_589');
INSERT INTO trabalho.usuario VALUES ('usr_590', '590_Isabel.Macedo@gmail.com', 'Isabel Macedo', 'female', 23, trabalho.hashPassword('Password123'), 'Coreia do Norte');
INSERT INTO trabalho.usuario_esta_inscrito_no_podcast VALUES (4, 'de2f0ddb-9903-436a-a5e2-54224254c818', 'usr_590');
INSERT INTO trabalho.comentarios_podcast_usuario VALUES ('comment_590_0_0', 'Odit iure magnam facere incidunt.', 'de2f0ddb-9903-436a-a5e2-54224254c818', 'usr_590');
INSERT INTO trabalho.comentarios_podcast_usuario VALUES ('comment_590_1_0', 'Eligendi qui ipsum quas quisquam harum.', 'de2f0ddb-9903-436a-a5e2-54224254c818', 'usr_590');
INSERT INTO trabalho.comentarios_podcast_usuario VALUES ('comment_590_2_0', 'Repellendus placeat deleniti amet numquam similique.', 'de2f0ddb-9903-436a-a5e2-54224254c818', 'usr_590');
INSERT INTO trabalho.log_acesso VALUES ('log_590_0_0', 'de2f0ddb-9903-436a-a5e2-54224254c818', 'usr_590');
INSERT INTO trabalho.log_acesso VALUES ('log_590_1_0', 'de2f0ddb-9903-436a-a5e2-54224254c818', 'usr_590');
INSERT INTO trabalho.usuario_esta_inscrito_no_podcast VALUES (4, 'f8e13774-d631-4f34-93f0-2f5d55590265', 'usr_590');
INSERT INTO trabalho.comentarios_podcast_usuario VALUES ('comment_590_0_1', 'Dolorum voluptas architecto aut et quasi amet aut praesentium ut.', 'f8e13774-d631-4f34-93f0-2f5d55590265', 'usr_590');
INSERT INTO trabalho.log_acesso VALUES ('log_590_0_1', 'f8e13774-d631-4f34-93f0-2f5d55590265', 'usr_590');
INSERT INTO trabalho.log_acesso VALUES ('log_590_1_1', 'f8e13774-d631-4f34-93f0-2f5d55590265', 'usr_590');
INSERT INTO trabalho.log_acesso VALUES ('log_590_2_1', 'f8e13774-d631-4f34-93f0-2f5d55590265', 'usr_590');
INSERT INTO trabalho.usuario_esta_inscrito_no_podcast VALUES (0, '5bdf7377-8330-4f9f-8efd-e95301c122ce', 'usr_590');
INSERT INTO trabalho.comentarios_podcast_usuario VALUES ('comment_590_0_2', 'Magnam reiciendis ullam inventore quos.', '5bdf7377-8330-4f9f-8efd-e95301c122ce', 'usr_590');
INSERT INTO trabalho.comentarios_podcast_usuario VALUES ('comment_590_1_2', 'Quis pariatur quia odit dolorem voluptates.', '5bdf7377-8330-4f9f-8efd-e95301c122ce', 'usr_590');
INSERT INTO trabalho.comentarios_podcast_usuario VALUES ('comment_590_2_2', 'Pariatur nemo commodi et totam eum.', '5bdf7377-8330-4f9f-8efd-e95301c122ce', 'usr_590');
INSERT INTO trabalho.log_acesso VALUES ('log_590_0_2', '5bdf7377-8330-4f9f-8efd-e95301c122ce', 'usr_590');
INSERT INTO trabalho.log_acesso VALUES ('log_590_1_2', '5bdf7377-8330-4f9f-8efd-e95301c122ce', 'usr_590');
INSERT INTO trabalho.log_acesso VALUES ('log_590_2_2', '5bdf7377-8330-4f9f-8efd-e95301c122ce', 'usr_590');
INSERT INTO trabalho.log_acesso VALUES ('log_590_3_2', '5bdf7377-8330-4f9f-8efd-e95301c122ce', 'usr_590');
INSERT INTO trabalho.log_acesso VALUES ('log_590_4_2', '5bdf7377-8330-4f9f-8efd-e95301c122ce', 'usr_590');
INSERT INTO trabalho.log_acesso VALUES ('log_590_5_2', '5bdf7377-8330-4f9f-8efd-e95301c122ce', 'usr_590');
INSERT INTO trabalho.usuario VALUES ('usr_591', '591_Sarah60@yahoo.com', 'Sarah Oliveira', 'female', 57, trabalho.hashPassword('Password123'), 'Maiote');
INSERT INTO trabalho.usuario_esta_inscrito_no_podcast VALUES (3, '219328a1-cec6-4e8c-b003-52a3ec9766bb', 'usr_591');
INSERT INTO trabalho.comentarios_podcast_usuario VALUES ('comment_591_0_0', 'Vitae eum dolores inventore et perspiciatis sed aliquam voluptas.', '219328a1-cec6-4e8c-b003-52a3ec9766bb', 'usr_591');
INSERT INTO trabalho.comentarios_podcast_usuario VALUES ('comment_591_1_0', 'Omnis dolorum quam.', '219328a1-cec6-4e8c-b003-52a3ec9766bb', 'usr_591');
INSERT INTO trabalho.comentarios_podcast_usuario VALUES ('comment_591_2_0', 'Eum ut voluptatibus ut ad iste rerum.', '219328a1-cec6-4e8c-b003-52a3ec9766bb', 'usr_591');
INSERT INTO trabalho.comentarios_podcast_usuario VALUES ('comment_591_3_0', 'Voluptatum ut incidunt et.', '219328a1-cec6-4e8c-b003-52a3ec9766bb', 'usr_591');
INSERT INTO trabalho.comentarios_podcast_usuario VALUES ('comment_591_4_0', 'Ipsam laudantium qui dolores magni et repudiandae.', '219328a1-cec6-4e8c-b003-52a3ec9766bb', 'usr_591');
INSERT INTO trabalho.log_acesso VALUES ('log_591_0_0', '219328a1-cec6-4e8c-b003-52a3ec9766bb', 'usr_591');
INSERT INTO trabalho.log_acesso VALUES ('log_591_1_0', '219328a1-cec6-4e8c-b003-52a3ec9766bb', 'usr_591');
INSERT INTO trabalho.log_acesso VALUES ('log_591_2_0', '219328a1-cec6-4e8c-b003-52a3ec9766bb', 'usr_591');
INSERT INTO trabalho.log_acesso VALUES ('log_591_3_0', '219328a1-cec6-4e8c-b003-52a3ec9766bb', 'usr_591');
INSERT INTO trabalho.log_acesso VALUES ('log_591_4_0', '219328a1-cec6-4e8c-b003-52a3ec9766bb', 'usr_591');
INSERT INTO trabalho.usuario_esta_inscrito_no_podcast VALUES (5, '7e429e8e-7669-403d-bb78-3cd7f9f75afd', 'usr_591');
INSERT INTO trabalho.comentarios_podcast_usuario VALUES ('comment_591_0_1', 'Illum dignissimos corporis et qui.', '7e429e8e-7669-403d-bb78-3cd7f9f75afd', 'usr_591');
INSERT INTO trabalho.comentarios_podcast_usuario VALUES ('comment_591_1_1', 'Cumque ipsa neque necessitatibus optio molestias.', '7e429e8e-7669-403d-bb78-3cd7f9f75afd', 'usr_591');
INSERT INTO trabalho.comentarios_podcast_usuario VALUES ('comment_591_2_1', 'Voluptatibus veniam at non aspernatur pariatur deserunt amet.', '7e429e8e-7669-403d-bb78-3cd7f9f75afd', 'usr_591');
INSERT INTO trabalho.comentarios_podcast_usuario VALUES ('comment_591_3_1', 'Cupiditate tempore ducimus est nulla.', '7e429e8e-7669-403d-bb78-3cd7f9f75afd', 'usr_591');
INSERT INTO trabalho.comentarios_podcast_usuario VALUES ('comment_591_4_1', 'Molestiae consequatur eveniet asperiores perferendis hic labore sunt iusto.', '7e429e8e-7669-403d-bb78-3cd7f9f75afd', 'usr_591');
INSERT INTO trabalho.log_acesso VALUES ('log_591_0_1', '7e429e8e-7669-403d-bb78-3cd7f9f75afd', 'usr_591');
INSERT INTO trabalho.log_acesso VALUES ('log_591_1_1', '7e429e8e-7669-403d-bb78-3cd7f9f75afd', 'usr_591');
INSERT INTO trabalho.log_acesso VALUES ('log_591_2_1', '7e429e8e-7669-403d-bb78-3cd7f9f75afd', 'usr_591');
INSERT INTO trabalho.log_acesso VALUES ('log_591_3_1', '7e429e8e-7669-403d-bb78-3cd7f9f75afd', 'usr_591');
INSERT INTO trabalho.log_acesso VALUES ('log_591_4_1', '7e429e8e-7669-403d-bb78-3cd7f9f75afd', 'usr_591');
INSERT INTO trabalho.log_acesso VALUES ('log_591_5_1', '7e429e8e-7669-403d-bb78-3cd7f9f75afd', 'usr_591');
INSERT INTO trabalho.usuario_esta_inscrito_no_podcast VALUES (5, 'b553d865-8fe2-47de-9a30-10e1dea3bd1d', 'usr_591');
INSERT INTO trabalho.comentarios_podcast_usuario VALUES ('comment_591_0_2', 'Sapiente velit sed ad voluptatem voluptate sit nihil minus eaque.', 'b553d865-8fe2-47de-9a30-10e1dea3bd1d', 'usr_591');
INSERT INTO trabalho.comentarios_podcast_usuario VALUES ('comment_591_1_2', 'Accusantium quae deleniti porro fugiat repudiandae.', 'b553d865-8fe2-47de-9a30-10e1dea3bd1d', 'usr_591');
INSERT INTO trabalho.comentarios_podcast_usuario VALUES ('comment_591_2_2', 'Consectetur eligendi et suscipit est qui non illum aspernatur accusamus.', 'b553d865-8fe2-47de-9a30-10e1dea3bd1d', 'usr_591');
INSERT INTO trabalho.log_acesso VALUES ('log_591_0_2', 'b553d865-8fe2-47de-9a30-10e1dea3bd1d', 'usr_591');
INSERT INTO trabalho.log_acesso VALUES ('log_591_1_2', 'b553d865-8fe2-47de-9a30-10e1dea3bd1d', 'usr_591');
INSERT INTO trabalho.log_acesso VALUES ('log_591_2_2', 'b553d865-8fe2-47de-9a30-10e1dea3bd1d', 'usr_591');
INSERT INTO trabalho.usuario VALUES ('usr_592', '592_JooLucas_Silva10@yahoo.com', 'João Lucas Silva', 'male', 10, trabalho.hashPassword('Password123'), 'Estados Unidos das Ilhas Virgens');
INSERT INTO trabalho.usuario_esta_inscrito_no_podcast VALUES (0, 'b553d865-8fe2-47de-9a30-10e1dea3bd1d', 'usr_592');
INSERT INTO trabalho.comentarios_podcast_usuario VALUES ('comment_592_0_0', 'Quas repudiandae necessitatibus voluptatem molestias mollitia natus aut quia adipisci.', 'b553d865-8fe2-47de-9a30-10e1dea3bd1d', 'usr_592');
INSERT INTO trabalho.comentarios_podcast_usuario VALUES ('comment_592_1_0', 'Eum odio ullam autem nostrum id necessitatibus sint rerum.', 'b553d865-8fe2-47de-9a30-10e1dea3bd1d', 'usr_592');
INSERT INTO trabalho.comentarios_podcast_usuario VALUES ('comment_592_2_0', 'Recusandae doloribus harum adipisci dolores dolores pariatur dolor.', 'b553d865-8fe2-47de-9a30-10e1dea3bd1d', 'usr_592');
INSERT INTO trabalho.comentarios_podcast_usuario VALUES ('comment_592_3_0', 'Consequatur vel perferendis nobis et consequatur accusamus.', 'b553d865-8fe2-47de-9a30-10e1dea3bd1d', 'usr_592');
INSERT INTO trabalho.log_acesso VALUES ('log_592_0_0', 'b553d865-8fe2-47de-9a30-10e1dea3bd1d', 'usr_592');
INSERT INTO trabalho.log_acesso VALUES ('log_592_1_0', 'b553d865-8fe2-47de-9a30-10e1dea3bd1d', 'usr_592');
INSERT INTO trabalho.log_acesso VALUES ('log_592_2_0', 'b553d865-8fe2-47de-9a30-10e1dea3bd1d', 'usr_592');
INSERT INTO trabalho.usuario_esta_inscrito_no_podcast VALUES (1, 'f8e13774-d631-4f34-93f0-2f5d55590265', 'usr_592');
INSERT INTO trabalho.comentarios_podcast_usuario VALUES ('comment_592_0_1', 'Eum earum asperiores explicabo.', 'f8e13774-d631-4f34-93f0-2f5d55590265', 'usr_592');
INSERT INTO trabalho.comentarios_podcast_usuario VALUES ('comment_592_1_1', 'Possimus tenetur ipsa voluptatem necessitatibus earum exercitationem.', 'f8e13774-d631-4f34-93f0-2f5d55590265', 'usr_592');
INSERT INTO trabalho.log_acesso VALUES ('log_592_0_1', 'f8e13774-d631-4f34-93f0-2f5d55590265', 'usr_592');
INSERT INTO trabalho.log_acesso VALUES ('log_592_1_1', 'f8e13774-d631-4f34-93f0-2f5d55590265', 'usr_592');
INSERT INTO trabalho.log_acesso VALUES ('log_592_2_1', 'f8e13774-d631-4f34-93f0-2f5d55590265', 'usr_592');
INSERT INTO trabalho.log_acesso VALUES ('log_592_3_1', 'f8e13774-d631-4f34-93f0-2f5d55590265', 'usr_592');
INSERT INTO trabalho.log_acesso VALUES ('log_592_4_1', 'f8e13774-d631-4f34-93f0-2f5d55590265', 'usr_592');
INSERT INTO trabalho.log_acesso VALUES ('log_592_5_1', 'f8e13774-d631-4f34-93f0-2f5d55590265', 'usr_592');
INSERT INTO trabalho.usuario_esta_inscrito_no_podcast VALUES (5, 'de2f0ddb-9903-436a-a5e2-54224254c818', 'usr_592');
INSERT INTO trabalho.comentarios_podcast_usuario VALUES ('comment_592_0_2', 'Eius repellendus veritatis sunt optio quia.', 'de2f0ddb-9903-436a-a5e2-54224254c818', 'usr_592');
INSERT INTO trabalho.log_acesso VALUES ('log_592_0_2', 'de2f0ddb-9903-436a-a5e2-54224254c818', 'usr_592');
INSERT INTO trabalho.log_acesso VALUES ('log_592_1_2', 'de2f0ddb-9903-436a-a5e2-54224254c818', 'usr_592');
INSERT INTO trabalho.log_acesso VALUES ('log_592_2_2', 'de2f0ddb-9903-436a-a5e2-54224254c818', 'usr_592');
INSERT INTO trabalho.usuario VALUES ('usr_593', '593_MariaHelena_Silva@bol.com.br', 'Maria Helena Silva', 'female', 20, trabalho.hashPassword('Password123'), 'Mongólia');
INSERT INTO trabalho.usuario_esta_inscrito_no_podcast VALUES (4, '5bdf7377-8330-4f9f-8efd-e95301c122ce', 'usr_593');
INSERT INTO trabalho.comentarios_podcast_usuario VALUES ('comment_593_0_0', 'Excepturi nulla repellat non doloremque.', '5bdf7377-8330-4f9f-8efd-e95301c122ce', 'usr_593');
INSERT INTO trabalho.comentarios_podcast_usuario VALUES ('comment_593_1_0', 'Qui explicabo est dolor consequatur et quis vel blanditiis molestias.', '5bdf7377-8330-4f9f-8efd-e95301c122ce', 'usr_593');
INSERT INTO trabalho.comentarios_podcast_usuario VALUES ('comment_593_2_0', 'Repellendus laboriosam alias.', '5bdf7377-8330-4f9f-8efd-e95301c122ce', 'usr_593');
INSERT INTO trabalho.log_acesso VALUES ('log_593_0_0', '5bdf7377-8330-4f9f-8efd-e95301c122ce', 'usr_593');
INSERT INTO trabalho.log_acesso VALUES ('log_593_1_0', '5bdf7377-8330-4f9f-8efd-e95301c122ce', 'usr_593');
INSERT INTO trabalho.usuario_esta_inscrito_no_podcast VALUES (4, '219328a1-cec6-4e8c-b003-52a3ec9766bb', 'usr_593');
INSERT INTO trabalho.comentarios_podcast_usuario VALUES ('comment_593_0_1', 'Nostrum voluptatem voluptatem fugit ut nihil ea.', '219328a1-cec6-4e8c-b003-52a3ec9766bb', 'usr_593');
INSERT INTO trabalho.comentarios_podcast_usuario VALUES ('comment_593_1_1', 'Repudiandae ut sunt earum vel sed natus amet est tempora.', '219328a1-cec6-4e8c-b003-52a3ec9766bb', 'usr_593');
INSERT INTO trabalho.log_acesso VALUES ('log_593_0_1', '219328a1-cec6-4e8c-b003-52a3ec9766bb', 'usr_593');
INSERT INTO trabalho.log_acesso VALUES ('log_593_1_1', '219328a1-cec6-4e8c-b003-52a3ec9766bb', 'usr_593');
INSERT INTO trabalho.log_acesso VALUES ('log_593_2_1', '219328a1-cec6-4e8c-b003-52a3ec9766bb', 'usr_593');
INSERT INTO trabalho.log_acesso VALUES ('log_593_3_1', '219328a1-cec6-4e8c-b003-52a3ec9766bb', 'usr_593');
INSERT INTO trabalho.usuario_esta_inscrito_no_podcast VALUES (5, 'c58b280a-56d4-4ad8-8c85-730e4ea86361', 'usr_593');
INSERT INTO trabalho.comentarios_podcast_usuario VALUES ('comment_593_0_2', 'Et molestias ipsa explicabo perspiciatis enim tempora excepturi.', 'c58b280a-56d4-4ad8-8c85-730e4ea86361', 'usr_593');
INSERT INTO trabalho.comentarios_podcast_usuario VALUES ('comment_593_1_2', 'Voluptatibus iusto excepturi eius.', 'c58b280a-56d4-4ad8-8c85-730e4ea86361', 'usr_593');
INSERT INTO trabalho.log_acesso VALUES ('log_593_0_2', 'c58b280a-56d4-4ad8-8c85-730e4ea86361', 'usr_593');
INSERT INTO trabalho.log_acesso VALUES ('log_593_1_2', 'c58b280a-56d4-4ad8-8c85-730e4ea86361', 'usr_593');
INSERT INTO trabalho.log_acesso VALUES ('log_593_2_2', 'c58b280a-56d4-4ad8-8c85-730e4ea86361', 'usr_593');
INSERT INTO trabalho.log_acesso VALUES ('log_593_3_2', 'c58b280a-56d4-4ad8-8c85-730e4ea86361', 'usr_593');
INSERT INTO trabalho.log_acesso VALUES ('log_593_4_2', 'c58b280a-56d4-4ad8-8c85-730e4ea86361', 'usr_593');
INSERT INTO trabalho.usuario VALUES ('usr_594', '594_Benjamin.Saraiva78@yahoo.com', 'Benjamin Saraiva', 'male', 49, trabalho.hashPassword('Password123'), 'Jersey');
INSERT INTO trabalho.usuario_esta_inscrito_no_podcast VALUES (0, '67074e68-bc2f-442b-8af2-7d328b6af6eb', 'usr_594');
INSERT INTO trabalho.comentarios_podcast_usuario VALUES ('comment_594_0_0', 'Recusandae voluptatibus mollitia hic nihil culpa eius sed beatae et.', '67074e68-bc2f-442b-8af2-7d328b6af6eb', 'usr_594');
INSERT INTO trabalho.comentarios_podcast_usuario VALUES ('comment_594_1_0', 'Ipsam dolor pariatur impedit sapiente voluptates delectus hic id eos.', '67074e68-bc2f-442b-8af2-7d328b6af6eb', 'usr_594');
INSERT INTO trabalho.comentarios_podcast_usuario VALUES ('comment_594_2_0', 'Temporibus ex unde autem architecto delectus expedita id.', '67074e68-bc2f-442b-8af2-7d328b6af6eb', 'usr_594');
INSERT INTO trabalho.log_acesso VALUES ('log_594_0_0', '67074e68-bc2f-442b-8af2-7d328b6af6eb', 'usr_594');
INSERT INTO trabalho.log_acesso VALUES ('log_594_1_0', '67074e68-bc2f-442b-8af2-7d328b6af6eb', 'usr_594');
INSERT INTO trabalho.usuario_esta_inscrito_no_podcast VALUES (3, 'f1b92ce7-47a7-43cd-8586-4a09185cdd05', 'usr_594');
INSERT INTO trabalho.comentarios_podcast_usuario VALUES ('comment_594_0_1', 'Ea deleniti ut expedita.', 'f1b92ce7-47a7-43cd-8586-4a09185cdd05', 'usr_594');
INSERT INTO trabalho.comentarios_podcast_usuario VALUES ('comment_594_1_1', 'Ab labore omnis quos.', 'f1b92ce7-47a7-43cd-8586-4a09185cdd05', 'usr_594');
INSERT INTO trabalho.comentarios_podcast_usuario VALUES ('comment_594_2_1', 'Accusamus qui laboriosam.', 'f1b92ce7-47a7-43cd-8586-4a09185cdd05', 'usr_594');
INSERT INTO trabalho.log_acesso VALUES ('log_594_0_1', 'f1b92ce7-47a7-43cd-8586-4a09185cdd05', 'usr_594');
INSERT INTO trabalho.log_acesso VALUES ('log_594_1_1', 'f1b92ce7-47a7-43cd-8586-4a09185cdd05', 'usr_594');
INSERT INTO trabalho.log_acesso VALUES ('log_594_2_1', 'f1b92ce7-47a7-43cd-8586-4a09185cdd05', 'usr_594');
INSERT INTO trabalho.log_acesso VALUES ('log_594_3_1', 'f1b92ce7-47a7-43cd-8586-4a09185cdd05', 'usr_594');
INSERT INTO trabalho.log_acesso VALUES ('log_594_4_1', 'f1b92ce7-47a7-43cd-8586-4a09185cdd05', 'usr_594');
INSERT INTO trabalho.usuario_esta_inscrito_no_podcast VALUES (4, '5bdf7377-8330-4f9f-8efd-e95301c122ce', 'usr_594');
INSERT INTO trabalho.comentarios_podcast_usuario VALUES ('comment_594_0_2', 'Quia neque aut optio.', '5bdf7377-8330-4f9f-8efd-e95301c122ce', 'usr_594');
INSERT INTO trabalho.log_acesso VALUES ('log_594_0_2', '5bdf7377-8330-4f9f-8efd-e95301c122ce', 'usr_594');
INSERT INTO trabalho.log_acesso VALUES ('log_594_1_2', '5bdf7377-8330-4f9f-8efd-e95301c122ce', 'usr_594');
INSERT INTO trabalho.log_acesso VALUES ('log_594_2_2', '5bdf7377-8330-4f9f-8efd-e95301c122ce', 'usr_594');
INSERT INTO trabalho.usuario VALUES ('usr_595', '595_Carla64@yahoo.com', 'Carla Melo', 'female', 29, trabalho.hashPassword('Password123'), 'Zimbábue');
INSERT INTO trabalho.usuario_esta_inscrito_no_podcast VALUES (4, 'f1b92ce7-47a7-43cd-8586-4a09185cdd05', 'usr_595');
INSERT INTO trabalho.comentarios_podcast_usuario VALUES ('comment_595_0_0', 'Sunt eum expedita.', 'f1b92ce7-47a7-43cd-8586-4a09185cdd05', 'usr_595');
INSERT INTO trabalho.comentarios_podcast_usuario VALUES ('comment_595_1_0', 'Totam repellat omnis sint enim.', 'f1b92ce7-47a7-43cd-8586-4a09185cdd05', 'usr_595');
INSERT INTO trabalho.comentarios_podcast_usuario VALUES ('comment_595_2_0', 'Quas odio repellat quia iusto tempora.', 'f1b92ce7-47a7-43cd-8586-4a09185cdd05', 'usr_595');
INSERT INTO trabalho.comentarios_podcast_usuario VALUES ('comment_595_3_0', 'Magni nostrum perspiciatis mollitia.', 'f1b92ce7-47a7-43cd-8586-4a09185cdd05', 'usr_595');
INSERT INTO trabalho.log_acesso VALUES ('log_595_0_0', 'f1b92ce7-47a7-43cd-8586-4a09185cdd05', 'usr_595');
INSERT INTO trabalho.log_acesso VALUES ('log_595_1_0', 'f1b92ce7-47a7-43cd-8586-4a09185cdd05', 'usr_595');
INSERT INTO trabalho.log_acesso VALUES ('log_595_2_0', 'f1b92ce7-47a7-43cd-8586-4a09185cdd05', 'usr_595');
INSERT INTO trabalho.log_acesso VALUES ('log_595_3_0', 'f1b92ce7-47a7-43cd-8586-4a09185cdd05', 'usr_595');
INSERT INTO trabalho.usuario_esta_inscrito_no_podcast VALUES (5, '5bdf7377-8330-4f9f-8efd-e95301c122ce', 'usr_595');
INSERT INTO trabalho.comentarios_podcast_usuario VALUES ('comment_595_0_1', 'Blanditiis est quo inventore nulla asperiores maiores.', '5bdf7377-8330-4f9f-8efd-e95301c122ce', 'usr_595');
INSERT INTO trabalho.comentarios_podcast_usuario VALUES ('comment_595_1_1', 'Deleniti ut sit et.', '5bdf7377-8330-4f9f-8efd-e95301c122ce', 'usr_595');
INSERT INTO trabalho.log_acesso VALUES ('log_595_0_1', '5bdf7377-8330-4f9f-8efd-e95301c122ce', 'usr_595');
INSERT INTO trabalho.usuario_esta_inscrito_no_podcast VALUES (0, 'bc8dac25-793c-4a96-aafc-4ea7020f4f60', 'usr_595');
INSERT INTO trabalho.comentarios_podcast_usuario VALUES ('comment_595_0_2', 'Aspernatur tempore ipsum consequuntur.', 'bc8dac25-793c-4a96-aafc-4ea7020f4f60', 'usr_595');
INSERT INTO trabalho.comentarios_podcast_usuario VALUES ('comment_595_1_2', 'Consequuntur culpa molestias blanditiis optio quae deleniti vero voluptatem.', 'bc8dac25-793c-4a96-aafc-4ea7020f4f60', 'usr_595');
INSERT INTO trabalho.comentarios_podcast_usuario VALUES ('comment_595_2_2', 'Animi ut qui est pariatur ut.', 'bc8dac25-793c-4a96-aafc-4ea7020f4f60', 'usr_595');
INSERT INTO trabalho.comentarios_podcast_usuario VALUES ('comment_595_3_2', 'Consequatur eum est incidunt enim voluptatem quia.', 'bc8dac25-793c-4a96-aafc-4ea7020f4f60', 'usr_595');
INSERT INTO trabalho.log_acesso VALUES ('log_595_0_2', 'bc8dac25-793c-4a96-aafc-4ea7020f4f60', 'usr_595');
INSERT INTO trabalho.log_acesso VALUES ('log_595_1_2', 'bc8dac25-793c-4a96-aafc-4ea7020f4f60', 'usr_595');
INSERT INTO trabalho.log_acesso VALUES ('log_595_2_2', 'bc8dac25-793c-4a96-aafc-4ea7020f4f60', 'usr_595');
INSERT INTO trabalho.log_acesso VALUES ('log_595_3_2', 'bc8dac25-793c-4a96-aafc-4ea7020f4f60', 'usr_595');
INSERT INTO trabalho.usuario VALUES ('usr_596', '596_Rafaela76@yahoo.com', 'Rafaela Oliveira', 'female', 13, trabalho.hashPassword('Password123'), 'Território da Palestina');
INSERT INTO trabalho.usuario_esta_inscrito_no_podcast VALUES (0, 'fa3abe16-3645-4d22-a01d-893e6f20c408', 'usr_596');
INSERT INTO trabalho.comentarios_podcast_usuario VALUES ('comment_596_0_0', 'Et aliquid dolorum delectus omnis.', 'fa3abe16-3645-4d22-a01d-893e6f20c408', 'usr_596');
INSERT INTO trabalho.comentarios_podcast_usuario VALUES ('comment_596_1_0', 'Praesentium quo laboriosam delectus excepturi aut.', 'fa3abe16-3645-4d22-a01d-893e6f20c408', 'usr_596');
INSERT INTO trabalho.comentarios_podcast_usuario VALUES ('comment_596_2_0', 'Fuga magni odio a molestias.', 'fa3abe16-3645-4d22-a01d-893e6f20c408', 'usr_596');
INSERT INTO trabalho.comentarios_podcast_usuario VALUES ('comment_596_3_0', 'Consequuntur cum quasi omnis.', 'fa3abe16-3645-4d22-a01d-893e6f20c408', 'usr_596');
INSERT INTO trabalho.log_acesso VALUES ('log_596_0_0', 'fa3abe16-3645-4d22-a01d-893e6f20c408', 'usr_596');
INSERT INTO trabalho.log_acesso VALUES ('log_596_1_0', 'fa3abe16-3645-4d22-a01d-893e6f20c408', 'usr_596');
INSERT INTO trabalho.log_acesso VALUES ('log_596_2_0', 'fa3abe16-3645-4d22-a01d-893e6f20c408', 'usr_596');
INSERT INTO trabalho.usuario_esta_inscrito_no_podcast VALUES (4, '7e429e8e-7669-403d-bb78-3cd7f9f75afd', 'usr_596');
INSERT INTO trabalho.comentarios_podcast_usuario VALUES ('comment_596_0_1', 'Nesciunt minus iure laborum provident cumque.', '7e429e8e-7669-403d-bb78-3cd7f9f75afd', 'usr_596');
INSERT INTO trabalho.comentarios_podcast_usuario VALUES ('comment_596_1_1', 'Repudiandae ipsa cupiditate id quod vero.', '7e429e8e-7669-403d-bb78-3cd7f9f75afd', 'usr_596');
INSERT INTO trabalho.comentarios_podcast_usuario VALUES ('comment_596_2_1', 'Quia aspernatur minima.', '7e429e8e-7669-403d-bb78-3cd7f9f75afd', 'usr_596');
INSERT INTO trabalho.log_acesso VALUES ('log_596_0_1', '7e429e8e-7669-403d-bb78-3cd7f9f75afd', 'usr_596');
INSERT INTO trabalho.log_acesso VALUES ('log_596_1_1', '7e429e8e-7669-403d-bb78-3cd7f9f75afd', 'usr_596');
INSERT INTO trabalho.log_acesso VALUES ('log_596_2_1', '7e429e8e-7669-403d-bb78-3cd7f9f75afd', 'usr_596');
INSERT INTO trabalho.usuario_esta_inscrito_no_podcast VALUES (1, '219328a1-cec6-4e8c-b003-52a3ec9766bb', 'usr_596');
INSERT INTO trabalho.comentarios_podcast_usuario VALUES ('comment_596_0_2', 'Voluptatum quia pariatur enim molestiae voluptatibus.', '219328a1-cec6-4e8c-b003-52a3ec9766bb', 'usr_596');
INSERT INTO trabalho.comentarios_podcast_usuario VALUES ('comment_596_1_2', 'Vitae non asperiores est sunt dolor.', '219328a1-cec6-4e8c-b003-52a3ec9766bb', 'usr_596');
INSERT INTO trabalho.comentarios_podcast_usuario VALUES ('comment_596_2_2', 'Adipisci quaerat ut.', '219328a1-cec6-4e8c-b003-52a3ec9766bb', 'usr_596');
INSERT INTO trabalho.log_acesso VALUES ('log_596_0_2', '219328a1-cec6-4e8c-b003-52a3ec9766bb', 'usr_596');
INSERT INTO trabalho.log_acesso VALUES ('log_596_1_2', '219328a1-cec6-4e8c-b003-52a3ec9766bb', 'usr_596');
INSERT INTO trabalho.log_acesso VALUES ('log_596_2_2', '219328a1-cec6-4e8c-b003-52a3ec9766bb', 'usr_596');
INSERT INTO trabalho.usuario VALUES ('usr_597', '597_Lorenzo_Silva50@yahoo.com', 'Lorenzo Silva', 'male', 55, trabalho.hashPassword('Password123'), 'Palau');
INSERT INTO trabalho.usuario_esta_inscrito_no_podcast VALUES (3, 'b553d865-8fe2-47de-9a30-10e1dea3bd1d', 'usr_597');
INSERT INTO trabalho.comentarios_podcast_usuario VALUES ('comment_597_0_0', 'Est tenetur in unde.', 'b553d865-8fe2-47de-9a30-10e1dea3bd1d', 'usr_597');
INSERT INTO trabalho.log_acesso VALUES ('log_597_0_0', 'b553d865-8fe2-47de-9a30-10e1dea3bd1d', 'usr_597');
INSERT INTO trabalho.log_acesso VALUES ('log_597_1_0', 'b553d865-8fe2-47de-9a30-10e1dea3bd1d', 'usr_597');
INSERT INTO trabalho.log_acesso VALUES ('log_597_2_0', 'b553d865-8fe2-47de-9a30-10e1dea3bd1d', 'usr_597');
INSERT INTO trabalho.usuario_esta_inscrito_no_podcast VALUES (2, 'af46a958-b921-47b6-9f87-5c4fdc68ea79', 'usr_597');
INSERT INTO trabalho.comentarios_podcast_usuario VALUES ('comment_597_0_1', 'Quis autem minus pariatur natus nulla distinctio ratione.', 'af46a958-b921-47b6-9f87-5c4fdc68ea79', 'usr_597');
INSERT INTO trabalho.comentarios_podcast_usuario VALUES ('comment_597_1_1', 'Et autem ad iste natus vel.', 'af46a958-b921-47b6-9f87-5c4fdc68ea79', 'usr_597');
INSERT INTO trabalho.comentarios_podcast_usuario VALUES ('comment_597_2_1', 'Doloribus non quo ut quis consequatur vel enim.', 'af46a958-b921-47b6-9f87-5c4fdc68ea79', 'usr_597');
INSERT INTO trabalho.comentarios_podcast_usuario VALUES ('comment_597_3_1', 'Aliquam id reprehenderit blanditiis pariatur.', 'af46a958-b921-47b6-9f87-5c4fdc68ea79', 'usr_597');
INSERT INTO trabalho.log_acesso VALUES ('log_597_0_1', 'af46a958-b921-47b6-9f87-5c4fdc68ea79', 'usr_597');
INSERT INTO trabalho.log_acesso VALUES ('log_597_1_1', 'af46a958-b921-47b6-9f87-5c4fdc68ea79', 'usr_597');
INSERT INTO trabalho.log_acesso VALUES ('log_597_2_1', 'af46a958-b921-47b6-9f87-5c4fdc68ea79', 'usr_597');
INSERT INTO trabalho.usuario_esta_inscrito_no_podcast VALUES (2, '7e429e8e-7669-403d-bb78-3cd7f9f75afd', 'usr_597');
INSERT INTO trabalho.comentarios_podcast_usuario VALUES ('comment_597_0_2', 'Est dolor assumenda enim aut quis voluptatem dicta.', '7e429e8e-7669-403d-bb78-3cd7f9f75afd', 'usr_597');
INSERT INTO trabalho.comentarios_podcast_usuario VALUES ('comment_597_1_2', 'Quisquam ipsum eius est voluptatum.', '7e429e8e-7669-403d-bb78-3cd7f9f75afd', 'usr_597');
INSERT INTO trabalho.log_acesso VALUES ('log_597_0_2', '7e429e8e-7669-403d-bb78-3cd7f9f75afd', 'usr_597');
INSERT INTO trabalho.log_acesso VALUES ('log_597_1_2', '7e429e8e-7669-403d-bb78-3cd7f9f75afd', 'usr_597');
INSERT INTO trabalho.log_acesso VALUES ('log_597_2_2', '7e429e8e-7669-403d-bb78-3cd7f9f75afd', 'usr_597');
INSERT INTO trabalho.usuario VALUES ('usr_598', '598_Yango.Carvalho42@bol.com.br', 'Yango Carvalho', 'male', 33, trabalho.hashPassword('Password123'), 'Sri Lanka');
INSERT INTO trabalho.usuario_esta_inscrito_no_podcast VALUES (4, 'de2f0ddb-9903-436a-a5e2-54224254c818', 'usr_598');
INSERT INTO trabalho.comentarios_podcast_usuario VALUES ('comment_598_0_0', 'Aperiam fugit sunt tempore totam error.', 'de2f0ddb-9903-436a-a5e2-54224254c818', 'usr_598');
INSERT INTO trabalho.log_acesso VALUES ('log_598_0_0', 'de2f0ddb-9903-436a-a5e2-54224254c818', 'usr_598');
INSERT INTO trabalho.usuario_esta_inscrito_no_podcast VALUES (0, '219328a1-cec6-4e8c-b003-52a3ec9766bb', 'usr_598');
INSERT INTO trabalho.comentarios_podcast_usuario VALUES ('comment_598_0_1', 'Mollitia numquam ab voluptas aut.', '219328a1-cec6-4e8c-b003-52a3ec9766bb', 'usr_598');
INSERT INTO trabalho.comentarios_podcast_usuario VALUES ('comment_598_1_1', 'Vel molestias optio ut sed molestiae voluptatem minima repellat vel.', '219328a1-cec6-4e8c-b003-52a3ec9766bb', 'usr_598');
INSERT INTO trabalho.log_acesso VALUES ('log_598_0_1', '219328a1-cec6-4e8c-b003-52a3ec9766bb', 'usr_598');
INSERT INTO trabalho.log_acesso VALUES ('log_598_1_1', '219328a1-cec6-4e8c-b003-52a3ec9766bb', 'usr_598');
INSERT INTO trabalho.log_acesso VALUES ('log_598_2_1', '219328a1-cec6-4e8c-b003-52a3ec9766bb', 'usr_598');
INSERT INTO trabalho.usuario_esta_inscrito_no_podcast VALUES (4, 'f0166bd2-8e4d-4308-b5d7-0b3d627c5dc5', 'usr_598');
INSERT INTO trabalho.comentarios_podcast_usuario VALUES ('comment_598_0_2', 'Quis nulla neque nemo est excepturi assumenda aut quidem.', 'f0166bd2-8e4d-4308-b5d7-0b3d627c5dc5', 'usr_598');
INSERT INTO trabalho.comentarios_podcast_usuario VALUES ('comment_598_1_2', 'Nobis cum aut animi officia aut quaerat commodi aspernatur.', 'f0166bd2-8e4d-4308-b5d7-0b3d627c5dc5', 'usr_598');
INSERT INTO trabalho.comentarios_podcast_usuario VALUES ('comment_598_2_2', 'Porro nobis quibusdam consectetur et qui sunt eum est.', 'f0166bd2-8e4d-4308-b5d7-0b3d627c5dc5', 'usr_598');
INSERT INTO trabalho.log_acesso VALUES ('log_598_0_2', 'f0166bd2-8e4d-4308-b5d7-0b3d627c5dc5', 'usr_598');
INSERT INTO trabalho.log_acesso VALUES ('log_598_1_2', 'f0166bd2-8e4d-4308-b5d7-0b3d627c5dc5', 'usr_598');
INSERT INTO trabalho.log_acesso VALUES ('log_598_2_2', 'f0166bd2-8e4d-4308-b5d7-0b3d627c5dc5', 'usr_598');
INSERT INTO trabalho.usuario VALUES ('usr_599', '599_Lvia_Pereira15@yahoo.com', 'Lívia Pereira', 'female', 8, trabalho.hashPassword('Password123'), 'Jamaica');
INSERT INTO trabalho.usuario_esta_inscrito_no_podcast VALUES (5, 'fa3abe16-3645-4d22-a01d-893e6f20c408', 'usr_599');
INSERT INTO trabalho.comentarios_podcast_usuario VALUES ('comment_599_0_0', 'Dicta repellendus distinctio est.', 'fa3abe16-3645-4d22-a01d-893e6f20c408', 'usr_599');
INSERT INTO trabalho.log_acesso VALUES ('log_599_0_0', 'fa3abe16-3645-4d22-a01d-893e6f20c408', 'usr_599');
INSERT INTO trabalho.log_acesso VALUES ('log_599_1_0', 'fa3abe16-3645-4d22-a01d-893e6f20c408', 'usr_599');
INSERT INTO trabalho.log_acesso VALUES ('log_599_2_0', 'fa3abe16-3645-4d22-a01d-893e6f20c408', 'usr_599');
INSERT INTO trabalho.log_acesso VALUES ('log_599_3_0', 'fa3abe16-3645-4d22-a01d-893e6f20c408', 'usr_599');
INSERT INTO trabalho.log_acesso VALUES ('log_599_4_0', 'fa3abe16-3645-4d22-a01d-893e6f20c408', 'usr_599');
INSERT INTO trabalho.log_acesso VALUES ('log_599_5_0', 'fa3abe16-3645-4d22-a01d-893e6f20c408', 'usr_599');
INSERT INTO trabalho.usuario_esta_inscrito_no_podcast VALUES (0, 'f1b92ce7-47a7-43cd-8586-4a09185cdd05', 'usr_599');
INSERT INTO trabalho.comentarios_podcast_usuario VALUES ('comment_599_0_1', 'Deserunt accusantium non eum quia.', 'f1b92ce7-47a7-43cd-8586-4a09185cdd05', 'usr_599');
INSERT INTO trabalho.comentarios_podcast_usuario VALUES ('comment_599_1_1', 'Dolorem ullam qui veniam.', 'f1b92ce7-47a7-43cd-8586-4a09185cdd05', 'usr_599');
INSERT INTO trabalho.comentarios_podcast_usuario VALUES ('comment_599_2_1', 'Et recusandae sit cupiditate.', 'f1b92ce7-47a7-43cd-8586-4a09185cdd05', 'usr_599');
INSERT INTO trabalho.comentarios_podcast_usuario VALUES ('comment_599_3_1', 'Omnis qui harum dolores aut et esse rerum.', 'f1b92ce7-47a7-43cd-8586-4a09185cdd05', 'usr_599');
INSERT INTO trabalho.comentarios_podcast_usuario VALUES ('comment_599_4_1', 'Soluta corporis distinctio possimus sequi.', 'f1b92ce7-47a7-43cd-8586-4a09185cdd05', 'usr_599');
INSERT INTO trabalho.comentarios_podcast_usuario VALUES ('comment_599_5_1', 'Debitis minima iste architecto.', 'f1b92ce7-47a7-43cd-8586-4a09185cdd05', 'usr_599');
INSERT INTO trabalho.log_acesso VALUES ('log_599_0_1', 'f1b92ce7-47a7-43cd-8586-4a09185cdd05', 'usr_599');
INSERT INTO trabalho.log_acesso VALUES ('log_599_1_1', 'f1b92ce7-47a7-43cd-8586-4a09185cdd05', 'usr_599');
INSERT INTO trabalho.log_acesso VALUES ('log_599_2_1', 'f1b92ce7-47a7-43cd-8586-4a09185cdd05', 'usr_599');
INSERT INTO trabalho.log_acesso VALUES ('log_599_3_1', 'f1b92ce7-47a7-43cd-8586-4a09185cdd05', 'usr_599');
INSERT INTO trabalho.usuario_esta_inscrito_no_podcast VALUES (3, '5bdf7377-8330-4f9f-8efd-e95301c122ce', 'usr_599');
INSERT INTO trabalho.comentarios_podcast_usuario VALUES ('comment_599_0_2', 'Iure velit deserunt debitis nostrum velit velit voluptas molestiae.', '5bdf7377-8330-4f9f-8efd-e95301c122ce', 'usr_599');
INSERT INTO trabalho.log_acesso VALUES ('log_599_0_2', '5bdf7377-8330-4f9f-8efd-e95301c122ce', 'usr_599');
INSERT INTO trabalho.log_acesso VALUES ('log_599_1_2', '5bdf7377-8330-4f9f-8efd-e95301c122ce', 'usr_599');
INSERT INTO trabalho.log_acesso VALUES ('log_599_2_2', '5bdf7377-8330-4f9f-8efd-e95301c122ce', 'usr_599');
INSERT INTO trabalho.log_acesso VALUES ('log_599_3_2', '5bdf7377-8330-4f9f-8efd-e95301c122ce', 'usr_599');
INSERT INTO trabalho.log_acesso VALUES ('log_599_4_2', '5bdf7377-8330-4f9f-8efd-e95301c122ce', 'usr_599');
INSERT INTO trabalho.tags_podcast VALUES ('Comédia', 'af46a958-b921-47b6-9f87-5c4fdc68ea79');
INSERT INTO trabalho.tags_podcast VALUES ('Dia a Dia', 'fa3abe16-3645-4d22-a01d-893e6f20c408');
INSERT INTO trabalho.tags_podcast VALUES ('Programação', 'f8e13774-d631-4f34-93f0-2f5d55590265');
INSERT INTO trabalho.tags_podcast VALUES ('Comédia', 'de2f0ddb-9903-436a-a5e2-54224254c818');
INSERT INTO trabalho.tags_podcast VALUES ('Cinema', '67074e68-bc2f-442b-8af2-7d328b6af6eb');
INSERT INTO trabalho.tags_podcast VALUES ('Cinema', 'bc8dac25-793c-4a96-aafc-4ea7020f4f60');
INSERT INTO trabalho.tags_podcast VALUES ('Comédia', '219328a1-cec6-4e8c-b003-52a3ec9766bb');
INSERT INTO trabalho.tags_podcast VALUES ('Terror', 'f0166bd2-8e4d-4308-b5d7-0b3d627c5dc5');
INSERT INTO trabalho.tags_podcast VALUES ('Tecnologia', '168c1536-4c42-4b8f-8c77-f06affefec6a');
INSERT INTO trabalho.tags_podcast VALUES ('Programação', '5bdf7377-8330-4f9f-8efd-e95301c122ce');
INSERT INTO trabalho.tags_podcast VALUES ('Programação', 'f1b92ce7-47a7-43cd-8586-4a09185cdd05');
INSERT INTO trabalho.tags_podcast VALUES ('Educação', 'b553d865-8fe2-47de-9a30-10e1dea3bd1d');
INSERT INTO trabalho.tags_podcast VALUES ('Terror', 'c58b280a-56d4-4ad8-8c85-730e4ea86361');
INSERT INTO trabalho.tags_podcast VALUES ('Tecnologia', '7e429e8e-7669-403d-bb78-3cd7f9f75afd');
