
    INSERT INTO trabalho.podcast VALUES ('af46a958-b921-47b6-9f87-5c4fdc68ea79', 'https://jovemnerd.com.br/feed-nerdcast', 'NerdCast', 'https://jovemnerd.com.br', NULL);
    INSERT INTO trabalho.podcast VALUES ('fa3abe16-3645-4d22-a01d-893e6f20c408', 'https://anchor.fm/s/3ad82c84/podcast/rss', 'Diário de um Jovem Moderno', 'https://anchor.fm/diariodeumjovemmoderno', NULL);
    INSERT INTO trabalho.podcast VALUES ('f8e13774-d631-4f34-93f0-2f5d55590265', 'https://anchor.fm/s/c946c20/podcast/rss', 'Devs Cansados', 'https://www.devscansados.com.br/', 'contato@devscansados.com.br');
    INSERT INTO trabalho.podcast VALUES ('de2f0ddb-9903-436a-a5e2-54224254c818', 'https://www.spreaker.com/show/4863104/episodes/feed', 'Podpah', 'https://www.spreaker.com/show/podpah_1', NULL);
    INSERT INTO trabalho.podcast VALUES ('67074e68-bc2f-442b-8af2-7d328b6af6eb', 'https://anchor.fm/s/2a80a35c/podcast/rss', 'Quadro em Branco', 'https://anchor.fm/quadro-em-branco', 'podcastembranco@gmail.com');
    INSERT INTO trabalho.podcast VALUES ('bc8dac25-793c-4a96-aafc-4ea7020f4f60', 'https://www.omnycontent.com/d/playlist/aaea4e69-af51-495e-afc9-a9760146922b/75a86d39-9e0e-4e9a-b948-aae301805fe6/514362cf-31b4-4ed2-af40-aae301805ffd/podcast.rss', 'Office Ladies', 'https://officeladies.com/', 'officeladies@earwolf.com');
    INSERT INTO trabalho.podcast VALUES ('219328a1-cec6-4e8c-b003-52a3ec9766bb', 'https://rss-feed-flowpodcast-2eqj3fl3la-ue.a.run.app/feed/rss', 'Flow', 'https://flowpodcast.com.br/', NULL);
    INSERT INTO trabalho.podcast VALUES ('f0166bd2-8e4d-4308-b5d7-0b3d627c5dc5', 'https://anchor.fm/s/248804cc/podcast/rss', 'Estrada Sobrenatural', 'https://linktr.ee/Estradasobrenatural', 'comercial.estradasobrenatural@gmail.com');
    INSERT INTO trabalho.podcast VALUES ('168c1536-4c42-4b8f-8c77-f06affefec6a', 'https://anchor.fm/s/11c4550c/podcast/rss', 'Hoje no TecMundo Podcast', 'https://www.tecmundo.com.br/', NULL);
    INSERT INTO trabalho.podcast VALUES ('5bdf7377-8330-4f9f-8efd-e95301c122ce', 'https://feeds.simplecast.com/tL5DvHPD', '2Devs', 'https://2devs.simplecast.com/', NULL);
    INSERT INTO trabalho.podcast VALUES ('f1b92ce7-47a7-43cd-8586-4a09185cdd05', 'https://anchor.fm/s/3bf2f2c/podcast/rss', 'Podcast FalaDev', 'https://anchor.fm/faladev', NULL);
    INSERT INTO trabalho.podcast VALUES ('b553d865-8fe2-47de-9a30-10e1dea3bd1d', 'http://www.deviante.com.br/podcasts/scicast/feed/', 'Scicast', 'https://www.deviante.com.br/podcasts/scicast/', NULL);
    INSERT INTO trabalho.podcast VALUES ('c58b280a-56d4-4ad8-8c85-730e4ea86361', 'https://republicadomedo.com.br/feed/podcast', 'RdMCast', 'https://republicadomedo.com.br/', 'contato@republicadomedo.com.br');
    INSERT INTO trabalho.podcast VALUES ('7e429e8e-7669-403d-bb78-3cd7f9f75afd', 'https://hipsters.tech/feed/podcast', 'Hipsters ponto tech', 'https://hipsters.tech/', NULL);
INSERT INTO trabalho.usuario VALUES ('usr_0', '0_Elsio_Pereira51@yahoo.com', 'Elísio Pereira', 'male', 31, 'password', 'Peru');
INSERT INTO trabalho.usuario_esta_inscrito_no_podcast VALUES (1, '5bdf7377-8330-4f9f-8efd-e95301c122ce', 'usr_0');
INSERT INTO trabalho.comentarios_podcast_usuario VALUES ('comment_0_0', 'Saepe deserunt consequatur quidem accusantium aut non.', '5bdf7377-8330-4f9f-8efd-e95301c122ce', 'usr_0');
INSERT INTO trabalho.log_acesso VALUES ('log_0_0', '5bdf7377-8330-4f9f-8efd-e95301c122ce', 'usr_0');
INSERT INTO trabalho.usuario_esta_inscrito_no_podcast VALUES (0, 'f1b92ce7-47a7-43cd-8586-4a09185cdd05', 'usr_0');
INSERT INTO trabalho.comentarios_podcast_usuario VALUES ('comment_0_1', 'Praesentium aperiam beatae fugiat velit sit eum libero.', 'f1b92ce7-47a7-43cd-8586-4a09185cdd05', 'usr_0');
INSERT INTO trabalho.log_acesso VALUES ('log_0_1', 'f1b92ce7-47a7-43cd-8586-4a09185cdd05', 'usr_0');
INSERT INTO trabalho.usuario_esta_inscrito_no_podcast VALUES (0, '7e429e8e-7669-403d-bb78-3cd7f9f75afd', 'usr_0');
INSERT INTO trabalho.comentarios_podcast_usuario VALUES ('comment_0_2', 'Placeat ab consequatur.', '7e429e8e-7669-403d-bb78-3cd7f9f75afd', 'usr_0');
INSERT INTO trabalho.log_acesso VALUES ('log_0_2', '7e429e8e-7669-403d-bb78-3cd7f9f75afd', 'usr_0');
INSERT INTO trabalho.usuario VALUES ('usr_1', '1_Enzo80@live.com', 'Enzo Moraes', 'male', 7, 'password', 'Uganda');
INSERT INTO trabalho.usuario_esta_inscrito_no_podcast VALUES (2, 'c58b280a-56d4-4ad8-8c85-730e4ea86361', 'usr_1');
INSERT INTO trabalho.comentarios_podcast_usuario VALUES ('comment_1_0', 'Dolores inventore voluptates quis.', 'c58b280a-56d4-4ad8-8c85-730e4ea86361', 'usr_1');
INSERT INTO trabalho.log_acesso VALUES ('log_1_0', 'c58b280a-56d4-4ad8-8c85-730e4ea86361', 'usr_1');
INSERT INTO trabalho.usuario_esta_inscrito_no_podcast VALUES (0, 'af46a958-b921-47b6-9f87-5c4fdc68ea79', 'usr_1');
INSERT INTO trabalho.comentarios_podcast_usuario VALUES ('comment_1_1', 'Corporis recusandae accusamus est repudiandae quos enim.', 'af46a958-b921-47b6-9f87-5c4fdc68ea79', 'usr_1');
INSERT INTO trabalho.log_acesso VALUES ('log_1_1', 'af46a958-b921-47b6-9f87-5c4fdc68ea79', 'usr_1');
INSERT INTO trabalho.usuario_esta_inscrito_no_podcast VALUES (1, '168c1536-4c42-4b8f-8c77-f06affefec6a', 'usr_1');
INSERT INTO trabalho.comentarios_podcast_usuario VALUES ('comment_1_2', 'Qui necessitatibus officiis ipsum.', '168c1536-4c42-4b8f-8c77-f06affefec6a', 'usr_1');
INSERT INTO trabalho.log_acesso VALUES ('log_1_2', '168c1536-4c42-4b8f-8c77-f06affefec6a', 'usr_1');
INSERT INTO trabalho.usuario VALUES ('usr_2', '2_Marcela3@bol.com.br', 'Marcela Albuquerque', 'female', 12, 'password', 'Nauru');
INSERT INTO trabalho.usuario_esta_inscrito_no_podcast VALUES (0, '219328a1-cec6-4e8c-b003-52a3ec9766bb', 'usr_2');
INSERT INTO trabalho.comentarios_podcast_usuario VALUES ('comment_2_0', 'Sunt omnis assumenda esse maxime explicabo quae dicta excepturi.', '219328a1-cec6-4e8c-b003-52a3ec9766bb', 'usr_2');
INSERT INTO trabalho.log_acesso VALUES ('log_2_0', '219328a1-cec6-4e8c-b003-52a3ec9766bb', 'usr_2');
INSERT INTO trabalho.usuario_esta_inscrito_no_podcast VALUES (5, '168c1536-4c42-4b8f-8c77-f06affefec6a', 'usr_2');
INSERT INTO trabalho.comentarios_podcast_usuario VALUES ('comment_2_1', 'Illo earum et officia temporibus aliquid et quidem quia ut.', '168c1536-4c42-4b8f-8c77-f06affefec6a', 'usr_2');
INSERT INTO trabalho.log_acesso VALUES ('log_2_1', '168c1536-4c42-4b8f-8c77-f06affefec6a', 'usr_2');
INSERT INTO trabalho.usuario_esta_inscrito_no_podcast VALUES (1, '7e429e8e-7669-403d-bb78-3cd7f9f75afd', 'usr_2');
INSERT INTO trabalho.comentarios_podcast_usuario VALUES ('comment_2_2', 'Adipisci ratione sit eos qui voluptates.', '7e429e8e-7669-403d-bb78-3cd7f9f75afd', 'usr_2');
INSERT INTO trabalho.log_acesso VALUES ('log_2_2', '7e429e8e-7669-403d-bb78-3cd7f9f75afd', 'usr_2');
INSERT INTO trabalho.usuario VALUES ('usr_3', '3_Salvador_Reis3@hotmail.com', 'Salvador Reis', 'male', 57, 'password', 'Polônia');
INSERT INTO trabalho.usuario_esta_inscrito_no_podcast VALUES (2, 'fa3abe16-3645-4d22-a01d-893e6f20c408', 'usr_3');
INSERT INTO trabalho.comentarios_podcast_usuario VALUES ('comment_3_0', 'Quisquam in nihil quia nemo atque.', 'fa3abe16-3645-4d22-a01d-893e6f20c408', 'usr_3');
INSERT INTO trabalho.log_acesso VALUES ('log_3_0', 'fa3abe16-3645-4d22-a01d-893e6f20c408', 'usr_3');
INSERT INTO trabalho.usuario_esta_inscrito_no_podcast VALUES (5, '7e429e8e-7669-403d-bb78-3cd7f9f75afd', 'usr_3');
INSERT INTO trabalho.comentarios_podcast_usuario VALUES ('comment_3_1', 'Molestias ducimus totam totam.', '7e429e8e-7669-403d-bb78-3cd7f9f75afd', 'usr_3');
INSERT INTO trabalho.log_acesso VALUES ('log_3_1', '7e429e8e-7669-403d-bb78-3cd7f9f75afd', 'usr_3');
INSERT INTO trabalho.usuario_esta_inscrito_no_podcast VALUES (1, '67074e68-bc2f-442b-8af2-7d328b6af6eb', 'usr_3');
INSERT INTO trabalho.comentarios_podcast_usuario VALUES ('comment_3_2', 'Sapiente fugit quisquam qui expedita minima aperiam.', '67074e68-bc2f-442b-8af2-7d328b6af6eb', 'usr_3');
INSERT INTO trabalho.log_acesso VALUES ('log_3_2', '67074e68-bc2f-442b-8af2-7d328b6af6eb', 'usr_3');
INSERT INTO trabalho.usuario VALUES ('usr_4', '4_Sarah.Oliveira26@hotmail.com', 'Sarah Oliveira', 'female', 0, 'password', 'República Dominicana');
INSERT INTO trabalho.usuario_esta_inscrito_no_podcast VALUES (4, 'fa3abe16-3645-4d22-a01d-893e6f20c408', 'usr_4');
INSERT INTO trabalho.comentarios_podcast_usuario VALUES ('comment_4_0', 'Nostrum consequatur facilis impedit nostrum quia delectus labore.', 'fa3abe16-3645-4d22-a01d-893e6f20c408', 'usr_4');
INSERT INTO trabalho.log_acesso VALUES ('log_4_0', 'fa3abe16-3645-4d22-a01d-893e6f20c408', 'usr_4');
INSERT INTO trabalho.usuario_esta_inscrito_no_podcast VALUES (3, 'f1b92ce7-47a7-43cd-8586-4a09185cdd05', 'usr_4');
INSERT INTO trabalho.comentarios_podcast_usuario VALUES ('comment_4_1', 'Deserunt quis ex ullam.', 'f1b92ce7-47a7-43cd-8586-4a09185cdd05', 'usr_4');
INSERT INTO trabalho.log_acesso VALUES ('log_4_1', 'f1b92ce7-47a7-43cd-8586-4a09185cdd05', 'usr_4');
INSERT INTO trabalho.usuario_esta_inscrito_no_podcast VALUES (0, '5bdf7377-8330-4f9f-8efd-e95301c122ce', 'usr_4');
INSERT INTO trabalho.comentarios_podcast_usuario VALUES ('comment_4_2', 'Aut iusto aut debitis est autem deserunt voluptas.', '5bdf7377-8330-4f9f-8efd-e95301c122ce', 'usr_4');
INSERT INTO trabalho.log_acesso VALUES ('log_4_2', '5bdf7377-8330-4f9f-8efd-e95301c122ce', 'usr_4');
INSERT INTO trabalho.usuario VALUES ('usr_5', '5_EnzoGabriel1@hotmail.com', 'Enzo Gabriel Reis', 'male', 9, 'password', 'Camboja');
INSERT INTO trabalho.usuario_esta_inscrito_no_podcast VALUES (4, 'f8e13774-d631-4f34-93f0-2f5d55590265', 'usr_5');
INSERT INTO trabalho.comentarios_podcast_usuario VALUES ('comment_5_0', 'Quas ea assumenda inventore.', 'f8e13774-d631-4f34-93f0-2f5d55590265', 'usr_5');
INSERT INTO trabalho.log_acesso VALUES ('log_5_0', 'f8e13774-d631-4f34-93f0-2f5d55590265', 'usr_5');
INSERT INTO trabalho.usuario_esta_inscrito_no_podcast VALUES (1, 'f1b92ce7-47a7-43cd-8586-4a09185cdd05', 'usr_5');
INSERT INTO trabalho.comentarios_podcast_usuario VALUES ('comment_5_1', 'Rerum nihil rem eius explicabo nihil ipsum veritatis est assumenda.', 'f1b92ce7-47a7-43cd-8586-4a09185cdd05', 'usr_5');
INSERT INTO trabalho.log_acesso VALUES ('log_5_1', 'f1b92ce7-47a7-43cd-8586-4a09185cdd05', 'usr_5');
INSERT INTO trabalho.usuario_esta_inscrito_no_podcast VALUES (0, '67074e68-bc2f-442b-8af2-7d328b6af6eb', 'usr_5');
INSERT INTO trabalho.comentarios_podcast_usuario VALUES ('comment_5_2', 'Nam officia est qui et dolore iure ut assumenda.', '67074e68-bc2f-442b-8af2-7d328b6af6eb', 'usr_5');
INSERT INTO trabalho.log_acesso VALUES ('log_5_2', '67074e68-bc2f-442b-8af2-7d328b6af6eb', 'usr_5');
INSERT INTO trabalho.usuario VALUES ('usr_6', '6_Danilo98@gmail.com', 'Danilo Nogueira', 'male', 14, 'password', 'Egito');
INSERT INTO trabalho.usuario_esta_inscrito_no_podcast VALUES (5, 'f1b92ce7-47a7-43cd-8586-4a09185cdd05', 'usr_6');
INSERT INTO trabalho.comentarios_podcast_usuario VALUES ('comment_6_0', 'Aspernatur nemo doloremque qui culpa voluptatibus impedit porro aliquam.', 'f1b92ce7-47a7-43cd-8586-4a09185cdd05', 'usr_6');
INSERT INTO trabalho.log_acesso VALUES ('log_6_0', 'f1b92ce7-47a7-43cd-8586-4a09185cdd05', 'usr_6');
INSERT INTO trabalho.usuario_esta_inscrito_no_podcast VALUES (4, '168c1536-4c42-4b8f-8c77-f06affefec6a', 'usr_6');
INSERT INTO trabalho.comentarios_podcast_usuario VALUES ('comment_6_1', 'Omnis sit et.', '168c1536-4c42-4b8f-8c77-f06affefec6a', 'usr_6');
INSERT INTO trabalho.log_acesso VALUES ('log_6_1', '168c1536-4c42-4b8f-8c77-f06affefec6a', 'usr_6');
INSERT INTO trabalho.usuario_esta_inscrito_no_podcast VALUES (1, '219328a1-cec6-4e8c-b003-52a3ec9766bb', 'usr_6');
INSERT INTO trabalho.comentarios_podcast_usuario VALUES ('comment_6_2', 'Et aut mollitia deserunt exercitationem quaerat dolorem et fuga mollitia.', '219328a1-cec6-4e8c-b003-52a3ec9766bb', 'usr_6');
INSERT INTO trabalho.log_acesso VALUES ('log_6_2', '219328a1-cec6-4e8c-b003-52a3ec9766bb', 'usr_6');
INSERT INTO trabalho.usuario VALUES ('usr_7', '7_Bruna57@hotmail.com', 'Bruna Oliveira', 'female', 5, 'password', 'Singapura');
INSERT INTO trabalho.usuario_esta_inscrito_no_podcast VALUES (0, '168c1536-4c42-4b8f-8c77-f06affefec6a', 'usr_7');
INSERT INTO trabalho.comentarios_podcast_usuario VALUES ('comment_7_0', 'Qui et quo doloremque dolorem autem.', '168c1536-4c42-4b8f-8c77-f06affefec6a', 'usr_7');
INSERT INTO trabalho.log_acesso VALUES ('log_7_0', '168c1536-4c42-4b8f-8c77-f06affefec6a', 'usr_7');
INSERT INTO trabalho.usuario_esta_inscrito_no_podcast VALUES (0, 'f8e13774-d631-4f34-93f0-2f5d55590265', 'usr_7');
INSERT INTO trabalho.comentarios_podcast_usuario VALUES ('comment_7_1', 'Ducimus voluptas molestias.', 'f8e13774-d631-4f34-93f0-2f5d55590265', 'usr_7');
INSERT INTO trabalho.log_acesso VALUES ('log_7_1', 'f8e13774-d631-4f34-93f0-2f5d55590265', 'usr_7');
INSERT INTO trabalho.usuario_esta_inscrito_no_podcast VALUES (3, '7e429e8e-7669-403d-bb78-3cd7f9f75afd', 'usr_7');
INSERT INTO trabalho.comentarios_podcast_usuario VALUES ('comment_7_2', 'Ab quaerat eum.', '7e429e8e-7669-403d-bb78-3cd7f9f75afd', 'usr_7');
INSERT INTO trabalho.log_acesso VALUES ('log_7_2', '7e429e8e-7669-403d-bb78-3cd7f9f75afd', 'usr_7');
INSERT INTO trabalho.usuario VALUES ('usr_8', '8_Meire37@live.com', 'Meire Oliveira', 'female', 59, 'password', 'Ilhas Heard e McDonald');
INSERT INTO trabalho.usuario_esta_inscrito_no_podcast VALUES (1, 'f0166bd2-8e4d-4308-b5d7-0b3d627c5dc5', 'usr_8');
INSERT INTO trabalho.comentarios_podcast_usuario VALUES ('comment_8_0', 'Quo in numquam deleniti nihil consequatur odit ut labore.', 'f0166bd2-8e4d-4308-b5d7-0b3d627c5dc5', 'usr_8');
INSERT INTO trabalho.log_acesso VALUES ('log_8_0', 'f0166bd2-8e4d-4308-b5d7-0b3d627c5dc5', 'usr_8');
INSERT INTO trabalho.usuario_esta_inscrito_no_podcast VALUES (4, 'de2f0ddb-9903-436a-a5e2-54224254c818', 'usr_8');
INSERT INTO trabalho.comentarios_podcast_usuario VALUES ('comment_8_1', 'Rem magnam veniam et.', 'de2f0ddb-9903-436a-a5e2-54224254c818', 'usr_8');
INSERT INTO trabalho.log_acesso VALUES ('log_8_1', 'de2f0ddb-9903-436a-a5e2-54224254c818', 'usr_8');
INSERT INTO trabalho.usuario_esta_inscrito_no_podcast VALUES (2, 'c58b280a-56d4-4ad8-8c85-730e4ea86361', 'usr_8');
INSERT INTO trabalho.comentarios_podcast_usuario VALUES ('comment_8_2', 'In dolorem qui.', 'c58b280a-56d4-4ad8-8c85-730e4ea86361', 'usr_8');
INSERT INTO trabalho.log_acesso VALUES ('log_8_2', 'c58b280a-56d4-4ad8-8c85-730e4ea86361', 'usr_8');
INSERT INTO trabalho.usuario VALUES ('usr_9', '9_JlioCsar54@live.com', 'Júlio César Silva', 'male', 42, 'password', 'Gibraltar');
INSERT INTO trabalho.usuario_esta_inscrito_no_podcast VALUES (5, 'f8e13774-d631-4f34-93f0-2f5d55590265', 'usr_9');
INSERT INTO trabalho.comentarios_podcast_usuario VALUES ('comment_9_0', 'Consectetur voluptatum provident eligendi est et.', 'f8e13774-d631-4f34-93f0-2f5d55590265', 'usr_9');
INSERT INTO trabalho.log_acesso VALUES ('log_9_0', 'f8e13774-d631-4f34-93f0-2f5d55590265', 'usr_9');
INSERT INTO trabalho.usuario_esta_inscrito_no_podcast VALUES (5, '67074e68-bc2f-442b-8af2-7d328b6af6eb', 'usr_9');
INSERT INTO trabalho.comentarios_podcast_usuario VALUES ('comment_9_1', 'Atque eum est magni.', '67074e68-bc2f-442b-8af2-7d328b6af6eb', 'usr_9');
INSERT INTO trabalho.log_acesso VALUES ('log_9_1', '67074e68-bc2f-442b-8af2-7d328b6af6eb', 'usr_9');
INSERT INTO trabalho.usuario_esta_inscrito_no_podcast VALUES (0, '5bdf7377-8330-4f9f-8efd-e95301c122ce', 'usr_9');
INSERT INTO trabalho.comentarios_podcast_usuario VALUES ('comment_9_2', 'Voluptatem et aut qui dolorum eaque aperiam quia voluptatem ducimus.', '5bdf7377-8330-4f9f-8efd-e95301c122ce', 'usr_9');
INSERT INTO trabalho.log_acesso VALUES ('log_9_2', '5bdf7377-8330-4f9f-8efd-e95301c122ce', 'usr_9');
INSERT INTO trabalho.usuario VALUES ('usr_10', '10_Fabrcio.Santos81@gmail.com', 'Fabrício Santos', 'male', 31, 'password', 'Noruega');
INSERT INTO trabalho.usuario_esta_inscrito_no_podcast VALUES (1, 'f8e13774-d631-4f34-93f0-2f5d55590265', 'usr_10');
INSERT INTO trabalho.comentarios_podcast_usuario VALUES ('comment_10_0', 'Praesentium voluptates ullam.', 'f8e13774-d631-4f34-93f0-2f5d55590265', 'usr_10');
INSERT INTO trabalho.log_acesso VALUES ('log_10_0', 'f8e13774-d631-4f34-93f0-2f5d55590265', 'usr_10');
INSERT INTO trabalho.usuario_esta_inscrito_no_podcast VALUES (2, 'f0166bd2-8e4d-4308-b5d7-0b3d627c5dc5', 'usr_10');
INSERT INTO trabalho.comentarios_podcast_usuario VALUES ('comment_10_1', 'Voluptas corporis nostrum nam in beatae architecto aspernatur a.', 'f0166bd2-8e4d-4308-b5d7-0b3d627c5dc5', 'usr_10');
INSERT INTO trabalho.log_acesso VALUES ('log_10_1', 'f0166bd2-8e4d-4308-b5d7-0b3d627c5dc5', 'usr_10');
INSERT INTO trabalho.usuario_esta_inscrito_no_podcast VALUES (1, 'fa3abe16-3645-4d22-a01d-893e6f20c408', 'usr_10');
INSERT INTO trabalho.comentarios_podcast_usuario VALUES ('comment_10_2', 'Ad ut omnis dolores iure itaque tenetur hic doloremque.', 'fa3abe16-3645-4d22-a01d-893e6f20c408', 'usr_10');
INSERT INTO trabalho.log_acesso VALUES ('log_10_2', 'fa3abe16-3645-4d22-a01d-893e6f20c408', 'usr_10');
INSERT INTO trabalho.usuario VALUES ('usr_11', '11_Bryan96@yahoo.com', 'Bryan Albuquerque', 'male', 23, 'password', 'Islândia');
INSERT INTO trabalho.usuario_esta_inscrito_no_podcast VALUES (5, 'fa3abe16-3645-4d22-a01d-893e6f20c408', 'usr_11');
INSERT INTO trabalho.comentarios_podcast_usuario VALUES ('comment_11_0', 'Sunt et eligendi et non unde.', 'fa3abe16-3645-4d22-a01d-893e6f20c408', 'usr_11');
INSERT INTO trabalho.log_acesso VALUES ('log_11_0', 'fa3abe16-3645-4d22-a01d-893e6f20c408', 'usr_11');
INSERT INTO trabalho.usuario_esta_inscrito_no_podcast VALUES (2, '219328a1-cec6-4e8c-b003-52a3ec9766bb', 'usr_11');
INSERT INTO trabalho.comentarios_podcast_usuario VALUES ('comment_11_1', 'Nihil aliquid sit error impedit ut.', '219328a1-cec6-4e8c-b003-52a3ec9766bb', 'usr_11');
INSERT INTO trabalho.log_acesso VALUES ('log_11_1', '219328a1-cec6-4e8c-b003-52a3ec9766bb', 'usr_11');
INSERT INTO trabalho.usuario_esta_inscrito_no_podcast VALUES (1, '7e429e8e-7669-403d-bb78-3cd7f9f75afd', 'usr_11');
INSERT INTO trabalho.comentarios_podcast_usuario VALUES ('comment_11_2', 'Unde quo facere explicabo sunt voluptas qui accusantium.', '7e429e8e-7669-403d-bb78-3cd7f9f75afd', 'usr_11');
INSERT INTO trabalho.log_acesso VALUES ('log_11_2', '7e429e8e-7669-403d-bb78-3cd7f9f75afd', 'usr_11');
INSERT INTO trabalho.usuario VALUES ('usr_12', '12_Jlia_Nogueira@live.com', 'Júlia Nogueira', 'female', 38, 'password', 'Eslovênia');
INSERT INTO trabalho.usuario_esta_inscrito_no_podcast VALUES (4, '67074e68-bc2f-442b-8af2-7d328b6af6eb', 'usr_12');
INSERT INTO trabalho.comentarios_podcast_usuario VALUES ('comment_12_0', 'Eligendi ea animi voluptatem.', '67074e68-bc2f-442b-8af2-7d328b6af6eb', 'usr_12');
INSERT INTO trabalho.log_acesso VALUES ('log_12_0', '67074e68-bc2f-442b-8af2-7d328b6af6eb', 'usr_12');
INSERT INTO trabalho.usuario_esta_inscrito_no_podcast VALUES (5, '219328a1-cec6-4e8c-b003-52a3ec9766bb', 'usr_12');
INSERT INTO trabalho.comentarios_podcast_usuario VALUES ('comment_12_1', 'Delectus vel voluptas aperiam quia consequatur laudantium incidunt.', '219328a1-cec6-4e8c-b003-52a3ec9766bb', 'usr_12');
INSERT INTO trabalho.log_acesso VALUES ('log_12_1', '219328a1-cec6-4e8c-b003-52a3ec9766bb', 'usr_12');
INSERT INTO trabalho.usuario_esta_inscrito_no_podcast VALUES (5, 'de2f0ddb-9903-436a-a5e2-54224254c818', 'usr_12');
INSERT INTO trabalho.comentarios_podcast_usuario VALUES ('comment_12_2', 'Repudiandae qui nihil tempore voluptas qui.', 'de2f0ddb-9903-436a-a5e2-54224254c818', 'usr_12');
INSERT INTO trabalho.log_acesso VALUES ('log_12_2', 'de2f0ddb-9903-436a-a5e2-54224254c818', 'usr_12');
INSERT INTO trabalho.usuario VALUES ('usr_13', '13_Tho77@yahoo.com', 'Théo Martins', 'male', 41, 'password', 'Bermuda');
INSERT INTO trabalho.usuario_esta_inscrito_no_podcast VALUES (2, 'af46a958-b921-47b6-9f87-5c4fdc68ea79', 'usr_13');
INSERT INTO trabalho.comentarios_podcast_usuario VALUES ('comment_13_0', 'Facilis autem et soluta quasi tempore.', 'af46a958-b921-47b6-9f87-5c4fdc68ea79', 'usr_13');
INSERT INTO trabalho.log_acesso VALUES ('log_13_0', 'af46a958-b921-47b6-9f87-5c4fdc68ea79', 'usr_13');
INSERT INTO trabalho.usuario_esta_inscrito_no_podcast VALUES (3, '5bdf7377-8330-4f9f-8efd-e95301c122ce', 'usr_13');
INSERT INTO trabalho.comentarios_podcast_usuario VALUES ('comment_13_1', 'Dignissimos magni eius ducimus.', '5bdf7377-8330-4f9f-8efd-e95301c122ce', 'usr_13');
INSERT INTO trabalho.log_acesso VALUES ('log_13_1', '5bdf7377-8330-4f9f-8efd-e95301c122ce', 'usr_13');
INSERT INTO trabalho.usuario_esta_inscrito_no_podcast VALUES (2, 'bc8dac25-793c-4a96-aafc-4ea7020f4f60', 'usr_13');
INSERT INTO trabalho.comentarios_podcast_usuario VALUES ('comment_13_2', 'Sit id aliquid eveniet.', 'bc8dac25-793c-4a96-aafc-4ea7020f4f60', 'usr_13');
INSERT INTO trabalho.log_acesso VALUES ('log_13_2', 'bc8dac25-793c-4a96-aafc-4ea7020f4f60', 'usr_13');
INSERT INTO trabalho.usuario VALUES ('usr_14', '14_Giovanna.Macedo@gmail.com', 'Giovanna Macedo', 'female', 40, 'password', 'Kuwait');
INSERT INTO trabalho.usuario_esta_inscrito_no_podcast VALUES (0, 'b553d865-8fe2-47de-9a30-10e1dea3bd1d', 'usr_14');
INSERT INTO trabalho.comentarios_podcast_usuario VALUES ('comment_14_0', 'Enim perferendis rerum.', 'b553d865-8fe2-47de-9a30-10e1dea3bd1d', 'usr_14');
INSERT INTO trabalho.log_acesso VALUES ('log_14_0', 'b553d865-8fe2-47de-9a30-10e1dea3bd1d', 'usr_14');
INSERT INTO trabalho.usuario_esta_inscrito_no_podcast VALUES (1, 'af46a958-b921-47b6-9f87-5c4fdc68ea79', 'usr_14');
INSERT INTO trabalho.comentarios_podcast_usuario VALUES ('comment_14_1', 'Et suscipit odio dolorum et illo quaerat rem unde.', 'af46a958-b921-47b6-9f87-5c4fdc68ea79', 'usr_14');
INSERT INTO trabalho.log_acesso VALUES ('log_14_1', 'af46a958-b921-47b6-9f87-5c4fdc68ea79', 'usr_14');
INSERT INTO trabalho.usuario_esta_inscrito_no_podcast VALUES (5, 'f0166bd2-8e4d-4308-b5d7-0b3d627c5dc5', 'usr_14');
INSERT INTO trabalho.comentarios_podcast_usuario VALUES ('comment_14_2', 'Omnis suscipit voluptatem error cum.', 'f0166bd2-8e4d-4308-b5d7-0b3d627c5dc5', 'usr_14');
INSERT INTO trabalho.log_acesso VALUES ('log_14_2', 'f0166bd2-8e4d-4308-b5d7-0b3d627c5dc5', 'usr_14');
INSERT INTO trabalho.usuario VALUES ('usr_15', '15_Cau_Xavier@live.com', 'Cauã Xavier', 'male', 49, 'password', 'Somália');
INSERT INTO trabalho.usuario_esta_inscrito_no_podcast VALUES (5, '5bdf7377-8330-4f9f-8efd-e95301c122ce', 'usr_15');
INSERT INTO trabalho.comentarios_podcast_usuario VALUES ('comment_15_0', 'Et quas qui ratione iure dolorum consequatur ut tenetur consequatur.', '5bdf7377-8330-4f9f-8efd-e95301c122ce', 'usr_15');
INSERT INTO trabalho.log_acesso VALUES ('log_15_0', '5bdf7377-8330-4f9f-8efd-e95301c122ce', 'usr_15');
INSERT INTO trabalho.usuario_esta_inscrito_no_podcast VALUES (2, 'f1b92ce7-47a7-43cd-8586-4a09185cdd05', 'usr_15');
INSERT INTO trabalho.comentarios_podcast_usuario VALUES ('comment_15_1', 'Distinctio dolore ut modi omnis illum voluptatem tenetur quisquam.', 'f1b92ce7-47a7-43cd-8586-4a09185cdd05', 'usr_15');
INSERT INTO trabalho.log_acesso VALUES ('log_15_1', 'f1b92ce7-47a7-43cd-8586-4a09185cdd05', 'usr_15');
INSERT INTO trabalho.usuario_esta_inscrito_no_podcast VALUES (4, 'af46a958-b921-47b6-9f87-5c4fdc68ea79', 'usr_15');
INSERT INTO trabalho.comentarios_podcast_usuario VALUES ('comment_15_2', 'Et facere illum.', 'af46a958-b921-47b6-9f87-5c4fdc68ea79', 'usr_15');
INSERT INTO trabalho.log_acesso VALUES ('log_15_2', 'af46a958-b921-47b6-9f87-5c4fdc68ea79', 'usr_15');
INSERT INTO trabalho.usuario VALUES ('usr_16', '16_Samuel61@bol.com.br', 'Samuel Franco', 'male', 22, 'password', 'Guatemala');
INSERT INTO trabalho.usuario_esta_inscrito_no_podcast VALUES (2, 'c58b280a-56d4-4ad8-8c85-730e4ea86361', 'usr_16');
INSERT INTO trabalho.comentarios_podcast_usuario VALUES ('comment_16_0', 'Quaerat laborum aspernatur recusandae soluta maiores.', 'c58b280a-56d4-4ad8-8c85-730e4ea86361', 'usr_16');
INSERT INTO trabalho.log_acesso VALUES ('log_16_0', 'c58b280a-56d4-4ad8-8c85-730e4ea86361', 'usr_16');
INSERT INTO trabalho.usuario_esta_inscrito_no_podcast VALUES (0, 'f8e13774-d631-4f34-93f0-2f5d55590265', 'usr_16');
INSERT INTO trabalho.comentarios_podcast_usuario VALUES ('comment_16_1', 'Et dolorem debitis.', 'f8e13774-d631-4f34-93f0-2f5d55590265', 'usr_16');
INSERT INTO trabalho.log_acesso VALUES ('log_16_1', 'f8e13774-d631-4f34-93f0-2f5d55590265', 'usr_16');
INSERT INTO trabalho.usuario_esta_inscrito_no_podcast VALUES (0, 'de2f0ddb-9903-436a-a5e2-54224254c818', 'usr_16');
INSERT INTO trabalho.comentarios_podcast_usuario VALUES ('comment_16_2', 'Eaque aut tenetur.', 'de2f0ddb-9903-436a-a5e2-54224254c818', 'usr_16');
INSERT INTO trabalho.log_acesso VALUES ('log_16_2', 'de2f0ddb-9903-436a-a5e2-54224254c818', 'usr_16');
INSERT INTO trabalho.usuario VALUES ('usr_17', '17_gor.Batista79@live.com', 'Ígor Batista', 'male', 3, 'password', 'Angola');
INSERT INTO trabalho.usuario_esta_inscrito_no_podcast VALUES (0, '67074e68-bc2f-442b-8af2-7d328b6af6eb', 'usr_17');
INSERT INTO trabalho.comentarios_podcast_usuario VALUES ('comment_17_0', 'Quia earum quae animi est rerum.', '67074e68-bc2f-442b-8af2-7d328b6af6eb', 'usr_17');
INSERT INTO trabalho.log_acesso VALUES ('log_17_0', '67074e68-bc2f-442b-8af2-7d328b6af6eb', 'usr_17');
INSERT INTO trabalho.usuario_esta_inscrito_no_podcast VALUES (0, 'f1b92ce7-47a7-43cd-8586-4a09185cdd05', 'usr_17');
INSERT INTO trabalho.comentarios_podcast_usuario VALUES ('comment_17_1', 'Ipsa veniam id deleniti.', 'f1b92ce7-47a7-43cd-8586-4a09185cdd05', 'usr_17');
INSERT INTO trabalho.log_acesso VALUES ('log_17_1', 'f1b92ce7-47a7-43cd-8586-4a09185cdd05', 'usr_17');
INSERT INTO trabalho.usuario_esta_inscrito_no_podcast VALUES (0, 'b553d865-8fe2-47de-9a30-10e1dea3bd1d', 'usr_17');
INSERT INTO trabalho.comentarios_podcast_usuario VALUES ('comment_17_2', 'Id iure atque molestias asperiores quaerat qui et.', 'b553d865-8fe2-47de-9a30-10e1dea3bd1d', 'usr_17');
INSERT INTO trabalho.log_acesso VALUES ('log_17_2', 'b553d865-8fe2-47de-9a30-10e1dea3bd1d', 'usr_17');
INSERT INTO trabalho.usuario VALUES ('usr_18', '18_Joo.Reis8@live.com', 'João Reis', 'male', 59, 'password', 'Tanzânia');
INSERT INTO trabalho.usuario_esta_inscrito_no_podcast VALUES (5, '5bdf7377-8330-4f9f-8efd-e95301c122ce', 'usr_18');
INSERT INTO trabalho.comentarios_podcast_usuario VALUES ('comment_18_0', 'Dolores harum est harum cupiditate voluptates ducimus sint.', '5bdf7377-8330-4f9f-8efd-e95301c122ce', 'usr_18');
INSERT INTO trabalho.log_acesso VALUES ('log_18_0', '5bdf7377-8330-4f9f-8efd-e95301c122ce', 'usr_18');
INSERT INTO trabalho.usuario_esta_inscrito_no_podcast VALUES (1, 'f1b92ce7-47a7-43cd-8586-4a09185cdd05', 'usr_18');
INSERT INTO trabalho.comentarios_podcast_usuario VALUES ('comment_18_1', 'Est culpa iste blanditiis commodi accusamus qui sit quidem similique.', 'f1b92ce7-47a7-43cd-8586-4a09185cdd05', 'usr_18');
INSERT INTO trabalho.log_acesso VALUES ('log_18_1', 'f1b92ce7-47a7-43cd-8586-4a09185cdd05', 'usr_18');
INSERT INTO trabalho.usuario_esta_inscrito_no_podcast VALUES (4, 'f8e13774-d631-4f34-93f0-2f5d55590265', 'usr_18');
INSERT INTO trabalho.comentarios_podcast_usuario VALUES ('comment_18_2', 'Amet enim nobis a reprehenderit perspiciatis at.', 'f8e13774-d631-4f34-93f0-2f5d55590265', 'usr_18');
INSERT INTO trabalho.log_acesso VALUES ('log_18_2', 'f8e13774-d631-4f34-93f0-2f5d55590265', 'usr_18');
INSERT INTO trabalho.usuario VALUES ('usr_19', '19_Flix_Pereira@bol.com.br', 'Félix Pereira', 'male', 28, 'password', 'Irlanda');
INSERT INTO trabalho.usuario_esta_inscrito_no_podcast VALUES (3, 'f8e13774-d631-4f34-93f0-2f5d55590265', 'usr_19');
INSERT INTO trabalho.comentarios_podcast_usuario VALUES ('comment_19_0', 'Ea ut voluptatibus quaerat.', 'f8e13774-d631-4f34-93f0-2f5d55590265', 'usr_19');
INSERT INTO trabalho.log_acesso VALUES ('log_19_0', 'f8e13774-d631-4f34-93f0-2f5d55590265', 'usr_19');
INSERT INTO trabalho.usuario_esta_inscrito_no_podcast VALUES (0, 'f0166bd2-8e4d-4308-b5d7-0b3d627c5dc5', 'usr_19');
INSERT INTO trabalho.comentarios_podcast_usuario VALUES ('comment_19_1', 'Reprehenderit iste reprehenderit sint eius ab fugiat.', 'f0166bd2-8e4d-4308-b5d7-0b3d627c5dc5', 'usr_19');
INSERT INTO trabalho.log_acesso VALUES ('log_19_1', 'f0166bd2-8e4d-4308-b5d7-0b3d627c5dc5', 'usr_19');
INSERT INTO trabalho.usuario_esta_inscrito_no_podcast VALUES (3, 'f1b92ce7-47a7-43cd-8586-4a09185cdd05', 'usr_19');
INSERT INTO trabalho.comentarios_podcast_usuario VALUES ('comment_19_2', 'Commodi dolore quasi velit excepturi.', 'f1b92ce7-47a7-43cd-8586-4a09185cdd05', 'usr_19');
INSERT INTO trabalho.log_acesso VALUES ('log_19_2', 'f1b92ce7-47a7-43cd-8586-4a09185cdd05', 'usr_19');
INSERT INTO trabalho.usuario VALUES ('usr_20', '20_Jlia_Martins@live.com', 'Júlia Martins', 'female', 59, 'password', 'Timor-Leste');
INSERT INTO trabalho.usuario_esta_inscrito_no_podcast VALUES (0, '219328a1-cec6-4e8c-b003-52a3ec9766bb', 'usr_20');
INSERT INTO trabalho.comentarios_podcast_usuario VALUES ('comment_20_0', 'Illo consequatur qui.', '219328a1-cec6-4e8c-b003-52a3ec9766bb', 'usr_20');
INSERT INTO trabalho.log_acesso VALUES ('log_20_0', '219328a1-cec6-4e8c-b003-52a3ec9766bb', 'usr_20');
INSERT INTO trabalho.usuario_esta_inscrito_no_podcast VALUES (4, 'fa3abe16-3645-4d22-a01d-893e6f20c408', 'usr_20');
INSERT INTO trabalho.comentarios_podcast_usuario VALUES ('comment_20_1', 'Perspiciatis iste itaque aut vitae unde vel quibusdam eligendi aspernatur.', 'fa3abe16-3645-4d22-a01d-893e6f20c408', 'usr_20');
INSERT INTO trabalho.log_acesso VALUES ('log_20_1', 'fa3abe16-3645-4d22-a01d-893e6f20c408', 'usr_20');
INSERT INTO trabalho.usuario_esta_inscrito_no_podcast VALUES (1, '67074e68-bc2f-442b-8af2-7d328b6af6eb', 'usr_20');
INSERT INTO trabalho.comentarios_podcast_usuario VALUES ('comment_20_2', 'Animi blanditiis eligendi.', '67074e68-bc2f-442b-8af2-7d328b6af6eb', 'usr_20');
INSERT INTO trabalho.log_acesso VALUES ('log_20_2', '67074e68-bc2f-442b-8af2-7d328b6af6eb', 'usr_20');
INSERT INTO trabalho.usuario VALUES ('usr_21', '21_Fabrcio.Batista13@live.com', 'Fabrício Batista', 'male', 38, 'password', 'Ilhas Cocos');
INSERT INTO trabalho.usuario_esta_inscrito_no_podcast VALUES (3, '5bdf7377-8330-4f9f-8efd-e95301c122ce', 'usr_21');
INSERT INTO trabalho.comentarios_podcast_usuario VALUES ('comment_21_0', 'Quo neque possimus assumenda occaecati fugit dolorem et velit aut.', '5bdf7377-8330-4f9f-8efd-e95301c122ce', 'usr_21');
INSERT INTO trabalho.log_acesso VALUES ('log_21_0', '5bdf7377-8330-4f9f-8efd-e95301c122ce', 'usr_21');
INSERT INTO trabalho.usuario_esta_inscrito_no_podcast VALUES (4, 'c58b280a-56d4-4ad8-8c85-730e4ea86361', 'usr_21');
INSERT INTO trabalho.comentarios_podcast_usuario VALUES ('comment_21_1', 'Dolor aut minima omnis reprehenderit atque nostrum dolor enim reprehenderit.', 'c58b280a-56d4-4ad8-8c85-730e4ea86361', 'usr_21');
INSERT INTO trabalho.log_acesso VALUES ('log_21_1', 'c58b280a-56d4-4ad8-8c85-730e4ea86361', 'usr_21');
INSERT INTO trabalho.usuario_esta_inscrito_no_podcast VALUES (4, 'f8e13774-d631-4f34-93f0-2f5d55590265', 'usr_21');
INSERT INTO trabalho.comentarios_podcast_usuario VALUES ('comment_21_2', 'Voluptatibus nihil soluta porro nulla et incidunt voluptate itaque commodi.', 'f8e13774-d631-4f34-93f0-2f5d55590265', 'usr_21');
INSERT INTO trabalho.log_acesso VALUES ('log_21_2', 'f8e13774-d631-4f34-93f0-2f5d55590265', 'usr_21');
INSERT INTO trabalho.usuario VALUES ('usr_22', '22_Mariana_Reis12@gmail.com', 'Mariana Reis', 'female', 16, 'password', 'Nova Zelândia');
INSERT INTO trabalho.usuario_esta_inscrito_no_podcast VALUES (4, 'f0166bd2-8e4d-4308-b5d7-0b3d627c5dc5', 'usr_22');
INSERT INTO trabalho.comentarios_podcast_usuario VALUES ('comment_22_0', 'Non et possimus rem.', 'f0166bd2-8e4d-4308-b5d7-0b3d627c5dc5', 'usr_22');
INSERT INTO trabalho.log_acesso VALUES ('log_22_0', 'f0166bd2-8e4d-4308-b5d7-0b3d627c5dc5', 'usr_22');
INSERT INTO trabalho.usuario_esta_inscrito_no_podcast VALUES (0, '5bdf7377-8330-4f9f-8efd-e95301c122ce', 'usr_22');
INSERT INTO trabalho.comentarios_podcast_usuario VALUES ('comment_22_1', 'Suscipit quia voluptatem dolorum atque earum recusandae dolores qui natus.', '5bdf7377-8330-4f9f-8efd-e95301c122ce', 'usr_22');
INSERT INTO trabalho.log_acesso VALUES ('log_22_1', '5bdf7377-8330-4f9f-8efd-e95301c122ce', 'usr_22');
INSERT INTO trabalho.usuario_esta_inscrito_no_podcast VALUES (3, '67074e68-bc2f-442b-8af2-7d328b6af6eb', 'usr_22');
INSERT INTO trabalho.comentarios_podcast_usuario VALUES ('comment_22_2', 'Tempore molestiae ullam molestiae consequatur.', '67074e68-bc2f-442b-8af2-7d328b6af6eb', 'usr_22');
INSERT INTO trabalho.log_acesso VALUES ('log_22_2', '67074e68-bc2f-442b-8af2-7d328b6af6eb', 'usr_22');
INSERT INTO trabalho.usuario VALUES ('usr_23', '23_Lvia.Carvalho73@yahoo.com', 'Lívia Carvalho', 'female', 28, 'password', 'Noruega');
INSERT INTO trabalho.usuario_esta_inscrito_no_podcast VALUES (4, 'f1b92ce7-47a7-43cd-8586-4a09185cdd05', 'usr_23');
INSERT INTO trabalho.comentarios_podcast_usuario VALUES ('comment_23_0', 'Dolore neque nihil enim eum consequatur nihil atque nemo doloremque.', 'f1b92ce7-47a7-43cd-8586-4a09185cdd05', 'usr_23');
INSERT INTO trabalho.log_acesso VALUES ('log_23_0', 'f1b92ce7-47a7-43cd-8586-4a09185cdd05', 'usr_23');
INSERT INTO trabalho.usuario_esta_inscrito_no_podcast VALUES (3, 'c58b280a-56d4-4ad8-8c85-730e4ea86361', 'usr_23');
INSERT INTO trabalho.comentarios_podcast_usuario VALUES ('comment_23_1', 'Et eveniet eligendi aliquam.', 'c58b280a-56d4-4ad8-8c85-730e4ea86361', 'usr_23');
INSERT INTO trabalho.log_acesso VALUES ('log_23_1', 'c58b280a-56d4-4ad8-8c85-730e4ea86361', 'usr_23');
INSERT INTO trabalho.usuario_esta_inscrito_no_podcast VALUES (3, 'fa3abe16-3645-4d22-a01d-893e6f20c408', 'usr_23');
INSERT INTO trabalho.comentarios_podcast_usuario VALUES ('comment_23_2', 'Qui eos occaecati aut.', 'fa3abe16-3645-4d22-a01d-893e6f20c408', 'usr_23');
INSERT INTO trabalho.log_acesso VALUES ('log_23_2', 'fa3abe16-3645-4d22-a01d-893e6f20c408', 'usr_23');
INSERT INTO trabalho.usuario VALUES ('usr_24', '24_Silas_Franco@yahoo.com', 'Silas Franco', 'male', 22, 'password', 'Afeganistão');
INSERT INTO trabalho.usuario_esta_inscrito_no_podcast VALUES (3, 'de2f0ddb-9903-436a-a5e2-54224254c818', 'usr_24');
INSERT INTO trabalho.comentarios_podcast_usuario VALUES ('comment_24_0', 'Aut tenetur ipsa libero id quo quas.', 'de2f0ddb-9903-436a-a5e2-54224254c818', 'usr_24');
INSERT INTO trabalho.log_acesso VALUES ('log_24_0', 'de2f0ddb-9903-436a-a5e2-54224254c818', 'usr_24');
INSERT INTO trabalho.usuario_esta_inscrito_no_podcast VALUES (0, '7e429e8e-7669-403d-bb78-3cd7f9f75afd', 'usr_24');
INSERT INTO trabalho.comentarios_podcast_usuario VALUES ('comment_24_1', 'Libero repellendus et illum ratione nulla officia dolorem.', '7e429e8e-7669-403d-bb78-3cd7f9f75afd', 'usr_24');
INSERT INTO trabalho.log_acesso VALUES ('log_24_1', '7e429e8e-7669-403d-bb78-3cd7f9f75afd', 'usr_24');
INSERT INTO trabalho.usuario_esta_inscrito_no_podcast VALUES (4, 'fa3abe16-3645-4d22-a01d-893e6f20c408', 'usr_24');
INSERT INTO trabalho.comentarios_podcast_usuario VALUES ('comment_24_2', 'Est dolor dolores qui voluptas quidem rerum quo.', 'fa3abe16-3645-4d22-a01d-893e6f20c408', 'usr_24');
INSERT INTO trabalho.log_acesso VALUES ('log_24_2', 'fa3abe16-3645-4d22-a01d-893e6f20c408', 'usr_24');
INSERT INTO trabalho.usuario VALUES ('usr_25', '25_Carlos_Xavier13@live.com', 'Carlos Xavier', 'male', 37, 'password', 'Jamaica');
INSERT INTO trabalho.usuario_esta_inscrito_no_podcast VALUES (5, 'af46a958-b921-47b6-9f87-5c4fdc68ea79', 'usr_25');
INSERT INTO trabalho.comentarios_podcast_usuario VALUES ('comment_25_0', 'Est aut omnis vitae.', 'af46a958-b921-47b6-9f87-5c4fdc68ea79', 'usr_25');
INSERT INTO trabalho.log_acesso VALUES ('log_25_0', 'af46a958-b921-47b6-9f87-5c4fdc68ea79', 'usr_25');
INSERT INTO trabalho.usuario_esta_inscrito_no_podcast VALUES (5, '168c1536-4c42-4b8f-8c77-f06affefec6a', 'usr_25');
INSERT INTO trabalho.comentarios_podcast_usuario VALUES ('comment_25_1', 'Fuga architecto qui omnis nostrum quo architecto qui quis et.', '168c1536-4c42-4b8f-8c77-f06affefec6a', 'usr_25');
INSERT INTO trabalho.log_acesso VALUES ('log_25_1', '168c1536-4c42-4b8f-8c77-f06affefec6a', 'usr_25');
INSERT INTO trabalho.usuario_esta_inscrito_no_podcast VALUES (2, 'b553d865-8fe2-47de-9a30-10e1dea3bd1d', 'usr_25');
INSERT INTO trabalho.comentarios_podcast_usuario VALUES ('comment_25_2', 'Dolorem rem odio totam et.', 'b553d865-8fe2-47de-9a30-10e1dea3bd1d', 'usr_25');
INSERT INTO trabalho.log_acesso VALUES ('log_25_2', 'b553d865-8fe2-47de-9a30-10e1dea3bd1d', 'usr_25');
INSERT INTO trabalho.usuario VALUES ('usr_26', '26_Daniel87@yahoo.com', 'Daniel Saraiva', 'male', 47, 'password', 'Mali');
INSERT INTO trabalho.usuario_esta_inscrito_no_podcast VALUES (2, 'f1b92ce7-47a7-43cd-8586-4a09185cdd05', 'usr_26');
INSERT INTO trabalho.comentarios_podcast_usuario VALUES ('comment_26_0', 'Tempora quod tenetur consequuntur reprehenderit.', 'f1b92ce7-47a7-43cd-8586-4a09185cdd05', 'usr_26');
INSERT INTO trabalho.log_acesso VALUES ('log_26_0', 'f1b92ce7-47a7-43cd-8586-4a09185cdd05', 'usr_26');
INSERT INTO trabalho.usuario_esta_inscrito_no_podcast VALUES (3, 'bc8dac25-793c-4a96-aafc-4ea7020f4f60', 'usr_26');
INSERT INTO trabalho.comentarios_podcast_usuario VALUES ('comment_26_1', 'Omnis quidem id omnis est dolores mollitia.', 'bc8dac25-793c-4a96-aafc-4ea7020f4f60', 'usr_26');
INSERT INTO trabalho.log_acesso VALUES ('log_26_1', 'bc8dac25-793c-4a96-aafc-4ea7020f4f60', 'usr_26');
INSERT INTO trabalho.usuario_esta_inscrito_no_podcast VALUES (4, '7e429e8e-7669-403d-bb78-3cd7f9f75afd', 'usr_26');
INSERT INTO trabalho.comentarios_podcast_usuario VALUES ('comment_26_2', 'At ipsum maiores.', '7e429e8e-7669-403d-bb78-3cd7f9f75afd', 'usr_26');
INSERT INTO trabalho.log_acesso VALUES ('log_26_2', '7e429e8e-7669-403d-bb78-3cd7f9f75afd', 'usr_26');
INSERT INTO trabalho.usuario VALUES ('usr_27', '27_Caio_Martins@yahoo.com', 'Caio Martins', 'male', 45, 'password', 'Hong Kong');
INSERT INTO trabalho.usuario_esta_inscrito_no_podcast VALUES (3, '7e429e8e-7669-403d-bb78-3cd7f9f75afd', 'usr_27');
INSERT INTO trabalho.comentarios_podcast_usuario VALUES ('comment_27_0', 'Voluptatum provident sit itaque neque aut sed est est.', '7e429e8e-7669-403d-bb78-3cd7f9f75afd', 'usr_27');
INSERT INTO trabalho.log_acesso VALUES ('log_27_0', '7e429e8e-7669-403d-bb78-3cd7f9f75afd', 'usr_27');
INSERT INTO trabalho.usuario_esta_inscrito_no_podcast VALUES (4, 'f1b92ce7-47a7-43cd-8586-4a09185cdd05', 'usr_27');
INSERT INTO trabalho.comentarios_podcast_usuario VALUES ('comment_27_1', 'Assumenda blanditiis quam quis.', 'f1b92ce7-47a7-43cd-8586-4a09185cdd05', 'usr_27');
INSERT INTO trabalho.log_acesso VALUES ('log_27_1', 'f1b92ce7-47a7-43cd-8586-4a09185cdd05', 'usr_27');
INSERT INTO trabalho.usuario_esta_inscrito_no_podcast VALUES (5, 'f8e13774-d631-4f34-93f0-2f5d55590265', 'usr_27');
INSERT INTO trabalho.comentarios_podcast_usuario VALUES ('comment_27_2', 'Aut quaerat eum placeat sit.', 'f8e13774-d631-4f34-93f0-2f5d55590265', 'usr_27');
INSERT INTO trabalho.log_acesso VALUES ('log_27_2', 'f8e13774-d631-4f34-93f0-2f5d55590265', 'usr_27');
INSERT INTO trabalho.usuario VALUES ('usr_28', '28_Lorenzo20@hotmail.com', 'Lorenzo Souza', 'male', 17, 'password', 'Áustria');
INSERT INTO trabalho.usuario_esta_inscrito_no_podcast VALUES (3, 'b553d865-8fe2-47de-9a30-10e1dea3bd1d', 'usr_28');
INSERT INTO trabalho.comentarios_podcast_usuario VALUES ('comment_28_0', 'Error reiciendis aliquid aliquam et.', 'b553d865-8fe2-47de-9a30-10e1dea3bd1d', 'usr_28');
INSERT INTO trabalho.log_acesso VALUES ('log_28_0', 'b553d865-8fe2-47de-9a30-10e1dea3bd1d', 'usr_28');
INSERT INTO trabalho.usuario_esta_inscrito_no_podcast VALUES (1, 'f8e13774-d631-4f34-93f0-2f5d55590265', 'usr_28');
INSERT INTO trabalho.comentarios_podcast_usuario VALUES ('comment_28_1', 'Labore maxime iste vel.', 'f8e13774-d631-4f34-93f0-2f5d55590265', 'usr_28');
INSERT INTO trabalho.log_acesso VALUES ('log_28_1', 'f8e13774-d631-4f34-93f0-2f5d55590265', 'usr_28');
INSERT INTO trabalho.usuario_esta_inscrito_no_podcast VALUES (5, '5bdf7377-8330-4f9f-8efd-e95301c122ce', 'usr_28');
INSERT INTO trabalho.comentarios_podcast_usuario VALUES ('comment_28_2', 'Ut dolorum rerum doloribus qui quod reprehenderit impedit.', '5bdf7377-8330-4f9f-8efd-e95301c122ce', 'usr_28');
INSERT INTO trabalho.log_acesso VALUES ('log_28_2', '5bdf7377-8330-4f9f-8efd-e95301c122ce', 'usr_28');
INSERT INTO trabalho.usuario VALUES ('usr_29', '29_Deneval81@gmail.com', 'Deneval Macedo', 'male', 15, 'password', 'Marrocos');
INSERT INTO trabalho.usuario_esta_inscrito_no_podcast VALUES (1, 'fa3abe16-3645-4d22-a01d-893e6f20c408', 'usr_29');
INSERT INTO trabalho.comentarios_podcast_usuario VALUES ('comment_29_0', 'Nemo atque nesciunt vel enim reprehenderit nisi et quia.', 'fa3abe16-3645-4d22-a01d-893e6f20c408', 'usr_29');
INSERT INTO trabalho.log_acesso VALUES ('log_29_0', 'fa3abe16-3645-4d22-a01d-893e6f20c408', 'usr_29');
INSERT INTO trabalho.usuario_esta_inscrito_no_podcast VALUES (0, 'f1b92ce7-47a7-43cd-8586-4a09185cdd05', 'usr_29');
INSERT INTO trabalho.comentarios_podcast_usuario VALUES ('comment_29_1', 'Eaque cupiditate amet suscipit.', 'f1b92ce7-47a7-43cd-8586-4a09185cdd05', 'usr_29');
INSERT INTO trabalho.log_acesso VALUES ('log_29_1', 'f1b92ce7-47a7-43cd-8586-4a09185cdd05', 'usr_29');
INSERT INTO trabalho.usuario_esta_inscrito_no_podcast VALUES (0, 'af46a958-b921-47b6-9f87-5c4fdc68ea79', 'usr_29');
INSERT INTO trabalho.comentarios_podcast_usuario VALUES ('comment_29_2', 'Soluta voluptatem facere.', 'af46a958-b921-47b6-9f87-5c4fdc68ea79', 'usr_29');
INSERT INTO trabalho.log_acesso VALUES ('log_29_2', 'af46a958-b921-47b6-9f87-5c4fdc68ea79', 'usr_29');
INSERT INTO trabalho.usuario VALUES ('usr_30', '30_Feliciano_Xavier@hotmail.com', 'Feliciano Xavier', 'male', 14, 'password', 'Colômbia');
INSERT INTO trabalho.usuario_esta_inscrito_no_podcast VALUES (2, 'fa3abe16-3645-4d22-a01d-893e6f20c408', 'usr_30');
INSERT INTO trabalho.comentarios_podcast_usuario VALUES ('comment_30_0', 'Autem ut assumenda corrupti.', 'fa3abe16-3645-4d22-a01d-893e6f20c408', 'usr_30');
INSERT INTO trabalho.log_acesso VALUES ('log_30_0', 'fa3abe16-3645-4d22-a01d-893e6f20c408', 'usr_30');
INSERT INTO trabalho.usuario_esta_inscrito_no_podcast VALUES (0, 'af46a958-b921-47b6-9f87-5c4fdc68ea79', 'usr_30');
INSERT INTO trabalho.comentarios_podcast_usuario VALUES ('comment_30_1', 'Minus deserunt numquam laudantium ut.', 'af46a958-b921-47b6-9f87-5c4fdc68ea79', 'usr_30');
INSERT INTO trabalho.log_acesso VALUES ('log_30_1', 'af46a958-b921-47b6-9f87-5c4fdc68ea79', 'usr_30');
INSERT INTO trabalho.usuario_esta_inscrito_no_podcast VALUES (3, '7e429e8e-7669-403d-bb78-3cd7f9f75afd', 'usr_30');
INSERT INTO trabalho.comentarios_podcast_usuario VALUES ('comment_30_2', 'Dolore itaque autem et adipisci inventore aut quia fugiat fugiat.', '7e429e8e-7669-403d-bb78-3cd7f9f75afd', 'usr_30');
INSERT INTO trabalho.log_acesso VALUES ('log_30_2', '7e429e8e-7669-403d-bb78-3cd7f9f75afd', 'usr_30');
INSERT INTO trabalho.usuario VALUES ('usr_31', '31_Danilo.Silva@hotmail.com', 'Danilo Silva', 'male', 12, 'password', 'Libéria');
INSERT INTO trabalho.usuario_esta_inscrito_no_podcast VALUES (4, '67074e68-bc2f-442b-8af2-7d328b6af6eb', 'usr_31');
INSERT INTO trabalho.comentarios_podcast_usuario VALUES ('comment_31_0', 'Sed officiis omnis repellendus aut.', '67074e68-bc2f-442b-8af2-7d328b6af6eb', 'usr_31');
INSERT INTO trabalho.log_acesso VALUES ('log_31_0', '67074e68-bc2f-442b-8af2-7d328b6af6eb', 'usr_31');
INSERT INTO trabalho.usuario_esta_inscrito_no_podcast VALUES (5, 'b553d865-8fe2-47de-9a30-10e1dea3bd1d', 'usr_31');
INSERT INTO trabalho.comentarios_podcast_usuario VALUES ('comment_31_1', 'Iusto et sunt cupiditate dolores voluptates totam.', 'b553d865-8fe2-47de-9a30-10e1dea3bd1d', 'usr_31');
INSERT INTO trabalho.log_acesso VALUES ('log_31_1', 'b553d865-8fe2-47de-9a30-10e1dea3bd1d', 'usr_31');
INSERT INTO trabalho.usuario_esta_inscrito_no_podcast VALUES (4, '168c1536-4c42-4b8f-8c77-f06affefec6a', 'usr_31');
INSERT INTO trabalho.comentarios_podcast_usuario VALUES ('comment_31_2', 'Nihil voluptatem qui rerum voluptas.', '168c1536-4c42-4b8f-8c77-f06affefec6a', 'usr_31');
INSERT INTO trabalho.log_acesso VALUES ('log_31_2', '168c1536-4c42-4b8f-8c77-f06affefec6a', 'usr_31');
INSERT INTO trabalho.usuario VALUES ('usr_32', '32_Natlia_Braga@bol.com.br', 'Natália Braga', 'female', 9, 'password', 'Ilha do Natal');
INSERT INTO trabalho.usuario_esta_inscrito_no_podcast VALUES (0, '219328a1-cec6-4e8c-b003-52a3ec9766bb', 'usr_32');
INSERT INTO trabalho.comentarios_podcast_usuario VALUES ('comment_32_0', 'Omnis et est nihil porro qui.', '219328a1-cec6-4e8c-b003-52a3ec9766bb', 'usr_32');
INSERT INTO trabalho.log_acesso VALUES ('log_32_0', '219328a1-cec6-4e8c-b003-52a3ec9766bb', 'usr_32');
INSERT INTO trabalho.usuario_esta_inscrito_no_podcast VALUES (1, 'af46a958-b921-47b6-9f87-5c4fdc68ea79', 'usr_32');
INSERT INTO trabalho.comentarios_podcast_usuario VALUES ('comment_32_1', 'Repellat velit atque est ipsa dignissimos accusantium labore est.', 'af46a958-b921-47b6-9f87-5c4fdc68ea79', 'usr_32');
INSERT INTO trabalho.log_acesso VALUES ('log_32_1', 'af46a958-b921-47b6-9f87-5c4fdc68ea79', 'usr_32');
INSERT INTO trabalho.usuario_esta_inscrito_no_podcast VALUES (0, '67074e68-bc2f-442b-8af2-7d328b6af6eb', 'usr_32');
INSERT INTO trabalho.comentarios_podcast_usuario VALUES ('comment_32_2', 'In consequatur minus non voluptatem tenetur et dolor consequuntur.', '67074e68-bc2f-442b-8af2-7d328b6af6eb', 'usr_32');
INSERT INTO trabalho.log_acesso VALUES ('log_32_2', '67074e68-bc2f-442b-8af2-7d328b6af6eb', 'usr_32');
INSERT INTO trabalho.usuario VALUES ('usr_33', '33_Feliciano2@yahoo.com', 'Feliciano Reis', 'male', 42, 'password', 'Tunísia');
INSERT INTO trabalho.usuario_esta_inscrito_no_podcast VALUES (0, 'fa3abe16-3645-4d22-a01d-893e6f20c408', 'usr_33');
INSERT INTO trabalho.comentarios_podcast_usuario VALUES ('comment_33_0', 'Et illum ipsum reprehenderit libero inventore aut est non.', 'fa3abe16-3645-4d22-a01d-893e6f20c408', 'usr_33');
INSERT INTO trabalho.log_acesso VALUES ('log_33_0', 'fa3abe16-3645-4d22-a01d-893e6f20c408', 'usr_33');
INSERT INTO trabalho.usuario_esta_inscrito_no_podcast VALUES (4, '67074e68-bc2f-442b-8af2-7d328b6af6eb', 'usr_33');
INSERT INTO trabalho.comentarios_podcast_usuario VALUES ('comment_33_1', 'Ratione nesciunt necessitatibus ex numquam ipsum rerum reiciendis molestias.', '67074e68-bc2f-442b-8af2-7d328b6af6eb', 'usr_33');
INSERT INTO trabalho.log_acesso VALUES ('log_33_1', '67074e68-bc2f-442b-8af2-7d328b6af6eb', 'usr_33');
INSERT INTO trabalho.usuario_esta_inscrito_no_podcast VALUES (3, 'af46a958-b921-47b6-9f87-5c4fdc68ea79', 'usr_33');
INSERT INTO trabalho.comentarios_podcast_usuario VALUES ('comment_33_2', 'Ea perspiciatis ab est consequatur alias.', 'af46a958-b921-47b6-9f87-5c4fdc68ea79', 'usr_33');
INSERT INTO trabalho.log_acesso VALUES ('log_33_2', 'af46a958-b921-47b6-9f87-5c4fdc68ea79', 'usr_33');
INSERT INTO trabalho.usuario VALUES ('usr_34', '34_Morgana.Santos@gmail.com', 'Morgana Santos', 'female', 49, 'password', 'Ilhas Cook');
INSERT INTO trabalho.usuario_esta_inscrito_no_podcast VALUES (5, '67074e68-bc2f-442b-8af2-7d328b6af6eb', 'usr_34');
INSERT INTO trabalho.comentarios_podcast_usuario VALUES ('comment_34_0', 'Rem quidem doloremque molestias aliquam iste.', '67074e68-bc2f-442b-8af2-7d328b6af6eb', 'usr_34');
INSERT INTO trabalho.log_acesso VALUES ('log_34_0', '67074e68-bc2f-442b-8af2-7d328b6af6eb', 'usr_34');
INSERT INTO trabalho.usuario_esta_inscrito_no_podcast VALUES (4, 'de2f0ddb-9903-436a-a5e2-54224254c818', 'usr_34');
INSERT INTO trabalho.comentarios_podcast_usuario VALUES ('comment_34_1', 'Quis expedita qui non placeat consequatur.', 'de2f0ddb-9903-436a-a5e2-54224254c818', 'usr_34');
INSERT INTO trabalho.log_acesso VALUES ('log_34_1', 'de2f0ddb-9903-436a-a5e2-54224254c818', 'usr_34');
INSERT INTO trabalho.usuario_esta_inscrito_no_podcast VALUES (0, 'f0166bd2-8e4d-4308-b5d7-0b3d627c5dc5', 'usr_34');
INSERT INTO trabalho.comentarios_podcast_usuario VALUES ('comment_34_2', 'Culpa dolorem nulla.', 'f0166bd2-8e4d-4308-b5d7-0b3d627c5dc5', 'usr_34');
INSERT INTO trabalho.log_acesso VALUES ('log_34_2', 'f0166bd2-8e4d-4308-b5d7-0b3d627c5dc5', 'usr_34');
INSERT INTO trabalho.usuario VALUES ('usr_35', '35_Larissa.Moreira18@hotmail.com', 'Larissa Moreira', 'female', 29, 'password', 'Ilhas Caiman');
INSERT INTO trabalho.usuario_esta_inscrito_no_podcast VALUES (1, '7e429e8e-7669-403d-bb78-3cd7f9f75afd', 'usr_35');
INSERT INTO trabalho.comentarios_podcast_usuario VALUES ('comment_35_0', 'Dolorem id nihil quia optio assumenda ullam deleniti.', '7e429e8e-7669-403d-bb78-3cd7f9f75afd', 'usr_35');
INSERT INTO trabalho.log_acesso VALUES ('log_35_0', '7e429e8e-7669-403d-bb78-3cd7f9f75afd', 'usr_35');
INSERT INTO trabalho.usuario_esta_inscrito_no_podcast VALUES (4, 'f1b92ce7-47a7-43cd-8586-4a09185cdd05', 'usr_35');
INSERT INTO trabalho.comentarios_podcast_usuario VALUES ('comment_35_1', 'Facilis suscipit eius tempora nostrum.', 'f1b92ce7-47a7-43cd-8586-4a09185cdd05', 'usr_35');
INSERT INTO trabalho.log_acesso VALUES ('log_35_1', 'f1b92ce7-47a7-43cd-8586-4a09185cdd05', 'usr_35');
INSERT INTO trabalho.usuario_esta_inscrito_no_podcast VALUES (3, '67074e68-bc2f-442b-8af2-7d328b6af6eb', 'usr_35');
INSERT INTO trabalho.comentarios_podcast_usuario VALUES ('comment_35_2', 'Sed dignissimos aut consectetur corrupti aut sit.', '67074e68-bc2f-442b-8af2-7d328b6af6eb', 'usr_35');
INSERT INTO trabalho.log_acesso VALUES ('log_35_2', '67074e68-bc2f-442b-8af2-7d328b6af6eb', 'usr_35');
INSERT INTO trabalho.usuario VALUES ('usr_36', '36_Valentina.Moreira@yahoo.com', 'Valentina Moreira', 'female', 45, 'password', 'Espanha');
INSERT INTO trabalho.usuario_esta_inscrito_no_podcast VALUES (4, 'f1b92ce7-47a7-43cd-8586-4a09185cdd05', 'usr_36');
INSERT INTO trabalho.comentarios_podcast_usuario VALUES ('comment_36_0', 'Sit aut nihil.', 'f1b92ce7-47a7-43cd-8586-4a09185cdd05', 'usr_36');
INSERT INTO trabalho.log_acesso VALUES ('log_36_0', 'f1b92ce7-47a7-43cd-8586-4a09185cdd05', 'usr_36');
INSERT INTO trabalho.usuario_esta_inscrito_no_podcast VALUES (0, '219328a1-cec6-4e8c-b003-52a3ec9766bb', 'usr_36');
INSERT INTO trabalho.comentarios_podcast_usuario VALUES ('comment_36_1', 'Quod id dolor voluptas.', '219328a1-cec6-4e8c-b003-52a3ec9766bb', 'usr_36');
INSERT INTO trabalho.log_acesso VALUES ('log_36_1', '219328a1-cec6-4e8c-b003-52a3ec9766bb', 'usr_36');
INSERT INTO trabalho.usuario_esta_inscrito_no_podcast VALUES (1, '67074e68-bc2f-442b-8af2-7d328b6af6eb', 'usr_36');
INSERT INTO trabalho.comentarios_podcast_usuario VALUES ('comment_36_2', 'Soluta est aut et quia et aut suscipit ut numquam.', '67074e68-bc2f-442b-8af2-7d328b6af6eb', 'usr_36');
INSERT INTO trabalho.log_acesso VALUES ('log_36_2', '67074e68-bc2f-442b-8af2-7d328b6af6eb', 'usr_36');
INSERT INTO trabalho.usuario VALUES ('usr_37', '37_Klber_Moraes90@live.com', 'Kléber Moraes', 'male', 60, 'password', 'Moçambique');
INSERT INTO trabalho.usuario_esta_inscrito_no_podcast VALUES (5, 'c58b280a-56d4-4ad8-8c85-730e4ea86361', 'usr_37');
INSERT INTO trabalho.comentarios_podcast_usuario VALUES ('comment_37_0', 'Id veritatis maiores nobis sed.', 'c58b280a-56d4-4ad8-8c85-730e4ea86361', 'usr_37');
INSERT INTO trabalho.log_acesso VALUES ('log_37_0', 'c58b280a-56d4-4ad8-8c85-730e4ea86361', 'usr_37');
INSERT INTO trabalho.usuario_esta_inscrito_no_podcast VALUES (0, 'bc8dac25-793c-4a96-aafc-4ea7020f4f60', 'usr_37');
INSERT INTO trabalho.comentarios_podcast_usuario VALUES ('comment_37_1', 'Placeat ab voluptas veniam debitis animi.', 'bc8dac25-793c-4a96-aafc-4ea7020f4f60', 'usr_37');
INSERT INTO trabalho.log_acesso VALUES ('log_37_1', 'bc8dac25-793c-4a96-aafc-4ea7020f4f60', 'usr_37');
INSERT INTO trabalho.usuario_esta_inscrito_no_podcast VALUES (5, 'fa3abe16-3645-4d22-a01d-893e6f20c408', 'usr_37');
INSERT INTO trabalho.comentarios_podcast_usuario VALUES ('comment_37_2', 'Dolorem quo sit sint dignissimos.', 'fa3abe16-3645-4d22-a01d-893e6f20c408', 'usr_37');
INSERT INTO trabalho.log_acesso VALUES ('log_37_2', 'fa3abe16-3645-4d22-a01d-893e6f20c408', 'usr_37');
INSERT INTO trabalho.usuario VALUES ('usr_38', '38_Mait.Silva@gmail.com', 'Maitê Silva', 'female', 1, 'password', 'Síria');
INSERT INTO trabalho.usuario_esta_inscrito_no_podcast VALUES (1, '5bdf7377-8330-4f9f-8efd-e95301c122ce', 'usr_38');
INSERT INTO trabalho.comentarios_podcast_usuario VALUES ('comment_38_0', 'Sunt qui blanditiis voluptas quisquam sit eveniet incidunt molestiae.', '5bdf7377-8330-4f9f-8efd-e95301c122ce', 'usr_38');
INSERT INTO trabalho.log_acesso VALUES ('log_38_0', '5bdf7377-8330-4f9f-8efd-e95301c122ce', 'usr_38');
INSERT INTO trabalho.usuario_esta_inscrito_no_podcast VALUES (1, 'de2f0ddb-9903-436a-a5e2-54224254c818', 'usr_38');
INSERT INTO trabalho.comentarios_podcast_usuario VALUES ('comment_38_1', 'Modi quae nam quia omnis cupiditate qui molestias ex.', 'de2f0ddb-9903-436a-a5e2-54224254c818', 'usr_38');
INSERT INTO trabalho.log_acesso VALUES ('log_38_1', 'de2f0ddb-9903-436a-a5e2-54224254c818', 'usr_38');
INSERT INTO trabalho.usuario_esta_inscrito_no_podcast VALUES (3, '219328a1-cec6-4e8c-b003-52a3ec9766bb', 'usr_38');
INSERT INTO trabalho.comentarios_podcast_usuario VALUES ('comment_38_2', 'Est minima voluptatum quia.', '219328a1-cec6-4e8c-b003-52a3ec9766bb', 'usr_38');
INSERT INTO trabalho.log_acesso VALUES ('log_38_2', '219328a1-cec6-4e8c-b003-52a3ec9766bb', 'usr_38');
INSERT INTO trabalho.usuario VALUES ('usr_39', '39_Karla.Santos@hotmail.com', 'Karla Santos', 'female', 7, 'password', 'Chade');
INSERT INTO trabalho.usuario_esta_inscrito_no_podcast VALUES (2, 'de2f0ddb-9903-436a-a5e2-54224254c818', 'usr_39');
INSERT INTO trabalho.comentarios_podcast_usuario VALUES ('comment_39_0', 'Porro cupiditate voluptates nostrum veritatis aut est nobis at velit.', 'de2f0ddb-9903-436a-a5e2-54224254c818', 'usr_39');
INSERT INTO trabalho.log_acesso VALUES ('log_39_0', 'de2f0ddb-9903-436a-a5e2-54224254c818', 'usr_39');
INSERT INTO trabalho.usuario_esta_inscrito_no_podcast VALUES (4, 'f0166bd2-8e4d-4308-b5d7-0b3d627c5dc5', 'usr_39');
INSERT INTO trabalho.comentarios_podcast_usuario VALUES ('comment_39_1', 'Doloribus ut nihil ut velit ratione.', 'f0166bd2-8e4d-4308-b5d7-0b3d627c5dc5', 'usr_39');
INSERT INTO trabalho.log_acesso VALUES ('log_39_1', 'f0166bd2-8e4d-4308-b5d7-0b3d627c5dc5', 'usr_39');
INSERT INTO trabalho.usuario_esta_inscrito_no_podcast VALUES (4, '7e429e8e-7669-403d-bb78-3cd7f9f75afd', 'usr_39');
INSERT INTO trabalho.comentarios_podcast_usuario VALUES ('comment_39_2', 'Quidem quae quia rem quae vel ut numquam.', '7e429e8e-7669-403d-bb78-3cd7f9f75afd', 'usr_39');
INSERT INTO trabalho.log_acesso VALUES ('log_39_2', '7e429e8e-7669-403d-bb78-3cd7f9f75afd', 'usr_39');
INSERT INTO trabalho.usuario VALUES ('usr_40', '40_Dalila.Macedo43@bol.com.br', 'Dalila Macedo', 'female', 33, 'password', 'Grécia');
INSERT INTO trabalho.usuario_esta_inscrito_no_podcast VALUES (2, 'f0166bd2-8e4d-4308-b5d7-0b3d627c5dc5', 'usr_40');
INSERT INTO trabalho.comentarios_podcast_usuario VALUES ('comment_40_0', 'Praesentium commodi maiores repellat neque qui eum.', 'f0166bd2-8e4d-4308-b5d7-0b3d627c5dc5', 'usr_40');
INSERT INTO trabalho.log_acesso VALUES ('log_40_0', 'f0166bd2-8e4d-4308-b5d7-0b3d627c5dc5', 'usr_40');
INSERT INTO trabalho.usuario_esta_inscrito_no_podcast VALUES (5, 'bc8dac25-793c-4a96-aafc-4ea7020f4f60', 'usr_40');
INSERT INTO trabalho.comentarios_podcast_usuario VALUES ('comment_40_1', 'Facilis exercitationem eaque nostrum ipsa magni quos et cum reprehenderit.', 'bc8dac25-793c-4a96-aafc-4ea7020f4f60', 'usr_40');
INSERT INTO trabalho.log_acesso VALUES ('log_40_1', 'bc8dac25-793c-4a96-aafc-4ea7020f4f60', 'usr_40');
INSERT INTO trabalho.usuario_esta_inscrito_no_podcast VALUES (2, 'de2f0ddb-9903-436a-a5e2-54224254c818', 'usr_40');
INSERT INTO trabalho.comentarios_podcast_usuario VALUES ('comment_40_2', 'Ut tenetur non illo voluptas eum et officia.', 'de2f0ddb-9903-436a-a5e2-54224254c818', 'usr_40');
INSERT INTO trabalho.log_acesso VALUES ('log_40_2', 'de2f0ddb-9903-436a-a5e2-54224254c818', 'usr_40');
INSERT INTO trabalho.usuario VALUES ('usr_41', '41_Vitria.Moreira@hotmail.com', 'Vitória Moreira', 'female', 11, 'password', 'Alemanha');
INSERT INTO trabalho.usuario_esta_inscrito_no_podcast VALUES (1, '219328a1-cec6-4e8c-b003-52a3ec9766bb', 'usr_41');
INSERT INTO trabalho.comentarios_podcast_usuario VALUES ('comment_41_0', 'Deserunt aut temporibus hic.', '219328a1-cec6-4e8c-b003-52a3ec9766bb', 'usr_41');
INSERT INTO trabalho.log_acesso VALUES ('log_41_0', '219328a1-cec6-4e8c-b003-52a3ec9766bb', 'usr_41');
INSERT INTO trabalho.usuario_esta_inscrito_no_podcast VALUES (2, 'af46a958-b921-47b6-9f87-5c4fdc68ea79', 'usr_41');
INSERT INTO trabalho.comentarios_podcast_usuario VALUES ('comment_41_1', 'Voluptatem voluptas cum quis sunt quibusdam quia.', 'af46a958-b921-47b6-9f87-5c4fdc68ea79', 'usr_41');
INSERT INTO trabalho.log_acesso VALUES ('log_41_1', 'af46a958-b921-47b6-9f87-5c4fdc68ea79', 'usr_41');
INSERT INTO trabalho.usuario_esta_inscrito_no_podcast VALUES (0, 'f0166bd2-8e4d-4308-b5d7-0b3d627c5dc5', 'usr_41');
INSERT INTO trabalho.comentarios_podcast_usuario VALUES ('comment_41_2', 'Aliquam inventore et rerum quae incidunt consectetur.', 'f0166bd2-8e4d-4308-b5d7-0b3d627c5dc5', 'usr_41');
INSERT INTO trabalho.log_acesso VALUES ('log_41_2', 'f0166bd2-8e4d-4308-b5d7-0b3d627c5dc5', 'usr_41');
INSERT INTO trabalho.usuario VALUES ('usr_42', '42_Hugo_Xavier@live.com', 'Hugo Xavier', 'male', 38, 'password', 'Palau');
INSERT INTO trabalho.usuario_esta_inscrito_no_podcast VALUES (1, 'b553d865-8fe2-47de-9a30-10e1dea3bd1d', 'usr_42');
INSERT INTO trabalho.comentarios_podcast_usuario VALUES ('comment_42_0', 'Perferendis inventore dolorum itaque voluptatem ab in odio.', 'b553d865-8fe2-47de-9a30-10e1dea3bd1d', 'usr_42');
INSERT INTO trabalho.log_acesso VALUES ('log_42_0', 'b553d865-8fe2-47de-9a30-10e1dea3bd1d', 'usr_42');
INSERT INTO trabalho.usuario_esta_inscrito_no_podcast VALUES (3, '168c1536-4c42-4b8f-8c77-f06affefec6a', 'usr_42');
INSERT INTO trabalho.comentarios_podcast_usuario VALUES ('comment_42_1', 'Corrupti aspernatur modi dolorum at aut tempora voluptatibus eum neque.', '168c1536-4c42-4b8f-8c77-f06affefec6a', 'usr_42');
INSERT INTO trabalho.log_acesso VALUES ('log_42_1', '168c1536-4c42-4b8f-8c77-f06affefec6a', 'usr_42');
INSERT INTO trabalho.usuario_esta_inscrito_no_podcast VALUES (2, 'f0166bd2-8e4d-4308-b5d7-0b3d627c5dc5', 'usr_42');
INSERT INTO trabalho.comentarios_podcast_usuario VALUES ('comment_42_2', 'Harum laborum et nemo facilis vel.', 'f0166bd2-8e4d-4308-b5d7-0b3d627c5dc5', 'usr_42');
INSERT INTO trabalho.log_acesso VALUES ('log_42_2', 'f0166bd2-8e4d-4308-b5d7-0b3d627c5dc5', 'usr_42');
INSERT INTO trabalho.usuario VALUES ('usr_43', '43_AnaClara.Xavier24@live.com', 'Ana Clara Xavier', 'female', 26, 'password', 'Quirguistão');
INSERT INTO trabalho.usuario_esta_inscrito_no_podcast VALUES (2, 'b553d865-8fe2-47de-9a30-10e1dea3bd1d', 'usr_43');
INSERT INTO trabalho.comentarios_podcast_usuario VALUES ('comment_43_0', 'Aut dolor est impedit dolor iure id qui ex.', 'b553d865-8fe2-47de-9a30-10e1dea3bd1d', 'usr_43');
INSERT INTO trabalho.log_acesso VALUES ('log_43_0', 'b553d865-8fe2-47de-9a30-10e1dea3bd1d', 'usr_43');
INSERT INTO trabalho.usuario_esta_inscrito_no_podcast VALUES (3, 'f8e13774-d631-4f34-93f0-2f5d55590265', 'usr_43');
INSERT INTO trabalho.comentarios_podcast_usuario VALUES ('comment_43_1', 'Quis voluptatem velit tenetur in accusantium.', 'f8e13774-d631-4f34-93f0-2f5d55590265', 'usr_43');
INSERT INTO trabalho.log_acesso VALUES ('log_43_1', 'f8e13774-d631-4f34-93f0-2f5d55590265', 'usr_43');
INSERT INTO trabalho.usuario_esta_inscrito_no_podcast VALUES (0, '7e429e8e-7669-403d-bb78-3cd7f9f75afd', 'usr_43');
INSERT INTO trabalho.comentarios_podcast_usuario VALUES ('comment_43_2', 'Animi alias illo distinctio assumenda corrupti.', '7e429e8e-7669-403d-bb78-3cd7f9f75afd', 'usr_43');
INSERT INTO trabalho.log_acesso VALUES ('log_43_2', '7e429e8e-7669-403d-bb78-3cd7f9f75afd', 'usr_43');
INSERT INTO trabalho.usuario VALUES ('usr_44', '44_Elisa67@hotmail.com', 'Elisa Batista', 'female', 17, 'password', 'Grécia');
INSERT INTO trabalho.usuario_esta_inscrito_no_podcast VALUES (4, '168c1536-4c42-4b8f-8c77-f06affefec6a', 'usr_44');
INSERT INTO trabalho.comentarios_podcast_usuario VALUES ('comment_44_0', 'Ea qui non qui omnis.', '168c1536-4c42-4b8f-8c77-f06affefec6a', 'usr_44');
INSERT INTO trabalho.log_acesso VALUES ('log_44_0', '168c1536-4c42-4b8f-8c77-f06affefec6a', 'usr_44');
INSERT INTO trabalho.usuario_esta_inscrito_no_podcast VALUES (4, 'de2f0ddb-9903-436a-a5e2-54224254c818', 'usr_44');
INSERT INTO trabalho.comentarios_podcast_usuario VALUES ('comment_44_1', 'Provident quos illo explicabo eum.', 'de2f0ddb-9903-436a-a5e2-54224254c818', 'usr_44');
INSERT INTO trabalho.log_acesso VALUES ('log_44_1', 'de2f0ddb-9903-436a-a5e2-54224254c818', 'usr_44');
INSERT INTO trabalho.usuario_esta_inscrito_no_podcast VALUES (5, 'c58b280a-56d4-4ad8-8c85-730e4ea86361', 'usr_44');
INSERT INTO trabalho.comentarios_podcast_usuario VALUES ('comment_44_2', 'Aperiam aut voluptate ullam voluptatem in ut.', 'c58b280a-56d4-4ad8-8c85-730e4ea86361', 'usr_44');
INSERT INTO trabalho.log_acesso VALUES ('log_44_2', 'c58b280a-56d4-4ad8-8c85-730e4ea86361', 'usr_44');
INSERT INTO trabalho.usuario VALUES ('usr_45', '45_Leonardo97@yahoo.com', 'Leonardo Franco', 'male', 8, 'password', 'Cazaquistão');
INSERT INTO trabalho.usuario_esta_inscrito_no_podcast VALUES (4, 'fa3abe16-3645-4d22-a01d-893e6f20c408', 'usr_45');
INSERT INTO trabalho.comentarios_podcast_usuario VALUES ('comment_45_0', 'Eos animi tempora possimus consequatur voluptatem non aut est.', 'fa3abe16-3645-4d22-a01d-893e6f20c408', 'usr_45');
INSERT INTO trabalho.log_acesso VALUES ('log_45_0', 'fa3abe16-3645-4d22-a01d-893e6f20c408', 'usr_45');
INSERT INTO trabalho.usuario_esta_inscrito_no_podcast VALUES (5, 'af46a958-b921-47b6-9f87-5c4fdc68ea79', 'usr_45');
INSERT INTO trabalho.comentarios_podcast_usuario VALUES ('comment_45_1', 'In perferendis a exercitationem temporibus non est blanditiis neque eum.', 'af46a958-b921-47b6-9f87-5c4fdc68ea79', 'usr_45');
INSERT INTO trabalho.log_acesso VALUES ('log_45_1', 'af46a958-b921-47b6-9f87-5c4fdc68ea79', 'usr_45');
INSERT INTO trabalho.usuario_esta_inscrito_no_podcast VALUES (0, 'b553d865-8fe2-47de-9a30-10e1dea3bd1d', 'usr_45');
INSERT INTO trabalho.comentarios_podcast_usuario VALUES ('comment_45_2', 'Autem unde maiores.', 'b553d865-8fe2-47de-9a30-10e1dea3bd1d', 'usr_45');
INSERT INTO trabalho.log_acesso VALUES ('log_45_2', 'b553d865-8fe2-47de-9a30-10e1dea3bd1d', 'usr_45');
INSERT INTO trabalho.usuario VALUES ('usr_46', '46_Meire56@hotmail.com', 'Meire Albuquerque', 'female', 2, 'password', 'Marrocos');
INSERT INTO trabalho.usuario_esta_inscrito_no_podcast VALUES (5, 'de2f0ddb-9903-436a-a5e2-54224254c818', 'usr_46');
INSERT INTO trabalho.comentarios_podcast_usuario VALUES ('comment_46_0', 'Et eligendi aut numquam suscipit amet saepe architecto.', 'de2f0ddb-9903-436a-a5e2-54224254c818', 'usr_46');
INSERT INTO trabalho.log_acesso VALUES ('log_46_0', 'de2f0ddb-9903-436a-a5e2-54224254c818', 'usr_46');
INSERT INTO trabalho.usuario_esta_inscrito_no_podcast VALUES (4, '168c1536-4c42-4b8f-8c77-f06affefec6a', 'usr_46');
INSERT INTO trabalho.comentarios_podcast_usuario VALUES ('comment_46_1', 'Consequuntur voluptatum quia quidem officiis cumque quis.', '168c1536-4c42-4b8f-8c77-f06affefec6a', 'usr_46');
INSERT INTO trabalho.log_acesso VALUES ('log_46_1', '168c1536-4c42-4b8f-8c77-f06affefec6a', 'usr_46');
INSERT INTO trabalho.usuario_esta_inscrito_no_podcast VALUES (0, 'f1b92ce7-47a7-43cd-8586-4a09185cdd05', 'usr_46');
INSERT INTO trabalho.comentarios_podcast_usuario VALUES ('comment_46_2', 'Tenetur occaecati corrupti.', 'f1b92ce7-47a7-43cd-8586-4a09185cdd05', 'usr_46');
INSERT INTO trabalho.log_acesso VALUES ('log_46_2', 'f1b92ce7-47a7-43cd-8586-4a09185cdd05', 'usr_46');
INSERT INTO trabalho.usuario VALUES ('usr_47', '47_Alexandre_Martins68@gmail.com', 'Alexandre Martins', 'male', 49, 'password', 'África do Sul');
INSERT INTO trabalho.usuario_esta_inscrito_no_podcast VALUES (2, '219328a1-cec6-4e8c-b003-52a3ec9766bb', 'usr_47');
INSERT INTO trabalho.comentarios_podcast_usuario VALUES ('comment_47_0', 'Ut sit sit aut magni laudantium et est consequatur.', '219328a1-cec6-4e8c-b003-52a3ec9766bb', 'usr_47');
INSERT INTO trabalho.log_acesso VALUES ('log_47_0', '219328a1-cec6-4e8c-b003-52a3ec9766bb', 'usr_47');
INSERT INTO trabalho.usuario_esta_inscrito_no_podcast VALUES (3, '7e429e8e-7669-403d-bb78-3cd7f9f75afd', 'usr_47');
INSERT INTO trabalho.comentarios_podcast_usuario VALUES ('comment_47_1', 'Odio eos numquam consequatur.', '7e429e8e-7669-403d-bb78-3cd7f9f75afd', 'usr_47');
INSERT INTO trabalho.log_acesso VALUES ('log_47_1', '7e429e8e-7669-403d-bb78-3cd7f9f75afd', 'usr_47');
INSERT INTO trabalho.usuario_esta_inscrito_no_podcast VALUES (0, 'af46a958-b921-47b6-9f87-5c4fdc68ea79', 'usr_47');
INSERT INTO trabalho.comentarios_podcast_usuario VALUES ('comment_47_2', 'Dolore provident totam sed sequi et nihil ut voluptatibus.', 'af46a958-b921-47b6-9f87-5c4fdc68ea79', 'usr_47');
INSERT INTO trabalho.log_acesso VALUES ('log_47_2', 'af46a958-b921-47b6-9f87-5c4fdc68ea79', 'usr_47');
INSERT INTO trabalho.usuario VALUES ('usr_48', '48_Isabel36@bol.com.br', 'Isabel Silva', 'female', 29, 'password', 'Líbia');
INSERT INTO trabalho.usuario_esta_inscrito_no_podcast VALUES (4, 'de2f0ddb-9903-436a-a5e2-54224254c818', 'usr_48');
INSERT INTO trabalho.comentarios_podcast_usuario VALUES ('comment_48_0', 'Provident sunt ullam vel consequuntur.', 'de2f0ddb-9903-436a-a5e2-54224254c818', 'usr_48');
INSERT INTO trabalho.log_acesso VALUES ('log_48_0', 'de2f0ddb-9903-436a-a5e2-54224254c818', 'usr_48');
INSERT INTO trabalho.usuario_esta_inscrito_no_podcast VALUES (3, '67074e68-bc2f-442b-8af2-7d328b6af6eb', 'usr_48');
INSERT INTO trabalho.comentarios_podcast_usuario VALUES ('comment_48_1', 'Molestiae velit cum ut eum sed sit laboriosam.', '67074e68-bc2f-442b-8af2-7d328b6af6eb', 'usr_48');
INSERT INTO trabalho.log_acesso VALUES ('log_48_1', '67074e68-bc2f-442b-8af2-7d328b6af6eb', 'usr_48');
INSERT INTO trabalho.usuario_esta_inscrito_no_podcast VALUES (1, 'c58b280a-56d4-4ad8-8c85-730e4ea86361', 'usr_48');
INSERT INTO trabalho.comentarios_podcast_usuario VALUES ('comment_48_2', 'Ipsam velit earum incidunt.', 'c58b280a-56d4-4ad8-8c85-730e4ea86361', 'usr_48');
INSERT INTO trabalho.log_acesso VALUES ('log_48_2', 'c58b280a-56d4-4ad8-8c85-730e4ea86361', 'usr_48');
INSERT INTO trabalho.usuario VALUES ('usr_49', '49_Joaquim_Batista@hotmail.com', 'Joaquim Batista', 'male', 7, 'password', 'Emirados Árabes Unidos');
INSERT INTO trabalho.usuario_esta_inscrito_no_podcast VALUES (1, '168c1536-4c42-4b8f-8c77-f06affefec6a', 'usr_49');
INSERT INTO trabalho.comentarios_podcast_usuario VALUES ('comment_49_0', 'Optio sapiente corrupti nesciunt enim quis.', '168c1536-4c42-4b8f-8c77-f06affefec6a', 'usr_49');
INSERT INTO trabalho.log_acesso VALUES ('log_49_0', '168c1536-4c42-4b8f-8c77-f06affefec6a', 'usr_49');
INSERT INTO trabalho.usuario_esta_inscrito_no_podcast VALUES (3, '7e429e8e-7669-403d-bb78-3cd7f9f75afd', 'usr_49');
INSERT INTO trabalho.comentarios_podcast_usuario VALUES ('comment_49_1', 'Perferendis iste nihil quam eligendi voluptatem rem pariatur iusto.', '7e429e8e-7669-403d-bb78-3cd7f9f75afd', 'usr_49');
INSERT INTO trabalho.log_acesso VALUES ('log_49_1', '7e429e8e-7669-403d-bb78-3cd7f9f75afd', 'usr_49');
INSERT INTO trabalho.usuario_esta_inscrito_no_podcast VALUES (1, 'fa3abe16-3645-4d22-a01d-893e6f20c408', 'usr_49');
INSERT INTO trabalho.comentarios_podcast_usuario VALUES ('comment_49_2', 'Facere ducimus et omnis est et tempora.', 'fa3abe16-3645-4d22-a01d-893e6f20c408', 'usr_49');
INSERT INTO trabalho.log_acesso VALUES ('log_49_2', 'fa3abe16-3645-4d22-a01d-893e6f20c408', 'usr_49');
INSERT INTO trabalho.usuario VALUES ('usr_50', '50_Leonardo.Costa75@gmail.com', 'Leonardo Costa', 'male', 44, 'password', 'Bahamas');
INSERT INTO trabalho.usuario_esta_inscrito_no_podcast VALUES (1, 'de2f0ddb-9903-436a-a5e2-54224254c818', 'usr_50');
INSERT INTO trabalho.comentarios_podcast_usuario VALUES ('comment_50_0', 'Omnis enim voluptas quis modi voluptatibus odit excepturi.', 'de2f0ddb-9903-436a-a5e2-54224254c818', 'usr_50');
INSERT INTO trabalho.log_acesso VALUES ('log_50_0', 'de2f0ddb-9903-436a-a5e2-54224254c818', 'usr_50');
INSERT INTO trabalho.usuario_esta_inscrito_no_podcast VALUES (0, 'f8e13774-d631-4f34-93f0-2f5d55590265', 'usr_50');
INSERT INTO trabalho.comentarios_podcast_usuario VALUES ('comment_50_1', 'Temporibus dolor et cumque.', 'f8e13774-d631-4f34-93f0-2f5d55590265', 'usr_50');
INSERT INTO trabalho.log_acesso VALUES ('log_50_1', 'f8e13774-d631-4f34-93f0-2f5d55590265', 'usr_50');
INSERT INTO trabalho.usuario_esta_inscrito_no_podcast VALUES (1, 'c58b280a-56d4-4ad8-8c85-730e4ea86361', 'usr_50');
INSERT INTO trabalho.comentarios_podcast_usuario VALUES ('comment_50_2', 'Numquam quia optio voluptatum sit.', 'c58b280a-56d4-4ad8-8c85-730e4ea86361', 'usr_50');
INSERT INTO trabalho.log_acesso VALUES ('log_50_2', 'c58b280a-56d4-4ad8-8c85-730e4ea86361', 'usr_50');
INSERT INTO trabalho.usuario VALUES ('usr_51', '51_Meire_Barros86@hotmail.com', 'Meire Barros', 'female', 39, 'password', 'Mônaco');
INSERT INTO trabalho.usuario_esta_inscrito_no_podcast VALUES (1, 'f1b92ce7-47a7-43cd-8586-4a09185cdd05', 'usr_51');
INSERT INTO trabalho.comentarios_podcast_usuario VALUES ('comment_51_0', 'A quibusdam eligendi autem harum sint.', 'f1b92ce7-47a7-43cd-8586-4a09185cdd05', 'usr_51');
INSERT INTO trabalho.log_acesso VALUES ('log_51_0', 'f1b92ce7-47a7-43cd-8586-4a09185cdd05', 'usr_51');
INSERT INTO trabalho.usuario_esta_inscrito_no_podcast VALUES (0, 'c58b280a-56d4-4ad8-8c85-730e4ea86361', 'usr_51');
INSERT INTO trabalho.comentarios_podcast_usuario VALUES ('comment_51_1', 'Eveniet consequatur consequuntur explicabo ut rerum.', 'c58b280a-56d4-4ad8-8c85-730e4ea86361', 'usr_51');
INSERT INTO trabalho.log_acesso VALUES ('log_51_1', 'c58b280a-56d4-4ad8-8c85-730e4ea86361', 'usr_51');
INSERT INTO trabalho.usuario_esta_inscrito_no_podcast VALUES (2, 'f8e13774-d631-4f34-93f0-2f5d55590265', 'usr_51');
INSERT INTO trabalho.comentarios_podcast_usuario VALUES ('comment_51_2', 'Assumenda sint doloremque ducimus facilis placeat dolores eos.', 'f8e13774-d631-4f34-93f0-2f5d55590265', 'usr_51');
INSERT INTO trabalho.log_acesso VALUES ('log_51_2', 'f8e13774-d631-4f34-93f0-2f5d55590265', 'usr_51');
INSERT INTO trabalho.usuario VALUES ('usr_52', '52_Bruna.Pereira@gmail.com', 'Bruna Pereira', 'female', 4, 'password', 'Anguila');
INSERT INTO trabalho.usuario_esta_inscrito_no_podcast VALUES (0, 'de2f0ddb-9903-436a-a5e2-54224254c818', 'usr_52');
INSERT INTO trabalho.comentarios_podcast_usuario VALUES ('comment_52_0', 'Dolorem et et et blanditiis cumque et minus possimus et.', 'de2f0ddb-9903-436a-a5e2-54224254c818', 'usr_52');
INSERT INTO trabalho.log_acesso VALUES ('log_52_0', 'de2f0ddb-9903-436a-a5e2-54224254c818', 'usr_52');
INSERT INTO trabalho.usuario_esta_inscrito_no_podcast VALUES (3, '7e429e8e-7669-403d-bb78-3cd7f9f75afd', 'usr_52');
INSERT INTO trabalho.comentarios_podcast_usuario VALUES ('comment_52_1', 'Eaque consequatur laborum eligendi nam minus autem asperiores et est.', '7e429e8e-7669-403d-bb78-3cd7f9f75afd', 'usr_52');
INSERT INTO trabalho.log_acesso VALUES ('log_52_1', '7e429e8e-7669-403d-bb78-3cd7f9f75afd', 'usr_52');
INSERT INTO trabalho.usuario_esta_inscrito_no_podcast VALUES (4, 'af46a958-b921-47b6-9f87-5c4fdc68ea79', 'usr_52');
INSERT INTO trabalho.comentarios_podcast_usuario VALUES ('comment_52_2', 'Ullam maxime consequatur porro dolorem rerum quisquam facere.', 'af46a958-b921-47b6-9f87-5c4fdc68ea79', 'usr_52');
INSERT INTO trabalho.log_acesso VALUES ('log_52_2', 'af46a958-b921-47b6-9f87-5c4fdc68ea79', 'usr_52');
INSERT INTO trabalho.usuario VALUES ('usr_53', '53_Rafaela39@hotmail.com', 'Rafaela Barros', 'female', 47, 'password', 'Itália');
INSERT INTO trabalho.usuario_esta_inscrito_no_podcast VALUES (3, '219328a1-cec6-4e8c-b003-52a3ec9766bb', 'usr_53');
INSERT INTO trabalho.comentarios_podcast_usuario VALUES ('comment_53_0', 'Nulla eius adipisci ullam ullam nulla libero dolor tenetur.', '219328a1-cec6-4e8c-b003-52a3ec9766bb', 'usr_53');
INSERT INTO trabalho.log_acesso VALUES ('log_53_0', '219328a1-cec6-4e8c-b003-52a3ec9766bb', 'usr_53');
INSERT INTO trabalho.usuario_esta_inscrito_no_podcast VALUES (0, 'f1b92ce7-47a7-43cd-8586-4a09185cdd05', 'usr_53');
INSERT INTO trabalho.comentarios_podcast_usuario VALUES ('comment_53_1', 'Accusantium nemo ex error molestiae commodi eveniet atque eum odit.', 'f1b92ce7-47a7-43cd-8586-4a09185cdd05', 'usr_53');
INSERT INTO trabalho.log_acesso VALUES ('log_53_1', 'f1b92ce7-47a7-43cd-8586-4a09185cdd05', 'usr_53');
INSERT INTO trabalho.usuario_esta_inscrito_no_podcast VALUES (4, '67074e68-bc2f-442b-8af2-7d328b6af6eb', 'usr_53');
INSERT INTO trabalho.comentarios_podcast_usuario VALUES ('comment_53_2', 'Ipsa nisi illo iure quam.', '67074e68-bc2f-442b-8af2-7d328b6af6eb', 'usr_53');
INSERT INTO trabalho.log_acesso VALUES ('log_53_2', '67074e68-bc2f-442b-8af2-7d328b6af6eb', 'usr_53');
INSERT INTO trabalho.usuario VALUES ('usr_54', '54_Mrcia_Barros6@bol.com.br', 'Mércia Barros', 'female', 52, 'password', 'Jersey');
INSERT INTO trabalho.usuario_esta_inscrito_no_podcast VALUES (5, '168c1536-4c42-4b8f-8c77-f06affefec6a', 'usr_54');
INSERT INTO trabalho.comentarios_podcast_usuario VALUES ('comment_54_0', 'Tempore aliquam et saepe.', '168c1536-4c42-4b8f-8c77-f06affefec6a', 'usr_54');
INSERT INTO trabalho.log_acesso VALUES ('log_54_0', '168c1536-4c42-4b8f-8c77-f06affefec6a', 'usr_54');
INSERT INTO trabalho.usuario_esta_inscrito_no_podcast VALUES (4, 'de2f0ddb-9903-436a-a5e2-54224254c818', 'usr_54');
INSERT INTO trabalho.comentarios_podcast_usuario VALUES ('comment_54_1', 'Nobis ut sed aliquam amet in minima cumque.', 'de2f0ddb-9903-436a-a5e2-54224254c818', 'usr_54');
INSERT INTO trabalho.log_acesso VALUES ('log_54_1', 'de2f0ddb-9903-436a-a5e2-54224254c818', 'usr_54');
INSERT INTO trabalho.usuario_esta_inscrito_no_podcast VALUES (4, '219328a1-cec6-4e8c-b003-52a3ec9766bb', 'usr_54');
INSERT INTO trabalho.comentarios_podcast_usuario VALUES ('comment_54_2', 'Error voluptatem voluptatem hic voluptas nostrum.', '219328a1-cec6-4e8c-b003-52a3ec9766bb', 'usr_54');
INSERT INTO trabalho.log_acesso VALUES ('log_54_2', '219328a1-cec6-4e8c-b003-52a3ec9766bb', 'usr_54');
INSERT INTO trabalho.usuario VALUES ('usr_55', '55_DaviLucca3@yahoo.com', 'Davi Lucca Carvalho', 'male', 39, 'password', 'Mali');
INSERT INTO trabalho.usuario_esta_inscrito_no_podcast VALUES (3, 'f8e13774-d631-4f34-93f0-2f5d55590265', 'usr_55');
INSERT INTO trabalho.comentarios_podcast_usuario VALUES ('comment_55_0', 'Iste aut culpa commodi eos error possimus.', 'f8e13774-d631-4f34-93f0-2f5d55590265', 'usr_55');
INSERT INTO trabalho.log_acesso VALUES ('log_55_0', 'f8e13774-d631-4f34-93f0-2f5d55590265', 'usr_55');
INSERT INTO trabalho.usuario_esta_inscrito_no_podcast VALUES (5, '5bdf7377-8330-4f9f-8efd-e95301c122ce', 'usr_55');
INSERT INTO trabalho.comentarios_podcast_usuario VALUES ('comment_55_1', 'Sapiente assumenda laboriosam iste animi aut.', '5bdf7377-8330-4f9f-8efd-e95301c122ce', 'usr_55');
INSERT INTO trabalho.log_acesso VALUES ('log_55_1', '5bdf7377-8330-4f9f-8efd-e95301c122ce', 'usr_55');
INSERT INTO trabalho.usuario_esta_inscrito_no_podcast VALUES (1, 'de2f0ddb-9903-436a-a5e2-54224254c818', 'usr_55');
INSERT INTO trabalho.comentarios_podcast_usuario VALUES ('comment_55_2', 'Autem expedita qui voluptas exercitationem laudantium.', 'de2f0ddb-9903-436a-a5e2-54224254c818', 'usr_55');
INSERT INTO trabalho.log_acesso VALUES ('log_55_2', 'de2f0ddb-9903-436a-a5e2-54224254c818', 'usr_55');
INSERT INTO trabalho.usuario VALUES ('usr_56', '56_Elo.Martins40@gmail.com', 'Eloá Martins', 'female', 6, 'password', 'Maldives');
INSERT INTO trabalho.usuario_esta_inscrito_no_podcast VALUES (2, 'f8e13774-d631-4f34-93f0-2f5d55590265', 'usr_56');
INSERT INTO trabalho.comentarios_podcast_usuario VALUES ('comment_56_0', 'Debitis facere doloribus autem iusto velit aut.', 'f8e13774-d631-4f34-93f0-2f5d55590265', 'usr_56');
INSERT INTO trabalho.log_acesso VALUES ('log_56_0', 'f8e13774-d631-4f34-93f0-2f5d55590265', 'usr_56');
INSERT INTO trabalho.usuario_esta_inscrito_no_podcast VALUES (4, 'b553d865-8fe2-47de-9a30-10e1dea3bd1d', 'usr_56');
INSERT INTO trabalho.comentarios_podcast_usuario VALUES ('comment_56_1', 'Et non facilis cumque iure possimus consectetur.', 'b553d865-8fe2-47de-9a30-10e1dea3bd1d', 'usr_56');
INSERT INTO trabalho.log_acesso VALUES ('log_56_1', 'b553d865-8fe2-47de-9a30-10e1dea3bd1d', 'usr_56');
INSERT INTO trabalho.usuario_esta_inscrito_no_podcast VALUES (2, '5bdf7377-8330-4f9f-8efd-e95301c122ce', 'usr_56');
INSERT INTO trabalho.comentarios_podcast_usuario VALUES ('comment_56_2', 'Nulla soluta nemo id reprehenderit et molestias in.', '5bdf7377-8330-4f9f-8efd-e95301c122ce', 'usr_56');
INSERT INTO trabalho.log_acesso VALUES ('log_56_2', '5bdf7377-8330-4f9f-8efd-e95301c122ce', 'usr_56');
INSERT INTO trabalho.usuario VALUES ('usr_57', '57_Paulo_Moraes@hotmail.com', 'Paulo Moraes', 'male', 21, 'password', 'Maiote');
INSERT INTO trabalho.usuario_esta_inscrito_no_podcast VALUES (4, '7e429e8e-7669-403d-bb78-3cd7f9f75afd', 'usr_57');
INSERT INTO trabalho.comentarios_podcast_usuario VALUES ('comment_57_0', 'Distinctio voluptatum impedit et porro ex qui sed animi qui.', '7e429e8e-7669-403d-bb78-3cd7f9f75afd', 'usr_57');
INSERT INTO trabalho.log_acesso VALUES ('log_57_0', '7e429e8e-7669-403d-bb78-3cd7f9f75afd', 'usr_57');
INSERT INTO trabalho.usuario_esta_inscrito_no_podcast VALUES (0, 'fa3abe16-3645-4d22-a01d-893e6f20c408', 'usr_57');
INSERT INTO trabalho.comentarios_podcast_usuario VALUES ('comment_57_1', 'Qui inventore consectetur laboriosam labore sunt.', 'fa3abe16-3645-4d22-a01d-893e6f20c408', 'usr_57');
INSERT INTO trabalho.log_acesso VALUES ('log_57_1', 'fa3abe16-3645-4d22-a01d-893e6f20c408', 'usr_57');
INSERT INTO trabalho.usuario_esta_inscrito_no_podcast VALUES (1, 'c58b280a-56d4-4ad8-8c85-730e4ea86361', 'usr_57');
INSERT INTO trabalho.comentarios_podcast_usuario VALUES ('comment_57_2', 'Repellendus pariatur eos perspiciatis eveniet est nemo.', 'c58b280a-56d4-4ad8-8c85-730e4ea86361', 'usr_57');
INSERT INTO trabalho.log_acesso VALUES ('log_57_2', 'c58b280a-56d4-4ad8-8c85-730e4ea86361', 'usr_57');
INSERT INTO trabalho.usuario VALUES ('usr_58', '58_Feliciano.Batista55@live.com', 'Feliciano Batista', 'male', 29, 'password', 'Arquipélago de Chagos');
INSERT INTO trabalho.usuario_esta_inscrito_no_podcast VALUES (3, 'b553d865-8fe2-47de-9a30-10e1dea3bd1d', 'usr_58');
INSERT INTO trabalho.comentarios_podcast_usuario VALUES ('comment_58_0', 'Repellendus eveniet eum sit error veritatis eaque.', 'b553d865-8fe2-47de-9a30-10e1dea3bd1d', 'usr_58');
INSERT INTO trabalho.log_acesso VALUES ('log_58_0', 'b553d865-8fe2-47de-9a30-10e1dea3bd1d', 'usr_58');
INSERT INTO trabalho.usuario_esta_inscrito_no_podcast VALUES (3, 'af46a958-b921-47b6-9f87-5c4fdc68ea79', 'usr_58');
INSERT INTO trabalho.comentarios_podcast_usuario VALUES ('comment_58_1', 'Possimus voluptatibus est accusantium corporis eaque aut vero expedita culpa.', 'af46a958-b921-47b6-9f87-5c4fdc68ea79', 'usr_58');
INSERT INTO trabalho.log_acesso VALUES ('log_58_1', 'af46a958-b921-47b6-9f87-5c4fdc68ea79', 'usr_58');
INSERT INTO trabalho.usuario_esta_inscrito_no_podcast VALUES (5, 'de2f0ddb-9903-436a-a5e2-54224254c818', 'usr_58');
INSERT INTO trabalho.comentarios_podcast_usuario VALUES ('comment_58_2', 'Ut eos fugit cumque.', 'de2f0ddb-9903-436a-a5e2-54224254c818', 'usr_58');
INSERT INTO trabalho.log_acesso VALUES ('log_58_2', 'de2f0ddb-9903-436a-a5e2-54224254c818', 'usr_58');
INSERT INTO trabalho.usuario VALUES ('usr_59', '59_Marcelo_Macedo27@yahoo.com', 'Marcelo Macedo', 'male', 60, 'password', 'Moldávia');
INSERT INTO trabalho.usuario_esta_inscrito_no_podcast VALUES (4, 'de2f0ddb-9903-436a-a5e2-54224254c818', 'usr_59');
INSERT INTO trabalho.comentarios_podcast_usuario VALUES ('comment_59_0', 'Consequatur rerum quaerat voluptatem dolorem enim.', 'de2f0ddb-9903-436a-a5e2-54224254c818', 'usr_59');
INSERT INTO trabalho.log_acesso VALUES ('log_59_0', 'de2f0ddb-9903-436a-a5e2-54224254c818', 'usr_59');
INSERT INTO trabalho.usuario_esta_inscrito_no_podcast VALUES (1, 'f0166bd2-8e4d-4308-b5d7-0b3d627c5dc5', 'usr_59');
INSERT INTO trabalho.comentarios_podcast_usuario VALUES ('comment_59_1', 'Ratione ex dolor.', 'f0166bd2-8e4d-4308-b5d7-0b3d627c5dc5', 'usr_59');
INSERT INTO trabalho.log_acesso VALUES ('log_59_1', 'f0166bd2-8e4d-4308-b5d7-0b3d627c5dc5', 'usr_59');
INSERT INTO trabalho.usuario_esta_inscrito_no_podcast VALUES (0, 'f1b92ce7-47a7-43cd-8586-4a09185cdd05', 'usr_59');
INSERT INTO trabalho.comentarios_podcast_usuario VALUES ('comment_59_2', 'Animi qui eos et est consectetur est.', 'f1b92ce7-47a7-43cd-8586-4a09185cdd05', 'usr_59');
INSERT INTO trabalho.log_acesso VALUES ('log_59_2', 'f1b92ce7-47a7-43cd-8586-4a09185cdd05', 'usr_59');
INSERT INTO trabalho.usuario VALUES ('usr_60', '60_Paulo_Martins49@hotmail.com', 'Paulo Martins', 'male', 51, 'password', 'Macedônia');
INSERT INTO trabalho.usuario_esta_inscrito_no_podcast VALUES (3, 'b553d865-8fe2-47de-9a30-10e1dea3bd1d', 'usr_60');
INSERT INTO trabalho.comentarios_podcast_usuario VALUES ('comment_60_0', 'Quod earum modi tenetur molestiae quo voluptas.', 'b553d865-8fe2-47de-9a30-10e1dea3bd1d', 'usr_60');
INSERT INTO trabalho.log_acesso VALUES ('log_60_0', 'b553d865-8fe2-47de-9a30-10e1dea3bd1d', 'usr_60');
INSERT INTO trabalho.usuario_esta_inscrito_no_podcast VALUES (0, 'fa3abe16-3645-4d22-a01d-893e6f20c408', 'usr_60');
INSERT INTO trabalho.comentarios_podcast_usuario VALUES ('comment_60_1', 'Ea ratione doloremque autem velit veritatis assumenda vitae omnis est.', 'fa3abe16-3645-4d22-a01d-893e6f20c408', 'usr_60');
INSERT INTO trabalho.log_acesso VALUES ('log_60_1', 'fa3abe16-3645-4d22-a01d-893e6f20c408', 'usr_60');
INSERT INTO trabalho.usuario_esta_inscrito_no_podcast VALUES (3, '219328a1-cec6-4e8c-b003-52a3ec9766bb', 'usr_60');
INSERT INTO trabalho.comentarios_podcast_usuario VALUES ('comment_60_2', 'Est ratione et suscipit quis.', '219328a1-cec6-4e8c-b003-52a3ec9766bb', 'usr_60');
INSERT INTO trabalho.log_acesso VALUES ('log_60_2', '219328a1-cec6-4e8c-b003-52a3ec9766bb', 'usr_60');
INSERT INTO trabalho.usuario VALUES ('usr_61', '61_Aline_Carvalho27@hotmail.com', 'Aline Carvalho', 'female', 52, 'password', 'Algéria');
INSERT INTO trabalho.usuario_esta_inscrito_no_podcast VALUES (5, 'c58b280a-56d4-4ad8-8c85-730e4ea86361', 'usr_61');
INSERT INTO trabalho.comentarios_podcast_usuario VALUES ('comment_61_0', 'Dolores velit possimus quidem aspernatur.', 'c58b280a-56d4-4ad8-8c85-730e4ea86361', 'usr_61');
INSERT INTO trabalho.log_acesso VALUES ('log_61_0', 'c58b280a-56d4-4ad8-8c85-730e4ea86361', 'usr_61');
INSERT INTO trabalho.usuario_esta_inscrito_no_podcast VALUES (1, '7e429e8e-7669-403d-bb78-3cd7f9f75afd', 'usr_61');
INSERT INTO trabalho.comentarios_podcast_usuario VALUES ('comment_61_1', 'Delectus illo qui magnam quibusdam tempora nulla veritatis aut beatae.', '7e429e8e-7669-403d-bb78-3cd7f9f75afd', 'usr_61');
INSERT INTO trabalho.log_acesso VALUES ('log_61_1', '7e429e8e-7669-403d-bb78-3cd7f9f75afd', 'usr_61');
INSERT INTO trabalho.usuario_esta_inscrito_no_podcast VALUES (2, '168c1536-4c42-4b8f-8c77-f06affefec6a', 'usr_61');
INSERT INTO trabalho.comentarios_podcast_usuario VALUES ('comment_61_2', 'Est unde iste minima sunt quia sunt pariatur qui deleniti.', '168c1536-4c42-4b8f-8c77-f06affefec6a', 'usr_61');
INSERT INTO trabalho.log_acesso VALUES ('log_61_2', '168c1536-4c42-4b8f-8c77-f06affefec6a', 'usr_61');
INSERT INTO trabalho.usuario VALUES ('usr_62', '62_Noah.Reis37@yahoo.com', 'Noah Reis', 'male', 42, 'password', 'Guiana');
INSERT INTO trabalho.usuario_esta_inscrito_no_podcast VALUES (3, 'bc8dac25-793c-4a96-aafc-4ea7020f4f60', 'usr_62');
INSERT INTO trabalho.comentarios_podcast_usuario VALUES ('comment_62_0', 'Laudantium asperiores voluptatem quia explicabo qui.', 'bc8dac25-793c-4a96-aafc-4ea7020f4f60', 'usr_62');
INSERT INTO trabalho.log_acesso VALUES ('log_62_0', 'bc8dac25-793c-4a96-aafc-4ea7020f4f60', 'usr_62');
INSERT INTO trabalho.usuario_esta_inscrito_no_podcast VALUES (3, 'fa3abe16-3645-4d22-a01d-893e6f20c408', 'usr_62');
INSERT INTO trabalho.comentarios_podcast_usuario VALUES ('comment_62_1', 'Et voluptate voluptate accusamus enim.', 'fa3abe16-3645-4d22-a01d-893e6f20c408', 'usr_62');
INSERT INTO trabalho.log_acesso VALUES ('log_62_1', 'fa3abe16-3645-4d22-a01d-893e6f20c408', 'usr_62');
INSERT INTO trabalho.usuario_esta_inscrito_no_podcast VALUES (0, 'de2f0ddb-9903-436a-a5e2-54224254c818', 'usr_62');
INSERT INTO trabalho.comentarios_podcast_usuario VALUES ('comment_62_2', 'Ipsa odit illum aliquam odit aut fugit officia.', 'de2f0ddb-9903-436a-a5e2-54224254c818', 'usr_62');
INSERT INTO trabalho.log_acesso VALUES ('log_62_2', 'de2f0ddb-9903-436a-a5e2-54224254c818', 'usr_62');
INSERT INTO trabalho.usuario VALUES ('usr_63', '63_Clia70@gmail.com', 'Célia Moraes', 'female', 0, 'password', 'Rússia');
INSERT INTO trabalho.usuario_esta_inscrito_no_podcast VALUES (3, 'de2f0ddb-9903-436a-a5e2-54224254c818', 'usr_63');
INSERT INTO trabalho.comentarios_podcast_usuario VALUES ('comment_63_0', 'Voluptas est consequatur.', 'de2f0ddb-9903-436a-a5e2-54224254c818', 'usr_63');
INSERT INTO trabalho.log_acesso VALUES ('log_63_0', 'de2f0ddb-9903-436a-a5e2-54224254c818', 'usr_63');
INSERT INTO trabalho.usuario_esta_inscrito_no_podcast VALUES (0, '168c1536-4c42-4b8f-8c77-f06affefec6a', 'usr_63');
INSERT INTO trabalho.comentarios_podcast_usuario VALUES ('comment_63_1', 'Perspiciatis quae odit laudantium odio et ea consectetur et voluptate.', '168c1536-4c42-4b8f-8c77-f06affefec6a', 'usr_63');
INSERT INTO trabalho.log_acesso VALUES ('log_63_1', '168c1536-4c42-4b8f-8c77-f06affefec6a', 'usr_63');
INSERT INTO trabalho.usuario_esta_inscrito_no_podcast VALUES (1, '219328a1-cec6-4e8c-b003-52a3ec9766bb', 'usr_63');
INSERT INTO trabalho.comentarios_podcast_usuario VALUES ('comment_63_2', 'Numquam est reiciendis id eius quis.', '219328a1-cec6-4e8c-b003-52a3ec9766bb', 'usr_63');
INSERT INTO trabalho.log_acesso VALUES ('log_63_2', '219328a1-cec6-4e8c-b003-52a3ec9766bb', 'usr_63');
INSERT INTO trabalho.usuario VALUES ('usr_64', '64_Natlia_Melo16@gmail.com', 'Natália Melo', 'female', 14, 'password', 'Angola');
INSERT INTO trabalho.usuario_esta_inscrito_no_podcast VALUES (1, 'f0166bd2-8e4d-4308-b5d7-0b3d627c5dc5', 'usr_64');
INSERT INTO trabalho.comentarios_podcast_usuario VALUES ('comment_64_0', 'Quasi amet magni corrupti voluptatem itaque voluptatem aut.', 'f0166bd2-8e4d-4308-b5d7-0b3d627c5dc5', 'usr_64');
INSERT INTO trabalho.log_acesso VALUES ('log_64_0', 'f0166bd2-8e4d-4308-b5d7-0b3d627c5dc5', 'usr_64');
INSERT INTO trabalho.usuario_esta_inscrito_no_podcast VALUES (3, '5bdf7377-8330-4f9f-8efd-e95301c122ce', 'usr_64');
INSERT INTO trabalho.comentarios_podcast_usuario VALUES ('comment_64_1', 'Corporis quasi perspiciatis beatae ipsum rerum possimus.', '5bdf7377-8330-4f9f-8efd-e95301c122ce', 'usr_64');
INSERT INTO trabalho.log_acesso VALUES ('log_64_1', '5bdf7377-8330-4f9f-8efd-e95301c122ce', 'usr_64');
INSERT INTO trabalho.usuario_esta_inscrito_no_podcast VALUES (0, '7e429e8e-7669-403d-bb78-3cd7f9f75afd', 'usr_64');
INSERT INTO trabalho.comentarios_podcast_usuario VALUES ('comment_64_2', 'Neque veniam vel culpa ea.', '7e429e8e-7669-403d-bb78-3cd7f9f75afd', 'usr_64');
INSERT INTO trabalho.log_acesso VALUES ('log_64_2', '7e429e8e-7669-403d-bb78-3cd7f9f75afd', 'usr_64');
INSERT INTO trabalho.usuario VALUES ('usr_65', '65_Anthony.Oliveira0@gmail.com', 'Anthony Oliveira', 'male', 36, 'password', 'Ruanda');
INSERT INTO trabalho.usuario_esta_inscrito_no_podcast VALUES (2, 'fa3abe16-3645-4d22-a01d-893e6f20c408', 'usr_65');
INSERT INTO trabalho.comentarios_podcast_usuario VALUES ('comment_65_0', 'Perferendis et sit placeat cum perferendis sapiente consequatur animi cupiditate.', 'fa3abe16-3645-4d22-a01d-893e6f20c408', 'usr_65');
INSERT INTO trabalho.log_acesso VALUES ('log_65_0', 'fa3abe16-3645-4d22-a01d-893e6f20c408', 'usr_65');
INSERT INTO trabalho.usuario_esta_inscrito_no_podcast VALUES (1, 'f8e13774-d631-4f34-93f0-2f5d55590265', 'usr_65');
INSERT INTO trabalho.comentarios_podcast_usuario VALUES ('comment_65_1', 'Pariatur qui dignissimos.', 'f8e13774-d631-4f34-93f0-2f5d55590265', 'usr_65');
INSERT INTO trabalho.log_acesso VALUES ('log_65_1', 'f8e13774-d631-4f34-93f0-2f5d55590265', 'usr_65');
INSERT INTO trabalho.usuario_esta_inscrito_no_podcast VALUES (2, 'c58b280a-56d4-4ad8-8c85-730e4ea86361', 'usr_65');
INSERT INTO trabalho.comentarios_podcast_usuario VALUES ('comment_65_2', 'Ea et illum ut et ducimus reiciendis laboriosam perferendis.', 'c58b280a-56d4-4ad8-8c85-730e4ea86361', 'usr_65');
INSERT INTO trabalho.log_acesso VALUES ('log_65_2', 'c58b280a-56d4-4ad8-8c85-730e4ea86361', 'usr_65');
INSERT INTO trabalho.usuario VALUES ('usr_66', '66_Natlia_Moraes14@gmail.com', 'Natália Moraes', 'female', 57, 'password', 'Lesoto');
INSERT INTO trabalho.usuario_esta_inscrito_no_podcast VALUES (0, '219328a1-cec6-4e8c-b003-52a3ec9766bb', 'usr_66');
INSERT INTO trabalho.comentarios_podcast_usuario VALUES ('comment_66_0', 'Nemo tempora eligendi odio esse alias sunt rerum veniam.', '219328a1-cec6-4e8c-b003-52a3ec9766bb', 'usr_66');
INSERT INTO trabalho.log_acesso VALUES ('log_66_0', '219328a1-cec6-4e8c-b003-52a3ec9766bb', 'usr_66');
INSERT INTO trabalho.usuario_esta_inscrito_no_podcast VALUES (3, 'bc8dac25-793c-4a96-aafc-4ea7020f4f60', 'usr_66');
INSERT INTO trabalho.comentarios_podcast_usuario VALUES ('comment_66_1', 'Dicta aliquid asperiores expedita consequatur sit laboriosam eos qui.', 'bc8dac25-793c-4a96-aafc-4ea7020f4f60', 'usr_66');
INSERT INTO trabalho.log_acesso VALUES ('log_66_1', 'bc8dac25-793c-4a96-aafc-4ea7020f4f60', 'usr_66');
INSERT INTO trabalho.usuario_esta_inscrito_no_podcast VALUES (2, 'de2f0ddb-9903-436a-a5e2-54224254c818', 'usr_66');
INSERT INTO trabalho.comentarios_podcast_usuario VALUES ('comment_66_2', 'Est odio alias veniam et et voluptatibus.', 'de2f0ddb-9903-436a-a5e2-54224254c818', 'usr_66');
INSERT INTO trabalho.log_acesso VALUES ('log_66_2', 'de2f0ddb-9903-436a-a5e2-54224254c818', 'usr_66');
INSERT INTO trabalho.usuario VALUES ('usr_67', '67_Deneval63@hotmail.com', 'Deneval Barros', 'male', 43, 'password', 'Myanmar');
INSERT INTO trabalho.usuario_esta_inscrito_no_podcast VALUES (1, 'de2f0ddb-9903-436a-a5e2-54224254c818', 'usr_67');
INSERT INTO trabalho.comentarios_podcast_usuario VALUES ('comment_67_0', 'Dolor accusamus porro temporibus.', 'de2f0ddb-9903-436a-a5e2-54224254c818', 'usr_67');
INSERT INTO trabalho.log_acesso VALUES ('log_67_0', 'de2f0ddb-9903-436a-a5e2-54224254c818', 'usr_67');
INSERT INTO trabalho.usuario_esta_inscrito_no_podcast VALUES (5, '168c1536-4c42-4b8f-8c77-f06affefec6a', 'usr_67');
INSERT INTO trabalho.comentarios_podcast_usuario VALUES ('comment_67_1', 'Omnis et non enim odio et sapiente velit sunt vel.', '168c1536-4c42-4b8f-8c77-f06affefec6a', 'usr_67');
INSERT INTO trabalho.log_acesso VALUES ('log_67_1', '168c1536-4c42-4b8f-8c77-f06affefec6a', 'usr_67');
INSERT INTO trabalho.usuario_esta_inscrito_no_podcast VALUES (2, 'af46a958-b921-47b6-9f87-5c4fdc68ea79', 'usr_67');
INSERT INTO trabalho.comentarios_podcast_usuario VALUES ('comment_67_2', 'Aut dignissimos odio quibusdam non reiciendis et pariatur.', 'af46a958-b921-47b6-9f87-5c4fdc68ea79', 'usr_67');
INSERT INTO trabalho.log_acesso VALUES ('log_67_2', 'af46a958-b921-47b6-9f87-5c4fdc68ea79', 'usr_67');
INSERT INTO trabalho.usuario VALUES ('usr_68', '68_Csar68@gmail.com', 'César Souza', 'male', 15, 'password', 'Comores');
INSERT INTO trabalho.usuario_esta_inscrito_no_podcast VALUES (0, 'c58b280a-56d4-4ad8-8c85-730e4ea86361', 'usr_68');
INSERT INTO trabalho.comentarios_podcast_usuario VALUES ('comment_68_0', 'Rerum autem sunt tempora modi ipsam facilis id.', 'c58b280a-56d4-4ad8-8c85-730e4ea86361', 'usr_68');
INSERT INTO trabalho.log_acesso VALUES ('log_68_0', 'c58b280a-56d4-4ad8-8c85-730e4ea86361', 'usr_68');
INSERT INTO trabalho.usuario_esta_inscrito_no_podcast VALUES (3, '168c1536-4c42-4b8f-8c77-f06affefec6a', 'usr_68');
INSERT INTO trabalho.comentarios_podcast_usuario VALUES ('comment_68_1', 'Asperiores alias magnam est et odit neque perferendis.', '168c1536-4c42-4b8f-8c77-f06affefec6a', 'usr_68');
INSERT INTO trabalho.log_acesso VALUES ('log_68_1', '168c1536-4c42-4b8f-8c77-f06affefec6a', 'usr_68');
INSERT INTO trabalho.usuario_esta_inscrito_no_podcast VALUES (4, '7e429e8e-7669-403d-bb78-3cd7f9f75afd', 'usr_68');
INSERT INTO trabalho.comentarios_podcast_usuario VALUES ('comment_68_2', 'Molestiae sapiente quaerat et itaque voluptatibus vel possimus eum.', '7e429e8e-7669-403d-bb78-3cd7f9f75afd', 'usr_68');
INSERT INTO trabalho.log_acesso VALUES ('log_68_2', '7e429e8e-7669-403d-bb78-3cd7f9f75afd', 'usr_68');
INSERT INTO trabalho.usuario VALUES ('usr_69', '69_Hugo.Macedo@bol.com.br', 'Hugo Macedo', 'male', 13, 'password', 'Dominica');
INSERT INTO trabalho.usuario_esta_inscrito_no_podcast VALUES (1, '7e429e8e-7669-403d-bb78-3cd7f9f75afd', 'usr_69');
INSERT INTO trabalho.comentarios_podcast_usuario VALUES ('comment_69_0', 'Sunt nulla omnis dolor ex odit tenetur.', '7e429e8e-7669-403d-bb78-3cd7f9f75afd', 'usr_69');
INSERT INTO trabalho.log_acesso VALUES ('log_69_0', '7e429e8e-7669-403d-bb78-3cd7f9f75afd', 'usr_69');
INSERT INTO trabalho.usuario_esta_inscrito_no_podcast VALUES (5, 'af46a958-b921-47b6-9f87-5c4fdc68ea79', 'usr_69');
INSERT INTO trabalho.comentarios_podcast_usuario VALUES ('comment_69_1', 'A possimus consequuntur.', 'af46a958-b921-47b6-9f87-5c4fdc68ea79', 'usr_69');
INSERT INTO trabalho.log_acesso VALUES ('log_69_1', 'af46a958-b921-47b6-9f87-5c4fdc68ea79', 'usr_69');
INSERT INTO trabalho.usuario_esta_inscrito_no_podcast VALUES (2, 'f0166bd2-8e4d-4308-b5d7-0b3d627c5dc5', 'usr_69');
INSERT INTO trabalho.comentarios_podcast_usuario VALUES ('comment_69_2', 'Harum a vel autem commodi suscipit ab sunt amet.', 'f0166bd2-8e4d-4308-b5d7-0b3d627c5dc5', 'usr_69');
INSERT INTO trabalho.log_acesso VALUES ('log_69_2', 'f0166bd2-8e4d-4308-b5d7-0b3d627c5dc5', 'usr_69');
INSERT INTO trabalho.usuario VALUES ('usr_70', '70_Tertuliano_Costa80@yahoo.com', 'Tertuliano Costa', 'male', 16, 'password', 'França');
INSERT INTO trabalho.usuario_esta_inscrito_no_podcast VALUES (5, 'f0166bd2-8e4d-4308-b5d7-0b3d627c5dc5', 'usr_70');
INSERT INTO trabalho.comentarios_podcast_usuario VALUES ('comment_70_0', 'Deleniti optio id est magni rem est omnis minus id.', 'f0166bd2-8e4d-4308-b5d7-0b3d627c5dc5', 'usr_70');
INSERT INTO trabalho.log_acesso VALUES ('log_70_0', 'f0166bd2-8e4d-4308-b5d7-0b3d627c5dc5', 'usr_70');
INSERT INTO trabalho.usuario_esta_inscrito_no_podcast VALUES (0, 'f8e13774-d631-4f34-93f0-2f5d55590265', 'usr_70');
INSERT INTO trabalho.comentarios_podcast_usuario VALUES ('comment_70_1', 'Magni a excepturi.', 'f8e13774-d631-4f34-93f0-2f5d55590265', 'usr_70');
INSERT INTO trabalho.log_acesso VALUES ('log_70_1', 'f8e13774-d631-4f34-93f0-2f5d55590265', 'usr_70');
INSERT INTO trabalho.usuario_esta_inscrito_no_podcast VALUES (5, 'fa3abe16-3645-4d22-a01d-893e6f20c408', 'usr_70');
INSERT INTO trabalho.comentarios_podcast_usuario VALUES ('comment_70_2', 'Fugiat quia odit provident omnis hic.', 'fa3abe16-3645-4d22-a01d-893e6f20c408', 'usr_70');
INSERT INTO trabalho.log_acesso VALUES ('log_70_2', 'fa3abe16-3645-4d22-a01d-893e6f20c408', 'usr_70');
INSERT INTO trabalho.usuario VALUES ('usr_71', '71_Janana_Xavier@hotmail.com', 'Janaína Xavier', 'female', 51, 'password', 'Espanha');
INSERT INTO trabalho.usuario_esta_inscrito_no_podcast VALUES (4, 'af46a958-b921-47b6-9f87-5c4fdc68ea79', 'usr_71');
INSERT INTO trabalho.comentarios_podcast_usuario VALUES ('comment_71_0', 'Et qui similique harum aliquid consectetur.', 'af46a958-b921-47b6-9f87-5c4fdc68ea79', 'usr_71');
INSERT INTO trabalho.log_acesso VALUES ('log_71_0', 'af46a958-b921-47b6-9f87-5c4fdc68ea79', 'usr_71');
INSERT INTO trabalho.usuario_esta_inscrito_no_podcast VALUES (2, '168c1536-4c42-4b8f-8c77-f06affefec6a', 'usr_71');
INSERT INTO trabalho.comentarios_podcast_usuario VALUES ('comment_71_1', 'Voluptatem assumenda alias in sunt dolor.', '168c1536-4c42-4b8f-8c77-f06affefec6a', 'usr_71');
INSERT INTO trabalho.log_acesso VALUES ('log_71_1', '168c1536-4c42-4b8f-8c77-f06affefec6a', 'usr_71');
INSERT INTO trabalho.usuario_esta_inscrito_no_podcast VALUES (3, 'f1b92ce7-47a7-43cd-8586-4a09185cdd05', 'usr_71');
INSERT INTO trabalho.comentarios_podcast_usuario VALUES ('comment_71_2', 'Nisi rerum hic molestiae quos assumenda omnis dolore enim.', 'f1b92ce7-47a7-43cd-8586-4a09185cdd05', 'usr_71');
INSERT INTO trabalho.log_acesso VALUES ('log_71_2', 'f1b92ce7-47a7-43cd-8586-4a09185cdd05', 'usr_71');
INSERT INTO trabalho.usuario VALUES ('usr_72', '72_JlioCsar70@hotmail.com', 'Júlio César Braga', 'male', 1, 'password', 'Bangladesh');
INSERT INTO trabalho.usuario_esta_inscrito_no_podcast VALUES (2, 'f1b92ce7-47a7-43cd-8586-4a09185cdd05', 'usr_72');
INSERT INTO trabalho.comentarios_podcast_usuario VALUES ('comment_72_0', 'Nobis ratione laboriosam et velit sint ab exercitationem.', 'f1b92ce7-47a7-43cd-8586-4a09185cdd05', 'usr_72');
INSERT INTO trabalho.log_acesso VALUES ('log_72_0', 'f1b92ce7-47a7-43cd-8586-4a09185cdd05', 'usr_72');
INSERT INTO trabalho.usuario_esta_inscrito_no_podcast VALUES (0, '7e429e8e-7669-403d-bb78-3cd7f9f75afd', 'usr_72');
INSERT INTO trabalho.comentarios_podcast_usuario VALUES ('comment_72_1', 'Voluptatum et et totam consequuntur provident atque delectus dolorem.', '7e429e8e-7669-403d-bb78-3cd7f9f75afd', 'usr_72');
INSERT INTO trabalho.log_acesso VALUES ('log_72_1', '7e429e8e-7669-403d-bb78-3cd7f9f75afd', 'usr_72');
INSERT INTO trabalho.usuario_esta_inscrito_no_podcast VALUES (1, '168c1536-4c42-4b8f-8c77-f06affefec6a', 'usr_72');
INSERT INTO trabalho.comentarios_podcast_usuario VALUES ('comment_72_2', 'Fuga et repudiandae eos eum.', '168c1536-4c42-4b8f-8c77-f06affefec6a', 'usr_72');
INSERT INTO trabalho.log_acesso VALUES ('log_72_2', '168c1536-4c42-4b8f-8c77-f06affefec6a', 'usr_72');
INSERT INTO trabalho.usuario VALUES ('usr_73', '73_Alcia_Nogueira@hotmail.com', 'Alícia Nogueira', 'female', 18, 'password', 'Senegal');
INSERT INTO trabalho.usuario_esta_inscrito_no_podcast VALUES (0, 'de2f0ddb-9903-436a-a5e2-54224254c818', 'usr_73');
INSERT INTO trabalho.comentarios_podcast_usuario VALUES ('comment_73_0', 'Et nesciunt eum.', 'de2f0ddb-9903-436a-a5e2-54224254c818', 'usr_73');
INSERT INTO trabalho.log_acesso VALUES ('log_73_0', 'de2f0ddb-9903-436a-a5e2-54224254c818', 'usr_73');
INSERT INTO trabalho.usuario_esta_inscrito_no_podcast VALUES (4, 'b553d865-8fe2-47de-9a30-10e1dea3bd1d', 'usr_73');
INSERT INTO trabalho.comentarios_podcast_usuario VALUES ('comment_73_1', 'Consequatur esse quis consequatur est adipisci voluptate quidem.', 'b553d865-8fe2-47de-9a30-10e1dea3bd1d', 'usr_73');
INSERT INTO trabalho.log_acesso VALUES ('log_73_1', 'b553d865-8fe2-47de-9a30-10e1dea3bd1d', 'usr_73');
INSERT INTO trabalho.usuario_esta_inscrito_no_podcast VALUES (0, '67074e68-bc2f-442b-8af2-7d328b6af6eb', 'usr_73');
INSERT INTO trabalho.comentarios_podcast_usuario VALUES ('comment_73_2', 'Quae aspernatur sed voluptatibus quia aliquam.', '67074e68-bc2f-442b-8af2-7d328b6af6eb', 'usr_73');
INSERT INTO trabalho.log_acesso VALUES ('log_73_2', '67074e68-bc2f-442b-8af2-7d328b6af6eb', 'usr_73');
INSERT INTO trabalho.usuario VALUES ('usr_74', '74_Warley_Carvalho@hotmail.com', 'Warley Carvalho', 'male', 13, 'password', 'Nova Caledonia');
INSERT INTO trabalho.usuario_esta_inscrito_no_podcast VALUES (5, 'f1b92ce7-47a7-43cd-8586-4a09185cdd05', 'usr_74');
INSERT INTO trabalho.comentarios_podcast_usuario VALUES ('comment_74_0', 'Reiciendis nihil aut dolores itaque enim laborum officiis voluptatem.', 'f1b92ce7-47a7-43cd-8586-4a09185cdd05', 'usr_74');
INSERT INTO trabalho.log_acesso VALUES ('log_74_0', 'f1b92ce7-47a7-43cd-8586-4a09185cdd05', 'usr_74');
INSERT INTO trabalho.usuario_esta_inscrito_no_podcast VALUES (1, '7e429e8e-7669-403d-bb78-3cd7f9f75afd', 'usr_74');
INSERT INTO trabalho.comentarios_podcast_usuario VALUES ('comment_74_1', 'Consectetur consequuntur qui.', '7e429e8e-7669-403d-bb78-3cd7f9f75afd', 'usr_74');
INSERT INTO trabalho.log_acesso VALUES ('log_74_1', '7e429e8e-7669-403d-bb78-3cd7f9f75afd', 'usr_74');
INSERT INTO trabalho.usuario_esta_inscrito_no_podcast VALUES (2, 'f8e13774-d631-4f34-93f0-2f5d55590265', 'usr_74');
INSERT INTO trabalho.comentarios_podcast_usuario VALUES ('comment_74_2', 'Asperiores cupiditate amet voluptatem unde aliquid optio animi ea occaecati.', 'f8e13774-d631-4f34-93f0-2f5d55590265', 'usr_74');
INSERT INTO trabalho.log_acesso VALUES ('log_74_2', 'f8e13774-d631-4f34-93f0-2f5d55590265', 'usr_74');
INSERT INTO trabalho.usuario VALUES ('usr_75', '75_Ceclia_Albuquerque20@live.com', 'Cecília Albuquerque', 'female', 31, 'password', 'Luxemburgo');
INSERT INTO trabalho.usuario_esta_inscrito_no_podcast VALUES (2, 'de2f0ddb-9903-436a-a5e2-54224254c818', 'usr_75');
INSERT INTO trabalho.comentarios_podcast_usuario VALUES ('comment_75_0', 'Consequatur necessitatibus necessitatibus voluptatem quos aut minus nihil.', 'de2f0ddb-9903-436a-a5e2-54224254c818', 'usr_75');
INSERT INTO trabalho.log_acesso VALUES ('log_75_0', 'de2f0ddb-9903-436a-a5e2-54224254c818', 'usr_75');
INSERT INTO trabalho.usuario_esta_inscrito_no_podcast VALUES (1, 'fa3abe16-3645-4d22-a01d-893e6f20c408', 'usr_75');
INSERT INTO trabalho.comentarios_podcast_usuario VALUES ('comment_75_1', 'Consequatur voluptas qui saepe ullam.', 'fa3abe16-3645-4d22-a01d-893e6f20c408', 'usr_75');
INSERT INTO trabalho.log_acesso VALUES ('log_75_1', 'fa3abe16-3645-4d22-a01d-893e6f20c408', 'usr_75');
INSERT INTO trabalho.usuario_esta_inscrito_no_podcast VALUES (4, '67074e68-bc2f-442b-8af2-7d328b6af6eb', 'usr_75');
INSERT INTO trabalho.comentarios_podcast_usuario VALUES ('comment_75_2', 'Numquam ullam et sed et qui eos ea quo aspernatur.', '67074e68-bc2f-442b-8af2-7d328b6af6eb', 'usr_75');
INSERT INTO trabalho.log_acesso VALUES ('log_75_2', '67074e68-bc2f-442b-8af2-7d328b6af6eb', 'usr_75');
INSERT INTO trabalho.usuario VALUES ('usr_76', '76_Mait.Batista@yahoo.com', 'Maitê Batista', 'female', 43, 'password', 'Tanzânia');
INSERT INTO trabalho.usuario_esta_inscrito_no_podcast VALUES (5, '7e429e8e-7669-403d-bb78-3cd7f9f75afd', 'usr_76');
INSERT INTO trabalho.comentarios_podcast_usuario VALUES ('comment_76_0', 'Adipisci quo quae qui alias eligendi.', '7e429e8e-7669-403d-bb78-3cd7f9f75afd', 'usr_76');
INSERT INTO trabalho.log_acesso VALUES ('log_76_0', '7e429e8e-7669-403d-bb78-3cd7f9f75afd', 'usr_76');
INSERT INTO trabalho.usuario_esta_inscrito_no_podcast VALUES (5, '168c1536-4c42-4b8f-8c77-f06affefec6a', 'usr_76');
INSERT INTO trabalho.comentarios_podcast_usuario VALUES ('comment_76_1', 'Modi quis voluptate est repellendus praesentium dicta quod aperiam earum.', '168c1536-4c42-4b8f-8c77-f06affefec6a', 'usr_76');
INSERT INTO trabalho.log_acesso VALUES ('log_76_1', '168c1536-4c42-4b8f-8c77-f06affefec6a', 'usr_76');
INSERT INTO trabalho.usuario_esta_inscrito_no_podcast VALUES (0, 'f1b92ce7-47a7-43cd-8586-4a09185cdd05', 'usr_76');
INSERT INTO trabalho.comentarios_podcast_usuario VALUES ('comment_76_2', 'Voluptas et voluptates et corrupti et aut.', 'f1b92ce7-47a7-43cd-8586-4a09185cdd05', 'usr_76');
INSERT INTO trabalho.log_acesso VALUES ('log_76_2', 'f1b92ce7-47a7-43cd-8586-4a09185cdd05', 'usr_76');
INSERT INTO trabalho.usuario VALUES ('usr_77', '77_Mrcia_Pereira@bol.com.br', 'Márcia Pereira', 'female', 11, 'password', 'Tuvalu');
INSERT INTO trabalho.usuario_esta_inscrito_no_podcast VALUES (3, '219328a1-cec6-4e8c-b003-52a3ec9766bb', 'usr_77');
INSERT INTO trabalho.comentarios_podcast_usuario VALUES ('comment_77_0', 'Voluptate distinctio quidem sunt et recusandae aut voluptas ut.', '219328a1-cec6-4e8c-b003-52a3ec9766bb', 'usr_77');
INSERT INTO trabalho.log_acesso VALUES ('log_77_0', '219328a1-cec6-4e8c-b003-52a3ec9766bb', 'usr_77');
INSERT INTO trabalho.usuario_esta_inscrito_no_podcast VALUES (3, 'de2f0ddb-9903-436a-a5e2-54224254c818', 'usr_77');
INSERT INTO trabalho.comentarios_podcast_usuario VALUES ('comment_77_1', 'Est reiciendis consequatur consequatur.', 'de2f0ddb-9903-436a-a5e2-54224254c818', 'usr_77');
INSERT INTO trabalho.log_acesso VALUES ('log_77_1', 'de2f0ddb-9903-436a-a5e2-54224254c818', 'usr_77');
INSERT INTO trabalho.usuario_esta_inscrito_no_podcast VALUES (3, 'f1b92ce7-47a7-43cd-8586-4a09185cdd05', 'usr_77');
INSERT INTO trabalho.comentarios_podcast_usuario VALUES ('comment_77_2', 'Commodi vitae aut ut voluptate maiores consequatur delectus qui.', 'f1b92ce7-47a7-43cd-8586-4a09185cdd05', 'usr_77');
INSERT INTO trabalho.log_acesso VALUES ('log_77_2', 'f1b92ce7-47a7-43cd-8586-4a09185cdd05', 'usr_77');
INSERT INTO trabalho.usuario VALUES ('usr_78', '78_Mrcia.Nogueira29@bol.com.br', 'Mércia Nogueira', 'female', 22, 'password', 'Polônia');
INSERT INTO trabalho.usuario_esta_inscrito_no_podcast VALUES (1, 'af46a958-b921-47b6-9f87-5c4fdc68ea79', 'usr_78');
INSERT INTO trabalho.comentarios_podcast_usuario VALUES ('comment_78_0', 'Dolor accusantium eum animi nihil occaecati.', 'af46a958-b921-47b6-9f87-5c4fdc68ea79', 'usr_78');
INSERT INTO trabalho.log_acesso VALUES ('log_78_0', 'af46a958-b921-47b6-9f87-5c4fdc68ea79', 'usr_78');
INSERT INTO trabalho.usuario_esta_inscrito_no_podcast VALUES (2, 'b553d865-8fe2-47de-9a30-10e1dea3bd1d', 'usr_78');
INSERT INTO trabalho.comentarios_podcast_usuario VALUES ('comment_78_1', 'Beatae corporis nesciunt est voluptas nam enim repellat.', 'b553d865-8fe2-47de-9a30-10e1dea3bd1d', 'usr_78');
INSERT INTO trabalho.log_acesso VALUES ('log_78_1', 'b553d865-8fe2-47de-9a30-10e1dea3bd1d', 'usr_78');
INSERT INTO trabalho.usuario_esta_inscrito_no_podcast VALUES (1, 'f0166bd2-8e4d-4308-b5d7-0b3d627c5dc5', 'usr_78');
INSERT INTO trabalho.comentarios_podcast_usuario VALUES ('comment_78_2', 'Omnis voluptatem ratione cumque enim quisquam iusto dolorum omnis.', 'f0166bd2-8e4d-4308-b5d7-0b3d627c5dc5', 'usr_78');
INSERT INTO trabalho.log_acesso VALUES ('log_78_2', 'f0166bd2-8e4d-4308-b5d7-0b3d627c5dc5', 'usr_78');
INSERT INTO trabalho.usuario VALUES ('usr_79', '79_MariaClara80@live.com', 'Maria Clara Silva', 'female', 52, 'password', 'Lesoto');
INSERT INTO trabalho.usuario_esta_inscrito_no_podcast VALUES (2, 'f1b92ce7-47a7-43cd-8586-4a09185cdd05', 'usr_79');
INSERT INTO trabalho.comentarios_podcast_usuario VALUES ('comment_79_0', 'Quas enim dolore repellendus aspernatur id qui voluptatem.', 'f1b92ce7-47a7-43cd-8586-4a09185cdd05', 'usr_79');
INSERT INTO trabalho.log_acesso VALUES ('log_79_0', 'f1b92ce7-47a7-43cd-8586-4a09185cdd05', 'usr_79');
INSERT INTO trabalho.usuario_esta_inscrito_no_podcast VALUES (1, 'b553d865-8fe2-47de-9a30-10e1dea3bd1d', 'usr_79');
INSERT INTO trabalho.comentarios_podcast_usuario VALUES ('comment_79_1', 'Vel inventore cum.', 'b553d865-8fe2-47de-9a30-10e1dea3bd1d', 'usr_79');
INSERT INTO trabalho.log_acesso VALUES ('log_79_1', 'b553d865-8fe2-47de-9a30-10e1dea3bd1d', 'usr_79');
INSERT INTO trabalho.usuario_esta_inscrito_no_podcast VALUES (5, 'f8e13774-d631-4f34-93f0-2f5d55590265', 'usr_79');
INSERT INTO trabalho.comentarios_podcast_usuario VALUES ('comment_79_2', 'Ut et dolore ut.', 'f8e13774-d631-4f34-93f0-2f5d55590265', 'usr_79');
INSERT INTO trabalho.log_acesso VALUES ('log_79_2', 'f8e13774-d631-4f34-93f0-2f5d55590265', 'usr_79');
INSERT INTO trabalho.usuario VALUES ('usr_80', '80_Sulen_Costa@yahoo.com', 'Suélen Costa', 'female', 6, 'password', 'Itália');
INSERT INTO trabalho.usuario_esta_inscrito_no_podcast VALUES (5, '5bdf7377-8330-4f9f-8efd-e95301c122ce', 'usr_80');
INSERT INTO trabalho.comentarios_podcast_usuario VALUES ('comment_80_0', 'Cum eos voluptas.', '5bdf7377-8330-4f9f-8efd-e95301c122ce', 'usr_80');
INSERT INTO trabalho.log_acesso VALUES ('log_80_0', '5bdf7377-8330-4f9f-8efd-e95301c122ce', 'usr_80');
INSERT INTO trabalho.usuario_esta_inscrito_no_podcast VALUES (4, 'fa3abe16-3645-4d22-a01d-893e6f20c408', 'usr_80');
INSERT INTO trabalho.comentarios_podcast_usuario VALUES ('comment_80_1', 'Deserunt et mollitia fugit repudiandae est.', 'fa3abe16-3645-4d22-a01d-893e6f20c408', 'usr_80');
INSERT INTO trabalho.log_acesso VALUES ('log_80_1', 'fa3abe16-3645-4d22-a01d-893e6f20c408', 'usr_80');
INSERT INTO trabalho.usuario_esta_inscrito_no_podcast VALUES (5, 'af46a958-b921-47b6-9f87-5c4fdc68ea79', 'usr_80');
INSERT INTO trabalho.comentarios_podcast_usuario VALUES ('comment_80_2', 'Amet consequuntur repellendus.', 'af46a958-b921-47b6-9f87-5c4fdc68ea79', 'usr_80');
INSERT INTO trabalho.log_acesso VALUES ('log_80_2', 'af46a958-b921-47b6-9f87-5c4fdc68ea79', 'usr_80');
INSERT INTO trabalho.usuario VALUES ('usr_81', '81_AnaLuiza.Souza2@gmail.com', 'Ana Luiza Souza', 'female', 43, 'password', 'Tanzânia');
INSERT INTO trabalho.usuario_esta_inscrito_no_podcast VALUES (0, 'bc8dac25-793c-4a96-aafc-4ea7020f4f60', 'usr_81');
INSERT INTO trabalho.comentarios_podcast_usuario VALUES ('comment_81_0', 'Eum incidunt sit quis magnam doloremque et excepturi et sed.', 'bc8dac25-793c-4a96-aafc-4ea7020f4f60', 'usr_81');
INSERT INTO trabalho.log_acesso VALUES ('log_81_0', 'bc8dac25-793c-4a96-aafc-4ea7020f4f60', 'usr_81');
INSERT INTO trabalho.usuario_esta_inscrito_no_podcast VALUES (1, 'c58b280a-56d4-4ad8-8c85-730e4ea86361', 'usr_81');
INSERT INTO trabalho.comentarios_podcast_usuario VALUES ('comment_81_1', 'Quibusdam in quia ea libero id aperiam id.', 'c58b280a-56d4-4ad8-8c85-730e4ea86361', 'usr_81');
INSERT INTO trabalho.log_acesso VALUES ('log_81_1', 'c58b280a-56d4-4ad8-8c85-730e4ea86361', 'usr_81');
INSERT INTO trabalho.usuario_esta_inscrito_no_podcast VALUES (0, 'fa3abe16-3645-4d22-a01d-893e6f20c408', 'usr_81');
INSERT INTO trabalho.comentarios_podcast_usuario VALUES ('comment_81_2', 'Dolor est mollitia.', 'fa3abe16-3645-4d22-a01d-893e6f20c408', 'usr_81');
INSERT INTO trabalho.log_acesso VALUES ('log_81_2', 'fa3abe16-3645-4d22-a01d-893e6f20c408', 'usr_81');
INSERT INTO trabalho.usuario VALUES ('usr_82', '82_Valentina.Xavier@live.com', 'Valentina Xavier', 'female', 23, 'password', 'Sao Tomé e Príncipe');
INSERT INTO trabalho.usuario_esta_inscrito_no_podcast VALUES (4, 'f0166bd2-8e4d-4308-b5d7-0b3d627c5dc5', 'usr_82');
INSERT INTO trabalho.comentarios_podcast_usuario VALUES ('comment_82_0', 'Ex veniam unde quo voluptatem voluptas soluta beatae architecto omnis.', 'f0166bd2-8e4d-4308-b5d7-0b3d627c5dc5', 'usr_82');
INSERT INTO trabalho.log_acesso VALUES ('log_82_0', 'f0166bd2-8e4d-4308-b5d7-0b3d627c5dc5', 'usr_82');
INSERT INTO trabalho.usuario_esta_inscrito_no_podcast VALUES (2, 'de2f0ddb-9903-436a-a5e2-54224254c818', 'usr_82');
INSERT INTO trabalho.comentarios_podcast_usuario VALUES ('comment_82_1', 'Perferendis molestiae dolor nemo.', 'de2f0ddb-9903-436a-a5e2-54224254c818', 'usr_82');
INSERT INTO trabalho.log_acesso VALUES ('log_82_1', 'de2f0ddb-9903-436a-a5e2-54224254c818', 'usr_82');
INSERT INTO trabalho.usuario_esta_inscrito_no_podcast VALUES (0, '5bdf7377-8330-4f9f-8efd-e95301c122ce', 'usr_82');
INSERT INTO trabalho.comentarios_podcast_usuario VALUES ('comment_82_2', 'Voluptas quod asperiores dolor dolorem quia dolores maxime.', '5bdf7377-8330-4f9f-8efd-e95301c122ce', 'usr_82');
INSERT INTO trabalho.log_acesso VALUES ('log_82_2', '5bdf7377-8330-4f9f-8efd-e95301c122ce', 'usr_82');
INSERT INTO trabalho.usuario VALUES ('usr_83', '83_Bruna_Xavier@yahoo.com', 'Bruna Xavier', 'female', 4, 'password', 'Romênia');
INSERT INTO trabalho.usuario_esta_inscrito_no_podcast VALUES (0, '5bdf7377-8330-4f9f-8efd-e95301c122ce', 'usr_83');
INSERT INTO trabalho.comentarios_podcast_usuario VALUES ('comment_83_0', 'Id et saepe pariatur vel.', '5bdf7377-8330-4f9f-8efd-e95301c122ce', 'usr_83');
INSERT INTO trabalho.log_acesso VALUES ('log_83_0', '5bdf7377-8330-4f9f-8efd-e95301c122ce', 'usr_83');
INSERT INTO trabalho.usuario_esta_inscrito_no_podcast VALUES (5, 'b553d865-8fe2-47de-9a30-10e1dea3bd1d', 'usr_83');
INSERT INTO trabalho.comentarios_podcast_usuario VALUES ('comment_83_1', 'Illo ut dolorum sit suscipit.', 'b553d865-8fe2-47de-9a30-10e1dea3bd1d', 'usr_83');
INSERT INTO trabalho.log_acesso VALUES ('log_83_1', 'b553d865-8fe2-47de-9a30-10e1dea3bd1d', 'usr_83');
INSERT INTO trabalho.usuario_esta_inscrito_no_podcast VALUES (1, '168c1536-4c42-4b8f-8c77-f06affefec6a', 'usr_83');
INSERT INTO trabalho.comentarios_podcast_usuario VALUES ('comment_83_2', 'Accusamus qui ipsa amet autem tempora facilis.', '168c1536-4c42-4b8f-8c77-f06affefec6a', 'usr_83');
INSERT INTO trabalho.log_acesso VALUES ('log_83_2', '168c1536-4c42-4b8f-8c77-f06affefec6a', 'usr_83');
INSERT INTO trabalho.usuario VALUES ('usr_84', '84_Roberto.Barros@live.com', 'Roberto Barros', 'male', 6, 'password', 'Camarões');
INSERT INTO trabalho.usuario_esta_inscrito_no_podcast VALUES (2, 'f8e13774-d631-4f34-93f0-2f5d55590265', 'usr_84');
INSERT INTO trabalho.comentarios_podcast_usuario VALUES ('comment_84_0', 'Iste ipsam quo et accusamus molestiae et.', 'f8e13774-d631-4f34-93f0-2f5d55590265', 'usr_84');
INSERT INTO trabalho.log_acesso VALUES ('log_84_0', 'f8e13774-d631-4f34-93f0-2f5d55590265', 'usr_84');
INSERT INTO trabalho.usuario_esta_inscrito_no_podcast VALUES (0, 'fa3abe16-3645-4d22-a01d-893e6f20c408', 'usr_84');
INSERT INTO trabalho.comentarios_podcast_usuario VALUES ('comment_84_1', 'Dolores et eos voluptates inventore ut.', 'fa3abe16-3645-4d22-a01d-893e6f20c408', 'usr_84');
INSERT INTO trabalho.log_acesso VALUES ('log_84_1', 'fa3abe16-3645-4d22-a01d-893e6f20c408', 'usr_84');
INSERT INTO trabalho.usuario_esta_inscrito_no_podcast VALUES (2, '168c1536-4c42-4b8f-8c77-f06affefec6a', 'usr_84');
INSERT INTO trabalho.comentarios_podcast_usuario VALUES ('comment_84_2', 'Consequatur veritatis dolorum et a.', '168c1536-4c42-4b8f-8c77-f06affefec6a', 'usr_84');
INSERT INTO trabalho.log_acesso VALUES ('log_84_2', '168c1536-4c42-4b8f-8c77-f06affefec6a', 'usr_84');
INSERT INTO trabalho.usuario VALUES ('usr_85', '85_Csar19@gmail.com', 'César Melo', 'male', 25, 'password', 'França');
INSERT INTO trabalho.usuario_esta_inscrito_no_podcast VALUES (3, '168c1536-4c42-4b8f-8c77-f06affefec6a', 'usr_85');
INSERT INTO trabalho.comentarios_podcast_usuario VALUES ('comment_85_0', 'Sint qui dicta repellendus alias eligendi dolore consequuntur aut.', '168c1536-4c42-4b8f-8c77-f06affefec6a', 'usr_85');
INSERT INTO trabalho.log_acesso VALUES ('log_85_0', '168c1536-4c42-4b8f-8c77-f06affefec6a', 'usr_85');
INSERT INTO trabalho.usuario_esta_inscrito_no_podcast VALUES (2, 'fa3abe16-3645-4d22-a01d-893e6f20c408', 'usr_85');
INSERT INTO trabalho.comentarios_podcast_usuario VALUES ('comment_85_1', 'Ipsa qui quia.', 'fa3abe16-3645-4d22-a01d-893e6f20c408', 'usr_85');
INSERT INTO trabalho.log_acesso VALUES ('log_85_1', 'fa3abe16-3645-4d22-a01d-893e6f20c408', 'usr_85');
INSERT INTO trabalho.usuario_esta_inscrito_no_podcast VALUES (4, 'f8e13774-d631-4f34-93f0-2f5d55590265', 'usr_85');
INSERT INTO trabalho.comentarios_podcast_usuario VALUES ('comment_85_2', 'Voluptas vel vitae dolores veniam quod eius vel veniam.', 'f8e13774-d631-4f34-93f0-2f5d55590265', 'usr_85');
INSERT INTO trabalho.log_acesso VALUES ('log_85_2', 'f8e13774-d631-4f34-93f0-2f5d55590265', 'usr_85');
INSERT INTO trabalho.usuario VALUES ('usr_86', '86_Sulen_Braga@live.com', 'Suélen Braga', 'female', 9, 'password', 'Togo');
INSERT INTO trabalho.usuario_esta_inscrito_no_podcast VALUES (5, '5bdf7377-8330-4f9f-8efd-e95301c122ce', 'usr_86');
INSERT INTO trabalho.comentarios_podcast_usuario VALUES ('comment_86_0', 'Non cum consequuntur nihil est.', '5bdf7377-8330-4f9f-8efd-e95301c122ce', 'usr_86');
INSERT INTO trabalho.log_acesso VALUES ('log_86_0', '5bdf7377-8330-4f9f-8efd-e95301c122ce', 'usr_86');
INSERT INTO trabalho.usuario_esta_inscrito_no_podcast VALUES (5, 'f8e13774-d631-4f34-93f0-2f5d55590265', 'usr_86');
INSERT INTO trabalho.comentarios_podcast_usuario VALUES ('comment_86_1', 'Officiis alias aut mollitia soluta quod sit.', 'f8e13774-d631-4f34-93f0-2f5d55590265', 'usr_86');
INSERT INTO trabalho.log_acesso VALUES ('log_86_1', 'f8e13774-d631-4f34-93f0-2f5d55590265', 'usr_86');
INSERT INTO trabalho.usuario_esta_inscrito_no_podcast VALUES (2, 'bc8dac25-793c-4a96-aafc-4ea7020f4f60', 'usr_86');
INSERT INTO trabalho.comentarios_podcast_usuario VALUES ('comment_86_2', 'Dicta non aut rerum tempora id.', 'bc8dac25-793c-4a96-aafc-4ea7020f4f60', 'usr_86');
INSERT INTO trabalho.log_acesso VALUES ('log_86_2', 'bc8dac25-793c-4a96-aafc-4ea7020f4f60', 'usr_86');
INSERT INTO trabalho.usuario VALUES ('usr_87', '87_Isis94@gmail.com', 'Isis Santos', 'female', 29, 'password', 'Jamaica');
INSERT INTO trabalho.usuario_esta_inscrito_no_podcast VALUES (4, 'f1b92ce7-47a7-43cd-8586-4a09185cdd05', 'usr_87');
INSERT INTO trabalho.comentarios_podcast_usuario VALUES ('comment_87_0', 'Expedita ab ea.', 'f1b92ce7-47a7-43cd-8586-4a09185cdd05', 'usr_87');
INSERT INTO trabalho.log_acesso VALUES ('log_87_0', 'f1b92ce7-47a7-43cd-8586-4a09185cdd05', 'usr_87');
INSERT INTO trabalho.usuario_esta_inscrito_no_podcast VALUES (3, '5bdf7377-8330-4f9f-8efd-e95301c122ce', 'usr_87');
INSERT INTO trabalho.comentarios_podcast_usuario VALUES ('comment_87_1', 'Distinctio quidem eum repellat esse facere assumenda error repellat quae.', '5bdf7377-8330-4f9f-8efd-e95301c122ce', 'usr_87');
INSERT INTO trabalho.log_acesso VALUES ('log_87_1', '5bdf7377-8330-4f9f-8efd-e95301c122ce', 'usr_87');
INSERT INTO trabalho.usuario_esta_inscrito_no_podcast VALUES (5, 'fa3abe16-3645-4d22-a01d-893e6f20c408', 'usr_87');
INSERT INTO trabalho.comentarios_podcast_usuario VALUES ('comment_87_2', 'Quis cupiditate voluptate error adipisci necessitatibus repellat.', 'fa3abe16-3645-4d22-a01d-893e6f20c408', 'usr_87');
INSERT INTO trabalho.log_acesso VALUES ('log_87_2', 'fa3abe16-3645-4d22-a01d-893e6f20c408', 'usr_87');
INSERT INTO trabalho.usuario VALUES ('usr_88', '88_Rafaela.Pereira47@gmail.com', 'Rafaela Pereira', 'female', 19, 'password', 'Israel');
INSERT INTO trabalho.usuario_esta_inscrito_no_podcast VALUES (0, 'fa3abe16-3645-4d22-a01d-893e6f20c408', 'usr_88');
INSERT INTO trabalho.comentarios_podcast_usuario VALUES ('comment_88_0', 'Non autem quae voluptatem sint.', 'fa3abe16-3645-4d22-a01d-893e6f20c408', 'usr_88');
INSERT INTO trabalho.log_acesso VALUES ('log_88_0', 'fa3abe16-3645-4d22-a01d-893e6f20c408', 'usr_88');
INSERT INTO trabalho.usuario_esta_inscrito_no_podcast VALUES (5, 'de2f0ddb-9903-436a-a5e2-54224254c818', 'usr_88');
INSERT INTO trabalho.comentarios_podcast_usuario VALUES ('comment_88_1', 'Aliquam at at soluta doloribus architecto quam voluptatem maiores.', 'de2f0ddb-9903-436a-a5e2-54224254c818', 'usr_88');
INSERT INTO trabalho.log_acesso VALUES ('log_88_1', 'de2f0ddb-9903-436a-a5e2-54224254c818', 'usr_88');
INSERT INTO trabalho.usuario_esta_inscrito_no_podcast VALUES (3, '7e429e8e-7669-403d-bb78-3cd7f9f75afd', 'usr_88');
INSERT INTO trabalho.comentarios_podcast_usuario VALUES ('comment_88_2', 'Ut itaque eos.', '7e429e8e-7669-403d-bb78-3cd7f9f75afd', 'usr_88');
INSERT INTO trabalho.log_acesso VALUES ('log_88_2', '7e429e8e-7669-403d-bb78-3cd7f9f75afd', 'usr_88');
INSERT INTO trabalho.usuario VALUES ('usr_89', '89_Vicente.Nogueira8@yahoo.com', 'Vicente Nogueira', 'male', 20, 'password', 'Andorra');
INSERT INTO trabalho.usuario_esta_inscrito_no_podcast VALUES (1, 'de2f0ddb-9903-436a-a5e2-54224254c818', 'usr_89');
INSERT INTO trabalho.comentarios_podcast_usuario VALUES ('comment_89_0', 'Impedit ut at dolores reiciendis qui aliquam aut et deleniti.', 'de2f0ddb-9903-436a-a5e2-54224254c818', 'usr_89');
INSERT INTO trabalho.log_acesso VALUES ('log_89_0', 'de2f0ddb-9903-436a-a5e2-54224254c818', 'usr_89');
INSERT INTO trabalho.usuario_esta_inscrito_no_podcast VALUES (4, 'bc8dac25-793c-4a96-aafc-4ea7020f4f60', 'usr_89');
INSERT INTO trabalho.comentarios_podcast_usuario VALUES ('comment_89_1', 'Qui dolor rerum doloribus natus.', 'bc8dac25-793c-4a96-aafc-4ea7020f4f60', 'usr_89');
INSERT INTO trabalho.log_acesso VALUES ('log_89_1', 'bc8dac25-793c-4a96-aafc-4ea7020f4f60', 'usr_89');
INSERT INTO trabalho.usuario_esta_inscrito_no_podcast VALUES (3, 'af46a958-b921-47b6-9f87-5c4fdc68ea79', 'usr_89');
INSERT INTO trabalho.comentarios_podcast_usuario VALUES ('comment_89_2', 'Occaecati et non laborum nihil voluptatem autem consequatur earum similique.', 'af46a958-b921-47b6-9f87-5c4fdc68ea79', 'usr_89');
INSERT INTO trabalho.log_acesso VALUES ('log_89_2', 'af46a958-b921-47b6-9f87-5c4fdc68ea79', 'usr_89');
INSERT INTO trabalho.usuario VALUES ('usr_90', '90_JooMiguel_Melo64@gmail.com', 'João Miguel Melo', 'male', 46, 'password', 'Niue');
INSERT INTO trabalho.usuario_esta_inscrito_no_podcast VALUES (2, '7e429e8e-7669-403d-bb78-3cd7f9f75afd', 'usr_90');
INSERT INTO trabalho.comentarios_podcast_usuario VALUES ('comment_90_0', 'Ut nulla officia et sit est necessitatibus officia.', '7e429e8e-7669-403d-bb78-3cd7f9f75afd', 'usr_90');
INSERT INTO trabalho.log_acesso VALUES ('log_90_0', '7e429e8e-7669-403d-bb78-3cd7f9f75afd', 'usr_90');
INSERT INTO trabalho.usuario_esta_inscrito_no_podcast VALUES (4, 'f1b92ce7-47a7-43cd-8586-4a09185cdd05', 'usr_90');
INSERT INTO trabalho.comentarios_podcast_usuario VALUES ('comment_90_1', 'Dolores praesentium omnis quidem odio.', 'f1b92ce7-47a7-43cd-8586-4a09185cdd05', 'usr_90');
INSERT INTO trabalho.log_acesso VALUES ('log_90_1', 'f1b92ce7-47a7-43cd-8586-4a09185cdd05', 'usr_90');
INSERT INTO trabalho.usuario_esta_inscrito_no_podcast VALUES (3, 'c58b280a-56d4-4ad8-8c85-730e4ea86361', 'usr_90');
INSERT INTO trabalho.comentarios_podcast_usuario VALUES ('comment_90_2', 'Vitae hic aut dignissimos ab sapiente aut.', 'c58b280a-56d4-4ad8-8c85-730e4ea86361', 'usr_90');
INSERT INTO trabalho.log_acesso VALUES ('log_90_2', 'c58b280a-56d4-4ad8-8c85-730e4ea86361', 'usr_90');
INSERT INTO trabalho.usuario VALUES ('usr_91', '91_Frederico71@gmail.com', 'Frederico Santos', 'male', 55, 'password', 'Nova Zelândia');
INSERT INTO trabalho.usuario_esta_inscrito_no_podcast VALUES (5, '5bdf7377-8330-4f9f-8efd-e95301c122ce', 'usr_91');
INSERT INTO trabalho.comentarios_podcast_usuario VALUES ('comment_91_0', 'Ullam deleniti iusto excepturi corrupti rerum exercitationem quos atque.', '5bdf7377-8330-4f9f-8efd-e95301c122ce', 'usr_91');
INSERT INTO trabalho.log_acesso VALUES ('log_91_0', '5bdf7377-8330-4f9f-8efd-e95301c122ce', 'usr_91');
INSERT INTO trabalho.usuario_esta_inscrito_no_podcast VALUES (5, 'f1b92ce7-47a7-43cd-8586-4a09185cdd05', 'usr_91');
INSERT INTO trabalho.comentarios_podcast_usuario VALUES ('comment_91_1', 'Ex in vero ratione asperiores qui ut minus.', 'f1b92ce7-47a7-43cd-8586-4a09185cdd05', 'usr_91');
INSERT INTO trabalho.log_acesso VALUES ('log_91_1', 'f1b92ce7-47a7-43cd-8586-4a09185cdd05', 'usr_91');
INSERT INTO trabalho.usuario_esta_inscrito_no_podcast VALUES (0, '168c1536-4c42-4b8f-8c77-f06affefec6a', 'usr_91');
INSERT INTO trabalho.comentarios_podcast_usuario VALUES ('comment_91_2', 'Magnam sunt consequuntur deserunt nisi quia et quaerat dignissimos et.', '168c1536-4c42-4b8f-8c77-f06affefec6a', 'usr_91');
INSERT INTO trabalho.log_acesso VALUES ('log_91_2', '168c1536-4c42-4b8f-8c77-f06affefec6a', 'usr_91');
INSERT INTO trabalho.usuario VALUES ('usr_92', '92_gor_Costa47@yahoo.com', 'Ígor Costa', 'male', 37, 'password', 'Tunísia');
INSERT INTO trabalho.usuario_esta_inscrito_no_podcast VALUES (5, '5bdf7377-8330-4f9f-8efd-e95301c122ce', 'usr_92');
INSERT INTO trabalho.comentarios_podcast_usuario VALUES ('comment_92_0', 'Impedit incidunt beatae enim neque aliquid ut.', '5bdf7377-8330-4f9f-8efd-e95301c122ce', 'usr_92');
INSERT INTO trabalho.log_acesso VALUES ('log_92_0', '5bdf7377-8330-4f9f-8efd-e95301c122ce', 'usr_92');
INSERT INTO trabalho.usuario_esta_inscrito_no_podcast VALUES (1, 'af46a958-b921-47b6-9f87-5c4fdc68ea79', 'usr_92');
INSERT INTO trabalho.comentarios_podcast_usuario VALUES ('comment_92_1', 'Vitae repudiandae reprehenderit.', 'af46a958-b921-47b6-9f87-5c4fdc68ea79', 'usr_92');
INSERT INTO trabalho.log_acesso VALUES ('log_92_1', 'af46a958-b921-47b6-9f87-5c4fdc68ea79', 'usr_92');
INSERT INTO trabalho.usuario_esta_inscrito_no_podcast VALUES (0, 'f8e13774-d631-4f34-93f0-2f5d55590265', 'usr_92');
INSERT INTO trabalho.comentarios_podcast_usuario VALUES ('comment_92_2', 'Iusto ipsa ipsa alias.', 'f8e13774-d631-4f34-93f0-2f5d55590265', 'usr_92');
INSERT INTO trabalho.log_acesso VALUES ('log_92_2', 'f8e13774-d631-4f34-93f0-2f5d55590265', 'usr_92');
INSERT INTO trabalho.usuario VALUES ('usr_93', '93_Talita44@hotmail.com', 'Talita Moreira', 'female', 49, 'password', 'Israel');
INSERT INTO trabalho.usuario_esta_inscrito_no_podcast VALUES (2, 'bc8dac25-793c-4a96-aafc-4ea7020f4f60', 'usr_93');
INSERT INTO trabalho.comentarios_podcast_usuario VALUES ('comment_93_0', 'Officiis ea sed.', 'bc8dac25-793c-4a96-aafc-4ea7020f4f60', 'usr_93');
INSERT INTO trabalho.log_acesso VALUES ('log_93_0', 'bc8dac25-793c-4a96-aafc-4ea7020f4f60', 'usr_93');
INSERT INTO trabalho.usuario_esta_inscrito_no_podcast VALUES (5, '219328a1-cec6-4e8c-b003-52a3ec9766bb', 'usr_93');
INSERT INTO trabalho.comentarios_podcast_usuario VALUES ('comment_93_1', 'Non eaque sit omnis dolorem accusamus harum.', '219328a1-cec6-4e8c-b003-52a3ec9766bb', 'usr_93');
INSERT INTO trabalho.log_acesso VALUES ('log_93_1', '219328a1-cec6-4e8c-b003-52a3ec9766bb', 'usr_93');
INSERT INTO trabalho.usuario_esta_inscrito_no_podcast VALUES (0, 'f8e13774-d631-4f34-93f0-2f5d55590265', 'usr_93');
INSERT INTO trabalho.comentarios_podcast_usuario VALUES ('comment_93_2', 'Dicta est distinctio qui est natus.', 'f8e13774-d631-4f34-93f0-2f5d55590265', 'usr_93');
INSERT INTO trabalho.log_acesso VALUES ('log_93_2', 'f8e13774-d631-4f34-93f0-2f5d55590265', 'usr_93');
INSERT INTO trabalho.usuario VALUES ('usr_94', '94_Felcia_Batista@bol.com.br', 'Felícia Batista', 'female', 27, 'password', 'Território da Palestina');
INSERT INTO trabalho.usuario_esta_inscrito_no_podcast VALUES (0, 'f0166bd2-8e4d-4308-b5d7-0b3d627c5dc5', 'usr_94');
INSERT INTO trabalho.comentarios_podcast_usuario VALUES ('comment_94_0', 'Neque maiores sed ut ut occaecati nobis qui.', 'f0166bd2-8e4d-4308-b5d7-0b3d627c5dc5', 'usr_94');
INSERT INTO trabalho.log_acesso VALUES ('log_94_0', 'f0166bd2-8e4d-4308-b5d7-0b3d627c5dc5', 'usr_94');
INSERT INTO trabalho.usuario_esta_inscrito_no_podcast VALUES (2, 'f1b92ce7-47a7-43cd-8586-4a09185cdd05', 'usr_94');
INSERT INTO trabalho.comentarios_podcast_usuario VALUES ('comment_94_1', 'Eos voluptatum dolores.', 'f1b92ce7-47a7-43cd-8586-4a09185cdd05', 'usr_94');
INSERT INTO trabalho.log_acesso VALUES ('log_94_1', 'f1b92ce7-47a7-43cd-8586-4a09185cdd05', 'usr_94');
INSERT INTO trabalho.usuario_esta_inscrito_no_podcast VALUES (0, '219328a1-cec6-4e8c-b003-52a3ec9766bb', 'usr_94');
INSERT INTO trabalho.comentarios_podcast_usuario VALUES ('comment_94_2', 'Minus perferendis ipsam harum cum deleniti.', '219328a1-cec6-4e8c-b003-52a3ec9766bb', 'usr_94');
INSERT INTO trabalho.log_acesso VALUES ('log_94_2', '219328a1-cec6-4e8c-b003-52a3ec9766bb', 'usr_94');
INSERT INTO trabalho.usuario VALUES ('usr_95', '95_Mrcia.Moreira@bol.com.br', 'Márcia Moreira', 'female', 27, 'password', 'Cazaquistão');
INSERT INTO trabalho.usuario_esta_inscrito_no_podcast VALUES (5, 'f0166bd2-8e4d-4308-b5d7-0b3d627c5dc5', 'usr_95');
INSERT INTO trabalho.comentarios_podcast_usuario VALUES ('comment_95_0', 'Quae officiis inventore qui qui dolores facere laudantium accusantium dolore.', 'f0166bd2-8e4d-4308-b5d7-0b3d627c5dc5', 'usr_95');
INSERT INTO trabalho.log_acesso VALUES ('log_95_0', 'f0166bd2-8e4d-4308-b5d7-0b3d627c5dc5', 'usr_95');
INSERT INTO trabalho.usuario_esta_inscrito_no_podcast VALUES (1, '5bdf7377-8330-4f9f-8efd-e95301c122ce', 'usr_95');
INSERT INTO trabalho.comentarios_podcast_usuario VALUES ('comment_95_1', 'Et dignissimos sit.', '5bdf7377-8330-4f9f-8efd-e95301c122ce', 'usr_95');
INSERT INTO trabalho.log_acesso VALUES ('log_95_1', '5bdf7377-8330-4f9f-8efd-e95301c122ce', 'usr_95');
INSERT INTO trabalho.usuario_esta_inscrito_no_podcast VALUES (3, '219328a1-cec6-4e8c-b003-52a3ec9766bb', 'usr_95');
INSERT INTO trabalho.comentarios_podcast_usuario VALUES ('comment_95_2', 'Rerum officiis rerum nihil explicabo magni facere incidunt reiciendis.', '219328a1-cec6-4e8c-b003-52a3ec9766bb', 'usr_95');
INSERT INTO trabalho.log_acesso VALUES ('log_95_2', '219328a1-cec6-4e8c-b003-52a3ec9766bb', 'usr_95');
INSERT INTO trabalho.usuario VALUES ('usr_96', '96_Klber.Oliveira@hotmail.com', 'Kléber Oliveira', 'male', 39, 'password', 'Gâmbia');
INSERT INTO trabalho.usuario_esta_inscrito_no_podcast VALUES (1, 'c58b280a-56d4-4ad8-8c85-730e4ea86361', 'usr_96');
INSERT INTO trabalho.comentarios_podcast_usuario VALUES ('comment_96_0', 'Quis tenetur est velit facere aut.', 'c58b280a-56d4-4ad8-8c85-730e4ea86361', 'usr_96');
INSERT INTO trabalho.log_acesso VALUES ('log_96_0', 'c58b280a-56d4-4ad8-8c85-730e4ea86361', 'usr_96');
INSERT INTO trabalho.usuario_esta_inscrito_no_podcast VALUES (2, 'de2f0ddb-9903-436a-a5e2-54224254c818', 'usr_96');
INSERT INTO trabalho.comentarios_podcast_usuario VALUES ('comment_96_1', 'Veniam nulla sequi ut et.', 'de2f0ddb-9903-436a-a5e2-54224254c818', 'usr_96');
INSERT INTO trabalho.log_acesso VALUES ('log_96_1', 'de2f0ddb-9903-436a-a5e2-54224254c818', 'usr_96');
INSERT INTO trabalho.usuario_esta_inscrito_no_podcast VALUES (3, 'f8e13774-d631-4f34-93f0-2f5d55590265', 'usr_96');
INSERT INTO trabalho.comentarios_podcast_usuario VALUES ('comment_96_2', 'Impedit neque eum architecto numquam quas adipisci ea quod sequi.', 'f8e13774-d631-4f34-93f0-2f5d55590265', 'usr_96');
INSERT INTO trabalho.log_acesso VALUES ('log_96_2', 'f8e13774-d631-4f34-93f0-2f5d55590265', 'usr_96');
INSERT INTO trabalho.usuario VALUES ('usr_97', '97_Karla74@live.com', 'Karla Martins', 'female', 21, 'password', 'Arquipélago de Chagos');
INSERT INTO trabalho.usuario_esta_inscrito_no_podcast VALUES (0, 'f0166bd2-8e4d-4308-b5d7-0b3d627c5dc5', 'usr_97');
INSERT INTO trabalho.comentarios_podcast_usuario VALUES ('comment_97_0', 'Aliquam dolorum enim maxime ab ut rerum.', 'f0166bd2-8e4d-4308-b5d7-0b3d627c5dc5', 'usr_97');
INSERT INTO trabalho.log_acesso VALUES ('log_97_0', 'f0166bd2-8e4d-4308-b5d7-0b3d627c5dc5', 'usr_97');
INSERT INTO trabalho.usuario_esta_inscrito_no_podcast VALUES (2, '5bdf7377-8330-4f9f-8efd-e95301c122ce', 'usr_97');
INSERT INTO trabalho.comentarios_podcast_usuario VALUES ('comment_97_1', 'Dolorem dignissimos ipsum voluptas et quae voluptates iste.', '5bdf7377-8330-4f9f-8efd-e95301c122ce', 'usr_97');
INSERT INTO trabalho.log_acesso VALUES ('log_97_1', '5bdf7377-8330-4f9f-8efd-e95301c122ce', 'usr_97');
INSERT INTO trabalho.usuario_esta_inscrito_no_podcast VALUES (1, '7e429e8e-7669-403d-bb78-3cd7f9f75afd', 'usr_97');
INSERT INTO trabalho.comentarios_podcast_usuario VALUES ('comment_97_2', 'Rerum eum laudantium sed corrupti aliquam quos doloremque consequatur asperiores.', '7e429e8e-7669-403d-bb78-3cd7f9f75afd', 'usr_97');
INSERT INTO trabalho.log_acesso VALUES ('log_97_2', '7e429e8e-7669-403d-bb78-3cd7f9f75afd', 'usr_97');
INSERT INTO trabalho.usuario VALUES ('usr_98', '98_PedroHenrique_Moraes33@hotmail.com', 'Pedro Henrique Moraes', 'male', 46, 'password', 'Ilha de Man');
INSERT INTO trabalho.usuario_esta_inscrito_no_podcast VALUES (3, 'c58b280a-56d4-4ad8-8c85-730e4ea86361', 'usr_98');
INSERT INTO trabalho.comentarios_podcast_usuario VALUES ('comment_98_0', 'Recusandae quod fuga corrupti eveniet quia.', 'c58b280a-56d4-4ad8-8c85-730e4ea86361', 'usr_98');
INSERT INTO trabalho.log_acesso VALUES ('log_98_0', 'c58b280a-56d4-4ad8-8c85-730e4ea86361', 'usr_98');
INSERT INTO trabalho.usuario_esta_inscrito_no_podcast VALUES (5, 'de2f0ddb-9903-436a-a5e2-54224254c818', 'usr_98');
INSERT INTO trabalho.comentarios_podcast_usuario VALUES ('comment_98_1', 'Enim in ut necessitatibus.', 'de2f0ddb-9903-436a-a5e2-54224254c818', 'usr_98');
INSERT INTO trabalho.log_acesso VALUES ('log_98_1', 'de2f0ddb-9903-436a-a5e2-54224254c818', 'usr_98');
INSERT INTO trabalho.usuario_esta_inscrito_no_podcast VALUES (2, '7e429e8e-7669-403d-bb78-3cd7f9f75afd', 'usr_98');
INSERT INTO trabalho.comentarios_podcast_usuario VALUES ('comment_98_2', 'Delectus et id molestias dolor occaecati qui dicta.', '7e429e8e-7669-403d-bb78-3cd7f9f75afd', 'usr_98');
INSERT INTO trabalho.log_acesso VALUES ('log_98_2', '7e429e8e-7669-403d-bb78-3cd7f9f75afd', 'usr_98');
INSERT INTO trabalho.usuario VALUES ('usr_99', '99_Sulen_Xavier@bol.com.br', 'Suélen Xavier', 'female', 56, 'password', 'Ilhas Faroe');
INSERT INTO trabalho.usuario_esta_inscrito_no_podcast VALUES (0, 'c58b280a-56d4-4ad8-8c85-730e4ea86361', 'usr_99');
INSERT INTO trabalho.comentarios_podcast_usuario VALUES ('comment_99_0', 'Occaecati repellendus expedita impedit quas distinctio molestiae.', 'c58b280a-56d4-4ad8-8c85-730e4ea86361', 'usr_99');
INSERT INTO trabalho.log_acesso VALUES ('log_99_0', 'c58b280a-56d4-4ad8-8c85-730e4ea86361', 'usr_99');
INSERT INTO trabalho.usuario_esta_inscrito_no_podcast VALUES (5, 'f8e13774-d631-4f34-93f0-2f5d55590265', 'usr_99');
INSERT INTO trabalho.comentarios_podcast_usuario VALUES ('comment_99_1', 'Repellat nihil est atque adipisci tempora vero.', 'f8e13774-d631-4f34-93f0-2f5d55590265', 'usr_99');
INSERT INTO trabalho.log_acesso VALUES ('log_99_1', 'f8e13774-d631-4f34-93f0-2f5d55590265', 'usr_99');
INSERT INTO trabalho.usuario_esta_inscrito_no_podcast VALUES (3, '219328a1-cec6-4e8c-b003-52a3ec9766bb', 'usr_99');
INSERT INTO trabalho.comentarios_podcast_usuario VALUES ('comment_99_2', 'Minima sint amet suscipit.', '219328a1-cec6-4e8c-b003-52a3ec9766bb', 'usr_99');
INSERT INTO trabalho.log_acesso VALUES ('log_99_2', '219328a1-cec6-4e8c-b003-52a3ec9766bb', 'usr_99');
INSERT INTO trabalho.usuario VALUES ('usr_100', '100_Joo.Carvalho33@gmail.com', 'João Carvalho', 'male', 9, 'password', 'Coreia do Norte');
INSERT INTO trabalho.usuario_esta_inscrito_no_podcast VALUES (1, '67074e68-bc2f-442b-8af2-7d328b6af6eb', 'usr_100');
INSERT INTO trabalho.comentarios_podcast_usuario VALUES ('comment_100_0', 'Dolores tenetur nihil et minima ex sit ut et.', '67074e68-bc2f-442b-8af2-7d328b6af6eb', 'usr_100');
INSERT INTO trabalho.log_acesso VALUES ('log_100_0', '67074e68-bc2f-442b-8af2-7d328b6af6eb', 'usr_100');
INSERT INTO trabalho.usuario_esta_inscrito_no_podcast VALUES (0, 'b553d865-8fe2-47de-9a30-10e1dea3bd1d', 'usr_100');
INSERT INTO trabalho.comentarios_podcast_usuario VALUES ('comment_100_1', 'Iure minus blanditiis qui velit est autem est minus saepe.', 'b553d865-8fe2-47de-9a30-10e1dea3bd1d', 'usr_100');
INSERT INTO trabalho.log_acesso VALUES ('log_100_1', 'b553d865-8fe2-47de-9a30-10e1dea3bd1d', 'usr_100');
INSERT INTO trabalho.usuario_esta_inscrito_no_podcast VALUES (3, 'f1b92ce7-47a7-43cd-8586-4a09185cdd05', 'usr_100');
INSERT INTO trabalho.comentarios_podcast_usuario VALUES ('comment_100_2', 'Consequatur aut hic atque modi voluptatem cum sapiente eos delectus.', 'f1b92ce7-47a7-43cd-8586-4a09185cdd05', 'usr_100');
INSERT INTO trabalho.log_acesso VALUES ('log_100_2', 'f1b92ce7-47a7-43cd-8586-4a09185cdd05', 'usr_100');
INSERT INTO trabalho.usuario VALUES ('usr_101', '101_Ceclia_Nogueira@yahoo.com', 'Cecília Nogueira', 'female', 51, 'password', 'Arábia Saudita');
INSERT INTO trabalho.usuario_esta_inscrito_no_podcast VALUES (0, 'b553d865-8fe2-47de-9a30-10e1dea3bd1d', 'usr_101');
INSERT INTO trabalho.comentarios_podcast_usuario VALUES ('comment_101_0', 'Placeat tenetur voluptate dicta fuga ut consequatur.', 'b553d865-8fe2-47de-9a30-10e1dea3bd1d', 'usr_101');
INSERT INTO trabalho.log_acesso VALUES ('log_101_0', 'b553d865-8fe2-47de-9a30-10e1dea3bd1d', 'usr_101');
INSERT INTO trabalho.usuario_esta_inscrito_no_podcast VALUES (0, '5bdf7377-8330-4f9f-8efd-e95301c122ce', 'usr_101');
INSERT INTO trabalho.comentarios_podcast_usuario VALUES ('comment_101_1', 'Sit eaque labore quia.', '5bdf7377-8330-4f9f-8efd-e95301c122ce', 'usr_101');
INSERT INTO trabalho.log_acesso VALUES ('log_101_1', '5bdf7377-8330-4f9f-8efd-e95301c122ce', 'usr_101');
INSERT INTO trabalho.usuario_esta_inscrito_no_podcast VALUES (0, 'af46a958-b921-47b6-9f87-5c4fdc68ea79', 'usr_101');
INSERT INTO trabalho.comentarios_podcast_usuario VALUES ('comment_101_2', 'Blanditiis non qui id voluptate perspiciatis.', 'af46a958-b921-47b6-9f87-5c4fdc68ea79', 'usr_101');
INSERT INTO trabalho.log_acesso VALUES ('log_101_2', 'af46a958-b921-47b6-9f87-5c4fdc68ea79', 'usr_101');
INSERT INTO trabalho.usuario VALUES ('usr_102', '102_Danilo.Batista99@hotmail.com', 'Danilo Batista', 'male', 39, 'password', 'Mali');
INSERT INTO trabalho.usuario_esta_inscrito_no_podcast VALUES (0, 'f0166bd2-8e4d-4308-b5d7-0b3d627c5dc5', 'usr_102');
INSERT INTO trabalho.comentarios_podcast_usuario VALUES ('comment_102_0', 'Numquam iste est esse rerum porro nihil et natus aliquam.', 'f0166bd2-8e4d-4308-b5d7-0b3d627c5dc5', 'usr_102');
INSERT INTO trabalho.log_acesso VALUES ('log_102_0', 'f0166bd2-8e4d-4308-b5d7-0b3d627c5dc5', 'usr_102');
INSERT INTO trabalho.usuario_esta_inscrito_no_podcast VALUES (2, 'c58b280a-56d4-4ad8-8c85-730e4ea86361', 'usr_102');
INSERT INTO trabalho.comentarios_podcast_usuario VALUES ('comment_102_1', 'Repudiandae eius quisquam soluta.', 'c58b280a-56d4-4ad8-8c85-730e4ea86361', 'usr_102');
INSERT INTO trabalho.log_acesso VALUES ('log_102_1', 'c58b280a-56d4-4ad8-8c85-730e4ea86361', 'usr_102');
INSERT INTO trabalho.usuario_esta_inscrito_no_podcast VALUES (5, 'f8e13774-d631-4f34-93f0-2f5d55590265', 'usr_102');
INSERT INTO trabalho.comentarios_podcast_usuario VALUES ('comment_102_2', 'Eaque eos delectus nulla sunt optio sint rerum eos quos.', 'f8e13774-d631-4f34-93f0-2f5d55590265', 'usr_102');
INSERT INTO trabalho.log_acesso VALUES ('log_102_2', 'f8e13774-d631-4f34-93f0-2f5d55590265', 'usr_102');
INSERT INTO trabalho.usuario VALUES ('usr_103', '103_Cau_Costa38@gmail.com', 'Cauã Costa', 'male', 10, 'password', 'Sri Lanka');
INSERT INTO trabalho.usuario_esta_inscrito_no_podcast VALUES (2, 'fa3abe16-3645-4d22-a01d-893e6f20c408', 'usr_103');
INSERT INTO trabalho.comentarios_podcast_usuario VALUES ('comment_103_0', 'Cum nihil tenetur quod perferendis nesciunt.', 'fa3abe16-3645-4d22-a01d-893e6f20c408', 'usr_103');
INSERT INTO trabalho.log_acesso VALUES ('log_103_0', 'fa3abe16-3645-4d22-a01d-893e6f20c408', 'usr_103');
INSERT INTO trabalho.usuario_esta_inscrito_no_podcast VALUES (4, 'c58b280a-56d4-4ad8-8c85-730e4ea86361', 'usr_103');
INSERT INTO trabalho.comentarios_podcast_usuario VALUES ('comment_103_1', 'Optio nulla sapiente asperiores fugit aut blanditiis nostrum et.', 'c58b280a-56d4-4ad8-8c85-730e4ea86361', 'usr_103');
INSERT INTO trabalho.log_acesso VALUES ('log_103_1', 'c58b280a-56d4-4ad8-8c85-730e4ea86361', 'usr_103');
INSERT INTO trabalho.usuario_esta_inscrito_no_podcast VALUES (5, 'de2f0ddb-9903-436a-a5e2-54224254c818', 'usr_103');
INSERT INTO trabalho.comentarios_podcast_usuario VALUES ('comment_103_2', 'Ut quasi hic architecto sit id.', 'de2f0ddb-9903-436a-a5e2-54224254c818', 'usr_103');
INSERT INTO trabalho.log_acesso VALUES ('log_103_2', 'de2f0ddb-9903-436a-a5e2-54224254c818', 'usr_103');
INSERT INTO trabalho.usuario VALUES ('usr_104', '104_Yango.Franco@bol.com.br', 'Yango Franco', 'male', 39, 'password', 'Mali');
INSERT INTO trabalho.usuario_esta_inscrito_no_podcast VALUES (4, 'f1b92ce7-47a7-43cd-8586-4a09185cdd05', 'usr_104');
INSERT INTO trabalho.comentarios_podcast_usuario VALUES ('comment_104_0', 'Magnam harum voluptates error eveniet.', 'f1b92ce7-47a7-43cd-8586-4a09185cdd05', 'usr_104');
INSERT INTO trabalho.log_acesso VALUES ('log_104_0', 'f1b92ce7-47a7-43cd-8586-4a09185cdd05', 'usr_104');
INSERT INTO trabalho.usuario_esta_inscrito_no_podcast VALUES (5, 'bc8dac25-793c-4a96-aafc-4ea7020f4f60', 'usr_104');
INSERT INTO trabalho.comentarios_podcast_usuario VALUES ('comment_104_1', 'Dolorum dolore perspiciatis assumenda rem natus reprehenderit recusandae ut.', 'bc8dac25-793c-4a96-aafc-4ea7020f4f60', 'usr_104');
INSERT INTO trabalho.log_acesso VALUES ('log_104_1', 'bc8dac25-793c-4a96-aafc-4ea7020f4f60', 'usr_104');
INSERT INTO trabalho.usuario_esta_inscrito_no_podcast VALUES (4, 'de2f0ddb-9903-436a-a5e2-54224254c818', 'usr_104');
INSERT INTO trabalho.comentarios_podcast_usuario VALUES ('comment_104_2', 'Non ratione est.', 'de2f0ddb-9903-436a-a5e2-54224254c818', 'usr_104');
INSERT INTO trabalho.log_acesso VALUES ('log_104_2', 'de2f0ddb-9903-436a-a5e2-54224254c818', 'usr_104');
INSERT INTO trabalho.usuario VALUES ('usr_105', '105_Gabriel_Martins38@hotmail.com', 'Gabriel Martins', 'male', 53, 'password', 'Noruega');
INSERT INTO trabalho.usuario_esta_inscrito_no_podcast VALUES (1, 'f0166bd2-8e4d-4308-b5d7-0b3d627c5dc5', 'usr_105');
INSERT INTO trabalho.comentarios_podcast_usuario VALUES ('comment_105_0', 'At sunt id dolore voluptates natus sunt fugit velit.', 'f0166bd2-8e4d-4308-b5d7-0b3d627c5dc5', 'usr_105');
INSERT INTO trabalho.log_acesso VALUES ('log_105_0', 'f0166bd2-8e4d-4308-b5d7-0b3d627c5dc5', 'usr_105');
INSERT INTO trabalho.usuario_esta_inscrito_no_podcast VALUES (4, 'fa3abe16-3645-4d22-a01d-893e6f20c408', 'usr_105');
INSERT INTO trabalho.comentarios_podcast_usuario VALUES ('comment_105_1', 'Omnis blanditiis dolorem aut iusto.', 'fa3abe16-3645-4d22-a01d-893e6f20c408', 'usr_105');
INSERT INTO trabalho.log_acesso VALUES ('log_105_1', 'fa3abe16-3645-4d22-a01d-893e6f20c408', 'usr_105');
INSERT INTO trabalho.usuario_esta_inscrito_no_podcast VALUES (4, '67074e68-bc2f-442b-8af2-7d328b6af6eb', 'usr_105');
INSERT INTO trabalho.comentarios_podcast_usuario VALUES ('comment_105_2', 'Ad voluptates aut amet dolorum eos.', '67074e68-bc2f-442b-8af2-7d328b6af6eb', 'usr_105');
INSERT INTO trabalho.log_acesso VALUES ('log_105_2', '67074e68-bc2f-442b-8af2-7d328b6af6eb', 'usr_105');
INSERT INTO trabalho.usuario VALUES ('usr_106', '106_MariaJlia_Xavier@yahoo.com', 'Maria Júlia Xavier', 'female', 43, 'password', 'Sao Tomé e Príncipe');
INSERT INTO trabalho.usuario_esta_inscrito_no_podcast VALUES (2, '219328a1-cec6-4e8c-b003-52a3ec9766bb', 'usr_106');
INSERT INTO trabalho.comentarios_podcast_usuario VALUES ('comment_106_0', 'Quia ut aut architecto deleniti nihil voluptatum officiis.', '219328a1-cec6-4e8c-b003-52a3ec9766bb', 'usr_106');
INSERT INTO trabalho.log_acesso VALUES ('log_106_0', '219328a1-cec6-4e8c-b003-52a3ec9766bb', 'usr_106');
INSERT INTO trabalho.usuario_esta_inscrito_no_podcast VALUES (3, 'f0166bd2-8e4d-4308-b5d7-0b3d627c5dc5', 'usr_106');
INSERT INTO trabalho.comentarios_podcast_usuario VALUES ('comment_106_1', 'Porro earum nihil totam et earum dolorum eum aperiam fugiat.', 'f0166bd2-8e4d-4308-b5d7-0b3d627c5dc5', 'usr_106');
INSERT INTO trabalho.log_acesso VALUES ('log_106_1', 'f0166bd2-8e4d-4308-b5d7-0b3d627c5dc5', 'usr_106');
INSERT INTO trabalho.usuario_esta_inscrito_no_podcast VALUES (0, 'bc8dac25-793c-4a96-aafc-4ea7020f4f60', 'usr_106');
INSERT INTO trabalho.comentarios_podcast_usuario VALUES ('comment_106_2', 'Expedita consequatur qui necessitatibus et.', 'bc8dac25-793c-4a96-aafc-4ea7020f4f60', 'usr_106');
INSERT INTO trabalho.log_acesso VALUES ('log_106_2', 'bc8dac25-793c-4a96-aafc-4ea7020f4f60', 'usr_106');
INSERT INTO trabalho.usuario VALUES ('usr_107', '107_Norberto_Albuquerque58@hotmail.com', 'Norberto Albuquerque', 'male', 53, 'password', 'Cabo Verde');
INSERT INTO trabalho.usuario_esta_inscrito_no_podcast VALUES (4, 'c58b280a-56d4-4ad8-8c85-730e4ea86361', 'usr_107');
INSERT INTO trabalho.comentarios_podcast_usuario VALUES ('comment_107_0', 'Sed rem nihil exercitationem aspernatur soluta adipisci harum consequatur.', 'c58b280a-56d4-4ad8-8c85-730e4ea86361', 'usr_107');
INSERT INTO trabalho.log_acesso VALUES ('log_107_0', 'c58b280a-56d4-4ad8-8c85-730e4ea86361', 'usr_107');
INSERT INTO trabalho.usuario_esta_inscrito_no_podcast VALUES (1, '67074e68-bc2f-442b-8af2-7d328b6af6eb', 'usr_107');
INSERT INTO trabalho.comentarios_podcast_usuario VALUES ('comment_107_1', 'Qui rerum vero perspiciatis cupiditate et tempora magni placeat.', '67074e68-bc2f-442b-8af2-7d328b6af6eb', 'usr_107');
INSERT INTO trabalho.log_acesso VALUES ('log_107_1', '67074e68-bc2f-442b-8af2-7d328b6af6eb', 'usr_107');
INSERT INTO trabalho.usuario_esta_inscrito_no_podcast VALUES (1, 'f8e13774-d631-4f34-93f0-2f5d55590265', 'usr_107');
INSERT INTO trabalho.comentarios_podcast_usuario VALUES ('comment_107_2', 'Praesentium dolorum vero aut sunt exercitationem et.', 'f8e13774-d631-4f34-93f0-2f5d55590265', 'usr_107');
INSERT INTO trabalho.log_acesso VALUES ('log_107_2', 'f8e13774-d631-4f34-93f0-2f5d55590265', 'usr_107');
INSERT INTO trabalho.usuario VALUES ('usr_108', '108_Nicolas84@live.com', 'Nicolas Oliveira', 'male', 33, 'password', 'Senegal');
INSERT INTO trabalho.usuario_esta_inscrito_no_podcast VALUES (0, 'fa3abe16-3645-4d22-a01d-893e6f20c408', 'usr_108');
INSERT INTO trabalho.comentarios_podcast_usuario VALUES ('comment_108_0', 'Voluptas quod tempora labore non vero quas aliquam consequatur aut.', 'fa3abe16-3645-4d22-a01d-893e6f20c408', 'usr_108');
INSERT INTO trabalho.log_acesso VALUES ('log_108_0', 'fa3abe16-3645-4d22-a01d-893e6f20c408', 'usr_108');
INSERT INTO trabalho.usuario_esta_inscrito_no_podcast VALUES (0, 'f0166bd2-8e4d-4308-b5d7-0b3d627c5dc5', 'usr_108');
INSERT INTO trabalho.comentarios_podcast_usuario VALUES ('comment_108_1', 'Et vel optio laudantium inventore magnam sint consequatur sequi occaecati.', 'f0166bd2-8e4d-4308-b5d7-0b3d627c5dc5', 'usr_108');
INSERT INTO trabalho.log_acesso VALUES ('log_108_1', 'f0166bd2-8e4d-4308-b5d7-0b3d627c5dc5', 'usr_108');
INSERT INTO trabalho.usuario_esta_inscrito_no_podcast VALUES (5, '5bdf7377-8330-4f9f-8efd-e95301c122ce', 'usr_108');
INSERT INTO trabalho.comentarios_podcast_usuario VALUES ('comment_108_2', 'Rem illum odit quo.', '5bdf7377-8330-4f9f-8efd-e95301c122ce', 'usr_108');
INSERT INTO trabalho.log_acesso VALUES ('log_108_2', '5bdf7377-8330-4f9f-8efd-e95301c122ce', 'usr_108');
INSERT INTO trabalho.usuario VALUES ('usr_109', '109_Margarida70@hotmail.com', 'Margarida Batista', 'female', 23, 'password', 'Congo');
INSERT INTO trabalho.usuario_esta_inscrito_no_podcast VALUES (1, '168c1536-4c42-4b8f-8c77-f06affefec6a', 'usr_109');
INSERT INTO trabalho.comentarios_podcast_usuario VALUES ('comment_109_0', 'Quasi temporibus voluptatem consequatur sit.', '168c1536-4c42-4b8f-8c77-f06affefec6a', 'usr_109');
INSERT INTO trabalho.log_acesso VALUES ('log_109_0', '168c1536-4c42-4b8f-8c77-f06affefec6a', 'usr_109');
INSERT INTO trabalho.usuario_esta_inscrito_no_podcast VALUES (4, 'c58b280a-56d4-4ad8-8c85-730e4ea86361', 'usr_109');
INSERT INTO trabalho.comentarios_podcast_usuario VALUES ('comment_109_1', 'Quia sit a quod quibusdam omnis.', 'c58b280a-56d4-4ad8-8c85-730e4ea86361', 'usr_109');
INSERT INTO trabalho.log_acesso VALUES ('log_109_1', 'c58b280a-56d4-4ad8-8c85-730e4ea86361', 'usr_109');
INSERT INTO trabalho.usuario_esta_inscrito_no_podcast VALUES (0, 'b553d865-8fe2-47de-9a30-10e1dea3bd1d', 'usr_109');
INSERT INTO trabalho.comentarios_podcast_usuario VALUES ('comment_109_2', 'Debitis dolorum officia aperiam temporibus quis voluptate.', 'b553d865-8fe2-47de-9a30-10e1dea3bd1d', 'usr_109');
INSERT INTO trabalho.log_acesso VALUES ('log_109_2', 'b553d865-8fe2-47de-9a30-10e1dea3bd1d', 'usr_109');
INSERT INTO trabalho.usuario VALUES ('usr_110', '110_Flix.Macedo58@hotmail.com', 'Félix Macedo', 'male', 54, 'password', 'Zimbábue');
INSERT INTO trabalho.usuario_esta_inscrito_no_podcast VALUES (2, '67074e68-bc2f-442b-8af2-7d328b6af6eb', 'usr_110');
INSERT INTO trabalho.comentarios_podcast_usuario VALUES ('comment_110_0', 'Vitae quia eum voluptatem natus praesentium dignissimos nobis eius commodi.', '67074e68-bc2f-442b-8af2-7d328b6af6eb', 'usr_110');
INSERT INTO trabalho.log_acesso VALUES ('log_110_0', '67074e68-bc2f-442b-8af2-7d328b6af6eb', 'usr_110');
INSERT INTO trabalho.usuario_esta_inscrito_no_podcast VALUES (4, 'af46a958-b921-47b6-9f87-5c4fdc68ea79', 'usr_110');
INSERT INTO trabalho.comentarios_podcast_usuario VALUES ('comment_110_1', 'Voluptatum ut esse sed vero nam animi quod labore et.', 'af46a958-b921-47b6-9f87-5c4fdc68ea79', 'usr_110');
INSERT INTO trabalho.log_acesso VALUES ('log_110_1', 'af46a958-b921-47b6-9f87-5c4fdc68ea79', 'usr_110');
INSERT INTO trabalho.usuario_esta_inscrito_no_podcast VALUES (1, 'fa3abe16-3645-4d22-a01d-893e6f20c408', 'usr_110');
INSERT INTO trabalho.comentarios_podcast_usuario VALUES ('comment_110_2', 'Est expedita quis accusamus et corporis et accusantium amet.', 'fa3abe16-3645-4d22-a01d-893e6f20c408', 'usr_110');
INSERT INTO trabalho.log_acesso VALUES ('log_110_2', 'fa3abe16-3645-4d22-a01d-893e6f20c408', 'usr_110');
INSERT INTO trabalho.usuario VALUES ('usr_111', '111_Raul.Melo@gmail.com', 'Raul Melo', 'male', 49, 'password', 'Guiné-Bissau');
INSERT INTO trabalho.usuario_esta_inscrito_no_podcast VALUES (1, '7e429e8e-7669-403d-bb78-3cd7f9f75afd', 'usr_111');
INSERT INTO trabalho.comentarios_podcast_usuario VALUES ('comment_111_0', 'Aut sed facere sed ut voluptatem.', '7e429e8e-7669-403d-bb78-3cd7f9f75afd', 'usr_111');
INSERT INTO trabalho.log_acesso VALUES ('log_111_0', '7e429e8e-7669-403d-bb78-3cd7f9f75afd', 'usr_111');
INSERT INTO trabalho.usuario_esta_inscrito_no_podcast VALUES (3, 'fa3abe16-3645-4d22-a01d-893e6f20c408', 'usr_111');
INSERT INTO trabalho.comentarios_podcast_usuario VALUES ('comment_111_1', 'Incidunt consequatur ipsum libero debitis sed voluptatem corporis.', 'fa3abe16-3645-4d22-a01d-893e6f20c408', 'usr_111');
INSERT INTO trabalho.log_acesso VALUES ('log_111_1', 'fa3abe16-3645-4d22-a01d-893e6f20c408', 'usr_111');
INSERT INTO trabalho.usuario_esta_inscrito_no_podcast VALUES (0, 'bc8dac25-793c-4a96-aafc-4ea7020f4f60', 'usr_111');
INSERT INTO trabalho.comentarios_podcast_usuario VALUES ('comment_111_2', 'Necessitatibus qui sed.', 'bc8dac25-793c-4a96-aafc-4ea7020f4f60', 'usr_111');
INSERT INTO trabalho.log_acesso VALUES ('log_111_2', 'bc8dac25-793c-4a96-aafc-4ea7020f4f60', 'usr_111');
INSERT INTO trabalho.usuario VALUES ('usr_112', '112_Nbia.Moraes@live.com', 'Núbia Moraes', 'female', 4, 'password', 'Malta');
INSERT INTO trabalho.usuario_esta_inscrito_no_podcast VALUES (3, '67074e68-bc2f-442b-8af2-7d328b6af6eb', 'usr_112');
INSERT INTO trabalho.comentarios_podcast_usuario VALUES ('comment_112_0', 'Nobis molestias perspiciatis architecto reprehenderit.', '67074e68-bc2f-442b-8af2-7d328b6af6eb', 'usr_112');
INSERT INTO trabalho.log_acesso VALUES ('log_112_0', '67074e68-bc2f-442b-8af2-7d328b6af6eb', 'usr_112');
INSERT INTO trabalho.usuario_esta_inscrito_no_podcast VALUES (2, 'c58b280a-56d4-4ad8-8c85-730e4ea86361', 'usr_112');
INSERT INTO trabalho.comentarios_podcast_usuario VALUES ('comment_112_1', 'Officia veritatis inventore et voluptatem.', 'c58b280a-56d4-4ad8-8c85-730e4ea86361', 'usr_112');
INSERT INTO trabalho.log_acesso VALUES ('log_112_1', 'c58b280a-56d4-4ad8-8c85-730e4ea86361', 'usr_112');
INSERT INTO trabalho.usuario_esta_inscrito_no_podcast VALUES (2, '7e429e8e-7669-403d-bb78-3cd7f9f75afd', 'usr_112');
INSERT INTO trabalho.comentarios_podcast_usuario VALUES ('comment_112_2', 'Aut culpa et repudiandae.', '7e429e8e-7669-403d-bb78-3cd7f9f75afd', 'usr_112');
INSERT INTO trabalho.log_acesso VALUES ('log_112_2', '7e429e8e-7669-403d-bb78-3cd7f9f75afd', 'usr_112');
INSERT INTO trabalho.usuario VALUES ('usr_113', '113_Arthur_Franco@live.com', 'Arthur Franco', 'male', 46, 'password', 'Rússia');
INSERT INTO trabalho.usuario_esta_inscrito_no_podcast VALUES (3, '5bdf7377-8330-4f9f-8efd-e95301c122ce', 'usr_113');
INSERT INTO trabalho.comentarios_podcast_usuario VALUES ('comment_113_0', 'Perferendis qui et ea aut provident adipisci.', '5bdf7377-8330-4f9f-8efd-e95301c122ce', 'usr_113');
INSERT INTO trabalho.log_acesso VALUES ('log_113_0', '5bdf7377-8330-4f9f-8efd-e95301c122ce', 'usr_113');
INSERT INTO trabalho.usuario_esta_inscrito_no_podcast VALUES (1, '7e429e8e-7669-403d-bb78-3cd7f9f75afd', 'usr_113');
INSERT INTO trabalho.comentarios_podcast_usuario VALUES ('comment_113_1', 'Vero dolorem distinctio delectus expedita doloremque.', '7e429e8e-7669-403d-bb78-3cd7f9f75afd', 'usr_113');
INSERT INTO trabalho.log_acesso VALUES ('log_113_1', '7e429e8e-7669-403d-bb78-3cd7f9f75afd', 'usr_113');
INSERT INTO trabalho.usuario_esta_inscrito_no_podcast VALUES (1, '219328a1-cec6-4e8c-b003-52a3ec9766bb', 'usr_113');
INSERT INTO trabalho.comentarios_podcast_usuario VALUES ('comment_113_2', 'Animi voluptas beatae qui natus.', '219328a1-cec6-4e8c-b003-52a3ec9766bb', 'usr_113');
INSERT INTO trabalho.log_acesso VALUES ('log_113_2', '219328a1-cec6-4e8c-b003-52a3ec9766bb', 'usr_113');
INSERT INTO trabalho.usuario VALUES ('usr_114', '114_Lvia_Carvalho38@hotmail.com', 'Lívia Carvalho', 'female', 59, 'password', 'Tunísia');
INSERT INTO trabalho.usuario_esta_inscrito_no_podcast VALUES (4, 'f8e13774-d631-4f34-93f0-2f5d55590265', 'usr_114');
INSERT INTO trabalho.comentarios_podcast_usuario VALUES ('comment_114_0', 'Dolorem quia quibusdam.', 'f8e13774-d631-4f34-93f0-2f5d55590265', 'usr_114');
INSERT INTO trabalho.log_acesso VALUES ('log_114_0', 'f8e13774-d631-4f34-93f0-2f5d55590265', 'usr_114');
INSERT INTO trabalho.usuario_esta_inscrito_no_podcast VALUES (2, 'bc8dac25-793c-4a96-aafc-4ea7020f4f60', 'usr_114');
INSERT INTO trabalho.comentarios_podcast_usuario VALUES ('comment_114_1', 'Dolore voluptatem similique reprehenderit quae.', 'bc8dac25-793c-4a96-aafc-4ea7020f4f60', 'usr_114');
INSERT INTO trabalho.log_acesso VALUES ('log_114_1', 'bc8dac25-793c-4a96-aafc-4ea7020f4f60', 'usr_114');
INSERT INTO trabalho.usuario_esta_inscrito_no_podcast VALUES (4, 'c58b280a-56d4-4ad8-8c85-730e4ea86361', 'usr_114');
INSERT INTO trabalho.comentarios_podcast_usuario VALUES ('comment_114_2', 'Veritatis nulla ut quo voluptas qui laudantium.', 'c58b280a-56d4-4ad8-8c85-730e4ea86361', 'usr_114');
INSERT INTO trabalho.log_acesso VALUES ('log_114_2', 'c58b280a-56d4-4ad8-8c85-730e4ea86361', 'usr_114');
INSERT INTO trabalho.usuario VALUES ('usr_115', '115_Felipe77@bol.com.br', 'Felipe Martins', 'male', 33, 'password', 'Hong Kong');
INSERT INTO trabalho.usuario_esta_inscrito_no_podcast VALUES (4, 'f8e13774-d631-4f34-93f0-2f5d55590265', 'usr_115');
INSERT INTO trabalho.comentarios_podcast_usuario VALUES ('comment_115_0', 'Eum aspernatur vero nulla eos itaque.', 'f8e13774-d631-4f34-93f0-2f5d55590265', 'usr_115');
INSERT INTO trabalho.log_acesso VALUES ('log_115_0', 'f8e13774-d631-4f34-93f0-2f5d55590265', 'usr_115');
INSERT INTO trabalho.usuario_esta_inscrito_no_podcast VALUES (0, '5bdf7377-8330-4f9f-8efd-e95301c122ce', 'usr_115');
INSERT INTO trabalho.comentarios_podcast_usuario VALUES ('comment_115_1', 'Qui et fuga aut non odit quaerat iure.', '5bdf7377-8330-4f9f-8efd-e95301c122ce', 'usr_115');
INSERT INTO trabalho.log_acesso VALUES ('log_115_1', '5bdf7377-8330-4f9f-8efd-e95301c122ce', 'usr_115');
INSERT INTO trabalho.usuario_esta_inscrito_no_podcast VALUES (4, 'af46a958-b921-47b6-9f87-5c4fdc68ea79', 'usr_115');
INSERT INTO trabalho.comentarios_podcast_usuario VALUES ('comment_115_2', 'Occaecati qui quos illo dolorum.', 'af46a958-b921-47b6-9f87-5c4fdc68ea79', 'usr_115');
INSERT INTO trabalho.log_acesso VALUES ('log_115_2', 'af46a958-b921-47b6-9f87-5c4fdc68ea79', 'usr_115');
INSERT INTO trabalho.usuario VALUES ('usr_116', '116_Samuel.Franco16@hotmail.com', 'Samuel Franco', 'male', 13, 'password', 'Áustria');
INSERT INTO trabalho.usuario_esta_inscrito_no_podcast VALUES (3, 'bc8dac25-793c-4a96-aafc-4ea7020f4f60', 'usr_116');
INSERT INTO trabalho.comentarios_podcast_usuario VALUES ('comment_116_0', 'Et exercitationem voluptas.', 'bc8dac25-793c-4a96-aafc-4ea7020f4f60', 'usr_116');
INSERT INTO trabalho.log_acesso VALUES ('log_116_0', 'bc8dac25-793c-4a96-aafc-4ea7020f4f60', 'usr_116');
INSERT INTO trabalho.usuario_esta_inscrito_no_podcast VALUES (2, 'fa3abe16-3645-4d22-a01d-893e6f20c408', 'usr_116');
INSERT INTO trabalho.comentarios_podcast_usuario VALUES ('comment_116_1', 'A excepturi fuga ut enim et earum non.', 'fa3abe16-3645-4d22-a01d-893e6f20c408', 'usr_116');
INSERT INTO trabalho.log_acesso VALUES ('log_116_1', 'fa3abe16-3645-4d22-a01d-893e6f20c408', 'usr_116');
INSERT INTO trabalho.usuario_esta_inscrito_no_podcast VALUES (2, 'de2f0ddb-9903-436a-a5e2-54224254c818', 'usr_116');
INSERT INTO trabalho.comentarios_podcast_usuario VALUES ('comment_116_2', 'Et voluptatibus alias.', 'de2f0ddb-9903-436a-a5e2-54224254c818', 'usr_116');
INSERT INTO trabalho.log_acesso VALUES ('log_116_2', 'de2f0ddb-9903-436a-a5e2-54224254c818', 'usr_116');
INSERT INTO trabalho.usuario VALUES ('usr_117', '117_Henrique.Macedo12@gmail.com', 'Henrique Macedo', 'male', 57, 'password', 'Haiti');
INSERT INTO trabalho.usuario_esta_inscrito_no_podcast VALUES (0, '219328a1-cec6-4e8c-b003-52a3ec9766bb', 'usr_117');
INSERT INTO trabalho.comentarios_podcast_usuario VALUES ('comment_117_0', 'Quibusdam et molestias rerum aut fuga deleniti nam deserunt.', '219328a1-cec6-4e8c-b003-52a3ec9766bb', 'usr_117');
INSERT INTO trabalho.log_acesso VALUES ('log_117_0', '219328a1-cec6-4e8c-b003-52a3ec9766bb', 'usr_117');
INSERT INTO trabalho.usuario_esta_inscrito_no_podcast VALUES (4, 'fa3abe16-3645-4d22-a01d-893e6f20c408', 'usr_117');
INSERT INTO trabalho.comentarios_podcast_usuario VALUES ('comment_117_1', 'Iusto ipsum perspiciatis id assumenda consectetur doloribus quia.', 'fa3abe16-3645-4d22-a01d-893e6f20c408', 'usr_117');
INSERT INTO trabalho.log_acesso VALUES ('log_117_1', 'fa3abe16-3645-4d22-a01d-893e6f20c408', 'usr_117');
INSERT INTO trabalho.usuario_esta_inscrito_no_podcast VALUES (5, '67074e68-bc2f-442b-8af2-7d328b6af6eb', 'usr_117');
INSERT INTO trabalho.comentarios_podcast_usuario VALUES ('comment_117_2', 'Distinctio quibusdam omnis consequuntur tenetur aspernatur dolor reprehenderit excepturi.', '67074e68-bc2f-442b-8af2-7d328b6af6eb', 'usr_117');
INSERT INTO trabalho.log_acesso VALUES ('log_117_2', '67074e68-bc2f-442b-8af2-7d328b6af6eb', 'usr_117');
INSERT INTO trabalho.usuario VALUES ('usr_118', '118_JooLucas.Souza49@hotmail.com', 'João Lucas Souza', 'male', 20, 'password', 'Egito');
INSERT INTO trabalho.usuario_esta_inscrito_no_podcast VALUES (3, '168c1536-4c42-4b8f-8c77-f06affefec6a', 'usr_118');
INSERT INTO trabalho.comentarios_podcast_usuario VALUES ('comment_118_0', 'Nemo sequi tempore et minus natus et earum.', '168c1536-4c42-4b8f-8c77-f06affefec6a', 'usr_118');
INSERT INTO trabalho.log_acesso VALUES ('log_118_0', '168c1536-4c42-4b8f-8c77-f06affefec6a', 'usr_118');
INSERT INTO trabalho.usuario_esta_inscrito_no_podcast VALUES (5, 'b553d865-8fe2-47de-9a30-10e1dea3bd1d', 'usr_118');
INSERT INTO trabalho.comentarios_podcast_usuario VALUES ('comment_118_1', 'Praesentium sit est.', 'b553d865-8fe2-47de-9a30-10e1dea3bd1d', 'usr_118');
INSERT INTO trabalho.log_acesso VALUES ('log_118_1', 'b553d865-8fe2-47de-9a30-10e1dea3bd1d', 'usr_118');
INSERT INTO trabalho.usuario_esta_inscrito_no_podcast VALUES (5, 'bc8dac25-793c-4a96-aafc-4ea7020f4f60', 'usr_118');
INSERT INTO trabalho.comentarios_podcast_usuario VALUES ('comment_118_2', 'Eos unde in aspernatur aperiam incidunt et.', 'bc8dac25-793c-4a96-aafc-4ea7020f4f60', 'usr_118');
INSERT INTO trabalho.log_acesso VALUES ('log_118_2', 'bc8dac25-793c-4a96-aafc-4ea7020f4f60', 'usr_118');
INSERT INTO trabalho.usuario VALUES ('usr_119', '119_Mariana27@hotmail.com', 'Mariana Costa', 'female', 47, 'password', 'Uruguai');
INSERT INTO trabalho.usuario_esta_inscrito_no_podcast VALUES (3, 'de2f0ddb-9903-436a-a5e2-54224254c818', 'usr_119');
INSERT INTO trabalho.comentarios_podcast_usuario VALUES ('comment_119_0', 'Velit soluta esse quia ducimus molestiae nobis porro.', 'de2f0ddb-9903-436a-a5e2-54224254c818', 'usr_119');
INSERT INTO trabalho.log_acesso VALUES ('log_119_0', 'de2f0ddb-9903-436a-a5e2-54224254c818', 'usr_119');
INSERT INTO trabalho.usuario_esta_inscrito_no_podcast VALUES (5, 'f1b92ce7-47a7-43cd-8586-4a09185cdd05', 'usr_119');
INSERT INTO trabalho.comentarios_podcast_usuario VALUES ('comment_119_1', 'Quo excepturi ipsam ab aut a error laboriosam in.', 'f1b92ce7-47a7-43cd-8586-4a09185cdd05', 'usr_119');
INSERT INTO trabalho.log_acesso VALUES ('log_119_1', 'f1b92ce7-47a7-43cd-8586-4a09185cdd05', 'usr_119');
INSERT INTO trabalho.usuario_esta_inscrito_no_podcast VALUES (3, 'f8e13774-d631-4f34-93f0-2f5d55590265', 'usr_119');
INSERT INTO trabalho.comentarios_podcast_usuario VALUES ('comment_119_2', 'Repudiandae ipsa totam molestiae voluptates officiis iste voluptatum.', 'f8e13774-d631-4f34-93f0-2f5d55590265', 'usr_119');
INSERT INTO trabalho.log_acesso VALUES ('log_119_2', 'f8e13774-d631-4f34-93f0-2f5d55590265', 'usr_119');
INSERT INTO trabalho.usuario VALUES ('usr_120', '120_Larissa_Nogueira@hotmail.com', 'Larissa Nogueira', 'female', 7, 'password', 'Dinamarca');
INSERT INTO trabalho.usuario_esta_inscrito_no_podcast VALUES (4, 'b553d865-8fe2-47de-9a30-10e1dea3bd1d', 'usr_120');
INSERT INTO trabalho.comentarios_podcast_usuario VALUES ('comment_120_0', 'Quia aliquam modi illo officia.', 'b553d865-8fe2-47de-9a30-10e1dea3bd1d', 'usr_120');
INSERT INTO trabalho.log_acesso VALUES ('log_120_0', 'b553d865-8fe2-47de-9a30-10e1dea3bd1d', 'usr_120');
INSERT INTO trabalho.usuario_esta_inscrito_no_podcast VALUES (5, 'bc8dac25-793c-4a96-aafc-4ea7020f4f60', 'usr_120');
INSERT INTO trabalho.comentarios_podcast_usuario VALUES ('comment_120_1', 'Et non possimus.', 'bc8dac25-793c-4a96-aafc-4ea7020f4f60', 'usr_120');
INSERT INTO trabalho.log_acesso VALUES ('log_120_1', 'bc8dac25-793c-4a96-aafc-4ea7020f4f60', 'usr_120');
INSERT INTO trabalho.usuario_esta_inscrito_no_podcast VALUES (2, 'f8e13774-d631-4f34-93f0-2f5d55590265', 'usr_120');
INSERT INTO trabalho.comentarios_podcast_usuario VALUES ('comment_120_2', 'Modi magni omnis quis ut doloremque libero est facilis velit.', 'f8e13774-d631-4f34-93f0-2f5d55590265', 'usr_120');
INSERT INTO trabalho.log_acesso VALUES ('log_120_2', 'f8e13774-d631-4f34-93f0-2f5d55590265', 'usr_120');
INSERT INTO trabalho.usuario VALUES ('usr_121', '121_Pablo_Macedo51@hotmail.com', 'Pablo Macedo', 'male', 58, 'password', 'São Bartolomeu');
INSERT INTO trabalho.usuario_esta_inscrito_no_podcast VALUES (4, '5bdf7377-8330-4f9f-8efd-e95301c122ce', 'usr_121');
INSERT INTO trabalho.comentarios_podcast_usuario VALUES ('comment_121_0', 'Ratione similique sequi qui ut quia quia.', '5bdf7377-8330-4f9f-8efd-e95301c122ce', 'usr_121');
INSERT INTO trabalho.log_acesso VALUES ('log_121_0', '5bdf7377-8330-4f9f-8efd-e95301c122ce', 'usr_121');
INSERT INTO trabalho.usuario_esta_inscrito_no_podcast VALUES (2, 'c58b280a-56d4-4ad8-8c85-730e4ea86361', 'usr_121');
INSERT INTO trabalho.comentarios_podcast_usuario VALUES ('comment_121_1', 'Voluptas quam molestias omnis iure ipsa.', 'c58b280a-56d4-4ad8-8c85-730e4ea86361', 'usr_121');
INSERT INTO trabalho.log_acesso VALUES ('log_121_1', 'c58b280a-56d4-4ad8-8c85-730e4ea86361', 'usr_121');
INSERT INTO trabalho.usuario_esta_inscrito_no_podcast VALUES (0, '168c1536-4c42-4b8f-8c77-f06affefec6a', 'usr_121');
INSERT INTO trabalho.comentarios_podcast_usuario VALUES ('comment_121_2', 'Facere non qui ut magnam reiciendis dolores.', '168c1536-4c42-4b8f-8c77-f06affefec6a', 'usr_121');
INSERT INTO trabalho.log_acesso VALUES ('log_121_2', '168c1536-4c42-4b8f-8c77-f06affefec6a', 'usr_121');
INSERT INTO trabalho.usuario VALUES ('usr_122', '122_Fabrcia_Braga59@gmail.com', 'Fabrícia Braga', 'female', 17, 'password', 'Moldávia');
INSERT INTO trabalho.usuario_esta_inscrito_no_podcast VALUES (3, 'af46a958-b921-47b6-9f87-5c4fdc68ea79', 'usr_122');
INSERT INTO trabalho.comentarios_podcast_usuario VALUES ('comment_122_0', 'Optio suscipit voluptatem aliquam porro ea sit similique earum.', 'af46a958-b921-47b6-9f87-5c4fdc68ea79', 'usr_122');
INSERT INTO trabalho.log_acesso VALUES ('log_122_0', 'af46a958-b921-47b6-9f87-5c4fdc68ea79', 'usr_122');
INSERT INTO trabalho.usuario_esta_inscrito_no_podcast VALUES (3, 'f8e13774-d631-4f34-93f0-2f5d55590265', 'usr_122');
INSERT INTO trabalho.comentarios_podcast_usuario VALUES ('comment_122_1', 'Consequatur dolores sed officia voluptas.', 'f8e13774-d631-4f34-93f0-2f5d55590265', 'usr_122');
INSERT INTO trabalho.log_acesso VALUES ('log_122_1', 'f8e13774-d631-4f34-93f0-2f5d55590265', 'usr_122');
INSERT INTO trabalho.usuario_esta_inscrito_no_podcast VALUES (5, 'bc8dac25-793c-4a96-aafc-4ea7020f4f60', 'usr_122');
INSERT INTO trabalho.comentarios_podcast_usuario VALUES ('comment_122_2', 'Quam sunt beatae cumque hic.', 'bc8dac25-793c-4a96-aafc-4ea7020f4f60', 'usr_122');
INSERT INTO trabalho.log_acesso VALUES ('log_122_2', 'bc8dac25-793c-4a96-aafc-4ea7020f4f60', 'usr_122');
INSERT INTO trabalho.usuario VALUES ('usr_123', '123_Joo76@hotmail.com', 'João Moreira', 'male', 24, 'password', 'Moldávia');
INSERT INTO trabalho.usuario_esta_inscrito_no_podcast VALUES (5, 'fa3abe16-3645-4d22-a01d-893e6f20c408', 'usr_123');
INSERT INTO trabalho.comentarios_podcast_usuario VALUES ('comment_123_0', 'Enim doloribus eligendi adipisci temporibus rerum aliquam sunt velit quae.', 'fa3abe16-3645-4d22-a01d-893e6f20c408', 'usr_123');
INSERT INTO trabalho.log_acesso VALUES ('log_123_0', 'fa3abe16-3645-4d22-a01d-893e6f20c408', 'usr_123');
INSERT INTO trabalho.usuario_esta_inscrito_no_podcast VALUES (0, '7e429e8e-7669-403d-bb78-3cd7f9f75afd', 'usr_123');
INSERT INTO trabalho.comentarios_podcast_usuario VALUES ('comment_123_1', 'Asperiores facere maxime pariatur quam.', '7e429e8e-7669-403d-bb78-3cd7f9f75afd', 'usr_123');
INSERT INTO trabalho.log_acesso VALUES ('log_123_1', '7e429e8e-7669-403d-bb78-3cd7f9f75afd', 'usr_123');
INSERT INTO trabalho.usuario_esta_inscrito_no_podcast VALUES (3, '168c1536-4c42-4b8f-8c77-f06affefec6a', 'usr_123');
INSERT INTO trabalho.comentarios_podcast_usuario VALUES ('comment_123_2', 'Perspiciatis corporis debitis mollitia tenetur dolorem.', '168c1536-4c42-4b8f-8c77-f06affefec6a', 'usr_123');
INSERT INTO trabalho.log_acesso VALUES ('log_123_2', '168c1536-4c42-4b8f-8c77-f06affefec6a', 'usr_123');
INSERT INTO trabalho.usuario VALUES ('usr_124', '124_gor.Oliveira98@gmail.com', 'Ígor Oliveira', 'male', 37, 'password', 'Ilhas Geórgia do Sul e Sandwich do Sul');
INSERT INTO trabalho.usuario_esta_inscrito_no_podcast VALUES (4, 'f0166bd2-8e4d-4308-b5d7-0b3d627c5dc5', 'usr_124');
INSERT INTO trabalho.comentarios_podcast_usuario VALUES ('comment_124_0', 'Magni occaecati omnis iusto est qui.', 'f0166bd2-8e4d-4308-b5d7-0b3d627c5dc5', 'usr_124');
INSERT INTO trabalho.log_acesso VALUES ('log_124_0', 'f0166bd2-8e4d-4308-b5d7-0b3d627c5dc5', 'usr_124');
INSERT INTO trabalho.usuario_esta_inscrito_no_podcast VALUES (1, 'fa3abe16-3645-4d22-a01d-893e6f20c408', 'usr_124');
INSERT INTO trabalho.comentarios_podcast_usuario VALUES ('comment_124_1', 'Voluptatem quos quod et amet dolorem repudiandae atque ea cum.', 'fa3abe16-3645-4d22-a01d-893e6f20c408', 'usr_124');
INSERT INTO trabalho.log_acesso VALUES ('log_124_1', 'fa3abe16-3645-4d22-a01d-893e6f20c408', 'usr_124');
INSERT INTO trabalho.usuario_esta_inscrito_no_podcast VALUES (5, '168c1536-4c42-4b8f-8c77-f06affefec6a', 'usr_124');
INSERT INTO trabalho.comentarios_podcast_usuario VALUES ('comment_124_2', 'Doloremque in officiis dolores ad et quos asperiores voluptate.', '168c1536-4c42-4b8f-8c77-f06affefec6a', 'usr_124');
INSERT INTO trabalho.log_acesso VALUES ('log_124_2', '168c1536-4c42-4b8f-8c77-f06affefec6a', 'usr_124');
INSERT INTO trabalho.usuario VALUES ('usr_125', '125_Vctor_Moreira52@live.com', 'Víctor Moreira', 'male', 42, 'password', 'Latvia');
INSERT INTO trabalho.usuario_esta_inscrito_no_podcast VALUES (4, '7e429e8e-7669-403d-bb78-3cd7f9f75afd', 'usr_125');
INSERT INTO trabalho.comentarios_podcast_usuario VALUES ('comment_125_0', 'Fugit asperiores quam rerum voluptate et quisquam rem modi iusto.', '7e429e8e-7669-403d-bb78-3cd7f9f75afd', 'usr_125');
INSERT INTO trabalho.log_acesso VALUES ('log_125_0', '7e429e8e-7669-403d-bb78-3cd7f9f75afd', 'usr_125');
INSERT INTO trabalho.usuario_esta_inscrito_no_podcast VALUES (3, '67074e68-bc2f-442b-8af2-7d328b6af6eb', 'usr_125');
INSERT INTO trabalho.comentarios_podcast_usuario VALUES ('comment_125_1', 'Modi est itaque omnis est error praesentium blanditiis totam.', '67074e68-bc2f-442b-8af2-7d328b6af6eb', 'usr_125');
INSERT INTO trabalho.log_acesso VALUES ('log_125_1', '67074e68-bc2f-442b-8af2-7d328b6af6eb', 'usr_125');
INSERT INTO trabalho.usuario_esta_inscrito_no_podcast VALUES (0, 'f1b92ce7-47a7-43cd-8586-4a09185cdd05', 'usr_125');
INSERT INTO trabalho.comentarios_podcast_usuario VALUES ('comment_125_2', 'Molestias eum necessitatibus quo est odit ea.', 'f1b92ce7-47a7-43cd-8586-4a09185cdd05', 'usr_125');
INSERT INTO trabalho.log_acesso VALUES ('log_125_2', 'f1b92ce7-47a7-43cd-8586-4a09185cdd05', 'usr_125');
INSERT INTO trabalho.usuario VALUES ('usr_126', '126_Bencio_Pereira63@gmail.com', 'Benício Pereira', 'male', 45, 'password', 'Luxemburgo');
INSERT INTO trabalho.usuario_esta_inscrito_no_podcast VALUES (0, '7e429e8e-7669-403d-bb78-3cd7f9f75afd', 'usr_126');
INSERT INTO trabalho.comentarios_podcast_usuario VALUES ('comment_126_0', 'Sit repellat sit.', '7e429e8e-7669-403d-bb78-3cd7f9f75afd', 'usr_126');
INSERT INTO trabalho.log_acesso VALUES ('log_126_0', '7e429e8e-7669-403d-bb78-3cd7f9f75afd', 'usr_126');
INSERT INTO trabalho.usuario_esta_inscrito_no_podcast VALUES (4, 'de2f0ddb-9903-436a-a5e2-54224254c818', 'usr_126');
INSERT INTO trabalho.comentarios_podcast_usuario VALUES ('comment_126_1', 'Ipsa beatae eligendi corrupti delectus consectetur quia.', 'de2f0ddb-9903-436a-a5e2-54224254c818', 'usr_126');
INSERT INTO trabalho.log_acesso VALUES ('log_126_1', 'de2f0ddb-9903-436a-a5e2-54224254c818', 'usr_126');
INSERT INTO trabalho.usuario_esta_inscrito_no_podcast VALUES (3, 'af46a958-b921-47b6-9f87-5c4fdc68ea79', 'usr_126');
INSERT INTO trabalho.comentarios_podcast_usuario VALUES ('comment_126_2', 'Est et voluptatem nemo dicta.', 'af46a958-b921-47b6-9f87-5c4fdc68ea79', 'usr_126');
INSERT INTO trabalho.log_acesso VALUES ('log_126_2', 'af46a958-b921-47b6-9f87-5c4fdc68ea79', 'usr_126');
INSERT INTO trabalho.usuario VALUES ('usr_127', '127_Hlio_Batista91@yahoo.com', 'Hélio Batista', 'male', 11, 'password', 'Montserrat');
INSERT INTO trabalho.usuario_esta_inscrito_no_podcast VALUES (1, 'f8e13774-d631-4f34-93f0-2f5d55590265', 'usr_127');
INSERT INTO trabalho.comentarios_podcast_usuario VALUES ('comment_127_0', 'Aperiam sint modi eos eaque.', 'f8e13774-d631-4f34-93f0-2f5d55590265', 'usr_127');
INSERT INTO trabalho.log_acesso VALUES ('log_127_0', 'f8e13774-d631-4f34-93f0-2f5d55590265', 'usr_127');
INSERT INTO trabalho.usuario_esta_inscrito_no_podcast VALUES (2, 'f1b92ce7-47a7-43cd-8586-4a09185cdd05', 'usr_127');
INSERT INTO trabalho.comentarios_podcast_usuario VALUES ('comment_127_1', 'Eius ea voluptas ut illo.', 'f1b92ce7-47a7-43cd-8586-4a09185cdd05', 'usr_127');
INSERT INTO trabalho.log_acesso VALUES ('log_127_1', 'f1b92ce7-47a7-43cd-8586-4a09185cdd05', 'usr_127');
INSERT INTO trabalho.usuario_esta_inscrito_no_podcast VALUES (0, '219328a1-cec6-4e8c-b003-52a3ec9766bb', 'usr_127');
INSERT INTO trabalho.comentarios_podcast_usuario VALUES ('comment_127_2', 'Eos dolores cupiditate minima quo mollitia minima.', '219328a1-cec6-4e8c-b003-52a3ec9766bb', 'usr_127');
INSERT INTO trabalho.log_acesso VALUES ('log_127_2', '219328a1-cec6-4e8c-b003-52a3ec9766bb', 'usr_127');
INSERT INTO trabalho.usuario VALUES ('usr_128', '128_Carlos72@hotmail.com', 'Carlos Martins', 'male', 28, 'password', 'Panamá');
INSERT INTO trabalho.usuario_esta_inscrito_no_podcast VALUES (2, '7e429e8e-7669-403d-bb78-3cd7f9f75afd', 'usr_128');
INSERT INTO trabalho.comentarios_podcast_usuario VALUES ('comment_128_0', 'Omnis molestias voluptate quasi mollitia illo sequi voluptatem et consectetur.', '7e429e8e-7669-403d-bb78-3cd7f9f75afd', 'usr_128');
INSERT INTO trabalho.log_acesso VALUES ('log_128_0', '7e429e8e-7669-403d-bb78-3cd7f9f75afd', 'usr_128');
INSERT INTO trabalho.usuario_esta_inscrito_no_podcast VALUES (3, 'c58b280a-56d4-4ad8-8c85-730e4ea86361', 'usr_128');
INSERT INTO trabalho.comentarios_podcast_usuario VALUES ('comment_128_1', 'Est autem quidem minus aut recusandae accusantium dolorem.', 'c58b280a-56d4-4ad8-8c85-730e4ea86361', 'usr_128');
INSERT INTO trabalho.log_acesso VALUES ('log_128_1', 'c58b280a-56d4-4ad8-8c85-730e4ea86361', 'usr_128');
INSERT INTO trabalho.usuario_esta_inscrito_no_podcast VALUES (3, '5bdf7377-8330-4f9f-8efd-e95301c122ce', 'usr_128');
INSERT INTO trabalho.comentarios_podcast_usuario VALUES ('comment_128_2', 'Quasi eum fuga ut perferendis quae.', '5bdf7377-8330-4f9f-8efd-e95301c122ce', 'usr_128');
INSERT INTO trabalho.log_acesso VALUES ('log_128_2', '5bdf7377-8330-4f9f-8efd-e95301c122ce', 'usr_128');
INSERT INTO trabalho.usuario VALUES ('usr_129', '129_Fbio.Xavier65@live.com', 'Fábio Xavier', 'male', 55, 'password', 'Coreia do Sul');
INSERT INTO trabalho.usuario_esta_inscrito_no_podcast VALUES (4, '67074e68-bc2f-442b-8af2-7d328b6af6eb', 'usr_129');
INSERT INTO trabalho.comentarios_podcast_usuario VALUES ('comment_129_0', 'Earum tenetur impedit quasi voluptatum.', '67074e68-bc2f-442b-8af2-7d328b6af6eb', 'usr_129');
INSERT INTO trabalho.log_acesso VALUES ('log_129_0', '67074e68-bc2f-442b-8af2-7d328b6af6eb', 'usr_129');
INSERT INTO trabalho.usuario_esta_inscrito_no_podcast VALUES (3, 'b553d865-8fe2-47de-9a30-10e1dea3bd1d', 'usr_129');
INSERT INTO trabalho.comentarios_podcast_usuario VALUES ('comment_129_1', 'Est eaque qui distinctio ut nisi harum consectetur maxime.', 'b553d865-8fe2-47de-9a30-10e1dea3bd1d', 'usr_129');
INSERT INTO trabalho.log_acesso VALUES ('log_129_1', 'b553d865-8fe2-47de-9a30-10e1dea3bd1d', 'usr_129');
INSERT INTO trabalho.usuario_esta_inscrito_no_podcast VALUES (3, 'f8e13774-d631-4f34-93f0-2f5d55590265', 'usr_129');
INSERT INTO trabalho.comentarios_podcast_usuario VALUES ('comment_129_2', 'Porro numquam ut qui cumque error ipsam.', 'f8e13774-d631-4f34-93f0-2f5d55590265', 'usr_129');
INSERT INTO trabalho.log_acesso VALUES ('log_129_2', 'f8e13774-d631-4f34-93f0-2f5d55590265', 'usr_129');
INSERT INTO trabalho.usuario VALUES ('usr_130', '130_Guilherme.Carvalho@live.com', 'Guilherme Carvalho', 'male', 34, 'password', 'Liechtenstein');
INSERT INTO trabalho.usuario_esta_inscrito_no_podcast VALUES (5, 'f1b92ce7-47a7-43cd-8586-4a09185cdd05', 'usr_130');
INSERT INTO trabalho.comentarios_podcast_usuario VALUES ('comment_130_0', 'Exercitationem laboriosam culpa est id et explicabo.', 'f1b92ce7-47a7-43cd-8586-4a09185cdd05', 'usr_130');
INSERT INTO trabalho.log_acesso VALUES ('log_130_0', 'f1b92ce7-47a7-43cd-8586-4a09185cdd05', 'usr_130');
INSERT INTO trabalho.usuario_esta_inscrito_no_podcast VALUES (1, '67074e68-bc2f-442b-8af2-7d328b6af6eb', 'usr_130');
INSERT INTO trabalho.comentarios_podcast_usuario VALUES ('comment_130_1', 'Neque voluptas earum doloremque recusandae.', '67074e68-bc2f-442b-8af2-7d328b6af6eb', 'usr_130');
INSERT INTO trabalho.log_acesso VALUES ('log_130_1', '67074e68-bc2f-442b-8af2-7d328b6af6eb', 'usr_130');
INSERT INTO trabalho.usuario_esta_inscrito_no_podcast VALUES (4, 'bc8dac25-793c-4a96-aafc-4ea7020f4f60', 'usr_130');
INSERT INTO trabalho.comentarios_podcast_usuario VALUES ('comment_130_2', 'Nobis quisquam tenetur eligendi sunt exercitationem culpa.', 'bc8dac25-793c-4a96-aafc-4ea7020f4f60', 'usr_130');
INSERT INTO trabalho.log_acesso VALUES ('log_130_2', 'bc8dac25-793c-4a96-aafc-4ea7020f4f60', 'usr_130');
INSERT INTO trabalho.usuario VALUES ('usr_131', '131_Helena_Xavier@gmail.com', 'Helena Xavier', 'female', 13, 'password', 'Argentina');
INSERT INTO trabalho.usuario_esta_inscrito_no_podcast VALUES (1, 'f8e13774-d631-4f34-93f0-2f5d55590265', 'usr_131');
INSERT INTO trabalho.comentarios_podcast_usuario VALUES ('comment_131_0', 'Qui saepe quia odio accusantium expedita dolores consequuntur reiciendis numquam.', 'f8e13774-d631-4f34-93f0-2f5d55590265', 'usr_131');
INSERT INTO trabalho.log_acesso VALUES ('log_131_0', 'f8e13774-d631-4f34-93f0-2f5d55590265', 'usr_131');
INSERT INTO trabalho.usuario_esta_inscrito_no_podcast VALUES (2, 'c58b280a-56d4-4ad8-8c85-730e4ea86361', 'usr_131');
INSERT INTO trabalho.comentarios_podcast_usuario VALUES ('comment_131_1', 'Quasi quisquam ipsa iste nobis provident id nam.', 'c58b280a-56d4-4ad8-8c85-730e4ea86361', 'usr_131');
INSERT INTO trabalho.log_acesso VALUES ('log_131_1', 'c58b280a-56d4-4ad8-8c85-730e4ea86361', 'usr_131');
INSERT INTO trabalho.usuario_esta_inscrito_no_podcast VALUES (3, '67074e68-bc2f-442b-8af2-7d328b6af6eb', 'usr_131');
INSERT INTO trabalho.comentarios_podcast_usuario VALUES ('comment_131_2', 'Ab debitis cupiditate illum odit optio non molestias.', '67074e68-bc2f-442b-8af2-7d328b6af6eb', 'usr_131');
INSERT INTO trabalho.log_acesso VALUES ('log_131_2', '67074e68-bc2f-442b-8af2-7d328b6af6eb', 'usr_131');
INSERT INTO trabalho.usuario VALUES ('usr_132', '132_Fabiano.Saraiva27@gmail.com', 'Fabiano Saraiva', 'male', 54, 'password', 'Nigéria');
INSERT INTO trabalho.usuario_esta_inscrito_no_podcast VALUES (5, '67074e68-bc2f-442b-8af2-7d328b6af6eb', 'usr_132');
INSERT INTO trabalho.comentarios_podcast_usuario VALUES ('comment_132_0', 'Ut qui omnis beatae sint officia.', '67074e68-bc2f-442b-8af2-7d328b6af6eb', 'usr_132');
INSERT INTO trabalho.log_acesso VALUES ('log_132_0', '67074e68-bc2f-442b-8af2-7d328b6af6eb', 'usr_132');
INSERT INTO trabalho.usuario_esta_inscrito_no_podcast VALUES (2, 'de2f0ddb-9903-436a-a5e2-54224254c818', 'usr_132');
INSERT INTO trabalho.comentarios_podcast_usuario VALUES ('comment_132_1', 'Officiis placeat incidunt incidunt.', 'de2f0ddb-9903-436a-a5e2-54224254c818', 'usr_132');
INSERT INTO trabalho.log_acesso VALUES ('log_132_1', 'de2f0ddb-9903-436a-a5e2-54224254c818', 'usr_132');
INSERT INTO trabalho.usuario_esta_inscrito_no_podcast VALUES (5, '7e429e8e-7669-403d-bb78-3cd7f9f75afd', 'usr_132');
INSERT INTO trabalho.comentarios_podcast_usuario VALUES ('comment_132_2', 'Pariatur nulla voluptatem tempore et.', '7e429e8e-7669-403d-bb78-3cd7f9f75afd', 'usr_132');
INSERT INTO trabalho.log_acesso VALUES ('log_132_2', '7e429e8e-7669-403d-bb78-3cd7f9f75afd', 'usr_132');
INSERT INTO trabalho.usuario VALUES ('usr_133', '133_MariaLuiza20@bol.com.br', 'Maria Luiza Saraiva', 'female', 40, 'password', 'Chipre');
INSERT INTO trabalho.usuario_esta_inscrito_no_podcast VALUES (1, '67074e68-bc2f-442b-8af2-7d328b6af6eb', 'usr_133');
INSERT INTO trabalho.comentarios_podcast_usuario VALUES ('comment_133_0', 'Nulla omnis ut.', '67074e68-bc2f-442b-8af2-7d328b6af6eb', 'usr_133');
INSERT INTO trabalho.log_acesso VALUES ('log_133_0', '67074e68-bc2f-442b-8af2-7d328b6af6eb', 'usr_133');
INSERT INTO trabalho.usuario_esta_inscrito_no_podcast VALUES (4, 'f0166bd2-8e4d-4308-b5d7-0b3d627c5dc5', 'usr_133');
INSERT INTO trabalho.comentarios_podcast_usuario VALUES ('comment_133_1', 'Enim sed qui ut consequatur nostrum.', 'f0166bd2-8e4d-4308-b5d7-0b3d627c5dc5', 'usr_133');
INSERT INTO trabalho.log_acesso VALUES ('log_133_1', 'f0166bd2-8e4d-4308-b5d7-0b3d627c5dc5', 'usr_133');
INSERT INTO trabalho.usuario_esta_inscrito_no_podcast VALUES (1, 'de2f0ddb-9903-436a-a5e2-54224254c818', 'usr_133');
INSERT INTO trabalho.comentarios_podcast_usuario VALUES ('comment_133_2', 'Rerum culpa tenetur molestiae ad.', 'de2f0ddb-9903-436a-a5e2-54224254c818', 'usr_133');
INSERT INTO trabalho.log_acesso VALUES ('log_133_2', 'de2f0ddb-9903-436a-a5e2-54224254c818', 'usr_133');
INSERT INTO trabalho.usuario VALUES ('usr_134', '134_Daniel90@live.com', 'Daniel Martins', 'male', 0, 'password', 'Santa Helena');
INSERT INTO trabalho.usuario_esta_inscrito_no_podcast VALUES (2, 'c58b280a-56d4-4ad8-8c85-730e4ea86361', 'usr_134');
INSERT INTO trabalho.comentarios_podcast_usuario VALUES ('comment_134_0', 'Molestiae nihil facilis quos ratione ea officia illo.', 'c58b280a-56d4-4ad8-8c85-730e4ea86361', 'usr_134');
INSERT INTO trabalho.log_acesso VALUES ('log_134_0', 'c58b280a-56d4-4ad8-8c85-730e4ea86361', 'usr_134');
INSERT INTO trabalho.usuario_esta_inscrito_no_podcast VALUES (1, 'af46a958-b921-47b6-9f87-5c4fdc68ea79', 'usr_134');
INSERT INTO trabalho.comentarios_podcast_usuario VALUES ('comment_134_1', 'Eos omnis voluptatem repellat sunt dicta ut nihil reprehenderit et.', 'af46a958-b921-47b6-9f87-5c4fdc68ea79', 'usr_134');
INSERT INTO trabalho.log_acesso VALUES ('log_134_1', 'af46a958-b921-47b6-9f87-5c4fdc68ea79', 'usr_134');
INSERT INTO trabalho.usuario_esta_inscrito_no_podcast VALUES (1, '7e429e8e-7669-403d-bb78-3cd7f9f75afd', 'usr_134');
INSERT INTO trabalho.comentarios_podcast_usuario VALUES ('comment_134_2', 'Tempore expedita reiciendis quaerat odio ab nisi.', '7e429e8e-7669-403d-bb78-3cd7f9f75afd', 'usr_134');
INSERT INTO trabalho.log_acesso VALUES ('log_134_2', '7e429e8e-7669-403d-bb78-3cd7f9f75afd', 'usr_134');
INSERT INTO trabalho.usuario VALUES ('usr_135', '135_Sophia_Barros64@gmail.com', 'Sophia Barros', 'female', 60, 'password', 'Eslovênia');
INSERT INTO trabalho.usuario_esta_inscrito_no_podcast VALUES (5, 'af46a958-b921-47b6-9f87-5c4fdc68ea79', 'usr_135');
INSERT INTO trabalho.comentarios_podcast_usuario VALUES ('comment_135_0', 'Consequatur odio voluptatibus id occaecati voluptatem quia et.', 'af46a958-b921-47b6-9f87-5c4fdc68ea79', 'usr_135');
INSERT INTO trabalho.log_acesso VALUES ('log_135_0', 'af46a958-b921-47b6-9f87-5c4fdc68ea79', 'usr_135');
INSERT INTO trabalho.usuario_esta_inscrito_no_podcast VALUES (2, '5bdf7377-8330-4f9f-8efd-e95301c122ce', 'usr_135');
INSERT INTO trabalho.comentarios_podcast_usuario VALUES ('comment_135_1', 'Quaerat consequuntur autem excepturi sed non magni expedita est veniam.', '5bdf7377-8330-4f9f-8efd-e95301c122ce', 'usr_135');
INSERT INTO trabalho.log_acesso VALUES ('log_135_1', '5bdf7377-8330-4f9f-8efd-e95301c122ce', 'usr_135');
INSERT INTO trabalho.usuario_esta_inscrito_no_podcast VALUES (5, 'fa3abe16-3645-4d22-a01d-893e6f20c408', 'usr_135');
INSERT INTO trabalho.comentarios_podcast_usuario VALUES ('comment_135_2', 'Voluptas ratione aut quis et quia autem quaerat autem dolores.', 'fa3abe16-3645-4d22-a01d-893e6f20c408', 'usr_135');
INSERT INTO trabalho.log_acesso VALUES ('log_135_2', 'fa3abe16-3645-4d22-a01d-893e6f20c408', 'usr_135');
INSERT INTO trabalho.usuario VALUES ('usr_136', '136_Dalila.Souza23@live.com', 'Dalila Souza', 'female', 56, 'password', 'Vaticano');
INSERT INTO trabalho.usuario_esta_inscrito_no_podcast VALUES (1, 'bc8dac25-793c-4a96-aafc-4ea7020f4f60', 'usr_136');
INSERT INTO trabalho.comentarios_podcast_usuario VALUES ('comment_136_0', 'Labore commodi fugit cum nihil.', 'bc8dac25-793c-4a96-aafc-4ea7020f4f60', 'usr_136');
INSERT INTO trabalho.log_acesso VALUES ('log_136_0', 'bc8dac25-793c-4a96-aafc-4ea7020f4f60', 'usr_136');
INSERT INTO trabalho.usuario_esta_inscrito_no_podcast VALUES (2, '7e429e8e-7669-403d-bb78-3cd7f9f75afd', 'usr_136');
INSERT INTO trabalho.comentarios_podcast_usuario VALUES ('comment_136_1', 'Aperiam aspernatur est libero autem ut voluptas et beatae.', '7e429e8e-7669-403d-bb78-3cd7f9f75afd', 'usr_136');
INSERT INTO trabalho.log_acesso VALUES ('log_136_1', '7e429e8e-7669-403d-bb78-3cd7f9f75afd', 'usr_136');
INSERT INTO trabalho.usuario_esta_inscrito_no_podcast VALUES (2, 'b553d865-8fe2-47de-9a30-10e1dea3bd1d', 'usr_136');
INSERT INTO trabalho.comentarios_podcast_usuario VALUES ('comment_136_2', 'Odio enim amet doloribus ipsam sunt rerum ratione delectus omnis.', 'b553d865-8fe2-47de-9a30-10e1dea3bd1d', 'usr_136');
INSERT INTO trabalho.log_acesso VALUES ('log_136_2', 'b553d865-8fe2-47de-9a30-10e1dea3bd1d', 'usr_136');
INSERT INTO trabalho.usuario VALUES ('usr_137', '137_Luiza.Batista@yahoo.com', 'Luiza Batista', 'female', 29, 'password', 'São Bartolomeu');
INSERT INTO trabalho.usuario_esta_inscrito_no_podcast VALUES (1, '168c1536-4c42-4b8f-8c77-f06affefec6a', 'usr_137');
INSERT INTO trabalho.comentarios_podcast_usuario VALUES ('comment_137_0', 'Voluptatibus ab libero dolores nulla voluptas eveniet nihil voluptas fugit.', '168c1536-4c42-4b8f-8c77-f06affefec6a', 'usr_137');
INSERT INTO trabalho.log_acesso VALUES ('log_137_0', '168c1536-4c42-4b8f-8c77-f06affefec6a', 'usr_137');
INSERT INTO trabalho.usuario_esta_inscrito_no_podcast VALUES (2, 'bc8dac25-793c-4a96-aafc-4ea7020f4f60', 'usr_137');
INSERT INTO trabalho.comentarios_podcast_usuario VALUES ('comment_137_1', 'Sequi saepe sit animi dolorem veniam odit quia.', 'bc8dac25-793c-4a96-aafc-4ea7020f4f60', 'usr_137');
INSERT INTO trabalho.log_acesso VALUES ('log_137_1', 'bc8dac25-793c-4a96-aafc-4ea7020f4f60', 'usr_137');
INSERT INTO trabalho.usuario_esta_inscrito_no_podcast VALUES (0, '219328a1-cec6-4e8c-b003-52a3ec9766bb', 'usr_137');
INSERT INTO trabalho.comentarios_podcast_usuario VALUES ('comment_137_2', 'Unde ipsum veritatis id explicabo et.', '219328a1-cec6-4e8c-b003-52a3ec9766bb', 'usr_137');
INSERT INTO trabalho.log_acesso VALUES ('log_137_2', '219328a1-cec6-4e8c-b003-52a3ec9766bb', 'usr_137');
INSERT INTO trabalho.usuario VALUES ('usr_138', '138_Heitor.Reis61@bol.com.br', 'Heitor Reis', 'male', 23, 'password', 'Áustria');
INSERT INTO trabalho.usuario_esta_inscrito_no_podcast VALUES (0, '5bdf7377-8330-4f9f-8efd-e95301c122ce', 'usr_138');
INSERT INTO trabalho.comentarios_podcast_usuario VALUES ('comment_138_0', 'Corporis ipsa omnis velit molestiae rerum.', '5bdf7377-8330-4f9f-8efd-e95301c122ce', 'usr_138');
INSERT INTO trabalho.log_acesso VALUES ('log_138_0', '5bdf7377-8330-4f9f-8efd-e95301c122ce', 'usr_138');
INSERT INTO trabalho.usuario_esta_inscrito_no_podcast VALUES (5, '67074e68-bc2f-442b-8af2-7d328b6af6eb', 'usr_138');
INSERT INTO trabalho.comentarios_podcast_usuario VALUES ('comment_138_1', 'Quis ea blanditiis.', '67074e68-bc2f-442b-8af2-7d328b6af6eb', 'usr_138');
INSERT INTO trabalho.log_acesso VALUES ('log_138_1', '67074e68-bc2f-442b-8af2-7d328b6af6eb', 'usr_138');
INSERT INTO trabalho.usuario_esta_inscrito_no_podcast VALUES (1, 'f8e13774-d631-4f34-93f0-2f5d55590265', 'usr_138');
INSERT INTO trabalho.comentarios_podcast_usuario VALUES ('comment_138_2', 'Repellat sapiente et velit et non fugiat veritatis quis.', 'f8e13774-d631-4f34-93f0-2f5d55590265', 'usr_138');
INSERT INTO trabalho.log_acesso VALUES ('log_138_2', 'f8e13774-d631-4f34-93f0-2f5d55590265', 'usr_138');
INSERT INTO trabalho.usuario VALUES ('usr_139', '139_Joana_Oliveira@bol.com.br', 'Joana Oliveira', 'female', 14, 'password', 'Líbia');
INSERT INTO trabalho.usuario_esta_inscrito_no_podcast VALUES (1, '67074e68-bc2f-442b-8af2-7d328b6af6eb', 'usr_139');
INSERT INTO trabalho.comentarios_podcast_usuario VALUES ('comment_139_0', 'Iure officia laboriosam molestiae pariatur veniam voluptatibus qui dolorem.', '67074e68-bc2f-442b-8af2-7d328b6af6eb', 'usr_139');
INSERT INTO trabalho.log_acesso VALUES ('log_139_0', '67074e68-bc2f-442b-8af2-7d328b6af6eb', 'usr_139');
INSERT INTO trabalho.usuario_esta_inscrito_no_podcast VALUES (3, 'b553d865-8fe2-47de-9a30-10e1dea3bd1d', 'usr_139');
INSERT INTO trabalho.comentarios_podcast_usuario VALUES ('comment_139_1', 'Vel sit temporibus accusamus quia numquam et quo officia fuga.', 'b553d865-8fe2-47de-9a30-10e1dea3bd1d', 'usr_139');
INSERT INTO trabalho.log_acesso VALUES ('log_139_1', 'b553d865-8fe2-47de-9a30-10e1dea3bd1d', 'usr_139');
INSERT INTO trabalho.usuario_esta_inscrito_no_podcast VALUES (0, 'af46a958-b921-47b6-9f87-5c4fdc68ea79', 'usr_139');
INSERT INTO trabalho.comentarios_podcast_usuario VALUES ('comment_139_2', 'Eius quis eaque id minima doloremque nisi fugit eveniet eius.', 'af46a958-b921-47b6-9f87-5c4fdc68ea79', 'usr_139');
INSERT INTO trabalho.log_acesso VALUES ('log_139_2', 'af46a958-b921-47b6-9f87-5c4fdc68ea79', 'usr_139');
INSERT INTO trabalho.usuario VALUES ('usr_140', '140_Liz_Melo@live.com', 'Liz Melo', 'female', 48, 'password', 'Cabo Verde');
INSERT INTO trabalho.usuario_esta_inscrito_no_podcast VALUES (0, 'f8e13774-d631-4f34-93f0-2f5d55590265', 'usr_140');
INSERT INTO trabalho.comentarios_podcast_usuario VALUES ('comment_140_0', 'Sit natus placeat architecto.', 'f8e13774-d631-4f34-93f0-2f5d55590265', 'usr_140');
INSERT INTO trabalho.log_acesso VALUES ('log_140_0', 'f8e13774-d631-4f34-93f0-2f5d55590265', 'usr_140');
INSERT INTO trabalho.usuario_esta_inscrito_no_podcast VALUES (0, '168c1536-4c42-4b8f-8c77-f06affefec6a', 'usr_140');
INSERT INTO trabalho.comentarios_podcast_usuario VALUES ('comment_140_1', 'Dolor explicabo provident ut sed enim vel libero.', '168c1536-4c42-4b8f-8c77-f06affefec6a', 'usr_140');
INSERT INTO trabalho.log_acesso VALUES ('log_140_1', '168c1536-4c42-4b8f-8c77-f06affefec6a', 'usr_140');
INSERT INTO trabalho.usuario_esta_inscrito_no_podcast VALUES (1, 'af46a958-b921-47b6-9f87-5c4fdc68ea79', 'usr_140');
INSERT INTO trabalho.comentarios_podcast_usuario VALUES ('comment_140_2', 'Ut dolores dolorem vel est fugit.', 'af46a958-b921-47b6-9f87-5c4fdc68ea79', 'usr_140');
INSERT INTO trabalho.log_acesso VALUES ('log_140_2', 'af46a958-b921-47b6-9f87-5c4fdc68ea79', 'usr_140');
INSERT INTO trabalho.usuario VALUES ('usr_141', '141_Gbio_Moraes57@yahoo.com', 'Gúbio Moraes', 'male', 41, 'password', 'São Martinho');
INSERT INTO trabalho.usuario_esta_inscrito_no_podcast VALUES (1, 'f0166bd2-8e4d-4308-b5d7-0b3d627c5dc5', 'usr_141');
INSERT INTO trabalho.comentarios_podcast_usuario VALUES ('comment_141_0', 'Praesentium voluptas optio eos molestiae fuga et at delectus.', 'f0166bd2-8e4d-4308-b5d7-0b3d627c5dc5', 'usr_141');
INSERT INTO trabalho.log_acesso VALUES ('log_141_0', 'f0166bd2-8e4d-4308-b5d7-0b3d627c5dc5', 'usr_141');
INSERT INTO trabalho.usuario_esta_inscrito_no_podcast VALUES (5, 'f1b92ce7-47a7-43cd-8586-4a09185cdd05', 'usr_141');
INSERT INTO trabalho.comentarios_podcast_usuario VALUES ('comment_141_1', 'Est animi id et fugit.', 'f1b92ce7-47a7-43cd-8586-4a09185cdd05', 'usr_141');
INSERT INTO trabalho.log_acesso VALUES ('log_141_1', 'f1b92ce7-47a7-43cd-8586-4a09185cdd05', 'usr_141');
INSERT INTO trabalho.usuario_esta_inscrito_no_podcast VALUES (3, '7e429e8e-7669-403d-bb78-3cd7f9f75afd', 'usr_141');
INSERT INTO trabalho.comentarios_podcast_usuario VALUES ('comment_141_2', 'Iusto consequatur debitis error voluptatibus alias fugiat.', '7e429e8e-7669-403d-bb78-3cd7f9f75afd', 'usr_141');
INSERT INTO trabalho.log_acesso VALUES ('log_141_2', '7e429e8e-7669-403d-bb78-3cd7f9f75afd', 'usr_141');
INSERT INTO trabalho.usuario VALUES ('usr_142', '142_Anthony26@yahoo.com', 'Anthony Batista', 'male', 7, 'password', 'Ilhas Caiman');
INSERT INTO trabalho.usuario_esta_inscrito_no_podcast VALUES (0, '67074e68-bc2f-442b-8af2-7d328b6af6eb', 'usr_142');
INSERT INTO trabalho.comentarios_podcast_usuario VALUES ('comment_142_0', 'Quibusdam vel ea et tenetur vitae enim a.', '67074e68-bc2f-442b-8af2-7d328b6af6eb', 'usr_142');
INSERT INTO trabalho.log_acesso VALUES ('log_142_0', '67074e68-bc2f-442b-8af2-7d328b6af6eb', 'usr_142');
INSERT INTO trabalho.usuario_esta_inscrito_no_podcast VALUES (4, 'f8e13774-d631-4f34-93f0-2f5d55590265', 'usr_142');
INSERT INTO trabalho.comentarios_podcast_usuario VALUES ('comment_142_1', 'Vel dolores et animi doloremque voluptas dolorem eum commodi.', 'f8e13774-d631-4f34-93f0-2f5d55590265', 'usr_142');
INSERT INTO trabalho.log_acesso VALUES ('log_142_1', 'f8e13774-d631-4f34-93f0-2f5d55590265', 'usr_142');
INSERT INTO trabalho.usuario_esta_inscrito_no_podcast VALUES (5, '7e429e8e-7669-403d-bb78-3cd7f9f75afd', 'usr_142');
INSERT INTO trabalho.comentarios_podcast_usuario VALUES ('comment_142_2', 'Qui et numquam totam et unde consectetur et pariatur saepe.', '7e429e8e-7669-403d-bb78-3cd7f9f75afd', 'usr_142');
INSERT INTO trabalho.log_acesso VALUES ('log_142_2', '7e429e8e-7669-403d-bb78-3cd7f9f75afd', 'usr_142');
INSERT INTO trabalho.usuario VALUES ('usr_143', '143_Pedro_Xavier@live.com', 'Pedro Xavier', 'male', 4, 'password', 'Jordânia');
INSERT INTO trabalho.usuario_esta_inscrito_no_podcast VALUES (5, 'f1b92ce7-47a7-43cd-8586-4a09185cdd05', 'usr_143');
INSERT INTO trabalho.comentarios_podcast_usuario VALUES ('comment_143_0', 'Quisquam mollitia enim sapiente.', 'f1b92ce7-47a7-43cd-8586-4a09185cdd05', 'usr_143');
INSERT INTO trabalho.log_acesso VALUES ('log_143_0', 'f1b92ce7-47a7-43cd-8586-4a09185cdd05', 'usr_143');
INSERT INTO trabalho.usuario_esta_inscrito_no_podcast VALUES (2, '168c1536-4c42-4b8f-8c77-f06affefec6a', 'usr_143');
INSERT INTO trabalho.comentarios_podcast_usuario VALUES ('comment_143_1', 'Non reiciendis natus sequi quidem at deserunt sunt aspernatur.', '168c1536-4c42-4b8f-8c77-f06affefec6a', 'usr_143');
INSERT INTO trabalho.log_acesso VALUES ('log_143_1', '168c1536-4c42-4b8f-8c77-f06affefec6a', 'usr_143');
INSERT INTO trabalho.usuario_esta_inscrito_no_podcast VALUES (1, 'fa3abe16-3645-4d22-a01d-893e6f20c408', 'usr_143');
INSERT INTO trabalho.comentarios_podcast_usuario VALUES ('comment_143_2', 'Est iure aut quod.', 'fa3abe16-3645-4d22-a01d-893e6f20c408', 'usr_143');
INSERT INTO trabalho.log_acesso VALUES ('log_143_2', 'fa3abe16-3645-4d22-a01d-893e6f20c408', 'usr_143');
INSERT INTO trabalho.usuario VALUES ('usr_144', '144_Sulen_Barros85@bol.com.br', 'Suélen Barros', 'female', 32, 'password', 'Maiote');
INSERT INTO trabalho.usuario_esta_inscrito_no_podcast VALUES (1, '67074e68-bc2f-442b-8af2-7d328b6af6eb', 'usr_144');
INSERT INTO trabalho.comentarios_podcast_usuario VALUES ('comment_144_0', 'Aut voluptatem deserunt ea.', '67074e68-bc2f-442b-8af2-7d328b6af6eb', 'usr_144');
INSERT INTO trabalho.log_acesso VALUES ('log_144_0', '67074e68-bc2f-442b-8af2-7d328b6af6eb', 'usr_144');
INSERT INTO trabalho.usuario_esta_inscrito_no_podcast VALUES (0, 'c58b280a-56d4-4ad8-8c85-730e4ea86361', 'usr_144');
INSERT INTO trabalho.comentarios_podcast_usuario VALUES ('comment_144_1', 'Nihil possimus facere tempora aut sed molestiae veritatis.', 'c58b280a-56d4-4ad8-8c85-730e4ea86361', 'usr_144');
INSERT INTO trabalho.log_acesso VALUES ('log_144_1', 'c58b280a-56d4-4ad8-8c85-730e4ea86361', 'usr_144');
INSERT INTO trabalho.usuario_esta_inscrito_no_podcast VALUES (3, 'fa3abe16-3645-4d22-a01d-893e6f20c408', 'usr_144');
INSERT INTO trabalho.comentarios_podcast_usuario VALUES ('comment_144_2', 'Tenetur itaque numquam numquam dolores.', 'fa3abe16-3645-4d22-a01d-893e6f20c408', 'usr_144');
INSERT INTO trabalho.log_acesso VALUES ('log_144_2', 'fa3abe16-3645-4d22-a01d-893e6f20c408', 'usr_144');
INSERT INTO trabalho.usuario VALUES ('usr_145', '145_Isabelly.Macedo10@bol.com.br', 'Isabelly Macedo', 'female', 7, 'password', 'Ilha de Man');
INSERT INTO trabalho.usuario_esta_inscrito_no_podcast VALUES (0, '5bdf7377-8330-4f9f-8efd-e95301c122ce', 'usr_145');
INSERT INTO trabalho.comentarios_podcast_usuario VALUES ('comment_145_0', 'Ea veniam ullam vel expedita aut aut.', '5bdf7377-8330-4f9f-8efd-e95301c122ce', 'usr_145');
INSERT INTO trabalho.log_acesso VALUES ('log_145_0', '5bdf7377-8330-4f9f-8efd-e95301c122ce', 'usr_145');
INSERT INTO trabalho.usuario_esta_inscrito_no_podcast VALUES (2, 'c58b280a-56d4-4ad8-8c85-730e4ea86361', 'usr_145');
INSERT INTO trabalho.comentarios_podcast_usuario VALUES ('comment_145_1', 'Distinctio dolores nulla repellat sit mollitia nihil quis possimus.', 'c58b280a-56d4-4ad8-8c85-730e4ea86361', 'usr_145');
INSERT INTO trabalho.log_acesso VALUES ('log_145_1', 'c58b280a-56d4-4ad8-8c85-730e4ea86361', 'usr_145');
INSERT INTO trabalho.usuario_esta_inscrito_no_podcast VALUES (3, 'de2f0ddb-9903-436a-a5e2-54224254c818', 'usr_145');
INSERT INTO trabalho.comentarios_podcast_usuario VALUES ('comment_145_2', 'Aliquam consequuntur corporis voluptatem provident.', 'de2f0ddb-9903-436a-a5e2-54224254c818', 'usr_145');
INSERT INTO trabalho.log_acesso VALUES ('log_145_2', 'de2f0ddb-9903-436a-a5e2-54224254c818', 'usr_145');
INSERT INTO trabalho.usuario VALUES ('usr_146', '146_Nbia_Melo92@live.com', 'Núbia Melo', 'female', 0, 'password', 'Singapura');
INSERT INTO trabalho.usuario_esta_inscrito_no_podcast VALUES (3, '219328a1-cec6-4e8c-b003-52a3ec9766bb', 'usr_146');
INSERT INTO trabalho.comentarios_podcast_usuario VALUES ('comment_146_0', 'Provident explicabo et voluptate repellat enim.', '219328a1-cec6-4e8c-b003-52a3ec9766bb', 'usr_146');
INSERT INTO trabalho.log_acesso VALUES ('log_146_0', '219328a1-cec6-4e8c-b003-52a3ec9766bb', 'usr_146');
INSERT INTO trabalho.usuario_esta_inscrito_no_podcast VALUES (0, 'f1b92ce7-47a7-43cd-8586-4a09185cdd05', 'usr_146');
INSERT INTO trabalho.comentarios_podcast_usuario VALUES ('comment_146_1', 'Dignissimos et eligendi qui qui et enim laborum hic.', 'f1b92ce7-47a7-43cd-8586-4a09185cdd05', 'usr_146');
INSERT INTO trabalho.log_acesso VALUES ('log_146_1', 'f1b92ce7-47a7-43cd-8586-4a09185cdd05', 'usr_146');
INSERT INTO trabalho.usuario_esta_inscrito_no_podcast VALUES (3, 'f8e13774-d631-4f34-93f0-2f5d55590265', 'usr_146');
INSERT INTO trabalho.comentarios_podcast_usuario VALUES ('comment_146_2', 'Et eum et eos optio facilis nam culpa.', 'f8e13774-d631-4f34-93f0-2f5d55590265', 'usr_146');
INSERT INTO trabalho.log_acesso VALUES ('log_146_2', 'f8e13774-d631-4f34-93f0-2f5d55590265', 'usr_146');
INSERT INTO trabalho.usuario VALUES ('usr_147', '147_Sulen_Saraiva45@live.com', 'Suélen Saraiva', 'female', 47, 'password', 'Latvia');
INSERT INTO trabalho.usuario_esta_inscrito_no_podcast VALUES (1, 'af46a958-b921-47b6-9f87-5c4fdc68ea79', 'usr_147');
INSERT INTO trabalho.comentarios_podcast_usuario VALUES ('comment_147_0', 'Cum officiis atque aut.', 'af46a958-b921-47b6-9f87-5c4fdc68ea79', 'usr_147');
INSERT INTO trabalho.log_acesso VALUES ('log_147_0', 'af46a958-b921-47b6-9f87-5c4fdc68ea79', 'usr_147');
INSERT INTO trabalho.usuario_esta_inscrito_no_podcast VALUES (0, 'bc8dac25-793c-4a96-aafc-4ea7020f4f60', 'usr_147');
INSERT INTO trabalho.comentarios_podcast_usuario VALUES ('comment_147_1', 'Sit commodi et.', 'bc8dac25-793c-4a96-aafc-4ea7020f4f60', 'usr_147');
INSERT INTO trabalho.log_acesso VALUES ('log_147_1', 'bc8dac25-793c-4a96-aafc-4ea7020f4f60', 'usr_147');
INSERT INTO trabalho.usuario_esta_inscrito_no_podcast VALUES (3, '7e429e8e-7669-403d-bb78-3cd7f9f75afd', 'usr_147');
INSERT INTO trabalho.comentarios_podcast_usuario VALUES ('comment_147_2', 'Provident nihil dolor cupiditate.', '7e429e8e-7669-403d-bb78-3cd7f9f75afd', 'usr_147');
INSERT INTO trabalho.log_acesso VALUES ('log_147_2', '7e429e8e-7669-403d-bb78-3cd7f9f75afd', 'usr_147');
INSERT INTO trabalho.usuario VALUES ('usr_148', '148_MariaLuiza_Santos@yahoo.com', 'Maria Luiza Santos', 'female', 8, 'password', 'Nigéria');
INSERT INTO trabalho.usuario_esta_inscrito_no_podcast VALUES (4, 'c58b280a-56d4-4ad8-8c85-730e4ea86361', 'usr_148');
INSERT INTO trabalho.comentarios_podcast_usuario VALUES ('comment_148_0', 'Saepe recusandae nobis possimus nulla iure aut.', 'c58b280a-56d4-4ad8-8c85-730e4ea86361', 'usr_148');
INSERT INTO trabalho.log_acesso VALUES ('log_148_0', 'c58b280a-56d4-4ad8-8c85-730e4ea86361', 'usr_148');
INSERT INTO trabalho.usuario_esta_inscrito_no_podcast VALUES (5, 'de2f0ddb-9903-436a-a5e2-54224254c818', 'usr_148');
INSERT INTO trabalho.comentarios_podcast_usuario VALUES ('comment_148_1', 'Porro possimus sint nisi consequatur maiores expedita nulla enim illo.', 'de2f0ddb-9903-436a-a5e2-54224254c818', 'usr_148');
INSERT INTO trabalho.log_acesso VALUES ('log_148_1', 'de2f0ddb-9903-436a-a5e2-54224254c818', 'usr_148');
INSERT INTO trabalho.usuario_esta_inscrito_no_podcast VALUES (1, 'fa3abe16-3645-4d22-a01d-893e6f20c408', 'usr_148');
INSERT INTO trabalho.comentarios_podcast_usuario VALUES ('comment_148_2', 'Ea vero ex est nesciunt ipsum enim temporibus.', 'fa3abe16-3645-4d22-a01d-893e6f20c408', 'usr_148');
INSERT INTO trabalho.log_acesso VALUES ('log_148_2', 'fa3abe16-3645-4d22-a01d-893e6f20c408', 'usr_148');
INSERT INTO trabalho.usuario VALUES ('usr_149', '149_Meire69@hotmail.com', 'Meire Carvalho', 'female', 56, 'password', 'África do Sul');
INSERT INTO trabalho.usuario_esta_inscrito_no_podcast VALUES (5, '219328a1-cec6-4e8c-b003-52a3ec9766bb', 'usr_149');
INSERT INTO trabalho.comentarios_podcast_usuario VALUES ('comment_149_0', 'Praesentium nostrum non expedita quis.', '219328a1-cec6-4e8c-b003-52a3ec9766bb', 'usr_149');
INSERT INTO trabalho.log_acesso VALUES ('log_149_0', '219328a1-cec6-4e8c-b003-52a3ec9766bb', 'usr_149');
INSERT INTO trabalho.usuario_esta_inscrito_no_podcast VALUES (5, '5bdf7377-8330-4f9f-8efd-e95301c122ce', 'usr_149');
INSERT INTO trabalho.comentarios_podcast_usuario VALUES ('comment_149_1', 'Placeat dolor doloremque.', '5bdf7377-8330-4f9f-8efd-e95301c122ce', 'usr_149');
INSERT INTO trabalho.log_acesso VALUES ('log_149_1', '5bdf7377-8330-4f9f-8efd-e95301c122ce', 'usr_149');
INSERT INTO trabalho.usuario_esta_inscrito_no_podcast VALUES (1, 'af46a958-b921-47b6-9f87-5c4fdc68ea79', 'usr_149');
INSERT INTO trabalho.comentarios_podcast_usuario VALUES ('comment_149_2', 'Maiores aliquam ea.', 'af46a958-b921-47b6-9f87-5c4fdc68ea79', 'usr_149');
INSERT INTO trabalho.log_acesso VALUES ('log_149_2', 'af46a958-b921-47b6-9f87-5c4fdc68ea79', 'usr_149');
INSERT INTO trabalho.usuario VALUES ('usr_150', '150_Liz1@gmail.com', 'Liz Nogueira', 'female', 58, 'password', 'Barbados');
INSERT INTO trabalho.usuario_esta_inscrito_no_podcast VALUES (0, '168c1536-4c42-4b8f-8c77-f06affefec6a', 'usr_150');
INSERT INTO trabalho.comentarios_podcast_usuario VALUES ('comment_150_0', 'Eligendi eius odit ut qui aut ut placeat sit.', '168c1536-4c42-4b8f-8c77-f06affefec6a', 'usr_150');
INSERT INTO trabalho.log_acesso VALUES ('log_150_0', '168c1536-4c42-4b8f-8c77-f06affefec6a', 'usr_150');
INSERT INTO trabalho.usuario_esta_inscrito_no_podcast VALUES (5, 'c58b280a-56d4-4ad8-8c85-730e4ea86361', 'usr_150');
INSERT INTO trabalho.comentarios_podcast_usuario VALUES ('comment_150_1', 'Vel consequatur blanditiis.', 'c58b280a-56d4-4ad8-8c85-730e4ea86361', 'usr_150');
INSERT INTO trabalho.log_acesso VALUES ('log_150_1', 'c58b280a-56d4-4ad8-8c85-730e4ea86361', 'usr_150');
INSERT INTO trabalho.usuario_esta_inscrito_no_podcast VALUES (5, 'fa3abe16-3645-4d22-a01d-893e6f20c408', 'usr_150');
INSERT INTO trabalho.comentarios_podcast_usuario VALUES ('comment_150_2', 'Sint sequi dolores enim et et.', 'fa3abe16-3645-4d22-a01d-893e6f20c408', 'usr_150');
INSERT INTO trabalho.log_acesso VALUES ('log_150_2', 'fa3abe16-3645-4d22-a01d-893e6f20c408', 'usr_150');
INSERT INTO trabalho.usuario VALUES ('usr_151', '151_Lorena92@bol.com.br', 'Lorena Nogueira', 'female', 49, 'password', 'Suazilândia');
INSERT INTO trabalho.usuario_esta_inscrito_no_podcast VALUES (0, 'f8e13774-d631-4f34-93f0-2f5d55590265', 'usr_151');
INSERT INTO trabalho.comentarios_podcast_usuario VALUES ('comment_151_0', 'Et corporis esse.', 'f8e13774-d631-4f34-93f0-2f5d55590265', 'usr_151');
INSERT INTO trabalho.log_acesso VALUES ('log_151_0', 'f8e13774-d631-4f34-93f0-2f5d55590265', 'usr_151');
INSERT INTO trabalho.usuario_esta_inscrito_no_podcast VALUES (5, '67074e68-bc2f-442b-8af2-7d328b6af6eb', 'usr_151');
INSERT INTO trabalho.comentarios_podcast_usuario VALUES ('comment_151_1', 'Qui ipsa tempora ipsum eius possimus fuga sed.', '67074e68-bc2f-442b-8af2-7d328b6af6eb', 'usr_151');
INSERT INTO trabalho.log_acesso VALUES ('log_151_1', '67074e68-bc2f-442b-8af2-7d328b6af6eb', 'usr_151');
INSERT INTO trabalho.usuario_esta_inscrito_no_podcast VALUES (2, 'af46a958-b921-47b6-9f87-5c4fdc68ea79', 'usr_151');
INSERT INTO trabalho.comentarios_podcast_usuario VALUES ('comment_151_2', 'Qui delectus vel.', 'af46a958-b921-47b6-9f87-5c4fdc68ea79', 'usr_151');
INSERT INTO trabalho.log_acesso VALUES ('log_151_2', 'af46a958-b921-47b6-9f87-5c4fdc68ea79', 'usr_151');
INSERT INTO trabalho.usuario VALUES ('usr_152', '152_Bryan91@hotmail.com', 'Bryan Oliveira', 'male', 58, 'password', 'Rússia');
INSERT INTO trabalho.usuario_esta_inscrito_no_podcast VALUES (5, '5bdf7377-8330-4f9f-8efd-e95301c122ce', 'usr_152');
INSERT INTO trabalho.comentarios_podcast_usuario VALUES ('comment_152_0', 'Itaque repudiandae inventore est aspernatur beatae voluptates tenetur.', '5bdf7377-8330-4f9f-8efd-e95301c122ce', 'usr_152');
INSERT INTO trabalho.log_acesso VALUES ('log_152_0', '5bdf7377-8330-4f9f-8efd-e95301c122ce', 'usr_152');
INSERT INTO trabalho.usuario_esta_inscrito_no_podcast VALUES (4, 'de2f0ddb-9903-436a-a5e2-54224254c818', 'usr_152');
INSERT INTO trabalho.comentarios_podcast_usuario VALUES ('comment_152_1', 'Ipsa ex qui nihil in consequatur nihil et.', 'de2f0ddb-9903-436a-a5e2-54224254c818', 'usr_152');
INSERT INTO trabalho.log_acesso VALUES ('log_152_1', 'de2f0ddb-9903-436a-a5e2-54224254c818', 'usr_152');
INSERT INTO trabalho.usuario_esta_inscrito_no_podcast VALUES (2, 'fa3abe16-3645-4d22-a01d-893e6f20c408', 'usr_152');
INSERT INTO trabalho.comentarios_podcast_usuario VALUES ('comment_152_2', 'Similique et architecto ab aut suscipit.', 'fa3abe16-3645-4d22-a01d-893e6f20c408', 'usr_152');
INSERT INTO trabalho.log_acesso VALUES ('log_152_2', 'fa3abe16-3645-4d22-a01d-893e6f20c408', 'usr_152');
INSERT INTO trabalho.usuario VALUES ('usr_153', '153_Daniel_Melo@live.com', 'Daniel Melo', 'male', 23, 'password', 'Niue');
INSERT INTO trabalho.usuario_esta_inscrito_no_podcast VALUES (0, 'de2f0ddb-9903-436a-a5e2-54224254c818', 'usr_153');
INSERT INTO trabalho.comentarios_podcast_usuario VALUES ('comment_153_0', 'Sequi nisi quia quisquam vel.', 'de2f0ddb-9903-436a-a5e2-54224254c818', 'usr_153');
INSERT INTO trabalho.log_acesso VALUES ('log_153_0', 'de2f0ddb-9903-436a-a5e2-54224254c818', 'usr_153');
INSERT INTO trabalho.usuario_esta_inscrito_no_podcast VALUES (1, 'f1b92ce7-47a7-43cd-8586-4a09185cdd05', 'usr_153');
INSERT INTO trabalho.comentarios_podcast_usuario VALUES ('comment_153_1', 'Nisi labore nobis delectus amet.', 'f1b92ce7-47a7-43cd-8586-4a09185cdd05', 'usr_153');
INSERT INTO trabalho.log_acesso VALUES ('log_153_1', 'f1b92ce7-47a7-43cd-8586-4a09185cdd05', 'usr_153');
INSERT INTO trabalho.usuario_esta_inscrito_no_podcast VALUES (3, '219328a1-cec6-4e8c-b003-52a3ec9766bb', 'usr_153');
INSERT INTO trabalho.comentarios_podcast_usuario VALUES ('comment_153_2', 'Assumenda ut nostrum cum error.', '219328a1-cec6-4e8c-b003-52a3ec9766bb', 'usr_153');
INSERT INTO trabalho.log_acesso VALUES ('log_153_2', '219328a1-cec6-4e8c-b003-52a3ec9766bb', 'usr_153');
INSERT INTO trabalho.usuario VALUES ('usr_154', '154_Vctor_Nogueira@bol.com.br', 'Víctor Nogueira', 'male', 47, 'password', 'Guiné-Bissau');
INSERT INTO trabalho.usuario_esta_inscrito_no_podcast VALUES (1, 'fa3abe16-3645-4d22-a01d-893e6f20c408', 'usr_154');
INSERT INTO trabalho.comentarios_podcast_usuario VALUES ('comment_154_0', 'Numquam possimus quia.', 'fa3abe16-3645-4d22-a01d-893e6f20c408', 'usr_154');
INSERT INTO trabalho.log_acesso VALUES ('log_154_0', 'fa3abe16-3645-4d22-a01d-893e6f20c408', 'usr_154');
INSERT INTO trabalho.usuario_esta_inscrito_no_podcast VALUES (1, '219328a1-cec6-4e8c-b003-52a3ec9766bb', 'usr_154');
INSERT INTO trabalho.comentarios_podcast_usuario VALUES ('comment_154_1', 'Autem sit amet amet.', '219328a1-cec6-4e8c-b003-52a3ec9766bb', 'usr_154');
INSERT INTO trabalho.log_acesso VALUES ('log_154_1', '219328a1-cec6-4e8c-b003-52a3ec9766bb', 'usr_154');
INSERT INTO trabalho.usuario_esta_inscrito_no_podcast VALUES (2, 'f8e13774-d631-4f34-93f0-2f5d55590265', 'usr_154');
INSERT INTO trabalho.comentarios_podcast_usuario VALUES ('comment_154_2', 'Exercitationem qui possimus.', 'f8e13774-d631-4f34-93f0-2f5d55590265', 'usr_154');
INSERT INTO trabalho.log_acesso VALUES ('log_154_2', 'f8e13774-d631-4f34-93f0-2f5d55590265', 'usr_154');
INSERT INTO trabalho.usuario VALUES ('usr_155', '155_Antonella_Macedo0@gmail.com', 'Antonella Macedo', 'female', 41, 'password', 'Wallis e Futuna');
INSERT INTO trabalho.usuario_esta_inscrito_no_podcast VALUES (3, 'b553d865-8fe2-47de-9a30-10e1dea3bd1d', 'usr_155');
INSERT INTO trabalho.comentarios_podcast_usuario VALUES ('comment_155_0', 'Nobis expedita quaerat.', 'b553d865-8fe2-47de-9a30-10e1dea3bd1d', 'usr_155');
INSERT INTO trabalho.log_acesso VALUES ('log_155_0', 'b553d865-8fe2-47de-9a30-10e1dea3bd1d', 'usr_155');
INSERT INTO trabalho.usuario_esta_inscrito_no_podcast VALUES (2, '219328a1-cec6-4e8c-b003-52a3ec9766bb', 'usr_155');
INSERT INTO trabalho.comentarios_podcast_usuario VALUES ('comment_155_1', 'Aspernatur praesentium tempora in.', '219328a1-cec6-4e8c-b003-52a3ec9766bb', 'usr_155');
INSERT INTO trabalho.log_acesso VALUES ('log_155_1', '219328a1-cec6-4e8c-b003-52a3ec9766bb', 'usr_155');
INSERT INTO trabalho.usuario_esta_inscrito_no_podcast VALUES (0, 'bc8dac25-793c-4a96-aafc-4ea7020f4f60', 'usr_155');
INSERT INTO trabalho.comentarios_podcast_usuario VALUES ('comment_155_2', 'Nulla repudiandae autem adipisci modi nihil officiis eum provident.', 'bc8dac25-793c-4a96-aafc-4ea7020f4f60', 'usr_155');
INSERT INTO trabalho.log_acesso VALUES ('log_155_2', 'bc8dac25-793c-4a96-aafc-4ea7020f4f60', 'usr_155');
INSERT INTO trabalho.usuario VALUES ('usr_156', '156_Morgana.Silva@yahoo.com', 'Morgana Silva', 'female', 11, 'password', 'Irã');
INSERT INTO trabalho.usuario_esta_inscrito_no_podcast VALUES (4, '168c1536-4c42-4b8f-8c77-f06affefec6a', 'usr_156');
INSERT INTO trabalho.comentarios_podcast_usuario VALUES ('comment_156_0', 'Minus quo dignissimos.', '168c1536-4c42-4b8f-8c77-f06affefec6a', 'usr_156');
INSERT INTO trabalho.log_acesso VALUES ('log_156_0', '168c1536-4c42-4b8f-8c77-f06affefec6a', 'usr_156');
INSERT INTO trabalho.usuario_esta_inscrito_no_podcast VALUES (5, 'c58b280a-56d4-4ad8-8c85-730e4ea86361', 'usr_156');
INSERT INTO trabalho.comentarios_podcast_usuario VALUES ('comment_156_1', 'Esse quam tempora fugit incidunt sit corporis occaecati facere molestias.', 'c58b280a-56d4-4ad8-8c85-730e4ea86361', 'usr_156');
INSERT INTO trabalho.log_acesso VALUES ('log_156_1', 'c58b280a-56d4-4ad8-8c85-730e4ea86361', 'usr_156');
INSERT INTO trabalho.usuario_esta_inscrito_no_podcast VALUES (2, 'f0166bd2-8e4d-4308-b5d7-0b3d627c5dc5', 'usr_156');
INSERT INTO trabalho.comentarios_podcast_usuario VALUES ('comment_156_2', 'Nulla id repudiandae commodi inventore voluptate recusandae.', 'f0166bd2-8e4d-4308-b5d7-0b3d627c5dc5', 'usr_156');
INSERT INTO trabalho.log_acesso VALUES ('log_156_2', 'f0166bd2-8e4d-4308-b5d7-0b3d627c5dc5', 'usr_156');
INSERT INTO trabalho.usuario VALUES ('usr_157', '157_AnaClara_Nogueira@live.com', 'Ana Clara Nogueira', 'female', 3, 'password', 'Panamá');
INSERT INTO trabalho.usuario_esta_inscrito_no_podcast VALUES (0, 'c58b280a-56d4-4ad8-8c85-730e4ea86361', 'usr_157');
INSERT INTO trabalho.comentarios_podcast_usuario VALUES ('comment_157_0', 'Tempore dolorem rerum.', 'c58b280a-56d4-4ad8-8c85-730e4ea86361', 'usr_157');
INSERT INTO trabalho.log_acesso VALUES ('log_157_0', 'c58b280a-56d4-4ad8-8c85-730e4ea86361', 'usr_157');
INSERT INTO trabalho.usuario_esta_inscrito_no_podcast VALUES (5, '168c1536-4c42-4b8f-8c77-f06affefec6a', 'usr_157');
INSERT INTO trabalho.comentarios_podcast_usuario VALUES ('comment_157_1', 'Consequuntur omnis aut explicabo assumenda.', '168c1536-4c42-4b8f-8c77-f06affefec6a', 'usr_157');
INSERT INTO trabalho.log_acesso VALUES ('log_157_1', '168c1536-4c42-4b8f-8c77-f06affefec6a', 'usr_157');
INSERT INTO trabalho.usuario_esta_inscrito_no_podcast VALUES (3, '67074e68-bc2f-442b-8af2-7d328b6af6eb', 'usr_157');
INSERT INTO trabalho.comentarios_podcast_usuario VALUES ('comment_157_2', 'Incidunt ut sed exercitationem aut numquam aspernatur qui nulla cum.', '67074e68-bc2f-442b-8af2-7d328b6af6eb', 'usr_157');
INSERT INTO trabalho.log_acesso VALUES ('log_157_2', '67074e68-bc2f-442b-8af2-7d328b6af6eb', 'usr_157');
INSERT INTO trabalho.usuario VALUES ('usr_158', '158_Margarida_Martins@live.com', 'Margarida Martins', 'female', 46, 'password', 'Ilhas Cook');
INSERT INTO trabalho.usuario_esta_inscrito_no_podcast VALUES (3, '67074e68-bc2f-442b-8af2-7d328b6af6eb', 'usr_158');
INSERT INTO trabalho.comentarios_podcast_usuario VALUES ('comment_158_0', 'Occaecati qui debitis veritatis voluptatem aut fugiat et fugiat laboriosam.', '67074e68-bc2f-442b-8af2-7d328b6af6eb', 'usr_158');
INSERT INTO trabalho.log_acesso VALUES ('log_158_0', '67074e68-bc2f-442b-8af2-7d328b6af6eb', 'usr_158');
INSERT INTO trabalho.usuario_esta_inscrito_no_podcast VALUES (2, 'f1b92ce7-47a7-43cd-8586-4a09185cdd05', 'usr_158');
INSERT INTO trabalho.comentarios_podcast_usuario VALUES ('comment_158_1', 'Corporis et aspernatur nesciunt quia deserunt cupiditate illum.', 'f1b92ce7-47a7-43cd-8586-4a09185cdd05', 'usr_158');
INSERT INTO trabalho.log_acesso VALUES ('log_158_1', 'f1b92ce7-47a7-43cd-8586-4a09185cdd05', 'usr_158');
INSERT INTO trabalho.usuario_esta_inscrito_no_podcast VALUES (4, '5bdf7377-8330-4f9f-8efd-e95301c122ce', 'usr_158');
INSERT INTO trabalho.comentarios_podcast_usuario VALUES ('comment_158_2', 'Odio eos mollitia ipsa quo non.', '5bdf7377-8330-4f9f-8efd-e95301c122ce', 'usr_158');
INSERT INTO trabalho.log_acesso VALUES ('log_158_2', '5bdf7377-8330-4f9f-8efd-e95301c122ce', 'usr_158');
INSERT INTO trabalho.usuario VALUES ('usr_159', '159_Isaac57@gmail.com', 'Isaac Martins', 'male', 33, 'password', 'Mônaco');
INSERT INTO trabalho.usuario_esta_inscrito_no_podcast VALUES (3, '5bdf7377-8330-4f9f-8efd-e95301c122ce', 'usr_159');
INSERT INTO trabalho.comentarios_podcast_usuario VALUES ('comment_159_0', 'Ut repudiandae harum neque assumenda consequatur illo dolore.', '5bdf7377-8330-4f9f-8efd-e95301c122ce', 'usr_159');
INSERT INTO trabalho.log_acesso VALUES ('log_159_0', '5bdf7377-8330-4f9f-8efd-e95301c122ce', 'usr_159');
INSERT INTO trabalho.usuario_esta_inscrito_no_podcast VALUES (4, 'fa3abe16-3645-4d22-a01d-893e6f20c408', 'usr_159');
INSERT INTO trabalho.comentarios_podcast_usuario VALUES ('comment_159_1', 'Assumenda aperiam eligendi voluptas.', 'fa3abe16-3645-4d22-a01d-893e6f20c408', 'usr_159');
INSERT INTO trabalho.log_acesso VALUES ('log_159_1', 'fa3abe16-3645-4d22-a01d-893e6f20c408', 'usr_159');
INSERT INTO trabalho.usuario_esta_inscrito_no_podcast VALUES (4, 'f0166bd2-8e4d-4308-b5d7-0b3d627c5dc5', 'usr_159');
INSERT INTO trabalho.comentarios_podcast_usuario VALUES ('comment_159_2', 'Omnis saepe praesentium voluptas et quo illo nesciunt.', 'f0166bd2-8e4d-4308-b5d7-0b3d627c5dc5', 'usr_159');
INSERT INTO trabalho.log_acesso VALUES ('log_159_2', 'f0166bd2-8e4d-4308-b5d7-0b3d627c5dc5', 'usr_159');
INSERT INTO trabalho.usuario VALUES ('usr_160', '160_Beatriz88@live.com', 'Beatriz Moreira', 'female', 10, 'password', 'Luxemburgo');
INSERT INTO trabalho.usuario_esta_inscrito_no_podcast VALUES (0, 'b553d865-8fe2-47de-9a30-10e1dea3bd1d', 'usr_160');
INSERT INTO trabalho.comentarios_podcast_usuario VALUES ('comment_160_0', 'Quia excepturi dolorem.', 'b553d865-8fe2-47de-9a30-10e1dea3bd1d', 'usr_160');
INSERT INTO trabalho.log_acesso VALUES ('log_160_0', 'b553d865-8fe2-47de-9a30-10e1dea3bd1d', 'usr_160');
INSERT INTO trabalho.usuario_esta_inscrito_no_podcast VALUES (1, 'fa3abe16-3645-4d22-a01d-893e6f20c408', 'usr_160');
INSERT INTO trabalho.comentarios_podcast_usuario VALUES ('comment_160_1', 'Ipsam cumque quia eaque odit nulla quae inventore quae quo.', 'fa3abe16-3645-4d22-a01d-893e6f20c408', 'usr_160');
INSERT INTO trabalho.log_acesso VALUES ('log_160_1', 'fa3abe16-3645-4d22-a01d-893e6f20c408', 'usr_160');
INSERT INTO trabalho.usuario_esta_inscrito_no_podcast VALUES (3, 'c58b280a-56d4-4ad8-8c85-730e4ea86361', 'usr_160');
INSERT INTO trabalho.comentarios_podcast_usuario VALUES ('comment_160_2', 'Est consequuntur dolores dolorum.', 'c58b280a-56d4-4ad8-8c85-730e4ea86361', 'usr_160');
INSERT INTO trabalho.log_acesso VALUES ('log_160_2', 'c58b280a-56d4-4ad8-8c85-730e4ea86361', 'usr_160');
INSERT INTO trabalho.usuario VALUES ('usr_161', '161_Matheus_Batista@live.com', 'Matheus Batista', 'male', 33, 'password', 'Taiwan');
INSERT INTO trabalho.usuario_esta_inscrito_no_podcast VALUES (0, '67074e68-bc2f-442b-8af2-7d328b6af6eb', 'usr_161');
INSERT INTO trabalho.comentarios_podcast_usuario VALUES ('comment_161_0', 'Suscipit harum consectetur.', '67074e68-bc2f-442b-8af2-7d328b6af6eb', 'usr_161');
INSERT INTO trabalho.log_acesso VALUES ('log_161_0', '67074e68-bc2f-442b-8af2-7d328b6af6eb', 'usr_161');
INSERT INTO trabalho.usuario_esta_inscrito_no_podcast VALUES (1, 'af46a958-b921-47b6-9f87-5c4fdc68ea79', 'usr_161');
INSERT INTO trabalho.comentarios_podcast_usuario VALUES ('comment_161_1', 'Perspiciatis omnis animi quaerat dolorem qui omnis debitis officia rem.', 'af46a958-b921-47b6-9f87-5c4fdc68ea79', 'usr_161');
INSERT INTO trabalho.log_acesso VALUES ('log_161_1', 'af46a958-b921-47b6-9f87-5c4fdc68ea79', 'usr_161');
INSERT INTO trabalho.usuario_esta_inscrito_no_podcast VALUES (3, '7e429e8e-7669-403d-bb78-3cd7f9f75afd', 'usr_161');
INSERT INTO trabalho.comentarios_podcast_usuario VALUES ('comment_161_2', 'Amet sit error voluptate nemo et repellat totam sed qui.', '7e429e8e-7669-403d-bb78-3cd7f9f75afd', 'usr_161');
INSERT INTO trabalho.log_acesso VALUES ('log_161_2', '7e429e8e-7669-403d-bb78-3cd7f9f75afd', 'usr_161');
INSERT INTO trabalho.usuario VALUES ('usr_162', '162_Melissa_Moraes24@hotmail.com', 'Melissa Moraes', 'female', 46, 'password', 'República Dominicana');
INSERT INTO trabalho.usuario_esta_inscrito_no_podcast VALUES (3, '168c1536-4c42-4b8f-8c77-f06affefec6a', 'usr_162');
INSERT INTO trabalho.comentarios_podcast_usuario VALUES ('comment_162_0', 'Et velit nihil officiis.', '168c1536-4c42-4b8f-8c77-f06affefec6a', 'usr_162');
INSERT INTO trabalho.log_acesso VALUES ('log_162_0', '168c1536-4c42-4b8f-8c77-f06affefec6a', 'usr_162');
INSERT INTO trabalho.usuario_esta_inscrito_no_podcast VALUES (1, 'f0166bd2-8e4d-4308-b5d7-0b3d627c5dc5', 'usr_162');
INSERT INTO trabalho.comentarios_podcast_usuario VALUES ('comment_162_1', 'Qui voluptatem et officiis architecto voluptas consequatur.', 'f0166bd2-8e4d-4308-b5d7-0b3d627c5dc5', 'usr_162');
INSERT INTO trabalho.log_acesso VALUES ('log_162_1', 'f0166bd2-8e4d-4308-b5d7-0b3d627c5dc5', 'usr_162');
INSERT INTO trabalho.usuario_esta_inscrito_no_podcast VALUES (3, 'f1b92ce7-47a7-43cd-8586-4a09185cdd05', 'usr_162');
INSERT INTO trabalho.comentarios_podcast_usuario VALUES ('comment_162_2', 'Provident autem exercitationem rerum similique ut ut facere quo.', 'f1b92ce7-47a7-43cd-8586-4a09185cdd05', 'usr_162');
INSERT INTO trabalho.log_acesso VALUES ('log_162_2', 'f1b92ce7-47a7-43cd-8586-4a09185cdd05', 'usr_162');
INSERT INTO trabalho.usuario VALUES ('usr_163', '163_Isis.Souza@gmail.com', 'Isis Souza', 'female', 58, 'password', 'Ilha de Man');
INSERT INTO trabalho.usuario_esta_inscrito_no_podcast VALUES (3, '168c1536-4c42-4b8f-8c77-f06affefec6a', 'usr_163');
INSERT INTO trabalho.comentarios_podcast_usuario VALUES ('comment_163_0', 'Provident pariatur ullam nulla officia atque explicabo atque perspiciatis.', '168c1536-4c42-4b8f-8c77-f06affefec6a', 'usr_163');
INSERT INTO trabalho.log_acesso VALUES ('log_163_0', '168c1536-4c42-4b8f-8c77-f06affefec6a', 'usr_163');
INSERT INTO trabalho.usuario_esta_inscrito_no_podcast VALUES (3, 'b553d865-8fe2-47de-9a30-10e1dea3bd1d', 'usr_163');
INSERT INTO trabalho.comentarios_podcast_usuario VALUES ('comment_163_1', 'Debitis aspernatur laborum.', 'b553d865-8fe2-47de-9a30-10e1dea3bd1d', 'usr_163');
INSERT INTO trabalho.log_acesso VALUES ('log_163_1', 'b553d865-8fe2-47de-9a30-10e1dea3bd1d', 'usr_163');
INSERT INTO trabalho.usuario_esta_inscrito_no_podcast VALUES (4, 'c58b280a-56d4-4ad8-8c85-730e4ea86361', 'usr_163');
INSERT INTO trabalho.comentarios_podcast_usuario VALUES ('comment_163_2', 'Eos a accusamus voluptatibus et.', 'c58b280a-56d4-4ad8-8c85-730e4ea86361', 'usr_163');
INSERT INTO trabalho.log_acesso VALUES ('log_163_2', 'c58b280a-56d4-4ad8-8c85-730e4ea86361', 'usr_163');
INSERT INTO trabalho.usuario VALUES ('usr_164', '164_PedroHenrique_Nogueira@hotmail.com', 'Pedro Henrique Nogueira', 'male', 11, 'password', 'Anguila');
INSERT INTO trabalho.usuario_esta_inscrito_no_podcast VALUES (2, 'bc8dac25-793c-4a96-aafc-4ea7020f4f60', 'usr_164');
INSERT INTO trabalho.comentarios_podcast_usuario VALUES ('comment_164_0', 'Doloremque inventore et blanditiis odio ratione cupiditate nostrum voluptatem.', 'bc8dac25-793c-4a96-aafc-4ea7020f4f60', 'usr_164');
INSERT INTO trabalho.log_acesso VALUES ('log_164_0', 'bc8dac25-793c-4a96-aafc-4ea7020f4f60', 'usr_164');
INSERT INTO trabalho.usuario_esta_inscrito_no_podcast VALUES (3, 'f1b92ce7-47a7-43cd-8586-4a09185cdd05', 'usr_164');
INSERT INTO trabalho.comentarios_podcast_usuario VALUES ('comment_164_1', 'Eum nemo dolores eligendi.', 'f1b92ce7-47a7-43cd-8586-4a09185cdd05', 'usr_164');
INSERT INTO trabalho.log_acesso VALUES ('log_164_1', 'f1b92ce7-47a7-43cd-8586-4a09185cdd05', 'usr_164');
INSERT INTO trabalho.usuario_esta_inscrito_no_podcast VALUES (2, 'de2f0ddb-9903-436a-a5e2-54224254c818', 'usr_164');
INSERT INTO trabalho.comentarios_podcast_usuario VALUES ('comment_164_2', 'Eius aliquam suscipit consequuntur quasi temporibus.', 'de2f0ddb-9903-436a-a5e2-54224254c818', 'usr_164');
INSERT INTO trabalho.log_acesso VALUES ('log_164_2', 'de2f0ddb-9903-436a-a5e2-54224254c818', 'usr_164');
INSERT INTO trabalho.usuario VALUES ('usr_165', '165_Rebeca54@bol.com.br', 'Rebeca Braga', 'female', 29, 'password', 'Iêmen');
INSERT INTO trabalho.usuario_esta_inscrito_no_podcast VALUES (0, 'f8e13774-d631-4f34-93f0-2f5d55590265', 'usr_165');
INSERT INTO trabalho.comentarios_podcast_usuario VALUES ('comment_165_0', 'Quaerat maiores aut atque et modi qui ut asperiores.', 'f8e13774-d631-4f34-93f0-2f5d55590265', 'usr_165');
INSERT INTO trabalho.log_acesso VALUES ('log_165_0', 'f8e13774-d631-4f34-93f0-2f5d55590265', 'usr_165');
INSERT INTO trabalho.usuario_esta_inscrito_no_podcast VALUES (0, 'b553d865-8fe2-47de-9a30-10e1dea3bd1d', 'usr_165');
INSERT INTO trabalho.comentarios_podcast_usuario VALUES ('comment_165_1', 'Qui modi dolores molestias eaque qui dolores suscipit nemo.', 'b553d865-8fe2-47de-9a30-10e1dea3bd1d', 'usr_165');
INSERT INTO trabalho.log_acesso VALUES ('log_165_1', 'b553d865-8fe2-47de-9a30-10e1dea3bd1d', 'usr_165');
INSERT INTO trabalho.usuario_esta_inscrito_no_podcast VALUES (3, 'f0166bd2-8e4d-4308-b5d7-0b3d627c5dc5', 'usr_165');
INSERT INTO trabalho.comentarios_podcast_usuario VALUES ('comment_165_2', 'Quas voluptatem optio dolorem aut doloremque id necessitatibus.', 'f0166bd2-8e4d-4308-b5d7-0b3d627c5dc5', 'usr_165');
INSERT INTO trabalho.log_acesso VALUES ('log_165_2', 'f0166bd2-8e4d-4308-b5d7-0b3d627c5dc5', 'usr_165');
INSERT INTO trabalho.usuario VALUES ('usr_166', '166_Guilherme.Barros@yahoo.com', 'Guilherme Barros', 'male', 58, 'password', 'Bahamas');
INSERT INTO trabalho.usuario_esta_inscrito_no_podcast VALUES (3, '5bdf7377-8330-4f9f-8efd-e95301c122ce', 'usr_166');
INSERT INTO trabalho.comentarios_podcast_usuario VALUES ('comment_166_0', 'Dolorum minima magni nulla.', '5bdf7377-8330-4f9f-8efd-e95301c122ce', 'usr_166');
INSERT INTO trabalho.log_acesso VALUES ('log_166_0', '5bdf7377-8330-4f9f-8efd-e95301c122ce', 'usr_166');
INSERT INTO trabalho.usuario_esta_inscrito_no_podcast VALUES (0, '219328a1-cec6-4e8c-b003-52a3ec9766bb', 'usr_166');
INSERT INTO trabalho.comentarios_podcast_usuario VALUES ('comment_166_1', 'Assumenda ipsam cupiditate sint corporis praesentium unde.', '219328a1-cec6-4e8c-b003-52a3ec9766bb', 'usr_166');
INSERT INTO trabalho.log_acesso VALUES ('log_166_1', '219328a1-cec6-4e8c-b003-52a3ec9766bb', 'usr_166');
INSERT INTO trabalho.usuario_esta_inscrito_no_podcast VALUES (2, 'f1b92ce7-47a7-43cd-8586-4a09185cdd05', 'usr_166');
INSERT INTO trabalho.comentarios_podcast_usuario VALUES ('comment_166_2', 'Aspernatur assumenda consequatur dolorem consequatur.', 'f1b92ce7-47a7-43cd-8586-4a09185cdd05', 'usr_166');
INSERT INTO trabalho.log_acesso VALUES ('log_166_2', 'f1b92ce7-47a7-43cd-8586-4a09185cdd05', 'usr_166');
INSERT INTO trabalho.usuario VALUES ('usr_167', '167_Flix_Carvalho19@bol.com.br', 'Félix Carvalho', 'male', 57, 'password', 'Granada');
INSERT INTO trabalho.usuario_esta_inscrito_no_podcast VALUES (4, '67074e68-bc2f-442b-8af2-7d328b6af6eb', 'usr_167');
INSERT INTO trabalho.comentarios_podcast_usuario VALUES ('comment_167_0', 'Alias minus dolor dignissimos.', '67074e68-bc2f-442b-8af2-7d328b6af6eb', 'usr_167');
INSERT INTO trabalho.log_acesso VALUES ('log_167_0', '67074e68-bc2f-442b-8af2-7d328b6af6eb', 'usr_167');
INSERT INTO trabalho.usuario_esta_inscrito_no_podcast VALUES (0, 'de2f0ddb-9903-436a-a5e2-54224254c818', 'usr_167');
INSERT INTO trabalho.comentarios_podcast_usuario VALUES ('comment_167_1', 'Et ducimus sed reprehenderit voluptas dicta est qui velit eveniet.', 'de2f0ddb-9903-436a-a5e2-54224254c818', 'usr_167');
INSERT INTO trabalho.log_acesso VALUES ('log_167_1', 'de2f0ddb-9903-436a-a5e2-54224254c818', 'usr_167');
INSERT INTO trabalho.usuario_esta_inscrito_no_podcast VALUES (0, '7e429e8e-7669-403d-bb78-3cd7f9f75afd', 'usr_167');
INSERT INTO trabalho.comentarios_podcast_usuario VALUES ('comment_167_2', 'Neque autem ut a vitae aperiam officia aut.', '7e429e8e-7669-403d-bb78-3cd7f9f75afd', 'usr_167');
INSERT INTO trabalho.log_acesso VALUES ('log_167_2', '7e429e8e-7669-403d-bb78-3cd7f9f75afd', 'usr_167');
INSERT INTO trabalho.usuario VALUES ('usr_168', '168_Nbia.Barros@yahoo.com', 'Núbia Barros', 'female', 5, 'password', 'Chipre');
INSERT INTO trabalho.usuario_esta_inscrito_no_podcast VALUES (5, 'f8e13774-d631-4f34-93f0-2f5d55590265', 'usr_168');
INSERT INTO trabalho.comentarios_podcast_usuario VALUES ('comment_168_0', 'Vel aut repudiandae qui aut qui sed autem sequi.', 'f8e13774-d631-4f34-93f0-2f5d55590265', 'usr_168');
INSERT INTO trabalho.log_acesso VALUES ('log_168_0', 'f8e13774-d631-4f34-93f0-2f5d55590265', 'usr_168');
INSERT INTO trabalho.usuario_esta_inscrito_no_podcast VALUES (5, '5bdf7377-8330-4f9f-8efd-e95301c122ce', 'usr_168');
INSERT INTO trabalho.comentarios_podcast_usuario VALUES ('comment_168_1', 'Illum ea incidunt velit voluptate vitae.', '5bdf7377-8330-4f9f-8efd-e95301c122ce', 'usr_168');
INSERT INTO trabalho.log_acesso VALUES ('log_168_1', '5bdf7377-8330-4f9f-8efd-e95301c122ce', 'usr_168');
INSERT INTO trabalho.usuario_esta_inscrito_no_podcast VALUES (1, '7e429e8e-7669-403d-bb78-3cd7f9f75afd', 'usr_168');
INSERT INTO trabalho.comentarios_podcast_usuario VALUES ('comment_168_2', 'Id amet dolorem illo ab.', '7e429e8e-7669-403d-bb78-3cd7f9f75afd', 'usr_168');
INSERT INTO trabalho.log_acesso VALUES ('log_168_2', '7e429e8e-7669-403d-bb78-3cd7f9f75afd', 'usr_168');
INSERT INTO trabalho.usuario VALUES ('usr_169', '169_Davi_Batista@hotmail.com', 'Davi Batista', 'male', 17, 'password', 'Togo');
INSERT INTO trabalho.usuario_esta_inscrito_no_podcast VALUES (2, '168c1536-4c42-4b8f-8c77-f06affefec6a', 'usr_169');
INSERT INTO trabalho.comentarios_podcast_usuario VALUES ('comment_169_0', 'Non hic omnis.', '168c1536-4c42-4b8f-8c77-f06affefec6a', 'usr_169');
INSERT INTO trabalho.log_acesso VALUES ('log_169_0', '168c1536-4c42-4b8f-8c77-f06affefec6a', 'usr_169');
INSERT INTO trabalho.usuario_esta_inscrito_no_podcast VALUES (5, 'f1b92ce7-47a7-43cd-8586-4a09185cdd05', 'usr_169');
INSERT INTO trabalho.comentarios_podcast_usuario VALUES ('comment_169_1', 'Vel qui voluptates dolorem quo repellendus et eos repellendus quas.', 'f1b92ce7-47a7-43cd-8586-4a09185cdd05', 'usr_169');
INSERT INTO trabalho.log_acesso VALUES ('log_169_1', 'f1b92ce7-47a7-43cd-8586-4a09185cdd05', 'usr_169');
INSERT INTO trabalho.usuario_esta_inscrito_no_podcast VALUES (3, 'fa3abe16-3645-4d22-a01d-893e6f20c408', 'usr_169');
INSERT INTO trabalho.comentarios_podcast_usuario VALUES ('comment_169_2', 'Qui architecto nam excepturi in minima facilis sint in.', 'fa3abe16-3645-4d22-a01d-893e6f20c408', 'usr_169');
INSERT INTO trabalho.log_acesso VALUES ('log_169_2', 'fa3abe16-3645-4d22-a01d-893e6f20c408', 'usr_169');
INSERT INTO trabalho.usuario VALUES ('usr_170', '170_Flix87@bol.com.br', 'Félix Braga', 'male', 59, 'password', 'Ilhas Marshall');
INSERT INTO trabalho.usuario_esta_inscrito_no_podcast VALUES (4, 'f1b92ce7-47a7-43cd-8586-4a09185cdd05', 'usr_170');
INSERT INTO trabalho.comentarios_podcast_usuario VALUES ('comment_170_0', 'Recusandae fugiat ratione possimus possimus doloremque.', 'f1b92ce7-47a7-43cd-8586-4a09185cdd05', 'usr_170');
INSERT INTO trabalho.log_acesso VALUES ('log_170_0', 'f1b92ce7-47a7-43cd-8586-4a09185cdd05', 'usr_170');
INSERT INTO trabalho.usuario_esta_inscrito_no_podcast VALUES (1, '168c1536-4c42-4b8f-8c77-f06affefec6a', 'usr_170');
INSERT INTO trabalho.comentarios_podcast_usuario VALUES ('comment_170_1', 'Natus itaque et reiciendis excepturi minima.', '168c1536-4c42-4b8f-8c77-f06affefec6a', 'usr_170');
INSERT INTO trabalho.log_acesso VALUES ('log_170_1', '168c1536-4c42-4b8f-8c77-f06affefec6a', 'usr_170');
INSERT INTO trabalho.usuario_esta_inscrito_no_podcast VALUES (3, 'b553d865-8fe2-47de-9a30-10e1dea3bd1d', 'usr_170');
INSERT INTO trabalho.comentarios_podcast_usuario VALUES ('comment_170_2', 'Occaecati ratione quaerat voluptatem temporibus architecto accusamus consequatur sed.', 'b553d865-8fe2-47de-9a30-10e1dea3bd1d', 'usr_170');
INSERT INTO trabalho.log_acesso VALUES ('log_170_2', 'b553d865-8fe2-47de-9a30-10e1dea3bd1d', 'usr_170');
INSERT INTO trabalho.usuario VALUES ('usr_171', '171_Elsio13@yahoo.com', 'Elísio Pereira', 'male', 50, 'password', 'Andorra');
INSERT INTO trabalho.usuario_esta_inscrito_no_podcast VALUES (0, '168c1536-4c42-4b8f-8c77-f06affefec6a', 'usr_171');
INSERT INTO trabalho.comentarios_podcast_usuario VALUES ('comment_171_0', 'Doloribus velit numquam eum ut veritatis perspiciatis rerum voluptatem cupiditate.', '168c1536-4c42-4b8f-8c77-f06affefec6a', 'usr_171');
INSERT INTO trabalho.log_acesso VALUES ('log_171_0', '168c1536-4c42-4b8f-8c77-f06affefec6a', 'usr_171');
INSERT INTO trabalho.usuario_esta_inscrito_no_podcast VALUES (3, 'f1b92ce7-47a7-43cd-8586-4a09185cdd05', 'usr_171');
INSERT INTO trabalho.comentarios_podcast_usuario VALUES ('comment_171_1', 'Sunt alias aut sit aut rerum.', 'f1b92ce7-47a7-43cd-8586-4a09185cdd05', 'usr_171');
INSERT INTO trabalho.log_acesso VALUES ('log_171_1', 'f1b92ce7-47a7-43cd-8586-4a09185cdd05', 'usr_171');
INSERT INTO trabalho.usuario_esta_inscrito_no_podcast VALUES (2, 'fa3abe16-3645-4d22-a01d-893e6f20c408', 'usr_171');
INSERT INTO trabalho.comentarios_podcast_usuario VALUES ('comment_171_2', 'Est quod ad dolorem voluptates quasi.', 'fa3abe16-3645-4d22-a01d-893e6f20c408', 'usr_171');
INSERT INTO trabalho.log_acesso VALUES ('log_171_2', 'fa3abe16-3645-4d22-a01d-893e6f20c408', 'usr_171');
INSERT INTO trabalho.usuario VALUES ('usr_172', '172_JooMiguel88@hotmail.com', 'João Miguel Franco', 'male', 45, 'password', 'Ilhas Cocos');
INSERT INTO trabalho.usuario_esta_inscrito_no_podcast VALUES (1, 'f8e13774-d631-4f34-93f0-2f5d55590265', 'usr_172');
INSERT INTO trabalho.comentarios_podcast_usuario VALUES ('comment_172_0', 'A molestiae sequi.', 'f8e13774-d631-4f34-93f0-2f5d55590265', 'usr_172');
INSERT INTO trabalho.log_acesso VALUES ('log_172_0', 'f8e13774-d631-4f34-93f0-2f5d55590265', 'usr_172');
INSERT INTO trabalho.usuario_esta_inscrito_no_podcast VALUES (0, '168c1536-4c42-4b8f-8c77-f06affefec6a', 'usr_172');
INSERT INTO trabalho.comentarios_podcast_usuario VALUES ('comment_172_1', 'Provident quis veniam voluptas maxime magnam perferendis quo.', '168c1536-4c42-4b8f-8c77-f06affefec6a', 'usr_172');
INSERT INTO trabalho.log_acesso VALUES ('log_172_1', '168c1536-4c42-4b8f-8c77-f06affefec6a', 'usr_172');
INSERT INTO trabalho.usuario_esta_inscrito_no_podcast VALUES (5, 'af46a958-b921-47b6-9f87-5c4fdc68ea79', 'usr_172');
INSERT INTO trabalho.comentarios_podcast_usuario VALUES ('comment_172_2', 'Voluptatem et ut reprehenderit deleniti autem illum ea et natus.', 'af46a958-b921-47b6-9f87-5c4fdc68ea79', 'usr_172');
INSERT INTO trabalho.log_acesso VALUES ('log_172_2', 'af46a958-b921-47b6-9f87-5c4fdc68ea79', 'usr_172');
INSERT INTO trabalho.usuario VALUES ('usr_173', '173_Natlia95@gmail.com', 'Natália Silva', 'female', 25, 'password', 'Honduras');
INSERT INTO trabalho.usuario_esta_inscrito_no_podcast VALUES (1, 'fa3abe16-3645-4d22-a01d-893e6f20c408', 'usr_173');
INSERT INTO trabalho.comentarios_podcast_usuario VALUES ('comment_173_0', 'Hic eligendi sint dolorem et.', 'fa3abe16-3645-4d22-a01d-893e6f20c408', 'usr_173');
INSERT INTO trabalho.log_acesso VALUES ('log_173_0', 'fa3abe16-3645-4d22-a01d-893e6f20c408', 'usr_173');
INSERT INTO trabalho.usuario_esta_inscrito_no_podcast VALUES (0, '5bdf7377-8330-4f9f-8efd-e95301c122ce', 'usr_173');
INSERT INTO trabalho.comentarios_podcast_usuario VALUES ('comment_173_1', 'Asperiores adipisci facilis.', '5bdf7377-8330-4f9f-8efd-e95301c122ce', 'usr_173');
INSERT INTO trabalho.log_acesso VALUES ('log_173_1', '5bdf7377-8330-4f9f-8efd-e95301c122ce', 'usr_173');
INSERT INTO trabalho.usuario_esta_inscrito_no_podcast VALUES (0, 'f8e13774-d631-4f34-93f0-2f5d55590265', 'usr_173');
INSERT INTO trabalho.comentarios_podcast_usuario VALUES ('comment_173_2', 'Eum non quisquam et deleniti.', 'f8e13774-d631-4f34-93f0-2f5d55590265', 'usr_173');
INSERT INTO trabalho.log_acesso VALUES ('log_173_2', 'f8e13774-d631-4f34-93f0-2f5d55590265', 'usr_173');
INSERT INTO trabalho.usuario VALUES ('usr_174', '174_Luiza.Batista@yahoo.com', 'Luiza Batista', 'female', 17, 'password', 'Estados Unidos da América');
INSERT INTO trabalho.usuario_esta_inscrito_no_podcast VALUES (3, '219328a1-cec6-4e8c-b003-52a3ec9766bb', 'usr_174');
INSERT INTO trabalho.comentarios_podcast_usuario VALUES ('comment_174_0', 'Temporibus quam et eius asperiores dolor.', '219328a1-cec6-4e8c-b003-52a3ec9766bb', 'usr_174');
INSERT INTO trabalho.log_acesso VALUES ('log_174_0', '219328a1-cec6-4e8c-b003-52a3ec9766bb', 'usr_174');
INSERT INTO trabalho.usuario_esta_inscrito_no_podcast VALUES (2, 'b553d865-8fe2-47de-9a30-10e1dea3bd1d', 'usr_174');
INSERT INTO trabalho.comentarios_podcast_usuario VALUES ('comment_174_1', 'Occaecati unde dolores pariatur facilis aut.', 'b553d865-8fe2-47de-9a30-10e1dea3bd1d', 'usr_174');
INSERT INTO trabalho.log_acesso VALUES ('log_174_1', 'b553d865-8fe2-47de-9a30-10e1dea3bd1d', 'usr_174');
INSERT INTO trabalho.usuario_esta_inscrito_no_podcast VALUES (4, 'af46a958-b921-47b6-9f87-5c4fdc68ea79', 'usr_174');
INSERT INTO trabalho.comentarios_podcast_usuario VALUES ('comment_174_2', 'Ut omnis ipsum fugiat dolores atque ipsum.', 'af46a958-b921-47b6-9f87-5c4fdc68ea79', 'usr_174');
INSERT INTO trabalho.log_acesso VALUES ('log_174_2', 'af46a958-b921-47b6-9f87-5c4fdc68ea79', 'usr_174');
INSERT INTO trabalho.usuario VALUES ('usr_175', '175_MariaJlia54@hotmail.com', 'Maria Júlia Nogueira', 'female', 40, 'password', 'Costa do Marfim');
INSERT INTO trabalho.usuario_esta_inscrito_no_podcast VALUES (5, '7e429e8e-7669-403d-bb78-3cd7f9f75afd', 'usr_175');
INSERT INTO trabalho.comentarios_podcast_usuario VALUES ('comment_175_0', 'Ut quisquam eaque nam in.', '7e429e8e-7669-403d-bb78-3cd7f9f75afd', 'usr_175');
INSERT INTO trabalho.log_acesso VALUES ('log_175_0', '7e429e8e-7669-403d-bb78-3cd7f9f75afd', 'usr_175');
INSERT INTO trabalho.usuario_esta_inscrito_no_podcast VALUES (5, 'c58b280a-56d4-4ad8-8c85-730e4ea86361', 'usr_175');
INSERT INTO trabalho.comentarios_podcast_usuario VALUES ('comment_175_1', 'Id ducimus sint doloribus in et et eius quam non.', 'c58b280a-56d4-4ad8-8c85-730e4ea86361', 'usr_175');
INSERT INTO trabalho.log_acesso VALUES ('log_175_1', 'c58b280a-56d4-4ad8-8c85-730e4ea86361', 'usr_175');
INSERT INTO trabalho.usuario_esta_inscrito_no_podcast VALUES (3, 'de2f0ddb-9903-436a-a5e2-54224254c818', 'usr_175');
INSERT INTO trabalho.comentarios_podcast_usuario VALUES ('comment_175_2', 'Quaerat aut voluptates nulla.', 'de2f0ddb-9903-436a-a5e2-54224254c818', 'usr_175');
INSERT INTO trabalho.log_acesso VALUES ('log_175_2', 'de2f0ddb-9903-436a-a5e2-54224254c818', 'usr_175');
INSERT INTO trabalho.usuario VALUES ('usr_176', '176_Melissa.Barros13@bol.com.br', 'Melissa Barros', 'female', 45, 'password', 'Ruanda');
INSERT INTO trabalho.usuario_esta_inscrito_no_podcast VALUES (5, 'f8e13774-d631-4f34-93f0-2f5d55590265', 'usr_176');
INSERT INTO trabalho.comentarios_podcast_usuario VALUES ('comment_176_0', 'Maiores quisquam sequi quasi dignissimos alias.', 'f8e13774-d631-4f34-93f0-2f5d55590265', 'usr_176');
INSERT INTO trabalho.log_acesso VALUES ('log_176_0', 'f8e13774-d631-4f34-93f0-2f5d55590265', 'usr_176');
INSERT INTO trabalho.usuario_esta_inscrito_no_podcast VALUES (4, '67074e68-bc2f-442b-8af2-7d328b6af6eb', 'usr_176');
INSERT INTO trabalho.comentarios_podcast_usuario VALUES ('comment_176_1', 'Doloribus labore nulla sed saepe.', '67074e68-bc2f-442b-8af2-7d328b6af6eb', 'usr_176');
INSERT INTO trabalho.log_acesso VALUES ('log_176_1', '67074e68-bc2f-442b-8af2-7d328b6af6eb', 'usr_176');
INSERT INTO trabalho.usuario_esta_inscrito_no_podcast VALUES (1, 'c58b280a-56d4-4ad8-8c85-730e4ea86361', 'usr_176');
INSERT INTO trabalho.comentarios_podcast_usuario VALUES ('comment_176_2', 'Voluptates voluptas ratione sapiente maiores quo.', 'c58b280a-56d4-4ad8-8c85-730e4ea86361', 'usr_176');
INSERT INTO trabalho.log_acesso VALUES ('log_176_2', 'c58b280a-56d4-4ad8-8c85-730e4ea86361', 'usr_176');
INSERT INTO trabalho.usuario VALUES ('usr_177', '177_Fabiano_Martins14@yahoo.com', 'Fabiano Martins', 'male', 30, 'password', 'Bulgária');
INSERT INTO trabalho.usuario_esta_inscrito_no_podcast VALUES (4, 'de2f0ddb-9903-436a-a5e2-54224254c818', 'usr_177');
INSERT INTO trabalho.comentarios_podcast_usuario VALUES ('comment_177_0', 'Consectetur natus animi rerum et ut illo velit beatae aut.', 'de2f0ddb-9903-436a-a5e2-54224254c818', 'usr_177');
INSERT INTO trabalho.log_acesso VALUES ('log_177_0', 'de2f0ddb-9903-436a-a5e2-54224254c818', 'usr_177');
INSERT INTO trabalho.usuario_esta_inscrito_no_podcast VALUES (3, '5bdf7377-8330-4f9f-8efd-e95301c122ce', 'usr_177');
INSERT INTO trabalho.comentarios_podcast_usuario VALUES ('comment_177_1', 'Qui officiis suscipit est voluptatem eius labore ipsum quo.', '5bdf7377-8330-4f9f-8efd-e95301c122ce', 'usr_177');
INSERT INTO trabalho.log_acesso VALUES ('log_177_1', '5bdf7377-8330-4f9f-8efd-e95301c122ce', 'usr_177');
INSERT INTO trabalho.usuario_esta_inscrito_no_podcast VALUES (1, 'f8e13774-d631-4f34-93f0-2f5d55590265', 'usr_177');
INSERT INTO trabalho.comentarios_podcast_usuario VALUES ('comment_177_2', 'Voluptatem inventore libero delectus.', 'f8e13774-d631-4f34-93f0-2f5d55590265', 'usr_177');
INSERT INTO trabalho.log_acesso VALUES ('log_177_2', 'f8e13774-d631-4f34-93f0-2f5d55590265', 'usr_177');
INSERT INTO trabalho.usuario VALUES ('usr_178', '178_Alexandre.Silva79@hotmail.com', 'Alexandre Silva', 'male', 0, 'password', 'Azerbaijão');
INSERT INTO trabalho.usuario_esta_inscrito_no_podcast VALUES (4, '67074e68-bc2f-442b-8af2-7d328b6af6eb', 'usr_178');
INSERT INTO trabalho.comentarios_podcast_usuario VALUES ('comment_178_0', 'Iste enim ea.', '67074e68-bc2f-442b-8af2-7d328b6af6eb', 'usr_178');
INSERT INTO trabalho.log_acesso VALUES ('log_178_0', '67074e68-bc2f-442b-8af2-7d328b6af6eb', 'usr_178');
INSERT INTO trabalho.usuario_esta_inscrito_no_podcast VALUES (0, '7e429e8e-7669-403d-bb78-3cd7f9f75afd', 'usr_178');
INSERT INTO trabalho.comentarios_podcast_usuario VALUES ('comment_178_1', 'Odio vero debitis excepturi quia possimus et vitae.', '7e429e8e-7669-403d-bb78-3cd7f9f75afd', 'usr_178');
INSERT INTO trabalho.log_acesso VALUES ('log_178_1', '7e429e8e-7669-403d-bb78-3cd7f9f75afd', 'usr_178');
INSERT INTO trabalho.usuario_esta_inscrito_no_podcast VALUES (5, 'f1b92ce7-47a7-43cd-8586-4a09185cdd05', 'usr_178');
INSERT INTO trabalho.comentarios_podcast_usuario VALUES ('comment_178_2', 'Aspernatur et culpa qui vel architecto cumque eaque.', 'f1b92ce7-47a7-43cd-8586-4a09185cdd05', 'usr_178');
INSERT INTO trabalho.log_acesso VALUES ('log_178_2', 'f1b92ce7-47a7-43cd-8586-4a09185cdd05', 'usr_178');
INSERT INTO trabalho.usuario VALUES ('usr_179', '179_Elo.Albuquerque@yahoo.com', 'Eloá Albuquerque', 'female', 45, 'password', 'Turcas e Caicos');
INSERT INTO trabalho.usuario_esta_inscrito_no_podcast VALUES (3, 'de2f0ddb-9903-436a-a5e2-54224254c818', 'usr_179');
INSERT INTO trabalho.comentarios_podcast_usuario VALUES ('comment_179_0', 'Nisi explicabo et quibusdam quia perspiciatis et.', 'de2f0ddb-9903-436a-a5e2-54224254c818', 'usr_179');
INSERT INTO trabalho.log_acesso VALUES ('log_179_0', 'de2f0ddb-9903-436a-a5e2-54224254c818', 'usr_179');
INSERT INTO trabalho.usuario_esta_inscrito_no_podcast VALUES (1, '5bdf7377-8330-4f9f-8efd-e95301c122ce', 'usr_179');
INSERT INTO trabalho.comentarios_podcast_usuario VALUES ('comment_179_1', 'Dolore et adipisci perferendis est.', '5bdf7377-8330-4f9f-8efd-e95301c122ce', 'usr_179');
INSERT INTO trabalho.log_acesso VALUES ('log_179_1', '5bdf7377-8330-4f9f-8efd-e95301c122ce', 'usr_179');
INSERT INTO trabalho.usuario_esta_inscrito_no_podcast VALUES (2, '168c1536-4c42-4b8f-8c77-f06affefec6a', 'usr_179');
INSERT INTO trabalho.comentarios_podcast_usuario VALUES ('comment_179_2', 'At atque sed odio ducimus.', '168c1536-4c42-4b8f-8c77-f06affefec6a', 'usr_179');
INSERT INTO trabalho.log_acesso VALUES ('log_179_2', '168c1536-4c42-4b8f-8c77-f06affefec6a', 'usr_179');
INSERT INTO trabalho.usuario VALUES ('usr_180', '180_Ceclia.Costa@hotmail.com', 'Cecília Costa', 'female', 39, 'password', 'Albânia');
INSERT INTO trabalho.usuario_esta_inscrito_no_podcast VALUES (2, '67074e68-bc2f-442b-8af2-7d328b6af6eb', 'usr_180');
INSERT INTO trabalho.comentarios_podcast_usuario VALUES ('comment_180_0', 'Quidem omnis eos corporis est aliquid ratione inventore rerum.', '67074e68-bc2f-442b-8af2-7d328b6af6eb', 'usr_180');
INSERT INTO trabalho.log_acesso VALUES ('log_180_0', '67074e68-bc2f-442b-8af2-7d328b6af6eb', 'usr_180');
INSERT INTO trabalho.usuario_esta_inscrito_no_podcast VALUES (0, '168c1536-4c42-4b8f-8c77-f06affefec6a', 'usr_180');
INSERT INTO trabalho.comentarios_podcast_usuario VALUES ('comment_180_1', 'Voluptates quasi ut et id vero impedit.', '168c1536-4c42-4b8f-8c77-f06affefec6a', 'usr_180');
INSERT INTO trabalho.log_acesso VALUES ('log_180_1', '168c1536-4c42-4b8f-8c77-f06affefec6a', 'usr_180');
INSERT INTO trabalho.usuario_esta_inscrito_no_podcast VALUES (2, 'f8e13774-d631-4f34-93f0-2f5d55590265', 'usr_180');
INSERT INTO trabalho.comentarios_podcast_usuario VALUES ('comment_180_2', 'Rem quam ut nisi non temporibus ut neque a.', 'f8e13774-d631-4f34-93f0-2f5d55590265', 'usr_180');
INSERT INTO trabalho.log_acesso VALUES ('log_180_2', 'f8e13774-d631-4f34-93f0-2f5d55590265', 'usr_180');
INSERT INTO trabalho.usuario VALUES ('usr_181', '181_Ricardo86@live.com', 'Ricardo Moreira', 'male', 28, 'password', 'Wallis e Futuna');
INSERT INTO trabalho.usuario_esta_inscrito_no_podcast VALUES (3, 'c58b280a-56d4-4ad8-8c85-730e4ea86361', 'usr_181');
INSERT INTO trabalho.comentarios_podcast_usuario VALUES ('comment_181_0', 'Hic voluptas expedita adipisci velit.', 'c58b280a-56d4-4ad8-8c85-730e4ea86361', 'usr_181');
INSERT INTO trabalho.log_acesso VALUES ('log_181_0', 'c58b280a-56d4-4ad8-8c85-730e4ea86361', 'usr_181');
INSERT INTO trabalho.usuario_esta_inscrito_no_podcast VALUES (4, '168c1536-4c42-4b8f-8c77-f06affefec6a', 'usr_181');
INSERT INTO trabalho.comentarios_podcast_usuario VALUES ('comment_181_1', 'Nam optio error vitae ducimus non tempora vel repellendus.', '168c1536-4c42-4b8f-8c77-f06affefec6a', 'usr_181');
INSERT INTO trabalho.log_acesso VALUES ('log_181_1', '168c1536-4c42-4b8f-8c77-f06affefec6a', 'usr_181');
INSERT INTO trabalho.usuario_esta_inscrito_no_podcast VALUES (0, '5bdf7377-8330-4f9f-8efd-e95301c122ce', 'usr_181');
INSERT INTO trabalho.comentarios_podcast_usuario VALUES ('comment_181_2', 'Voluptatum ut ipsum nemo.', '5bdf7377-8330-4f9f-8efd-e95301c122ce', 'usr_181');
INSERT INTO trabalho.log_acesso VALUES ('log_181_2', '5bdf7377-8330-4f9f-8efd-e95301c122ce', 'usr_181');
INSERT INTO trabalho.usuario VALUES ('usr_182', '182_Karla_Xavier63@yahoo.com', 'Karla Xavier', 'female', 40, 'password', 'Toquelau');
INSERT INTO trabalho.usuario_esta_inscrito_no_podcast VALUES (0, 'b553d865-8fe2-47de-9a30-10e1dea3bd1d', 'usr_182');
INSERT INTO trabalho.comentarios_podcast_usuario VALUES ('comment_182_0', 'Enim qui velit sed numquam porro minima sapiente.', 'b553d865-8fe2-47de-9a30-10e1dea3bd1d', 'usr_182');
INSERT INTO trabalho.log_acesso VALUES ('log_182_0', 'b553d865-8fe2-47de-9a30-10e1dea3bd1d', 'usr_182');
INSERT INTO trabalho.usuario_esta_inscrito_no_podcast VALUES (1, '5bdf7377-8330-4f9f-8efd-e95301c122ce', 'usr_182');
INSERT INTO trabalho.comentarios_podcast_usuario VALUES ('comment_182_1', 'Exercitationem fugit aut facere praesentium.', '5bdf7377-8330-4f9f-8efd-e95301c122ce', 'usr_182');
INSERT INTO trabalho.log_acesso VALUES ('log_182_1', '5bdf7377-8330-4f9f-8efd-e95301c122ce', 'usr_182');
INSERT INTO trabalho.usuario_esta_inscrito_no_podcast VALUES (3, 'af46a958-b921-47b6-9f87-5c4fdc68ea79', 'usr_182');
INSERT INTO trabalho.comentarios_podcast_usuario VALUES ('comment_182_2', 'Recusandae consequuntur consequatur non aliquam veritatis corporis repellendus architecto.', 'af46a958-b921-47b6-9f87-5c4fdc68ea79', 'usr_182');
INSERT INTO trabalho.log_acesso VALUES ('log_182_2', 'af46a958-b921-47b6-9f87-5c4fdc68ea79', 'usr_182');
INSERT INTO trabalho.usuario VALUES ('usr_183', '183_Laura.Pereira92@hotmail.com', 'Laura Pereira', 'female', 9, 'password', 'Guiana');
INSERT INTO trabalho.usuario_esta_inscrito_no_podcast VALUES (2, '219328a1-cec6-4e8c-b003-52a3ec9766bb', 'usr_183');
INSERT INTO trabalho.comentarios_podcast_usuario VALUES ('comment_183_0', 'Totam sint unde et.', '219328a1-cec6-4e8c-b003-52a3ec9766bb', 'usr_183');
INSERT INTO trabalho.log_acesso VALUES ('log_183_0', '219328a1-cec6-4e8c-b003-52a3ec9766bb', 'usr_183');
INSERT INTO trabalho.usuario_esta_inscrito_no_podcast VALUES (3, '168c1536-4c42-4b8f-8c77-f06affefec6a', 'usr_183');
INSERT INTO trabalho.comentarios_podcast_usuario VALUES ('comment_183_1', 'Et est ut iure modi eum necessitatibus vero at inventore.', '168c1536-4c42-4b8f-8c77-f06affefec6a', 'usr_183');
INSERT INTO trabalho.log_acesso VALUES ('log_183_1', '168c1536-4c42-4b8f-8c77-f06affefec6a', 'usr_183');
INSERT INTO trabalho.usuario_esta_inscrito_no_podcast VALUES (0, '7e429e8e-7669-403d-bb78-3cd7f9f75afd', 'usr_183');
INSERT INTO trabalho.comentarios_podcast_usuario VALUES ('comment_183_2', 'Ipsam error aut.', '7e429e8e-7669-403d-bb78-3cd7f9f75afd', 'usr_183');
INSERT INTO trabalho.log_acesso VALUES ('log_183_2', '7e429e8e-7669-403d-bb78-3cd7f9f75afd', 'usr_183');
INSERT INTO trabalho.usuario VALUES ('usr_184', '184_Yasmin.Xavier@live.com', 'Yasmin Xavier', 'female', 46, 'password', 'Toquelau');
INSERT INTO trabalho.usuario_esta_inscrito_no_podcast VALUES (5, 'fa3abe16-3645-4d22-a01d-893e6f20c408', 'usr_184');
INSERT INTO trabalho.comentarios_podcast_usuario VALUES ('comment_184_0', 'Nihil quia amet assumenda omnis beatae numquam et molestiae magni.', 'fa3abe16-3645-4d22-a01d-893e6f20c408', 'usr_184');
INSERT INTO trabalho.log_acesso VALUES ('log_184_0', 'fa3abe16-3645-4d22-a01d-893e6f20c408', 'usr_184');
INSERT INTO trabalho.usuario_esta_inscrito_no_podcast VALUES (2, 'f8e13774-d631-4f34-93f0-2f5d55590265', 'usr_184');
INSERT INTO trabalho.comentarios_podcast_usuario VALUES ('comment_184_1', 'Totam minus a ipsum deleniti quod officiis possimus provident laudantium.', 'f8e13774-d631-4f34-93f0-2f5d55590265', 'usr_184');
INSERT INTO trabalho.log_acesso VALUES ('log_184_1', 'f8e13774-d631-4f34-93f0-2f5d55590265', 'usr_184');
INSERT INTO trabalho.usuario_esta_inscrito_no_podcast VALUES (3, '219328a1-cec6-4e8c-b003-52a3ec9766bb', 'usr_184');
INSERT INTO trabalho.comentarios_podcast_usuario VALUES ('comment_184_2', 'Cupiditate deleniti sint qui ut corrupti.', '219328a1-cec6-4e8c-b003-52a3ec9766bb', 'usr_184');
INSERT INTO trabalho.log_acesso VALUES ('log_184_2', '219328a1-cec6-4e8c-b003-52a3ec9766bb', 'usr_184');
INSERT INTO trabalho.usuario VALUES ('usr_185', '185_Maria_Moraes4@hotmail.com', 'Maria Moraes', 'female', 56, 'password', 'Turcomenistão');
INSERT INTO trabalho.usuario_esta_inscrito_no_podcast VALUES (4, 'fa3abe16-3645-4d22-a01d-893e6f20c408', 'usr_185');
INSERT INTO trabalho.comentarios_podcast_usuario VALUES ('comment_185_0', 'Non maiores nihil officiis quo debitis harum facere pariatur quod.', 'fa3abe16-3645-4d22-a01d-893e6f20c408', 'usr_185');
INSERT INTO trabalho.log_acesso VALUES ('log_185_0', 'fa3abe16-3645-4d22-a01d-893e6f20c408', 'usr_185');
INSERT INTO trabalho.usuario_esta_inscrito_no_podcast VALUES (4, '67074e68-bc2f-442b-8af2-7d328b6af6eb', 'usr_185');
INSERT INTO trabalho.comentarios_podcast_usuario VALUES ('comment_185_1', 'Ex error quisquam quidem voluptatibus minima molestiae.', '67074e68-bc2f-442b-8af2-7d328b6af6eb', 'usr_185');
INSERT INTO trabalho.log_acesso VALUES ('log_185_1', '67074e68-bc2f-442b-8af2-7d328b6af6eb', 'usr_185');
INSERT INTO trabalho.usuario_esta_inscrito_no_podcast VALUES (5, '219328a1-cec6-4e8c-b003-52a3ec9766bb', 'usr_185');
INSERT INTO trabalho.comentarios_podcast_usuario VALUES ('comment_185_2', 'Fugiat quia nesciunt repudiandae nisi et est.', '219328a1-cec6-4e8c-b003-52a3ec9766bb', 'usr_185');
INSERT INTO trabalho.log_acesso VALUES ('log_185_2', '219328a1-cec6-4e8c-b003-52a3ec9766bb', 'usr_185');
INSERT INTO trabalho.usuario VALUES ('usr_186', '186_Samuel.Silva38@bol.com.br', 'Samuel Silva', 'male', 53, 'password', 'Malawi');
INSERT INTO trabalho.usuario_esta_inscrito_no_podcast VALUES (0, '5bdf7377-8330-4f9f-8efd-e95301c122ce', 'usr_186');
INSERT INTO trabalho.comentarios_podcast_usuario VALUES ('comment_186_0', 'Quis quia aperiam eligendi eaque excepturi facere est.', '5bdf7377-8330-4f9f-8efd-e95301c122ce', 'usr_186');
INSERT INTO trabalho.log_acesso VALUES ('log_186_0', '5bdf7377-8330-4f9f-8efd-e95301c122ce', 'usr_186');
INSERT INTO trabalho.usuario_esta_inscrito_no_podcast VALUES (4, 'f0166bd2-8e4d-4308-b5d7-0b3d627c5dc5', 'usr_186');
INSERT INTO trabalho.comentarios_podcast_usuario VALUES ('comment_186_1', 'Rerum aspernatur omnis vitae fugit occaecati aliquam aliquid.', 'f0166bd2-8e4d-4308-b5d7-0b3d627c5dc5', 'usr_186');
INSERT INTO trabalho.log_acesso VALUES ('log_186_1', 'f0166bd2-8e4d-4308-b5d7-0b3d627c5dc5', 'usr_186');
INSERT INTO trabalho.usuario_esta_inscrito_no_podcast VALUES (0, 'bc8dac25-793c-4a96-aafc-4ea7020f4f60', 'usr_186');
INSERT INTO trabalho.comentarios_podcast_usuario VALUES ('comment_186_2', 'Nobis aut suscipit earum nobis vero impedit ea voluptatum.', 'bc8dac25-793c-4a96-aafc-4ea7020f4f60', 'usr_186');
INSERT INTO trabalho.log_acesso VALUES ('log_186_2', 'bc8dac25-793c-4a96-aafc-4ea7020f4f60', 'usr_186');
INSERT INTO trabalho.usuario VALUES ('usr_187', '187_Roberto58@live.com', 'Roberto Reis', 'male', 14, 'password', 'Paraguai');
INSERT INTO trabalho.usuario_esta_inscrito_no_podcast VALUES (3, '219328a1-cec6-4e8c-b003-52a3ec9766bb', 'usr_187');
INSERT INTO trabalho.comentarios_podcast_usuario VALUES ('comment_187_0', 'Aut quis doloribus.', '219328a1-cec6-4e8c-b003-52a3ec9766bb', 'usr_187');
INSERT INTO trabalho.log_acesso VALUES ('log_187_0', '219328a1-cec6-4e8c-b003-52a3ec9766bb', 'usr_187');
INSERT INTO trabalho.usuario_esta_inscrito_no_podcast VALUES (4, 'c58b280a-56d4-4ad8-8c85-730e4ea86361', 'usr_187');
INSERT INTO trabalho.comentarios_podcast_usuario VALUES ('comment_187_1', 'Quidem quis eos rerum ea.', 'c58b280a-56d4-4ad8-8c85-730e4ea86361', 'usr_187');
INSERT INTO trabalho.log_acesso VALUES ('log_187_1', 'c58b280a-56d4-4ad8-8c85-730e4ea86361', 'usr_187');
INSERT INTO trabalho.usuario_esta_inscrito_no_podcast VALUES (5, '168c1536-4c42-4b8f-8c77-f06affefec6a', 'usr_187');
INSERT INTO trabalho.comentarios_podcast_usuario VALUES ('comment_187_2', 'Autem ipsa et.', '168c1536-4c42-4b8f-8c77-f06affefec6a', 'usr_187');
INSERT INTO trabalho.log_acesso VALUES ('log_187_2', '168c1536-4c42-4b8f-8c77-f06affefec6a', 'usr_187');
INSERT INTO trabalho.usuario VALUES ('usr_188', '188_Rafaela.Barros@gmail.com', 'Rafaela Barros', 'female', 3, 'password', 'Macao');
INSERT INTO trabalho.usuario_esta_inscrito_no_podcast VALUES (2, '5bdf7377-8330-4f9f-8efd-e95301c122ce', 'usr_188');
INSERT INTO trabalho.comentarios_podcast_usuario VALUES ('comment_188_0', 'Ex aliquam omnis.', '5bdf7377-8330-4f9f-8efd-e95301c122ce', 'usr_188');
INSERT INTO trabalho.log_acesso VALUES ('log_188_0', '5bdf7377-8330-4f9f-8efd-e95301c122ce', 'usr_188');
INSERT INTO trabalho.usuario_esta_inscrito_no_podcast VALUES (0, '168c1536-4c42-4b8f-8c77-f06affefec6a', 'usr_188');
INSERT INTO trabalho.comentarios_podcast_usuario VALUES ('comment_188_1', 'Aliquam quis at est minus voluptate ut velit.', '168c1536-4c42-4b8f-8c77-f06affefec6a', 'usr_188');
INSERT INTO trabalho.log_acesso VALUES ('log_188_1', '168c1536-4c42-4b8f-8c77-f06affefec6a', 'usr_188');
INSERT INTO trabalho.usuario_esta_inscrito_no_podcast VALUES (4, '219328a1-cec6-4e8c-b003-52a3ec9766bb', 'usr_188');
INSERT INTO trabalho.comentarios_podcast_usuario VALUES ('comment_188_2', 'Explicabo praesentium nostrum vel qui facilis voluptatem velit facilis officia.', '219328a1-cec6-4e8c-b003-52a3ec9766bb', 'usr_188');
INSERT INTO trabalho.log_acesso VALUES ('log_188_2', '219328a1-cec6-4e8c-b003-52a3ec9766bb', 'usr_188');
INSERT INTO trabalho.usuario VALUES ('usr_189', '189_Manuela8@hotmail.com', 'Manuela Melo', 'female', 60, 'password', 'Romênia');
INSERT INTO trabalho.usuario_esta_inscrito_no_podcast VALUES (4, '168c1536-4c42-4b8f-8c77-f06affefec6a', 'usr_189');
INSERT INTO trabalho.comentarios_podcast_usuario VALUES ('comment_189_0', 'Tempora iure consequatur dolores facilis et minus.', '168c1536-4c42-4b8f-8c77-f06affefec6a', 'usr_189');
INSERT INTO trabalho.log_acesso VALUES ('log_189_0', '168c1536-4c42-4b8f-8c77-f06affefec6a', 'usr_189');
INSERT INTO trabalho.usuario_esta_inscrito_no_podcast VALUES (3, 'af46a958-b921-47b6-9f87-5c4fdc68ea79', 'usr_189');
INSERT INTO trabalho.comentarios_podcast_usuario VALUES ('comment_189_1', 'Corrupti accusantium est qui sed iusto nisi exercitationem fugiat.', 'af46a958-b921-47b6-9f87-5c4fdc68ea79', 'usr_189');
INSERT INTO trabalho.log_acesso VALUES ('log_189_1', 'af46a958-b921-47b6-9f87-5c4fdc68ea79', 'usr_189');
INSERT INTO trabalho.usuario_esta_inscrito_no_podcast VALUES (4, '67074e68-bc2f-442b-8af2-7d328b6af6eb', 'usr_189');
INSERT INTO trabalho.comentarios_podcast_usuario VALUES ('comment_189_2', 'Soluta aut est saepe pariatur.', '67074e68-bc2f-442b-8af2-7d328b6af6eb', 'usr_189');
INSERT INTO trabalho.log_acesso VALUES ('log_189_2', '67074e68-bc2f-442b-8af2-7d328b6af6eb', 'usr_189');
INSERT INTO trabalho.usuario VALUES ('usr_190', '190_AnaClara.Nogueira42@gmail.com', 'Ana Clara Nogueira', 'female', 20, 'password', 'Wallis e Futuna');
INSERT INTO trabalho.usuario_esta_inscrito_no_podcast VALUES (4, 'fa3abe16-3645-4d22-a01d-893e6f20c408', 'usr_190');
INSERT INTO trabalho.comentarios_podcast_usuario VALUES ('comment_190_0', 'Et et laboriosam veritatis praesentium commodi sed suscipit neque repudiandae.', 'fa3abe16-3645-4d22-a01d-893e6f20c408', 'usr_190');
INSERT INTO trabalho.log_acesso VALUES ('log_190_0', 'fa3abe16-3645-4d22-a01d-893e6f20c408', 'usr_190');
INSERT INTO trabalho.usuario_esta_inscrito_no_podcast VALUES (1, 'f0166bd2-8e4d-4308-b5d7-0b3d627c5dc5', 'usr_190');
INSERT INTO trabalho.comentarios_podcast_usuario VALUES ('comment_190_1', 'Deserunt illum saepe placeat.', 'f0166bd2-8e4d-4308-b5d7-0b3d627c5dc5', 'usr_190');
INSERT INTO trabalho.log_acesso VALUES ('log_190_1', 'f0166bd2-8e4d-4308-b5d7-0b3d627c5dc5', 'usr_190');
INSERT INTO trabalho.usuario_esta_inscrito_no_podcast VALUES (2, 'c58b280a-56d4-4ad8-8c85-730e4ea86361', 'usr_190');
INSERT INTO trabalho.comentarios_podcast_usuario VALUES ('comment_190_2', 'Ipsam optio explicabo.', 'c58b280a-56d4-4ad8-8c85-730e4ea86361', 'usr_190');
INSERT INTO trabalho.log_acesso VALUES ('log_190_2', 'c58b280a-56d4-4ad8-8c85-730e4ea86361', 'usr_190');
INSERT INTO trabalho.usuario VALUES ('usr_191', '191_Marina22@live.com', 'Marina Melo', 'female', 55, 'password', 'Moçambique');
INSERT INTO trabalho.usuario_esta_inscrito_no_podcast VALUES (2, '67074e68-bc2f-442b-8af2-7d328b6af6eb', 'usr_191');
INSERT INTO trabalho.comentarios_podcast_usuario VALUES ('comment_191_0', 'Ipsam hic vitae.', '67074e68-bc2f-442b-8af2-7d328b6af6eb', 'usr_191');
INSERT INTO trabalho.log_acesso VALUES ('log_191_0', '67074e68-bc2f-442b-8af2-7d328b6af6eb', 'usr_191');
INSERT INTO trabalho.usuario_esta_inscrito_no_podcast VALUES (4, 'f8e13774-d631-4f34-93f0-2f5d55590265', 'usr_191');
INSERT INTO trabalho.comentarios_podcast_usuario VALUES ('comment_191_1', 'Voluptas similique delectus iste ex.', 'f8e13774-d631-4f34-93f0-2f5d55590265', 'usr_191');
INSERT INTO trabalho.log_acesso VALUES ('log_191_1', 'f8e13774-d631-4f34-93f0-2f5d55590265', 'usr_191');
INSERT INTO trabalho.usuario_esta_inscrito_no_podcast VALUES (2, '5bdf7377-8330-4f9f-8efd-e95301c122ce', 'usr_191');
INSERT INTO trabalho.comentarios_podcast_usuario VALUES ('comment_191_2', 'Et sit temporibus architecto quis itaque occaecati quis sit.', '5bdf7377-8330-4f9f-8efd-e95301c122ce', 'usr_191');
INSERT INTO trabalho.log_acesso VALUES ('log_191_2', '5bdf7377-8330-4f9f-8efd-e95301c122ce', 'usr_191');
INSERT INTO trabalho.usuario VALUES ('usr_192', '192_JooMiguel.Saraiva16@hotmail.com', 'João Miguel Saraiva', 'male', 31, 'password', 'Montserrat');
INSERT INTO trabalho.usuario_esta_inscrito_no_podcast VALUES (4, '67074e68-bc2f-442b-8af2-7d328b6af6eb', 'usr_192');
INSERT INTO trabalho.comentarios_podcast_usuario VALUES ('comment_192_0', 'Similique voluptates optio magnam aperiam vitae sit.', '67074e68-bc2f-442b-8af2-7d328b6af6eb', 'usr_192');
INSERT INTO trabalho.log_acesso VALUES ('log_192_0', '67074e68-bc2f-442b-8af2-7d328b6af6eb', 'usr_192');
INSERT INTO trabalho.usuario_esta_inscrito_no_podcast VALUES (1, 'af46a958-b921-47b6-9f87-5c4fdc68ea79', 'usr_192');
INSERT INTO trabalho.comentarios_podcast_usuario VALUES ('comment_192_1', 'Sunt illum saepe sunt sit.', 'af46a958-b921-47b6-9f87-5c4fdc68ea79', 'usr_192');
INSERT INTO trabalho.log_acesso VALUES ('log_192_1', 'af46a958-b921-47b6-9f87-5c4fdc68ea79', 'usr_192');
INSERT INTO trabalho.usuario_esta_inscrito_no_podcast VALUES (2, '219328a1-cec6-4e8c-b003-52a3ec9766bb', 'usr_192');
INSERT INTO trabalho.comentarios_podcast_usuario VALUES ('comment_192_2', 'Mollitia corporis quos sunt sed nemo nesciunt consequatur.', '219328a1-cec6-4e8c-b003-52a3ec9766bb', 'usr_192');
INSERT INTO trabalho.log_acesso VALUES ('log_192_2', '219328a1-cec6-4e8c-b003-52a3ec9766bb', 'usr_192');
INSERT INTO trabalho.usuario VALUES ('usr_193', '193_Raul60@hotmail.com', 'Raul Moreira', 'male', 54, 'password', 'Antigua and Barbada');
INSERT INTO trabalho.usuario_esta_inscrito_no_podcast VALUES (0, 'bc8dac25-793c-4a96-aafc-4ea7020f4f60', 'usr_193');
INSERT INTO trabalho.comentarios_podcast_usuario VALUES ('comment_193_0', 'Officia velit nemo.', 'bc8dac25-793c-4a96-aafc-4ea7020f4f60', 'usr_193');
INSERT INTO trabalho.log_acesso VALUES ('log_193_0', 'bc8dac25-793c-4a96-aafc-4ea7020f4f60', 'usr_193');
INSERT INTO trabalho.usuario_esta_inscrito_no_podcast VALUES (5, '168c1536-4c42-4b8f-8c77-f06affefec6a', 'usr_193');
INSERT INTO trabalho.comentarios_podcast_usuario VALUES ('comment_193_1', 'Quibusdam dolores repudiandae perspiciatis et libero et iure.', '168c1536-4c42-4b8f-8c77-f06affefec6a', 'usr_193');
INSERT INTO trabalho.log_acesso VALUES ('log_193_1', '168c1536-4c42-4b8f-8c77-f06affefec6a', 'usr_193');
INSERT INTO trabalho.usuario_esta_inscrito_no_podcast VALUES (1, 'de2f0ddb-9903-436a-a5e2-54224254c818', 'usr_193');
INSERT INTO trabalho.comentarios_podcast_usuario VALUES ('comment_193_2', 'Maxime incidunt repellat sint.', 'de2f0ddb-9903-436a-a5e2-54224254c818', 'usr_193');
INSERT INTO trabalho.log_acesso VALUES ('log_193_2', 'de2f0ddb-9903-436a-a5e2-54224254c818', 'usr_193');
INSERT INTO trabalho.usuario VALUES ('usr_194', '194_Matheus3@live.com', 'Matheus Moraes', 'male', 13, 'password', 'República Tcheca');
INSERT INTO trabalho.usuario_esta_inscrito_no_podcast VALUES (5, '219328a1-cec6-4e8c-b003-52a3ec9766bb', 'usr_194');
INSERT INTO trabalho.comentarios_podcast_usuario VALUES ('comment_194_0', 'Id sit et earum laborum corporis non rerum id facere.', '219328a1-cec6-4e8c-b003-52a3ec9766bb', 'usr_194');
INSERT INTO trabalho.log_acesso VALUES ('log_194_0', '219328a1-cec6-4e8c-b003-52a3ec9766bb', 'usr_194');
INSERT INTO trabalho.usuario_esta_inscrito_no_podcast VALUES (0, 'f1b92ce7-47a7-43cd-8586-4a09185cdd05', 'usr_194');
INSERT INTO trabalho.comentarios_podcast_usuario VALUES ('comment_194_1', 'Aut totam vel ducimus laboriosam qui.', 'f1b92ce7-47a7-43cd-8586-4a09185cdd05', 'usr_194');
INSERT INTO trabalho.log_acesso VALUES ('log_194_1', 'f1b92ce7-47a7-43cd-8586-4a09185cdd05', 'usr_194');
INSERT INTO trabalho.usuario_esta_inscrito_no_podcast VALUES (3, 'fa3abe16-3645-4d22-a01d-893e6f20c408', 'usr_194');
INSERT INTO trabalho.comentarios_podcast_usuario VALUES ('comment_194_2', 'Esse vel deserunt numquam tenetur et aspernatur ea.', 'fa3abe16-3645-4d22-a01d-893e6f20c408', 'usr_194');
INSERT INTO trabalho.log_acesso VALUES ('log_194_2', 'fa3abe16-3645-4d22-a01d-893e6f20c408', 'usr_194');
INSERT INTO trabalho.usuario VALUES ('usr_195', '195_Ladislau_Pereira@live.com', 'Ladislau Pereira', 'male', 60, 'password', 'Senegal');
INSERT INTO trabalho.usuario_esta_inscrito_no_podcast VALUES (0, 'fa3abe16-3645-4d22-a01d-893e6f20c408', 'usr_195');
INSERT INTO trabalho.comentarios_podcast_usuario VALUES ('comment_195_0', 'Nam qui sunt nihil in eos est molestias impedit facilis.', 'fa3abe16-3645-4d22-a01d-893e6f20c408', 'usr_195');
INSERT INTO trabalho.log_acesso VALUES ('log_195_0', 'fa3abe16-3645-4d22-a01d-893e6f20c408', 'usr_195');
INSERT INTO trabalho.usuario_esta_inscrito_no_podcast VALUES (5, '5bdf7377-8330-4f9f-8efd-e95301c122ce', 'usr_195');
INSERT INTO trabalho.comentarios_podcast_usuario VALUES ('comment_195_1', 'Fuga aliquam eum provident nam et et nihil molestiae.', '5bdf7377-8330-4f9f-8efd-e95301c122ce', 'usr_195');
INSERT INTO trabalho.log_acesso VALUES ('log_195_1', '5bdf7377-8330-4f9f-8efd-e95301c122ce', 'usr_195');
INSERT INTO trabalho.usuario_esta_inscrito_no_podcast VALUES (1, '219328a1-cec6-4e8c-b003-52a3ec9766bb', 'usr_195');
INSERT INTO trabalho.comentarios_podcast_usuario VALUES ('comment_195_2', 'Necessitatibus ipsam deleniti aliquam voluptates.', '219328a1-cec6-4e8c-b003-52a3ec9766bb', 'usr_195');
INSERT INTO trabalho.log_acesso VALUES ('log_195_2', '219328a1-cec6-4e8c-b003-52a3ec9766bb', 'usr_195');
INSERT INTO trabalho.usuario VALUES ('usr_196', '196_Manuela.Barros19@yahoo.com', 'Manuela Barros', 'female', 12, 'password', 'Polônia');
INSERT INTO trabalho.usuario_esta_inscrito_no_podcast VALUES (4, 'de2f0ddb-9903-436a-a5e2-54224254c818', 'usr_196');
INSERT INTO trabalho.comentarios_podcast_usuario VALUES ('comment_196_0', 'Hic laborum ullam doloribus assumenda quo nesciunt.', 'de2f0ddb-9903-436a-a5e2-54224254c818', 'usr_196');
INSERT INTO trabalho.log_acesso VALUES ('log_196_0', 'de2f0ddb-9903-436a-a5e2-54224254c818', 'usr_196');
INSERT INTO trabalho.usuario_esta_inscrito_no_podcast VALUES (5, 'f0166bd2-8e4d-4308-b5d7-0b3d627c5dc5', 'usr_196');
INSERT INTO trabalho.comentarios_podcast_usuario VALUES ('comment_196_1', 'Neque repellat maiores doloribus et dolores.', 'f0166bd2-8e4d-4308-b5d7-0b3d627c5dc5', 'usr_196');
INSERT INTO trabalho.log_acesso VALUES ('log_196_1', 'f0166bd2-8e4d-4308-b5d7-0b3d627c5dc5', 'usr_196');
INSERT INTO trabalho.usuario_esta_inscrito_no_podcast VALUES (0, '168c1536-4c42-4b8f-8c77-f06affefec6a', 'usr_196');
INSERT INTO trabalho.comentarios_podcast_usuario VALUES ('comment_196_2', 'Facilis et atque deserunt et exercitationem.', '168c1536-4c42-4b8f-8c77-f06affefec6a', 'usr_196');
INSERT INTO trabalho.log_acesso VALUES ('log_196_2', '168c1536-4c42-4b8f-8c77-f06affefec6a', 'usr_196');
INSERT INTO trabalho.usuario VALUES ('usr_197', '197_Manuela_Batista@hotmail.com', 'Manuela Batista', 'female', 36, 'password', 'Comores');
INSERT INTO trabalho.usuario_esta_inscrito_no_podcast VALUES (0, '168c1536-4c42-4b8f-8c77-f06affefec6a', 'usr_197');
INSERT INTO trabalho.comentarios_podcast_usuario VALUES ('comment_197_0', 'Consequatur esse accusamus dicta sint et maxime exercitationem.', '168c1536-4c42-4b8f-8c77-f06affefec6a', 'usr_197');
INSERT INTO trabalho.log_acesso VALUES ('log_197_0', '168c1536-4c42-4b8f-8c77-f06affefec6a', 'usr_197');
INSERT INTO trabalho.usuario_esta_inscrito_no_podcast VALUES (1, 'c58b280a-56d4-4ad8-8c85-730e4ea86361', 'usr_197');
INSERT INTO trabalho.comentarios_podcast_usuario VALUES ('comment_197_1', 'Et corrupti voluptas sit expedita a ut facilis voluptatibus.', 'c58b280a-56d4-4ad8-8c85-730e4ea86361', 'usr_197');
INSERT INTO trabalho.log_acesso VALUES ('log_197_1', 'c58b280a-56d4-4ad8-8c85-730e4ea86361', 'usr_197');
INSERT INTO trabalho.usuario_esta_inscrito_no_podcast VALUES (3, 'fa3abe16-3645-4d22-a01d-893e6f20c408', 'usr_197');
INSERT INTO trabalho.comentarios_podcast_usuario VALUES ('comment_197_2', 'Totam omnis ea atque atque ipsum necessitatibus ipsum.', 'fa3abe16-3645-4d22-a01d-893e6f20c408', 'usr_197');
INSERT INTO trabalho.log_acesso VALUES ('log_197_2', 'fa3abe16-3645-4d22-a01d-893e6f20c408', 'usr_197');
INSERT INTO trabalho.usuario VALUES ('usr_198', '198_Guilherme_Carvalho19@gmail.com', 'Guilherme Carvalho', 'male', 13, 'password', 'Qatar');
INSERT INTO trabalho.usuario_esta_inscrito_no_podcast VALUES (5, 'de2f0ddb-9903-436a-a5e2-54224254c818', 'usr_198');
INSERT INTO trabalho.comentarios_podcast_usuario VALUES ('comment_198_0', 'Est est error architecto.', 'de2f0ddb-9903-436a-a5e2-54224254c818', 'usr_198');
INSERT INTO trabalho.log_acesso VALUES ('log_198_0', 'de2f0ddb-9903-436a-a5e2-54224254c818', 'usr_198');
INSERT INTO trabalho.usuario_esta_inscrito_no_podcast VALUES (5, '168c1536-4c42-4b8f-8c77-f06affefec6a', 'usr_198');
INSERT INTO trabalho.comentarios_podcast_usuario VALUES ('comment_198_1', 'Occaecati aut vel id.', '168c1536-4c42-4b8f-8c77-f06affefec6a', 'usr_198');
INSERT INTO trabalho.log_acesso VALUES ('log_198_1', '168c1536-4c42-4b8f-8c77-f06affefec6a', 'usr_198');
INSERT INTO trabalho.usuario_esta_inscrito_no_podcast VALUES (0, '219328a1-cec6-4e8c-b003-52a3ec9766bb', 'usr_198');
INSERT INTO trabalho.comentarios_podcast_usuario VALUES ('comment_198_2', 'Et rerum quod nemo.', '219328a1-cec6-4e8c-b003-52a3ec9766bb', 'usr_198');
INSERT INTO trabalho.log_acesso VALUES ('log_198_2', '219328a1-cec6-4e8c-b003-52a3ec9766bb', 'usr_198');
INSERT INTO trabalho.usuario VALUES ('usr_199', '199_JooMiguel_Carvalho@live.com', 'João Miguel Carvalho', 'male', 9, 'password', 'Holanda');
INSERT INTO trabalho.usuario_esta_inscrito_no_podcast VALUES (2, '219328a1-cec6-4e8c-b003-52a3ec9766bb', 'usr_199');
INSERT INTO trabalho.comentarios_podcast_usuario VALUES ('comment_199_0', 'Facere mollitia autem unde expedita sint et.', '219328a1-cec6-4e8c-b003-52a3ec9766bb', 'usr_199');
INSERT INTO trabalho.log_acesso VALUES ('log_199_0', '219328a1-cec6-4e8c-b003-52a3ec9766bb', 'usr_199');
INSERT INTO trabalho.usuario_esta_inscrito_no_podcast VALUES (5, 'fa3abe16-3645-4d22-a01d-893e6f20c408', 'usr_199');
INSERT INTO trabalho.comentarios_podcast_usuario VALUES ('comment_199_1', 'Saepe quidem amet illum iste incidunt placeat ut dolores repudiandae.', 'fa3abe16-3645-4d22-a01d-893e6f20c408', 'usr_199');
INSERT INTO trabalho.log_acesso VALUES ('log_199_1', 'fa3abe16-3645-4d22-a01d-893e6f20c408', 'usr_199');
INSERT INTO trabalho.usuario_esta_inscrito_no_podcast VALUES (0, '67074e68-bc2f-442b-8af2-7d328b6af6eb', 'usr_199');
INSERT INTO trabalho.comentarios_podcast_usuario VALUES ('comment_199_2', 'Consequatur aut temporibus ut nihil nulla quisquam qui culpa voluptatem.', '67074e68-bc2f-442b-8af2-7d328b6af6eb', 'usr_199');
INSERT INTO trabalho.log_acesso VALUES ('log_199_2', '67074e68-bc2f-442b-8af2-7d328b6af6eb', 'usr_199');
INSERT INTO trabalho.usuario VALUES ('usr_200', '200_Melissa67@yahoo.com', 'Melissa Moraes', 'female', 0, 'password', 'Andorra');
INSERT INTO trabalho.usuario_esta_inscrito_no_podcast VALUES (5, 'c58b280a-56d4-4ad8-8c85-730e4ea86361', 'usr_200');
INSERT INTO trabalho.comentarios_podcast_usuario VALUES ('comment_200_0', 'Aperiam aliquam dolor.', 'c58b280a-56d4-4ad8-8c85-730e4ea86361', 'usr_200');
INSERT INTO trabalho.log_acesso VALUES ('log_200_0', 'c58b280a-56d4-4ad8-8c85-730e4ea86361', 'usr_200');
INSERT INTO trabalho.usuario_esta_inscrito_no_podcast VALUES (3, 'f8e13774-d631-4f34-93f0-2f5d55590265', 'usr_200');
INSERT INTO trabalho.comentarios_podcast_usuario VALUES ('comment_200_1', 'Similique ullam quibusdam doloribus cum id.', 'f8e13774-d631-4f34-93f0-2f5d55590265', 'usr_200');
INSERT INTO trabalho.log_acesso VALUES ('log_200_1', 'f8e13774-d631-4f34-93f0-2f5d55590265', 'usr_200');
INSERT INTO trabalho.usuario_esta_inscrito_no_podcast VALUES (5, 'bc8dac25-793c-4a96-aafc-4ea7020f4f60', 'usr_200');
INSERT INTO trabalho.comentarios_podcast_usuario VALUES ('comment_200_2', 'Vitae perspiciatis fugiat sunt a rerum.', 'bc8dac25-793c-4a96-aafc-4ea7020f4f60', 'usr_200');
INSERT INTO trabalho.log_acesso VALUES ('log_200_2', 'bc8dac25-793c-4a96-aafc-4ea7020f4f60', 'usr_200');
INSERT INTO trabalho.usuario VALUES ('usr_201', '201_Clara_Franco@hotmail.com', 'Clara Franco', 'female', 41, 'password', 'República da África Central');
INSERT INTO trabalho.usuario_esta_inscrito_no_podcast VALUES (1, '67074e68-bc2f-442b-8af2-7d328b6af6eb', 'usr_201');
INSERT INTO trabalho.comentarios_podcast_usuario VALUES ('comment_201_0', 'Porro in dicta.', '67074e68-bc2f-442b-8af2-7d328b6af6eb', 'usr_201');
INSERT INTO trabalho.log_acesso VALUES ('log_201_0', '67074e68-bc2f-442b-8af2-7d328b6af6eb', 'usr_201');
INSERT INTO trabalho.usuario_esta_inscrito_no_podcast VALUES (1, '5bdf7377-8330-4f9f-8efd-e95301c122ce', 'usr_201');
INSERT INTO trabalho.comentarios_podcast_usuario VALUES ('comment_201_1', 'Maxime ea et delectus dolorum dolorem necessitatibus.', '5bdf7377-8330-4f9f-8efd-e95301c122ce', 'usr_201');
INSERT INTO trabalho.log_acesso VALUES ('log_201_1', '5bdf7377-8330-4f9f-8efd-e95301c122ce', 'usr_201');
INSERT INTO trabalho.usuario_esta_inscrito_no_podcast VALUES (1, '219328a1-cec6-4e8c-b003-52a3ec9766bb', 'usr_201');
INSERT INTO trabalho.comentarios_podcast_usuario VALUES ('comment_201_2', 'Non consequatur a minima similique ratione laboriosam et.', '219328a1-cec6-4e8c-b003-52a3ec9766bb', 'usr_201');
INSERT INTO trabalho.log_acesso VALUES ('log_201_2', '219328a1-cec6-4e8c-b003-52a3ec9766bb', 'usr_201');
INSERT INTO trabalho.usuario VALUES ('usr_202', '202_Isabela_Martins@live.com', 'Isabela Martins', 'female', 45, 'password', 'Turcas e Caicos');
INSERT INTO trabalho.usuario_esta_inscrito_no_podcast VALUES (3, 'f8e13774-d631-4f34-93f0-2f5d55590265', 'usr_202');
INSERT INTO trabalho.comentarios_podcast_usuario VALUES ('comment_202_0', 'Et cumque voluptas ratione et qui voluptatibus culpa impedit.', 'f8e13774-d631-4f34-93f0-2f5d55590265', 'usr_202');
INSERT INTO trabalho.log_acesso VALUES ('log_202_0', 'f8e13774-d631-4f34-93f0-2f5d55590265', 'usr_202');
INSERT INTO trabalho.usuario_esta_inscrito_no_podcast VALUES (5, '5bdf7377-8330-4f9f-8efd-e95301c122ce', 'usr_202');
INSERT INTO trabalho.comentarios_podcast_usuario VALUES ('comment_202_1', 'Provident minus sit est explicabo et.', '5bdf7377-8330-4f9f-8efd-e95301c122ce', 'usr_202');
INSERT INTO trabalho.log_acesso VALUES ('log_202_1', '5bdf7377-8330-4f9f-8efd-e95301c122ce', 'usr_202');
INSERT INTO trabalho.usuario_esta_inscrito_no_podcast VALUES (3, 'f1b92ce7-47a7-43cd-8586-4a09185cdd05', 'usr_202');
INSERT INTO trabalho.comentarios_podcast_usuario VALUES ('comment_202_2', 'Provident nesciunt voluptatem et omnis sed sequi quia.', 'f1b92ce7-47a7-43cd-8586-4a09185cdd05', 'usr_202');
INSERT INTO trabalho.log_acesso VALUES ('log_202_2', 'f1b92ce7-47a7-43cd-8586-4a09185cdd05', 'usr_202');
INSERT INTO trabalho.usuario VALUES ('usr_203', '203_Rafaela_Barros21@yahoo.com', 'Rafaela Barros', 'female', 26, 'password', 'Nova Caledonia');
INSERT INTO trabalho.usuario_esta_inscrito_no_podcast VALUES (3, '67074e68-bc2f-442b-8af2-7d328b6af6eb', 'usr_203');
INSERT INTO trabalho.comentarios_podcast_usuario VALUES ('comment_203_0', 'Voluptas quae doloremque.', '67074e68-bc2f-442b-8af2-7d328b6af6eb', 'usr_203');
INSERT INTO trabalho.log_acesso VALUES ('log_203_0', '67074e68-bc2f-442b-8af2-7d328b6af6eb', 'usr_203');
INSERT INTO trabalho.usuario_esta_inscrito_no_podcast VALUES (1, 'c58b280a-56d4-4ad8-8c85-730e4ea86361', 'usr_203');
INSERT INTO trabalho.comentarios_podcast_usuario VALUES ('comment_203_1', 'Eos provident eaque eius quod laboriosam omnis esse.', 'c58b280a-56d4-4ad8-8c85-730e4ea86361', 'usr_203');
INSERT INTO trabalho.log_acesso VALUES ('log_203_1', 'c58b280a-56d4-4ad8-8c85-730e4ea86361', 'usr_203');
INSERT INTO trabalho.usuario_esta_inscrito_no_podcast VALUES (3, 'f1b92ce7-47a7-43cd-8586-4a09185cdd05', 'usr_203');
INSERT INTO trabalho.comentarios_podcast_usuario VALUES ('comment_203_2', 'Maxime sit voluptatem voluptas rerum numquam at sed.', 'f1b92ce7-47a7-43cd-8586-4a09185cdd05', 'usr_203');
INSERT INTO trabalho.log_acesso VALUES ('log_203_2', 'f1b92ce7-47a7-43cd-8586-4a09185cdd05', 'usr_203');
INSERT INTO trabalho.usuario VALUES ('usr_204', '204_MariaCeclia.Reis13@gmail.com', 'Maria Cecília Reis', 'female', 8, 'password', 'Ilhas Cocos');
INSERT INTO trabalho.usuario_esta_inscrito_no_podcast VALUES (5, 'f1b92ce7-47a7-43cd-8586-4a09185cdd05', 'usr_204');
INSERT INTO trabalho.comentarios_podcast_usuario VALUES ('comment_204_0', 'Doloremque et facilis quas odio.', 'f1b92ce7-47a7-43cd-8586-4a09185cdd05', 'usr_204');
INSERT INTO trabalho.log_acesso VALUES ('log_204_0', 'f1b92ce7-47a7-43cd-8586-4a09185cdd05', 'usr_204');
INSERT INTO trabalho.usuario_esta_inscrito_no_podcast VALUES (1, 'b553d865-8fe2-47de-9a30-10e1dea3bd1d', 'usr_204');
INSERT INTO trabalho.comentarios_podcast_usuario VALUES ('comment_204_1', 'Nulla in dolores est sint.', 'b553d865-8fe2-47de-9a30-10e1dea3bd1d', 'usr_204');
INSERT INTO trabalho.log_acesso VALUES ('log_204_1', 'b553d865-8fe2-47de-9a30-10e1dea3bd1d', 'usr_204');
INSERT INTO trabalho.usuario_esta_inscrito_no_podcast VALUES (3, '67074e68-bc2f-442b-8af2-7d328b6af6eb', 'usr_204');
INSERT INTO trabalho.comentarios_podcast_usuario VALUES ('comment_204_2', 'Incidunt tenetur quas accusamus molestiae nobis ut temporibus dicta.', '67074e68-bc2f-442b-8af2-7d328b6af6eb', 'usr_204');
INSERT INTO trabalho.log_acesso VALUES ('log_204_2', '67074e68-bc2f-442b-8af2-7d328b6af6eb', 'usr_204');
INSERT INTO trabalho.usuario VALUES ('usr_205', '205_Guilherme26@live.com', 'Guilherme Martins', 'male', 22, 'password', 'Somália');
INSERT INTO trabalho.usuario_esta_inscrito_no_podcast VALUES (3, '67074e68-bc2f-442b-8af2-7d328b6af6eb', 'usr_205');
INSERT INTO trabalho.comentarios_podcast_usuario VALUES ('comment_205_0', 'Dolor consectetur fuga corporis sit rerum.', '67074e68-bc2f-442b-8af2-7d328b6af6eb', 'usr_205');
INSERT INTO trabalho.log_acesso VALUES ('log_205_0', '67074e68-bc2f-442b-8af2-7d328b6af6eb', 'usr_205');
INSERT INTO trabalho.usuario_esta_inscrito_no_podcast VALUES (1, '5bdf7377-8330-4f9f-8efd-e95301c122ce', 'usr_205');
INSERT INTO trabalho.comentarios_podcast_usuario VALUES ('comment_205_1', 'Molestiae voluptatem id ipsa.', '5bdf7377-8330-4f9f-8efd-e95301c122ce', 'usr_205');
INSERT INTO trabalho.log_acesso VALUES ('log_205_1', '5bdf7377-8330-4f9f-8efd-e95301c122ce', 'usr_205');
INSERT INTO trabalho.usuario_esta_inscrito_no_podcast VALUES (4, 'f1b92ce7-47a7-43cd-8586-4a09185cdd05', 'usr_205');
INSERT INTO trabalho.comentarios_podcast_usuario VALUES ('comment_205_2', 'Quam fuga ut iure aut.', 'f1b92ce7-47a7-43cd-8586-4a09185cdd05', 'usr_205');
INSERT INTO trabalho.log_acesso VALUES ('log_205_2', 'f1b92ce7-47a7-43cd-8586-4a09185cdd05', 'usr_205');
INSERT INTO trabalho.usuario VALUES ('usr_206', '206_DaviLucca29@bol.com.br', 'Davi Lucca Martins', 'male', 57, 'password', 'Montserrat');
INSERT INTO trabalho.usuario_esta_inscrito_no_podcast VALUES (4, '219328a1-cec6-4e8c-b003-52a3ec9766bb', 'usr_206');
INSERT INTO trabalho.comentarios_podcast_usuario VALUES ('comment_206_0', 'Cumque voluptatem nobis.', '219328a1-cec6-4e8c-b003-52a3ec9766bb', 'usr_206');
INSERT INTO trabalho.log_acesso VALUES ('log_206_0', '219328a1-cec6-4e8c-b003-52a3ec9766bb', 'usr_206');
INSERT INTO trabalho.usuario_esta_inscrito_no_podcast VALUES (3, 'b553d865-8fe2-47de-9a30-10e1dea3bd1d', 'usr_206');
INSERT INTO trabalho.comentarios_podcast_usuario VALUES ('comment_206_1', 'Repellendus qui enim fugiat at aut non.', 'b553d865-8fe2-47de-9a30-10e1dea3bd1d', 'usr_206');
INSERT INTO trabalho.log_acesso VALUES ('log_206_1', 'b553d865-8fe2-47de-9a30-10e1dea3bd1d', 'usr_206');
INSERT INTO trabalho.usuario_esta_inscrito_no_podcast VALUES (5, '7e429e8e-7669-403d-bb78-3cd7f9f75afd', 'usr_206');
INSERT INTO trabalho.comentarios_podcast_usuario VALUES ('comment_206_2', 'Voluptatem magni debitis non est.', '7e429e8e-7669-403d-bb78-3cd7f9f75afd', 'usr_206');
INSERT INTO trabalho.log_acesso VALUES ('log_206_2', '7e429e8e-7669-403d-bb78-3cd7f9f75afd', 'usr_206');
INSERT INTO trabalho.usuario VALUES ('usr_207', '207_Sulen_Saraiva75@bol.com.br', 'Suélen Saraiva', 'female', 20, 'password', 'Jamaica');
INSERT INTO trabalho.usuario_esta_inscrito_no_podcast VALUES (3, 'f0166bd2-8e4d-4308-b5d7-0b3d627c5dc5', 'usr_207');
INSERT INTO trabalho.comentarios_podcast_usuario VALUES ('comment_207_0', 'Et aut placeat reiciendis autem aut rerum maxime.', 'f0166bd2-8e4d-4308-b5d7-0b3d627c5dc5', 'usr_207');
INSERT INTO trabalho.log_acesso VALUES ('log_207_0', 'f0166bd2-8e4d-4308-b5d7-0b3d627c5dc5', 'usr_207');
INSERT INTO trabalho.usuario_esta_inscrito_no_podcast VALUES (2, 'c58b280a-56d4-4ad8-8c85-730e4ea86361', 'usr_207');
INSERT INTO trabalho.comentarios_podcast_usuario VALUES ('comment_207_1', 'Qui temporibus qui omnis ea minus ex quisquam.', 'c58b280a-56d4-4ad8-8c85-730e4ea86361', 'usr_207');
INSERT INTO trabalho.log_acesso VALUES ('log_207_1', 'c58b280a-56d4-4ad8-8c85-730e4ea86361', 'usr_207');
INSERT INTO trabalho.usuario_esta_inscrito_no_podcast VALUES (4, 'b553d865-8fe2-47de-9a30-10e1dea3bd1d', 'usr_207');
INSERT INTO trabalho.comentarios_podcast_usuario VALUES ('comment_207_2', 'Aut nihil odio qui rerum voluptatem eos facilis.', 'b553d865-8fe2-47de-9a30-10e1dea3bd1d', 'usr_207');
INSERT INTO trabalho.log_acesso VALUES ('log_207_2', 'b553d865-8fe2-47de-9a30-10e1dea3bd1d', 'usr_207');
INSERT INTO trabalho.usuario VALUES ('usr_208', '208_Joaquim85@hotmail.com', 'Joaquim Melo', 'male', 6, 'password', 'Guiné Francesa');
INSERT INTO trabalho.usuario_esta_inscrito_no_podcast VALUES (2, 'f0166bd2-8e4d-4308-b5d7-0b3d627c5dc5', 'usr_208');
INSERT INTO trabalho.comentarios_podcast_usuario VALUES ('comment_208_0', 'Officia est voluptatem mollitia quae dicta adipisci aut voluptas.', 'f0166bd2-8e4d-4308-b5d7-0b3d627c5dc5', 'usr_208');
INSERT INTO trabalho.log_acesso VALUES ('log_208_0', 'f0166bd2-8e4d-4308-b5d7-0b3d627c5dc5', 'usr_208');
INSERT INTO trabalho.usuario_esta_inscrito_no_podcast VALUES (0, 'af46a958-b921-47b6-9f87-5c4fdc68ea79', 'usr_208');
INSERT INTO trabalho.comentarios_podcast_usuario VALUES ('comment_208_1', 'Nam quos unde eos.', 'af46a958-b921-47b6-9f87-5c4fdc68ea79', 'usr_208');
INSERT INTO trabalho.log_acesso VALUES ('log_208_1', 'af46a958-b921-47b6-9f87-5c4fdc68ea79', 'usr_208');
INSERT INTO trabalho.usuario_esta_inscrito_no_podcast VALUES (4, 'fa3abe16-3645-4d22-a01d-893e6f20c408', 'usr_208');
INSERT INTO trabalho.comentarios_podcast_usuario VALUES ('comment_208_2', 'Voluptatem eius quo rerum dignissimos totam dignissimos ratione et.', 'fa3abe16-3645-4d22-a01d-893e6f20c408', 'usr_208');
INSERT INTO trabalho.log_acesso VALUES ('log_208_2', 'fa3abe16-3645-4d22-a01d-893e6f20c408', 'usr_208');
INSERT INTO trabalho.usuario VALUES ('usr_209', '209_Esther16@hotmail.com', 'Esther Moraes', 'female', 30, 'password', 'República Dominicana');
INSERT INTO trabalho.usuario_esta_inscrito_no_podcast VALUES (0, 'de2f0ddb-9903-436a-a5e2-54224254c818', 'usr_209');
INSERT INTO trabalho.comentarios_podcast_usuario VALUES ('comment_209_0', 'Exercitationem est consequatur.', 'de2f0ddb-9903-436a-a5e2-54224254c818', 'usr_209');
INSERT INTO trabalho.log_acesso VALUES ('log_209_0', 'de2f0ddb-9903-436a-a5e2-54224254c818', 'usr_209');
INSERT INTO trabalho.usuario_esta_inscrito_no_podcast VALUES (2, '219328a1-cec6-4e8c-b003-52a3ec9766bb', 'usr_209');
INSERT INTO trabalho.comentarios_podcast_usuario VALUES ('comment_209_1', 'A est nemo laborum omnis.', '219328a1-cec6-4e8c-b003-52a3ec9766bb', 'usr_209');
INSERT INTO trabalho.log_acesso VALUES ('log_209_1', '219328a1-cec6-4e8c-b003-52a3ec9766bb', 'usr_209');
INSERT INTO trabalho.usuario_esta_inscrito_no_podcast VALUES (4, 'b553d865-8fe2-47de-9a30-10e1dea3bd1d', 'usr_209');
INSERT INTO trabalho.comentarios_podcast_usuario VALUES ('comment_209_2', 'Iusto perferendis quam alias similique perferendis labore debitis voluptatem.', 'b553d865-8fe2-47de-9a30-10e1dea3bd1d', 'usr_209');
INSERT INTO trabalho.log_acesso VALUES ('log_209_2', 'b553d865-8fe2-47de-9a30-10e1dea3bd1d', 'usr_209');
INSERT INTO trabalho.usuario VALUES ('usr_210', '210_Manuela.Macedo@hotmail.com', 'Manuela Macedo', 'female', 25, 'password', 'Nigéria');
INSERT INTO trabalho.usuario_esta_inscrito_no_podcast VALUES (0, 'f8e13774-d631-4f34-93f0-2f5d55590265', 'usr_210');
INSERT INTO trabalho.comentarios_podcast_usuario VALUES ('comment_210_0', 'Sit doloribus rem nihil repellat dolorem voluptatem exercitationem possimus.', 'f8e13774-d631-4f34-93f0-2f5d55590265', 'usr_210');
INSERT INTO trabalho.log_acesso VALUES ('log_210_0', 'f8e13774-d631-4f34-93f0-2f5d55590265', 'usr_210');
INSERT INTO trabalho.usuario_esta_inscrito_no_podcast VALUES (1, '5bdf7377-8330-4f9f-8efd-e95301c122ce', 'usr_210');
INSERT INTO trabalho.comentarios_podcast_usuario VALUES ('comment_210_1', 'Vitae dolorem odio accusantium.', '5bdf7377-8330-4f9f-8efd-e95301c122ce', 'usr_210');
INSERT INTO trabalho.log_acesso VALUES ('log_210_1', '5bdf7377-8330-4f9f-8efd-e95301c122ce', 'usr_210');
INSERT INTO trabalho.usuario_esta_inscrito_no_podcast VALUES (1, 'f1b92ce7-47a7-43cd-8586-4a09185cdd05', 'usr_210');
INSERT INTO trabalho.comentarios_podcast_usuario VALUES ('comment_210_2', 'Ut debitis sapiente dolores laborum rem cumque in inventore vitae.', 'f1b92ce7-47a7-43cd-8586-4a09185cdd05', 'usr_210');
INSERT INTO trabalho.log_acesso VALUES ('log_210_2', 'f1b92ce7-47a7-43cd-8586-4a09185cdd05', 'usr_210');
INSERT INTO trabalho.usuario VALUES ('usr_211', '211_JooMiguel_Pereira@bol.com.br', 'João Miguel Pereira', 'male', 0, 'password', 'Ilhas Salomão');
INSERT INTO trabalho.usuario_esta_inscrito_no_podcast VALUES (3, 'f1b92ce7-47a7-43cd-8586-4a09185cdd05', 'usr_211');
INSERT INTO trabalho.comentarios_podcast_usuario VALUES ('comment_211_0', 'Aut vero doloremque excepturi ipsam quia sapiente velit omnis.', 'f1b92ce7-47a7-43cd-8586-4a09185cdd05', 'usr_211');
INSERT INTO trabalho.log_acesso VALUES ('log_211_0', 'f1b92ce7-47a7-43cd-8586-4a09185cdd05', 'usr_211');
INSERT INTO trabalho.usuario_esta_inscrito_no_podcast VALUES (3, 'bc8dac25-793c-4a96-aafc-4ea7020f4f60', 'usr_211');
INSERT INTO trabalho.comentarios_podcast_usuario VALUES ('comment_211_1', 'Vel ut expedita blanditiis enim suscipit doloribus est tempore.', 'bc8dac25-793c-4a96-aafc-4ea7020f4f60', 'usr_211');
INSERT INTO trabalho.log_acesso VALUES ('log_211_1', 'bc8dac25-793c-4a96-aafc-4ea7020f4f60', 'usr_211');
INSERT INTO trabalho.usuario_esta_inscrito_no_podcast VALUES (2, 'f0166bd2-8e4d-4308-b5d7-0b3d627c5dc5', 'usr_211');
INSERT INTO trabalho.comentarios_podcast_usuario VALUES ('comment_211_2', 'Exercitationem assumenda velit numquam consequuntur qui numquam repellat hic.', 'f0166bd2-8e4d-4308-b5d7-0b3d627c5dc5', 'usr_211');
INSERT INTO trabalho.log_acesso VALUES ('log_211_2', 'f0166bd2-8e4d-4308-b5d7-0b3d627c5dc5', 'usr_211');
INSERT INTO trabalho.usuario VALUES ('usr_212', '212_Yago23@yahoo.com', 'Yago Reis', 'male', 36, 'password', 'Tunísia');
INSERT INTO trabalho.usuario_esta_inscrito_no_podcast VALUES (2, 'b553d865-8fe2-47de-9a30-10e1dea3bd1d', 'usr_212');
INSERT INTO trabalho.comentarios_podcast_usuario VALUES ('comment_212_0', 'Qui minus alias a ullam sed.', 'b553d865-8fe2-47de-9a30-10e1dea3bd1d', 'usr_212');
INSERT INTO trabalho.log_acesso VALUES ('log_212_0', 'b553d865-8fe2-47de-9a30-10e1dea3bd1d', 'usr_212');
INSERT INTO trabalho.usuario_esta_inscrito_no_podcast VALUES (0, '5bdf7377-8330-4f9f-8efd-e95301c122ce', 'usr_212');
INSERT INTO trabalho.comentarios_podcast_usuario VALUES ('comment_212_1', 'Dolor neque et nihil fuga corporis corrupti corrupti ut.', '5bdf7377-8330-4f9f-8efd-e95301c122ce', 'usr_212');
INSERT INTO trabalho.log_acesso VALUES ('log_212_1', '5bdf7377-8330-4f9f-8efd-e95301c122ce', 'usr_212');
INSERT INTO trabalho.usuario_esta_inscrito_no_podcast VALUES (5, '168c1536-4c42-4b8f-8c77-f06affefec6a', 'usr_212');
INSERT INTO trabalho.comentarios_podcast_usuario VALUES ('comment_212_2', 'Ut praesentium quam quis ad molestias.', '168c1536-4c42-4b8f-8c77-f06affefec6a', 'usr_212');
INSERT INTO trabalho.log_acesso VALUES ('log_212_2', '168c1536-4c42-4b8f-8c77-f06affefec6a', 'usr_212');
INSERT INTO trabalho.usuario VALUES ('usr_213', '213_Slvia_Braga52@live.com', 'Sílvia Braga', 'female', 0, 'password', 'Equador');
INSERT INTO trabalho.usuario_esta_inscrito_no_podcast VALUES (1, 'f0166bd2-8e4d-4308-b5d7-0b3d627c5dc5', 'usr_213');
INSERT INTO trabalho.comentarios_podcast_usuario VALUES ('comment_213_0', 'Ut architecto dolorem quae enim atque dolores distinctio corporis voluptatibus.', 'f0166bd2-8e4d-4308-b5d7-0b3d627c5dc5', 'usr_213');
INSERT INTO trabalho.log_acesso VALUES ('log_213_0', 'f0166bd2-8e4d-4308-b5d7-0b3d627c5dc5', 'usr_213');
INSERT INTO trabalho.usuario_esta_inscrito_no_podcast VALUES (4, '67074e68-bc2f-442b-8af2-7d328b6af6eb', 'usr_213');
INSERT INTO trabalho.comentarios_podcast_usuario VALUES ('comment_213_1', 'Assumenda nihil fugit temporibus est corrupti delectus.', '67074e68-bc2f-442b-8af2-7d328b6af6eb', 'usr_213');
INSERT INTO trabalho.log_acesso VALUES ('log_213_1', '67074e68-bc2f-442b-8af2-7d328b6af6eb', 'usr_213');
INSERT INTO trabalho.usuario_esta_inscrito_no_podcast VALUES (1, 'de2f0ddb-9903-436a-a5e2-54224254c818', 'usr_213');
INSERT INTO trabalho.comentarios_podcast_usuario VALUES ('comment_213_2', 'Ipsum corporis error suscipit quod dolorem voluptates nulla.', 'de2f0ddb-9903-436a-a5e2-54224254c818', 'usr_213');
INSERT INTO trabalho.log_acesso VALUES ('log_213_2', 'de2f0ddb-9903-436a-a5e2-54224254c818', 'usr_213');
INSERT INTO trabalho.usuario VALUES ('usr_214', '214_Beatriz_Oliveira@bol.com.br', 'Beatriz Oliveira', 'female', 15, 'password', 'Gana');
INSERT INTO trabalho.usuario_esta_inscrito_no_podcast VALUES (1, 'c58b280a-56d4-4ad8-8c85-730e4ea86361', 'usr_214');
INSERT INTO trabalho.comentarios_podcast_usuario VALUES ('comment_214_0', 'Sapiente quis qui debitis fugit ab quia quas est qui.', 'c58b280a-56d4-4ad8-8c85-730e4ea86361', 'usr_214');
INSERT INTO trabalho.log_acesso VALUES ('log_214_0', 'c58b280a-56d4-4ad8-8c85-730e4ea86361', 'usr_214');
INSERT INTO trabalho.usuario_esta_inscrito_no_podcast VALUES (1, 'fa3abe16-3645-4d22-a01d-893e6f20c408', 'usr_214');
INSERT INTO trabalho.comentarios_podcast_usuario VALUES ('comment_214_1', 'Repudiandae dolores dolorem.', 'fa3abe16-3645-4d22-a01d-893e6f20c408', 'usr_214');
INSERT INTO trabalho.log_acesso VALUES ('log_214_1', 'fa3abe16-3645-4d22-a01d-893e6f20c408', 'usr_214');
INSERT INTO trabalho.usuario_esta_inscrito_no_podcast VALUES (2, 'bc8dac25-793c-4a96-aafc-4ea7020f4f60', 'usr_214');
INSERT INTO trabalho.comentarios_podcast_usuario VALUES ('comment_214_2', 'Numquam officiis rerum vel non sit fuga.', 'bc8dac25-793c-4a96-aafc-4ea7020f4f60', 'usr_214');
INSERT INTO trabalho.log_acesso VALUES ('log_214_2', 'bc8dac25-793c-4a96-aafc-4ea7020f4f60', 'usr_214');
INSERT INTO trabalho.usuario VALUES ('usr_215', '215_Elsio_Batista36@live.com', 'Elísio Batista', 'male', 26, 'password', 'Eritreia');
INSERT INTO trabalho.usuario_esta_inscrito_no_podcast VALUES (4, 'f8e13774-d631-4f34-93f0-2f5d55590265', 'usr_215');
INSERT INTO trabalho.comentarios_podcast_usuario VALUES ('comment_215_0', 'Et distinctio fugiat occaecati odio aut veniam.', 'f8e13774-d631-4f34-93f0-2f5d55590265', 'usr_215');
INSERT INTO trabalho.log_acesso VALUES ('log_215_0', 'f8e13774-d631-4f34-93f0-2f5d55590265', 'usr_215');
INSERT INTO trabalho.usuario_esta_inscrito_no_podcast VALUES (2, 'de2f0ddb-9903-436a-a5e2-54224254c818', 'usr_215');
INSERT INTO trabalho.comentarios_podcast_usuario VALUES ('comment_215_1', 'Rerum repellendus dolorem et.', 'de2f0ddb-9903-436a-a5e2-54224254c818', 'usr_215');
INSERT INTO trabalho.log_acesso VALUES ('log_215_1', 'de2f0ddb-9903-436a-a5e2-54224254c818', 'usr_215');
INSERT INTO trabalho.usuario_esta_inscrito_no_podcast VALUES (1, 'f0166bd2-8e4d-4308-b5d7-0b3d627c5dc5', 'usr_215');
INSERT INTO trabalho.comentarios_podcast_usuario VALUES ('comment_215_2', 'Accusamus eveniet quia nam enim consequatur ea praesentium eum totam.', 'f0166bd2-8e4d-4308-b5d7-0b3d627c5dc5', 'usr_215');
INSERT INTO trabalho.log_acesso VALUES ('log_215_2', 'f0166bd2-8e4d-4308-b5d7-0b3d627c5dc5', 'usr_215');
INSERT INTO trabalho.usuario VALUES ('usr_216', '216_JooMiguel.Albuquerque@bol.com.br', 'João Miguel Albuquerque', 'male', 1, 'password', 'Bahamas');
INSERT INTO trabalho.usuario_esta_inscrito_no_podcast VALUES (4, '67074e68-bc2f-442b-8af2-7d328b6af6eb', 'usr_216');
INSERT INTO trabalho.comentarios_podcast_usuario VALUES ('comment_216_0', 'Tempora velit dicta tempore quaerat eius optio.', '67074e68-bc2f-442b-8af2-7d328b6af6eb', 'usr_216');
INSERT INTO trabalho.log_acesso VALUES ('log_216_0', '67074e68-bc2f-442b-8af2-7d328b6af6eb', 'usr_216');
INSERT INTO trabalho.usuario_esta_inscrito_no_podcast VALUES (4, 'fa3abe16-3645-4d22-a01d-893e6f20c408', 'usr_216');
INSERT INTO trabalho.comentarios_podcast_usuario VALUES ('comment_216_1', 'Quia et dolores ratione ex sint enim.', 'fa3abe16-3645-4d22-a01d-893e6f20c408', 'usr_216');
INSERT INTO trabalho.log_acesso VALUES ('log_216_1', 'fa3abe16-3645-4d22-a01d-893e6f20c408', 'usr_216');
INSERT INTO trabalho.usuario_esta_inscrito_no_podcast VALUES (0, 'f0166bd2-8e4d-4308-b5d7-0b3d627c5dc5', 'usr_216');
INSERT INTO trabalho.comentarios_podcast_usuario VALUES ('comment_216_2', 'Eius inventore labore.', 'f0166bd2-8e4d-4308-b5d7-0b3d627c5dc5', 'usr_216');
INSERT INTO trabalho.log_acesso VALUES ('log_216_2', 'f0166bd2-8e4d-4308-b5d7-0b3d627c5dc5', 'usr_216');
INSERT INTO trabalho.usuario VALUES ('usr_217', '217_Clia.Batista@yahoo.com', 'Célia Batista', 'female', 26, 'password', 'Senegal');
INSERT INTO trabalho.usuario_esta_inscrito_no_podcast VALUES (2, '7e429e8e-7669-403d-bb78-3cd7f9f75afd', 'usr_217');
INSERT INTO trabalho.comentarios_podcast_usuario VALUES ('comment_217_0', 'Similique est qui aut dolor impedit molestiae repellendus quis consequatur.', '7e429e8e-7669-403d-bb78-3cd7f9f75afd', 'usr_217');
INSERT INTO trabalho.log_acesso VALUES ('log_217_0', '7e429e8e-7669-403d-bb78-3cd7f9f75afd', 'usr_217');
INSERT INTO trabalho.usuario_esta_inscrito_no_podcast VALUES (3, 'f1b92ce7-47a7-43cd-8586-4a09185cdd05', 'usr_217');
INSERT INTO trabalho.comentarios_podcast_usuario VALUES ('comment_217_1', 'Ipsam quisquam molestiae aut dolores.', 'f1b92ce7-47a7-43cd-8586-4a09185cdd05', 'usr_217');
INSERT INTO trabalho.log_acesso VALUES ('log_217_1', 'f1b92ce7-47a7-43cd-8586-4a09185cdd05', 'usr_217');
INSERT INTO trabalho.usuario_esta_inscrito_no_podcast VALUES (2, 'f0166bd2-8e4d-4308-b5d7-0b3d627c5dc5', 'usr_217');
INSERT INTO trabalho.comentarios_podcast_usuario VALUES ('comment_217_2', 'Et aliquid itaque natus earum.', 'f0166bd2-8e4d-4308-b5d7-0b3d627c5dc5', 'usr_217');
INSERT INTO trabalho.log_acesso VALUES ('log_217_2', 'f0166bd2-8e4d-4308-b5d7-0b3d627c5dc5', 'usr_217');
INSERT INTO trabalho.usuario VALUES ('usr_218', '218_JooPedro.Saraiva@hotmail.com', 'João Pedro Saraiva', 'male', 60, 'password', 'Burkina Faso');
INSERT INTO trabalho.usuario_esta_inscrito_no_podcast VALUES (3, 'b553d865-8fe2-47de-9a30-10e1dea3bd1d', 'usr_218');
INSERT INTO trabalho.comentarios_podcast_usuario VALUES ('comment_218_0', 'Labore amet voluptatem quidem sit molestiae et.', 'b553d865-8fe2-47de-9a30-10e1dea3bd1d', 'usr_218');
INSERT INTO trabalho.log_acesso VALUES ('log_218_0', 'b553d865-8fe2-47de-9a30-10e1dea3bd1d', 'usr_218');
INSERT INTO trabalho.usuario_esta_inscrito_no_podcast VALUES (2, 'bc8dac25-793c-4a96-aafc-4ea7020f4f60', 'usr_218');
INSERT INTO trabalho.comentarios_podcast_usuario VALUES ('comment_218_1', 'Ducimus adipisci sed laboriosam.', 'bc8dac25-793c-4a96-aafc-4ea7020f4f60', 'usr_218');
INSERT INTO trabalho.log_acesso VALUES ('log_218_1', 'bc8dac25-793c-4a96-aafc-4ea7020f4f60', 'usr_218');
INSERT INTO trabalho.usuario_esta_inscrito_no_podcast VALUES (2, 'af46a958-b921-47b6-9f87-5c4fdc68ea79', 'usr_218');
INSERT INTO trabalho.comentarios_podcast_usuario VALUES ('comment_218_2', 'Libero veritatis ut esse.', 'af46a958-b921-47b6-9f87-5c4fdc68ea79', 'usr_218');
INSERT INTO trabalho.log_acesso VALUES ('log_218_2', 'af46a958-b921-47b6-9f87-5c4fdc68ea79', 'usr_218');
INSERT INTO trabalho.usuario VALUES ('usr_219', '219_Rafaela.Batista@yahoo.com', 'Rafaela Batista', 'female', 46, 'password', 'Guiné Equatorial');
INSERT INTO trabalho.usuario_esta_inscrito_no_podcast VALUES (4, '219328a1-cec6-4e8c-b003-52a3ec9766bb', 'usr_219');
INSERT INTO trabalho.comentarios_podcast_usuario VALUES ('comment_219_0', 'Nihil qui ut error qui.', '219328a1-cec6-4e8c-b003-52a3ec9766bb', 'usr_219');
INSERT INTO trabalho.log_acesso VALUES ('log_219_0', '219328a1-cec6-4e8c-b003-52a3ec9766bb', 'usr_219');
INSERT INTO trabalho.usuario_esta_inscrito_no_podcast VALUES (5, 'f0166bd2-8e4d-4308-b5d7-0b3d627c5dc5', 'usr_219');
INSERT INTO trabalho.comentarios_podcast_usuario VALUES ('comment_219_1', 'Iure id explicabo distinctio tempore ducimus quisquam soluta.', 'f0166bd2-8e4d-4308-b5d7-0b3d627c5dc5', 'usr_219');
INSERT INTO trabalho.log_acesso VALUES ('log_219_1', 'f0166bd2-8e4d-4308-b5d7-0b3d627c5dc5', 'usr_219');
INSERT INTO trabalho.usuario_esta_inscrito_no_podcast VALUES (5, '7e429e8e-7669-403d-bb78-3cd7f9f75afd', 'usr_219');
INSERT INTO trabalho.comentarios_podcast_usuario VALUES ('comment_219_2', 'Ducimus ad vitae et eaque.', '7e429e8e-7669-403d-bb78-3cd7f9f75afd', 'usr_219');
INSERT INTO trabalho.log_acesso VALUES ('log_219_2', '7e429e8e-7669-403d-bb78-3cd7f9f75afd', 'usr_219');
INSERT INTO trabalho.usuario VALUES ('usr_220', '220_Yago.Macedo20@gmail.com', 'Yago Macedo', 'male', 5, 'password', 'Canadá');
INSERT INTO trabalho.usuario_esta_inscrito_no_podcast VALUES (3, 'f0166bd2-8e4d-4308-b5d7-0b3d627c5dc5', 'usr_220');
INSERT INTO trabalho.comentarios_podcast_usuario VALUES ('comment_220_0', 'Eaque est omnis repellat ducimus.', 'f0166bd2-8e4d-4308-b5d7-0b3d627c5dc5', 'usr_220');
INSERT INTO trabalho.log_acesso VALUES ('log_220_0', 'f0166bd2-8e4d-4308-b5d7-0b3d627c5dc5', 'usr_220');
INSERT INTO trabalho.usuario_esta_inscrito_no_podcast VALUES (5, 'c58b280a-56d4-4ad8-8c85-730e4ea86361', 'usr_220');
INSERT INTO trabalho.comentarios_podcast_usuario VALUES ('comment_220_1', 'Culpa eius perspiciatis enim error sunt odit quia minima.', 'c58b280a-56d4-4ad8-8c85-730e4ea86361', 'usr_220');
INSERT INTO trabalho.log_acesso VALUES ('log_220_1', 'c58b280a-56d4-4ad8-8c85-730e4ea86361', 'usr_220');
INSERT INTO trabalho.usuario_esta_inscrito_no_podcast VALUES (4, '5bdf7377-8330-4f9f-8efd-e95301c122ce', 'usr_220');
INSERT INTO trabalho.comentarios_podcast_usuario VALUES ('comment_220_2', 'Aut minima sint ea dolor animi unde ut tenetur.', '5bdf7377-8330-4f9f-8efd-e95301c122ce', 'usr_220');
INSERT INTO trabalho.log_acesso VALUES ('log_220_2', '5bdf7377-8330-4f9f-8efd-e95301c122ce', 'usr_220');
INSERT INTO trabalho.usuario VALUES ('usr_221', '221_Feliciano.Carvalho@live.com', 'Feliciano Carvalho', 'male', 24, 'password', 'Vaticano');
INSERT INTO trabalho.usuario_esta_inscrito_no_podcast VALUES (1, 'f8e13774-d631-4f34-93f0-2f5d55590265', 'usr_221');
INSERT INTO trabalho.comentarios_podcast_usuario VALUES ('comment_221_0', 'Perspiciatis totam ut rerum.', 'f8e13774-d631-4f34-93f0-2f5d55590265', 'usr_221');
INSERT INTO trabalho.log_acesso VALUES ('log_221_0', 'f8e13774-d631-4f34-93f0-2f5d55590265', 'usr_221');
INSERT INTO trabalho.usuario_esta_inscrito_no_podcast VALUES (0, 'f0166bd2-8e4d-4308-b5d7-0b3d627c5dc5', 'usr_221');
INSERT INTO trabalho.comentarios_podcast_usuario VALUES ('comment_221_1', 'Eaque repudiandae officiis.', 'f0166bd2-8e4d-4308-b5d7-0b3d627c5dc5', 'usr_221');
INSERT INTO trabalho.log_acesso VALUES ('log_221_1', 'f0166bd2-8e4d-4308-b5d7-0b3d627c5dc5', 'usr_221');
INSERT INTO trabalho.usuario_esta_inscrito_no_podcast VALUES (1, 'c58b280a-56d4-4ad8-8c85-730e4ea86361', 'usr_221');
INSERT INTO trabalho.comentarios_podcast_usuario VALUES ('comment_221_2', 'Ratione ipsa ipsa rerum qui.', 'c58b280a-56d4-4ad8-8c85-730e4ea86361', 'usr_221');
INSERT INTO trabalho.log_acesso VALUES ('log_221_2', 'c58b280a-56d4-4ad8-8c85-730e4ea86361', 'usr_221');
INSERT INTO trabalho.usuario VALUES ('usr_222', '222_JlioCsar_Pereira@yahoo.com', 'Júlio César Pereira', 'male', 27, 'password', 'Uruguai');
INSERT INTO trabalho.usuario_esta_inscrito_no_podcast VALUES (0, 'f0166bd2-8e4d-4308-b5d7-0b3d627c5dc5', 'usr_222');
INSERT INTO trabalho.comentarios_podcast_usuario VALUES ('comment_222_0', 'Ut ipsam et voluptatibus alias ut ut distinctio omnis.', 'f0166bd2-8e4d-4308-b5d7-0b3d627c5dc5', 'usr_222');
INSERT INTO trabalho.log_acesso VALUES ('log_222_0', 'f0166bd2-8e4d-4308-b5d7-0b3d627c5dc5', 'usr_222');
INSERT INTO trabalho.usuario_esta_inscrito_no_podcast VALUES (3, '67074e68-bc2f-442b-8af2-7d328b6af6eb', 'usr_222');
INSERT INTO trabalho.comentarios_podcast_usuario VALUES ('comment_222_1', 'Qui quidem eveniet ex consequatur vel eius.', '67074e68-bc2f-442b-8af2-7d328b6af6eb', 'usr_222');
INSERT INTO trabalho.log_acesso VALUES ('log_222_1', '67074e68-bc2f-442b-8af2-7d328b6af6eb', 'usr_222');
INSERT INTO trabalho.usuario_esta_inscrito_no_podcast VALUES (2, '219328a1-cec6-4e8c-b003-52a3ec9766bb', 'usr_222');
INSERT INTO trabalho.comentarios_podcast_usuario VALUES ('comment_222_2', 'Architecto occaecati aut nobis.', '219328a1-cec6-4e8c-b003-52a3ec9766bb', 'usr_222');
INSERT INTO trabalho.log_acesso VALUES ('log_222_2', '219328a1-cec6-4e8c-b003-52a3ec9766bb', 'usr_222');
INSERT INTO trabalho.usuario VALUES ('usr_223', '223_Paula65@live.com', 'Paula Oliveira', 'female', 12, 'password', 'Barém');
INSERT INTO trabalho.usuario_esta_inscrito_no_podcast VALUES (5, 'bc8dac25-793c-4a96-aafc-4ea7020f4f60', 'usr_223');
INSERT INTO trabalho.comentarios_podcast_usuario VALUES ('comment_223_0', 'Iure expedita quia minus sunt.', 'bc8dac25-793c-4a96-aafc-4ea7020f4f60', 'usr_223');
INSERT INTO trabalho.log_acesso VALUES ('log_223_0', 'bc8dac25-793c-4a96-aafc-4ea7020f4f60', 'usr_223');
INSERT INTO trabalho.usuario_esta_inscrito_no_podcast VALUES (1, 'f0166bd2-8e4d-4308-b5d7-0b3d627c5dc5', 'usr_223');
INSERT INTO trabalho.comentarios_podcast_usuario VALUES ('comment_223_1', 'Et et velit illo est.', 'f0166bd2-8e4d-4308-b5d7-0b3d627c5dc5', 'usr_223');
INSERT INTO trabalho.log_acesso VALUES ('log_223_1', 'f0166bd2-8e4d-4308-b5d7-0b3d627c5dc5', 'usr_223');
INSERT INTO trabalho.usuario_esta_inscrito_no_podcast VALUES (1, 'c58b280a-56d4-4ad8-8c85-730e4ea86361', 'usr_223');
INSERT INTO trabalho.comentarios_podcast_usuario VALUES ('comment_223_2', 'Velit iure nulla iure doloribus sint fuga ut ut.', 'c58b280a-56d4-4ad8-8c85-730e4ea86361', 'usr_223');
INSERT INTO trabalho.log_acesso VALUES ('log_223_2', 'c58b280a-56d4-4ad8-8c85-730e4ea86361', 'usr_223');
INSERT INTO trabalho.usuario VALUES ('usr_224', '224_Vicente.Braga@yahoo.com', 'Vicente Braga', 'male', 28, 'password', 'Tuvalu');
INSERT INTO trabalho.usuario_esta_inscrito_no_podcast VALUES (3, '219328a1-cec6-4e8c-b003-52a3ec9766bb', 'usr_224');
INSERT INTO trabalho.comentarios_podcast_usuario VALUES ('comment_224_0', 'Aut molestias fuga provident corrupti tenetur nobis.', '219328a1-cec6-4e8c-b003-52a3ec9766bb', 'usr_224');
INSERT INTO trabalho.log_acesso VALUES ('log_224_0', '219328a1-cec6-4e8c-b003-52a3ec9766bb', 'usr_224');
INSERT INTO trabalho.usuario_esta_inscrito_no_podcast VALUES (5, 'f8e13774-d631-4f34-93f0-2f5d55590265', 'usr_224');
INSERT INTO trabalho.comentarios_podcast_usuario VALUES ('comment_224_1', 'Repellat debitis maxime provident repellat consequatur sed.', 'f8e13774-d631-4f34-93f0-2f5d55590265', 'usr_224');
INSERT INTO trabalho.log_acesso VALUES ('log_224_1', 'f8e13774-d631-4f34-93f0-2f5d55590265', 'usr_224');
INSERT INTO trabalho.usuario_esta_inscrito_no_podcast VALUES (2, '7e429e8e-7669-403d-bb78-3cd7f9f75afd', 'usr_224');
INSERT INTO trabalho.comentarios_podcast_usuario VALUES ('comment_224_2', 'Non ipsum temporibus voluptatem quo necessitatibus.', '7e429e8e-7669-403d-bb78-3cd7f9f75afd', 'usr_224');
INSERT INTO trabalho.log_acesso VALUES ('log_224_2', '7e429e8e-7669-403d-bb78-3cd7f9f75afd', 'usr_224');
INSERT INTO trabalho.usuario VALUES ('usr_225', '225_Caio.Costa68@yahoo.com', 'Caio Costa', 'male', 17, 'password', 'Comores');
INSERT INTO trabalho.usuario_esta_inscrito_no_podcast VALUES (2, '7e429e8e-7669-403d-bb78-3cd7f9f75afd', 'usr_225');
INSERT INTO trabalho.comentarios_podcast_usuario VALUES ('comment_225_0', 'Quia deleniti autem quaerat consequatur.', '7e429e8e-7669-403d-bb78-3cd7f9f75afd', 'usr_225');
INSERT INTO trabalho.log_acesso VALUES ('log_225_0', '7e429e8e-7669-403d-bb78-3cd7f9f75afd', 'usr_225');
INSERT INTO trabalho.usuario_esta_inscrito_no_podcast VALUES (5, 'f1b92ce7-47a7-43cd-8586-4a09185cdd05', 'usr_225');
INSERT INTO trabalho.comentarios_podcast_usuario VALUES ('comment_225_1', 'Modi autem maiores ut dicta in vero.', 'f1b92ce7-47a7-43cd-8586-4a09185cdd05', 'usr_225');
INSERT INTO trabalho.log_acesso VALUES ('log_225_1', 'f1b92ce7-47a7-43cd-8586-4a09185cdd05', 'usr_225');
INSERT INTO trabalho.usuario_esta_inscrito_no_podcast VALUES (0, 'af46a958-b921-47b6-9f87-5c4fdc68ea79', 'usr_225');
INSERT INTO trabalho.comentarios_podcast_usuario VALUES ('comment_225_2', 'Provident enim aut quam animi suscipit et.', 'af46a958-b921-47b6-9f87-5c4fdc68ea79', 'usr_225');
INSERT INTO trabalho.log_acesso VALUES ('log_225_2', 'af46a958-b921-47b6-9f87-5c4fdc68ea79', 'usr_225');
INSERT INTO trabalho.usuario VALUES ('usr_226', '226_Janana84@hotmail.com', 'Janaína Barros', 'female', 1, 'password', 'Malásia');
INSERT INTO trabalho.usuario_esta_inscrito_no_podcast VALUES (2, '5bdf7377-8330-4f9f-8efd-e95301c122ce', 'usr_226');
INSERT INTO trabalho.comentarios_podcast_usuario VALUES ('comment_226_0', 'Dolorum non fuga et cupiditate quis voluptate.', '5bdf7377-8330-4f9f-8efd-e95301c122ce', 'usr_226');
INSERT INTO trabalho.log_acesso VALUES ('log_226_0', '5bdf7377-8330-4f9f-8efd-e95301c122ce', 'usr_226');
INSERT INTO trabalho.usuario_esta_inscrito_no_podcast VALUES (2, '168c1536-4c42-4b8f-8c77-f06affefec6a', 'usr_226');
INSERT INTO trabalho.comentarios_podcast_usuario VALUES ('comment_226_1', 'In illum magni et.', '168c1536-4c42-4b8f-8c77-f06affefec6a', 'usr_226');
INSERT INTO trabalho.log_acesso VALUES ('log_226_1', '168c1536-4c42-4b8f-8c77-f06affefec6a', 'usr_226');
INSERT INTO trabalho.usuario_esta_inscrito_no_podcast VALUES (4, 'bc8dac25-793c-4a96-aafc-4ea7020f4f60', 'usr_226');
INSERT INTO trabalho.comentarios_podcast_usuario VALUES ('comment_226_2', 'Excepturi et aperiam.', 'bc8dac25-793c-4a96-aafc-4ea7020f4f60', 'usr_226');
INSERT INTO trabalho.log_acesso VALUES ('log_226_2', 'bc8dac25-793c-4a96-aafc-4ea7020f4f60', 'usr_226');
INSERT INTO trabalho.usuario VALUES ('usr_227', '227_Yago13@yahoo.com', 'Yago Saraiva', 'male', 32, 'password', 'Quênia');
INSERT INTO trabalho.usuario_esta_inscrito_no_podcast VALUES (2, 'fa3abe16-3645-4d22-a01d-893e6f20c408', 'usr_227');
INSERT INTO trabalho.comentarios_podcast_usuario VALUES ('comment_227_0', 'Laborum soluta perspiciatis inventore aliquid quia.', 'fa3abe16-3645-4d22-a01d-893e6f20c408', 'usr_227');
INSERT INTO trabalho.log_acesso VALUES ('log_227_0', 'fa3abe16-3645-4d22-a01d-893e6f20c408', 'usr_227');
INSERT INTO trabalho.usuario_esta_inscrito_no_podcast VALUES (2, 'de2f0ddb-9903-436a-a5e2-54224254c818', 'usr_227');
INSERT INTO trabalho.comentarios_podcast_usuario VALUES ('comment_227_1', 'Quod maxime maxime.', 'de2f0ddb-9903-436a-a5e2-54224254c818', 'usr_227');
INSERT INTO trabalho.log_acesso VALUES ('log_227_1', 'de2f0ddb-9903-436a-a5e2-54224254c818', 'usr_227');
INSERT INTO trabalho.usuario_esta_inscrito_no_podcast VALUES (3, 'f1b92ce7-47a7-43cd-8586-4a09185cdd05', 'usr_227');
INSERT INTO trabalho.comentarios_podcast_usuario VALUES ('comment_227_2', 'Sequi consequatur eveniet et hic qui iusto minima mollitia.', 'f1b92ce7-47a7-43cd-8586-4a09185cdd05', 'usr_227');
INSERT INTO trabalho.log_acesso VALUES ('log_227_2', 'f1b92ce7-47a7-43cd-8586-4a09185cdd05', 'usr_227');
INSERT INTO trabalho.usuario VALUES ('usr_228', '228_Janana.Nogueira36@gmail.com', 'Janaína Nogueira', 'female', 24, 'password', 'Dominica');
INSERT INTO trabalho.usuario_esta_inscrito_no_podcast VALUES (5, 'f8e13774-d631-4f34-93f0-2f5d55590265', 'usr_228');
INSERT INTO trabalho.comentarios_podcast_usuario VALUES ('comment_228_0', 'Ullam consectetur ducimus vel possimus id.', 'f8e13774-d631-4f34-93f0-2f5d55590265', 'usr_228');
INSERT INTO trabalho.log_acesso VALUES ('log_228_0', 'f8e13774-d631-4f34-93f0-2f5d55590265', 'usr_228');
INSERT INTO trabalho.usuario_esta_inscrito_no_podcast VALUES (2, 'de2f0ddb-9903-436a-a5e2-54224254c818', 'usr_228');
INSERT INTO trabalho.comentarios_podcast_usuario VALUES ('comment_228_1', 'Ut fuga quia hic ducimus sed.', 'de2f0ddb-9903-436a-a5e2-54224254c818', 'usr_228');
INSERT INTO trabalho.log_acesso VALUES ('log_228_1', 'de2f0ddb-9903-436a-a5e2-54224254c818', 'usr_228');
INSERT INTO trabalho.usuario_esta_inscrito_no_podcast VALUES (0, 'fa3abe16-3645-4d22-a01d-893e6f20c408', 'usr_228');
INSERT INTO trabalho.comentarios_podcast_usuario VALUES ('comment_228_2', 'Molestiae impedit dolores.', 'fa3abe16-3645-4d22-a01d-893e6f20c408', 'usr_228');
INSERT INTO trabalho.log_acesso VALUES ('log_228_2', 'fa3abe16-3645-4d22-a01d-893e6f20c408', 'usr_228');
INSERT INTO trabalho.usuario VALUES ('usr_229', '229_AnaLuiza.Moraes17@bol.com.br', 'Ana Luiza Moraes', 'female', 25, 'password', 'Índia');
INSERT INTO trabalho.usuario_esta_inscrito_no_podcast VALUES (4, 'af46a958-b921-47b6-9f87-5c4fdc68ea79', 'usr_229');
INSERT INTO trabalho.comentarios_podcast_usuario VALUES ('comment_229_0', 'Eligendi quod consequatur optio dicta totam vitae numquam.', 'af46a958-b921-47b6-9f87-5c4fdc68ea79', 'usr_229');
INSERT INTO trabalho.log_acesso VALUES ('log_229_0', 'af46a958-b921-47b6-9f87-5c4fdc68ea79', 'usr_229');
INSERT INTO trabalho.usuario_esta_inscrito_no_podcast VALUES (5, 'b553d865-8fe2-47de-9a30-10e1dea3bd1d', 'usr_229');
INSERT INTO trabalho.comentarios_podcast_usuario VALUES ('comment_229_1', 'Est quo sit distinctio delectus maxime laboriosam.', 'b553d865-8fe2-47de-9a30-10e1dea3bd1d', 'usr_229');
INSERT INTO trabalho.log_acesso VALUES ('log_229_1', 'b553d865-8fe2-47de-9a30-10e1dea3bd1d', 'usr_229');
INSERT INTO trabalho.usuario_esta_inscrito_no_podcast VALUES (3, 'fa3abe16-3645-4d22-a01d-893e6f20c408', 'usr_229');
INSERT INTO trabalho.comentarios_podcast_usuario VALUES ('comment_229_2', 'Minus at officiis corrupti nemo est recusandae qui facere aut.', 'fa3abe16-3645-4d22-a01d-893e6f20c408', 'usr_229');
INSERT INTO trabalho.log_acesso VALUES ('log_229_2', 'fa3abe16-3645-4d22-a01d-893e6f20c408', 'usr_229');
INSERT INTO trabalho.usuario VALUES ('usr_230', '230_Lorenzo_Reis42@yahoo.com', 'Lorenzo Reis', 'male', 22, 'password', 'Uruguai');
INSERT INTO trabalho.usuario_esta_inscrito_no_podcast VALUES (1, 'b553d865-8fe2-47de-9a30-10e1dea3bd1d', 'usr_230');
INSERT INTO trabalho.comentarios_podcast_usuario VALUES ('comment_230_0', 'Sunt tempora cupiditate nulla veritatis repellendus aliquid sint impedit ut.', 'b553d865-8fe2-47de-9a30-10e1dea3bd1d', 'usr_230');
INSERT INTO trabalho.log_acesso VALUES ('log_230_0', 'b553d865-8fe2-47de-9a30-10e1dea3bd1d', 'usr_230');
INSERT INTO trabalho.usuario_esta_inscrito_no_podcast VALUES (5, 'af46a958-b921-47b6-9f87-5c4fdc68ea79', 'usr_230');
INSERT INTO trabalho.comentarios_podcast_usuario VALUES ('comment_230_1', 'Unde perferendis hic ut odit odio itaque.', 'af46a958-b921-47b6-9f87-5c4fdc68ea79', 'usr_230');
INSERT INTO trabalho.log_acesso VALUES ('log_230_1', 'af46a958-b921-47b6-9f87-5c4fdc68ea79', 'usr_230');
INSERT INTO trabalho.usuario_esta_inscrito_no_podcast VALUES (3, '168c1536-4c42-4b8f-8c77-f06affefec6a', 'usr_230');
INSERT INTO trabalho.comentarios_podcast_usuario VALUES ('comment_230_2', 'Illum sed veritatis atque ad.', '168c1536-4c42-4b8f-8c77-f06affefec6a', 'usr_230');
INSERT INTO trabalho.log_acesso VALUES ('log_230_2', '168c1536-4c42-4b8f-8c77-f06affefec6a', 'usr_230');
INSERT INTO trabalho.usuario VALUES ('usr_231', '231_gor.Melo@gmail.com', 'Ígor Melo', 'male', 1, 'password', 'Mongólia');
INSERT INTO trabalho.usuario_esta_inscrito_no_podcast VALUES (1, '5bdf7377-8330-4f9f-8efd-e95301c122ce', 'usr_231');
INSERT INTO trabalho.comentarios_podcast_usuario VALUES ('comment_231_0', 'Aut corporis hic doloribus voluptas.', '5bdf7377-8330-4f9f-8efd-e95301c122ce', 'usr_231');
INSERT INTO trabalho.log_acesso VALUES ('log_231_0', '5bdf7377-8330-4f9f-8efd-e95301c122ce', 'usr_231');
INSERT INTO trabalho.usuario_esta_inscrito_no_podcast VALUES (0, 'b553d865-8fe2-47de-9a30-10e1dea3bd1d', 'usr_231');
INSERT INTO trabalho.comentarios_podcast_usuario VALUES ('comment_231_1', 'Doloribus et temporibus sit at quis non.', 'b553d865-8fe2-47de-9a30-10e1dea3bd1d', 'usr_231');
INSERT INTO trabalho.log_acesso VALUES ('log_231_1', 'b553d865-8fe2-47de-9a30-10e1dea3bd1d', 'usr_231');
INSERT INTO trabalho.usuario_esta_inscrito_no_podcast VALUES (0, 'c58b280a-56d4-4ad8-8c85-730e4ea86361', 'usr_231');
INSERT INTO trabalho.comentarios_podcast_usuario VALUES ('comment_231_2', 'Eos beatae nesciunt amet qui.', 'c58b280a-56d4-4ad8-8c85-730e4ea86361', 'usr_231');
INSERT INTO trabalho.log_acesso VALUES ('log_231_2', 'c58b280a-56d4-4ad8-8c85-730e4ea86361', 'usr_231');
INSERT INTO trabalho.usuario VALUES ('usr_232', '232_Alice78@live.com', 'Alice Martins', 'female', 56, 'password', 'Jersey');
INSERT INTO trabalho.usuario_esta_inscrito_no_podcast VALUES (5, 'fa3abe16-3645-4d22-a01d-893e6f20c408', 'usr_232');
INSERT INTO trabalho.comentarios_podcast_usuario VALUES ('comment_232_0', 'Sunt repellat voluptates non.', 'fa3abe16-3645-4d22-a01d-893e6f20c408', 'usr_232');
INSERT INTO trabalho.log_acesso VALUES ('log_232_0', 'fa3abe16-3645-4d22-a01d-893e6f20c408', 'usr_232');
INSERT INTO trabalho.usuario_esta_inscrito_no_podcast VALUES (0, '168c1536-4c42-4b8f-8c77-f06affefec6a', 'usr_232');
INSERT INTO trabalho.comentarios_podcast_usuario VALUES ('comment_232_1', 'Ut et sit sequi quia itaque.', '168c1536-4c42-4b8f-8c77-f06affefec6a', 'usr_232');
INSERT INTO trabalho.log_acesso VALUES ('log_232_1', '168c1536-4c42-4b8f-8c77-f06affefec6a', 'usr_232');
INSERT INTO trabalho.usuario_esta_inscrito_no_podcast VALUES (5, 'bc8dac25-793c-4a96-aafc-4ea7020f4f60', 'usr_232');
INSERT INTO trabalho.comentarios_podcast_usuario VALUES ('comment_232_2', 'Architecto praesentium eaque provident veritatis incidunt odit consequatur temporibus.', 'bc8dac25-793c-4a96-aafc-4ea7020f4f60', 'usr_232');
INSERT INTO trabalho.log_acesso VALUES ('log_232_2', 'bc8dac25-793c-4a96-aafc-4ea7020f4f60', 'usr_232');
INSERT INTO trabalho.usuario VALUES ('usr_233', '233_Henrique_Nogueira2@yahoo.com', 'Henrique Nogueira', 'male', 36, 'password', 'Martinica');
INSERT INTO trabalho.usuario_esta_inscrito_no_podcast VALUES (0, '67074e68-bc2f-442b-8af2-7d328b6af6eb', 'usr_233');
INSERT INTO trabalho.comentarios_podcast_usuario VALUES ('comment_233_0', 'Rerum odit velit ex consequatur illum unde.', '67074e68-bc2f-442b-8af2-7d328b6af6eb', 'usr_233');
INSERT INTO trabalho.log_acesso VALUES ('log_233_0', '67074e68-bc2f-442b-8af2-7d328b6af6eb', 'usr_233');
INSERT INTO trabalho.usuario_esta_inscrito_no_podcast VALUES (2, 'bc8dac25-793c-4a96-aafc-4ea7020f4f60', 'usr_233');
INSERT INTO trabalho.comentarios_podcast_usuario VALUES ('comment_233_1', 'Voluptatum et provident pariatur temporibus.', 'bc8dac25-793c-4a96-aafc-4ea7020f4f60', 'usr_233');
INSERT INTO trabalho.log_acesso VALUES ('log_233_1', 'bc8dac25-793c-4a96-aafc-4ea7020f4f60', 'usr_233');
INSERT INTO trabalho.usuario_esta_inscrito_no_podcast VALUES (1, 'de2f0ddb-9903-436a-a5e2-54224254c818', 'usr_233');
INSERT INTO trabalho.comentarios_podcast_usuario VALUES ('comment_233_2', 'Totam maiores veritatis placeat possimus nihil sed.', 'de2f0ddb-9903-436a-a5e2-54224254c818', 'usr_233');
INSERT INTO trabalho.log_acesso VALUES ('log_233_2', 'de2f0ddb-9903-436a-a5e2-54224254c818', 'usr_233');
INSERT INTO trabalho.usuario VALUES ('usr_234', '234_Dalila_Moreira@hotmail.com', 'Dalila Moreira', 'female', 0, 'password', 'Eslováquia');
INSERT INTO trabalho.usuario_esta_inscrito_no_podcast VALUES (3, '67074e68-bc2f-442b-8af2-7d328b6af6eb', 'usr_234');
INSERT INTO trabalho.comentarios_podcast_usuario VALUES ('comment_234_0', 'Ut nihil magni dolorum magni omnis porro harum.', '67074e68-bc2f-442b-8af2-7d328b6af6eb', 'usr_234');
INSERT INTO trabalho.log_acesso VALUES ('log_234_0', '67074e68-bc2f-442b-8af2-7d328b6af6eb', 'usr_234');
INSERT INTO trabalho.usuario_esta_inscrito_no_podcast VALUES (0, 'de2f0ddb-9903-436a-a5e2-54224254c818', 'usr_234');
INSERT INTO trabalho.comentarios_podcast_usuario VALUES ('comment_234_1', 'Quidem quo ullam.', 'de2f0ddb-9903-436a-a5e2-54224254c818', 'usr_234');
INSERT INTO trabalho.log_acesso VALUES ('log_234_1', 'de2f0ddb-9903-436a-a5e2-54224254c818', 'usr_234');
INSERT INTO trabalho.usuario_esta_inscrito_no_podcast VALUES (1, 'fa3abe16-3645-4d22-a01d-893e6f20c408', 'usr_234');
INSERT INTO trabalho.comentarios_podcast_usuario VALUES ('comment_234_2', 'Ea alias nulla sed qui qui aliquid.', 'fa3abe16-3645-4d22-a01d-893e6f20c408', 'usr_234');
INSERT INTO trabalho.log_acesso VALUES ('log_234_2', 'fa3abe16-3645-4d22-a01d-893e6f20c408', 'usr_234');
INSERT INTO trabalho.usuario VALUES ('usr_235', '235_Isabelly.Albuquerque55@hotmail.com', 'Isabelly Albuquerque', 'female', 31, 'password', 'Guiné Equatorial');
INSERT INTO trabalho.usuario_esta_inscrito_no_podcast VALUES (2, '219328a1-cec6-4e8c-b003-52a3ec9766bb', 'usr_235');
INSERT INTO trabalho.comentarios_podcast_usuario VALUES ('comment_235_0', 'Aliquid est odio saepe.', '219328a1-cec6-4e8c-b003-52a3ec9766bb', 'usr_235');
INSERT INTO trabalho.log_acesso VALUES ('log_235_0', '219328a1-cec6-4e8c-b003-52a3ec9766bb', 'usr_235');
INSERT INTO trabalho.usuario_esta_inscrito_no_podcast VALUES (0, 'fa3abe16-3645-4d22-a01d-893e6f20c408', 'usr_235');
INSERT INTO trabalho.comentarios_podcast_usuario VALUES ('comment_235_1', 'Repellendus libero id.', 'fa3abe16-3645-4d22-a01d-893e6f20c408', 'usr_235');
INSERT INTO trabalho.log_acesso VALUES ('log_235_1', 'fa3abe16-3645-4d22-a01d-893e6f20c408', 'usr_235');
INSERT INTO trabalho.usuario_esta_inscrito_no_podcast VALUES (2, 'af46a958-b921-47b6-9f87-5c4fdc68ea79', 'usr_235');
INSERT INTO trabalho.comentarios_podcast_usuario VALUES ('comment_235_2', 'Ipsum non facilis.', 'af46a958-b921-47b6-9f87-5c4fdc68ea79', 'usr_235');
INSERT INTO trabalho.log_acesso VALUES ('log_235_2', 'af46a958-b921-47b6-9f87-5c4fdc68ea79', 'usr_235');
INSERT INTO trabalho.usuario VALUES ('usr_236', '236_Joo.Souza71@gmail.com', 'João Souza', 'male', 58, 'password', 'Georgia');
INSERT INTO trabalho.usuario_esta_inscrito_no_podcast VALUES (4, '67074e68-bc2f-442b-8af2-7d328b6af6eb', 'usr_236');
INSERT INTO trabalho.comentarios_podcast_usuario VALUES ('comment_236_0', 'Nihil est numquam veniam dolores cum et eos.', '67074e68-bc2f-442b-8af2-7d328b6af6eb', 'usr_236');
INSERT INTO trabalho.log_acesso VALUES ('log_236_0', '67074e68-bc2f-442b-8af2-7d328b6af6eb', 'usr_236');
INSERT INTO trabalho.usuario_esta_inscrito_no_podcast VALUES (2, 'fa3abe16-3645-4d22-a01d-893e6f20c408', 'usr_236');
INSERT INTO trabalho.comentarios_podcast_usuario VALUES ('comment_236_1', 'Et perspiciatis aspernatur quos nostrum.', 'fa3abe16-3645-4d22-a01d-893e6f20c408', 'usr_236');
INSERT INTO trabalho.log_acesso VALUES ('log_236_1', 'fa3abe16-3645-4d22-a01d-893e6f20c408', 'usr_236');
INSERT INTO trabalho.usuario_esta_inscrito_no_podcast VALUES (0, 'b553d865-8fe2-47de-9a30-10e1dea3bd1d', 'usr_236');
INSERT INTO trabalho.comentarios_podcast_usuario VALUES ('comment_236_2', 'Aut consequuntur adipisci est quasi voluptatem.', 'b553d865-8fe2-47de-9a30-10e1dea3bd1d', 'usr_236');
INSERT INTO trabalho.log_acesso VALUES ('log_236_2', 'b553d865-8fe2-47de-9a30-10e1dea3bd1d', 'usr_236');
INSERT INTO trabalho.usuario VALUES ('usr_237', '237_Bernardo51@bol.com.br', 'Bernardo Pereira', 'male', 48, 'password', 'São Martinho');
INSERT INTO trabalho.usuario_esta_inscrito_no_podcast VALUES (2, 'bc8dac25-793c-4a96-aafc-4ea7020f4f60', 'usr_237');
INSERT INTO trabalho.comentarios_podcast_usuario VALUES ('comment_237_0', 'Est consequuntur neque totam repudiandae.', 'bc8dac25-793c-4a96-aafc-4ea7020f4f60', 'usr_237');
INSERT INTO trabalho.log_acesso VALUES ('log_237_0', 'bc8dac25-793c-4a96-aafc-4ea7020f4f60', 'usr_237');
INSERT INTO trabalho.usuario_esta_inscrito_no_podcast VALUES (2, '67074e68-bc2f-442b-8af2-7d328b6af6eb', 'usr_237');
INSERT INTO trabalho.comentarios_podcast_usuario VALUES ('comment_237_1', 'Quia ut ab iure.', '67074e68-bc2f-442b-8af2-7d328b6af6eb', 'usr_237');
INSERT INTO trabalho.log_acesso VALUES ('log_237_1', '67074e68-bc2f-442b-8af2-7d328b6af6eb', 'usr_237');
INSERT INTO trabalho.usuario_esta_inscrito_no_podcast VALUES (1, 'f0166bd2-8e4d-4308-b5d7-0b3d627c5dc5', 'usr_237');
INSERT INTO trabalho.comentarios_podcast_usuario VALUES ('comment_237_2', 'Ex aut a quis laborum ratione doloribus ea esse.', 'f0166bd2-8e4d-4308-b5d7-0b3d627c5dc5', 'usr_237');
INSERT INTO trabalho.log_acesso VALUES ('log_237_2', 'f0166bd2-8e4d-4308-b5d7-0b3d627c5dc5', 'usr_237');
INSERT INTO trabalho.usuario VALUES ('usr_238', '238_Laura_Carvalho@hotmail.com', 'Laura Carvalho', 'female', 44, 'password', 'Guiné-Bissau');
INSERT INTO trabalho.usuario_esta_inscrito_no_podcast VALUES (5, '219328a1-cec6-4e8c-b003-52a3ec9766bb', 'usr_238');
INSERT INTO trabalho.comentarios_podcast_usuario VALUES ('comment_238_0', 'Laborum quas voluptatem ipsum amet ab molestiae fugit.', '219328a1-cec6-4e8c-b003-52a3ec9766bb', 'usr_238');
INSERT INTO trabalho.log_acesso VALUES ('log_238_0', '219328a1-cec6-4e8c-b003-52a3ec9766bb', 'usr_238');
INSERT INTO trabalho.usuario_esta_inscrito_no_podcast VALUES (5, 'af46a958-b921-47b6-9f87-5c4fdc68ea79', 'usr_238');
INSERT INTO trabalho.comentarios_podcast_usuario VALUES ('comment_238_1', 'Pariatur omnis aut commodi porro molestias aliquid.', 'af46a958-b921-47b6-9f87-5c4fdc68ea79', 'usr_238');
INSERT INTO trabalho.log_acesso VALUES ('log_238_1', 'af46a958-b921-47b6-9f87-5c4fdc68ea79', 'usr_238');
INSERT INTO trabalho.usuario_esta_inscrito_no_podcast VALUES (4, '7e429e8e-7669-403d-bb78-3cd7f9f75afd', 'usr_238');
INSERT INTO trabalho.comentarios_podcast_usuario VALUES ('comment_238_2', 'Hic sit cupiditate adipisci quis mollitia.', '7e429e8e-7669-403d-bb78-3cd7f9f75afd', 'usr_238');
INSERT INTO trabalho.log_acesso VALUES ('log_238_2', '7e429e8e-7669-403d-bb78-3cd7f9f75afd', 'usr_238');
INSERT INTO trabalho.usuario VALUES ('usr_239', '239_Joaquim_Carvalho@live.com', 'Joaquim Carvalho', 'male', 25, 'password', 'Mongólia');
INSERT INTO trabalho.usuario_esta_inscrito_no_podcast VALUES (5, 'f1b92ce7-47a7-43cd-8586-4a09185cdd05', 'usr_239');
INSERT INTO trabalho.comentarios_podcast_usuario VALUES ('comment_239_0', 'Amet dolorum iusto.', 'f1b92ce7-47a7-43cd-8586-4a09185cdd05', 'usr_239');
INSERT INTO trabalho.log_acesso VALUES ('log_239_0', 'f1b92ce7-47a7-43cd-8586-4a09185cdd05', 'usr_239');
INSERT INTO trabalho.usuario_esta_inscrito_no_podcast VALUES (1, '7e429e8e-7669-403d-bb78-3cd7f9f75afd', 'usr_239');
INSERT INTO trabalho.comentarios_podcast_usuario VALUES ('comment_239_1', 'Necessitatibus accusamus ipsum optio eos ab.', '7e429e8e-7669-403d-bb78-3cd7f9f75afd', 'usr_239');
INSERT INTO trabalho.log_acesso VALUES ('log_239_1', '7e429e8e-7669-403d-bb78-3cd7f9f75afd', 'usr_239');
INSERT INTO trabalho.usuario_esta_inscrito_no_podcast VALUES (5, 'bc8dac25-793c-4a96-aafc-4ea7020f4f60', 'usr_239');
INSERT INTO trabalho.comentarios_podcast_usuario VALUES ('comment_239_2', 'Aliquid reiciendis voluptatem alias voluptatem sequi.', 'bc8dac25-793c-4a96-aafc-4ea7020f4f60', 'usr_239');
INSERT INTO trabalho.log_acesso VALUES ('log_239_2', 'bc8dac25-793c-4a96-aafc-4ea7020f4f60', 'usr_239');
INSERT INTO trabalho.usuario VALUES ('usr_240', '240_Yuri.Franco50@bol.com.br', 'Yuri Franco', 'male', 11, 'password', 'Jamaica');
INSERT INTO trabalho.usuario_esta_inscrito_no_podcast VALUES (2, '5bdf7377-8330-4f9f-8efd-e95301c122ce', 'usr_240');
INSERT INTO trabalho.comentarios_podcast_usuario VALUES ('comment_240_0', 'Alias perferendis nobis nostrum et dolores doloremque ullam explicabo a.', '5bdf7377-8330-4f9f-8efd-e95301c122ce', 'usr_240');
INSERT INTO trabalho.log_acesso VALUES ('log_240_0', '5bdf7377-8330-4f9f-8efd-e95301c122ce', 'usr_240');
INSERT INTO trabalho.usuario_esta_inscrito_no_podcast VALUES (4, 'c58b280a-56d4-4ad8-8c85-730e4ea86361', 'usr_240');
INSERT INTO trabalho.comentarios_podcast_usuario VALUES ('comment_240_1', 'Doloribus in rerum.', 'c58b280a-56d4-4ad8-8c85-730e4ea86361', 'usr_240');
INSERT INTO trabalho.log_acesso VALUES ('log_240_1', 'c58b280a-56d4-4ad8-8c85-730e4ea86361', 'usr_240');
INSERT INTO trabalho.usuario_esta_inscrito_no_podcast VALUES (0, 'f8e13774-d631-4f34-93f0-2f5d55590265', 'usr_240');
INSERT INTO trabalho.comentarios_podcast_usuario VALUES ('comment_240_2', 'Deleniti expedita aut ut inventore fugiat ullam et.', 'f8e13774-d631-4f34-93f0-2f5d55590265', 'usr_240');
INSERT INTO trabalho.log_acesso VALUES ('log_240_2', 'f8e13774-d631-4f34-93f0-2f5d55590265', 'usr_240');
INSERT INTO trabalho.usuario VALUES ('usr_241', '241_Sara_Pereira94@yahoo.com', 'Sara Pereira', 'female', 50, 'password', 'Palau');
INSERT INTO trabalho.usuario_esta_inscrito_no_podcast VALUES (4, 'b553d865-8fe2-47de-9a30-10e1dea3bd1d', 'usr_241');
INSERT INTO trabalho.comentarios_podcast_usuario VALUES ('comment_241_0', 'Et tenetur nihil recusandae rem voluptatem ea accusamus consectetur et.', 'b553d865-8fe2-47de-9a30-10e1dea3bd1d', 'usr_241');
INSERT INTO trabalho.log_acesso VALUES ('log_241_0', 'b553d865-8fe2-47de-9a30-10e1dea3bd1d', 'usr_241');
INSERT INTO trabalho.usuario_esta_inscrito_no_podcast VALUES (3, '7e429e8e-7669-403d-bb78-3cd7f9f75afd', 'usr_241');
INSERT INTO trabalho.comentarios_podcast_usuario VALUES ('comment_241_1', 'Sit qui rerum occaecati et voluptates omnis blanditiis autem cupiditate.', '7e429e8e-7669-403d-bb78-3cd7f9f75afd', 'usr_241');
INSERT INTO trabalho.log_acesso VALUES ('log_241_1', '7e429e8e-7669-403d-bb78-3cd7f9f75afd', 'usr_241');
INSERT INTO trabalho.usuario_esta_inscrito_no_podcast VALUES (5, 'c58b280a-56d4-4ad8-8c85-730e4ea86361', 'usr_241');
INSERT INTO trabalho.comentarios_podcast_usuario VALUES ('comment_241_2', 'Illum qui assumenda qui corporis et.', 'c58b280a-56d4-4ad8-8c85-730e4ea86361', 'usr_241');
INSERT INTO trabalho.log_acesso VALUES ('log_241_2', 'c58b280a-56d4-4ad8-8c85-730e4ea86361', 'usr_241');
INSERT INTO trabalho.usuario VALUES ('usr_242', '242_Natlia.Macedo93@live.com', 'Natália Macedo', 'female', 57, 'password', 'Wallis e Futuna');
INSERT INTO trabalho.usuario_esta_inscrito_no_podcast VALUES (2, '219328a1-cec6-4e8c-b003-52a3ec9766bb', 'usr_242');
INSERT INTO trabalho.comentarios_podcast_usuario VALUES ('comment_242_0', 'Voluptas voluptas ducimus enim recusandae ut non ut.', '219328a1-cec6-4e8c-b003-52a3ec9766bb', 'usr_242');
INSERT INTO trabalho.log_acesso VALUES ('log_242_0', '219328a1-cec6-4e8c-b003-52a3ec9766bb', 'usr_242');
INSERT INTO trabalho.usuario_esta_inscrito_no_podcast VALUES (2, 'b553d865-8fe2-47de-9a30-10e1dea3bd1d', 'usr_242');
INSERT INTO trabalho.comentarios_podcast_usuario VALUES ('comment_242_1', 'Qui ducimus cum debitis pariatur dicta a sed.', 'b553d865-8fe2-47de-9a30-10e1dea3bd1d', 'usr_242');
INSERT INTO trabalho.log_acesso VALUES ('log_242_1', 'b553d865-8fe2-47de-9a30-10e1dea3bd1d', 'usr_242');
INSERT INTO trabalho.usuario_esta_inscrito_no_podcast VALUES (3, 'f1b92ce7-47a7-43cd-8586-4a09185cdd05', 'usr_242');
INSERT INTO trabalho.comentarios_podcast_usuario VALUES ('comment_242_2', 'Minus est est dolore iusto odio occaecati.', 'f1b92ce7-47a7-43cd-8586-4a09185cdd05', 'usr_242');
INSERT INTO trabalho.log_acesso VALUES ('log_242_2', 'f1b92ce7-47a7-43cd-8586-4a09185cdd05', 'usr_242');
INSERT INTO trabalho.usuario VALUES ('usr_243', '243_Margarida43@gmail.com', 'Margarida Martins', 'female', 40, 'password', 'Costa Rica');
INSERT INTO trabalho.usuario_esta_inscrito_no_podcast VALUES (5, '5bdf7377-8330-4f9f-8efd-e95301c122ce', 'usr_243');
INSERT INTO trabalho.comentarios_podcast_usuario VALUES ('comment_243_0', 'Quisquam voluptatem ut facilis.', '5bdf7377-8330-4f9f-8efd-e95301c122ce', 'usr_243');
INSERT INTO trabalho.log_acesso VALUES ('log_243_0', '5bdf7377-8330-4f9f-8efd-e95301c122ce', 'usr_243');
INSERT INTO trabalho.usuario_esta_inscrito_no_podcast VALUES (0, '219328a1-cec6-4e8c-b003-52a3ec9766bb', 'usr_243');
INSERT INTO trabalho.comentarios_podcast_usuario VALUES ('comment_243_1', 'Nostrum sunt vel porro eum.', '219328a1-cec6-4e8c-b003-52a3ec9766bb', 'usr_243');
INSERT INTO trabalho.log_acesso VALUES ('log_243_1', '219328a1-cec6-4e8c-b003-52a3ec9766bb', 'usr_243');
INSERT INTO trabalho.usuario_esta_inscrito_no_podcast VALUES (4, 'f8e13774-d631-4f34-93f0-2f5d55590265', 'usr_243');
INSERT INTO trabalho.comentarios_podcast_usuario VALUES ('comment_243_2', 'Sed voluptas dolorem.', 'f8e13774-d631-4f34-93f0-2f5d55590265', 'usr_243');
INSERT INTO trabalho.log_acesso VALUES ('log_243_2', 'f8e13774-d631-4f34-93f0-2f5d55590265', 'usr_243');
INSERT INTO trabalho.usuario VALUES ('usr_244', '244_Raul_Martins49@bol.com.br', 'Raul Martins', 'male', 8, 'password', 'Liechtenstein');
INSERT INTO trabalho.usuario_esta_inscrito_no_podcast VALUES (0, 'c58b280a-56d4-4ad8-8c85-730e4ea86361', 'usr_244');
INSERT INTO trabalho.comentarios_podcast_usuario VALUES ('comment_244_0', 'Voluptatem quia ea vitae omnis rerum cum magnam qui.', 'c58b280a-56d4-4ad8-8c85-730e4ea86361', 'usr_244');
INSERT INTO trabalho.log_acesso VALUES ('log_244_0', 'c58b280a-56d4-4ad8-8c85-730e4ea86361', 'usr_244');
INSERT INTO trabalho.usuario_esta_inscrito_no_podcast VALUES (5, '67074e68-bc2f-442b-8af2-7d328b6af6eb', 'usr_244');
INSERT INTO trabalho.comentarios_podcast_usuario VALUES ('comment_244_1', 'Nihil aut tenetur velit et et sit temporibus quia ad.', '67074e68-bc2f-442b-8af2-7d328b6af6eb', 'usr_244');
INSERT INTO trabalho.log_acesso VALUES ('log_244_1', '67074e68-bc2f-442b-8af2-7d328b6af6eb', 'usr_244');
INSERT INTO trabalho.usuario_esta_inscrito_no_podcast VALUES (3, 'f1b92ce7-47a7-43cd-8586-4a09185cdd05', 'usr_244');
INSERT INTO trabalho.comentarios_podcast_usuario VALUES ('comment_244_2', 'Nesciunt cumque veniam modi aut voluptas voluptatem.', 'f1b92ce7-47a7-43cd-8586-4a09185cdd05', 'usr_244');
INSERT INTO trabalho.log_acesso VALUES ('log_244_2', 'f1b92ce7-47a7-43cd-8586-4a09185cdd05', 'usr_244');
INSERT INTO trabalho.usuario VALUES ('usr_245', '245_AnaClara.Pereira26@hotmail.com', 'Ana Clara Pereira', 'female', 2, 'password', 'Georgia');
INSERT INTO trabalho.usuario_esta_inscrito_no_podcast VALUES (4, '5bdf7377-8330-4f9f-8efd-e95301c122ce', 'usr_245');
INSERT INTO trabalho.comentarios_podcast_usuario VALUES ('comment_245_0', 'Sit id corporis velit voluptatum maxime nihil nemo qui.', '5bdf7377-8330-4f9f-8efd-e95301c122ce', 'usr_245');
INSERT INTO trabalho.log_acesso VALUES ('log_245_0', '5bdf7377-8330-4f9f-8efd-e95301c122ce', 'usr_245');
INSERT INTO trabalho.usuario_esta_inscrito_no_podcast VALUES (4, '219328a1-cec6-4e8c-b003-52a3ec9766bb', 'usr_245');
INSERT INTO trabalho.comentarios_podcast_usuario VALUES ('comment_245_1', 'Quisquam id eum non numquam libero at qui.', '219328a1-cec6-4e8c-b003-52a3ec9766bb', 'usr_245');
INSERT INTO trabalho.log_acesso VALUES ('log_245_1', '219328a1-cec6-4e8c-b003-52a3ec9766bb', 'usr_245');
INSERT INTO trabalho.usuario_esta_inscrito_no_podcast VALUES (1, '168c1536-4c42-4b8f-8c77-f06affefec6a', 'usr_245');
INSERT INTO trabalho.comentarios_podcast_usuario VALUES ('comment_245_2', 'Excepturi accusamus et nulla itaque mollitia.', '168c1536-4c42-4b8f-8c77-f06affefec6a', 'usr_245');
INSERT INTO trabalho.log_acesso VALUES ('log_245_2', '168c1536-4c42-4b8f-8c77-f06affefec6a', 'usr_245');
INSERT INTO trabalho.usuario VALUES ('usr_246', '246_Yuri_Franco93@gmail.com', 'Yuri Franco', 'male', 7, 'password', 'Noruega');
INSERT INTO trabalho.usuario_esta_inscrito_no_podcast VALUES (3, 'f1b92ce7-47a7-43cd-8586-4a09185cdd05', 'usr_246');
INSERT INTO trabalho.comentarios_podcast_usuario VALUES ('comment_246_0', 'Voluptates non quos in consectetur.', 'f1b92ce7-47a7-43cd-8586-4a09185cdd05', 'usr_246');
INSERT INTO trabalho.log_acesso VALUES ('log_246_0', 'f1b92ce7-47a7-43cd-8586-4a09185cdd05', 'usr_246');
INSERT INTO trabalho.usuario_esta_inscrito_no_podcast VALUES (4, 'c58b280a-56d4-4ad8-8c85-730e4ea86361', 'usr_246');
INSERT INTO trabalho.comentarios_podcast_usuario VALUES ('comment_246_1', 'Vitae esse repellat est.', 'c58b280a-56d4-4ad8-8c85-730e4ea86361', 'usr_246');
INSERT INTO trabalho.log_acesso VALUES ('log_246_1', 'c58b280a-56d4-4ad8-8c85-730e4ea86361', 'usr_246');
INSERT INTO trabalho.usuario_esta_inscrito_no_podcast VALUES (2, '5bdf7377-8330-4f9f-8efd-e95301c122ce', 'usr_246');
INSERT INTO trabalho.comentarios_podcast_usuario VALUES ('comment_246_2', 'Est tempore harum.', '5bdf7377-8330-4f9f-8efd-e95301c122ce', 'usr_246');
INSERT INTO trabalho.log_acesso VALUES ('log_246_2', '5bdf7377-8330-4f9f-8efd-e95301c122ce', 'usr_246');
INSERT INTO trabalho.usuario VALUES ('usr_247', '247_Anthony_Carvalho@gmail.com', 'Anthony Carvalho', 'male', 28, 'password', 'Romênia');
INSERT INTO trabalho.usuario_esta_inscrito_no_podcast VALUES (3, '67074e68-bc2f-442b-8af2-7d328b6af6eb', 'usr_247');
INSERT INTO trabalho.comentarios_podcast_usuario VALUES ('comment_247_0', 'Odit aut id tenetur similique magnam non ut.', '67074e68-bc2f-442b-8af2-7d328b6af6eb', 'usr_247');
INSERT INTO trabalho.log_acesso VALUES ('log_247_0', '67074e68-bc2f-442b-8af2-7d328b6af6eb', 'usr_247');
INSERT INTO trabalho.usuario_esta_inscrito_no_podcast VALUES (5, 'f0166bd2-8e4d-4308-b5d7-0b3d627c5dc5', 'usr_247');
INSERT INTO trabalho.comentarios_podcast_usuario VALUES ('comment_247_1', 'Est esse iusto aspernatur eligendi dolorem facere velit ipsum.', 'f0166bd2-8e4d-4308-b5d7-0b3d627c5dc5', 'usr_247');
INSERT INTO trabalho.log_acesso VALUES ('log_247_1', 'f0166bd2-8e4d-4308-b5d7-0b3d627c5dc5', 'usr_247');
INSERT INTO trabalho.usuario_esta_inscrito_no_podcast VALUES (5, 'b553d865-8fe2-47de-9a30-10e1dea3bd1d', 'usr_247');
INSERT INTO trabalho.comentarios_podcast_usuario VALUES ('comment_247_2', 'Explicabo neque et minima quasi et possimus qui ipsam distinctio.', 'b553d865-8fe2-47de-9a30-10e1dea3bd1d', 'usr_247');
INSERT INTO trabalho.log_acesso VALUES ('log_247_2', 'b553d865-8fe2-47de-9a30-10e1dea3bd1d', 'usr_247');
INSERT INTO trabalho.usuario VALUES ('usr_248', '248_DaviLucca67@hotmail.com', 'Davi Lucca Silva', 'male', 4, 'password', 'Jersey');
INSERT INTO trabalho.usuario_esta_inscrito_no_podcast VALUES (3, 'fa3abe16-3645-4d22-a01d-893e6f20c408', 'usr_248');
INSERT INTO trabalho.comentarios_podcast_usuario VALUES ('comment_248_0', 'Est soluta enim.', 'fa3abe16-3645-4d22-a01d-893e6f20c408', 'usr_248');
INSERT INTO trabalho.log_acesso VALUES ('log_248_0', 'fa3abe16-3645-4d22-a01d-893e6f20c408', 'usr_248');
INSERT INTO trabalho.usuario_esta_inscrito_no_podcast VALUES (2, '7e429e8e-7669-403d-bb78-3cd7f9f75afd', 'usr_248');
INSERT INTO trabalho.comentarios_podcast_usuario VALUES ('comment_248_1', 'Eaque architecto qui.', '7e429e8e-7669-403d-bb78-3cd7f9f75afd', 'usr_248');
INSERT INTO trabalho.log_acesso VALUES ('log_248_1', '7e429e8e-7669-403d-bb78-3cd7f9f75afd', 'usr_248');
INSERT INTO trabalho.usuario_esta_inscrito_no_podcast VALUES (5, '168c1536-4c42-4b8f-8c77-f06affefec6a', 'usr_248');
INSERT INTO trabalho.comentarios_podcast_usuario VALUES ('comment_248_2', 'Iure nihil libero quia omnis voluptas voluptatem.', '168c1536-4c42-4b8f-8c77-f06affefec6a', 'usr_248');
INSERT INTO trabalho.log_acesso VALUES ('log_248_2', '168c1536-4c42-4b8f-8c77-f06affefec6a', 'usr_248');
INSERT INTO trabalho.usuario VALUES ('usr_249', '249_Valentina.Saraiva51@live.com', 'Valentina Saraiva', 'female', 48, 'password', 'Niue');
INSERT INTO trabalho.usuario_esta_inscrito_no_podcast VALUES (1, '168c1536-4c42-4b8f-8c77-f06affefec6a', 'usr_249');
INSERT INTO trabalho.comentarios_podcast_usuario VALUES ('comment_249_0', 'Repellat sed et et ad ab cum exercitationem iure maiores.', '168c1536-4c42-4b8f-8c77-f06affefec6a', 'usr_249');
INSERT INTO trabalho.log_acesso VALUES ('log_249_0', '168c1536-4c42-4b8f-8c77-f06affefec6a', 'usr_249');
INSERT INTO trabalho.usuario_esta_inscrito_no_podcast VALUES (4, 'bc8dac25-793c-4a96-aafc-4ea7020f4f60', 'usr_249');
INSERT INTO trabalho.comentarios_podcast_usuario VALUES ('comment_249_1', 'Dicta consequuntur unde distinctio cumque vero.', 'bc8dac25-793c-4a96-aafc-4ea7020f4f60', 'usr_249');
INSERT INTO trabalho.log_acesso VALUES ('log_249_1', 'bc8dac25-793c-4a96-aafc-4ea7020f4f60', 'usr_249');
INSERT INTO trabalho.usuario_esta_inscrito_no_podcast VALUES (0, '219328a1-cec6-4e8c-b003-52a3ec9766bb', 'usr_249');
INSERT INTO trabalho.comentarios_podcast_usuario VALUES ('comment_249_2', 'Laboriosam itaque qui ut.', '219328a1-cec6-4e8c-b003-52a3ec9766bb', 'usr_249');
INSERT INTO trabalho.log_acesso VALUES ('log_249_2', '219328a1-cec6-4e8c-b003-52a3ec9766bb', 'usr_249');
INSERT INTO trabalho.usuario VALUES ('usr_250', '250_Paulo_Santos@gmail.com', 'Paulo Santos', 'male', 12, 'password', 'Jibuti');
INSERT INTO trabalho.usuario_esta_inscrito_no_podcast VALUES (4, 'f8e13774-d631-4f34-93f0-2f5d55590265', 'usr_250');
INSERT INTO trabalho.comentarios_podcast_usuario VALUES ('comment_250_0', 'Est id velit quas et laborum eos natus ut.', 'f8e13774-d631-4f34-93f0-2f5d55590265', 'usr_250');
INSERT INTO trabalho.log_acesso VALUES ('log_250_0', 'f8e13774-d631-4f34-93f0-2f5d55590265', 'usr_250');
INSERT INTO trabalho.usuario_esta_inscrito_no_podcast VALUES (0, '7e429e8e-7669-403d-bb78-3cd7f9f75afd', 'usr_250');
INSERT INTO trabalho.comentarios_podcast_usuario VALUES ('comment_250_1', 'Provident quis ut aut voluptatem veritatis quis non.', '7e429e8e-7669-403d-bb78-3cd7f9f75afd', 'usr_250');
INSERT INTO trabalho.log_acesso VALUES ('log_250_1', '7e429e8e-7669-403d-bb78-3cd7f9f75afd', 'usr_250');
INSERT INTO trabalho.usuario_esta_inscrito_no_podcast VALUES (3, 'f1b92ce7-47a7-43cd-8586-4a09185cdd05', 'usr_250');
INSERT INTO trabalho.comentarios_podcast_usuario VALUES ('comment_250_2', 'Culpa sed sit temporibus beatae dolore non accusamus odit nulla.', 'f1b92ce7-47a7-43cd-8586-4a09185cdd05', 'usr_250');
INSERT INTO trabalho.log_acesso VALUES ('log_250_2', 'f1b92ce7-47a7-43cd-8586-4a09185cdd05', 'usr_250');
INSERT INTO trabalho.usuario VALUES ('usr_251', '251_Yango17@yahoo.com', 'Yango Souza', 'male', 56, 'password', 'Santa Lúcia');
INSERT INTO trabalho.usuario_esta_inscrito_no_podcast VALUES (4, 'fa3abe16-3645-4d22-a01d-893e6f20c408', 'usr_251');
INSERT INTO trabalho.comentarios_podcast_usuario VALUES ('comment_251_0', 'Ea et architecto quia.', 'fa3abe16-3645-4d22-a01d-893e6f20c408', 'usr_251');
INSERT INTO trabalho.log_acesso VALUES ('log_251_0', 'fa3abe16-3645-4d22-a01d-893e6f20c408', 'usr_251');
INSERT INTO trabalho.usuario_esta_inscrito_no_podcast VALUES (5, '7e429e8e-7669-403d-bb78-3cd7f9f75afd', 'usr_251');
INSERT INTO trabalho.comentarios_podcast_usuario VALUES ('comment_251_1', 'Et officiis tempore.', '7e429e8e-7669-403d-bb78-3cd7f9f75afd', 'usr_251');
INSERT INTO trabalho.log_acesso VALUES ('log_251_1', '7e429e8e-7669-403d-bb78-3cd7f9f75afd', 'usr_251');
INSERT INTO trabalho.usuario_esta_inscrito_no_podcast VALUES (3, '219328a1-cec6-4e8c-b003-52a3ec9766bb', 'usr_251');
INSERT INTO trabalho.comentarios_podcast_usuario VALUES ('comment_251_2', 'Dolorem culpa minus corrupti deleniti corrupti deleniti soluta.', '219328a1-cec6-4e8c-b003-52a3ec9766bb', 'usr_251');
INSERT INTO trabalho.log_acesso VALUES ('log_251_2', '219328a1-cec6-4e8c-b003-52a3ec9766bb', 'usr_251');
INSERT INTO trabalho.usuario VALUES ('usr_252', '252_Janana_Souza32@gmail.com', 'Janaína Souza', 'female', 15, 'password', 'Filipinas');
INSERT INTO trabalho.usuario_esta_inscrito_no_podcast VALUES (1, 'fa3abe16-3645-4d22-a01d-893e6f20c408', 'usr_252');
INSERT INTO trabalho.comentarios_podcast_usuario VALUES ('comment_252_0', 'Quae ea et voluptatum debitis hic asperiores maiores quaerat est.', 'fa3abe16-3645-4d22-a01d-893e6f20c408', 'usr_252');
INSERT INTO trabalho.log_acesso VALUES ('log_252_0', 'fa3abe16-3645-4d22-a01d-893e6f20c408', 'usr_252');
INSERT INTO trabalho.usuario_esta_inscrito_no_podcast VALUES (1, 'c58b280a-56d4-4ad8-8c85-730e4ea86361', 'usr_252');
INSERT INTO trabalho.comentarios_podcast_usuario VALUES ('comment_252_1', 'Commodi fuga commodi.', 'c58b280a-56d4-4ad8-8c85-730e4ea86361', 'usr_252');
INSERT INTO trabalho.log_acesso VALUES ('log_252_1', 'c58b280a-56d4-4ad8-8c85-730e4ea86361', 'usr_252');
INSERT INTO trabalho.usuario_esta_inscrito_no_podcast VALUES (4, 'bc8dac25-793c-4a96-aafc-4ea7020f4f60', 'usr_252');
INSERT INTO trabalho.comentarios_podcast_usuario VALUES ('comment_252_2', 'Laboriosam aut quidem magnam accusantium magni dolorem.', 'bc8dac25-793c-4a96-aafc-4ea7020f4f60', 'usr_252');
INSERT INTO trabalho.log_acesso VALUES ('log_252_2', 'bc8dac25-793c-4a96-aafc-4ea7020f4f60', 'usr_252');
INSERT INTO trabalho.usuario VALUES ('usr_253', '253_Sirineu79@hotmail.com', 'Sirineu Braga', 'male', 2, 'password', 'Nepal');
INSERT INTO trabalho.usuario_esta_inscrito_no_podcast VALUES (1, 'f8e13774-d631-4f34-93f0-2f5d55590265', 'usr_253');
INSERT INTO trabalho.comentarios_podcast_usuario VALUES ('comment_253_0', 'Ut molestiae architecto.', 'f8e13774-d631-4f34-93f0-2f5d55590265', 'usr_253');
INSERT INTO trabalho.log_acesso VALUES ('log_253_0', 'f8e13774-d631-4f34-93f0-2f5d55590265', 'usr_253');
INSERT INTO trabalho.usuario_esta_inscrito_no_podcast VALUES (3, 'c58b280a-56d4-4ad8-8c85-730e4ea86361', 'usr_253');
INSERT INTO trabalho.comentarios_podcast_usuario VALUES ('comment_253_1', 'Voluptas odit iure eaque voluptate in deleniti repellendus aperiam alias.', 'c58b280a-56d4-4ad8-8c85-730e4ea86361', 'usr_253');
INSERT INTO trabalho.log_acesso VALUES ('log_253_1', 'c58b280a-56d4-4ad8-8c85-730e4ea86361', 'usr_253');
INSERT INTO trabalho.usuario_esta_inscrito_no_podcast VALUES (5, 'fa3abe16-3645-4d22-a01d-893e6f20c408', 'usr_253');
INSERT INTO trabalho.comentarios_podcast_usuario VALUES ('comment_253_2', 'Id expedita asperiores necessitatibus omnis molestiae fugit dignissimos deleniti debitis.', 'fa3abe16-3645-4d22-a01d-893e6f20c408', 'usr_253');
INSERT INTO trabalho.log_acesso VALUES ('log_253_2', 'fa3abe16-3645-4d22-a01d-893e6f20c408', 'usr_253');
INSERT INTO trabalho.usuario VALUES ('usr_254', '254_Rebeca_Oliveira@bol.com.br', 'Rebeca Oliveira', 'female', 3, 'password', 'Malásia');
INSERT INTO trabalho.usuario_esta_inscrito_no_podcast VALUES (3, 'de2f0ddb-9903-436a-a5e2-54224254c818', 'usr_254');
INSERT INTO trabalho.comentarios_podcast_usuario VALUES ('comment_254_0', 'Fugit sed error.', 'de2f0ddb-9903-436a-a5e2-54224254c818', 'usr_254');
INSERT INTO trabalho.log_acesso VALUES ('log_254_0', 'de2f0ddb-9903-436a-a5e2-54224254c818', 'usr_254');
INSERT INTO trabalho.usuario_esta_inscrito_no_podcast VALUES (2, 'c58b280a-56d4-4ad8-8c85-730e4ea86361', 'usr_254');
INSERT INTO trabalho.comentarios_podcast_usuario VALUES ('comment_254_1', 'Distinctio quaerat enim corrupti ut odio voluptas molestias aut reiciendis.', 'c58b280a-56d4-4ad8-8c85-730e4ea86361', 'usr_254');
INSERT INTO trabalho.log_acesso VALUES ('log_254_1', 'c58b280a-56d4-4ad8-8c85-730e4ea86361', 'usr_254');
INSERT INTO trabalho.usuario_esta_inscrito_no_podcast VALUES (1, 'f0166bd2-8e4d-4308-b5d7-0b3d627c5dc5', 'usr_254');
INSERT INTO trabalho.comentarios_podcast_usuario VALUES ('comment_254_2', 'Eos qui dignissimos aliquam sit rerum a et quia.', 'f0166bd2-8e4d-4308-b5d7-0b3d627c5dc5', 'usr_254');
INSERT INTO trabalho.log_acesso VALUES ('log_254_2', 'f0166bd2-8e4d-4308-b5d7-0b3d627c5dc5', 'usr_254');
INSERT INTO trabalho.usuario VALUES ('usr_255', '255_Laura92@gmail.com', 'Laura Reis', 'female', 59, 'password', 'Jersey');
INSERT INTO trabalho.usuario_esta_inscrito_no_podcast VALUES (0, '219328a1-cec6-4e8c-b003-52a3ec9766bb', 'usr_255');
INSERT INTO trabalho.comentarios_podcast_usuario VALUES ('comment_255_0', 'Sint sequi officiis libero fugiat natus harum eligendi nisi commodi.', '219328a1-cec6-4e8c-b003-52a3ec9766bb', 'usr_255');
INSERT INTO trabalho.log_acesso VALUES ('log_255_0', '219328a1-cec6-4e8c-b003-52a3ec9766bb', 'usr_255');
INSERT INTO trabalho.usuario_esta_inscrito_no_podcast VALUES (1, '5bdf7377-8330-4f9f-8efd-e95301c122ce', 'usr_255');
INSERT INTO trabalho.comentarios_podcast_usuario VALUES ('comment_255_1', 'Blanditiis quas cum quaerat porro est labore est tempora hic.', '5bdf7377-8330-4f9f-8efd-e95301c122ce', 'usr_255');
INSERT INTO trabalho.log_acesso VALUES ('log_255_1', '5bdf7377-8330-4f9f-8efd-e95301c122ce', 'usr_255');
INSERT INTO trabalho.usuario_esta_inscrito_no_podcast VALUES (5, 'bc8dac25-793c-4a96-aafc-4ea7020f4f60', 'usr_255');
INSERT INTO trabalho.comentarios_podcast_usuario VALUES ('comment_255_2', 'Vero molestiae ratione.', 'bc8dac25-793c-4a96-aafc-4ea7020f4f60', 'usr_255');
INSERT INTO trabalho.log_acesso VALUES ('log_255_2', 'bc8dac25-793c-4a96-aafc-4ea7020f4f60', 'usr_255');
INSERT INTO trabalho.usuario VALUES ('usr_256', '256_Jlio_Batista@bol.com.br', 'Júlio Batista', 'male', 27, 'password', 'São Bartolomeu');
INSERT INTO trabalho.usuario_esta_inscrito_no_podcast VALUES (2, '7e429e8e-7669-403d-bb78-3cd7f9f75afd', 'usr_256');
INSERT INTO trabalho.comentarios_podcast_usuario VALUES ('comment_256_0', 'Facere magnam excepturi veniam.', '7e429e8e-7669-403d-bb78-3cd7f9f75afd', 'usr_256');
INSERT INTO trabalho.log_acesso VALUES ('log_256_0', '7e429e8e-7669-403d-bb78-3cd7f9f75afd', 'usr_256');
INSERT INTO trabalho.usuario_esta_inscrito_no_podcast VALUES (3, 'de2f0ddb-9903-436a-a5e2-54224254c818', 'usr_256');
INSERT INTO trabalho.comentarios_podcast_usuario VALUES ('comment_256_1', 'Qui sed dicta sapiente quam provident harum.', 'de2f0ddb-9903-436a-a5e2-54224254c818', 'usr_256');
INSERT INTO trabalho.log_acesso VALUES ('log_256_1', 'de2f0ddb-9903-436a-a5e2-54224254c818', 'usr_256');
INSERT INTO trabalho.usuario_esta_inscrito_no_podcast VALUES (1, '5bdf7377-8330-4f9f-8efd-e95301c122ce', 'usr_256');
INSERT INTO trabalho.comentarios_podcast_usuario VALUES ('comment_256_2', 'Qui adipisci omnis tenetur ipsam.', '5bdf7377-8330-4f9f-8efd-e95301c122ce', 'usr_256');
INSERT INTO trabalho.log_acesso VALUES ('log_256_2', '5bdf7377-8330-4f9f-8efd-e95301c122ce', 'usr_256');
INSERT INTO trabalho.usuario VALUES ('usr_257', '257_Isabella_Albuquerque34@yahoo.com', 'Isabella Albuquerque', 'female', 16, 'password', 'Guiné Francesa');
INSERT INTO trabalho.usuario_esta_inscrito_no_podcast VALUES (3, 'bc8dac25-793c-4a96-aafc-4ea7020f4f60', 'usr_257');
INSERT INTO trabalho.comentarios_podcast_usuario VALUES ('comment_257_0', 'Corporis illum nesciunt ratione quia et.', 'bc8dac25-793c-4a96-aafc-4ea7020f4f60', 'usr_257');
INSERT INTO trabalho.log_acesso VALUES ('log_257_0', 'bc8dac25-793c-4a96-aafc-4ea7020f4f60', 'usr_257');
INSERT INTO trabalho.usuario_esta_inscrito_no_podcast VALUES (5, '168c1536-4c42-4b8f-8c77-f06affefec6a', 'usr_257');
INSERT INTO trabalho.comentarios_podcast_usuario VALUES ('comment_257_1', 'Ipsum numquam et dolore voluptatem autem rerum voluptate aut.', '168c1536-4c42-4b8f-8c77-f06affefec6a', 'usr_257');
INSERT INTO trabalho.log_acesso VALUES ('log_257_1', '168c1536-4c42-4b8f-8c77-f06affefec6a', 'usr_257');
INSERT INTO trabalho.usuario_esta_inscrito_no_podcast VALUES (4, '219328a1-cec6-4e8c-b003-52a3ec9766bb', 'usr_257');
INSERT INTO trabalho.comentarios_podcast_usuario VALUES ('comment_257_2', 'Temporibus ea porro sunt sit unde.', '219328a1-cec6-4e8c-b003-52a3ec9766bb', 'usr_257');
INSERT INTO trabalho.log_acesso VALUES ('log_257_2', '219328a1-cec6-4e8c-b003-52a3ec9766bb', 'usr_257');
INSERT INTO trabalho.usuario VALUES ('usr_258', '258_Morgana.Pereira38@yahoo.com', 'Morgana Pereira', 'female', 6, 'password', 'Reino Unido');
INSERT INTO trabalho.usuario_esta_inscrito_no_podcast VALUES (2, 'fa3abe16-3645-4d22-a01d-893e6f20c408', 'usr_258');
INSERT INTO trabalho.comentarios_podcast_usuario VALUES ('comment_258_0', 'Voluptatem occaecati velit quod ipsam.', 'fa3abe16-3645-4d22-a01d-893e6f20c408', 'usr_258');
INSERT INTO trabalho.log_acesso VALUES ('log_258_0', 'fa3abe16-3645-4d22-a01d-893e6f20c408', 'usr_258');
INSERT INTO trabalho.usuario_esta_inscrito_no_podcast VALUES (1, 'f8e13774-d631-4f34-93f0-2f5d55590265', 'usr_258');
INSERT INTO trabalho.comentarios_podcast_usuario VALUES ('comment_258_1', 'Laborum sint aut.', 'f8e13774-d631-4f34-93f0-2f5d55590265', 'usr_258');
INSERT INTO trabalho.log_acesso VALUES ('log_258_1', 'f8e13774-d631-4f34-93f0-2f5d55590265', 'usr_258');
INSERT INTO trabalho.usuario_esta_inscrito_no_podcast VALUES (3, '219328a1-cec6-4e8c-b003-52a3ec9766bb', 'usr_258');
INSERT INTO trabalho.comentarios_podcast_usuario VALUES ('comment_258_2', 'Deserunt dolorem molestiae amet qui nemo facilis necessitatibus delectus est.', '219328a1-cec6-4e8c-b003-52a3ec9766bb', 'usr_258');
INSERT INTO trabalho.log_acesso VALUES ('log_258_2', '219328a1-cec6-4e8c-b003-52a3ec9766bb', 'usr_258');
INSERT INTO trabalho.usuario VALUES ('usr_259', '259_Eduarda21@bol.com.br', 'Eduarda Pereira', 'female', 16, 'password', 'Território da Palestina');
INSERT INTO trabalho.usuario_esta_inscrito_no_podcast VALUES (2, 'bc8dac25-793c-4a96-aafc-4ea7020f4f60', 'usr_259');
INSERT INTO trabalho.comentarios_podcast_usuario VALUES ('comment_259_0', 'Laudantium perferendis ratione esse cupiditate sed deleniti.', 'bc8dac25-793c-4a96-aafc-4ea7020f4f60', 'usr_259');
INSERT INTO trabalho.log_acesso VALUES ('log_259_0', 'bc8dac25-793c-4a96-aafc-4ea7020f4f60', 'usr_259');
INSERT INTO trabalho.usuario_esta_inscrito_no_podcast VALUES (4, '168c1536-4c42-4b8f-8c77-f06affefec6a', 'usr_259');
INSERT INTO trabalho.comentarios_podcast_usuario VALUES ('comment_259_1', 'Neque nam recusandae.', '168c1536-4c42-4b8f-8c77-f06affefec6a', 'usr_259');
INSERT INTO trabalho.log_acesso VALUES ('log_259_1', '168c1536-4c42-4b8f-8c77-f06affefec6a', 'usr_259');
INSERT INTO trabalho.usuario_esta_inscrito_no_podcast VALUES (5, 'b553d865-8fe2-47de-9a30-10e1dea3bd1d', 'usr_259');
INSERT INTO trabalho.comentarios_podcast_usuario VALUES ('comment_259_2', 'Ab quod sint et sapiente illum.', 'b553d865-8fe2-47de-9a30-10e1dea3bd1d', 'usr_259');
INSERT INTO trabalho.log_acesso VALUES ('log_259_2', 'b553d865-8fe2-47de-9a30-10e1dea3bd1d', 'usr_259');
INSERT INTO trabalho.usuario VALUES ('usr_260', '260_EnzoGabriel.Carvalho3@live.com', 'Enzo Gabriel Carvalho', 'male', 2, 'password', 'Estados Unidos da América');
INSERT INTO trabalho.usuario_esta_inscrito_no_podcast VALUES (0, 'bc8dac25-793c-4a96-aafc-4ea7020f4f60', 'usr_260');
INSERT INTO trabalho.comentarios_podcast_usuario VALUES ('comment_260_0', 'Voluptates aliquid sit.', 'bc8dac25-793c-4a96-aafc-4ea7020f4f60', 'usr_260');
INSERT INTO trabalho.log_acesso VALUES ('log_260_0', 'bc8dac25-793c-4a96-aafc-4ea7020f4f60', 'usr_260');
INSERT INTO trabalho.usuario_esta_inscrito_no_podcast VALUES (1, '219328a1-cec6-4e8c-b003-52a3ec9766bb', 'usr_260');
INSERT INTO trabalho.comentarios_podcast_usuario VALUES ('comment_260_1', 'Corrupti sapiente architecto dolor culpa.', '219328a1-cec6-4e8c-b003-52a3ec9766bb', 'usr_260');
INSERT INTO trabalho.log_acesso VALUES ('log_260_1', '219328a1-cec6-4e8c-b003-52a3ec9766bb', 'usr_260');
INSERT INTO trabalho.usuario_esta_inscrito_no_podcast VALUES (2, 'c58b280a-56d4-4ad8-8c85-730e4ea86361', 'usr_260');
INSERT INTO trabalho.comentarios_podcast_usuario VALUES ('comment_260_2', 'Ipsam sed neque dolorem est et officiis perferendis.', 'c58b280a-56d4-4ad8-8c85-730e4ea86361', 'usr_260');
INSERT INTO trabalho.log_acesso VALUES ('log_260_2', 'c58b280a-56d4-4ad8-8c85-730e4ea86361', 'usr_260');
INSERT INTO trabalho.usuario VALUES ('usr_261', '261_Elo.Nogueira@hotmail.com', 'Eloá Nogueira', 'female', 54, 'password', 'Emirados Árabes Unidos');
INSERT INTO trabalho.usuario_esta_inscrito_no_podcast VALUES (4, '168c1536-4c42-4b8f-8c77-f06affefec6a', 'usr_261');
INSERT INTO trabalho.comentarios_podcast_usuario VALUES ('comment_261_0', 'Qui numquam sed cupiditate recusandae.', '168c1536-4c42-4b8f-8c77-f06affefec6a', 'usr_261');
INSERT INTO trabalho.log_acesso VALUES ('log_261_0', '168c1536-4c42-4b8f-8c77-f06affefec6a', 'usr_261');
INSERT INTO trabalho.usuario_esta_inscrito_no_podcast VALUES (0, '67074e68-bc2f-442b-8af2-7d328b6af6eb', 'usr_261');
INSERT INTO trabalho.comentarios_podcast_usuario VALUES ('comment_261_1', 'Facilis vel non minima error voluptates consectetur beatae autem facere.', '67074e68-bc2f-442b-8af2-7d328b6af6eb', 'usr_261');
INSERT INTO trabalho.log_acesso VALUES ('log_261_1', '67074e68-bc2f-442b-8af2-7d328b6af6eb', 'usr_261');
INSERT INTO trabalho.usuario_esta_inscrito_no_podcast VALUES (0, 'f1b92ce7-47a7-43cd-8586-4a09185cdd05', 'usr_261');
INSERT INTO trabalho.comentarios_podcast_usuario VALUES ('comment_261_2', 'Sed molestiae earum enim dolores autem accusamus.', 'f1b92ce7-47a7-43cd-8586-4a09185cdd05', 'usr_261');
INSERT INTO trabalho.log_acesso VALUES ('log_261_2', 'f1b92ce7-47a7-43cd-8586-4a09185cdd05', 'usr_261');
INSERT INTO trabalho.usuario VALUES ('usr_262', '262_JlioCsar.Reis@bol.com.br', 'Júlio César Reis', 'male', 40, 'password', 'Turcomenistão');
INSERT INTO trabalho.usuario_esta_inscrito_no_podcast VALUES (1, 'fa3abe16-3645-4d22-a01d-893e6f20c408', 'usr_262');
INSERT INTO trabalho.comentarios_podcast_usuario VALUES ('comment_262_0', 'Aliquam sequi ea fuga ut dolor explicabo itaque ut quo.', 'fa3abe16-3645-4d22-a01d-893e6f20c408', 'usr_262');
INSERT INTO trabalho.log_acesso VALUES ('log_262_0', 'fa3abe16-3645-4d22-a01d-893e6f20c408', 'usr_262');
INSERT INTO trabalho.usuario_esta_inscrito_no_podcast VALUES (2, 'af46a958-b921-47b6-9f87-5c4fdc68ea79', 'usr_262');
INSERT INTO trabalho.comentarios_podcast_usuario VALUES ('comment_262_1', 'Perferendis et autem nihil officia animi.', 'af46a958-b921-47b6-9f87-5c4fdc68ea79', 'usr_262');
INSERT INTO trabalho.log_acesso VALUES ('log_262_1', 'af46a958-b921-47b6-9f87-5c4fdc68ea79', 'usr_262');
INSERT INTO trabalho.usuario_esta_inscrito_no_podcast VALUES (1, '5bdf7377-8330-4f9f-8efd-e95301c122ce', 'usr_262');
INSERT INTO trabalho.comentarios_podcast_usuario VALUES ('comment_262_2', 'Et excepturi harum libero voluptatum molestiae.', '5bdf7377-8330-4f9f-8efd-e95301c122ce', 'usr_262');
INSERT INTO trabalho.log_acesso VALUES ('log_262_2', '5bdf7377-8330-4f9f-8efd-e95301c122ce', 'usr_262');
INSERT INTO trabalho.usuario VALUES ('usr_263', '263_AnaLuiza7@live.com', 'Ana Luiza Carvalho', 'female', 14, 'password', 'República Dominicana');
INSERT INTO trabalho.usuario_esta_inscrito_no_podcast VALUES (1, 'af46a958-b921-47b6-9f87-5c4fdc68ea79', 'usr_263');
INSERT INTO trabalho.comentarios_podcast_usuario VALUES ('comment_263_0', 'Et et qui repellat.', 'af46a958-b921-47b6-9f87-5c4fdc68ea79', 'usr_263');
INSERT INTO trabalho.log_acesso VALUES ('log_263_0', 'af46a958-b921-47b6-9f87-5c4fdc68ea79', 'usr_263');
INSERT INTO trabalho.usuario_esta_inscrito_no_podcast VALUES (0, 'bc8dac25-793c-4a96-aafc-4ea7020f4f60', 'usr_263');
INSERT INTO trabalho.comentarios_podcast_usuario VALUES ('comment_263_1', 'Laboriosam excepturi qui facere nesciunt veniam.', 'bc8dac25-793c-4a96-aafc-4ea7020f4f60', 'usr_263');
INSERT INTO trabalho.log_acesso VALUES ('log_263_1', 'bc8dac25-793c-4a96-aafc-4ea7020f4f60', 'usr_263');
INSERT INTO trabalho.usuario_esta_inscrito_no_podcast VALUES (3, '5bdf7377-8330-4f9f-8efd-e95301c122ce', 'usr_263');
INSERT INTO trabalho.comentarios_podcast_usuario VALUES ('comment_263_2', 'Ut minima culpa sint repudiandae officiis.', '5bdf7377-8330-4f9f-8efd-e95301c122ce', 'usr_263');
INSERT INTO trabalho.log_acesso VALUES ('log_263_2', '5bdf7377-8330-4f9f-8efd-e95301c122ce', 'usr_263');
INSERT INTO trabalho.usuario VALUES ('usr_264', '264_Vicente69@gmail.com', 'Vicente Barros', 'male', 18, 'password', 'São Pedro e Miquelão');
INSERT INTO trabalho.usuario_esta_inscrito_no_podcast VALUES (2, 'af46a958-b921-47b6-9f87-5c4fdc68ea79', 'usr_264');
INSERT INTO trabalho.comentarios_podcast_usuario VALUES ('comment_264_0', 'Quia ratione quis voluptate qui pariatur qui provident.', 'af46a958-b921-47b6-9f87-5c4fdc68ea79', 'usr_264');
INSERT INTO trabalho.log_acesso VALUES ('log_264_0', 'af46a958-b921-47b6-9f87-5c4fdc68ea79', 'usr_264');
INSERT INTO trabalho.usuario_esta_inscrito_no_podcast VALUES (2, 'b553d865-8fe2-47de-9a30-10e1dea3bd1d', 'usr_264');
INSERT INTO trabalho.comentarios_podcast_usuario VALUES ('comment_264_1', 'Ab incidunt accusantium eligendi est quae ut.', 'b553d865-8fe2-47de-9a30-10e1dea3bd1d', 'usr_264');
INSERT INTO trabalho.log_acesso VALUES ('log_264_1', 'b553d865-8fe2-47de-9a30-10e1dea3bd1d', 'usr_264');
INSERT INTO trabalho.usuario_esta_inscrito_no_podcast VALUES (5, 'f1b92ce7-47a7-43cd-8586-4a09185cdd05', 'usr_264');
INSERT INTO trabalho.comentarios_podcast_usuario VALUES ('comment_264_2', 'Ut odio amet est.', 'f1b92ce7-47a7-43cd-8586-4a09185cdd05', 'usr_264');
INSERT INTO trabalho.log_acesso VALUES ('log_264_2', 'f1b92ce7-47a7-43cd-8586-4a09185cdd05', 'usr_264');
INSERT INTO trabalho.usuario VALUES ('usr_265', '265_Vitor83@hotmail.com', 'Vitor Carvalho', 'male', 10, 'password', 'Maurícia');
INSERT INTO trabalho.usuario_esta_inscrito_no_podcast VALUES (3, 'f1b92ce7-47a7-43cd-8586-4a09185cdd05', 'usr_265');
INSERT INTO trabalho.comentarios_podcast_usuario VALUES ('comment_265_0', 'Reprehenderit a repellendus pariatur.', 'f1b92ce7-47a7-43cd-8586-4a09185cdd05', 'usr_265');
INSERT INTO trabalho.log_acesso VALUES ('log_265_0', 'f1b92ce7-47a7-43cd-8586-4a09185cdd05', 'usr_265');
INSERT INTO trabalho.usuario_esta_inscrito_no_podcast VALUES (3, 'af46a958-b921-47b6-9f87-5c4fdc68ea79', 'usr_265');
INSERT INTO trabalho.comentarios_podcast_usuario VALUES ('comment_265_1', 'Illo quaerat consequatur enim consequuntur et voluptatem tempora.', 'af46a958-b921-47b6-9f87-5c4fdc68ea79', 'usr_265');
INSERT INTO trabalho.log_acesso VALUES ('log_265_1', 'af46a958-b921-47b6-9f87-5c4fdc68ea79', 'usr_265');
INSERT INTO trabalho.usuario_esta_inscrito_no_podcast VALUES (1, '168c1536-4c42-4b8f-8c77-f06affefec6a', 'usr_265');
INSERT INTO trabalho.comentarios_podcast_usuario VALUES ('comment_265_2', 'Magni vero nesciunt occaecati ut provident illum saepe aut molestias.', '168c1536-4c42-4b8f-8c77-f06affefec6a', 'usr_265');
INSERT INTO trabalho.log_acesso VALUES ('log_265_2', '168c1536-4c42-4b8f-8c77-f06affefec6a', 'usr_265');
INSERT INTO trabalho.usuario VALUES ('usr_266', '266_Helena.Martins78@yahoo.com', 'Helena Martins', 'female', 20, 'password', 'Turquia');
INSERT INTO trabalho.usuario_esta_inscrito_no_podcast VALUES (1, 'bc8dac25-793c-4a96-aafc-4ea7020f4f60', 'usr_266');
INSERT INTO trabalho.comentarios_podcast_usuario VALUES ('comment_266_0', 'Id placeat maiores et ducimus itaque porro amet.', 'bc8dac25-793c-4a96-aafc-4ea7020f4f60', 'usr_266');
INSERT INTO trabalho.log_acesso VALUES ('log_266_0', 'bc8dac25-793c-4a96-aafc-4ea7020f4f60', 'usr_266');
INSERT INTO trabalho.usuario_esta_inscrito_no_podcast VALUES (5, 'b553d865-8fe2-47de-9a30-10e1dea3bd1d', 'usr_266');
INSERT INTO trabalho.comentarios_podcast_usuario VALUES ('comment_266_1', 'Culpa non est.', 'b553d865-8fe2-47de-9a30-10e1dea3bd1d', 'usr_266');
INSERT INTO trabalho.log_acesso VALUES ('log_266_1', 'b553d865-8fe2-47de-9a30-10e1dea3bd1d', 'usr_266');
INSERT INTO trabalho.usuario_esta_inscrito_no_podcast VALUES (4, 'f1b92ce7-47a7-43cd-8586-4a09185cdd05', 'usr_266');
INSERT INTO trabalho.comentarios_podcast_usuario VALUES ('comment_266_2', 'Et laborum occaecati architecto et deserunt numquam totam eligendi.', 'f1b92ce7-47a7-43cd-8586-4a09185cdd05', 'usr_266');
INSERT INTO trabalho.log_acesso VALUES ('log_266_2', 'f1b92ce7-47a7-43cd-8586-4a09185cdd05', 'usr_266');
INSERT INTO trabalho.usuario VALUES ('usr_267', '267_Clia.Nogueira@bol.com.br', 'Célia Nogueira', 'female', 31, 'password', 'Coreia do Sul');
INSERT INTO trabalho.usuario_esta_inscrito_no_podcast VALUES (3, '168c1536-4c42-4b8f-8c77-f06affefec6a', 'usr_267');
INSERT INTO trabalho.comentarios_podcast_usuario VALUES ('comment_267_0', 'Vel reprehenderit nihil magni.', '168c1536-4c42-4b8f-8c77-f06affefec6a', 'usr_267');
INSERT INTO trabalho.log_acesso VALUES ('log_267_0', '168c1536-4c42-4b8f-8c77-f06affefec6a', 'usr_267');
INSERT INTO trabalho.usuario_esta_inscrito_no_podcast VALUES (2, '7e429e8e-7669-403d-bb78-3cd7f9f75afd', 'usr_267');
INSERT INTO trabalho.comentarios_podcast_usuario VALUES ('comment_267_1', 'Non earum praesentium ut culpa repellat expedita.', '7e429e8e-7669-403d-bb78-3cd7f9f75afd', 'usr_267');
INSERT INTO trabalho.log_acesso VALUES ('log_267_1', '7e429e8e-7669-403d-bb78-3cd7f9f75afd', 'usr_267');
INSERT INTO trabalho.usuario_esta_inscrito_no_podcast VALUES (1, 'c58b280a-56d4-4ad8-8c85-730e4ea86361', 'usr_267');
INSERT INTO trabalho.comentarios_podcast_usuario VALUES ('comment_267_2', 'Et minima magnam quae.', 'c58b280a-56d4-4ad8-8c85-730e4ea86361', 'usr_267');
INSERT INTO trabalho.log_acesso VALUES ('log_267_2', 'c58b280a-56d4-4ad8-8c85-730e4ea86361', 'usr_267');
INSERT INTO trabalho.usuario VALUES ('usr_268', '268_Alessandra.Silva22@hotmail.com', 'Alessandra Silva', 'female', 55, 'password', 'Guadalupe');
INSERT INTO trabalho.usuario_esta_inscrito_no_podcast VALUES (3, 'f8e13774-d631-4f34-93f0-2f5d55590265', 'usr_268');
INSERT INTO trabalho.comentarios_podcast_usuario VALUES ('comment_268_0', 'Optio esse qui veritatis est voluptas ut sequi laudantium accusamus.', 'f8e13774-d631-4f34-93f0-2f5d55590265', 'usr_268');
INSERT INTO trabalho.log_acesso VALUES ('log_268_0', 'f8e13774-d631-4f34-93f0-2f5d55590265', 'usr_268');
INSERT INTO trabalho.usuario_esta_inscrito_no_podcast VALUES (0, 'fa3abe16-3645-4d22-a01d-893e6f20c408', 'usr_268');
INSERT INTO trabalho.comentarios_podcast_usuario VALUES ('comment_268_1', 'Dolores alias fugiat debitis dolorem.', 'fa3abe16-3645-4d22-a01d-893e6f20c408', 'usr_268');
INSERT INTO trabalho.log_acesso VALUES ('log_268_1', 'fa3abe16-3645-4d22-a01d-893e6f20c408', 'usr_268');
INSERT INTO trabalho.usuario_esta_inscrito_no_podcast VALUES (5, 'f1b92ce7-47a7-43cd-8586-4a09185cdd05', 'usr_268');
INSERT INTO trabalho.comentarios_podcast_usuario VALUES ('comment_268_2', 'Sunt provident enim repudiandae consequatur voluptatem ut id sunt.', 'f1b92ce7-47a7-43cd-8586-4a09185cdd05', 'usr_268');
INSERT INTO trabalho.log_acesso VALUES ('log_268_2', 'f1b92ce7-47a7-43cd-8586-4a09185cdd05', 'usr_268');
INSERT INTO trabalho.usuario VALUES ('usr_269', '269_Yango61@hotmail.com', 'Yango Martins', 'male', 3, 'password', 'Bélgica');
INSERT INTO trabalho.usuario_esta_inscrito_no_podcast VALUES (2, 'b553d865-8fe2-47de-9a30-10e1dea3bd1d', 'usr_269');
INSERT INTO trabalho.comentarios_podcast_usuario VALUES ('comment_269_0', 'Laboriosam blanditiis nostrum magni.', 'b553d865-8fe2-47de-9a30-10e1dea3bd1d', 'usr_269');
INSERT INTO trabalho.log_acesso VALUES ('log_269_0', 'b553d865-8fe2-47de-9a30-10e1dea3bd1d', 'usr_269');
INSERT INTO trabalho.usuario_esta_inscrito_no_podcast VALUES (0, '5bdf7377-8330-4f9f-8efd-e95301c122ce', 'usr_269');
INSERT INTO trabalho.comentarios_podcast_usuario VALUES ('comment_269_1', 'Ut voluptatibus quas illo placeat.', '5bdf7377-8330-4f9f-8efd-e95301c122ce', 'usr_269');
INSERT INTO trabalho.log_acesso VALUES ('log_269_1', '5bdf7377-8330-4f9f-8efd-e95301c122ce', 'usr_269');
INSERT INTO trabalho.usuario_esta_inscrito_no_podcast VALUES (4, '7e429e8e-7669-403d-bb78-3cd7f9f75afd', 'usr_269');
INSERT INTO trabalho.comentarios_podcast_usuario VALUES ('comment_269_2', 'Aliquam amet voluptatem.', '7e429e8e-7669-403d-bb78-3cd7f9f75afd', 'usr_269');
INSERT INTO trabalho.log_acesso VALUES ('log_269_2', '7e429e8e-7669-403d-bb78-3cd7f9f75afd', 'usr_269');
INSERT INTO trabalho.usuario VALUES ('usr_270', '270_Rafael_Santos78@live.com', 'Rafael Santos', 'male', 47, 'password', 'Moldávia');
INSERT INTO trabalho.usuario_esta_inscrito_no_podcast VALUES (1, '67074e68-bc2f-442b-8af2-7d328b6af6eb', 'usr_270');
INSERT INTO trabalho.comentarios_podcast_usuario VALUES ('comment_270_0', 'Quo numquam ea totam ipsa.', '67074e68-bc2f-442b-8af2-7d328b6af6eb', 'usr_270');
INSERT INTO trabalho.log_acesso VALUES ('log_270_0', '67074e68-bc2f-442b-8af2-7d328b6af6eb', 'usr_270');
INSERT INTO trabalho.usuario_esta_inscrito_no_podcast VALUES (5, 'de2f0ddb-9903-436a-a5e2-54224254c818', 'usr_270');
INSERT INTO trabalho.comentarios_podcast_usuario VALUES ('comment_270_1', 'Expedita asperiores porro doloribus quibusdam veniam dolor et aliquid.', 'de2f0ddb-9903-436a-a5e2-54224254c818', 'usr_270');
INSERT INTO trabalho.log_acesso VALUES ('log_270_1', 'de2f0ddb-9903-436a-a5e2-54224254c818', 'usr_270');
INSERT INTO trabalho.usuario_esta_inscrito_no_podcast VALUES (5, 'f8e13774-d631-4f34-93f0-2f5d55590265', 'usr_270');
INSERT INTO trabalho.comentarios_podcast_usuario VALUES ('comment_270_2', 'Architecto sunt neque.', 'f8e13774-d631-4f34-93f0-2f5d55590265', 'usr_270');
INSERT INTO trabalho.log_acesso VALUES ('log_270_2', 'f8e13774-d631-4f34-93f0-2f5d55590265', 'usr_270');
INSERT INTO trabalho.usuario VALUES ('usr_271', '271_Hugo.Souza13@yahoo.com', 'Hugo Souza', 'male', 47, 'password', 'Suíça');
INSERT INTO trabalho.usuario_esta_inscrito_no_podcast VALUES (0, 'f0166bd2-8e4d-4308-b5d7-0b3d627c5dc5', 'usr_271');
INSERT INTO trabalho.comentarios_podcast_usuario VALUES ('comment_271_0', 'Magni sequi consequuntur ut id et itaque.', 'f0166bd2-8e4d-4308-b5d7-0b3d627c5dc5', 'usr_271');
INSERT INTO trabalho.log_acesso VALUES ('log_271_0', 'f0166bd2-8e4d-4308-b5d7-0b3d627c5dc5', 'usr_271');
INSERT INTO trabalho.usuario_esta_inscrito_no_podcast VALUES (4, 'c58b280a-56d4-4ad8-8c85-730e4ea86361', 'usr_271');
INSERT INTO trabalho.comentarios_podcast_usuario VALUES ('comment_271_1', 'Ullam odit ducimus.', 'c58b280a-56d4-4ad8-8c85-730e4ea86361', 'usr_271');
INSERT INTO trabalho.log_acesso VALUES ('log_271_1', 'c58b280a-56d4-4ad8-8c85-730e4ea86361', 'usr_271');
INSERT INTO trabalho.usuario_esta_inscrito_no_podcast VALUES (2, 'f1b92ce7-47a7-43cd-8586-4a09185cdd05', 'usr_271');
INSERT INTO trabalho.comentarios_podcast_usuario VALUES ('comment_271_2', 'Et labore nihil cupiditate nemo distinctio.', 'f1b92ce7-47a7-43cd-8586-4a09185cdd05', 'usr_271');
INSERT INTO trabalho.log_acesso VALUES ('log_271_2', 'f1b92ce7-47a7-43cd-8586-4a09185cdd05', 'usr_271');
INSERT INTO trabalho.usuario VALUES ('usr_272', '272_Nbia.Melo62@yahoo.com', 'Núbia Melo', 'female', 52, 'password', 'Anguila');
INSERT INTO trabalho.usuario_esta_inscrito_no_podcast VALUES (5, 'f8e13774-d631-4f34-93f0-2f5d55590265', 'usr_272');
INSERT INTO trabalho.comentarios_podcast_usuario VALUES ('comment_272_0', 'Quae et dolores quia id iste dolores ipsum dolorem.', 'f8e13774-d631-4f34-93f0-2f5d55590265', 'usr_272');
INSERT INTO trabalho.log_acesso VALUES ('log_272_0', 'f8e13774-d631-4f34-93f0-2f5d55590265', 'usr_272');
INSERT INTO trabalho.usuario_esta_inscrito_no_podcast VALUES (2, 'fa3abe16-3645-4d22-a01d-893e6f20c408', 'usr_272');
INSERT INTO trabalho.comentarios_podcast_usuario VALUES ('comment_272_1', 'Dolor perferendis reprehenderit modi dolores earum odit.', 'fa3abe16-3645-4d22-a01d-893e6f20c408', 'usr_272');
INSERT INTO trabalho.log_acesso VALUES ('log_272_1', 'fa3abe16-3645-4d22-a01d-893e6f20c408', 'usr_272');
INSERT INTO trabalho.usuario_esta_inscrito_no_podcast VALUES (4, '5bdf7377-8330-4f9f-8efd-e95301c122ce', 'usr_272');
INSERT INTO trabalho.comentarios_podcast_usuario VALUES ('comment_272_2', 'Porro quis voluptatem illum et quod et omnis quod.', '5bdf7377-8330-4f9f-8efd-e95301c122ce', 'usr_272');
INSERT INTO trabalho.log_acesso VALUES ('log_272_2', '5bdf7377-8330-4f9f-8efd-e95301c122ce', 'usr_272');
INSERT INTO trabalho.usuario VALUES ('usr_273', '273_Felcia.Oliveira@gmail.com', 'Felícia Oliveira', 'female', 20, 'password', 'Fiji');
INSERT INTO trabalho.usuario_esta_inscrito_no_podcast VALUES (3, 'bc8dac25-793c-4a96-aafc-4ea7020f4f60', 'usr_273');
INSERT INTO trabalho.comentarios_podcast_usuario VALUES ('comment_273_0', 'Provident accusamus aut ducimus et nihil illo nostrum eligendi.', 'bc8dac25-793c-4a96-aafc-4ea7020f4f60', 'usr_273');
INSERT INTO trabalho.log_acesso VALUES ('log_273_0', 'bc8dac25-793c-4a96-aafc-4ea7020f4f60', 'usr_273');
INSERT INTO trabalho.usuario_esta_inscrito_no_podcast VALUES (0, 'f8e13774-d631-4f34-93f0-2f5d55590265', 'usr_273');
INSERT INTO trabalho.comentarios_podcast_usuario VALUES ('comment_273_1', 'Quos iure architecto suscipit deleniti dignissimos excepturi.', 'f8e13774-d631-4f34-93f0-2f5d55590265', 'usr_273');
INSERT INTO trabalho.log_acesso VALUES ('log_273_1', 'f8e13774-d631-4f34-93f0-2f5d55590265', 'usr_273');
INSERT INTO trabalho.usuario_esta_inscrito_no_podcast VALUES (3, '67074e68-bc2f-442b-8af2-7d328b6af6eb', 'usr_273');
INSERT INTO trabalho.comentarios_podcast_usuario VALUES ('comment_273_2', 'Dolores vitae nostrum reiciendis dolorem totam.', '67074e68-bc2f-442b-8af2-7d328b6af6eb', 'usr_273');
INSERT INTO trabalho.log_acesso VALUES ('log_273_2', '67074e68-bc2f-442b-8af2-7d328b6af6eb', 'usr_273');
INSERT INTO trabalho.usuario VALUES ('usr_274', '274_Fabiano_Souza41@bol.com.br', 'Fabiano Souza', 'male', 50, 'password', 'Suécia');
INSERT INTO trabalho.usuario_esta_inscrito_no_podcast VALUES (1, 'c58b280a-56d4-4ad8-8c85-730e4ea86361', 'usr_274');
INSERT INTO trabalho.comentarios_podcast_usuario VALUES ('comment_274_0', 'Dignissimos laboriosam voluptatum.', 'c58b280a-56d4-4ad8-8c85-730e4ea86361', 'usr_274');
INSERT INTO trabalho.log_acesso VALUES ('log_274_0', 'c58b280a-56d4-4ad8-8c85-730e4ea86361', 'usr_274');
INSERT INTO trabalho.usuario_esta_inscrito_no_podcast VALUES (2, '67074e68-bc2f-442b-8af2-7d328b6af6eb', 'usr_274');
INSERT INTO trabalho.comentarios_podcast_usuario VALUES ('comment_274_1', 'Ut repellat possimus esse voluptatem possimus.', '67074e68-bc2f-442b-8af2-7d328b6af6eb', 'usr_274');
INSERT INTO trabalho.log_acesso VALUES ('log_274_1', '67074e68-bc2f-442b-8af2-7d328b6af6eb', 'usr_274');
INSERT INTO trabalho.usuario_esta_inscrito_no_podcast VALUES (2, 'f8e13774-d631-4f34-93f0-2f5d55590265', 'usr_274');
INSERT INTO trabalho.comentarios_podcast_usuario VALUES ('comment_274_2', 'Magnam impedit itaque illum id ratione veniam.', 'f8e13774-d631-4f34-93f0-2f5d55590265', 'usr_274');
INSERT INTO trabalho.log_acesso VALUES ('log_274_2', 'f8e13774-d631-4f34-93f0-2f5d55590265', 'usr_274');
INSERT INTO trabalho.usuario VALUES ('usr_275', '275_Nicolas.Silva95@hotmail.com', 'Nicolas Silva', 'male', 31, 'password', 'Tonga');
INSERT INTO trabalho.usuario_esta_inscrito_no_podcast VALUES (0, 'f0166bd2-8e4d-4308-b5d7-0b3d627c5dc5', 'usr_275');
INSERT INTO trabalho.comentarios_podcast_usuario VALUES ('comment_275_0', 'Adipisci dolorem in omnis quia dolores reprehenderit.', 'f0166bd2-8e4d-4308-b5d7-0b3d627c5dc5', 'usr_275');
INSERT INTO trabalho.log_acesso VALUES ('log_275_0', 'f0166bd2-8e4d-4308-b5d7-0b3d627c5dc5', 'usr_275');
INSERT INTO trabalho.usuario_esta_inscrito_no_podcast VALUES (5, 'bc8dac25-793c-4a96-aafc-4ea7020f4f60', 'usr_275');
INSERT INTO trabalho.comentarios_podcast_usuario VALUES ('comment_275_1', 'Omnis voluptas voluptates aspernatur distinctio.', 'bc8dac25-793c-4a96-aafc-4ea7020f4f60', 'usr_275');
INSERT INTO trabalho.log_acesso VALUES ('log_275_1', 'bc8dac25-793c-4a96-aafc-4ea7020f4f60', 'usr_275');
INSERT INTO trabalho.usuario_esta_inscrito_no_podcast VALUES (3, '67074e68-bc2f-442b-8af2-7d328b6af6eb', 'usr_275');
INSERT INTO trabalho.comentarios_podcast_usuario VALUES ('comment_275_2', 'Praesentium officiis eum pariatur eaque.', '67074e68-bc2f-442b-8af2-7d328b6af6eb', 'usr_275');
INSERT INTO trabalho.log_acesso VALUES ('log_275_2', '67074e68-bc2f-442b-8af2-7d328b6af6eb', 'usr_275');
INSERT INTO trabalho.usuario VALUES ('usr_276', '276_Danilo79@yahoo.com', 'Danilo Xavier', 'male', 0, 'password', 'Qatar');
INSERT INTO trabalho.usuario_esta_inscrito_no_podcast VALUES (3, 'f8e13774-d631-4f34-93f0-2f5d55590265', 'usr_276');
INSERT INTO trabalho.comentarios_podcast_usuario VALUES ('comment_276_0', 'Aliquam dolorem id placeat esse.', 'f8e13774-d631-4f34-93f0-2f5d55590265', 'usr_276');
INSERT INTO trabalho.log_acesso VALUES ('log_276_0', 'f8e13774-d631-4f34-93f0-2f5d55590265', 'usr_276');
INSERT INTO trabalho.usuario_esta_inscrito_no_podcast VALUES (4, 'bc8dac25-793c-4a96-aafc-4ea7020f4f60', 'usr_276');
INSERT INTO trabalho.comentarios_podcast_usuario VALUES ('comment_276_1', 'Et sequi corrupti nulla omnis dolor temporibus voluptate aut.', 'bc8dac25-793c-4a96-aafc-4ea7020f4f60', 'usr_276');
INSERT INTO trabalho.log_acesso VALUES ('log_276_1', 'bc8dac25-793c-4a96-aafc-4ea7020f4f60', 'usr_276');
INSERT INTO trabalho.usuario_esta_inscrito_no_podcast VALUES (3, '7e429e8e-7669-403d-bb78-3cd7f9f75afd', 'usr_276');
INSERT INTO trabalho.comentarios_podcast_usuario VALUES ('comment_276_2', 'Voluptates ut veritatis non consequuntur dolor voluptas.', '7e429e8e-7669-403d-bb78-3cd7f9f75afd', 'usr_276');
INSERT INTO trabalho.log_acesso VALUES ('log_276_2', '7e429e8e-7669-403d-bb78-3cd7f9f75afd', 'usr_276');
INSERT INTO trabalho.usuario VALUES ('usr_277', '277_Esther82@bol.com.br', 'Esther Macedo', 'female', 51, 'password', 'Quiribati');
INSERT INTO trabalho.usuario_esta_inscrito_no_podcast VALUES (2, 'f1b92ce7-47a7-43cd-8586-4a09185cdd05', 'usr_277');
INSERT INTO trabalho.comentarios_podcast_usuario VALUES ('comment_277_0', 'Vel perferendis blanditiis qui cupiditate temporibus adipisci occaecati ducimus.', 'f1b92ce7-47a7-43cd-8586-4a09185cdd05', 'usr_277');
INSERT INTO trabalho.log_acesso VALUES ('log_277_0', 'f1b92ce7-47a7-43cd-8586-4a09185cdd05', 'usr_277');
INSERT INTO trabalho.usuario_esta_inscrito_no_podcast VALUES (4, '219328a1-cec6-4e8c-b003-52a3ec9766bb', 'usr_277');
INSERT INTO trabalho.comentarios_podcast_usuario VALUES ('comment_277_1', 'Tempora tenetur consectetur eligendi accusamus tempore iste quam.', '219328a1-cec6-4e8c-b003-52a3ec9766bb', 'usr_277');
INSERT INTO trabalho.log_acesso VALUES ('log_277_1', '219328a1-cec6-4e8c-b003-52a3ec9766bb', 'usr_277');
INSERT INTO trabalho.usuario_esta_inscrito_no_podcast VALUES (2, 'b553d865-8fe2-47de-9a30-10e1dea3bd1d', 'usr_277');
INSERT INTO trabalho.comentarios_podcast_usuario VALUES ('comment_277_2', 'Molestiae sed sit cum earum soluta veniam quia possimus.', 'b553d865-8fe2-47de-9a30-10e1dea3bd1d', 'usr_277');
INSERT INTO trabalho.log_acesso VALUES ('log_277_2', 'b553d865-8fe2-47de-9a30-10e1dea3bd1d', 'usr_277');
INSERT INTO trabalho.usuario VALUES ('usr_278', '278_MariaHelena.Nogueira22@yahoo.com', 'Maria Helena Nogueira', 'female', 36, 'password', 'Togo');
INSERT INTO trabalho.usuario_esta_inscrito_no_podcast VALUES (0, 'f8e13774-d631-4f34-93f0-2f5d55590265', 'usr_278');
INSERT INTO trabalho.comentarios_podcast_usuario VALUES ('comment_278_0', 'Aperiam molestiae dolorum et provident qui ut.', 'f8e13774-d631-4f34-93f0-2f5d55590265', 'usr_278');
INSERT INTO trabalho.log_acesso VALUES ('log_278_0', 'f8e13774-d631-4f34-93f0-2f5d55590265', 'usr_278');
INSERT INTO trabalho.usuario_esta_inscrito_no_podcast VALUES (1, 'fa3abe16-3645-4d22-a01d-893e6f20c408', 'usr_278');
INSERT INTO trabalho.comentarios_podcast_usuario VALUES ('comment_278_1', 'Libero et est consequuntur voluptas corporis praesentium reprehenderit.', 'fa3abe16-3645-4d22-a01d-893e6f20c408', 'usr_278');
INSERT INTO trabalho.log_acesso VALUES ('log_278_1', 'fa3abe16-3645-4d22-a01d-893e6f20c408', 'usr_278');
INSERT INTO trabalho.usuario_esta_inscrito_no_podcast VALUES (5, '7e429e8e-7669-403d-bb78-3cd7f9f75afd', 'usr_278');
INSERT INTO trabalho.comentarios_podcast_usuario VALUES ('comment_278_2', 'Est laudantium eos alias dolorum et.', '7e429e8e-7669-403d-bb78-3cd7f9f75afd', 'usr_278');
INSERT INTO trabalho.log_acesso VALUES ('log_278_2', '7e429e8e-7669-403d-bb78-3cd7f9f75afd', 'usr_278');
INSERT INTO trabalho.usuario VALUES ('usr_279', '279_Salvador.Nogueira37@gmail.com', 'Salvador Nogueira', 'male', 0, 'password', 'Dominica');
INSERT INTO trabalho.usuario_esta_inscrito_no_podcast VALUES (0, 'de2f0ddb-9903-436a-a5e2-54224254c818', 'usr_279');
INSERT INTO trabalho.comentarios_podcast_usuario VALUES ('comment_279_0', 'Reiciendis omnis ut libero officiis.', 'de2f0ddb-9903-436a-a5e2-54224254c818', 'usr_279');
INSERT INTO trabalho.log_acesso VALUES ('log_279_0', 'de2f0ddb-9903-436a-a5e2-54224254c818', 'usr_279');
INSERT INTO trabalho.usuario_esta_inscrito_no_podcast VALUES (2, 'bc8dac25-793c-4a96-aafc-4ea7020f4f60', 'usr_279');
INSERT INTO trabalho.comentarios_podcast_usuario VALUES ('comment_279_1', 'Et tenetur quis non minus enim.', 'bc8dac25-793c-4a96-aafc-4ea7020f4f60', 'usr_279');
INSERT INTO trabalho.log_acesso VALUES ('log_279_1', 'bc8dac25-793c-4a96-aafc-4ea7020f4f60', 'usr_279');
INSERT INTO trabalho.usuario_esta_inscrito_no_podcast VALUES (0, '67074e68-bc2f-442b-8af2-7d328b6af6eb', 'usr_279');
INSERT INTO trabalho.comentarios_podcast_usuario VALUES ('comment_279_2', 'Numquam magni officiis quia.', '67074e68-bc2f-442b-8af2-7d328b6af6eb', 'usr_279');
INSERT INTO trabalho.log_acesso VALUES ('log_279_2', '67074e68-bc2f-442b-8af2-7d328b6af6eb', 'usr_279');
INSERT INTO trabalho.usuario VALUES ('usr_280', '280_Emanuelly.Santos87@yahoo.com', 'Emanuelly Santos', 'female', 60, 'password', 'Gâmbia');
INSERT INTO trabalho.usuario_esta_inscrito_no_podcast VALUES (3, 'f0166bd2-8e4d-4308-b5d7-0b3d627c5dc5', 'usr_280');
INSERT INTO trabalho.comentarios_podcast_usuario VALUES ('comment_280_0', 'Eos alias dicta aliquid dolor impedit odit libero.', 'f0166bd2-8e4d-4308-b5d7-0b3d627c5dc5', 'usr_280');
INSERT INTO trabalho.log_acesso VALUES ('log_280_0', 'f0166bd2-8e4d-4308-b5d7-0b3d627c5dc5', 'usr_280');
INSERT INTO trabalho.usuario_esta_inscrito_no_podcast VALUES (2, 'af46a958-b921-47b6-9f87-5c4fdc68ea79', 'usr_280');
INSERT INTO trabalho.comentarios_podcast_usuario VALUES ('comment_280_1', 'Culpa ipsum ullam culpa consectetur.', 'af46a958-b921-47b6-9f87-5c4fdc68ea79', 'usr_280');
INSERT INTO trabalho.log_acesso VALUES ('log_280_1', 'af46a958-b921-47b6-9f87-5c4fdc68ea79', 'usr_280');
INSERT INTO trabalho.usuario_esta_inscrito_no_podcast VALUES (3, 'bc8dac25-793c-4a96-aafc-4ea7020f4f60', 'usr_280');
INSERT INTO trabalho.comentarios_podcast_usuario VALUES ('comment_280_2', 'Nihil praesentium et laboriosam esse.', 'bc8dac25-793c-4a96-aafc-4ea7020f4f60', 'usr_280');
INSERT INTO trabalho.log_acesso VALUES ('log_280_2', 'bc8dac25-793c-4a96-aafc-4ea7020f4f60', 'usr_280');
INSERT INTO trabalho.usuario VALUES ('usr_281', '281_Joaquim.Costa@hotmail.com', 'Joaquim Costa', 'male', 26, 'password', 'Antilhas Holandesas');
INSERT INTO trabalho.usuario_esta_inscrito_no_podcast VALUES (0, 'b553d865-8fe2-47de-9a30-10e1dea3bd1d', 'usr_281');
INSERT INTO trabalho.comentarios_podcast_usuario VALUES ('comment_281_0', 'Ut laborum deleniti maiores facilis earum cum.', 'b553d865-8fe2-47de-9a30-10e1dea3bd1d', 'usr_281');
INSERT INTO trabalho.log_acesso VALUES ('log_281_0', 'b553d865-8fe2-47de-9a30-10e1dea3bd1d', 'usr_281');
INSERT INTO trabalho.usuario_esta_inscrito_no_podcast VALUES (0, 'f0166bd2-8e4d-4308-b5d7-0b3d627c5dc5', 'usr_281');
INSERT INTO trabalho.comentarios_podcast_usuario VALUES ('comment_281_1', 'Adipisci reprehenderit molestias dolore cumque aspernatur rerum.', 'f0166bd2-8e4d-4308-b5d7-0b3d627c5dc5', 'usr_281');
INSERT INTO trabalho.log_acesso VALUES ('log_281_1', 'f0166bd2-8e4d-4308-b5d7-0b3d627c5dc5', 'usr_281');
INSERT INTO trabalho.usuario_esta_inscrito_no_podcast VALUES (0, 'c58b280a-56d4-4ad8-8c85-730e4ea86361', 'usr_281');
INSERT INTO trabalho.comentarios_podcast_usuario VALUES ('comment_281_2', 'Molestias voluptatem laudantium natus vitae cum.', 'c58b280a-56d4-4ad8-8c85-730e4ea86361', 'usr_281');
INSERT INTO trabalho.log_acesso VALUES ('log_281_2', 'c58b280a-56d4-4ad8-8c85-730e4ea86361', 'usr_281');
INSERT INTO trabalho.usuario VALUES ('usr_282', '282_Nicolas.Franco55@gmail.com', 'Nicolas Franco', 'male', 7, 'password', 'Nauru');
INSERT INTO trabalho.usuario_esta_inscrito_no_podcast VALUES (5, 'f1b92ce7-47a7-43cd-8586-4a09185cdd05', 'usr_282');
INSERT INTO trabalho.comentarios_podcast_usuario VALUES ('comment_282_0', 'Deserunt dolorem voluptatem magnam enim dicta dolor.', 'f1b92ce7-47a7-43cd-8586-4a09185cdd05', 'usr_282');
INSERT INTO trabalho.log_acesso VALUES ('log_282_0', 'f1b92ce7-47a7-43cd-8586-4a09185cdd05', 'usr_282');
INSERT INTO trabalho.usuario_esta_inscrito_no_podcast VALUES (0, 'f8e13774-d631-4f34-93f0-2f5d55590265', 'usr_282');
INSERT INTO trabalho.comentarios_podcast_usuario VALUES ('comment_282_1', 'Fugiat architecto earum explicabo.', 'f8e13774-d631-4f34-93f0-2f5d55590265', 'usr_282');
INSERT INTO trabalho.log_acesso VALUES ('log_282_1', 'f8e13774-d631-4f34-93f0-2f5d55590265', 'usr_282');
INSERT INTO trabalho.usuario_esta_inscrito_no_podcast VALUES (3, 'b553d865-8fe2-47de-9a30-10e1dea3bd1d', 'usr_282');
INSERT INTO trabalho.comentarios_podcast_usuario VALUES ('comment_282_2', 'Est quia expedita voluptatem nobis eum deleniti ducimus.', 'b553d865-8fe2-47de-9a30-10e1dea3bd1d', 'usr_282');
INSERT INTO trabalho.log_acesso VALUES ('log_282_2', 'b553d865-8fe2-47de-9a30-10e1dea3bd1d', 'usr_282');
INSERT INTO trabalho.usuario VALUES ('usr_283', '283_Rafael_Moreira33@live.com', 'Rafael Moreira', 'male', 28, 'password', 'Samoa');
INSERT INTO trabalho.usuario_esta_inscrito_no_podcast VALUES (0, 'de2f0ddb-9903-436a-a5e2-54224254c818', 'usr_283');
INSERT INTO trabalho.comentarios_podcast_usuario VALUES ('comment_283_0', 'Atque ut repellat.', 'de2f0ddb-9903-436a-a5e2-54224254c818', 'usr_283');
INSERT INTO trabalho.log_acesso VALUES ('log_283_0', 'de2f0ddb-9903-436a-a5e2-54224254c818', 'usr_283');
INSERT INTO trabalho.usuario_esta_inscrito_no_podcast VALUES (4, 'f0166bd2-8e4d-4308-b5d7-0b3d627c5dc5', 'usr_283');
INSERT INTO trabalho.comentarios_podcast_usuario VALUES ('comment_283_1', 'Perspiciatis rem ut ullam.', 'f0166bd2-8e4d-4308-b5d7-0b3d627c5dc5', 'usr_283');
INSERT INTO trabalho.log_acesso VALUES ('log_283_1', 'f0166bd2-8e4d-4308-b5d7-0b3d627c5dc5', 'usr_283');
INSERT INTO trabalho.usuario_esta_inscrito_no_podcast VALUES (2, '5bdf7377-8330-4f9f-8efd-e95301c122ce', 'usr_283');
INSERT INTO trabalho.comentarios_podcast_usuario VALUES ('comment_283_2', 'Enim fugiat magni.', '5bdf7377-8330-4f9f-8efd-e95301c122ce', 'usr_283');
INSERT INTO trabalho.log_acesso VALUES ('log_283_2', '5bdf7377-8330-4f9f-8efd-e95301c122ce', 'usr_283');
INSERT INTO trabalho.usuario VALUES ('usr_284', '284_Alessandra59@gmail.com', 'Alessandra Souza', 'female', 47, 'password', 'Anguila');
INSERT INTO trabalho.usuario_esta_inscrito_no_podcast VALUES (5, 'f8e13774-d631-4f34-93f0-2f5d55590265', 'usr_284');
INSERT INTO trabalho.comentarios_podcast_usuario VALUES ('comment_284_0', 'Asperiores magnam error possimus voluptas ut ex velit.', 'f8e13774-d631-4f34-93f0-2f5d55590265', 'usr_284');
INSERT INTO trabalho.log_acesso VALUES ('log_284_0', 'f8e13774-d631-4f34-93f0-2f5d55590265', 'usr_284');
INSERT INTO trabalho.usuario_esta_inscrito_no_podcast VALUES (4, '5bdf7377-8330-4f9f-8efd-e95301c122ce', 'usr_284');
INSERT INTO trabalho.comentarios_podcast_usuario VALUES ('comment_284_1', 'Atque itaque voluptatem.', '5bdf7377-8330-4f9f-8efd-e95301c122ce', 'usr_284');
INSERT INTO trabalho.log_acesso VALUES ('log_284_1', '5bdf7377-8330-4f9f-8efd-e95301c122ce', 'usr_284');
INSERT INTO trabalho.usuario_esta_inscrito_no_podcast VALUES (2, 'b553d865-8fe2-47de-9a30-10e1dea3bd1d', 'usr_284');
INSERT INTO trabalho.comentarios_podcast_usuario VALUES ('comment_284_2', 'Perspiciatis debitis nihil omnis.', 'b553d865-8fe2-47de-9a30-10e1dea3bd1d', 'usr_284');
INSERT INTO trabalho.log_acesso VALUES ('log_284_2', 'b553d865-8fe2-47de-9a30-10e1dea3bd1d', 'usr_284');
INSERT INTO trabalho.usuario VALUES ('usr_285', '285_Gustavo_Batista@gmail.com', 'Gustavo Batista', 'male', 23, 'password', 'Etiópia');
INSERT INTO trabalho.usuario_esta_inscrito_no_podcast VALUES (1, '67074e68-bc2f-442b-8af2-7d328b6af6eb', 'usr_285');
INSERT INTO trabalho.comentarios_podcast_usuario VALUES ('comment_285_0', 'Et est rem.', '67074e68-bc2f-442b-8af2-7d328b6af6eb', 'usr_285');
INSERT INTO trabalho.log_acesso VALUES ('log_285_0', '67074e68-bc2f-442b-8af2-7d328b6af6eb', 'usr_285');
INSERT INTO trabalho.usuario_esta_inscrito_no_podcast VALUES (4, 'f0166bd2-8e4d-4308-b5d7-0b3d627c5dc5', 'usr_285');
INSERT INTO trabalho.comentarios_podcast_usuario VALUES ('comment_285_1', 'Minus enim consequatur cumque occaecati.', 'f0166bd2-8e4d-4308-b5d7-0b3d627c5dc5', 'usr_285');
INSERT INTO trabalho.log_acesso VALUES ('log_285_1', 'f0166bd2-8e4d-4308-b5d7-0b3d627c5dc5', 'usr_285');
INSERT INTO trabalho.usuario_esta_inscrito_no_podcast VALUES (1, 'bc8dac25-793c-4a96-aafc-4ea7020f4f60', 'usr_285');
INSERT INTO trabalho.comentarios_podcast_usuario VALUES ('comment_285_2', 'Et quaerat voluptate harum soluta voluptatibus minus.', 'bc8dac25-793c-4a96-aafc-4ea7020f4f60', 'usr_285');
INSERT INTO trabalho.log_acesso VALUES ('log_285_2', 'bc8dac25-793c-4a96-aafc-4ea7020f4f60', 'usr_285');
INSERT INTO trabalho.usuario VALUES ('usr_286', '286_Elisa21@bol.com.br', 'Elisa Reis', 'female', 53, 'password', 'Georgia');
INSERT INTO trabalho.usuario_esta_inscrito_no_podcast VALUES (2, 'c58b280a-56d4-4ad8-8c85-730e4ea86361', 'usr_286');
INSERT INTO trabalho.comentarios_podcast_usuario VALUES ('comment_286_0', 'Quasi ipsum placeat commodi enim consectetur.', 'c58b280a-56d4-4ad8-8c85-730e4ea86361', 'usr_286');
INSERT INTO trabalho.log_acesso VALUES ('log_286_0', 'c58b280a-56d4-4ad8-8c85-730e4ea86361', 'usr_286');
INSERT INTO trabalho.usuario_esta_inscrito_no_podcast VALUES (5, 'de2f0ddb-9903-436a-a5e2-54224254c818', 'usr_286');
INSERT INTO trabalho.comentarios_podcast_usuario VALUES ('comment_286_1', 'Omnis voluptas aspernatur adipisci quia non.', 'de2f0ddb-9903-436a-a5e2-54224254c818', 'usr_286');
INSERT INTO trabalho.log_acesso VALUES ('log_286_1', 'de2f0ddb-9903-436a-a5e2-54224254c818', 'usr_286');
INSERT INTO trabalho.usuario_esta_inscrito_no_podcast VALUES (5, '168c1536-4c42-4b8f-8c77-f06affefec6a', 'usr_286');
INSERT INTO trabalho.comentarios_podcast_usuario VALUES ('comment_286_2', 'Repudiandae et eaque ut ut iste dignissimos.', '168c1536-4c42-4b8f-8c77-f06affefec6a', 'usr_286');
INSERT INTO trabalho.log_acesso VALUES ('log_286_2', '168c1536-4c42-4b8f-8c77-f06affefec6a', 'usr_286');
INSERT INTO trabalho.usuario VALUES ('usr_287', '287_Jlia94@gmail.com', 'Júlia Batista', 'female', 57, 'password', 'Groelândia');
INSERT INTO trabalho.usuario_esta_inscrito_no_podcast VALUES (1, '67074e68-bc2f-442b-8af2-7d328b6af6eb', 'usr_287');
INSERT INTO trabalho.comentarios_podcast_usuario VALUES ('comment_287_0', 'Dicta amet eveniet eius.', '67074e68-bc2f-442b-8af2-7d328b6af6eb', 'usr_287');
INSERT INTO trabalho.log_acesso VALUES ('log_287_0', '67074e68-bc2f-442b-8af2-7d328b6af6eb', 'usr_287');
INSERT INTO trabalho.usuario_esta_inscrito_no_podcast VALUES (2, '219328a1-cec6-4e8c-b003-52a3ec9766bb', 'usr_287');
INSERT INTO trabalho.comentarios_podcast_usuario VALUES ('comment_287_1', 'Sunt aut repellat inventore rerum.', '219328a1-cec6-4e8c-b003-52a3ec9766bb', 'usr_287');
INSERT INTO trabalho.log_acesso VALUES ('log_287_1', '219328a1-cec6-4e8c-b003-52a3ec9766bb', 'usr_287');
INSERT INTO trabalho.usuario_esta_inscrito_no_podcast VALUES (3, 'f8e13774-d631-4f34-93f0-2f5d55590265', 'usr_287');
INSERT INTO trabalho.comentarios_podcast_usuario VALUES ('comment_287_2', 'Quo dolores quod maxime perspiciatis quibusdam.', 'f8e13774-d631-4f34-93f0-2f5d55590265', 'usr_287');
INSERT INTO trabalho.log_acesso VALUES ('log_287_2', 'f8e13774-d631-4f34-93f0-2f5d55590265', 'usr_287');
INSERT INTO trabalho.usuario VALUES ('usr_288', '288_MariaClara18@bol.com.br', 'Maria Clara Barros', 'female', 57, 'password', 'Gibraltar');
INSERT INTO trabalho.usuario_esta_inscrito_no_podcast VALUES (3, '5bdf7377-8330-4f9f-8efd-e95301c122ce', 'usr_288');
INSERT INTO trabalho.comentarios_podcast_usuario VALUES ('comment_288_0', 'Laborum est quia illo quia reiciendis non quis sit.', '5bdf7377-8330-4f9f-8efd-e95301c122ce', 'usr_288');
INSERT INTO trabalho.log_acesso VALUES ('log_288_0', '5bdf7377-8330-4f9f-8efd-e95301c122ce', 'usr_288');
INSERT INTO trabalho.usuario_esta_inscrito_no_podcast VALUES (2, '219328a1-cec6-4e8c-b003-52a3ec9766bb', 'usr_288');
INSERT INTO trabalho.comentarios_podcast_usuario VALUES ('comment_288_1', 'Asperiores sed blanditiis totam voluptas cum.', '219328a1-cec6-4e8c-b003-52a3ec9766bb', 'usr_288');
INSERT INTO trabalho.log_acesso VALUES ('log_288_1', '219328a1-cec6-4e8c-b003-52a3ec9766bb', 'usr_288');
INSERT INTO trabalho.usuario_esta_inscrito_no_podcast VALUES (5, '7e429e8e-7669-403d-bb78-3cd7f9f75afd', 'usr_288');
INSERT INTO trabalho.comentarios_podcast_usuario VALUES ('comment_288_2', 'Reprehenderit tempore saepe voluptas dolorem eum.', '7e429e8e-7669-403d-bb78-3cd7f9f75afd', 'usr_288');
INSERT INTO trabalho.log_acesso VALUES ('log_288_2', '7e429e8e-7669-403d-bb78-3cd7f9f75afd', 'usr_288');
INSERT INTO trabalho.usuario VALUES ('usr_289', '289_Isis.Pereira@gmail.com', 'Isis Pereira', 'female', 11, 'password', 'Hong Kong');
INSERT INTO trabalho.usuario_esta_inscrito_no_podcast VALUES (3, '67074e68-bc2f-442b-8af2-7d328b6af6eb', 'usr_289');
INSERT INTO trabalho.comentarios_podcast_usuario VALUES ('comment_289_0', 'Laudantium repellendus dolore quas reiciendis ducimus iure omnis sed ipsam.', '67074e68-bc2f-442b-8af2-7d328b6af6eb', 'usr_289');
INSERT INTO trabalho.log_acesso VALUES ('log_289_0', '67074e68-bc2f-442b-8af2-7d328b6af6eb', 'usr_289');
INSERT INTO trabalho.usuario_esta_inscrito_no_podcast VALUES (2, 'c58b280a-56d4-4ad8-8c85-730e4ea86361', 'usr_289');
INSERT INTO trabalho.comentarios_podcast_usuario VALUES ('comment_289_1', 'Ut tenetur facilis ut est fugiat.', 'c58b280a-56d4-4ad8-8c85-730e4ea86361', 'usr_289');
INSERT INTO trabalho.log_acesso VALUES ('log_289_1', 'c58b280a-56d4-4ad8-8c85-730e4ea86361', 'usr_289');
INSERT INTO trabalho.usuario_esta_inscrito_no_podcast VALUES (0, 'f0166bd2-8e4d-4308-b5d7-0b3d627c5dc5', 'usr_289');
INSERT INTO trabalho.comentarios_podcast_usuario VALUES ('comment_289_2', 'Nihil facere et a.', 'f0166bd2-8e4d-4308-b5d7-0b3d627c5dc5', 'usr_289');
INSERT INTO trabalho.log_acesso VALUES ('log_289_2', 'f0166bd2-8e4d-4308-b5d7-0b3d627c5dc5', 'usr_289');
INSERT INTO trabalho.usuario VALUES ('usr_290', '290_Marina_Souza@live.com', 'Marina Souza', 'female', 23, 'password', 'Ilhas Cook');
INSERT INTO trabalho.usuario_esta_inscrito_no_podcast VALUES (0, 'de2f0ddb-9903-436a-a5e2-54224254c818', 'usr_290');
INSERT INTO trabalho.comentarios_podcast_usuario VALUES ('comment_290_0', 'Vel facere eaque aperiam non iure iusto sit laboriosam.', 'de2f0ddb-9903-436a-a5e2-54224254c818', 'usr_290');
INSERT INTO trabalho.log_acesso VALUES ('log_290_0', 'de2f0ddb-9903-436a-a5e2-54224254c818', 'usr_290');
INSERT INTO trabalho.usuario_esta_inscrito_no_podcast VALUES (2, 'b553d865-8fe2-47de-9a30-10e1dea3bd1d', 'usr_290');
INSERT INTO trabalho.comentarios_podcast_usuario VALUES ('comment_290_1', 'Molestias commodi est fugiat expedita.', 'b553d865-8fe2-47de-9a30-10e1dea3bd1d', 'usr_290');
INSERT INTO trabalho.log_acesso VALUES ('log_290_1', 'b553d865-8fe2-47de-9a30-10e1dea3bd1d', 'usr_290');
INSERT INTO trabalho.usuario_esta_inscrito_no_podcast VALUES (3, 'f1b92ce7-47a7-43cd-8586-4a09185cdd05', 'usr_290');
INSERT INTO trabalho.comentarios_podcast_usuario VALUES ('comment_290_2', 'Harum eos ex qui eligendi et recusandae saepe amet.', 'f1b92ce7-47a7-43cd-8586-4a09185cdd05', 'usr_290');
INSERT INTO trabalho.log_acesso VALUES ('log_290_2', 'f1b92ce7-47a7-43cd-8586-4a09185cdd05', 'usr_290');
INSERT INTO trabalho.usuario VALUES ('usr_291', '291_AnaJlia_Oliveira@bol.com.br', 'Ana Júlia Oliveira', 'female', 57, 'password', 'Japão');
INSERT INTO trabalho.usuario_esta_inscrito_no_podcast VALUES (5, 'f8e13774-d631-4f34-93f0-2f5d55590265', 'usr_291');
INSERT INTO trabalho.comentarios_podcast_usuario VALUES ('comment_291_0', 'Praesentium ipsam similique error laboriosam ad autem.', 'f8e13774-d631-4f34-93f0-2f5d55590265', 'usr_291');
INSERT INTO trabalho.log_acesso VALUES ('log_291_0', 'f8e13774-d631-4f34-93f0-2f5d55590265', 'usr_291');
INSERT INTO trabalho.usuario_esta_inscrito_no_podcast VALUES (0, 'b553d865-8fe2-47de-9a30-10e1dea3bd1d', 'usr_291');
INSERT INTO trabalho.comentarios_podcast_usuario VALUES ('comment_291_1', 'Et sapiente sed architecto magnam eum.', 'b553d865-8fe2-47de-9a30-10e1dea3bd1d', 'usr_291');
INSERT INTO trabalho.log_acesso VALUES ('log_291_1', 'b553d865-8fe2-47de-9a30-10e1dea3bd1d', 'usr_291');
INSERT INTO trabalho.usuario_esta_inscrito_no_podcast VALUES (1, '67074e68-bc2f-442b-8af2-7d328b6af6eb', 'usr_291');
INSERT INTO trabalho.comentarios_podcast_usuario VALUES ('comment_291_2', 'Atque dolores reprehenderit quas quam qui voluptatem aut expedita.', '67074e68-bc2f-442b-8af2-7d328b6af6eb', 'usr_291');
INSERT INTO trabalho.log_acesso VALUES ('log_291_2', '67074e68-bc2f-442b-8af2-7d328b6af6eb', 'usr_291');
INSERT INTO trabalho.usuario VALUES ('usr_292', '292_Fabrcia.Carvalho84@yahoo.com', 'Fabrícia Carvalho', 'female', 18, 'password', 'Argentina');
INSERT INTO trabalho.usuario_esta_inscrito_no_podcast VALUES (0, 'fa3abe16-3645-4d22-a01d-893e6f20c408', 'usr_292');
INSERT INTO trabalho.comentarios_podcast_usuario VALUES ('comment_292_0', 'Autem ut eum velit non nam eum.', 'fa3abe16-3645-4d22-a01d-893e6f20c408', 'usr_292');
INSERT INTO trabalho.log_acesso VALUES ('log_292_0', 'fa3abe16-3645-4d22-a01d-893e6f20c408', 'usr_292');
INSERT INTO trabalho.usuario_esta_inscrito_no_podcast VALUES (5, 'b553d865-8fe2-47de-9a30-10e1dea3bd1d', 'usr_292');
INSERT INTO trabalho.comentarios_podcast_usuario VALUES ('comment_292_1', 'Atque asperiores dolores occaecati et harum eos.', 'b553d865-8fe2-47de-9a30-10e1dea3bd1d', 'usr_292');
INSERT INTO trabalho.log_acesso VALUES ('log_292_1', 'b553d865-8fe2-47de-9a30-10e1dea3bd1d', 'usr_292');
INSERT INTO trabalho.usuario_esta_inscrito_no_podcast VALUES (1, '219328a1-cec6-4e8c-b003-52a3ec9766bb', 'usr_292');
INSERT INTO trabalho.comentarios_podcast_usuario VALUES ('comment_292_2', 'Velit quas ratione et facilis molestiae est.', '219328a1-cec6-4e8c-b003-52a3ec9766bb', 'usr_292');
INSERT INTO trabalho.log_acesso VALUES ('log_292_2', '219328a1-cec6-4e8c-b003-52a3ec9766bb', 'usr_292');
INSERT INTO trabalho.usuario VALUES ('usr_293', '293_JooPedro_Pereira64@gmail.com', 'João Pedro Pereira', 'male', 35, 'password', 'Sao Tomé e Príncipe');
INSERT INTO trabalho.usuario_esta_inscrito_no_podcast VALUES (0, 'bc8dac25-793c-4a96-aafc-4ea7020f4f60', 'usr_293');
INSERT INTO trabalho.comentarios_podcast_usuario VALUES ('comment_293_0', 'Ut rerum recusandae.', 'bc8dac25-793c-4a96-aafc-4ea7020f4f60', 'usr_293');
INSERT INTO trabalho.log_acesso VALUES ('log_293_0', 'bc8dac25-793c-4a96-aafc-4ea7020f4f60', 'usr_293');
INSERT INTO trabalho.usuario_esta_inscrito_no_podcast VALUES (2, '67074e68-bc2f-442b-8af2-7d328b6af6eb', 'usr_293');
INSERT INTO trabalho.comentarios_podcast_usuario VALUES ('comment_293_1', 'Corrupti veritatis quia blanditiis error id.', '67074e68-bc2f-442b-8af2-7d328b6af6eb', 'usr_293');
INSERT INTO trabalho.log_acesso VALUES ('log_293_1', '67074e68-bc2f-442b-8af2-7d328b6af6eb', 'usr_293');
INSERT INTO trabalho.usuario_esta_inscrito_no_podcast VALUES (0, 'c58b280a-56d4-4ad8-8c85-730e4ea86361', 'usr_293');
INSERT INTO trabalho.comentarios_podcast_usuario VALUES ('comment_293_2', 'Consequatur vel incidunt eveniet rem officia aspernatur repellendus sequi.', 'c58b280a-56d4-4ad8-8c85-730e4ea86361', 'usr_293');
INSERT INTO trabalho.log_acesso VALUES ('log_293_2', 'c58b280a-56d4-4ad8-8c85-730e4ea86361', 'usr_293');
INSERT INTO trabalho.usuario VALUES ('usr_294', '294_Vitria26@hotmail.com', 'Vitória Santos', 'female', 14, 'password', 'Nova Zelândia');
INSERT INTO trabalho.usuario_esta_inscrito_no_podcast VALUES (2, '168c1536-4c42-4b8f-8c77-f06affefec6a', 'usr_294');
INSERT INTO trabalho.comentarios_podcast_usuario VALUES ('comment_294_0', 'Et veniam quia.', '168c1536-4c42-4b8f-8c77-f06affefec6a', 'usr_294');
INSERT INTO trabalho.log_acesso VALUES ('log_294_0', '168c1536-4c42-4b8f-8c77-f06affefec6a', 'usr_294');
INSERT INTO trabalho.usuario_esta_inscrito_no_podcast VALUES (4, 'f0166bd2-8e4d-4308-b5d7-0b3d627c5dc5', 'usr_294');
INSERT INTO trabalho.comentarios_podcast_usuario VALUES ('comment_294_1', 'Tempore ab iure et quaerat cupiditate quos soluta voluptas.', 'f0166bd2-8e4d-4308-b5d7-0b3d627c5dc5', 'usr_294');
INSERT INTO trabalho.log_acesso VALUES ('log_294_1', 'f0166bd2-8e4d-4308-b5d7-0b3d627c5dc5', 'usr_294');
INSERT INTO trabalho.usuario_esta_inscrito_no_podcast VALUES (3, '219328a1-cec6-4e8c-b003-52a3ec9766bb', 'usr_294');
INSERT INTO trabalho.comentarios_podcast_usuario VALUES ('comment_294_2', 'Harum est ut debitis quia eaque adipisci doloribus.', '219328a1-cec6-4e8c-b003-52a3ec9766bb', 'usr_294');
INSERT INTO trabalho.log_acesso VALUES ('log_294_2', '219328a1-cec6-4e8c-b003-52a3ec9766bb', 'usr_294');
INSERT INTO trabalho.usuario VALUES ('usr_295', '295_Miguel_Reis@bol.com.br', 'Miguel Reis', 'male', 8, 'password', 'Timor-Leste');
INSERT INTO trabalho.usuario_esta_inscrito_no_podcast VALUES (1, 'b553d865-8fe2-47de-9a30-10e1dea3bd1d', 'usr_295');
INSERT INTO trabalho.comentarios_podcast_usuario VALUES ('comment_295_0', 'Autem voluptatem quae provident beatae ut est unde.', 'b553d865-8fe2-47de-9a30-10e1dea3bd1d', 'usr_295');
INSERT INTO trabalho.log_acesso VALUES ('log_295_0', 'b553d865-8fe2-47de-9a30-10e1dea3bd1d', 'usr_295');
INSERT INTO trabalho.usuario_esta_inscrito_no_podcast VALUES (1, '67074e68-bc2f-442b-8af2-7d328b6af6eb', 'usr_295');
INSERT INTO trabalho.comentarios_podcast_usuario VALUES ('comment_295_1', 'Excepturi in inventore.', '67074e68-bc2f-442b-8af2-7d328b6af6eb', 'usr_295');
INSERT INTO trabalho.log_acesso VALUES ('log_295_1', '67074e68-bc2f-442b-8af2-7d328b6af6eb', 'usr_295');
INSERT INTO trabalho.usuario_esta_inscrito_no_podcast VALUES (5, '168c1536-4c42-4b8f-8c77-f06affefec6a', 'usr_295');
INSERT INTO trabalho.comentarios_podcast_usuario VALUES ('comment_295_2', 'Accusantium qui tenetur magnam ut sint maxime quaerat sit.', '168c1536-4c42-4b8f-8c77-f06affefec6a', 'usr_295');
INSERT INTO trabalho.log_acesso VALUES ('log_295_2', '168c1536-4c42-4b8f-8c77-f06affefec6a', 'usr_295');
INSERT INTO trabalho.usuario VALUES ('usr_296', '296_PedroHenrique66@hotmail.com', 'Pedro Henrique Carvalho', 'male', 8, 'password', 'Nicarágua');
INSERT INTO trabalho.usuario_esta_inscrito_no_podcast VALUES (5, 'af46a958-b921-47b6-9f87-5c4fdc68ea79', 'usr_296');
INSERT INTO trabalho.comentarios_podcast_usuario VALUES ('comment_296_0', 'Amet accusantium saepe et sequi sed.', 'af46a958-b921-47b6-9f87-5c4fdc68ea79', 'usr_296');
INSERT INTO trabalho.log_acesso VALUES ('log_296_0', 'af46a958-b921-47b6-9f87-5c4fdc68ea79', 'usr_296');
INSERT INTO trabalho.usuario_esta_inscrito_no_podcast VALUES (2, '7e429e8e-7669-403d-bb78-3cd7f9f75afd', 'usr_296');
INSERT INTO trabalho.comentarios_podcast_usuario VALUES ('comment_296_1', 'Et doloribus et cum dolores.', '7e429e8e-7669-403d-bb78-3cd7f9f75afd', 'usr_296');
INSERT INTO trabalho.log_acesso VALUES ('log_296_1', '7e429e8e-7669-403d-bb78-3cd7f9f75afd', 'usr_296');
INSERT INTO trabalho.usuario_esta_inscrito_no_podcast VALUES (4, 'fa3abe16-3645-4d22-a01d-893e6f20c408', 'usr_296');
INSERT INTO trabalho.comentarios_podcast_usuario VALUES ('comment_296_2', 'Omnis tempora impedit reprehenderit rerum ut id sed neque omnis.', 'fa3abe16-3645-4d22-a01d-893e6f20c408', 'usr_296');
INSERT INTO trabalho.log_acesso VALUES ('log_296_2', 'fa3abe16-3645-4d22-a01d-893e6f20c408', 'usr_296');
INSERT INTO trabalho.usuario VALUES ('usr_297', '297_Elo83@hotmail.com', 'Eloá Macedo', 'female', 29, 'password', 'Ilhas Geórgia do Sul e Sandwich do Sul');
INSERT INTO trabalho.usuario_esta_inscrito_no_podcast VALUES (1, '219328a1-cec6-4e8c-b003-52a3ec9766bb', 'usr_297');
INSERT INTO trabalho.comentarios_podcast_usuario VALUES ('comment_297_0', 'Debitis ad eum perspiciatis quas aut et quis.', '219328a1-cec6-4e8c-b003-52a3ec9766bb', 'usr_297');
INSERT INTO trabalho.log_acesso VALUES ('log_297_0', '219328a1-cec6-4e8c-b003-52a3ec9766bb', 'usr_297');
INSERT INTO trabalho.usuario_esta_inscrito_no_podcast VALUES (5, 'b553d865-8fe2-47de-9a30-10e1dea3bd1d', 'usr_297');
INSERT INTO trabalho.comentarios_podcast_usuario VALUES ('comment_297_1', 'Accusantium consectetur commodi perferendis consequatur.', 'b553d865-8fe2-47de-9a30-10e1dea3bd1d', 'usr_297');
INSERT INTO trabalho.log_acesso VALUES ('log_297_1', 'b553d865-8fe2-47de-9a30-10e1dea3bd1d', 'usr_297');
INSERT INTO trabalho.usuario_esta_inscrito_no_podcast VALUES (3, 'c58b280a-56d4-4ad8-8c85-730e4ea86361', 'usr_297');
INSERT INTO trabalho.comentarios_podcast_usuario VALUES ('comment_297_2', 'Voluptatibus nihil consequatur.', 'c58b280a-56d4-4ad8-8c85-730e4ea86361', 'usr_297');
INSERT INTO trabalho.log_acesso VALUES ('log_297_2', 'c58b280a-56d4-4ad8-8c85-730e4ea86361', 'usr_297');
INSERT INTO trabalho.usuario VALUES ('usr_298', '298_Marcela32@yahoo.com', 'Marcela Braga', 'female', 58, 'password', 'Montenegro');
INSERT INTO trabalho.usuario_esta_inscrito_no_podcast VALUES (2, '67074e68-bc2f-442b-8af2-7d328b6af6eb', 'usr_298');
INSERT INTO trabalho.comentarios_podcast_usuario VALUES ('comment_298_0', 'Accusamus qui illo temporibus possimus et.', '67074e68-bc2f-442b-8af2-7d328b6af6eb', 'usr_298');
INSERT INTO trabalho.log_acesso VALUES ('log_298_0', '67074e68-bc2f-442b-8af2-7d328b6af6eb', 'usr_298');
INSERT INTO trabalho.usuario_esta_inscrito_no_podcast VALUES (3, 'c58b280a-56d4-4ad8-8c85-730e4ea86361', 'usr_298');
INSERT INTO trabalho.comentarios_podcast_usuario VALUES ('comment_298_1', 'In veritatis veritatis voluptatibus aut nulla illo rerum et aut.', 'c58b280a-56d4-4ad8-8c85-730e4ea86361', 'usr_298');
INSERT INTO trabalho.log_acesso VALUES ('log_298_1', 'c58b280a-56d4-4ad8-8c85-730e4ea86361', 'usr_298');
INSERT INTO trabalho.usuario_esta_inscrito_no_podcast VALUES (4, '219328a1-cec6-4e8c-b003-52a3ec9766bb', 'usr_298');
INSERT INTO trabalho.comentarios_podcast_usuario VALUES ('comment_298_2', 'Sit dolore tenetur odit quis voluptates consectetur excepturi aspernatur et.', '219328a1-cec6-4e8c-b003-52a3ec9766bb', 'usr_298');
INSERT INTO trabalho.log_acesso VALUES ('log_298_2', '219328a1-cec6-4e8c-b003-52a3ec9766bb', 'usr_298');
INSERT INTO trabalho.usuario VALUES ('usr_299', '299_Yasmin_Melo85@hotmail.com', 'Yasmin Melo', 'female', 44, 'password', 'Vanuatu');
INSERT INTO trabalho.usuario_esta_inscrito_no_podcast VALUES (2, 'f0166bd2-8e4d-4308-b5d7-0b3d627c5dc5', 'usr_299');
INSERT INTO trabalho.comentarios_podcast_usuario VALUES ('comment_299_0', 'Ut autem quia aut ut qui.', 'f0166bd2-8e4d-4308-b5d7-0b3d627c5dc5', 'usr_299');
INSERT INTO trabalho.log_acesso VALUES ('log_299_0', 'f0166bd2-8e4d-4308-b5d7-0b3d627c5dc5', 'usr_299');
INSERT INTO trabalho.usuario_esta_inscrito_no_podcast VALUES (0, 'b553d865-8fe2-47de-9a30-10e1dea3bd1d', 'usr_299');
INSERT INTO trabalho.comentarios_podcast_usuario VALUES ('comment_299_1', 'Enim voluptatem at aliquam a.', 'b553d865-8fe2-47de-9a30-10e1dea3bd1d', 'usr_299');
INSERT INTO trabalho.log_acesso VALUES ('log_299_1', 'b553d865-8fe2-47de-9a30-10e1dea3bd1d', 'usr_299');
INSERT INTO trabalho.usuario_esta_inscrito_no_podcast VALUES (4, 'de2f0ddb-9903-436a-a5e2-54224254c818', 'usr_299');
INSERT INTO trabalho.comentarios_podcast_usuario VALUES ('comment_299_2', 'Non vel totam consectetur eveniet libero.', 'de2f0ddb-9903-436a-a5e2-54224254c818', 'usr_299');
INSERT INTO trabalho.log_acesso VALUES ('log_299_2', 'de2f0ddb-9903-436a-a5e2-54224254c818', 'usr_299');
INSERT INTO trabalho.usuario VALUES ('usr_300', '300_MariaClara_Moraes46@bol.com.br', 'Maria Clara Moraes', 'female', 33, 'password', 'Iraque');
INSERT INTO trabalho.usuario_esta_inscrito_no_podcast VALUES (0, '5bdf7377-8330-4f9f-8efd-e95301c122ce', 'usr_300');
INSERT INTO trabalho.comentarios_podcast_usuario VALUES ('comment_300_0', 'Id voluptatem nihil quod ea sit.', '5bdf7377-8330-4f9f-8efd-e95301c122ce', 'usr_300');
INSERT INTO trabalho.log_acesso VALUES ('log_300_0', '5bdf7377-8330-4f9f-8efd-e95301c122ce', 'usr_300');
INSERT INTO trabalho.usuario_esta_inscrito_no_podcast VALUES (2, 'af46a958-b921-47b6-9f87-5c4fdc68ea79', 'usr_300');
INSERT INTO trabalho.comentarios_podcast_usuario VALUES ('comment_300_1', 'Consequuntur error nostrum distinctio quas beatae sed mollitia doloremque ut.', 'af46a958-b921-47b6-9f87-5c4fdc68ea79', 'usr_300');
INSERT INTO trabalho.log_acesso VALUES ('log_300_1', 'af46a958-b921-47b6-9f87-5c4fdc68ea79', 'usr_300');
INSERT INTO trabalho.usuario_esta_inscrito_no_podcast VALUES (0, '67074e68-bc2f-442b-8af2-7d328b6af6eb', 'usr_300');
INSERT INTO trabalho.comentarios_podcast_usuario VALUES ('comment_300_2', 'Nulla et eos quia accusamus est eaque sit perferendis assumenda.', '67074e68-bc2f-442b-8af2-7d328b6af6eb', 'usr_300');
INSERT INTO trabalho.log_acesso VALUES ('log_300_2', '67074e68-bc2f-442b-8af2-7d328b6af6eb', 'usr_300');
INSERT INTO trabalho.usuario VALUES ('usr_301', '301_Alcia_Santos@gmail.com', 'Alícia Santos', 'female', 6, 'password', 'Zâmbia');
INSERT INTO trabalho.usuario_esta_inscrito_no_podcast VALUES (4, 'f0166bd2-8e4d-4308-b5d7-0b3d627c5dc5', 'usr_301');
INSERT INTO trabalho.comentarios_podcast_usuario VALUES ('comment_301_0', 'Qui quae delectus.', 'f0166bd2-8e4d-4308-b5d7-0b3d627c5dc5', 'usr_301');
INSERT INTO trabalho.log_acesso VALUES ('log_301_0', 'f0166bd2-8e4d-4308-b5d7-0b3d627c5dc5', 'usr_301');
INSERT INTO trabalho.usuario_esta_inscrito_no_podcast VALUES (5, 'de2f0ddb-9903-436a-a5e2-54224254c818', 'usr_301');
INSERT INTO trabalho.comentarios_podcast_usuario VALUES ('comment_301_1', 'Et velit nihil asperiores quas.', 'de2f0ddb-9903-436a-a5e2-54224254c818', 'usr_301');
INSERT INTO trabalho.log_acesso VALUES ('log_301_1', 'de2f0ddb-9903-436a-a5e2-54224254c818', 'usr_301');
INSERT INTO trabalho.usuario_esta_inscrito_no_podcast VALUES (0, 'bc8dac25-793c-4a96-aafc-4ea7020f4f60', 'usr_301');
INSERT INTO trabalho.comentarios_podcast_usuario VALUES ('comment_301_2', 'Eveniet vel officiis facere.', 'bc8dac25-793c-4a96-aafc-4ea7020f4f60', 'usr_301');
INSERT INTO trabalho.log_acesso VALUES ('log_301_2', 'bc8dac25-793c-4a96-aafc-4ea7020f4f60', 'usr_301');
INSERT INTO trabalho.usuario VALUES ('usr_302', '302_Slvia38@hotmail.com', 'Sílvia Nogueira', 'female', 46, 'password', 'Líbano');
INSERT INTO trabalho.usuario_esta_inscrito_no_podcast VALUES (5, '5bdf7377-8330-4f9f-8efd-e95301c122ce', 'usr_302');
INSERT INTO trabalho.comentarios_podcast_usuario VALUES ('comment_302_0', 'Quidem eum veniam.', '5bdf7377-8330-4f9f-8efd-e95301c122ce', 'usr_302');
INSERT INTO trabalho.log_acesso VALUES ('log_302_0', '5bdf7377-8330-4f9f-8efd-e95301c122ce', 'usr_302');
INSERT INTO trabalho.usuario_esta_inscrito_no_podcast VALUES (2, '168c1536-4c42-4b8f-8c77-f06affefec6a', 'usr_302');
INSERT INTO trabalho.comentarios_podcast_usuario VALUES ('comment_302_1', 'Qui odio earum.', '168c1536-4c42-4b8f-8c77-f06affefec6a', 'usr_302');
INSERT INTO trabalho.log_acesso VALUES ('log_302_1', '168c1536-4c42-4b8f-8c77-f06affefec6a', 'usr_302');
INSERT INTO trabalho.usuario_esta_inscrito_no_podcast VALUES (1, 'c58b280a-56d4-4ad8-8c85-730e4ea86361', 'usr_302');
INSERT INTO trabalho.comentarios_podcast_usuario VALUES ('comment_302_2', 'Consequatur optio veniam repellat.', 'c58b280a-56d4-4ad8-8c85-730e4ea86361', 'usr_302');
INSERT INTO trabalho.log_acesso VALUES ('log_302_2', 'c58b280a-56d4-4ad8-8c85-730e4ea86361', 'usr_302');
INSERT INTO trabalho.usuario VALUES ('usr_303', '303_Oflia69@bol.com.br', 'Ofélia Reis', 'female', 2, 'password', 'Mauritânia');
INSERT INTO trabalho.usuario_esta_inscrito_no_podcast VALUES (3, 'f1b92ce7-47a7-43cd-8586-4a09185cdd05', 'usr_303');
INSERT INTO trabalho.comentarios_podcast_usuario VALUES ('comment_303_0', 'Incidunt ut illo autem dolor perspiciatis quos iste accusamus.', 'f1b92ce7-47a7-43cd-8586-4a09185cdd05', 'usr_303');
INSERT INTO trabalho.log_acesso VALUES ('log_303_0', 'f1b92ce7-47a7-43cd-8586-4a09185cdd05', 'usr_303');
INSERT INTO trabalho.usuario_esta_inscrito_no_podcast VALUES (3, 'de2f0ddb-9903-436a-a5e2-54224254c818', 'usr_303');
INSERT INTO trabalho.comentarios_podcast_usuario VALUES ('comment_303_1', 'Pariatur quam et expedita neque amet vitae natus voluptatem architecto.', 'de2f0ddb-9903-436a-a5e2-54224254c818', 'usr_303');
INSERT INTO trabalho.log_acesso VALUES ('log_303_1', 'de2f0ddb-9903-436a-a5e2-54224254c818', 'usr_303');
INSERT INTO trabalho.usuario_esta_inscrito_no_podcast VALUES (5, '219328a1-cec6-4e8c-b003-52a3ec9766bb', 'usr_303');
INSERT INTO trabalho.comentarios_podcast_usuario VALUES ('comment_303_2', 'Reprehenderit recusandae repudiandae ullam harum voluptatibus voluptas.', '219328a1-cec6-4e8c-b003-52a3ec9766bb', 'usr_303');
INSERT INTO trabalho.log_acesso VALUES ('log_303_2', '219328a1-cec6-4e8c-b003-52a3ec9766bb', 'usr_303');
INSERT INTO trabalho.usuario VALUES ('usr_304', '304_Nicolas.Braga62@live.com', 'Nicolas Braga', 'male', 2, 'password', 'Nova Caledonia');
INSERT INTO trabalho.usuario_esta_inscrito_no_podcast VALUES (3, 'c58b280a-56d4-4ad8-8c85-730e4ea86361', 'usr_304');
INSERT INTO trabalho.comentarios_podcast_usuario VALUES ('comment_304_0', 'Totam consequuntur perferendis dolor aut nobis et ea consequatur.', 'c58b280a-56d4-4ad8-8c85-730e4ea86361', 'usr_304');
INSERT INTO trabalho.log_acesso VALUES ('log_304_0', 'c58b280a-56d4-4ad8-8c85-730e4ea86361', 'usr_304');
INSERT INTO trabalho.usuario_esta_inscrito_no_podcast VALUES (4, '5bdf7377-8330-4f9f-8efd-e95301c122ce', 'usr_304');
INSERT INTO trabalho.comentarios_podcast_usuario VALUES ('comment_304_1', 'Provident ipsa consequuntur illo.', '5bdf7377-8330-4f9f-8efd-e95301c122ce', 'usr_304');
INSERT INTO trabalho.log_acesso VALUES ('log_304_1', '5bdf7377-8330-4f9f-8efd-e95301c122ce', 'usr_304');
INSERT INTO trabalho.usuario_esta_inscrito_no_podcast VALUES (2, 'f1b92ce7-47a7-43cd-8586-4a09185cdd05', 'usr_304');
INSERT INTO trabalho.comentarios_podcast_usuario VALUES ('comment_304_2', 'Nostrum laboriosam omnis ea.', 'f1b92ce7-47a7-43cd-8586-4a09185cdd05', 'usr_304');
INSERT INTO trabalho.log_acesso VALUES ('log_304_2', 'f1b92ce7-47a7-43cd-8586-4a09185cdd05', 'usr_304');
INSERT INTO trabalho.usuario VALUES ('usr_305', '305_Guilherme.Reis60@bol.com.br', 'Guilherme Reis', 'male', 7, 'password', 'Equador');
INSERT INTO trabalho.usuario_esta_inscrito_no_podcast VALUES (2, 'b553d865-8fe2-47de-9a30-10e1dea3bd1d', 'usr_305');
INSERT INTO trabalho.comentarios_podcast_usuario VALUES ('comment_305_0', 'Totam aliquid officiis earum quos non nobis voluptas iste.', 'b553d865-8fe2-47de-9a30-10e1dea3bd1d', 'usr_305');
INSERT INTO trabalho.log_acesso VALUES ('log_305_0', 'b553d865-8fe2-47de-9a30-10e1dea3bd1d', 'usr_305');
INSERT INTO trabalho.usuario_esta_inscrito_no_podcast VALUES (1, 'c58b280a-56d4-4ad8-8c85-730e4ea86361', 'usr_305');
INSERT INTO trabalho.comentarios_podcast_usuario VALUES ('comment_305_1', 'Mollitia debitis cum aut velit doloremque quo voluptatibus.', 'c58b280a-56d4-4ad8-8c85-730e4ea86361', 'usr_305');
INSERT INTO trabalho.log_acesso VALUES ('log_305_1', 'c58b280a-56d4-4ad8-8c85-730e4ea86361', 'usr_305');
INSERT INTO trabalho.usuario_esta_inscrito_no_podcast VALUES (0, 'bc8dac25-793c-4a96-aafc-4ea7020f4f60', 'usr_305');
INSERT INTO trabalho.comentarios_podcast_usuario VALUES ('comment_305_2', 'Beatae nobis quo harum culpa sint cupiditate qui sed.', 'bc8dac25-793c-4a96-aafc-4ea7020f4f60', 'usr_305');
INSERT INTO trabalho.log_acesso VALUES ('log_305_2', 'bc8dac25-793c-4a96-aafc-4ea7020f4f60', 'usr_305');
INSERT INTO trabalho.usuario VALUES ('usr_306', '306_Carla50@yahoo.com', 'Carla Pereira', 'female', 49, 'password', 'Seicheles');
INSERT INTO trabalho.usuario_esta_inscrito_no_podcast VALUES (2, '7e429e8e-7669-403d-bb78-3cd7f9f75afd', 'usr_306');
INSERT INTO trabalho.comentarios_podcast_usuario VALUES ('comment_306_0', 'Eum aut aut et vitae fugit.', '7e429e8e-7669-403d-bb78-3cd7f9f75afd', 'usr_306');
INSERT INTO trabalho.log_acesso VALUES ('log_306_0', '7e429e8e-7669-403d-bb78-3cd7f9f75afd', 'usr_306');
INSERT INTO trabalho.usuario_esta_inscrito_no_podcast VALUES (5, 'bc8dac25-793c-4a96-aafc-4ea7020f4f60', 'usr_306');
INSERT INTO trabalho.comentarios_podcast_usuario VALUES ('comment_306_1', 'Velit est qui quia voluptate.', 'bc8dac25-793c-4a96-aafc-4ea7020f4f60', 'usr_306');
INSERT INTO trabalho.log_acesso VALUES ('log_306_1', 'bc8dac25-793c-4a96-aafc-4ea7020f4f60', 'usr_306');
INSERT INTO trabalho.usuario_esta_inscrito_no_podcast VALUES (1, 'f1b92ce7-47a7-43cd-8586-4a09185cdd05', 'usr_306');
INSERT INTO trabalho.comentarios_podcast_usuario VALUES ('comment_306_2', 'Est esse qui.', 'f1b92ce7-47a7-43cd-8586-4a09185cdd05', 'usr_306');
INSERT INTO trabalho.log_acesso VALUES ('log_306_2', 'f1b92ce7-47a7-43cd-8586-4a09185cdd05', 'usr_306');
INSERT INTO trabalho.usuario VALUES ('usr_307', '307_Rebeca_Oliveira@yahoo.com', 'Rebeca Oliveira', 'female', 3, 'password', 'Mônaco');
INSERT INTO trabalho.usuario_esta_inscrito_no_podcast VALUES (4, '168c1536-4c42-4b8f-8c77-f06affefec6a', 'usr_307');
INSERT INTO trabalho.comentarios_podcast_usuario VALUES ('comment_307_0', 'Necessitatibus consectetur laborum at quis facilis illo ipsum.', '168c1536-4c42-4b8f-8c77-f06affefec6a', 'usr_307');
INSERT INTO trabalho.log_acesso VALUES ('log_307_0', '168c1536-4c42-4b8f-8c77-f06affefec6a', 'usr_307');
INSERT INTO trabalho.usuario_esta_inscrito_no_podcast VALUES (5, '219328a1-cec6-4e8c-b003-52a3ec9766bb', 'usr_307');
INSERT INTO trabalho.comentarios_podcast_usuario VALUES ('comment_307_1', 'Expedita amet mollitia id consequatur ex.', '219328a1-cec6-4e8c-b003-52a3ec9766bb', 'usr_307');
INSERT INTO trabalho.log_acesso VALUES ('log_307_1', '219328a1-cec6-4e8c-b003-52a3ec9766bb', 'usr_307');
INSERT INTO trabalho.usuario_esta_inscrito_no_podcast VALUES (0, '7e429e8e-7669-403d-bb78-3cd7f9f75afd', 'usr_307');
INSERT INTO trabalho.comentarios_podcast_usuario VALUES ('comment_307_2', 'Officiis provident optio adipisci provident.', '7e429e8e-7669-403d-bb78-3cd7f9f75afd', 'usr_307');
INSERT INTO trabalho.log_acesso VALUES ('log_307_2', '7e429e8e-7669-403d-bb78-3cd7f9f75afd', 'usr_307');
INSERT INTO trabalho.usuario VALUES ('usr_308', '308_Sulen60@gmail.com', 'Suélen Martins', 'female', 4, 'password', 'Angola');
INSERT INTO trabalho.usuario_esta_inscrito_no_podcast VALUES (5, '67074e68-bc2f-442b-8af2-7d328b6af6eb', 'usr_308');
INSERT INTO trabalho.comentarios_podcast_usuario VALUES ('comment_308_0', 'Quaerat nihil eveniet.', '67074e68-bc2f-442b-8af2-7d328b6af6eb', 'usr_308');
INSERT INTO trabalho.log_acesso VALUES ('log_308_0', '67074e68-bc2f-442b-8af2-7d328b6af6eb', 'usr_308');
INSERT INTO trabalho.usuario_esta_inscrito_no_podcast VALUES (3, 'f1b92ce7-47a7-43cd-8586-4a09185cdd05', 'usr_308');
INSERT INTO trabalho.comentarios_podcast_usuario VALUES ('comment_308_1', 'Aperiam voluptates ipsam sed et quam necessitatibus hic sit beatae.', 'f1b92ce7-47a7-43cd-8586-4a09185cdd05', 'usr_308');
INSERT INTO trabalho.log_acesso VALUES ('log_308_1', 'f1b92ce7-47a7-43cd-8586-4a09185cdd05', 'usr_308');
INSERT INTO trabalho.usuario_esta_inscrito_no_podcast VALUES (5, '219328a1-cec6-4e8c-b003-52a3ec9766bb', 'usr_308');
INSERT INTO trabalho.comentarios_podcast_usuario VALUES ('comment_308_2', 'Magni autem et.', '219328a1-cec6-4e8c-b003-52a3ec9766bb', 'usr_308');
INSERT INTO trabalho.log_acesso VALUES ('log_308_2', '219328a1-cec6-4e8c-b003-52a3ec9766bb', 'usr_308');
INSERT INTO trabalho.usuario VALUES ('usr_309', '309_Yago.Pereira@hotmail.com', 'Yago Pereira', 'male', 35, 'password', 'Butão');
INSERT INTO trabalho.usuario_esta_inscrito_no_podcast VALUES (4, 'f1b92ce7-47a7-43cd-8586-4a09185cdd05', 'usr_309');
INSERT INTO trabalho.comentarios_podcast_usuario VALUES ('comment_309_0', 'Autem ullam est incidunt consequatur.', 'f1b92ce7-47a7-43cd-8586-4a09185cdd05', 'usr_309');
INSERT INTO trabalho.log_acesso VALUES ('log_309_0', 'f1b92ce7-47a7-43cd-8586-4a09185cdd05', 'usr_309');
INSERT INTO trabalho.usuario_esta_inscrito_no_podcast VALUES (1, '67074e68-bc2f-442b-8af2-7d328b6af6eb', 'usr_309');
INSERT INTO trabalho.comentarios_podcast_usuario VALUES ('comment_309_1', 'Nobis sit non quibusdam quisquam eos ducimus ea est quia.', '67074e68-bc2f-442b-8af2-7d328b6af6eb', 'usr_309');
INSERT INTO trabalho.log_acesso VALUES ('log_309_1', '67074e68-bc2f-442b-8af2-7d328b6af6eb', 'usr_309');
INSERT INTO trabalho.usuario_esta_inscrito_no_podcast VALUES (4, '168c1536-4c42-4b8f-8c77-f06affefec6a', 'usr_309');
INSERT INTO trabalho.comentarios_podcast_usuario VALUES ('comment_309_2', 'Id sunt aliquid totam ex ex.', '168c1536-4c42-4b8f-8c77-f06affefec6a', 'usr_309');
INSERT INTO trabalho.log_acesso VALUES ('log_309_2', '168c1536-4c42-4b8f-8c77-f06affefec6a', 'usr_309');
INSERT INTO trabalho.usuario VALUES ('usr_310', '310_MariaAlice.Moreira72@live.com', 'Maria Alice Moreira', 'female', 26, 'password', 'Israel');
INSERT INTO trabalho.usuario_esta_inscrito_no_podcast VALUES (3, 'af46a958-b921-47b6-9f87-5c4fdc68ea79', 'usr_310');
INSERT INTO trabalho.comentarios_podcast_usuario VALUES ('comment_310_0', 'Et fugiat est.', 'af46a958-b921-47b6-9f87-5c4fdc68ea79', 'usr_310');
INSERT INTO trabalho.log_acesso VALUES ('log_310_0', 'af46a958-b921-47b6-9f87-5c4fdc68ea79', 'usr_310');
INSERT INTO trabalho.usuario_esta_inscrito_no_podcast VALUES (5, 'c58b280a-56d4-4ad8-8c85-730e4ea86361', 'usr_310');
INSERT INTO trabalho.comentarios_podcast_usuario VALUES ('comment_310_1', 'Omnis repellendus dolorem accusamus aut consequuntur ut ea est.', 'c58b280a-56d4-4ad8-8c85-730e4ea86361', 'usr_310');
INSERT INTO trabalho.log_acesso VALUES ('log_310_1', 'c58b280a-56d4-4ad8-8c85-730e4ea86361', 'usr_310');
INSERT INTO trabalho.usuario_esta_inscrito_no_podcast VALUES (1, '67074e68-bc2f-442b-8af2-7d328b6af6eb', 'usr_310');
INSERT INTO trabalho.comentarios_podcast_usuario VALUES ('comment_310_2', 'Eaque quia quis rem blanditiis animi.', '67074e68-bc2f-442b-8af2-7d328b6af6eb', 'usr_310');
INSERT INTO trabalho.log_acesso VALUES ('log_310_2', '67074e68-bc2f-442b-8af2-7d328b6af6eb', 'usr_310');
INSERT INTO trabalho.usuario VALUES ('usr_311', '311_Daniel_Pereira@bol.com.br', 'Daniel Pereira', 'male', 14, 'password', 'Anguila');
INSERT INTO trabalho.usuario_esta_inscrito_no_podcast VALUES (2, 'de2f0ddb-9903-436a-a5e2-54224254c818', 'usr_311');
INSERT INTO trabalho.comentarios_podcast_usuario VALUES ('comment_311_0', 'Rem id omnis et quia expedita doloremque quaerat distinctio.', 'de2f0ddb-9903-436a-a5e2-54224254c818', 'usr_311');
INSERT INTO trabalho.log_acesso VALUES ('log_311_0', 'de2f0ddb-9903-436a-a5e2-54224254c818', 'usr_311');
INSERT INTO trabalho.usuario_esta_inscrito_no_podcast VALUES (3, 'f1b92ce7-47a7-43cd-8586-4a09185cdd05', 'usr_311');
INSERT INTO trabalho.comentarios_podcast_usuario VALUES ('comment_311_1', 'Quibusdam delectus doloremque pariatur minus eum iure exercitationem explicabo.', 'f1b92ce7-47a7-43cd-8586-4a09185cdd05', 'usr_311');
INSERT INTO trabalho.log_acesso VALUES ('log_311_1', 'f1b92ce7-47a7-43cd-8586-4a09185cdd05', 'usr_311');
INSERT INTO trabalho.usuario_esta_inscrito_no_podcast VALUES (5, '219328a1-cec6-4e8c-b003-52a3ec9766bb', 'usr_311');
INSERT INTO trabalho.comentarios_podcast_usuario VALUES ('comment_311_2', 'Officiis vel tenetur recusandae mollitia alias.', '219328a1-cec6-4e8c-b003-52a3ec9766bb', 'usr_311');
INSERT INTO trabalho.log_acesso VALUES ('log_311_2', '219328a1-cec6-4e8c-b003-52a3ec9766bb', 'usr_311');
INSERT INTO trabalho.usuario VALUES ('usr_312', '312_Gustavo50@bol.com.br', 'Gustavo Costa', 'male', 45, 'password', 'Coreia do Norte');
INSERT INTO trabalho.usuario_esta_inscrito_no_podcast VALUES (5, '5bdf7377-8330-4f9f-8efd-e95301c122ce', 'usr_312');
INSERT INTO trabalho.comentarios_podcast_usuario VALUES ('comment_312_0', 'Consequatur voluptatem deserunt animi.', '5bdf7377-8330-4f9f-8efd-e95301c122ce', 'usr_312');
INSERT INTO trabalho.log_acesso VALUES ('log_312_0', '5bdf7377-8330-4f9f-8efd-e95301c122ce', 'usr_312');
INSERT INTO trabalho.usuario_esta_inscrito_no_podcast VALUES (3, 'bc8dac25-793c-4a96-aafc-4ea7020f4f60', 'usr_312');
INSERT INTO trabalho.comentarios_podcast_usuario VALUES ('comment_312_1', 'Magni et possimus assumenda iste exercitationem maiores.', 'bc8dac25-793c-4a96-aafc-4ea7020f4f60', 'usr_312');
INSERT INTO trabalho.log_acesso VALUES ('log_312_1', 'bc8dac25-793c-4a96-aafc-4ea7020f4f60', 'usr_312');
INSERT INTO trabalho.usuario_esta_inscrito_no_podcast VALUES (4, '219328a1-cec6-4e8c-b003-52a3ec9766bb', 'usr_312');
INSERT INTO trabalho.comentarios_podcast_usuario VALUES ('comment_312_2', 'Non ad id id reprehenderit rerum rem sapiente veritatis.', '219328a1-cec6-4e8c-b003-52a3ec9766bb', 'usr_312');
INSERT INTO trabalho.log_acesso VALUES ('log_312_2', '219328a1-cec6-4e8c-b003-52a3ec9766bb', 'usr_312');
INSERT INTO trabalho.usuario VALUES ('usr_313', '313_Gustavo46@bol.com.br', 'Gustavo Martins', 'male', 4, 'password', 'Quiribati');
INSERT INTO trabalho.usuario_esta_inscrito_no_podcast VALUES (0, 'f8e13774-d631-4f34-93f0-2f5d55590265', 'usr_313');
INSERT INTO trabalho.comentarios_podcast_usuario VALUES ('comment_313_0', 'Quia temporibus laboriosam officia amet eveniet aut.', 'f8e13774-d631-4f34-93f0-2f5d55590265', 'usr_313');
INSERT INTO trabalho.log_acesso VALUES ('log_313_0', 'f8e13774-d631-4f34-93f0-2f5d55590265', 'usr_313');
INSERT INTO trabalho.usuario_esta_inscrito_no_podcast VALUES (3, '219328a1-cec6-4e8c-b003-52a3ec9766bb', 'usr_313');
INSERT INTO trabalho.comentarios_podcast_usuario VALUES ('comment_313_1', 'Sit et ut alias.', '219328a1-cec6-4e8c-b003-52a3ec9766bb', 'usr_313');
INSERT INTO trabalho.log_acesso VALUES ('log_313_1', '219328a1-cec6-4e8c-b003-52a3ec9766bb', 'usr_313');
INSERT INTO trabalho.usuario_esta_inscrito_no_podcast VALUES (2, 'f0166bd2-8e4d-4308-b5d7-0b3d627c5dc5', 'usr_313');
INSERT INTO trabalho.comentarios_podcast_usuario VALUES ('comment_313_2', 'Dolor magni doloremque animi possimus minus amet placeat dicta enim.', 'f0166bd2-8e4d-4308-b5d7-0b3d627c5dc5', 'usr_313');
INSERT INTO trabalho.log_acesso VALUES ('log_313_2', 'f0166bd2-8e4d-4308-b5d7-0b3d627c5dc5', 'usr_313');
INSERT INTO trabalho.usuario VALUES ('usr_314', '314_Klber_Franco67@gmail.com', 'Kléber Franco', 'male', 5, 'password', 'San Marino');
INSERT INTO trabalho.usuario_esta_inscrito_no_podcast VALUES (5, 'fa3abe16-3645-4d22-a01d-893e6f20c408', 'usr_314');
INSERT INTO trabalho.comentarios_podcast_usuario VALUES ('comment_314_0', 'Perferendis earum sequi rem aperiam sequi accusamus necessitatibus odit.', 'fa3abe16-3645-4d22-a01d-893e6f20c408', 'usr_314');
INSERT INTO trabalho.log_acesso VALUES ('log_314_0', 'fa3abe16-3645-4d22-a01d-893e6f20c408', 'usr_314');
INSERT INTO trabalho.usuario_esta_inscrito_no_podcast VALUES (3, 'de2f0ddb-9903-436a-a5e2-54224254c818', 'usr_314');
INSERT INTO trabalho.comentarios_podcast_usuario VALUES ('comment_314_1', 'Libero quo dolorum quod iste voluptatem harum qui.', 'de2f0ddb-9903-436a-a5e2-54224254c818', 'usr_314');
INSERT INTO trabalho.log_acesso VALUES ('log_314_1', 'de2f0ddb-9903-436a-a5e2-54224254c818', 'usr_314');
INSERT INTO trabalho.usuario_esta_inscrito_no_podcast VALUES (1, 'c58b280a-56d4-4ad8-8c85-730e4ea86361', 'usr_314');
INSERT INTO trabalho.comentarios_podcast_usuario VALUES ('comment_314_2', 'Eum ad magnam.', 'c58b280a-56d4-4ad8-8c85-730e4ea86361', 'usr_314');
INSERT INTO trabalho.log_acesso VALUES ('log_314_2', 'c58b280a-56d4-4ad8-8c85-730e4ea86361', 'usr_314');
INSERT INTO trabalho.usuario VALUES ('usr_315', '315_Paulo.Carvalho@bol.com.br', 'Paulo Carvalho', 'male', 20, 'password', 'Seicheles');
INSERT INTO trabalho.usuario_esta_inscrito_no_podcast VALUES (5, 'de2f0ddb-9903-436a-a5e2-54224254c818', 'usr_315');
INSERT INTO trabalho.comentarios_podcast_usuario VALUES ('comment_315_0', 'Vel temporibus ipsam qui error tenetur.', 'de2f0ddb-9903-436a-a5e2-54224254c818', 'usr_315');
INSERT INTO trabalho.log_acesso VALUES ('log_315_0', 'de2f0ddb-9903-436a-a5e2-54224254c818', 'usr_315');
INSERT INTO trabalho.usuario_esta_inscrito_no_podcast VALUES (1, 'c58b280a-56d4-4ad8-8c85-730e4ea86361', 'usr_315');
INSERT INTO trabalho.comentarios_podcast_usuario VALUES ('comment_315_1', 'Numquam maiores reiciendis est a non reiciendis sint.', 'c58b280a-56d4-4ad8-8c85-730e4ea86361', 'usr_315');
INSERT INTO trabalho.log_acesso VALUES ('log_315_1', 'c58b280a-56d4-4ad8-8c85-730e4ea86361', 'usr_315');
INSERT INTO trabalho.usuario_esta_inscrito_no_podcast VALUES (2, 'fa3abe16-3645-4d22-a01d-893e6f20c408', 'usr_315');
INSERT INTO trabalho.comentarios_podcast_usuario VALUES ('comment_315_2', 'Sed enim omnis.', 'fa3abe16-3645-4d22-a01d-893e6f20c408', 'usr_315');
INSERT INTO trabalho.log_acesso VALUES ('log_315_2', 'fa3abe16-3645-4d22-a01d-893e6f20c408', 'usr_315');
INSERT INTO trabalho.usuario VALUES ('usr_316', '316_Lucca73@yahoo.com', 'Lucca Pereira', 'male', 25, 'password', 'Quênia');
INSERT INTO trabalho.usuario_esta_inscrito_no_podcast VALUES (1, '219328a1-cec6-4e8c-b003-52a3ec9766bb', 'usr_316');
INSERT INTO trabalho.comentarios_podcast_usuario VALUES ('comment_316_0', 'Quaerat sed quia officia sed in consequatur voluptatum omnis.', '219328a1-cec6-4e8c-b003-52a3ec9766bb', 'usr_316');
INSERT INTO trabalho.log_acesso VALUES ('log_316_0', '219328a1-cec6-4e8c-b003-52a3ec9766bb', 'usr_316');
INSERT INTO trabalho.usuario_esta_inscrito_no_podcast VALUES (3, 'de2f0ddb-9903-436a-a5e2-54224254c818', 'usr_316');
INSERT INTO trabalho.comentarios_podcast_usuario VALUES ('comment_316_1', 'Accusamus voluptates exercitationem soluta sed beatae cum.', 'de2f0ddb-9903-436a-a5e2-54224254c818', 'usr_316');
INSERT INTO trabalho.log_acesso VALUES ('log_316_1', 'de2f0ddb-9903-436a-a5e2-54224254c818', 'usr_316');
INSERT INTO trabalho.usuario_esta_inscrito_no_podcast VALUES (2, 'f8e13774-d631-4f34-93f0-2f5d55590265', 'usr_316');
INSERT INTO trabalho.comentarios_podcast_usuario VALUES ('comment_316_2', 'Quia facilis iure nemo.', 'f8e13774-d631-4f34-93f0-2f5d55590265', 'usr_316');
INSERT INTO trabalho.log_acesso VALUES ('log_316_2', 'f8e13774-d631-4f34-93f0-2f5d55590265', 'usr_316');
INSERT INTO trabalho.usuario VALUES ('usr_317', '317_Lorenzo_Pereira54@live.com', 'Lorenzo Pereira', 'male', 49, 'password', 'Dinamarca');
INSERT INTO trabalho.usuario_esta_inscrito_no_podcast VALUES (2, 'f0166bd2-8e4d-4308-b5d7-0b3d627c5dc5', 'usr_317');
INSERT INTO trabalho.comentarios_podcast_usuario VALUES ('comment_317_0', 'Quia dignissimos vitae tenetur quidem.', 'f0166bd2-8e4d-4308-b5d7-0b3d627c5dc5', 'usr_317');
INSERT INTO trabalho.log_acesso VALUES ('log_317_0', 'f0166bd2-8e4d-4308-b5d7-0b3d627c5dc5', 'usr_317');
INSERT INTO trabalho.usuario_esta_inscrito_no_podcast VALUES (3, '67074e68-bc2f-442b-8af2-7d328b6af6eb', 'usr_317');
INSERT INTO trabalho.comentarios_podcast_usuario VALUES ('comment_317_1', 'Quidem quam provident error.', '67074e68-bc2f-442b-8af2-7d328b6af6eb', 'usr_317');
INSERT INTO trabalho.log_acesso VALUES ('log_317_1', '67074e68-bc2f-442b-8af2-7d328b6af6eb', 'usr_317');
INSERT INTO trabalho.usuario_esta_inscrito_no_podcast VALUES (0, 'bc8dac25-793c-4a96-aafc-4ea7020f4f60', 'usr_317');
INSERT INTO trabalho.comentarios_podcast_usuario VALUES ('comment_317_2', 'Et sunt praesentium provident eum quam eos.', 'bc8dac25-793c-4a96-aafc-4ea7020f4f60', 'usr_317');
INSERT INTO trabalho.log_acesso VALUES ('log_317_2', 'bc8dac25-793c-4a96-aafc-4ea7020f4f60', 'usr_317');
INSERT INTO trabalho.usuario VALUES ('usr_318', '318_gor21@gmail.com', 'Ígor Carvalho', 'male', 22, 'password', 'Chipre');
INSERT INTO trabalho.usuario_esta_inscrito_no_podcast VALUES (2, '168c1536-4c42-4b8f-8c77-f06affefec6a', 'usr_318');
INSERT INTO trabalho.comentarios_podcast_usuario VALUES ('comment_318_0', 'Ut modi itaque dolores architecto quis id non.', '168c1536-4c42-4b8f-8c77-f06affefec6a', 'usr_318');
INSERT INTO trabalho.log_acesso VALUES ('log_318_0', '168c1536-4c42-4b8f-8c77-f06affefec6a', 'usr_318');
INSERT INTO trabalho.usuario_esta_inscrito_no_podcast VALUES (3, 'c58b280a-56d4-4ad8-8c85-730e4ea86361', 'usr_318');
INSERT INTO trabalho.comentarios_podcast_usuario VALUES ('comment_318_1', 'Sit ut totam deleniti et explicabo.', 'c58b280a-56d4-4ad8-8c85-730e4ea86361', 'usr_318');
INSERT INTO trabalho.log_acesso VALUES ('log_318_1', 'c58b280a-56d4-4ad8-8c85-730e4ea86361', 'usr_318');
INSERT INTO trabalho.usuario_esta_inscrito_no_podcast VALUES (3, 'de2f0ddb-9903-436a-a5e2-54224254c818', 'usr_318');
INSERT INTO trabalho.comentarios_podcast_usuario VALUES ('comment_318_2', 'Provident dolor explicabo aut unde id vitae.', 'de2f0ddb-9903-436a-a5e2-54224254c818', 'usr_318');
INSERT INTO trabalho.log_acesso VALUES ('log_318_2', 'de2f0ddb-9903-436a-a5e2-54224254c818', 'usr_318');
INSERT INTO trabalho.usuario VALUES ('usr_319', '319_Calebe38@gmail.com', 'Calebe Moraes', 'male', 39, 'password', 'Taiwan');
INSERT INTO trabalho.usuario_esta_inscrito_no_podcast VALUES (2, 'de2f0ddb-9903-436a-a5e2-54224254c818', 'usr_319');
INSERT INTO trabalho.comentarios_podcast_usuario VALUES ('comment_319_0', 'Hic consequuntur aut inventore ut saepe sint doloribus facere non.', 'de2f0ddb-9903-436a-a5e2-54224254c818', 'usr_319');
INSERT INTO trabalho.log_acesso VALUES ('log_319_0', 'de2f0ddb-9903-436a-a5e2-54224254c818', 'usr_319');
INSERT INTO trabalho.usuario_esta_inscrito_no_podcast VALUES (3, 'bc8dac25-793c-4a96-aafc-4ea7020f4f60', 'usr_319');
INSERT INTO trabalho.comentarios_podcast_usuario VALUES ('comment_319_1', 'Quam ut aut debitis.', 'bc8dac25-793c-4a96-aafc-4ea7020f4f60', 'usr_319');
INSERT INTO trabalho.log_acesso VALUES ('log_319_1', 'bc8dac25-793c-4a96-aafc-4ea7020f4f60', 'usr_319');
INSERT INTO trabalho.usuario_esta_inscrito_no_podcast VALUES (2, '5bdf7377-8330-4f9f-8efd-e95301c122ce', 'usr_319');
INSERT INTO trabalho.comentarios_podcast_usuario VALUES ('comment_319_2', 'Hic quos odit aut.', '5bdf7377-8330-4f9f-8efd-e95301c122ce', 'usr_319');
INSERT INTO trabalho.log_acesso VALUES ('log_319_2', '5bdf7377-8330-4f9f-8efd-e95301c122ce', 'usr_319');
INSERT INTO trabalho.usuario VALUES ('usr_320', '320_Antonella38@hotmail.com', 'Antonella Saraiva', 'female', 33, 'password', 'Tanzânia');
INSERT INTO trabalho.usuario_esta_inscrito_no_podcast VALUES (3, 'c58b280a-56d4-4ad8-8c85-730e4ea86361', 'usr_320');
INSERT INTO trabalho.comentarios_podcast_usuario VALUES ('comment_320_0', 'Facilis aut architecto deleniti aut et esse ut aut ex.', 'c58b280a-56d4-4ad8-8c85-730e4ea86361', 'usr_320');
INSERT INTO trabalho.log_acesso VALUES ('log_320_0', 'c58b280a-56d4-4ad8-8c85-730e4ea86361', 'usr_320');
INSERT INTO trabalho.usuario_esta_inscrito_no_podcast VALUES (4, '168c1536-4c42-4b8f-8c77-f06affefec6a', 'usr_320');
INSERT INTO trabalho.comentarios_podcast_usuario VALUES ('comment_320_1', 'Dolor nam consequatur iste sed provident.', '168c1536-4c42-4b8f-8c77-f06affefec6a', 'usr_320');
INSERT INTO trabalho.log_acesso VALUES ('log_320_1', '168c1536-4c42-4b8f-8c77-f06affefec6a', 'usr_320');
INSERT INTO trabalho.usuario_esta_inscrito_no_podcast VALUES (4, 'f0166bd2-8e4d-4308-b5d7-0b3d627c5dc5', 'usr_320');
INSERT INTO trabalho.comentarios_podcast_usuario VALUES ('comment_320_2', 'Nostrum voluptates autem.', 'f0166bd2-8e4d-4308-b5d7-0b3d627c5dc5', 'usr_320');
INSERT INTO trabalho.log_acesso VALUES ('log_320_2', 'f0166bd2-8e4d-4308-b5d7-0b3d627c5dc5', 'usr_320');
INSERT INTO trabalho.usuario VALUES ('usr_321', '321_Bencio.Moraes@bol.com.br', 'Benício Moraes', 'male', 3, 'password', 'Camboja');
INSERT INTO trabalho.usuario_esta_inscrito_no_podcast VALUES (2, '5bdf7377-8330-4f9f-8efd-e95301c122ce', 'usr_321');
INSERT INTO trabalho.comentarios_podcast_usuario VALUES ('comment_321_0', 'Veniam commodi aliquid.', '5bdf7377-8330-4f9f-8efd-e95301c122ce', 'usr_321');
INSERT INTO trabalho.log_acesso VALUES ('log_321_0', '5bdf7377-8330-4f9f-8efd-e95301c122ce', 'usr_321');
INSERT INTO trabalho.usuario_esta_inscrito_no_podcast VALUES (2, 'de2f0ddb-9903-436a-a5e2-54224254c818', 'usr_321');
INSERT INTO trabalho.comentarios_podcast_usuario VALUES ('comment_321_1', 'Adipisci reprehenderit dolore error et.', 'de2f0ddb-9903-436a-a5e2-54224254c818', 'usr_321');
INSERT INTO trabalho.log_acesso VALUES ('log_321_1', 'de2f0ddb-9903-436a-a5e2-54224254c818', 'usr_321');
INSERT INTO trabalho.usuario_esta_inscrito_no_podcast VALUES (1, 'f8e13774-d631-4f34-93f0-2f5d55590265', 'usr_321');
INSERT INTO trabalho.comentarios_podcast_usuario VALUES ('comment_321_2', 'Qui qui ipsa sint.', 'f8e13774-d631-4f34-93f0-2f5d55590265', 'usr_321');
INSERT INTO trabalho.log_acesso VALUES ('log_321_2', 'f8e13774-d631-4f34-93f0-2f5d55590265', 'usr_321');
INSERT INTO trabalho.usuario VALUES ('usr_322', '322_Jlia_Moreira13@bol.com.br', 'Júlia Moreira', 'female', 39, 'password', 'Ilha Bouvet');
INSERT INTO trabalho.usuario_esta_inscrito_no_podcast VALUES (3, '67074e68-bc2f-442b-8af2-7d328b6af6eb', 'usr_322');
INSERT INTO trabalho.comentarios_podcast_usuario VALUES ('comment_322_0', 'Et enim non in et asperiores consectetur.', '67074e68-bc2f-442b-8af2-7d328b6af6eb', 'usr_322');
INSERT INTO trabalho.log_acesso VALUES ('log_322_0', '67074e68-bc2f-442b-8af2-7d328b6af6eb', 'usr_322');
INSERT INTO trabalho.usuario_esta_inscrito_no_podcast VALUES (3, 'bc8dac25-793c-4a96-aafc-4ea7020f4f60', 'usr_322');
INSERT INTO trabalho.comentarios_podcast_usuario VALUES ('comment_322_1', 'Corrupti aspernatur iure laborum officia.', 'bc8dac25-793c-4a96-aafc-4ea7020f4f60', 'usr_322');
INSERT INTO trabalho.log_acesso VALUES ('log_322_1', 'bc8dac25-793c-4a96-aafc-4ea7020f4f60', 'usr_322');
INSERT INTO trabalho.usuario_esta_inscrito_no_podcast VALUES (2, 'f8e13774-d631-4f34-93f0-2f5d55590265', 'usr_322');
INSERT INTO trabalho.comentarios_podcast_usuario VALUES ('comment_322_2', 'Qui minima est ea neque voluptatem molestiae vitae sapiente voluptatum.', 'f8e13774-d631-4f34-93f0-2f5d55590265', 'usr_322');
INSERT INTO trabalho.log_acesso VALUES ('log_322_2', 'f8e13774-d631-4f34-93f0-2f5d55590265', 'usr_322');
INSERT INTO trabalho.usuario VALUES ('usr_323', '323_Miguel.Saraiva@live.com', 'Miguel Saraiva', 'male', 8, 'password', 'Marrocos');
INSERT INTO trabalho.usuario_esta_inscrito_no_podcast VALUES (0, '5bdf7377-8330-4f9f-8efd-e95301c122ce', 'usr_323');
INSERT INTO trabalho.comentarios_podcast_usuario VALUES ('comment_323_0', 'Repellat aperiam vel sit quidem natus et nobis consequatur.', '5bdf7377-8330-4f9f-8efd-e95301c122ce', 'usr_323');
INSERT INTO trabalho.log_acesso VALUES ('log_323_0', '5bdf7377-8330-4f9f-8efd-e95301c122ce', 'usr_323');
INSERT INTO trabalho.usuario_esta_inscrito_no_podcast VALUES (2, '7e429e8e-7669-403d-bb78-3cd7f9f75afd', 'usr_323');
INSERT INTO trabalho.comentarios_podcast_usuario VALUES ('comment_323_1', 'Ullam voluptatem qui.', '7e429e8e-7669-403d-bb78-3cd7f9f75afd', 'usr_323');
INSERT INTO trabalho.log_acesso VALUES ('log_323_1', '7e429e8e-7669-403d-bb78-3cd7f9f75afd', 'usr_323');
INSERT INTO trabalho.usuario_esta_inscrito_no_podcast VALUES (4, 'b553d865-8fe2-47de-9a30-10e1dea3bd1d', 'usr_323');
INSERT INTO trabalho.comentarios_podcast_usuario VALUES ('comment_323_2', 'Blanditiis non et labore.', 'b553d865-8fe2-47de-9a30-10e1dea3bd1d', 'usr_323');
INSERT INTO trabalho.log_acesso VALUES ('log_323_2', 'b553d865-8fe2-47de-9a30-10e1dea3bd1d', 'usr_323');
INSERT INTO trabalho.usuario VALUES ('usr_324', '324_Tertuliano.Saraiva8@gmail.com', 'Tertuliano Saraiva', 'male', 25, 'password', 'São Pedro e Miquelão');
INSERT INTO trabalho.usuario_esta_inscrito_no_podcast VALUES (4, '168c1536-4c42-4b8f-8c77-f06affefec6a', 'usr_324');
INSERT INTO trabalho.comentarios_podcast_usuario VALUES ('comment_324_0', 'Tenetur magni et culpa.', '168c1536-4c42-4b8f-8c77-f06affefec6a', 'usr_324');
INSERT INTO trabalho.log_acesso VALUES ('log_324_0', '168c1536-4c42-4b8f-8c77-f06affefec6a', 'usr_324');
INSERT INTO trabalho.usuario_esta_inscrito_no_podcast VALUES (2, '5bdf7377-8330-4f9f-8efd-e95301c122ce', 'usr_324');
INSERT INTO trabalho.comentarios_podcast_usuario VALUES ('comment_324_1', 'Et nostrum rem quia.', '5bdf7377-8330-4f9f-8efd-e95301c122ce', 'usr_324');
INSERT INTO trabalho.log_acesso VALUES ('log_324_1', '5bdf7377-8330-4f9f-8efd-e95301c122ce', 'usr_324');
INSERT INTO trabalho.usuario_esta_inscrito_no_podcast VALUES (4, '219328a1-cec6-4e8c-b003-52a3ec9766bb', 'usr_324');
INSERT INTO trabalho.comentarios_podcast_usuario VALUES ('comment_324_2', 'Aspernatur ipsa excepturi quia nobis ea.', '219328a1-cec6-4e8c-b003-52a3ec9766bb', 'usr_324');
INSERT INTO trabalho.log_acesso VALUES ('log_324_2', '219328a1-cec6-4e8c-b003-52a3ec9766bb', 'usr_324');
INSERT INTO trabalho.usuario VALUES ('usr_325', '325_Bernardo_Albuquerque96@yahoo.com', 'Bernardo Albuquerque', 'male', 8, 'password', 'Grécia');
INSERT INTO trabalho.usuario_esta_inscrito_no_podcast VALUES (2, '5bdf7377-8330-4f9f-8efd-e95301c122ce', 'usr_325');
INSERT INTO trabalho.comentarios_podcast_usuario VALUES ('comment_325_0', 'Totam nobis ut vel fuga sed quibusdam.', '5bdf7377-8330-4f9f-8efd-e95301c122ce', 'usr_325');
INSERT INTO trabalho.log_acesso VALUES ('log_325_0', '5bdf7377-8330-4f9f-8efd-e95301c122ce', 'usr_325');
INSERT INTO trabalho.usuario_esta_inscrito_no_podcast VALUES (1, '219328a1-cec6-4e8c-b003-52a3ec9766bb', 'usr_325');
INSERT INTO trabalho.comentarios_podcast_usuario VALUES ('comment_325_1', 'Dolor ullam porro rerum recusandae id.', '219328a1-cec6-4e8c-b003-52a3ec9766bb', 'usr_325');
INSERT INTO trabalho.log_acesso VALUES ('log_325_1', '219328a1-cec6-4e8c-b003-52a3ec9766bb', 'usr_325');
INSERT INTO trabalho.usuario_esta_inscrito_no_podcast VALUES (4, 'f0166bd2-8e4d-4308-b5d7-0b3d627c5dc5', 'usr_325');
INSERT INTO trabalho.comentarios_podcast_usuario VALUES ('comment_325_2', 'Consequatur deleniti aut repellendus in error sequi quo libero autem.', 'f0166bd2-8e4d-4308-b5d7-0b3d627c5dc5', 'usr_325');
INSERT INTO trabalho.log_acesso VALUES ('log_325_2', 'f0166bd2-8e4d-4308-b5d7-0b3d627c5dc5', 'usr_325');
INSERT INTO trabalho.usuario VALUES ('usr_326', '326_Aline71@gmail.com', 'Aline Moraes', 'female', 40, 'password', 'Grécia');
INSERT INTO trabalho.usuario_esta_inscrito_no_podcast VALUES (5, 'f0166bd2-8e4d-4308-b5d7-0b3d627c5dc5', 'usr_326');
INSERT INTO trabalho.comentarios_podcast_usuario VALUES ('comment_326_0', 'Ut est illum sint veniam iste in culpa.', 'f0166bd2-8e4d-4308-b5d7-0b3d627c5dc5', 'usr_326');
INSERT INTO trabalho.log_acesso VALUES ('log_326_0', 'f0166bd2-8e4d-4308-b5d7-0b3d627c5dc5', 'usr_326');
INSERT INTO trabalho.usuario_esta_inscrito_no_podcast VALUES (5, 'f8e13774-d631-4f34-93f0-2f5d55590265', 'usr_326');
INSERT INTO trabalho.comentarios_podcast_usuario VALUES ('comment_326_1', 'Minus ea consequatur alias necessitatibus.', 'f8e13774-d631-4f34-93f0-2f5d55590265', 'usr_326');
INSERT INTO trabalho.log_acesso VALUES ('log_326_1', 'f8e13774-d631-4f34-93f0-2f5d55590265', 'usr_326');
INSERT INTO trabalho.usuario_esta_inscrito_no_podcast VALUES (5, '168c1536-4c42-4b8f-8c77-f06affefec6a', 'usr_326');
INSERT INTO trabalho.comentarios_podcast_usuario VALUES ('comment_326_2', 'Eos quo fugit quos assumenda dolor vitae rem ducimus.', '168c1536-4c42-4b8f-8c77-f06affefec6a', 'usr_326');
INSERT INTO trabalho.log_acesso VALUES ('log_326_2', '168c1536-4c42-4b8f-8c77-f06affefec6a', 'usr_326');
INSERT INTO trabalho.usuario VALUES ('usr_327', '327_Isaac_Moreira@hotmail.com', 'Isaac Moreira', 'male', 46, 'password', 'Maiote');
INSERT INTO trabalho.usuario_esta_inscrito_no_podcast VALUES (0, 'f8e13774-d631-4f34-93f0-2f5d55590265', 'usr_327');
INSERT INTO trabalho.comentarios_podcast_usuario VALUES ('comment_327_0', 'Qui id eligendi ipsum consequatur eveniet sunt nisi animi eos.', 'f8e13774-d631-4f34-93f0-2f5d55590265', 'usr_327');
INSERT INTO trabalho.log_acesso VALUES ('log_327_0', 'f8e13774-d631-4f34-93f0-2f5d55590265', 'usr_327');
INSERT INTO trabalho.usuario_esta_inscrito_no_podcast VALUES (3, '168c1536-4c42-4b8f-8c77-f06affefec6a', 'usr_327');
INSERT INTO trabalho.comentarios_podcast_usuario VALUES ('comment_327_1', 'Aut maxime molestiae nulla quo est ad aut.', '168c1536-4c42-4b8f-8c77-f06affefec6a', 'usr_327');
INSERT INTO trabalho.log_acesso VALUES ('log_327_1', '168c1536-4c42-4b8f-8c77-f06affefec6a', 'usr_327');
INSERT INTO trabalho.usuario_esta_inscrito_no_podcast VALUES (0, 'f1b92ce7-47a7-43cd-8586-4a09185cdd05', 'usr_327');
INSERT INTO trabalho.comentarios_podcast_usuario VALUES ('comment_327_2', 'Quia iusto eius ut minus natus eos repellendus.', 'f1b92ce7-47a7-43cd-8586-4a09185cdd05', 'usr_327');
INSERT INTO trabalho.log_acesso VALUES ('log_327_2', 'f1b92ce7-47a7-43cd-8586-4a09185cdd05', 'usr_327');
INSERT INTO trabalho.usuario VALUES ('usr_328', '328_Gael_Albuquerque@live.com', 'Gael Albuquerque', 'male', 19, 'password', 'Maiote');
INSERT INTO trabalho.usuario_esta_inscrito_no_podcast VALUES (1, 'f1b92ce7-47a7-43cd-8586-4a09185cdd05', 'usr_328');
INSERT INTO trabalho.comentarios_podcast_usuario VALUES ('comment_328_0', 'Rerum aut sunt autem expedita sapiente quia enim impedit harum.', 'f1b92ce7-47a7-43cd-8586-4a09185cdd05', 'usr_328');
INSERT INTO trabalho.log_acesso VALUES ('log_328_0', 'f1b92ce7-47a7-43cd-8586-4a09185cdd05', 'usr_328');
INSERT INTO trabalho.usuario_esta_inscrito_no_podcast VALUES (4, 'b553d865-8fe2-47de-9a30-10e1dea3bd1d', 'usr_328');
INSERT INTO trabalho.comentarios_podcast_usuario VALUES ('comment_328_1', 'Doloribus adipisci ipsam explicabo sed earum rem cum dolores.', 'b553d865-8fe2-47de-9a30-10e1dea3bd1d', 'usr_328');
INSERT INTO trabalho.log_acesso VALUES ('log_328_1', 'b553d865-8fe2-47de-9a30-10e1dea3bd1d', 'usr_328');
INSERT INTO trabalho.usuario_esta_inscrito_no_podcast VALUES (0, '219328a1-cec6-4e8c-b003-52a3ec9766bb', 'usr_328');
INSERT INTO trabalho.comentarios_podcast_usuario VALUES ('comment_328_2', 'Necessitatibus accusantium atque doloremque vel.', '219328a1-cec6-4e8c-b003-52a3ec9766bb', 'usr_328');
INSERT INTO trabalho.log_acesso VALUES ('log_328_2', '219328a1-cec6-4e8c-b003-52a3ec9766bb', 'usr_328');
INSERT INTO trabalho.usuario VALUES ('usr_329', '329_Felcia_Braga@bol.com.br', 'Felícia Braga', 'female', 13, 'password', 'Polinésia Francesa');
INSERT INTO trabalho.usuario_esta_inscrito_no_podcast VALUES (1, 'b553d865-8fe2-47de-9a30-10e1dea3bd1d', 'usr_329');
INSERT INTO trabalho.comentarios_podcast_usuario VALUES ('comment_329_0', 'Id in et ipsam debitis ipsa.', 'b553d865-8fe2-47de-9a30-10e1dea3bd1d', 'usr_329');
INSERT INTO trabalho.log_acesso VALUES ('log_329_0', 'b553d865-8fe2-47de-9a30-10e1dea3bd1d', 'usr_329');
INSERT INTO trabalho.usuario_esta_inscrito_no_podcast VALUES (5, 'bc8dac25-793c-4a96-aafc-4ea7020f4f60', 'usr_329');
INSERT INTO trabalho.comentarios_podcast_usuario VALUES ('comment_329_1', 'Consequatur quasi quibusdam in dolorem.', 'bc8dac25-793c-4a96-aafc-4ea7020f4f60', 'usr_329');
INSERT INTO trabalho.log_acesso VALUES ('log_329_1', 'bc8dac25-793c-4a96-aafc-4ea7020f4f60', 'usr_329');
INSERT INTO trabalho.usuario_esta_inscrito_no_podcast VALUES (3, '7e429e8e-7669-403d-bb78-3cd7f9f75afd', 'usr_329');
INSERT INTO trabalho.comentarios_podcast_usuario VALUES ('comment_329_2', 'Et eius officia nam esse est voluptates praesentium ullam sed.', '7e429e8e-7669-403d-bb78-3cd7f9f75afd', 'usr_329');
INSERT INTO trabalho.log_acesso VALUES ('log_329_2', '7e429e8e-7669-403d-bb78-3cd7f9f75afd', 'usr_329');
INSERT INTO trabalho.usuario VALUES ('usr_330', '330_Jlio.Oliveira58@yahoo.com', 'Júlio Oliveira', 'male', 28, 'password', 'Andorra');
INSERT INTO trabalho.usuario_esta_inscrito_no_podcast VALUES (4, 'f8e13774-d631-4f34-93f0-2f5d55590265', 'usr_330');
INSERT INTO trabalho.comentarios_podcast_usuario VALUES ('comment_330_0', 'Accusamus inventore voluptas.', 'f8e13774-d631-4f34-93f0-2f5d55590265', 'usr_330');
INSERT INTO trabalho.log_acesso VALUES ('log_330_0', 'f8e13774-d631-4f34-93f0-2f5d55590265', 'usr_330');
INSERT INTO trabalho.usuario_esta_inscrito_no_podcast VALUES (5, 'af46a958-b921-47b6-9f87-5c4fdc68ea79', 'usr_330');
INSERT INTO trabalho.comentarios_podcast_usuario VALUES ('comment_330_1', 'Molestias voluptas esse unde voluptatem accusantium.', 'af46a958-b921-47b6-9f87-5c4fdc68ea79', 'usr_330');
INSERT INTO trabalho.log_acesso VALUES ('log_330_1', 'af46a958-b921-47b6-9f87-5c4fdc68ea79', 'usr_330');
INSERT INTO trabalho.usuario_esta_inscrito_no_podcast VALUES (3, 'f1b92ce7-47a7-43cd-8586-4a09185cdd05', 'usr_330');
INSERT INTO trabalho.comentarios_podcast_usuario VALUES ('comment_330_2', 'Non deleniti autem vitae hic et odio non et nulla.', 'f1b92ce7-47a7-43cd-8586-4a09185cdd05', 'usr_330');
INSERT INTO trabalho.log_acesso VALUES ('log_330_2', 'f1b92ce7-47a7-43cd-8586-4a09185cdd05', 'usr_330');
INSERT INTO trabalho.usuario VALUES ('usr_331', '331_Fabrcia55@bol.com.br', 'Fabrícia Saraiva', 'female', 15, 'password', 'Filipinas');
INSERT INTO trabalho.usuario_esta_inscrito_no_podcast VALUES (3, '219328a1-cec6-4e8c-b003-52a3ec9766bb', 'usr_331');
INSERT INTO trabalho.comentarios_podcast_usuario VALUES ('comment_331_0', 'Reprehenderit eos aut deserunt.', '219328a1-cec6-4e8c-b003-52a3ec9766bb', 'usr_331');
INSERT INTO trabalho.log_acesso VALUES ('log_331_0', '219328a1-cec6-4e8c-b003-52a3ec9766bb', 'usr_331');
INSERT INTO trabalho.usuario_esta_inscrito_no_podcast VALUES (4, 'f1b92ce7-47a7-43cd-8586-4a09185cdd05', 'usr_331');
INSERT INTO trabalho.comentarios_podcast_usuario VALUES ('comment_331_1', 'Temporibus enim ducimus nemo ex aut.', 'f1b92ce7-47a7-43cd-8586-4a09185cdd05', 'usr_331');
INSERT INTO trabalho.log_acesso VALUES ('log_331_1', 'f1b92ce7-47a7-43cd-8586-4a09185cdd05', 'usr_331');
INSERT INTO trabalho.usuario_esta_inscrito_no_podcast VALUES (5, 'f8e13774-d631-4f34-93f0-2f5d55590265', 'usr_331');
INSERT INTO trabalho.comentarios_podcast_usuario VALUES ('comment_331_2', 'Placeat aliquam velit repellat.', 'f8e13774-d631-4f34-93f0-2f5d55590265', 'usr_331');
INSERT INTO trabalho.log_acesso VALUES ('log_331_2', 'f8e13774-d631-4f34-93f0-2f5d55590265', 'usr_331');
INSERT INTO trabalho.usuario VALUES ('usr_332', '332_Paulo_Braga@bol.com.br', 'Paulo Braga', 'male', 44, 'password', 'Guatemala');
INSERT INTO trabalho.usuario_esta_inscrito_no_podcast VALUES (4, 'f1b92ce7-47a7-43cd-8586-4a09185cdd05', 'usr_332');
INSERT INTO trabalho.comentarios_podcast_usuario VALUES ('comment_332_0', 'Modi vero et ipsum.', 'f1b92ce7-47a7-43cd-8586-4a09185cdd05', 'usr_332');
INSERT INTO trabalho.log_acesso VALUES ('log_332_0', 'f1b92ce7-47a7-43cd-8586-4a09185cdd05', 'usr_332');
INSERT INTO trabalho.usuario_esta_inscrito_no_podcast VALUES (5, '67074e68-bc2f-442b-8af2-7d328b6af6eb', 'usr_332');
INSERT INTO trabalho.comentarios_podcast_usuario VALUES ('comment_332_1', 'Est et quam ullam incidunt.', '67074e68-bc2f-442b-8af2-7d328b6af6eb', 'usr_332');
INSERT INTO trabalho.log_acesso VALUES ('log_332_1', '67074e68-bc2f-442b-8af2-7d328b6af6eb', 'usr_332');
INSERT INTO trabalho.usuario_esta_inscrito_no_podcast VALUES (1, 'af46a958-b921-47b6-9f87-5c4fdc68ea79', 'usr_332');
INSERT INTO trabalho.comentarios_podcast_usuario VALUES ('comment_332_2', 'Dolorem veritatis sit et.', 'af46a958-b921-47b6-9f87-5c4fdc68ea79', 'usr_332');
INSERT INTO trabalho.log_acesso VALUES ('log_332_2', 'af46a958-b921-47b6-9f87-5c4fdc68ea79', 'usr_332');
INSERT INTO trabalho.usuario VALUES ('usr_333', '333_Davi53@gmail.com', 'Davi Pereira', 'male', 24, 'password', 'Aruba');
INSERT INTO trabalho.usuario_esta_inscrito_no_podcast VALUES (3, 'fa3abe16-3645-4d22-a01d-893e6f20c408', 'usr_333');
INSERT INTO trabalho.comentarios_podcast_usuario VALUES ('comment_333_0', 'Voluptate reprehenderit aut aperiam.', 'fa3abe16-3645-4d22-a01d-893e6f20c408', 'usr_333');
INSERT INTO trabalho.log_acesso VALUES ('log_333_0', 'fa3abe16-3645-4d22-a01d-893e6f20c408', 'usr_333');
INSERT INTO trabalho.usuario_esta_inscrito_no_podcast VALUES (2, 'bc8dac25-793c-4a96-aafc-4ea7020f4f60', 'usr_333');
INSERT INTO trabalho.comentarios_podcast_usuario VALUES ('comment_333_1', 'Labore dolorem eveniet impedit ad et.', 'bc8dac25-793c-4a96-aafc-4ea7020f4f60', 'usr_333');
INSERT INTO trabalho.log_acesso VALUES ('log_333_1', 'bc8dac25-793c-4a96-aafc-4ea7020f4f60', 'usr_333');
INSERT INTO trabalho.usuario_esta_inscrito_no_podcast VALUES (3, 'de2f0ddb-9903-436a-a5e2-54224254c818', 'usr_333');
INSERT INTO trabalho.comentarios_podcast_usuario VALUES ('comment_333_2', 'Esse odit sit at aspernatur qui ipsa temporibus qui.', 'de2f0ddb-9903-436a-a5e2-54224254c818', 'usr_333');
INSERT INTO trabalho.log_acesso VALUES ('log_333_2', 'de2f0ddb-9903-436a-a5e2-54224254c818', 'usr_333');
INSERT INTO trabalho.usuario VALUES ('usr_334', '334_Henrique_Barros@hotmail.com', 'Henrique Barros', 'male', 60, 'password', 'Gana');
INSERT INTO trabalho.usuario_esta_inscrito_no_podcast VALUES (4, 'af46a958-b921-47b6-9f87-5c4fdc68ea79', 'usr_334');
INSERT INTO trabalho.comentarios_podcast_usuario VALUES ('comment_334_0', 'Fugiat ullam sapiente culpa dolorem.', 'af46a958-b921-47b6-9f87-5c4fdc68ea79', 'usr_334');
INSERT INTO trabalho.log_acesso VALUES ('log_334_0', 'af46a958-b921-47b6-9f87-5c4fdc68ea79', 'usr_334');
INSERT INTO trabalho.usuario_esta_inscrito_no_podcast VALUES (0, 'b553d865-8fe2-47de-9a30-10e1dea3bd1d', 'usr_334');
INSERT INTO trabalho.comentarios_podcast_usuario VALUES ('comment_334_1', 'Ratione aspernatur recusandae reprehenderit voluptatem amet.', 'b553d865-8fe2-47de-9a30-10e1dea3bd1d', 'usr_334');
INSERT INTO trabalho.log_acesso VALUES ('log_334_1', 'b553d865-8fe2-47de-9a30-10e1dea3bd1d', 'usr_334');
INSERT INTO trabalho.usuario_esta_inscrito_no_podcast VALUES (3, 'de2f0ddb-9903-436a-a5e2-54224254c818', 'usr_334');
INSERT INTO trabalho.comentarios_podcast_usuario VALUES ('comment_334_2', 'Ipsa voluptatem nulla debitis.', 'de2f0ddb-9903-436a-a5e2-54224254c818', 'usr_334');
INSERT INTO trabalho.log_acesso VALUES ('log_334_2', 'de2f0ddb-9903-436a-a5e2-54224254c818', 'usr_334');
INSERT INTO trabalho.usuario VALUES ('usr_335', '335_Alcia_Braga89@live.com', 'Alícia Braga', 'female', 49, 'password', 'Groelândia');
INSERT INTO trabalho.usuario_esta_inscrito_no_podcast VALUES (5, 'f8e13774-d631-4f34-93f0-2f5d55590265', 'usr_335');
INSERT INTO trabalho.comentarios_podcast_usuario VALUES ('comment_335_0', 'Et amet est repudiandae aut et.', 'f8e13774-d631-4f34-93f0-2f5d55590265', 'usr_335');
INSERT INTO trabalho.log_acesso VALUES ('log_335_0', 'f8e13774-d631-4f34-93f0-2f5d55590265', 'usr_335');
INSERT INTO trabalho.usuario_esta_inscrito_no_podcast VALUES (4, '7e429e8e-7669-403d-bb78-3cd7f9f75afd', 'usr_335');
INSERT INTO trabalho.comentarios_podcast_usuario VALUES ('comment_335_1', 'Quibusdam quidem qui et occaecati nobis.', '7e429e8e-7669-403d-bb78-3cd7f9f75afd', 'usr_335');
INSERT INTO trabalho.log_acesso VALUES ('log_335_1', '7e429e8e-7669-403d-bb78-3cd7f9f75afd', 'usr_335');
INSERT INTO trabalho.usuario_esta_inscrito_no_podcast VALUES (1, 'fa3abe16-3645-4d22-a01d-893e6f20c408', 'usr_335');
INSERT INTO trabalho.comentarios_podcast_usuario VALUES ('comment_335_2', 'Voluptatem ipsum quaerat quibusdam accusantium temporibus.', 'fa3abe16-3645-4d22-a01d-893e6f20c408', 'usr_335');
INSERT INTO trabalho.log_acesso VALUES ('log_335_2', 'fa3abe16-3645-4d22-a01d-893e6f20c408', 'usr_335');
INSERT INTO trabalho.usuario VALUES ('usr_336', '336_Yuri_Macedo17@hotmail.com', 'Yuri Macedo', 'male', 20, 'password', 'Palau');
INSERT INTO trabalho.usuario_esta_inscrito_no_podcast VALUES (3, '168c1536-4c42-4b8f-8c77-f06affefec6a', 'usr_336');
INSERT INTO trabalho.comentarios_podcast_usuario VALUES ('comment_336_0', 'Et et nobis porro.', '168c1536-4c42-4b8f-8c77-f06affefec6a', 'usr_336');
INSERT INTO trabalho.log_acesso VALUES ('log_336_0', '168c1536-4c42-4b8f-8c77-f06affefec6a', 'usr_336');
INSERT INTO trabalho.usuario_esta_inscrito_no_podcast VALUES (5, 'de2f0ddb-9903-436a-a5e2-54224254c818', 'usr_336');
INSERT INTO trabalho.comentarios_podcast_usuario VALUES ('comment_336_1', 'Eveniet voluptatibus laboriosam ad quis eos ut omnis.', 'de2f0ddb-9903-436a-a5e2-54224254c818', 'usr_336');
INSERT INTO trabalho.log_acesso VALUES ('log_336_1', 'de2f0ddb-9903-436a-a5e2-54224254c818', 'usr_336');
INSERT INTO trabalho.usuario_esta_inscrito_no_podcast VALUES (1, '5bdf7377-8330-4f9f-8efd-e95301c122ce', 'usr_336');
INSERT INTO trabalho.comentarios_podcast_usuario VALUES ('comment_336_2', 'Dolor sit nobis sit repellendus.', '5bdf7377-8330-4f9f-8efd-e95301c122ce', 'usr_336');
INSERT INTO trabalho.log_acesso VALUES ('log_336_2', '5bdf7377-8330-4f9f-8efd-e95301c122ce', 'usr_336');
INSERT INTO trabalho.usuario VALUES ('usr_337', '337_Mariana38@yahoo.com', 'Mariana Moreira', 'female', 53, 'password', 'Ilhas Caiman');
INSERT INTO trabalho.usuario_esta_inscrito_no_podcast VALUES (1, 'de2f0ddb-9903-436a-a5e2-54224254c818', 'usr_337');
INSERT INTO trabalho.comentarios_podcast_usuario VALUES ('comment_337_0', 'Aut animi esse.', 'de2f0ddb-9903-436a-a5e2-54224254c818', 'usr_337');
INSERT INTO trabalho.log_acesso VALUES ('log_337_0', 'de2f0ddb-9903-436a-a5e2-54224254c818', 'usr_337');
INSERT INTO trabalho.usuario_esta_inscrito_no_podcast VALUES (5, '5bdf7377-8330-4f9f-8efd-e95301c122ce', 'usr_337');
INSERT INTO trabalho.comentarios_podcast_usuario VALUES ('comment_337_1', 'Ut consequatur et atque consequatur quia ducimus.', '5bdf7377-8330-4f9f-8efd-e95301c122ce', 'usr_337');
INSERT INTO trabalho.log_acesso VALUES ('log_337_1', '5bdf7377-8330-4f9f-8efd-e95301c122ce', 'usr_337');
INSERT INTO trabalho.usuario_esta_inscrito_no_podcast VALUES (3, 'c58b280a-56d4-4ad8-8c85-730e4ea86361', 'usr_337');
INSERT INTO trabalho.comentarios_podcast_usuario VALUES ('comment_337_2', 'Sint est pariatur ratione.', 'c58b280a-56d4-4ad8-8c85-730e4ea86361', 'usr_337');
INSERT INTO trabalho.log_acesso VALUES ('log_337_2', 'c58b280a-56d4-4ad8-8c85-730e4ea86361', 'usr_337');
INSERT INTO trabalho.usuario VALUES ('usr_338', '338_Vitor80@gmail.com', 'Vitor Martins', 'male', 46, 'password', 'Costa Rica');
INSERT INTO trabalho.usuario_esta_inscrito_no_podcast VALUES (0, '5bdf7377-8330-4f9f-8efd-e95301c122ce', 'usr_338');
INSERT INTO trabalho.comentarios_podcast_usuario VALUES ('comment_338_0', 'Quibusdam reiciendis omnis similique incidunt fugit enim ut et.', '5bdf7377-8330-4f9f-8efd-e95301c122ce', 'usr_338');
INSERT INTO trabalho.log_acesso VALUES ('log_338_0', '5bdf7377-8330-4f9f-8efd-e95301c122ce', 'usr_338');
INSERT INTO trabalho.usuario_esta_inscrito_no_podcast VALUES (2, '168c1536-4c42-4b8f-8c77-f06affefec6a', 'usr_338');
INSERT INTO trabalho.comentarios_podcast_usuario VALUES ('comment_338_1', 'Magni et tempore consequuntur aut.', '168c1536-4c42-4b8f-8c77-f06affefec6a', 'usr_338');
INSERT INTO trabalho.log_acesso VALUES ('log_338_1', '168c1536-4c42-4b8f-8c77-f06affefec6a', 'usr_338');
INSERT INTO trabalho.usuario_esta_inscrito_no_podcast VALUES (0, 'af46a958-b921-47b6-9f87-5c4fdc68ea79', 'usr_338');
INSERT INTO trabalho.comentarios_podcast_usuario VALUES ('comment_338_2', 'Et sed doloribus sint sapiente.', 'af46a958-b921-47b6-9f87-5c4fdc68ea79', 'usr_338');
INSERT INTO trabalho.log_acesso VALUES ('log_338_2', 'af46a958-b921-47b6-9f87-5c4fdc68ea79', 'usr_338');
INSERT INTO trabalho.usuario VALUES ('usr_339', '339_Ladislau.Carvalho@hotmail.com', 'Ladislau Carvalho', 'male', 60, 'password', 'Austrália');
INSERT INTO trabalho.usuario_esta_inscrito_no_podcast VALUES (5, 'f0166bd2-8e4d-4308-b5d7-0b3d627c5dc5', 'usr_339');
INSERT INTO trabalho.comentarios_podcast_usuario VALUES ('comment_339_0', 'Non et ut aliquam.', 'f0166bd2-8e4d-4308-b5d7-0b3d627c5dc5', 'usr_339');
INSERT INTO trabalho.log_acesso VALUES ('log_339_0', 'f0166bd2-8e4d-4308-b5d7-0b3d627c5dc5', 'usr_339');
INSERT INTO trabalho.usuario_esta_inscrito_no_podcast VALUES (0, 'de2f0ddb-9903-436a-a5e2-54224254c818', 'usr_339');
INSERT INTO trabalho.comentarios_podcast_usuario VALUES ('comment_339_1', 'Consequatur architecto minima eum totam quis libero odio occaecati dolorum.', 'de2f0ddb-9903-436a-a5e2-54224254c818', 'usr_339');
INSERT INTO trabalho.log_acesso VALUES ('log_339_1', 'de2f0ddb-9903-436a-a5e2-54224254c818', 'usr_339');
INSERT INTO trabalho.usuario_esta_inscrito_no_podcast VALUES (3, 'b553d865-8fe2-47de-9a30-10e1dea3bd1d', 'usr_339');
INSERT INTO trabalho.comentarios_podcast_usuario VALUES ('comment_339_2', 'Reprehenderit error et quia dolores.', 'b553d865-8fe2-47de-9a30-10e1dea3bd1d', 'usr_339');
INSERT INTO trabalho.log_acesso VALUES ('log_339_2', 'b553d865-8fe2-47de-9a30-10e1dea3bd1d', 'usr_339');
INSERT INTO trabalho.usuario VALUES ('usr_340', '340_Frederico.Costa1@hotmail.com', 'Frederico Costa', 'male', 0, 'password', 'Uruguai');
INSERT INTO trabalho.usuario_esta_inscrito_no_podcast VALUES (5, 'f1b92ce7-47a7-43cd-8586-4a09185cdd05', 'usr_340');
INSERT INTO trabalho.comentarios_podcast_usuario VALUES ('comment_340_0', 'Non et quibusdam ut.', 'f1b92ce7-47a7-43cd-8586-4a09185cdd05', 'usr_340');
INSERT INTO trabalho.log_acesso VALUES ('log_340_0', 'f1b92ce7-47a7-43cd-8586-4a09185cdd05', 'usr_340');
INSERT INTO trabalho.usuario_esta_inscrito_no_podcast VALUES (5, 'bc8dac25-793c-4a96-aafc-4ea7020f4f60', 'usr_340');
INSERT INTO trabalho.comentarios_podcast_usuario VALUES ('comment_340_1', 'Reprehenderit quia repellendus iste consequatur quis assumenda repudiandae.', 'bc8dac25-793c-4a96-aafc-4ea7020f4f60', 'usr_340');
INSERT INTO trabalho.log_acesso VALUES ('log_340_1', 'bc8dac25-793c-4a96-aafc-4ea7020f4f60', 'usr_340');
INSERT INTO trabalho.usuario_esta_inscrito_no_podcast VALUES (3, 'f0166bd2-8e4d-4308-b5d7-0b3d627c5dc5', 'usr_340');
INSERT INTO trabalho.comentarios_podcast_usuario VALUES ('comment_340_2', 'Sint veniam qui commodi explicabo non qui ex unde.', 'f0166bd2-8e4d-4308-b5d7-0b3d627c5dc5', 'usr_340');
INSERT INTO trabalho.log_acesso VALUES ('log_340_2', 'f0166bd2-8e4d-4308-b5d7-0b3d627c5dc5', 'usr_340');
INSERT INTO trabalho.usuario VALUES ('usr_341', '341_Davi40@live.com', 'Davi Silva', 'male', 21, 'password', 'Bermuda');
INSERT INTO trabalho.usuario_esta_inscrito_no_podcast VALUES (5, '67074e68-bc2f-442b-8af2-7d328b6af6eb', 'usr_341');
INSERT INTO trabalho.comentarios_podcast_usuario VALUES ('comment_341_0', 'Nobis et maiores enim aperiam.', '67074e68-bc2f-442b-8af2-7d328b6af6eb', 'usr_341');
INSERT INTO trabalho.log_acesso VALUES ('log_341_0', '67074e68-bc2f-442b-8af2-7d328b6af6eb', 'usr_341');
INSERT INTO trabalho.usuario_esta_inscrito_no_podcast VALUES (4, 'de2f0ddb-9903-436a-a5e2-54224254c818', 'usr_341');
INSERT INTO trabalho.comentarios_podcast_usuario VALUES ('comment_341_1', 'Beatae officiis nostrum repellendus sit amet quos voluptates ipsa.', 'de2f0ddb-9903-436a-a5e2-54224254c818', 'usr_341');
INSERT INTO trabalho.log_acesso VALUES ('log_341_1', 'de2f0ddb-9903-436a-a5e2-54224254c818', 'usr_341');
INSERT INTO trabalho.usuario_esta_inscrito_no_podcast VALUES (0, 'c58b280a-56d4-4ad8-8c85-730e4ea86361', 'usr_341');
INSERT INTO trabalho.comentarios_podcast_usuario VALUES ('comment_341_2', 'Velit pariatur vel.', 'c58b280a-56d4-4ad8-8c85-730e4ea86361', 'usr_341');
INSERT INTO trabalho.log_acesso VALUES ('log_341_2', 'c58b280a-56d4-4ad8-8c85-730e4ea86361', 'usr_341');
INSERT INTO trabalho.usuario VALUES ('usr_342', '342_Vitor.Santos@live.com', 'Vitor Santos', 'male', 2, 'password', 'Taiwan');
INSERT INTO trabalho.usuario_esta_inscrito_no_podcast VALUES (0, 'af46a958-b921-47b6-9f87-5c4fdc68ea79', 'usr_342');
INSERT INTO trabalho.comentarios_podcast_usuario VALUES ('comment_342_0', 'Id ratione in dolores sint voluptas ea.', 'af46a958-b921-47b6-9f87-5c4fdc68ea79', 'usr_342');
INSERT INTO trabalho.log_acesso VALUES ('log_342_0', 'af46a958-b921-47b6-9f87-5c4fdc68ea79', 'usr_342');
INSERT INTO trabalho.usuario_esta_inscrito_no_podcast VALUES (4, '7e429e8e-7669-403d-bb78-3cd7f9f75afd', 'usr_342');
INSERT INTO trabalho.comentarios_podcast_usuario VALUES ('comment_342_1', 'Eius debitis velit quisquam error ipsam.', '7e429e8e-7669-403d-bb78-3cd7f9f75afd', 'usr_342');
INSERT INTO trabalho.log_acesso VALUES ('log_342_1', '7e429e8e-7669-403d-bb78-3cd7f9f75afd', 'usr_342');
INSERT INTO trabalho.usuario_esta_inscrito_no_podcast VALUES (1, 'c58b280a-56d4-4ad8-8c85-730e4ea86361', 'usr_342');
INSERT INTO trabalho.comentarios_podcast_usuario VALUES ('comment_342_2', 'Eum nam officiis beatae quam vel nihil reprehenderit.', 'c58b280a-56d4-4ad8-8c85-730e4ea86361', 'usr_342');
INSERT INTO trabalho.log_acesso VALUES ('log_342_2', 'c58b280a-56d4-4ad8-8c85-730e4ea86361', 'usr_342');
INSERT INTO trabalho.usuario VALUES ('usr_343', '343_Isabel.Costa60@yahoo.com', 'Isabel Costa', 'female', 3, 'password', 'Estônia');
INSERT INTO trabalho.usuario_esta_inscrito_no_podcast VALUES (4, 'de2f0ddb-9903-436a-a5e2-54224254c818', 'usr_343');
INSERT INTO trabalho.comentarios_podcast_usuario VALUES ('comment_343_0', 'Omnis facilis ullam velit commodi.', 'de2f0ddb-9903-436a-a5e2-54224254c818', 'usr_343');
INSERT INTO trabalho.log_acesso VALUES ('log_343_0', 'de2f0ddb-9903-436a-a5e2-54224254c818', 'usr_343');
INSERT INTO trabalho.usuario_esta_inscrito_no_podcast VALUES (1, 'f8e13774-d631-4f34-93f0-2f5d55590265', 'usr_343');
INSERT INTO trabalho.comentarios_podcast_usuario VALUES ('comment_343_1', 'Et assumenda est quia sed totam est unde.', 'f8e13774-d631-4f34-93f0-2f5d55590265', 'usr_343');
INSERT INTO trabalho.log_acesso VALUES ('log_343_1', 'f8e13774-d631-4f34-93f0-2f5d55590265', 'usr_343');
INSERT INTO trabalho.usuario_esta_inscrito_no_podcast VALUES (2, 'fa3abe16-3645-4d22-a01d-893e6f20c408', 'usr_343');
INSERT INTO trabalho.comentarios_podcast_usuario VALUES ('comment_343_2', 'Eius fugiat eligendi possimus officia sunt qui modi ut.', 'fa3abe16-3645-4d22-a01d-893e6f20c408', 'usr_343');
INSERT INTO trabalho.log_acesso VALUES ('log_343_2', 'fa3abe16-3645-4d22-a01d-893e6f20c408', 'usr_343');
INSERT INTO trabalho.usuario VALUES ('usr_344', '344_Rafaela_Melo37@hotmail.com', 'Rafaela Melo', 'female', 1, 'password', 'Reino Unido');
INSERT INTO trabalho.usuario_esta_inscrito_no_podcast VALUES (1, 'f8e13774-d631-4f34-93f0-2f5d55590265', 'usr_344');
INSERT INTO trabalho.comentarios_podcast_usuario VALUES ('comment_344_0', 'Quas laboriosam nostrum soluta officia qui molestias tenetur esse.', 'f8e13774-d631-4f34-93f0-2f5d55590265', 'usr_344');
INSERT INTO trabalho.log_acesso VALUES ('log_344_0', 'f8e13774-d631-4f34-93f0-2f5d55590265', 'usr_344');
INSERT INTO trabalho.usuario_esta_inscrito_no_podcast VALUES (1, 'c58b280a-56d4-4ad8-8c85-730e4ea86361', 'usr_344');
INSERT INTO trabalho.comentarios_podcast_usuario VALUES ('comment_344_1', 'Ipsa et in.', 'c58b280a-56d4-4ad8-8c85-730e4ea86361', 'usr_344');
INSERT INTO trabalho.log_acesso VALUES ('log_344_1', 'c58b280a-56d4-4ad8-8c85-730e4ea86361', 'usr_344');
INSERT INTO trabalho.usuario_esta_inscrito_no_podcast VALUES (2, 'bc8dac25-793c-4a96-aafc-4ea7020f4f60', 'usr_344');
INSERT INTO trabalho.comentarios_podcast_usuario VALUES ('comment_344_2', 'Sit quo et.', 'bc8dac25-793c-4a96-aafc-4ea7020f4f60', 'usr_344');
INSERT INTO trabalho.log_acesso VALUES ('log_344_2', 'bc8dac25-793c-4a96-aafc-4ea7020f4f60', 'usr_344');
INSERT INTO trabalho.usuario VALUES ('usr_345', '345_MariaHelena_Xavier92@bol.com.br', 'Maria Helena Xavier', 'female', 11, 'password', 'Estados Unidos das Ilhas Virgens');
INSERT INTO trabalho.usuario_esta_inscrito_no_podcast VALUES (5, 'f8e13774-d631-4f34-93f0-2f5d55590265', 'usr_345');
INSERT INTO trabalho.comentarios_podcast_usuario VALUES ('comment_345_0', 'Dolor cum facere aliquid.', 'f8e13774-d631-4f34-93f0-2f5d55590265', 'usr_345');
INSERT INTO trabalho.log_acesso VALUES ('log_345_0', 'f8e13774-d631-4f34-93f0-2f5d55590265', 'usr_345');
INSERT INTO trabalho.usuario_esta_inscrito_no_podcast VALUES (3, 'de2f0ddb-9903-436a-a5e2-54224254c818', 'usr_345');
INSERT INTO trabalho.comentarios_podcast_usuario VALUES ('comment_345_1', 'Minus dolor harum rem.', 'de2f0ddb-9903-436a-a5e2-54224254c818', 'usr_345');
INSERT INTO trabalho.log_acesso VALUES ('log_345_1', 'de2f0ddb-9903-436a-a5e2-54224254c818', 'usr_345');
INSERT INTO trabalho.usuario_esta_inscrito_no_podcast VALUES (4, '67074e68-bc2f-442b-8af2-7d328b6af6eb', 'usr_345');
INSERT INTO trabalho.comentarios_podcast_usuario VALUES ('comment_345_2', 'Recusandae sint sed.', '67074e68-bc2f-442b-8af2-7d328b6af6eb', 'usr_345');
INSERT INTO trabalho.log_acesso VALUES ('log_345_2', '67074e68-bc2f-442b-8af2-7d328b6af6eb', 'usr_345');
INSERT INTO trabalho.usuario VALUES ('usr_346', '346_Anthony.Moreira73@hotmail.com', 'Anthony Moreira', 'male', 49, 'password', 'Iraque');
INSERT INTO trabalho.usuario_esta_inscrito_no_podcast VALUES (5, '67074e68-bc2f-442b-8af2-7d328b6af6eb', 'usr_346');
INSERT INTO trabalho.comentarios_podcast_usuario VALUES ('comment_346_0', 'Expedita ut tenetur id.', '67074e68-bc2f-442b-8af2-7d328b6af6eb', 'usr_346');
INSERT INTO trabalho.log_acesso VALUES ('log_346_0', '67074e68-bc2f-442b-8af2-7d328b6af6eb', 'usr_346');
INSERT INTO trabalho.usuario_esta_inscrito_no_podcast VALUES (1, 'f1b92ce7-47a7-43cd-8586-4a09185cdd05', 'usr_346');
INSERT INTO trabalho.comentarios_podcast_usuario VALUES ('comment_346_1', 'Dolorum quis omnis veritatis dolore.', 'f1b92ce7-47a7-43cd-8586-4a09185cdd05', 'usr_346');
INSERT INTO trabalho.log_acesso VALUES ('log_346_1', 'f1b92ce7-47a7-43cd-8586-4a09185cdd05', 'usr_346');
INSERT INTO trabalho.usuario_esta_inscrito_no_podcast VALUES (4, 'c58b280a-56d4-4ad8-8c85-730e4ea86361', 'usr_346');
INSERT INTO trabalho.comentarios_podcast_usuario VALUES ('comment_346_2', 'Praesentium sint atque atque vitae.', 'c58b280a-56d4-4ad8-8c85-730e4ea86361', 'usr_346');
INSERT INTO trabalho.log_acesso VALUES ('log_346_2', 'c58b280a-56d4-4ad8-8c85-730e4ea86361', 'usr_346');
INSERT INTO trabalho.usuario VALUES ('usr_347', '347_MariaHelena_Barros43@gmail.com', 'Maria Helena Barros', 'female', 11, 'password', 'Polinésia Francesa');
INSERT INTO trabalho.usuario_esta_inscrito_no_podcast VALUES (1, 'bc8dac25-793c-4a96-aafc-4ea7020f4f60', 'usr_347');
INSERT INTO trabalho.comentarios_podcast_usuario VALUES ('comment_347_0', 'Molestiae aut placeat voluptates quidem iusto ut nulla et.', 'bc8dac25-793c-4a96-aafc-4ea7020f4f60', 'usr_347');
INSERT INTO trabalho.log_acesso VALUES ('log_347_0', 'bc8dac25-793c-4a96-aafc-4ea7020f4f60', 'usr_347');
INSERT INTO trabalho.usuario_esta_inscrito_no_podcast VALUES (4, 'b553d865-8fe2-47de-9a30-10e1dea3bd1d', 'usr_347');
INSERT INTO trabalho.comentarios_podcast_usuario VALUES ('comment_347_1', 'Voluptas reprehenderit repellendus voluptatem aut placeat corporis sint tempora.', 'b553d865-8fe2-47de-9a30-10e1dea3bd1d', 'usr_347');
INSERT INTO trabalho.log_acesso VALUES ('log_347_1', 'b553d865-8fe2-47de-9a30-10e1dea3bd1d', 'usr_347');
INSERT INTO trabalho.usuario_esta_inscrito_no_podcast VALUES (4, 'f1b92ce7-47a7-43cd-8586-4a09185cdd05', 'usr_347');
INSERT INTO trabalho.comentarios_podcast_usuario VALUES ('comment_347_2', 'Dolorum eum sit rem cumque aut cum unde.', 'f1b92ce7-47a7-43cd-8586-4a09185cdd05', 'usr_347');
INSERT INTO trabalho.log_acesso VALUES ('log_347_2', 'f1b92ce7-47a7-43cd-8586-4a09185cdd05', 'usr_347');
INSERT INTO trabalho.usuario VALUES ('usr_348', '348_Liz18@gmail.com', 'Liz Carvalho', 'female', 22, 'password', 'Lituânia');
INSERT INTO trabalho.usuario_esta_inscrito_no_podcast VALUES (1, '5bdf7377-8330-4f9f-8efd-e95301c122ce', 'usr_348');
INSERT INTO trabalho.comentarios_podcast_usuario VALUES ('comment_348_0', 'Voluptas quis consequuntur ex.', '5bdf7377-8330-4f9f-8efd-e95301c122ce', 'usr_348');
INSERT INTO trabalho.log_acesso VALUES ('log_348_0', '5bdf7377-8330-4f9f-8efd-e95301c122ce', 'usr_348');
INSERT INTO trabalho.usuario_esta_inscrito_no_podcast VALUES (4, '67074e68-bc2f-442b-8af2-7d328b6af6eb', 'usr_348');
INSERT INTO trabalho.comentarios_podcast_usuario VALUES ('comment_348_1', 'Numquam rerum est molestiae.', '67074e68-bc2f-442b-8af2-7d328b6af6eb', 'usr_348');
INSERT INTO trabalho.log_acesso VALUES ('log_348_1', '67074e68-bc2f-442b-8af2-7d328b6af6eb', 'usr_348');
INSERT INTO trabalho.usuario_esta_inscrito_no_podcast VALUES (0, 'f8e13774-d631-4f34-93f0-2f5d55590265', 'usr_348');
INSERT INTO trabalho.comentarios_podcast_usuario VALUES ('comment_348_2', 'Aut autem sapiente nesciunt reiciendis voluptatibus voluptatem eos magni provident.', 'f8e13774-d631-4f34-93f0-2f5d55590265', 'usr_348');
INSERT INTO trabalho.log_acesso VALUES ('log_348_2', 'f8e13774-d631-4f34-93f0-2f5d55590265', 'usr_348');
INSERT INTO trabalho.usuario VALUES ('usr_349', '349_Elisa49@hotmail.com', 'Elisa Pereira', 'female', 21, 'password', 'Cazaquistão');
INSERT INTO trabalho.usuario_esta_inscrito_no_podcast VALUES (5, 'f0166bd2-8e4d-4308-b5d7-0b3d627c5dc5', 'usr_349');
INSERT INTO trabalho.comentarios_podcast_usuario VALUES ('comment_349_0', 'Possimus neque dignissimos est excepturi quidem molestias.', 'f0166bd2-8e4d-4308-b5d7-0b3d627c5dc5', 'usr_349');
INSERT INTO trabalho.log_acesso VALUES ('log_349_0', 'f0166bd2-8e4d-4308-b5d7-0b3d627c5dc5', 'usr_349');
INSERT INTO trabalho.usuario_esta_inscrito_no_podcast VALUES (2, '5bdf7377-8330-4f9f-8efd-e95301c122ce', 'usr_349');
INSERT INTO trabalho.comentarios_podcast_usuario VALUES ('comment_349_1', 'Dolorem sunt ullam ipsum.', '5bdf7377-8330-4f9f-8efd-e95301c122ce', 'usr_349');
INSERT INTO trabalho.log_acesso VALUES ('log_349_1', '5bdf7377-8330-4f9f-8efd-e95301c122ce', 'usr_349');
INSERT INTO trabalho.usuario_esta_inscrito_no_podcast VALUES (3, 'bc8dac25-793c-4a96-aafc-4ea7020f4f60', 'usr_349');
INSERT INTO trabalho.comentarios_podcast_usuario VALUES ('comment_349_2', 'Molestiae aut molestiae nihil aut enim quo.', 'bc8dac25-793c-4a96-aafc-4ea7020f4f60', 'usr_349');
INSERT INTO trabalho.log_acesso VALUES ('log_349_2', 'bc8dac25-793c-4a96-aafc-4ea7020f4f60', 'usr_349');
INSERT INTO trabalho.usuario VALUES ('usr_350', '350_Isabella43@bol.com.br', 'Isabella Martins', 'female', 59, 'password', 'São Vicente e Granadinas');
INSERT INTO trabalho.usuario_esta_inscrito_no_podcast VALUES (0, 'f0166bd2-8e4d-4308-b5d7-0b3d627c5dc5', 'usr_350');
INSERT INTO trabalho.comentarios_podcast_usuario VALUES ('comment_350_0', 'Nihil voluptates unde.', 'f0166bd2-8e4d-4308-b5d7-0b3d627c5dc5', 'usr_350');
INSERT INTO trabalho.log_acesso VALUES ('log_350_0', 'f0166bd2-8e4d-4308-b5d7-0b3d627c5dc5', 'usr_350');
INSERT INTO trabalho.usuario_esta_inscrito_no_podcast VALUES (2, '5bdf7377-8330-4f9f-8efd-e95301c122ce', 'usr_350');
INSERT INTO trabalho.comentarios_podcast_usuario VALUES ('comment_350_1', 'Quasi molestias odit rerum.', '5bdf7377-8330-4f9f-8efd-e95301c122ce', 'usr_350');
INSERT INTO trabalho.log_acesso VALUES ('log_350_1', '5bdf7377-8330-4f9f-8efd-e95301c122ce', 'usr_350');
INSERT INTO trabalho.usuario_esta_inscrito_no_podcast VALUES (4, 'f1b92ce7-47a7-43cd-8586-4a09185cdd05', 'usr_350');
INSERT INTO trabalho.comentarios_podcast_usuario VALUES ('comment_350_2', 'Facilis dolorem et aut pariatur nihil amet alias.', 'f1b92ce7-47a7-43cd-8586-4a09185cdd05', 'usr_350');
INSERT INTO trabalho.log_acesso VALUES ('log_350_2', 'f1b92ce7-47a7-43cd-8586-4a09185cdd05', 'usr_350');
INSERT INTO trabalho.usuario VALUES ('usr_351', '351_Aline_Santos@live.com', 'Aline Santos', 'female', 5, 'password', 'Butão');
INSERT INTO trabalho.usuario_esta_inscrito_no_podcast VALUES (1, 'de2f0ddb-9903-436a-a5e2-54224254c818', 'usr_351');
INSERT INTO trabalho.comentarios_podcast_usuario VALUES ('comment_351_0', 'Aut ab repudiandae deserunt est aliquam.', 'de2f0ddb-9903-436a-a5e2-54224254c818', 'usr_351');
INSERT INTO trabalho.log_acesso VALUES ('log_351_0', 'de2f0ddb-9903-436a-a5e2-54224254c818', 'usr_351');
INSERT INTO trabalho.usuario_esta_inscrito_no_podcast VALUES (2, 'fa3abe16-3645-4d22-a01d-893e6f20c408', 'usr_351');
INSERT INTO trabalho.comentarios_podcast_usuario VALUES ('comment_351_1', 'Laboriosam doloremque et velit.', 'fa3abe16-3645-4d22-a01d-893e6f20c408', 'usr_351');
INSERT INTO trabalho.log_acesso VALUES ('log_351_1', 'fa3abe16-3645-4d22-a01d-893e6f20c408', 'usr_351');
INSERT INTO trabalho.usuario_esta_inscrito_no_podcast VALUES (0, 'bc8dac25-793c-4a96-aafc-4ea7020f4f60', 'usr_351');
INSERT INTO trabalho.comentarios_podcast_usuario VALUES ('comment_351_2', 'Voluptatem nemo sint eum possimus animi error minima.', 'bc8dac25-793c-4a96-aafc-4ea7020f4f60', 'usr_351');
INSERT INTO trabalho.log_acesso VALUES ('log_351_2', 'bc8dac25-793c-4a96-aafc-4ea7020f4f60', 'usr_351');
INSERT INTO trabalho.usuario VALUES ('usr_352', '352_Jlio_Moraes33@live.com', 'Júlio Moraes', 'male', 11, 'password', 'Nepal');
INSERT INTO trabalho.usuario_esta_inscrito_no_podcast VALUES (1, 'c58b280a-56d4-4ad8-8c85-730e4ea86361', 'usr_352');
INSERT INTO trabalho.comentarios_podcast_usuario VALUES ('comment_352_0', 'Sed suscipit autem consequuntur porro.', 'c58b280a-56d4-4ad8-8c85-730e4ea86361', 'usr_352');
INSERT INTO trabalho.log_acesso VALUES ('log_352_0', 'c58b280a-56d4-4ad8-8c85-730e4ea86361', 'usr_352');
INSERT INTO trabalho.usuario_esta_inscrito_no_podcast VALUES (0, 'b553d865-8fe2-47de-9a30-10e1dea3bd1d', 'usr_352');
INSERT INTO trabalho.comentarios_podcast_usuario VALUES ('comment_352_1', 'Corrupti fuga voluptas non consequatur quod labore et.', 'b553d865-8fe2-47de-9a30-10e1dea3bd1d', 'usr_352');
INSERT INTO trabalho.log_acesso VALUES ('log_352_1', 'b553d865-8fe2-47de-9a30-10e1dea3bd1d', 'usr_352');
INSERT INTO trabalho.usuario_esta_inscrito_no_podcast VALUES (0, 'f8e13774-d631-4f34-93f0-2f5d55590265', 'usr_352');
INSERT INTO trabalho.comentarios_podcast_usuario VALUES ('comment_352_2', 'Laborum praesentium a autem fugiat.', 'f8e13774-d631-4f34-93f0-2f5d55590265', 'usr_352');
INSERT INTO trabalho.log_acesso VALUES ('log_352_2', 'f8e13774-d631-4f34-93f0-2f5d55590265', 'usr_352');
INSERT INTO trabalho.usuario VALUES ('usr_353', '353_Marcela1@bol.com.br', 'Marcela Xavier', 'female', 52, 'password', 'Bangladesh');
INSERT INTO trabalho.usuario_esta_inscrito_no_podcast VALUES (1, '168c1536-4c42-4b8f-8c77-f06affefec6a', 'usr_353');
INSERT INTO trabalho.comentarios_podcast_usuario VALUES ('comment_353_0', 'Distinctio aut commodi.', '168c1536-4c42-4b8f-8c77-f06affefec6a', 'usr_353');
INSERT INTO trabalho.log_acesso VALUES ('log_353_0', '168c1536-4c42-4b8f-8c77-f06affefec6a', 'usr_353');
INSERT INTO trabalho.usuario_esta_inscrito_no_podcast VALUES (3, '7e429e8e-7669-403d-bb78-3cd7f9f75afd', 'usr_353');
INSERT INTO trabalho.comentarios_podcast_usuario VALUES ('comment_353_1', 'Aut maiores sunt et incidunt sint quod ea.', '7e429e8e-7669-403d-bb78-3cd7f9f75afd', 'usr_353');
INSERT INTO trabalho.log_acesso VALUES ('log_353_1', '7e429e8e-7669-403d-bb78-3cd7f9f75afd', 'usr_353');
INSERT INTO trabalho.usuario_esta_inscrito_no_podcast VALUES (2, '219328a1-cec6-4e8c-b003-52a3ec9766bb', 'usr_353');
INSERT INTO trabalho.comentarios_podcast_usuario VALUES ('comment_353_2', 'Qui quidem ea ut cumque enim officia.', '219328a1-cec6-4e8c-b003-52a3ec9766bb', 'usr_353');
INSERT INTO trabalho.log_acesso VALUES ('log_353_2', '219328a1-cec6-4e8c-b003-52a3ec9766bb', 'usr_353');
INSERT INTO trabalho.usuario VALUES ('usr_354', '354_Norberto_Albuquerque8@hotmail.com', 'Norberto Albuquerque', 'male', 49, 'password', 'Gibraltar');
INSERT INTO trabalho.usuario_esta_inscrito_no_podcast VALUES (0, 'de2f0ddb-9903-436a-a5e2-54224254c818', 'usr_354');
INSERT INTO trabalho.comentarios_podcast_usuario VALUES ('comment_354_0', 'Doloremque quod nemo perspiciatis blanditiis quia inventore accusantium hic.', 'de2f0ddb-9903-436a-a5e2-54224254c818', 'usr_354');
INSERT INTO trabalho.log_acesso VALUES ('log_354_0', 'de2f0ddb-9903-436a-a5e2-54224254c818', 'usr_354');
INSERT INTO trabalho.usuario_esta_inscrito_no_podcast VALUES (5, '67074e68-bc2f-442b-8af2-7d328b6af6eb', 'usr_354');
INSERT INTO trabalho.comentarios_podcast_usuario VALUES ('comment_354_1', 'Provident expedita cum similique ipsa aliquam cum.', '67074e68-bc2f-442b-8af2-7d328b6af6eb', 'usr_354');
INSERT INTO trabalho.log_acesso VALUES ('log_354_1', '67074e68-bc2f-442b-8af2-7d328b6af6eb', 'usr_354');
INSERT INTO trabalho.usuario_esta_inscrito_no_podcast VALUES (4, 'c58b280a-56d4-4ad8-8c85-730e4ea86361', 'usr_354');
INSERT INTO trabalho.comentarios_podcast_usuario VALUES ('comment_354_2', 'Ab nostrum ipsum amet.', 'c58b280a-56d4-4ad8-8c85-730e4ea86361', 'usr_354');
INSERT INTO trabalho.log_acesso VALUES ('log_354_2', 'c58b280a-56d4-4ad8-8c85-730e4ea86361', 'usr_354');
INSERT INTO trabalho.usuario VALUES ('usr_355', '355_Sirineu53@hotmail.com', 'Sirineu Melo', 'male', 46, 'password', 'Qatar');
INSERT INTO trabalho.usuario_esta_inscrito_no_podcast VALUES (1, 'fa3abe16-3645-4d22-a01d-893e6f20c408', 'usr_355');
INSERT INTO trabalho.comentarios_podcast_usuario VALUES ('comment_355_0', 'Rerum esse molestiae et adipisci consequuntur velit.', 'fa3abe16-3645-4d22-a01d-893e6f20c408', 'usr_355');
INSERT INTO trabalho.log_acesso VALUES ('log_355_0', 'fa3abe16-3645-4d22-a01d-893e6f20c408', 'usr_355');
INSERT INTO trabalho.usuario_esta_inscrito_no_podcast VALUES (1, 'de2f0ddb-9903-436a-a5e2-54224254c818', 'usr_355');
INSERT INTO trabalho.comentarios_podcast_usuario VALUES ('comment_355_1', 'Quia qui sit.', 'de2f0ddb-9903-436a-a5e2-54224254c818', 'usr_355');
INSERT INTO trabalho.log_acesso VALUES ('log_355_1', 'de2f0ddb-9903-436a-a5e2-54224254c818', 'usr_355');
INSERT INTO trabalho.usuario_esta_inscrito_no_podcast VALUES (5, '219328a1-cec6-4e8c-b003-52a3ec9766bb', 'usr_355');
INSERT INTO trabalho.comentarios_podcast_usuario VALUES ('comment_355_2', 'Consequatur voluptas sit.', '219328a1-cec6-4e8c-b003-52a3ec9766bb', 'usr_355');
INSERT INTO trabalho.log_acesso VALUES ('log_355_2', '219328a1-cec6-4e8c-b003-52a3ec9766bb', 'usr_355');
INSERT INTO trabalho.usuario VALUES ('usr_356', '356_Mrcia_Santos@gmail.com', 'Mércia Santos', 'female', 39, 'password', 'Sri Lanka');
INSERT INTO trabalho.usuario_esta_inscrito_no_podcast VALUES (1, 'c58b280a-56d4-4ad8-8c85-730e4ea86361', 'usr_356');
INSERT INTO trabalho.comentarios_podcast_usuario VALUES ('comment_356_0', 'Autem repellendus ut et neque.', 'c58b280a-56d4-4ad8-8c85-730e4ea86361', 'usr_356');
INSERT INTO trabalho.log_acesso VALUES ('log_356_0', 'c58b280a-56d4-4ad8-8c85-730e4ea86361', 'usr_356');
INSERT INTO trabalho.usuario_esta_inscrito_no_podcast VALUES (0, 'fa3abe16-3645-4d22-a01d-893e6f20c408', 'usr_356');
INSERT INTO trabalho.comentarios_podcast_usuario VALUES ('comment_356_1', 'Libero quae est ad tempore excepturi quis voluptatem eum sunt.', 'fa3abe16-3645-4d22-a01d-893e6f20c408', 'usr_356');
INSERT INTO trabalho.log_acesso VALUES ('log_356_1', 'fa3abe16-3645-4d22-a01d-893e6f20c408', 'usr_356');
INSERT INTO trabalho.usuario_esta_inscrito_no_podcast VALUES (0, '7e429e8e-7669-403d-bb78-3cd7f9f75afd', 'usr_356');
INSERT INTO trabalho.comentarios_podcast_usuario VALUES ('comment_356_2', 'Omnis autem eius atque quisquam qui soluta perspiciatis.', '7e429e8e-7669-403d-bb78-3cd7f9f75afd', 'usr_356');
INSERT INTO trabalho.log_acesso VALUES ('log_356_2', '7e429e8e-7669-403d-bb78-3cd7f9f75afd', 'usr_356');
INSERT INTO trabalho.usuario VALUES ('usr_357', '357_JooPedro14@bol.com.br', 'João Pedro Franco', 'male', 42, 'password', 'Ilhas Cocos');
INSERT INTO trabalho.usuario_esta_inscrito_no_podcast VALUES (5, 'c58b280a-56d4-4ad8-8c85-730e4ea86361', 'usr_357');
INSERT INTO trabalho.comentarios_podcast_usuario VALUES ('comment_357_0', 'Et cumque fugiat est quis quia sed voluptas.', 'c58b280a-56d4-4ad8-8c85-730e4ea86361', 'usr_357');
INSERT INTO trabalho.log_acesso VALUES ('log_357_0', 'c58b280a-56d4-4ad8-8c85-730e4ea86361', 'usr_357');
INSERT INTO trabalho.usuario_esta_inscrito_no_podcast VALUES (0, '7e429e8e-7669-403d-bb78-3cd7f9f75afd', 'usr_357');
INSERT INTO trabalho.comentarios_podcast_usuario VALUES ('comment_357_1', 'Omnis voluptatem vero quisquam qui excepturi qui voluptatem.', '7e429e8e-7669-403d-bb78-3cd7f9f75afd', 'usr_357');
INSERT INTO trabalho.log_acesso VALUES ('log_357_1', '7e429e8e-7669-403d-bb78-3cd7f9f75afd', 'usr_357');
INSERT INTO trabalho.usuario_esta_inscrito_no_podcast VALUES (0, 'f0166bd2-8e4d-4308-b5d7-0b3d627c5dc5', 'usr_357');
INSERT INTO trabalho.comentarios_podcast_usuario VALUES ('comment_357_2', 'Est non ducimus aperiam vitae error optio non.', 'f0166bd2-8e4d-4308-b5d7-0b3d627c5dc5', 'usr_357');
INSERT INTO trabalho.log_acesso VALUES ('log_357_2', 'f0166bd2-8e4d-4308-b5d7-0b3d627c5dc5', 'usr_357');
INSERT INTO trabalho.usuario VALUES ('usr_358', '358_Karla23@live.com', 'Karla Silva', 'female', 28, 'password', 'Eslováquia');
INSERT INTO trabalho.usuario_esta_inscrito_no_podcast VALUES (1, 'f1b92ce7-47a7-43cd-8586-4a09185cdd05', 'usr_358');
INSERT INTO trabalho.comentarios_podcast_usuario VALUES ('comment_358_0', 'Perferendis eos rem eius minima dolore dolor quae natus.', 'f1b92ce7-47a7-43cd-8586-4a09185cdd05', 'usr_358');
INSERT INTO trabalho.log_acesso VALUES ('log_358_0', 'f1b92ce7-47a7-43cd-8586-4a09185cdd05', 'usr_358');
INSERT INTO trabalho.usuario_esta_inscrito_no_podcast VALUES (1, '219328a1-cec6-4e8c-b003-52a3ec9766bb', 'usr_358');
INSERT INTO trabalho.comentarios_podcast_usuario VALUES ('comment_358_1', 'Libero quibusdam doloremque ut ut perferendis qui.', '219328a1-cec6-4e8c-b003-52a3ec9766bb', 'usr_358');
INSERT INTO trabalho.log_acesso VALUES ('log_358_1', '219328a1-cec6-4e8c-b003-52a3ec9766bb', 'usr_358');
INSERT INTO trabalho.usuario_esta_inscrito_no_podcast VALUES (2, 'de2f0ddb-9903-436a-a5e2-54224254c818', 'usr_358');
INSERT INTO trabalho.comentarios_podcast_usuario VALUES ('comment_358_2', 'Eos cumque et iusto fugiat velit corrupti id architecto.', 'de2f0ddb-9903-436a-a5e2-54224254c818', 'usr_358');
INSERT INTO trabalho.log_acesso VALUES ('log_358_2', 'de2f0ddb-9903-436a-a5e2-54224254c818', 'usr_358');
INSERT INTO trabalho.usuario VALUES ('usr_359', '359_Eduarda.Carvalho74@yahoo.com', 'Eduarda Carvalho', 'female', 50, 'password', 'Ilha de Man');
INSERT INTO trabalho.usuario_esta_inscrito_no_podcast VALUES (3, 'b553d865-8fe2-47de-9a30-10e1dea3bd1d', 'usr_359');
INSERT INTO trabalho.comentarios_podcast_usuario VALUES ('comment_359_0', 'Quidem dolor et dignissimos doloremque expedita expedita.', 'b553d865-8fe2-47de-9a30-10e1dea3bd1d', 'usr_359');
INSERT INTO trabalho.log_acesso VALUES ('log_359_0', 'b553d865-8fe2-47de-9a30-10e1dea3bd1d', 'usr_359');
INSERT INTO trabalho.usuario_esta_inscrito_no_podcast VALUES (5, 'f1b92ce7-47a7-43cd-8586-4a09185cdd05', 'usr_359');
INSERT INTO trabalho.comentarios_podcast_usuario VALUES ('comment_359_1', 'Quos sunt inventore numquam.', 'f1b92ce7-47a7-43cd-8586-4a09185cdd05', 'usr_359');
INSERT INTO trabalho.log_acesso VALUES ('log_359_1', 'f1b92ce7-47a7-43cd-8586-4a09185cdd05', 'usr_359');
INSERT INTO trabalho.usuario_esta_inscrito_no_podcast VALUES (5, 'c58b280a-56d4-4ad8-8c85-730e4ea86361', 'usr_359');
INSERT INTO trabalho.comentarios_podcast_usuario VALUES ('comment_359_2', 'Natus facilis autem laboriosam voluptatem.', 'c58b280a-56d4-4ad8-8c85-730e4ea86361', 'usr_359');
INSERT INTO trabalho.log_acesso VALUES ('log_359_2', 'c58b280a-56d4-4ad8-8c85-730e4ea86361', 'usr_359');
INSERT INTO trabalho.usuario VALUES ('usr_360', '360_Noah_Franco73@hotmail.com', 'Noah Franco', 'male', 5, 'password', 'Antilhas Holandesas');
INSERT INTO trabalho.usuario_esta_inscrito_no_podcast VALUES (2, 'af46a958-b921-47b6-9f87-5c4fdc68ea79', 'usr_360');
INSERT INTO trabalho.comentarios_podcast_usuario VALUES ('comment_360_0', 'Sequi tempore quaerat facere qui perspiciatis.', 'af46a958-b921-47b6-9f87-5c4fdc68ea79', 'usr_360');
INSERT INTO trabalho.log_acesso VALUES ('log_360_0', 'af46a958-b921-47b6-9f87-5c4fdc68ea79', 'usr_360');
INSERT INTO trabalho.usuario_esta_inscrito_no_podcast VALUES (3, '67074e68-bc2f-442b-8af2-7d328b6af6eb', 'usr_360');
INSERT INTO trabalho.comentarios_podcast_usuario VALUES ('comment_360_1', 'Repellendus maiores id voluptas.', '67074e68-bc2f-442b-8af2-7d328b6af6eb', 'usr_360');
INSERT INTO trabalho.log_acesso VALUES ('log_360_1', '67074e68-bc2f-442b-8af2-7d328b6af6eb', 'usr_360');
INSERT INTO trabalho.usuario_esta_inscrito_no_podcast VALUES (0, 'bc8dac25-793c-4a96-aafc-4ea7020f4f60', 'usr_360');
INSERT INTO trabalho.comentarios_podcast_usuario VALUES ('comment_360_2', 'Rerum omnis suscipit.', 'bc8dac25-793c-4a96-aafc-4ea7020f4f60', 'usr_360');
INSERT INTO trabalho.log_acesso VALUES ('log_360_2', 'bc8dac25-793c-4a96-aafc-4ea7020f4f60', 'usr_360');
INSERT INTO trabalho.usuario VALUES ('usr_361', '361_Helosa45@yahoo.com', 'Heloísa Oliveira', 'female', 16, 'password', 'Egito');
INSERT INTO trabalho.usuario_esta_inscrito_no_podcast VALUES (3, '219328a1-cec6-4e8c-b003-52a3ec9766bb', 'usr_361');
INSERT INTO trabalho.comentarios_podcast_usuario VALUES ('comment_361_0', 'Et sed a explicabo culpa eius mollitia.', '219328a1-cec6-4e8c-b003-52a3ec9766bb', 'usr_361');
INSERT INTO trabalho.log_acesso VALUES ('log_361_0', '219328a1-cec6-4e8c-b003-52a3ec9766bb', 'usr_361');
INSERT INTO trabalho.usuario_esta_inscrito_no_podcast VALUES (2, 'f8e13774-d631-4f34-93f0-2f5d55590265', 'usr_361');
INSERT INTO trabalho.comentarios_podcast_usuario VALUES ('comment_361_1', 'Eveniet aut error temporibus qui sit ut non vitae.', 'f8e13774-d631-4f34-93f0-2f5d55590265', 'usr_361');
INSERT INTO trabalho.log_acesso VALUES ('log_361_1', 'f8e13774-d631-4f34-93f0-2f5d55590265', 'usr_361');
INSERT INTO trabalho.usuario_esta_inscrito_no_podcast VALUES (0, 'f0166bd2-8e4d-4308-b5d7-0b3d627c5dc5', 'usr_361');
INSERT INTO trabalho.comentarios_podcast_usuario VALUES ('comment_361_2', 'Voluptatem quae aut necessitatibus explicabo.', 'f0166bd2-8e4d-4308-b5d7-0b3d627c5dc5', 'usr_361');
INSERT INTO trabalho.log_acesso VALUES ('log_361_2', 'f0166bd2-8e4d-4308-b5d7-0b3d627c5dc5', 'usr_361');
INSERT INTO trabalho.usuario VALUES ('usr_362', '362_Elsio79@yahoo.com', 'Elísio Silva', 'male', 36, 'password', 'Islândia');
INSERT INTO trabalho.usuario_esta_inscrito_no_podcast VALUES (0, 'f0166bd2-8e4d-4308-b5d7-0b3d627c5dc5', 'usr_362');
INSERT INTO trabalho.comentarios_podcast_usuario VALUES ('comment_362_0', 'Doloremque reprehenderit vero vero aspernatur eos.', 'f0166bd2-8e4d-4308-b5d7-0b3d627c5dc5', 'usr_362');
INSERT INTO trabalho.log_acesso VALUES ('log_362_0', 'f0166bd2-8e4d-4308-b5d7-0b3d627c5dc5', 'usr_362');
INSERT INTO trabalho.usuario_esta_inscrito_no_podcast VALUES (0, 'f1b92ce7-47a7-43cd-8586-4a09185cdd05', 'usr_362');
INSERT INTO trabalho.comentarios_podcast_usuario VALUES ('comment_362_1', 'Vero consequatur soluta doloremque officiis incidunt vero eum.', 'f1b92ce7-47a7-43cd-8586-4a09185cdd05', 'usr_362');
INSERT INTO trabalho.log_acesso VALUES ('log_362_1', 'f1b92ce7-47a7-43cd-8586-4a09185cdd05', 'usr_362');
INSERT INTO trabalho.usuario_esta_inscrito_no_podcast VALUES (1, '5bdf7377-8330-4f9f-8efd-e95301c122ce', 'usr_362');
INSERT INTO trabalho.comentarios_podcast_usuario VALUES ('comment_362_2', 'Fuga sit aut.', '5bdf7377-8330-4f9f-8efd-e95301c122ce', 'usr_362');
INSERT INTO trabalho.log_acesso VALUES ('log_362_2', '5bdf7377-8330-4f9f-8efd-e95301c122ce', 'usr_362');
INSERT INTO trabalho.usuario VALUES ('usr_363', '363_Esther.Reis51@bol.com.br', 'Esther Reis', 'female', 10, 'password', 'Colômbia');
INSERT INTO trabalho.usuario_esta_inscrito_no_podcast VALUES (5, '7e429e8e-7669-403d-bb78-3cd7f9f75afd', 'usr_363');
INSERT INTO trabalho.comentarios_podcast_usuario VALUES ('comment_363_0', 'Enim rem et voluptates et corporis molestiae.', '7e429e8e-7669-403d-bb78-3cd7f9f75afd', 'usr_363');
INSERT INTO trabalho.log_acesso VALUES ('log_363_0', '7e429e8e-7669-403d-bb78-3cd7f9f75afd', 'usr_363');
INSERT INTO trabalho.usuario_esta_inscrito_no_podcast VALUES (1, 'f0166bd2-8e4d-4308-b5d7-0b3d627c5dc5', 'usr_363');
INSERT INTO trabalho.comentarios_podcast_usuario VALUES ('comment_363_1', 'Atque veniam excepturi ducimus officia reprehenderit reiciendis id distinctio est.', 'f0166bd2-8e4d-4308-b5d7-0b3d627c5dc5', 'usr_363');
INSERT INTO trabalho.log_acesso VALUES ('log_363_1', 'f0166bd2-8e4d-4308-b5d7-0b3d627c5dc5', 'usr_363');
INSERT INTO trabalho.usuario_esta_inscrito_no_podcast VALUES (3, 'b553d865-8fe2-47de-9a30-10e1dea3bd1d', 'usr_363');
INSERT INTO trabalho.comentarios_podcast_usuario VALUES ('comment_363_2', 'Deserunt voluptatem neque.', 'b553d865-8fe2-47de-9a30-10e1dea3bd1d', 'usr_363');
INSERT INTO trabalho.log_acesso VALUES ('log_363_2', 'b553d865-8fe2-47de-9a30-10e1dea3bd1d', 'usr_363');
INSERT INTO trabalho.usuario VALUES ('usr_364', '364_Felipe60@bol.com.br', 'Felipe Pereira', 'male', 52, 'password', 'Groelândia');
INSERT INTO trabalho.usuario_esta_inscrito_no_podcast VALUES (0, 'b553d865-8fe2-47de-9a30-10e1dea3bd1d', 'usr_364');
INSERT INTO trabalho.comentarios_podcast_usuario VALUES ('comment_364_0', 'Eum odit quidem reprehenderit aut quia nulla omnis rerum.', 'b553d865-8fe2-47de-9a30-10e1dea3bd1d', 'usr_364');
INSERT INTO trabalho.log_acesso VALUES ('log_364_0', 'b553d865-8fe2-47de-9a30-10e1dea3bd1d', 'usr_364');
INSERT INTO trabalho.usuario_esta_inscrito_no_podcast VALUES (1, 'f0166bd2-8e4d-4308-b5d7-0b3d627c5dc5', 'usr_364');
INSERT INTO trabalho.comentarios_podcast_usuario VALUES ('comment_364_1', 'Enim facilis voluptas impedit doloribus.', 'f0166bd2-8e4d-4308-b5d7-0b3d627c5dc5', 'usr_364');
INSERT INTO trabalho.log_acesso VALUES ('log_364_1', 'f0166bd2-8e4d-4308-b5d7-0b3d627c5dc5', 'usr_364');
INSERT INTO trabalho.usuario_esta_inscrito_no_podcast VALUES (5, 'f1b92ce7-47a7-43cd-8586-4a09185cdd05', 'usr_364');
INSERT INTO trabalho.comentarios_podcast_usuario VALUES ('comment_364_2', 'At vel aperiam accusantium distinctio recusandae et est delectus illum.', 'f1b92ce7-47a7-43cd-8586-4a09185cdd05', 'usr_364');
INSERT INTO trabalho.log_acesso VALUES ('log_364_2', 'f1b92ce7-47a7-43cd-8586-4a09185cdd05', 'usr_364');
INSERT INTO trabalho.usuario VALUES ('usr_365', '365_Noah0@live.com', 'Noah Albuquerque', 'male', 43, 'password', 'Portugal');
INSERT INTO trabalho.usuario_esta_inscrito_no_podcast VALUES (5, '5bdf7377-8330-4f9f-8efd-e95301c122ce', 'usr_365');
INSERT INTO trabalho.comentarios_podcast_usuario VALUES ('comment_365_0', 'At nulla voluptatem.', '5bdf7377-8330-4f9f-8efd-e95301c122ce', 'usr_365');
INSERT INTO trabalho.log_acesso VALUES ('log_365_0', '5bdf7377-8330-4f9f-8efd-e95301c122ce', 'usr_365');
INSERT INTO trabalho.usuario_esta_inscrito_no_podcast VALUES (4, '168c1536-4c42-4b8f-8c77-f06affefec6a', 'usr_365');
INSERT INTO trabalho.comentarios_podcast_usuario VALUES ('comment_365_1', 'Sed earum modi sit est est amet a impedit.', '168c1536-4c42-4b8f-8c77-f06affefec6a', 'usr_365');
INSERT INTO trabalho.log_acesso VALUES ('log_365_1', '168c1536-4c42-4b8f-8c77-f06affefec6a', 'usr_365');
INSERT INTO trabalho.usuario_esta_inscrito_no_podcast VALUES (5, 'af46a958-b921-47b6-9f87-5c4fdc68ea79', 'usr_365');
INSERT INTO trabalho.comentarios_podcast_usuario VALUES ('comment_365_2', 'Minus porro vitae ut et.', 'af46a958-b921-47b6-9f87-5c4fdc68ea79', 'usr_365');
INSERT INTO trabalho.log_acesso VALUES ('log_365_2', 'af46a958-b921-47b6-9f87-5c4fdc68ea79', 'usr_365');
INSERT INTO trabalho.usuario VALUES ('usr_366', '366_Lavnia55@gmail.com', 'Lavínia Silva', 'female', 49, 'password', 'Wallis e Futuna');
INSERT INTO trabalho.usuario_esta_inscrito_no_podcast VALUES (5, 'af46a958-b921-47b6-9f87-5c4fdc68ea79', 'usr_366');
INSERT INTO trabalho.comentarios_podcast_usuario VALUES ('comment_366_0', 'A nostrum reprehenderit recusandae modi placeat itaque ea.', 'af46a958-b921-47b6-9f87-5c4fdc68ea79', 'usr_366');
INSERT INTO trabalho.log_acesso VALUES ('log_366_0', 'af46a958-b921-47b6-9f87-5c4fdc68ea79', 'usr_366');
INSERT INTO trabalho.usuario_esta_inscrito_no_podcast VALUES (2, 'fa3abe16-3645-4d22-a01d-893e6f20c408', 'usr_366');
INSERT INTO trabalho.comentarios_podcast_usuario VALUES ('comment_366_1', 'Voluptatem minima itaque doloribus neque id.', 'fa3abe16-3645-4d22-a01d-893e6f20c408', 'usr_366');
INSERT INTO trabalho.log_acesso VALUES ('log_366_1', 'fa3abe16-3645-4d22-a01d-893e6f20c408', 'usr_366');
INSERT INTO trabalho.usuario_esta_inscrito_no_podcast VALUES (3, '219328a1-cec6-4e8c-b003-52a3ec9766bb', 'usr_366');
INSERT INTO trabalho.comentarios_podcast_usuario VALUES ('comment_366_2', 'Ipsum reprehenderit quod.', '219328a1-cec6-4e8c-b003-52a3ec9766bb', 'usr_366');
INSERT INTO trabalho.log_acesso VALUES ('log_366_2', '219328a1-cec6-4e8c-b003-52a3ec9766bb', 'usr_366');
INSERT INTO trabalho.usuario VALUES ('usr_367', '367_MariaHelena_Santos97@hotmail.com', 'Maria Helena Santos', 'female', 23, 'password', 'Guiné Equatorial');
INSERT INTO trabalho.usuario_esta_inscrito_no_podcast VALUES (5, '5bdf7377-8330-4f9f-8efd-e95301c122ce', 'usr_367');
INSERT INTO trabalho.comentarios_podcast_usuario VALUES ('comment_367_0', 'Qui esse dolores sed est.', '5bdf7377-8330-4f9f-8efd-e95301c122ce', 'usr_367');
INSERT INTO trabalho.log_acesso VALUES ('log_367_0', '5bdf7377-8330-4f9f-8efd-e95301c122ce', 'usr_367');
INSERT INTO trabalho.usuario_esta_inscrito_no_podcast VALUES (0, 'af46a958-b921-47b6-9f87-5c4fdc68ea79', 'usr_367');
INSERT INTO trabalho.comentarios_podcast_usuario VALUES ('comment_367_1', 'Aliquam perferendis et temporibus unde cum ea tempora nihil.', 'af46a958-b921-47b6-9f87-5c4fdc68ea79', 'usr_367');
INSERT INTO trabalho.log_acesso VALUES ('log_367_1', 'af46a958-b921-47b6-9f87-5c4fdc68ea79', 'usr_367');
INSERT INTO trabalho.usuario_esta_inscrito_no_podcast VALUES (2, 'de2f0ddb-9903-436a-a5e2-54224254c818', 'usr_367');
INSERT INTO trabalho.comentarios_podcast_usuario VALUES ('comment_367_2', 'Sed deserunt quidem distinctio eum.', 'de2f0ddb-9903-436a-a5e2-54224254c818', 'usr_367');
INSERT INTO trabalho.log_acesso VALUES ('log_367_2', 'de2f0ddb-9903-436a-a5e2-54224254c818', 'usr_367');
INSERT INTO trabalho.usuario VALUES ('usr_368', '368_Rafael.Oliveira81@bol.com.br', 'Rafael Oliveira', 'male', 13, 'password', 'Paraguai');
INSERT INTO trabalho.usuario_esta_inscrito_no_podcast VALUES (0, 'c58b280a-56d4-4ad8-8c85-730e4ea86361', 'usr_368');
INSERT INTO trabalho.comentarios_podcast_usuario VALUES ('comment_368_0', 'Libero sed animi ipsam et.', 'c58b280a-56d4-4ad8-8c85-730e4ea86361', 'usr_368');
INSERT INTO trabalho.log_acesso VALUES ('log_368_0', 'c58b280a-56d4-4ad8-8c85-730e4ea86361', 'usr_368');
INSERT INTO trabalho.usuario_esta_inscrito_no_podcast VALUES (2, 'bc8dac25-793c-4a96-aafc-4ea7020f4f60', 'usr_368');
INSERT INTO trabalho.comentarios_podcast_usuario VALUES ('comment_368_1', 'Qui totam aut similique omnis ut ea.', 'bc8dac25-793c-4a96-aafc-4ea7020f4f60', 'usr_368');
INSERT INTO trabalho.log_acesso VALUES ('log_368_1', 'bc8dac25-793c-4a96-aafc-4ea7020f4f60', 'usr_368');
INSERT INTO trabalho.usuario_esta_inscrito_no_podcast VALUES (5, '7e429e8e-7669-403d-bb78-3cd7f9f75afd', 'usr_368');
INSERT INTO trabalho.comentarios_podcast_usuario VALUES ('comment_368_2', 'Officia omnis sit.', '7e429e8e-7669-403d-bb78-3cd7f9f75afd', 'usr_368');
INSERT INTO trabalho.log_acesso VALUES ('log_368_2', '7e429e8e-7669-403d-bb78-3cd7f9f75afd', 'usr_368');
INSERT INTO trabalho.usuario VALUES ('usr_369', '369_Carlos_Oliveira@live.com', 'Carlos Oliveira', 'male', 27, 'password', 'Latvia');
INSERT INTO trabalho.usuario_esta_inscrito_no_podcast VALUES (1, 'de2f0ddb-9903-436a-a5e2-54224254c818', 'usr_369');
INSERT INTO trabalho.comentarios_podcast_usuario VALUES ('comment_369_0', 'Quisquam magni perferendis voluptatem mollitia minus impedit vitae.', 'de2f0ddb-9903-436a-a5e2-54224254c818', 'usr_369');
INSERT INTO trabalho.log_acesso VALUES ('log_369_0', 'de2f0ddb-9903-436a-a5e2-54224254c818', 'usr_369');
INSERT INTO trabalho.usuario_esta_inscrito_no_podcast VALUES (4, '168c1536-4c42-4b8f-8c77-f06affefec6a', 'usr_369');
INSERT INTO trabalho.comentarios_podcast_usuario VALUES ('comment_369_1', 'Qui eos a rerum exercitationem maxime.', '168c1536-4c42-4b8f-8c77-f06affefec6a', 'usr_369');
INSERT INTO trabalho.log_acesso VALUES ('log_369_1', '168c1536-4c42-4b8f-8c77-f06affefec6a', 'usr_369');
INSERT INTO trabalho.usuario_esta_inscrito_no_podcast VALUES (3, 'b553d865-8fe2-47de-9a30-10e1dea3bd1d', 'usr_369');
INSERT INTO trabalho.comentarios_podcast_usuario VALUES ('comment_369_2', 'Aut suscipit quaerat.', 'b553d865-8fe2-47de-9a30-10e1dea3bd1d', 'usr_369');
INSERT INTO trabalho.log_acesso VALUES ('log_369_2', 'b553d865-8fe2-47de-9a30-10e1dea3bd1d', 'usr_369');
INSERT INTO trabalho.usuario VALUES ('usr_370', '370_Arthur.Nogueira@gmail.com', 'Arthur Nogueira', 'male', 13, 'password', 'Lesoto');
INSERT INTO trabalho.usuario_esta_inscrito_no_podcast VALUES (1, '219328a1-cec6-4e8c-b003-52a3ec9766bb', 'usr_370');
INSERT INTO trabalho.comentarios_podcast_usuario VALUES ('comment_370_0', 'Temporibus fugiat exercitationem.', '219328a1-cec6-4e8c-b003-52a3ec9766bb', 'usr_370');
INSERT INTO trabalho.log_acesso VALUES ('log_370_0', '219328a1-cec6-4e8c-b003-52a3ec9766bb', 'usr_370');
INSERT INTO trabalho.usuario_esta_inscrito_no_podcast VALUES (2, 'f1b92ce7-47a7-43cd-8586-4a09185cdd05', 'usr_370');
INSERT INTO trabalho.comentarios_podcast_usuario VALUES ('comment_370_1', 'Animi molestias itaque sit eos quae repellendus id dolorem.', 'f1b92ce7-47a7-43cd-8586-4a09185cdd05', 'usr_370');
INSERT INTO trabalho.log_acesso VALUES ('log_370_1', 'f1b92ce7-47a7-43cd-8586-4a09185cdd05', 'usr_370');
INSERT INTO trabalho.usuario_esta_inscrito_no_podcast VALUES (2, '67074e68-bc2f-442b-8af2-7d328b6af6eb', 'usr_370');
INSERT INTO trabalho.comentarios_podcast_usuario VALUES ('comment_370_2', 'Sed ab optio et deleniti optio dolorum dolores non illum.', '67074e68-bc2f-442b-8af2-7d328b6af6eb', 'usr_370');
INSERT INTO trabalho.log_acesso VALUES ('log_370_2', '67074e68-bc2f-442b-8af2-7d328b6af6eb', 'usr_370');
INSERT INTO trabalho.usuario VALUES ('usr_371', '371_Pablo17@live.com', 'Pablo Carvalho', 'male', 53, 'password', 'Malásia');
INSERT INTO trabalho.usuario_esta_inscrito_no_podcast VALUES (2, 'b553d865-8fe2-47de-9a30-10e1dea3bd1d', 'usr_371');
INSERT INTO trabalho.comentarios_podcast_usuario VALUES ('comment_371_0', 'Quia id sapiente quaerat et.', 'b553d865-8fe2-47de-9a30-10e1dea3bd1d', 'usr_371');
INSERT INTO trabalho.log_acesso VALUES ('log_371_0', 'b553d865-8fe2-47de-9a30-10e1dea3bd1d', 'usr_371');
INSERT INTO trabalho.usuario_esta_inscrito_no_podcast VALUES (3, 'bc8dac25-793c-4a96-aafc-4ea7020f4f60', 'usr_371');
INSERT INTO trabalho.comentarios_podcast_usuario VALUES ('comment_371_1', 'Enim est labore nam atque explicabo.', 'bc8dac25-793c-4a96-aafc-4ea7020f4f60', 'usr_371');
INSERT INTO trabalho.log_acesso VALUES ('log_371_1', 'bc8dac25-793c-4a96-aafc-4ea7020f4f60', 'usr_371');
INSERT INTO trabalho.usuario_esta_inscrito_no_podcast VALUES (0, '7e429e8e-7669-403d-bb78-3cd7f9f75afd', 'usr_371');
INSERT INTO trabalho.comentarios_podcast_usuario VALUES ('comment_371_2', 'Facilis voluptatem sit ea animi nesciunt vel inventore assumenda provident.', '7e429e8e-7669-403d-bb78-3cd7f9f75afd', 'usr_371');
INSERT INTO trabalho.log_acesso VALUES ('log_371_2', '7e429e8e-7669-403d-bb78-3cd7f9f75afd', 'usr_371');
INSERT INTO trabalho.usuario VALUES ('usr_372', '372_Felcia7@bol.com.br', 'Felícia Saraiva', 'female', 13, 'password', 'Estônia');
INSERT INTO trabalho.usuario_esta_inscrito_no_podcast VALUES (2, 'af46a958-b921-47b6-9f87-5c4fdc68ea79', 'usr_372');
INSERT INTO trabalho.comentarios_podcast_usuario VALUES ('comment_372_0', 'Iure laudantium quo et amet.', 'af46a958-b921-47b6-9f87-5c4fdc68ea79', 'usr_372');
INSERT INTO trabalho.log_acesso VALUES ('log_372_0', 'af46a958-b921-47b6-9f87-5c4fdc68ea79', 'usr_372');
INSERT INTO trabalho.usuario_esta_inscrito_no_podcast VALUES (4, '67074e68-bc2f-442b-8af2-7d328b6af6eb', 'usr_372');
INSERT INTO trabalho.comentarios_podcast_usuario VALUES ('comment_372_1', 'Ratione aliquid voluptas earum earum ut sit.', '67074e68-bc2f-442b-8af2-7d328b6af6eb', 'usr_372');
INSERT INTO trabalho.log_acesso VALUES ('log_372_1', '67074e68-bc2f-442b-8af2-7d328b6af6eb', 'usr_372');
INSERT INTO trabalho.usuario_esta_inscrito_no_podcast VALUES (0, '5bdf7377-8330-4f9f-8efd-e95301c122ce', 'usr_372');
INSERT INTO trabalho.comentarios_podcast_usuario VALUES ('comment_372_2', 'Iure aliquam quisquam.', '5bdf7377-8330-4f9f-8efd-e95301c122ce', 'usr_372');
INSERT INTO trabalho.log_acesso VALUES ('log_372_2', '5bdf7377-8330-4f9f-8efd-e95301c122ce', 'usr_372');
INSERT INTO trabalho.usuario VALUES ('usr_373', '373_Bruna_Reis@gmail.com', 'Bruna Reis', 'female', 36, 'password', 'Barém');
INSERT INTO trabalho.usuario_esta_inscrito_no_podcast VALUES (4, 'fa3abe16-3645-4d22-a01d-893e6f20c408', 'usr_373');
INSERT INTO trabalho.comentarios_podcast_usuario VALUES ('comment_373_0', 'Excepturi aliquam quae nihil aut beatae qui nam.', 'fa3abe16-3645-4d22-a01d-893e6f20c408', 'usr_373');
INSERT INTO trabalho.log_acesso VALUES ('log_373_0', 'fa3abe16-3645-4d22-a01d-893e6f20c408', 'usr_373');
INSERT INTO trabalho.usuario_esta_inscrito_no_podcast VALUES (0, 'f1b92ce7-47a7-43cd-8586-4a09185cdd05', 'usr_373');
INSERT INTO trabalho.comentarios_podcast_usuario VALUES ('comment_373_1', 'Dolor unde suscipit.', 'f1b92ce7-47a7-43cd-8586-4a09185cdd05', 'usr_373');
INSERT INTO trabalho.log_acesso VALUES ('log_373_1', 'f1b92ce7-47a7-43cd-8586-4a09185cdd05', 'usr_373');
INSERT INTO trabalho.usuario_esta_inscrito_no_podcast VALUES (0, '7e429e8e-7669-403d-bb78-3cd7f9f75afd', 'usr_373');
INSERT INTO trabalho.comentarios_podcast_usuario VALUES ('comment_373_2', 'Veritatis maxime dolore veritatis eum id odit quidem illo.', '7e429e8e-7669-403d-bb78-3cd7f9f75afd', 'usr_373');
INSERT INTO trabalho.log_acesso VALUES ('log_373_2', '7e429e8e-7669-403d-bb78-3cd7f9f75afd', 'usr_373');
INSERT INTO trabalho.usuario VALUES ('usr_374', '374_Liz.Martins92@yahoo.com', 'Liz Martins', 'female', 12, 'password', 'Canadá');
INSERT INTO trabalho.usuario_esta_inscrito_no_podcast VALUES (1, 'c58b280a-56d4-4ad8-8c85-730e4ea86361', 'usr_374');
INSERT INTO trabalho.comentarios_podcast_usuario VALUES ('comment_374_0', 'Beatae nesciunt numquam adipisci placeat eos voluptas.', 'c58b280a-56d4-4ad8-8c85-730e4ea86361', 'usr_374');
INSERT INTO trabalho.log_acesso VALUES ('log_374_0', 'c58b280a-56d4-4ad8-8c85-730e4ea86361', 'usr_374');
INSERT INTO trabalho.usuario_esta_inscrito_no_podcast VALUES (0, 'af46a958-b921-47b6-9f87-5c4fdc68ea79', 'usr_374');
INSERT INTO trabalho.comentarios_podcast_usuario VALUES ('comment_374_1', 'Alias dicta nostrum rem dignissimos voluptas.', 'af46a958-b921-47b6-9f87-5c4fdc68ea79', 'usr_374');
INSERT INTO trabalho.log_acesso VALUES ('log_374_1', 'af46a958-b921-47b6-9f87-5c4fdc68ea79', 'usr_374');
INSERT INTO trabalho.usuario_esta_inscrito_no_podcast VALUES (4, 'f1b92ce7-47a7-43cd-8586-4a09185cdd05', 'usr_374');
INSERT INTO trabalho.comentarios_podcast_usuario VALUES ('comment_374_2', 'Non sunt quisquam iste incidunt accusantium libero veniam.', 'f1b92ce7-47a7-43cd-8586-4a09185cdd05', 'usr_374');
INSERT INTO trabalho.log_acesso VALUES ('log_374_2', 'f1b92ce7-47a7-43cd-8586-4a09185cdd05', 'usr_374');
INSERT INTO trabalho.usuario VALUES ('usr_375', '375_Nataniel34@bol.com.br', 'Nataniel Santos', 'male', 32, 'password', 'Turcas e Caicos');
INSERT INTO trabalho.usuario_esta_inscrito_no_podcast VALUES (1, '7e429e8e-7669-403d-bb78-3cd7f9f75afd', 'usr_375');
INSERT INTO trabalho.comentarios_podcast_usuario VALUES ('comment_375_0', 'Quia consequuntur rerum harum rem harum est.', '7e429e8e-7669-403d-bb78-3cd7f9f75afd', 'usr_375');
INSERT INTO trabalho.log_acesso VALUES ('log_375_0', '7e429e8e-7669-403d-bb78-3cd7f9f75afd', 'usr_375');
INSERT INTO trabalho.usuario_esta_inscrito_no_podcast VALUES (0, 'f0166bd2-8e4d-4308-b5d7-0b3d627c5dc5', 'usr_375');
INSERT INTO trabalho.comentarios_podcast_usuario VALUES ('comment_375_1', 'Facilis fugit ut itaque explicabo deserunt ullam vel sit cupiditate.', 'f0166bd2-8e4d-4308-b5d7-0b3d627c5dc5', 'usr_375');
INSERT INTO trabalho.log_acesso VALUES ('log_375_1', 'f0166bd2-8e4d-4308-b5d7-0b3d627c5dc5', 'usr_375');
INSERT INTO trabalho.usuario_esta_inscrito_no_podcast VALUES (3, '219328a1-cec6-4e8c-b003-52a3ec9766bb', 'usr_375');
INSERT INTO trabalho.comentarios_podcast_usuario VALUES ('comment_375_2', 'Est dicta omnis incidunt esse cum dolor aut voluptatem.', '219328a1-cec6-4e8c-b003-52a3ec9766bb', 'usr_375');
INSERT INTO trabalho.log_acesso VALUES ('log_375_2', '219328a1-cec6-4e8c-b003-52a3ec9766bb', 'usr_375');
INSERT INTO trabalho.usuario VALUES ('usr_376', '376_Calebe_Moreira@gmail.com', 'Calebe Moreira', 'male', 30, 'password', 'Sao Tomé e Príncipe');
INSERT INTO trabalho.usuario_esta_inscrito_no_podcast VALUES (5, 'af46a958-b921-47b6-9f87-5c4fdc68ea79', 'usr_376');
INSERT INTO trabalho.comentarios_podcast_usuario VALUES ('comment_376_0', 'Quis sit ipsam.', 'af46a958-b921-47b6-9f87-5c4fdc68ea79', 'usr_376');
INSERT INTO trabalho.log_acesso VALUES ('log_376_0', 'af46a958-b921-47b6-9f87-5c4fdc68ea79', 'usr_376');
INSERT INTO trabalho.usuario_esta_inscrito_no_podcast VALUES (5, '5bdf7377-8330-4f9f-8efd-e95301c122ce', 'usr_376');
INSERT INTO trabalho.comentarios_podcast_usuario VALUES ('comment_376_1', 'Iure nemo qui reiciendis corporis error explicabo vero perspiciatis.', '5bdf7377-8330-4f9f-8efd-e95301c122ce', 'usr_376');
INSERT INTO trabalho.log_acesso VALUES ('log_376_1', '5bdf7377-8330-4f9f-8efd-e95301c122ce', 'usr_376');
INSERT INTO trabalho.usuario_esta_inscrito_no_podcast VALUES (2, 'f1b92ce7-47a7-43cd-8586-4a09185cdd05', 'usr_376');
INSERT INTO trabalho.comentarios_podcast_usuario VALUES ('comment_376_2', 'Cumque minima id.', 'f1b92ce7-47a7-43cd-8586-4a09185cdd05', 'usr_376');
INSERT INTO trabalho.log_acesso VALUES ('log_376_2', 'f1b92ce7-47a7-43cd-8586-4a09185cdd05', 'usr_376');
INSERT INTO trabalho.usuario VALUES ('usr_377', '377_MariaClara_Silva@yahoo.com', 'Maria Clara Silva', 'female', 7, 'password', 'Mônaco');
INSERT INTO trabalho.usuario_esta_inscrito_no_podcast VALUES (3, 'fa3abe16-3645-4d22-a01d-893e6f20c408', 'usr_377');
INSERT INTO trabalho.comentarios_podcast_usuario VALUES ('comment_377_0', 'Earum non ut.', 'fa3abe16-3645-4d22-a01d-893e6f20c408', 'usr_377');
INSERT INTO trabalho.log_acesso VALUES ('log_377_0', 'fa3abe16-3645-4d22-a01d-893e6f20c408', 'usr_377');
INSERT INTO trabalho.usuario_esta_inscrito_no_podcast VALUES (2, 'de2f0ddb-9903-436a-a5e2-54224254c818', 'usr_377');
INSERT INTO trabalho.comentarios_podcast_usuario VALUES ('comment_377_1', 'Dolores eum sint incidunt.', 'de2f0ddb-9903-436a-a5e2-54224254c818', 'usr_377');
INSERT INTO trabalho.log_acesso VALUES ('log_377_1', 'de2f0ddb-9903-436a-a5e2-54224254c818', 'usr_377');
INSERT INTO trabalho.usuario_esta_inscrito_no_podcast VALUES (1, 'c58b280a-56d4-4ad8-8c85-730e4ea86361', 'usr_377');
INSERT INTO trabalho.comentarios_podcast_usuario VALUES ('comment_377_2', 'Inventore laborum nesciunt eum.', 'c58b280a-56d4-4ad8-8c85-730e4ea86361', 'usr_377');
INSERT INTO trabalho.log_acesso VALUES ('log_377_2', 'c58b280a-56d4-4ad8-8c85-730e4ea86361', 'usr_377');
INSERT INTO trabalho.usuario VALUES ('usr_378', '378_Marcelo.Nogueira@yahoo.com', 'Marcelo Nogueira', 'male', 18, 'password', 'Argentina');
INSERT INTO trabalho.usuario_esta_inscrito_no_podcast VALUES (4, 'f8e13774-d631-4f34-93f0-2f5d55590265', 'usr_378');
INSERT INTO trabalho.comentarios_podcast_usuario VALUES ('comment_378_0', 'Repellendus sed ea.', 'f8e13774-d631-4f34-93f0-2f5d55590265', 'usr_378');
INSERT INTO trabalho.log_acesso VALUES ('log_378_0', 'f8e13774-d631-4f34-93f0-2f5d55590265', 'usr_378');
INSERT INTO trabalho.usuario_esta_inscrito_no_podcast VALUES (5, '67074e68-bc2f-442b-8af2-7d328b6af6eb', 'usr_378');
INSERT INTO trabalho.comentarios_podcast_usuario VALUES ('comment_378_1', 'Animi expedita vero explicabo dolor.', '67074e68-bc2f-442b-8af2-7d328b6af6eb', 'usr_378');
INSERT INTO trabalho.log_acesso VALUES ('log_378_1', '67074e68-bc2f-442b-8af2-7d328b6af6eb', 'usr_378');
INSERT INTO trabalho.usuario_esta_inscrito_no_podcast VALUES (5, '5bdf7377-8330-4f9f-8efd-e95301c122ce', 'usr_378');
INSERT INTO trabalho.comentarios_podcast_usuario VALUES ('comment_378_2', 'Ex sed soluta cumque maiores nobis.', '5bdf7377-8330-4f9f-8efd-e95301c122ce', 'usr_378');
INSERT INTO trabalho.log_acesso VALUES ('log_378_2', '5bdf7377-8330-4f9f-8efd-e95301c122ce', 'usr_378');
INSERT INTO trabalho.usuario VALUES ('usr_379', '379_gor_Moraes68@gmail.com', 'Ígor Moraes', 'male', 44, 'password', 'Camarões');
INSERT INTO trabalho.usuario_esta_inscrito_no_podcast VALUES (2, '5bdf7377-8330-4f9f-8efd-e95301c122ce', 'usr_379');
INSERT INTO trabalho.comentarios_podcast_usuario VALUES ('comment_379_0', 'Debitis doloribus amet est architecto quo assumenda cupiditate non repellendus.', '5bdf7377-8330-4f9f-8efd-e95301c122ce', 'usr_379');
INSERT INTO trabalho.log_acesso VALUES ('log_379_0', '5bdf7377-8330-4f9f-8efd-e95301c122ce', 'usr_379');
INSERT INTO trabalho.usuario_esta_inscrito_no_podcast VALUES (5, 'bc8dac25-793c-4a96-aafc-4ea7020f4f60', 'usr_379');
INSERT INTO trabalho.comentarios_podcast_usuario VALUES ('comment_379_1', 'Nihil eum sint dolores sint alias.', 'bc8dac25-793c-4a96-aafc-4ea7020f4f60', 'usr_379');
INSERT INTO trabalho.log_acesso VALUES ('log_379_1', 'bc8dac25-793c-4a96-aafc-4ea7020f4f60', 'usr_379');
INSERT INTO trabalho.usuario_esta_inscrito_no_podcast VALUES (3, 'de2f0ddb-9903-436a-a5e2-54224254c818', 'usr_379');
INSERT INTO trabalho.comentarios_podcast_usuario VALUES ('comment_379_2', 'Aut aliquam sit unde eveniet iure delectus.', 'de2f0ddb-9903-436a-a5e2-54224254c818', 'usr_379');
INSERT INTO trabalho.log_acesso VALUES ('log_379_2', 'de2f0ddb-9903-436a-a5e2-54224254c818', 'usr_379');
INSERT INTO trabalho.usuario VALUES ('usr_380', '380_Emanuelly_Moreira7@live.com', 'Emanuelly Moreira', 'female', 33, 'password', 'Brasil');
INSERT INTO trabalho.usuario_esta_inscrito_no_podcast VALUES (3, 'de2f0ddb-9903-436a-a5e2-54224254c818', 'usr_380');
INSERT INTO trabalho.comentarios_podcast_usuario VALUES ('comment_380_0', 'Ex ut hic possimus.', 'de2f0ddb-9903-436a-a5e2-54224254c818', 'usr_380');
INSERT INTO trabalho.log_acesso VALUES ('log_380_0', 'de2f0ddb-9903-436a-a5e2-54224254c818', 'usr_380');
INSERT INTO trabalho.usuario_esta_inscrito_no_podcast VALUES (1, 'af46a958-b921-47b6-9f87-5c4fdc68ea79', 'usr_380');
INSERT INTO trabalho.comentarios_podcast_usuario VALUES ('comment_380_1', 'Illum quod voluptas nesciunt sunt totam.', 'af46a958-b921-47b6-9f87-5c4fdc68ea79', 'usr_380');
INSERT INTO trabalho.log_acesso VALUES ('log_380_1', 'af46a958-b921-47b6-9f87-5c4fdc68ea79', 'usr_380');
INSERT INTO trabalho.usuario_esta_inscrito_no_podcast VALUES (5, 'c58b280a-56d4-4ad8-8c85-730e4ea86361', 'usr_380');
INSERT INTO trabalho.comentarios_podcast_usuario VALUES ('comment_380_2', 'In velit labore harum.', 'c58b280a-56d4-4ad8-8c85-730e4ea86361', 'usr_380');
INSERT INTO trabalho.log_acesso VALUES ('log_380_2', 'c58b280a-56d4-4ad8-8c85-730e4ea86361', 'usr_380');
INSERT INTO trabalho.usuario VALUES ('usr_381', '381_Bryan.Silva49@bol.com.br', 'Bryan Silva', 'male', 36, 'password', 'Lesoto');
INSERT INTO trabalho.usuario_esta_inscrito_no_podcast VALUES (1, 'bc8dac25-793c-4a96-aafc-4ea7020f4f60', 'usr_381');
INSERT INTO trabalho.comentarios_podcast_usuario VALUES ('comment_381_0', 'Et aliquam error.', 'bc8dac25-793c-4a96-aafc-4ea7020f4f60', 'usr_381');
INSERT INTO trabalho.log_acesso VALUES ('log_381_0', 'bc8dac25-793c-4a96-aafc-4ea7020f4f60', 'usr_381');
INSERT INTO trabalho.usuario_esta_inscrito_no_podcast VALUES (5, '67074e68-bc2f-442b-8af2-7d328b6af6eb', 'usr_381');
INSERT INTO trabalho.comentarios_podcast_usuario VALUES ('comment_381_1', 'Consequatur maiores harum et consequuntur explicabo quasi adipisci.', '67074e68-bc2f-442b-8af2-7d328b6af6eb', 'usr_381');
INSERT INTO trabalho.log_acesso VALUES ('log_381_1', '67074e68-bc2f-442b-8af2-7d328b6af6eb', 'usr_381');
INSERT INTO trabalho.usuario_esta_inscrito_no_podcast VALUES (4, 'fa3abe16-3645-4d22-a01d-893e6f20c408', 'usr_381');
INSERT INTO trabalho.comentarios_podcast_usuario VALUES ('comment_381_2', 'Aut est autem ex reiciendis.', 'fa3abe16-3645-4d22-a01d-893e6f20c408', 'usr_381');
INSERT INTO trabalho.log_acesso VALUES ('log_381_2', 'fa3abe16-3645-4d22-a01d-893e6f20c408', 'usr_381');
INSERT INTO trabalho.usuario VALUES ('usr_382', '382_Rebeca.Barros@hotmail.com', 'Rebeca Barros', 'female', 55, 'password', 'Barém');
INSERT INTO trabalho.usuario_esta_inscrito_no_podcast VALUES (3, '7e429e8e-7669-403d-bb78-3cd7f9f75afd', 'usr_382');
INSERT INTO trabalho.comentarios_podcast_usuario VALUES ('comment_382_0', 'Quae provident cupiditate voluptas.', '7e429e8e-7669-403d-bb78-3cd7f9f75afd', 'usr_382');
INSERT INTO trabalho.log_acesso VALUES ('log_382_0', '7e429e8e-7669-403d-bb78-3cd7f9f75afd', 'usr_382');
INSERT INTO trabalho.usuario_esta_inscrito_no_podcast VALUES (3, 'c58b280a-56d4-4ad8-8c85-730e4ea86361', 'usr_382');
INSERT INTO trabalho.comentarios_podcast_usuario VALUES ('comment_382_1', 'Est architecto in atque ut provident suscipit.', 'c58b280a-56d4-4ad8-8c85-730e4ea86361', 'usr_382');
INSERT INTO trabalho.log_acesso VALUES ('log_382_1', 'c58b280a-56d4-4ad8-8c85-730e4ea86361', 'usr_382');
INSERT INTO trabalho.usuario_esta_inscrito_no_podcast VALUES (2, '67074e68-bc2f-442b-8af2-7d328b6af6eb', 'usr_382');
INSERT INTO trabalho.comentarios_podcast_usuario VALUES ('comment_382_2', 'Ut atque et autem ullam beatae doloribus rerum laboriosam explicabo.', '67074e68-bc2f-442b-8af2-7d328b6af6eb', 'usr_382');
INSERT INTO trabalho.log_acesso VALUES ('log_382_2', '67074e68-bc2f-442b-8af2-7d328b6af6eb', 'usr_382');
INSERT INTO trabalho.usuario VALUES ('usr_383', '383_Lorena3@gmail.com', 'Lorena Nogueira', 'female', 26, 'password', 'Cuba');
INSERT INTO trabalho.usuario_esta_inscrito_no_podcast VALUES (3, '168c1536-4c42-4b8f-8c77-f06affefec6a', 'usr_383');
INSERT INTO trabalho.comentarios_podcast_usuario VALUES ('comment_383_0', 'Sunt dolorem veniam consequatur nisi.', '168c1536-4c42-4b8f-8c77-f06affefec6a', 'usr_383');
INSERT INTO trabalho.log_acesso VALUES ('log_383_0', '168c1536-4c42-4b8f-8c77-f06affefec6a', 'usr_383');
INSERT INTO trabalho.usuario_esta_inscrito_no_podcast VALUES (4, 'fa3abe16-3645-4d22-a01d-893e6f20c408', 'usr_383');
INSERT INTO trabalho.comentarios_podcast_usuario VALUES ('comment_383_1', 'Et dolor minus.', 'fa3abe16-3645-4d22-a01d-893e6f20c408', 'usr_383');
INSERT INTO trabalho.log_acesso VALUES ('log_383_1', 'fa3abe16-3645-4d22-a01d-893e6f20c408', 'usr_383');
INSERT INTO trabalho.usuario_esta_inscrito_no_podcast VALUES (1, 'f1b92ce7-47a7-43cd-8586-4a09185cdd05', 'usr_383');
INSERT INTO trabalho.comentarios_podcast_usuario VALUES ('comment_383_2', 'Voluptatem vitae cupiditate.', 'f1b92ce7-47a7-43cd-8586-4a09185cdd05', 'usr_383');
INSERT INTO trabalho.log_acesso VALUES ('log_383_2', 'f1b92ce7-47a7-43cd-8586-4a09185cdd05', 'usr_383');
INSERT INTO trabalho.usuario VALUES ('usr_384', '384_Morgana_Reis@gmail.com', 'Morgana Reis', 'female', 25, 'password', 'Mauritânia');
INSERT INTO trabalho.usuario_esta_inscrito_no_podcast VALUES (0, 'f1b92ce7-47a7-43cd-8586-4a09185cdd05', 'usr_384');
INSERT INTO trabalho.comentarios_podcast_usuario VALUES ('comment_384_0', 'Rem sint laborum cupiditate repudiandae at quo quia optio.', 'f1b92ce7-47a7-43cd-8586-4a09185cdd05', 'usr_384');
INSERT INTO trabalho.log_acesso VALUES ('log_384_0', 'f1b92ce7-47a7-43cd-8586-4a09185cdd05', 'usr_384');
INSERT INTO trabalho.usuario_esta_inscrito_no_podcast VALUES (4, '219328a1-cec6-4e8c-b003-52a3ec9766bb', 'usr_384');
INSERT INTO trabalho.comentarios_podcast_usuario VALUES ('comment_384_1', 'Ab quia dolor ea.', '219328a1-cec6-4e8c-b003-52a3ec9766bb', 'usr_384');
INSERT INTO trabalho.log_acesso VALUES ('log_384_1', '219328a1-cec6-4e8c-b003-52a3ec9766bb', 'usr_384');
INSERT INTO trabalho.usuario_esta_inscrito_no_podcast VALUES (3, '7e429e8e-7669-403d-bb78-3cd7f9f75afd', 'usr_384');
INSERT INTO trabalho.comentarios_podcast_usuario VALUES ('comment_384_2', 'Pariatur sit adipisci praesentium quia hic blanditiis earum.', '7e429e8e-7669-403d-bb78-3cd7f9f75afd', 'usr_384');
INSERT INTO trabalho.log_acesso VALUES ('log_384_2', '7e429e8e-7669-403d-bb78-3cd7f9f75afd', 'usr_384');
INSERT INTO trabalho.usuario VALUES ('usr_385', '385_Alice_Silva@live.com', 'Alice Silva', 'female', 15, 'password', 'Austrália');
INSERT INTO trabalho.usuario_esta_inscrito_no_podcast VALUES (3, '7e429e8e-7669-403d-bb78-3cd7f9f75afd', 'usr_385');
INSERT INTO trabalho.comentarios_podcast_usuario VALUES ('comment_385_0', 'Voluptatem sunt consequatur non.', '7e429e8e-7669-403d-bb78-3cd7f9f75afd', 'usr_385');
INSERT INTO trabalho.log_acesso VALUES ('log_385_0', '7e429e8e-7669-403d-bb78-3cd7f9f75afd', 'usr_385');
INSERT INTO trabalho.usuario_esta_inscrito_no_podcast VALUES (1, '168c1536-4c42-4b8f-8c77-f06affefec6a', 'usr_385');
INSERT INTO trabalho.comentarios_podcast_usuario VALUES ('comment_385_1', 'Cumque iste sunt.', '168c1536-4c42-4b8f-8c77-f06affefec6a', 'usr_385');
INSERT INTO trabalho.log_acesso VALUES ('log_385_1', '168c1536-4c42-4b8f-8c77-f06affefec6a', 'usr_385');
INSERT INTO trabalho.usuario_esta_inscrito_no_podcast VALUES (1, '67074e68-bc2f-442b-8af2-7d328b6af6eb', 'usr_385');
INSERT INTO trabalho.comentarios_podcast_usuario VALUES ('comment_385_2', 'Excepturi molestiae et culpa et quia ratione reiciendis voluptas.', '67074e68-bc2f-442b-8af2-7d328b6af6eb', 'usr_385');
INSERT INTO trabalho.log_acesso VALUES ('log_385_2', '67074e68-bc2f-442b-8af2-7d328b6af6eb', 'usr_385');
INSERT INTO trabalho.usuario VALUES ('usr_386', '386_Caio18@live.com', 'Caio Pereira', 'male', 11, 'password', 'Costa do Marfim');
INSERT INTO trabalho.usuario_esta_inscrito_no_podcast VALUES (5, 'de2f0ddb-9903-436a-a5e2-54224254c818', 'usr_386');
INSERT INTO trabalho.comentarios_podcast_usuario VALUES ('comment_386_0', 'Tempora non quod nemo.', 'de2f0ddb-9903-436a-a5e2-54224254c818', 'usr_386');
INSERT INTO trabalho.log_acesso VALUES ('log_386_0', 'de2f0ddb-9903-436a-a5e2-54224254c818', 'usr_386');
INSERT INTO trabalho.usuario_esta_inscrito_no_podcast VALUES (4, 'f1b92ce7-47a7-43cd-8586-4a09185cdd05', 'usr_386');
INSERT INTO trabalho.comentarios_podcast_usuario VALUES ('comment_386_1', 'Tempore aut molestiae quia voluptatum.', 'f1b92ce7-47a7-43cd-8586-4a09185cdd05', 'usr_386');
INSERT INTO trabalho.log_acesso VALUES ('log_386_1', 'f1b92ce7-47a7-43cd-8586-4a09185cdd05', 'usr_386');
INSERT INTO trabalho.usuario_esta_inscrito_no_podcast VALUES (2, '67074e68-bc2f-442b-8af2-7d328b6af6eb', 'usr_386');
INSERT INTO trabalho.comentarios_podcast_usuario VALUES ('comment_386_2', 'Dolor natus tempora.', '67074e68-bc2f-442b-8af2-7d328b6af6eb', 'usr_386');
INSERT INTO trabalho.log_acesso VALUES ('log_386_2', '67074e68-bc2f-442b-8af2-7d328b6af6eb', 'usr_386');
INSERT INTO trabalho.usuario VALUES ('usr_387', '387_JooPedro34@yahoo.com', 'João Pedro Costa', 'male', 29, 'password', 'Guiné-Bissau');
INSERT INTO trabalho.usuario_esta_inscrito_no_podcast VALUES (5, 'f8e13774-d631-4f34-93f0-2f5d55590265', 'usr_387');
INSERT INTO trabalho.comentarios_podcast_usuario VALUES ('comment_387_0', 'Excepturi consequatur quas tempora expedita quibusdam.', 'f8e13774-d631-4f34-93f0-2f5d55590265', 'usr_387');
INSERT INTO trabalho.log_acesso VALUES ('log_387_0', 'f8e13774-d631-4f34-93f0-2f5d55590265', 'usr_387');
INSERT INTO trabalho.usuario_esta_inscrito_no_podcast VALUES (4, 'c58b280a-56d4-4ad8-8c85-730e4ea86361', 'usr_387');
INSERT INTO trabalho.comentarios_podcast_usuario VALUES ('comment_387_1', 'Repellat aut consequatur et ipsa incidunt non.', 'c58b280a-56d4-4ad8-8c85-730e4ea86361', 'usr_387');
INSERT INTO trabalho.log_acesso VALUES ('log_387_1', 'c58b280a-56d4-4ad8-8c85-730e4ea86361', 'usr_387');
INSERT INTO trabalho.usuario_esta_inscrito_no_podcast VALUES (4, 'af46a958-b921-47b6-9f87-5c4fdc68ea79', 'usr_387');
INSERT INTO trabalho.comentarios_podcast_usuario VALUES ('comment_387_2', 'Aut provident distinctio nesciunt nesciunt placeat consequatur quae voluptates.', 'af46a958-b921-47b6-9f87-5c4fdc68ea79', 'usr_387');
INSERT INTO trabalho.log_acesso VALUES ('log_387_2', 'af46a958-b921-47b6-9f87-5c4fdc68ea79', 'usr_387');
INSERT INTO trabalho.usuario VALUES ('usr_388', '388_Eduardo16@bol.com.br', 'Eduardo Melo', 'male', 32, 'password', 'República Tcheca');
INSERT INTO trabalho.usuario_esta_inscrito_no_podcast VALUES (5, '67074e68-bc2f-442b-8af2-7d328b6af6eb', 'usr_388');
INSERT INTO trabalho.comentarios_podcast_usuario VALUES ('comment_388_0', 'Itaque molestias inventore dolores necessitatibus quo possimus dolorum et.', '67074e68-bc2f-442b-8af2-7d328b6af6eb', 'usr_388');
INSERT INTO trabalho.log_acesso VALUES ('log_388_0', '67074e68-bc2f-442b-8af2-7d328b6af6eb', 'usr_388');
INSERT INTO trabalho.usuario_esta_inscrito_no_podcast VALUES (0, '219328a1-cec6-4e8c-b003-52a3ec9766bb', 'usr_388');
INSERT INTO trabalho.comentarios_podcast_usuario VALUES ('comment_388_1', 'Molestiae fuga aliquam sapiente.', '219328a1-cec6-4e8c-b003-52a3ec9766bb', 'usr_388');
INSERT INTO trabalho.log_acesso VALUES ('log_388_1', '219328a1-cec6-4e8c-b003-52a3ec9766bb', 'usr_388');
INSERT INTO trabalho.usuario_esta_inscrito_no_podcast VALUES (3, 'fa3abe16-3645-4d22-a01d-893e6f20c408', 'usr_388');
INSERT INTO trabalho.comentarios_podcast_usuario VALUES ('comment_388_2', 'Quam id neque aspernatur omnis dignissimos qui asperiores deserunt.', 'fa3abe16-3645-4d22-a01d-893e6f20c408', 'usr_388');
INSERT INTO trabalho.log_acesso VALUES ('log_388_2', 'fa3abe16-3645-4d22-a01d-893e6f20c408', 'usr_388');
INSERT INTO trabalho.usuario VALUES ('usr_389', '389_Elsio.Macedo@gmail.com', 'Elísio Macedo', 'male', 31, 'password', 'África do Sul');
INSERT INTO trabalho.usuario_esta_inscrito_no_podcast VALUES (5, '219328a1-cec6-4e8c-b003-52a3ec9766bb', 'usr_389');
INSERT INTO trabalho.comentarios_podcast_usuario VALUES ('comment_389_0', 'Expedita magnam voluptatem omnis iusto error.', '219328a1-cec6-4e8c-b003-52a3ec9766bb', 'usr_389');
INSERT INTO trabalho.log_acesso VALUES ('log_389_0', '219328a1-cec6-4e8c-b003-52a3ec9766bb', 'usr_389');
INSERT INTO trabalho.usuario_esta_inscrito_no_podcast VALUES (4, 'fa3abe16-3645-4d22-a01d-893e6f20c408', 'usr_389');
INSERT INTO trabalho.comentarios_podcast_usuario VALUES ('comment_389_1', 'Labore quam et tenetur eum sit nostrum.', 'fa3abe16-3645-4d22-a01d-893e6f20c408', 'usr_389');
INSERT INTO trabalho.log_acesso VALUES ('log_389_1', 'fa3abe16-3645-4d22-a01d-893e6f20c408', 'usr_389');
INSERT INTO trabalho.usuario_esta_inscrito_no_podcast VALUES (1, 'de2f0ddb-9903-436a-a5e2-54224254c818', 'usr_389');
INSERT INTO trabalho.comentarios_podcast_usuario VALUES ('comment_389_2', 'Culpa quidem sunt nam et qui iste consequatur.', 'de2f0ddb-9903-436a-a5e2-54224254c818', 'usr_389');
INSERT INTO trabalho.log_acesso VALUES ('log_389_2', 'de2f0ddb-9903-436a-a5e2-54224254c818', 'usr_389');
INSERT INTO trabalho.usuario VALUES ('usr_390', '390_PedroHenrique33@bol.com.br', 'Pedro Henrique Moraes', 'male', 60, 'password', 'Nicarágua');
INSERT INTO trabalho.usuario_esta_inscrito_no_podcast VALUES (0, '168c1536-4c42-4b8f-8c77-f06affefec6a', 'usr_390');
INSERT INTO trabalho.comentarios_podcast_usuario VALUES ('comment_390_0', 'Quasi asperiores autem error molestiae.', '168c1536-4c42-4b8f-8c77-f06affefec6a', 'usr_390');
INSERT INTO trabalho.log_acesso VALUES ('log_390_0', '168c1536-4c42-4b8f-8c77-f06affefec6a', 'usr_390');
INSERT INTO trabalho.usuario_esta_inscrito_no_podcast VALUES (5, '219328a1-cec6-4e8c-b003-52a3ec9766bb', 'usr_390');
INSERT INTO trabalho.comentarios_podcast_usuario VALUES ('comment_390_1', 'Aut consequuntur saepe.', '219328a1-cec6-4e8c-b003-52a3ec9766bb', 'usr_390');
INSERT INTO trabalho.log_acesso VALUES ('log_390_1', '219328a1-cec6-4e8c-b003-52a3ec9766bb', 'usr_390');
INSERT INTO trabalho.usuario_esta_inscrito_no_podcast VALUES (4, '67074e68-bc2f-442b-8af2-7d328b6af6eb', 'usr_390');
INSERT INTO trabalho.comentarios_podcast_usuario VALUES ('comment_390_2', 'Et id commodi nihil consequatur blanditiis repellendus accusantium tempore dolorum.', '67074e68-bc2f-442b-8af2-7d328b6af6eb', 'usr_390');
INSERT INTO trabalho.log_acesso VALUES ('log_390_2', '67074e68-bc2f-442b-8af2-7d328b6af6eb', 'usr_390');
INSERT INTO trabalho.usuario VALUES ('usr_391', '391_Deneval.Pereira@live.com', 'Deneval Pereira', 'male', 14, 'password', 'Ilhas Svalbard & Jan Mayen');
INSERT INTO trabalho.usuario_esta_inscrito_no_podcast VALUES (3, 'b553d865-8fe2-47de-9a30-10e1dea3bd1d', 'usr_391');
INSERT INTO trabalho.comentarios_podcast_usuario VALUES ('comment_391_0', 'Ut quaerat quia ex qui natus eos reiciendis consequatur sit.', 'b553d865-8fe2-47de-9a30-10e1dea3bd1d', 'usr_391');
INSERT INTO trabalho.log_acesso VALUES ('log_391_0', 'b553d865-8fe2-47de-9a30-10e1dea3bd1d', 'usr_391');
INSERT INTO trabalho.usuario_esta_inscrito_no_podcast VALUES (4, 'af46a958-b921-47b6-9f87-5c4fdc68ea79', 'usr_391');
INSERT INTO trabalho.comentarios_podcast_usuario VALUES ('comment_391_1', 'Odio eos omnis veniam et perferendis eum delectus id.', 'af46a958-b921-47b6-9f87-5c4fdc68ea79', 'usr_391');
INSERT INTO trabalho.log_acesso VALUES ('log_391_1', 'af46a958-b921-47b6-9f87-5c4fdc68ea79', 'usr_391');
INSERT INTO trabalho.usuario_esta_inscrito_no_podcast VALUES (4, '5bdf7377-8330-4f9f-8efd-e95301c122ce', 'usr_391');
INSERT INTO trabalho.comentarios_podcast_usuario VALUES ('comment_391_2', 'Voluptatem omnis molestias nemo qui est.', '5bdf7377-8330-4f9f-8efd-e95301c122ce', 'usr_391');
INSERT INTO trabalho.log_acesso VALUES ('log_391_2', '5bdf7377-8330-4f9f-8efd-e95301c122ce', 'usr_391');
INSERT INTO trabalho.usuario VALUES ('usr_392', '392_Beatriz_Xavier@live.com', 'Beatriz Xavier', 'female', 47, 'password', 'Barém');
INSERT INTO trabalho.usuario_esta_inscrito_no_podcast VALUES (0, 'f0166bd2-8e4d-4308-b5d7-0b3d627c5dc5', 'usr_392');
INSERT INTO trabalho.comentarios_podcast_usuario VALUES ('comment_392_0', 'Et accusamus qui quia mollitia.', 'f0166bd2-8e4d-4308-b5d7-0b3d627c5dc5', 'usr_392');
INSERT INTO trabalho.log_acesso VALUES ('log_392_0', 'f0166bd2-8e4d-4308-b5d7-0b3d627c5dc5', 'usr_392');
INSERT INTO trabalho.usuario_esta_inscrito_no_podcast VALUES (2, 'af46a958-b921-47b6-9f87-5c4fdc68ea79', 'usr_392');
INSERT INTO trabalho.comentarios_podcast_usuario VALUES ('comment_392_1', 'Nihil et rem eveniet aliquam molestias et maiores.', 'af46a958-b921-47b6-9f87-5c4fdc68ea79', 'usr_392');
INSERT INTO trabalho.log_acesso VALUES ('log_392_1', 'af46a958-b921-47b6-9f87-5c4fdc68ea79', 'usr_392');
INSERT INTO trabalho.usuario_esta_inscrito_no_podcast VALUES (0, 'b553d865-8fe2-47de-9a30-10e1dea3bd1d', 'usr_392');
INSERT INTO trabalho.comentarios_podcast_usuario VALUES ('comment_392_2', 'Similique qui pariatur nihil adipisci dolore hic.', 'b553d865-8fe2-47de-9a30-10e1dea3bd1d', 'usr_392');
INSERT INTO trabalho.log_acesso VALUES ('log_392_2', 'b553d865-8fe2-47de-9a30-10e1dea3bd1d', 'usr_392');
INSERT INTO trabalho.usuario VALUES ('usr_393', '393_Yago.Macedo65@yahoo.com', 'Yago Macedo', 'male', 39, 'password', 'Chipre');
INSERT INTO trabalho.usuario_esta_inscrito_no_podcast VALUES (2, 'f1b92ce7-47a7-43cd-8586-4a09185cdd05', 'usr_393');
INSERT INTO trabalho.comentarios_podcast_usuario VALUES ('comment_393_0', 'Soluta voluptate iste voluptatem dolorem.', 'f1b92ce7-47a7-43cd-8586-4a09185cdd05', 'usr_393');
INSERT INTO trabalho.log_acesso VALUES ('log_393_0', 'f1b92ce7-47a7-43cd-8586-4a09185cdd05', 'usr_393');
INSERT INTO trabalho.usuario_esta_inscrito_no_podcast VALUES (2, '219328a1-cec6-4e8c-b003-52a3ec9766bb', 'usr_393');
INSERT INTO trabalho.comentarios_podcast_usuario VALUES ('comment_393_1', 'Quaerat consequatur et sed sint rem dolorum quia.', '219328a1-cec6-4e8c-b003-52a3ec9766bb', 'usr_393');
INSERT INTO trabalho.log_acesso VALUES ('log_393_1', '219328a1-cec6-4e8c-b003-52a3ec9766bb', 'usr_393');
INSERT INTO trabalho.usuario_esta_inscrito_no_podcast VALUES (5, 'b553d865-8fe2-47de-9a30-10e1dea3bd1d', 'usr_393');
INSERT INTO trabalho.comentarios_podcast_usuario VALUES ('comment_393_2', 'Quam velit eaque fuga iste debitis vero vel quis et.', 'b553d865-8fe2-47de-9a30-10e1dea3bd1d', 'usr_393');
INSERT INTO trabalho.log_acesso VALUES ('log_393_2', 'b553d865-8fe2-47de-9a30-10e1dea3bd1d', 'usr_393');
INSERT INTO trabalho.usuario VALUES ('usr_394', '394_Isabella89@gmail.com', 'Isabella Martins', 'female', 41, 'password', 'Tanzânia');
INSERT INTO trabalho.usuario_esta_inscrito_no_podcast VALUES (1, '67074e68-bc2f-442b-8af2-7d328b6af6eb', 'usr_394');
INSERT INTO trabalho.comentarios_podcast_usuario VALUES ('comment_394_0', 'Maiores dolor et sit voluptas quas.', '67074e68-bc2f-442b-8af2-7d328b6af6eb', 'usr_394');
INSERT INTO trabalho.log_acesso VALUES ('log_394_0', '67074e68-bc2f-442b-8af2-7d328b6af6eb', 'usr_394');
INSERT INTO trabalho.usuario_esta_inscrito_no_podcast VALUES (5, 'f1b92ce7-47a7-43cd-8586-4a09185cdd05', 'usr_394');
INSERT INTO trabalho.comentarios_podcast_usuario VALUES ('comment_394_1', 'Suscipit est perspiciatis.', 'f1b92ce7-47a7-43cd-8586-4a09185cdd05', 'usr_394');
INSERT INTO trabalho.log_acesso VALUES ('log_394_1', 'f1b92ce7-47a7-43cd-8586-4a09185cdd05', 'usr_394');
INSERT INTO trabalho.usuario_esta_inscrito_no_podcast VALUES (3, 'c58b280a-56d4-4ad8-8c85-730e4ea86361', 'usr_394');
INSERT INTO trabalho.comentarios_podcast_usuario VALUES ('comment_394_2', 'Ut iste aspernatur eum dolorum dicta nisi.', 'c58b280a-56d4-4ad8-8c85-730e4ea86361', 'usr_394');
INSERT INTO trabalho.log_acesso VALUES ('log_394_2', 'c58b280a-56d4-4ad8-8c85-730e4ea86361', 'usr_394');
INSERT INTO trabalho.usuario VALUES ('usr_395', '395_Oflia.Macedo@gmail.com', 'Ofélia Macedo', 'female', 59, 'password', 'Ilhas Salomão');
INSERT INTO trabalho.usuario_esta_inscrito_no_podcast VALUES (3, 'fa3abe16-3645-4d22-a01d-893e6f20c408', 'usr_395');
INSERT INTO trabalho.comentarios_podcast_usuario VALUES ('comment_395_0', 'Quaerat non ut aut voluptatum nesciunt ullam.', 'fa3abe16-3645-4d22-a01d-893e6f20c408', 'usr_395');
INSERT INTO trabalho.log_acesso VALUES ('log_395_0', 'fa3abe16-3645-4d22-a01d-893e6f20c408', 'usr_395');
INSERT INTO trabalho.usuario_esta_inscrito_no_podcast VALUES (3, 'de2f0ddb-9903-436a-a5e2-54224254c818', 'usr_395');
INSERT INTO trabalho.comentarios_podcast_usuario VALUES ('comment_395_1', 'Dolorum laboriosam aperiam omnis vel ut mollitia.', 'de2f0ddb-9903-436a-a5e2-54224254c818', 'usr_395');
INSERT INTO trabalho.log_acesso VALUES ('log_395_1', 'de2f0ddb-9903-436a-a5e2-54224254c818', 'usr_395');
INSERT INTO trabalho.usuario_esta_inscrito_no_podcast VALUES (4, 'c58b280a-56d4-4ad8-8c85-730e4ea86361', 'usr_395');
INSERT INTO trabalho.comentarios_podcast_usuario VALUES ('comment_395_2', 'Quidem voluptas quia ratione quo distinctio dolor et.', 'c58b280a-56d4-4ad8-8c85-730e4ea86361', 'usr_395');
INSERT INTO trabalho.log_acesso VALUES ('log_395_2', 'c58b280a-56d4-4ad8-8c85-730e4ea86361', 'usr_395');
INSERT INTO trabalho.usuario VALUES ('usr_396', '396_Ceclia94@hotmail.com', 'Cecília Santos', 'female', 37, 'password', 'Sao Tomé e Príncipe');
INSERT INTO trabalho.usuario_esta_inscrito_no_podcast VALUES (5, 'de2f0ddb-9903-436a-a5e2-54224254c818', 'usr_396');
INSERT INTO trabalho.comentarios_podcast_usuario VALUES ('comment_396_0', 'Ad et omnis facere error nobis beatae ab.', 'de2f0ddb-9903-436a-a5e2-54224254c818', 'usr_396');
INSERT INTO trabalho.log_acesso VALUES ('log_396_0', 'de2f0ddb-9903-436a-a5e2-54224254c818', 'usr_396');
INSERT INTO trabalho.usuario_esta_inscrito_no_podcast VALUES (3, 'fa3abe16-3645-4d22-a01d-893e6f20c408', 'usr_396');
INSERT INTO trabalho.comentarios_podcast_usuario VALUES ('comment_396_1', 'Est blanditiis dolor quisquam est.', 'fa3abe16-3645-4d22-a01d-893e6f20c408', 'usr_396');
INSERT INTO trabalho.log_acesso VALUES ('log_396_1', 'fa3abe16-3645-4d22-a01d-893e6f20c408', 'usr_396');
INSERT INTO trabalho.usuario_esta_inscrito_no_podcast VALUES (0, '7e429e8e-7669-403d-bb78-3cd7f9f75afd', 'usr_396');
INSERT INTO trabalho.comentarios_podcast_usuario VALUES ('comment_396_2', 'Quia saepe perferendis dolores natus occaecati omnis blanditiis.', '7e429e8e-7669-403d-bb78-3cd7f9f75afd', 'usr_396');
INSERT INTO trabalho.log_acesso VALUES ('log_396_2', '7e429e8e-7669-403d-bb78-3cd7f9f75afd', 'usr_396');
INSERT INTO trabalho.usuario VALUES ('usr_397', '397_Flix_Silva@gmail.com', 'Félix Silva', 'male', 60, 'password', 'Butão');
INSERT INTO trabalho.usuario_esta_inscrito_no_podcast VALUES (3, 'f0166bd2-8e4d-4308-b5d7-0b3d627c5dc5', 'usr_397');
INSERT INTO trabalho.comentarios_podcast_usuario VALUES ('comment_397_0', 'Possimus voluptates molestiae natus nostrum voluptatem.', 'f0166bd2-8e4d-4308-b5d7-0b3d627c5dc5', 'usr_397');
INSERT INTO trabalho.log_acesso VALUES ('log_397_0', 'f0166bd2-8e4d-4308-b5d7-0b3d627c5dc5', 'usr_397');
INSERT INTO trabalho.usuario_esta_inscrito_no_podcast VALUES (1, '67074e68-bc2f-442b-8af2-7d328b6af6eb', 'usr_397');
INSERT INTO trabalho.comentarios_podcast_usuario VALUES ('comment_397_1', 'Eligendi et qui nihil quae est.', '67074e68-bc2f-442b-8af2-7d328b6af6eb', 'usr_397');
INSERT INTO trabalho.log_acesso VALUES ('log_397_1', '67074e68-bc2f-442b-8af2-7d328b6af6eb', 'usr_397');
INSERT INTO trabalho.usuario_esta_inscrito_no_podcast VALUES (1, '7e429e8e-7669-403d-bb78-3cd7f9f75afd', 'usr_397');
INSERT INTO trabalho.comentarios_podcast_usuario VALUES ('comment_397_2', 'Repellat voluptate dolorum.', '7e429e8e-7669-403d-bb78-3cd7f9f75afd', 'usr_397');
INSERT INTO trabalho.log_acesso VALUES ('log_397_2', '7e429e8e-7669-403d-bb78-3cd7f9f75afd', 'usr_397');
INSERT INTO trabalho.usuario VALUES ('usr_398', '398_Calebe.Silva70@yahoo.com', 'Calebe Silva', 'male', 15, 'password', 'Groelândia');
INSERT INTO trabalho.usuario_esta_inscrito_no_podcast VALUES (2, 'de2f0ddb-9903-436a-a5e2-54224254c818', 'usr_398');
INSERT INTO trabalho.comentarios_podcast_usuario VALUES ('comment_398_0', 'Ducimus earum et officiis recusandae dolores.', 'de2f0ddb-9903-436a-a5e2-54224254c818', 'usr_398');
INSERT INTO trabalho.log_acesso VALUES ('log_398_0', 'de2f0ddb-9903-436a-a5e2-54224254c818', 'usr_398');
INSERT INTO trabalho.usuario_esta_inscrito_no_podcast VALUES (1, 'f1b92ce7-47a7-43cd-8586-4a09185cdd05', 'usr_398');
INSERT INTO trabalho.comentarios_podcast_usuario VALUES ('comment_398_1', 'Soluta rerum odit omnis.', 'f1b92ce7-47a7-43cd-8586-4a09185cdd05', 'usr_398');
INSERT INTO trabalho.log_acesso VALUES ('log_398_1', 'f1b92ce7-47a7-43cd-8586-4a09185cdd05', 'usr_398');
INSERT INTO trabalho.usuario_esta_inscrito_no_podcast VALUES (3, 'b553d865-8fe2-47de-9a30-10e1dea3bd1d', 'usr_398');
INSERT INTO trabalho.comentarios_podcast_usuario VALUES ('comment_398_2', 'Et molestiae est.', 'b553d865-8fe2-47de-9a30-10e1dea3bd1d', 'usr_398');
INSERT INTO trabalho.log_acesso VALUES ('log_398_2', 'b553d865-8fe2-47de-9a30-10e1dea3bd1d', 'usr_398');
INSERT INTO trabalho.usuario VALUES ('usr_399', '399_Felipe_Carvalho@gmail.com', 'Felipe Carvalho', 'male', 28, 'password', 'Granada');
INSERT INTO trabalho.usuario_esta_inscrito_no_podcast VALUES (3, 'af46a958-b921-47b6-9f87-5c4fdc68ea79', 'usr_399');
INSERT INTO trabalho.comentarios_podcast_usuario VALUES ('comment_399_0', 'Occaecati quia id quam iure ratione.', 'af46a958-b921-47b6-9f87-5c4fdc68ea79', 'usr_399');
INSERT INTO trabalho.log_acesso VALUES ('log_399_0', 'af46a958-b921-47b6-9f87-5c4fdc68ea79', 'usr_399');
INSERT INTO trabalho.usuario_esta_inscrito_no_podcast VALUES (1, '219328a1-cec6-4e8c-b003-52a3ec9766bb', 'usr_399');
INSERT INTO trabalho.comentarios_podcast_usuario VALUES ('comment_399_1', 'Fugiat doloremque occaecati impedit animi ut.', '219328a1-cec6-4e8c-b003-52a3ec9766bb', 'usr_399');
INSERT INTO trabalho.log_acesso VALUES ('log_399_1', '219328a1-cec6-4e8c-b003-52a3ec9766bb', 'usr_399');
INSERT INTO trabalho.usuario_esta_inscrito_no_podcast VALUES (5, 'c58b280a-56d4-4ad8-8c85-730e4ea86361', 'usr_399');
INSERT INTO trabalho.comentarios_podcast_usuario VALUES ('comment_399_2', 'Dignissimos et est quia quod.', 'c58b280a-56d4-4ad8-8c85-730e4ea86361', 'usr_399');
INSERT INTO trabalho.log_acesso VALUES ('log_399_2', 'c58b280a-56d4-4ad8-8c85-730e4ea86361', 'usr_399');
INSERT INTO trabalho.usuario VALUES ('usr_400', '400_Yuri_Costa65@bol.com.br', 'Yuri Costa', 'male', 33, 'password', 'Luxemburgo');
INSERT INTO trabalho.usuario_esta_inscrito_no_podcast VALUES (3, '7e429e8e-7669-403d-bb78-3cd7f9f75afd', 'usr_400');
INSERT INTO trabalho.comentarios_podcast_usuario VALUES ('comment_400_0', 'Voluptatem et magni.', '7e429e8e-7669-403d-bb78-3cd7f9f75afd', 'usr_400');
INSERT INTO trabalho.log_acesso VALUES ('log_400_0', '7e429e8e-7669-403d-bb78-3cd7f9f75afd', 'usr_400');
INSERT INTO trabalho.usuario_esta_inscrito_no_podcast VALUES (1, '168c1536-4c42-4b8f-8c77-f06affefec6a', 'usr_400');
INSERT INTO trabalho.comentarios_podcast_usuario VALUES ('comment_400_1', 'Molestiae qui facilis vel eum.', '168c1536-4c42-4b8f-8c77-f06affefec6a', 'usr_400');
INSERT INTO trabalho.log_acesso VALUES ('log_400_1', '168c1536-4c42-4b8f-8c77-f06affefec6a', 'usr_400');
INSERT INTO trabalho.usuario_esta_inscrito_no_podcast VALUES (1, 'f0166bd2-8e4d-4308-b5d7-0b3d627c5dc5', 'usr_400');
INSERT INTO trabalho.comentarios_podcast_usuario VALUES ('comment_400_2', 'Molestiae suscipit dicta.', 'f0166bd2-8e4d-4308-b5d7-0b3d627c5dc5', 'usr_400');
INSERT INTO trabalho.log_acesso VALUES ('log_400_2', 'f0166bd2-8e4d-4308-b5d7-0b3d627c5dc5', 'usr_400');
INSERT INTO trabalho.usuario VALUES ('usr_401', '401_MariaHelena_Carvalho24@yahoo.com', 'Maria Helena Carvalho', 'female', 10, 'password', 'Burkina Faso');
INSERT INTO trabalho.usuario_esta_inscrito_no_podcast VALUES (4, 'f1b92ce7-47a7-43cd-8586-4a09185cdd05', 'usr_401');
INSERT INTO trabalho.comentarios_podcast_usuario VALUES ('comment_401_0', 'Adipisci sunt ea incidunt quidem quia non consectetur vero.', 'f1b92ce7-47a7-43cd-8586-4a09185cdd05', 'usr_401');
INSERT INTO trabalho.log_acesso VALUES ('log_401_0', 'f1b92ce7-47a7-43cd-8586-4a09185cdd05', 'usr_401');
INSERT INTO trabalho.usuario_esta_inscrito_no_podcast VALUES (1, 'f8e13774-d631-4f34-93f0-2f5d55590265', 'usr_401');
INSERT INTO trabalho.comentarios_podcast_usuario VALUES ('comment_401_1', 'Similique dolores sed.', 'f8e13774-d631-4f34-93f0-2f5d55590265', 'usr_401');
INSERT INTO trabalho.log_acesso VALUES ('log_401_1', 'f8e13774-d631-4f34-93f0-2f5d55590265', 'usr_401');
INSERT INTO trabalho.usuario_esta_inscrito_no_podcast VALUES (3, 'b553d865-8fe2-47de-9a30-10e1dea3bd1d', 'usr_401');
INSERT INTO trabalho.comentarios_podcast_usuario VALUES ('comment_401_2', 'Laudantium repellendus ipsam unde id.', 'b553d865-8fe2-47de-9a30-10e1dea3bd1d', 'usr_401');
INSERT INTO trabalho.log_acesso VALUES ('log_401_2', 'b553d865-8fe2-47de-9a30-10e1dea3bd1d', 'usr_401');
INSERT INTO trabalho.usuario VALUES ('usr_402', '402_Lorena.Martins@gmail.com', 'Lorena Martins', 'female', 40, 'password', 'Camboja');
INSERT INTO trabalho.usuario_esta_inscrito_no_podcast VALUES (1, 'fa3abe16-3645-4d22-a01d-893e6f20c408', 'usr_402');
INSERT INTO trabalho.comentarios_podcast_usuario VALUES ('comment_402_0', 'Magnam eos est est impedit blanditiis sit voluptatum.', 'fa3abe16-3645-4d22-a01d-893e6f20c408', 'usr_402');
INSERT INTO trabalho.log_acesso VALUES ('log_402_0', 'fa3abe16-3645-4d22-a01d-893e6f20c408', 'usr_402');
INSERT INTO trabalho.usuario_esta_inscrito_no_podcast VALUES (4, '5bdf7377-8330-4f9f-8efd-e95301c122ce', 'usr_402');
INSERT INTO trabalho.comentarios_podcast_usuario VALUES ('comment_402_1', 'Unde quia natus nesciunt.', '5bdf7377-8330-4f9f-8efd-e95301c122ce', 'usr_402');
INSERT INTO trabalho.log_acesso VALUES ('log_402_1', '5bdf7377-8330-4f9f-8efd-e95301c122ce', 'usr_402');
INSERT INTO trabalho.usuario_esta_inscrito_no_podcast VALUES (4, 'bc8dac25-793c-4a96-aafc-4ea7020f4f60', 'usr_402');
INSERT INTO trabalho.comentarios_podcast_usuario VALUES ('comment_402_2', 'Excepturi aut sed voluptas provident.', 'bc8dac25-793c-4a96-aafc-4ea7020f4f60', 'usr_402');
INSERT INTO trabalho.log_acesso VALUES ('log_402_2', 'bc8dac25-793c-4a96-aafc-4ea7020f4f60', 'usr_402');
INSERT INTO trabalho.usuario VALUES ('usr_403', '403_Bryan_Moreira@hotmail.com', 'Bryan Moreira', 'male', 42, 'password', 'Tuvalu');
INSERT INTO trabalho.usuario_esta_inscrito_no_podcast VALUES (5, 'af46a958-b921-47b6-9f87-5c4fdc68ea79', 'usr_403');
INSERT INTO trabalho.comentarios_podcast_usuario VALUES ('comment_403_0', 'Et est modi magni voluptatem occaecati.', 'af46a958-b921-47b6-9f87-5c4fdc68ea79', 'usr_403');
INSERT INTO trabalho.log_acesso VALUES ('log_403_0', 'af46a958-b921-47b6-9f87-5c4fdc68ea79', 'usr_403');
INSERT INTO trabalho.usuario_esta_inscrito_no_podcast VALUES (5, 'c58b280a-56d4-4ad8-8c85-730e4ea86361', 'usr_403');
INSERT INTO trabalho.comentarios_podcast_usuario VALUES ('comment_403_1', 'Nesciunt ratione repellendus laudantium aut at iste quia possimus.', 'c58b280a-56d4-4ad8-8c85-730e4ea86361', 'usr_403');
INSERT INTO trabalho.log_acesso VALUES ('log_403_1', 'c58b280a-56d4-4ad8-8c85-730e4ea86361', 'usr_403');
INSERT INTO trabalho.usuario_esta_inscrito_no_podcast VALUES (0, 'f8e13774-d631-4f34-93f0-2f5d55590265', 'usr_403');
INSERT INTO trabalho.comentarios_podcast_usuario VALUES ('comment_403_2', 'Optio ut est iure.', 'f8e13774-d631-4f34-93f0-2f5d55590265', 'usr_403');
INSERT INTO trabalho.log_acesso VALUES ('log_403_2', 'f8e13774-d631-4f34-93f0-2f5d55590265', 'usr_403');
INSERT INTO trabalho.usuario VALUES ('usr_404', '404_Lara.Carvalho@bol.com.br', 'Lara Carvalho', 'female', 15, 'password', 'Hungria');
INSERT INTO trabalho.usuario_esta_inscrito_no_podcast VALUES (5, 'de2f0ddb-9903-436a-a5e2-54224254c818', 'usr_404');
INSERT INTO trabalho.comentarios_podcast_usuario VALUES ('comment_404_0', 'Voluptatem sit sed sapiente dolor totam non eius.', 'de2f0ddb-9903-436a-a5e2-54224254c818', 'usr_404');
INSERT INTO trabalho.log_acesso VALUES ('log_404_0', 'de2f0ddb-9903-436a-a5e2-54224254c818', 'usr_404');
INSERT INTO trabalho.usuario_esta_inscrito_no_podcast VALUES (0, '219328a1-cec6-4e8c-b003-52a3ec9766bb', 'usr_404');
INSERT INTO trabalho.comentarios_podcast_usuario VALUES ('comment_404_1', 'Aperiam vitae qui labore recusandae dolor id at qui aut.', '219328a1-cec6-4e8c-b003-52a3ec9766bb', 'usr_404');
INSERT INTO trabalho.log_acesso VALUES ('log_404_1', '219328a1-cec6-4e8c-b003-52a3ec9766bb', 'usr_404');
INSERT INTO trabalho.usuario_esta_inscrito_no_podcast VALUES (5, 'c58b280a-56d4-4ad8-8c85-730e4ea86361', 'usr_404');
INSERT INTO trabalho.comentarios_podcast_usuario VALUES ('comment_404_2', 'Aperiam laudantium sapiente quaerat odio.', 'c58b280a-56d4-4ad8-8c85-730e4ea86361', 'usr_404');
INSERT INTO trabalho.log_acesso VALUES ('log_404_2', 'c58b280a-56d4-4ad8-8c85-730e4ea86361', 'usr_404');
INSERT INTO trabalho.usuario VALUES ('usr_405', '405_Davi_Reis71@hotmail.com', 'Davi Reis', 'male', 56, 'password', 'Chile');
INSERT INTO trabalho.usuario_esta_inscrito_no_podcast VALUES (0, '168c1536-4c42-4b8f-8c77-f06affefec6a', 'usr_405');
INSERT INTO trabalho.comentarios_podcast_usuario VALUES ('comment_405_0', 'Facere est sit.', '168c1536-4c42-4b8f-8c77-f06affefec6a', 'usr_405');
INSERT INTO trabalho.log_acesso VALUES ('log_405_0', '168c1536-4c42-4b8f-8c77-f06affefec6a', 'usr_405');
INSERT INTO trabalho.usuario_esta_inscrito_no_podcast VALUES (1, '7e429e8e-7669-403d-bb78-3cd7f9f75afd', 'usr_405');
INSERT INTO trabalho.comentarios_podcast_usuario VALUES ('comment_405_1', 'Eum porro eum aut quis ipsam explicabo voluptates doloribus cupiditate.', '7e429e8e-7669-403d-bb78-3cd7f9f75afd', 'usr_405');
INSERT INTO trabalho.log_acesso VALUES ('log_405_1', '7e429e8e-7669-403d-bb78-3cd7f9f75afd', 'usr_405');
INSERT INTO trabalho.usuario_esta_inscrito_no_podcast VALUES (3, 'de2f0ddb-9903-436a-a5e2-54224254c818', 'usr_405');
INSERT INTO trabalho.comentarios_podcast_usuario VALUES ('comment_405_2', 'Minima porro deserunt laboriosam.', 'de2f0ddb-9903-436a-a5e2-54224254c818', 'usr_405');
INSERT INTO trabalho.log_acesso VALUES ('log_405_2', 'de2f0ddb-9903-436a-a5e2-54224254c818', 'usr_405');
INSERT INTO trabalho.usuario VALUES ('usr_406', '406_Elo_Batista@bol.com.br', 'Eloá Batista', 'female', 32, 'password', 'Bermuda');
INSERT INTO trabalho.usuario_esta_inscrito_no_podcast VALUES (4, 'c58b280a-56d4-4ad8-8c85-730e4ea86361', 'usr_406');
INSERT INTO trabalho.comentarios_podcast_usuario VALUES ('comment_406_0', 'Corrupti et culpa placeat.', 'c58b280a-56d4-4ad8-8c85-730e4ea86361', 'usr_406');
INSERT INTO trabalho.log_acesso VALUES ('log_406_0', 'c58b280a-56d4-4ad8-8c85-730e4ea86361', 'usr_406');
INSERT INTO trabalho.usuario_esta_inscrito_no_podcast VALUES (3, 'bc8dac25-793c-4a96-aafc-4ea7020f4f60', 'usr_406');
INSERT INTO trabalho.comentarios_podcast_usuario VALUES ('comment_406_1', 'Consequatur qui sit beatae.', 'bc8dac25-793c-4a96-aafc-4ea7020f4f60', 'usr_406');
INSERT INTO trabalho.log_acesso VALUES ('log_406_1', 'bc8dac25-793c-4a96-aafc-4ea7020f4f60', 'usr_406');
INSERT INTO trabalho.usuario_esta_inscrito_no_podcast VALUES (5, 'f8e13774-d631-4f34-93f0-2f5d55590265', 'usr_406');
INSERT INTO trabalho.comentarios_podcast_usuario VALUES ('comment_406_2', 'In aut sequi inventore hic vel laudantium animi doloribus natus.', 'f8e13774-d631-4f34-93f0-2f5d55590265', 'usr_406');
INSERT INTO trabalho.log_acesso VALUES ('log_406_2', 'f8e13774-d631-4f34-93f0-2f5d55590265', 'usr_406');
INSERT INTO trabalho.usuario VALUES ('usr_407', '407_AnaJlia83@yahoo.com', 'Ana Júlia Oliveira', 'female', 23, 'password', 'Eslováquia');
INSERT INTO trabalho.usuario_esta_inscrito_no_podcast VALUES (0, '7e429e8e-7669-403d-bb78-3cd7f9f75afd', 'usr_407');
INSERT INTO trabalho.comentarios_podcast_usuario VALUES ('comment_407_0', 'Corrupti architecto dolorum non est libero dignissimos itaque et.', '7e429e8e-7669-403d-bb78-3cd7f9f75afd', 'usr_407');
INSERT INTO trabalho.log_acesso VALUES ('log_407_0', '7e429e8e-7669-403d-bb78-3cd7f9f75afd', 'usr_407');
INSERT INTO trabalho.usuario_esta_inscrito_no_podcast VALUES (1, '5bdf7377-8330-4f9f-8efd-e95301c122ce', 'usr_407');
INSERT INTO trabalho.comentarios_podcast_usuario VALUES ('comment_407_1', 'Beatae consectetur amet est nisi.', '5bdf7377-8330-4f9f-8efd-e95301c122ce', 'usr_407');
INSERT INTO trabalho.log_acesso VALUES ('log_407_1', '5bdf7377-8330-4f9f-8efd-e95301c122ce', 'usr_407');
INSERT INTO trabalho.usuario_esta_inscrito_no_podcast VALUES (2, 'de2f0ddb-9903-436a-a5e2-54224254c818', 'usr_407');
INSERT INTO trabalho.comentarios_podcast_usuario VALUES ('comment_407_2', 'Sunt et quos.', 'de2f0ddb-9903-436a-a5e2-54224254c818', 'usr_407');
INSERT INTO trabalho.log_acesso VALUES ('log_407_2', 'de2f0ddb-9903-436a-a5e2-54224254c818', 'usr_407');
INSERT INTO trabalho.usuario VALUES ('usr_408', '408_Isabel46@gmail.com', 'Isabel Moreira', 'female', 14, 'password', 'Guatemala');
INSERT INTO trabalho.usuario_esta_inscrito_no_podcast VALUES (3, 'fa3abe16-3645-4d22-a01d-893e6f20c408', 'usr_408');
INSERT INTO trabalho.comentarios_podcast_usuario VALUES ('comment_408_0', 'Qui id quod.', 'fa3abe16-3645-4d22-a01d-893e6f20c408', 'usr_408');
INSERT INTO trabalho.log_acesso VALUES ('log_408_0', 'fa3abe16-3645-4d22-a01d-893e6f20c408', 'usr_408');
INSERT INTO trabalho.usuario_esta_inscrito_no_podcast VALUES (1, 'bc8dac25-793c-4a96-aafc-4ea7020f4f60', 'usr_408');
INSERT INTO trabalho.comentarios_podcast_usuario VALUES ('comment_408_1', 'Quia officia ea est.', 'bc8dac25-793c-4a96-aafc-4ea7020f4f60', 'usr_408');
INSERT INTO trabalho.log_acesso VALUES ('log_408_1', 'bc8dac25-793c-4a96-aafc-4ea7020f4f60', 'usr_408');
INSERT INTO trabalho.usuario_esta_inscrito_no_podcast VALUES (1, 'c58b280a-56d4-4ad8-8c85-730e4ea86361', 'usr_408');
INSERT INTO trabalho.comentarios_podcast_usuario VALUES ('comment_408_2', 'Accusantium est eligendi officia est.', 'c58b280a-56d4-4ad8-8c85-730e4ea86361', 'usr_408');
INSERT INTO trabalho.log_acesso VALUES ('log_408_2', 'c58b280a-56d4-4ad8-8c85-730e4ea86361', 'usr_408');
INSERT INTO trabalho.usuario VALUES ('usr_409', '409_MariaLuiza7@bol.com.br', 'Maria Luiza Nogueira', 'female', 32, 'password', 'São Bartolomeu');
INSERT INTO trabalho.usuario_esta_inscrito_no_podcast VALUES (5, 'f8e13774-d631-4f34-93f0-2f5d55590265', 'usr_409');
INSERT INTO trabalho.comentarios_podcast_usuario VALUES ('comment_409_0', 'Qui consequatur adipisci reiciendis voluptatem aliquam est.', 'f8e13774-d631-4f34-93f0-2f5d55590265', 'usr_409');
INSERT INTO trabalho.log_acesso VALUES ('log_409_0', 'f8e13774-d631-4f34-93f0-2f5d55590265', 'usr_409');
INSERT INTO trabalho.usuario_esta_inscrito_no_podcast VALUES (0, 'bc8dac25-793c-4a96-aafc-4ea7020f4f60', 'usr_409');
INSERT INTO trabalho.comentarios_podcast_usuario VALUES ('comment_409_1', 'Omnis deserunt ut aliquam in temporibus.', 'bc8dac25-793c-4a96-aafc-4ea7020f4f60', 'usr_409');
INSERT INTO trabalho.log_acesso VALUES ('log_409_1', 'bc8dac25-793c-4a96-aafc-4ea7020f4f60', 'usr_409');
INSERT INTO trabalho.usuario_esta_inscrito_no_podcast VALUES (1, '5bdf7377-8330-4f9f-8efd-e95301c122ce', 'usr_409');
INSERT INTO trabalho.comentarios_podcast_usuario VALUES ('comment_409_2', 'Impedit natus quia dolore et quod.', '5bdf7377-8330-4f9f-8efd-e95301c122ce', 'usr_409');
INSERT INTO trabalho.log_acesso VALUES ('log_409_2', '5bdf7377-8330-4f9f-8efd-e95301c122ce', 'usr_409');
INSERT INTO trabalho.usuario VALUES ('usr_410', '410_Isabella_Santos@live.com', 'Isabella Santos', 'female', 30, 'password', 'Jordânia');
INSERT INTO trabalho.usuario_esta_inscrito_no_podcast VALUES (3, 'af46a958-b921-47b6-9f87-5c4fdc68ea79', 'usr_410');
INSERT INTO trabalho.comentarios_podcast_usuario VALUES ('comment_410_0', 'Non a sed amet sint aut et labore repellendus quasi.', 'af46a958-b921-47b6-9f87-5c4fdc68ea79', 'usr_410');
INSERT INTO trabalho.log_acesso VALUES ('log_410_0', 'af46a958-b921-47b6-9f87-5c4fdc68ea79', 'usr_410');
INSERT INTO trabalho.usuario_esta_inscrito_no_podcast VALUES (5, 'b553d865-8fe2-47de-9a30-10e1dea3bd1d', 'usr_410');
INSERT INTO trabalho.comentarios_podcast_usuario VALUES ('comment_410_1', 'Et a atque sunt nihil natus quod reiciendis.', 'b553d865-8fe2-47de-9a30-10e1dea3bd1d', 'usr_410');
INSERT INTO trabalho.log_acesso VALUES ('log_410_1', 'b553d865-8fe2-47de-9a30-10e1dea3bd1d', 'usr_410');
INSERT INTO trabalho.usuario_esta_inscrito_no_podcast VALUES (1, '168c1536-4c42-4b8f-8c77-f06affefec6a', 'usr_410');
INSERT INTO trabalho.comentarios_podcast_usuario VALUES ('comment_410_2', 'Dolore odio et numquam earum.', '168c1536-4c42-4b8f-8c77-f06affefec6a', 'usr_410');
INSERT INTO trabalho.log_acesso VALUES ('log_410_2', '168c1536-4c42-4b8f-8c77-f06affefec6a', 'usr_410');
INSERT INTO trabalho.usuario VALUES ('usr_411', '411_MariaEduarda.Pereira@hotmail.com', 'Maria Eduarda Pereira', 'female', 15, 'password', 'Andorra');
INSERT INTO trabalho.usuario_esta_inscrito_no_podcast VALUES (5, 'af46a958-b921-47b6-9f87-5c4fdc68ea79', 'usr_411');
INSERT INTO trabalho.comentarios_podcast_usuario VALUES ('comment_411_0', 'Repudiandae qui in quasi aut consequatur non magnam.', 'af46a958-b921-47b6-9f87-5c4fdc68ea79', 'usr_411');
INSERT INTO trabalho.log_acesso VALUES ('log_411_0', 'af46a958-b921-47b6-9f87-5c4fdc68ea79', 'usr_411');
INSERT INTO trabalho.usuario_esta_inscrito_no_podcast VALUES (1, 'fa3abe16-3645-4d22-a01d-893e6f20c408', 'usr_411');
INSERT INTO trabalho.comentarios_podcast_usuario VALUES ('comment_411_1', 'Recusandae eum dolorum et distinctio ut laudantium quia.', 'fa3abe16-3645-4d22-a01d-893e6f20c408', 'usr_411');
INSERT INTO trabalho.log_acesso VALUES ('log_411_1', 'fa3abe16-3645-4d22-a01d-893e6f20c408', 'usr_411');
INSERT INTO trabalho.usuario_esta_inscrito_no_podcast VALUES (4, '168c1536-4c42-4b8f-8c77-f06affefec6a', 'usr_411');
INSERT INTO trabalho.comentarios_podcast_usuario VALUES ('comment_411_2', 'Sint est placeat.', '168c1536-4c42-4b8f-8c77-f06affefec6a', 'usr_411');
INSERT INTO trabalho.log_acesso VALUES ('log_411_2', '168c1536-4c42-4b8f-8c77-f06affefec6a', 'usr_411');
INSERT INTO trabalho.usuario VALUES ('usr_412', '412_Rebeca.Franco@hotmail.com', 'Rebeca Franco', 'female', 40, 'password', 'Gana');
INSERT INTO trabalho.usuario_esta_inscrito_no_podcast VALUES (2, '219328a1-cec6-4e8c-b003-52a3ec9766bb', 'usr_412');
INSERT INTO trabalho.comentarios_podcast_usuario VALUES ('comment_412_0', 'Exercitationem odit sed quasi aut aut.', '219328a1-cec6-4e8c-b003-52a3ec9766bb', 'usr_412');
INSERT INTO trabalho.log_acesso VALUES ('log_412_0', '219328a1-cec6-4e8c-b003-52a3ec9766bb', 'usr_412');
INSERT INTO trabalho.usuario_esta_inscrito_no_podcast VALUES (2, '7e429e8e-7669-403d-bb78-3cd7f9f75afd', 'usr_412');
INSERT INTO trabalho.comentarios_podcast_usuario VALUES ('comment_412_1', 'Velit voluptatem blanditiis architecto et reiciendis sed vitae ullam qui.', '7e429e8e-7669-403d-bb78-3cd7f9f75afd', 'usr_412');
INSERT INTO trabalho.log_acesso VALUES ('log_412_1', '7e429e8e-7669-403d-bb78-3cd7f9f75afd', 'usr_412');
INSERT INTO trabalho.usuario_esta_inscrito_no_podcast VALUES (1, 'f0166bd2-8e4d-4308-b5d7-0b3d627c5dc5', 'usr_412');
INSERT INTO trabalho.comentarios_podcast_usuario VALUES ('comment_412_2', 'Dolores id praesentium vel rem sint dolor.', 'f0166bd2-8e4d-4308-b5d7-0b3d627c5dc5', 'usr_412');
INSERT INTO trabalho.log_acesso VALUES ('log_412_2', 'f0166bd2-8e4d-4308-b5d7-0b3d627c5dc5', 'usr_412');
INSERT INTO trabalho.usuario VALUES ('usr_413', '413_Sirineu88@live.com', 'Sirineu Martins', 'male', 26, 'password', 'Trinidad e Tobago');
INSERT INTO trabalho.usuario_esta_inscrito_no_podcast VALUES (4, '67074e68-bc2f-442b-8af2-7d328b6af6eb', 'usr_413');
INSERT INTO trabalho.comentarios_podcast_usuario VALUES ('comment_413_0', 'Error voluptatibus natus eligendi accusamus et quaerat quisquam porro.', '67074e68-bc2f-442b-8af2-7d328b6af6eb', 'usr_413');
INSERT INTO trabalho.log_acesso VALUES ('log_413_0', '67074e68-bc2f-442b-8af2-7d328b6af6eb', 'usr_413');
INSERT INTO trabalho.usuario_esta_inscrito_no_podcast VALUES (0, 'f0166bd2-8e4d-4308-b5d7-0b3d627c5dc5', 'usr_413');
INSERT INTO trabalho.comentarios_podcast_usuario VALUES ('comment_413_1', 'Quaerat laboriosam asperiores consequatur.', 'f0166bd2-8e4d-4308-b5d7-0b3d627c5dc5', 'usr_413');
INSERT INTO trabalho.log_acesso VALUES ('log_413_1', 'f0166bd2-8e4d-4308-b5d7-0b3d627c5dc5', 'usr_413');
INSERT INTO trabalho.usuario_esta_inscrito_no_podcast VALUES (5, '168c1536-4c42-4b8f-8c77-f06affefec6a', 'usr_413');
INSERT INTO trabalho.comentarios_podcast_usuario VALUES ('comment_413_2', 'Quia aut eos.', '168c1536-4c42-4b8f-8c77-f06affefec6a', 'usr_413');
INSERT INTO trabalho.log_acesso VALUES ('log_413_2', '168c1536-4c42-4b8f-8c77-f06affefec6a', 'usr_413');
INSERT INTO trabalho.usuario VALUES ('usr_414', '414_Sara.Costa59@hotmail.com', 'Sara Costa', 'female', 57, 'password', 'Quiribati');
INSERT INTO trabalho.usuario_esta_inscrito_no_podcast VALUES (1, 'f1b92ce7-47a7-43cd-8586-4a09185cdd05', 'usr_414');
INSERT INTO trabalho.comentarios_podcast_usuario VALUES ('comment_414_0', 'Ducimus dolor aut nemo accusantium vel eos alias et quia.', 'f1b92ce7-47a7-43cd-8586-4a09185cdd05', 'usr_414');
INSERT INTO trabalho.log_acesso VALUES ('log_414_0', 'f1b92ce7-47a7-43cd-8586-4a09185cdd05', 'usr_414');
INSERT INTO trabalho.usuario_esta_inscrito_no_podcast VALUES (1, 'af46a958-b921-47b6-9f87-5c4fdc68ea79', 'usr_414');
INSERT INTO trabalho.comentarios_podcast_usuario VALUES ('comment_414_1', 'Praesentium ratione atque nostrum earum enim.', 'af46a958-b921-47b6-9f87-5c4fdc68ea79', 'usr_414');
INSERT INTO trabalho.log_acesso VALUES ('log_414_1', 'af46a958-b921-47b6-9f87-5c4fdc68ea79', 'usr_414');
INSERT INTO trabalho.usuario_esta_inscrito_no_podcast VALUES (1, 'c58b280a-56d4-4ad8-8c85-730e4ea86361', 'usr_414');
INSERT INTO trabalho.comentarios_podcast_usuario VALUES ('comment_414_2', 'Ut dolores sed.', 'c58b280a-56d4-4ad8-8c85-730e4ea86361', 'usr_414');
INSERT INTO trabalho.log_acesso VALUES ('log_414_2', 'c58b280a-56d4-4ad8-8c85-730e4ea86361', 'usr_414');
INSERT INTO trabalho.usuario VALUES ('usr_415', '415_Washington.Santos85@gmail.com', 'Washington Santos', 'male', 59, 'password', 'Gana');
INSERT INTO trabalho.usuario_esta_inscrito_no_podcast VALUES (2, 'fa3abe16-3645-4d22-a01d-893e6f20c408', 'usr_415');
INSERT INTO trabalho.comentarios_podcast_usuario VALUES ('comment_415_0', 'Unde exercitationem vel quos quia alias in quod.', 'fa3abe16-3645-4d22-a01d-893e6f20c408', 'usr_415');
INSERT INTO trabalho.log_acesso VALUES ('log_415_0', 'fa3abe16-3645-4d22-a01d-893e6f20c408', 'usr_415');
INSERT INTO trabalho.usuario_esta_inscrito_no_podcast VALUES (3, 'af46a958-b921-47b6-9f87-5c4fdc68ea79', 'usr_415');
INSERT INTO trabalho.comentarios_podcast_usuario VALUES ('comment_415_1', 'Omnis facere nulla.', 'af46a958-b921-47b6-9f87-5c4fdc68ea79', 'usr_415');
INSERT INTO trabalho.log_acesso VALUES ('log_415_1', 'af46a958-b921-47b6-9f87-5c4fdc68ea79', 'usr_415');
INSERT INTO trabalho.usuario_esta_inscrito_no_podcast VALUES (1, 'c58b280a-56d4-4ad8-8c85-730e4ea86361', 'usr_415');
INSERT INTO trabalho.comentarios_podcast_usuario VALUES ('comment_415_2', 'Qui ullam quas quos quam totam.', 'c58b280a-56d4-4ad8-8c85-730e4ea86361', 'usr_415');
INSERT INTO trabalho.log_acesso VALUES ('log_415_2', 'c58b280a-56d4-4ad8-8c85-730e4ea86361', 'usr_415');
INSERT INTO trabalho.usuario VALUES ('usr_416', '416_Elo_Macedo95@hotmail.com', 'Eloá Macedo', 'female', 53, 'password', 'Nicarágua');
INSERT INTO trabalho.usuario_esta_inscrito_no_podcast VALUES (1, 'f8e13774-d631-4f34-93f0-2f5d55590265', 'usr_416');
INSERT INTO trabalho.comentarios_podcast_usuario VALUES ('comment_416_0', 'Suscipit quas veniam fugit.', 'f8e13774-d631-4f34-93f0-2f5d55590265', 'usr_416');
INSERT INTO trabalho.log_acesso VALUES ('log_416_0', 'f8e13774-d631-4f34-93f0-2f5d55590265', 'usr_416');
INSERT INTO trabalho.usuario_esta_inscrito_no_podcast VALUES (2, '168c1536-4c42-4b8f-8c77-f06affefec6a', 'usr_416');
INSERT INTO trabalho.comentarios_podcast_usuario VALUES ('comment_416_1', 'Est et adipisci.', '168c1536-4c42-4b8f-8c77-f06affefec6a', 'usr_416');
INSERT INTO trabalho.log_acesso VALUES ('log_416_1', '168c1536-4c42-4b8f-8c77-f06affefec6a', 'usr_416');
INSERT INTO trabalho.usuario_esta_inscrito_no_podcast VALUES (2, 'fa3abe16-3645-4d22-a01d-893e6f20c408', 'usr_416');
INSERT INTO trabalho.comentarios_podcast_usuario VALUES ('comment_416_2', 'Necessitatibus nihil laudantium enim facere inventore.', 'fa3abe16-3645-4d22-a01d-893e6f20c408', 'usr_416');
INSERT INTO trabalho.log_acesso VALUES ('log_416_2', 'fa3abe16-3645-4d22-a01d-893e6f20c408', 'usr_416');
INSERT INTO trabalho.usuario VALUES ('usr_417', '417_Carla_Xavier63@bol.com.br', 'Carla Xavier', 'female', 31, 'password', 'São Bartolomeu');
INSERT INTO trabalho.usuario_esta_inscrito_no_podcast VALUES (5, 'f8e13774-d631-4f34-93f0-2f5d55590265', 'usr_417');
INSERT INTO trabalho.comentarios_podcast_usuario VALUES ('comment_417_0', 'Aliquid ut recusandae pariatur quaerat officiis dolor est.', 'f8e13774-d631-4f34-93f0-2f5d55590265', 'usr_417');
INSERT INTO trabalho.log_acesso VALUES ('log_417_0', 'f8e13774-d631-4f34-93f0-2f5d55590265', 'usr_417');
INSERT INTO trabalho.usuario_esta_inscrito_no_podcast VALUES (3, 'fa3abe16-3645-4d22-a01d-893e6f20c408', 'usr_417');
INSERT INTO trabalho.comentarios_podcast_usuario VALUES ('comment_417_1', 'Velit impedit unde distinctio laudantium quis natus ut consequatur ut.', 'fa3abe16-3645-4d22-a01d-893e6f20c408', 'usr_417');
INSERT INTO trabalho.log_acesso VALUES ('log_417_1', 'fa3abe16-3645-4d22-a01d-893e6f20c408', 'usr_417');
INSERT INTO trabalho.usuario_esta_inscrito_no_podcast VALUES (2, '5bdf7377-8330-4f9f-8efd-e95301c122ce', 'usr_417');
INSERT INTO trabalho.comentarios_podcast_usuario VALUES ('comment_417_2', 'Quis et esse perspiciatis ipsum.', '5bdf7377-8330-4f9f-8efd-e95301c122ce', 'usr_417');
INSERT INTO trabalho.log_acesso VALUES ('log_417_2', '5bdf7377-8330-4f9f-8efd-e95301c122ce', 'usr_417');
INSERT INTO trabalho.usuario VALUES ('usr_418', '418_MariaAlice.Silva37@gmail.com', 'Maria Alice Silva', 'female', 42, 'password', 'Seicheles');
INSERT INTO trabalho.usuario_esta_inscrito_no_podcast VALUES (3, '7e429e8e-7669-403d-bb78-3cd7f9f75afd', 'usr_418');
INSERT INTO trabalho.comentarios_podcast_usuario VALUES ('comment_418_0', 'Qui consequuntur eum nihil cum blanditiis facilis quisquam.', '7e429e8e-7669-403d-bb78-3cd7f9f75afd', 'usr_418');
INSERT INTO trabalho.log_acesso VALUES ('log_418_0', '7e429e8e-7669-403d-bb78-3cd7f9f75afd', 'usr_418');
INSERT INTO trabalho.usuario_esta_inscrito_no_podcast VALUES (2, 'f0166bd2-8e4d-4308-b5d7-0b3d627c5dc5', 'usr_418');
INSERT INTO trabalho.comentarios_podcast_usuario VALUES ('comment_418_1', 'Natus ut eum sit doloribus nemo tenetur accusantium.', 'f0166bd2-8e4d-4308-b5d7-0b3d627c5dc5', 'usr_418');
INSERT INTO trabalho.log_acesso VALUES ('log_418_1', 'f0166bd2-8e4d-4308-b5d7-0b3d627c5dc5', 'usr_418');
INSERT INTO trabalho.usuario_esta_inscrito_no_podcast VALUES (3, '67074e68-bc2f-442b-8af2-7d328b6af6eb', 'usr_418');
INSERT INTO trabalho.comentarios_podcast_usuario VALUES ('comment_418_2', 'Excepturi provident dolorem qui voluptatibus rerum.', '67074e68-bc2f-442b-8af2-7d328b6af6eb', 'usr_418');
INSERT INTO trabalho.log_acesso VALUES ('log_418_2', '67074e68-bc2f-442b-8af2-7d328b6af6eb', 'usr_418');
INSERT INTO trabalho.usuario VALUES ('usr_419', '419_Carla_Braga@hotmail.com', 'Carla Braga', 'female', 20, 'password', 'Micronésia');
INSERT INTO trabalho.usuario_esta_inscrito_no_podcast VALUES (0, 'de2f0ddb-9903-436a-a5e2-54224254c818', 'usr_419');
INSERT INTO trabalho.comentarios_podcast_usuario VALUES ('comment_419_0', 'Itaque eius praesentium odit voluptatem sunt nemo.', 'de2f0ddb-9903-436a-a5e2-54224254c818', 'usr_419');
INSERT INTO trabalho.log_acesso VALUES ('log_419_0', 'de2f0ddb-9903-436a-a5e2-54224254c818', 'usr_419');
INSERT INTO trabalho.usuario_esta_inscrito_no_podcast VALUES (2, '168c1536-4c42-4b8f-8c77-f06affefec6a', 'usr_419');
INSERT INTO trabalho.comentarios_podcast_usuario VALUES ('comment_419_1', 'A quo reprehenderit excepturi facilis.', '168c1536-4c42-4b8f-8c77-f06affefec6a', 'usr_419');
INSERT INTO trabalho.log_acesso VALUES ('log_419_1', '168c1536-4c42-4b8f-8c77-f06affefec6a', 'usr_419');
INSERT INTO trabalho.usuario_esta_inscrito_no_podcast VALUES (5, 'fa3abe16-3645-4d22-a01d-893e6f20c408', 'usr_419');
INSERT INTO trabalho.comentarios_podcast_usuario VALUES ('comment_419_2', 'Est fuga maiores.', 'fa3abe16-3645-4d22-a01d-893e6f20c408', 'usr_419');
INSERT INTO trabalho.log_acesso VALUES ('log_419_2', 'fa3abe16-3645-4d22-a01d-893e6f20c408', 'usr_419');
INSERT INTO trabalho.usuario VALUES ('usr_420', '420_Bruna.Souza@gmail.com', 'Bruna Souza', 'female', 15, 'password', 'Benin');
INSERT INTO trabalho.usuario_esta_inscrito_no_podcast VALUES (1, 'fa3abe16-3645-4d22-a01d-893e6f20c408', 'usr_420');
INSERT INTO trabalho.comentarios_podcast_usuario VALUES ('comment_420_0', 'Dolore provident quo numquam ut.', 'fa3abe16-3645-4d22-a01d-893e6f20c408', 'usr_420');
INSERT INTO trabalho.log_acesso VALUES ('log_420_0', 'fa3abe16-3645-4d22-a01d-893e6f20c408', 'usr_420');
INSERT INTO trabalho.usuario_esta_inscrito_no_podcast VALUES (5, '67074e68-bc2f-442b-8af2-7d328b6af6eb', 'usr_420');
INSERT INTO trabalho.comentarios_podcast_usuario VALUES ('comment_420_1', 'Repellendus non eos.', '67074e68-bc2f-442b-8af2-7d328b6af6eb', 'usr_420');
INSERT INTO trabalho.log_acesso VALUES ('log_420_1', '67074e68-bc2f-442b-8af2-7d328b6af6eb', 'usr_420');
INSERT INTO trabalho.usuario_esta_inscrito_no_podcast VALUES (4, '168c1536-4c42-4b8f-8c77-f06affefec6a', 'usr_420');
INSERT INTO trabalho.comentarios_podcast_usuario VALUES ('comment_420_2', 'Debitis ut expedita reprehenderit et quas eius quam.', '168c1536-4c42-4b8f-8c77-f06affefec6a', 'usr_420');
INSERT INTO trabalho.log_acesso VALUES ('log_420_2', '168c1536-4c42-4b8f-8c77-f06affefec6a', 'usr_420');
INSERT INTO trabalho.usuario VALUES ('usr_421', '421_Benjamin_Santos90@live.com', 'Benjamin Santos', 'male', 16, 'password', 'Ilha de Man');
INSERT INTO trabalho.usuario_esta_inscrito_no_podcast VALUES (2, 'f1b92ce7-47a7-43cd-8586-4a09185cdd05', 'usr_421');
INSERT INTO trabalho.comentarios_podcast_usuario VALUES ('comment_421_0', 'Accusantium nihil occaecati facilis harum cum quo adipisci.', 'f1b92ce7-47a7-43cd-8586-4a09185cdd05', 'usr_421');
INSERT INTO trabalho.log_acesso VALUES ('log_421_0', 'f1b92ce7-47a7-43cd-8586-4a09185cdd05', 'usr_421');
INSERT INTO trabalho.usuario_esta_inscrito_no_podcast VALUES (0, 'de2f0ddb-9903-436a-a5e2-54224254c818', 'usr_421');
INSERT INTO trabalho.comentarios_podcast_usuario VALUES ('comment_421_1', 'Quos harum molestiae vel eum atque et sed ducimus.', 'de2f0ddb-9903-436a-a5e2-54224254c818', 'usr_421');
INSERT INTO trabalho.log_acesso VALUES ('log_421_1', 'de2f0ddb-9903-436a-a5e2-54224254c818', 'usr_421');
INSERT INTO trabalho.usuario_esta_inscrito_no_podcast VALUES (4, 'c58b280a-56d4-4ad8-8c85-730e4ea86361', 'usr_421');
INSERT INTO trabalho.comentarios_podcast_usuario VALUES ('comment_421_2', 'Dolor ut velit sint.', 'c58b280a-56d4-4ad8-8c85-730e4ea86361', 'usr_421');
INSERT INTO trabalho.log_acesso VALUES ('log_421_2', 'c58b280a-56d4-4ad8-8c85-730e4ea86361', 'usr_421');
INSERT INTO trabalho.usuario VALUES ('usr_422', '422_Hugo.Xavier@gmail.com', 'Hugo Xavier', 'male', 43, 'password', 'Granada');
INSERT INTO trabalho.usuario_esta_inscrito_no_podcast VALUES (5, '5bdf7377-8330-4f9f-8efd-e95301c122ce', 'usr_422');
INSERT INTO trabalho.comentarios_podcast_usuario VALUES ('comment_422_0', 'Aut velit aut nobis.', '5bdf7377-8330-4f9f-8efd-e95301c122ce', 'usr_422');
INSERT INTO trabalho.log_acesso VALUES ('log_422_0', '5bdf7377-8330-4f9f-8efd-e95301c122ce', 'usr_422');
INSERT INTO trabalho.usuario_esta_inscrito_no_podcast VALUES (1, 'f8e13774-d631-4f34-93f0-2f5d55590265', 'usr_422');
INSERT INTO trabalho.comentarios_podcast_usuario VALUES ('comment_422_1', 'Explicabo cum dicta dicta et consequatur dolores.', 'f8e13774-d631-4f34-93f0-2f5d55590265', 'usr_422');
INSERT INTO trabalho.log_acesso VALUES ('log_422_1', 'f8e13774-d631-4f34-93f0-2f5d55590265', 'usr_422');
INSERT INTO trabalho.usuario_esta_inscrito_no_podcast VALUES (0, '219328a1-cec6-4e8c-b003-52a3ec9766bb', 'usr_422');
INSERT INTO trabalho.comentarios_podcast_usuario VALUES ('comment_422_2', 'Rem possimus iusto est molestiae qui quia eaque.', '219328a1-cec6-4e8c-b003-52a3ec9766bb', 'usr_422');
INSERT INTO trabalho.log_acesso VALUES ('log_422_2', '219328a1-cec6-4e8c-b003-52a3ec9766bb', 'usr_422');
INSERT INTO trabalho.usuario VALUES ('usr_423', '423_Larissa_Batista22@bol.com.br', 'Larissa Batista', 'female', 55, 'password', 'Rússia');
INSERT INTO trabalho.usuario_esta_inscrito_no_podcast VALUES (0, '5bdf7377-8330-4f9f-8efd-e95301c122ce', 'usr_423');
INSERT INTO trabalho.comentarios_podcast_usuario VALUES ('comment_423_0', 'Asperiores recusandae laboriosam.', '5bdf7377-8330-4f9f-8efd-e95301c122ce', 'usr_423');
INSERT INTO trabalho.log_acesso VALUES ('log_423_0', '5bdf7377-8330-4f9f-8efd-e95301c122ce', 'usr_423');
INSERT INTO trabalho.usuario_esta_inscrito_no_podcast VALUES (5, 'fa3abe16-3645-4d22-a01d-893e6f20c408', 'usr_423');
INSERT INTO trabalho.comentarios_podcast_usuario VALUES ('comment_423_1', 'Sit praesentium quia ut voluptas error.', 'fa3abe16-3645-4d22-a01d-893e6f20c408', 'usr_423');
INSERT INTO trabalho.log_acesso VALUES ('log_423_1', 'fa3abe16-3645-4d22-a01d-893e6f20c408', 'usr_423');
INSERT INTO trabalho.usuario_esta_inscrito_no_podcast VALUES (1, 'af46a958-b921-47b6-9f87-5c4fdc68ea79', 'usr_423');
INSERT INTO trabalho.comentarios_podcast_usuario VALUES ('comment_423_2', 'Sapiente quia modi aut fugit.', 'af46a958-b921-47b6-9f87-5c4fdc68ea79', 'usr_423');
INSERT INTO trabalho.log_acesso VALUES ('log_423_2', 'af46a958-b921-47b6-9f87-5c4fdc68ea79', 'usr_423');
INSERT INTO trabalho.usuario VALUES ('usr_424', '424_MariaJlia_Nogueira87@gmail.com', 'Maria Júlia Nogueira', 'female', 57, 'password', 'Ruanda');
INSERT INTO trabalho.usuario_esta_inscrito_no_podcast VALUES (3, 'fa3abe16-3645-4d22-a01d-893e6f20c408', 'usr_424');
INSERT INTO trabalho.comentarios_podcast_usuario VALUES ('comment_424_0', 'Unde expedita minima ipsam.', 'fa3abe16-3645-4d22-a01d-893e6f20c408', 'usr_424');
INSERT INTO trabalho.log_acesso VALUES ('log_424_0', 'fa3abe16-3645-4d22-a01d-893e6f20c408', 'usr_424');
INSERT INTO trabalho.usuario_esta_inscrito_no_podcast VALUES (3, 'de2f0ddb-9903-436a-a5e2-54224254c818', 'usr_424');
INSERT INTO trabalho.comentarios_podcast_usuario VALUES ('comment_424_1', 'Et et nobis accusamus sapiente veritatis incidunt saepe.', 'de2f0ddb-9903-436a-a5e2-54224254c818', 'usr_424');
INSERT INTO trabalho.log_acesso VALUES ('log_424_1', 'de2f0ddb-9903-436a-a5e2-54224254c818', 'usr_424');
INSERT INTO trabalho.usuario_esta_inscrito_no_podcast VALUES (4, '67074e68-bc2f-442b-8af2-7d328b6af6eb', 'usr_424');
INSERT INTO trabalho.comentarios_podcast_usuario VALUES ('comment_424_2', 'Qui temporibus voluptates eum expedita quam.', '67074e68-bc2f-442b-8af2-7d328b6af6eb', 'usr_424');
INSERT INTO trabalho.log_acesso VALUES ('log_424_2', '67074e68-bc2f-442b-8af2-7d328b6af6eb', 'usr_424');
INSERT INTO trabalho.usuario VALUES ('usr_425', '425_Pedro.Pereira@yahoo.com', 'Pedro Pereira', 'male', 27, 'password', 'Myanmar');
INSERT INTO trabalho.usuario_esta_inscrito_no_podcast VALUES (1, 'f0166bd2-8e4d-4308-b5d7-0b3d627c5dc5', 'usr_425');
INSERT INTO trabalho.comentarios_podcast_usuario VALUES ('comment_425_0', 'Aliquam qui doloribus.', 'f0166bd2-8e4d-4308-b5d7-0b3d627c5dc5', 'usr_425');
INSERT INTO trabalho.log_acesso VALUES ('log_425_0', 'f0166bd2-8e4d-4308-b5d7-0b3d627c5dc5', 'usr_425');
INSERT INTO trabalho.usuario_esta_inscrito_no_podcast VALUES (3, '5bdf7377-8330-4f9f-8efd-e95301c122ce', 'usr_425');
INSERT INTO trabalho.comentarios_podcast_usuario VALUES ('comment_425_1', 'Hic ipsa est consectetur velit quidem.', '5bdf7377-8330-4f9f-8efd-e95301c122ce', 'usr_425');
INSERT INTO trabalho.log_acesso VALUES ('log_425_1', '5bdf7377-8330-4f9f-8efd-e95301c122ce', 'usr_425');
INSERT INTO trabalho.usuario_esta_inscrito_no_podcast VALUES (0, 'bc8dac25-793c-4a96-aafc-4ea7020f4f60', 'usr_425');
INSERT INTO trabalho.comentarios_podcast_usuario VALUES ('comment_425_2', 'Molestias explicabo aspernatur.', 'bc8dac25-793c-4a96-aafc-4ea7020f4f60', 'usr_425');
INSERT INTO trabalho.log_acesso VALUES ('log_425_2', 'bc8dac25-793c-4a96-aafc-4ea7020f4f60', 'usr_425');
INSERT INTO trabalho.usuario VALUES ('usr_426', '426_Ladislau_Xavier56@bol.com.br', 'Ladislau Xavier', 'male', 17, 'password', 'Brasil');
INSERT INTO trabalho.usuario_esta_inscrito_no_podcast VALUES (2, '7e429e8e-7669-403d-bb78-3cd7f9f75afd', 'usr_426');
INSERT INTO trabalho.comentarios_podcast_usuario VALUES ('comment_426_0', 'Fugiat maiores doloremque.', '7e429e8e-7669-403d-bb78-3cd7f9f75afd', 'usr_426');
INSERT INTO trabalho.log_acesso VALUES ('log_426_0', '7e429e8e-7669-403d-bb78-3cd7f9f75afd', 'usr_426');
INSERT INTO trabalho.usuario_esta_inscrito_no_podcast VALUES (2, '168c1536-4c42-4b8f-8c77-f06affefec6a', 'usr_426');
INSERT INTO trabalho.comentarios_podcast_usuario VALUES ('comment_426_1', 'Fugit maxime esse natus et eos.', '168c1536-4c42-4b8f-8c77-f06affefec6a', 'usr_426');
INSERT INTO trabalho.log_acesso VALUES ('log_426_1', '168c1536-4c42-4b8f-8c77-f06affefec6a', 'usr_426');
INSERT INTO trabalho.usuario_esta_inscrito_no_podcast VALUES (5, 'f1b92ce7-47a7-43cd-8586-4a09185cdd05', 'usr_426');
INSERT INTO trabalho.comentarios_podcast_usuario VALUES ('comment_426_2', 'Provident quisquam tenetur vel earum consequatur quaerat aut vero quod.', 'f1b92ce7-47a7-43cd-8586-4a09185cdd05', 'usr_426');
INSERT INTO trabalho.log_acesso VALUES ('log_426_2', 'f1b92ce7-47a7-43cd-8586-4a09185cdd05', 'usr_426');
INSERT INTO trabalho.usuario VALUES ('usr_427', '427_Mariana.Oliveira@hotmail.com', 'Mariana Oliveira', 'female', 21, 'password', 'Ucrânia');
INSERT INTO trabalho.usuario_esta_inscrito_no_podcast VALUES (1, 'f0166bd2-8e4d-4308-b5d7-0b3d627c5dc5', 'usr_427');
INSERT INTO trabalho.comentarios_podcast_usuario VALUES ('comment_427_0', 'Suscipit tenetur dolorum architecto quo alias occaecati ut debitis.', 'f0166bd2-8e4d-4308-b5d7-0b3d627c5dc5', 'usr_427');
INSERT INTO trabalho.log_acesso VALUES ('log_427_0', 'f0166bd2-8e4d-4308-b5d7-0b3d627c5dc5', 'usr_427');
INSERT INTO trabalho.usuario_esta_inscrito_no_podcast VALUES (0, 'b553d865-8fe2-47de-9a30-10e1dea3bd1d', 'usr_427');
INSERT INTO trabalho.comentarios_podcast_usuario VALUES ('comment_427_1', 'Voluptatem qui quo saepe odit voluptatem non.', 'b553d865-8fe2-47de-9a30-10e1dea3bd1d', 'usr_427');
INSERT INTO trabalho.log_acesso VALUES ('log_427_1', 'b553d865-8fe2-47de-9a30-10e1dea3bd1d', 'usr_427');
INSERT INTO trabalho.usuario_esta_inscrito_no_podcast VALUES (4, 'de2f0ddb-9903-436a-a5e2-54224254c818', 'usr_427');
INSERT INTO trabalho.comentarios_podcast_usuario VALUES ('comment_427_2', 'Est porro voluptatem.', 'de2f0ddb-9903-436a-a5e2-54224254c818', 'usr_427');
INSERT INTO trabalho.log_acesso VALUES ('log_427_2', 'de2f0ddb-9903-436a-a5e2-54224254c818', 'usr_427');
INSERT INTO trabalho.usuario VALUES ('usr_428', '428_Esther78@bol.com.br', 'Esther Saraiva', 'female', 22, 'password', 'Dominica');
INSERT INTO trabalho.usuario_esta_inscrito_no_podcast VALUES (3, '219328a1-cec6-4e8c-b003-52a3ec9766bb', 'usr_428');
INSERT INTO trabalho.comentarios_podcast_usuario VALUES ('comment_428_0', 'Aut suscipit tempore voluptates accusamus numquam hic.', '219328a1-cec6-4e8c-b003-52a3ec9766bb', 'usr_428');
INSERT INTO trabalho.log_acesso VALUES ('log_428_0', '219328a1-cec6-4e8c-b003-52a3ec9766bb', 'usr_428');
INSERT INTO trabalho.usuario_esta_inscrito_no_podcast VALUES (5, 'af46a958-b921-47b6-9f87-5c4fdc68ea79', 'usr_428');
INSERT INTO trabalho.comentarios_podcast_usuario VALUES ('comment_428_1', 'Et consequatur pariatur culpa odio quam mollitia.', 'af46a958-b921-47b6-9f87-5c4fdc68ea79', 'usr_428');
INSERT INTO trabalho.log_acesso VALUES ('log_428_1', 'af46a958-b921-47b6-9f87-5c4fdc68ea79', 'usr_428');
INSERT INTO trabalho.usuario_esta_inscrito_no_podcast VALUES (4, 'c58b280a-56d4-4ad8-8c85-730e4ea86361', 'usr_428');
INSERT INTO trabalho.comentarios_podcast_usuario VALUES ('comment_428_2', 'Culpa architecto aut voluptas.', 'c58b280a-56d4-4ad8-8c85-730e4ea86361', 'usr_428');
INSERT INTO trabalho.log_acesso VALUES ('log_428_2', 'c58b280a-56d4-4ad8-8c85-730e4ea86361', 'usr_428');
INSERT INTO trabalho.usuario VALUES ('usr_429', '429_Roberto_Moraes@hotmail.com', 'Roberto Moraes', 'male', 0, 'password', 'Libéria');
INSERT INTO trabalho.usuario_esta_inscrito_no_podcast VALUES (4, 'f1b92ce7-47a7-43cd-8586-4a09185cdd05', 'usr_429');
INSERT INTO trabalho.comentarios_podcast_usuario VALUES ('comment_429_0', 'Maiores repudiandae aspernatur accusantium necessitatibus laborum aliquam est.', 'f1b92ce7-47a7-43cd-8586-4a09185cdd05', 'usr_429');
INSERT INTO trabalho.log_acesso VALUES ('log_429_0', 'f1b92ce7-47a7-43cd-8586-4a09185cdd05', 'usr_429');
INSERT INTO trabalho.usuario_esta_inscrito_no_podcast VALUES (2, 'c58b280a-56d4-4ad8-8c85-730e4ea86361', 'usr_429');
INSERT INTO trabalho.comentarios_podcast_usuario VALUES ('comment_429_1', 'Omnis aspernatur quasi.', 'c58b280a-56d4-4ad8-8c85-730e4ea86361', 'usr_429');
INSERT INTO trabalho.log_acesso VALUES ('log_429_1', 'c58b280a-56d4-4ad8-8c85-730e4ea86361', 'usr_429');
INSERT INTO trabalho.usuario_esta_inscrito_no_podcast VALUES (5, 'af46a958-b921-47b6-9f87-5c4fdc68ea79', 'usr_429');
INSERT INTO trabalho.comentarios_podcast_usuario VALUES ('comment_429_2', 'Sint sint eos officiis.', 'af46a958-b921-47b6-9f87-5c4fdc68ea79', 'usr_429');
INSERT INTO trabalho.log_acesso VALUES ('log_429_2', 'af46a958-b921-47b6-9f87-5c4fdc68ea79', 'usr_429');
INSERT INTO trabalho.usuario VALUES ('usr_430', '430_Sara_Macedo34@hotmail.com', 'Sara Macedo', 'female', 45, 'password', 'México');
INSERT INTO trabalho.usuario_esta_inscrito_no_podcast VALUES (3, 'de2f0ddb-9903-436a-a5e2-54224254c818', 'usr_430');
INSERT INTO trabalho.comentarios_podcast_usuario VALUES ('comment_430_0', 'Quis magni ducimus et sed dolores aperiam eius.', 'de2f0ddb-9903-436a-a5e2-54224254c818', 'usr_430');
INSERT INTO trabalho.log_acesso VALUES ('log_430_0', 'de2f0ddb-9903-436a-a5e2-54224254c818', 'usr_430');
INSERT INTO trabalho.usuario_esta_inscrito_no_podcast VALUES (2, '67074e68-bc2f-442b-8af2-7d328b6af6eb', 'usr_430');
INSERT INTO trabalho.comentarios_podcast_usuario VALUES ('comment_430_1', 'Non vel accusantium tenetur soluta quidem culpa.', '67074e68-bc2f-442b-8af2-7d328b6af6eb', 'usr_430');
INSERT INTO trabalho.log_acesso VALUES ('log_430_1', '67074e68-bc2f-442b-8af2-7d328b6af6eb', 'usr_430');
INSERT INTO trabalho.usuario_esta_inscrito_no_podcast VALUES (0, 'f8e13774-d631-4f34-93f0-2f5d55590265', 'usr_430');
INSERT INTO trabalho.comentarios_podcast_usuario VALUES ('comment_430_2', 'Et necessitatibus sed aut fugiat id.', 'f8e13774-d631-4f34-93f0-2f5d55590265', 'usr_430');
INSERT INTO trabalho.log_acesso VALUES ('log_430_2', 'f8e13774-d631-4f34-93f0-2f5d55590265', 'usr_430');
INSERT INTO trabalho.usuario VALUES ('usr_431', '431_Lorenzo_Braga@gmail.com', 'Lorenzo Braga', 'male', 60, 'password', 'Zâmbia');
INSERT INTO trabalho.usuario_esta_inscrito_no_podcast VALUES (3, '168c1536-4c42-4b8f-8c77-f06affefec6a', 'usr_431');
INSERT INTO trabalho.comentarios_podcast_usuario VALUES ('comment_431_0', 'Quasi ducimus in.', '168c1536-4c42-4b8f-8c77-f06affefec6a', 'usr_431');
INSERT INTO trabalho.log_acesso VALUES ('log_431_0', '168c1536-4c42-4b8f-8c77-f06affefec6a', 'usr_431');
INSERT INTO trabalho.usuario_esta_inscrito_no_podcast VALUES (5, '219328a1-cec6-4e8c-b003-52a3ec9766bb', 'usr_431');
INSERT INTO trabalho.comentarios_podcast_usuario VALUES ('comment_431_1', 'Ullam illum accusantium sunt omnis ut.', '219328a1-cec6-4e8c-b003-52a3ec9766bb', 'usr_431');
INSERT INTO trabalho.log_acesso VALUES ('log_431_1', '219328a1-cec6-4e8c-b003-52a3ec9766bb', 'usr_431');
INSERT INTO trabalho.usuario_esta_inscrito_no_podcast VALUES (0, 'b553d865-8fe2-47de-9a30-10e1dea3bd1d', 'usr_431');
INSERT INTO trabalho.comentarios_podcast_usuario VALUES ('comment_431_2', 'Labore eius dolore architecto velit.', 'b553d865-8fe2-47de-9a30-10e1dea3bd1d', 'usr_431');
INSERT INTO trabalho.log_acesso VALUES ('log_431_2', 'b553d865-8fe2-47de-9a30-10e1dea3bd1d', 'usr_431');
INSERT INTO trabalho.usuario VALUES ('usr_432', '432_Eduarda_Batista10@live.com', 'Eduarda Batista', 'female', 5, 'password', 'Haiti');
INSERT INTO trabalho.usuario_esta_inscrito_no_podcast VALUES (4, '67074e68-bc2f-442b-8af2-7d328b6af6eb', 'usr_432');
INSERT INTO trabalho.comentarios_podcast_usuario VALUES ('comment_432_0', 'Quibusdam vel eum quam voluptatem debitis maxime voluptatum in neque.', '67074e68-bc2f-442b-8af2-7d328b6af6eb', 'usr_432');
INSERT INTO trabalho.log_acesso VALUES ('log_432_0', '67074e68-bc2f-442b-8af2-7d328b6af6eb', 'usr_432');
INSERT INTO trabalho.usuario_esta_inscrito_no_podcast VALUES (3, 'bc8dac25-793c-4a96-aafc-4ea7020f4f60', 'usr_432');
INSERT INTO trabalho.comentarios_podcast_usuario VALUES ('comment_432_1', 'Ratione debitis quo occaecati voluptatem aut.', 'bc8dac25-793c-4a96-aafc-4ea7020f4f60', 'usr_432');
INSERT INTO trabalho.log_acesso VALUES ('log_432_1', 'bc8dac25-793c-4a96-aafc-4ea7020f4f60', 'usr_432');
INSERT INTO trabalho.usuario_esta_inscrito_no_podcast VALUES (4, 'f8e13774-d631-4f34-93f0-2f5d55590265', 'usr_432');
INSERT INTO trabalho.comentarios_podcast_usuario VALUES ('comment_432_2', 'Molestias sed expedita.', 'f8e13774-d631-4f34-93f0-2f5d55590265', 'usr_432');
INSERT INTO trabalho.log_acesso VALUES ('log_432_2', 'f8e13774-d631-4f34-93f0-2f5d55590265', 'usr_432');
INSERT INTO trabalho.usuario VALUES ('usr_433', '433_MariaClara.Melo49@hotmail.com', 'Maria Clara Melo', 'female', 7, 'password', 'Albânia');
INSERT INTO trabalho.usuario_esta_inscrito_no_podcast VALUES (4, 'f8e13774-d631-4f34-93f0-2f5d55590265', 'usr_433');
INSERT INTO trabalho.comentarios_podcast_usuario VALUES ('comment_433_0', 'Occaecati porro mollitia nobis occaecati quia voluptatem cum provident.', 'f8e13774-d631-4f34-93f0-2f5d55590265', 'usr_433');
INSERT INTO trabalho.log_acesso VALUES ('log_433_0', 'f8e13774-d631-4f34-93f0-2f5d55590265', 'usr_433');
INSERT INTO trabalho.usuario_esta_inscrito_no_podcast VALUES (5, 'fa3abe16-3645-4d22-a01d-893e6f20c408', 'usr_433');
INSERT INTO trabalho.comentarios_podcast_usuario VALUES ('comment_433_1', 'Repellendus velit distinctio.', 'fa3abe16-3645-4d22-a01d-893e6f20c408', 'usr_433');
INSERT INTO trabalho.log_acesso VALUES ('log_433_1', 'fa3abe16-3645-4d22-a01d-893e6f20c408', 'usr_433');
INSERT INTO trabalho.usuario_esta_inscrito_no_podcast VALUES (1, 'bc8dac25-793c-4a96-aafc-4ea7020f4f60', 'usr_433');
INSERT INTO trabalho.comentarios_podcast_usuario VALUES ('comment_433_2', 'Rerum culpa consequatur quas dolores similique.', 'bc8dac25-793c-4a96-aafc-4ea7020f4f60', 'usr_433');
INSERT INTO trabalho.log_acesso VALUES ('log_433_2', 'bc8dac25-793c-4a96-aafc-4ea7020f4f60', 'usr_433');
INSERT INTO trabalho.usuario VALUES ('usr_434', '434_Morgana_Martins@live.com', 'Morgana Martins', 'female', 39, 'password', 'Maldives');
INSERT INTO trabalho.usuario_esta_inscrito_no_podcast VALUES (1, 'b553d865-8fe2-47de-9a30-10e1dea3bd1d', 'usr_434');
INSERT INTO trabalho.comentarios_podcast_usuario VALUES ('comment_434_0', 'Aut dolore distinctio pariatur eveniet.', 'b553d865-8fe2-47de-9a30-10e1dea3bd1d', 'usr_434');
INSERT INTO trabalho.log_acesso VALUES ('log_434_0', 'b553d865-8fe2-47de-9a30-10e1dea3bd1d', 'usr_434');
INSERT INTO trabalho.usuario_esta_inscrito_no_podcast VALUES (2, 'fa3abe16-3645-4d22-a01d-893e6f20c408', 'usr_434');
INSERT INTO trabalho.comentarios_podcast_usuario VALUES ('comment_434_1', 'Aut necessitatibus molestias ut sunt qui rem.', 'fa3abe16-3645-4d22-a01d-893e6f20c408', 'usr_434');
INSERT INTO trabalho.log_acesso VALUES ('log_434_1', 'fa3abe16-3645-4d22-a01d-893e6f20c408', 'usr_434');
INSERT INTO trabalho.usuario_esta_inscrito_no_podcast VALUES (0, 'f0166bd2-8e4d-4308-b5d7-0b3d627c5dc5', 'usr_434');
INSERT INTO trabalho.comentarios_podcast_usuario VALUES ('comment_434_2', 'Tempore tempore nihil impedit rerum.', 'f0166bd2-8e4d-4308-b5d7-0b3d627c5dc5', 'usr_434');
INSERT INTO trabalho.log_acesso VALUES ('log_434_2', 'f0166bd2-8e4d-4308-b5d7-0b3d627c5dc5', 'usr_434');
INSERT INTO trabalho.usuario VALUES ('usr_435', '435_Helosa52@hotmail.com', 'Heloísa Franco', 'female', 18, 'password', 'Comores');
INSERT INTO trabalho.usuario_esta_inscrito_no_podcast VALUES (4, '5bdf7377-8330-4f9f-8efd-e95301c122ce', 'usr_435');
INSERT INTO trabalho.comentarios_podcast_usuario VALUES ('comment_435_0', 'Eveniet et repellat dolor in.', '5bdf7377-8330-4f9f-8efd-e95301c122ce', 'usr_435');
INSERT INTO trabalho.log_acesso VALUES ('log_435_0', '5bdf7377-8330-4f9f-8efd-e95301c122ce', 'usr_435');
INSERT INTO trabalho.usuario_esta_inscrito_no_podcast VALUES (4, 'c58b280a-56d4-4ad8-8c85-730e4ea86361', 'usr_435');
INSERT INTO trabalho.comentarios_podcast_usuario VALUES ('comment_435_1', 'Qui iste quia.', 'c58b280a-56d4-4ad8-8c85-730e4ea86361', 'usr_435');
INSERT INTO trabalho.log_acesso VALUES ('log_435_1', 'c58b280a-56d4-4ad8-8c85-730e4ea86361', 'usr_435');
INSERT INTO trabalho.usuario_esta_inscrito_no_podcast VALUES (5, 'f0166bd2-8e4d-4308-b5d7-0b3d627c5dc5', 'usr_435');
INSERT INTO trabalho.comentarios_podcast_usuario VALUES ('comment_435_2', 'Dicta sed non consequatur.', 'f0166bd2-8e4d-4308-b5d7-0b3d627c5dc5', 'usr_435');
INSERT INTO trabalho.log_acesso VALUES ('log_435_2', 'f0166bd2-8e4d-4308-b5d7-0b3d627c5dc5', 'usr_435');
INSERT INTO trabalho.usuario VALUES ('usr_436', '436_Mariana1@gmail.com', 'Mariana Oliveira', 'female', 0, 'password', 'Brasil');
INSERT INTO trabalho.usuario_esta_inscrito_no_podcast VALUES (4, 'c58b280a-56d4-4ad8-8c85-730e4ea86361', 'usr_436');
INSERT INTO trabalho.comentarios_podcast_usuario VALUES ('comment_436_0', 'Quia quia ut sit modi possimus enim nostrum.', 'c58b280a-56d4-4ad8-8c85-730e4ea86361', 'usr_436');
INSERT INTO trabalho.log_acesso VALUES ('log_436_0', 'c58b280a-56d4-4ad8-8c85-730e4ea86361', 'usr_436');
INSERT INTO trabalho.usuario_esta_inscrito_no_podcast VALUES (4, 'f0166bd2-8e4d-4308-b5d7-0b3d627c5dc5', 'usr_436');
INSERT INTO trabalho.comentarios_podcast_usuario VALUES ('comment_436_1', 'Aut porro voluptas recusandae quas illum nesciunt autem.', 'f0166bd2-8e4d-4308-b5d7-0b3d627c5dc5', 'usr_436');
INSERT INTO trabalho.log_acesso VALUES ('log_436_1', 'f0166bd2-8e4d-4308-b5d7-0b3d627c5dc5', 'usr_436');
INSERT INTO trabalho.usuario_esta_inscrito_no_podcast VALUES (5, '219328a1-cec6-4e8c-b003-52a3ec9766bb', 'usr_436');
INSERT INTO trabalho.comentarios_podcast_usuario VALUES ('comment_436_2', 'Quo nostrum vel minus aut consequatur ratione voluptatem et aut.', '219328a1-cec6-4e8c-b003-52a3ec9766bb', 'usr_436');
INSERT INTO trabalho.log_acesso VALUES ('log_436_2', '219328a1-cec6-4e8c-b003-52a3ec9766bb', 'usr_436');
INSERT INTO trabalho.usuario VALUES ('usr_437', '437_Clia_Barros75@yahoo.com', 'Célia Barros', 'female', 29, 'password', 'Suíça');
INSERT INTO trabalho.usuario_esta_inscrito_no_podcast VALUES (1, '7e429e8e-7669-403d-bb78-3cd7f9f75afd', 'usr_437');
INSERT INTO trabalho.comentarios_podcast_usuario VALUES ('comment_437_0', 'Non quis ut aliquid exercitationem quam eaque maxime sunt sit.', '7e429e8e-7669-403d-bb78-3cd7f9f75afd', 'usr_437');
INSERT INTO trabalho.log_acesso VALUES ('log_437_0', '7e429e8e-7669-403d-bb78-3cd7f9f75afd', 'usr_437');
INSERT INTO trabalho.usuario_esta_inscrito_no_podcast VALUES (3, '5bdf7377-8330-4f9f-8efd-e95301c122ce', 'usr_437');
INSERT INTO trabalho.comentarios_podcast_usuario VALUES ('comment_437_1', 'Soluta neque pariatur quaerat dolores aspernatur.', '5bdf7377-8330-4f9f-8efd-e95301c122ce', 'usr_437');
INSERT INTO trabalho.log_acesso VALUES ('log_437_1', '5bdf7377-8330-4f9f-8efd-e95301c122ce', 'usr_437');
INSERT INTO trabalho.usuario_esta_inscrito_no_podcast VALUES (1, 'af46a958-b921-47b6-9f87-5c4fdc68ea79', 'usr_437');
INSERT INTO trabalho.comentarios_podcast_usuario VALUES ('comment_437_2', 'Blanditiis et reprehenderit praesentium debitis id.', 'af46a958-b921-47b6-9f87-5c4fdc68ea79', 'usr_437');
INSERT INTO trabalho.log_acesso VALUES ('log_437_2', 'af46a958-b921-47b6-9f87-5c4fdc68ea79', 'usr_437');
INSERT INTO trabalho.usuario VALUES ('usr_438', '438_Fabiano18@yahoo.com', 'Fabiano Martins', 'male', 8, 'password', 'Sao Tomé e Príncipe');
INSERT INTO trabalho.usuario_esta_inscrito_no_podcast VALUES (1, 'af46a958-b921-47b6-9f87-5c4fdc68ea79', 'usr_438');
INSERT INTO trabalho.comentarios_podcast_usuario VALUES ('comment_438_0', 'Non nisi illo itaque saepe.', 'af46a958-b921-47b6-9f87-5c4fdc68ea79', 'usr_438');
INSERT INTO trabalho.log_acesso VALUES ('log_438_0', 'af46a958-b921-47b6-9f87-5c4fdc68ea79', 'usr_438');
INSERT INTO trabalho.usuario_esta_inscrito_no_podcast VALUES (2, 'fa3abe16-3645-4d22-a01d-893e6f20c408', 'usr_438');
INSERT INTO trabalho.comentarios_podcast_usuario VALUES ('comment_438_1', 'Quisquam culpa similique at harum.', 'fa3abe16-3645-4d22-a01d-893e6f20c408', 'usr_438');
INSERT INTO trabalho.log_acesso VALUES ('log_438_1', 'fa3abe16-3645-4d22-a01d-893e6f20c408', 'usr_438');
INSERT INTO trabalho.usuario_esta_inscrito_no_podcast VALUES (3, '7e429e8e-7669-403d-bb78-3cd7f9f75afd', 'usr_438');
INSERT INTO trabalho.comentarios_podcast_usuario VALUES ('comment_438_2', 'Similique cupiditate laudantium hic ipsam possimus quaerat rerum perspiciatis.', '7e429e8e-7669-403d-bb78-3cd7f9f75afd', 'usr_438');
INSERT INTO trabalho.log_acesso VALUES ('log_438_2', '7e429e8e-7669-403d-bb78-3cd7f9f75afd', 'usr_438');
INSERT INTO trabalho.usuario VALUES ('usr_439', '439_Sophia39@hotmail.com', 'Sophia Braga', 'female', 46, 'password', 'Peru');
INSERT INTO trabalho.usuario_esta_inscrito_no_podcast VALUES (0, 'b553d865-8fe2-47de-9a30-10e1dea3bd1d', 'usr_439');
INSERT INTO trabalho.comentarios_podcast_usuario VALUES ('comment_439_0', 'Eum delectus sunt labore dolor repellat dolor iure officiis aperiam.', 'b553d865-8fe2-47de-9a30-10e1dea3bd1d', 'usr_439');
INSERT INTO trabalho.log_acesso VALUES ('log_439_0', 'b553d865-8fe2-47de-9a30-10e1dea3bd1d', 'usr_439');
INSERT INTO trabalho.usuario_esta_inscrito_no_podcast VALUES (2, 'f1b92ce7-47a7-43cd-8586-4a09185cdd05', 'usr_439');
INSERT INTO trabalho.comentarios_podcast_usuario VALUES ('comment_439_1', 'Modi nihil rerum soluta neque vel impedit sapiente voluptatum ducimus.', 'f1b92ce7-47a7-43cd-8586-4a09185cdd05', 'usr_439');
INSERT INTO trabalho.log_acesso VALUES ('log_439_1', 'f1b92ce7-47a7-43cd-8586-4a09185cdd05', 'usr_439');
INSERT INTO trabalho.usuario_esta_inscrito_no_podcast VALUES (5, '168c1536-4c42-4b8f-8c77-f06affefec6a', 'usr_439');
INSERT INTO trabalho.comentarios_podcast_usuario VALUES ('comment_439_2', 'Soluta consequatur eos officiis est amet asperiores et autem.', '168c1536-4c42-4b8f-8c77-f06affefec6a', 'usr_439');
INSERT INTO trabalho.log_acesso VALUES ('log_439_2', '168c1536-4c42-4b8f-8c77-f06affefec6a', 'usr_439');
INSERT INTO trabalho.usuario VALUES ('usr_440', '440_Emanuelly36@bol.com.br', 'Emanuelly Pereira', 'female', 6, 'password', 'São Vicente e Granadinas');
INSERT INTO trabalho.usuario_esta_inscrito_no_podcast VALUES (1, '7e429e8e-7669-403d-bb78-3cd7f9f75afd', 'usr_440');
INSERT INTO trabalho.comentarios_podcast_usuario VALUES ('comment_440_0', 'Optio est esse explicabo cupiditate.', '7e429e8e-7669-403d-bb78-3cd7f9f75afd', 'usr_440');
INSERT INTO trabalho.log_acesso VALUES ('log_440_0', '7e429e8e-7669-403d-bb78-3cd7f9f75afd', 'usr_440');
INSERT INTO trabalho.usuario_esta_inscrito_no_podcast VALUES (3, 'fa3abe16-3645-4d22-a01d-893e6f20c408', 'usr_440');
INSERT INTO trabalho.comentarios_podcast_usuario VALUES ('comment_440_1', 'Animi aliquid molestiae nulla veritatis nihil explicabo quod reprehenderit autem.', 'fa3abe16-3645-4d22-a01d-893e6f20c408', 'usr_440');
INSERT INTO trabalho.log_acesso VALUES ('log_440_1', 'fa3abe16-3645-4d22-a01d-893e6f20c408', 'usr_440');
INSERT INTO trabalho.usuario_esta_inscrito_no_podcast VALUES (2, 'b553d865-8fe2-47de-9a30-10e1dea3bd1d', 'usr_440');
INSERT INTO trabalho.comentarios_podcast_usuario VALUES ('comment_440_2', 'Ea voluptatum corporis eligendi.', 'b553d865-8fe2-47de-9a30-10e1dea3bd1d', 'usr_440');
INSERT INTO trabalho.log_acesso VALUES ('log_440_2', 'b553d865-8fe2-47de-9a30-10e1dea3bd1d', 'usr_440');
INSERT INTO trabalho.usuario VALUES ('usr_441', '441_Elo51@yahoo.com', 'Eloá Barros', 'female', 10, 'password', 'Omã');
INSERT INTO trabalho.usuario_esta_inscrito_no_podcast VALUES (0, 'de2f0ddb-9903-436a-a5e2-54224254c818', 'usr_441');
INSERT INTO trabalho.comentarios_podcast_usuario VALUES ('comment_441_0', 'Quis esse illum.', 'de2f0ddb-9903-436a-a5e2-54224254c818', 'usr_441');
INSERT INTO trabalho.log_acesso VALUES ('log_441_0', 'de2f0ddb-9903-436a-a5e2-54224254c818', 'usr_441');
INSERT INTO trabalho.usuario_esta_inscrito_no_podcast VALUES (4, '7e429e8e-7669-403d-bb78-3cd7f9f75afd', 'usr_441');
INSERT INTO trabalho.comentarios_podcast_usuario VALUES ('comment_441_1', 'Accusamus non id quia magnam.', '7e429e8e-7669-403d-bb78-3cd7f9f75afd', 'usr_441');
INSERT INTO trabalho.log_acesso VALUES ('log_441_1', '7e429e8e-7669-403d-bb78-3cd7f9f75afd', 'usr_441');
INSERT INTO trabalho.usuario_esta_inscrito_no_podcast VALUES (3, 'f8e13774-d631-4f34-93f0-2f5d55590265', 'usr_441');
INSERT INTO trabalho.comentarios_podcast_usuario VALUES ('comment_441_2', 'Unde voluptas eius alias et numquam veritatis sed aspernatur.', 'f8e13774-d631-4f34-93f0-2f5d55590265', 'usr_441');
INSERT INTO trabalho.log_acesso VALUES ('log_441_2', 'f8e13774-d631-4f34-93f0-2f5d55590265', 'usr_441');
INSERT INTO trabalho.usuario VALUES ('usr_442', '442_JooLucas.Nogueira@yahoo.com', 'João Lucas Nogueira', 'male', 9, 'password', 'São Martinho');
INSERT INTO trabalho.usuario_esta_inscrito_no_podcast VALUES (2, 'bc8dac25-793c-4a96-aafc-4ea7020f4f60', 'usr_442');
INSERT INTO trabalho.comentarios_podcast_usuario VALUES ('comment_442_0', 'Ipsam harum et rem autem nihil voluptatum iste et.', 'bc8dac25-793c-4a96-aafc-4ea7020f4f60', 'usr_442');
INSERT INTO trabalho.log_acesso VALUES ('log_442_0', 'bc8dac25-793c-4a96-aafc-4ea7020f4f60', 'usr_442');
INSERT INTO trabalho.usuario_esta_inscrito_no_podcast VALUES (3, 'f1b92ce7-47a7-43cd-8586-4a09185cdd05', 'usr_442');
INSERT INTO trabalho.comentarios_podcast_usuario VALUES ('comment_442_1', 'Rem quas animi temporibus.', 'f1b92ce7-47a7-43cd-8586-4a09185cdd05', 'usr_442');
INSERT INTO trabalho.log_acesso VALUES ('log_442_1', 'f1b92ce7-47a7-43cd-8586-4a09185cdd05', 'usr_442');
INSERT INTO trabalho.usuario_esta_inscrito_no_podcast VALUES (0, '219328a1-cec6-4e8c-b003-52a3ec9766bb', 'usr_442');
INSERT INTO trabalho.comentarios_podcast_usuario VALUES ('comment_442_2', 'Autem doloremque molestiae enim accusamus sed officia eum corporis doloribus.', '219328a1-cec6-4e8c-b003-52a3ec9766bb', 'usr_442');
INSERT INTO trabalho.log_acesso VALUES ('log_442_2', '219328a1-cec6-4e8c-b003-52a3ec9766bb', 'usr_442');
INSERT INTO trabalho.usuario VALUES ('usr_443', '443_Calebe.Nogueira38@yahoo.com', 'Calebe Nogueira', 'male', 57, 'password', 'Ilha do Natal');
INSERT INTO trabalho.usuario_esta_inscrito_no_podcast VALUES (5, 'f1b92ce7-47a7-43cd-8586-4a09185cdd05', 'usr_443');
INSERT INTO trabalho.comentarios_podcast_usuario VALUES ('comment_443_0', 'Molestiae nostrum voluptatem.', 'f1b92ce7-47a7-43cd-8586-4a09185cdd05', 'usr_443');
INSERT INTO trabalho.log_acesso VALUES ('log_443_0', 'f1b92ce7-47a7-43cd-8586-4a09185cdd05', 'usr_443');
INSERT INTO trabalho.usuario_esta_inscrito_no_podcast VALUES (4, '5bdf7377-8330-4f9f-8efd-e95301c122ce', 'usr_443');
INSERT INTO trabalho.comentarios_podcast_usuario VALUES ('comment_443_1', 'Facere eos laudantium provident sint.', '5bdf7377-8330-4f9f-8efd-e95301c122ce', 'usr_443');
INSERT INTO trabalho.log_acesso VALUES ('log_443_1', '5bdf7377-8330-4f9f-8efd-e95301c122ce', 'usr_443');
INSERT INTO trabalho.usuario_esta_inscrito_no_podcast VALUES (0, '219328a1-cec6-4e8c-b003-52a3ec9766bb', 'usr_443');
INSERT INTO trabalho.comentarios_podcast_usuario VALUES ('comment_443_2', 'Eum nesciunt sit in nesciunt rerum ut qui.', '219328a1-cec6-4e8c-b003-52a3ec9766bb', 'usr_443');
INSERT INTO trabalho.log_acesso VALUES ('log_443_2', '219328a1-cec6-4e8c-b003-52a3ec9766bb', 'usr_443');
INSERT INTO trabalho.usuario VALUES ('usr_444', '444_Isabela.Martins@bol.com.br', 'Isabela Martins', 'female', 17, 'password', 'Tajiquistão');
INSERT INTO trabalho.usuario_esta_inscrito_no_podcast VALUES (5, 'bc8dac25-793c-4a96-aafc-4ea7020f4f60', 'usr_444');
INSERT INTO trabalho.comentarios_podcast_usuario VALUES ('comment_444_0', 'Minus nobis a animi inventore eligendi autem sit sequi voluptas.', 'bc8dac25-793c-4a96-aafc-4ea7020f4f60', 'usr_444');
INSERT INTO trabalho.log_acesso VALUES ('log_444_0', 'bc8dac25-793c-4a96-aafc-4ea7020f4f60', 'usr_444');
INSERT INTO trabalho.usuario_esta_inscrito_no_podcast VALUES (1, 'f1b92ce7-47a7-43cd-8586-4a09185cdd05', 'usr_444');
INSERT INTO trabalho.comentarios_podcast_usuario VALUES ('comment_444_1', 'Maxime ipsa aliquam delectus dolorem qui.', 'f1b92ce7-47a7-43cd-8586-4a09185cdd05', 'usr_444');
INSERT INTO trabalho.log_acesso VALUES ('log_444_1', 'f1b92ce7-47a7-43cd-8586-4a09185cdd05', 'usr_444');
INSERT INTO trabalho.usuario_esta_inscrito_no_podcast VALUES (0, 'b553d865-8fe2-47de-9a30-10e1dea3bd1d', 'usr_444');
INSERT INTO trabalho.comentarios_podcast_usuario VALUES ('comment_444_2', 'Id ipsum dignissimos.', 'b553d865-8fe2-47de-9a30-10e1dea3bd1d', 'usr_444');
INSERT INTO trabalho.log_acesso VALUES ('log_444_2', 'b553d865-8fe2-47de-9a30-10e1dea3bd1d', 'usr_444');
INSERT INTO trabalho.usuario VALUES ('usr_445', '445_MariaClara.Moraes51@bol.com.br', 'Maria Clara Moraes', 'female', 20, 'password', 'Iêmen');
INSERT INTO trabalho.usuario_esta_inscrito_no_podcast VALUES (2, 'b553d865-8fe2-47de-9a30-10e1dea3bd1d', 'usr_445');
INSERT INTO trabalho.comentarios_podcast_usuario VALUES ('comment_445_0', 'Vitae fugit facilis debitis.', 'b553d865-8fe2-47de-9a30-10e1dea3bd1d', 'usr_445');
INSERT INTO trabalho.log_acesso VALUES ('log_445_0', 'b553d865-8fe2-47de-9a30-10e1dea3bd1d', 'usr_445');
INSERT INTO trabalho.usuario_esta_inscrito_no_podcast VALUES (0, 'af46a958-b921-47b6-9f87-5c4fdc68ea79', 'usr_445');
INSERT INTO trabalho.comentarios_podcast_usuario VALUES ('comment_445_1', 'Ratione nostrum aspernatur autem repellat et et.', 'af46a958-b921-47b6-9f87-5c4fdc68ea79', 'usr_445');
INSERT INTO trabalho.log_acesso VALUES ('log_445_1', 'af46a958-b921-47b6-9f87-5c4fdc68ea79', 'usr_445');
INSERT INTO trabalho.usuario_esta_inscrito_no_podcast VALUES (1, 'de2f0ddb-9903-436a-a5e2-54224254c818', 'usr_445');
INSERT INTO trabalho.comentarios_podcast_usuario VALUES ('comment_445_2', 'Asperiores ducimus error.', 'de2f0ddb-9903-436a-a5e2-54224254c818', 'usr_445');
INSERT INTO trabalho.log_acesso VALUES ('log_445_2', 'de2f0ddb-9903-436a-a5e2-54224254c818', 'usr_445');
INSERT INTO trabalho.usuario VALUES ('usr_446', '446_Roberto.Franco35@hotmail.com', 'Roberto Franco', 'male', 30, 'password', 'Turcas e Caicos');
INSERT INTO trabalho.usuario_esta_inscrito_no_podcast VALUES (2, 'f0166bd2-8e4d-4308-b5d7-0b3d627c5dc5', 'usr_446');
INSERT INTO trabalho.comentarios_podcast_usuario VALUES ('comment_446_0', 'Quibusdam numquam deleniti deleniti.', 'f0166bd2-8e4d-4308-b5d7-0b3d627c5dc5', 'usr_446');
INSERT INTO trabalho.log_acesso VALUES ('log_446_0', 'f0166bd2-8e4d-4308-b5d7-0b3d627c5dc5', 'usr_446');
INSERT INTO trabalho.usuario_esta_inscrito_no_podcast VALUES (5, '67074e68-bc2f-442b-8af2-7d328b6af6eb', 'usr_446');
INSERT INTO trabalho.comentarios_podcast_usuario VALUES ('comment_446_1', 'Qui est et reprehenderit et excepturi eum veritatis sit.', '67074e68-bc2f-442b-8af2-7d328b6af6eb', 'usr_446');
INSERT INTO trabalho.log_acesso VALUES ('log_446_1', '67074e68-bc2f-442b-8af2-7d328b6af6eb', 'usr_446');
INSERT INTO trabalho.usuario_esta_inscrito_no_podcast VALUES (5, 'b553d865-8fe2-47de-9a30-10e1dea3bd1d', 'usr_446');
INSERT INTO trabalho.comentarios_podcast_usuario VALUES ('comment_446_2', 'Corrupti totam inventore sint reiciendis aspernatur soluta eligendi officia illum.', 'b553d865-8fe2-47de-9a30-10e1dea3bd1d', 'usr_446');
INSERT INTO trabalho.log_acesso VALUES ('log_446_2', 'b553d865-8fe2-47de-9a30-10e1dea3bd1d', 'usr_446');
INSERT INTO trabalho.usuario VALUES ('usr_447', '447_Carlos.Souza92@bol.com.br', 'Carlos Souza', 'male', 32, 'password', 'Turquia');
INSERT INTO trabalho.usuario_esta_inscrito_no_podcast VALUES (2, '7e429e8e-7669-403d-bb78-3cd7f9f75afd', 'usr_447');
INSERT INTO trabalho.comentarios_podcast_usuario VALUES ('comment_447_0', 'Vel sunt enim.', '7e429e8e-7669-403d-bb78-3cd7f9f75afd', 'usr_447');
INSERT INTO trabalho.log_acesso VALUES ('log_447_0', '7e429e8e-7669-403d-bb78-3cd7f9f75afd', 'usr_447');
INSERT INTO trabalho.usuario_esta_inscrito_no_podcast VALUES (3, 'f8e13774-d631-4f34-93f0-2f5d55590265', 'usr_447');
INSERT INTO trabalho.comentarios_podcast_usuario VALUES ('comment_447_1', 'Iste nemo aperiam officiis.', 'f8e13774-d631-4f34-93f0-2f5d55590265', 'usr_447');
INSERT INTO trabalho.log_acesso VALUES ('log_447_1', 'f8e13774-d631-4f34-93f0-2f5d55590265', 'usr_447');
INSERT INTO trabalho.usuario_esta_inscrito_no_podcast VALUES (0, 'fa3abe16-3645-4d22-a01d-893e6f20c408', 'usr_447');
INSERT INTO trabalho.comentarios_podcast_usuario VALUES ('comment_447_2', 'Saepe atque sit voluptas veritatis sequi accusantium laboriosam et.', 'fa3abe16-3645-4d22-a01d-893e6f20c408', 'usr_447');
INSERT INTO trabalho.log_acesso VALUES ('log_447_2', 'fa3abe16-3645-4d22-a01d-893e6f20c408', 'usr_447');
INSERT INTO trabalho.usuario VALUES ('usr_448', '448_Lvia.Reis@gmail.com', 'Lívia Reis', 'female', 30, 'password', 'Wallis e Futuna');
INSERT INTO trabalho.usuario_esta_inscrito_no_podcast VALUES (2, '219328a1-cec6-4e8c-b003-52a3ec9766bb', 'usr_448');
INSERT INTO trabalho.comentarios_podcast_usuario VALUES ('comment_448_0', 'Tenetur eum asperiores nihil quidem est qui.', '219328a1-cec6-4e8c-b003-52a3ec9766bb', 'usr_448');
INSERT INTO trabalho.log_acesso VALUES ('log_448_0', '219328a1-cec6-4e8c-b003-52a3ec9766bb', 'usr_448');
INSERT INTO trabalho.usuario_esta_inscrito_no_podcast VALUES (4, 'de2f0ddb-9903-436a-a5e2-54224254c818', 'usr_448');
INSERT INTO trabalho.comentarios_podcast_usuario VALUES ('comment_448_1', 'Consequatur commodi nobis.', 'de2f0ddb-9903-436a-a5e2-54224254c818', 'usr_448');
INSERT INTO trabalho.log_acesso VALUES ('log_448_1', 'de2f0ddb-9903-436a-a5e2-54224254c818', 'usr_448');
INSERT INTO trabalho.usuario_esta_inscrito_no_podcast VALUES (2, 'c58b280a-56d4-4ad8-8c85-730e4ea86361', 'usr_448');
INSERT INTO trabalho.comentarios_podcast_usuario VALUES ('comment_448_2', 'Quidem blanditiis perspiciatis occaecati facere nobis.', 'c58b280a-56d4-4ad8-8c85-730e4ea86361', 'usr_448');
INSERT INTO trabalho.log_acesso VALUES ('log_448_2', 'c58b280a-56d4-4ad8-8c85-730e4ea86361', 'usr_448');
INSERT INTO trabalho.usuario VALUES ('usr_449', '449_Cau_Silva13@hotmail.com', 'Cauã Silva', 'male', 36, 'password', 'Gibraltar');
INSERT INTO trabalho.usuario_esta_inscrito_no_podcast VALUES (0, 'f8e13774-d631-4f34-93f0-2f5d55590265', 'usr_449');
INSERT INTO trabalho.comentarios_podcast_usuario VALUES ('comment_449_0', 'Labore aut quas.', 'f8e13774-d631-4f34-93f0-2f5d55590265', 'usr_449');
INSERT INTO trabalho.log_acesso VALUES ('log_449_0', 'f8e13774-d631-4f34-93f0-2f5d55590265', 'usr_449');
INSERT INTO trabalho.usuario_esta_inscrito_no_podcast VALUES (5, 'f0166bd2-8e4d-4308-b5d7-0b3d627c5dc5', 'usr_449');
INSERT INTO trabalho.comentarios_podcast_usuario VALUES ('comment_449_1', 'Labore porro provident ut laborum voluptatem quidem assumenda.', 'f0166bd2-8e4d-4308-b5d7-0b3d627c5dc5', 'usr_449');
INSERT INTO trabalho.log_acesso VALUES ('log_449_1', 'f0166bd2-8e4d-4308-b5d7-0b3d627c5dc5', 'usr_449');
INSERT INTO trabalho.usuario_esta_inscrito_no_podcast VALUES (0, 'de2f0ddb-9903-436a-a5e2-54224254c818', 'usr_449');
INSERT INTO trabalho.comentarios_podcast_usuario VALUES ('comment_449_2', 'Doloribus doloremque voluptas consectetur ad.', 'de2f0ddb-9903-436a-a5e2-54224254c818', 'usr_449');
INSERT INTO trabalho.log_acesso VALUES ('log_449_2', 'de2f0ddb-9903-436a-a5e2-54224254c818', 'usr_449');
INSERT INTO trabalho.usuario VALUES ('usr_450', '450_Vitria.Moreira@live.com', 'Vitória Moreira', 'female', 38, 'password', 'Alemanha');
INSERT INTO trabalho.usuario_esta_inscrito_no_podcast VALUES (3, '7e429e8e-7669-403d-bb78-3cd7f9f75afd', 'usr_450');
INSERT INTO trabalho.comentarios_podcast_usuario VALUES ('comment_450_0', 'Aut sapiente occaecati et aut velit ut.', '7e429e8e-7669-403d-bb78-3cd7f9f75afd', 'usr_450');
INSERT INTO trabalho.log_acesso VALUES ('log_450_0', '7e429e8e-7669-403d-bb78-3cd7f9f75afd', 'usr_450');
INSERT INTO trabalho.usuario_esta_inscrito_no_podcast VALUES (0, '67074e68-bc2f-442b-8af2-7d328b6af6eb', 'usr_450');
INSERT INTO trabalho.comentarios_podcast_usuario VALUES ('comment_450_1', 'Praesentium ab deleniti dolore.', '67074e68-bc2f-442b-8af2-7d328b6af6eb', 'usr_450');
INSERT INTO trabalho.log_acesso VALUES ('log_450_1', '67074e68-bc2f-442b-8af2-7d328b6af6eb', 'usr_450');
INSERT INTO trabalho.usuario_esta_inscrito_no_podcast VALUES (4, 'af46a958-b921-47b6-9f87-5c4fdc68ea79', 'usr_450');
INSERT INTO trabalho.comentarios_podcast_usuario VALUES ('comment_450_2', 'Blanditiis optio dolores praesentium fugit at architecto vel ad in.', 'af46a958-b921-47b6-9f87-5c4fdc68ea79', 'usr_450');
INSERT INTO trabalho.log_acesso VALUES ('log_450_2', 'af46a958-b921-47b6-9f87-5c4fdc68ea79', 'usr_450');
INSERT INTO trabalho.usuario VALUES ('usr_451', '451_Yasmin_Braga@hotmail.com', 'Yasmin Braga', 'female', 19, 'password', 'Colômbia');
INSERT INTO trabalho.usuario_esta_inscrito_no_podcast VALUES (4, 'f1b92ce7-47a7-43cd-8586-4a09185cdd05', 'usr_451');
INSERT INTO trabalho.comentarios_podcast_usuario VALUES ('comment_451_0', 'Incidunt quasi et ipsam dolorem autem tempora.', 'f1b92ce7-47a7-43cd-8586-4a09185cdd05', 'usr_451');
INSERT INTO trabalho.log_acesso VALUES ('log_451_0', 'f1b92ce7-47a7-43cd-8586-4a09185cdd05', 'usr_451');
INSERT INTO trabalho.usuario_esta_inscrito_no_podcast VALUES (4, 'de2f0ddb-9903-436a-a5e2-54224254c818', 'usr_451');
INSERT INTO trabalho.comentarios_podcast_usuario VALUES ('comment_451_1', 'Animi quia ducimus totam.', 'de2f0ddb-9903-436a-a5e2-54224254c818', 'usr_451');
INSERT INTO trabalho.log_acesso VALUES ('log_451_1', 'de2f0ddb-9903-436a-a5e2-54224254c818', 'usr_451');
INSERT INTO trabalho.usuario_esta_inscrito_no_podcast VALUES (3, '5bdf7377-8330-4f9f-8efd-e95301c122ce', 'usr_451');
INSERT INTO trabalho.comentarios_podcast_usuario VALUES ('comment_451_2', 'Ullam magni error placeat nostrum iste et delectus.', '5bdf7377-8330-4f9f-8efd-e95301c122ce', 'usr_451');
INSERT INTO trabalho.log_acesso VALUES ('log_451_2', '5bdf7377-8330-4f9f-8efd-e95301c122ce', 'usr_451');
INSERT INTO trabalho.usuario VALUES ('usr_452', '452_Vicente_Costa16@bol.com.br', 'Vicente Costa', 'male', 55, 'password', 'Santa Lúcia');
INSERT INTO trabalho.usuario_esta_inscrito_no_podcast VALUES (1, 'af46a958-b921-47b6-9f87-5c4fdc68ea79', 'usr_452');
INSERT INTO trabalho.comentarios_podcast_usuario VALUES ('comment_452_0', 'Fuga aliquid aut error aut.', 'af46a958-b921-47b6-9f87-5c4fdc68ea79', 'usr_452');
INSERT INTO trabalho.log_acesso VALUES ('log_452_0', 'af46a958-b921-47b6-9f87-5c4fdc68ea79', 'usr_452');
INSERT INTO trabalho.usuario_esta_inscrito_no_podcast VALUES (0, '7e429e8e-7669-403d-bb78-3cd7f9f75afd', 'usr_452');
INSERT INTO trabalho.comentarios_podcast_usuario VALUES ('comment_452_1', 'Assumenda neque cumque amet fugiat.', '7e429e8e-7669-403d-bb78-3cd7f9f75afd', 'usr_452');
INSERT INTO trabalho.log_acesso VALUES ('log_452_1', '7e429e8e-7669-403d-bb78-3cd7f9f75afd', 'usr_452');
INSERT INTO trabalho.usuario_esta_inscrito_no_podcast VALUES (2, '67074e68-bc2f-442b-8af2-7d328b6af6eb', 'usr_452');
INSERT INTO trabalho.comentarios_podcast_usuario VALUES ('comment_452_2', 'Quidem modi est.', '67074e68-bc2f-442b-8af2-7d328b6af6eb', 'usr_452');
INSERT INTO trabalho.log_acesso VALUES ('log_452_2', '67074e68-bc2f-442b-8af2-7d328b6af6eb', 'usr_452');
INSERT INTO trabalho.usuario VALUES ('usr_453', '453_Isabelly97@hotmail.com', 'Isabelly Costa', 'female', 31, 'password', 'Albânia');
INSERT INTO trabalho.usuario_esta_inscrito_no_podcast VALUES (5, '219328a1-cec6-4e8c-b003-52a3ec9766bb', 'usr_453');
INSERT INTO trabalho.comentarios_podcast_usuario VALUES ('comment_453_0', 'Eligendi inventore porro eligendi in sequi quia explicabo.', '219328a1-cec6-4e8c-b003-52a3ec9766bb', 'usr_453');
INSERT INTO trabalho.log_acesso VALUES ('log_453_0', '219328a1-cec6-4e8c-b003-52a3ec9766bb', 'usr_453');
INSERT INTO trabalho.usuario_esta_inscrito_no_podcast VALUES (1, 'c58b280a-56d4-4ad8-8c85-730e4ea86361', 'usr_453');
INSERT INTO trabalho.comentarios_podcast_usuario VALUES ('comment_453_1', 'Et expedita odio laudantium ut voluptatem inventore sunt quia.', 'c58b280a-56d4-4ad8-8c85-730e4ea86361', 'usr_453');
INSERT INTO trabalho.log_acesso VALUES ('log_453_1', 'c58b280a-56d4-4ad8-8c85-730e4ea86361', 'usr_453');
INSERT INTO trabalho.usuario_esta_inscrito_no_podcast VALUES (5, 'de2f0ddb-9903-436a-a5e2-54224254c818', 'usr_453');
INSERT INTO trabalho.comentarios_podcast_usuario VALUES ('comment_453_2', 'Ipsa cupiditate consectetur expedita veniam sunt accusantium autem pariatur.', 'de2f0ddb-9903-436a-a5e2-54224254c818', 'usr_453');
INSERT INTO trabalho.log_acesso VALUES ('log_453_2', 'de2f0ddb-9903-436a-a5e2-54224254c818', 'usr_453');
INSERT INTO trabalho.usuario VALUES ('usr_454', '454_Carla.Santos47@bol.com.br', 'Carla Santos', 'female', 7, 'password', 'Turquia');
INSERT INTO trabalho.usuario_esta_inscrito_no_podcast VALUES (5, '5bdf7377-8330-4f9f-8efd-e95301c122ce', 'usr_454');
INSERT INTO trabalho.comentarios_podcast_usuario VALUES ('comment_454_0', 'Qui necessitatibus velit neque tenetur iusto aut autem praesentium quos.', '5bdf7377-8330-4f9f-8efd-e95301c122ce', 'usr_454');
INSERT INTO trabalho.log_acesso VALUES ('log_454_0', '5bdf7377-8330-4f9f-8efd-e95301c122ce', 'usr_454');
INSERT INTO trabalho.usuario_esta_inscrito_no_podcast VALUES (0, 'f1b92ce7-47a7-43cd-8586-4a09185cdd05', 'usr_454');
INSERT INTO trabalho.comentarios_podcast_usuario VALUES ('comment_454_1', 'Enim est praesentium iure.', 'f1b92ce7-47a7-43cd-8586-4a09185cdd05', 'usr_454');
INSERT INTO trabalho.log_acesso VALUES ('log_454_1', 'f1b92ce7-47a7-43cd-8586-4a09185cdd05', 'usr_454');
INSERT INTO trabalho.usuario_esta_inscrito_no_podcast VALUES (2, 'fa3abe16-3645-4d22-a01d-893e6f20c408', 'usr_454');
INSERT INTO trabalho.comentarios_podcast_usuario VALUES ('comment_454_2', 'Asperiores et et occaecati totam dolor quas voluptatem.', 'fa3abe16-3645-4d22-a01d-893e6f20c408', 'usr_454');
INSERT INTO trabalho.log_acesso VALUES ('log_454_2', 'fa3abe16-3645-4d22-a01d-893e6f20c408', 'usr_454');
INSERT INTO trabalho.usuario VALUES ('usr_455', '455_Frederico_Costa@gmail.com', 'Frederico Costa', 'male', 53, 'password', 'Noruega');
INSERT INTO trabalho.usuario_esta_inscrito_no_podcast VALUES (0, '168c1536-4c42-4b8f-8c77-f06affefec6a', 'usr_455');
INSERT INTO trabalho.comentarios_podcast_usuario VALUES ('comment_455_0', 'Sunt et a numquam laboriosam maiores sit ducimus.', '168c1536-4c42-4b8f-8c77-f06affefec6a', 'usr_455');
INSERT INTO trabalho.log_acesso VALUES ('log_455_0', '168c1536-4c42-4b8f-8c77-f06affefec6a', 'usr_455');
INSERT INTO trabalho.usuario_esta_inscrito_no_podcast VALUES (5, 'f8e13774-d631-4f34-93f0-2f5d55590265', 'usr_455');
INSERT INTO trabalho.comentarios_podcast_usuario VALUES ('comment_455_1', 'Corrupti occaecati esse voluptatem accusamus eos est eligendi.', 'f8e13774-d631-4f34-93f0-2f5d55590265', 'usr_455');
INSERT INTO trabalho.log_acesso VALUES ('log_455_1', 'f8e13774-d631-4f34-93f0-2f5d55590265', 'usr_455');
INSERT INTO trabalho.usuario_esta_inscrito_no_podcast VALUES (2, 'fa3abe16-3645-4d22-a01d-893e6f20c408', 'usr_455');
INSERT INTO trabalho.comentarios_podcast_usuario VALUES ('comment_455_2', 'Qui rem qui id voluptate qui enim.', 'fa3abe16-3645-4d22-a01d-893e6f20c408', 'usr_455');
INSERT INTO trabalho.log_acesso VALUES ('log_455_2', 'fa3abe16-3645-4d22-a01d-893e6f20c408', 'usr_455');
INSERT INTO trabalho.usuario VALUES ('usr_456', '456_Jlio.Moraes97@yahoo.com', 'Júlio Moraes', 'male', 56, 'password', 'Malta');
INSERT INTO trabalho.usuario_esta_inscrito_no_podcast VALUES (3, '168c1536-4c42-4b8f-8c77-f06affefec6a', 'usr_456');
INSERT INTO trabalho.comentarios_podcast_usuario VALUES ('comment_456_0', 'At molestias labore at suscipit vero aut molestias.', '168c1536-4c42-4b8f-8c77-f06affefec6a', 'usr_456');
INSERT INTO trabalho.log_acesso VALUES ('log_456_0', '168c1536-4c42-4b8f-8c77-f06affefec6a', 'usr_456');
INSERT INTO trabalho.usuario_esta_inscrito_no_podcast VALUES (2, '67074e68-bc2f-442b-8af2-7d328b6af6eb', 'usr_456');
INSERT INTO trabalho.comentarios_podcast_usuario VALUES ('comment_456_1', 'Perspiciatis veritatis laudantium occaecati quaerat pariatur voluptate.', '67074e68-bc2f-442b-8af2-7d328b6af6eb', 'usr_456');
INSERT INTO trabalho.log_acesso VALUES ('log_456_1', '67074e68-bc2f-442b-8af2-7d328b6af6eb', 'usr_456');
INSERT INTO trabalho.usuario_esta_inscrito_no_podcast VALUES (2, 'b553d865-8fe2-47de-9a30-10e1dea3bd1d', 'usr_456');
INSERT INTO trabalho.comentarios_podcast_usuario VALUES ('comment_456_2', 'Quia velit placeat possimus ratione.', 'b553d865-8fe2-47de-9a30-10e1dea3bd1d', 'usr_456');
INSERT INTO trabalho.log_acesso VALUES ('log_456_2', 'b553d865-8fe2-47de-9a30-10e1dea3bd1d', 'usr_456');
INSERT INTO trabalho.usuario VALUES ('usr_457', '457_Slvia45@yahoo.com', 'Sílvia Macedo', 'female', 0, 'password', 'Jersey');
INSERT INTO trabalho.usuario_esta_inscrito_no_podcast VALUES (4, 'de2f0ddb-9903-436a-a5e2-54224254c818', 'usr_457');
INSERT INTO trabalho.comentarios_podcast_usuario VALUES ('comment_457_0', 'Molestiae ut sed eos repellat doloribus reprehenderit.', 'de2f0ddb-9903-436a-a5e2-54224254c818', 'usr_457');
INSERT INTO trabalho.log_acesso VALUES ('log_457_0', 'de2f0ddb-9903-436a-a5e2-54224254c818', 'usr_457');
INSERT INTO trabalho.usuario_esta_inscrito_no_podcast VALUES (1, 'fa3abe16-3645-4d22-a01d-893e6f20c408', 'usr_457');
INSERT INTO trabalho.comentarios_podcast_usuario VALUES ('comment_457_1', 'Exercitationem ut atque non doloremque quo aut sint fugiat.', 'fa3abe16-3645-4d22-a01d-893e6f20c408', 'usr_457');
INSERT INTO trabalho.log_acesso VALUES ('log_457_1', 'fa3abe16-3645-4d22-a01d-893e6f20c408', 'usr_457');
INSERT INTO trabalho.usuario_esta_inscrito_no_podcast VALUES (1, 'f1b92ce7-47a7-43cd-8586-4a09185cdd05', 'usr_457');
INSERT INTO trabalho.comentarios_podcast_usuario VALUES ('comment_457_2', 'Ut minus aperiam cum aut id amet est veniam dolorem.', 'f1b92ce7-47a7-43cd-8586-4a09185cdd05', 'usr_457');
INSERT INTO trabalho.log_acesso VALUES ('log_457_2', 'f1b92ce7-47a7-43cd-8586-4a09185cdd05', 'usr_457');
INSERT INTO trabalho.usuario VALUES ('usr_458', '458_Warley.Silva88@gmail.com', 'Warley Silva', 'male', 9, 'password', 'Omã');
INSERT INTO trabalho.usuario_esta_inscrito_no_podcast VALUES (4, 'b553d865-8fe2-47de-9a30-10e1dea3bd1d', 'usr_458');
INSERT INTO trabalho.comentarios_podcast_usuario VALUES ('comment_458_0', 'Et dicta reprehenderit harum.', 'b553d865-8fe2-47de-9a30-10e1dea3bd1d', 'usr_458');
INSERT INTO trabalho.log_acesso VALUES ('log_458_0', 'b553d865-8fe2-47de-9a30-10e1dea3bd1d', 'usr_458');
INSERT INTO trabalho.usuario_esta_inscrito_no_podcast VALUES (2, 'fa3abe16-3645-4d22-a01d-893e6f20c408', 'usr_458');
INSERT INTO trabalho.comentarios_podcast_usuario VALUES ('comment_458_1', 'Perspiciatis et sit.', 'fa3abe16-3645-4d22-a01d-893e6f20c408', 'usr_458');
INSERT INTO trabalho.log_acesso VALUES ('log_458_1', 'fa3abe16-3645-4d22-a01d-893e6f20c408', 'usr_458');
INSERT INTO trabalho.usuario_esta_inscrito_no_podcast VALUES (3, '219328a1-cec6-4e8c-b003-52a3ec9766bb', 'usr_458');
INSERT INTO trabalho.comentarios_podcast_usuario VALUES ('comment_458_2', 'Voluptas nihil sit necessitatibus quis quis ab.', '219328a1-cec6-4e8c-b003-52a3ec9766bb', 'usr_458');
INSERT INTO trabalho.log_acesso VALUES ('log_458_2', '219328a1-cec6-4e8c-b003-52a3ec9766bb', 'usr_458');
INSERT INTO trabalho.usuario VALUES ('usr_459', '459_AnaClara_Albuquerque@hotmail.com', 'Ana Clara Albuquerque', 'female', 5, 'password', 'Peru');
INSERT INTO trabalho.usuario_esta_inscrito_no_podcast VALUES (3, 'c58b280a-56d4-4ad8-8c85-730e4ea86361', 'usr_459');
INSERT INTO trabalho.comentarios_podcast_usuario VALUES ('comment_459_0', 'Dolorem maiores praesentium aut ea.', 'c58b280a-56d4-4ad8-8c85-730e4ea86361', 'usr_459');
INSERT INTO trabalho.log_acesso VALUES ('log_459_0', 'c58b280a-56d4-4ad8-8c85-730e4ea86361', 'usr_459');
INSERT INTO trabalho.usuario_esta_inscrito_no_podcast VALUES (0, 'f8e13774-d631-4f34-93f0-2f5d55590265', 'usr_459');
INSERT INTO trabalho.comentarios_podcast_usuario VALUES ('comment_459_1', 'Aliquid veniam ducimus.', 'f8e13774-d631-4f34-93f0-2f5d55590265', 'usr_459');
INSERT INTO trabalho.log_acesso VALUES ('log_459_1', 'f8e13774-d631-4f34-93f0-2f5d55590265', 'usr_459');
INSERT INTO trabalho.usuario_esta_inscrito_no_podcast VALUES (1, '7e429e8e-7669-403d-bb78-3cd7f9f75afd', 'usr_459');
INSERT INTO trabalho.comentarios_podcast_usuario VALUES ('comment_459_2', 'Aliquam mollitia et rerum dolore dolorem.', '7e429e8e-7669-403d-bb78-3cd7f9f75afd', 'usr_459');
INSERT INTO trabalho.log_acesso VALUES ('log_459_2', '7e429e8e-7669-403d-bb78-3cd7f9f75afd', 'usr_459');
INSERT INTO trabalho.usuario VALUES ('usr_460', '460_Tertuliano.Batista77@hotmail.com', 'Tertuliano Batista', 'male', 54, 'password', 'Botsuana');
INSERT INTO trabalho.usuario_esta_inscrito_no_podcast VALUES (5, 'b553d865-8fe2-47de-9a30-10e1dea3bd1d', 'usr_460');
INSERT INTO trabalho.comentarios_podcast_usuario VALUES ('comment_460_0', 'Vel veniam libero ut fuga.', 'b553d865-8fe2-47de-9a30-10e1dea3bd1d', 'usr_460');
INSERT INTO trabalho.log_acesso VALUES ('log_460_0', 'b553d865-8fe2-47de-9a30-10e1dea3bd1d', 'usr_460');
INSERT INTO trabalho.usuario_esta_inscrito_no_podcast VALUES (5, '219328a1-cec6-4e8c-b003-52a3ec9766bb', 'usr_460');
INSERT INTO trabalho.comentarios_podcast_usuario VALUES ('comment_460_1', 'Eius eos neque similique id.', '219328a1-cec6-4e8c-b003-52a3ec9766bb', 'usr_460');
INSERT INTO trabalho.log_acesso VALUES ('log_460_1', '219328a1-cec6-4e8c-b003-52a3ec9766bb', 'usr_460');
INSERT INTO trabalho.usuario_esta_inscrito_no_podcast VALUES (1, 'f8e13774-d631-4f34-93f0-2f5d55590265', 'usr_460');
INSERT INTO trabalho.comentarios_podcast_usuario VALUES ('comment_460_2', 'Deserunt soluta autem sunt nobis non dolores aut repudiandae quia.', 'f8e13774-d631-4f34-93f0-2f5d55590265', 'usr_460');
INSERT INTO trabalho.log_acesso VALUES ('log_460_2', 'f8e13774-d631-4f34-93f0-2f5d55590265', 'usr_460');
INSERT INTO trabalho.usuario VALUES ('usr_461', '461_Elo56@hotmail.com', 'Eloá Saraiva', 'female', 58, 'password', 'Jibuti');
INSERT INTO trabalho.usuario_esta_inscrito_no_podcast VALUES (5, 'de2f0ddb-9903-436a-a5e2-54224254c818', 'usr_461');
INSERT INTO trabalho.comentarios_podcast_usuario VALUES ('comment_461_0', 'Molestiae a velit alias aliquam iure amet officiis quo labore.', 'de2f0ddb-9903-436a-a5e2-54224254c818', 'usr_461');
INSERT INTO trabalho.log_acesso VALUES ('log_461_0', 'de2f0ddb-9903-436a-a5e2-54224254c818', 'usr_461');
INSERT INTO trabalho.usuario_esta_inscrito_no_podcast VALUES (0, '67074e68-bc2f-442b-8af2-7d328b6af6eb', 'usr_461');
INSERT INTO trabalho.comentarios_podcast_usuario VALUES ('comment_461_1', 'Laboriosam autem perspiciatis ea sequi quae.', '67074e68-bc2f-442b-8af2-7d328b6af6eb', 'usr_461');
INSERT INTO trabalho.log_acesso VALUES ('log_461_1', '67074e68-bc2f-442b-8af2-7d328b6af6eb', 'usr_461');
INSERT INTO trabalho.usuario_esta_inscrito_no_podcast VALUES (2, 'bc8dac25-793c-4a96-aafc-4ea7020f4f60', 'usr_461');
INSERT INTO trabalho.comentarios_podcast_usuario VALUES ('comment_461_2', 'Alias impedit vitae nam rem et dicta laboriosam placeat aut.', 'bc8dac25-793c-4a96-aafc-4ea7020f4f60', 'usr_461');
INSERT INTO trabalho.log_acesso VALUES ('log_461_2', 'bc8dac25-793c-4a96-aafc-4ea7020f4f60', 'usr_461');
INSERT INTO trabalho.usuario VALUES ('usr_462', '462_Nbia.Albuquerque@gmail.com', 'Núbia Albuquerque', 'female', 56, 'password', 'Nova Zelândia');
INSERT INTO trabalho.usuario_esta_inscrito_no_podcast VALUES (3, '168c1536-4c42-4b8f-8c77-f06affefec6a', 'usr_462');
INSERT INTO trabalho.comentarios_podcast_usuario VALUES ('comment_462_0', 'Aut suscipit et.', '168c1536-4c42-4b8f-8c77-f06affefec6a', 'usr_462');
INSERT INTO trabalho.log_acesso VALUES ('log_462_0', '168c1536-4c42-4b8f-8c77-f06affefec6a', 'usr_462');
INSERT INTO trabalho.usuario_esta_inscrito_no_podcast VALUES (0, 'f1b92ce7-47a7-43cd-8586-4a09185cdd05', 'usr_462');
INSERT INTO trabalho.comentarios_podcast_usuario VALUES ('comment_462_1', 'Quo optio earum itaque est consectetur voluptatem aperiam est.', 'f1b92ce7-47a7-43cd-8586-4a09185cdd05', 'usr_462');
INSERT INTO trabalho.log_acesso VALUES ('log_462_1', 'f1b92ce7-47a7-43cd-8586-4a09185cdd05', 'usr_462');
INSERT INTO trabalho.usuario_esta_inscrito_no_podcast VALUES (0, 'af46a958-b921-47b6-9f87-5c4fdc68ea79', 'usr_462');
INSERT INTO trabalho.comentarios_podcast_usuario VALUES ('comment_462_2', 'Soluta est est voluptate nemo dolor velit.', 'af46a958-b921-47b6-9f87-5c4fdc68ea79', 'usr_462');
INSERT INTO trabalho.log_acesso VALUES ('log_462_2', 'af46a958-b921-47b6-9f87-5c4fdc68ea79', 'usr_462');
INSERT INTO trabalho.usuario VALUES ('usr_463', '463_Lucas13@hotmail.com', 'Lucas Oliveira', 'male', 7, 'password', 'Vanuatu');
INSERT INTO trabalho.usuario_esta_inscrito_no_podcast VALUES (0, '168c1536-4c42-4b8f-8c77-f06affefec6a', 'usr_463');
INSERT INTO trabalho.comentarios_podcast_usuario VALUES ('comment_463_0', 'Nesciunt nihil quibusdam placeat exercitationem et debitis.', '168c1536-4c42-4b8f-8c77-f06affefec6a', 'usr_463');
INSERT INTO trabalho.log_acesso VALUES ('log_463_0', '168c1536-4c42-4b8f-8c77-f06affefec6a', 'usr_463');
INSERT INTO trabalho.usuario_esta_inscrito_no_podcast VALUES (5, '67074e68-bc2f-442b-8af2-7d328b6af6eb', 'usr_463');
INSERT INTO trabalho.comentarios_podcast_usuario VALUES ('comment_463_1', 'Deserunt consequatur eius amet et dolorem reprehenderit at.', '67074e68-bc2f-442b-8af2-7d328b6af6eb', 'usr_463');
INSERT INTO trabalho.log_acesso VALUES ('log_463_1', '67074e68-bc2f-442b-8af2-7d328b6af6eb', 'usr_463');
INSERT INTO trabalho.usuario_esta_inscrito_no_podcast VALUES (2, 'b553d865-8fe2-47de-9a30-10e1dea3bd1d', 'usr_463');
INSERT INTO trabalho.comentarios_podcast_usuario VALUES ('comment_463_2', 'Qui consequatur consequatur.', 'b553d865-8fe2-47de-9a30-10e1dea3bd1d', 'usr_463');
INSERT INTO trabalho.log_acesso VALUES ('log_463_2', 'b553d865-8fe2-47de-9a30-10e1dea3bd1d', 'usr_463');
INSERT INTO trabalho.usuario VALUES ('usr_464', '464_Feliciano.Franco@yahoo.com', 'Feliciano Franco', 'male', 35, 'password', 'Indonésia');
INSERT INTO trabalho.usuario_esta_inscrito_no_podcast VALUES (4, '67074e68-bc2f-442b-8af2-7d328b6af6eb', 'usr_464');
INSERT INTO trabalho.comentarios_podcast_usuario VALUES ('comment_464_0', 'Eveniet non sunt molestias autem eveniet libero ex eos veniam.', '67074e68-bc2f-442b-8af2-7d328b6af6eb', 'usr_464');
INSERT INTO trabalho.log_acesso VALUES ('log_464_0', '67074e68-bc2f-442b-8af2-7d328b6af6eb', 'usr_464');
INSERT INTO trabalho.usuario_esta_inscrito_no_podcast VALUES (3, '5bdf7377-8330-4f9f-8efd-e95301c122ce', 'usr_464');
INSERT INTO trabalho.comentarios_podcast_usuario VALUES ('comment_464_1', 'In sunt voluptatem modi ex qui eaque animi porro.', '5bdf7377-8330-4f9f-8efd-e95301c122ce', 'usr_464');
INSERT INTO trabalho.log_acesso VALUES ('log_464_1', '5bdf7377-8330-4f9f-8efd-e95301c122ce', 'usr_464');
INSERT INTO trabalho.usuario_esta_inscrito_no_podcast VALUES (5, 'f0166bd2-8e4d-4308-b5d7-0b3d627c5dc5', 'usr_464');
INSERT INTO trabalho.comentarios_podcast_usuario VALUES ('comment_464_2', 'Sed tempora accusantium.', 'f0166bd2-8e4d-4308-b5d7-0b3d627c5dc5', 'usr_464');
INSERT INTO trabalho.log_acesso VALUES ('log_464_2', 'f0166bd2-8e4d-4308-b5d7-0b3d627c5dc5', 'usr_464');
INSERT INTO trabalho.usuario VALUES ('usr_465', '465_Lara37@gmail.com', 'Lara Carvalho', 'female', 59, 'password', 'Eslováquia');
INSERT INTO trabalho.usuario_esta_inscrito_no_podcast VALUES (5, 'de2f0ddb-9903-436a-a5e2-54224254c818', 'usr_465');
INSERT INTO trabalho.comentarios_podcast_usuario VALUES ('comment_465_0', 'Facere qui eum voluptatem.', 'de2f0ddb-9903-436a-a5e2-54224254c818', 'usr_465');
INSERT INTO trabalho.log_acesso VALUES ('log_465_0', 'de2f0ddb-9903-436a-a5e2-54224254c818', 'usr_465');
INSERT INTO trabalho.usuario_esta_inscrito_no_podcast VALUES (4, 'fa3abe16-3645-4d22-a01d-893e6f20c408', 'usr_465');
INSERT INTO trabalho.comentarios_podcast_usuario VALUES ('comment_465_1', 'Aut dolorem voluptatem velit eaque totam.', 'fa3abe16-3645-4d22-a01d-893e6f20c408', 'usr_465');
INSERT INTO trabalho.log_acesso VALUES ('log_465_1', 'fa3abe16-3645-4d22-a01d-893e6f20c408', 'usr_465');
INSERT INTO trabalho.usuario_esta_inscrito_no_podcast VALUES (2, 'bc8dac25-793c-4a96-aafc-4ea7020f4f60', 'usr_465');
INSERT INTO trabalho.comentarios_podcast_usuario VALUES ('comment_465_2', 'Occaecati eaque minus eum labore laudantium.', 'bc8dac25-793c-4a96-aafc-4ea7020f4f60', 'usr_465');
INSERT INTO trabalho.log_acesso VALUES ('log_465_2', 'bc8dac25-793c-4a96-aafc-4ea7020f4f60', 'usr_465');
INSERT INTO trabalho.usuario VALUES ('usr_466', '466_Rafaela_Xavier@live.com', 'Rafaela Xavier', 'female', 20, 'password', 'Paquistão');
INSERT INTO trabalho.usuario_esta_inscrito_no_podcast VALUES (4, 'b553d865-8fe2-47de-9a30-10e1dea3bd1d', 'usr_466');
INSERT INTO trabalho.comentarios_podcast_usuario VALUES ('comment_466_0', 'Ut ex nostrum quia.', 'b553d865-8fe2-47de-9a30-10e1dea3bd1d', 'usr_466');
INSERT INTO trabalho.log_acesso VALUES ('log_466_0', 'b553d865-8fe2-47de-9a30-10e1dea3bd1d', 'usr_466');
INSERT INTO trabalho.usuario_esta_inscrito_no_podcast VALUES (4, 'bc8dac25-793c-4a96-aafc-4ea7020f4f60', 'usr_466');
INSERT INTO trabalho.comentarios_podcast_usuario VALUES ('comment_466_1', 'Voluptatum dolorum iure ea quod adipisci tenetur.', 'bc8dac25-793c-4a96-aafc-4ea7020f4f60', 'usr_466');
INSERT INTO trabalho.log_acesso VALUES ('log_466_1', 'bc8dac25-793c-4a96-aafc-4ea7020f4f60', 'usr_466');
INSERT INTO trabalho.usuario_esta_inscrito_no_podcast VALUES (1, 'af46a958-b921-47b6-9f87-5c4fdc68ea79', 'usr_466');
INSERT INTO trabalho.comentarios_podcast_usuario VALUES ('comment_466_2', 'Numquam enim et vel et.', 'af46a958-b921-47b6-9f87-5c4fdc68ea79', 'usr_466');
INSERT INTO trabalho.log_acesso VALUES ('log_466_2', 'af46a958-b921-47b6-9f87-5c4fdc68ea79', 'usr_466');
INSERT INTO trabalho.usuario VALUES ('usr_467', '467_Elo.Souza@gmail.com', 'Eloá Souza', 'female', 50, 'password', 'Micronésia');
INSERT INTO trabalho.usuario_esta_inscrito_no_podcast VALUES (4, 'b553d865-8fe2-47de-9a30-10e1dea3bd1d', 'usr_467');
INSERT INTO trabalho.comentarios_podcast_usuario VALUES ('comment_467_0', 'Ut ab quam blanditiis ullam doloremque veritatis.', 'b553d865-8fe2-47de-9a30-10e1dea3bd1d', 'usr_467');
INSERT INTO trabalho.log_acesso VALUES ('log_467_0', 'b553d865-8fe2-47de-9a30-10e1dea3bd1d', 'usr_467');
INSERT INTO trabalho.usuario_esta_inscrito_no_podcast VALUES (4, '219328a1-cec6-4e8c-b003-52a3ec9766bb', 'usr_467');
INSERT INTO trabalho.comentarios_podcast_usuario VALUES ('comment_467_1', 'Distinctio repellendus quia amet assumenda et ratione.', '219328a1-cec6-4e8c-b003-52a3ec9766bb', 'usr_467');
INSERT INTO trabalho.log_acesso VALUES ('log_467_1', '219328a1-cec6-4e8c-b003-52a3ec9766bb', 'usr_467');
INSERT INTO trabalho.usuario_esta_inscrito_no_podcast VALUES (5, 'bc8dac25-793c-4a96-aafc-4ea7020f4f60', 'usr_467');
INSERT INTO trabalho.comentarios_podcast_usuario VALUES ('comment_467_2', 'Quis accusamus aliquam nihil voluptas quod quo.', 'bc8dac25-793c-4a96-aafc-4ea7020f4f60', 'usr_467');
INSERT INTO trabalho.log_acesso VALUES ('log_467_2', 'bc8dac25-793c-4a96-aafc-4ea7020f4f60', 'usr_467');
INSERT INTO trabalho.usuario VALUES ('usr_468', '468_Mrcia_Moraes@hotmail.com', 'Mércia Moraes', 'female', 29, 'password', 'Zâmbia');
INSERT INTO trabalho.usuario_esta_inscrito_no_podcast VALUES (4, 'f8e13774-d631-4f34-93f0-2f5d55590265', 'usr_468');
INSERT INTO trabalho.comentarios_podcast_usuario VALUES ('comment_468_0', 'Vel nihil minima soluta ut aut iusto.', 'f8e13774-d631-4f34-93f0-2f5d55590265', 'usr_468');
INSERT INTO trabalho.log_acesso VALUES ('log_468_0', 'f8e13774-d631-4f34-93f0-2f5d55590265', 'usr_468');
INSERT INTO trabalho.usuario_esta_inscrito_no_podcast VALUES (3, 'af46a958-b921-47b6-9f87-5c4fdc68ea79', 'usr_468');
INSERT INTO trabalho.comentarios_podcast_usuario VALUES ('comment_468_1', 'Corrupti ex non eligendi.', 'af46a958-b921-47b6-9f87-5c4fdc68ea79', 'usr_468');
INSERT INTO trabalho.log_acesso VALUES ('log_468_1', 'af46a958-b921-47b6-9f87-5c4fdc68ea79', 'usr_468');
INSERT INTO trabalho.usuario_esta_inscrito_no_podcast VALUES (1, '219328a1-cec6-4e8c-b003-52a3ec9766bb', 'usr_468');
INSERT INTO trabalho.comentarios_podcast_usuario VALUES ('comment_468_2', 'Soluta exercitationem nisi eligendi maxime facere sit occaecati praesentium sed.', '219328a1-cec6-4e8c-b003-52a3ec9766bb', 'usr_468');
INSERT INTO trabalho.log_acesso VALUES ('log_468_2', '219328a1-cec6-4e8c-b003-52a3ec9766bb', 'usr_468');
INSERT INTO trabalho.usuario VALUES ('usr_469', '469_MariaHelena.Carvalho@hotmail.com', 'Maria Helena Carvalho', 'female', 36, 'password', 'Suriname');
INSERT INTO trabalho.usuario_esta_inscrito_no_podcast VALUES (2, 'af46a958-b921-47b6-9f87-5c4fdc68ea79', 'usr_469');
INSERT INTO trabalho.comentarios_podcast_usuario VALUES ('comment_469_0', 'Qui eligendi quia vel tenetur.', 'af46a958-b921-47b6-9f87-5c4fdc68ea79', 'usr_469');
INSERT INTO trabalho.log_acesso VALUES ('log_469_0', 'af46a958-b921-47b6-9f87-5c4fdc68ea79', 'usr_469');
INSERT INTO trabalho.usuario_esta_inscrito_no_podcast VALUES (2, '7e429e8e-7669-403d-bb78-3cd7f9f75afd', 'usr_469');
INSERT INTO trabalho.comentarios_podcast_usuario VALUES ('comment_469_1', 'Ut ratione et sunt minus sed.', '7e429e8e-7669-403d-bb78-3cd7f9f75afd', 'usr_469');
INSERT INTO trabalho.log_acesso VALUES ('log_469_1', '7e429e8e-7669-403d-bb78-3cd7f9f75afd', 'usr_469');
INSERT INTO trabalho.usuario_esta_inscrito_no_podcast VALUES (4, 'b553d865-8fe2-47de-9a30-10e1dea3bd1d', 'usr_469');
INSERT INTO trabalho.comentarios_podcast_usuario VALUES ('comment_469_2', 'Sapiente alias tempore consequatur et eligendi saepe.', 'b553d865-8fe2-47de-9a30-10e1dea3bd1d', 'usr_469');
INSERT INTO trabalho.log_acesso VALUES ('log_469_2', 'b553d865-8fe2-47de-9a30-10e1dea3bd1d', 'usr_469');
INSERT INTO trabalho.usuario VALUES ('usr_470', '470_Pietro_Nogueira@hotmail.com', 'Pietro Nogueira', 'male', 5, 'password', 'Líbano');
INSERT INTO trabalho.usuario_esta_inscrito_no_podcast VALUES (4, '5bdf7377-8330-4f9f-8efd-e95301c122ce', 'usr_470');
INSERT INTO trabalho.comentarios_podcast_usuario VALUES ('comment_470_0', 'Illum earum qui.', '5bdf7377-8330-4f9f-8efd-e95301c122ce', 'usr_470');
INSERT INTO trabalho.log_acesso VALUES ('log_470_0', '5bdf7377-8330-4f9f-8efd-e95301c122ce', 'usr_470');
INSERT INTO trabalho.usuario_esta_inscrito_no_podcast VALUES (3, 'f8e13774-d631-4f34-93f0-2f5d55590265', 'usr_470');
INSERT INTO trabalho.comentarios_podcast_usuario VALUES ('comment_470_1', 'Odio rem suscipit quasi eum eius.', 'f8e13774-d631-4f34-93f0-2f5d55590265', 'usr_470');
INSERT INTO trabalho.log_acesso VALUES ('log_470_1', 'f8e13774-d631-4f34-93f0-2f5d55590265', 'usr_470');
INSERT INTO trabalho.usuario_esta_inscrito_no_podcast VALUES (1, '168c1536-4c42-4b8f-8c77-f06affefec6a', 'usr_470');
INSERT INTO trabalho.comentarios_podcast_usuario VALUES ('comment_470_2', 'Et eum ipsam inventore dolor vel.', '168c1536-4c42-4b8f-8c77-f06affefec6a', 'usr_470');
INSERT INTO trabalho.log_acesso VALUES ('log_470_2', '168c1536-4c42-4b8f-8c77-f06affefec6a', 'usr_470');
INSERT INTO trabalho.usuario VALUES ('usr_471', '471_Helena49@yahoo.com', 'Helena Costa', 'female', 6, 'password', 'Samoa');
INSERT INTO trabalho.usuario_esta_inscrito_no_podcast VALUES (3, 'de2f0ddb-9903-436a-a5e2-54224254c818', 'usr_471');
INSERT INTO trabalho.comentarios_podcast_usuario VALUES ('comment_471_0', 'Iste architecto repellat voluptatem placeat iste aspernatur modi animi tempore.', 'de2f0ddb-9903-436a-a5e2-54224254c818', 'usr_471');
INSERT INTO trabalho.log_acesso VALUES ('log_471_0', 'de2f0ddb-9903-436a-a5e2-54224254c818', 'usr_471');
INSERT INTO trabalho.usuario_esta_inscrito_no_podcast VALUES (1, 'bc8dac25-793c-4a96-aafc-4ea7020f4f60', 'usr_471');
INSERT INTO trabalho.comentarios_podcast_usuario VALUES ('comment_471_1', 'Voluptas velit earum placeat repellat.', 'bc8dac25-793c-4a96-aafc-4ea7020f4f60', 'usr_471');
INSERT INTO trabalho.log_acesso VALUES ('log_471_1', 'bc8dac25-793c-4a96-aafc-4ea7020f4f60', 'usr_471');
INSERT INTO trabalho.usuario_esta_inscrito_no_podcast VALUES (0, '5bdf7377-8330-4f9f-8efd-e95301c122ce', 'usr_471');
INSERT INTO trabalho.comentarios_podcast_usuario VALUES ('comment_471_2', 'Sit sit fuga est ut vel exercitationem aut.', '5bdf7377-8330-4f9f-8efd-e95301c122ce', 'usr_471');
INSERT INTO trabalho.log_acesso VALUES ('log_471_2', '5bdf7377-8330-4f9f-8efd-e95301c122ce', 'usr_471');
INSERT INTO trabalho.usuario VALUES ('usr_472', '472_Mrcia_Braga@live.com', 'Mércia Braga', 'female', 32, 'password', 'Santa Helena');
INSERT INTO trabalho.usuario_esta_inscrito_no_podcast VALUES (5, 'b553d865-8fe2-47de-9a30-10e1dea3bd1d', 'usr_472');
INSERT INTO trabalho.comentarios_podcast_usuario VALUES ('comment_472_0', 'Unde enim praesentium accusantium dolore sequi et.', 'b553d865-8fe2-47de-9a30-10e1dea3bd1d', 'usr_472');
INSERT INTO trabalho.log_acesso VALUES ('log_472_0', 'b553d865-8fe2-47de-9a30-10e1dea3bd1d', 'usr_472');
INSERT INTO trabalho.usuario_esta_inscrito_no_podcast VALUES (3, 'fa3abe16-3645-4d22-a01d-893e6f20c408', 'usr_472');
INSERT INTO trabalho.comentarios_podcast_usuario VALUES ('comment_472_1', 'Velit dicta est.', 'fa3abe16-3645-4d22-a01d-893e6f20c408', 'usr_472');
INSERT INTO trabalho.log_acesso VALUES ('log_472_1', 'fa3abe16-3645-4d22-a01d-893e6f20c408', 'usr_472');
INSERT INTO trabalho.usuario_esta_inscrito_no_podcast VALUES (1, 'de2f0ddb-9903-436a-a5e2-54224254c818', 'usr_472');
INSERT INTO trabalho.comentarios_podcast_usuario VALUES ('comment_472_2', 'Qui et omnis.', 'de2f0ddb-9903-436a-a5e2-54224254c818', 'usr_472');
INSERT INTO trabalho.log_acesso VALUES ('log_472_2', 'de2f0ddb-9903-436a-a5e2-54224254c818', 'usr_472');
INSERT INTO trabalho.usuario VALUES ('usr_473', '473_Marcelo.Albuquerque86@hotmail.com', 'Marcelo Albuquerque', 'male', 52, 'password', 'Groelândia');
INSERT INTO trabalho.usuario_esta_inscrito_no_podcast VALUES (4, 'f1b92ce7-47a7-43cd-8586-4a09185cdd05', 'usr_473');
INSERT INTO trabalho.comentarios_podcast_usuario VALUES ('comment_473_0', 'Veniam sint cum voluptatem temporibus ut a vel enim.', 'f1b92ce7-47a7-43cd-8586-4a09185cdd05', 'usr_473');
INSERT INTO trabalho.log_acesso VALUES ('log_473_0', 'f1b92ce7-47a7-43cd-8586-4a09185cdd05', 'usr_473');
INSERT INTO trabalho.usuario_esta_inscrito_no_podcast VALUES (3, 'fa3abe16-3645-4d22-a01d-893e6f20c408', 'usr_473');
INSERT INTO trabalho.comentarios_podcast_usuario VALUES ('comment_473_1', 'Ut quia dolores ab consequatur adipisci vero corrupti eum soluta.', 'fa3abe16-3645-4d22-a01d-893e6f20c408', 'usr_473');
INSERT INTO trabalho.log_acesso VALUES ('log_473_1', 'fa3abe16-3645-4d22-a01d-893e6f20c408', 'usr_473');
INSERT INTO trabalho.usuario_esta_inscrito_no_podcast VALUES (0, 'de2f0ddb-9903-436a-a5e2-54224254c818', 'usr_473');
INSERT INTO trabalho.comentarios_podcast_usuario VALUES ('comment_473_2', 'Sed corrupti inventore.', 'de2f0ddb-9903-436a-a5e2-54224254c818', 'usr_473');
INSERT INTO trabalho.log_acesso VALUES ('log_473_2', 'de2f0ddb-9903-436a-a5e2-54224254c818', 'usr_473');
INSERT INTO trabalho.usuario VALUES ('usr_474', '474_Lucca72@hotmail.com', 'Lucca Batista', 'male', 43, 'password', 'Tailândia');
INSERT INTO trabalho.usuario_esta_inscrito_no_podcast VALUES (2, 'bc8dac25-793c-4a96-aafc-4ea7020f4f60', 'usr_474');
INSERT INTO trabalho.comentarios_podcast_usuario VALUES ('comment_474_0', 'Voluptas voluptatibus in rerum eos velit est nihil.', 'bc8dac25-793c-4a96-aafc-4ea7020f4f60', 'usr_474');
INSERT INTO trabalho.log_acesso VALUES ('log_474_0', 'bc8dac25-793c-4a96-aafc-4ea7020f4f60', 'usr_474');
INSERT INTO trabalho.usuario_esta_inscrito_no_podcast VALUES (5, '5bdf7377-8330-4f9f-8efd-e95301c122ce', 'usr_474');
INSERT INTO trabalho.comentarios_podcast_usuario VALUES ('comment_474_1', 'Accusamus officia quia.', '5bdf7377-8330-4f9f-8efd-e95301c122ce', 'usr_474');
INSERT INTO trabalho.log_acesso VALUES ('log_474_1', '5bdf7377-8330-4f9f-8efd-e95301c122ce', 'usr_474');
INSERT INTO trabalho.usuario_esta_inscrito_no_podcast VALUES (1, 'f8e13774-d631-4f34-93f0-2f5d55590265', 'usr_474');
INSERT INTO trabalho.comentarios_podcast_usuario VALUES ('comment_474_2', 'Iusto error aliquam repudiandae commodi voluptates quis quia laborum.', 'f8e13774-d631-4f34-93f0-2f5d55590265', 'usr_474');
INSERT INTO trabalho.log_acesso VALUES ('log_474_2', 'f8e13774-d631-4f34-93f0-2f5d55590265', 'usr_474');
INSERT INTO trabalho.usuario VALUES ('usr_475', '475_Cau.Reis0@gmail.com', 'Cauã Reis', 'male', 60, 'password', 'Filipinas');
INSERT INTO trabalho.usuario_esta_inscrito_no_podcast VALUES (5, 'af46a958-b921-47b6-9f87-5c4fdc68ea79', 'usr_475');
INSERT INTO trabalho.comentarios_podcast_usuario VALUES ('comment_475_0', 'Est eligendi sequi pariatur et impedit earum autem ab.', 'af46a958-b921-47b6-9f87-5c4fdc68ea79', 'usr_475');
INSERT INTO trabalho.log_acesso VALUES ('log_475_0', 'af46a958-b921-47b6-9f87-5c4fdc68ea79', 'usr_475');
INSERT INTO trabalho.usuario_esta_inscrito_no_podcast VALUES (5, 'c58b280a-56d4-4ad8-8c85-730e4ea86361', 'usr_475');
INSERT INTO trabalho.comentarios_podcast_usuario VALUES ('comment_475_1', 'Quidem nobis soluta velit eveniet a commodi totam labore in.', 'c58b280a-56d4-4ad8-8c85-730e4ea86361', 'usr_475');
INSERT INTO trabalho.log_acesso VALUES ('log_475_1', 'c58b280a-56d4-4ad8-8c85-730e4ea86361', 'usr_475');
INSERT INTO trabalho.usuario_esta_inscrito_no_podcast VALUES (0, '67074e68-bc2f-442b-8af2-7d328b6af6eb', 'usr_475');
INSERT INTO trabalho.comentarios_podcast_usuario VALUES ('comment_475_2', 'Eum eaque aspernatur et culpa.', '67074e68-bc2f-442b-8af2-7d328b6af6eb', 'usr_475');
INSERT INTO trabalho.log_acesso VALUES ('log_475_2', '67074e68-bc2f-442b-8af2-7d328b6af6eb', 'usr_475');
INSERT INTO trabalho.usuario VALUES ('usr_476', '476_Yango_Albuquerque@bol.com.br', 'Yango Albuquerque', 'male', 41, 'password', 'Sudão');
INSERT INTO trabalho.usuario_esta_inscrito_no_podcast VALUES (4, 'bc8dac25-793c-4a96-aafc-4ea7020f4f60', 'usr_476');
INSERT INTO trabalho.comentarios_podcast_usuario VALUES ('comment_476_0', 'Temporibus aliquid totam.', 'bc8dac25-793c-4a96-aafc-4ea7020f4f60', 'usr_476');
INSERT INTO trabalho.log_acesso VALUES ('log_476_0', 'bc8dac25-793c-4a96-aafc-4ea7020f4f60', 'usr_476');
INSERT INTO trabalho.usuario_esta_inscrito_no_podcast VALUES (5, 'c58b280a-56d4-4ad8-8c85-730e4ea86361', 'usr_476');
INSERT INTO trabalho.comentarios_podcast_usuario VALUES ('comment_476_1', 'Ut eum suscipit.', 'c58b280a-56d4-4ad8-8c85-730e4ea86361', 'usr_476');
INSERT INTO trabalho.log_acesso VALUES ('log_476_1', 'c58b280a-56d4-4ad8-8c85-730e4ea86361', 'usr_476');
INSERT INTO trabalho.usuario_esta_inscrito_no_podcast VALUES (2, '168c1536-4c42-4b8f-8c77-f06affefec6a', 'usr_476');
INSERT INTO trabalho.comentarios_podcast_usuario VALUES ('comment_476_2', 'Amet minus iure labore non aut sit est ducimus.', '168c1536-4c42-4b8f-8c77-f06affefec6a', 'usr_476');
INSERT INTO trabalho.log_acesso VALUES ('log_476_2', '168c1536-4c42-4b8f-8c77-f06affefec6a', 'usr_476');
INSERT INTO trabalho.usuario VALUES ('usr_477', '477_Pablo_Melo46@yahoo.com', 'Pablo Melo', 'male', 9, 'password', 'Tuvalu');
INSERT INTO trabalho.usuario_esta_inscrito_no_podcast VALUES (4, 'af46a958-b921-47b6-9f87-5c4fdc68ea79', 'usr_477');
INSERT INTO trabalho.comentarios_podcast_usuario VALUES ('comment_477_0', 'Id eius est fugit earum nemo ea rem.', 'af46a958-b921-47b6-9f87-5c4fdc68ea79', 'usr_477');
INSERT INTO trabalho.log_acesso VALUES ('log_477_0', 'af46a958-b921-47b6-9f87-5c4fdc68ea79', 'usr_477');
INSERT INTO trabalho.usuario_esta_inscrito_no_podcast VALUES (5, 'f0166bd2-8e4d-4308-b5d7-0b3d627c5dc5', 'usr_477');
INSERT INTO trabalho.comentarios_podcast_usuario VALUES ('comment_477_1', 'Sint dolorum non beatae.', 'f0166bd2-8e4d-4308-b5d7-0b3d627c5dc5', 'usr_477');
INSERT INTO trabalho.log_acesso VALUES ('log_477_1', 'f0166bd2-8e4d-4308-b5d7-0b3d627c5dc5', 'usr_477');
INSERT INTO trabalho.usuario_esta_inscrito_no_podcast VALUES (0, 'c58b280a-56d4-4ad8-8c85-730e4ea86361', 'usr_477');
INSERT INTO trabalho.comentarios_podcast_usuario VALUES ('comment_477_2', 'Nihil corporis sunt possimus odio voluptatem vero.', 'c58b280a-56d4-4ad8-8c85-730e4ea86361', 'usr_477');
INSERT INTO trabalho.log_acesso VALUES ('log_477_2', 'c58b280a-56d4-4ad8-8c85-730e4ea86361', 'usr_477');
INSERT INTO trabalho.usuario VALUES ('usr_478', '478_Daniel_Souza52@yahoo.com', 'Daniel Souza', 'male', 41, 'password', 'Nigéria');
INSERT INTO trabalho.usuario_esta_inscrito_no_podcast VALUES (3, 'b553d865-8fe2-47de-9a30-10e1dea3bd1d', 'usr_478');
INSERT INTO trabalho.comentarios_podcast_usuario VALUES ('comment_478_0', 'Perferendis qui possimus rerum est quo quisquam dolor doloremque.', 'b553d865-8fe2-47de-9a30-10e1dea3bd1d', 'usr_478');
INSERT INTO trabalho.log_acesso VALUES ('log_478_0', 'b553d865-8fe2-47de-9a30-10e1dea3bd1d', 'usr_478');
INSERT INTO trabalho.usuario_esta_inscrito_no_podcast VALUES (4, '168c1536-4c42-4b8f-8c77-f06affefec6a', 'usr_478');
INSERT INTO trabalho.comentarios_podcast_usuario VALUES ('comment_478_1', 'Ea quidem esse perspiciatis.', '168c1536-4c42-4b8f-8c77-f06affefec6a', 'usr_478');
INSERT INTO trabalho.log_acesso VALUES ('log_478_1', '168c1536-4c42-4b8f-8c77-f06affefec6a', 'usr_478');
INSERT INTO trabalho.usuario_esta_inscrito_no_podcast VALUES (5, '219328a1-cec6-4e8c-b003-52a3ec9766bb', 'usr_478');
INSERT INTO trabalho.comentarios_podcast_usuario VALUES ('comment_478_2', 'Tempora unde illo ratione expedita blanditiis.', '219328a1-cec6-4e8c-b003-52a3ec9766bb', 'usr_478');
INSERT INTO trabalho.log_acesso VALUES ('log_478_2', '219328a1-cec6-4e8c-b003-52a3ec9766bb', 'usr_478');
INSERT INTO trabalho.usuario VALUES ('usr_479', '479_Matheus.Albuquerque55@gmail.com', 'Matheus Albuquerque', 'male', 2, 'password', 'República Dominicana');
INSERT INTO trabalho.usuario_esta_inscrito_no_podcast VALUES (5, 'f0166bd2-8e4d-4308-b5d7-0b3d627c5dc5', 'usr_479');
INSERT INTO trabalho.comentarios_podcast_usuario VALUES ('comment_479_0', 'Nemo reiciendis qui ut quis tempora animi sint omnis.', 'f0166bd2-8e4d-4308-b5d7-0b3d627c5dc5', 'usr_479');
INSERT INTO trabalho.log_acesso VALUES ('log_479_0', 'f0166bd2-8e4d-4308-b5d7-0b3d627c5dc5', 'usr_479');
INSERT INTO trabalho.usuario_esta_inscrito_no_podcast VALUES (2, 'c58b280a-56d4-4ad8-8c85-730e4ea86361', 'usr_479');
INSERT INTO trabalho.comentarios_podcast_usuario VALUES ('comment_479_1', 'Adipisci velit impedit animi.', 'c58b280a-56d4-4ad8-8c85-730e4ea86361', 'usr_479');
INSERT INTO trabalho.log_acesso VALUES ('log_479_1', 'c58b280a-56d4-4ad8-8c85-730e4ea86361', 'usr_479');
INSERT INTO trabalho.usuario_esta_inscrito_no_podcast VALUES (3, '7e429e8e-7669-403d-bb78-3cd7f9f75afd', 'usr_479');
INSERT INTO trabalho.comentarios_podcast_usuario VALUES ('comment_479_2', 'Aut quis perferendis nihil porro libero occaecati.', '7e429e8e-7669-403d-bb78-3cd7f9f75afd', 'usr_479');
INSERT INTO trabalho.log_acesso VALUES ('log_479_2', '7e429e8e-7669-403d-bb78-3cd7f9f75afd', 'usr_479');
INSERT INTO trabalho.usuario VALUES ('usr_480', '480_Deneval85@live.com', 'Deneval Macedo', 'male', 2, 'password', 'Nicarágua');
INSERT INTO trabalho.usuario_esta_inscrito_no_podcast VALUES (4, 'af46a958-b921-47b6-9f87-5c4fdc68ea79', 'usr_480');
INSERT INTO trabalho.comentarios_podcast_usuario VALUES ('comment_480_0', 'Iure dicta quis est autem mollitia temporibus ut.', 'af46a958-b921-47b6-9f87-5c4fdc68ea79', 'usr_480');
INSERT INTO trabalho.log_acesso VALUES ('log_480_0', 'af46a958-b921-47b6-9f87-5c4fdc68ea79', 'usr_480');
INSERT INTO trabalho.usuario_esta_inscrito_no_podcast VALUES (3, 'fa3abe16-3645-4d22-a01d-893e6f20c408', 'usr_480');
INSERT INTO trabalho.comentarios_podcast_usuario VALUES ('comment_480_1', 'Id ullam cum soluta aut.', 'fa3abe16-3645-4d22-a01d-893e6f20c408', 'usr_480');
INSERT INTO trabalho.log_acesso VALUES ('log_480_1', 'fa3abe16-3645-4d22-a01d-893e6f20c408', 'usr_480');
INSERT INTO trabalho.usuario_esta_inscrito_no_podcast VALUES (2, 'f0166bd2-8e4d-4308-b5d7-0b3d627c5dc5', 'usr_480');
INSERT INTO trabalho.comentarios_podcast_usuario VALUES ('comment_480_2', 'Accusamus assumenda quo temporibus aut perspiciatis iste id quibusdam exercitationem.', 'f0166bd2-8e4d-4308-b5d7-0b3d627c5dc5', 'usr_480');
INSERT INTO trabalho.log_acesso VALUES ('log_480_2', 'f0166bd2-8e4d-4308-b5d7-0b3d627c5dc5', 'usr_480');
INSERT INTO trabalho.usuario VALUES ('usr_481', '481_Klber.Albuquerque91@gmail.com', 'Kléber Albuquerque', 'male', 20, 'password', 'Turcomenistão');
INSERT INTO trabalho.usuario_esta_inscrito_no_podcast VALUES (1, '219328a1-cec6-4e8c-b003-52a3ec9766bb', 'usr_481');
INSERT INTO trabalho.comentarios_podcast_usuario VALUES ('comment_481_0', 'Est hic et fugit nemo non distinctio commodi voluptatem.', '219328a1-cec6-4e8c-b003-52a3ec9766bb', 'usr_481');
INSERT INTO trabalho.log_acesso VALUES ('log_481_0', '219328a1-cec6-4e8c-b003-52a3ec9766bb', 'usr_481');
INSERT INTO trabalho.usuario_esta_inscrito_no_podcast VALUES (5, '7e429e8e-7669-403d-bb78-3cd7f9f75afd', 'usr_481');
INSERT INTO trabalho.comentarios_podcast_usuario VALUES ('comment_481_1', 'Distinctio consequuntur amet non rerum amet exercitationem quam.', '7e429e8e-7669-403d-bb78-3cd7f9f75afd', 'usr_481');
INSERT INTO trabalho.log_acesso VALUES ('log_481_1', '7e429e8e-7669-403d-bb78-3cd7f9f75afd', 'usr_481');
INSERT INTO trabalho.usuario_esta_inscrito_no_podcast VALUES (5, 'c58b280a-56d4-4ad8-8c85-730e4ea86361', 'usr_481');
INSERT INTO trabalho.comentarios_podcast_usuario VALUES ('comment_481_2', 'Molestiae vel porro sequi vero.', 'c58b280a-56d4-4ad8-8c85-730e4ea86361', 'usr_481');
INSERT INTO trabalho.log_acesso VALUES ('log_481_2', 'c58b280a-56d4-4ad8-8c85-730e4ea86361', 'usr_481');
INSERT INTO trabalho.usuario VALUES ('usr_482', '482_Clara.Xavier@gmail.com', 'Clara Xavier', 'female', 17, 'password', 'Samoa');
INSERT INTO trabalho.usuario_esta_inscrito_no_podcast VALUES (2, '67074e68-bc2f-442b-8af2-7d328b6af6eb', 'usr_482');
INSERT INTO trabalho.comentarios_podcast_usuario VALUES ('comment_482_0', 'Eligendi voluptas libero beatae quo aperiam ut delectus quia.', '67074e68-bc2f-442b-8af2-7d328b6af6eb', 'usr_482');
INSERT INTO trabalho.log_acesso VALUES ('log_482_0', '67074e68-bc2f-442b-8af2-7d328b6af6eb', 'usr_482');
INSERT INTO trabalho.usuario_esta_inscrito_no_podcast VALUES (2, '7e429e8e-7669-403d-bb78-3cd7f9f75afd', 'usr_482');
INSERT INTO trabalho.comentarios_podcast_usuario VALUES ('comment_482_1', 'Ex iusto aut iure molestiae voluptas aut consequatur.', '7e429e8e-7669-403d-bb78-3cd7f9f75afd', 'usr_482');
INSERT INTO trabalho.log_acesso VALUES ('log_482_1', '7e429e8e-7669-403d-bb78-3cd7f9f75afd', 'usr_482');
INSERT INTO trabalho.usuario_esta_inscrito_no_podcast VALUES (0, 'f8e13774-d631-4f34-93f0-2f5d55590265', 'usr_482');
INSERT INTO trabalho.comentarios_podcast_usuario VALUES ('comment_482_2', 'Quibusdam distinctio ut animi voluptatum.', 'f8e13774-d631-4f34-93f0-2f5d55590265', 'usr_482');
INSERT INTO trabalho.log_acesso VALUES ('log_482_2', 'f8e13774-d631-4f34-93f0-2f5d55590265', 'usr_482');
INSERT INTO trabalho.usuario VALUES ('usr_483', '483_Danilo_Pereira@hotmail.com', 'Danilo Pereira', 'male', 27, 'password', 'Malásia');
INSERT INTO trabalho.usuario_esta_inscrito_no_podcast VALUES (5, '219328a1-cec6-4e8c-b003-52a3ec9766bb', 'usr_483');
INSERT INTO trabalho.comentarios_podcast_usuario VALUES ('comment_483_0', 'Maxime officia nam esse sit corporis laudantium et.', '219328a1-cec6-4e8c-b003-52a3ec9766bb', 'usr_483');
INSERT INTO trabalho.log_acesso VALUES ('log_483_0', '219328a1-cec6-4e8c-b003-52a3ec9766bb', 'usr_483');
INSERT INTO trabalho.usuario_esta_inscrito_no_podcast VALUES (3, '7e429e8e-7669-403d-bb78-3cd7f9f75afd', 'usr_483');
INSERT INTO trabalho.comentarios_podcast_usuario VALUES ('comment_483_1', 'Iusto dicta consequatur nisi reprehenderit.', '7e429e8e-7669-403d-bb78-3cd7f9f75afd', 'usr_483');
INSERT INTO trabalho.log_acesso VALUES ('log_483_1', '7e429e8e-7669-403d-bb78-3cd7f9f75afd', 'usr_483');
INSERT INTO trabalho.usuario_esta_inscrito_no_podcast VALUES (2, 'af46a958-b921-47b6-9f87-5c4fdc68ea79', 'usr_483');
INSERT INTO trabalho.comentarios_podcast_usuario VALUES ('comment_483_2', 'Quis culpa cum blanditiis voluptatibus iusto pariatur voluptatem.', 'af46a958-b921-47b6-9f87-5c4fdc68ea79', 'usr_483');
INSERT INTO trabalho.log_acesso VALUES ('log_483_2', 'af46a958-b921-47b6-9f87-5c4fdc68ea79', 'usr_483');
INSERT INTO trabalho.usuario VALUES ('usr_484', '484_Joana_Oliveira96@hotmail.com', 'Joana Oliveira', 'female', 32, 'password', 'Ilhas Virgens');
INSERT INTO trabalho.usuario_esta_inscrito_no_podcast VALUES (0, 'f8e13774-d631-4f34-93f0-2f5d55590265', 'usr_484');
INSERT INTO trabalho.comentarios_podcast_usuario VALUES ('comment_484_0', 'Soluta enim soluta qui.', 'f8e13774-d631-4f34-93f0-2f5d55590265', 'usr_484');
INSERT INTO trabalho.log_acesso VALUES ('log_484_0', 'f8e13774-d631-4f34-93f0-2f5d55590265', 'usr_484');
INSERT INTO trabalho.usuario_esta_inscrito_no_podcast VALUES (5, 'fa3abe16-3645-4d22-a01d-893e6f20c408', 'usr_484');
INSERT INTO trabalho.comentarios_podcast_usuario VALUES ('comment_484_1', 'Ea qui expedita consequatur et voluptatibus.', 'fa3abe16-3645-4d22-a01d-893e6f20c408', 'usr_484');
INSERT INTO trabalho.log_acesso VALUES ('log_484_1', 'fa3abe16-3645-4d22-a01d-893e6f20c408', 'usr_484');
INSERT INTO trabalho.usuario_esta_inscrito_no_podcast VALUES (3, 'b553d865-8fe2-47de-9a30-10e1dea3bd1d', 'usr_484');
INSERT INTO trabalho.comentarios_podcast_usuario VALUES ('comment_484_2', 'Unde consequuntur eos architecto dolore tempore a optio.', 'b553d865-8fe2-47de-9a30-10e1dea3bd1d', 'usr_484');
INSERT INTO trabalho.log_acesso VALUES ('log_484_2', 'b553d865-8fe2-47de-9a30-10e1dea3bd1d', 'usr_484');
INSERT INTO trabalho.usuario VALUES ('usr_485', '485_Gabriel_Silva@yahoo.com', 'Gabriel Silva', 'male', 32, 'password', 'Maurícia');
INSERT INTO trabalho.usuario_esta_inscrito_no_podcast VALUES (1, 'fa3abe16-3645-4d22-a01d-893e6f20c408', 'usr_485');
INSERT INTO trabalho.comentarios_podcast_usuario VALUES ('comment_485_0', 'Aut dolores consequatur fugit.', 'fa3abe16-3645-4d22-a01d-893e6f20c408', 'usr_485');
INSERT INTO trabalho.log_acesso VALUES ('log_485_0', 'fa3abe16-3645-4d22-a01d-893e6f20c408', 'usr_485');
INSERT INTO trabalho.usuario_esta_inscrito_no_podcast VALUES (0, 'c58b280a-56d4-4ad8-8c85-730e4ea86361', 'usr_485');
INSERT INTO trabalho.comentarios_podcast_usuario VALUES ('comment_485_1', 'Aliquam qui veritatis dignissimos magni quasi.', 'c58b280a-56d4-4ad8-8c85-730e4ea86361', 'usr_485');
INSERT INTO trabalho.log_acesso VALUES ('log_485_1', 'c58b280a-56d4-4ad8-8c85-730e4ea86361', 'usr_485');
INSERT INTO trabalho.usuario_esta_inscrito_no_podcast VALUES (5, 'f1b92ce7-47a7-43cd-8586-4a09185cdd05', 'usr_485');
INSERT INTO trabalho.comentarios_podcast_usuario VALUES ('comment_485_2', 'Quis non vitae ab et dolor blanditiis.', 'f1b92ce7-47a7-43cd-8586-4a09185cdd05', 'usr_485');
INSERT INTO trabalho.log_acesso VALUES ('log_485_2', 'f1b92ce7-47a7-43cd-8586-4a09185cdd05', 'usr_485');
INSERT INTO trabalho.usuario VALUES ('usr_486', '486_Clia.Santos11@yahoo.com', 'Célia Santos', 'female', 35, 'password', 'Grécia');
INSERT INTO trabalho.usuario_esta_inscrito_no_podcast VALUES (5, 'bc8dac25-793c-4a96-aafc-4ea7020f4f60', 'usr_486');
INSERT INTO trabalho.comentarios_podcast_usuario VALUES ('comment_486_0', 'Dolorem ipsa error ut sed eveniet doloremque consequatur et.', 'bc8dac25-793c-4a96-aafc-4ea7020f4f60', 'usr_486');
INSERT INTO trabalho.log_acesso VALUES ('log_486_0', 'bc8dac25-793c-4a96-aafc-4ea7020f4f60', 'usr_486');
INSERT INTO trabalho.usuario_esta_inscrito_no_podcast VALUES (1, 'f0166bd2-8e4d-4308-b5d7-0b3d627c5dc5', 'usr_486');
INSERT INTO trabalho.comentarios_podcast_usuario VALUES ('comment_486_1', 'Quia quis laboriosam nam.', 'f0166bd2-8e4d-4308-b5d7-0b3d627c5dc5', 'usr_486');
INSERT INTO trabalho.log_acesso VALUES ('log_486_1', 'f0166bd2-8e4d-4308-b5d7-0b3d627c5dc5', 'usr_486');
INSERT INTO trabalho.usuario_esta_inscrito_no_podcast VALUES (4, 'fa3abe16-3645-4d22-a01d-893e6f20c408', 'usr_486');
INSERT INTO trabalho.comentarios_podcast_usuario VALUES ('comment_486_2', 'Sit est sed et facilis dolorem sed.', 'fa3abe16-3645-4d22-a01d-893e6f20c408', 'usr_486');
INSERT INTO trabalho.log_acesso VALUES ('log_486_2', 'fa3abe16-3645-4d22-a01d-893e6f20c408', 'usr_486');
INSERT INTO trabalho.usuario VALUES ('usr_487', '487_Slvia_Moreira86@bol.com.br', 'Sílvia Moreira', 'female', 58, 'password', 'Camarões');
INSERT INTO trabalho.usuario_esta_inscrito_no_podcast VALUES (4, 'de2f0ddb-9903-436a-a5e2-54224254c818', 'usr_487');
INSERT INTO trabalho.comentarios_podcast_usuario VALUES ('comment_487_0', 'Illum sed perferendis labore aut dolorum velit.', 'de2f0ddb-9903-436a-a5e2-54224254c818', 'usr_487');
INSERT INTO trabalho.log_acesso VALUES ('log_487_0', 'de2f0ddb-9903-436a-a5e2-54224254c818', 'usr_487');
INSERT INTO trabalho.usuario_esta_inscrito_no_podcast VALUES (5, 'f8e13774-d631-4f34-93f0-2f5d55590265', 'usr_487');
INSERT INTO trabalho.comentarios_podcast_usuario VALUES ('comment_487_1', 'Voluptate minus et saepe.', 'f8e13774-d631-4f34-93f0-2f5d55590265', 'usr_487');
INSERT INTO trabalho.log_acesso VALUES ('log_487_1', 'f8e13774-d631-4f34-93f0-2f5d55590265', 'usr_487');
INSERT INTO trabalho.usuario_esta_inscrito_no_podcast VALUES (1, 'f0166bd2-8e4d-4308-b5d7-0b3d627c5dc5', 'usr_487');
INSERT INTO trabalho.comentarios_podcast_usuario VALUES ('comment_487_2', 'Omnis magnam autem quia vero est vel voluptatem error.', 'f0166bd2-8e4d-4308-b5d7-0b3d627c5dc5', 'usr_487');
INSERT INTO trabalho.log_acesso VALUES ('log_487_2', 'f0166bd2-8e4d-4308-b5d7-0b3d627c5dc5', 'usr_487');
INSERT INTO trabalho.usuario VALUES ('usr_488', '488_DaviLucca94@yahoo.com', 'Davi Lucca Martins', 'male', 15, 'password', 'Comores');
INSERT INTO trabalho.usuario_esta_inscrito_no_podcast VALUES (2, '7e429e8e-7669-403d-bb78-3cd7f9f75afd', 'usr_488');
INSERT INTO trabalho.comentarios_podcast_usuario VALUES ('comment_488_0', 'Consequatur distinctio non eius et accusamus quis minus.', '7e429e8e-7669-403d-bb78-3cd7f9f75afd', 'usr_488');
INSERT INTO trabalho.log_acesso VALUES ('log_488_0', '7e429e8e-7669-403d-bb78-3cd7f9f75afd', 'usr_488');
INSERT INTO trabalho.usuario_esta_inscrito_no_podcast VALUES (4, 'b553d865-8fe2-47de-9a30-10e1dea3bd1d', 'usr_488');
INSERT INTO trabalho.comentarios_podcast_usuario VALUES ('comment_488_1', 'Esse sed quia.', 'b553d865-8fe2-47de-9a30-10e1dea3bd1d', 'usr_488');
INSERT INTO trabalho.log_acesso VALUES ('log_488_1', 'b553d865-8fe2-47de-9a30-10e1dea3bd1d', 'usr_488');
INSERT INTO trabalho.usuario_esta_inscrito_no_podcast VALUES (4, 'f0166bd2-8e4d-4308-b5d7-0b3d627c5dc5', 'usr_488');
INSERT INTO trabalho.comentarios_podcast_usuario VALUES ('comment_488_2', 'Quam qui non voluptatem.', 'f0166bd2-8e4d-4308-b5d7-0b3d627c5dc5', 'usr_488');
INSERT INTO trabalho.log_acesso VALUES ('log_488_2', 'f0166bd2-8e4d-4308-b5d7-0b3d627c5dc5', 'usr_488');
INSERT INTO trabalho.usuario VALUES ('usr_489', '489_Karla86@bol.com.br', 'Karla Franco', 'female', 2, 'password', 'Sao Tomé e Príncipe');
INSERT INTO trabalho.usuario_esta_inscrito_no_podcast VALUES (0, '168c1536-4c42-4b8f-8c77-f06affefec6a', 'usr_489');
INSERT INTO trabalho.comentarios_podcast_usuario VALUES ('comment_489_0', 'Et voluptatum ea aut molestiae numquam voluptatibus.', '168c1536-4c42-4b8f-8c77-f06affefec6a', 'usr_489');
INSERT INTO trabalho.log_acesso VALUES ('log_489_0', '168c1536-4c42-4b8f-8c77-f06affefec6a', 'usr_489');
INSERT INTO trabalho.usuario_esta_inscrito_no_podcast VALUES (2, 'f8e13774-d631-4f34-93f0-2f5d55590265', 'usr_489');
INSERT INTO trabalho.comentarios_podcast_usuario VALUES ('comment_489_1', 'Laborum id ut dolorum eius.', 'f8e13774-d631-4f34-93f0-2f5d55590265', 'usr_489');
INSERT INTO trabalho.log_acesso VALUES ('log_489_1', 'f8e13774-d631-4f34-93f0-2f5d55590265', 'usr_489');
INSERT INTO trabalho.usuario_esta_inscrito_no_podcast VALUES (2, '67074e68-bc2f-442b-8af2-7d328b6af6eb', 'usr_489');
INSERT INTO trabalho.comentarios_podcast_usuario VALUES ('comment_489_2', 'Itaque ea ut repellendus asperiores maxime architecto saepe.', '67074e68-bc2f-442b-8af2-7d328b6af6eb', 'usr_489');
INSERT INTO trabalho.log_acesso VALUES ('log_489_2', '67074e68-bc2f-442b-8af2-7d328b6af6eb', 'usr_489');
INSERT INTO trabalho.usuario VALUES ('usr_490', '490_Miguel1@yahoo.com', 'Miguel Batista', 'male', 28, 'password', 'Bulgária');
INSERT INTO trabalho.usuario_esta_inscrito_no_podcast VALUES (4, 'f8e13774-d631-4f34-93f0-2f5d55590265', 'usr_490');
INSERT INTO trabalho.comentarios_podcast_usuario VALUES ('comment_490_0', 'Aut quo nulla.', 'f8e13774-d631-4f34-93f0-2f5d55590265', 'usr_490');
INSERT INTO trabalho.log_acesso VALUES ('log_490_0', 'f8e13774-d631-4f34-93f0-2f5d55590265', 'usr_490');
INSERT INTO trabalho.usuario_esta_inscrito_no_podcast VALUES (2, 'f0166bd2-8e4d-4308-b5d7-0b3d627c5dc5', 'usr_490');
INSERT INTO trabalho.comentarios_podcast_usuario VALUES ('comment_490_1', 'Voluptatem nostrum sit atque.', 'f0166bd2-8e4d-4308-b5d7-0b3d627c5dc5', 'usr_490');
INSERT INTO trabalho.log_acesso VALUES ('log_490_1', 'f0166bd2-8e4d-4308-b5d7-0b3d627c5dc5', 'usr_490');
INSERT INTO trabalho.usuario_esta_inscrito_no_podcast VALUES (5, '5bdf7377-8330-4f9f-8efd-e95301c122ce', 'usr_490');
INSERT INTO trabalho.comentarios_podcast_usuario VALUES ('comment_490_2', 'Facere maiores libero tempore architecto ipsa soluta sint.', '5bdf7377-8330-4f9f-8efd-e95301c122ce', 'usr_490');
INSERT INTO trabalho.log_acesso VALUES ('log_490_2', '5bdf7377-8330-4f9f-8efd-e95301c122ce', 'usr_490');
INSERT INTO trabalho.usuario VALUES ('usr_491', '491_Bernardo.Barros71@hotmail.com', 'Bernardo Barros', 'male', 8, 'password', 'Cazaquistão');
INSERT INTO trabalho.usuario_esta_inscrito_no_podcast VALUES (0, 'b553d865-8fe2-47de-9a30-10e1dea3bd1d', 'usr_491');
INSERT INTO trabalho.comentarios_podcast_usuario VALUES ('comment_491_0', 'Enim hic et.', 'b553d865-8fe2-47de-9a30-10e1dea3bd1d', 'usr_491');
INSERT INTO trabalho.log_acesso VALUES ('log_491_0', 'b553d865-8fe2-47de-9a30-10e1dea3bd1d', 'usr_491');
INSERT INTO trabalho.usuario_esta_inscrito_no_podcast VALUES (3, 'fa3abe16-3645-4d22-a01d-893e6f20c408', 'usr_491');
INSERT INTO trabalho.comentarios_podcast_usuario VALUES ('comment_491_1', 'Quaerat repellendus aliquid nisi sed explicabo aperiam molestiae aut.', 'fa3abe16-3645-4d22-a01d-893e6f20c408', 'usr_491');
INSERT INTO trabalho.log_acesso VALUES ('log_491_1', 'fa3abe16-3645-4d22-a01d-893e6f20c408', 'usr_491');
INSERT INTO trabalho.usuario_esta_inscrito_no_podcast VALUES (2, '219328a1-cec6-4e8c-b003-52a3ec9766bb', 'usr_491');
INSERT INTO trabalho.comentarios_podcast_usuario VALUES ('comment_491_2', 'Officia repudiandae quia fugit.', '219328a1-cec6-4e8c-b003-52a3ec9766bb', 'usr_491');
INSERT INTO trabalho.log_acesso VALUES ('log_491_2', '219328a1-cec6-4e8c-b003-52a3ec9766bb', 'usr_491');
INSERT INTO trabalho.usuario VALUES ('usr_492', '492_Noah95@gmail.com', 'Noah Melo', 'male', 3, 'password', 'Bôsnia');
INSERT INTO trabalho.usuario_esta_inscrito_no_podcast VALUES (3, 'f8e13774-d631-4f34-93f0-2f5d55590265', 'usr_492');
INSERT INTO trabalho.comentarios_podcast_usuario VALUES ('comment_492_0', 'Et consectetur repellendus nisi doloremque eos aliquid qui quae.', 'f8e13774-d631-4f34-93f0-2f5d55590265', 'usr_492');
INSERT INTO trabalho.log_acesso VALUES ('log_492_0', 'f8e13774-d631-4f34-93f0-2f5d55590265', 'usr_492');
INSERT INTO trabalho.usuario_esta_inscrito_no_podcast VALUES (1, '5bdf7377-8330-4f9f-8efd-e95301c122ce', 'usr_492');
INSERT INTO trabalho.comentarios_podcast_usuario VALUES ('comment_492_1', 'Quia enim provident laborum qui nihil tempora rerum.', '5bdf7377-8330-4f9f-8efd-e95301c122ce', 'usr_492');
INSERT INTO trabalho.log_acesso VALUES ('log_492_1', '5bdf7377-8330-4f9f-8efd-e95301c122ce', 'usr_492');
INSERT INTO trabalho.usuario_esta_inscrito_no_podcast VALUES (5, '219328a1-cec6-4e8c-b003-52a3ec9766bb', 'usr_492');
INSERT INTO trabalho.comentarios_podcast_usuario VALUES ('comment_492_2', 'Quia animi quasi magni cum aut numquam non architecto quia.', '219328a1-cec6-4e8c-b003-52a3ec9766bb', 'usr_492');
INSERT INTO trabalho.log_acesso VALUES ('log_492_2', '219328a1-cec6-4e8c-b003-52a3ec9766bb', 'usr_492');
INSERT INTO trabalho.usuario VALUES ('usr_493', '493_Yango88@bol.com.br', 'Yango Reis', 'male', 3, 'password', 'Malásia');
INSERT INTO trabalho.usuario_esta_inscrito_no_podcast VALUES (3, '168c1536-4c42-4b8f-8c77-f06affefec6a', 'usr_493');
INSERT INTO trabalho.comentarios_podcast_usuario VALUES ('comment_493_0', 'Maxime vero voluptatem voluptatem minus maiores non sunt.', '168c1536-4c42-4b8f-8c77-f06affefec6a', 'usr_493');
INSERT INTO trabalho.log_acesso VALUES ('log_493_0', '168c1536-4c42-4b8f-8c77-f06affefec6a', 'usr_493');
INSERT INTO trabalho.usuario_esta_inscrito_no_podcast VALUES (0, '7e429e8e-7669-403d-bb78-3cd7f9f75afd', 'usr_493');
INSERT INTO trabalho.comentarios_podcast_usuario VALUES ('comment_493_1', 'Eum officia mollitia atque harum.', '7e429e8e-7669-403d-bb78-3cd7f9f75afd', 'usr_493');
INSERT INTO trabalho.log_acesso VALUES ('log_493_1', '7e429e8e-7669-403d-bb78-3cd7f9f75afd', 'usr_493');
INSERT INTO trabalho.usuario_esta_inscrito_no_podcast VALUES (4, '67074e68-bc2f-442b-8af2-7d328b6af6eb', 'usr_493');
INSERT INTO trabalho.comentarios_podcast_usuario VALUES ('comment_493_2', 'Distinctio minima cupiditate optio veniam error quia ea quia quidem.', '67074e68-bc2f-442b-8af2-7d328b6af6eb', 'usr_493');
INSERT INTO trabalho.log_acesso VALUES ('log_493_2', '67074e68-bc2f-442b-8af2-7d328b6af6eb', 'usr_493');
INSERT INTO trabalho.usuario VALUES ('usr_494', '494_Hugo_Macedo69@live.com', 'Hugo Macedo', 'male', 6, 'password', 'Haiti');
INSERT INTO trabalho.usuario_esta_inscrito_no_podcast VALUES (4, '168c1536-4c42-4b8f-8c77-f06affefec6a', 'usr_494');
INSERT INTO trabalho.comentarios_podcast_usuario VALUES ('comment_494_0', 'Repellat nemo voluptas aut asperiores quis.', '168c1536-4c42-4b8f-8c77-f06affefec6a', 'usr_494');
INSERT INTO trabalho.log_acesso VALUES ('log_494_0', '168c1536-4c42-4b8f-8c77-f06affefec6a', 'usr_494');
INSERT INTO trabalho.usuario_esta_inscrito_no_podcast VALUES (0, 'de2f0ddb-9903-436a-a5e2-54224254c818', 'usr_494');
INSERT INTO trabalho.comentarios_podcast_usuario VALUES ('comment_494_1', 'Voluptatem nam quaerat quidem est labore omnis rerum vel.', 'de2f0ddb-9903-436a-a5e2-54224254c818', 'usr_494');
INSERT INTO trabalho.log_acesso VALUES ('log_494_1', 'de2f0ddb-9903-436a-a5e2-54224254c818', 'usr_494');
INSERT INTO trabalho.usuario_esta_inscrito_no_podcast VALUES (2, 'af46a958-b921-47b6-9f87-5c4fdc68ea79', 'usr_494');
INSERT INTO trabalho.comentarios_podcast_usuario VALUES ('comment_494_2', 'In modi voluptas.', 'af46a958-b921-47b6-9f87-5c4fdc68ea79', 'usr_494');
INSERT INTO trabalho.log_acesso VALUES ('log_494_2', 'af46a958-b921-47b6-9f87-5c4fdc68ea79', 'usr_494');
INSERT INTO trabalho.usuario VALUES ('usr_495', '495_Gabriel.Barros32@yahoo.com', 'Gabriel Barros', 'male', 2, 'password', 'Samoa');
INSERT INTO trabalho.usuario_esta_inscrito_no_podcast VALUES (0, 'f0166bd2-8e4d-4308-b5d7-0b3d627c5dc5', 'usr_495');
INSERT INTO trabalho.comentarios_podcast_usuario VALUES ('comment_495_0', 'Eos delectus impedit consequatur quaerat dolorum nobis ducimus consequuntur et.', 'f0166bd2-8e4d-4308-b5d7-0b3d627c5dc5', 'usr_495');
INSERT INTO trabalho.log_acesso VALUES ('log_495_0', 'f0166bd2-8e4d-4308-b5d7-0b3d627c5dc5', 'usr_495');
INSERT INTO trabalho.usuario_esta_inscrito_no_podcast VALUES (0, '67074e68-bc2f-442b-8af2-7d328b6af6eb', 'usr_495');
INSERT INTO trabalho.comentarios_podcast_usuario VALUES ('comment_495_1', 'Rerum recusandae qui maiores nisi.', '67074e68-bc2f-442b-8af2-7d328b6af6eb', 'usr_495');
INSERT INTO trabalho.log_acesso VALUES ('log_495_1', '67074e68-bc2f-442b-8af2-7d328b6af6eb', 'usr_495');
INSERT INTO trabalho.usuario_esta_inscrito_no_podcast VALUES (4, '7e429e8e-7669-403d-bb78-3cd7f9f75afd', 'usr_495');
INSERT INTO trabalho.comentarios_podcast_usuario VALUES ('comment_495_2', 'Debitis non et dolores vitae nam.', '7e429e8e-7669-403d-bb78-3cd7f9f75afd', 'usr_495');
INSERT INTO trabalho.log_acesso VALUES ('log_495_2', '7e429e8e-7669-403d-bb78-3cd7f9f75afd', 'usr_495');
INSERT INTO trabalho.usuario VALUES ('usr_496', '496_Sarah76@live.com', 'Sarah Martins', 'female', 6, 'password', 'Armênia');
INSERT INTO trabalho.usuario_esta_inscrito_no_podcast VALUES (2, 'fa3abe16-3645-4d22-a01d-893e6f20c408', 'usr_496');
INSERT INTO trabalho.comentarios_podcast_usuario VALUES ('comment_496_0', 'Error odio quidem dolore omnis placeat aut velit nemo qui.', 'fa3abe16-3645-4d22-a01d-893e6f20c408', 'usr_496');
INSERT INTO trabalho.log_acesso VALUES ('log_496_0', 'fa3abe16-3645-4d22-a01d-893e6f20c408', 'usr_496');
INSERT INTO trabalho.usuario_esta_inscrito_no_podcast VALUES (2, 'b553d865-8fe2-47de-9a30-10e1dea3bd1d', 'usr_496');
INSERT INTO trabalho.comentarios_podcast_usuario VALUES ('comment_496_1', 'Et voluptas omnis quidem dignissimos minus corrupti.', 'b553d865-8fe2-47de-9a30-10e1dea3bd1d', 'usr_496');
INSERT INTO trabalho.log_acesso VALUES ('log_496_1', 'b553d865-8fe2-47de-9a30-10e1dea3bd1d', 'usr_496');
INSERT INTO trabalho.usuario_esta_inscrito_no_podcast VALUES (5, 'af46a958-b921-47b6-9f87-5c4fdc68ea79', 'usr_496');
INSERT INTO trabalho.comentarios_podcast_usuario VALUES ('comment_496_2', 'Provident voluptas id nam eos doloribus velit dolor ipsam blanditiis.', 'af46a958-b921-47b6-9f87-5c4fdc68ea79', 'usr_496');
INSERT INTO trabalho.log_acesso VALUES ('log_496_2', 'af46a958-b921-47b6-9f87-5c4fdc68ea79', 'usr_496');
INSERT INTO trabalho.usuario VALUES ('usr_497', '497_Marcelo.Costa@hotmail.com', 'Marcelo Costa', 'male', 22, 'password', 'Palau');
INSERT INTO trabalho.usuario_esta_inscrito_no_podcast VALUES (0, 'fa3abe16-3645-4d22-a01d-893e6f20c408', 'usr_497');
INSERT INTO trabalho.comentarios_podcast_usuario VALUES ('comment_497_0', 'Vero animi nihil repudiandae sint illo.', 'fa3abe16-3645-4d22-a01d-893e6f20c408', 'usr_497');
INSERT INTO trabalho.log_acesso VALUES ('log_497_0', 'fa3abe16-3645-4d22-a01d-893e6f20c408', 'usr_497');
INSERT INTO trabalho.usuario_esta_inscrito_no_podcast VALUES (1, '7e429e8e-7669-403d-bb78-3cd7f9f75afd', 'usr_497');
INSERT INTO trabalho.comentarios_podcast_usuario VALUES ('comment_497_1', 'Dolorem voluptas officia esse repellendus repudiandae debitis voluptas enim consequatur.', '7e429e8e-7669-403d-bb78-3cd7f9f75afd', 'usr_497');
INSERT INTO trabalho.log_acesso VALUES ('log_497_1', '7e429e8e-7669-403d-bb78-3cd7f9f75afd', 'usr_497');
INSERT INTO trabalho.usuario_esta_inscrito_no_podcast VALUES (1, '219328a1-cec6-4e8c-b003-52a3ec9766bb', 'usr_497');
INSERT INTO trabalho.comentarios_podcast_usuario VALUES ('comment_497_2', 'Reiciendis minima ut quia eius nam nihil.', '219328a1-cec6-4e8c-b003-52a3ec9766bb', 'usr_497');
INSERT INTO trabalho.log_acesso VALUES ('log_497_2', '219328a1-cec6-4e8c-b003-52a3ec9766bb', 'usr_497');
INSERT INTO trabalho.usuario VALUES ('usr_498', '498_Roberto_Nogueira@gmail.com', 'Roberto Nogueira', 'male', 40, 'password', 'Iraque');
INSERT INTO trabalho.usuario_esta_inscrito_no_podcast VALUES (5, 'f8e13774-d631-4f34-93f0-2f5d55590265', 'usr_498');
INSERT INTO trabalho.comentarios_podcast_usuario VALUES ('comment_498_0', 'Non fugit dolor ea pariatur autem inventore.', 'f8e13774-d631-4f34-93f0-2f5d55590265', 'usr_498');
INSERT INTO trabalho.log_acesso VALUES ('log_498_0', 'f8e13774-d631-4f34-93f0-2f5d55590265', 'usr_498');
INSERT INTO trabalho.usuario_esta_inscrito_no_podcast VALUES (1, 'bc8dac25-793c-4a96-aafc-4ea7020f4f60', 'usr_498');
INSERT INTO trabalho.comentarios_podcast_usuario VALUES ('comment_498_1', 'Aut modi dolore esse rerum et sit.', 'bc8dac25-793c-4a96-aafc-4ea7020f4f60', 'usr_498');
INSERT INTO trabalho.log_acesso VALUES ('log_498_1', 'bc8dac25-793c-4a96-aafc-4ea7020f4f60', 'usr_498');
INSERT INTO trabalho.usuario_esta_inscrito_no_podcast VALUES (0, '67074e68-bc2f-442b-8af2-7d328b6af6eb', 'usr_498');
INSERT INTO trabalho.comentarios_podcast_usuario VALUES ('comment_498_2', 'Et qui eos omnis ratione atque mollitia nulla dignissimos ut.', '67074e68-bc2f-442b-8af2-7d328b6af6eb', 'usr_498');
INSERT INTO trabalho.log_acesso VALUES ('log_498_2', '67074e68-bc2f-442b-8af2-7d328b6af6eb', 'usr_498');
INSERT INTO trabalho.usuario VALUES ('usr_499', '499_Eduarda.Barros31@bol.com.br', 'Eduarda Barros', 'female', 54, 'password', 'Lituânia');
INSERT INTO trabalho.usuario_esta_inscrito_no_podcast VALUES (5, 'b553d865-8fe2-47de-9a30-10e1dea3bd1d', 'usr_499');
INSERT INTO trabalho.comentarios_podcast_usuario VALUES ('comment_499_0', 'Optio consequatur quis incidunt ad asperiores iure sunt esse ut.', 'b553d865-8fe2-47de-9a30-10e1dea3bd1d', 'usr_499');
INSERT INTO trabalho.log_acesso VALUES ('log_499_0', 'b553d865-8fe2-47de-9a30-10e1dea3bd1d', 'usr_499');
INSERT INTO trabalho.usuario_esta_inscrito_no_podcast VALUES (3, 'f8e13774-d631-4f34-93f0-2f5d55590265', 'usr_499');
INSERT INTO trabalho.comentarios_podcast_usuario VALUES ('comment_499_1', 'Dolores ratione qui eos natus hic.', 'f8e13774-d631-4f34-93f0-2f5d55590265', 'usr_499');
INSERT INTO trabalho.log_acesso VALUES ('log_499_1', 'f8e13774-d631-4f34-93f0-2f5d55590265', 'usr_499');
INSERT INTO trabalho.usuario_esta_inscrito_no_podcast VALUES (4, 'de2f0ddb-9903-436a-a5e2-54224254c818', 'usr_499');
INSERT INTO trabalho.comentarios_podcast_usuario VALUES ('comment_499_2', 'Quae porro unde ipsa aut amet expedita quis non.', 'de2f0ddb-9903-436a-a5e2-54224254c818', 'usr_499');
INSERT INTO trabalho.log_acesso VALUES ('log_499_2', 'de2f0ddb-9903-436a-a5e2-54224254c818', 'usr_499');
INSERT INTO trabalho.usuario VALUES ('usr_500', '500_Natlia_Pereira@hotmail.com', 'Natália Pereira', 'female', 30, 'password', 'Porto Rico');
INSERT INTO trabalho.usuario_esta_inscrito_no_podcast VALUES (2, '219328a1-cec6-4e8c-b003-52a3ec9766bb', 'usr_500');
INSERT INTO trabalho.comentarios_podcast_usuario VALUES ('comment_500_0', 'Provident et non veniam nobis hic nobis a laboriosam.', '219328a1-cec6-4e8c-b003-52a3ec9766bb', 'usr_500');
INSERT INTO trabalho.log_acesso VALUES ('log_500_0', '219328a1-cec6-4e8c-b003-52a3ec9766bb', 'usr_500');
INSERT INTO trabalho.usuario_esta_inscrito_no_podcast VALUES (3, '168c1536-4c42-4b8f-8c77-f06affefec6a', 'usr_500');
INSERT INTO trabalho.comentarios_podcast_usuario VALUES ('comment_500_1', 'Ipsa et perspiciatis inventore qui minus ut minima.', '168c1536-4c42-4b8f-8c77-f06affefec6a', 'usr_500');
INSERT INTO trabalho.log_acesso VALUES ('log_500_1', '168c1536-4c42-4b8f-8c77-f06affefec6a', 'usr_500');
INSERT INTO trabalho.usuario_esta_inscrito_no_podcast VALUES (0, 'bc8dac25-793c-4a96-aafc-4ea7020f4f60', 'usr_500');
INSERT INTO trabalho.comentarios_podcast_usuario VALUES ('comment_500_2', 'Iusto est iusto natus ut accusamus qui id ipsa et.', 'bc8dac25-793c-4a96-aafc-4ea7020f4f60', 'usr_500');
INSERT INTO trabalho.log_acesso VALUES ('log_500_2', 'bc8dac25-793c-4a96-aafc-4ea7020f4f60', 'usr_500');
INSERT INTO trabalho.usuario VALUES ('usr_501', '501_Rebeca.Moreira88@live.com', 'Rebeca Moreira', 'female', 40, 'password', 'Angola');
INSERT INTO trabalho.usuario_esta_inscrito_no_podcast VALUES (1, 'f1b92ce7-47a7-43cd-8586-4a09185cdd05', 'usr_501');
INSERT INTO trabalho.comentarios_podcast_usuario VALUES ('comment_501_0', 'Reiciendis earum eius quis voluptatibus quis.', 'f1b92ce7-47a7-43cd-8586-4a09185cdd05', 'usr_501');
INSERT INTO trabalho.log_acesso VALUES ('log_501_0', 'f1b92ce7-47a7-43cd-8586-4a09185cdd05', 'usr_501');
INSERT INTO trabalho.usuario_esta_inscrito_no_podcast VALUES (2, 'f8e13774-d631-4f34-93f0-2f5d55590265', 'usr_501');
INSERT INTO trabalho.comentarios_podcast_usuario VALUES ('comment_501_1', 'Tempora qui neque sunt perferendis incidunt saepe.', 'f8e13774-d631-4f34-93f0-2f5d55590265', 'usr_501');
INSERT INTO trabalho.log_acesso VALUES ('log_501_1', 'f8e13774-d631-4f34-93f0-2f5d55590265', 'usr_501');
INSERT INTO trabalho.usuario_esta_inscrito_no_podcast VALUES (2, 'c58b280a-56d4-4ad8-8c85-730e4ea86361', 'usr_501');
INSERT INTO trabalho.comentarios_podcast_usuario VALUES ('comment_501_2', 'Odio ut architecto deleniti aut.', 'c58b280a-56d4-4ad8-8c85-730e4ea86361', 'usr_501');
INSERT INTO trabalho.log_acesso VALUES ('log_501_2', 'c58b280a-56d4-4ad8-8c85-730e4ea86361', 'usr_501');
INSERT INTO trabalho.usuario VALUES ('usr_502', '502_Alessandra_Reis2@gmail.com', 'Alessandra Reis', 'female', 42, 'password', 'Suécia');
INSERT INTO trabalho.usuario_esta_inscrito_no_podcast VALUES (1, 'af46a958-b921-47b6-9f87-5c4fdc68ea79', 'usr_502');
INSERT INTO trabalho.comentarios_podcast_usuario VALUES ('comment_502_0', 'Ullam nesciunt omnis et rerum quia voluptates similique voluptas pariatur.', 'af46a958-b921-47b6-9f87-5c4fdc68ea79', 'usr_502');
INSERT INTO trabalho.log_acesso VALUES ('log_502_0', 'af46a958-b921-47b6-9f87-5c4fdc68ea79', 'usr_502');
INSERT INTO trabalho.usuario_esta_inscrito_no_podcast VALUES (2, 'fa3abe16-3645-4d22-a01d-893e6f20c408', 'usr_502');
INSERT INTO trabalho.comentarios_podcast_usuario VALUES ('comment_502_1', 'Sapiente quos quos et quod.', 'fa3abe16-3645-4d22-a01d-893e6f20c408', 'usr_502');
INSERT INTO trabalho.log_acesso VALUES ('log_502_1', 'fa3abe16-3645-4d22-a01d-893e6f20c408', 'usr_502');
INSERT INTO trabalho.usuario_esta_inscrito_no_podcast VALUES (1, 'f0166bd2-8e4d-4308-b5d7-0b3d627c5dc5', 'usr_502');
INSERT INTO trabalho.comentarios_podcast_usuario VALUES ('comment_502_2', 'Eos voluptate natus eos quae qui eum laboriosam omnis.', 'f0166bd2-8e4d-4308-b5d7-0b3d627c5dc5', 'usr_502');
INSERT INTO trabalho.log_acesso VALUES ('log_502_2', 'f0166bd2-8e4d-4308-b5d7-0b3d627c5dc5', 'usr_502');
INSERT INTO trabalho.usuario VALUES ('usr_503', '503_Liz95@yahoo.com', 'Liz Moraes', 'female', 29, 'password', 'Laos');
INSERT INTO trabalho.usuario_esta_inscrito_no_podcast VALUES (0, 'c58b280a-56d4-4ad8-8c85-730e4ea86361', 'usr_503');
INSERT INTO trabalho.comentarios_podcast_usuario VALUES ('comment_503_0', 'Consequatur nihil ut laborum quo ut.', 'c58b280a-56d4-4ad8-8c85-730e4ea86361', 'usr_503');
INSERT INTO trabalho.log_acesso VALUES ('log_503_0', 'c58b280a-56d4-4ad8-8c85-730e4ea86361', 'usr_503');
INSERT INTO trabalho.usuario_esta_inscrito_no_podcast VALUES (0, '219328a1-cec6-4e8c-b003-52a3ec9766bb', 'usr_503');
INSERT INTO trabalho.comentarios_podcast_usuario VALUES ('comment_503_1', 'Deserunt aspernatur quia dolor vel nulla voluptatem placeat et.', '219328a1-cec6-4e8c-b003-52a3ec9766bb', 'usr_503');
INSERT INTO trabalho.log_acesso VALUES ('log_503_1', '219328a1-cec6-4e8c-b003-52a3ec9766bb', 'usr_503');
INSERT INTO trabalho.usuario_esta_inscrito_no_podcast VALUES (3, 'bc8dac25-793c-4a96-aafc-4ea7020f4f60', 'usr_503');
INSERT INTO trabalho.comentarios_podcast_usuario VALUES ('comment_503_2', 'Hic et doloremque modi repudiandae possimus.', 'bc8dac25-793c-4a96-aafc-4ea7020f4f60', 'usr_503');
INSERT INTO trabalho.log_acesso VALUES ('log_503_2', 'bc8dac25-793c-4a96-aafc-4ea7020f4f60', 'usr_503');
INSERT INTO trabalho.usuario VALUES ('usr_504', '504_Rebeca92@hotmail.com', 'Rebeca Macedo', 'female', 16, 'password', 'Nova Caledonia');
INSERT INTO trabalho.usuario_esta_inscrito_no_podcast VALUES (3, '168c1536-4c42-4b8f-8c77-f06affefec6a', 'usr_504');
INSERT INTO trabalho.comentarios_podcast_usuario VALUES ('comment_504_0', 'Amet officiis consequatur voluptatem.', '168c1536-4c42-4b8f-8c77-f06affefec6a', 'usr_504');
INSERT INTO trabalho.log_acesso VALUES ('log_504_0', '168c1536-4c42-4b8f-8c77-f06affefec6a', 'usr_504');
INSERT INTO trabalho.usuario_esta_inscrito_no_podcast VALUES (0, 'c58b280a-56d4-4ad8-8c85-730e4ea86361', 'usr_504');
INSERT INTO trabalho.comentarios_podcast_usuario VALUES ('comment_504_1', 'Totam corrupti quo cum ab ullam mollitia.', 'c58b280a-56d4-4ad8-8c85-730e4ea86361', 'usr_504');
INSERT INTO trabalho.log_acesso VALUES ('log_504_1', 'c58b280a-56d4-4ad8-8c85-730e4ea86361', 'usr_504');
INSERT INTO trabalho.usuario_esta_inscrito_no_podcast VALUES (3, 'af46a958-b921-47b6-9f87-5c4fdc68ea79', 'usr_504');
INSERT INTO trabalho.comentarios_podcast_usuario VALUES ('comment_504_2', 'Hic quod laborum quia eos asperiores sed et voluptatem.', 'af46a958-b921-47b6-9f87-5c4fdc68ea79', 'usr_504');
INSERT INTO trabalho.log_acesso VALUES ('log_504_2', 'af46a958-b921-47b6-9f87-5c4fdc68ea79', 'usr_504');
INSERT INTO trabalho.usuario VALUES ('usr_505', '505_Larissa62@live.com', 'Larissa Franco', 'female', 30, 'password', 'Islândia');
INSERT INTO trabalho.usuario_esta_inscrito_no_podcast VALUES (0, '67074e68-bc2f-442b-8af2-7d328b6af6eb', 'usr_505');
INSERT INTO trabalho.comentarios_podcast_usuario VALUES ('comment_505_0', 'Qui suscipit in vel ut aut.', '67074e68-bc2f-442b-8af2-7d328b6af6eb', 'usr_505');
INSERT INTO trabalho.log_acesso VALUES ('log_505_0', '67074e68-bc2f-442b-8af2-7d328b6af6eb', 'usr_505');
INSERT INTO trabalho.usuario_esta_inscrito_no_podcast VALUES (3, 'de2f0ddb-9903-436a-a5e2-54224254c818', 'usr_505');
INSERT INTO trabalho.comentarios_podcast_usuario VALUES ('comment_505_1', 'Pariatur fuga quae qui ducimus ratione sit animi sint.', 'de2f0ddb-9903-436a-a5e2-54224254c818', 'usr_505');
INSERT INTO trabalho.log_acesso VALUES ('log_505_1', 'de2f0ddb-9903-436a-a5e2-54224254c818', 'usr_505');
INSERT INTO trabalho.usuario_esta_inscrito_no_podcast VALUES (4, '5bdf7377-8330-4f9f-8efd-e95301c122ce', 'usr_505');
INSERT INTO trabalho.comentarios_podcast_usuario VALUES ('comment_505_2', 'Dolorum non qui est modi rem.', '5bdf7377-8330-4f9f-8efd-e95301c122ce', 'usr_505');
INSERT INTO trabalho.log_acesso VALUES ('log_505_2', '5bdf7377-8330-4f9f-8efd-e95301c122ce', 'usr_505');
INSERT INTO trabalho.usuario VALUES ('usr_506', '506_Fabrcia_Albuquerque@bol.com.br', 'Fabrícia Albuquerque', 'female', 41, 'password', 'Venezuela');
INSERT INTO trabalho.usuario_esta_inscrito_no_podcast VALUES (2, 'af46a958-b921-47b6-9f87-5c4fdc68ea79', 'usr_506');
INSERT INTO trabalho.comentarios_podcast_usuario VALUES ('comment_506_0', 'Et rerum ad asperiores hic eius.', 'af46a958-b921-47b6-9f87-5c4fdc68ea79', 'usr_506');
INSERT INTO trabalho.log_acesso VALUES ('log_506_0', 'af46a958-b921-47b6-9f87-5c4fdc68ea79', 'usr_506');
INSERT INTO trabalho.usuario_esta_inscrito_no_podcast VALUES (2, '67074e68-bc2f-442b-8af2-7d328b6af6eb', 'usr_506');
INSERT INTO trabalho.comentarios_podcast_usuario VALUES ('comment_506_1', 'Illum error dolor ipsam perferendis in consequatur aut ipsa eligendi.', '67074e68-bc2f-442b-8af2-7d328b6af6eb', 'usr_506');
INSERT INTO trabalho.log_acesso VALUES ('log_506_1', '67074e68-bc2f-442b-8af2-7d328b6af6eb', 'usr_506');
INSERT INTO trabalho.usuario_esta_inscrito_no_podcast VALUES (3, 'c58b280a-56d4-4ad8-8c85-730e4ea86361', 'usr_506');
INSERT INTO trabalho.comentarios_podcast_usuario VALUES ('comment_506_2', 'Odio voluptatibus nihil voluptas et ducimus non aperiam molestias.', 'c58b280a-56d4-4ad8-8c85-730e4ea86361', 'usr_506');
INSERT INTO trabalho.log_acesso VALUES ('log_506_2', 'c58b280a-56d4-4ad8-8c85-730e4ea86361', 'usr_506');
INSERT INTO trabalho.usuario VALUES ('usr_507', '507_Sophia_Macedo@yahoo.com', 'Sophia Macedo', 'female', 7, 'password', 'Uzbequistão');
INSERT INTO trabalho.usuario_esta_inscrito_no_podcast VALUES (0, 'f0166bd2-8e4d-4308-b5d7-0b3d627c5dc5', 'usr_507');
INSERT INTO trabalho.comentarios_podcast_usuario VALUES ('comment_507_0', 'Magnam quae qui tempora eum modi.', 'f0166bd2-8e4d-4308-b5d7-0b3d627c5dc5', 'usr_507');
INSERT INTO trabalho.log_acesso VALUES ('log_507_0', 'f0166bd2-8e4d-4308-b5d7-0b3d627c5dc5', 'usr_507');
INSERT INTO trabalho.usuario_esta_inscrito_no_podcast VALUES (0, '219328a1-cec6-4e8c-b003-52a3ec9766bb', 'usr_507');
INSERT INTO trabalho.comentarios_podcast_usuario VALUES ('comment_507_1', 'Vel reiciendis enim dicta quo facere fuga.', '219328a1-cec6-4e8c-b003-52a3ec9766bb', 'usr_507');
INSERT INTO trabalho.log_acesso VALUES ('log_507_1', '219328a1-cec6-4e8c-b003-52a3ec9766bb', 'usr_507');
INSERT INTO trabalho.usuario_esta_inscrito_no_podcast VALUES (0, '7e429e8e-7669-403d-bb78-3cd7f9f75afd', 'usr_507');
INSERT INTO trabalho.comentarios_podcast_usuario VALUES ('comment_507_2', 'Sunt quas aut aut.', '7e429e8e-7669-403d-bb78-3cd7f9f75afd', 'usr_507');
INSERT INTO trabalho.log_acesso VALUES ('log_507_2', '7e429e8e-7669-403d-bb78-3cd7f9f75afd', 'usr_507');
INSERT INTO trabalho.usuario VALUES ('usr_508', '508_Marcos.Macedo@bol.com.br', 'Marcos Macedo', 'male', 47, 'password', 'Seicheles');
INSERT INTO trabalho.usuario_esta_inscrito_no_podcast VALUES (3, 'fa3abe16-3645-4d22-a01d-893e6f20c408', 'usr_508');
INSERT INTO trabalho.comentarios_podcast_usuario VALUES ('comment_508_0', 'Voluptas dolorem magni sit voluptatem omnis fugiat aperiam consequatur cum.', 'fa3abe16-3645-4d22-a01d-893e6f20c408', 'usr_508');
INSERT INTO trabalho.log_acesso VALUES ('log_508_0', 'fa3abe16-3645-4d22-a01d-893e6f20c408', 'usr_508');
INSERT INTO trabalho.usuario_esta_inscrito_no_podcast VALUES (4, '5bdf7377-8330-4f9f-8efd-e95301c122ce', 'usr_508');
INSERT INTO trabalho.comentarios_podcast_usuario VALUES ('comment_508_1', 'Sint voluptatem impedit id et explicabo minus vel.', '5bdf7377-8330-4f9f-8efd-e95301c122ce', 'usr_508');
INSERT INTO trabalho.log_acesso VALUES ('log_508_1', '5bdf7377-8330-4f9f-8efd-e95301c122ce', 'usr_508');
INSERT INTO trabalho.usuario_esta_inscrito_no_podcast VALUES (5, 'f0166bd2-8e4d-4308-b5d7-0b3d627c5dc5', 'usr_508');
INSERT INTO trabalho.comentarios_podcast_usuario VALUES ('comment_508_2', 'Quis non dignissimos nisi eius in.', 'f0166bd2-8e4d-4308-b5d7-0b3d627c5dc5', 'usr_508');
INSERT INTO trabalho.log_acesso VALUES ('log_508_2', 'f0166bd2-8e4d-4308-b5d7-0b3d627c5dc5', 'usr_508');
INSERT INTO trabalho.usuario VALUES ('usr_509', '509_Isabel_Silva28@yahoo.com', 'Isabel Silva', 'female', 3, 'password', 'Toquelau');
INSERT INTO trabalho.usuario_esta_inscrito_no_podcast VALUES (2, '67074e68-bc2f-442b-8af2-7d328b6af6eb', 'usr_509');
INSERT INTO trabalho.comentarios_podcast_usuario VALUES ('comment_509_0', 'Ut perspiciatis ut facere nostrum tempora.', '67074e68-bc2f-442b-8af2-7d328b6af6eb', 'usr_509');
INSERT INTO trabalho.log_acesso VALUES ('log_509_0', '67074e68-bc2f-442b-8af2-7d328b6af6eb', 'usr_509');
INSERT INTO trabalho.usuario_esta_inscrito_no_podcast VALUES (5, 'f1b92ce7-47a7-43cd-8586-4a09185cdd05', 'usr_509');
INSERT INTO trabalho.comentarios_podcast_usuario VALUES ('comment_509_1', 'Eius minus voluptatem.', 'f1b92ce7-47a7-43cd-8586-4a09185cdd05', 'usr_509');
INSERT INTO trabalho.log_acesso VALUES ('log_509_1', 'f1b92ce7-47a7-43cd-8586-4a09185cdd05', 'usr_509');
INSERT INTO trabalho.usuario_esta_inscrito_no_podcast VALUES (2, 'af46a958-b921-47b6-9f87-5c4fdc68ea79', 'usr_509');
INSERT INTO trabalho.comentarios_podcast_usuario VALUES ('comment_509_2', 'A sed est dolorum mollitia rerum quia repellat repellat.', 'af46a958-b921-47b6-9f87-5c4fdc68ea79', 'usr_509');
INSERT INTO trabalho.log_acesso VALUES ('log_509_2', 'af46a958-b921-47b6-9f87-5c4fdc68ea79', 'usr_509');
INSERT INTO trabalho.usuario VALUES ('usr_510', '510_Rafael_Franco5@gmail.com', 'Rafael Franco', 'male', 6, 'password', 'Cazaquistão');
INSERT INTO trabalho.usuario_esta_inscrito_no_podcast VALUES (3, 'bc8dac25-793c-4a96-aafc-4ea7020f4f60', 'usr_510');
INSERT INTO trabalho.comentarios_podcast_usuario VALUES ('comment_510_0', 'Sed asperiores et nam hic asperiores laboriosam.', 'bc8dac25-793c-4a96-aafc-4ea7020f4f60', 'usr_510');
INSERT INTO trabalho.log_acesso VALUES ('log_510_0', 'bc8dac25-793c-4a96-aafc-4ea7020f4f60', 'usr_510');
INSERT INTO trabalho.usuario_esta_inscrito_no_podcast VALUES (2, 'f8e13774-d631-4f34-93f0-2f5d55590265', 'usr_510');
INSERT INTO trabalho.comentarios_podcast_usuario VALUES ('comment_510_1', 'Commodi voluptatem mollitia quia laborum non nihil.', 'f8e13774-d631-4f34-93f0-2f5d55590265', 'usr_510');
INSERT INTO trabalho.log_acesso VALUES ('log_510_1', 'f8e13774-d631-4f34-93f0-2f5d55590265', 'usr_510');
INSERT INTO trabalho.usuario_esta_inscrito_no_podcast VALUES (1, '7e429e8e-7669-403d-bb78-3cd7f9f75afd', 'usr_510');
INSERT INTO trabalho.comentarios_podcast_usuario VALUES ('comment_510_2', 'Quia et maxime impedit temporibus ut.', '7e429e8e-7669-403d-bb78-3cd7f9f75afd', 'usr_510');
INSERT INTO trabalho.log_acesso VALUES ('log_510_2', '7e429e8e-7669-403d-bb78-3cd7f9f75afd', 'usr_510');
INSERT INTO trabalho.usuario VALUES ('usr_511', '511_Yango_Oliveira@bol.com.br', 'Yango Oliveira', 'male', 0, 'password', 'Somália');
INSERT INTO trabalho.usuario_esta_inscrito_no_podcast VALUES (0, '168c1536-4c42-4b8f-8c77-f06affefec6a', 'usr_511');
INSERT INTO trabalho.comentarios_podcast_usuario VALUES ('comment_511_0', 'Sunt necessitatibus ut sunt sint et ut quo nemo placeat.', '168c1536-4c42-4b8f-8c77-f06affefec6a', 'usr_511');
INSERT INTO trabalho.log_acesso VALUES ('log_511_0', '168c1536-4c42-4b8f-8c77-f06affefec6a', 'usr_511');
INSERT INTO trabalho.usuario_esta_inscrito_no_podcast VALUES (5, 'f8e13774-d631-4f34-93f0-2f5d55590265', 'usr_511');
INSERT INTO trabalho.comentarios_podcast_usuario VALUES ('comment_511_1', 'Quos voluptatibus nulla saepe quia illo quam quo.', 'f8e13774-d631-4f34-93f0-2f5d55590265', 'usr_511');
INSERT INTO trabalho.log_acesso VALUES ('log_511_1', 'f8e13774-d631-4f34-93f0-2f5d55590265', 'usr_511');
INSERT INTO trabalho.usuario_esta_inscrito_no_podcast VALUES (4, '5bdf7377-8330-4f9f-8efd-e95301c122ce', 'usr_511');
INSERT INTO trabalho.comentarios_podcast_usuario VALUES ('comment_511_2', 'Autem delectus et reiciendis et nihil sed.', '5bdf7377-8330-4f9f-8efd-e95301c122ce', 'usr_511');
INSERT INTO trabalho.log_acesso VALUES ('log_511_2', '5bdf7377-8330-4f9f-8efd-e95301c122ce', 'usr_511');
INSERT INTO trabalho.usuario VALUES ('usr_512', '512_Aline30@bol.com.br', 'Aline Carvalho', 'female', 27, 'password', 'Hong Kong');
INSERT INTO trabalho.usuario_esta_inscrito_no_podcast VALUES (0, 'f1b92ce7-47a7-43cd-8586-4a09185cdd05', 'usr_512');
INSERT INTO trabalho.comentarios_podcast_usuario VALUES ('comment_512_0', 'Aspernatur perferendis sed molestias at et est nihil laborum.', 'f1b92ce7-47a7-43cd-8586-4a09185cdd05', 'usr_512');
INSERT INTO trabalho.log_acesso VALUES ('log_512_0', 'f1b92ce7-47a7-43cd-8586-4a09185cdd05', 'usr_512');
INSERT INTO trabalho.usuario_esta_inscrito_no_podcast VALUES (4, '168c1536-4c42-4b8f-8c77-f06affefec6a', 'usr_512');
INSERT INTO trabalho.comentarios_podcast_usuario VALUES ('comment_512_1', 'Ut vel omnis rem libero quae pariatur voluptatum ad quibusdam.', '168c1536-4c42-4b8f-8c77-f06affefec6a', 'usr_512');
INSERT INTO trabalho.log_acesso VALUES ('log_512_1', '168c1536-4c42-4b8f-8c77-f06affefec6a', 'usr_512');
INSERT INTO trabalho.usuario_esta_inscrito_no_podcast VALUES (5, 'f8e13774-d631-4f34-93f0-2f5d55590265', 'usr_512');
INSERT INTO trabalho.comentarios_podcast_usuario VALUES ('comment_512_2', 'Debitis ea cumque odio autem animi aut illo aut.', 'f8e13774-d631-4f34-93f0-2f5d55590265', 'usr_512');
INSERT INTO trabalho.log_acesso VALUES ('log_512_2', 'f8e13774-d631-4f34-93f0-2f5d55590265', 'usr_512');
INSERT INTO trabalho.usuario VALUES ('usr_513', '513_Alice87@hotmail.com', 'Alice Xavier', 'female', 33, 'password', 'Bangladesh');
INSERT INTO trabalho.usuario_esta_inscrito_no_podcast VALUES (0, 'c58b280a-56d4-4ad8-8c85-730e4ea86361', 'usr_513');
INSERT INTO trabalho.comentarios_podcast_usuario VALUES ('comment_513_0', 'Repudiandae ipsum vel amet rerum id.', 'c58b280a-56d4-4ad8-8c85-730e4ea86361', 'usr_513');
INSERT INTO trabalho.log_acesso VALUES ('log_513_0', 'c58b280a-56d4-4ad8-8c85-730e4ea86361', 'usr_513');
INSERT INTO trabalho.usuario_esta_inscrito_no_podcast VALUES (0, 'bc8dac25-793c-4a96-aafc-4ea7020f4f60', 'usr_513');
INSERT INTO trabalho.comentarios_podcast_usuario VALUES ('comment_513_1', 'Doloribus quam quibusdam reiciendis ex iste quae consequatur eum.', 'bc8dac25-793c-4a96-aafc-4ea7020f4f60', 'usr_513');
INSERT INTO trabalho.log_acesso VALUES ('log_513_1', 'bc8dac25-793c-4a96-aafc-4ea7020f4f60', 'usr_513');
INSERT INTO trabalho.usuario_esta_inscrito_no_podcast VALUES (3, '219328a1-cec6-4e8c-b003-52a3ec9766bb', 'usr_513');
INSERT INTO trabalho.comentarios_podcast_usuario VALUES ('comment_513_2', 'Molestias similique mollitia sunt nulla omnis repellendus provident eos.', '219328a1-cec6-4e8c-b003-52a3ec9766bb', 'usr_513');
INSERT INTO trabalho.log_acesso VALUES ('log_513_2', '219328a1-cec6-4e8c-b003-52a3ec9766bb', 'usr_513');
INSERT INTO trabalho.usuario VALUES ('usr_514', '514_Lorena56@yahoo.com', 'Lorena Macedo', 'female', 51, 'password', 'Iraque');
INSERT INTO trabalho.usuario_esta_inscrito_no_podcast VALUES (3, 'c58b280a-56d4-4ad8-8c85-730e4ea86361', 'usr_514');
INSERT INTO trabalho.comentarios_podcast_usuario VALUES ('comment_514_0', 'Cum sit et.', 'c58b280a-56d4-4ad8-8c85-730e4ea86361', 'usr_514');
INSERT INTO trabalho.log_acesso VALUES ('log_514_0', 'c58b280a-56d4-4ad8-8c85-730e4ea86361', 'usr_514');
INSERT INTO trabalho.usuario_esta_inscrito_no_podcast VALUES (3, 'bc8dac25-793c-4a96-aafc-4ea7020f4f60', 'usr_514');
INSERT INTO trabalho.comentarios_podcast_usuario VALUES ('comment_514_1', 'Minus corrupti magnam aperiam.', 'bc8dac25-793c-4a96-aafc-4ea7020f4f60', 'usr_514');
INSERT INTO trabalho.log_acesso VALUES ('log_514_1', 'bc8dac25-793c-4a96-aafc-4ea7020f4f60', 'usr_514');
INSERT INTO trabalho.usuario_esta_inscrito_no_podcast VALUES (1, '168c1536-4c42-4b8f-8c77-f06affefec6a', 'usr_514');
INSERT INTO trabalho.comentarios_podcast_usuario VALUES ('comment_514_2', 'Fugiat vero vitae.', '168c1536-4c42-4b8f-8c77-f06affefec6a', 'usr_514');
INSERT INTO trabalho.log_acesso VALUES ('log_514_2', '168c1536-4c42-4b8f-8c77-f06affefec6a', 'usr_514');
INSERT INTO trabalho.usuario VALUES ('usr_515', '515_Vctor_Reis69@hotmail.com', 'Víctor Reis', 'male', 46, 'password', 'São Vicente e Granadinas');
INSERT INTO trabalho.usuario_esta_inscrito_no_podcast VALUES (5, 'b553d865-8fe2-47de-9a30-10e1dea3bd1d', 'usr_515');
INSERT INTO trabalho.comentarios_podcast_usuario VALUES ('comment_515_0', 'Et animi adipisci ducimus.', 'b553d865-8fe2-47de-9a30-10e1dea3bd1d', 'usr_515');
INSERT INTO trabalho.log_acesso VALUES ('log_515_0', 'b553d865-8fe2-47de-9a30-10e1dea3bd1d', 'usr_515');
INSERT INTO trabalho.usuario_esta_inscrito_no_podcast VALUES (3, 'f0166bd2-8e4d-4308-b5d7-0b3d627c5dc5', 'usr_515');
INSERT INTO trabalho.comentarios_podcast_usuario VALUES ('comment_515_1', 'Corporis voluptatum incidunt nobis perferendis.', 'f0166bd2-8e4d-4308-b5d7-0b3d627c5dc5', 'usr_515');
INSERT INTO trabalho.log_acesso VALUES ('log_515_1', 'f0166bd2-8e4d-4308-b5d7-0b3d627c5dc5', 'usr_515');
INSERT INTO trabalho.usuario_esta_inscrito_no_podcast VALUES (1, '168c1536-4c42-4b8f-8c77-f06affefec6a', 'usr_515');
INSERT INTO trabalho.comentarios_podcast_usuario VALUES ('comment_515_2', 'Quo debitis autem rem facilis facilis voluptatem.', '168c1536-4c42-4b8f-8c77-f06affefec6a', 'usr_515');
INSERT INTO trabalho.log_acesso VALUES ('log_515_2', '168c1536-4c42-4b8f-8c77-f06affefec6a', 'usr_515');
INSERT INTO trabalho.usuario VALUES ('usr_516', '516_Breno91@bol.com.br', 'Breno Moreira', 'male', 20, 'password', 'Namibia');
INSERT INTO trabalho.usuario_esta_inscrito_no_podcast VALUES (4, '168c1536-4c42-4b8f-8c77-f06affefec6a', 'usr_516');
INSERT INTO trabalho.comentarios_podcast_usuario VALUES ('comment_516_0', 'Porro sint non est corrupti fuga rerum itaque animi.', '168c1536-4c42-4b8f-8c77-f06affefec6a', 'usr_516');
INSERT INTO trabalho.log_acesso VALUES ('log_516_0', '168c1536-4c42-4b8f-8c77-f06affefec6a', 'usr_516');
INSERT INTO trabalho.usuario_esta_inscrito_no_podcast VALUES (2, 'b553d865-8fe2-47de-9a30-10e1dea3bd1d', 'usr_516');
INSERT INTO trabalho.comentarios_podcast_usuario VALUES ('comment_516_1', 'Laboriosam nihil odit sit magnam rem.', 'b553d865-8fe2-47de-9a30-10e1dea3bd1d', 'usr_516');
INSERT INTO trabalho.log_acesso VALUES ('log_516_1', 'b553d865-8fe2-47de-9a30-10e1dea3bd1d', 'usr_516');
INSERT INTO trabalho.usuario_esta_inscrito_no_podcast VALUES (3, 'fa3abe16-3645-4d22-a01d-893e6f20c408', 'usr_516');
INSERT INTO trabalho.comentarios_podcast_usuario VALUES ('comment_516_2', 'Vel accusantium reprehenderit amet fugit consequatur iusto harum.', 'fa3abe16-3645-4d22-a01d-893e6f20c408', 'usr_516');
INSERT INTO trabalho.log_acesso VALUES ('log_516_2', 'fa3abe16-3645-4d22-a01d-893e6f20c408', 'usr_516');
INSERT INTO trabalho.usuario VALUES ('usr_517', '517_Roberta_Macedo@bol.com.br', 'Roberta Macedo', 'female', 25, 'password', 'Cazaquistão');
INSERT INTO trabalho.usuario_esta_inscrito_no_podcast VALUES (1, '5bdf7377-8330-4f9f-8efd-e95301c122ce', 'usr_517');
INSERT INTO trabalho.comentarios_podcast_usuario VALUES ('comment_517_0', 'Facilis alias molestiae earum maiores.', '5bdf7377-8330-4f9f-8efd-e95301c122ce', 'usr_517');
INSERT INTO trabalho.log_acesso VALUES ('log_517_0', '5bdf7377-8330-4f9f-8efd-e95301c122ce', 'usr_517');
INSERT INTO trabalho.usuario_esta_inscrito_no_podcast VALUES (5, 'bc8dac25-793c-4a96-aafc-4ea7020f4f60', 'usr_517');
INSERT INTO trabalho.comentarios_podcast_usuario VALUES ('comment_517_1', 'Fugiat molestiae sequi at.', 'bc8dac25-793c-4a96-aafc-4ea7020f4f60', 'usr_517');
INSERT INTO trabalho.log_acesso VALUES ('log_517_1', 'bc8dac25-793c-4a96-aafc-4ea7020f4f60', 'usr_517');
INSERT INTO trabalho.usuario_esta_inscrito_no_podcast VALUES (5, 'c58b280a-56d4-4ad8-8c85-730e4ea86361', 'usr_517');
INSERT INTO trabalho.comentarios_podcast_usuario VALUES ('comment_517_2', 'Accusantium eaque aut aut explicabo nobis.', 'c58b280a-56d4-4ad8-8c85-730e4ea86361', 'usr_517');
INSERT INTO trabalho.log_acesso VALUES ('log_517_2', 'c58b280a-56d4-4ad8-8c85-730e4ea86361', 'usr_517');
INSERT INTO trabalho.usuario VALUES ('usr_518', '518_Oflia_Batista@gmail.com', 'Ofélia Batista', 'female', 16, 'password', 'Nova Caledonia');
INSERT INTO trabalho.usuario_esta_inscrito_no_podcast VALUES (0, '7e429e8e-7669-403d-bb78-3cd7f9f75afd', 'usr_518');
INSERT INTO trabalho.comentarios_podcast_usuario VALUES ('comment_518_0', 'Quibusdam modi aut cumque ad.', '7e429e8e-7669-403d-bb78-3cd7f9f75afd', 'usr_518');
INSERT INTO trabalho.log_acesso VALUES ('log_518_0', '7e429e8e-7669-403d-bb78-3cd7f9f75afd', 'usr_518');
INSERT INTO trabalho.usuario_esta_inscrito_no_podcast VALUES (2, 'af46a958-b921-47b6-9f87-5c4fdc68ea79', 'usr_518');
INSERT INTO trabalho.comentarios_podcast_usuario VALUES ('comment_518_1', 'Maxime occaecati veritatis aperiam consequatur.', 'af46a958-b921-47b6-9f87-5c4fdc68ea79', 'usr_518');
INSERT INTO trabalho.log_acesso VALUES ('log_518_1', 'af46a958-b921-47b6-9f87-5c4fdc68ea79', 'usr_518');
INSERT INTO trabalho.usuario_esta_inscrito_no_podcast VALUES (5, 'fa3abe16-3645-4d22-a01d-893e6f20c408', 'usr_518');
INSERT INTO trabalho.comentarios_podcast_usuario VALUES ('comment_518_2', 'Quis aut tempore fugit a earum sit ipsa.', 'fa3abe16-3645-4d22-a01d-893e6f20c408', 'usr_518');
INSERT INTO trabalho.log_acesso VALUES ('log_518_2', 'fa3abe16-3645-4d22-a01d-893e6f20c408', 'usr_518');
INSERT INTO trabalho.usuario VALUES ('usr_519', '519_Aline.Barros@hotmail.com', 'Aline Barros', 'female', 36, 'password', 'Ilhas Marshall');
INSERT INTO trabalho.usuario_esta_inscrito_no_podcast VALUES (1, '219328a1-cec6-4e8c-b003-52a3ec9766bb', 'usr_519');
INSERT INTO trabalho.comentarios_podcast_usuario VALUES ('comment_519_0', 'Sunt animi minima quos odio suscipit vero pariatur dolorem.', '219328a1-cec6-4e8c-b003-52a3ec9766bb', 'usr_519');
INSERT INTO trabalho.log_acesso VALUES ('log_519_0', '219328a1-cec6-4e8c-b003-52a3ec9766bb', 'usr_519');
INSERT INTO trabalho.usuario_esta_inscrito_no_podcast VALUES (2, 'c58b280a-56d4-4ad8-8c85-730e4ea86361', 'usr_519');
INSERT INTO trabalho.comentarios_podcast_usuario VALUES ('comment_519_1', 'Iure ut sunt tenetur veritatis omnis sapiente quos consequuntur ipsa.', 'c58b280a-56d4-4ad8-8c85-730e4ea86361', 'usr_519');
INSERT INTO trabalho.log_acesso VALUES ('log_519_1', 'c58b280a-56d4-4ad8-8c85-730e4ea86361', 'usr_519');
INSERT INTO trabalho.usuario_esta_inscrito_no_podcast VALUES (1, 'fa3abe16-3645-4d22-a01d-893e6f20c408', 'usr_519');
INSERT INTO trabalho.comentarios_podcast_usuario VALUES ('comment_519_2', 'Rerum enim veritatis.', 'fa3abe16-3645-4d22-a01d-893e6f20c408', 'usr_519');
INSERT INTO trabalho.log_acesso VALUES ('log_519_2', 'fa3abe16-3645-4d22-a01d-893e6f20c408', 'usr_519');
INSERT INTO trabalho.usuario VALUES ('usr_520', '520_Miguel8@live.com', 'Miguel Macedo', 'male', 44, 'password', 'Tajiquistão');
INSERT INTO trabalho.usuario_esta_inscrito_no_podcast VALUES (1, '7e429e8e-7669-403d-bb78-3cd7f9f75afd', 'usr_520');
INSERT INTO trabalho.comentarios_podcast_usuario VALUES ('comment_520_0', 'Sit expedita et laborum pariatur iste consequuntur.', '7e429e8e-7669-403d-bb78-3cd7f9f75afd', 'usr_520');
INSERT INTO trabalho.log_acesso VALUES ('log_520_0', '7e429e8e-7669-403d-bb78-3cd7f9f75afd', 'usr_520');
INSERT INTO trabalho.usuario_esta_inscrito_no_podcast VALUES (5, '5bdf7377-8330-4f9f-8efd-e95301c122ce', 'usr_520');
INSERT INTO trabalho.comentarios_podcast_usuario VALUES ('comment_520_1', 'Quidem ipsam aspernatur aliquid explicabo fuga.', '5bdf7377-8330-4f9f-8efd-e95301c122ce', 'usr_520');
INSERT INTO trabalho.log_acesso VALUES ('log_520_1', '5bdf7377-8330-4f9f-8efd-e95301c122ce', 'usr_520');
INSERT INTO trabalho.usuario_esta_inscrito_no_podcast VALUES (0, 'de2f0ddb-9903-436a-a5e2-54224254c818', 'usr_520');
INSERT INTO trabalho.comentarios_podcast_usuario VALUES ('comment_520_2', 'Et eaque aut.', 'de2f0ddb-9903-436a-a5e2-54224254c818', 'usr_520');
INSERT INTO trabalho.log_acesso VALUES ('log_520_2', 'de2f0ddb-9903-436a-a5e2-54224254c818', 'usr_520');
INSERT INTO trabalho.usuario VALUES ('usr_521', '521_JlioCsar82@yahoo.com', 'Júlio César Melo', 'male', 3, 'password', 'Madagascar');
INSERT INTO trabalho.usuario_esta_inscrito_no_podcast VALUES (4, 'f0166bd2-8e4d-4308-b5d7-0b3d627c5dc5', 'usr_521');
INSERT INTO trabalho.comentarios_podcast_usuario VALUES ('comment_521_0', 'Iure id voluptatem error dolores consequuntur.', 'f0166bd2-8e4d-4308-b5d7-0b3d627c5dc5', 'usr_521');
INSERT INTO trabalho.log_acesso VALUES ('log_521_0', 'f0166bd2-8e4d-4308-b5d7-0b3d627c5dc5', 'usr_521');
INSERT INTO trabalho.usuario_esta_inscrito_no_podcast VALUES (5, 'bc8dac25-793c-4a96-aafc-4ea7020f4f60', 'usr_521');
INSERT INTO trabalho.comentarios_podcast_usuario VALUES ('comment_521_1', 'Animi cumque reprehenderit.', 'bc8dac25-793c-4a96-aafc-4ea7020f4f60', 'usr_521');
INSERT INTO trabalho.log_acesso VALUES ('log_521_1', 'bc8dac25-793c-4a96-aafc-4ea7020f4f60', 'usr_521');
INSERT INTO trabalho.usuario_esta_inscrito_no_podcast VALUES (1, '168c1536-4c42-4b8f-8c77-f06affefec6a', 'usr_521');
INSERT INTO trabalho.comentarios_podcast_usuario VALUES ('comment_521_2', 'Sint eos beatae et voluptas libero et itaque ut hic.', '168c1536-4c42-4b8f-8c77-f06affefec6a', 'usr_521');
INSERT INTO trabalho.log_acesso VALUES ('log_521_2', '168c1536-4c42-4b8f-8c77-f06affefec6a', 'usr_521');
INSERT INTO trabalho.usuario VALUES ('usr_522', '522_Clia.Saraiva@yahoo.com', 'Célia Saraiva', 'female', 37, 'password', 'Fiji');
INSERT INTO trabalho.usuario_esta_inscrito_no_podcast VALUES (2, '219328a1-cec6-4e8c-b003-52a3ec9766bb', 'usr_522');
INSERT INTO trabalho.comentarios_podcast_usuario VALUES ('comment_522_0', 'Odit debitis magnam est cum dolores nam veniam reprehenderit hic.', '219328a1-cec6-4e8c-b003-52a3ec9766bb', 'usr_522');
INSERT INTO trabalho.log_acesso VALUES ('log_522_0', '219328a1-cec6-4e8c-b003-52a3ec9766bb', 'usr_522');
INSERT INTO trabalho.usuario_esta_inscrito_no_podcast VALUES (3, 'f1b92ce7-47a7-43cd-8586-4a09185cdd05', 'usr_522');
INSERT INTO trabalho.comentarios_podcast_usuario VALUES ('comment_522_1', 'Itaque maxime natus provident libero nihil doloremque est.', 'f1b92ce7-47a7-43cd-8586-4a09185cdd05', 'usr_522');
INSERT INTO trabalho.log_acesso VALUES ('log_522_1', 'f1b92ce7-47a7-43cd-8586-4a09185cdd05', 'usr_522');
INSERT INTO trabalho.usuario_esta_inscrito_no_podcast VALUES (2, 'f8e13774-d631-4f34-93f0-2f5d55590265', 'usr_522');
INSERT INTO trabalho.comentarios_podcast_usuario VALUES ('comment_522_2', 'Non consequatur sit cupiditate quia cumque quia illo molestiae.', 'f8e13774-d631-4f34-93f0-2f5d55590265', 'usr_522');
INSERT INTO trabalho.log_acesso VALUES ('log_522_2', 'f8e13774-d631-4f34-93f0-2f5d55590265', 'usr_522');
INSERT INTO trabalho.usuario VALUES ('usr_523', '523_Clia23@gmail.com', 'Célia Braga', 'female', 47, 'password', 'Porto Rico');
INSERT INTO trabalho.usuario_esta_inscrito_no_podcast VALUES (1, '168c1536-4c42-4b8f-8c77-f06affefec6a', 'usr_523');
INSERT INTO trabalho.comentarios_podcast_usuario VALUES ('comment_523_0', 'Natus sunt voluptatem vero et magnam rerum voluptatem quia et.', '168c1536-4c42-4b8f-8c77-f06affefec6a', 'usr_523');
INSERT INTO trabalho.log_acesso VALUES ('log_523_0', '168c1536-4c42-4b8f-8c77-f06affefec6a', 'usr_523');
INSERT INTO trabalho.usuario_esta_inscrito_no_podcast VALUES (3, 'f1b92ce7-47a7-43cd-8586-4a09185cdd05', 'usr_523');
INSERT INTO trabalho.comentarios_podcast_usuario VALUES ('comment_523_1', 'Pariatur labore et.', 'f1b92ce7-47a7-43cd-8586-4a09185cdd05', 'usr_523');
INSERT INTO trabalho.log_acesso VALUES ('log_523_1', 'f1b92ce7-47a7-43cd-8586-4a09185cdd05', 'usr_523');
INSERT INTO trabalho.usuario_esta_inscrito_no_podcast VALUES (3, '7e429e8e-7669-403d-bb78-3cd7f9f75afd', 'usr_523');
INSERT INTO trabalho.comentarios_podcast_usuario VALUES ('comment_523_2', 'Dolore voluptas aut modi cum expedita.', '7e429e8e-7669-403d-bb78-3cd7f9f75afd', 'usr_523');
INSERT INTO trabalho.log_acesso VALUES ('log_523_2', '7e429e8e-7669-403d-bb78-3cd7f9f75afd', 'usr_523');
INSERT INTO trabalho.usuario VALUES ('usr_524', '524_Helosa_Costa10@yahoo.com', 'Heloísa Costa', 'female', 45, 'password', 'Arquipélago de Chagos');
INSERT INTO trabalho.usuario_esta_inscrito_no_podcast VALUES (2, 'bc8dac25-793c-4a96-aafc-4ea7020f4f60', 'usr_524');
INSERT INTO trabalho.comentarios_podcast_usuario VALUES ('comment_524_0', 'Quia deleniti soluta modi aliquid non.', 'bc8dac25-793c-4a96-aafc-4ea7020f4f60', 'usr_524');
INSERT INTO trabalho.log_acesso VALUES ('log_524_0', 'bc8dac25-793c-4a96-aafc-4ea7020f4f60', 'usr_524');
INSERT INTO trabalho.usuario_esta_inscrito_no_podcast VALUES (5, '5bdf7377-8330-4f9f-8efd-e95301c122ce', 'usr_524');
INSERT INTO trabalho.comentarios_podcast_usuario VALUES ('comment_524_1', 'Dolorum odio temporibus sint eos quia quidem.', '5bdf7377-8330-4f9f-8efd-e95301c122ce', 'usr_524');
INSERT INTO trabalho.log_acesso VALUES ('log_524_1', '5bdf7377-8330-4f9f-8efd-e95301c122ce', 'usr_524');
INSERT INTO trabalho.usuario_esta_inscrito_no_podcast VALUES (1, 'de2f0ddb-9903-436a-a5e2-54224254c818', 'usr_524');
INSERT INTO trabalho.comentarios_podcast_usuario VALUES ('comment_524_2', 'Ut enim libero recusandae quia officia aut.', 'de2f0ddb-9903-436a-a5e2-54224254c818', 'usr_524');
INSERT INTO trabalho.log_acesso VALUES ('log_524_2', 'de2f0ddb-9903-436a-a5e2-54224254c818', 'usr_524');
INSERT INTO trabalho.usuario VALUES ('usr_525', '525_Ladislau.Pereira39@live.com', 'Ladislau Pereira', 'male', 10, 'password', 'Ilhas Heard e McDonald');
INSERT INTO trabalho.usuario_esta_inscrito_no_podcast VALUES (1, 'af46a958-b921-47b6-9f87-5c4fdc68ea79', 'usr_525');
INSERT INTO trabalho.comentarios_podcast_usuario VALUES ('comment_525_0', 'Eos tempora aut.', 'af46a958-b921-47b6-9f87-5c4fdc68ea79', 'usr_525');
INSERT INTO trabalho.log_acesso VALUES ('log_525_0', 'af46a958-b921-47b6-9f87-5c4fdc68ea79', 'usr_525');
INSERT INTO trabalho.usuario_esta_inscrito_no_podcast VALUES (1, 'f0166bd2-8e4d-4308-b5d7-0b3d627c5dc5', 'usr_525');
INSERT INTO trabalho.comentarios_podcast_usuario VALUES ('comment_525_1', 'Aut vitae odio dicta fuga.', 'f0166bd2-8e4d-4308-b5d7-0b3d627c5dc5', 'usr_525');
INSERT INTO trabalho.log_acesso VALUES ('log_525_1', 'f0166bd2-8e4d-4308-b5d7-0b3d627c5dc5', 'usr_525');
INSERT INTO trabalho.usuario_esta_inscrito_no_podcast VALUES (3, '5bdf7377-8330-4f9f-8efd-e95301c122ce', 'usr_525');
INSERT INTO trabalho.comentarios_podcast_usuario VALUES ('comment_525_2', 'At odio enim libero mollitia accusamus occaecati.', '5bdf7377-8330-4f9f-8efd-e95301c122ce', 'usr_525');
INSERT INTO trabalho.log_acesso VALUES ('log_525_2', '5bdf7377-8330-4f9f-8efd-e95301c122ce', 'usr_525');
INSERT INTO trabalho.usuario VALUES ('usr_526', '526_MariaLuiza.Santos54@hotmail.com', 'Maria Luiza Santos', 'female', 9, 'password', 'Senegal');
INSERT INTO trabalho.usuario_esta_inscrito_no_podcast VALUES (4, 'fa3abe16-3645-4d22-a01d-893e6f20c408', 'usr_526');
INSERT INTO trabalho.comentarios_podcast_usuario VALUES ('comment_526_0', 'Assumenda a maxime non omnis aut dicta et sed vel.', 'fa3abe16-3645-4d22-a01d-893e6f20c408', 'usr_526');
INSERT INTO trabalho.log_acesso VALUES ('log_526_0', 'fa3abe16-3645-4d22-a01d-893e6f20c408', 'usr_526');
INSERT INTO trabalho.usuario_esta_inscrito_no_podcast VALUES (4, 'f1b92ce7-47a7-43cd-8586-4a09185cdd05', 'usr_526');
INSERT INTO trabalho.comentarios_podcast_usuario VALUES ('comment_526_1', 'Quos velit dignissimos id qui ex velit cumque quos.', 'f1b92ce7-47a7-43cd-8586-4a09185cdd05', 'usr_526');
INSERT INTO trabalho.log_acesso VALUES ('log_526_1', 'f1b92ce7-47a7-43cd-8586-4a09185cdd05', 'usr_526');
INSERT INTO trabalho.usuario_esta_inscrito_no_podcast VALUES (2, 'bc8dac25-793c-4a96-aafc-4ea7020f4f60', 'usr_526');
INSERT INTO trabalho.comentarios_podcast_usuario VALUES ('comment_526_2', 'A provident amet consequatur.', 'bc8dac25-793c-4a96-aafc-4ea7020f4f60', 'usr_526');
INSERT INTO trabalho.log_acesso VALUES ('log_526_2', 'bc8dac25-793c-4a96-aafc-4ea7020f4f60', 'usr_526');
INSERT INTO trabalho.usuario VALUES ('usr_527', '527_Nicolas2@live.com', 'Nicolas Albuquerque', 'male', 55, 'password', 'Ucrânia');
INSERT INTO trabalho.usuario_esta_inscrito_no_podcast VALUES (5, '67074e68-bc2f-442b-8af2-7d328b6af6eb', 'usr_527');
INSERT INTO trabalho.comentarios_podcast_usuario VALUES ('comment_527_0', 'Minus nemo at voluptatem.', '67074e68-bc2f-442b-8af2-7d328b6af6eb', 'usr_527');
INSERT INTO trabalho.log_acesso VALUES ('log_527_0', '67074e68-bc2f-442b-8af2-7d328b6af6eb', 'usr_527');
INSERT INTO trabalho.usuario_esta_inscrito_no_podcast VALUES (4, 'fa3abe16-3645-4d22-a01d-893e6f20c408', 'usr_527');
INSERT INTO trabalho.comentarios_podcast_usuario VALUES ('comment_527_1', 'Ipsum sit quia magnam.', 'fa3abe16-3645-4d22-a01d-893e6f20c408', 'usr_527');
INSERT INTO trabalho.log_acesso VALUES ('log_527_1', 'fa3abe16-3645-4d22-a01d-893e6f20c408', 'usr_527');
INSERT INTO trabalho.usuario_esta_inscrito_no_podcast VALUES (4, 'bc8dac25-793c-4a96-aafc-4ea7020f4f60', 'usr_527');
INSERT INTO trabalho.comentarios_podcast_usuario VALUES ('comment_527_2', 'Magni et unde qui dignissimos et.', 'bc8dac25-793c-4a96-aafc-4ea7020f4f60', 'usr_527');
INSERT INTO trabalho.log_acesso VALUES ('log_527_2', 'bc8dac25-793c-4a96-aafc-4ea7020f4f60', 'usr_527');
INSERT INTO trabalho.usuario VALUES ('usr_528', '528_Sulen_Pereira@yahoo.com', 'Suélen Pereira', 'female', 24, 'password', 'República da África Central');
INSERT INTO trabalho.usuario_esta_inscrito_no_podcast VALUES (2, 'c58b280a-56d4-4ad8-8c85-730e4ea86361', 'usr_528');
INSERT INTO trabalho.comentarios_podcast_usuario VALUES ('comment_528_0', 'Quis omnis est esse omnis ut sint in quo.', 'c58b280a-56d4-4ad8-8c85-730e4ea86361', 'usr_528');
INSERT INTO trabalho.log_acesso VALUES ('log_528_0', 'c58b280a-56d4-4ad8-8c85-730e4ea86361', 'usr_528');
INSERT INTO trabalho.usuario_esta_inscrito_no_podcast VALUES (5, '219328a1-cec6-4e8c-b003-52a3ec9766bb', 'usr_528');
INSERT INTO trabalho.comentarios_podcast_usuario VALUES ('comment_528_1', 'Voluptas consequatur ea aliquam quam voluptatem possimus rerum.', '219328a1-cec6-4e8c-b003-52a3ec9766bb', 'usr_528');
INSERT INTO trabalho.log_acesso VALUES ('log_528_1', '219328a1-cec6-4e8c-b003-52a3ec9766bb', 'usr_528');
INSERT INTO trabalho.usuario_esta_inscrito_no_podcast VALUES (2, 'de2f0ddb-9903-436a-a5e2-54224254c818', 'usr_528');
INSERT INTO trabalho.comentarios_podcast_usuario VALUES ('comment_528_2', 'Sapiente repudiandae possimus autem eveniet inventore rerum voluptatibus accusantium impedit.', 'de2f0ddb-9903-436a-a5e2-54224254c818', 'usr_528');
INSERT INTO trabalho.log_acesso VALUES ('log_528_2', 'de2f0ddb-9903-436a-a5e2-54224254c818', 'usr_528');
INSERT INTO trabalho.usuario VALUES ('usr_529', '529_Isaac_Reis23@hotmail.com', 'Isaac Reis', 'male', 3, 'password', 'São Martinho');
INSERT INTO trabalho.usuario_esta_inscrito_no_podcast VALUES (2, 'b553d865-8fe2-47de-9a30-10e1dea3bd1d', 'usr_529');
INSERT INTO trabalho.comentarios_podcast_usuario VALUES ('comment_529_0', 'Explicabo beatae fugit nemo.', 'b553d865-8fe2-47de-9a30-10e1dea3bd1d', 'usr_529');
INSERT INTO trabalho.log_acesso VALUES ('log_529_0', 'b553d865-8fe2-47de-9a30-10e1dea3bd1d', 'usr_529');
INSERT INTO trabalho.usuario_esta_inscrito_no_podcast VALUES (0, 'f0166bd2-8e4d-4308-b5d7-0b3d627c5dc5', 'usr_529');
INSERT INTO trabalho.comentarios_podcast_usuario VALUES ('comment_529_1', 'Aut et deleniti.', 'f0166bd2-8e4d-4308-b5d7-0b3d627c5dc5', 'usr_529');
INSERT INTO trabalho.log_acesso VALUES ('log_529_1', 'f0166bd2-8e4d-4308-b5d7-0b3d627c5dc5', 'usr_529');
INSERT INTO trabalho.usuario_esta_inscrito_no_podcast VALUES (0, 'af46a958-b921-47b6-9f87-5c4fdc68ea79', 'usr_529');
INSERT INTO trabalho.comentarios_podcast_usuario VALUES ('comment_529_2', 'Omnis ex praesentium odio deserunt aliquam eveniet quia.', 'af46a958-b921-47b6-9f87-5c4fdc68ea79', 'usr_529');
INSERT INTO trabalho.log_acesso VALUES ('log_529_2', 'af46a958-b921-47b6-9f87-5c4fdc68ea79', 'usr_529');
INSERT INTO trabalho.usuario VALUES ('usr_530', '530_Arthur.Silva@yahoo.com', 'Arthur Silva', 'male', 59, 'password', 'Burundi');
INSERT INTO trabalho.usuario_esta_inscrito_no_podcast VALUES (0, '67074e68-bc2f-442b-8af2-7d328b6af6eb', 'usr_530');
INSERT INTO trabalho.comentarios_podcast_usuario VALUES ('comment_530_0', 'Incidunt labore aliquam occaecati sint earum exercitationem nam sit repellat.', '67074e68-bc2f-442b-8af2-7d328b6af6eb', 'usr_530');
INSERT INTO trabalho.log_acesso VALUES ('log_530_0', '67074e68-bc2f-442b-8af2-7d328b6af6eb', 'usr_530');
INSERT INTO trabalho.usuario_esta_inscrito_no_podcast VALUES (4, 'f8e13774-d631-4f34-93f0-2f5d55590265', 'usr_530');
INSERT INTO trabalho.comentarios_podcast_usuario VALUES ('comment_530_1', 'Ut rerum hic.', 'f8e13774-d631-4f34-93f0-2f5d55590265', 'usr_530');
INSERT INTO trabalho.log_acesso VALUES ('log_530_1', 'f8e13774-d631-4f34-93f0-2f5d55590265', 'usr_530');
INSERT INTO trabalho.usuario_esta_inscrito_no_podcast VALUES (5, 'c58b280a-56d4-4ad8-8c85-730e4ea86361', 'usr_530');
INSERT INTO trabalho.comentarios_podcast_usuario VALUES ('comment_530_2', 'Id quasi eos sit facere quas aspernatur.', 'c58b280a-56d4-4ad8-8c85-730e4ea86361', 'usr_530');
INSERT INTO trabalho.log_acesso VALUES ('log_530_2', 'c58b280a-56d4-4ad8-8c85-730e4ea86361', 'usr_530');
INSERT INTO trabalho.usuario VALUES ('usr_531', '531_Anthony64@bol.com.br', 'Anthony Braga', 'male', 44, 'password', 'Liechtenstein');
INSERT INTO trabalho.usuario_esta_inscrito_no_podcast VALUES (4, 'f8e13774-d631-4f34-93f0-2f5d55590265', 'usr_531');
INSERT INTO trabalho.comentarios_podcast_usuario VALUES ('comment_531_0', 'Consectetur itaque quia minus molestiae placeat sed.', 'f8e13774-d631-4f34-93f0-2f5d55590265', 'usr_531');
INSERT INTO trabalho.log_acesso VALUES ('log_531_0', 'f8e13774-d631-4f34-93f0-2f5d55590265', 'usr_531');
INSERT INTO trabalho.usuario_esta_inscrito_no_podcast VALUES (2, 'b553d865-8fe2-47de-9a30-10e1dea3bd1d', 'usr_531');
INSERT INTO trabalho.comentarios_podcast_usuario VALUES ('comment_531_1', 'Id quia officiis possimus maiores.', 'b553d865-8fe2-47de-9a30-10e1dea3bd1d', 'usr_531');
INSERT INTO trabalho.log_acesso VALUES ('log_531_1', 'b553d865-8fe2-47de-9a30-10e1dea3bd1d', 'usr_531');
INSERT INTO trabalho.usuario_esta_inscrito_no_podcast VALUES (2, 'fa3abe16-3645-4d22-a01d-893e6f20c408', 'usr_531');
INSERT INTO trabalho.comentarios_podcast_usuario VALUES ('comment_531_2', 'Cupiditate dolore qui omnis doloribus itaque.', 'fa3abe16-3645-4d22-a01d-893e6f20c408', 'usr_531');
INSERT INTO trabalho.log_acesso VALUES ('log_531_2', 'fa3abe16-3645-4d22-a01d-893e6f20c408', 'usr_531');
INSERT INTO trabalho.usuario VALUES ('usr_532', '532_Maria_Martins71@gmail.com', 'Maria Martins', 'female', 48, 'password', 'Santa Helena');
INSERT INTO trabalho.usuario_esta_inscrito_no_podcast VALUES (4, '7e429e8e-7669-403d-bb78-3cd7f9f75afd', 'usr_532');
INSERT INTO trabalho.comentarios_podcast_usuario VALUES ('comment_532_0', 'Neque minima qui ut est ut incidunt velit perferendis suscipit.', '7e429e8e-7669-403d-bb78-3cd7f9f75afd', 'usr_532');
INSERT INTO trabalho.log_acesso VALUES ('log_532_0', '7e429e8e-7669-403d-bb78-3cd7f9f75afd', 'usr_532');
INSERT INTO trabalho.usuario_esta_inscrito_no_podcast VALUES (3, '5bdf7377-8330-4f9f-8efd-e95301c122ce', 'usr_532');
INSERT INTO trabalho.comentarios_podcast_usuario VALUES ('comment_532_1', 'Corrupti saepe odit nulla culpa dolorem.', '5bdf7377-8330-4f9f-8efd-e95301c122ce', 'usr_532');
INSERT INTO trabalho.log_acesso VALUES ('log_532_1', '5bdf7377-8330-4f9f-8efd-e95301c122ce', 'usr_532');
INSERT INTO trabalho.usuario_esta_inscrito_no_podcast VALUES (4, 'f0166bd2-8e4d-4308-b5d7-0b3d627c5dc5', 'usr_532');
INSERT INTO trabalho.comentarios_podcast_usuario VALUES ('comment_532_2', 'Voluptates in magni libero.', 'f0166bd2-8e4d-4308-b5d7-0b3d627c5dc5', 'usr_532');
INSERT INTO trabalho.log_acesso VALUES ('log_532_2', 'f0166bd2-8e4d-4308-b5d7-0b3d627c5dc5', 'usr_532');
INSERT INTO trabalho.usuario VALUES ('usr_533', '533_Danilo.Reis51@bol.com.br', 'Danilo Reis', 'male', 2, 'password', 'Sri Lanka');
INSERT INTO trabalho.usuario_esta_inscrito_no_podcast VALUES (2, 'b553d865-8fe2-47de-9a30-10e1dea3bd1d', 'usr_533');
INSERT INTO trabalho.comentarios_podcast_usuario VALUES ('comment_533_0', 'Accusantium quod non numquam placeat.', 'b553d865-8fe2-47de-9a30-10e1dea3bd1d', 'usr_533');
INSERT INTO trabalho.log_acesso VALUES ('log_533_0', 'b553d865-8fe2-47de-9a30-10e1dea3bd1d', 'usr_533');
INSERT INTO trabalho.usuario_esta_inscrito_no_podcast VALUES (3, '5bdf7377-8330-4f9f-8efd-e95301c122ce', 'usr_533');
INSERT INTO trabalho.comentarios_podcast_usuario VALUES ('comment_533_1', 'Illo explicabo ut repellendus aut aut officia.', '5bdf7377-8330-4f9f-8efd-e95301c122ce', 'usr_533');
INSERT INTO trabalho.log_acesso VALUES ('log_533_1', '5bdf7377-8330-4f9f-8efd-e95301c122ce', 'usr_533');
INSERT INTO trabalho.usuario_esta_inscrito_no_podcast VALUES (2, '7e429e8e-7669-403d-bb78-3cd7f9f75afd', 'usr_533');
INSERT INTO trabalho.comentarios_podcast_usuario VALUES ('comment_533_2', 'Impedit hic dolores officiis impedit quidem cupiditate illum sed.', '7e429e8e-7669-403d-bb78-3cd7f9f75afd', 'usr_533');
INSERT INTO trabalho.log_acesso VALUES ('log_533_2', '7e429e8e-7669-403d-bb78-3cd7f9f75afd', 'usr_533');
INSERT INTO trabalho.usuario VALUES ('usr_534', '534_AnaLuiza_Franco@yahoo.com', 'Ana Luiza Franco', 'female', 19, 'password', 'Liechtenstein');
INSERT INTO trabalho.usuario_esta_inscrito_no_podcast VALUES (5, 'b553d865-8fe2-47de-9a30-10e1dea3bd1d', 'usr_534');
INSERT INTO trabalho.comentarios_podcast_usuario VALUES ('comment_534_0', 'Illo vel ut.', 'b553d865-8fe2-47de-9a30-10e1dea3bd1d', 'usr_534');
INSERT INTO trabalho.log_acesso VALUES ('log_534_0', 'b553d865-8fe2-47de-9a30-10e1dea3bd1d', 'usr_534');
INSERT INTO trabalho.usuario_esta_inscrito_no_podcast VALUES (5, 'c58b280a-56d4-4ad8-8c85-730e4ea86361', 'usr_534');
INSERT INTO trabalho.comentarios_podcast_usuario VALUES ('comment_534_1', 'Eum ut eum deleniti distinctio omnis voluptas.', 'c58b280a-56d4-4ad8-8c85-730e4ea86361', 'usr_534');
INSERT INTO trabalho.log_acesso VALUES ('log_534_1', 'c58b280a-56d4-4ad8-8c85-730e4ea86361', 'usr_534');
INSERT INTO trabalho.usuario_esta_inscrito_no_podcast VALUES (2, '7e429e8e-7669-403d-bb78-3cd7f9f75afd', 'usr_534');
INSERT INTO trabalho.comentarios_podcast_usuario VALUES ('comment_534_2', 'Accusamus voluptas corrupti eius.', '7e429e8e-7669-403d-bb78-3cd7f9f75afd', 'usr_534');
INSERT INTO trabalho.log_acesso VALUES ('log_534_2', '7e429e8e-7669-403d-bb78-3cd7f9f75afd', 'usr_534');
INSERT INTO trabalho.usuario VALUES ('usr_535', '535_Elisa.Albuquerque61@hotmail.com', 'Elisa Albuquerque', 'female', 56, 'password', 'Moldávia');
INSERT INTO trabalho.usuario_esta_inscrito_no_podcast VALUES (2, 'fa3abe16-3645-4d22-a01d-893e6f20c408', 'usr_535');
INSERT INTO trabalho.comentarios_podcast_usuario VALUES ('comment_535_0', 'Sequi reiciendis id enim aut veniam.', 'fa3abe16-3645-4d22-a01d-893e6f20c408', 'usr_535');
INSERT INTO trabalho.log_acesso VALUES ('log_535_0', 'fa3abe16-3645-4d22-a01d-893e6f20c408', 'usr_535');
INSERT INTO trabalho.usuario_esta_inscrito_no_podcast VALUES (4, 'f1b92ce7-47a7-43cd-8586-4a09185cdd05', 'usr_535');
INSERT INTO trabalho.comentarios_podcast_usuario VALUES ('comment_535_1', 'Voluptatem quod quibusdam quo et nobis necessitatibus.', 'f1b92ce7-47a7-43cd-8586-4a09185cdd05', 'usr_535');
INSERT INTO trabalho.log_acesso VALUES ('log_535_1', 'f1b92ce7-47a7-43cd-8586-4a09185cdd05', 'usr_535');
INSERT INTO trabalho.usuario_esta_inscrito_no_podcast VALUES (4, '5bdf7377-8330-4f9f-8efd-e95301c122ce', 'usr_535');
INSERT INTO trabalho.comentarios_podcast_usuario VALUES ('comment_535_2', 'Quisquam in est.', '5bdf7377-8330-4f9f-8efd-e95301c122ce', 'usr_535');
INSERT INTO trabalho.log_acesso VALUES ('log_535_2', '5bdf7377-8330-4f9f-8efd-e95301c122ce', 'usr_535');
INSERT INTO trabalho.usuario VALUES ('usr_536', '536_gor_Silva6@live.com', 'Ígor Silva', 'male', 55, 'password', 'Angola');
INSERT INTO trabalho.usuario_esta_inscrito_no_podcast VALUES (1, 'f8e13774-d631-4f34-93f0-2f5d55590265', 'usr_536');
INSERT INTO trabalho.comentarios_podcast_usuario VALUES ('comment_536_0', 'Eius reiciendis neque dignissimos tempore et sapiente.', 'f8e13774-d631-4f34-93f0-2f5d55590265', 'usr_536');
INSERT INTO trabalho.log_acesso VALUES ('log_536_0', 'f8e13774-d631-4f34-93f0-2f5d55590265', 'usr_536');
INSERT INTO trabalho.usuario_esta_inscrito_no_podcast VALUES (1, 'c58b280a-56d4-4ad8-8c85-730e4ea86361', 'usr_536');
INSERT INTO trabalho.comentarios_podcast_usuario VALUES ('comment_536_1', 'Placeat maiores fugit ad incidunt corrupti pariatur alias.', 'c58b280a-56d4-4ad8-8c85-730e4ea86361', 'usr_536');
INSERT INTO trabalho.log_acesso VALUES ('log_536_1', 'c58b280a-56d4-4ad8-8c85-730e4ea86361', 'usr_536');
INSERT INTO trabalho.usuario_esta_inscrito_no_podcast VALUES (0, '219328a1-cec6-4e8c-b003-52a3ec9766bb', 'usr_536');
INSERT INTO trabalho.comentarios_podcast_usuario VALUES ('comment_536_2', 'Neque esse necessitatibus sapiente cum dolores debitis occaecati.', '219328a1-cec6-4e8c-b003-52a3ec9766bb', 'usr_536');
INSERT INTO trabalho.log_acesso VALUES ('log_536_2', '219328a1-cec6-4e8c-b003-52a3ec9766bb', 'usr_536');
INSERT INTO trabalho.usuario VALUES ('usr_537', '537_Natlia.Silva20@yahoo.com', 'Natália Silva', 'female', 47, 'password', 'Camboja');
INSERT INTO trabalho.usuario_esta_inscrito_no_podcast VALUES (5, '67074e68-bc2f-442b-8af2-7d328b6af6eb', 'usr_537');
INSERT INTO trabalho.comentarios_podcast_usuario VALUES ('comment_537_0', 'Fugiat magni enim aliquid enim non odio quasi dolores.', '67074e68-bc2f-442b-8af2-7d328b6af6eb', 'usr_537');
INSERT INTO trabalho.log_acesso VALUES ('log_537_0', '67074e68-bc2f-442b-8af2-7d328b6af6eb', 'usr_537');
INSERT INTO trabalho.usuario_esta_inscrito_no_podcast VALUES (5, '168c1536-4c42-4b8f-8c77-f06affefec6a', 'usr_537');
INSERT INTO trabalho.comentarios_podcast_usuario VALUES ('comment_537_1', 'Atque officia accusantium voluptatibus debitis optio nostrum aperiam et laborum.', '168c1536-4c42-4b8f-8c77-f06affefec6a', 'usr_537');
INSERT INTO trabalho.log_acesso VALUES ('log_537_1', '168c1536-4c42-4b8f-8c77-f06affefec6a', 'usr_537');
INSERT INTO trabalho.usuario_esta_inscrito_no_podcast VALUES (5, '5bdf7377-8330-4f9f-8efd-e95301c122ce', 'usr_537');
INSERT INTO trabalho.comentarios_podcast_usuario VALUES ('comment_537_2', 'Reprehenderit debitis quas facere dolorum accusamus nihil facilis est quia.', '5bdf7377-8330-4f9f-8efd-e95301c122ce', 'usr_537');
INSERT INTO trabalho.log_acesso VALUES ('log_537_2', '5bdf7377-8330-4f9f-8efd-e95301c122ce', 'usr_537');
INSERT INTO trabalho.usuario VALUES ('usr_538', '538_Beatriz.Franco88@yahoo.com', 'Beatriz Franco', 'female', 35, 'password', 'Uruguai');
INSERT INTO trabalho.usuario_esta_inscrito_no_podcast VALUES (3, 'af46a958-b921-47b6-9f87-5c4fdc68ea79', 'usr_538');
INSERT INTO trabalho.comentarios_podcast_usuario VALUES ('comment_538_0', 'Placeat incidunt ut impedit non numquam.', 'af46a958-b921-47b6-9f87-5c4fdc68ea79', 'usr_538');
INSERT INTO trabalho.log_acesso VALUES ('log_538_0', 'af46a958-b921-47b6-9f87-5c4fdc68ea79', 'usr_538');
INSERT INTO trabalho.usuario_esta_inscrito_no_podcast VALUES (4, '219328a1-cec6-4e8c-b003-52a3ec9766bb', 'usr_538');
INSERT INTO trabalho.comentarios_podcast_usuario VALUES ('comment_538_1', 'Eos distinctio qui cum et.', '219328a1-cec6-4e8c-b003-52a3ec9766bb', 'usr_538');
INSERT INTO trabalho.log_acesso VALUES ('log_538_1', '219328a1-cec6-4e8c-b003-52a3ec9766bb', 'usr_538');
INSERT INTO trabalho.usuario_esta_inscrito_no_podcast VALUES (3, 'f0166bd2-8e4d-4308-b5d7-0b3d627c5dc5', 'usr_538');
INSERT INTO trabalho.comentarios_podcast_usuario VALUES ('comment_538_2', 'Nesciunt excepturi temporibus.', 'f0166bd2-8e4d-4308-b5d7-0b3d627c5dc5', 'usr_538');
INSERT INTO trabalho.log_acesso VALUES ('log_538_2', 'f0166bd2-8e4d-4308-b5d7-0b3d627c5dc5', 'usr_538');
INSERT INTO trabalho.usuario VALUES ('usr_539', '539_Marli_Pereira56@yahoo.com', 'Marli Pereira', 'female', 59, 'password', 'Bulgária');
INSERT INTO trabalho.usuario_esta_inscrito_no_podcast VALUES (5, 'de2f0ddb-9903-436a-a5e2-54224254c818', 'usr_539');
INSERT INTO trabalho.comentarios_podcast_usuario VALUES ('comment_539_0', 'Inventore neque sed maiores.', 'de2f0ddb-9903-436a-a5e2-54224254c818', 'usr_539');
INSERT INTO trabalho.log_acesso VALUES ('log_539_0', 'de2f0ddb-9903-436a-a5e2-54224254c818', 'usr_539');
INSERT INTO trabalho.usuario_esta_inscrito_no_podcast VALUES (1, 'f8e13774-d631-4f34-93f0-2f5d55590265', 'usr_539');
INSERT INTO trabalho.comentarios_podcast_usuario VALUES ('comment_539_1', 'Ut aut sit repellendus commodi exercitationem explicabo.', 'f8e13774-d631-4f34-93f0-2f5d55590265', 'usr_539');
INSERT INTO trabalho.log_acesso VALUES ('log_539_1', 'f8e13774-d631-4f34-93f0-2f5d55590265', 'usr_539');
INSERT INTO trabalho.usuario_esta_inscrito_no_podcast VALUES (5, 'c58b280a-56d4-4ad8-8c85-730e4ea86361', 'usr_539');
INSERT INTO trabalho.comentarios_podcast_usuario VALUES ('comment_539_2', 'Rerum ut et id nisi enim sit ducimus.', 'c58b280a-56d4-4ad8-8c85-730e4ea86361', 'usr_539');
INSERT INTO trabalho.log_acesso VALUES ('log_539_2', 'c58b280a-56d4-4ad8-8c85-730e4ea86361', 'usr_539');
INSERT INTO trabalho.usuario VALUES ('usr_540', '540_Paulo_Reis89@gmail.com', 'Paulo Reis', 'male', 32, 'password', 'República da África Central');
INSERT INTO trabalho.usuario_esta_inscrito_no_podcast VALUES (2, '67074e68-bc2f-442b-8af2-7d328b6af6eb', 'usr_540');
INSERT INTO trabalho.comentarios_podcast_usuario VALUES ('comment_540_0', 'Et corporis consequuntur dolores placeat quasi iusto.', '67074e68-bc2f-442b-8af2-7d328b6af6eb', 'usr_540');
INSERT INTO trabalho.log_acesso VALUES ('log_540_0', '67074e68-bc2f-442b-8af2-7d328b6af6eb', 'usr_540');
INSERT INTO trabalho.usuario_esta_inscrito_no_podcast VALUES (0, '7e429e8e-7669-403d-bb78-3cd7f9f75afd', 'usr_540');
INSERT INTO trabalho.comentarios_podcast_usuario VALUES ('comment_540_1', 'Sequi ullam officia nisi quae debitis commodi officia quae pariatur.', '7e429e8e-7669-403d-bb78-3cd7f9f75afd', 'usr_540');
INSERT INTO trabalho.log_acesso VALUES ('log_540_1', '7e429e8e-7669-403d-bb78-3cd7f9f75afd', 'usr_540');
INSERT INTO trabalho.usuario_esta_inscrito_no_podcast VALUES (1, 'af46a958-b921-47b6-9f87-5c4fdc68ea79', 'usr_540');
INSERT INTO trabalho.comentarios_podcast_usuario VALUES ('comment_540_2', 'Reiciendis nostrum itaque amet necessitatibus.', 'af46a958-b921-47b6-9f87-5c4fdc68ea79', 'usr_540');
INSERT INTO trabalho.log_acesso VALUES ('log_540_2', 'af46a958-b921-47b6-9f87-5c4fdc68ea79', 'usr_540');
INSERT INTO trabalho.usuario VALUES ('usr_541', '541_Fabrcia24@yahoo.com', 'Fabrícia Carvalho', 'female', 54, 'password', 'Ilhas Faroe');
INSERT INTO trabalho.usuario_esta_inscrito_no_podcast VALUES (3, 'f0166bd2-8e4d-4308-b5d7-0b3d627c5dc5', 'usr_541');
INSERT INTO trabalho.comentarios_podcast_usuario VALUES ('comment_541_0', 'Itaque eius consequatur odit occaecati sint ut et enim officia.', 'f0166bd2-8e4d-4308-b5d7-0b3d627c5dc5', 'usr_541');
INSERT INTO trabalho.log_acesso VALUES ('log_541_0', 'f0166bd2-8e4d-4308-b5d7-0b3d627c5dc5', 'usr_541');
INSERT INTO trabalho.usuario_esta_inscrito_no_podcast VALUES (4, '168c1536-4c42-4b8f-8c77-f06affefec6a', 'usr_541');
INSERT INTO trabalho.comentarios_podcast_usuario VALUES ('comment_541_1', 'Corrupti qui similique non eos omnis cumque aut cum aut.', '168c1536-4c42-4b8f-8c77-f06affefec6a', 'usr_541');
INSERT INTO trabalho.log_acesso VALUES ('log_541_1', '168c1536-4c42-4b8f-8c77-f06affefec6a', 'usr_541');
INSERT INTO trabalho.usuario_esta_inscrito_no_podcast VALUES (0, 'fa3abe16-3645-4d22-a01d-893e6f20c408', 'usr_541');
INSERT INTO trabalho.comentarios_podcast_usuario VALUES ('comment_541_2', 'Fuga veniam eligendi vel impedit doloremque aperiam.', 'fa3abe16-3645-4d22-a01d-893e6f20c408', 'usr_541');
INSERT INTO trabalho.log_acesso VALUES ('log_541_2', 'fa3abe16-3645-4d22-a01d-893e6f20c408', 'usr_541');
INSERT INTO trabalho.usuario VALUES ('usr_542', '542_MariaLuiza.Santos@yahoo.com', 'Maria Luiza Santos', 'female', 19, 'password', 'Estados Unidos das Ilhas Virgens');
INSERT INTO trabalho.usuario_esta_inscrito_no_podcast VALUES (2, 'b553d865-8fe2-47de-9a30-10e1dea3bd1d', 'usr_542');
INSERT INTO trabalho.comentarios_podcast_usuario VALUES ('comment_542_0', 'Eum enim perferendis voluptas eaque consequatur excepturi non ut.', 'b553d865-8fe2-47de-9a30-10e1dea3bd1d', 'usr_542');
INSERT INTO trabalho.log_acesso VALUES ('log_542_0', 'b553d865-8fe2-47de-9a30-10e1dea3bd1d', 'usr_542');
INSERT INTO trabalho.usuario_esta_inscrito_no_podcast VALUES (2, 'f8e13774-d631-4f34-93f0-2f5d55590265', 'usr_542');
INSERT INTO trabalho.comentarios_podcast_usuario VALUES ('comment_542_1', 'Aut consectetur enim quia quis sint nisi optio.', 'f8e13774-d631-4f34-93f0-2f5d55590265', 'usr_542');
INSERT INTO trabalho.log_acesso VALUES ('log_542_1', 'f8e13774-d631-4f34-93f0-2f5d55590265', 'usr_542');
INSERT INTO trabalho.usuario_esta_inscrito_no_podcast VALUES (4, 'fa3abe16-3645-4d22-a01d-893e6f20c408', 'usr_542');
INSERT INTO trabalho.comentarios_podcast_usuario VALUES ('comment_542_2', 'Et et maiores id nihil vel eligendi vel.', 'fa3abe16-3645-4d22-a01d-893e6f20c408', 'usr_542');
INSERT INTO trabalho.log_acesso VALUES ('log_542_2', 'fa3abe16-3645-4d22-a01d-893e6f20c408', 'usr_542');
INSERT INTO trabalho.usuario VALUES ('usr_543', '543_Bryan.Santos5@hotmail.com', 'Bryan Santos', 'male', 33, 'password', 'Japão');
INSERT INTO trabalho.usuario_esta_inscrito_no_podcast VALUES (1, '5bdf7377-8330-4f9f-8efd-e95301c122ce', 'usr_543');
INSERT INTO trabalho.comentarios_podcast_usuario VALUES ('comment_543_0', 'Sit nisi suscipit.', '5bdf7377-8330-4f9f-8efd-e95301c122ce', 'usr_543');
INSERT INTO trabalho.log_acesso VALUES ('log_543_0', '5bdf7377-8330-4f9f-8efd-e95301c122ce', 'usr_543');
INSERT INTO trabalho.usuario_esta_inscrito_no_podcast VALUES (5, 'de2f0ddb-9903-436a-a5e2-54224254c818', 'usr_543');
INSERT INTO trabalho.comentarios_podcast_usuario VALUES ('comment_543_1', 'A veniam sit necessitatibus est earum fugiat quis ipsam.', 'de2f0ddb-9903-436a-a5e2-54224254c818', 'usr_543');
INSERT INTO trabalho.log_acesso VALUES ('log_543_1', 'de2f0ddb-9903-436a-a5e2-54224254c818', 'usr_543');
INSERT INTO trabalho.usuario_esta_inscrito_no_podcast VALUES (2, '7e429e8e-7669-403d-bb78-3cd7f9f75afd', 'usr_543');
INSERT INTO trabalho.comentarios_podcast_usuario VALUES ('comment_543_2', 'Accusamus incidunt maiores ex repellat aut excepturi id rerum.', '7e429e8e-7669-403d-bb78-3cd7f9f75afd', 'usr_543');
INSERT INTO trabalho.log_acesso VALUES ('log_543_2', '7e429e8e-7669-403d-bb78-3cd7f9f75afd', 'usr_543');
INSERT INTO trabalho.usuario VALUES ('usr_544', '544_Lavnia_Melo@gmail.com', 'Lavínia Melo', 'female', 7, 'password', 'Suécia');
INSERT INTO trabalho.usuario_esta_inscrito_no_podcast VALUES (0, 'fa3abe16-3645-4d22-a01d-893e6f20c408', 'usr_544');
INSERT INTO trabalho.comentarios_podcast_usuario VALUES ('comment_544_0', 'Quia qui animi vel quia voluptatibus quia.', 'fa3abe16-3645-4d22-a01d-893e6f20c408', 'usr_544');
INSERT INTO trabalho.log_acesso VALUES ('log_544_0', 'fa3abe16-3645-4d22-a01d-893e6f20c408', 'usr_544');
INSERT INTO trabalho.usuario_esta_inscrito_no_podcast VALUES (1, '219328a1-cec6-4e8c-b003-52a3ec9766bb', 'usr_544');
INSERT INTO trabalho.comentarios_podcast_usuario VALUES ('comment_544_1', 'Saepe aspernatur aut cumque repellat eaque.', '219328a1-cec6-4e8c-b003-52a3ec9766bb', 'usr_544');
INSERT INTO trabalho.log_acesso VALUES ('log_544_1', '219328a1-cec6-4e8c-b003-52a3ec9766bb', 'usr_544');
INSERT INTO trabalho.usuario_esta_inscrito_no_podcast VALUES (1, '7e429e8e-7669-403d-bb78-3cd7f9f75afd', 'usr_544');
INSERT INTO trabalho.comentarios_podcast_usuario VALUES ('comment_544_2', 'Fugiat consequuntur molestiae doloremque consequatur ipsa mollitia minus.', '7e429e8e-7669-403d-bb78-3cd7f9f75afd', 'usr_544');
INSERT INTO trabalho.log_acesso VALUES ('log_544_2', '7e429e8e-7669-403d-bb78-3cd7f9f75afd', 'usr_544');
INSERT INTO trabalho.usuario VALUES ('usr_545', '545_Warley_Carvalho@gmail.com', 'Warley Carvalho', 'male', 55, 'password', 'Costa do Marfim');
INSERT INTO trabalho.usuario_esta_inscrito_no_podcast VALUES (1, '67074e68-bc2f-442b-8af2-7d328b6af6eb', 'usr_545');
INSERT INTO trabalho.comentarios_podcast_usuario VALUES ('comment_545_0', 'Ullam ipsam provident est.', '67074e68-bc2f-442b-8af2-7d328b6af6eb', 'usr_545');
INSERT INTO trabalho.log_acesso VALUES ('log_545_0', '67074e68-bc2f-442b-8af2-7d328b6af6eb', 'usr_545');
INSERT INTO trabalho.usuario_esta_inscrito_no_podcast VALUES (0, 'b553d865-8fe2-47de-9a30-10e1dea3bd1d', 'usr_545');
INSERT INTO trabalho.comentarios_podcast_usuario VALUES ('comment_545_1', 'Dolore neque ut blanditiis fugit.', 'b553d865-8fe2-47de-9a30-10e1dea3bd1d', 'usr_545');
INSERT INTO trabalho.log_acesso VALUES ('log_545_1', 'b553d865-8fe2-47de-9a30-10e1dea3bd1d', 'usr_545');
INSERT INTO trabalho.usuario_esta_inscrito_no_podcast VALUES (0, 'af46a958-b921-47b6-9f87-5c4fdc68ea79', 'usr_545');
INSERT INTO trabalho.comentarios_podcast_usuario VALUES ('comment_545_2', 'Inventore ratione dolorum atque pariatur qui quae quo dolor et.', 'af46a958-b921-47b6-9f87-5c4fdc68ea79', 'usr_545');
INSERT INTO trabalho.log_acesso VALUES ('log_545_2', 'af46a958-b921-47b6-9f87-5c4fdc68ea79', 'usr_545');
INSERT INTO trabalho.usuario VALUES ('usr_546', '546_Lvia_Albuquerque42@live.com', 'Lívia Albuquerque', 'female', 23, 'password', 'Montenegro');
INSERT INTO trabalho.usuario_esta_inscrito_no_podcast VALUES (3, '7e429e8e-7669-403d-bb78-3cd7f9f75afd', 'usr_546');
INSERT INTO trabalho.comentarios_podcast_usuario VALUES ('comment_546_0', 'Rerum et odit nihil perferendis nobis earum eaque non.', '7e429e8e-7669-403d-bb78-3cd7f9f75afd', 'usr_546');
INSERT INTO trabalho.log_acesso VALUES ('log_546_0', '7e429e8e-7669-403d-bb78-3cd7f9f75afd', 'usr_546');
INSERT INTO trabalho.usuario_esta_inscrito_no_podcast VALUES (3, 'c58b280a-56d4-4ad8-8c85-730e4ea86361', 'usr_546');
INSERT INTO trabalho.comentarios_podcast_usuario VALUES ('comment_546_1', 'Officiis aut excepturi voluptates qui laudantium totam saepe.', 'c58b280a-56d4-4ad8-8c85-730e4ea86361', 'usr_546');
INSERT INTO trabalho.log_acesso VALUES ('log_546_1', 'c58b280a-56d4-4ad8-8c85-730e4ea86361', 'usr_546');
INSERT INTO trabalho.usuario_esta_inscrito_no_podcast VALUES (4, '5bdf7377-8330-4f9f-8efd-e95301c122ce', 'usr_546');
INSERT INTO trabalho.comentarios_podcast_usuario VALUES ('comment_546_2', 'Et eum id neque voluptatibus aperiam ut unde ut.', '5bdf7377-8330-4f9f-8efd-e95301c122ce', 'usr_546');
INSERT INTO trabalho.log_acesso VALUES ('log_546_2', '5bdf7377-8330-4f9f-8efd-e95301c122ce', 'usr_546');
INSERT INTO trabalho.usuario VALUES ('usr_547', '547_Isaac88@gmail.com', 'Isaac Moraes', 'male', 22, 'password', 'El Salvador');
INSERT INTO trabalho.usuario_esta_inscrito_no_podcast VALUES (1, '7e429e8e-7669-403d-bb78-3cd7f9f75afd', 'usr_547');
INSERT INTO trabalho.comentarios_podcast_usuario VALUES ('comment_547_0', 'Et qui iure iusto dolores eveniet voluptates voluptatem esse.', '7e429e8e-7669-403d-bb78-3cd7f9f75afd', 'usr_547');
INSERT INTO trabalho.log_acesso VALUES ('log_547_0', '7e429e8e-7669-403d-bb78-3cd7f9f75afd', 'usr_547');
INSERT INTO trabalho.usuario_esta_inscrito_no_podcast VALUES (2, 'bc8dac25-793c-4a96-aafc-4ea7020f4f60', 'usr_547');
INSERT INTO trabalho.comentarios_podcast_usuario VALUES ('comment_547_1', 'Dignissimos quam soluta perspiciatis aut eum neque.', 'bc8dac25-793c-4a96-aafc-4ea7020f4f60', 'usr_547');
INSERT INTO trabalho.log_acesso VALUES ('log_547_1', 'bc8dac25-793c-4a96-aafc-4ea7020f4f60', 'usr_547');
INSERT INTO trabalho.usuario_esta_inscrito_no_podcast VALUES (0, 'f8e13774-d631-4f34-93f0-2f5d55590265', 'usr_547');
INSERT INTO trabalho.comentarios_podcast_usuario VALUES ('comment_547_2', 'Molestiae reiciendis quasi quasi est et.', 'f8e13774-d631-4f34-93f0-2f5d55590265', 'usr_547');
INSERT INTO trabalho.log_acesso VALUES ('log_547_2', 'f8e13774-d631-4f34-93f0-2f5d55590265', 'usr_547');
INSERT INTO trabalho.usuario VALUES ('usr_548', '548_DaviLucca_Batista@live.com', 'Davi Lucca Batista', 'male', 38, 'password', 'Cazaquistão');
INSERT INTO trabalho.usuario_esta_inscrito_no_podcast VALUES (1, '7e429e8e-7669-403d-bb78-3cd7f9f75afd', 'usr_548');
INSERT INTO trabalho.comentarios_podcast_usuario VALUES ('comment_548_0', 'Nostrum aut et enim beatae saepe et inventore necessitatibus qui.', '7e429e8e-7669-403d-bb78-3cd7f9f75afd', 'usr_548');
INSERT INTO trabalho.log_acesso VALUES ('log_548_0', '7e429e8e-7669-403d-bb78-3cd7f9f75afd', 'usr_548');
INSERT INTO trabalho.usuario_esta_inscrito_no_podcast VALUES (5, '5bdf7377-8330-4f9f-8efd-e95301c122ce', 'usr_548');
INSERT INTO trabalho.comentarios_podcast_usuario VALUES ('comment_548_1', 'Eum voluptatem debitis dicta neque explicabo et.', '5bdf7377-8330-4f9f-8efd-e95301c122ce', 'usr_548');
INSERT INTO trabalho.log_acesso VALUES ('log_548_1', '5bdf7377-8330-4f9f-8efd-e95301c122ce', 'usr_548');
INSERT INTO trabalho.usuario_esta_inscrito_no_podcast VALUES (4, 'fa3abe16-3645-4d22-a01d-893e6f20c408', 'usr_548');
INSERT INTO trabalho.comentarios_podcast_usuario VALUES ('comment_548_2', 'Sit officia repudiandae voluptas.', 'fa3abe16-3645-4d22-a01d-893e6f20c408', 'usr_548');
INSERT INTO trabalho.log_acesso VALUES ('log_548_2', 'fa3abe16-3645-4d22-a01d-893e6f20c408', 'usr_548');
INSERT INTO trabalho.usuario VALUES ('usr_549', '549_Csar_Carvalho32@hotmail.com', 'César Carvalho', 'male', 47, 'password', 'Eslováquia');
INSERT INTO trabalho.usuario_esta_inscrito_no_podcast VALUES (2, '7e429e8e-7669-403d-bb78-3cd7f9f75afd', 'usr_549');
INSERT INTO trabalho.comentarios_podcast_usuario VALUES ('comment_549_0', 'Minus tempora blanditiis unde velit.', '7e429e8e-7669-403d-bb78-3cd7f9f75afd', 'usr_549');
INSERT INTO trabalho.log_acesso VALUES ('log_549_0', '7e429e8e-7669-403d-bb78-3cd7f9f75afd', 'usr_549');
INSERT INTO trabalho.usuario_esta_inscrito_no_podcast VALUES (4, '5bdf7377-8330-4f9f-8efd-e95301c122ce', 'usr_549');
INSERT INTO trabalho.comentarios_podcast_usuario VALUES ('comment_549_1', 'Quis eum illum ut ex sed et laborum enim quis.', '5bdf7377-8330-4f9f-8efd-e95301c122ce', 'usr_549');
INSERT INTO trabalho.log_acesso VALUES ('log_549_1', '5bdf7377-8330-4f9f-8efd-e95301c122ce', 'usr_549');
INSERT INTO trabalho.usuario_esta_inscrito_no_podcast VALUES (3, 'c58b280a-56d4-4ad8-8c85-730e4ea86361', 'usr_549');
INSERT INTO trabalho.comentarios_podcast_usuario VALUES ('comment_549_2', 'Nihil est officiis laborum quisquam non impedit voluptatem.', 'c58b280a-56d4-4ad8-8c85-730e4ea86361', 'usr_549');
INSERT INTO trabalho.log_acesso VALUES ('log_549_2', 'c58b280a-56d4-4ad8-8c85-730e4ea86361', 'usr_549');
INSERT INTO trabalho.usuario VALUES ('usr_550', '550_Ladislau.Santos@gmail.com', 'Ladislau Santos', 'male', 48, 'password', 'República da África Central');
INSERT INTO trabalho.usuario_esta_inscrito_no_podcast VALUES (1, 'f0166bd2-8e4d-4308-b5d7-0b3d627c5dc5', 'usr_550');
INSERT INTO trabalho.comentarios_podcast_usuario VALUES ('comment_550_0', 'Quia vel culpa autem.', 'f0166bd2-8e4d-4308-b5d7-0b3d627c5dc5', 'usr_550');
INSERT INTO trabalho.log_acesso VALUES ('log_550_0', 'f0166bd2-8e4d-4308-b5d7-0b3d627c5dc5', 'usr_550');
INSERT INTO trabalho.usuario_esta_inscrito_no_podcast VALUES (5, 'f8e13774-d631-4f34-93f0-2f5d55590265', 'usr_550');
INSERT INTO trabalho.comentarios_podcast_usuario VALUES ('comment_550_1', 'Possimus ut labore repellat vitae eaque saepe veniam quia.', 'f8e13774-d631-4f34-93f0-2f5d55590265', 'usr_550');
INSERT INTO trabalho.log_acesso VALUES ('log_550_1', 'f8e13774-d631-4f34-93f0-2f5d55590265', 'usr_550');
INSERT INTO trabalho.usuario_esta_inscrito_no_podcast VALUES (2, 'c58b280a-56d4-4ad8-8c85-730e4ea86361', 'usr_550');
INSERT INTO trabalho.comentarios_podcast_usuario VALUES ('comment_550_2', 'Unde id quia possimus fugiat accusamus dolorem.', 'c58b280a-56d4-4ad8-8c85-730e4ea86361', 'usr_550');
INSERT INTO trabalho.log_acesso VALUES ('log_550_2', 'c58b280a-56d4-4ad8-8c85-730e4ea86361', 'usr_550');
INSERT INTO trabalho.usuario VALUES ('usr_551', '551_Sarah_Oliveira59@live.com', 'Sarah Oliveira', 'female', 26, 'password', 'Malta');
INSERT INTO trabalho.usuario_esta_inscrito_no_podcast VALUES (2, 'f1b92ce7-47a7-43cd-8586-4a09185cdd05', 'usr_551');
INSERT INTO trabalho.comentarios_podcast_usuario VALUES ('comment_551_0', 'Aliquid ipsam omnis sit illum sed adipisci dolore excepturi quia.', 'f1b92ce7-47a7-43cd-8586-4a09185cdd05', 'usr_551');
INSERT INTO trabalho.log_acesso VALUES ('log_551_0', 'f1b92ce7-47a7-43cd-8586-4a09185cdd05', 'usr_551');
INSERT INTO trabalho.usuario_esta_inscrito_no_podcast VALUES (1, '7e429e8e-7669-403d-bb78-3cd7f9f75afd', 'usr_551');
INSERT INTO trabalho.comentarios_podcast_usuario VALUES ('comment_551_1', 'Sit ut odio exercitationem.', '7e429e8e-7669-403d-bb78-3cd7f9f75afd', 'usr_551');
INSERT INTO trabalho.log_acesso VALUES ('log_551_1', '7e429e8e-7669-403d-bb78-3cd7f9f75afd', 'usr_551');
INSERT INTO trabalho.usuario_esta_inscrito_no_podcast VALUES (1, 'f0166bd2-8e4d-4308-b5d7-0b3d627c5dc5', 'usr_551');
INSERT INTO trabalho.comentarios_podcast_usuario VALUES ('comment_551_2', 'Occaecati dolorem qui ea.', 'f0166bd2-8e4d-4308-b5d7-0b3d627c5dc5', 'usr_551');
INSERT INTO trabalho.log_acesso VALUES ('log_551_2', 'f0166bd2-8e4d-4308-b5d7-0b3d627c5dc5', 'usr_551');
INSERT INTO trabalho.usuario VALUES ('usr_552', '552_Eduarda.Barros@gmail.com', 'Eduarda Barros', 'female', 60, 'password', 'Líbia');
INSERT INTO trabalho.usuario_esta_inscrito_no_podcast VALUES (3, 'f1b92ce7-47a7-43cd-8586-4a09185cdd05', 'usr_552');
INSERT INTO trabalho.comentarios_podcast_usuario VALUES ('comment_552_0', 'Accusantium quisquam est et et doloremque saepe earum.', 'f1b92ce7-47a7-43cd-8586-4a09185cdd05', 'usr_552');
INSERT INTO trabalho.log_acesso VALUES ('log_552_0', 'f1b92ce7-47a7-43cd-8586-4a09185cdd05', 'usr_552');
INSERT INTO trabalho.usuario_esta_inscrito_no_podcast VALUES (0, 'bc8dac25-793c-4a96-aafc-4ea7020f4f60', 'usr_552');
INSERT INTO trabalho.comentarios_podcast_usuario VALUES ('comment_552_1', 'Laboriosam inventore inventore cum expedita velit voluptatem et.', 'bc8dac25-793c-4a96-aafc-4ea7020f4f60', 'usr_552');
INSERT INTO trabalho.log_acesso VALUES ('log_552_1', 'bc8dac25-793c-4a96-aafc-4ea7020f4f60', 'usr_552');
INSERT INTO trabalho.usuario_esta_inscrito_no_podcast VALUES (2, '219328a1-cec6-4e8c-b003-52a3ec9766bb', 'usr_552');
INSERT INTO trabalho.comentarios_podcast_usuario VALUES ('comment_552_2', 'Nihil consequuntur officiis aut at aut ad omnis.', '219328a1-cec6-4e8c-b003-52a3ec9766bb', 'usr_552');
INSERT INTO trabalho.log_acesso VALUES ('log_552_2', '219328a1-cec6-4e8c-b003-52a3ec9766bb', 'usr_552');
INSERT INTO trabalho.usuario VALUES ('usr_553', '553_MariaLuiza37@hotmail.com', 'Maria Luiza Santos', 'female', 24, 'password', 'Barém');
INSERT INTO trabalho.usuario_esta_inscrito_no_podcast VALUES (0, 'bc8dac25-793c-4a96-aafc-4ea7020f4f60', 'usr_553');
INSERT INTO trabalho.comentarios_podcast_usuario VALUES ('comment_553_0', 'Consequatur dolorem non iusto exercitationem voluptate veniam veritatis qui.', 'bc8dac25-793c-4a96-aafc-4ea7020f4f60', 'usr_553');
INSERT INTO trabalho.log_acesso VALUES ('log_553_0', 'bc8dac25-793c-4a96-aafc-4ea7020f4f60', 'usr_553');
INSERT INTO trabalho.usuario_esta_inscrito_no_podcast VALUES (2, '67074e68-bc2f-442b-8af2-7d328b6af6eb', 'usr_553');
INSERT INTO trabalho.comentarios_podcast_usuario VALUES ('comment_553_1', 'Sequi eligendi non.', '67074e68-bc2f-442b-8af2-7d328b6af6eb', 'usr_553');
INSERT INTO trabalho.log_acesso VALUES ('log_553_1', '67074e68-bc2f-442b-8af2-7d328b6af6eb', 'usr_553');
INSERT INTO trabalho.usuario_esta_inscrito_no_podcast VALUES (1, 'fa3abe16-3645-4d22-a01d-893e6f20c408', 'usr_553');
INSERT INTO trabalho.comentarios_podcast_usuario VALUES ('comment_553_2', 'Harum qui officiis dolores et qui adipisci qui.', 'fa3abe16-3645-4d22-a01d-893e6f20c408', 'usr_553');
INSERT INTO trabalho.log_acesso VALUES ('log_553_2', 'fa3abe16-3645-4d22-a01d-893e6f20c408', 'usr_553');
INSERT INTO trabalho.usuario VALUES ('usr_554', '554_Lorena45@gmail.com', 'Lorena Batista', 'female', 56, 'password', 'Sérvia');
INSERT INTO trabalho.usuario_esta_inscrito_no_podcast VALUES (3, '219328a1-cec6-4e8c-b003-52a3ec9766bb', 'usr_554');
INSERT INTO trabalho.comentarios_podcast_usuario VALUES ('comment_554_0', 'Optio voluptate aliquid dolorum.', '219328a1-cec6-4e8c-b003-52a3ec9766bb', 'usr_554');
INSERT INTO trabalho.log_acesso VALUES ('log_554_0', '219328a1-cec6-4e8c-b003-52a3ec9766bb', 'usr_554');
INSERT INTO trabalho.usuario_esta_inscrito_no_podcast VALUES (0, 'f1b92ce7-47a7-43cd-8586-4a09185cdd05', 'usr_554');
INSERT INTO trabalho.comentarios_podcast_usuario VALUES ('comment_554_1', 'Blanditiis unde inventore dolor distinctio cupiditate quo dolores maxime fuga.', 'f1b92ce7-47a7-43cd-8586-4a09185cdd05', 'usr_554');
INSERT INTO trabalho.log_acesso VALUES ('log_554_1', 'f1b92ce7-47a7-43cd-8586-4a09185cdd05', 'usr_554');
INSERT INTO trabalho.usuario_esta_inscrito_no_podcast VALUES (3, '5bdf7377-8330-4f9f-8efd-e95301c122ce', 'usr_554');
INSERT INTO trabalho.comentarios_podcast_usuario VALUES ('comment_554_2', 'Quisquam eos debitis quia maiores corporis qui ullam voluptas eum.', '5bdf7377-8330-4f9f-8efd-e95301c122ce', 'usr_554');
INSERT INTO trabalho.log_acesso VALUES ('log_554_2', '5bdf7377-8330-4f9f-8efd-e95301c122ce', 'usr_554');
INSERT INTO trabalho.usuario VALUES ('usr_555', '555_Isabelly_Silva@gmail.com', 'Isabelly Silva', 'female', 22, 'password', 'Maldives');
INSERT INTO trabalho.usuario_esta_inscrito_no_podcast VALUES (0, 'b553d865-8fe2-47de-9a30-10e1dea3bd1d', 'usr_555');
INSERT INTO trabalho.comentarios_podcast_usuario VALUES ('comment_555_0', 'Est maiores molestiae est temporibus libero totam qui labore.', 'b553d865-8fe2-47de-9a30-10e1dea3bd1d', 'usr_555');
INSERT INTO trabalho.log_acesso VALUES ('log_555_0', 'b553d865-8fe2-47de-9a30-10e1dea3bd1d', 'usr_555');
INSERT INTO trabalho.usuario_esta_inscrito_no_podcast VALUES (5, '219328a1-cec6-4e8c-b003-52a3ec9766bb', 'usr_555');
INSERT INTO trabalho.comentarios_podcast_usuario VALUES ('comment_555_1', 'Placeat voluptas quasi.', '219328a1-cec6-4e8c-b003-52a3ec9766bb', 'usr_555');
INSERT INTO trabalho.log_acesso VALUES ('log_555_1', '219328a1-cec6-4e8c-b003-52a3ec9766bb', 'usr_555');
INSERT INTO trabalho.usuario_esta_inscrito_no_podcast VALUES (3, 'de2f0ddb-9903-436a-a5e2-54224254c818', 'usr_555');
INSERT INTO trabalho.comentarios_podcast_usuario VALUES ('comment_555_2', 'Necessitatibus nisi doloremque voluptatem aut quia vel voluptatum autem.', 'de2f0ddb-9903-436a-a5e2-54224254c818', 'usr_555');
INSERT INTO trabalho.log_acesso VALUES ('log_555_2', 'de2f0ddb-9903-436a-a5e2-54224254c818', 'usr_555');
INSERT INTO trabalho.usuario VALUES ('usr_556', '556_Marcela_Costa@bol.com.br', 'Marcela Costa', 'female', 58, 'password', 'Eritreia');
INSERT INTO trabalho.usuario_esta_inscrito_no_podcast VALUES (2, '219328a1-cec6-4e8c-b003-52a3ec9766bb', 'usr_556');
INSERT INTO trabalho.comentarios_podcast_usuario VALUES ('comment_556_0', 'Sapiente ipsum doloremque optio.', '219328a1-cec6-4e8c-b003-52a3ec9766bb', 'usr_556');
INSERT INTO trabalho.log_acesso VALUES ('log_556_0', '219328a1-cec6-4e8c-b003-52a3ec9766bb', 'usr_556');
INSERT INTO trabalho.usuario_esta_inscrito_no_podcast VALUES (1, 'b553d865-8fe2-47de-9a30-10e1dea3bd1d', 'usr_556');
INSERT INTO trabalho.comentarios_podcast_usuario VALUES ('comment_556_1', 'Voluptas provident ipsum excepturi nihil.', 'b553d865-8fe2-47de-9a30-10e1dea3bd1d', 'usr_556');
INSERT INTO trabalho.log_acesso VALUES ('log_556_1', 'b553d865-8fe2-47de-9a30-10e1dea3bd1d', 'usr_556');
INSERT INTO trabalho.usuario_esta_inscrito_no_podcast VALUES (1, 'fa3abe16-3645-4d22-a01d-893e6f20c408', 'usr_556');
INSERT INTO trabalho.comentarios_podcast_usuario VALUES ('comment_556_2', 'Autem consectetur doloremque et maiores tempore et consequuntur.', 'fa3abe16-3645-4d22-a01d-893e6f20c408', 'usr_556');
INSERT INTO trabalho.log_acesso VALUES ('log_556_2', 'fa3abe16-3645-4d22-a01d-893e6f20c408', 'usr_556');
INSERT INTO trabalho.usuario VALUES ('usr_557', '557_Eduarda.Braga80@hotmail.com', 'Eduarda Braga', 'female', 2, 'password', 'Nigéria');
INSERT INTO trabalho.usuario_esta_inscrito_no_podcast VALUES (1, '67074e68-bc2f-442b-8af2-7d328b6af6eb', 'usr_557');
INSERT INTO trabalho.comentarios_podcast_usuario VALUES ('comment_557_0', 'Sunt aut et consectetur eos modi.', '67074e68-bc2f-442b-8af2-7d328b6af6eb', 'usr_557');
INSERT INTO trabalho.log_acesso VALUES ('log_557_0', '67074e68-bc2f-442b-8af2-7d328b6af6eb', 'usr_557');
INSERT INTO trabalho.usuario_esta_inscrito_no_podcast VALUES (2, 'f0166bd2-8e4d-4308-b5d7-0b3d627c5dc5', 'usr_557');
INSERT INTO trabalho.comentarios_podcast_usuario VALUES ('comment_557_1', 'Repellendus rem quasi et quos ut aliquam qui.', 'f0166bd2-8e4d-4308-b5d7-0b3d627c5dc5', 'usr_557');
INSERT INTO trabalho.log_acesso VALUES ('log_557_1', 'f0166bd2-8e4d-4308-b5d7-0b3d627c5dc5', 'usr_557');
INSERT INTO trabalho.usuario_esta_inscrito_no_podcast VALUES (5, '168c1536-4c42-4b8f-8c77-f06affefec6a', 'usr_557');
INSERT INTO trabalho.comentarios_podcast_usuario VALUES ('comment_557_2', 'Dolorum ipsam expedita.', '168c1536-4c42-4b8f-8c77-f06affefec6a', 'usr_557');
INSERT INTO trabalho.log_acesso VALUES ('log_557_2', '168c1536-4c42-4b8f-8c77-f06affefec6a', 'usr_557');
INSERT INTO trabalho.usuario VALUES ('usr_558', '558_Sophia86@gmail.com', 'Sophia Pereira', 'female', 42, 'password', 'Ilhas Virgens');
INSERT INTO trabalho.usuario_esta_inscrito_no_podcast VALUES (4, '219328a1-cec6-4e8c-b003-52a3ec9766bb', 'usr_558');
INSERT INTO trabalho.comentarios_podcast_usuario VALUES ('comment_558_0', 'Debitis nobis adipisci eveniet eos porro dolorem qui.', '219328a1-cec6-4e8c-b003-52a3ec9766bb', 'usr_558');
INSERT INTO trabalho.log_acesso VALUES ('log_558_0', '219328a1-cec6-4e8c-b003-52a3ec9766bb', 'usr_558');
INSERT INTO trabalho.usuario_esta_inscrito_no_podcast VALUES (1, 'bc8dac25-793c-4a96-aafc-4ea7020f4f60', 'usr_558');
INSERT INTO trabalho.comentarios_podcast_usuario VALUES ('comment_558_1', 'Quisquam consequuntur quidem et voluptas provident quod et.', 'bc8dac25-793c-4a96-aafc-4ea7020f4f60', 'usr_558');
INSERT INTO trabalho.log_acesso VALUES ('log_558_1', 'bc8dac25-793c-4a96-aafc-4ea7020f4f60', 'usr_558');
INSERT INTO trabalho.usuario_esta_inscrito_no_podcast VALUES (4, 'f8e13774-d631-4f34-93f0-2f5d55590265', 'usr_558');
INSERT INTO trabalho.comentarios_podcast_usuario VALUES ('comment_558_2', 'Suscipit qui eum et quae ipsum doloremque officia assumenda.', 'f8e13774-d631-4f34-93f0-2f5d55590265', 'usr_558');
INSERT INTO trabalho.log_acesso VALUES ('log_558_2', 'f8e13774-d631-4f34-93f0-2f5d55590265', 'usr_558');
INSERT INTO trabalho.usuario VALUES ('usr_559', '559_Miguel.Silva24@bol.com.br', 'Miguel Silva', 'male', 26, 'password', 'China');
INSERT INTO trabalho.usuario_esta_inscrito_no_podcast VALUES (2, '7e429e8e-7669-403d-bb78-3cd7f9f75afd', 'usr_559');
INSERT INTO trabalho.comentarios_podcast_usuario VALUES ('comment_559_0', 'Qui ab et consequatur eligendi beatae fugiat.', '7e429e8e-7669-403d-bb78-3cd7f9f75afd', 'usr_559');
INSERT INTO trabalho.log_acesso VALUES ('log_559_0', '7e429e8e-7669-403d-bb78-3cd7f9f75afd', 'usr_559');
INSERT INTO trabalho.usuario_esta_inscrito_no_podcast VALUES (2, 'f0166bd2-8e4d-4308-b5d7-0b3d627c5dc5', 'usr_559');
INSERT INTO trabalho.comentarios_podcast_usuario VALUES ('comment_559_1', 'Sint qui quo et ut iusto illo.', 'f0166bd2-8e4d-4308-b5d7-0b3d627c5dc5', 'usr_559');
INSERT INTO trabalho.log_acesso VALUES ('log_559_1', 'f0166bd2-8e4d-4308-b5d7-0b3d627c5dc5', 'usr_559');
INSERT INTO trabalho.usuario_esta_inscrito_no_podcast VALUES (3, '168c1536-4c42-4b8f-8c77-f06affefec6a', 'usr_559');
INSERT INTO trabalho.comentarios_podcast_usuario VALUES ('comment_559_2', 'Similique quam voluptatem qui laudantium sapiente.', '168c1536-4c42-4b8f-8c77-f06affefec6a', 'usr_559');
INSERT INTO trabalho.log_acesso VALUES ('log_559_2', '168c1536-4c42-4b8f-8c77-f06affefec6a', 'usr_559');
INSERT INTO trabalho.usuario VALUES ('usr_560', '560_Vitria27@live.com', 'Vitória Nogueira', 'female', 20, 'password', 'Vanuatu');
INSERT INTO trabalho.usuario_esta_inscrito_no_podcast VALUES (0, 'f0166bd2-8e4d-4308-b5d7-0b3d627c5dc5', 'usr_560');
INSERT INTO trabalho.comentarios_podcast_usuario VALUES ('comment_560_0', 'Nesciunt aut perspiciatis occaecati dolorum quia saepe non.', 'f0166bd2-8e4d-4308-b5d7-0b3d627c5dc5', 'usr_560');
INSERT INTO trabalho.log_acesso VALUES ('log_560_0', 'f0166bd2-8e4d-4308-b5d7-0b3d627c5dc5', 'usr_560');
INSERT INTO trabalho.usuario_esta_inscrito_no_podcast VALUES (4, '5bdf7377-8330-4f9f-8efd-e95301c122ce', 'usr_560');
INSERT INTO trabalho.comentarios_podcast_usuario VALUES ('comment_560_1', 'Aut ut quaerat dolorem molestiae maxime facere est doloribus.', '5bdf7377-8330-4f9f-8efd-e95301c122ce', 'usr_560');
INSERT INTO trabalho.log_acesso VALUES ('log_560_1', '5bdf7377-8330-4f9f-8efd-e95301c122ce', 'usr_560');
INSERT INTO trabalho.usuario_esta_inscrito_no_podcast VALUES (1, 'de2f0ddb-9903-436a-a5e2-54224254c818', 'usr_560');
INSERT INTO trabalho.comentarios_podcast_usuario VALUES ('comment_560_2', 'Dolor asperiores facilis.', 'de2f0ddb-9903-436a-a5e2-54224254c818', 'usr_560');
INSERT INTO trabalho.log_acesso VALUES ('log_560_2', 'de2f0ddb-9903-436a-a5e2-54224254c818', 'usr_560');
INSERT INTO trabalho.usuario VALUES ('usr_561', '561_AnaClara_Moreira14@bol.com.br', 'Ana Clara Moreira', 'female', 57, 'password', 'Brasil');
INSERT INTO trabalho.usuario_esta_inscrito_no_podcast VALUES (4, '67074e68-bc2f-442b-8af2-7d328b6af6eb', 'usr_561');
INSERT INTO trabalho.comentarios_podcast_usuario VALUES ('comment_561_0', 'Qui enim nostrum ipsa nihil eum non et fuga non.', '67074e68-bc2f-442b-8af2-7d328b6af6eb', 'usr_561');
INSERT INTO trabalho.log_acesso VALUES ('log_561_0', '67074e68-bc2f-442b-8af2-7d328b6af6eb', 'usr_561');
INSERT INTO trabalho.usuario_esta_inscrito_no_podcast VALUES (4, '219328a1-cec6-4e8c-b003-52a3ec9766bb', 'usr_561');
INSERT INTO trabalho.comentarios_podcast_usuario VALUES ('comment_561_1', 'Laborum quasi iusto molestias et blanditiis non odio sapiente sunt.', '219328a1-cec6-4e8c-b003-52a3ec9766bb', 'usr_561');
INSERT INTO trabalho.log_acesso VALUES ('log_561_1', '219328a1-cec6-4e8c-b003-52a3ec9766bb', 'usr_561');
INSERT INTO trabalho.usuario_esta_inscrito_no_podcast VALUES (3, 'b553d865-8fe2-47de-9a30-10e1dea3bd1d', 'usr_561');
INSERT INTO trabalho.comentarios_podcast_usuario VALUES ('comment_561_2', 'Quibusdam sit adipisci pariatur.', 'b553d865-8fe2-47de-9a30-10e1dea3bd1d', 'usr_561');
INSERT INTO trabalho.log_acesso VALUES ('log_561_2', 'b553d865-8fe2-47de-9a30-10e1dea3bd1d', 'usr_561');
INSERT INTO trabalho.usuario VALUES ('usr_562', '562_Alice_Batista78@gmail.com', 'Alice Batista', 'female', 49, 'password', 'Bulgária');
INSERT INTO trabalho.usuario_esta_inscrito_no_podcast VALUES (0, 'fa3abe16-3645-4d22-a01d-893e6f20c408', 'usr_562');
INSERT INTO trabalho.comentarios_podcast_usuario VALUES ('comment_562_0', 'Debitis minus eius nihil placeat omnis accusantium est voluptate veritatis.', 'fa3abe16-3645-4d22-a01d-893e6f20c408', 'usr_562');
INSERT INTO trabalho.log_acesso VALUES ('log_562_0', 'fa3abe16-3645-4d22-a01d-893e6f20c408', 'usr_562');
INSERT INTO trabalho.usuario_esta_inscrito_no_podcast VALUES (0, '5bdf7377-8330-4f9f-8efd-e95301c122ce', 'usr_562');
INSERT INTO trabalho.comentarios_podcast_usuario VALUES ('comment_562_1', 'Praesentium aut quia optio temporibus dolores impedit quasi ducimus.', '5bdf7377-8330-4f9f-8efd-e95301c122ce', 'usr_562');
INSERT INTO trabalho.log_acesso VALUES ('log_562_1', '5bdf7377-8330-4f9f-8efd-e95301c122ce', 'usr_562');
INSERT INTO trabalho.usuario_esta_inscrito_no_podcast VALUES (2, 'af46a958-b921-47b6-9f87-5c4fdc68ea79', 'usr_562');
INSERT INTO trabalho.comentarios_podcast_usuario VALUES ('comment_562_2', 'Laborum nam magnam nemo.', 'af46a958-b921-47b6-9f87-5c4fdc68ea79', 'usr_562');
INSERT INTO trabalho.log_acesso VALUES ('log_562_2', 'af46a958-b921-47b6-9f87-5c4fdc68ea79', 'usr_562');
INSERT INTO trabalho.usuario VALUES ('usr_563', '563_Fabrcio_Reis20@live.com', 'Fabrício Reis', 'male', 32, 'password', 'África do Sul');
INSERT INTO trabalho.usuario_esta_inscrito_no_podcast VALUES (2, 'bc8dac25-793c-4a96-aafc-4ea7020f4f60', 'usr_563');
INSERT INTO trabalho.comentarios_podcast_usuario VALUES ('comment_563_0', 'Dolorem vero ullam veritatis suscipit praesentium.', 'bc8dac25-793c-4a96-aafc-4ea7020f4f60', 'usr_563');
INSERT INTO trabalho.log_acesso VALUES ('log_563_0', 'bc8dac25-793c-4a96-aafc-4ea7020f4f60', 'usr_563');
INSERT INTO trabalho.usuario_esta_inscrito_no_podcast VALUES (0, 'de2f0ddb-9903-436a-a5e2-54224254c818', 'usr_563');
INSERT INTO trabalho.comentarios_podcast_usuario VALUES ('comment_563_1', 'Nihil consectetur et illum aut.', 'de2f0ddb-9903-436a-a5e2-54224254c818', 'usr_563');
INSERT INTO trabalho.log_acesso VALUES ('log_563_1', 'de2f0ddb-9903-436a-a5e2-54224254c818', 'usr_563');
INSERT INTO trabalho.usuario_esta_inscrito_no_podcast VALUES (1, '5bdf7377-8330-4f9f-8efd-e95301c122ce', 'usr_563');
INSERT INTO trabalho.comentarios_podcast_usuario VALUES ('comment_563_2', 'Nobis ipsum consequuntur qui enim quidem ipsa impedit quidem.', '5bdf7377-8330-4f9f-8efd-e95301c122ce', 'usr_563');
INSERT INTO trabalho.log_acesso VALUES ('log_563_2', '5bdf7377-8330-4f9f-8efd-e95301c122ce', 'usr_563');
INSERT INTO trabalho.usuario VALUES ('usr_564', '564_Mait.Martins@hotmail.com', 'Maitê Martins', 'female', 8, 'password', 'Mônaco');
INSERT INTO trabalho.usuario_esta_inscrito_no_podcast VALUES (0, '7e429e8e-7669-403d-bb78-3cd7f9f75afd', 'usr_564');
INSERT INTO trabalho.comentarios_podcast_usuario VALUES ('comment_564_0', 'Et molestiae numquam.', '7e429e8e-7669-403d-bb78-3cd7f9f75afd', 'usr_564');
INSERT INTO trabalho.log_acesso VALUES ('log_564_0', '7e429e8e-7669-403d-bb78-3cd7f9f75afd', 'usr_564');
INSERT INTO trabalho.usuario_esta_inscrito_no_podcast VALUES (2, 'af46a958-b921-47b6-9f87-5c4fdc68ea79', 'usr_564');
INSERT INTO trabalho.comentarios_podcast_usuario VALUES ('comment_564_1', 'Tempora excepturi cupiditate dolores omnis nemo alias voluptatum.', 'af46a958-b921-47b6-9f87-5c4fdc68ea79', 'usr_564');
INSERT INTO trabalho.log_acesso VALUES ('log_564_1', 'af46a958-b921-47b6-9f87-5c4fdc68ea79', 'usr_564');
INSERT INTO trabalho.usuario_esta_inscrito_no_podcast VALUES (2, 'f0166bd2-8e4d-4308-b5d7-0b3d627c5dc5', 'usr_564');
INSERT INTO trabalho.comentarios_podcast_usuario VALUES ('comment_564_2', 'Expedita sunt non veritatis.', 'f0166bd2-8e4d-4308-b5d7-0b3d627c5dc5', 'usr_564');
INSERT INTO trabalho.log_acesso VALUES ('log_564_2', 'f0166bd2-8e4d-4308-b5d7-0b3d627c5dc5', 'usr_564');
INSERT INTO trabalho.usuario VALUES ('usr_565', '565_Alcia97@live.com', 'Alícia Braga', 'female', 38, 'password', 'Gana');
INSERT INTO trabalho.usuario_esta_inscrito_no_podcast VALUES (1, 'b553d865-8fe2-47de-9a30-10e1dea3bd1d', 'usr_565');
INSERT INTO trabalho.comentarios_podcast_usuario VALUES ('comment_565_0', 'Qui et ut praesentium cupiditate sint perferendis.', 'b553d865-8fe2-47de-9a30-10e1dea3bd1d', 'usr_565');
INSERT INTO trabalho.log_acesso VALUES ('log_565_0', 'b553d865-8fe2-47de-9a30-10e1dea3bd1d', 'usr_565');
INSERT INTO trabalho.usuario_esta_inscrito_no_podcast VALUES (4, '168c1536-4c42-4b8f-8c77-f06affefec6a', 'usr_565');
INSERT INTO trabalho.comentarios_podcast_usuario VALUES ('comment_565_1', 'Repellat provident rerum fugit nulla.', '168c1536-4c42-4b8f-8c77-f06affefec6a', 'usr_565');
INSERT INTO trabalho.log_acesso VALUES ('log_565_1', '168c1536-4c42-4b8f-8c77-f06affefec6a', 'usr_565');
INSERT INTO trabalho.usuario_esta_inscrito_no_podcast VALUES (3, '5bdf7377-8330-4f9f-8efd-e95301c122ce', 'usr_565');
INSERT INTO trabalho.comentarios_podcast_usuario VALUES ('comment_565_2', 'Natus adipisci odit debitis voluptate unde.', '5bdf7377-8330-4f9f-8efd-e95301c122ce', 'usr_565');
INSERT INTO trabalho.log_acesso VALUES ('log_565_2', '5bdf7377-8330-4f9f-8efd-e95301c122ce', 'usr_565');
INSERT INTO trabalho.usuario VALUES ('usr_566', '566_Ladislau60@yahoo.com', 'Ladislau Costa', 'male', 22, 'password', 'Costa do Marfim');
INSERT INTO trabalho.usuario_esta_inscrito_no_podcast VALUES (2, '219328a1-cec6-4e8c-b003-52a3ec9766bb', 'usr_566');
INSERT INTO trabalho.comentarios_podcast_usuario VALUES ('comment_566_0', 'Recusandae harum nostrum autem voluptate mollitia inventore.', '219328a1-cec6-4e8c-b003-52a3ec9766bb', 'usr_566');
INSERT INTO trabalho.log_acesso VALUES ('log_566_0', '219328a1-cec6-4e8c-b003-52a3ec9766bb', 'usr_566');
INSERT INTO trabalho.usuario_esta_inscrito_no_podcast VALUES (1, '168c1536-4c42-4b8f-8c77-f06affefec6a', 'usr_566');
INSERT INTO trabalho.comentarios_podcast_usuario VALUES ('comment_566_1', 'Et fuga nisi.', '168c1536-4c42-4b8f-8c77-f06affefec6a', 'usr_566');
INSERT INTO trabalho.log_acesso VALUES ('log_566_1', '168c1536-4c42-4b8f-8c77-f06affefec6a', 'usr_566');
INSERT INTO trabalho.usuario_esta_inscrito_no_podcast VALUES (2, 'c58b280a-56d4-4ad8-8c85-730e4ea86361', 'usr_566');
INSERT INTO trabalho.comentarios_podcast_usuario VALUES ('comment_566_2', 'Quia odio aut consequatur atque consequatur vel.', 'c58b280a-56d4-4ad8-8c85-730e4ea86361', 'usr_566');
INSERT INTO trabalho.log_acesso VALUES ('log_566_2', 'c58b280a-56d4-4ad8-8c85-730e4ea86361', 'usr_566');
INSERT INTO trabalho.usuario VALUES ('usr_567', '567_Klber_Franco83@gmail.com', 'Kléber Franco', 'male', 0, 'password', 'Nigéria');
INSERT INTO trabalho.usuario_esta_inscrito_no_podcast VALUES (5, 'fa3abe16-3645-4d22-a01d-893e6f20c408', 'usr_567');
INSERT INTO trabalho.comentarios_podcast_usuario VALUES ('comment_567_0', 'Magni sed nihil libero nam officia enim esse magni.', 'fa3abe16-3645-4d22-a01d-893e6f20c408', 'usr_567');
INSERT INTO trabalho.log_acesso VALUES ('log_567_0', 'fa3abe16-3645-4d22-a01d-893e6f20c408', 'usr_567');
INSERT INTO trabalho.usuario_esta_inscrito_no_podcast VALUES (1, 'af46a958-b921-47b6-9f87-5c4fdc68ea79', 'usr_567');
INSERT INTO trabalho.comentarios_podcast_usuario VALUES ('comment_567_1', 'Nobis excepturi ut.', 'af46a958-b921-47b6-9f87-5c4fdc68ea79', 'usr_567');
INSERT INTO trabalho.log_acesso VALUES ('log_567_1', 'af46a958-b921-47b6-9f87-5c4fdc68ea79', 'usr_567');
INSERT INTO trabalho.usuario_esta_inscrito_no_podcast VALUES (2, '67074e68-bc2f-442b-8af2-7d328b6af6eb', 'usr_567');
INSERT INTO trabalho.comentarios_podcast_usuario VALUES ('comment_567_2', 'Ab modi minima excepturi quia delectus architecto iure nostrum pariatur.', '67074e68-bc2f-442b-8af2-7d328b6af6eb', 'usr_567');
INSERT INTO trabalho.log_acesso VALUES ('log_567_2', '67074e68-bc2f-442b-8af2-7d328b6af6eb', 'usr_567');
INSERT INTO trabalho.usuario VALUES ('usr_568', '568_Flix96@yahoo.com', 'Félix Oliveira', 'male', 31, 'password', 'Ilhas Cook');
INSERT INTO trabalho.usuario_esta_inscrito_no_podcast VALUES (1, 'af46a958-b921-47b6-9f87-5c4fdc68ea79', 'usr_568');
INSERT INTO trabalho.comentarios_podcast_usuario VALUES ('comment_568_0', 'Dolorem veritatis neque molestiae accusantium et et consectetur dolor qui.', 'af46a958-b921-47b6-9f87-5c4fdc68ea79', 'usr_568');
INSERT INTO trabalho.log_acesso VALUES ('log_568_0', 'af46a958-b921-47b6-9f87-5c4fdc68ea79', 'usr_568');
INSERT INTO trabalho.usuario_esta_inscrito_no_podcast VALUES (5, 'c58b280a-56d4-4ad8-8c85-730e4ea86361', 'usr_568');
INSERT INTO trabalho.comentarios_podcast_usuario VALUES ('comment_568_1', 'Magnam saepe qui possimus voluptas iure vel et et ratione.', 'c58b280a-56d4-4ad8-8c85-730e4ea86361', 'usr_568');
INSERT INTO trabalho.log_acesso VALUES ('log_568_1', 'c58b280a-56d4-4ad8-8c85-730e4ea86361', 'usr_568');
INSERT INTO trabalho.usuario_esta_inscrito_no_podcast VALUES (1, 'f8e13774-d631-4f34-93f0-2f5d55590265', 'usr_568');
INSERT INTO trabalho.comentarios_podcast_usuario VALUES ('comment_568_2', 'Distinctio voluptatem ut fuga veniam hic amet eum.', 'f8e13774-d631-4f34-93f0-2f5d55590265', 'usr_568');
INSERT INTO trabalho.log_acesso VALUES ('log_568_2', 'f8e13774-d631-4f34-93f0-2f5d55590265', 'usr_568');
INSERT INTO trabalho.usuario VALUES ('usr_569', '569_Danilo_Oliveira@live.com', 'Danilo Oliveira', 'male', 43, 'password', 'Ilhas Salomão');
INSERT INTO trabalho.usuario_esta_inscrito_no_podcast VALUES (1, 'f8e13774-d631-4f34-93f0-2f5d55590265', 'usr_569');
INSERT INTO trabalho.comentarios_podcast_usuario VALUES ('comment_569_0', 'Odio praesentium earum mollitia aut nihil dolore accusantium ut aut.', 'f8e13774-d631-4f34-93f0-2f5d55590265', 'usr_569');
INSERT INTO trabalho.log_acesso VALUES ('log_569_0', 'f8e13774-d631-4f34-93f0-2f5d55590265', 'usr_569');
INSERT INTO trabalho.usuario_esta_inscrito_no_podcast VALUES (4, 'f1b92ce7-47a7-43cd-8586-4a09185cdd05', 'usr_569');
INSERT INTO trabalho.comentarios_podcast_usuario VALUES ('comment_569_1', 'Minima occaecati sunt ut unde fugiat saepe.', 'f1b92ce7-47a7-43cd-8586-4a09185cdd05', 'usr_569');
INSERT INTO trabalho.log_acesso VALUES ('log_569_1', 'f1b92ce7-47a7-43cd-8586-4a09185cdd05', 'usr_569');
INSERT INTO trabalho.usuario_esta_inscrito_no_podcast VALUES (0, '168c1536-4c42-4b8f-8c77-f06affefec6a', 'usr_569');
INSERT INTO trabalho.comentarios_podcast_usuario VALUES ('comment_569_2', 'Porro sit omnis rerum excepturi id iste.', '168c1536-4c42-4b8f-8c77-f06affefec6a', 'usr_569');
INSERT INTO trabalho.log_acesso VALUES ('log_569_2', '168c1536-4c42-4b8f-8c77-f06affefec6a', 'usr_569');
INSERT INTO trabalho.usuario VALUES ('usr_570', '570_Clara.Santos@yahoo.com', 'Clara Santos', 'female', 11, 'password', 'Quênia');
INSERT INTO trabalho.usuario_esta_inscrito_no_podcast VALUES (5, 'f8e13774-d631-4f34-93f0-2f5d55590265', 'usr_570');
INSERT INTO trabalho.comentarios_podcast_usuario VALUES ('comment_570_0', 'Voluptas consequatur debitis necessitatibus assumenda et aut et nesciunt sit.', 'f8e13774-d631-4f34-93f0-2f5d55590265', 'usr_570');
INSERT INTO trabalho.log_acesso VALUES ('log_570_0', 'f8e13774-d631-4f34-93f0-2f5d55590265', 'usr_570');
INSERT INTO trabalho.usuario_esta_inscrito_no_podcast VALUES (3, 'f1b92ce7-47a7-43cd-8586-4a09185cdd05', 'usr_570');
INSERT INTO trabalho.comentarios_podcast_usuario VALUES ('comment_570_1', 'Consequatur accusamus consectetur doloremque.', 'f1b92ce7-47a7-43cd-8586-4a09185cdd05', 'usr_570');
INSERT INTO trabalho.log_acesso VALUES ('log_570_1', 'f1b92ce7-47a7-43cd-8586-4a09185cdd05', 'usr_570');
INSERT INTO trabalho.usuario_esta_inscrito_no_podcast VALUES (0, '7e429e8e-7669-403d-bb78-3cd7f9f75afd', 'usr_570');
INSERT INTO trabalho.comentarios_podcast_usuario VALUES ('comment_570_2', 'Pariatur ratione iste illum alias libero cumque id iure nemo.', '7e429e8e-7669-403d-bb78-3cd7f9f75afd', 'usr_570');
INSERT INTO trabalho.log_acesso VALUES ('log_570_2', '7e429e8e-7669-403d-bb78-3cd7f9f75afd', 'usr_570');
INSERT INTO trabalho.usuario VALUES ('usr_571', '571_Maria_Silva82@gmail.com', 'Maria Silva', 'female', 60, 'password', 'Bahamas');
INSERT INTO trabalho.usuario_esta_inscrito_no_podcast VALUES (0, 'c58b280a-56d4-4ad8-8c85-730e4ea86361', 'usr_571');
INSERT INTO trabalho.comentarios_podcast_usuario VALUES ('comment_571_0', 'Eos et eos accusantium rem sunt.', 'c58b280a-56d4-4ad8-8c85-730e4ea86361', 'usr_571');
INSERT INTO trabalho.log_acesso VALUES ('log_571_0', 'c58b280a-56d4-4ad8-8c85-730e4ea86361', 'usr_571');
INSERT INTO trabalho.usuario_esta_inscrito_no_podcast VALUES (1, '7e429e8e-7669-403d-bb78-3cd7f9f75afd', 'usr_571');
INSERT INTO trabalho.comentarios_podcast_usuario VALUES ('comment_571_1', 'Et eligendi nemo non soluta.', '7e429e8e-7669-403d-bb78-3cd7f9f75afd', 'usr_571');
INSERT INTO trabalho.log_acesso VALUES ('log_571_1', '7e429e8e-7669-403d-bb78-3cd7f9f75afd', 'usr_571');
INSERT INTO trabalho.usuario_esta_inscrito_no_podcast VALUES (3, '219328a1-cec6-4e8c-b003-52a3ec9766bb', 'usr_571');
INSERT INTO trabalho.comentarios_podcast_usuario VALUES ('comment_571_2', 'Maiores error illo quia nihil enim laborum iste.', '219328a1-cec6-4e8c-b003-52a3ec9766bb', 'usr_571');
INSERT INTO trabalho.log_acesso VALUES ('log_571_2', '219328a1-cec6-4e8c-b003-52a3ec9766bb', 'usr_571');
INSERT INTO trabalho.usuario VALUES ('usr_572', '572_Marli.Batista@hotmail.com', 'Marli Batista', 'female', 32, 'password', 'Antilhas Holandesas');
INSERT INTO trabalho.usuario_esta_inscrito_no_podcast VALUES (0, 'af46a958-b921-47b6-9f87-5c4fdc68ea79', 'usr_572');
INSERT INTO trabalho.comentarios_podcast_usuario VALUES ('comment_572_0', 'Nemo consequuntur aut aut et in sint voluptas.', 'af46a958-b921-47b6-9f87-5c4fdc68ea79', 'usr_572');
INSERT INTO trabalho.log_acesso VALUES ('log_572_0', 'af46a958-b921-47b6-9f87-5c4fdc68ea79', 'usr_572');
INSERT INTO trabalho.usuario_esta_inscrito_no_podcast VALUES (2, 'de2f0ddb-9903-436a-a5e2-54224254c818', 'usr_572');
INSERT INTO trabalho.comentarios_podcast_usuario VALUES ('comment_572_1', 'Esse sit non nihil in.', 'de2f0ddb-9903-436a-a5e2-54224254c818', 'usr_572');
INSERT INTO trabalho.log_acesso VALUES ('log_572_1', 'de2f0ddb-9903-436a-a5e2-54224254c818', 'usr_572');
INSERT INTO trabalho.usuario_esta_inscrito_no_podcast VALUES (1, 'fa3abe16-3645-4d22-a01d-893e6f20c408', 'usr_572');
INSERT INTO trabalho.comentarios_podcast_usuario VALUES ('comment_572_2', 'Blanditiis sit qui voluptatibus iure voluptas nulla voluptatem deserunt in.', 'fa3abe16-3645-4d22-a01d-893e6f20c408', 'usr_572');
INSERT INTO trabalho.log_acesso VALUES ('log_572_2', 'fa3abe16-3645-4d22-a01d-893e6f20c408', 'usr_572');
INSERT INTO trabalho.usuario VALUES ('usr_573', '573_gor97@bol.com.br', 'Ígor Albuquerque', 'male', 9, 'password', 'Guiné-Bissau');
INSERT INTO trabalho.usuario_esta_inscrito_no_podcast VALUES (5, 'fa3abe16-3645-4d22-a01d-893e6f20c408', 'usr_573');
INSERT INTO trabalho.comentarios_podcast_usuario VALUES ('comment_573_0', 'Magnam enim eum veniam.', 'fa3abe16-3645-4d22-a01d-893e6f20c408', 'usr_573');
INSERT INTO trabalho.log_acesso VALUES ('log_573_0', 'fa3abe16-3645-4d22-a01d-893e6f20c408', 'usr_573');
INSERT INTO trabalho.usuario_esta_inscrito_no_podcast VALUES (5, '5bdf7377-8330-4f9f-8efd-e95301c122ce', 'usr_573');
INSERT INTO trabalho.comentarios_podcast_usuario VALUES ('comment_573_1', 'Tempore vel iure et.', '5bdf7377-8330-4f9f-8efd-e95301c122ce', 'usr_573');
INSERT INTO trabalho.log_acesso VALUES ('log_573_1', '5bdf7377-8330-4f9f-8efd-e95301c122ce', 'usr_573');
INSERT INTO trabalho.usuario_esta_inscrito_no_podcast VALUES (5, 'c58b280a-56d4-4ad8-8c85-730e4ea86361', 'usr_573');
INSERT INTO trabalho.comentarios_podcast_usuario VALUES ('comment_573_2', 'Totam laudantium blanditiis ut rerum.', 'c58b280a-56d4-4ad8-8c85-730e4ea86361', 'usr_573');
INSERT INTO trabalho.log_acesso VALUES ('log_573_2', 'c58b280a-56d4-4ad8-8c85-730e4ea86361', 'usr_573');
INSERT INTO trabalho.usuario VALUES ('usr_574', '574_Lucca_Pereira77@yahoo.com', 'Lucca Pereira', 'male', 11, 'password', 'Arquipélago de Chagos');
INSERT INTO trabalho.usuario_esta_inscrito_no_podcast VALUES (5, 'f1b92ce7-47a7-43cd-8586-4a09185cdd05', 'usr_574');
INSERT INTO trabalho.comentarios_podcast_usuario VALUES ('comment_574_0', 'In in maxime fugiat et exercitationem amet laborum.', 'f1b92ce7-47a7-43cd-8586-4a09185cdd05', 'usr_574');
INSERT INTO trabalho.log_acesso VALUES ('log_574_0', 'f1b92ce7-47a7-43cd-8586-4a09185cdd05', 'usr_574');
INSERT INTO trabalho.usuario_esta_inscrito_no_podcast VALUES (3, 'bc8dac25-793c-4a96-aafc-4ea7020f4f60', 'usr_574');
INSERT INTO trabalho.comentarios_podcast_usuario VALUES ('comment_574_1', 'Et non minima voluptas autem qui adipisci non totam.', 'bc8dac25-793c-4a96-aafc-4ea7020f4f60', 'usr_574');
INSERT INTO trabalho.log_acesso VALUES ('log_574_1', 'bc8dac25-793c-4a96-aafc-4ea7020f4f60', 'usr_574');
INSERT INTO trabalho.usuario_esta_inscrito_no_podcast VALUES (3, 'b553d865-8fe2-47de-9a30-10e1dea3bd1d', 'usr_574');
INSERT INTO trabalho.comentarios_podcast_usuario VALUES ('comment_574_2', 'Autem qui quae quidem perferendis accusantium nemo.', 'b553d865-8fe2-47de-9a30-10e1dea3bd1d', 'usr_574');
INSERT INTO trabalho.log_acesso VALUES ('log_574_2', 'b553d865-8fe2-47de-9a30-10e1dea3bd1d', 'usr_574');
INSERT INTO trabalho.usuario VALUES ('usr_575', '575_Raul_Braga@live.com', 'Raul Braga', 'male', 21, 'password', 'Dominica');
INSERT INTO trabalho.usuario_esta_inscrito_no_podcast VALUES (3, '219328a1-cec6-4e8c-b003-52a3ec9766bb', 'usr_575');
INSERT INTO trabalho.comentarios_podcast_usuario VALUES ('comment_575_0', 'Ratione ex repudiandae reiciendis distinctio ipsam.', '219328a1-cec6-4e8c-b003-52a3ec9766bb', 'usr_575');
INSERT INTO trabalho.log_acesso VALUES ('log_575_0', '219328a1-cec6-4e8c-b003-52a3ec9766bb', 'usr_575');
INSERT INTO trabalho.usuario_esta_inscrito_no_podcast VALUES (1, '7e429e8e-7669-403d-bb78-3cd7f9f75afd', 'usr_575');
INSERT INTO trabalho.comentarios_podcast_usuario VALUES ('comment_575_1', 'Fuga excepturi corporis culpa fuga.', '7e429e8e-7669-403d-bb78-3cd7f9f75afd', 'usr_575');
INSERT INTO trabalho.log_acesso VALUES ('log_575_1', '7e429e8e-7669-403d-bb78-3cd7f9f75afd', 'usr_575');
INSERT INTO trabalho.usuario_esta_inscrito_no_podcast VALUES (2, 'b553d865-8fe2-47de-9a30-10e1dea3bd1d', 'usr_575');
INSERT INTO trabalho.comentarios_podcast_usuario VALUES ('comment_575_2', 'Ipsam esse aspernatur laboriosam quam minima dignissimos dolores.', 'b553d865-8fe2-47de-9a30-10e1dea3bd1d', 'usr_575');
INSERT INTO trabalho.log_acesso VALUES ('log_575_2', 'b553d865-8fe2-47de-9a30-10e1dea3bd1d', 'usr_575');
INSERT INTO trabalho.usuario VALUES ('usr_576', '576_Matheus_Santos95@yahoo.com', 'Matheus Santos', 'male', 44, 'password', 'Maurícia');
INSERT INTO trabalho.usuario_esta_inscrito_no_podcast VALUES (4, '7e429e8e-7669-403d-bb78-3cd7f9f75afd', 'usr_576');
INSERT INTO trabalho.comentarios_podcast_usuario VALUES ('comment_576_0', 'Quibusdam et beatae sint odio aut consequatur amet laudantium.', '7e429e8e-7669-403d-bb78-3cd7f9f75afd', 'usr_576');
INSERT INTO trabalho.log_acesso VALUES ('log_576_0', '7e429e8e-7669-403d-bb78-3cd7f9f75afd', 'usr_576');
INSERT INTO trabalho.usuario_esta_inscrito_no_podcast VALUES (0, 'af46a958-b921-47b6-9f87-5c4fdc68ea79', 'usr_576');
INSERT INTO trabalho.comentarios_podcast_usuario VALUES ('comment_576_1', 'Culpa optio et sapiente rerum.', 'af46a958-b921-47b6-9f87-5c4fdc68ea79', 'usr_576');
INSERT INTO trabalho.log_acesso VALUES ('log_576_1', 'af46a958-b921-47b6-9f87-5c4fdc68ea79', 'usr_576');
INSERT INTO trabalho.usuario_esta_inscrito_no_podcast VALUES (4, 'bc8dac25-793c-4a96-aafc-4ea7020f4f60', 'usr_576');
INSERT INTO trabalho.comentarios_podcast_usuario VALUES ('comment_576_2', 'Quo nam et nulla ut molestias aut voluptatem veniam exercitationem.', 'bc8dac25-793c-4a96-aafc-4ea7020f4f60', 'usr_576');
INSERT INTO trabalho.log_acesso VALUES ('log_576_2', 'bc8dac25-793c-4a96-aafc-4ea7020f4f60', 'usr_576');
INSERT INTO trabalho.usuario VALUES ('usr_577', '577_Dalila_Silva50@live.com', 'Dalila Silva', 'female', 15, 'password', 'Macedônia');
INSERT INTO trabalho.usuario_esta_inscrito_no_podcast VALUES (4, '7e429e8e-7669-403d-bb78-3cd7f9f75afd', 'usr_577');
INSERT INTO trabalho.comentarios_podcast_usuario VALUES ('comment_577_0', 'Cumque error et temporibus non et.', '7e429e8e-7669-403d-bb78-3cd7f9f75afd', 'usr_577');
INSERT INTO trabalho.log_acesso VALUES ('log_577_0', '7e429e8e-7669-403d-bb78-3cd7f9f75afd', 'usr_577');
INSERT INTO trabalho.usuario_esta_inscrito_no_podcast VALUES (0, '168c1536-4c42-4b8f-8c77-f06affefec6a', 'usr_577');
INSERT INTO trabalho.comentarios_podcast_usuario VALUES ('comment_577_1', 'Perspiciatis sed numquam mollitia ea neque impedit.', '168c1536-4c42-4b8f-8c77-f06affefec6a', 'usr_577');
INSERT INTO trabalho.log_acesso VALUES ('log_577_1', '168c1536-4c42-4b8f-8c77-f06affefec6a', 'usr_577');
INSERT INTO trabalho.usuario_esta_inscrito_no_podcast VALUES (2, 'af46a958-b921-47b6-9f87-5c4fdc68ea79', 'usr_577');
INSERT INTO trabalho.comentarios_podcast_usuario VALUES ('comment_577_2', 'Id possimus voluptatibus excepturi non ut deleniti accusamus autem.', 'af46a958-b921-47b6-9f87-5c4fdc68ea79', 'usr_577');
INSERT INTO trabalho.log_acesso VALUES ('log_577_2', 'af46a958-b921-47b6-9f87-5c4fdc68ea79', 'usr_577');
INSERT INTO trabalho.usuario VALUES ('usr_578', '578_Cau_Macedo@live.com', 'Cauã Macedo', 'male', 49, 'password', 'Lituânia');
INSERT INTO trabalho.usuario_esta_inscrito_no_podcast VALUES (1, '5bdf7377-8330-4f9f-8efd-e95301c122ce', 'usr_578');
INSERT INTO trabalho.comentarios_podcast_usuario VALUES ('comment_578_0', 'Neque quo perferendis molestias.', '5bdf7377-8330-4f9f-8efd-e95301c122ce', 'usr_578');
INSERT INTO trabalho.log_acesso VALUES ('log_578_0', '5bdf7377-8330-4f9f-8efd-e95301c122ce', 'usr_578');
INSERT INTO trabalho.usuario_esta_inscrito_no_podcast VALUES (0, 'fa3abe16-3645-4d22-a01d-893e6f20c408', 'usr_578');
INSERT INTO trabalho.comentarios_podcast_usuario VALUES ('comment_578_1', 'Et consectetur id aut nesciunt error consequatur sit.', 'fa3abe16-3645-4d22-a01d-893e6f20c408', 'usr_578');
INSERT INTO trabalho.log_acesso VALUES ('log_578_1', 'fa3abe16-3645-4d22-a01d-893e6f20c408', 'usr_578');
INSERT INTO trabalho.usuario_esta_inscrito_no_podcast VALUES (0, 'f1b92ce7-47a7-43cd-8586-4a09185cdd05', 'usr_578');
INSERT INTO trabalho.comentarios_podcast_usuario VALUES ('comment_578_2', 'Omnis consequatur consequatur quaerat.', 'f1b92ce7-47a7-43cd-8586-4a09185cdd05', 'usr_578');
INSERT INTO trabalho.log_acesso VALUES ('log_578_2', 'f1b92ce7-47a7-43cd-8586-4a09185cdd05', 'usr_578');
INSERT INTO trabalho.usuario VALUES ('usr_579', '579_Emanuelly.Moreira@live.com', 'Emanuelly Moreira', 'female', 57, 'password', 'Itália');
INSERT INTO trabalho.usuario_esta_inscrito_no_podcast VALUES (2, 'f1b92ce7-47a7-43cd-8586-4a09185cdd05', 'usr_579');
INSERT INTO trabalho.comentarios_podcast_usuario VALUES ('comment_579_0', 'Placeat dolor voluptas iure quae et doloremque.', 'f1b92ce7-47a7-43cd-8586-4a09185cdd05', 'usr_579');
INSERT INTO trabalho.log_acesso VALUES ('log_579_0', 'f1b92ce7-47a7-43cd-8586-4a09185cdd05', 'usr_579');
INSERT INTO trabalho.usuario_esta_inscrito_no_podcast VALUES (0, '219328a1-cec6-4e8c-b003-52a3ec9766bb', 'usr_579');
INSERT INTO trabalho.comentarios_podcast_usuario VALUES ('comment_579_1', 'Asperiores eligendi quas aut et sapiente omnis error iusto.', '219328a1-cec6-4e8c-b003-52a3ec9766bb', 'usr_579');
INSERT INTO trabalho.log_acesso VALUES ('log_579_1', '219328a1-cec6-4e8c-b003-52a3ec9766bb', 'usr_579');
INSERT INTO trabalho.usuario_esta_inscrito_no_podcast VALUES (1, 'f8e13774-d631-4f34-93f0-2f5d55590265', 'usr_579');
INSERT INTO trabalho.comentarios_podcast_usuario VALUES ('comment_579_2', 'Ut odio officiis modi corrupti.', 'f8e13774-d631-4f34-93f0-2f5d55590265', 'usr_579');
INSERT INTO trabalho.log_acesso VALUES ('log_579_2', 'f8e13774-d631-4f34-93f0-2f5d55590265', 'usr_579');
INSERT INTO trabalho.usuario VALUES ('usr_580', '580_Silas.Moraes44@hotmail.com', 'Silas Moraes', 'male', 47, 'password', 'Camarões');
INSERT INTO trabalho.usuario_esta_inscrito_no_podcast VALUES (2, '168c1536-4c42-4b8f-8c77-f06affefec6a', 'usr_580');
INSERT INTO trabalho.comentarios_podcast_usuario VALUES ('comment_580_0', 'Perferendis quia omnis quibusdam in magni quos itaque sit sit.', '168c1536-4c42-4b8f-8c77-f06affefec6a', 'usr_580');
INSERT INTO trabalho.log_acesso VALUES ('log_580_0', '168c1536-4c42-4b8f-8c77-f06affefec6a', 'usr_580');
INSERT INTO trabalho.usuario_esta_inscrito_no_podcast VALUES (4, 'b553d865-8fe2-47de-9a30-10e1dea3bd1d', 'usr_580');
INSERT INTO trabalho.comentarios_podcast_usuario VALUES ('comment_580_1', 'Quo quasi est sit blanditiis.', 'b553d865-8fe2-47de-9a30-10e1dea3bd1d', 'usr_580');
INSERT INTO trabalho.log_acesso VALUES ('log_580_1', 'b553d865-8fe2-47de-9a30-10e1dea3bd1d', 'usr_580');
INSERT INTO trabalho.usuario_esta_inscrito_no_podcast VALUES (4, 'fa3abe16-3645-4d22-a01d-893e6f20c408', 'usr_580');
INSERT INTO trabalho.comentarios_podcast_usuario VALUES ('comment_580_2', 'Ut quidem odit quis.', 'fa3abe16-3645-4d22-a01d-893e6f20c408', 'usr_580');
INSERT INTO trabalho.log_acesso VALUES ('log_580_2', 'fa3abe16-3645-4d22-a01d-893e6f20c408', 'usr_580');
INSERT INTO trabalho.usuario VALUES ('usr_581', '581_Yago36@bol.com.br', 'Yago Saraiva', 'male', 49, 'password', 'Uruguai');
INSERT INTO trabalho.usuario_esta_inscrito_no_podcast VALUES (3, '67074e68-bc2f-442b-8af2-7d328b6af6eb', 'usr_581');
INSERT INTO trabalho.comentarios_podcast_usuario VALUES ('comment_581_0', 'Commodi molestiae nemo consectetur qui aut in ad velit.', '67074e68-bc2f-442b-8af2-7d328b6af6eb', 'usr_581');
INSERT INTO trabalho.log_acesso VALUES ('log_581_0', '67074e68-bc2f-442b-8af2-7d328b6af6eb', 'usr_581');
INSERT INTO trabalho.usuario_esta_inscrito_no_podcast VALUES (0, 'f1b92ce7-47a7-43cd-8586-4a09185cdd05', 'usr_581');
INSERT INTO trabalho.comentarios_podcast_usuario VALUES ('comment_581_1', 'Dignissimos architecto tempora ut est.', 'f1b92ce7-47a7-43cd-8586-4a09185cdd05', 'usr_581');
INSERT INTO trabalho.log_acesso VALUES ('log_581_1', 'f1b92ce7-47a7-43cd-8586-4a09185cdd05', 'usr_581');
INSERT INTO trabalho.usuario_esta_inscrito_no_podcast VALUES (1, 'f0166bd2-8e4d-4308-b5d7-0b3d627c5dc5', 'usr_581');
INSERT INTO trabalho.comentarios_podcast_usuario VALUES ('comment_581_2', 'Occaecati labore velit in temporibus doloribus minima quibusdam laboriosam.', 'f0166bd2-8e4d-4308-b5d7-0b3d627c5dc5', 'usr_581');
INSERT INTO trabalho.log_acesso VALUES ('log_581_2', 'f0166bd2-8e4d-4308-b5d7-0b3d627c5dc5', 'usr_581');
INSERT INTO trabalho.usuario VALUES ('usr_582', '582_Mariana.Franco9@live.com', 'Mariana Franco', 'female', 54, 'password', 'Nigéria');
INSERT INTO trabalho.usuario_esta_inscrito_no_podcast VALUES (4, '168c1536-4c42-4b8f-8c77-f06affefec6a', 'usr_582');
INSERT INTO trabalho.comentarios_podcast_usuario VALUES ('comment_582_0', 'Eius est impedit dolores quidem dolores.', '168c1536-4c42-4b8f-8c77-f06affefec6a', 'usr_582');
INSERT INTO trabalho.log_acesso VALUES ('log_582_0', '168c1536-4c42-4b8f-8c77-f06affefec6a', 'usr_582');
INSERT INTO trabalho.usuario_esta_inscrito_no_podcast VALUES (0, 'f1b92ce7-47a7-43cd-8586-4a09185cdd05', 'usr_582');
INSERT INTO trabalho.comentarios_podcast_usuario VALUES ('comment_582_1', 'Labore quo quas doloribus dolorem quis distinctio.', 'f1b92ce7-47a7-43cd-8586-4a09185cdd05', 'usr_582');
INSERT INTO trabalho.log_acesso VALUES ('log_582_1', 'f1b92ce7-47a7-43cd-8586-4a09185cdd05', 'usr_582');
INSERT INTO trabalho.usuario_esta_inscrito_no_podcast VALUES (5, 'fa3abe16-3645-4d22-a01d-893e6f20c408', 'usr_582');
INSERT INTO trabalho.comentarios_podcast_usuario VALUES ('comment_582_2', 'At corporis voluptates unde pariatur.', 'fa3abe16-3645-4d22-a01d-893e6f20c408', 'usr_582');
INSERT INTO trabalho.log_acesso VALUES ('log_582_2', 'fa3abe16-3645-4d22-a01d-893e6f20c408', 'usr_582');
INSERT INTO trabalho.usuario VALUES ('usr_583', '583_Lara_Saraiva86@yahoo.com', 'Lara Saraiva', 'female', 15, 'password', 'El Salvador');
INSERT INTO trabalho.usuario_esta_inscrito_no_podcast VALUES (4, 'c58b280a-56d4-4ad8-8c85-730e4ea86361', 'usr_583');
INSERT INTO trabalho.comentarios_podcast_usuario VALUES ('comment_583_0', 'Illum sit in eum cupiditate vero et atque aperiam.', 'c58b280a-56d4-4ad8-8c85-730e4ea86361', 'usr_583');
INSERT INTO trabalho.log_acesso VALUES ('log_583_0', 'c58b280a-56d4-4ad8-8c85-730e4ea86361', 'usr_583');
INSERT INTO trabalho.usuario_esta_inscrito_no_podcast VALUES (0, '67074e68-bc2f-442b-8af2-7d328b6af6eb', 'usr_583');
INSERT INTO trabalho.comentarios_podcast_usuario VALUES ('comment_583_1', 'Esse sunt aperiam.', '67074e68-bc2f-442b-8af2-7d328b6af6eb', 'usr_583');
INSERT INTO trabalho.log_acesso VALUES ('log_583_1', '67074e68-bc2f-442b-8af2-7d328b6af6eb', 'usr_583');
INSERT INTO trabalho.usuario_esta_inscrito_no_podcast VALUES (4, '168c1536-4c42-4b8f-8c77-f06affefec6a', 'usr_583');
INSERT INTO trabalho.comentarios_podcast_usuario VALUES ('comment_583_2', 'Sequi aut impedit nemo illum.', '168c1536-4c42-4b8f-8c77-f06affefec6a', 'usr_583');
INSERT INTO trabalho.log_acesso VALUES ('log_583_2', '168c1536-4c42-4b8f-8c77-f06affefec6a', 'usr_583');
INSERT INTO trabalho.usuario VALUES ('usr_584', '584_Oflia_Moreira@bol.com.br', 'Ofélia Moreira', 'female', 41, 'password', 'Ilha Norfolk');
INSERT INTO trabalho.usuario_esta_inscrito_no_podcast VALUES (5, 'de2f0ddb-9903-436a-a5e2-54224254c818', 'usr_584');
INSERT INTO trabalho.comentarios_podcast_usuario VALUES ('comment_584_0', 'Consequuntur cupiditate laudantium quae.', 'de2f0ddb-9903-436a-a5e2-54224254c818', 'usr_584');
INSERT INTO trabalho.log_acesso VALUES ('log_584_0', 'de2f0ddb-9903-436a-a5e2-54224254c818', 'usr_584');
INSERT INTO trabalho.usuario_esta_inscrito_no_podcast VALUES (3, 'f0166bd2-8e4d-4308-b5d7-0b3d627c5dc5', 'usr_584');
INSERT INTO trabalho.comentarios_podcast_usuario VALUES ('comment_584_1', 'Officiis neque reiciendis totam velit.', 'f0166bd2-8e4d-4308-b5d7-0b3d627c5dc5', 'usr_584');
INSERT INTO trabalho.log_acesso VALUES ('log_584_1', 'f0166bd2-8e4d-4308-b5d7-0b3d627c5dc5', 'usr_584');
INSERT INTO trabalho.usuario_esta_inscrito_no_podcast VALUES (2, 'f8e13774-d631-4f34-93f0-2f5d55590265', 'usr_584');
INSERT INTO trabalho.comentarios_podcast_usuario VALUES ('comment_584_2', 'Ex id incidunt laborum sint.', 'f8e13774-d631-4f34-93f0-2f5d55590265', 'usr_584');
INSERT INTO trabalho.log_acesso VALUES ('log_584_2', 'f8e13774-d631-4f34-93f0-2f5d55590265', 'usr_584');
INSERT INTO trabalho.usuario VALUES ('usr_585', '585_Mait_Moreira@hotmail.com', 'Maitê Moreira', 'female', 7, 'password', 'São Vicente e Granadinas');
INSERT INTO trabalho.usuario_esta_inscrito_no_podcast VALUES (2, 'b553d865-8fe2-47de-9a30-10e1dea3bd1d', 'usr_585');
INSERT INTO trabalho.comentarios_podcast_usuario VALUES ('comment_585_0', 'Esse omnis rem beatae atque et hic laudantium dignissimos aliquam.', 'b553d865-8fe2-47de-9a30-10e1dea3bd1d', 'usr_585');
INSERT INTO trabalho.log_acesso VALUES ('log_585_0', 'b553d865-8fe2-47de-9a30-10e1dea3bd1d', 'usr_585');
INSERT INTO trabalho.usuario_esta_inscrito_no_podcast VALUES (1, 'bc8dac25-793c-4a96-aafc-4ea7020f4f60', 'usr_585');
INSERT INTO trabalho.comentarios_podcast_usuario VALUES ('comment_585_1', 'Rem in nihil.', 'bc8dac25-793c-4a96-aafc-4ea7020f4f60', 'usr_585');
INSERT INTO trabalho.log_acesso VALUES ('log_585_1', 'bc8dac25-793c-4a96-aafc-4ea7020f4f60', 'usr_585');
INSERT INTO trabalho.usuario_esta_inscrito_no_podcast VALUES (5, '219328a1-cec6-4e8c-b003-52a3ec9766bb', 'usr_585');
INSERT INTO trabalho.comentarios_podcast_usuario VALUES ('comment_585_2', 'Molestiae omnis id error.', '219328a1-cec6-4e8c-b003-52a3ec9766bb', 'usr_585');
INSERT INTO trabalho.log_acesso VALUES ('log_585_2', '219328a1-cec6-4e8c-b003-52a3ec9766bb', 'usr_585');
INSERT INTO trabalho.usuario VALUES ('usr_586', '586_Deneval_Saraiva56@gmail.com', 'Deneval Saraiva', 'male', 33, 'password', 'Espanha');
INSERT INTO trabalho.usuario_esta_inscrito_no_podcast VALUES (4, 'bc8dac25-793c-4a96-aafc-4ea7020f4f60', 'usr_586');
INSERT INTO trabalho.comentarios_podcast_usuario VALUES ('comment_586_0', 'Laudantium velit nulla minima magni minima.', 'bc8dac25-793c-4a96-aafc-4ea7020f4f60', 'usr_586');
INSERT INTO trabalho.log_acesso VALUES ('log_586_0', 'bc8dac25-793c-4a96-aafc-4ea7020f4f60', 'usr_586');
INSERT INTO trabalho.usuario_esta_inscrito_no_podcast VALUES (1, '168c1536-4c42-4b8f-8c77-f06affefec6a', 'usr_586');
INSERT INTO trabalho.comentarios_podcast_usuario VALUES ('comment_586_1', 'Molestias asperiores voluptatem neque aut nisi.', '168c1536-4c42-4b8f-8c77-f06affefec6a', 'usr_586');
INSERT INTO trabalho.log_acesso VALUES ('log_586_1', '168c1536-4c42-4b8f-8c77-f06affefec6a', 'usr_586');
INSERT INTO trabalho.usuario_esta_inscrito_no_podcast VALUES (0, 'f1b92ce7-47a7-43cd-8586-4a09185cdd05', 'usr_586');
INSERT INTO trabalho.comentarios_podcast_usuario VALUES ('comment_586_2', 'Sint adipisci aut voluptates quasi velit consequatur non.', 'f1b92ce7-47a7-43cd-8586-4a09185cdd05', 'usr_586');
INSERT INTO trabalho.log_acesso VALUES ('log_586_2', 'f1b92ce7-47a7-43cd-8586-4a09185cdd05', 'usr_586');
INSERT INTO trabalho.usuario VALUES ('usr_587', '587_Nicolas_Santos12@yahoo.com', 'Nicolas Santos', 'male', 60, 'password', 'Polinésia Francesa');
INSERT INTO trabalho.usuario_esta_inscrito_no_podcast VALUES (0, 'fa3abe16-3645-4d22-a01d-893e6f20c408', 'usr_587');
INSERT INTO trabalho.comentarios_podcast_usuario VALUES ('comment_587_0', 'Ipsa voluptatibus pariatur ea dolores.', 'fa3abe16-3645-4d22-a01d-893e6f20c408', 'usr_587');
INSERT INTO trabalho.log_acesso VALUES ('log_587_0', 'fa3abe16-3645-4d22-a01d-893e6f20c408', 'usr_587');
INSERT INTO trabalho.usuario_esta_inscrito_no_podcast VALUES (3, '5bdf7377-8330-4f9f-8efd-e95301c122ce', 'usr_587');
INSERT INTO trabalho.comentarios_podcast_usuario VALUES ('comment_587_1', 'Distinctio minus ipsa voluptates deserunt quas accusantium harum.', '5bdf7377-8330-4f9f-8efd-e95301c122ce', 'usr_587');
INSERT INTO trabalho.log_acesso VALUES ('log_587_1', '5bdf7377-8330-4f9f-8efd-e95301c122ce', 'usr_587');
INSERT INTO trabalho.usuario_esta_inscrito_no_podcast VALUES (4, '219328a1-cec6-4e8c-b003-52a3ec9766bb', 'usr_587');
INSERT INTO trabalho.comentarios_podcast_usuario VALUES ('comment_587_2', 'Qui sit voluptatem voluptatem assumenda laboriosam reprehenderit earum et.', '219328a1-cec6-4e8c-b003-52a3ec9766bb', 'usr_587');
INSERT INTO trabalho.log_acesso VALUES ('log_587_2', '219328a1-cec6-4e8c-b003-52a3ec9766bb', 'usr_587');
INSERT INTO trabalho.usuario VALUES ('usr_588', '588_Csar82@live.com', 'César Souza', 'male', 7, 'password', 'Turcomenistão');
INSERT INTO trabalho.usuario_esta_inscrito_no_podcast VALUES (1, 'f0166bd2-8e4d-4308-b5d7-0b3d627c5dc5', 'usr_588');
INSERT INTO trabalho.comentarios_podcast_usuario VALUES ('comment_588_0', 'Et tempore nam.', 'f0166bd2-8e4d-4308-b5d7-0b3d627c5dc5', 'usr_588');
INSERT INTO trabalho.log_acesso VALUES ('log_588_0', 'f0166bd2-8e4d-4308-b5d7-0b3d627c5dc5', 'usr_588');
INSERT INTO trabalho.usuario_esta_inscrito_no_podcast VALUES (2, '168c1536-4c42-4b8f-8c77-f06affefec6a', 'usr_588');
INSERT INTO trabalho.comentarios_podcast_usuario VALUES ('comment_588_1', 'Atque natus nihil nam cum ratione similique odio ullam.', '168c1536-4c42-4b8f-8c77-f06affefec6a', 'usr_588');
INSERT INTO trabalho.log_acesso VALUES ('log_588_1', '168c1536-4c42-4b8f-8c77-f06affefec6a', 'usr_588');
INSERT INTO trabalho.usuario_esta_inscrito_no_podcast VALUES (0, 'f1b92ce7-47a7-43cd-8586-4a09185cdd05', 'usr_588');
INSERT INTO trabalho.comentarios_podcast_usuario VALUES ('comment_588_2', 'Fuga molestiae quis maxime nesciunt ratione.', 'f1b92ce7-47a7-43cd-8586-4a09185cdd05', 'usr_588');
INSERT INTO trabalho.log_acesso VALUES ('log_588_2', 'f1b92ce7-47a7-43cd-8586-4a09185cdd05', 'usr_588');
INSERT INTO trabalho.usuario VALUES ('usr_589', '589_Marina_Nogueira@gmail.com', 'Marina Nogueira', 'female', 33, 'password', 'Suécia');
INSERT INTO trabalho.usuario_esta_inscrito_no_podcast VALUES (2, 'f0166bd2-8e4d-4308-b5d7-0b3d627c5dc5', 'usr_589');
INSERT INTO trabalho.comentarios_podcast_usuario VALUES ('comment_589_0', 'Corporis fuga vero molestiae necessitatibus quae nobis inventore.', 'f0166bd2-8e4d-4308-b5d7-0b3d627c5dc5', 'usr_589');
INSERT INTO trabalho.log_acesso VALUES ('log_589_0', 'f0166bd2-8e4d-4308-b5d7-0b3d627c5dc5', 'usr_589');
INSERT INTO trabalho.usuario_esta_inscrito_no_podcast VALUES (4, '219328a1-cec6-4e8c-b003-52a3ec9766bb', 'usr_589');
INSERT INTO trabalho.comentarios_podcast_usuario VALUES ('comment_589_1', 'Voluptas modi neque ut perspiciatis voluptas architecto ad officiis ut.', '219328a1-cec6-4e8c-b003-52a3ec9766bb', 'usr_589');
INSERT INTO trabalho.log_acesso VALUES ('log_589_1', '219328a1-cec6-4e8c-b003-52a3ec9766bb', 'usr_589');
INSERT INTO trabalho.usuario_esta_inscrito_no_podcast VALUES (5, 'f8e13774-d631-4f34-93f0-2f5d55590265', 'usr_589');
INSERT INTO trabalho.comentarios_podcast_usuario VALUES ('comment_589_2', 'A totam ratione sed aut sapiente aut.', 'f8e13774-d631-4f34-93f0-2f5d55590265', 'usr_589');
INSERT INTO trabalho.log_acesso VALUES ('log_589_2', 'f8e13774-d631-4f34-93f0-2f5d55590265', 'usr_589');
INSERT INTO trabalho.usuario VALUES ('usr_590', '590_PedroHenrique.Saraiva54@gmail.com', 'Pedro Henrique Saraiva', 'male', 47, 'password', 'Montserrat');
INSERT INTO trabalho.usuario_esta_inscrito_no_podcast VALUES (1, '7e429e8e-7669-403d-bb78-3cd7f9f75afd', 'usr_590');
INSERT INTO trabalho.comentarios_podcast_usuario VALUES ('comment_590_0', 'Veritatis quos velit excepturi.', '7e429e8e-7669-403d-bb78-3cd7f9f75afd', 'usr_590');
INSERT INTO trabalho.log_acesso VALUES ('log_590_0', '7e429e8e-7669-403d-bb78-3cd7f9f75afd', 'usr_590');
INSERT INTO trabalho.usuario_esta_inscrito_no_podcast VALUES (5, '5bdf7377-8330-4f9f-8efd-e95301c122ce', 'usr_590');
INSERT INTO trabalho.comentarios_podcast_usuario VALUES ('comment_590_1', 'Voluptate perspiciatis adipisci esse asperiores quia quaerat.', '5bdf7377-8330-4f9f-8efd-e95301c122ce', 'usr_590');
INSERT INTO trabalho.log_acesso VALUES ('log_590_1', '5bdf7377-8330-4f9f-8efd-e95301c122ce', 'usr_590');
INSERT INTO trabalho.usuario_esta_inscrito_no_podcast VALUES (2, 'de2f0ddb-9903-436a-a5e2-54224254c818', 'usr_590');
INSERT INTO trabalho.comentarios_podcast_usuario VALUES ('comment_590_2', 'Et non consequatur repellendus qui ut libero consectetur est.', 'de2f0ddb-9903-436a-a5e2-54224254c818', 'usr_590');
INSERT INTO trabalho.log_acesso VALUES ('log_590_2', 'de2f0ddb-9903-436a-a5e2-54224254c818', 'usr_590');
INSERT INTO trabalho.usuario VALUES ('usr_591', '591_Helosa_Albuquerque@gmail.com', 'Heloísa Albuquerque', 'female', 17, 'password', 'Toquelau');
INSERT INTO trabalho.usuario_esta_inscrito_no_podcast VALUES (3, 'de2f0ddb-9903-436a-a5e2-54224254c818', 'usr_591');
INSERT INTO trabalho.comentarios_podcast_usuario VALUES ('comment_591_0', 'Voluptatem eaque earum et.', 'de2f0ddb-9903-436a-a5e2-54224254c818', 'usr_591');
INSERT INTO trabalho.log_acesso VALUES ('log_591_0', 'de2f0ddb-9903-436a-a5e2-54224254c818', 'usr_591');
INSERT INTO trabalho.usuario_esta_inscrito_no_podcast VALUES (1, 'af46a958-b921-47b6-9f87-5c4fdc68ea79', 'usr_591');
INSERT INTO trabalho.comentarios_podcast_usuario VALUES ('comment_591_1', 'Non et atque ipsum atque odio et dolor officiis ut.', 'af46a958-b921-47b6-9f87-5c4fdc68ea79', 'usr_591');
INSERT INTO trabalho.log_acesso VALUES ('log_591_1', 'af46a958-b921-47b6-9f87-5c4fdc68ea79', 'usr_591');
INSERT INTO trabalho.usuario_esta_inscrito_no_podcast VALUES (4, '5bdf7377-8330-4f9f-8efd-e95301c122ce', 'usr_591');
INSERT INTO trabalho.comentarios_podcast_usuario VALUES ('comment_591_2', 'Maxime accusantium suscipit est enim.', '5bdf7377-8330-4f9f-8efd-e95301c122ce', 'usr_591');
INSERT INTO trabalho.log_acesso VALUES ('log_591_2', '5bdf7377-8330-4f9f-8efd-e95301c122ce', 'usr_591');
INSERT INTO trabalho.usuario VALUES ('usr_592', '592_Leonardo_Costa44@hotmail.com', 'Leonardo Costa', 'male', 25, 'password', 'Filipinas');
INSERT INTO trabalho.usuario_esta_inscrito_no_podcast VALUES (2, '168c1536-4c42-4b8f-8c77-f06affefec6a', 'usr_592');
INSERT INTO trabalho.comentarios_podcast_usuario VALUES ('comment_592_0', 'Tempore optio cumque quidem.', '168c1536-4c42-4b8f-8c77-f06affefec6a', 'usr_592');
INSERT INTO trabalho.log_acesso VALUES ('log_592_0', '168c1536-4c42-4b8f-8c77-f06affefec6a', 'usr_592');
INSERT INTO trabalho.usuario_esta_inscrito_no_podcast VALUES (5, 'c58b280a-56d4-4ad8-8c85-730e4ea86361', 'usr_592');
INSERT INTO trabalho.comentarios_podcast_usuario VALUES ('comment_592_1', 'Assumenda ducimus error officiis exercitationem tempora quia numquam et.', 'c58b280a-56d4-4ad8-8c85-730e4ea86361', 'usr_592');
INSERT INTO trabalho.log_acesso VALUES ('log_592_1', 'c58b280a-56d4-4ad8-8c85-730e4ea86361', 'usr_592');
INSERT INTO trabalho.usuario_esta_inscrito_no_podcast VALUES (5, 'f1b92ce7-47a7-43cd-8586-4a09185cdd05', 'usr_592');
INSERT INTO trabalho.comentarios_podcast_usuario VALUES ('comment_592_2', 'Quia sapiente non quis exercitationem eaque ut.', 'f1b92ce7-47a7-43cd-8586-4a09185cdd05', 'usr_592');
INSERT INTO trabalho.log_acesso VALUES ('log_592_2', 'f1b92ce7-47a7-43cd-8586-4a09185cdd05', 'usr_592');
INSERT INTO trabalho.usuario VALUES ('usr_593', '593_Rafaela_Pereira82@yahoo.com', 'Rafaela Pereira', 'female', 44, 'password', 'Butão');
INSERT INTO trabalho.usuario_esta_inscrito_no_podcast VALUES (2, 'c58b280a-56d4-4ad8-8c85-730e4ea86361', 'usr_593');
INSERT INTO trabalho.comentarios_podcast_usuario VALUES ('comment_593_0', 'Et reprehenderit laudantium numquam veniam sint.', 'c58b280a-56d4-4ad8-8c85-730e4ea86361', 'usr_593');
INSERT INTO trabalho.log_acesso VALUES ('log_593_0', 'c58b280a-56d4-4ad8-8c85-730e4ea86361', 'usr_593');
INSERT INTO trabalho.usuario_esta_inscrito_no_podcast VALUES (5, '219328a1-cec6-4e8c-b003-52a3ec9766bb', 'usr_593');
INSERT INTO trabalho.comentarios_podcast_usuario VALUES ('comment_593_1', 'Molestiae est quod dolores at animi saepe velit voluptatem accusantium.', '219328a1-cec6-4e8c-b003-52a3ec9766bb', 'usr_593');
INSERT INTO trabalho.log_acesso VALUES ('log_593_1', '219328a1-cec6-4e8c-b003-52a3ec9766bb', 'usr_593');
INSERT INTO trabalho.usuario_esta_inscrito_no_podcast VALUES (5, '5bdf7377-8330-4f9f-8efd-e95301c122ce', 'usr_593');
INSERT INTO trabalho.comentarios_podcast_usuario VALUES ('comment_593_2', 'Facilis dolores tempore sapiente.', '5bdf7377-8330-4f9f-8efd-e95301c122ce', 'usr_593');
INSERT INTO trabalho.log_acesso VALUES ('log_593_2', '5bdf7377-8330-4f9f-8efd-e95301c122ce', 'usr_593');
INSERT INTO trabalho.usuario VALUES ('usr_594', '594_Tertuliano73@gmail.com', 'Tertuliano Batista', 'male', 60, 'password', 'Holanda');
INSERT INTO trabalho.usuario_esta_inscrito_no_podcast VALUES (0, 'f0166bd2-8e4d-4308-b5d7-0b3d627c5dc5', 'usr_594');
INSERT INTO trabalho.comentarios_podcast_usuario VALUES ('comment_594_0', 'Quo voluptas unde.', 'f0166bd2-8e4d-4308-b5d7-0b3d627c5dc5', 'usr_594');
INSERT INTO trabalho.log_acesso VALUES ('log_594_0', 'f0166bd2-8e4d-4308-b5d7-0b3d627c5dc5', 'usr_594');
INSERT INTO trabalho.usuario_esta_inscrito_no_podcast VALUES (0, '168c1536-4c42-4b8f-8c77-f06affefec6a', 'usr_594');
INSERT INTO trabalho.comentarios_podcast_usuario VALUES ('comment_594_1', 'Sed itaque et et qui debitis quaerat hic.', '168c1536-4c42-4b8f-8c77-f06affefec6a', 'usr_594');
INSERT INTO trabalho.log_acesso VALUES ('log_594_1', '168c1536-4c42-4b8f-8c77-f06affefec6a', 'usr_594');
INSERT INTO trabalho.usuario_esta_inscrito_no_podcast VALUES (2, 'af46a958-b921-47b6-9f87-5c4fdc68ea79', 'usr_594');
INSERT INTO trabalho.comentarios_podcast_usuario VALUES ('comment_594_2', 'Voluptatem earum repudiandae necessitatibus eveniet quis numquam provident quae.', 'af46a958-b921-47b6-9f87-5c4fdc68ea79', 'usr_594');
INSERT INTO trabalho.log_acesso VALUES ('log_594_2', 'af46a958-b921-47b6-9f87-5c4fdc68ea79', 'usr_594');
INSERT INTO trabalho.usuario VALUES ('usr_595', '595_Valentina70@yahoo.com', 'Valentina Batista', 'female', 44, 'password', 'Marianas Setentrionais');
INSERT INTO trabalho.usuario_esta_inscrito_no_podcast VALUES (4, 'b553d865-8fe2-47de-9a30-10e1dea3bd1d', 'usr_595');
INSERT INTO trabalho.comentarios_podcast_usuario VALUES ('comment_595_0', 'Est officiis deserunt distinctio quaerat.', 'b553d865-8fe2-47de-9a30-10e1dea3bd1d', 'usr_595');
INSERT INTO trabalho.log_acesso VALUES ('log_595_0', 'b553d865-8fe2-47de-9a30-10e1dea3bd1d', 'usr_595');
INSERT INTO trabalho.usuario_esta_inscrito_no_podcast VALUES (4, '5bdf7377-8330-4f9f-8efd-e95301c122ce', 'usr_595');
INSERT INTO trabalho.comentarios_podcast_usuario VALUES ('comment_595_1', 'Illo pariatur autem facilis consequatur laudantium voluptatem porro sit.', '5bdf7377-8330-4f9f-8efd-e95301c122ce', 'usr_595');
INSERT INTO trabalho.log_acesso VALUES ('log_595_1', '5bdf7377-8330-4f9f-8efd-e95301c122ce', 'usr_595');
INSERT INTO trabalho.usuario_esta_inscrito_no_podcast VALUES (3, '219328a1-cec6-4e8c-b003-52a3ec9766bb', 'usr_595');
INSERT INTO trabalho.comentarios_podcast_usuario VALUES ('comment_595_2', 'Facere autem ratione unde qui magni optio qui dolorum.', '219328a1-cec6-4e8c-b003-52a3ec9766bb', 'usr_595');
INSERT INTO trabalho.log_acesso VALUES ('log_595_2', '219328a1-cec6-4e8c-b003-52a3ec9766bb', 'usr_595');
INSERT INTO trabalho.usuario VALUES ('usr_596', '596_Isis90@yahoo.com', 'Isis Barros', 'female', 30, 'password', 'Botsuana');
INSERT INTO trabalho.usuario_esta_inscrito_no_podcast VALUES (5, 'c58b280a-56d4-4ad8-8c85-730e4ea86361', 'usr_596');
INSERT INTO trabalho.comentarios_podcast_usuario VALUES ('comment_596_0', 'Vel occaecati quasi mollitia omnis adipisci est soluta optio.', 'c58b280a-56d4-4ad8-8c85-730e4ea86361', 'usr_596');
INSERT INTO trabalho.log_acesso VALUES ('log_596_0', 'c58b280a-56d4-4ad8-8c85-730e4ea86361', 'usr_596');
INSERT INTO trabalho.usuario_esta_inscrito_no_podcast VALUES (5, 'af46a958-b921-47b6-9f87-5c4fdc68ea79', 'usr_596');
INSERT INTO trabalho.comentarios_podcast_usuario VALUES ('comment_596_1', 'Et provident eos quos velit molestiae et ut.', 'af46a958-b921-47b6-9f87-5c4fdc68ea79', 'usr_596');
INSERT INTO trabalho.log_acesso VALUES ('log_596_1', 'af46a958-b921-47b6-9f87-5c4fdc68ea79', 'usr_596');
INSERT INTO trabalho.usuario_esta_inscrito_no_podcast VALUES (3, 'fa3abe16-3645-4d22-a01d-893e6f20c408', 'usr_596');
INSERT INTO trabalho.comentarios_podcast_usuario VALUES ('comment_596_2', 'Sed ad sit cum quos recusandae.', 'fa3abe16-3645-4d22-a01d-893e6f20c408', 'usr_596');
INSERT INTO trabalho.log_acesso VALUES ('log_596_2', 'fa3abe16-3645-4d22-a01d-893e6f20c408', 'usr_596');
INSERT INTO trabalho.usuario VALUES ('usr_597', '597_Roberto53@bol.com.br', 'Roberto Carvalho', 'male', 56, 'password', 'Irã');
INSERT INTO trabalho.usuario_esta_inscrito_no_podcast VALUES (5, '5bdf7377-8330-4f9f-8efd-e95301c122ce', 'usr_597');
INSERT INTO trabalho.comentarios_podcast_usuario VALUES ('comment_597_0', 'Voluptas soluta et qui rerum cupiditate consequatur.', '5bdf7377-8330-4f9f-8efd-e95301c122ce', 'usr_597');
INSERT INTO trabalho.log_acesso VALUES ('log_597_0', '5bdf7377-8330-4f9f-8efd-e95301c122ce', 'usr_597');
INSERT INTO trabalho.usuario_esta_inscrito_no_podcast VALUES (2, 'c58b280a-56d4-4ad8-8c85-730e4ea86361', 'usr_597');
INSERT INTO trabalho.comentarios_podcast_usuario VALUES ('comment_597_1', 'Dicta accusantium quos officia tenetur harum incidunt labore nam.', 'c58b280a-56d4-4ad8-8c85-730e4ea86361', 'usr_597');
INSERT INTO trabalho.log_acesso VALUES ('log_597_1', 'c58b280a-56d4-4ad8-8c85-730e4ea86361', 'usr_597');
INSERT INTO trabalho.usuario_esta_inscrito_no_podcast VALUES (2, '168c1536-4c42-4b8f-8c77-f06affefec6a', 'usr_597');
INSERT INTO trabalho.comentarios_podcast_usuario VALUES ('comment_597_2', 'Sit sit expedita et debitis et eos qui.', '168c1536-4c42-4b8f-8c77-f06affefec6a', 'usr_597');
INSERT INTO trabalho.log_acesso VALUES ('log_597_2', '168c1536-4c42-4b8f-8c77-f06affefec6a', 'usr_597');
INSERT INTO trabalho.usuario VALUES ('usr_598', '598_Ladislau63@gmail.com', 'Ladislau Moreira', 'male', 37, 'password', 'Guiné-Bissau');
INSERT INTO trabalho.usuario_esta_inscrito_no_podcast VALUES (1, 'af46a958-b921-47b6-9f87-5c4fdc68ea79', 'usr_598');
INSERT INTO trabalho.comentarios_podcast_usuario VALUES ('comment_598_0', 'Voluptates fugiat quo adipisci et quas non in minus officia.', 'af46a958-b921-47b6-9f87-5c4fdc68ea79', 'usr_598');
INSERT INTO trabalho.log_acesso VALUES ('log_598_0', 'af46a958-b921-47b6-9f87-5c4fdc68ea79', 'usr_598');
INSERT INTO trabalho.usuario_esta_inscrito_no_podcast VALUES (1, '168c1536-4c42-4b8f-8c77-f06affefec6a', 'usr_598');
INSERT INTO trabalho.comentarios_podcast_usuario VALUES ('comment_598_1', 'Odio voluptatem alias et quis eligendi.', '168c1536-4c42-4b8f-8c77-f06affefec6a', 'usr_598');
INSERT INTO trabalho.log_acesso VALUES ('log_598_1', '168c1536-4c42-4b8f-8c77-f06affefec6a', 'usr_598');
INSERT INTO trabalho.usuario_esta_inscrito_no_podcast VALUES (4, 'bc8dac25-793c-4a96-aafc-4ea7020f4f60', 'usr_598');
INSERT INTO trabalho.comentarios_podcast_usuario VALUES ('comment_598_2', 'Quidem in incidunt culpa rem deleniti id maiores.', 'bc8dac25-793c-4a96-aafc-4ea7020f4f60', 'usr_598');
INSERT INTO trabalho.log_acesso VALUES ('log_598_2', 'bc8dac25-793c-4a96-aafc-4ea7020f4f60', 'usr_598');
INSERT INTO trabalho.usuario VALUES ('usr_599', '599_Salvador.Oliveira@bol.com.br', 'Salvador Oliveira', 'male', 18, 'password', 'Toquelau');
INSERT INTO trabalho.usuario_esta_inscrito_no_podcast VALUES (4, 'b553d865-8fe2-47de-9a30-10e1dea3bd1d', 'usr_599');
INSERT INTO trabalho.comentarios_podcast_usuario VALUES ('comment_599_0', 'Adipisci magnam nisi commodi occaecati qui amet non.', 'b553d865-8fe2-47de-9a30-10e1dea3bd1d', 'usr_599');
INSERT INTO trabalho.log_acesso VALUES ('log_599_0', 'b553d865-8fe2-47de-9a30-10e1dea3bd1d', 'usr_599');
INSERT INTO trabalho.usuario_esta_inscrito_no_podcast VALUES (1, 'af46a958-b921-47b6-9f87-5c4fdc68ea79', 'usr_599');
INSERT INTO trabalho.comentarios_podcast_usuario VALUES ('comment_599_1', 'Odio eius et alias odit corporis.', 'af46a958-b921-47b6-9f87-5c4fdc68ea79', 'usr_599');
INSERT INTO trabalho.log_acesso VALUES ('log_599_1', 'af46a958-b921-47b6-9f87-5c4fdc68ea79', 'usr_599');
INSERT INTO trabalho.usuario_esta_inscrito_no_podcast VALUES (4, '168c1536-4c42-4b8f-8c77-f06affefec6a', 'usr_599');
INSERT INTO trabalho.comentarios_podcast_usuario VALUES ('comment_599_2', 'Corporis vel sunt illum consequatur.', '168c1536-4c42-4b8f-8c77-f06affefec6a', 'usr_599');
INSERT INTO trabalho.log_acesso VALUES ('log_599_2', '168c1536-4c42-4b8f-8c77-f06affefec6a', 'usr_599');
INSERT INTO trabalho.tags_podcast VALUES ('Comédia', 'af46a958-b921-47b6-9f87-5c4fdc68ea79');
INSERT INTO trabalho.tags_podcast VALUES ('Dia a Dia', 'fa3abe16-3645-4d22-a01d-893e6f20c408');
INSERT INTO trabalho.tags_podcast VALUES ('Prgramação', 'f8e13774-d631-4f34-93f0-2f5d55590265');
INSERT INTO trabalho.tags_podcast VALUES ('Comédia', 'de2f0ddb-9903-436a-a5e2-54224254c818');
INSERT INTO trabalho.tags_podcast VALUES ('Cinema', '67074e68-bc2f-442b-8af2-7d328b6af6eb');
INSERT INTO trabalho.tags_podcast VALUES ('Cinema', 'bc8dac25-793c-4a96-aafc-4ea7020f4f60');
INSERT INTO trabalho.tags_podcast VALUES ('Comédia', '219328a1-cec6-4e8c-b003-52a3ec9766bb');
INSERT INTO trabalho.tags_podcast VALUES ('Terror', 'f0166bd2-8e4d-4308-b5d7-0b3d627c5dc5');
INSERT INTO trabalho.tags_podcast VALUES ('Tecnologia', '168c1536-4c42-4b8f-8c77-f06affefec6a');
INSERT INTO trabalho.tags_podcast VALUES ('Programação', '5bdf7377-8330-4f9f-8efd-e95301c122ce');
INSERT INTO trabalho.tags_podcast VALUES ('Programação', 'f1b92ce7-47a7-43cd-8586-4a09185cdd05');
INSERT INTO trabalho.tags_podcast VALUES ('Educação', 'b553d865-8fe2-47de-9a30-10e1dea3bd1d');
INSERT INTO trabalho.tags_podcast VALUES ('Terror', 'c58b280a-56d4-4ad8-8c85-730e4ea86361');
INSERT INTO trabalho.tags_podcast VALUES ('Tecnologia', '7e429e8e-7669-403d-bb78-3cd7f9f75afd');
