
    INSERT INTO trabalho.podcast VALUES ('af46a958-b921-47b6-9f87-5c4fdc68ea79', 'https://jovemnerd.com.br/feed-nerdcast', 'NerdCast', 'https://jovemnerd.com.br', NULL);
    INSERT INTO trabalho.podcast VALUES ('fa3abe16-3645-4d22-a01d-893e6f20c408', 'https://anchor.fm/s/3ad82c84/podcast/rss', 'Diário de um Jovem Moderno', 'https://anchor.fm/diariodeumjovemmoderno', NULL);
    INSERT INTO trabalho.podcast VALUES ('f8e13774-d631-4f34-93f0-2f5d55590265', 'https://anchor.fm/s/c946c20/podcast/rss', 'Devs Cansados', 'https://www.devscansados.com.br/', 'contato@devscansados.com.br');
    INSERT INTO trabalho.podcast VALUES ('de2f0ddb-9903-436a-a5e2-54224254c818', 'https://www.spreaker.com/show/4863104/episodes/feed', 'Podpah', 'https://www.spreaker.com/show/podpah_1', NULL);
    INSERT INTO trabalho.podcast VALUES ('67074e68-bc2f-442b-8af2-7d328b6af6eb', 'https://anchor.fm/s/2a80a35c/podcast/rss', 'Quadro em Branco', 'https://anchor.fm/quadro-em-branco', 'podcastembranco@gmail.com');
    INSERT INTO trabalho.podcast VALUES ('bc8dac25-793c-4a96-aafc-4ea7020f4f60', 'https://www.omnycontent.com/d/playlist/aaea4e69-af51-495e-afc9-a9760146922b/75a86d39-9e0e-4e9a-b948-aae301805fe6/514362cf-31b4-4ed2-af40-aae301805ffd/podcast.rss', 'Office Ladies', 'https://officeladies.com/', 'officeladies@earwolf.com');
    INSERT INTO trabalho.podcast VALUES ('219328a1-cec6-4e8c-b003-52a3ec9766bb', 'https://rss-feed-flowpodcast-2eqj3fl3la-ue.a.run.app/feed/rss', 'Flow', 'https://flowpodcast.com.br/', NULL);
    INSERT INTO trabalho.podcast VALUES ('f0166bd2-8e4d-4308-b5d7-0b3d627c5dc5', 'https://anchor.fm/s/248804cc/podcast/rss', 'Estrada Sobrenatural', 'https://linktr.ee/Estradasobrenatural', 'comercial.estradasobrenatural@gmail.com');
    INSERT INTO trabalho.podcast VALUES ('168c1536-4c42-4b8f-8c77-f06affefec6a', 'https://anchor.fm/s/11c4550c/podcast/rss', 'Hoje no TecMundo Podcast', 'https://www.tecmundo.com.br/', NULL);
    INSERT INTO trabalho.podcast VALUES ('5bdf7377-8330-4f9f-8efd-e95301c122ce', 'https://feeds.simplecast.com/tL5DvHPD', '2Devs', 'https://2devs.simplecast.com/', NULL);
    INSERT INTO trabalho.podcast VALUES ('f1b92ce7-47a7-43cd-8586-4a09185cdd05', 'https://anchor.fm/s/3bf2f2c/podcast/rss', 'Podcast FalaDev', 'https://anchor.fm/faladev', NULL);
    INSERT INTO trabalho.podcast VALUES ('b553d865-8fe2-47de-9a30-10e1dea3bd1d', 'http://www.deviante.com.br/podcasts/scicast/feed/', 'Scicast', 'https://www.deviante.com.br/podcasts/scicast/', NULL);
    INSERT INTO trabalho.podcast VALUES ('c58b280a-56d4-4ad8-8c85-730e4ea86361', 'https://republicadomedo.com.br/feed/podcast', 'RdMCast', 'https://republicadomedo.com.br/', 'contato@republicadomedo.com.br');
    INSERT INTO trabalho.podcast VALUES ('7e429e8e-7669-403d-bb78-3cd7f9f75afd', 'https://hipsters.tech/feed/podcast', 'Hipsters ponto tech', 'https://hipsters.tech/', NULL);
INSERT INTO trabalho.usuario VALUES ('usr_0', '0_Emanuel_Martins@bol.com.br', 'Emanuel Martins', 'male', 9, 'password', 'Guiné Francesa');
INSERT INTO trabalho.usuario_esta_inscrito_no_podcast VALUES (4, '219328a1-cec6-4e8c-b003-52a3ec9766bb', 'usr_0');
INSERT INTO trabalho.comentarios_podcast_usuario VALUES ('comment_0_0_0', 'Labore suscipit in eligendi vel labore error ullam quas totam.', '219328a1-cec6-4e8c-b003-52a3ec9766bb', 'usr_0');
INSERT INTO trabalho.comentarios_podcast_usuario VALUES ('comment_0_1_0', 'Quia ad eum distinctio placeat ea dignissimos repellat dolor quia.', '219328a1-cec6-4e8c-b003-52a3ec9766bb', 'usr_0');
INSERT INTO trabalho.comentarios_podcast_usuario VALUES ('comment_0_2_0', 'Unde neque et suscipit quis.', '219328a1-cec6-4e8c-b003-52a3ec9766bb', 'usr_0');
INSERT INTO trabalho.comentarios_podcast_usuario VALUES ('comment_0_3_0', 'Alias ut omnis exercitationem cum dolores neque sint.', '219328a1-cec6-4e8c-b003-52a3ec9766bb', 'usr_0');
INSERT INTO trabalho.log_acesso VALUES ('log_0_0_0', '219328a1-cec6-4e8c-b003-52a3ec9766bb', 'usr_0');
INSERT INTO trabalho.log_acesso VALUES ('log_0_1_0', '219328a1-cec6-4e8c-b003-52a3ec9766bb', 'usr_0');
INSERT INTO trabalho.log_acesso VALUES ('log_0_2_0', '219328a1-cec6-4e8c-b003-52a3ec9766bb', 'usr_0');
INSERT INTO trabalho.usuario_esta_inscrito_no_podcast VALUES (2, '67074e68-bc2f-442b-8af2-7d328b6af6eb', 'usr_0');
INSERT INTO trabalho.comentarios_podcast_usuario VALUES ('comment_0_0_1', 'Maxime laborum alias dolores repellendus.', '67074e68-bc2f-442b-8af2-7d328b6af6eb', 'usr_0');
INSERT INTO trabalho.comentarios_podcast_usuario VALUES ('comment_0_1_1', 'Similique dolor adipisci repudiandae ut harum quos quo.', '67074e68-bc2f-442b-8af2-7d328b6af6eb', 'usr_0');
INSERT INTO trabalho.log_acesso VALUES ('log_0_0_1', '67074e68-bc2f-442b-8af2-7d328b6af6eb', 'usr_0');
INSERT INTO trabalho.log_acesso VALUES ('log_0_1_1', '67074e68-bc2f-442b-8af2-7d328b6af6eb', 'usr_0');
INSERT INTO trabalho.log_acesso VALUES ('log_0_2_1', '67074e68-bc2f-442b-8af2-7d328b6af6eb', 'usr_0');
INSERT INTO trabalho.log_acesso VALUES ('log_0_3_1', '67074e68-bc2f-442b-8af2-7d328b6af6eb', 'usr_0');
INSERT INTO trabalho.log_acesso VALUES ('log_0_4_1', '67074e68-bc2f-442b-8af2-7d328b6af6eb', 'usr_0');
INSERT INTO trabalho.log_acesso VALUES ('log_0_5_1', '67074e68-bc2f-442b-8af2-7d328b6af6eb', 'usr_0');
INSERT INTO trabalho.usuario_esta_inscrito_no_podcast VALUES (0, 'af46a958-b921-47b6-9f87-5c4fdc68ea79', 'usr_0');
INSERT INTO trabalho.comentarios_podcast_usuario VALUES ('comment_0_0_2', 'Rerum qui sapiente temporibus.', 'af46a958-b921-47b6-9f87-5c4fdc68ea79', 'usr_0');
INSERT INTO trabalho.log_acesso VALUES ('log_0_0_2', 'af46a958-b921-47b6-9f87-5c4fdc68ea79', 'usr_0');
INSERT INTO trabalho.log_acesso VALUES ('log_0_1_2', 'af46a958-b921-47b6-9f87-5c4fdc68ea79', 'usr_0');
INSERT INTO trabalho.log_acesso VALUES ('log_0_2_2', 'af46a958-b921-47b6-9f87-5c4fdc68ea79', 'usr_0');
INSERT INTO trabalho.log_acesso VALUES ('log_0_3_2', 'af46a958-b921-47b6-9f87-5c4fdc68ea79', 'usr_0');
INSERT INTO trabalho.log_acesso VALUES ('log_0_4_2', 'af46a958-b921-47b6-9f87-5c4fdc68ea79', 'usr_0');
INSERT INTO trabalho.usuario VALUES ('usr_1', '1_Nbia.Barros@gmail.com', 'Núbia Barros', 'female', 20, 'password', 'Portugal');
INSERT INTO trabalho.usuario_esta_inscrito_no_podcast VALUES (4, 'af46a958-b921-47b6-9f87-5c4fdc68ea79', 'usr_1');
INSERT INTO trabalho.comentarios_podcast_usuario VALUES ('comment_1_0_0', 'Eaque optio nostrum ut aspernatur.', 'af46a958-b921-47b6-9f87-5c4fdc68ea79', 'usr_1');
INSERT INTO trabalho.comentarios_podcast_usuario VALUES ('comment_1_1_0', 'Excepturi vitae autem.', 'af46a958-b921-47b6-9f87-5c4fdc68ea79', 'usr_1');
INSERT INTO trabalho.log_acesso VALUES ('log_1_0_0', 'af46a958-b921-47b6-9f87-5c4fdc68ea79', 'usr_1');
INSERT INTO trabalho.log_acesso VALUES ('log_1_1_0', 'af46a958-b921-47b6-9f87-5c4fdc68ea79', 'usr_1');
INSERT INTO trabalho.log_acesso VALUES ('log_1_2_0', 'af46a958-b921-47b6-9f87-5c4fdc68ea79', 'usr_1');
INSERT INTO trabalho.log_acesso VALUES ('log_1_3_0', 'af46a958-b921-47b6-9f87-5c4fdc68ea79', 'usr_1');
INSERT INTO trabalho.log_acesso VALUES ('log_1_4_0', 'af46a958-b921-47b6-9f87-5c4fdc68ea79', 'usr_1');
INSERT INTO trabalho.usuario_esta_inscrito_no_podcast VALUES (2, 'fa3abe16-3645-4d22-a01d-893e6f20c408', 'usr_1');
INSERT INTO trabalho.comentarios_podcast_usuario VALUES ('comment_1_0_1', 'Aut id nam facere facilis.', 'fa3abe16-3645-4d22-a01d-893e6f20c408', 'usr_1');
INSERT INTO trabalho.comentarios_podcast_usuario VALUES ('comment_1_1_1', 'Id quos maiores amet quos.', 'fa3abe16-3645-4d22-a01d-893e6f20c408', 'usr_1');
INSERT INTO trabalho.log_acesso VALUES ('log_1_0_1', 'fa3abe16-3645-4d22-a01d-893e6f20c408', 'usr_1');
INSERT INTO trabalho.log_acesso VALUES ('log_1_1_1', 'fa3abe16-3645-4d22-a01d-893e6f20c408', 'usr_1');
INSERT INTO trabalho.log_acesso VALUES ('log_1_2_1', 'fa3abe16-3645-4d22-a01d-893e6f20c408', 'usr_1');
INSERT INTO trabalho.log_acesso VALUES ('log_1_3_1', 'fa3abe16-3645-4d22-a01d-893e6f20c408', 'usr_1');
INSERT INTO trabalho.log_acesso VALUES ('log_1_4_1', 'fa3abe16-3645-4d22-a01d-893e6f20c408', 'usr_1');
INSERT INTO trabalho.log_acesso VALUES ('log_1_5_1', 'fa3abe16-3645-4d22-a01d-893e6f20c408', 'usr_1');
INSERT INTO trabalho.usuario_esta_inscrito_no_podcast VALUES (1, '219328a1-cec6-4e8c-b003-52a3ec9766bb', 'usr_1');
INSERT INTO trabalho.comentarios_podcast_usuario VALUES ('comment_1_0_2', 'Quasi esse qui eius nobis assumenda molestiae.', '219328a1-cec6-4e8c-b003-52a3ec9766bb', 'usr_1');
INSERT INTO trabalho.log_acesso VALUES ('log_1_0_2', '219328a1-cec6-4e8c-b003-52a3ec9766bb', 'usr_1');
INSERT INTO trabalho.log_acesso VALUES ('log_1_1_2', '219328a1-cec6-4e8c-b003-52a3ec9766bb', 'usr_1');
INSERT INTO trabalho.log_acesso VALUES ('log_1_2_2', '219328a1-cec6-4e8c-b003-52a3ec9766bb', 'usr_1');
INSERT INTO trabalho.log_acesso VALUES ('log_1_3_2', '219328a1-cec6-4e8c-b003-52a3ec9766bb', 'usr_1');
INSERT INTO trabalho.usuario VALUES ('usr_2', '2_Mait_Braga6@bol.com.br', 'Maitê Braga', 'female', 53, 'password', 'Angola');
INSERT INTO trabalho.usuario_esta_inscrito_no_podcast VALUES (3, 'bc8dac25-793c-4a96-aafc-4ea7020f4f60', 'usr_2');
INSERT INTO trabalho.comentarios_podcast_usuario VALUES ('comment_2_0_0', 'Iure pariatur quos enim ex eaque ipsum voluptatibus voluptas.', 'bc8dac25-793c-4a96-aafc-4ea7020f4f60', 'usr_2');
INSERT INTO trabalho.comentarios_podcast_usuario VALUES ('comment_2_1_0', 'Nemo et quasi vel neque voluptatem.', 'bc8dac25-793c-4a96-aafc-4ea7020f4f60', 'usr_2');
INSERT INTO trabalho.comentarios_podcast_usuario VALUES ('comment_2_2_0', 'Sunt velit aut suscipit.', 'bc8dac25-793c-4a96-aafc-4ea7020f4f60', 'usr_2');
INSERT INTO trabalho.log_acesso VALUES ('log_2_0_0', 'bc8dac25-793c-4a96-aafc-4ea7020f4f60', 'usr_2');
INSERT INTO trabalho.log_acesso VALUES ('log_2_1_0', 'bc8dac25-793c-4a96-aafc-4ea7020f4f60', 'usr_2');
INSERT INTO trabalho.log_acesso VALUES ('log_2_2_0', 'bc8dac25-793c-4a96-aafc-4ea7020f4f60', 'usr_2');
INSERT INTO trabalho.log_acesso VALUES ('log_2_3_0', 'bc8dac25-793c-4a96-aafc-4ea7020f4f60', 'usr_2');
INSERT INTO trabalho.usuario_esta_inscrito_no_podcast VALUES (0, 'c58b280a-56d4-4ad8-8c85-730e4ea86361', 'usr_2');
INSERT INTO trabalho.comentarios_podcast_usuario VALUES ('comment_2_0_1', 'Facere ea deserunt labore blanditiis aut et placeat ipsa.', 'c58b280a-56d4-4ad8-8c85-730e4ea86361', 'usr_2');
INSERT INTO trabalho.comentarios_podcast_usuario VALUES ('comment_2_1_1', 'Ut optio nobis placeat est fugiat inventore.', 'c58b280a-56d4-4ad8-8c85-730e4ea86361', 'usr_2');
INSERT INTO trabalho.comentarios_podcast_usuario VALUES ('comment_2_2_1', 'Iure et pariatur dolor illo voluptas aliquid consequatur sit fuga.', 'c58b280a-56d4-4ad8-8c85-730e4ea86361', 'usr_2');
INSERT INTO trabalho.comentarios_podcast_usuario VALUES ('comment_2_3_1', 'Qui sit debitis qui cum omnis totam dolores.', 'c58b280a-56d4-4ad8-8c85-730e4ea86361', 'usr_2');
INSERT INTO trabalho.log_acesso VALUES ('log_2_0_1', 'c58b280a-56d4-4ad8-8c85-730e4ea86361', 'usr_2');
INSERT INTO trabalho.log_acesso VALUES ('log_2_1_1', 'c58b280a-56d4-4ad8-8c85-730e4ea86361', 'usr_2');
INSERT INTO trabalho.log_acesso VALUES ('log_2_2_1', 'c58b280a-56d4-4ad8-8c85-730e4ea86361', 'usr_2');
INSERT INTO trabalho.usuario_esta_inscrito_no_podcast VALUES (0, '219328a1-cec6-4e8c-b003-52a3ec9766bb', 'usr_2');
INSERT INTO trabalho.comentarios_podcast_usuario VALUES ('comment_2_0_2', 'Ipsam velit provident quas est totam.', '219328a1-cec6-4e8c-b003-52a3ec9766bb', 'usr_2');
INSERT INTO trabalho.comentarios_podcast_usuario VALUES ('comment_2_1_2', 'Consequuntur nobis ut aut enim delectus in.', '219328a1-cec6-4e8c-b003-52a3ec9766bb', 'usr_2');
INSERT INTO trabalho.comentarios_podcast_usuario VALUES ('comment_2_2_2', 'Consequatur dolorum exercitationem ut in numquam tempora ut necessitatibus.', '219328a1-cec6-4e8c-b003-52a3ec9766bb', 'usr_2');
INSERT INTO trabalho.comentarios_podcast_usuario VALUES ('comment_2_3_2', 'Voluptatem ratione amet tempore id enim labore accusamus ut.', '219328a1-cec6-4e8c-b003-52a3ec9766bb', 'usr_2');
INSERT INTO trabalho.comentarios_podcast_usuario VALUES ('comment_2_4_2', 'Enim labore molestiae ex aut atque.', '219328a1-cec6-4e8c-b003-52a3ec9766bb', 'usr_2');
INSERT INTO trabalho.comentarios_podcast_usuario VALUES ('comment_2_5_2', 'Quibusdam debitis labore illo labore iure earum expedita ut.', '219328a1-cec6-4e8c-b003-52a3ec9766bb', 'usr_2');
INSERT INTO trabalho.log_acesso VALUES ('log_2_0_2', '219328a1-cec6-4e8c-b003-52a3ec9766bb', 'usr_2');
INSERT INTO trabalho.log_acesso VALUES ('log_2_1_2', '219328a1-cec6-4e8c-b003-52a3ec9766bb', 'usr_2');
INSERT INTO trabalho.usuario VALUES ('usr_3', '3_Isabel_Macedo34@yahoo.com', 'Isabel Macedo', 'female', 59, 'password', 'Etiópia');
INSERT INTO trabalho.usuario_esta_inscrito_no_podcast VALUES (3, 'de2f0ddb-9903-436a-a5e2-54224254c818', 'usr_3');
INSERT INTO trabalho.comentarios_podcast_usuario VALUES ('comment_3_0_0', 'Non molestiae et repudiandae deserunt in veritatis est soluta nihil.', 'de2f0ddb-9903-436a-a5e2-54224254c818', 'usr_3');
INSERT INTO trabalho.comentarios_podcast_usuario VALUES ('comment_3_1_0', 'Non voluptatem ratione iste.', 'de2f0ddb-9903-436a-a5e2-54224254c818', 'usr_3');
INSERT INTO trabalho.comentarios_podcast_usuario VALUES ('comment_3_2_0', 'Voluptatibus nam culpa ab reiciendis.', 'de2f0ddb-9903-436a-a5e2-54224254c818', 'usr_3');
INSERT INTO trabalho.log_acesso VALUES ('log_3_0_0', 'de2f0ddb-9903-436a-a5e2-54224254c818', 'usr_3');
INSERT INTO trabalho.log_acesso VALUES ('log_3_1_0', 'de2f0ddb-9903-436a-a5e2-54224254c818', 'usr_3');
INSERT INTO trabalho.log_acesso VALUES ('log_3_2_0', 'de2f0ddb-9903-436a-a5e2-54224254c818', 'usr_3');
INSERT INTO trabalho.log_acesso VALUES ('log_3_3_0', 'de2f0ddb-9903-436a-a5e2-54224254c818', 'usr_3');
INSERT INTO trabalho.usuario_esta_inscrito_no_podcast VALUES (3, '5bdf7377-8330-4f9f-8efd-e95301c122ce', 'usr_3');
INSERT INTO trabalho.comentarios_podcast_usuario VALUES ('comment_3_0_1', 'Beatae laboriosam voluptatem aut architecto.', '5bdf7377-8330-4f9f-8efd-e95301c122ce', 'usr_3');
INSERT INTO trabalho.comentarios_podcast_usuario VALUES ('comment_3_1_1', 'Recusandae impedit numquam.', '5bdf7377-8330-4f9f-8efd-e95301c122ce', 'usr_3');
INSERT INTO trabalho.comentarios_podcast_usuario VALUES ('comment_3_2_1', 'Quos reprehenderit dolorum qui.', '5bdf7377-8330-4f9f-8efd-e95301c122ce', 'usr_3');
INSERT INTO trabalho.comentarios_podcast_usuario VALUES ('comment_3_3_1', 'Occaecati consequuntur mollitia est architecto neque deserunt ea impedit.', '5bdf7377-8330-4f9f-8efd-e95301c122ce', 'usr_3');
INSERT INTO trabalho.log_acesso VALUES ('log_3_0_1', '5bdf7377-8330-4f9f-8efd-e95301c122ce', 'usr_3');
INSERT INTO trabalho.log_acesso VALUES ('log_3_1_1', '5bdf7377-8330-4f9f-8efd-e95301c122ce', 'usr_3');
INSERT INTO trabalho.log_acesso VALUES ('log_3_2_1', '5bdf7377-8330-4f9f-8efd-e95301c122ce', 'usr_3');
INSERT INTO trabalho.usuario_esta_inscrito_no_podcast VALUES (0, 'f1b92ce7-47a7-43cd-8586-4a09185cdd05', 'usr_3');
INSERT INTO trabalho.comentarios_podcast_usuario VALUES ('comment_3_0_2', 'Enim dolorum itaque et minima facilis.', 'f1b92ce7-47a7-43cd-8586-4a09185cdd05', 'usr_3');
INSERT INTO trabalho.comentarios_podcast_usuario VALUES ('comment_3_1_2', 'Exercitationem et quo omnis illo.', 'f1b92ce7-47a7-43cd-8586-4a09185cdd05', 'usr_3');
INSERT INTO trabalho.comentarios_podcast_usuario VALUES ('comment_3_2_2', 'Voluptatem architecto quis veniam quo at magnam doloremque qui.', 'f1b92ce7-47a7-43cd-8586-4a09185cdd05', 'usr_3');
INSERT INTO trabalho.comentarios_podcast_usuario VALUES ('comment_3_3_2', 'Totam sed omnis quibusdam ut veritatis quia eius officia aut.', 'f1b92ce7-47a7-43cd-8586-4a09185cdd05', 'usr_3');
INSERT INTO trabalho.log_acesso VALUES ('log_3_0_2', 'f1b92ce7-47a7-43cd-8586-4a09185cdd05', 'usr_3');
INSERT INTO trabalho.log_acesso VALUES ('log_3_1_2', 'f1b92ce7-47a7-43cd-8586-4a09185cdd05', 'usr_3');
INSERT INTO trabalho.log_acesso VALUES ('log_3_2_2', 'f1b92ce7-47a7-43cd-8586-4a09185cdd05', 'usr_3');
INSERT INTO trabalho.usuario VALUES ('usr_4', '4_Benjamin.Moreira@gmail.com', 'Benjamin Moreira', 'male', 54, 'password', 'Jordânia');
INSERT INTO trabalho.usuario_esta_inscrito_no_podcast VALUES (2, 'af46a958-b921-47b6-9f87-5c4fdc68ea79', 'usr_4');
INSERT INTO trabalho.comentarios_podcast_usuario VALUES ('comment_4_0_0', 'Et accusamus dolorum necessitatibus aspernatur nostrum.', 'af46a958-b921-47b6-9f87-5c4fdc68ea79', 'usr_4');
INSERT INTO trabalho.comentarios_podcast_usuario VALUES ('comment_4_1_0', 'Suscipit blanditiis ea et reiciendis ea.', 'af46a958-b921-47b6-9f87-5c4fdc68ea79', 'usr_4');
INSERT INTO trabalho.comentarios_podcast_usuario VALUES ('comment_4_2_0', 'Temporibus nihil qui.', 'af46a958-b921-47b6-9f87-5c4fdc68ea79', 'usr_4');
INSERT INTO trabalho.log_acesso VALUES ('log_4_0_0', 'af46a958-b921-47b6-9f87-5c4fdc68ea79', 'usr_4');
INSERT INTO trabalho.usuario_esta_inscrito_no_podcast VALUES (2, 'b553d865-8fe2-47de-9a30-10e1dea3bd1d', 'usr_4');
INSERT INTO trabalho.comentarios_podcast_usuario VALUES ('comment_4_0_1', 'Omnis quidem et sapiente cumque sunt similique debitis nobis fugit.', 'b553d865-8fe2-47de-9a30-10e1dea3bd1d', 'usr_4');
INSERT INTO trabalho.comentarios_podcast_usuario VALUES ('comment_4_1_1', 'Aut qui voluptas qui.', 'b553d865-8fe2-47de-9a30-10e1dea3bd1d', 'usr_4');
INSERT INTO trabalho.comentarios_podcast_usuario VALUES ('comment_4_2_1', 'Necessitatibus beatae in excepturi et.', 'b553d865-8fe2-47de-9a30-10e1dea3bd1d', 'usr_4');
INSERT INTO trabalho.log_acesso VALUES ('log_4_0_1', 'b553d865-8fe2-47de-9a30-10e1dea3bd1d', 'usr_4');
INSERT INTO trabalho.log_acesso VALUES ('log_4_1_1', 'b553d865-8fe2-47de-9a30-10e1dea3bd1d', 'usr_4');
INSERT INTO trabalho.log_acesso VALUES ('log_4_2_1', 'b553d865-8fe2-47de-9a30-10e1dea3bd1d', 'usr_4');
INSERT INTO trabalho.usuario_esta_inscrito_no_podcast VALUES (3, '219328a1-cec6-4e8c-b003-52a3ec9766bb', 'usr_4');
INSERT INTO trabalho.comentarios_podcast_usuario VALUES ('comment_4_0_2', 'Voluptas sapiente labore quia delectus eum molestiae enim.', '219328a1-cec6-4e8c-b003-52a3ec9766bb', 'usr_4');
INSERT INTO trabalho.log_acesso VALUES ('log_4_0_2', '219328a1-cec6-4e8c-b003-52a3ec9766bb', 'usr_4');
INSERT INTO trabalho.log_acesso VALUES ('log_4_1_2', '219328a1-cec6-4e8c-b003-52a3ec9766bb', 'usr_4');
INSERT INTO trabalho.log_acesso VALUES ('log_4_2_2', '219328a1-cec6-4e8c-b003-52a3ec9766bb', 'usr_4');
INSERT INTO trabalho.log_acesso VALUES ('log_4_3_2', '219328a1-cec6-4e8c-b003-52a3ec9766bb', 'usr_4');
INSERT INTO trabalho.log_acesso VALUES ('log_4_4_2', '219328a1-cec6-4e8c-b003-52a3ec9766bb', 'usr_4');
INSERT INTO trabalho.log_acesso VALUES ('log_4_5_2', '219328a1-cec6-4e8c-b003-52a3ec9766bb', 'usr_4');
INSERT INTO trabalho.usuario VALUES ('usr_5', '5_Natlia_Batista@yahoo.com', 'Natália Batista', 'female', 58, 'password', 'Israel');
INSERT INTO trabalho.usuario_esta_inscrito_no_podcast VALUES (3, '219328a1-cec6-4e8c-b003-52a3ec9766bb', 'usr_5');
INSERT INTO trabalho.comentarios_podcast_usuario VALUES ('comment_5_0_0', 'Nihil dolorum et libero consectetur reiciendis est.', '219328a1-cec6-4e8c-b003-52a3ec9766bb', 'usr_5');
INSERT INTO trabalho.comentarios_podcast_usuario VALUES ('comment_5_1_0', 'Modi molestias vel recusandae adipisci incidunt sit.', '219328a1-cec6-4e8c-b003-52a3ec9766bb', 'usr_5');
INSERT INTO trabalho.comentarios_podcast_usuario VALUES ('comment_5_2_0', 'Ad repellendus expedita ipsa modi dolorum perspiciatis.', '219328a1-cec6-4e8c-b003-52a3ec9766bb', 'usr_5');
INSERT INTO trabalho.comentarios_podcast_usuario VALUES ('comment_5_3_0', 'Temporibus laudantium sit eum.', '219328a1-cec6-4e8c-b003-52a3ec9766bb', 'usr_5');
INSERT INTO trabalho.comentarios_podcast_usuario VALUES ('comment_5_4_0', 'Voluptas corrupti possimus illum vel.', '219328a1-cec6-4e8c-b003-52a3ec9766bb', 'usr_5');
INSERT INTO trabalho.log_acesso VALUES ('log_5_0_0', '219328a1-cec6-4e8c-b003-52a3ec9766bb', 'usr_5');
INSERT INTO trabalho.log_acesso VALUES ('log_5_1_0', '219328a1-cec6-4e8c-b003-52a3ec9766bb', 'usr_5');
INSERT INTO trabalho.usuario_esta_inscrito_no_podcast VALUES (5, '67074e68-bc2f-442b-8af2-7d328b6af6eb', 'usr_5');
INSERT INTO trabalho.comentarios_podcast_usuario VALUES ('comment_5_0_1', 'Culpa vero magni adipisci dolores in ut.', '67074e68-bc2f-442b-8af2-7d328b6af6eb', 'usr_5');
INSERT INTO trabalho.comentarios_podcast_usuario VALUES ('comment_5_1_1', 'Quibusdam aspernatur sunt quia.', '67074e68-bc2f-442b-8af2-7d328b6af6eb', 'usr_5');
INSERT INTO trabalho.comentarios_podcast_usuario VALUES ('comment_5_2_1', 'Molestiae quia molestiae impedit aut.', '67074e68-bc2f-442b-8af2-7d328b6af6eb', 'usr_5');
INSERT INTO trabalho.comentarios_podcast_usuario VALUES ('comment_5_3_1', 'Consequatur ullam eligendi maxime.', '67074e68-bc2f-442b-8af2-7d328b6af6eb', 'usr_5');
INSERT INTO trabalho.log_acesso VALUES ('log_5_0_1', '67074e68-bc2f-442b-8af2-7d328b6af6eb', 'usr_5');
INSERT INTO trabalho.log_acesso VALUES ('log_5_1_1', '67074e68-bc2f-442b-8af2-7d328b6af6eb', 'usr_5');
INSERT INTO trabalho.log_acesso VALUES ('log_5_2_1', '67074e68-bc2f-442b-8af2-7d328b6af6eb', 'usr_5');
INSERT INTO trabalho.log_acesso VALUES ('log_5_3_1', '67074e68-bc2f-442b-8af2-7d328b6af6eb', 'usr_5');
INSERT INTO trabalho.usuario_esta_inscrito_no_podcast VALUES (2, 'f8e13774-d631-4f34-93f0-2f5d55590265', 'usr_5');
INSERT INTO trabalho.comentarios_podcast_usuario VALUES ('comment_5_0_2', 'Quisquam qui ut exercitationem.', 'f8e13774-d631-4f34-93f0-2f5d55590265', 'usr_5');
INSERT INTO trabalho.log_acesso VALUES ('log_5_0_2', 'f8e13774-d631-4f34-93f0-2f5d55590265', 'usr_5');
INSERT INTO trabalho.log_acesso VALUES ('log_5_1_2', 'f8e13774-d631-4f34-93f0-2f5d55590265', 'usr_5');
INSERT INTO trabalho.usuario VALUES ('usr_6', '6_Heitor13@yahoo.com', 'Heitor Santos', 'male', 38, 'password', 'São Martinho');
INSERT INTO trabalho.usuario_esta_inscrito_no_podcast VALUES (0, '168c1536-4c42-4b8f-8c77-f06affefec6a', 'usr_6');
INSERT INTO trabalho.comentarios_podcast_usuario VALUES ('comment_6_0_0', 'Est nihil alias.', '168c1536-4c42-4b8f-8c77-f06affefec6a', 'usr_6');
INSERT INTO trabalho.log_acesso VALUES ('log_6_0_0', '168c1536-4c42-4b8f-8c77-f06affefec6a', 'usr_6');
INSERT INTO trabalho.log_acesso VALUES ('log_6_1_0', '168c1536-4c42-4b8f-8c77-f06affefec6a', 'usr_6');
INSERT INTO trabalho.usuario_esta_inscrito_no_podcast VALUES (2, 'f8e13774-d631-4f34-93f0-2f5d55590265', 'usr_6');
INSERT INTO trabalho.comentarios_podcast_usuario VALUES ('comment_6_0_1', 'Saepe provident odio libero asperiores earum.', 'f8e13774-d631-4f34-93f0-2f5d55590265', 'usr_6');
INSERT INTO trabalho.log_acesso VALUES ('log_6_0_1', 'f8e13774-d631-4f34-93f0-2f5d55590265', 'usr_6');
INSERT INTO trabalho.log_acesso VALUES ('log_6_1_1', 'f8e13774-d631-4f34-93f0-2f5d55590265', 'usr_6');
INSERT INTO trabalho.log_acesso VALUES ('log_6_2_1', 'f8e13774-d631-4f34-93f0-2f5d55590265', 'usr_6');
INSERT INTO trabalho.log_acesso VALUES ('log_6_3_1', 'f8e13774-d631-4f34-93f0-2f5d55590265', 'usr_6');
INSERT INTO trabalho.log_acesso VALUES ('log_6_4_1', 'f8e13774-d631-4f34-93f0-2f5d55590265', 'usr_6');
INSERT INTO trabalho.usuario_esta_inscrito_no_podcast VALUES (5, '219328a1-cec6-4e8c-b003-52a3ec9766bb', 'usr_6');
INSERT INTO trabalho.comentarios_podcast_usuario VALUES ('comment_6_0_2', 'Magni et rem labore esse accusamus officiis.', '219328a1-cec6-4e8c-b003-52a3ec9766bb', 'usr_6');
INSERT INTO trabalho.comentarios_podcast_usuario VALUES ('comment_6_1_2', 'Repudiandae illo dolor alias enim.', '219328a1-cec6-4e8c-b003-52a3ec9766bb', 'usr_6');
INSERT INTO trabalho.log_acesso VALUES ('log_6_0_2', '219328a1-cec6-4e8c-b003-52a3ec9766bb', 'usr_6');
INSERT INTO trabalho.usuario VALUES ('usr_7', '7_Morgana_Pereira55@hotmail.com', 'Morgana Pereira', 'female', 26, 'password', 'Emirados Árabes Unidos');
INSERT INTO trabalho.usuario_esta_inscrito_no_podcast VALUES (4, 'bc8dac25-793c-4a96-aafc-4ea7020f4f60', 'usr_7');
INSERT INTO trabalho.comentarios_podcast_usuario VALUES ('comment_7_0_0', 'Est quia id rem non vel aut.', 'bc8dac25-793c-4a96-aafc-4ea7020f4f60', 'usr_7');
INSERT INTO trabalho.log_acesso VALUES ('log_7_0_0', 'bc8dac25-793c-4a96-aafc-4ea7020f4f60', 'usr_7');
INSERT INTO trabalho.log_acesso VALUES ('log_7_1_0', 'bc8dac25-793c-4a96-aafc-4ea7020f4f60', 'usr_7');
INSERT INTO trabalho.log_acesso VALUES ('log_7_2_0', 'bc8dac25-793c-4a96-aafc-4ea7020f4f60', 'usr_7');
INSERT INTO trabalho.usuario_esta_inscrito_no_podcast VALUES (3, 'fa3abe16-3645-4d22-a01d-893e6f20c408', 'usr_7');
INSERT INTO trabalho.comentarios_podcast_usuario VALUES ('comment_7_0_1', 'Quos alias deserunt vel.', 'fa3abe16-3645-4d22-a01d-893e6f20c408', 'usr_7');
INSERT INTO trabalho.comentarios_podcast_usuario VALUES ('comment_7_1_1', 'Laboriosam cum ut nam voluptas sit veritatis ullam blanditiis architecto.', 'fa3abe16-3645-4d22-a01d-893e6f20c408', 'usr_7');
INSERT INTO trabalho.log_acesso VALUES ('log_7_0_1', 'fa3abe16-3645-4d22-a01d-893e6f20c408', 'usr_7');
INSERT INTO trabalho.log_acesso VALUES ('log_7_1_1', 'fa3abe16-3645-4d22-a01d-893e6f20c408', 'usr_7');
INSERT INTO trabalho.log_acesso VALUES ('log_7_2_1', 'fa3abe16-3645-4d22-a01d-893e6f20c408', 'usr_7');
INSERT INTO trabalho.log_acesso VALUES ('log_7_3_1', 'fa3abe16-3645-4d22-a01d-893e6f20c408', 'usr_7');
INSERT INTO trabalho.usuario_esta_inscrito_no_podcast VALUES (5, 'af46a958-b921-47b6-9f87-5c4fdc68ea79', 'usr_7');
INSERT INTO trabalho.comentarios_podcast_usuario VALUES ('comment_7_0_2', 'Eos praesentium doloremque itaque quam ut sit ab praesentium.', 'af46a958-b921-47b6-9f87-5c4fdc68ea79', 'usr_7');
INSERT INTO trabalho.comentarios_podcast_usuario VALUES ('comment_7_1_2', 'Est nostrum natus numquam.', 'af46a958-b921-47b6-9f87-5c4fdc68ea79', 'usr_7');
INSERT INTO trabalho.log_acesso VALUES ('log_7_0_2', 'af46a958-b921-47b6-9f87-5c4fdc68ea79', 'usr_7');
INSERT INTO trabalho.log_acesso VALUES ('log_7_1_2', 'af46a958-b921-47b6-9f87-5c4fdc68ea79', 'usr_7');
INSERT INTO trabalho.usuario VALUES ('usr_8', '8_Yasmin_Melo23@bol.com.br', 'Yasmin Melo', 'female', 26, 'password', 'República Tcheca');
INSERT INTO trabalho.usuario_esta_inscrito_no_podcast VALUES (4, 'fa3abe16-3645-4d22-a01d-893e6f20c408', 'usr_8');
INSERT INTO trabalho.comentarios_podcast_usuario VALUES ('comment_8_0_0', 'Et tempora qui et soluta totam praesentium sint.', 'fa3abe16-3645-4d22-a01d-893e6f20c408', 'usr_8');
INSERT INTO trabalho.log_acesso VALUES ('log_8_0_0', 'fa3abe16-3645-4d22-a01d-893e6f20c408', 'usr_8');
INSERT INTO trabalho.log_acesso VALUES ('log_8_1_0', 'fa3abe16-3645-4d22-a01d-893e6f20c408', 'usr_8');
INSERT INTO trabalho.log_acesso VALUES ('log_8_2_0', 'fa3abe16-3645-4d22-a01d-893e6f20c408', 'usr_8');
INSERT INTO trabalho.log_acesso VALUES ('log_8_3_0', 'fa3abe16-3645-4d22-a01d-893e6f20c408', 'usr_8');
INSERT INTO trabalho.log_acesso VALUES ('log_8_4_0', 'fa3abe16-3645-4d22-a01d-893e6f20c408', 'usr_8');
INSERT INTO trabalho.log_acesso VALUES ('log_8_5_0', 'fa3abe16-3645-4d22-a01d-893e6f20c408', 'usr_8');
INSERT INTO trabalho.usuario_esta_inscrito_no_podcast VALUES (4, 'bc8dac25-793c-4a96-aafc-4ea7020f4f60', 'usr_8');
INSERT INTO trabalho.comentarios_podcast_usuario VALUES ('comment_8_0_1', 'Eligendi non reiciendis quia eaque facere reiciendis et.', 'bc8dac25-793c-4a96-aafc-4ea7020f4f60', 'usr_8');
INSERT INTO trabalho.log_acesso VALUES ('log_8_0_1', 'bc8dac25-793c-4a96-aafc-4ea7020f4f60', 'usr_8');
INSERT INTO trabalho.log_acesso VALUES ('log_8_1_1', 'bc8dac25-793c-4a96-aafc-4ea7020f4f60', 'usr_8');
INSERT INTO trabalho.log_acesso VALUES ('log_8_2_1', 'bc8dac25-793c-4a96-aafc-4ea7020f4f60', 'usr_8');
INSERT INTO trabalho.log_acesso VALUES ('log_8_3_1', 'bc8dac25-793c-4a96-aafc-4ea7020f4f60', 'usr_8');
INSERT INTO trabalho.log_acesso VALUES ('log_8_4_1', 'bc8dac25-793c-4a96-aafc-4ea7020f4f60', 'usr_8');
INSERT INTO trabalho.usuario_esta_inscrito_no_podcast VALUES (4, '7e429e8e-7669-403d-bb78-3cd7f9f75afd', 'usr_8');
INSERT INTO trabalho.comentarios_podcast_usuario VALUES ('comment_8_0_2', 'Est aperiam dolorum deleniti eius asperiores.', '7e429e8e-7669-403d-bb78-3cd7f9f75afd', 'usr_8');
INSERT INTO trabalho.comentarios_podcast_usuario VALUES ('comment_8_1_2', 'Numquam nihil voluptas repellat.', '7e429e8e-7669-403d-bb78-3cd7f9f75afd', 'usr_8');
INSERT INTO trabalho.comentarios_podcast_usuario VALUES ('comment_8_2_2', 'Alias debitis esse recusandae ut qui quae.', '7e429e8e-7669-403d-bb78-3cd7f9f75afd', 'usr_8');
INSERT INTO trabalho.comentarios_podcast_usuario VALUES ('comment_8_3_2', 'Dolores pariatur est maiores veniam.', '7e429e8e-7669-403d-bb78-3cd7f9f75afd', 'usr_8');
INSERT INTO trabalho.comentarios_podcast_usuario VALUES ('comment_8_4_2', 'Cum eum et aut corrupti sit maxime non quisquam.', '7e429e8e-7669-403d-bb78-3cd7f9f75afd', 'usr_8');
INSERT INTO trabalho.log_acesso VALUES ('log_8_0_2', '7e429e8e-7669-403d-bb78-3cd7f9f75afd', 'usr_8');
INSERT INTO trabalho.log_acesso VALUES ('log_8_1_2', '7e429e8e-7669-403d-bb78-3cd7f9f75afd', 'usr_8');
INSERT INTO trabalho.usuario VALUES ('usr_9', '9_Noah_Albuquerque@live.com', 'Noah Albuquerque', 'male', 55, 'password', 'Rússia');
INSERT INTO trabalho.usuario_esta_inscrito_no_podcast VALUES (3, 'f1b92ce7-47a7-43cd-8586-4a09185cdd05', 'usr_9');
INSERT INTO trabalho.comentarios_podcast_usuario VALUES ('comment_9_0_0', 'Beatae dolores placeat dolores adipisci dolorum iste.', 'f1b92ce7-47a7-43cd-8586-4a09185cdd05', 'usr_9');
INSERT INTO trabalho.comentarios_podcast_usuario VALUES ('comment_9_1_0', 'Quod atque ut consequuntur odio quos soluta hic odit vitae.', 'f1b92ce7-47a7-43cd-8586-4a09185cdd05', 'usr_9');
INSERT INTO trabalho.comentarios_podcast_usuario VALUES ('comment_9_2_0', 'Quos laudantium dolor sed aspernatur.', 'f1b92ce7-47a7-43cd-8586-4a09185cdd05', 'usr_9');
INSERT INTO trabalho.comentarios_podcast_usuario VALUES ('comment_9_3_0', 'Fugit qui perspiciatis libero fuga aut et dolores sapiente.', 'f1b92ce7-47a7-43cd-8586-4a09185cdd05', 'usr_9');
INSERT INTO trabalho.log_acesso VALUES ('log_9_0_0', 'f1b92ce7-47a7-43cd-8586-4a09185cdd05', 'usr_9');
INSERT INTO trabalho.log_acesso VALUES ('log_9_1_0', 'f1b92ce7-47a7-43cd-8586-4a09185cdd05', 'usr_9');
INSERT INTO trabalho.log_acesso VALUES ('log_9_2_0', 'f1b92ce7-47a7-43cd-8586-4a09185cdd05', 'usr_9');
INSERT INTO trabalho.log_acesso VALUES ('log_9_3_0', 'f1b92ce7-47a7-43cd-8586-4a09185cdd05', 'usr_9');
INSERT INTO trabalho.usuario_esta_inscrito_no_podcast VALUES (5, 'de2f0ddb-9903-436a-a5e2-54224254c818', 'usr_9');
INSERT INTO trabalho.comentarios_podcast_usuario VALUES ('comment_9_0_1', 'Voluptate et quas.', 'de2f0ddb-9903-436a-a5e2-54224254c818', 'usr_9');
INSERT INTO trabalho.comentarios_podcast_usuario VALUES ('comment_9_1_1', 'Quia veniam aut.', 'de2f0ddb-9903-436a-a5e2-54224254c818', 'usr_9');
INSERT INTO trabalho.comentarios_podcast_usuario VALUES ('comment_9_2_1', 'Autem provident architecto veritatis rerum.', 'de2f0ddb-9903-436a-a5e2-54224254c818', 'usr_9');
INSERT INTO trabalho.comentarios_podcast_usuario VALUES ('comment_9_3_1', 'Quaerat eius expedita non.', 'de2f0ddb-9903-436a-a5e2-54224254c818', 'usr_9');
INSERT INTO trabalho.log_acesso VALUES ('log_9_0_1', 'de2f0ddb-9903-436a-a5e2-54224254c818', 'usr_9');
INSERT INTO trabalho.log_acesso VALUES ('log_9_1_1', 'de2f0ddb-9903-436a-a5e2-54224254c818', 'usr_9');
INSERT INTO trabalho.log_acesso VALUES ('log_9_2_1', 'de2f0ddb-9903-436a-a5e2-54224254c818', 'usr_9');
INSERT INTO trabalho.usuario_esta_inscrito_no_podcast VALUES (3, 'fa3abe16-3645-4d22-a01d-893e6f20c408', 'usr_9');
INSERT INTO trabalho.comentarios_podcast_usuario VALUES ('comment_9_0_2', 'Facilis eum et quae vel.', 'fa3abe16-3645-4d22-a01d-893e6f20c408', 'usr_9');
INSERT INTO trabalho.comentarios_podcast_usuario VALUES ('comment_9_1_2', 'Et architecto sint ea accusamus quo inventore voluptates sint.', 'fa3abe16-3645-4d22-a01d-893e6f20c408', 'usr_9');
INSERT INTO trabalho.comentarios_podcast_usuario VALUES ('comment_9_2_2', 'Vitae qui et.', 'fa3abe16-3645-4d22-a01d-893e6f20c408', 'usr_9');
INSERT INTO trabalho.comentarios_podcast_usuario VALUES ('comment_9_3_2', 'Rerum error et aut consequuntur id.', 'fa3abe16-3645-4d22-a01d-893e6f20c408', 'usr_9');
INSERT INTO trabalho.comentarios_podcast_usuario VALUES ('comment_9_4_2', 'Dignissimos illum placeat aut aut eos voluptatum illum.', 'fa3abe16-3645-4d22-a01d-893e6f20c408', 'usr_9');
INSERT INTO trabalho.comentarios_podcast_usuario VALUES ('comment_9_5_2', 'Aut non voluptas.', 'fa3abe16-3645-4d22-a01d-893e6f20c408', 'usr_9');
INSERT INTO trabalho.log_acesso VALUES ('log_9_0_2', 'fa3abe16-3645-4d22-a01d-893e6f20c408', 'usr_9');
INSERT INTO trabalho.log_acesso VALUES ('log_9_1_2', 'fa3abe16-3645-4d22-a01d-893e6f20c408', 'usr_9');
INSERT INTO trabalho.usuario VALUES ('usr_10', '10_Rafael_Oliveira75@gmail.com', 'Rafael Oliveira', 'male', 38, 'password', 'Burkina Faso');
INSERT INTO trabalho.usuario_esta_inscrito_no_podcast VALUES (4, 'c58b280a-56d4-4ad8-8c85-730e4ea86361', 'usr_10');
INSERT INTO trabalho.comentarios_podcast_usuario VALUES ('comment_10_0_0', 'Possimus voluptatem rerum autem soluta dolor modi ducimus fuga qui.', 'c58b280a-56d4-4ad8-8c85-730e4ea86361', 'usr_10');
INSERT INTO trabalho.comentarios_podcast_usuario VALUES ('comment_10_1_0', 'Cum reprehenderit labore saepe.', 'c58b280a-56d4-4ad8-8c85-730e4ea86361', 'usr_10');
INSERT INTO trabalho.log_acesso VALUES ('log_10_0_0', 'c58b280a-56d4-4ad8-8c85-730e4ea86361', 'usr_10');
INSERT INTO trabalho.log_acesso VALUES ('log_10_1_0', 'c58b280a-56d4-4ad8-8c85-730e4ea86361', 'usr_10');
INSERT INTO trabalho.log_acesso VALUES ('log_10_2_0', 'c58b280a-56d4-4ad8-8c85-730e4ea86361', 'usr_10');
INSERT INTO trabalho.usuario_esta_inscrito_no_podcast VALUES (3, '7e429e8e-7669-403d-bb78-3cd7f9f75afd', 'usr_10');
INSERT INTO trabalho.comentarios_podcast_usuario VALUES ('comment_10_0_1', 'Quis omnis culpa exercitationem.', '7e429e8e-7669-403d-bb78-3cd7f9f75afd', 'usr_10');
INSERT INTO trabalho.log_acesso VALUES ('log_10_0_1', '7e429e8e-7669-403d-bb78-3cd7f9f75afd', 'usr_10');
INSERT INTO trabalho.usuario_esta_inscrito_no_podcast VALUES (5, '168c1536-4c42-4b8f-8c77-f06affefec6a', 'usr_10');
INSERT INTO trabalho.comentarios_podcast_usuario VALUES ('comment_10_0_2', 'Qui aut fuga voluptas voluptatem ratione quis qui earum voluptas.', '168c1536-4c42-4b8f-8c77-f06affefec6a', 'usr_10');
INSERT INTO trabalho.comentarios_podcast_usuario VALUES ('comment_10_1_2', 'Veritatis corporis voluptas exercitationem rerum minima eveniet.', '168c1536-4c42-4b8f-8c77-f06affefec6a', 'usr_10');
INSERT INTO trabalho.comentarios_podcast_usuario VALUES ('comment_10_2_2', 'Eum voluptatem ratione dicta qui.', '168c1536-4c42-4b8f-8c77-f06affefec6a', 'usr_10');
INSERT INTO trabalho.comentarios_podcast_usuario VALUES ('comment_10_3_2', 'Eos eaque doloribus possimus quia quam explicabo.', '168c1536-4c42-4b8f-8c77-f06affefec6a', 'usr_10');
INSERT INTO trabalho.log_acesso VALUES ('log_10_0_2', '168c1536-4c42-4b8f-8c77-f06affefec6a', 'usr_10');
INSERT INTO trabalho.log_acesso VALUES ('log_10_1_2', '168c1536-4c42-4b8f-8c77-f06affefec6a', 'usr_10');
INSERT INTO trabalho.log_acesso VALUES ('log_10_2_2', '168c1536-4c42-4b8f-8c77-f06affefec6a', 'usr_10');
INSERT INTO trabalho.usuario VALUES ('usr_11', '11_JooLucas_Reis@hotmail.com', 'João Lucas Reis', 'male', 58, 'password', 'Espanha');
INSERT INTO trabalho.usuario_esta_inscrito_no_podcast VALUES (4, 'f8e13774-d631-4f34-93f0-2f5d55590265', 'usr_11');
INSERT INTO trabalho.comentarios_podcast_usuario VALUES ('comment_11_0_0', 'Asperiores nihil distinctio.', 'f8e13774-d631-4f34-93f0-2f5d55590265', 'usr_11');
INSERT INTO trabalho.comentarios_podcast_usuario VALUES ('comment_11_1_0', 'Est necessitatibus ex rerum odit enim reiciendis ipsum molestias quae.', 'f8e13774-d631-4f34-93f0-2f5d55590265', 'usr_11');
INSERT INTO trabalho.comentarios_podcast_usuario VALUES ('comment_11_2_0', 'Nobis est voluptatum.', 'f8e13774-d631-4f34-93f0-2f5d55590265', 'usr_11');
INSERT INTO trabalho.comentarios_podcast_usuario VALUES ('comment_11_3_0', 'Eveniet autem laboriosam fugit id aut vero ad eos accusamus.', 'f8e13774-d631-4f34-93f0-2f5d55590265', 'usr_11');
INSERT INTO trabalho.comentarios_podcast_usuario VALUES ('comment_11_4_0', 'Voluptate alias iste repellendus quis totam sed quasi enim.', 'f8e13774-d631-4f34-93f0-2f5d55590265', 'usr_11');
INSERT INTO trabalho.log_acesso VALUES ('log_11_0_0', 'f8e13774-d631-4f34-93f0-2f5d55590265', 'usr_11');
INSERT INTO trabalho.log_acesso VALUES ('log_11_1_0', 'f8e13774-d631-4f34-93f0-2f5d55590265', 'usr_11');
INSERT INTO trabalho.log_acesso VALUES ('log_11_2_0', 'f8e13774-d631-4f34-93f0-2f5d55590265', 'usr_11');
INSERT INTO trabalho.log_acesso VALUES ('log_11_3_0', 'f8e13774-d631-4f34-93f0-2f5d55590265', 'usr_11');
INSERT INTO trabalho.usuario_esta_inscrito_no_podcast VALUES (4, '7e429e8e-7669-403d-bb78-3cd7f9f75afd', 'usr_11');
INSERT INTO trabalho.comentarios_podcast_usuario VALUES ('comment_11_0_1', 'Repudiandae quis aut ea impedit odit qui quia sunt.', '7e429e8e-7669-403d-bb78-3cd7f9f75afd', 'usr_11');
INSERT INTO trabalho.comentarios_podcast_usuario VALUES ('comment_11_1_1', 'Dicta minima exercitationem iste nesciunt porro.', '7e429e8e-7669-403d-bb78-3cd7f9f75afd', 'usr_11');
INSERT INTO trabalho.comentarios_podcast_usuario VALUES ('comment_11_2_1', 'Inventore vel ratione aspernatur aut.', '7e429e8e-7669-403d-bb78-3cd7f9f75afd', 'usr_11');
INSERT INTO trabalho.comentarios_podcast_usuario VALUES ('comment_11_3_1', 'Quis quibusdam rerum itaque est.', '7e429e8e-7669-403d-bb78-3cd7f9f75afd', 'usr_11');
INSERT INTO trabalho.log_acesso VALUES ('log_11_0_1', '7e429e8e-7669-403d-bb78-3cd7f9f75afd', 'usr_11');
INSERT INTO trabalho.log_acesso VALUES ('log_11_1_1', '7e429e8e-7669-403d-bb78-3cd7f9f75afd', 'usr_11');
INSERT INTO trabalho.log_acesso VALUES ('log_11_2_1', '7e429e8e-7669-403d-bb78-3cd7f9f75afd', 'usr_11');
INSERT INTO trabalho.usuario_esta_inscrito_no_podcast VALUES (2, 'f0166bd2-8e4d-4308-b5d7-0b3d627c5dc5', 'usr_11');
INSERT INTO trabalho.comentarios_podcast_usuario VALUES ('comment_11_0_2', 'Sint eos tempora deserunt id corporis.', 'f0166bd2-8e4d-4308-b5d7-0b3d627c5dc5', 'usr_11');
INSERT INTO trabalho.log_acesso VALUES ('log_11_0_2', 'f0166bd2-8e4d-4308-b5d7-0b3d627c5dc5', 'usr_11');
INSERT INTO trabalho.log_acesso VALUES ('log_11_1_2', 'f0166bd2-8e4d-4308-b5d7-0b3d627c5dc5', 'usr_11');
INSERT INTO trabalho.log_acesso VALUES ('log_11_2_2', 'f0166bd2-8e4d-4308-b5d7-0b3d627c5dc5', 'usr_11');
INSERT INTO trabalho.log_acesso VALUES ('log_11_3_2', 'f0166bd2-8e4d-4308-b5d7-0b3d627c5dc5', 'usr_11');
INSERT INTO trabalho.usuario VALUES ('usr_12', '12_Fabrcia.Moreira@yahoo.com', 'Fabrícia Moreira', 'female', 15, 'password', 'Bolívia');
INSERT INTO trabalho.usuario_esta_inscrito_no_podcast VALUES (4, '67074e68-bc2f-442b-8af2-7d328b6af6eb', 'usr_12');
INSERT INTO trabalho.comentarios_podcast_usuario VALUES ('comment_12_0_0', 'Numquam et eius ipsum qui tenetur assumenda molestiae minus atque.', '67074e68-bc2f-442b-8af2-7d328b6af6eb', 'usr_12');
INSERT INTO trabalho.comentarios_podcast_usuario VALUES ('comment_12_1_0', 'Voluptatem porro et architecto consequatur nam.', '67074e68-bc2f-442b-8af2-7d328b6af6eb', 'usr_12');
INSERT INTO trabalho.comentarios_podcast_usuario VALUES ('comment_12_2_0', 'Vero dolores ipsam ullam est iure ipsum distinctio voluptas praesentium.', '67074e68-bc2f-442b-8af2-7d328b6af6eb', 'usr_12');
INSERT INTO trabalho.log_acesso VALUES ('log_12_0_0', '67074e68-bc2f-442b-8af2-7d328b6af6eb', 'usr_12');
INSERT INTO trabalho.log_acesso VALUES ('log_12_1_0', '67074e68-bc2f-442b-8af2-7d328b6af6eb', 'usr_12');
INSERT INTO trabalho.log_acesso VALUES ('log_12_2_0', '67074e68-bc2f-442b-8af2-7d328b6af6eb', 'usr_12');
INSERT INTO trabalho.log_acesso VALUES ('log_12_3_0', '67074e68-bc2f-442b-8af2-7d328b6af6eb', 'usr_12');
INSERT INTO trabalho.log_acesso VALUES ('log_12_4_0', '67074e68-bc2f-442b-8af2-7d328b6af6eb', 'usr_12');
INSERT INTO trabalho.usuario_esta_inscrito_no_podcast VALUES (0, '7e429e8e-7669-403d-bb78-3cd7f9f75afd', 'usr_12');
INSERT INTO trabalho.comentarios_podcast_usuario VALUES ('comment_12_0_1', 'Non iusto sequi vero autem voluptas distinctio qui.', '7e429e8e-7669-403d-bb78-3cd7f9f75afd', 'usr_12');
INSERT INTO trabalho.comentarios_podcast_usuario VALUES ('comment_12_1_1', 'Vero sed est totam quidem est.', '7e429e8e-7669-403d-bb78-3cd7f9f75afd', 'usr_12');
INSERT INTO trabalho.comentarios_podcast_usuario VALUES ('comment_12_2_1', 'Dolorum voluptatum doloribus repudiandae voluptatibus.', '7e429e8e-7669-403d-bb78-3cd7f9f75afd', 'usr_12');
INSERT INTO trabalho.comentarios_podcast_usuario VALUES ('comment_12_3_1', 'At optio sit labore et libero corrupti.', '7e429e8e-7669-403d-bb78-3cd7f9f75afd', 'usr_12');
INSERT INTO trabalho.log_acesso VALUES ('log_12_0_1', '7e429e8e-7669-403d-bb78-3cd7f9f75afd', 'usr_12');
INSERT INTO trabalho.log_acesso VALUES ('log_12_1_1', '7e429e8e-7669-403d-bb78-3cd7f9f75afd', 'usr_12');
INSERT INTO trabalho.log_acesso VALUES ('log_12_2_1', '7e429e8e-7669-403d-bb78-3cd7f9f75afd', 'usr_12');
INSERT INTO trabalho.usuario_esta_inscrito_no_podcast VALUES (5, 'c58b280a-56d4-4ad8-8c85-730e4ea86361', 'usr_12');
INSERT INTO trabalho.comentarios_podcast_usuario VALUES ('comment_12_0_2', 'Molestiae fuga non eum omnis quisquam consectetur quia vel.', 'c58b280a-56d4-4ad8-8c85-730e4ea86361', 'usr_12');
INSERT INTO trabalho.comentarios_podcast_usuario VALUES ('comment_12_1_2', 'Laudantium consequatur tempore dolor eligendi.', 'c58b280a-56d4-4ad8-8c85-730e4ea86361', 'usr_12');
INSERT INTO trabalho.comentarios_podcast_usuario VALUES ('comment_12_2_2', 'Voluptates odio qui odio totam quia omnis exercitationem quia.', 'c58b280a-56d4-4ad8-8c85-730e4ea86361', 'usr_12');
INSERT INTO trabalho.log_acesso VALUES ('log_12_0_2', 'c58b280a-56d4-4ad8-8c85-730e4ea86361', 'usr_12');
INSERT INTO trabalho.usuario VALUES ('usr_13', '13_Murilo.Braga89@gmail.com', 'Murilo Braga', 'male', 59, 'password', 'Finlândia');
INSERT INTO trabalho.usuario_esta_inscrito_no_podcast VALUES (1, 'f8e13774-d631-4f34-93f0-2f5d55590265', 'usr_13');
INSERT INTO trabalho.comentarios_podcast_usuario VALUES ('comment_13_0_0', 'Odit minus voluptas cum praesentium ut recusandae nam voluptatibus.', 'f8e13774-d631-4f34-93f0-2f5d55590265', 'usr_13');
INSERT INTO trabalho.comentarios_podcast_usuario VALUES ('comment_13_1_0', 'Voluptatibus suscipit recusandae.', 'f8e13774-d631-4f34-93f0-2f5d55590265', 'usr_13');
INSERT INTO trabalho.comentarios_podcast_usuario VALUES ('comment_13_2_0', 'Quaerat quos sint vero molestias non in tempore.', 'f8e13774-d631-4f34-93f0-2f5d55590265', 'usr_13');
INSERT INTO trabalho.log_acesso VALUES ('log_13_0_0', 'f8e13774-d631-4f34-93f0-2f5d55590265', 'usr_13');
INSERT INTO trabalho.log_acesso VALUES ('log_13_1_0', 'f8e13774-d631-4f34-93f0-2f5d55590265', 'usr_13');
INSERT INTO trabalho.log_acesso VALUES ('log_13_2_0', 'f8e13774-d631-4f34-93f0-2f5d55590265', 'usr_13');
INSERT INTO trabalho.log_acesso VALUES ('log_13_3_0', 'f8e13774-d631-4f34-93f0-2f5d55590265', 'usr_13');
INSERT INTO trabalho.usuario_esta_inscrito_no_podcast VALUES (2, '5bdf7377-8330-4f9f-8efd-e95301c122ce', 'usr_13');
INSERT INTO trabalho.comentarios_podcast_usuario VALUES ('comment_13_0_1', 'Quaerat qui vero ducimus sed.', '5bdf7377-8330-4f9f-8efd-e95301c122ce', 'usr_13');
INSERT INTO trabalho.comentarios_podcast_usuario VALUES ('comment_13_1_1', 'Non quod distinctio et reiciendis.', '5bdf7377-8330-4f9f-8efd-e95301c122ce', 'usr_13');
INSERT INTO trabalho.comentarios_podcast_usuario VALUES ('comment_13_2_1', 'Voluptatem consequatur corporis voluptatem qui nihil omnis sit voluptas.', '5bdf7377-8330-4f9f-8efd-e95301c122ce', 'usr_13');
INSERT INTO trabalho.log_acesso VALUES ('log_13_0_1', '5bdf7377-8330-4f9f-8efd-e95301c122ce', 'usr_13');
INSERT INTO trabalho.log_acesso VALUES ('log_13_1_1', '5bdf7377-8330-4f9f-8efd-e95301c122ce', 'usr_13');
INSERT INTO trabalho.log_acesso VALUES ('log_13_2_1', '5bdf7377-8330-4f9f-8efd-e95301c122ce', 'usr_13');
INSERT INTO trabalho.usuario_esta_inscrito_no_podcast VALUES (5, 'af46a958-b921-47b6-9f87-5c4fdc68ea79', 'usr_13');
INSERT INTO trabalho.comentarios_podcast_usuario VALUES ('comment_13_0_2', 'Illo et possimus.', 'af46a958-b921-47b6-9f87-5c4fdc68ea79', 'usr_13');
INSERT INTO trabalho.comentarios_podcast_usuario VALUES ('comment_13_1_2', 'Eveniet est quaerat perspiciatis sequi ut error.', 'af46a958-b921-47b6-9f87-5c4fdc68ea79', 'usr_13');
INSERT INTO trabalho.comentarios_podcast_usuario VALUES ('comment_13_2_2', 'Vel ut sed fugit.', 'af46a958-b921-47b6-9f87-5c4fdc68ea79', 'usr_13');
INSERT INTO trabalho.log_acesso VALUES ('log_13_0_2', 'af46a958-b921-47b6-9f87-5c4fdc68ea79', 'usr_13');
INSERT INTO trabalho.log_acesso VALUES ('log_13_1_2', 'af46a958-b921-47b6-9f87-5c4fdc68ea79', 'usr_13');
INSERT INTO trabalho.log_acesso VALUES ('log_13_2_2', 'af46a958-b921-47b6-9f87-5c4fdc68ea79', 'usr_13');
INSERT INTO trabalho.usuario VALUES ('usr_14', '14_Nataniel_Silva37@gmail.com', 'Nataniel Silva', 'male', 2, 'password', 'Tajiquistão');
INSERT INTO trabalho.usuario_esta_inscrito_no_podcast VALUES (2, 'f0166bd2-8e4d-4308-b5d7-0b3d627c5dc5', 'usr_14');
INSERT INTO trabalho.comentarios_podcast_usuario VALUES ('comment_14_0_0', 'Laudantium et cum harum ipsam adipisci incidunt qui.', 'f0166bd2-8e4d-4308-b5d7-0b3d627c5dc5', 'usr_14');
INSERT INTO trabalho.comentarios_podcast_usuario VALUES ('comment_14_1_0', 'Alias voluptates quia esse aut quas maiores.', 'f0166bd2-8e4d-4308-b5d7-0b3d627c5dc5', 'usr_14');
INSERT INTO trabalho.comentarios_podcast_usuario VALUES ('comment_14_2_0', 'Ut accusamus ut ratione qui.', 'f0166bd2-8e4d-4308-b5d7-0b3d627c5dc5', 'usr_14');
INSERT INTO trabalho.comentarios_podcast_usuario VALUES ('comment_14_3_0', 'Recusandae consequatur minima sed nostrum aut quibusdam qui.', 'f0166bd2-8e4d-4308-b5d7-0b3d627c5dc5', 'usr_14');
INSERT INTO trabalho.log_acesso VALUES ('log_14_0_0', 'f0166bd2-8e4d-4308-b5d7-0b3d627c5dc5', 'usr_14');
INSERT INTO trabalho.log_acesso VALUES ('log_14_1_0', 'f0166bd2-8e4d-4308-b5d7-0b3d627c5dc5', 'usr_14');
INSERT INTO trabalho.usuario_esta_inscrito_no_podcast VALUES (5, 'f8e13774-d631-4f34-93f0-2f5d55590265', 'usr_14');
INSERT INTO trabalho.comentarios_podcast_usuario VALUES ('comment_14_0_1', 'Voluptas aperiam et est ut quis sit.', 'f8e13774-d631-4f34-93f0-2f5d55590265', 'usr_14');
INSERT INTO trabalho.comentarios_podcast_usuario VALUES ('comment_14_1_1', 'Vel est ipsum at est assumenda.', 'f8e13774-d631-4f34-93f0-2f5d55590265', 'usr_14');
INSERT INTO trabalho.comentarios_podcast_usuario VALUES ('comment_14_2_1', 'Facere laboriosam tenetur incidunt culpa veniam.', 'f8e13774-d631-4f34-93f0-2f5d55590265', 'usr_14');
INSERT INTO trabalho.comentarios_podcast_usuario VALUES ('comment_14_3_1', 'Est consectetur doloribus culpa nostrum porro.', 'f8e13774-d631-4f34-93f0-2f5d55590265', 'usr_14');
INSERT INTO trabalho.log_acesso VALUES ('log_14_0_1', 'f8e13774-d631-4f34-93f0-2f5d55590265', 'usr_14');
INSERT INTO trabalho.log_acesso VALUES ('log_14_1_1', 'f8e13774-d631-4f34-93f0-2f5d55590265', 'usr_14');
INSERT INTO trabalho.log_acesso VALUES ('log_14_2_1', 'f8e13774-d631-4f34-93f0-2f5d55590265', 'usr_14');
INSERT INTO trabalho.log_acesso VALUES ('log_14_3_1', 'f8e13774-d631-4f34-93f0-2f5d55590265', 'usr_14');
INSERT INTO trabalho.log_acesso VALUES ('log_14_4_1', 'f8e13774-d631-4f34-93f0-2f5d55590265', 'usr_14');
INSERT INTO trabalho.log_acesso VALUES ('log_14_5_1', 'f8e13774-d631-4f34-93f0-2f5d55590265', 'usr_14');
INSERT INTO trabalho.usuario_esta_inscrito_no_podcast VALUES (4, 'bc8dac25-793c-4a96-aafc-4ea7020f4f60', 'usr_14');
INSERT INTO trabalho.comentarios_podcast_usuario VALUES ('comment_14_0_2', 'Esse est harum.', 'bc8dac25-793c-4a96-aafc-4ea7020f4f60', 'usr_14');
INSERT INTO trabalho.comentarios_podcast_usuario VALUES ('comment_14_1_2', 'Deserunt ab laborum optio ut ut architecto sit.', 'bc8dac25-793c-4a96-aafc-4ea7020f4f60', 'usr_14');
INSERT INTO trabalho.log_acesso VALUES ('log_14_0_2', 'bc8dac25-793c-4a96-aafc-4ea7020f4f60', 'usr_14');
INSERT INTO trabalho.usuario VALUES ('usr_15', '15_JlioCsar.Carvalho12@hotmail.com', 'Júlio César Carvalho', 'male', 34, 'password', 'Brunei');
INSERT INTO trabalho.usuario_esta_inscrito_no_podcast VALUES (2, 'f0166bd2-8e4d-4308-b5d7-0b3d627c5dc5', 'usr_15');
INSERT INTO trabalho.comentarios_podcast_usuario VALUES ('comment_15_0_0', 'Non quidem aut esse architecto iure fugiat in.', 'f0166bd2-8e4d-4308-b5d7-0b3d627c5dc5', 'usr_15');
INSERT INTO trabalho.comentarios_podcast_usuario VALUES ('comment_15_1_0', 'Fugiat provident dolorem quae quasi officia quos.', 'f0166bd2-8e4d-4308-b5d7-0b3d627c5dc5', 'usr_15');
INSERT INTO trabalho.log_acesso VALUES ('log_15_0_0', 'f0166bd2-8e4d-4308-b5d7-0b3d627c5dc5', 'usr_15');
INSERT INTO trabalho.log_acesso VALUES ('log_15_1_0', 'f0166bd2-8e4d-4308-b5d7-0b3d627c5dc5', 'usr_15');
INSERT INTO trabalho.usuario_esta_inscrito_no_podcast VALUES (0, '67074e68-bc2f-442b-8af2-7d328b6af6eb', 'usr_15');
INSERT INTO trabalho.comentarios_podcast_usuario VALUES ('comment_15_0_1', 'Deserunt mollitia dolor illo aperiam.', '67074e68-bc2f-442b-8af2-7d328b6af6eb', 'usr_15');
INSERT INTO trabalho.comentarios_podcast_usuario VALUES ('comment_15_1_1', 'Est pariatur reprehenderit.', '67074e68-bc2f-442b-8af2-7d328b6af6eb', 'usr_15');
INSERT INTO trabalho.log_acesso VALUES ('log_15_0_1', '67074e68-bc2f-442b-8af2-7d328b6af6eb', 'usr_15');
INSERT INTO trabalho.log_acesso VALUES ('log_15_1_1', '67074e68-bc2f-442b-8af2-7d328b6af6eb', 'usr_15');
INSERT INTO trabalho.log_acesso VALUES ('log_15_2_1', '67074e68-bc2f-442b-8af2-7d328b6af6eb', 'usr_15');
INSERT INTO trabalho.usuario_esta_inscrito_no_podcast VALUES (5, 'af46a958-b921-47b6-9f87-5c4fdc68ea79', 'usr_15');
INSERT INTO trabalho.comentarios_podcast_usuario VALUES ('comment_15_0_2', 'Magni qui excepturi molestiae dolorum est magnam qui.', 'af46a958-b921-47b6-9f87-5c4fdc68ea79', 'usr_15');
INSERT INTO trabalho.comentarios_podcast_usuario VALUES ('comment_15_1_2', 'Distinctio neque modi enim aliquid cum.', 'af46a958-b921-47b6-9f87-5c4fdc68ea79', 'usr_15');
INSERT INTO trabalho.comentarios_podcast_usuario VALUES ('comment_15_2_2', 'Est velit laboriosam qui voluptates voluptas.', 'af46a958-b921-47b6-9f87-5c4fdc68ea79', 'usr_15');
INSERT INTO trabalho.log_acesso VALUES ('log_15_0_2', 'af46a958-b921-47b6-9f87-5c4fdc68ea79', 'usr_15');
INSERT INTO trabalho.log_acesso VALUES ('log_15_1_2', 'af46a958-b921-47b6-9f87-5c4fdc68ea79', 'usr_15');
INSERT INTO trabalho.log_acesso VALUES ('log_15_2_2', 'af46a958-b921-47b6-9f87-5c4fdc68ea79', 'usr_15');
INSERT INTO trabalho.log_acesso VALUES ('log_15_3_2', 'af46a958-b921-47b6-9f87-5c4fdc68ea79', 'usr_15');
INSERT INTO trabalho.log_acesso VALUES ('log_15_4_2', 'af46a958-b921-47b6-9f87-5c4fdc68ea79', 'usr_15');
INSERT INTO trabalho.log_acesso VALUES ('log_15_5_2', 'af46a958-b921-47b6-9f87-5c4fdc68ea79', 'usr_15');
INSERT INTO trabalho.usuario VALUES ('usr_16', '16_Elsio.Batista@hotmail.com', 'Elísio Batista', 'male', 60, 'password', 'Chipre');
INSERT INTO trabalho.usuario_esta_inscrito_no_podcast VALUES (5, 'af46a958-b921-47b6-9f87-5c4fdc68ea79', 'usr_16');
INSERT INTO trabalho.comentarios_podcast_usuario VALUES ('comment_16_0_0', 'Unde nihil id autem reprehenderit molestias reiciendis ut ut repellat.', 'af46a958-b921-47b6-9f87-5c4fdc68ea79', 'usr_16');
INSERT INTO trabalho.comentarios_podcast_usuario VALUES ('comment_16_1_0', 'Maxime libero ut qui sit tempore.', 'af46a958-b921-47b6-9f87-5c4fdc68ea79', 'usr_16');
INSERT INTO trabalho.comentarios_podcast_usuario VALUES ('comment_16_2_0', 'Consequatur ut sed nemo aut cum minus iure molestiae error.', 'af46a958-b921-47b6-9f87-5c4fdc68ea79', 'usr_16');
INSERT INTO trabalho.comentarios_podcast_usuario VALUES ('comment_16_3_0', 'Tenetur tenetur repellat et consequatur ipsum ratione.', 'af46a958-b921-47b6-9f87-5c4fdc68ea79', 'usr_16');
INSERT INTO trabalho.comentarios_podcast_usuario VALUES ('comment_16_4_0', 'Fuga cupiditate possimus.', 'af46a958-b921-47b6-9f87-5c4fdc68ea79', 'usr_16');
INSERT INTO trabalho.log_acesso VALUES ('log_16_0_0', 'af46a958-b921-47b6-9f87-5c4fdc68ea79', 'usr_16');
INSERT INTO trabalho.log_acesso VALUES ('log_16_1_0', 'af46a958-b921-47b6-9f87-5c4fdc68ea79', 'usr_16');
INSERT INTO trabalho.usuario_esta_inscrito_no_podcast VALUES (0, '168c1536-4c42-4b8f-8c77-f06affefec6a', 'usr_16');
INSERT INTO trabalho.comentarios_podcast_usuario VALUES ('comment_16_0_1', 'Quasi natus tempore.', '168c1536-4c42-4b8f-8c77-f06affefec6a', 'usr_16');
INSERT INTO trabalho.comentarios_podcast_usuario VALUES ('comment_16_1_1', 'Ipsum ipsa magni rerum sit consequatur distinctio earum ut et.', '168c1536-4c42-4b8f-8c77-f06affefec6a', 'usr_16');
INSERT INTO trabalho.comentarios_podcast_usuario VALUES ('comment_16_2_1', 'Molestiae tempora provident nisi possimus et qui ratione voluptatum asperiores.', '168c1536-4c42-4b8f-8c77-f06affefec6a', 'usr_16');
INSERT INTO trabalho.log_acesso VALUES ('log_16_0_1', '168c1536-4c42-4b8f-8c77-f06affefec6a', 'usr_16');
INSERT INTO trabalho.log_acesso VALUES ('log_16_1_1', '168c1536-4c42-4b8f-8c77-f06affefec6a', 'usr_16');
INSERT INTO trabalho.log_acesso VALUES ('log_16_2_1', '168c1536-4c42-4b8f-8c77-f06affefec6a', 'usr_16');
INSERT INTO trabalho.log_acesso VALUES ('log_16_3_1', '168c1536-4c42-4b8f-8c77-f06affefec6a', 'usr_16');
INSERT INTO trabalho.log_acesso VALUES ('log_16_4_1', '168c1536-4c42-4b8f-8c77-f06affefec6a', 'usr_16');
INSERT INTO trabalho.log_acesso VALUES ('log_16_5_1', '168c1536-4c42-4b8f-8c77-f06affefec6a', 'usr_16');
INSERT INTO trabalho.usuario_esta_inscrito_no_podcast VALUES (0, 'fa3abe16-3645-4d22-a01d-893e6f20c408', 'usr_16');
INSERT INTO trabalho.comentarios_podcast_usuario VALUES ('comment_16_0_2', 'Voluptas dolores est.', 'fa3abe16-3645-4d22-a01d-893e6f20c408', 'usr_16');
INSERT INTO trabalho.comentarios_podcast_usuario VALUES ('comment_16_1_2', 'Dolores adipisci quidem nostrum quia voluptatem eos.', 'fa3abe16-3645-4d22-a01d-893e6f20c408', 'usr_16');
INSERT INTO trabalho.comentarios_podcast_usuario VALUES ('comment_16_2_2', 'Dolor voluptatum totam dolorum sapiente et.', 'fa3abe16-3645-4d22-a01d-893e6f20c408', 'usr_16');
INSERT INTO trabalho.comentarios_podcast_usuario VALUES ('comment_16_3_2', 'Esse necessitatibus quis dolores cum.', 'fa3abe16-3645-4d22-a01d-893e6f20c408', 'usr_16');
INSERT INTO trabalho.log_acesso VALUES ('log_16_0_2', 'fa3abe16-3645-4d22-a01d-893e6f20c408', 'usr_16');
INSERT INTO trabalho.log_acesso VALUES ('log_16_1_2', 'fa3abe16-3645-4d22-a01d-893e6f20c408', 'usr_16');
INSERT INTO trabalho.log_acesso VALUES ('log_16_2_2', 'fa3abe16-3645-4d22-a01d-893e6f20c408', 'usr_16');
INSERT INTO trabalho.log_acesso VALUES ('log_16_3_2', 'fa3abe16-3645-4d22-a01d-893e6f20c408', 'usr_16');
INSERT INTO trabalho.usuario VALUES ('usr_17', '17_Anthony.Costa51@bol.com.br', 'Anthony Costa', 'male', 21, 'password', 'Mali');
INSERT INTO trabalho.usuario_esta_inscrito_no_podcast VALUES (4, '67074e68-bc2f-442b-8af2-7d328b6af6eb', 'usr_17');
INSERT INTO trabalho.comentarios_podcast_usuario VALUES ('comment_17_0_0', 'Laboriosam doloribus id.', '67074e68-bc2f-442b-8af2-7d328b6af6eb', 'usr_17');
INSERT INTO trabalho.comentarios_podcast_usuario VALUES ('comment_17_1_0', 'Eveniet consequuntur deleniti blanditiis et.', '67074e68-bc2f-442b-8af2-7d328b6af6eb', 'usr_17');
INSERT INTO trabalho.comentarios_podcast_usuario VALUES ('comment_17_2_0', 'Dolore et nulla necessitatibus.', '67074e68-bc2f-442b-8af2-7d328b6af6eb', 'usr_17');
INSERT INTO trabalho.comentarios_podcast_usuario VALUES ('comment_17_3_0', 'Voluptatem veritatis deserunt tenetur.', '67074e68-bc2f-442b-8af2-7d328b6af6eb', 'usr_17');
INSERT INTO trabalho.comentarios_podcast_usuario VALUES ('comment_17_4_0', 'Ducimus molestiae nihil in quas quasi optio rem ad.', '67074e68-bc2f-442b-8af2-7d328b6af6eb', 'usr_17');
INSERT INTO trabalho.log_acesso VALUES ('log_17_0_0', '67074e68-bc2f-442b-8af2-7d328b6af6eb', 'usr_17');
INSERT INTO trabalho.log_acesso VALUES ('log_17_1_0', '67074e68-bc2f-442b-8af2-7d328b6af6eb', 'usr_17');
INSERT INTO trabalho.log_acesso VALUES ('log_17_2_0', '67074e68-bc2f-442b-8af2-7d328b6af6eb', 'usr_17');
INSERT INTO trabalho.usuario_esta_inscrito_no_podcast VALUES (2, 'de2f0ddb-9903-436a-a5e2-54224254c818', 'usr_17');
INSERT INTO trabalho.comentarios_podcast_usuario VALUES ('comment_17_0_1', 'Excepturi eos dolorum facere fugit et non quia voluptates.', 'de2f0ddb-9903-436a-a5e2-54224254c818', 'usr_17');
INSERT INTO trabalho.comentarios_podcast_usuario VALUES ('comment_17_1_1', 'Quasi qui ut magnam eveniet.', 'de2f0ddb-9903-436a-a5e2-54224254c818', 'usr_17');
INSERT INTO trabalho.comentarios_podcast_usuario VALUES ('comment_17_2_1', 'Omnis corrupti ad dolor nemo libero libero illum voluptatem praesentium.', 'de2f0ddb-9903-436a-a5e2-54224254c818', 'usr_17');
INSERT INTO trabalho.log_acesso VALUES ('log_17_0_1', 'de2f0ddb-9903-436a-a5e2-54224254c818', 'usr_17');
INSERT INTO trabalho.log_acesso VALUES ('log_17_1_1', 'de2f0ddb-9903-436a-a5e2-54224254c818', 'usr_17');
INSERT INTO trabalho.log_acesso VALUES ('log_17_2_1', 'de2f0ddb-9903-436a-a5e2-54224254c818', 'usr_17');
INSERT INTO trabalho.log_acesso VALUES ('log_17_3_1', 'de2f0ddb-9903-436a-a5e2-54224254c818', 'usr_17');
INSERT INTO trabalho.usuario_esta_inscrito_no_podcast VALUES (2, 'f0166bd2-8e4d-4308-b5d7-0b3d627c5dc5', 'usr_17');
INSERT INTO trabalho.comentarios_podcast_usuario VALUES ('comment_17_0_2', 'Reprehenderit est vel autem recusandae.', 'f0166bd2-8e4d-4308-b5d7-0b3d627c5dc5', 'usr_17');
INSERT INTO trabalho.comentarios_podcast_usuario VALUES ('comment_17_1_2', 'Cumque cumque ad doloremque et ex ad exercitationem quis.', 'f0166bd2-8e4d-4308-b5d7-0b3d627c5dc5', 'usr_17');
INSERT INTO trabalho.comentarios_podcast_usuario VALUES ('comment_17_2_2', 'Suscipit autem dolorum reiciendis qui neque.', 'f0166bd2-8e4d-4308-b5d7-0b3d627c5dc5', 'usr_17');
INSERT INTO trabalho.comentarios_podcast_usuario VALUES ('comment_17_3_2', 'Veritatis repellat aut inventore non consectetur.', 'f0166bd2-8e4d-4308-b5d7-0b3d627c5dc5', 'usr_17');
INSERT INTO trabalho.log_acesso VALUES ('log_17_0_2', 'f0166bd2-8e4d-4308-b5d7-0b3d627c5dc5', 'usr_17');
INSERT INTO trabalho.log_acesso VALUES ('log_17_1_2', 'f0166bd2-8e4d-4308-b5d7-0b3d627c5dc5', 'usr_17');
INSERT INTO trabalho.usuario VALUES ('usr_18', '18_Sirineu_Costa16@live.com', 'Sirineu Costa', 'male', 2, 'password', 'Espanha');
INSERT INTO trabalho.usuario_esta_inscrito_no_podcast VALUES (4, 'f1b92ce7-47a7-43cd-8586-4a09185cdd05', 'usr_18');
INSERT INTO trabalho.comentarios_podcast_usuario VALUES ('comment_18_0_0', 'Quia omnis expedita sit voluptatibus quis et.', 'f1b92ce7-47a7-43cd-8586-4a09185cdd05', 'usr_18');
INSERT INTO trabalho.comentarios_podcast_usuario VALUES ('comment_18_1_0', 'Excepturi dolore totam.', 'f1b92ce7-47a7-43cd-8586-4a09185cdd05', 'usr_18');
INSERT INTO trabalho.comentarios_podcast_usuario VALUES ('comment_18_2_0', 'Omnis dolor omnis cupiditate quisquam vitae necessitatibus et.', 'f1b92ce7-47a7-43cd-8586-4a09185cdd05', 'usr_18');
INSERT INTO trabalho.comentarios_podcast_usuario VALUES ('comment_18_3_0', 'Esse aliquid voluptas voluptatum fuga nobis consequuntur natus.', 'f1b92ce7-47a7-43cd-8586-4a09185cdd05', 'usr_18');
INSERT INTO trabalho.comentarios_podcast_usuario VALUES ('comment_18_4_0', 'Et quidem quasi sint.', 'f1b92ce7-47a7-43cd-8586-4a09185cdd05', 'usr_18');
INSERT INTO trabalho.log_acesso VALUES ('log_18_0_0', 'f1b92ce7-47a7-43cd-8586-4a09185cdd05', 'usr_18');
INSERT INTO trabalho.log_acesso VALUES ('log_18_1_0', 'f1b92ce7-47a7-43cd-8586-4a09185cdd05', 'usr_18');
INSERT INTO trabalho.log_acesso VALUES ('log_18_2_0', 'f1b92ce7-47a7-43cd-8586-4a09185cdd05', 'usr_18');
INSERT INTO trabalho.log_acesso VALUES ('log_18_3_0', 'f1b92ce7-47a7-43cd-8586-4a09185cdd05', 'usr_18');
INSERT INTO trabalho.usuario_esta_inscrito_no_podcast VALUES (1, '67074e68-bc2f-442b-8af2-7d328b6af6eb', 'usr_18');
INSERT INTO trabalho.comentarios_podcast_usuario VALUES ('comment_18_0_1', 'Animi praesentium aperiam necessitatibus laborum aut et modi.', '67074e68-bc2f-442b-8af2-7d328b6af6eb', 'usr_18');
INSERT INTO trabalho.comentarios_podcast_usuario VALUES ('comment_18_1_1', 'In aut ex ratione voluptas.', '67074e68-bc2f-442b-8af2-7d328b6af6eb', 'usr_18');
INSERT INTO trabalho.log_acesso VALUES ('log_18_0_1', '67074e68-bc2f-442b-8af2-7d328b6af6eb', 'usr_18');
INSERT INTO trabalho.log_acesso VALUES ('log_18_1_1', '67074e68-bc2f-442b-8af2-7d328b6af6eb', 'usr_18');
INSERT INTO trabalho.log_acesso VALUES ('log_18_2_1', '67074e68-bc2f-442b-8af2-7d328b6af6eb', 'usr_18');
INSERT INTO trabalho.usuario_esta_inscrito_no_podcast VALUES (5, 'c58b280a-56d4-4ad8-8c85-730e4ea86361', 'usr_18');
INSERT INTO trabalho.comentarios_podcast_usuario VALUES ('comment_18_0_2', 'Omnis sint repudiandae eligendi omnis voluptatem maxime sit in.', 'c58b280a-56d4-4ad8-8c85-730e4ea86361', 'usr_18');
INSERT INTO trabalho.log_acesso VALUES ('log_18_0_2', 'c58b280a-56d4-4ad8-8c85-730e4ea86361', 'usr_18');
INSERT INTO trabalho.log_acesso VALUES ('log_18_1_2', 'c58b280a-56d4-4ad8-8c85-730e4ea86361', 'usr_18');
INSERT INTO trabalho.log_acesso VALUES ('log_18_2_2', 'c58b280a-56d4-4ad8-8c85-730e4ea86361', 'usr_18');
INSERT INTO trabalho.usuario VALUES ('usr_19', '19_Mariana_Oliveira60@live.com', 'Mariana Oliveira', 'female', 45, 'password', 'Coreia do Norte');
INSERT INTO trabalho.usuario_esta_inscrito_no_podcast VALUES (3, 'c58b280a-56d4-4ad8-8c85-730e4ea86361', 'usr_19');
INSERT INTO trabalho.comentarios_podcast_usuario VALUES ('comment_19_0_0', 'Dignissimos molestiae veniam veniam qui aperiam eveniet dolorem ratione.', 'c58b280a-56d4-4ad8-8c85-730e4ea86361', 'usr_19');
INSERT INTO trabalho.comentarios_podcast_usuario VALUES ('comment_19_1_0', 'Nihil nobis reiciendis.', 'c58b280a-56d4-4ad8-8c85-730e4ea86361', 'usr_19');
INSERT INTO trabalho.log_acesso VALUES ('log_19_0_0', 'c58b280a-56d4-4ad8-8c85-730e4ea86361', 'usr_19');
INSERT INTO trabalho.log_acesso VALUES ('log_19_1_0', 'c58b280a-56d4-4ad8-8c85-730e4ea86361', 'usr_19');
INSERT INTO trabalho.log_acesso VALUES ('log_19_2_0', 'c58b280a-56d4-4ad8-8c85-730e4ea86361', 'usr_19');
INSERT INTO trabalho.log_acesso VALUES ('log_19_3_0', 'c58b280a-56d4-4ad8-8c85-730e4ea86361', 'usr_19');
INSERT INTO trabalho.log_acesso VALUES ('log_19_4_0', 'c58b280a-56d4-4ad8-8c85-730e4ea86361', 'usr_19');
INSERT INTO trabalho.usuario_esta_inscrito_no_podcast VALUES (0, 'af46a958-b921-47b6-9f87-5c4fdc68ea79', 'usr_19');
INSERT INTO trabalho.comentarios_podcast_usuario VALUES ('comment_19_0_1', 'Esse eius dolore aut non cumque.', 'af46a958-b921-47b6-9f87-5c4fdc68ea79', 'usr_19');
INSERT INTO trabalho.comentarios_podcast_usuario VALUES ('comment_19_1_1', 'Blanditiis animi voluptatum odio eaque.', 'af46a958-b921-47b6-9f87-5c4fdc68ea79', 'usr_19');
INSERT INTO trabalho.comentarios_podcast_usuario VALUES ('comment_19_2_1', 'Temporibus fugiat animi sed ex qui rerum.', 'af46a958-b921-47b6-9f87-5c4fdc68ea79', 'usr_19');
INSERT INTO trabalho.comentarios_podcast_usuario VALUES ('comment_19_3_1', 'Quos ut aut fugit quia incidunt earum non.', 'af46a958-b921-47b6-9f87-5c4fdc68ea79', 'usr_19');
INSERT INTO trabalho.log_acesso VALUES ('log_19_0_1', 'af46a958-b921-47b6-9f87-5c4fdc68ea79', 'usr_19');
INSERT INTO trabalho.log_acesso VALUES ('log_19_1_1', 'af46a958-b921-47b6-9f87-5c4fdc68ea79', 'usr_19');
INSERT INTO trabalho.usuario_esta_inscrito_no_podcast VALUES (1, 'f1b92ce7-47a7-43cd-8586-4a09185cdd05', 'usr_19');
INSERT INTO trabalho.comentarios_podcast_usuario VALUES ('comment_19_0_2', 'Quasi omnis est nihil est molestiae quos vel.', 'f1b92ce7-47a7-43cd-8586-4a09185cdd05', 'usr_19');
INSERT INTO trabalho.comentarios_podcast_usuario VALUES ('comment_19_1_2', 'Inventore expedita quia praesentium cumque sit.', 'f1b92ce7-47a7-43cd-8586-4a09185cdd05', 'usr_19');
INSERT INTO trabalho.log_acesso VALUES ('log_19_0_2', 'f1b92ce7-47a7-43cd-8586-4a09185cdd05', 'usr_19');
INSERT INTO trabalho.usuario VALUES ('usr_20', '20_MariaEduarda.Oliveira@live.com', 'Maria Eduarda Oliveira', 'female', 42, 'password', 'Taiwan');
INSERT INTO trabalho.usuario_esta_inscrito_no_podcast VALUES (0, '7e429e8e-7669-403d-bb78-3cd7f9f75afd', 'usr_20');
INSERT INTO trabalho.comentarios_podcast_usuario VALUES ('comment_20_0_0', 'Aut veritatis fugit sunt neque natus sit ut neque.', '7e429e8e-7669-403d-bb78-3cd7f9f75afd', 'usr_20');
INSERT INTO trabalho.log_acesso VALUES ('log_20_0_0', '7e429e8e-7669-403d-bb78-3cd7f9f75afd', 'usr_20');
INSERT INTO trabalho.log_acesso VALUES ('log_20_1_0', '7e429e8e-7669-403d-bb78-3cd7f9f75afd', 'usr_20');
INSERT INTO trabalho.log_acesso VALUES ('log_20_2_0', '7e429e8e-7669-403d-bb78-3cd7f9f75afd', 'usr_20');
INSERT INTO trabalho.log_acesso VALUES ('log_20_3_0', '7e429e8e-7669-403d-bb78-3cd7f9f75afd', 'usr_20');
INSERT INTO trabalho.log_acesso VALUES ('log_20_4_0', '7e429e8e-7669-403d-bb78-3cd7f9f75afd', 'usr_20');
INSERT INTO trabalho.usuario_esta_inscrito_no_podcast VALUES (2, 'c58b280a-56d4-4ad8-8c85-730e4ea86361', 'usr_20');
INSERT INTO trabalho.comentarios_podcast_usuario VALUES ('comment_20_0_1', 'Aut ut libero temporibus eaque illum et dolorem perferendis.', 'c58b280a-56d4-4ad8-8c85-730e4ea86361', 'usr_20');
INSERT INTO trabalho.log_acesso VALUES ('log_20_0_1', 'c58b280a-56d4-4ad8-8c85-730e4ea86361', 'usr_20');
INSERT INTO trabalho.log_acesso VALUES ('log_20_1_1', 'c58b280a-56d4-4ad8-8c85-730e4ea86361', 'usr_20');
INSERT INTO trabalho.log_acesso VALUES ('log_20_2_1', 'c58b280a-56d4-4ad8-8c85-730e4ea86361', 'usr_20');
INSERT INTO trabalho.log_acesso VALUES ('log_20_3_1', 'c58b280a-56d4-4ad8-8c85-730e4ea86361', 'usr_20');
INSERT INTO trabalho.log_acesso VALUES ('log_20_4_1', 'c58b280a-56d4-4ad8-8c85-730e4ea86361', 'usr_20');
INSERT INTO trabalho.usuario_esta_inscrito_no_podcast VALUES (4, 'af46a958-b921-47b6-9f87-5c4fdc68ea79', 'usr_20');
INSERT INTO trabalho.comentarios_podcast_usuario VALUES ('comment_20_0_2', 'Asperiores quisquam eum.', 'af46a958-b921-47b6-9f87-5c4fdc68ea79', 'usr_20');
INSERT INTO trabalho.comentarios_podcast_usuario VALUES ('comment_20_1_2', 'Iure nisi at alias iste illo aliquam nisi earum non.', 'af46a958-b921-47b6-9f87-5c4fdc68ea79', 'usr_20');
INSERT INTO trabalho.comentarios_podcast_usuario VALUES ('comment_20_2_2', 'Voluptatem eius et quia tempore deleniti facere vel quia.', 'af46a958-b921-47b6-9f87-5c4fdc68ea79', 'usr_20');
INSERT INTO trabalho.log_acesso VALUES ('log_20_0_2', 'af46a958-b921-47b6-9f87-5c4fdc68ea79', 'usr_20');
INSERT INTO trabalho.log_acesso VALUES ('log_20_1_2', 'af46a958-b921-47b6-9f87-5c4fdc68ea79', 'usr_20');
INSERT INTO trabalho.log_acesso VALUES ('log_20_2_2', 'af46a958-b921-47b6-9f87-5c4fdc68ea79', 'usr_20');
INSERT INTO trabalho.log_acesso VALUES ('log_20_3_2', 'af46a958-b921-47b6-9f87-5c4fdc68ea79', 'usr_20');
INSERT INTO trabalho.usuario VALUES ('usr_21', '21_Ceclia.Reis@live.com', 'Cecília Reis', 'female', 31, 'password', 'Suécia');
INSERT INTO trabalho.usuario_esta_inscrito_no_podcast VALUES (4, 'de2f0ddb-9903-436a-a5e2-54224254c818', 'usr_21');
INSERT INTO trabalho.comentarios_podcast_usuario VALUES ('comment_21_0_0', 'Amet iste quas id sapiente excepturi laudantium nihil.', 'de2f0ddb-9903-436a-a5e2-54224254c818', 'usr_21');
INSERT INTO trabalho.comentarios_podcast_usuario VALUES ('comment_21_1_0', 'Perferendis doloribus tempora.', 'de2f0ddb-9903-436a-a5e2-54224254c818', 'usr_21');
INSERT INTO trabalho.comentarios_podcast_usuario VALUES ('comment_21_2_0', 'Sunt vitae necessitatibus dolorem accusamus magnam.', 'de2f0ddb-9903-436a-a5e2-54224254c818', 'usr_21');
INSERT INTO trabalho.comentarios_podcast_usuario VALUES ('comment_21_3_0', 'Et non id quis cumque.', 'de2f0ddb-9903-436a-a5e2-54224254c818', 'usr_21');
INSERT INTO trabalho.log_acesso VALUES ('log_21_0_0', 'de2f0ddb-9903-436a-a5e2-54224254c818', 'usr_21');
INSERT INTO trabalho.log_acesso VALUES ('log_21_1_0', 'de2f0ddb-9903-436a-a5e2-54224254c818', 'usr_21');
INSERT INTO trabalho.log_acesso VALUES ('log_21_2_0', 'de2f0ddb-9903-436a-a5e2-54224254c818', 'usr_21');
INSERT INTO trabalho.log_acesso VALUES ('log_21_3_0', 'de2f0ddb-9903-436a-a5e2-54224254c818', 'usr_21');
INSERT INTO trabalho.usuario_esta_inscrito_no_podcast VALUES (4, '67074e68-bc2f-442b-8af2-7d328b6af6eb', 'usr_21');
INSERT INTO trabalho.comentarios_podcast_usuario VALUES ('comment_21_0_1', 'Quia fugit explicabo ducimus nobis ratione sapiente.', '67074e68-bc2f-442b-8af2-7d328b6af6eb', 'usr_21');
INSERT INTO trabalho.comentarios_podcast_usuario VALUES ('comment_21_1_1', 'Deleniti dicta consequuntur consequatur laborum nihil enim rerum nulla suscipit.', '67074e68-bc2f-442b-8af2-7d328b6af6eb', 'usr_21');
INSERT INTO trabalho.comentarios_podcast_usuario VALUES ('comment_21_2_1', 'Culpa laborum dolor vel facere veritatis.', '67074e68-bc2f-442b-8af2-7d328b6af6eb', 'usr_21');
INSERT INTO trabalho.comentarios_podcast_usuario VALUES ('comment_21_3_1', 'Neque quisquam doloribus tempora.', '67074e68-bc2f-442b-8af2-7d328b6af6eb', 'usr_21');
INSERT INTO trabalho.comentarios_podcast_usuario VALUES ('comment_21_4_1', 'Voluptatum possimus nemo non.', '67074e68-bc2f-442b-8af2-7d328b6af6eb', 'usr_21');
INSERT INTO trabalho.log_acesso VALUES ('log_21_0_1', '67074e68-bc2f-442b-8af2-7d328b6af6eb', 'usr_21');
INSERT INTO trabalho.log_acesso VALUES ('log_21_1_1', '67074e68-bc2f-442b-8af2-7d328b6af6eb', 'usr_21');
INSERT INTO trabalho.log_acesso VALUES ('log_21_2_1', '67074e68-bc2f-442b-8af2-7d328b6af6eb', 'usr_21');
INSERT INTO trabalho.usuario_esta_inscrito_no_podcast VALUES (0, 'af46a958-b921-47b6-9f87-5c4fdc68ea79', 'usr_21');
INSERT INTO trabalho.comentarios_podcast_usuario VALUES ('comment_21_0_2', 'Ut commodi quas eligendi qui vero sit sit voluptate voluptate.', 'af46a958-b921-47b6-9f87-5c4fdc68ea79', 'usr_21');
INSERT INTO trabalho.comentarios_podcast_usuario VALUES ('comment_21_1_2', 'Repellat in magni et voluptatem.', 'af46a958-b921-47b6-9f87-5c4fdc68ea79', 'usr_21');
INSERT INTO trabalho.comentarios_podcast_usuario VALUES ('comment_21_2_2', 'Debitis dolores quia voluptatem iure autem.', 'af46a958-b921-47b6-9f87-5c4fdc68ea79', 'usr_21');
INSERT INTO trabalho.comentarios_podcast_usuario VALUES ('comment_21_3_2', 'Quia voluptatem minus dicta pariatur aliquid dolores architecto.', 'af46a958-b921-47b6-9f87-5c4fdc68ea79', 'usr_21');
INSERT INTO trabalho.log_acesso VALUES ('log_21_0_2', 'af46a958-b921-47b6-9f87-5c4fdc68ea79', 'usr_21');
INSERT INTO trabalho.log_acesso VALUES ('log_21_1_2', 'af46a958-b921-47b6-9f87-5c4fdc68ea79', 'usr_21');
INSERT INTO trabalho.log_acesso VALUES ('log_21_2_2', 'af46a958-b921-47b6-9f87-5c4fdc68ea79', 'usr_21');
INSERT INTO trabalho.log_acesso VALUES ('log_21_3_2', 'af46a958-b921-47b6-9f87-5c4fdc68ea79', 'usr_21');
INSERT INTO trabalho.usuario VALUES ('usr_22', '22_Isabel56@yahoo.com', 'Isabel Souza', 'female', 53, 'password', 'Lesoto');
INSERT INTO trabalho.usuario_esta_inscrito_no_podcast VALUES (4, '67074e68-bc2f-442b-8af2-7d328b6af6eb', 'usr_22');
INSERT INTO trabalho.comentarios_podcast_usuario VALUES ('comment_22_0_0', 'Quod ducimus ut quis nam in reiciendis.', '67074e68-bc2f-442b-8af2-7d328b6af6eb', 'usr_22');
INSERT INTO trabalho.comentarios_podcast_usuario VALUES ('comment_22_1_0', 'Atque suscipit impedit.', '67074e68-bc2f-442b-8af2-7d328b6af6eb', 'usr_22');
INSERT INTO trabalho.comentarios_podcast_usuario VALUES ('comment_22_2_0', 'Quos natus ipsum excepturi quo provident optio nesciunt.', '67074e68-bc2f-442b-8af2-7d328b6af6eb', 'usr_22');
INSERT INTO trabalho.comentarios_podcast_usuario VALUES ('comment_22_3_0', 'Incidunt doloremque porro.', '67074e68-bc2f-442b-8af2-7d328b6af6eb', 'usr_22');
INSERT INTO trabalho.comentarios_podcast_usuario VALUES ('comment_22_4_0', 'Ipsum nam occaecati suscipit eum molestiae.', '67074e68-bc2f-442b-8af2-7d328b6af6eb', 'usr_22');
INSERT INTO trabalho.comentarios_podcast_usuario VALUES ('comment_22_5_0', 'Eveniet et earum.', '67074e68-bc2f-442b-8af2-7d328b6af6eb', 'usr_22');
INSERT INTO trabalho.log_acesso VALUES ('log_22_0_0', '67074e68-bc2f-442b-8af2-7d328b6af6eb', 'usr_22');
INSERT INTO trabalho.log_acesso VALUES ('log_22_1_0', '67074e68-bc2f-442b-8af2-7d328b6af6eb', 'usr_22');
INSERT INTO trabalho.usuario_esta_inscrito_no_podcast VALUES (3, 'fa3abe16-3645-4d22-a01d-893e6f20c408', 'usr_22');
INSERT INTO trabalho.comentarios_podcast_usuario VALUES ('comment_22_0_1', 'Sit vel animi.', 'fa3abe16-3645-4d22-a01d-893e6f20c408', 'usr_22');
INSERT INTO trabalho.comentarios_podcast_usuario VALUES ('comment_22_1_1', 'Sit ad qui corporis ad quidem rerum eos.', 'fa3abe16-3645-4d22-a01d-893e6f20c408', 'usr_22');
INSERT INTO trabalho.comentarios_podcast_usuario VALUES ('comment_22_2_1', 'Eos aut animi et dolores omnis est quisquam perspiciatis eveniet.', 'fa3abe16-3645-4d22-a01d-893e6f20c408', 'usr_22');
INSERT INTO trabalho.comentarios_podcast_usuario VALUES ('comment_22_3_1', 'Id recusandae quam placeat consequuntur tenetur incidunt distinctio.', 'fa3abe16-3645-4d22-a01d-893e6f20c408', 'usr_22');
INSERT INTO trabalho.comentarios_podcast_usuario VALUES ('comment_22_4_1', 'At cum harum.', 'fa3abe16-3645-4d22-a01d-893e6f20c408', 'usr_22');
INSERT INTO trabalho.log_acesso VALUES ('log_22_0_1', 'fa3abe16-3645-4d22-a01d-893e6f20c408', 'usr_22');
INSERT INTO trabalho.usuario_esta_inscrito_no_podcast VALUES (2, 'f8e13774-d631-4f34-93f0-2f5d55590265', 'usr_22');
INSERT INTO trabalho.comentarios_podcast_usuario VALUES ('comment_22_0_2', 'Dolore cumque quod.', 'f8e13774-d631-4f34-93f0-2f5d55590265', 'usr_22');
INSERT INTO trabalho.comentarios_podcast_usuario VALUES ('comment_22_1_2', 'Sint nobis blanditiis molestiae.', 'f8e13774-d631-4f34-93f0-2f5d55590265', 'usr_22');
INSERT INTO trabalho.log_acesso VALUES ('log_22_0_2', 'f8e13774-d631-4f34-93f0-2f5d55590265', 'usr_22');
INSERT INTO trabalho.log_acesso VALUES ('log_22_1_2', 'f8e13774-d631-4f34-93f0-2f5d55590265', 'usr_22');
INSERT INTO trabalho.usuario VALUES ('usr_23', '23_Rafaela70@live.com', 'Rafaela Santos', 'female', 10, 'password', 'Guatemala');
INSERT INTO trabalho.usuario_esta_inscrito_no_podcast VALUES (1, 'f0166bd2-8e4d-4308-b5d7-0b3d627c5dc5', 'usr_23');
INSERT INTO trabalho.comentarios_podcast_usuario VALUES ('comment_23_0_0', 'Alias voluptate eos quia et magni iure earum.', 'f0166bd2-8e4d-4308-b5d7-0b3d627c5dc5', 'usr_23');
INSERT INTO trabalho.comentarios_podcast_usuario VALUES ('comment_23_1_0', 'In deleniti aperiam eos sed.', 'f0166bd2-8e4d-4308-b5d7-0b3d627c5dc5', 'usr_23');
INSERT INTO trabalho.comentarios_podcast_usuario VALUES ('comment_23_2_0', 'Ullam consequatur nesciunt eius cumque iure cumque ipsam.', 'f0166bd2-8e4d-4308-b5d7-0b3d627c5dc5', 'usr_23');
INSERT INTO trabalho.comentarios_podcast_usuario VALUES ('comment_23_3_0', 'Reprehenderit beatae sit reprehenderit dolores sed tempora autem.', 'f0166bd2-8e4d-4308-b5d7-0b3d627c5dc5', 'usr_23');
INSERT INTO trabalho.log_acesso VALUES ('log_23_0_0', 'f0166bd2-8e4d-4308-b5d7-0b3d627c5dc5', 'usr_23');
INSERT INTO trabalho.log_acesso VALUES ('log_23_1_0', 'f0166bd2-8e4d-4308-b5d7-0b3d627c5dc5', 'usr_23');
INSERT INTO trabalho.log_acesso VALUES ('log_23_2_0', 'f0166bd2-8e4d-4308-b5d7-0b3d627c5dc5', 'usr_23');
INSERT INTO trabalho.log_acesso VALUES ('log_23_3_0', 'f0166bd2-8e4d-4308-b5d7-0b3d627c5dc5', 'usr_23');
INSERT INTO trabalho.log_acesso VALUES ('log_23_4_0', 'f0166bd2-8e4d-4308-b5d7-0b3d627c5dc5', 'usr_23');
INSERT INTO trabalho.log_acesso VALUES ('log_23_5_0', 'f0166bd2-8e4d-4308-b5d7-0b3d627c5dc5', 'usr_23');
INSERT INTO trabalho.usuario_esta_inscrito_no_podcast VALUES (3, 'bc8dac25-793c-4a96-aafc-4ea7020f4f60', 'usr_23');
INSERT INTO trabalho.comentarios_podcast_usuario VALUES ('comment_23_0_1', 'Itaque ea quia cumque ex illo.', 'bc8dac25-793c-4a96-aafc-4ea7020f4f60', 'usr_23');
INSERT INTO trabalho.comentarios_podcast_usuario VALUES ('comment_23_1_1', 'Et vero qui atque ut reiciendis enim.', 'bc8dac25-793c-4a96-aafc-4ea7020f4f60', 'usr_23');
INSERT INTO trabalho.log_acesso VALUES ('log_23_0_1', 'bc8dac25-793c-4a96-aafc-4ea7020f4f60', 'usr_23');
INSERT INTO trabalho.log_acesso VALUES ('log_23_1_1', 'bc8dac25-793c-4a96-aafc-4ea7020f4f60', 'usr_23');
INSERT INTO trabalho.log_acesso VALUES ('log_23_2_1', 'bc8dac25-793c-4a96-aafc-4ea7020f4f60', 'usr_23');
INSERT INTO trabalho.log_acesso VALUES ('log_23_3_1', 'bc8dac25-793c-4a96-aafc-4ea7020f4f60', 'usr_23');
INSERT INTO trabalho.log_acesso VALUES ('log_23_4_1', 'bc8dac25-793c-4a96-aafc-4ea7020f4f60', 'usr_23');
INSERT INTO trabalho.usuario_esta_inscrito_no_podcast VALUES (2, '5bdf7377-8330-4f9f-8efd-e95301c122ce', 'usr_23');
INSERT INTO trabalho.comentarios_podcast_usuario VALUES ('comment_23_0_2', 'Laborum rerum eligendi fugiat atque dolores molestias dolores.', '5bdf7377-8330-4f9f-8efd-e95301c122ce', 'usr_23');
INSERT INTO trabalho.comentarios_podcast_usuario VALUES ('comment_23_1_2', 'Et quia incidunt unde velit dolorem voluptas.', '5bdf7377-8330-4f9f-8efd-e95301c122ce', 'usr_23');
INSERT INTO trabalho.log_acesso VALUES ('log_23_0_2', '5bdf7377-8330-4f9f-8efd-e95301c122ce', 'usr_23');
INSERT INTO trabalho.log_acesso VALUES ('log_23_1_2', '5bdf7377-8330-4f9f-8efd-e95301c122ce', 'usr_23');
INSERT INTO trabalho.log_acesso VALUES ('log_23_2_2', '5bdf7377-8330-4f9f-8efd-e95301c122ce', 'usr_23');
INSERT INTO trabalho.usuario VALUES ('usr_24', '24_Eduardo_Xavier@bol.com.br', 'Eduardo Xavier', 'male', 11, 'password', 'Dinamarca');
INSERT INTO trabalho.usuario_esta_inscrito_no_podcast VALUES (1, '5bdf7377-8330-4f9f-8efd-e95301c122ce', 'usr_24');
INSERT INTO trabalho.comentarios_podcast_usuario VALUES ('comment_24_0_0', 'Sit et magni aspernatur eos consectetur vero aut.', '5bdf7377-8330-4f9f-8efd-e95301c122ce', 'usr_24');
INSERT INTO trabalho.comentarios_podcast_usuario VALUES ('comment_24_1_0', 'Nam magni aliquam aut.', '5bdf7377-8330-4f9f-8efd-e95301c122ce', 'usr_24');
INSERT INTO trabalho.comentarios_podcast_usuario VALUES ('comment_24_2_0', 'Cum quia laborum nostrum quibusdam quas non eveniet.', '5bdf7377-8330-4f9f-8efd-e95301c122ce', 'usr_24');
INSERT INTO trabalho.log_acesso VALUES ('log_24_0_0', '5bdf7377-8330-4f9f-8efd-e95301c122ce', 'usr_24');
INSERT INTO trabalho.log_acesso VALUES ('log_24_1_0', '5bdf7377-8330-4f9f-8efd-e95301c122ce', 'usr_24');
INSERT INTO trabalho.log_acesso VALUES ('log_24_2_0', '5bdf7377-8330-4f9f-8efd-e95301c122ce', 'usr_24');
INSERT INTO trabalho.log_acesso VALUES ('log_24_3_0', '5bdf7377-8330-4f9f-8efd-e95301c122ce', 'usr_24');
INSERT INTO trabalho.log_acesso VALUES ('log_24_4_0', '5bdf7377-8330-4f9f-8efd-e95301c122ce', 'usr_24');
INSERT INTO trabalho.usuario_esta_inscrito_no_podcast VALUES (4, 'fa3abe16-3645-4d22-a01d-893e6f20c408', 'usr_24');
INSERT INTO trabalho.comentarios_podcast_usuario VALUES ('comment_24_0_1', 'Ut natus et culpa est rerum consequatur sapiente excepturi omnis.', 'fa3abe16-3645-4d22-a01d-893e6f20c408', 'usr_24');
INSERT INTO trabalho.comentarios_podcast_usuario VALUES ('comment_24_1_1', 'Saepe non sint voluptas sed ut.', 'fa3abe16-3645-4d22-a01d-893e6f20c408', 'usr_24');
INSERT INTO trabalho.comentarios_podcast_usuario VALUES ('comment_24_2_1', 'Nulla eligendi velit in delectus non sed quis.', 'fa3abe16-3645-4d22-a01d-893e6f20c408', 'usr_24');
INSERT INTO trabalho.comentarios_podcast_usuario VALUES ('comment_24_3_1', 'Quo rem at quia.', 'fa3abe16-3645-4d22-a01d-893e6f20c408', 'usr_24');
INSERT INTO trabalho.log_acesso VALUES ('log_24_0_1', 'fa3abe16-3645-4d22-a01d-893e6f20c408', 'usr_24');
INSERT INTO trabalho.log_acesso VALUES ('log_24_1_1', 'fa3abe16-3645-4d22-a01d-893e6f20c408', 'usr_24');
INSERT INTO trabalho.usuario_esta_inscrito_no_podcast VALUES (1, 'bc8dac25-793c-4a96-aafc-4ea7020f4f60', 'usr_24');
INSERT INTO trabalho.comentarios_podcast_usuario VALUES ('comment_24_0_2', 'Omnis ut aliquam quo aut voluptas architecto laboriosam esse voluptatum.', 'bc8dac25-793c-4a96-aafc-4ea7020f4f60', 'usr_24');
INSERT INTO trabalho.comentarios_podcast_usuario VALUES ('comment_24_1_2', 'Doloribus architecto beatae laudantium nam.', 'bc8dac25-793c-4a96-aafc-4ea7020f4f60', 'usr_24');
INSERT INTO trabalho.comentarios_podcast_usuario VALUES ('comment_24_2_2', 'Non sapiente esse consequatur cum odit voluptates rerum consectetur in.', 'bc8dac25-793c-4a96-aafc-4ea7020f4f60', 'usr_24');
INSERT INTO trabalho.comentarios_podcast_usuario VALUES ('comment_24_3_2', 'Consequatur mollitia mollitia vel quos facilis.', 'bc8dac25-793c-4a96-aafc-4ea7020f4f60', 'usr_24');
INSERT INTO trabalho.log_acesso VALUES ('log_24_0_2', 'bc8dac25-793c-4a96-aafc-4ea7020f4f60', 'usr_24');
INSERT INTO trabalho.log_acesso VALUES ('log_24_1_2', 'bc8dac25-793c-4a96-aafc-4ea7020f4f60', 'usr_24');
INSERT INTO trabalho.log_acesso VALUES ('log_24_2_2', 'bc8dac25-793c-4a96-aafc-4ea7020f4f60', 'usr_24');
INSERT INTO trabalho.usuario VALUES ('usr_25', '25_Gbio.Moraes@live.com', 'Gúbio Moraes', 'male', 43, 'password', 'Áustria');
INSERT INTO trabalho.usuario_esta_inscrito_no_podcast VALUES (1, 'b553d865-8fe2-47de-9a30-10e1dea3bd1d', 'usr_25');
INSERT INTO trabalho.comentarios_podcast_usuario VALUES ('comment_25_0_0', 'Debitis qui laborum illo.', 'b553d865-8fe2-47de-9a30-10e1dea3bd1d', 'usr_25');
INSERT INTO trabalho.comentarios_podcast_usuario VALUES ('comment_25_1_0', 'Ut vel doloribus et ut et autem ut earum vero.', 'b553d865-8fe2-47de-9a30-10e1dea3bd1d', 'usr_25');
INSERT INTO trabalho.log_acesso VALUES ('log_25_0_0', 'b553d865-8fe2-47de-9a30-10e1dea3bd1d', 'usr_25');
INSERT INTO trabalho.log_acesso VALUES ('log_25_1_0', 'b553d865-8fe2-47de-9a30-10e1dea3bd1d', 'usr_25');
INSERT INTO trabalho.log_acesso VALUES ('log_25_2_0', 'b553d865-8fe2-47de-9a30-10e1dea3bd1d', 'usr_25');
INSERT INTO trabalho.log_acesso VALUES ('log_25_3_0', 'b553d865-8fe2-47de-9a30-10e1dea3bd1d', 'usr_25');
INSERT INTO trabalho.log_acesso VALUES ('log_25_4_0', 'b553d865-8fe2-47de-9a30-10e1dea3bd1d', 'usr_25');
INSERT INTO trabalho.log_acesso VALUES ('log_25_5_0', 'b553d865-8fe2-47de-9a30-10e1dea3bd1d', 'usr_25');
INSERT INTO trabalho.log_acesso VALUES ('log_25_6_0', 'b553d865-8fe2-47de-9a30-10e1dea3bd1d', 'usr_25');
INSERT INTO trabalho.log_acesso VALUES ('log_25_7_0', 'b553d865-8fe2-47de-9a30-10e1dea3bd1d', 'usr_25');
INSERT INTO trabalho.usuario_esta_inscrito_no_podcast VALUES (1, '67074e68-bc2f-442b-8af2-7d328b6af6eb', 'usr_25');
INSERT INTO trabalho.comentarios_podcast_usuario VALUES ('comment_25_0_1', 'Molestiae minus eum voluptatem enim corrupti maxime fugiat.', '67074e68-bc2f-442b-8af2-7d328b6af6eb', 'usr_25');
INSERT INTO trabalho.comentarios_podcast_usuario VALUES ('comment_25_1_1', 'Non sit in.', '67074e68-bc2f-442b-8af2-7d328b6af6eb', 'usr_25');
INSERT INTO trabalho.comentarios_podcast_usuario VALUES ('comment_25_2_1', 'Esse tempora deleniti culpa.', '67074e68-bc2f-442b-8af2-7d328b6af6eb', 'usr_25');
INSERT INTO trabalho.comentarios_podcast_usuario VALUES ('comment_25_3_1', 'Nostrum facere mollitia.', '67074e68-bc2f-442b-8af2-7d328b6af6eb', 'usr_25');
INSERT INTO trabalho.comentarios_podcast_usuario VALUES ('comment_25_4_1', 'Qui dolore at est aut unde voluptatem ut.', '67074e68-bc2f-442b-8af2-7d328b6af6eb', 'usr_25');
INSERT INTO trabalho.log_acesso VALUES ('log_25_0_1', '67074e68-bc2f-442b-8af2-7d328b6af6eb', 'usr_25');
INSERT INTO trabalho.log_acesso VALUES ('log_25_1_1', '67074e68-bc2f-442b-8af2-7d328b6af6eb', 'usr_25');
INSERT INTO trabalho.log_acesso VALUES ('log_25_2_1', '67074e68-bc2f-442b-8af2-7d328b6af6eb', 'usr_25');
INSERT INTO trabalho.usuario_esta_inscrito_no_podcast VALUES (5, '5bdf7377-8330-4f9f-8efd-e95301c122ce', 'usr_25');
INSERT INTO trabalho.comentarios_podcast_usuario VALUES ('comment_25_0_2', 'Perferendis totam sapiente quo vel temporibus consequatur.', '5bdf7377-8330-4f9f-8efd-e95301c122ce', 'usr_25');
INSERT INTO trabalho.comentarios_podcast_usuario VALUES ('comment_25_1_2', 'Inventore voluptatem quia exercitationem.', '5bdf7377-8330-4f9f-8efd-e95301c122ce', 'usr_25');
INSERT INTO trabalho.comentarios_podcast_usuario VALUES ('comment_25_2_2', 'Voluptatem eaque iusto pariatur deleniti.', '5bdf7377-8330-4f9f-8efd-e95301c122ce', 'usr_25');
INSERT INTO trabalho.comentarios_podcast_usuario VALUES ('comment_25_3_2', 'Cumque fugiat doloribus molestias dolore eos voluptate.', '5bdf7377-8330-4f9f-8efd-e95301c122ce', 'usr_25');
INSERT INTO trabalho.log_acesso VALUES ('log_25_0_2', '5bdf7377-8330-4f9f-8efd-e95301c122ce', 'usr_25');
INSERT INTO trabalho.log_acesso VALUES ('log_25_1_2', '5bdf7377-8330-4f9f-8efd-e95301c122ce', 'usr_25');
INSERT INTO trabalho.log_acesso VALUES ('log_25_2_2', '5bdf7377-8330-4f9f-8efd-e95301c122ce', 'usr_25');
INSERT INTO trabalho.log_acesso VALUES ('log_25_3_2', '5bdf7377-8330-4f9f-8efd-e95301c122ce', 'usr_25');
INSERT INTO trabalho.log_acesso VALUES ('log_25_4_2', '5bdf7377-8330-4f9f-8efd-e95301c122ce', 'usr_25');
INSERT INTO trabalho.usuario VALUES ('usr_26', '26_Klber_Souza@hotmail.com', 'Kléber Souza', 'male', 48, 'password', 'Bermuda');
INSERT INTO trabalho.usuario_esta_inscrito_no_podcast VALUES (5, 'af46a958-b921-47b6-9f87-5c4fdc68ea79', 'usr_26');
INSERT INTO trabalho.comentarios_podcast_usuario VALUES ('comment_26_0_0', 'Voluptatem quae culpa occaecati delectus voluptatem eius.', 'af46a958-b921-47b6-9f87-5c4fdc68ea79', 'usr_26');
INSERT INTO trabalho.comentarios_podcast_usuario VALUES ('comment_26_1_0', 'Enim voluptate qui rerum voluptatem.', 'af46a958-b921-47b6-9f87-5c4fdc68ea79', 'usr_26');
INSERT INTO trabalho.comentarios_podcast_usuario VALUES ('comment_26_2_0', 'Labore nihil soluta quia mollitia fuga ullam ad.', 'af46a958-b921-47b6-9f87-5c4fdc68ea79', 'usr_26');
INSERT INTO trabalho.comentarios_podcast_usuario VALUES ('comment_26_3_0', 'Officia vitae nisi aliquid.', 'af46a958-b921-47b6-9f87-5c4fdc68ea79', 'usr_26');
INSERT INTO trabalho.comentarios_podcast_usuario VALUES ('comment_26_4_0', 'Et reiciendis ex ea rerum.', 'af46a958-b921-47b6-9f87-5c4fdc68ea79', 'usr_26');
INSERT INTO trabalho.log_acesso VALUES ('log_26_0_0', 'af46a958-b921-47b6-9f87-5c4fdc68ea79', 'usr_26');
INSERT INTO trabalho.log_acesso VALUES ('log_26_1_0', 'af46a958-b921-47b6-9f87-5c4fdc68ea79', 'usr_26');
INSERT INTO trabalho.log_acesso VALUES ('log_26_2_0', 'af46a958-b921-47b6-9f87-5c4fdc68ea79', 'usr_26');
INSERT INTO trabalho.log_acesso VALUES ('log_26_3_0', 'af46a958-b921-47b6-9f87-5c4fdc68ea79', 'usr_26');
INSERT INTO trabalho.log_acesso VALUES ('log_26_4_0', 'af46a958-b921-47b6-9f87-5c4fdc68ea79', 'usr_26');
INSERT INTO trabalho.log_acesso VALUES ('log_26_5_0', 'af46a958-b921-47b6-9f87-5c4fdc68ea79', 'usr_26');
INSERT INTO trabalho.usuario_esta_inscrito_no_podcast VALUES (3, 'de2f0ddb-9903-436a-a5e2-54224254c818', 'usr_26');
INSERT INTO trabalho.comentarios_podcast_usuario VALUES ('comment_26_0_1', 'Aliquam voluptas enim et quos dolor mollitia repellendus et.', 'de2f0ddb-9903-436a-a5e2-54224254c818', 'usr_26');
INSERT INTO trabalho.comentarios_podcast_usuario VALUES ('comment_26_1_1', 'Corrupti ex accusamus.', 'de2f0ddb-9903-436a-a5e2-54224254c818', 'usr_26');
INSERT INTO trabalho.log_acesso VALUES ('log_26_0_1', 'de2f0ddb-9903-436a-a5e2-54224254c818', 'usr_26');
INSERT INTO trabalho.usuario_esta_inscrito_no_podcast VALUES (0, '67074e68-bc2f-442b-8af2-7d328b6af6eb', 'usr_26');
INSERT INTO trabalho.comentarios_podcast_usuario VALUES ('comment_26_0_2', 'Quod exercitationem aperiam possimus qui velit dolor officiis.', '67074e68-bc2f-442b-8af2-7d328b6af6eb', 'usr_26');
INSERT INTO trabalho.comentarios_podcast_usuario VALUES ('comment_26_1_2', 'Odit quia quos odio adipisci et velit qui quae.', '67074e68-bc2f-442b-8af2-7d328b6af6eb', 'usr_26');
INSERT INTO trabalho.log_acesso VALUES ('log_26_0_2', '67074e68-bc2f-442b-8af2-7d328b6af6eb', 'usr_26');
INSERT INTO trabalho.log_acesso VALUES ('log_26_1_2', '67074e68-bc2f-442b-8af2-7d328b6af6eb', 'usr_26');
INSERT INTO trabalho.log_acesso VALUES ('log_26_2_2', '67074e68-bc2f-442b-8af2-7d328b6af6eb', 'usr_26');
INSERT INTO trabalho.log_acesso VALUES ('log_26_3_2', '67074e68-bc2f-442b-8af2-7d328b6af6eb', 'usr_26');
INSERT INTO trabalho.log_acesso VALUES ('log_26_4_2', '67074e68-bc2f-442b-8af2-7d328b6af6eb', 'usr_26');
INSERT INTO trabalho.log_acesso VALUES ('log_26_5_2', '67074e68-bc2f-442b-8af2-7d328b6af6eb', 'usr_26');
INSERT INTO trabalho.usuario VALUES ('usr_27', '27_Lucas.Costa40@yahoo.com', 'Lucas Costa', 'male', 44, 'password', 'Ilhas Caiman');
INSERT INTO trabalho.usuario_esta_inscrito_no_podcast VALUES (3, '67074e68-bc2f-442b-8af2-7d328b6af6eb', 'usr_27');
INSERT INTO trabalho.comentarios_podcast_usuario VALUES ('comment_27_0_0', 'Similique accusamus autem voluptas repudiandae voluptatibus dignissimos nulla vero.', '67074e68-bc2f-442b-8af2-7d328b6af6eb', 'usr_27');
INSERT INTO trabalho.comentarios_podcast_usuario VALUES ('comment_27_1_0', 'Voluptas excepturi delectus omnis.', '67074e68-bc2f-442b-8af2-7d328b6af6eb', 'usr_27');
INSERT INTO trabalho.comentarios_podcast_usuario VALUES ('comment_27_2_0', 'Molestiae eligendi accusantium et unde qui est quibusdam eius.', '67074e68-bc2f-442b-8af2-7d328b6af6eb', 'usr_27');
INSERT INTO trabalho.comentarios_podcast_usuario VALUES ('comment_27_3_0', 'Exercitationem repellendus fugiat sit facilis ipsum autem quisquam.', '67074e68-bc2f-442b-8af2-7d328b6af6eb', 'usr_27');
INSERT INTO trabalho.log_acesso VALUES ('log_27_0_0', '67074e68-bc2f-442b-8af2-7d328b6af6eb', 'usr_27');
INSERT INTO trabalho.usuario_esta_inscrito_no_podcast VALUES (1, 'af46a958-b921-47b6-9f87-5c4fdc68ea79', 'usr_27');
INSERT INTO trabalho.comentarios_podcast_usuario VALUES ('comment_27_0_1', 'Id voluptatem dicta labore quos suscipit eum amet esse.', 'af46a958-b921-47b6-9f87-5c4fdc68ea79', 'usr_27');
INSERT INTO trabalho.log_acesso VALUES ('log_27_0_1', 'af46a958-b921-47b6-9f87-5c4fdc68ea79', 'usr_27');
INSERT INTO trabalho.usuario_esta_inscrito_no_podcast VALUES (5, 'c58b280a-56d4-4ad8-8c85-730e4ea86361', 'usr_27');
INSERT INTO trabalho.comentarios_podcast_usuario VALUES ('comment_27_0_2', 'Accusamus quas distinctio nulla quisquam rerum error hic debitis ullam.', 'c58b280a-56d4-4ad8-8c85-730e4ea86361', 'usr_27');
INSERT INTO trabalho.comentarios_podcast_usuario VALUES ('comment_27_1_2', 'Vel excepturi corrupti consectetur ut.', 'c58b280a-56d4-4ad8-8c85-730e4ea86361', 'usr_27');
INSERT INTO trabalho.log_acesso VALUES ('log_27_0_2', 'c58b280a-56d4-4ad8-8c85-730e4ea86361', 'usr_27');
INSERT INTO trabalho.log_acesso VALUES ('log_27_1_2', 'c58b280a-56d4-4ad8-8c85-730e4ea86361', 'usr_27');
INSERT INTO trabalho.log_acesso VALUES ('log_27_2_2', 'c58b280a-56d4-4ad8-8c85-730e4ea86361', 'usr_27');
INSERT INTO trabalho.log_acesso VALUES ('log_27_3_2', 'c58b280a-56d4-4ad8-8c85-730e4ea86361', 'usr_27');
INSERT INTO trabalho.usuario VALUES ('usr_28', '28_Fabiano_Reis9@gmail.com', 'Fabiano Reis', 'male', 25, 'password', 'Qatar');
INSERT INTO trabalho.usuario_esta_inscrito_no_podcast VALUES (0, 'f1b92ce7-47a7-43cd-8586-4a09185cdd05', 'usr_28');
INSERT INTO trabalho.comentarios_podcast_usuario VALUES ('comment_28_0_0', 'Porro consequuntur explicabo voluptas molestiae ut deleniti aspernatur assumenda eos.', 'f1b92ce7-47a7-43cd-8586-4a09185cdd05', 'usr_28');
INSERT INTO trabalho.comentarios_podcast_usuario VALUES ('comment_28_1_0', 'Repellendus voluptatum sint molestias rerum praesentium distinctio expedita eveniet non.', 'f1b92ce7-47a7-43cd-8586-4a09185cdd05', 'usr_28');
INSERT INTO trabalho.comentarios_podcast_usuario VALUES ('comment_28_2_0', 'Earum sunt doloribus sequi.', 'f1b92ce7-47a7-43cd-8586-4a09185cdd05', 'usr_28');
INSERT INTO trabalho.comentarios_podcast_usuario VALUES ('comment_28_3_0', 'Iste sit quia.', 'f1b92ce7-47a7-43cd-8586-4a09185cdd05', 'usr_28');
INSERT INTO trabalho.log_acesso VALUES ('log_28_0_0', 'f1b92ce7-47a7-43cd-8586-4a09185cdd05', 'usr_28');
INSERT INTO trabalho.usuario_esta_inscrito_no_podcast VALUES (5, 'b553d865-8fe2-47de-9a30-10e1dea3bd1d', 'usr_28');
INSERT INTO trabalho.comentarios_podcast_usuario VALUES ('comment_28_0_1', 'Pariatur unde tempore enim quidem.', 'b553d865-8fe2-47de-9a30-10e1dea3bd1d', 'usr_28');
INSERT INTO trabalho.comentarios_podcast_usuario VALUES ('comment_28_1_1', 'Error et itaque aspernatur ut maiores non.', 'b553d865-8fe2-47de-9a30-10e1dea3bd1d', 'usr_28');
INSERT INTO trabalho.comentarios_podcast_usuario VALUES ('comment_28_2_1', 'Commodi quidem aut error aliquid eaque et ut quam et.', 'b553d865-8fe2-47de-9a30-10e1dea3bd1d', 'usr_28');
INSERT INTO trabalho.comentarios_podcast_usuario VALUES ('comment_28_3_1', 'Quibusdam autem cum.', 'b553d865-8fe2-47de-9a30-10e1dea3bd1d', 'usr_28');
INSERT INTO trabalho.log_acesso VALUES ('log_28_0_1', 'b553d865-8fe2-47de-9a30-10e1dea3bd1d', 'usr_28');
INSERT INTO trabalho.log_acesso VALUES ('log_28_1_1', 'b553d865-8fe2-47de-9a30-10e1dea3bd1d', 'usr_28');
INSERT INTO trabalho.log_acesso VALUES ('log_28_2_1', 'b553d865-8fe2-47de-9a30-10e1dea3bd1d', 'usr_28');
INSERT INTO trabalho.log_acesso VALUES ('log_28_3_1', 'b553d865-8fe2-47de-9a30-10e1dea3bd1d', 'usr_28');
INSERT INTO trabalho.usuario_esta_inscrito_no_podcast VALUES (5, 'c58b280a-56d4-4ad8-8c85-730e4ea86361', 'usr_28');
INSERT INTO trabalho.comentarios_podcast_usuario VALUES ('comment_28_0_2', 'Qui delectus atque pariatur officiis.', 'c58b280a-56d4-4ad8-8c85-730e4ea86361', 'usr_28');
INSERT INTO trabalho.comentarios_podcast_usuario VALUES ('comment_28_1_2', 'Consequuntur dolor est aut cum porro ea quo.', 'c58b280a-56d4-4ad8-8c85-730e4ea86361', 'usr_28');
INSERT INTO trabalho.comentarios_podcast_usuario VALUES ('comment_28_2_2', 'Veniam quaerat modi nisi.', 'c58b280a-56d4-4ad8-8c85-730e4ea86361', 'usr_28');
INSERT INTO trabalho.comentarios_podcast_usuario VALUES ('comment_28_3_2', 'Quia ducimus et et facilis.', 'c58b280a-56d4-4ad8-8c85-730e4ea86361', 'usr_28');
INSERT INTO trabalho.log_acesso VALUES ('log_28_0_2', 'c58b280a-56d4-4ad8-8c85-730e4ea86361', 'usr_28');
INSERT INTO trabalho.log_acesso VALUES ('log_28_1_2', 'c58b280a-56d4-4ad8-8c85-730e4ea86361', 'usr_28');
INSERT INTO trabalho.log_acesso VALUES ('log_28_2_2', 'c58b280a-56d4-4ad8-8c85-730e4ea86361', 'usr_28');
INSERT INTO trabalho.usuario VALUES ('usr_29', '29_Cau.Souza14@gmail.com', 'Cauã Souza', 'male', 33, 'password', 'Peru');
INSERT INTO trabalho.usuario_esta_inscrito_no_podcast VALUES (2, '67074e68-bc2f-442b-8af2-7d328b6af6eb', 'usr_29');
INSERT INTO trabalho.comentarios_podcast_usuario VALUES ('comment_29_0_0', 'Esse nulla dolor aut dolorem nostrum quos qui.', '67074e68-bc2f-442b-8af2-7d328b6af6eb', 'usr_29');
INSERT INTO trabalho.comentarios_podcast_usuario VALUES ('comment_29_1_0', 'Est quo et doloremque sapiente.', '67074e68-bc2f-442b-8af2-7d328b6af6eb', 'usr_29');
INSERT INTO trabalho.comentarios_podcast_usuario VALUES ('comment_29_2_0', 'Amet exercitationem reprehenderit doloremque quas.', '67074e68-bc2f-442b-8af2-7d328b6af6eb', 'usr_29');
INSERT INTO trabalho.log_acesso VALUES ('log_29_0_0', '67074e68-bc2f-442b-8af2-7d328b6af6eb', 'usr_29');
INSERT INTO trabalho.log_acesso VALUES ('log_29_1_0', '67074e68-bc2f-442b-8af2-7d328b6af6eb', 'usr_29');
INSERT INTO trabalho.usuario_esta_inscrito_no_podcast VALUES (5, 'c58b280a-56d4-4ad8-8c85-730e4ea86361', 'usr_29');
INSERT INTO trabalho.comentarios_podcast_usuario VALUES ('comment_29_0_1', 'Cum ut enim.', 'c58b280a-56d4-4ad8-8c85-730e4ea86361', 'usr_29');
INSERT INTO trabalho.comentarios_podcast_usuario VALUES ('comment_29_1_1', 'Commodi iusto accusantium dicta vitae inventore doloremque non.', 'c58b280a-56d4-4ad8-8c85-730e4ea86361', 'usr_29');
INSERT INTO trabalho.comentarios_podcast_usuario VALUES ('comment_29_2_1', 'Eaque et exercitationem.', 'c58b280a-56d4-4ad8-8c85-730e4ea86361', 'usr_29');
INSERT INTO trabalho.comentarios_podcast_usuario VALUES ('comment_29_3_1', 'Saepe eaque aspernatur.', 'c58b280a-56d4-4ad8-8c85-730e4ea86361', 'usr_29');
INSERT INTO trabalho.log_acesso VALUES ('log_29_0_1', 'c58b280a-56d4-4ad8-8c85-730e4ea86361', 'usr_29');
INSERT INTO trabalho.log_acesso VALUES ('log_29_1_1', 'c58b280a-56d4-4ad8-8c85-730e4ea86361', 'usr_29');
INSERT INTO trabalho.usuario_esta_inscrito_no_podcast VALUES (1, '219328a1-cec6-4e8c-b003-52a3ec9766bb', 'usr_29');
INSERT INTO trabalho.comentarios_podcast_usuario VALUES ('comment_29_0_2', 'Id qui velit numquam quibusdam.', '219328a1-cec6-4e8c-b003-52a3ec9766bb', 'usr_29');
INSERT INTO trabalho.comentarios_podcast_usuario VALUES ('comment_29_1_2', 'Suscipit ut vel ea ad velit dignissimos.', '219328a1-cec6-4e8c-b003-52a3ec9766bb', 'usr_29');
INSERT INTO trabalho.comentarios_podcast_usuario VALUES ('comment_29_2_2', 'Provident excepturi ipsa impedit nostrum.', '219328a1-cec6-4e8c-b003-52a3ec9766bb', 'usr_29');
INSERT INTO trabalho.comentarios_podcast_usuario VALUES ('comment_29_3_2', 'Maiores consequatur et inventore illum temporibus adipisci laboriosam aut placeat.', '219328a1-cec6-4e8c-b003-52a3ec9766bb', 'usr_29');
INSERT INTO trabalho.log_acesso VALUES ('log_29_0_2', '219328a1-cec6-4e8c-b003-52a3ec9766bb', 'usr_29');
INSERT INTO trabalho.log_acesso VALUES ('log_29_1_2', '219328a1-cec6-4e8c-b003-52a3ec9766bb', 'usr_29');
INSERT INTO trabalho.usuario VALUES ('usr_30', '30_Gbio_Reis39@live.com', 'Gúbio Reis', 'male', 49, 'password', 'Marrocos');
INSERT INTO trabalho.usuario_esta_inscrito_no_podcast VALUES (2, '219328a1-cec6-4e8c-b003-52a3ec9766bb', 'usr_30');
INSERT INTO trabalho.comentarios_podcast_usuario VALUES ('comment_30_0_0', 'Animi illum quidem voluptatem ut consequuntur.', '219328a1-cec6-4e8c-b003-52a3ec9766bb', 'usr_30');
INSERT INTO trabalho.comentarios_podcast_usuario VALUES ('comment_30_1_0', 'Et fuga repellendus ut non dolore consequatur iure voluptas.', '219328a1-cec6-4e8c-b003-52a3ec9766bb', 'usr_30');
INSERT INTO trabalho.comentarios_podcast_usuario VALUES ('comment_30_2_0', 'Sit libero voluptate itaque neque distinctio sit rerum sunt.', '219328a1-cec6-4e8c-b003-52a3ec9766bb', 'usr_30');
INSERT INTO trabalho.comentarios_podcast_usuario VALUES ('comment_30_3_0', 'Eaque sunt exercitationem corporis.', '219328a1-cec6-4e8c-b003-52a3ec9766bb', 'usr_30');
INSERT INTO trabalho.log_acesso VALUES ('log_30_0_0', '219328a1-cec6-4e8c-b003-52a3ec9766bb', 'usr_30');
INSERT INTO trabalho.log_acesso VALUES ('log_30_1_0', '219328a1-cec6-4e8c-b003-52a3ec9766bb', 'usr_30');
INSERT INTO trabalho.log_acesso VALUES ('log_30_2_0', '219328a1-cec6-4e8c-b003-52a3ec9766bb', 'usr_30');
INSERT INTO trabalho.log_acesso VALUES ('log_30_3_0', '219328a1-cec6-4e8c-b003-52a3ec9766bb', 'usr_30');
INSERT INTO trabalho.log_acesso VALUES ('log_30_4_0', '219328a1-cec6-4e8c-b003-52a3ec9766bb', 'usr_30');
INSERT INTO trabalho.usuario_esta_inscrito_no_podcast VALUES (4, '5bdf7377-8330-4f9f-8efd-e95301c122ce', 'usr_30');
INSERT INTO trabalho.comentarios_podcast_usuario VALUES ('comment_30_0_1', 'Ex voluptas corrupti.', '5bdf7377-8330-4f9f-8efd-e95301c122ce', 'usr_30');
INSERT INTO trabalho.comentarios_podcast_usuario VALUES ('comment_30_1_1', 'Recusandae itaque hic non fuga et blanditiis ea.', '5bdf7377-8330-4f9f-8efd-e95301c122ce', 'usr_30');
INSERT INTO trabalho.comentarios_podcast_usuario VALUES ('comment_30_2_1', 'Distinctio veniam consequatur qui vero illum corporis optio.', '5bdf7377-8330-4f9f-8efd-e95301c122ce', 'usr_30');
INSERT INTO trabalho.log_acesso VALUES ('log_30_0_1', '5bdf7377-8330-4f9f-8efd-e95301c122ce', 'usr_30');
INSERT INTO trabalho.log_acesso VALUES ('log_30_1_1', '5bdf7377-8330-4f9f-8efd-e95301c122ce', 'usr_30');
INSERT INTO trabalho.usuario_esta_inscrito_no_podcast VALUES (5, 'fa3abe16-3645-4d22-a01d-893e6f20c408', 'usr_30');
INSERT INTO trabalho.comentarios_podcast_usuario VALUES ('comment_30_0_2', 'Aperiam illum enim eum.', 'fa3abe16-3645-4d22-a01d-893e6f20c408', 'usr_30');
INSERT INTO trabalho.comentarios_podcast_usuario VALUES ('comment_30_1_2', 'Accusamus accusamus non nostrum.', 'fa3abe16-3645-4d22-a01d-893e6f20c408', 'usr_30');
INSERT INTO trabalho.comentarios_podcast_usuario VALUES ('comment_30_2_2', 'Nemo nisi architecto quia praesentium cupiditate ducimus voluptas dolorum et.', 'fa3abe16-3645-4d22-a01d-893e6f20c408', 'usr_30');
INSERT INTO trabalho.log_acesso VALUES ('log_30_0_2', 'fa3abe16-3645-4d22-a01d-893e6f20c408', 'usr_30');
INSERT INTO trabalho.log_acesso VALUES ('log_30_1_2', 'fa3abe16-3645-4d22-a01d-893e6f20c408', 'usr_30');
INSERT INTO trabalho.log_acesso VALUES ('log_30_2_2', 'fa3abe16-3645-4d22-a01d-893e6f20c408', 'usr_30');
INSERT INTO trabalho.usuario VALUES ('usr_31', '31_Bencio_Braga@gmail.com', 'Benício Braga', 'male', 40, 'password', 'China');
INSERT INTO trabalho.usuario_esta_inscrito_no_podcast VALUES (2, 'bc8dac25-793c-4a96-aafc-4ea7020f4f60', 'usr_31');
INSERT INTO trabalho.comentarios_podcast_usuario VALUES ('comment_31_0_0', 'Et recusandae dignissimos rem.', 'bc8dac25-793c-4a96-aafc-4ea7020f4f60', 'usr_31');
INSERT INTO trabalho.comentarios_podcast_usuario VALUES ('comment_31_1_0', 'Debitis non nam quo fugit et adipisci repudiandae.', 'bc8dac25-793c-4a96-aafc-4ea7020f4f60', 'usr_31');
INSERT INTO trabalho.comentarios_podcast_usuario VALUES ('comment_31_2_0', 'Aut voluptas sunt quisquam aut pariatur tenetur necessitatibus quis.', 'bc8dac25-793c-4a96-aafc-4ea7020f4f60', 'usr_31');
INSERT INTO trabalho.comentarios_podcast_usuario VALUES ('comment_31_3_0', 'In pariatur et nihil voluptatibus voluptas quae at qui tempora.', 'bc8dac25-793c-4a96-aafc-4ea7020f4f60', 'usr_31');
INSERT INTO trabalho.log_acesso VALUES ('log_31_0_0', 'bc8dac25-793c-4a96-aafc-4ea7020f4f60', 'usr_31');
INSERT INTO trabalho.usuario_esta_inscrito_no_podcast VALUES (4, 'f8e13774-d631-4f34-93f0-2f5d55590265', 'usr_31');
INSERT INTO trabalho.comentarios_podcast_usuario VALUES ('comment_31_0_1', 'Deserunt in consequatur rerum non voluptas voluptatem nostrum minus inventore.', 'f8e13774-d631-4f34-93f0-2f5d55590265', 'usr_31');
INSERT INTO trabalho.comentarios_podcast_usuario VALUES ('comment_31_1_1', 'Ratione quo aut numquam eius sapiente.', 'f8e13774-d631-4f34-93f0-2f5d55590265', 'usr_31');
INSERT INTO trabalho.comentarios_podcast_usuario VALUES ('comment_31_2_1', 'Et magnam maiores quod beatae magni voluptatibus repellendus assumenda voluptatem.', 'f8e13774-d631-4f34-93f0-2f5d55590265', 'usr_31');
INSERT INTO trabalho.comentarios_podcast_usuario VALUES ('comment_31_3_1', 'Doloremque officia exercitationem occaecati provident qui eum iure sed non.', 'f8e13774-d631-4f34-93f0-2f5d55590265', 'usr_31');
INSERT INTO trabalho.comentarios_podcast_usuario VALUES ('comment_31_4_1', 'Laboriosam accusantium eligendi sint fugiat maxime sunt voluptatem ipsum.', 'f8e13774-d631-4f34-93f0-2f5d55590265', 'usr_31');
INSERT INTO trabalho.log_acesso VALUES ('log_31_0_1', 'f8e13774-d631-4f34-93f0-2f5d55590265', 'usr_31');
INSERT INTO trabalho.log_acesso VALUES ('log_31_1_1', 'f8e13774-d631-4f34-93f0-2f5d55590265', 'usr_31');
INSERT INTO trabalho.log_acesso VALUES ('log_31_2_1', 'f8e13774-d631-4f34-93f0-2f5d55590265', 'usr_31');
INSERT INTO trabalho.log_acesso VALUES ('log_31_3_1', 'f8e13774-d631-4f34-93f0-2f5d55590265', 'usr_31');
INSERT INTO trabalho.usuario_esta_inscrito_no_podcast VALUES (4, '219328a1-cec6-4e8c-b003-52a3ec9766bb', 'usr_31');
INSERT INTO trabalho.comentarios_podcast_usuario VALUES ('comment_31_0_2', 'Sunt nihil eaque quas et.', '219328a1-cec6-4e8c-b003-52a3ec9766bb', 'usr_31');
INSERT INTO trabalho.comentarios_podcast_usuario VALUES ('comment_31_1_2', 'Eius esse ullam voluptatem inventore earum ut.', '219328a1-cec6-4e8c-b003-52a3ec9766bb', 'usr_31');
INSERT INTO trabalho.log_acesso VALUES ('log_31_0_2', '219328a1-cec6-4e8c-b003-52a3ec9766bb', 'usr_31');
INSERT INTO trabalho.log_acesso VALUES ('log_31_1_2', '219328a1-cec6-4e8c-b003-52a3ec9766bb', 'usr_31');
INSERT INTO trabalho.usuario VALUES ('usr_32', '32_Elisa.Albuquerque26@live.com', 'Elisa Albuquerque', 'female', 35, 'password', 'Romênia');
INSERT INTO trabalho.usuario_esta_inscrito_no_podcast VALUES (3, '168c1536-4c42-4b8f-8c77-f06affefec6a', 'usr_32');
INSERT INTO trabalho.comentarios_podcast_usuario VALUES ('comment_32_0_0', 'Aliquid quam saepe delectus totam.', '168c1536-4c42-4b8f-8c77-f06affefec6a', 'usr_32');
INSERT INTO trabalho.log_acesso VALUES ('log_32_0_0', '168c1536-4c42-4b8f-8c77-f06affefec6a', 'usr_32');
INSERT INTO trabalho.log_acesso VALUES ('log_32_1_0', '168c1536-4c42-4b8f-8c77-f06affefec6a', 'usr_32');
INSERT INTO trabalho.log_acesso VALUES ('log_32_2_0', '168c1536-4c42-4b8f-8c77-f06affefec6a', 'usr_32');
INSERT INTO trabalho.log_acesso VALUES ('log_32_3_0', '168c1536-4c42-4b8f-8c77-f06affefec6a', 'usr_32');
INSERT INTO trabalho.usuario_esta_inscrito_no_podcast VALUES (2, 'de2f0ddb-9903-436a-a5e2-54224254c818', 'usr_32');
INSERT INTO trabalho.comentarios_podcast_usuario VALUES ('comment_32_0_1', 'Non consequuntur est excepturi totam.', 'de2f0ddb-9903-436a-a5e2-54224254c818', 'usr_32');
INSERT INTO trabalho.comentarios_podcast_usuario VALUES ('comment_32_1_1', 'Eaque et neque.', 'de2f0ddb-9903-436a-a5e2-54224254c818', 'usr_32');
INSERT INTO trabalho.comentarios_podcast_usuario VALUES ('comment_32_2_1', 'Voluptas eveniet placeat.', 'de2f0ddb-9903-436a-a5e2-54224254c818', 'usr_32');
INSERT INTO trabalho.log_acesso VALUES ('log_32_0_1', 'de2f0ddb-9903-436a-a5e2-54224254c818', 'usr_32');
INSERT INTO trabalho.log_acesso VALUES ('log_32_1_1', 'de2f0ddb-9903-436a-a5e2-54224254c818', 'usr_32');
INSERT INTO trabalho.usuario_esta_inscrito_no_podcast VALUES (5, '7e429e8e-7669-403d-bb78-3cd7f9f75afd', 'usr_32');
INSERT INTO trabalho.comentarios_podcast_usuario VALUES ('comment_32_0_2', 'Est incidunt nesciunt.', '7e429e8e-7669-403d-bb78-3cd7f9f75afd', 'usr_32');
INSERT INTO trabalho.comentarios_podcast_usuario VALUES ('comment_32_1_2', 'Officia qui exercitationem voluptatum deserunt et accusamus deleniti est.', '7e429e8e-7669-403d-bb78-3cd7f9f75afd', 'usr_32');
INSERT INTO trabalho.log_acesso VALUES ('log_32_0_2', '7e429e8e-7669-403d-bb78-3cd7f9f75afd', 'usr_32');
INSERT INTO trabalho.usuario VALUES ('usr_33', '33_Sara_Silva@bol.com.br', 'Sara Silva', 'female', 28, 'password', 'Qatar');
INSERT INTO trabalho.usuario_esta_inscrito_no_podcast VALUES (1, 'b553d865-8fe2-47de-9a30-10e1dea3bd1d', 'usr_33');
INSERT INTO trabalho.comentarios_podcast_usuario VALUES ('comment_33_0_0', 'Veniam autem adipisci sed omnis voluptatum minus.', 'b553d865-8fe2-47de-9a30-10e1dea3bd1d', 'usr_33');
INSERT INTO trabalho.comentarios_podcast_usuario VALUES ('comment_33_1_0', 'Quo laboriosam dolor perferendis illo placeat blanditiis nemo earum.', 'b553d865-8fe2-47de-9a30-10e1dea3bd1d', 'usr_33');
INSERT INTO trabalho.comentarios_podcast_usuario VALUES ('comment_33_2_0', 'Et voluptates ut at.', 'b553d865-8fe2-47de-9a30-10e1dea3bd1d', 'usr_33');
INSERT INTO trabalho.comentarios_podcast_usuario VALUES ('comment_33_3_0', 'Eligendi animi natus suscipit.', 'b553d865-8fe2-47de-9a30-10e1dea3bd1d', 'usr_33');
INSERT INTO trabalho.comentarios_podcast_usuario VALUES ('comment_33_4_0', 'Quia officia soluta blanditiis nesciunt repudiandae vel et facilis.', 'b553d865-8fe2-47de-9a30-10e1dea3bd1d', 'usr_33');
INSERT INTO trabalho.log_acesso VALUES ('log_33_0_0', 'b553d865-8fe2-47de-9a30-10e1dea3bd1d', 'usr_33');
INSERT INTO trabalho.log_acesso VALUES ('log_33_1_0', 'b553d865-8fe2-47de-9a30-10e1dea3bd1d', 'usr_33');
INSERT INTO trabalho.usuario_esta_inscrito_no_podcast VALUES (2, 'af46a958-b921-47b6-9f87-5c4fdc68ea79', 'usr_33');
INSERT INTO trabalho.comentarios_podcast_usuario VALUES ('comment_33_0_1', 'Accusantium consequuntur quia explicabo quo.', 'af46a958-b921-47b6-9f87-5c4fdc68ea79', 'usr_33');
INSERT INTO trabalho.comentarios_podcast_usuario VALUES ('comment_33_1_1', 'Molestias quis expedita doloremque sint porro nulla dolorum quisquam rerum.', 'af46a958-b921-47b6-9f87-5c4fdc68ea79', 'usr_33');
INSERT INTO trabalho.comentarios_podcast_usuario VALUES ('comment_33_2_1', 'Molestias ut quia velit est id.', 'af46a958-b921-47b6-9f87-5c4fdc68ea79', 'usr_33');
INSERT INTO trabalho.comentarios_podcast_usuario VALUES ('comment_33_3_1', 'Id ducimus facere aliquam.', 'af46a958-b921-47b6-9f87-5c4fdc68ea79', 'usr_33');
INSERT INTO trabalho.log_acesso VALUES ('log_33_0_1', 'af46a958-b921-47b6-9f87-5c4fdc68ea79', 'usr_33');
INSERT INTO trabalho.usuario_esta_inscrito_no_podcast VALUES (1, 'f0166bd2-8e4d-4308-b5d7-0b3d627c5dc5', 'usr_33');
INSERT INTO trabalho.comentarios_podcast_usuario VALUES ('comment_33_0_2', 'Inventore ullam ducimus vero sit sit a at.', 'f0166bd2-8e4d-4308-b5d7-0b3d627c5dc5', 'usr_33');
INSERT INTO trabalho.log_acesso VALUES ('log_33_0_2', 'f0166bd2-8e4d-4308-b5d7-0b3d627c5dc5', 'usr_33');
INSERT INTO trabalho.log_acesso VALUES ('log_33_1_2', 'f0166bd2-8e4d-4308-b5d7-0b3d627c5dc5', 'usr_33');
INSERT INTO trabalho.log_acesso VALUES ('log_33_2_2', 'f0166bd2-8e4d-4308-b5d7-0b3d627c5dc5', 'usr_33');
INSERT INTO trabalho.log_acesso VALUES ('log_33_3_2', 'f0166bd2-8e4d-4308-b5d7-0b3d627c5dc5', 'usr_33');
INSERT INTO trabalho.log_acesso VALUES ('log_33_4_2', 'f0166bd2-8e4d-4308-b5d7-0b3d627c5dc5', 'usr_33');
INSERT INTO trabalho.log_acesso VALUES ('log_33_5_2', 'f0166bd2-8e4d-4308-b5d7-0b3d627c5dc5', 'usr_33');
INSERT INTO trabalho.usuario VALUES ('usr_34', '34_Talita_Oliveira@hotmail.com', 'Talita Oliveira', 'female', 46, 'password', 'Islândia');
INSERT INTO trabalho.usuario_esta_inscrito_no_podcast VALUES (3, 'de2f0ddb-9903-436a-a5e2-54224254c818', 'usr_34');
INSERT INTO trabalho.comentarios_podcast_usuario VALUES ('comment_34_0_0', 'Dicta excepturi repudiandae.', 'de2f0ddb-9903-436a-a5e2-54224254c818', 'usr_34');
INSERT INTO trabalho.comentarios_podcast_usuario VALUES ('comment_34_1_0', 'Facilis voluptatem cum praesentium nobis suscipit illo consequuntur.', 'de2f0ddb-9903-436a-a5e2-54224254c818', 'usr_34');
INSERT INTO trabalho.log_acesso VALUES ('log_34_0_0', 'de2f0ddb-9903-436a-a5e2-54224254c818', 'usr_34');
INSERT INTO trabalho.log_acesso VALUES ('log_34_1_0', 'de2f0ddb-9903-436a-a5e2-54224254c818', 'usr_34');
INSERT INTO trabalho.log_acesso VALUES ('log_34_2_0', 'de2f0ddb-9903-436a-a5e2-54224254c818', 'usr_34');
INSERT INTO trabalho.log_acesso VALUES ('log_34_3_0', 'de2f0ddb-9903-436a-a5e2-54224254c818', 'usr_34');
INSERT INTO trabalho.usuario_esta_inscrito_no_podcast VALUES (1, '5bdf7377-8330-4f9f-8efd-e95301c122ce', 'usr_34');
INSERT INTO trabalho.comentarios_podcast_usuario VALUES ('comment_34_0_1', 'Minus voluptas praesentium odit culpa sed saepe.', '5bdf7377-8330-4f9f-8efd-e95301c122ce', 'usr_34');
INSERT INTO trabalho.comentarios_podcast_usuario VALUES ('comment_34_1_1', 'Repellendus rerum temporibus non soluta.', '5bdf7377-8330-4f9f-8efd-e95301c122ce', 'usr_34');
INSERT INTO trabalho.comentarios_podcast_usuario VALUES ('comment_34_2_1', 'Omnis numquam nobis quas libero omnis.', '5bdf7377-8330-4f9f-8efd-e95301c122ce', 'usr_34');
INSERT INTO trabalho.comentarios_podcast_usuario VALUES ('comment_34_3_1', 'Voluptate et iure deleniti aspernatur non.', '5bdf7377-8330-4f9f-8efd-e95301c122ce', 'usr_34');
INSERT INTO trabalho.comentarios_podcast_usuario VALUES ('comment_34_4_1', 'Dolorem id aut qui.', '5bdf7377-8330-4f9f-8efd-e95301c122ce', 'usr_34');
INSERT INTO trabalho.log_acesso VALUES ('log_34_0_1', '5bdf7377-8330-4f9f-8efd-e95301c122ce', 'usr_34');
INSERT INTO trabalho.log_acesso VALUES ('log_34_1_1', '5bdf7377-8330-4f9f-8efd-e95301c122ce', 'usr_34');
INSERT INTO trabalho.usuario_esta_inscrito_no_podcast VALUES (4, '67074e68-bc2f-442b-8af2-7d328b6af6eb', 'usr_34');
INSERT INTO trabalho.comentarios_podcast_usuario VALUES ('comment_34_0_2', 'Dolores rerum eveniet repellendus delectus ut totam.', '67074e68-bc2f-442b-8af2-7d328b6af6eb', 'usr_34');
INSERT INTO trabalho.log_acesso VALUES ('log_34_0_2', '67074e68-bc2f-442b-8af2-7d328b6af6eb', 'usr_34');
INSERT INTO trabalho.usuario VALUES ('usr_35', '35_Carla82@bol.com.br', 'Carla Souza', 'female', 12, 'password', 'Filipinas');
INSERT INTO trabalho.usuario_esta_inscrito_no_podcast VALUES (3, '7e429e8e-7669-403d-bb78-3cd7f9f75afd', 'usr_35');
INSERT INTO trabalho.comentarios_podcast_usuario VALUES ('comment_35_0_0', 'Adipisci architecto ipsum exercitationem cupiditate facere.', '7e429e8e-7669-403d-bb78-3cd7f9f75afd', 'usr_35');
INSERT INTO trabalho.comentarios_podcast_usuario VALUES ('comment_35_1_0', 'Et asperiores blanditiis consequatur nam minima laboriosam et rem.', '7e429e8e-7669-403d-bb78-3cd7f9f75afd', 'usr_35');
INSERT INTO trabalho.comentarios_podcast_usuario VALUES ('comment_35_2_0', 'Officia consectetur culpa est.', '7e429e8e-7669-403d-bb78-3cd7f9f75afd', 'usr_35');
INSERT INTO trabalho.comentarios_podcast_usuario VALUES ('comment_35_3_0', 'Et ad voluptas molestias.', '7e429e8e-7669-403d-bb78-3cd7f9f75afd', 'usr_35');
INSERT INTO trabalho.comentarios_podcast_usuario VALUES ('comment_35_4_0', 'Sed et aut porro maxime quia.', '7e429e8e-7669-403d-bb78-3cd7f9f75afd', 'usr_35');
INSERT INTO trabalho.comentarios_podcast_usuario VALUES ('comment_35_5_0', 'Quisquam earum explicabo nihil odit.', '7e429e8e-7669-403d-bb78-3cd7f9f75afd', 'usr_35');
INSERT INTO trabalho.log_acesso VALUES ('log_35_0_0', '7e429e8e-7669-403d-bb78-3cd7f9f75afd', 'usr_35');
INSERT INTO trabalho.log_acesso VALUES ('log_35_1_0', '7e429e8e-7669-403d-bb78-3cd7f9f75afd', 'usr_35');
INSERT INTO trabalho.usuario_esta_inscrito_no_podcast VALUES (5, '168c1536-4c42-4b8f-8c77-f06affefec6a', 'usr_35');
INSERT INTO trabalho.comentarios_podcast_usuario VALUES ('comment_35_0_1', 'Cum corporis laborum consequatur magnam eos cupiditate.', '168c1536-4c42-4b8f-8c77-f06affefec6a', 'usr_35');
INSERT INTO trabalho.comentarios_podcast_usuario VALUES ('comment_35_1_1', 'Alias qui porro libero iure in.', '168c1536-4c42-4b8f-8c77-f06affefec6a', 'usr_35');
INSERT INTO trabalho.comentarios_podcast_usuario VALUES ('comment_35_2_1', 'Id deleniti optio quo.', '168c1536-4c42-4b8f-8c77-f06affefec6a', 'usr_35');
INSERT INTO trabalho.comentarios_podcast_usuario VALUES ('comment_35_3_1', 'Officia repellat aperiam neque aut voluptas id consequatur sit.', '168c1536-4c42-4b8f-8c77-f06affefec6a', 'usr_35');
INSERT INTO trabalho.log_acesso VALUES ('log_35_0_1', '168c1536-4c42-4b8f-8c77-f06affefec6a', 'usr_35');
INSERT INTO trabalho.log_acesso VALUES ('log_35_1_1', '168c1536-4c42-4b8f-8c77-f06affefec6a', 'usr_35');
INSERT INTO trabalho.log_acesso VALUES ('log_35_2_1', '168c1536-4c42-4b8f-8c77-f06affefec6a', 'usr_35');
INSERT INTO trabalho.log_acesso VALUES ('log_35_3_1', '168c1536-4c42-4b8f-8c77-f06affefec6a', 'usr_35');
INSERT INTO trabalho.log_acesso VALUES ('log_35_4_1', '168c1536-4c42-4b8f-8c77-f06affefec6a', 'usr_35');
INSERT INTO trabalho.usuario_esta_inscrito_no_podcast VALUES (4, 'b553d865-8fe2-47de-9a30-10e1dea3bd1d', 'usr_35');
INSERT INTO trabalho.comentarios_podcast_usuario VALUES ('comment_35_0_2', 'Eveniet animi quaerat fugiat necessitatibus molestiae similique aut quas mollitia.', 'b553d865-8fe2-47de-9a30-10e1dea3bd1d', 'usr_35');
INSERT INTO trabalho.comentarios_podcast_usuario VALUES ('comment_35_1_2', 'Tenetur magnam veniam sit veniam voluptatum.', 'b553d865-8fe2-47de-9a30-10e1dea3bd1d', 'usr_35');
INSERT INTO trabalho.comentarios_podcast_usuario VALUES ('comment_35_2_2', 'Ea molestiae veniam aut quod quia similique.', 'b553d865-8fe2-47de-9a30-10e1dea3bd1d', 'usr_35');
INSERT INTO trabalho.comentarios_podcast_usuario VALUES ('comment_35_3_2', 'Hic iusto ea est non.', 'b553d865-8fe2-47de-9a30-10e1dea3bd1d', 'usr_35');
INSERT INTO trabalho.comentarios_podcast_usuario VALUES ('comment_35_4_2', 'Exercitationem aut praesentium et qui nihil.', 'b553d865-8fe2-47de-9a30-10e1dea3bd1d', 'usr_35');
INSERT INTO trabalho.log_acesso VALUES ('log_35_0_2', 'b553d865-8fe2-47de-9a30-10e1dea3bd1d', 'usr_35');
INSERT INTO trabalho.log_acesso VALUES ('log_35_1_2', 'b553d865-8fe2-47de-9a30-10e1dea3bd1d', 'usr_35');
INSERT INTO trabalho.log_acesso VALUES ('log_35_2_2', 'b553d865-8fe2-47de-9a30-10e1dea3bd1d', 'usr_35');
INSERT INTO trabalho.log_acesso VALUES ('log_35_3_2', 'b553d865-8fe2-47de-9a30-10e1dea3bd1d', 'usr_35');
INSERT INTO trabalho.log_acesso VALUES ('log_35_4_2', 'b553d865-8fe2-47de-9a30-10e1dea3bd1d', 'usr_35');
INSERT INTO trabalho.usuario VALUES ('usr_36', '36_Carla_Albuquerque21@bol.com.br', 'Carla Albuquerque', 'female', 49, 'password', 'Afeganistão');
INSERT INTO trabalho.usuario_esta_inscrito_no_podcast VALUES (5, 'de2f0ddb-9903-436a-a5e2-54224254c818', 'usr_36');
INSERT INTO trabalho.comentarios_podcast_usuario VALUES ('comment_36_0_0', 'Tempora labore quisquam minima quasi cupiditate quas.', 'de2f0ddb-9903-436a-a5e2-54224254c818', 'usr_36');
INSERT INTO trabalho.comentarios_podcast_usuario VALUES ('comment_36_1_0', 'Et eligendi eligendi explicabo natus.', 'de2f0ddb-9903-436a-a5e2-54224254c818', 'usr_36');
INSERT INTO trabalho.log_acesso VALUES ('log_36_0_0', 'de2f0ddb-9903-436a-a5e2-54224254c818', 'usr_36');
INSERT INTO trabalho.log_acesso VALUES ('log_36_1_0', 'de2f0ddb-9903-436a-a5e2-54224254c818', 'usr_36');
INSERT INTO trabalho.log_acesso VALUES ('log_36_2_0', 'de2f0ddb-9903-436a-a5e2-54224254c818', 'usr_36');
INSERT INTO trabalho.log_acesso VALUES ('log_36_3_0', 'de2f0ddb-9903-436a-a5e2-54224254c818', 'usr_36');
INSERT INTO trabalho.log_acesso VALUES ('log_36_4_0', 'de2f0ddb-9903-436a-a5e2-54224254c818', 'usr_36');
INSERT INTO trabalho.usuario_esta_inscrito_no_podcast VALUES (3, '5bdf7377-8330-4f9f-8efd-e95301c122ce', 'usr_36');
INSERT INTO trabalho.comentarios_podcast_usuario VALUES ('comment_36_0_1', 'Non aut consequuntur incidunt autem ut fugiat rerum et debitis.', '5bdf7377-8330-4f9f-8efd-e95301c122ce', 'usr_36');
INSERT INTO trabalho.comentarios_podcast_usuario VALUES ('comment_36_1_1', 'Ea autem odio aspernatur animi deleniti sunt.', '5bdf7377-8330-4f9f-8efd-e95301c122ce', 'usr_36');
INSERT INTO trabalho.log_acesso VALUES ('log_36_0_1', '5bdf7377-8330-4f9f-8efd-e95301c122ce', 'usr_36');
INSERT INTO trabalho.log_acesso VALUES ('log_36_1_1', '5bdf7377-8330-4f9f-8efd-e95301c122ce', 'usr_36');
INSERT INTO trabalho.log_acesso VALUES ('log_36_2_1', '5bdf7377-8330-4f9f-8efd-e95301c122ce', 'usr_36');
INSERT INTO trabalho.log_acesso VALUES ('log_36_3_1', '5bdf7377-8330-4f9f-8efd-e95301c122ce', 'usr_36');
INSERT INTO trabalho.usuario_esta_inscrito_no_podcast VALUES (0, 'c58b280a-56d4-4ad8-8c85-730e4ea86361', 'usr_36');
INSERT INTO trabalho.comentarios_podcast_usuario VALUES ('comment_36_0_2', 'Quibusdam eveniet ratione aliquid reprehenderit.', 'c58b280a-56d4-4ad8-8c85-730e4ea86361', 'usr_36');
INSERT INTO trabalho.comentarios_podcast_usuario VALUES ('comment_36_1_2', 'Corporis rerum velit ut a repellat hic et laborum veniam.', 'c58b280a-56d4-4ad8-8c85-730e4ea86361', 'usr_36');
INSERT INTO trabalho.log_acesso VALUES ('log_36_0_2', 'c58b280a-56d4-4ad8-8c85-730e4ea86361', 'usr_36');
INSERT INTO trabalho.log_acesso VALUES ('log_36_1_2', 'c58b280a-56d4-4ad8-8c85-730e4ea86361', 'usr_36');
INSERT INTO trabalho.log_acesso VALUES ('log_36_2_2', 'c58b280a-56d4-4ad8-8c85-730e4ea86361', 'usr_36');
INSERT INTO trabalho.log_acesso VALUES ('log_36_3_2', 'c58b280a-56d4-4ad8-8c85-730e4ea86361', 'usr_36');
INSERT INTO trabalho.usuario VALUES ('usr_37', '37_Felipe.Batista46@hotmail.com', 'Felipe Batista', 'male', 27, 'password', 'Nova Zelândia');
INSERT INTO trabalho.usuario_esta_inscrito_no_podcast VALUES (3, 'c58b280a-56d4-4ad8-8c85-730e4ea86361', 'usr_37');
INSERT INTO trabalho.comentarios_podcast_usuario VALUES ('comment_37_0_0', 'Necessitatibus ipsa voluptas rerum ut id eos quod aut ut.', 'c58b280a-56d4-4ad8-8c85-730e4ea86361', 'usr_37');
INSERT INTO trabalho.comentarios_podcast_usuario VALUES ('comment_37_1_0', 'At omnis facilis adipisci eaque est.', 'c58b280a-56d4-4ad8-8c85-730e4ea86361', 'usr_37');
INSERT INTO trabalho.comentarios_podcast_usuario VALUES ('comment_37_2_0', 'Dicta ipsum aut.', 'c58b280a-56d4-4ad8-8c85-730e4ea86361', 'usr_37');
INSERT INTO trabalho.log_acesso VALUES ('log_37_0_0', 'c58b280a-56d4-4ad8-8c85-730e4ea86361', 'usr_37');
INSERT INTO trabalho.log_acesso VALUES ('log_37_1_0', 'c58b280a-56d4-4ad8-8c85-730e4ea86361', 'usr_37');
INSERT INTO trabalho.log_acesso VALUES ('log_37_2_0', 'c58b280a-56d4-4ad8-8c85-730e4ea86361', 'usr_37');
INSERT INTO trabalho.log_acesso VALUES ('log_37_3_0', 'c58b280a-56d4-4ad8-8c85-730e4ea86361', 'usr_37');
INSERT INTO trabalho.log_acesso VALUES ('log_37_4_0', 'c58b280a-56d4-4ad8-8c85-730e4ea86361', 'usr_37');
INSERT INTO trabalho.usuario_esta_inscrito_no_podcast VALUES (3, 'fa3abe16-3645-4d22-a01d-893e6f20c408', 'usr_37');
INSERT INTO trabalho.comentarios_podcast_usuario VALUES ('comment_37_0_1', 'Dolores non architecto rerum nisi earum quia.', 'fa3abe16-3645-4d22-a01d-893e6f20c408', 'usr_37');
INSERT INTO trabalho.comentarios_podcast_usuario VALUES ('comment_37_1_1', 'In eveniet quidem.', 'fa3abe16-3645-4d22-a01d-893e6f20c408', 'usr_37');
INSERT INTO trabalho.comentarios_podcast_usuario VALUES ('comment_37_2_1', 'Id aut blanditiis at iure.', 'fa3abe16-3645-4d22-a01d-893e6f20c408', 'usr_37');
INSERT INTO trabalho.comentarios_podcast_usuario VALUES ('comment_37_3_1', 'Qui autem doloremque est quidem.', 'fa3abe16-3645-4d22-a01d-893e6f20c408', 'usr_37');
INSERT INTO trabalho.comentarios_podcast_usuario VALUES ('comment_37_4_1', 'Officiis eligendi qui.', 'fa3abe16-3645-4d22-a01d-893e6f20c408', 'usr_37');
INSERT INTO trabalho.comentarios_podcast_usuario VALUES ('comment_37_5_1', 'Rerum dolorum consequuntur soluta.', 'fa3abe16-3645-4d22-a01d-893e6f20c408', 'usr_37');
INSERT INTO trabalho.log_acesso VALUES ('log_37_0_1', 'fa3abe16-3645-4d22-a01d-893e6f20c408', 'usr_37');
INSERT INTO trabalho.log_acesso VALUES ('log_37_1_1', 'fa3abe16-3645-4d22-a01d-893e6f20c408', 'usr_37');
INSERT INTO trabalho.log_acesso VALUES ('log_37_2_1', 'fa3abe16-3645-4d22-a01d-893e6f20c408', 'usr_37');
INSERT INTO trabalho.usuario_esta_inscrito_no_podcast VALUES (3, '168c1536-4c42-4b8f-8c77-f06affefec6a', 'usr_37');
INSERT INTO trabalho.comentarios_podcast_usuario VALUES ('comment_37_0_2', 'In eos molestiae.', '168c1536-4c42-4b8f-8c77-f06affefec6a', 'usr_37');
INSERT INTO trabalho.comentarios_podcast_usuario VALUES ('comment_37_1_2', 'Suscipit qui sunt aspernatur modi aliquid consequatur consequuntur deleniti.', '168c1536-4c42-4b8f-8c77-f06affefec6a', 'usr_37');
INSERT INTO trabalho.log_acesso VALUES ('log_37_0_2', '168c1536-4c42-4b8f-8c77-f06affefec6a', 'usr_37');
INSERT INTO trabalho.log_acesso VALUES ('log_37_1_2', '168c1536-4c42-4b8f-8c77-f06affefec6a', 'usr_37');
INSERT INTO trabalho.usuario VALUES ('usr_38', '38_Tertuliano34@hotmail.com', 'Tertuliano Saraiva', 'male', 21, 'password', 'Colômbia');
INSERT INTO trabalho.usuario_esta_inscrito_no_podcast VALUES (4, '168c1536-4c42-4b8f-8c77-f06affefec6a', 'usr_38');
INSERT INTO trabalho.comentarios_podcast_usuario VALUES ('comment_38_0_0', 'Assumenda qui facere porro veritatis autem tenetur rem id.', '168c1536-4c42-4b8f-8c77-f06affefec6a', 'usr_38');
INSERT INTO trabalho.comentarios_podcast_usuario VALUES ('comment_38_1_0', 'Soluta officiis provident modi corporis dolorem odit eaque nihil officia.', '168c1536-4c42-4b8f-8c77-f06affefec6a', 'usr_38');
INSERT INTO trabalho.log_acesso VALUES ('log_38_0_0', '168c1536-4c42-4b8f-8c77-f06affefec6a', 'usr_38');
INSERT INTO trabalho.usuario_esta_inscrito_no_podcast VALUES (4, 'bc8dac25-793c-4a96-aafc-4ea7020f4f60', 'usr_38');
INSERT INTO trabalho.comentarios_podcast_usuario VALUES ('comment_38_0_1', 'Quia odit ut et eum.', 'bc8dac25-793c-4a96-aafc-4ea7020f4f60', 'usr_38');
INSERT INTO trabalho.comentarios_podcast_usuario VALUES ('comment_38_1_1', 'Deleniti vero facere exercitationem enim.', 'bc8dac25-793c-4a96-aafc-4ea7020f4f60', 'usr_38');
INSERT INTO trabalho.comentarios_podcast_usuario VALUES ('comment_38_2_1', 'Harum nobis et dolor nihil.', 'bc8dac25-793c-4a96-aafc-4ea7020f4f60', 'usr_38');
INSERT INTO trabalho.log_acesso VALUES ('log_38_0_1', 'bc8dac25-793c-4a96-aafc-4ea7020f4f60', 'usr_38');
INSERT INTO trabalho.log_acesso VALUES ('log_38_1_1', 'bc8dac25-793c-4a96-aafc-4ea7020f4f60', 'usr_38');
INSERT INTO trabalho.usuario_esta_inscrito_no_podcast VALUES (3, '5bdf7377-8330-4f9f-8efd-e95301c122ce', 'usr_38');
INSERT INTO trabalho.comentarios_podcast_usuario VALUES ('comment_38_0_2', 'Perspiciatis enim qui provident non.', '5bdf7377-8330-4f9f-8efd-e95301c122ce', 'usr_38');
INSERT INTO trabalho.comentarios_podcast_usuario VALUES ('comment_38_1_2', 'Ipsam unde vitae odit.', '5bdf7377-8330-4f9f-8efd-e95301c122ce', 'usr_38');
INSERT INTO trabalho.comentarios_podcast_usuario VALUES ('comment_38_2_2', 'Quod explicabo ducimus ut ut sit.', '5bdf7377-8330-4f9f-8efd-e95301c122ce', 'usr_38');
INSERT INTO trabalho.log_acesso VALUES ('log_38_0_2', '5bdf7377-8330-4f9f-8efd-e95301c122ce', 'usr_38');
INSERT INTO trabalho.log_acesso VALUES ('log_38_1_2', '5bdf7377-8330-4f9f-8efd-e95301c122ce', 'usr_38');
INSERT INTO trabalho.usuario VALUES ('usr_39', '39_Mariana.Costa6@yahoo.com', 'Mariana Costa', 'female', 28, 'password', 'Equador');
INSERT INTO trabalho.usuario_esta_inscrito_no_podcast VALUES (3, '7e429e8e-7669-403d-bb78-3cd7f9f75afd', 'usr_39');
INSERT INTO trabalho.comentarios_podcast_usuario VALUES ('comment_39_0_0', 'Vel eos quia animi et qui.', '7e429e8e-7669-403d-bb78-3cd7f9f75afd', 'usr_39');
INSERT INTO trabalho.comentarios_podcast_usuario VALUES ('comment_39_1_0', 'Dignissimos dolorum accusantium error nisi ea.', '7e429e8e-7669-403d-bb78-3cd7f9f75afd', 'usr_39');
INSERT INTO trabalho.comentarios_podcast_usuario VALUES ('comment_39_2_0', 'Sit et est quaerat alias molestiae atque velit aliquam a.', '7e429e8e-7669-403d-bb78-3cd7f9f75afd', 'usr_39');
INSERT INTO trabalho.comentarios_podcast_usuario VALUES ('comment_39_3_0', 'Rem eos saepe ea libero nostrum facere.', '7e429e8e-7669-403d-bb78-3cd7f9f75afd', 'usr_39');
INSERT INTO trabalho.comentarios_podcast_usuario VALUES ('comment_39_4_0', 'Voluptatem laborum necessitatibus quis in numquam saepe aspernatur sed.', '7e429e8e-7669-403d-bb78-3cd7f9f75afd', 'usr_39');
INSERT INTO trabalho.comentarios_podcast_usuario VALUES ('comment_39_5_0', 'Quia debitis deserunt consequuntur quia.', '7e429e8e-7669-403d-bb78-3cd7f9f75afd', 'usr_39');
INSERT INTO trabalho.log_acesso VALUES ('log_39_0_0', '7e429e8e-7669-403d-bb78-3cd7f9f75afd', 'usr_39');
INSERT INTO trabalho.log_acesso VALUES ('log_39_1_0', '7e429e8e-7669-403d-bb78-3cd7f9f75afd', 'usr_39');
INSERT INTO trabalho.log_acesso VALUES ('log_39_2_0', '7e429e8e-7669-403d-bb78-3cd7f9f75afd', 'usr_39');
INSERT INTO trabalho.log_acesso VALUES ('log_39_3_0', '7e429e8e-7669-403d-bb78-3cd7f9f75afd', 'usr_39');
INSERT INTO trabalho.log_acesso VALUES ('log_39_4_0', '7e429e8e-7669-403d-bb78-3cd7f9f75afd', 'usr_39');
INSERT INTO trabalho.usuario_esta_inscrito_no_podcast VALUES (2, '168c1536-4c42-4b8f-8c77-f06affefec6a', 'usr_39');
INSERT INTO trabalho.comentarios_podcast_usuario VALUES ('comment_39_0_1', 'Tenetur amet et ab dolor et eveniet.', '168c1536-4c42-4b8f-8c77-f06affefec6a', 'usr_39');
INSERT INTO trabalho.comentarios_podcast_usuario VALUES ('comment_39_1_1', 'Eos nemo asperiores qui et soluta est quo.', '168c1536-4c42-4b8f-8c77-f06affefec6a', 'usr_39');
INSERT INTO trabalho.log_acesso VALUES ('log_39_0_1', '168c1536-4c42-4b8f-8c77-f06affefec6a', 'usr_39');
INSERT INTO trabalho.log_acesso VALUES ('log_39_1_1', '168c1536-4c42-4b8f-8c77-f06affefec6a', 'usr_39');
INSERT INTO trabalho.log_acesso VALUES ('log_39_2_1', '168c1536-4c42-4b8f-8c77-f06affefec6a', 'usr_39');
INSERT INTO trabalho.usuario_esta_inscrito_no_podcast VALUES (4, 'f8e13774-d631-4f34-93f0-2f5d55590265', 'usr_39');
INSERT INTO trabalho.comentarios_podcast_usuario VALUES ('comment_39_0_2', 'Ut eos aliquam sequi et in.', 'f8e13774-d631-4f34-93f0-2f5d55590265', 'usr_39');
INSERT INTO trabalho.comentarios_podcast_usuario VALUES ('comment_39_1_2', 'Assumenda cumque occaecati vitae qui.', 'f8e13774-d631-4f34-93f0-2f5d55590265', 'usr_39');
INSERT INTO trabalho.comentarios_podcast_usuario VALUES ('comment_39_2_2', 'Dolor aperiam aliquid rerum quos eos blanditiis ipsa.', 'f8e13774-d631-4f34-93f0-2f5d55590265', 'usr_39');
INSERT INTO trabalho.log_acesso VALUES ('log_39_0_2', 'f8e13774-d631-4f34-93f0-2f5d55590265', 'usr_39');
INSERT INTO trabalho.log_acesso VALUES ('log_39_1_2', 'f8e13774-d631-4f34-93f0-2f5d55590265', 'usr_39');
INSERT INTO trabalho.log_acesso VALUES ('log_39_2_2', 'f8e13774-d631-4f34-93f0-2f5d55590265', 'usr_39');
INSERT INTO trabalho.log_acesso VALUES ('log_39_3_2', 'f8e13774-d631-4f34-93f0-2f5d55590265', 'usr_39');
INSERT INTO trabalho.usuario VALUES ('usr_40', '40_Ceclia80@yahoo.com', 'Cecília Albuquerque', 'female', 4, 'password', 'Ilha Norfolk');
INSERT INTO trabalho.usuario_esta_inscrito_no_podcast VALUES (2, 'fa3abe16-3645-4d22-a01d-893e6f20c408', 'usr_40');
INSERT INTO trabalho.comentarios_podcast_usuario VALUES ('comment_40_0_0', 'Qui aut ut culpa quis aut consectetur qui laboriosam.', 'fa3abe16-3645-4d22-a01d-893e6f20c408', 'usr_40');
INSERT INTO trabalho.comentarios_podcast_usuario VALUES ('comment_40_1_0', 'Earum veniam atque enim quis praesentium.', 'fa3abe16-3645-4d22-a01d-893e6f20c408', 'usr_40');
INSERT INTO trabalho.log_acesso VALUES ('log_40_0_0', 'fa3abe16-3645-4d22-a01d-893e6f20c408', 'usr_40');
INSERT INTO trabalho.log_acesso VALUES ('log_40_1_0', 'fa3abe16-3645-4d22-a01d-893e6f20c408', 'usr_40');
INSERT INTO trabalho.log_acesso VALUES ('log_40_2_0', 'fa3abe16-3645-4d22-a01d-893e6f20c408', 'usr_40');
INSERT INTO trabalho.usuario_esta_inscrito_no_podcast VALUES (4, 'af46a958-b921-47b6-9f87-5c4fdc68ea79', 'usr_40');
INSERT INTO trabalho.comentarios_podcast_usuario VALUES ('comment_40_0_1', 'Quia qui vel.', 'af46a958-b921-47b6-9f87-5c4fdc68ea79', 'usr_40');
INSERT INTO trabalho.comentarios_podcast_usuario VALUES ('comment_40_1_1', 'Blanditiis distinctio alias architecto id laudantium est necessitatibus.', 'af46a958-b921-47b6-9f87-5c4fdc68ea79', 'usr_40');
INSERT INTO trabalho.comentarios_podcast_usuario VALUES ('comment_40_2_1', 'Dolores autem architecto provident sit.', 'af46a958-b921-47b6-9f87-5c4fdc68ea79', 'usr_40');
INSERT INTO trabalho.comentarios_podcast_usuario VALUES ('comment_40_3_1', 'Est ipsum illum.', 'af46a958-b921-47b6-9f87-5c4fdc68ea79', 'usr_40');
INSERT INTO trabalho.comentarios_podcast_usuario VALUES ('comment_40_4_1', 'Sapiente reiciendis quibusdam.', 'af46a958-b921-47b6-9f87-5c4fdc68ea79', 'usr_40');
INSERT INTO trabalho.log_acesso VALUES ('log_40_0_1', 'af46a958-b921-47b6-9f87-5c4fdc68ea79', 'usr_40');
INSERT INTO trabalho.usuario_esta_inscrito_no_podcast VALUES (0, '219328a1-cec6-4e8c-b003-52a3ec9766bb', 'usr_40');
INSERT INTO trabalho.comentarios_podcast_usuario VALUES ('comment_40_0_2', 'Est quos provident optio eaque nemo perspiciatis aspernatur et.', '219328a1-cec6-4e8c-b003-52a3ec9766bb', 'usr_40');
INSERT INTO trabalho.comentarios_podcast_usuario VALUES ('comment_40_1_2', 'Ut vitae pariatur dolore.', '219328a1-cec6-4e8c-b003-52a3ec9766bb', 'usr_40');
INSERT INTO trabalho.comentarios_podcast_usuario VALUES ('comment_40_2_2', 'Quisquam omnis ea at vel qui perspiciatis optio.', '219328a1-cec6-4e8c-b003-52a3ec9766bb', 'usr_40');
INSERT INTO trabalho.log_acesso VALUES ('log_40_0_2', '219328a1-cec6-4e8c-b003-52a3ec9766bb', 'usr_40');
INSERT INTO trabalho.log_acesso VALUES ('log_40_1_2', '219328a1-cec6-4e8c-b003-52a3ec9766bb', 'usr_40');
INSERT INTO trabalho.usuario VALUES ('usr_41', '41_Isabelly48@bol.com.br', 'Isabelly Carvalho', 'female', 52, 'password', 'Holanda');
INSERT INTO trabalho.usuario_esta_inscrito_no_podcast VALUES (1, 'af46a958-b921-47b6-9f87-5c4fdc68ea79', 'usr_41');
INSERT INTO trabalho.comentarios_podcast_usuario VALUES ('comment_41_0_0', 'Nihil cumque et sed placeat rerum.', 'af46a958-b921-47b6-9f87-5c4fdc68ea79', 'usr_41');
INSERT INTO trabalho.comentarios_podcast_usuario VALUES ('comment_41_1_0', 'Et animi perspiciatis enim provident ratione fugit.', 'af46a958-b921-47b6-9f87-5c4fdc68ea79', 'usr_41');
INSERT INTO trabalho.comentarios_podcast_usuario VALUES ('comment_41_2_0', 'Adipisci at sed vero ex reprehenderit.', 'af46a958-b921-47b6-9f87-5c4fdc68ea79', 'usr_41');
INSERT INTO trabalho.comentarios_podcast_usuario VALUES ('comment_41_3_0', 'Placeat qui quasi nesciunt temporibus est dolorem ut et eum.', 'af46a958-b921-47b6-9f87-5c4fdc68ea79', 'usr_41');
INSERT INTO trabalho.log_acesso VALUES ('log_41_0_0', 'af46a958-b921-47b6-9f87-5c4fdc68ea79', 'usr_41');
INSERT INTO trabalho.log_acesso VALUES ('log_41_1_0', 'af46a958-b921-47b6-9f87-5c4fdc68ea79', 'usr_41');
INSERT INTO trabalho.log_acesso VALUES ('log_41_2_0', 'af46a958-b921-47b6-9f87-5c4fdc68ea79', 'usr_41');
INSERT INTO trabalho.log_acesso VALUES ('log_41_3_0', 'af46a958-b921-47b6-9f87-5c4fdc68ea79', 'usr_41');
INSERT INTO trabalho.log_acesso VALUES ('log_41_4_0', 'af46a958-b921-47b6-9f87-5c4fdc68ea79', 'usr_41');
INSERT INTO trabalho.log_acesso VALUES ('log_41_5_0', 'af46a958-b921-47b6-9f87-5c4fdc68ea79', 'usr_41');
INSERT INTO trabalho.usuario_esta_inscrito_no_podcast VALUES (2, '168c1536-4c42-4b8f-8c77-f06affefec6a', 'usr_41');
INSERT INTO trabalho.comentarios_podcast_usuario VALUES ('comment_41_0_1', 'Hic ipsa debitis officia maiores nemo.', '168c1536-4c42-4b8f-8c77-f06affefec6a', 'usr_41');
INSERT INTO trabalho.log_acesso VALUES ('log_41_0_1', '168c1536-4c42-4b8f-8c77-f06affefec6a', 'usr_41');
INSERT INTO trabalho.log_acesso VALUES ('log_41_1_1', '168c1536-4c42-4b8f-8c77-f06affefec6a', 'usr_41');
INSERT INTO trabalho.usuario_esta_inscrito_no_podcast VALUES (2, 'b553d865-8fe2-47de-9a30-10e1dea3bd1d', 'usr_41');
INSERT INTO trabalho.comentarios_podcast_usuario VALUES ('comment_41_0_2', 'Explicabo id quis quis velit placeat molestiae et non beatae.', 'b553d865-8fe2-47de-9a30-10e1dea3bd1d', 'usr_41');
INSERT INTO trabalho.comentarios_podcast_usuario VALUES ('comment_41_1_2', 'Ut temporibus qui aliquid aut in tempore vel delectus commodi.', 'b553d865-8fe2-47de-9a30-10e1dea3bd1d', 'usr_41');
INSERT INTO trabalho.comentarios_podcast_usuario VALUES ('comment_41_2_2', 'Quasi quia ipsam.', 'b553d865-8fe2-47de-9a30-10e1dea3bd1d', 'usr_41');
INSERT INTO trabalho.log_acesso VALUES ('log_41_0_2', 'b553d865-8fe2-47de-9a30-10e1dea3bd1d', 'usr_41');
INSERT INTO trabalho.log_acesso VALUES ('log_41_1_2', 'b553d865-8fe2-47de-9a30-10e1dea3bd1d', 'usr_41');
INSERT INTO trabalho.usuario VALUES ('usr_42', '42_Esther_Santos@yahoo.com', 'Esther Santos', 'female', 12, 'password', 'Costa Rica');
INSERT INTO trabalho.usuario_esta_inscrito_no_podcast VALUES (4, 'f0166bd2-8e4d-4308-b5d7-0b3d627c5dc5', 'usr_42');
INSERT INTO trabalho.comentarios_podcast_usuario VALUES ('comment_42_0_0', 'Nam distinctio ullam ullam est nesciunt.', 'f0166bd2-8e4d-4308-b5d7-0b3d627c5dc5', 'usr_42');
INSERT INTO trabalho.comentarios_podcast_usuario VALUES ('comment_42_1_0', 'Voluptas magni dolores nobis voluptatum.', 'f0166bd2-8e4d-4308-b5d7-0b3d627c5dc5', 'usr_42');
INSERT INTO trabalho.comentarios_podcast_usuario VALUES ('comment_42_2_0', 'Molestias numquam sapiente perferendis sed veniam alias rerum.', 'f0166bd2-8e4d-4308-b5d7-0b3d627c5dc5', 'usr_42');
INSERT INTO trabalho.log_acesso VALUES ('log_42_0_0', 'f0166bd2-8e4d-4308-b5d7-0b3d627c5dc5', 'usr_42');
INSERT INTO trabalho.usuario_esta_inscrito_no_podcast VALUES (4, 'b553d865-8fe2-47de-9a30-10e1dea3bd1d', 'usr_42');
INSERT INTO trabalho.comentarios_podcast_usuario VALUES ('comment_42_0_1', 'Expedita eius nam corporis labore.', 'b553d865-8fe2-47de-9a30-10e1dea3bd1d', 'usr_42');
INSERT INTO trabalho.comentarios_podcast_usuario VALUES ('comment_42_1_1', 'Cupiditate aut asperiores quaerat.', 'b553d865-8fe2-47de-9a30-10e1dea3bd1d', 'usr_42');
INSERT INTO trabalho.log_acesso VALUES ('log_42_0_1', 'b553d865-8fe2-47de-9a30-10e1dea3bd1d', 'usr_42');
INSERT INTO trabalho.log_acesso VALUES ('log_42_1_1', 'b553d865-8fe2-47de-9a30-10e1dea3bd1d', 'usr_42');
INSERT INTO trabalho.log_acesso VALUES ('log_42_2_1', 'b553d865-8fe2-47de-9a30-10e1dea3bd1d', 'usr_42');
INSERT INTO trabalho.usuario_esta_inscrito_no_podcast VALUES (0, '5bdf7377-8330-4f9f-8efd-e95301c122ce', 'usr_42');
INSERT INTO trabalho.comentarios_podcast_usuario VALUES ('comment_42_0_2', 'Ullam ea iste quia labore.', '5bdf7377-8330-4f9f-8efd-e95301c122ce', 'usr_42');
INSERT INTO trabalho.comentarios_podcast_usuario VALUES ('comment_42_1_2', 'Cumque harum officiis sed.', '5bdf7377-8330-4f9f-8efd-e95301c122ce', 'usr_42');
INSERT INTO trabalho.comentarios_podcast_usuario VALUES ('comment_42_2_2', 'Facilis qui aliquid occaecati consectetur.', '5bdf7377-8330-4f9f-8efd-e95301c122ce', 'usr_42');
INSERT INTO trabalho.comentarios_podcast_usuario VALUES ('comment_42_3_2', 'Quos qui sit explicabo neque expedita.', '5bdf7377-8330-4f9f-8efd-e95301c122ce', 'usr_42');
INSERT INTO trabalho.comentarios_podcast_usuario VALUES ('comment_42_4_2', 'Quidem aut qui vel illo ut aut ipsa aperiam.', '5bdf7377-8330-4f9f-8efd-e95301c122ce', 'usr_42');
INSERT INTO trabalho.log_acesso VALUES ('log_42_0_2', '5bdf7377-8330-4f9f-8efd-e95301c122ce', 'usr_42');
INSERT INTO trabalho.log_acesso VALUES ('log_42_1_2', '5bdf7377-8330-4f9f-8efd-e95301c122ce', 'usr_42');
INSERT INTO trabalho.log_acesso VALUES ('log_42_2_2', '5bdf7377-8330-4f9f-8efd-e95301c122ce', 'usr_42');
INSERT INTO trabalho.log_acesso VALUES ('log_42_3_2', '5bdf7377-8330-4f9f-8efd-e95301c122ce', 'usr_42');
INSERT INTO trabalho.usuario VALUES ('usr_43', '43_Nicolas82@gmail.com', 'Nicolas Barros', 'male', 59, 'password', 'São Vicente e Granadinas');
INSERT INTO trabalho.usuario_esta_inscrito_no_podcast VALUES (4, 'fa3abe16-3645-4d22-a01d-893e6f20c408', 'usr_43');
INSERT INTO trabalho.comentarios_podcast_usuario VALUES ('comment_43_0_0', 'Expedita sapiente itaque dolor non id repellat.', 'fa3abe16-3645-4d22-a01d-893e6f20c408', 'usr_43');
INSERT INTO trabalho.comentarios_podcast_usuario VALUES ('comment_43_1_0', 'Sunt consequuntur consequatur officiis expedita maiores eveniet consequatur autem.', 'fa3abe16-3645-4d22-a01d-893e6f20c408', 'usr_43');
INSERT INTO trabalho.comentarios_podcast_usuario VALUES ('comment_43_2_0', 'Ut dicta provident ducimus occaecati.', 'fa3abe16-3645-4d22-a01d-893e6f20c408', 'usr_43');
INSERT INTO trabalho.comentarios_podcast_usuario VALUES ('comment_43_3_0', 'Quia repellat fugiat aspernatur quibusdam placeat quia.', 'fa3abe16-3645-4d22-a01d-893e6f20c408', 'usr_43');
INSERT INTO trabalho.comentarios_podcast_usuario VALUES ('comment_43_4_0', 'Voluptate harum autem consequatur esse qui et quis voluptas.', 'fa3abe16-3645-4d22-a01d-893e6f20c408', 'usr_43');
INSERT INTO trabalho.log_acesso VALUES ('log_43_0_0', 'fa3abe16-3645-4d22-a01d-893e6f20c408', 'usr_43');
INSERT INTO trabalho.log_acesso VALUES ('log_43_1_0', 'fa3abe16-3645-4d22-a01d-893e6f20c408', 'usr_43');
INSERT INTO trabalho.log_acesso VALUES ('log_43_2_0', 'fa3abe16-3645-4d22-a01d-893e6f20c408', 'usr_43');
INSERT INTO trabalho.usuario_esta_inscrito_no_podcast VALUES (5, 'f1b92ce7-47a7-43cd-8586-4a09185cdd05', 'usr_43');
INSERT INTO trabalho.comentarios_podcast_usuario VALUES ('comment_43_0_1', 'Harum accusantium expedita.', 'f1b92ce7-47a7-43cd-8586-4a09185cdd05', 'usr_43');
INSERT INTO trabalho.log_acesso VALUES ('log_43_0_1', 'f1b92ce7-47a7-43cd-8586-4a09185cdd05', 'usr_43');
INSERT INTO trabalho.log_acesso VALUES ('log_43_1_1', 'f1b92ce7-47a7-43cd-8586-4a09185cdd05', 'usr_43');
INSERT INTO trabalho.log_acesso VALUES ('log_43_2_1', 'f1b92ce7-47a7-43cd-8586-4a09185cdd05', 'usr_43');
INSERT INTO trabalho.usuario_esta_inscrito_no_podcast VALUES (2, '67074e68-bc2f-442b-8af2-7d328b6af6eb', 'usr_43');
INSERT INTO trabalho.comentarios_podcast_usuario VALUES ('comment_43_0_2', 'Voluptatem ut perferendis aliquid natus tempore ducimus voluptas molestiae.', '67074e68-bc2f-442b-8af2-7d328b6af6eb', 'usr_43');
INSERT INTO trabalho.comentarios_podcast_usuario VALUES ('comment_43_1_2', 'Hic modi temporibus perspiciatis veniam facilis harum blanditiis cum qui.', '67074e68-bc2f-442b-8af2-7d328b6af6eb', 'usr_43');
INSERT INTO trabalho.log_acesso VALUES ('log_43_0_2', '67074e68-bc2f-442b-8af2-7d328b6af6eb', 'usr_43');
INSERT INTO trabalho.log_acesso VALUES ('log_43_1_2', '67074e68-bc2f-442b-8af2-7d328b6af6eb', 'usr_43');
INSERT INTO trabalho.usuario VALUES ('usr_44', '44_JooMiguel72@hotmail.com', 'João Miguel Saraiva', 'male', 9, 'password', 'Estônia');
INSERT INTO trabalho.usuario_esta_inscrito_no_podcast VALUES (2, 'f8e13774-d631-4f34-93f0-2f5d55590265', 'usr_44');
INSERT INTO trabalho.comentarios_podcast_usuario VALUES ('comment_44_0_0', 'Harum quo provident dolorem aut accusantium eum ut fuga.', 'f8e13774-d631-4f34-93f0-2f5d55590265', 'usr_44');
INSERT INTO trabalho.comentarios_podcast_usuario VALUES ('comment_44_1_0', 'Qui odit unde perferendis.', 'f8e13774-d631-4f34-93f0-2f5d55590265', 'usr_44');
INSERT INTO trabalho.comentarios_podcast_usuario VALUES ('comment_44_2_0', 'Libero corrupti est non.', 'f8e13774-d631-4f34-93f0-2f5d55590265', 'usr_44');
INSERT INTO trabalho.comentarios_podcast_usuario VALUES ('comment_44_3_0', 'Quod non esse laboriosam velit dolorem consequatur.', 'f8e13774-d631-4f34-93f0-2f5d55590265', 'usr_44');
INSERT INTO trabalho.log_acesso VALUES ('log_44_0_0', 'f8e13774-d631-4f34-93f0-2f5d55590265', 'usr_44');
INSERT INTO trabalho.log_acesso VALUES ('log_44_1_0', 'f8e13774-d631-4f34-93f0-2f5d55590265', 'usr_44');
INSERT INTO trabalho.usuario_esta_inscrito_no_podcast VALUES (5, '168c1536-4c42-4b8f-8c77-f06affefec6a', 'usr_44');
INSERT INTO trabalho.comentarios_podcast_usuario VALUES ('comment_44_0_1', 'Rerum qui facilis ut vel minima.', '168c1536-4c42-4b8f-8c77-f06affefec6a', 'usr_44');
INSERT INTO trabalho.comentarios_podcast_usuario VALUES ('comment_44_1_1', 'Ab voluptatum beatae autem eum et qui et suscipit atque.', '168c1536-4c42-4b8f-8c77-f06affefec6a', 'usr_44');
INSERT INTO trabalho.comentarios_podcast_usuario VALUES ('comment_44_2_1', 'Odit mollitia iure.', '168c1536-4c42-4b8f-8c77-f06affefec6a', 'usr_44');
INSERT INTO trabalho.log_acesso VALUES ('log_44_0_1', '168c1536-4c42-4b8f-8c77-f06affefec6a', 'usr_44');
INSERT INTO trabalho.log_acesso VALUES ('log_44_1_1', '168c1536-4c42-4b8f-8c77-f06affefec6a', 'usr_44');
INSERT INTO trabalho.log_acesso VALUES ('log_44_2_1', '168c1536-4c42-4b8f-8c77-f06affefec6a', 'usr_44');
INSERT INTO trabalho.log_acesso VALUES ('log_44_3_1', '168c1536-4c42-4b8f-8c77-f06affefec6a', 'usr_44');
INSERT INTO trabalho.log_acesso VALUES ('log_44_4_1', '168c1536-4c42-4b8f-8c77-f06affefec6a', 'usr_44');
INSERT INTO trabalho.log_acesso VALUES ('log_44_5_1', '168c1536-4c42-4b8f-8c77-f06affefec6a', 'usr_44');
INSERT INTO trabalho.usuario_esta_inscrito_no_podcast VALUES (1, '219328a1-cec6-4e8c-b003-52a3ec9766bb', 'usr_44');
INSERT INTO trabalho.comentarios_podcast_usuario VALUES ('comment_44_0_2', 'Delectus id iure molestias repellendus.', '219328a1-cec6-4e8c-b003-52a3ec9766bb', 'usr_44');
INSERT INTO trabalho.comentarios_podcast_usuario VALUES ('comment_44_1_2', 'Iure qui earum possimus eos.', '219328a1-cec6-4e8c-b003-52a3ec9766bb', 'usr_44');
INSERT INTO trabalho.comentarios_podcast_usuario VALUES ('comment_44_2_2', 'Ipsam consequatur veritatis est accusantium autem officia ipsam odit.', '219328a1-cec6-4e8c-b003-52a3ec9766bb', 'usr_44');
INSERT INTO trabalho.comentarios_podcast_usuario VALUES ('comment_44_3_2', 'Quis omnis accusantium minima qui porro molestiae quibusdam.', '219328a1-cec6-4e8c-b003-52a3ec9766bb', 'usr_44');
INSERT INTO trabalho.comentarios_podcast_usuario VALUES ('comment_44_4_2', 'Earum sit enim.', '219328a1-cec6-4e8c-b003-52a3ec9766bb', 'usr_44');
INSERT INTO trabalho.log_acesso VALUES ('log_44_0_2', '219328a1-cec6-4e8c-b003-52a3ec9766bb', 'usr_44');
INSERT INTO trabalho.log_acesso VALUES ('log_44_1_2', '219328a1-cec6-4e8c-b003-52a3ec9766bb', 'usr_44');
INSERT INTO trabalho.log_acesso VALUES ('log_44_2_2', '219328a1-cec6-4e8c-b003-52a3ec9766bb', 'usr_44');
INSERT INTO trabalho.usuario VALUES ('usr_45', '45_PedroHenrique93@yahoo.com', 'Pedro Henrique Silva', 'male', 5, 'password', 'Maiote');
INSERT INTO trabalho.usuario_esta_inscrito_no_podcast VALUES (4, '5bdf7377-8330-4f9f-8efd-e95301c122ce', 'usr_45');
INSERT INTO trabalho.comentarios_podcast_usuario VALUES ('comment_45_0_0', 'Non autem necessitatibus quia in rerum porro accusantium.', '5bdf7377-8330-4f9f-8efd-e95301c122ce', 'usr_45');
INSERT INTO trabalho.comentarios_podcast_usuario VALUES ('comment_45_1_0', 'Delectus voluptas autem hic aut aliquid.', '5bdf7377-8330-4f9f-8efd-e95301c122ce', 'usr_45');
INSERT INTO trabalho.log_acesso VALUES ('log_45_0_0', '5bdf7377-8330-4f9f-8efd-e95301c122ce', 'usr_45');
INSERT INTO trabalho.log_acesso VALUES ('log_45_1_0', '5bdf7377-8330-4f9f-8efd-e95301c122ce', 'usr_45');
INSERT INTO trabalho.log_acesso VALUES ('log_45_2_0', '5bdf7377-8330-4f9f-8efd-e95301c122ce', 'usr_45');
INSERT INTO trabalho.usuario_esta_inscrito_no_podcast VALUES (3, '168c1536-4c42-4b8f-8c77-f06affefec6a', 'usr_45');
INSERT INTO trabalho.comentarios_podcast_usuario VALUES ('comment_45_0_1', 'Quibusdam commodi aut et ex est consectetur numquam amet.', '168c1536-4c42-4b8f-8c77-f06affefec6a', 'usr_45');
INSERT INTO trabalho.comentarios_podcast_usuario VALUES ('comment_45_1_1', 'Deleniti occaecati labore voluptatibus dolores nam.', '168c1536-4c42-4b8f-8c77-f06affefec6a', 'usr_45');
INSERT INTO trabalho.comentarios_podcast_usuario VALUES ('comment_45_2_1', 'Ea omnis sunt sit quaerat sapiente voluptates.', '168c1536-4c42-4b8f-8c77-f06affefec6a', 'usr_45');
INSERT INTO trabalho.log_acesso VALUES ('log_45_0_1', '168c1536-4c42-4b8f-8c77-f06affefec6a', 'usr_45');
INSERT INTO trabalho.log_acesso VALUES ('log_45_1_1', '168c1536-4c42-4b8f-8c77-f06affefec6a', 'usr_45');
INSERT INTO trabalho.usuario_esta_inscrito_no_podcast VALUES (5, 'f8e13774-d631-4f34-93f0-2f5d55590265', 'usr_45');
INSERT INTO trabalho.comentarios_podcast_usuario VALUES ('comment_45_0_2', 'Sint fugit quia vel mollitia aut qui.', 'f8e13774-d631-4f34-93f0-2f5d55590265', 'usr_45');
INSERT INTO trabalho.comentarios_podcast_usuario VALUES ('comment_45_1_2', 'Officiis repellat provident non.', 'f8e13774-d631-4f34-93f0-2f5d55590265', 'usr_45');
INSERT INTO trabalho.log_acesso VALUES ('log_45_0_2', 'f8e13774-d631-4f34-93f0-2f5d55590265', 'usr_45');
INSERT INTO trabalho.log_acesso VALUES ('log_45_1_2', 'f8e13774-d631-4f34-93f0-2f5d55590265', 'usr_45');
INSERT INTO trabalho.log_acesso VALUES ('log_45_2_2', 'f8e13774-d631-4f34-93f0-2f5d55590265', 'usr_45');
INSERT INTO trabalho.log_acesso VALUES ('log_45_3_2', 'f8e13774-d631-4f34-93f0-2f5d55590265', 'usr_45');
INSERT INTO trabalho.log_acesso VALUES ('log_45_4_2', 'f8e13774-d631-4f34-93f0-2f5d55590265', 'usr_45');
INSERT INTO trabalho.log_acesso VALUES ('log_45_5_2', 'f8e13774-d631-4f34-93f0-2f5d55590265', 'usr_45');
INSERT INTO trabalho.usuario VALUES ('usr_46', '46_MariaAlice_Oliveira@yahoo.com', 'Maria Alice Oliveira', 'female', 21, 'password', 'Azerbaijão');
INSERT INTO trabalho.usuario_esta_inscrito_no_podcast VALUES (1, '7e429e8e-7669-403d-bb78-3cd7f9f75afd', 'usr_46');
INSERT INTO trabalho.comentarios_podcast_usuario VALUES ('comment_46_0_0', 'At fugiat sed minus voluptas veniam ipsam placeat a.', '7e429e8e-7669-403d-bb78-3cd7f9f75afd', 'usr_46');
INSERT INTO trabalho.comentarios_podcast_usuario VALUES ('comment_46_1_0', 'Distinctio rem tenetur cumque corporis enim debitis.', '7e429e8e-7669-403d-bb78-3cd7f9f75afd', 'usr_46');
INSERT INTO trabalho.comentarios_podcast_usuario VALUES ('comment_46_2_0', 'Nam consequatur ex architecto beatae alias.', '7e429e8e-7669-403d-bb78-3cd7f9f75afd', 'usr_46');
INSERT INTO trabalho.comentarios_podcast_usuario VALUES ('comment_46_3_0', 'Aperiam quia sed repudiandae veritatis illum harum eligendi voluptatem quis.', '7e429e8e-7669-403d-bb78-3cd7f9f75afd', 'usr_46');
INSERT INTO trabalho.comentarios_podcast_usuario VALUES ('comment_46_4_0', 'Iusto distinctio error veniam est.', '7e429e8e-7669-403d-bb78-3cd7f9f75afd', 'usr_46');
INSERT INTO trabalho.log_acesso VALUES ('log_46_0_0', '7e429e8e-7669-403d-bb78-3cd7f9f75afd', 'usr_46');
INSERT INTO trabalho.log_acesso VALUES ('log_46_1_0', '7e429e8e-7669-403d-bb78-3cd7f9f75afd', 'usr_46');
INSERT INTO trabalho.log_acesso VALUES ('log_46_2_0', '7e429e8e-7669-403d-bb78-3cd7f9f75afd', 'usr_46');
INSERT INTO trabalho.usuario_esta_inscrito_no_podcast VALUES (0, '5bdf7377-8330-4f9f-8efd-e95301c122ce', 'usr_46');
INSERT INTO trabalho.comentarios_podcast_usuario VALUES ('comment_46_0_1', 'Repudiandae itaque aut a neque.', '5bdf7377-8330-4f9f-8efd-e95301c122ce', 'usr_46');
INSERT INTO trabalho.log_acesso VALUES ('log_46_0_1', '5bdf7377-8330-4f9f-8efd-e95301c122ce', 'usr_46');
INSERT INTO trabalho.log_acesso VALUES ('log_46_1_1', '5bdf7377-8330-4f9f-8efd-e95301c122ce', 'usr_46');
INSERT INTO trabalho.log_acesso VALUES ('log_46_2_1', '5bdf7377-8330-4f9f-8efd-e95301c122ce', 'usr_46');
INSERT INTO trabalho.log_acesso VALUES ('log_46_3_1', '5bdf7377-8330-4f9f-8efd-e95301c122ce', 'usr_46');
INSERT INTO trabalho.usuario_esta_inscrito_no_podcast VALUES (0, 'de2f0ddb-9903-436a-a5e2-54224254c818', 'usr_46');
INSERT INTO trabalho.comentarios_podcast_usuario VALUES ('comment_46_0_2', 'Odit quod quia molestiae fugiat aut.', 'de2f0ddb-9903-436a-a5e2-54224254c818', 'usr_46');
INSERT INTO trabalho.comentarios_podcast_usuario VALUES ('comment_46_1_2', 'Aperiam adipisci dicta aspernatur culpa odit non magnam.', 'de2f0ddb-9903-436a-a5e2-54224254c818', 'usr_46');
INSERT INTO trabalho.log_acesso VALUES ('log_46_0_2', 'de2f0ddb-9903-436a-a5e2-54224254c818', 'usr_46');
INSERT INTO trabalho.log_acesso VALUES ('log_46_1_2', 'de2f0ddb-9903-436a-a5e2-54224254c818', 'usr_46');
INSERT INTO trabalho.usuario VALUES ('usr_47', '47_Marcelo_Franco94@hotmail.com', 'Marcelo Franco', 'male', 22, 'password', 'Anguila');
INSERT INTO trabalho.usuario_esta_inscrito_no_podcast VALUES (4, '219328a1-cec6-4e8c-b003-52a3ec9766bb', 'usr_47');
INSERT INTO trabalho.comentarios_podcast_usuario VALUES ('comment_47_0_0', 'Odio commodi delectus minus accusamus veritatis.', '219328a1-cec6-4e8c-b003-52a3ec9766bb', 'usr_47');
INSERT INTO trabalho.comentarios_podcast_usuario VALUES ('comment_47_1_0', 'Dolore sint ratione sint voluptate possimus qui necessitatibus.', '219328a1-cec6-4e8c-b003-52a3ec9766bb', 'usr_47');
INSERT INTO trabalho.log_acesso VALUES ('log_47_0_0', '219328a1-cec6-4e8c-b003-52a3ec9766bb', 'usr_47');
INSERT INTO trabalho.log_acesso VALUES ('log_47_1_0', '219328a1-cec6-4e8c-b003-52a3ec9766bb', 'usr_47');
INSERT INTO trabalho.usuario_esta_inscrito_no_podcast VALUES (2, '67074e68-bc2f-442b-8af2-7d328b6af6eb', 'usr_47');
INSERT INTO trabalho.comentarios_podcast_usuario VALUES ('comment_47_0_1', 'Qui voluptatem impedit tempore at facilis sed laborum et repellendus.', '67074e68-bc2f-442b-8af2-7d328b6af6eb', 'usr_47');
INSERT INTO trabalho.comentarios_podcast_usuario VALUES ('comment_47_1_1', 'Ut nihil accusamus.', '67074e68-bc2f-442b-8af2-7d328b6af6eb', 'usr_47');
INSERT INTO trabalho.comentarios_podcast_usuario VALUES ('comment_47_2_1', 'Labore earum assumenda.', '67074e68-bc2f-442b-8af2-7d328b6af6eb', 'usr_47');
INSERT INTO trabalho.log_acesso VALUES ('log_47_0_1', '67074e68-bc2f-442b-8af2-7d328b6af6eb', 'usr_47');
INSERT INTO trabalho.log_acesso VALUES ('log_47_1_1', '67074e68-bc2f-442b-8af2-7d328b6af6eb', 'usr_47');
INSERT INTO trabalho.log_acesso VALUES ('log_47_2_1', '67074e68-bc2f-442b-8af2-7d328b6af6eb', 'usr_47');
INSERT INTO trabalho.log_acesso VALUES ('log_47_3_1', '67074e68-bc2f-442b-8af2-7d328b6af6eb', 'usr_47');
INSERT INTO trabalho.log_acesso VALUES ('log_47_4_1', '67074e68-bc2f-442b-8af2-7d328b6af6eb', 'usr_47');
INSERT INTO trabalho.usuario_esta_inscrito_no_podcast VALUES (4, 'b553d865-8fe2-47de-9a30-10e1dea3bd1d', 'usr_47');
INSERT INTO trabalho.comentarios_podcast_usuario VALUES ('comment_47_0_2', 'Omnis dolor quam enim molestias est rem.', 'b553d865-8fe2-47de-9a30-10e1dea3bd1d', 'usr_47');
INSERT INTO trabalho.comentarios_podcast_usuario VALUES ('comment_47_1_2', 'Dolores placeat modi vel repudiandae commodi ducimus doloribus.', 'b553d865-8fe2-47de-9a30-10e1dea3bd1d', 'usr_47');
INSERT INTO trabalho.comentarios_podcast_usuario VALUES ('comment_47_2_2', 'Culpa earum aut rerum inventore enim est autem iusto consequatur.', 'b553d865-8fe2-47de-9a30-10e1dea3bd1d', 'usr_47');
INSERT INTO trabalho.comentarios_podcast_usuario VALUES ('comment_47_3_2', 'Est nobis beatae nulla saepe dolores quod.', 'b553d865-8fe2-47de-9a30-10e1dea3bd1d', 'usr_47');
INSERT INTO trabalho.log_acesso VALUES ('log_47_0_2', 'b553d865-8fe2-47de-9a30-10e1dea3bd1d', 'usr_47');
INSERT INTO trabalho.log_acesso VALUES ('log_47_1_2', 'b553d865-8fe2-47de-9a30-10e1dea3bd1d', 'usr_47');
INSERT INTO trabalho.usuario VALUES ('usr_48', '48_Clia.Souza18@bol.com.br', 'Célia Souza', 'female', 16, 'password', 'Ilhas Virgens');
INSERT INTO trabalho.usuario_esta_inscrito_no_podcast VALUES (3, 'bc8dac25-793c-4a96-aafc-4ea7020f4f60', 'usr_48');
INSERT INTO trabalho.comentarios_podcast_usuario VALUES ('comment_48_0_0', 'Sapiente repellat totam.', 'bc8dac25-793c-4a96-aafc-4ea7020f4f60', 'usr_48');
INSERT INTO trabalho.comentarios_podcast_usuario VALUES ('comment_48_1_0', 'Fuga maiores repellendus et odio inventore quo est.', 'bc8dac25-793c-4a96-aafc-4ea7020f4f60', 'usr_48');
INSERT INTO trabalho.comentarios_podcast_usuario VALUES ('comment_48_2_0', 'Voluptates ullam voluptatem enim soluta quia non ut ipsum.', 'bc8dac25-793c-4a96-aafc-4ea7020f4f60', 'usr_48');
INSERT INTO trabalho.comentarios_podcast_usuario VALUES ('comment_48_3_0', 'Eaque impedit tenetur aliquid est delectus labore enim.', 'bc8dac25-793c-4a96-aafc-4ea7020f4f60', 'usr_48');
INSERT INTO trabalho.log_acesso VALUES ('log_48_0_0', 'bc8dac25-793c-4a96-aafc-4ea7020f4f60', 'usr_48');
INSERT INTO trabalho.log_acesso VALUES ('log_48_1_0', 'bc8dac25-793c-4a96-aafc-4ea7020f4f60', 'usr_48');
INSERT INTO trabalho.usuario_esta_inscrito_no_podcast VALUES (2, 'c58b280a-56d4-4ad8-8c85-730e4ea86361', 'usr_48');
INSERT INTO trabalho.comentarios_podcast_usuario VALUES ('comment_48_0_1', 'Quod impedit in eos eos.', 'c58b280a-56d4-4ad8-8c85-730e4ea86361', 'usr_48');
INSERT INTO trabalho.comentarios_podcast_usuario VALUES ('comment_48_1_1', 'Dolores odio architecto aut qui.', 'c58b280a-56d4-4ad8-8c85-730e4ea86361', 'usr_48');
INSERT INTO trabalho.comentarios_podcast_usuario VALUES ('comment_48_2_1', 'Mollitia consequatur dolore excepturi maxime distinctio eveniet distinctio sit.', 'c58b280a-56d4-4ad8-8c85-730e4ea86361', 'usr_48');
INSERT INTO trabalho.log_acesso VALUES ('log_48_0_1', 'c58b280a-56d4-4ad8-8c85-730e4ea86361', 'usr_48');
INSERT INTO trabalho.log_acesso VALUES ('log_48_1_1', 'c58b280a-56d4-4ad8-8c85-730e4ea86361', 'usr_48');
INSERT INTO trabalho.log_acesso VALUES ('log_48_2_1', 'c58b280a-56d4-4ad8-8c85-730e4ea86361', 'usr_48');
INSERT INTO trabalho.log_acesso VALUES ('log_48_3_1', 'c58b280a-56d4-4ad8-8c85-730e4ea86361', 'usr_48');
INSERT INTO trabalho.log_acesso VALUES ('log_48_4_1', 'c58b280a-56d4-4ad8-8c85-730e4ea86361', 'usr_48');
INSERT INTO trabalho.log_acesso VALUES ('log_48_5_1', 'c58b280a-56d4-4ad8-8c85-730e4ea86361', 'usr_48');
INSERT INTO trabalho.usuario_esta_inscrito_no_podcast VALUES (0, '67074e68-bc2f-442b-8af2-7d328b6af6eb', 'usr_48');
INSERT INTO trabalho.comentarios_podcast_usuario VALUES ('comment_48_0_2', 'Et fugiat deleniti quidem perferendis et et sapiente.', '67074e68-bc2f-442b-8af2-7d328b6af6eb', 'usr_48');
INSERT INTO trabalho.log_acesso VALUES ('log_48_0_2', '67074e68-bc2f-442b-8af2-7d328b6af6eb', 'usr_48');
INSERT INTO trabalho.usuario VALUES ('usr_49', '49_Marli.Souza@gmail.com', 'Marli Souza', 'female', 20, 'password', 'Irã');
INSERT INTO trabalho.usuario_esta_inscrito_no_podcast VALUES (4, 'b553d865-8fe2-47de-9a30-10e1dea3bd1d', 'usr_49');
INSERT INTO trabalho.comentarios_podcast_usuario VALUES ('comment_49_0_0', 'Nam architecto exercitationem earum quas perspiciatis occaecati quia.', 'b553d865-8fe2-47de-9a30-10e1dea3bd1d', 'usr_49');
INSERT INTO trabalho.comentarios_podcast_usuario VALUES ('comment_49_1_0', 'Doloremque error iste pariatur qui vero.', 'b553d865-8fe2-47de-9a30-10e1dea3bd1d', 'usr_49');
INSERT INTO trabalho.comentarios_podcast_usuario VALUES ('comment_49_2_0', 'Expedita atque tempore quia molestiae vero est.', 'b553d865-8fe2-47de-9a30-10e1dea3bd1d', 'usr_49');
INSERT INTO trabalho.log_acesso VALUES ('log_49_0_0', 'b553d865-8fe2-47de-9a30-10e1dea3bd1d', 'usr_49');
INSERT INTO trabalho.log_acesso VALUES ('log_49_1_0', 'b553d865-8fe2-47de-9a30-10e1dea3bd1d', 'usr_49');
INSERT INTO trabalho.log_acesso VALUES ('log_49_2_0', 'b553d865-8fe2-47de-9a30-10e1dea3bd1d', 'usr_49');
INSERT INTO trabalho.log_acesso VALUES ('log_49_3_0', 'b553d865-8fe2-47de-9a30-10e1dea3bd1d', 'usr_49');
INSERT INTO trabalho.usuario_esta_inscrito_no_podcast VALUES (1, 'c58b280a-56d4-4ad8-8c85-730e4ea86361', 'usr_49');
INSERT INTO trabalho.comentarios_podcast_usuario VALUES ('comment_49_0_1', 'Dolor tempora porro nam doloribus odit aspernatur est.', 'c58b280a-56d4-4ad8-8c85-730e4ea86361', 'usr_49');
INSERT INTO trabalho.comentarios_podcast_usuario VALUES ('comment_49_1_1', 'Error et quo fugiat.', 'c58b280a-56d4-4ad8-8c85-730e4ea86361', 'usr_49');
INSERT INTO trabalho.comentarios_podcast_usuario VALUES ('comment_49_2_1', 'Placeat nostrum consequatur.', 'c58b280a-56d4-4ad8-8c85-730e4ea86361', 'usr_49');
INSERT INTO trabalho.comentarios_podcast_usuario VALUES ('comment_49_3_1', 'Et enim iste.', 'c58b280a-56d4-4ad8-8c85-730e4ea86361', 'usr_49');
INSERT INTO trabalho.log_acesso VALUES ('log_49_0_1', 'c58b280a-56d4-4ad8-8c85-730e4ea86361', 'usr_49');
INSERT INTO trabalho.log_acesso VALUES ('log_49_1_1', 'c58b280a-56d4-4ad8-8c85-730e4ea86361', 'usr_49');
INSERT INTO trabalho.log_acesso VALUES ('log_49_2_1', 'c58b280a-56d4-4ad8-8c85-730e4ea86361', 'usr_49');
INSERT INTO trabalho.log_acesso VALUES ('log_49_3_1', 'c58b280a-56d4-4ad8-8c85-730e4ea86361', 'usr_49');
INSERT INTO trabalho.log_acesso VALUES ('log_49_4_1', 'c58b280a-56d4-4ad8-8c85-730e4ea86361', 'usr_49');
INSERT INTO trabalho.log_acesso VALUES ('log_49_5_1', 'c58b280a-56d4-4ad8-8c85-730e4ea86361', 'usr_49');
INSERT INTO trabalho.usuario_esta_inscrito_no_podcast VALUES (4, 'fa3abe16-3645-4d22-a01d-893e6f20c408', 'usr_49');
INSERT INTO trabalho.comentarios_podcast_usuario VALUES ('comment_49_0_2', 'Aut officia eaque quo est velit laboriosam ea eum voluptatem.', 'fa3abe16-3645-4d22-a01d-893e6f20c408', 'usr_49');
INSERT INTO trabalho.comentarios_podcast_usuario VALUES ('comment_49_1_2', 'Et expedita voluptatem aut aliquid facere quia dolorum quisquam amet.', 'fa3abe16-3645-4d22-a01d-893e6f20c408', 'usr_49');
INSERT INTO trabalho.comentarios_podcast_usuario VALUES ('comment_49_2_2', 'Quia cum quis ratione vero sunt.', 'fa3abe16-3645-4d22-a01d-893e6f20c408', 'usr_49');
INSERT INTO trabalho.comentarios_podcast_usuario VALUES ('comment_49_3_2', 'Inventore sint ipsum non reprehenderit tempore error sed eligendi in.', 'fa3abe16-3645-4d22-a01d-893e6f20c408', 'usr_49');
INSERT INTO trabalho.log_acesso VALUES ('log_49_0_2', 'fa3abe16-3645-4d22-a01d-893e6f20c408', 'usr_49');
INSERT INTO trabalho.log_acesso VALUES ('log_49_1_2', 'fa3abe16-3645-4d22-a01d-893e6f20c408', 'usr_49');
INSERT INTO trabalho.usuario VALUES ('usr_50', '50_Danilo_Xavier13@yahoo.com', 'Danilo Xavier', 'male', 53, 'password', 'Samoa');
INSERT INTO trabalho.usuario_esta_inscrito_no_podcast VALUES (0, 'bc8dac25-793c-4a96-aafc-4ea7020f4f60', 'usr_50');
INSERT INTO trabalho.comentarios_podcast_usuario VALUES ('comment_50_0_0', 'Quia dolor quia minima voluptatum qui sint aut odio dolor.', 'bc8dac25-793c-4a96-aafc-4ea7020f4f60', 'usr_50');
INSERT INTO trabalho.comentarios_podcast_usuario VALUES ('comment_50_1_0', 'Omnis dolorem ducimus perferendis doloremque reiciendis voluptates et vel.', 'bc8dac25-793c-4a96-aafc-4ea7020f4f60', 'usr_50');
INSERT INTO trabalho.comentarios_podcast_usuario VALUES ('comment_50_2_0', 'Nihil distinctio aut voluptate nam recusandae minus placeat accusantium.', 'bc8dac25-793c-4a96-aafc-4ea7020f4f60', 'usr_50');
INSERT INTO trabalho.comentarios_podcast_usuario VALUES ('comment_50_3_0', 'Architecto nisi vitae quis aut et officiis sint veritatis laudantium.', 'bc8dac25-793c-4a96-aafc-4ea7020f4f60', 'usr_50');
INSERT INTO trabalho.comentarios_podcast_usuario VALUES ('comment_50_4_0', 'Blanditiis corrupti ut.', 'bc8dac25-793c-4a96-aafc-4ea7020f4f60', 'usr_50');
INSERT INTO trabalho.log_acesso VALUES ('log_50_0_0', 'bc8dac25-793c-4a96-aafc-4ea7020f4f60', 'usr_50');
INSERT INTO trabalho.log_acesso VALUES ('log_50_1_0', 'bc8dac25-793c-4a96-aafc-4ea7020f4f60', 'usr_50');
INSERT INTO trabalho.log_acesso VALUES ('log_50_2_0', 'bc8dac25-793c-4a96-aafc-4ea7020f4f60', 'usr_50');
INSERT INTO trabalho.log_acesso VALUES ('log_50_3_0', 'bc8dac25-793c-4a96-aafc-4ea7020f4f60', 'usr_50');
INSERT INTO trabalho.log_acesso VALUES ('log_50_4_0', 'bc8dac25-793c-4a96-aafc-4ea7020f4f60', 'usr_50');
INSERT INTO trabalho.usuario_esta_inscrito_no_podcast VALUES (2, 'f8e13774-d631-4f34-93f0-2f5d55590265', 'usr_50');
INSERT INTO trabalho.comentarios_podcast_usuario VALUES ('comment_50_0_1', 'Eum ullam sunt ullam vel.', 'f8e13774-d631-4f34-93f0-2f5d55590265', 'usr_50');
INSERT INTO trabalho.comentarios_podcast_usuario VALUES ('comment_50_1_1', 'Eveniet neque dolor aut odit ut sequi et corporis.', 'f8e13774-d631-4f34-93f0-2f5d55590265', 'usr_50');
INSERT INTO trabalho.comentarios_podcast_usuario VALUES ('comment_50_2_1', 'Dolores cumque magni natus veritatis cumque dolorem qui.', 'f8e13774-d631-4f34-93f0-2f5d55590265', 'usr_50');
INSERT INTO trabalho.log_acesso VALUES ('log_50_0_1', 'f8e13774-d631-4f34-93f0-2f5d55590265', 'usr_50');
INSERT INTO trabalho.log_acesso VALUES ('log_50_1_1', 'f8e13774-d631-4f34-93f0-2f5d55590265', 'usr_50');
INSERT INTO trabalho.log_acesso VALUES ('log_50_2_1', 'f8e13774-d631-4f34-93f0-2f5d55590265', 'usr_50');
INSERT INTO trabalho.usuario_esta_inscrito_no_podcast VALUES (1, 'f0166bd2-8e4d-4308-b5d7-0b3d627c5dc5', 'usr_50');
INSERT INTO trabalho.comentarios_podcast_usuario VALUES ('comment_50_0_2', 'Blanditiis commodi quos repellendus aspernatur recusandae.', 'f0166bd2-8e4d-4308-b5d7-0b3d627c5dc5', 'usr_50');
INSERT INTO trabalho.comentarios_podcast_usuario VALUES ('comment_50_1_2', 'Voluptate modi deleniti dolores.', 'f0166bd2-8e4d-4308-b5d7-0b3d627c5dc5', 'usr_50');
INSERT INTO trabalho.comentarios_podcast_usuario VALUES ('comment_50_2_2', 'Incidunt commodi atque sapiente alias et.', 'f0166bd2-8e4d-4308-b5d7-0b3d627c5dc5', 'usr_50');
INSERT INTO trabalho.comentarios_podcast_usuario VALUES ('comment_50_3_2', 'Sapiente nostrum autem.', 'f0166bd2-8e4d-4308-b5d7-0b3d627c5dc5', 'usr_50');
INSERT INTO trabalho.log_acesso VALUES ('log_50_0_2', 'f0166bd2-8e4d-4308-b5d7-0b3d627c5dc5', 'usr_50');
INSERT INTO trabalho.log_acesso VALUES ('log_50_1_2', 'f0166bd2-8e4d-4308-b5d7-0b3d627c5dc5', 'usr_50');
INSERT INTO trabalho.log_acesso VALUES ('log_50_2_2', 'f0166bd2-8e4d-4308-b5d7-0b3d627c5dc5', 'usr_50');
INSERT INTO trabalho.log_acesso VALUES ('log_50_3_2', 'f0166bd2-8e4d-4308-b5d7-0b3d627c5dc5', 'usr_50');
INSERT INTO trabalho.usuario VALUES ('usr_51', '51_Alexandre_Martins@live.com', 'Alexandre Martins', 'male', 60, 'password', 'Alemanha');
INSERT INTO trabalho.usuario_esta_inscrito_no_podcast VALUES (5, 'b553d865-8fe2-47de-9a30-10e1dea3bd1d', 'usr_51');
INSERT INTO trabalho.comentarios_podcast_usuario VALUES ('comment_51_0_0', 'Eaque esse quo repellat dolorem expedita et.', 'b553d865-8fe2-47de-9a30-10e1dea3bd1d', 'usr_51');
INSERT INTO trabalho.comentarios_podcast_usuario VALUES ('comment_51_1_0', 'Natus a officiis voluptatem aut velit est sit.', 'b553d865-8fe2-47de-9a30-10e1dea3bd1d', 'usr_51');
INSERT INTO trabalho.comentarios_podcast_usuario VALUES ('comment_51_2_0', 'Est quo quaerat aliquam nam ipsa eum at animi voluptatem.', 'b553d865-8fe2-47de-9a30-10e1dea3bd1d', 'usr_51');
INSERT INTO trabalho.comentarios_podcast_usuario VALUES ('comment_51_3_0', 'Magni et quae autem.', 'b553d865-8fe2-47de-9a30-10e1dea3bd1d', 'usr_51');
INSERT INTO trabalho.log_acesso VALUES ('log_51_0_0', 'b553d865-8fe2-47de-9a30-10e1dea3bd1d', 'usr_51');
INSERT INTO trabalho.log_acesso VALUES ('log_51_1_0', 'b553d865-8fe2-47de-9a30-10e1dea3bd1d', 'usr_51');
INSERT INTO trabalho.log_acesso VALUES ('log_51_2_0', 'b553d865-8fe2-47de-9a30-10e1dea3bd1d', 'usr_51');
INSERT INTO trabalho.usuario_esta_inscrito_no_podcast VALUES (1, 'c58b280a-56d4-4ad8-8c85-730e4ea86361', 'usr_51');
INSERT INTO trabalho.comentarios_podcast_usuario VALUES ('comment_51_0_1', 'Corrupti sit iure dolor.', 'c58b280a-56d4-4ad8-8c85-730e4ea86361', 'usr_51');
INSERT INTO trabalho.comentarios_podcast_usuario VALUES ('comment_51_1_1', 'Aut quia quibusdam quia quas delectus reiciendis ullam vel.', 'c58b280a-56d4-4ad8-8c85-730e4ea86361', 'usr_51');
INSERT INTO trabalho.comentarios_podcast_usuario VALUES ('comment_51_2_1', 'Ipsa repellendus alias mollitia assumenda inventore.', 'c58b280a-56d4-4ad8-8c85-730e4ea86361', 'usr_51');
INSERT INTO trabalho.log_acesso VALUES ('log_51_0_1', 'c58b280a-56d4-4ad8-8c85-730e4ea86361', 'usr_51');
INSERT INTO trabalho.log_acesso VALUES ('log_51_1_1', 'c58b280a-56d4-4ad8-8c85-730e4ea86361', 'usr_51');
INSERT INTO trabalho.log_acesso VALUES ('log_51_2_1', 'c58b280a-56d4-4ad8-8c85-730e4ea86361', 'usr_51');
INSERT INTO trabalho.log_acesso VALUES ('log_51_3_1', 'c58b280a-56d4-4ad8-8c85-730e4ea86361', 'usr_51');
INSERT INTO trabalho.usuario_esta_inscrito_no_podcast VALUES (4, 'fa3abe16-3645-4d22-a01d-893e6f20c408', 'usr_51');
INSERT INTO trabalho.comentarios_podcast_usuario VALUES ('comment_51_0_2', 'Voluptatem ipsum est voluptatem.', 'fa3abe16-3645-4d22-a01d-893e6f20c408', 'usr_51');
INSERT INTO trabalho.comentarios_podcast_usuario VALUES ('comment_51_1_2', 'Eius ea consequatur eos ut.', 'fa3abe16-3645-4d22-a01d-893e6f20c408', 'usr_51');
INSERT INTO trabalho.comentarios_podcast_usuario VALUES ('comment_51_2_2', 'Temporibus ea repellat possimus autem animi iusto vitae id.', 'fa3abe16-3645-4d22-a01d-893e6f20c408', 'usr_51');
INSERT INTO trabalho.log_acesso VALUES ('log_51_0_2', 'fa3abe16-3645-4d22-a01d-893e6f20c408', 'usr_51');
INSERT INTO trabalho.log_acesso VALUES ('log_51_1_2', 'fa3abe16-3645-4d22-a01d-893e6f20c408', 'usr_51');
INSERT INTO trabalho.log_acesso VALUES ('log_51_2_2', 'fa3abe16-3645-4d22-a01d-893e6f20c408', 'usr_51');
INSERT INTO trabalho.log_acesso VALUES ('log_51_3_2', 'fa3abe16-3645-4d22-a01d-893e6f20c408', 'usr_51');
INSERT INTO trabalho.log_acesso VALUES ('log_51_4_2', 'fa3abe16-3645-4d22-a01d-893e6f20c408', 'usr_51');
INSERT INTO trabalho.usuario VALUES ('usr_52', '52_Fbio46@gmail.com', 'Fábio Moraes', 'male', 60, 'password', 'Ilhas Cook');
INSERT INTO trabalho.usuario_esta_inscrito_no_podcast VALUES (1, 'f8e13774-d631-4f34-93f0-2f5d55590265', 'usr_52');
INSERT INTO trabalho.comentarios_podcast_usuario VALUES ('comment_52_0_0', 'Et similique voluptatibus.', 'f8e13774-d631-4f34-93f0-2f5d55590265', 'usr_52');
INSERT INTO trabalho.comentarios_podcast_usuario VALUES ('comment_52_1_0', 'Illum quisquam voluptates earum laudantium et minus consequatur.', 'f8e13774-d631-4f34-93f0-2f5d55590265', 'usr_52');
INSERT INTO trabalho.log_acesso VALUES ('log_52_0_0', 'f8e13774-d631-4f34-93f0-2f5d55590265', 'usr_52');
INSERT INTO trabalho.log_acesso VALUES ('log_52_1_0', 'f8e13774-d631-4f34-93f0-2f5d55590265', 'usr_52');
INSERT INTO trabalho.log_acesso VALUES ('log_52_2_0', 'f8e13774-d631-4f34-93f0-2f5d55590265', 'usr_52');
INSERT INTO trabalho.log_acesso VALUES ('log_52_3_0', 'f8e13774-d631-4f34-93f0-2f5d55590265', 'usr_52');
INSERT INTO trabalho.log_acesso VALUES ('log_52_4_0', 'f8e13774-d631-4f34-93f0-2f5d55590265', 'usr_52');
INSERT INTO trabalho.usuario_esta_inscrito_no_podcast VALUES (5, '67074e68-bc2f-442b-8af2-7d328b6af6eb', 'usr_52');
INSERT INTO trabalho.comentarios_podcast_usuario VALUES ('comment_52_0_1', 'Assumenda itaque reprehenderit id et officiis at necessitatibus dolor esse.', '67074e68-bc2f-442b-8af2-7d328b6af6eb', 'usr_52');
INSERT INTO trabalho.comentarios_podcast_usuario VALUES ('comment_52_1_1', 'Minima laudantium aliquam nam facilis quod optio facere.', '67074e68-bc2f-442b-8af2-7d328b6af6eb', 'usr_52');
INSERT INTO trabalho.log_acesso VALUES ('log_52_0_1', '67074e68-bc2f-442b-8af2-7d328b6af6eb', 'usr_52');
INSERT INTO trabalho.usuario_esta_inscrito_no_podcast VALUES (5, '5bdf7377-8330-4f9f-8efd-e95301c122ce', 'usr_52');
INSERT INTO trabalho.comentarios_podcast_usuario VALUES ('comment_52_0_2', 'Sint et quaerat quis cupiditate eos est.', '5bdf7377-8330-4f9f-8efd-e95301c122ce', 'usr_52');
INSERT INTO trabalho.comentarios_podcast_usuario VALUES ('comment_52_1_2', 'Corrupti omnis vel qui est architecto saepe.', '5bdf7377-8330-4f9f-8efd-e95301c122ce', 'usr_52');
INSERT INTO trabalho.comentarios_podcast_usuario VALUES ('comment_52_2_2', 'Nostrum repudiandae culpa magni non tempore minus.', '5bdf7377-8330-4f9f-8efd-e95301c122ce', 'usr_52');
INSERT INTO trabalho.comentarios_podcast_usuario VALUES ('comment_52_3_2', 'Aut quia id qui hic omnis esse hic.', '5bdf7377-8330-4f9f-8efd-e95301c122ce', 'usr_52');
INSERT INTO trabalho.log_acesso VALUES ('log_52_0_2', '5bdf7377-8330-4f9f-8efd-e95301c122ce', 'usr_52');
INSERT INTO trabalho.log_acesso VALUES ('log_52_1_2', '5bdf7377-8330-4f9f-8efd-e95301c122ce', 'usr_52');
INSERT INTO trabalho.usuario VALUES ('usr_53', '53_Yango_Souza@gmail.com', 'Yango Souza', 'male', 38, 'password', 'Nova Zelândia');
INSERT INTO trabalho.usuario_esta_inscrito_no_podcast VALUES (5, '7e429e8e-7669-403d-bb78-3cd7f9f75afd', 'usr_53');
INSERT INTO trabalho.comentarios_podcast_usuario VALUES ('comment_53_0_0', 'Nostrum quidem nihil eius.', '7e429e8e-7669-403d-bb78-3cd7f9f75afd', 'usr_53');
INSERT INTO trabalho.comentarios_podcast_usuario VALUES ('comment_53_1_0', 'Soluta fuga voluptas qui.', '7e429e8e-7669-403d-bb78-3cd7f9f75afd', 'usr_53');
INSERT INTO trabalho.comentarios_podcast_usuario VALUES ('comment_53_2_0', 'Dolorem velit veritatis cumque quisquam et.', '7e429e8e-7669-403d-bb78-3cd7f9f75afd', 'usr_53');
INSERT INTO trabalho.log_acesso VALUES ('log_53_0_0', '7e429e8e-7669-403d-bb78-3cd7f9f75afd', 'usr_53');
INSERT INTO trabalho.log_acesso VALUES ('log_53_1_0', '7e429e8e-7669-403d-bb78-3cd7f9f75afd', 'usr_53');
INSERT INTO trabalho.log_acesso VALUES ('log_53_2_0', '7e429e8e-7669-403d-bb78-3cd7f9f75afd', 'usr_53');
INSERT INTO trabalho.log_acesso VALUES ('log_53_3_0', '7e429e8e-7669-403d-bb78-3cd7f9f75afd', 'usr_53');
INSERT INTO trabalho.usuario_esta_inscrito_no_podcast VALUES (4, 'fa3abe16-3645-4d22-a01d-893e6f20c408', 'usr_53');
INSERT INTO trabalho.comentarios_podcast_usuario VALUES ('comment_53_0_1', 'Unde corrupti autem et quidem corporis ea.', 'fa3abe16-3645-4d22-a01d-893e6f20c408', 'usr_53');
INSERT INTO trabalho.comentarios_podcast_usuario VALUES ('comment_53_1_1', 'Officiis corrupti nam.', 'fa3abe16-3645-4d22-a01d-893e6f20c408', 'usr_53');
INSERT INTO trabalho.comentarios_podcast_usuario VALUES ('comment_53_2_1', 'Aut vel unde commodi provident.', 'fa3abe16-3645-4d22-a01d-893e6f20c408', 'usr_53');
INSERT INTO trabalho.comentarios_podcast_usuario VALUES ('comment_53_3_1', 'Eum omnis molestias totam error.', 'fa3abe16-3645-4d22-a01d-893e6f20c408', 'usr_53');
INSERT INTO trabalho.comentarios_podcast_usuario VALUES ('comment_53_4_1', 'Dicta hic dolorem voluptatem incidunt repudiandae et reprehenderit.', 'fa3abe16-3645-4d22-a01d-893e6f20c408', 'usr_53');
INSERT INTO trabalho.log_acesso VALUES ('log_53_0_1', 'fa3abe16-3645-4d22-a01d-893e6f20c408', 'usr_53');
INSERT INTO trabalho.log_acesso VALUES ('log_53_1_1', 'fa3abe16-3645-4d22-a01d-893e6f20c408', 'usr_53');
INSERT INTO trabalho.usuario_esta_inscrito_no_podcast VALUES (0, 'b553d865-8fe2-47de-9a30-10e1dea3bd1d', 'usr_53');
INSERT INTO trabalho.comentarios_podcast_usuario VALUES ('comment_53_0_2', 'Deserunt iure harum voluptatum repellat qui nihil eligendi accusantium ducimus.', 'b553d865-8fe2-47de-9a30-10e1dea3bd1d', 'usr_53');
INSERT INTO trabalho.comentarios_podcast_usuario VALUES ('comment_53_1_2', 'Voluptas et velit et nostrum ducimus.', 'b553d865-8fe2-47de-9a30-10e1dea3bd1d', 'usr_53');
INSERT INTO trabalho.log_acesso VALUES ('log_53_0_2', 'b553d865-8fe2-47de-9a30-10e1dea3bd1d', 'usr_53');
INSERT INTO trabalho.log_acesso VALUES ('log_53_1_2', 'b553d865-8fe2-47de-9a30-10e1dea3bd1d', 'usr_53');
INSERT INTO trabalho.log_acesso VALUES ('log_53_2_2', 'b553d865-8fe2-47de-9a30-10e1dea3bd1d', 'usr_53');
INSERT INTO trabalho.log_acesso VALUES ('log_53_3_2', 'b553d865-8fe2-47de-9a30-10e1dea3bd1d', 'usr_53');
INSERT INTO trabalho.log_acesso VALUES ('log_53_4_2', 'b553d865-8fe2-47de-9a30-10e1dea3bd1d', 'usr_53');
INSERT INTO trabalho.usuario VALUES ('usr_54', '54_Helosa_Silva40@bol.com.br', 'Heloísa Silva', 'female', 34, 'password', 'Taiwan');
INSERT INTO trabalho.usuario_esta_inscrito_no_podcast VALUES (2, '168c1536-4c42-4b8f-8c77-f06affefec6a', 'usr_54');
INSERT INTO trabalho.comentarios_podcast_usuario VALUES ('comment_54_0_0', 'Accusamus enim doloribus dolores.', '168c1536-4c42-4b8f-8c77-f06affefec6a', 'usr_54');
INSERT INTO trabalho.comentarios_podcast_usuario VALUES ('comment_54_1_0', 'Perferendis qui voluptatem qui qui voluptatem.', '168c1536-4c42-4b8f-8c77-f06affefec6a', 'usr_54');
INSERT INTO trabalho.comentarios_podcast_usuario VALUES ('comment_54_2_0', 'Hic enim eum autem voluptas omnis et eius ut rem.', '168c1536-4c42-4b8f-8c77-f06affefec6a', 'usr_54');
INSERT INTO trabalho.comentarios_podcast_usuario VALUES ('comment_54_3_0', 'Recusandae corrupti suscipit autem minima sequi et aliquid.', '168c1536-4c42-4b8f-8c77-f06affefec6a', 'usr_54');
INSERT INTO trabalho.log_acesso VALUES ('log_54_0_0', '168c1536-4c42-4b8f-8c77-f06affefec6a', 'usr_54');
INSERT INTO trabalho.log_acesso VALUES ('log_54_1_0', '168c1536-4c42-4b8f-8c77-f06affefec6a', 'usr_54');
INSERT INTO trabalho.usuario_esta_inscrito_no_podcast VALUES (1, 'f0166bd2-8e4d-4308-b5d7-0b3d627c5dc5', 'usr_54');
INSERT INTO trabalho.comentarios_podcast_usuario VALUES ('comment_54_0_1', 'Ipsum perspiciatis voluptas.', 'f0166bd2-8e4d-4308-b5d7-0b3d627c5dc5', 'usr_54');
INSERT INTO trabalho.comentarios_podcast_usuario VALUES ('comment_54_1_1', 'Dolor nihil eos et optio perspiciatis.', 'f0166bd2-8e4d-4308-b5d7-0b3d627c5dc5', 'usr_54');
INSERT INTO trabalho.comentarios_podcast_usuario VALUES ('comment_54_2_1', 'In aspernatur ullam.', 'f0166bd2-8e4d-4308-b5d7-0b3d627c5dc5', 'usr_54');
INSERT INTO trabalho.log_acesso VALUES ('log_54_0_1', 'f0166bd2-8e4d-4308-b5d7-0b3d627c5dc5', 'usr_54');
INSERT INTO trabalho.usuario_esta_inscrito_no_podcast VALUES (0, 'c58b280a-56d4-4ad8-8c85-730e4ea86361', 'usr_54');
INSERT INTO trabalho.comentarios_podcast_usuario VALUES ('comment_54_0_2', 'Odio tempore qui omnis ipsum rerum.', 'c58b280a-56d4-4ad8-8c85-730e4ea86361', 'usr_54');
INSERT INTO trabalho.comentarios_podcast_usuario VALUES ('comment_54_1_2', 'Sit et sed debitis voluptatum tempore ut.', 'c58b280a-56d4-4ad8-8c85-730e4ea86361', 'usr_54');
INSERT INTO trabalho.comentarios_podcast_usuario VALUES ('comment_54_2_2', 'Vitae distinctio enim eos atque.', 'c58b280a-56d4-4ad8-8c85-730e4ea86361', 'usr_54');
INSERT INTO trabalho.comentarios_podcast_usuario VALUES ('comment_54_3_2', 'Quidem reiciendis enim tenetur non.', 'c58b280a-56d4-4ad8-8c85-730e4ea86361', 'usr_54');
INSERT INTO trabalho.comentarios_podcast_usuario VALUES ('comment_54_4_2', 'Qui quas quasi doloremque enim sed explicabo enim velit.', 'c58b280a-56d4-4ad8-8c85-730e4ea86361', 'usr_54');
INSERT INTO trabalho.log_acesso VALUES ('log_54_0_2', 'c58b280a-56d4-4ad8-8c85-730e4ea86361', 'usr_54');
INSERT INTO trabalho.log_acesso VALUES ('log_54_1_2', 'c58b280a-56d4-4ad8-8c85-730e4ea86361', 'usr_54');
INSERT INTO trabalho.log_acesso VALUES ('log_54_2_2', 'c58b280a-56d4-4ad8-8c85-730e4ea86361', 'usr_54');
INSERT INTO trabalho.usuario VALUES ('usr_55', '55_MariaEduarda.Santos@yahoo.com', 'Maria Eduarda Santos', 'female', 60, 'password', 'Butão');
INSERT INTO trabalho.usuario_esta_inscrito_no_podcast VALUES (5, '67074e68-bc2f-442b-8af2-7d328b6af6eb', 'usr_55');
INSERT INTO trabalho.comentarios_podcast_usuario VALUES ('comment_55_0_0', 'Sed iusto sunt consequuntur suscipit et molestiae.', '67074e68-bc2f-442b-8af2-7d328b6af6eb', 'usr_55');
INSERT INTO trabalho.comentarios_podcast_usuario VALUES ('comment_55_1_0', 'Vero fugiat placeat commodi est commodi eum iusto ducimus aliquam.', '67074e68-bc2f-442b-8af2-7d328b6af6eb', 'usr_55');
INSERT INTO trabalho.comentarios_podcast_usuario VALUES ('comment_55_2_0', 'Fugit et qui maiores ut qui aut molestiae consectetur modi.', '67074e68-bc2f-442b-8af2-7d328b6af6eb', 'usr_55');
INSERT INTO trabalho.comentarios_podcast_usuario VALUES ('comment_55_3_0', 'Similique aut expedita enim.', '67074e68-bc2f-442b-8af2-7d328b6af6eb', 'usr_55');
INSERT INTO trabalho.log_acesso VALUES ('log_55_0_0', '67074e68-bc2f-442b-8af2-7d328b6af6eb', 'usr_55');
INSERT INTO trabalho.log_acesso VALUES ('log_55_1_0', '67074e68-bc2f-442b-8af2-7d328b6af6eb', 'usr_55');
INSERT INTO trabalho.log_acesso VALUES ('log_55_2_0', '67074e68-bc2f-442b-8af2-7d328b6af6eb', 'usr_55');
INSERT INTO trabalho.log_acesso VALUES ('log_55_3_0', '67074e68-bc2f-442b-8af2-7d328b6af6eb', 'usr_55');
INSERT INTO trabalho.log_acesso VALUES ('log_55_4_0', '67074e68-bc2f-442b-8af2-7d328b6af6eb', 'usr_55');
INSERT INTO trabalho.usuario_esta_inscrito_no_podcast VALUES (0, '168c1536-4c42-4b8f-8c77-f06affefec6a', 'usr_55');
INSERT INTO trabalho.comentarios_podcast_usuario VALUES ('comment_55_0_1', 'Quibusdam voluptatum eveniet quo necessitatibus eius culpa nam repudiandae nam.', '168c1536-4c42-4b8f-8c77-f06affefec6a', 'usr_55');
INSERT INTO trabalho.comentarios_podcast_usuario VALUES ('comment_55_1_1', 'Et aspernatur debitis.', '168c1536-4c42-4b8f-8c77-f06affefec6a', 'usr_55');
INSERT INTO trabalho.comentarios_podcast_usuario VALUES ('comment_55_2_1', 'Dolor ipsa qui eum quaerat.', '168c1536-4c42-4b8f-8c77-f06affefec6a', 'usr_55');
INSERT INTO trabalho.log_acesso VALUES ('log_55_0_1', '168c1536-4c42-4b8f-8c77-f06affefec6a', 'usr_55');
INSERT INTO trabalho.log_acesso VALUES ('log_55_1_1', '168c1536-4c42-4b8f-8c77-f06affefec6a', 'usr_55');
INSERT INTO trabalho.log_acesso VALUES ('log_55_2_1', '168c1536-4c42-4b8f-8c77-f06affefec6a', 'usr_55');
INSERT INTO trabalho.log_acesso VALUES ('log_55_3_1', '168c1536-4c42-4b8f-8c77-f06affefec6a', 'usr_55');
INSERT INTO trabalho.log_acesso VALUES ('log_55_4_1', '168c1536-4c42-4b8f-8c77-f06affefec6a', 'usr_55');
INSERT INTO trabalho.usuario_esta_inscrito_no_podcast VALUES (0, 'af46a958-b921-47b6-9f87-5c4fdc68ea79', 'usr_55');
INSERT INTO trabalho.comentarios_podcast_usuario VALUES ('comment_55_0_2', 'Ut eum inventore excepturi consequatur reiciendis necessitatibus consequatur minima enim.', 'af46a958-b921-47b6-9f87-5c4fdc68ea79', 'usr_55');
INSERT INTO trabalho.comentarios_podcast_usuario VALUES ('comment_55_1_2', 'Voluptas occaecati voluptatem.', 'af46a958-b921-47b6-9f87-5c4fdc68ea79', 'usr_55');
INSERT INTO trabalho.log_acesso VALUES ('log_55_0_2', 'af46a958-b921-47b6-9f87-5c4fdc68ea79', 'usr_55');
INSERT INTO trabalho.log_acesso VALUES ('log_55_1_2', 'af46a958-b921-47b6-9f87-5c4fdc68ea79', 'usr_55');
INSERT INTO trabalho.log_acesso VALUES ('log_55_2_2', 'af46a958-b921-47b6-9f87-5c4fdc68ea79', 'usr_55');
INSERT INTO trabalho.log_acesso VALUES ('log_55_3_2', 'af46a958-b921-47b6-9f87-5c4fdc68ea79', 'usr_55');
INSERT INTO trabalho.log_acesso VALUES ('log_55_4_2', 'af46a958-b921-47b6-9f87-5c4fdc68ea79', 'usr_55');
INSERT INTO trabalho.usuario VALUES ('usr_56', '56_Fabrcia_Pereira@gmail.com', 'Fabrícia Pereira', 'female', 1, 'password', 'Barém');
INSERT INTO trabalho.usuario_esta_inscrito_no_podcast VALUES (3, '7e429e8e-7669-403d-bb78-3cd7f9f75afd', 'usr_56');
INSERT INTO trabalho.comentarios_podcast_usuario VALUES ('comment_56_0_0', 'Voluptatem voluptatem dolores in laboriosam reiciendis tempore natus.', '7e429e8e-7669-403d-bb78-3cd7f9f75afd', 'usr_56');
INSERT INTO trabalho.comentarios_podcast_usuario VALUES ('comment_56_1_0', 'Nostrum voluptatem cumque eos facere ea laborum non velit.', '7e429e8e-7669-403d-bb78-3cd7f9f75afd', 'usr_56');
INSERT INTO trabalho.log_acesso VALUES ('log_56_0_0', '7e429e8e-7669-403d-bb78-3cd7f9f75afd', 'usr_56');
INSERT INTO trabalho.log_acesso VALUES ('log_56_1_0', '7e429e8e-7669-403d-bb78-3cd7f9f75afd', 'usr_56');
INSERT INTO trabalho.usuario_esta_inscrito_no_podcast VALUES (0, 'c58b280a-56d4-4ad8-8c85-730e4ea86361', 'usr_56');
INSERT INTO trabalho.comentarios_podcast_usuario VALUES ('comment_56_0_1', 'Non at provident officia velit blanditiis id quisquam alias neque.', 'c58b280a-56d4-4ad8-8c85-730e4ea86361', 'usr_56');
INSERT INTO trabalho.log_acesso VALUES ('log_56_0_1', 'c58b280a-56d4-4ad8-8c85-730e4ea86361', 'usr_56');
INSERT INTO trabalho.log_acesso VALUES ('log_56_1_1', 'c58b280a-56d4-4ad8-8c85-730e4ea86361', 'usr_56');
INSERT INTO trabalho.log_acesso VALUES ('log_56_2_1', 'c58b280a-56d4-4ad8-8c85-730e4ea86361', 'usr_56');
INSERT INTO trabalho.log_acesso VALUES ('log_56_3_1', 'c58b280a-56d4-4ad8-8c85-730e4ea86361', 'usr_56');
INSERT INTO trabalho.log_acesso VALUES ('log_56_4_1', 'c58b280a-56d4-4ad8-8c85-730e4ea86361', 'usr_56');
INSERT INTO trabalho.usuario_esta_inscrito_no_podcast VALUES (0, 'f8e13774-d631-4f34-93f0-2f5d55590265', 'usr_56');
INSERT INTO trabalho.comentarios_podcast_usuario VALUES ('comment_56_0_2', 'Eaque laudantium veniam laborum sed.', 'f8e13774-d631-4f34-93f0-2f5d55590265', 'usr_56');
INSERT INTO trabalho.log_acesso VALUES ('log_56_0_2', 'f8e13774-d631-4f34-93f0-2f5d55590265', 'usr_56');
INSERT INTO trabalho.log_acesso VALUES ('log_56_1_2', 'f8e13774-d631-4f34-93f0-2f5d55590265', 'usr_56');
INSERT INTO trabalho.log_acesso VALUES ('log_56_2_2', 'f8e13774-d631-4f34-93f0-2f5d55590265', 'usr_56');
INSERT INTO trabalho.log_acesso VALUES ('log_56_3_2', 'f8e13774-d631-4f34-93f0-2f5d55590265', 'usr_56');
INSERT INTO trabalho.usuario VALUES ('usr_57', '57_Giovanna.Batista96@live.com', 'Giovanna Batista', 'female', 40, 'password', 'Moldávia');
INSERT INTO trabalho.usuario_esta_inscrito_no_podcast VALUES (3, 'de2f0ddb-9903-436a-a5e2-54224254c818', 'usr_57');
INSERT INTO trabalho.comentarios_podcast_usuario VALUES ('comment_57_0_0', 'Ut vero natus delectus aspernatur cum et.', 'de2f0ddb-9903-436a-a5e2-54224254c818', 'usr_57');
INSERT INTO trabalho.comentarios_podcast_usuario VALUES ('comment_57_1_0', 'Sit libero blanditiis esse et necessitatibus quia.', 'de2f0ddb-9903-436a-a5e2-54224254c818', 'usr_57');
INSERT INTO trabalho.comentarios_podcast_usuario VALUES ('comment_57_2_0', 'Non odio optio omnis quam ad in deleniti et.', 'de2f0ddb-9903-436a-a5e2-54224254c818', 'usr_57');
INSERT INTO trabalho.comentarios_podcast_usuario VALUES ('comment_57_3_0', 'Quod distinctio assumenda doloremque cumque enim quis.', 'de2f0ddb-9903-436a-a5e2-54224254c818', 'usr_57');
INSERT INTO trabalho.log_acesso VALUES ('log_57_0_0', 'de2f0ddb-9903-436a-a5e2-54224254c818', 'usr_57');
INSERT INTO trabalho.log_acesso VALUES ('log_57_1_0', 'de2f0ddb-9903-436a-a5e2-54224254c818', 'usr_57');
INSERT INTO trabalho.usuario_esta_inscrito_no_podcast VALUES (5, 'f0166bd2-8e4d-4308-b5d7-0b3d627c5dc5', 'usr_57');
INSERT INTO trabalho.comentarios_podcast_usuario VALUES ('comment_57_0_1', 'Voluptas ratione sunt ad quis mollitia quia odit.', 'f0166bd2-8e4d-4308-b5d7-0b3d627c5dc5', 'usr_57');
INSERT INTO trabalho.comentarios_podcast_usuario VALUES ('comment_57_1_1', 'Dolor est est.', 'f0166bd2-8e4d-4308-b5d7-0b3d627c5dc5', 'usr_57');
INSERT INTO trabalho.comentarios_podcast_usuario VALUES ('comment_57_2_1', 'Inventore qui id quia veniam inventore dolore cum repellat recusandae.', 'f0166bd2-8e4d-4308-b5d7-0b3d627c5dc5', 'usr_57');
INSERT INTO trabalho.comentarios_podcast_usuario VALUES ('comment_57_3_1', 'Qui corrupti eos molestiae reiciendis.', 'f0166bd2-8e4d-4308-b5d7-0b3d627c5dc5', 'usr_57');
INSERT INTO trabalho.log_acesso VALUES ('log_57_0_1', 'f0166bd2-8e4d-4308-b5d7-0b3d627c5dc5', 'usr_57');
INSERT INTO trabalho.log_acesso VALUES ('log_57_1_1', 'f0166bd2-8e4d-4308-b5d7-0b3d627c5dc5', 'usr_57');
INSERT INTO trabalho.log_acesso VALUES ('log_57_2_1', 'f0166bd2-8e4d-4308-b5d7-0b3d627c5dc5', 'usr_57');
INSERT INTO trabalho.usuario_esta_inscrito_no_podcast VALUES (5, 'b553d865-8fe2-47de-9a30-10e1dea3bd1d', 'usr_57');
INSERT INTO trabalho.comentarios_podcast_usuario VALUES ('comment_57_0_2', 'Ut ea excepturi voluptates inventore et possimus et ducimus magni.', 'b553d865-8fe2-47de-9a30-10e1dea3bd1d', 'usr_57');
INSERT INTO trabalho.comentarios_podcast_usuario VALUES ('comment_57_1_2', 'Labore rerum labore id fugit.', 'b553d865-8fe2-47de-9a30-10e1dea3bd1d', 'usr_57');
INSERT INTO trabalho.comentarios_podcast_usuario VALUES ('comment_57_2_2', 'Ipsum totam provident sed at et magnam beatae.', 'b553d865-8fe2-47de-9a30-10e1dea3bd1d', 'usr_57');
INSERT INTO trabalho.log_acesso VALUES ('log_57_0_2', 'b553d865-8fe2-47de-9a30-10e1dea3bd1d', 'usr_57');
INSERT INTO trabalho.log_acesso VALUES ('log_57_1_2', 'b553d865-8fe2-47de-9a30-10e1dea3bd1d', 'usr_57');
INSERT INTO trabalho.log_acesso VALUES ('log_57_2_2', 'b553d865-8fe2-47de-9a30-10e1dea3bd1d', 'usr_57');
INSERT INTO trabalho.usuario VALUES ('usr_58', '58_Tho_Macedo94@live.com', 'Théo Macedo', 'male', 39, 'password', 'Jersey');
INSERT INTO trabalho.usuario_esta_inscrito_no_podcast VALUES (1, '219328a1-cec6-4e8c-b003-52a3ec9766bb', 'usr_58');
INSERT INTO trabalho.comentarios_podcast_usuario VALUES ('comment_58_0_0', 'Optio vel nemo qui ad distinctio excepturi voluptatibus.', '219328a1-cec6-4e8c-b003-52a3ec9766bb', 'usr_58');
INSERT INTO trabalho.log_acesso VALUES ('log_58_0_0', '219328a1-cec6-4e8c-b003-52a3ec9766bb', 'usr_58');
INSERT INTO trabalho.usuario_esta_inscrito_no_podcast VALUES (3, 'de2f0ddb-9903-436a-a5e2-54224254c818', 'usr_58');
INSERT INTO trabalho.comentarios_podcast_usuario VALUES ('comment_58_0_1', 'Officia illo rerum repellendus occaecati.', 'de2f0ddb-9903-436a-a5e2-54224254c818', 'usr_58');
INSERT INTO trabalho.comentarios_podcast_usuario VALUES ('comment_58_1_1', 'Odit laborum provident qui at qui nemo dolores omnis ab.', 'de2f0ddb-9903-436a-a5e2-54224254c818', 'usr_58');
INSERT INTO trabalho.comentarios_podcast_usuario VALUES ('comment_58_2_1', 'Enim recusandae sint consequatur ut fugit aliquam possimus dolorem blanditiis.', 'de2f0ddb-9903-436a-a5e2-54224254c818', 'usr_58');
INSERT INTO trabalho.log_acesso VALUES ('log_58_0_1', 'de2f0ddb-9903-436a-a5e2-54224254c818', 'usr_58');
INSERT INTO trabalho.log_acesso VALUES ('log_58_1_1', 'de2f0ddb-9903-436a-a5e2-54224254c818', 'usr_58');
INSERT INTO trabalho.log_acesso VALUES ('log_58_2_1', 'de2f0ddb-9903-436a-a5e2-54224254c818', 'usr_58');
INSERT INTO trabalho.log_acesso VALUES ('log_58_3_1', 'de2f0ddb-9903-436a-a5e2-54224254c818', 'usr_58');
INSERT INTO trabalho.log_acesso VALUES ('log_58_4_1', 'de2f0ddb-9903-436a-a5e2-54224254c818', 'usr_58');
INSERT INTO trabalho.usuario_esta_inscrito_no_podcast VALUES (3, 'bc8dac25-793c-4a96-aafc-4ea7020f4f60', 'usr_58');
INSERT INTO trabalho.comentarios_podcast_usuario VALUES ('comment_58_0_2', 'Aliquid temporibus mollitia.', 'bc8dac25-793c-4a96-aafc-4ea7020f4f60', 'usr_58');
INSERT INTO trabalho.comentarios_podcast_usuario VALUES ('comment_58_1_2', 'Temporibus aliquid eligendi.', 'bc8dac25-793c-4a96-aafc-4ea7020f4f60', 'usr_58');
INSERT INTO trabalho.comentarios_podcast_usuario VALUES ('comment_58_2_2', 'Eaque aut rerum impedit ipsum sunt laudantium ipsam.', 'bc8dac25-793c-4a96-aafc-4ea7020f4f60', 'usr_58');
INSERT INTO trabalho.comentarios_podcast_usuario VALUES ('comment_58_3_2', 'Nihil exercitationem consequuntur perferendis.', 'bc8dac25-793c-4a96-aafc-4ea7020f4f60', 'usr_58');
INSERT INTO trabalho.comentarios_podcast_usuario VALUES ('comment_58_4_2', 'Dolor velit repellat voluptatum nobis maxime consectetur.', 'bc8dac25-793c-4a96-aafc-4ea7020f4f60', 'usr_58');
INSERT INTO trabalho.comentarios_podcast_usuario VALUES ('comment_58_5_2', 'Unde voluptates et sunt non.', 'bc8dac25-793c-4a96-aafc-4ea7020f4f60', 'usr_58');
INSERT INTO trabalho.log_acesso VALUES ('log_58_0_2', 'bc8dac25-793c-4a96-aafc-4ea7020f4f60', 'usr_58');
INSERT INTO trabalho.log_acesso VALUES ('log_58_1_2', 'bc8dac25-793c-4a96-aafc-4ea7020f4f60', 'usr_58');
INSERT INTO trabalho.log_acesso VALUES ('log_58_2_2', 'bc8dac25-793c-4a96-aafc-4ea7020f4f60', 'usr_58');
INSERT INTO trabalho.log_acesso VALUES ('log_58_3_2', 'bc8dac25-793c-4a96-aafc-4ea7020f4f60', 'usr_58');
INSERT INTO trabalho.usuario VALUES ('usr_59', '59_Oflia.Martins25@yahoo.com', 'Ofélia Martins', 'female', 28, 'password', 'Latvia');
INSERT INTO trabalho.usuario_esta_inscrito_no_podcast VALUES (4, 'b553d865-8fe2-47de-9a30-10e1dea3bd1d', 'usr_59');
INSERT INTO trabalho.comentarios_podcast_usuario VALUES ('comment_59_0_0', 'Tempora vero dolores est id et perspiciatis earum odit veritatis.', 'b553d865-8fe2-47de-9a30-10e1dea3bd1d', 'usr_59');
INSERT INTO trabalho.log_acesso VALUES ('log_59_0_0', 'b553d865-8fe2-47de-9a30-10e1dea3bd1d', 'usr_59');
INSERT INTO trabalho.log_acesso VALUES ('log_59_1_0', 'b553d865-8fe2-47de-9a30-10e1dea3bd1d', 'usr_59');
INSERT INTO trabalho.log_acesso VALUES ('log_59_2_0', 'b553d865-8fe2-47de-9a30-10e1dea3bd1d', 'usr_59');
INSERT INTO trabalho.log_acesso VALUES ('log_59_3_0', 'b553d865-8fe2-47de-9a30-10e1dea3bd1d', 'usr_59');
INSERT INTO trabalho.log_acesso VALUES ('log_59_4_0', 'b553d865-8fe2-47de-9a30-10e1dea3bd1d', 'usr_59');
INSERT INTO trabalho.usuario_esta_inscrito_no_podcast VALUES (5, 'de2f0ddb-9903-436a-a5e2-54224254c818', 'usr_59');
INSERT INTO trabalho.comentarios_podcast_usuario VALUES ('comment_59_0_1', 'Sed nulla rerum dolores culpa.', 'de2f0ddb-9903-436a-a5e2-54224254c818', 'usr_59');
INSERT INTO trabalho.comentarios_podcast_usuario VALUES ('comment_59_1_1', 'Modi est qui et velit.', 'de2f0ddb-9903-436a-a5e2-54224254c818', 'usr_59');
INSERT INTO trabalho.log_acesso VALUES ('log_59_0_1', 'de2f0ddb-9903-436a-a5e2-54224254c818', 'usr_59');
INSERT INTO trabalho.log_acesso VALUES ('log_59_1_1', 'de2f0ddb-9903-436a-a5e2-54224254c818', 'usr_59');
INSERT INTO trabalho.log_acesso VALUES ('log_59_2_1', 'de2f0ddb-9903-436a-a5e2-54224254c818', 'usr_59');
INSERT INTO trabalho.usuario_esta_inscrito_no_podcast VALUES (3, '168c1536-4c42-4b8f-8c77-f06affefec6a', 'usr_59');
INSERT INTO trabalho.comentarios_podcast_usuario VALUES ('comment_59_0_2', 'Rerum et ut dignissimos rerum.', '168c1536-4c42-4b8f-8c77-f06affefec6a', 'usr_59');
INSERT INTO trabalho.comentarios_podcast_usuario VALUES ('comment_59_1_2', 'Laborum minima pariatur quis minima numquam.', '168c1536-4c42-4b8f-8c77-f06affefec6a', 'usr_59');
INSERT INTO trabalho.log_acesso VALUES ('log_59_0_2', '168c1536-4c42-4b8f-8c77-f06affefec6a', 'usr_59');
INSERT INTO trabalho.usuario VALUES ('usr_60', '60_Silas.Albuquerque@gmail.com', 'Silas Albuquerque', 'male', 24, 'password', 'Ilhas Caiman');
INSERT INTO trabalho.usuario_esta_inscrito_no_podcast VALUES (0, '168c1536-4c42-4b8f-8c77-f06affefec6a', 'usr_60');
INSERT INTO trabalho.comentarios_podcast_usuario VALUES ('comment_60_0_0', 'Deleniti expedita quia eaque omnis dolor debitis rem asperiores qui.', '168c1536-4c42-4b8f-8c77-f06affefec6a', 'usr_60');
INSERT INTO trabalho.comentarios_podcast_usuario VALUES ('comment_60_1_0', 'Molestiae eos deleniti reiciendis ratione cumque maiores.', '168c1536-4c42-4b8f-8c77-f06affefec6a', 'usr_60');
INSERT INTO trabalho.comentarios_podcast_usuario VALUES ('comment_60_2_0', 'Fugit sunt quidem nemo laudantium impedit animi quidem.', '168c1536-4c42-4b8f-8c77-f06affefec6a', 'usr_60');
INSERT INTO trabalho.log_acesso VALUES ('log_60_0_0', '168c1536-4c42-4b8f-8c77-f06affefec6a', 'usr_60');
INSERT INTO trabalho.log_acesso VALUES ('log_60_1_0', '168c1536-4c42-4b8f-8c77-f06affefec6a', 'usr_60');
INSERT INTO trabalho.log_acesso VALUES ('log_60_2_0', '168c1536-4c42-4b8f-8c77-f06affefec6a', 'usr_60');
INSERT INTO trabalho.log_acesso VALUES ('log_60_3_0', '168c1536-4c42-4b8f-8c77-f06affefec6a', 'usr_60');
INSERT INTO trabalho.log_acesso VALUES ('log_60_4_0', '168c1536-4c42-4b8f-8c77-f06affefec6a', 'usr_60');
INSERT INTO trabalho.usuario_esta_inscrito_no_podcast VALUES (2, 'f1b92ce7-47a7-43cd-8586-4a09185cdd05', 'usr_60');
INSERT INTO trabalho.comentarios_podcast_usuario VALUES ('comment_60_0_1', 'Eligendi velit saepe ut est ab consequatur.', 'f1b92ce7-47a7-43cd-8586-4a09185cdd05', 'usr_60');
INSERT INTO trabalho.comentarios_podcast_usuario VALUES ('comment_60_1_1', 'Veniam dolores fugit a dolorum sunt sit.', 'f1b92ce7-47a7-43cd-8586-4a09185cdd05', 'usr_60');
INSERT INTO trabalho.comentarios_podcast_usuario VALUES ('comment_60_2_1', 'Ea voluptatem unde.', 'f1b92ce7-47a7-43cd-8586-4a09185cdd05', 'usr_60');
INSERT INTO trabalho.log_acesso VALUES ('log_60_0_1', 'f1b92ce7-47a7-43cd-8586-4a09185cdd05', 'usr_60');
INSERT INTO trabalho.log_acesso VALUES ('log_60_1_1', 'f1b92ce7-47a7-43cd-8586-4a09185cdd05', 'usr_60');
INSERT INTO trabalho.log_acesso VALUES ('log_60_2_1', 'f1b92ce7-47a7-43cd-8586-4a09185cdd05', 'usr_60');
INSERT INTO trabalho.log_acesso VALUES ('log_60_3_1', 'f1b92ce7-47a7-43cd-8586-4a09185cdd05', 'usr_60');
INSERT INTO trabalho.usuario_esta_inscrito_no_podcast VALUES (3, 'fa3abe16-3645-4d22-a01d-893e6f20c408', 'usr_60');
INSERT INTO trabalho.comentarios_podcast_usuario VALUES ('comment_60_0_2', 'Sint et et blanditiis.', 'fa3abe16-3645-4d22-a01d-893e6f20c408', 'usr_60');
INSERT INTO trabalho.log_acesso VALUES ('log_60_0_2', 'fa3abe16-3645-4d22-a01d-893e6f20c408', 'usr_60');
INSERT INTO trabalho.log_acesso VALUES ('log_60_1_2', 'fa3abe16-3645-4d22-a01d-893e6f20c408', 'usr_60');
INSERT INTO trabalho.log_acesso VALUES ('log_60_2_2', 'fa3abe16-3645-4d22-a01d-893e6f20c408', 'usr_60');
INSERT INTO trabalho.log_acesso VALUES ('log_60_3_2', 'fa3abe16-3645-4d22-a01d-893e6f20c408', 'usr_60');
INSERT INTO trabalho.log_acesso VALUES ('log_60_4_2', 'fa3abe16-3645-4d22-a01d-893e6f20c408', 'usr_60');
INSERT INTO trabalho.usuario VALUES ('usr_61', '61_MariaCeclia.Melo13@hotmail.com', 'Maria Cecília Melo', 'female', 5, 'password', 'São Martinho');
INSERT INTO trabalho.usuario_esta_inscrito_no_podcast VALUES (5, 'af46a958-b921-47b6-9f87-5c4fdc68ea79', 'usr_61');
INSERT INTO trabalho.comentarios_podcast_usuario VALUES ('comment_61_0_0', 'Consequuntur veniam expedita facere quia.', 'af46a958-b921-47b6-9f87-5c4fdc68ea79', 'usr_61');
INSERT INTO trabalho.comentarios_podcast_usuario VALUES ('comment_61_1_0', 'Commodi aperiam error labore aliquam est magni omnis facilis dolorum.', 'af46a958-b921-47b6-9f87-5c4fdc68ea79', 'usr_61');
INSERT INTO trabalho.comentarios_podcast_usuario VALUES ('comment_61_2_0', 'Molestiae accusantium quia.', 'af46a958-b921-47b6-9f87-5c4fdc68ea79', 'usr_61');
INSERT INTO trabalho.comentarios_podcast_usuario VALUES ('comment_61_3_0', 'Vel quia nisi necessitatibus at exercitationem autem.', 'af46a958-b921-47b6-9f87-5c4fdc68ea79', 'usr_61');
INSERT INTO trabalho.log_acesso VALUES ('log_61_0_0', 'af46a958-b921-47b6-9f87-5c4fdc68ea79', 'usr_61');
INSERT INTO trabalho.usuario_esta_inscrito_no_podcast VALUES (4, '5bdf7377-8330-4f9f-8efd-e95301c122ce', 'usr_61');
INSERT INTO trabalho.comentarios_podcast_usuario VALUES ('comment_61_0_1', 'Perspiciatis aut molestiae perspiciatis voluptas sed totam beatae perferendis.', '5bdf7377-8330-4f9f-8efd-e95301c122ce', 'usr_61');
INSERT INTO trabalho.comentarios_podcast_usuario VALUES ('comment_61_1_1', 'Laboriosam a omnis repudiandae aut non numquam.', '5bdf7377-8330-4f9f-8efd-e95301c122ce', 'usr_61');
INSERT INTO trabalho.log_acesso VALUES ('log_61_0_1', '5bdf7377-8330-4f9f-8efd-e95301c122ce', 'usr_61');
INSERT INTO trabalho.log_acesso VALUES ('log_61_1_1', '5bdf7377-8330-4f9f-8efd-e95301c122ce', 'usr_61');
INSERT INTO trabalho.usuario_esta_inscrito_no_podcast VALUES (4, 'f0166bd2-8e4d-4308-b5d7-0b3d627c5dc5', 'usr_61');
INSERT INTO trabalho.comentarios_podcast_usuario VALUES ('comment_61_0_2', 'Aliquid voluptatem laudantium tenetur voluptatibus.', 'f0166bd2-8e4d-4308-b5d7-0b3d627c5dc5', 'usr_61');
INSERT INTO trabalho.log_acesso VALUES ('log_61_0_2', 'f0166bd2-8e4d-4308-b5d7-0b3d627c5dc5', 'usr_61');
INSERT INTO trabalho.log_acesso VALUES ('log_61_1_2', 'f0166bd2-8e4d-4308-b5d7-0b3d627c5dc5', 'usr_61');
INSERT INTO trabalho.log_acesso VALUES ('log_61_2_2', 'f0166bd2-8e4d-4308-b5d7-0b3d627c5dc5', 'usr_61');
INSERT INTO trabalho.log_acesso VALUES ('log_61_3_2', 'f0166bd2-8e4d-4308-b5d7-0b3d627c5dc5', 'usr_61');
INSERT INTO trabalho.usuario VALUES ('usr_62', '62_MariaAlice.Barros53@yahoo.com', 'Maria Alice Barros', 'female', 50, 'password', 'Namibia');
INSERT INTO trabalho.usuario_esta_inscrito_no_podcast VALUES (2, '5bdf7377-8330-4f9f-8efd-e95301c122ce', 'usr_62');
INSERT INTO trabalho.comentarios_podcast_usuario VALUES ('comment_62_0_0', 'Maxime deleniti deserunt molestiae molestiae vel totam odio nisi.', '5bdf7377-8330-4f9f-8efd-e95301c122ce', 'usr_62');
INSERT INTO trabalho.comentarios_podcast_usuario VALUES ('comment_62_1_0', 'Qui neque ullam alias rerum.', '5bdf7377-8330-4f9f-8efd-e95301c122ce', 'usr_62');
INSERT INTO trabalho.comentarios_podcast_usuario VALUES ('comment_62_2_0', 'Debitis sit culpa a nobis ullam consequuntur eos sed consectetur.', '5bdf7377-8330-4f9f-8efd-e95301c122ce', 'usr_62');
INSERT INTO trabalho.log_acesso VALUES ('log_62_0_0', '5bdf7377-8330-4f9f-8efd-e95301c122ce', 'usr_62');
INSERT INTO trabalho.log_acesso VALUES ('log_62_1_0', '5bdf7377-8330-4f9f-8efd-e95301c122ce', 'usr_62');
INSERT INTO trabalho.usuario_esta_inscrito_no_podcast VALUES (2, 'f1b92ce7-47a7-43cd-8586-4a09185cdd05', 'usr_62');
INSERT INTO trabalho.comentarios_podcast_usuario VALUES ('comment_62_0_1', 'Officiis dolores tenetur praesentium aperiam.', 'f1b92ce7-47a7-43cd-8586-4a09185cdd05', 'usr_62');
INSERT INTO trabalho.comentarios_podcast_usuario VALUES ('comment_62_1_1', 'Maiores velit ea distinctio quia qui neque.', 'f1b92ce7-47a7-43cd-8586-4a09185cdd05', 'usr_62');
INSERT INTO trabalho.log_acesso VALUES ('log_62_0_1', 'f1b92ce7-47a7-43cd-8586-4a09185cdd05', 'usr_62');
INSERT INTO trabalho.log_acesso VALUES ('log_62_1_1', 'f1b92ce7-47a7-43cd-8586-4a09185cdd05', 'usr_62');
INSERT INTO trabalho.log_acesso VALUES ('log_62_2_1', 'f1b92ce7-47a7-43cd-8586-4a09185cdd05', 'usr_62');
INSERT INTO trabalho.usuario_esta_inscrito_no_podcast VALUES (2, 'b553d865-8fe2-47de-9a30-10e1dea3bd1d', 'usr_62');
INSERT INTO trabalho.comentarios_podcast_usuario VALUES ('comment_62_0_2', 'Autem a facere aut nihil autem et atque tenetur.', 'b553d865-8fe2-47de-9a30-10e1dea3bd1d', 'usr_62');
INSERT INTO trabalho.comentarios_podcast_usuario VALUES ('comment_62_1_2', 'Aut qui iure voluptatem.', 'b553d865-8fe2-47de-9a30-10e1dea3bd1d', 'usr_62');
INSERT INTO trabalho.comentarios_podcast_usuario VALUES ('comment_62_2_2', 'Aut cumque magni esse necessitatibus.', 'b553d865-8fe2-47de-9a30-10e1dea3bd1d', 'usr_62');
INSERT INTO trabalho.comentarios_podcast_usuario VALUES ('comment_62_3_2', 'Et sapiente aut amet in maxime dolor ducimus delectus amet.', 'b553d865-8fe2-47de-9a30-10e1dea3bd1d', 'usr_62');
INSERT INTO trabalho.log_acesso VALUES ('log_62_0_2', 'b553d865-8fe2-47de-9a30-10e1dea3bd1d', 'usr_62');
INSERT INTO trabalho.usuario VALUES ('usr_63', '63_Ricardo.Melo92@yahoo.com', 'Ricardo Melo', 'male', 48, 'password', 'Egito');
INSERT INTO trabalho.usuario_esta_inscrito_no_podcast VALUES (4, '219328a1-cec6-4e8c-b003-52a3ec9766bb', 'usr_63');
INSERT INTO trabalho.comentarios_podcast_usuario VALUES ('comment_63_0_0', 'Eum hic libero ea magni.', '219328a1-cec6-4e8c-b003-52a3ec9766bb', 'usr_63');
INSERT INTO trabalho.comentarios_podcast_usuario VALUES ('comment_63_1_0', 'Voluptas pariatur molestiae dolor est aperiam.', '219328a1-cec6-4e8c-b003-52a3ec9766bb', 'usr_63');
INSERT INTO trabalho.comentarios_podcast_usuario VALUES ('comment_63_2_0', 'Est est facere consequatur non adipisci non est.', '219328a1-cec6-4e8c-b003-52a3ec9766bb', 'usr_63');
INSERT INTO trabalho.comentarios_podcast_usuario VALUES ('comment_63_3_0', 'Doloribus et ipsam et.', '219328a1-cec6-4e8c-b003-52a3ec9766bb', 'usr_63');
INSERT INTO trabalho.comentarios_podcast_usuario VALUES ('comment_63_4_0', 'Ad ab itaque cupiditate.', '219328a1-cec6-4e8c-b003-52a3ec9766bb', 'usr_63');
INSERT INTO trabalho.log_acesso VALUES ('log_63_0_0', '219328a1-cec6-4e8c-b003-52a3ec9766bb', 'usr_63');
INSERT INTO trabalho.log_acesso VALUES ('log_63_1_0', '219328a1-cec6-4e8c-b003-52a3ec9766bb', 'usr_63');
INSERT INTO trabalho.log_acesso VALUES ('log_63_2_0', '219328a1-cec6-4e8c-b003-52a3ec9766bb', 'usr_63');
INSERT INTO trabalho.log_acesso VALUES ('log_63_3_0', '219328a1-cec6-4e8c-b003-52a3ec9766bb', 'usr_63');
INSERT INTO trabalho.usuario_esta_inscrito_no_podcast VALUES (4, '7e429e8e-7669-403d-bb78-3cd7f9f75afd', 'usr_63');
INSERT INTO trabalho.comentarios_podcast_usuario VALUES ('comment_63_0_1', 'Perspiciatis vitae error.', '7e429e8e-7669-403d-bb78-3cd7f9f75afd', 'usr_63');
INSERT INTO trabalho.comentarios_podcast_usuario VALUES ('comment_63_1_1', 'Non accusantium molestiae ut vel architecto est tenetur.', '7e429e8e-7669-403d-bb78-3cd7f9f75afd', 'usr_63');
INSERT INTO trabalho.comentarios_podcast_usuario VALUES ('comment_63_2_1', 'Et temporibus saepe vitae quia deserunt accusamus.', '7e429e8e-7669-403d-bb78-3cd7f9f75afd', 'usr_63');
INSERT INTO trabalho.comentarios_podcast_usuario VALUES ('comment_63_3_1', 'Qui iure totam.', '7e429e8e-7669-403d-bb78-3cd7f9f75afd', 'usr_63');
INSERT INTO trabalho.comentarios_podcast_usuario VALUES ('comment_63_4_1', 'Rerum incidunt repudiandae a quis.', '7e429e8e-7669-403d-bb78-3cd7f9f75afd', 'usr_63');
INSERT INTO trabalho.comentarios_podcast_usuario VALUES ('comment_63_5_1', 'Quia beatae molestiae quibusdam eum earum eveniet aut dolorum qui.', '7e429e8e-7669-403d-bb78-3cd7f9f75afd', 'usr_63');
INSERT INTO trabalho.log_acesso VALUES ('log_63_0_1', '7e429e8e-7669-403d-bb78-3cd7f9f75afd', 'usr_63');
INSERT INTO trabalho.log_acesso VALUES ('log_63_1_1', '7e429e8e-7669-403d-bb78-3cd7f9f75afd', 'usr_63');
INSERT INTO trabalho.usuario_esta_inscrito_no_podcast VALUES (5, 'f1b92ce7-47a7-43cd-8586-4a09185cdd05', 'usr_63');
INSERT INTO trabalho.comentarios_podcast_usuario VALUES ('comment_63_0_2', 'Voluptate quod sapiente et et quia non consequatur tempora dolor.', 'f1b92ce7-47a7-43cd-8586-4a09185cdd05', 'usr_63');
INSERT INTO trabalho.comentarios_podcast_usuario VALUES ('comment_63_1_2', 'Quia quis perferendis dolorem.', 'f1b92ce7-47a7-43cd-8586-4a09185cdd05', 'usr_63');
INSERT INTO trabalho.comentarios_podcast_usuario VALUES ('comment_63_2_2', 'Nobis minima voluptatem dolorem et aperiam saepe perspiciatis.', 'f1b92ce7-47a7-43cd-8586-4a09185cdd05', 'usr_63');
INSERT INTO trabalho.comentarios_podcast_usuario VALUES ('comment_63_3_2', 'Voluptas et saepe qui eaque error.', 'f1b92ce7-47a7-43cd-8586-4a09185cdd05', 'usr_63');
INSERT INTO trabalho.comentarios_podcast_usuario VALUES ('comment_63_4_2', 'Aut possimus maiores.', 'f1b92ce7-47a7-43cd-8586-4a09185cdd05', 'usr_63');
INSERT INTO trabalho.log_acesso VALUES ('log_63_0_2', 'f1b92ce7-47a7-43cd-8586-4a09185cdd05', 'usr_63');
INSERT INTO trabalho.log_acesso VALUES ('log_63_1_2', 'f1b92ce7-47a7-43cd-8586-4a09185cdd05', 'usr_63');
INSERT INTO trabalho.log_acesso VALUES ('log_63_2_2', 'f1b92ce7-47a7-43cd-8586-4a09185cdd05', 'usr_63');
INSERT INTO trabalho.log_acesso VALUES ('log_63_3_2', 'f1b92ce7-47a7-43cd-8586-4a09185cdd05', 'usr_63');
INSERT INTO trabalho.log_acesso VALUES ('log_63_4_2', 'f1b92ce7-47a7-43cd-8586-4a09185cdd05', 'usr_63');
INSERT INTO trabalho.log_acesso VALUES ('log_63_5_2', 'f1b92ce7-47a7-43cd-8586-4a09185cdd05', 'usr_63');
INSERT INTO trabalho.usuario VALUES ('usr_64', '64_DaviLucca6@live.com', 'Davi Lucca Batista', 'male', 49, 'password', 'Polinésia Francesa');
INSERT INTO trabalho.usuario_esta_inscrito_no_podcast VALUES (1, 'c58b280a-56d4-4ad8-8c85-730e4ea86361', 'usr_64');
INSERT INTO trabalho.comentarios_podcast_usuario VALUES ('comment_64_0_0', 'Dolor quia qui iure libero excepturi necessitatibus voluptatem.', 'c58b280a-56d4-4ad8-8c85-730e4ea86361', 'usr_64');
INSERT INTO trabalho.comentarios_podcast_usuario VALUES ('comment_64_1_0', 'Necessitatibus vel enim vel non molestiae accusamus eos.', 'c58b280a-56d4-4ad8-8c85-730e4ea86361', 'usr_64');
INSERT INTO trabalho.comentarios_podcast_usuario VALUES ('comment_64_2_0', 'Perspiciatis dolorem quis harum doloribus dignissimos.', 'c58b280a-56d4-4ad8-8c85-730e4ea86361', 'usr_64');
INSERT INTO trabalho.log_acesso VALUES ('log_64_0_0', 'c58b280a-56d4-4ad8-8c85-730e4ea86361', 'usr_64');
INSERT INTO trabalho.log_acesso VALUES ('log_64_1_0', 'c58b280a-56d4-4ad8-8c85-730e4ea86361', 'usr_64');
INSERT INTO trabalho.usuario_esta_inscrito_no_podcast VALUES (1, 'fa3abe16-3645-4d22-a01d-893e6f20c408', 'usr_64');
INSERT INTO trabalho.comentarios_podcast_usuario VALUES ('comment_64_0_1', 'Non soluta ut.', 'fa3abe16-3645-4d22-a01d-893e6f20c408', 'usr_64');
INSERT INTO trabalho.comentarios_podcast_usuario VALUES ('comment_64_1_1', 'Deleniti consectetur corporis voluptatem esse molestiae sit.', 'fa3abe16-3645-4d22-a01d-893e6f20c408', 'usr_64');
INSERT INTO trabalho.log_acesso VALUES ('log_64_0_1', 'fa3abe16-3645-4d22-a01d-893e6f20c408', 'usr_64');
INSERT INTO trabalho.log_acesso VALUES ('log_64_1_1', 'fa3abe16-3645-4d22-a01d-893e6f20c408', 'usr_64');
INSERT INTO trabalho.log_acesso VALUES ('log_64_2_1', 'fa3abe16-3645-4d22-a01d-893e6f20c408', 'usr_64');
INSERT INTO trabalho.log_acesso VALUES ('log_64_3_1', 'fa3abe16-3645-4d22-a01d-893e6f20c408', 'usr_64');
INSERT INTO trabalho.log_acesso VALUES ('log_64_4_1', 'fa3abe16-3645-4d22-a01d-893e6f20c408', 'usr_64');
INSERT INTO trabalho.usuario_esta_inscrito_no_podcast VALUES (3, 'f8e13774-d631-4f34-93f0-2f5d55590265', 'usr_64');
INSERT INTO trabalho.comentarios_podcast_usuario VALUES ('comment_64_0_2', 'Dolores eveniet nobis ullam ut sed.', 'f8e13774-d631-4f34-93f0-2f5d55590265', 'usr_64');
INSERT INTO trabalho.comentarios_podcast_usuario VALUES ('comment_64_1_2', 'Quisquam consequuntur quis expedita facere aut eaque est sit omnis.', 'f8e13774-d631-4f34-93f0-2f5d55590265', 'usr_64');
INSERT INTO trabalho.comentarios_podcast_usuario VALUES ('comment_64_2_2', 'Tempora quibusdam error sequi est ullam nam.', 'f8e13774-d631-4f34-93f0-2f5d55590265', 'usr_64');
INSERT INTO trabalho.comentarios_podcast_usuario VALUES ('comment_64_3_2', 'Eaque facere quasi soluta dolorum quia sed ratione.', 'f8e13774-d631-4f34-93f0-2f5d55590265', 'usr_64');
INSERT INTO trabalho.log_acesso VALUES ('log_64_0_2', 'f8e13774-d631-4f34-93f0-2f5d55590265', 'usr_64');
INSERT INTO trabalho.log_acesso VALUES ('log_64_1_2', 'f8e13774-d631-4f34-93f0-2f5d55590265', 'usr_64');
INSERT INTO trabalho.log_acesso VALUES ('log_64_2_2', 'f8e13774-d631-4f34-93f0-2f5d55590265', 'usr_64');
INSERT INTO trabalho.log_acesso VALUES ('log_64_3_2', 'f8e13774-d631-4f34-93f0-2f5d55590265', 'usr_64');
INSERT INTO trabalho.log_acesso VALUES ('log_64_4_2', 'f8e13774-d631-4f34-93f0-2f5d55590265', 'usr_64');
INSERT INTO trabalho.usuario VALUES ('usr_65', '65_Alice56@yahoo.com', 'Alice Moreira', 'female', 35, 'password', 'Israel');
INSERT INTO trabalho.usuario_esta_inscrito_no_podcast VALUES (5, 'fa3abe16-3645-4d22-a01d-893e6f20c408', 'usr_65');
INSERT INTO trabalho.comentarios_podcast_usuario VALUES ('comment_65_0_0', 'Enim dolorem autem omnis dignissimos eveniet et repudiandae fugit.', 'fa3abe16-3645-4d22-a01d-893e6f20c408', 'usr_65');
INSERT INTO trabalho.comentarios_podcast_usuario VALUES ('comment_65_1_0', 'Excepturi accusantium est corrupti sed cum nam neque aut.', 'fa3abe16-3645-4d22-a01d-893e6f20c408', 'usr_65');
INSERT INTO trabalho.comentarios_podcast_usuario VALUES ('comment_65_2_0', 'Deserunt suscipit perferendis placeat officiis nihil sequi aut possimus cupiditate.', 'fa3abe16-3645-4d22-a01d-893e6f20c408', 'usr_65');
INSERT INTO trabalho.comentarios_podcast_usuario VALUES ('comment_65_3_0', 'Exercitationem labore in a molestiae incidunt.', 'fa3abe16-3645-4d22-a01d-893e6f20c408', 'usr_65');
INSERT INTO trabalho.comentarios_podcast_usuario VALUES ('comment_65_4_0', 'Aut fuga corporis fuga nostrum.', 'fa3abe16-3645-4d22-a01d-893e6f20c408', 'usr_65');
INSERT INTO trabalho.comentarios_podcast_usuario VALUES ('comment_65_5_0', 'Dolores alias rerum repellat est.', 'fa3abe16-3645-4d22-a01d-893e6f20c408', 'usr_65');
INSERT INTO trabalho.comentarios_podcast_usuario VALUES ('comment_65_6_0', 'Repudiandae ducimus sunt et sapiente itaque sed consequatur ea.', 'fa3abe16-3645-4d22-a01d-893e6f20c408', 'usr_65');
INSERT INTO trabalho.log_acesso VALUES ('log_65_0_0', 'fa3abe16-3645-4d22-a01d-893e6f20c408', 'usr_65');
INSERT INTO trabalho.log_acesso VALUES ('log_65_1_0', 'fa3abe16-3645-4d22-a01d-893e6f20c408', 'usr_65');
INSERT INTO trabalho.log_acesso VALUES ('log_65_2_0', 'fa3abe16-3645-4d22-a01d-893e6f20c408', 'usr_65');
INSERT INTO trabalho.log_acesso VALUES ('log_65_3_0', 'fa3abe16-3645-4d22-a01d-893e6f20c408', 'usr_65');
INSERT INTO trabalho.usuario_esta_inscrito_no_podcast VALUES (5, '67074e68-bc2f-442b-8af2-7d328b6af6eb', 'usr_65');
INSERT INTO trabalho.comentarios_podcast_usuario VALUES ('comment_65_0_1', 'Occaecati laudantium expedita corrupti assumenda blanditiis molestiae accusamus.', '67074e68-bc2f-442b-8af2-7d328b6af6eb', 'usr_65');
INSERT INTO trabalho.comentarios_podcast_usuario VALUES ('comment_65_1_1', 'Corporis aut architecto iure.', '67074e68-bc2f-442b-8af2-7d328b6af6eb', 'usr_65');
INSERT INTO trabalho.comentarios_podcast_usuario VALUES ('comment_65_2_1', 'Soluta earum atque culpa atque et ducimus eius modi modi.', '67074e68-bc2f-442b-8af2-7d328b6af6eb', 'usr_65');
INSERT INTO trabalho.log_acesso VALUES ('log_65_0_1', '67074e68-bc2f-442b-8af2-7d328b6af6eb', 'usr_65');
INSERT INTO trabalho.log_acesso VALUES ('log_65_1_1', '67074e68-bc2f-442b-8af2-7d328b6af6eb', 'usr_65');
INSERT INTO trabalho.log_acesso VALUES ('log_65_2_1', '67074e68-bc2f-442b-8af2-7d328b6af6eb', 'usr_65');
INSERT INTO trabalho.usuario_esta_inscrito_no_podcast VALUES (4, 'f8e13774-d631-4f34-93f0-2f5d55590265', 'usr_65');
INSERT INTO trabalho.comentarios_podcast_usuario VALUES ('comment_65_0_2', 'Dolorem qui quia rem quibusdam molestias culpa.', 'f8e13774-d631-4f34-93f0-2f5d55590265', 'usr_65');
INSERT INTO trabalho.comentarios_podcast_usuario VALUES ('comment_65_1_2', 'Saepe sit cumque ut dicta blanditiis inventore.', 'f8e13774-d631-4f34-93f0-2f5d55590265', 'usr_65');
INSERT INTO trabalho.log_acesso VALUES ('log_65_0_2', 'f8e13774-d631-4f34-93f0-2f5d55590265', 'usr_65');
INSERT INTO trabalho.log_acesso VALUES ('log_65_1_2', 'f8e13774-d631-4f34-93f0-2f5d55590265', 'usr_65');
INSERT INTO trabalho.usuario VALUES ('usr_66', '66_Anthony63@gmail.com', 'Anthony Santos', 'male', 51, 'password', 'Albânia');
INSERT INTO trabalho.usuario_esta_inscrito_no_podcast VALUES (4, '219328a1-cec6-4e8c-b003-52a3ec9766bb', 'usr_66');
INSERT INTO trabalho.comentarios_podcast_usuario VALUES ('comment_66_0_0', 'Et optio laudantium non.', '219328a1-cec6-4e8c-b003-52a3ec9766bb', 'usr_66');
INSERT INTO trabalho.comentarios_podcast_usuario VALUES ('comment_66_1_0', 'Harum excepturi molestias id repellat.', '219328a1-cec6-4e8c-b003-52a3ec9766bb', 'usr_66');
INSERT INTO trabalho.comentarios_podcast_usuario VALUES ('comment_66_2_0', 'Quasi harum sed praesentium quia quia necessitatibus.', '219328a1-cec6-4e8c-b003-52a3ec9766bb', 'usr_66');
INSERT INTO trabalho.comentarios_podcast_usuario VALUES ('comment_66_3_0', 'Quo amet facilis provident vero molestias earum reprehenderit autem.', '219328a1-cec6-4e8c-b003-52a3ec9766bb', 'usr_66');
INSERT INTO trabalho.log_acesso VALUES ('log_66_0_0', '219328a1-cec6-4e8c-b003-52a3ec9766bb', 'usr_66');
INSERT INTO trabalho.log_acesso VALUES ('log_66_1_0', '219328a1-cec6-4e8c-b003-52a3ec9766bb', 'usr_66');
INSERT INTO trabalho.log_acesso VALUES ('log_66_2_0', '219328a1-cec6-4e8c-b003-52a3ec9766bb', 'usr_66');
INSERT INTO trabalho.log_acesso VALUES ('log_66_3_0', '219328a1-cec6-4e8c-b003-52a3ec9766bb', 'usr_66');
INSERT INTO trabalho.log_acesso VALUES ('log_66_4_0', '219328a1-cec6-4e8c-b003-52a3ec9766bb', 'usr_66');
INSERT INTO trabalho.log_acesso VALUES ('log_66_5_0', '219328a1-cec6-4e8c-b003-52a3ec9766bb', 'usr_66');
INSERT INTO trabalho.usuario_esta_inscrito_no_podcast VALUES (0, 'f8e13774-d631-4f34-93f0-2f5d55590265', 'usr_66');
INSERT INTO trabalho.comentarios_podcast_usuario VALUES ('comment_66_0_1', 'Repellat qui accusamus voluptas.', 'f8e13774-d631-4f34-93f0-2f5d55590265', 'usr_66');
INSERT INTO trabalho.comentarios_podcast_usuario VALUES ('comment_66_1_1', 'Accusamus ipsum consequatur rem laudantium.', 'f8e13774-d631-4f34-93f0-2f5d55590265', 'usr_66');
INSERT INTO trabalho.comentarios_podcast_usuario VALUES ('comment_66_2_1', 'Amet voluptatibus sint debitis pariatur.', 'f8e13774-d631-4f34-93f0-2f5d55590265', 'usr_66');
INSERT INTO trabalho.log_acesso VALUES ('log_66_0_1', 'f8e13774-d631-4f34-93f0-2f5d55590265', 'usr_66');
INSERT INTO trabalho.log_acesso VALUES ('log_66_1_1', 'f8e13774-d631-4f34-93f0-2f5d55590265', 'usr_66');
INSERT INTO trabalho.usuario_esta_inscrito_no_podcast VALUES (4, 'af46a958-b921-47b6-9f87-5c4fdc68ea79', 'usr_66');
INSERT INTO trabalho.comentarios_podcast_usuario VALUES ('comment_66_0_2', 'Officiis ullam nihil rerum.', 'af46a958-b921-47b6-9f87-5c4fdc68ea79', 'usr_66');
INSERT INTO trabalho.comentarios_podcast_usuario VALUES ('comment_66_1_2', 'Rem quia omnis sed recusandae eos sunt ut non pariatur.', 'af46a958-b921-47b6-9f87-5c4fdc68ea79', 'usr_66');
INSERT INTO trabalho.log_acesso VALUES ('log_66_0_2', 'af46a958-b921-47b6-9f87-5c4fdc68ea79', 'usr_66');
INSERT INTO trabalho.log_acesso VALUES ('log_66_1_2', 'af46a958-b921-47b6-9f87-5c4fdc68ea79', 'usr_66');
INSERT INTO trabalho.log_acesso VALUES ('log_66_2_2', 'af46a958-b921-47b6-9f87-5c4fdc68ea79', 'usr_66');
INSERT INTO trabalho.log_acesso VALUES ('log_66_3_2', 'af46a958-b921-47b6-9f87-5c4fdc68ea79', 'usr_66');
INSERT INTO trabalho.usuario VALUES ('usr_67', '67_Fabrcia.Macedo65@gmail.com', 'Fabrícia Macedo', 'female', 25, 'password', 'Tuvalu');
INSERT INTO trabalho.usuario_esta_inscrito_no_podcast VALUES (2, 'f8e13774-d631-4f34-93f0-2f5d55590265', 'usr_67');
INSERT INTO trabalho.comentarios_podcast_usuario VALUES ('comment_67_0_0', 'Mollitia rem rem veniam eveniet consectetur id.', 'f8e13774-d631-4f34-93f0-2f5d55590265', 'usr_67');
INSERT INTO trabalho.comentarios_podcast_usuario VALUES ('comment_67_1_0', 'Eos aut eos eius consequuntur et dignissimos sed qui aut.', 'f8e13774-d631-4f34-93f0-2f5d55590265', 'usr_67');
INSERT INTO trabalho.comentarios_podcast_usuario VALUES ('comment_67_2_0', 'Occaecati eos distinctio perspiciatis aut ex neque.', 'f8e13774-d631-4f34-93f0-2f5d55590265', 'usr_67');
INSERT INTO trabalho.log_acesso VALUES ('log_67_0_0', 'f8e13774-d631-4f34-93f0-2f5d55590265', 'usr_67');
INSERT INTO trabalho.log_acesso VALUES ('log_67_1_0', 'f8e13774-d631-4f34-93f0-2f5d55590265', 'usr_67');
INSERT INTO trabalho.usuario_esta_inscrito_no_podcast VALUES (1, '5bdf7377-8330-4f9f-8efd-e95301c122ce', 'usr_67');
INSERT INTO trabalho.comentarios_podcast_usuario VALUES ('comment_67_0_1', 'Commodi non porro beatae officiis consequuntur.', '5bdf7377-8330-4f9f-8efd-e95301c122ce', 'usr_67');
INSERT INTO trabalho.comentarios_podcast_usuario VALUES ('comment_67_1_1', 'Voluptatum ea voluptatem totam omnis et autem.', '5bdf7377-8330-4f9f-8efd-e95301c122ce', 'usr_67');
INSERT INTO trabalho.comentarios_podcast_usuario VALUES ('comment_67_2_1', 'Repudiandae quasi culpa et quidem dolor molestiae amet consequatur soluta.', '5bdf7377-8330-4f9f-8efd-e95301c122ce', 'usr_67');
INSERT INTO trabalho.log_acesso VALUES ('log_67_0_1', '5bdf7377-8330-4f9f-8efd-e95301c122ce', 'usr_67');
INSERT INTO trabalho.log_acesso VALUES ('log_67_1_1', '5bdf7377-8330-4f9f-8efd-e95301c122ce', 'usr_67');
INSERT INTO trabalho.log_acesso VALUES ('log_67_2_1', '5bdf7377-8330-4f9f-8efd-e95301c122ce', 'usr_67');
INSERT INTO trabalho.log_acesso VALUES ('log_67_3_1', '5bdf7377-8330-4f9f-8efd-e95301c122ce', 'usr_67');
INSERT INTO trabalho.log_acesso VALUES ('log_67_4_1', '5bdf7377-8330-4f9f-8efd-e95301c122ce', 'usr_67');
INSERT INTO trabalho.usuario_esta_inscrito_no_podcast VALUES (2, '7e429e8e-7669-403d-bb78-3cd7f9f75afd', 'usr_67');
INSERT INTO trabalho.comentarios_podcast_usuario VALUES ('comment_67_0_2', 'Odio magnam vitae id.', '7e429e8e-7669-403d-bb78-3cd7f9f75afd', 'usr_67');
INSERT INTO trabalho.comentarios_podcast_usuario VALUES ('comment_67_1_2', 'Doloremque et itaque et magni animi vitae expedita.', '7e429e8e-7669-403d-bb78-3cd7f9f75afd', 'usr_67');
INSERT INTO trabalho.comentarios_podcast_usuario VALUES ('comment_67_2_2', 'Ut quia natus amet blanditiis ullam culpa ullam.', '7e429e8e-7669-403d-bb78-3cd7f9f75afd', 'usr_67');
INSERT INTO trabalho.log_acesso VALUES ('log_67_0_2', '7e429e8e-7669-403d-bb78-3cd7f9f75afd', 'usr_67');
INSERT INTO trabalho.log_acesso VALUES ('log_67_1_2', '7e429e8e-7669-403d-bb78-3cd7f9f75afd', 'usr_67');
INSERT INTO trabalho.log_acesso VALUES ('log_67_2_2', '7e429e8e-7669-403d-bb78-3cd7f9f75afd', 'usr_67');
INSERT INTO trabalho.log_acesso VALUES ('log_67_3_2', '7e429e8e-7669-403d-bb78-3cd7f9f75afd', 'usr_67');
INSERT INTO trabalho.log_acesso VALUES ('log_67_4_2', '7e429e8e-7669-403d-bb78-3cd7f9f75afd', 'usr_67');
INSERT INTO trabalho.log_acesso VALUES ('log_67_5_2', '7e429e8e-7669-403d-bb78-3cd7f9f75afd', 'usr_67');
INSERT INTO trabalho.usuario VALUES ('usr_68', '68_Pedro.Nogueira5@bol.com.br', 'Pedro Nogueira', 'male', 8, 'password', 'Malásia');
INSERT INTO trabalho.usuario_esta_inscrito_no_podcast VALUES (3, 'f0166bd2-8e4d-4308-b5d7-0b3d627c5dc5', 'usr_68');
INSERT INTO trabalho.comentarios_podcast_usuario VALUES ('comment_68_0_0', 'Iste iste et officiis asperiores voluptatem.', 'f0166bd2-8e4d-4308-b5d7-0b3d627c5dc5', 'usr_68');
INSERT INTO trabalho.comentarios_podcast_usuario VALUES ('comment_68_1_0', 'Sapiente ad quis fugit.', 'f0166bd2-8e4d-4308-b5d7-0b3d627c5dc5', 'usr_68');
INSERT INTO trabalho.comentarios_podcast_usuario VALUES ('comment_68_2_0', 'Cupiditate vel asperiores eos eum ullam error.', 'f0166bd2-8e4d-4308-b5d7-0b3d627c5dc5', 'usr_68');
INSERT INTO trabalho.comentarios_podcast_usuario VALUES ('comment_68_3_0', 'Porro est adipisci qui eos dolores sunt.', 'f0166bd2-8e4d-4308-b5d7-0b3d627c5dc5', 'usr_68');
INSERT INTO trabalho.comentarios_podcast_usuario VALUES ('comment_68_4_0', 'Optio fugit unde molestias aut autem placeat.', 'f0166bd2-8e4d-4308-b5d7-0b3d627c5dc5', 'usr_68');
INSERT INTO trabalho.log_acesso VALUES ('log_68_0_0', 'f0166bd2-8e4d-4308-b5d7-0b3d627c5dc5', 'usr_68');
INSERT INTO trabalho.log_acesso VALUES ('log_68_1_0', 'f0166bd2-8e4d-4308-b5d7-0b3d627c5dc5', 'usr_68');
INSERT INTO trabalho.log_acesso VALUES ('log_68_2_0', 'f0166bd2-8e4d-4308-b5d7-0b3d627c5dc5', 'usr_68');
INSERT INTO trabalho.log_acesso VALUES ('log_68_3_0', 'f0166bd2-8e4d-4308-b5d7-0b3d627c5dc5', 'usr_68');
INSERT INTO trabalho.log_acesso VALUES ('log_68_4_0', 'f0166bd2-8e4d-4308-b5d7-0b3d627c5dc5', 'usr_68');
INSERT INTO trabalho.log_acesso VALUES ('log_68_5_0', 'f0166bd2-8e4d-4308-b5d7-0b3d627c5dc5', 'usr_68');
INSERT INTO trabalho.usuario_esta_inscrito_no_podcast VALUES (4, 'c58b280a-56d4-4ad8-8c85-730e4ea86361', 'usr_68');
INSERT INTO trabalho.comentarios_podcast_usuario VALUES ('comment_68_0_1', 'Tempora corrupti repudiandae atque numquam eius libero qui.', 'c58b280a-56d4-4ad8-8c85-730e4ea86361', 'usr_68');
INSERT INTO trabalho.comentarios_podcast_usuario VALUES ('comment_68_1_1', 'Voluptatum quam quis sit consequatur.', 'c58b280a-56d4-4ad8-8c85-730e4ea86361', 'usr_68');
INSERT INTO trabalho.log_acesso VALUES ('log_68_0_1', 'c58b280a-56d4-4ad8-8c85-730e4ea86361', 'usr_68');
INSERT INTO trabalho.log_acesso VALUES ('log_68_1_1', 'c58b280a-56d4-4ad8-8c85-730e4ea86361', 'usr_68');
INSERT INTO trabalho.log_acesso VALUES ('log_68_2_1', 'c58b280a-56d4-4ad8-8c85-730e4ea86361', 'usr_68');
INSERT INTO trabalho.usuario_esta_inscrito_no_podcast VALUES (2, '219328a1-cec6-4e8c-b003-52a3ec9766bb', 'usr_68');
INSERT INTO trabalho.comentarios_podcast_usuario VALUES ('comment_68_0_2', 'Ea provident consequatur est.', '219328a1-cec6-4e8c-b003-52a3ec9766bb', 'usr_68');
INSERT INTO trabalho.comentarios_podcast_usuario VALUES ('comment_68_1_2', 'Nisi harum perspiciatis molestiae repudiandae et animi.', '219328a1-cec6-4e8c-b003-52a3ec9766bb', 'usr_68');
INSERT INTO trabalho.comentarios_podcast_usuario VALUES ('comment_68_2_2', 'Inventore consequuntur architecto nobis.', '219328a1-cec6-4e8c-b003-52a3ec9766bb', 'usr_68');
INSERT INTO trabalho.log_acesso VALUES ('log_68_0_2', '219328a1-cec6-4e8c-b003-52a3ec9766bb', 'usr_68');
INSERT INTO trabalho.log_acesso VALUES ('log_68_1_2', '219328a1-cec6-4e8c-b003-52a3ec9766bb', 'usr_68');
INSERT INTO trabalho.log_acesso VALUES ('log_68_2_2', '219328a1-cec6-4e8c-b003-52a3ec9766bb', 'usr_68');
INSERT INTO trabalho.log_acesso VALUES ('log_68_3_2', '219328a1-cec6-4e8c-b003-52a3ec9766bb', 'usr_68');
INSERT INTO trabalho.log_acesso VALUES ('log_68_4_2', '219328a1-cec6-4e8c-b003-52a3ec9766bb', 'usr_68');
INSERT INTO trabalho.log_acesso VALUES ('log_68_5_2', '219328a1-cec6-4e8c-b003-52a3ec9766bb', 'usr_68');
INSERT INTO trabalho.log_acesso VALUES ('log_68_6_2', '219328a1-cec6-4e8c-b003-52a3ec9766bb', 'usr_68');
INSERT INTO trabalho.usuario VALUES ('usr_69', '69_AnaLaura32@hotmail.com', 'Ana Laura Souza', 'female', 1, 'password', 'Moldávia');
INSERT INTO trabalho.usuario_esta_inscrito_no_podcast VALUES (0, '168c1536-4c42-4b8f-8c77-f06affefec6a', 'usr_69');
INSERT INTO trabalho.comentarios_podcast_usuario VALUES ('comment_69_0_0', 'Ea ab similique vel eos ab perferendis recusandae.', '168c1536-4c42-4b8f-8c77-f06affefec6a', 'usr_69');
INSERT INTO trabalho.comentarios_podcast_usuario VALUES ('comment_69_1_0', 'Cupiditate itaque expedita modi hic nulla atque autem voluptatem et.', '168c1536-4c42-4b8f-8c77-f06affefec6a', 'usr_69');
INSERT INTO trabalho.comentarios_podcast_usuario VALUES ('comment_69_2_0', 'Non maiores tempore enim exercitationem et modi inventore vitae.', '168c1536-4c42-4b8f-8c77-f06affefec6a', 'usr_69');
INSERT INTO trabalho.log_acesso VALUES ('log_69_0_0', '168c1536-4c42-4b8f-8c77-f06affefec6a', 'usr_69');
INSERT INTO trabalho.log_acesso VALUES ('log_69_1_0', '168c1536-4c42-4b8f-8c77-f06affefec6a', 'usr_69');
INSERT INTO trabalho.log_acesso VALUES ('log_69_2_0', '168c1536-4c42-4b8f-8c77-f06affefec6a', 'usr_69');
INSERT INTO trabalho.usuario_esta_inscrito_no_podcast VALUES (4, '219328a1-cec6-4e8c-b003-52a3ec9766bb', 'usr_69');
INSERT INTO trabalho.comentarios_podcast_usuario VALUES ('comment_69_0_1', 'Ut eum qui suscipit amet impedit.', '219328a1-cec6-4e8c-b003-52a3ec9766bb', 'usr_69');
INSERT INTO trabalho.comentarios_podcast_usuario VALUES ('comment_69_1_1', 'Incidunt rem officia repellat rerum.', '219328a1-cec6-4e8c-b003-52a3ec9766bb', 'usr_69');
INSERT INTO trabalho.comentarios_podcast_usuario VALUES ('comment_69_2_1', 'Harum expedita molestiae et consequuntur.', '219328a1-cec6-4e8c-b003-52a3ec9766bb', 'usr_69');
INSERT INTO trabalho.comentarios_podcast_usuario VALUES ('comment_69_3_1', 'Aut cumque tempora libero sunt iste.', '219328a1-cec6-4e8c-b003-52a3ec9766bb', 'usr_69');
INSERT INTO trabalho.comentarios_podcast_usuario VALUES ('comment_69_4_1', 'Voluptate eius vel eveniet corporis.', '219328a1-cec6-4e8c-b003-52a3ec9766bb', 'usr_69');
INSERT INTO trabalho.log_acesso VALUES ('log_69_0_1', '219328a1-cec6-4e8c-b003-52a3ec9766bb', 'usr_69');
INSERT INTO trabalho.log_acesso VALUES ('log_69_1_1', '219328a1-cec6-4e8c-b003-52a3ec9766bb', 'usr_69');
INSERT INTO trabalho.log_acesso VALUES ('log_69_2_1', '219328a1-cec6-4e8c-b003-52a3ec9766bb', 'usr_69');
INSERT INTO trabalho.log_acesso VALUES ('log_69_3_1', '219328a1-cec6-4e8c-b003-52a3ec9766bb', 'usr_69');
INSERT INTO trabalho.log_acesso VALUES ('log_69_4_1', '219328a1-cec6-4e8c-b003-52a3ec9766bb', 'usr_69');
INSERT INTO trabalho.usuario_esta_inscrito_no_podcast VALUES (0, '7e429e8e-7669-403d-bb78-3cd7f9f75afd', 'usr_69');
INSERT INTO trabalho.comentarios_podcast_usuario VALUES ('comment_69_0_2', 'Sit ut sunt consequuntur.', '7e429e8e-7669-403d-bb78-3cd7f9f75afd', 'usr_69');
INSERT INTO trabalho.comentarios_podcast_usuario VALUES ('comment_69_1_2', 'Est omnis et ipsum.', '7e429e8e-7669-403d-bb78-3cd7f9f75afd', 'usr_69');
INSERT INTO trabalho.log_acesso VALUES ('log_69_0_2', '7e429e8e-7669-403d-bb78-3cd7f9f75afd', 'usr_69');
INSERT INTO trabalho.log_acesso VALUES ('log_69_1_2', '7e429e8e-7669-403d-bb78-3cd7f9f75afd', 'usr_69');
INSERT INTO trabalho.usuario VALUES ('usr_70', '70_Bencio.Pereira@hotmail.com', 'Benício Pereira', 'male', 47, 'password', 'República Dominicana');
INSERT INTO trabalho.usuario_esta_inscrito_no_podcast VALUES (1, 'fa3abe16-3645-4d22-a01d-893e6f20c408', 'usr_70');
INSERT INTO trabalho.comentarios_podcast_usuario VALUES ('comment_70_0_0', 'Inventore nulla molestiae vel.', 'fa3abe16-3645-4d22-a01d-893e6f20c408', 'usr_70');
INSERT INTO trabalho.comentarios_podcast_usuario VALUES ('comment_70_1_0', 'Dolorem eligendi facilis laboriosam ducimus voluptatibus non nihil.', 'fa3abe16-3645-4d22-a01d-893e6f20c408', 'usr_70');
INSERT INTO trabalho.comentarios_podcast_usuario VALUES ('comment_70_2_0', 'Velit voluptas culpa est et odio autem aut.', 'fa3abe16-3645-4d22-a01d-893e6f20c408', 'usr_70');
INSERT INTO trabalho.comentarios_podcast_usuario VALUES ('comment_70_3_0', 'Qui illum placeat laborum aut voluptatem sapiente sint blanditiis.', 'fa3abe16-3645-4d22-a01d-893e6f20c408', 'usr_70');
INSERT INTO trabalho.log_acesso VALUES ('log_70_0_0', 'fa3abe16-3645-4d22-a01d-893e6f20c408', 'usr_70');
INSERT INTO trabalho.log_acesso VALUES ('log_70_1_0', 'fa3abe16-3645-4d22-a01d-893e6f20c408', 'usr_70');
INSERT INTO trabalho.log_acesso VALUES ('log_70_2_0', 'fa3abe16-3645-4d22-a01d-893e6f20c408', 'usr_70');
INSERT INTO trabalho.usuario_esta_inscrito_no_podcast VALUES (2, 'af46a958-b921-47b6-9f87-5c4fdc68ea79', 'usr_70');
INSERT INTO trabalho.comentarios_podcast_usuario VALUES ('comment_70_0_1', 'Illo commodi ut sit.', 'af46a958-b921-47b6-9f87-5c4fdc68ea79', 'usr_70');
INSERT INTO trabalho.comentarios_podcast_usuario VALUES ('comment_70_1_1', 'Quam saepe iusto sapiente.', 'af46a958-b921-47b6-9f87-5c4fdc68ea79', 'usr_70');
INSERT INTO trabalho.comentarios_podcast_usuario VALUES ('comment_70_2_1', 'Totam ut et.', 'af46a958-b921-47b6-9f87-5c4fdc68ea79', 'usr_70');
INSERT INTO trabalho.comentarios_podcast_usuario VALUES ('comment_70_3_1', 'Similique veritatis doloremque incidunt ut natus et cum sapiente quia.', 'af46a958-b921-47b6-9f87-5c4fdc68ea79', 'usr_70');
INSERT INTO trabalho.log_acesso VALUES ('log_70_0_1', 'af46a958-b921-47b6-9f87-5c4fdc68ea79', 'usr_70');
INSERT INTO trabalho.log_acesso VALUES ('log_70_1_1', 'af46a958-b921-47b6-9f87-5c4fdc68ea79', 'usr_70');
INSERT INTO trabalho.log_acesso VALUES ('log_70_2_1', 'af46a958-b921-47b6-9f87-5c4fdc68ea79', 'usr_70');
INSERT INTO trabalho.usuario_esta_inscrito_no_podcast VALUES (2, 'bc8dac25-793c-4a96-aafc-4ea7020f4f60', 'usr_70');
INSERT INTO trabalho.comentarios_podcast_usuario VALUES ('comment_70_0_2', 'Occaecati est consequatur modi iste cumque.', 'bc8dac25-793c-4a96-aafc-4ea7020f4f60', 'usr_70');
INSERT INTO trabalho.comentarios_podcast_usuario VALUES ('comment_70_1_2', 'Soluta exercitationem et enim at rerum nisi.', 'bc8dac25-793c-4a96-aafc-4ea7020f4f60', 'usr_70');
INSERT INTO trabalho.log_acesso VALUES ('log_70_0_2', 'bc8dac25-793c-4a96-aafc-4ea7020f4f60', 'usr_70');
INSERT INTO trabalho.log_acesso VALUES ('log_70_1_2', 'bc8dac25-793c-4a96-aafc-4ea7020f4f60', 'usr_70');
INSERT INTO trabalho.usuario VALUES ('usr_71', '71_Marli.Reis@hotmail.com', 'Marli Reis', 'female', 33, 'password', 'Ilha do Natal');
INSERT INTO trabalho.usuario_esta_inscrito_no_podcast VALUES (1, '67074e68-bc2f-442b-8af2-7d328b6af6eb', 'usr_71');
INSERT INTO trabalho.comentarios_podcast_usuario VALUES ('comment_71_0_0', 'Consequatur sed vitae labore a a quos.', '67074e68-bc2f-442b-8af2-7d328b6af6eb', 'usr_71');
INSERT INTO trabalho.comentarios_podcast_usuario VALUES ('comment_71_1_0', 'Et voluptas voluptates.', '67074e68-bc2f-442b-8af2-7d328b6af6eb', 'usr_71');
INSERT INTO trabalho.comentarios_podcast_usuario VALUES ('comment_71_2_0', 'Eum assumenda aut eos perspiciatis omnis sunt odio exercitationem sunt.', '67074e68-bc2f-442b-8af2-7d328b6af6eb', 'usr_71');
INSERT INTO trabalho.log_acesso VALUES ('log_71_0_0', '67074e68-bc2f-442b-8af2-7d328b6af6eb', 'usr_71');
INSERT INTO trabalho.log_acesso VALUES ('log_71_1_0', '67074e68-bc2f-442b-8af2-7d328b6af6eb', 'usr_71');
INSERT INTO trabalho.log_acesso VALUES ('log_71_2_0', '67074e68-bc2f-442b-8af2-7d328b6af6eb', 'usr_71');
INSERT INTO trabalho.usuario_esta_inscrito_no_podcast VALUES (0, 'bc8dac25-793c-4a96-aafc-4ea7020f4f60', 'usr_71');
INSERT INTO trabalho.comentarios_podcast_usuario VALUES ('comment_71_0_1', 'Sit quaerat omnis ut nostrum adipisci esse aut et.', 'bc8dac25-793c-4a96-aafc-4ea7020f4f60', 'usr_71');
INSERT INTO trabalho.comentarios_podcast_usuario VALUES ('comment_71_1_1', 'Sed incidunt autem numquam voluptatibus odit velit qui.', 'bc8dac25-793c-4a96-aafc-4ea7020f4f60', 'usr_71');
INSERT INTO trabalho.comentarios_podcast_usuario VALUES ('comment_71_2_1', 'Fugiat harum in.', 'bc8dac25-793c-4a96-aafc-4ea7020f4f60', 'usr_71');
INSERT INTO trabalho.comentarios_podcast_usuario VALUES ('comment_71_3_1', 'Laboriosam dolor totam.', 'bc8dac25-793c-4a96-aafc-4ea7020f4f60', 'usr_71');
INSERT INTO trabalho.log_acesso VALUES ('log_71_0_1', 'bc8dac25-793c-4a96-aafc-4ea7020f4f60', 'usr_71');
INSERT INTO trabalho.log_acesso VALUES ('log_71_1_1', 'bc8dac25-793c-4a96-aafc-4ea7020f4f60', 'usr_71');
INSERT INTO trabalho.log_acesso VALUES ('log_71_2_1', 'bc8dac25-793c-4a96-aafc-4ea7020f4f60', 'usr_71');
INSERT INTO trabalho.log_acesso VALUES ('log_71_3_1', 'bc8dac25-793c-4a96-aafc-4ea7020f4f60', 'usr_71');
INSERT INTO trabalho.usuario_esta_inscrito_no_podcast VALUES (3, 'af46a958-b921-47b6-9f87-5c4fdc68ea79', 'usr_71');
INSERT INTO trabalho.comentarios_podcast_usuario VALUES ('comment_71_0_2', 'Vitae sint sed veniam iusto suscipit quo amet.', 'af46a958-b921-47b6-9f87-5c4fdc68ea79', 'usr_71');
INSERT INTO trabalho.comentarios_podcast_usuario VALUES ('comment_71_1_2', 'Dolores modi et dolores nihil omnis accusamus sed dolor.', 'af46a958-b921-47b6-9f87-5c4fdc68ea79', 'usr_71');
INSERT INTO trabalho.comentarios_podcast_usuario VALUES ('comment_71_2_2', 'Natus quod et fugiat voluptatem molestias quia sed commodi.', 'af46a958-b921-47b6-9f87-5c4fdc68ea79', 'usr_71');
INSERT INTO trabalho.log_acesso VALUES ('log_71_0_2', 'af46a958-b921-47b6-9f87-5c4fdc68ea79', 'usr_71');
INSERT INTO trabalho.log_acesso VALUES ('log_71_1_2', 'af46a958-b921-47b6-9f87-5c4fdc68ea79', 'usr_71');
INSERT INTO trabalho.log_acesso VALUES ('log_71_2_2', 'af46a958-b921-47b6-9f87-5c4fdc68ea79', 'usr_71');
INSERT INTO trabalho.log_acesso VALUES ('log_71_3_2', 'af46a958-b921-47b6-9f87-5c4fdc68ea79', 'usr_71');
INSERT INTO trabalho.usuario VALUES ('usr_72', '72_gor.Moreira@hotmail.com', 'Ígor Moreira', 'male', 8, 'password', 'Suazilândia');
INSERT INTO trabalho.usuario_esta_inscrito_no_podcast VALUES (2, 'f0166bd2-8e4d-4308-b5d7-0b3d627c5dc5', 'usr_72');
INSERT INTO trabalho.comentarios_podcast_usuario VALUES ('comment_72_0_0', 'Corporis accusantium beatae velit a quos rerum.', 'f0166bd2-8e4d-4308-b5d7-0b3d627c5dc5', 'usr_72');
INSERT INTO trabalho.comentarios_podcast_usuario VALUES ('comment_72_1_0', 'Reiciendis aut sit fuga sed expedita nostrum eum.', 'f0166bd2-8e4d-4308-b5d7-0b3d627c5dc5', 'usr_72');
INSERT INTO trabalho.comentarios_podcast_usuario VALUES ('comment_72_2_0', 'Unde expedita quia sed neque consequuntur quibusdam recusandae labore pariatur.', 'f0166bd2-8e4d-4308-b5d7-0b3d627c5dc5', 'usr_72');
INSERT INTO trabalho.comentarios_podcast_usuario VALUES ('comment_72_3_0', 'Molestias inventore sed autem suscipit.', 'f0166bd2-8e4d-4308-b5d7-0b3d627c5dc5', 'usr_72');
INSERT INTO trabalho.log_acesso VALUES ('log_72_0_0', 'f0166bd2-8e4d-4308-b5d7-0b3d627c5dc5', 'usr_72');
INSERT INTO trabalho.log_acesso VALUES ('log_72_1_0', 'f0166bd2-8e4d-4308-b5d7-0b3d627c5dc5', 'usr_72');
INSERT INTO trabalho.log_acesso VALUES ('log_72_2_0', 'f0166bd2-8e4d-4308-b5d7-0b3d627c5dc5', 'usr_72');
INSERT INTO trabalho.log_acesso VALUES ('log_72_3_0', 'f0166bd2-8e4d-4308-b5d7-0b3d627c5dc5', 'usr_72');
INSERT INTO trabalho.log_acesso VALUES ('log_72_4_0', 'f0166bd2-8e4d-4308-b5d7-0b3d627c5dc5', 'usr_72');
INSERT INTO trabalho.usuario_esta_inscrito_no_podcast VALUES (2, '67074e68-bc2f-442b-8af2-7d328b6af6eb', 'usr_72');
INSERT INTO trabalho.comentarios_podcast_usuario VALUES ('comment_72_0_1', 'Qui dolores itaque unde molestias itaque.', '67074e68-bc2f-442b-8af2-7d328b6af6eb', 'usr_72');
INSERT INTO trabalho.comentarios_podcast_usuario VALUES ('comment_72_1_1', 'Ullam id fugit non sed doloribus et quia minima.', '67074e68-bc2f-442b-8af2-7d328b6af6eb', 'usr_72');
INSERT INTO trabalho.log_acesso VALUES ('log_72_0_1', '67074e68-bc2f-442b-8af2-7d328b6af6eb', 'usr_72');
INSERT INTO trabalho.log_acesso VALUES ('log_72_1_1', '67074e68-bc2f-442b-8af2-7d328b6af6eb', 'usr_72');
INSERT INTO trabalho.log_acesso VALUES ('log_72_2_1', '67074e68-bc2f-442b-8af2-7d328b6af6eb', 'usr_72');
INSERT INTO trabalho.log_acesso VALUES ('log_72_3_1', '67074e68-bc2f-442b-8af2-7d328b6af6eb', 'usr_72');
INSERT INTO trabalho.log_acesso VALUES ('log_72_4_1', '67074e68-bc2f-442b-8af2-7d328b6af6eb', 'usr_72');
INSERT INTO trabalho.log_acesso VALUES ('log_72_5_1', '67074e68-bc2f-442b-8af2-7d328b6af6eb', 'usr_72');
INSERT INTO trabalho.log_acesso VALUES ('log_72_6_1', '67074e68-bc2f-442b-8af2-7d328b6af6eb', 'usr_72');
INSERT INTO trabalho.usuario_esta_inscrito_no_podcast VALUES (4, 'fa3abe16-3645-4d22-a01d-893e6f20c408', 'usr_72');
INSERT INTO trabalho.comentarios_podcast_usuario VALUES ('comment_72_0_2', 'Et et dolorum odio quibusdam assumenda at.', 'fa3abe16-3645-4d22-a01d-893e6f20c408', 'usr_72');
INSERT INTO trabalho.comentarios_podcast_usuario VALUES ('comment_72_1_2', 'Repudiandae et ipsa unde quia itaque porro eos ex.', 'fa3abe16-3645-4d22-a01d-893e6f20c408', 'usr_72');
INSERT INTO trabalho.log_acesso VALUES ('log_72_0_2', 'fa3abe16-3645-4d22-a01d-893e6f20c408', 'usr_72');
INSERT INTO trabalho.log_acesso VALUES ('log_72_1_2', 'fa3abe16-3645-4d22-a01d-893e6f20c408', 'usr_72');
INSERT INTO trabalho.log_acesso VALUES ('log_72_2_2', 'fa3abe16-3645-4d22-a01d-893e6f20c408', 'usr_72');
INSERT INTO trabalho.log_acesso VALUES ('log_72_3_2', 'fa3abe16-3645-4d22-a01d-893e6f20c408', 'usr_72');
INSERT INTO trabalho.log_acesso VALUES ('log_72_4_2', 'fa3abe16-3645-4d22-a01d-893e6f20c408', 'usr_72');
INSERT INTO trabalho.usuario VALUES ('usr_73', '73_Murilo.Silva99@bol.com.br', 'Murilo Silva', 'male', 8, 'password', 'Groelândia');
INSERT INTO trabalho.usuario_esta_inscrito_no_podcast VALUES (4, 'bc8dac25-793c-4a96-aafc-4ea7020f4f60', 'usr_73');
INSERT INTO trabalho.comentarios_podcast_usuario VALUES ('comment_73_0_0', 'Modi voluptas cum explicabo suscipit rerum perspiciatis.', 'bc8dac25-793c-4a96-aafc-4ea7020f4f60', 'usr_73');
INSERT INTO trabalho.comentarios_podcast_usuario VALUES ('comment_73_1_0', 'Ad velit mollitia nesciunt inventore quod voluptate.', 'bc8dac25-793c-4a96-aafc-4ea7020f4f60', 'usr_73');
INSERT INTO trabalho.comentarios_podcast_usuario VALUES ('comment_73_2_0', 'Natus veniam ullam non unde voluptatum.', 'bc8dac25-793c-4a96-aafc-4ea7020f4f60', 'usr_73');
INSERT INTO trabalho.comentarios_podcast_usuario VALUES ('comment_73_3_0', 'Exercitationem eveniet saepe minus totam dicta error.', 'bc8dac25-793c-4a96-aafc-4ea7020f4f60', 'usr_73');
INSERT INTO trabalho.log_acesso VALUES ('log_73_0_0', 'bc8dac25-793c-4a96-aafc-4ea7020f4f60', 'usr_73');
INSERT INTO trabalho.log_acesso VALUES ('log_73_1_0', 'bc8dac25-793c-4a96-aafc-4ea7020f4f60', 'usr_73');
INSERT INTO trabalho.log_acesso VALUES ('log_73_2_0', 'bc8dac25-793c-4a96-aafc-4ea7020f4f60', 'usr_73');
INSERT INTO trabalho.log_acesso VALUES ('log_73_3_0', 'bc8dac25-793c-4a96-aafc-4ea7020f4f60', 'usr_73');
INSERT INTO trabalho.usuario_esta_inscrito_no_podcast VALUES (4, 'f8e13774-d631-4f34-93f0-2f5d55590265', 'usr_73');
INSERT INTO trabalho.comentarios_podcast_usuario VALUES ('comment_73_0_1', 'Sit nesciunt et molestiae aut sapiente neque.', 'f8e13774-d631-4f34-93f0-2f5d55590265', 'usr_73');
INSERT INTO trabalho.comentarios_podcast_usuario VALUES ('comment_73_1_1', 'Quibusdam soluta aliquid similique inventore.', 'f8e13774-d631-4f34-93f0-2f5d55590265', 'usr_73');
INSERT INTO trabalho.comentarios_podcast_usuario VALUES ('comment_73_2_1', 'Qui incidunt rerum quo vero hic ut.', 'f8e13774-d631-4f34-93f0-2f5d55590265', 'usr_73');
INSERT INTO trabalho.log_acesso VALUES ('log_73_0_1', 'f8e13774-d631-4f34-93f0-2f5d55590265', 'usr_73');
INSERT INTO trabalho.log_acesso VALUES ('log_73_1_1', 'f8e13774-d631-4f34-93f0-2f5d55590265', 'usr_73');
INSERT INTO trabalho.log_acesso VALUES ('log_73_2_1', 'f8e13774-d631-4f34-93f0-2f5d55590265', 'usr_73');
INSERT INTO trabalho.log_acesso VALUES ('log_73_3_1', 'f8e13774-d631-4f34-93f0-2f5d55590265', 'usr_73');
INSERT INTO trabalho.log_acesso VALUES ('log_73_4_1', 'f8e13774-d631-4f34-93f0-2f5d55590265', 'usr_73');
INSERT INTO trabalho.usuario_esta_inscrito_no_podcast VALUES (0, '168c1536-4c42-4b8f-8c77-f06affefec6a', 'usr_73');
INSERT INTO trabalho.comentarios_podcast_usuario VALUES ('comment_73_0_2', 'Inventore sequi perspiciatis aut.', '168c1536-4c42-4b8f-8c77-f06affefec6a', 'usr_73');
INSERT INTO trabalho.comentarios_podcast_usuario VALUES ('comment_73_1_2', 'Voluptatum et voluptas dignissimos rerum esse.', '168c1536-4c42-4b8f-8c77-f06affefec6a', 'usr_73');
INSERT INTO trabalho.comentarios_podcast_usuario VALUES ('comment_73_2_2', 'Earum esse occaecati id quo quae quia.', '168c1536-4c42-4b8f-8c77-f06affefec6a', 'usr_73');
INSERT INTO trabalho.log_acesso VALUES ('log_73_0_2', '168c1536-4c42-4b8f-8c77-f06affefec6a', 'usr_73');
INSERT INTO trabalho.log_acesso VALUES ('log_73_1_2', '168c1536-4c42-4b8f-8c77-f06affefec6a', 'usr_73');
INSERT INTO trabalho.log_acesso VALUES ('log_73_2_2', '168c1536-4c42-4b8f-8c77-f06affefec6a', 'usr_73');
INSERT INTO trabalho.log_acesso VALUES ('log_73_3_2', '168c1536-4c42-4b8f-8c77-f06affefec6a', 'usr_73');
INSERT INTO trabalho.log_acesso VALUES ('log_73_4_2', '168c1536-4c42-4b8f-8c77-f06affefec6a', 'usr_73');
INSERT INTO trabalho.usuario VALUES ('usr_74', '74_Gabriel_Silva@live.com', 'Gabriel Silva', 'male', 57, 'password', 'Marianas Setentrionais');
INSERT INTO trabalho.usuario_esta_inscrito_no_podcast VALUES (4, '168c1536-4c42-4b8f-8c77-f06affefec6a', 'usr_74');
INSERT INTO trabalho.comentarios_podcast_usuario VALUES ('comment_74_0_0', 'Assumenda nihil est dolore architecto eius.', '168c1536-4c42-4b8f-8c77-f06affefec6a', 'usr_74');
INSERT INTO trabalho.log_acesso VALUES ('log_74_0_0', '168c1536-4c42-4b8f-8c77-f06affefec6a', 'usr_74');
INSERT INTO trabalho.log_acesso VALUES ('log_74_1_0', '168c1536-4c42-4b8f-8c77-f06affefec6a', 'usr_74');
INSERT INTO trabalho.log_acesso VALUES ('log_74_2_0', '168c1536-4c42-4b8f-8c77-f06affefec6a', 'usr_74');
INSERT INTO trabalho.usuario_esta_inscrito_no_podcast VALUES (1, 'af46a958-b921-47b6-9f87-5c4fdc68ea79', 'usr_74');
INSERT INTO trabalho.comentarios_podcast_usuario VALUES ('comment_74_0_1', 'Illo non sunt tempore blanditiis.', 'af46a958-b921-47b6-9f87-5c4fdc68ea79', 'usr_74');
INSERT INTO trabalho.comentarios_podcast_usuario VALUES ('comment_74_1_1', 'Animi ut fugit necessitatibus doloribus corrupti ab omnis facere.', 'af46a958-b921-47b6-9f87-5c4fdc68ea79', 'usr_74');
INSERT INTO trabalho.comentarios_podcast_usuario VALUES ('comment_74_2_1', 'Accusantium doloribus qui temporibus.', 'af46a958-b921-47b6-9f87-5c4fdc68ea79', 'usr_74');
INSERT INTO trabalho.log_acesso VALUES ('log_74_0_1', 'af46a958-b921-47b6-9f87-5c4fdc68ea79', 'usr_74');
INSERT INTO trabalho.log_acesso VALUES ('log_74_1_1', 'af46a958-b921-47b6-9f87-5c4fdc68ea79', 'usr_74');
INSERT INTO trabalho.log_acesso VALUES ('log_74_2_1', 'af46a958-b921-47b6-9f87-5c4fdc68ea79', 'usr_74');
INSERT INTO trabalho.log_acesso VALUES ('log_74_3_1', 'af46a958-b921-47b6-9f87-5c4fdc68ea79', 'usr_74');
INSERT INTO trabalho.usuario_esta_inscrito_no_podcast VALUES (0, 'c58b280a-56d4-4ad8-8c85-730e4ea86361', 'usr_74');
INSERT INTO trabalho.comentarios_podcast_usuario VALUES ('comment_74_0_2', 'Repellendus molestias nihil et.', 'c58b280a-56d4-4ad8-8c85-730e4ea86361', 'usr_74');
INSERT INTO trabalho.comentarios_podcast_usuario VALUES ('comment_74_1_2', 'Est accusamus animi ullam accusamus rem.', 'c58b280a-56d4-4ad8-8c85-730e4ea86361', 'usr_74');
INSERT INTO trabalho.comentarios_podcast_usuario VALUES ('comment_74_2_2', 'Tempore tempora modi alias.', 'c58b280a-56d4-4ad8-8c85-730e4ea86361', 'usr_74');
INSERT INTO trabalho.log_acesso VALUES ('log_74_0_2', 'c58b280a-56d4-4ad8-8c85-730e4ea86361', 'usr_74');
INSERT INTO trabalho.log_acesso VALUES ('log_74_1_2', 'c58b280a-56d4-4ad8-8c85-730e4ea86361', 'usr_74');
INSERT INTO trabalho.usuario VALUES ('usr_75', '75_Yuri.Nogueira1@hotmail.com', 'Yuri Nogueira', 'male', 42, 'password', 'Nova Zelândia');
INSERT INTO trabalho.usuario_esta_inscrito_no_podcast VALUES (1, 'f1b92ce7-47a7-43cd-8586-4a09185cdd05', 'usr_75');
INSERT INTO trabalho.comentarios_podcast_usuario VALUES ('comment_75_0_0', 'Sunt exercitationem sed odit eos magni vel at.', 'f1b92ce7-47a7-43cd-8586-4a09185cdd05', 'usr_75');
INSERT INTO trabalho.comentarios_podcast_usuario VALUES ('comment_75_1_0', 'Voluptas rerum molestiae ducimus voluptatem aut dolor.', 'f1b92ce7-47a7-43cd-8586-4a09185cdd05', 'usr_75');
INSERT INTO trabalho.comentarios_podcast_usuario VALUES ('comment_75_2_0', 'Unde est vel voluptas velit doloremque consequuntur iusto.', 'f1b92ce7-47a7-43cd-8586-4a09185cdd05', 'usr_75');
INSERT INTO trabalho.comentarios_podcast_usuario VALUES ('comment_75_3_0', 'Blanditiis accusantium deleniti omnis et distinctio.', 'f1b92ce7-47a7-43cd-8586-4a09185cdd05', 'usr_75');
INSERT INTO trabalho.comentarios_podcast_usuario VALUES ('comment_75_4_0', 'Rerum voluptatum est qui quis voluptate magnam laudantium ut.', 'f1b92ce7-47a7-43cd-8586-4a09185cdd05', 'usr_75');
INSERT INTO trabalho.log_acesso VALUES ('log_75_0_0', 'f1b92ce7-47a7-43cd-8586-4a09185cdd05', 'usr_75');
INSERT INTO trabalho.usuario_esta_inscrito_no_podcast VALUES (1, 'f8e13774-d631-4f34-93f0-2f5d55590265', 'usr_75');
INSERT INTO trabalho.comentarios_podcast_usuario VALUES ('comment_75_0_1', 'Nesciunt nisi dolorem sint facilis assumenda et non.', 'f8e13774-d631-4f34-93f0-2f5d55590265', 'usr_75');
INSERT INTO trabalho.comentarios_podcast_usuario VALUES ('comment_75_1_1', 'Officia consectetur deleniti illum qui.', 'f8e13774-d631-4f34-93f0-2f5d55590265', 'usr_75');
INSERT INTO trabalho.comentarios_podcast_usuario VALUES ('comment_75_2_1', 'Beatae dolor assumenda iste ut sunt temporibus non qui minus.', 'f8e13774-d631-4f34-93f0-2f5d55590265', 'usr_75');
INSERT INTO trabalho.comentarios_podcast_usuario VALUES ('comment_75_3_1', 'Numquam facere sunt eos doloremque rem quia.', 'f8e13774-d631-4f34-93f0-2f5d55590265', 'usr_75');
INSERT INTO trabalho.comentarios_podcast_usuario VALUES ('comment_75_4_1', 'Ut officia iure distinctio optio est.', 'f8e13774-d631-4f34-93f0-2f5d55590265', 'usr_75');
INSERT INTO trabalho.log_acesso VALUES ('log_75_0_1', 'f8e13774-d631-4f34-93f0-2f5d55590265', 'usr_75');
INSERT INTO trabalho.log_acesso VALUES ('log_75_1_1', 'f8e13774-d631-4f34-93f0-2f5d55590265', 'usr_75');
INSERT INTO trabalho.log_acesso VALUES ('log_75_2_1', 'f8e13774-d631-4f34-93f0-2f5d55590265', 'usr_75');
INSERT INTO trabalho.usuario_esta_inscrito_no_podcast VALUES (2, '5bdf7377-8330-4f9f-8efd-e95301c122ce', 'usr_75');
INSERT INTO trabalho.comentarios_podcast_usuario VALUES ('comment_75_0_2', 'Consequatur vel aut molestiae repellendus.', '5bdf7377-8330-4f9f-8efd-e95301c122ce', 'usr_75');
INSERT INTO trabalho.comentarios_podcast_usuario VALUES ('comment_75_1_2', 'Deserunt corporis odit necessitatibus est possimus praesentium et.', '5bdf7377-8330-4f9f-8efd-e95301c122ce', 'usr_75');
INSERT INTO trabalho.log_acesso VALUES ('log_75_0_2', '5bdf7377-8330-4f9f-8efd-e95301c122ce', 'usr_75');
INSERT INTO trabalho.log_acesso VALUES ('log_75_1_2', '5bdf7377-8330-4f9f-8efd-e95301c122ce', 'usr_75');
INSERT INTO trabalho.log_acesso VALUES ('log_75_2_2', '5bdf7377-8330-4f9f-8efd-e95301c122ce', 'usr_75');
INSERT INTO trabalho.log_acesso VALUES ('log_75_3_2', '5bdf7377-8330-4f9f-8efd-e95301c122ce', 'usr_75');
INSERT INTO trabalho.log_acesso VALUES ('log_75_4_2', '5bdf7377-8330-4f9f-8efd-e95301c122ce', 'usr_75');
INSERT INTO trabalho.usuario VALUES ('usr_76', '76_Tho.Albuquerque@live.com', 'Théo Albuquerque', 'male', 9, 'password', 'Angola');
INSERT INTO trabalho.usuario_esta_inscrito_no_podcast VALUES (5, 'af46a958-b921-47b6-9f87-5c4fdc68ea79', 'usr_76');
INSERT INTO trabalho.comentarios_podcast_usuario VALUES ('comment_76_0_0', 'Magnam beatae quia facere.', 'af46a958-b921-47b6-9f87-5c4fdc68ea79', 'usr_76');
INSERT INTO trabalho.comentarios_podcast_usuario VALUES ('comment_76_1_0', 'Enim quis accusamus quia id eum non.', 'af46a958-b921-47b6-9f87-5c4fdc68ea79', 'usr_76');
INSERT INTO trabalho.comentarios_podcast_usuario VALUES ('comment_76_2_0', 'Minima harum omnis enim dolores a omnis.', 'af46a958-b921-47b6-9f87-5c4fdc68ea79', 'usr_76');
INSERT INTO trabalho.log_acesso VALUES ('log_76_0_0', 'af46a958-b921-47b6-9f87-5c4fdc68ea79', 'usr_76');
INSERT INTO trabalho.log_acesso VALUES ('log_76_1_0', 'af46a958-b921-47b6-9f87-5c4fdc68ea79', 'usr_76');
INSERT INTO trabalho.log_acesso VALUES ('log_76_2_0', 'af46a958-b921-47b6-9f87-5c4fdc68ea79', 'usr_76');
INSERT INTO trabalho.usuario_esta_inscrito_no_podcast VALUES (1, 'fa3abe16-3645-4d22-a01d-893e6f20c408', 'usr_76');
INSERT INTO trabalho.comentarios_podcast_usuario VALUES ('comment_76_0_1', 'Repellat aliquid soluta veritatis sit ad quidem quia voluptatem pariatur.', 'fa3abe16-3645-4d22-a01d-893e6f20c408', 'usr_76');
INSERT INTO trabalho.comentarios_podcast_usuario VALUES ('comment_76_1_1', 'Similique voluptatem dolore dolores in cumque.', 'fa3abe16-3645-4d22-a01d-893e6f20c408', 'usr_76');
INSERT INTO trabalho.comentarios_podcast_usuario VALUES ('comment_76_2_1', 'Ut architecto molestiae dolores quas a distinctio eos.', 'fa3abe16-3645-4d22-a01d-893e6f20c408', 'usr_76');
INSERT INTO trabalho.comentarios_podcast_usuario VALUES ('comment_76_3_1', 'Rerum dolorum non sunt earum.', 'fa3abe16-3645-4d22-a01d-893e6f20c408', 'usr_76');
INSERT INTO trabalho.log_acesso VALUES ('log_76_0_1', 'fa3abe16-3645-4d22-a01d-893e6f20c408', 'usr_76');
INSERT INTO trabalho.log_acesso VALUES ('log_76_1_1', 'fa3abe16-3645-4d22-a01d-893e6f20c408', 'usr_76');
INSERT INTO trabalho.log_acesso VALUES ('log_76_2_1', 'fa3abe16-3645-4d22-a01d-893e6f20c408', 'usr_76');
INSERT INTO trabalho.log_acesso VALUES ('log_76_3_1', 'fa3abe16-3645-4d22-a01d-893e6f20c408', 'usr_76');
INSERT INTO trabalho.log_acesso VALUES ('log_76_4_1', 'fa3abe16-3645-4d22-a01d-893e6f20c408', 'usr_76');
INSERT INTO trabalho.log_acesso VALUES ('log_76_5_1', 'fa3abe16-3645-4d22-a01d-893e6f20c408', 'usr_76');
INSERT INTO trabalho.usuario_esta_inscrito_no_podcast VALUES (1, '168c1536-4c42-4b8f-8c77-f06affefec6a', 'usr_76');
INSERT INTO trabalho.comentarios_podcast_usuario VALUES ('comment_76_0_2', 'Fuga iure eius omnis.', '168c1536-4c42-4b8f-8c77-f06affefec6a', 'usr_76');
INSERT INTO trabalho.comentarios_podcast_usuario VALUES ('comment_76_1_2', 'Aut error soluta sit reiciendis iste sed tenetur assumenda autem.', '168c1536-4c42-4b8f-8c77-f06affefec6a', 'usr_76');
INSERT INTO trabalho.comentarios_podcast_usuario VALUES ('comment_76_2_2', 'Harum et excepturi et in necessitatibus aut a quibusdam.', '168c1536-4c42-4b8f-8c77-f06affefec6a', 'usr_76');
INSERT INTO trabalho.log_acesso VALUES ('log_76_0_2', '168c1536-4c42-4b8f-8c77-f06affefec6a', 'usr_76');
INSERT INTO trabalho.log_acesso VALUES ('log_76_1_2', '168c1536-4c42-4b8f-8c77-f06affefec6a', 'usr_76');
INSERT INTO trabalho.log_acesso VALUES ('log_76_2_2', '168c1536-4c42-4b8f-8c77-f06affefec6a', 'usr_76');
INSERT INTO trabalho.log_acesso VALUES ('log_76_3_2', '168c1536-4c42-4b8f-8c77-f06affefec6a', 'usr_76');
INSERT INTO trabalho.usuario VALUES ('usr_77', '77_Mrcia_Silva92@bol.com.br', 'Márcia Silva', 'female', 19, 'password', 'Reino Unido');
INSERT INTO trabalho.usuario_esta_inscrito_no_podcast VALUES (2, 'af46a958-b921-47b6-9f87-5c4fdc68ea79', 'usr_77');
INSERT INTO trabalho.comentarios_podcast_usuario VALUES ('comment_77_0_0', 'Quasi fugiat non architecto.', 'af46a958-b921-47b6-9f87-5c4fdc68ea79', 'usr_77');
INSERT INTO trabalho.comentarios_podcast_usuario VALUES ('comment_77_1_0', 'Ratione sunt illum.', 'af46a958-b921-47b6-9f87-5c4fdc68ea79', 'usr_77');
INSERT INTO trabalho.comentarios_podcast_usuario VALUES ('comment_77_2_0', 'Et vel eligendi in.', 'af46a958-b921-47b6-9f87-5c4fdc68ea79', 'usr_77');
INSERT INTO trabalho.comentarios_podcast_usuario VALUES ('comment_77_3_0', 'Iure facere eos temporibus architecto aperiam tenetur id sequi.', 'af46a958-b921-47b6-9f87-5c4fdc68ea79', 'usr_77');
INSERT INTO trabalho.log_acesso VALUES ('log_77_0_0', 'af46a958-b921-47b6-9f87-5c4fdc68ea79', 'usr_77');
INSERT INTO trabalho.log_acesso VALUES ('log_77_1_0', 'af46a958-b921-47b6-9f87-5c4fdc68ea79', 'usr_77');
INSERT INTO trabalho.usuario_esta_inscrito_no_podcast VALUES (4, 'f1b92ce7-47a7-43cd-8586-4a09185cdd05', 'usr_77');
INSERT INTO trabalho.comentarios_podcast_usuario VALUES ('comment_77_0_1', 'Perferendis aperiam at accusamus et qui dolorum impedit at.', 'f1b92ce7-47a7-43cd-8586-4a09185cdd05', 'usr_77');
INSERT INTO trabalho.comentarios_podcast_usuario VALUES ('comment_77_1_1', 'Autem et praesentium earum.', 'f1b92ce7-47a7-43cd-8586-4a09185cdd05', 'usr_77');
INSERT INTO trabalho.log_acesso VALUES ('log_77_0_1', 'f1b92ce7-47a7-43cd-8586-4a09185cdd05', 'usr_77');
INSERT INTO trabalho.log_acesso VALUES ('log_77_1_1', 'f1b92ce7-47a7-43cd-8586-4a09185cdd05', 'usr_77');
INSERT INTO trabalho.log_acesso VALUES ('log_77_2_1', 'f1b92ce7-47a7-43cd-8586-4a09185cdd05', 'usr_77');
INSERT INTO trabalho.log_acesso VALUES ('log_77_3_1', 'f1b92ce7-47a7-43cd-8586-4a09185cdd05', 'usr_77');
INSERT INTO trabalho.usuario_esta_inscrito_no_podcast VALUES (5, '67074e68-bc2f-442b-8af2-7d328b6af6eb', 'usr_77');
INSERT INTO trabalho.comentarios_podcast_usuario VALUES ('comment_77_0_2', 'Et harum minima.', '67074e68-bc2f-442b-8af2-7d328b6af6eb', 'usr_77');
INSERT INTO trabalho.comentarios_podcast_usuario VALUES ('comment_77_1_2', 'Recusandae fugiat dolor nobis eveniet soluta accusamus quo.', '67074e68-bc2f-442b-8af2-7d328b6af6eb', 'usr_77');
INSERT INTO trabalho.comentarios_podcast_usuario VALUES ('comment_77_2_2', 'Accusamus omnis aut et.', '67074e68-bc2f-442b-8af2-7d328b6af6eb', 'usr_77');
INSERT INTO trabalho.comentarios_podcast_usuario VALUES ('comment_77_3_2', 'Voluptatum dolorem fugit qui quibusdam omnis earum quis.', '67074e68-bc2f-442b-8af2-7d328b6af6eb', 'usr_77');
INSERT INTO trabalho.log_acesso VALUES ('log_77_0_2', '67074e68-bc2f-442b-8af2-7d328b6af6eb', 'usr_77');
INSERT INTO trabalho.log_acesso VALUES ('log_77_1_2', '67074e68-bc2f-442b-8af2-7d328b6af6eb', 'usr_77');
INSERT INTO trabalho.usuario VALUES ('usr_78', '78_Anthony.Batista@bol.com.br', 'Anthony Batista', 'male', 35, 'password', 'Ilhas Salomão');
INSERT INTO trabalho.usuario_esta_inscrito_no_podcast VALUES (2, '168c1536-4c42-4b8f-8c77-f06affefec6a', 'usr_78');
INSERT INTO trabalho.comentarios_podcast_usuario VALUES ('comment_78_0_0', 'In voluptatum optio blanditiis voluptate quia ab sapiente quia id.', '168c1536-4c42-4b8f-8c77-f06affefec6a', 'usr_78');
INSERT INTO trabalho.comentarios_podcast_usuario VALUES ('comment_78_1_0', 'Consequatur omnis nulla rerum ducimus quo adipisci.', '168c1536-4c42-4b8f-8c77-f06affefec6a', 'usr_78');
INSERT INTO trabalho.log_acesso VALUES ('log_78_0_0', '168c1536-4c42-4b8f-8c77-f06affefec6a', 'usr_78');
INSERT INTO trabalho.log_acesso VALUES ('log_78_1_0', '168c1536-4c42-4b8f-8c77-f06affefec6a', 'usr_78');
INSERT INTO trabalho.log_acesso VALUES ('log_78_2_0', '168c1536-4c42-4b8f-8c77-f06affefec6a', 'usr_78');
INSERT INTO trabalho.log_acesso VALUES ('log_78_3_0', '168c1536-4c42-4b8f-8c77-f06affefec6a', 'usr_78');
INSERT INTO trabalho.usuario_esta_inscrito_no_podcast VALUES (2, 'f1b92ce7-47a7-43cd-8586-4a09185cdd05', 'usr_78');
INSERT INTO trabalho.comentarios_podcast_usuario VALUES ('comment_78_0_1', 'Eveniet rerum est sapiente animi quod et omnis.', 'f1b92ce7-47a7-43cd-8586-4a09185cdd05', 'usr_78');
INSERT INTO trabalho.comentarios_podcast_usuario VALUES ('comment_78_1_1', 'Dicta qui doloribus inventore.', 'f1b92ce7-47a7-43cd-8586-4a09185cdd05', 'usr_78');
INSERT INTO trabalho.comentarios_podcast_usuario VALUES ('comment_78_2_1', 'Eius cum autem quia itaque et soluta et.', 'f1b92ce7-47a7-43cd-8586-4a09185cdd05', 'usr_78');
INSERT INTO trabalho.comentarios_podcast_usuario VALUES ('comment_78_3_1', 'Rem molestias similique sit magnam maiores optio et maxime quod.', 'f1b92ce7-47a7-43cd-8586-4a09185cdd05', 'usr_78');
INSERT INTO trabalho.log_acesso VALUES ('log_78_0_1', 'f1b92ce7-47a7-43cd-8586-4a09185cdd05', 'usr_78');
INSERT INTO trabalho.log_acesso VALUES ('log_78_1_1', 'f1b92ce7-47a7-43cd-8586-4a09185cdd05', 'usr_78');
INSERT INTO trabalho.usuario_esta_inscrito_no_podcast VALUES (4, 'c58b280a-56d4-4ad8-8c85-730e4ea86361', 'usr_78');
INSERT INTO trabalho.comentarios_podcast_usuario VALUES ('comment_78_0_2', 'Libero atque hic voluptas quasi atque.', 'c58b280a-56d4-4ad8-8c85-730e4ea86361', 'usr_78');
INSERT INTO trabalho.comentarios_podcast_usuario VALUES ('comment_78_1_2', 'Enim aut suscipit eos veritatis placeat.', 'c58b280a-56d4-4ad8-8c85-730e4ea86361', 'usr_78');
INSERT INTO trabalho.comentarios_podcast_usuario VALUES ('comment_78_2_2', 'Exercitationem cum aut voluptas.', 'c58b280a-56d4-4ad8-8c85-730e4ea86361', 'usr_78');
INSERT INTO trabalho.comentarios_podcast_usuario VALUES ('comment_78_3_2', 'Ipsum voluptate voluptatibus blanditiis sit.', 'c58b280a-56d4-4ad8-8c85-730e4ea86361', 'usr_78');
INSERT INTO trabalho.log_acesso VALUES ('log_78_0_2', 'c58b280a-56d4-4ad8-8c85-730e4ea86361', 'usr_78');
INSERT INTO trabalho.log_acesso VALUES ('log_78_1_2', 'c58b280a-56d4-4ad8-8c85-730e4ea86361', 'usr_78');
INSERT INTO trabalho.log_acesso VALUES ('log_78_2_2', 'c58b280a-56d4-4ad8-8c85-730e4ea86361', 'usr_78');
INSERT INTO trabalho.log_acesso VALUES ('log_78_3_2', 'c58b280a-56d4-4ad8-8c85-730e4ea86361', 'usr_78');
INSERT INTO trabalho.log_acesso VALUES ('log_78_4_2', 'c58b280a-56d4-4ad8-8c85-730e4ea86361', 'usr_78');
INSERT INTO trabalho.log_acesso VALUES ('log_78_5_2', 'c58b280a-56d4-4ad8-8c85-730e4ea86361', 'usr_78');
INSERT INTO trabalho.usuario VALUES ('usr_79', '79_Felcia.Oliveira@yahoo.com', 'Felícia Oliveira', 'female', 54, 'password', 'Moldávia');
INSERT INTO trabalho.usuario_esta_inscrito_no_podcast VALUES (3, 'f0166bd2-8e4d-4308-b5d7-0b3d627c5dc5', 'usr_79');
INSERT INTO trabalho.comentarios_podcast_usuario VALUES ('comment_79_0_0', 'Ea officiis dolores doloribus aut voluptatem qui et id rerum.', 'f0166bd2-8e4d-4308-b5d7-0b3d627c5dc5', 'usr_79');
INSERT INTO trabalho.comentarios_podcast_usuario VALUES ('comment_79_1_0', 'Est at esse provident et architecto ducimus qui.', 'f0166bd2-8e4d-4308-b5d7-0b3d627c5dc5', 'usr_79');
INSERT INTO trabalho.comentarios_podcast_usuario VALUES ('comment_79_2_0', 'Inventore quasi debitis sed autem.', 'f0166bd2-8e4d-4308-b5d7-0b3d627c5dc5', 'usr_79');
INSERT INTO trabalho.comentarios_podcast_usuario VALUES ('comment_79_3_0', 'Autem architecto rerum eos rerum.', 'f0166bd2-8e4d-4308-b5d7-0b3d627c5dc5', 'usr_79');
INSERT INTO trabalho.comentarios_podcast_usuario VALUES ('comment_79_4_0', 'Perferendis praesentium quaerat architecto explicabo sit iste voluptatem tempore fugit.', 'f0166bd2-8e4d-4308-b5d7-0b3d627c5dc5', 'usr_79');
INSERT INTO trabalho.comentarios_podcast_usuario VALUES ('comment_79_5_0', 'Aut est voluptas consequatur labore dolor dolorem magnam.', 'f0166bd2-8e4d-4308-b5d7-0b3d627c5dc5', 'usr_79');
INSERT INTO trabalho.log_acesso VALUES ('log_79_0_0', 'f0166bd2-8e4d-4308-b5d7-0b3d627c5dc5', 'usr_79');
INSERT INTO trabalho.log_acesso VALUES ('log_79_1_0', 'f0166bd2-8e4d-4308-b5d7-0b3d627c5dc5', 'usr_79');
INSERT INTO trabalho.usuario_esta_inscrito_no_podcast VALUES (0, 'b553d865-8fe2-47de-9a30-10e1dea3bd1d', 'usr_79');
INSERT INTO trabalho.comentarios_podcast_usuario VALUES ('comment_79_0_1', 'Esse optio sequi a voluptas sint amet numquam.', 'b553d865-8fe2-47de-9a30-10e1dea3bd1d', 'usr_79');
INSERT INTO trabalho.log_acesso VALUES ('log_79_0_1', 'b553d865-8fe2-47de-9a30-10e1dea3bd1d', 'usr_79');
INSERT INTO trabalho.log_acesso VALUES ('log_79_1_1', 'b553d865-8fe2-47de-9a30-10e1dea3bd1d', 'usr_79');
INSERT INTO trabalho.log_acesso VALUES ('log_79_2_1', 'b553d865-8fe2-47de-9a30-10e1dea3bd1d', 'usr_79');
INSERT INTO trabalho.log_acesso VALUES ('log_79_3_1', 'b553d865-8fe2-47de-9a30-10e1dea3bd1d', 'usr_79');
INSERT INTO trabalho.log_acesso VALUES ('log_79_4_1', 'b553d865-8fe2-47de-9a30-10e1dea3bd1d', 'usr_79');
INSERT INTO trabalho.usuario_esta_inscrito_no_podcast VALUES (5, 'f1b92ce7-47a7-43cd-8586-4a09185cdd05', 'usr_79');
INSERT INTO trabalho.comentarios_podcast_usuario VALUES ('comment_79_0_2', 'Eum itaque error et totam error voluptatem sit necessitatibus labore.', 'f1b92ce7-47a7-43cd-8586-4a09185cdd05', 'usr_79');
INSERT INTO trabalho.log_acesso VALUES ('log_79_0_2', 'f1b92ce7-47a7-43cd-8586-4a09185cdd05', 'usr_79');
INSERT INTO trabalho.log_acesso VALUES ('log_79_1_2', 'f1b92ce7-47a7-43cd-8586-4a09185cdd05', 'usr_79');
INSERT INTO trabalho.log_acesso VALUES ('log_79_2_2', 'f1b92ce7-47a7-43cd-8586-4a09185cdd05', 'usr_79');
INSERT INTO trabalho.log_acesso VALUES ('log_79_3_2', 'f1b92ce7-47a7-43cd-8586-4a09185cdd05', 'usr_79');
INSERT INTO trabalho.log_acesso VALUES ('log_79_4_2', 'f1b92ce7-47a7-43cd-8586-4a09185cdd05', 'usr_79');
INSERT INTO trabalho.log_acesso VALUES ('log_79_5_2', 'f1b92ce7-47a7-43cd-8586-4a09185cdd05', 'usr_79');
INSERT INTO trabalho.usuario VALUES ('usr_80', '80_Tho.Melo@live.com', 'Théo Melo', 'male', 45, 'password', 'Luxemburgo');
INSERT INTO trabalho.usuario_esta_inscrito_no_podcast VALUES (5, '168c1536-4c42-4b8f-8c77-f06affefec6a', 'usr_80');
INSERT INTO trabalho.comentarios_podcast_usuario VALUES ('comment_80_0_0', 'Aut quasi ut ratione et ab ut.', '168c1536-4c42-4b8f-8c77-f06affefec6a', 'usr_80');
INSERT INTO trabalho.comentarios_podcast_usuario VALUES ('comment_80_1_0', 'In rerum cum.', '168c1536-4c42-4b8f-8c77-f06affefec6a', 'usr_80');
INSERT INTO trabalho.comentarios_podcast_usuario VALUES ('comment_80_2_0', 'Incidunt dolorum nihil porro beatae ducimus numquam totam reiciendis.', '168c1536-4c42-4b8f-8c77-f06affefec6a', 'usr_80');
INSERT INTO trabalho.comentarios_podcast_usuario VALUES ('comment_80_3_0', 'Corporis dolor unde id omnis voluptatem voluptatem quia.', '168c1536-4c42-4b8f-8c77-f06affefec6a', 'usr_80');
INSERT INTO trabalho.comentarios_podcast_usuario VALUES ('comment_80_4_0', 'Incidunt et voluptatem debitis earum.', '168c1536-4c42-4b8f-8c77-f06affefec6a', 'usr_80');
INSERT INTO trabalho.log_acesso VALUES ('log_80_0_0', '168c1536-4c42-4b8f-8c77-f06affefec6a', 'usr_80');
INSERT INTO trabalho.log_acesso VALUES ('log_80_1_0', '168c1536-4c42-4b8f-8c77-f06affefec6a', 'usr_80');
INSERT INTO trabalho.log_acesso VALUES ('log_80_2_0', '168c1536-4c42-4b8f-8c77-f06affefec6a', 'usr_80');
INSERT INTO trabalho.log_acesso VALUES ('log_80_3_0', '168c1536-4c42-4b8f-8c77-f06affefec6a', 'usr_80');
INSERT INTO trabalho.log_acesso VALUES ('log_80_4_0', '168c1536-4c42-4b8f-8c77-f06affefec6a', 'usr_80');
INSERT INTO trabalho.log_acesso VALUES ('log_80_5_0', '168c1536-4c42-4b8f-8c77-f06affefec6a', 'usr_80');
INSERT INTO trabalho.usuario_esta_inscrito_no_podcast VALUES (3, '7e429e8e-7669-403d-bb78-3cd7f9f75afd', 'usr_80');
INSERT INTO trabalho.comentarios_podcast_usuario VALUES ('comment_80_0_1', 'Quia minima iure tenetur aspernatur.', '7e429e8e-7669-403d-bb78-3cd7f9f75afd', 'usr_80');
INSERT INTO trabalho.comentarios_podcast_usuario VALUES ('comment_80_1_1', 'Vero quo dignissimos est similique recusandae tenetur totam odit qui.', '7e429e8e-7669-403d-bb78-3cd7f9f75afd', 'usr_80');
INSERT INTO trabalho.log_acesso VALUES ('log_80_0_1', '7e429e8e-7669-403d-bb78-3cd7f9f75afd', 'usr_80');
INSERT INTO trabalho.log_acesso VALUES ('log_80_1_1', '7e429e8e-7669-403d-bb78-3cd7f9f75afd', 'usr_80');
INSERT INTO trabalho.log_acesso VALUES ('log_80_2_1', '7e429e8e-7669-403d-bb78-3cd7f9f75afd', 'usr_80');
INSERT INTO trabalho.log_acesso VALUES ('log_80_3_1', '7e429e8e-7669-403d-bb78-3cd7f9f75afd', 'usr_80');
INSERT INTO trabalho.log_acesso VALUES ('log_80_4_1', '7e429e8e-7669-403d-bb78-3cd7f9f75afd', 'usr_80');
INSERT INTO trabalho.log_acesso VALUES ('log_80_5_1', '7e429e8e-7669-403d-bb78-3cd7f9f75afd', 'usr_80');
INSERT INTO trabalho.usuario_esta_inscrito_no_podcast VALUES (0, 'fa3abe16-3645-4d22-a01d-893e6f20c408', 'usr_80');
INSERT INTO trabalho.comentarios_podcast_usuario VALUES ('comment_80_0_2', 'Aut quasi quas fuga.', 'fa3abe16-3645-4d22-a01d-893e6f20c408', 'usr_80');
INSERT INTO trabalho.comentarios_podcast_usuario VALUES ('comment_80_1_2', 'Similique at vitae.', 'fa3abe16-3645-4d22-a01d-893e6f20c408', 'usr_80');
INSERT INTO trabalho.comentarios_podcast_usuario VALUES ('comment_80_2_2', 'Ipsa sequi fugit ut beatae occaecati quisquam pariatur deleniti temporibus.', 'fa3abe16-3645-4d22-a01d-893e6f20c408', 'usr_80');
INSERT INTO trabalho.log_acesso VALUES ('log_80_0_2', 'fa3abe16-3645-4d22-a01d-893e6f20c408', 'usr_80');
INSERT INTO trabalho.log_acesso VALUES ('log_80_1_2', 'fa3abe16-3645-4d22-a01d-893e6f20c408', 'usr_80');
INSERT INTO trabalho.log_acesso VALUES ('log_80_2_2', 'fa3abe16-3645-4d22-a01d-893e6f20c408', 'usr_80');
INSERT INTO trabalho.usuario VALUES ('usr_81', '81_Morgana_Moraes@yahoo.com', 'Morgana Moraes', 'female', 3, 'password', 'Argentina');
INSERT INTO trabalho.usuario_esta_inscrito_no_podcast VALUES (0, 'fa3abe16-3645-4d22-a01d-893e6f20c408', 'usr_81');
INSERT INTO trabalho.comentarios_podcast_usuario VALUES ('comment_81_0_0', 'Incidunt aspernatur enim et corrupti aut nisi itaque.', 'fa3abe16-3645-4d22-a01d-893e6f20c408', 'usr_81');
INSERT INTO trabalho.comentarios_podcast_usuario VALUES ('comment_81_1_0', 'Natus delectus nihil minima consequatur.', 'fa3abe16-3645-4d22-a01d-893e6f20c408', 'usr_81');
INSERT INTO trabalho.log_acesso VALUES ('log_81_0_0', 'fa3abe16-3645-4d22-a01d-893e6f20c408', 'usr_81');
INSERT INTO trabalho.log_acesso VALUES ('log_81_1_0', 'fa3abe16-3645-4d22-a01d-893e6f20c408', 'usr_81');
INSERT INTO trabalho.log_acesso VALUES ('log_81_2_0', 'fa3abe16-3645-4d22-a01d-893e6f20c408', 'usr_81');
INSERT INTO trabalho.log_acesso VALUES ('log_81_3_0', 'fa3abe16-3645-4d22-a01d-893e6f20c408', 'usr_81');
INSERT INTO trabalho.usuario_esta_inscrito_no_podcast VALUES (3, '5bdf7377-8330-4f9f-8efd-e95301c122ce', 'usr_81');
INSERT INTO trabalho.comentarios_podcast_usuario VALUES ('comment_81_0_1', 'Reiciendis vel sequi debitis qui sed.', '5bdf7377-8330-4f9f-8efd-e95301c122ce', 'usr_81');
INSERT INTO trabalho.comentarios_podcast_usuario VALUES ('comment_81_1_1', 'Sunt earum nemo labore asperiores odio.', '5bdf7377-8330-4f9f-8efd-e95301c122ce', 'usr_81');
INSERT INTO trabalho.comentarios_podcast_usuario VALUES ('comment_81_2_1', 'Dolor molestiae reprehenderit earum explicabo.', '5bdf7377-8330-4f9f-8efd-e95301c122ce', 'usr_81');
INSERT INTO trabalho.comentarios_podcast_usuario VALUES ('comment_81_3_1', 'Quo sint voluptatem fuga quam illo et ex.', '5bdf7377-8330-4f9f-8efd-e95301c122ce', 'usr_81');
INSERT INTO trabalho.log_acesso VALUES ('log_81_0_1', '5bdf7377-8330-4f9f-8efd-e95301c122ce', 'usr_81');
INSERT INTO trabalho.log_acesso VALUES ('log_81_1_1', '5bdf7377-8330-4f9f-8efd-e95301c122ce', 'usr_81');
INSERT INTO trabalho.log_acesso VALUES ('log_81_2_1', '5bdf7377-8330-4f9f-8efd-e95301c122ce', 'usr_81');
INSERT INTO trabalho.log_acesso VALUES ('log_81_3_1', '5bdf7377-8330-4f9f-8efd-e95301c122ce', 'usr_81');
INSERT INTO trabalho.usuario_esta_inscrito_no_podcast VALUES (2, 'bc8dac25-793c-4a96-aafc-4ea7020f4f60', 'usr_81');
INSERT INTO trabalho.comentarios_podcast_usuario VALUES ('comment_81_0_2', 'Explicabo molestiae amet maiores.', 'bc8dac25-793c-4a96-aafc-4ea7020f4f60', 'usr_81');
INSERT INTO trabalho.comentarios_podcast_usuario VALUES ('comment_81_1_2', 'Nihil nisi ab velit omnis.', 'bc8dac25-793c-4a96-aafc-4ea7020f4f60', 'usr_81');
INSERT INTO trabalho.log_acesso VALUES ('log_81_0_2', 'bc8dac25-793c-4a96-aafc-4ea7020f4f60', 'usr_81');
INSERT INTO trabalho.log_acesso VALUES ('log_81_1_2', 'bc8dac25-793c-4a96-aafc-4ea7020f4f60', 'usr_81');
INSERT INTO trabalho.usuario VALUES ('usr_82', '82_Isaac_Nogueira90@hotmail.com', 'Isaac Nogueira', 'male', 45, 'password', 'Macao');
INSERT INTO trabalho.usuario_esta_inscrito_no_podcast VALUES (1, 'f1b92ce7-47a7-43cd-8586-4a09185cdd05', 'usr_82');
INSERT INTO trabalho.comentarios_podcast_usuario VALUES ('comment_82_0_0', 'In aut illum nostrum molestias aliquid consectetur voluptatem rerum.', 'f1b92ce7-47a7-43cd-8586-4a09185cdd05', 'usr_82');
INSERT INTO trabalho.comentarios_podcast_usuario VALUES ('comment_82_1_0', 'Repellat accusantium similique ut beatae.', 'f1b92ce7-47a7-43cd-8586-4a09185cdd05', 'usr_82');
INSERT INTO trabalho.log_acesso VALUES ('log_82_0_0', 'f1b92ce7-47a7-43cd-8586-4a09185cdd05', 'usr_82');
INSERT INTO trabalho.log_acesso VALUES ('log_82_1_0', 'f1b92ce7-47a7-43cd-8586-4a09185cdd05', 'usr_82');
INSERT INTO trabalho.log_acesso VALUES ('log_82_2_0', 'f1b92ce7-47a7-43cd-8586-4a09185cdd05', 'usr_82');
INSERT INTO trabalho.usuario_esta_inscrito_no_podcast VALUES (0, 'fa3abe16-3645-4d22-a01d-893e6f20c408', 'usr_82');
INSERT INTO trabalho.comentarios_podcast_usuario VALUES ('comment_82_0_1', 'Aut ducimus officiis.', 'fa3abe16-3645-4d22-a01d-893e6f20c408', 'usr_82');
INSERT INTO trabalho.comentarios_podcast_usuario VALUES ('comment_82_1_1', 'Voluptatibus nulla similique qui eaque soluta laborum quibusdam consequuntur.', 'fa3abe16-3645-4d22-a01d-893e6f20c408', 'usr_82');
INSERT INTO trabalho.comentarios_podcast_usuario VALUES ('comment_82_2_1', 'Veritatis explicabo nobis distinctio est eos eum.', 'fa3abe16-3645-4d22-a01d-893e6f20c408', 'usr_82');
INSERT INTO trabalho.log_acesso VALUES ('log_82_0_1', 'fa3abe16-3645-4d22-a01d-893e6f20c408', 'usr_82');
INSERT INTO trabalho.log_acesso VALUES ('log_82_1_1', 'fa3abe16-3645-4d22-a01d-893e6f20c408', 'usr_82');
INSERT INTO trabalho.log_acesso VALUES ('log_82_2_1', 'fa3abe16-3645-4d22-a01d-893e6f20c408', 'usr_82');
INSERT INTO trabalho.log_acesso VALUES ('log_82_3_1', 'fa3abe16-3645-4d22-a01d-893e6f20c408', 'usr_82');
INSERT INTO trabalho.usuario_esta_inscrito_no_podcast VALUES (4, 'af46a958-b921-47b6-9f87-5c4fdc68ea79', 'usr_82');
INSERT INTO trabalho.comentarios_podcast_usuario VALUES ('comment_82_0_2', 'Accusamus totam repudiandae aut est porro est.', 'af46a958-b921-47b6-9f87-5c4fdc68ea79', 'usr_82');
INSERT INTO trabalho.comentarios_podcast_usuario VALUES ('comment_82_1_2', 'Reiciendis doloribus et est voluptatem ad pariatur aut.', 'af46a958-b921-47b6-9f87-5c4fdc68ea79', 'usr_82');
INSERT INTO trabalho.comentarios_podcast_usuario VALUES ('comment_82_2_2', 'Necessitatibus et praesentium magnam amet vero est aut et veniam.', 'af46a958-b921-47b6-9f87-5c4fdc68ea79', 'usr_82');
INSERT INTO trabalho.log_acesso VALUES ('log_82_0_2', 'af46a958-b921-47b6-9f87-5c4fdc68ea79', 'usr_82');
INSERT INTO trabalho.log_acesso VALUES ('log_82_1_2', 'af46a958-b921-47b6-9f87-5c4fdc68ea79', 'usr_82');
INSERT INTO trabalho.log_acesso VALUES ('log_82_2_2', 'af46a958-b921-47b6-9f87-5c4fdc68ea79', 'usr_82');
INSERT INTO trabalho.log_acesso VALUES ('log_82_3_2', 'af46a958-b921-47b6-9f87-5c4fdc68ea79', 'usr_82');
INSERT INTO trabalho.usuario VALUES ('usr_83', '83_Alice_Carvalho@bol.com.br', 'Alice Carvalho', 'female', 23, 'password', 'Guadalupe');
INSERT INTO trabalho.usuario_esta_inscrito_no_podcast VALUES (4, 'bc8dac25-793c-4a96-aafc-4ea7020f4f60', 'usr_83');
INSERT INTO trabalho.comentarios_podcast_usuario VALUES ('comment_83_0_0', 'Magni nihil cupiditate iusto eius.', 'bc8dac25-793c-4a96-aafc-4ea7020f4f60', 'usr_83');
INSERT INTO trabalho.comentarios_podcast_usuario VALUES ('comment_83_1_0', 'Vero labore unde voluptas quia qui aut vel.', 'bc8dac25-793c-4a96-aafc-4ea7020f4f60', 'usr_83');
INSERT INTO trabalho.comentarios_podcast_usuario VALUES ('comment_83_2_0', 'Eligendi consequatur sit et.', 'bc8dac25-793c-4a96-aafc-4ea7020f4f60', 'usr_83');
INSERT INTO trabalho.log_acesso VALUES ('log_83_0_0', 'bc8dac25-793c-4a96-aafc-4ea7020f4f60', 'usr_83');
INSERT INTO trabalho.log_acesso VALUES ('log_83_1_0', 'bc8dac25-793c-4a96-aafc-4ea7020f4f60', 'usr_83');
INSERT INTO trabalho.log_acesso VALUES ('log_83_2_0', 'bc8dac25-793c-4a96-aafc-4ea7020f4f60', 'usr_83');
INSERT INTO trabalho.log_acesso VALUES ('log_83_3_0', 'bc8dac25-793c-4a96-aafc-4ea7020f4f60', 'usr_83');
INSERT INTO trabalho.log_acesso VALUES ('log_83_4_0', 'bc8dac25-793c-4a96-aafc-4ea7020f4f60', 'usr_83');
INSERT INTO trabalho.log_acesso VALUES ('log_83_5_0', 'bc8dac25-793c-4a96-aafc-4ea7020f4f60', 'usr_83');
INSERT INTO trabalho.log_acesso VALUES ('log_83_6_0', 'bc8dac25-793c-4a96-aafc-4ea7020f4f60', 'usr_83');
INSERT INTO trabalho.usuario_esta_inscrito_no_podcast VALUES (5, 'de2f0ddb-9903-436a-a5e2-54224254c818', 'usr_83');
INSERT INTO trabalho.comentarios_podcast_usuario VALUES ('comment_83_0_1', 'Aut magni id vero ipsum quae nisi aut.', 'de2f0ddb-9903-436a-a5e2-54224254c818', 'usr_83');
INSERT INTO trabalho.comentarios_podcast_usuario VALUES ('comment_83_1_1', 'Totam sit similique id sed qui eveniet.', 'de2f0ddb-9903-436a-a5e2-54224254c818', 'usr_83');
INSERT INTO trabalho.log_acesso VALUES ('log_83_0_1', 'de2f0ddb-9903-436a-a5e2-54224254c818', 'usr_83');
INSERT INTO trabalho.log_acesso VALUES ('log_83_1_1', 'de2f0ddb-9903-436a-a5e2-54224254c818', 'usr_83');
INSERT INTO trabalho.log_acesso VALUES ('log_83_2_1', 'de2f0ddb-9903-436a-a5e2-54224254c818', 'usr_83');
INSERT INTO trabalho.usuario_esta_inscrito_no_podcast VALUES (2, '67074e68-bc2f-442b-8af2-7d328b6af6eb', 'usr_83');
INSERT INTO trabalho.comentarios_podcast_usuario VALUES ('comment_83_0_2', 'Et recusandae at et aut minus et beatae sunt voluptatem.', '67074e68-bc2f-442b-8af2-7d328b6af6eb', 'usr_83');
INSERT INTO trabalho.log_acesso VALUES ('log_83_0_2', '67074e68-bc2f-442b-8af2-7d328b6af6eb', 'usr_83');
INSERT INTO trabalho.log_acesso VALUES ('log_83_1_2', '67074e68-bc2f-442b-8af2-7d328b6af6eb', 'usr_83');
INSERT INTO trabalho.log_acesso VALUES ('log_83_2_2', '67074e68-bc2f-442b-8af2-7d328b6af6eb', 'usr_83');
INSERT INTO trabalho.log_acesso VALUES ('log_83_3_2', '67074e68-bc2f-442b-8af2-7d328b6af6eb', 'usr_83');
INSERT INTO trabalho.log_acesso VALUES ('log_83_4_2', '67074e68-bc2f-442b-8af2-7d328b6af6eb', 'usr_83');
INSERT INTO trabalho.usuario VALUES ('usr_84', '84_Calebe.Xavier@yahoo.com', 'Calebe Xavier', 'male', 15, 'password', 'Tonga');
INSERT INTO trabalho.usuario_esta_inscrito_no_podcast VALUES (1, 'bc8dac25-793c-4a96-aafc-4ea7020f4f60', 'usr_84');
INSERT INTO trabalho.comentarios_podcast_usuario VALUES ('comment_84_0_0', 'Assumenda dolor sunt voluptatem qui consequatur sapiente labore.', 'bc8dac25-793c-4a96-aafc-4ea7020f4f60', 'usr_84');
INSERT INTO trabalho.log_acesso VALUES ('log_84_0_0', 'bc8dac25-793c-4a96-aafc-4ea7020f4f60', 'usr_84');
INSERT INTO trabalho.log_acesso VALUES ('log_84_1_0', 'bc8dac25-793c-4a96-aafc-4ea7020f4f60', 'usr_84');
INSERT INTO trabalho.log_acesso VALUES ('log_84_2_0', 'bc8dac25-793c-4a96-aafc-4ea7020f4f60', 'usr_84');
INSERT INTO trabalho.log_acesso VALUES ('log_84_3_0', 'bc8dac25-793c-4a96-aafc-4ea7020f4f60', 'usr_84');
INSERT INTO trabalho.log_acesso VALUES ('log_84_4_0', 'bc8dac25-793c-4a96-aafc-4ea7020f4f60', 'usr_84');
INSERT INTO trabalho.usuario_esta_inscrito_no_podcast VALUES (4, '219328a1-cec6-4e8c-b003-52a3ec9766bb', 'usr_84');
INSERT INTO trabalho.comentarios_podcast_usuario VALUES ('comment_84_0_1', 'Facilis laborum earum iure inventore excepturi ad.', '219328a1-cec6-4e8c-b003-52a3ec9766bb', 'usr_84');
INSERT INTO trabalho.comentarios_podcast_usuario VALUES ('comment_84_1_1', 'Voluptas corrupti aut eius a saepe.', '219328a1-cec6-4e8c-b003-52a3ec9766bb', 'usr_84');
INSERT INTO trabalho.comentarios_podcast_usuario VALUES ('comment_84_2_1', 'A aliquid eligendi repellat.', '219328a1-cec6-4e8c-b003-52a3ec9766bb', 'usr_84');
INSERT INTO trabalho.log_acesso VALUES ('log_84_0_1', '219328a1-cec6-4e8c-b003-52a3ec9766bb', 'usr_84');
INSERT INTO trabalho.log_acesso VALUES ('log_84_1_1', '219328a1-cec6-4e8c-b003-52a3ec9766bb', 'usr_84');
INSERT INTO trabalho.log_acesso VALUES ('log_84_2_1', '219328a1-cec6-4e8c-b003-52a3ec9766bb', 'usr_84');
INSERT INTO trabalho.log_acesso VALUES ('log_84_3_1', '219328a1-cec6-4e8c-b003-52a3ec9766bb', 'usr_84');
INSERT INTO trabalho.usuario_esta_inscrito_no_podcast VALUES (2, '168c1536-4c42-4b8f-8c77-f06affefec6a', 'usr_84');
INSERT INTO trabalho.comentarios_podcast_usuario VALUES ('comment_84_0_2', 'Atque quibusdam labore maiores ipsum harum nihil.', '168c1536-4c42-4b8f-8c77-f06affefec6a', 'usr_84');
INSERT INTO trabalho.comentarios_podcast_usuario VALUES ('comment_84_1_2', 'Nulla sunt porro consequuntur harum vel.', '168c1536-4c42-4b8f-8c77-f06affefec6a', 'usr_84');
INSERT INTO trabalho.comentarios_podcast_usuario VALUES ('comment_84_2_2', 'Ut dolor rerum cupiditate velit.', '168c1536-4c42-4b8f-8c77-f06affefec6a', 'usr_84');
INSERT INTO trabalho.log_acesso VALUES ('log_84_0_2', '168c1536-4c42-4b8f-8c77-f06affefec6a', 'usr_84');
INSERT INTO trabalho.log_acesso VALUES ('log_84_1_2', '168c1536-4c42-4b8f-8c77-f06affefec6a', 'usr_84');
INSERT INTO trabalho.log_acesso VALUES ('log_84_2_2', '168c1536-4c42-4b8f-8c77-f06affefec6a', 'usr_84');
INSERT INTO trabalho.usuario VALUES ('usr_85', '85_Caio_Costa51@live.com', 'Caio Costa', 'male', 25, 'password', 'Coreia do Norte');
INSERT INTO trabalho.usuario_esta_inscrito_no_podcast VALUES (3, 'f0166bd2-8e4d-4308-b5d7-0b3d627c5dc5', 'usr_85');
INSERT INTO trabalho.comentarios_podcast_usuario VALUES ('comment_85_0_0', 'Est quisquam soluta dolorem numquam.', 'f0166bd2-8e4d-4308-b5d7-0b3d627c5dc5', 'usr_85');
INSERT INTO trabalho.comentarios_podcast_usuario VALUES ('comment_85_1_0', 'Ut saepe aut quo eius inventore.', 'f0166bd2-8e4d-4308-b5d7-0b3d627c5dc5', 'usr_85');
INSERT INTO trabalho.log_acesso VALUES ('log_85_0_0', 'f0166bd2-8e4d-4308-b5d7-0b3d627c5dc5', 'usr_85');
INSERT INTO trabalho.log_acesso VALUES ('log_85_1_0', 'f0166bd2-8e4d-4308-b5d7-0b3d627c5dc5', 'usr_85');
INSERT INTO trabalho.log_acesso VALUES ('log_85_2_0', 'f0166bd2-8e4d-4308-b5d7-0b3d627c5dc5', 'usr_85');
INSERT INTO trabalho.usuario_esta_inscrito_no_podcast VALUES (0, '7e429e8e-7669-403d-bb78-3cd7f9f75afd', 'usr_85');
INSERT INTO trabalho.comentarios_podcast_usuario VALUES ('comment_85_0_1', 'Deleniti non at architecto.', '7e429e8e-7669-403d-bb78-3cd7f9f75afd', 'usr_85');
INSERT INTO trabalho.comentarios_podcast_usuario VALUES ('comment_85_1_1', 'Consequuntur rerum omnis officiis placeat.', '7e429e8e-7669-403d-bb78-3cd7f9f75afd', 'usr_85');
INSERT INTO trabalho.comentarios_podcast_usuario VALUES ('comment_85_2_1', 'Sit deleniti quis eius ut.', '7e429e8e-7669-403d-bb78-3cd7f9f75afd', 'usr_85');
INSERT INTO trabalho.comentarios_podcast_usuario VALUES ('comment_85_3_1', 'Enim vel consectetur necessitatibus repellat.', '7e429e8e-7669-403d-bb78-3cd7f9f75afd', 'usr_85');
INSERT INTO trabalho.log_acesso VALUES ('log_85_0_1', '7e429e8e-7669-403d-bb78-3cd7f9f75afd', 'usr_85');
INSERT INTO trabalho.log_acesso VALUES ('log_85_1_1', '7e429e8e-7669-403d-bb78-3cd7f9f75afd', 'usr_85');
INSERT INTO trabalho.log_acesso VALUES ('log_85_2_1', '7e429e8e-7669-403d-bb78-3cd7f9f75afd', 'usr_85');
INSERT INTO trabalho.log_acesso VALUES ('log_85_3_1', '7e429e8e-7669-403d-bb78-3cd7f9f75afd', 'usr_85');
INSERT INTO trabalho.usuario_esta_inscrito_no_podcast VALUES (0, '67074e68-bc2f-442b-8af2-7d328b6af6eb', 'usr_85');
INSERT INTO trabalho.comentarios_podcast_usuario VALUES ('comment_85_0_2', 'Eligendi a et dignissimos voluptatem corporis neque doloremque.', '67074e68-bc2f-442b-8af2-7d328b6af6eb', 'usr_85');
INSERT INTO trabalho.comentarios_podcast_usuario VALUES ('comment_85_1_2', 'Fuga cumque perspiciatis.', '67074e68-bc2f-442b-8af2-7d328b6af6eb', 'usr_85');
INSERT INTO trabalho.comentarios_podcast_usuario VALUES ('comment_85_2_2', 'Inventore ducimus in quas molestias.', '67074e68-bc2f-442b-8af2-7d328b6af6eb', 'usr_85');
INSERT INTO trabalho.comentarios_podcast_usuario VALUES ('comment_85_3_2', 'Provident reiciendis adipisci et cumque consequatur esse et fuga.', '67074e68-bc2f-442b-8af2-7d328b6af6eb', 'usr_85');
INSERT INTO trabalho.comentarios_podcast_usuario VALUES ('comment_85_4_2', 'Fugiat ut accusantium omnis nisi id.', '67074e68-bc2f-442b-8af2-7d328b6af6eb', 'usr_85');
INSERT INTO trabalho.log_acesso VALUES ('log_85_0_2', '67074e68-bc2f-442b-8af2-7d328b6af6eb', 'usr_85');
INSERT INTO trabalho.log_acesso VALUES ('log_85_1_2', '67074e68-bc2f-442b-8af2-7d328b6af6eb', 'usr_85');
INSERT INTO trabalho.log_acesso VALUES ('log_85_2_2', '67074e68-bc2f-442b-8af2-7d328b6af6eb', 'usr_85');
INSERT INTO trabalho.log_acesso VALUES ('log_85_3_2', '67074e68-bc2f-442b-8af2-7d328b6af6eb', 'usr_85');
INSERT INTO trabalho.usuario VALUES ('usr_86', '86_Dalila_Martins@gmail.com', 'Dalila Martins', 'female', 40, 'password', 'Guiana');
INSERT INTO trabalho.usuario_esta_inscrito_no_podcast VALUES (4, 'bc8dac25-793c-4a96-aafc-4ea7020f4f60', 'usr_86');
INSERT INTO trabalho.comentarios_podcast_usuario VALUES ('comment_86_0_0', 'Adipisci omnis aut error minima ut.', 'bc8dac25-793c-4a96-aafc-4ea7020f4f60', 'usr_86');
INSERT INTO trabalho.comentarios_podcast_usuario VALUES ('comment_86_1_0', 'Voluptatem quam sed voluptas cupiditate laudantium quis voluptatem magni.', 'bc8dac25-793c-4a96-aafc-4ea7020f4f60', 'usr_86');
INSERT INTO trabalho.comentarios_podcast_usuario VALUES ('comment_86_2_0', 'Molestias quis animi aut sunt.', 'bc8dac25-793c-4a96-aafc-4ea7020f4f60', 'usr_86');
INSERT INTO trabalho.log_acesso VALUES ('log_86_0_0', 'bc8dac25-793c-4a96-aafc-4ea7020f4f60', 'usr_86');
INSERT INTO trabalho.log_acesso VALUES ('log_86_1_0', 'bc8dac25-793c-4a96-aafc-4ea7020f4f60', 'usr_86');
INSERT INTO trabalho.log_acesso VALUES ('log_86_2_0', 'bc8dac25-793c-4a96-aafc-4ea7020f4f60', 'usr_86');
INSERT INTO trabalho.log_acesso VALUES ('log_86_3_0', 'bc8dac25-793c-4a96-aafc-4ea7020f4f60', 'usr_86');
INSERT INTO trabalho.usuario_esta_inscrito_no_podcast VALUES (4, '219328a1-cec6-4e8c-b003-52a3ec9766bb', 'usr_86');
INSERT INTO trabalho.comentarios_podcast_usuario VALUES ('comment_86_0_1', 'Iste ipsum eius temporibus aut voluptatem at provident ut esse.', '219328a1-cec6-4e8c-b003-52a3ec9766bb', 'usr_86');
INSERT INTO trabalho.log_acesso VALUES ('log_86_0_1', '219328a1-cec6-4e8c-b003-52a3ec9766bb', 'usr_86');
INSERT INTO trabalho.log_acesso VALUES ('log_86_1_1', '219328a1-cec6-4e8c-b003-52a3ec9766bb', 'usr_86');
INSERT INTO trabalho.log_acesso VALUES ('log_86_2_1', '219328a1-cec6-4e8c-b003-52a3ec9766bb', 'usr_86');
INSERT INTO trabalho.usuario_esta_inscrito_no_podcast VALUES (5, 'fa3abe16-3645-4d22-a01d-893e6f20c408', 'usr_86');
INSERT INTO trabalho.comentarios_podcast_usuario VALUES ('comment_86_0_2', 'Dignissimos ad quas praesentium.', 'fa3abe16-3645-4d22-a01d-893e6f20c408', 'usr_86');
INSERT INTO trabalho.comentarios_podcast_usuario VALUES ('comment_86_1_2', 'Dolore id perspiciatis nihil fuga blanditiis.', 'fa3abe16-3645-4d22-a01d-893e6f20c408', 'usr_86');
INSERT INTO trabalho.comentarios_podcast_usuario VALUES ('comment_86_2_2', 'Veniam itaque tenetur saepe sed ut qui.', 'fa3abe16-3645-4d22-a01d-893e6f20c408', 'usr_86');
INSERT INTO trabalho.comentarios_podcast_usuario VALUES ('comment_86_3_2', 'Ut rerum quibusdam delectus et eum ad.', 'fa3abe16-3645-4d22-a01d-893e6f20c408', 'usr_86');
INSERT INTO trabalho.log_acesso VALUES ('log_86_0_2', 'fa3abe16-3645-4d22-a01d-893e6f20c408', 'usr_86');
INSERT INTO trabalho.log_acesso VALUES ('log_86_1_2', 'fa3abe16-3645-4d22-a01d-893e6f20c408', 'usr_86');
INSERT INTO trabalho.log_acesso VALUES ('log_86_2_2', 'fa3abe16-3645-4d22-a01d-893e6f20c408', 'usr_86');
INSERT INTO trabalho.log_acesso VALUES ('log_86_3_2', 'fa3abe16-3645-4d22-a01d-893e6f20c408', 'usr_86');
INSERT INTO trabalho.log_acesso VALUES ('log_86_4_2', 'fa3abe16-3645-4d22-a01d-893e6f20c408', 'usr_86');
INSERT INTO trabalho.usuario VALUES ('usr_87', '87_Tho_Oliveira@gmail.com', 'Théo Oliveira', 'male', 5, 'password', 'Chipre');
INSERT INTO trabalho.usuario_esta_inscrito_no_podcast VALUES (3, 'f8e13774-d631-4f34-93f0-2f5d55590265', 'usr_87');
INSERT INTO trabalho.comentarios_podcast_usuario VALUES ('comment_87_0_0', 'Repellat nesciunt voluptatibus non corrupti tempore laborum doloremque quas.', 'f8e13774-d631-4f34-93f0-2f5d55590265', 'usr_87');
INSERT INTO trabalho.comentarios_podcast_usuario VALUES ('comment_87_1_0', 'Nemo omnis vel eveniet dolor.', 'f8e13774-d631-4f34-93f0-2f5d55590265', 'usr_87');
INSERT INTO trabalho.comentarios_podcast_usuario VALUES ('comment_87_2_0', 'Ut sint rerum maxime quia quia at velit.', 'f8e13774-d631-4f34-93f0-2f5d55590265', 'usr_87');
INSERT INTO trabalho.log_acesso VALUES ('log_87_0_0', 'f8e13774-d631-4f34-93f0-2f5d55590265', 'usr_87');
INSERT INTO trabalho.usuario_esta_inscrito_no_podcast VALUES (5, 'f1b92ce7-47a7-43cd-8586-4a09185cdd05', 'usr_87');
INSERT INTO trabalho.comentarios_podcast_usuario VALUES ('comment_87_0_1', 'Enim aspernatur vero voluptas natus omnis nihil explicabo minima.', 'f1b92ce7-47a7-43cd-8586-4a09185cdd05', 'usr_87');
INSERT INTO trabalho.comentarios_podcast_usuario VALUES ('comment_87_1_1', 'Harum iusto esse dolores.', 'f1b92ce7-47a7-43cd-8586-4a09185cdd05', 'usr_87');
INSERT INTO trabalho.log_acesso VALUES ('log_87_0_1', 'f1b92ce7-47a7-43cd-8586-4a09185cdd05', 'usr_87');
INSERT INTO trabalho.log_acesso VALUES ('log_87_1_1', 'f1b92ce7-47a7-43cd-8586-4a09185cdd05', 'usr_87');
INSERT INTO trabalho.usuario_esta_inscrito_no_podcast VALUES (3, '219328a1-cec6-4e8c-b003-52a3ec9766bb', 'usr_87');
INSERT INTO trabalho.comentarios_podcast_usuario VALUES ('comment_87_0_2', 'Sit consequatur omnis et.', '219328a1-cec6-4e8c-b003-52a3ec9766bb', 'usr_87');
INSERT INTO trabalho.comentarios_podcast_usuario VALUES ('comment_87_1_2', 'Non nihil earum delectus quia ut magni.', '219328a1-cec6-4e8c-b003-52a3ec9766bb', 'usr_87');
INSERT INTO trabalho.comentarios_podcast_usuario VALUES ('comment_87_2_2', 'Debitis occaecati est a quidem earum nesciunt voluptatibus placeat quas.', '219328a1-cec6-4e8c-b003-52a3ec9766bb', 'usr_87');
INSERT INTO trabalho.comentarios_podcast_usuario VALUES ('comment_87_3_2', 'Perspiciatis sit placeat.', '219328a1-cec6-4e8c-b003-52a3ec9766bb', 'usr_87');
INSERT INTO trabalho.log_acesso VALUES ('log_87_0_2', '219328a1-cec6-4e8c-b003-52a3ec9766bb', 'usr_87');
INSERT INTO trabalho.log_acesso VALUES ('log_87_1_2', '219328a1-cec6-4e8c-b003-52a3ec9766bb', 'usr_87');
INSERT INTO trabalho.usuario VALUES ('usr_88', '88_Salvador.Barros23@hotmail.com', 'Salvador Barros', 'male', 2, 'password', 'Luxemburgo');
INSERT INTO trabalho.usuario_esta_inscrito_no_podcast VALUES (3, 'fa3abe16-3645-4d22-a01d-893e6f20c408', 'usr_88');
INSERT INTO trabalho.comentarios_podcast_usuario VALUES ('comment_88_0_0', 'Itaque quas quo blanditiis.', 'fa3abe16-3645-4d22-a01d-893e6f20c408', 'usr_88');
INSERT INTO trabalho.comentarios_podcast_usuario VALUES ('comment_88_1_0', 'Animi quasi voluptas maiores eos.', 'fa3abe16-3645-4d22-a01d-893e6f20c408', 'usr_88');
INSERT INTO trabalho.comentarios_podcast_usuario VALUES ('comment_88_2_0', 'Ab enim ad enim sunt necessitatibus.', 'fa3abe16-3645-4d22-a01d-893e6f20c408', 'usr_88');
INSERT INTO trabalho.log_acesso VALUES ('log_88_0_0', 'fa3abe16-3645-4d22-a01d-893e6f20c408', 'usr_88');
INSERT INTO trabalho.log_acesso VALUES ('log_88_1_0', 'fa3abe16-3645-4d22-a01d-893e6f20c408', 'usr_88');
INSERT INTO trabalho.log_acesso VALUES ('log_88_2_0', 'fa3abe16-3645-4d22-a01d-893e6f20c408', 'usr_88');
INSERT INTO trabalho.log_acesso VALUES ('log_88_3_0', 'fa3abe16-3645-4d22-a01d-893e6f20c408', 'usr_88');
INSERT INTO trabalho.log_acesso VALUES ('log_88_4_0', 'fa3abe16-3645-4d22-a01d-893e6f20c408', 'usr_88');
INSERT INTO trabalho.log_acesso VALUES ('log_88_5_0', 'fa3abe16-3645-4d22-a01d-893e6f20c408', 'usr_88');
INSERT INTO trabalho.usuario_esta_inscrito_no_podcast VALUES (2, 'de2f0ddb-9903-436a-a5e2-54224254c818', 'usr_88');
INSERT INTO trabalho.comentarios_podcast_usuario VALUES ('comment_88_0_1', 'Aut accusamus perferendis ratione expedita aspernatur ut praesentium quae.', 'de2f0ddb-9903-436a-a5e2-54224254c818', 'usr_88');
INSERT INTO trabalho.comentarios_podcast_usuario VALUES ('comment_88_1_1', 'Tempore et sed voluptas dolorem est.', 'de2f0ddb-9903-436a-a5e2-54224254c818', 'usr_88');
INSERT INTO trabalho.comentarios_podcast_usuario VALUES ('comment_88_2_1', 'Iusto autem sequi ut.', 'de2f0ddb-9903-436a-a5e2-54224254c818', 'usr_88');
INSERT INTO trabalho.comentarios_podcast_usuario VALUES ('comment_88_3_1', 'Recusandae iure voluptates et magni quam ut reiciendis quis aut.', 'de2f0ddb-9903-436a-a5e2-54224254c818', 'usr_88');
INSERT INTO trabalho.log_acesso VALUES ('log_88_0_1', 'de2f0ddb-9903-436a-a5e2-54224254c818', 'usr_88');
INSERT INTO trabalho.log_acesso VALUES ('log_88_1_1', 'de2f0ddb-9903-436a-a5e2-54224254c818', 'usr_88');
INSERT INTO trabalho.log_acesso VALUES ('log_88_2_1', 'de2f0ddb-9903-436a-a5e2-54224254c818', 'usr_88');
INSERT INTO trabalho.log_acesso VALUES ('log_88_3_1', 'de2f0ddb-9903-436a-a5e2-54224254c818', 'usr_88');
INSERT INTO trabalho.log_acesso VALUES ('log_88_4_1', 'de2f0ddb-9903-436a-a5e2-54224254c818', 'usr_88');
INSERT INTO trabalho.log_acesso VALUES ('log_88_5_1', 'de2f0ddb-9903-436a-a5e2-54224254c818', 'usr_88');
INSERT INTO trabalho.usuario_esta_inscrito_no_podcast VALUES (0, '219328a1-cec6-4e8c-b003-52a3ec9766bb', 'usr_88');
INSERT INTO trabalho.comentarios_podcast_usuario VALUES ('comment_88_0_2', 'Ut error sit qui.', '219328a1-cec6-4e8c-b003-52a3ec9766bb', 'usr_88');
INSERT INTO trabalho.comentarios_podcast_usuario VALUES ('comment_88_1_2', 'Voluptatem vero molestias soluta perspiciatis vero dolore similique eaque sed.', '219328a1-cec6-4e8c-b003-52a3ec9766bb', 'usr_88');
INSERT INTO trabalho.comentarios_podcast_usuario VALUES ('comment_88_2_2', 'Sed est recusandae sunt explicabo.', '219328a1-cec6-4e8c-b003-52a3ec9766bb', 'usr_88');
INSERT INTO trabalho.log_acesso VALUES ('log_88_0_2', '219328a1-cec6-4e8c-b003-52a3ec9766bb', 'usr_88');
INSERT INTO trabalho.log_acesso VALUES ('log_88_1_2', '219328a1-cec6-4e8c-b003-52a3ec9766bb', 'usr_88');
INSERT INTO trabalho.usuario VALUES ('usr_89', '89_Isabela.Martins@bol.com.br', 'Isabela Martins', 'female', 8, 'password', 'Ilhas Geórgia do Sul e Sandwich do Sul');
INSERT INTO trabalho.usuario_esta_inscrito_no_podcast VALUES (2, 'c58b280a-56d4-4ad8-8c85-730e4ea86361', 'usr_89');
INSERT INTO trabalho.comentarios_podcast_usuario VALUES ('comment_89_0_0', 'Voluptatem ut laboriosam beatae quaerat consectetur nisi sunt fugit.', 'c58b280a-56d4-4ad8-8c85-730e4ea86361', 'usr_89');
INSERT INTO trabalho.comentarios_podcast_usuario VALUES ('comment_89_1_0', 'Est et non a sunt non voluptatem minima.', 'c58b280a-56d4-4ad8-8c85-730e4ea86361', 'usr_89');
INSERT INTO trabalho.log_acesso VALUES ('log_89_0_0', 'c58b280a-56d4-4ad8-8c85-730e4ea86361', 'usr_89');
INSERT INTO trabalho.log_acesso VALUES ('log_89_1_0', 'c58b280a-56d4-4ad8-8c85-730e4ea86361', 'usr_89');
INSERT INTO trabalho.log_acesso VALUES ('log_89_2_0', 'c58b280a-56d4-4ad8-8c85-730e4ea86361', 'usr_89');
INSERT INTO trabalho.log_acesso VALUES ('log_89_3_0', 'c58b280a-56d4-4ad8-8c85-730e4ea86361', 'usr_89');
INSERT INTO trabalho.log_acesso VALUES ('log_89_4_0', 'c58b280a-56d4-4ad8-8c85-730e4ea86361', 'usr_89');
INSERT INTO trabalho.log_acesso VALUES ('log_89_5_0', 'c58b280a-56d4-4ad8-8c85-730e4ea86361', 'usr_89');
INSERT INTO trabalho.log_acesso VALUES ('log_89_6_0', 'c58b280a-56d4-4ad8-8c85-730e4ea86361', 'usr_89');
INSERT INTO trabalho.usuario_esta_inscrito_no_podcast VALUES (3, 'f8e13774-d631-4f34-93f0-2f5d55590265', 'usr_89');
INSERT INTO trabalho.comentarios_podcast_usuario VALUES ('comment_89_0_1', 'Voluptatibus a deleniti eos sit quasi.', 'f8e13774-d631-4f34-93f0-2f5d55590265', 'usr_89');
INSERT INTO trabalho.comentarios_podcast_usuario VALUES ('comment_89_1_1', 'Voluptatem dolores voluptatem quia.', 'f8e13774-d631-4f34-93f0-2f5d55590265', 'usr_89');
INSERT INTO trabalho.log_acesso VALUES ('log_89_0_1', 'f8e13774-d631-4f34-93f0-2f5d55590265', 'usr_89');
INSERT INTO trabalho.log_acesso VALUES ('log_89_1_1', 'f8e13774-d631-4f34-93f0-2f5d55590265', 'usr_89');
INSERT INTO trabalho.log_acesso VALUES ('log_89_2_1', 'f8e13774-d631-4f34-93f0-2f5d55590265', 'usr_89');
INSERT INTO trabalho.log_acesso VALUES ('log_89_3_1', 'f8e13774-d631-4f34-93f0-2f5d55590265', 'usr_89');
INSERT INTO trabalho.log_acesso VALUES ('log_89_4_1', 'f8e13774-d631-4f34-93f0-2f5d55590265', 'usr_89');
INSERT INTO trabalho.log_acesso VALUES ('log_89_5_1', 'f8e13774-d631-4f34-93f0-2f5d55590265', 'usr_89');
INSERT INTO trabalho.usuario_esta_inscrito_no_podcast VALUES (4, 'bc8dac25-793c-4a96-aafc-4ea7020f4f60', 'usr_89');
INSERT INTO trabalho.comentarios_podcast_usuario VALUES ('comment_89_0_2', 'Quisquam aut qui.', 'bc8dac25-793c-4a96-aafc-4ea7020f4f60', 'usr_89');
INSERT INTO trabalho.comentarios_podcast_usuario VALUES ('comment_89_1_2', 'Illum iure ea reiciendis modi.', 'bc8dac25-793c-4a96-aafc-4ea7020f4f60', 'usr_89');
INSERT INTO trabalho.log_acesso VALUES ('log_89_0_2', 'bc8dac25-793c-4a96-aafc-4ea7020f4f60', 'usr_89');
INSERT INTO trabalho.log_acesso VALUES ('log_89_1_2', 'bc8dac25-793c-4a96-aafc-4ea7020f4f60', 'usr_89');
INSERT INTO trabalho.log_acesso VALUES ('log_89_2_2', 'bc8dac25-793c-4a96-aafc-4ea7020f4f60', 'usr_89');
INSERT INTO trabalho.log_acesso VALUES ('log_89_3_2', 'bc8dac25-793c-4a96-aafc-4ea7020f4f60', 'usr_89');
INSERT INTO trabalho.usuario VALUES ('usr_90', '90_Yasmin95@hotmail.com', 'Yasmin Carvalho', 'female', 19, 'password', 'Moçambique');
INSERT INTO trabalho.usuario_esta_inscrito_no_podcast VALUES (0, '67074e68-bc2f-442b-8af2-7d328b6af6eb', 'usr_90');
INSERT INTO trabalho.comentarios_podcast_usuario VALUES ('comment_90_0_0', 'Dolor adipisci ex.', '67074e68-bc2f-442b-8af2-7d328b6af6eb', 'usr_90');
INSERT INTO trabalho.log_acesso VALUES ('log_90_0_0', '67074e68-bc2f-442b-8af2-7d328b6af6eb', 'usr_90');
INSERT INTO trabalho.log_acesso VALUES ('log_90_1_0', '67074e68-bc2f-442b-8af2-7d328b6af6eb', 'usr_90');
INSERT INTO trabalho.log_acesso VALUES ('log_90_2_0', '67074e68-bc2f-442b-8af2-7d328b6af6eb', 'usr_90');
INSERT INTO trabalho.log_acesso VALUES ('log_90_3_0', '67074e68-bc2f-442b-8af2-7d328b6af6eb', 'usr_90');
INSERT INTO trabalho.log_acesso VALUES ('log_90_4_0', '67074e68-bc2f-442b-8af2-7d328b6af6eb', 'usr_90');
INSERT INTO trabalho.log_acesso VALUES ('log_90_5_0', '67074e68-bc2f-442b-8af2-7d328b6af6eb', 'usr_90');
INSERT INTO trabalho.usuario_esta_inscrito_no_podcast VALUES (1, 'f0166bd2-8e4d-4308-b5d7-0b3d627c5dc5', 'usr_90');
INSERT INTO trabalho.comentarios_podcast_usuario VALUES ('comment_90_0_1', 'Aperiam et ullam placeat et nemo numquam.', 'f0166bd2-8e4d-4308-b5d7-0b3d627c5dc5', 'usr_90');
INSERT INTO trabalho.comentarios_podcast_usuario VALUES ('comment_90_1_1', 'Culpa non sapiente magni quae occaecati exercitationem quis est.', 'f0166bd2-8e4d-4308-b5d7-0b3d627c5dc5', 'usr_90');
INSERT INTO trabalho.comentarios_podcast_usuario VALUES ('comment_90_2_1', 'Similique nihil natus ipsum.', 'f0166bd2-8e4d-4308-b5d7-0b3d627c5dc5', 'usr_90');
INSERT INTO trabalho.log_acesso VALUES ('log_90_0_1', 'f0166bd2-8e4d-4308-b5d7-0b3d627c5dc5', 'usr_90');
INSERT INTO trabalho.log_acesso VALUES ('log_90_1_1', 'f0166bd2-8e4d-4308-b5d7-0b3d627c5dc5', 'usr_90');
INSERT INTO trabalho.log_acesso VALUES ('log_90_2_1', 'f0166bd2-8e4d-4308-b5d7-0b3d627c5dc5', 'usr_90');
INSERT INTO trabalho.log_acesso VALUES ('log_90_3_1', 'f0166bd2-8e4d-4308-b5d7-0b3d627c5dc5', 'usr_90');
INSERT INTO trabalho.usuario_esta_inscrito_no_podcast VALUES (2, '168c1536-4c42-4b8f-8c77-f06affefec6a', 'usr_90');
INSERT INTO trabalho.comentarios_podcast_usuario VALUES ('comment_90_0_2', 'Aut pariatur reiciendis sequi et fugit aliquam id aut.', '168c1536-4c42-4b8f-8c77-f06affefec6a', 'usr_90');
INSERT INTO trabalho.comentarios_podcast_usuario VALUES ('comment_90_1_2', 'Voluptas laborum voluptatem.', '168c1536-4c42-4b8f-8c77-f06affefec6a', 'usr_90');
INSERT INTO trabalho.log_acesso VALUES ('log_90_0_2', '168c1536-4c42-4b8f-8c77-f06affefec6a', 'usr_90');
INSERT INTO trabalho.log_acesso VALUES ('log_90_1_2', '168c1536-4c42-4b8f-8c77-f06affefec6a', 'usr_90');
INSERT INTO trabalho.log_acesso VALUES ('log_90_2_2', '168c1536-4c42-4b8f-8c77-f06affefec6a', 'usr_90');
INSERT INTO trabalho.usuario VALUES ('usr_91', '91_Lorraine.Silva3@hotmail.com', 'Lorraine Silva', 'female', 55, 'password', 'Ilhas Caiman');
INSERT INTO trabalho.usuario_esta_inscrito_no_podcast VALUES (4, 'f0166bd2-8e4d-4308-b5d7-0b3d627c5dc5', 'usr_91');
INSERT INTO trabalho.comentarios_podcast_usuario VALUES ('comment_91_0_0', 'Voluptas magnam dolorem.', 'f0166bd2-8e4d-4308-b5d7-0b3d627c5dc5', 'usr_91');
INSERT INTO trabalho.comentarios_podcast_usuario VALUES ('comment_91_1_0', 'Quam enim sed ipsa.', 'f0166bd2-8e4d-4308-b5d7-0b3d627c5dc5', 'usr_91');
INSERT INTO trabalho.comentarios_podcast_usuario VALUES ('comment_91_2_0', 'Consectetur ratione ut sit molestiae minus sint hic.', 'f0166bd2-8e4d-4308-b5d7-0b3d627c5dc5', 'usr_91');
INSERT INTO trabalho.log_acesso VALUES ('log_91_0_0', 'f0166bd2-8e4d-4308-b5d7-0b3d627c5dc5', 'usr_91');
INSERT INTO trabalho.log_acesso VALUES ('log_91_1_0', 'f0166bd2-8e4d-4308-b5d7-0b3d627c5dc5', 'usr_91');
INSERT INTO trabalho.log_acesso VALUES ('log_91_2_0', 'f0166bd2-8e4d-4308-b5d7-0b3d627c5dc5', 'usr_91');
INSERT INTO trabalho.log_acesso VALUES ('log_91_3_0', 'f0166bd2-8e4d-4308-b5d7-0b3d627c5dc5', 'usr_91');
INSERT INTO trabalho.usuario_esta_inscrito_no_podcast VALUES (2, '5bdf7377-8330-4f9f-8efd-e95301c122ce', 'usr_91');
INSERT INTO trabalho.comentarios_podcast_usuario VALUES ('comment_91_0_1', 'Qui et non nihil quia aperiam reiciendis.', '5bdf7377-8330-4f9f-8efd-e95301c122ce', 'usr_91');
INSERT INTO trabalho.comentarios_podcast_usuario VALUES ('comment_91_1_1', 'Aut fuga numquam autem quibusdam provident.', '5bdf7377-8330-4f9f-8efd-e95301c122ce', 'usr_91');
INSERT INTO trabalho.comentarios_podcast_usuario VALUES ('comment_91_2_1', 'Harum deserunt hic nemo tempora voluptas recusandae magnam maxime nulla.', '5bdf7377-8330-4f9f-8efd-e95301c122ce', 'usr_91');
INSERT INTO trabalho.comentarios_podcast_usuario VALUES ('comment_91_3_1', 'Possimus ab laboriosam iusto id.', '5bdf7377-8330-4f9f-8efd-e95301c122ce', 'usr_91');
INSERT INTO trabalho.log_acesso VALUES ('log_91_0_1', '5bdf7377-8330-4f9f-8efd-e95301c122ce', 'usr_91');
INSERT INTO trabalho.log_acesso VALUES ('log_91_1_1', '5bdf7377-8330-4f9f-8efd-e95301c122ce', 'usr_91');
INSERT INTO trabalho.log_acesso VALUES ('log_91_2_1', '5bdf7377-8330-4f9f-8efd-e95301c122ce', 'usr_91');
INSERT INTO trabalho.usuario_esta_inscrito_no_podcast VALUES (0, '219328a1-cec6-4e8c-b003-52a3ec9766bb', 'usr_91');
INSERT INTO trabalho.comentarios_podcast_usuario VALUES ('comment_91_0_2', 'Quos nostrum incidunt aut at est et doloremque praesentium reiciendis.', '219328a1-cec6-4e8c-b003-52a3ec9766bb', 'usr_91');
INSERT INTO trabalho.comentarios_podcast_usuario VALUES ('comment_91_1_2', 'Et ad ipsam voluptas.', '219328a1-cec6-4e8c-b003-52a3ec9766bb', 'usr_91');
INSERT INTO trabalho.comentarios_podcast_usuario VALUES ('comment_91_2_2', 'Similique dignissimos nulla sint.', '219328a1-cec6-4e8c-b003-52a3ec9766bb', 'usr_91');
INSERT INTO trabalho.comentarios_podcast_usuario VALUES ('comment_91_3_2', 'Eveniet voluptates incidunt asperiores eligendi.', '219328a1-cec6-4e8c-b003-52a3ec9766bb', 'usr_91');
INSERT INTO trabalho.comentarios_podcast_usuario VALUES ('comment_91_4_2', 'Illo vel perspiciatis fuga accusantium ut.', '219328a1-cec6-4e8c-b003-52a3ec9766bb', 'usr_91');
INSERT INTO trabalho.comentarios_podcast_usuario VALUES ('comment_91_5_2', 'Non aut maiores labore eum repudiandae temporibus.', '219328a1-cec6-4e8c-b003-52a3ec9766bb', 'usr_91');
INSERT INTO trabalho.log_acesso VALUES ('log_91_0_2', '219328a1-cec6-4e8c-b003-52a3ec9766bb', 'usr_91');
INSERT INTO trabalho.log_acesso VALUES ('log_91_1_2', '219328a1-cec6-4e8c-b003-52a3ec9766bb', 'usr_91');
INSERT INTO trabalho.log_acesso VALUES ('log_91_2_2', '219328a1-cec6-4e8c-b003-52a3ec9766bb', 'usr_91');
INSERT INTO trabalho.log_acesso VALUES ('log_91_3_2', '219328a1-cec6-4e8c-b003-52a3ec9766bb', 'usr_91');
INSERT INTO trabalho.log_acesso VALUES ('log_91_4_2', '219328a1-cec6-4e8c-b003-52a3ec9766bb', 'usr_91');
INSERT INTO trabalho.usuario VALUES ('usr_92', '92_Beatriz_Souza@yahoo.com', 'Beatriz Souza', 'female', 5, 'password', 'Polinésia Francesa');
INSERT INTO trabalho.usuario_esta_inscrito_no_podcast VALUES (5, 'f0166bd2-8e4d-4308-b5d7-0b3d627c5dc5', 'usr_92');
INSERT INTO trabalho.comentarios_podcast_usuario VALUES ('comment_92_0_0', 'Sed aspernatur aspernatur molestiae libero aut ut similique commodi et.', 'f0166bd2-8e4d-4308-b5d7-0b3d627c5dc5', 'usr_92');
INSERT INTO trabalho.log_acesso VALUES ('log_92_0_0', 'f0166bd2-8e4d-4308-b5d7-0b3d627c5dc5', 'usr_92');
INSERT INTO trabalho.log_acesso VALUES ('log_92_1_0', 'f0166bd2-8e4d-4308-b5d7-0b3d627c5dc5', 'usr_92');
INSERT INTO trabalho.usuario_esta_inscrito_no_podcast VALUES (1, '168c1536-4c42-4b8f-8c77-f06affefec6a', 'usr_92');
INSERT INTO trabalho.comentarios_podcast_usuario VALUES ('comment_92_0_1', 'Quia aut libero vel et natus.', '168c1536-4c42-4b8f-8c77-f06affefec6a', 'usr_92');
INSERT INTO trabalho.comentarios_podcast_usuario VALUES ('comment_92_1_1', 'Deleniti qui nesciunt explicabo sit sit incidunt dolorem ipsa.', '168c1536-4c42-4b8f-8c77-f06affefec6a', 'usr_92');
INSERT INTO trabalho.comentarios_podcast_usuario VALUES ('comment_92_2_1', 'Ut libero inventore unde dolorem.', '168c1536-4c42-4b8f-8c77-f06affefec6a', 'usr_92');
INSERT INTO trabalho.comentarios_podcast_usuario VALUES ('comment_92_3_1', 'Ab quo et nihil.', '168c1536-4c42-4b8f-8c77-f06affefec6a', 'usr_92');
INSERT INTO trabalho.comentarios_podcast_usuario VALUES ('comment_92_4_1', 'Quia quae dolorem sed unde sit aut omnis iusto et.', '168c1536-4c42-4b8f-8c77-f06affefec6a', 'usr_92');
INSERT INTO trabalho.comentarios_podcast_usuario VALUES ('comment_92_5_1', 'Et neque repudiandae soluta ipsa dicta sint.', '168c1536-4c42-4b8f-8c77-f06affefec6a', 'usr_92');
INSERT INTO trabalho.log_acesso VALUES ('log_92_0_1', '168c1536-4c42-4b8f-8c77-f06affefec6a', 'usr_92');
INSERT INTO trabalho.log_acesso VALUES ('log_92_1_1', '168c1536-4c42-4b8f-8c77-f06affefec6a', 'usr_92');
INSERT INTO trabalho.log_acesso VALUES ('log_92_2_1', '168c1536-4c42-4b8f-8c77-f06affefec6a', 'usr_92');
INSERT INTO trabalho.usuario_esta_inscrito_no_podcast VALUES (4, '219328a1-cec6-4e8c-b003-52a3ec9766bb', 'usr_92');
INSERT INTO trabalho.comentarios_podcast_usuario VALUES ('comment_92_0_2', 'Nihil iste delectus ut expedita.', '219328a1-cec6-4e8c-b003-52a3ec9766bb', 'usr_92');
INSERT INTO trabalho.comentarios_podcast_usuario VALUES ('comment_92_1_2', 'Fugiat blanditiis soluta et cum ex adipisci veniam.', '219328a1-cec6-4e8c-b003-52a3ec9766bb', 'usr_92');
INSERT INTO trabalho.comentarios_podcast_usuario VALUES ('comment_92_2_2', 'Ea rerum nemo reprehenderit sapiente voluptas nulla.', '219328a1-cec6-4e8c-b003-52a3ec9766bb', 'usr_92');
INSERT INTO trabalho.comentarios_podcast_usuario VALUES ('comment_92_3_2', 'Non ullam ut omnis nulla reiciendis ratione qui voluptatem nulla.', '219328a1-cec6-4e8c-b003-52a3ec9766bb', 'usr_92');
INSERT INTO trabalho.log_acesso VALUES ('log_92_0_2', '219328a1-cec6-4e8c-b003-52a3ec9766bb', 'usr_92');
INSERT INTO trabalho.log_acesso VALUES ('log_92_1_2', '219328a1-cec6-4e8c-b003-52a3ec9766bb', 'usr_92');
INSERT INTO trabalho.log_acesso VALUES ('log_92_2_2', '219328a1-cec6-4e8c-b003-52a3ec9766bb', 'usr_92');
INSERT INTO trabalho.log_acesso VALUES ('log_92_3_2', '219328a1-cec6-4e8c-b003-52a3ec9766bb', 'usr_92');
INSERT INTO trabalho.log_acesso VALUES ('log_92_4_2', '219328a1-cec6-4e8c-b003-52a3ec9766bb', 'usr_92');
INSERT INTO trabalho.usuario VALUES ('usr_93', '93_Bencio_Franco@hotmail.com', 'Benício Franco', 'male', 32, 'password', 'San Marino');
INSERT INTO trabalho.usuario_esta_inscrito_no_podcast VALUES (0, '219328a1-cec6-4e8c-b003-52a3ec9766bb', 'usr_93');
INSERT INTO trabalho.comentarios_podcast_usuario VALUES ('comment_93_0_0', 'Quam quia consequuntur amet.', '219328a1-cec6-4e8c-b003-52a3ec9766bb', 'usr_93');
INSERT INTO trabalho.comentarios_podcast_usuario VALUES ('comment_93_1_0', 'Occaecati tempore et quae sit atque incidunt ratione dignissimos.', '219328a1-cec6-4e8c-b003-52a3ec9766bb', 'usr_93');
INSERT INTO trabalho.comentarios_podcast_usuario VALUES ('comment_93_2_0', 'Ut eos id illo ducimus dolor.', '219328a1-cec6-4e8c-b003-52a3ec9766bb', 'usr_93');
INSERT INTO trabalho.comentarios_podcast_usuario VALUES ('comment_93_3_0', 'Et est omnis blanditiis ducimus qui.', '219328a1-cec6-4e8c-b003-52a3ec9766bb', 'usr_93');
INSERT INTO trabalho.comentarios_podcast_usuario VALUES ('comment_93_4_0', 'Velit non consequatur doloribus labore.', '219328a1-cec6-4e8c-b003-52a3ec9766bb', 'usr_93');
INSERT INTO trabalho.log_acesso VALUES ('log_93_0_0', '219328a1-cec6-4e8c-b003-52a3ec9766bb', 'usr_93');
INSERT INTO trabalho.log_acesso VALUES ('log_93_1_0', '219328a1-cec6-4e8c-b003-52a3ec9766bb', 'usr_93');
INSERT INTO trabalho.log_acesso VALUES ('log_93_2_0', '219328a1-cec6-4e8c-b003-52a3ec9766bb', 'usr_93');
INSERT INTO trabalho.log_acesso VALUES ('log_93_3_0', '219328a1-cec6-4e8c-b003-52a3ec9766bb', 'usr_93');
INSERT INTO trabalho.usuario_esta_inscrito_no_podcast VALUES (1, 'bc8dac25-793c-4a96-aafc-4ea7020f4f60', 'usr_93');
INSERT INTO trabalho.comentarios_podcast_usuario VALUES ('comment_93_0_1', 'Modi adipisci sunt.', 'bc8dac25-793c-4a96-aafc-4ea7020f4f60', 'usr_93');
INSERT INTO trabalho.comentarios_podcast_usuario VALUES ('comment_93_1_1', 'Repellat sit possimus natus blanditiis neque tempore repellendus consequatur adipisci.', 'bc8dac25-793c-4a96-aafc-4ea7020f4f60', 'usr_93');
INSERT INTO trabalho.comentarios_podcast_usuario VALUES ('comment_93_2_1', 'Harum et praesentium quis earum deserunt rerum deserunt.', 'bc8dac25-793c-4a96-aafc-4ea7020f4f60', 'usr_93');
INSERT INTO trabalho.comentarios_podcast_usuario VALUES ('comment_93_3_1', 'Minima dolore dicta.', 'bc8dac25-793c-4a96-aafc-4ea7020f4f60', 'usr_93');
INSERT INTO trabalho.log_acesso VALUES ('log_93_0_1', 'bc8dac25-793c-4a96-aafc-4ea7020f4f60', 'usr_93');
INSERT INTO trabalho.log_acesso VALUES ('log_93_1_1', 'bc8dac25-793c-4a96-aafc-4ea7020f4f60', 'usr_93');
INSERT INTO trabalho.log_acesso VALUES ('log_93_2_1', 'bc8dac25-793c-4a96-aafc-4ea7020f4f60', 'usr_93');
INSERT INTO trabalho.usuario_esta_inscrito_no_podcast VALUES (0, 'de2f0ddb-9903-436a-a5e2-54224254c818', 'usr_93');
INSERT INTO trabalho.comentarios_podcast_usuario VALUES ('comment_93_0_2', 'Placeat ipsam dolorem est fugiat aliquam animi autem eum.', 'de2f0ddb-9903-436a-a5e2-54224254c818', 'usr_93');
INSERT INTO trabalho.comentarios_podcast_usuario VALUES ('comment_93_1_2', 'Atque ut sint.', 'de2f0ddb-9903-436a-a5e2-54224254c818', 'usr_93');
INSERT INTO trabalho.comentarios_podcast_usuario VALUES ('comment_93_2_2', 'Sapiente perspiciatis blanditiis rerum voluptate veniam voluptas soluta.', 'de2f0ddb-9903-436a-a5e2-54224254c818', 'usr_93');
INSERT INTO trabalho.comentarios_podcast_usuario VALUES ('comment_93_3_2', 'Molestiae ut id.', 'de2f0ddb-9903-436a-a5e2-54224254c818', 'usr_93');
INSERT INTO trabalho.comentarios_podcast_usuario VALUES ('comment_93_4_2', 'Recusandae rerum facere nemo doloremque animi.', 'de2f0ddb-9903-436a-a5e2-54224254c818', 'usr_93');
INSERT INTO trabalho.comentarios_podcast_usuario VALUES ('comment_93_5_2', 'Sunt reprehenderit sed aliquid non.', 'de2f0ddb-9903-436a-a5e2-54224254c818', 'usr_93');
INSERT INTO trabalho.log_acesso VALUES ('log_93_0_2', 'de2f0ddb-9903-436a-a5e2-54224254c818', 'usr_93');
INSERT INTO trabalho.log_acesso VALUES ('log_93_1_2', 'de2f0ddb-9903-436a-a5e2-54224254c818', 'usr_93');
INSERT INTO trabalho.log_acesso VALUES ('log_93_2_2', 'de2f0ddb-9903-436a-a5e2-54224254c818', 'usr_93');
INSERT INTO trabalho.log_acesso VALUES ('log_93_3_2', 'de2f0ddb-9903-436a-a5e2-54224254c818', 'usr_93');
INSERT INTO trabalho.log_acesso VALUES ('log_93_4_2', 'de2f0ddb-9903-436a-a5e2-54224254c818', 'usr_93');
INSERT INTO trabalho.log_acesso VALUES ('log_93_5_2', 'de2f0ddb-9903-436a-a5e2-54224254c818', 'usr_93');
INSERT INTO trabalho.usuario VALUES ('usr_94', '94_Flix69@live.com', 'Félix Nogueira', 'male', 7, 'password', 'San Marino');
INSERT INTO trabalho.usuario_esta_inscrito_no_podcast VALUES (4, 'b553d865-8fe2-47de-9a30-10e1dea3bd1d', 'usr_94');
INSERT INTO trabalho.comentarios_podcast_usuario VALUES ('comment_94_0_0', 'Deleniti quia aliquam provident nam doloremque.', 'b553d865-8fe2-47de-9a30-10e1dea3bd1d', 'usr_94');
INSERT INTO trabalho.log_acesso VALUES ('log_94_0_0', 'b553d865-8fe2-47de-9a30-10e1dea3bd1d', 'usr_94');
INSERT INTO trabalho.log_acesso VALUES ('log_94_1_0', 'b553d865-8fe2-47de-9a30-10e1dea3bd1d', 'usr_94');
INSERT INTO trabalho.usuario_esta_inscrito_no_podcast VALUES (0, '7e429e8e-7669-403d-bb78-3cd7f9f75afd', 'usr_94');
INSERT INTO trabalho.comentarios_podcast_usuario VALUES ('comment_94_0_1', 'A omnis molestiae quaerat ducimus cupiditate et ut.', '7e429e8e-7669-403d-bb78-3cd7f9f75afd', 'usr_94');
INSERT INTO trabalho.comentarios_podcast_usuario VALUES ('comment_94_1_1', 'Ut minus modi dolorem voluptatum quia.', '7e429e8e-7669-403d-bb78-3cd7f9f75afd', 'usr_94');
INSERT INTO trabalho.comentarios_podcast_usuario VALUES ('comment_94_2_1', 'Est similique eius dolorem.', '7e429e8e-7669-403d-bb78-3cd7f9f75afd', 'usr_94');
INSERT INTO trabalho.comentarios_podcast_usuario VALUES ('comment_94_3_1', 'Vel ducimus aut fugiat quibusdam necessitatibus possimus modi.', '7e429e8e-7669-403d-bb78-3cd7f9f75afd', 'usr_94');
INSERT INTO trabalho.log_acesso VALUES ('log_94_0_1', '7e429e8e-7669-403d-bb78-3cd7f9f75afd', 'usr_94');
INSERT INTO trabalho.log_acesso VALUES ('log_94_1_1', '7e429e8e-7669-403d-bb78-3cd7f9f75afd', 'usr_94');
INSERT INTO trabalho.log_acesso VALUES ('log_94_2_1', '7e429e8e-7669-403d-bb78-3cd7f9f75afd', 'usr_94');
INSERT INTO trabalho.log_acesso VALUES ('log_94_3_1', '7e429e8e-7669-403d-bb78-3cd7f9f75afd', 'usr_94');
INSERT INTO trabalho.log_acesso VALUES ('log_94_4_1', '7e429e8e-7669-403d-bb78-3cd7f9f75afd', 'usr_94');
INSERT INTO trabalho.log_acesso VALUES ('log_94_5_1', '7e429e8e-7669-403d-bb78-3cd7f9f75afd', 'usr_94');
INSERT INTO trabalho.usuario_esta_inscrito_no_podcast VALUES (5, '5bdf7377-8330-4f9f-8efd-e95301c122ce', 'usr_94');
INSERT INTO trabalho.comentarios_podcast_usuario VALUES ('comment_94_0_2', 'Eum maiores doloremque et tempore dicta perferendis nemo.', '5bdf7377-8330-4f9f-8efd-e95301c122ce', 'usr_94');
INSERT INTO trabalho.comentarios_podcast_usuario VALUES ('comment_94_1_2', 'Voluptatem ut in voluptatibus et.', '5bdf7377-8330-4f9f-8efd-e95301c122ce', 'usr_94');
INSERT INTO trabalho.log_acesso VALUES ('log_94_0_2', '5bdf7377-8330-4f9f-8efd-e95301c122ce', 'usr_94');
INSERT INTO trabalho.log_acesso VALUES ('log_94_1_2', '5bdf7377-8330-4f9f-8efd-e95301c122ce', 'usr_94');
INSERT INTO trabalho.usuario VALUES ('usr_95', '95_Helosa_Xavier@hotmail.com', 'Heloísa Xavier', 'female', 26, 'password', 'Suíça');
INSERT INTO trabalho.usuario_esta_inscrito_no_podcast VALUES (1, 'b553d865-8fe2-47de-9a30-10e1dea3bd1d', 'usr_95');
INSERT INTO trabalho.comentarios_podcast_usuario VALUES ('comment_95_0_0', 'Explicabo nobis sunt modi fugiat.', 'b553d865-8fe2-47de-9a30-10e1dea3bd1d', 'usr_95');
INSERT INTO trabalho.comentarios_podcast_usuario VALUES ('comment_95_1_0', 'Voluptatem aliquid et consequatur voluptatem earum unde qui.', 'b553d865-8fe2-47de-9a30-10e1dea3bd1d', 'usr_95');
INSERT INTO trabalho.log_acesso VALUES ('log_95_0_0', 'b553d865-8fe2-47de-9a30-10e1dea3bd1d', 'usr_95');
INSERT INTO trabalho.log_acesso VALUES ('log_95_1_0', 'b553d865-8fe2-47de-9a30-10e1dea3bd1d', 'usr_95');
INSERT INTO trabalho.log_acesso VALUES ('log_95_2_0', 'b553d865-8fe2-47de-9a30-10e1dea3bd1d', 'usr_95');
INSERT INTO trabalho.usuario_esta_inscrito_no_podcast VALUES (3, 'af46a958-b921-47b6-9f87-5c4fdc68ea79', 'usr_95');
INSERT INTO trabalho.comentarios_podcast_usuario VALUES ('comment_95_0_1', 'Alias possimus omnis ut debitis magni harum sit.', 'af46a958-b921-47b6-9f87-5c4fdc68ea79', 'usr_95');
INSERT INTO trabalho.comentarios_podcast_usuario VALUES ('comment_95_1_1', 'Ut et nostrum iste minus unde eum laboriosam doloremque.', 'af46a958-b921-47b6-9f87-5c4fdc68ea79', 'usr_95');
INSERT INTO trabalho.comentarios_podcast_usuario VALUES ('comment_95_2_1', 'Architecto nesciunt enim ut non suscipit quia.', 'af46a958-b921-47b6-9f87-5c4fdc68ea79', 'usr_95');
INSERT INTO trabalho.comentarios_podcast_usuario VALUES ('comment_95_3_1', 'Inventore qui ut sunt itaque voluptas nostrum amet totam.', 'af46a958-b921-47b6-9f87-5c4fdc68ea79', 'usr_95');
INSERT INTO trabalho.comentarios_podcast_usuario VALUES ('comment_95_4_1', 'Deserunt accusamus consequuntur.', 'af46a958-b921-47b6-9f87-5c4fdc68ea79', 'usr_95');
INSERT INTO trabalho.log_acesso VALUES ('log_95_0_1', 'af46a958-b921-47b6-9f87-5c4fdc68ea79', 'usr_95');
INSERT INTO trabalho.log_acesso VALUES ('log_95_1_1', 'af46a958-b921-47b6-9f87-5c4fdc68ea79', 'usr_95');
INSERT INTO trabalho.log_acesso VALUES ('log_95_2_1', 'af46a958-b921-47b6-9f87-5c4fdc68ea79', 'usr_95');
INSERT INTO trabalho.usuario_esta_inscrito_no_podcast VALUES (0, 'f0166bd2-8e4d-4308-b5d7-0b3d627c5dc5', 'usr_95');
INSERT INTO trabalho.comentarios_podcast_usuario VALUES ('comment_95_0_2', 'Et debitis doloribus.', 'f0166bd2-8e4d-4308-b5d7-0b3d627c5dc5', 'usr_95');
INSERT INTO trabalho.comentarios_podcast_usuario VALUES ('comment_95_1_2', 'Est dolores qui quaerat.', 'f0166bd2-8e4d-4308-b5d7-0b3d627c5dc5', 'usr_95');
INSERT INTO trabalho.comentarios_podcast_usuario VALUES ('comment_95_2_2', 'Odit iste officia rerum omnis soluta quia.', 'f0166bd2-8e4d-4308-b5d7-0b3d627c5dc5', 'usr_95');
INSERT INTO trabalho.comentarios_podcast_usuario VALUES ('comment_95_3_2', 'Minima odit numquam eveniet.', 'f0166bd2-8e4d-4308-b5d7-0b3d627c5dc5', 'usr_95');
INSERT INTO trabalho.log_acesso VALUES ('log_95_0_2', 'f0166bd2-8e4d-4308-b5d7-0b3d627c5dc5', 'usr_95');
INSERT INTO trabalho.log_acesso VALUES ('log_95_1_2', 'f0166bd2-8e4d-4308-b5d7-0b3d627c5dc5', 'usr_95');
INSERT INTO trabalho.log_acesso VALUES ('log_95_2_2', 'f0166bd2-8e4d-4308-b5d7-0b3d627c5dc5', 'usr_95');
INSERT INTO trabalho.log_acesso VALUES ('log_95_3_2', 'f0166bd2-8e4d-4308-b5d7-0b3d627c5dc5', 'usr_95');
INSERT INTO trabalho.usuario VALUES ('usr_96', '96_Sirineu.Reis@hotmail.com', 'Sirineu Reis', 'male', 60, 'password', 'Nepal');
INSERT INTO trabalho.usuario_esta_inscrito_no_podcast VALUES (1, 'de2f0ddb-9903-436a-a5e2-54224254c818', 'usr_96');
INSERT INTO trabalho.comentarios_podcast_usuario VALUES ('comment_96_0_0', 'Ad aut praesentium dolores rerum atque inventore quas officia reprehenderit.', 'de2f0ddb-9903-436a-a5e2-54224254c818', 'usr_96');
INSERT INTO trabalho.comentarios_podcast_usuario VALUES ('comment_96_1_0', 'Soluta magni doloribus omnis placeat nulla necessitatibus est.', 'de2f0ddb-9903-436a-a5e2-54224254c818', 'usr_96');
INSERT INTO trabalho.comentarios_podcast_usuario VALUES ('comment_96_2_0', 'Ut ducimus amet quidem quam nobis.', 'de2f0ddb-9903-436a-a5e2-54224254c818', 'usr_96');
INSERT INTO trabalho.comentarios_podcast_usuario VALUES ('comment_96_3_0', 'Et quibusdam minima harum rem facere.', 'de2f0ddb-9903-436a-a5e2-54224254c818', 'usr_96');
INSERT INTO trabalho.comentarios_podcast_usuario VALUES ('comment_96_4_0', 'Nulla ratione est fugit.', 'de2f0ddb-9903-436a-a5e2-54224254c818', 'usr_96');
INSERT INTO trabalho.log_acesso VALUES ('log_96_0_0', 'de2f0ddb-9903-436a-a5e2-54224254c818', 'usr_96');
INSERT INTO trabalho.log_acesso VALUES ('log_96_1_0', 'de2f0ddb-9903-436a-a5e2-54224254c818', 'usr_96');
INSERT INTO trabalho.log_acesso VALUES ('log_96_2_0', 'de2f0ddb-9903-436a-a5e2-54224254c818', 'usr_96');
INSERT INTO trabalho.log_acesso VALUES ('log_96_3_0', 'de2f0ddb-9903-436a-a5e2-54224254c818', 'usr_96');
INSERT INTO trabalho.log_acesso VALUES ('log_96_4_0', 'de2f0ddb-9903-436a-a5e2-54224254c818', 'usr_96');
INSERT INTO trabalho.usuario_esta_inscrito_no_podcast VALUES (3, 'f1b92ce7-47a7-43cd-8586-4a09185cdd05', 'usr_96');
INSERT INTO trabalho.comentarios_podcast_usuario VALUES ('comment_96_0_1', 'Iusto est voluptates nisi velit natus voluptates labore.', 'f1b92ce7-47a7-43cd-8586-4a09185cdd05', 'usr_96');
INSERT INTO trabalho.comentarios_podcast_usuario VALUES ('comment_96_1_1', 'Cumque nihil aliquam reprehenderit occaecati et est itaque a.', 'f1b92ce7-47a7-43cd-8586-4a09185cdd05', 'usr_96');
INSERT INTO trabalho.comentarios_podcast_usuario VALUES ('comment_96_2_1', 'Omnis facilis non eveniet dolore nam.', 'f1b92ce7-47a7-43cd-8586-4a09185cdd05', 'usr_96');
INSERT INTO trabalho.comentarios_podcast_usuario VALUES ('comment_96_3_1', 'Ex enim sint qui fugiat.', 'f1b92ce7-47a7-43cd-8586-4a09185cdd05', 'usr_96');
INSERT INTO trabalho.log_acesso VALUES ('log_96_0_1', 'f1b92ce7-47a7-43cd-8586-4a09185cdd05', 'usr_96');
INSERT INTO trabalho.log_acesso VALUES ('log_96_1_1', 'f1b92ce7-47a7-43cd-8586-4a09185cdd05', 'usr_96');
INSERT INTO trabalho.log_acesso VALUES ('log_96_2_1', 'f1b92ce7-47a7-43cd-8586-4a09185cdd05', 'usr_96');
INSERT INTO trabalho.usuario_esta_inscrito_no_podcast VALUES (1, '7e429e8e-7669-403d-bb78-3cd7f9f75afd', 'usr_96');
INSERT INTO trabalho.comentarios_podcast_usuario VALUES ('comment_96_0_2', 'Aliquam reiciendis voluptatibus dolor qui nesciunt sunt.', '7e429e8e-7669-403d-bb78-3cd7f9f75afd', 'usr_96');
INSERT INTO trabalho.comentarios_podcast_usuario VALUES ('comment_96_1_2', 'Aut quo eum fugit sint cum sed in asperiores.', '7e429e8e-7669-403d-bb78-3cd7f9f75afd', 'usr_96');
INSERT INTO trabalho.comentarios_podcast_usuario VALUES ('comment_96_2_2', 'Est nisi consequatur officiis.', '7e429e8e-7669-403d-bb78-3cd7f9f75afd', 'usr_96');
INSERT INTO trabalho.comentarios_podcast_usuario VALUES ('comment_96_3_2', 'Nesciunt autem laborum nihil sed tempora nesciunt.', '7e429e8e-7669-403d-bb78-3cd7f9f75afd', 'usr_96');
INSERT INTO trabalho.comentarios_podcast_usuario VALUES ('comment_96_4_2', 'Sit placeat omnis.', '7e429e8e-7669-403d-bb78-3cd7f9f75afd', 'usr_96');
INSERT INTO trabalho.log_acesso VALUES ('log_96_0_2', '7e429e8e-7669-403d-bb78-3cd7f9f75afd', 'usr_96');
INSERT INTO trabalho.log_acesso VALUES ('log_96_1_2', '7e429e8e-7669-403d-bb78-3cd7f9f75afd', 'usr_96');
INSERT INTO trabalho.usuario VALUES ('usr_97', '97_Marcela_Melo@gmail.com', 'Marcela Melo', 'female', 38, 'password', 'Áustria');
INSERT INTO trabalho.usuario_esta_inscrito_no_podcast VALUES (3, '168c1536-4c42-4b8f-8c77-f06affefec6a', 'usr_97');
INSERT INTO trabalho.comentarios_podcast_usuario VALUES ('comment_97_0_0', 'Ducimus minus ullam rem.', '168c1536-4c42-4b8f-8c77-f06affefec6a', 'usr_97');
INSERT INTO trabalho.comentarios_podcast_usuario VALUES ('comment_97_1_0', 'Doloremque maiores hic doloremque qui neque consequatur sunt.', '168c1536-4c42-4b8f-8c77-f06affefec6a', 'usr_97');
INSERT INTO trabalho.comentarios_podcast_usuario VALUES ('comment_97_2_0', 'Aliquid assumenda ea voluptates.', '168c1536-4c42-4b8f-8c77-f06affefec6a', 'usr_97');
INSERT INTO trabalho.comentarios_podcast_usuario VALUES ('comment_97_3_0', 'Quia facilis quae.', '168c1536-4c42-4b8f-8c77-f06affefec6a', 'usr_97');
INSERT INTO trabalho.log_acesso VALUES ('log_97_0_0', '168c1536-4c42-4b8f-8c77-f06affefec6a', 'usr_97');
INSERT INTO trabalho.log_acesso VALUES ('log_97_1_0', '168c1536-4c42-4b8f-8c77-f06affefec6a', 'usr_97');
INSERT INTO trabalho.usuario_esta_inscrito_no_podcast VALUES (4, 'af46a958-b921-47b6-9f87-5c4fdc68ea79', 'usr_97');
INSERT INTO trabalho.comentarios_podcast_usuario VALUES ('comment_97_0_1', 'Debitis tenetur corporis facilis illum id et soluta eum labore.', 'af46a958-b921-47b6-9f87-5c4fdc68ea79', 'usr_97');
INSERT INTO trabalho.comentarios_podcast_usuario VALUES ('comment_97_1_1', 'Ut et omnis quo.', 'af46a958-b921-47b6-9f87-5c4fdc68ea79', 'usr_97');
INSERT INTO trabalho.comentarios_podcast_usuario VALUES ('comment_97_2_1', 'Aut qui rerum ipsa officiis nemo voluptates commodi quis aut.', 'af46a958-b921-47b6-9f87-5c4fdc68ea79', 'usr_97');
INSERT INTO trabalho.log_acesso VALUES ('log_97_0_1', 'af46a958-b921-47b6-9f87-5c4fdc68ea79', 'usr_97');
INSERT INTO trabalho.log_acesso VALUES ('log_97_1_1', 'af46a958-b921-47b6-9f87-5c4fdc68ea79', 'usr_97');
INSERT INTO trabalho.log_acesso VALUES ('log_97_2_1', 'af46a958-b921-47b6-9f87-5c4fdc68ea79', 'usr_97');
INSERT INTO trabalho.usuario_esta_inscrito_no_podcast VALUES (0, 'bc8dac25-793c-4a96-aafc-4ea7020f4f60', 'usr_97');
INSERT INTO trabalho.comentarios_podcast_usuario VALUES ('comment_97_0_2', 'At sit quis.', 'bc8dac25-793c-4a96-aafc-4ea7020f4f60', 'usr_97');
INSERT INTO trabalho.comentarios_podcast_usuario VALUES ('comment_97_1_2', 'Aut minus aut esse iste qui fugiat id eius.', 'bc8dac25-793c-4a96-aafc-4ea7020f4f60', 'usr_97');
INSERT INTO trabalho.comentarios_podcast_usuario VALUES ('comment_97_2_2', 'Deleniti sint qui harum.', 'bc8dac25-793c-4a96-aafc-4ea7020f4f60', 'usr_97');
INSERT INTO trabalho.comentarios_podcast_usuario VALUES ('comment_97_3_2', 'Harum in voluptas commodi minima autem.', 'bc8dac25-793c-4a96-aafc-4ea7020f4f60', 'usr_97');
INSERT INTO trabalho.comentarios_podcast_usuario VALUES ('comment_97_4_2', 'Esse sed enim id vel delectus est.', 'bc8dac25-793c-4a96-aafc-4ea7020f4f60', 'usr_97');
INSERT INTO trabalho.comentarios_podcast_usuario VALUES ('comment_97_5_2', 'Eum cum molestiae vero et iste.', 'bc8dac25-793c-4a96-aafc-4ea7020f4f60', 'usr_97');
INSERT INTO trabalho.log_acesso VALUES ('log_97_0_2', 'bc8dac25-793c-4a96-aafc-4ea7020f4f60', 'usr_97');
INSERT INTO trabalho.usuario VALUES ('usr_98', '98_Breno.Barros18@live.com', 'Breno Barros', 'male', 14, 'password', 'Ilha Norfolk');
INSERT INTO trabalho.usuario_esta_inscrito_no_podcast VALUES (3, 'de2f0ddb-9903-436a-a5e2-54224254c818', 'usr_98');
INSERT INTO trabalho.comentarios_podcast_usuario VALUES ('comment_98_0_0', 'Ut praesentium nostrum odio delectus optio repellendus eos molestiae fuga.', 'de2f0ddb-9903-436a-a5e2-54224254c818', 'usr_98');
INSERT INTO trabalho.comentarios_podcast_usuario VALUES ('comment_98_1_0', 'Inventore est harum dolores perferendis alias.', 'de2f0ddb-9903-436a-a5e2-54224254c818', 'usr_98');
INSERT INTO trabalho.log_acesso VALUES ('log_98_0_0', 'de2f0ddb-9903-436a-a5e2-54224254c818', 'usr_98');
INSERT INTO trabalho.log_acesso VALUES ('log_98_1_0', 'de2f0ddb-9903-436a-a5e2-54224254c818', 'usr_98');
INSERT INTO trabalho.log_acesso VALUES ('log_98_2_0', 'de2f0ddb-9903-436a-a5e2-54224254c818', 'usr_98');
INSERT INTO trabalho.log_acesso VALUES ('log_98_3_0', 'de2f0ddb-9903-436a-a5e2-54224254c818', 'usr_98');
INSERT INTO trabalho.usuario_esta_inscrito_no_podcast VALUES (2, 'b553d865-8fe2-47de-9a30-10e1dea3bd1d', 'usr_98');
INSERT INTO trabalho.comentarios_podcast_usuario VALUES ('comment_98_0_1', 'Vero fuga aliquid accusamus eveniet.', 'b553d865-8fe2-47de-9a30-10e1dea3bd1d', 'usr_98');
INSERT INTO trabalho.comentarios_podcast_usuario VALUES ('comment_98_1_1', 'Et sit hic vitae.', 'b553d865-8fe2-47de-9a30-10e1dea3bd1d', 'usr_98');
INSERT INTO trabalho.comentarios_podcast_usuario VALUES ('comment_98_2_1', 'Itaque explicabo unde beatae facere exercitationem inventore occaecati.', 'b553d865-8fe2-47de-9a30-10e1dea3bd1d', 'usr_98');
INSERT INTO trabalho.comentarios_podcast_usuario VALUES ('comment_98_3_1', 'Quia qui beatae minima rerum aliquid ut.', 'b553d865-8fe2-47de-9a30-10e1dea3bd1d', 'usr_98');
INSERT INTO trabalho.comentarios_podcast_usuario VALUES ('comment_98_4_1', 'Ratione explicabo odit velit.', 'b553d865-8fe2-47de-9a30-10e1dea3bd1d', 'usr_98');
INSERT INTO trabalho.log_acesso VALUES ('log_98_0_1', 'b553d865-8fe2-47de-9a30-10e1dea3bd1d', 'usr_98');
INSERT INTO trabalho.log_acesso VALUES ('log_98_1_1', 'b553d865-8fe2-47de-9a30-10e1dea3bd1d', 'usr_98');
INSERT INTO trabalho.usuario_esta_inscrito_no_podcast VALUES (2, '5bdf7377-8330-4f9f-8efd-e95301c122ce', 'usr_98');
INSERT INTO trabalho.comentarios_podcast_usuario VALUES ('comment_98_0_2', 'Quae mollitia id est.', '5bdf7377-8330-4f9f-8efd-e95301c122ce', 'usr_98');
INSERT INTO trabalho.comentarios_podcast_usuario VALUES ('comment_98_1_2', 'Voluptas ducimus exercitationem pariatur animi dicta ipsam.', '5bdf7377-8330-4f9f-8efd-e95301c122ce', 'usr_98');
INSERT INTO trabalho.comentarios_podcast_usuario VALUES ('comment_98_2_2', 'Quia labore iusto atque tempora.', '5bdf7377-8330-4f9f-8efd-e95301c122ce', 'usr_98');
INSERT INTO trabalho.log_acesso VALUES ('log_98_0_2', '5bdf7377-8330-4f9f-8efd-e95301c122ce', 'usr_98');
INSERT INTO trabalho.usuario VALUES ('usr_99', '99_Helosa_Braga@hotmail.com', 'Heloísa Braga', 'female', 27, 'password', 'Tailândia');
INSERT INTO trabalho.usuario_esta_inscrito_no_podcast VALUES (2, 'f0166bd2-8e4d-4308-b5d7-0b3d627c5dc5', 'usr_99');
INSERT INTO trabalho.comentarios_podcast_usuario VALUES ('comment_99_0_0', 'Ad qui id.', 'f0166bd2-8e4d-4308-b5d7-0b3d627c5dc5', 'usr_99');
INSERT INTO trabalho.log_acesso VALUES ('log_99_0_0', 'f0166bd2-8e4d-4308-b5d7-0b3d627c5dc5', 'usr_99');
INSERT INTO trabalho.log_acesso VALUES ('log_99_1_0', 'f0166bd2-8e4d-4308-b5d7-0b3d627c5dc5', 'usr_99');
INSERT INTO trabalho.log_acesso VALUES ('log_99_2_0', 'f0166bd2-8e4d-4308-b5d7-0b3d627c5dc5', 'usr_99');
INSERT INTO trabalho.log_acesso VALUES ('log_99_3_0', 'f0166bd2-8e4d-4308-b5d7-0b3d627c5dc5', 'usr_99');
INSERT INTO trabalho.log_acesso VALUES ('log_99_4_0', 'f0166bd2-8e4d-4308-b5d7-0b3d627c5dc5', 'usr_99');
INSERT INTO trabalho.log_acesso VALUES ('log_99_5_0', 'f0166bd2-8e4d-4308-b5d7-0b3d627c5dc5', 'usr_99');
INSERT INTO trabalho.usuario_esta_inscrito_no_podcast VALUES (0, '7e429e8e-7669-403d-bb78-3cd7f9f75afd', 'usr_99');
INSERT INTO trabalho.comentarios_podcast_usuario VALUES ('comment_99_0_1', 'Eos fugit excepturi ipsum et dolorem consequatur porro consequatur reprehenderit.', '7e429e8e-7669-403d-bb78-3cd7f9f75afd', 'usr_99');
INSERT INTO trabalho.comentarios_podcast_usuario VALUES ('comment_99_1_1', 'Sed voluptas quaerat unde aut.', '7e429e8e-7669-403d-bb78-3cd7f9f75afd', 'usr_99');
INSERT INTO trabalho.log_acesso VALUES ('log_99_0_1', '7e429e8e-7669-403d-bb78-3cd7f9f75afd', 'usr_99');
INSERT INTO trabalho.log_acesso VALUES ('log_99_1_1', '7e429e8e-7669-403d-bb78-3cd7f9f75afd', 'usr_99');
INSERT INTO trabalho.log_acesso VALUES ('log_99_2_1', '7e429e8e-7669-403d-bb78-3cd7f9f75afd', 'usr_99');
INSERT INTO trabalho.log_acesso VALUES ('log_99_3_1', '7e429e8e-7669-403d-bb78-3cd7f9f75afd', 'usr_99');
INSERT INTO trabalho.usuario_esta_inscrito_no_podcast VALUES (3, 'bc8dac25-793c-4a96-aafc-4ea7020f4f60', 'usr_99');
INSERT INTO trabalho.comentarios_podcast_usuario VALUES ('comment_99_0_2', 'Et saepe nam.', 'bc8dac25-793c-4a96-aafc-4ea7020f4f60', 'usr_99');
INSERT INTO trabalho.comentarios_podcast_usuario VALUES ('comment_99_1_2', 'Natus laudantium sint quo.', 'bc8dac25-793c-4a96-aafc-4ea7020f4f60', 'usr_99');
INSERT INTO trabalho.comentarios_podcast_usuario VALUES ('comment_99_2_2', 'Consequatur possimus explicabo exercitationem ratione ut a.', 'bc8dac25-793c-4a96-aafc-4ea7020f4f60', 'usr_99');
INSERT INTO trabalho.log_acesso VALUES ('log_99_0_2', 'bc8dac25-793c-4a96-aafc-4ea7020f4f60', 'usr_99');
INSERT INTO trabalho.log_acesso VALUES ('log_99_1_2', 'bc8dac25-793c-4a96-aafc-4ea7020f4f60', 'usr_99');
INSERT INTO trabalho.log_acesso VALUES ('log_99_2_2', 'bc8dac25-793c-4a96-aafc-4ea7020f4f60', 'usr_99');
INSERT INTO trabalho.log_acesso VALUES ('log_99_3_2', 'bc8dac25-793c-4a96-aafc-4ea7020f4f60', 'usr_99');
INSERT INTO trabalho.usuario VALUES ('usr_100', '100_JooPedro.Barros@hotmail.com', 'João Pedro Barros', 'male', 11, 'password', 'Malawi');
INSERT INTO trabalho.usuario_esta_inscrito_no_podcast VALUES (3, '5bdf7377-8330-4f9f-8efd-e95301c122ce', 'usr_100');
INSERT INTO trabalho.comentarios_podcast_usuario VALUES ('comment_100_0_0', 'Similique veniam praesentium voluptatem natus veniam quia aut.', '5bdf7377-8330-4f9f-8efd-e95301c122ce', 'usr_100');
INSERT INTO trabalho.comentarios_podcast_usuario VALUES ('comment_100_1_0', 'Adipisci rerum quibusdam vero.', '5bdf7377-8330-4f9f-8efd-e95301c122ce', 'usr_100');
INSERT INTO trabalho.comentarios_podcast_usuario VALUES ('comment_100_2_0', 'Eos voluptatem perferendis impedit ex nisi sit magni vitae laudantium.', '5bdf7377-8330-4f9f-8efd-e95301c122ce', 'usr_100');
INSERT INTO trabalho.log_acesso VALUES ('log_100_0_0', '5bdf7377-8330-4f9f-8efd-e95301c122ce', 'usr_100');
INSERT INTO trabalho.log_acesso VALUES ('log_100_1_0', '5bdf7377-8330-4f9f-8efd-e95301c122ce', 'usr_100');
INSERT INTO trabalho.log_acesso VALUES ('log_100_2_0', '5bdf7377-8330-4f9f-8efd-e95301c122ce', 'usr_100');
INSERT INTO trabalho.log_acesso VALUES ('log_100_3_0', '5bdf7377-8330-4f9f-8efd-e95301c122ce', 'usr_100');
INSERT INTO trabalho.log_acesso VALUES ('log_100_4_0', '5bdf7377-8330-4f9f-8efd-e95301c122ce', 'usr_100');
INSERT INTO trabalho.usuario_esta_inscrito_no_podcast VALUES (0, 'b553d865-8fe2-47de-9a30-10e1dea3bd1d', 'usr_100');
INSERT INTO trabalho.comentarios_podcast_usuario VALUES ('comment_100_0_1', 'Odit aut sint autem.', 'b553d865-8fe2-47de-9a30-10e1dea3bd1d', 'usr_100');
INSERT INTO trabalho.comentarios_podcast_usuario VALUES ('comment_100_1_1', 'Ut exercitationem maxime distinctio ut quo molestiae illo consequatur.', 'b553d865-8fe2-47de-9a30-10e1dea3bd1d', 'usr_100');
INSERT INTO trabalho.log_acesso VALUES ('log_100_0_1', 'b553d865-8fe2-47de-9a30-10e1dea3bd1d', 'usr_100');
INSERT INTO trabalho.log_acesso VALUES ('log_100_1_1', 'b553d865-8fe2-47de-9a30-10e1dea3bd1d', 'usr_100');
INSERT INTO trabalho.usuario_esta_inscrito_no_podcast VALUES (4, 'af46a958-b921-47b6-9f87-5c4fdc68ea79', 'usr_100');
INSERT INTO trabalho.comentarios_podcast_usuario VALUES ('comment_100_0_2', 'Explicabo quo id rerum sit voluptatem rerum est.', 'af46a958-b921-47b6-9f87-5c4fdc68ea79', 'usr_100');
INSERT INTO trabalho.comentarios_podcast_usuario VALUES ('comment_100_1_2', 'Beatae odit quia pariatur ex officia nihil earum tempore.', 'af46a958-b921-47b6-9f87-5c4fdc68ea79', 'usr_100');
INSERT INTO trabalho.comentarios_podcast_usuario VALUES ('comment_100_2_2', 'Ut occaecati corrupti id nemo eaque.', 'af46a958-b921-47b6-9f87-5c4fdc68ea79', 'usr_100');
INSERT INTO trabalho.comentarios_podcast_usuario VALUES ('comment_100_3_2', 'Qui sapiente quia mollitia architecto.', 'af46a958-b921-47b6-9f87-5c4fdc68ea79', 'usr_100');
INSERT INTO trabalho.log_acesso VALUES ('log_100_0_2', 'af46a958-b921-47b6-9f87-5c4fdc68ea79', 'usr_100');
INSERT INTO trabalho.log_acesso VALUES ('log_100_1_2', 'af46a958-b921-47b6-9f87-5c4fdc68ea79', 'usr_100');
INSERT INTO trabalho.usuario VALUES ('usr_101', '101_Raul_Souza@hotmail.com', 'Raul Souza', 'male', 5, 'password', 'Ilhas Svalbard & Jan Mayen');
INSERT INTO trabalho.usuario_esta_inscrito_no_podcast VALUES (1, 'f8e13774-d631-4f34-93f0-2f5d55590265', 'usr_101');
INSERT INTO trabalho.comentarios_podcast_usuario VALUES ('comment_101_0_0', 'Tempora doloremque est cupiditate aut itaque ut.', 'f8e13774-d631-4f34-93f0-2f5d55590265', 'usr_101');
INSERT INTO trabalho.log_acesso VALUES ('log_101_0_0', 'f8e13774-d631-4f34-93f0-2f5d55590265', 'usr_101');
INSERT INTO trabalho.log_acesso VALUES ('log_101_1_0', 'f8e13774-d631-4f34-93f0-2f5d55590265', 'usr_101');
INSERT INTO trabalho.usuario_esta_inscrito_no_podcast VALUES (2, '7e429e8e-7669-403d-bb78-3cd7f9f75afd', 'usr_101');
INSERT INTO trabalho.comentarios_podcast_usuario VALUES ('comment_101_0_1', 'Magni illo nihil magni velit dolor sit et laborum.', '7e429e8e-7669-403d-bb78-3cd7f9f75afd', 'usr_101');
INSERT INTO trabalho.comentarios_podcast_usuario VALUES ('comment_101_1_1', 'Et eaque impedit eum alias dolores et omnis quia.', '7e429e8e-7669-403d-bb78-3cd7f9f75afd', 'usr_101');
INSERT INTO trabalho.comentarios_podcast_usuario VALUES ('comment_101_2_1', 'Consequatur dolorem rem voluptatibus.', '7e429e8e-7669-403d-bb78-3cd7f9f75afd', 'usr_101');
INSERT INTO trabalho.log_acesso VALUES ('log_101_0_1', '7e429e8e-7669-403d-bb78-3cd7f9f75afd', 'usr_101');
INSERT INTO trabalho.log_acesso VALUES ('log_101_1_1', '7e429e8e-7669-403d-bb78-3cd7f9f75afd', 'usr_101');
INSERT INTO trabalho.log_acesso VALUES ('log_101_2_1', '7e429e8e-7669-403d-bb78-3cd7f9f75afd', 'usr_101');
INSERT INTO trabalho.log_acesso VALUES ('log_101_3_1', '7e429e8e-7669-403d-bb78-3cd7f9f75afd', 'usr_101');
INSERT INTO trabalho.log_acesso VALUES ('log_101_4_1', '7e429e8e-7669-403d-bb78-3cd7f9f75afd', 'usr_101');
INSERT INTO trabalho.usuario_esta_inscrito_no_podcast VALUES (0, '219328a1-cec6-4e8c-b003-52a3ec9766bb', 'usr_101');
INSERT INTO trabalho.comentarios_podcast_usuario VALUES ('comment_101_0_2', 'Eum adipisci repudiandae itaque.', '219328a1-cec6-4e8c-b003-52a3ec9766bb', 'usr_101');
INSERT INTO trabalho.comentarios_podcast_usuario VALUES ('comment_101_1_2', 'Ut omnis non enim consequatur expedita harum cum quos.', '219328a1-cec6-4e8c-b003-52a3ec9766bb', 'usr_101');
INSERT INTO trabalho.comentarios_podcast_usuario VALUES ('comment_101_2_2', 'Distinctio porro pariatur aliquam voluptatem nobis delectus qui.', '219328a1-cec6-4e8c-b003-52a3ec9766bb', 'usr_101');
INSERT INTO trabalho.comentarios_podcast_usuario VALUES ('comment_101_3_2', 'Atque a est unde unde ea fuga et molestias.', '219328a1-cec6-4e8c-b003-52a3ec9766bb', 'usr_101');
INSERT INTO trabalho.log_acesso VALUES ('log_101_0_2', '219328a1-cec6-4e8c-b003-52a3ec9766bb', 'usr_101');
INSERT INTO trabalho.usuario VALUES ('usr_102', '102_Nicolas_Saraiva13@live.com', 'Nicolas Saraiva', 'male', 57, 'password', 'Namibia');
INSERT INTO trabalho.usuario_esta_inscrito_no_podcast VALUES (0, '219328a1-cec6-4e8c-b003-52a3ec9766bb', 'usr_102');
INSERT INTO trabalho.comentarios_podcast_usuario VALUES ('comment_102_0_0', 'Modi molestias vitae dolor non eius minima harum.', '219328a1-cec6-4e8c-b003-52a3ec9766bb', 'usr_102');
INSERT INTO trabalho.comentarios_podcast_usuario VALUES ('comment_102_1_0', 'Perferendis voluptatibus itaque facilis accusamus.', '219328a1-cec6-4e8c-b003-52a3ec9766bb', 'usr_102');
INSERT INTO trabalho.log_acesso VALUES ('log_102_0_0', '219328a1-cec6-4e8c-b003-52a3ec9766bb', 'usr_102');
INSERT INTO trabalho.log_acesso VALUES ('log_102_1_0', '219328a1-cec6-4e8c-b003-52a3ec9766bb', 'usr_102');
INSERT INTO trabalho.log_acesso VALUES ('log_102_2_0', '219328a1-cec6-4e8c-b003-52a3ec9766bb', 'usr_102');
INSERT INTO trabalho.log_acesso VALUES ('log_102_3_0', '219328a1-cec6-4e8c-b003-52a3ec9766bb', 'usr_102');
INSERT INTO trabalho.log_acesso VALUES ('log_102_4_0', '219328a1-cec6-4e8c-b003-52a3ec9766bb', 'usr_102');
INSERT INTO trabalho.usuario_esta_inscrito_no_podcast VALUES (1, 'af46a958-b921-47b6-9f87-5c4fdc68ea79', 'usr_102');
INSERT INTO trabalho.comentarios_podcast_usuario VALUES ('comment_102_0_1', 'Quis ut officiis et.', 'af46a958-b921-47b6-9f87-5c4fdc68ea79', 'usr_102');
INSERT INTO trabalho.comentarios_podcast_usuario VALUES ('comment_102_1_1', 'Temporibus tempora voluptatibus distinctio doloribus.', 'af46a958-b921-47b6-9f87-5c4fdc68ea79', 'usr_102');
INSERT INTO trabalho.comentarios_podcast_usuario VALUES ('comment_102_2_1', 'Illo at necessitatibus velit.', 'af46a958-b921-47b6-9f87-5c4fdc68ea79', 'usr_102');
INSERT INTO trabalho.log_acesso VALUES ('log_102_0_1', 'af46a958-b921-47b6-9f87-5c4fdc68ea79', 'usr_102');
INSERT INTO trabalho.log_acesso VALUES ('log_102_1_1', 'af46a958-b921-47b6-9f87-5c4fdc68ea79', 'usr_102');
INSERT INTO trabalho.log_acesso VALUES ('log_102_2_1', 'af46a958-b921-47b6-9f87-5c4fdc68ea79', 'usr_102');
INSERT INTO trabalho.log_acesso VALUES ('log_102_3_1', 'af46a958-b921-47b6-9f87-5c4fdc68ea79', 'usr_102');
INSERT INTO trabalho.log_acesso VALUES ('log_102_4_1', 'af46a958-b921-47b6-9f87-5c4fdc68ea79', 'usr_102');
INSERT INTO trabalho.usuario_esta_inscrito_no_podcast VALUES (0, 'b553d865-8fe2-47de-9a30-10e1dea3bd1d', 'usr_102');
INSERT INTO trabalho.comentarios_podcast_usuario VALUES ('comment_102_0_2', 'Velit ut aspernatur assumenda incidunt suscipit.', 'b553d865-8fe2-47de-9a30-10e1dea3bd1d', 'usr_102');
INSERT INTO trabalho.comentarios_podcast_usuario VALUES ('comment_102_1_2', 'Nesciunt sint est saepe aut consequatur est incidunt quae sed.', 'b553d865-8fe2-47de-9a30-10e1dea3bd1d', 'usr_102');
INSERT INTO trabalho.comentarios_podcast_usuario VALUES ('comment_102_2_2', 'Asperiores explicabo reiciendis hic esse.', 'b553d865-8fe2-47de-9a30-10e1dea3bd1d', 'usr_102');
INSERT INTO trabalho.comentarios_podcast_usuario VALUES ('comment_102_3_2', 'Iure qui consequuntur ad.', 'b553d865-8fe2-47de-9a30-10e1dea3bd1d', 'usr_102');
INSERT INTO trabalho.log_acesso VALUES ('log_102_0_2', 'b553d865-8fe2-47de-9a30-10e1dea3bd1d', 'usr_102');
INSERT INTO trabalho.log_acesso VALUES ('log_102_1_2', 'b553d865-8fe2-47de-9a30-10e1dea3bd1d', 'usr_102');
INSERT INTO trabalho.log_acesso VALUES ('log_102_2_2', 'b553d865-8fe2-47de-9a30-10e1dea3bd1d', 'usr_102');
INSERT INTO trabalho.log_acesso VALUES ('log_102_3_2', 'b553d865-8fe2-47de-9a30-10e1dea3bd1d', 'usr_102');
INSERT INTO trabalho.usuario VALUES ('usr_103', '103_Norberto57@yahoo.com', 'Norberto Oliveira', 'male', 11, 'password', 'Santa Lúcia');
INSERT INTO trabalho.usuario_esta_inscrito_no_podcast VALUES (2, 'f0166bd2-8e4d-4308-b5d7-0b3d627c5dc5', 'usr_103');
INSERT INTO trabalho.comentarios_podcast_usuario VALUES ('comment_103_0_0', 'Error ut unde tenetur sit dolores.', 'f0166bd2-8e4d-4308-b5d7-0b3d627c5dc5', 'usr_103');
INSERT INTO trabalho.log_acesso VALUES ('log_103_0_0', 'f0166bd2-8e4d-4308-b5d7-0b3d627c5dc5', 'usr_103');
INSERT INTO trabalho.log_acesso VALUES ('log_103_1_0', 'f0166bd2-8e4d-4308-b5d7-0b3d627c5dc5', 'usr_103');
INSERT INTO trabalho.usuario_esta_inscrito_no_podcast VALUES (5, '168c1536-4c42-4b8f-8c77-f06affefec6a', 'usr_103');
INSERT INTO trabalho.comentarios_podcast_usuario VALUES ('comment_103_0_1', 'Magni distinctio ea occaecati velit ut sequi.', '168c1536-4c42-4b8f-8c77-f06affefec6a', 'usr_103');
INSERT INTO trabalho.comentarios_podcast_usuario VALUES ('comment_103_1_1', 'Fugit nihil officia dignissimos quos dicta.', '168c1536-4c42-4b8f-8c77-f06affefec6a', 'usr_103');
INSERT INTO trabalho.comentarios_podcast_usuario VALUES ('comment_103_2_1', 'Sed atque repellat veritatis aut libero.', '168c1536-4c42-4b8f-8c77-f06affefec6a', 'usr_103');
INSERT INTO trabalho.log_acesso VALUES ('log_103_0_1', '168c1536-4c42-4b8f-8c77-f06affefec6a', 'usr_103');
INSERT INTO trabalho.usuario_esta_inscrito_no_podcast VALUES (2, 'fa3abe16-3645-4d22-a01d-893e6f20c408', 'usr_103');
INSERT INTO trabalho.comentarios_podcast_usuario VALUES ('comment_103_0_2', 'Et et sint magnam nostrum.', 'fa3abe16-3645-4d22-a01d-893e6f20c408', 'usr_103');
INSERT INTO trabalho.comentarios_podcast_usuario VALUES ('comment_103_1_2', 'Repellendus non velit ipsam.', 'fa3abe16-3645-4d22-a01d-893e6f20c408', 'usr_103');
INSERT INTO trabalho.comentarios_podcast_usuario VALUES ('comment_103_2_2', 'Ratione nostrum sed et vel incidunt non sed animi adipisci.', 'fa3abe16-3645-4d22-a01d-893e6f20c408', 'usr_103');
INSERT INTO trabalho.log_acesso VALUES ('log_103_0_2', 'fa3abe16-3645-4d22-a01d-893e6f20c408', 'usr_103');
INSERT INTO trabalho.log_acesso VALUES ('log_103_1_2', 'fa3abe16-3645-4d22-a01d-893e6f20c408', 'usr_103');
INSERT INTO trabalho.log_acesso VALUES ('log_103_2_2', 'fa3abe16-3645-4d22-a01d-893e6f20c408', 'usr_103');
INSERT INTO trabalho.log_acesso VALUES ('log_103_3_2', 'fa3abe16-3645-4d22-a01d-893e6f20c408', 'usr_103');
INSERT INTO trabalho.log_acesso VALUES ('log_103_4_2', 'fa3abe16-3645-4d22-a01d-893e6f20c408', 'usr_103');
INSERT INTO trabalho.usuario VALUES ('usr_104', '104_Elisa91@gmail.com', 'Elisa Xavier', 'female', 53, 'password', 'Dominica');
INSERT INTO trabalho.usuario_esta_inscrito_no_podcast VALUES (2, 'c58b280a-56d4-4ad8-8c85-730e4ea86361', 'usr_104');
INSERT INTO trabalho.comentarios_podcast_usuario VALUES ('comment_104_0_0', 'Impedit minus aliquam.', 'c58b280a-56d4-4ad8-8c85-730e4ea86361', 'usr_104');
INSERT INTO trabalho.comentarios_podcast_usuario VALUES ('comment_104_1_0', 'Eaque beatae enim ea eveniet quibusdam non.', 'c58b280a-56d4-4ad8-8c85-730e4ea86361', 'usr_104');
INSERT INTO trabalho.comentarios_podcast_usuario VALUES ('comment_104_2_0', 'Soluta maiores culpa et rerum magni reiciendis autem assumenda.', 'c58b280a-56d4-4ad8-8c85-730e4ea86361', 'usr_104');
INSERT INTO trabalho.log_acesso VALUES ('log_104_0_0', 'c58b280a-56d4-4ad8-8c85-730e4ea86361', 'usr_104');
INSERT INTO trabalho.log_acesso VALUES ('log_104_1_0', 'c58b280a-56d4-4ad8-8c85-730e4ea86361', 'usr_104');
INSERT INTO trabalho.log_acesso VALUES ('log_104_2_0', 'c58b280a-56d4-4ad8-8c85-730e4ea86361', 'usr_104');
INSERT INTO trabalho.usuario_esta_inscrito_no_podcast VALUES (5, 'af46a958-b921-47b6-9f87-5c4fdc68ea79', 'usr_104');
INSERT INTO trabalho.comentarios_podcast_usuario VALUES ('comment_104_0_1', 'Iste voluptas est quasi porro.', 'af46a958-b921-47b6-9f87-5c4fdc68ea79', 'usr_104');
INSERT INTO trabalho.comentarios_podcast_usuario VALUES ('comment_104_1_1', 'Sit debitis quo architecto.', 'af46a958-b921-47b6-9f87-5c4fdc68ea79', 'usr_104');
INSERT INTO trabalho.comentarios_podcast_usuario VALUES ('comment_104_2_1', 'Quam reprehenderit tempora laudantium.', 'af46a958-b921-47b6-9f87-5c4fdc68ea79', 'usr_104');
INSERT INTO trabalho.log_acesso VALUES ('log_104_0_1', 'af46a958-b921-47b6-9f87-5c4fdc68ea79', 'usr_104');
INSERT INTO trabalho.log_acesso VALUES ('log_104_1_1', 'af46a958-b921-47b6-9f87-5c4fdc68ea79', 'usr_104');
INSERT INTO trabalho.log_acesso VALUES ('log_104_2_1', 'af46a958-b921-47b6-9f87-5c4fdc68ea79', 'usr_104');
INSERT INTO trabalho.log_acesso VALUES ('log_104_3_1', 'af46a958-b921-47b6-9f87-5c4fdc68ea79', 'usr_104');
INSERT INTO trabalho.usuario_esta_inscrito_no_podcast VALUES (2, '5bdf7377-8330-4f9f-8efd-e95301c122ce', 'usr_104');
INSERT INTO trabalho.comentarios_podcast_usuario VALUES ('comment_104_0_2', 'Facilis itaque exercitationem blanditiis laudantium doloremque perferendis sit sint.', '5bdf7377-8330-4f9f-8efd-e95301c122ce', 'usr_104');
INSERT INTO trabalho.comentarios_podcast_usuario VALUES ('comment_104_1_2', 'Dolores ab laborum non autem labore aliquid.', '5bdf7377-8330-4f9f-8efd-e95301c122ce', 'usr_104');
INSERT INTO trabalho.comentarios_podcast_usuario VALUES ('comment_104_2_2', 'Nulla repellat aperiam ea provident alias provident et eaque.', '5bdf7377-8330-4f9f-8efd-e95301c122ce', 'usr_104');
INSERT INTO trabalho.comentarios_podcast_usuario VALUES ('comment_104_3_2', 'Molestiae et necessitatibus saepe voluptatem et voluptatum et nihil.', '5bdf7377-8330-4f9f-8efd-e95301c122ce', 'usr_104');
INSERT INTO trabalho.comentarios_podcast_usuario VALUES ('comment_104_4_2', 'Veniam culpa et fugiat excepturi suscipit.', '5bdf7377-8330-4f9f-8efd-e95301c122ce', 'usr_104');
INSERT INTO trabalho.log_acesso VALUES ('log_104_0_2', '5bdf7377-8330-4f9f-8efd-e95301c122ce', 'usr_104');
INSERT INTO trabalho.log_acesso VALUES ('log_104_1_2', '5bdf7377-8330-4f9f-8efd-e95301c122ce', 'usr_104');
INSERT INTO trabalho.log_acesso VALUES ('log_104_2_2', '5bdf7377-8330-4f9f-8efd-e95301c122ce', 'usr_104');
INSERT INTO trabalho.log_acesso VALUES ('log_104_3_2', '5bdf7377-8330-4f9f-8efd-e95301c122ce', 'usr_104');
INSERT INTO trabalho.usuario VALUES ('usr_105', '105_Anthony34@yahoo.com', 'Anthony Batista', 'male', 2, 'password', 'Ilha Bouvet');
INSERT INTO trabalho.usuario_esta_inscrito_no_podcast VALUES (2, 'b553d865-8fe2-47de-9a30-10e1dea3bd1d', 'usr_105');
INSERT INTO trabalho.comentarios_podcast_usuario VALUES ('comment_105_0_0', 'Debitis velit libero eius officia eligendi voluptatem nihil.', 'b553d865-8fe2-47de-9a30-10e1dea3bd1d', 'usr_105');
INSERT INTO trabalho.comentarios_podcast_usuario VALUES ('comment_105_1_0', 'Et magnam omnis consectetur alias et et voluptatem.', 'b553d865-8fe2-47de-9a30-10e1dea3bd1d', 'usr_105');
INSERT INTO trabalho.comentarios_podcast_usuario VALUES ('comment_105_2_0', 'Odit vitae qui atque totam quia excepturi voluptas sequi eum.', 'b553d865-8fe2-47de-9a30-10e1dea3bd1d', 'usr_105');
INSERT INTO trabalho.log_acesso VALUES ('log_105_0_0', 'b553d865-8fe2-47de-9a30-10e1dea3bd1d', 'usr_105');
INSERT INTO trabalho.log_acesso VALUES ('log_105_1_0', 'b553d865-8fe2-47de-9a30-10e1dea3bd1d', 'usr_105');
INSERT INTO trabalho.log_acesso VALUES ('log_105_2_0', 'b553d865-8fe2-47de-9a30-10e1dea3bd1d', 'usr_105');
INSERT INTO trabalho.log_acesso VALUES ('log_105_3_0', 'b553d865-8fe2-47de-9a30-10e1dea3bd1d', 'usr_105');
INSERT INTO trabalho.usuario_esta_inscrito_no_podcast VALUES (3, '168c1536-4c42-4b8f-8c77-f06affefec6a', 'usr_105');
INSERT INTO trabalho.comentarios_podcast_usuario VALUES ('comment_105_0_1', 'Molestiae facere sint magni eius.', '168c1536-4c42-4b8f-8c77-f06affefec6a', 'usr_105');
INSERT INTO trabalho.comentarios_podcast_usuario VALUES ('comment_105_1_1', 'Nihil autem dolorem praesentium assumenda qui vero laudantium.', '168c1536-4c42-4b8f-8c77-f06affefec6a', 'usr_105');
INSERT INTO trabalho.comentarios_podcast_usuario VALUES ('comment_105_2_1', 'Sint nemo tenetur sequi voluptatem magni.', '168c1536-4c42-4b8f-8c77-f06affefec6a', 'usr_105');
INSERT INTO trabalho.log_acesso VALUES ('log_105_0_1', '168c1536-4c42-4b8f-8c77-f06affefec6a', 'usr_105');
INSERT INTO trabalho.log_acesso VALUES ('log_105_1_1', '168c1536-4c42-4b8f-8c77-f06affefec6a', 'usr_105');
INSERT INTO trabalho.log_acesso VALUES ('log_105_2_1', '168c1536-4c42-4b8f-8c77-f06affefec6a', 'usr_105');
INSERT INTO trabalho.log_acesso VALUES ('log_105_3_1', '168c1536-4c42-4b8f-8c77-f06affefec6a', 'usr_105');
INSERT INTO trabalho.usuario_esta_inscrito_no_podcast VALUES (4, '219328a1-cec6-4e8c-b003-52a3ec9766bb', 'usr_105');
INSERT INTO trabalho.comentarios_podcast_usuario VALUES ('comment_105_0_2', 'Ipsa qui earum voluptas autem in ea aliquam itaque minima.', '219328a1-cec6-4e8c-b003-52a3ec9766bb', 'usr_105');
INSERT INTO trabalho.comentarios_podcast_usuario VALUES ('comment_105_1_2', 'Omnis magnam molestiae.', '219328a1-cec6-4e8c-b003-52a3ec9766bb', 'usr_105');
INSERT INTO trabalho.log_acesso VALUES ('log_105_0_2', '219328a1-cec6-4e8c-b003-52a3ec9766bb', 'usr_105');
INSERT INTO trabalho.log_acesso VALUES ('log_105_1_2', '219328a1-cec6-4e8c-b003-52a3ec9766bb', 'usr_105');
INSERT INTO trabalho.log_acesso VALUES ('log_105_2_2', '219328a1-cec6-4e8c-b003-52a3ec9766bb', 'usr_105');
INSERT INTO trabalho.usuario VALUES ('usr_106', '106_Rafaela75@gmail.com', 'Rafaela Silva', 'female', 33, 'password', 'Palau');
INSERT INTO trabalho.usuario_esta_inscrito_no_podcast VALUES (5, 'f1b92ce7-47a7-43cd-8586-4a09185cdd05', 'usr_106');
INSERT INTO trabalho.comentarios_podcast_usuario VALUES ('comment_106_0_0', 'Nulla vero eligendi et.', 'f1b92ce7-47a7-43cd-8586-4a09185cdd05', 'usr_106');
INSERT INTO trabalho.comentarios_podcast_usuario VALUES ('comment_106_1_0', 'Cupiditate debitis laboriosam nam incidunt dolores omnis quisquam.', 'f1b92ce7-47a7-43cd-8586-4a09185cdd05', 'usr_106');
INSERT INTO trabalho.log_acesso VALUES ('log_106_0_0', 'f1b92ce7-47a7-43cd-8586-4a09185cdd05', 'usr_106');
INSERT INTO trabalho.log_acesso VALUES ('log_106_1_0', 'f1b92ce7-47a7-43cd-8586-4a09185cdd05', 'usr_106');
INSERT INTO trabalho.usuario_esta_inscrito_no_podcast VALUES (1, '67074e68-bc2f-442b-8af2-7d328b6af6eb', 'usr_106');
INSERT INTO trabalho.comentarios_podcast_usuario VALUES ('comment_106_0_1', 'Delectus soluta et tempore illo qui quas quos ut.', '67074e68-bc2f-442b-8af2-7d328b6af6eb', 'usr_106');
INSERT INTO trabalho.comentarios_podcast_usuario VALUES ('comment_106_1_1', 'Quo saepe accusamus nostrum iusto nihil aut quis dolore.', '67074e68-bc2f-442b-8af2-7d328b6af6eb', 'usr_106');
INSERT INTO trabalho.comentarios_podcast_usuario VALUES ('comment_106_2_1', 'Ea molestiae eius praesentium excepturi consequuntur.', '67074e68-bc2f-442b-8af2-7d328b6af6eb', 'usr_106');
INSERT INTO trabalho.comentarios_podcast_usuario VALUES ('comment_106_3_1', 'Omnis expedita explicabo fuga ut veniam.', '67074e68-bc2f-442b-8af2-7d328b6af6eb', 'usr_106');
INSERT INTO trabalho.comentarios_podcast_usuario VALUES ('comment_106_4_1', 'Sunt a rerum sint nostrum sint tenetur voluptatibus laudantium voluptas.', '67074e68-bc2f-442b-8af2-7d328b6af6eb', 'usr_106');
INSERT INTO trabalho.log_acesso VALUES ('log_106_0_1', '67074e68-bc2f-442b-8af2-7d328b6af6eb', 'usr_106');
INSERT INTO trabalho.log_acesso VALUES ('log_106_1_1', '67074e68-bc2f-442b-8af2-7d328b6af6eb', 'usr_106');
INSERT INTO trabalho.log_acesso VALUES ('log_106_2_1', '67074e68-bc2f-442b-8af2-7d328b6af6eb', 'usr_106');
INSERT INTO trabalho.log_acesso VALUES ('log_106_3_1', '67074e68-bc2f-442b-8af2-7d328b6af6eb', 'usr_106');
INSERT INTO trabalho.usuario_esta_inscrito_no_podcast VALUES (0, 'af46a958-b921-47b6-9f87-5c4fdc68ea79', 'usr_106');
INSERT INTO trabalho.comentarios_podcast_usuario VALUES ('comment_106_0_2', 'Suscipit animi illo voluptatem.', 'af46a958-b921-47b6-9f87-5c4fdc68ea79', 'usr_106');
INSERT INTO trabalho.log_acesso VALUES ('log_106_0_2', 'af46a958-b921-47b6-9f87-5c4fdc68ea79', 'usr_106');
INSERT INTO trabalho.log_acesso VALUES ('log_106_1_2', 'af46a958-b921-47b6-9f87-5c4fdc68ea79', 'usr_106');
INSERT INTO trabalho.log_acesso VALUES ('log_106_2_2', 'af46a958-b921-47b6-9f87-5c4fdc68ea79', 'usr_106');
INSERT INTO trabalho.log_acesso VALUES ('log_106_3_2', 'af46a958-b921-47b6-9f87-5c4fdc68ea79', 'usr_106');
INSERT INTO trabalho.log_acesso VALUES ('log_106_4_2', 'af46a958-b921-47b6-9f87-5c4fdc68ea79', 'usr_106');
INSERT INTO trabalho.usuario VALUES ('usr_107', '107_Feliciano.Batista27@yahoo.com', 'Feliciano Batista', 'male', 18, 'password', 'Eslovênia');
INSERT INTO trabalho.usuario_esta_inscrito_no_podcast VALUES (2, '67074e68-bc2f-442b-8af2-7d328b6af6eb', 'usr_107');
INSERT INTO trabalho.comentarios_podcast_usuario VALUES ('comment_107_0_0', 'Totam voluptate vel numquam.', '67074e68-bc2f-442b-8af2-7d328b6af6eb', 'usr_107');
INSERT INTO trabalho.comentarios_podcast_usuario VALUES ('comment_107_1_0', 'Provident enim ex eligendi nihil.', '67074e68-bc2f-442b-8af2-7d328b6af6eb', 'usr_107');
INSERT INTO trabalho.comentarios_podcast_usuario VALUES ('comment_107_2_0', 'Repudiandae et modi corrupti earum.', '67074e68-bc2f-442b-8af2-7d328b6af6eb', 'usr_107');
INSERT INTO trabalho.log_acesso VALUES ('log_107_0_0', '67074e68-bc2f-442b-8af2-7d328b6af6eb', 'usr_107');
INSERT INTO trabalho.log_acesso VALUES ('log_107_1_0', '67074e68-bc2f-442b-8af2-7d328b6af6eb', 'usr_107');
INSERT INTO trabalho.log_acesso VALUES ('log_107_2_0', '67074e68-bc2f-442b-8af2-7d328b6af6eb', 'usr_107');
INSERT INTO trabalho.log_acesso VALUES ('log_107_3_0', '67074e68-bc2f-442b-8af2-7d328b6af6eb', 'usr_107');
INSERT INTO trabalho.log_acesso VALUES ('log_107_4_0', '67074e68-bc2f-442b-8af2-7d328b6af6eb', 'usr_107');
INSERT INTO trabalho.usuario_esta_inscrito_no_podcast VALUES (3, 'af46a958-b921-47b6-9f87-5c4fdc68ea79', 'usr_107');
INSERT INTO trabalho.comentarios_podcast_usuario VALUES ('comment_107_0_1', 'Architecto similique nostrum voluptatem.', 'af46a958-b921-47b6-9f87-5c4fdc68ea79', 'usr_107');
INSERT INTO trabalho.comentarios_podcast_usuario VALUES ('comment_107_1_1', 'Fugiat qui ut aperiam saepe eveniet.', 'af46a958-b921-47b6-9f87-5c4fdc68ea79', 'usr_107');
INSERT INTO trabalho.comentarios_podcast_usuario VALUES ('comment_107_2_1', 'Assumenda magni minus est.', 'af46a958-b921-47b6-9f87-5c4fdc68ea79', 'usr_107');
INSERT INTO trabalho.comentarios_podcast_usuario VALUES ('comment_107_3_1', 'Eum labore distinctio.', 'af46a958-b921-47b6-9f87-5c4fdc68ea79', 'usr_107');
INSERT INTO trabalho.log_acesso VALUES ('log_107_0_1', 'af46a958-b921-47b6-9f87-5c4fdc68ea79', 'usr_107');
INSERT INTO trabalho.log_acesso VALUES ('log_107_1_1', 'af46a958-b921-47b6-9f87-5c4fdc68ea79', 'usr_107');
INSERT INTO trabalho.log_acesso VALUES ('log_107_2_1', 'af46a958-b921-47b6-9f87-5c4fdc68ea79', 'usr_107');
INSERT INTO trabalho.usuario_esta_inscrito_no_podcast VALUES (2, '5bdf7377-8330-4f9f-8efd-e95301c122ce', 'usr_107');
INSERT INTO trabalho.comentarios_podcast_usuario VALUES ('comment_107_0_2', 'Vel tempore eaque officia nihil rerum vitae est enim.', '5bdf7377-8330-4f9f-8efd-e95301c122ce', 'usr_107');
INSERT INTO trabalho.log_acesso VALUES ('log_107_0_2', '5bdf7377-8330-4f9f-8efd-e95301c122ce', 'usr_107');
INSERT INTO trabalho.log_acesso VALUES ('log_107_1_2', '5bdf7377-8330-4f9f-8efd-e95301c122ce', 'usr_107');
INSERT INTO trabalho.log_acesso VALUES ('log_107_2_2', '5bdf7377-8330-4f9f-8efd-e95301c122ce', 'usr_107');
INSERT INTO trabalho.usuario VALUES ('usr_108', '108_Alessandro_Carvalho4@bol.com.br', 'Alessandro Carvalho', 'male', 31, 'password', 'Guiné Equatorial');
INSERT INTO trabalho.usuario_esta_inscrito_no_podcast VALUES (4, 'b553d865-8fe2-47de-9a30-10e1dea3bd1d', 'usr_108');
INSERT INTO trabalho.comentarios_podcast_usuario VALUES ('comment_108_0_0', 'Ab commodi eius sint laudantium nesciunt doloribus.', 'b553d865-8fe2-47de-9a30-10e1dea3bd1d', 'usr_108');
INSERT INTO trabalho.log_acesso VALUES ('log_108_0_0', 'b553d865-8fe2-47de-9a30-10e1dea3bd1d', 'usr_108');
INSERT INTO trabalho.log_acesso VALUES ('log_108_1_0', 'b553d865-8fe2-47de-9a30-10e1dea3bd1d', 'usr_108');
INSERT INTO trabalho.log_acesso VALUES ('log_108_2_0', 'b553d865-8fe2-47de-9a30-10e1dea3bd1d', 'usr_108');
INSERT INTO trabalho.log_acesso VALUES ('log_108_3_0', 'b553d865-8fe2-47de-9a30-10e1dea3bd1d', 'usr_108');
INSERT INTO trabalho.usuario_esta_inscrito_no_podcast VALUES (3, '168c1536-4c42-4b8f-8c77-f06affefec6a', 'usr_108');
INSERT INTO trabalho.comentarios_podcast_usuario VALUES ('comment_108_0_1', 'Dolor odit sit dolorum sed repudiandae ut rerum.', '168c1536-4c42-4b8f-8c77-f06affefec6a', 'usr_108');
INSERT INTO trabalho.comentarios_podcast_usuario VALUES ('comment_108_1_1', 'Cupiditate possimus maxime molestias officia voluptatum.', '168c1536-4c42-4b8f-8c77-f06affefec6a', 'usr_108');
INSERT INTO trabalho.log_acesso VALUES ('log_108_0_1', '168c1536-4c42-4b8f-8c77-f06affefec6a', 'usr_108');
INSERT INTO trabalho.log_acesso VALUES ('log_108_1_1', '168c1536-4c42-4b8f-8c77-f06affefec6a', 'usr_108');
INSERT INTO trabalho.log_acesso VALUES ('log_108_2_1', '168c1536-4c42-4b8f-8c77-f06affefec6a', 'usr_108');
INSERT INTO trabalho.usuario_esta_inscrito_no_podcast VALUES (2, 'de2f0ddb-9903-436a-a5e2-54224254c818', 'usr_108');
INSERT INTO trabalho.comentarios_podcast_usuario VALUES ('comment_108_0_2', 'Ratione quam beatae dolorem.', 'de2f0ddb-9903-436a-a5e2-54224254c818', 'usr_108');
INSERT INTO trabalho.comentarios_podcast_usuario VALUES ('comment_108_1_2', 'Magni quae aliquid molestiae voluptatem quos voluptatem.', 'de2f0ddb-9903-436a-a5e2-54224254c818', 'usr_108');
INSERT INTO trabalho.log_acesso VALUES ('log_108_0_2', 'de2f0ddb-9903-436a-a5e2-54224254c818', 'usr_108');
INSERT INTO trabalho.log_acesso VALUES ('log_108_1_2', 'de2f0ddb-9903-436a-a5e2-54224254c818', 'usr_108');
INSERT INTO trabalho.log_acesso VALUES ('log_108_2_2', 'de2f0ddb-9903-436a-a5e2-54224254c818', 'usr_108');
INSERT INTO trabalho.log_acesso VALUES ('log_108_3_2', 'de2f0ddb-9903-436a-a5e2-54224254c818', 'usr_108');
INSERT INTO trabalho.log_acesso VALUES ('log_108_4_2', 'de2f0ddb-9903-436a-a5e2-54224254c818', 'usr_108');
INSERT INTO trabalho.usuario VALUES ('usr_109', '109_Flix26@bol.com.br', 'Félix Xavier', 'male', 40, 'password', 'Samoa');
INSERT INTO trabalho.usuario_esta_inscrito_no_podcast VALUES (2, 'c58b280a-56d4-4ad8-8c85-730e4ea86361', 'usr_109');
INSERT INTO trabalho.comentarios_podcast_usuario VALUES ('comment_109_0_0', 'Culpa quidem perferendis dolor dignissimos.', 'c58b280a-56d4-4ad8-8c85-730e4ea86361', 'usr_109');
INSERT INTO trabalho.comentarios_podcast_usuario VALUES ('comment_109_1_0', 'Qui voluptas deleniti id.', 'c58b280a-56d4-4ad8-8c85-730e4ea86361', 'usr_109');
INSERT INTO trabalho.comentarios_podcast_usuario VALUES ('comment_109_2_0', 'Enim accusantium aut omnis veniam dolorem suscipit autem.', 'c58b280a-56d4-4ad8-8c85-730e4ea86361', 'usr_109');
INSERT INTO trabalho.comentarios_podcast_usuario VALUES ('comment_109_3_0', 'Eligendi velit architecto tenetur temporibus eveniet.', 'c58b280a-56d4-4ad8-8c85-730e4ea86361', 'usr_109');
INSERT INTO trabalho.log_acesso VALUES ('log_109_0_0', 'c58b280a-56d4-4ad8-8c85-730e4ea86361', 'usr_109');
INSERT INTO trabalho.usuario_esta_inscrito_no_podcast VALUES (3, 'fa3abe16-3645-4d22-a01d-893e6f20c408', 'usr_109');
INSERT INTO trabalho.comentarios_podcast_usuario VALUES ('comment_109_0_1', 'Est sed quae suscipit quaerat aliquid.', 'fa3abe16-3645-4d22-a01d-893e6f20c408', 'usr_109');
INSERT INTO trabalho.comentarios_podcast_usuario VALUES ('comment_109_1_1', 'Ut ut rerum voluptas consequatur fugit dolor.', 'fa3abe16-3645-4d22-a01d-893e6f20c408', 'usr_109');
INSERT INTO trabalho.comentarios_podcast_usuario VALUES ('comment_109_2_1', 'Perferendis aut quidem fugiat beatae qui est sit vel veritatis.', 'fa3abe16-3645-4d22-a01d-893e6f20c408', 'usr_109');
INSERT INTO trabalho.log_acesso VALUES ('log_109_0_1', 'fa3abe16-3645-4d22-a01d-893e6f20c408', 'usr_109');
INSERT INTO trabalho.usuario_esta_inscrito_no_podcast VALUES (4, 'b553d865-8fe2-47de-9a30-10e1dea3bd1d', 'usr_109');
INSERT INTO trabalho.comentarios_podcast_usuario VALUES ('comment_109_0_2', 'Sit deleniti accusamus.', 'b553d865-8fe2-47de-9a30-10e1dea3bd1d', 'usr_109');
INSERT INTO trabalho.comentarios_podcast_usuario VALUES ('comment_109_1_2', 'Inventore et quos aut ullam.', 'b553d865-8fe2-47de-9a30-10e1dea3bd1d', 'usr_109');
INSERT INTO trabalho.comentarios_podcast_usuario VALUES ('comment_109_2_2', 'Itaque magni maxime.', 'b553d865-8fe2-47de-9a30-10e1dea3bd1d', 'usr_109');
INSERT INTO trabalho.comentarios_podcast_usuario VALUES ('comment_109_3_2', 'Nulla quam voluptatem ea nam.', 'b553d865-8fe2-47de-9a30-10e1dea3bd1d', 'usr_109');
INSERT INTO trabalho.log_acesso VALUES ('log_109_0_2', 'b553d865-8fe2-47de-9a30-10e1dea3bd1d', 'usr_109');
INSERT INTO trabalho.log_acesso VALUES ('log_109_1_2', 'b553d865-8fe2-47de-9a30-10e1dea3bd1d', 'usr_109');
INSERT INTO trabalho.log_acesso VALUES ('log_109_2_2', 'b553d865-8fe2-47de-9a30-10e1dea3bd1d', 'usr_109');
INSERT INTO trabalho.log_acesso VALUES ('log_109_3_2', 'b553d865-8fe2-47de-9a30-10e1dea3bd1d', 'usr_109');
INSERT INTO trabalho.log_acesso VALUES ('log_109_4_2', 'b553d865-8fe2-47de-9a30-10e1dea3bd1d', 'usr_109');
INSERT INTO trabalho.log_acesso VALUES ('log_109_5_2', 'b553d865-8fe2-47de-9a30-10e1dea3bd1d', 'usr_109');
INSERT INTO trabalho.usuario VALUES ('usr_110', '110_Lvia_Braga@yahoo.com', 'Lívia Braga', 'female', 33, 'password', 'Jersey');
INSERT INTO trabalho.usuario_esta_inscrito_no_podcast VALUES (5, 'b553d865-8fe2-47de-9a30-10e1dea3bd1d', 'usr_110');
INSERT INTO trabalho.comentarios_podcast_usuario VALUES ('comment_110_0_0', 'Ut eaque consequuntur.', 'b553d865-8fe2-47de-9a30-10e1dea3bd1d', 'usr_110');
INSERT INTO trabalho.comentarios_podcast_usuario VALUES ('comment_110_1_0', 'Ab velit consequatur.', 'b553d865-8fe2-47de-9a30-10e1dea3bd1d', 'usr_110');
INSERT INTO trabalho.log_acesso VALUES ('log_110_0_0', 'b553d865-8fe2-47de-9a30-10e1dea3bd1d', 'usr_110');
INSERT INTO trabalho.log_acesso VALUES ('log_110_1_0', 'b553d865-8fe2-47de-9a30-10e1dea3bd1d', 'usr_110');
INSERT INTO trabalho.log_acesso VALUES ('log_110_2_0', 'b553d865-8fe2-47de-9a30-10e1dea3bd1d', 'usr_110');
INSERT INTO trabalho.log_acesso VALUES ('log_110_3_0', 'b553d865-8fe2-47de-9a30-10e1dea3bd1d', 'usr_110');
INSERT INTO trabalho.usuario_esta_inscrito_no_podcast VALUES (3, '219328a1-cec6-4e8c-b003-52a3ec9766bb', 'usr_110');
INSERT INTO trabalho.comentarios_podcast_usuario VALUES ('comment_110_0_1', 'Quia a architecto voluptatem est sunt voluptatem ut.', '219328a1-cec6-4e8c-b003-52a3ec9766bb', 'usr_110');
INSERT INTO trabalho.comentarios_podcast_usuario VALUES ('comment_110_1_1', 'Vel iusto dicta alias tempore ea.', '219328a1-cec6-4e8c-b003-52a3ec9766bb', 'usr_110');
INSERT INTO trabalho.comentarios_podcast_usuario VALUES ('comment_110_2_1', 'Omnis repellat saepe labore aut cumque doloribus.', '219328a1-cec6-4e8c-b003-52a3ec9766bb', 'usr_110');
INSERT INTO trabalho.comentarios_podcast_usuario VALUES ('comment_110_3_1', 'Et et enim.', '219328a1-cec6-4e8c-b003-52a3ec9766bb', 'usr_110');
INSERT INTO trabalho.log_acesso VALUES ('log_110_0_1', '219328a1-cec6-4e8c-b003-52a3ec9766bb', 'usr_110');
INSERT INTO trabalho.log_acesso VALUES ('log_110_1_1', '219328a1-cec6-4e8c-b003-52a3ec9766bb', 'usr_110');
INSERT INTO trabalho.log_acesso VALUES ('log_110_2_1', '219328a1-cec6-4e8c-b003-52a3ec9766bb', 'usr_110');
INSERT INTO trabalho.log_acesso VALUES ('log_110_3_1', '219328a1-cec6-4e8c-b003-52a3ec9766bb', 'usr_110');
INSERT INTO trabalho.log_acesso VALUES ('log_110_4_1', '219328a1-cec6-4e8c-b003-52a3ec9766bb', 'usr_110');
INSERT INTO trabalho.usuario_esta_inscrito_no_podcast VALUES (4, 'c58b280a-56d4-4ad8-8c85-730e4ea86361', 'usr_110');
INSERT INTO trabalho.comentarios_podcast_usuario VALUES ('comment_110_0_2', 'Nemo debitis veritatis provident dignissimos quas nihil ut ipsum.', 'c58b280a-56d4-4ad8-8c85-730e4ea86361', 'usr_110');
INSERT INTO trabalho.comentarios_podcast_usuario VALUES ('comment_110_1_2', 'Sint ad dolore cupiditate.', 'c58b280a-56d4-4ad8-8c85-730e4ea86361', 'usr_110');
INSERT INTO trabalho.comentarios_podcast_usuario VALUES ('comment_110_2_2', 'Placeat cupiditate aut possimus animi cum sit quia.', 'c58b280a-56d4-4ad8-8c85-730e4ea86361', 'usr_110');
INSERT INTO trabalho.comentarios_podcast_usuario VALUES ('comment_110_3_2', 'Nostrum minus cum recusandae labore.', 'c58b280a-56d4-4ad8-8c85-730e4ea86361', 'usr_110');
INSERT INTO trabalho.comentarios_podcast_usuario VALUES ('comment_110_4_2', 'Ad ut debitis fugit officiis.', 'c58b280a-56d4-4ad8-8c85-730e4ea86361', 'usr_110');
INSERT INTO trabalho.log_acesso VALUES ('log_110_0_2', 'c58b280a-56d4-4ad8-8c85-730e4ea86361', 'usr_110');
INSERT INTO trabalho.log_acesso VALUES ('log_110_1_2', 'c58b280a-56d4-4ad8-8c85-730e4ea86361', 'usr_110');
INSERT INTO trabalho.log_acesso VALUES ('log_110_2_2', 'c58b280a-56d4-4ad8-8c85-730e4ea86361', 'usr_110');
INSERT INTO trabalho.usuario VALUES ('usr_111', '111_MariaCeclia60@yahoo.com', 'Maria Cecília Melo', 'female', 18, 'password', 'Ilhas Marshall');
INSERT INTO trabalho.usuario_esta_inscrito_no_podcast VALUES (4, '168c1536-4c42-4b8f-8c77-f06affefec6a', 'usr_111');
INSERT INTO trabalho.comentarios_podcast_usuario VALUES ('comment_111_0_0', 'Voluptas eaque quidem aliquid sed omnis aut commodi facilis.', '168c1536-4c42-4b8f-8c77-f06affefec6a', 'usr_111');
INSERT INTO trabalho.comentarios_podcast_usuario VALUES ('comment_111_1_0', 'Eos cumque reprehenderit deserunt velit sunt.', '168c1536-4c42-4b8f-8c77-f06affefec6a', 'usr_111');
INSERT INTO trabalho.comentarios_podcast_usuario VALUES ('comment_111_2_0', 'Est rerum nulla autem nam iste.', '168c1536-4c42-4b8f-8c77-f06affefec6a', 'usr_111');
INSERT INTO trabalho.comentarios_podcast_usuario VALUES ('comment_111_3_0', 'Impedit adipisci recusandae inventore quo dignissimos.', '168c1536-4c42-4b8f-8c77-f06affefec6a', 'usr_111');
INSERT INTO trabalho.log_acesso VALUES ('log_111_0_0', '168c1536-4c42-4b8f-8c77-f06affefec6a', 'usr_111');
INSERT INTO trabalho.log_acesso VALUES ('log_111_1_0', '168c1536-4c42-4b8f-8c77-f06affefec6a', 'usr_111');
INSERT INTO trabalho.log_acesso VALUES ('log_111_2_0', '168c1536-4c42-4b8f-8c77-f06affefec6a', 'usr_111');
INSERT INTO trabalho.log_acesso VALUES ('log_111_3_0', '168c1536-4c42-4b8f-8c77-f06affefec6a', 'usr_111');
INSERT INTO trabalho.log_acesso VALUES ('log_111_4_0', '168c1536-4c42-4b8f-8c77-f06affefec6a', 'usr_111');
INSERT INTO trabalho.usuario_esta_inscrito_no_podcast VALUES (5, 'f1b92ce7-47a7-43cd-8586-4a09185cdd05', 'usr_111');
INSERT INTO trabalho.comentarios_podcast_usuario VALUES ('comment_111_0_1', 'Nulla aliquid ut.', 'f1b92ce7-47a7-43cd-8586-4a09185cdd05', 'usr_111');
INSERT INTO trabalho.comentarios_podcast_usuario VALUES ('comment_111_1_1', 'Ipsam omnis consequatur.', 'f1b92ce7-47a7-43cd-8586-4a09185cdd05', 'usr_111');
INSERT INTO trabalho.comentarios_podcast_usuario VALUES ('comment_111_2_1', 'Architecto sapiente qui nihil.', 'f1b92ce7-47a7-43cd-8586-4a09185cdd05', 'usr_111');
INSERT INTO trabalho.comentarios_podcast_usuario VALUES ('comment_111_3_1', 'Nostrum nihil laborum non explicabo rerum sint sit esse quos.', 'f1b92ce7-47a7-43cd-8586-4a09185cdd05', 'usr_111');
INSERT INTO trabalho.log_acesso VALUES ('log_111_0_1', 'f1b92ce7-47a7-43cd-8586-4a09185cdd05', 'usr_111');
INSERT INTO trabalho.log_acesso VALUES ('log_111_1_1', 'f1b92ce7-47a7-43cd-8586-4a09185cdd05', 'usr_111');
INSERT INTO trabalho.log_acesso VALUES ('log_111_2_1', 'f1b92ce7-47a7-43cd-8586-4a09185cdd05', 'usr_111');
INSERT INTO trabalho.usuario_esta_inscrito_no_podcast VALUES (5, 'af46a958-b921-47b6-9f87-5c4fdc68ea79', 'usr_111');
INSERT INTO trabalho.comentarios_podcast_usuario VALUES ('comment_111_0_2', 'Repellendus nihil libero vero consequatur.', 'af46a958-b921-47b6-9f87-5c4fdc68ea79', 'usr_111');
INSERT INTO trabalho.comentarios_podcast_usuario VALUES ('comment_111_1_2', 'Modi laborum reiciendis consequatur sunt harum iste dolor.', 'af46a958-b921-47b6-9f87-5c4fdc68ea79', 'usr_111');
INSERT INTO trabalho.comentarios_podcast_usuario VALUES ('comment_111_2_2', 'Quibusdam atque et officia facere rerum.', 'af46a958-b921-47b6-9f87-5c4fdc68ea79', 'usr_111');
INSERT INTO trabalho.log_acesso VALUES ('log_111_0_2', 'af46a958-b921-47b6-9f87-5c4fdc68ea79', 'usr_111');
INSERT INTO trabalho.log_acesso VALUES ('log_111_1_2', 'af46a958-b921-47b6-9f87-5c4fdc68ea79', 'usr_111');
INSERT INTO trabalho.log_acesso VALUES ('log_111_2_2', 'af46a958-b921-47b6-9f87-5c4fdc68ea79', 'usr_111');
INSERT INTO trabalho.log_acesso VALUES ('log_111_3_2', 'af46a958-b921-47b6-9f87-5c4fdc68ea79', 'usr_111');
INSERT INTO trabalho.usuario VALUES ('usr_112', '112_Sirineu30@bol.com.br', 'Sirineu Braga', 'male', 32, 'password', 'Estados Unidos das Ilhas Virgens');
INSERT INTO trabalho.usuario_esta_inscrito_no_podcast VALUES (3, 'f8e13774-d631-4f34-93f0-2f5d55590265', 'usr_112');
INSERT INTO trabalho.comentarios_podcast_usuario VALUES ('comment_112_0_0', 'Ut quis id sit et sit incidunt nihil consequuntur eos.', 'f8e13774-d631-4f34-93f0-2f5d55590265', 'usr_112');
INSERT INTO trabalho.comentarios_podcast_usuario VALUES ('comment_112_1_0', 'Minus soluta quisquam laudantium magni veritatis ducimus.', 'f8e13774-d631-4f34-93f0-2f5d55590265', 'usr_112');
INSERT INTO trabalho.log_acesso VALUES ('log_112_0_0', 'f8e13774-d631-4f34-93f0-2f5d55590265', 'usr_112');
INSERT INTO trabalho.log_acesso VALUES ('log_112_1_0', 'f8e13774-d631-4f34-93f0-2f5d55590265', 'usr_112');
INSERT INTO trabalho.log_acesso VALUES ('log_112_2_0', 'f8e13774-d631-4f34-93f0-2f5d55590265', 'usr_112');
INSERT INTO trabalho.log_acesso VALUES ('log_112_3_0', 'f8e13774-d631-4f34-93f0-2f5d55590265', 'usr_112');
INSERT INTO trabalho.usuario_esta_inscrito_no_podcast VALUES (3, 'b553d865-8fe2-47de-9a30-10e1dea3bd1d', 'usr_112');
INSERT INTO trabalho.comentarios_podcast_usuario VALUES ('comment_112_0_1', 'Ipsum consectetur aut magni sunt quibusdam.', 'b553d865-8fe2-47de-9a30-10e1dea3bd1d', 'usr_112');
INSERT INTO trabalho.comentarios_podcast_usuario VALUES ('comment_112_1_1', 'Sunt fugiat quaerat officia aspernatur inventore pariatur excepturi.', 'b553d865-8fe2-47de-9a30-10e1dea3bd1d', 'usr_112');
INSERT INTO trabalho.comentarios_podcast_usuario VALUES ('comment_112_2_1', 'Esse non ad est sit atque quaerat excepturi.', 'b553d865-8fe2-47de-9a30-10e1dea3bd1d', 'usr_112');
INSERT INTO trabalho.comentarios_podcast_usuario VALUES ('comment_112_3_1', 'Nobis ut aut modi qui quo et.', 'b553d865-8fe2-47de-9a30-10e1dea3bd1d', 'usr_112');
INSERT INTO trabalho.comentarios_podcast_usuario VALUES ('comment_112_4_1', 'Expedita non quas est enim alias.', 'b553d865-8fe2-47de-9a30-10e1dea3bd1d', 'usr_112');
INSERT INTO trabalho.log_acesso VALUES ('log_112_0_1', 'b553d865-8fe2-47de-9a30-10e1dea3bd1d', 'usr_112');
INSERT INTO trabalho.log_acesso VALUES ('log_112_1_1', 'b553d865-8fe2-47de-9a30-10e1dea3bd1d', 'usr_112');
INSERT INTO trabalho.usuario_esta_inscrito_no_podcast VALUES (4, 'af46a958-b921-47b6-9f87-5c4fdc68ea79', 'usr_112');
INSERT INTO trabalho.comentarios_podcast_usuario VALUES ('comment_112_0_2', 'Odit delectus corrupti ut aut accusantium cumque.', 'af46a958-b921-47b6-9f87-5c4fdc68ea79', 'usr_112');
INSERT INTO trabalho.comentarios_podcast_usuario VALUES ('comment_112_1_2', 'Vel aliquam eum quia doloremque veniam magnam quasi cum.', 'af46a958-b921-47b6-9f87-5c4fdc68ea79', 'usr_112');
INSERT INTO trabalho.log_acesso VALUES ('log_112_0_2', 'af46a958-b921-47b6-9f87-5c4fdc68ea79', 'usr_112');
INSERT INTO trabalho.log_acesso VALUES ('log_112_1_2', 'af46a958-b921-47b6-9f87-5c4fdc68ea79', 'usr_112');
INSERT INTO trabalho.log_acesso VALUES ('log_112_2_2', 'af46a958-b921-47b6-9f87-5c4fdc68ea79', 'usr_112');
INSERT INTO trabalho.usuario VALUES ('usr_113', '113_Slvia0@gmail.com', 'Sílvia Souza', 'female', 38, 'password', 'Butão');
INSERT INTO trabalho.usuario_esta_inscrito_no_podcast VALUES (3, 'f0166bd2-8e4d-4308-b5d7-0b3d627c5dc5', 'usr_113');
INSERT INTO trabalho.comentarios_podcast_usuario VALUES ('comment_113_0_0', 'Necessitatibus qui et dicta nemo sunt facilis accusamus.', 'f0166bd2-8e4d-4308-b5d7-0b3d627c5dc5', 'usr_113');
INSERT INTO trabalho.comentarios_podcast_usuario VALUES ('comment_113_1_0', 'A voluptatum quis.', 'f0166bd2-8e4d-4308-b5d7-0b3d627c5dc5', 'usr_113');
INSERT INTO trabalho.comentarios_podcast_usuario VALUES ('comment_113_2_0', 'Illum facilis odio quis.', 'f0166bd2-8e4d-4308-b5d7-0b3d627c5dc5', 'usr_113');
INSERT INTO trabalho.comentarios_podcast_usuario VALUES ('comment_113_3_0', 'Et molestiae quia.', 'f0166bd2-8e4d-4308-b5d7-0b3d627c5dc5', 'usr_113');
INSERT INTO trabalho.log_acesso VALUES ('log_113_0_0', 'f0166bd2-8e4d-4308-b5d7-0b3d627c5dc5', 'usr_113');
INSERT INTO trabalho.log_acesso VALUES ('log_113_1_0', 'f0166bd2-8e4d-4308-b5d7-0b3d627c5dc5', 'usr_113');
INSERT INTO trabalho.usuario_esta_inscrito_no_podcast VALUES (3, 'f8e13774-d631-4f34-93f0-2f5d55590265', 'usr_113');
INSERT INTO trabalho.comentarios_podcast_usuario VALUES ('comment_113_0_1', 'Aliquid in numquam quia aspernatur.', 'f8e13774-d631-4f34-93f0-2f5d55590265', 'usr_113');
INSERT INTO trabalho.comentarios_podcast_usuario VALUES ('comment_113_1_1', 'Dolores asperiores maxime consequatur.', 'f8e13774-d631-4f34-93f0-2f5d55590265', 'usr_113');
INSERT INTO trabalho.log_acesso VALUES ('log_113_0_1', 'f8e13774-d631-4f34-93f0-2f5d55590265', 'usr_113');
INSERT INTO trabalho.log_acesso VALUES ('log_113_1_1', 'f8e13774-d631-4f34-93f0-2f5d55590265', 'usr_113');
INSERT INTO trabalho.log_acesso VALUES ('log_113_2_1', 'f8e13774-d631-4f34-93f0-2f5d55590265', 'usr_113');
INSERT INTO trabalho.usuario_esta_inscrito_no_podcast VALUES (4, 'fa3abe16-3645-4d22-a01d-893e6f20c408', 'usr_113');
INSERT INTO trabalho.comentarios_podcast_usuario VALUES ('comment_113_0_2', 'Rerum qui dolores repudiandae quia omnis sed neque accusantium.', 'fa3abe16-3645-4d22-a01d-893e6f20c408', 'usr_113');
INSERT INTO trabalho.comentarios_podcast_usuario VALUES ('comment_113_1_2', 'Voluptas nulla temporibus ipsa minus dignissimos.', 'fa3abe16-3645-4d22-a01d-893e6f20c408', 'usr_113');
INSERT INTO trabalho.comentarios_podcast_usuario VALUES ('comment_113_2_2', 'Quia culpa sint asperiores ut alias quos dolorem illo sint.', 'fa3abe16-3645-4d22-a01d-893e6f20c408', 'usr_113');
INSERT INTO trabalho.comentarios_podcast_usuario VALUES ('comment_113_3_2', 'Sed minima perferendis aperiam nostrum dolores.', 'fa3abe16-3645-4d22-a01d-893e6f20c408', 'usr_113');
INSERT INTO trabalho.log_acesso VALUES ('log_113_0_2', 'fa3abe16-3645-4d22-a01d-893e6f20c408', 'usr_113');
INSERT INTO trabalho.log_acesso VALUES ('log_113_1_2', 'fa3abe16-3645-4d22-a01d-893e6f20c408', 'usr_113');
INSERT INTO trabalho.log_acesso VALUES ('log_113_2_2', 'fa3abe16-3645-4d22-a01d-893e6f20c408', 'usr_113');
INSERT INTO trabalho.log_acesso VALUES ('log_113_3_2', 'fa3abe16-3645-4d22-a01d-893e6f20c408', 'usr_113');
INSERT INTO trabalho.log_acesso VALUES ('log_113_4_2', 'fa3abe16-3645-4d22-a01d-893e6f20c408', 'usr_113');
INSERT INTO trabalho.usuario VALUES ('usr_114', '114_Yasmin6@yahoo.com', 'Yasmin Barros', 'female', 2, 'password', 'São Bartolomeu');
INSERT INTO trabalho.usuario_esta_inscrito_no_podcast VALUES (4, 'f8e13774-d631-4f34-93f0-2f5d55590265', 'usr_114');
INSERT INTO trabalho.comentarios_podcast_usuario VALUES ('comment_114_0_0', 'Quae et dicta et illo.', 'f8e13774-d631-4f34-93f0-2f5d55590265', 'usr_114');
INSERT INTO trabalho.comentarios_podcast_usuario VALUES ('comment_114_1_0', 'Aut voluptatum tempore sit ea.', 'f8e13774-d631-4f34-93f0-2f5d55590265', 'usr_114');
INSERT INTO trabalho.log_acesso VALUES ('log_114_0_0', 'f8e13774-d631-4f34-93f0-2f5d55590265', 'usr_114');
INSERT INTO trabalho.log_acesso VALUES ('log_114_1_0', 'f8e13774-d631-4f34-93f0-2f5d55590265', 'usr_114');
INSERT INTO trabalho.log_acesso VALUES ('log_114_2_0', 'f8e13774-d631-4f34-93f0-2f5d55590265', 'usr_114');
INSERT INTO trabalho.log_acesso VALUES ('log_114_3_0', 'f8e13774-d631-4f34-93f0-2f5d55590265', 'usr_114');
INSERT INTO trabalho.log_acesso VALUES ('log_114_4_0', 'f8e13774-d631-4f34-93f0-2f5d55590265', 'usr_114');
INSERT INTO trabalho.usuario_esta_inscrito_no_podcast VALUES (3, '67074e68-bc2f-442b-8af2-7d328b6af6eb', 'usr_114');
INSERT INTO trabalho.comentarios_podcast_usuario VALUES ('comment_114_0_1', 'Officiis quis voluptatem mollitia veniam quam quia.', '67074e68-bc2f-442b-8af2-7d328b6af6eb', 'usr_114');
INSERT INTO trabalho.comentarios_podcast_usuario VALUES ('comment_114_1_1', 'Explicabo molestiae quam dolorem maxime eos doloremque laboriosam tempora architecto.', '67074e68-bc2f-442b-8af2-7d328b6af6eb', 'usr_114');
INSERT INTO trabalho.log_acesso VALUES ('log_114_0_1', '67074e68-bc2f-442b-8af2-7d328b6af6eb', 'usr_114');
INSERT INTO trabalho.log_acesso VALUES ('log_114_1_1', '67074e68-bc2f-442b-8af2-7d328b6af6eb', 'usr_114');
INSERT INTO trabalho.log_acesso VALUES ('log_114_2_1', '67074e68-bc2f-442b-8af2-7d328b6af6eb', 'usr_114');
INSERT INTO trabalho.log_acesso VALUES ('log_114_3_1', '67074e68-bc2f-442b-8af2-7d328b6af6eb', 'usr_114');
INSERT INTO trabalho.usuario_esta_inscrito_no_podcast VALUES (4, 'f1b92ce7-47a7-43cd-8586-4a09185cdd05', 'usr_114');
INSERT INTO trabalho.comentarios_podcast_usuario VALUES ('comment_114_0_2', 'Iste quo officiis dignissimos magnam voluptatum.', 'f1b92ce7-47a7-43cd-8586-4a09185cdd05', 'usr_114');
INSERT INTO trabalho.comentarios_podcast_usuario VALUES ('comment_114_1_2', 'Culpa debitis quasi dolores quia debitis officia saepe et.', 'f1b92ce7-47a7-43cd-8586-4a09185cdd05', 'usr_114');
INSERT INTO trabalho.comentarios_podcast_usuario VALUES ('comment_114_2_2', 'Repellendus at occaecati dolor velit.', 'f1b92ce7-47a7-43cd-8586-4a09185cdd05', 'usr_114');
INSERT INTO trabalho.comentarios_podcast_usuario VALUES ('comment_114_3_2', 'Placeat distinctio veritatis iusto dignissimos vel sed unde architecto.', 'f1b92ce7-47a7-43cd-8586-4a09185cdd05', 'usr_114');
INSERT INTO trabalho.comentarios_podcast_usuario VALUES ('comment_114_4_2', 'Aut magni qui aut est laboriosam voluptas amet.', 'f1b92ce7-47a7-43cd-8586-4a09185cdd05', 'usr_114');
INSERT INTO trabalho.comentarios_podcast_usuario VALUES ('comment_114_5_2', 'Officia odit odit in incidunt aliquam voluptates.', 'f1b92ce7-47a7-43cd-8586-4a09185cdd05', 'usr_114');
INSERT INTO trabalho.comentarios_podcast_usuario VALUES ('comment_114_6_2', 'Cumque qui ipsam omnis debitis aspernatur.', 'f1b92ce7-47a7-43cd-8586-4a09185cdd05', 'usr_114');
INSERT INTO trabalho.log_acesso VALUES ('log_114_0_2', 'f1b92ce7-47a7-43cd-8586-4a09185cdd05', 'usr_114');
INSERT INTO trabalho.log_acesso VALUES ('log_114_1_2', 'f1b92ce7-47a7-43cd-8586-4a09185cdd05', 'usr_114');
INSERT INTO trabalho.usuario VALUES ('usr_115', '115_Antnio.Santos@live.com', 'Antônio Santos', 'male', 16, 'password', 'Irlanda');
INSERT INTO trabalho.usuario_esta_inscrito_no_podcast VALUES (0, 'f1b92ce7-47a7-43cd-8586-4a09185cdd05', 'usr_115');
INSERT INTO trabalho.comentarios_podcast_usuario VALUES ('comment_115_0_0', 'Quam dolorum praesentium et deserunt temporibus et vel rerum.', 'f1b92ce7-47a7-43cd-8586-4a09185cdd05', 'usr_115');
INSERT INTO trabalho.comentarios_podcast_usuario VALUES ('comment_115_1_0', 'Laudantium itaque accusantium veniam illo eum natus.', 'f1b92ce7-47a7-43cd-8586-4a09185cdd05', 'usr_115');
INSERT INTO trabalho.comentarios_podcast_usuario VALUES ('comment_115_2_0', 'Magni sunt exercitationem quisquam est vero ullam sint tempora dicta.', 'f1b92ce7-47a7-43cd-8586-4a09185cdd05', 'usr_115');
INSERT INTO trabalho.comentarios_podcast_usuario VALUES ('comment_115_3_0', 'Ut quo soluta magnam.', 'f1b92ce7-47a7-43cd-8586-4a09185cdd05', 'usr_115');
INSERT INTO trabalho.log_acesso VALUES ('log_115_0_0', 'f1b92ce7-47a7-43cd-8586-4a09185cdd05', 'usr_115');
INSERT INTO trabalho.usuario_esta_inscrito_no_podcast VALUES (0, '168c1536-4c42-4b8f-8c77-f06affefec6a', 'usr_115');
INSERT INTO trabalho.comentarios_podcast_usuario VALUES ('comment_115_0_1', 'Consequuntur deleniti atque.', '168c1536-4c42-4b8f-8c77-f06affefec6a', 'usr_115');
INSERT INTO trabalho.comentarios_podcast_usuario VALUES ('comment_115_1_1', 'Tempora soluta rerum deleniti dolor et dolorem.', '168c1536-4c42-4b8f-8c77-f06affefec6a', 'usr_115');
INSERT INTO trabalho.log_acesso VALUES ('log_115_0_1', '168c1536-4c42-4b8f-8c77-f06affefec6a', 'usr_115');
INSERT INTO trabalho.log_acesso VALUES ('log_115_1_1', '168c1536-4c42-4b8f-8c77-f06affefec6a', 'usr_115');
INSERT INTO trabalho.log_acesso VALUES ('log_115_2_1', '168c1536-4c42-4b8f-8c77-f06affefec6a', 'usr_115');
INSERT INTO trabalho.log_acesso VALUES ('log_115_3_1', '168c1536-4c42-4b8f-8c77-f06affefec6a', 'usr_115');
INSERT INTO trabalho.log_acesso VALUES ('log_115_4_1', '168c1536-4c42-4b8f-8c77-f06affefec6a', 'usr_115');
INSERT INTO trabalho.usuario_esta_inscrito_no_podcast VALUES (2, '67074e68-bc2f-442b-8af2-7d328b6af6eb', 'usr_115');
INSERT INTO trabalho.comentarios_podcast_usuario VALUES ('comment_115_0_2', 'Exercitationem accusamus vitae necessitatibus adipisci et mollitia voluptas eaque maxime.', '67074e68-bc2f-442b-8af2-7d328b6af6eb', 'usr_115');
INSERT INTO trabalho.comentarios_podcast_usuario VALUES ('comment_115_1_2', 'Voluptatum qui sint aut voluptas ab consequatur.', '67074e68-bc2f-442b-8af2-7d328b6af6eb', 'usr_115');
INSERT INTO trabalho.log_acesso VALUES ('log_115_0_2', '67074e68-bc2f-442b-8af2-7d328b6af6eb', 'usr_115');
INSERT INTO trabalho.usuario VALUES ('usr_116', '116_Joo_Franco75@hotmail.com', 'João Franco', 'male', 43, 'password', 'Gana');
INSERT INTO trabalho.usuario_esta_inscrito_no_podcast VALUES (4, '219328a1-cec6-4e8c-b003-52a3ec9766bb', 'usr_116');
INSERT INTO trabalho.comentarios_podcast_usuario VALUES ('comment_116_0_0', 'Quia quibusdam atque earum non itaque.', '219328a1-cec6-4e8c-b003-52a3ec9766bb', 'usr_116');
INSERT INTO trabalho.comentarios_podcast_usuario VALUES ('comment_116_1_0', 'Architecto quidem aperiam consectetur excepturi minima esse.', '219328a1-cec6-4e8c-b003-52a3ec9766bb', 'usr_116');
INSERT INTO trabalho.comentarios_podcast_usuario VALUES ('comment_116_2_0', 'Ullam aliquam placeat enim a culpa quas ea fugit omnis.', '219328a1-cec6-4e8c-b003-52a3ec9766bb', 'usr_116');
INSERT INTO trabalho.comentarios_podcast_usuario VALUES ('comment_116_3_0', 'Qui et voluptatem quia sapiente impedit perferendis sit ipsum praesentium.', '219328a1-cec6-4e8c-b003-52a3ec9766bb', 'usr_116');
INSERT INTO trabalho.comentarios_podcast_usuario VALUES ('comment_116_4_0', 'Et dolorum aut eaque minus magnam harum libero omnis.', '219328a1-cec6-4e8c-b003-52a3ec9766bb', 'usr_116');
INSERT INTO trabalho.log_acesso VALUES ('log_116_0_0', '219328a1-cec6-4e8c-b003-52a3ec9766bb', 'usr_116');
INSERT INTO trabalho.log_acesso VALUES ('log_116_1_0', '219328a1-cec6-4e8c-b003-52a3ec9766bb', 'usr_116');
INSERT INTO trabalho.log_acesso VALUES ('log_116_2_0', '219328a1-cec6-4e8c-b003-52a3ec9766bb', 'usr_116');
INSERT INTO trabalho.log_acesso VALUES ('log_116_3_0', '219328a1-cec6-4e8c-b003-52a3ec9766bb', 'usr_116');
INSERT INTO trabalho.log_acesso VALUES ('log_116_4_0', '219328a1-cec6-4e8c-b003-52a3ec9766bb', 'usr_116');
INSERT INTO trabalho.log_acesso VALUES ('log_116_5_0', '219328a1-cec6-4e8c-b003-52a3ec9766bb', 'usr_116');
INSERT INTO trabalho.log_acesso VALUES ('log_116_6_0', '219328a1-cec6-4e8c-b003-52a3ec9766bb', 'usr_116');
INSERT INTO trabalho.usuario_esta_inscrito_no_podcast VALUES (2, 'f8e13774-d631-4f34-93f0-2f5d55590265', 'usr_116');
INSERT INTO trabalho.comentarios_podcast_usuario VALUES ('comment_116_0_1', 'Corporis in commodi est eius ducimus.', 'f8e13774-d631-4f34-93f0-2f5d55590265', 'usr_116');
INSERT INTO trabalho.comentarios_podcast_usuario VALUES ('comment_116_1_1', 'Similique voluptates totam ab consequatur sit qui.', 'f8e13774-d631-4f34-93f0-2f5d55590265', 'usr_116');
INSERT INTO trabalho.comentarios_podcast_usuario VALUES ('comment_116_2_1', 'Nesciunt doloribus omnis porro quaerat voluptatem quia ducimus in.', 'f8e13774-d631-4f34-93f0-2f5d55590265', 'usr_116');
INSERT INTO trabalho.log_acesso VALUES ('log_116_0_1', 'f8e13774-d631-4f34-93f0-2f5d55590265', 'usr_116');
INSERT INTO trabalho.log_acesso VALUES ('log_116_1_1', 'f8e13774-d631-4f34-93f0-2f5d55590265', 'usr_116');
INSERT INTO trabalho.log_acesso VALUES ('log_116_2_1', 'f8e13774-d631-4f34-93f0-2f5d55590265', 'usr_116');
INSERT INTO trabalho.usuario_esta_inscrito_no_podcast VALUES (1, '168c1536-4c42-4b8f-8c77-f06affefec6a', 'usr_116');
INSERT INTO trabalho.comentarios_podcast_usuario VALUES ('comment_116_0_2', 'Qui eius enim.', '168c1536-4c42-4b8f-8c77-f06affefec6a', 'usr_116');
INSERT INTO trabalho.comentarios_podcast_usuario VALUES ('comment_116_1_2', 'Et porro sint sit qui sunt dolorem neque earum.', '168c1536-4c42-4b8f-8c77-f06affefec6a', 'usr_116');
INSERT INTO trabalho.comentarios_podcast_usuario VALUES ('comment_116_2_2', 'Architecto nemo nam possimus ea corporis qui tempora adipisci sapiente.', '168c1536-4c42-4b8f-8c77-f06affefec6a', 'usr_116');
INSERT INTO trabalho.log_acesso VALUES ('log_116_0_2', '168c1536-4c42-4b8f-8c77-f06affefec6a', 'usr_116');
INSERT INTO trabalho.log_acesso VALUES ('log_116_1_2', '168c1536-4c42-4b8f-8c77-f06affefec6a', 'usr_116');
INSERT INTO trabalho.log_acesso VALUES ('log_116_2_2', '168c1536-4c42-4b8f-8c77-f06affefec6a', 'usr_116');
INSERT INTO trabalho.usuario VALUES ('usr_117', '117_Talita13@bol.com.br', 'Talita Reis', 'female', 16, 'password', 'Colômbia');
INSERT INTO trabalho.usuario_esta_inscrito_no_podcast VALUES (4, '5bdf7377-8330-4f9f-8efd-e95301c122ce', 'usr_117');
INSERT INTO trabalho.comentarios_podcast_usuario VALUES ('comment_117_0_0', 'Et debitis autem.', '5bdf7377-8330-4f9f-8efd-e95301c122ce', 'usr_117');
INSERT INTO trabalho.comentarios_podcast_usuario VALUES ('comment_117_1_0', 'Exercitationem nemo ea iusto perferendis.', '5bdf7377-8330-4f9f-8efd-e95301c122ce', 'usr_117');
INSERT INTO trabalho.comentarios_podcast_usuario VALUES ('comment_117_2_0', 'Eos quia vel dolorem occaecati.', '5bdf7377-8330-4f9f-8efd-e95301c122ce', 'usr_117');
INSERT INTO trabalho.comentarios_podcast_usuario VALUES ('comment_117_3_0', 'Aspernatur debitis voluptas est.', '5bdf7377-8330-4f9f-8efd-e95301c122ce', 'usr_117');
INSERT INTO trabalho.log_acesso VALUES ('log_117_0_0', '5bdf7377-8330-4f9f-8efd-e95301c122ce', 'usr_117');
INSERT INTO trabalho.log_acesso VALUES ('log_117_1_0', '5bdf7377-8330-4f9f-8efd-e95301c122ce', 'usr_117');
INSERT INTO trabalho.log_acesso VALUES ('log_117_2_0', '5bdf7377-8330-4f9f-8efd-e95301c122ce', 'usr_117');
INSERT INTO trabalho.log_acesso VALUES ('log_117_3_0', '5bdf7377-8330-4f9f-8efd-e95301c122ce', 'usr_117');
INSERT INTO trabalho.log_acesso VALUES ('log_117_4_0', '5bdf7377-8330-4f9f-8efd-e95301c122ce', 'usr_117');
INSERT INTO trabalho.usuario_esta_inscrito_no_podcast VALUES (5, 'b553d865-8fe2-47de-9a30-10e1dea3bd1d', 'usr_117');
INSERT INTO trabalho.comentarios_podcast_usuario VALUES ('comment_117_0_1', 'Consequatur dignissimos sint saepe repudiandae quos maiores.', 'b553d865-8fe2-47de-9a30-10e1dea3bd1d', 'usr_117');
INSERT INTO trabalho.log_acesso VALUES ('log_117_0_1', 'b553d865-8fe2-47de-9a30-10e1dea3bd1d', 'usr_117');
INSERT INTO trabalho.log_acesso VALUES ('log_117_1_1', 'b553d865-8fe2-47de-9a30-10e1dea3bd1d', 'usr_117');
INSERT INTO trabalho.log_acesso VALUES ('log_117_2_1', 'b553d865-8fe2-47de-9a30-10e1dea3bd1d', 'usr_117');
INSERT INTO trabalho.log_acesso VALUES ('log_117_3_1', 'b553d865-8fe2-47de-9a30-10e1dea3bd1d', 'usr_117');
INSERT INTO trabalho.usuario_esta_inscrito_no_podcast VALUES (0, '67074e68-bc2f-442b-8af2-7d328b6af6eb', 'usr_117');
INSERT INTO trabalho.comentarios_podcast_usuario VALUES ('comment_117_0_2', 'Libero accusamus voluptas sit atque asperiores.', '67074e68-bc2f-442b-8af2-7d328b6af6eb', 'usr_117');
INSERT INTO trabalho.comentarios_podcast_usuario VALUES ('comment_117_1_2', 'Dolor illum blanditiis similique similique et id natus fugit laboriosam.', '67074e68-bc2f-442b-8af2-7d328b6af6eb', 'usr_117');
INSERT INTO trabalho.log_acesso VALUES ('log_117_0_2', '67074e68-bc2f-442b-8af2-7d328b6af6eb', 'usr_117');
INSERT INTO trabalho.log_acesso VALUES ('log_117_1_2', '67074e68-bc2f-442b-8af2-7d328b6af6eb', 'usr_117');
INSERT INTO trabalho.log_acesso VALUES ('log_117_2_2', '67074e68-bc2f-442b-8af2-7d328b6af6eb', 'usr_117');
INSERT INTO trabalho.log_acesso VALUES ('log_117_3_2', '67074e68-bc2f-442b-8af2-7d328b6af6eb', 'usr_117');
INSERT INTO trabalho.log_acesso VALUES ('log_117_4_2', '67074e68-bc2f-442b-8af2-7d328b6af6eb', 'usr_117');
INSERT INTO trabalho.log_acesso VALUES ('log_117_5_2', '67074e68-bc2f-442b-8af2-7d328b6af6eb', 'usr_117');
INSERT INTO trabalho.usuario VALUES ('usr_118', '118_Marcelo39@yahoo.com', 'Marcelo Xavier', 'male', 38, 'password', 'Mongólia');
INSERT INTO trabalho.usuario_esta_inscrito_no_podcast VALUES (5, 'af46a958-b921-47b6-9f87-5c4fdc68ea79', 'usr_118');
INSERT INTO trabalho.comentarios_podcast_usuario VALUES ('comment_118_0_0', 'Provident harum id laudantium id.', 'af46a958-b921-47b6-9f87-5c4fdc68ea79', 'usr_118');
INSERT INTO trabalho.comentarios_podcast_usuario VALUES ('comment_118_1_0', 'Repellat sunt itaque rerum asperiores tenetur dolor ea.', 'af46a958-b921-47b6-9f87-5c4fdc68ea79', 'usr_118');
INSERT INTO trabalho.comentarios_podcast_usuario VALUES ('comment_118_2_0', 'Assumenda excepturi harum expedita sint sequi dolorum autem accusamus laudantium.', 'af46a958-b921-47b6-9f87-5c4fdc68ea79', 'usr_118');
INSERT INTO trabalho.comentarios_podcast_usuario VALUES ('comment_118_3_0', 'Modi qui ducimus et et praesentium dolor ex odit dolor.', 'af46a958-b921-47b6-9f87-5c4fdc68ea79', 'usr_118');
INSERT INTO trabalho.log_acesso VALUES ('log_118_0_0', 'af46a958-b921-47b6-9f87-5c4fdc68ea79', 'usr_118');
INSERT INTO trabalho.log_acesso VALUES ('log_118_1_0', 'af46a958-b921-47b6-9f87-5c4fdc68ea79', 'usr_118');
INSERT INTO trabalho.log_acesso VALUES ('log_118_2_0', 'af46a958-b921-47b6-9f87-5c4fdc68ea79', 'usr_118');
INSERT INTO trabalho.log_acesso VALUES ('log_118_3_0', 'af46a958-b921-47b6-9f87-5c4fdc68ea79', 'usr_118');
INSERT INTO trabalho.log_acesso VALUES ('log_118_4_0', 'af46a958-b921-47b6-9f87-5c4fdc68ea79', 'usr_118');
INSERT INTO trabalho.log_acesso VALUES ('log_118_5_0', 'af46a958-b921-47b6-9f87-5c4fdc68ea79', 'usr_118');
INSERT INTO trabalho.log_acesso VALUES ('log_118_6_0', 'af46a958-b921-47b6-9f87-5c4fdc68ea79', 'usr_118');
INSERT INTO trabalho.usuario_esta_inscrito_no_podcast VALUES (1, 'fa3abe16-3645-4d22-a01d-893e6f20c408', 'usr_118');
INSERT INTO trabalho.comentarios_podcast_usuario VALUES ('comment_118_0_1', 'Vero perspiciatis quia qui omnis possimus culpa eaque nihil et.', 'fa3abe16-3645-4d22-a01d-893e6f20c408', 'usr_118');
INSERT INTO trabalho.comentarios_podcast_usuario VALUES ('comment_118_1_1', 'Mollitia dolorem ratione qui praesentium quas illo exercitationem autem.', 'fa3abe16-3645-4d22-a01d-893e6f20c408', 'usr_118');
INSERT INTO trabalho.comentarios_podcast_usuario VALUES ('comment_118_2_1', 'Minus non asperiores consequuntur consequuntur placeat.', 'fa3abe16-3645-4d22-a01d-893e6f20c408', 'usr_118');
INSERT INTO trabalho.log_acesso VALUES ('log_118_0_1', 'fa3abe16-3645-4d22-a01d-893e6f20c408', 'usr_118');
INSERT INTO trabalho.usuario_esta_inscrito_no_podcast VALUES (2, 'b553d865-8fe2-47de-9a30-10e1dea3bd1d', 'usr_118');
INSERT INTO trabalho.comentarios_podcast_usuario VALUES ('comment_118_0_2', 'Molestiae eaque quia autem provident nam perspiciatis.', 'b553d865-8fe2-47de-9a30-10e1dea3bd1d', 'usr_118');
INSERT INTO trabalho.comentarios_podcast_usuario VALUES ('comment_118_1_2', 'Maiores consequuntur aut officia.', 'b553d865-8fe2-47de-9a30-10e1dea3bd1d', 'usr_118');
INSERT INTO trabalho.comentarios_podcast_usuario VALUES ('comment_118_2_2', 'Sit dolor est natus quibusdam veniam a omnis aut.', 'b553d865-8fe2-47de-9a30-10e1dea3bd1d', 'usr_118');
INSERT INTO trabalho.log_acesso VALUES ('log_118_0_2', 'b553d865-8fe2-47de-9a30-10e1dea3bd1d', 'usr_118');
INSERT INTO trabalho.log_acesso VALUES ('log_118_1_2', 'b553d865-8fe2-47de-9a30-10e1dea3bd1d', 'usr_118');
INSERT INTO trabalho.log_acesso VALUES ('log_118_2_2', 'b553d865-8fe2-47de-9a30-10e1dea3bd1d', 'usr_118');
INSERT INTO trabalho.usuario VALUES ('usr_119', '119_Maria73@yahoo.com', 'Maria Reis', 'female', 42, 'password', 'Quênia');
INSERT INTO trabalho.usuario_esta_inscrito_no_podcast VALUES (3, '168c1536-4c42-4b8f-8c77-f06affefec6a', 'usr_119');
INSERT INTO trabalho.comentarios_podcast_usuario VALUES ('comment_119_0_0', 'Libero tempora magni quas praesentium quisquam quaerat est.', '168c1536-4c42-4b8f-8c77-f06affefec6a', 'usr_119');
INSERT INTO trabalho.comentarios_podcast_usuario VALUES ('comment_119_1_0', 'Nisi ab voluptatibus ut voluptatem qui nobis aspernatur.', '168c1536-4c42-4b8f-8c77-f06affefec6a', 'usr_119');
INSERT INTO trabalho.comentarios_podcast_usuario VALUES ('comment_119_2_0', 'At magni quos ut eaque ex.', '168c1536-4c42-4b8f-8c77-f06affefec6a', 'usr_119');
INSERT INTO trabalho.log_acesso VALUES ('log_119_0_0', '168c1536-4c42-4b8f-8c77-f06affefec6a', 'usr_119');
INSERT INTO trabalho.log_acesso VALUES ('log_119_1_0', '168c1536-4c42-4b8f-8c77-f06affefec6a', 'usr_119');
INSERT INTO trabalho.log_acesso VALUES ('log_119_2_0', '168c1536-4c42-4b8f-8c77-f06affefec6a', 'usr_119');
INSERT INTO trabalho.log_acesso VALUES ('log_119_3_0', '168c1536-4c42-4b8f-8c77-f06affefec6a', 'usr_119');
INSERT INTO trabalho.log_acesso VALUES ('log_119_4_0', '168c1536-4c42-4b8f-8c77-f06affefec6a', 'usr_119');
INSERT INTO trabalho.usuario_esta_inscrito_no_podcast VALUES (2, 'af46a958-b921-47b6-9f87-5c4fdc68ea79', 'usr_119');
INSERT INTO trabalho.comentarios_podcast_usuario VALUES ('comment_119_0_1', 'Dicta fuga adipisci.', 'af46a958-b921-47b6-9f87-5c4fdc68ea79', 'usr_119');
INSERT INTO trabalho.log_acesso VALUES ('log_119_0_1', 'af46a958-b921-47b6-9f87-5c4fdc68ea79', 'usr_119');
INSERT INTO trabalho.log_acesso VALUES ('log_119_1_1', 'af46a958-b921-47b6-9f87-5c4fdc68ea79', 'usr_119');
INSERT INTO trabalho.log_acesso VALUES ('log_119_2_1', 'af46a958-b921-47b6-9f87-5c4fdc68ea79', 'usr_119');
INSERT INTO trabalho.log_acesso VALUES ('log_119_3_1', 'af46a958-b921-47b6-9f87-5c4fdc68ea79', 'usr_119');
INSERT INTO trabalho.usuario_esta_inscrito_no_podcast VALUES (0, 'bc8dac25-793c-4a96-aafc-4ea7020f4f60', 'usr_119');
INSERT INTO trabalho.comentarios_podcast_usuario VALUES ('comment_119_0_2', 'Et impedit molestias eligendi quasi.', 'bc8dac25-793c-4a96-aafc-4ea7020f4f60', 'usr_119');
INSERT INTO trabalho.comentarios_podcast_usuario VALUES ('comment_119_1_2', 'Aut quod explicabo maxime.', 'bc8dac25-793c-4a96-aafc-4ea7020f4f60', 'usr_119');
INSERT INTO trabalho.comentarios_podcast_usuario VALUES ('comment_119_2_2', 'Molestias blanditiis consequatur.', 'bc8dac25-793c-4a96-aafc-4ea7020f4f60', 'usr_119');
INSERT INTO trabalho.comentarios_podcast_usuario VALUES ('comment_119_3_2', 'Accusamus hic molestiae non eveniet laboriosam exercitationem vero.', 'bc8dac25-793c-4a96-aafc-4ea7020f4f60', 'usr_119');
INSERT INTO trabalho.comentarios_podcast_usuario VALUES ('comment_119_4_2', 'Consectetur impedit assumenda incidunt voluptatem.', 'bc8dac25-793c-4a96-aafc-4ea7020f4f60', 'usr_119');
INSERT INTO trabalho.log_acesso VALUES ('log_119_0_2', 'bc8dac25-793c-4a96-aafc-4ea7020f4f60', 'usr_119');
INSERT INTO trabalho.log_acesso VALUES ('log_119_1_2', 'bc8dac25-793c-4a96-aafc-4ea7020f4f60', 'usr_119');
INSERT INTO trabalho.log_acesso VALUES ('log_119_2_2', 'bc8dac25-793c-4a96-aafc-4ea7020f4f60', 'usr_119');
INSERT INTO trabalho.log_acesso VALUES ('log_119_3_2', 'bc8dac25-793c-4a96-aafc-4ea7020f4f60', 'usr_119');
INSERT INTO trabalho.usuario VALUES ('usr_120', '120_Mrcia_Batista72@hotmail.com', 'Márcia Batista', 'female', 38, 'password', 'Coreia do Norte');
INSERT INTO trabalho.usuario_esta_inscrito_no_podcast VALUES (1, 'de2f0ddb-9903-436a-a5e2-54224254c818', 'usr_120');
INSERT INTO trabalho.comentarios_podcast_usuario VALUES ('comment_120_0_0', 'Excepturi impedit quis inventore nemo.', 'de2f0ddb-9903-436a-a5e2-54224254c818', 'usr_120');
INSERT INTO trabalho.comentarios_podcast_usuario VALUES ('comment_120_1_0', 'Reprehenderit officiis soluta distinctio aut atque modi pariatur perferendis et.', 'de2f0ddb-9903-436a-a5e2-54224254c818', 'usr_120');
INSERT INTO trabalho.comentarios_podcast_usuario VALUES ('comment_120_2_0', 'Cumque magnam est voluptate.', 'de2f0ddb-9903-436a-a5e2-54224254c818', 'usr_120');
INSERT INTO trabalho.comentarios_podcast_usuario VALUES ('comment_120_3_0', 'Perferendis facere libero laudantium atque et ad.', 'de2f0ddb-9903-436a-a5e2-54224254c818', 'usr_120');
INSERT INTO trabalho.comentarios_podcast_usuario VALUES ('comment_120_4_0', 'Delectus aliquid sed repellat.', 'de2f0ddb-9903-436a-a5e2-54224254c818', 'usr_120');
INSERT INTO trabalho.log_acesso VALUES ('log_120_0_0', 'de2f0ddb-9903-436a-a5e2-54224254c818', 'usr_120');
INSERT INTO trabalho.log_acesso VALUES ('log_120_1_0', 'de2f0ddb-9903-436a-a5e2-54224254c818', 'usr_120');
INSERT INTO trabalho.log_acesso VALUES ('log_120_2_0', 'de2f0ddb-9903-436a-a5e2-54224254c818', 'usr_120');
INSERT INTO trabalho.usuario_esta_inscrito_no_podcast VALUES (1, '7e429e8e-7669-403d-bb78-3cd7f9f75afd', 'usr_120');
INSERT INTO trabalho.comentarios_podcast_usuario VALUES ('comment_120_0_1', 'Nobis explicabo quo sed illo quae.', '7e429e8e-7669-403d-bb78-3cd7f9f75afd', 'usr_120');
INSERT INTO trabalho.comentarios_podcast_usuario VALUES ('comment_120_1_1', 'Eaque ullam dolor non maxime aspernatur at illo.', '7e429e8e-7669-403d-bb78-3cd7f9f75afd', 'usr_120');
INSERT INTO trabalho.comentarios_podcast_usuario VALUES ('comment_120_2_1', 'Consequatur tempore numquam quia hic ut.', '7e429e8e-7669-403d-bb78-3cd7f9f75afd', 'usr_120');
INSERT INTO trabalho.log_acesso VALUES ('log_120_0_1', '7e429e8e-7669-403d-bb78-3cd7f9f75afd', 'usr_120');
INSERT INTO trabalho.log_acesso VALUES ('log_120_1_1', '7e429e8e-7669-403d-bb78-3cd7f9f75afd', 'usr_120');
INSERT INTO trabalho.log_acesso VALUES ('log_120_2_1', '7e429e8e-7669-403d-bb78-3cd7f9f75afd', 'usr_120');
INSERT INTO trabalho.log_acesso VALUES ('log_120_3_1', '7e429e8e-7669-403d-bb78-3cd7f9f75afd', 'usr_120');
INSERT INTO trabalho.log_acesso VALUES ('log_120_4_1', '7e429e8e-7669-403d-bb78-3cd7f9f75afd', 'usr_120');
INSERT INTO trabalho.usuario_esta_inscrito_no_podcast VALUES (3, 'f1b92ce7-47a7-43cd-8586-4a09185cdd05', 'usr_120');
INSERT INTO trabalho.comentarios_podcast_usuario VALUES ('comment_120_0_2', 'Deserunt suscipit nemo aut voluptas odio dolor ut.', 'f1b92ce7-47a7-43cd-8586-4a09185cdd05', 'usr_120');
INSERT INTO trabalho.comentarios_podcast_usuario VALUES ('comment_120_1_2', 'Ad minus sequi voluptas.', 'f1b92ce7-47a7-43cd-8586-4a09185cdd05', 'usr_120');
INSERT INTO trabalho.log_acesso VALUES ('log_120_0_2', 'f1b92ce7-47a7-43cd-8586-4a09185cdd05', 'usr_120');
INSERT INTO trabalho.usuario VALUES ('usr_121', '121_Emanuel_Moreira33@yahoo.com', 'Emanuel Moreira', 'male', 12, 'password', 'Lesoto');
INSERT INTO trabalho.usuario_esta_inscrito_no_podcast VALUES (2, 'bc8dac25-793c-4a96-aafc-4ea7020f4f60', 'usr_121');
INSERT INTO trabalho.comentarios_podcast_usuario VALUES ('comment_121_0_0', 'Sapiente sunt voluptas fugiat odit voluptatibus.', 'bc8dac25-793c-4a96-aafc-4ea7020f4f60', 'usr_121');
INSERT INTO trabalho.comentarios_podcast_usuario VALUES ('comment_121_1_0', 'Dolores possimus tempore culpa voluptatem consectetur.', 'bc8dac25-793c-4a96-aafc-4ea7020f4f60', 'usr_121');
INSERT INTO trabalho.comentarios_podcast_usuario VALUES ('comment_121_2_0', 'Quam eius nemo.', 'bc8dac25-793c-4a96-aafc-4ea7020f4f60', 'usr_121');
INSERT INTO trabalho.comentarios_podcast_usuario VALUES ('comment_121_3_0', 'Qui placeat earum voluptatem non voluptatem perspiciatis libero.', 'bc8dac25-793c-4a96-aafc-4ea7020f4f60', 'usr_121');
INSERT INTO trabalho.log_acesso VALUES ('log_121_0_0', 'bc8dac25-793c-4a96-aafc-4ea7020f4f60', 'usr_121');
INSERT INTO trabalho.log_acesso VALUES ('log_121_1_0', 'bc8dac25-793c-4a96-aafc-4ea7020f4f60', 'usr_121');
INSERT INTO trabalho.log_acesso VALUES ('log_121_2_0', 'bc8dac25-793c-4a96-aafc-4ea7020f4f60', 'usr_121');
INSERT INTO trabalho.log_acesso VALUES ('log_121_3_0', 'bc8dac25-793c-4a96-aafc-4ea7020f4f60', 'usr_121');
INSERT INTO trabalho.usuario_esta_inscrito_no_podcast VALUES (3, 'f1b92ce7-47a7-43cd-8586-4a09185cdd05', 'usr_121');
INSERT INTO trabalho.comentarios_podcast_usuario VALUES ('comment_121_0_1', 'Sit eius et iusto asperiores voluptas.', 'f1b92ce7-47a7-43cd-8586-4a09185cdd05', 'usr_121');
INSERT INTO trabalho.log_acesso VALUES ('log_121_0_1', 'f1b92ce7-47a7-43cd-8586-4a09185cdd05', 'usr_121');
INSERT INTO trabalho.log_acesso VALUES ('log_121_1_1', 'f1b92ce7-47a7-43cd-8586-4a09185cdd05', 'usr_121');
INSERT INTO trabalho.usuario_esta_inscrito_no_podcast VALUES (5, '219328a1-cec6-4e8c-b003-52a3ec9766bb', 'usr_121');
INSERT INTO trabalho.comentarios_podcast_usuario VALUES ('comment_121_0_2', 'Temporibus id nihil magni.', '219328a1-cec6-4e8c-b003-52a3ec9766bb', 'usr_121');
INSERT INTO trabalho.comentarios_podcast_usuario VALUES ('comment_121_1_2', 'Qui quam et ea qui aperiam repudiandae temporibus vel.', '219328a1-cec6-4e8c-b003-52a3ec9766bb', 'usr_121');
INSERT INTO trabalho.comentarios_podcast_usuario VALUES ('comment_121_2_2', 'Corrupti sint impedit autem maxime quae.', '219328a1-cec6-4e8c-b003-52a3ec9766bb', 'usr_121');
INSERT INTO trabalho.log_acesso VALUES ('log_121_0_2', '219328a1-cec6-4e8c-b003-52a3ec9766bb', 'usr_121');
INSERT INTO trabalho.log_acesso VALUES ('log_121_1_2', '219328a1-cec6-4e8c-b003-52a3ec9766bb', 'usr_121');
INSERT INTO trabalho.log_acesso VALUES ('log_121_2_2', '219328a1-cec6-4e8c-b003-52a3ec9766bb', 'usr_121');
INSERT INTO trabalho.log_acesso VALUES ('log_121_3_2', '219328a1-cec6-4e8c-b003-52a3ec9766bb', 'usr_121');
INSERT INTO trabalho.usuario VALUES ('usr_122', '122_Larissa_Barros21@yahoo.com', 'Larissa Barros', 'female', 50, 'password', 'Palau');
INSERT INTO trabalho.usuario_esta_inscrito_no_podcast VALUES (0, 'f1b92ce7-47a7-43cd-8586-4a09185cdd05', 'usr_122');
INSERT INTO trabalho.comentarios_podcast_usuario VALUES ('comment_122_0_0', 'Explicabo voluptates impedit in eius placeat quasi sit.', 'f1b92ce7-47a7-43cd-8586-4a09185cdd05', 'usr_122');
INSERT INTO trabalho.log_acesso VALUES ('log_122_0_0', 'f1b92ce7-47a7-43cd-8586-4a09185cdd05', 'usr_122');
INSERT INTO trabalho.log_acesso VALUES ('log_122_1_0', 'f1b92ce7-47a7-43cd-8586-4a09185cdd05', 'usr_122');
INSERT INTO trabalho.log_acesso VALUES ('log_122_2_0', 'f1b92ce7-47a7-43cd-8586-4a09185cdd05', 'usr_122');
INSERT INTO trabalho.log_acesso VALUES ('log_122_3_0', 'f1b92ce7-47a7-43cd-8586-4a09185cdd05', 'usr_122');
INSERT INTO trabalho.log_acesso VALUES ('log_122_4_0', 'f1b92ce7-47a7-43cd-8586-4a09185cdd05', 'usr_122');
INSERT INTO trabalho.log_acesso VALUES ('log_122_5_0', 'f1b92ce7-47a7-43cd-8586-4a09185cdd05', 'usr_122');
INSERT INTO trabalho.usuario_esta_inscrito_no_podcast VALUES (1, 'c58b280a-56d4-4ad8-8c85-730e4ea86361', 'usr_122');
INSERT INTO trabalho.comentarios_podcast_usuario VALUES ('comment_122_0_1', 'Et eos adipisci numquam unde.', 'c58b280a-56d4-4ad8-8c85-730e4ea86361', 'usr_122');
INSERT INTO trabalho.comentarios_podcast_usuario VALUES ('comment_122_1_1', 'Quaerat nisi atque.', 'c58b280a-56d4-4ad8-8c85-730e4ea86361', 'usr_122');
INSERT INTO trabalho.comentarios_podcast_usuario VALUES ('comment_122_2_1', 'Iusto velit totam eveniet temporibus est autem consequatur error quisquam.', 'c58b280a-56d4-4ad8-8c85-730e4ea86361', 'usr_122');
INSERT INTO trabalho.log_acesso VALUES ('log_122_0_1', 'c58b280a-56d4-4ad8-8c85-730e4ea86361', 'usr_122');
INSERT INTO trabalho.log_acesso VALUES ('log_122_1_1', 'c58b280a-56d4-4ad8-8c85-730e4ea86361', 'usr_122');
INSERT INTO trabalho.usuario_esta_inscrito_no_podcast VALUES (3, 'fa3abe16-3645-4d22-a01d-893e6f20c408', 'usr_122');
INSERT INTO trabalho.comentarios_podcast_usuario VALUES ('comment_122_0_2', 'Et ut ea.', 'fa3abe16-3645-4d22-a01d-893e6f20c408', 'usr_122');
INSERT INTO trabalho.comentarios_podcast_usuario VALUES ('comment_122_1_2', 'Sit ducimus sed qui magnam eveniet dolorum.', 'fa3abe16-3645-4d22-a01d-893e6f20c408', 'usr_122');
INSERT INTO trabalho.log_acesso VALUES ('log_122_0_2', 'fa3abe16-3645-4d22-a01d-893e6f20c408', 'usr_122');
INSERT INTO trabalho.log_acesso VALUES ('log_122_1_2', 'fa3abe16-3645-4d22-a01d-893e6f20c408', 'usr_122');
INSERT INTO trabalho.log_acesso VALUES ('log_122_2_2', 'fa3abe16-3645-4d22-a01d-893e6f20c408', 'usr_122');
INSERT INTO trabalho.log_acesso VALUES ('log_122_3_2', 'fa3abe16-3645-4d22-a01d-893e6f20c408', 'usr_122');
INSERT INTO trabalho.usuario VALUES ('usr_123', '123_Slvia_Carvalho@yahoo.com', 'Sílvia Carvalho', 'female', 9, 'password', 'Hungria');
INSERT INTO trabalho.usuario_esta_inscrito_no_podcast VALUES (5, '7e429e8e-7669-403d-bb78-3cd7f9f75afd', 'usr_123');
INSERT INTO trabalho.comentarios_podcast_usuario VALUES ('comment_123_0_0', 'Voluptatem dolore perferendis quae.', '7e429e8e-7669-403d-bb78-3cd7f9f75afd', 'usr_123');
INSERT INTO trabalho.comentarios_podcast_usuario VALUES ('comment_123_1_0', 'Et aut sequi possimus similique sit.', '7e429e8e-7669-403d-bb78-3cd7f9f75afd', 'usr_123');
INSERT INTO trabalho.comentarios_podcast_usuario VALUES ('comment_123_2_0', 'Facilis et id id.', '7e429e8e-7669-403d-bb78-3cd7f9f75afd', 'usr_123');
INSERT INTO trabalho.comentarios_podcast_usuario VALUES ('comment_123_3_0', 'Perferendis dolorem omnis excepturi.', '7e429e8e-7669-403d-bb78-3cd7f9f75afd', 'usr_123');
INSERT INTO trabalho.log_acesso VALUES ('log_123_0_0', '7e429e8e-7669-403d-bb78-3cd7f9f75afd', 'usr_123');
INSERT INTO trabalho.log_acesso VALUES ('log_123_1_0', '7e429e8e-7669-403d-bb78-3cd7f9f75afd', 'usr_123');
INSERT INTO trabalho.log_acesso VALUES ('log_123_2_0', '7e429e8e-7669-403d-bb78-3cd7f9f75afd', 'usr_123');
INSERT INTO trabalho.log_acesso VALUES ('log_123_3_0', '7e429e8e-7669-403d-bb78-3cd7f9f75afd', 'usr_123');
INSERT INTO trabalho.log_acesso VALUES ('log_123_4_0', '7e429e8e-7669-403d-bb78-3cd7f9f75afd', 'usr_123');
INSERT INTO trabalho.log_acesso VALUES ('log_123_5_0', '7e429e8e-7669-403d-bb78-3cd7f9f75afd', 'usr_123');
INSERT INTO trabalho.usuario_esta_inscrito_no_podcast VALUES (4, 'f0166bd2-8e4d-4308-b5d7-0b3d627c5dc5', 'usr_123');
INSERT INTO trabalho.comentarios_podcast_usuario VALUES ('comment_123_0_1', 'Assumenda omnis possimus.', 'f0166bd2-8e4d-4308-b5d7-0b3d627c5dc5', 'usr_123');
INSERT INTO trabalho.comentarios_podcast_usuario VALUES ('comment_123_1_1', 'Excepturi aliquam alias esse quibusdam est praesentium nisi at.', 'f0166bd2-8e4d-4308-b5d7-0b3d627c5dc5', 'usr_123');
INSERT INTO trabalho.log_acesso VALUES ('log_123_0_1', 'f0166bd2-8e4d-4308-b5d7-0b3d627c5dc5', 'usr_123');
INSERT INTO trabalho.log_acesso VALUES ('log_123_1_1', 'f0166bd2-8e4d-4308-b5d7-0b3d627c5dc5', 'usr_123');
INSERT INTO trabalho.log_acesso VALUES ('log_123_2_1', 'f0166bd2-8e4d-4308-b5d7-0b3d627c5dc5', 'usr_123');
INSERT INTO trabalho.log_acesso VALUES ('log_123_3_1', 'f0166bd2-8e4d-4308-b5d7-0b3d627c5dc5', 'usr_123');
INSERT INTO trabalho.usuario_esta_inscrito_no_podcast VALUES (4, 'f1b92ce7-47a7-43cd-8586-4a09185cdd05', 'usr_123');
INSERT INTO trabalho.comentarios_podcast_usuario VALUES ('comment_123_0_2', 'Consectetur maiores autem eligendi.', 'f1b92ce7-47a7-43cd-8586-4a09185cdd05', 'usr_123');
INSERT INTO trabalho.comentarios_podcast_usuario VALUES ('comment_123_1_2', 'Aut non tempora totam.', 'f1b92ce7-47a7-43cd-8586-4a09185cdd05', 'usr_123');
INSERT INTO trabalho.comentarios_podcast_usuario VALUES ('comment_123_2_2', 'Qui eos aliquam aut non quis non.', 'f1b92ce7-47a7-43cd-8586-4a09185cdd05', 'usr_123');
INSERT INTO trabalho.comentarios_podcast_usuario VALUES ('comment_123_3_2', 'Est minus repellat animi.', 'f1b92ce7-47a7-43cd-8586-4a09185cdd05', 'usr_123');
INSERT INTO trabalho.comentarios_podcast_usuario VALUES ('comment_123_4_2', 'Facilis aliquam assumenda reprehenderit excepturi.', 'f1b92ce7-47a7-43cd-8586-4a09185cdd05', 'usr_123');
INSERT INTO trabalho.log_acesso VALUES ('log_123_0_2', 'f1b92ce7-47a7-43cd-8586-4a09185cdd05', 'usr_123');
INSERT INTO trabalho.log_acesso VALUES ('log_123_1_2', 'f1b92ce7-47a7-43cd-8586-4a09185cdd05', 'usr_123');
INSERT INTO trabalho.usuario VALUES ('usr_124', '124_Carla.Carvalho86@yahoo.com', 'Carla Carvalho', 'female', 24, 'password', 'El Salvador');
INSERT INTO trabalho.usuario_esta_inscrito_no_podcast VALUES (1, 'f8e13774-d631-4f34-93f0-2f5d55590265', 'usr_124');
INSERT INTO trabalho.comentarios_podcast_usuario VALUES ('comment_124_0_0', 'Saepe omnis ab dolorem sapiente alias eum autem vel.', 'f8e13774-d631-4f34-93f0-2f5d55590265', 'usr_124');
INSERT INTO trabalho.comentarios_podcast_usuario VALUES ('comment_124_1_0', 'Sunt velit possimus qui velit.', 'f8e13774-d631-4f34-93f0-2f5d55590265', 'usr_124');
INSERT INTO trabalho.comentarios_podcast_usuario VALUES ('comment_124_2_0', 'Aut dolor quam eligendi veniam est possimus.', 'f8e13774-d631-4f34-93f0-2f5d55590265', 'usr_124');
INSERT INTO trabalho.log_acesso VALUES ('log_124_0_0', 'f8e13774-d631-4f34-93f0-2f5d55590265', 'usr_124');
INSERT INTO trabalho.log_acesso VALUES ('log_124_1_0', 'f8e13774-d631-4f34-93f0-2f5d55590265', 'usr_124');
INSERT INTO trabalho.log_acesso VALUES ('log_124_2_0', 'f8e13774-d631-4f34-93f0-2f5d55590265', 'usr_124');
INSERT INTO trabalho.usuario_esta_inscrito_no_podcast VALUES (1, 'af46a958-b921-47b6-9f87-5c4fdc68ea79', 'usr_124');
INSERT INTO trabalho.comentarios_podcast_usuario VALUES ('comment_124_0_1', 'Soluta ab et iure ipsam quis et eum doloremque pariatur.', 'af46a958-b921-47b6-9f87-5c4fdc68ea79', 'usr_124');
INSERT INTO trabalho.comentarios_podcast_usuario VALUES ('comment_124_1_1', 'Quia est dolorem sunt dolorem porro.', 'af46a958-b921-47b6-9f87-5c4fdc68ea79', 'usr_124');
INSERT INTO trabalho.comentarios_podcast_usuario VALUES ('comment_124_2_1', 'Rerum ipsum officia quod iusto beatae vel.', 'af46a958-b921-47b6-9f87-5c4fdc68ea79', 'usr_124');
INSERT INTO trabalho.comentarios_podcast_usuario VALUES ('comment_124_3_1', 'Et voluptas distinctio voluptatibus laboriosam et autem voluptatem officiis possimus.', 'af46a958-b921-47b6-9f87-5c4fdc68ea79', 'usr_124');
INSERT INTO trabalho.log_acesso VALUES ('log_124_0_1', 'af46a958-b921-47b6-9f87-5c4fdc68ea79', 'usr_124');
INSERT INTO trabalho.log_acesso VALUES ('log_124_1_1', 'af46a958-b921-47b6-9f87-5c4fdc68ea79', 'usr_124');
INSERT INTO trabalho.log_acesso VALUES ('log_124_2_1', 'af46a958-b921-47b6-9f87-5c4fdc68ea79', 'usr_124');
INSERT INTO trabalho.usuario_esta_inscrito_no_podcast VALUES (2, '219328a1-cec6-4e8c-b003-52a3ec9766bb', 'usr_124');
INSERT INTO trabalho.comentarios_podcast_usuario VALUES ('comment_124_0_2', 'Rem blanditiis quis quae.', '219328a1-cec6-4e8c-b003-52a3ec9766bb', 'usr_124');
INSERT INTO trabalho.log_acesso VALUES ('log_124_0_2', '219328a1-cec6-4e8c-b003-52a3ec9766bb', 'usr_124');
INSERT INTO trabalho.log_acesso VALUES ('log_124_1_2', '219328a1-cec6-4e8c-b003-52a3ec9766bb', 'usr_124');
INSERT INTO trabalho.log_acesso VALUES ('log_124_2_2', '219328a1-cec6-4e8c-b003-52a3ec9766bb', 'usr_124');
INSERT INTO trabalho.log_acesso VALUES ('log_124_3_2', '219328a1-cec6-4e8c-b003-52a3ec9766bb', 'usr_124');
INSERT INTO trabalho.usuario VALUES ('usr_125', '125_Eduarda_Melo@live.com', 'Eduarda Melo', 'female', 53, 'password', 'Groelândia');
INSERT INTO trabalho.usuario_esta_inscrito_no_podcast VALUES (4, 'f8e13774-d631-4f34-93f0-2f5d55590265', 'usr_125');
INSERT INTO trabalho.comentarios_podcast_usuario VALUES ('comment_125_0_0', 'Placeat in voluptates quas est cumque ea.', 'f8e13774-d631-4f34-93f0-2f5d55590265', 'usr_125');
INSERT INTO trabalho.comentarios_podcast_usuario VALUES ('comment_125_1_0', 'Quod consequatur et nemo quo atque expedita.', 'f8e13774-d631-4f34-93f0-2f5d55590265', 'usr_125');
INSERT INTO trabalho.log_acesso VALUES ('log_125_0_0', 'f8e13774-d631-4f34-93f0-2f5d55590265', 'usr_125');
INSERT INTO trabalho.log_acesso VALUES ('log_125_1_0', 'f8e13774-d631-4f34-93f0-2f5d55590265', 'usr_125');
INSERT INTO trabalho.log_acesso VALUES ('log_125_2_0', 'f8e13774-d631-4f34-93f0-2f5d55590265', 'usr_125');
INSERT INTO trabalho.log_acesso VALUES ('log_125_3_0', 'f8e13774-d631-4f34-93f0-2f5d55590265', 'usr_125');
INSERT INTO trabalho.log_acesso VALUES ('log_125_4_0', 'f8e13774-d631-4f34-93f0-2f5d55590265', 'usr_125');
INSERT INTO trabalho.usuario_esta_inscrito_no_podcast VALUES (0, 'b553d865-8fe2-47de-9a30-10e1dea3bd1d', 'usr_125');
INSERT INTO trabalho.comentarios_podcast_usuario VALUES ('comment_125_0_1', 'Dolor magni libero cumque totam dolore qui.', 'b553d865-8fe2-47de-9a30-10e1dea3bd1d', 'usr_125');
INSERT INTO trabalho.comentarios_podcast_usuario VALUES ('comment_125_1_1', 'Est incidunt nesciunt ducimus.', 'b553d865-8fe2-47de-9a30-10e1dea3bd1d', 'usr_125');
INSERT INTO trabalho.comentarios_podcast_usuario VALUES ('comment_125_2_1', 'Facere error dolorem qui nihil.', 'b553d865-8fe2-47de-9a30-10e1dea3bd1d', 'usr_125');
INSERT INTO trabalho.log_acesso VALUES ('log_125_0_1', 'b553d865-8fe2-47de-9a30-10e1dea3bd1d', 'usr_125');
INSERT INTO trabalho.log_acesso VALUES ('log_125_1_1', 'b553d865-8fe2-47de-9a30-10e1dea3bd1d', 'usr_125');
INSERT INTO trabalho.usuario_esta_inscrito_no_podcast VALUES (5, '219328a1-cec6-4e8c-b003-52a3ec9766bb', 'usr_125');
INSERT INTO trabalho.comentarios_podcast_usuario VALUES ('comment_125_0_2', 'Quis laboriosam non.', '219328a1-cec6-4e8c-b003-52a3ec9766bb', 'usr_125');
INSERT INTO trabalho.comentarios_podcast_usuario VALUES ('comment_125_1_2', 'Quisquam tempora tempora.', '219328a1-cec6-4e8c-b003-52a3ec9766bb', 'usr_125');
INSERT INTO trabalho.log_acesso VALUES ('log_125_0_2', '219328a1-cec6-4e8c-b003-52a3ec9766bb', 'usr_125');
INSERT INTO trabalho.log_acesso VALUES ('log_125_1_2', '219328a1-cec6-4e8c-b003-52a3ec9766bb', 'usr_125');
INSERT INTO trabalho.log_acesso VALUES ('log_125_2_2', '219328a1-cec6-4e8c-b003-52a3ec9766bb', 'usr_125');
INSERT INTO trabalho.log_acesso VALUES ('log_125_3_2', '219328a1-cec6-4e8c-b003-52a3ec9766bb', 'usr_125');
INSERT INTO trabalho.log_acesso VALUES ('log_125_4_2', '219328a1-cec6-4e8c-b003-52a3ec9766bb', 'usr_125');
INSERT INTO trabalho.usuario VALUES ('usr_126', '126_Norberto_Reis35@bol.com.br', 'Norberto Reis', 'male', 43, 'password', 'Somália');
INSERT INTO trabalho.usuario_esta_inscrito_no_podcast VALUES (5, 'f8e13774-d631-4f34-93f0-2f5d55590265', 'usr_126');
INSERT INTO trabalho.comentarios_podcast_usuario VALUES ('comment_126_0_0', 'Aliquid eum voluptatem dolore voluptate vitae aspernatur quidem non non.', 'f8e13774-d631-4f34-93f0-2f5d55590265', 'usr_126');
INSERT INTO trabalho.comentarios_podcast_usuario VALUES ('comment_126_1_0', 'Ut amet eveniet accusamus est.', 'f8e13774-d631-4f34-93f0-2f5d55590265', 'usr_126');
INSERT INTO trabalho.comentarios_podcast_usuario VALUES ('comment_126_2_0', 'Nihil voluptates molestiae similique voluptas eos sit aut autem quia.', 'f8e13774-d631-4f34-93f0-2f5d55590265', 'usr_126');
INSERT INTO trabalho.log_acesso VALUES ('log_126_0_0', 'f8e13774-d631-4f34-93f0-2f5d55590265', 'usr_126');
INSERT INTO trabalho.log_acesso VALUES ('log_126_1_0', 'f8e13774-d631-4f34-93f0-2f5d55590265', 'usr_126');
INSERT INTO trabalho.usuario_esta_inscrito_no_podcast VALUES (5, '219328a1-cec6-4e8c-b003-52a3ec9766bb', 'usr_126');
INSERT INTO trabalho.comentarios_podcast_usuario VALUES ('comment_126_0_1', 'Voluptate libero rerum in illo iure fugiat eaque sapiente consequatur.', '219328a1-cec6-4e8c-b003-52a3ec9766bb', 'usr_126');
INSERT INTO trabalho.comentarios_podcast_usuario VALUES ('comment_126_1_1', 'Ut ea ut id.', '219328a1-cec6-4e8c-b003-52a3ec9766bb', 'usr_126');
INSERT INTO trabalho.comentarios_podcast_usuario VALUES ('comment_126_2_1', 'Ipsum ipsa ipsum inventore inventore dolorum beatae velit.', '219328a1-cec6-4e8c-b003-52a3ec9766bb', 'usr_126');
INSERT INTO trabalho.comentarios_podcast_usuario VALUES ('comment_126_3_1', 'Ullam et quia et qui inventore omnis iste.', '219328a1-cec6-4e8c-b003-52a3ec9766bb', 'usr_126');
INSERT INTO trabalho.log_acesso VALUES ('log_126_0_1', '219328a1-cec6-4e8c-b003-52a3ec9766bb', 'usr_126');
INSERT INTO trabalho.log_acesso VALUES ('log_126_1_1', '219328a1-cec6-4e8c-b003-52a3ec9766bb', 'usr_126');
INSERT INTO trabalho.usuario_esta_inscrito_no_podcast VALUES (5, 'f1b92ce7-47a7-43cd-8586-4a09185cdd05', 'usr_126');
INSERT INTO trabalho.comentarios_podcast_usuario VALUES ('comment_126_0_2', 'Illo ad aut quo in eveniet voluptates sed modi error.', 'f1b92ce7-47a7-43cd-8586-4a09185cdd05', 'usr_126');
INSERT INTO trabalho.comentarios_podcast_usuario VALUES ('comment_126_1_2', 'Nesciunt repudiandae dolor ut omnis autem culpa laboriosam alias id.', 'f1b92ce7-47a7-43cd-8586-4a09185cdd05', 'usr_126');
INSERT INTO trabalho.comentarios_podcast_usuario VALUES ('comment_126_2_2', 'Amet voluptatibus tempora est fugiat ea.', 'f1b92ce7-47a7-43cd-8586-4a09185cdd05', 'usr_126');
INSERT INTO trabalho.log_acesso VALUES ('log_126_0_2', 'f1b92ce7-47a7-43cd-8586-4a09185cdd05', 'usr_126');
INSERT INTO trabalho.log_acesso VALUES ('log_126_1_2', 'f1b92ce7-47a7-43cd-8586-4a09185cdd05', 'usr_126');
INSERT INTO trabalho.usuario VALUES ('usr_127', '127_Gbio.Xavier@hotmail.com', 'Gúbio Xavier', 'male', 41, 'password', 'França');
INSERT INTO trabalho.usuario_esta_inscrito_no_podcast VALUES (2, '219328a1-cec6-4e8c-b003-52a3ec9766bb', 'usr_127');
INSERT INTO trabalho.comentarios_podcast_usuario VALUES ('comment_127_0_0', 'Labore modi eius vel porro cupiditate minus velit rem.', '219328a1-cec6-4e8c-b003-52a3ec9766bb', 'usr_127');
INSERT INTO trabalho.comentarios_podcast_usuario VALUES ('comment_127_1_0', 'Maxime omnis eveniet eos.', '219328a1-cec6-4e8c-b003-52a3ec9766bb', 'usr_127');
INSERT INTO trabalho.comentarios_podcast_usuario VALUES ('comment_127_2_0', 'Nihil ut aut eum amet autem a sunt ea ipsam.', '219328a1-cec6-4e8c-b003-52a3ec9766bb', 'usr_127');
INSERT INTO trabalho.comentarios_podcast_usuario VALUES ('comment_127_3_0', 'Voluptas corporis aut magni voluptatibus pariatur quidem ut iusto adipisci.', '219328a1-cec6-4e8c-b003-52a3ec9766bb', 'usr_127');
INSERT INTO trabalho.comentarios_podcast_usuario VALUES ('comment_127_4_0', 'Quis blanditiis eos cupiditate nihil aperiam autem incidunt quibusdam.', '219328a1-cec6-4e8c-b003-52a3ec9766bb', 'usr_127');
INSERT INTO trabalho.log_acesso VALUES ('log_127_0_0', '219328a1-cec6-4e8c-b003-52a3ec9766bb', 'usr_127');
INSERT INTO trabalho.log_acesso VALUES ('log_127_1_0', '219328a1-cec6-4e8c-b003-52a3ec9766bb', 'usr_127');
INSERT INTO trabalho.log_acesso VALUES ('log_127_2_0', '219328a1-cec6-4e8c-b003-52a3ec9766bb', 'usr_127');
INSERT INTO trabalho.usuario_esta_inscrito_no_podcast VALUES (5, 'af46a958-b921-47b6-9f87-5c4fdc68ea79', 'usr_127');
INSERT INTO trabalho.comentarios_podcast_usuario VALUES ('comment_127_0_1', 'Molestiae earum quod nobis est nam mollitia veritatis pariatur quasi.', 'af46a958-b921-47b6-9f87-5c4fdc68ea79', 'usr_127');
INSERT INTO trabalho.comentarios_podcast_usuario VALUES ('comment_127_1_1', 'Delectus quis dolores quia illum.', 'af46a958-b921-47b6-9f87-5c4fdc68ea79', 'usr_127');
INSERT INTO trabalho.log_acesso VALUES ('log_127_0_1', 'af46a958-b921-47b6-9f87-5c4fdc68ea79', 'usr_127');
INSERT INTO trabalho.log_acesso VALUES ('log_127_1_1', 'af46a958-b921-47b6-9f87-5c4fdc68ea79', 'usr_127');
INSERT INTO trabalho.log_acesso VALUES ('log_127_2_1', 'af46a958-b921-47b6-9f87-5c4fdc68ea79', 'usr_127');
INSERT INTO trabalho.log_acesso VALUES ('log_127_3_1', 'af46a958-b921-47b6-9f87-5c4fdc68ea79', 'usr_127');
INSERT INTO trabalho.usuario_esta_inscrito_no_podcast VALUES (3, 'f1b92ce7-47a7-43cd-8586-4a09185cdd05', 'usr_127');
INSERT INTO trabalho.comentarios_podcast_usuario VALUES ('comment_127_0_2', 'Reiciendis modi nihil adipisci illum est aperiam.', 'f1b92ce7-47a7-43cd-8586-4a09185cdd05', 'usr_127');
INSERT INTO trabalho.comentarios_podcast_usuario VALUES ('comment_127_1_2', 'Non suscipit necessitatibus.', 'f1b92ce7-47a7-43cd-8586-4a09185cdd05', 'usr_127');
INSERT INTO trabalho.comentarios_podcast_usuario VALUES ('comment_127_2_2', 'Incidunt doloribus ut cum.', 'f1b92ce7-47a7-43cd-8586-4a09185cdd05', 'usr_127');
INSERT INTO trabalho.log_acesso VALUES ('log_127_0_2', 'f1b92ce7-47a7-43cd-8586-4a09185cdd05', 'usr_127');
INSERT INTO trabalho.log_acesso VALUES ('log_127_1_2', 'f1b92ce7-47a7-43cd-8586-4a09185cdd05', 'usr_127');
INSERT INTO trabalho.log_acesso VALUES ('log_127_2_2', 'f1b92ce7-47a7-43cd-8586-4a09185cdd05', 'usr_127');
INSERT INTO trabalho.log_acesso VALUES ('log_127_3_2', 'f1b92ce7-47a7-43cd-8586-4a09185cdd05', 'usr_127');
INSERT INTO trabalho.log_acesso VALUES ('log_127_4_2', 'f1b92ce7-47a7-43cd-8586-4a09185cdd05', 'usr_127');
INSERT INTO trabalho.usuario VALUES ('usr_128', '128_Felipe85@hotmail.com', 'Felipe Santos', 'male', 52, 'password', 'Arquipélago de Chagos');
INSERT INTO trabalho.usuario_esta_inscrito_no_podcast VALUES (5, 'f0166bd2-8e4d-4308-b5d7-0b3d627c5dc5', 'usr_128');
INSERT INTO trabalho.comentarios_podcast_usuario VALUES ('comment_128_0_0', 'Sint sunt et sed ipsam.', 'f0166bd2-8e4d-4308-b5d7-0b3d627c5dc5', 'usr_128');
INSERT INTO trabalho.comentarios_podcast_usuario VALUES ('comment_128_1_0', 'Esse maxime voluptatem ut.', 'f0166bd2-8e4d-4308-b5d7-0b3d627c5dc5', 'usr_128');
INSERT INTO trabalho.comentarios_podcast_usuario VALUES ('comment_128_2_0', 'Ut quia a.', 'f0166bd2-8e4d-4308-b5d7-0b3d627c5dc5', 'usr_128');
INSERT INTO trabalho.comentarios_podcast_usuario VALUES ('comment_128_3_0', 'Est ut libero.', 'f0166bd2-8e4d-4308-b5d7-0b3d627c5dc5', 'usr_128');
INSERT INTO trabalho.comentarios_podcast_usuario VALUES ('comment_128_4_0', 'Voluptas incidunt non qui commodi iure dolorem.', 'f0166bd2-8e4d-4308-b5d7-0b3d627c5dc5', 'usr_128');
INSERT INTO trabalho.log_acesso VALUES ('log_128_0_0', 'f0166bd2-8e4d-4308-b5d7-0b3d627c5dc5', 'usr_128');
INSERT INTO trabalho.log_acesso VALUES ('log_128_1_0', 'f0166bd2-8e4d-4308-b5d7-0b3d627c5dc5', 'usr_128');
INSERT INTO trabalho.log_acesso VALUES ('log_128_2_0', 'f0166bd2-8e4d-4308-b5d7-0b3d627c5dc5', 'usr_128');
INSERT INTO trabalho.usuario_esta_inscrito_no_podcast VALUES (5, '7e429e8e-7669-403d-bb78-3cd7f9f75afd', 'usr_128');
INSERT INTO trabalho.comentarios_podcast_usuario VALUES ('comment_128_0_1', 'Quam quis quam inventore iste.', '7e429e8e-7669-403d-bb78-3cd7f9f75afd', 'usr_128');
INSERT INTO trabalho.log_acesso VALUES ('log_128_0_1', '7e429e8e-7669-403d-bb78-3cd7f9f75afd', 'usr_128');
INSERT INTO trabalho.log_acesso VALUES ('log_128_1_1', '7e429e8e-7669-403d-bb78-3cd7f9f75afd', 'usr_128');
INSERT INTO trabalho.log_acesso VALUES ('log_128_2_1', '7e429e8e-7669-403d-bb78-3cd7f9f75afd', 'usr_128');
INSERT INTO trabalho.log_acesso VALUES ('log_128_3_1', '7e429e8e-7669-403d-bb78-3cd7f9f75afd', 'usr_128');
INSERT INTO trabalho.log_acesso VALUES ('log_128_4_1', '7e429e8e-7669-403d-bb78-3cd7f9f75afd', 'usr_128');
INSERT INTO trabalho.usuario_esta_inscrito_no_podcast VALUES (1, '168c1536-4c42-4b8f-8c77-f06affefec6a', 'usr_128');
INSERT INTO trabalho.comentarios_podcast_usuario VALUES ('comment_128_0_2', 'Culpa est qui ullam reiciendis non consequatur qui velit.', '168c1536-4c42-4b8f-8c77-f06affefec6a', 'usr_128');
INSERT INTO trabalho.comentarios_podcast_usuario VALUES ('comment_128_1_2', 'Placeat sed deleniti dolor qui.', '168c1536-4c42-4b8f-8c77-f06affefec6a', 'usr_128');
INSERT INTO trabalho.comentarios_podcast_usuario VALUES ('comment_128_2_2', 'Consequuntur nam iure laborum.', '168c1536-4c42-4b8f-8c77-f06affefec6a', 'usr_128');
INSERT INTO trabalho.log_acesso VALUES ('log_128_0_2', '168c1536-4c42-4b8f-8c77-f06affefec6a', 'usr_128');
INSERT INTO trabalho.log_acesso VALUES ('log_128_1_2', '168c1536-4c42-4b8f-8c77-f06affefec6a', 'usr_128');
INSERT INTO trabalho.log_acesso VALUES ('log_128_2_2', '168c1536-4c42-4b8f-8c77-f06affefec6a', 'usr_128');
INSERT INTO trabalho.log_acesso VALUES ('log_128_3_2', '168c1536-4c42-4b8f-8c77-f06affefec6a', 'usr_128');
INSERT INTO trabalho.log_acesso VALUES ('log_128_4_2', '168c1536-4c42-4b8f-8c77-f06affefec6a', 'usr_128');
INSERT INTO trabalho.usuario VALUES ('usr_129', '129_Fbio12@bol.com.br', 'Fábio Moraes', 'male', 7, 'password', 'Myanmar');
INSERT INTO trabalho.usuario_esta_inscrito_no_podcast VALUES (1, 'f0166bd2-8e4d-4308-b5d7-0b3d627c5dc5', 'usr_129');
INSERT INTO trabalho.comentarios_podcast_usuario VALUES ('comment_129_0_0', 'Doloremque consequuntur suscipit rerum aperiam omnis et fugit dolore.', 'f0166bd2-8e4d-4308-b5d7-0b3d627c5dc5', 'usr_129');
INSERT INTO trabalho.comentarios_podcast_usuario VALUES ('comment_129_1_0', 'Sapiente excepturi nisi asperiores aut sunt est facere doloribus.', 'f0166bd2-8e4d-4308-b5d7-0b3d627c5dc5', 'usr_129');
INSERT INTO trabalho.comentarios_podcast_usuario VALUES ('comment_129_2_0', 'Ut voluptatem autem.', 'f0166bd2-8e4d-4308-b5d7-0b3d627c5dc5', 'usr_129');
INSERT INTO trabalho.comentarios_podcast_usuario VALUES ('comment_129_3_0', 'Totam itaque reprehenderit quas dolorem et quia est reprehenderit molestias.', 'f0166bd2-8e4d-4308-b5d7-0b3d627c5dc5', 'usr_129');
INSERT INTO trabalho.comentarios_podcast_usuario VALUES ('comment_129_4_0', 'Nihil iure non impedit illum.', 'f0166bd2-8e4d-4308-b5d7-0b3d627c5dc5', 'usr_129');
INSERT INTO trabalho.log_acesso VALUES ('log_129_0_0', 'f0166bd2-8e4d-4308-b5d7-0b3d627c5dc5', 'usr_129');
INSERT INTO trabalho.log_acesso VALUES ('log_129_1_0', 'f0166bd2-8e4d-4308-b5d7-0b3d627c5dc5', 'usr_129');
INSERT INTO trabalho.log_acesso VALUES ('log_129_2_0', 'f0166bd2-8e4d-4308-b5d7-0b3d627c5dc5', 'usr_129');
INSERT INTO trabalho.usuario_esta_inscrito_no_podcast VALUES (1, 'f1b92ce7-47a7-43cd-8586-4a09185cdd05', 'usr_129');
INSERT INTO trabalho.comentarios_podcast_usuario VALUES ('comment_129_0_1', 'Illo fugit nulla.', 'f1b92ce7-47a7-43cd-8586-4a09185cdd05', 'usr_129');
INSERT INTO trabalho.log_acesso VALUES ('log_129_0_1', 'f1b92ce7-47a7-43cd-8586-4a09185cdd05', 'usr_129');
INSERT INTO trabalho.log_acesso VALUES ('log_129_1_1', 'f1b92ce7-47a7-43cd-8586-4a09185cdd05', 'usr_129');
INSERT INTO trabalho.log_acesso VALUES ('log_129_2_1', 'f1b92ce7-47a7-43cd-8586-4a09185cdd05', 'usr_129');
INSERT INTO trabalho.log_acesso VALUES ('log_129_3_1', 'f1b92ce7-47a7-43cd-8586-4a09185cdd05', 'usr_129');
INSERT INTO trabalho.log_acesso VALUES ('log_129_4_1', 'f1b92ce7-47a7-43cd-8586-4a09185cdd05', 'usr_129');
INSERT INTO trabalho.log_acesso VALUES ('log_129_5_1', 'f1b92ce7-47a7-43cd-8586-4a09185cdd05', 'usr_129');
INSERT INTO trabalho.log_acesso VALUES ('log_129_6_1', 'f1b92ce7-47a7-43cd-8586-4a09185cdd05', 'usr_129');
INSERT INTO trabalho.usuario_esta_inscrito_no_podcast VALUES (0, 'de2f0ddb-9903-436a-a5e2-54224254c818', 'usr_129');
INSERT INTO trabalho.comentarios_podcast_usuario VALUES ('comment_129_0_2', 'Et sit corporis quia harum in omnis quidem.', 'de2f0ddb-9903-436a-a5e2-54224254c818', 'usr_129');
INSERT INTO trabalho.comentarios_podcast_usuario VALUES ('comment_129_1_2', 'Molestiae unde ea nostrum repudiandae rerum ipsum magnam.', 'de2f0ddb-9903-436a-a5e2-54224254c818', 'usr_129');
INSERT INTO trabalho.comentarios_podcast_usuario VALUES ('comment_129_2_2', 'Et aut repellendus libero error molestias architecto laboriosam reiciendis.', 'de2f0ddb-9903-436a-a5e2-54224254c818', 'usr_129');
INSERT INTO trabalho.comentarios_podcast_usuario VALUES ('comment_129_3_2', 'Voluptatem quod et culpa blanditiis vel ut id.', 'de2f0ddb-9903-436a-a5e2-54224254c818', 'usr_129');
INSERT INTO trabalho.comentarios_podcast_usuario VALUES ('comment_129_4_2', 'Voluptates adipisci non perferendis et.', 'de2f0ddb-9903-436a-a5e2-54224254c818', 'usr_129');
INSERT INTO trabalho.comentarios_podcast_usuario VALUES ('comment_129_5_2', 'Qui ullam quaerat magnam est deleniti.', 'de2f0ddb-9903-436a-a5e2-54224254c818', 'usr_129');
INSERT INTO trabalho.log_acesso VALUES ('log_129_0_2', 'de2f0ddb-9903-436a-a5e2-54224254c818', 'usr_129');
INSERT INTO trabalho.log_acesso VALUES ('log_129_1_2', 'de2f0ddb-9903-436a-a5e2-54224254c818', 'usr_129');
INSERT INTO trabalho.log_acesso VALUES ('log_129_2_2', 'de2f0ddb-9903-436a-a5e2-54224254c818', 'usr_129');
INSERT INTO trabalho.usuario VALUES ('usr_130', '130_Isabella18@yahoo.com', 'Isabella Costa', 'female', 60, 'password', 'Malawi');
INSERT INTO trabalho.usuario_esta_inscrito_no_podcast VALUES (3, '168c1536-4c42-4b8f-8c77-f06affefec6a', 'usr_130');
INSERT INTO trabalho.comentarios_podcast_usuario VALUES ('comment_130_0_0', 'Ut aperiam pariatur.', '168c1536-4c42-4b8f-8c77-f06affefec6a', 'usr_130');
INSERT INTO trabalho.comentarios_podcast_usuario VALUES ('comment_130_1_0', 'Laudantium excepturi eaque deserunt qui dolores.', '168c1536-4c42-4b8f-8c77-f06affefec6a', 'usr_130');
INSERT INTO trabalho.comentarios_podcast_usuario VALUES ('comment_130_2_0', 'Aliquid architecto ex doloremque voluptatem voluptas molestiae.', '168c1536-4c42-4b8f-8c77-f06affefec6a', 'usr_130');
INSERT INTO trabalho.comentarios_podcast_usuario VALUES ('comment_130_3_0', 'Consequuntur et dolor molestiae rerum.', '168c1536-4c42-4b8f-8c77-f06affefec6a', 'usr_130');
INSERT INTO trabalho.log_acesso VALUES ('log_130_0_0', '168c1536-4c42-4b8f-8c77-f06affefec6a', 'usr_130');
INSERT INTO trabalho.log_acesso VALUES ('log_130_1_0', '168c1536-4c42-4b8f-8c77-f06affefec6a', 'usr_130');
INSERT INTO trabalho.usuario_esta_inscrito_no_podcast VALUES (5, 'de2f0ddb-9903-436a-a5e2-54224254c818', 'usr_130');
INSERT INTO trabalho.comentarios_podcast_usuario VALUES ('comment_130_0_1', 'Accusantium sunt eius sed quam maiores.', 'de2f0ddb-9903-436a-a5e2-54224254c818', 'usr_130');
INSERT INTO trabalho.comentarios_podcast_usuario VALUES ('comment_130_1_1', 'Vel beatae non tenetur.', 'de2f0ddb-9903-436a-a5e2-54224254c818', 'usr_130');
INSERT INTO trabalho.comentarios_podcast_usuario VALUES ('comment_130_2_1', 'Qui non omnis.', 'de2f0ddb-9903-436a-a5e2-54224254c818', 'usr_130');
INSERT INTO trabalho.comentarios_podcast_usuario VALUES ('comment_130_3_1', 'Et aut ut dolorum.', 'de2f0ddb-9903-436a-a5e2-54224254c818', 'usr_130');
INSERT INTO trabalho.log_acesso VALUES ('log_130_0_1', 'de2f0ddb-9903-436a-a5e2-54224254c818', 'usr_130');
INSERT INTO trabalho.log_acesso VALUES ('log_130_1_1', 'de2f0ddb-9903-436a-a5e2-54224254c818', 'usr_130');
INSERT INTO trabalho.usuario_esta_inscrito_no_podcast VALUES (5, '67074e68-bc2f-442b-8af2-7d328b6af6eb', 'usr_130');
INSERT INTO trabalho.comentarios_podcast_usuario VALUES ('comment_130_0_2', 'Qui non ratione ut maiores.', '67074e68-bc2f-442b-8af2-7d328b6af6eb', 'usr_130');
INSERT INTO trabalho.comentarios_podcast_usuario VALUES ('comment_130_1_2', 'Aut sit pariatur perferendis velit et autem.', '67074e68-bc2f-442b-8af2-7d328b6af6eb', 'usr_130');
INSERT INTO trabalho.comentarios_podcast_usuario VALUES ('comment_130_2_2', 'Sapiente doloremque dolor officiis nobis error minus alias officia molestiae.', '67074e68-bc2f-442b-8af2-7d328b6af6eb', 'usr_130');
INSERT INTO trabalho.log_acesso VALUES ('log_130_0_2', '67074e68-bc2f-442b-8af2-7d328b6af6eb', 'usr_130');
INSERT INTO trabalho.log_acesso VALUES ('log_130_1_2', '67074e68-bc2f-442b-8af2-7d328b6af6eb', 'usr_130');
INSERT INTO trabalho.log_acesso VALUES ('log_130_2_2', '67074e68-bc2f-442b-8af2-7d328b6af6eb', 'usr_130');
INSERT INTO trabalho.log_acesso VALUES ('log_130_3_2', '67074e68-bc2f-442b-8af2-7d328b6af6eb', 'usr_130');
INSERT INTO trabalho.log_acesso VALUES ('log_130_4_2', '67074e68-bc2f-442b-8af2-7d328b6af6eb', 'usr_130');
INSERT INTO trabalho.usuario VALUES ('usr_131', '131_Giovanna.Silva84@live.com', 'Giovanna Silva', 'female', 18, 'password', 'São Vicente e Granadinas');
INSERT INTO trabalho.usuario_esta_inscrito_no_podcast VALUES (3, 'c58b280a-56d4-4ad8-8c85-730e4ea86361', 'usr_131');
INSERT INTO trabalho.comentarios_podcast_usuario VALUES ('comment_131_0_0', 'Numquam rerum error saepe qui corrupti distinctio.', 'c58b280a-56d4-4ad8-8c85-730e4ea86361', 'usr_131');
INSERT INTO trabalho.log_acesso VALUES ('log_131_0_0', 'c58b280a-56d4-4ad8-8c85-730e4ea86361', 'usr_131');
INSERT INTO trabalho.log_acesso VALUES ('log_131_1_0', 'c58b280a-56d4-4ad8-8c85-730e4ea86361', 'usr_131');
INSERT INTO trabalho.log_acesso VALUES ('log_131_2_0', 'c58b280a-56d4-4ad8-8c85-730e4ea86361', 'usr_131');
INSERT INTO trabalho.log_acesso VALUES ('log_131_3_0', 'c58b280a-56d4-4ad8-8c85-730e4ea86361', 'usr_131');
INSERT INTO trabalho.log_acesso VALUES ('log_131_4_0', 'c58b280a-56d4-4ad8-8c85-730e4ea86361', 'usr_131');
INSERT INTO trabalho.usuario_esta_inscrito_no_podcast VALUES (4, 'fa3abe16-3645-4d22-a01d-893e6f20c408', 'usr_131');
INSERT INTO trabalho.comentarios_podcast_usuario VALUES ('comment_131_0_1', 'Vel repellendus sunt nihil facilis dolor.', 'fa3abe16-3645-4d22-a01d-893e6f20c408', 'usr_131');
INSERT INTO trabalho.comentarios_podcast_usuario VALUES ('comment_131_1_1', 'Distinctio earum quos ullam delectus ipsam.', 'fa3abe16-3645-4d22-a01d-893e6f20c408', 'usr_131');
INSERT INTO trabalho.comentarios_podcast_usuario VALUES ('comment_131_2_1', 'Officiis ut molestiae.', 'fa3abe16-3645-4d22-a01d-893e6f20c408', 'usr_131');
INSERT INTO trabalho.comentarios_podcast_usuario VALUES ('comment_131_3_1', 'Ad quisquam porro eos minima non.', 'fa3abe16-3645-4d22-a01d-893e6f20c408', 'usr_131');
INSERT INTO trabalho.log_acesso VALUES ('log_131_0_1', 'fa3abe16-3645-4d22-a01d-893e6f20c408', 'usr_131');
INSERT INTO trabalho.log_acesso VALUES ('log_131_1_1', 'fa3abe16-3645-4d22-a01d-893e6f20c408', 'usr_131');
INSERT INTO trabalho.log_acesso VALUES ('log_131_2_1', 'fa3abe16-3645-4d22-a01d-893e6f20c408', 'usr_131');
INSERT INTO trabalho.log_acesso VALUES ('log_131_3_1', 'fa3abe16-3645-4d22-a01d-893e6f20c408', 'usr_131');
INSERT INTO trabalho.log_acesso VALUES ('log_131_4_1', 'fa3abe16-3645-4d22-a01d-893e6f20c408', 'usr_131');
INSERT INTO trabalho.log_acesso VALUES ('log_131_5_1', 'fa3abe16-3645-4d22-a01d-893e6f20c408', 'usr_131');
INSERT INTO trabalho.usuario_esta_inscrito_no_podcast VALUES (5, '5bdf7377-8330-4f9f-8efd-e95301c122ce', 'usr_131');
INSERT INTO trabalho.comentarios_podcast_usuario VALUES ('comment_131_0_2', 'Modi itaque aperiam neque ut est rem officia hic dolor.', '5bdf7377-8330-4f9f-8efd-e95301c122ce', 'usr_131');
INSERT INTO trabalho.comentarios_podcast_usuario VALUES ('comment_131_1_2', 'Natus dolores possimus voluptatem in quasi.', '5bdf7377-8330-4f9f-8efd-e95301c122ce', 'usr_131');
INSERT INTO trabalho.comentarios_podcast_usuario VALUES ('comment_131_2_2', 'Minus rerum neque et quo dicta pariatur optio.', '5bdf7377-8330-4f9f-8efd-e95301c122ce', 'usr_131');
INSERT INTO trabalho.comentarios_podcast_usuario VALUES ('comment_131_3_2', 'Dolorem voluptatem ea et voluptatem accusamus explicabo nihil.', '5bdf7377-8330-4f9f-8efd-e95301c122ce', 'usr_131');
INSERT INTO trabalho.log_acesso VALUES ('log_131_0_2', '5bdf7377-8330-4f9f-8efd-e95301c122ce', 'usr_131');
INSERT INTO trabalho.log_acesso VALUES ('log_131_1_2', '5bdf7377-8330-4f9f-8efd-e95301c122ce', 'usr_131');
INSERT INTO trabalho.log_acesso VALUES ('log_131_2_2', '5bdf7377-8330-4f9f-8efd-e95301c122ce', 'usr_131');
INSERT INTO trabalho.log_acesso VALUES ('log_131_3_2', '5bdf7377-8330-4f9f-8efd-e95301c122ce', 'usr_131');
INSERT INTO trabalho.log_acesso VALUES ('log_131_4_2', '5bdf7377-8330-4f9f-8efd-e95301c122ce', 'usr_131');
INSERT INTO trabalho.usuario VALUES ('usr_132', '132_Elo83@gmail.com', 'Eloá Costa', 'female', 21, 'password', 'Lituânia');
INSERT INTO trabalho.usuario_esta_inscrito_no_podcast VALUES (0, '67074e68-bc2f-442b-8af2-7d328b6af6eb', 'usr_132');
INSERT INTO trabalho.comentarios_podcast_usuario VALUES ('comment_132_0_0', 'Non et vel omnis doloribus vel error.', '67074e68-bc2f-442b-8af2-7d328b6af6eb', 'usr_132');
INSERT INTO trabalho.comentarios_podcast_usuario VALUES ('comment_132_1_0', 'Tempora voluptatem autem.', '67074e68-bc2f-442b-8af2-7d328b6af6eb', 'usr_132');
INSERT INTO trabalho.comentarios_podcast_usuario VALUES ('comment_132_2_0', 'Laudantium voluptatem adipisci ullam molestiae a atque.', '67074e68-bc2f-442b-8af2-7d328b6af6eb', 'usr_132');
INSERT INTO trabalho.comentarios_podcast_usuario VALUES ('comment_132_3_0', 'Distinctio ea debitis adipisci molestiae quos necessitatibus quia praesentium.', '67074e68-bc2f-442b-8af2-7d328b6af6eb', 'usr_132');
INSERT INTO trabalho.comentarios_podcast_usuario VALUES ('comment_132_4_0', 'Quisquam sunt sit.', '67074e68-bc2f-442b-8af2-7d328b6af6eb', 'usr_132');
INSERT INTO trabalho.log_acesso VALUES ('log_132_0_0', '67074e68-bc2f-442b-8af2-7d328b6af6eb', 'usr_132');
INSERT INTO trabalho.log_acesso VALUES ('log_132_1_0', '67074e68-bc2f-442b-8af2-7d328b6af6eb', 'usr_132');
INSERT INTO trabalho.log_acesso VALUES ('log_132_2_0', '67074e68-bc2f-442b-8af2-7d328b6af6eb', 'usr_132');
INSERT INTO trabalho.log_acesso VALUES ('log_132_3_0', '67074e68-bc2f-442b-8af2-7d328b6af6eb', 'usr_132');
INSERT INTO trabalho.usuario_esta_inscrito_no_podcast VALUES (1, '219328a1-cec6-4e8c-b003-52a3ec9766bb', 'usr_132');
INSERT INTO trabalho.comentarios_podcast_usuario VALUES ('comment_132_0_1', 'Error omnis ipsum quia.', '219328a1-cec6-4e8c-b003-52a3ec9766bb', 'usr_132');
INSERT INTO trabalho.comentarios_podcast_usuario VALUES ('comment_132_1_1', 'Explicabo et nesciunt.', '219328a1-cec6-4e8c-b003-52a3ec9766bb', 'usr_132');
INSERT INTO trabalho.comentarios_podcast_usuario VALUES ('comment_132_2_1', 'Quisquam aut ut laudantium fuga voluptatem placeat odio est eos.', '219328a1-cec6-4e8c-b003-52a3ec9766bb', 'usr_132');
INSERT INTO trabalho.comentarios_podcast_usuario VALUES ('comment_132_3_1', 'Id porro inventore ut est est sed omnis.', '219328a1-cec6-4e8c-b003-52a3ec9766bb', 'usr_132');
INSERT INTO trabalho.log_acesso VALUES ('log_132_0_1', '219328a1-cec6-4e8c-b003-52a3ec9766bb', 'usr_132');
INSERT INTO trabalho.log_acesso VALUES ('log_132_1_1', '219328a1-cec6-4e8c-b003-52a3ec9766bb', 'usr_132');
INSERT INTO trabalho.log_acesso VALUES ('log_132_2_1', '219328a1-cec6-4e8c-b003-52a3ec9766bb', 'usr_132');
INSERT INTO trabalho.usuario_esta_inscrito_no_podcast VALUES (2, 'fa3abe16-3645-4d22-a01d-893e6f20c408', 'usr_132');
INSERT INTO trabalho.comentarios_podcast_usuario VALUES ('comment_132_0_2', 'Architecto illum praesentium consequatur modi et similique incidunt.', 'fa3abe16-3645-4d22-a01d-893e6f20c408', 'usr_132');
INSERT INTO trabalho.comentarios_podcast_usuario VALUES ('comment_132_1_2', 'Rerum quidem laborum rerum tempore esse et quo.', 'fa3abe16-3645-4d22-a01d-893e6f20c408', 'usr_132');
INSERT INTO trabalho.comentarios_podcast_usuario VALUES ('comment_132_2_2', 'Facilis est et consequatur natus ut velit.', 'fa3abe16-3645-4d22-a01d-893e6f20c408', 'usr_132');
INSERT INTO trabalho.log_acesso VALUES ('log_132_0_2', 'fa3abe16-3645-4d22-a01d-893e6f20c408', 'usr_132');
INSERT INTO trabalho.log_acesso VALUES ('log_132_1_2', 'fa3abe16-3645-4d22-a01d-893e6f20c408', 'usr_132');
INSERT INTO trabalho.log_acesso VALUES ('log_132_2_2', 'fa3abe16-3645-4d22-a01d-893e6f20c408', 'usr_132');
INSERT INTO trabalho.log_acesso VALUES ('log_132_3_2', 'fa3abe16-3645-4d22-a01d-893e6f20c408', 'usr_132');
INSERT INTO trabalho.usuario VALUES ('usr_133', '133_Esther16@gmail.com', 'Esther Batista', 'female', 8, 'password', 'Gabão');
INSERT INTO trabalho.usuario_esta_inscrito_no_podcast VALUES (0, 'f1b92ce7-47a7-43cd-8586-4a09185cdd05', 'usr_133');
INSERT INTO trabalho.comentarios_podcast_usuario VALUES ('comment_133_0_0', 'Sed atque non consectetur dolor.', 'f1b92ce7-47a7-43cd-8586-4a09185cdd05', 'usr_133');
INSERT INTO trabalho.comentarios_podcast_usuario VALUES ('comment_133_1_0', 'Exercitationem voluptatum vel quis et.', 'f1b92ce7-47a7-43cd-8586-4a09185cdd05', 'usr_133');
INSERT INTO trabalho.comentarios_podcast_usuario VALUES ('comment_133_2_0', 'Velit non ea veritatis illum.', 'f1b92ce7-47a7-43cd-8586-4a09185cdd05', 'usr_133');
INSERT INTO trabalho.comentarios_podcast_usuario VALUES ('comment_133_3_0', 'Modi est et sed aliquid nulla vitae et.', 'f1b92ce7-47a7-43cd-8586-4a09185cdd05', 'usr_133');
INSERT INTO trabalho.log_acesso VALUES ('log_133_0_0', 'f1b92ce7-47a7-43cd-8586-4a09185cdd05', 'usr_133');
INSERT INTO trabalho.log_acesso VALUES ('log_133_1_0', 'f1b92ce7-47a7-43cd-8586-4a09185cdd05', 'usr_133');
INSERT INTO trabalho.usuario_esta_inscrito_no_podcast VALUES (2, 'b553d865-8fe2-47de-9a30-10e1dea3bd1d', 'usr_133');
INSERT INTO trabalho.comentarios_podcast_usuario VALUES ('comment_133_0_1', 'Sit at et ut sunt animi rerum nam.', 'b553d865-8fe2-47de-9a30-10e1dea3bd1d', 'usr_133');
INSERT INTO trabalho.comentarios_podcast_usuario VALUES ('comment_133_1_1', 'Aliquid quaerat facilis et quidem exercitationem.', 'b553d865-8fe2-47de-9a30-10e1dea3bd1d', 'usr_133');
INSERT INTO trabalho.comentarios_podcast_usuario VALUES ('comment_133_2_1', 'Maxime est ducimus et quis aliquam ea corporis aut commodi.', 'b553d865-8fe2-47de-9a30-10e1dea3bd1d', 'usr_133');
INSERT INTO trabalho.comentarios_podcast_usuario VALUES ('comment_133_3_1', 'Provident accusantium quia aut qui vero non dicta sed magni.', 'b553d865-8fe2-47de-9a30-10e1dea3bd1d', 'usr_133');
INSERT INTO trabalho.log_acesso VALUES ('log_133_0_1', 'b553d865-8fe2-47de-9a30-10e1dea3bd1d', 'usr_133');
INSERT INTO trabalho.log_acesso VALUES ('log_133_1_1', 'b553d865-8fe2-47de-9a30-10e1dea3bd1d', 'usr_133');
INSERT INTO trabalho.usuario_esta_inscrito_no_podcast VALUES (5, 'f0166bd2-8e4d-4308-b5d7-0b3d627c5dc5', 'usr_133');
INSERT INTO trabalho.comentarios_podcast_usuario VALUES ('comment_133_0_2', 'Explicabo fugit quo ratione est molestiae quasi velit dolores sint.', 'f0166bd2-8e4d-4308-b5d7-0b3d627c5dc5', 'usr_133');
INSERT INTO trabalho.comentarios_podcast_usuario VALUES ('comment_133_1_2', 'Necessitatibus et exercitationem accusantium provident.', 'f0166bd2-8e4d-4308-b5d7-0b3d627c5dc5', 'usr_133');
INSERT INTO trabalho.comentarios_podcast_usuario VALUES ('comment_133_2_2', 'Dolor quae minima rerum odio quaerat distinctio in nisi.', 'f0166bd2-8e4d-4308-b5d7-0b3d627c5dc5', 'usr_133');
INSERT INTO trabalho.log_acesso VALUES ('log_133_0_2', 'f0166bd2-8e4d-4308-b5d7-0b3d627c5dc5', 'usr_133');
INSERT INTO trabalho.log_acesso VALUES ('log_133_1_2', 'f0166bd2-8e4d-4308-b5d7-0b3d627c5dc5', 'usr_133');
INSERT INTO trabalho.log_acesso VALUES ('log_133_2_2', 'f0166bd2-8e4d-4308-b5d7-0b3d627c5dc5', 'usr_133');
INSERT INTO trabalho.usuario VALUES ('usr_134', '134_Gabriel23@bol.com.br', 'Gabriel Melo', 'male', 16, 'password', 'Iêmen');
INSERT INTO trabalho.usuario_esta_inscrito_no_podcast VALUES (2, 'fa3abe16-3645-4d22-a01d-893e6f20c408', 'usr_134');
INSERT INTO trabalho.comentarios_podcast_usuario VALUES ('comment_134_0_0', 'Sed et nisi recusandae laborum necessitatibus consectetur facere.', 'fa3abe16-3645-4d22-a01d-893e6f20c408', 'usr_134');
INSERT INTO trabalho.comentarios_podcast_usuario VALUES ('comment_134_1_0', 'Et consectetur in suscipit atque atque officiis blanditiis.', 'fa3abe16-3645-4d22-a01d-893e6f20c408', 'usr_134');
INSERT INTO trabalho.comentarios_podcast_usuario VALUES ('comment_134_2_0', 'Excepturi corrupti sed veniam distinctio voluptatem incidunt est saepe.', 'fa3abe16-3645-4d22-a01d-893e6f20c408', 'usr_134');
INSERT INTO trabalho.log_acesso VALUES ('log_134_0_0', 'fa3abe16-3645-4d22-a01d-893e6f20c408', 'usr_134');
INSERT INTO trabalho.log_acesso VALUES ('log_134_1_0', 'fa3abe16-3645-4d22-a01d-893e6f20c408', 'usr_134');
INSERT INTO trabalho.log_acesso VALUES ('log_134_2_0', 'fa3abe16-3645-4d22-a01d-893e6f20c408', 'usr_134');
INSERT INTO trabalho.log_acesso VALUES ('log_134_3_0', 'fa3abe16-3645-4d22-a01d-893e6f20c408', 'usr_134');
INSERT INTO trabalho.log_acesso VALUES ('log_134_4_0', 'fa3abe16-3645-4d22-a01d-893e6f20c408', 'usr_134');
INSERT INTO trabalho.usuario_esta_inscrito_no_podcast VALUES (4, 'f1b92ce7-47a7-43cd-8586-4a09185cdd05', 'usr_134');
INSERT INTO trabalho.comentarios_podcast_usuario VALUES ('comment_134_0_1', 'Iure consequuntur repellat qui consequatur dolores omnis dolore.', 'f1b92ce7-47a7-43cd-8586-4a09185cdd05', 'usr_134');
INSERT INTO trabalho.comentarios_podcast_usuario VALUES ('comment_134_1_1', 'Sit recusandae ducimus ut et ratione quae.', 'f1b92ce7-47a7-43cd-8586-4a09185cdd05', 'usr_134');
INSERT INTO trabalho.comentarios_podcast_usuario VALUES ('comment_134_2_1', 'Reprehenderit rerum qui.', 'f1b92ce7-47a7-43cd-8586-4a09185cdd05', 'usr_134');
INSERT INTO trabalho.comentarios_podcast_usuario VALUES ('comment_134_3_1', 'Quae dolore distinctio quisquam quos incidunt aut.', 'f1b92ce7-47a7-43cd-8586-4a09185cdd05', 'usr_134');
INSERT INTO trabalho.log_acesso VALUES ('log_134_0_1', 'f1b92ce7-47a7-43cd-8586-4a09185cdd05', 'usr_134');
INSERT INTO trabalho.log_acesso VALUES ('log_134_1_1', 'f1b92ce7-47a7-43cd-8586-4a09185cdd05', 'usr_134');
INSERT INTO trabalho.log_acesso VALUES ('log_134_2_1', 'f1b92ce7-47a7-43cd-8586-4a09185cdd05', 'usr_134');
INSERT INTO trabalho.usuario_esta_inscrito_no_podcast VALUES (1, 'de2f0ddb-9903-436a-a5e2-54224254c818', 'usr_134');
INSERT INTO trabalho.comentarios_podcast_usuario VALUES ('comment_134_0_2', 'Voluptatem qui est necessitatibus consequatur.', 'de2f0ddb-9903-436a-a5e2-54224254c818', 'usr_134');
INSERT INTO trabalho.comentarios_podcast_usuario VALUES ('comment_134_1_2', 'Maiores tempore officia illum commodi modi.', 'de2f0ddb-9903-436a-a5e2-54224254c818', 'usr_134');
INSERT INTO trabalho.log_acesso VALUES ('log_134_0_2', 'de2f0ddb-9903-436a-a5e2-54224254c818', 'usr_134');
INSERT INTO trabalho.log_acesso VALUES ('log_134_1_2', 'de2f0ddb-9903-436a-a5e2-54224254c818', 'usr_134');
INSERT INTO trabalho.log_acesso VALUES ('log_134_2_2', 'de2f0ddb-9903-436a-a5e2-54224254c818', 'usr_134');
INSERT INTO trabalho.log_acesso VALUES ('log_134_3_2', 'de2f0ddb-9903-436a-a5e2-54224254c818', 'usr_134');
INSERT INTO trabalho.log_acesso VALUES ('log_134_4_2', 'de2f0ddb-9903-436a-a5e2-54224254c818', 'usr_134');
INSERT INTO trabalho.log_acesso VALUES ('log_134_5_2', 'de2f0ddb-9903-436a-a5e2-54224254c818', 'usr_134');
INSERT INTO trabalho.log_acesso VALUES ('log_134_6_2', 'de2f0ddb-9903-436a-a5e2-54224254c818', 'usr_134');
INSERT INTO trabalho.usuario VALUES ('usr_135', '135_Gustavo32@hotmail.com', 'Gustavo Oliveira', 'male', 56, 'password', 'Comores');
INSERT INTO trabalho.usuario_esta_inscrito_no_podcast VALUES (3, '5bdf7377-8330-4f9f-8efd-e95301c122ce', 'usr_135');
INSERT INTO trabalho.comentarios_podcast_usuario VALUES ('comment_135_0_0', 'Dolores porro voluptatum sunt aspernatur debitis asperiores dolor.', '5bdf7377-8330-4f9f-8efd-e95301c122ce', 'usr_135');
INSERT INTO trabalho.comentarios_podcast_usuario VALUES ('comment_135_1_0', 'Velit incidunt distinctio excepturi eum rerum.', '5bdf7377-8330-4f9f-8efd-e95301c122ce', 'usr_135');
INSERT INTO trabalho.comentarios_podcast_usuario VALUES ('comment_135_2_0', 'Est similique ipsa nesciunt aut nemo itaque non quam earum.', '5bdf7377-8330-4f9f-8efd-e95301c122ce', 'usr_135');
INSERT INTO trabalho.comentarios_podcast_usuario VALUES ('comment_135_3_0', 'Minus maiores consequatur nesciunt rerum odit cumque accusantium aut.', '5bdf7377-8330-4f9f-8efd-e95301c122ce', 'usr_135');
INSERT INTO trabalho.comentarios_podcast_usuario VALUES ('comment_135_4_0', 'Enim enim quo.', '5bdf7377-8330-4f9f-8efd-e95301c122ce', 'usr_135');
INSERT INTO trabalho.comentarios_podcast_usuario VALUES ('comment_135_5_0', 'Sed in in quia dolor consequuntur.', '5bdf7377-8330-4f9f-8efd-e95301c122ce', 'usr_135');
INSERT INTO trabalho.log_acesso VALUES ('log_135_0_0', '5bdf7377-8330-4f9f-8efd-e95301c122ce', 'usr_135');
INSERT INTO trabalho.log_acesso VALUES ('log_135_1_0', '5bdf7377-8330-4f9f-8efd-e95301c122ce', 'usr_135');
INSERT INTO trabalho.usuario_esta_inscrito_no_podcast VALUES (5, 'af46a958-b921-47b6-9f87-5c4fdc68ea79', 'usr_135');
INSERT INTO trabalho.comentarios_podcast_usuario VALUES ('comment_135_0_1', 'Cum iure sint.', 'af46a958-b921-47b6-9f87-5c4fdc68ea79', 'usr_135');
INSERT INTO trabalho.comentarios_podcast_usuario VALUES ('comment_135_1_1', 'Totam consequatur aspernatur dolorem rem dolores voluptas nisi distinctio voluptatum.', 'af46a958-b921-47b6-9f87-5c4fdc68ea79', 'usr_135');
INSERT INTO trabalho.comentarios_podcast_usuario VALUES ('comment_135_2_1', 'Excepturi nobis dolores non necessitatibus quidem et.', 'af46a958-b921-47b6-9f87-5c4fdc68ea79', 'usr_135');
INSERT INTO trabalho.comentarios_podcast_usuario VALUES ('comment_135_3_1', 'Illo non aut at pariatur et eius.', 'af46a958-b921-47b6-9f87-5c4fdc68ea79', 'usr_135');
INSERT INTO trabalho.comentarios_podcast_usuario VALUES ('comment_135_4_1', 'Eum ut cum laudantium repellendus asperiores.', 'af46a958-b921-47b6-9f87-5c4fdc68ea79', 'usr_135');
INSERT INTO trabalho.comentarios_podcast_usuario VALUES ('comment_135_5_1', 'Voluptatem nihil eos quaerat sequi ex.', 'af46a958-b921-47b6-9f87-5c4fdc68ea79', 'usr_135');
INSERT INTO trabalho.log_acesso VALUES ('log_135_0_1', 'af46a958-b921-47b6-9f87-5c4fdc68ea79', 'usr_135');
INSERT INTO trabalho.log_acesso VALUES ('log_135_1_1', 'af46a958-b921-47b6-9f87-5c4fdc68ea79', 'usr_135');
INSERT INTO trabalho.log_acesso VALUES ('log_135_2_1', 'af46a958-b921-47b6-9f87-5c4fdc68ea79', 'usr_135');
INSERT INTO trabalho.usuario_esta_inscrito_no_podcast VALUES (5, 'fa3abe16-3645-4d22-a01d-893e6f20c408', 'usr_135');
INSERT INTO trabalho.comentarios_podcast_usuario VALUES ('comment_135_0_2', 'Voluptatem rerum veniam laudantium eos.', 'fa3abe16-3645-4d22-a01d-893e6f20c408', 'usr_135');
INSERT INTO trabalho.comentarios_podcast_usuario VALUES ('comment_135_1_2', 'Fugiat nihil et in deserunt dolores dignissimos.', 'fa3abe16-3645-4d22-a01d-893e6f20c408', 'usr_135');
INSERT INTO trabalho.comentarios_podcast_usuario VALUES ('comment_135_2_2', 'Rem qui consequatur ullam est assumenda atque.', 'fa3abe16-3645-4d22-a01d-893e6f20c408', 'usr_135');
INSERT INTO trabalho.comentarios_podcast_usuario VALUES ('comment_135_3_2', 'Voluptate maxime aut aliquam est pariatur est ut aut a.', 'fa3abe16-3645-4d22-a01d-893e6f20c408', 'usr_135');
INSERT INTO trabalho.log_acesso VALUES ('log_135_0_2', 'fa3abe16-3645-4d22-a01d-893e6f20c408', 'usr_135');
INSERT INTO trabalho.log_acesso VALUES ('log_135_1_2', 'fa3abe16-3645-4d22-a01d-893e6f20c408', 'usr_135');
INSERT INTO trabalho.log_acesso VALUES ('log_135_2_2', 'fa3abe16-3645-4d22-a01d-893e6f20c408', 'usr_135');
INSERT INTO trabalho.usuario VALUES ('usr_136', '136_Oflia_Batista@live.com', 'Ofélia Batista', 'female', 34, 'password', 'Omã');
INSERT INTO trabalho.usuario_esta_inscrito_no_podcast VALUES (1, 'de2f0ddb-9903-436a-a5e2-54224254c818', 'usr_136');
INSERT INTO trabalho.comentarios_podcast_usuario VALUES ('comment_136_0_0', 'Ex culpa minus distinctio non eaque occaecati.', 'de2f0ddb-9903-436a-a5e2-54224254c818', 'usr_136');
INSERT INTO trabalho.comentarios_podcast_usuario VALUES ('comment_136_1_0', 'Eum fuga veritatis ex nulla maiores recusandae aut dolores qui.', 'de2f0ddb-9903-436a-a5e2-54224254c818', 'usr_136');
INSERT INTO trabalho.log_acesso VALUES ('log_136_0_0', 'de2f0ddb-9903-436a-a5e2-54224254c818', 'usr_136');
INSERT INTO trabalho.log_acesso VALUES ('log_136_1_0', 'de2f0ddb-9903-436a-a5e2-54224254c818', 'usr_136');
INSERT INTO trabalho.log_acesso VALUES ('log_136_2_0', 'de2f0ddb-9903-436a-a5e2-54224254c818', 'usr_136');
INSERT INTO trabalho.usuario_esta_inscrito_no_podcast VALUES (3, 'fa3abe16-3645-4d22-a01d-893e6f20c408', 'usr_136');
INSERT INTO trabalho.comentarios_podcast_usuario VALUES ('comment_136_0_1', 'Ullam quo est vero officiis soluta unde aliquid est quae.', 'fa3abe16-3645-4d22-a01d-893e6f20c408', 'usr_136');
INSERT INTO trabalho.comentarios_podcast_usuario VALUES ('comment_136_1_1', 'Iure omnis ut reiciendis dolores ut aspernatur enim ipsum.', 'fa3abe16-3645-4d22-a01d-893e6f20c408', 'usr_136');
INSERT INTO trabalho.comentarios_podcast_usuario VALUES ('comment_136_2_1', 'Error quia aut ut ut corporis aut fugit magnam.', 'fa3abe16-3645-4d22-a01d-893e6f20c408', 'usr_136');
INSERT INTO trabalho.log_acesso VALUES ('log_136_0_1', 'fa3abe16-3645-4d22-a01d-893e6f20c408', 'usr_136');
INSERT INTO trabalho.log_acesso VALUES ('log_136_1_1', 'fa3abe16-3645-4d22-a01d-893e6f20c408', 'usr_136');
INSERT INTO trabalho.log_acesso VALUES ('log_136_2_1', 'fa3abe16-3645-4d22-a01d-893e6f20c408', 'usr_136');
INSERT INTO trabalho.log_acesso VALUES ('log_136_3_1', 'fa3abe16-3645-4d22-a01d-893e6f20c408', 'usr_136');
INSERT INTO trabalho.log_acesso VALUES ('log_136_4_1', 'fa3abe16-3645-4d22-a01d-893e6f20c408', 'usr_136');
INSERT INTO trabalho.usuario_esta_inscrito_no_podcast VALUES (3, 'f8e13774-d631-4f34-93f0-2f5d55590265', 'usr_136');
INSERT INTO trabalho.comentarios_podcast_usuario VALUES ('comment_136_0_2', 'Adipisci optio eum ratione repellendus.', 'f8e13774-d631-4f34-93f0-2f5d55590265', 'usr_136');
INSERT INTO trabalho.comentarios_podcast_usuario VALUES ('comment_136_1_2', 'Doloribus cupiditate et expedita consequuntur optio sunt.', 'f8e13774-d631-4f34-93f0-2f5d55590265', 'usr_136');
INSERT INTO trabalho.comentarios_podcast_usuario VALUES ('comment_136_2_2', 'Fugiat eligendi ipsum sint.', 'f8e13774-d631-4f34-93f0-2f5d55590265', 'usr_136');
INSERT INTO trabalho.log_acesso VALUES ('log_136_0_2', 'f8e13774-d631-4f34-93f0-2f5d55590265', 'usr_136');
INSERT INTO trabalho.log_acesso VALUES ('log_136_1_2', 'f8e13774-d631-4f34-93f0-2f5d55590265', 'usr_136');
INSERT INTO trabalho.usuario VALUES ('usr_137', '137_Clara_Nogueira24@hotmail.com', 'Clara Nogueira', 'female', 49, 'password', 'Nova Caledonia');
INSERT INTO trabalho.usuario_esta_inscrito_no_podcast VALUES (3, 'af46a958-b921-47b6-9f87-5c4fdc68ea79', 'usr_137');
INSERT INTO trabalho.comentarios_podcast_usuario VALUES ('comment_137_0_0', 'Dolores molestiae facilis explicabo corrupti.', 'af46a958-b921-47b6-9f87-5c4fdc68ea79', 'usr_137');
INSERT INTO trabalho.comentarios_podcast_usuario VALUES ('comment_137_1_0', 'Ratione aliquid delectus voluptas.', 'af46a958-b921-47b6-9f87-5c4fdc68ea79', 'usr_137');
INSERT INTO trabalho.comentarios_podcast_usuario VALUES ('comment_137_2_0', 'Omnis et nihil alias et quasi numquam reprehenderit nisi rem.', 'af46a958-b921-47b6-9f87-5c4fdc68ea79', 'usr_137');
INSERT INTO trabalho.comentarios_podcast_usuario VALUES ('comment_137_3_0', 'Aut eligendi nostrum repellendus doloribus voluptatem.', 'af46a958-b921-47b6-9f87-5c4fdc68ea79', 'usr_137');
INSERT INTO trabalho.log_acesso VALUES ('log_137_0_0', 'af46a958-b921-47b6-9f87-5c4fdc68ea79', 'usr_137');
INSERT INTO trabalho.log_acesso VALUES ('log_137_1_0', 'af46a958-b921-47b6-9f87-5c4fdc68ea79', 'usr_137');
INSERT INTO trabalho.log_acesso VALUES ('log_137_2_0', 'af46a958-b921-47b6-9f87-5c4fdc68ea79', 'usr_137');
INSERT INTO trabalho.log_acesso VALUES ('log_137_3_0', 'af46a958-b921-47b6-9f87-5c4fdc68ea79', 'usr_137');
INSERT INTO trabalho.log_acesso VALUES ('log_137_4_0', 'af46a958-b921-47b6-9f87-5c4fdc68ea79', 'usr_137');
INSERT INTO trabalho.usuario_esta_inscrito_no_podcast VALUES (0, 'c58b280a-56d4-4ad8-8c85-730e4ea86361', 'usr_137');
INSERT INTO trabalho.comentarios_podcast_usuario VALUES ('comment_137_0_1', 'Incidunt iure et commodi voluptas est aut mollitia ad.', 'c58b280a-56d4-4ad8-8c85-730e4ea86361', 'usr_137');
INSERT INTO trabalho.comentarios_podcast_usuario VALUES ('comment_137_1_1', 'Facere cumque quia dolor iusto eius perspiciatis magni.', 'c58b280a-56d4-4ad8-8c85-730e4ea86361', 'usr_137');
INSERT INTO trabalho.comentarios_podcast_usuario VALUES ('comment_137_2_1', 'Blanditiis accusantium animi occaecati vel et iusto omnis esse necessitatibus.', 'c58b280a-56d4-4ad8-8c85-730e4ea86361', 'usr_137');
INSERT INTO trabalho.log_acesso VALUES ('log_137_0_1', 'c58b280a-56d4-4ad8-8c85-730e4ea86361', 'usr_137');
INSERT INTO trabalho.log_acesso VALUES ('log_137_1_1', 'c58b280a-56d4-4ad8-8c85-730e4ea86361', 'usr_137');
INSERT INTO trabalho.log_acesso VALUES ('log_137_2_1', 'c58b280a-56d4-4ad8-8c85-730e4ea86361', 'usr_137');
INSERT INTO trabalho.log_acesso VALUES ('log_137_3_1', 'c58b280a-56d4-4ad8-8c85-730e4ea86361', 'usr_137');
INSERT INTO trabalho.log_acesso VALUES ('log_137_4_1', 'c58b280a-56d4-4ad8-8c85-730e4ea86361', 'usr_137');
INSERT INTO trabalho.usuario_esta_inscrito_no_podcast VALUES (4, '67074e68-bc2f-442b-8af2-7d328b6af6eb', 'usr_137');
INSERT INTO trabalho.comentarios_podcast_usuario VALUES ('comment_137_0_2', 'Quos voluptatem vel.', '67074e68-bc2f-442b-8af2-7d328b6af6eb', 'usr_137');
INSERT INTO trabalho.comentarios_podcast_usuario VALUES ('comment_137_1_2', 'Nesciunt quo est commodi voluptatem qui officia.', '67074e68-bc2f-442b-8af2-7d328b6af6eb', 'usr_137');
INSERT INTO trabalho.comentarios_podcast_usuario VALUES ('comment_137_2_2', 'Neque inventore aut.', '67074e68-bc2f-442b-8af2-7d328b6af6eb', 'usr_137');
INSERT INTO trabalho.log_acesso VALUES ('log_137_0_2', '67074e68-bc2f-442b-8af2-7d328b6af6eb', 'usr_137');
INSERT INTO trabalho.log_acesso VALUES ('log_137_1_2', '67074e68-bc2f-442b-8af2-7d328b6af6eb', 'usr_137');
INSERT INTO trabalho.log_acesso VALUES ('log_137_2_2', '67074e68-bc2f-442b-8af2-7d328b6af6eb', 'usr_137');
INSERT INTO trabalho.log_acesso VALUES ('log_137_3_2', '67074e68-bc2f-442b-8af2-7d328b6af6eb', 'usr_137');
INSERT INTO trabalho.usuario VALUES ('usr_138', '138_Joaquim13@bol.com.br', 'Joaquim Barros', 'male', 16, 'password', 'Marrocos');
INSERT INTO trabalho.usuario_esta_inscrito_no_podcast VALUES (3, 'bc8dac25-793c-4a96-aafc-4ea7020f4f60', 'usr_138');
INSERT INTO trabalho.comentarios_podcast_usuario VALUES ('comment_138_0_0', 'Amet ratione natus provident occaecati.', 'bc8dac25-793c-4a96-aafc-4ea7020f4f60', 'usr_138');
INSERT INTO trabalho.comentarios_podcast_usuario VALUES ('comment_138_1_0', 'Accusamus dicta quos consequatur consequuntur autem.', 'bc8dac25-793c-4a96-aafc-4ea7020f4f60', 'usr_138');
INSERT INTO trabalho.comentarios_podcast_usuario VALUES ('comment_138_2_0', 'Veritatis at non consequuntur numquam.', 'bc8dac25-793c-4a96-aafc-4ea7020f4f60', 'usr_138');
INSERT INTO trabalho.comentarios_podcast_usuario VALUES ('comment_138_3_0', 'Ab eum sunt eum voluptatem qui nesciunt neque at cum.', 'bc8dac25-793c-4a96-aafc-4ea7020f4f60', 'usr_138');
INSERT INTO trabalho.log_acesso VALUES ('log_138_0_0', 'bc8dac25-793c-4a96-aafc-4ea7020f4f60', 'usr_138');
INSERT INTO trabalho.log_acesso VALUES ('log_138_1_0', 'bc8dac25-793c-4a96-aafc-4ea7020f4f60', 'usr_138');
INSERT INTO trabalho.usuario_esta_inscrito_no_podcast VALUES (1, 'af46a958-b921-47b6-9f87-5c4fdc68ea79', 'usr_138');
INSERT INTO trabalho.comentarios_podcast_usuario VALUES ('comment_138_0_1', 'Voluptas sunt quis omnis esse libero nostrum cum cumque.', 'af46a958-b921-47b6-9f87-5c4fdc68ea79', 'usr_138');
INSERT INTO trabalho.log_acesso VALUES ('log_138_0_1', 'af46a958-b921-47b6-9f87-5c4fdc68ea79', 'usr_138');
INSERT INTO trabalho.log_acesso VALUES ('log_138_1_1', 'af46a958-b921-47b6-9f87-5c4fdc68ea79', 'usr_138');
INSERT INTO trabalho.log_acesso VALUES ('log_138_2_1', 'af46a958-b921-47b6-9f87-5c4fdc68ea79', 'usr_138');
INSERT INTO trabalho.log_acesso VALUES ('log_138_3_1', 'af46a958-b921-47b6-9f87-5c4fdc68ea79', 'usr_138');
INSERT INTO trabalho.log_acesso VALUES ('log_138_4_1', 'af46a958-b921-47b6-9f87-5c4fdc68ea79', 'usr_138');
INSERT INTO trabalho.usuario_esta_inscrito_no_podcast VALUES (2, 'f0166bd2-8e4d-4308-b5d7-0b3d627c5dc5', 'usr_138');
INSERT INTO trabalho.comentarios_podcast_usuario VALUES ('comment_138_0_2', 'Sapiente dolor aut ratione corrupti.', 'f0166bd2-8e4d-4308-b5d7-0b3d627c5dc5', 'usr_138');
INSERT INTO trabalho.log_acesso VALUES ('log_138_0_2', 'f0166bd2-8e4d-4308-b5d7-0b3d627c5dc5', 'usr_138');
INSERT INTO trabalho.log_acesso VALUES ('log_138_1_2', 'f0166bd2-8e4d-4308-b5d7-0b3d627c5dc5', 'usr_138');
INSERT INTO trabalho.log_acesso VALUES ('log_138_2_2', 'f0166bd2-8e4d-4308-b5d7-0b3d627c5dc5', 'usr_138');
INSERT INTO trabalho.log_acesso VALUES ('log_138_3_2', 'f0166bd2-8e4d-4308-b5d7-0b3d627c5dc5', 'usr_138');
INSERT INTO trabalho.log_acesso VALUES ('log_138_4_2', 'f0166bd2-8e4d-4308-b5d7-0b3d627c5dc5', 'usr_138');
INSERT INTO trabalho.usuario VALUES ('usr_139', '139_JlioCsar88@bol.com.br', 'Júlio César Moraes', 'male', 20, 'password', 'Costa do Marfim');
INSERT INTO trabalho.usuario_esta_inscrito_no_podcast VALUES (4, '168c1536-4c42-4b8f-8c77-f06affefec6a', 'usr_139');
INSERT INTO trabalho.comentarios_podcast_usuario VALUES ('comment_139_0_0', 'Sit quia et quibusdam reiciendis nulla ad voluptatibus voluptate omnis.', '168c1536-4c42-4b8f-8c77-f06affefec6a', 'usr_139');
INSERT INTO trabalho.comentarios_podcast_usuario VALUES ('comment_139_1_0', 'Ut quas natus aut enim blanditiis eum vel.', '168c1536-4c42-4b8f-8c77-f06affefec6a', 'usr_139');
INSERT INTO trabalho.comentarios_podcast_usuario VALUES ('comment_139_2_0', 'Voluptates autem aliquam doloribus eius est aut.', '168c1536-4c42-4b8f-8c77-f06affefec6a', 'usr_139');
INSERT INTO trabalho.comentarios_podcast_usuario VALUES ('comment_139_3_0', 'Molestiae officiis corrupti.', '168c1536-4c42-4b8f-8c77-f06affefec6a', 'usr_139');
INSERT INTO trabalho.log_acesso VALUES ('log_139_0_0', '168c1536-4c42-4b8f-8c77-f06affefec6a', 'usr_139');
INSERT INTO trabalho.log_acesso VALUES ('log_139_1_0', '168c1536-4c42-4b8f-8c77-f06affefec6a', 'usr_139');
INSERT INTO trabalho.log_acesso VALUES ('log_139_2_0', '168c1536-4c42-4b8f-8c77-f06affefec6a', 'usr_139');
INSERT INTO trabalho.log_acesso VALUES ('log_139_3_0', '168c1536-4c42-4b8f-8c77-f06affefec6a', 'usr_139');
INSERT INTO trabalho.log_acesso VALUES ('log_139_4_0', '168c1536-4c42-4b8f-8c77-f06affefec6a', 'usr_139');
INSERT INTO trabalho.usuario_esta_inscrito_no_podcast VALUES (2, 'af46a958-b921-47b6-9f87-5c4fdc68ea79', 'usr_139');
INSERT INTO trabalho.comentarios_podcast_usuario VALUES ('comment_139_0_1', 'Nam blanditiis dicta est.', 'af46a958-b921-47b6-9f87-5c4fdc68ea79', 'usr_139');
INSERT INTO trabalho.log_acesso VALUES ('log_139_0_1', 'af46a958-b921-47b6-9f87-5c4fdc68ea79', 'usr_139');
INSERT INTO trabalho.log_acesso VALUES ('log_139_1_1', 'af46a958-b921-47b6-9f87-5c4fdc68ea79', 'usr_139');
INSERT INTO trabalho.log_acesso VALUES ('log_139_2_1', 'af46a958-b921-47b6-9f87-5c4fdc68ea79', 'usr_139');
INSERT INTO trabalho.log_acesso VALUES ('log_139_3_1', 'af46a958-b921-47b6-9f87-5c4fdc68ea79', 'usr_139');
INSERT INTO trabalho.usuario_esta_inscrito_no_podcast VALUES (4, 'c58b280a-56d4-4ad8-8c85-730e4ea86361', 'usr_139');
INSERT INTO trabalho.comentarios_podcast_usuario VALUES ('comment_139_0_2', 'Eos inventore expedita earum.', 'c58b280a-56d4-4ad8-8c85-730e4ea86361', 'usr_139');
INSERT INTO trabalho.log_acesso VALUES ('log_139_0_2', 'c58b280a-56d4-4ad8-8c85-730e4ea86361', 'usr_139');
INSERT INTO trabalho.log_acesso VALUES ('log_139_1_2', 'c58b280a-56d4-4ad8-8c85-730e4ea86361', 'usr_139');
INSERT INTO trabalho.log_acesso VALUES ('log_139_2_2', 'c58b280a-56d4-4ad8-8c85-730e4ea86361', 'usr_139');
INSERT INTO trabalho.log_acesso VALUES ('log_139_3_2', 'c58b280a-56d4-4ad8-8c85-730e4ea86361', 'usr_139');
INSERT INTO trabalho.usuario VALUES ('usr_140', '140_AnaLaura26@hotmail.com', 'Ana Laura Pereira', 'female', 31, 'password', 'Armênia');
INSERT INTO trabalho.usuario_esta_inscrito_no_podcast VALUES (2, '5bdf7377-8330-4f9f-8efd-e95301c122ce', 'usr_140');
INSERT INTO trabalho.comentarios_podcast_usuario VALUES ('comment_140_0_0', 'Fugiat est nostrum et corporis dolor sunt.', '5bdf7377-8330-4f9f-8efd-e95301c122ce', 'usr_140');
INSERT INTO trabalho.comentarios_podcast_usuario VALUES ('comment_140_1_0', 'Distinctio maiores sint pariatur laboriosam sit eos.', '5bdf7377-8330-4f9f-8efd-e95301c122ce', 'usr_140');
INSERT INTO trabalho.comentarios_podcast_usuario VALUES ('comment_140_2_0', 'Suscipit quis autem minima.', '5bdf7377-8330-4f9f-8efd-e95301c122ce', 'usr_140');
INSERT INTO trabalho.comentarios_podcast_usuario VALUES ('comment_140_3_0', 'Commodi qui laudantium.', '5bdf7377-8330-4f9f-8efd-e95301c122ce', 'usr_140');
INSERT INTO trabalho.comentarios_podcast_usuario VALUES ('comment_140_4_0', 'Aut debitis repudiandae fugit rerum a.', '5bdf7377-8330-4f9f-8efd-e95301c122ce', 'usr_140');
INSERT INTO trabalho.comentarios_podcast_usuario VALUES ('comment_140_5_0', 'Ipsam sit dolores nihil et dolor optio voluptate.', '5bdf7377-8330-4f9f-8efd-e95301c122ce', 'usr_140');
INSERT INTO trabalho.log_acesso VALUES ('log_140_0_0', '5bdf7377-8330-4f9f-8efd-e95301c122ce', 'usr_140');
INSERT INTO trabalho.log_acesso VALUES ('log_140_1_0', '5bdf7377-8330-4f9f-8efd-e95301c122ce', 'usr_140');
INSERT INTO trabalho.usuario_esta_inscrito_no_podcast VALUES (0, 'de2f0ddb-9903-436a-a5e2-54224254c818', 'usr_140');
INSERT INTO trabalho.comentarios_podcast_usuario VALUES ('comment_140_0_1', 'Vero possimus placeat officia voluptas.', 'de2f0ddb-9903-436a-a5e2-54224254c818', 'usr_140');
INSERT INTO trabalho.log_acesso VALUES ('log_140_0_1', 'de2f0ddb-9903-436a-a5e2-54224254c818', 'usr_140');
INSERT INTO trabalho.log_acesso VALUES ('log_140_1_1', 'de2f0ddb-9903-436a-a5e2-54224254c818', 'usr_140');
INSERT INTO trabalho.log_acesso VALUES ('log_140_2_1', 'de2f0ddb-9903-436a-a5e2-54224254c818', 'usr_140');
INSERT INTO trabalho.usuario_esta_inscrito_no_podcast VALUES (1, 'af46a958-b921-47b6-9f87-5c4fdc68ea79', 'usr_140');
INSERT INTO trabalho.comentarios_podcast_usuario VALUES ('comment_140_0_2', 'Odio praesentium porro ut quia ipsum ut consequatur minima libero.', 'af46a958-b921-47b6-9f87-5c4fdc68ea79', 'usr_140');
INSERT INTO trabalho.comentarios_podcast_usuario VALUES ('comment_140_1_2', 'Earum quisquam voluptas ut enim in et.', 'af46a958-b921-47b6-9f87-5c4fdc68ea79', 'usr_140');
INSERT INTO trabalho.log_acesso VALUES ('log_140_0_2', 'af46a958-b921-47b6-9f87-5c4fdc68ea79', 'usr_140');
INSERT INTO trabalho.log_acesso VALUES ('log_140_1_2', 'af46a958-b921-47b6-9f87-5c4fdc68ea79', 'usr_140');
INSERT INTO trabalho.log_acesso VALUES ('log_140_2_2', 'af46a958-b921-47b6-9f87-5c4fdc68ea79', 'usr_140');
INSERT INTO trabalho.log_acesso VALUES ('log_140_3_2', 'af46a958-b921-47b6-9f87-5c4fdc68ea79', 'usr_140');
INSERT INTO trabalho.log_acesso VALUES ('log_140_4_2', 'af46a958-b921-47b6-9f87-5c4fdc68ea79', 'usr_140');
INSERT INTO trabalho.log_acesso VALUES ('log_140_5_2', 'af46a958-b921-47b6-9f87-5c4fdc68ea79', 'usr_140');
INSERT INTO trabalho.usuario VALUES ('usr_141', '141_Fabrcia_Barros@hotmail.com', 'Fabrícia Barros', 'female', 20, 'password', 'Guadalupe');
INSERT INTO trabalho.usuario_esta_inscrito_no_podcast VALUES (1, 'f8e13774-d631-4f34-93f0-2f5d55590265', 'usr_141');
INSERT INTO trabalho.comentarios_podcast_usuario VALUES ('comment_141_0_0', 'Adipisci dolores doloribus laudantium at deserunt voluptates.', 'f8e13774-d631-4f34-93f0-2f5d55590265', 'usr_141');
INSERT INTO trabalho.log_acesso VALUES ('log_141_0_0', 'f8e13774-d631-4f34-93f0-2f5d55590265', 'usr_141');
INSERT INTO trabalho.log_acesso VALUES ('log_141_1_0', 'f8e13774-d631-4f34-93f0-2f5d55590265', 'usr_141');
INSERT INTO trabalho.log_acesso VALUES ('log_141_2_0', 'f8e13774-d631-4f34-93f0-2f5d55590265', 'usr_141');
INSERT INTO trabalho.usuario_esta_inscrito_no_podcast VALUES (5, 'c58b280a-56d4-4ad8-8c85-730e4ea86361', 'usr_141');
INSERT INTO trabalho.comentarios_podcast_usuario VALUES ('comment_141_0_1', 'Aperiam modi voluptatem rem delectus velit.', 'c58b280a-56d4-4ad8-8c85-730e4ea86361', 'usr_141');
INSERT INTO trabalho.comentarios_podcast_usuario VALUES ('comment_141_1_1', 'Ea saepe corrupti inventore aut dicta.', 'c58b280a-56d4-4ad8-8c85-730e4ea86361', 'usr_141');
INSERT INTO trabalho.comentarios_podcast_usuario VALUES ('comment_141_2_1', 'Est quia dolor recusandae.', 'c58b280a-56d4-4ad8-8c85-730e4ea86361', 'usr_141');
INSERT INTO trabalho.comentarios_podcast_usuario VALUES ('comment_141_3_1', 'Quis quia nulla distinctio asperiores eligendi illo.', 'c58b280a-56d4-4ad8-8c85-730e4ea86361', 'usr_141');
INSERT INTO trabalho.comentarios_podcast_usuario VALUES ('comment_141_4_1', 'Praesentium enim beatae fugiat hic.', 'c58b280a-56d4-4ad8-8c85-730e4ea86361', 'usr_141');
INSERT INTO trabalho.comentarios_podcast_usuario VALUES ('comment_141_5_1', 'Ducimus at dignissimos beatae illum.', 'c58b280a-56d4-4ad8-8c85-730e4ea86361', 'usr_141');
INSERT INTO trabalho.log_acesso VALUES ('log_141_0_1', 'c58b280a-56d4-4ad8-8c85-730e4ea86361', 'usr_141');
INSERT INTO trabalho.usuario_esta_inscrito_no_podcast VALUES (2, 'bc8dac25-793c-4a96-aafc-4ea7020f4f60', 'usr_141');
INSERT INTO trabalho.comentarios_podcast_usuario VALUES ('comment_141_0_2', 'Laborum neque a et.', 'bc8dac25-793c-4a96-aafc-4ea7020f4f60', 'usr_141');
INSERT INTO trabalho.comentarios_podcast_usuario VALUES ('comment_141_1_2', 'Est excepturi debitis sed architecto nihil.', 'bc8dac25-793c-4a96-aafc-4ea7020f4f60', 'usr_141');
INSERT INTO trabalho.comentarios_podcast_usuario VALUES ('comment_141_2_2', 'Quis at dolore quos quia aut tenetur impedit.', 'bc8dac25-793c-4a96-aafc-4ea7020f4f60', 'usr_141');
INSERT INTO trabalho.log_acesso VALUES ('log_141_0_2', 'bc8dac25-793c-4a96-aafc-4ea7020f4f60', 'usr_141');
INSERT INTO trabalho.log_acesso VALUES ('log_141_1_2', 'bc8dac25-793c-4a96-aafc-4ea7020f4f60', 'usr_141');
INSERT INTO trabalho.log_acesso VALUES ('log_141_2_2', 'bc8dac25-793c-4a96-aafc-4ea7020f4f60', 'usr_141');
INSERT INTO trabalho.usuario VALUES ('usr_142', '142_Joana_Moraes@gmail.com', 'Joana Moraes', 'female', 39, 'password', 'Belize');
INSERT INTO trabalho.usuario_esta_inscrito_no_podcast VALUES (4, 'de2f0ddb-9903-436a-a5e2-54224254c818', 'usr_142');
INSERT INTO trabalho.comentarios_podcast_usuario VALUES ('comment_142_0_0', 'Quod incidunt totam ea qui molestiae nisi omnis ad laborum.', 'de2f0ddb-9903-436a-a5e2-54224254c818', 'usr_142');
INSERT INTO trabalho.comentarios_podcast_usuario VALUES ('comment_142_1_0', 'Sit esse cupiditate.', 'de2f0ddb-9903-436a-a5e2-54224254c818', 'usr_142');
INSERT INTO trabalho.comentarios_podcast_usuario VALUES ('comment_142_2_0', 'Perspiciatis expedita dicta aut eos suscipit et nihil fugit.', 'de2f0ddb-9903-436a-a5e2-54224254c818', 'usr_142');
INSERT INTO trabalho.comentarios_podcast_usuario VALUES ('comment_142_3_0', 'Minima ex est et officia inventore ipsum rerum.', 'de2f0ddb-9903-436a-a5e2-54224254c818', 'usr_142');
INSERT INTO trabalho.comentarios_podcast_usuario VALUES ('comment_142_4_0', 'Odit facilis sit sunt aut delectus consequatur occaecati iste modi.', 'de2f0ddb-9903-436a-a5e2-54224254c818', 'usr_142');
INSERT INTO trabalho.comentarios_podcast_usuario VALUES ('comment_142_5_0', 'Sunt ipsum aspernatur molestiae quaerat sed placeat nam quasi.', 'de2f0ddb-9903-436a-a5e2-54224254c818', 'usr_142');
INSERT INTO trabalho.log_acesso VALUES ('log_142_0_0', 'de2f0ddb-9903-436a-a5e2-54224254c818', 'usr_142');
INSERT INTO trabalho.log_acesso VALUES ('log_142_1_0', 'de2f0ddb-9903-436a-a5e2-54224254c818', 'usr_142');
INSERT INTO trabalho.log_acesso VALUES ('log_142_2_0', 'de2f0ddb-9903-436a-a5e2-54224254c818', 'usr_142');
INSERT INTO trabalho.log_acesso VALUES ('log_142_3_0', 'de2f0ddb-9903-436a-a5e2-54224254c818', 'usr_142');
INSERT INTO trabalho.usuario_esta_inscrito_no_podcast VALUES (2, 'f8e13774-d631-4f34-93f0-2f5d55590265', 'usr_142');
INSERT INTO trabalho.comentarios_podcast_usuario VALUES ('comment_142_0_1', 'In rem reprehenderit.', 'f8e13774-d631-4f34-93f0-2f5d55590265', 'usr_142');
INSERT INTO trabalho.log_acesso VALUES ('log_142_0_1', 'f8e13774-d631-4f34-93f0-2f5d55590265', 'usr_142');
INSERT INTO trabalho.log_acesso VALUES ('log_142_1_1', 'f8e13774-d631-4f34-93f0-2f5d55590265', 'usr_142');
INSERT INTO trabalho.log_acesso VALUES ('log_142_2_1', 'f8e13774-d631-4f34-93f0-2f5d55590265', 'usr_142');
INSERT INTO trabalho.usuario_esta_inscrito_no_podcast VALUES (2, 'fa3abe16-3645-4d22-a01d-893e6f20c408', 'usr_142');
INSERT INTO trabalho.comentarios_podcast_usuario VALUES ('comment_142_0_2', 'Suscipit ut assumenda rem repellat ipsa in voluptates sint totam.', 'fa3abe16-3645-4d22-a01d-893e6f20c408', 'usr_142');
INSERT INTO trabalho.comentarios_podcast_usuario VALUES ('comment_142_1_2', 'Dolores porro deleniti deleniti.', 'fa3abe16-3645-4d22-a01d-893e6f20c408', 'usr_142');
INSERT INTO trabalho.comentarios_podcast_usuario VALUES ('comment_142_2_2', 'Hic laudantium dolore a tempore.', 'fa3abe16-3645-4d22-a01d-893e6f20c408', 'usr_142');
INSERT INTO trabalho.log_acesso VALUES ('log_142_0_2', 'fa3abe16-3645-4d22-a01d-893e6f20c408', 'usr_142');
INSERT INTO trabalho.log_acesso VALUES ('log_142_1_2', 'fa3abe16-3645-4d22-a01d-893e6f20c408', 'usr_142');
INSERT INTO trabalho.log_acesso VALUES ('log_142_2_2', 'fa3abe16-3645-4d22-a01d-893e6f20c408', 'usr_142');
INSERT INTO trabalho.log_acesso VALUES ('log_142_3_2', 'fa3abe16-3645-4d22-a01d-893e6f20c408', 'usr_142');
INSERT INTO trabalho.log_acesso VALUES ('log_142_4_2', 'fa3abe16-3645-4d22-a01d-893e6f20c408', 'usr_142');
INSERT INTO trabalho.log_acesso VALUES ('log_142_5_2', 'fa3abe16-3645-4d22-a01d-893e6f20c408', 'usr_142');
INSERT INTO trabalho.log_acesso VALUES ('log_142_6_2', 'fa3abe16-3645-4d22-a01d-893e6f20c408', 'usr_142');
INSERT INTO trabalho.log_acesso VALUES ('log_142_7_2', 'fa3abe16-3645-4d22-a01d-893e6f20c408', 'usr_142');
INSERT INTO trabalho.usuario VALUES ('usr_143', '143_Lorraine71@hotmail.com', 'Lorraine Saraiva', 'female', 17, 'password', 'Laos');
INSERT INTO trabalho.usuario_esta_inscrito_no_podcast VALUES (0, '219328a1-cec6-4e8c-b003-52a3ec9766bb', 'usr_143');
INSERT INTO trabalho.comentarios_podcast_usuario VALUES ('comment_143_0_0', 'Laudantium quidem possimus nobis.', '219328a1-cec6-4e8c-b003-52a3ec9766bb', 'usr_143');
INSERT INTO trabalho.comentarios_podcast_usuario VALUES ('comment_143_1_0', 'Nihil molestiae distinctio consectetur ad.', '219328a1-cec6-4e8c-b003-52a3ec9766bb', 'usr_143');
INSERT INTO trabalho.comentarios_podcast_usuario VALUES ('comment_143_2_0', 'Officia quo omnis autem non et suscipit.', '219328a1-cec6-4e8c-b003-52a3ec9766bb', 'usr_143');
INSERT INTO trabalho.comentarios_podcast_usuario VALUES ('comment_143_3_0', 'Eligendi quis ea sunt magnam iusto aspernatur.', '219328a1-cec6-4e8c-b003-52a3ec9766bb', 'usr_143');
INSERT INTO trabalho.comentarios_podcast_usuario VALUES ('comment_143_4_0', 'Quae quia accusamus accusantium modi velit.', '219328a1-cec6-4e8c-b003-52a3ec9766bb', 'usr_143');
INSERT INTO trabalho.comentarios_podcast_usuario VALUES ('comment_143_5_0', 'Possimus quidem omnis alias ut.', '219328a1-cec6-4e8c-b003-52a3ec9766bb', 'usr_143');
INSERT INTO trabalho.log_acesso VALUES ('log_143_0_0', '219328a1-cec6-4e8c-b003-52a3ec9766bb', 'usr_143');
INSERT INTO trabalho.log_acesso VALUES ('log_143_1_0', '219328a1-cec6-4e8c-b003-52a3ec9766bb', 'usr_143');
INSERT INTO trabalho.usuario_esta_inscrito_no_podcast VALUES (3, 'bc8dac25-793c-4a96-aafc-4ea7020f4f60', 'usr_143');
INSERT INTO trabalho.comentarios_podcast_usuario VALUES ('comment_143_0_1', 'Nisi et non.', 'bc8dac25-793c-4a96-aafc-4ea7020f4f60', 'usr_143');
INSERT INTO trabalho.comentarios_podcast_usuario VALUES ('comment_143_1_1', 'Autem itaque molestiae eaque accusamus praesentium necessitatibus vero qui et.', 'bc8dac25-793c-4a96-aafc-4ea7020f4f60', 'usr_143');
INSERT INTO trabalho.comentarios_podcast_usuario VALUES ('comment_143_2_1', 'Consectetur in dolore.', 'bc8dac25-793c-4a96-aafc-4ea7020f4f60', 'usr_143');
INSERT INTO trabalho.comentarios_podcast_usuario VALUES ('comment_143_3_1', 'Aut quis et magnam et.', 'bc8dac25-793c-4a96-aafc-4ea7020f4f60', 'usr_143');
INSERT INTO trabalho.comentarios_podcast_usuario VALUES ('comment_143_4_1', 'Omnis libero officiis dolor ut autem aliquid voluptatem.', 'bc8dac25-793c-4a96-aafc-4ea7020f4f60', 'usr_143');
INSERT INTO trabalho.log_acesso VALUES ('log_143_0_1', 'bc8dac25-793c-4a96-aafc-4ea7020f4f60', 'usr_143');
INSERT INTO trabalho.log_acesso VALUES ('log_143_1_1', 'bc8dac25-793c-4a96-aafc-4ea7020f4f60', 'usr_143');
INSERT INTO trabalho.usuario_esta_inscrito_no_podcast VALUES (3, 'f0166bd2-8e4d-4308-b5d7-0b3d627c5dc5', 'usr_143');
INSERT INTO trabalho.comentarios_podcast_usuario VALUES ('comment_143_0_2', 'Aut quia temporibus blanditiis optio.', 'f0166bd2-8e4d-4308-b5d7-0b3d627c5dc5', 'usr_143');
INSERT INTO trabalho.comentarios_podcast_usuario VALUES ('comment_143_1_2', 'Itaque nisi voluptatem labore fuga et.', 'f0166bd2-8e4d-4308-b5d7-0b3d627c5dc5', 'usr_143');
INSERT INTO trabalho.comentarios_podcast_usuario VALUES ('comment_143_2_2', 'Animi inventore temporibus eaque aut rerum nisi.', 'f0166bd2-8e4d-4308-b5d7-0b3d627c5dc5', 'usr_143');
INSERT INTO trabalho.comentarios_podcast_usuario VALUES ('comment_143_3_2', 'Quaerat voluptatum officia iste id voluptatem voluptate iste sed quisquam.', 'f0166bd2-8e4d-4308-b5d7-0b3d627c5dc5', 'usr_143');
INSERT INTO trabalho.comentarios_podcast_usuario VALUES ('comment_143_4_2', 'Aut delectus a ipsam dolor quasi asperiores.', 'f0166bd2-8e4d-4308-b5d7-0b3d627c5dc5', 'usr_143');
INSERT INTO trabalho.comentarios_podcast_usuario VALUES ('comment_143_5_2', 'Alias corrupti sit odio.', 'f0166bd2-8e4d-4308-b5d7-0b3d627c5dc5', 'usr_143');
INSERT INTO trabalho.comentarios_podcast_usuario VALUES ('comment_143_6_2', 'Odit quidem et dolore.', 'f0166bd2-8e4d-4308-b5d7-0b3d627c5dc5', 'usr_143');
INSERT INTO trabalho.log_acesso VALUES ('log_143_0_2', 'f0166bd2-8e4d-4308-b5d7-0b3d627c5dc5', 'usr_143');
INSERT INTO trabalho.usuario VALUES ('usr_144', '144_Marcos_Saraiva69@gmail.com', 'Marcos Saraiva', 'male', 57, 'password', 'Noruega');
INSERT INTO trabalho.usuario_esta_inscrito_no_podcast VALUES (1, 'de2f0ddb-9903-436a-a5e2-54224254c818', 'usr_144');
INSERT INTO trabalho.comentarios_podcast_usuario VALUES ('comment_144_0_0', 'Incidunt aperiam modi ex facere tempore esse.', 'de2f0ddb-9903-436a-a5e2-54224254c818', 'usr_144');
INSERT INTO trabalho.comentarios_podcast_usuario VALUES ('comment_144_1_0', 'Minima odio vero minima animi consequatur.', 'de2f0ddb-9903-436a-a5e2-54224254c818', 'usr_144');
INSERT INTO trabalho.log_acesso VALUES ('log_144_0_0', 'de2f0ddb-9903-436a-a5e2-54224254c818', 'usr_144');
INSERT INTO trabalho.log_acesso VALUES ('log_144_1_0', 'de2f0ddb-9903-436a-a5e2-54224254c818', 'usr_144');
INSERT INTO trabalho.log_acesso VALUES ('log_144_2_0', 'de2f0ddb-9903-436a-a5e2-54224254c818', 'usr_144');
INSERT INTO trabalho.log_acesso VALUES ('log_144_3_0', 'de2f0ddb-9903-436a-a5e2-54224254c818', 'usr_144');
INSERT INTO trabalho.log_acesso VALUES ('log_144_4_0', 'de2f0ddb-9903-436a-a5e2-54224254c818', 'usr_144');
INSERT INTO trabalho.usuario_esta_inscrito_no_podcast VALUES (2, '168c1536-4c42-4b8f-8c77-f06affefec6a', 'usr_144');
INSERT INTO trabalho.comentarios_podcast_usuario VALUES ('comment_144_0_1', 'Minus corrupti minima ea saepe laboriosam consequatur.', '168c1536-4c42-4b8f-8c77-f06affefec6a', 'usr_144');
INSERT INTO trabalho.comentarios_podcast_usuario VALUES ('comment_144_1_1', 'Quas sint quas provident officiis quae harum.', '168c1536-4c42-4b8f-8c77-f06affefec6a', 'usr_144');
INSERT INTO trabalho.comentarios_podcast_usuario VALUES ('comment_144_2_1', 'Fugit voluptas rerum quos debitis harum tempora.', '168c1536-4c42-4b8f-8c77-f06affefec6a', 'usr_144');
INSERT INTO trabalho.comentarios_podcast_usuario VALUES ('comment_144_3_1', 'Est voluptate nisi impedit dolor eius unde aut dolor eum.', '168c1536-4c42-4b8f-8c77-f06affefec6a', 'usr_144');
INSERT INTO trabalho.comentarios_podcast_usuario VALUES ('comment_144_4_1', 'Fugit sit quisquam corporis eius.', '168c1536-4c42-4b8f-8c77-f06affefec6a', 'usr_144');
INSERT INTO trabalho.comentarios_podcast_usuario VALUES ('comment_144_5_1', 'Temporibus voluptas facere totam deleniti consequatur ea.', '168c1536-4c42-4b8f-8c77-f06affefec6a', 'usr_144');
INSERT INTO trabalho.comentarios_podcast_usuario VALUES ('comment_144_6_1', 'Id ut quod.', '168c1536-4c42-4b8f-8c77-f06affefec6a', 'usr_144');
INSERT INTO trabalho.log_acesso VALUES ('log_144_0_1', '168c1536-4c42-4b8f-8c77-f06affefec6a', 'usr_144');
INSERT INTO trabalho.log_acesso VALUES ('log_144_1_1', '168c1536-4c42-4b8f-8c77-f06affefec6a', 'usr_144');
INSERT INTO trabalho.log_acesso VALUES ('log_144_2_1', '168c1536-4c42-4b8f-8c77-f06affefec6a', 'usr_144');
INSERT INTO trabalho.log_acesso VALUES ('log_144_3_1', '168c1536-4c42-4b8f-8c77-f06affefec6a', 'usr_144');
INSERT INTO trabalho.log_acesso VALUES ('log_144_4_1', '168c1536-4c42-4b8f-8c77-f06affefec6a', 'usr_144');
INSERT INTO trabalho.usuario_esta_inscrito_no_podcast VALUES (1, '219328a1-cec6-4e8c-b003-52a3ec9766bb', 'usr_144');
INSERT INTO trabalho.comentarios_podcast_usuario VALUES ('comment_144_0_2', 'Officia voluptate doloribus et quas tempora doloremque.', '219328a1-cec6-4e8c-b003-52a3ec9766bb', 'usr_144');
INSERT INTO trabalho.comentarios_podcast_usuario VALUES ('comment_144_1_2', 'Expedita et dolores.', '219328a1-cec6-4e8c-b003-52a3ec9766bb', 'usr_144');
INSERT INTO trabalho.comentarios_podcast_usuario VALUES ('comment_144_2_2', 'Officia non sequi.', '219328a1-cec6-4e8c-b003-52a3ec9766bb', 'usr_144');
INSERT INTO trabalho.log_acesso VALUES ('log_144_0_2', '219328a1-cec6-4e8c-b003-52a3ec9766bb', 'usr_144');
INSERT INTO trabalho.log_acesso VALUES ('log_144_1_2', '219328a1-cec6-4e8c-b003-52a3ec9766bb', 'usr_144');
INSERT INTO trabalho.log_acesso VALUES ('log_144_2_2', '219328a1-cec6-4e8c-b003-52a3ec9766bb', 'usr_144');
INSERT INTO trabalho.log_acesso VALUES ('log_144_3_2', '219328a1-cec6-4e8c-b003-52a3ec9766bb', 'usr_144');
INSERT INTO trabalho.log_acesso VALUES ('log_144_4_2', '219328a1-cec6-4e8c-b003-52a3ec9766bb', 'usr_144');
INSERT INTO trabalho.log_acesso VALUES ('log_144_5_2', '219328a1-cec6-4e8c-b003-52a3ec9766bb', 'usr_144');
INSERT INTO trabalho.usuario VALUES ('usr_145', '145_Esther85@yahoo.com', 'Esther Macedo', 'female', 38, 'password', 'Taiwan');
INSERT INTO trabalho.usuario_esta_inscrito_no_podcast VALUES (2, '67074e68-bc2f-442b-8af2-7d328b6af6eb', 'usr_145');
INSERT INTO trabalho.comentarios_podcast_usuario VALUES ('comment_145_0_0', 'Aut qui quod.', '67074e68-bc2f-442b-8af2-7d328b6af6eb', 'usr_145');
INSERT INTO trabalho.comentarios_podcast_usuario VALUES ('comment_145_1_0', 'Corporis quos nemo ex.', '67074e68-bc2f-442b-8af2-7d328b6af6eb', 'usr_145');
INSERT INTO trabalho.log_acesso VALUES ('log_145_0_0', '67074e68-bc2f-442b-8af2-7d328b6af6eb', 'usr_145');
INSERT INTO trabalho.log_acesso VALUES ('log_145_1_0', '67074e68-bc2f-442b-8af2-7d328b6af6eb', 'usr_145');
INSERT INTO trabalho.log_acesso VALUES ('log_145_2_0', '67074e68-bc2f-442b-8af2-7d328b6af6eb', 'usr_145');
INSERT INTO trabalho.log_acesso VALUES ('log_145_3_0', '67074e68-bc2f-442b-8af2-7d328b6af6eb', 'usr_145');
INSERT INTO trabalho.usuario_esta_inscrito_no_podcast VALUES (1, 'f8e13774-d631-4f34-93f0-2f5d55590265', 'usr_145');
INSERT INTO trabalho.comentarios_podcast_usuario VALUES ('comment_145_0_1', 'Veniam mollitia molestias est rem aut voluptates.', 'f8e13774-d631-4f34-93f0-2f5d55590265', 'usr_145');
INSERT INTO trabalho.comentarios_podcast_usuario VALUES ('comment_145_1_1', 'Deserunt ullam rerum.', 'f8e13774-d631-4f34-93f0-2f5d55590265', 'usr_145');
INSERT INTO trabalho.log_acesso VALUES ('log_145_0_1', 'f8e13774-d631-4f34-93f0-2f5d55590265', 'usr_145');
INSERT INTO trabalho.log_acesso VALUES ('log_145_1_1', 'f8e13774-d631-4f34-93f0-2f5d55590265', 'usr_145');
INSERT INTO trabalho.log_acesso VALUES ('log_145_2_1', 'f8e13774-d631-4f34-93f0-2f5d55590265', 'usr_145');
INSERT INTO trabalho.usuario_esta_inscrito_no_podcast VALUES (1, 'c58b280a-56d4-4ad8-8c85-730e4ea86361', 'usr_145');
INSERT INTO trabalho.comentarios_podcast_usuario VALUES ('comment_145_0_2', 'Ullam occaecati labore accusamus consequuntur necessitatibus.', 'c58b280a-56d4-4ad8-8c85-730e4ea86361', 'usr_145');
INSERT INTO trabalho.comentarios_podcast_usuario VALUES ('comment_145_1_2', 'Sit est sint sit.', 'c58b280a-56d4-4ad8-8c85-730e4ea86361', 'usr_145');
INSERT INTO trabalho.log_acesso VALUES ('log_145_0_2', 'c58b280a-56d4-4ad8-8c85-730e4ea86361', 'usr_145');
INSERT INTO trabalho.log_acesso VALUES ('log_145_1_2', 'c58b280a-56d4-4ad8-8c85-730e4ea86361', 'usr_145');
INSERT INTO trabalho.log_acesso VALUES ('log_145_2_2', 'c58b280a-56d4-4ad8-8c85-730e4ea86361', 'usr_145');
INSERT INTO trabalho.log_acesso VALUES ('log_145_3_2', 'c58b280a-56d4-4ad8-8c85-730e4ea86361', 'usr_145');
INSERT INTO trabalho.usuario VALUES ('usr_146', '146_Vitria_Xavier17@bol.com.br', 'Vitória Xavier', 'female', 55, 'password', 'Montserrat');
INSERT INTO trabalho.usuario_esta_inscrito_no_podcast VALUES (5, '219328a1-cec6-4e8c-b003-52a3ec9766bb', 'usr_146');
INSERT INTO trabalho.comentarios_podcast_usuario VALUES ('comment_146_0_0', 'Corporis aut hic explicabo perspiciatis quasi quia sed distinctio.', '219328a1-cec6-4e8c-b003-52a3ec9766bb', 'usr_146');
INSERT INTO trabalho.comentarios_podcast_usuario VALUES ('comment_146_1_0', 'Mollitia soluta tempore hic molestias eveniet accusamus.', '219328a1-cec6-4e8c-b003-52a3ec9766bb', 'usr_146');
INSERT INTO trabalho.log_acesso VALUES ('log_146_0_0', '219328a1-cec6-4e8c-b003-52a3ec9766bb', 'usr_146');
INSERT INTO trabalho.usuario_esta_inscrito_no_podcast VALUES (4, '168c1536-4c42-4b8f-8c77-f06affefec6a', 'usr_146');
INSERT INTO trabalho.comentarios_podcast_usuario VALUES ('comment_146_0_1', 'Sit aperiam eum.', '168c1536-4c42-4b8f-8c77-f06affefec6a', 'usr_146');
INSERT INTO trabalho.comentarios_podcast_usuario VALUES ('comment_146_1_1', 'Illum distinctio pariatur rerum quibusdam corrupti accusamus voluptatem et.', '168c1536-4c42-4b8f-8c77-f06affefec6a', 'usr_146');
INSERT INTO trabalho.comentarios_podcast_usuario VALUES ('comment_146_2_1', 'Odit nulla aliquam consequatur.', '168c1536-4c42-4b8f-8c77-f06affefec6a', 'usr_146');
INSERT INTO trabalho.log_acesso VALUES ('log_146_0_1', '168c1536-4c42-4b8f-8c77-f06affefec6a', 'usr_146');
INSERT INTO trabalho.log_acesso VALUES ('log_146_1_1', '168c1536-4c42-4b8f-8c77-f06affefec6a', 'usr_146');
INSERT INTO trabalho.log_acesso VALUES ('log_146_2_1', '168c1536-4c42-4b8f-8c77-f06affefec6a', 'usr_146');
INSERT INTO trabalho.log_acesso VALUES ('log_146_3_1', '168c1536-4c42-4b8f-8c77-f06affefec6a', 'usr_146');
INSERT INTO trabalho.log_acesso VALUES ('log_146_4_1', '168c1536-4c42-4b8f-8c77-f06affefec6a', 'usr_146');
INSERT INTO trabalho.usuario_esta_inscrito_no_podcast VALUES (5, '7e429e8e-7669-403d-bb78-3cd7f9f75afd', 'usr_146');
INSERT INTO trabalho.comentarios_podcast_usuario VALUES ('comment_146_0_2', 'Rerum libero laborum corrupti deserunt doloremque at ut illum aut.', '7e429e8e-7669-403d-bb78-3cd7f9f75afd', 'usr_146');
INSERT INTO trabalho.comentarios_podcast_usuario VALUES ('comment_146_1_2', 'Eos omnis aut saepe doloribus architecto esse.', '7e429e8e-7669-403d-bb78-3cd7f9f75afd', 'usr_146');
INSERT INTO trabalho.log_acesso VALUES ('log_146_0_2', '7e429e8e-7669-403d-bb78-3cd7f9f75afd', 'usr_146');
INSERT INTO trabalho.log_acesso VALUES ('log_146_1_2', '7e429e8e-7669-403d-bb78-3cd7f9f75afd', 'usr_146');
INSERT INTO trabalho.log_acesso VALUES ('log_146_2_2', '7e429e8e-7669-403d-bb78-3cd7f9f75afd', 'usr_146');
INSERT INTO trabalho.usuario VALUES ('usr_147', '147_Marcela.Moraes@gmail.com', 'Marcela Moraes', 'female', 34, 'password', 'Áustria');
INSERT INTO trabalho.usuario_esta_inscrito_no_podcast VALUES (0, '168c1536-4c42-4b8f-8c77-f06affefec6a', 'usr_147');
INSERT INTO trabalho.comentarios_podcast_usuario VALUES ('comment_147_0_0', 'Quae qui voluptates quia hic deserunt vero eos.', '168c1536-4c42-4b8f-8c77-f06affefec6a', 'usr_147');
INSERT INTO trabalho.comentarios_podcast_usuario VALUES ('comment_147_1_0', 'Tempora id sapiente atque consequatur nisi repellat.', '168c1536-4c42-4b8f-8c77-f06affefec6a', 'usr_147');
INSERT INTO trabalho.comentarios_podcast_usuario VALUES ('comment_147_2_0', 'Velit pariatur ratione ut id quod eveniet ea minima quia.', '168c1536-4c42-4b8f-8c77-f06affefec6a', 'usr_147');
INSERT INTO trabalho.log_acesso VALUES ('log_147_0_0', '168c1536-4c42-4b8f-8c77-f06affefec6a', 'usr_147');
INSERT INTO trabalho.log_acesso VALUES ('log_147_1_0', '168c1536-4c42-4b8f-8c77-f06affefec6a', 'usr_147');
INSERT INTO trabalho.log_acesso VALUES ('log_147_2_0', '168c1536-4c42-4b8f-8c77-f06affefec6a', 'usr_147');
INSERT INTO trabalho.usuario_esta_inscrito_no_podcast VALUES (4, 'de2f0ddb-9903-436a-a5e2-54224254c818', 'usr_147');
INSERT INTO trabalho.comentarios_podcast_usuario VALUES ('comment_147_0_1', 'Perferendis similique quae repellat consequatur est dolor est doloribus quibusdam.', 'de2f0ddb-9903-436a-a5e2-54224254c818', 'usr_147');
INSERT INTO trabalho.comentarios_podcast_usuario VALUES ('comment_147_1_1', 'Veniam esse maiores dolorem maxime.', 'de2f0ddb-9903-436a-a5e2-54224254c818', 'usr_147');
INSERT INTO trabalho.log_acesso VALUES ('log_147_0_1', 'de2f0ddb-9903-436a-a5e2-54224254c818', 'usr_147');
INSERT INTO trabalho.log_acesso VALUES ('log_147_1_1', 'de2f0ddb-9903-436a-a5e2-54224254c818', 'usr_147');
INSERT INTO trabalho.log_acesso VALUES ('log_147_2_1', 'de2f0ddb-9903-436a-a5e2-54224254c818', 'usr_147');
INSERT INTO trabalho.log_acesso VALUES ('log_147_3_1', 'de2f0ddb-9903-436a-a5e2-54224254c818', 'usr_147');
INSERT INTO trabalho.log_acesso VALUES ('log_147_4_1', 'de2f0ddb-9903-436a-a5e2-54224254c818', 'usr_147');
INSERT INTO trabalho.log_acesso VALUES ('log_147_5_1', 'de2f0ddb-9903-436a-a5e2-54224254c818', 'usr_147');
INSERT INTO trabalho.usuario_esta_inscrito_no_podcast VALUES (1, 'c58b280a-56d4-4ad8-8c85-730e4ea86361', 'usr_147');
INSERT INTO trabalho.comentarios_podcast_usuario VALUES ('comment_147_0_2', 'Blanditiis est voluptatem corrupti dolore.', 'c58b280a-56d4-4ad8-8c85-730e4ea86361', 'usr_147');
INSERT INTO trabalho.log_acesso VALUES ('log_147_0_2', 'c58b280a-56d4-4ad8-8c85-730e4ea86361', 'usr_147');
INSERT INTO trabalho.log_acesso VALUES ('log_147_1_2', 'c58b280a-56d4-4ad8-8c85-730e4ea86361', 'usr_147');
INSERT INTO trabalho.usuario VALUES ('usr_148', '148_Elo91@yahoo.com', 'Eloá Pereira', 'female', 40, 'password', 'Lituânia');
INSERT INTO trabalho.usuario_esta_inscrito_no_podcast VALUES (2, 'f0166bd2-8e4d-4308-b5d7-0b3d627c5dc5', 'usr_148');
INSERT INTO trabalho.comentarios_podcast_usuario VALUES ('comment_148_0_0', 'Recusandae nisi error adipisci quia nam cum sed et error.', 'f0166bd2-8e4d-4308-b5d7-0b3d627c5dc5', 'usr_148');
INSERT INTO trabalho.comentarios_podcast_usuario VALUES ('comment_148_1_0', 'Aut aut vel incidunt aliquid nihil natus enim impedit itaque.', 'f0166bd2-8e4d-4308-b5d7-0b3d627c5dc5', 'usr_148');
INSERT INTO trabalho.comentarios_podcast_usuario VALUES ('comment_148_2_0', 'Beatae voluptatem temporibus nostrum pariatur molestiae perspiciatis veniam et.', 'f0166bd2-8e4d-4308-b5d7-0b3d627c5dc5', 'usr_148');
INSERT INTO trabalho.log_acesso VALUES ('log_148_0_0', 'f0166bd2-8e4d-4308-b5d7-0b3d627c5dc5', 'usr_148');
INSERT INTO trabalho.log_acesso VALUES ('log_148_1_0', 'f0166bd2-8e4d-4308-b5d7-0b3d627c5dc5', 'usr_148');
INSERT INTO trabalho.log_acesso VALUES ('log_148_2_0', 'f0166bd2-8e4d-4308-b5d7-0b3d627c5dc5', 'usr_148');
INSERT INTO trabalho.log_acesso VALUES ('log_148_3_0', 'f0166bd2-8e4d-4308-b5d7-0b3d627c5dc5', 'usr_148');
INSERT INTO trabalho.log_acesso VALUES ('log_148_4_0', 'f0166bd2-8e4d-4308-b5d7-0b3d627c5dc5', 'usr_148');
INSERT INTO trabalho.usuario_esta_inscrito_no_podcast VALUES (4, '168c1536-4c42-4b8f-8c77-f06affefec6a', 'usr_148');
INSERT INTO trabalho.comentarios_podcast_usuario VALUES ('comment_148_0_1', 'Hic repellendus voluptates magnam.', '168c1536-4c42-4b8f-8c77-f06affefec6a', 'usr_148');
INSERT INTO trabalho.comentarios_podcast_usuario VALUES ('comment_148_1_1', 'Voluptas et quos ea ea.', '168c1536-4c42-4b8f-8c77-f06affefec6a', 'usr_148');
INSERT INTO trabalho.comentarios_podcast_usuario VALUES ('comment_148_2_1', 'Rerum nobis ut quas omnis sit reiciendis ab veritatis occaecati.', '168c1536-4c42-4b8f-8c77-f06affefec6a', 'usr_148');
INSERT INTO trabalho.comentarios_podcast_usuario VALUES ('comment_148_3_1', 'Et officia sint architecto adipisci voluptatem accusantium.', '168c1536-4c42-4b8f-8c77-f06affefec6a', 'usr_148');
INSERT INTO trabalho.comentarios_podcast_usuario VALUES ('comment_148_4_1', 'Error reprehenderit maxime sunt.', '168c1536-4c42-4b8f-8c77-f06affefec6a', 'usr_148');
INSERT INTO trabalho.log_acesso VALUES ('log_148_0_1', '168c1536-4c42-4b8f-8c77-f06affefec6a', 'usr_148');
INSERT INTO trabalho.log_acesso VALUES ('log_148_1_1', '168c1536-4c42-4b8f-8c77-f06affefec6a', 'usr_148');
INSERT INTO trabalho.log_acesso VALUES ('log_148_2_1', '168c1536-4c42-4b8f-8c77-f06affefec6a', 'usr_148');
INSERT INTO trabalho.log_acesso VALUES ('log_148_3_1', '168c1536-4c42-4b8f-8c77-f06affefec6a', 'usr_148');
INSERT INTO trabalho.usuario_esta_inscrito_no_podcast VALUES (1, 'f1b92ce7-47a7-43cd-8586-4a09185cdd05', 'usr_148');
INSERT INTO trabalho.comentarios_podcast_usuario VALUES ('comment_148_0_2', 'Voluptate nostrum consequatur sed voluptatum quis sit dolorem.', 'f1b92ce7-47a7-43cd-8586-4a09185cdd05', 'usr_148');
INSERT INTO trabalho.comentarios_podcast_usuario VALUES ('comment_148_1_2', 'Odio aspernatur voluptatum neque recusandae accusantium esse doloremque.', 'f1b92ce7-47a7-43cd-8586-4a09185cdd05', 'usr_148');
INSERT INTO trabalho.comentarios_podcast_usuario VALUES ('comment_148_2_2', 'Aut sequi blanditiis dolorem commodi harum.', 'f1b92ce7-47a7-43cd-8586-4a09185cdd05', 'usr_148');
INSERT INTO trabalho.log_acesso VALUES ('log_148_0_2', 'f1b92ce7-47a7-43cd-8586-4a09185cdd05', 'usr_148');
INSERT INTO trabalho.usuario VALUES ('usr_149', '149_Matheus_Saraiva@bol.com.br', 'Matheus Saraiva', 'male', 26, 'password', 'Montserrat');
INSERT INTO trabalho.usuario_esta_inscrito_no_podcast VALUES (3, 'c58b280a-56d4-4ad8-8c85-730e4ea86361', 'usr_149');
INSERT INTO trabalho.comentarios_podcast_usuario VALUES ('comment_149_0_0', 'Harum recusandae ad officia aut id autem aut ipsa est.', 'c58b280a-56d4-4ad8-8c85-730e4ea86361', 'usr_149');
INSERT INTO trabalho.comentarios_podcast_usuario VALUES ('comment_149_1_0', 'Qui beatae aperiam voluptas illum repellendus.', 'c58b280a-56d4-4ad8-8c85-730e4ea86361', 'usr_149');
INSERT INTO trabalho.comentarios_podcast_usuario VALUES ('comment_149_2_0', 'Voluptatibus soluta quos explicabo eligendi et veniam.', 'c58b280a-56d4-4ad8-8c85-730e4ea86361', 'usr_149');
INSERT INTO trabalho.log_acesso VALUES ('log_149_0_0', 'c58b280a-56d4-4ad8-8c85-730e4ea86361', 'usr_149');
INSERT INTO trabalho.log_acesso VALUES ('log_149_1_0', 'c58b280a-56d4-4ad8-8c85-730e4ea86361', 'usr_149');
INSERT INTO trabalho.log_acesso VALUES ('log_149_2_0', 'c58b280a-56d4-4ad8-8c85-730e4ea86361', 'usr_149');
INSERT INTO trabalho.log_acesso VALUES ('log_149_3_0', 'c58b280a-56d4-4ad8-8c85-730e4ea86361', 'usr_149');
INSERT INTO trabalho.log_acesso VALUES ('log_149_4_0', 'c58b280a-56d4-4ad8-8c85-730e4ea86361', 'usr_149');
INSERT INTO trabalho.usuario_esta_inscrito_no_podcast VALUES (1, 'f8e13774-d631-4f34-93f0-2f5d55590265', 'usr_149');
INSERT INTO trabalho.comentarios_podcast_usuario VALUES ('comment_149_0_1', 'Ut quo repellat magni repudiandae enim.', 'f8e13774-d631-4f34-93f0-2f5d55590265', 'usr_149');
INSERT INTO trabalho.comentarios_podcast_usuario VALUES ('comment_149_1_1', 'Sed quis et nesciunt.', 'f8e13774-d631-4f34-93f0-2f5d55590265', 'usr_149');
INSERT INTO trabalho.comentarios_podcast_usuario VALUES ('comment_149_2_1', 'Aut enim placeat officiis aspernatur a temporibus necessitatibus ut.', 'f8e13774-d631-4f34-93f0-2f5d55590265', 'usr_149');
INSERT INTO trabalho.comentarios_podcast_usuario VALUES ('comment_149_3_1', 'Eum qui reprehenderit necessitatibus quo repellendus aperiam corrupti molestiae.', 'f8e13774-d631-4f34-93f0-2f5d55590265', 'usr_149');
INSERT INTO trabalho.log_acesso VALUES ('log_149_0_1', 'f8e13774-d631-4f34-93f0-2f5d55590265', 'usr_149');
INSERT INTO trabalho.log_acesso VALUES ('log_149_1_1', 'f8e13774-d631-4f34-93f0-2f5d55590265', 'usr_149');
INSERT INTO trabalho.usuario_esta_inscrito_no_podcast VALUES (0, 'f0166bd2-8e4d-4308-b5d7-0b3d627c5dc5', 'usr_149');
INSERT INTO trabalho.comentarios_podcast_usuario VALUES ('comment_149_0_2', 'Ipsum doloribus excepturi quos et suscipit rerum omnis voluptas corporis.', 'f0166bd2-8e4d-4308-b5d7-0b3d627c5dc5', 'usr_149');
INSERT INTO trabalho.comentarios_podcast_usuario VALUES ('comment_149_1_2', 'Officia recusandae et voluptas.', 'f0166bd2-8e4d-4308-b5d7-0b3d627c5dc5', 'usr_149');
INSERT INTO trabalho.log_acesso VALUES ('log_149_0_2', 'f0166bd2-8e4d-4308-b5d7-0b3d627c5dc5', 'usr_149');
INSERT INTO trabalho.log_acesso VALUES ('log_149_1_2', 'f0166bd2-8e4d-4308-b5d7-0b3d627c5dc5', 'usr_149');
INSERT INTO trabalho.log_acesso VALUES ('log_149_2_2', 'f0166bd2-8e4d-4308-b5d7-0b3d627c5dc5', 'usr_149');
INSERT INTO trabalho.log_acesso VALUES ('log_149_3_2', 'f0166bd2-8e4d-4308-b5d7-0b3d627c5dc5', 'usr_149');
INSERT INTO trabalho.log_acesso VALUES ('log_149_4_2', 'f0166bd2-8e4d-4308-b5d7-0b3d627c5dc5', 'usr_149');
INSERT INTO trabalho.usuario VALUES ('usr_150', '150_Henrique76@yahoo.com', 'Henrique Braga', 'male', 34, 'password', 'Quiribati');
INSERT INTO trabalho.usuario_esta_inscrito_no_podcast VALUES (4, '5bdf7377-8330-4f9f-8efd-e95301c122ce', 'usr_150');
INSERT INTO trabalho.comentarios_podcast_usuario VALUES ('comment_150_0_0', 'Laborum vero omnis sit distinctio qui.', '5bdf7377-8330-4f9f-8efd-e95301c122ce', 'usr_150');
INSERT INTO trabalho.comentarios_podcast_usuario VALUES ('comment_150_1_0', 'Rem et rerum deserunt quaerat sit eos.', '5bdf7377-8330-4f9f-8efd-e95301c122ce', 'usr_150');
INSERT INTO trabalho.comentarios_podcast_usuario VALUES ('comment_150_2_0', 'Error sit enim placeat omnis sint et vel cumque.', '5bdf7377-8330-4f9f-8efd-e95301c122ce', 'usr_150');
INSERT INTO trabalho.log_acesso VALUES ('log_150_0_0', '5bdf7377-8330-4f9f-8efd-e95301c122ce', 'usr_150');
INSERT INTO trabalho.log_acesso VALUES ('log_150_1_0', '5bdf7377-8330-4f9f-8efd-e95301c122ce', 'usr_150');
INSERT INTO trabalho.log_acesso VALUES ('log_150_2_0', '5bdf7377-8330-4f9f-8efd-e95301c122ce', 'usr_150');
INSERT INTO trabalho.log_acesso VALUES ('log_150_3_0', '5bdf7377-8330-4f9f-8efd-e95301c122ce', 'usr_150');
INSERT INTO trabalho.log_acesso VALUES ('log_150_4_0', '5bdf7377-8330-4f9f-8efd-e95301c122ce', 'usr_150');
INSERT INTO trabalho.log_acesso VALUES ('log_150_5_0', '5bdf7377-8330-4f9f-8efd-e95301c122ce', 'usr_150');
INSERT INTO trabalho.usuario_esta_inscrito_no_podcast VALUES (1, '219328a1-cec6-4e8c-b003-52a3ec9766bb', 'usr_150');
INSERT INTO trabalho.comentarios_podcast_usuario VALUES ('comment_150_0_1', 'Fugiat ut facilis vel magnam.', '219328a1-cec6-4e8c-b003-52a3ec9766bb', 'usr_150');
INSERT INTO trabalho.comentarios_podcast_usuario VALUES ('comment_150_1_1', 'Dolorem voluptatem sed deleniti accusamus autem nihil.', '219328a1-cec6-4e8c-b003-52a3ec9766bb', 'usr_150');
INSERT INTO trabalho.comentarios_podcast_usuario VALUES ('comment_150_2_1', 'Repellendus sunt deleniti ipsa facere consequatur.', '219328a1-cec6-4e8c-b003-52a3ec9766bb', 'usr_150');
INSERT INTO trabalho.comentarios_podcast_usuario VALUES ('comment_150_3_1', 'Iusto porro labore consequatur id iusto.', '219328a1-cec6-4e8c-b003-52a3ec9766bb', 'usr_150');
INSERT INTO trabalho.log_acesso VALUES ('log_150_0_1', '219328a1-cec6-4e8c-b003-52a3ec9766bb', 'usr_150');
INSERT INTO trabalho.log_acesso VALUES ('log_150_1_1', '219328a1-cec6-4e8c-b003-52a3ec9766bb', 'usr_150');
INSERT INTO trabalho.usuario_esta_inscrito_no_podcast VALUES (2, '7e429e8e-7669-403d-bb78-3cd7f9f75afd', 'usr_150');
INSERT INTO trabalho.comentarios_podcast_usuario VALUES ('comment_150_0_2', 'Corporis cumque inventore molestiae neque consequatur.', '7e429e8e-7669-403d-bb78-3cd7f9f75afd', 'usr_150');
INSERT INTO trabalho.comentarios_podcast_usuario VALUES ('comment_150_1_2', 'Eos quis architecto quam ducimus non consequatur eos omnis est.', '7e429e8e-7669-403d-bb78-3cd7f9f75afd', 'usr_150');
INSERT INTO trabalho.comentarios_podcast_usuario VALUES ('comment_150_2_2', 'Recusandae accusamus incidunt aut animi minus suscipit hic possimus.', '7e429e8e-7669-403d-bb78-3cd7f9f75afd', 'usr_150');
INSERT INTO trabalho.comentarios_podcast_usuario VALUES ('comment_150_3_2', 'Dignissimos ex quod voluptatem aut nihil dolores est at saepe.', '7e429e8e-7669-403d-bb78-3cd7f9f75afd', 'usr_150');
INSERT INTO trabalho.comentarios_podcast_usuario VALUES ('comment_150_4_2', 'Quia optio quo asperiores accusamus sequi.', '7e429e8e-7669-403d-bb78-3cd7f9f75afd', 'usr_150');
INSERT INTO trabalho.log_acesso VALUES ('log_150_0_2', '7e429e8e-7669-403d-bb78-3cd7f9f75afd', 'usr_150');
INSERT INTO trabalho.log_acesso VALUES ('log_150_1_2', '7e429e8e-7669-403d-bb78-3cd7f9f75afd', 'usr_150');
INSERT INTO trabalho.log_acesso VALUES ('log_150_2_2', '7e429e8e-7669-403d-bb78-3cd7f9f75afd', 'usr_150');
INSERT INTO trabalho.log_acesso VALUES ('log_150_3_2', '7e429e8e-7669-403d-bb78-3cd7f9f75afd', 'usr_150');
INSERT INTO trabalho.log_acesso VALUES ('log_150_4_2', '7e429e8e-7669-403d-bb78-3cd7f9f75afd', 'usr_150');
INSERT INTO trabalho.log_acesso VALUES ('log_150_5_2', '7e429e8e-7669-403d-bb78-3cd7f9f75afd', 'usr_150');
INSERT INTO trabalho.log_acesso VALUES ('log_150_6_2', '7e429e8e-7669-403d-bb78-3cd7f9f75afd', 'usr_150');
INSERT INTO trabalho.log_acesso VALUES ('log_150_7_2', '7e429e8e-7669-403d-bb78-3cd7f9f75afd', 'usr_150');
INSERT INTO trabalho.usuario VALUES ('usr_151', '151_Elo88@yahoo.com', 'Eloá Souza', 'female', 45, 'password', 'Mongólia');
INSERT INTO trabalho.usuario_esta_inscrito_no_podcast VALUES (1, '219328a1-cec6-4e8c-b003-52a3ec9766bb', 'usr_151');
INSERT INTO trabalho.comentarios_podcast_usuario VALUES ('comment_151_0_0', 'Et ut enim assumenda corrupti harum cum.', '219328a1-cec6-4e8c-b003-52a3ec9766bb', 'usr_151');
INSERT INTO trabalho.comentarios_podcast_usuario VALUES ('comment_151_1_0', 'Facilis deleniti inventore eveniet.', '219328a1-cec6-4e8c-b003-52a3ec9766bb', 'usr_151');
INSERT INTO trabalho.comentarios_podcast_usuario VALUES ('comment_151_2_0', 'Ut ab reprehenderit dicta veritatis ut.', '219328a1-cec6-4e8c-b003-52a3ec9766bb', 'usr_151');
INSERT INTO trabalho.comentarios_podcast_usuario VALUES ('comment_151_3_0', 'Laboriosam reiciendis occaecati ab ea ut architecto rem.', '219328a1-cec6-4e8c-b003-52a3ec9766bb', 'usr_151');
INSERT INTO trabalho.comentarios_podcast_usuario VALUES ('comment_151_4_0', 'Amet in expedita ipsa molestiae blanditiis.', '219328a1-cec6-4e8c-b003-52a3ec9766bb', 'usr_151');
INSERT INTO trabalho.comentarios_podcast_usuario VALUES ('comment_151_5_0', 'Expedita ut corrupti illo voluptatibus et ut.', '219328a1-cec6-4e8c-b003-52a3ec9766bb', 'usr_151');
INSERT INTO trabalho.log_acesso VALUES ('log_151_0_0', '219328a1-cec6-4e8c-b003-52a3ec9766bb', 'usr_151');
INSERT INTO trabalho.log_acesso VALUES ('log_151_1_0', '219328a1-cec6-4e8c-b003-52a3ec9766bb', 'usr_151');
INSERT INTO trabalho.usuario_esta_inscrito_no_podcast VALUES (5, 'f8e13774-d631-4f34-93f0-2f5d55590265', 'usr_151');
INSERT INTO trabalho.comentarios_podcast_usuario VALUES ('comment_151_0_1', 'Omnis natus facere deleniti sint aut non.', 'f8e13774-d631-4f34-93f0-2f5d55590265', 'usr_151');
INSERT INTO trabalho.comentarios_podcast_usuario VALUES ('comment_151_1_1', 'Accusantium tempore rerum velit error molestias recusandae voluptatum est.', 'f8e13774-d631-4f34-93f0-2f5d55590265', 'usr_151');
INSERT INTO trabalho.comentarios_podcast_usuario VALUES ('comment_151_2_1', 'Iste ut ab.', 'f8e13774-d631-4f34-93f0-2f5d55590265', 'usr_151');
INSERT INTO trabalho.log_acesso VALUES ('log_151_0_1', 'f8e13774-d631-4f34-93f0-2f5d55590265', 'usr_151');
INSERT INTO trabalho.log_acesso VALUES ('log_151_1_1', 'f8e13774-d631-4f34-93f0-2f5d55590265', 'usr_151');
INSERT INTO trabalho.log_acesso VALUES ('log_151_2_1', 'f8e13774-d631-4f34-93f0-2f5d55590265', 'usr_151');
INSERT INTO trabalho.log_acesso VALUES ('log_151_3_1', 'f8e13774-d631-4f34-93f0-2f5d55590265', 'usr_151');
INSERT INTO trabalho.usuario_esta_inscrito_no_podcast VALUES (0, 'f0166bd2-8e4d-4308-b5d7-0b3d627c5dc5', 'usr_151');
INSERT INTO trabalho.comentarios_podcast_usuario VALUES ('comment_151_0_2', 'Rerum accusantium illo vitae quia esse culpa adipisci rerum non.', 'f0166bd2-8e4d-4308-b5d7-0b3d627c5dc5', 'usr_151');
INSERT INTO trabalho.log_acesso VALUES ('log_151_0_2', 'f0166bd2-8e4d-4308-b5d7-0b3d627c5dc5', 'usr_151');
INSERT INTO trabalho.log_acesso VALUES ('log_151_1_2', 'f0166bd2-8e4d-4308-b5d7-0b3d627c5dc5', 'usr_151');
INSERT INTO trabalho.log_acesso VALUES ('log_151_2_2', 'f0166bd2-8e4d-4308-b5d7-0b3d627c5dc5', 'usr_151');
INSERT INTO trabalho.usuario VALUES ('usr_152', '152_Nicolas_Silva90@gmail.com', 'Nicolas Silva', 'male', 6, 'password', 'Nova Zelândia');
INSERT INTO trabalho.usuario_esta_inscrito_no_podcast VALUES (4, 'bc8dac25-793c-4a96-aafc-4ea7020f4f60', 'usr_152');
INSERT INTO trabalho.comentarios_podcast_usuario VALUES ('comment_152_0_0', 'Id unde dolor enim nisi.', 'bc8dac25-793c-4a96-aafc-4ea7020f4f60', 'usr_152');
INSERT INTO trabalho.log_acesso VALUES ('log_152_0_0', 'bc8dac25-793c-4a96-aafc-4ea7020f4f60', 'usr_152');
INSERT INTO trabalho.log_acesso VALUES ('log_152_1_0', 'bc8dac25-793c-4a96-aafc-4ea7020f4f60', 'usr_152');
INSERT INTO trabalho.log_acesso VALUES ('log_152_2_0', 'bc8dac25-793c-4a96-aafc-4ea7020f4f60', 'usr_152');
INSERT INTO trabalho.log_acesso VALUES ('log_152_3_0', 'bc8dac25-793c-4a96-aafc-4ea7020f4f60', 'usr_152');
INSERT INTO trabalho.usuario_esta_inscrito_no_podcast VALUES (3, 'c58b280a-56d4-4ad8-8c85-730e4ea86361', 'usr_152');
INSERT INTO trabalho.comentarios_podcast_usuario VALUES ('comment_152_0_1', 'Odio repudiandae veniam in.', 'c58b280a-56d4-4ad8-8c85-730e4ea86361', 'usr_152');
INSERT INTO trabalho.log_acesso VALUES ('log_152_0_1', 'c58b280a-56d4-4ad8-8c85-730e4ea86361', 'usr_152');
INSERT INTO trabalho.log_acesso VALUES ('log_152_1_1', 'c58b280a-56d4-4ad8-8c85-730e4ea86361', 'usr_152');
INSERT INTO trabalho.log_acesso VALUES ('log_152_2_1', 'c58b280a-56d4-4ad8-8c85-730e4ea86361', 'usr_152');
INSERT INTO trabalho.usuario_esta_inscrito_no_podcast VALUES (2, 'af46a958-b921-47b6-9f87-5c4fdc68ea79', 'usr_152');
INSERT INTO trabalho.comentarios_podcast_usuario VALUES ('comment_152_0_2', 'Et cupiditate qui numquam.', 'af46a958-b921-47b6-9f87-5c4fdc68ea79', 'usr_152');
INSERT INTO trabalho.comentarios_podcast_usuario VALUES ('comment_152_1_2', 'Commodi facilis accusamus sit vel est sapiente labore.', 'af46a958-b921-47b6-9f87-5c4fdc68ea79', 'usr_152');
INSERT INTO trabalho.comentarios_podcast_usuario VALUES ('comment_152_2_2', 'Dolorem aspernatur repellat aut.', 'af46a958-b921-47b6-9f87-5c4fdc68ea79', 'usr_152');
INSERT INTO trabalho.comentarios_podcast_usuario VALUES ('comment_152_3_2', 'Blanditiis sit recusandae autem omnis nobis dolores quis.', 'af46a958-b921-47b6-9f87-5c4fdc68ea79', 'usr_152');
INSERT INTO trabalho.comentarios_podcast_usuario VALUES ('comment_152_4_2', 'In commodi eos voluptatem aut.', 'af46a958-b921-47b6-9f87-5c4fdc68ea79', 'usr_152');
INSERT INTO trabalho.log_acesso VALUES ('log_152_0_2', 'af46a958-b921-47b6-9f87-5c4fdc68ea79', 'usr_152');
INSERT INTO trabalho.usuario VALUES ('usr_153', '153_Isaac84@gmail.com', 'Isaac Souza', 'male', 44, 'password', 'Barém');
INSERT INTO trabalho.usuario_esta_inscrito_no_podcast VALUES (3, 'af46a958-b921-47b6-9f87-5c4fdc68ea79', 'usr_153');
INSERT INTO trabalho.comentarios_podcast_usuario VALUES ('comment_153_0_0', 'Dolor aliquid eum recusandae voluptatibus minus.', 'af46a958-b921-47b6-9f87-5c4fdc68ea79', 'usr_153');
INSERT INTO trabalho.comentarios_podcast_usuario VALUES ('comment_153_1_0', 'Ut omnis unde commodi quia optio illo vero asperiores.', 'af46a958-b921-47b6-9f87-5c4fdc68ea79', 'usr_153');
INSERT INTO trabalho.comentarios_podcast_usuario VALUES ('comment_153_2_0', 'Labore deleniti quas magnam et fuga delectus a corporis.', 'af46a958-b921-47b6-9f87-5c4fdc68ea79', 'usr_153');
INSERT INTO trabalho.log_acesso VALUES ('log_153_0_0', 'af46a958-b921-47b6-9f87-5c4fdc68ea79', 'usr_153');
INSERT INTO trabalho.log_acesso VALUES ('log_153_1_0', 'af46a958-b921-47b6-9f87-5c4fdc68ea79', 'usr_153');
INSERT INTO trabalho.log_acesso VALUES ('log_153_2_0', 'af46a958-b921-47b6-9f87-5c4fdc68ea79', 'usr_153');
INSERT INTO trabalho.usuario_esta_inscrito_no_podcast VALUES (2, '219328a1-cec6-4e8c-b003-52a3ec9766bb', 'usr_153');
INSERT INTO trabalho.comentarios_podcast_usuario VALUES ('comment_153_0_1', 'Ipsa fuga aliquam consequatur libero impedit cupiditate enim.', '219328a1-cec6-4e8c-b003-52a3ec9766bb', 'usr_153');
INSERT INTO trabalho.comentarios_podcast_usuario VALUES ('comment_153_1_1', 'Ipsa ea dolorem ex enim.', '219328a1-cec6-4e8c-b003-52a3ec9766bb', 'usr_153');
INSERT INTO trabalho.comentarios_podcast_usuario VALUES ('comment_153_2_1', 'Qui minus quibusdam voluptatem fugit molestiae quidem.', '219328a1-cec6-4e8c-b003-52a3ec9766bb', 'usr_153');
INSERT INTO trabalho.log_acesso VALUES ('log_153_0_1', '219328a1-cec6-4e8c-b003-52a3ec9766bb', 'usr_153');
INSERT INTO trabalho.log_acesso VALUES ('log_153_1_1', '219328a1-cec6-4e8c-b003-52a3ec9766bb', 'usr_153');
INSERT INTO trabalho.usuario_esta_inscrito_no_podcast VALUES (1, '168c1536-4c42-4b8f-8c77-f06affefec6a', 'usr_153');
INSERT INTO trabalho.comentarios_podcast_usuario VALUES ('comment_153_0_2', 'Harum sed provident dolor non voluptatem.', '168c1536-4c42-4b8f-8c77-f06affefec6a', 'usr_153');
INSERT INTO trabalho.comentarios_podcast_usuario VALUES ('comment_153_1_2', 'Quia quia fugit.', '168c1536-4c42-4b8f-8c77-f06affefec6a', 'usr_153');
INSERT INTO trabalho.log_acesso VALUES ('log_153_0_2', '168c1536-4c42-4b8f-8c77-f06affefec6a', 'usr_153');
INSERT INTO trabalho.usuario VALUES ('usr_154', '154_Eduarda_Macedo@gmail.com', 'Eduarda Macedo', 'female', 21, 'password', 'Honduras');
INSERT INTO trabalho.usuario_esta_inscrito_no_podcast VALUES (3, 'f8e13774-d631-4f34-93f0-2f5d55590265', 'usr_154');
INSERT INTO trabalho.comentarios_podcast_usuario VALUES ('comment_154_0_0', 'Aliquam sint et earum quae.', 'f8e13774-d631-4f34-93f0-2f5d55590265', 'usr_154');
INSERT INTO trabalho.comentarios_podcast_usuario VALUES ('comment_154_1_0', 'Et quo sit ullam et odit provident.', 'f8e13774-d631-4f34-93f0-2f5d55590265', 'usr_154');
INSERT INTO trabalho.comentarios_podcast_usuario VALUES ('comment_154_2_0', 'Ut eum aliquid id eius enim fuga.', 'f8e13774-d631-4f34-93f0-2f5d55590265', 'usr_154');
INSERT INTO trabalho.log_acesso VALUES ('log_154_0_0', 'f8e13774-d631-4f34-93f0-2f5d55590265', 'usr_154');
INSERT INTO trabalho.log_acesso VALUES ('log_154_1_0', 'f8e13774-d631-4f34-93f0-2f5d55590265', 'usr_154');
INSERT INTO trabalho.log_acesso VALUES ('log_154_2_0', 'f8e13774-d631-4f34-93f0-2f5d55590265', 'usr_154');
INSERT INTO trabalho.usuario_esta_inscrito_no_podcast VALUES (4, 'af46a958-b921-47b6-9f87-5c4fdc68ea79', 'usr_154');
INSERT INTO trabalho.comentarios_podcast_usuario VALUES ('comment_154_0_1', 'Sit incidunt dolores expedita nihil dicta vitae facere non.', 'af46a958-b921-47b6-9f87-5c4fdc68ea79', 'usr_154');
INSERT INTO trabalho.comentarios_podcast_usuario VALUES ('comment_154_1_1', 'Omnis quis est consequatur.', 'af46a958-b921-47b6-9f87-5c4fdc68ea79', 'usr_154');
INSERT INTO trabalho.comentarios_podcast_usuario VALUES ('comment_154_2_1', 'Impedit quo expedita consequatur sed pariatur tempora eum.', 'af46a958-b921-47b6-9f87-5c4fdc68ea79', 'usr_154');
INSERT INTO trabalho.comentarios_podcast_usuario VALUES ('comment_154_3_1', 'Ut qui magnam beatae quisquam velit.', 'af46a958-b921-47b6-9f87-5c4fdc68ea79', 'usr_154');
INSERT INTO trabalho.log_acesso VALUES ('log_154_0_1', 'af46a958-b921-47b6-9f87-5c4fdc68ea79', 'usr_154');
INSERT INTO trabalho.log_acesso VALUES ('log_154_1_1', 'af46a958-b921-47b6-9f87-5c4fdc68ea79', 'usr_154');
INSERT INTO trabalho.usuario_esta_inscrito_no_podcast VALUES (4, '7e429e8e-7669-403d-bb78-3cd7f9f75afd', 'usr_154');
INSERT INTO trabalho.comentarios_podcast_usuario VALUES ('comment_154_0_2', 'Omnis veritatis eveniet illo nulla soluta aliquid repudiandae ea in.', '7e429e8e-7669-403d-bb78-3cd7f9f75afd', 'usr_154');
INSERT INTO trabalho.comentarios_podcast_usuario VALUES ('comment_154_1_2', 'Voluptas aspernatur voluptate fugiat unde id voluptas.', '7e429e8e-7669-403d-bb78-3cd7f9f75afd', 'usr_154');
INSERT INTO trabalho.comentarios_podcast_usuario VALUES ('comment_154_2_2', 'Dolorem aliquam ut aliquam est ut itaque molestias.', '7e429e8e-7669-403d-bb78-3cd7f9f75afd', 'usr_154');
INSERT INTO trabalho.comentarios_podcast_usuario VALUES ('comment_154_3_2', 'Omnis blanditiis nobis voluptatem est vitae eveniet aut.', '7e429e8e-7669-403d-bb78-3cd7f9f75afd', 'usr_154');
INSERT INTO trabalho.log_acesso VALUES ('log_154_0_2', '7e429e8e-7669-403d-bb78-3cd7f9f75afd', 'usr_154');
INSERT INTO trabalho.log_acesso VALUES ('log_154_1_2', '7e429e8e-7669-403d-bb78-3cd7f9f75afd', 'usr_154');
INSERT INTO trabalho.log_acesso VALUES ('log_154_2_2', '7e429e8e-7669-403d-bb78-3cd7f9f75afd', 'usr_154');
INSERT INTO trabalho.log_acesso VALUES ('log_154_3_2', '7e429e8e-7669-403d-bb78-3cd7f9f75afd', 'usr_154');
INSERT INTO trabalho.usuario VALUES ('usr_155', '155_Melissa_Moreira@live.com', 'Melissa Moreira', 'female', 11, 'password', 'Samoa');
INSERT INTO trabalho.usuario_esta_inscrito_no_podcast VALUES (4, 'b553d865-8fe2-47de-9a30-10e1dea3bd1d', 'usr_155');
INSERT INTO trabalho.comentarios_podcast_usuario VALUES ('comment_155_0_0', 'Asperiores dolore reprehenderit beatae illo quam dolorem.', 'b553d865-8fe2-47de-9a30-10e1dea3bd1d', 'usr_155');
INSERT INTO trabalho.comentarios_podcast_usuario VALUES ('comment_155_1_0', 'Ab cum in est neque.', 'b553d865-8fe2-47de-9a30-10e1dea3bd1d', 'usr_155');
INSERT INTO trabalho.comentarios_podcast_usuario VALUES ('comment_155_2_0', 'Rem et hic.', 'b553d865-8fe2-47de-9a30-10e1dea3bd1d', 'usr_155');
INSERT INTO trabalho.comentarios_podcast_usuario VALUES ('comment_155_3_0', 'Corrupti a dolor autem sed magni.', 'b553d865-8fe2-47de-9a30-10e1dea3bd1d', 'usr_155');
INSERT INTO trabalho.log_acesso VALUES ('log_155_0_0', 'b553d865-8fe2-47de-9a30-10e1dea3bd1d', 'usr_155');
INSERT INTO trabalho.log_acesso VALUES ('log_155_1_0', 'b553d865-8fe2-47de-9a30-10e1dea3bd1d', 'usr_155');
INSERT INTO trabalho.log_acesso VALUES ('log_155_2_0', 'b553d865-8fe2-47de-9a30-10e1dea3bd1d', 'usr_155');
INSERT INTO trabalho.log_acesso VALUES ('log_155_3_0', 'b553d865-8fe2-47de-9a30-10e1dea3bd1d', 'usr_155');
INSERT INTO trabalho.usuario_esta_inscrito_no_podcast VALUES (5, '168c1536-4c42-4b8f-8c77-f06affefec6a', 'usr_155');
INSERT INTO trabalho.comentarios_podcast_usuario VALUES ('comment_155_0_1', 'Voluptatem eius dicta repellendus.', '168c1536-4c42-4b8f-8c77-f06affefec6a', 'usr_155');
INSERT INTO trabalho.comentarios_podcast_usuario VALUES ('comment_155_1_1', 'Expedita et est qui ut consequuntur occaecati quaerat sed aliquam.', '168c1536-4c42-4b8f-8c77-f06affefec6a', 'usr_155');
INSERT INTO trabalho.log_acesso VALUES ('log_155_0_1', '168c1536-4c42-4b8f-8c77-f06affefec6a', 'usr_155');
INSERT INTO trabalho.log_acesso VALUES ('log_155_1_1', '168c1536-4c42-4b8f-8c77-f06affefec6a', 'usr_155');
INSERT INTO trabalho.usuario_esta_inscrito_no_podcast VALUES (4, 'f8e13774-d631-4f34-93f0-2f5d55590265', 'usr_155');
INSERT INTO trabalho.comentarios_podcast_usuario VALUES ('comment_155_0_2', 'Animi sunt temporibus ea.', 'f8e13774-d631-4f34-93f0-2f5d55590265', 'usr_155');
INSERT INTO trabalho.comentarios_podcast_usuario VALUES ('comment_155_1_2', 'Consequatur voluptatem facilis quod atque velit.', 'f8e13774-d631-4f34-93f0-2f5d55590265', 'usr_155');
INSERT INTO trabalho.log_acesso VALUES ('log_155_0_2', 'f8e13774-d631-4f34-93f0-2f5d55590265', 'usr_155');
INSERT INTO trabalho.log_acesso VALUES ('log_155_1_2', 'f8e13774-d631-4f34-93f0-2f5d55590265', 'usr_155');
INSERT INTO trabalho.log_acesso VALUES ('log_155_2_2', 'f8e13774-d631-4f34-93f0-2f5d55590265', 'usr_155');
INSERT INTO trabalho.log_acesso VALUES ('log_155_3_2', 'f8e13774-d631-4f34-93f0-2f5d55590265', 'usr_155');
INSERT INTO trabalho.log_acesso VALUES ('log_155_4_2', 'f8e13774-d631-4f34-93f0-2f5d55590265', 'usr_155');
INSERT INTO trabalho.usuario VALUES ('usr_156', '156_Antonella_Saraiva@live.com', 'Antonella Saraiva', 'female', 19, 'password', 'Trinidad e Tobago');
INSERT INTO trabalho.usuario_esta_inscrito_no_podcast VALUES (2, '7e429e8e-7669-403d-bb78-3cd7f9f75afd', 'usr_156');
INSERT INTO trabalho.comentarios_podcast_usuario VALUES ('comment_156_0_0', 'Maiores culpa blanditiis necessitatibus molestiae rem non.', '7e429e8e-7669-403d-bb78-3cd7f9f75afd', 'usr_156');
INSERT INTO trabalho.comentarios_podcast_usuario VALUES ('comment_156_1_0', 'Quia atque dignissimos distinctio nihil laborum ab consequatur maxime laborum.', '7e429e8e-7669-403d-bb78-3cd7f9f75afd', 'usr_156');
INSERT INTO trabalho.comentarios_podcast_usuario VALUES ('comment_156_2_0', 'Reprehenderit atque ut.', '7e429e8e-7669-403d-bb78-3cd7f9f75afd', 'usr_156');
INSERT INTO trabalho.comentarios_podcast_usuario VALUES ('comment_156_3_0', 'Ut quibusdam non aut deleniti quae veniam id non tempore.', '7e429e8e-7669-403d-bb78-3cd7f9f75afd', 'usr_156');
INSERT INTO trabalho.comentarios_podcast_usuario VALUES ('comment_156_4_0', 'Excepturi modi rem quod soluta.', '7e429e8e-7669-403d-bb78-3cd7f9f75afd', 'usr_156');
INSERT INTO trabalho.comentarios_podcast_usuario VALUES ('comment_156_5_0', 'Occaecati et et.', '7e429e8e-7669-403d-bb78-3cd7f9f75afd', 'usr_156');
INSERT INTO trabalho.log_acesso VALUES ('log_156_0_0', '7e429e8e-7669-403d-bb78-3cd7f9f75afd', 'usr_156');
INSERT INTO trabalho.log_acesso VALUES ('log_156_1_0', '7e429e8e-7669-403d-bb78-3cd7f9f75afd', 'usr_156');
INSERT INTO trabalho.log_acesso VALUES ('log_156_2_0', '7e429e8e-7669-403d-bb78-3cd7f9f75afd', 'usr_156');
INSERT INTO trabalho.usuario_esta_inscrito_no_podcast VALUES (3, 'fa3abe16-3645-4d22-a01d-893e6f20c408', 'usr_156');
INSERT INTO trabalho.comentarios_podcast_usuario VALUES ('comment_156_0_1', 'Assumenda consequatur facere distinctio eveniet corporis.', 'fa3abe16-3645-4d22-a01d-893e6f20c408', 'usr_156');
INSERT INTO trabalho.comentarios_podcast_usuario VALUES ('comment_156_1_1', 'Laborum omnis itaque consequatur cum.', 'fa3abe16-3645-4d22-a01d-893e6f20c408', 'usr_156');
INSERT INTO trabalho.comentarios_podcast_usuario VALUES ('comment_156_2_1', 'Laboriosam cumque beatae.', 'fa3abe16-3645-4d22-a01d-893e6f20c408', 'usr_156');
INSERT INTO trabalho.log_acesso VALUES ('log_156_0_1', 'fa3abe16-3645-4d22-a01d-893e6f20c408', 'usr_156');
INSERT INTO trabalho.log_acesso VALUES ('log_156_1_1', 'fa3abe16-3645-4d22-a01d-893e6f20c408', 'usr_156');
INSERT INTO trabalho.log_acesso VALUES ('log_156_2_1', 'fa3abe16-3645-4d22-a01d-893e6f20c408', 'usr_156');
INSERT INTO trabalho.log_acesso VALUES ('log_156_3_1', 'fa3abe16-3645-4d22-a01d-893e6f20c408', 'usr_156');
INSERT INTO trabalho.log_acesso VALUES ('log_156_4_1', 'fa3abe16-3645-4d22-a01d-893e6f20c408', 'usr_156');
INSERT INTO trabalho.usuario_esta_inscrito_no_podcast VALUES (0, 'bc8dac25-793c-4a96-aafc-4ea7020f4f60', 'usr_156');
INSERT INTO trabalho.comentarios_podcast_usuario VALUES ('comment_156_0_2', 'Aliquid consequatur harum assumenda dolor illo consequuntur quo accusamus.', 'bc8dac25-793c-4a96-aafc-4ea7020f4f60', 'usr_156');
INSERT INTO trabalho.comentarios_podcast_usuario VALUES ('comment_156_1_2', 'Quos fugit nihil ipsum quis sunt perferendis suscipit qui corrupti.', 'bc8dac25-793c-4a96-aafc-4ea7020f4f60', 'usr_156');
INSERT INTO trabalho.log_acesso VALUES ('log_156_0_2', 'bc8dac25-793c-4a96-aafc-4ea7020f4f60', 'usr_156');
INSERT INTO trabalho.log_acesso VALUES ('log_156_1_2', 'bc8dac25-793c-4a96-aafc-4ea7020f4f60', 'usr_156');
INSERT INTO trabalho.log_acesso VALUES ('log_156_2_2', 'bc8dac25-793c-4a96-aafc-4ea7020f4f60', 'usr_156');
INSERT INTO trabalho.log_acesso VALUES ('log_156_3_2', 'bc8dac25-793c-4a96-aafc-4ea7020f4f60', 'usr_156');
INSERT INTO trabalho.log_acesso VALUES ('log_156_4_2', 'bc8dac25-793c-4a96-aafc-4ea7020f4f60', 'usr_156');
INSERT INTO trabalho.log_acesso VALUES ('log_156_5_2', 'bc8dac25-793c-4a96-aafc-4ea7020f4f60', 'usr_156');
INSERT INTO trabalho.usuario VALUES ('usr_157', '157_Fabrcia46@hotmail.com', 'Fabrícia Moreira', 'female', 60, 'password', 'Aruba');
INSERT INTO trabalho.usuario_esta_inscrito_no_podcast VALUES (5, 'bc8dac25-793c-4a96-aafc-4ea7020f4f60', 'usr_157');
INSERT INTO trabalho.comentarios_podcast_usuario VALUES ('comment_157_0_0', 'Sit sit officiis eum et vel nihil totam est.', 'bc8dac25-793c-4a96-aafc-4ea7020f4f60', 'usr_157');
INSERT INTO trabalho.comentarios_podcast_usuario VALUES ('comment_157_1_0', 'Aut sed aspernatur autem eligendi nihil fugit harum cumque nam.', 'bc8dac25-793c-4a96-aafc-4ea7020f4f60', 'usr_157');
INSERT INTO trabalho.comentarios_podcast_usuario VALUES ('comment_157_2_0', 'Sed autem soluta porro aliquid suscipit minus magnam dolorum.', 'bc8dac25-793c-4a96-aafc-4ea7020f4f60', 'usr_157');
INSERT INTO trabalho.log_acesso VALUES ('log_157_0_0', 'bc8dac25-793c-4a96-aafc-4ea7020f4f60', 'usr_157');
INSERT INTO trabalho.usuario_esta_inscrito_no_podcast VALUES (5, 'f1b92ce7-47a7-43cd-8586-4a09185cdd05', 'usr_157');
INSERT INTO trabalho.comentarios_podcast_usuario VALUES ('comment_157_0_1', 'Et omnis quam perspiciatis nisi ipsam illum.', 'f1b92ce7-47a7-43cd-8586-4a09185cdd05', 'usr_157');
INSERT INTO trabalho.log_acesso VALUES ('log_157_0_1', 'f1b92ce7-47a7-43cd-8586-4a09185cdd05', 'usr_157');
INSERT INTO trabalho.log_acesso VALUES ('log_157_1_1', 'f1b92ce7-47a7-43cd-8586-4a09185cdd05', 'usr_157');
INSERT INTO trabalho.log_acesso VALUES ('log_157_2_1', 'f1b92ce7-47a7-43cd-8586-4a09185cdd05', 'usr_157');
INSERT INTO trabalho.log_acesso VALUES ('log_157_3_1', 'f1b92ce7-47a7-43cd-8586-4a09185cdd05', 'usr_157');
INSERT INTO trabalho.usuario_esta_inscrito_no_podcast VALUES (4, 'b553d865-8fe2-47de-9a30-10e1dea3bd1d', 'usr_157');
INSERT INTO trabalho.comentarios_podcast_usuario VALUES ('comment_157_0_2', 'Sed soluta at occaecati aut.', 'b553d865-8fe2-47de-9a30-10e1dea3bd1d', 'usr_157');
INSERT INTO trabalho.comentarios_podcast_usuario VALUES ('comment_157_1_2', 'Voluptatem quae quo qui aut facilis magnam aliquid.', 'b553d865-8fe2-47de-9a30-10e1dea3bd1d', 'usr_157');
INSERT INTO trabalho.log_acesso VALUES ('log_157_0_2', 'b553d865-8fe2-47de-9a30-10e1dea3bd1d', 'usr_157');
INSERT INTO trabalho.log_acesso VALUES ('log_157_1_2', 'b553d865-8fe2-47de-9a30-10e1dea3bd1d', 'usr_157');
INSERT INTO trabalho.log_acesso VALUES ('log_157_2_2', 'b553d865-8fe2-47de-9a30-10e1dea3bd1d', 'usr_157');
INSERT INTO trabalho.log_acesso VALUES ('log_157_3_2', 'b553d865-8fe2-47de-9a30-10e1dea3bd1d', 'usr_157');
INSERT INTO trabalho.usuario VALUES ('usr_158', '158_Isabela52@gmail.com', 'Isabela Pereira', 'female', 16, 'password', 'Fiji');
INSERT INTO trabalho.usuario_esta_inscrito_no_podcast VALUES (0, 'c58b280a-56d4-4ad8-8c85-730e4ea86361', 'usr_158');
INSERT INTO trabalho.comentarios_podcast_usuario VALUES ('comment_158_0_0', 'Quod consequatur hic dolorum repellendus sunt.', 'c58b280a-56d4-4ad8-8c85-730e4ea86361', 'usr_158');
INSERT INTO trabalho.comentarios_podcast_usuario VALUES ('comment_158_1_0', 'Aliquid numquam corporis qui ut quia reiciendis.', 'c58b280a-56d4-4ad8-8c85-730e4ea86361', 'usr_158');
INSERT INTO trabalho.log_acesso VALUES ('log_158_0_0', 'c58b280a-56d4-4ad8-8c85-730e4ea86361', 'usr_158');
INSERT INTO trabalho.log_acesso VALUES ('log_158_1_0', 'c58b280a-56d4-4ad8-8c85-730e4ea86361', 'usr_158');
INSERT INTO trabalho.log_acesso VALUES ('log_158_2_0', 'c58b280a-56d4-4ad8-8c85-730e4ea86361', 'usr_158');
INSERT INTO trabalho.log_acesso VALUES ('log_158_3_0', 'c58b280a-56d4-4ad8-8c85-730e4ea86361', 'usr_158');
INSERT INTO trabalho.log_acesso VALUES ('log_158_4_0', 'c58b280a-56d4-4ad8-8c85-730e4ea86361', 'usr_158');
INSERT INTO trabalho.usuario_esta_inscrito_no_podcast VALUES (2, 'fa3abe16-3645-4d22-a01d-893e6f20c408', 'usr_158');
INSERT INTO trabalho.comentarios_podcast_usuario VALUES ('comment_158_0_1', 'Dicta error cum eos ab quibusdam perferendis assumenda eos.', 'fa3abe16-3645-4d22-a01d-893e6f20c408', 'usr_158');
INSERT INTO trabalho.comentarios_podcast_usuario VALUES ('comment_158_1_1', 'Qui voluptatem autem dolores.', 'fa3abe16-3645-4d22-a01d-893e6f20c408', 'usr_158');
INSERT INTO trabalho.comentarios_podcast_usuario VALUES ('comment_158_2_1', 'Numquam laudantium soluta est et sunt eum.', 'fa3abe16-3645-4d22-a01d-893e6f20c408', 'usr_158');
INSERT INTO trabalho.comentarios_podcast_usuario VALUES ('comment_158_3_1', 'Assumenda voluptas numquam quia possimus aut saepe perspiciatis.', 'fa3abe16-3645-4d22-a01d-893e6f20c408', 'usr_158');
INSERT INTO trabalho.comentarios_podcast_usuario VALUES ('comment_158_4_1', 'Perspiciatis dolorem deleniti ut voluptatem quia ut.', 'fa3abe16-3645-4d22-a01d-893e6f20c408', 'usr_158');
INSERT INTO trabalho.log_acesso VALUES ('log_158_0_1', 'fa3abe16-3645-4d22-a01d-893e6f20c408', 'usr_158');
INSERT INTO trabalho.log_acesso VALUES ('log_158_1_1', 'fa3abe16-3645-4d22-a01d-893e6f20c408', 'usr_158');
INSERT INTO trabalho.usuario_esta_inscrito_no_podcast VALUES (5, 'de2f0ddb-9903-436a-a5e2-54224254c818', 'usr_158');
INSERT INTO trabalho.comentarios_podcast_usuario VALUES ('comment_158_0_2', 'Qui enim rerum.', 'de2f0ddb-9903-436a-a5e2-54224254c818', 'usr_158');
INSERT INTO trabalho.comentarios_podcast_usuario VALUES ('comment_158_1_2', 'Odio voluptate impedit dolorum dolorem qui cum.', 'de2f0ddb-9903-436a-a5e2-54224254c818', 'usr_158');
INSERT INTO trabalho.comentarios_podcast_usuario VALUES ('comment_158_2_2', 'Ratione sint ab autem rerum rem omnis rem.', 'de2f0ddb-9903-436a-a5e2-54224254c818', 'usr_158');
INSERT INTO trabalho.comentarios_podcast_usuario VALUES ('comment_158_3_2', 'Repellat qui et ut fuga et nemo doloribus id doloribus.', 'de2f0ddb-9903-436a-a5e2-54224254c818', 'usr_158');
INSERT INTO trabalho.comentarios_podcast_usuario VALUES ('comment_158_4_2', 'Et sapiente repudiandae in sit.', 'de2f0ddb-9903-436a-a5e2-54224254c818', 'usr_158');
INSERT INTO trabalho.comentarios_podcast_usuario VALUES ('comment_158_5_2', 'Rerum aspernatur tempore numquam in dignissimos.', 'de2f0ddb-9903-436a-a5e2-54224254c818', 'usr_158');
INSERT INTO trabalho.log_acesso VALUES ('log_158_0_2', 'de2f0ddb-9903-436a-a5e2-54224254c818', 'usr_158');
INSERT INTO trabalho.log_acesso VALUES ('log_158_1_2', 'de2f0ddb-9903-436a-a5e2-54224254c818', 'usr_158');
INSERT INTO trabalho.log_acesso VALUES ('log_158_2_2', 'de2f0ddb-9903-436a-a5e2-54224254c818', 'usr_158');
INSERT INTO trabalho.log_acesso VALUES ('log_158_3_2', 'de2f0ddb-9903-436a-a5e2-54224254c818', 'usr_158');
INSERT INTO trabalho.log_acesso VALUES ('log_158_4_2', 'de2f0ddb-9903-436a-a5e2-54224254c818', 'usr_158');
INSERT INTO trabalho.usuario VALUES ('usr_159', '159_MariaCeclia80@yahoo.com', 'Maria Cecília Barros', 'female', 2, 'password', 'Niue');
INSERT INTO trabalho.usuario_esta_inscrito_no_podcast VALUES (0, 'fa3abe16-3645-4d22-a01d-893e6f20c408', 'usr_159');
INSERT INTO trabalho.comentarios_podcast_usuario VALUES ('comment_159_0_0', 'Repudiandae est iste numquam.', 'fa3abe16-3645-4d22-a01d-893e6f20c408', 'usr_159');
INSERT INTO trabalho.log_acesso VALUES ('log_159_0_0', 'fa3abe16-3645-4d22-a01d-893e6f20c408', 'usr_159');
INSERT INTO trabalho.log_acesso VALUES ('log_159_1_0', 'fa3abe16-3645-4d22-a01d-893e6f20c408', 'usr_159');
INSERT INTO trabalho.log_acesso VALUES ('log_159_2_0', 'fa3abe16-3645-4d22-a01d-893e6f20c408', 'usr_159');
INSERT INTO trabalho.log_acesso VALUES ('log_159_3_0', 'fa3abe16-3645-4d22-a01d-893e6f20c408', 'usr_159');
INSERT INTO trabalho.usuario_esta_inscrito_no_podcast VALUES (1, '67074e68-bc2f-442b-8af2-7d328b6af6eb', 'usr_159');
INSERT INTO trabalho.comentarios_podcast_usuario VALUES ('comment_159_0_1', 'Et distinctio molestiae sapiente molestiae perferendis nam fuga dicta voluptatem.', '67074e68-bc2f-442b-8af2-7d328b6af6eb', 'usr_159');
INSERT INTO trabalho.comentarios_podcast_usuario VALUES ('comment_159_1_1', 'Voluptas harum nihil neque iusto dicta ut et.', '67074e68-bc2f-442b-8af2-7d328b6af6eb', 'usr_159');
INSERT INTO trabalho.comentarios_podcast_usuario VALUES ('comment_159_2_1', 'Dolorem iusto consequatur optio.', '67074e68-bc2f-442b-8af2-7d328b6af6eb', 'usr_159');
INSERT INTO trabalho.log_acesso VALUES ('log_159_0_1', '67074e68-bc2f-442b-8af2-7d328b6af6eb', 'usr_159');
INSERT INTO trabalho.log_acesso VALUES ('log_159_1_1', '67074e68-bc2f-442b-8af2-7d328b6af6eb', 'usr_159');
INSERT INTO trabalho.log_acesso VALUES ('log_159_2_1', '67074e68-bc2f-442b-8af2-7d328b6af6eb', 'usr_159');
INSERT INTO trabalho.usuario_esta_inscrito_no_podcast VALUES (0, '168c1536-4c42-4b8f-8c77-f06affefec6a', 'usr_159');
INSERT INTO trabalho.comentarios_podcast_usuario VALUES ('comment_159_0_2', 'Aut minima velit et sunt vel qui.', '168c1536-4c42-4b8f-8c77-f06affefec6a', 'usr_159');
INSERT INTO trabalho.comentarios_podcast_usuario VALUES ('comment_159_1_2', 'Ipsum repellendus et nesciunt.', '168c1536-4c42-4b8f-8c77-f06affefec6a', 'usr_159');
INSERT INTO trabalho.log_acesso VALUES ('log_159_0_2', '168c1536-4c42-4b8f-8c77-f06affefec6a', 'usr_159');
INSERT INTO trabalho.log_acesso VALUES ('log_159_1_2', '168c1536-4c42-4b8f-8c77-f06affefec6a', 'usr_159');
INSERT INTO trabalho.log_acesso VALUES ('log_159_2_2', '168c1536-4c42-4b8f-8c77-f06affefec6a', 'usr_159');
INSERT INTO trabalho.log_acesso VALUES ('log_159_3_2', '168c1536-4c42-4b8f-8c77-f06affefec6a', 'usr_159');
INSERT INTO trabalho.log_acesso VALUES ('log_159_4_2', '168c1536-4c42-4b8f-8c77-f06affefec6a', 'usr_159');
INSERT INTO trabalho.usuario VALUES ('usr_160', '160_Vitor_Albuquerque46@hotmail.com', 'Vitor Albuquerque', 'male', 7, 'password', 'Vanuatu');
INSERT INTO trabalho.usuario_esta_inscrito_no_podcast VALUES (2, 'f1b92ce7-47a7-43cd-8586-4a09185cdd05', 'usr_160');
INSERT INTO trabalho.comentarios_podcast_usuario VALUES ('comment_160_0_0', 'Voluptatem vitae sed et quas fugit quam nisi laboriosam.', 'f1b92ce7-47a7-43cd-8586-4a09185cdd05', 'usr_160');
INSERT INTO trabalho.comentarios_podcast_usuario VALUES ('comment_160_1_0', 'Veniam sequi ut sint voluptas nostrum omnis qui repudiandae ullam.', 'f1b92ce7-47a7-43cd-8586-4a09185cdd05', 'usr_160');
INSERT INTO trabalho.comentarios_podcast_usuario VALUES ('comment_160_2_0', 'Eum culpa excepturi quae placeat ex rerum dolorum.', 'f1b92ce7-47a7-43cd-8586-4a09185cdd05', 'usr_160');
INSERT INTO trabalho.comentarios_podcast_usuario VALUES ('comment_160_3_0', 'Illum explicabo laboriosam.', 'f1b92ce7-47a7-43cd-8586-4a09185cdd05', 'usr_160');
INSERT INTO trabalho.log_acesso VALUES ('log_160_0_0', 'f1b92ce7-47a7-43cd-8586-4a09185cdd05', 'usr_160');
INSERT INTO trabalho.log_acesso VALUES ('log_160_1_0', 'f1b92ce7-47a7-43cd-8586-4a09185cdd05', 'usr_160');
INSERT INTO trabalho.usuario_esta_inscrito_no_podcast VALUES (4, 'f8e13774-d631-4f34-93f0-2f5d55590265', 'usr_160');
INSERT INTO trabalho.comentarios_podcast_usuario VALUES ('comment_160_0_1', 'Consequatur illum qui.', 'f8e13774-d631-4f34-93f0-2f5d55590265', 'usr_160');
INSERT INTO trabalho.comentarios_podcast_usuario VALUES ('comment_160_1_1', 'Veritatis eius dignissimos non sed corporis.', 'f8e13774-d631-4f34-93f0-2f5d55590265', 'usr_160');
INSERT INTO trabalho.log_acesso VALUES ('log_160_0_1', 'f8e13774-d631-4f34-93f0-2f5d55590265', 'usr_160');
INSERT INTO trabalho.log_acesso VALUES ('log_160_1_1', 'f8e13774-d631-4f34-93f0-2f5d55590265', 'usr_160');
INSERT INTO trabalho.log_acesso VALUES ('log_160_2_1', 'f8e13774-d631-4f34-93f0-2f5d55590265', 'usr_160');
INSERT INTO trabalho.usuario_esta_inscrito_no_podcast VALUES (5, 'bc8dac25-793c-4a96-aafc-4ea7020f4f60', 'usr_160');
INSERT INTO trabalho.comentarios_podcast_usuario VALUES ('comment_160_0_2', 'Provident ipsam dolorem qui.', 'bc8dac25-793c-4a96-aafc-4ea7020f4f60', 'usr_160');
INSERT INTO trabalho.comentarios_podcast_usuario VALUES ('comment_160_1_2', 'Quia explicabo assumenda adipisci quia aperiam pariatur rerum quod.', 'bc8dac25-793c-4a96-aafc-4ea7020f4f60', 'usr_160');
INSERT INTO trabalho.comentarios_podcast_usuario VALUES ('comment_160_2_2', 'Id nihil eaque enim cupiditate beatae laborum laboriosam voluptate sint.', 'bc8dac25-793c-4a96-aafc-4ea7020f4f60', 'usr_160');
INSERT INTO trabalho.log_acesso VALUES ('log_160_0_2', 'bc8dac25-793c-4a96-aafc-4ea7020f4f60', 'usr_160');
INSERT INTO trabalho.log_acesso VALUES ('log_160_1_2', 'bc8dac25-793c-4a96-aafc-4ea7020f4f60', 'usr_160');
INSERT INTO trabalho.log_acesso VALUES ('log_160_2_2', 'bc8dac25-793c-4a96-aafc-4ea7020f4f60', 'usr_160');
INSERT INTO trabalho.log_acesso VALUES ('log_160_3_2', 'bc8dac25-793c-4a96-aafc-4ea7020f4f60', 'usr_160');
INSERT INTO trabalho.log_acesso VALUES ('log_160_4_2', 'bc8dac25-793c-4a96-aafc-4ea7020f4f60', 'usr_160');
INSERT INTO trabalho.log_acesso VALUES ('log_160_5_2', 'bc8dac25-793c-4a96-aafc-4ea7020f4f60', 'usr_160');
INSERT INTO trabalho.usuario VALUES ('usr_161', '161_Frederico.Santos77@bol.com.br', 'Frederico Santos', 'male', 34, 'password', 'Jordânia');
INSERT INTO trabalho.usuario_esta_inscrito_no_podcast VALUES (4, 'af46a958-b921-47b6-9f87-5c4fdc68ea79', 'usr_161');
INSERT INTO trabalho.comentarios_podcast_usuario VALUES ('comment_161_0_0', 'Eaque quibusdam facilis cumque qui quam.', 'af46a958-b921-47b6-9f87-5c4fdc68ea79', 'usr_161');
INSERT INTO trabalho.comentarios_podcast_usuario VALUES ('comment_161_1_0', 'Facere omnis delectus repellendus quia soluta.', 'af46a958-b921-47b6-9f87-5c4fdc68ea79', 'usr_161');
INSERT INTO trabalho.comentarios_podcast_usuario VALUES ('comment_161_2_0', 'Laboriosam eos praesentium sapiente omnis officiis ducimus tempora consequatur porro.', 'af46a958-b921-47b6-9f87-5c4fdc68ea79', 'usr_161');
INSERT INTO trabalho.log_acesso VALUES ('log_161_0_0', 'af46a958-b921-47b6-9f87-5c4fdc68ea79', 'usr_161');
INSERT INTO trabalho.log_acesso VALUES ('log_161_1_0', 'af46a958-b921-47b6-9f87-5c4fdc68ea79', 'usr_161');
INSERT INTO trabalho.log_acesso VALUES ('log_161_2_0', 'af46a958-b921-47b6-9f87-5c4fdc68ea79', 'usr_161');
INSERT INTO trabalho.usuario_esta_inscrito_no_podcast VALUES (4, '7e429e8e-7669-403d-bb78-3cd7f9f75afd', 'usr_161');
INSERT INTO trabalho.comentarios_podcast_usuario VALUES ('comment_161_0_1', 'Voluptatum adipisci a id recusandae.', '7e429e8e-7669-403d-bb78-3cd7f9f75afd', 'usr_161');
INSERT INTO trabalho.comentarios_podcast_usuario VALUES ('comment_161_1_1', 'Odio aut nostrum repellendus in beatae non vel est quia.', '7e429e8e-7669-403d-bb78-3cd7f9f75afd', 'usr_161');
INSERT INTO trabalho.comentarios_podcast_usuario VALUES ('comment_161_2_1', 'Consequatur consequuntur ipsum quasi et inventore est in.', '7e429e8e-7669-403d-bb78-3cd7f9f75afd', 'usr_161');
INSERT INTO trabalho.log_acesso VALUES ('log_161_0_1', '7e429e8e-7669-403d-bb78-3cd7f9f75afd', 'usr_161');
INSERT INTO trabalho.log_acesso VALUES ('log_161_1_1', '7e429e8e-7669-403d-bb78-3cd7f9f75afd', 'usr_161');
INSERT INTO trabalho.usuario_esta_inscrito_no_podcast VALUES (3, 'f8e13774-d631-4f34-93f0-2f5d55590265', 'usr_161');
INSERT INTO trabalho.comentarios_podcast_usuario VALUES ('comment_161_0_2', 'Et ea est quisquam magnam consequuntur sed.', 'f8e13774-d631-4f34-93f0-2f5d55590265', 'usr_161');
INSERT INTO trabalho.comentarios_podcast_usuario VALUES ('comment_161_1_2', 'Porro a praesentium dolores dolor.', 'f8e13774-d631-4f34-93f0-2f5d55590265', 'usr_161');
INSERT INTO trabalho.comentarios_podcast_usuario VALUES ('comment_161_2_2', 'Ut ipsum maxime illo perspiciatis quis aperiam vero architecto.', 'f8e13774-d631-4f34-93f0-2f5d55590265', 'usr_161');
INSERT INTO trabalho.comentarios_podcast_usuario VALUES ('comment_161_3_2', 'Illum enim quae architecto adipisci sequi quia qui iste at.', 'f8e13774-d631-4f34-93f0-2f5d55590265', 'usr_161');
INSERT INTO trabalho.comentarios_podcast_usuario VALUES ('comment_161_4_2', 'Aut quo nesciunt illo est vel.', 'f8e13774-d631-4f34-93f0-2f5d55590265', 'usr_161');
INSERT INTO trabalho.log_acesso VALUES ('log_161_0_2', 'f8e13774-d631-4f34-93f0-2f5d55590265', 'usr_161');
INSERT INTO trabalho.log_acesso VALUES ('log_161_1_2', 'f8e13774-d631-4f34-93f0-2f5d55590265', 'usr_161');
INSERT INTO trabalho.log_acesso VALUES ('log_161_2_2', 'f8e13774-d631-4f34-93f0-2f5d55590265', 'usr_161');
INSERT INTO trabalho.usuario VALUES ('usr_162', '162_Tho_Batista4@hotmail.com', 'Théo Batista', 'male', 16, 'password', 'Guernesey');
INSERT INTO trabalho.usuario_esta_inscrito_no_podcast VALUES (0, 'f0166bd2-8e4d-4308-b5d7-0b3d627c5dc5', 'usr_162');
INSERT INTO trabalho.comentarios_podcast_usuario VALUES ('comment_162_0_0', 'Quibusdam dolore minus nobis mollitia et.', 'f0166bd2-8e4d-4308-b5d7-0b3d627c5dc5', 'usr_162');
INSERT INTO trabalho.comentarios_podcast_usuario VALUES ('comment_162_1_0', 'Cupiditate voluptatem labore dolorum doloribus odio illum qui repellat blanditiis.', 'f0166bd2-8e4d-4308-b5d7-0b3d627c5dc5', 'usr_162');
INSERT INTO trabalho.comentarios_podcast_usuario VALUES ('comment_162_2_0', 'Autem dolor ad eius nemo reiciendis sed.', 'f0166bd2-8e4d-4308-b5d7-0b3d627c5dc5', 'usr_162');
INSERT INTO trabalho.comentarios_podcast_usuario VALUES ('comment_162_3_0', 'Sint dolorem cum et sed reprehenderit aliquam harum debitis.', 'f0166bd2-8e4d-4308-b5d7-0b3d627c5dc5', 'usr_162');
INSERT INTO trabalho.comentarios_podcast_usuario VALUES ('comment_162_4_0', 'Recusandae explicabo nisi.', 'f0166bd2-8e4d-4308-b5d7-0b3d627c5dc5', 'usr_162');
INSERT INTO trabalho.log_acesso VALUES ('log_162_0_0', 'f0166bd2-8e4d-4308-b5d7-0b3d627c5dc5', 'usr_162');
INSERT INTO trabalho.log_acesso VALUES ('log_162_1_0', 'f0166bd2-8e4d-4308-b5d7-0b3d627c5dc5', 'usr_162');
INSERT INTO trabalho.log_acesso VALUES ('log_162_2_0', 'f0166bd2-8e4d-4308-b5d7-0b3d627c5dc5', 'usr_162');
INSERT INTO trabalho.log_acesso VALUES ('log_162_3_0', 'f0166bd2-8e4d-4308-b5d7-0b3d627c5dc5', 'usr_162');
INSERT INTO trabalho.usuario_esta_inscrito_no_podcast VALUES (2, 'af46a958-b921-47b6-9f87-5c4fdc68ea79', 'usr_162');
INSERT INTO trabalho.comentarios_podcast_usuario VALUES ('comment_162_0_1', 'Beatae velit dolores molestias voluptas omnis.', 'af46a958-b921-47b6-9f87-5c4fdc68ea79', 'usr_162');
INSERT INTO trabalho.comentarios_podcast_usuario VALUES ('comment_162_1_1', 'Dolorem illo culpa ea.', 'af46a958-b921-47b6-9f87-5c4fdc68ea79', 'usr_162');
INSERT INTO trabalho.comentarios_podcast_usuario VALUES ('comment_162_2_1', 'Ipsa consequatur et est.', 'af46a958-b921-47b6-9f87-5c4fdc68ea79', 'usr_162');
INSERT INTO trabalho.log_acesso VALUES ('log_162_0_1', 'af46a958-b921-47b6-9f87-5c4fdc68ea79', 'usr_162');
INSERT INTO trabalho.log_acesso VALUES ('log_162_1_1', 'af46a958-b921-47b6-9f87-5c4fdc68ea79', 'usr_162');
INSERT INTO trabalho.log_acesso VALUES ('log_162_2_1', 'af46a958-b921-47b6-9f87-5c4fdc68ea79', 'usr_162');
INSERT INTO trabalho.log_acesso VALUES ('log_162_3_1', 'af46a958-b921-47b6-9f87-5c4fdc68ea79', 'usr_162');
INSERT INTO trabalho.usuario_esta_inscrito_no_podcast VALUES (5, 'de2f0ddb-9903-436a-a5e2-54224254c818', 'usr_162');
INSERT INTO trabalho.comentarios_podcast_usuario VALUES ('comment_162_0_2', 'Culpa quisquam deserunt occaecati.', 'de2f0ddb-9903-436a-a5e2-54224254c818', 'usr_162');
INSERT INTO trabalho.comentarios_podcast_usuario VALUES ('comment_162_1_2', 'Ut ratione consectetur molestiae ullam ullam enim.', 'de2f0ddb-9903-436a-a5e2-54224254c818', 'usr_162');
INSERT INTO trabalho.comentarios_podcast_usuario VALUES ('comment_162_2_2', 'Blanditiis qui architecto illo eveniet saepe exercitationem neque autem quo.', 'de2f0ddb-9903-436a-a5e2-54224254c818', 'usr_162');
INSERT INTO trabalho.comentarios_podcast_usuario VALUES ('comment_162_3_2', 'Ut tempora voluptatem ut sed nesciunt doloremque officia optio.', 'de2f0ddb-9903-436a-a5e2-54224254c818', 'usr_162');
INSERT INTO trabalho.comentarios_podcast_usuario VALUES ('comment_162_4_2', 'Fuga sed delectus autem aut architecto totam alias aspernatur suscipit.', 'de2f0ddb-9903-436a-a5e2-54224254c818', 'usr_162');
INSERT INTO trabalho.log_acesso VALUES ('log_162_0_2', 'de2f0ddb-9903-436a-a5e2-54224254c818', 'usr_162');
INSERT INTO trabalho.log_acesso VALUES ('log_162_1_2', 'de2f0ddb-9903-436a-a5e2-54224254c818', 'usr_162');
INSERT INTO trabalho.log_acesso VALUES ('log_162_2_2', 'de2f0ddb-9903-436a-a5e2-54224254c818', 'usr_162');
INSERT INTO trabalho.log_acesso VALUES ('log_162_3_2', 'de2f0ddb-9903-436a-a5e2-54224254c818', 'usr_162');
INSERT INTO trabalho.log_acesso VALUES ('log_162_4_2', 'de2f0ddb-9903-436a-a5e2-54224254c818', 'usr_162');
INSERT INTO trabalho.usuario VALUES ('usr_163', '163_MariaJlia_Braga@bol.com.br', 'Maria Júlia Braga', 'female', 15, 'password', 'Tunísia');
INSERT INTO trabalho.usuario_esta_inscrito_no_podcast VALUES (5, 'f1b92ce7-47a7-43cd-8586-4a09185cdd05', 'usr_163');
INSERT INTO trabalho.comentarios_podcast_usuario VALUES ('comment_163_0_0', 'Commodi ut qui culpa quae quia.', 'f1b92ce7-47a7-43cd-8586-4a09185cdd05', 'usr_163');
INSERT INTO trabalho.comentarios_podcast_usuario VALUES ('comment_163_1_0', 'Inventore deleniti odio ut enim sint dolorum aut cupiditate exercitationem.', 'f1b92ce7-47a7-43cd-8586-4a09185cdd05', 'usr_163');
INSERT INTO trabalho.log_acesso VALUES ('log_163_0_0', 'f1b92ce7-47a7-43cd-8586-4a09185cdd05', 'usr_163');
INSERT INTO trabalho.log_acesso VALUES ('log_163_1_0', 'f1b92ce7-47a7-43cd-8586-4a09185cdd05', 'usr_163');
INSERT INTO trabalho.usuario_esta_inscrito_no_podcast VALUES (0, 'fa3abe16-3645-4d22-a01d-893e6f20c408', 'usr_163');
INSERT INTO trabalho.comentarios_podcast_usuario VALUES ('comment_163_0_1', 'Est impedit facere alias et.', 'fa3abe16-3645-4d22-a01d-893e6f20c408', 'usr_163');
INSERT INTO trabalho.comentarios_podcast_usuario VALUES ('comment_163_1_1', 'Asperiores autem doloribus omnis ex dolores est.', 'fa3abe16-3645-4d22-a01d-893e6f20c408', 'usr_163');
INSERT INTO trabalho.comentarios_podcast_usuario VALUES ('comment_163_2_1', 'Dolorem fugit quia rerum asperiores perferendis id ea sit maxime.', 'fa3abe16-3645-4d22-a01d-893e6f20c408', 'usr_163');
INSERT INTO trabalho.comentarios_podcast_usuario VALUES ('comment_163_3_1', 'Dolorum ea velit molestias expedita.', 'fa3abe16-3645-4d22-a01d-893e6f20c408', 'usr_163');
INSERT INTO trabalho.log_acesso VALUES ('log_163_0_1', 'fa3abe16-3645-4d22-a01d-893e6f20c408', 'usr_163');
INSERT INTO trabalho.usuario_esta_inscrito_no_podcast VALUES (2, '67074e68-bc2f-442b-8af2-7d328b6af6eb', 'usr_163');
INSERT INTO trabalho.comentarios_podcast_usuario VALUES ('comment_163_0_2', 'Omnis aut nobis delectus quasi error a nobis.', '67074e68-bc2f-442b-8af2-7d328b6af6eb', 'usr_163');
INSERT INTO trabalho.comentarios_podcast_usuario VALUES ('comment_163_1_2', 'Officia omnis fuga et ut aut nesciunt asperiores libero.', '67074e68-bc2f-442b-8af2-7d328b6af6eb', 'usr_163');
INSERT INTO trabalho.comentarios_podcast_usuario VALUES ('comment_163_2_2', 'Reprehenderit dolorem earum incidunt fugit voluptas nobis doloremque repudiandae consequatur.', '67074e68-bc2f-442b-8af2-7d328b6af6eb', 'usr_163');
INSERT INTO trabalho.comentarios_podcast_usuario VALUES ('comment_163_3_2', 'Facilis aut est a beatae sunt quo.', '67074e68-bc2f-442b-8af2-7d328b6af6eb', 'usr_163');
INSERT INTO trabalho.log_acesso VALUES ('log_163_0_2', '67074e68-bc2f-442b-8af2-7d328b6af6eb', 'usr_163');
INSERT INTO trabalho.usuario VALUES ('usr_164', '164_Alcia.Franco@hotmail.com', 'Alícia Franco', 'female', 59, 'password', 'Toquelau');
INSERT INTO trabalho.usuario_esta_inscrito_no_podcast VALUES (1, 'c58b280a-56d4-4ad8-8c85-730e4ea86361', 'usr_164');
INSERT INTO trabalho.comentarios_podcast_usuario VALUES ('comment_164_0_0', 'Incidunt voluptates totam minima nihil totam aut nihil vel et.', 'c58b280a-56d4-4ad8-8c85-730e4ea86361', 'usr_164');
INSERT INTO trabalho.comentarios_podcast_usuario VALUES ('comment_164_1_0', 'Quaerat magnam ut libero ad harum eveniet iste qui.', 'c58b280a-56d4-4ad8-8c85-730e4ea86361', 'usr_164');
INSERT INTO trabalho.comentarios_podcast_usuario VALUES ('comment_164_2_0', 'Aut voluptates dolor quo enim non.', 'c58b280a-56d4-4ad8-8c85-730e4ea86361', 'usr_164');
INSERT INTO trabalho.log_acesso VALUES ('log_164_0_0', 'c58b280a-56d4-4ad8-8c85-730e4ea86361', 'usr_164');
INSERT INTO trabalho.log_acesso VALUES ('log_164_1_0', 'c58b280a-56d4-4ad8-8c85-730e4ea86361', 'usr_164');
INSERT INTO trabalho.usuario_esta_inscrito_no_podcast VALUES (5, 'f1b92ce7-47a7-43cd-8586-4a09185cdd05', 'usr_164');
INSERT INTO trabalho.comentarios_podcast_usuario VALUES ('comment_164_0_1', 'Nam dolorum dicta.', 'f1b92ce7-47a7-43cd-8586-4a09185cdd05', 'usr_164');
INSERT INTO trabalho.comentarios_podcast_usuario VALUES ('comment_164_1_1', 'Voluptas sapiente ullam.', 'f1b92ce7-47a7-43cd-8586-4a09185cdd05', 'usr_164');
INSERT INTO trabalho.comentarios_podcast_usuario VALUES ('comment_164_2_1', 'Itaque libero dolor ex quia.', 'f1b92ce7-47a7-43cd-8586-4a09185cdd05', 'usr_164');
INSERT INTO trabalho.comentarios_podcast_usuario VALUES ('comment_164_3_1', 'Autem aut provident.', 'f1b92ce7-47a7-43cd-8586-4a09185cdd05', 'usr_164');
INSERT INTO trabalho.log_acesso VALUES ('log_164_0_1', 'f1b92ce7-47a7-43cd-8586-4a09185cdd05', 'usr_164');
INSERT INTO trabalho.log_acesso VALUES ('log_164_1_1', 'f1b92ce7-47a7-43cd-8586-4a09185cdd05', 'usr_164');
INSERT INTO trabalho.usuario_esta_inscrito_no_podcast VALUES (3, 'af46a958-b921-47b6-9f87-5c4fdc68ea79', 'usr_164');
INSERT INTO trabalho.comentarios_podcast_usuario VALUES ('comment_164_0_2', 'Aliquid veritatis autem similique eos reprehenderit et nesciunt in.', 'af46a958-b921-47b6-9f87-5c4fdc68ea79', 'usr_164');
INSERT INTO trabalho.log_acesso VALUES ('log_164_0_2', 'af46a958-b921-47b6-9f87-5c4fdc68ea79', 'usr_164');
INSERT INTO trabalho.usuario VALUES ('usr_165', '165_Mrcia_Franco74@bol.com.br', 'Mércia Franco', 'female', 24, 'password', 'Suazilândia');
INSERT INTO trabalho.usuario_esta_inscrito_no_podcast VALUES (5, 'c58b280a-56d4-4ad8-8c85-730e4ea86361', 'usr_165');
INSERT INTO trabalho.comentarios_podcast_usuario VALUES ('comment_165_0_0', 'Sunt soluta quibusdam enim nihil consequuntur delectus inventore velit non.', 'c58b280a-56d4-4ad8-8c85-730e4ea86361', 'usr_165');
INSERT INTO trabalho.comentarios_podcast_usuario VALUES ('comment_165_1_0', 'Quidem temporibus ex occaecati eveniet minima.', 'c58b280a-56d4-4ad8-8c85-730e4ea86361', 'usr_165');
INSERT INTO trabalho.log_acesso VALUES ('log_165_0_0', 'c58b280a-56d4-4ad8-8c85-730e4ea86361', 'usr_165');
INSERT INTO trabalho.log_acesso VALUES ('log_165_1_0', 'c58b280a-56d4-4ad8-8c85-730e4ea86361', 'usr_165');
INSERT INTO trabalho.log_acesso VALUES ('log_165_2_0', 'c58b280a-56d4-4ad8-8c85-730e4ea86361', 'usr_165');
INSERT INTO trabalho.usuario_esta_inscrito_no_podcast VALUES (3, 'f1b92ce7-47a7-43cd-8586-4a09185cdd05', 'usr_165');
INSERT INTO trabalho.comentarios_podcast_usuario VALUES ('comment_165_0_1', 'Impedit nam dolorem qui vel alias architecto.', 'f1b92ce7-47a7-43cd-8586-4a09185cdd05', 'usr_165');
INSERT INTO trabalho.comentarios_podcast_usuario VALUES ('comment_165_1_1', 'Accusantium impedit dolor reiciendis asperiores.', 'f1b92ce7-47a7-43cd-8586-4a09185cdd05', 'usr_165');
INSERT INTO trabalho.comentarios_podcast_usuario VALUES ('comment_165_2_1', 'In praesentium est eos.', 'f1b92ce7-47a7-43cd-8586-4a09185cdd05', 'usr_165');
INSERT INTO trabalho.log_acesso VALUES ('log_165_0_1', 'f1b92ce7-47a7-43cd-8586-4a09185cdd05', 'usr_165');
INSERT INTO trabalho.log_acesso VALUES ('log_165_1_1', 'f1b92ce7-47a7-43cd-8586-4a09185cdd05', 'usr_165');
INSERT INTO trabalho.log_acesso VALUES ('log_165_2_1', 'f1b92ce7-47a7-43cd-8586-4a09185cdd05', 'usr_165');
INSERT INTO trabalho.log_acesso VALUES ('log_165_3_1', 'f1b92ce7-47a7-43cd-8586-4a09185cdd05', 'usr_165');
INSERT INTO trabalho.usuario_esta_inscrito_no_podcast VALUES (1, '219328a1-cec6-4e8c-b003-52a3ec9766bb', 'usr_165');
INSERT INTO trabalho.comentarios_podcast_usuario VALUES ('comment_165_0_2', 'Nobis voluptates porro culpa sit consequuntur praesentium quidem voluptatem et.', '219328a1-cec6-4e8c-b003-52a3ec9766bb', 'usr_165');
INSERT INTO trabalho.comentarios_podcast_usuario VALUES ('comment_165_1_2', 'Non libero laborum voluptatem possimus iure.', '219328a1-cec6-4e8c-b003-52a3ec9766bb', 'usr_165');
INSERT INTO trabalho.comentarios_podcast_usuario VALUES ('comment_165_2_2', 'Esse esse non.', '219328a1-cec6-4e8c-b003-52a3ec9766bb', 'usr_165');
INSERT INTO trabalho.comentarios_podcast_usuario VALUES ('comment_165_3_2', 'Quae officiis nulla quod dolor.', '219328a1-cec6-4e8c-b003-52a3ec9766bb', 'usr_165');
INSERT INTO trabalho.comentarios_podcast_usuario VALUES ('comment_165_4_2', 'Earum praesentium iste esse.', '219328a1-cec6-4e8c-b003-52a3ec9766bb', 'usr_165');
INSERT INTO trabalho.comentarios_podcast_usuario VALUES ('comment_165_5_2', 'Quo illum dolores distinctio.', '219328a1-cec6-4e8c-b003-52a3ec9766bb', 'usr_165');
INSERT INTO trabalho.log_acesso VALUES ('log_165_0_2', '219328a1-cec6-4e8c-b003-52a3ec9766bb', 'usr_165');
INSERT INTO trabalho.log_acesso VALUES ('log_165_1_2', '219328a1-cec6-4e8c-b003-52a3ec9766bb', 'usr_165');
INSERT INTO trabalho.log_acesso VALUES ('log_165_2_2', '219328a1-cec6-4e8c-b003-52a3ec9766bb', 'usr_165');
INSERT INTO trabalho.usuario VALUES ('usr_166', '166_Davi.Souza@hotmail.com', 'Davi Souza', 'male', 48, 'password', 'Irlanda');
INSERT INTO trabalho.usuario_esta_inscrito_no_podcast VALUES (3, 'fa3abe16-3645-4d22-a01d-893e6f20c408', 'usr_166');
INSERT INTO trabalho.comentarios_podcast_usuario VALUES ('comment_166_0_0', 'Iusto voluptas expedita recusandae.', 'fa3abe16-3645-4d22-a01d-893e6f20c408', 'usr_166');
INSERT INTO trabalho.comentarios_podcast_usuario VALUES ('comment_166_1_0', 'Id perspiciatis ut sint.', 'fa3abe16-3645-4d22-a01d-893e6f20c408', 'usr_166');
INSERT INTO trabalho.log_acesso VALUES ('log_166_0_0', 'fa3abe16-3645-4d22-a01d-893e6f20c408', 'usr_166');
INSERT INTO trabalho.log_acesso VALUES ('log_166_1_0', 'fa3abe16-3645-4d22-a01d-893e6f20c408', 'usr_166');
INSERT INTO trabalho.log_acesso VALUES ('log_166_2_0', 'fa3abe16-3645-4d22-a01d-893e6f20c408', 'usr_166');
INSERT INTO trabalho.log_acesso VALUES ('log_166_3_0', 'fa3abe16-3645-4d22-a01d-893e6f20c408', 'usr_166');
INSERT INTO trabalho.log_acesso VALUES ('log_166_4_0', 'fa3abe16-3645-4d22-a01d-893e6f20c408', 'usr_166');
INSERT INTO trabalho.log_acesso VALUES ('log_166_5_0', 'fa3abe16-3645-4d22-a01d-893e6f20c408', 'usr_166');
INSERT INTO trabalho.usuario_esta_inscrito_no_podcast VALUES (1, 'c58b280a-56d4-4ad8-8c85-730e4ea86361', 'usr_166');
INSERT INTO trabalho.comentarios_podcast_usuario VALUES ('comment_166_0_1', 'Voluptatem dignissimos dolorem nobis deleniti consectetur non.', 'c58b280a-56d4-4ad8-8c85-730e4ea86361', 'usr_166');
INSERT INTO trabalho.comentarios_podcast_usuario VALUES ('comment_166_1_1', 'Rem omnis et.', 'c58b280a-56d4-4ad8-8c85-730e4ea86361', 'usr_166');
INSERT INTO trabalho.log_acesso VALUES ('log_166_0_1', 'c58b280a-56d4-4ad8-8c85-730e4ea86361', 'usr_166');
INSERT INTO trabalho.log_acesso VALUES ('log_166_1_1', 'c58b280a-56d4-4ad8-8c85-730e4ea86361', 'usr_166');
INSERT INTO trabalho.log_acesso VALUES ('log_166_2_1', 'c58b280a-56d4-4ad8-8c85-730e4ea86361', 'usr_166');
INSERT INTO trabalho.usuario_esta_inscrito_no_podcast VALUES (5, '219328a1-cec6-4e8c-b003-52a3ec9766bb', 'usr_166');
INSERT INTO trabalho.comentarios_podcast_usuario VALUES ('comment_166_0_2', 'Aperiam culpa et omnis excepturi quidem.', '219328a1-cec6-4e8c-b003-52a3ec9766bb', 'usr_166');
INSERT INTO trabalho.comentarios_podcast_usuario VALUES ('comment_166_1_2', 'Dicta voluptatem rerum blanditiis aut eos dolore.', '219328a1-cec6-4e8c-b003-52a3ec9766bb', 'usr_166');
INSERT INTO trabalho.comentarios_podcast_usuario VALUES ('comment_166_2_2', 'Deleniti autem voluptatem labore officiis consequatur vel suscipit itaque.', '219328a1-cec6-4e8c-b003-52a3ec9766bb', 'usr_166');
INSERT INTO trabalho.comentarios_podcast_usuario VALUES ('comment_166_3_2', 'Corporis aspernatur commodi sapiente aut consequuntur.', '219328a1-cec6-4e8c-b003-52a3ec9766bb', 'usr_166');
INSERT INTO trabalho.log_acesso VALUES ('log_166_0_2', '219328a1-cec6-4e8c-b003-52a3ec9766bb', 'usr_166');
INSERT INTO trabalho.usuario VALUES ('usr_167', '167_Antonella.Costa55@yahoo.com', 'Antonella Costa', 'female', 47, 'password', 'Quênia');
INSERT INTO trabalho.usuario_esta_inscrito_no_podcast VALUES (0, 'b553d865-8fe2-47de-9a30-10e1dea3bd1d', 'usr_167');
INSERT INTO trabalho.comentarios_podcast_usuario VALUES ('comment_167_0_0', 'Fugiat recusandae suscipit distinctio nisi occaecati.', 'b553d865-8fe2-47de-9a30-10e1dea3bd1d', 'usr_167');
INSERT INTO trabalho.comentarios_podcast_usuario VALUES ('comment_167_1_0', 'Id ipsum molestiae non itaque est modi quam possimus.', 'b553d865-8fe2-47de-9a30-10e1dea3bd1d', 'usr_167');
INSERT INTO trabalho.log_acesso VALUES ('log_167_0_0', 'b553d865-8fe2-47de-9a30-10e1dea3bd1d', 'usr_167');
INSERT INTO trabalho.log_acesso VALUES ('log_167_1_0', 'b553d865-8fe2-47de-9a30-10e1dea3bd1d', 'usr_167');
INSERT INTO trabalho.log_acesso VALUES ('log_167_2_0', 'b553d865-8fe2-47de-9a30-10e1dea3bd1d', 'usr_167');
INSERT INTO trabalho.log_acesso VALUES ('log_167_3_0', 'b553d865-8fe2-47de-9a30-10e1dea3bd1d', 'usr_167');
INSERT INTO trabalho.usuario_esta_inscrito_no_podcast VALUES (2, '5bdf7377-8330-4f9f-8efd-e95301c122ce', 'usr_167');
INSERT INTO trabalho.comentarios_podcast_usuario VALUES ('comment_167_0_1', 'Dolores aut vel.', '5bdf7377-8330-4f9f-8efd-e95301c122ce', 'usr_167');
INSERT INTO trabalho.comentarios_podcast_usuario VALUES ('comment_167_1_1', 'Aut unde quia dolores.', '5bdf7377-8330-4f9f-8efd-e95301c122ce', 'usr_167');
INSERT INTO trabalho.comentarios_podcast_usuario VALUES ('comment_167_2_1', 'Nostrum sit tenetur.', '5bdf7377-8330-4f9f-8efd-e95301c122ce', 'usr_167');
INSERT INTO trabalho.log_acesso VALUES ('log_167_0_1', '5bdf7377-8330-4f9f-8efd-e95301c122ce', 'usr_167');
INSERT INTO trabalho.log_acesso VALUES ('log_167_1_1', '5bdf7377-8330-4f9f-8efd-e95301c122ce', 'usr_167');
INSERT INTO trabalho.log_acesso VALUES ('log_167_2_1', '5bdf7377-8330-4f9f-8efd-e95301c122ce', 'usr_167');
INSERT INTO trabalho.log_acesso VALUES ('log_167_3_1', '5bdf7377-8330-4f9f-8efd-e95301c122ce', 'usr_167');
INSERT INTO trabalho.usuario_esta_inscrito_no_podcast VALUES (3, 'f0166bd2-8e4d-4308-b5d7-0b3d627c5dc5', 'usr_167');
INSERT INTO trabalho.comentarios_podcast_usuario VALUES ('comment_167_0_2', 'Rerum ipsa recusandae quidem repellat exercitationem porro.', 'f0166bd2-8e4d-4308-b5d7-0b3d627c5dc5', 'usr_167');
INSERT INTO trabalho.comentarios_podcast_usuario VALUES ('comment_167_1_2', 'Inventore voluptas quis nostrum tenetur aut eaque.', 'f0166bd2-8e4d-4308-b5d7-0b3d627c5dc5', 'usr_167');
INSERT INTO trabalho.comentarios_podcast_usuario VALUES ('comment_167_2_2', 'Voluptatum qui ab minus.', 'f0166bd2-8e4d-4308-b5d7-0b3d627c5dc5', 'usr_167');
INSERT INTO trabalho.comentarios_podcast_usuario VALUES ('comment_167_3_2', 'Amet totam sed at doloribus et culpa qui consectetur.', 'f0166bd2-8e4d-4308-b5d7-0b3d627c5dc5', 'usr_167');
INSERT INTO trabalho.log_acesso VALUES ('log_167_0_2', 'f0166bd2-8e4d-4308-b5d7-0b3d627c5dc5', 'usr_167');
INSERT INTO trabalho.log_acesso VALUES ('log_167_1_2', 'f0166bd2-8e4d-4308-b5d7-0b3d627c5dc5', 'usr_167');
INSERT INTO trabalho.log_acesso VALUES ('log_167_2_2', 'f0166bd2-8e4d-4308-b5d7-0b3d627c5dc5', 'usr_167');
INSERT INTO trabalho.log_acesso VALUES ('log_167_3_2', 'f0166bd2-8e4d-4308-b5d7-0b3d627c5dc5', 'usr_167');
INSERT INTO trabalho.log_acesso VALUES ('log_167_4_2', 'f0166bd2-8e4d-4308-b5d7-0b3d627c5dc5', 'usr_167');
INSERT INTO trabalho.usuario VALUES ('usr_168', '168_Csar11@live.com', 'César Carvalho', 'male', 15, 'password', 'Guadalupe');
INSERT INTO trabalho.usuario_esta_inscrito_no_podcast VALUES (2, '7e429e8e-7669-403d-bb78-3cd7f9f75afd', 'usr_168');
INSERT INTO trabalho.comentarios_podcast_usuario VALUES ('comment_168_0_0', 'Mollitia accusantium impedit ab voluptas quae velit vel dolores libero.', '7e429e8e-7669-403d-bb78-3cd7f9f75afd', 'usr_168');
INSERT INTO trabalho.comentarios_podcast_usuario VALUES ('comment_168_1_0', 'Doloremque sed aliquid sunt aut aut.', '7e429e8e-7669-403d-bb78-3cd7f9f75afd', 'usr_168');
INSERT INTO trabalho.comentarios_podcast_usuario VALUES ('comment_168_2_0', 'Consequatur voluptates ab molestias architecto voluptatibus nam nobis.', '7e429e8e-7669-403d-bb78-3cd7f9f75afd', 'usr_168');
INSERT INTO trabalho.log_acesso VALUES ('log_168_0_0', '7e429e8e-7669-403d-bb78-3cd7f9f75afd', 'usr_168');
INSERT INTO trabalho.log_acesso VALUES ('log_168_1_0', '7e429e8e-7669-403d-bb78-3cd7f9f75afd', 'usr_168');
INSERT INTO trabalho.log_acesso VALUES ('log_168_2_0', '7e429e8e-7669-403d-bb78-3cd7f9f75afd', 'usr_168');
INSERT INTO trabalho.log_acesso VALUES ('log_168_3_0', '7e429e8e-7669-403d-bb78-3cd7f9f75afd', 'usr_168');
INSERT INTO trabalho.log_acesso VALUES ('log_168_4_0', '7e429e8e-7669-403d-bb78-3cd7f9f75afd', 'usr_168');
INSERT INTO trabalho.usuario_esta_inscrito_no_podcast VALUES (3, 'de2f0ddb-9903-436a-a5e2-54224254c818', 'usr_168');
INSERT INTO trabalho.comentarios_podcast_usuario VALUES ('comment_168_0_1', 'Sit aut tenetur est.', 'de2f0ddb-9903-436a-a5e2-54224254c818', 'usr_168');
INSERT INTO trabalho.comentarios_podcast_usuario VALUES ('comment_168_1_1', 'Et et et.', 'de2f0ddb-9903-436a-a5e2-54224254c818', 'usr_168');
INSERT INTO trabalho.comentarios_podcast_usuario VALUES ('comment_168_2_1', 'Dolor et natus quia aspernatur non quis iusto.', 'de2f0ddb-9903-436a-a5e2-54224254c818', 'usr_168');
INSERT INTO trabalho.log_acesso VALUES ('log_168_0_1', 'de2f0ddb-9903-436a-a5e2-54224254c818', 'usr_168');
INSERT INTO trabalho.log_acesso VALUES ('log_168_1_1', 'de2f0ddb-9903-436a-a5e2-54224254c818', 'usr_168');
INSERT INTO trabalho.log_acesso VALUES ('log_168_2_1', 'de2f0ddb-9903-436a-a5e2-54224254c818', 'usr_168');
INSERT INTO trabalho.log_acesso VALUES ('log_168_3_1', 'de2f0ddb-9903-436a-a5e2-54224254c818', 'usr_168');
INSERT INTO trabalho.log_acesso VALUES ('log_168_4_1', 'de2f0ddb-9903-436a-a5e2-54224254c818', 'usr_168');
INSERT INTO trabalho.usuario_esta_inscrito_no_podcast VALUES (0, 'af46a958-b921-47b6-9f87-5c4fdc68ea79', 'usr_168');
INSERT INTO trabalho.comentarios_podcast_usuario VALUES ('comment_168_0_2', 'Aut et harum.', 'af46a958-b921-47b6-9f87-5c4fdc68ea79', 'usr_168');
INSERT INTO trabalho.comentarios_podcast_usuario VALUES ('comment_168_1_2', 'Cumque provident corrupti ab impedit fugit deleniti.', 'af46a958-b921-47b6-9f87-5c4fdc68ea79', 'usr_168');
INSERT INTO trabalho.log_acesso VALUES ('log_168_0_2', 'af46a958-b921-47b6-9f87-5c4fdc68ea79', 'usr_168');
INSERT INTO trabalho.log_acesso VALUES ('log_168_1_2', 'af46a958-b921-47b6-9f87-5c4fdc68ea79', 'usr_168');
INSERT INTO trabalho.log_acesso VALUES ('log_168_2_2', 'af46a958-b921-47b6-9f87-5c4fdc68ea79', 'usr_168');
INSERT INTO trabalho.log_acesso VALUES ('log_168_3_2', 'af46a958-b921-47b6-9f87-5c4fdc68ea79', 'usr_168');
INSERT INTO trabalho.log_acesso VALUES ('log_168_4_2', 'af46a958-b921-47b6-9f87-5c4fdc68ea79', 'usr_168');
INSERT INTO trabalho.log_acesso VALUES ('log_168_5_2', 'af46a958-b921-47b6-9f87-5c4fdc68ea79', 'usr_168');
INSERT INTO trabalho.usuario VALUES ('usr_169', '169_Davi_Carvalho@bol.com.br', 'Davi Carvalho', 'male', 7, 'password', 'Mauritânia');
INSERT INTO trabalho.usuario_esta_inscrito_no_podcast VALUES (4, 'f1b92ce7-47a7-43cd-8586-4a09185cdd05', 'usr_169');
INSERT INTO trabalho.comentarios_podcast_usuario VALUES ('comment_169_0_0', 'Saepe aut voluptatibus voluptate ut amet quod reprehenderit soluta.', 'f1b92ce7-47a7-43cd-8586-4a09185cdd05', 'usr_169');
INSERT INTO trabalho.comentarios_podcast_usuario VALUES ('comment_169_1_0', 'Quo labore voluptatem.', 'f1b92ce7-47a7-43cd-8586-4a09185cdd05', 'usr_169');
INSERT INTO trabalho.comentarios_podcast_usuario VALUES ('comment_169_2_0', 'Minima dolor dicta.', 'f1b92ce7-47a7-43cd-8586-4a09185cdd05', 'usr_169');
INSERT INTO trabalho.log_acesso VALUES ('log_169_0_0', 'f1b92ce7-47a7-43cd-8586-4a09185cdd05', 'usr_169');
INSERT INTO trabalho.usuario_esta_inscrito_no_podcast VALUES (1, 'f8e13774-d631-4f34-93f0-2f5d55590265', 'usr_169');
INSERT INTO trabalho.comentarios_podcast_usuario VALUES ('comment_169_0_1', 'Aspernatur quia minima velit voluptatum.', 'f8e13774-d631-4f34-93f0-2f5d55590265', 'usr_169');
INSERT INTO trabalho.log_acesso VALUES ('log_169_0_1', 'f8e13774-d631-4f34-93f0-2f5d55590265', 'usr_169');
INSERT INTO trabalho.log_acesso VALUES ('log_169_1_1', 'f8e13774-d631-4f34-93f0-2f5d55590265', 'usr_169');
INSERT INTO trabalho.log_acesso VALUES ('log_169_2_1', 'f8e13774-d631-4f34-93f0-2f5d55590265', 'usr_169');
INSERT INTO trabalho.log_acesso VALUES ('log_169_3_1', 'f8e13774-d631-4f34-93f0-2f5d55590265', 'usr_169');
INSERT INTO trabalho.log_acesso VALUES ('log_169_4_1', 'f8e13774-d631-4f34-93f0-2f5d55590265', 'usr_169');
INSERT INTO trabalho.usuario_esta_inscrito_no_podcast VALUES (3, 'af46a958-b921-47b6-9f87-5c4fdc68ea79', 'usr_169');
INSERT INTO trabalho.comentarios_podcast_usuario VALUES ('comment_169_0_2', 'Praesentium amet blanditiis aut nisi.', 'af46a958-b921-47b6-9f87-5c4fdc68ea79', 'usr_169');
INSERT INTO trabalho.comentarios_podcast_usuario VALUES ('comment_169_1_2', 'Amet et enim dolorem illum qui.', 'af46a958-b921-47b6-9f87-5c4fdc68ea79', 'usr_169');
INSERT INTO trabalho.log_acesso VALUES ('log_169_0_2', 'af46a958-b921-47b6-9f87-5c4fdc68ea79', 'usr_169');
INSERT INTO trabalho.log_acesso VALUES ('log_169_1_2', 'af46a958-b921-47b6-9f87-5c4fdc68ea79', 'usr_169');
INSERT INTO trabalho.log_acesso VALUES ('log_169_2_2', 'af46a958-b921-47b6-9f87-5c4fdc68ea79', 'usr_169');
INSERT INTO trabalho.usuario VALUES ('usr_170', '170_Anthony_Silva84@gmail.com', 'Anthony Silva', 'male', 12, 'password', 'Montserrat');
INSERT INTO trabalho.usuario_esta_inscrito_no_podcast VALUES (4, 'fa3abe16-3645-4d22-a01d-893e6f20c408', 'usr_170');
INSERT INTO trabalho.comentarios_podcast_usuario VALUES ('comment_170_0_0', 'Aut molestiae aut autem.', 'fa3abe16-3645-4d22-a01d-893e6f20c408', 'usr_170');
INSERT INTO trabalho.comentarios_podcast_usuario VALUES ('comment_170_1_0', 'Amet ut ea magnam voluptatem rerum illo.', 'fa3abe16-3645-4d22-a01d-893e6f20c408', 'usr_170');
INSERT INTO trabalho.comentarios_podcast_usuario VALUES ('comment_170_2_0', 'Et dolor quos eligendi porro animi qui.', 'fa3abe16-3645-4d22-a01d-893e6f20c408', 'usr_170');
INSERT INTO trabalho.comentarios_podcast_usuario VALUES ('comment_170_3_0', 'Illum atque ab alias delectus modi quidem.', 'fa3abe16-3645-4d22-a01d-893e6f20c408', 'usr_170');
INSERT INTO trabalho.log_acesso VALUES ('log_170_0_0', 'fa3abe16-3645-4d22-a01d-893e6f20c408', 'usr_170');
INSERT INTO trabalho.log_acesso VALUES ('log_170_1_0', 'fa3abe16-3645-4d22-a01d-893e6f20c408', 'usr_170');
INSERT INTO trabalho.log_acesso VALUES ('log_170_2_0', 'fa3abe16-3645-4d22-a01d-893e6f20c408', 'usr_170');
INSERT INTO trabalho.usuario_esta_inscrito_no_podcast VALUES (4, 'f0166bd2-8e4d-4308-b5d7-0b3d627c5dc5', 'usr_170');
INSERT INTO trabalho.comentarios_podcast_usuario VALUES ('comment_170_0_1', 'Vitae nostrum ipsum eos aliquam mollitia consectetur id alias.', 'f0166bd2-8e4d-4308-b5d7-0b3d627c5dc5', 'usr_170');
INSERT INTO trabalho.comentarios_podcast_usuario VALUES ('comment_170_1_1', 'Accusantium praesentium ratione voluptatibus maxime et non officiis rerum possimus.', 'f0166bd2-8e4d-4308-b5d7-0b3d627c5dc5', 'usr_170');
INSERT INTO trabalho.comentarios_podcast_usuario VALUES ('comment_170_2_1', 'Laudantium quibusdam esse veniam dolorem et ratione sequi deserunt ea.', 'f0166bd2-8e4d-4308-b5d7-0b3d627c5dc5', 'usr_170');
INSERT INTO trabalho.log_acesso VALUES ('log_170_0_1', 'f0166bd2-8e4d-4308-b5d7-0b3d627c5dc5', 'usr_170');
INSERT INTO trabalho.log_acesso VALUES ('log_170_1_1', 'f0166bd2-8e4d-4308-b5d7-0b3d627c5dc5', 'usr_170');
INSERT INTO trabalho.usuario_esta_inscrito_no_podcast VALUES (5, 'f8e13774-d631-4f34-93f0-2f5d55590265', 'usr_170');
INSERT INTO trabalho.comentarios_podcast_usuario VALUES ('comment_170_0_2', 'Error beatae ducimus aut.', 'f8e13774-d631-4f34-93f0-2f5d55590265', 'usr_170');
INSERT INTO trabalho.comentarios_podcast_usuario VALUES ('comment_170_1_2', 'Accusamus eligendi in voluptatem aut numquam et ipsum animi dolor.', 'f8e13774-d631-4f34-93f0-2f5d55590265', 'usr_170');
INSERT INTO trabalho.comentarios_podcast_usuario VALUES ('comment_170_2_2', 'Quibusdam esse libero aperiam et.', 'f8e13774-d631-4f34-93f0-2f5d55590265', 'usr_170');
INSERT INTO trabalho.log_acesso VALUES ('log_170_0_2', 'f8e13774-d631-4f34-93f0-2f5d55590265', 'usr_170');
INSERT INTO trabalho.log_acesso VALUES ('log_170_1_2', 'f8e13774-d631-4f34-93f0-2f5d55590265', 'usr_170');
INSERT INTO trabalho.log_acesso VALUES ('log_170_2_2', 'f8e13774-d631-4f34-93f0-2f5d55590265', 'usr_170');
INSERT INTO trabalho.usuario VALUES ('usr_171', '171_MariaLuiza_Carvalho@bol.com.br', 'Maria Luiza Carvalho', 'female', 24, 'password', 'Bôsnia');
INSERT INTO trabalho.usuario_esta_inscrito_no_podcast VALUES (2, 'fa3abe16-3645-4d22-a01d-893e6f20c408', 'usr_171');
INSERT INTO trabalho.comentarios_podcast_usuario VALUES ('comment_171_0_0', 'Et nam nobis delectus velit aut dolor voluptas.', 'fa3abe16-3645-4d22-a01d-893e6f20c408', 'usr_171');
INSERT INTO trabalho.comentarios_podcast_usuario VALUES ('comment_171_1_0', 'Error illo eius.', 'fa3abe16-3645-4d22-a01d-893e6f20c408', 'usr_171');
INSERT INTO trabalho.log_acesso VALUES ('log_171_0_0', 'fa3abe16-3645-4d22-a01d-893e6f20c408', 'usr_171');
INSERT INTO trabalho.log_acesso VALUES ('log_171_1_0', 'fa3abe16-3645-4d22-a01d-893e6f20c408', 'usr_171');
INSERT INTO trabalho.log_acesso VALUES ('log_171_2_0', 'fa3abe16-3645-4d22-a01d-893e6f20c408', 'usr_171');
INSERT INTO trabalho.log_acesso VALUES ('log_171_3_0', 'fa3abe16-3645-4d22-a01d-893e6f20c408', 'usr_171');
INSERT INTO trabalho.log_acesso VALUES ('log_171_4_0', 'fa3abe16-3645-4d22-a01d-893e6f20c408', 'usr_171');
INSERT INTO trabalho.log_acesso VALUES ('log_171_5_0', 'fa3abe16-3645-4d22-a01d-893e6f20c408', 'usr_171');
INSERT INTO trabalho.usuario_esta_inscrito_no_podcast VALUES (4, '5bdf7377-8330-4f9f-8efd-e95301c122ce', 'usr_171');
INSERT INTO trabalho.comentarios_podcast_usuario VALUES ('comment_171_0_1', 'Enim deserunt sunt neque ut natus.', '5bdf7377-8330-4f9f-8efd-e95301c122ce', 'usr_171');
INSERT INTO trabalho.log_acesso VALUES ('log_171_0_1', '5bdf7377-8330-4f9f-8efd-e95301c122ce', 'usr_171');
INSERT INTO trabalho.log_acesso VALUES ('log_171_1_1', '5bdf7377-8330-4f9f-8efd-e95301c122ce', 'usr_171');
INSERT INTO trabalho.log_acesso VALUES ('log_171_2_1', '5bdf7377-8330-4f9f-8efd-e95301c122ce', 'usr_171');
INSERT INTO trabalho.usuario_esta_inscrito_no_podcast VALUES (4, 'f8e13774-d631-4f34-93f0-2f5d55590265', 'usr_171');
INSERT INTO trabalho.comentarios_podcast_usuario VALUES ('comment_171_0_2', 'Omnis explicabo quaerat quae ipsa sit totam mollitia exercitationem.', 'f8e13774-d631-4f34-93f0-2f5d55590265', 'usr_171');
INSERT INTO trabalho.comentarios_podcast_usuario VALUES ('comment_171_1_2', 'Autem quibusdam dignissimos nulla tempora libero.', 'f8e13774-d631-4f34-93f0-2f5d55590265', 'usr_171');
INSERT INTO trabalho.comentarios_podcast_usuario VALUES ('comment_171_2_2', 'Quae rerum ut aliquam.', 'f8e13774-d631-4f34-93f0-2f5d55590265', 'usr_171');
INSERT INTO trabalho.log_acesso VALUES ('log_171_0_2', 'f8e13774-d631-4f34-93f0-2f5d55590265', 'usr_171');
INSERT INTO trabalho.log_acesso VALUES ('log_171_1_2', 'f8e13774-d631-4f34-93f0-2f5d55590265', 'usr_171');
INSERT INTO trabalho.usuario VALUES ('usr_172', '172_Benjamin_Moraes@live.com', 'Benjamin Moraes', 'male', 15, 'password', 'China');
INSERT INTO trabalho.usuario_esta_inscrito_no_podcast VALUES (0, 'c58b280a-56d4-4ad8-8c85-730e4ea86361', 'usr_172');
INSERT INTO trabalho.comentarios_podcast_usuario VALUES ('comment_172_0_0', 'Nostrum aliquam ut.', 'c58b280a-56d4-4ad8-8c85-730e4ea86361', 'usr_172');
INSERT INTO trabalho.log_acesso VALUES ('log_172_0_0', 'c58b280a-56d4-4ad8-8c85-730e4ea86361', 'usr_172');
INSERT INTO trabalho.usuario_esta_inscrito_no_podcast VALUES (1, '67074e68-bc2f-442b-8af2-7d328b6af6eb', 'usr_172');
INSERT INTO trabalho.comentarios_podcast_usuario VALUES ('comment_172_0_1', 'Aut non cupiditate laborum aut voluptatem voluptatem porro.', '67074e68-bc2f-442b-8af2-7d328b6af6eb', 'usr_172');
INSERT INTO trabalho.comentarios_podcast_usuario VALUES ('comment_172_1_1', 'Eos earum repudiandae consequuntur nemo iure nisi.', '67074e68-bc2f-442b-8af2-7d328b6af6eb', 'usr_172');
INSERT INTO trabalho.comentarios_podcast_usuario VALUES ('comment_172_2_1', 'Repellat ut similique iste.', '67074e68-bc2f-442b-8af2-7d328b6af6eb', 'usr_172');
INSERT INTO trabalho.comentarios_podcast_usuario VALUES ('comment_172_3_1', 'Nihil aut impedit at odio sed.', '67074e68-bc2f-442b-8af2-7d328b6af6eb', 'usr_172');
INSERT INTO trabalho.comentarios_podcast_usuario VALUES ('comment_172_4_1', 'Velit perspiciatis dignissimos perferendis sed sed.', '67074e68-bc2f-442b-8af2-7d328b6af6eb', 'usr_172');
INSERT INTO trabalho.comentarios_podcast_usuario VALUES ('comment_172_5_1', 'Ipsa rem ab.', '67074e68-bc2f-442b-8af2-7d328b6af6eb', 'usr_172');
INSERT INTO trabalho.log_acesso VALUES ('log_172_0_1', '67074e68-bc2f-442b-8af2-7d328b6af6eb', 'usr_172');
INSERT INTO trabalho.log_acesso VALUES ('log_172_1_1', '67074e68-bc2f-442b-8af2-7d328b6af6eb', 'usr_172');
INSERT INTO trabalho.log_acesso VALUES ('log_172_2_1', '67074e68-bc2f-442b-8af2-7d328b6af6eb', 'usr_172');
INSERT INTO trabalho.usuario_esta_inscrito_no_podcast VALUES (1, 'f0166bd2-8e4d-4308-b5d7-0b3d627c5dc5', 'usr_172');
INSERT INTO trabalho.comentarios_podcast_usuario VALUES ('comment_172_0_2', 'Est consequatur optio maxime laboriosam natus.', 'f0166bd2-8e4d-4308-b5d7-0b3d627c5dc5', 'usr_172');
INSERT INTO trabalho.comentarios_podcast_usuario VALUES ('comment_172_1_2', 'Consequatur est et similique eius commodi.', 'f0166bd2-8e4d-4308-b5d7-0b3d627c5dc5', 'usr_172');
INSERT INTO trabalho.comentarios_podcast_usuario VALUES ('comment_172_2_2', 'Amet unde perspiciatis exercitationem et est.', 'f0166bd2-8e4d-4308-b5d7-0b3d627c5dc5', 'usr_172');
INSERT INTO trabalho.comentarios_podcast_usuario VALUES ('comment_172_3_2', 'Eius dolores et quam optio et ullam sint quaerat nihil.', 'f0166bd2-8e4d-4308-b5d7-0b3d627c5dc5', 'usr_172');
INSERT INTO trabalho.log_acesso VALUES ('log_172_0_2', 'f0166bd2-8e4d-4308-b5d7-0b3d627c5dc5', 'usr_172');
INSERT INTO trabalho.log_acesso VALUES ('log_172_1_2', 'f0166bd2-8e4d-4308-b5d7-0b3d627c5dc5', 'usr_172');
INSERT INTO trabalho.log_acesso VALUES ('log_172_2_2', 'f0166bd2-8e4d-4308-b5d7-0b3d627c5dc5', 'usr_172');
INSERT INTO trabalho.usuario VALUES ('usr_173', '173_Gustavo20@live.com', 'Gustavo Martins', 'male', 50, 'password', 'São Pedro e Miquelão');
INSERT INTO trabalho.usuario_esta_inscrito_no_podcast VALUES (5, 'de2f0ddb-9903-436a-a5e2-54224254c818', 'usr_173');
INSERT INTO trabalho.comentarios_podcast_usuario VALUES ('comment_173_0_0', 'Qui consequatur totam.', 'de2f0ddb-9903-436a-a5e2-54224254c818', 'usr_173');
INSERT INTO trabalho.comentarios_podcast_usuario VALUES ('comment_173_1_0', 'Suscipit ut quaerat harum dignissimos praesentium.', 'de2f0ddb-9903-436a-a5e2-54224254c818', 'usr_173');
INSERT INTO trabalho.comentarios_podcast_usuario VALUES ('comment_173_2_0', 'Nisi quia soluta et nisi nam debitis omnis minus distinctio.', 'de2f0ddb-9903-436a-a5e2-54224254c818', 'usr_173');
INSERT INTO trabalho.comentarios_podcast_usuario VALUES ('comment_173_3_0', 'Modi deleniti ratione explicabo nihil est et accusamus culpa fugit.', 'de2f0ddb-9903-436a-a5e2-54224254c818', 'usr_173');
INSERT INTO trabalho.log_acesso VALUES ('log_173_0_0', 'de2f0ddb-9903-436a-a5e2-54224254c818', 'usr_173');
INSERT INTO trabalho.log_acesso VALUES ('log_173_1_0', 'de2f0ddb-9903-436a-a5e2-54224254c818', 'usr_173');
INSERT INTO trabalho.usuario_esta_inscrito_no_podcast VALUES (3, 'f0166bd2-8e4d-4308-b5d7-0b3d627c5dc5', 'usr_173');
INSERT INTO trabalho.comentarios_podcast_usuario VALUES ('comment_173_0_1', 'Et sunt nesciunt voluptates quo doloribus saepe ut est similique.', 'f0166bd2-8e4d-4308-b5d7-0b3d627c5dc5', 'usr_173');
INSERT INTO trabalho.comentarios_podcast_usuario VALUES ('comment_173_1_1', 'Excepturi consequatur ullam.', 'f0166bd2-8e4d-4308-b5d7-0b3d627c5dc5', 'usr_173');
INSERT INTO trabalho.log_acesso VALUES ('log_173_0_1', 'f0166bd2-8e4d-4308-b5d7-0b3d627c5dc5', 'usr_173');
INSERT INTO trabalho.log_acesso VALUES ('log_173_1_1', 'f0166bd2-8e4d-4308-b5d7-0b3d627c5dc5', 'usr_173');
INSERT INTO trabalho.usuario_esta_inscrito_no_podcast VALUES (2, 'bc8dac25-793c-4a96-aafc-4ea7020f4f60', 'usr_173');
INSERT INTO trabalho.comentarios_podcast_usuario VALUES ('comment_173_0_2', 'Animi perspiciatis et fuga hic sunt ab esse vitae in.', 'bc8dac25-793c-4a96-aafc-4ea7020f4f60', 'usr_173');
INSERT INTO trabalho.comentarios_podcast_usuario VALUES ('comment_173_1_2', 'Veritatis accusantium ratione voluptatibus error sequi rerum.', 'bc8dac25-793c-4a96-aafc-4ea7020f4f60', 'usr_173');
INSERT INTO trabalho.comentarios_podcast_usuario VALUES ('comment_173_2_2', 'Veritatis a porro veritatis et et itaque magnam.', 'bc8dac25-793c-4a96-aafc-4ea7020f4f60', 'usr_173');
INSERT INTO trabalho.log_acesso VALUES ('log_173_0_2', 'bc8dac25-793c-4a96-aafc-4ea7020f4f60', 'usr_173');
INSERT INTO trabalho.log_acesso VALUES ('log_173_1_2', 'bc8dac25-793c-4a96-aafc-4ea7020f4f60', 'usr_173');
INSERT INTO trabalho.log_acesso VALUES ('log_173_2_2', 'bc8dac25-793c-4a96-aafc-4ea7020f4f60', 'usr_173');
INSERT INTO trabalho.log_acesso VALUES ('log_173_3_2', 'bc8dac25-793c-4a96-aafc-4ea7020f4f60', 'usr_173');
INSERT INTO trabalho.log_acesso VALUES ('log_173_4_2', 'bc8dac25-793c-4a96-aafc-4ea7020f4f60', 'usr_173');
INSERT INTO trabalho.usuario VALUES ('usr_174', '174_Marli_Melo35@bol.com.br', 'Marli Melo', 'female', 12, 'password', 'Jersey');
INSERT INTO trabalho.usuario_esta_inscrito_no_podcast VALUES (2, 'af46a958-b921-47b6-9f87-5c4fdc68ea79', 'usr_174');
INSERT INTO trabalho.comentarios_podcast_usuario VALUES ('comment_174_0_0', 'Necessitatibus impedit autem quos.', 'af46a958-b921-47b6-9f87-5c4fdc68ea79', 'usr_174');
INSERT INTO trabalho.comentarios_podcast_usuario VALUES ('comment_174_1_0', 'Eaque ad porro qui sapiente unde culpa inventore sit in.', 'af46a958-b921-47b6-9f87-5c4fdc68ea79', 'usr_174');
INSERT INTO trabalho.log_acesso VALUES ('log_174_0_0', 'af46a958-b921-47b6-9f87-5c4fdc68ea79', 'usr_174');
INSERT INTO trabalho.log_acesso VALUES ('log_174_1_0', 'af46a958-b921-47b6-9f87-5c4fdc68ea79', 'usr_174');
INSERT INTO trabalho.log_acesso VALUES ('log_174_2_0', 'af46a958-b921-47b6-9f87-5c4fdc68ea79', 'usr_174');
INSERT INTO trabalho.log_acesso VALUES ('log_174_3_0', 'af46a958-b921-47b6-9f87-5c4fdc68ea79', 'usr_174');
INSERT INTO trabalho.usuario_esta_inscrito_no_podcast VALUES (1, 'de2f0ddb-9903-436a-a5e2-54224254c818', 'usr_174');
INSERT INTO trabalho.comentarios_podcast_usuario VALUES ('comment_174_0_1', 'Perferendis quo non est saepe est eius qui tempore debitis.', 'de2f0ddb-9903-436a-a5e2-54224254c818', 'usr_174');
INSERT INTO trabalho.comentarios_podcast_usuario VALUES ('comment_174_1_1', 'Assumenda commodi debitis impedit iste suscipit ullam.', 'de2f0ddb-9903-436a-a5e2-54224254c818', 'usr_174');
INSERT INTO trabalho.comentarios_podcast_usuario VALUES ('comment_174_2_1', 'Ut sit culpa aperiam quia dolorem.', 'de2f0ddb-9903-436a-a5e2-54224254c818', 'usr_174');
INSERT INTO trabalho.comentarios_podcast_usuario VALUES ('comment_174_3_1', 'Architecto perferendis harum quos qui.', 'de2f0ddb-9903-436a-a5e2-54224254c818', 'usr_174');
INSERT INTO trabalho.log_acesso VALUES ('log_174_0_1', 'de2f0ddb-9903-436a-a5e2-54224254c818', 'usr_174');
INSERT INTO trabalho.usuario_esta_inscrito_no_podcast VALUES (0, '7e429e8e-7669-403d-bb78-3cd7f9f75afd', 'usr_174');
INSERT INTO trabalho.comentarios_podcast_usuario VALUES ('comment_174_0_2', 'In laborum quas illum vel ipsum.', '7e429e8e-7669-403d-bb78-3cd7f9f75afd', 'usr_174');
INSERT INTO trabalho.comentarios_podcast_usuario VALUES ('comment_174_1_2', 'Enim impedit ut rerum accusamus aut tempore eum nobis.', '7e429e8e-7669-403d-bb78-3cd7f9f75afd', 'usr_174');
INSERT INTO trabalho.comentarios_podcast_usuario VALUES ('comment_174_2_2', 'Odit fugiat omnis sed voluptate eius provident ad.', '7e429e8e-7669-403d-bb78-3cd7f9f75afd', 'usr_174');
INSERT INTO trabalho.comentarios_podcast_usuario VALUES ('comment_174_3_2', 'Reiciendis quia delectus dignissimos beatae non.', '7e429e8e-7669-403d-bb78-3cd7f9f75afd', 'usr_174');
INSERT INTO trabalho.log_acesso VALUES ('log_174_0_2', '7e429e8e-7669-403d-bb78-3cd7f9f75afd', 'usr_174');
INSERT INTO trabalho.log_acesso VALUES ('log_174_1_2', '7e429e8e-7669-403d-bb78-3cd7f9f75afd', 'usr_174');
INSERT INTO trabalho.log_acesso VALUES ('log_174_2_2', '7e429e8e-7669-403d-bb78-3cd7f9f75afd', 'usr_174');
INSERT INTO trabalho.log_acesso VALUES ('log_174_3_2', '7e429e8e-7669-403d-bb78-3cd7f9f75afd', 'usr_174');
INSERT INTO trabalho.usuario VALUES ('usr_175', '175_Morgana28@hotmail.com', 'Morgana Melo', 'female', 12, 'password', 'Porto Rico');
INSERT INTO trabalho.usuario_esta_inscrito_no_podcast VALUES (4, 'c58b280a-56d4-4ad8-8c85-730e4ea86361', 'usr_175');
INSERT INTO trabalho.comentarios_podcast_usuario VALUES ('comment_175_0_0', 'Omnis molestiae omnis aut voluptatem dolores optio eum.', 'c58b280a-56d4-4ad8-8c85-730e4ea86361', 'usr_175');
INSERT INTO trabalho.comentarios_podcast_usuario VALUES ('comment_175_1_0', 'Aut vero numquam repudiandae necessitatibus eos earum voluptas itaque labore.', 'c58b280a-56d4-4ad8-8c85-730e4ea86361', 'usr_175');
INSERT INTO trabalho.log_acesso VALUES ('log_175_0_0', 'c58b280a-56d4-4ad8-8c85-730e4ea86361', 'usr_175');
INSERT INTO trabalho.log_acesso VALUES ('log_175_1_0', 'c58b280a-56d4-4ad8-8c85-730e4ea86361', 'usr_175');
INSERT INTO trabalho.usuario_esta_inscrito_no_podcast VALUES (2, 'b553d865-8fe2-47de-9a30-10e1dea3bd1d', 'usr_175');
INSERT INTO trabalho.comentarios_podcast_usuario VALUES ('comment_175_0_1', 'Blanditiis ut in esse quisquam sint debitis qui.', 'b553d865-8fe2-47de-9a30-10e1dea3bd1d', 'usr_175');
INSERT INTO trabalho.comentarios_podcast_usuario VALUES ('comment_175_1_1', 'Quia et eveniet eaque similique veniam deserunt eligendi deserunt.', 'b553d865-8fe2-47de-9a30-10e1dea3bd1d', 'usr_175');
INSERT INTO trabalho.log_acesso VALUES ('log_175_0_1', 'b553d865-8fe2-47de-9a30-10e1dea3bd1d', 'usr_175');
INSERT INTO trabalho.usuario_esta_inscrito_no_podcast VALUES (1, '67074e68-bc2f-442b-8af2-7d328b6af6eb', 'usr_175');
INSERT INTO trabalho.comentarios_podcast_usuario VALUES ('comment_175_0_2', 'Sunt et eligendi quod qui ut molestiae tenetur.', '67074e68-bc2f-442b-8af2-7d328b6af6eb', 'usr_175');
INSERT INTO trabalho.comentarios_podcast_usuario VALUES ('comment_175_1_2', 'Consectetur deserunt et et ad nesciunt facere.', '67074e68-bc2f-442b-8af2-7d328b6af6eb', 'usr_175');
INSERT INTO trabalho.comentarios_podcast_usuario VALUES ('comment_175_2_2', 'Asperiores quidem aspernatur expedita.', '67074e68-bc2f-442b-8af2-7d328b6af6eb', 'usr_175');
INSERT INTO trabalho.comentarios_podcast_usuario VALUES ('comment_175_3_2', 'Ut dolor laborum sint.', '67074e68-bc2f-442b-8af2-7d328b6af6eb', 'usr_175');
INSERT INTO trabalho.comentarios_podcast_usuario VALUES ('comment_175_4_2', 'Occaecati reprehenderit eum eum sunt veniam doloremque.', '67074e68-bc2f-442b-8af2-7d328b6af6eb', 'usr_175');
INSERT INTO trabalho.comentarios_podcast_usuario VALUES ('comment_175_5_2', 'Recusandae velit vero officiis numquam qui adipisci autem corrupti.', '67074e68-bc2f-442b-8af2-7d328b6af6eb', 'usr_175');
INSERT INTO trabalho.log_acesso VALUES ('log_175_0_2', '67074e68-bc2f-442b-8af2-7d328b6af6eb', 'usr_175');
INSERT INTO trabalho.log_acesso VALUES ('log_175_1_2', '67074e68-bc2f-442b-8af2-7d328b6af6eb', 'usr_175');
INSERT INTO trabalho.log_acesso VALUES ('log_175_2_2', '67074e68-bc2f-442b-8af2-7d328b6af6eb', 'usr_175');
INSERT INTO trabalho.log_acesso VALUES ('log_175_3_2', '67074e68-bc2f-442b-8af2-7d328b6af6eb', 'usr_175');
INSERT INTO trabalho.usuario VALUES ('usr_176', '176_Lavnia.Santos@live.com', 'Lavínia Santos', 'female', 16, 'password', 'Nova Zelândia');
INSERT INTO trabalho.usuario_esta_inscrito_no_podcast VALUES (2, '7e429e8e-7669-403d-bb78-3cd7f9f75afd', 'usr_176');
INSERT INTO trabalho.comentarios_podcast_usuario VALUES ('comment_176_0_0', 'Dolorem iusto aut tempore excepturi et.', '7e429e8e-7669-403d-bb78-3cd7f9f75afd', 'usr_176');
INSERT INTO trabalho.comentarios_podcast_usuario VALUES ('comment_176_1_0', 'Non consequuntur illo possimus et.', '7e429e8e-7669-403d-bb78-3cd7f9f75afd', 'usr_176');
INSERT INTO trabalho.comentarios_podcast_usuario VALUES ('comment_176_2_0', 'Ea exercitationem quam itaque eum.', '7e429e8e-7669-403d-bb78-3cd7f9f75afd', 'usr_176');
INSERT INTO trabalho.comentarios_podcast_usuario VALUES ('comment_176_3_0', 'Quod quia mollitia ipsam assumenda vel eaque in numquam.', '7e429e8e-7669-403d-bb78-3cd7f9f75afd', 'usr_176');
INSERT INTO trabalho.log_acesso VALUES ('log_176_0_0', '7e429e8e-7669-403d-bb78-3cd7f9f75afd', 'usr_176');
INSERT INTO trabalho.log_acesso VALUES ('log_176_1_0', '7e429e8e-7669-403d-bb78-3cd7f9f75afd', 'usr_176');
INSERT INTO trabalho.usuario_esta_inscrito_no_podcast VALUES (0, '5bdf7377-8330-4f9f-8efd-e95301c122ce', 'usr_176');
INSERT INTO trabalho.comentarios_podcast_usuario VALUES ('comment_176_0_1', 'Rerum rerum similique culpa eum minus necessitatibus odit quos.', '5bdf7377-8330-4f9f-8efd-e95301c122ce', 'usr_176');
INSERT INTO trabalho.comentarios_podcast_usuario VALUES ('comment_176_1_1', 'Iste reprehenderit ipsa.', '5bdf7377-8330-4f9f-8efd-e95301c122ce', 'usr_176');
INSERT INTO trabalho.log_acesso VALUES ('log_176_0_1', '5bdf7377-8330-4f9f-8efd-e95301c122ce', 'usr_176');
INSERT INTO trabalho.log_acesso VALUES ('log_176_1_1', '5bdf7377-8330-4f9f-8efd-e95301c122ce', 'usr_176');
INSERT INTO trabalho.usuario_esta_inscrito_no_podcast VALUES (1, 'f1b92ce7-47a7-43cd-8586-4a09185cdd05', 'usr_176');
INSERT INTO trabalho.comentarios_podcast_usuario VALUES ('comment_176_0_2', 'Non voluptates cumque facere sapiente accusantium quidem.', 'f1b92ce7-47a7-43cd-8586-4a09185cdd05', 'usr_176');
INSERT INTO trabalho.comentarios_podcast_usuario VALUES ('comment_176_1_2', 'Non iure officiis voluptates iste ducimus cupiditate error.', 'f1b92ce7-47a7-43cd-8586-4a09185cdd05', 'usr_176');
INSERT INTO trabalho.comentarios_podcast_usuario VALUES ('comment_176_2_2', 'Earum placeat doloribus nihil et autem velit.', 'f1b92ce7-47a7-43cd-8586-4a09185cdd05', 'usr_176');
INSERT INTO trabalho.log_acesso VALUES ('log_176_0_2', 'f1b92ce7-47a7-43cd-8586-4a09185cdd05', 'usr_176');
INSERT INTO trabalho.usuario VALUES ('usr_177', '177_Marcela87@yahoo.com', 'Marcela Saraiva', 'female', 56, 'password', 'Austrália');
INSERT INTO trabalho.usuario_esta_inscrito_no_podcast VALUES (1, '67074e68-bc2f-442b-8af2-7d328b6af6eb', 'usr_177');
INSERT INTO trabalho.comentarios_podcast_usuario VALUES ('comment_177_0_0', 'Ipsum officia suscipit dolore et maiores explicabo a impedit.', '67074e68-bc2f-442b-8af2-7d328b6af6eb', 'usr_177');
INSERT INTO trabalho.comentarios_podcast_usuario VALUES ('comment_177_1_0', 'Et optio vel sed beatae modi sapiente.', '67074e68-bc2f-442b-8af2-7d328b6af6eb', 'usr_177');
INSERT INTO trabalho.comentarios_podcast_usuario VALUES ('comment_177_2_0', 'Quae rem ipsum repellendus quis eveniet asperiores et.', '67074e68-bc2f-442b-8af2-7d328b6af6eb', 'usr_177');
INSERT INTO trabalho.comentarios_podcast_usuario VALUES ('comment_177_3_0', 'Et eos ratione enim.', '67074e68-bc2f-442b-8af2-7d328b6af6eb', 'usr_177');
INSERT INTO trabalho.log_acesso VALUES ('log_177_0_0', '67074e68-bc2f-442b-8af2-7d328b6af6eb', 'usr_177');
INSERT INTO trabalho.log_acesso VALUES ('log_177_1_0', '67074e68-bc2f-442b-8af2-7d328b6af6eb', 'usr_177');
INSERT INTO trabalho.usuario_esta_inscrito_no_podcast VALUES (1, '5bdf7377-8330-4f9f-8efd-e95301c122ce', 'usr_177');
INSERT INTO trabalho.comentarios_podcast_usuario VALUES ('comment_177_0_1', 'Ratione iure perspiciatis odit nulla qui.', '5bdf7377-8330-4f9f-8efd-e95301c122ce', 'usr_177');
INSERT INTO trabalho.comentarios_podcast_usuario VALUES ('comment_177_1_1', 'Odio sit qui veritatis corrupti adipisci necessitatibus dolores.', '5bdf7377-8330-4f9f-8efd-e95301c122ce', 'usr_177');
INSERT INTO trabalho.log_acesso VALUES ('log_177_0_1', '5bdf7377-8330-4f9f-8efd-e95301c122ce', 'usr_177');
INSERT INTO trabalho.log_acesso VALUES ('log_177_1_1', '5bdf7377-8330-4f9f-8efd-e95301c122ce', 'usr_177');
INSERT INTO trabalho.usuario_esta_inscrito_no_podcast VALUES (0, 'c58b280a-56d4-4ad8-8c85-730e4ea86361', 'usr_177');
INSERT INTO trabalho.comentarios_podcast_usuario VALUES ('comment_177_0_2', 'Deserunt et officiis accusamus laboriosam vel qui non quis.', 'c58b280a-56d4-4ad8-8c85-730e4ea86361', 'usr_177');
INSERT INTO trabalho.log_acesso VALUES ('log_177_0_2', 'c58b280a-56d4-4ad8-8c85-730e4ea86361', 'usr_177');
INSERT INTO trabalho.log_acesso VALUES ('log_177_1_2', 'c58b280a-56d4-4ad8-8c85-730e4ea86361', 'usr_177');
INSERT INTO trabalho.log_acesso VALUES ('log_177_2_2', 'c58b280a-56d4-4ad8-8c85-730e4ea86361', 'usr_177');
INSERT INTO trabalho.usuario VALUES ('usr_178', '178_Samuel48@bol.com.br', 'Samuel Macedo', 'male', 3, 'password', 'São Pedro e Miquelão');
INSERT INTO trabalho.usuario_esta_inscrito_no_podcast VALUES (5, '168c1536-4c42-4b8f-8c77-f06affefec6a', 'usr_178');
INSERT INTO trabalho.comentarios_podcast_usuario VALUES ('comment_178_0_0', 'Ut et et.', '168c1536-4c42-4b8f-8c77-f06affefec6a', 'usr_178');
INSERT INTO trabalho.log_acesso VALUES ('log_178_0_0', '168c1536-4c42-4b8f-8c77-f06affefec6a', 'usr_178');
INSERT INTO trabalho.log_acesso VALUES ('log_178_1_0', '168c1536-4c42-4b8f-8c77-f06affefec6a', 'usr_178');
INSERT INTO trabalho.usuario_esta_inscrito_no_podcast VALUES (4, '7e429e8e-7669-403d-bb78-3cd7f9f75afd', 'usr_178');
INSERT INTO trabalho.comentarios_podcast_usuario VALUES ('comment_178_0_1', 'Excepturi quaerat harum dolorum rerum ad.', '7e429e8e-7669-403d-bb78-3cd7f9f75afd', 'usr_178');
INSERT INTO trabalho.comentarios_podcast_usuario VALUES ('comment_178_1_1', 'Possimus quos occaecati eveniet consequatur vitae.', '7e429e8e-7669-403d-bb78-3cd7f9f75afd', 'usr_178');
INSERT INTO trabalho.comentarios_podcast_usuario VALUES ('comment_178_2_1', 'Adipisci placeat ullam vero voluptatem alias labore quia vel et.', '7e429e8e-7669-403d-bb78-3cd7f9f75afd', 'usr_178');
INSERT INTO trabalho.log_acesso VALUES ('log_178_0_1', '7e429e8e-7669-403d-bb78-3cd7f9f75afd', 'usr_178');
INSERT INTO trabalho.usuario_esta_inscrito_no_podcast VALUES (0, '67074e68-bc2f-442b-8af2-7d328b6af6eb', 'usr_178');
INSERT INTO trabalho.comentarios_podcast_usuario VALUES ('comment_178_0_2', 'Dolor voluptates error cupiditate.', '67074e68-bc2f-442b-8af2-7d328b6af6eb', 'usr_178');
INSERT INTO trabalho.comentarios_podcast_usuario VALUES ('comment_178_1_2', 'Sit enim in rerum beatae.', '67074e68-bc2f-442b-8af2-7d328b6af6eb', 'usr_178');
INSERT INTO trabalho.comentarios_podcast_usuario VALUES ('comment_178_2_2', 'Laudantium amet cupiditate.', '67074e68-bc2f-442b-8af2-7d328b6af6eb', 'usr_178');
INSERT INTO trabalho.log_acesso VALUES ('log_178_0_2', '67074e68-bc2f-442b-8af2-7d328b6af6eb', 'usr_178');
INSERT INTO trabalho.log_acesso VALUES ('log_178_1_2', '67074e68-bc2f-442b-8af2-7d328b6af6eb', 'usr_178');
INSERT INTO trabalho.log_acesso VALUES ('log_178_2_2', '67074e68-bc2f-442b-8af2-7d328b6af6eb', 'usr_178');
INSERT INTO trabalho.usuario VALUES ('usr_179', '179_Benjamin51@yahoo.com', 'Benjamin Melo', 'male', 23, 'password', 'Haiti');
INSERT INTO trabalho.usuario_esta_inscrito_no_podcast VALUES (3, '7e429e8e-7669-403d-bb78-3cd7f9f75afd', 'usr_179');
INSERT INTO trabalho.comentarios_podcast_usuario VALUES ('comment_179_0_0', 'Labore est qui velit nam sit dolorem voluptates cumque aut.', '7e429e8e-7669-403d-bb78-3cd7f9f75afd', 'usr_179');
INSERT INTO trabalho.comentarios_podcast_usuario VALUES ('comment_179_1_0', 'Officia quo voluptas voluptatem magni deleniti voluptatum esse.', '7e429e8e-7669-403d-bb78-3cd7f9f75afd', 'usr_179');
INSERT INTO trabalho.comentarios_podcast_usuario VALUES ('comment_179_2_0', 'Fugiat minima recusandae cum soluta sit.', '7e429e8e-7669-403d-bb78-3cd7f9f75afd', 'usr_179');
INSERT INTO trabalho.log_acesso VALUES ('log_179_0_0', '7e429e8e-7669-403d-bb78-3cd7f9f75afd', 'usr_179');
INSERT INTO trabalho.log_acesso VALUES ('log_179_1_0', '7e429e8e-7669-403d-bb78-3cd7f9f75afd', 'usr_179');
INSERT INTO trabalho.usuario_esta_inscrito_no_podcast VALUES (0, 'f1b92ce7-47a7-43cd-8586-4a09185cdd05', 'usr_179');
INSERT INTO trabalho.comentarios_podcast_usuario VALUES ('comment_179_0_1', 'Consectetur commodi neque explicabo qui cumque assumenda.', 'f1b92ce7-47a7-43cd-8586-4a09185cdd05', 'usr_179');
INSERT INTO trabalho.comentarios_podcast_usuario VALUES ('comment_179_1_1', 'Aperiam enim in.', 'f1b92ce7-47a7-43cd-8586-4a09185cdd05', 'usr_179');
INSERT INTO trabalho.comentarios_podcast_usuario VALUES ('comment_179_2_1', 'Qui unde ullam officia.', 'f1b92ce7-47a7-43cd-8586-4a09185cdd05', 'usr_179');
INSERT INTO trabalho.comentarios_podcast_usuario VALUES ('comment_179_3_1', 'Placeat dignissimos eius.', 'f1b92ce7-47a7-43cd-8586-4a09185cdd05', 'usr_179');
INSERT INTO trabalho.comentarios_podcast_usuario VALUES ('comment_179_4_1', 'Et repudiandae non voluptate est labore reiciendis odio laboriosam.', 'f1b92ce7-47a7-43cd-8586-4a09185cdd05', 'usr_179');
INSERT INTO trabalho.comentarios_podcast_usuario VALUES ('comment_179_5_1', 'Corporis adipisci ut dolorem eligendi enim.', 'f1b92ce7-47a7-43cd-8586-4a09185cdd05', 'usr_179');
INSERT INTO trabalho.log_acesso VALUES ('log_179_0_1', 'f1b92ce7-47a7-43cd-8586-4a09185cdd05', 'usr_179');
INSERT INTO trabalho.log_acesso VALUES ('log_179_1_1', 'f1b92ce7-47a7-43cd-8586-4a09185cdd05', 'usr_179');
INSERT INTO trabalho.log_acesso VALUES ('log_179_2_1', 'f1b92ce7-47a7-43cd-8586-4a09185cdd05', 'usr_179');
INSERT INTO trabalho.log_acesso VALUES ('log_179_3_1', 'f1b92ce7-47a7-43cd-8586-4a09185cdd05', 'usr_179');
INSERT INTO trabalho.usuario_esta_inscrito_no_podcast VALUES (2, 'b553d865-8fe2-47de-9a30-10e1dea3bd1d', 'usr_179');
INSERT INTO trabalho.comentarios_podcast_usuario VALUES ('comment_179_0_2', 'Laborum deleniti sapiente quia eos soluta praesentium quas.', 'b553d865-8fe2-47de-9a30-10e1dea3bd1d', 'usr_179');
INSERT INTO trabalho.comentarios_podcast_usuario VALUES ('comment_179_1_2', 'Vel quo quas voluptas consequatur.', 'b553d865-8fe2-47de-9a30-10e1dea3bd1d', 'usr_179');
INSERT INTO trabalho.comentarios_podcast_usuario VALUES ('comment_179_2_2', 'Maxime sapiente qui ex possimus unde quidem.', 'b553d865-8fe2-47de-9a30-10e1dea3bd1d', 'usr_179');
INSERT INTO trabalho.comentarios_podcast_usuario VALUES ('comment_179_3_2', 'Ab laboriosam veritatis qui distinctio qui.', 'b553d865-8fe2-47de-9a30-10e1dea3bd1d', 'usr_179');
INSERT INTO trabalho.log_acesso VALUES ('log_179_0_2', 'b553d865-8fe2-47de-9a30-10e1dea3bd1d', 'usr_179');
INSERT INTO trabalho.log_acesso VALUES ('log_179_1_2', 'b553d865-8fe2-47de-9a30-10e1dea3bd1d', 'usr_179');
INSERT INTO trabalho.log_acesso VALUES ('log_179_2_2', 'b553d865-8fe2-47de-9a30-10e1dea3bd1d', 'usr_179');
INSERT INTO trabalho.log_acesso VALUES ('log_179_3_2', 'b553d865-8fe2-47de-9a30-10e1dea3bd1d', 'usr_179');
INSERT INTO trabalho.log_acesso VALUES ('log_179_4_2', 'b553d865-8fe2-47de-9a30-10e1dea3bd1d', 'usr_179');
INSERT INTO trabalho.usuario VALUES ('usr_180', '180_Bernardo_Moraes@yahoo.com', 'Bernardo Moraes', 'male', 0, 'password', 'República Tcheca');
INSERT INTO trabalho.usuario_esta_inscrito_no_podcast VALUES (4, '67074e68-bc2f-442b-8af2-7d328b6af6eb', 'usr_180');
INSERT INTO trabalho.comentarios_podcast_usuario VALUES ('comment_180_0_0', 'Et vero numquam fugiat in.', '67074e68-bc2f-442b-8af2-7d328b6af6eb', 'usr_180');
INSERT INTO trabalho.log_acesso VALUES ('log_180_0_0', '67074e68-bc2f-442b-8af2-7d328b6af6eb', 'usr_180');
INSERT INTO trabalho.log_acesso VALUES ('log_180_1_0', '67074e68-bc2f-442b-8af2-7d328b6af6eb', 'usr_180');
INSERT INTO trabalho.usuario_esta_inscrito_no_podcast VALUES (2, 'c58b280a-56d4-4ad8-8c85-730e4ea86361', 'usr_180');
INSERT INTO trabalho.comentarios_podcast_usuario VALUES ('comment_180_0_1', 'Quia delectus sit.', 'c58b280a-56d4-4ad8-8c85-730e4ea86361', 'usr_180');
INSERT INTO trabalho.comentarios_podcast_usuario VALUES ('comment_180_1_1', 'Quod deserunt ipsa sed error tempora esse sint et iure.', 'c58b280a-56d4-4ad8-8c85-730e4ea86361', 'usr_180');
INSERT INTO trabalho.comentarios_podcast_usuario VALUES ('comment_180_2_1', 'Voluptatem labore minus quas maiores distinctio.', 'c58b280a-56d4-4ad8-8c85-730e4ea86361', 'usr_180');
INSERT INTO trabalho.log_acesso VALUES ('log_180_0_1', 'c58b280a-56d4-4ad8-8c85-730e4ea86361', 'usr_180');
INSERT INTO trabalho.log_acesso VALUES ('log_180_1_1', 'c58b280a-56d4-4ad8-8c85-730e4ea86361', 'usr_180');
INSERT INTO trabalho.log_acesso VALUES ('log_180_2_1', 'c58b280a-56d4-4ad8-8c85-730e4ea86361', 'usr_180');
INSERT INTO trabalho.log_acesso VALUES ('log_180_3_1', 'c58b280a-56d4-4ad8-8c85-730e4ea86361', 'usr_180');
INSERT INTO trabalho.usuario_esta_inscrito_no_podcast VALUES (0, 'af46a958-b921-47b6-9f87-5c4fdc68ea79', 'usr_180');
INSERT INTO trabalho.comentarios_podcast_usuario VALUES ('comment_180_0_2', 'Modi quae voluptate quisquam dolor.', 'af46a958-b921-47b6-9f87-5c4fdc68ea79', 'usr_180');
INSERT INTO trabalho.log_acesso VALUES ('log_180_0_2', 'af46a958-b921-47b6-9f87-5c4fdc68ea79', 'usr_180');
INSERT INTO trabalho.log_acesso VALUES ('log_180_1_2', 'af46a958-b921-47b6-9f87-5c4fdc68ea79', 'usr_180');
INSERT INTO trabalho.usuario VALUES ('usr_181', '181_Bencio32@live.com', 'Benício Franco', 'male', 54, 'password', 'Iêmen');
INSERT INTO trabalho.usuario_esta_inscrito_no_podcast VALUES (3, '7e429e8e-7669-403d-bb78-3cd7f9f75afd', 'usr_181');
INSERT INTO trabalho.comentarios_podcast_usuario VALUES ('comment_181_0_0', 'Et ut excepturi.', '7e429e8e-7669-403d-bb78-3cd7f9f75afd', 'usr_181');
INSERT INTO trabalho.comentarios_podcast_usuario VALUES ('comment_181_1_0', 'Voluptas et voluptatibus fugit praesentium.', '7e429e8e-7669-403d-bb78-3cd7f9f75afd', 'usr_181');
INSERT INTO trabalho.comentarios_podcast_usuario VALUES ('comment_181_2_0', 'Distinctio eos vero aut fugit rerum porro aut.', '7e429e8e-7669-403d-bb78-3cd7f9f75afd', 'usr_181');
INSERT INTO trabalho.log_acesso VALUES ('log_181_0_0', '7e429e8e-7669-403d-bb78-3cd7f9f75afd', 'usr_181');
INSERT INTO trabalho.log_acesso VALUES ('log_181_1_0', '7e429e8e-7669-403d-bb78-3cd7f9f75afd', 'usr_181');
INSERT INTO trabalho.log_acesso VALUES ('log_181_2_0', '7e429e8e-7669-403d-bb78-3cd7f9f75afd', 'usr_181');
INSERT INTO trabalho.usuario_esta_inscrito_no_podcast VALUES (4, 'f1b92ce7-47a7-43cd-8586-4a09185cdd05', 'usr_181');
INSERT INTO trabalho.comentarios_podcast_usuario VALUES ('comment_181_0_1', 'Placeat voluptatibus nobis aut itaque dolores dolores voluptatem consequatur non.', 'f1b92ce7-47a7-43cd-8586-4a09185cdd05', 'usr_181');
INSERT INTO trabalho.comentarios_podcast_usuario VALUES ('comment_181_1_1', 'Distinctio voluptas et voluptas veritatis.', 'f1b92ce7-47a7-43cd-8586-4a09185cdd05', 'usr_181');
INSERT INTO trabalho.comentarios_podcast_usuario VALUES ('comment_181_2_1', 'Et qui aut ut dignissimos magni dolorem aliquid minima.', 'f1b92ce7-47a7-43cd-8586-4a09185cdd05', 'usr_181');
INSERT INTO trabalho.log_acesso VALUES ('log_181_0_1', 'f1b92ce7-47a7-43cd-8586-4a09185cdd05', 'usr_181');
INSERT INTO trabalho.log_acesso VALUES ('log_181_1_1', 'f1b92ce7-47a7-43cd-8586-4a09185cdd05', 'usr_181');
INSERT INTO trabalho.log_acesso VALUES ('log_181_2_1', 'f1b92ce7-47a7-43cd-8586-4a09185cdd05', 'usr_181');
INSERT INTO trabalho.log_acesso VALUES ('log_181_3_1', 'f1b92ce7-47a7-43cd-8586-4a09185cdd05', 'usr_181');
INSERT INTO trabalho.log_acesso VALUES ('log_181_4_1', 'f1b92ce7-47a7-43cd-8586-4a09185cdd05', 'usr_181');
INSERT INTO trabalho.usuario_esta_inscrito_no_podcast VALUES (2, 'f8e13774-d631-4f34-93f0-2f5d55590265', 'usr_181');
INSERT INTO trabalho.comentarios_podcast_usuario VALUES ('comment_181_0_2', 'Consequatur ab aut vero et illum et deleniti praesentium totam.', 'f8e13774-d631-4f34-93f0-2f5d55590265', 'usr_181');
INSERT INTO trabalho.log_acesso VALUES ('log_181_0_2', 'f8e13774-d631-4f34-93f0-2f5d55590265', 'usr_181');
INSERT INTO trabalho.log_acesso VALUES ('log_181_1_2', 'f8e13774-d631-4f34-93f0-2f5d55590265', 'usr_181');
INSERT INTO trabalho.log_acesso VALUES ('log_181_2_2', 'f8e13774-d631-4f34-93f0-2f5d55590265', 'usr_181');
INSERT INTO trabalho.log_acesso VALUES ('log_181_3_2', 'f8e13774-d631-4f34-93f0-2f5d55590265', 'usr_181');
INSERT INTO trabalho.log_acesso VALUES ('log_181_4_2', 'f8e13774-d631-4f34-93f0-2f5d55590265', 'usr_181');
INSERT INTO trabalho.log_acesso VALUES ('log_181_5_2', 'f8e13774-d631-4f34-93f0-2f5d55590265', 'usr_181');
INSERT INTO trabalho.log_acesso VALUES ('log_181_6_2', 'f8e13774-d631-4f34-93f0-2f5d55590265', 'usr_181');
INSERT INTO trabalho.usuario VALUES ('usr_182', '182_Joaquim74@bol.com.br', 'Joaquim Batista', 'male', 1, 'password', 'Samoa');
INSERT INTO trabalho.usuario_esta_inscrito_no_podcast VALUES (4, '219328a1-cec6-4e8c-b003-52a3ec9766bb', 'usr_182');
INSERT INTO trabalho.comentarios_podcast_usuario VALUES ('comment_182_0_0', 'Ut commodi omnis atque.', '219328a1-cec6-4e8c-b003-52a3ec9766bb', 'usr_182');
INSERT INTO trabalho.comentarios_podcast_usuario VALUES ('comment_182_1_0', 'Adipisci dolor alias omnis eaque sunt illum.', '219328a1-cec6-4e8c-b003-52a3ec9766bb', 'usr_182');
INSERT INTO trabalho.comentarios_podcast_usuario VALUES ('comment_182_2_0', 'Quae aut dicta.', '219328a1-cec6-4e8c-b003-52a3ec9766bb', 'usr_182');
INSERT INTO trabalho.comentarios_podcast_usuario VALUES ('comment_182_3_0', 'Quis et ea exercitationem quam hic ut.', '219328a1-cec6-4e8c-b003-52a3ec9766bb', 'usr_182');
INSERT INTO trabalho.log_acesso VALUES ('log_182_0_0', '219328a1-cec6-4e8c-b003-52a3ec9766bb', 'usr_182');
INSERT INTO trabalho.log_acesso VALUES ('log_182_1_0', '219328a1-cec6-4e8c-b003-52a3ec9766bb', 'usr_182');
INSERT INTO trabalho.usuario_esta_inscrito_no_podcast VALUES (4, 'af46a958-b921-47b6-9f87-5c4fdc68ea79', 'usr_182');
INSERT INTO trabalho.comentarios_podcast_usuario VALUES ('comment_182_0_1', 'Tenetur quo facere repudiandae laboriosam ut sunt eligendi.', 'af46a958-b921-47b6-9f87-5c4fdc68ea79', 'usr_182');
INSERT INTO trabalho.comentarios_podcast_usuario VALUES ('comment_182_1_1', 'Eos voluptatem minus tempora delectus possimus.', 'af46a958-b921-47b6-9f87-5c4fdc68ea79', 'usr_182');
INSERT INTO trabalho.comentarios_podcast_usuario VALUES ('comment_182_2_1', 'Debitis sint sit.', 'af46a958-b921-47b6-9f87-5c4fdc68ea79', 'usr_182');
INSERT INTO trabalho.log_acesso VALUES ('log_182_0_1', 'af46a958-b921-47b6-9f87-5c4fdc68ea79', 'usr_182');
INSERT INTO trabalho.log_acesso VALUES ('log_182_1_1', 'af46a958-b921-47b6-9f87-5c4fdc68ea79', 'usr_182');
INSERT INTO trabalho.log_acesso VALUES ('log_182_2_1', 'af46a958-b921-47b6-9f87-5c4fdc68ea79', 'usr_182');
INSERT INTO trabalho.usuario_esta_inscrito_no_podcast VALUES (5, 'de2f0ddb-9903-436a-a5e2-54224254c818', 'usr_182');
INSERT INTO trabalho.comentarios_podcast_usuario VALUES ('comment_182_0_2', 'Quia fuga id reiciendis veritatis autem vel non.', 'de2f0ddb-9903-436a-a5e2-54224254c818', 'usr_182');
INSERT INTO trabalho.log_acesso VALUES ('log_182_0_2', 'de2f0ddb-9903-436a-a5e2-54224254c818', 'usr_182');
INSERT INTO trabalho.log_acesso VALUES ('log_182_1_2', 'de2f0ddb-9903-436a-a5e2-54224254c818', 'usr_182');
INSERT INTO trabalho.log_acesso VALUES ('log_182_2_2', 'de2f0ddb-9903-436a-a5e2-54224254c818', 'usr_182');
INSERT INTO trabalho.log_acesso VALUES ('log_182_3_2', 'de2f0ddb-9903-436a-a5e2-54224254c818', 'usr_182');
INSERT INTO trabalho.usuario VALUES ('usr_183', '183_Meire.Pereira8@yahoo.com', 'Meire Pereira', 'female', 41, 'password', 'El Salvador');
INSERT INTO trabalho.usuario_esta_inscrito_no_podcast VALUES (0, 'c58b280a-56d4-4ad8-8c85-730e4ea86361', 'usr_183');
INSERT INTO trabalho.comentarios_podcast_usuario VALUES ('comment_183_0_0', 'Fugiat ea animi natus animi.', 'c58b280a-56d4-4ad8-8c85-730e4ea86361', 'usr_183');
INSERT INTO trabalho.comentarios_podcast_usuario VALUES ('comment_183_1_0', 'Ullam tenetur ut est autem quia.', 'c58b280a-56d4-4ad8-8c85-730e4ea86361', 'usr_183');
INSERT INTO trabalho.comentarios_podcast_usuario VALUES ('comment_183_2_0', 'Quae tempora sint sit omnis similique adipisci.', 'c58b280a-56d4-4ad8-8c85-730e4ea86361', 'usr_183');
INSERT INTO trabalho.comentarios_podcast_usuario VALUES ('comment_183_3_0', 'Blanditiis tempora inventore voluptas amet repellat.', 'c58b280a-56d4-4ad8-8c85-730e4ea86361', 'usr_183');
INSERT INTO trabalho.comentarios_podcast_usuario VALUES ('comment_183_4_0', 'Ducimus ut in omnis minus sapiente ipsam voluptas qui.', 'c58b280a-56d4-4ad8-8c85-730e4ea86361', 'usr_183');
INSERT INTO trabalho.comentarios_podcast_usuario VALUES ('comment_183_5_0', 'Dolor quod exercitationem officia soluta.', 'c58b280a-56d4-4ad8-8c85-730e4ea86361', 'usr_183');
INSERT INTO trabalho.log_acesso VALUES ('log_183_0_0', 'c58b280a-56d4-4ad8-8c85-730e4ea86361', 'usr_183');
INSERT INTO trabalho.log_acesso VALUES ('log_183_1_0', 'c58b280a-56d4-4ad8-8c85-730e4ea86361', 'usr_183');
INSERT INTO trabalho.usuario_esta_inscrito_no_podcast VALUES (5, '219328a1-cec6-4e8c-b003-52a3ec9766bb', 'usr_183');
INSERT INTO trabalho.comentarios_podcast_usuario VALUES ('comment_183_0_1', 'Tempora dolore animi consequatur iusto qui quaerat totam repudiandae.', '219328a1-cec6-4e8c-b003-52a3ec9766bb', 'usr_183');
INSERT INTO trabalho.comentarios_podcast_usuario VALUES ('comment_183_1_1', 'Consequatur repudiandae facilis.', '219328a1-cec6-4e8c-b003-52a3ec9766bb', 'usr_183');
INSERT INTO trabalho.comentarios_podcast_usuario VALUES ('comment_183_2_1', 'Molestias provident est autem.', '219328a1-cec6-4e8c-b003-52a3ec9766bb', 'usr_183');
INSERT INTO trabalho.log_acesso VALUES ('log_183_0_1', '219328a1-cec6-4e8c-b003-52a3ec9766bb', 'usr_183');
INSERT INTO trabalho.log_acesso VALUES ('log_183_1_1', '219328a1-cec6-4e8c-b003-52a3ec9766bb', 'usr_183');
INSERT INTO trabalho.log_acesso VALUES ('log_183_2_1', '219328a1-cec6-4e8c-b003-52a3ec9766bb', 'usr_183');
INSERT INTO trabalho.usuario_esta_inscrito_no_podcast VALUES (1, '7e429e8e-7669-403d-bb78-3cd7f9f75afd', 'usr_183');
INSERT INTO trabalho.comentarios_podcast_usuario VALUES ('comment_183_0_2', 'Eum officiis sequi consequatur facilis aut sit delectus.', '7e429e8e-7669-403d-bb78-3cd7f9f75afd', 'usr_183');
INSERT INTO trabalho.comentarios_podcast_usuario VALUES ('comment_183_1_2', 'Odio sunt qui porro eum.', '7e429e8e-7669-403d-bb78-3cd7f9f75afd', 'usr_183');
INSERT INTO trabalho.comentarios_podcast_usuario VALUES ('comment_183_2_2', 'Facere et ipsum non eum repellendus soluta in voluptates.', '7e429e8e-7669-403d-bb78-3cd7f9f75afd', 'usr_183');
INSERT INTO trabalho.log_acesso VALUES ('log_183_0_2', '7e429e8e-7669-403d-bb78-3cd7f9f75afd', 'usr_183');
INSERT INTO trabalho.log_acesso VALUES ('log_183_1_2', '7e429e8e-7669-403d-bb78-3cd7f9f75afd', 'usr_183');
INSERT INTO trabalho.log_acesso VALUES ('log_183_2_2', '7e429e8e-7669-403d-bb78-3cd7f9f75afd', 'usr_183');
INSERT INTO trabalho.usuario VALUES ('usr_184', '184_MariaHelena.Pereira@live.com', 'Maria Helena Pereira', 'female', 41, 'password', 'Venezuela');
INSERT INTO trabalho.usuario_esta_inscrito_no_podcast VALUES (2, '168c1536-4c42-4b8f-8c77-f06affefec6a', 'usr_184');
INSERT INTO trabalho.comentarios_podcast_usuario VALUES ('comment_184_0_0', 'Voluptatibus nihil accusamus non enim atque nesciunt a nam.', '168c1536-4c42-4b8f-8c77-f06affefec6a', 'usr_184');
INSERT INTO trabalho.comentarios_podcast_usuario VALUES ('comment_184_1_0', 'Consectetur amet fugiat.', '168c1536-4c42-4b8f-8c77-f06affefec6a', 'usr_184');
INSERT INTO trabalho.log_acesso VALUES ('log_184_0_0', '168c1536-4c42-4b8f-8c77-f06affefec6a', 'usr_184');
INSERT INTO trabalho.log_acesso VALUES ('log_184_1_0', '168c1536-4c42-4b8f-8c77-f06affefec6a', 'usr_184');
INSERT INTO trabalho.log_acesso VALUES ('log_184_2_0', '168c1536-4c42-4b8f-8c77-f06affefec6a', 'usr_184');
INSERT INTO trabalho.log_acesso VALUES ('log_184_3_0', '168c1536-4c42-4b8f-8c77-f06affefec6a', 'usr_184');
INSERT INTO trabalho.log_acesso VALUES ('log_184_4_0', '168c1536-4c42-4b8f-8c77-f06affefec6a', 'usr_184');
INSERT INTO trabalho.usuario_esta_inscrito_no_podcast VALUES (3, 'f0166bd2-8e4d-4308-b5d7-0b3d627c5dc5', 'usr_184');
INSERT INTO trabalho.comentarios_podcast_usuario VALUES ('comment_184_0_1', 'Ipsam magni molestiae quo autem molestiae minus qui.', 'f0166bd2-8e4d-4308-b5d7-0b3d627c5dc5', 'usr_184');
INSERT INTO trabalho.comentarios_podcast_usuario VALUES ('comment_184_1_1', 'Ut quis quibusdam adipisci quo eos.', 'f0166bd2-8e4d-4308-b5d7-0b3d627c5dc5', 'usr_184');
INSERT INTO trabalho.comentarios_podcast_usuario VALUES ('comment_184_2_1', 'Assumenda repellat voluptas.', 'f0166bd2-8e4d-4308-b5d7-0b3d627c5dc5', 'usr_184');
INSERT INTO trabalho.comentarios_podcast_usuario VALUES ('comment_184_3_1', 'Harum voluptates ipsa enim velit error.', 'f0166bd2-8e4d-4308-b5d7-0b3d627c5dc5', 'usr_184');
INSERT INTO trabalho.log_acesso VALUES ('log_184_0_1', 'f0166bd2-8e4d-4308-b5d7-0b3d627c5dc5', 'usr_184');
INSERT INTO trabalho.log_acesso VALUES ('log_184_1_1', 'f0166bd2-8e4d-4308-b5d7-0b3d627c5dc5', 'usr_184');
INSERT INTO trabalho.log_acesso VALUES ('log_184_2_1', 'f0166bd2-8e4d-4308-b5d7-0b3d627c5dc5', 'usr_184');
INSERT INTO trabalho.log_acesso VALUES ('log_184_3_1', 'f0166bd2-8e4d-4308-b5d7-0b3d627c5dc5', 'usr_184');
INSERT INTO trabalho.log_acesso VALUES ('log_184_4_1', 'f0166bd2-8e4d-4308-b5d7-0b3d627c5dc5', 'usr_184');
INSERT INTO trabalho.log_acesso VALUES ('log_184_5_1', 'f0166bd2-8e4d-4308-b5d7-0b3d627c5dc5', 'usr_184');
INSERT INTO trabalho.usuario_esta_inscrito_no_podcast VALUES (5, '5bdf7377-8330-4f9f-8efd-e95301c122ce', 'usr_184');
INSERT INTO trabalho.comentarios_podcast_usuario VALUES ('comment_184_0_2', 'Delectus ea et amet.', '5bdf7377-8330-4f9f-8efd-e95301c122ce', 'usr_184');
INSERT INTO trabalho.comentarios_podcast_usuario VALUES ('comment_184_1_2', 'Doloremque praesentium nisi fuga iste eos quidem vero in.', '5bdf7377-8330-4f9f-8efd-e95301c122ce', 'usr_184');
INSERT INTO trabalho.comentarios_podcast_usuario VALUES ('comment_184_2_2', 'Minima assumenda dignissimos rerum quo ipsa eaque numquam.', '5bdf7377-8330-4f9f-8efd-e95301c122ce', 'usr_184');
INSERT INTO trabalho.comentarios_podcast_usuario VALUES ('comment_184_3_2', 'A alias numquam distinctio et dolorem veniam.', '5bdf7377-8330-4f9f-8efd-e95301c122ce', 'usr_184');
INSERT INTO trabalho.comentarios_podcast_usuario VALUES ('comment_184_4_2', 'Fugiat blanditiis dolores quod praesentium dolor a et quisquam dolor.', '5bdf7377-8330-4f9f-8efd-e95301c122ce', 'usr_184');
INSERT INTO trabalho.log_acesso VALUES ('log_184_0_2', '5bdf7377-8330-4f9f-8efd-e95301c122ce', 'usr_184');
INSERT INTO trabalho.log_acesso VALUES ('log_184_1_2', '5bdf7377-8330-4f9f-8efd-e95301c122ce', 'usr_184');
INSERT INTO trabalho.usuario VALUES ('usr_185', '185_Roberta.Xavier@gmail.com', 'Roberta Xavier', 'female', 44, 'password', 'Gana');
INSERT INTO trabalho.usuario_esta_inscrito_no_podcast VALUES (1, '5bdf7377-8330-4f9f-8efd-e95301c122ce', 'usr_185');
INSERT INTO trabalho.comentarios_podcast_usuario VALUES ('comment_185_0_0', 'Dolorum eius nemo ipsa sint omnis nobis distinctio.', '5bdf7377-8330-4f9f-8efd-e95301c122ce', 'usr_185');
INSERT INTO trabalho.comentarios_podcast_usuario VALUES ('comment_185_1_0', 'Necessitatibus eos eligendi.', '5bdf7377-8330-4f9f-8efd-e95301c122ce', 'usr_185');
INSERT INTO trabalho.log_acesso VALUES ('log_185_0_0', '5bdf7377-8330-4f9f-8efd-e95301c122ce', 'usr_185');
INSERT INTO trabalho.log_acesso VALUES ('log_185_1_0', '5bdf7377-8330-4f9f-8efd-e95301c122ce', 'usr_185');
INSERT INTO trabalho.log_acesso VALUES ('log_185_2_0', '5bdf7377-8330-4f9f-8efd-e95301c122ce', 'usr_185');
INSERT INTO trabalho.usuario_esta_inscrito_no_podcast VALUES (5, 'b553d865-8fe2-47de-9a30-10e1dea3bd1d', 'usr_185');
INSERT INTO trabalho.comentarios_podcast_usuario VALUES ('comment_185_0_1', 'Autem autem recusandae rerum dolorem quam.', 'b553d865-8fe2-47de-9a30-10e1dea3bd1d', 'usr_185');
INSERT INTO trabalho.comentarios_podcast_usuario VALUES ('comment_185_1_1', 'Non et adipisci.', 'b553d865-8fe2-47de-9a30-10e1dea3bd1d', 'usr_185');
INSERT INTO trabalho.log_acesso VALUES ('log_185_0_1', 'b553d865-8fe2-47de-9a30-10e1dea3bd1d', 'usr_185');
INSERT INTO trabalho.log_acesso VALUES ('log_185_1_1', 'b553d865-8fe2-47de-9a30-10e1dea3bd1d', 'usr_185');
INSERT INTO trabalho.log_acesso VALUES ('log_185_2_1', 'b553d865-8fe2-47de-9a30-10e1dea3bd1d', 'usr_185');
INSERT INTO trabalho.log_acesso VALUES ('log_185_3_1', 'b553d865-8fe2-47de-9a30-10e1dea3bd1d', 'usr_185');
INSERT INTO trabalho.log_acesso VALUES ('log_185_4_1', 'b553d865-8fe2-47de-9a30-10e1dea3bd1d', 'usr_185');
INSERT INTO trabalho.log_acesso VALUES ('log_185_5_1', 'b553d865-8fe2-47de-9a30-10e1dea3bd1d', 'usr_185');
INSERT INTO trabalho.usuario_esta_inscrito_no_podcast VALUES (4, '168c1536-4c42-4b8f-8c77-f06affefec6a', 'usr_185');
INSERT INTO trabalho.comentarios_podcast_usuario VALUES ('comment_185_0_2', 'Est eos unde nisi ea provident a culpa nihil.', '168c1536-4c42-4b8f-8c77-f06affefec6a', 'usr_185');
INSERT INTO trabalho.comentarios_podcast_usuario VALUES ('comment_185_1_2', 'Dicta eos sit non odit rerum quia harum consequatur quod.', '168c1536-4c42-4b8f-8c77-f06affefec6a', 'usr_185');
INSERT INTO trabalho.comentarios_podcast_usuario VALUES ('comment_185_2_2', 'Eveniet asperiores nesciunt repellat commodi ut sapiente similique.', '168c1536-4c42-4b8f-8c77-f06affefec6a', 'usr_185');
INSERT INTO trabalho.comentarios_podcast_usuario VALUES ('comment_185_3_2', 'In corrupti officia laboriosam labore facilis.', '168c1536-4c42-4b8f-8c77-f06affefec6a', 'usr_185');
INSERT INTO trabalho.comentarios_podcast_usuario VALUES ('comment_185_4_2', 'Error molestias animi saepe perferendis corporis inventore.', '168c1536-4c42-4b8f-8c77-f06affefec6a', 'usr_185');
INSERT INTO trabalho.log_acesso VALUES ('log_185_0_2', '168c1536-4c42-4b8f-8c77-f06affefec6a', 'usr_185');
INSERT INTO trabalho.log_acesso VALUES ('log_185_1_2', '168c1536-4c42-4b8f-8c77-f06affefec6a', 'usr_185');
INSERT INTO trabalho.usuario VALUES ('usr_186', '186_Lucas_Barros2@bol.com.br', 'Lucas Barros', 'male', 55, 'password', 'Suriname');
INSERT INTO trabalho.usuario_esta_inscrito_no_podcast VALUES (1, '168c1536-4c42-4b8f-8c77-f06affefec6a', 'usr_186');
INSERT INTO trabalho.comentarios_podcast_usuario VALUES ('comment_186_0_0', 'Praesentium voluptates labore vel.', '168c1536-4c42-4b8f-8c77-f06affefec6a', 'usr_186');
INSERT INTO trabalho.comentarios_podcast_usuario VALUES ('comment_186_1_0', 'Dignissimos qui qui eveniet.', '168c1536-4c42-4b8f-8c77-f06affefec6a', 'usr_186');
INSERT INTO trabalho.log_acesso VALUES ('log_186_0_0', '168c1536-4c42-4b8f-8c77-f06affefec6a', 'usr_186');
INSERT INTO trabalho.log_acesso VALUES ('log_186_1_0', '168c1536-4c42-4b8f-8c77-f06affefec6a', 'usr_186');
INSERT INTO trabalho.usuario_esta_inscrito_no_podcast VALUES (3, 'c58b280a-56d4-4ad8-8c85-730e4ea86361', 'usr_186');
INSERT INTO trabalho.comentarios_podcast_usuario VALUES ('comment_186_0_1', 'Exercitationem et sed officiis quae.', 'c58b280a-56d4-4ad8-8c85-730e4ea86361', 'usr_186');
INSERT INTO trabalho.comentarios_podcast_usuario VALUES ('comment_186_1_1', 'Enim quia sunt quibusdam.', 'c58b280a-56d4-4ad8-8c85-730e4ea86361', 'usr_186');
INSERT INTO trabalho.comentarios_podcast_usuario VALUES ('comment_186_2_1', 'Consectetur doloribus exercitationem ipsam.', 'c58b280a-56d4-4ad8-8c85-730e4ea86361', 'usr_186');
INSERT INTO trabalho.comentarios_podcast_usuario VALUES ('comment_186_3_1', 'Voluptas ut dolorum id.', 'c58b280a-56d4-4ad8-8c85-730e4ea86361', 'usr_186');
INSERT INTO trabalho.comentarios_podcast_usuario VALUES ('comment_186_4_1', 'Porro hic perspiciatis.', 'c58b280a-56d4-4ad8-8c85-730e4ea86361', 'usr_186');
INSERT INTO trabalho.log_acesso VALUES ('log_186_0_1', 'c58b280a-56d4-4ad8-8c85-730e4ea86361', 'usr_186');
INSERT INTO trabalho.log_acesso VALUES ('log_186_1_1', 'c58b280a-56d4-4ad8-8c85-730e4ea86361', 'usr_186');
INSERT INTO trabalho.usuario_esta_inscrito_no_podcast VALUES (1, '5bdf7377-8330-4f9f-8efd-e95301c122ce', 'usr_186');
INSERT INTO trabalho.comentarios_podcast_usuario VALUES ('comment_186_0_2', 'Qui minima sed voluptas.', '5bdf7377-8330-4f9f-8efd-e95301c122ce', 'usr_186');
INSERT INTO trabalho.comentarios_podcast_usuario VALUES ('comment_186_1_2', 'Autem numquam natus esse repudiandae facilis quis omnis nisi tempora.', '5bdf7377-8330-4f9f-8efd-e95301c122ce', 'usr_186');
INSERT INTO trabalho.comentarios_podcast_usuario VALUES ('comment_186_2_2', 'Commodi vitae nobis similique autem ab cum porro.', '5bdf7377-8330-4f9f-8efd-e95301c122ce', 'usr_186');
INSERT INTO trabalho.comentarios_podcast_usuario VALUES ('comment_186_3_2', 'Incidunt minus nemo maiores quia.', '5bdf7377-8330-4f9f-8efd-e95301c122ce', 'usr_186');
INSERT INTO trabalho.log_acesso VALUES ('log_186_0_2', '5bdf7377-8330-4f9f-8efd-e95301c122ce', 'usr_186');
INSERT INTO trabalho.log_acesso VALUES ('log_186_1_2', '5bdf7377-8330-4f9f-8efd-e95301c122ce', 'usr_186');
INSERT INTO trabalho.log_acesso VALUES ('log_186_2_2', '5bdf7377-8330-4f9f-8efd-e95301c122ce', 'usr_186');
INSERT INTO trabalho.log_acesso VALUES ('log_186_3_2', '5bdf7377-8330-4f9f-8efd-e95301c122ce', 'usr_186');
INSERT INTO trabalho.log_acesso VALUES ('log_186_4_2', '5bdf7377-8330-4f9f-8efd-e95301c122ce', 'usr_186');
INSERT INTO trabalho.usuario VALUES ('usr_187', '187_Giovanna79@bol.com.br', 'Giovanna Oliveira', 'female', 2, 'password', 'Tajiquistão');
INSERT INTO trabalho.usuario_esta_inscrito_no_podcast VALUES (4, 'fa3abe16-3645-4d22-a01d-893e6f20c408', 'usr_187');
INSERT INTO trabalho.comentarios_podcast_usuario VALUES ('comment_187_0_0', 'Aspernatur ut numquam ut illo voluptatibus modi natus sunt et.', 'fa3abe16-3645-4d22-a01d-893e6f20c408', 'usr_187');
INSERT INTO trabalho.comentarios_podcast_usuario VALUES ('comment_187_1_0', 'Porro consequatur vitae.', 'fa3abe16-3645-4d22-a01d-893e6f20c408', 'usr_187');
INSERT INTO trabalho.log_acesso VALUES ('log_187_0_0', 'fa3abe16-3645-4d22-a01d-893e6f20c408', 'usr_187');
INSERT INTO trabalho.log_acesso VALUES ('log_187_1_0', 'fa3abe16-3645-4d22-a01d-893e6f20c408', 'usr_187');
INSERT INTO trabalho.log_acesso VALUES ('log_187_2_0', 'fa3abe16-3645-4d22-a01d-893e6f20c408', 'usr_187');
INSERT INTO trabalho.usuario_esta_inscrito_no_podcast VALUES (2, 'f1b92ce7-47a7-43cd-8586-4a09185cdd05', 'usr_187');
INSERT INTO trabalho.comentarios_podcast_usuario VALUES ('comment_187_0_1', 'Et quis dignissimos.', 'f1b92ce7-47a7-43cd-8586-4a09185cdd05', 'usr_187');
INSERT INTO trabalho.log_acesso VALUES ('log_187_0_1', 'f1b92ce7-47a7-43cd-8586-4a09185cdd05', 'usr_187');
INSERT INTO trabalho.log_acesso VALUES ('log_187_1_1', 'f1b92ce7-47a7-43cd-8586-4a09185cdd05', 'usr_187');
INSERT INTO trabalho.log_acesso VALUES ('log_187_2_1', 'f1b92ce7-47a7-43cd-8586-4a09185cdd05', 'usr_187');
INSERT INTO trabalho.log_acesso VALUES ('log_187_3_1', 'f1b92ce7-47a7-43cd-8586-4a09185cdd05', 'usr_187');
INSERT INTO trabalho.usuario_esta_inscrito_no_podcast VALUES (4, 'de2f0ddb-9903-436a-a5e2-54224254c818', 'usr_187');
INSERT INTO trabalho.comentarios_podcast_usuario VALUES ('comment_187_0_2', 'Placeat perferendis accusamus consectetur.', 'de2f0ddb-9903-436a-a5e2-54224254c818', 'usr_187');
INSERT INTO trabalho.comentarios_podcast_usuario VALUES ('comment_187_1_2', 'Aut et deserunt quis perferendis impedit est ut ex qui.', 'de2f0ddb-9903-436a-a5e2-54224254c818', 'usr_187');
INSERT INTO trabalho.comentarios_podcast_usuario VALUES ('comment_187_2_2', 'Vel nihil dolores consequatur est aspernatur.', 'de2f0ddb-9903-436a-a5e2-54224254c818', 'usr_187');
INSERT INTO trabalho.log_acesso VALUES ('log_187_0_2', 'de2f0ddb-9903-436a-a5e2-54224254c818', 'usr_187');
INSERT INTO trabalho.log_acesso VALUES ('log_187_1_2', 'de2f0ddb-9903-436a-a5e2-54224254c818', 'usr_187');
INSERT INTO trabalho.log_acesso VALUES ('log_187_2_2', 'de2f0ddb-9903-436a-a5e2-54224254c818', 'usr_187');
INSERT INTO trabalho.log_acesso VALUES ('log_187_3_2', 'de2f0ddb-9903-436a-a5e2-54224254c818', 'usr_187');
INSERT INTO trabalho.usuario VALUES ('usr_188', '188_Benjamin_Carvalho57@live.com', 'Benjamin Carvalho', 'male', 41, 'password', 'Macedônia');
INSERT INTO trabalho.usuario_esta_inscrito_no_podcast VALUES (3, '168c1536-4c42-4b8f-8c77-f06affefec6a', 'usr_188');
INSERT INTO trabalho.comentarios_podcast_usuario VALUES ('comment_188_0_0', 'Illo tempora explicabo debitis pariatur perferendis quas.', '168c1536-4c42-4b8f-8c77-f06affefec6a', 'usr_188');
INSERT INTO trabalho.comentarios_podcast_usuario VALUES ('comment_188_1_0', 'Asperiores iste deleniti distinctio consequatur et.', '168c1536-4c42-4b8f-8c77-f06affefec6a', 'usr_188');
INSERT INTO trabalho.comentarios_podcast_usuario VALUES ('comment_188_2_0', 'Et non sit aut ut.', '168c1536-4c42-4b8f-8c77-f06affefec6a', 'usr_188');
INSERT INTO trabalho.log_acesso VALUES ('log_188_0_0', '168c1536-4c42-4b8f-8c77-f06affefec6a', 'usr_188');
INSERT INTO trabalho.log_acesso VALUES ('log_188_1_0', '168c1536-4c42-4b8f-8c77-f06affefec6a', 'usr_188');
INSERT INTO trabalho.log_acesso VALUES ('log_188_2_0', '168c1536-4c42-4b8f-8c77-f06affefec6a', 'usr_188');
INSERT INTO trabalho.usuario_esta_inscrito_no_podcast VALUES (1, '67074e68-bc2f-442b-8af2-7d328b6af6eb', 'usr_188');
INSERT INTO trabalho.comentarios_podcast_usuario VALUES ('comment_188_0_1', 'Quod est doloribus amet et eligendi minus quas.', '67074e68-bc2f-442b-8af2-7d328b6af6eb', 'usr_188');
INSERT INTO trabalho.comentarios_podcast_usuario VALUES ('comment_188_1_1', 'Id maiores quam aliquid sit.', '67074e68-bc2f-442b-8af2-7d328b6af6eb', 'usr_188');
INSERT INTO trabalho.comentarios_podcast_usuario VALUES ('comment_188_2_1', 'Assumenda odio aperiam qui nostrum eius sint.', '67074e68-bc2f-442b-8af2-7d328b6af6eb', 'usr_188');
INSERT INTO trabalho.comentarios_podcast_usuario VALUES ('comment_188_3_1', 'Molestias unde inventore sed rerum qui reiciendis non.', '67074e68-bc2f-442b-8af2-7d328b6af6eb', 'usr_188');
INSERT INTO trabalho.log_acesso VALUES ('log_188_0_1', '67074e68-bc2f-442b-8af2-7d328b6af6eb', 'usr_188');
INSERT INTO trabalho.log_acesso VALUES ('log_188_1_1', '67074e68-bc2f-442b-8af2-7d328b6af6eb', 'usr_188');
INSERT INTO trabalho.log_acesso VALUES ('log_188_2_1', '67074e68-bc2f-442b-8af2-7d328b6af6eb', 'usr_188');
INSERT INTO trabalho.log_acesso VALUES ('log_188_3_1', '67074e68-bc2f-442b-8af2-7d328b6af6eb', 'usr_188');
INSERT INTO trabalho.log_acesso VALUES ('log_188_4_1', '67074e68-bc2f-442b-8af2-7d328b6af6eb', 'usr_188');
INSERT INTO trabalho.usuario_esta_inscrito_no_podcast VALUES (2, 'de2f0ddb-9903-436a-a5e2-54224254c818', 'usr_188');
INSERT INTO trabalho.comentarios_podcast_usuario VALUES ('comment_188_0_2', 'Voluptates rem expedita error est voluptatem ut aliquid dolor est.', 'de2f0ddb-9903-436a-a5e2-54224254c818', 'usr_188');
INSERT INTO trabalho.comentarios_podcast_usuario VALUES ('comment_188_1_2', 'Ex cum rem aspernatur.', 'de2f0ddb-9903-436a-a5e2-54224254c818', 'usr_188');
INSERT INTO trabalho.comentarios_podcast_usuario VALUES ('comment_188_2_2', 'Ad laborum quia odit exercitationem.', 'de2f0ddb-9903-436a-a5e2-54224254c818', 'usr_188');
INSERT INTO trabalho.log_acesso VALUES ('log_188_0_2', 'de2f0ddb-9903-436a-a5e2-54224254c818', 'usr_188');
INSERT INTO trabalho.log_acesso VALUES ('log_188_1_2', 'de2f0ddb-9903-436a-a5e2-54224254c818', 'usr_188');
INSERT INTO trabalho.log_acesso VALUES ('log_188_2_2', 'de2f0ddb-9903-436a-a5e2-54224254c818', 'usr_188');
INSERT INTO trabalho.log_acesso VALUES ('log_188_3_2', 'de2f0ddb-9903-436a-a5e2-54224254c818', 'usr_188');
INSERT INTO trabalho.log_acesso VALUES ('log_188_4_2', 'de2f0ddb-9903-436a-a5e2-54224254c818', 'usr_188');
INSERT INTO trabalho.log_acesso VALUES ('log_188_5_2', 'de2f0ddb-9903-436a-a5e2-54224254c818', 'usr_188');
INSERT INTO trabalho.usuario VALUES ('usr_189', '189_Felipe.Franco22@live.com', 'Felipe Franco', 'male', 19, 'password', 'Kuwait');
INSERT INTO trabalho.usuario_esta_inscrito_no_podcast VALUES (3, 'af46a958-b921-47b6-9f87-5c4fdc68ea79', 'usr_189');
INSERT INTO trabalho.comentarios_podcast_usuario VALUES ('comment_189_0_0', 'Qui nam omnis qui fugiat consequuntur autem natus sapiente repellat.', 'af46a958-b921-47b6-9f87-5c4fdc68ea79', 'usr_189');
INSERT INTO trabalho.comentarios_podcast_usuario VALUES ('comment_189_1_0', 'Porro quia ipsa aut repudiandae nesciunt autem.', 'af46a958-b921-47b6-9f87-5c4fdc68ea79', 'usr_189');
INSERT INTO trabalho.comentarios_podcast_usuario VALUES ('comment_189_2_0', 'Doloremque autem doloribus sapiente totam non.', 'af46a958-b921-47b6-9f87-5c4fdc68ea79', 'usr_189');
INSERT INTO trabalho.comentarios_podcast_usuario VALUES ('comment_189_3_0', 'Animi architecto est sed fugiat autem expedita eveniet.', 'af46a958-b921-47b6-9f87-5c4fdc68ea79', 'usr_189');
INSERT INTO trabalho.log_acesso VALUES ('log_189_0_0', 'af46a958-b921-47b6-9f87-5c4fdc68ea79', 'usr_189');
INSERT INTO trabalho.log_acesso VALUES ('log_189_1_0', 'af46a958-b921-47b6-9f87-5c4fdc68ea79', 'usr_189');
INSERT INTO trabalho.usuario_esta_inscrito_no_podcast VALUES (2, 'bc8dac25-793c-4a96-aafc-4ea7020f4f60', 'usr_189');
INSERT INTO trabalho.comentarios_podcast_usuario VALUES ('comment_189_0_1', 'Eveniet autem consequuntur sed.', 'bc8dac25-793c-4a96-aafc-4ea7020f4f60', 'usr_189');
INSERT INTO trabalho.comentarios_podcast_usuario VALUES ('comment_189_1_1', 'Quia ut eius ex earum consectetur deserunt dolor quia.', 'bc8dac25-793c-4a96-aafc-4ea7020f4f60', 'usr_189');
INSERT INTO trabalho.comentarios_podcast_usuario VALUES ('comment_189_2_1', 'Unde neque praesentium sed.', 'bc8dac25-793c-4a96-aafc-4ea7020f4f60', 'usr_189');
INSERT INTO trabalho.log_acesso VALUES ('log_189_0_1', 'bc8dac25-793c-4a96-aafc-4ea7020f4f60', 'usr_189');
INSERT INTO trabalho.log_acesso VALUES ('log_189_1_1', 'bc8dac25-793c-4a96-aafc-4ea7020f4f60', 'usr_189');
INSERT INTO trabalho.log_acesso VALUES ('log_189_2_1', 'bc8dac25-793c-4a96-aafc-4ea7020f4f60', 'usr_189');
INSERT INTO trabalho.log_acesso VALUES ('log_189_3_1', 'bc8dac25-793c-4a96-aafc-4ea7020f4f60', 'usr_189');
INSERT INTO trabalho.log_acesso VALUES ('log_189_4_1', 'bc8dac25-793c-4a96-aafc-4ea7020f4f60', 'usr_189');
INSERT INTO trabalho.log_acesso VALUES ('log_189_5_1', 'bc8dac25-793c-4a96-aafc-4ea7020f4f60', 'usr_189');
INSERT INTO trabalho.usuario_esta_inscrito_no_podcast VALUES (0, 'de2f0ddb-9903-436a-a5e2-54224254c818', 'usr_189');
INSERT INTO trabalho.comentarios_podcast_usuario VALUES ('comment_189_0_2', 'Beatae soluta voluptatem ut repellendus nostrum.', 'de2f0ddb-9903-436a-a5e2-54224254c818', 'usr_189');
INSERT INTO trabalho.comentarios_podcast_usuario VALUES ('comment_189_1_2', 'Nulla non enim.', 'de2f0ddb-9903-436a-a5e2-54224254c818', 'usr_189');
INSERT INTO trabalho.comentarios_podcast_usuario VALUES ('comment_189_2_2', 'Perferendis nisi explicabo cum voluptatem ipsum.', 'de2f0ddb-9903-436a-a5e2-54224254c818', 'usr_189');
INSERT INTO trabalho.comentarios_podcast_usuario VALUES ('comment_189_3_2', 'Corporis animi eveniet omnis dolore debitis doloremque eum adipisci deleniti.', 'de2f0ddb-9903-436a-a5e2-54224254c818', 'usr_189');
INSERT INTO trabalho.log_acesso VALUES ('log_189_0_2', 'de2f0ddb-9903-436a-a5e2-54224254c818', 'usr_189');
INSERT INTO trabalho.log_acesso VALUES ('log_189_1_2', 'de2f0ddb-9903-436a-a5e2-54224254c818', 'usr_189');
INSERT INTO trabalho.log_acesso VALUES ('log_189_2_2', 'de2f0ddb-9903-436a-a5e2-54224254c818', 'usr_189');
INSERT INTO trabalho.log_acesso VALUES ('log_189_3_2', 'de2f0ddb-9903-436a-a5e2-54224254c818', 'usr_189');
INSERT INTO trabalho.usuario VALUES ('usr_190', '190_Washington84@yahoo.com', 'Washington Moraes', 'male', 60, 'password', 'Nepal');
INSERT INTO trabalho.usuario_esta_inscrito_no_podcast VALUES (0, 'fa3abe16-3645-4d22-a01d-893e6f20c408', 'usr_190');
INSERT INTO trabalho.comentarios_podcast_usuario VALUES ('comment_190_0_0', 'Impedit qui ipsum quis.', 'fa3abe16-3645-4d22-a01d-893e6f20c408', 'usr_190');
INSERT INTO trabalho.log_acesso VALUES ('log_190_0_0', 'fa3abe16-3645-4d22-a01d-893e6f20c408', 'usr_190');
INSERT INTO trabalho.usuario_esta_inscrito_no_podcast VALUES (2, 'f8e13774-d631-4f34-93f0-2f5d55590265', 'usr_190');
INSERT INTO trabalho.comentarios_podcast_usuario VALUES ('comment_190_0_1', 'Ea cupiditate maiores fuga exercitationem dolor molestiae ad.', 'f8e13774-d631-4f34-93f0-2f5d55590265', 'usr_190');
INSERT INTO trabalho.comentarios_podcast_usuario VALUES ('comment_190_1_1', 'Architecto voluptas et est asperiores in possimus eaque asperiores.', 'f8e13774-d631-4f34-93f0-2f5d55590265', 'usr_190');
INSERT INTO trabalho.log_acesso VALUES ('log_190_0_1', 'f8e13774-d631-4f34-93f0-2f5d55590265', 'usr_190');
INSERT INTO trabalho.log_acesso VALUES ('log_190_1_1', 'f8e13774-d631-4f34-93f0-2f5d55590265', 'usr_190');
INSERT INTO trabalho.log_acesso VALUES ('log_190_2_1', 'f8e13774-d631-4f34-93f0-2f5d55590265', 'usr_190');
INSERT INTO trabalho.log_acesso VALUES ('log_190_3_1', 'f8e13774-d631-4f34-93f0-2f5d55590265', 'usr_190');
INSERT INTO trabalho.log_acesso VALUES ('log_190_4_1', 'f8e13774-d631-4f34-93f0-2f5d55590265', 'usr_190');
INSERT INTO trabalho.usuario_esta_inscrito_no_podcast VALUES (4, '219328a1-cec6-4e8c-b003-52a3ec9766bb', 'usr_190');
INSERT INTO trabalho.comentarios_podcast_usuario VALUES ('comment_190_0_2', 'Sed et molestiae iure consequatur odit in iure.', '219328a1-cec6-4e8c-b003-52a3ec9766bb', 'usr_190');
INSERT INTO trabalho.comentarios_podcast_usuario VALUES ('comment_190_1_2', 'Eum minus ipsam.', '219328a1-cec6-4e8c-b003-52a3ec9766bb', 'usr_190');
INSERT INTO trabalho.comentarios_podcast_usuario VALUES ('comment_190_2_2', 'Sequi consequatur qui.', '219328a1-cec6-4e8c-b003-52a3ec9766bb', 'usr_190');
INSERT INTO trabalho.comentarios_podcast_usuario VALUES ('comment_190_3_2', 'Incidunt ad excepturi a optio in ipsum ut autem.', '219328a1-cec6-4e8c-b003-52a3ec9766bb', 'usr_190');
INSERT INTO trabalho.log_acesso VALUES ('log_190_0_2', '219328a1-cec6-4e8c-b003-52a3ec9766bb', 'usr_190');
INSERT INTO trabalho.log_acesso VALUES ('log_190_1_2', '219328a1-cec6-4e8c-b003-52a3ec9766bb', 'usr_190');
INSERT INTO trabalho.usuario VALUES ('usr_191', '191_Marcelo70@bol.com.br', 'Marcelo Braga', 'male', 42, 'password', 'Micronésia');
INSERT INTO trabalho.usuario_esta_inscrito_no_podcast VALUES (5, 'c58b280a-56d4-4ad8-8c85-730e4ea86361', 'usr_191');
INSERT INTO trabalho.comentarios_podcast_usuario VALUES ('comment_191_0_0', 'Ipsam dolor recusandae omnis ut.', 'c58b280a-56d4-4ad8-8c85-730e4ea86361', 'usr_191');
INSERT INTO trabalho.comentarios_podcast_usuario VALUES ('comment_191_1_0', 'Rerum laudantium est quia quod.', 'c58b280a-56d4-4ad8-8c85-730e4ea86361', 'usr_191');
INSERT INTO trabalho.comentarios_podcast_usuario VALUES ('comment_191_2_0', 'Quasi a eveniet rerum quo.', 'c58b280a-56d4-4ad8-8c85-730e4ea86361', 'usr_191');
INSERT INTO trabalho.log_acesso VALUES ('log_191_0_0', 'c58b280a-56d4-4ad8-8c85-730e4ea86361', 'usr_191');
INSERT INTO trabalho.log_acesso VALUES ('log_191_1_0', 'c58b280a-56d4-4ad8-8c85-730e4ea86361', 'usr_191');
INSERT INTO trabalho.log_acesso VALUES ('log_191_2_0', 'c58b280a-56d4-4ad8-8c85-730e4ea86361', 'usr_191');
INSERT INTO trabalho.log_acesso VALUES ('log_191_3_0', 'c58b280a-56d4-4ad8-8c85-730e4ea86361', 'usr_191');
INSERT INTO trabalho.log_acesso VALUES ('log_191_4_0', 'c58b280a-56d4-4ad8-8c85-730e4ea86361', 'usr_191');
INSERT INTO trabalho.log_acesso VALUES ('log_191_5_0', 'c58b280a-56d4-4ad8-8c85-730e4ea86361', 'usr_191');
INSERT INTO trabalho.usuario_esta_inscrito_no_podcast VALUES (5, '7e429e8e-7669-403d-bb78-3cd7f9f75afd', 'usr_191');
INSERT INTO trabalho.comentarios_podcast_usuario VALUES ('comment_191_0_1', 'Quasi voluptas delectus quas praesentium eum.', '7e429e8e-7669-403d-bb78-3cd7f9f75afd', 'usr_191');
INSERT INTO trabalho.comentarios_podcast_usuario VALUES ('comment_191_1_1', 'Ducimus quia sed sit ea aliquid possimus officia consequatur voluptatem.', '7e429e8e-7669-403d-bb78-3cd7f9f75afd', 'usr_191');
INSERT INTO trabalho.log_acesso VALUES ('log_191_0_1', '7e429e8e-7669-403d-bb78-3cd7f9f75afd', 'usr_191');
INSERT INTO trabalho.log_acesso VALUES ('log_191_1_1', '7e429e8e-7669-403d-bb78-3cd7f9f75afd', 'usr_191');
INSERT INTO trabalho.log_acesso VALUES ('log_191_2_1', '7e429e8e-7669-403d-bb78-3cd7f9f75afd', 'usr_191');
INSERT INTO trabalho.log_acesso VALUES ('log_191_3_1', '7e429e8e-7669-403d-bb78-3cd7f9f75afd', 'usr_191');
INSERT INTO trabalho.log_acesso VALUES ('log_191_4_1', '7e429e8e-7669-403d-bb78-3cd7f9f75afd', 'usr_191');
INSERT INTO trabalho.usuario_esta_inscrito_no_podcast VALUES (4, '219328a1-cec6-4e8c-b003-52a3ec9766bb', 'usr_191');
INSERT INTO trabalho.comentarios_podcast_usuario VALUES ('comment_191_0_2', 'Voluptatem voluptatum explicabo perferendis veritatis odit sit consequuntur veniam soluta.', '219328a1-cec6-4e8c-b003-52a3ec9766bb', 'usr_191');
INSERT INTO trabalho.comentarios_podcast_usuario VALUES ('comment_191_1_2', 'Dolor assumenda est ipsam quaerat corporis hic ut aut non.', '219328a1-cec6-4e8c-b003-52a3ec9766bb', 'usr_191');
INSERT INTO trabalho.comentarios_podcast_usuario VALUES ('comment_191_2_2', 'Nihil omnis corrupti assumenda.', '219328a1-cec6-4e8c-b003-52a3ec9766bb', 'usr_191');
INSERT INTO trabalho.log_acesso VALUES ('log_191_0_2', '219328a1-cec6-4e8c-b003-52a3ec9766bb', 'usr_191');
INSERT INTO trabalho.log_acesso VALUES ('log_191_1_2', '219328a1-cec6-4e8c-b003-52a3ec9766bb', 'usr_191');
INSERT INTO trabalho.log_acesso VALUES ('log_191_2_2', '219328a1-cec6-4e8c-b003-52a3ec9766bb', 'usr_191');
INSERT INTO trabalho.log_acesso VALUES ('log_191_3_2', '219328a1-cec6-4e8c-b003-52a3ec9766bb', 'usr_191');
INSERT INTO trabalho.log_acesso VALUES ('log_191_4_2', '219328a1-cec6-4e8c-b003-52a3ec9766bb', 'usr_191');
INSERT INTO trabalho.log_acesso VALUES ('log_191_5_2', '219328a1-cec6-4e8c-b003-52a3ec9766bb', 'usr_191');
INSERT INTO trabalho.log_acesso VALUES ('log_191_6_2', '219328a1-cec6-4e8c-b003-52a3ec9766bb', 'usr_191');
INSERT INTO trabalho.log_acesso VALUES ('log_191_7_2', '219328a1-cec6-4e8c-b003-52a3ec9766bb', 'usr_191');
INSERT INTO trabalho.usuario VALUES ('usr_192', '192_Morgana_Xavier85@gmail.com', 'Morgana Xavier', 'female', 3, 'password', 'Porto Rico');
INSERT INTO trabalho.usuario_esta_inscrito_no_podcast VALUES (1, 'fa3abe16-3645-4d22-a01d-893e6f20c408', 'usr_192');
INSERT INTO trabalho.comentarios_podcast_usuario VALUES ('comment_192_0_0', 'Officiis tenetur ad praesentium dolore id voluptas.', 'fa3abe16-3645-4d22-a01d-893e6f20c408', 'usr_192');
INSERT INTO trabalho.comentarios_podcast_usuario VALUES ('comment_192_1_0', 'Et provident assumenda quibusdam qui.', 'fa3abe16-3645-4d22-a01d-893e6f20c408', 'usr_192');
INSERT INTO trabalho.comentarios_podcast_usuario VALUES ('comment_192_2_0', 'Nihil quia aut rem dolor.', 'fa3abe16-3645-4d22-a01d-893e6f20c408', 'usr_192');
INSERT INTO trabalho.log_acesso VALUES ('log_192_0_0', 'fa3abe16-3645-4d22-a01d-893e6f20c408', 'usr_192');
INSERT INTO trabalho.log_acesso VALUES ('log_192_1_0', 'fa3abe16-3645-4d22-a01d-893e6f20c408', 'usr_192');
INSERT INTO trabalho.log_acesso VALUES ('log_192_2_0', 'fa3abe16-3645-4d22-a01d-893e6f20c408', 'usr_192');
INSERT INTO trabalho.usuario_esta_inscrito_no_podcast VALUES (1, '168c1536-4c42-4b8f-8c77-f06affefec6a', 'usr_192');
INSERT INTO trabalho.comentarios_podcast_usuario VALUES ('comment_192_0_1', 'Maxime optio ut perferendis cupiditate.', '168c1536-4c42-4b8f-8c77-f06affefec6a', 'usr_192');
INSERT INTO trabalho.comentarios_podcast_usuario VALUES ('comment_192_1_1', 'Qui et et dolorem.', '168c1536-4c42-4b8f-8c77-f06affefec6a', 'usr_192');
INSERT INTO trabalho.comentarios_podcast_usuario VALUES ('comment_192_2_1', 'Libero aliquam aut natus eveniet qui earum facere.', '168c1536-4c42-4b8f-8c77-f06affefec6a', 'usr_192');
INSERT INTO trabalho.log_acesso VALUES ('log_192_0_1', '168c1536-4c42-4b8f-8c77-f06affefec6a', 'usr_192');
INSERT INTO trabalho.log_acesso VALUES ('log_192_1_1', '168c1536-4c42-4b8f-8c77-f06affefec6a', 'usr_192');
INSERT INTO trabalho.log_acesso VALUES ('log_192_2_1', '168c1536-4c42-4b8f-8c77-f06affefec6a', 'usr_192');
INSERT INTO trabalho.log_acesso VALUES ('log_192_3_1', '168c1536-4c42-4b8f-8c77-f06affefec6a', 'usr_192');
INSERT INTO trabalho.usuario_esta_inscrito_no_podcast VALUES (5, 'f0166bd2-8e4d-4308-b5d7-0b3d627c5dc5', 'usr_192');
INSERT INTO trabalho.comentarios_podcast_usuario VALUES ('comment_192_0_2', 'Ratione quia quo veritatis officiis.', 'f0166bd2-8e4d-4308-b5d7-0b3d627c5dc5', 'usr_192');
INSERT INTO trabalho.comentarios_podcast_usuario VALUES ('comment_192_1_2', 'Aliquam libero voluptates fuga nemo maiores et autem voluptate.', 'f0166bd2-8e4d-4308-b5d7-0b3d627c5dc5', 'usr_192');
INSERT INTO trabalho.comentarios_podcast_usuario VALUES ('comment_192_2_2', 'Eaque aliquid rerum rerum modi.', 'f0166bd2-8e4d-4308-b5d7-0b3d627c5dc5', 'usr_192');
INSERT INTO trabalho.log_acesso VALUES ('log_192_0_2', 'f0166bd2-8e4d-4308-b5d7-0b3d627c5dc5', 'usr_192');
INSERT INTO trabalho.log_acesso VALUES ('log_192_1_2', 'f0166bd2-8e4d-4308-b5d7-0b3d627c5dc5', 'usr_192');
INSERT INTO trabalho.log_acesso VALUES ('log_192_2_2', 'f0166bd2-8e4d-4308-b5d7-0b3d627c5dc5', 'usr_192');
INSERT INTO trabalho.usuario VALUES ('usr_193', '193_Lavnia.Reis22@bol.com.br', 'Lavínia Reis', 'female', 22, 'password', 'São Martinho');
INSERT INTO trabalho.usuario_esta_inscrito_no_podcast VALUES (0, 'f0166bd2-8e4d-4308-b5d7-0b3d627c5dc5', 'usr_193');
INSERT INTO trabalho.comentarios_podcast_usuario VALUES ('comment_193_0_0', 'Quidem perferendis quasi deserunt aut qui architecto quasi laboriosam commodi.', 'f0166bd2-8e4d-4308-b5d7-0b3d627c5dc5', 'usr_193');
INSERT INTO trabalho.comentarios_podcast_usuario VALUES ('comment_193_1_0', 'Ut repellat rem culpa eligendi.', 'f0166bd2-8e4d-4308-b5d7-0b3d627c5dc5', 'usr_193');
INSERT INTO trabalho.comentarios_podcast_usuario VALUES ('comment_193_2_0', 'Molestiae eaque qui dolores est est laborum sapiente sed qui.', 'f0166bd2-8e4d-4308-b5d7-0b3d627c5dc5', 'usr_193');
INSERT INTO trabalho.comentarios_podcast_usuario VALUES ('comment_193_3_0', 'Qui sunt eum occaecati cumque doloribus nihil provident.', 'f0166bd2-8e4d-4308-b5d7-0b3d627c5dc5', 'usr_193');
INSERT INTO trabalho.comentarios_podcast_usuario VALUES ('comment_193_4_0', 'Eius incidunt similique sapiente minus laborum.', 'f0166bd2-8e4d-4308-b5d7-0b3d627c5dc5', 'usr_193');
INSERT INTO trabalho.log_acesso VALUES ('log_193_0_0', 'f0166bd2-8e4d-4308-b5d7-0b3d627c5dc5', 'usr_193');
INSERT INTO trabalho.log_acesso VALUES ('log_193_1_0', 'f0166bd2-8e4d-4308-b5d7-0b3d627c5dc5', 'usr_193');
INSERT INTO trabalho.log_acesso VALUES ('log_193_2_0', 'f0166bd2-8e4d-4308-b5d7-0b3d627c5dc5', 'usr_193');
INSERT INTO trabalho.usuario_esta_inscrito_no_podcast VALUES (2, 'fa3abe16-3645-4d22-a01d-893e6f20c408', 'usr_193');
INSERT INTO trabalho.comentarios_podcast_usuario VALUES ('comment_193_0_1', 'Ipsa eaque in cupiditate neque enim dolorum autem sit voluptates.', 'fa3abe16-3645-4d22-a01d-893e6f20c408', 'usr_193');
INSERT INTO trabalho.comentarios_podcast_usuario VALUES ('comment_193_1_1', 'Aut quasi dolores.', 'fa3abe16-3645-4d22-a01d-893e6f20c408', 'usr_193');
INSERT INTO trabalho.log_acesso VALUES ('log_193_0_1', 'fa3abe16-3645-4d22-a01d-893e6f20c408', 'usr_193');
INSERT INTO trabalho.log_acesso VALUES ('log_193_1_1', 'fa3abe16-3645-4d22-a01d-893e6f20c408', 'usr_193');
INSERT INTO trabalho.log_acesso VALUES ('log_193_2_1', 'fa3abe16-3645-4d22-a01d-893e6f20c408', 'usr_193');
INSERT INTO trabalho.usuario_esta_inscrito_no_podcast VALUES (0, 'af46a958-b921-47b6-9f87-5c4fdc68ea79', 'usr_193');
INSERT INTO trabalho.comentarios_podcast_usuario VALUES ('comment_193_0_2', 'Aut pariatur perferendis.', 'af46a958-b921-47b6-9f87-5c4fdc68ea79', 'usr_193');
INSERT INTO trabalho.comentarios_podcast_usuario VALUES ('comment_193_1_2', 'Accusamus eligendi eaque.', 'af46a958-b921-47b6-9f87-5c4fdc68ea79', 'usr_193');
INSERT INTO trabalho.comentarios_podcast_usuario VALUES ('comment_193_2_2', 'Qui ab libero.', 'af46a958-b921-47b6-9f87-5c4fdc68ea79', 'usr_193');
INSERT INTO trabalho.comentarios_podcast_usuario VALUES ('comment_193_3_2', 'A cupiditate fugit expedita et nisi molestiae ad reiciendis.', 'af46a958-b921-47b6-9f87-5c4fdc68ea79', 'usr_193');
INSERT INTO trabalho.log_acesso VALUES ('log_193_0_2', 'af46a958-b921-47b6-9f87-5c4fdc68ea79', 'usr_193');
INSERT INTO trabalho.log_acesso VALUES ('log_193_1_2', 'af46a958-b921-47b6-9f87-5c4fdc68ea79', 'usr_193');
INSERT INTO trabalho.usuario VALUES ('usr_194', '194_Sulen.Franco71@yahoo.com', 'Suélen Franco', 'female', 4, 'password', 'Sérvia');
INSERT INTO trabalho.usuario_esta_inscrito_no_podcast VALUES (1, 'bc8dac25-793c-4a96-aafc-4ea7020f4f60', 'usr_194');
INSERT INTO trabalho.comentarios_podcast_usuario VALUES ('comment_194_0_0', 'Amet sequi autem iure.', 'bc8dac25-793c-4a96-aafc-4ea7020f4f60', 'usr_194');
INSERT INTO trabalho.comentarios_podcast_usuario VALUES ('comment_194_1_0', 'Eligendi non nostrum nam.', 'bc8dac25-793c-4a96-aafc-4ea7020f4f60', 'usr_194');
INSERT INTO trabalho.comentarios_podcast_usuario VALUES ('comment_194_2_0', 'Ut nemo sed voluptatem quas error aut quis.', 'bc8dac25-793c-4a96-aafc-4ea7020f4f60', 'usr_194');
INSERT INTO trabalho.comentarios_podcast_usuario VALUES ('comment_194_3_0', 'Quo doloremque consequatur dolor.', 'bc8dac25-793c-4a96-aafc-4ea7020f4f60', 'usr_194');
INSERT INTO trabalho.log_acesso VALUES ('log_194_0_0', 'bc8dac25-793c-4a96-aafc-4ea7020f4f60', 'usr_194');
INSERT INTO trabalho.log_acesso VALUES ('log_194_1_0', 'bc8dac25-793c-4a96-aafc-4ea7020f4f60', 'usr_194');
INSERT INTO trabalho.log_acesso VALUES ('log_194_2_0', 'bc8dac25-793c-4a96-aafc-4ea7020f4f60', 'usr_194');
INSERT INTO trabalho.log_acesso VALUES ('log_194_3_0', 'bc8dac25-793c-4a96-aafc-4ea7020f4f60', 'usr_194');
INSERT INTO trabalho.usuario_esta_inscrito_no_podcast VALUES (5, 'f1b92ce7-47a7-43cd-8586-4a09185cdd05', 'usr_194');
INSERT INTO trabalho.comentarios_podcast_usuario VALUES ('comment_194_0_1', 'Qui deserunt est eos placeat recusandae dolores.', 'f1b92ce7-47a7-43cd-8586-4a09185cdd05', 'usr_194');
INSERT INTO trabalho.comentarios_podcast_usuario VALUES ('comment_194_1_1', 'Magni dolorum non reiciendis saepe dolor.', 'f1b92ce7-47a7-43cd-8586-4a09185cdd05', 'usr_194');
INSERT INTO trabalho.comentarios_podcast_usuario VALUES ('comment_194_2_1', 'Magni aut tempore earum ipsum optio necessitatibus tempora aut adipisci.', 'f1b92ce7-47a7-43cd-8586-4a09185cdd05', 'usr_194');
INSERT INTO trabalho.comentarios_podcast_usuario VALUES ('comment_194_3_1', 'Ipsam est assumenda qui illum id sunt.', 'f1b92ce7-47a7-43cd-8586-4a09185cdd05', 'usr_194');
INSERT INTO trabalho.log_acesso VALUES ('log_194_0_1', 'f1b92ce7-47a7-43cd-8586-4a09185cdd05', 'usr_194');
INSERT INTO trabalho.log_acesso VALUES ('log_194_1_1', 'f1b92ce7-47a7-43cd-8586-4a09185cdd05', 'usr_194');
INSERT INTO trabalho.usuario_esta_inscrito_no_podcast VALUES (0, 'fa3abe16-3645-4d22-a01d-893e6f20c408', 'usr_194');
INSERT INTO trabalho.comentarios_podcast_usuario VALUES ('comment_194_0_2', 'Quasi commodi magnam blanditiis aut reprehenderit eos suscipit et odit.', 'fa3abe16-3645-4d22-a01d-893e6f20c408', 'usr_194');
INSERT INTO trabalho.comentarios_podcast_usuario VALUES ('comment_194_1_2', 'Ea placeat itaque voluptatibus quasi voluptates.', 'fa3abe16-3645-4d22-a01d-893e6f20c408', 'usr_194');
INSERT INTO trabalho.comentarios_podcast_usuario VALUES ('comment_194_2_2', 'Enim ab dolores accusantium numquam.', 'fa3abe16-3645-4d22-a01d-893e6f20c408', 'usr_194');
INSERT INTO trabalho.comentarios_podcast_usuario VALUES ('comment_194_3_2', 'Non et nesciunt rerum voluptas nulla.', 'fa3abe16-3645-4d22-a01d-893e6f20c408', 'usr_194');
INSERT INTO trabalho.log_acesso VALUES ('log_194_0_2', 'fa3abe16-3645-4d22-a01d-893e6f20c408', 'usr_194');
INSERT INTO trabalho.log_acesso VALUES ('log_194_1_2', 'fa3abe16-3645-4d22-a01d-893e6f20c408', 'usr_194');
INSERT INTO trabalho.log_acesso VALUES ('log_194_2_2', 'fa3abe16-3645-4d22-a01d-893e6f20c408', 'usr_194');
INSERT INTO trabalho.log_acesso VALUES ('log_194_3_2', 'fa3abe16-3645-4d22-a01d-893e6f20c408', 'usr_194');
INSERT INTO trabalho.usuario VALUES ('usr_195', '195_Marli86@bol.com.br', 'Marli Barros', 'female', 45, 'password', 'Venezuela');
INSERT INTO trabalho.usuario_esta_inscrito_no_podcast VALUES (2, 'f1b92ce7-47a7-43cd-8586-4a09185cdd05', 'usr_195');
INSERT INTO trabalho.comentarios_podcast_usuario VALUES ('comment_195_0_0', 'Aut autem itaque veritatis molestias necessitatibus neque ut minima corporis.', 'f1b92ce7-47a7-43cd-8586-4a09185cdd05', 'usr_195');
INSERT INTO trabalho.comentarios_podcast_usuario VALUES ('comment_195_1_0', 'Cumque et molestiae.', 'f1b92ce7-47a7-43cd-8586-4a09185cdd05', 'usr_195');
INSERT INTO trabalho.comentarios_podcast_usuario VALUES ('comment_195_2_0', 'Accusamus autem suscipit doloremque consequatur aliquid facere occaecati dicta.', 'f1b92ce7-47a7-43cd-8586-4a09185cdd05', 'usr_195');
INSERT INTO trabalho.comentarios_podcast_usuario VALUES ('comment_195_3_0', 'Maxime quia quas quis voluptatibus doloremque iusto cupiditate dignissimos.', 'f1b92ce7-47a7-43cd-8586-4a09185cdd05', 'usr_195');
INSERT INTO trabalho.log_acesso VALUES ('log_195_0_0', 'f1b92ce7-47a7-43cd-8586-4a09185cdd05', 'usr_195');
INSERT INTO trabalho.log_acesso VALUES ('log_195_1_0', 'f1b92ce7-47a7-43cd-8586-4a09185cdd05', 'usr_195');
INSERT INTO trabalho.log_acesso VALUES ('log_195_2_0', 'f1b92ce7-47a7-43cd-8586-4a09185cdd05', 'usr_195');
INSERT INTO trabalho.usuario_esta_inscrito_no_podcast VALUES (2, 'fa3abe16-3645-4d22-a01d-893e6f20c408', 'usr_195');
INSERT INTO trabalho.comentarios_podcast_usuario VALUES ('comment_195_0_1', 'Amet ipsa nobis quo est laudantium corrupti.', 'fa3abe16-3645-4d22-a01d-893e6f20c408', 'usr_195');
INSERT INTO trabalho.comentarios_podcast_usuario VALUES ('comment_195_1_1', 'Inventore doloremque nemo vel quas quia omnis consequatur.', 'fa3abe16-3645-4d22-a01d-893e6f20c408', 'usr_195');
INSERT INTO trabalho.comentarios_podcast_usuario VALUES ('comment_195_2_1', 'Veniam necessitatibus doloremque architecto.', 'fa3abe16-3645-4d22-a01d-893e6f20c408', 'usr_195');
INSERT INTO trabalho.comentarios_podcast_usuario VALUES ('comment_195_3_1', 'Nulla quia debitis est.', 'fa3abe16-3645-4d22-a01d-893e6f20c408', 'usr_195');
INSERT INTO trabalho.comentarios_podcast_usuario VALUES ('comment_195_4_1', 'Debitis est ex sint voluptate quod occaecati soluta ut beatae.', 'fa3abe16-3645-4d22-a01d-893e6f20c408', 'usr_195');
INSERT INTO trabalho.log_acesso VALUES ('log_195_0_1', 'fa3abe16-3645-4d22-a01d-893e6f20c408', 'usr_195');
INSERT INTO trabalho.log_acesso VALUES ('log_195_1_1', 'fa3abe16-3645-4d22-a01d-893e6f20c408', 'usr_195');
INSERT INTO trabalho.log_acesso VALUES ('log_195_2_1', 'fa3abe16-3645-4d22-a01d-893e6f20c408', 'usr_195');
INSERT INTO trabalho.usuario_esta_inscrito_no_podcast VALUES (1, '168c1536-4c42-4b8f-8c77-f06affefec6a', 'usr_195');
INSERT INTO trabalho.comentarios_podcast_usuario VALUES ('comment_195_0_2', 'Repellat ut et deleniti quam.', '168c1536-4c42-4b8f-8c77-f06affefec6a', 'usr_195');
INSERT INTO trabalho.comentarios_podcast_usuario VALUES ('comment_195_1_2', 'Voluptatibus beatae deserunt et rerum et ut ut.', '168c1536-4c42-4b8f-8c77-f06affefec6a', 'usr_195');
INSERT INTO trabalho.comentarios_podcast_usuario VALUES ('comment_195_2_2', 'Eaque maxime rem.', '168c1536-4c42-4b8f-8c77-f06affefec6a', 'usr_195');
INSERT INTO trabalho.log_acesso VALUES ('log_195_0_2', '168c1536-4c42-4b8f-8c77-f06affefec6a', 'usr_195');
INSERT INTO trabalho.log_acesso VALUES ('log_195_1_2', '168c1536-4c42-4b8f-8c77-f06affefec6a', 'usr_195');
INSERT INTO trabalho.log_acesso VALUES ('log_195_2_2', '168c1536-4c42-4b8f-8c77-f06affefec6a', 'usr_195');
INSERT INTO trabalho.usuario VALUES ('usr_196', '196_Yuri.Carvalho@gmail.com', 'Yuri Carvalho', 'male', 38, 'password', 'Costa do Marfim');
INSERT INTO trabalho.usuario_esta_inscrito_no_podcast VALUES (4, '5bdf7377-8330-4f9f-8efd-e95301c122ce', 'usr_196');
INSERT INTO trabalho.comentarios_podcast_usuario VALUES ('comment_196_0_0', 'Aut veniam odit accusantium.', '5bdf7377-8330-4f9f-8efd-e95301c122ce', 'usr_196');
INSERT INTO trabalho.log_acesso VALUES ('log_196_0_0', '5bdf7377-8330-4f9f-8efd-e95301c122ce', 'usr_196');
INSERT INTO trabalho.usuario_esta_inscrito_no_podcast VALUES (0, 'c58b280a-56d4-4ad8-8c85-730e4ea86361', 'usr_196');
INSERT INTO trabalho.comentarios_podcast_usuario VALUES ('comment_196_0_1', 'Deserunt porro cum saepe expedita voluptatum pariatur esse id.', 'c58b280a-56d4-4ad8-8c85-730e4ea86361', 'usr_196');
INSERT INTO trabalho.comentarios_podcast_usuario VALUES ('comment_196_1_1', 'Fugiat quisquam excepturi fugiat quibusdam vitae.', 'c58b280a-56d4-4ad8-8c85-730e4ea86361', 'usr_196');
INSERT INTO trabalho.log_acesso VALUES ('log_196_0_1', 'c58b280a-56d4-4ad8-8c85-730e4ea86361', 'usr_196');
INSERT INTO trabalho.log_acesso VALUES ('log_196_1_1', 'c58b280a-56d4-4ad8-8c85-730e4ea86361', 'usr_196');
INSERT INTO trabalho.log_acesso VALUES ('log_196_2_1', 'c58b280a-56d4-4ad8-8c85-730e4ea86361', 'usr_196');
INSERT INTO trabalho.log_acesso VALUES ('log_196_3_1', 'c58b280a-56d4-4ad8-8c85-730e4ea86361', 'usr_196');
INSERT INTO trabalho.log_acesso VALUES ('log_196_4_1', 'c58b280a-56d4-4ad8-8c85-730e4ea86361', 'usr_196');
INSERT INTO trabalho.usuario_esta_inscrito_no_podcast VALUES (0, '219328a1-cec6-4e8c-b003-52a3ec9766bb', 'usr_196');
INSERT INTO trabalho.comentarios_podcast_usuario VALUES ('comment_196_0_2', 'Mollitia culpa ad aspernatur quasi sequi cum voluptate.', '219328a1-cec6-4e8c-b003-52a3ec9766bb', 'usr_196');
INSERT INTO trabalho.comentarios_podcast_usuario VALUES ('comment_196_1_2', 'Veniam atque accusantium doloribus.', '219328a1-cec6-4e8c-b003-52a3ec9766bb', 'usr_196');
INSERT INTO trabalho.comentarios_podcast_usuario VALUES ('comment_196_2_2', 'Quis at non sunt.', '219328a1-cec6-4e8c-b003-52a3ec9766bb', 'usr_196');
INSERT INTO trabalho.comentarios_podcast_usuario VALUES ('comment_196_3_2', 'Et quisquam a quia corporis iure reiciendis enim dicta.', '219328a1-cec6-4e8c-b003-52a3ec9766bb', 'usr_196');
INSERT INTO trabalho.log_acesso VALUES ('log_196_0_2', '219328a1-cec6-4e8c-b003-52a3ec9766bb', 'usr_196');
INSERT INTO trabalho.log_acesso VALUES ('log_196_1_2', '219328a1-cec6-4e8c-b003-52a3ec9766bb', 'usr_196');
INSERT INTO trabalho.log_acesso VALUES ('log_196_2_2', '219328a1-cec6-4e8c-b003-52a3ec9766bb', 'usr_196');
INSERT INTO trabalho.log_acesso VALUES ('log_196_3_2', '219328a1-cec6-4e8c-b003-52a3ec9766bb', 'usr_196');
INSERT INTO trabalho.usuario VALUES ('usr_197', '197_Mrcia.Macedo36@hotmail.com', 'Márcia Macedo', 'female', 49, 'password', 'Zimbábue');
INSERT INTO trabalho.usuario_esta_inscrito_no_podcast VALUES (1, 'f8e13774-d631-4f34-93f0-2f5d55590265', 'usr_197');
INSERT INTO trabalho.comentarios_podcast_usuario VALUES ('comment_197_0_0', 'Et ut nostrum.', 'f8e13774-d631-4f34-93f0-2f5d55590265', 'usr_197');
INSERT INTO trabalho.comentarios_podcast_usuario VALUES ('comment_197_1_0', 'Voluptas consequatur vel ratione veritatis est debitis rem quaerat harum.', 'f8e13774-d631-4f34-93f0-2f5d55590265', 'usr_197');
INSERT INTO trabalho.comentarios_podcast_usuario VALUES ('comment_197_2_0', 'Commodi eveniet architecto odit ipsa sit natus aut odit.', 'f8e13774-d631-4f34-93f0-2f5d55590265', 'usr_197');
INSERT INTO trabalho.log_acesso VALUES ('log_197_0_0', 'f8e13774-d631-4f34-93f0-2f5d55590265', 'usr_197');
INSERT INTO trabalho.log_acesso VALUES ('log_197_1_0', 'f8e13774-d631-4f34-93f0-2f5d55590265', 'usr_197');
INSERT INTO trabalho.log_acesso VALUES ('log_197_2_0', 'f8e13774-d631-4f34-93f0-2f5d55590265', 'usr_197');
INSERT INTO trabalho.log_acesso VALUES ('log_197_3_0', 'f8e13774-d631-4f34-93f0-2f5d55590265', 'usr_197');
INSERT INTO trabalho.usuario_esta_inscrito_no_podcast VALUES (2, 'af46a958-b921-47b6-9f87-5c4fdc68ea79', 'usr_197');
INSERT INTO trabalho.comentarios_podcast_usuario VALUES ('comment_197_0_1', 'Hic tempora amet odit voluptas ut reiciendis.', 'af46a958-b921-47b6-9f87-5c4fdc68ea79', 'usr_197');
INSERT INTO trabalho.comentarios_podcast_usuario VALUES ('comment_197_1_1', 'Dolores architecto placeat similique quia beatae dolores ratione.', 'af46a958-b921-47b6-9f87-5c4fdc68ea79', 'usr_197');
INSERT INTO trabalho.comentarios_podcast_usuario VALUES ('comment_197_2_1', 'Est voluptates et qui minima nemo accusamus.', 'af46a958-b921-47b6-9f87-5c4fdc68ea79', 'usr_197');
INSERT INTO trabalho.log_acesso VALUES ('log_197_0_1', 'af46a958-b921-47b6-9f87-5c4fdc68ea79', 'usr_197');
INSERT INTO trabalho.log_acesso VALUES ('log_197_1_1', 'af46a958-b921-47b6-9f87-5c4fdc68ea79', 'usr_197');
INSERT INTO trabalho.log_acesso VALUES ('log_197_2_1', 'af46a958-b921-47b6-9f87-5c4fdc68ea79', 'usr_197');
INSERT INTO trabalho.log_acesso VALUES ('log_197_3_1', 'af46a958-b921-47b6-9f87-5c4fdc68ea79', 'usr_197');
INSERT INTO trabalho.log_acesso VALUES ('log_197_4_1', 'af46a958-b921-47b6-9f87-5c4fdc68ea79', 'usr_197');
INSERT INTO trabalho.log_acesso VALUES ('log_197_5_1', 'af46a958-b921-47b6-9f87-5c4fdc68ea79', 'usr_197');
INSERT INTO trabalho.log_acesso VALUES ('log_197_6_1', 'af46a958-b921-47b6-9f87-5c4fdc68ea79', 'usr_197');
INSERT INTO trabalho.usuario_esta_inscrito_no_podcast VALUES (5, 'b553d865-8fe2-47de-9a30-10e1dea3bd1d', 'usr_197');
INSERT INTO trabalho.comentarios_podcast_usuario VALUES ('comment_197_0_2', 'Et nihil deleniti similique velit officiis nisi.', 'b553d865-8fe2-47de-9a30-10e1dea3bd1d', 'usr_197');
INSERT INTO trabalho.comentarios_podcast_usuario VALUES ('comment_197_1_2', 'Eos autem nisi minima odit voluptas dignissimos.', 'b553d865-8fe2-47de-9a30-10e1dea3bd1d', 'usr_197');
INSERT INTO trabalho.comentarios_podcast_usuario VALUES ('comment_197_2_2', 'Qui repellat sit error.', 'b553d865-8fe2-47de-9a30-10e1dea3bd1d', 'usr_197');
INSERT INTO trabalho.comentarios_podcast_usuario VALUES ('comment_197_3_2', 'Est facilis in officiis repudiandae qui et velit.', 'b553d865-8fe2-47de-9a30-10e1dea3bd1d', 'usr_197');
INSERT INTO trabalho.log_acesso VALUES ('log_197_0_2', 'b553d865-8fe2-47de-9a30-10e1dea3bd1d', 'usr_197');
INSERT INTO trabalho.log_acesso VALUES ('log_197_1_2', 'b553d865-8fe2-47de-9a30-10e1dea3bd1d', 'usr_197');
INSERT INTO trabalho.log_acesso VALUES ('log_197_2_2', 'b553d865-8fe2-47de-9a30-10e1dea3bd1d', 'usr_197');
INSERT INTO trabalho.usuario VALUES ('usr_198', '198_Yango_Reis48@yahoo.com', 'Yango Reis', 'male', 2, 'password', 'Zâmbia');
INSERT INTO trabalho.usuario_esta_inscrito_no_podcast VALUES (0, '5bdf7377-8330-4f9f-8efd-e95301c122ce', 'usr_198');
INSERT INTO trabalho.comentarios_podcast_usuario VALUES ('comment_198_0_0', 'Ipsam inventore rerum odio id ut et eveniet magni et.', '5bdf7377-8330-4f9f-8efd-e95301c122ce', 'usr_198');
INSERT INTO trabalho.comentarios_podcast_usuario VALUES ('comment_198_1_0', 'Sunt velit perspiciatis accusamus nemo nihil assumenda.', '5bdf7377-8330-4f9f-8efd-e95301c122ce', 'usr_198');
INSERT INTO trabalho.log_acesso VALUES ('log_198_0_0', '5bdf7377-8330-4f9f-8efd-e95301c122ce', 'usr_198');
INSERT INTO trabalho.log_acesso VALUES ('log_198_1_0', '5bdf7377-8330-4f9f-8efd-e95301c122ce', 'usr_198');
INSERT INTO trabalho.log_acesso VALUES ('log_198_2_0', '5bdf7377-8330-4f9f-8efd-e95301c122ce', 'usr_198');
INSERT INTO trabalho.log_acesso VALUES ('log_198_3_0', '5bdf7377-8330-4f9f-8efd-e95301c122ce', 'usr_198');
INSERT INTO trabalho.log_acesso VALUES ('log_198_4_0', '5bdf7377-8330-4f9f-8efd-e95301c122ce', 'usr_198');
INSERT INTO trabalho.usuario_esta_inscrito_no_podcast VALUES (2, 'fa3abe16-3645-4d22-a01d-893e6f20c408', 'usr_198');
INSERT INTO trabalho.comentarios_podcast_usuario VALUES ('comment_198_0_1', 'Voluptatibus nihil soluta ipsam rerum ut.', 'fa3abe16-3645-4d22-a01d-893e6f20c408', 'usr_198');
INSERT INTO trabalho.comentarios_podcast_usuario VALUES ('comment_198_1_1', 'Perferendis sit tempore nobis fugit recusandae et distinctio quia.', 'fa3abe16-3645-4d22-a01d-893e6f20c408', 'usr_198');
INSERT INTO trabalho.comentarios_podcast_usuario VALUES ('comment_198_2_1', 'At ipsa iusto quod et autem quo.', 'fa3abe16-3645-4d22-a01d-893e6f20c408', 'usr_198');
INSERT INTO trabalho.log_acesso VALUES ('log_198_0_1', 'fa3abe16-3645-4d22-a01d-893e6f20c408', 'usr_198');
INSERT INTO trabalho.log_acesso VALUES ('log_198_1_1', 'fa3abe16-3645-4d22-a01d-893e6f20c408', 'usr_198');
INSERT INTO trabalho.log_acesso VALUES ('log_198_2_1', 'fa3abe16-3645-4d22-a01d-893e6f20c408', 'usr_198');
INSERT INTO trabalho.usuario_esta_inscrito_no_podcast VALUES (5, '168c1536-4c42-4b8f-8c77-f06affefec6a', 'usr_198');
INSERT INTO trabalho.comentarios_podcast_usuario VALUES ('comment_198_0_2', 'Quo dolor eveniet rerum suscipit neque dolores at commodi.', '168c1536-4c42-4b8f-8c77-f06affefec6a', 'usr_198');
INSERT INTO trabalho.comentarios_podcast_usuario VALUES ('comment_198_1_2', 'Repudiandae ab et.', '168c1536-4c42-4b8f-8c77-f06affefec6a', 'usr_198');
INSERT INTO trabalho.comentarios_podcast_usuario VALUES ('comment_198_2_2', 'Et labore et qui autem sit aut error.', '168c1536-4c42-4b8f-8c77-f06affefec6a', 'usr_198');
INSERT INTO trabalho.comentarios_podcast_usuario VALUES ('comment_198_3_2', 'Consequatur ad doloribus exercitationem in rerum cupiditate rerum fugiat.', '168c1536-4c42-4b8f-8c77-f06affefec6a', 'usr_198');
INSERT INTO trabalho.comentarios_podcast_usuario VALUES ('comment_198_4_2', 'Eos optio ipsum rem est.', '168c1536-4c42-4b8f-8c77-f06affefec6a', 'usr_198');
INSERT INTO trabalho.comentarios_podcast_usuario VALUES ('comment_198_5_2', 'Magni sint omnis iure nesciunt quo.', '168c1536-4c42-4b8f-8c77-f06affefec6a', 'usr_198');
INSERT INTO trabalho.log_acesso VALUES ('log_198_0_2', '168c1536-4c42-4b8f-8c77-f06affefec6a', 'usr_198');
INSERT INTO trabalho.log_acesso VALUES ('log_198_1_2', '168c1536-4c42-4b8f-8c77-f06affefec6a', 'usr_198');
INSERT INTO trabalho.log_acesso VALUES ('log_198_2_2', '168c1536-4c42-4b8f-8c77-f06affefec6a', 'usr_198');
INSERT INTO trabalho.usuario VALUES ('usr_199', '199_Tho.Oliveira86@live.com', 'Théo Oliveira', 'male', 49, 'password', 'Eslováquia');
INSERT INTO trabalho.usuario_esta_inscrito_no_podcast VALUES (2, 'c58b280a-56d4-4ad8-8c85-730e4ea86361', 'usr_199');
INSERT INTO trabalho.comentarios_podcast_usuario VALUES ('comment_199_0_0', 'Exercitationem aut dolor eum molestiae veritatis.', 'c58b280a-56d4-4ad8-8c85-730e4ea86361', 'usr_199');
INSERT INTO trabalho.comentarios_podcast_usuario VALUES ('comment_199_1_0', 'Exercitationem dolorem nesciunt deleniti voluptatem at voluptatem cum.', 'c58b280a-56d4-4ad8-8c85-730e4ea86361', 'usr_199');
INSERT INTO trabalho.comentarios_podcast_usuario VALUES ('comment_199_2_0', 'Omnis aut qui.', 'c58b280a-56d4-4ad8-8c85-730e4ea86361', 'usr_199');
INSERT INTO trabalho.log_acesso VALUES ('log_199_0_0', 'c58b280a-56d4-4ad8-8c85-730e4ea86361', 'usr_199');
INSERT INTO trabalho.log_acesso VALUES ('log_199_1_0', 'c58b280a-56d4-4ad8-8c85-730e4ea86361', 'usr_199');
INSERT INTO trabalho.log_acesso VALUES ('log_199_2_0', 'c58b280a-56d4-4ad8-8c85-730e4ea86361', 'usr_199');
INSERT INTO trabalho.usuario_esta_inscrito_no_podcast VALUES (3, '168c1536-4c42-4b8f-8c77-f06affefec6a', 'usr_199');
INSERT INTO trabalho.comentarios_podcast_usuario VALUES ('comment_199_0_1', 'Voluptate tempora sequi quia magni recusandae repellendus ipsa quos aspernatur.', '168c1536-4c42-4b8f-8c77-f06affefec6a', 'usr_199');
INSERT INTO trabalho.comentarios_podcast_usuario VALUES ('comment_199_1_1', 'Molestiae veniam eveniet commodi dolor.', '168c1536-4c42-4b8f-8c77-f06affefec6a', 'usr_199');
INSERT INTO trabalho.log_acesso VALUES ('log_199_0_1', '168c1536-4c42-4b8f-8c77-f06affefec6a', 'usr_199');
INSERT INTO trabalho.log_acesso VALUES ('log_199_1_1', '168c1536-4c42-4b8f-8c77-f06affefec6a', 'usr_199');
INSERT INTO trabalho.usuario_esta_inscrito_no_podcast VALUES (3, '7e429e8e-7669-403d-bb78-3cd7f9f75afd', 'usr_199');
INSERT INTO trabalho.comentarios_podcast_usuario VALUES ('comment_199_0_2', 'Excepturi similique ipsum.', '7e429e8e-7669-403d-bb78-3cd7f9f75afd', 'usr_199');
INSERT INTO trabalho.comentarios_podcast_usuario VALUES ('comment_199_1_2', 'Omnis itaque repellat sint in.', '7e429e8e-7669-403d-bb78-3cd7f9f75afd', 'usr_199');
INSERT INTO trabalho.comentarios_podcast_usuario VALUES ('comment_199_2_2', 'Qui quod aut.', '7e429e8e-7669-403d-bb78-3cd7f9f75afd', 'usr_199');
INSERT INTO trabalho.log_acesso VALUES ('log_199_0_2', '7e429e8e-7669-403d-bb78-3cd7f9f75afd', 'usr_199');
INSERT INTO trabalho.log_acesso VALUES ('log_199_1_2', '7e429e8e-7669-403d-bb78-3cd7f9f75afd', 'usr_199');
INSERT INTO trabalho.log_acesso VALUES ('log_199_2_2', '7e429e8e-7669-403d-bb78-3cd7f9f75afd', 'usr_199');
INSERT INTO trabalho.log_acesso VALUES ('log_199_3_2', '7e429e8e-7669-403d-bb78-3cd7f9f75afd', 'usr_199');
INSERT INTO trabalho.log_acesso VALUES ('log_199_4_2', '7e429e8e-7669-403d-bb78-3cd7f9f75afd', 'usr_199');
INSERT INTO trabalho.usuario VALUES ('usr_200', '200_Nataniel_Braga4@bol.com.br', 'Nataniel Braga', 'male', 49, 'password', 'Panamá');
INSERT INTO trabalho.usuario_esta_inscrito_no_podcast VALUES (3, 'f1b92ce7-47a7-43cd-8586-4a09185cdd05', 'usr_200');
INSERT INTO trabalho.comentarios_podcast_usuario VALUES ('comment_200_0_0', 'Quo illo cum voluptatem et magnam laboriosam voluptatem.', 'f1b92ce7-47a7-43cd-8586-4a09185cdd05', 'usr_200');
INSERT INTO trabalho.comentarios_podcast_usuario VALUES ('comment_200_1_0', 'In repellendus qui nesciunt recusandae et.', 'f1b92ce7-47a7-43cd-8586-4a09185cdd05', 'usr_200');
INSERT INTO trabalho.comentarios_podcast_usuario VALUES ('comment_200_2_0', 'Consequatur quia veniam nostrum asperiores.', 'f1b92ce7-47a7-43cd-8586-4a09185cdd05', 'usr_200');
INSERT INTO trabalho.comentarios_podcast_usuario VALUES ('comment_200_3_0', 'Facilis est aut.', 'f1b92ce7-47a7-43cd-8586-4a09185cdd05', 'usr_200');
INSERT INTO trabalho.comentarios_podcast_usuario VALUES ('comment_200_4_0', 'Voluptatem fuga rerum aut nobis consequatur rerum voluptas hic magnam.', 'f1b92ce7-47a7-43cd-8586-4a09185cdd05', 'usr_200');
INSERT INTO trabalho.log_acesso VALUES ('log_200_0_0', 'f1b92ce7-47a7-43cd-8586-4a09185cdd05', 'usr_200');
INSERT INTO trabalho.log_acesso VALUES ('log_200_1_0', 'f1b92ce7-47a7-43cd-8586-4a09185cdd05', 'usr_200');
INSERT INTO trabalho.log_acesso VALUES ('log_200_2_0', 'f1b92ce7-47a7-43cd-8586-4a09185cdd05', 'usr_200');
INSERT INTO trabalho.usuario_esta_inscrito_no_podcast VALUES (0, 'bc8dac25-793c-4a96-aafc-4ea7020f4f60', 'usr_200');
INSERT INTO trabalho.comentarios_podcast_usuario VALUES ('comment_200_0_1', 'Commodi perspiciatis quibusdam culpa corrupti facilis facere.', 'bc8dac25-793c-4a96-aafc-4ea7020f4f60', 'usr_200');
INSERT INTO trabalho.comentarios_podcast_usuario VALUES ('comment_200_1_1', 'Sed eos labore error et dolore voluptatum est at aut.', 'bc8dac25-793c-4a96-aafc-4ea7020f4f60', 'usr_200');
INSERT INTO trabalho.comentarios_podcast_usuario VALUES ('comment_200_2_1', 'Dolorum dolor provident nulla pariatur quia illum.', 'bc8dac25-793c-4a96-aafc-4ea7020f4f60', 'usr_200');
INSERT INTO trabalho.log_acesso VALUES ('log_200_0_1', 'bc8dac25-793c-4a96-aafc-4ea7020f4f60', 'usr_200');
INSERT INTO trabalho.log_acesso VALUES ('log_200_1_1', 'bc8dac25-793c-4a96-aafc-4ea7020f4f60', 'usr_200');
INSERT INTO trabalho.log_acesso VALUES ('log_200_2_1', 'bc8dac25-793c-4a96-aafc-4ea7020f4f60', 'usr_200');
INSERT INTO trabalho.log_acesso VALUES ('log_200_3_1', 'bc8dac25-793c-4a96-aafc-4ea7020f4f60', 'usr_200');
INSERT INTO trabalho.usuario_esta_inscrito_no_podcast VALUES (0, '67074e68-bc2f-442b-8af2-7d328b6af6eb', 'usr_200');
INSERT INTO trabalho.comentarios_podcast_usuario VALUES ('comment_200_0_2', 'Hic eum eveniet adipisci et.', '67074e68-bc2f-442b-8af2-7d328b6af6eb', 'usr_200');
INSERT INTO trabalho.comentarios_podcast_usuario VALUES ('comment_200_1_2', 'Assumenda nihil repellat nisi hic tempora.', '67074e68-bc2f-442b-8af2-7d328b6af6eb', 'usr_200');
INSERT INTO trabalho.comentarios_podcast_usuario VALUES ('comment_200_2_2', 'Eos culpa vel autem sed.', '67074e68-bc2f-442b-8af2-7d328b6af6eb', 'usr_200');
INSERT INTO trabalho.comentarios_podcast_usuario VALUES ('comment_200_3_2', 'Aspernatur velit odit sit est qui.', '67074e68-bc2f-442b-8af2-7d328b6af6eb', 'usr_200');
INSERT INTO trabalho.log_acesso VALUES ('log_200_0_2', '67074e68-bc2f-442b-8af2-7d328b6af6eb', 'usr_200');
INSERT INTO trabalho.log_acesso VALUES ('log_200_1_2', '67074e68-bc2f-442b-8af2-7d328b6af6eb', 'usr_200');
INSERT INTO trabalho.usuario VALUES ('usr_201', '201_Anthony_Pereira94@yahoo.com', 'Anthony Pereira', 'male', 41, 'password', 'Estônia');
INSERT INTO trabalho.usuario_esta_inscrito_no_podcast VALUES (5, 'bc8dac25-793c-4a96-aafc-4ea7020f4f60', 'usr_201');
INSERT INTO trabalho.comentarios_podcast_usuario VALUES ('comment_201_0_0', 'Perspiciatis ipsam amet eos ea ullam vitae dolor inventore qui.', 'bc8dac25-793c-4a96-aafc-4ea7020f4f60', 'usr_201');
INSERT INTO trabalho.log_acesso VALUES ('log_201_0_0', 'bc8dac25-793c-4a96-aafc-4ea7020f4f60', 'usr_201');
INSERT INTO trabalho.log_acesso VALUES ('log_201_1_0', 'bc8dac25-793c-4a96-aafc-4ea7020f4f60', 'usr_201');
INSERT INTO trabalho.log_acesso VALUES ('log_201_2_0', 'bc8dac25-793c-4a96-aafc-4ea7020f4f60', 'usr_201');
INSERT INTO trabalho.log_acesso VALUES ('log_201_3_0', 'bc8dac25-793c-4a96-aafc-4ea7020f4f60', 'usr_201');
INSERT INTO trabalho.usuario_esta_inscrito_no_podcast VALUES (4, 'c58b280a-56d4-4ad8-8c85-730e4ea86361', 'usr_201');
INSERT INTO trabalho.comentarios_podcast_usuario VALUES ('comment_201_0_1', 'Dolor quam cum perferendis.', 'c58b280a-56d4-4ad8-8c85-730e4ea86361', 'usr_201');
INSERT INTO trabalho.comentarios_podcast_usuario VALUES ('comment_201_1_1', 'Dolores dolores impedit.', 'c58b280a-56d4-4ad8-8c85-730e4ea86361', 'usr_201');
INSERT INTO trabalho.comentarios_podcast_usuario VALUES ('comment_201_2_1', 'Qui sit soluta nostrum et assumenda aspernatur doloremque.', 'c58b280a-56d4-4ad8-8c85-730e4ea86361', 'usr_201');
INSERT INTO trabalho.log_acesso VALUES ('log_201_0_1', 'c58b280a-56d4-4ad8-8c85-730e4ea86361', 'usr_201');
INSERT INTO trabalho.log_acesso VALUES ('log_201_1_1', 'c58b280a-56d4-4ad8-8c85-730e4ea86361', 'usr_201');
INSERT INTO trabalho.log_acesso VALUES ('log_201_2_1', 'c58b280a-56d4-4ad8-8c85-730e4ea86361', 'usr_201');
INSERT INTO trabalho.log_acesso VALUES ('log_201_3_1', 'c58b280a-56d4-4ad8-8c85-730e4ea86361', 'usr_201');
INSERT INTO trabalho.log_acesso VALUES ('log_201_4_1', 'c58b280a-56d4-4ad8-8c85-730e4ea86361', 'usr_201');
INSERT INTO trabalho.usuario_esta_inscrito_no_podcast VALUES (2, '168c1536-4c42-4b8f-8c77-f06affefec6a', 'usr_201');
INSERT INTO trabalho.comentarios_podcast_usuario VALUES ('comment_201_0_2', 'Facilis earum consequatur.', '168c1536-4c42-4b8f-8c77-f06affefec6a', 'usr_201');
INSERT INTO trabalho.comentarios_podcast_usuario VALUES ('comment_201_1_2', 'Fuga vero est vel.', '168c1536-4c42-4b8f-8c77-f06affefec6a', 'usr_201');
INSERT INTO trabalho.comentarios_podcast_usuario VALUES ('comment_201_2_2', 'Soluta eius officia excepturi.', '168c1536-4c42-4b8f-8c77-f06affefec6a', 'usr_201');
INSERT INTO trabalho.log_acesso VALUES ('log_201_0_2', '168c1536-4c42-4b8f-8c77-f06affefec6a', 'usr_201');
INSERT INTO trabalho.log_acesso VALUES ('log_201_1_2', '168c1536-4c42-4b8f-8c77-f06affefec6a', 'usr_201');
INSERT INTO trabalho.log_acesso VALUES ('log_201_2_2', '168c1536-4c42-4b8f-8c77-f06affefec6a', 'usr_201');
INSERT INTO trabalho.usuario VALUES ('usr_202', '202_Sara.Braga@gmail.com', 'Sara Braga', 'female', 8, 'password', 'Alemanha');
INSERT INTO trabalho.usuario_esta_inscrito_no_podcast VALUES (1, 'fa3abe16-3645-4d22-a01d-893e6f20c408', 'usr_202');
INSERT INTO trabalho.comentarios_podcast_usuario VALUES ('comment_202_0_0', 'Nihil eaque ratione aperiam id iste illo sed sed quam.', 'fa3abe16-3645-4d22-a01d-893e6f20c408', 'usr_202');
INSERT INTO trabalho.comentarios_podcast_usuario VALUES ('comment_202_1_0', 'A consequuntur odio omnis voluptatem dicta.', 'fa3abe16-3645-4d22-a01d-893e6f20c408', 'usr_202');
INSERT INTO trabalho.log_acesso VALUES ('log_202_0_0', 'fa3abe16-3645-4d22-a01d-893e6f20c408', 'usr_202');
INSERT INTO trabalho.log_acesso VALUES ('log_202_1_0', 'fa3abe16-3645-4d22-a01d-893e6f20c408', 'usr_202');
INSERT INTO trabalho.log_acesso VALUES ('log_202_2_0', 'fa3abe16-3645-4d22-a01d-893e6f20c408', 'usr_202');
INSERT INTO trabalho.log_acesso VALUES ('log_202_3_0', 'fa3abe16-3645-4d22-a01d-893e6f20c408', 'usr_202');
INSERT INTO trabalho.usuario_esta_inscrito_no_podcast VALUES (5, 'f8e13774-d631-4f34-93f0-2f5d55590265', 'usr_202');
INSERT INTO trabalho.comentarios_podcast_usuario VALUES ('comment_202_0_1', 'Laboriosam numquam dolorem et deserunt officiis enim velit eius error.', 'f8e13774-d631-4f34-93f0-2f5d55590265', 'usr_202');
INSERT INTO trabalho.comentarios_podcast_usuario VALUES ('comment_202_1_1', 'Eos minus molestiae quis odio aut aliquam.', 'f8e13774-d631-4f34-93f0-2f5d55590265', 'usr_202');
INSERT INTO trabalho.log_acesso VALUES ('log_202_0_1', 'f8e13774-d631-4f34-93f0-2f5d55590265', 'usr_202');
INSERT INTO trabalho.log_acesso VALUES ('log_202_1_1', 'f8e13774-d631-4f34-93f0-2f5d55590265', 'usr_202');
INSERT INTO trabalho.log_acesso VALUES ('log_202_2_1', 'f8e13774-d631-4f34-93f0-2f5d55590265', 'usr_202');
INSERT INTO trabalho.usuario_esta_inscrito_no_podcast VALUES (0, '168c1536-4c42-4b8f-8c77-f06affefec6a', 'usr_202');
INSERT INTO trabalho.comentarios_podcast_usuario VALUES ('comment_202_0_2', 'Dolor voluptas quaerat tempore et voluptas sed consectetur.', '168c1536-4c42-4b8f-8c77-f06affefec6a', 'usr_202');
INSERT INTO trabalho.comentarios_podcast_usuario VALUES ('comment_202_1_2', 'Molestiae ut pariatur ea recusandae voluptas exercitationem deserunt consequatur.', '168c1536-4c42-4b8f-8c77-f06affefec6a', 'usr_202');
INSERT INTO trabalho.comentarios_podcast_usuario VALUES ('comment_202_2_2', 'Deleniti repellat vitae ipsum eos delectus.', '168c1536-4c42-4b8f-8c77-f06affefec6a', 'usr_202');
INSERT INTO trabalho.log_acesso VALUES ('log_202_0_2', '168c1536-4c42-4b8f-8c77-f06affefec6a', 'usr_202');
INSERT INTO trabalho.log_acesso VALUES ('log_202_1_2', '168c1536-4c42-4b8f-8c77-f06affefec6a', 'usr_202');
INSERT INTO trabalho.log_acesso VALUES ('log_202_2_2', '168c1536-4c42-4b8f-8c77-f06affefec6a', 'usr_202');
INSERT INTO trabalho.log_acesso VALUES ('log_202_3_2', '168c1536-4c42-4b8f-8c77-f06affefec6a', 'usr_202');
INSERT INTO trabalho.log_acesso VALUES ('log_202_4_2', '168c1536-4c42-4b8f-8c77-f06affefec6a', 'usr_202');
INSERT INTO trabalho.usuario VALUES ('usr_203', '203_Clara_Macedo51@bol.com.br', 'Clara Macedo', 'female', 55, 'password', 'Benin');
INSERT INTO trabalho.usuario_esta_inscrito_no_podcast VALUES (2, 'fa3abe16-3645-4d22-a01d-893e6f20c408', 'usr_203');
INSERT INTO trabalho.comentarios_podcast_usuario VALUES ('comment_203_0_0', 'Ut est aspernatur eos sint atque veritatis maiores.', 'fa3abe16-3645-4d22-a01d-893e6f20c408', 'usr_203');
INSERT INTO trabalho.comentarios_podcast_usuario VALUES ('comment_203_1_0', 'Magni sit ratione voluptate officiis facere.', 'fa3abe16-3645-4d22-a01d-893e6f20c408', 'usr_203');
INSERT INTO trabalho.log_acesso VALUES ('log_203_0_0', 'fa3abe16-3645-4d22-a01d-893e6f20c408', 'usr_203');
INSERT INTO trabalho.log_acesso VALUES ('log_203_1_0', 'fa3abe16-3645-4d22-a01d-893e6f20c408', 'usr_203');
INSERT INTO trabalho.log_acesso VALUES ('log_203_2_0', 'fa3abe16-3645-4d22-a01d-893e6f20c408', 'usr_203');
INSERT INTO trabalho.usuario_esta_inscrito_no_podcast VALUES (1, 'f0166bd2-8e4d-4308-b5d7-0b3d627c5dc5', 'usr_203');
INSERT INTO trabalho.comentarios_podcast_usuario VALUES ('comment_203_0_1', 'Necessitatibus et veritatis sint enim inventore ut in minus.', 'f0166bd2-8e4d-4308-b5d7-0b3d627c5dc5', 'usr_203');
INSERT INTO trabalho.comentarios_podcast_usuario VALUES ('comment_203_1_1', 'Sit mollitia non blanditiis dolores excepturi aut voluptatem et aliquam.', 'f0166bd2-8e4d-4308-b5d7-0b3d627c5dc5', 'usr_203');
INSERT INTO trabalho.comentarios_podcast_usuario VALUES ('comment_203_2_1', 'Et deleniti ut modi sed alias eum voluptas.', 'f0166bd2-8e4d-4308-b5d7-0b3d627c5dc5', 'usr_203');
INSERT INTO trabalho.comentarios_podcast_usuario VALUES ('comment_203_3_1', 'Dolorem itaque maiores sunt voluptatem deleniti et.', 'f0166bd2-8e4d-4308-b5d7-0b3d627c5dc5', 'usr_203');
INSERT INTO trabalho.log_acesso VALUES ('log_203_0_1', 'f0166bd2-8e4d-4308-b5d7-0b3d627c5dc5', 'usr_203');
INSERT INTO trabalho.log_acesso VALUES ('log_203_1_1', 'f0166bd2-8e4d-4308-b5d7-0b3d627c5dc5', 'usr_203');
INSERT INTO trabalho.log_acesso VALUES ('log_203_2_1', 'f0166bd2-8e4d-4308-b5d7-0b3d627c5dc5', 'usr_203');
INSERT INTO trabalho.log_acesso VALUES ('log_203_3_1', 'f0166bd2-8e4d-4308-b5d7-0b3d627c5dc5', 'usr_203');
INSERT INTO trabalho.log_acesso VALUES ('log_203_4_1', 'f0166bd2-8e4d-4308-b5d7-0b3d627c5dc5', 'usr_203');
INSERT INTO trabalho.log_acesso VALUES ('log_203_5_1', 'f0166bd2-8e4d-4308-b5d7-0b3d627c5dc5', 'usr_203');
INSERT INTO trabalho.log_acesso VALUES ('log_203_6_1', 'f0166bd2-8e4d-4308-b5d7-0b3d627c5dc5', 'usr_203');
INSERT INTO trabalho.log_acesso VALUES ('log_203_7_1', 'f0166bd2-8e4d-4308-b5d7-0b3d627c5dc5', 'usr_203');
INSERT INTO trabalho.log_acesso VALUES ('log_203_8_1', 'f0166bd2-8e4d-4308-b5d7-0b3d627c5dc5', 'usr_203');
INSERT INTO trabalho.usuario_esta_inscrito_no_podcast VALUES (5, 'c58b280a-56d4-4ad8-8c85-730e4ea86361', 'usr_203');
INSERT INTO trabalho.comentarios_podcast_usuario VALUES ('comment_203_0_2', 'Aliquam voluptatem corrupti.', 'c58b280a-56d4-4ad8-8c85-730e4ea86361', 'usr_203');
INSERT INTO trabalho.comentarios_podcast_usuario VALUES ('comment_203_1_2', 'Iure consequatur qui sed possimus consequuntur maiores doloremque nulla.', 'c58b280a-56d4-4ad8-8c85-730e4ea86361', 'usr_203');
INSERT INTO trabalho.comentarios_podcast_usuario VALUES ('comment_203_2_2', 'Est at qui et sint ad quis ut libero.', 'c58b280a-56d4-4ad8-8c85-730e4ea86361', 'usr_203');
INSERT INTO trabalho.comentarios_podcast_usuario VALUES ('comment_203_3_2', 'Quia ab repellendus eveniet.', 'c58b280a-56d4-4ad8-8c85-730e4ea86361', 'usr_203');
INSERT INTO trabalho.log_acesso VALUES ('log_203_0_2', 'c58b280a-56d4-4ad8-8c85-730e4ea86361', 'usr_203');
INSERT INTO trabalho.log_acesso VALUES ('log_203_1_2', 'c58b280a-56d4-4ad8-8c85-730e4ea86361', 'usr_203');
INSERT INTO trabalho.usuario VALUES ('usr_204', '204_Eduardo24@live.com', 'Eduardo Batista', 'male', 10, 'password', 'Suíça');
INSERT INTO trabalho.usuario_esta_inscrito_no_podcast VALUES (4, 'de2f0ddb-9903-436a-a5e2-54224254c818', 'usr_204');
INSERT INTO trabalho.comentarios_podcast_usuario VALUES ('comment_204_0_0', 'Et ipsa ut nam id praesentium.', 'de2f0ddb-9903-436a-a5e2-54224254c818', 'usr_204');
INSERT INTO trabalho.comentarios_podcast_usuario VALUES ('comment_204_1_0', 'Est a voluptas laudantium id sequi aliquam.', 'de2f0ddb-9903-436a-a5e2-54224254c818', 'usr_204');
INSERT INTO trabalho.comentarios_podcast_usuario VALUES ('comment_204_2_0', 'At officiis eaque consectetur quis et corporis.', 'de2f0ddb-9903-436a-a5e2-54224254c818', 'usr_204');
INSERT INTO trabalho.comentarios_podcast_usuario VALUES ('comment_204_3_0', 'Possimus et consequuntur hic ad quos.', 'de2f0ddb-9903-436a-a5e2-54224254c818', 'usr_204');
INSERT INTO trabalho.comentarios_podcast_usuario VALUES ('comment_204_4_0', 'Et est ab qui dolore blanditiis laborum sit.', 'de2f0ddb-9903-436a-a5e2-54224254c818', 'usr_204');
INSERT INTO trabalho.log_acesso VALUES ('log_204_0_0', 'de2f0ddb-9903-436a-a5e2-54224254c818', 'usr_204');
INSERT INTO trabalho.log_acesso VALUES ('log_204_1_0', 'de2f0ddb-9903-436a-a5e2-54224254c818', 'usr_204');
INSERT INTO trabalho.log_acesso VALUES ('log_204_2_0', 'de2f0ddb-9903-436a-a5e2-54224254c818', 'usr_204');
INSERT INTO trabalho.log_acesso VALUES ('log_204_3_0', 'de2f0ddb-9903-436a-a5e2-54224254c818', 'usr_204');
INSERT INTO trabalho.usuario_esta_inscrito_no_podcast VALUES (1, '168c1536-4c42-4b8f-8c77-f06affefec6a', 'usr_204');
INSERT INTO trabalho.comentarios_podcast_usuario VALUES ('comment_204_0_1', 'Et consequatur aliquid.', '168c1536-4c42-4b8f-8c77-f06affefec6a', 'usr_204');
INSERT INTO trabalho.comentarios_podcast_usuario VALUES ('comment_204_1_1', 'Eos omnis eos quia in molestias eum inventore vitae distinctio.', '168c1536-4c42-4b8f-8c77-f06affefec6a', 'usr_204');
INSERT INTO trabalho.log_acesso VALUES ('log_204_0_1', '168c1536-4c42-4b8f-8c77-f06affefec6a', 'usr_204');
INSERT INTO trabalho.log_acesso VALUES ('log_204_1_1', '168c1536-4c42-4b8f-8c77-f06affefec6a', 'usr_204');
INSERT INTO trabalho.usuario_esta_inscrito_no_podcast VALUES (2, 'c58b280a-56d4-4ad8-8c85-730e4ea86361', 'usr_204');
INSERT INTO trabalho.comentarios_podcast_usuario VALUES ('comment_204_0_2', 'Ut incidunt aut culpa autem mollitia quae.', 'c58b280a-56d4-4ad8-8c85-730e4ea86361', 'usr_204');
INSERT INTO trabalho.log_acesso VALUES ('log_204_0_2', 'c58b280a-56d4-4ad8-8c85-730e4ea86361', 'usr_204');
INSERT INTO trabalho.log_acesso VALUES ('log_204_1_2', 'c58b280a-56d4-4ad8-8c85-730e4ea86361', 'usr_204');
INSERT INTO trabalho.log_acesso VALUES ('log_204_2_2', 'c58b280a-56d4-4ad8-8c85-730e4ea86361', 'usr_204');
INSERT INTO trabalho.usuario VALUES ('usr_205', '205_Sulen3@hotmail.com', 'Suélen Batista', 'female', 14, 'password', 'Martinica');
INSERT INTO trabalho.usuario_esta_inscrito_no_podcast VALUES (0, 'bc8dac25-793c-4a96-aafc-4ea7020f4f60', 'usr_205');
INSERT INTO trabalho.comentarios_podcast_usuario VALUES ('comment_205_0_0', 'Minima harum voluptatem.', 'bc8dac25-793c-4a96-aafc-4ea7020f4f60', 'usr_205');
INSERT INTO trabalho.comentarios_podcast_usuario VALUES ('comment_205_1_0', 'Officiis labore rerum laborum et aut recusandae exercitationem.', 'bc8dac25-793c-4a96-aafc-4ea7020f4f60', 'usr_205');
INSERT INTO trabalho.comentarios_podcast_usuario VALUES ('comment_205_2_0', 'Sed consequatur odio aspernatur ea et sit esse.', 'bc8dac25-793c-4a96-aafc-4ea7020f4f60', 'usr_205');
INSERT INTO trabalho.comentarios_podcast_usuario VALUES ('comment_205_3_0', 'Cupiditate eligendi non dicta accusamus repellendus et.', 'bc8dac25-793c-4a96-aafc-4ea7020f4f60', 'usr_205');
INSERT INTO trabalho.log_acesso VALUES ('log_205_0_0', 'bc8dac25-793c-4a96-aafc-4ea7020f4f60', 'usr_205');
INSERT INTO trabalho.log_acesso VALUES ('log_205_1_0', 'bc8dac25-793c-4a96-aafc-4ea7020f4f60', 'usr_205');
INSERT INTO trabalho.log_acesso VALUES ('log_205_2_0', 'bc8dac25-793c-4a96-aafc-4ea7020f4f60', 'usr_205');
INSERT INTO trabalho.log_acesso VALUES ('log_205_3_0', 'bc8dac25-793c-4a96-aafc-4ea7020f4f60', 'usr_205');
INSERT INTO trabalho.log_acesso VALUES ('log_205_4_0', 'bc8dac25-793c-4a96-aafc-4ea7020f4f60', 'usr_205');
INSERT INTO trabalho.log_acesso VALUES ('log_205_5_0', 'bc8dac25-793c-4a96-aafc-4ea7020f4f60', 'usr_205');
INSERT INTO trabalho.usuario_esta_inscrito_no_podcast VALUES (1, 'fa3abe16-3645-4d22-a01d-893e6f20c408', 'usr_205');
INSERT INTO trabalho.comentarios_podcast_usuario VALUES ('comment_205_0_1', 'Repudiandae est quaerat alias voluptates eos.', 'fa3abe16-3645-4d22-a01d-893e6f20c408', 'usr_205');
INSERT INTO trabalho.comentarios_podcast_usuario VALUES ('comment_205_1_1', 'Ducimus reiciendis aliquam.', 'fa3abe16-3645-4d22-a01d-893e6f20c408', 'usr_205');
INSERT INTO trabalho.comentarios_podcast_usuario VALUES ('comment_205_2_1', 'Nostrum quia voluptatem ut aut omnis vitae perspiciatis.', 'fa3abe16-3645-4d22-a01d-893e6f20c408', 'usr_205');
INSERT INTO trabalho.log_acesso VALUES ('log_205_0_1', 'fa3abe16-3645-4d22-a01d-893e6f20c408', 'usr_205');
INSERT INTO trabalho.log_acesso VALUES ('log_205_1_1', 'fa3abe16-3645-4d22-a01d-893e6f20c408', 'usr_205');
INSERT INTO trabalho.log_acesso VALUES ('log_205_2_1', 'fa3abe16-3645-4d22-a01d-893e6f20c408', 'usr_205');
INSERT INTO trabalho.log_acesso VALUES ('log_205_3_1', 'fa3abe16-3645-4d22-a01d-893e6f20c408', 'usr_205');
INSERT INTO trabalho.log_acesso VALUES ('log_205_4_1', 'fa3abe16-3645-4d22-a01d-893e6f20c408', 'usr_205');
INSERT INTO trabalho.usuario_esta_inscrito_no_podcast VALUES (0, '5bdf7377-8330-4f9f-8efd-e95301c122ce', 'usr_205');
INSERT INTO trabalho.comentarios_podcast_usuario VALUES ('comment_205_0_2', 'Ratione quasi libero quas non consequuntur.', '5bdf7377-8330-4f9f-8efd-e95301c122ce', 'usr_205');
INSERT INTO trabalho.comentarios_podcast_usuario VALUES ('comment_205_1_2', 'Pariatur corporis aliquam mollitia optio ad velit laborum corporis.', '5bdf7377-8330-4f9f-8efd-e95301c122ce', 'usr_205');
INSERT INTO trabalho.comentarios_podcast_usuario VALUES ('comment_205_2_2', 'Tempore iste sed officia.', '5bdf7377-8330-4f9f-8efd-e95301c122ce', 'usr_205');
INSERT INTO trabalho.comentarios_podcast_usuario VALUES ('comment_205_3_2', 'Laboriosam voluptatum praesentium natus.', '5bdf7377-8330-4f9f-8efd-e95301c122ce', 'usr_205');
INSERT INTO trabalho.log_acesso VALUES ('log_205_0_2', '5bdf7377-8330-4f9f-8efd-e95301c122ce', 'usr_205');
INSERT INTO trabalho.log_acesso VALUES ('log_205_1_2', '5bdf7377-8330-4f9f-8efd-e95301c122ce', 'usr_205');
INSERT INTO trabalho.log_acesso VALUES ('log_205_2_2', '5bdf7377-8330-4f9f-8efd-e95301c122ce', 'usr_205');
INSERT INTO trabalho.log_acesso VALUES ('log_205_3_2', '5bdf7377-8330-4f9f-8efd-e95301c122ce', 'usr_205');
INSERT INTO trabalho.log_acesso VALUES ('log_205_4_2', '5bdf7377-8330-4f9f-8efd-e95301c122ce', 'usr_205');
INSERT INTO trabalho.usuario VALUES ('usr_206', '206_Beatriz78@hotmail.com', 'Beatriz Pereira', 'female', 30, 'password', 'Burundi');
INSERT INTO trabalho.usuario_esta_inscrito_no_podcast VALUES (0, 'f0166bd2-8e4d-4308-b5d7-0b3d627c5dc5', 'usr_206');
INSERT INTO trabalho.comentarios_podcast_usuario VALUES ('comment_206_0_0', 'Et provident et laboriosam et eligendi ullam.', 'f0166bd2-8e4d-4308-b5d7-0b3d627c5dc5', 'usr_206');
INSERT INTO trabalho.comentarios_podcast_usuario VALUES ('comment_206_1_0', 'Voluptas officia sint quia dicta voluptatem eos eius est voluptate.', 'f0166bd2-8e4d-4308-b5d7-0b3d627c5dc5', 'usr_206');
INSERT INTO trabalho.comentarios_podcast_usuario VALUES ('comment_206_2_0', 'Qui at ex incidunt.', 'f0166bd2-8e4d-4308-b5d7-0b3d627c5dc5', 'usr_206');
INSERT INTO trabalho.log_acesso VALUES ('log_206_0_0', 'f0166bd2-8e4d-4308-b5d7-0b3d627c5dc5', 'usr_206');
INSERT INTO trabalho.usuario_esta_inscrito_no_podcast VALUES (5, '5bdf7377-8330-4f9f-8efd-e95301c122ce', 'usr_206');
INSERT INTO trabalho.comentarios_podcast_usuario VALUES ('comment_206_0_1', 'Facere quo dolores rerum.', '5bdf7377-8330-4f9f-8efd-e95301c122ce', 'usr_206');
INSERT INTO trabalho.log_acesso VALUES ('log_206_0_1', '5bdf7377-8330-4f9f-8efd-e95301c122ce', 'usr_206');
INSERT INTO trabalho.log_acesso VALUES ('log_206_1_1', '5bdf7377-8330-4f9f-8efd-e95301c122ce', 'usr_206');
INSERT INTO trabalho.log_acesso VALUES ('log_206_2_1', '5bdf7377-8330-4f9f-8efd-e95301c122ce', 'usr_206');
INSERT INTO trabalho.log_acesso VALUES ('log_206_3_1', '5bdf7377-8330-4f9f-8efd-e95301c122ce', 'usr_206');
INSERT INTO trabalho.log_acesso VALUES ('log_206_4_1', '5bdf7377-8330-4f9f-8efd-e95301c122ce', 'usr_206');
INSERT INTO trabalho.log_acesso VALUES ('log_206_5_1', '5bdf7377-8330-4f9f-8efd-e95301c122ce', 'usr_206');
INSERT INTO trabalho.log_acesso VALUES ('log_206_6_1', '5bdf7377-8330-4f9f-8efd-e95301c122ce', 'usr_206');
INSERT INTO trabalho.usuario_esta_inscrito_no_podcast VALUES (3, 'bc8dac25-793c-4a96-aafc-4ea7020f4f60', 'usr_206');
INSERT INTO trabalho.comentarios_podcast_usuario VALUES ('comment_206_0_2', 'Quam aut tenetur.', 'bc8dac25-793c-4a96-aafc-4ea7020f4f60', 'usr_206');
INSERT INTO trabalho.comentarios_podcast_usuario VALUES ('comment_206_1_2', 'Omnis expedita voluptatem sapiente dolores at quia excepturi quia ut.', 'bc8dac25-793c-4a96-aafc-4ea7020f4f60', 'usr_206');
INSERT INTO trabalho.log_acesso VALUES ('log_206_0_2', 'bc8dac25-793c-4a96-aafc-4ea7020f4f60', 'usr_206');
INSERT INTO trabalho.log_acesso VALUES ('log_206_1_2', 'bc8dac25-793c-4a96-aafc-4ea7020f4f60', 'usr_206');
INSERT INTO trabalho.usuario VALUES ('usr_207', '207_Dalila87@live.com', 'Dalila Santos', 'female', 26, 'password', 'Chade');
INSERT INTO trabalho.usuario_esta_inscrito_no_podcast VALUES (4, 'bc8dac25-793c-4a96-aafc-4ea7020f4f60', 'usr_207');
INSERT INTO trabalho.comentarios_podcast_usuario VALUES ('comment_207_0_0', 'Rerum consequatur nemo qui.', 'bc8dac25-793c-4a96-aafc-4ea7020f4f60', 'usr_207');
INSERT INTO trabalho.comentarios_podcast_usuario VALUES ('comment_207_1_0', 'Mollitia natus ea fugit quisquam voluptas quas.', 'bc8dac25-793c-4a96-aafc-4ea7020f4f60', 'usr_207');
INSERT INTO trabalho.comentarios_podcast_usuario VALUES ('comment_207_2_0', 'Sed commodi modi voluptates libero rerum aut est libero molestiae.', 'bc8dac25-793c-4a96-aafc-4ea7020f4f60', 'usr_207');
INSERT INTO trabalho.comentarios_podcast_usuario VALUES ('comment_207_3_0', 'Harum nobis cupiditate.', 'bc8dac25-793c-4a96-aafc-4ea7020f4f60', 'usr_207');
INSERT INTO trabalho.comentarios_podcast_usuario VALUES ('comment_207_4_0', 'Eaque ex sapiente iure et ea voluptatum.', 'bc8dac25-793c-4a96-aafc-4ea7020f4f60', 'usr_207');
INSERT INTO trabalho.comentarios_podcast_usuario VALUES ('comment_207_5_0', 'Aut nobis est magnam unde.', 'bc8dac25-793c-4a96-aafc-4ea7020f4f60', 'usr_207');
INSERT INTO trabalho.log_acesso VALUES ('log_207_0_0', 'bc8dac25-793c-4a96-aafc-4ea7020f4f60', 'usr_207');
INSERT INTO trabalho.log_acesso VALUES ('log_207_1_0', 'bc8dac25-793c-4a96-aafc-4ea7020f4f60', 'usr_207');
INSERT INTO trabalho.log_acesso VALUES ('log_207_2_0', 'bc8dac25-793c-4a96-aafc-4ea7020f4f60', 'usr_207');
INSERT INTO trabalho.log_acesso VALUES ('log_207_3_0', 'bc8dac25-793c-4a96-aafc-4ea7020f4f60', 'usr_207');
INSERT INTO trabalho.log_acesso VALUES ('log_207_4_0', 'bc8dac25-793c-4a96-aafc-4ea7020f4f60', 'usr_207');
INSERT INTO trabalho.log_acesso VALUES ('log_207_5_0', 'bc8dac25-793c-4a96-aafc-4ea7020f4f60', 'usr_207');
INSERT INTO trabalho.usuario_esta_inscrito_no_podcast VALUES (0, 'fa3abe16-3645-4d22-a01d-893e6f20c408', 'usr_207');
INSERT INTO trabalho.comentarios_podcast_usuario VALUES ('comment_207_0_1', 'Nesciunt eos incidunt sed neque totam ab.', 'fa3abe16-3645-4d22-a01d-893e6f20c408', 'usr_207');
INSERT INTO trabalho.comentarios_podcast_usuario VALUES ('comment_207_1_1', 'Fugit omnis repudiandae quas non perferendis voluptatem dignissimos illo.', 'fa3abe16-3645-4d22-a01d-893e6f20c408', 'usr_207');
INSERT INTO trabalho.comentarios_podcast_usuario VALUES ('comment_207_2_1', 'Enim saepe eius similique.', 'fa3abe16-3645-4d22-a01d-893e6f20c408', 'usr_207');
INSERT INTO trabalho.comentarios_podcast_usuario VALUES ('comment_207_3_1', 'Sit provident similique facilis et.', 'fa3abe16-3645-4d22-a01d-893e6f20c408', 'usr_207');
INSERT INTO trabalho.comentarios_podcast_usuario VALUES ('comment_207_4_1', 'Qui qui sit id facere consequuntur.', 'fa3abe16-3645-4d22-a01d-893e6f20c408', 'usr_207');
INSERT INTO trabalho.log_acesso VALUES ('log_207_0_1', 'fa3abe16-3645-4d22-a01d-893e6f20c408', 'usr_207');
INSERT INTO trabalho.log_acesso VALUES ('log_207_1_1', 'fa3abe16-3645-4d22-a01d-893e6f20c408', 'usr_207');
INSERT INTO trabalho.log_acesso VALUES ('log_207_2_1', 'fa3abe16-3645-4d22-a01d-893e6f20c408', 'usr_207');
INSERT INTO trabalho.log_acesso VALUES ('log_207_3_1', 'fa3abe16-3645-4d22-a01d-893e6f20c408', 'usr_207');
INSERT INTO trabalho.usuario_esta_inscrito_no_podcast VALUES (3, 'f1b92ce7-47a7-43cd-8586-4a09185cdd05', 'usr_207');
INSERT INTO trabalho.comentarios_podcast_usuario VALUES ('comment_207_0_2', 'Consectetur illum quia qui et molestiae et.', 'f1b92ce7-47a7-43cd-8586-4a09185cdd05', 'usr_207');
INSERT INTO trabalho.comentarios_podcast_usuario VALUES ('comment_207_1_2', 'Odio enim possimus dicta.', 'f1b92ce7-47a7-43cd-8586-4a09185cdd05', 'usr_207');
INSERT INTO trabalho.comentarios_podcast_usuario VALUES ('comment_207_2_2', 'Ipsam inventore tempore iusto et molestiae aut corrupti.', 'f1b92ce7-47a7-43cd-8586-4a09185cdd05', 'usr_207');
INSERT INTO trabalho.comentarios_podcast_usuario VALUES ('comment_207_3_2', 'Dolores quod quod placeat.', 'f1b92ce7-47a7-43cd-8586-4a09185cdd05', 'usr_207');
INSERT INTO trabalho.log_acesso VALUES ('log_207_0_2', 'f1b92ce7-47a7-43cd-8586-4a09185cdd05', 'usr_207');
INSERT INTO trabalho.log_acesso VALUES ('log_207_1_2', 'f1b92ce7-47a7-43cd-8586-4a09185cdd05', 'usr_207');
INSERT INTO trabalho.log_acesso VALUES ('log_207_2_2', 'f1b92ce7-47a7-43cd-8586-4a09185cdd05', 'usr_207');
INSERT INTO trabalho.usuario VALUES ('usr_208', '208_Vicente.Oliveira@live.com', 'Vicente Oliveira', 'male', 22, 'password', 'Moçambique');
INSERT INTO trabalho.usuario_esta_inscrito_no_podcast VALUES (3, 'f0166bd2-8e4d-4308-b5d7-0b3d627c5dc5', 'usr_208');
INSERT INTO trabalho.comentarios_podcast_usuario VALUES ('comment_208_0_0', 'Repellendus autem dolore itaque aliquam ut.', 'f0166bd2-8e4d-4308-b5d7-0b3d627c5dc5', 'usr_208');
INSERT INTO trabalho.log_acesso VALUES ('log_208_0_0', 'f0166bd2-8e4d-4308-b5d7-0b3d627c5dc5', 'usr_208');
INSERT INTO trabalho.log_acesso VALUES ('log_208_1_0', 'f0166bd2-8e4d-4308-b5d7-0b3d627c5dc5', 'usr_208');
INSERT INTO trabalho.usuario_esta_inscrito_no_podcast VALUES (3, 'de2f0ddb-9903-436a-a5e2-54224254c818', 'usr_208');
INSERT INTO trabalho.comentarios_podcast_usuario VALUES ('comment_208_0_1', 'Non dolorum dolor vitae.', 'de2f0ddb-9903-436a-a5e2-54224254c818', 'usr_208');
INSERT INTO trabalho.comentarios_podcast_usuario VALUES ('comment_208_1_1', 'Sed et quibusdam et laboriosam mollitia.', 'de2f0ddb-9903-436a-a5e2-54224254c818', 'usr_208');
INSERT INTO trabalho.comentarios_podcast_usuario VALUES ('comment_208_2_1', 'Non deserunt distinctio repellendus deleniti.', 'de2f0ddb-9903-436a-a5e2-54224254c818', 'usr_208');
INSERT INTO trabalho.comentarios_podcast_usuario VALUES ('comment_208_3_1', 'Cumque laboriosam ut earum possimus aut atque.', 'de2f0ddb-9903-436a-a5e2-54224254c818', 'usr_208');
INSERT INTO trabalho.log_acesso VALUES ('log_208_0_1', 'de2f0ddb-9903-436a-a5e2-54224254c818', 'usr_208');
INSERT INTO trabalho.log_acesso VALUES ('log_208_1_1', 'de2f0ddb-9903-436a-a5e2-54224254c818', 'usr_208');
INSERT INTO trabalho.usuario_esta_inscrito_no_podcast VALUES (0, '67074e68-bc2f-442b-8af2-7d328b6af6eb', 'usr_208');
INSERT INTO trabalho.comentarios_podcast_usuario VALUES ('comment_208_0_2', 'Perspiciatis voluptatem harum iure officiis nobis explicabo.', '67074e68-bc2f-442b-8af2-7d328b6af6eb', 'usr_208');
INSERT INTO trabalho.comentarios_podcast_usuario VALUES ('comment_208_1_2', 'Possimus laboriosam odio deleniti sapiente iure consectetur et.', '67074e68-bc2f-442b-8af2-7d328b6af6eb', 'usr_208');
INSERT INTO trabalho.log_acesso VALUES ('log_208_0_2', '67074e68-bc2f-442b-8af2-7d328b6af6eb', 'usr_208');
INSERT INTO trabalho.log_acesso VALUES ('log_208_1_2', '67074e68-bc2f-442b-8af2-7d328b6af6eb', 'usr_208');
INSERT INTO trabalho.log_acesso VALUES ('log_208_2_2', '67074e68-bc2f-442b-8af2-7d328b6af6eb', 'usr_208');
INSERT INTO trabalho.usuario VALUES ('usr_209', '209_Elisa70@gmail.com', 'Elisa Saraiva', 'female', 57, 'password', 'Noruega');
INSERT INTO trabalho.usuario_esta_inscrito_no_podcast VALUES (4, '7e429e8e-7669-403d-bb78-3cd7f9f75afd', 'usr_209');
INSERT INTO trabalho.comentarios_podcast_usuario VALUES ('comment_209_0_0', 'Repellendus vel ipsum assumenda.', '7e429e8e-7669-403d-bb78-3cd7f9f75afd', 'usr_209');
INSERT INTO trabalho.comentarios_podcast_usuario VALUES ('comment_209_1_0', 'Accusamus accusantium omnis sit voluptates omnis dolores minus.', '7e429e8e-7669-403d-bb78-3cd7f9f75afd', 'usr_209');
INSERT INTO trabalho.comentarios_podcast_usuario VALUES ('comment_209_2_0', 'Id quia voluptates quo dicta.', '7e429e8e-7669-403d-bb78-3cd7f9f75afd', 'usr_209');
INSERT INTO trabalho.log_acesso VALUES ('log_209_0_0', '7e429e8e-7669-403d-bb78-3cd7f9f75afd', 'usr_209');
INSERT INTO trabalho.log_acesso VALUES ('log_209_1_0', '7e429e8e-7669-403d-bb78-3cd7f9f75afd', 'usr_209');
INSERT INTO trabalho.log_acesso VALUES ('log_209_2_0', '7e429e8e-7669-403d-bb78-3cd7f9f75afd', 'usr_209');
INSERT INTO trabalho.log_acesso VALUES ('log_209_3_0', '7e429e8e-7669-403d-bb78-3cd7f9f75afd', 'usr_209');
INSERT INTO trabalho.log_acesso VALUES ('log_209_4_0', '7e429e8e-7669-403d-bb78-3cd7f9f75afd', 'usr_209');
INSERT INTO trabalho.usuario_esta_inscrito_no_podcast VALUES (0, 'bc8dac25-793c-4a96-aafc-4ea7020f4f60', 'usr_209');
INSERT INTO trabalho.comentarios_podcast_usuario VALUES ('comment_209_0_1', 'Non a fuga error.', 'bc8dac25-793c-4a96-aafc-4ea7020f4f60', 'usr_209');
INSERT INTO trabalho.comentarios_podcast_usuario VALUES ('comment_209_1_1', 'Laudantium officiis repudiandae eligendi.', 'bc8dac25-793c-4a96-aafc-4ea7020f4f60', 'usr_209');
INSERT INTO trabalho.comentarios_podcast_usuario VALUES ('comment_209_2_1', 'Adipisci temporibus ad consequuntur.', 'bc8dac25-793c-4a96-aafc-4ea7020f4f60', 'usr_209');
INSERT INTO trabalho.comentarios_podcast_usuario VALUES ('comment_209_3_1', 'Distinctio doloremque sed assumenda veniam assumenda deleniti occaecati dolore corrupti.', 'bc8dac25-793c-4a96-aafc-4ea7020f4f60', 'usr_209');
INSERT INTO trabalho.log_acesso VALUES ('log_209_0_1', 'bc8dac25-793c-4a96-aafc-4ea7020f4f60', 'usr_209');
INSERT INTO trabalho.log_acesso VALUES ('log_209_1_1', 'bc8dac25-793c-4a96-aafc-4ea7020f4f60', 'usr_209');
INSERT INTO trabalho.log_acesso VALUES ('log_209_2_1', 'bc8dac25-793c-4a96-aafc-4ea7020f4f60', 'usr_209');
INSERT INTO trabalho.log_acesso VALUES ('log_209_3_1', 'bc8dac25-793c-4a96-aafc-4ea7020f4f60', 'usr_209');
INSERT INTO trabalho.log_acesso VALUES ('log_209_4_1', 'bc8dac25-793c-4a96-aafc-4ea7020f4f60', 'usr_209');
INSERT INTO trabalho.log_acesso VALUES ('log_209_5_1', 'bc8dac25-793c-4a96-aafc-4ea7020f4f60', 'usr_209');
INSERT INTO trabalho.usuario_esta_inscrito_no_podcast VALUES (2, '168c1536-4c42-4b8f-8c77-f06affefec6a', 'usr_209');
INSERT INTO trabalho.comentarios_podcast_usuario VALUES ('comment_209_0_2', 'Aut libero et voluptates nihil dolor.', '168c1536-4c42-4b8f-8c77-f06affefec6a', 'usr_209');
INSERT INTO trabalho.comentarios_podcast_usuario VALUES ('comment_209_1_2', 'Porro repellat nihil sunt autem qui et id eum repudiandae.', '168c1536-4c42-4b8f-8c77-f06affefec6a', 'usr_209');
INSERT INTO trabalho.comentarios_podcast_usuario VALUES ('comment_209_2_2', 'Eos incidunt rem odit molestiae atque.', '168c1536-4c42-4b8f-8c77-f06affefec6a', 'usr_209');
INSERT INTO trabalho.comentarios_podcast_usuario VALUES ('comment_209_3_2', 'Asperiores perspiciatis inventore nihil ipsam perspiciatis sapiente est.', '168c1536-4c42-4b8f-8c77-f06affefec6a', 'usr_209');
INSERT INTO trabalho.log_acesso VALUES ('log_209_0_2', '168c1536-4c42-4b8f-8c77-f06affefec6a', 'usr_209');
INSERT INTO trabalho.log_acesso VALUES ('log_209_1_2', '168c1536-4c42-4b8f-8c77-f06affefec6a', 'usr_209');
INSERT INTO trabalho.log_acesso VALUES ('log_209_2_2', '168c1536-4c42-4b8f-8c77-f06affefec6a', 'usr_209');
INSERT INTO trabalho.log_acesso VALUES ('log_209_3_2', '168c1536-4c42-4b8f-8c77-f06affefec6a', 'usr_209');
INSERT INTO trabalho.log_acesso VALUES ('log_209_4_2', '168c1536-4c42-4b8f-8c77-f06affefec6a', 'usr_209');
INSERT INTO trabalho.usuario VALUES ('usr_210', '210_Ricardo.Carvalho@bol.com.br', 'Ricardo Carvalho', 'male', 10, 'password', 'Samoa');
INSERT INTO trabalho.usuario_esta_inscrito_no_podcast VALUES (3, 'de2f0ddb-9903-436a-a5e2-54224254c818', 'usr_210');
INSERT INTO trabalho.comentarios_podcast_usuario VALUES ('comment_210_0_0', 'Provident eveniet amet illum sit velit.', 'de2f0ddb-9903-436a-a5e2-54224254c818', 'usr_210');
INSERT INTO trabalho.log_acesso VALUES ('log_210_0_0', 'de2f0ddb-9903-436a-a5e2-54224254c818', 'usr_210');
INSERT INTO trabalho.log_acesso VALUES ('log_210_1_0', 'de2f0ddb-9903-436a-a5e2-54224254c818', 'usr_210');
INSERT INTO trabalho.log_acesso VALUES ('log_210_2_0', 'de2f0ddb-9903-436a-a5e2-54224254c818', 'usr_210');
INSERT INTO trabalho.usuario_esta_inscrito_no_podcast VALUES (0, '219328a1-cec6-4e8c-b003-52a3ec9766bb', 'usr_210');
INSERT INTO trabalho.comentarios_podcast_usuario VALUES ('comment_210_0_1', 'Sed animi ad perferendis.', '219328a1-cec6-4e8c-b003-52a3ec9766bb', 'usr_210');
INSERT INTO trabalho.comentarios_podcast_usuario VALUES ('comment_210_1_1', 'Doloremque impedit vero eum dolorem.', '219328a1-cec6-4e8c-b003-52a3ec9766bb', 'usr_210');
INSERT INTO trabalho.comentarios_podcast_usuario VALUES ('comment_210_2_1', 'Aliquam maiores hic voluptates.', '219328a1-cec6-4e8c-b003-52a3ec9766bb', 'usr_210');
INSERT INTO trabalho.comentarios_podcast_usuario VALUES ('comment_210_3_1', 'Autem quo occaecati quam animi.', '219328a1-cec6-4e8c-b003-52a3ec9766bb', 'usr_210');
INSERT INTO trabalho.log_acesso VALUES ('log_210_0_1', '219328a1-cec6-4e8c-b003-52a3ec9766bb', 'usr_210');
INSERT INTO trabalho.log_acesso VALUES ('log_210_1_1', '219328a1-cec6-4e8c-b003-52a3ec9766bb', 'usr_210');
INSERT INTO trabalho.log_acesso VALUES ('log_210_2_1', '219328a1-cec6-4e8c-b003-52a3ec9766bb', 'usr_210');
INSERT INTO trabalho.log_acesso VALUES ('log_210_3_1', '219328a1-cec6-4e8c-b003-52a3ec9766bb', 'usr_210');
INSERT INTO trabalho.usuario_esta_inscrito_no_podcast VALUES (3, 'c58b280a-56d4-4ad8-8c85-730e4ea86361', 'usr_210');
INSERT INTO trabalho.comentarios_podcast_usuario VALUES ('comment_210_0_2', 'Quia veritatis facere vero molestias aspernatur voluptatem a.', 'c58b280a-56d4-4ad8-8c85-730e4ea86361', 'usr_210');
INSERT INTO trabalho.comentarios_podcast_usuario VALUES ('comment_210_1_2', 'Enim natus perspiciatis et unde commodi et sint.', 'c58b280a-56d4-4ad8-8c85-730e4ea86361', 'usr_210');
INSERT INTO trabalho.comentarios_podcast_usuario VALUES ('comment_210_2_2', 'Voluptatem cum delectus sequi impedit.', 'c58b280a-56d4-4ad8-8c85-730e4ea86361', 'usr_210');
INSERT INTO trabalho.comentarios_podcast_usuario VALUES ('comment_210_3_2', 'Occaecati fugit sed tenetur ut ut omnis rerum.', 'c58b280a-56d4-4ad8-8c85-730e4ea86361', 'usr_210');
INSERT INTO trabalho.log_acesso VALUES ('log_210_0_2', 'c58b280a-56d4-4ad8-8c85-730e4ea86361', 'usr_210');
INSERT INTO trabalho.log_acesso VALUES ('log_210_1_2', 'c58b280a-56d4-4ad8-8c85-730e4ea86361', 'usr_210');
INSERT INTO trabalho.log_acesso VALUES ('log_210_2_2', 'c58b280a-56d4-4ad8-8c85-730e4ea86361', 'usr_210');
INSERT INTO trabalho.log_acesso VALUES ('log_210_3_2', 'c58b280a-56d4-4ad8-8c85-730e4ea86361', 'usr_210');
INSERT INTO trabalho.usuario VALUES ('usr_211', '211_Arthur_Melo@hotmail.com', 'Arthur Melo', 'male', 11, 'password', 'Coreia do Norte');
INSERT INTO trabalho.usuario_esta_inscrito_no_podcast VALUES (3, 'f1b92ce7-47a7-43cd-8586-4a09185cdd05', 'usr_211');
INSERT INTO trabalho.comentarios_podcast_usuario VALUES ('comment_211_0_0', 'Repellat sed recusandae aperiam voluptates molestiae asperiores quis placeat.', 'f1b92ce7-47a7-43cd-8586-4a09185cdd05', 'usr_211');
INSERT INTO trabalho.comentarios_podcast_usuario VALUES ('comment_211_1_0', 'Necessitatibus eligendi iusto corrupti.', 'f1b92ce7-47a7-43cd-8586-4a09185cdd05', 'usr_211');
INSERT INTO trabalho.comentarios_podcast_usuario VALUES ('comment_211_2_0', 'Repellat eligendi neque deleniti.', 'f1b92ce7-47a7-43cd-8586-4a09185cdd05', 'usr_211');
INSERT INTO trabalho.comentarios_podcast_usuario VALUES ('comment_211_3_0', 'Enim sit non.', 'f1b92ce7-47a7-43cd-8586-4a09185cdd05', 'usr_211');
INSERT INTO trabalho.log_acesso VALUES ('log_211_0_0', 'f1b92ce7-47a7-43cd-8586-4a09185cdd05', 'usr_211');
INSERT INTO trabalho.log_acesso VALUES ('log_211_1_0', 'f1b92ce7-47a7-43cd-8586-4a09185cdd05', 'usr_211');
INSERT INTO trabalho.usuario_esta_inscrito_no_podcast VALUES (1, '67074e68-bc2f-442b-8af2-7d328b6af6eb', 'usr_211');
INSERT INTO trabalho.comentarios_podcast_usuario VALUES ('comment_211_0_1', 'Ut rerum tenetur.', '67074e68-bc2f-442b-8af2-7d328b6af6eb', 'usr_211');
INSERT INTO trabalho.comentarios_podcast_usuario VALUES ('comment_211_1_1', 'Explicabo omnis velit sed totam et excepturi.', '67074e68-bc2f-442b-8af2-7d328b6af6eb', 'usr_211');
INSERT INTO trabalho.comentarios_podcast_usuario VALUES ('comment_211_2_1', 'Est eos quia hic et voluptatibus vel vel.', '67074e68-bc2f-442b-8af2-7d328b6af6eb', 'usr_211');
INSERT INTO trabalho.comentarios_podcast_usuario VALUES ('comment_211_3_1', 'Et fugit libero et quisquam.', '67074e68-bc2f-442b-8af2-7d328b6af6eb', 'usr_211');
INSERT INTO trabalho.comentarios_podcast_usuario VALUES ('comment_211_4_1', 'Deleniti cupiditate sunt nobis excepturi atque modi voluptate.', '67074e68-bc2f-442b-8af2-7d328b6af6eb', 'usr_211');
INSERT INTO trabalho.log_acesso VALUES ('log_211_0_1', '67074e68-bc2f-442b-8af2-7d328b6af6eb', 'usr_211');
INSERT INTO trabalho.log_acesso VALUES ('log_211_1_1', '67074e68-bc2f-442b-8af2-7d328b6af6eb', 'usr_211');
INSERT INTO trabalho.log_acesso VALUES ('log_211_2_1', '67074e68-bc2f-442b-8af2-7d328b6af6eb', 'usr_211');
INSERT INTO trabalho.usuario_esta_inscrito_no_podcast VALUES (4, 'af46a958-b921-47b6-9f87-5c4fdc68ea79', 'usr_211');
INSERT INTO trabalho.comentarios_podcast_usuario VALUES ('comment_211_0_2', 'Id cumque dignissimos omnis earum sit officia consequatur numquam.', 'af46a958-b921-47b6-9f87-5c4fdc68ea79', 'usr_211');
INSERT INTO trabalho.comentarios_podcast_usuario VALUES ('comment_211_1_2', 'Sed ab voluptatem quidem fugit facilis aut recusandae et.', 'af46a958-b921-47b6-9f87-5c4fdc68ea79', 'usr_211');
INSERT INTO trabalho.log_acesso VALUES ('log_211_0_2', 'af46a958-b921-47b6-9f87-5c4fdc68ea79', 'usr_211');
INSERT INTO trabalho.log_acesso VALUES ('log_211_1_2', 'af46a958-b921-47b6-9f87-5c4fdc68ea79', 'usr_211');
INSERT INTO trabalho.log_acesso VALUES ('log_211_2_2', 'af46a958-b921-47b6-9f87-5c4fdc68ea79', 'usr_211');
INSERT INTO trabalho.log_acesso VALUES ('log_211_3_2', 'af46a958-b921-47b6-9f87-5c4fdc68ea79', 'usr_211');
INSERT INTO trabalho.usuario VALUES ('usr_212', '212_Karla.Barros67@bol.com.br', 'Karla Barros', 'female', 35, 'password', 'Cuba');
INSERT INTO trabalho.usuario_esta_inscrito_no_podcast VALUES (5, '219328a1-cec6-4e8c-b003-52a3ec9766bb', 'usr_212');
INSERT INTO trabalho.comentarios_podcast_usuario VALUES ('comment_212_0_0', 'Voluptatem est enim nostrum minus unde non.', '219328a1-cec6-4e8c-b003-52a3ec9766bb', 'usr_212');
INSERT INTO trabalho.log_acesso VALUES ('log_212_0_0', '219328a1-cec6-4e8c-b003-52a3ec9766bb', 'usr_212');
INSERT INTO trabalho.log_acesso VALUES ('log_212_1_0', '219328a1-cec6-4e8c-b003-52a3ec9766bb', 'usr_212');
INSERT INTO trabalho.log_acesso VALUES ('log_212_2_0', '219328a1-cec6-4e8c-b003-52a3ec9766bb', 'usr_212');
INSERT INTO trabalho.log_acesso VALUES ('log_212_3_0', '219328a1-cec6-4e8c-b003-52a3ec9766bb', 'usr_212');
INSERT INTO trabalho.log_acesso VALUES ('log_212_4_0', '219328a1-cec6-4e8c-b003-52a3ec9766bb', 'usr_212');
INSERT INTO trabalho.usuario_esta_inscrito_no_podcast VALUES (4, 'bc8dac25-793c-4a96-aafc-4ea7020f4f60', 'usr_212');
INSERT INTO trabalho.comentarios_podcast_usuario VALUES ('comment_212_0_1', 'Porro ad minus eos enim.', 'bc8dac25-793c-4a96-aafc-4ea7020f4f60', 'usr_212');
INSERT INTO trabalho.comentarios_podcast_usuario VALUES ('comment_212_1_1', 'Repudiandae ut repellendus voluptatum ut soluta accusantium odio.', 'bc8dac25-793c-4a96-aafc-4ea7020f4f60', 'usr_212');
INSERT INTO trabalho.comentarios_podcast_usuario VALUES ('comment_212_2_1', 'Laborum eum ipsa ut consequuntur quia.', 'bc8dac25-793c-4a96-aafc-4ea7020f4f60', 'usr_212');
INSERT INTO trabalho.comentarios_podcast_usuario VALUES ('comment_212_3_1', 'Rem eum non aliquid sit corrupti officiis.', 'bc8dac25-793c-4a96-aafc-4ea7020f4f60', 'usr_212');
INSERT INTO trabalho.comentarios_podcast_usuario VALUES ('comment_212_4_1', 'Tenetur harum debitis velit ut itaque cum.', 'bc8dac25-793c-4a96-aafc-4ea7020f4f60', 'usr_212');
INSERT INTO trabalho.log_acesso VALUES ('log_212_0_1', 'bc8dac25-793c-4a96-aafc-4ea7020f4f60', 'usr_212');
INSERT INTO trabalho.log_acesso VALUES ('log_212_1_1', 'bc8dac25-793c-4a96-aafc-4ea7020f4f60', 'usr_212');
INSERT INTO trabalho.log_acesso VALUES ('log_212_2_1', 'bc8dac25-793c-4a96-aafc-4ea7020f4f60', 'usr_212');
INSERT INTO trabalho.log_acesso VALUES ('log_212_3_1', 'bc8dac25-793c-4a96-aafc-4ea7020f4f60', 'usr_212');
INSERT INTO trabalho.usuario_esta_inscrito_no_podcast VALUES (2, 'c58b280a-56d4-4ad8-8c85-730e4ea86361', 'usr_212');
INSERT INTO trabalho.comentarios_podcast_usuario VALUES ('comment_212_0_2', 'Dolorem quia adipisci animi incidunt corrupti.', 'c58b280a-56d4-4ad8-8c85-730e4ea86361', 'usr_212');
INSERT INTO trabalho.log_acesso VALUES ('log_212_0_2', 'c58b280a-56d4-4ad8-8c85-730e4ea86361', 'usr_212');
INSERT INTO trabalho.log_acesso VALUES ('log_212_1_2', 'c58b280a-56d4-4ad8-8c85-730e4ea86361', 'usr_212');
INSERT INTO trabalho.usuario VALUES ('usr_213', '213_Hlio.Barros18@hotmail.com', 'Hélio Barros', 'male', 25, 'password', 'Barém');
INSERT INTO trabalho.usuario_esta_inscrito_no_podcast VALUES (4, 'af46a958-b921-47b6-9f87-5c4fdc68ea79', 'usr_213');
INSERT INTO trabalho.comentarios_podcast_usuario VALUES ('comment_213_0_0', 'Qui cumque dolorum ab assumenda voluptas.', 'af46a958-b921-47b6-9f87-5c4fdc68ea79', 'usr_213');
INSERT INTO trabalho.comentarios_podcast_usuario VALUES ('comment_213_1_0', 'Quis dolor saepe quasi dignissimos dolores aut possimus quis.', 'af46a958-b921-47b6-9f87-5c4fdc68ea79', 'usr_213');
INSERT INTO trabalho.log_acesso VALUES ('log_213_0_0', 'af46a958-b921-47b6-9f87-5c4fdc68ea79', 'usr_213');
INSERT INTO trabalho.log_acesso VALUES ('log_213_1_0', 'af46a958-b921-47b6-9f87-5c4fdc68ea79', 'usr_213');
INSERT INTO trabalho.log_acesso VALUES ('log_213_2_0', 'af46a958-b921-47b6-9f87-5c4fdc68ea79', 'usr_213');
INSERT INTO trabalho.usuario_esta_inscrito_no_podcast VALUES (1, '5bdf7377-8330-4f9f-8efd-e95301c122ce', 'usr_213');
INSERT INTO trabalho.comentarios_podcast_usuario VALUES ('comment_213_0_1', 'Nesciunt et ut in ea assumenda.', '5bdf7377-8330-4f9f-8efd-e95301c122ce', 'usr_213');
INSERT INTO trabalho.comentarios_podcast_usuario VALUES ('comment_213_1_1', 'Voluptas doloremque vero.', '5bdf7377-8330-4f9f-8efd-e95301c122ce', 'usr_213');
INSERT INTO trabalho.comentarios_podcast_usuario VALUES ('comment_213_2_1', 'Doloribus ratione quasi error ratione neque.', '5bdf7377-8330-4f9f-8efd-e95301c122ce', 'usr_213');
INSERT INTO trabalho.comentarios_podcast_usuario VALUES ('comment_213_3_1', 'Cum tempora quia delectus voluptatem omnis.', '5bdf7377-8330-4f9f-8efd-e95301c122ce', 'usr_213');
INSERT INTO trabalho.comentarios_podcast_usuario VALUES ('comment_213_4_1', 'Assumenda repudiandae sint.', '5bdf7377-8330-4f9f-8efd-e95301c122ce', 'usr_213');
INSERT INTO trabalho.comentarios_podcast_usuario VALUES ('comment_213_5_1', 'Autem molestiae ad et ex assumenda.', '5bdf7377-8330-4f9f-8efd-e95301c122ce', 'usr_213');
INSERT INTO trabalho.log_acesso VALUES ('log_213_0_1', '5bdf7377-8330-4f9f-8efd-e95301c122ce', 'usr_213');
INSERT INTO trabalho.log_acesso VALUES ('log_213_1_1', '5bdf7377-8330-4f9f-8efd-e95301c122ce', 'usr_213');
INSERT INTO trabalho.log_acesso VALUES ('log_213_2_1', '5bdf7377-8330-4f9f-8efd-e95301c122ce', 'usr_213');
INSERT INTO trabalho.log_acesso VALUES ('log_213_3_1', '5bdf7377-8330-4f9f-8efd-e95301c122ce', 'usr_213');
INSERT INTO trabalho.usuario_esta_inscrito_no_podcast VALUES (3, '7e429e8e-7669-403d-bb78-3cd7f9f75afd', 'usr_213');
INSERT INTO trabalho.comentarios_podcast_usuario VALUES ('comment_213_0_2', 'Molestias dolor et voluptatem omnis ab dolore omnis nihil sit.', '7e429e8e-7669-403d-bb78-3cd7f9f75afd', 'usr_213');
INSERT INTO trabalho.comentarios_podcast_usuario VALUES ('comment_213_1_2', 'Eos deleniti qui voluptatem impedit fugiat.', '7e429e8e-7669-403d-bb78-3cd7f9f75afd', 'usr_213');
INSERT INTO trabalho.comentarios_podcast_usuario VALUES ('comment_213_2_2', 'Earum eum ut facere ea et quam consequatur voluptatem iure.', '7e429e8e-7669-403d-bb78-3cd7f9f75afd', 'usr_213');
INSERT INTO trabalho.comentarios_podcast_usuario VALUES ('comment_213_3_2', 'Accusantium dolores aperiam.', '7e429e8e-7669-403d-bb78-3cd7f9f75afd', 'usr_213');
INSERT INTO trabalho.log_acesso VALUES ('log_213_0_2', '7e429e8e-7669-403d-bb78-3cd7f9f75afd', 'usr_213');
INSERT INTO trabalho.log_acesso VALUES ('log_213_1_2', '7e429e8e-7669-403d-bb78-3cd7f9f75afd', 'usr_213');
INSERT INTO trabalho.log_acesso VALUES ('log_213_2_2', '7e429e8e-7669-403d-bb78-3cd7f9f75afd', 'usr_213');
INSERT INTO trabalho.usuario VALUES ('usr_214', '214_Yuri4@bol.com.br', 'Yuri Braga', 'male', 5, 'password', 'Aruba');
INSERT INTO trabalho.usuario_esta_inscrito_no_podcast VALUES (0, '5bdf7377-8330-4f9f-8efd-e95301c122ce', 'usr_214');
INSERT INTO trabalho.comentarios_podcast_usuario VALUES ('comment_214_0_0', 'Ut eaque nihil labore est consectetur magnam eaque.', '5bdf7377-8330-4f9f-8efd-e95301c122ce', 'usr_214');
INSERT INTO trabalho.comentarios_podcast_usuario VALUES ('comment_214_1_0', 'Laudantium non ex maiores qui neque molestiae est sint.', '5bdf7377-8330-4f9f-8efd-e95301c122ce', 'usr_214');
INSERT INTO trabalho.comentarios_podcast_usuario VALUES ('comment_214_2_0', 'Qui sapiente cumque commodi.', '5bdf7377-8330-4f9f-8efd-e95301c122ce', 'usr_214');
INSERT INTO trabalho.comentarios_podcast_usuario VALUES ('comment_214_3_0', 'Nulla ut neque rerum aliquid.', '5bdf7377-8330-4f9f-8efd-e95301c122ce', 'usr_214');
INSERT INTO trabalho.log_acesso VALUES ('log_214_0_0', '5bdf7377-8330-4f9f-8efd-e95301c122ce', 'usr_214');
INSERT INTO trabalho.usuario_esta_inscrito_no_podcast VALUES (1, 'b553d865-8fe2-47de-9a30-10e1dea3bd1d', 'usr_214');
INSERT INTO trabalho.comentarios_podcast_usuario VALUES ('comment_214_0_1', 'Ea quidem in sint quod debitis veniam non dolorum excepturi.', 'b553d865-8fe2-47de-9a30-10e1dea3bd1d', 'usr_214');
INSERT INTO trabalho.comentarios_podcast_usuario VALUES ('comment_214_1_1', 'Magni omnis illo expedita sed dolorem molestiae nihil aperiam.', 'b553d865-8fe2-47de-9a30-10e1dea3bd1d', 'usr_214');
INSERT INTO trabalho.log_acesso VALUES ('log_214_0_1', 'b553d865-8fe2-47de-9a30-10e1dea3bd1d', 'usr_214');
INSERT INTO trabalho.log_acesso VALUES ('log_214_1_1', 'b553d865-8fe2-47de-9a30-10e1dea3bd1d', 'usr_214');
INSERT INTO trabalho.log_acesso VALUES ('log_214_2_1', 'b553d865-8fe2-47de-9a30-10e1dea3bd1d', 'usr_214');
INSERT INTO trabalho.log_acesso VALUES ('log_214_3_1', 'b553d865-8fe2-47de-9a30-10e1dea3bd1d', 'usr_214');
INSERT INTO trabalho.log_acesso VALUES ('log_214_4_1', 'b553d865-8fe2-47de-9a30-10e1dea3bd1d', 'usr_214');
INSERT INTO trabalho.usuario_esta_inscrito_no_podcast VALUES (0, '67074e68-bc2f-442b-8af2-7d328b6af6eb', 'usr_214');
INSERT INTO trabalho.comentarios_podcast_usuario VALUES ('comment_214_0_2', 'Ut fugiat et deleniti.', '67074e68-bc2f-442b-8af2-7d328b6af6eb', 'usr_214');
INSERT INTO trabalho.comentarios_podcast_usuario VALUES ('comment_214_1_2', 'Consequatur illo molestiae veritatis qui corrupti voluptates veniam.', '67074e68-bc2f-442b-8af2-7d328b6af6eb', 'usr_214');
INSERT INTO trabalho.comentarios_podcast_usuario VALUES ('comment_214_2_2', 'Ullam nulla rerum eius sed porro distinctio laudantium molestiae sit.', '67074e68-bc2f-442b-8af2-7d328b6af6eb', 'usr_214');
INSERT INTO trabalho.comentarios_podcast_usuario VALUES ('comment_214_3_2', 'Sed ea et est non dicta quia veniam.', '67074e68-bc2f-442b-8af2-7d328b6af6eb', 'usr_214');
INSERT INTO trabalho.log_acesso VALUES ('log_214_0_2', '67074e68-bc2f-442b-8af2-7d328b6af6eb', 'usr_214');
INSERT INTO trabalho.log_acesso VALUES ('log_214_1_2', '67074e68-bc2f-442b-8af2-7d328b6af6eb', 'usr_214');
INSERT INTO trabalho.log_acesso VALUES ('log_214_2_2', '67074e68-bc2f-442b-8af2-7d328b6af6eb', 'usr_214');
INSERT INTO trabalho.log_acesso VALUES ('log_214_3_2', '67074e68-bc2f-442b-8af2-7d328b6af6eb', 'usr_214');
INSERT INTO trabalho.usuario VALUES ('usr_215', '215_Bernardo.Moreira98@live.com', 'Bernardo Moreira', 'male', 9, 'password', 'Tanzânia');
INSERT INTO trabalho.usuario_esta_inscrito_no_podcast VALUES (0, '219328a1-cec6-4e8c-b003-52a3ec9766bb', 'usr_215');
INSERT INTO trabalho.comentarios_podcast_usuario VALUES ('comment_215_0_0', 'A laboriosam non.', '219328a1-cec6-4e8c-b003-52a3ec9766bb', 'usr_215');
INSERT INTO trabalho.comentarios_podcast_usuario VALUES ('comment_215_1_0', 'Id delectus molestiae quasi cum qui.', '219328a1-cec6-4e8c-b003-52a3ec9766bb', 'usr_215');
INSERT INTO trabalho.comentarios_podcast_usuario VALUES ('comment_215_2_0', 'Id vel eos tenetur eligendi libero aut impedit alias amet.', '219328a1-cec6-4e8c-b003-52a3ec9766bb', 'usr_215');
INSERT INTO trabalho.comentarios_podcast_usuario VALUES ('comment_215_3_0', 'Amet officia quo qui.', '219328a1-cec6-4e8c-b003-52a3ec9766bb', 'usr_215');
INSERT INTO trabalho.comentarios_podcast_usuario VALUES ('comment_215_4_0', 'Perspiciatis ipsam aut exercitationem et totam.', '219328a1-cec6-4e8c-b003-52a3ec9766bb', 'usr_215');
INSERT INTO trabalho.log_acesso VALUES ('log_215_0_0', '219328a1-cec6-4e8c-b003-52a3ec9766bb', 'usr_215');
INSERT INTO trabalho.log_acesso VALUES ('log_215_1_0', '219328a1-cec6-4e8c-b003-52a3ec9766bb', 'usr_215');
INSERT INTO trabalho.log_acesso VALUES ('log_215_2_0', '219328a1-cec6-4e8c-b003-52a3ec9766bb', 'usr_215');
INSERT INTO trabalho.log_acesso VALUES ('log_215_3_0', '219328a1-cec6-4e8c-b003-52a3ec9766bb', 'usr_215');
INSERT INTO trabalho.log_acesso VALUES ('log_215_4_0', '219328a1-cec6-4e8c-b003-52a3ec9766bb', 'usr_215');
INSERT INTO trabalho.usuario_esta_inscrito_no_podcast VALUES (1, 'af46a958-b921-47b6-9f87-5c4fdc68ea79', 'usr_215');
INSERT INTO trabalho.comentarios_podcast_usuario VALUES ('comment_215_0_1', 'Quod harum qui ut.', 'af46a958-b921-47b6-9f87-5c4fdc68ea79', 'usr_215');
INSERT INTO trabalho.comentarios_podcast_usuario VALUES ('comment_215_1_1', 'Quae eveniet mollitia maiores necessitatibus vero laborum.', 'af46a958-b921-47b6-9f87-5c4fdc68ea79', 'usr_215');
INSERT INTO trabalho.comentarios_podcast_usuario VALUES ('comment_215_2_1', 'Enim at omnis modi quibusdam.', 'af46a958-b921-47b6-9f87-5c4fdc68ea79', 'usr_215');
INSERT INTO trabalho.comentarios_podcast_usuario VALUES ('comment_215_3_1', 'Enim nihil modi impedit.', 'af46a958-b921-47b6-9f87-5c4fdc68ea79', 'usr_215');
INSERT INTO trabalho.comentarios_podcast_usuario VALUES ('comment_215_4_1', 'Ut enim qui sed.', 'af46a958-b921-47b6-9f87-5c4fdc68ea79', 'usr_215');
INSERT INTO trabalho.log_acesso VALUES ('log_215_0_1', 'af46a958-b921-47b6-9f87-5c4fdc68ea79', 'usr_215');
INSERT INTO trabalho.log_acesso VALUES ('log_215_1_1', 'af46a958-b921-47b6-9f87-5c4fdc68ea79', 'usr_215');
INSERT INTO trabalho.log_acesso VALUES ('log_215_2_1', 'af46a958-b921-47b6-9f87-5c4fdc68ea79', 'usr_215');
INSERT INTO trabalho.log_acesso VALUES ('log_215_3_1', 'af46a958-b921-47b6-9f87-5c4fdc68ea79', 'usr_215');
INSERT INTO trabalho.log_acesso VALUES ('log_215_4_1', 'af46a958-b921-47b6-9f87-5c4fdc68ea79', 'usr_215');
INSERT INTO trabalho.log_acesso VALUES ('log_215_5_1', 'af46a958-b921-47b6-9f87-5c4fdc68ea79', 'usr_215');
INSERT INTO trabalho.usuario_esta_inscrito_no_podcast VALUES (3, '7e429e8e-7669-403d-bb78-3cd7f9f75afd', 'usr_215');
INSERT INTO trabalho.comentarios_podcast_usuario VALUES ('comment_215_0_2', 'Nostrum cupiditate sed non sint autem illum enim at.', '7e429e8e-7669-403d-bb78-3cd7f9f75afd', 'usr_215');
INSERT INTO trabalho.comentarios_podcast_usuario VALUES ('comment_215_1_2', 'Tempora dicta qui neque maxime id accusantium.', '7e429e8e-7669-403d-bb78-3cd7f9f75afd', 'usr_215');
INSERT INTO trabalho.comentarios_podcast_usuario VALUES ('comment_215_2_2', 'Et qui perferendis et et minima dolores totam quidem est.', '7e429e8e-7669-403d-bb78-3cd7f9f75afd', 'usr_215');
INSERT INTO trabalho.comentarios_podcast_usuario VALUES ('comment_215_3_2', 'Sed esse alias suscipit asperiores laboriosam veniam qui.', '7e429e8e-7669-403d-bb78-3cd7f9f75afd', 'usr_215');
INSERT INTO trabalho.log_acesso VALUES ('log_215_0_2', '7e429e8e-7669-403d-bb78-3cd7f9f75afd', 'usr_215');
INSERT INTO trabalho.log_acesso VALUES ('log_215_1_2', '7e429e8e-7669-403d-bb78-3cd7f9f75afd', 'usr_215');
INSERT INTO trabalho.usuario VALUES ('usr_216', '216_Talita_Albuquerque@live.com', 'Talita Albuquerque', 'female', 60, 'password', 'Luxemburgo');
INSERT INTO trabalho.usuario_esta_inscrito_no_podcast VALUES (4, 'f1b92ce7-47a7-43cd-8586-4a09185cdd05', 'usr_216');
INSERT INTO trabalho.comentarios_podcast_usuario VALUES ('comment_216_0_0', 'Ratione beatae nam velit enim eveniet consequuntur rerum consequuntur dolorem.', 'f1b92ce7-47a7-43cd-8586-4a09185cdd05', 'usr_216');
INSERT INTO trabalho.log_acesso VALUES ('log_216_0_0', 'f1b92ce7-47a7-43cd-8586-4a09185cdd05', 'usr_216');
INSERT INTO trabalho.log_acesso VALUES ('log_216_1_0', 'f1b92ce7-47a7-43cd-8586-4a09185cdd05', 'usr_216');
INSERT INTO trabalho.log_acesso VALUES ('log_216_2_0', 'f1b92ce7-47a7-43cd-8586-4a09185cdd05', 'usr_216');
INSERT INTO trabalho.log_acesso VALUES ('log_216_3_0', 'f1b92ce7-47a7-43cd-8586-4a09185cdd05', 'usr_216');
INSERT INTO trabalho.log_acesso VALUES ('log_216_4_0', 'f1b92ce7-47a7-43cd-8586-4a09185cdd05', 'usr_216');
INSERT INTO trabalho.usuario_esta_inscrito_no_podcast VALUES (2, '7e429e8e-7669-403d-bb78-3cd7f9f75afd', 'usr_216');
INSERT INTO trabalho.comentarios_podcast_usuario VALUES ('comment_216_0_1', 'Quaerat voluptas ab voluptates non ut.', '7e429e8e-7669-403d-bb78-3cd7f9f75afd', 'usr_216');
INSERT INTO trabalho.comentarios_podcast_usuario VALUES ('comment_216_1_1', 'Sit exercitationem amet amet et blanditiis possimus sit illum nobis.', '7e429e8e-7669-403d-bb78-3cd7f9f75afd', 'usr_216');
INSERT INTO trabalho.comentarios_podcast_usuario VALUES ('comment_216_2_1', 'Temporibus odit maiores exercitationem debitis perferendis.', '7e429e8e-7669-403d-bb78-3cd7f9f75afd', 'usr_216');
INSERT INTO trabalho.log_acesso VALUES ('log_216_0_1', '7e429e8e-7669-403d-bb78-3cd7f9f75afd', 'usr_216');
INSERT INTO trabalho.log_acesso VALUES ('log_216_1_1', '7e429e8e-7669-403d-bb78-3cd7f9f75afd', 'usr_216');
INSERT INTO trabalho.log_acesso VALUES ('log_216_2_1', '7e429e8e-7669-403d-bb78-3cd7f9f75afd', 'usr_216');
INSERT INTO trabalho.log_acesso VALUES ('log_216_3_1', '7e429e8e-7669-403d-bb78-3cd7f9f75afd', 'usr_216');
INSERT INTO trabalho.usuario_esta_inscrito_no_podcast VALUES (4, 'f8e13774-d631-4f34-93f0-2f5d55590265', 'usr_216');
INSERT INTO trabalho.comentarios_podcast_usuario VALUES ('comment_216_0_2', 'Sint quo quas quae qui excepturi.', 'f8e13774-d631-4f34-93f0-2f5d55590265', 'usr_216');
INSERT INTO trabalho.comentarios_podcast_usuario VALUES ('comment_216_1_2', 'Ipsum iste asperiores qui.', 'f8e13774-d631-4f34-93f0-2f5d55590265', 'usr_216');
INSERT INTO trabalho.log_acesso VALUES ('log_216_0_2', 'f8e13774-d631-4f34-93f0-2f5d55590265', 'usr_216');
INSERT INTO trabalho.log_acesso VALUES ('log_216_1_2', 'f8e13774-d631-4f34-93f0-2f5d55590265', 'usr_216');
INSERT INTO trabalho.usuario VALUES ('usr_217', '217_Sophia_Nogueira93@live.com', 'Sophia Nogueira', 'female', 25, 'password', 'Dominica');
INSERT INTO trabalho.usuario_esta_inscrito_no_podcast VALUES (0, '168c1536-4c42-4b8f-8c77-f06affefec6a', 'usr_217');
INSERT INTO trabalho.comentarios_podcast_usuario VALUES ('comment_217_0_0', 'Culpa autem ut saepe quidem consequatur.', '168c1536-4c42-4b8f-8c77-f06affefec6a', 'usr_217');
INSERT INTO trabalho.comentarios_podcast_usuario VALUES ('comment_217_1_0', 'Sunt sed error ea dolor vitae in.', '168c1536-4c42-4b8f-8c77-f06affefec6a', 'usr_217');
INSERT INTO trabalho.comentarios_podcast_usuario VALUES ('comment_217_2_0', 'Consequatur quia magni corporis aut impedit tempore cupiditate asperiores sint.', '168c1536-4c42-4b8f-8c77-f06affefec6a', 'usr_217');
INSERT INTO trabalho.comentarios_podcast_usuario VALUES ('comment_217_3_0', 'Ipsa sit impedit esse aut eveniet voluptas dolorem exercitationem.', '168c1536-4c42-4b8f-8c77-f06affefec6a', 'usr_217');
INSERT INTO trabalho.comentarios_podcast_usuario VALUES ('comment_217_4_0', 'Iusto et fugit porro.', '168c1536-4c42-4b8f-8c77-f06affefec6a', 'usr_217');
INSERT INTO trabalho.log_acesso VALUES ('log_217_0_0', '168c1536-4c42-4b8f-8c77-f06affefec6a', 'usr_217');
INSERT INTO trabalho.log_acesso VALUES ('log_217_1_0', '168c1536-4c42-4b8f-8c77-f06affefec6a', 'usr_217');
INSERT INTO trabalho.usuario_esta_inscrito_no_podcast VALUES (0, '67074e68-bc2f-442b-8af2-7d328b6af6eb', 'usr_217');
INSERT INTO trabalho.comentarios_podcast_usuario VALUES ('comment_217_0_1', 'Ipsum labore non possimus pariatur reiciendis iusto.', '67074e68-bc2f-442b-8af2-7d328b6af6eb', 'usr_217');
INSERT INTO trabalho.comentarios_podcast_usuario VALUES ('comment_217_1_1', 'Similique quae quo veniam alias velit est dolorem placeat aut.', '67074e68-bc2f-442b-8af2-7d328b6af6eb', 'usr_217');
INSERT INTO trabalho.log_acesso VALUES ('log_217_0_1', '67074e68-bc2f-442b-8af2-7d328b6af6eb', 'usr_217');
INSERT INTO trabalho.log_acesso VALUES ('log_217_1_1', '67074e68-bc2f-442b-8af2-7d328b6af6eb', 'usr_217');
INSERT INTO trabalho.log_acesso VALUES ('log_217_2_1', '67074e68-bc2f-442b-8af2-7d328b6af6eb', 'usr_217');
INSERT INTO trabalho.log_acesso VALUES ('log_217_3_1', '67074e68-bc2f-442b-8af2-7d328b6af6eb', 'usr_217');
INSERT INTO trabalho.usuario_esta_inscrito_no_podcast VALUES (2, 'fa3abe16-3645-4d22-a01d-893e6f20c408', 'usr_217');
INSERT INTO trabalho.comentarios_podcast_usuario VALUES ('comment_217_0_2', 'Officiis deleniti maxime et.', 'fa3abe16-3645-4d22-a01d-893e6f20c408', 'usr_217');
INSERT INTO trabalho.comentarios_podcast_usuario VALUES ('comment_217_1_2', 'Consequatur cum et nam.', 'fa3abe16-3645-4d22-a01d-893e6f20c408', 'usr_217');
INSERT INTO trabalho.comentarios_podcast_usuario VALUES ('comment_217_2_2', 'Alias fuga cupiditate aut sint.', 'fa3abe16-3645-4d22-a01d-893e6f20c408', 'usr_217');
INSERT INTO trabalho.comentarios_podcast_usuario VALUES ('comment_217_3_2', 'Velit minus placeat dolores accusamus quia.', 'fa3abe16-3645-4d22-a01d-893e6f20c408', 'usr_217');
INSERT INTO trabalho.log_acesso VALUES ('log_217_0_2', 'fa3abe16-3645-4d22-a01d-893e6f20c408', 'usr_217');
INSERT INTO trabalho.log_acesso VALUES ('log_217_1_2', 'fa3abe16-3645-4d22-a01d-893e6f20c408', 'usr_217');
INSERT INTO trabalho.log_acesso VALUES ('log_217_2_2', 'fa3abe16-3645-4d22-a01d-893e6f20c408', 'usr_217');
INSERT INTO trabalho.log_acesso VALUES ('log_217_3_2', 'fa3abe16-3645-4d22-a01d-893e6f20c408', 'usr_217');
INSERT INTO trabalho.usuario VALUES ('usr_218', '218_MariaAlice52@hotmail.com', 'Maria Alice Macedo', 'female', 30, 'password', 'Malvinas');
INSERT INTO trabalho.usuario_esta_inscrito_no_podcast VALUES (5, '219328a1-cec6-4e8c-b003-52a3ec9766bb', 'usr_218');
INSERT INTO trabalho.comentarios_podcast_usuario VALUES ('comment_218_0_0', 'Repellendus sapiente enim nisi quas excepturi.', '219328a1-cec6-4e8c-b003-52a3ec9766bb', 'usr_218');
INSERT INTO trabalho.comentarios_podcast_usuario VALUES ('comment_218_1_0', 'Qui sed qui voluptates.', '219328a1-cec6-4e8c-b003-52a3ec9766bb', 'usr_218');
INSERT INTO trabalho.comentarios_podcast_usuario VALUES ('comment_218_2_0', 'Sint nemo vel.', '219328a1-cec6-4e8c-b003-52a3ec9766bb', 'usr_218');
INSERT INTO trabalho.log_acesso VALUES ('log_218_0_0', '219328a1-cec6-4e8c-b003-52a3ec9766bb', 'usr_218');
INSERT INTO trabalho.log_acesso VALUES ('log_218_1_0', '219328a1-cec6-4e8c-b003-52a3ec9766bb', 'usr_218');
INSERT INTO trabalho.log_acesso VALUES ('log_218_2_0', '219328a1-cec6-4e8c-b003-52a3ec9766bb', 'usr_218');
INSERT INTO trabalho.usuario_esta_inscrito_no_podcast VALUES (2, 'fa3abe16-3645-4d22-a01d-893e6f20c408', 'usr_218');
INSERT INTO trabalho.comentarios_podcast_usuario VALUES ('comment_218_0_1', 'Facilis consequatur et vel quia consequatur et et.', 'fa3abe16-3645-4d22-a01d-893e6f20c408', 'usr_218');
INSERT INTO trabalho.comentarios_podcast_usuario VALUES ('comment_218_1_1', 'Fuga iure esse vel.', 'fa3abe16-3645-4d22-a01d-893e6f20c408', 'usr_218');
INSERT INTO trabalho.comentarios_podcast_usuario VALUES ('comment_218_2_1', 'Quia praesentium sint non mollitia ea sunt dignissimos eaque.', 'fa3abe16-3645-4d22-a01d-893e6f20c408', 'usr_218');
INSERT INTO trabalho.comentarios_podcast_usuario VALUES ('comment_218_3_1', 'Non et commodi asperiores.', 'fa3abe16-3645-4d22-a01d-893e6f20c408', 'usr_218');
INSERT INTO trabalho.log_acesso VALUES ('log_218_0_1', 'fa3abe16-3645-4d22-a01d-893e6f20c408', 'usr_218');
INSERT INTO trabalho.log_acesso VALUES ('log_218_1_1', 'fa3abe16-3645-4d22-a01d-893e6f20c408', 'usr_218');
INSERT INTO trabalho.log_acesso VALUES ('log_218_2_1', 'fa3abe16-3645-4d22-a01d-893e6f20c408', 'usr_218');
INSERT INTO trabalho.log_acesso VALUES ('log_218_3_1', 'fa3abe16-3645-4d22-a01d-893e6f20c408', 'usr_218');
INSERT INTO trabalho.log_acesso VALUES ('log_218_4_1', 'fa3abe16-3645-4d22-a01d-893e6f20c408', 'usr_218');
INSERT INTO trabalho.log_acesso VALUES ('log_218_5_1', 'fa3abe16-3645-4d22-a01d-893e6f20c408', 'usr_218');
INSERT INTO trabalho.usuario_esta_inscrito_no_podcast VALUES (2, 'f0166bd2-8e4d-4308-b5d7-0b3d627c5dc5', 'usr_218');
INSERT INTO trabalho.comentarios_podcast_usuario VALUES ('comment_218_0_2', 'Temporibus aliquid vero qui cumque hic voluptatem debitis.', 'f0166bd2-8e4d-4308-b5d7-0b3d627c5dc5', 'usr_218');
INSERT INTO trabalho.comentarios_podcast_usuario VALUES ('comment_218_1_2', 'Porro ut dolores accusamus error fuga est dignissimos ipsum.', 'f0166bd2-8e4d-4308-b5d7-0b3d627c5dc5', 'usr_218');
INSERT INTO trabalho.log_acesso VALUES ('log_218_0_2', 'f0166bd2-8e4d-4308-b5d7-0b3d627c5dc5', 'usr_218');
INSERT INTO trabalho.log_acesso VALUES ('log_218_1_2', 'f0166bd2-8e4d-4308-b5d7-0b3d627c5dc5', 'usr_218');
INSERT INTO trabalho.usuario VALUES ('usr_219', '219_Jlia_Santos88@bol.com.br', 'Júlia Santos', 'female', 41, 'password', 'Latvia');
INSERT INTO trabalho.usuario_esta_inscrito_no_podcast VALUES (1, '5bdf7377-8330-4f9f-8efd-e95301c122ce', 'usr_219');
INSERT INTO trabalho.comentarios_podcast_usuario VALUES ('comment_219_0_0', 'Omnis cum consectetur laudantium dolor molestiae dolorum suscipit itaque.', '5bdf7377-8330-4f9f-8efd-e95301c122ce', 'usr_219');
INSERT INTO trabalho.comentarios_podcast_usuario VALUES ('comment_219_1_0', 'Sed quis reprehenderit iusto tempora ut.', '5bdf7377-8330-4f9f-8efd-e95301c122ce', 'usr_219');
INSERT INTO trabalho.comentarios_podcast_usuario VALUES ('comment_219_2_0', 'Et ipsam vero eius soluta deserunt in aperiam quidem.', '5bdf7377-8330-4f9f-8efd-e95301c122ce', 'usr_219');
INSERT INTO trabalho.log_acesso VALUES ('log_219_0_0', '5bdf7377-8330-4f9f-8efd-e95301c122ce', 'usr_219');
INSERT INTO trabalho.log_acesso VALUES ('log_219_1_0', '5bdf7377-8330-4f9f-8efd-e95301c122ce', 'usr_219');
INSERT INTO trabalho.usuario_esta_inscrito_no_podcast VALUES (2, 'af46a958-b921-47b6-9f87-5c4fdc68ea79', 'usr_219');
INSERT INTO trabalho.comentarios_podcast_usuario VALUES ('comment_219_0_1', 'Consequatur quibusdam quos pariatur accusamus qui quis amet exercitationem.', 'af46a958-b921-47b6-9f87-5c4fdc68ea79', 'usr_219');
INSERT INTO trabalho.comentarios_podcast_usuario VALUES ('comment_219_1_1', 'Fugiat odio eveniet fugit odit aspernatur inventore non dolor.', 'af46a958-b921-47b6-9f87-5c4fdc68ea79', 'usr_219');
INSERT INTO trabalho.comentarios_podcast_usuario VALUES ('comment_219_2_1', 'Quam vitae doloremque.', 'af46a958-b921-47b6-9f87-5c4fdc68ea79', 'usr_219');
INSERT INTO trabalho.comentarios_podcast_usuario VALUES ('comment_219_3_1', 'Repellendus ducimus provident nam ducimus natus accusamus.', 'af46a958-b921-47b6-9f87-5c4fdc68ea79', 'usr_219');
INSERT INTO trabalho.log_acesso VALUES ('log_219_0_1', 'af46a958-b921-47b6-9f87-5c4fdc68ea79', 'usr_219');
INSERT INTO trabalho.log_acesso VALUES ('log_219_1_1', 'af46a958-b921-47b6-9f87-5c4fdc68ea79', 'usr_219');
INSERT INTO trabalho.log_acesso VALUES ('log_219_2_1', 'af46a958-b921-47b6-9f87-5c4fdc68ea79', 'usr_219');
INSERT INTO trabalho.log_acesso VALUES ('log_219_3_1', 'af46a958-b921-47b6-9f87-5c4fdc68ea79', 'usr_219');
INSERT INTO trabalho.log_acesso VALUES ('log_219_4_1', 'af46a958-b921-47b6-9f87-5c4fdc68ea79', 'usr_219');
INSERT INTO trabalho.usuario_esta_inscrito_no_podcast VALUES (2, '219328a1-cec6-4e8c-b003-52a3ec9766bb', 'usr_219');
INSERT INTO trabalho.comentarios_podcast_usuario VALUES ('comment_219_0_2', 'Dolores aut eaque minima pariatur ea officia.', '219328a1-cec6-4e8c-b003-52a3ec9766bb', 'usr_219');
INSERT INTO trabalho.comentarios_podcast_usuario VALUES ('comment_219_1_2', 'Excepturi a eligendi dolorem.', '219328a1-cec6-4e8c-b003-52a3ec9766bb', 'usr_219');
INSERT INTO trabalho.comentarios_podcast_usuario VALUES ('comment_219_2_2', 'Natus eaque reiciendis reprehenderit sit aspernatur magnam et.', '219328a1-cec6-4e8c-b003-52a3ec9766bb', 'usr_219');
INSERT INTO trabalho.comentarios_podcast_usuario VALUES ('comment_219_3_2', 'Voluptatem quasi iusto nisi quia.', '219328a1-cec6-4e8c-b003-52a3ec9766bb', 'usr_219');
INSERT INTO trabalho.comentarios_podcast_usuario VALUES ('comment_219_4_2', 'Et ex doloremque magnam velit sed.', '219328a1-cec6-4e8c-b003-52a3ec9766bb', 'usr_219');
INSERT INTO trabalho.log_acesso VALUES ('log_219_0_2', '219328a1-cec6-4e8c-b003-52a3ec9766bb', 'usr_219');
INSERT INTO trabalho.log_acesso VALUES ('log_219_1_2', '219328a1-cec6-4e8c-b003-52a3ec9766bb', 'usr_219');
INSERT INTO trabalho.usuario VALUES ('usr_220', '220_Caio82@bol.com.br', 'Caio Melo', 'male', 37, 'password', 'Antilhas Holandesas');
INSERT INTO trabalho.usuario_esta_inscrito_no_podcast VALUES (5, 'af46a958-b921-47b6-9f87-5c4fdc68ea79', 'usr_220');
INSERT INTO trabalho.comentarios_podcast_usuario VALUES ('comment_220_0_0', 'Qui laborum velit exercitationem eius ut corrupti et quidem assumenda.', 'af46a958-b921-47b6-9f87-5c4fdc68ea79', 'usr_220');
INSERT INTO trabalho.log_acesso VALUES ('log_220_0_0', 'af46a958-b921-47b6-9f87-5c4fdc68ea79', 'usr_220');
INSERT INTO trabalho.log_acesso VALUES ('log_220_1_0', 'af46a958-b921-47b6-9f87-5c4fdc68ea79', 'usr_220');
INSERT INTO trabalho.log_acesso VALUES ('log_220_2_0', 'af46a958-b921-47b6-9f87-5c4fdc68ea79', 'usr_220');
INSERT INTO trabalho.usuario_esta_inscrito_no_podcast VALUES (0, 'f8e13774-d631-4f34-93f0-2f5d55590265', 'usr_220');
INSERT INTO trabalho.comentarios_podcast_usuario VALUES ('comment_220_0_1', 'Laudantium voluptate aut assumenda repudiandae magni ipsam est qui architecto.', 'f8e13774-d631-4f34-93f0-2f5d55590265', 'usr_220');
INSERT INTO trabalho.comentarios_podcast_usuario VALUES ('comment_220_1_1', 'Fugit nisi possimus temporibus quae earum possimus tempora.', 'f8e13774-d631-4f34-93f0-2f5d55590265', 'usr_220');
INSERT INTO trabalho.comentarios_podcast_usuario VALUES ('comment_220_2_1', 'Optio explicabo ullam tempora omnis doloremque ratione odio enim facilis.', 'f8e13774-d631-4f34-93f0-2f5d55590265', 'usr_220');
INSERT INTO trabalho.comentarios_podcast_usuario VALUES ('comment_220_3_1', 'Placeat in autem aperiam in a praesentium quas hic mollitia.', 'f8e13774-d631-4f34-93f0-2f5d55590265', 'usr_220');
INSERT INTO trabalho.comentarios_podcast_usuario VALUES ('comment_220_4_1', 'Aut praesentium quas dolores quia sit.', 'f8e13774-d631-4f34-93f0-2f5d55590265', 'usr_220');
INSERT INTO trabalho.comentarios_podcast_usuario VALUES ('comment_220_5_1', 'Eius optio aut necessitatibus deserunt.', 'f8e13774-d631-4f34-93f0-2f5d55590265', 'usr_220');
INSERT INTO trabalho.log_acesso VALUES ('log_220_0_1', 'f8e13774-d631-4f34-93f0-2f5d55590265', 'usr_220');
INSERT INTO trabalho.log_acesso VALUES ('log_220_1_1', 'f8e13774-d631-4f34-93f0-2f5d55590265', 'usr_220');
INSERT INTO trabalho.log_acesso VALUES ('log_220_2_1', 'f8e13774-d631-4f34-93f0-2f5d55590265', 'usr_220');
INSERT INTO trabalho.log_acesso VALUES ('log_220_3_1', 'f8e13774-d631-4f34-93f0-2f5d55590265', 'usr_220');
INSERT INTO trabalho.log_acesso VALUES ('log_220_4_1', 'f8e13774-d631-4f34-93f0-2f5d55590265', 'usr_220');
INSERT INTO trabalho.usuario_esta_inscrito_no_podcast VALUES (2, 'c58b280a-56d4-4ad8-8c85-730e4ea86361', 'usr_220');
INSERT INTO trabalho.comentarios_podcast_usuario VALUES ('comment_220_0_2', 'Accusantium repellat veritatis adipisci.', 'c58b280a-56d4-4ad8-8c85-730e4ea86361', 'usr_220');
INSERT INTO trabalho.comentarios_podcast_usuario VALUES ('comment_220_1_2', 'Nobis ut distinctio omnis aut.', 'c58b280a-56d4-4ad8-8c85-730e4ea86361', 'usr_220');
INSERT INTO trabalho.comentarios_podcast_usuario VALUES ('comment_220_2_2', 'Dolores quos quis non doloribus odit neque dolor beatae.', 'c58b280a-56d4-4ad8-8c85-730e4ea86361', 'usr_220');
INSERT INTO trabalho.log_acesso VALUES ('log_220_0_2', 'c58b280a-56d4-4ad8-8c85-730e4ea86361', 'usr_220');
INSERT INTO trabalho.log_acesso VALUES ('log_220_1_2', 'c58b280a-56d4-4ad8-8c85-730e4ea86361', 'usr_220');
INSERT INTO trabalho.log_acesso VALUES ('log_220_2_2', 'c58b280a-56d4-4ad8-8c85-730e4ea86361', 'usr_220');
INSERT INTO trabalho.usuario VALUES ('usr_221', '221_Bryan_Santos60@yahoo.com', 'Bryan Santos', 'male', 31, 'password', 'Wallis e Futuna');
INSERT INTO trabalho.usuario_esta_inscrito_no_podcast VALUES (4, '168c1536-4c42-4b8f-8c77-f06affefec6a', 'usr_221');
INSERT INTO trabalho.comentarios_podcast_usuario VALUES ('comment_221_0_0', 'Suscipit cupiditate cupiditate qui blanditiis ut dolores et eos repellendus.', '168c1536-4c42-4b8f-8c77-f06affefec6a', 'usr_221');
INSERT INTO trabalho.comentarios_podcast_usuario VALUES ('comment_221_1_0', 'Sint cum iure mollitia ut fuga in nemo quia dignissimos.', '168c1536-4c42-4b8f-8c77-f06affefec6a', 'usr_221');
INSERT INTO trabalho.log_acesso VALUES ('log_221_0_0', '168c1536-4c42-4b8f-8c77-f06affefec6a', 'usr_221');
INSERT INTO trabalho.log_acesso VALUES ('log_221_1_0', '168c1536-4c42-4b8f-8c77-f06affefec6a', 'usr_221');
INSERT INTO trabalho.log_acesso VALUES ('log_221_2_0', '168c1536-4c42-4b8f-8c77-f06affefec6a', 'usr_221');
INSERT INTO trabalho.log_acesso VALUES ('log_221_3_0', '168c1536-4c42-4b8f-8c77-f06affefec6a', 'usr_221');
INSERT INTO trabalho.log_acesso VALUES ('log_221_4_0', '168c1536-4c42-4b8f-8c77-f06affefec6a', 'usr_221');
INSERT INTO trabalho.log_acesso VALUES ('log_221_5_0', '168c1536-4c42-4b8f-8c77-f06affefec6a', 'usr_221');
INSERT INTO trabalho.usuario_esta_inscrito_no_podcast VALUES (0, '219328a1-cec6-4e8c-b003-52a3ec9766bb', 'usr_221');
INSERT INTO trabalho.comentarios_podcast_usuario VALUES ('comment_221_0_1', 'Maxime beatae nam vitae laudantium qui.', '219328a1-cec6-4e8c-b003-52a3ec9766bb', 'usr_221');
INSERT INTO trabalho.log_acesso VALUES ('log_221_0_1', '219328a1-cec6-4e8c-b003-52a3ec9766bb', 'usr_221');
INSERT INTO trabalho.log_acesso VALUES ('log_221_1_1', '219328a1-cec6-4e8c-b003-52a3ec9766bb', 'usr_221');
INSERT INTO trabalho.usuario_esta_inscrito_no_podcast VALUES (1, '67074e68-bc2f-442b-8af2-7d328b6af6eb', 'usr_221');
INSERT INTO trabalho.comentarios_podcast_usuario VALUES ('comment_221_0_2', 'Suscipit voluptatibus iusto quis.', '67074e68-bc2f-442b-8af2-7d328b6af6eb', 'usr_221');
INSERT INTO trabalho.comentarios_podcast_usuario VALUES ('comment_221_1_2', 'Vel aut vitae.', '67074e68-bc2f-442b-8af2-7d328b6af6eb', 'usr_221');
INSERT INTO trabalho.log_acesso VALUES ('log_221_0_2', '67074e68-bc2f-442b-8af2-7d328b6af6eb', 'usr_221');
INSERT INTO trabalho.log_acesso VALUES ('log_221_1_2', '67074e68-bc2f-442b-8af2-7d328b6af6eb', 'usr_221');
INSERT INTO trabalho.log_acesso VALUES ('log_221_2_2', '67074e68-bc2f-442b-8af2-7d328b6af6eb', 'usr_221');
INSERT INTO trabalho.log_acesso VALUES ('log_221_3_2', '67074e68-bc2f-442b-8af2-7d328b6af6eb', 'usr_221');
INSERT INTO trabalho.usuario VALUES ('usr_222', '222_Breno_Moraes@yahoo.com', 'Breno Moraes', 'male', 25, 'password', 'Malawi');
INSERT INTO trabalho.usuario_esta_inscrito_no_podcast VALUES (1, 'fa3abe16-3645-4d22-a01d-893e6f20c408', 'usr_222');
INSERT INTO trabalho.comentarios_podcast_usuario VALUES ('comment_222_0_0', 'Sint qui ea nemo reprehenderit expedita.', 'fa3abe16-3645-4d22-a01d-893e6f20c408', 'usr_222');
INSERT INTO trabalho.comentarios_podcast_usuario VALUES ('comment_222_1_0', 'Quod praesentium excepturi.', 'fa3abe16-3645-4d22-a01d-893e6f20c408', 'usr_222');
INSERT INTO trabalho.comentarios_podcast_usuario VALUES ('comment_222_2_0', 'Ratione voluptas autem in saepe eligendi maiores quaerat ab non.', 'fa3abe16-3645-4d22-a01d-893e6f20c408', 'usr_222');
INSERT INTO trabalho.comentarios_podcast_usuario VALUES ('comment_222_3_0', 'Soluta aut deleniti natus incidunt perspiciatis mollitia porro.', 'fa3abe16-3645-4d22-a01d-893e6f20c408', 'usr_222');
INSERT INTO trabalho.comentarios_podcast_usuario VALUES ('comment_222_4_0', 'Iste magnam dolor totam ipsa sit fugit quibusdam et cupiditate.', 'fa3abe16-3645-4d22-a01d-893e6f20c408', 'usr_222');
INSERT INTO trabalho.log_acesso VALUES ('log_222_0_0', 'fa3abe16-3645-4d22-a01d-893e6f20c408', 'usr_222');
INSERT INTO trabalho.log_acesso VALUES ('log_222_1_0', 'fa3abe16-3645-4d22-a01d-893e6f20c408', 'usr_222');
INSERT INTO trabalho.log_acesso VALUES ('log_222_2_0', 'fa3abe16-3645-4d22-a01d-893e6f20c408', 'usr_222');
INSERT INTO trabalho.log_acesso VALUES ('log_222_3_0', 'fa3abe16-3645-4d22-a01d-893e6f20c408', 'usr_222');
INSERT INTO trabalho.log_acesso VALUES ('log_222_4_0', 'fa3abe16-3645-4d22-a01d-893e6f20c408', 'usr_222');
INSERT INTO trabalho.usuario_esta_inscrito_no_podcast VALUES (2, '219328a1-cec6-4e8c-b003-52a3ec9766bb', 'usr_222');
INSERT INTO trabalho.comentarios_podcast_usuario VALUES ('comment_222_0_1', 'Porro rerum quia ad et.', '219328a1-cec6-4e8c-b003-52a3ec9766bb', 'usr_222');
INSERT INTO trabalho.comentarios_podcast_usuario VALUES ('comment_222_1_1', 'Dolorem nemo quaerat dignissimos magni voluptate fugit magnam ipsa voluptas.', '219328a1-cec6-4e8c-b003-52a3ec9766bb', 'usr_222');
INSERT INTO trabalho.comentarios_podcast_usuario VALUES ('comment_222_2_1', 'Natus sit fuga nihil.', '219328a1-cec6-4e8c-b003-52a3ec9766bb', 'usr_222');
INSERT INTO trabalho.comentarios_podcast_usuario VALUES ('comment_222_3_1', 'Blanditiis consequatur maiores cumque voluptas.', '219328a1-cec6-4e8c-b003-52a3ec9766bb', 'usr_222');
INSERT INTO trabalho.comentarios_podcast_usuario VALUES ('comment_222_4_1', 'Non odit adipisci amet consectetur placeat tempore dignissimos et.', '219328a1-cec6-4e8c-b003-52a3ec9766bb', 'usr_222');
INSERT INTO trabalho.log_acesso VALUES ('log_222_0_1', '219328a1-cec6-4e8c-b003-52a3ec9766bb', 'usr_222');
INSERT INTO trabalho.log_acesso VALUES ('log_222_1_1', '219328a1-cec6-4e8c-b003-52a3ec9766bb', 'usr_222');
INSERT INTO trabalho.log_acesso VALUES ('log_222_2_1', '219328a1-cec6-4e8c-b003-52a3ec9766bb', 'usr_222');
INSERT INTO trabalho.log_acesso VALUES ('log_222_3_1', '219328a1-cec6-4e8c-b003-52a3ec9766bb', 'usr_222');
INSERT INTO trabalho.log_acesso VALUES ('log_222_4_1', '219328a1-cec6-4e8c-b003-52a3ec9766bb', 'usr_222');
INSERT INTO trabalho.usuario_esta_inscrito_no_podcast VALUES (5, 'c58b280a-56d4-4ad8-8c85-730e4ea86361', 'usr_222');
INSERT INTO trabalho.comentarios_podcast_usuario VALUES ('comment_222_0_2', 'Nesciunt occaecati ducimus cumque veniam dolore sequi fugit vel.', 'c58b280a-56d4-4ad8-8c85-730e4ea86361', 'usr_222');
INSERT INTO trabalho.comentarios_podcast_usuario VALUES ('comment_222_1_2', 'Ut facilis ea.', 'c58b280a-56d4-4ad8-8c85-730e4ea86361', 'usr_222');
INSERT INTO trabalho.comentarios_podcast_usuario VALUES ('comment_222_2_2', 'Nulla eligendi eos vero beatae voluptas delectus voluptas saepe incidunt.', 'c58b280a-56d4-4ad8-8c85-730e4ea86361', 'usr_222');
INSERT INTO trabalho.comentarios_podcast_usuario VALUES ('comment_222_3_2', 'Quia doloribus dolores mollitia ut sit qui debitis deserunt.', 'c58b280a-56d4-4ad8-8c85-730e4ea86361', 'usr_222');
INSERT INTO trabalho.log_acesso VALUES ('log_222_0_2', 'c58b280a-56d4-4ad8-8c85-730e4ea86361', 'usr_222');
INSERT INTO trabalho.log_acesso VALUES ('log_222_1_2', 'c58b280a-56d4-4ad8-8c85-730e4ea86361', 'usr_222');
INSERT INTO trabalho.usuario VALUES ('usr_223', '223_gor66@yahoo.com', 'Ígor Carvalho', 'male', 60, 'password', 'Eritreia');
INSERT INTO trabalho.usuario_esta_inscrito_no_podcast VALUES (4, '5bdf7377-8330-4f9f-8efd-e95301c122ce', 'usr_223');
INSERT INTO trabalho.comentarios_podcast_usuario VALUES ('comment_223_0_0', 'Minus exercitationem et doloremque provident tenetur aperiam.', '5bdf7377-8330-4f9f-8efd-e95301c122ce', 'usr_223');
INSERT INTO trabalho.comentarios_podcast_usuario VALUES ('comment_223_1_0', 'Libero doloremque omnis quo eius.', '5bdf7377-8330-4f9f-8efd-e95301c122ce', 'usr_223');
INSERT INTO trabalho.comentarios_podcast_usuario VALUES ('comment_223_2_0', 'Illo optio qui adipisci labore deserunt aut.', '5bdf7377-8330-4f9f-8efd-e95301c122ce', 'usr_223');
INSERT INTO trabalho.log_acesso VALUES ('log_223_0_0', '5bdf7377-8330-4f9f-8efd-e95301c122ce', 'usr_223');
INSERT INTO trabalho.log_acesso VALUES ('log_223_1_0', '5bdf7377-8330-4f9f-8efd-e95301c122ce', 'usr_223');
INSERT INTO trabalho.log_acesso VALUES ('log_223_2_0', '5bdf7377-8330-4f9f-8efd-e95301c122ce', 'usr_223');
INSERT INTO trabalho.log_acesso VALUES ('log_223_3_0', '5bdf7377-8330-4f9f-8efd-e95301c122ce', 'usr_223');
INSERT INTO trabalho.usuario_esta_inscrito_no_podcast VALUES (4, 'af46a958-b921-47b6-9f87-5c4fdc68ea79', 'usr_223');
INSERT INTO trabalho.comentarios_podcast_usuario VALUES ('comment_223_0_1', 'Vero molestiae accusamus quidem commodi consequatur.', 'af46a958-b921-47b6-9f87-5c4fdc68ea79', 'usr_223');
INSERT INTO trabalho.comentarios_podcast_usuario VALUES ('comment_223_1_1', 'Eos cupiditate dolores aut.', 'af46a958-b921-47b6-9f87-5c4fdc68ea79', 'usr_223');
INSERT INTO trabalho.comentarios_podcast_usuario VALUES ('comment_223_2_1', 'Similique debitis repudiandae similique vitae aut minus dolore voluptas odit.', 'af46a958-b921-47b6-9f87-5c4fdc68ea79', 'usr_223');
INSERT INTO trabalho.comentarios_podcast_usuario VALUES ('comment_223_3_1', 'Aspernatur ea nostrum dignissimos.', 'af46a958-b921-47b6-9f87-5c4fdc68ea79', 'usr_223');
INSERT INTO trabalho.log_acesso VALUES ('log_223_0_1', 'af46a958-b921-47b6-9f87-5c4fdc68ea79', 'usr_223');
INSERT INTO trabalho.log_acesso VALUES ('log_223_1_1', 'af46a958-b921-47b6-9f87-5c4fdc68ea79', 'usr_223');
INSERT INTO trabalho.usuario_esta_inscrito_no_podcast VALUES (0, '67074e68-bc2f-442b-8af2-7d328b6af6eb', 'usr_223');
INSERT INTO trabalho.comentarios_podcast_usuario VALUES ('comment_223_0_2', 'Eum omnis voluptatem minus.', '67074e68-bc2f-442b-8af2-7d328b6af6eb', 'usr_223');
INSERT INTO trabalho.comentarios_podcast_usuario VALUES ('comment_223_1_2', 'Sequi nihil labore minima fugiat.', '67074e68-bc2f-442b-8af2-7d328b6af6eb', 'usr_223');
INSERT INTO trabalho.comentarios_podcast_usuario VALUES ('comment_223_2_2', 'Quia quos qui ipsum.', '67074e68-bc2f-442b-8af2-7d328b6af6eb', 'usr_223');
INSERT INTO trabalho.log_acesso VALUES ('log_223_0_2', '67074e68-bc2f-442b-8af2-7d328b6af6eb', 'usr_223');
INSERT INTO trabalho.log_acesso VALUES ('log_223_1_2', '67074e68-bc2f-442b-8af2-7d328b6af6eb', 'usr_223');
INSERT INTO trabalho.usuario VALUES ('usr_224', '224_Bryan_Melo@hotmail.com', 'Bryan Melo', 'male', 30, 'password', 'Estados Unidos das Ilhas Virgens');
INSERT INTO trabalho.usuario_esta_inscrito_no_podcast VALUES (1, '67074e68-bc2f-442b-8af2-7d328b6af6eb', 'usr_224');
INSERT INTO trabalho.comentarios_podcast_usuario VALUES ('comment_224_0_0', 'Magnam eaque quia.', '67074e68-bc2f-442b-8af2-7d328b6af6eb', 'usr_224');
INSERT INTO trabalho.comentarios_podcast_usuario VALUES ('comment_224_1_0', 'Reprehenderit magni alias.', '67074e68-bc2f-442b-8af2-7d328b6af6eb', 'usr_224');
INSERT INTO trabalho.log_acesso VALUES ('log_224_0_0', '67074e68-bc2f-442b-8af2-7d328b6af6eb', 'usr_224');
INSERT INTO trabalho.log_acesso VALUES ('log_224_1_0', '67074e68-bc2f-442b-8af2-7d328b6af6eb', 'usr_224');
INSERT INTO trabalho.log_acesso VALUES ('log_224_2_0', '67074e68-bc2f-442b-8af2-7d328b6af6eb', 'usr_224');
INSERT INTO trabalho.log_acesso VALUES ('log_224_3_0', '67074e68-bc2f-442b-8af2-7d328b6af6eb', 'usr_224');
INSERT INTO trabalho.usuario_esta_inscrito_no_podcast VALUES (2, 'f0166bd2-8e4d-4308-b5d7-0b3d627c5dc5', 'usr_224');
INSERT INTO trabalho.comentarios_podcast_usuario VALUES ('comment_224_0_1', 'Voluptatem blanditiis aliquam itaque quisquam veniam est voluptas fuga.', 'f0166bd2-8e4d-4308-b5d7-0b3d627c5dc5', 'usr_224');
INSERT INTO trabalho.comentarios_podcast_usuario VALUES ('comment_224_1_1', 'Et atque eius nesciunt ipsum et molestias.', 'f0166bd2-8e4d-4308-b5d7-0b3d627c5dc5', 'usr_224');
INSERT INTO trabalho.log_acesso VALUES ('log_224_0_1', 'f0166bd2-8e4d-4308-b5d7-0b3d627c5dc5', 'usr_224');
INSERT INTO trabalho.log_acesso VALUES ('log_224_1_1', 'f0166bd2-8e4d-4308-b5d7-0b3d627c5dc5', 'usr_224');
INSERT INTO trabalho.log_acesso VALUES ('log_224_2_1', 'f0166bd2-8e4d-4308-b5d7-0b3d627c5dc5', 'usr_224');
INSERT INTO trabalho.usuario_esta_inscrito_no_podcast VALUES (5, 'f8e13774-d631-4f34-93f0-2f5d55590265', 'usr_224');
INSERT INTO trabalho.comentarios_podcast_usuario VALUES ('comment_224_0_2', 'Eveniet sit sed totam.', 'f8e13774-d631-4f34-93f0-2f5d55590265', 'usr_224');
INSERT INTO trabalho.comentarios_podcast_usuario VALUES ('comment_224_1_2', 'Odit temporibus reiciendis enim nihil consequatur aut saepe.', 'f8e13774-d631-4f34-93f0-2f5d55590265', 'usr_224');
INSERT INTO trabalho.comentarios_podcast_usuario VALUES ('comment_224_2_2', 'Quam exercitationem veritatis dignissimos autem voluptatum ut necessitatibus distinctio.', 'f8e13774-d631-4f34-93f0-2f5d55590265', 'usr_224');
INSERT INTO trabalho.log_acesso VALUES ('log_224_0_2', 'f8e13774-d631-4f34-93f0-2f5d55590265', 'usr_224');
INSERT INTO trabalho.log_acesso VALUES ('log_224_1_2', 'f8e13774-d631-4f34-93f0-2f5d55590265', 'usr_224');
INSERT INTO trabalho.log_acesso VALUES ('log_224_2_2', 'f8e13774-d631-4f34-93f0-2f5d55590265', 'usr_224');
INSERT INTO trabalho.log_acesso VALUES ('log_224_3_2', 'f8e13774-d631-4f34-93f0-2f5d55590265', 'usr_224');
INSERT INTO trabalho.log_acesso VALUES ('log_224_4_2', 'f8e13774-d631-4f34-93f0-2f5d55590265', 'usr_224');
INSERT INTO trabalho.usuario VALUES ('usr_225', '225_Janana11@gmail.com', 'Janaína Souza', 'female', 53, 'password', 'San Marino');
INSERT INTO trabalho.usuario_esta_inscrito_no_podcast VALUES (1, 'bc8dac25-793c-4a96-aafc-4ea7020f4f60', 'usr_225');
INSERT INTO trabalho.comentarios_podcast_usuario VALUES ('comment_225_0_0', 'Expedita voluptas recusandae incidunt quis.', 'bc8dac25-793c-4a96-aafc-4ea7020f4f60', 'usr_225');
INSERT INTO trabalho.comentarios_podcast_usuario VALUES ('comment_225_1_0', 'Ducimus aut dolorem placeat voluptatem iusto suscipit.', 'bc8dac25-793c-4a96-aafc-4ea7020f4f60', 'usr_225');
INSERT INTO trabalho.comentarios_podcast_usuario VALUES ('comment_225_2_0', 'Quia animi sunt.', 'bc8dac25-793c-4a96-aafc-4ea7020f4f60', 'usr_225');
INSERT INTO trabalho.log_acesso VALUES ('log_225_0_0', 'bc8dac25-793c-4a96-aafc-4ea7020f4f60', 'usr_225');
INSERT INTO trabalho.log_acesso VALUES ('log_225_1_0', 'bc8dac25-793c-4a96-aafc-4ea7020f4f60', 'usr_225');
INSERT INTO trabalho.log_acesso VALUES ('log_225_2_0', 'bc8dac25-793c-4a96-aafc-4ea7020f4f60', 'usr_225');
INSERT INTO trabalho.usuario_esta_inscrito_no_podcast VALUES (1, 'c58b280a-56d4-4ad8-8c85-730e4ea86361', 'usr_225');
INSERT INTO trabalho.comentarios_podcast_usuario VALUES ('comment_225_0_1', 'Sit reiciendis eius id.', 'c58b280a-56d4-4ad8-8c85-730e4ea86361', 'usr_225');
INSERT INTO trabalho.comentarios_podcast_usuario VALUES ('comment_225_1_1', 'Enim culpa quasi velit dolorem quibusdam.', 'c58b280a-56d4-4ad8-8c85-730e4ea86361', 'usr_225');
INSERT INTO trabalho.comentarios_podcast_usuario VALUES ('comment_225_2_1', 'Eaque optio vel sunt ex ut.', 'c58b280a-56d4-4ad8-8c85-730e4ea86361', 'usr_225');
INSERT INTO trabalho.comentarios_podcast_usuario VALUES ('comment_225_3_1', 'Aliquid aut ex unde explicabo et esse doloremque.', 'c58b280a-56d4-4ad8-8c85-730e4ea86361', 'usr_225');
INSERT INTO trabalho.comentarios_podcast_usuario VALUES ('comment_225_4_1', 'Recusandae molestiae sint reiciendis dolores quas laudantium voluptatibus.', 'c58b280a-56d4-4ad8-8c85-730e4ea86361', 'usr_225');
INSERT INTO trabalho.log_acesso VALUES ('log_225_0_1', 'c58b280a-56d4-4ad8-8c85-730e4ea86361', 'usr_225');
INSERT INTO trabalho.log_acesso VALUES ('log_225_1_1', 'c58b280a-56d4-4ad8-8c85-730e4ea86361', 'usr_225');
INSERT INTO trabalho.log_acesso VALUES ('log_225_2_1', 'c58b280a-56d4-4ad8-8c85-730e4ea86361', 'usr_225');
INSERT INTO trabalho.log_acesso VALUES ('log_225_3_1', 'c58b280a-56d4-4ad8-8c85-730e4ea86361', 'usr_225');
INSERT INTO trabalho.usuario_esta_inscrito_no_podcast VALUES (0, 'b553d865-8fe2-47de-9a30-10e1dea3bd1d', 'usr_225');
INSERT INTO trabalho.comentarios_podcast_usuario VALUES ('comment_225_0_2', 'In voluptatem voluptatem dolorem omnis perferendis.', 'b553d865-8fe2-47de-9a30-10e1dea3bd1d', 'usr_225');
INSERT INTO trabalho.comentarios_podcast_usuario VALUES ('comment_225_1_2', 'Velit odit eligendi perspiciatis.', 'b553d865-8fe2-47de-9a30-10e1dea3bd1d', 'usr_225');
INSERT INTO trabalho.comentarios_podcast_usuario VALUES ('comment_225_2_2', 'Placeat quibusdam eius accusamus ab quidem corporis molestiae blanditiis fuga.', 'b553d865-8fe2-47de-9a30-10e1dea3bd1d', 'usr_225');
INSERT INTO trabalho.comentarios_podcast_usuario VALUES ('comment_225_3_2', 'Ducimus quasi officia et quaerat asperiores dolore.', 'b553d865-8fe2-47de-9a30-10e1dea3bd1d', 'usr_225');
INSERT INTO trabalho.comentarios_podcast_usuario VALUES ('comment_225_4_2', 'Vel exercitationem quasi sed earum voluptas autem illum facere rerum.', 'b553d865-8fe2-47de-9a30-10e1dea3bd1d', 'usr_225');
INSERT INTO trabalho.comentarios_podcast_usuario VALUES ('comment_225_5_2', 'Error iusto ipsam vitae sit ut.', 'b553d865-8fe2-47de-9a30-10e1dea3bd1d', 'usr_225');
INSERT INTO trabalho.comentarios_podcast_usuario VALUES ('comment_225_6_2', 'Consequuntur repellendus nemo asperiores nihil libero temporibus cupiditate quidem.', 'b553d865-8fe2-47de-9a30-10e1dea3bd1d', 'usr_225');
INSERT INTO trabalho.log_acesso VALUES ('log_225_0_2', 'b553d865-8fe2-47de-9a30-10e1dea3bd1d', 'usr_225');
INSERT INTO trabalho.log_acesso VALUES ('log_225_1_2', 'b553d865-8fe2-47de-9a30-10e1dea3bd1d', 'usr_225');
INSERT INTO trabalho.log_acesso VALUES ('log_225_2_2', 'b553d865-8fe2-47de-9a30-10e1dea3bd1d', 'usr_225');
INSERT INTO trabalho.log_acesso VALUES ('log_225_3_2', 'b553d865-8fe2-47de-9a30-10e1dea3bd1d', 'usr_225');
INSERT INTO trabalho.log_acesso VALUES ('log_225_4_2', 'b553d865-8fe2-47de-9a30-10e1dea3bd1d', 'usr_225');
INSERT INTO trabalho.log_acesso VALUES ('log_225_5_2', 'b553d865-8fe2-47de-9a30-10e1dea3bd1d', 'usr_225');
INSERT INTO trabalho.log_acesso VALUES ('log_225_6_2', 'b553d865-8fe2-47de-9a30-10e1dea3bd1d', 'usr_225');
INSERT INTO trabalho.usuario VALUES ('usr_226', '226_Vitria97@bol.com.br', 'Vitória Batista', 'female', 12, 'password', 'Peru');
INSERT INTO trabalho.usuario_esta_inscrito_no_podcast VALUES (5, 'bc8dac25-793c-4a96-aafc-4ea7020f4f60', 'usr_226');
INSERT INTO trabalho.comentarios_podcast_usuario VALUES ('comment_226_0_0', 'Eos voluptas consectetur.', 'bc8dac25-793c-4a96-aafc-4ea7020f4f60', 'usr_226');
INSERT INTO trabalho.comentarios_podcast_usuario VALUES ('comment_226_1_0', 'Et debitis molestias perspiciatis esse.', 'bc8dac25-793c-4a96-aafc-4ea7020f4f60', 'usr_226');
INSERT INTO trabalho.comentarios_podcast_usuario VALUES ('comment_226_2_0', 'Voluptate maxime qui officiis voluptatem illo et.', 'bc8dac25-793c-4a96-aafc-4ea7020f4f60', 'usr_226');
INSERT INTO trabalho.comentarios_podcast_usuario VALUES ('comment_226_3_0', 'Qui dolor enim odit sed a.', 'bc8dac25-793c-4a96-aafc-4ea7020f4f60', 'usr_226');
INSERT INTO trabalho.comentarios_podcast_usuario VALUES ('comment_226_4_0', 'Voluptas beatae est quia nihil.', 'bc8dac25-793c-4a96-aafc-4ea7020f4f60', 'usr_226');
INSERT INTO trabalho.log_acesso VALUES ('log_226_0_0', 'bc8dac25-793c-4a96-aafc-4ea7020f4f60', 'usr_226');
INSERT INTO trabalho.log_acesso VALUES ('log_226_1_0', 'bc8dac25-793c-4a96-aafc-4ea7020f4f60', 'usr_226');
INSERT INTO trabalho.log_acesso VALUES ('log_226_2_0', 'bc8dac25-793c-4a96-aafc-4ea7020f4f60', 'usr_226');
INSERT INTO trabalho.log_acesso VALUES ('log_226_3_0', 'bc8dac25-793c-4a96-aafc-4ea7020f4f60', 'usr_226');
INSERT INTO trabalho.usuario_esta_inscrito_no_podcast VALUES (5, 'f0166bd2-8e4d-4308-b5d7-0b3d627c5dc5', 'usr_226');
INSERT INTO trabalho.comentarios_podcast_usuario VALUES ('comment_226_0_1', 'Molestiae est omnis ullam numquam nisi molestiae rerum est.', 'f0166bd2-8e4d-4308-b5d7-0b3d627c5dc5', 'usr_226');
INSERT INTO trabalho.comentarios_podcast_usuario VALUES ('comment_226_1_1', 'Voluptatum totam voluptatem quia qui et voluptatem molestias voluptatem voluptatem.', 'f0166bd2-8e4d-4308-b5d7-0b3d627c5dc5', 'usr_226');
INSERT INTO trabalho.log_acesso VALUES ('log_226_0_1', 'f0166bd2-8e4d-4308-b5d7-0b3d627c5dc5', 'usr_226');
INSERT INTO trabalho.usuario_esta_inscrito_no_podcast VALUES (2, '219328a1-cec6-4e8c-b003-52a3ec9766bb', 'usr_226');
INSERT INTO trabalho.comentarios_podcast_usuario VALUES ('comment_226_0_2', 'Et quasi quo laboriosam nisi.', '219328a1-cec6-4e8c-b003-52a3ec9766bb', 'usr_226');
INSERT INTO trabalho.comentarios_podcast_usuario VALUES ('comment_226_1_2', 'Doloremque quia perferendis.', '219328a1-cec6-4e8c-b003-52a3ec9766bb', 'usr_226');
INSERT INTO trabalho.comentarios_podcast_usuario VALUES ('comment_226_2_2', 'Expedita id voluptas dolorem.', '219328a1-cec6-4e8c-b003-52a3ec9766bb', 'usr_226');
INSERT INTO trabalho.log_acesso VALUES ('log_226_0_2', '219328a1-cec6-4e8c-b003-52a3ec9766bb', 'usr_226');
INSERT INTO trabalho.log_acesso VALUES ('log_226_1_2', '219328a1-cec6-4e8c-b003-52a3ec9766bb', 'usr_226');
INSERT INTO trabalho.log_acesso VALUES ('log_226_2_2', '219328a1-cec6-4e8c-b003-52a3ec9766bb', 'usr_226');
INSERT INTO trabalho.log_acesso VALUES ('log_226_3_2', '219328a1-cec6-4e8c-b003-52a3ec9766bb', 'usr_226');
INSERT INTO trabalho.log_acesso VALUES ('log_226_4_2', '219328a1-cec6-4e8c-b003-52a3ec9766bb', 'usr_226');
INSERT INTO trabalho.log_acesso VALUES ('log_226_5_2', '219328a1-cec6-4e8c-b003-52a3ec9766bb', 'usr_226');
INSERT INTO trabalho.usuario VALUES ('usr_227', '227_Gustavo_Carvalho0@live.com', 'Gustavo Carvalho', 'male', 51, 'password', 'Sri Lanka');
INSERT INTO trabalho.usuario_esta_inscrito_no_podcast VALUES (3, '7e429e8e-7669-403d-bb78-3cd7f9f75afd', 'usr_227');
INSERT INTO trabalho.comentarios_podcast_usuario VALUES ('comment_227_0_0', 'Assumenda commodi laborum ut ullam provident aperiam.', '7e429e8e-7669-403d-bb78-3cd7f9f75afd', 'usr_227');
INSERT INTO trabalho.log_acesso VALUES ('log_227_0_0', '7e429e8e-7669-403d-bb78-3cd7f9f75afd', 'usr_227');
INSERT INTO trabalho.log_acesso VALUES ('log_227_1_0', '7e429e8e-7669-403d-bb78-3cd7f9f75afd', 'usr_227');
INSERT INTO trabalho.log_acesso VALUES ('log_227_2_0', '7e429e8e-7669-403d-bb78-3cd7f9f75afd', 'usr_227');
INSERT INTO trabalho.log_acesso VALUES ('log_227_3_0', '7e429e8e-7669-403d-bb78-3cd7f9f75afd', 'usr_227');
INSERT INTO trabalho.log_acesso VALUES ('log_227_4_0', '7e429e8e-7669-403d-bb78-3cd7f9f75afd', 'usr_227');
INSERT INTO trabalho.usuario_esta_inscrito_no_podcast VALUES (2, 'de2f0ddb-9903-436a-a5e2-54224254c818', 'usr_227');
INSERT INTO trabalho.comentarios_podcast_usuario VALUES ('comment_227_0_1', 'Veniam dolor et.', 'de2f0ddb-9903-436a-a5e2-54224254c818', 'usr_227');
INSERT INTO trabalho.comentarios_podcast_usuario VALUES ('comment_227_1_1', 'Et eveniet molestias architecto dolores autem tempora cum est qui.', 'de2f0ddb-9903-436a-a5e2-54224254c818', 'usr_227');
INSERT INTO trabalho.comentarios_podcast_usuario VALUES ('comment_227_2_1', 'Fuga corporis commodi est fugit sunt porro magni voluptas.', 'de2f0ddb-9903-436a-a5e2-54224254c818', 'usr_227');
INSERT INTO trabalho.comentarios_podcast_usuario VALUES ('comment_227_3_1', 'At modi qui dolor non odio exercitationem voluptatem.', 'de2f0ddb-9903-436a-a5e2-54224254c818', 'usr_227');
INSERT INTO trabalho.comentarios_podcast_usuario VALUES ('comment_227_4_1', 'Sint natus repudiandae et cupiditate.', 'de2f0ddb-9903-436a-a5e2-54224254c818', 'usr_227');
INSERT INTO trabalho.log_acesso VALUES ('log_227_0_1', 'de2f0ddb-9903-436a-a5e2-54224254c818', 'usr_227');
INSERT INTO trabalho.log_acesso VALUES ('log_227_1_1', 'de2f0ddb-9903-436a-a5e2-54224254c818', 'usr_227');
INSERT INTO trabalho.usuario_esta_inscrito_no_podcast VALUES (4, 'f1b92ce7-47a7-43cd-8586-4a09185cdd05', 'usr_227');
INSERT INTO trabalho.comentarios_podcast_usuario VALUES ('comment_227_0_2', 'Sint cum voluptatibus.', 'f1b92ce7-47a7-43cd-8586-4a09185cdd05', 'usr_227');
INSERT INTO trabalho.log_acesso VALUES ('log_227_0_2', 'f1b92ce7-47a7-43cd-8586-4a09185cdd05', 'usr_227');
INSERT INTO trabalho.log_acesso VALUES ('log_227_1_2', 'f1b92ce7-47a7-43cd-8586-4a09185cdd05', 'usr_227');
INSERT INTO trabalho.log_acesso VALUES ('log_227_2_2', 'f1b92ce7-47a7-43cd-8586-4a09185cdd05', 'usr_227');
INSERT INTO trabalho.usuario VALUES ('usr_228', '228_Enzo_Souza99@bol.com.br', 'Enzo Souza', 'male', 30, 'password', 'Jordânia');
INSERT INTO trabalho.usuario_esta_inscrito_no_podcast VALUES (5, '7e429e8e-7669-403d-bb78-3cd7f9f75afd', 'usr_228');
INSERT INTO trabalho.comentarios_podcast_usuario VALUES ('comment_228_0_0', 'Eos inventore sint et accusantium qui qui corporis esse.', '7e429e8e-7669-403d-bb78-3cd7f9f75afd', 'usr_228');
INSERT INTO trabalho.comentarios_podcast_usuario VALUES ('comment_228_1_0', 'Aut natus qui et quam possimus blanditiis dolore consequuntur.', '7e429e8e-7669-403d-bb78-3cd7f9f75afd', 'usr_228');
INSERT INTO trabalho.comentarios_podcast_usuario VALUES ('comment_228_2_0', 'Iure reiciendis veniam in tempora non provident et nihil.', '7e429e8e-7669-403d-bb78-3cd7f9f75afd', 'usr_228');
INSERT INTO trabalho.comentarios_podcast_usuario VALUES ('comment_228_3_0', 'Ut corporis dolores quasi.', '7e429e8e-7669-403d-bb78-3cd7f9f75afd', 'usr_228');
INSERT INTO trabalho.comentarios_podcast_usuario VALUES ('comment_228_4_0', 'At velit quisquam possimus.', '7e429e8e-7669-403d-bb78-3cd7f9f75afd', 'usr_228');
INSERT INTO trabalho.log_acesso VALUES ('log_228_0_0', '7e429e8e-7669-403d-bb78-3cd7f9f75afd', 'usr_228');
INSERT INTO trabalho.log_acesso VALUES ('log_228_1_0', '7e429e8e-7669-403d-bb78-3cd7f9f75afd', 'usr_228');
INSERT INTO trabalho.log_acesso VALUES ('log_228_2_0', '7e429e8e-7669-403d-bb78-3cd7f9f75afd', 'usr_228');
INSERT INTO trabalho.log_acesso VALUES ('log_228_3_0', '7e429e8e-7669-403d-bb78-3cd7f9f75afd', 'usr_228');
INSERT INTO trabalho.log_acesso VALUES ('log_228_4_0', '7e429e8e-7669-403d-bb78-3cd7f9f75afd', 'usr_228');
INSERT INTO trabalho.usuario_esta_inscrito_no_podcast VALUES (0, 'f8e13774-d631-4f34-93f0-2f5d55590265', 'usr_228');
INSERT INTO trabalho.comentarios_podcast_usuario VALUES ('comment_228_0_1', 'Minus fugiat quibusdam.', 'f8e13774-d631-4f34-93f0-2f5d55590265', 'usr_228');
INSERT INTO trabalho.log_acesso VALUES ('log_228_0_1', 'f8e13774-d631-4f34-93f0-2f5d55590265', 'usr_228');
INSERT INTO trabalho.log_acesso VALUES ('log_228_1_1', 'f8e13774-d631-4f34-93f0-2f5d55590265', 'usr_228');
INSERT INTO trabalho.log_acesso VALUES ('log_228_2_1', 'f8e13774-d631-4f34-93f0-2f5d55590265', 'usr_228');
INSERT INTO trabalho.log_acesso VALUES ('log_228_3_1', 'f8e13774-d631-4f34-93f0-2f5d55590265', 'usr_228');
INSERT INTO trabalho.usuario_esta_inscrito_no_podcast VALUES (4, 'f1b92ce7-47a7-43cd-8586-4a09185cdd05', 'usr_228');
INSERT INTO trabalho.comentarios_podcast_usuario VALUES ('comment_228_0_2', 'Eum maiores magni quidem aliquid aut enim.', 'f1b92ce7-47a7-43cd-8586-4a09185cdd05', 'usr_228');
INSERT INTO trabalho.comentarios_podcast_usuario VALUES ('comment_228_1_2', 'Sint et beatae dicta deserunt.', 'f1b92ce7-47a7-43cd-8586-4a09185cdd05', 'usr_228');
INSERT INTO trabalho.comentarios_podcast_usuario VALUES ('comment_228_2_2', 'Autem ut vel possimus et doloremque repellendus ratione tempore ad.', 'f1b92ce7-47a7-43cd-8586-4a09185cdd05', 'usr_228');
INSERT INTO trabalho.comentarios_podcast_usuario VALUES ('comment_228_3_2', 'Libero dolorum culpa labore accusantium aut quaerat dolorem.', 'f1b92ce7-47a7-43cd-8586-4a09185cdd05', 'usr_228');
INSERT INTO trabalho.comentarios_podcast_usuario VALUES ('comment_228_4_2', 'Nesciunt eius soluta.', 'f1b92ce7-47a7-43cd-8586-4a09185cdd05', 'usr_228');
INSERT INTO trabalho.log_acesso VALUES ('log_228_0_2', 'f1b92ce7-47a7-43cd-8586-4a09185cdd05', 'usr_228');
INSERT INTO trabalho.log_acesso VALUES ('log_228_1_2', 'f1b92ce7-47a7-43cd-8586-4a09185cdd05', 'usr_228');
INSERT INTO trabalho.usuario VALUES ('usr_229', '229_Vctor.Xavier@bol.com.br', 'Víctor Xavier', 'male', 59, 'password', 'Algéria');
INSERT INTO trabalho.usuario_esta_inscrito_no_podcast VALUES (2, '7e429e8e-7669-403d-bb78-3cd7f9f75afd', 'usr_229');
INSERT INTO trabalho.comentarios_podcast_usuario VALUES ('comment_229_0_0', 'Quam repellendus ea.', '7e429e8e-7669-403d-bb78-3cd7f9f75afd', 'usr_229');
INSERT INTO trabalho.comentarios_podcast_usuario VALUES ('comment_229_1_0', 'Enim mollitia officiis sed esse omnis sapiente et in magni.', '7e429e8e-7669-403d-bb78-3cd7f9f75afd', 'usr_229');
INSERT INTO trabalho.comentarios_podcast_usuario VALUES ('comment_229_2_0', 'Sed ut sed consequatur doloremque non.', '7e429e8e-7669-403d-bb78-3cd7f9f75afd', 'usr_229');
INSERT INTO trabalho.log_acesso VALUES ('log_229_0_0', '7e429e8e-7669-403d-bb78-3cd7f9f75afd', 'usr_229');
INSERT INTO trabalho.log_acesso VALUES ('log_229_1_0', '7e429e8e-7669-403d-bb78-3cd7f9f75afd', 'usr_229');
INSERT INTO trabalho.log_acesso VALUES ('log_229_2_0', '7e429e8e-7669-403d-bb78-3cd7f9f75afd', 'usr_229');
INSERT INTO trabalho.log_acesso VALUES ('log_229_3_0', '7e429e8e-7669-403d-bb78-3cd7f9f75afd', 'usr_229');
INSERT INTO trabalho.usuario_esta_inscrito_no_podcast VALUES (1, '67074e68-bc2f-442b-8af2-7d328b6af6eb', 'usr_229');
INSERT INTO trabalho.comentarios_podcast_usuario VALUES ('comment_229_0_1', 'Quia sint quia non quidem veritatis.', '67074e68-bc2f-442b-8af2-7d328b6af6eb', 'usr_229');
INSERT INTO trabalho.comentarios_podcast_usuario VALUES ('comment_229_1_1', 'Voluptatem iste voluptates molestiae consequuntur quasi iste.', '67074e68-bc2f-442b-8af2-7d328b6af6eb', 'usr_229');
INSERT INTO trabalho.comentarios_podcast_usuario VALUES ('comment_229_2_1', 'Alias nam non minima optio.', '67074e68-bc2f-442b-8af2-7d328b6af6eb', 'usr_229');
INSERT INTO trabalho.comentarios_podcast_usuario VALUES ('comment_229_3_1', 'Suscipit velit voluptatibus ex distinctio et officiis eveniet voluptas.', '67074e68-bc2f-442b-8af2-7d328b6af6eb', 'usr_229');
INSERT INTO trabalho.comentarios_podcast_usuario VALUES ('comment_229_4_1', 'Aut sapiente ratione animi tempora.', '67074e68-bc2f-442b-8af2-7d328b6af6eb', 'usr_229');
INSERT INTO trabalho.comentarios_podcast_usuario VALUES ('comment_229_5_1', 'Laborum fugiat perferendis expedita corporis id non recusandae maiores voluptatum.', '67074e68-bc2f-442b-8af2-7d328b6af6eb', 'usr_229');
INSERT INTO trabalho.log_acesso VALUES ('log_229_0_1', '67074e68-bc2f-442b-8af2-7d328b6af6eb', 'usr_229');
INSERT INTO trabalho.usuario_esta_inscrito_no_podcast VALUES (0, 'f1b92ce7-47a7-43cd-8586-4a09185cdd05', 'usr_229');
INSERT INTO trabalho.comentarios_podcast_usuario VALUES ('comment_229_0_2', 'Repudiandae nesciunt magnam tempore dicta consequatur recusandae.', 'f1b92ce7-47a7-43cd-8586-4a09185cdd05', 'usr_229');
INSERT INTO trabalho.comentarios_podcast_usuario VALUES ('comment_229_1_2', 'Provident maiores totam maxime eum reiciendis.', 'f1b92ce7-47a7-43cd-8586-4a09185cdd05', 'usr_229');
INSERT INTO trabalho.comentarios_podcast_usuario VALUES ('comment_229_2_2', 'Similique et et dolorum et dolorem dicta temporibus est dolor.', 'f1b92ce7-47a7-43cd-8586-4a09185cdd05', 'usr_229');
INSERT INTO trabalho.log_acesso VALUES ('log_229_0_2', 'f1b92ce7-47a7-43cd-8586-4a09185cdd05', 'usr_229');
INSERT INTO trabalho.log_acesso VALUES ('log_229_1_2', 'f1b92ce7-47a7-43cd-8586-4a09185cdd05', 'usr_229');
INSERT INTO trabalho.log_acesso VALUES ('log_229_2_2', 'f1b92ce7-47a7-43cd-8586-4a09185cdd05', 'usr_229');
INSERT INTO trabalho.log_acesso VALUES ('log_229_3_2', 'f1b92ce7-47a7-43cd-8586-4a09185cdd05', 'usr_229');
INSERT INTO trabalho.log_acesso VALUES ('log_229_4_2', 'f1b92ce7-47a7-43cd-8586-4a09185cdd05', 'usr_229');
INSERT INTO trabalho.usuario VALUES ('usr_230', '230_Elisa.Macedo22@bol.com.br', 'Elisa Macedo', 'female', 35, 'password', 'Marianas Setentrionais');
INSERT INTO trabalho.usuario_esta_inscrito_no_podcast VALUES (5, 'b553d865-8fe2-47de-9a30-10e1dea3bd1d', 'usr_230');
INSERT INTO trabalho.comentarios_podcast_usuario VALUES ('comment_230_0_0', 'Qui sint ut fugiat consectetur sunt quo at eaque.', 'b553d865-8fe2-47de-9a30-10e1dea3bd1d', 'usr_230');
INSERT INTO trabalho.comentarios_podcast_usuario VALUES ('comment_230_1_0', 'Consequatur et sit corrupti explicabo laudantium omnis numquam debitis qui.', 'b553d865-8fe2-47de-9a30-10e1dea3bd1d', 'usr_230');
INSERT INTO trabalho.log_acesso VALUES ('log_230_0_0', 'b553d865-8fe2-47de-9a30-10e1dea3bd1d', 'usr_230');
INSERT INTO trabalho.log_acesso VALUES ('log_230_1_0', 'b553d865-8fe2-47de-9a30-10e1dea3bd1d', 'usr_230');
INSERT INTO trabalho.log_acesso VALUES ('log_230_2_0', 'b553d865-8fe2-47de-9a30-10e1dea3bd1d', 'usr_230');
INSERT INTO trabalho.log_acesso VALUES ('log_230_3_0', 'b553d865-8fe2-47de-9a30-10e1dea3bd1d', 'usr_230');
INSERT INTO trabalho.log_acesso VALUES ('log_230_4_0', 'b553d865-8fe2-47de-9a30-10e1dea3bd1d', 'usr_230');
INSERT INTO trabalho.usuario_esta_inscrito_no_podcast VALUES (1, '168c1536-4c42-4b8f-8c77-f06affefec6a', 'usr_230');
INSERT INTO trabalho.comentarios_podcast_usuario VALUES ('comment_230_0_1', 'Repellat veniam non ut impedit odit amet qui aut.', '168c1536-4c42-4b8f-8c77-f06affefec6a', 'usr_230');
INSERT INTO trabalho.comentarios_podcast_usuario VALUES ('comment_230_1_1', 'Earum incidunt beatae enim.', '168c1536-4c42-4b8f-8c77-f06affefec6a', 'usr_230');
INSERT INTO trabalho.comentarios_podcast_usuario VALUES ('comment_230_2_1', 'Labore voluptatibus eum quidem aut maiores.', '168c1536-4c42-4b8f-8c77-f06affefec6a', 'usr_230');
INSERT INTO trabalho.comentarios_podcast_usuario VALUES ('comment_230_3_1', 'Maxime laboriosam temporibus quas placeat assumenda sit voluptatem unde quidem.', '168c1536-4c42-4b8f-8c77-f06affefec6a', 'usr_230');
INSERT INTO trabalho.log_acesso VALUES ('log_230_0_1', '168c1536-4c42-4b8f-8c77-f06affefec6a', 'usr_230');
INSERT INTO trabalho.log_acesso VALUES ('log_230_1_1', '168c1536-4c42-4b8f-8c77-f06affefec6a', 'usr_230');
INSERT INTO trabalho.log_acesso VALUES ('log_230_2_1', '168c1536-4c42-4b8f-8c77-f06affefec6a', 'usr_230');
INSERT INTO trabalho.log_acesso VALUES ('log_230_3_1', '168c1536-4c42-4b8f-8c77-f06affefec6a', 'usr_230');
INSERT INTO trabalho.log_acesso VALUES ('log_230_4_1', '168c1536-4c42-4b8f-8c77-f06affefec6a', 'usr_230');
INSERT INTO trabalho.usuario_esta_inscrito_no_podcast VALUES (4, '7e429e8e-7669-403d-bb78-3cd7f9f75afd', 'usr_230');
INSERT INTO trabalho.comentarios_podcast_usuario VALUES ('comment_230_0_2', 'Voluptas totam cum consequatur.', '7e429e8e-7669-403d-bb78-3cd7f9f75afd', 'usr_230');
INSERT INTO trabalho.comentarios_podcast_usuario VALUES ('comment_230_1_2', 'Tempora perferendis atque et harum deleniti aliquam aspernatur dolorem placeat.', '7e429e8e-7669-403d-bb78-3cd7f9f75afd', 'usr_230');
INSERT INTO trabalho.comentarios_podcast_usuario VALUES ('comment_230_2_2', 'Voluptatem saepe fugiat porro id quod earum incidunt quisquam voluptates.', '7e429e8e-7669-403d-bb78-3cd7f9f75afd', 'usr_230');
INSERT INTO trabalho.log_acesso VALUES ('log_230_0_2', '7e429e8e-7669-403d-bb78-3cd7f9f75afd', 'usr_230');
INSERT INTO trabalho.log_acesso VALUES ('log_230_1_2', '7e429e8e-7669-403d-bb78-3cd7f9f75afd', 'usr_230');
INSERT INTO trabalho.log_acesso VALUES ('log_230_2_2', '7e429e8e-7669-403d-bb78-3cd7f9f75afd', 'usr_230');
INSERT INTO trabalho.log_acesso VALUES ('log_230_3_2', '7e429e8e-7669-403d-bb78-3cd7f9f75afd', 'usr_230');
INSERT INTO trabalho.usuario VALUES ('usr_231', '231_Carla88@yahoo.com', 'Carla Franco', 'female', 41, 'password', 'Etiópia');
INSERT INTO trabalho.usuario_esta_inscrito_no_podcast VALUES (3, 'f8e13774-d631-4f34-93f0-2f5d55590265', 'usr_231');
INSERT INTO trabalho.comentarios_podcast_usuario VALUES ('comment_231_0_0', 'Sunt ad aut omnis laborum mollitia itaque est dolor.', 'f8e13774-d631-4f34-93f0-2f5d55590265', 'usr_231');
INSERT INTO trabalho.comentarios_podcast_usuario VALUES ('comment_231_1_0', 'Inventore debitis cumque nemo et ea id est.', 'f8e13774-d631-4f34-93f0-2f5d55590265', 'usr_231');
INSERT INTO trabalho.log_acesso VALUES ('log_231_0_0', 'f8e13774-d631-4f34-93f0-2f5d55590265', 'usr_231');
INSERT INTO trabalho.usuario_esta_inscrito_no_podcast VALUES (0, 'b553d865-8fe2-47de-9a30-10e1dea3bd1d', 'usr_231');
INSERT INTO trabalho.comentarios_podcast_usuario VALUES ('comment_231_0_1', 'Quae eius aut dolores.', 'b553d865-8fe2-47de-9a30-10e1dea3bd1d', 'usr_231');
INSERT INTO trabalho.comentarios_podcast_usuario VALUES ('comment_231_1_1', 'Voluptatem dolore iusto et pariatur illo deserunt ipsam.', 'b553d865-8fe2-47de-9a30-10e1dea3bd1d', 'usr_231');
INSERT INTO trabalho.comentarios_podcast_usuario VALUES ('comment_231_2_1', 'Aliquid quaerat dolores unde sit ut voluptates praesentium.', 'b553d865-8fe2-47de-9a30-10e1dea3bd1d', 'usr_231');
INSERT INTO trabalho.comentarios_podcast_usuario VALUES ('comment_231_3_1', 'Voluptatem nulla repudiandae.', 'b553d865-8fe2-47de-9a30-10e1dea3bd1d', 'usr_231');
INSERT INTO trabalho.log_acesso VALUES ('log_231_0_1', 'b553d865-8fe2-47de-9a30-10e1dea3bd1d', 'usr_231');
INSERT INTO trabalho.usuario_esta_inscrito_no_podcast VALUES (2, 'bc8dac25-793c-4a96-aafc-4ea7020f4f60', 'usr_231');
INSERT INTO trabalho.comentarios_podcast_usuario VALUES ('comment_231_0_2', 'Voluptatibus dolor sit.', 'bc8dac25-793c-4a96-aafc-4ea7020f4f60', 'usr_231');
INSERT INTO trabalho.comentarios_podcast_usuario VALUES ('comment_231_1_2', 'Blanditiis itaque omnis et.', 'bc8dac25-793c-4a96-aafc-4ea7020f4f60', 'usr_231');
INSERT INTO trabalho.log_acesso VALUES ('log_231_0_2', 'bc8dac25-793c-4a96-aafc-4ea7020f4f60', 'usr_231');
INSERT INTO trabalho.log_acesso VALUES ('log_231_1_2', 'bc8dac25-793c-4a96-aafc-4ea7020f4f60', 'usr_231');
INSERT INTO trabalho.log_acesso VALUES ('log_231_2_2', 'bc8dac25-793c-4a96-aafc-4ea7020f4f60', 'usr_231');
INSERT INTO trabalho.log_acesso VALUES ('log_231_3_2', 'bc8dac25-793c-4a96-aafc-4ea7020f4f60', 'usr_231');
INSERT INTO trabalho.log_acesso VALUES ('log_231_4_2', 'bc8dac25-793c-4a96-aafc-4ea7020f4f60', 'usr_231');
INSERT INTO trabalho.log_acesso VALUES ('log_231_5_2', 'bc8dac25-793c-4a96-aafc-4ea7020f4f60', 'usr_231');
INSERT INTO trabalho.usuario VALUES ('usr_232', '232_Roberta.Moreira@bol.com.br', 'Roberta Moreira', 'female', 16, 'password', 'São Martinho');
INSERT INTO trabalho.usuario_esta_inscrito_no_podcast VALUES (2, 'de2f0ddb-9903-436a-a5e2-54224254c818', 'usr_232');
INSERT INTO trabalho.comentarios_podcast_usuario VALUES ('comment_232_0_0', 'Ad error quae.', 'de2f0ddb-9903-436a-a5e2-54224254c818', 'usr_232');
INSERT INTO trabalho.comentarios_podcast_usuario VALUES ('comment_232_1_0', 'Consequatur enim aut id molestiae sed eum enim molestiae aut.', 'de2f0ddb-9903-436a-a5e2-54224254c818', 'usr_232');
INSERT INTO trabalho.comentarios_podcast_usuario VALUES ('comment_232_2_0', 'Rerum praesentium molestias amet quam voluptatem non.', 'de2f0ddb-9903-436a-a5e2-54224254c818', 'usr_232');
INSERT INTO trabalho.log_acesso VALUES ('log_232_0_0', 'de2f0ddb-9903-436a-a5e2-54224254c818', 'usr_232');
INSERT INTO trabalho.log_acesso VALUES ('log_232_1_0', 'de2f0ddb-9903-436a-a5e2-54224254c818', 'usr_232');
INSERT INTO trabalho.log_acesso VALUES ('log_232_2_0', 'de2f0ddb-9903-436a-a5e2-54224254c818', 'usr_232');
INSERT INTO trabalho.log_acesso VALUES ('log_232_3_0', 'de2f0ddb-9903-436a-a5e2-54224254c818', 'usr_232');
INSERT INTO trabalho.log_acesso VALUES ('log_232_4_0', 'de2f0ddb-9903-436a-a5e2-54224254c818', 'usr_232');
INSERT INTO trabalho.usuario_esta_inscrito_no_podcast VALUES (4, 'f0166bd2-8e4d-4308-b5d7-0b3d627c5dc5', 'usr_232');
INSERT INTO trabalho.comentarios_podcast_usuario VALUES ('comment_232_0_1', 'Eos exercitationem vel voluptatem reprehenderit libero nesciunt hic.', 'f0166bd2-8e4d-4308-b5d7-0b3d627c5dc5', 'usr_232');
INSERT INTO trabalho.comentarios_podcast_usuario VALUES ('comment_232_1_1', 'Repudiandae aut ad ex vel voluptatum.', 'f0166bd2-8e4d-4308-b5d7-0b3d627c5dc5', 'usr_232');
INSERT INTO trabalho.comentarios_podcast_usuario VALUES ('comment_232_2_1', 'Illum quos molestias itaque odio molestias.', 'f0166bd2-8e4d-4308-b5d7-0b3d627c5dc5', 'usr_232');
INSERT INTO trabalho.comentarios_podcast_usuario VALUES ('comment_232_3_1', 'Omnis facilis voluptas et.', 'f0166bd2-8e4d-4308-b5d7-0b3d627c5dc5', 'usr_232');
INSERT INTO trabalho.comentarios_podcast_usuario VALUES ('comment_232_4_1', 'Facere voluptas mollitia impedit.', 'f0166bd2-8e4d-4308-b5d7-0b3d627c5dc5', 'usr_232');
INSERT INTO trabalho.log_acesso VALUES ('log_232_0_1', 'f0166bd2-8e4d-4308-b5d7-0b3d627c5dc5', 'usr_232');
INSERT INTO trabalho.log_acesso VALUES ('log_232_1_1', 'f0166bd2-8e4d-4308-b5d7-0b3d627c5dc5', 'usr_232');
INSERT INTO trabalho.log_acesso VALUES ('log_232_2_1', 'f0166bd2-8e4d-4308-b5d7-0b3d627c5dc5', 'usr_232');
INSERT INTO trabalho.log_acesso VALUES ('log_232_3_1', 'f0166bd2-8e4d-4308-b5d7-0b3d627c5dc5', 'usr_232');
INSERT INTO trabalho.log_acesso VALUES ('log_232_4_1', 'f0166bd2-8e4d-4308-b5d7-0b3d627c5dc5', 'usr_232');
INSERT INTO trabalho.usuario_esta_inscrito_no_podcast VALUES (4, 'c58b280a-56d4-4ad8-8c85-730e4ea86361', 'usr_232');
INSERT INTO trabalho.comentarios_podcast_usuario VALUES ('comment_232_0_2', 'Ipsam amet dolore suscipit totam ratione nostrum.', 'c58b280a-56d4-4ad8-8c85-730e4ea86361', 'usr_232');
INSERT INTO trabalho.comentarios_podcast_usuario VALUES ('comment_232_1_2', 'Ullam vel sit delectus architecto.', 'c58b280a-56d4-4ad8-8c85-730e4ea86361', 'usr_232');
INSERT INTO trabalho.comentarios_podcast_usuario VALUES ('comment_232_2_2', 'Qui repellendus id corporis.', 'c58b280a-56d4-4ad8-8c85-730e4ea86361', 'usr_232');
INSERT INTO trabalho.log_acesso VALUES ('log_232_0_2', 'c58b280a-56d4-4ad8-8c85-730e4ea86361', 'usr_232');
INSERT INTO trabalho.usuario VALUES ('usr_233', '233_Felipe_Silva@gmail.com', 'Felipe Silva', 'male', 26, 'password', 'Holanda');
INSERT INTO trabalho.usuario_esta_inscrito_no_podcast VALUES (0, 'af46a958-b921-47b6-9f87-5c4fdc68ea79', 'usr_233');
INSERT INTO trabalho.comentarios_podcast_usuario VALUES ('comment_233_0_0', 'Eius assumenda a et reiciendis itaque repellat sunt beatae suscipit.', 'af46a958-b921-47b6-9f87-5c4fdc68ea79', 'usr_233');
INSERT INTO trabalho.log_acesso VALUES ('log_233_0_0', 'af46a958-b921-47b6-9f87-5c4fdc68ea79', 'usr_233');
INSERT INTO trabalho.log_acesso VALUES ('log_233_1_0', 'af46a958-b921-47b6-9f87-5c4fdc68ea79', 'usr_233');
INSERT INTO trabalho.log_acesso VALUES ('log_233_2_0', 'af46a958-b921-47b6-9f87-5c4fdc68ea79', 'usr_233');
INSERT INTO trabalho.log_acesso VALUES ('log_233_3_0', 'af46a958-b921-47b6-9f87-5c4fdc68ea79', 'usr_233');
INSERT INTO trabalho.usuario_esta_inscrito_no_podcast VALUES (3, 'bc8dac25-793c-4a96-aafc-4ea7020f4f60', 'usr_233');
INSERT INTO trabalho.comentarios_podcast_usuario VALUES ('comment_233_0_1', 'Placeat ea debitis.', 'bc8dac25-793c-4a96-aafc-4ea7020f4f60', 'usr_233');
INSERT INTO trabalho.comentarios_podcast_usuario VALUES ('comment_233_1_1', 'Voluptas maxime exercitationem et molestias nesciunt sapiente tempore et.', 'bc8dac25-793c-4a96-aafc-4ea7020f4f60', 'usr_233');
INSERT INTO trabalho.comentarios_podcast_usuario VALUES ('comment_233_2_1', 'Voluptatibus sapiente velit fuga aliquid.', 'bc8dac25-793c-4a96-aafc-4ea7020f4f60', 'usr_233');
INSERT INTO trabalho.log_acesso VALUES ('log_233_0_1', 'bc8dac25-793c-4a96-aafc-4ea7020f4f60', 'usr_233');
INSERT INTO trabalho.log_acesso VALUES ('log_233_1_1', 'bc8dac25-793c-4a96-aafc-4ea7020f4f60', 'usr_233');
INSERT INTO trabalho.usuario_esta_inscrito_no_podcast VALUES (0, '168c1536-4c42-4b8f-8c77-f06affefec6a', 'usr_233');
INSERT INTO trabalho.comentarios_podcast_usuario VALUES ('comment_233_0_2', 'Cupiditate cumque ex doloribus quisquam.', '168c1536-4c42-4b8f-8c77-f06affefec6a', 'usr_233');
INSERT INTO trabalho.comentarios_podcast_usuario VALUES ('comment_233_1_2', 'Deserunt alias exercitationem modi necessitatibus voluptas tempora laudantium sint.', '168c1536-4c42-4b8f-8c77-f06affefec6a', 'usr_233');
INSERT INTO trabalho.comentarios_podcast_usuario VALUES ('comment_233_2_2', 'Minima dolores incidunt nihil quidem quam ex molestiae eveniet.', '168c1536-4c42-4b8f-8c77-f06affefec6a', 'usr_233');
INSERT INTO trabalho.log_acesso VALUES ('log_233_0_2', '168c1536-4c42-4b8f-8c77-f06affefec6a', 'usr_233');
INSERT INTO trabalho.log_acesso VALUES ('log_233_1_2', '168c1536-4c42-4b8f-8c77-f06affefec6a', 'usr_233');
INSERT INTO trabalho.usuario VALUES ('usr_234', '234_Sophia11@bol.com.br', 'Sophia Macedo', 'female', 58, 'password', 'Zâmbia');
INSERT INTO trabalho.usuario_esta_inscrito_no_podcast VALUES (3, 'af46a958-b921-47b6-9f87-5c4fdc68ea79', 'usr_234');
INSERT INTO trabalho.comentarios_podcast_usuario VALUES ('comment_234_0_0', 'Qui qui consectetur et sed quam laudantium accusantium.', 'af46a958-b921-47b6-9f87-5c4fdc68ea79', 'usr_234');
INSERT INTO trabalho.comentarios_podcast_usuario VALUES ('comment_234_1_0', 'Commodi alias deserunt omnis necessitatibus molestiae qui.', 'af46a958-b921-47b6-9f87-5c4fdc68ea79', 'usr_234');
INSERT INTO trabalho.log_acesso VALUES ('log_234_0_0', 'af46a958-b921-47b6-9f87-5c4fdc68ea79', 'usr_234');
INSERT INTO trabalho.log_acesso VALUES ('log_234_1_0', 'af46a958-b921-47b6-9f87-5c4fdc68ea79', 'usr_234');
INSERT INTO trabalho.log_acesso VALUES ('log_234_2_0', 'af46a958-b921-47b6-9f87-5c4fdc68ea79', 'usr_234');
INSERT INTO trabalho.log_acesso VALUES ('log_234_3_0', 'af46a958-b921-47b6-9f87-5c4fdc68ea79', 'usr_234');
INSERT INTO trabalho.log_acesso VALUES ('log_234_4_0', 'af46a958-b921-47b6-9f87-5c4fdc68ea79', 'usr_234');
INSERT INTO trabalho.usuario_esta_inscrito_no_podcast VALUES (4, 'f1b92ce7-47a7-43cd-8586-4a09185cdd05', 'usr_234');
INSERT INTO trabalho.comentarios_podcast_usuario VALUES ('comment_234_0_1', 'Quia ipsa neque sequi alias quia et occaecati laboriosam.', 'f1b92ce7-47a7-43cd-8586-4a09185cdd05', 'usr_234');
INSERT INTO trabalho.comentarios_podcast_usuario VALUES ('comment_234_1_1', 'Expedita vel quae.', 'f1b92ce7-47a7-43cd-8586-4a09185cdd05', 'usr_234');
INSERT INTO trabalho.comentarios_podcast_usuario VALUES ('comment_234_2_1', 'Velit aut modi optio dolore.', 'f1b92ce7-47a7-43cd-8586-4a09185cdd05', 'usr_234');
INSERT INTO trabalho.log_acesso VALUES ('log_234_0_1', 'f1b92ce7-47a7-43cd-8586-4a09185cdd05', 'usr_234');
INSERT INTO trabalho.log_acesso VALUES ('log_234_1_1', 'f1b92ce7-47a7-43cd-8586-4a09185cdd05', 'usr_234');
INSERT INTO trabalho.usuario_esta_inscrito_no_podcast VALUES (3, '219328a1-cec6-4e8c-b003-52a3ec9766bb', 'usr_234');
INSERT INTO trabalho.comentarios_podcast_usuario VALUES ('comment_234_0_2', 'Minima ut id.', '219328a1-cec6-4e8c-b003-52a3ec9766bb', 'usr_234');
INSERT INTO trabalho.comentarios_podcast_usuario VALUES ('comment_234_1_2', 'Velit commodi reiciendis asperiores quasi unde accusantium.', '219328a1-cec6-4e8c-b003-52a3ec9766bb', 'usr_234');
INSERT INTO trabalho.comentarios_podcast_usuario VALUES ('comment_234_2_2', 'Labore doloremque quos.', '219328a1-cec6-4e8c-b003-52a3ec9766bb', 'usr_234');
INSERT INTO trabalho.comentarios_podcast_usuario VALUES ('comment_234_3_2', 'Quo dolores ea et facere ducimus non dolore corrupti commodi.', '219328a1-cec6-4e8c-b003-52a3ec9766bb', 'usr_234');
INSERT INTO trabalho.log_acesso VALUES ('log_234_0_2', '219328a1-cec6-4e8c-b003-52a3ec9766bb', 'usr_234');
INSERT INTO trabalho.log_acesso VALUES ('log_234_1_2', '219328a1-cec6-4e8c-b003-52a3ec9766bb', 'usr_234');
INSERT INTO trabalho.log_acesso VALUES ('log_234_2_2', '219328a1-cec6-4e8c-b003-52a3ec9766bb', 'usr_234');
INSERT INTO trabalho.log_acesso VALUES ('log_234_3_2', '219328a1-cec6-4e8c-b003-52a3ec9766bb', 'usr_234');
INSERT INTO trabalho.usuario VALUES ('usr_235', '235_Talita.Santos64@hotmail.com', 'Talita Santos', 'female', 34, 'password', 'Porto Rico');
INSERT INTO trabalho.usuario_esta_inscrito_no_podcast VALUES (2, '67074e68-bc2f-442b-8af2-7d328b6af6eb', 'usr_235');
INSERT INTO trabalho.comentarios_podcast_usuario VALUES ('comment_235_0_0', 'Dolor nostrum enim.', '67074e68-bc2f-442b-8af2-7d328b6af6eb', 'usr_235');
INSERT INTO trabalho.comentarios_podcast_usuario VALUES ('comment_235_1_0', 'Quos nulla enim voluptatum quaerat.', '67074e68-bc2f-442b-8af2-7d328b6af6eb', 'usr_235');
INSERT INTO trabalho.comentarios_podcast_usuario VALUES ('comment_235_2_0', 'Inventore aliquid est et qui non hic eveniet quo.', '67074e68-bc2f-442b-8af2-7d328b6af6eb', 'usr_235');
INSERT INTO trabalho.log_acesso VALUES ('log_235_0_0', '67074e68-bc2f-442b-8af2-7d328b6af6eb', 'usr_235');
INSERT INTO trabalho.log_acesso VALUES ('log_235_1_0', '67074e68-bc2f-442b-8af2-7d328b6af6eb', 'usr_235');
INSERT INTO trabalho.log_acesso VALUES ('log_235_2_0', '67074e68-bc2f-442b-8af2-7d328b6af6eb', 'usr_235');
INSERT INTO trabalho.log_acesso VALUES ('log_235_3_0', '67074e68-bc2f-442b-8af2-7d328b6af6eb', 'usr_235');
INSERT INTO trabalho.log_acesso VALUES ('log_235_4_0', '67074e68-bc2f-442b-8af2-7d328b6af6eb', 'usr_235');
INSERT INTO trabalho.usuario_esta_inscrito_no_podcast VALUES (3, '219328a1-cec6-4e8c-b003-52a3ec9766bb', 'usr_235');
INSERT INTO trabalho.comentarios_podcast_usuario VALUES ('comment_235_0_1', 'Voluptatem nobis sint voluptas.', '219328a1-cec6-4e8c-b003-52a3ec9766bb', 'usr_235');
INSERT INTO trabalho.comentarios_podcast_usuario VALUES ('comment_235_1_1', 'Omnis dolorem necessitatibus eos cumque.', '219328a1-cec6-4e8c-b003-52a3ec9766bb', 'usr_235');
INSERT INTO trabalho.comentarios_podcast_usuario VALUES ('comment_235_2_1', 'Non aut delectus.', '219328a1-cec6-4e8c-b003-52a3ec9766bb', 'usr_235');
INSERT INTO trabalho.comentarios_podcast_usuario VALUES ('comment_235_3_1', 'Vel vel in dolores veritatis ad itaque repudiandae occaecati velit.', '219328a1-cec6-4e8c-b003-52a3ec9766bb', 'usr_235');
INSERT INTO trabalho.log_acesso VALUES ('log_235_0_1', '219328a1-cec6-4e8c-b003-52a3ec9766bb', 'usr_235');
INSERT INTO trabalho.log_acesso VALUES ('log_235_1_1', '219328a1-cec6-4e8c-b003-52a3ec9766bb', 'usr_235');
INSERT INTO trabalho.usuario_esta_inscrito_no_podcast VALUES (0, 'af46a958-b921-47b6-9f87-5c4fdc68ea79', 'usr_235');
INSERT INTO trabalho.comentarios_podcast_usuario VALUES ('comment_235_0_2', 'Sit praesentium magni illum autem et.', 'af46a958-b921-47b6-9f87-5c4fdc68ea79', 'usr_235');
INSERT INTO trabalho.comentarios_podcast_usuario VALUES ('comment_235_1_2', 'Necessitatibus nihil quisquam earum consequatur quasi minus id.', 'af46a958-b921-47b6-9f87-5c4fdc68ea79', 'usr_235');
INSERT INTO trabalho.comentarios_podcast_usuario VALUES ('comment_235_2_2', 'Nostrum repellendus asperiores et expedita natus provident deserunt magnam nesciunt.', 'af46a958-b921-47b6-9f87-5c4fdc68ea79', 'usr_235');
INSERT INTO trabalho.comentarios_podcast_usuario VALUES ('comment_235_3_2', 'Qui est officia aut officiis ut.', 'af46a958-b921-47b6-9f87-5c4fdc68ea79', 'usr_235');
INSERT INTO trabalho.log_acesso VALUES ('log_235_0_2', 'af46a958-b921-47b6-9f87-5c4fdc68ea79', 'usr_235');
INSERT INTO trabalho.log_acesso VALUES ('log_235_1_2', 'af46a958-b921-47b6-9f87-5c4fdc68ea79', 'usr_235');
INSERT INTO trabalho.log_acesso VALUES ('log_235_2_2', 'af46a958-b921-47b6-9f87-5c4fdc68ea79', 'usr_235');
INSERT INTO trabalho.log_acesso VALUES ('log_235_3_2', 'af46a958-b921-47b6-9f87-5c4fdc68ea79', 'usr_235');
INSERT INTO trabalho.log_acesso VALUES ('log_235_4_2', 'af46a958-b921-47b6-9f87-5c4fdc68ea79', 'usr_235');
INSERT INTO trabalho.usuario VALUES ('usr_236', '236_Marcos.Braga33@hotmail.com', 'Marcos Braga', 'male', 12, 'password', 'Nigéria');
INSERT INTO trabalho.usuario_esta_inscrito_no_podcast VALUES (5, '168c1536-4c42-4b8f-8c77-f06affefec6a', 'usr_236');
INSERT INTO trabalho.comentarios_podcast_usuario VALUES ('comment_236_0_0', 'Accusantium placeat non reprehenderit tempora consequatur amet.', '168c1536-4c42-4b8f-8c77-f06affefec6a', 'usr_236');
INSERT INTO trabalho.comentarios_podcast_usuario VALUES ('comment_236_1_0', 'Odio et nulla hic suscipit reprehenderit vero autem.', '168c1536-4c42-4b8f-8c77-f06affefec6a', 'usr_236');
INSERT INTO trabalho.comentarios_podcast_usuario VALUES ('comment_236_2_0', 'Optio est suscipit quo sunt nihil non eum vel.', '168c1536-4c42-4b8f-8c77-f06affefec6a', 'usr_236');
INSERT INTO trabalho.comentarios_podcast_usuario VALUES ('comment_236_3_0', 'Quae saepe tenetur ad nam exercitationem.', '168c1536-4c42-4b8f-8c77-f06affefec6a', 'usr_236');
INSERT INTO trabalho.log_acesso VALUES ('log_236_0_0', '168c1536-4c42-4b8f-8c77-f06affefec6a', 'usr_236');
INSERT INTO trabalho.usuario_esta_inscrito_no_podcast VALUES (4, 'c58b280a-56d4-4ad8-8c85-730e4ea86361', 'usr_236');
INSERT INTO trabalho.comentarios_podcast_usuario VALUES ('comment_236_0_1', 'Dolore ut odio rerum quia et ab reprehenderit voluptas.', 'c58b280a-56d4-4ad8-8c85-730e4ea86361', 'usr_236');
INSERT INTO trabalho.comentarios_podcast_usuario VALUES ('comment_236_1_1', 'Doloribus non consequatur.', 'c58b280a-56d4-4ad8-8c85-730e4ea86361', 'usr_236');
INSERT INTO trabalho.log_acesso VALUES ('log_236_0_1', 'c58b280a-56d4-4ad8-8c85-730e4ea86361', 'usr_236');
INSERT INTO trabalho.log_acesso VALUES ('log_236_1_1', 'c58b280a-56d4-4ad8-8c85-730e4ea86361', 'usr_236');
INSERT INTO trabalho.log_acesso VALUES ('log_236_2_1', 'c58b280a-56d4-4ad8-8c85-730e4ea86361', 'usr_236');
INSERT INTO trabalho.log_acesso VALUES ('log_236_3_1', 'c58b280a-56d4-4ad8-8c85-730e4ea86361', 'usr_236');
INSERT INTO trabalho.log_acesso VALUES ('log_236_4_1', 'c58b280a-56d4-4ad8-8c85-730e4ea86361', 'usr_236');
INSERT INTO trabalho.usuario_esta_inscrito_no_podcast VALUES (1, 'b553d865-8fe2-47de-9a30-10e1dea3bd1d', 'usr_236');
INSERT INTO trabalho.comentarios_podcast_usuario VALUES ('comment_236_0_2', 'Perferendis et numquam fugiat.', 'b553d865-8fe2-47de-9a30-10e1dea3bd1d', 'usr_236');
INSERT INTO trabalho.comentarios_podcast_usuario VALUES ('comment_236_1_2', 'Occaecati accusantium magnam dolores et rem soluta consequatur ab.', 'b553d865-8fe2-47de-9a30-10e1dea3bd1d', 'usr_236');
INSERT INTO trabalho.comentarios_podcast_usuario VALUES ('comment_236_2_2', 'Corrupti omnis reiciendis cum optio voluptas.', 'b553d865-8fe2-47de-9a30-10e1dea3bd1d', 'usr_236');
INSERT INTO trabalho.log_acesso VALUES ('log_236_0_2', 'b553d865-8fe2-47de-9a30-10e1dea3bd1d', 'usr_236');
INSERT INTO trabalho.log_acesso VALUES ('log_236_1_2', 'b553d865-8fe2-47de-9a30-10e1dea3bd1d', 'usr_236');
INSERT INTO trabalho.log_acesso VALUES ('log_236_2_2', 'b553d865-8fe2-47de-9a30-10e1dea3bd1d', 'usr_236');
INSERT INTO trabalho.log_acesso VALUES ('log_236_3_2', 'b553d865-8fe2-47de-9a30-10e1dea3bd1d', 'usr_236');
INSERT INTO trabalho.log_acesso VALUES ('log_236_4_2', 'b553d865-8fe2-47de-9a30-10e1dea3bd1d', 'usr_236');
INSERT INTO trabalho.usuario VALUES ('usr_237', '237_Morgana.Santos89@hotmail.com', 'Morgana Santos', 'female', 53, 'password', 'Líbano');
INSERT INTO trabalho.usuario_esta_inscrito_no_podcast VALUES (0, 'b553d865-8fe2-47de-9a30-10e1dea3bd1d', 'usr_237');
INSERT INTO trabalho.comentarios_podcast_usuario VALUES ('comment_237_0_0', 'Voluptatem necessitatibus et sit tempora.', 'b553d865-8fe2-47de-9a30-10e1dea3bd1d', 'usr_237');
INSERT INTO trabalho.comentarios_podcast_usuario VALUES ('comment_237_1_0', 'Perferendis accusantium et enim voluptas deleniti dolorem.', 'b553d865-8fe2-47de-9a30-10e1dea3bd1d', 'usr_237');
INSERT INTO trabalho.comentarios_podcast_usuario VALUES ('comment_237_2_0', 'Eum voluptatem nesciunt tempore porro.', 'b553d865-8fe2-47de-9a30-10e1dea3bd1d', 'usr_237');
INSERT INTO trabalho.comentarios_podcast_usuario VALUES ('comment_237_3_0', 'Voluptatem quod autem quis numquam quia illo esse.', 'b553d865-8fe2-47de-9a30-10e1dea3bd1d', 'usr_237');
INSERT INTO trabalho.comentarios_podcast_usuario VALUES ('comment_237_4_0', 'Aspernatur beatae nulla qui earum.', 'b553d865-8fe2-47de-9a30-10e1dea3bd1d', 'usr_237');
INSERT INTO trabalho.log_acesso VALUES ('log_237_0_0', 'b553d865-8fe2-47de-9a30-10e1dea3bd1d', 'usr_237');
INSERT INTO trabalho.log_acesso VALUES ('log_237_1_0', 'b553d865-8fe2-47de-9a30-10e1dea3bd1d', 'usr_237');
INSERT INTO trabalho.log_acesso VALUES ('log_237_2_0', 'b553d865-8fe2-47de-9a30-10e1dea3bd1d', 'usr_237');
INSERT INTO trabalho.log_acesso VALUES ('log_237_3_0', 'b553d865-8fe2-47de-9a30-10e1dea3bd1d', 'usr_237');
INSERT INTO trabalho.usuario_esta_inscrito_no_podcast VALUES (2, 'bc8dac25-793c-4a96-aafc-4ea7020f4f60', 'usr_237');
INSERT INTO trabalho.comentarios_podcast_usuario VALUES ('comment_237_0_1', 'Optio laboriosam in illo atque reiciendis in.', 'bc8dac25-793c-4a96-aafc-4ea7020f4f60', 'usr_237');
INSERT INTO trabalho.comentarios_podcast_usuario VALUES ('comment_237_1_1', 'Et beatae et sequi.', 'bc8dac25-793c-4a96-aafc-4ea7020f4f60', 'usr_237');
INSERT INTO trabalho.comentarios_podcast_usuario VALUES ('comment_237_2_1', 'Sequi soluta aut.', 'bc8dac25-793c-4a96-aafc-4ea7020f4f60', 'usr_237');
INSERT INTO trabalho.comentarios_podcast_usuario VALUES ('comment_237_3_1', 'Ipsum itaque rem illo mollitia.', 'bc8dac25-793c-4a96-aafc-4ea7020f4f60', 'usr_237');
INSERT INTO trabalho.log_acesso VALUES ('log_237_0_1', 'bc8dac25-793c-4a96-aafc-4ea7020f4f60', 'usr_237');
INSERT INTO trabalho.log_acesso VALUES ('log_237_1_1', 'bc8dac25-793c-4a96-aafc-4ea7020f4f60', 'usr_237');
INSERT INTO trabalho.usuario_esta_inscrito_no_podcast VALUES (5, '168c1536-4c42-4b8f-8c77-f06affefec6a', 'usr_237');
INSERT INTO trabalho.comentarios_podcast_usuario VALUES ('comment_237_0_2', 'Occaecati accusantium veritatis doloribus et adipisci aliquid autem autem.', '168c1536-4c42-4b8f-8c77-f06affefec6a', 'usr_237');
INSERT INTO trabalho.log_acesso VALUES ('log_237_0_2', '168c1536-4c42-4b8f-8c77-f06affefec6a', 'usr_237');
INSERT INTO trabalho.log_acesso VALUES ('log_237_1_2', '168c1536-4c42-4b8f-8c77-f06affefec6a', 'usr_237');
INSERT INTO trabalho.usuario VALUES ('usr_238', '238_Marli_Barros62@bol.com.br', 'Marli Barros', 'female', 32, 'password', 'Romênia');
INSERT INTO trabalho.usuario_esta_inscrito_no_podcast VALUES (1, 'c58b280a-56d4-4ad8-8c85-730e4ea86361', 'usr_238');
INSERT INTO trabalho.comentarios_podcast_usuario VALUES ('comment_238_0_0', 'Deleniti magnam ea et maiores provident magni deserunt quas.', 'c58b280a-56d4-4ad8-8c85-730e4ea86361', 'usr_238');
INSERT INTO trabalho.comentarios_podcast_usuario VALUES ('comment_238_1_0', 'Officiis ducimus sed natus nihil iusto illo id voluptas est.', 'c58b280a-56d4-4ad8-8c85-730e4ea86361', 'usr_238');
INSERT INTO trabalho.comentarios_podcast_usuario VALUES ('comment_238_2_0', 'Et nihil architecto dicta autem ex.', 'c58b280a-56d4-4ad8-8c85-730e4ea86361', 'usr_238');
INSERT INTO trabalho.log_acesso VALUES ('log_238_0_0', 'c58b280a-56d4-4ad8-8c85-730e4ea86361', 'usr_238');
INSERT INTO trabalho.log_acesso VALUES ('log_238_1_0', 'c58b280a-56d4-4ad8-8c85-730e4ea86361', 'usr_238');
INSERT INTO trabalho.log_acesso VALUES ('log_238_2_0', 'c58b280a-56d4-4ad8-8c85-730e4ea86361', 'usr_238');
INSERT INTO trabalho.usuario_esta_inscrito_no_podcast VALUES (1, 'bc8dac25-793c-4a96-aafc-4ea7020f4f60', 'usr_238');
INSERT INTO trabalho.comentarios_podcast_usuario VALUES ('comment_238_0_1', 'Dolores optio at voluptatum et similique voluptatibus.', 'bc8dac25-793c-4a96-aafc-4ea7020f4f60', 'usr_238');
INSERT INTO trabalho.comentarios_podcast_usuario VALUES ('comment_238_1_1', 'Doloremque voluptatibus est quidem doloremque quo aliquid.', 'bc8dac25-793c-4a96-aafc-4ea7020f4f60', 'usr_238');
INSERT INTO trabalho.log_acesso VALUES ('log_238_0_1', 'bc8dac25-793c-4a96-aafc-4ea7020f4f60', 'usr_238');
INSERT INTO trabalho.log_acesso VALUES ('log_238_1_1', 'bc8dac25-793c-4a96-aafc-4ea7020f4f60', 'usr_238');
INSERT INTO trabalho.log_acesso VALUES ('log_238_2_1', 'bc8dac25-793c-4a96-aafc-4ea7020f4f60', 'usr_238');
INSERT INTO trabalho.log_acesso VALUES ('log_238_3_1', 'bc8dac25-793c-4a96-aafc-4ea7020f4f60', 'usr_238');
INSERT INTO trabalho.usuario_esta_inscrito_no_podcast VALUES (0, '67074e68-bc2f-442b-8af2-7d328b6af6eb', 'usr_238');
INSERT INTO trabalho.comentarios_podcast_usuario VALUES ('comment_238_0_2', 'Consequatur ratione fugit.', '67074e68-bc2f-442b-8af2-7d328b6af6eb', 'usr_238');
INSERT INTO trabalho.comentarios_podcast_usuario VALUES ('comment_238_1_2', 'Quos quia facere.', '67074e68-bc2f-442b-8af2-7d328b6af6eb', 'usr_238');
INSERT INTO trabalho.comentarios_podcast_usuario VALUES ('comment_238_2_2', 'Ipsum qui et rem quibusdam voluptatibus.', '67074e68-bc2f-442b-8af2-7d328b6af6eb', 'usr_238');
INSERT INTO trabalho.comentarios_podcast_usuario VALUES ('comment_238_3_2', 'Exercitationem porro harum aliquid et quia molestias deserunt sapiente modi.', '67074e68-bc2f-442b-8af2-7d328b6af6eb', 'usr_238');
INSERT INTO trabalho.log_acesso VALUES ('log_238_0_2', '67074e68-bc2f-442b-8af2-7d328b6af6eb', 'usr_238');
INSERT INTO trabalho.log_acesso VALUES ('log_238_1_2', '67074e68-bc2f-442b-8af2-7d328b6af6eb', 'usr_238');
INSERT INTO trabalho.usuario VALUES ('usr_239', '239_Ceclia63@bol.com.br', 'Cecília Reis', 'female', 21, 'password', 'República Tcheca');
INSERT INTO trabalho.usuario_esta_inscrito_no_podcast VALUES (4, '168c1536-4c42-4b8f-8c77-f06affefec6a', 'usr_239');
INSERT INTO trabalho.comentarios_podcast_usuario VALUES ('comment_239_0_0', 'Corrupti quaerat eveniet enim quos ut sapiente dolores qui voluptate.', '168c1536-4c42-4b8f-8c77-f06affefec6a', 'usr_239');
INSERT INTO trabalho.comentarios_podcast_usuario VALUES ('comment_239_1_0', 'Rerum totam laboriosam voluptas saepe qui necessitatibus voluptatibus laboriosam.', '168c1536-4c42-4b8f-8c77-f06affefec6a', 'usr_239');
INSERT INTO trabalho.comentarios_podcast_usuario VALUES ('comment_239_2_0', 'Ullam voluptatem qui a molestiae et.', '168c1536-4c42-4b8f-8c77-f06affefec6a', 'usr_239');
INSERT INTO trabalho.log_acesso VALUES ('log_239_0_0', '168c1536-4c42-4b8f-8c77-f06affefec6a', 'usr_239');
INSERT INTO trabalho.log_acesso VALUES ('log_239_1_0', '168c1536-4c42-4b8f-8c77-f06affefec6a', 'usr_239');
INSERT INTO trabalho.log_acesso VALUES ('log_239_2_0', '168c1536-4c42-4b8f-8c77-f06affefec6a', 'usr_239');
INSERT INTO trabalho.log_acesso VALUES ('log_239_3_0', '168c1536-4c42-4b8f-8c77-f06affefec6a', 'usr_239');
INSERT INTO trabalho.log_acesso VALUES ('log_239_4_0', '168c1536-4c42-4b8f-8c77-f06affefec6a', 'usr_239');
INSERT INTO trabalho.log_acesso VALUES ('log_239_5_0', '168c1536-4c42-4b8f-8c77-f06affefec6a', 'usr_239');
INSERT INTO trabalho.usuario_esta_inscrito_no_podcast VALUES (3, '5bdf7377-8330-4f9f-8efd-e95301c122ce', 'usr_239');
INSERT INTO trabalho.comentarios_podcast_usuario VALUES ('comment_239_0_1', 'Minus accusamus vel voluptates velit necessitatibus quo aliquid aut ut.', '5bdf7377-8330-4f9f-8efd-e95301c122ce', 'usr_239');
INSERT INTO trabalho.comentarios_podcast_usuario VALUES ('comment_239_1_1', 'Eum dolores dolore aut.', '5bdf7377-8330-4f9f-8efd-e95301c122ce', 'usr_239');
INSERT INTO trabalho.comentarios_podcast_usuario VALUES ('comment_239_2_1', 'Dolore et distinctio aut quas et libero.', '5bdf7377-8330-4f9f-8efd-e95301c122ce', 'usr_239');
INSERT INTO trabalho.log_acesso VALUES ('log_239_0_1', '5bdf7377-8330-4f9f-8efd-e95301c122ce', 'usr_239');
INSERT INTO trabalho.log_acesso VALUES ('log_239_1_1', '5bdf7377-8330-4f9f-8efd-e95301c122ce', 'usr_239');
INSERT INTO trabalho.log_acesso VALUES ('log_239_2_1', '5bdf7377-8330-4f9f-8efd-e95301c122ce', 'usr_239');
INSERT INTO trabalho.log_acesso VALUES ('log_239_3_1', '5bdf7377-8330-4f9f-8efd-e95301c122ce', 'usr_239');
INSERT INTO trabalho.log_acesso VALUES ('log_239_4_1', '5bdf7377-8330-4f9f-8efd-e95301c122ce', 'usr_239');
INSERT INTO trabalho.usuario_esta_inscrito_no_podcast VALUES (4, 'b553d865-8fe2-47de-9a30-10e1dea3bd1d', 'usr_239');
INSERT INTO trabalho.comentarios_podcast_usuario VALUES ('comment_239_0_2', 'Suscipit error quisquam.', 'b553d865-8fe2-47de-9a30-10e1dea3bd1d', 'usr_239');
INSERT INTO trabalho.log_acesso VALUES ('log_239_0_2', 'b553d865-8fe2-47de-9a30-10e1dea3bd1d', 'usr_239');
INSERT INTO trabalho.log_acesso VALUES ('log_239_1_2', 'b553d865-8fe2-47de-9a30-10e1dea3bd1d', 'usr_239');
INSERT INTO trabalho.log_acesso VALUES ('log_239_2_2', 'b553d865-8fe2-47de-9a30-10e1dea3bd1d', 'usr_239');
INSERT INTO trabalho.log_acesso VALUES ('log_239_3_2', 'b553d865-8fe2-47de-9a30-10e1dea3bd1d', 'usr_239');
INSERT INTO trabalho.usuario VALUES ('usr_240', '240_Aline_Franco99@yahoo.com', 'Aline Franco', 'female', 18, 'password', 'República da África Central');
INSERT INTO trabalho.usuario_esta_inscrito_no_podcast VALUES (4, 'f1b92ce7-47a7-43cd-8586-4a09185cdd05', 'usr_240');
INSERT INTO trabalho.comentarios_podcast_usuario VALUES ('comment_240_0_0', 'Ut unde deserunt atque eum voluptas.', 'f1b92ce7-47a7-43cd-8586-4a09185cdd05', 'usr_240');
INSERT INTO trabalho.comentarios_podcast_usuario VALUES ('comment_240_1_0', 'Rerum ipsa iusto sed molestias modi nostrum ea quia.', 'f1b92ce7-47a7-43cd-8586-4a09185cdd05', 'usr_240');
INSERT INTO trabalho.log_acesso VALUES ('log_240_0_0', 'f1b92ce7-47a7-43cd-8586-4a09185cdd05', 'usr_240');
INSERT INTO trabalho.log_acesso VALUES ('log_240_1_0', 'f1b92ce7-47a7-43cd-8586-4a09185cdd05', 'usr_240');
INSERT INTO trabalho.log_acesso VALUES ('log_240_2_0', 'f1b92ce7-47a7-43cd-8586-4a09185cdd05', 'usr_240');
INSERT INTO trabalho.usuario_esta_inscrito_no_podcast VALUES (5, 'de2f0ddb-9903-436a-a5e2-54224254c818', 'usr_240');
INSERT INTO trabalho.comentarios_podcast_usuario VALUES ('comment_240_0_1', 'Accusamus quia soluta occaecati veniam sint autem aut.', 'de2f0ddb-9903-436a-a5e2-54224254c818', 'usr_240');
INSERT INTO trabalho.comentarios_podcast_usuario VALUES ('comment_240_1_1', 'Et modi aperiam et sed doloremque.', 'de2f0ddb-9903-436a-a5e2-54224254c818', 'usr_240');
INSERT INTO trabalho.log_acesso VALUES ('log_240_0_1', 'de2f0ddb-9903-436a-a5e2-54224254c818', 'usr_240');
INSERT INTO trabalho.log_acesso VALUES ('log_240_1_1', 'de2f0ddb-9903-436a-a5e2-54224254c818', 'usr_240');
INSERT INTO trabalho.log_acesso VALUES ('log_240_2_1', 'de2f0ddb-9903-436a-a5e2-54224254c818', 'usr_240');
INSERT INTO trabalho.log_acesso VALUES ('log_240_3_1', 'de2f0ddb-9903-436a-a5e2-54224254c818', 'usr_240');
INSERT INTO trabalho.usuario_esta_inscrito_no_podcast VALUES (5, 'f8e13774-d631-4f34-93f0-2f5d55590265', 'usr_240');
INSERT INTO trabalho.comentarios_podcast_usuario VALUES ('comment_240_0_2', 'Corrupti dolores vitae sunt.', 'f8e13774-d631-4f34-93f0-2f5d55590265', 'usr_240');
INSERT INTO trabalho.comentarios_podcast_usuario VALUES ('comment_240_1_2', 'Omnis itaque ullam.', 'f8e13774-d631-4f34-93f0-2f5d55590265', 'usr_240');
INSERT INTO trabalho.log_acesso VALUES ('log_240_0_2', 'f8e13774-d631-4f34-93f0-2f5d55590265', 'usr_240');
INSERT INTO trabalho.usuario VALUES ('usr_241', '241_Deneval.Braga75@hotmail.com', 'Deneval Braga', 'male', 0, 'password', 'Chade');
INSERT INTO trabalho.usuario_esta_inscrito_no_podcast VALUES (5, 'f1b92ce7-47a7-43cd-8586-4a09185cdd05', 'usr_241');
INSERT INTO trabalho.comentarios_podcast_usuario VALUES ('comment_241_0_0', 'Sed saepe debitis commodi incidunt ratione occaecati qui delectus.', 'f1b92ce7-47a7-43cd-8586-4a09185cdd05', 'usr_241');
INSERT INTO trabalho.comentarios_podcast_usuario VALUES ('comment_241_1_0', 'Omnis eum voluptatem voluptatem doloribus quia sed eum voluptas ex.', 'f1b92ce7-47a7-43cd-8586-4a09185cdd05', 'usr_241');
INSERT INTO trabalho.comentarios_podcast_usuario VALUES ('comment_241_2_0', 'Et perspiciatis ipsam ut asperiores omnis assumenda velit.', 'f1b92ce7-47a7-43cd-8586-4a09185cdd05', 'usr_241');
INSERT INTO trabalho.comentarios_podcast_usuario VALUES ('comment_241_3_0', 'Vel doloremque cum adipisci aliquid provident architecto et recusandae.', 'f1b92ce7-47a7-43cd-8586-4a09185cdd05', 'usr_241');
INSERT INTO trabalho.comentarios_podcast_usuario VALUES ('comment_241_4_0', 'Vel accusantium ipsam consequatur.', 'f1b92ce7-47a7-43cd-8586-4a09185cdd05', 'usr_241');
INSERT INTO trabalho.log_acesso VALUES ('log_241_0_0', 'f1b92ce7-47a7-43cd-8586-4a09185cdd05', 'usr_241');
INSERT INTO trabalho.log_acesso VALUES ('log_241_1_0', 'f1b92ce7-47a7-43cd-8586-4a09185cdd05', 'usr_241');
INSERT INTO trabalho.log_acesso VALUES ('log_241_2_0', 'f1b92ce7-47a7-43cd-8586-4a09185cdd05', 'usr_241');
INSERT INTO trabalho.log_acesso VALUES ('log_241_3_0', 'f1b92ce7-47a7-43cd-8586-4a09185cdd05', 'usr_241');
INSERT INTO trabalho.usuario_esta_inscrito_no_podcast VALUES (3, 'af46a958-b921-47b6-9f87-5c4fdc68ea79', 'usr_241');
INSERT INTO trabalho.comentarios_podcast_usuario VALUES ('comment_241_0_1', 'Nihil qui dignissimos sit nam provident a id ipsam qui.', 'af46a958-b921-47b6-9f87-5c4fdc68ea79', 'usr_241');
INSERT INTO trabalho.comentarios_podcast_usuario VALUES ('comment_241_1_1', 'Porro distinctio voluptatem sit sed tempora.', 'af46a958-b921-47b6-9f87-5c4fdc68ea79', 'usr_241');
INSERT INTO trabalho.comentarios_podcast_usuario VALUES ('comment_241_2_1', 'Nobis commodi aut incidunt.', 'af46a958-b921-47b6-9f87-5c4fdc68ea79', 'usr_241');
INSERT INTO trabalho.log_acesso VALUES ('log_241_0_1', 'af46a958-b921-47b6-9f87-5c4fdc68ea79', 'usr_241');
INSERT INTO trabalho.usuario_esta_inscrito_no_podcast VALUES (3, '168c1536-4c42-4b8f-8c77-f06affefec6a', 'usr_241');
INSERT INTO trabalho.comentarios_podcast_usuario VALUES ('comment_241_0_2', 'Non iste temporibus vitae fugiat nesciunt autem aut laudantium id.', '168c1536-4c42-4b8f-8c77-f06affefec6a', 'usr_241');
INSERT INTO trabalho.comentarios_podcast_usuario VALUES ('comment_241_1_2', 'Impedit sunt temporibus dolor beatae possimus recusandae at.', '168c1536-4c42-4b8f-8c77-f06affefec6a', 'usr_241');
INSERT INTO trabalho.comentarios_podcast_usuario VALUES ('comment_241_2_2', 'Voluptas dolor qui voluptas optio rerum aut.', '168c1536-4c42-4b8f-8c77-f06affefec6a', 'usr_241');
INSERT INTO trabalho.log_acesso VALUES ('log_241_0_2', '168c1536-4c42-4b8f-8c77-f06affefec6a', 'usr_241');
INSERT INTO trabalho.log_acesso VALUES ('log_241_1_2', '168c1536-4c42-4b8f-8c77-f06affefec6a', 'usr_241');
INSERT INTO trabalho.log_acesso VALUES ('log_241_2_2', '168c1536-4c42-4b8f-8c77-f06affefec6a', 'usr_241');
INSERT INTO trabalho.log_acesso VALUES ('log_241_3_2', '168c1536-4c42-4b8f-8c77-f06affefec6a', 'usr_241');
INSERT INTO trabalho.log_acesso VALUES ('log_241_4_2', '168c1536-4c42-4b8f-8c77-f06affefec6a', 'usr_241');
INSERT INTO trabalho.usuario VALUES ('usr_242', '242_Rafaela.Batista92@yahoo.com', 'Rafaela Batista', 'female', 49, 'password', 'Nepal');
INSERT INTO trabalho.usuario_esta_inscrito_no_podcast VALUES (1, 'f8e13774-d631-4f34-93f0-2f5d55590265', 'usr_242');
INSERT INTO trabalho.comentarios_podcast_usuario VALUES ('comment_242_0_0', 'Corporis aut et dignissimos voluptates repudiandae autem nihil porro et.', 'f8e13774-d631-4f34-93f0-2f5d55590265', 'usr_242');
INSERT INTO trabalho.comentarios_podcast_usuario VALUES ('comment_242_1_0', 'Maxime debitis et soluta.', 'f8e13774-d631-4f34-93f0-2f5d55590265', 'usr_242');
INSERT INTO trabalho.comentarios_podcast_usuario VALUES ('comment_242_2_0', 'Et dolorem et eos recusandae nobis.', 'f8e13774-d631-4f34-93f0-2f5d55590265', 'usr_242');
INSERT INTO trabalho.log_acesso VALUES ('log_242_0_0', 'f8e13774-d631-4f34-93f0-2f5d55590265', 'usr_242');
INSERT INTO trabalho.log_acesso VALUES ('log_242_1_0', 'f8e13774-d631-4f34-93f0-2f5d55590265', 'usr_242');
INSERT INTO trabalho.log_acesso VALUES ('log_242_2_0', 'f8e13774-d631-4f34-93f0-2f5d55590265', 'usr_242');
INSERT INTO trabalho.usuario_esta_inscrito_no_podcast VALUES (3, 'de2f0ddb-9903-436a-a5e2-54224254c818', 'usr_242');
INSERT INTO trabalho.comentarios_podcast_usuario VALUES ('comment_242_0_1', 'Similique repudiandae culpa id delectus sunt iste est rerum.', 'de2f0ddb-9903-436a-a5e2-54224254c818', 'usr_242');
INSERT INTO trabalho.comentarios_podcast_usuario VALUES ('comment_242_1_1', 'Eaque perspiciatis odio.', 'de2f0ddb-9903-436a-a5e2-54224254c818', 'usr_242');
INSERT INTO trabalho.log_acesso VALUES ('log_242_0_1', 'de2f0ddb-9903-436a-a5e2-54224254c818', 'usr_242');
INSERT INTO trabalho.log_acesso VALUES ('log_242_1_1', 'de2f0ddb-9903-436a-a5e2-54224254c818', 'usr_242');
INSERT INTO trabalho.log_acesso VALUES ('log_242_2_1', 'de2f0ddb-9903-436a-a5e2-54224254c818', 'usr_242');
INSERT INTO trabalho.log_acesso VALUES ('log_242_3_1', 'de2f0ddb-9903-436a-a5e2-54224254c818', 'usr_242');
INSERT INTO trabalho.usuario_esta_inscrito_no_podcast VALUES (3, 'af46a958-b921-47b6-9f87-5c4fdc68ea79', 'usr_242');
INSERT INTO trabalho.comentarios_podcast_usuario VALUES ('comment_242_0_2', 'Ea facilis adipisci error voluptas.', 'af46a958-b921-47b6-9f87-5c4fdc68ea79', 'usr_242');
INSERT INTO trabalho.log_acesso VALUES ('log_242_0_2', 'af46a958-b921-47b6-9f87-5c4fdc68ea79', 'usr_242');
INSERT INTO trabalho.log_acesso VALUES ('log_242_1_2', 'af46a958-b921-47b6-9f87-5c4fdc68ea79', 'usr_242');
INSERT INTO trabalho.usuario VALUES ('usr_243', '243_Warley_Pereira@yahoo.com', 'Warley Pereira', 'male', 16, 'password', 'Argentina');
INSERT INTO trabalho.usuario_esta_inscrito_no_podcast VALUES (1, 'c58b280a-56d4-4ad8-8c85-730e4ea86361', 'usr_243');
INSERT INTO trabalho.comentarios_podcast_usuario VALUES ('comment_243_0_0', 'Placeat fuga quam aperiam.', 'c58b280a-56d4-4ad8-8c85-730e4ea86361', 'usr_243');
INSERT INTO trabalho.comentarios_podcast_usuario VALUES ('comment_243_1_0', 'Autem dolor et occaecati expedita.', 'c58b280a-56d4-4ad8-8c85-730e4ea86361', 'usr_243');
INSERT INTO trabalho.comentarios_podcast_usuario VALUES ('comment_243_2_0', 'Veritatis harum quae quidem vel qui officiis.', 'c58b280a-56d4-4ad8-8c85-730e4ea86361', 'usr_243');
INSERT INTO trabalho.comentarios_podcast_usuario VALUES ('comment_243_3_0', 'Consequatur rerum consectetur eaque at voluptas.', 'c58b280a-56d4-4ad8-8c85-730e4ea86361', 'usr_243');
INSERT INTO trabalho.log_acesso VALUES ('log_243_0_0', 'c58b280a-56d4-4ad8-8c85-730e4ea86361', 'usr_243');
INSERT INTO trabalho.usuario_esta_inscrito_no_podcast VALUES (5, '168c1536-4c42-4b8f-8c77-f06affefec6a', 'usr_243');
INSERT INTO trabalho.comentarios_podcast_usuario VALUES ('comment_243_0_1', 'Perspiciatis facilis ad enim.', '168c1536-4c42-4b8f-8c77-f06affefec6a', 'usr_243');
INSERT INTO trabalho.comentarios_podcast_usuario VALUES ('comment_243_1_1', 'Similique dolorem est maxime magnam quis vel libero minima voluptatem.', '168c1536-4c42-4b8f-8c77-f06affefec6a', 'usr_243');
INSERT INTO trabalho.comentarios_podcast_usuario VALUES ('comment_243_2_1', 'Aut dolore est quia.', '168c1536-4c42-4b8f-8c77-f06affefec6a', 'usr_243');
INSERT INTO trabalho.comentarios_podcast_usuario VALUES ('comment_243_3_1', 'Nihil est aliquam nemo ad recusandae.', '168c1536-4c42-4b8f-8c77-f06affefec6a', 'usr_243');
INSERT INTO trabalho.log_acesso VALUES ('log_243_0_1', '168c1536-4c42-4b8f-8c77-f06affefec6a', 'usr_243');
INSERT INTO trabalho.log_acesso VALUES ('log_243_1_1', '168c1536-4c42-4b8f-8c77-f06affefec6a', 'usr_243');
INSERT INTO trabalho.log_acesso VALUES ('log_243_2_1', '168c1536-4c42-4b8f-8c77-f06affefec6a', 'usr_243');
INSERT INTO trabalho.log_acesso VALUES ('log_243_3_1', '168c1536-4c42-4b8f-8c77-f06affefec6a', 'usr_243');
INSERT INTO trabalho.log_acesso VALUES ('log_243_4_1', '168c1536-4c42-4b8f-8c77-f06affefec6a', 'usr_243');
INSERT INTO trabalho.log_acesso VALUES ('log_243_5_1', '168c1536-4c42-4b8f-8c77-f06affefec6a', 'usr_243');
INSERT INTO trabalho.log_acesso VALUES ('log_243_6_1', '168c1536-4c42-4b8f-8c77-f06affefec6a', 'usr_243');
INSERT INTO trabalho.usuario_esta_inscrito_no_podcast VALUES (3, 'de2f0ddb-9903-436a-a5e2-54224254c818', 'usr_243');
INSERT INTO trabalho.comentarios_podcast_usuario VALUES ('comment_243_0_2', 'Quasi sed veritatis.', 'de2f0ddb-9903-436a-a5e2-54224254c818', 'usr_243');
INSERT INTO trabalho.comentarios_podcast_usuario VALUES ('comment_243_1_2', 'Qui ipsa fugit at minima ullam omnis.', 'de2f0ddb-9903-436a-a5e2-54224254c818', 'usr_243');
INSERT INTO trabalho.comentarios_podcast_usuario VALUES ('comment_243_2_2', 'Dolor recusandae molestias cum dolorum sed delectus eius voluptas.', 'de2f0ddb-9903-436a-a5e2-54224254c818', 'usr_243');
INSERT INTO trabalho.log_acesso VALUES ('log_243_0_2', 'de2f0ddb-9903-436a-a5e2-54224254c818', 'usr_243');
INSERT INTO trabalho.log_acesso VALUES ('log_243_1_2', 'de2f0ddb-9903-436a-a5e2-54224254c818', 'usr_243');
INSERT INTO trabalho.log_acesso VALUES ('log_243_2_2', 'de2f0ddb-9903-436a-a5e2-54224254c818', 'usr_243');
INSERT INTO trabalho.usuario VALUES ('usr_244', '244_DaviLucca73@live.com', 'Davi Lucca Batista', 'male', 2, 'password', 'Barbados');
INSERT INTO trabalho.usuario_esta_inscrito_no_podcast VALUES (2, '67074e68-bc2f-442b-8af2-7d328b6af6eb', 'usr_244');
INSERT INTO trabalho.comentarios_podcast_usuario VALUES ('comment_244_0_0', 'Sequi sed occaecati provident.', '67074e68-bc2f-442b-8af2-7d328b6af6eb', 'usr_244');
INSERT INTO trabalho.comentarios_podcast_usuario VALUES ('comment_244_1_0', 'Aliquid sit commodi ut.', '67074e68-bc2f-442b-8af2-7d328b6af6eb', 'usr_244');
INSERT INTO trabalho.comentarios_podcast_usuario VALUES ('comment_244_2_0', 'Praesentium non eum minus.', '67074e68-bc2f-442b-8af2-7d328b6af6eb', 'usr_244');
INSERT INTO trabalho.log_acesso VALUES ('log_244_0_0', '67074e68-bc2f-442b-8af2-7d328b6af6eb', 'usr_244');
INSERT INTO trabalho.log_acesso VALUES ('log_244_1_0', '67074e68-bc2f-442b-8af2-7d328b6af6eb', 'usr_244');
INSERT INTO trabalho.log_acesso VALUES ('log_244_2_0', '67074e68-bc2f-442b-8af2-7d328b6af6eb', 'usr_244');
INSERT INTO trabalho.usuario_esta_inscrito_no_podcast VALUES (5, '219328a1-cec6-4e8c-b003-52a3ec9766bb', 'usr_244');
INSERT INTO trabalho.comentarios_podcast_usuario VALUES ('comment_244_0_1', 'In corrupti pariatur quas architecto.', '219328a1-cec6-4e8c-b003-52a3ec9766bb', 'usr_244');
INSERT INTO trabalho.comentarios_podcast_usuario VALUES ('comment_244_1_1', 'Aut numquam veritatis.', '219328a1-cec6-4e8c-b003-52a3ec9766bb', 'usr_244');
INSERT INTO trabalho.comentarios_podcast_usuario VALUES ('comment_244_2_1', 'Quo nostrum voluptatem nihil perspiciatis sit nulla dolor.', '219328a1-cec6-4e8c-b003-52a3ec9766bb', 'usr_244');
INSERT INTO trabalho.comentarios_podcast_usuario VALUES ('comment_244_3_1', 'Voluptatem omnis suscipit in deserunt.', '219328a1-cec6-4e8c-b003-52a3ec9766bb', 'usr_244');
INSERT INTO trabalho.log_acesso VALUES ('log_244_0_1', '219328a1-cec6-4e8c-b003-52a3ec9766bb', 'usr_244');
INSERT INTO trabalho.log_acesso VALUES ('log_244_1_1', '219328a1-cec6-4e8c-b003-52a3ec9766bb', 'usr_244');
INSERT INTO trabalho.log_acesso VALUES ('log_244_2_1', '219328a1-cec6-4e8c-b003-52a3ec9766bb', 'usr_244');
INSERT INTO trabalho.log_acesso VALUES ('log_244_3_1', '219328a1-cec6-4e8c-b003-52a3ec9766bb', 'usr_244');
INSERT INTO trabalho.log_acesso VALUES ('log_244_4_1', '219328a1-cec6-4e8c-b003-52a3ec9766bb', 'usr_244');
INSERT INTO trabalho.usuario_esta_inscrito_no_podcast VALUES (3, 'f1b92ce7-47a7-43cd-8586-4a09185cdd05', 'usr_244');
INSERT INTO trabalho.comentarios_podcast_usuario VALUES ('comment_244_0_2', 'Expedita a sunt labore officia cumque est asperiores et ex.', 'f1b92ce7-47a7-43cd-8586-4a09185cdd05', 'usr_244');
INSERT INTO trabalho.comentarios_podcast_usuario VALUES ('comment_244_1_2', 'Ut ea necessitatibus.', 'f1b92ce7-47a7-43cd-8586-4a09185cdd05', 'usr_244');
INSERT INTO trabalho.log_acesso VALUES ('log_244_0_2', 'f1b92ce7-47a7-43cd-8586-4a09185cdd05', 'usr_244');
INSERT INTO trabalho.log_acesso VALUES ('log_244_1_2', 'f1b92ce7-47a7-43cd-8586-4a09185cdd05', 'usr_244');
INSERT INTO trabalho.log_acesso VALUES ('log_244_2_2', 'f1b92ce7-47a7-43cd-8586-4a09185cdd05', 'usr_244');
INSERT INTO trabalho.log_acesso VALUES ('log_244_3_2', 'f1b92ce7-47a7-43cd-8586-4a09185cdd05', 'usr_244');
INSERT INTO trabalho.usuario VALUES ('usr_245', '245_Bencio_Braga72@live.com', 'Benício Braga', 'male', 15, 'password', 'Venezuela');
INSERT INTO trabalho.usuario_esta_inscrito_no_podcast VALUES (3, 'f1b92ce7-47a7-43cd-8586-4a09185cdd05', 'usr_245');
INSERT INTO trabalho.comentarios_podcast_usuario VALUES ('comment_245_0_0', 'Nisi eligendi cupiditate corporis consequatur.', 'f1b92ce7-47a7-43cd-8586-4a09185cdd05', 'usr_245');
INSERT INTO trabalho.comentarios_podcast_usuario VALUES ('comment_245_1_0', 'Autem aut nam iste libero ipsam quo itaque enim et.', 'f1b92ce7-47a7-43cd-8586-4a09185cdd05', 'usr_245');
INSERT INTO trabalho.comentarios_podcast_usuario VALUES ('comment_245_2_0', 'Odit enim ab eum nostrum eum labore.', 'f1b92ce7-47a7-43cd-8586-4a09185cdd05', 'usr_245');
INSERT INTO trabalho.log_acesso VALUES ('log_245_0_0', 'f1b92ce7-47a7-43cd-8586-4a09185cdd05', 'usr_245');
INSERT INTO trabalho.log_acesso VALUES ('log_245_1_0', 'f1b92ce7-47a7-43cd-8586-4a09185cdd05', 'usr_245');
INSERT INTO trabalho.log_acesso VALUES ('log_245_2_0', 'f1b92ce7-47a7-43cd-8586-4a09185cdd05', 'usr_245');
INSERT INTO trabalho.log_acesso VALUES ('log_245_3_0', 'f1b92ce7-47a7-43cd-8586-4a09185cdd05', 'usr_245');
INSERT INTO trabalho.log_acesso VALUES ('log_245_4_0', 'f1b92ce7-47a7-43cd-8586-4a09185cdd05', 'usr_245');
INSERT INTO trabalho.usuario_esta_inscrito_no_podcast VALUES (1, 'fa3abe16-3645-4d22-a01d-893e6f20c408', 'usr_245');
INSERT INTO trabalho.comentarios_podcast_usuario VALUES ('comment_245_0_1', 'Consequatur aut vitae minus.', 'fa3abe16-3645-4d22-a01d-893e6f20c408', 'usr_245');
INSERT INTO trabalho.log_acesso VALUES ('log_245_0_1', 'fa3abe16-3645-4d22-a01d-893e6f20c408', 'usr_245');
INSERT INTO trabalho.log_acesso VALUES ('log_245_1_1', 'fa3abe16-3645-4d22-a01d-893e6f20c408', 'usr_245');
INSERT INTO trabalho.log_acesso VALUES ('log_245_2_1', 'fa3abe16-3645-4d22-a01d-893e6f20c408', 'usr_245');
INSERT INTO trabalho.usuario_esta_inscrito_no_podcast VALUES (0, '67074e68-bc2f-442b-8af2-7d328b6af6eb', 'usr_245');
INSERT INTO trabalho.comentarios_podcast_usuario VALUES ('comment_245_0_2', 'In molestias ut.', '67074e68-bc2f-442b-8af2-7d328b6af6eb', 'usr_245');
INSERT INTO trabalho.comentarios_podcast_usuario VALUES ('comment_245_1_2', 'Officia magnam omnis commodi omnis quia nisi.', '67074e68-bc2f-442b-8af2-7d328b6af6eb', 'usr_245');
INSERT INTO trabalho.comentarios_podcast_usuario VALUES ('comment_245_2_2', 'Non rem porro et corrupti magni repudiandae laboriosam dolore eos.', '67074e68-bc2f-442b-8af2-7d328b6af6eb', 'usr_245');
INSERT INTO trabalho.comentarios_podcast_usuario VALUES ('comment_245_3_2', 'Aperiam odio dolorem.', '67074e68-bc2f-442b-8af2-7d328b6af6eb', 'usr_245');
INSERT INTO trabalho.comentarios_podcast_usuario VALUES ('comment_245_4_2', 'Et minus deserunt fugit mollitia aut.', '67074e68-bc2f-442b-8af2-7d328b6af6eb', 'usr_245');
INSERT INTO trabalho.log_acesso VALUES ('log_245_0_2', '67074e68-bc2f-442b-8af2-7d328b6af6eb', 'usr_245');
INSERT INTO trabalho.log_acesso VALUES ('log_245_1_2', '67074e68-bc2f-442b-8af2-7d328b6af6eb', 'usr_245');
INSERT INTO trabalho.log_acesso VALUES ('log_245_2_2', '67074e68-bc2f-442b-8af2-7d328b6af6eb', 'usr_245');
INSERT INTO trabalho.log_acesso VALUES ('log_245_3_2', '67074e68-bc2f-442b-8af2-7d328b6af6eb', 'usr_245');
INSERT INTO trabalho.log_acesso VALUES ('log_245_4_2', '67074e68-bc2f-442b-8af2-7d328b6af6eb', 'usr_245');
INSERT INTO trabalho.log_acesso VALUES ('log_245_5_2', '67074e68-bc2f-442b-8af2-7d328b6af6eb', 'usr_245');
INSERT INTO trabalho.usuario VALUES ('usr_246', '246_Fabrcia_Batista66@bol.com.br', 'Fabrícia Batista', 'female', 32, 'password', 'Gabão');
INSERT INTO trabalho.usuario_esta_inscrito_no_podcast VALUES (5, 'f0166bd2-8e4d-4308-b5d7-0b3d627c5dc5', 'usr_246');
INSERT INTO trabalho.comentarios_podcast_usuario VALUES ('comment_246_0_0', 'Voluptates mollitia dolor deserunt.', 'f0166bd2-8e4d-4308-b5d7-0b3d627c5dc5', 'usr_246');
INSERT INTO trabalho.comentarios_podcast_usuario VALUES ('comment_246_1_0', 'Repudiandae minima ea recusandae fuga unde facere.', 'f0166bd2-8e4d-4308-b5d7-0b3d627c5dc5', 'usr_246');
INSERT INTO trabalho.log_acesso VALUES ('log_246_0_0', 'f0166bd2-8e4d-4308-b5d7-0b3d627c5dc5', 'usr_246');
INSERT INTO trabalho.log_acesso VALUES ('log_246_1_0', 'f0166bd2-8e4d-4308-b5d7-0b3d627c5dc5', 'usr_246');
INSERT INTO trabalho.log_acesso VALUES ('log_246_2_0', 'f0166bd2-8e4d-4308-b5d7-0b3d627c5dc5', 'usr_246');
INSERT INTO trabalho.usuario_esta_inscrito_no_podcast VALUES (1, 'fa3abe16-3645-4d22-a01d-893e6f20c408', 'usr_246');
INSERT INTO trabalho.comentarios_podcast_usuario VALUES ('comment_246_0_1', 'Quae distinctio explicabo qui explicabo sequi omnis quia et quod.', 'fa3abe16-3645-4d22-a01d-893e6f20c408', 'usr_246');
INSERT INTO trabalho.comentarios_podcast_usuario VALUES ('comment_246_1_1', 'Accusamus qui nesciunt sit nihil excepturi necessitatibus et.', 'fa3abe16-3645-4d22-a01d-893e6f20c408', 'usr_246');
INSERT INTO trabalho.log_acesso VALUES ('log_246_0_1', 'fa3abe16-3645-4d22-a01d-893e6f20c408', 'usr_246');
INSERT INTO trabalho.log_acesso VALUES ('log_246_1_1', 'fa3abe16-3645-4d22-a01d-893e6f20c408', 'usr_246');
INSERT INTO trabalho.log_acesso VALUES ('log_246_2_1', 'fa3abe16-3645-4d22-a01d-893e6f20c408', 'usr_246');
INSERT INTO trabalho.usuario_esta_inscrito_no_podcast VALUES (0, 'de2f0ddb-9903-436a-a5e2-54224254c818', 'usr_246');
INSERT INTO trabalho.comentarios_podcast_usuario VALUES ('comment_246_0_2', 'Et quos sapiente alias quaerat est.', 'de2f0ddb-9903-436a-a5e2-54224254c818', 'usr_246');
INSERT INTO trabalho.comentarios_podcast_usuario VALUES ('comment_246_1_2', 'Odit doloremque aut optio voluptatibus ex numquam eligendi ut.', 'de2f0ddb-9903-436a-a5e2-54224254c818', 'usr_246');
INSERT INTO trabalho.log_acesso VALUES ('log_246_0_2', 'de2f0ddb-9903-436a-a5e2-54224254c818', 'usr_246');
INSERT INTO trabalho.log_acesso VALUES ('log_246_1_2', 'de2f0ddb-9903-436a-a5e2-54224254c818', 'usr_246');
INSERT INTO trabalho.log_acesso VALUES ('log_246_2_2', 'de2f0ddb-9903-436a-a5e2-54224254c818', 'usr_246');
INSERT INTO trabalho.log_acesso VALUES ('log_246_3_2', 'de2f0ddb-9903-436a-a5e2-54224254c818', 'usr_246');
INSERT INTO trabalho.log_acesso VALUES ('log_246_4_2', 'de2f0ddb-9903-436a-a5e2-54224254c818', 'usr_246');
INSERT INTO trabalho.usuario VALUES ('usr_247', '247_AnaLaura_Melo@hotmail.com', 'Ana Laura Melo', 'female', 49, 'password', 'Polinésia Francesa');
INSERT INTO trabalho.usuario_esta_inscrito_no_podcast VALUES (4, '7e429e8e-7669-403d-bb78-3cd7f9f75afd', 'usr_247');
INSERT INTO trabalho.comentarios_podcast_usuario VALUES ('comment_247_0_0', 'Qui sit vero soluta.', '7e429e8e-7669-403d-bb78-3cd7f9f75afd', 'usr_247');
INSERT INTO trabalho.comentarios_podcast_usuario VALUES ('comment_247_1_0', 'Soluta pariatur at libero dolore minima eaque.', '7e429e8e-7669-403d-bb78-3cd7f9f75afd', 'usr_247');
INSERT INTO trabalho.log_acesso VALUES ('log_247_0_0', '7e429e8e-7669-403d-bb78-3cd7f9f75afd', 'usr_247');
INSERT INTO trabalho.log_acesso VALUES ('log_247_1_0', '7e429e8e-7669-403d-bb78-3cd7f9f75afd', 'usr_247');
INSERT INTO trabalho.usuario_esta_inscrito_no_podcast VALUES (4, 'f1b92ce7-47a7-43cd-8586-4a09185cdd05', 'usr_247');
INSERT INTO trabalho.comentarios_podcast_usuario VALUES ('comment_247_0_1', 'Et qui qui voluptas aperiam et consequatur eligendi.', 'f1b92ce7-47a7-43cd-8586-4a09185cdd05', 'usr_247');
INSERT INTO trabalho.comentarios_podcast_usuario VALUES ('comment_247_1_1', 'Possimus libero ipsam dolorum natus.', 'f1b92ce7-47a7-43cd-8586-4a09185cdd05', 'usr_247');
INSERT INTO trabalho.comentarios_podcast_usuario VALUES ('comment_247_2_1', 'Accusantium qui rerum ipsum sit placeat optio.', 'f1b92ce7-47a7-43cd-8586-4a09185cdd05', 'usr_247');
INSERT INTO trabalho.log_acesso VALUES ('log_247_0_1', 'f1b92ce7-47a7-43cd-8586-4a09185cdd05', 'usr_247');
INSERT INTO trabalho.log_acesso VALUES ('log_247_1_1', 'f1b92ce7-47a7-43cd-8586-4a09185cdd05', 'usr_247');
INSERT INTO trabalho.log_acesso VALUES ('log_247_2_1', 'f1b92ce7-47a7-43cd-8586-4a09185cdd05', 'usr_247');
INSERT INTO trabalho.log_acesso VALUES ('log_247_3_1', 'f1b92ce7-47a7-43cd-8586-4a09185cdd05', 'usr_247');
INSERT INTO trabalho.log_acesso VALUES ('log_247_4_1', 'f1b92ce7-47a7-43cd-8586-4a09185cdd05', 'usr_247');
INSERT INTO trabalho.usuario_esta_inscrito_no_podcast VALUES (4, 'f8e13774-d631-4f34-93f0-2f5d55590265', 'usr_247');
INSERT INTO trabalho.comentarios_podcast_usuario VALUES ('comment_247_0_2', 'Temporibus libero perferendis et sequi voluptatem voluptas ut aliquam.', 'f8e13774-d631-4f34-93f0-2f5d55590265', 'usr_247');
INSERT INTO trabalho.comentarios_podcast_usuario VALUES ('comment_247_1_2', 'Ducimus labore dolore adipisci error voluptas similique deleniti alias.', 'f8e13774-d631-4f34-93f0-2f5d55590265', 'usr_247');
INSERT INTO trabalho.comentarios_podcast_usuario VALUES ('comment_247_2_2', 'Corporis nihil necessitatibus assumenda tempora est rerum.', 'f8e13774-d631-4f34-93f0-2f5d55590265', 'usr_247');
INSERT INTO trabalho.comentarios_podcast_usuario VALUES ('comment_247_3_2', 'Et aut nihil non ut illo aut soluta quibusdam quidem.', 'f8e13774-d631-4f34-93f0-2f5d55590265', 'usr_247');
INSERT INTO trabalho.comentarios_podcast_usuario VALUES ('comment_247_4_2', 'Ut id dolor.', 'f8e13774-d631-4f34-93f0-2f5d55590265', 'usr_247');
INSERT INTO trabalho.comentarios_podcast_usuario VALUES ('comment_247_5_2', 'Eveniet architecto modi perferendis perferendis odio rerum.', 'f8e13774-d631-4f34-93f0-2f5d55590265', 'usr_247');
INSERT INTO trabalho.log_acesso VALUES ('log_247_0_2', 'f8e13774-d631-4f34-93f0-2f5d55590265', 'usr_247');
INSERT INTO trabalho.log_acesso VALUES ('log_247_1_2', 'f8e13774-d631-4f34-93f0-2f5d55590265', 'usr_247');
INSERT INTO trabalho.log_acesso VALUES ('log_247_2_2', 'f8e13774-d631-4f34-93f0-2f5d55590265', 'usr_247');
INSERT INTO trabalho.usuario VALUES ('usr_248', '248_Luiza.Martins@yahoo.com', 'Luiza Martins', 'female', 27, 'password', 'Libéria');
INSERT INTO trabalho.usuario_esta_inscrito_no_podcast VALUES (1, 'f1b92ce7-47a7-43cd-8586-4a09185cdd05', 'usr_248');
INSERT INTO trabalho.comentarios_podcast_usuario VALUES ('comment_248_0_0', 'Magnam eligendi delectus delectus et ipsa ut.', 'f1b92ce7-47a7-43cd-8586-4a09185cdd05', 'usr_248');
INSERT INTO trabalho.comentarios_podcast_usuario VALUES ('comment_248_1_0', 'Nihil molestiae ut iure eius.', 'f1b92ce7-47a7-43cd-8586-4a09185cdd05', 'usr_248');
INSERT INTO trabalho.log_acesso VALUES ('log_248_0_0', 'f1b92ce7-47a7-43cd-8586-4a09185cdd05', 'usr_248');
INSERT INTO trabalho.log_acesso VALUES ('log_248_1_0', 'f1b92ce7-47a7-43cd-8586-4a09185cdd05', 'usr_248');
INSERT INTO trabalho.log_acesso VALUES ('log_248_2_0', 'f1b92ce7-47a7-43cd-8586-4a09185cdd05', 'usr_248');
INSERT INTO trabalho.log_acesso VALUES ('log_248_3_0', 'f1b92ce7-47a7-43cd-8586-4a09185cdd05', 'usr_248');
INSERT INTO trabalho.usuario_esta_inscrito_no_podcast VALUES (3, 'f8e13774-d631-4f34-93f0-2f5d55590265', 'usr_248');
INSERT INTO trabalho.comentarios_podcast_usuario VALUES ('comment_248_0_1', 'Quibusdam pariatur perspiciatis ut tempore.', 'f8e13774-d631-4f34-93f0-2f5d55590265', 'usr_248');
INSERT INTO trabalho.comentarios_podcast_usuario VALUES ('comment_248_1_1', 'Molestiae et debitis animi delectus quia.', 'f8e13774-d631-4f34-93f0-2f5d55590265', 'usr_248');
INSERT INTO trabalho.comentarios_podcast_usuario VALUES ('comment_248_2_1', 'Qui voluptate quis qui.', 'f8e13774-d631-4f34-93f0-2f5d55590265', 'usr_248');
INSERT INTO trabalho.comentarios_podcast_usuario VALUES ('comment_248_3_1', 'Veritatis sit eveniet voluptas quibusdam dolorem dolorum.', 'f8e13774-d631-4f34-93f0-2f5d55590265', 'usr_248');
INSERT INTO trabalho.log_acesso VALUES ('log_248_0_1', 'f8e13774-d631-4f34-93f0-2f5d55590265', 'usr_248');
INSERT INTO trabalho.log_acesso VALUES ('log_248_1_1', 'f8e13774-d631-4f34-93f0-2f5d55590265', 'usr_248');
INSERT INTO trabalho.log_acesso VALUES ('log_248_2_1', 'f8e13774-d631-4f34-93f0-2f5d55590265', 'usr_248');
INSERT INTO trabalho.log_acesso VALUES ('log_248_3_1', 'f8e13774-d631-4f34-93f0-2f5d55590265', 'usr_248');
INSERT INTO trabalho.usuario_esta_inscrito_no_podcast VALUES (0, '168c1536-4c42-4b8f-8c77-f06affefec6a', 'usr_248');
INSERT INTO trabalho.comentarios_podcast_usuario VALUES ('comment_248_0_2', 'Ex vel temporibus et ad aliquid doloribus similique numquam.', '168c1536-4c42-4b8f-8c77-f06affefec6a', 'usr_248');
INSERT INTO trabalho.log_acesso VALUES ('log_248_0_2', '168c1536-4c42-4b8f-8c77-f06affefec6a', 'usr_248');
INSERT INTO trabalho.usuario VALUES ('usr_249', '249_JooMiguel_Carvalho@gmail.com', 'João Miguel Carvalho', 'male', 57, 'password', 'Suazilândia');
INSERT INTO trabalho.usuario_esta_inscrito_no_podcast VALUES (0, 'de2f0ddb-9903-436a-a5e2-54224254c818', 'usr_249');
INSERT INTO trabalho.comentarios_podcast_usuario VALUES ('comment_249_0_0', 'Consequatur possimus est possimus reiciendis.', 'de2f0ddb-9903-436a-a5e2-54224254c818', 'usr_249');
INSERT INTO trabalho.comentarios_podcast_usuario VALUES ('comment_249_1_0', 'Dolores praesentium reprehenderit harum aut totam.', 'de2f0ddb-9903-436a-a5e2-54224254c818', 'usr_249');
INSERT INTO trabalho.comentarios_podcast_usuario VALUES ('comment_249_2_0', 'Ullam nam incidunt nobis molestiae enim sit.', 'de2f0ddb-9903-436a-a5e2-54224254c818', 'usr_249');
INSERT INTO trabalho.log_acesso VALUES ('log_249_0_0', 'de2f0ddb-9903-436a-a5e2-54224254c818', 'usr_249');
INSERT INTO trabalho.log_acesso VALUES ('log_249_1_0', 'de2f0ddb-9903-436a-a5e2-54224254c818', 'usr_249');
INSERT INTO trabalho.log_acesso VALUES ('log_249_2_0', 'de2f0ddb-9903-436a-a5e2-54224254c818', 'usr_249');
INSERT INTO trabalho.log_acesso VALUES ('log_249_3_0', 'de2f0ddb-9903-436a-a5e2-54224254c818', 'usr_249');
INSERT INTO trabalho.log_acesso VALUES ('log_249_4_0', 'de2f0ddb-9903-436a-a5e2-54224254c818', 'usr_249');
INSERT INTO trabalho.usuario_esta_inscrito_no_podcast VALUES (3, '7e429e8e-7669-403d-bb78-3cd7f9f75afd', 'usr_249');
INSERT INTO trabalho.comentarios_podcast_usuario VALUES ('comment_249_0_1', 'Voluptatem odit placeat possimus expedita.', '7e429e8e-7669-403d-bb78-3cd7f9f75afd', 'usr_249');
INSERT INTO trabalho.log_acesso VALUES ('log_249_0_1', '7e429e8e-7669-403d-bb78-3cd7f9f75afd', 'usr_249');
INSERT INTO trabalho.log_acesso VALUES ('log_249_1_1', '7e429e8e-7669-403d-bb78-3cd7f9f75afd', 'usr_249');
INSERT INTO trabalho.log_acesso VALUES ('log_249_2_1', '7e429e8e-7669-403d-bb78-3cd7f9f75afd', 'usr_249');
INSERT INTO trabalho.usuario_esta_inscrito_no_podcast VALUES (2, 'c58b280a-56d4-4ad8-8c85-730e4ea86361', 'usr_249');
INSERT INTO trabalho.comentarios_podcast_usuario VALUES ('comment_249_0_2', 'Ratione consectetur incidunt quaerat omnis tempora.', 'c58b280a-56d4-4ad8-8c85-730e4ea86361', 'usr_249');
INSERT INTO trabalho.comentarios_podcast_usuario VALUES ('comment_249_1_2', 'Perferendis quod voluptatem.', 'c58b280a-56d4-4ad8-8c85-730e4ea86361', 'usr_249');
INSERT INTO trabalho.comentarios_podcast_usuario VALUES ('comment_249_2_2', 'Aliquid quam maxime quisquam nulla aliquam.', 'c58b280a-56d4-4ad8-8c85-730e4ea86361', 'usr_249');
INSERT INTO trabalho.comentarios_podcast_usuario VALUES ('comment_249_3_2', 'Animi ratione suscipit quisquam et molestias voluptatem rem et ad.', 'c58b280a-56d4-4ad8-8c85-730e4ea86361', 'usr_249');
INSERT INTO trabalho.comentarios_podcast_usuario VALUES ('comment_249_4_2', 'Voluptatum dolores minima dolores provident ipsa vel aut et quod.', 'c58b280a-56d4-4ad8-8c85-730e4ea86361', 'usr_249');
INSERT INTO trabalho.comentarios_podcast_usuario VALUES ('comment_249_5_2', 'Laudantium consequatur quia odit hic praesentium.', 'c58b280a-56d4-4ad8-8c85-730e4ea86361', 'usr_249');
INSERT INTO trabalho.log_acesso VALUES ('log_249_0_2', 'c58b280a-56d4-4ad8-8c85-730e4ea86361', 'usr_249');
INSERT INTO trabalho.usuario VALUES ('usr_250', '250_Esther_Xavier@yahoo.com', 'Esther Xavier', 'female', 54, 'password', 'Honduras');
INSERT INTO trabalho.usuario_esta_inscrito_no_podcast VALUES (5, 'f0166bd2-8e4d-4308-b5d7-0b3d627c5dc5', 'usr_250');
INSERT INTO trabalho.comentarios_podcast_usuario VALUES ('comment_250_0_0', 'Alias excepturi inventore quod qui at.', 'f0166bd2-8e4d-4308-b5d7-0b3d627c5dc5', 'usr_250');
INSERT INTO trabalho.log_acesso VALUES ('log_250_0_0', 'f0166bd2-8e4d-4308-b5d7-0b3d627c5dc5', 'usr_250');
INSERT INTO trabalho.log_acesso VALUES ('log_250_1_0', 'f0166bd2-8e4d-4308-b5d7-0b3d627c5dc5', 'usr_250');
INSERT INTO trabalho.log_acesso VALUES ('log_250_2_0', 'f0166bd2-8e4d-4308-b5d7-0b3d627c5dc5', 'usr_250');
INSERT INTO trabalho.log_acesso VALUES ('log_250_3_0', 'f0166bd2-8e4d-4308-b5d7-0b3d627c5dc5', 'usr_250');
INSERT INTO trabalho.usuario_esta_inscrito_no_podcast VALUES (2, 'fa3abe16-3645-4d22-a01d-893e6f20c408', 'usr_250');
INSERT INTO trabalho.comentarios_podcast_usuario VALUES ('comment_250_0_1', 'Officiis hic repellendus est non laboriosam.', 'fa3abe16-3645-4d22-a01d-893e6f20c408', 'usr_250');
INSERT INTO trabalho.comentarios_podcast_usuario VALUES ('comment_250_1_1', 'Nulla sit explicabo quod maxime rerum sunt eum quis aliquid.', 'fa3abe16-3645-4d22-a01d-893e6f20c408', 'usr_250');
INSERT INTO trabalho.log_acesso VALUES ('log_250_0_1', 'fa3abe16-3645-4d22-a01d-893e6f20c408', 'usr_250');
INSERT INTO trabalho.log_acesso VALUES ('log_250_1_1', 'fa3abe16-3645-4d22-a01d-893e6f20c408', 'usr_250');
INSERT INTO trabalho.usuario_esta_inscrito_no_podcast VALUES (2, '5bdf7377-8330-4f9f-8efd-e95301c122ce', 'usr_250');
INSERT INTO trabalho.comentarios_podcast_usuario VALUES ('comment_250_0_2', 'Tenetur dolores temporibus et libero.', '5bdf7377-8330-4f9f-8efd-e95301c122ce', 'usr_250');
INSERT INTO trabalho.comentarios_podcast_usuario VALUES ('comment_250_1_2', 'Officia omnis omnis eius voluptatem incidunt pariatur voluptatibus.', '5bdf7377-8330-4f9f-8efd-e95301c122ce', 'usr_250');
INSERT INTO trabalho.comentarios_podcast_usuario VALUES ('comment_250_2_2', 'Et quisquam exercitationem perspiciatis fugiat dolores minus adipisci.', '5bdf7377-8330-4f9f-8efd-e95301c122ce', 'usr_250');
INSERT INTO trabalho.log_acesso VALUES ('log_250_0_2', '5bdf7377-8330-4f9f-8efd-e95301c122ce', 'usr_250');
INSERT INTO trabalho.log_acesso VALUES ('log_250_1_2', '5bdf7377-8330-4f9f-8efd-e95301c122ce', 'usr_250');
INSERT INTO trabalho.log_acesso VALUES ('log_250_2_2', '5bdf7377-8330-4f9f-8efd-e95301c122ce', 'usr_250');
INSERT INTO trabalho.usuario VALUES ('usr_251', '251_Henrique31@hotmail.com', 'Henrique Santos', 'male', 14, 'password', 'Estados Unidos das Ilhas Virgens');
INSERT INTO trabalho.usuario_esta_inscrito_no_podcast VALUES (0, 'f0166bd2-8e4d-4308-b5d7-0b3d627c5dc5', 'usr_251');
INSERT INTO trabalho.comentarios_podcast_usuario VALUES ('comment_251_0_0', 'Quo consequuntur et adipisci quod eum delectus eveniet dolorum.', 'f0166bd2-8e4d-4308-b5d7-0b3d627c5dc5', 'usr_251');
INSERT INTO trabalho.log_acesso VALUES ('log_251_0_0', 'f0166bd2-8e4d-4308-b5d7-0b3d627c5dc5', 'usr_251');
INSERT INTO trabalho.log_acesso VALUES ('log_251_1_0', 'f0166bd2-8e4d-4308-b5d7-0b3d627c5dc5', 'usr_251');
INSERT INTO trabalho.log_acesso VALUES ('log_251_2_0', 'f0166bd2-8e4d-4308-b5d7-0b3d627c5dc5', 'usr_251');
INSERT INTO trabalho.log_acesso VALUES ('log_251_3_0', 'f0166bd2-8e4d-4308-b5d7-0b3d627c5dc5', 'usr_251');
INSERT INTO trabalho.usuario_esta_inscrito_no_podcast VALUES (0, 'f1b92ce7-47a7-43cd-8586-4a09185cdd05', 'usr_251');
INSERT INTO trabalho.comentarios_podcast_usuario VALUES ('comment_251_0_1', 'Perferendis provident omnis dolor sit aut deserunt repellendus.', 'f1b92ce7-47a7-43cd-8586-4a09185cdd05', 'usr_251');
INSERT INTO trabalho.comentarios_podcast_usuario VALUES ('comment_251_1_1', 'Et in occaecati ea esse.', 'f1b92ce7-47a7-43cd-8586-4a09185cdd05', 'usr_251');
INSERT INTO trabalho.comentarios_podcast_usuario VALUES ('comment_251_2_1', 'Velit quidem fugit voluptas delectus praesentium non sint.', 'f1b92ce7-47a7-43cd-8586-4a09185cdd05', 'usr_251');
INSERT INTO trabalho.log_acesso VALUES ('log_251_0_1', 'f1b92ce7-47a7-43cd-8586-4a09185cdd05', 'usr_251');
INSERT INTO trabalho.usuario_esta_inscrito_no_podcast VALUES (5, '7e429e8e-7669-403d-bb78-3cd7f9f75afd', 'usr_251');
INSERT INTO trabalho.comentarios_podcast_usuario VALUES ('comment_251_0_2', 'Autem sequi et voluptatem ducimus voluptatem eum.', '7e429e8e-7669-403d-bb78-3cd7f9f75afd', 'usr_251');
INSERT INTO trabalho.comentarios_podcast_usuario VALUES ('comment_251_1_2', 'Voluptatum facere qui officiis.', '7e429e8e-7669-403d-bb78-3cd7f9f75afd', 'usr_251');
INSERT INTO trabalho.comentarios_podcast_usuario VALUES ('comment_251_2_2', 'Et quia rerum aut eligendi tempore.', '7e429e8e-7669-403d-bb78-3cd7f9f75afd', 'usr_251');
INSERT INTO trabalho.log_acesso VALUES ('log_251_0_2', '7e429e8e-7669-403d-bb78-3cd7f9f75afd', 'usr_251');
INSERT INTO trabalho.log_acesso VALUES ('log_251_1_2', '7e429e8e-7669-403d-bb78-3cd7f9f75afd', 'usr_251');
INSERT INTO trabalho.usuario VALUES ('usr_252', '252_Janana_Martins@gmail.com', 'Janaína Martins', 'female', 58, 'password', 'Cazaquistão');
INSERT INTO trabalho.usuario_esta_inscrito_no_podcast VALUES (3, '168c1536-4c42-4b8f-8c77-f06affefec6a', 'usr_252');
INSERT INTO trabalho.comentarios_podcast_usuario VALUES ('comment_252_0_0', 'Quam dignissimos et enim est est omnis.', '168c1536-4c42-4b8f-8c77-f06affefec6a', 'usr_252');
INSERT INTO trabalho.comentarios_podcast_usuario VALUES ('comment_252_1_0', 'Occaecati reprehenderit ipsa itaque non rerum aperiam in.', '168c1536-4c42-4b8f-8c77-f06affefec6a', 'usr_252');
INSERT INTO trabalho.comentarios_podcast_usuario VALUES ('comment_252_2_0', 'Minima rem rerum sint natus recusandae neque.', '168c1536-4c42-4b8f-8c77-f06affefec6a', 'usr_252');
INSERT INTO trabalho.comentarios_podcast_usuario VALUES ('comment_252_3_0', 'Maxime laborum ut fuga tempore.', '168c1536-4c42-4b8f-8c77-f06affefec6a', 'usr_252');
INSERT INTO trabalho.log_acesso VALUES ('log_252_0_0', '168c1536-4c42-4b8f-8c77-f06affefec6a', 'usr_252');
INSERT INTO trabalho.log_acesso VALUES ('log_252_1_0', '168c1536-4c42-4b8f-8c77-f06affefec6a', 'usr_252');
INSERT INTO trabalho.log_acesso VALUES ('log_252_2_0', '168c1536-4c42-4b8f-8c77-f06affefec6a', 'usr_252');
INSERT INTO trabalho.log_acesso VALUES ('log_252_3_0', '168c1536-4c42-4b8f-8c77-f06affefec6a', 'usr_252');
INSERT INTO trabalho.usuario_esta_inscrito_no_podcast VALUES (2, '5bdf7377-8330-4f9f-8efd-e95301c122ce', 'usr_252');
INSERT INTO trabalho.comentarios_podcast_usuario VALUES ('comment_252_0_1', 'Porro quod ea quasi.', '5bdf7377-8330-4f9f-8efd-e95301c122ce', 'usr_252');
INSERT INTO trabalho.comentarios_podcast_usuario VALUES ('comment_252_1_1', 'Corrupti ut sed amet eius ullam.', '5bdf7377-8330-4f9f-8efd-e95301c122ce', 'usr_252');
INSERT INTO trabalho.log_acesso VALUES ('log_252_0_1', '5bdf7377-8330-4f9f-8efd-e95301c122ce', 'usr_252');
INSERT INTO trabalho.log_acesso VALUES ('log_252_1_1', '5bdf7377-8330-4f9f-8efd-e95301c122ce', 'usr_252');
INSERT INTO trabalho.log_acesso VALUES ('log_252_2_1', '5bdf7377-8330-4f9f-8efd-e95301c122ce', 'usr_252');
INSERT INTO trabalho.usuario_esta_inscrito_no_podcast VALUES (2, 'f0166bd2-8e4d-4308-b5d7-0b3d627c5dc5', 'usr_252');
INSERT INTO trabalho.comentarios_podcast_usuario VALUES ('comment_252_0_2', 'Reiciendis sequi vitae sequi reprehenderit.', 'f0166bd2-8e4d-4308-b5d7-0b3d627c5dc5', 'usr_252');
INSERT INTO trabalho.comentarios_podcast_usuario VALUES ('comment_252_1_2', 'Magnam consequatur ut corrupti.', 'f0166bd2-8e4d-4308-b5d7-0b3d627c5dc5', 'usr_252');
INSERT INTO trabalho.log_acesso VALUES ('log_252_0_2', 'f0166bd2-8e4d-4308-b5d7-0b3d627c5dc5', 'usr_252');
INSERT INTO trabalho.log_acesso VALUES ('log_252_1_2', 'f0166bd2-8e4d-4308-b5d7-0b3d627c5dc5', 'usr_252');
INSERT INTO trabalho.log_acesso VALUES ('log_252_2_2', 'f0166bd2-8e4d-4308-b5d7-0b3d627c5dc5', 'usr_252');
INSERT INTO trabalho.usuario VALUES ('usr_253', '253_Isabelly24@live.com', 'Isabelly Costa', 'female', 10, 'password', 'Algéria');
INSERT INTO trabalho.usuario_esta_inscrito_no_podcast VALUES (5, 'f1b92ce7-47a7-43cd-8586-4a09185cdd05', 'usr_253');
INSERT INTO trabalho.comentarios_podcast_usuario VALUES ('comment_253_0_0', 'Dolores voluptas dolore perspiciatis.', 'f1b92ce7-47a7-43cd-8586-4a09185cdd05', 'usr_253');
INSERT INTO trabalho.comentarios_podcast_usuario VALUES ('comment_253_1_0', 'Quibusdam tempore autem illo nihil aspernatur officiis.', 'f1b92ce7-47a7-43cd-8586-4a09185cdd05', 'usr_253');
INSERT INTO trabalho.comentarios_podcast_usuario VALUES ('comment_253_2_0', 'Deleniti sit impedit vel consequatur voluptatum ut quis.', 'f1b92ce7-47a7-43cd-8586-4a09185cdd05', 'usr_253');
INSERT INTO trabalho.comentarios_podcast_usuario VALUES ('comment_253_3_0', 'Cum aliquam ut voluptatibus accusamus eligendi.', 'f1b92ce7-47a7-43cd-8586-4a09185cdd05', 'usr_253');
INSERT INTO trabalho.log_acesso VALUES ('log_253_0_0', 'f1b92ce7-47a7-43cd-8586-4a09185cdd05', 'usr_253');
INSERT INTO trabalho.usuario_esta_inscrito_no_podcast VALUES (4, '168c1536-4c42-4b8f-8c77-f06affefec6a', 'usr_253');
INSERT INTO trabalho.comentarios_podcast_usuario VALUES ('comment_253_0_1', 'Aut dolor ut eius.', '168c1536-4c42-4b8f-8c77-f06affefec6a', 'usr_253');
INSERT INTO trabalho.comentarios_podcast_usuario VALUES ('comment_253_1_1', 'Expedita asperiores vitae sed voluptas sint rerum dolorem qui voluptates.', '168c1536-4c42-4b8f-8c77-f06affefec6a', 'usr_253');
INSERT INTO trabalho.log_acesso VALUES ('log_253_0_1', '168c1536-4c42-4b8f-8c77-f06affefec6a', 'usr_253');
INSERT INTO trabalho.log_acesso VALUES ('log_253_1_1', '168c1536-4c42-4b8f-8c77-f06affefec6a', 'usr_253');
INSERT INTO trabalho.log_acesso VALUES ('log_253_2_1', '168c1536-4c42-4b8f-8c77-f06affefec6a', 'usr_253');
INSERT INTO trabalho.usuario_esta_inscrito_no_podcast VALUES (0, '7e429e8e-7669-403d-bb78-3cd7f9f75afd', 'usr_253');
INSERT INTO trabalho.comentarios_podcast_usuario VALUES ('comment_253_0_2', 'Rerum quis quos quaerat et quia quia dolorum.', '7e429e8e-7669-403d-bb78-3cd7f9f75afd', 'usr_253');
INSERT INTO trabalho.comentarios_podcast_usuario VALUES ('comment_253_1_2', 'Exercitationem rem et dolores illum sed sit sed.', '7e429e8e-7669-403d-bb78-3cd7f9f75afd', 'usr_253');
INSERT INTO trabalho.log_acesso VALUES ('log_253_0_2', '7e429e8e-7669-403d-bb78-3cd7f9f75afd', 'usr_253');
INSERT INTO trabalho.log_acesso VALUES ('log_253_1_2', '7e429e8e-7669-403d-bb78-3cd7f9f75afd', 'usr_253');
INSERT INTO trabalho.log_acesso VALUES ('log_253_2_2', '7e429e8e-7669-403d-bb78-3cd7f9f75afd', 'usr_253');
INSERT INTO trabalho.log_acesso VALUES ('log_253_3_2', '7e429e8e-7669-403d-bb78-3cd7f9f75afd', 'usr_253');
INSERT INTO trabalho.log_acesso VALUES ('log_253_4_2', '7e429e8e-7669-403d-bb78-3cd7f9f75afd', 'usr_253');
INSERT INTO trabalho.log_acesso VALUES ('log_253_5_2', '7e429e8e-7669-403d-bb78-3cd7f9f75afd', 'usr_253');
INSERT INTO trabalho.usuario VALUES ('usr_254', '254_AnaLaura.Macedo@yahoo.com', 'Ana Laura Macedo', 'female', 0, 'password', 'Gibraltar');
INSERT INTO trabalho.usuario_esta_inscrito_no_podcast VALUES (5, 'de2f0ddb-9903-436a-a5e2-54224254c818', 'usr_254');
INSERT INTO trabalho.comentarios_podcast_usuario VALUES ('comment_254_0_0', 'Hic quia aut ut.', 'de2f0ddb-9903-436a-a5e2-54224254c818', 'usr_254');
INSERT INTO trabalho.comentarios_podcast_usuario VALUES ('comment_254_1_0', 'Rerum beatae itaque dolor.', 'de2f0ddb-9903-436a-a5e2-54224254c818', 'usr_254');
INSERT INTO trabalho.comentarios_podcast_usuario VALUES ('comment_254_2_0', 'Dicta nihil eius esse.', 'de2f0ddb-9903-436a-a5e2-54224254c818', 'usr_254');
INSERT INTO trabalho.log_acesso VALUES ('log_254_0_0', 'de2f0ddb-9903-436a-a5e2-54224254c818', 'usr_254');
INSERT INTO trabalho.log_acesso VALUES ('log_254_1_0', 'de2f0ddb-9903-436a-a5e2-54224254c818', 'usr_254');
INSERT INTO trabalho.log_acesso VALUES ('log_254_2_0', 'de2f0ddb-9903-436a-a5e2-54224254c818', 'usr_254');
INSERT INTO trabalho.log_acesso VALUES ('log_254_3_0', 'de2f0ddb-9903-436a-a5e2-54224254c818', 'usr_254');
INSERT INTO trabalho.log_acesso VALUES ('log_254_4_0', 'de2f0ddb-9903-436a-a5e2-54224254c818', 'usr_254');
INSERT INTO trabalho.log_acesso VALUES ('log_254_5_0', 'de2f0ddb-9903-436a-a5e2-54224254c818', 'usr_254');
INSERT INTO trabalho.usuario_esta_inscrito_no_podcast VALUES (4, 'fa3abe16-3645-4d22-a01d-893e6f20c408', 'usr_254');
INSERT INTO trabalho.comentarios_podcast_usuario VALUES ('comment_254_0_1', 'Ut est consequatur voluptate sed eligendi qui.', 'fa3abe16-3645-4d22-a01d-893e6f20c408', 'usr_254');
INSERT INTO trabalho.log_acesso VALUES ('log_254_0_1', 'fa3abe16-3645-4d22-a01d-893e6f20c408', 'usr_254');
INSERT INTO trabalho.usuario_esta_inscrito_no_podcast VALUES (3, '168c1536-4c42-4b8f-8c77-f06affefec6a', 'usr_254');
INSERT INTO trabalho.comentarios_podcast_usuario VALUES ('comment_254_0_2', 'Nam assumenda est rerum quo.', '168c1536-4c42-4b8f-8c77-f06affefec6a', 'usr_254');
INSERT INTO trabalho.comentarios_podcast_usuario VALUES ('comment_254_1_2', 'Excepturi ut quo qui animi quae.', '168c1536-4c42-4b8f-8c77-f06affefec6a', 'usr_254');
INSERT INTO trabalho.comentarios_podcast_usuario VALUES ('comment_254_2_2', 'Cupiditate qui voluptas ea.', '168c1536-4c42-4b8f-8c77-f06affefec6a', 'usr_254');
INSERT INTO trabalho.log_acesso VALUES ('log_254_0_2', '168c1536-4c42-4b8f-8c77-f06affefec6a', 'usr_254');
INSERT INTO trabalho.log_acesso VALUES ('log_254_1_2', '168c1536-4c42-4b8f-8c77-f06affefec6a', 'usr_254');
INSERT INTO trabalho.log_acesso VALUES ('log_254_2_2', '168c1536-4c42-4b8f-8c77-f06affefec6a', 'usr_254');
INSERT INTO trabalho.usuario VALUES ('usr_255', '255_Eduardo.Moraes@yahoo.com', 'Eduardo Moraes', 'male', 26, 'password', 'Ilhas Heard e McDonald');
INSERT INTO trabalho.usuario_esta_inscrito_no_podcast VALUES (1, '5bdf7377-8330-4f9f-8efd-e95301c122ce', 'usr_255');
INSERT INTO trabalho.comentarios_podcast_usuario VALUES ('comment_255_0_0', 'Expedita fugiat autem pariatur.', '5bdf7377-8330-4f9f-8efd-e95301c122ce', 'usr_255');
INSERT INTO trabalho.comentarios_podcast_usuario VALUES ('comment_255_1_0', 'Saepe omnis ipsa.', '5bdf7377-8330-4f9f-8efd-e95301c122ce', 'usr_255');
INSERT INTO trabalho.log_acesso VALUES ('log_255_0_0', '5bdf7377-8330-4f9f-8efd-e95301c122ce', 'usr_255');
INSERT INTO trabalho.log_acesso VALUES ('log_255_1_0', '5bdf7377-8330-4f9f-8efd-e95301c122ce', 'usr_255');
INSERT INTO trabalho.log_acesso VALUES ('log_255_2_0', '5bdf7377-8330-4f9f-8efd-e95301c122ce', 'usr_255');
INSERT INTO trabalho.log_acesso VALUES ('log_255_3_0', '5bdf7377-8330-4f9f-8efd-e95301c122ce', 'usr_255');
INSERT INTO trabalho.log_acesso VALUES ('log_255_4_0', '5bdf7377-8330-4f9f-8efd-e95301c122ce', 'usr_255');
INSERT INTO trabalho.usuario_esta_inscrito_no_podcast VALUES (3, '219328a1-cec6-4e8c-b003-52a3ec9766bb', 'usr_255');
INSERT INTO trabalho.comentarios_podcast_usuario VALUES ('comment_255_0_1', 'Eos impedit accusamus ipsum saepe velit odio beatae maiores.', '219328a1-cec6-4e8c-b003-52a3ec9766bb', 'usr_255');
INSERT INTO trabalho.comentarios_podcast_usuario VALUES ('comment_255_1_1', 'Facere eos omnis quia quam.', '219328a1-cec6-4e8c-b003-52a3ec9766bb', 'usr_255');
INSERT INTO trabalho.log_acesso VALUES ('log_255_0_1', '219328a1-cec6-4e8c-b003-52a3ec9766bb', 'usr_255');
INSERT INTO trabalho.log_acesso VALUES ('log_255_1_1', '219328a1-cec6-4e8c-b003-52a3ec9766bb', 'usr_255');
INSERT INTO trabalho.log_acesso VALUES ('log_255_2_1', '219328a1-cec6-4e8c-b003-52a3ec9766bb', 'usr_255');
INSERT INTO trabalho.log_acesso VALUES ('log_255_3_1', '219328a1-cec6-4e8c-b003-52a3ec9766bb', 'usr_255');
INSERT INTO trabalho.log_acesso VALUES ('log_255_4_1', '219328a1-cec6-4e8c-b003-52a3ec9766bb', 'usr_255');
INSERT INTO trabalho.usuario_esta_inscrito_no_podcast VALUES (0, 'fa3abe16-3645-4d22-a01d-893e6f20c408', 'usr_255');
INSERT INTO trabalho.comentarios_podcast_usuario VALUES ('comment_255_0_2', 'Aut distinctio vel animi adipisci non.', 'fa3abe16-3645-4d22-a01d-893e6f20c408', 'usr_255');
INSERT INTO trabalho.log_acesso VALUES ('log_255_0_2', 'fa3abe16-3645-4d22-a01d-893e6f20c408', 'usr_255');
INSERT INTO trabalho.log_acesso VALUES ('log_255_1_2', 'fa3abe16-3645-4d22-a01d-893e6f20c408', 'usr_255');
INSERT INTO trabalho.usuario VALUES ('usr_256', '256_Benjamin.Barros54@live.com', 'Benjamin Barros', 'male', 11, 'password', 'Andorra');
INSERT INTO trabalho.usuario_esta_inscrito_no_podcast VALUES (1, 'f1b92ce7-47a7-43cd-8586-4a09185cdd05', 'usr_256');
INSERT INTO trabalho.comentarios_podcast_usuario VALUES ('comment_256_0_0', 'Nisi quia id sapiente ut non voluptatem eos non doloremque.', 'f1b92ce7-47a7-43cd-8586-4a09185cdd05', 'usr_256');
INSERT INTO trabalho.comentarios_podcast_usuario VALUES ('comment_256_1_0', 'Similique velit eos corporis quo iusto.', 'f1b92ce7-47a7-43cd-8586-4a09185cdd05', 'usr_256');
INSERT INTO trabalho.comentarios_podcast_usuario VALUES ('comment_256_2_0', 'Aspernatur praesentium nesciunt.', 'f1b92ce7-47a7-43cd-8586-4a09185cdd05', 'usr_256');
INSERT INTO trabalho.comentarios_podcast_usuario VALUES ('comment_256_3_0', 'Iste perspiciatis eaque laudantium officia rerum dolores aperiam.', 'f1b92ce7-47a7-43cd-8586-4a09185cdd05', 'usr_256');
INSERT INTO trabalho.log_acesso VALUES ('log_256_0_0', 'f1b92ce7-47a7-43cd-8586-4a09185cdd05', 'usr_256');
INSERT INTO trabalho.log_acesso VALUES ('log_256_1_0', 'f1b92ce7-47a7-43cd-8586-4a09185cdd05', 'usr_256');
INSERT INTO trabalho.log_acesso VALUES ('log_256_2_0', 'f1b92ce7-47a7-43cd-8586-4a09185cdd05', 'usr_256');
INSERT INTO trabalho.log_acesso VALUES ('log_256_3_0', 'f1b92ce7-47a7-43cd-8586-4a09185cdd05', 'usr_256');
INSERT INTO trabalho.log_acesso VALUES ('log_256_4_0', 'f1b92ce7-47a7-43cd-8586-4a09185cdd05', 'usr_256');
INSERT INTO trabalho.log_acesso VALUES ('log_256_5_0', 'f1b92ce7-47a7-43cd-8586-4a09185cdd05', 'usr_256');
INSERT INTO trabalho.usuario_esta_inscrito_no_podcast VALUES (4, 'f0166bd2-8e4d-4308-b5d7-0b3d627c5dc5', 'usr_256');
INSERT INTO trabalho.comentarios_podcast_usuario VALUES ('comment_256_0_1', 'Fugit saepe dolores quia ipsam illo pariatur error.', 'f0166bd2-8e4d-4308-b5d7-0b3d627c5dc5', 'usr_256');
INSERT INTO trabalho.comentarios_podcast_usuario VALUES ('comment_256_1_1', 'Qui doloribus inventore vitae incidunt.', 'f0166bd2-8e4d-4308-b5d7-0b3d627c5dc5', 'usr_256');
INSERT INTO trabalho.comentarios_podcast_usuario VALUES ('comment_256_2_1', 'Quo accusantium quod minus ea eos et quae temporibus sequi.', 'f0166bd2-8e4d-4308-b5d7-0b3d627c5dc5', 'usr_256');
INSERT INTO trabalho.comentarios_podcast_usuario VALUES ('comment_256_3_1', 'Nostrum qui cum cum et molestias.', 'f0166bd2-8e4d-4308-b5d7-0b3d627c5dc5', 'usr_256');
INSERT INTO trabalho.log_acesso VALUES ('log_256_0_1', 'f0166bd2-8e4d-4308-b5d7-0b3d627c5dc5', 'usr_256');
INSERT INTO trabalho.log_acesso VALUES ('log_256_1_1', 'f0166bd2-8e4d-4308-b5d7-0b3d627c5dc5', 'usr_256');
INSERT INTO trabalho.log_acesso VALUES ('log_256_2_1', 'f0166bd2-8e4d-4308-b5d7-0b3d627c5dc5', 'usr_256');
INSERT INTO trabalho.log_acesso VALUES ('log_256_3_1', 'f0166bd2-8e4d-4308-b5d7-0b3d627c5dc5', 'usr_256');
INSERT INTO trabalho.log_acesso VALUES ('log_256_4_1', 'f0166bd2-8e4d-4308-b5d7-0b3d627c5dc5', 'usr_256');
INSERT INTO trabalho.usuario_esta_inscrito_no_podcast VALUES (3, 'af46a958-b921-47b6-9f87-5c4fdc68ea79', 'usr_256');
INSERT INTO trabalho.comentarios_podcast_usuario VALUES ('comment_256_0_2', 'Voluptas consequatur et voluptatem debitis.', 'af46a958-b921-47b6-9f87-5c4fdc68ea79', 'usr_256');
INSERT INTO trabalho.comentarios_podcast_usuario VALUES ('comment_256_1_2', 'Blanditiis eos iusto sed animi voluptas.', 'af46a958-b921-47b6-9f87-5c4fdc68ea79', 'usr_256');
INSERT INTO trabalho.log_acesso VALUES ('log_256_0_2', 'af46a958-b921-47b6-9f87-5c4fdc68ea79', 'usr_256');
INSERT INTO trabalho.log_acesso VALUES ('log_256_1_2', 'af46a958-b921-47b6-9f87-5c4fdc68ea79', 'usr_256');
INSERT INTO trabalho.log_acesso VALUES ('log_256_2_2', 'af46a958-b921-47b6-9f87-5c4fdc68ea79', 'usr_256');
INSERT INTO trabalho.usuario VALUES ('usr_257', '257_Lorenzo_Souza@bol.com.br', 'Lorenzo Souza', 'male', 10, 'password', 'Irã');
INSERT INTO trabalho.usuario_esta_inscrito_no_podcast VALUES (4, '219328a1-cec6-4e8c-b003-52a3ec9766bb', 'usr_257');
INSERT INTO trabalho.comentarios_podcast_usuario VALUES ('comment_257_0_0', 'Eius aut aut.', '219328a1-cec6-4e8c-b003-52a3ec9766bb', 'usr_257');
INSERT INTO trabalho.comentarios_podcast_usuario VALUES ('comment_257_1_0', 'Magnam culpa sapiente dolor quo est reprehenderit et nobis atque.', '219328a1-cec6-4e8c-b003-52a3ec9766bb', 'usr_257');
INSERT INTO trabalho.comentarios_podcast_usuario VALUES ('comment_257_2_0', 'Ab id nihil.', '219328a1-cec6-4e8c-b003-52a3ec9766bb', 'usr_257');
INSERT INTO trabalho.log_acesso VALUES ('log_257_0_0', '219328a1-cec6-4e8c-b003-52a3ec9766bb', 'usr_257');
INSERT INTO trabalho.log_acesso VALUES ('log_257_1_0', '219328a1-cec6-4e8c-b003-52a3ec9766bb', 'usr_257');
INSERT INTO trabalho.log_acesso VALUES ('log_257_2_0', '219328a1-cec6-4e8c-b003-52a3ec9766bb', 'usr_257');
INSERT INTO trabalho.usuario_esta_inscrito_no_podcast VALUES (5, '168c1536-4c42-4b8f-8c77-f06affefec6a', 'usr_257');
INSERT INTO trabalho.comentarios_podcast_usuario VALUES ('comment_257_0_1', 'Saepe praesentium quisquam vel quod animi sed facilis.', '168c1536-4c42-4b8f-8c77-f06affefec6a', 'usr_257');
INSERT INTO trabalho.log_acesso VALUES ('log_257_0_1', '168c1536-4c42-4b8f-8c77-f06affefec6a', 'usr_257');
INSERT INTO trabalho.usuario_esta_inscrito_no_podcast VALUES (3, 'af46a958-b921-47b6-9f87-5c4fdc68ea79', 'usr_257');
INSERT INTO trabalho.comentarios_podcast_usuario VALUES ('comment_257_0_2', 'Aut nihil hic.', 'af46a958-b921-47b6-9f87-5c4fdc68ea79', 'usr_257');
INSERT INTO trabalho.comentarios_podcast_usuario VALUES ('comment_257_1_2', 'Facilis quia eaque voluptatem recusandae nihil velit magni.', 'af46a958-b921-47b6-9f87-5c4fdc68ea79', 'usr_257');
INSERT INTO trabalho.log_acesso VALUES ('log_257_0_2', 'af46a958-b921-47b6-9f87-5c4fdc68ea79', 'usr_257');
INSERT INTO trabalho.log_acesso VALUES ('log_257_1_2', 'af46a958-b921-47b6-9f87-5c4fdc68ea79', 'usr_257');
INSERT INTO trabalho.log_acesso VALUES ('log_257_2_2', 'af46a958-b921-47b6-9f87-5c4fdc68ea79', 'usr_257');
INSERT INTO trabalho.usuario VALUES ('usr_258', '258_Washington_Macedo79@gmail.com', 'Washington Macedo', 'male', 45, 'password', 'Congo');
INSERT INTO trabalho.usuario_esta_inscrito_no_podcast VALUES (0, '67074e68-bc2f-442b-8af2-7d328b6af6eb', 'usr_258');
INSERT INTO trabalho.comentarios_podcast_usuario VALUES ('comment_258_0_0', 'Est eos rerum vero eum.', '67074e68-bc2f-442b-8af2-7d328b6af6eb', 'usr_258');
INSERT INTO trabalho.comentarios_podcast_usuario VALUES ('comment_258_1_0', 'Quos dolorem tempora ratione facilis.', '67074e68-bc2f-442b-8af2-7d328b6af6eb', 'usr_258');
INSERT INTO trabalho.comentarios_podcast_usuario VALUES ('comment_258_2_0', 'Labore voluptatem et quasi omnis alias rem.', '67074e68-bc2f-442b-8af2-7d328b6af6eb', 'usr_258');
INSERT INTO trabalho.log_acesso VALUES ('log_258_0_0', '67074e68-bc2f-442b-8af2-7d328b6af6eb', 'usr_258');
INSERT INTO trabalho.log_acesso VALUES ('log_258_1_0', '67074e68-bc2f-442b-8af2-7d328b6af6eb', 'usr_258');
INSERT INTO trabalho.log_acesso VALUES ('log_258_2_0', '67074e68-bc2f-442b-8af2-7d328b6af6eb', 'usr_258');
INSERT INTO trabalho.usuario_esta_inscrito_no_podcast VALUES (2, 'f8e13774-d631-4f34-93f0-2f5d55590265', 'usr_258');
INSERT INTO trabalho.comentarios_podcast_usuario VALUES ('comment_258_0_1', 'Voluptatum et iure soluta quia soluta adipisci.', 'f8e13774-d631-4f34-93f0-2f5d55590265', 'usr_258');
INSERT INTO trabalho.comentarios_podcast_usuario VALUES ('comment_258_1_1', 'Rerum saepe sunt excepturi ipsam in odio quia.', 'f8e13774-d631-4f34-93f0-2f5d55590265', 'usr_258');
INSERT INTO trabalho.comentarios_podcast_usuario VALUES ('comment_258_2_1', 'Impedit quod dolor minima.', 'f8e13774-d631-4f34-93f0-2f5d55590265', 'usr_258');
INSERT INTO trabalho.log_acesso VALUES ('log_258_0_1', 'f8e13774-d631-4f34-93f0-2f5d55590265', 'usr_258');
INSERT INTO trabalho.log_acesso VALUES ('log_258_1_1', 'f8e13774-d631-4f34-93f0-2f5d55590265', 'usr_258');
INSERT INTO trabalho.log_acesso VALUES ('log_258_2_1', 'f8e13774-d631-4f34-93f0-2f5d55590265', 'usr_258');
INSERT INTO trabalho.log_acesso VALUES ('log_258_3_1', 'f8e13774-d631-4f34-93f0-2f5d55590265', 'usr_258');
INSERT INTO trabalho.usuario_esta_inscrito_no_podcast VALUES (1, 'f0166bd2-8e4d-4308-b5d7-0b3d627c5dc5', 'usr_258');
INSERT INTO trabalho.comentarios_podcast_usuario VALUES ('comment_258_0_2', 'Tenetur qui natus a aut placeat.', 'f0166bd2-8e4d-4308-b5d7-0b3d627c5dc5', 'usr_258');
INSERT INTO trabalho.log_acesso VALUES ('log_258_0_2', 'f0166bd2-8e4d-4308-b5d7-0b3d627c5dc5', 'usr_258');
INSERT INTO trabalho.usuario VALUES ('usr_259', '259_Heitor56@bol.com.br', 'Heitor Souza', 'male', 5, 'password', 'Alemanha');
INSERT INTO trabalho.usuario_esta_inscrito_no_podcast VALUES (3, '219328a1-cec6-4e8c-b003-52a3ec9766bb', 'usr_259');
INSERT INTO trabalho.comentarios_podcast_usuario VALUES ('comment_259_0_0', 'Sint ducimus facilis qui quis quasi est ab minus quo.', '219328a1-cec6-4e8c-b003-52a3ec9766bb', 'usr_259');
INSERT INTO trabalho.comentarios_podcast_usuario VALUES ('comment_259_1_0', 'Accusantium aut dolorum consequatur nulla adipisci.', '219328a1-cec6-4e8c-b003-52a3ec9766bb', 'usr_259');
INSERT INTO trabalho.comentarios_podcast_usuario VALUES ('comment_259_2_0', 'Ab autem excepturi repellat.', '219328a1-cec6-4e8c-b003-52a3ec9766bb', 'usr_259');
INSERT INTO trabalho.log_acesso VALUES ('log_259_0_0', '219328a1-cec6-4e8c-b003-52a3ec9766bb', 'usr_259');
INSERT INTO trabalho.log_acesso VALUES ('log_259_1_0', '219328a1-cec6-4e8c-b003-52a3ec9766bb', 'usr_259');
INSERT INTO trabalho.log_acesso VALUES ('log_259_2_0', '219328a1-cec6-4e8c-b003-52a3ec9766bb', 'usr_259');
INSERT INTO trabalho.usuario_esta_inscrito_no_podcast VALUES (0, 'f0166bd2-8e4d-4308-b5d7-0b3d627c5dc5', 'usr_259');
INSERT INTO trabalho.comentarios_podcast_usuario VALUES ('comment_259_0_1', 'Sint maxime ab.', 'f0166bd2-8e4d-4308-b5d7-0b3d627c5dc5', 'usr_259');
INSERT INTO trabalho.comentarios_podcast_usuario VALUES ('comment_259_1_1', 'Debitis totam voluptate quos illo voluptatem omnis.', 'f0166bd2-8e4d-4308-b5d7-0b3d627c5dc5', 'usr_259');
INSERT INTO trabalho.log_acesso VALUES ('log_259_0_1', 'f0166bd2-8e4d-4308-b5d7-0b3d627c5dc5', 'usr_259');
INSERT INTO trabalho.log_acesso VALUES ('log_259_1_1', 'f0166bd2-8e4d-4308-b5d7-0b3d627c5dc5', 'usr_259');
INSERT INTO trabalho.log_acesso VALUES ('log_259_2_1', 'f0166bd2-8e4d-4308-b5d7-0b3d627c5dc5', 'usr_259');
INSERT INTO trabalho.usuario_esta_inscrito_no_podcast VALUES (0, 'b553d865-8fe2-47de-9a30-10e1dea3bd1d', 'usr_259');
INSERT INTO trabalho.comentarios_podcast_usuario VALUES ('comment_259_0_2', 'Repudiandae necessitatibus rem qui mollitia et autem.', 'b553d865-8fe2-47de-9a30-10e1dea3bd1d', 'usr_259');
INSERT INTO trabalho.comentarios_podcast_usuario VALUES ('comment_259_1_2', 'Velit nobis placeat optio voluptas officiis voluptatem commodi asperiores.', 'b553d865-8fe2-47de-9a30-10e1dea3bd1d', 'usr_259');
INSERT INTO trabalho.log_acesso VALUES ('log_259_0_2', 'b553d865-8fe2-47de-9a30-10e1dea3bd1d', 'usr_259');
INSERT INTO trabalho.log_acesso VALUES ('log_259_1_2', 'b553d865-8fe2-47de-9a30-10e1dea3bd1d', 'usr_259');
INSERT INTO trabalho.log_acesso VALUES ('log_259_2_2', 'b553d865-8fe2-47de-9a30-10e1dea3bd1d', 'usr_259');
INSERT INTO trabalho.log_acesso VALUES ('log_259_3_2', 'b553d865-8fe2-47de-9a30-10e1dea3bd1d', 'usr_259');
INSERT INTO trabalho.usuario VALUES ('usr_260', '260_JooMiguel_Nogueira36@hotmail.com', 'João Miguel Nogueira', 'male', 20, 'password', 'Panamá');
INSERT INTO trabalho.usuario_esta_inscrito_no_podcast VALUES (2, '7e429e8e-7669-403d-bb78-3cd7f9f75afd', 'usr_260');
INSERT INTO trabalho.comentarios_podcast_usuario VALUES ('comment_260_0_0', 'Quia libero nihil qui.', '7e429e8e-7669-403d-bb78-3cd7f9f75afd', 'usr_260');
INSERT INTO trabalho.log_acesso VALUES ('log_260_0_0', '7e429e8e-7669-403d-bb78-3cd7f9f75afd', 'usr_260');
INSERT INTO trabalho.log_acesso VALUES ('log_260_1_0', '7e429e8e-7669-403d-bb78-3cd7f9f75afd', 'usr_260');
INSERT INTO trabalho.usuario_esta_inscrito_no_podcast VALUES (2, '219328a1-cec6-4e8c-b003-52a3ec9766bb', 'usr_260');
INSERT INTO trabalho.comentarios_podcast_usuario VALUES ('comment_260_0_1', 'Recusandae ipsum culpa reprehenderit repellendus neque.', '219328a1-cec6-4e8c-b003-52a3ec9766bb', 'usr_260');
INSERT INTO trabalho.comentarios_podcast_usuario VALUES ('comment_260_1_1', 'Dignissimos vero non atque sit consequatur distinctio.', '219328a1-cec6-4e8c-b003-52a3ec9766bb', 'usr_260');
INSERT INTO trabalho.comentarios_podcast_usuario VALUES ('comment_260_2_1', 'Ea aut aut voluptas.', '219328a1-cec6-4e8c-b003-52a3ec9766bb', 'usr_260');
INSERT INTO trabalho.comentarios_podcast_usuario VALUES ('comment_260_3_1', 'Aperiam quae accusamus.', '219328a1-cec6-4e8c-b003-52a3ec9766bb', 'usr_260');
INSERT INTO trabalho.comentarios_podcast_usuario VALUES ('comment_260_4_1', 'Dolore fugiat facere fugiat excepturi quibusdam eos.', '219328a1-cec6-4e8c-b003-52a3ec9766bb', 'usr_260');
INSERT INTO trabalho.log_acesso VALUES ('log_260_0_1', '219328a1-cec6-4e8c-b003-52a3ec9766bb', 'usr_260');
INSERT INTO trabalho.log_acesso VALUES ('log_260_1_1', '219328a1-cec6-4e8c-b003-52a3ec9766bb', 'usr_260');
INSERT INTO trabalho.usuario_esta_inscrito_no_podcast VALUES (2, 'bc8dac25-793c-4a96-aafc-4ea7020f4f60', 'usr_260');
INSERT INTO trabalho.comentarios_podcast_usuario VALUES ('comment_260_0_2', 'Molestias et voluptatem dolor expedita.', 'bc8dac25-793c-4a96-aafc-4ea7020f4f60', 'usr_260');
INSERT INTO trabalho.comentarios_podcast_usuario VALUES ('comment_260_1_2', 'Magnam ad eum.', 'bc8dac25-793c-4a96-aafc-4ea7020f4f60', 'usr_260');
INSERT INTO trabalho.log_acesso VALUES ('log_260_0_2', 'bc8dac25-793c-4a96-aafc-4ea7020f4f60', 'usr_260');
INSERT INTO trabalho.log_acesso VALUES ('log_260_1_2', 'bc8dac25-793c-4a96-aafc-4ea7020f4f60', 'usr_260');
INSERT INTO trabalho.usuario VALUES ('usr_261', '261_Valentina_Moraes28@bol.com.br', 'Valentina Moraes', 'female', 54, 'password', 'Angola');
INSERT INTO trabalho.usuario_esta_inscrito_no_podcast VALUES (1, 'af46a958-b921-47b6-9f87-5c4fdc68ea79', 'usr_261');
INSERT INTO trabalho.comentarios_podcast_usuario VALUES ('comment_261_0_0', 'Quae harum nulla magni.', 'af46a958-b921-47b6-9f87-5c4fdc68ea79', 'usr_261');
INSERT INTO trabalho.comentarios_podcast_usuario VALUES ('comment_261_1_0', 'Explicabo tempore aut exercitationem placeat excepturi rem dignissimos.', 'af46a958-b921-47b6-9f87-5c4fdc68ea79', 'usr_261');
INSERT INTO trabalho.comentarios_podcast_usuario VALUES ('comment_261_2_0', 'Rerum est earum fuga.', 'af46a958-b921-47b6-9f87-5c4fdc68ea79', 'usr_261');
INSERT INTO trabalho.comentarios_podcast_usuario VALUES ('comment_261_3_0', 'Quia commodi illo maiores mollitia vel illo.', 'af46a958-b921-47b6-9f87-5c4fdc68ea79', 'usr_261');
INSERT INTO trabalho.comentarios_podcast_usuario VALUES ('comment_261_4_0', 'Sed ea inventore non illo.', 'af46a958-b921-47b6-9f87-5c4fdc68ea79', 'usr_261');
INSERT INTO trabalho.log_acesso VALUES ('log_261_0_0', 'af46a958-b921-47b6-9f87-5c4fdc68ea79', 'usr_261');
INSERT INTO trabalho.log_acesso VALUES ('log_261_1_0', 'af46a958-b921-47b6-9f87-5c4fdc68ea79', 'usr_261');
INSERT INTO trabalho.log_acesso VALUES ('log_261_2_0', 'af46a958-b921-47b6-9f87-5c4fdc68ea79', 'usr_261');
INSERT INTO trabalho.usuario_esta_inscrito_no_podcast VALUES (0, 'c58b280a-56d4-4ad8-8c85-730e4ea86361', 'usr_261');
INSERT INTO trabalho.comentarios_podcast_usuario VALUES ('comment_261_0_1', 'Sunt quisquam sunt commodi excepturi.', 'c58b280a-56d4-4ad8-8c85-730e4ea86361', 'usr_261');
INSERT INTO trabalho.comentarios_podcast_usuario VALUES ('comment_261_1_1', 'Atque qui dolores omnis aliquid cupiditate unde.', 'c58b280a-56d4-4ad8-8c85-730e4ea86361', 'usr_261');
INSERT INTO trabalho.log_acesso VALUES ('log_261_0_1', 'c58b280a-56d4-4ad8-8c85-730e4ea86361', 'usr_261');
INSERT INTO trabalho.log_acesso VALUES ('log_261_1_1', 'c58b280a-56d4-4ad8-8c85-730e4ea86361', 'usr_261');
INSERT INTO trabalho.log_acesso VALUES ('log_261_2_1', 'c58b280a-56d4-4ad8-8c85-730e4ea86361', 'usr_261');
INSERT INTO trabalho.log_acesso VALUES ('log_261_3_1', 'c58b280a-56d4-4ad8-8c85-730e4ea86361', 'usr_261');
INSERT INTO trabalho.usuario_esta_inscrito_no_podcast VALUES (5, 'f1b92ce7-47a7-43cd-8586-4a09185cdd05', 'usr_261');
INSERT INTO trabalho.comentarios_podcast_usuario VALUES ('comment_261_0_2', 'Facere odio cumque veniam id asperiores doloribus magnam.', 'f1b92ce7-47a7-43cd-8586-4a09185cdd05', 'usr_261');
INSERT INTO trabalho.comentarios_podcast_usuario VALUES ('comment_261_1_2', 'Iste et a non et et earum exercitationem.', 'f1b92ce7-47a7-43cd-8586-4a09185cdd05', 'usr_261');
INSERT INTO trabalho.comentarios_podcast_usuario VALUES ('comment_261_2_2', 'Amet sint temporibus minima corporis.', 'f1b92ce7-47a7-43cd-8586-4a09185cdd05', 'usr_261');
INSERT INTO trabalho.comentarios_podcast_usuario VALUES ('comment_261_3_2', 'Tenetur inventore voluptates libero et repudiandae excepturi.', 'f1b92ce7-47a7-43cd-8586-4a09185cdd05', 'usr_261');
INSERT INTO trabalho.log_acesso VALUES ('log_261_0_2', 'f1b92ce7-47a7-43cd-8586-4a09185cdd05', 'usr_261');
INSERT INTO trabalho.log_acesso VALUES ('log_261_1_2', 'f1b92ce7-47a7-43cd-8586-4a09185cdd05', 'usr_261');
INSERT INTO trabalho.log_acesso VALUES ('log_261_2_2', 'f1b92ce7-47a7-43cd-8586-4a09185cdd05', 'usr_261');
INSERT INTO trabalho.log_acesso VALUES ('log_261_3_2', 'f1b92ce7-47a7-43cd-8586-4a09185cdd05', 'usr_261');
INSERT INTO trabalho.usuario VALUES ('usr_262', '262_Vctor_Silva@gmail.com', 'Víctor Silva', 'male', 47, 'password', 'São Vicente e Granadinas');
INSERT INTO trabalho.usuario_esta_inscrito_no_podcast VALUES (0, '67074e68-bc2f-442b-8af2-7d328b6af6eb', 'usr_262');
INSERT INTO trabalho.comentarios_podcast_usuario VALUES ('comment_262_0_0', 'Soluta doloribus ipsa.', '67074e68-bc2f-442b-8af2-7d328b6af6eb', 'usr_262');
INSERT INTO trabalho.comentarios_podcast_usuario VALUES ('comment_262_1_0', 'Eius et consequatur.', '67074e68-bc2f-442b-8af2-7d328b6af6eb', 'usr_262');
INSERT INTO trabalho.comentarios_podcast_usuario VALUES ('comment_262_2_0', 'Omnis soluta cumque excepturi recusandae nesciunt eveniet atque dicta.', '67074e68-bc2f-442b-8af2-7d328b6af6eb', 'usr_262');
INSERT INTO trabalho.log_acesso VALUES ('log_262_0_0', '67074e68-bc2f-442b-8af2-7d328b6af6eb', 'usr_262');
INSERT INTO trabalho.log_acesso VALUES ('log_262_1_0', '67074e68-bc2f-442b-8af2-7d328b6af6eb', 'usr_262');
INSERT INTO trabalho.log_acesso VALUES ('log_262_2_0', '67074e68-bc2f-442b-8af2-7d328b6af6eb', 'usr_262');
INSERT INTO trabalho.usuario_esta_inscrito_no_podcast VALUES (3, 'fa3abe16-3645-4d22-a01d-893e6f20c408', 'usr_262');
INSERT INTO trabalho.comentarios_podcast_usuario VALUES ('comment_262_0_1', 'Quia est sed.', 'fa3abe16-3645-4d22-a01d-893e6f20c408', 'usr_262');
INSERT INTO trabalho.comentarios_podcast_usuario VALUES ('comment_262_1_1', 'Quo optio hic sed beatae possimus voluptatem.', 'fa3abe16-3645-4d22-a01d-893e6f20c408', 'usr_262');
INSERT INTO trabalho.log_acesso VALUES ('log_262_0_1', 'fa3abe16-3645-4d22-a01d-893e6f20c408', 'usr_262');
INSERT INTO trabalho.log_acesso VALUES ('log_262_1_1', 'fa3abe16-3645-4d22-a01d-893e6f20c408', 'usr_262');
INSERT INTO trabalho.log_acesso VALUES ('log_262_2_1', 'fa3abe16-3645-4d22-a01d-893e6f20c408', 'usr_262');
INSERT INTO trabalho.usuario_esta_inscrito_no_podcast VALUES (3, 'c58b280a-56d4-4ad8-8c85-730e4ea86361', 'usr_262');
INSERT INTO trabalho.comentarios_podcast_usuario VALUES ('comment_262_0_2', 'Sapiente et id ad corrupti.', 'c58b280a-56d4-4ad8-8c85-730e4ea86361', 'usr_262');
INSERT INTO trabalho.comentarios_podcast_usuario VALUES ('comment_262_1_2', 'Odio asperiores ea enim officia ut.', 'c58b280a-56d4-4ad8-8c85-730e4ea86361', 'usr_262');
INSERT INTO trabalho.log_acesso VALUES ('log_262_0_2', 'c58b280a-56d4-4ad8-8c85-730e4ea86361', 'usr_262');
INSERT INTO trabalho.log_acesso VALUES ('log_262_1_2', 'c58b280a-56d4-4ad8-8c85-730e4ea86361', 'usr_262');
INSERT INTO trabalho.log_acesso VALUES ('log_262_2_2', 'c58b280a-56d4-4ad8-8c85-730e4ea86361', 'usr_262');
INSERT INTO trabalho.log_acesso VALUES ('log_262_3_2', 'c58b280a-56d4-4ad8-8c85-730e4ea86361', 'usr_262');
INSERT INTO trabalho.log_acesso VALUES ('log_262_4_2', 'c58b280a-56d4-4ad8-8c85-730e4ea86361', 'usr_262');
INSERT INTO trabalho.usuario VALUES ('usr_263', '263_Giovanna_Oliveira@yahoo.com', 'Giovanna Oliveira', 'female', 25, 'password', 'Guiné Equatorial');
INSERT INTO trabalho.usuario_esta_inscrito_no_podcast VALUES (4, 'bc8dac25-793c-4a96-aafc-4ea7020f4f60', 'usr_263');
INSERT INTO trabalho.comentarios_podcast_usuario VALUES ('comment_263_0_0', 'Dolor laboriosam optio.', 'bc8dac25-793c-4a96-aafc-4ea7020f4f60', 'usr_263');
INSERT INTO trabalho.comentarios_podcast_usuario VALUES ('comment_263_1_0', 'Aliquam placeat voluptas voluptates voluptas sed aliquam.', 'bc8dac25-793c-4a96-aafc-4ea7020f4f60', 'usr_263');
INSERT INTO trabalho.comentarios_podcast_usuario VALUES ('comment_263_2_0', 'A quia repellendus officiis quo quae veritatis minima provident.', 'bc8dac25-793c-4a96-aafc-4ea7020f4f60', 'usr_263');
INSERT INTO trabalho.comentarios_podcast_usuario VALUES ('comment_263_3_0', 'Quisquam commodi incidunt iusto.', 'bc8dac25-793c-4a96-aafc-4ea7020f4f60', 'usr_263');
INSERT INTO trabalho.log_acesso VALUES ('log_263_0_0', 'bc8dac25-793c-4a96-aafc-4ea7020f4f60', 'usr_263');
INSERT INTO trabalho.usuario_esta_inscrito_no_podcast VALUES (4, '168c1536-4c42-4b8f-8c77-f06affefec6a', 'usr_263');
INSERT INTO trabalho.comentarios_podcast_usuario VALUES ('comment_263_0_1', 'Et sed provident doloribus fugit ad tenetur qui et distinctio.', '168c1536-4c42-4b8f-8c77-f06affefec6a', 'usr_263');
INSERT INTO trabalho.log_acesso VALUES ('log_263_0_1', '168c1536-4c42-4b8f-8c77-f06affefec6a', 'usr_263');
INSERT INTO trabalho.log_acesso VALUES ('log_263_1_1', '168c1536-4c42-4b8f-8c77-f06affefec6a', 'usr_263');
INSERT INTO trabalho.usuario_esta_inscrito_no_podcast VALUES (1, 'af46a958-b921-47b6-9f87-5c4fdc68ea79', 'usr_263');
INSERT INTO trabalho.comentarios_podcast_usuario VALUES ('comment_263_0_2', 'Est sed atque aut voluptatem maiores fugit nostrum velit.', 'af46a958-b921-47b6-9f87-5c4fdc68ea79', 'usr_263');
INSERT INTO trabalho.comentarios_podcast_usuario VALUES ('comment_263_1_2', 'Minus et dolorum qui eos odio omnis.', 'af46a958-b921-47b6-9f87-5c4fdc68ea79', 'usr_263');
INSERT INTO trabalho.log_acesso VALUES ('log_263_0_2', 'af46a958-b921-47b6-9f87-5c4fdc68ea79', 'usr_263');
INSERT INTO trabalho.log_acesso VALUES ('log_263_1_2', 'af46a958-b921-47b6-9f87-5c4fdc68ea79', 'usr_263');
INSERT INTO trabalho.log_acesso VALUES ('log_263_2_2', 'af46a958-b921-47b6-9f87-5c4fdc68ea79', 'usr_263');
INSERT INTO trabalho.log_acesso VALUES ('log_263_3_2', 'af46a958-b921-47b6-9f87-5c4fdc68ea79', 'usr_263');
INSERT INTO trabalho.log_acesso VALUES ('log_263_4_2', 'af46a958-b921-47b6-9f87-5c4fdc68ea79', 'usr_263');
INSERT INTO trabalho.usuario VALUES ('usr_264', '264_Manuela19@gmail.com', 'Manuela Saraiva', 'female', 24, 'password', 'Aruba');
INSERT INTO trabalho.usuario_esta_inscrito_no_podcast VALUES (1, '7e429e8e-7669-403d-bb78-3cd7f9f75afd', 'usr_264');
INSERT INTO trabalho.comentarios_podcast_usuario VALUES ('comment_264_0_0', 'Voluptatem temporibus eos corrupti ut necessitatibus eveniet et est.', '7e429e8e-7669-403d-bb78-3cd7f9f75afd', 'usr_264');
INSERT INTO trabalho.comentarios_podcast_usuario VALUES ('comment_264_1_0', 'Et magnam ut.', '7e429e8e-7669-403d-bb78-3cd7f9f75afd', 'usr_264');
INSERT INTO trabalho.log_acesso VALUES ('log_264_0_0', '7e429e8e-7669-403d-bb78-3cd7f9f75afd', 'usr_264');
INSERT INTO trabalho.log_acesso VALUES ('log_264_1_0', '7e429e8e-7669-403d-bb78-3cd7f9f75afd', 'usr_264');
INSERT INTO trabalho.usuario_esta_inscrito_no_podcast VALUES (0, 'de2f0ddb-9903-436a-a5e2-54224254c818', 'usr_264');
INSERT INTO trabalho.comentarios_podcast_usuario VALUES ('comment_264_0_1', 'Reiciendis assumenda reiciendis totam aut ea voluptas architecto.', 'de2f0ddb-9903-436a-a5e2-54224254c818', 'usr_264');
INSERT INTO trabalho.comentarios_podcast_usuario VALUES ('comment_264_1_1', 'Quidem corporis delectus nihil in.', 'de2f0ddb-9903-436a-a5e2-54224254c818', 'usr_264');
INSERT INTO trabalho.comentarios_podcast_usuario VALUES ('comment_264_2_1', 'Perferendis sunt iste qui et perferendis consequatur ut modi ipsa.', 'de2f0ddb-9903-436a-a5e2-54224254c818', 'usr_264');
INSERT INTO trabalho.comentarios_podcast_usuario VALUES ('comment_264_3_1', 'Tempora tempora qui nesciunt eius quo inventore minima.', 'de2f0ddb-9903-436a-a5e2-54224254c818', 'usr_264');
INSERT INTO trabalho.log_acesso VALUES ('log_264_0_1', 'de2f0ddb-9903-436a-a5e2-54224254c818', 'usr_264');
INSERT INTO trabalho.usuario_esta_inscrito_no_podcast VALUES (0, '219328a1-cec6-4e8c-b003-52a3ec9766bb', 'usr_264');
INSERT INTO trabalho.comentarios_podcast_usuario VALUES ('comment_264_0_2', 'Corrupti quia quia dolorem quod debitis ratione nemo consequatur quia.', '219328a1-cec6-4e8c-b003-52a3ec9766bb', 'usr_264');
INSERT INTO trabalho.comentarios_podcast_usuario VALUES ('comment_264_1_2', 'Voluptatem modi consequatur sed autem rem.', '219328a1-cec6-4e8c-b003-52a3ec9766bb', 'usr_264');
INSERT INTO trabalho.comentarios_podcast_usuario VALUES ('comment_264_2_2', 'Commodi tempora a.', '219328a1-cec6-4e8c-b003-52a3ec9766bb', 'usr_264');
INSERT INTO trabalho.comentarios_podcast_usuario VALUES ('comment_264_3_2', 'Aut iusto iure nostrum voluptatem.', '219328a1-cec6-4e8c-b003-52a3ec9766bb', 'usr_264');
INSERT INTO trabalho.log_acesso VALUES ('log_264_0_2', '219328a1-cec6-4e8c-b003-52a3ec9766bb', 'usr_264');
INSERT INTO trabalho.log_acesso VALUES ('log_264_1_2', '219328a1-cec6-4e8c-b003-52a3ec9766bb', 'usr_264');
INSERT INTO trabalho.log_acesso VALUES ('log_264_2_2', '219328a1-cec6-4e8c-b003-52a3ec9766bb', 'usr_264');
INSERT INTO trabalho.usuario VALUES ('usr_265', '265_MariaClara_Carvalho51@gmail.com', 'Maria Clara Carvalho', 'female', 16, 'password', 'Montenegro');
INSERT INTO trabalho.usuario_esta_inscrito_no_podcast VALUES (2, '5bdf7377-8330-4f9f-8efd-e95301c122ce', 'usr_265');
INSERT INTO trabalho.comentarios_podcast_usuario VALUES ('comment_265_0_0', 'Rerum id eum.', '5bdf7377-8330-4f9f-8efd-e95301c122ce', 'usr_265');
INSERT INTO trabalho.comentarios_podcast_usuario VALUES ('comment_265_1_0', 'Veniam amet autem et autem ab labore magni necessitatibus fugiat.', '5bdf7377-8330-4f9f-8efd-e95301c122ce', 'usr_265');
INSERT INTO trabalho.log_acesso VALUES ('log_265_0_0', '5bdf7377-8330-4f9f-8efd-e95301c122ce', 'usr_265');
INSERT INTO trabalho.log_acesso VALUES ('log_265_1_0', '5bdf7377-8330-4f9f-8efd-e95301c122ce', 'usr_265');
INSERT INTO trabalho.log_acesso VALUES ('log_265_2_0', '5bdf7377-8330-4f9f-8efd-e95301c122ce', 'usr_265');
INSERT INTO trabalho.log_acesso VALUES ('log_265_3_0', '5bdf7377-8330-4f9f-8efd-e95301c122ce', 'usr_265');
INSERT INTO trabalho.usuario_esta_inscrito_no_podcast VALUES (4, 'de2f0ddb-9903-436a-a5e2-54224254c818', 'usr_265');
INSERT INTO trabalho.comentarios_podcast_usuario VALUES ('comment_265_0_1', 'Corporis aut dicta omnis.', 'de2f0ddb-9903-436a-a5e2-54224254c818', 'usr_265');
INSERT INTO trabalho.comentarios_podcast_usuario VALUES ('comment_265_1_1', 'Et debitis ut iusto sed.', 'de2f0ddb-9903-436a-a5e2-54224254c818', 'usr_265');
INSERT INTO trabalho.log_acesso VALUES ('log_265_0_1', 'de2f0ddb-9903-436a-a5e2-54224254c818', 'usr_265');
INSERT INTO trabalho.log_acesso VALUES ('log_265_1_1', 'de2f0ddb-9903-436a-a5e2-54224254c818', 'usr_265');
INSERT INTO trabalho.log_acesso VALUES ('log_265_2_1', 'de2f0ddb-9903-436a-a5e2-54224254c818', 'usr_265');
INSERT INTO trabalho.log_acesso VALUES ('log_265_3_1', 'de2f0ddb-9903-436a-a5e2-54224254c818', 'usr_265');
INSERT INTO trabalho.log_acesso VALUES ('log_265_4_1', 'de2f0ddb-9903-436a-a5e2-54224254c818', 'usr_265');
INSERT INTO trabalho.usuario_esta_inscrito_no_podcast VALUES (4, '219328a1-cec6-4e8c-b003-52a3ec9766bb', 'usr_265');
INSERT INTO trabalho.comentarios_podcast_usuario VALUES ('comment_265_0_2', 'Qui eum dolor dolore.', '219328a1-cec6-4e8c-b003-52a3ec9766bb', 'usr_265');
INSERT INTO trabalho.comentarios_podcast_usuario VALUES ('comment_265_1_2', 'Necessitatibus cum nam nihil sit.', '219328a1-cec6-4e8c-b003-52a3ec9766bb', 'usr_265');
INSERT INTO trabalho.log_acesso VALUES ('log_265_0_2', '219328a1-cec6-4e8c-b003-52a3ec9766bb', 'usr_265');
INSERT INTO trabalho.log_acesso VALUES ('log_265_1_2', '219328a1-cec6-4e8c-b003-52a3ec9766bb', 'usr_265');
INSERT INTO trabalho.log_acesso VALUES ('log_265_2_2', '219328a1-cec6-4e8c-b003-52a3ec9766bb', 'usr_265');
INSERT INTO trabalho.usuario VALUES ('usr_266', '266_Janana22@yahoo.com', 'Janaína Nogueira', 'female', 39, 'password', 'Vaticano');
INSERT INTO trabalho.usuario_esta_inscrito_no_podcast VALUES (3, '219328a1-cec6-4e8c-b003-52a3ec9766bb', 'usr_266');
INSERT INTO trabalho.comentarios_podcast_usuario VALUES ('comment_266_0_0', 'Numquam saepe ipsa tenetur qui.', '219328a1-cec6-4e8c-b003-52a3ec9766bb', 'usr_266');
INSERT INTO trabalho.comentarios_podcast_usuario VALUES ('comment_266_1_0', 'Voluptas laborum quia molestias placeat fuga non harum alias omnis.', '219328a1-cec6-4e8c-b003-52a3ec9766bb', 'usr_266');
INSERT INTO trabalho.comentarios_podcast_usuario VALUES ('comment_266_2_0', 'Est consequatur maxime ut sed ea aliquid.', '219328a1-cec6-4e8c-b003-52a3ec9766bb', 'usr_266');
INSERT INTO trabalho.comentarios_podcast_usuario VALUES ('comment_266_3_0', 'Illum possimus neque a fuga dignissimos.', '219328a1-cec6-4e8c-b003-52a3ec9766bb', 'usr_266');
INSERT INTO trabalho.comentarios_podcast_usuario VALUES ('comment_266_4_0', 'Veniam qui officiis.', '219328a1-cec6-4e8c-b003-52a3ec9766bb', 'usr_266');
INSERT INTO trabalho.log_acesso VALUES ('log_266_0_0', '219328a1-cec6-4e8c-b003-52a3ec9766bb', 'usr_266');
INSERT INTO trabalho.log_acesso VALUES ('log_266_1_0', '219328a1-cec6-4e8c-b003-52a3ec9766bb', 'usr_266');
INSERT INTO trabalho.log_acesso VALUES ('log_266_2_0', '219328a1-cec6-4e8c-b003-52a3ec9766bb', 'usr_266');
INSERT INTO trabalho.log_acesso VALUES ('log_266_3_0', '219328a1-cec6-4e8c-b003-52a3ec9766bb', 'usr_266');
INSERT INTO trabalho.log_acesso VALUES ('log_266_4_0', '219328a1-cec6-4e8c-b003-52a3ec9766bb', 'usr_266');
INSERT INTO trabalho.log_acesso VALUES ('log_266_5_0', '219328a1-cec6-4e8c-b003-52a3ec9766bb', 'usr_266');
INSERT INTO trabalho.log_acesso VALUES ('log_266_6_0', '219328a1-cec6-4e8c-b003-52a3ec9766bb', 'usr_266');
INSERT INTO trabalho.usuario_esta_inscrito_no_podcast VALUES (5, 'b553d865-8fe2-47de-9a30-10e1dea3bd1d', 'usr_266');
INSERT INTO trabalho.comentarios_podcast_usuario VALUES ('comment_266_0_1', 'Omnis quidem sit et a id possimus rerum.', 'b553d865-8fe2-47de-9a30-10e1dea3bd1d', 'usr_266');
INSERT INTO trabalho.comentarios_podcast_usuario VALUES ('comment_266_1_1', 'Voluptatem necessitatibus est perferendis aut perferendis.', 'b553d865-8fe2-47de-9a30-10e1dea3bd1d', 'usr_266');
INSERT INTO trabalho.log_acesso VALUES ('log_266_0_1', 'b553d865-8fe2-47de-9a30-10e1dea3bd1d', 'usr_266');
INSERT INTO trabalho.log_acesso VALUES ('log_266_1_1', 'b553d865-8fe2-47de-9a30-10e1dea3bd1d', 'usr_266');
INSERT INTO trabalho.log_acesso VALUES ('log_266_2_1', 'b553d865-8fe2-47de-9a30-10e1dea3bd1d', 'usr_266');
INSERT INTO trabalho.log_acesso VALUES ('log_266_3_1', 'b553d865-8fe2-47de-9a30-10e1dea3bd1d', 'usr_266');
INSERT INTO trabalho.log_acesso VALUES ('log_266_4_1', 'b553d865-8fe2-47de-9a30-10e1dea3bd1d', 'usr_266');
INSERT INTO trabalho.usuario_esta_inscrito_no_podcast VALUES (5, 'f0166bd2-8e4d-4308-b5d7-0b3d627c5dc5', 'usr_266');
INSERT INTO trabalho.comentarios_podcast_usuario VALUES ('comment_266_0_2', 'Sit repellendus aut doloremque qui esse.', 'f0166bd2-8e4d-4308-b5d7-0b3d627c5dc5', 'usr_266');
INSERT INTO trabalho.log_acesso VALUES ('log_266_0_2', 'f0166bd2-8e4d-4308-b5d7-0b3d627c5dc5', 'usr_266');
INSERT INTO trabalho.log_acesso VALUES ('log_266_1_2', 'f0166bd2-8e4d-4308-b5d7-0b3d627c5dc5', 'usr_266');
INSERT INTO trabalho.log_acesso VALUES ('log_266_2_2', 'f0166bd2-8e4d-4308-b5d7-0b3d627c5dc5', 'usr_266');
INSERT INTO trabalho.log_acesso VALUES ('log_266_3_2', 'f0166bd2-8e4d-4308-b5d7-0b3d627c5dc5', 'usr_266');
INSERT INTO trabalho.usuario VALUES ('usr_267', '267_Elsio_Batista85@live.com', 'Elísio Batista', 'male', 25, 'password', 'Argentina');
INSERT INTO trabalho.usuario_esta_inscrito_no_podcast VALUES (5, 'f0166bd2-8e4d-4308-b5d7-0b3d627c5dc5', 'usr_267');
INSERT INTO trabalho.comentarios_podcast_usuario VALUES ('comment_267_0_0', 'Ut rerum temporibus itaque eius atque blanditiis sed quam.', 'f0166bd2-8e4d-4308-b5d7-0b3d627c5dc5', 'usr_267');
INSERT INTO trabalho.comentarios_podcast_usuario VALUES ('comment_267_1_0', 'Deleniti quia voluptates dolor enim possimus assumenda iusto sed.', 'f0166bd2-8e4d-4308-b5d7-0b3d627c5dc5', 'usr_267');
INSERT INTO trabalho.comentarios_podcast_usuario VALUES ('comment_267_2_0', 'Sed accusamus nihil ipsum aut omnis sed ut sit.', 'f0166bd2-8e4d-4308-b5d7-0b3d627c5dc5', 'usr_267');
INSERT INTO trabalho.log_acesso VALUES ('log_267_0_0', 'f0166bd2-8e4d-4308-b5d7-0b3d627c5dc5', 'usr_267');
INSERT INTO trabalho.log_acesso VALUES ('log_267_1_0', 'f0166bd2-8e4d-4308-b5d7-0b3d627c5dc5', 'usr_267');
INSERT INTO trabalho.log_acesso VALUES ('log_267_2_0', 'f0166bd2-8e4d-4308-b5d7-0b3d627c5dc5', 'usr_267');
INSERT INTO trabalho.usuario_esta_inscrito_no_podcast VALUES (4, 'c58b280a-56d4-4ad8-8c85-730e4ea86361', 'usr_267');
INSERT INTO trabalho.comentarios_podcast_usuario VALUES ('comment_267_0_1', 'Illum sunt enim quasi.', 'c58b280a-56d4-4ad8-8c85-730e4ea86361', 'usr_267');
INSERT INTO trabalho.comentarios_podcast_usuario VALUES ('comment_267_1_1', 'In numquam et.', 'c58b280a-56d4-4ad8-8c85-730e4ea86361', 'usr_267');
INSERT INTO trabalho.comentarios_podcast_usuario VALUES ('comment_267_2_1', 'Dolorum nemo ea dolorum at quos.', 'c58b280a-56d4-4ad8-8c85-730e4ea86361', 'usr_267');
INSERT INTO trabalho.log_acesso VALUES ('log_267_0_1', 'c58b280a-56d4-4ad8-8c85-730e4ea86361', 'usr_267');
INSERT INTO trabalho.usuario_esta_inscrito_no_podcast VALUES (3, 'bc8dac25-793c-4a96-aafc-4ea7020f4f60', 'usr_267');
INSERT INTO trabalho.comentarios_podcast_usuario VALUES ('comment_267_0_2', 'Quas incidunt quo.', 'bc8dac25-793c-4a96-aafc-4ea7020f4f60', 'usr_267');
INSERT INTO trabalho.comentarios_podcast_usuario VALUES ('comment_267_1_2', 'Culpa laudantium voluptatum.', 'bc8dac25-793c-4a96-aafc-4ea7020f4f60', 'usr_267');
INSERT INTO trabalho.comentarios_podcast_usuario VALUES ('comment_267_2_2', 'Qui non adipisci quia est odit vel id cumque adipisci.', 'bc8dac25-793c-4a96-aafc-4ea7020f4f60', 'usr_267');
INSERT INTO trabalho.comentarios_podcast_usuario VALUES ('comment_267_3_2', 'Porro laboriosam quas.', 'bc8dac25-793c-4a96-aafc-4ea7020f4f60', 'usr_267');
INSERT INTO trabalho.comentarios_podcast_usuario VALUES ('comment_267_4_2', 'Mollitia beatae ut excepturi sint voluptatem et placeat incidunt.', 'bc8dac25-793c-4a96-aafc-4ea7020f4f60', 'usr_267');
INSERT INTO trabalho.log_acesso VALUES ('log_267_0_2', 'bc8dac25-793c-4a96-aafc-4ea7020f4f60', 'usr_267');
INSERT INTO trabalho.log_acesso VALUES ('log_267_1_2', 'bc8dac25-793c-4a96-aafc-4ea7020f4f60', 'usr_267');
INSERT INTO trabalho.log_acesso VALUES ('log_267_2_2', 'bc8dac25-793c-4a96-aafc-4ea7020f4f60', 'usr_267');
INSERT INTO trabalho.usuario VALUES ('usr_268', '268_Marcela_Carvalho@bol.com.br', 'Marcela Carvalho', 'female', 25, 'password', 'Polônia');
INSERT INTO trabalho.usuario_esta_inscrito_no_podcast VALUES (2, '5bdf7377-8330-4f9f-8efd-e95301c122ce', 'usr_268');
INSERT INTO trabalho.comentarios_podcast_usuario VALUES ('comment_268_0_0', 'Blanditiis aliquid placeat dolores placeat ut laboriosam ipsam.', '5bdf7377-8330-4f9f-8efd-e95301c122ce', 'usr_268');
INSERT INTO trabalho.comentarios_podcast_usuario VALUES ('comment_268_1_0', 'Eos sit odit quidem qui eius.', '5bdf7377-8330-4f9f-8efd-e95301c122ce', 'usr_268');
INSERT INTO trabalho.comentarios_podcast_usuario VALUES ('comment_268_2_0', 'Iure architecto expedita aut exercitationem doloremque veritatis ut.', '5bdf7377-8330-4f9f-8efd-e95301c122ce', 'usr_268');
INSERT INTO trabalho.comentarios_podcast_usuario VALUES ('comment_268_3_0', 'Velit veniam quasi aut blanditiis suscipit quae enim magni.', '5bdf7377-8330-4f9f-8efd-e95301c122ce', 'usr_268');
INSERT INTO trabalho.log_acesso VALUES ('log_268_0_0', '5bdf7377-8330-4f9f-8efd-e95301c122ce', 'usr_268');
INSERT INTO trabalho.log_acesso VALUES ('log_268_1_0', '5bdf7377-8330-4f9f-8efd-e95301c122ce', 'usr_268');
INSERT INTO trabalho.log_acesso VALUES ('log_268_2_0', '5bdf7377-8330-4f9f-8efd-e95301c122ce', 'usr_268');
INSERT INTO trabalho.log_acesso VALUES ('log_268_3_0', '5bdf7377-8330-4f9f-8efd-e95301c122ce', 'usr_268');
INSERT INTO trabalho.log_acesso VALUES ('log_268_4_0', '5bdf7377-8330-4f9f-8efd-e95301c122ce', 'usr_268');
INSERT INTO trabalho.usuario_esta_inscrito_no_podcast VALUES (4, '67074e68-bc2f-442b-8af2-7d328b6af6eb', 'usr_268');
INSERT INTO trabalho.comentarios_podcast_usuario VALUES ('comment_268_0_1', 'Error quia nihil est debitis quia.', '67074e68-bc2f-442b-8af2-7d328b6af6eb', 'usr_268');
INSERT INTO trabalho.comentarios_podcast_usuario VALUES ('comment_268_1_1', 'Quia iure maiores ratione hic consequatur dolorum qui sit.', '67074e68-bc2f-442b-8af2-7d328b6af6eb', 'usr_268');
INSERT INTO trabalho.comentarios_podcast_usuario VALUES ('comment_268_2_1', 'Vel eligendi dolores repudiandae magnam ut minima molestiae.', '67074e68-bc2f-442b-8af2-7d328b6af6eb', 'usr_268');
INSERT INTO trabalho.log_acesso VALUES ('log_268_0_1', '67074e68-bc2f-442b-8af2-7d328b6af6eb', 'usr_268');
INSERT INTO trabalho.log_acesso VALUES ('log_268_1_1', '67074e68-bc2f-442b-8af2-7d328b6af6eb', 'usr_268');
INSERT INTO trabalho.log_acesso VALUES ('log_268_2_1', '67074e68-bc2f-442b-8af2-7d328b6af6eb', 'usr_268');
INSERT INTO trabalho.log_acesso VALUES ('log_268_3_1', '67074e68-bc2f-442b-8af2-7d328b6af6eb', 'usr_268');
INSERT INTO trabalho.usuario_esta_inscrito_no_podcast VALUES (0, 'f1b92ce7-47a7-43cd-8586-4a09185cdd05', 'usr_268');
INSERT INTO trabalho.comentarios_podcast_usuario VALUES ('comment_268_0_2', 'Voluptas tenetur voluptatem alias.', 'f1b92ce7-47a7-43cd-8586-4a09185cdd05', 'usr_268');
INSERT INTO trabalho.comentarios_podcast_usuario VALUES ('comment_268_1_2', 'Sit rem molestiae enim mollitia non velit magnam vel pariatur.', 'f1b92ce7-47a7-43cd-8586-4a09185cdd05', 'usr_268');
INSERT INTO trabalho.comentarios_podcast_usuario VALUES ('comment_268_2_2', 'Dolorum commodi quo cum porro at nam repudiandae.', 'f1b92ce7-47a7-43cd-8586-4a09185cdd05', 'usr_268');
INSERT INTO trabalho.comentarios_podcast_usuario VALUES ('comment_268_3_2', 'Quis consequatur laboriosam sit quod dolorem.', 'f1b92ce7-47a7-43cd-8586-4a09185cdd05', 'usr_268');
INSERT INTO trabalho.comentarios_podcast_usuario VALUES ('comment_268_4_2', 'Voluptatibus qui dolorem.', 'f1b92ce7-47a7-43cd-8586-4a09185cdd05', 'usr_268');
INSERT INTO trabalho.comentarios_podcast_usuario VALUES ('comment_268_5_2', 'Excepturi velit alias omnis soluta earum minima rerum voluptatum velit.', 'f1b92ce7-47a7-43cd-8586-4a09185cdd05', 'usr_268');
INSERT INTO trabalho.log_acesso VALUES ('log_268_0_2', 'f1b92ce7-47a7-43cd-8586-4a09185cdd05', 'usr_268');
INSERT INTO trabalho.log_acesso VALUES ('log_268_1_2', 'f1b92ce7-47a7-43cd-8586-4a09185cdd05', 'usr_268');
INSERT INTO trabalho.log_acesso VALUES ('log_268_2_2', 'f1b92ce7-47a7-43cd-8586-4a09185cdd05', 'usr_268');
INSERT INTO trabalho.usuario VALUES ('usr_269', '269_Lorena_Xavier68@bol.com.br', 'Lorena Xavier', 'female', 22, 'password', 'França');
INSERT INTO trabalho.usuario_esta_inscrito_no_podcast VALUES (5, 'bc8dac25-793c-4a96-aafc-4ea7020f4f60', 'usr_269');
INSERT INTO trabalho.comentarios_podcast_usuario VALUES ('comment_269_0_0', 'Aut ea ullam inventore quisquam aut ea.', 'bc8dac25-793c-4a96-aafc-4ea7020f4f60', 'usr_269');
INSERT INTO trabalho.comentarios_podcast_usuario VALUES ('comment_269_1_0', 'Excepturi voluptatem quia dolorum et ut.', 'bc8dac25-793c-4a96-aafc-4ea7020f4f60', 'usr_269');
INSERT INTO trabalho.comentarios_podcast_usuario VALUES ('comment_269_2_0', 'Omnis autem maiores.', 'bc8dac25-793c-4a96-aafc-4ea7020f4f60', 'usr_269');
INSERT INTO trabalho.comentarios_podcast_usuario VALUES ('comment_269_3_0', 'Saepe occaecati totam autem commodi quae sunt magni.', 'bc8dac25-793c-4a96-aafc-4ea7020f4f60', 'usr_269');
INSERT INTO trabalho.comentarios_podcast_usuario VALUES ('comment_269_4_0', 'Fugit est ut.', 'bc8dac25-793c-4a96-aafc-4ea7020f4f60', 'usr_269');
INSERT INTO trabalho.log_acesso VALUES ('log_269_0_0', 'bc8dac25-793c-4a96-aafc-4ea7020f4f60', 'usr_269');
INSERT INTO trabalho.log_acesso VALUES ('log_269_1_0', 'bc8dac25-793c-4a96-aafc-4ea7020f4f60', 'usr_269');
INSERT INTO trabalho.log_acesso VALUES ('log_269_2_0', 'bc8dac25-793c-4a96-aafc-4ea7020f4f60', 'usr_269');
INSERT INTO trabalho.usuario_esta_inscrito_no_podcast VALUES (2, '7e429e8e-7669-403d-bb78-3cd7f9f75afd', 'usr_269');
INSERT INTO trabalho.comentarios_podcast_usuario VALUES ('comment_269_0_1', 'Dolor aperiam et voluptas tempore qui.', '7e429e8e-7669-403d-bb78-3cd7f9f75afd', 'usr_269');
INSERT INTO trabalho.comentarios_podcast_usuario VALUES ('comment_269_1_1', 'Dolores neque consectetur laudantium natus est qui.', '7e429e8e-7669-403d-bb78-3cd7f9f75afd', 'usr_269');
INSERT INTO trabalho.log_acesso VALUES ('log_269_0_1', '7e429e8e-7669-403d-bb78-3cd7f9f75afd', 'usr_269');
INSERT INTO trabalho.log_acesso VALUES ('log_269_1_1', '7e429e8e-7669-403d-bb78-3cd7f9f75afd', 'usr_269');
INSERT INTO trabalho.log_acesso VALUES ('log_269_2_1', '7e429e8e-7669-403d-bb78-3cd7f9f75afd', 'usr_269');
INSERT INTO trabalho.usuario_esta_inscrito_no_podcast VALUES (3, 'b553d865-8fe2-47de-9a30-10e1dea3bd1d', 'usr_269');
INSERT INTO trabalho.comentarios_podcast_usuario VALUES ('comment_269_0_2', 'Illum deleniti rerum qui hic voluptatem.', 'b553d865-8fe2-47de-9a30-10e1dea3bd1d', 'usr_269');
INSERT INTO trabalho.comentarios_podcast_usuario VALUES ('comment_269_1_2', 'Accusantium quidem eum velit.', 'b553d865-8fe2-47de-9a30-10e1dea3bd1d', 'usr_269');
INSERT INTO trabalho.log_acesso VALUES ('log_269_0_2', 'b553d865-8fe2-47de-9a30-10e1dea3bd1d', 'usr_269');
INSERT INTO trabalho.log_acesso VALUES ('log_269_1_2', 'b553d865-8fe2-47de-9a30-10e1dea3bd1d', 'usr_269');
INSERT INTO trabalho.log_acesso VALUES ('log_269_2_2', 'b553d865-8fe2-47de-9a30-10e1dea3bd1d', 'usr_269');
INSERT INTO trabalho.log_acesso VALUES ('log_269_3_2', 'b553d865-8fe2-47de-9a30-10e1dea3bd1d', 'usr_269');
INSERT INTO trabalho.usuario VALUES ('usr_270', '270_Maria58@live.com', 'Maria Martins', 'female', 45, 'password', 'Iêmen');
INSERT INTO trabalho.usuario_esta_inscrito_no_podcast VALUES (3, 'af46a958-b921-47b6-9f87-5c4fdc68ea79', 'usr_270');
INSERT INTO trabalho.comentarios_podcast_usuario VALUES ('comment_270_0_0', 'Et quam dolores.', 'af46a958-b921-47b6-9f87-5c4fdc68ea79', 'usr_270');
INSERT INTO trabalho.comentarios_podcast_usuario VALUES ('comment_270_1_0', 'Totam mollitia reiciendis sequi enim quia quidem aut culpa quis.', 'af46a958-b921-47b6-9f87-5c4fdc68ea79', 'usr_270');
INSERT INTO trabalho.comentarios_podcast_usuario VALUES ('comment_270_2_0', 'Et est aut vel earum voluptatem qui.', 'af46a958-b921-47b6-9f87-5c4fdc68ea79', 'usr_270');
INSERT INTO trabalho.log_acesso VALUES ('log_270_0_0', 'af46a958-b921-47b6-9f87-5c4fdc68ea79', 'usr_270');
INSERT INTO trabalho.log_acesso VALUES ('log_270_1_0', 'af46a958-b921-47b6-9f87-5c4fdc68ea79', 'usr_270');
INSERT INTO trabalho.log_acesso VALUES ('log_270_2_0', 'af46a958-b921-47b6-9f87-5c4fdc68ea79', 'usr_270');
INSERT INTO trabalho.log_acesso VALUES ('log_270_3_0', 'af46a958-b921-47b6-9f87-5c4fdc68ea79', 'usr_270');
INSERT INTO trabalho.log_acesso VALUES ('log_270_4_0', 'af46a958-b921-47b6-9f87-5c4fdc68ea79', 'usr_270');
INSERT INTO trabalho.usuario_esta_inscrito_no_podcast VALUES (1, '5bdf7377-8330-4f9f-8efd-e95301c122ce', 'usr_270');
INSERT INTO trabalho.comentarios_podcast_usuario VALUES ('comment_270_0_1', 'Magni quis voluptatem qui ea accusantium earum non.', '5bdf7377-8330-4f9f-8efd-e95301c122ce', 'usr_270');
INSERT INTO trabalho.comentarios_podcast_usuario VALUES ('comment_270_1_1', 'Et porro corrupti a.', '5bdf7377-8330-4f9f-8efd-e95301c122ce', 'usr_270');
INSERT INTO trabalho.log_acesso VALUES ('log_270_0_1', '5bdf7377-8330-4f9f-8efd-e95301c122ce', 'usr_270');
INSERT INTO trabalho.log_acesso VALUES ('log_270_1_1', '5bdf7377-8330-4f9f-8efd-e95301c122ce', 'usr_270');
INSERT INTO trabalho.log_acesso VALUES ('log_270_2_1', '5bdf7377-8330-4f9f-8efd-e95301c122ce', 'usr_270');
INSERT INTO trabalho.log_acesso VALUES ('log_270_3_1', '5bdf7377-8330-4f9f-8efd-e95301c122ce', 'usr_270');
INSERT INTO trabalho.log_acesso VALUES ('log_270_4_1', '5bdf7377-8330-4f9f-8efd-e95301c122ce', 'usr_270');
INSERT INTO trabalho.usuario_esta_inscrito_no_podcast VALUES (2, '67074e68-bc2f-442b-8af2-7d328b6af6eb', 'usr_270');
INSERT INTO trabalho.comentarios_podcast_usuario VALUES ('comment_270_0_2', 'Consequatur eum ut dolor aut libero.', '67074e68-bc2f-442b-8af2-7d328b6af6eb', 'usr_270');
INSERT INTO trabalho.comentarios_podcast_usuario VALUES ('comment_270_1_2', 'Harum esse maiores ratione quia.', '67074e68-bc2f-442b-8af2-7d328b6af6eb', 'usr_270');
INSERT INTO trabalho.comentarios_podcast_usuario VALUES ('comment_270_2_2', 'Quas sunt rerum ipsum nulla.', '67074e68-bc2f-442b-8af2-7d328b6af6eb', 'usr_270');
INSERT INTO trabalho.comentarios_podcast_usuario VALUES ('comment_270_3_2', 'Aliquam ex quaerat autem omnis est sed tempora et.', '67074e68-bc2f-442b-8af2-7d328b6af6eb', 'usr_270');
INSERT INTO trabalho.comentarios_podcast_usuario VALUES ('comment_270_4_2', 'Est ut enim ea saepe qui sunt.', '67074e68-bc2f-442b-8af2-7d328b6af6eb', 'usr_270');
INSERT INTO trabalho.log_acesso VALUES ('log_270_0_2', '67074e68-bc2f-442b-8af2-7d328b6af6eb', 'usr_270');
INSERT INTO trabalho.log_acesso VALUES ('log_270_1_2', '67074e68-bc2f-442b-8af2-7d328b6af6eb', 'usr_270');
INSERT INTO trabalho.usuario VALUES ('usr_271', '271_Jlio95@gmail.com', 'Júlio Albuquerque', 'male', 16, 'password', 'Montenegro');
INSERT INTO trabalho.usuario_esta_inscrito_no_podcast VALUES (4, '168c1536-4c42-4b8f-8c77-f06affefec6a', 'usr_271');
INSERT INTO trabalho.comentarios_podcast_usuario VALUES ('comment_271_0_0', 'Ex consequuntur repellat soluta aliquam eos voluptatibus praesentium.', '168c1536-4c42-4b8f-8c77-f06affefec6a', 'usr_271');
INSERT INTO trabalho.comentarios_podcast_usuario VALUES ('comment_271_1_0', 'Reiciendis non qui perferendis eum consequuntur in.', '168c1536-4c42-4b8f-8c77-f06affefec6a', 'usr_271');
INSERT INTO trabalho.comentarios_podcast_usuario VALUES ('comment_271_2_0', 'Molestias deserunt aperiam est rerum repellendus quasi voluptas.', '168c1536-4c42-4b8f-8c77-f06affefec6a', 'usr_271');
INSERT INTO trabalho.comentarios_podcast_usuario VALUES ('comment_271_3_0', 'Ex repellendus sit aut molestias quos modi quae autem quo.', '168c1536-4c42-4b8f-8c77-f06affefec6a', 'usr_271');
INSERT INTO trabalho.comentarios_podcast_usuario VALUES ('comment_271_4_0', 'Numquam qui occaecati asperiores voluptatem quos aut illum.', '168c1536-4c42-4b8f-8c77-f06affefec6a', 'usr_271');
INSERT INTO trabalho.log_acesso VALUES ('log_271_0_0', '168c1536-4c42-4b8f-8c77-f06affefec6a', 'usr_271');
INSERT INTO trabalho.log_acesso VALUES ('log_271_1_0', '168c1536-4c42-4b8f-8c77-f06affefec6a', 'usr_271');
INSERT INTO trabalho.log_acesso VALUES ('log_271_2_0', '168c1536-4c42-4b8f-8c77-f06affefec6a', 'usr_271');
INSERT INTO trabalho.log_acesso VALUES ('log_271_3_0', '168c1536-4c42-4b8f-8c77-f06affefec6a', 'usr_271');
INSERT INTO trabalho.log_acesso VALUES ('log_271_4_0', '168c1536-4c42-4b8f-8c77-f06affefec6a', 'usr_271');
INSERT INTO trabalho.usuario_esta_inscrito_no_podcast VALUES (2, '5bdf7377-8330-4f9f-8efd-e95301c122ce', 'usr_271');
INSERT INTO trabalho.comentarios_podcast_usuario VALUES ('comment_271_0_1', 'Unde nisi repellat quae a.', '5bdf7377-8330-4f9f-8efd-e95301c122ce', 'usr_271');
INSERT INTO trabalho.comentarios_podcast_usuario VALUES ('comment_271_1_1', 'Dolor iusto tempora aut laboriosam est officia.', '5bdf7377-8330-4f9f-8efd-e95301c122ce', 'usr_271');
INSERT INTO trabalho.comentarios_podcast_usuario VALUES ('comment_271_2_1', 'Corrupti explicabo eligendi repellendus aut provident aut sunt fuga ut.', '5bdf7377-8330-4f9f-8efd-e95301c122ce', 'usr_271');
INSERT INTO trabalho.log_acesso VALUES ('log_271_0_1', '5bdf7377-8330-4f9f-8efd-e95301c122ce', 'usr_271');
INSERT INTO trabalho.log_acesso VALUES ('log_271_1_1', '5bdf7377-8330-4f9f-8efd-e95301c122ce', 'usr_271');
INSERT INTO trabalho.log_acesso VALUES ('log_271_2_1', '5bdf7377-8330-4f9f-8efd-e95301c122ce', 'usr_271');
INSERT INTO trabalho.log_acesso VALUES ('log_271_3_1', '5bdf7377-8330-4f9f-8efd-e95301c122ce', 'usr_271');
INSERT INTO trabalho.usuario_esta_inscrito_no_podcast VALUES (3, 'af46a958-b921-47b6-9f87-5c4fdc68ea79', 'usr_271');
INSERT INTO trabalho.comentarios_podcast_usuario VALUES ('comment_271_0_2', 'Tenetur qui unde magnam.', 'af46a958-b921-47b6-9f87-5c4fdc68ea79', 'usr_271');
INSERT INTO trabalho.comentarios_podcast_usuario VALUES ('comment_271_1_2', 'Non aliquam impedit provident doloribus odit.', 'af46a958-b921-47b6-9f87-5c4fdc68ea79', 'usr_271');
INSERT INTO trabalho.comentarios_podcast_usuario VALUES ('comment_271_2_2', 'Inventore et nam eaque aut neque ad unde dolorem.', 'af46a958-b921-47b6-9f87-5c4fdc68ea79', 'usr_271');
INSERT INTO trabalho.comentarios_podcast_usuario VALUES ('comment_271_3_2', 'Magnam natus explicabo et officiis culpa et qui occaecati non.', 'af46a958-b921-47b6-9f87-5c4fdc68ea79', 'usr_271');
INSERT INTO trabalho.comentarios_podcast_usuario VALUES ('comment_271_4_2', 'Eos ut deleniti.', 'af46a958-b921-47b6-9f87-5c4fdc68ea79', 'usr_271');
INSERT INTO trabalho.log_acesso VALUES ('log_271_0_2', 'af46a958-b921-47b6-9f87-5c4fdc68ea79', 'usr_271');
INSERT INTO trabalho.log_acesso VALUES ('log_271_1_2', 'af46a958-b921-47b6-9f87-5c4fdc68ea79', 'usr_271');
INSERT INTO trabalho.log_acesso VALUES ('log_271_2_2', 'af46a958-b921-47b6-9f87-5c4fdc68ea79', 'usr_271');
INSERT INTO trabalho.log_acesso VALUES ('log_271_3_2', 'af46a958-b921-47b6-9f87-5c4fdc68ea79', 'usr_271');
INSERT INTO trabalho.log_acesso VALUES ('log_271_4_2', 'af46a958-b921-47b6-9f87-5c4fdc68ea79', 'usr_271');
INSERT INTO trabalho.usuario VALUES ('usr_272', '272_Tho.Albuquerque32@bol.com.br', 'Théo Albuquerque', 'male', 18, 'password', 'Peru');
INSERT INTO trabalho.usuario_esta_inscrito_no_podcast VALUES (5, '219328a1-cec6-4e8c-b003-52a3ec9766bb', 'usr_272');
INSERT INTO trabalho.comentarios_podcast_usuario VALUES ('comment_272_0_0', 'Blanditiis maiores iusto.', '219328a1-cec6-4e8c-b003-52a3ec9766bb', 'usr_272');
INSERT INTO trabalho.comentarios_podcast_usuario VALUES ('comment_272_1_0', 'Ut sunt est voluptatem porro consequatur eum suscipit et.', '219328a1-cec6-4e8c-b003-52a3ec9766bb', 'usr_272');
INSERT INTO trabalho.comentarios_podcast_usuario VALUES ('comment_272_2_0', 'Fugiat incidunt repellendus ea sunt dolores doloribus aut sit.', '219328a1-cec6-4e8c-b003-52a3ec9766bb', 'usr_272');
INSERT INTO trabalho.log_acesso VALUES ('log_272_0_0', '219328a1-cec6-4e8c-b003-52a3ec9766bb', 'usr_272');
INSERT INTO trabalho.log_acesso VALUES ('log_272_1_0', '219328a1-cec6-4e8c-b003-52a3ec9766bb', 'usr_272');
INSERT INTO trabalho.log_acesso VALUES ('log_272_2_0', '219328a1-cec6-4e8c-b003-52a3ec9766bb', 'usr_272');
INSERT INTO trabalho.log_acesso VALUES ('log_272_3_0', '219328a1-cec6-4e8c-b003-52a3ec9766bb', 'usr_272');
INSERT INTO trabalho.log_acesso VALUES ('log_272_4_0', '219328a1-cec6-4e8c-b003-52a3ec9766bb', 'usr_272');
INSERT INTO trabalho.usuario_esta_inscrito_no_podcast VALUES (0, '67074e68-bc2f-442b-8af2-7d328b6af6eb', 'usr_272');
INSERT INTO trabalho.comentarios_podcast_usuario VALUES ('comment_272_0_1', 'Sed id sapiente quos et ducimus.', '67074e68-bc2f-442b-8af2-7d328b6af6eb', 'usr_272');
INSERT INTO trabalho.comentarios_podcast_usuario VALUES ('comment_272_1_1', 'Maxime omnis ut molestiae ipsum officia quae.', '67074e68-bc2f-442b-8af2-7d328b6af6eb', 'usr_272');
INSERT INTO trabalho.comentarios_podcast_usuario VALUES ('comment_272_2_1', 'Voluptas hic asperiores ut illo eligendi repudiandae et non.', '67074e68-bc2f-442b-8af2-7d328b6af6eb', 'usr_272');
INSERT INTO trabalho.comentarios_podcast_usuario VALUES ('comment_272_3_1', 'Qui doloribus qui.', '67074e68-bc2f-442b-8af2-7d328b6af6eb', 'usr_272');
INSERT INTO trabalho.log_acesso VALUES ('log_272_0_1', '67074e68-bc2f-442b-8af2-7d328b6af6eb', 'usr_272');
INSERT INTO trabalho.log_acesso VALUES ('log_272_1_1', '67074e68-bc2f-442b-8af2-7d328b6af6eb', 'usr_272');
INSERT INTO trabalho.usuario_esta_inscrito_no_podcast VALUES (4, 'de2f0ddb-9903-436a-a5e2-54224254c818', 'usr_272');
INSERT INTO trabalho.comentarios_podcast_usuario VALUES ('comment_272_0_2', 'Possimus distinctio totam magnam voluptatem perferendis repudiandae commodi voluptatem ullam.', 'de2f0ddb-9903-436a-a5e2-54224254c818', 'usr_272');
INSERT INTO trabalho.comentarios_podcast_usuario VALUES ('comment_272_1_2', 'Enim nam est provident quisquam voluptatibus et.', 'de2f0ddb-9903-436a-a5e2-54224254c818', 'usr_272');
INSERT INTO trabalho.comentarios_podcast_usuario VALUES ('comment_272_2_2', 'Consequatur dicta fugit cum aut corrupti tenetur error praesentium magnam.', 'de2f0ddb-9903-436a-a5e2-54224254c818', 'usr_272');
INSERT INTO trabalho.comentarios_podcast_usuario VALUES ('comment_272_3_2', 'Consequatur voluptate at quidem illum laborum incidunt vero voluptatem.', 'de2f0ddb-9903-436a-a5e2-54224254c818', 'usr_272');
INSERT INTO trabalho.log_acesso VALUES ('log_272_0_2', 'de2f0ddb-9903-436a-a5e2-54224254c818', 'usr_272');
INSERT INTO trabalho.log_acesso VALUES ('log_272_1_2', 'de2f0ddb-9903-436a-a5e2-54224254c818', 'usr_272');
INSERT INTO trabalho.usuario VALUES ('usr_273', '273_Marina_Santos@hotmail.com', 'Marina Santos', 'female', 35, 'password', 'Santa Lúcia');
INSERT INTO trabalho.usuario_esta_inscrito_no_podcast VALUES (4, 'de2f0ddb-9903-436a-a5e2-54224254c818', 'usr_273');
INSERT INTO trabalho.comentarios_podcast_usuario VALUES ('comment_273_0_0', 'Sed aut odit nesciunt perspiciatis dolores maxime aliquid et.', 'de2f0ddb-9903-436a-a5e2-54224254c818', 'usr_273');
INSERT INTO trabalho.comentarios_podcast_usuario VALUES ('comment_273_1_0', 'Vel debitis deserunt quisquam.', 'de2f0ddb-9903-436a-a5e2-54224254c818', 'usr_273');
INSERT INTO trabalho.comentarios_podcast_usuario VALUES ('comment_273_2_0', 'Aut quasi culpa.', 'de2f0ddb-9903-436a-a5e2-54224254c818', 'usr_273');
INSERT INTO trabalho.comentarios_podcast_usuario VALUES ('comment_273_3_0', 'Ullam aspernatur eveniet recusandae tenetur voluptate ut quia cumque.', 'de2f0ddb-9903-436a-a5e2-54224254c818', 'usr_273');
INSERT INTO trabalho.log_acesso VALUES ('log_273_0_0', 'de2f0ddb-9903-436a-a5e2-54224254c818', 'usr_273');
INSERT INTO trabalho.log_acesso VALUES ('log_273_1_0', 'de2f0ddb-9903-436a-a5e2-54224254c818', 'usr_273');
INSERT INTO trabalho.usuario_esta_inscrito_no_podcast VALUES (4, 'af46a958-b921-47b6-9f87-5c4fdc68ea79', 'usr_273');
INSERT INTO trabalho.comentarios_podcast_usuario VALUES ('comment_273_0_1', 'Accusantium suscipit reiciendis eveniet ratione est dignissimos quia consequatur.', 'af46a958-b921-47b6-9f87-5c4fdc68ea79', 'usr_273');
INSERT INTO trabalho.comentarios_podcast_usuario VALUES ('comment_273_1_1', 'Aut totam non exercitationem earum consectetur sed velit.', 'af46a958-b921-47b6-9f87-5c4fdc68ea79', 'usr_273');
INSERT INTO trabalho.log_acesso VALUES ('log_273_0_1', 'af46a958-b921-47b6-9f87-5c4fdc68ea79', 'usr_273');
INSERT INTO trabalho.log_acesso VALUES ('log_273_1_1', 'af46a958-b921-47b6-9f87-5c4fdc68ea79', 'usr_273');
INSERT INTO trabalho.log_acesso VALUES ('log_273_2_1', 'af46a958-b921-47b6-9f87-5c4fdc68ea79', 'usr_273');
INSERT INTO trabalho.usuario_esta_inscrito_no_podcast VALUES (1, '5bdf7377-8330-4f9f-8efd-e95301c122ce', 'usr_273');
INSERT INTO trabalho.comentarios_podcast_usuario VALUES ('comment_273_0_2', 'Consequatur consequuntur facilis qui et doloribus laboriosam nihil quam.', '5bdf7377-8330-4f9f-8efd-e95301c122ce', 'usr_273');
INSERT INTO trabalho.comentarios_podcast_usuario VALUES ('comment_273_1_2', 'Id pariatur natus sit qui corrupti consequatur consequatur dolore perferendis.', '5bdf7377-8330-4f9f-8efd-e95301c122ce', 'usr_273');
INSERT INTO trabalho.comentarios_podcast_usuario VALUES ('comment_273_2_2', 'Dolores sed est et.', '5bdf7377-8330-4f9f-8efd-e95301c122ce', 'usr_273');
INSERT INTO trabalho.log_acesso VALUES ('log_273_0_2', '5bdf7377-8330-4f9f-8efd-e95301c122ce', 'usr_273');
INSERT INTO trabalho.log_acesso VALUES ('log_273_1_2', '5bdf7377-8330-4f9f-8efd-e95301c122ce', 'usr_273');
INSERT INTO trabalho.log_acesso VALUES ('log_273_2_2', '5bdf7377-8330-4f9f-8efd-e95301c122ce', 'usr_273');
INSERT INTO trabalho.usuario VALUES ('usr_274', '274_Arthur_Saraiva11@hotmail.com', 'Arthur Saraiva', 'male', 30, 'password', 'Líbia');
INSERT INTO trabalho.usuario_esta_inscrito_no_podcast VALUES (4, 'c58b280a-56d4-4ad8-8c85-730e4ea86361', 'usr_274');
INSERT INTO trabalho.comentarios_podcast_usuario VALUES ('comment_274_0_0', 'Eum aspernatur consequatur quo at id qui.', 'c58b280a-56d4-4ad8-8c85-730e4ea86361', 'usr_274');
INSERT INTO trabalho.comentarios_podcast_usuario VALUES ('comment_274_1_0', 'Dolor quaerat ipsum harum.', 'c58b280a-56d4-4ad8-8c85-730e4ea86361', 'usr_274');
INSERT INTO trabalho.comentarios_podcast_usuario VALUES ('comment_274_2_0', 'Earum eaque maxime aut maiores voluptate voluptate omnis provident rem.', 'c58b280a-56d4-4ad8-8c85-730e4ea86361', 'usr_274');
INSERT INTO trabalho.comentarios_podcast_usuario VALUES ('comment_274_3_0', 'Ex nam non nesciunt alias facere ipsam dolorem.', 'c58b280a-56d4-4ad8-8c85-730e4ea86361', 'usr_274');
INSERT INTO trabalho.comentarios_podcast_usuario VALUES ('comment_274_4_0', 'Et perspiciatis voluptate.', 'c58b280a-56d4-4ad8-8c85-730e4ea86361', 'usr_274');
INSERT INTO trabalho.comentarios_podcast_usuario VALUES ('comment_274_5_0', 'Et architecto et qui facere.', 'c58b280a-56d4-4ad8-8c85-730e4ea86361', 'usr_274');
INSERT INTO trabalho.comentarios_podcast_usuario VALUES ('comment_274_6_0', 'Corrupti perferendis molestiae quaerat sunt.', 'c58b280a-56d4-4ad8-8c85-730e4ea86361', 'usr_274');
INSERT INTO trabalho.log_acesso VALUES ('log_274_0_0', 'c58b280a-56d4-4ad8-8c85-730e4ea86361', 'usr_274');
INSERT INTO trabalho.usuario_esta_inscrito_no_podcast VALUES (5, 'fa3abe16-3645-4d22-a01d-893e6f20c408', 'usr_274');
INSERT INTO trabalho.comentarios_podcast_usuario VALUES ('comment_274_0_1', 'Accusantium rerum suscipit et eius aut facilis sequi est placeat.', 'fa3abe16-3645-4d22-a01d-893e6f20c408', 'usr_274');
INSERT INTO trabalho.comentarios_podcast_usuario VALUES ('comment_274_1_1', 'Ut earum ipsa consequatur consequatur.', 'fa3abe16-3645-4d22-a01d-893e6f20c408', 'usr_274');
INSERT INTO trabalho.comentarios_podcast_usuario VALUES ('comment_274_2_1', 'Qui assumenda quo sit cumque saepe tempore.', 'fa3abe16-3645-4d22-a01d-893e6f20c408', 'usr_274');
INSERT INTO trabalho.comentarios_podcast_usuario VALUES ('comment_274_3_1', 'Quod quaerat id vel vel ut nemo quis omnis.', 'fa3abe16-3645-4d22-a01d-893e6f20c408', 'usr_274');
INSERT INTO trabalho.comentarios_podcast_usuario VALUES ('comment_274_4_1', 'Voluptas aliquam iusto eum non consequatur doloribus nisi hic aut.', 'fa3abe16-3645-4d22-a01d-893e6f20c408', 'usr_274');
INSERT INTO trabalho.log_acesso VALUES ('log_274_0_1', 'fa3abe16-3645-4d22-a01d-893e6f20c408', 'usr_274');
INSERT INTO trabalho.log_acesso VALUES ('log_274_1_1', 'fa3abe16-3645-4d22-a01d-893e6f20c408', 'usr_274');
INSERT INTO trabalho.log_acesso VALUES ('log_274_2_1', 'fa3abe16-3645-4d22-a01d-893e6f20c408', 'usr_274');
INSERT INTO trabalho.log_acesso VALUES ('log_274_3_1', 'fa3abe16-3645-4d22-a01d-893e6f20c408', 'usr_274');
INSERT INTO trabalho.log_acesso VALUES ('log_274_4_1', 'fa3abe16-3645-4d22-a01d-893e6f20c408', 'usr_274');
INSERT INTO trabalho.log_acesso VALUES ('log_274_5_1', 'fa3abe16-3645-4d22-a01d-893e6f20c408', 'usr_274');
INSERT INTO trabalho.log_acesso VALUES ('log_274_6_1', 'fa3abe16-3645-4d22-a01d-893e6f20c408', 'usr_274');
INSERT INTO trabalho.usuario_esta_inscrito_no_podcast VALUES (0, 'f1b92ce7-47a7-43cd-8586-4a09185cdd05', 'usr_274');
INSERT INTO trabalho.comentarios_podcast_usuario VALUES ('comment_274_0_2', 'Sit quas quae adipisci et magni tenetur.', 'f1b92ce7-47a7-43cd-8586-4a09185cdd05', 'usr_274');
INSERT INTO trabalho.comentarios_podcast_usuario VALUES ('comment_274_1_2', 'Voluptatem eaque sint laboriosam.', 'f1b92ce7-47a7-43cd-8586-4a09185cdd05', 'usr_274');
INSERT INTO trabalho.log_acesso VALUES ('log_274_0_2', 'f1b92ce7-47a7-43cd-8586-4a09185cdd05', 'usr_274');
INSERT INTO trabalho.log_acesso VALUES ('log_274_1_2', 'f1b92ce7-47a7-43cd-8586-4a09185cdd05', 'usr_274');
INSERT INTO trabalho.usuario VALUES ('usr_275', '275_Clara2@hotmail.com', 'Clara Carvalho', 'female', 59, 'password', 'São Pedro e Miquelão');
INSERT INTO trabalho.usuario_esta_inscrito_no_podcast VALUES (2, 'c58b280a-56d4-4ad8-8c85-730e4ea86361', 'usr_275');
INSERT INTO trabalho.comentarios_podcast_usuario VALUES ('comment_275_0_0', 'Impedit eum et provident nemo.', 'c58b280a-56d4-4ad8-8c85-730e4ea86361', 'usr_275');
INSERT INTO trabalho.log_acesso VALUES ('log_275_0_0', 'c58b280a-56d4-4ad8-8c85-730e4ea86361', 'usr_275');
INSERT INTO trabalho.log_acesso VALUES ('log_275_1_0', 'c58b280a-56d4-4ad8-8c85-730e4ea86361', 'usr_275');
INSERT INTO trabalho.log_acesso VALUES ('log_275_2_0', 'c58b280a-56d4-4ad8-8c85-730e4ea86361', 'usr_275');
INSERT INTO trabalho.usuario_esta_inscrito_no_podcast VALUES (0, '219328a1-cec6-4e8c-b003-52a3ec9766bb', 'usr_275');
INSERT INTO trabalho.comentarios_podcast_usuario VALUES ('comment_275_0_1', 'Omnis soluta qui.', '219328a1-cec6-4e8c-b003-52a3ec9766bb', 'usr_275');
INSERT INTO trabalho.comentarios_podcast_usuario VALUES ('comment_275_1_1', 'Consectetur aut dolor laudantium autem fugit distinctio.', '219328a1-cec6-4e8c-b003-52a3ec9766bb', 'usr_275');
INSERT INTO trabalho.comentarios_podcast_usuario VALUES ('comment_275_2_1', 'Exercitationem recusandae quo.', '219328a1-cec6-4e8c-b003-52a3ec9766bb', 'usr_275');
INSERT INTO trabalho.comentarios_podcast_usuario VALUES ('comment_275_3_1', 'Sed atque sequi impedit vel praesentium aut.', '219328a1-cec6-4e8c-b003-52a3ec9766bb', 'usr_275');
INSERT INTO trabalho.log_acesso VALUES ('log_275_0_1', '219328a1-cec6-4e8c-b003-52a3ec9766bb', 'usr_275');
INSERT INTO trabalho.log_acesso VALUES ('log_275_1_1', '219328a1-cec6-4e8c-b003-52a3ec9766bb', 'usr_275');
INSERT INTO trabalho.log_acesso VALUES ('log_275_2_1', '219328a1-cec6-4e8c-b003-52a3ec9766bb', 'usr_275');
INSERT INTO trabalho.usuario_esta_inscrito_no_podcast VALUES (4, '7e429e8e-7669-403d-bb78-3cd7f9f75afd', 'usr_275');
INSERT INTO trabalho.comentarios_podcast_usuario VALUES ('comment_275_0_2', 'Officiis voluptate culpa eos et harum quod qui reprehenderit ea.', '7e429e8e-7669-403d-bb78-3cd7f9f75afd', 'usr_275');
INSERT INTO trabalho.comentarios_podcast_usuario VALUES ('comment_275_1_2', 'Est ex adipisci unde dolores reiciendis assumenda.', '7e429e8e-7669-403d-bb78-3cd7f9f75afd', 'usr_275');
INSERT INTO trabalho.comentarios_podcast_usuario VALUES ('comment_275_2_2', 'Pariatur ducimus et laboriosam voluptate.', '7e429e8e-7669-403d-bb78-3cd7f9f75afd', 'usr_275');
INSERT INTO trabalho.comentarios_podcast_usuario VALUES ('comment_275_3_2', 'Enim rem aut hic sed veritatis atque.', '7e429e8e-7669-403d-bb78-3cd7f9f75afd', 'usr_275');
INSERT INTO trabalho.comentarios_podcast_usuario VALUES ('comment_275_4_2', 'Qui minima voluptas omnis ea accusamus quo incidunt rerum.', '7e429e8e-7669-403d-bb78-3cd7f9f75afd', 'usr_275');
INSERT INTO trabalho.log_acesso VALUES ('log_275_0_2', '7e429e8e-7669-403d-bb78-3cd7f9f75afd', 'usr_275');
INSERT INTO trabalho.log_acesso VALUES ('log_275_1_2', '7e429e8e-7669-403d-bb78-3cd7f9f75afd', 'usr_275');
INSERT INTO trabalho.log_acesso VALUES ('log_275_2_2', '7e429e8e-7669-403d-bb78-3cd7f9f75afd', 'usr_275');
INSERT INTO trabalho.usuario VALUES ('usr_276', '276_Feliciano54@gmail.com', 'Feliciano Moraes', 'male', 13, 'password', 'Paquistão');
INSERT INTO trabalho.usuario_esta_inscrito_no_podcast VALUES (3, 'f8e13774-d631-4f34-93f0-2f5d55590265', 'usr_276');
INSERT INTO trabalho.comentarios_podcast_usuario VALUES ('comment_276_0_0', 'Beatae hic et et eaque.', 'f8e13774-d631-4f34-93f0-2f5d55590265', 'usr_276');
INSERT INTO trabalho.comentarios_podcast_usuario VALUES ('comment_276_1_0', 'Aperiam impedit iste dolor quo.', 'f8e13774-d631-4f34-93f0-2f5d55590265', 'usr_276');
INSERT INTO trabalho.log_acesso VALUES ('log_276_0_0', 'f8e13774-d631-4f34-93f0-2f5d55590265', 'usr_276');
INSERT INTO trabalho.log_acesso VALUES ('log_276_1_0', 'f8e13774-d631-4f34-93f0-2f5d55590265', 'usr_276');
INSERT INTO trabalho.usuario_esta_inscrito_no_podcast VALUES (5, 'bc8dac25-793c-4a96-aafc-4ea7020f4f60', 'usr_276');
INSERT INTO trabalho.comentarios_podcast_usuario VALUES ('comment_276_0_1', 'Consequuntur rem laboriosam qui quis cum quis qui perspiciatis.', 'bc8dac25-793c-4a96-aafc-4ea7020f4f60', 'usr_276');
INSERT INTO trabalho.comentarios_podcast_usuario VALUES ('comment_276_1_1', 'Non dolorem omnis et numquam et quis quo.', 'bc8dac25-793c-4a96-aafc-4ea7020f4f60', 'usr_276');
INSERT INTO trabalho.comentarios_podcast_usuario VALUES ('comment_276_2_1', 'Ut dolore aut magni atque.', 'bc8dac25-793c-4a96-aafc-4ea7020f4f60', 'usr_276');
INSERT INTO trabalho.log_acesso VALUES ('log_276_0_1', 'bc8dac25-793c-4a96-aafc-4ea7020f4f60', 'usr_276');
INSERT INTO trabalho.log_acesso VALUES ('log_276_1_1', 'bc8dac25-793c-4a96-aafc-4ea7020f4f60', 'usr_276');
INSERT INTO trabalho.log_acesso VALUES ('log_276_2_1', 'bc8dac25-793c-4a96-aafc-4ea7020f4f60', 'usr_276');
INSERT INTO trabalho.usuario_esta_inscrito_no_podcast VALUES (4, 'af46a958-b921-47b6-9f87-5c4fdc68ea79', 'usr_276');
INSERT INTO trabalho.comentarios_podcast_usuario VALUES ('comment_276_0_2', 'Nam exercitationem eveniet provident doloribus voluptatem.', 'af46a958-b921-47b6-9f87-5c4fdc68ea79', 'usr_276');
INSERT INTO trabalho.comentarios_podcast_usuario VALUES ('comment_276_1_2', 'Esse ducimus odit est sed recusandae et dignissimos.', 'af46a958-b921-47b6-9f87-5c4fdc68ea79', 'usr_276');
INSERT INTO trabalho.log_acesso VALUES ('log_276_0_2', 'af46a958-b921-47b6-9f87-5c4fdc68ea79', 'usr_276');
INSERT INTO trabalho.usuario VALUES ('usr_277', '277_Isabella.Moraes@yahoo.com', 'Isabella Moraes', 'female', 25, 'password', 'Tanzânia');
INSERT INTO trabalho.usuario_esta_inscrito_no_podcast VALUES (3, '219328a1-cec6-4e8c-b003-52a3ec9766bb', 'usr_277');
INSERT INTO trabalho.comentarios_podcast_usuario VALUES ('comment_277_0_0', 'Est asperiores ea asperiores.', '219328a1-cec6-4e8c-b003-52a3ec9766bb', 'usr_277');
INSERT INTO trabalho.comentarios_podcast_usuario VALUES ('comment_277_1_0', 'Veniam suscipit quas repellendus hic soluta.', '219328a1-cec6-4e8c-b003-52a3ec9766bb', 'usr_277');
INSERT INTO trabalho.comentarios_podcast_usuario VALUES ('comment_277_2_0', 'Molestiae dicta accusantium laudantium aspernatur doloribus.', '219328a1-cec6-4e8c-b003-52a3ec9766bb', 'usr_277');
INSERT INTO trabalho.comentarios_podcast_usuario VALUES ('comment_277_3_0', 'Et quos ut.', '219328a1-cec6-4e8c-b003-52a3ec9766bb', 'usr_277');
INSERT INTO trabalho.comentarios_podcast_usuario VALUES ('comment_277_4_0', 'Et impedit quisquam fuga omnis molestiae assumenda deserunt dolorum.', '219328a1-cec6-4e8c-b003-52a3ec9766bb', 'usr_277');
INSERT INTO trabalho.log_acesso VALUES ('log_277_0_0', '219328a1-cec6-4e8c-b003-52a3ec9766bb', 'usr_277');
INSERT INTO trabalho.usuario_esta_inscrito_no_podcast VALUES (5, 'af46a958-b921-47b6-9f87-5c4fdc68ea79', 'usr_277');
INSERT INTO trabalho.comentarios_podcast_usuario VALUES ('comment_277_0_1', 'Quia dicta iusto.', 'af46a958-b921-47b6-9f87-5c4fdc68ea79', 'usr_277');
INSERT INTO trabalho.comentarios_podcast_usuario VALUES ('comment_277_1_1', 'Non repellendus deserunt qui eum.', 'af46a958-b921-47b6-9f87-5c4fdc68ea79', 'usr_277');
INSERT INTO trabalho.comentarios_podcast_usuario VALUES ('comment_277_2_1', 'Non cum provident odit ea totam voluptatem saepe soluta.', 'af46a958-b921-47b6-9f87-5c4fdc68ea79', 'usr_277');
INSERT INTO trabalho.log_acesso VALUES ('log_277_0_1', 'af46a958-b921-47b6-9f87-5c4fdc68ea79', 'usr_277');
INSERT INTO trabalho.log_acesso VALUES ('log_277_1_1', 'af46a958-b921-47b6-9f87-5c4fdc68ea79', 'usr_277');
INSERT INTO trabalho.log_acesso VALUES ('log_277_2_1', 'af46a958-b921-47b6-9f87-5c4fdc68ea79', 'usr_277');
INSERT INTO trabalho.log_acesso VALUES ('log_277_3_1', 'af46a958-b921-47b6-9f87-5c4fdc68ea79', 'usr_277');
INSERT INTO trabalho.log_acesso VALUES ('log_277_4_1', 'af46a958-b921-47b6-9f87-5c4fdc68ea79', 'usr_277');
INSERT INTO trabalho.log_acesso VALUES ('log_277_5_1', 'af46a958-b921-47b6-9f87-5c4fdc68ea79', 'usr_277');
INSERT INTO trabalho.usuario_esta_inscrito_no_podcast VALUES (1, 'f0166bd2-8e4d-4308-b5d7-0b3d627c5dc5', 'usr_277');
INSERT INTO trabalho.comentarios_podcast_usuario VALUES ('comment_277_0_2', 'Voluptates sit consequuntur est.', 'f0166bd2-8e4d-4308-b5d7-0b3d627c5dc5', 'usr_277');
INSERT INTO trabalho.comentarios_podcast_usuario VALUES ('comment_277_1_2', 'Doloribus laboriosam nostrum.', 'f0166bd2-8e4d-4308-b5d7-0b3d627c5dc5', 'usr_277');
INSERT INTO trabalho.comentarios_podcast_usuario VALUES ('comment_277_2_2', 'Et et tempore repellat.', 'f0166bd2-8e4d-4308-b5d7-0b3d627c5dc5', 'usr_277');
INSERT INTO trabalho.comentarios_podcast_usuario VALUES ('comment_277_3_2', 'Voluptatem delectus illo culpa labore quas.', 'f0166bd2-8e4d-4308-b5d7-0b3d627c5dc5', 'usr_277');
INSERT INTO trabalho.log_acesso VALUES ('log_277_0_2', 'f0166bd2-8e4d-4308-b5d7-0b3d627c5dc5', 'usr_277');
INSERT INTO trabalho.log_acesso VALUES ('log_277_1_2', 'f0166bd2-8e4d-4308-b5d7-0b3d627c5dc5', 'usr_277');
INSERT INTO trabalho.log_acesso VALUES ('log_277_2_2', 'f0166bd2-8e4d-4308-b5d7-0b3d627c5dc5', 'usr_277');
INSERT INTO trabalho.usuario VALUES ('usr_278', '278_Clia5@hotmail.com', 'Célia Martins', 'female', 33, 'password', 'Finlândia');
INSERT INTO trabalho.usuario_esta_inscrito_no_podcast VALUES (2, 'bc8dac25-793c-4a96-aafc-4ea7020f4f60', 'usr_278');
INSERT INTO trabalho.comentarios_podcast_usuario VALUES ('comment_278_0_0', 'Ut neque dolorem iste laboriosam ducimus optio autem.', 'bc8dac25-793c-4a96-aafc-4ea7020f4f60', 'usr_278');
INSERT INTO trabalho.comentarios_podcast_usuario VALUES ('comment_278_1_0', 'Inventore ducimus placeat.', 'bc8dac25-793c-4a96-aafc-4ea7020f4f60', 'usr_278');
INSERT INTO trabalho.log_acesso VALUES ('log_278_0_0', 'bc8dac25-793c-4a96-aafc-4ea7020f4f60', 'usr_278');
INSERT INTO trabalho.log_acesso VALUES ('log_278_1_0', 'bc8dac25-793c-4a96-aafc-4ea7020f4f60', 'usr_278');
INSERT INTO trabalho.usuario_esta_inscrito_no_podcast VALUES (2, 'fa3abe16-3645-4d22-a01d-893e6f20c408', 'usr_278');
INSERT INTO trabalho.comentarios_podcast_usuario VALUES ('comment_278_0_1', 'Quia ab quia vero aliquid excepturi autem assumenda pariatur odio.', 'fa3abe16-3645-4d22-a01d-893e6f20c408', 'usr_278');
INSERT INTO trabalho.comentarios_podcast_usuario VALUES ('comment_278_1_1', 'Sed aperiam exercitationem.', 'fa3abe16-3645-4d22-a01d-893e6f20c408', 'usr_278');
INSERT INTO trabalho.log_acesso VALUES ('log_278_0_1', 'fa3abe16-3645-4d22-a01d-893e6f20c408', 'usr_278');
INSERT INTO trabalho.log_acesso VALUES ('log_278_1_1', 'fa3abe16-3645-4d22-a01d-893e6f20c408', 'usr_278');
INSERT INTO trabalho.log_acesso VALUES ('log_278_2_1', 'fa3abe16-3645-4d22-a01d-893e6f20c408', 'usr_278');
INSERT INTO trabalho.usuario_esta_inscrito_no_podcast VALUES (0, 'f8e13774-d631-4f34-93f0-2f5d55590265', 'usr_278');
INSERT INTO trabalho.comentarios_podcast_usuario VALUES ('comment_278_0_2', 'Doloremque non qui nostrum tempora optio sint.', 'f8e13774-d631-4f34-93f0-2f5d55590265', 'usr_278');
INSERT INTO trabalho.comentarios_podcast_usuario VALUES ('comment_278_1_2', 'Temporibus sit animi pariatur voluptatem aut sit vel est ipsa.', 'f8e13774-d631-4f34-93f0-2f5d55590265', 'usr_278');
INSERT INTO trabalho.comentarios_podcast_usuario VALUES ('comment_278_2_2', 'Rerum qui sapiente alias voluptate.', 'f8e13774-d631-4f34-93f0-2f5d55590265', 'usr_278');
INSERT INTO trabalho.comentarios_podcast_usuario VALUES ('comment_278_3_2', 'Id nulla omnis minima possimus quo asperiores tenetur.', 'f8e13774-d631-4f34-93f0-2f5d55590265', 'usr_278');
INSERT INTO trabalho.log_acesso VALUES ('log_278_0_2', 'f8e13774-d631-4f34-93f0-2f5d55590265', 'usr_278');
INSERT INTO trabalho.log_acesso VALUES ('log_278_1_2', 'f8e13774-d631-4f34-93f0-2f5d55590265', 'usr_278');
INSERT INTO trabalho.log_acesso VALUES ('log_278_2_2', 'f8e13774-d631-4f34-93f0-2f5d55590265', 'usr_278');
INSERT INTO trabalho.usuario VALUES ('usr_279', '279_Rafael.Carvalho@yahoo.com', 'Rafael Carvalho', 'male', 9, 'password', 'Macedônia');
INSERT INTO trabalho.usuario_esta_inscrito_no_podcast VALUES (0, 'f1b92ce7-47a7-43cd-8586-4a09185cdd05', 'usr_279');
INSERT INTO trabalho.comentarios_podcast_usuario VALUES ('comment_279_0_0', 'Esse esse aut optio dicta id.', 'f1b92ce7-47a7-43cd-8586-4a09185cdd05', 'usr_279');
INSERT INTO trabalho.comentarios_podcast_usuario VALUES ('comment_279_1_0', 'Repellendus ut nihil non omnis necessitatibus.', 'f1b92ce7-47a7-43cd-8586-4a09185cdd05', 'usr_279');
INSERT INTO trabalho.log_acesso VALUES ('log_279_0_0', 'f1b92ce7-47a7-43cd-8586-4a09185cdd05', 'usr_279');
INSERT INTO trabalho.log_acesso VALUES ('log_279_1_0', 'f1b92ce7-47a7-43cd-8586-4a09185cdd05', 'usr_279');
INSERT INTO trabalho.log_acesso VALUES ('log_279_2_0', 'f1b92ce7-47a7-43cd-8586-4a09185cdd05', 'usr_279');
INSERT INTO trabalho.usuario_esta_inscrito_no_podcast VALUES (0, 'c58b280a-56d4-4ad8-8c85-730e4ea86361', 'usr_279');
INSERT INTO trabalho.comentarios_podcast_usuario VALUES ('comment_279_0_1', 'Voluptas iure cum deserunt corporis alias expedita architecto.', 'c58b280a-56d4-4ad8-8c85-730e4ea86361', 'usr_279');
INSERT INTO trabalho.comentarios_podcast_usuario VALUES ('comment_279_1_1', 'Rem magni iusto aut.', 'c58b280a-56d4-4ad8-8c85-730e4ea86361', 'usr_279');
INSERT INTO trabalho.comentarios_podcast_usuario VALUES ('comment_279_2_1', 'Possimus odit consequatur quae quisquam sunt cumque doloremque vero omnis.', 'c58b280a-56d4-4ad8-8c85-730e4ea86361', 'usr_279');
INSERT INTO trabalho.log_acesso VALUES ('log_279_0_1', 'c58b280a-56d4-4ad8-8c85-730e4ea86361', 'usr_279');
INSERT INTO trabalho.log_acesso VALUES ('log_279_1_1', 'c58b280a-56d4-4ad8-8c85-730e4ea86361', 'usr_279');
INSERT INTO trabalho.log_acesso VALUES ('log_279_2_1', 'c58b280a-56d4-4ad8-8c85-730e4ea86361', 'usr_279');
INSERT INTO trabalho.log_acesso VALUES ('log_279_3_1', 'c58b280a-56d4-4ad8-8c85-730e4ea86361', 'usr_279');
INSERT INTO trabalho.log_acesso VALUES ('log_279_4_1', 'c58b280a-56d4-4ad8-8c85-730e4ea86361', 'usr_279');
INSERT INTO trabalho.usuario_esta_inscrito_no_podcast VALUES (3, 'bc8dac25-793c-4a96-aafc-4ea7020f4f60', 'usr_279');
INSERT INTO trabalho.comentarios_podcast_usuario VALUES ('comment_279_0_2', 'Id dicta quidem enim ut magni inventore cupiditate molestiae.', 'bc8dac25-793c-4a96-aafc-4ea7020f4f60', 'usr_279');
INSERT INTO trabalho.comentarios_podcast_usuario VALUES ('comment_279_1_2', 'Dolorem sint et autem.', 'bc8dac25-793c-4a96-aafc-4ea7020f4f60', 'usr_279');
INSERT INTO trabalho.comentarios_podcast_usuario VALUES ('comment_279_2_2', 'Facilis minus ipsam voluptatem qui quia est rerum doloremque.', 'bc8dac25-793c-4a96-aafc-4ea7020f4f60', 'usr_279');
INSERT INTO trabalho.log_acesso VALUES ('log_279_0_2', 'bc8dac25-793c-4a96-aafc-4ea7020f4f60', 'usr_279');
INSERT INTO trabalho.log_acesso VALUES ('log_279_1_2', 'bc8dac25-793c-4a96-aafc-4ea7020f4f60', 'usr_279');
INSERT INTO trabalho.log_acesso VALUES ('log_279_2_2', 'bc8dac25-793c-4a96-aafc-4ea7020f4f60', 'usr_279');
INSERT INTO trabalho.log_acesso VALUES ('log_279_3_2', 'bc8dac25-793c-4a96-aafc-4ea7020f4f60', 'usr_279');
INSERT INTO trabalho.usuario VALUES ('usr_280', '280_Sophia_Oliveira14@bol.com.br', 'Sophia Oliveira', 'female', 46, 'password', 'Ilha do Natal');
INSERT INTO trabalho.usuario_esta_inscrito_no_podcast VALUES (5, '219328a1-cec6-4e8c-b003-52a3ec9766bb', 'usr_280');
INSERT INTO trabalho.comentarios_podcast_usuario VALUES ('comment_280_0_0', 'Et deserunt voluptas possimus fuga similique adipisci molestiae.', '219328a1-cec6-4e8c-b003-52a3ec9766bb', 'usr_280');
INSERT INTO trabalho.comentarios_podcast_usuario VALUES ('comment_280_1_0', 'Id suscipit esse aut.', '219328a1-cec6-4e8c-b003-52a3ec9766bb', 'usr_280');
INSERT INTO trabalho.log_acesso VALUES ('log_280_0_0', '219328a1-cec6-4e8c-b003-52a3ec9766bb', 'usr_280');
INSERT INTO trabalho.usuario_esta_inscrito_no_podcast VALUES (2, 'fa3abe16-3645-4d22-a01d-893e6f20c408', 'usr_280');
INSERT INTO trabalho.comentarios_podcast_usuario VALUES ('comment_280_0_1', 'Sed harum commodi aperiam repellendus amet sit aut.', 'fa3abe16-3645-4d22-a01d-893e6f20c408', 'usr_280');
INSERT INTO trabalho.comentarios_podcast_usuario VALUES ('comment_280_1_1', 'Earum aliquam ut qui nulla id.', 'fa3abe16-3645-4d22-a01d-893e6f20c408', 'usr_280');
INSERT INTO trabalho.comentarios_podcast_usuario VALUES ('comment_280_2_1', 'Est ut sapiente repellat recusandae dolorum facilis dolor.', 'fa3abe16-3645-4d22-a01d-893e6f20c408', 'usr_280');
INSERT INTO trabalho.comentarios_podcast_usuario VALUES ('comment_280_3_1', 'Et expedita quis.', 'fa3abe16-3645-4d22-a01d-893e6f20c408', 'usr_280');
INSERT INTO trabalho.comentarios_podcast_usuario VALUES ('comment_280_4_1', 'Perferendis aut sequi quis fuga qui.', 'fa3abe16-3645-4d22-a01d-893e6f20c408', 'usr_280');
INSERT INTO trabalho.comentarios_podcast_usuario VALUES ('comment_280_5_1', 'Est repudiandae et.', 'fa3abe16-3645-4d22-a01d-893e6f20c408', 'usr_280');
INSERT INTO trabalho.log_acesso VALUES ('log_280_0_1', 'fa3abe16-3645-4d22-a01d-893e6f20c408', 'usr_280');
INSERT INTO trabalho.log_acesso VALUES ('log_280_1_1', 'fa3abe16-3645-4d22-a01d-893e6f20c408', 'usr_280');
INSERT INTO trabalho.usuario_esta_inscrito_no_podcast VALUES (1, '168c1536-4c42-4b8f-8c77-f06affefec6a', 'usr_280');
INSERT INTO trabalho.comentarios_podcast_usuario VALUES ('comment_280_0_2', 'Aperiam ex perferendis labore rerum ipsa.', '168c1536-4c42-4b8f-8c77-f06affefec6a', 'usr_280');
INSERT INTO trabalho.comentarios_podcast_usuario VALUES ('comment_280_1_2', 'Sed blanditiis illum et itaque.', '168c1536-4c42-4b8f-8c77-f06affefec6a', 'usr_280');
INSERT INTO trabalho.comentarios_podcast_usuario VALUES ('comment_280_2_2', 'Facilis sequi in voluptatem et maxime est rem aliquid non.', '168c1536-4c42-4b8f-8c77-f06affefec6a', 'usr_280');
INSERT INTO trabalho.log_acesso VALUES ('log_280_0_2', '168c1536-4c42-4b8f-8c77-f06affefec6a', 'usr_280');
INSERT INTO trabalho.log_acesso VALUES ('log_280_1_2', '168c1536-4c42-4b8f-8c77-f06affefec6a', 'usr_280');
INSERT INTO trabalho.log_acesso VALUES ('log_280_2_2', '168c1536-4c42-4b8f-8c77-f06affefec6a', 'usr_280');
INSERT INTO trabalho.log_acesso VALUES ('log_280_3_2', '168c1536-4c42-4b8f-8c77-f06affefec6a', 'usr_280');
INSERT INTO trabalho.log_acesso VALUES ('log_280_4_2', '168c1536-4c42-4b8f-8c77-f06affefec6a', 'usr_280');
INSERT INTO trabalho.usuario VALUES ('usr_281', '281_Nicolas.Franco40@gmail.com', 'Nicolas Franco', 'male', 37, 'password', 'Paquistão');
INSERT INTO trabalho.usuario_esta_inscrito_no_podcast VALUES (5, 'f8e13774-d631-4f34-93f0-2f5d55590265', 'usr_281');
INSERT INTO trabalho.comentarios_podcast_usuario VALUES ('comment_281_0_0', 'Qui sit tempora nobis quo consequatur id.', 'f8e13774-d631-4f34-93f0-2f5d55590265', 'usr_281');
INSERT INTO trabalho.comentarios_podcast_usuario VALUES ('comment_281_1_0', 'Repudiandae rerum rerum.', 'f8e13774-d631-4f34-93f0-2f5d55590265', 'usr_281');
INSERT INTO trabalho.comentarios_podcast_usuario VALUES ('comment_281_2_0', 'Officia illo veniam recusandae.', 'f8e13774-d631-4f34-93f0-2f5d55590265', 'usr_281');
INSERT INTO trabalho.log_acesso VALUES ('log_281_0_0', 'f8e13774-d631-4f34-93f0-2f5d55590265', 'usr_281');
INSERT INTO trabalho.log_acesso VALUES ('log_281_1_0', 'f8e13774-d631-4f34-93f0-2f5d55590265', 'usr_281');
INSERT INTO trabalho.log_acesso VALUES ('log_281_2_0', 'f8e13774-d631-4f34-93f0-2f5d55590265', 'usr_281');
INSERT INTO trabalho.log_acesso VALUES ('log_281_3_0', 'f8e13774-d631-4f34-93f0-2f5d55590265', 'usr_281');
INSERT INTO trabalho.usuario_esta_inscrito_no_podcast VALUES (2, '168c1536-4c42-4b8f-8c77-f06affefec6a', 'usr_281');
INSERT INTO trabalho.comentarios_podcast_usuario VALUES ('comment_281_0_1', 'Reprehenderit repudiandae cumque ea sapiente.', '168c1536-4c42-4b8f-8c77-f06affefec6a', 'usr_281');
INSERT INTO trabalho.comentarios_podcast_usuario VALUES ('comment_281_1_1', 'Blanditiis assumenda expedita accusantium iste similique ipsam tempore recusandae voluptatem.', '168c1536-4c42-4b8f-8c77-f06affefec6a', 'usr_281');
INSERT INTO trabalho.log_acesso VALUES ('log_281_0_1', '168c1536-4c42-4b8f-8c77-f06affefec6a', 'usr_281');
INSERT INTO trabalho.log_acesso VALUES ('log_281_1_1', '168c1536-4c42-4b8f-8c77-f06affefec6a', 'usr_281');
INSERT INTO trabalho.log_acesso VALUES ('log_281_2_1', '168c1536-4c42-4b8f-8c77-f06affefec6a', 'usr_281');
INSERT INTO trabalho.log_acesso VALUES ('log_281_3_1', '168c1536-4c42-4b8f-8c77-f06affefec6a', 'usr_281');
INSERT INTO trabalho.log_acesso VALUES ('log_281_4_1', '168c1536-4c42-4b8f-8c77-f06affefec6a', 'usr_281');
INSERT INTO trabalho.log_acesso VALUES ('log_281_5_1', '168c1536-4c42-4b8f-8c77-f06affefec6a', 'usr_281');
INSERT INTO trabalho.log_acesso VALUES ('log_281_6_1', '168c1536-4c42-4b8f-8c77-f06affefec6a', 'usr_281');
INSERT INTO trabalho.usuario_esta_inscrito_no_podcast VALUES (3, 'c58b280a-56d4-4ad8-8c85-730e4ea86361', 'usr_281');
INSERT INTO trabalho.comentarios_podcast_usuario VALUES ('comment_281_0_2', 'Autem earum est.', 'c58b280a-56d4-4ad8-8c85-730e4ea86361', 'usr_281');
INSERT INTO trabalho.log_acesso VALUES ('log_281_0_2', 'c58b280a-56d4-4ad8-8c85-730e4ea86361', 'usr_281');
INSERT INTO trabalho.usuario VALUES ('usr_282', '282_Yago_Macedo82@yahoo.com', 'Yago Macedo', 'male', 11, 'password', 'Gabão');
INSERT INTO trabalho.usuario_esta_inscrito_no_podcast VALUES (0, '7e429e8e-7669-403d-bb78-3cd7f9f75afd', 'usr_282');
INSERT INTO trabalho.comentarios_podcast_usuario VALUES ('comment_282_0_0', 'Magnam qui blanditiis occaecati consequuntur optio et aut tenetur eos.', '7e429e8e-7669-403d-bb78-3cd7f9f75afd', 'usr_282');
INSERT INTO trabalho.comentarios_podcast_usuario VALUES ('comment_282_1_0', 'Ut aliquid quaerat quas omnis.', '7e429e8e-7669-403d-bb78-3cd7f9f75afd', 'usr_282');
INSERT INTO trabalho.comentarios_podcast_usuario VALUES ('comment_282_2_0', 'Assumenda consequatur ex rerum illum blanditiis.', '7e429e8e-7669-403d-bb78-3cd7f9f75afd', 'usr_282');
INSERT INTO trabalho.log_acesso VALUES ('log_282_0_0', '7e429e8e-7669-403d-bb78-3cd7f9f75afd', 'usr_282');
INSERT INTO trabalho.log_acesso VALUES ('log_282_1_0', '7e429e8e-7669-403d-bb78-3cd7f9f75afd', 'usr_282');
INSERT INTO trabalho.log_acesso VALUES ('log_282_2_0', '7e429e8e-7669-403d-bb78-3cd7f9f75afd', 'usr_282');
INSERT INTO trabalho.log_acesso VALUES ('log_282_3_0', '7e429e8e-7669-403d-bb78-3cd7f9f75afd', 'usr_282');
INSERT INTO trabalho.usuario_esta_inscrito_no_podcast VALUES (2, '168c1536-4c42-4b8f-8c77-f06affefec6a', 'usr_282');
INSERT INTO trabalho.comentarios_podcast_usuario VALUES ('comment_282_0_1', 'Qui tempora similique omnis et illo quod facilis et.', '168c1536-4c42-4b8f-8c77-f06affefec6a', 'usr_282');
INSERT INTO trabalho.comentarios_podcast_usuario VALUES ('comment_282_1_1', 'Nesciunt quia animi voluptas illum consectetur nihil ratione ut.', '168c1536-4c42-4b8f-8c77-f06affefec6a', 'usr_282');
INSERT INTO trabalho.comentarios_podcast_usuario VALUES ('comment_282_2_1', 'Architecto amet commodi.', '168c1536-4c42-4b8f-8c77-f06affefec6a', 'usr_282');
INSERT INTO trabalho.comentarios_podcast_usuario VALUES ('comment_282_3_1', 'Molestias voluptatem aut aliquam quis enim doloribus et sunt.', '168c1536-4c42-4b8f-8c77-f06affefec6a', 'usr_282');
INSERT INTO trabalho.log_acesso VALUES ('log_282_0_1', '168c1536-4c42-4b8f-8c77-f06affefec6a', 'usr_282');
INSERT INTO trabalho.log_acesso VALUES ('log_282_1_1', '168c1536-4c42-4b8f-8c77-f06affefec6a', 'usr_282');
INSERT INTO trabalho.log_acesso VALUES ('log_282_2_1', '168c1536-4c42-4b8f-8c77-f06affefec6a', 'usr_282');
INSERT INTO trabalho.log_acesso VALUES ('log_282_3_1', '168c1536-4c42-4b8f-8c77-f06affefec6a', 'usr_282');
INSERT INTO trabalho.usuario_esta_inscrito_no_podcast VALUES (2, 'b553d865-8fe2-47de-9a30-10e1dea3bd1d', 'usr_282');
INSERT INTO trabalho.comentarios_podcast_usuario VALUES ('comment_282_0_2', 'Id atque architecto pariatur qui.', 'b553d865-8fe2-47de-9a30-10e1dea3bd1d', 'usr_282');
INSERT INTO trabalho.comentarios_podcast_usuario VALUES ('comment_282_1_2', 'Quia corporis quos sint maiores ea ea eius.', 'b553d865-8fe2-47de-9a30-10e1dea3bd1d', 'usr_282');
INSERT INTO trabalho.comentarios_podcast_usuario VALUES ('comment_282_2_2', 'Ut nihil laudantium eos sed est cupiditate et.', 'b553d865-8fe2-47de-9a30-10e1dea3bd1d', 'usr_282');
INSERT INTO trabalho.log_acesso VALUES ('log_282_0_2', 'b553d865-8fe2-47de-9a30-10e1dea3bd1d', 'usr_282');
INSERT INTO trabalho.log_acesso VALUES ('log_282_1_2', 'b553d865-8fe2-47de-9a30-10e1dea3bd1d', 'usr_282');
INSERT INTO trabalho.log_acesso VALUES ('log_282_2_2', 'b553d865-8fe2-47de-9a30-10e1dea3bd1d', 'usr_282');
INSERT INTO trabalho.log_acesso VALUES ('log_282_3_2', 'b553d865-8fe2-47de-9a30-10e1dea3bd1d', 'usr_282');
INSERT INTO trabalho.usuario VALUES ('usr_283', '283_Alice_Barros@live.com', 'Alice Barros', 'female', 21, 'password', 'Iêmen');
INSERT INTO trabalho.usuario_esta_inscrito_no_podcast VALUES (2, '219328a1-cec6-4e8c-b003-52a3ec9766bb', 'usr_283');
INSERT INTO trabalho.comentarios_podcast_usuario VALUES ('comment_283_0_0', 'Eum rerum rerum ex est nemo accusantium.', '219328a1-cec6-4e8c-b003-52a3ec9766bb', 'usr_283');
INSERT INTO trabalho.comentarios_podcast_usuario VALUES ('comment_283_1_0', 'Eos quisquam fugiat.', '219328a1-cec6-4e8c-b003-52a3ec9766bb', 'usr_283');
INSERT INTO trabalho.log_acesso VALUES ('log_283_0_0', '219328a1-cec6-4e8c-b003-52a3ec9766bb', 'usr_283');
INSERT INTO trabalho.usuario_esta_inscrito_no_podcast VALUES (5, '67074e68-bc2f-442b-8af2-7d328b6af6eb', 'usr_283');
INSERT INTO trabalho.comentarios_podcast_usuario VALUES ('comment_283_0_1', 'Dolor exercitationem vel.', '67074e68-bc2f-442b-8af2-7d328b6af6eb', 'usr_283');
INSERT INTO trabalho.log_acesso VALUES ('log_283_0_1', '67074e68-bc2f-442b-8af2-7d328b6af6eb', 'usr_283');
INSERT INTO trabalho.log_acesso VALUES ('log_283_1_1', '67074e68-bc2f-442b-8af2-7d328b6af6eb', 'usr_283');
INSERT INTO trabalho.usuario_esta_inscrito_no_podcast VALUES (5, '5bdf7377-8330-4f9f-8efd-e95301c122ce', 'usr_283');
INSERT INTO trabalho.comentarios_podcast_usuario VALUES ('comment_283_0_2', 'Delectus blanditiis est et quam doloribus beatae aliquam voluptatem delectus.', '5bdf7377-8330-4f9f-8efd-e95301c122ce', 'usr_283');
INSERT INTO trabalho.comentarios_podcast_usuario VALUES ('comment_283_1_2', 'Magni et vitae nulla consequatur molestiae accusamus.', '5bdf7377-8330-4f9f-8efd-e95301c122ce', 'usr_283');
INSERT INTO trabalho.comentarios_podcast_usuario VALUES ('comment_283_2_2', 'Molestiae culpa rerum sint vel veritatis voluptas doloremque.', '5bdf7377-8330-4f9f-8efd-e95301c122ce', 'usr_283');
INSERT INTO trabalho.comentarios_podcast_usuario VALUES ('comment_283_3_2', 'Dolores eum ab nostrum.', '5bdf7377-8330-4f9f-8efd-e95301c122ce', 'usr_283');
INSERT INTO trabalho.comentarios_podcast_usuario VALUES ('comment_283_4_2', 'Eius id nam.', '5bdf7377-8330-4f9f-8efd-e95301c122ce', 'usr_283');
INSERT INTO trabalho.comentarios_podcast_usuario VALUES ('comment_283_5_2', 'Excepturi animi et doloremque adipisci aut maxime accusantium unde.', '5bdf7377-8330-4f9f-8efd-e95301c122ce', 'usr_283');
INSERT INTO trabalho.log_acesso VALUES ('log_283_0_2', '5bdf7377-8330-4f9f-8efd-e95301c122ce', 'usr_283');
INSERT INTO trabalho.log_acesso VALUES ('log_283_1_2', '5bdf7377-8330-4f9f-8efd-e95301c122ce', 'usr_283');
INSERT INTO trabalho.log_acesso VALUES ('log_283_2_2', '5bdf7377-8330-4f9f-8efd-e95301c122ce', 'usr_283');
INSERT INTO trabalho.log_acesso VALUES ('log_283_3_2', '5bdf7377-8330-4f9f-8efd-e95301c122ce', 'usr_283');
INSERT INTO trabalho.usuario VALUES ('usr_284', '284_Cau19@hotmail.com', 'Cauã Oliveira', 'male', 9, 'password', 'Jordânia');
INSERT INTO trabalho.usuario_esta_inscrito_no_podcast VALUES (5, 'f1b92ce7-47a7-43cd-8586-4a09185cdd05', 'usr_284');
INSERT INTO trabalho.comentarios_podcast_usuario VALUES ('comment_284_0_0', 'Nam laboriosam porro.', 'f1b92ce7-47a7-43cd-8586-4a09185cdd05', 'usr_284');
INSERT INTO trabalho.comentarios_podcast_usuario VALUES ('comment_284_1_0', 'Nobis aut culpa quas alias quia omnis.', 'f1b92ce7-47a7-43cd-8586-4a09185cdd05', 'usr_284');
INSERT INTO trabalho.comentarios_podcast_usuario VALUES ('comment_284_2_0', 'Alias voluptatem et perspiciatis blanditiis deserunt ad.', 'f1b92ce7-47a7-43cd-8586-4a09185cdd05', 'usr_284');
INSERT INTO trabalho.log_acesso VALUES ('log_284_0_0', 'f1b92ce7-47a7-43cd-8586-4a09185cdd05', 'usr_284');
INSERT INTO trabalho.log_acesso VALUES ('log_284_1_0', 'f1b92ce7-47a7-43cd-8586-4a09185cdd05', 'usr_284');
INSERT INTO trabalho.log_acesso VALUES ('log_284_2_0', 'f1b92ce7-47a7-43cd-8586-4a09185cdd05', 'usr_284');
INSERT INTO trabalho.log_acesso VALUES ('log_284_3_0', 'f1b92ce7-47a7-43cd-8586-4a09185cdd05', 'usr_284');
INSERT INTO trabalho.log_acesso VALUES ('log_284_4_0', 'f1b92ce7-47a7-43cd-8586-4a09185cdd05', 'usr_284');
INSERT INTO trabalho.log_acesso VALUES ('log_284_5_0', 'f1b92ce7-47a7-43cd-8586-4a09185cdd05', 'usr_284');
INSERT INTO trabalho.log_acesso VALUES ('log_284_6_0', 'f1b92ce7-47a7-43cd-8586-4a09185cdd05', 'usr_284');
INSERT INTO trabalho.usuario_esta_inscrito_no_podcast VALUES (4, '168c1536-4c42-4b8f-8c77-f06affefec6a', 'usr_284');
INSERT INTO trabalho.comentarios_podcast_usuario VALUES ('comment_284_0_1', 'Vel dignissimos et nihil perferendis quis quo.', '168c1536-4c42-4b8f-8c77-f06affefec6a', 'usr_284');
INSERT INTO trabalho.comentarios_podcast_usuario VALUES ('comment_284_1_1', 'Unde eligendi id.', '168c1536-4c42-4b8f-8c77-f06affefec6a', 'usr_284');
INSERT INTO trabalho.log_acesso VALUES ('log_284_0_1', '168c1536-4c42-4b8f-8c77-f06affefec6a', 'usr_284');
INSERT INTO trabalho.log_acesso VALUES ('log_284_1_1', '168c1536-4c42-4b8f-8c77-f06affefec6a', 'usr_284');
INSERT INTO trabalho.log_acesso VALUES ('log_284_2_1', '168c1536-4c42-4b8f-8c77-f06affefec6a', 'usr_284');
INSERT INTO trabalho.log_acesso VALUES ('log_284_3_1', '168c1536-4c42-4b8f-8c77-f06affefec6a', 'usr_284');
INSERT INTO trabalho.log_acesso VALUES ('log_284_4_1', '168c1536-4c42-4b8f-8c77-f06affefec6a', 'usr_284');
INSERT INTO trabalho.usuario_esta_inscrito_no_podcast VALUES (3, 'f0166bd2-8e4d-4308-b5d7-0b3d627c5dc5', 'usr_284');
INSERT INTO trabalho.comentarios_podcast_usuario VALUES ('comment_284_0_2', 'Ducimus et dolores quam sit similique.', 'f0166bd2-8e4d-4308-b5d7-0b3d627c5dc5', 'usr_284');
INSERT INTO trabalho.log_acesso VALUES ('log_284_0_2', 'f0166bd2-8e4d-4308-b5d7-0b3d627c5dc5', 'usr_284');
INSERT INTO trabalho.usuario VALUES ('usr_285', '285_Antonella_Costa@yahoo.com', 'Antonella Costa', 'female', 18, 'password', 'Algéria');
INSERT INTO trabalho.usuario_esta_inscrito_no_podcast VALUES (1, 'f1b92ce7-47a7-43cd-8586-4a09185cdd05', 'usr_285');
INSERT INTO trabalho.comentarios_podcast_usuario VALUES ('comment_285_0_0', 'Ut eveniet voluptate ipsam a.', 'f1b92ce7-47a7-43cd-8586-4a09185cdd05', 'usr_285');
INSERT INTO trabalho.comentarios_podcast_usuario VALUES ('comment_285_1_0', 'Animi et dolorum soluta quis facilis sapiente rerum corporis.', 'f1b92ce7-47a7-43cd-8586-4a09185cdd05', 'usr_285');
INSERT INTO trabalho.log_acesso VALUES ('log_285_0_0', 'f1b92ce7-47a7-43cd-8586-4a09185cdd05', 'usr_285');
INSERT INTO trabalho.usuario_esta_inscrito_no_podcast VALUES (1, 'c58b280a-56d4-4ad8-8c85-730e4ea86361', 'usr_285');
INSERT INTO trabalho.comentarios_podcast_usuario VALUES ('comment_285_0_1', 'Est ex debitis aut aperiam repellendus dolorem officiis.', 'c58b280a-56d4-4ad8-8c85-730e4ea86361', 'usr_285');
INSERT INTO trabalho.comentarios_podcast_usuario VALUES ('comment_285_1_1', 'Consequuntur sit error.', 'c58b280a-56d4-4ad8-8c85-730e4ea86361', 'usr_285');
INSERT INTO trabalho.log_acesso VALUES ('log_285_0_1', 'c58b280a-56d4-4ad8-8c85-730e4ea86361', 'usr_285');
INSERT INTO trabalho.usuario_esta_inscrito_no_podcast VALUES (3, '5bdf7377-8330-4f9f-8efd-e95301c122ce', 'usr_285');
INSERT INTO trabalho.comentarios_podcast_usuario VALUES ('comment_285_0_2', 'Consequatur accusamus assumenda assumenda maiores quo.', '5bdf7377-8330-4f9f-8efd-e95301c122ce', 'usr_285');
INSERT INTO trabalho.log_acesso VALUES ('log_285_0_2', '5bdf7377-8330-4f9f-8efd-e95301c122ce', 'usr_285');
INSERT INTO trabalho.log_acesso VALUES ('log_285_1_2', '5bdf7377-8330-4f9f-8efd-e95301c122ce', 'usr_285');
INSERT INTO trabalho.log_acesso VALUES ('log_285_2_2', '5bdf7377-8330-4f9f-8efd-e95301c122ce', 'usr_285');
INSERT INTO trabalho.usuario VALUES ('usr_286', '286_AnaClara29@yahoo.com', 'Ana Clara Oliveira', 'female', 1, 'password', 'Noruega');
INSERT INTO trabalho.usuario_esta_inscrito_no_podcast VALUES (1, 'fa3abe16-3645-4d22-a01d-893e6f20c408', 'usr_286');
INSERT INTO trabalho.comentarios_podcast_usuario VALUES ('comment_286_0_0', 'Sint voluptatem nam.', 'fa3abe16-3645-4d22-a01d-893e6f20c408', 'usr_286');
INSERT INTO trabalho.comentarios_podcast_usuario VALUES ('comment_286_1_0', 'Voluptas enim et.', 'fa3abe16-3645-4d22-a01d-893e6f20c408', 'usr_286');
INSERT INTO trabalho.comentarios_podcast_usuario VALUES ('comment_286_2_0', 'Et quia voluptas incidunt.', 'fa3abe16-3645-4d22-a01d-893e6f20c408', 'usr_286');
INSERT INTO trabalho.comentarios_podcast_usuario VALUES ('comment_286_3_0', 'Tenetur quis eaque.', 'fa3abe16-3645-4d22-a01d-893e6f20c408', 'usr_286');
INSERT INTO trabalho.log_acesso VALUES ('log_286_0_0', 'fa3abe16-3645-4d22-a01d-893e6f20c408', 'usr_286');
INSERT INTO trabalho.log_acesso VALUES ('log_286_1_0', 'fa3abe16-3645-4d22-a01d-893e6f20c408', 'usr_286');
INSERT INTO trabalho.log_acesso VALUES ('log_286_2_0', 'fa3abe16-3645-4d22-a01d-893e6f20c408', 'usr_286');
INSERT INTO trabalho.log_acesso VALUES ('log_286_3_0', 'fa3abe16-3645-4d22-a01d-893e6f20c408', 'usr_286');
INSERT INTO trabalho.log_acesso VALUES ('log_286_4_0', 'fa3abe16-3645-4d22-a01d-893e6f20c408', 'usr_286');
INSERT INTO trabalho.usuario_esta_inscrito_no_podcast VALUES (1, 'de2f0ddb-9903-436a-a5e2-54224254c818', 'usr_286');
INSERT INTO trabalho.comentarios_podcast_usuario VALUES ('comment_286_0_1', 'Magnam dolorem in et dolorem deserunt reprehenderit nisi non dolorem.', 'de2f0ddb-9903-436a-a5e2-54224254c818', 'usr_286');
INSERT INTO trabalho.comentarios_podcast_usuario VALUES ('comment_286_1_1', 'Ad sapiente beatae eum ab omnis praesentium voluptatum.', 'de2f0ddb-9903-436a-a5e2-54224254c818', 'usr_286');
INSERT INTO trabalho.comentarios_podcast_usuario VALUES ('comment_286_2_1', 'Consequatur culpa dolor blanditiis unde quia numquam non tempore.', 'de2f0ddb-9903-436a-a5e2-54224254c818', 'usr_286');
INSERT INTO trabalho.comentarios_podcast_usuario VALUES ('comment_286_3_1', 'Eum ex nihil occaecati laboriosam eos repudiandae quasi.', 'de2f0ddb-9903-436a-a5e2-54224254c818', 'usr_286');
INSERT INTO trabalho.log_acesso VALUES ('log_286_0_1', 'de2f0ddb-9903-436a-a5e2-54224254c818', 'usr_286');
INSERT INTO trabalho.log_acesso VALUES ('log_286_1_1', 'de2f0ddb-9903-436a-a5e2-54224254c818', 'usr_286');
INSERT INTO trabalho.log_acesso VALUES ('log_286_2_1', 'de2f0ddb-9903-436a-a5e2-54224254c818', 'usr_286');
INSERT INTO trabalho.log_acesso VALUES ('log_286_3_1', 'de2f0ddb-9903-436a-a5e2-54224254c818', 'usr_286');
INSERT INTO trabalho.usuario_esta_inscrito_no_podcast VALUES (3, 'f1b92ce7-47a7-43cd-8586-4a09185cdd05', 'usr_286');
INSERT INTO trabalho.comentarios_podcast_usuario VALUES ('comment_286_0_2', 'Repudiandae rem sit voluptatem necessitatibus quis maiores quia.', 'f1b92ce7-47a7-43cd-8586-4a09185cdd05', 'usr_286');
INSERT INTO trabalho.comentarios_podcast_usuario VALUES ('comment_286_1_2', 'Dolore nihil ducimus debitis sunt doloribus recusandae praesentium doloremque.', 'f1b92ce7-47a7-43cd-8586-4a09185cdd05', 'usr_286');
INSERT INTO trabalho.comentarios_podcast_usuario VALUES ('comment_286_2_2', 'Est cum eveniet tempora ut dignissimos eum.', 'f1b92ce7-47a7-43cd-8586-4a09185cdd05', 'usr_286');
INSERT INTO trabalho.comentarios_podcast_usuario VALUES ('comment_286_3_2', 'Magni quis voluptas tempora.', 'f1b92ce7-47a7-43cd-8586-4a09185cdd05', 'usr_286');
INSERT INTO trabalho.comentarios_podcast_usuario VALUES ('comment_286_4_2', 'Tenetur modi omnis rerum veritatis.', 'f1b92ce7-47a7-43cd-8586-4a09185cdd05', 'usr_286');
INSERT INTO trabalho.comentarios_podcast_usuario VALUES ('comment_286_5_2', 'Non ad dolor reprehenderit omnis porro qui officia.', 'f1b92ce7-47a7-43cd-8586-4a09185cdd05', 'usr_286');
INSERT INTO trabalho.comentarios_podcast_usuario VALUES ('comment_286_6_2', 'Corrupti veritatis odit voluptatem tempora corrupti nostrum error aut.', 'f1b92ce7-47a7-43cd-8586-4a09185cdd05', 'usr_286');
INSERT INTO trabalho.log_acesso VALUES ('log_286_0_2', 'f1b92ce7-47a7-43cd-8586-4a09185cdd05', 'usr_286');
INSERT INTO trabalho.log_acesso VALUES ('log_286_1_2', 'f1b92ce7-47a7-43cd-8586-4a09185cdd05', 'usr_286');
INSERT INTO trabalho.usuario VALUES ('usr_287', '287_Elo32@live.com', 'Eloá Carvalho', 'female', 1, 'password', 'Anguila');
INSERT INTO trabalho.usuario_esta_inscrito_no_podcast VALUES (5, '67074e68-bc2f-442b-8af2-7d328b6af6eb', 'usr_287');
INSERT INTO trabalho.comentarios_podcast_usuario VALUES ('comment_287_0_0', 'Dolorem aut minus error blanditiis cupiditate earum.', '67074e68-bc2f-442b-8af2-7d328b6af6eb', 'usr_287');
INSERT INTO trabalho.comentarios_podcast_usuario VALUES ('comment_287_1_0', 'Enim veniam alias laudantium nostrum ad eum vitae deleniti neque.', '67074e68-bc2f-442b-8af2-7d328b6af6eb', 'usr_287');
INSERT INTO trabalho.comentarios_podcast_usuario VALUES ('comment_287_2_0', 'Nihil eos illum atque.', '67074e68-bc2f-442b-8af2-7d328b6af6eb', 'usr_287');
INSERT INTO trabalho.comentarios_podcast_usuario VALUES ('comment_287_3_0', 'Quisquam sed laboriosam sed aut in natus doloribus voluptate.', '67074e68-bc2f-442b-8af2-7d328b6af6eb', 'usr_287');
INSERT INTO trabalho.log_acesso VALUES ('log_287_0_0', '67074e68-bc2f-442b-8af2-7d328b6af6eb', 'usr_287');
INSERT INTO trabalho.log_acesso VALUES ('log_287_1_0', '67074e68-bc2f-442b-8af2-7d328b6af6eb', 'usr_287');
INSERT INTO trabalho.log_acesso VALUES ('log_287_2_0', '67074e68-bc2f-442b-8af2-7d328b6af6eb', 'usr_287');
INSERT INTO trabalho.log_acesso VALUES ('log_287_3_0', '67074e68-bc2f-442b-8af2-7d328b6af6eb', 'usr_287');
INSERT INTO trabalho.log_acesso VALUES ('log_287_4_0', '67074e68-bc2f-442b-8af2-7d328b6af6eb', 'usr_287');
INSERT INTO trabalho.usuario_esta_inscrito_no_podcast VALUES (3, '219328a1-cec6-4e8c-b003-52a3ec9766bb', 'usr_287');
INSERT INTO trabalho.comentarios_podcast_usuario VALUES ('comment_287_0_1', 'Quia voluptatem quos fugiat.', '219328a1-cec6-4e8c-b003-52a3ec9766bb', 'usr_287');
INSERT INTO trabalho.comentarios_podcast_usuario VALUES ('comment_287_1_1', 'Officiis in et asperiores deserunt.', '219328a1-cec6-4e8c-b003-52a3ec9766bb', 'usr_287');
INSERT INTO trabalho.comentarios_podcast_usuario VALUES ('comment_287_2_1', 'Voluptatum dignissimos omnis.', '219328a1-cec6-4e8c-b003-52a3ec9766bb', 'usr_287');
INSERT INTO trabalho.comentarios_podcast_usuario VALUES ('comment_287_3_1', 'Aliquid quia et.', '219328a1-cec6-4e8c-b003-52a3ec9766bb', 'usr_287');
INSERT INTO trabalho.log_acesso VALUES ('log_287_0_1', '219328a1-cec6-4e8c-b003-52a3ec9766bb', 'usr_287');
INSERT INTO trabalho.log_acesso VALUES ('log_287_1_1', '219328a1-cec6-4e8c-b003-52a3ec9766bb', 'usr_287');
INSERT INTO trabalho.log_acesso VALUES ('log_287_2_1', '219328a1-cec6-4e8c-b003-52a3ec9766bb', 'usr_287');
INSERT INTO trabalho.usuario_esta_inscrito_no_podcast VALUES (0, 'de2f0ddb-9903-436a-a5e2-54224254c818', 'usr_287');
INSERT INTO trabalho.comentarios_podcast_usuario VALUES ('comment_287_0_2', 'Sed facere sit asperiores suscipit velit officia facere error nihil.', 'de2f0ddb-9903-436a-a5e2-54224254c818', 'usr_287');
INSERT INTO trabalho.comentarios_podcast_usuario VALUES ('comment_287_1_2', 'Aut eius harum ducimus aspernatur recusandae enim error.', 'de2f0ddb-9903-436a-a5e2-54224254c818', 'usr_287');
INSERT INTO trabalho.comentarios_podcast_usuario VALUES ('comment_287_2_2', 'Harum quibusdam et modi eligendi vitae dolorem eius.', 'de2f0ddb-9903-436a-a5e2-54224254c818', 'usr_287');
INSERT INTO trabalho.comentarios_podcast_usuario VALUES ('comment_287_3_2', 'Et nemo laboriosam tempore eum dolor.', 'de2f0ddb-9903-436a-a5e2-54224254c818', 'usr_287');
INSERT INTO trabalho.log_acesso VALUES ('log_287_0_2', 'de2f0ddb-9903-436a-a5e2-54224254c818', 'usr_287');
INSERT INTO trabalho.log_acesso VALUES ('log_287_1_2', 'de2f0ddb-9903-436a-a5e2-54224254c818', 'usr_287');
INSERT INTO trabalho.log_acesso VALUES ('log_287_2_2', 'de2f0ddb-9903-436a-a5e2-54224254c818', 'usr_287');
INSERT INTO trabalho.log_acesso VALUES ('log_287_3_2', 'de2f0ddb-9903-436a-a5e2-54224254c818', 'usr_287');
INSERT INTO trabalho.usuario VALUES ('usr_288', '288_Ricardo.Santos67@yahoo.com', 'Ricardo Santos', 'male', 43, 'password', 'Wallis e Futuna');
INSERT INTO trabalho.usuario_esta_inscrito_no_podcast VALUES (3, 'af46a958-b921-47b6-9f87-5c4fdc68ea79', 'usr_288');
INSERT INTO trabalho.comentarios_podcast_usuario VALUES ('comment_288_0_0', 'Iste rerum doloremque ut repudiandae.', 'af46a958-b921-47b6-9f87-5c4fdc68ea79', 'usr_288');
INSERT INTO trabalho.comentarios_podcast_usuario VALUES ('comment_288_1_0', 'Velit consequatur qui ullam neque et rem non est.', 'af46a958-b921-47b6-9f87-5c4fdc68ea79', 'usr_288');
INSERT INTO trabalho.comentarios_podcast_usuario VALUES ('comment_288_2_0', 'Voluptatem eos voluptates nobis vel rem iusto occaecati fugiat.', 'af46a958-b921-47b6-9f87-5c4fdc68ea79', 'usr_288');
INSERT INTO trabalho.log_acesso VALUES ('log_288_0_0', 'af46a958-b921-47b6-9f87-5c4fdc68ea79', 'usr_288');
INSERT INTO trabalho.usuario_esta_inscrito_no_podcast VALUES (3, '5bdf7377-8330-4f9f-8efd-e95301c122ce', 'usr_288');
INSERT INTO trabalho.comentarios_podcast_usuario VALUES ('comment_288_0_1', 'Est accusamus cum odit earum.', '5bdf7377-8330-4f9f-8efd-e95301c122ce', 'usr_288');
INSERT INTO trabalho.comentarios_podcast_usuario VALUES ('comment_288_1_1', 'Neque rerum ut nesciunt aut dolore.', '5bdf7377-8330-4f9f-8efd-e95301c122ce', 'usr_288');
INSERT INTO trabalho.comentarios_podcast_usuario VALUES ('comment_288_2_1', 'Mollitia quos voluptatem saepe qui sunt maiores.', '5bdf7377-8330-4f9f-8efd-e95301c122ce', 'usr_288');
INSERT INTO trabalho.comentarios_podcast_usuario VALUES ('comment_288_3_1', 'Sit quis praesentium soluta eligendi ut.', '5bdf7377-8330-4f9f-8efd-e95301c122ce', 'usr_288');
INSERT INTO trabalho.log_acesso VALUES ('log_288_0_1', '5bdf7377-8330-4f9f-8efd-e95301c122ce', 'usr_288');
INSERT INTO trabalho.log_acesso VALUES ('log_288_1_1', '5bdf7377-8330-4f9f-8efd-e95301c122ce', 'usr_288');
INSERT INTO trabalho.log_acesso VALUES ('log_288_2_1', '5bdf7377-8330-4f9f-8efd-e95301c122ce', 'usr_288');
INSERT INTO trabalho.log_acesso VALUES ('log_288_3_1', '5bdf7377-8330-4f9f-8efd-e95301c122ce', 'usr_288');
INSERT INTO trabalho.log_acesso VALUES ('log_288_4_1', '5bdf7377-8330-4f9f-8efd-e95301c122ce', 'usr_288');
INSERT INTO trabalho.usuario_esta_inscrito_no_podcast VALUES (5, 'b553d865-8fe2-47de-9a30-10e1dea3bd1d', 'usr_288');
INSERT INTO trabalho.comentarios_podcast_usuario VALUES ('comment_288_0_2', 'Veniam quia molestiae optio at nihil.', 'b553d865-8fe2-47de-9a30-10e1dea3bd1d', 'usr_288');
INSERT INTO trabalho.comentarios_podcast_usuario VALUES ('comment_288_1_2', 'Temporibus ratione mollitia dolor cumque earum unde voluptates.', 'b553d865-8fe2-47de-9a30-10e1dea3bd1d', 'usr_288');
INSERT INTO trabalho.comentarios_podcast_usuario VALUES ('comment_288_2_2', 'Nemo et quasi officiis tenetur dicta deserunt veritatis ut.', 'b553d865-8fe2-47de-9a30-10e1dea3bd1d', 'usr_288');
INSERT INTO trabalho.log_acesso VALUES ('log_288_0_2', 'b553d865-8fe2-47de-9a30-10e1dea3bd1d', 'usr_288');
INSERT INTO trabalho.log_acesso VALUES ('log_288_1_2', 'b553d865-8fe2-47de-9a30-10e1dea3bd1d', 'usr_288');
INSERT INTO trabalho.log_acesso VALUES ('log_288_2_2', 'b553d865-8fe2-47de-9a30-10e1dea3bd1d', 'usr_288');
INSERT INTO trabalho.log_acesso VALUES ('log_288_3_2', 'b553d865-8fe2-47de-9a30-10e1dea3bd1d', 'usr_288');
INSERT INTO trabalho.log_acesso VALUES ('log_288_4_2', 'b553d865-8fe2-47de-9a30-10e1dea3bd1d', 'usr_288');
INSERT INTO trabalho.log_acesso VALUES ('log_288_5_2', 'b553d865-8fe2-47de-9a30-10e1dea3bd1d', 'usr_288');
INSERT INTO trabalho.log_acesso VALUES ('log_288_6_2', 'b553d865-8fe2-47de-9a30-10e1dea3bd1d', 'usr_288');
INSERT INTO trabalho.log_acesso VALUES ('log_288_7_2', 'b553d865-8fe2-47de-9a30-10e1dea3bd1d', 'usr_288');
INSERT INTO trabalho.usuario VALUES ('usr_289', '289_Leonardo_Souza48@bol.com.br', 'Leonardo Souza', 'male', 0, 'password', 'Filipinas');
INSERT INTO trabalho.usuario_esta_inscrito_no_podcast VALUES (0, '168c1536-4c42-4b8f-8c77-f06affefec6a', 'usr_289');
INSERT INTO trabalho.comentarios_podcast_usuario VALUES ('comment_289_0_0', 'Quasi rerum iure recusandae excepturi quo harum nulla est.', '168c1536-4c42-4b8f-8c77-f06affefec6a', 'usr_289');
INSERT INTO trabalho.comentarios_podcast_usuario VALUES ('comment_289_1_0', 'Libero consequatur consectetur aut aliquid omnis quod ut molestias quaerat.', '168c1536-4c42-4b8f-8c77-f06affefec6a', 'usr_289');
INSERT INTO trabalho.comentarios_podcast_usuario VALUES ('comment_289_2_0', 'Ad harum est rem recusandae possimus aut qui.', '168c1536-4c42-4b8f-8c77-f06affefec6a', 'usr_289');
INSERT INTO trabalho.comentarios_podcast_usuario VALUES ('comment_289_3_0', 'Aliquam quidem quia dicta tempora ullam.', '168c1536-4c42-4b8f-8c77-f06affefec6a', 'usr_289');
INSERT INTO trabalho.log_acesso VALUES ('log_289_0_0', '168c1536-4c42-4b8f-8c77-f06affefec6a', 'usr_289');
INSERT INTO trabalho.log_acesso VALUES ('log_289_1_0', '168c1536-4c42-4b8f-8c77-f06affefec6a', 'usr_289');
INSERT INTO trabalho.usuario_esta_inscrito_no_podcast VALUES (1, 'f8e13774-d631-4f34-93f0-2f5d55590265', 'usr_289');
INSERT INTO trabalho.comentarios_podcast_usuario VALUES ('comment_289_0_1', 'Non ullam aut eius.', 'f8e13774-d631-4f34-93f0-2f5d55590265', 'usr_289');
INSERT INTO trabalho.comentarios_podcast_usuario VALUES ('comment_289_1_1', 'Id cum voluptatibus.', 'f8e13774-d631-4f34-93f0-2f5d55590265', 'usr_289');
INSERT INTO trabalho.comentarios_podcast_usuario VALUES ('comment_289_2_1', 'Rerum saepe tenetur veritatis ipsum quo.', 'f8e13774-d631-4f34-93f0-2f5d55590265', 'usr_289');
INSERT INTO trabalho.log_acesso VALUES ('log_289_0_1', 'f8e13774-d631-4f34-93f0-2f5d55590265', 'usr_289');
INSERT INTO trabalho.log_acesso VALUES ('log_289_1_1', 'f8e13774-d631-4f34-93f0-2f5d55590265', 'usr_289');
INSERT INTO trabalho.log_acesso VALUES ('log_289_2_1', 'f8e13774-d631-4f34-93f0-2f5d55590265', 'usr_289');
INSERT INTO trabalho.log_acesso VALUES ('log_289_3_1', 'f8e13774-d631-4f34-93f0-2f5d55590265', 'usr_289');
INSERT INTO trabalho.log_acesso VALUES ('log_289_4_1', 'f8e13774-d631-4f34-93f0-2f5d55590265', 'usr_289');
INSERT INTO trabalho.usuario_esta_inscrito_no_podcast VALUES (5, '67074e68-bc2f-442b-8af2-7d328b6af6eb', 'usr_289');
INSERT INTO trabalho.comentarios_podcast_usuario VALUES ('comment_289_0_2', 'Officiis accusamus non.', '67074e68-bc2f-442b-8af2-7d328b6af6eb', 'usr_289');
INSERT INTO trabalho.log_acesso VALUES ('log_289_0_2', '67074e68-bc2f-442b-8af2-7d328b6af6eb', 'usr_289');
INSERT INTO trabalho.log_acesso VALUES ('log_289_1_2', '67074e68-bc2f-442b-8af2-7d328b6af6eb', 'usr_289');
INSERT INTO trabalho.usuario VALUES ('usr_290', '290_Janana98@hotmail.com', 'Janaína Nogueira', 'female', 42, 'password', 'Anguila');
INSERT INTO trabalho.usuario_esta_inscrito_no_podcast VALUES (0, 'bc8dac25-793c-4a96-aafc-4ea7020f4f60', 'usr_290');
INSERT INTO trabalho.comentarios_podcast_usuario VALUES ('comment_290_0_0', 'Odit vel voluptatum exercitationem qui voluptas.', 'bc8dac25-793c-4a96-aafc-4ea7020f4f60', 'usr_290');
INSERT INTO trabalho.log_acesso VALUES ('log_290_0_0', 'bc8dac25-793c-4a96-aafc-4ea7020f4f60', 'usr_290');
INSERT INTO trabalho.log_acesso VALUES ('log_290_1_0', 'bc8dac25-793c-4a96-aafc-4ea7020f4f60', 'usr_290');
INSERT INTO trabalho.log_acesso VALUES ('log_290_2_0', 'bc8dac25-793c-4a96-aafc-4ea7020f4f60', 'usr_290');
INSERT INTO trabalho.usuario_esta_inscrito_no_podcast VALUES (3, 'f0166bd2-8e4d-4308-b5d7-0b3d627c5dc5', 'usr_290');
INSERT INTO trabalho.comentarios_podcast_usuario VALUES ('comment_290_0_1', 'Blanditiis voluptatem nam excepturi ea harum quidem hic.', 'f0166bd2-8e4d-4308-b5d7-0b3d627c5dc5', 'usr_290');
INSERT INTO trabalho.comentarios_podcast_usuario VALUES ('comment_290_1_1', 'Sunt est ut ipsa rerum aliquam dicta dolorum aut.', 'f0166bd2-8e4d-4308-b5d7-0b3d627c5dc5', 'usr_290');
INSERT INTO trabalho.comentarios_podcast_usuario VALUES ('comment_290_2_1', 'Quaerat et ipsam nihil earum.', 'f0166bd2-8e4d-4308-b5d7-0b3d627c5dc5', 'usr_290');
INSERT INTO trabalho.comentarios_podcast_usuario VALUES ('comment_290_3_1', 'Voluptas eius similique enim dolor cupiditate necessitatibus doloribus.', 'f0166bd2-8e4d-4308-b5d7-0b3d627c5dc5', 'usr_290');
INSERT INTO trabalho.log_acesso VALUES ('log_290_0_1', 'f0166bd2-8e4d-4308-b5d7-0b3d627c5dc5', 'usr_290');
INSERT INTO trabalho.log_acesso VALUES ('log_290_1_1', 'f0166bd2-8e4d-4308-b5d7-0b3d627c5dc5', 'usr_290');
INSERT INTO trabalho.log_acesso VALUES ('log_290_2_1', 'f0166bd2-8e4d-4308-b5d7-0b3d627c5dc5', 'usr_290');
INSERT INTO trabalho.usuario_esta_inscrito_no_podcast VALUES (0, '67074e68-bc2f-442b-8af2-7d328b6af6eb', 'usr_290');
INSERT INTO trabalho.comentarios_podcast_usuario VALUES ('comment_290_0_2', 'Officia est officia qui excepturi qui.', '67074e68-bc2f-442b-8af2-7d328b6af6eb', 'usr_290');
INSERT INTO trabalho.comentarios_podcast_usuario VALUES ('comment_290_1_2', 'Sequi enim consectetur doloribus itaque sed ad aut ab.', '67074e68-bc2f-442b-8af2-7d328b6af6eb', 'usr_290');
INSERT INTO trabalho.comentarios_podcast_usuario VALUES ('comment_290_2_2', 'Eligendi molestiae blanditiis ut voluptates saepe et sit.', '67074e68-bc2f-442b-8af2-7d328b6af6eb', 'usr_290');
INSERT INTO trabalho.comentarios_podcast_usuario VALUES ('comment_290_3_2', 'Dolorem nemo incidunt corporis harum mollitia voluptatem deserunt.', '67074e68-bc2f-442b-8af2-7d328b6af6eb', 'usr_290');
INSERT INTO trabalho.comentarios_podcast_usuario VALUES ('comment_290_4_2', 'Dolores accusantium delectus repudiandae aliquam consequatur hic eaque earum nesciunt.', '67074e68-bc2f-442b-8af2-7d328b6af6eb', 'usr_290');
INSERT INTO trabalho.log_acesso VALUES ('log_290_0_2', '67074e68-bc2f-442b-8af2-7d328b6af6eb', 'usr_290');
INSERT INTO trabalho.log_acesso VALUES ('log_290_1_2', '67074e68-bc2f-442b-8af2-7d328b6af6eb', 'usr_290');
INSERT INTO trabalho.log_acesso VALUES ('log_290_2_2', '67074e68-bc2f-442b-8af2-7d328b6af6eb', 'usr_290');
INSERT INTO trabalho.log_acesso VALUES ('log_290_3_2', '67074e68-bc2f-442b-8af2-7d328b6af6eb', 'usr_290');
INSERT INTO trabalho.log_acesso VALUES ('log_290_4_2', '67074e68-bc2f-442b-8af2-7d328b6af6eb', 'usr_290');
INSERT INTO trabalho.log_acesso VALUES ('log_290_5_2', '67074e68-bc2f-442b-8af2-7d328b6af6eb', 'usr_290');
INSERT INTO trabalho.usuario VALUES ('usr_291', '291_Hlio_Braga@yahoo.com', 'Hélio Braga', 'male', 15, 'password', 'Turquia');
INSERT INTO trabalho.usuario_esta_inscrito_no_podcast VALUES (3, 'c58b280a-56d4-4ad8-8c85-730e4ea86361', 'usr_291');
INSERT INTO trabalho.comentarios_podcast_usuario VALUES ('comment_291_0_0', 'Est aut laboriosam ipsam dolorem velit itaque.', 'c58b280a-56d4-4ad8-8c85-730e4ea86361', 'usr_291');
INSERT INTO trabalho.log_acesso VALUES ('log_291_0_0', 'c58b280a-56d4-4ad8-8c85-730e4ea86361', 'usr_291');
INSERT INTO trabalho.log_acesso VALUES ('log_291_1_0', 'c58b280a-56d4-4ad8-8c85-730e4ea86361', 'usr_291');
INSERT INTO trabalho.usuario_esta_inscrito_no_podcast VALUES (1, '5bdf7377-8330-4f9f-8efd-e95301c122ce', 'usr_291');
INSERT INTO trabalho.comentarios_podcast_usuario VALUES ('comment_291_0_1', 'Et ea perferendis et iusto enim.', '5bdf7377-8330-4f9f-8efd-e95301c122ce', 'usr_291');
INSERT INTO trabalho.comentarios_podcast_usuario VALUES ('comment_291_1_1', 'Deleniti provident praesentium veritatis molestiae.', '5bdf7377-8330-4f9f-8efd-e95301c122ce', 'usr_291');
INSERT INTO trabalho.log_acesso VALUES ('log_291_0_1', '5bdf7377-8330-4f9f-8efd-e95301c122ce', 'usr_291');
INSERT INTO trabalho.log_acesso VALUES ('log_291_1_1', '5bdf7377-8330-4f9f-8efd-e95301c122ce', 'usr_291');
INSERT INTO trabalho.log_acesso VALUES ('log_291_2_1', '5bdf7377-8330-4f9f-8efd-e95301c122ce', 'usr_291');
INSERT INTO trabalho.usuario_esta_inscrito_no_podcast VALUES (5, 'af46a958-b921-47b6-9f87-5c4fdc68ea79', 'usr_291');
INSERT INTO trabalho.comentarios_podcast_usuario VALUES ('comment_291_0_2', 'Aperiam atque hic ut ipsam voluptas placeat.', 'af46a958-b921-47b6-9f87-5c4fdc68ea79', 'usr_291');
INSERT INTO trabalho.comentarios_podcast_usuario VALUES ('comment_291_1_2', 'Praesentium omnis omnis quibusdam rerum est qui.', 'af46a958-b921-47b6-9f87-5c4fdc68ea79', 'usr_291');
INSERT INTO trabalho.comentarios_podcast_usuario VALUES ('comment_291_2_2', 'Natus quia excepturi aliquid qui dicta aut at deleniti.', 'af46a958-b921-47b6-9f87-5c4fdc68ea79', 'usr_291');
INSERT INTO trabalho.log_acesso VALUES ('log_291_0_2', 'af46a958-b921-47b6-9f87-5c4fdc68ea79', 'usr_291');
INSERT INTO trabalho.log_acesso VALUES ('log_291_1_2', 'af46a958-b921-47b6-9f87-5c4fdc68ea79', 'usr_291');
INSERT INTO trabalho.log_acesso VALUES ('log_291_2_2', 'af46a958-b921-47b6-9f87-5c4fdc68ea79', 'usr_291');
INSERT INTO trabalho.log_acesso VALUES ('log_291_3_2', 'af46a958-b921-47b6-9f87-5c4fdc68ea79', 'usr_291');
INSERT INTO trabalho.log_acesso VALUES ('log_291_4_2', 'af46a958-b921-47b6-9f87-5c4fdc68ea79', 'usr_291');
INSERT INTO trabalho.log_acesso VALUES ('log_291_5_2', 'af46a958-b921-47b6-9f87-5c4fdc68ea79', 'usr_291');
INSERT INTO trabalho.usuario VALUES ('usr_292', '292_Gabriel.Barros80@hotmail.com', 'Gabriel Barros', 'male', 24, 'password', 'Jamaica');
INSERT INTO trabalho.usuario_esta_inscrito_no_podcast VALUES (0, 'af46a958-b921-47b6-9f87-5c4fdc68ea79', 'usr_292');
INSERT INTO trabalho.comentarios_podcast_usuario VALUES ('comment_292_0_0', 'Id delectus delectus non inventore cupiditate perferendis facere consequatur.', 'af46a958-b921-47b6-9f87-5c4fdc68ea79', 'usr_292');
INSERT INTO trabalho.comentarios_podcast_usuario VALUES ('comment_292_1_0', 'Aut ut neque dolorem enim veritatis sunt et.', 'af46a958-b921-47b6-9f87-5c4fdc68ea79', 'usr_292');
INSERT INTO trabalho.log_acesso VALUES ('log_292_0_0', 'af46a958-b921-47b6-9f87-5c4fdc68ea79', 'usr_292');
INSERT INTO trabalho.log_acesso VALUES ('log_292_1_0', 'af46a958-b921-47b6-9f87-5c4fdc68ea79', 'usr_292');
INSERT INTO trabalho.log_acesso VALUES ('log_292_2_0', 'af46a958-b921-47b6-9f87-5c4fdc68ea79', 'usr_292');
INSERT INTO trabalho.log_acesso VALUES ('log_292_3_0', 'af46a958-b921-47b6-9f87-5c4fdc68ea79', 'usr_292');
INSERT INTO trabalho.log_acesso VALUES ('log_292_4_0', 'af46a958-b921-47b6-9f87-5c4fdc68ea79', 'usr_292');
INSERT INTO trabalho.usuario_esta_inscrito_no_podcast VALUES (1, 'de2f0ddb-9903-436a-a5e2-54224254c818', 'usr_292');
INSERT INTO trabalho.comentarios_podcast_usuario VALUES ('comment_292_0_1', 'Aliquid aut et.', 'de2f0ddb-9903-436a-a5e2-54224254c818', 'usr_292');
INSERT INTO trabalho.comentarios_podcast_usuario VALUES ('comment_292_1_1', 'Consequatur enim assumenda odio dolor ad nostrum rerum.', 'de2f0ddb-9903-436a-a5e2-54224254c818', 'usr_292');
INSERT INTO trabalho.comentarios_podcast_usuario VALUES ('comment_292_2_1', 'Consectetur reiciendis perferendis quidem.', 'de2f0ddb-9903-436a-a5e2-54224254c818', 'usr_292');
INSERT INTO trabalho.comentarios_podcast_usuario VALUES ('comment_292_3_1', 'Quia aperiam asperiores quis non.', 'de2f0ddb-9903-436a-a5e2-54224254c818', 'usr_292');
INSERT INTO trabalho.log_acesso VALUES ('log_292_0_1', 'de2f0ddb-9903-436a-a5e2-54224254c818', 'usr_292');
INSERT INTO trabalho.log_acesso VALUES ('log_292_1_1', 'de2f0ddb-9903-436a-a5e2-54224254c818', 'usr_292');
INSERT INTO trabalho.log_acesso VALUES ('log_292_2_1', 'de2f0ddb-9903-436a-a5e2-54224254c818', 'usr_292');
INSERT INTO trabalho.usuario_esta_inscrito_no_podcast VALUES (5, 'f0166bd2-8e4d-4308-b5d7-0b3d627c5dc5', 'usr_292');
INSERT INTO trabalho.comentarios_podcast_usuario VALUES ('comment_292_0_2', 'Voluptatem libero dolores ullam ut rem nam sint ipsa iusto.', 'f0166bd2-8e4d-4308-b5d7-0b3d627c5dc5', 'usr_292');
INSERT INTO trabalho.comentarios_podcast_usuario VALUES ('comment_292_1_2', 'Autem sed amet beatae repudiandae laborum quae cum sit.', 'f0166bd2-8e4d-4308-b5d7-0b3d627c5dc5', 'usr_292');
INSERT INTO trabalho.comentarios_podcast_usuario VALUES ('comment_292_2_2', 'Quibusdam quis praesentium ratione pariatur suscipit dolores.', 'f0166bd2-8e4d-4308-b5d7-0b3d627c5dc5', 'usr_292');
INSERT INTO trabalho.log_acesso VALUES ('log_292_0_2', 'f0166bd2-8e4d-4308-b5d7-0b3d627c5dc5', 'usr_292');
INSERT INTO trabalho.log_acesso VALUES ('log_292_1_2', 'f0166bd2-8e4d-4308-b5d7-0b3d627c5dc5', 'usr_292');
INSERT INTO trabalho.log_acesso VALUES ('log_292_2_2', 'f0166bd2-8e4d-4308-b5d7-0b3d627c5dc5', 'usr_292');
INSERT INTO trabalho.log_acesso VALUES ('log_292_3_2', 'f0166bd2-8e4d-4308-b5d7-0b3d627c5dc5', 'usr_292');
INSERT INTO trabalho.usuario VALUES ('usr_293', '293_Sarah49@yahoo.com', 'Sarah Carvalho', 'female', 44, 'password', 'Armênia');
INSERT INTO trabalho.usuario_esta_inscrito_no_podcast VALUES (3, 'f8e13774-d631-4f34-93f0-2f5d55590265', 'usr_293');
INSERT INTO trabalho.comentarios_podcast_usuario VALUES ('comment_293_0_0', 'Officiis dignissimos aliquid excepturi ad.', 'f8e13774-d631-4f34-93f0-2f5d55590265', 'usr_293');
INSERT INTO trabalho.comentarios_podcast_usuario VALUES ('comment_293_1_0', 'Tempore harum fuga veritatis quo tenetur sed quos ipsa enim.', 'f8e13774-d631-4f34-93f0-2f5d55590265', 'usr_293');
INSERT INTO trabalho.comentarios_podcast_usuario VALUES ('comment_293_2_0', 'Amet quas voluptatibus temporibus qui ut dolore iusto error.', 'f8e13774-d631-4f34-93f0-2f5d55590265', 'usr_293');
INSERT INTO trabalho.comentarios_podcast_usuario VALUES ('comment_293_3_0', 'Quis vel cum vel velit labore officiis.', 'f8e13774-d631-4f34-93f0-2f5d55590265', 'usr_293');
INSERT INTO trabalho.log_acesso VALUES ('log_293_0_0', 'f8e13774-d631-4f34-93f0-2f5d55590265', 'usr_293');
INSERT INTO trabalho.log_acesso VALUES ('log_293_1_0', 'f8e13774-d631-4f34-93f0-2f5d55590265', 'usr_293');
INSERT INTO trabalho.usuario_esta_inscrito_no_podcast VALUES (0, 'c58b280a-56d4-4ad8-8c85-730e4ea86361', 'usr_293');
INSERT INTO trabalho.comentarios_podcast_usuario VALUES ('comment_293_0_1', 'Quaerat dolorum ut quia quaerat eaque voluptatem nesciunt enim.', 'c58b280a-56d4-4ad8-8c85-730e4ea86361', 'usr_293');
INSERT INTO trabalho.log_acesso VALUES ('log_293_0_1', 'c58b280a-56d4-4ad8-8c85-730e4ea86361', 'usr_293');
INSERT INTO trabalho.usuario_esta_inscrito_no_podcast VALUES (3, '7e429e8e-7669-403d-bb78-3cd7f9f75afd', 'usr_293');
INSERT INTO trabalho.comentarios_podcast_usuario VALUES ('comment_293_0_2', 'Rerum placeat sit consectetur quaerat corrupti.', '7e429e8e-7669-403d-bb78-3cd7f9f75afd', 'usr_293');
INSERT INTO trabalho.comentarios_podcast_usuario VALUES ('comment_293_1_2', 'Eos officiis inventore vel est possimus porro.', '7e429e8e-7669-403d-bb78-3cd7f9f75afd', 'usr_293');
INSERT INTO trabalho.log_acesso VALUES ('log_293_0_2', '7e429e8e-7669-403d-bb78-3cd7f9f75afd', 'usr_293');
INSERT INTO trabalho.log_acesso VALUES ('log_293_1_2', '7e429e8e-7669-403d-bb78-3cd7f9f75afd', 'usr_293');
INSERT INTO trabalho.log_acesso VALUES ('log_293_2_2', '7e429e8e-7669-403d-bb78-3cd7f9f75afd', 'usr_293');
INSERT INTO trabalho.log_acesso VALUES ('log_293_3_2', '7e429e8e-7669-403d-bb78-3cd7f9f75afd', 'usr_293');
INSERT INTO trabalho.usuario VALUES ('usr_294', '294_PedroHenrique6@yahoo.com', 'Pedro Henrique Reis', 'male', 39, 'password', 'Hong Kong');
INSERT INTO trabalho.usuario_esta_inscrito_no_podcast VALUES (1, '168c1536-4c42-4b8f-8c77-f06affefec6a', 'usr_294');
INSERT INTO trabalho.comentarios_podcast_usuario VALUES ('comment_294_0_0', 'Nihil laborum eos sapiente quidem est ea ratione sed.', '168c1536-4c42-4b8f-8c77-f06affefec6a', 'usr_294');
INSERT INTO trabalho.comentarios_podcast_usuario VALUES ('comment_294_1_0', 'Cumque et beatae architecto voluptatem quam aut suscipit.', '168c1536-4c42-4b8f-8c77-f06affefec6a', 'usr_294');
INSERT INTO trabalho.comentarios_podcast_usuario VALUES ('comment_294_2_0', 'Quia ullam officiis non eligendi et vitae.', '168c1536-4c42-4b8f-8c77-f06affefec6a', 'usr_294');
INSERT INTO trabalho.comentarios_podcast_usuario VALUES ('comment_294_3_0', 'Et omnis quo fuga.', '168c1536-4c42-4b8f-8c77-f06affefec6a', 'usr_294');
INSERT INTO trabalho.comentarios_podcast_usuario VALUES ('comment_294_4_0', 'Aut et reiciendis et sunt.', '168c1536-4c42-4b8f-8c77-f06affefec6a', 'usr_294');
INSERT INTO trabalho.log_acesso VALUES ('log_294_0_0', '168c1536-4c42-4b8f-8c77-f06affefec6a', 'usr_294');
INSERT INTO trabalho.log_acesso VALUES ('log_294_1_0', '168c1536-4c42-4b8f-8c77-f06affefec6a', 'usr_294');
INSERT INTO trabalho.log_acesso VALUES ('log_294_2_0', '168c1536-4c42-4b8f-8c77-f06affefec6a', 'usr_294');
INSERT INTO trabalho.log_acesso VALUES ('log_294_3_0', '168c1536-4c42-4b8f-8c77-f06affefec6a', 'usr_294');
INSERT INTO trabalho.log_acesso VALUES ('log_294_4_0', '168c1536-4c42-4b8f-8c77-f06affefec6a', 'usr_294');
INSERT INTO trabalho.usuario_esta_inscrito_no_podcast VALUES (3, '7e429e8e-7669-403d-bb78-3cd7f9f75afd', 'usr_294');
INSERT INTO trabalho.comentarios_podcast_usuario VALUES ('comment_294_0_1', 'Tempora voluptas ullam accusantium.', '7e429e8e-7669-403d-bb78-3cd7f9f75afd', 'usr_294');
INSERT INTO trabalho.comentarios_podcast_usuario VALUES ('comment_294_1_1', 'Voluptatem consequatur doloremque odio.', '7e429e8e-7669-403d-bb78-3cd7f9f75afd', 'usr_294');
INSERT INTO trabalho.comentarios_podcast_usuario VALUES ('comment_294_2_1', 'Fugit a aliquid ea beatae molestiae necessitatibus blanditiis.', '7e429e8e-7669-403d-bb78-3cd7f9f75afd', 'usr_294');
INSERT INTO trabalho.comentarios_podcast_usuario VALUES ('comment_294_3_1', 'Et illum sit.', '7e429e8e-7669-403d-bb78-3cd7f9f75afd', 'usr_294');
INSERT INTO trabalho.log_acesso VALUES ('log_294_0_1', '7e429e8e-7669-403d-bb78-3cd7f9f75afd', 'usr_294');
INSERT INTO trabalho.log_acesso VALUES ('log_294_1_1', '7e429e8e-7669-403d-bb78-3cd7f9f75afd', 'usr_294');
INSERT INTO trabalho.usuario_esta_inscrito_no_podcast VALUES (3, 'af46a958-b921-47b6-9f87-5c4fdc68ea79', 'usr_294');
INSERT INTO trabalho.comentarios_podcast_usuario VALUES ('comment_294_0_2', 'Animi quia error suscipit.', 'af46a958-b921-47b6-9f87-5c4fdc68ea79', 'usr_294');
INSERT INTO trabalho.comentarios_podcast_usuario VALUES ('comment_294_1_2', 'Ut reprehenderit tempore maxime magni saepe aut assumenda maxime perferendis.', 'af46a958-b921-47b6-9f87-5c4fdc68ea79', 'usr_294');
INSERT INTO trabalho.log_acesso VALUES ('log_294_0_2', 'af46a958-b921-47b6-9f87-5c4fdc68ea79', 'usr_294');
INSERT INTO trabalho.log_acesso VALUES ('log_294_1_2', 'af46a958-b921-47b6-9f87-5c4fdc68ea79', 'usr_294');
INSERT INTO trabalho.log_acesso VALUES ('log_294_2_2', 'af46a958-b921-47b6-9f87-5c4fdc68ea79', 'usr_294');
INSERT INTO trabalho.log_acesso VALUES ('log_294_3_2', 'af46a958-b921-47b6-9f87-5c4fdc68ea79', 'usr_294');
INSERT INTO trabalho.usuario VALUES ('usr_295', '295_Elisa20@hotmail.com', 'Elisa Nogueira', 'female', 52, 'password', 'Indonésia');
INSERT INTO trabalho.usuario_esta_inscrito_no_podcast VALUES (3, 'fa3abe16-3645-4d22-a01d-893e6f20c408', 'usr_295');
INSERT INTO trabalho.comentarios_podcast_usuario VALUES ('comment_295_0_0', 'Et minima nihil nemo sit.', 'fa3abe16-3645-4d22-a01d-893e6f20c408', 'usr_295');
INSERT INTO trabalho.comentarios_podcast_usuario VALUES ('comment_295_1_0', 'Et ratione nostrum non aut laborum aut.', 'fa3abe16-3645-4d22-a01d-893e6f20c408', 'usr_295');
INSERT INTO trabalho.comentarios_podcast_usuario VALUES ('comment_295_2_0', 'Sed quod quia omnis doloribus ut.', 'fa3abe16-3645-4d22-a01d-893e6f20c408', 'usr_295');
INSERT INTO trabalho.comentarios_podcast_usuario VALUES ('comment_295_3_0', 'Sint et esse labore.', 'fa3abe16-3645-4d22-a01d-893e6f20c408', 'usr_295');
INSERT INTO trabalho.log_acesso VALUES ('log_295_0_0', 'fa3abe16-3645-4d22-a01d-893e6f20c408', 'usr_295');
INSERT INTO trabalho.log_acesso VALUES ('log_295_1_0', 'fa3abe16-3645-4d22-a01d-893e6f20c408', 'usr_295');
INSERT INTO trabalho.log_acesso VALUES ('log_295_2_0', 'fa3abe16-3645-4d22-a01d-893e6f20c408', 'usr_295');
INSERT INTO trabalho.log_acesso VALUES ('log_295_3_0', 'fa3abe16-3645-4d22-a01d-893e6f20c408', 'usr_295');
INSERT INTO trabalho.usuario_esta_inscrito_no_podcast VALUES (0, '168c1536-4c42-4b8f-8c77-f06affefec6a', 'usr_295');
INSERT INTO trabalho.comentarios_podcast_usuario VALUES ('comment_295_0_1', 'Placeat molestiae nostrum eaque et architecto dolor iusto repudiandae deserunt.', '168c1536-4c42-4b8f-8c77-f06affefec6a', 'usr_295');
INSERT INTO trabalho.comentarios_podcast_usuario VALUES ('comment_295_1_1', 'Veniam molestias qui.', '168c1536-4c42-4b8f-8c77-f06affefec6a', 'usr_295');
INSERT INTO trabalho.comentarios_podcast_usuario VALUES ('comment_295_2_1', 'Voluptatem aut nobis cupiditate pariatur mollitia assumenda eos aut provident.', '168c1536-4c42-4b8f-8c77-f06affefec6a', 'usr_295');
INSERT INTO trabalho.comentarios_podcast_usuario VALUES ('comment_295_3_1', 'Iusto praesentium explicabo omnis minima totam vel distinctio sunt qui.', '168c1536-4c42-4b8f-8c77-f06affefec6a', 'usr_295');
INSERT INTO trabalho.log_acesso VALUES ('log_295_0_1', '168c1536-4c42-4b8f-8c77-f06affefec6a', 'usr_295');
INSERT INTO trabalho.log_acesso VALUES ('log_295_1_1', '168c1536-4c42-4b8f-8c77-f06affefec6a', 'usr_295');
INSERT INTO trabalho.log_acesso VALUES ('log_295_2_1', '168c1536-4c42-4b8f-8c77-f06affefec6a', 'usr_295');
INSERT INTO trabalho.log_acesso VALUES ('log_295_3_1', '168c1536-4c42-4b8f-8c77-f06affefec6a', 'usr_295');
INSERT INTO trabalho.usuario_esta_inscrito_no_podcast VALUES (4, '67074e68-bc2f-442b-8af2-7d328b6af6eb', 'usr_295');
INSERT INTO trabalho.comentarios_podcast_usuario VALUES ('comment_295_0_2', 'Mollitia nam ea et velit voluptatem et qui perspiciatis incidunt.', '67074e68-bc2f-442b-8af2-7d328b6af6eb', 'usr_295');
INSERT INTO trabalho.comentarios_podcast_usuario VALUES ('comment_295_1_2', 'Harum at suscipit libero sit.', '67074e68-bc2f-442b-8af2-7d328b6af6eb', 'usr_295');
INSERT INTO trabalho.log_acesso VALUES ('log_295_0_2', '67074e68-bc2f-442b-8af2-7d328b6af6eb', 'usr_295');
INSERT INTO trabalho.usuario VALUES ('usr_296', '296_Yago_Moreira87@bol.com.br', 'Yago Moreira', 'male', 37, 'password', 'Chile');
INSERT INTO trabalho.usuario_esta_inscrito_no_podcast VALUES (0, '5bdf7377-8330-4f9f-8efd-e95301c122ce', 'usr_296');
INSERT INTO trabalho.comentarios_podcast_usuario VALUES ('comment_296_0_0', 'Commodi nihil natus et cum quia.', '5bdf7377-8330-4f9f-8efd-e95301c122ce', 'usr_296');
INSERT INTO trabalho.log_acesso VALUES ('log_296_0_0', '5bdf7377-8330-4f9f-8efd-e95301c122ce', 'usr_296');
INSERT INTO trabalho.log_acesso VALUES ('log_296_1_0', '5bdf7377-8330-4f9f-8efd-e95301c122ce', 'usr_296');
INSERT INTO trabalho.log_acesso VALUES ('log_296_2_0', '5bdf7377-8330-4f9f-8efd-e95301c122ce', 'usr_296');
INSERT INTO trabalho.log_acesso VALUES ('log_296_3_0', '5bdf7377-8330-4f9f-8efd-e95301c122ce', 'usr_296');
INSERT INTO trabalho.log_acesso VALUES ('log_296_4_0', '5bdf7377-8330-4f9f-8efd-e95301c122ce', 'usr_296');
INSERT INTO trabalho.usuario_esta_inscrito_no_podcast VALUES (1, 'f1b92ce7-47a7-43cd-8586-4a09185cdd05', 'usr_296');
INSERT INTO trabalho.comentarios_podcast_usuario VALUES ('comment_296_0_1', 'Itaque minima illum assumenda accusamus.', 'f1b92ce7-47a7-43cd-8586-4a09185cdd05', 'usr_296');
INSERT INTO trabalho.comentarios_podcast_usuario VALUES ('comment_296_1_1', 'Veniam in facilis dolor omnis quas molestiae voluptatum hic.', 'f1b92ce7-47a7-43cd-8586-4a09185cdd05', 'usr_296');
INSERT INTO trabalho.log_acesso VALUES ('log_296_0_1', 'f1b92ce7-47a7-43cd-8586-4a09185cdd05', 'usr_296');
INSERT INTO trabalho.log_acesso VALUES ('log_296_1_1', 'f1b92ce7-47a7-43cd-8586-4a09185cdd05', 'usr_296');
INSERT INTO trabalho.log_acesso VALUES ('log_296_2_1', 'f1b92ce7-47a7-43cd-8586-4a09185cdd05', 'usr_296');
INSERT INTO trabalho.usuario_esta_inscrito_no_podcast VALUES (3, 'f8e13774-d631-4f34-93f0-2f5d55590265', 'usr_296');
INSERT INTO trabalho.comentarios_podcast_usuario VALUES ('comment_296_0_2', 'Optio temporibus exercitationem.', 'f8e13774-d631-4f34-93f0-2f5d55590265', 'usr_296');
INSERT INTO trabalho.comentarios_podcast_usuario VALUES ('comment_296_1_2', 'Architecto ipsum qui.', 'f8e13774-d631-4f34-93f0-2f5d55590265', 'usr_296');
INSERT INTO trabalho.comentarios_podcast_usuario VALUES ('comment_296_2_2', 'Sed tenetur et id corporis et sunt.', 'f8e13774-d631-4f34-93f0-2f5d55590265', 'usr_296');
INSERT INTO trabalho.log_acesso VALUES ('log_296_0_2', 'f8e13774-d631-4f34-93f0-2f5d55590265', 'usr_296');
INSERT INTO trabalho.log_acesso VALUES ('log_296_1_2', 'f8e13774-d631-4f34-93f0-2f5d55590265', 'usr_296');
INSERT INTO trabalho.log_acesso VALUES ('log_296_2_2', 'f8e13774-d631-4f34-93f0-2f5d55590265', 'usr_296');
INSERT INTO trabalho.log_acesso VALUES ('log_296_3_2', 'f8e13774-d631-4f34-93f0-2f5d55590265', 'usr_296');
INSERT INTO trabalho.log_acesso VALUES ('log_296_4_2', 'f8e13774-d631-4f34-93f0-2f5d55590265', 'usr_296');
INSERT INTO trabalho.usuario VALUES ('usr_297', '297_Guilherme.Carvalho93@gmail.com', 'Guilherme Carvalho', 'male', 56, 'password', 'Grécia');
INSERT INTO trabalho.usuario_esta_inscrito_no_podcast VALUES (4, 'af46a958-b921-47b6-9f87-5c4fdc68ea79', 'usr_297');
INSERT INTO trabalho.comentarios_podcast_usuario VALUES ('comment_297_0_0', 'Quo vero nesciunt animi.', 'af46a958-b921-47b6-9f87-5c4fdc68ea79', 'usr_297');
INSERT INTO trabalho.comentarios_podcast_usuario VALUES ('comment_297_1_0', 'Eaque quisquam aspernatur.', 'af46a958-b921-47b6-9f87-5c4fdc68ea79', 'usr_297');
INSERT INTO trabalho.comentarios_podcast_usuario VALUES ('comment_297_2_0', 'Ad ipsa reiciendis impedit.', 'af46a958-b921-47b6-9f87-5c4fdc68ea79', 'usr_297');
INSERT INTO trabalho.comentarios_podcast_usuario VALUES ('comment_297_3_0', 'Dolorum omnis quisquam.', 'af46a958-b921-47b6-9f87-5c4fdc68ea79', 'usr_297');
INSERT INTO trabalho.log_acesso VALUES ('log_297_0_0', 'af46a958-b921-47b6-9f87-5c4fdc68ea79', 'usr_297');
INSERT INTO trabalho.log_acesso VALUES ('log_297_1_0', 'af46a958-b921-47b6-9f87-5c4fdc68ea79', 'usr_297');
INSERT INTO trabalho.usuario_esta_inscrito_no_podcast VALUES (2, 'f0166bd2-8e4d-4308-b5d7-0b3d627c5dc5', 'usr_297');
INSERT INTO trabalho.comentarios_podcast_usuario VALUES ('comment_297_0_1', 'Quo assumenda dolor quibusdam voluptates magni consequatur dolor iure pariatur.', 'f0166bd2-8e4d-4308-b5d7-0b3d627c5dc5', 'usr_297');
INSERT INTO trabalho.comentarios_podcast_usuario VALUES ('comment_297_1_1', 'Ut eius quae et omnis sunt.', 'f0166bd2-8e4d-4308-b5d7-0b3d627c5dc5', 'usr_297');
INSERT INTO trabalho.comentarios_podcast_usuario VALUES ('comment_297_2_1', 'Asperiores autem fugiat.', 'f0166bd2-8e4d-4308-b5d7-0b3d627c5dc5', 'usr_297');
INSERT INTO trabalho.log_acesso VALUES ('log_297_0_1', 'f0166bd2-8e4d-4308-b5d7-0b3d627c5dc5', 'usr_297');
INSERT INTO trabalho.log_acesso VALUES ('log_297_1_1', 'f0166bd2-8e4d-4308-b5d7-0b3d627c5dc5', 'usr_297');
INSERT INTO trabalho.usuario_esta_inscrito_no_podcast VALUES (1, 'f8e13774-d631-4f34-93f0-2f5d55590265', 'usr_297');
INSERT INTO trabalho.comentarios_podcast_usuario VALUES ('comment_297_0_2', 'Optio inventore excepturi facilis magnam et ea in.', 'f8e13774-d631-4f34-93f0-2f5d55590265', 'usr_297');
INSERT INTO trabalho.comentarios_podcast_usuario VALUES ('comment_297_1_2', 'Maxime omnis et ipsam quibusdam eos qui natus.', 'f8e13774-d631-4f34-93f0-2f5d55590265', 'usr_297');
INSERT INTO trabalho.comentarios_podcast_usuario VALUES ('comment_297_2_2', 'Laudantium ut veniam cum autem.', 'f8e13774-d631-4f34-93f0-2f5d55590265', 'usr_297');
INSERT INTO trabalho.log_acesso VALUES ('log_297_0_2', 'f8e13774-d631-4f34-93f0-2f5d55590265', 'usr_297');
INSERT INTO trabalho.usuario VALUES ('usr_298', '298_PedroHenrique_Carvalho32@bol.com.br', 'Pedro Henrique Carvalho', 'male', 35, 'password', 'Latvia');
INSERT INTO trabalho.usuario_esta_inscrito_no_podcast VALUES (0, '7e429e8e-7669-403d-bb78-3cd7f9f75afd', 'usr_298');
INSERT INTO trabalho.comentarios_podcast_usuario VALUES ('comment_298_0_0', 'Quis qui qui tempora sunt veritatis quae velit.', '7e429e8e-7669-403d-bb78-3cd7f9f75afd', 'usr_298');
INSERT INTO trabalho.comentarios_podcast_usuario VALUES ('comment_298_1_0', 'Modi nemo at blanditiis vero error excepturi et dolorum.', '7e429e8e-7669-403d-bb78-3cd7f9f75afd', 'usr_298');
INSERT INTO trabalho.comentarios_podcast_usuario VALUES ('comment_298_2_0', 'Quia nemo eum quae dolor laudantium.', '7e429e8e-7669-403d-bb78-3cd7f9f75afd', 'usr_298');
INSERT INTO trabalho.comentarios_podcast_usuario VALUES ('comment_298_3_0', 'Dolorem autem id iure.', '7e429e8e-7669-403d-bb78-3cd7f9f75afd', 'usr_298');
INSERT INTO trabalho.log_acesso VALUES ('log_298_0_0', '7e429e8e-7669-403d-bb78-3cd7f9f75afd', 'usr_298');
INSERT INTO trabalho.log_acesso VALUES ('log_298_1_0', '7e429e8e-7669-403d-bb78-3cd7f9f75afd', 'usr_298');
INSERT INTO trabalho.log_acesso VALUES ('log_298_2_0', '7e429e8e-7669-403d-bb78-3cd7f9f75afd', 'usr_298');
INSERT INTO trabalho.log_acesso VALUES ('log_298_3_0', '7e429e8e-7669-403d-bb78-3cd7f9f75afd', 'usr_298');
INSERT INTO trabalho.log_acesso VALUES ('log_298_4_0', '7e429e8e-7669-403d-bb78-3cd7f9f75afd', 'usr_298');
INSERT INTO trabalho.usuario_esta_inscrito_no_podcast VALUES (1, 'f8e13774-d631-4f34-93f0-2f5d55590265', 'usr_298');
INSERT INTO trabalho.comentarios_podcast_usuario VALUES ('comment_298_0_1', 'Eos quis et qui dignissimos deserunt sed blanditiis sequi eaque.', 'f8e13774-d631-4f34-93f0-2f5d55590265', 'usr_298');
INSERT INTO trabalho.comentarios_podcast_usuario VALUES ('comment_298_1_1', 'Reiciendis tempora illo eum eveniet voluptas et repudiandae corporis.', 'f8e13774-d631-4f34-93f0-2f5d55590265', 'usr_298');
INSERT INTO trabalho.comentarios_podcast_usuario VALUES ('comment_298_2_1', 'Esse recusandae est quod enim fugiat molestias ratione.', 'f8e13774-d631-4f34-93f0-2f5d55590265', 'usr_298');
INSERT INTO trabalho.comentarios_podcast_usuario VALUES ('comment_298_3_1', 'Reprehenderit expedita illum eos corporis facere impedit et possimus.', 'f8e13774-d631-4f34-93f0-2f5d55590265', 'usr_298');
INSERT INTO trabalho.log_acesso VALUES ('log_298_0_1', 'f8e13774-d631-4f34-93f0-2f5d55590265', 'usr_298');
INSERT INTO trabalho.usuario_esta_inscrito_no_podcast VALUES (4, '168c1536-4c42-4b8f-8c77-f06affefec6a', 'usr_298');
INSERT INTO trabalho.comentarios_podcast_usuario VALUES ('comment_298_0_2', 'Ea aliquam autem quae delectus quis.', '168c1536-4c42-4b8f-8c77-f06affefec6a', 'usr_298');
INSERT INTO trabalho.comentarios_podcast_usuario VALUES ('comment_298_1_2', 'Voluptatum aspernatur iusto.', '168c1536-4c42-4b8f-8c77-f06affefec6a', 'usr_298');
INSERT INTO trabalho.comentarios_podcast_usuario VALUES ('comment_298_2_2', 'Velit adipisci et.', '168c1536-4c42-4b8f-8c77-f06affefec6a', 'usr_298');
INSERT INTO trabalho.comentarios_podcast_usuario VALUES ('comment_298_3_2', 'Est nemo tempora earum illo.', '168c1536-4c42-4b8f-8c77-f06affefec6a', 'usr_298');
INSERT INTO trabalho.comentarios_podcast_usuario VALUES ('comment_298_4_2', 'Quam minima est voluptatum sed tempore quae quam voluptatem.', '168c1536-4c42-4b8f-8c77-f06affefec6a', 'usr_298');
INSERT INTO trabalho.log_acesso VALUES ('log_298_0_2', '168c1536-4c42-4b8f-8c77-f06affefec6a', 'usr_298');
INSERT INTO trabalho.log_acesso VALUES ('log_298_1_2', '168c1536-4c42-4b8f-8c77-f06affefec6a', 'usr_298');
INSERT INTO trabalho.log_acesso VALUES ('log_298_2_2', '168c1536-4c42-4b8f-8c77-f06affefec6a', 'usr_298');
INSERT INTO trabalho.usuario VALUES ('usr_299', '299_MariaCeclia_Braga@bol.com.br', 'Maria Cecília Braga', 'female', 4, 'password', 'Suazilândia');
INSERT INTO trabalho.usuario_esta_inscrito_no_podcast VALUES (5, '5bdf7377-8330-4f9f-8efd-e95301c122ce', 'usr_299');
INSERT INTO trabalho.comentarios_podcast_usuario VALUES ('comment_299_0_0', 'Non nisi quia sequi aperiam laudantium.', '5bdf7377-8330-4f9f-8efd-e95301c122ce', 'usr_299');
INSERT INTO trabalho.comentarios_podcast_usuario VALUES ('comment_299_1_0', 'Et molestiae architecto assumenda nobis voluptatem adipisci.', '5bdf7377-8330-4f9f-8efd-e95301c122ce', 'usr_299');
INSERT INTO trabalho.comentarios_podcast_usuario VALUES ('comment_299_2_0', 'Ea quas accusantium assumenda architecto ratione aperiam ipsa saepe.', '5bdf7377-8330-4f9f-8efd-e95301c122ce', 'usr_299');
INSERT INTO trabalho.comentarios_podcast_usuario VALUES ('comment_299_3_0', 'Id aut debitis nobis dolor asperiores atque.', '5bdf7377-8330-4f9f-8efd-e95301c122ce', 'usr_299');
INSERT INTO trabalho.comentarios_podcast_usuario VALUES ('comment_299_4_0', 'Sunt suscipit et dolor quod earum praesentium.', '5bdf7377-8330-4f9f-8efd-e95301c122ce', 'usr_299');
INSERT INTO trabalho.log_acesso VALUES ('log_299_0_0', '5bdf7377-8330-4f9f-8efd-e95301c122ce', 'usr_299');
INSERT INTO trabalho.log_acesso VALUES ('log_299_1_0', '5bdf7377-8330-4f9f-8efd-e95301c122ce', 'usr_299');
INSERT INTO trabalho.log_acesso VALUES ('log_299_2_0', '5bdf7377-8330-4f9f-8efd-e95301c122ce', 'usr_299');
INSERT INTO trabalho.log_acesso VALUES ('log_299_3_0', '5bdf7377-8330-4f9f-8efd-e95301c122ce', 'usr_299');
INSERT INTO trabalho.usuario_esta_inscrito_no_podcast VALUES (0, 'f1b92ce7-47a7-43cd-8586-4a09185cdd05', 'usr_299');
INSERT INTO trabalho.comentarios_podcast_usuario VALUES ('comment_299_0_1', 'Enim assumenda dolorem aut.', 'f1b92ce7-47a7-43cd-8586-4a09185cdd05', 'usr_299');
INSERT INTO trabalho.comentarios_podcast_usuario VALUES ('comment_299_1_1', 'Doloremque adipisci quae maxime atque et et.', 'f1b92ce7-47a7-43cd-8586-4a09185cdd05', 'usr_299');
INSERT INTO trabalho.comentarios_podcast_usuario VALUES ('comment_299_2_1', 'In omnis sed ea tempore dolorem.', 'f1b92ce7-47a7-43cd-8586-4a09185cdd05', 'usr_299');
INSERT INTO trabalho.comentarios_podcast_usuario VALUES ('comment_299_3_1', 'Est voluptate ipsam et cumque alias nostrum sit deserunt porro.', 'f1b92ce7-47a7-43cd-8586-4a09185cdd05', 'usr_299');
INSERT INTO trabalho.comentarios_podcast_usuario VALUES ('comment_299_4_1', 'Dignissimos tenetur est quod accusamus.', 'f1b92ce7-47a7-43cd-8586-4a09185cdd05', 'usr_299');
INSERT INTO trabalho.log_acesso VALUES ('log_299_0_1', 'f1b92ce7-47a7-43cd-8586-4a09185cdd05', 'usr_299');
INSERT INTO trabalho.log_acesso VALUES ('log_299_1_1', 'f1b92ce7-47a7-43cd-8586-4a09185cdd05', 'usr_299');
INSERT INTO trabalho.log_acesso VALUES ('log_299_2_1', 'f1b92ce7-47a7-43cd-8586-4a09185cdd05', 'usr_299');
INSERT INTO trabalho.log_acesso VALUES ('log_299_3_1', 'f1b92ce7-47a7-43cd-8586-4a09185cdd05', 'usr_299');
INSERT INTO trabalho.log_acesso VALUES ('log_299_4_1', 'f1b92ce7-47a7-43cd-8586-4a09185cdd05', 'usr_299');
INSERT INTO trabalho.log_acesso VALUES ('log_299_5_1', 'f1b92ce7-47a7-43cd-8586-4a09185cdd05', 'usr_299');
INSERT INTO trabalho.usuario_esta_inscrito_no_podcast VALUES (5, 'fa3abe16-3645-4d22-a01d-893e6f20c408', 'usr_299');
INSERT INTO trabalho.comentarios_podcast_usuario VALUES ('comment_299_0_2', 'Voluptatem quidem delectus consequuntur sed et.', 'fa3abe16-3645-4d22-a01d-893e6f20c408', 'usr_299');
INSERT INTO trabalho.comentarios_podcast_usuario VALUES ('comment_299_1_2', 'Facilis quaerat tenetur doloribus ut consequatur sed et veniam incidunt.', 'fa3abe16-3645-4d22-a01d-893e6f20c408', 'usr_299');
INSERT INTO trabalho.comentarios_podcast_usuario VALUES ('comment_299_2_2', 'Veritatis rerum quaerat dicta quas et harum quod minus distinctio.', 'fa3abe16-3645-4d22-a01d-893e6f20c408', 'usr_299');
INSERT INTO trabalho.comentarios_podcast_usuario VALUES ('comment_299_3_2', 'Dolor qui asperiores quidem ab.', 'fa3abe16-3645-4d22-a01d-893e6f20c408', 'usr_299');
INSERT INTO trabalho.log_acesso VALUES ('log_299_0_2', 'fa3abe16-3645-4d22-a01d-893e6f20c408', 'usr_299');
INSERT INTO trabalho.log_acesso VALUES ('log_299_1_2', 'fa3abe16-3645-4d22-a01d-893e6f20c408', 'usr_299');
INSERT INTO trabalho.log_acesso VALUES ('log_299_2_2', 'fa3abe16-3645-4d22-a01d-893e6f20c408', 'usr_299');
INSERT INTO trabalho.usuario VALUES ('usr_300', '300_Washington_Costa56@yahoo.com', 'Washington Costa', 'male', 36, 'password', 'Brasil');
INSERT INTO trabalho.usuario_esta_inscrito_no_podcast VALUES (3, '219328a1-cec6-4e8c-b003-52a3ec9766bb', 'usr_300');
INSERT INTO trabalho.comentarios_podcast_usuario VALUES ('comment_300_0_0', 'Provident maiores odio porro dolores numquam.', '219328a1-cec6-4e8c-b003-52a3ec9766bb', 'usr_300');
INSERT INTO trabalho.comentarios_podcast_usuario VALUES ('comment_300_1_0', 'Quibusdam iure omnis consequuntur in ducimus sed fuga.', '219328a1-cec6-4e8c-b003-52a3ec9766bb', 'usr_300');
INSERT INTO trabalho.log_acesso VALUES ('log_300_0_0', '219328a1-cec6-4e8c-b003-52a3ec9766bb', 'usr_300');
INSERT INTO trabalho.log_acesso VALUES ('log_300_1_0', '219328a1-cec6-4e8c-b003-52a3ec9766bb', 'usr_300');
INSERT INTO trabalho.usuario_esta_inscrito_no_podcast VALUES (5, 'af46a958-b921-47b6-9f87-5c4fdc68ea79', 'usr_300');
INSERT INTO trabalho.comentarios_podcast_usuario VALUES ('comment_300_0_1', 'Reiciendis placeat harum aliquam mollitia veritatis libero alias qui eius.', 'af46a958-b921-47b6-9f87-5c4fdc68ea79', 'usr_300');
INSERT INTO trabalho.comentarios_podcast_usuario VALUES ('comment_300_1_1', 'Deleniti debitis quibusdam consequuntur sed qui sit quae.', 'af46a958-b921-47b6-9f87-5c4fdc68ea79', 'usr_300');
INSERT INTO trabalho.comentarios_podcast_usuario VALUES ('comment_300_2_1', 'Sed repudiandae quia assumenda at atque facilis et et.', 'af46a958-b921-47b6-9f87-5c4fdc68ea79', 'usr_300');
INSERT INTO trabalho.log_acesso VALUES ('log_300_0_1', 'af46a958-b921-47b6-9f87-5c4fdc68ea79', 'usr_300');
INSERT INTO trabalho.log_acesso VALUES ('log_300_1_1', 'af46a958-b921-47b6-9f87-5c4fdc68ea79', 'usr_300');
INSERT INTO trabalho.log_acesso VALUES ('log_300_2_1', 'af46a958-b921-47b6-9f87-5c4fdc68ea79', 'usr_300');
INSERT INTO trabalho.log_acesso VALUES ('log_300_3_1', 'af46a958-b921-47b6-9f87-5c4fdc68ea79', 'usr_300');
INSERT INTO trabalho.log_acesso VALUES ('log_300_4_1', 'af46a958-b921-47b6-9f87-5c4fdc68ea79', 'usr_300');
INSERT INTO trabalho.usuario_esta_inscrito_no_podcast VALUES (0, 'de2f0ddb-9903-436a-a5e2-54224254c818', 'usr_300');
INSERT INTO trabalho.comentarios_podcast_usuario VALUES ('comment_300_0_2', 'Et similique asperiores maxime non sapiente culpa similique ipsum eum.', 'de2f0ddb-9903-436a-a5e2-54224254c818', 'usr_300');
INSERT INTO trabalho.log_acesso VALUES ('log_300_0_2', 'de2f0ddb-9903-436a-a5e2-54224254c818', 'usr_300');
INSERT INTO trabalho.log_acesso VALUES ('log_300_1_2', 'de2f0ddb-9903-436a-a5e2-54224254c818', 'usr_300');
INSERT INTO trabalho.usuario VALUES ('usr_301', '301_PedroHenrique.Melo30@bol.com.br', 'Pedro Henrique Melo', 'male', 1, 'password', 'Ucrânia');
INSERT INTO trabalho.usuario_esta_inscrito_no_podcast VALUES (4, '168c1536-4c42-4b8f-8c77-f06affefec6a', 'usr_301');
INSERT INTO trabalho.comentarios_podcast_usuario VALUES ('comment_301_0_0', 'Commodi sed aut eum qui et repellat similique harum.', '168c1536-4c42-4b8f-8c77-f06affefec6a', 'usr_301');
INSERT INTO trabalho.comentarios_podcast_usuario VALUES ('comment_301_1_0', 'Voluptatem excepturi quo.', '168c1536-4c42-4b8f-8c77-f06affefec6a', 'usr_301');
INSERT INTO trabalho.comentarios_podcast_usuario VALUES ('comment_301_2_0', 'Magnam expedita id.', '168c1536-4c42-4b8f-8c77-f06affefec6a', 'usr_301');
INSERT INTO trabalho.log_acesso VALUES ('log_301_0_0', '168c1536-4c42-4b8f-8c77-f06affefec6a', 'usr_301');
INSERT INTO trabalho.log_acesso VALUES ('log_301_1_0', '168c1536-4c42-4b8f-8c77-f06affefec6a', 'usr_301');
INSERT INTO trabalho.log_acesso VALUES ('log_301_2_0', '168c1536-4c42-4b8f-8c77-f06affefec6a', 'usr_301');
INSERT INTO trabalho.log_acesso VALUES ('log_301_3_0', '168c1536-4c42-4b8f-8c77-f06affefec6a', 'usr_301');
INSERT INTO trabalho.log_acesso VALUES ('log_301_4_0', '168c1536-4c42-4b8f-8c77-f06affefec6a', 'usr_301');
INSERT INTO trabalho.usuario_esta_inscrito_no_podcast VALUES (1, '5bdf7377-8330-4f9f-8efd-e95301c122ce', 'usr_301');
INSERT INTO trabalho.comentarios_podcast_usuario VALUES ('comment_301_0_1', 'Temporibus ipsam dolor ad voluptatem.', '5bdf7377-8330-4f9f-8efd-e95301c122ce', 'usr_301');
INSERT INTO trabalho.log_acesso VALUES ('log_301_0_1', '5bdf7377-8330-4f9f-8efd-e95301c122ce', 'usr_301');
INSERT INTO trabalho.log_acesso VALUES ('log_301_1_1', '5bdf7377-8330-4f9f-8efd-e95301c122ce', 'usr_301');
INSERT INTO trabalho.usuario_esta_inscrito_no_podcast VALUES (3, 'b553d865-8fe2-47de-9a30-10e1dea3bd1d', 'usr_301');
INSERT INTO trabalho.comentarios_podcast_usuario VALUES ('comment_301_0_2', 'Qui sit et incidunt et atque occaecati odit.', 'b553d865-8fe2-47de-9a30-10e1dea3bd1d', 'usr_301');
INSERT INTO trabalho.log_acesso VALUES ('log_301_0_2', 'b553d865-8fe2-47de-9a30-10e1dea3bd1d', 'usr_301');
INSERT INTO trabalho.log_acesso VALUES ('log_301_1_2', 'b553d865-8fe2-47de-9a30-10e1dea3bd1d', 'usr_301');
INSERT INTO trabalho.log_acesso VALUES ('log_301_2_2', 'b553d865-8fe2-47de-9a30-10e1dea3bd1d', 'usr_301');
INSERT INTO trabalho.usuario VALUES ('usr_302', '302_Fabrcio_Silva16@gmail.com', 'Fabrício Silva', 'male', 28, 'password', 'Malta');
INSERT INTO trabalho.usuario_esta_inscrito_no_podcast VALUES (1, '67074e68-bc2f-442b-8af2-7d328b6af6eb', 'usr_302');
INSERT INTO trabalho.comentarios_podcast_usuario VALUES ('comment_302_0_0', 'Quam asperiores incidunt.', '67074e68-bc2f-442b-8af2-7d328b6af6eb', 'usr_302');
INSERT INTO trabalho.comentarios_podcast_usuario VALUES ('comment_302_1_0', 'Quia molestiae sed eos.', '67074e68-bc2f-442b-8af2-7d328b6af6eb', 'usr_302');
INSERT INTO trabalho.comentarios_podcast_usuario VALUES ('comment_302_2_0', 'Aut suscipit in molestiae cumque.', '67074e68-bc2f-442b-8af2-7d328b6af6eb', 'usr_302');
INSERT INTO trabalho.log_acesso VALUES ('log_302_0_0', '67074e68-bc2f-442b-8af2-7d328b6af6eb', 'usr_302');
INSERT INTO trabalho.log_acesso VALUES ('log_302_1_0', '67074e68-bc2f-442b-8af2-7d328b6af6eb', 'usr_302');
INSERT INTO trabalho.log_acesso VALUES ('log_302_2_0', '67074e68-bc2f-442b-8af2-7d328b6af6eb', 'usr_302');
INSERT INTO trabalho.usuario_esta_inscrito_no_podcast VALUES (0, 'f1b92ce7-47a7-43cd-8586-4a09185cdd05', 'usr_302');
INSERT INTO trabalho.comentarios_podcast_usuario VALUES ('comment_302_0_1', 'Sint atque non voluptates provident ut.', 'f1b92ce7-47a7-43cd-8586-4a09185cdd05', 'usr_302');
INSERT INTO trabalho.comentarios_podcast_usuario VALUES ('comment_302_1_1', 'Nulla facere eius quasi vel et mollitia quae consequatur.', 'f1b92ce7-47a7-43cd-8586-4a09185cdd05', 'usr_302');
INSERT INTO trabalho.comentarios_podcast_usuario VALUES ('comment_302_2_1', 'Dolores nemo fugit quo vel.', 'f1b92ce7-47a7-43cd-8586-4a09185cdd05', 'usr_302');
INSERT INTO trabalho.comentarios_podcast_usuario VALUES ('comment_302_3_1', 'Distinctio quae voluptates quas voluptas nulla.', 'f1b92ce7-47a7-43cd-8586-4a09185cdd05', 'usr_302');
INSERT INTO trabalho.log_acesso VALUES ('log_302_0_1', 'f1b92ce7-47a7-43cd-8586-4a09185cdd05', 'usr_302');
INSERT INTO trabalho.usuario_esta_inscrito_no_podcast VALUES (4, 'bc8dac25-793c-4a96-aafc-4ea7020f4f60', 'usr_302');
INSERT INTO trabalho.comentarios_podcast_usuario VALUES ('comment_302_0_2', 'Quasi reprehenderit qui ut odit tempora repudiandae excepturi cupiditate.', 'bc8dac25-793c-4a96-aafc-4ea7020f4f60', 'usr_302');
INSERT INTO trabalho.comentarios_podcast_usuario VALUES ('comment_302_1_2', 'Qui aliquid vero necessitatibus reiciendis et qui.', 'bc8dac25-793c-4a96-aafc-4ea7020f4f60', 'usr_302');
INSERT INTO trabalho.comentarios_podcast_usuario VALUES ('comment_302_2_2', 'Odio id soluta ipsum autem.', 'bc8dac25-793c-4a96-aafc-4ea7020f4f60', 'usr_302');
INSERT INTO trabalho.comentarios_podcast_usuario VALUES ('comment_302_3_2', 'Ex provident eius voluptatum at tenetur accusantium.', 'bc8dac25-793c-4a96-aafc-4ea7020f4f60', 'usr_302');
INSERT INTO trabalho.log_acesso VALUES ('log_302_0_2', 'bc8dac25-793c-4a96-aafc-4ea7020f4f60', 'usr_302');
INSERT INTO trabalho.log_acesso VALUES ('log_302_1_2', 'bc8dac25-793c-4a96-aafc-4ea7020f4f60', 'usr_302');
INSERT INTO trabalho.log_acesso VALUES ('log_302_2_2', 'bc8dac25-793c-4a96-aafc-4ea7020f4f60', 'usr_302');
INSERT INTO trabalho.log_acesso VALUES ('log_302_3_2', 'bc8dac25-793c-4a96-aafc-4ea7020f4f60', 'usr_302');
INSERT INTO trabalho.usuario VALUES ('usr_303', '303_Joaquim_Batista@hotmail.com', 'Joaquim Batista', 'male', 20, 'password', 'Bulgária');
INSERT INTO trabalho.usuario_esta_inscrito_no_podcast VALUES (5, 'f1b92ce7-47a7-43cd-8586-4a09185cdd05', 'usr_303');
INSERT INTO trabalho.comentarios_podcast_usuario VALUES ('comment_303_0_0', 'Autem nostrum nihil consequatur optio doloremque.', 'f1b92ce7-47a7-43cd-8586-4a09185cdd05', 'usr_303');
INSERT INTO trabalho.comentarios_podcast_usuario VALUES ('comment_303_1_0', 'Blanditiis voluptatem dolor dolore.', 'f1b92ce7-47a7-43cd-8586-4a09185cdd05', 'usr_303');
INSERT INTO trabalho.comentarios_podcast_usuario VALUES ('comment_303_2_0', 'Ut sapiente odit voluptas aliquid non nihil illo.', 'f1b92ce7-47a7-43cd-8586-4a09185cdd05', 'usr_303');
INSERT INTO trabalho.comentarios_podcast_usuario VALUES ('comment_303_3_0', 'Officiis explicabo voluptatem facilis debitis rerum.', 'f1b92ce7-47a7-43cd-8586-4a09185cdd05', 'usr_303');
INSERT INTO trabalho.log_acesso VALUES ('log_303_0_0', 'f1b92ce7-47a7-43cd-8586-4a09185cdd05', 'usr_303');
INSERT INTO trabalho.log_acesso VALUES ('log_303_1_0', 'f1b92ce7-47a7-43cd-8586-4a09185cdd05', 'usr_303');
INSERT INTO trabalho.log_acesso VALUES ('log_303_2_0', 'f1b92ce7-47a7-43cd-8586-4a09185cdd05', 'usr_303');
INSERT INTO trabalho.log_acesso VALUES ('log_303_3_0', 'f1b92ce7-47a7-43cd-8586-4a09185cdd05', 'usr_303');
INSERT INTO trabalho.usuario_esta_inscrito_no_podcast VALUES (4, '168c1536-4c42-4b8f-8c77-f06affefec6a', 'usr_303');
INSERT INTO trabalho.comentarios_podcast_usuario VALUES ('comment_303_0_1', 'Saepe iure voluptatem adipisci est natus veritatis officiis facere.', '168c1536-4c42-4b8f-8c77-f06affefec6a', 'usr_303');
INSERT INTO trabalho.comentarios_podcast_usuario VALUES ('comment_303_1_1', 'Incidunt mollitia veniam est quaerat et praesentium.', '168c1536-4c42-4b8f-8c77-f06affefec6a', 'usr_303');
INSERT INTO trabalho.comentarios_podcast_usuario VALUES ('comment_303_2_1', 'Omnis est quod omnis libero voluptatum odit officia ea aliquam.', '168c1536-4c42-4b8f-8c77-f06affefec6a', 'usr_303');
INSERT INTO trabalho.comentarios_podcast_usuario VALUES ('comment_303_3_1', 'Dolore iusto eos nobis et ea vero ut accusantium.', '168c1536-4c42-4b8f-8c77-f06affefec6a', 'usr_303');
INSERT INTO trabalho.comentarios_podcast_usuario VALUES ('comment_303_4_1', 'Voluptate quia doloremque et amet quibusdam eum repellendus excepturi voluptatem.', '168c1536-4c42-4b8f-8c77-f06affefec6a', 'usr_303');
INSERT INTO trabalho.log_acesso VALUES ('log_303_0_1', '168c1536-4c42-4b8f-8c77-f06affefec6a', 'usr_303');
INSERT INTO trabalho.log_acesso VALUES ('log_303_1_1', '168c1536-4c42-4b8f-8c77-f06affefec6a', 'usr_303');
INSERT INTO trabalho.log_acesso VALUES ('log_303_2_1', '168c1536-4c42-4b8f-8c77-f06affefec6a', 'usr_303');
INSERT INTO trabalho.log_acesso VALUES ('log_303_3_1', '168c1536-4c42-4b8f-8c77-f06affefec6a', 'usr_303');
INSERT INTO trabalho.usuario_esta_inscrito_no_podcast VALUES (0, 'fa3abe16-3645-4d22-a01d-893e6f20c408', 'usr_303');
INSERT INTO trabalho.comentarios_podcast_usuario VALUES ('comment_303_0_2', 'Corporis natus veniam velit necessitatibus voluptatem qui saepe.', 'fa3abe16-3645-4d22-a01d-893e6f20c408', 'usr_303');
INSERT INTO trabalho.comentarios_podcast_usuario VALUES ('comment_303_1_2', 'Distinctio illo voluptate veniam doloremque nesciunt praesentium.', 'fa3abe16-3645-4d22-a01d-893e6f20c408', 'usr_303');
INSERT INTO trabalho.comentarios_podcast_usuario VALUES ('comment_303_2_2', 'Sed cum voluptas quasi eos dolores ex optio voluptatem.', 'fa3abe16-3645-4d22-a01d-893e6f20c408', 'usr_303');
INSERT INTO trabalho.comentarios_podcast_usuario VALUES ('comment_303_3_2', 'Asperiores dolor debitis.', 'fa3abe16-3645-4d22-a01d-893e6f20c408', 'usr_303');
INSERT INTO trabalho.comentarios_podcast_usuario VALUES ('comment_303_4_2', 'Iste tenetur fugit vel dolor reprehenderit sed.', 'fa3abe16-3645-4d22-a01d-893e6f20c408', 'usr_303');
INSERT INTO trabalho.comentarios_podcast_usuario VALUES ('comment_303_5_2', 'Rem sapiente minima perspiciatis esse ratione.', 'fa3abe16-3645-4d22-a01d-893e6f20c408', 'usr_303');
INSERT INTO trabalho.log_acesso VALUES ('log_303_0_2', 'fa3abe16-3645-4d22-a01d-893e6f20c408', 'usr_303');
INSERT INTO trabalho.log_acesso VALUES ('log_303_1_2', 'fa3abe16-3645-4d22-a01d-893e6f20c408', 'usr_303');
INSERT INTO trabalho.usuario VALUES ('usr_304', '304_Emanuelly83@bol.com.br', 'Emanuelly Batista', 'female', 45, 'password', 'Uruguai');
INSERT INTO trabalho.usuario_esta_inscrito_no_podcast VALUES (1, 'f0166bd2-8e4d-4308-b5d7-0b3d627c5dc5', 'usr_304');
INSERT INTO trabalho.comentarios_podcast_usuario VALUES ('comment_304_0_0', 'Incidunt iste et qui cum ea voluptatibus labore ut.', 'f0166bd2-8e4d-4308-b5d7-0b3d627c5dc5', 'usr_304');
INSERT INTO trabalho.comentarios_podcast_usuario VALUES ('comment_304_1_0', 'Natus ea iste id quis suscipit omnis qui.', 'f0166bd2-8e4d-4308-b5d7-0b3d627c5dc5', 'usr_304');
INSERT INTO trabalho.comentarios_podcast_usuario VALUES ('comment_304_2_0', 'Sunt accusamus vitae.', 'f0166bd2-8e4d-4308-b5d7-0b3d627c5dc5', 'usr_304');
INSERT INTO trabalho.comentarios_podcast_usuario VALUES ('comment_304_3_0', 'Voluptatum in facere non eaque et.', 'f0166bd2-8e4d-4308-b5d7-0b3d627c5dc5', 'usr_304');
INSERT INTO trabalho.log_acesso VALUES ('log_304_0_0', 'f0166bd2-8e4d-4308-b5d7-0b3d627c5dc5', 'usr_304');
INSERT INTO trabalho.log_acesso VALUES ('log_304_1_0', 'f0166bd2-8e4d-4308-b5d7-0b3d627c5dc5', 'usr_304');
INSERT INTO trabalho.log_acesso VALUES ('log_304_2_0', 'f0166bd2-8e4d-4308-b5d7-0b3d627c5dc5', 'usr_304');
INSERT INTO trabalho.log_acesso VALUES ('log_304_3_0', 'f0166bd2-8e4d-4308-b5d7-0b3d627c5dc5', 'usr_304');
INSERT INTO trabalho.usuario_esta_inscrito_no_podcast VALUES (2, 'f8e13774-d631-4f34-93f0-2f5d55590265', 'usr_304');
INSERT INTO trabalho.comentarios_podcast_usuario VALUES ('comment_304_0_1', 'Eligendi quam ut voluptatem asperiores neque veniam dolores.', 'f8e13774-d631-4f34-93f0-2f5d55590265', 'usr_304');
INSERT INTO trabalho.comentarios_podcast_usuario VALUES ('comment_304_1_1', 'Est harum aspernatur ut corporis.', 'f8e13774-d631-4f34-93f0-2f5d55590265', 'usr_304');
INSERT INTO trabalho.comentarios_podcast_usuario VALUES ('comment_304_2_1', 'In earum est ducimus totam molestiae voluptatum fuga laudantium non.', 'f8e13774-d631-4f34-93f0-2f5d55590265', 'usr_304');
INSERT INTO trabalho.comentarios_podcast_usuario VALUES ('comment_304_3_1', 'Deleniti mollitia illum sequi.', 'f8e13774-d631-4f34-93f0-2f5d55590265', 'usr_304');
INSERT INTO trabalho.log_acesso VALUES ('log_304_0_1', 'f8e13774-d631-4f34-93f0-2f5d55590265', 'usr_304');
INSERT INTO trabalho.usuario_esta_inscrito_no_podcast VALUES (2, 'fa3abe16-3645-4d22-a01d-893e6f20c408', 'usr_304');
INSERT INTO trabalho.comentarios_podcast_usuario VALUES ('comment_304_0_2', 'Distinctio est odio itaque dicta.', 'fa3abe16-3645-4d22-a01d-893e6f20c408', 'usr_304');
INSERT INTO trabalho.comentarios_podcast_usuario VALUES ('comment_304_1_2', 'Nostrum ducimus nesciunt corporis voluptas et id qui sapiente quaerat.', 'fa3abe16-3645-4d22-a01d-893e6f20c408', 'usr_304');
INSERT INTO trabalho.comentarios_podcast_usuario VALUES ('comment_304_2_2', 'Et saepe omnis est.', 'fa3abe16-3645-4d22-a01d-893e6f20c408', 'usr_304');
INSERT INTO trabalho.log_acesso VALUES ('log_304_0_2', 'fa3abe16-3645-4d22-a01d-893e6f20c408', 'usr_304');
INSERT INTO trabalho.log_acesso VALUES ('log_304_1_2', 'fa3abe16-3645-4d22-a01d-893e6f20c408', 'usr_304');
INSERT INTO trabalho.log_acesso VALUES ('log_304_2_2', 'fa3abe16-3645-4d22-a01d-893e6f20c408', 'usr_304');
INSERT INTO trabalho.log_acesso VALUES ('log_304_3_2', 'fa3abe16-3645-4d22-a01d-893e6f20c408', 'usr_304');
INSERT INTO trabalho.log_acesso VALUES ('log_304_4_2', 'fa3abe16-3645-4d22-a01d-893e6f20c408', 'usr_304');
INSERT INTO trabalho.log_acesso VALUES ('log_304_5_2', 'fa3abe16-3645-4d22-a01d-893e6f20c408', 'usr_304');
INSERT INTO trabalho.log_acesso VALUES ('log_304_6_2', 'fa3abe16-3645-4d22-a01d-893e6f20c408', 'usr_304');
INSERT INTO trabalho.usuario VALUES ('usr_305', '305_Silas_Melo@hotmail.com', 'Silas Melo', 'male', 42, 'password', 'Jibuti');
INSERT INTO trabalho.usuario_esta_inscrito_no_podcast VALUES (4, 'f0166bd2-8e4d-4308-b5d7-0b3d627c5dc5', 'usr_305');
INSERT INTO trabalho.comentarios_podcast_usuario VALUES ('comment_305_0_0', 'Eius similique non quas ea aliquam.', 'f0166bd2-8e4d-4308-b5d7-0b3d627c5dc5', 'usr_305');
INSERT INTO trabalho.comentarios_podcast_usuario VALUES ('comment_305_1_0', 'Consequatur sit non.', 'f0166bd2-8e4d-4308-b5d7-0b3d627c5dc5', 'usr_305');
INSERT INTO trabalho.log_acesso VALUES ('log_305_0_0', 'f0166bd2-8e4d-4308-b5d7-0b3d627c5dc5', 'usr_305');
INSERT INTO trabalho.log_acesso VALUES ('log_305_1_0', 'f0166bd2-8e4d-4308-b5d7-0b3d627c5dc5', 'usr_305');
INSERT INTO trabalho.usuario_esta_inscrito_no_podcast VALUES (5, 'af46a958-b921-47b6-9f87-5c4fdc68ea79', 'usr_305');
INSERT INTO trabalho.comentarios_podcast_usuario VALUES ('comment_305_0_1', 'Ipsum id explicabo a dignissimos aut temporibus.', 'af46a958-b921-47b6-9f87-5c4fdc68ea79', 'usr_305');
INSERT INTO trabalho.comentarios_podcast_usuario VALUES ('comment_305_1_1', 'Minima eum quidem minus vero perferendis.', 'af46a958-b921-47b6-9f87-5c4fdc68ea79', 'usr_305');
INSERT INTO trabalho.log_acesso VALUES ('log_305_0_1', 'af46a958-b921-47b6-9f87-5c4fdc68ea79', 'usr_305');
INSERT INTO trabalho.log_acesso VALUES ('log_305_1_1', 'af46a958-b921-47b6-9f87-5c4fdc68ea79', 'usr_305');
INSERT INTO trabalho.usuario_esta_inscrito_no_podcast VALUES (0, 'f1b92ce7-47a7-43cd-8586-4a09185cdd05', 'usr_305');
INSERT INTO trabalho.comentarios_podcast_usuario VALUES ('comment_305_0_2', 'Voluptatem labore repellendus.', 'f1b92ce7-47a7-43cd-8586-4a09185cdd05', 'usr_305');
INSERT INTO trabalho.comentarios_podcast_usuario VALUES ('comment_305_1_2', 'Fugit et iure asperiores.', 'f1b92ce7-47a7-43cd-8586-4a09185cdd05', 'usr_305');
INSERT INTO trabalho.log_acesso VALUES ('log_305_0_2', 'f1b92ce7-47a7-43cd-8586-4a09185cdd05', 'usr_305');
INSERT INTO trabalho.log_acesso VALUES ('log_305_1_2', 'f1b92ce7-47a7-43cd-8586-4a09185cdd05', 'usr_305');
INSERT INTO trabalho.usuario VALUES ('usr_306', '306_MariaCeclia12@live.com', 'Maria Cecília Albuquerque', 'female', 39, 'password', 'Jamaica');
INSERT INTO trabalho.usuario_esta_inscrito_no_podcast VALUES (4, 'af46a958-b921-47b6-9f87-5c4fdc68ea79', 'usr_306');
INSERT INTO trabalho.comentarios_podcast_usuario VALUES ('comment_306_0_0', 'Est molestiae perferendis consequatur architecto.', 'af46a958-b921-47b6-9f87-5c4fdc68ea79', 'usr_306');
INSERT INTO trabalho.comentarios_podcast_usuario VALUES ('comment_306_1_0', 'Minus ut ut.', 'af46a958-b921-47b6-9f87-5c4fdc68ea79', 'usr_306');
INSERT INTO trabalho.log_acesso VALUES ('log_306_0_0', 'af46a958-b921-47b6-9f87-5c4fdc68ea79', 'usr_306');
INSERT INTO trabalho.log_acesso VALUES ('log_306_1_0', 'af46a958-b921-47b6-9f87-5c4fdc68ea79', 'usr_306');
INSERT INTO trabalho.log_acesso VALUES ('log_306_2_0', 'af46a958-b921-47b6-9f87-5c4fdc68ea79', 'usr_306');
INSERT INTO trabalho.log_acesso VALUES ('log_306_3_0', 'af46a958-b921-47b6-9f87-5c4fdc68ea79', 'usr_306');
INSERT INTO trabalho.usuario_esta_inscrito_no_podcast VALUES (3, 'fa3abe16-3645-4d22-a01d-893e6f20c408', 'usr_306');
INSERT INTO trabalho.comentarios_podcast_usuario VALUES ('comment_306_0_1', 'Similique esse eum sint hic facere ducimus laudantium velit nulla.', 'fa3abe16-3645-4d22-a01d-893e6f20c408', 'usr_306');
INSERT INTO trabalho.comentarios_podcast_usuario VALUES ('comment_306_1_1', 'Quis laborum optio et omnis alias.', 'fa3abe16-3645-4d22-a01d-893e6f20c408', 'usr_306');
INSERT INTO trabalho.comentarios_podcast_usuario VALUES ('comment_306_2_1', 'Eligendi ad aut blanditiis exercitationem.', 'fa3abe16-3645-4d22-a01d-893e6f20c408', 'usr_306');
INSERT INTO trabalho.log_acesso VALUES ('log_306_0_1', 'fa3abe16-3645-4d22-a01d-893e6f20c408', 'usr_306');
INSERT INTO trabalho.log_acesso VALUES ('log_306_1_1', 'fa3abe16-3645-4d22-a01d-893e6f20c408', 'usr_306');
INSERT INTO trabalho.log_acesso VALUES ('log_306_2_1', 'fa3abe16-3645-4d22-a01d-893e6f20c408', 'usr_306');
INSERT INTO trabalho.log_acesso VALUES ('log_306_3_1', 'fa3abe16-3645-4d22-a01d-893e6f20c408', 'usr_306');
INSERT INTO trabalho.log_acesso VALUES ('log_306_4_1', 'fa3abe16-3645-4d22-a01d-893e6f20c408', 'usr_306');
INSERT INTO trabalho.usuario_esta_inscrito_no_podcast VALUES (2, 'f1b92ce7-47a7-43cd-8586-4a09185cdd05', 'usr_306');
INSERT INTO trabalho.comentarios_podcast_usuario VALUES ('comment_306_0_2', 'Molestiae dolorem blanditiis nobis similique qui voluptatibus dolor.', 'f1b92ce7-47a7-43cd-8586-4a09185cdd05', 'usr_306');
INSERT INTO trabalho.comentarios_podcast_usuario VALUES ('comment_306_1_2', 'Dolor ullam corrupti possimus voluptas ab quia quis.', 'f1b92ce7-47a7-43cd-8586-4a09185cdd05', 'usr_306');
INSERT INTO trabalho.log_acesso VALUES ('log_306_0_2', 'f1b92ce7-47a7-43cd-8586-4a09185cdd05', 'usr_306');
INSERT INTO trabalho.log_acesso VALUES ('log_306_1_2', 'f1b92ce7-47a7-43cd-8586-4a09185cdd05', 'usr_306');
INSERT INTO trabalho.usuario VALUES ('usr_307', '307_Talita_Oliveira@yahoo.com', 'Talita Oliveira', 'female', 8, 'password', 'Venezuela');
INSERT INTO trabalho.usuario_esta_inscrito_no_podcast VALUES (5, 'f8e13774-d631-4f34-93f0-2f5d55590265', 'usr_307');
INSERT INTO trabalho.comentarios_podcast_usuario VALUES ('comment_307_0_0', 'Tempora harum id iure rerum iusto maiores voluptatem.', 'f8e13774-d631-4f34-93f0-2f5d55590265', 'usr_307');
INSERT INTO trabalho.log_acesso VALUES ('log_307_0_0', 'f8e13774-d631-4f34-93f0-2f5d55590265', 'usr_307');
INSERT INTO trabalho.log_acesso VALUES ('log_307_1_0', 'f8e13774-d631-4f34-93f0-2f5d55590265', 'usr_307');
INSERT INTO trabalho.usuario_esta_inscrito_no_podcast VALUES (4, 'b553d865-8fe2-47de-9a30-10e1dea3bd1d', 'usr_307');
INSERT INTO trabalho.comentarios_podcast_usuario VALUES ('comment_307_0_1', 'Occaecati at repellat reprehenderit saepe architecto animi.', 'b553d865-8fe2-47de-9a30-10e1dea3bd1d', 'usr_307');
INSERT INTO trabalho.comentarios_podcast_usuario VALUES ('comment_307_1_1', 'Illum enim natus.', 'b553d865-8fe2-47de-9a30-10e1dea3bd1d', 'usr_307');
INSERT INTO trabalho.log_acesso VALUES ('log_307_0_1', 'b553d865-8fe2-47de-9a30-10e1dea3bd1d', 'usr_307');
INSERT INTO trabalho.log_acesso VALUES ('log_307_1_1', 'b553d865-8fe2-47de-9a30-10e1dea3bd1d', 'usr_307');
INSERT INTO trabalho.log_acesso VALUES ('log_307_2_1', 'b553d865-8fe2-47de-9a30-10e1dea3bd1d', 'usr_307');
INSERT INTO trabalho.usuario_esta_inscrito_no_podcast VALUES (5, '67074e68-bc2f-442b-8af2-7d328b6af6eb', 'usr_307');
INSERT INTO trabalho.comentarios_podcast_usuario VALUES ('comment_307_0_2', 'Labore laudantium sit voluptates amet quo.', '67074e68-bc2f-442b-8af2-7d328b6af6eb', 'usr_307');
INSERT INTO trabalho.log_acesso VALUES ('log_307_0_2', '67074e68-bc2f-442b-8af2-7d328b6af6eb', 'usr_307');
INSERT INTO trabalho.usuario VALUES ('usr_308', '308_MariaJlia_Carvalho@gmail.com', 'Maria Júlia Carvalho', 'female', 35, 'password', 'Vanuatu');
INSERT INTO trabalho.usuario_esta_inscrito_no_podcast VALUES (2, 'f0166bd2-8e4d-4308-b5d7-0b3d627c5dc5', 'usr_308');
INSERT INTO trabalho.comentarios_podcast_usuario VALUES ('comment_308_0_0', 'Vero aut fugiat.', 'f0166bd2-8e4d-4308-b5d7-0b3d627c5dc5', 'usr_308');
INSERT INTO trabalho.comentarios_podcast_usuario VALUES ('comment_308_1_0', 'Dicta qui voluptatibus ut quaerat earum.', 'f0166bd2-8e4d-4308-b5d7-0b3d627c5dc5', 'usr_308');
INSERT INTO trabalho.log_acesso VALUES ('log_308_0_0', 'f0166bd2-8e4d-4308-b5d7-0b3d627c5dc5', 'usr_308');
INSERT INTO trabalho.log_acesso VALUES ('log_308_1_0', 'f0166bd2-8e4d-4308-b5d7-0b3d627c5dc5', 'usr_308');
INSERT INTO trabalho.log_acesso VALUES ('log_308_2_0', 'f0166bd2-8e4d-4308-b5d7-0b3d627c5dc5', 'usr_308');
INSERT INTO trabalho.usuario_esta_inscrito_no_podcast VALUES (2, 'b553d865-8fe2-47de-9a30-10e1dea3bd1d', 'usr_308');
INSERT INTO trabalho.comentarios_podcast_usuario VALUES ('comment_308_0_1', 'Dolores dignissimos iusto ad voluptatem voluptatibus corporis.', 'b553d865-8fe2-47de-9a30-10e1dea3bd1d', 'usr_308');
INSERT INTO trabalho.comentarios_podcast_usuario VALUES ('comment_308_1_1', 'Ad delectus ipsa consequatur aut ut numquam.', 'b553d865-8fe2-47de-9a30-10e1dea3bd1d', 'usr_308');
INSERT INTO trabalho.log_acesso VALUES ('log_308_0_1', 'b553d865-8fe2-47de-9a30-10e1dea3bd1d', 'usr_308');
INSERT INTO trabalho.log_acesso VALUES ('log_308_1_1', 'b553d865-8fe2-47de-9a30-10e1dea3bd1d', 'usr_308');
INSERT INTO trabalho.log_acesso VALUES ('log_308_2_1', 'b553d865-8fe2-47de-9a30-10e1dea3bd1d', 'usr_308');
INSERT INTO trabalho.usuario_esta_inscrito_no_podcast VALUES (2, 'f8e13774-d631-4f34-93f0-2f5d55590265', 'usr_308');
INSERT INTO trabalho.comentarios_podcast_usuario VALUES ('comment_308_0_2', 'Aperiam ipsa maiores laudantium ipsam earum cum maxime accusamus.', 'f8e13774-d631-4f34-93f0-2f5d55590265', 'usr_308');
INSERT INTO trabalho.log_acesso VALUES ('log_308_0_2', 'f8e13774-d631-4f34-93f0-2f5d55590265', 'usr_308');
INSERT INTO trabalho.log_acesso VALUES ('log_308_1_2', 'f8e13774-d631-4f34-93f0-2f5d55590265', 'usr_308');
INSERT INTO trabalho.log_acesso VALUES ('log_308_2_2', 'f8e13774-d631-4f34-93f0-2f5d55590265', 'usr_308');
INSERT INTO trabalho.log_acesso VALUES ('log_308_3_2', 'f8e13774-d631-4f34-93f0-2f5d55590265', 'usr_308');
INSERT INTO trabalho.log_acesso VALUES ('log_308_4_2', 'f8e13774-d631-4f34-93f0-2f5d55590265', 'usr_308');
INSERT INTO trabalho.usuario VALUES ('usr_309', '309_JlioCsar.Carvalho@bol.com.br', 'Júlio César Carvalho', 'male', 55, 'password', 'Estados Unidos da América');
INSERT INTO trabalho.usuario_esta_inscrito_no_podcast VALUES (5, '219328a1-cec6-4e8c-b003-52a3ec9766bb', 'usr_309');
INSERT INTO trabalho.comentarios_podcast_usuario VALUES ('comment_309_0_0', 'Est est ea cum consequuntur vel adipisci fugiat voluptatum et.', '219328a1-cec6-4e8c-b003-52a3ec9766bb', 'usr_309');
INSERT INTO trabalho.comentarios_podcast_usuario VALUES ('comment_309_1_0', 'Blanditiis exercitationem ipsam harum sint velit voluptatem.', '219328a1-cec6-4e8c-b003-52a3ec9766bb', 'usr_309');
INSERT INTO trabalho.comentarios_podcast_usuario VALUES ('comment_309_2_0', 'Voluptatem aut quibusdam necessitatibus aliquam aut beatae aut repudiandae.', '219328a1-cec6-4e8c-b003-52a3ec9766bb', 'usr_309');
INSERT INTO trabalho.comentarios_podcast_usuario VALUES ('comment_309_3_0', 'Quia odio maxime ea quasi.', '219328a1-cec6-4e8c-b003-52a3ec9766bb', 'usr_309');
INSERT INTO trabalho.log_acesso VALUES ('log_309_0_0', '219328a1-cec6-4e8c-b003-52a3ec9766bb', 'usr_309');
INSERT INTO trabalho.log_acesso VALUES ('log_309_1_0', '219328a1-cec6-4e8c-b003-52a3ec9766bb', 'usr_309');
INSERT INTO trabalho.log_acesso VALUES ('log_309_2_0', '219328a1-cec6-4e8c-b003-52a3ec9766bb', 'usr_309');
INSERT INTO trabalho.log_acesso VALUES ('log_309_3_0', '219328a1-cec6-4e8c-b003-52a3ec9766bb', 'usr_309');
INSERT INTO trabalho.usuario_esta_inscrito_no_podcast VALUES (3, '5bdf7377-8330-4f9f-8efd-e95301c122ce', 'usr_309');
INSERT INTO trabalho.comentarios_podcast_usuario VALUES ('comment_309_0_1', 'Deleniti ratione et.', '5bdf7377-8330-4f9f-8efd-e95301c122ce', 'usr_309');
INSERT INTO trabalho.comentarios_podcast_usuario VALUES ('comment_309_1_1', 'Vel autem est omnis itaque facilis modi.', '5bdf7377-8330-4f9f-8efd-e95301c122ce', 'usr_309');
INSERT INTO trabalho.comentarios_podcast_usuario VALUES ('comment_309_2_1', 'Dicta laboriosam quasi ducimus expedita ratione.', '5bdf7377-8330-4f9f-8efd-e95301c122ce', 'usr_309');
INSERT INTO trabalho.comentarios_podcast_usuario VALUES ('comment_309_3_1', 'Eum quaerat laborum aspernatur quis neque dolores est a.', '5bdf7377-8330-4f9f-8efd-e95301c122ce', 'usr_309');
INSERT INTO trabalho.comentarios_podcast_usuario VALUES ('comment_309_4_1', 'Id nemo reprehenderit est tempora adipisci.', '5bdf7377-8330-4f9f-8efd-e95301c122ce', 'usr_309');
INSERT INTO trabalho.log_acesso VALUES ('log_309_0_1', '5bdf7377-8330-4f9f-8efd-e95301c122ce', 'usr_309');
INSERT INTO trabalho.log_acesso VALUES ('log_309_1_1', '5bdf7377-8330-4f9f-8efd-e95301c122ce', 'usr_309');
INSERT INTO trabalho.log_acesso VALUES ('log_309_2_1', '5bdf7377-8330-4f9f-8efd-e95301c122ce', 'usr_309');
INSERT INTO trabalho.usuario_esta_inscrito_no_podcast VALUES (2, 'c58b280a-56d4-4ad8-8c85-730e4ea86361', 'usr_309');
INSERT INTO trabalho.comentarios_podcast_usuario VALUES ('comment_309_0_2', 'Dolorum dolores quibusdam illum et sit iure.', 'c58b280a-56d4-4ad8-8c85-730e4ea86361', 'usr_309');
INSERT INTO trabalho.log_acesso VALUES ('log_309_0_2', 'c58b280a-56d4-4ad8-8c85-730e4ea86361', 'usr_309');
INSERT INTO trabalho.log_acesso VALUES ('log_309_1_2', 'c58b280a-56d4-4ad8-8c85-730e4ea86361', 'usr_309');
INSERT INTO trabalho.log_acesso VALUES ('log_309_2_2', 'c58b280a-56d4-4ad8-8c85-730e4ea86361', 'usr_309');
INSERT INTO trabalho.log_acesso VALUES ('log_309_3_2', 'c58b280a-56d4-4ad8-8c85-730e4ea86361', 'usr_309');
INSERT INTO trabalho.log_acesso VALUES ('log_309_4_2', 'c58b280a-56d4-4ad8-8c85-730e4ea86361', 'usr_309');
INSERT INTO trabalho.log_acesso VALUES ('log_309_5_2', 'c58b280a-56d4-4ad8-8c85-730e4ea86361', 'usr_309');
INSERT INTO trabalho.usuario VALUES ('usr_310', '310_Enzo_Pereira@hotmail.com', 'Enzo Pereira', 'male', 15, 'password', 'Ilhas Svalbard & Jan Mayen');
INSERT INTO trabalho.usuario_esta_inscrito_no_podcast VALUES (5, 'fa3abe16-3645-4d22-a01d-893e6f20c408', 'usr_310');
INSERT INTO trabalho.comentarios_podcast_usuario VALUES ('comment_310_0_0', 'Et dolores sed dolor incidunt quaerat.', 'fa3abe16-3645-4d22-a01d-893e6f20c408', 'usr_310');
INSERT INTO trabalho.comentarios_podcast_usuario VALUES ('comment_310_1_0', 'Dolorem tempora ut voluptatem fuga aliquam sapiente inventore tempora est.', 'fa3abe16-3645-4d22-a01d-893e6f20c408', 'usr_310');
INSERT INTO trabalho.log_acesso VALUES ('log_310_0_0', 'fa3abe16-3645-4d22-a01d-893e6f20c408', 'usr_310');
INSERT INTO trabalho.log_acesso VALUES ('log_310_1_0', 'fa3abe16-3645-4d22-a01d-893e6f20c408', 'usr_310');
INSERT INTO trabalho.log_acesso VALUES ('log_310_2_0', 'fa3abe16-3645-4d22-a01d-893e6f20c408', 'usr_310');
INSERT INTO trabalho.usuario_esta_inscrito_no_podcast VALUES (3, 'b553d865-8fe2-47de-9a30-10e1dea3bd1d', 'usr_310');
INSERT INTO trabalho.comentarios_podcast_usuario VALUES ('comment_310_0_1', 'Maxime dolorum assumenda repellat est mollitia consequuntur enim.', 'b553d865-8fe2-47de-9a30-10e1dea3bd1d', 'usr_310');
INSERT INTO trabalho.comentarios_podcast_usuario VALUES ('comment_310_1_1', 'Ut commodi qui voluptatum.', 'b553d865-8fe2-47de-9a30-10e1dea3bd1d', 'usr_310');
INSERT INTO trabalho.log_acesso VALUES ('log_310_0_1', 'b553d865-8fe2-47de-9a30-10e1dea3bd1d', 'usr_310');
INSERT INTO trabalho.usuario_esta_inscrito_no_podcast VALUES (3, 'c58b280a-56d4-4ad8-8c85-730e4ea86361', 'usr_310');
INSERT INTO trabalho.comentarios_podcast_usuario VALUES ('comment_310_0_2', 'Cupiditate debitis distinctio corrupti nulla laborum iste.', 'c58b280a-56d4-4ad8-8c85-730e4ea86361', 'usr_310');
INSERT INTO trabalho.comentarios_podcast_usuario VALUES ('comment_310_1_2', 'Et id voluptas laudantium fuga ad voluptas aliquid earum voluptatem.', 'c58b280a-56d4-4ad8-8c85-730e4ea86361', 'usr_310');
INSERT INTO trabalho.comentarios_podcast_usuario VALUES ('comment_310_2_2', 'Sint eligendi modi dignissimos placeat quia ratione accusantium et.', 'c58b280a-56d4-4ad8-8c85-730e4ea86361', 'usr_310');
INSERT INTO trabalho.comentarios_podcast_usuario VALUES ('comment_310_3_2', 'Hic architecto minus amet.', 'c58b280a-56d4-4ad8-8c85-730e4ea86361', 'usr_310');
INSERT INTO trabalho.log_acesso VALUES ('log_310_0_2', 'c58b280a-56d4-4ad8-8c85-730e4ea86361', 'usr_310');
INSERT INTO trabalho.log_acesso VALUES ('log_310_1_2', 'c58b280a-56d4-4ad8-8c85-730e4ea86361', 'usr_310');
INSERT INTO trabalho.log_acesso VALUES ('log_310_2_2', 'c58b280a-56d4-4ad8-8c85-730e4ea86361', 'usr_310');
INSERT INTO trabalho.log_acesso VALUES ('log_310_3_2', 'c58b280a-56d4-4ad8-8c85-730e4ea86361', 'usr_310');
INSERT INTO trabalho.log_acesso VALUES ('log_310_4_2', 'c58b280a-56d4-4ad8-8c85-730e4ea86361', 'usr_310');
INSERT INTO trabalho.log_acesso VALUES ('log_310_5_2', 'c58b280a-56d4-4ad8-8c85-730e4ea86361', 'usr_310');
INSERT INTO trabalho.usuario VALUES ('usr_311', '311_Paula.Costa@live.com', 'Paula Costa', 'female', 30, 'password', 'Vanuatu');
INSERT INTO trabalho.usuario_esta_inscrito_no_podcast VALUES (3, '7e429e8e-7669-403d-bb78-3cd7f9f75afd', 'usr_311');
INSERT INTO trabalho.comentarios_podcast_usuario VALUES ('comment_311_0_0', 'Vitae voluptatem reprehenderit optio.', '7e429e8e-7669-403d-bb78-3cd7f9f75afd', 'usr_311');
INSERT INTO trabalho.comentarios_podcast_usuario VALUES ('comment_311_1_0', 'Et at ut corporis mollitia est optio provident.', '7e429e8e-7669-403d-bb78-3cd7f9f75afd', 'usr_311');
INSERT INTO trabalho.comentarios_podcast_usuario VALUES ('comment_311_2_0', 'Nobis reprehenderit et aut eveniet eos explicabo tempore id dolor.', '7e429e8e-7669-403d-bb78-3cd7f9f75afd', 'usr_311');
INSERT INTO trabalho.comentarios_podcast_usuario VALUES ('comment_311_3_0', 'Debitis ex odio est quia incidunt laboriosam et ratione.', '7e429e8e-7669-403d-bb78-3cd7f9f75afd', 'usr_311');
INSERT INTO trabalho.comentarios_podcast_usuario VALUES ('comment_311_4_0', 'Earum et est.', '7e429e8e-7669-403d-bb78-3cd7f9f75afd', 'usr_311');
INSERT INTO trabalho.log_acesso VALUES ('log_311_0_0', '7e429e8e-7669-403d-bb78-3cd7f9f75afd', 'usr_311');
INSERT INTO trabalho.log_acesso VALUES ('log_311_1_0', '7e429e8e-7669-403d-bb78-3cd7f9f75afd', 'usr_311');
INSERT INTO trabalho.log_acesso VALUES ('log_311_2_0', '7e429e8e-7669-403d-bb78-3cd7f9f75afd', 'usr_311');
INSERT INTO trabalho.log_acesso VALUES ('log_311_3_0', '7e429e8e-7669-403d-bb78-3cd7f9f75afd', 'usr_311');
INSERT INTO trabalho.log_acesso VALUES ('log_311_4_0', '7e429e8e-7669-403d-bb78-3cd7f9f75afd', 'usr_311');
INSERT INTO trabalho.log_acesso VALUES ('log_311_5_0', '7e429e8e-7669-403d-bb78-3cd7f9f75afd', 'usr_311');
INSERT INTO trabalho.usuario_esta_inscrito_no_podcast VALUES (2, 'bc8dac25-793c-4a96-aafc-4ea7020f4f60', 'usr_311');
INSERT INTO trabalho.comentarios_podcast_usuario VALUES ('comment_311_0_1', 'Neque impedit nulla blanditiis sed sed fuga quia ratione.', 'bc8dac25-793c-4a96-aafc-4ea7020f4f60', 'usr_311');
INSERT INTO trabalho.comentarios_podcast_usuario VALUES ('comment_311_1_1', 'Voluptatem temporibus maxime numquam ad et repudiandae reprehenderit.', 'bc8dac25-793c-4a96-aafc-4ea7020f4f60', 'usr_311');
INSERT INTO trabalho.comentarios_podcast_usuario VALUES ('comment_311_2_1', 'Qui nihil consequatur a qui praesentium totam.', 'bc8dac25-793c-4a96-aafc-4ea7020f4f60', 'usr_311');
INSERT INTO trabalho.comentarios_podcast_usuario VALUES ('comment_311_3_1', 'Impedit voluptatem accusamus veniam itaque et perferendis.', 'bc8dac25-793c-4a96-aafc-4ea7020f4f60', 'usr_311');
INSERT INTO trabalho.log_acesso VALUES ('log_311_0_1', 'bc8dac25-793c-4a96-aafc-4ea7020f4f60', 'usr_311');
INSERT INTO trabalho.log_acesso VALUES ('log_311_1_1', 'bc8dac25-793c-4a96-aafc-4ea7020f4f60', 'usr_311');
INSERT INTO trabalho.log_acesso VALUES ('log_311_2_1', 'bc8dac25-793c-4a96-aafc-4ea7020f4f60', 'usr_311');
INSERT INTO trabalho.log_acesso VALUES ('log_311_3_1', 'bc8dac25-793c-4a96-aafc-4ea7020f4f60', 'usr_311');
INSERT INTO trabalho.log_acesso VALUES ('log_311_4_1', 'bc8dac25-793c-4a96-aafc-4ea7020f4f60', 'usr_311');
INSERT INTO trabalho.usuario_esta_inscrito_no_podcast VALUES (0, '67074e68-bc2f-442b-8af2-7d328b6af6eb', 'usr_311');
INSERT INTO trabalho.comentarios_podcast_usuario VALUES ('comment_311_0_2', 'Optio magnam eveniet.', '67074e68-bc2f-442b-8af2-7d328b6af6eb', 'usr_311');
INSERT INTO trabalho.comentarios_podcast_usuario VALUES ('comment_311_1_2', 'Consequatur non aut ipsam ullam.', '67074e68-bc2f-442b-8af2-7d328b6af6eb', 'usr_311');
INSERT INTO trabalho.comentarios_podcast_usuario VALUES ('comment_311_2_2', 'Et praesentium ut unde delectus aut sint in.', '67074e68-bc2f-442b-8af2-7d328b6af6eb', 'usr_311');
INSERT INTO trabalho.comentarios_podcast_usuario VALUES ('comment_311_3_2', 'Aut voluptate nisi veritatis quaerat numquam.', '67074e68-bc2f-442b-8af2-7d328b6af6eb', 'usr_311');
INSERT INTO trabalho.log_acesso VALUES ('log_311_0_2', '67074e68-bc2f-442b-8af2-7d328b6af6eb', 'usr_311');
INSERT INTO trabalho.log_acesso VALUES ('log_311_1_2', '67074e68-bc2f-442b-8af2-7d328b6af6eb', 'usr_311');
INSERT INTO trabalho.log_acesso VALUES ('log_311_2_2', '67074e68-bc2f-442b-8af2-7d328b6af6eb', 'usr_311');
INSERT INTO trabalho.usuario VALUES ('usr_312', '312_Lucas_Nogueira@hotmail.com', 'Lucas Nogueira', 'male', 30, 'password', 'Espanha');
INSERT INTO trabalho.usuario_esta_inscrito_no_podcast VALUES (1, '67074e68-bc2f-442b-8af2-7d328b6af6eb', 'usr_312');
INSERT INTO trabalho.comentarios_podcast_usuario VALUES ('comment_312_0_0', 'Qui dolorem dolores possimus quia sint voluptatum sapiente.', '67074e68-bc2f-442b-8af2-7d328b6af6eb', 'usr_312');
INSERT INTO trabalho.comentarios_podcast_usuario VALUES ('comment_312_1_0', 'Similique magni et est iste sed beatae est dolores unde.', '67074e68-bc2f-442b-8af2-7d328b6af6eb', 'usr_312');
INSERT INTO trabalho.comentarios_podcast_usuario VALUES ('comment_312_2_0', 'Amet repellendus nulla eos sequi.', '67074e68-bc2f-442b-8af2-7d328b6af6eb', 'usr_312');
INSERT INTO trabalho.comentarios_podcast_usuario VALUES ('comment_312_3_0', 'Dolor vel quibusdam nobis molestiae.', '67074e68-bc2f-442b-8af2-7d328b6af6eb', 'usr_312');
INSERT INTO trabalho.log_acesso VALUES ('log_312_0_0', '67074e68-bc2f-442b-8af2-7d328b6af6eb', 'usr_312');
INSERT INTO trabalho.log_acesso VALUES ('log_312_1_0', '67074e68-bc2f-442b-8af2-7d328b6af6eb', 'usr_312');
INSERT INTO trabalho.log_acesso VALUES ('log_312_2_0', '67074e68-bc2f-442b-8af2-7d328b6af6eb', 'usr_312');
INSERT INTO trabalho.log_acesso VALUES ('log_312_3_0', '67074e68-bc2f-442b-8af2-7d328b6af6eb', 'usr_312');
INSERT INTO trabalho.usuario_esta_inscrito_no_podcast VALUES (3, '5bdf7377-8330-4f9f-8efd-e95301c122ce', 'usr_312');
INSERT INTO trabalho.comentarios_podcast_usuario VALUES ('comment_312_0_1', 'Quibusdam cumque porro velit adipisci fugiat ex architecto fugiat.', '5bdf7377-8330-4f9f-8efd-e95301c122ce', 'usr_312');
INSERT INTO trabalho.comentarios_podcast_usuario VALUES ('comment_312_1_1', 'Sed qui placeat est pariatur aut.', '5bdf7377-8330-4f9f-8efd-e95301c122ce', 'usr_312');
INSERT INTO trabalho.comentarios_podcast_usuario VALUES ('comment_312_2_1', 'Assumenda vel iusto nihil ut illum labore.', '5bdf7377-8330-4f9f-8efd-e95301c122ce', 'usr_312');
INSERT INTO trabalho.log_acesso VALUES ('log_312_0_1', '5bdf7377-8330-4f9f-8efd-e95301c122ce', 'usr_312');
INSERT INTO trabalho.log_acesso VALUES ('log_312_1_1', '5bdf7377-8330-4f9f-8efd-e95301c122ce', 'usr_312');
INSERT INTO trabalho.log_acesso VALUES ('log_312_2_1', '5bdf7377-8330-4f9f-8efd-e95301c122ce', 'usr_312');
INSERT INTO trabalho.log_acesso VALUES ('log_312_3_1', '5bdf7377-8330-4f9f-8efd-e95301c122ce', 'usr_312');
INSERT INTO trabalho.log_acesso VALUES ('log_312_4_1', '5bdf7377-8330-4f9f-8efd-e95301c122ce', 'usr_312');
INSERT INTO trabalho.usuario_esta_inscrito_no_podcast VALUES (3, '219328a1-cec6-4e8c-b003-52a3ec9766bb', 'usr_312');
INSERT INTO trabalho.comentarios_podcast_usuario VALUES ('comment_312_0_2', 'Exercitationem sapiente repellendus facere est quos.', '219328a1-cec6-4e8c-b003-52a3ec9766bb', 'usr_312');
INSERT INTO trabalho.comentarios_podcast_usuario VALUES ('comment_312_1_2', 'Consequatur quia fugiat est.', '219328a1-cec6-4e8c-b003-52a3ec9766bb', 'usr_312');
INSERT INTO trabalho.comentarios_podcast_usuario VALUES ('comment_312_2_2', 'Ad fuga unde corrupti qui ea.', '219328a1-cec6-4e8c-b003-52a3ec9766bb', 'usr_312');
INSERT INTO trabalho.comentarios_podcast_usuario VALUES ('comment_312_3_2', 'Magni eum veritatis vitae architecto et est qui.', '219328a1-cec6-4e8c-b003-52a3ec9766bb', 'usr_312');
INSERT INTO trabalho.comentarios_podcast_usuario VALUES ('comment_312_4_2', 'Omnis mollitia aliquid iusto vel dolor dolore quia officiis ut.', '219328a1-cec6-4e8c-b003-52a3ec9766bb', 'usr_312');
INSERT INTO trabalho.comentarios_podcast_usuario VALUES ('comment_312_5_2', 'Quibusdam est et qui dignissimos aut ullam saepe et.', '219328a1-cec6-4e8c-b003-52a3ec9766bb', 'usr_312');
INSERT INTO trabalho.comentarios_podcast_usuario VALUES ('comment_312_6_2', 'Quis recusandae voluptatum dolor aliquid et.', '219328a1-cec6-4e8c-b003-52a3ec9766bb', 'usr_312');
INSERT INTO trabalho.log_acesso VALUES ('log_312_0_2', '219328a1-cec6-4e8c-b003-52a3ec9766bb', 'usr_312');
INSERT INTO trabalho.log_acesso VALUES ('log_312_1_2', '219328a1-cec6-4e8c-b003-52a3ec9766bb', 'usr_312');
INSERT INTO trabalho.log_acesso VALUES ('log_312_2_2', '219328a1-cec6-4e8c-b003-52a3ec9766bb', 'usr_312');
INSERT INTO trabalho.log_acesso VALUES ('log_312_3_2', '219328a1-cec6-4e8c-b003-52a3ec9766bb', 'usr_312');
INSERT INTO trabalho.usuario VALUES ('usr_313', '313_Yuri_Macedo49@bol.com.br', 'Yuri Macedo', 'male', 51, 'password', 'República Dominicana');
INSERT INTO trabalho.usuario_esta_inscrito_no_podcast VALUES (1, '7e429e8e-7669-403d-bb78-3cd7f9f75afd', 'usr_313');
INSERT INTO trabalho.comentarios_podcast_usuario VALUES ('comment_313_0_0', 'Voluptatem aut perferendis optio numquam.', '7e429e8e-7669-403d-bb78-3cd7f9f75afd', 'usr_313');
INSERT INTO trabalho.comentarios_podcast_usuario VALUES ('comment_313_1_0', 'Minus qui quam maxime quae dolores consequatur itaque.', '7e429e8e-7669-403d-bb78-3cd7f9f75afd', 'usr_313');
INSERT INTO trabalho.comentarios_podcast_usuario VALUES ('comment_313_2_0', 'Ut nulla totam minus aut quo tenetur.', '7e429e8e-7669-403d-bb78-3cd7f9f75afd', 'usr_313');
INSERT INTO trabalho.log_acesso VALUES ('log_313_0_0', '7e429e8e-7669-403d-bb78-3cd7f9f75afd', 'usr_313');
INSERT INTO trabalho.usuario_esta_inscrito_no_podcast VALUES (3, 'f1b92ce7-47a7-43cd-8586-4a09185cdd05', 'usr_313');
INSERT INTO trabalho.comentarios_podcast_usuario VALUES ('comment_313_0_1', 'Accusantium eius in.', 'f1b92ce7-47a7-43cd-8586-4a09185cdd05', 'usr_313');
INSERT INTO trabalho.comentarios_podcast_usuario VALUES ('comment_313_1_1', 'Et et dignissimos.', 'f1b92ce7-47a7-43cd-8586-4a09185cdd05', 'usr_313');
INSERT INTO trabalho.comentarios_podcast_usuario VALUES ('comment_313_2_1', 'Cumque eveniet neque ut ratione facere perspiciatis.', 'f1b92ce7-47a7-43cd-8586-4a09185cdd05', 'usr_313');
INSERT INTO trabalho.comentarios_podcast_usuario VALUES ('comment_313_3_1', 'Ut omnis odit officia consequatur nobis sit dolorum.', 'f1b92ce7-47a7-43cd-8586-4a09185cdd05', 'usr_313');
INSERT INTO trabalho.log_acesso VALUES ('log_313_0_1', 'f1b92ce7-47a7-43cd-8586-4a09185cdd05', 'usr_313');
INSERT INTO trabalho.log_acesso VALUES ('log_313_1_1', 'f1b92ce7-47a7-43cd-8586-4a09185cdd05', 'usr_313');
INSERT INTO trabalho.log_acesso VALUES ('log_313_2_1', 'f1b92ce7-47a7-43cd-8586-4a09185cdd05', 'usr_313');
INSERT INTO trabalho.log_acesso VALUES ('log_313_3_1', 'f1b92ce7-47a7-43cd-8586-4a09185cdd05', 'usr_313');
INSERT INTO trabalho.log_acesso VALUES ('log_313_4_1', 'f1b92ce7-47a7-43cd-8586-4a09185cdd05', 'usr_313');
INSERT INTO trabalho.usuario_esta_inscrito_no_podcast VALUES (0, '5bdf7377-8330-4f9f-8efd-e95301c122ce', 'usr_313');
INSERT INTO trabalho.comentarios_podcast_usuario VALUES ('comment_313_0_2', 'Ratione adipisci at numquam distinctio minima ut sed.', '5bdf7377-8330-4f9f-8efd-e95301c122ce', 'usr_313');
INSERT INTO trabalho.comentarios_podcast_usuario VALUES ('comment_313_1_2', 'Distinctio tempore beatae commodi eligendi.', '5bdf7377-8330-4f9f-8efd-e95301c122ce', 'usr_313');
INSERT INTO trabalho.comentarios_podcast_usuario VALUES ('comment_313_2_2', 'Ab quis magni.', '5bdf7377-8330-4f9f-8efd-e95301c122ce', 'usr_313');
INSERT INTO trabalho.comentarios_podcast_usuario VALUES ('comment_313_3_2', 'Dolores optio eum voluptas sit vel et aut.', '5bdf7377-8330-4f9f-8efd-e95301c122ce', 'usr_313');
INSERT INTO trabalho.log_acesso VALUES ('log_313_0_2', '5bdf7377-8330-4f9f-8efd-e95301c122ce', 'usr_313');
INSERT INTO trabalho.usuario VALUES ('usr_314', '314_Mariana_Braga@live.com', 'Mariana Braga', 'female', 3, 'password', 'Macedônia');
INSERT INTO trabalho.usuario_esta_inscrito_no_podcast VALUES (5, 'c58b280a-56d4-4ad8-8c85-730e4ea86361', 'usr_314');
INSERT INTO trabalho.comentarios_podcast_usuario VALUES ('comment_314_0_0', 'Natus ut dolor aut magnam recusandae maiores ex.', 'c58b280a-56d4-4ad8-8c85-730e4ea86361', 'usr_314');
INSERT INTO trabalho.comentarios_podcast_usuario VALUES ('comment_314_1_0', 'Soluta similique nihil officia et.', 'c58b280a-56d4-4ad8-8c85-730e4ea86361', 'usr_314');
INSERT INTO trabalho.comentarios_podcast_usuario VALUES ('comment_314_2_0', 'Aut expedita distinctio ut.', 'c58b280a-56d4-4ad8-8c85-730e4ea86361', 'usr_314');
INSERT INTO trabalho.comentarios_podcast_usuario VALUES ('comment_314_3_0', 'Quisquam tempora dolorum laudantium voluptatem.', 'c58b280a-56d4-4ad8-8c85-730e4ea86361', 'usr_314');
INSERT INTO trabalho.log_acesso VALUES ('log_314_0_0', 'c58b280a-56d4-4ad8-8c85-730e4ea86361', 'usr_314');
INSERT INTO trabalho.log_acesso VALUES ('log_314_1_0', 'c58b280a-56d4-4ad8-8c85-730e4ea86361', 'usr_314');
INSERT INTO trabalho.log_acesso VALUES ('log_314_2_0', 'c58b280a-56d4-4ad8-8c85-730e4ea86361', 'usr_314');
INSERT INTO trabalho.log_acesso VALUES ('log_314_3_0', 'c58b280a-56d4-4ad8-8c85-730e4ea86361', 'usr_314');
INSERT INTO trabalho.usuario_esta_inscrito_no_podcast VALUES (1, '168c1536-4c42-4b8f-8c77-f06affefec6a', 'usr_314');
INSERT INTO trabalho.comentarios_podcast_usuario VALUES ('comment_314_0_1', 'Ab reiciendis sed autem dolore aut voluptas est rerum reiciendis.', '168c1536-4c42-4b8f-8c77-f06affefec6a', 'usr_314');
INSERT INTO trabalho.comentarios_podcast_usuario VALUES ('comment_314_1_1', 'Sed cum reiciendis sint aliquid dolor expedita.', '168c1536-4c42-4b8f-8c77-f06affefec6a', 'usr_314');
INSERT INTO trabalho.comentarios_podcast_usuario VALUES ('comment_314_2_1', 'Ab repellat accusamus.', '168c1536-4c42-4b8f-8c77-f06affefec6a', 'usr_314');
INSERT INTO trabalho.comentarios_podcast_usuario VALUES ('comment_314_3_1', 'Sit temporibus consequatur molestiae optio voluptatem.', '168c1536-4c42-4b8f-8c77-f06affefec6a', 'usr_314');
INSERT INTO trabalho.comentarios_podcast_usuario VALUES ('comment_314_4_1', 'Ex perspiciatis facilis quod dolorem magni et est itaque temporibus.', '168c1536-4c42-4b8f-8c77-f06affefec6a', 'usr_314');
INSERT INTO trabalho.comentarios_podcast_usuario VALUES ('comment_314_5_1', 'Iure quia omnis saepe illum aut.', '168c1536-4c42-4b8f-8c77-f06affefec6a', 'usr_314');
INSERT INTO trabalho.log_acesso VALUES ('log_314_0_1', '168c1536-4c42-4b8f-8c77-f06affefec6a', 'usr_314');
INSERT INTO trabalho.log_acesso VALUES ('log_314_1_1', '168c1536-4c42-4b8f-8c77-f06affefec6a', 'usr_314');
INSERT INTO trabalho.usuario_esta_inscrito_no_podcast VALUES (4, 'f0166bd2-8e4d-4308-b5d7-0b3d627c5dc5', 'usr_314');
INSERT INTO trabalho.comentarios_podcast_usuario VALUES ('comment_314_0_2', 'Modi voluptatem rem necessitatibus ipsa mollitia ea dolor dignissimos beatae.', 'f0166bd2-8e4d-4308-b5d7-0b3d627c5dc5', 'usr_314');
INSERT INTO trabalho.comentarios_podcast_usuario VALUES ('comment_314_1_2', 'Repellendus tempore quis ut doloribus ut ea quia eveniet ab.', 'f0166bd2-8e4d-4308-b5d7-0b3d627c5dc5', 'usr_314');
INSERT INTO trabalho.comentarios_podcast_usuario VALUES ('comment_314_2_2', 'Aut rem rerum accusantium sit molestiae.', 'f0166bd2-8e4d-4308-b5d7-0b3d627c5dc5', 'usr_314');
INSERT INTO trabalho.log_acesso VALUES ('log_314_0_2', 'f0166bd2-8e4d-4308-b5d7-0b3d627c5dc5', 'usr_314');
INSERT INTO trabalho.log_acesso VALUES ('log_314_1_2', 'f0166bd2-8e4d-4308-b5d7-0b3d627c5dc5', 'usr_314');
INSERT INTO trabalho.usuario VALUES ('usr_315', '315_Daniel.Braga49@yahoo.com', 'Daniel Braga', 'male', 14, 'password', 'Butão');
INSERT INTO trabalho.usuario_esta_inscrito_no_podcast VALUES (3, 'f0166bd2-8e4d-4308-b5d7-0b3d627c5dc5', 'usr_315');
INSERT INTO trabalho.comentarios_podcast_usuario VALUES ('comment_315_0_0', 'Nemo nesciunt ut est repellendus.', 'f0166bd2-8e4d-4308-b5d7-0b3d627c5dc5', 'usr_315');
INSERT INTO trabalho.log_acesso VALUES ('log_315_0_0', 'f0166bd2-8e4d-4308-b5d7-0b3d627c5dc5', 'usr_315');
INSERT INTO trabalho.log_acesso VALUES ('log_315_1_0', 'f0166bd2-8e4d-4308-b5d7-0b3d627c5dc5', 'usr_315');
INSERT INTO trabalho.log_acesso VALUES ('log_315_2_0', 'f0166bd2-8e4d-4308-b5d7-0b3d627c5dc5', 'usr_315');
INSERT INTO trabalho.log_acesso VALUES ('log_315_3_0', 'f0166bd2-8e4d-4308-b5d7-0b3d627c5dc5', 'usr_315');
INSERT INTO trabalho.log_acesso VALUES ('log_315_4_0', 'f0166bd2-8e4d-4308-b5d7-0b3d627c5dc5', 'usr_315');
INSERT INTO trabalho.usuario_esta_inscrito_no_podcast VALUES (1, '7e429e8e-7669-403d-bb78-3cd7f9f75afd', 'usr_315');
INSERT INTO trabalho.comentarios_podcast_usuario VALUES ('comment_315_0_1', 'Facere molestiae eligendi debitis quasi qui ipsum dolor numquam.', '7e429e8e-7669-403d-bb78-3cd7f9f75afd', 'usr_315');
INSERT INTO trabalho.comentarios_podcast_usuario VALUES ('comment_315_1_1', 'Ducimus provident laboriosam cum quisquam non deleniti vel quasi ut.', '7e429e8e-7669-403d-bb78-3cd7f9f75afd', 'usr_315');
INSERT INTO trabalho.comentarios_podcast_usuario VALUES ('comment_315_2_1', 'Corrupti fuga odit doloribus laborum corrupti quis ut.', '7e429e8e-7669-403d-bb78-3cd7f9f75afd', 'usr_315');
INSERT INTO trabalho.log_acesso VALUES ('log_315_0_1', '7e429e8e-7669-403d-bb78-3cd7f9f75afd', 'usr_315');
INSERT INTO trabalho.log_acesso VALUES ('log_315_1_1', '7e429e8e-7669-403d-bb78-3cd7f9f75afd', 'usr_315');
INSERT INTO trabalho.log_acesso VALUES ('log_315_2_1', '7e429e8e-7669-403d-bb78-3cd7f9f75afd', 'usr_315');
INSERT INTO trabalho.usuario_esta_inscrito_no_podcast VALUES (4, '219328a1-cec6-4e8c-b003-52a3ec9766bb', 'usr_315');
INSERT INTO trabalho.comentarios_podcast_usuario VALUES ('comment_315_0_2', 'Facilis tempora vero impedit et quae cumque sint.', '219328a1-cec6-4e8c-b003-52a3ec9766bb', 'usr_315');
INSERT INTO trabalho.comentarios_podcast_usuario VALUES ('comment_315_1_2', 'Nesciunt earum eum voluptatibus non aliquam sapiente numquam.', '219328a1-cec6-4e8c-b003-52a3ec9766bb', 'usr_315');
INSERT INTO trabalho.comentarios_podcast_usuario VALUES ('comment_315_2_2', 'Voluptas quae nulla laborum vitae earum necessitatibus quaerat velit.', '219328a1-cec6-4e8c-b003-52a3ec9766bb', 'usr_315');
INSERT INTO trabalho.log_acesso VALUES ('log_315_0_2', '219328a1-cec6-4e8c-b003-52a3ec9766bb', 'usr_315');
INSERT INTO trabalho.log_acesso VALUES ('log_315_1_2', '219328a1-cec6-4e8c-b003-52a3ec9766bb', 'usr_315');
INSERT INTO trabalho.log_acesso VALUES ('log_315_2_2', '219328a1-cec6-4e8c-b003-52a3ec9766bb', 'usr_315');
INSERT INTO trabalho.log_acesso VALUES ('log_315_3_2', '219328a1-cec6-4e8c-b003-52a3ec9766bb', 'usr_315');
INSERT INTO trabalho.usuario VALUES ('usr_316', '316_Breno47@live.com', 'Breno Melo', 'male', 5, 'password', 'Moldávia');
INSERT INTO trabalho.usuario_esta_inscrito_no_podcast VALUES (0, 'f1b92ce7-47a7-43cd-8586-4a09185cdd05', 'usr_316');
INSERT INTO trabalho.comentarios_podcast_usuario VALUES ('comment_316_0_0', 'Voluptate quis id ea et dolores eius quam vero necessitatibus.', 'f1b92ce7-47a7-43cd-8586-4a09185cdd05', 'usr_316');
INSERT INTO trabalho.log_acesso VALUES ('log_316_0_0', 'f1b92ce7-47a7-43cd-8586-4a09185cdd05', 'usr_316');
INSERT INTO trabalho.log_acesso VALUES ('log_316_1_0', 'f1b92ce7-47a7-43cd-8586-4a09185cdd05', 'usr_316');
INSERT INTO trabalho.log_acesso VALUES ('log_316_2_0', 'f1b92ce7-47a7-43cd-8586-4a09185cdd05', 'usr_316');
INSERT INTO trabalho.log_acesso VALUES ('log_316_3_0', 'f1b92ce7-47a7-43cd-8586-4a09185cdd05', 'usr_316');
INSERT INTO trabalho.usuario_esta_inscrito_no_podcast VALUES (3, '7e429e8e-7669-403d-bb78-3cd7f9f75afd', 'usr_316');
INSERT INTO trabalho.comentarios_podcast_usuario VALUES ('comment_316_0_1', 'Voluptates rerum quisquam error totam.', '7e429e8e-7669-403d-bb78-3cd7f9f75afd', 'usr_316');
INSERT INTO trabalho.log_acesso VALUES ('log_316_0_1', '7e429e8e-7669-403d-bb78-3cd7f9f75afd', 'usr_316');
INSERT INTO trabalho.log_acesso VALUES ('log_316_1_1', '7e429e8e-7669-403d-bb78-3cd7f9f75afd', 'usr_316');
INSERT INTO trabalho.log_acesso VALUES ('log_316_2_1', '7e429e8e-7669-403d-bb78-3cd7f9f75afd', 'usr_316');
INSERT INTO trabalho.usuario_esta_inscrito_no_podcast VALUES (2, 'f0166bd2-8e4d-4308-b5d7-0b3d627c5dc5', 'usr_316');
INSERT INTO trabalho.comentarios_podcast_usuario VALUES ('comment_316_0_2', 'Veniam eos mollitia.', 'f0166bd2-8e4d-4308-b5d7-0b3d627c5dc5', 'usr_316');
INSERT INTO trabalho.comentarios_podcast_usuario VALUES ('comment_316_1_2', 'Sunt quis placeat hic officia repudiandae delectus fugiat rerum.', 'f0166bd2-8e4d-4308-b5d7-0b3d627c5dc5', 'usr_316');
INSERT INTO trabalho.comentarios_podcast_usuario VALUES ('comment_316_2_2', 'Sint nobis consequatur consectetur vero laudantium natus culpa harum.', 'f0166bd2-8e4d-4308-b5d7-0b3d627c5dc5', 'usr_316');
INSERT INTO trabalho.log_acesso VALUES ('log_316_0_2', 'f0166bd2-8e4d-4308-b5d7-0b3d627c5dc5', 'usr_316');
INSERT INTO trabalho.log_acesso VALUES ('log_316_1_2', 'f0166bd2-8e4d-4308-b5d7-0b3d627c5dc5', 'usr_316');
INSERT INTO trabalho.log_acesso VALUES ('log_316_2_2', 'f0166bd2-8e4d-4308-b5d7-0b3d627c5dc5', 'usr_316');
INSERT INTO trabalho.usuario VALUES ('usr_317', '317_Luiza.Batista@gmail.com', 'Luiza Batista', 'female', 49, 'password', 'República da África Central');
INSERT INTO trabalho.usuario_esta_inscrito_no_podcast VALUES (4, 'f1b92ce7-47a7-43cd-8586-4a09185cdd05', 'usr_317');
INSERT INTO trabalho.comentarios_podcast_usuario VALUES ('comment_317_0_0', 'Repudiandae aperiam a sed hic.', 'f1b92ce7-47a7-43cd-8586-4a09185cdd05', 'usr_317');
INSERT INTO trabalho.comentarios_podcast_usuario VALUES ('comment_317_1_0', 'Eveniet rerum aut consequatur culpa dolorem et aliquid iste natus.', 'f1b92ce7-47a7-43cd-8586-4a09185cdd05', 'usr_317');
INSERT INTO trabalho.log_acesso VALUES ('log_317_0_0', 'f1b92ce7-47a7-43cd-8586-4a09185cdd05', 'usr_317');
INSERT INTO trabalho.log_acesso VALUES ('log_317_1_0', 'f1b92ce7-47a7-43cd-8586-4a09185cdd05', 'usr_317');
INSERT INTO trabalho.log_acesso VALUES ('log_317_2_0', 'f1b92ce7-47a7-43cd-8586-4a09185cdd05', 'usr_317');
INSERT INTO trabalho.log_acesso VALUES ('log_317_3_0', 'f1b92ce7-47a7-43cd-8586-4a09185cdd05', 'usr_317');
INSERT INTO trabalho.log_acesso VALUES ('log_317_4_0', 'f1b92ce7-47a7-43cd-8586-4a09185cdd05', 'usr_317');
INSERT INTO trabalho.log_acesso VALUES ('log_317_5_0', 'f1b92ce7-47a7-43cd-8586-4a09185cdd05', 'usr_317');
INSERT INTO trabalho.log_acesso VALUES ('log_317_6_0', 'f1b92ce7-47a7-43cd-8586-4a09185cdd05', 'usr_317');
INSERT INTO trabalho.log_acesso VALUES ('log_317_7_0', 'f1b92ce7-47a7-43cd-8586-4a09185cdd05', 'usr_317');
INSERT INTO trabalho.usuario_esta_inscrito_no_podcast VALUES (0, 'bc8dac25-793c-4a96-aafc-4ea7020f4f60', 'usr_317');
INSERT INTO trabalho.comentarios_podcast_usuario VALUES ('comment_317_0_1', 'Incidunt illo consequatur voluptas harum a debitis pariatur.', 'bc8dac25-793c-4a96-aafc-4ea7020f4f60', 'usr_317');
INSERT INTO trabalho.comentarios_podcast_usuario VALUES ('comment_317_1_1', 'Quia dolorum odio est dolores est reiciendis qui architecto placeat.', 'bc8dac25-793c-4a96-aafc-4ea7020f4f60', 'usr_317');
INSERT INTO trabalho.comentarios_podcast_usuario VALUES ('comment_317_2_1', 'Nesciunt voluptatibus deserunt maxime qui architecto.', 'bc8dac25-793c-4a96-aafc-4ea7020f4f60', 'usr_317');
INSERT INTO trabalho.comentarios_podcast_usuario VALUES ('comment_317_3_1', 'Id eligendi dolor nihil.', 'bc8dac25-793c-4a96-aafc-4ea7020f4f60', 'usr_317');
INSERT INTO trabalho.log_acesso VALUES ('log_317_0_1', 'bc8dac25-793c-4a96-aafc-4ea7020f4f60', 'usr_317');
INSERT INTO trabalho.log_acesso VALUES ('log_317_1_1', 'bc8dac25-793c-4a96-aafc-4ea7020f4f60', 'usr_317');
INSERT INTO trabalho.log_acesso VALUES ('log_317_2_1', 'bc8dac25-793c-4a96-aafc-4ea7020f4f60', 'usr_317');
INSERT INTO trabalho.log_acesso VALUES ('log_317_3_1', 'bc8dac25-793c-4a96-aafc-4ea7020f4f60', 'usr_317');
INSERT INTO trabalho.log_acesso VALUES ('log_317_4_1', 'bc8dac25-793c-4a96-aafc-4ea7020f4f60', 'usr_317');
INSERT INTO trabalho.log_acesso VALUES ('log_317_5_1', 'bc8dac25-793c-4a96-aafc-4ea7020f4f60', 'usr_317');
INSERT INTO trabalho.usuario_esta_inscrito_no_podcast VALUES (0, 'f8e13774-d631-4f34-93f0-2f5d55590265', 'usr_317');
INSERT INTO trabalho.comentarios_podcast_usuario VALUES ('comment_317_0_2', 'Rerum illo ab accusamus reprehenderit.', 'f8e13774-d631-4f34-93f0-2f5d55590265', 'usr_317');
INSERT INTO trabalho.log_acesso VALUES ('log_317_0_2', 'f8e13774-d631-4f34-93f0-2f5d55590265', 'usr_317');
INSERT INTO trabalho.log_acesso VALUES ('log_317_1_2', 'f8e13774-d631-4f34-93f0-2f5d55590265', 'usr_317');
INSERT INTO trabalho.log_acesso VALUES ('log_317_2_2', 'f8e13774-d631-4f34-93f0-2f5d55590265', 'usr_317');
INSERT INTO trabalho.log_acesso VALUES ('log_317_3_2', 'f8e13774-d631-4f34-93f0-2f5d55590265', 'usr_317');
INSERT INTO trabalho.log_acesso VALUES ('log_317_4_2', 'f8e13774-d631-4f34-93f0-2f5d55590265', 'usr_317');
INSERT INTO trabalho.usuario VALUES ('usr_318', '318_Vitor11@bol.com.br', 'Vitor Batista', 'male', 40, 'password', 'Sri Lanka');
INSERT INTO trabalho.usuario_esta_inscrito_no_podcast VALUES (2, 'f8e13774-d631-4f34-93f0-2f5d55590265', 'usr_318');
INSERT INTO trabalho.comentarios_podcast_usuario VALUES ('comment_318_0_0', 'Qui accusantium et consequatur voluptas distinctio deleniti veniam quis.', 'f8e13774-d631-4f34-93f0-2f5d55590265', 'usr_318');
INSERT INTO trabalho.comentarios_podcast_usuario VALUES ('comment_318_1_0', 'Consectetur et nihil voluptas quibusdam dolor ipsum quia libero ducimus.', 'f8e13774-d631-4f34-93f0-2f5d55590265', 'usr_318');
INSERT INTO trabalho.comentarios_podcast_usuario VALUES ('comment_318_2_0', 'Aut sint molestiae occaecati ipsa voluptatum atque quaerat fugit maxime.', 'f8e13774-d631-4f34-93f0-2f5d55590265', 'usr_318');
INSERT INTO trabalho.comentarios_podcast_usuario VALUES ('comment_318_3_0', 'Nam autem veniam in debitis.', 'f8e13774-d631-4f34-93f0-2f5d55590265', 'usr_318');
INSERT INTO trabalho.comentarios_podcast_usuario VALUES ('comment_318_4_0', 'Est est in omnis asperiores voluptas est laudantium maiores possimus.', 'f8e13774-d631-4f34-93f0-2f5d55590265', 'usr_318');
INSERT INTO trabalho.log_acesso VALUES ('log_318_0_0', 'f8e13774-d631-4f34-93f0-2f5d55590265', 'usr_318');
INSERT INTO trabalho.log_acesso VALUES ('log_318_1_0', 'f8e13774-d631-4f34-93f0-2f5d55590265', 'usr_318');
INSERT INTO trabalho.log_acesso VALUES ('log_318_2_0', 'f8e13774-d631-4f34-93f0-2f5d55590265', 'usr_318');
INSERT INTO trabalho.log_acesso VALUES ('log_318_3_0', 'f8e13774-d631-4f34-93f0-2f5d55590265', 'usr_318');
INSERT INTO trabalho.usuario_esta_inscrito_no_podcast VALUES (0, 'de2f0ddb-9903-436a-a5e2-54224254c818', 'usr_318');
INSERT INTO trabalho.comentarios_podcast_usuario VALUES ('comment_318_0_1', 'Ut et enim quisquam sapiente.', 'de2f0ddb-9903-436a-a5e2-54224254c818', 'usr_318');
INSERT INTO trabalho.comentarios_podcast_usuario VALUES ('comment_318_1_1', 'Quo dolores vel placeat sunt totam.', 'de2f0ddb-9903-436a-a5e2-54224254c818', 'usr_318');
INSERT INTO trabalho.comentarios_podcast_usuario VALUES ('comment_318_2_1', 'Est minus et eaque voluptatem dolores quo.', 'de2f0ddb-9903-436a-a5e2-54224254c818', 'usr_318');
INSERT INTO trabalho.comentarios_podcast_usuario VALUES ('comment_318_3_1', 'Est autem quia libero cumque.', 'de2f0ddb-9903-436a-a5e2-54224254c818', 'usr_318');
INSERT INTO trabalho.comentarios_podcast_usuario VALUES ('comment_318_4_1', 'Placeat aut ad quod fugit.', 'de2f0ddb-9903-436a-a5e2-54224254c818', 'usr_318');
INSERT INTO trabalho.comentarios_podcast_usuario VALUES ('comment_318_5_1', 'Est placeat est dolorem.', 'de2f0ddb-9903-436a-a5e2-54224254c818', 'usr_318');
INSERT INTO trabalho.log_acesso VALUES ('log_318_0_1', 'de2f0ddb-9903-436a-a5e2-54224254c818', 'usr_318');
INSERT INTO trabalho.usuario_esta_inscrito_no_podcast VALUES (5, 'bc8dac25-793c-4a96-aafc-4ea7020f4f60', 'usr_318');
INSERT INTO trabalho.comentarios_podcast_usuario VALUES ('comment_318_0_2', 'Tempora enim dolorem.', 'bc8dac25-793c-4a96-aafc-4ea7020f4f60', 'usr_318');
INSERT INTO trabalho.comentarios_podcast_usuario VALUES ('comment_318_1_2', 'Reiciendis vel nemo voluptate.', 'bc8dac25-793c-4a96-aafc-4ea7020f4f60', 'usr_318');
INSERT INTO trabalho.comentarios_podcast_usuario VALUES ('comment_318_2_2', 'Dignissimos maxime eum aut sit ducimus magni quisquam.', 'bc8dac25-793c-4a96-aafc-4ea7020f4f60', 'usr_318');
INSERT INTO trabalho.comentarios_podcast_usuario VALUES ('comment_318_3_2', 'Sint quaerat earum deleniti voluptatem repellendus dolores.', 'bc8dac25-793c-4a96-aafc-4ea7020f4f60', 'usr_318');
INSERT INTO trabalho.log_acesso VALUES ('log_318_0_2', 'bc8dac25-793c-4a96-aafc-4ea7020f4f60', 'usr_318');
INSERT INTO trabalho.log_acesso VALUES ('log_318_1_2', 'bc8dac25-793c-4a96-aafc-4ea7020f4f60', 'usr_318');
INSERT INTO trabalho.log_acesso VALUES ('log_318_2_2', 'bc8dac25-793c-4a96-aafc-4ea7020f4f60', 'usr_318');
INSERT INTO trabalho.usuario VALUES ('usr_319', '319_AnaJlia.Franco@yahoo.com', 'Ana Júlia Franco', 'female', 13, 'password', 'Ilhas Caiman');
INSERT INTO trabalho.usuario_esta_inscrito_no_podcast VALUES (2, '168c1536-4c42-4b8f-8c77-f06affefec6a', 'usr_319');
INSERT INTO trabalho.comentarios_podcast_usuario VALUES ('comment_319_0_0', 'Et rerum velit eaque vel aut aliquid veniam.', '168c1536-4c42-4b8f-8c77-f06affefec6a', 'usr_319');
INSERT INTO trabalho.comentarios_podcast_usuario VALUES ('comment_319_1_0', 'Voluptates at suscipit enim voluptatem quidem rerum accusamus.', '168c1536-4c42-4b8f-8c77-f06affefec6a', 'usr_319');
INSERT INTO trabalho.comentarios_podcast_usuario VALUES ('comment_319_2_0', 'Ex ipsum voluptate porro.', '168c1536-4c42-4b8f-8c77-f06affefec6a', 'usr_319');
INSERT INTO trabalho.comentarios_podcast_usuario VALUES ('comment_319_3_0', 'Hic mollitia quis sit porro consectetur et quis odio accusamus.', '168c1536-4c42-4b8f-8c77-f06affefec6a', 'usr_319');
INSERT INTO trabalho.log_acesso VALUES ('log_319_0_0', '168c1536-4c42-4b8f-8c77-f06affefec6a', 'usr_319');
INSERT INTO trabalho.log_acesso VALUES ('log_319_1_0', '168c1536-4c42-4b8f-8c77-f06affefec6a', 'usr_319');
INSERT INTO trabalho.log_acesso VALUES ('log_319_2_0', '168c1536-4c42-4b8f-8c77-f06affefec6a', 'usr_319');
INSERT INTO trabalho.usuario_esta_inscrito_no_podcast VALUES (5, 'f0166bd2-8e4d-4308-b5d7-0b3d627c5dc5', 'usr_319');
INSERT INTO trabalho.comentarios_podcast_usuario VALUES ('comment_319_0_1', 'Omnis placeat qui quae nulla commodi pariatur voluptatem fugiat similique.', 'f0166bd2-8e4d-4308-b5d7-0b3d627c5dc5', 'usr_319');
INSERT INTO trabalho.comentarios_podcast_usuario VALUES ('comment_319_1_1', 'Nihil qui ducimus impedit ex aut amet omnis est.', 'f0166bd2-8e4d-4308-b5d7-0b3d627c5dc5', 'usr_319');
INSERT INTO trabalho.comentarios_podcast_usuario VALUES ('comment_319_2_1', 'Esse ipsum vitae placeat unde quia qui.', 'f0166bd2-8e4d-4308-b5d7-0b3d627c5dc5', 'usr_319');
INSERT INTO trabalho.log_acesso VALUES ('log_319_0_1', 'f0166bd2-8e4d-4308-b5d7-0b3d627c5dc5', 'usr_319');
INSERT INTO trabalho.log_acesso VALUES ('log_319_1_1', 'f0166bd2-8e4d-4308-b5d7-0b3d627c5dc5', 'usr_319');
INSERT INTO trabalho.log_acesso VALUES ('log_319_2_1', 'f0166bd2-8e4d-4308-b5d7-0b3d627c5dc5', 'usr_319');
INSERT INTO trabalho.log_acesso VALUES ('log_319_3_1', 'f0166bd2-8e4d-4308-b5d7-0b3d627c5dc5', 'usr_319');
INSERT INTO trabalho.usuario_esta_inscrito_no_podcast VALUES (2, 'b553d865-8fe2-47de-9a30-10e1dea3bd1d', 'usr_319');
INSERT INTO trabalho.comentarios_podcast_usuario VALUES ('comment_319_0_2', 'Et earum et.', 'b553d865-8fe2-47de-9a30-10e1dea3bd1d', 'usr_319');
INSERT INTO trabalho.comentarios_podcast_usuario VALUES ('comment_319_1_2', 'Omnis cum ab natus aut cumque voluptatem.', 'b553d865-8fe2-47de-9a30-10e1dea3bd1d', 'usr_319');
INSERT INTO trabalho.comentarios_podcast_usuario VALUES ('comment_319_2_2', 'Voluptatum corporis et est occaecati nam exercitationem possimus.', 'b553d865-8fe2-47de-9a30-10e1dea3bd1d', 'usr_319');
INSERT INTO trabalho.log_acesso VALUES ('log_319_0_2', 'b553d865-8fe2-47de-9a30-10e1dea3bd1d', 'usr_319');
INSERT INTO trabalho.usuario VALUES ('usr_320', '320_Ceclia_Braga@hotmail.com', 'Cecília Braga', 'female', 50, 'password', 'Ruanda');
INSERT INTO trabalho.usuario_esta_inscrito_no_podcast VALUES (0, 'f0166bd2-8e4d-4308-b5d7-0b3d627c5dc5', 'usr_320');
INSERT INTO trabalho.comentarios_podcast_usuario VALUES ('comment_320_0_0', 'Qui quia corporis dignissimos.', 'f0166bd2-8e4d-4308-b5d7-0b3d627c5dc5', 'usr_320');
INSERT INTO trabalho.comentarios_podcast_usuario VALUES ('comment_320_1_0', 'Neque eius consequatur officia numquam eligendi.', 'f0166bd2-8e4d-4308-b5d7-0b3d627c5dc5', 'usr_320');
INSERT INTO trabalho.log_acesso VALUES ('log_320_0_0', 'f0166bd2-8e4d-4308-b5d7-0b3d627c5dc5', 'usr_320');
INSERT INTO trabalho.log_acesso VALUES ('log_320_1_0', 'f0166bd2-8e4d-4308-b5d7-0b3d627c5dc5', 'usr_320');
INSERT INTO trabalho.log_acesso VALUES ('log_320_2_0', 'f0166bd2-8e4d-4308-b5d7-0b3d627c5dc5', 'usr_320');
INSERT INTO trabalho.usuario_esta_inscrito_no_podcast VALUES (2, '168c1536-4c42-4b8f-8c77-f06affefec6a', 'usr_320');
INSERT INTO trabalho.comentarios_podcast_usuario VALUES ('comment_320_0_1', 'Fugit velit perferendis sed sunt iste consequuntur.', '168c1536-4c42-4b8f-8c77-f06affefec6a', 'usr_320');
INSERT INTO trabalho.log_acesso VALUES ('log_320_0_1', '168c1536-4c42-4b8f-8c77-f06affefec6a', 'usr_320');
INSERT INTO trabalho.log_acesso VALUES ('log_320_1_1', '168c1536-4c42-4b8f-8c77-f06affefec6a', 'usr_320');
INSERT INTO trabalho.log_acesso VALUES ('log_320_2_1', '168c1536-4c42-4b8f-8c77-f06affefec6a', 'usr_320');
INSERT INTO trabalho.log_acesso VALUES ('log_320_3_1', '168c1536-4c42-4b8f-8c77-f06affefec6a', 'usr_320');
INSERT INTO trabalho.usuario_esta_inscrito_no_podcast VALUES (4, 'de2f0ddb-9903-436a-a5e2-54224254c818', 'usr_320');
INSERT INTO trabalho.comentarios_podcast_usuario VALUES ('comment_320_0_2', 'Autem hic est non voluptate sit voluptatem est.', 'de2f0ddb-9903-436a-a5e2-54224254c818', 'usr_320');
INSERT INTO trabalho.comentarios_podcast_usuario VALUES ('comment_320_1_2', 'Amet tenetur dicta cupiditate perferendis culpa laboriosam ea ut.', 'de2f0ddb-9903-436a-a5e2-54224254c818', 'usr_320');
INSERT INTO trabalho.comentarios_podcast_usuario VALUES ('comment_320_2_2', 'Repellendus eos tenetur non quis in.', 'de2f0ddb-9903-436a-a5e2-54224254c818', 'usr_320');
INSERT INTO trabalho.comentarios_podcast_usuario VALUES ('comment_320_3_2', 'Laboriosam beatae architecto aliquid aut dolores et repellendus qui voluptatibus.', 'de2f0ddb-9903-436a-a5e2-54224254c818', 'usr_320');
INSERT INTO trabalho.log_acesso VALUES ('log_320_0_2', 'de2f0ddb-9903-436a-a5e2-54224254c818', 'usr_320');
INSERT INTO trabalho.log_acesso VALUES ('log_320_1_2', 'de2f0ddb-9903-436a-a5e2-54224254c818', 'usr_320');
INSERT INTO trabalho.usuario VALUES ('usr_321', '321_Leonardo_Moraes2@live.com', 'Leonardo Moraes', 'male', 48, 'password', 'Nova Zelândia');
INSERT INTO trabalho.usuario_esta_inscrito_no_podcast VALUES (0, '219328a1-cec6-4e8c-b003-52a3ec9766bb', 'usr_321');
INSERT INTO trabalho.comentarios_podcast_usuario VALUES ('comment_321_0_0', 'At accusamus vel iste eius est unde.', '219328a1-cec6-4e8c-b003-52a3ec9766bb', 'usr_321');
INSERT INTO trabalho.comentarios_podcast_usuario VALUES ('comment_321_1_0', 'Corporis debitis repellendus.', '219328a1-cec6-4e8c-b003-52a3ec9766bb', 'usr_321');
INSERT INTO trabalho.comentarios_podcast_usuario VALUES ('comment_321_2_0', 'Eum ex et impedit quam sint culpa aliquid.', '219328a1-cec6-4e8c-b003-52a3ec9766bb', 'usr_321');
INSERT INTO trabalho.comentarios_podcast_usuario VALUES ('comment_321_3_0', 'Rerum vero eveniet voluptatem sint magnam voluptatem corporis ut veritatis.', '219328a1-cec6-4e8c-b003-52a3ec9766bb', 'usr_321');
INSERT INTO trabalho.log_acesso VALUES ('log_321_0_0', '219328a1-cec6-4e8c-b003-52a3ec9766bb', 'usr_321');
INSERT INTO trabalho.log_acesso VALUES ('log_321_1_0', '219328a1-cec6-4e8c-b003-52a3ec9766bb', 'usr_321');
INSERT INTO trabalho.usuario_esta_inscrito_no_podcast VALUES (2, 'f8e13774-d631-4f34-93f0-2f5d55590265', 'usr_321');
INSERT INTO trabalho.comentarios_podcast_usuario VALUES ('comment_321_0_1', 'Ut itaque debitis aut voluptas iure perferendis velit.', 'f8e13774-d631-4f34-93f0-2f5d55590265', 'usr_321');
INSERT INTO trabalho.log_acesso VALUES ('log_321_0_1', 'f8e13774-d631-4f34-93f0-2f5d55590265', 'usr_321');
INSERT INTO trabalho.log_acesso VALUES ('log_321_1_1', 'f8e13774-d631-4f34-93f0-2f5d55590265', 'usr_321');
INSERT INTO trabalho.usuario_esta_inscrito_no_podcast VALUES (1, 'de2f0ddb-9903-436a-a5e2-54224254c818', 'usr_321');
INSERT INTO trabalho.comentarios_podcast_usuario VALUES ('comment_321_0_2', 'Debitis laudantium ratione voluptatem animi qui.', 'de2f0ddb-9903-436a-a5e2-54224254c818', 'usr_321');
INSERT INTO trabalho.comentarios_podcast_usuario VALUES ('comment_321_1_2', 'Similique earum aut velit dolor consequatur commodi.', 'de2f0ddb-9903-436a-a5e2-54224254c818', 'usr_321');
INSERT INTO trabalho.log_acesso VALUES ('log_321_0_2', 'de2f0ddb-9903-436a-a5e2-54224254c818', 'usr_321');
INSERT INTO trabalho.log_acesso VALUES ('log_321_1_2', 'de2f0ddb-9903-436a-a5e2-54224254c818', 'usr_321');
INSERT INTO trabalho.log_acesso VALUES ('log_321_2_2', 'de2f0ddb-9903-436a-a5e2-54224254c818', 'usr_321');
INSERT INTO trabalho.usuario VALUES ('usr_322', '322_JlioCsar_Braga@hotmail.com', 'Júlio César Braga', 'male', 4, 'password', 'Finlândia');
INSERT INTO trabalho.usuario_esta_inscrito_no_podcast VALUES (3, 'fa3abe16-3645-4d22-a01d-893e6f20c408', 'usr_322');
INSERT INTO trabalho.comentarios_podcast_usuario VALUES ('comment_322_0_0', 'Voluptatem eligendi et quia praesentium omnis suscipit quasi.', 'fa3abe16-3645-4d22-a01d-893e6f20c408', 'usr_322');
INSERT INTO trabalho.comentarios_podcast_usuario VALUES ('comment_322_1_0', 'Vero quia nesciunt iusto et.', 'fa3abe16-3645-4d22-a01d-893e6f20c408', 'usr_322');
INSERT INTO trabalho.comentarios_podcast_usuario VALUES ('comment_322_2_0', 'Et rerum rerum sed nemo qui sint laudantium est architecto.', 'fa3abe16-3645-4d22-a01d-893e6f20c408', 'usr_322');
INSERT INTO trabalho.comentarios_podcast_usuario VALUES ('comment_322_3_0', 'Et qui voluptatem repellendus non similique aut totam.', 'fa3abe16-3645-4d22-a01d-893e6f20c408', 'usr_322');
INSERT INTO trabalho.log_acesso VALUES ('log_322_0_0', 'fa3abe16-3645-4d22-a01d-893e6f20c408', 'usr_322');
INSERT INTO trabalho.log_acesso VALUES ('log_322_1_0', 'fa3abe16-3645-4d22-a01d-893e6f20c408', 'usr_322');
INSERT INTO trabalho.usuario_esta_inscrito_no_podcast VALUES (2, 'f0166bd2-8e4d-4308-b5d7-0b3d627c5dc5', 'usr_322');
INSERT INTO trabalho.comentarios_podcast_usuario VALUES ('comment_322_0_1', 'Molestiae eos dolor amet earum excepturi.', 'f0166bd2-8e4d-4308-b5d7-0b3d627c5dc5', 'usr_322');
INSERT INTO trabalho.comentarios_podcast_usuario VALUES ('comment_322_1_1', 'Et debitis quam.', 'f0166bd2-8e4d-4308-b5d7-0b3d627c5dc5', 'usr_322');
INSERT INTO trabalho.log_acesso VALUES ('log_322_0_1', 'f0166bd2-8e4d-4308-b5d7-0b3d627c5dc5', 'usr_322');
INSERT INTO trabalho.usuario_esta_inscrito_no_podcast VALUES (2, 'c58b280a-56d4-4ad8-8c85-730e4ea86361', 'usr_322');
INSERT INTO trabalho.comentarios_podcast_usuario VALUES ('comment_322_0_2', 'Velit ad omnis odit quibusdam.', 'c58b280a-56d4-4ad8-8c85-730e4ea86361', 'usr_322');
INSERT INTO trabalho.comentarios_podcast_usuario VALUES ('comment_322_1_2', 'Est ducimus esse itaque omnis corrupti.', 'c58b280a-56d4-4ad8-8c85-730e4ea86361', 'usr_322');
INSERT INTO trabalho.log_acesso VALUES ('log_322_0_2', 'c58b280a-56d4-4ad8-8c85-730e4ea86361', 'usr_322');
INSERT INTO trabalho.log_acesso VALUES ('log_322_1_2', 'c58b280a-56d4-4ad8-8c85-730e4ea86361', 'usr_322');
INSERT INTO trabalho.log_acesso VALUES ('log_322_2_2', 'c58b280a-56d4-4ad8-8c85-730e4ea86361', 'usr_322');
INSERT INTO trabalho.log_acesso VALUES ('log_322_3_2', 'c58b280a-56d4-4ad8-8c85-730e4ea86361', 'usr_322');
INSERT INTO trabalho.log_acesso VALUES ('log_322_4_2', 'c58b280a-56d4-4ad8-8c85-730e4ea86361', 'usr_322');
INSERT INTO trabalho.usuario VALUES ('usr_323', '323_Tertuliano.Macedo@yahoo.com', 'Tertuliano Macedo', 'male', 2, 'password', 'Holanda');
INSERT INTO trabalho.usuario_esta_inscrito_no_podcast VALUES (3, 'b553d865-8fe2-47de-9a30-10e1dea3bd1d', 'usr_323');
INSERT INTO trabalho.comentarios_podcast_usuario VALUES ('comment_323_0_0', 'Laborum iure libero hic eveniet.', 'b553d865-8fe2-47de-9a30-10e1dea3bd1d', 'usr_323');
INSERT INTO trabalho.log_acesso VALUES ('log_323_0_0', 'b553d865-8fe2-47de-9a30-10e1dea3bd1d', 'usr_323');
INSERT INTO trabalho.log_acesso VALUES ('log_323_1_0', 'b553d865-8fe2-47de-9a30-10e1dea3bd1d', 'usr_323');
INSERT INTO trabalho.usuario_esta_inscrito_no_podcast VALUES (2, 'c58b280a-56d4-4ad8-8c85-730e4ea86361', 'usr_323');
INSERT INTO trabalho.comentarios_podcast_usuario VALUES ('comment_323_0_1', 'Soluta praesentium perspiciatis ipsa sunt magnam ad ut aperiam.', 'c58b280a-56d4-4ad8-8c85-730e4ea86361', 'usr_323');
INSERT INTO trabalho.comentarios_podcast_usuario VALUES ('comment_323_1_1', 'Et animi omnis modi quaerat praesentium nihil possimus.', 'c58b280a-56d4-4ad8-8c85-730e4ea86361', 'usr_323');
INSERT INTO trabalho.comentarios_podcast_usuario VALUES ('comment_323_2_1', 'Modi repellat officia aut id quia quod.', 'c58b280a-56d4-4ad8-8c85-730e4ea86361', 'usr_323');
INSERT INTO trabalho.log_acesso VALUES ('log_323_0_1', 'c58b280a-56d4-4ad8-8c85-730e4ea86361', 'usr_323');
INSERT INTO trabalho.log_acesso VALUES ('log_323_1_1', 'c58b280a-56d4-4ad8-8c85-730e4ea86361', 'usr_323');
INSERT INTO trabalho.log_acesso VALUES ('log_323_2_1', 'c58b280a-56d4-4ad8-8c85-730e4ea86361', 'usr_323');
INSERT INTO trabalho.usuario_esta_inscrito_no_podcast VALUES (5, 'de2f0ddb-9903-436a-a5e2-54224254c818', 'usr_323');
INSERT INTO trabalho.comentarios_podcast_usuario VALUES ('comment_323_0_2', 'Id repudiandae earum quia molestiae distinctio sed et.', 'de2f0ddb-9903-436a-a5e2-54224254c818', 'usr_323');
INSERT INTO trabalho.log_acesso VALUES ('log_323_0_2', 'de2f0ddb-9903-436a-a5e2-54224254c818', 'usr_323');
INSERT INTO trabalho.log_acesso VALUES ('log_323_1_2', 'de2f0ddb-9903-436a-a5e2-54224254c818', 'usr_323');
INSERT INTO trabalho.log_acesso VALUES ('log_323_2_2', 'de2f0ddb-9903-436a-a5e2-54224254c818', 'usr_323');
INSERT INTO trabalho.log_acesso VALUES ('log_323_3_2', 'de2f0ddb-9903-436a-a5e2-54224254c818', 'usr_323');
INSERT INTO trabalho.log_acesso VALUES ('log_323_4_2', 'de2f0ddb-9903-436a-a5e2-54224254c818', 'usr_323');
INSERT INTO trabalho.log_acesso VALUES ('log_323_5_2', 'de2f0ddb-9903-436a-a5e2-54224254c818', 'usr_323');
INSERT INTO trabalho.usuario VALUES ('usr_324', '324_Alessandra.Pereira@bol.com.br', 'Alessandra Pereira', 'female', 29, 'password', 'Nepal');
INSERT INTO trabalho.usuario_esta_inscrito_no_podcast VALUES (1, '67074e68-bc2f-442b-8af2-7d328b6af6eb', 'usr_324');
INSERT INTO trabalho.comentarios_podcast_usuario VALUES ('comment_324_0_0', 'Vel eum dolorem et.', '67074e68-bc2f-442b-8af2-7d328b6af6eb', 'usr_324');
INSERT INTO trabalho.log_acesso VALUES ('log_324_0_0', '67074e68-bc2f-442b-8af2-7d328b6af6eb', 'usr_324');
INSERT INTO trabalho.log_acesso VALUES ('log_324_1_0', '67074e68-bc2f-442b-8af2-7d328b6af6eb', 'usr_324');
INSERT INTO trabalho.usuario_esta_inscrito_no_podcast VALUES (5, 'f8e13774-d631-4f34-93f0-2f5d55590265', 'usr_324');
INSERT INTO trabalho.comentarios_podcast_usuario VALUES ('comment_324_0_1', 'Sed laboriosam iste beatae et laborum eaque unde ratione dicta.', 'f8e13774-d631-4f34-93f0-2f5d55590265', 'usr_324');
INSERT INTO trabalho.log_acesso VALUES ('log_324_0_1', 'f8e13774-d631-4f34-93f0-2f5d55590265', 'usr_324');
INSERT INTO trabalho.log_acesso VALUES ('log_324_1_1', 'f8e13774-d631-4f34-93f0-2f5d55590265', 'usr_324');
INSERT INTO trabalho.log_acesso VALUES ('log_324_2_1', 'f8e13774-d631-4f34-93f0-2f5d55590265', 'usr_324');
INSERT INTO trabalho.log_acesso VALUES ('log_324_3_1', 'f8e13774-d631-4f34-93f0-2f5d55590265', 'usr_324');
INSERT INTO trabalho.log_acesso VALUES ('log_324_4_1', 'f8e13774-d631-4f34-93f0-2f5d55590265', 'usr_324');
INSERT INTO trabalho.usuario_esta_inscrito_no_podcast VALUES (0, 'fa3abe16-3645-4d22-a01d-893e6f20c408', 'usr_324');
INSERT INTO trabalho.comentarios_podcast_usuario VALUES ('comment_324_0_2', 'Qui sed dolores eligendi voluptatibus dolorem molestiae aut dolores.', 'fa3abe16-3645-4d22-a01d-893e6f20c408', 'usr_324');
INSERT INTO trabalho.comentarios_podcast_usuario VALUES ('comment_324_1_2', 'Quo et doloribus sint veritatis.', 'fa3abe16-3645-4d22-a01d-893e6f20c408', 'usr_324');
INSERT INTO trabalho.comentarios_podcast_usuario VALUES ('comment_324_2_2', 'Reiciendis dicta non quia nesciunt optio ea recusandae.', 'fa3abe16-3645-4d22-a01d-893e6f20c408', 'usr_324');
INSERT INTO trabalho.log_acesso VALUES ('log_324_0_2', 'fa3abe16-3645-4d22-a01d-893e6f20c408', 'usr_324');
INSERT INTO trabalho.log_acesso VALUES ('log_324_1_2', 'fa3abe16-3645-4d22-a01d-893e6f20c408', 'usr_324');
INSERT INTO trabalho.usuario VALUES ('usr_325', '325_Janana_Batista@yahoo.com', 'Janaína Batista', 'female', 55, 'password', 'Santa Lúcia');
INSERT INTO trabalho.usuario_esta_inscrito_no_podcast VALUES (4, '67074e68-bc2f-442b-8af2-7d328b6af6eb', 'usr_325');
INSERT INTO trabalho.comentarios_podcast_usuario VALUES ('comment_325_0_0', 'Provident repellendus iusto enim totam et.', '67074e68-bc2f-442b-8af2-7d328b6af6eb', 'usr_325');
INSERT INTO trabalho.log_acesso VALUES ('log_325_0_0', '67074e68-bc2f-442b-8af2-7d328b6af6eb', 'usr_325');
INSERT INTO trabalho.log_acesso VALUES ('log_325_1_0', '67074e68-bc2f-442b-8af2-7d328b6af6eb', 'usr_325');
INSERT INTO trabalho.log_acesso VALUES ('log_325_2_0', '67074e68-bc2f-442b-8af2-7d328b6af6eb', 'usr_325');
INSERT INTO trabalho.log_acesso VALUES ('log_325_3_0', '67074e68-bc2f-442b-8af2-7d328b6af6eb', 'usr_325');
INSERT INTO trabalho.usuario_esta_inscrito_no_podcast VALUES (0, '168c1536-4c42-4b8f-8c77-f06affefec6a', 'usr_325');
INSERT INTO trabalho.comentarios_podcast_usuario VALUES ('comment_325_0_1', 'Non voluptatem eveniet aut eos explicabo.', '168c1536-4c42-4b8f-8c77-f06affefec6a', 'usr_325');
INSERT INTO trabalho.log_acesso VALUES ('log_325_0_1', '168c1536-4c42-4b8f-8c77-f06affefec6a', 'usr_325');
INSERT INTO trabalho.log_acesso VALUES ('log_325_1_1', '168c1536-4c42-4b8f-8c77-f06affefec6a', 'usr_325');
INSERT INTO trabalho.log_acesso VALUES ('log_325_2_1', '168c1536-4c42-4b8f-8c77-f06affefec6a', 'usr_325');
INSERT INTO trabalho.log_acesso VALUES ('log_325_3_1', '168c1536-4c42-4b8f-8c77-f06affefec6a', 'usr_325');
INSERT INTO trabalho.usuario_esta_inscrito_no_podcast VALUES (2, 'bc8dac25-793c-4a96-aafc-4ea7020f4f60', 'usr_325');
INSERT INTO trabalho.comentarios_podcast_usuario VALUES ('comment_325_0_2', 'Eum perspiciatis optio quaerat est voluptatibus veritatis.', 'bc8dac25-793c-4a96-aafc-4ea7020f4f60', 'usr_325');
INSERT INTO trabalho.comentarios_podcast_usuario VALUES ('comment_325_1_2', 'Ut qui alias accusamus perferendis quis.', 'bc8dac25-793c-4a96-aafc-4ea7020f4f60', 'usr_325');
INSERT INTO trabalho.comentarios_podcast_usuario VALUES ('comment_325_2_2', 'Adipisci ut et sit ab.', 'bc8dac25-793c-4a96-aafc-4ea7020f4f60', 'usr_325');
INSERT INTO trabalho.comentarios_podcast_usuario VALUES ('comment_325_3_2', 'Ut debitis eveniet unde quis.', 'bc8dac25-793c-4a96-aafc-4ea7020f4f60', 'usr_325');
INSERT INTO trabalho.comentarios_podcast_usuario VALUES ('comment_325_4_2', 'Sed inventore sunt dolorum ullam ipsum.', 'bc8dac25-793c-4a96-aafc-4ea7020f4f60', 'usr_325');
INSERT INTO trabalho.log_acesso VALUES ('log_325_0_2', 'bc8dac25-793c-4a96-aafc-4ea7020f4f60', 'usr_325');
INSERT INTO trabalho.log_acesso VALUES ('log_325_1_2', 'bc8dac25-793c-4a96-aafc-4ea7020f4f60', 'usr_325');
INSERT INTO trabalho.usuario VALUES ('usr_326', '326_AnaClara.Pereira@gmail.com', 'Ana Clara Pereira', 'female', 7, 'password', 'Dominica');
INSERT INTO trabalho.usuario_esta_inscrito_no_podcast VALUES (3, 'de2f0ddb-9903-436a-a5e2-54224254c818', 'usr_326');
INSERT INTO trabalho.comentarios_podcast_usuario VALUES ('comment_326_0_0', 'Aliquid fugit eaque minima corporis ea voluptates sunt.', 'de2f0ddb-9903-436a-a5e2-54224254c818', 'usr_326');
INSERT INTO trabalho.log_acesso VALUES ('log_326_0_0', 'de2f0ddb-9903-436a-a5e2-54224254c818', 'usr_326');
INSERT INTO trabalho.log_acesso VALUES ('log_326_1_0', 'de2f0ddb-9903-436a-a5e2-54224254c818', 'usr_326');
INSERT INTO trabalho.log_acesso VALUES ('log_326_2_0', 'de2f0ddb-9903-436a-a5e2-54224254c818', 'usr_326');
INSERT INTO trabalho.log_acesso VALUES ('log_326_3_0', 'de2f0ddb-9903-436a-a5e2-54224254c818', 'usr_326');
INSERT INTO trabalho.log_acesso VALUES ('log_326_4_0', 'de2f0ddb-9903-436a-a5e2-54224254c818', 'usr_326');
INSERT INTO trabalho.usuario_esta_inscrito_no_podcast VALUES (1, 'f8e13774-d631-4f34-93f0-2f5d55590265', 'usr_326');
INSERT INTO trabalho.comentarios_podcast_usuario VALUES ('comment_326_0_1', 'Ipsum aliquid placeat.', 'f8e13774-d631-4f34-93f0-2f5d55590265', 'usr_326');
INSERT INTO trabalho.comentarios_podcast_usuario VALUES ('comment_326_1_1', 'Voluptatibus ut ut a.', 'f8e13774-d631-4f34-93f0-2f5d55590265', 'usr_326');
INSERT INTO trabalho.log_acesso VALUES ('log_326_0_1', 'f8e13774-d631-4f34-93f0-2f5d55590265', 'usr_326');
INSERT INTO trabalho.usuario_esta_inscrito_no_podcast VALUES (3, 'c58b280a-56d4-4ad8-8c85-730e4ea86361', 'usr_326');
INSERT INTO trabalho.comentarios_podcast_usuario VALUES ('comment_326_0_2', 'Itaque est sunt rem ratione iure eligendi consequuntur.', 'c58b280a-56d4-4ad8-8c85-730e4ea86361', 'usr_326');
INSERT INTO trabalho.comentarios_podcast_usuario VALUES ('comment_326_1_2', 'Quae voluptates explicabo.', 'c58b280a-56d4-4ad8-8c85-730e4ea86361', 'usr_326');
INSERT INTO trabalho.comentarios_podcast_usuario VALUES ('comment_326_2_2', 'Aut id sint delectus repudiandae quidem suscipit odit.', 'c58b280a-56d4-4ad8-8c85-730e4ea86361', 'usr_326');
INSERT INTO trabalho.comentarios_podcast_usuario VALUES ('comment_326_3_2', 'Dolor modi illum nihil adipisci est reiciendis culpa natus.', 'c58b280a-56d4-4ad8-8c85-730e4ea86361', 'usr_326');
INSERT INTO trabalho.comentarios_podcast_usuario VALUES ('comment_326_4_2', 'Sit omnis aliquam dolores nulla perspiciatis voluptatem natus ducimus.', 'c58b280a-56d4-4ad8-8c85-730e4ea86361', 'usr_326');
INSERT INTO trabalho.log_acesso VALUES ('log_326_0_2', 'c58b280a-56d4-4ad8-8c85-730e4ea86361', 'usr_326');
INSERT INTO trabalho.log_acesso VALUES ('log_326_1_2', 'c58b280a-56d4-4ad8-8c85-730e4ea86361', 'usr_326');
INSERT INTO trabalho.log_acesso VALUES ('log_326_2_2', 'c58b280a-56d4-4ad8-8c85-730e4ea86361', 'usr_326');
INSERT INTO trabalho.log_acesso VALUES ('log_326_3_2', 'c58b280a-56d4-4ad8-8c85-730e4ea86361', 'usr_326');
INSERT INTO trabalho.usuario VALUES ('usr_327', '327_MariaLuiza25@gmail.com', 'Maria Luiza Reis', 'female', 30, 'password', 'República Tcheca');
INSERT INTO trabalho.usuario_esta_inscrito_no_podcast VALUES (4, 'c58b280a-56d4-4ad8-8c85-730e4ea86361', 'usr_327');
INSERT INTO trabalho.comentarios_podcast_usuario VALUES ('comment_327_0_0', 'Quis et odit qui in.', 'c58b280a-56d4-4ad8-8c85-730e4ea86361', 'usr_327');
INSERT INTO trabalho.comentarios_podcast_usuario VALUES ('comment_327_1_0', 'Aspernatur quo optio adipisci esse vel temporibus ex eos.', 'c58b280a-56d4-4ad8-8c85-730e4ea86361', 'usr_327');
INSERT INTO trabalho.comentarios_podcast_usuario VALUES ('comment_327_2_0', 'Qui quia ullam unde et distinctio reiciendis et itaque ut.', 'c58b280a-56d4-4ad8-8c85-730e4ea86361', 'usr_327');
INSERT INTO trabalho.comentarios_podcast_usuario VALUES ('comment_327_3_0', 'Cum qui dolores.', 'c58b280a-56d4-4ad8-8c85-730e4ea86361', 'usr_327');
INSERT INTO trabalho.comentarios_podcast_usuario VALUES ('comment_327_4_0', 'Veritatis ad aut vero.', 'c58b280a-56d4-4ad8-8c85-730e4ea86361', 'usr_327');
INSERT INTO trabalho.log_acesso VALUES ('log_327_0_0', 'c58b280a-56d4-4ad8-8c85-730e4ea86361', 'usr_327');
INSERT INTO trabalho.log_acesso VALUES ('log_327_1_0', 'c58b280a-56d4-4ad8-8c85-730e4ea86361', 'usr_327');
INSERT INTO trabalho.usuario_esta_inscrito_no_podcast VALUES (1, 'f0166bd2-8e4d-4308-b5d7-0b3d627c5dc5', 'usr_327');
INSERT INTO trabalho.comentarios_podcast_usuario VALUES ('comment_327_0_1', 'Quia cupiditate et hic explicabo.', 'f0166bd2-8e4d-4308-b5d7-0b3d627c5dc5', 'usr_327');
INSERT INTO trabalho.comentarios_podcast_usuario VALUES ('comment_327_1_1', 'Ipsam officia esse quo aut qui qui.', 'f0166bd2-8e4d-4308-b5d7-0b3d627c5dc5', 'usr_327');
INSERT INTO trabalho.comentarios_podcast_usuario VALUES ('comment_327_2_1', 'Quia excepturi earum quia ex sed sequi.', 'f0166bd2-8e4d-4308-b5d7-0b3d627c5dc5', 'usr_327');
INSERT INTO trabalho.log_acesso VALUES ('log_327_0_1', 'f0166bd2-8e4d-4308-b5d7-0b3d627c5dc5', 'usr_327');
INSERT INTO trabalho.log_acesso VALUES ('log_327_1_1', 'f0166bd2-8e4d-4308-b5d7-0b3d627c5dc5', 'usr_327');
INSERT INTO trabalho.log_acesso VALUES ('log_327_2_1', 'f0166bd2-8e4d-4308-b5d7-0b3d627c5dc5', 'usr_327');
INSERT INTO trabalho.log_acesso VALUES ('log_327_3_1', 'f0166bd2-8e4d-4308-b5d7-0b3d627c5dc5', 'usr_327');
INSERT INTO trabalho.usuario_esta_inscrito_no_podcast VALUES (2, 'de2f0ddb-9903-436a-a5e2-54224254c818', 'usr_327');
INSERT INTO trabalho.comentarios_podcast_usuario VALUES ('comment_327_0_2', 'Sint laborum et assumenda alias nihil eum quidem aperiam ut.', 'de2f0ddb-9903-436a-a5e2-54224254c818', 'usr_327');
INSERT INTO trabalho.comentarios_podcast_usuario VALUES ('comment_327_1_2', 'Consequatur nemo et architecto ut vel enim officiis exercitationem suscipit.', 'de2f0ddb-9903-436a-a5e2-54224254c818', 'usr_327');
INSERT INTO trabalho.comentarios_podcast_usuario VALUES ('comment_327_2_2', 'Adipisci atque commodi id quis voluptas aspernatur quis.', 'de2f0ddb-9903-436a-a5e2-54224254c818', 'usr_327');
INSERT INTO trabalho.comentarios_podcast_usuario VALUES ('comment_327_3_2', 'Consequuntur voluptatem omnis optio aut sit et consequatur quia fugit.', 'de2f0ddb-9903-436a-a5e2-54224254c818', 'usr_327');
INSERT INTO trabalho.log_acesso VALUES ('log_327_0_2', 'de2f0ddb-9903-436a-a5e2-54224254c818', 'usr_327');
INSERT INTO trabalho.usuario VALUES ('usr_328', '328_Alessandra_Martins35@yahoo.com', 'Alessandra Martins', 'female', 37, 'password', 'República da África Central');
INSERT INTO trabalho.usuario_esta_inscrito_no_podcast VALUES (0, 'fa3abe16-3645-4d22-a01d-893e6f20c408', 'usr_328');
INSERT INTO trabalho.comentarios_podcast_usuario VALUES ('comment_328_0_0', 'Et nobis iste temporibus itaque nam autem.', 'fa3abe16-3645-4d22-a01d-893e6f20c408', 'usr_328');
INSERT INTO trabalho.comentarios_podcast_usuario VALUES ('comment_328_1_0', 'Ea quo ut occaecati qui sed odio voluptates.', 'fa3abe16-3645-4d22-a01d-893e6f20c408', 'usr_328');
INSERT INTO trabalho.comentarios_podcast_usuario VALUES ('comment_328_2_0', 'Quam quia id dolore.', 'fa3abe16-3645-4d22-a01d-893e6f20c408', 'usr_328');
INSERT INTO trabalho.log_acesso VALUES ('log_328_0_0', 'fa3abe16-3645-4d22-a01d-893e6f20c408', 'usr_328');
INSERT INTO trabalho.usuario_esta_inscrito_no_podcast VALUES (1, 'b553d865-8fe2-47de-9a30-10e1dea3bd1d', 'usr_328');
INSERT INTO trabalho.comentarios_podcast_usuario VALUES ('comment_328_0_1', 'Maiores aut assumenda ipsa molestias vitae omnis.', 'b553d865-8fe2-47de-9a30-10e1dea3bd1d', 'usr_328');
INSERT INTO trabalho.comentarios_podcast_usuario VALUES ('comment_328_1_1', 'Est vel eius omnis.', 'b553d865-8fe2-47de-9a30-10e1dea3bd1d', 'usr_328');
INSERT INTO trabalho.comentarios_podcast_usuario VALUES ('comment_328_2_1', 'Dolores quia dignissimos beatae laudantium qui ut id aliquid est.', 'b553d865-8fe2-47de-9a30-10e1dea3bd1d', 'usr_328');
INSERT INTO trabalho.comentarios_podcast_usuario VALUES ('comment_328_3_1', 'Mollitia quam similique dignissimos in assumenda.', 'b553d865-8fe2-47de-9a30-10e1dea3bd1d', 'usr_328');
INSERT INTO trabalho.log_acesso VALUES ('log_328_0_1', 'b553d865-8fe2-47de-9a30-10e1dea3bd1d', 'usr_328');
INSERT INTO trabalho.log_acesso VALUES ('log_328_1_1', 'b553d865-8fe2-47de-9a30-10e1dea3bd1d', 'usr_328');
INSERT INTO trabalho.log_acesso VALUES ('log_328_2_1', 'b553d865-8fe2-47de-9a30-10e1dea3bd1d', 'usr_328');
INSERT INTO trabalho.log_acesso VALUES ('log_328_3_1', 'b553d865-8fe2-47de-9a30-10e1dea3bd1d', 'usr_328');
INSERT INTO trabalho.log_acesso VALUES ('log_328_4_1', 'b553d865-8fe2-47de-9a30-10e1dea3bd1d', 'usr_328');
INSERT INTO trabalho.usuario_esta_inscrito_no_podcast VALUES (2, 'bc8dac25-793c-4a96-aafc-4ea7020f4f60', 'usr_328');
INSERT INTO trabalho.comentarios_podcast_usuario VALUES ('comment_328_0_2', 'Est provident ea sunt quia dolor nihil.', 'bc8dac25-793c-4a96-aafc-4ea7020f4f60', 'usr_328');
INSERT INTO trabalho.comentarios_podcast_usuario VALUES ('comment_328_1_2', 'Earum amet voluptas aut.', 'bc8dac25-793c-4a96-aafc-4ea7020f4f60', 'usr_328');
INSERT INTO trabalho.comentarios_podcast_usuario VALUES ('comment_328_2_2', 'Non a quia consequatur consectetur commodi natus cumque.', 'bc8dac25-793c-4a96-aafc-4ea7020f4f60', 'usr_328');
INSERT INTO trabalho.log_acesso VALUES ('log_328_0_2', 'bc8dac25-793c-4a96-aafc-4ea7020f4f60', 'usr_328');
INSERT INTO trabalho.log_acesso VALUES ('log_328_1_2', 'bc8dac25-793c-4a96-aafc-4ea7020f4f60', 'usr_328');
INSERT INTO trabalho.log_acesso VALUES ('log_328_2_2', 'bc8dac25-793c-4a96-aafc-4ea7020f4f60', 'usr_328');
INSERT INTO trabalho.log_acesso VALUES ('log_328_3_2', 'bc8dac25-793c-4a96-aafc-4ea7020f4f60', 'usr_328');
INSERT INTO trabalho.usuario VALUES ('usr_329', '329_Lvia_Pereira19@gmail.com', 'Lívia Pereira', 'female', 55, 'password', 'República Dominicana');
INSERT INTO trabalho.usuario_esta_inscrito_no_podcast VALUES (4, 'bc8dac25-793c-4a96-aafc-4ea7020f4f60', 'usr_329');
INSERT INTO trabalho.comentarios_podcast_usuario VALUES ('comment_329_0_0', 'Sed commodi quaerat deleniti quod.', 'bc8dac25-793c-4a96-aafc-4ea7020f4f60', 'usr_329');
INSERT INTO trabalho.comentarios_podcast_usuario VALUES ('comment_329_1_0', 'Sequi nam ea.', 'bc8dac25-793c-4a96-aafc-4ea7020f4f60', 'usr_329');
INSERT INTO trabalho.log_acesso VALUES ('log_329_0_0', 'bc8dac25-793c-4a96-aafc-4ea7020f4f60', 'usr_329');
INSERT INTO trabalho.log_acesso VALUES ('log_329_1_0', 'bc8dac25-793c-4a96-aafc-4ea7020f4f60', 'usr_329');
INSERT INTO trabalho.log_acesso VALUES ('log_329_2_0', 'bc8dac25-793c-4a96-aafc-4ea7020f4f60', 'usr_329');
INSERT INTO trabalho.usuario_esta_inscrito_no_podcast VALUES (4, 'de2f0ddb-9903-436a-a5e2-54224254c818', 'usr_329');
INSERT INTO trabalho.comentarios_podcast_usuario VALUES ('comment_329_0_1', 'Sint officiis velit est amet earum amet rem.', 'de2f0ddb-9903-436a-a5e2-54224254c818', 'usr_329');
INSERT INTO trabalho.comentarios_podcast_usuario VALUES ('comment_329_1_1', 'Et laborum tenetur velit nam eos voluptatem autem.', 'de2f0ddb-9903-436a-a5e2-54224254c818', 'usr_329');
INSERT INTO trabalho.log_acesso VALUES ('log_329_0_1', 'de2f0ddb-9903-436a-a5e2-54224254c818', 'usr_329');
INSERT INTO trabalho.log_acesso VALUES ('log_329_1_1', 'de2f0ddb-9903-436a-a5e2-54224254c818', 'usr_329');
INSERT INTO trabalho.log_acesso VALUES ('log_329_2_1', 'de2f0ddb-9903-436a-a5e2-54224254c818', 'usr_329');
INSERT INTO trabalho.log_acesso VALUES ('log_329_3_1', 'de2f0ddb-9903-436a-a5e2-54224254c818', 'usr_329');
INSERT INTO trabalho.log_acesso VALUES ('log_329_4_1', 'de2f0ddb-9903-436a-a5e2-54224254c818', 'usr_329');
INSERT INTO trabalho.usuario_esta_inscrito_no_podcast VALUES (5, '219328a1-cec6-4e8c-b003-52a3ec9766bb', 'usr_329');
INSERT INTO trabalho.comentarios_podcast_usuario VALUES ('comment_329_0_2', 'Qui temporibus et vel.', '219328a1-cec6-4e8c-b003-52a3ec9766bb', 'usr_329');
INSERT INTO trabalho.comentarios_podcast_usuario VALUES ('comment_329_1_2', 'Sint et vitae.', '219328a1-cec6-4e8c-b003-52a3ec9766bb', 'usr_329');
INSERT INTO trabalho.log_acesso VALUES ('log_329_0_2', '219328a1-cec6-4e8c-b003-52a3ec9766bb', 'usr_329');
INSERT INTO trabalho.log_acesso VALUES ('log_329_1_2', '219328a1-cec6-4e8c-b003-52a3ec9766bb', 'usr_329');
INSERT INTO trabalho.log_acesso VALUES ('log_329_2_2', '219328a1-cec6-4e8c-b003-52a3ec9766bb', 'usr_329');
INSERT INTO trabalho.log_acesso VALUES ('log_329_3_2', '219328a1-cec6-4e8c-b003-52a3ec9766bb', 'usr_329');
INSERT INTO trabalho.usuario VALUES ('usr_330', '330_Beatriz.Albuquerque98@hotmail.com', 'Beatriz Albuquerque', 'female', 5, 'password', 'Gâmbia');
INSERT INTO trabalho.usuario_esta_inscrito_no_podcast VALUES (4, 'bc8dac25-793c-4a96-aafc-4ea7020f4f60', 'usr_330');
INSERT INTO trabalho.comentarios_podcast_usuario VALUES ('comment_330_0_0', 'Similique animi quia reiciendis aut.', 'bc8dac25-793c-4a96-aafc-4ea7020f4f60', 'usr_330');
INSERT INTO trabalho.log_acesso VALUES ('log_330_0_0', 'bc8dac25-793c-4a96-aafc-4ea7020f4f60', 'usr_330');
INSERT INTO trabalho.log_acesso VALUES ('log_330_1_0', 'bc8dac25-793c-4a96-aafc-4ea7020f4f60', 'usr_330');
INSERT INTO trabalho.log_acesso VALUES ('log_330_2_0', 'bc8dac25-793c-4a96-aafc-4ea7020f4f60', 'usr_330');
INSERT INTO trabalho.log_acesso VALUES ('log_330_3_0', 'bc8dac25-793c-4a96-aafc-4ea7020f4f60', 'usr_330');
INSERT INTO trabalho.usuario_esta_inscrito_no_podcast VALUES (2, 'fa3abe16-3645-4d22-a01d-893e6f20c408', 'usr_330');
INSERT INTO trabalho.comentarios_podcast_usuario VALUES ('comment_330_0_1', 'Sed eius dolores.', 'fa3abe16-3645-4d22-a01d-893e6f20c408', 'usr_330');
INSERT INTO trabalho.comentarios_podcast_usuario VALUES ('comment_330_1_1', 'Recusandae dolore ad et.', 'fa3abe16-3645-4d22-a01d-893e6f20c408', 'usr_330');
INSERT INTO trabalho.comentarios_podcast_usuario VALUES ('comment_330_2_1', 'Nostrum sit molestiae delectus vero perferendis cumque quia dolor.', 'fa3abe16-3645-4d22-a01d-893e6f20c408', 'usr_330');
INSERT INTO trabalho.comentarios_podcast_usuario VALUES ('comment_330_3_1', 'Expedita quia quas aspernatur.', 'fa3abe16-3645-4d22-a01d-893e6f20c408', 'usr_330');
INSERT INTO trabalho.log_acesso VALUES ('log_330_0_1', 'fa3abe16-3645-4d22-a01d-893e6f20c408', 'usr_330');
INSERT INTO trabalho.usuario_esta_inscrito_no_podcast VALUES (2, 'f8e13774-d631-4f34-93f0-2f5d55590265', 'usr_330');
INSERT INTO trabalho.comentarios_podcast_usuario VALUES ('comment_330_0_2', 'Beatae rem aut aut provident voluptas vitae repellendus quo.', 'f8e13774-d631-4f34-93f0-2f5d55590265', 'usr_330');
INSERT INTO trabalho.comentarios_podcast_usuario VALUES ('comment_330_1_2', 'Et tempore suscipit dignissimos est enim et quia odit debitis.', 'f8e13774-d631-4f34-93f0-2f5d55590265', 'usr_330');
INSERT INTO trabalho.comentarios_podcast_usuario VALUES ('comment_330_2_2', 'Adipisci et quaerat est vero possimus nihil nulla laudantium ut.', 'f8e13774-d631-4f34-93f0-2f5d55590265', 'usr_330');
INSERT INTO trabalho.comentarios_podcast_usuario VALUES ('comment_330_3_2', 'Sint fuga ipsum saepe facilis aut ut itaque.', 'f8e13774-d631-4f34-93f0-2f5d55590265', 'usr_330');
INSERT INTO trabalho.log_acesso VALUES ('log_330_0_2', 'f8e13774-d631-4f34-93f0-2f5d55590265', 'usr_330');
INSERT INTO trabalho.log_acesso VALUES ('log_330_1_2', 'f8e13774-d631-4f34-93f0-2f5d55590265', 'usr_330');
INSERT INTO trabalho.log_acesso VALUES ('log_330_2_2', 'f8e13774-d631-4f34-93f0-2f5d55590265', 'usr_330');
INSERT INTO trabalho.usuario VALUES ('usr_331', '331_Emanuelly.Moreira64@hotmail.com', 'Emanuelly Moreira', 'female', 19, 'password', 'Guiné');
INSERT INTO trabalho.usuario_esta_inscrito_no_podcast VALUES (0, 'f1b92ce7-47a7-43cd-8586-4a09185cdd05', 'usr_331');
INSERT INTO trabalho.comentarios_podcast_usuario VALUES ('comment_331_0_0', 'Sit ut debitis optio qui expedita dignissimos explicabo voluptatem sint.', 'f1b92ce7-47a7-43cd-8586-4a09185cdd05', 'usr_331');
INSERT INTO trabalho.comentarios_podcast_usuario VALUES ('comment_331_1_0', 'Maxime odio quod aut voluptatibus.', 'f1b92ce7-47a7-43cd-8586-4a09185cdd05', 'usr_331');
INSERT INTO trabalho.comentarios_podcast_usuario VALUES ('comment_331_2_0', 'Sit pariatur eaque commodi expedita.', 'f1b92ce7-47a7-43cd-8586-4a09185cdd05', 'usr_331');
INSERT INTO trabalho.log_acesso VALUES ('log_331_0_0', 'f1b92ce7-47a7-43cd-8586-4a09185cdd05', 'usr_331');
INSERT INTO trabalho.log_acesso VALUES ('log_331_1_0', 'f1b92ce7-47a7-43cd-8586-4a09185cdd05', 'usr_331');
INSERT INTO trabalho.usuario_esta_inscrito_no_podcast VALUES (4, 'c58b280a-56d4-4ad8-8c85-730e4ea86361', 'usr_331');
INSERT INTO trabalho.comentarios_podcast_usuario VALUES ('comment_331_0_1', 'Nisi aperiam optio.', 'c58b280a-56d4-4ad8-8c85-730e4ea86361', 'usr_331');
INSERT INTO trabalho.comentarios_podcast_usuario VALUES ('comment_331_1_1', 'Possimus enim quisquam dignissimos quo beatae aut ea et.', 'c58b280a-56d4-4ad8-8c85-730e4ea86361', 'usr_331');
INSERT INTO trabalho.comentarios_podcast_usuario VALUES ('comment_331_2_1', 'Illum qui ipsa nemo architecto soluta dolorum ut quo.', 'c58b280a-56d4-4ad8-8c85-730e4ea86361', 'usr_331');
INSERT INTO trabalho.comentarios_podcast_usuario VALUES ('comment_331_3_1', 'Aut labore aut eum voluptates tenetur maxime quibusdam quam.', 'c58b280a-56d4-4ad8-8c85-730e4ea86361', 'usr_331');
INSERT INTO trabalho.log_acesso VALUES ('log_331_0_1', 'c58b280a-56d4-4ad8-8c85-730e4ea86361', 'usr_331');
INSERT INTO trabalho.log_acesso VALUES ('log_331_1_1', 'c58b280a-56d4-4ad8-8c85-730e4ea86361', 'usr_331');
INSERT INTO trabalho.usuario_esta_inscrito_no_podcast VALUES (3, '5bdf7377-8330-4f9f-8efd-e95301c122ce', 'usr_331');
INSERT INTO trabalho.comentarios_podcast_usuario VALUES ('comment_331_0_2', 'Odio quam illo officia.', '5bdf7377-8330-4f9f-8efd-e95301c122ce', 'usr_331');
INSERT INTO trabalho.log_acesso VALUES ('log_331_0_2', '5bdf7377-8330-4f9f-8efd-e95301c122ce', 'usr_331');
INSERT INTO trabalho.log_acesso VALUES ('log_331_1_2', '5bdf7377-8330-4f9f-8efd-e95301c122ce', 'usr_331');
INSERT INTO trabalho.log_acesso VALUES ('log_331_2_2', '5bdf7377-8330-4f9f-8efd-e95301c122ce', 'usr_331');
INSERT INTO trabalho.usuario VALUES ('usr_332', '332_Vicente_Braga@gmail.com', 'Vicente Braga', 'male', 23, 'password', 'Suazilândia');
INSERT INTO trabalho.usuario_esta_inscrito_no_podcast VALUES (4, 'b553d865-8fe2-47de-9a30-10e1dea3bd1d', 'usr_332');
INSERT INTO trabalho.comentarios_podcast_usuario VALUES ('comment_332_0_0', 'A explicabo omnis rerum minus.', 'b553d865-8fe2-47de-9a30-10e1dea3bd1d', 'usr_332');
INSERT INTO trabalho.comentarios_podcast_usuario VALUES ('comment_332_1_0', 'Quae quaerat magnam fugiat nihil voluptatem ducimus.', 'b553d865-8fe2-47de-9a30-10e1dea3bd1d', 'usr_332');
INSERT INTO trabalho.comentarios_podcast_usuario VALUES ('comment_332_2_0', 'Similique molestiae asperiores nostrum quis id illo.', 'b553d865-8fe2-47de-9a30-10e1dea3bd1d', 'usr_332');
INSERT INTO trabalho.comentarios_podcast_usuario VALUES ('comment_332_3_0', 'Et quae minus suscipit eaque incidunt explicabo ea voluptatem.', 'b553d865-8fe2-47de-9a30-10e1dea3bd1d', 'usr_332');
INSERT INTO trabalho.log_acesso VALUES ('log_332_0_0', 'b553d865-8fe2-47de-9a30-10e1dea3bd1d', 'usr_332');
INSERT INTO trabalho.log_acesso VALUES ('log_332_1_0', 'b553d865-8fe2-47de-9a30-10e1dea3bd1d', 'usr_332');
INSERT INTO trabalho.log_acesso VALUES ('log_332_2_0', 'b553d865-8fe2-47de-9a30-10e1dea3bd1d', 'usr_332');
INSERT INTO trabalho.usuario_esta_inscrito_no_podcast VALUES (4, 'f1b92ce7-47a7-43cd-8586-4a09185cdd05', 'usr_332');
INSERT INTO trabalho.comentarios_podcast_usuario VALUES ('comment_332_0_1', 'Dolorum cupiditate rem esse et.', 'f1b92ce7-47a7-43cd-8586-4a09185cdd05', 'usr_332');
INSERT INTO trabalho.comentarios_podcast_usuario VALUES ('comment_332_1_1', 'Cum eum illum id ut eos dolores veritatis optio cum.', 'f1b92ce7-47a7-43cd-8586-4a09185cdd05', 'usr_332');
INSERT INTO trabalho.comentarios_podcast_usuario VALUES ('comment_332_2_1', 'Ut quibusdam minus mollitia.', 'f1b92ce7-47a7-43cd-8586-4a09185cdd05', 'usr_332');
INSERT INTO trabalho.log_acesso VALUES ('log_332_0_1', 'f1b92ce7-47a7-43cd-8586-4a09185cdd05', 'usr_332');
INSERT INTO trabalho.log_acesso VALUES ('log_332_1_1', 'f1b92ce7-47a7-43cd-8586-4a09185cdd05', 'usr_332');
INSERT INTO trabalho.usuario_esta_inscrito_no_podcast VALUES (5, 'bc8dac25-793c-4a96-aafc-4ea7020f4f60', 'usr_332');
INSERT INTO trabalho.comentarios_podcast_usuario VALUES ('comment_332_0_2', 'Ut at dolor quia nam quod repudiandae aut sed.', 'bc8dac25-793c-4a96-aafc-4ea7020f4f60', 'usr_332');
INSERT INTO trabalho.comentarios_podcast_usuario VALUES ('comment_332_1_2', 'Magni velit quos similique recusandae dignissimos libero perferendis praesentium.', 'bc8dac25-793c-4a96-aafc-4ea7020f4f60', 'usr_332');
INSERT INTO trabalho.comentarios_podcast_usuario VALUES ('comment_332_2_2', 'Et voluptatibus modi autem eum aut.', 'bc8dac25-793c-4a96-aafc-4ea7020f4f60', 'usr_332');
INSERT INTO trabalho.log_acesso VALUES ('log_332_0_2', 'bc8dac25-793c-4a96-aafc-4ea7020f4f60', 'usr_332');
INSERT INTO trabalho.log_acesso VALUES ('log_332_1_2', 'bc8dac25-793c-4a96-aafc-4ea7020f4f60', 'usr_332');
INSERT INTO trabalho.log_acesso VALUES ('log_332_2_2', 'bc8dac25-793c-4a96-aafc-4ea7020f4f60', 'usr_332');
INSERT INTO trabalho.usuario VALUES ('usr_333', '333_Pietro.Albuquerque@bol.com.br', 'Pietro Albuquerque', 'male', 3, 'password', 'Espanha');
INSERT INTO trabalho.usuario_esta_inscrito_no_podcast VALUES (0, '5bdf7377-8330-4f9f-8efd-e95301c122ce', 'usr_333');
INSERT INTO trabalho.comentarios_podcast_usuario VALUES ('comment_333_0_0', 'Voluptatem labore rerum sint accusamus maxime et est quo aut.', '5bdf7377-8330-4f9f-8efd-e95301c122ce', 'usr_333');
INSERT INTO trabalho.comentarios_podcast_usuario VALUES ('comment_333_1_0', 'Repellat sed beatae et.', '5bdf7377-8330-4f9f-8efd-e95301c122ce', 'usr_333');
INSERT INTO trabalho.comentarios_podcast_usuario VALUES ('comment_333_2_0', 'Magnam amet nobis quia et illum porro odit.', '5bdf7377-8330-4f9f-8efd-e95301c122ce', 'usr_333');
INSERT INTO trabalho.comentarios_podcast_usuario VALUES ('comment_333_3_0', 'Tempora adipisci alias beatae aut eveniet eos voluptatem.', '5bdf7377-8330-4f9f-8efd-e95301c122ce', 'usr_333');
INSERT INTO trabalho.log_acesso VALUES ('log_333_0_0', '5bdf7377-8330-4f9f-8efd-e95301c122ce', 'usr_333');
INSERT INTO trabalho.log_acesso VALUES ('log_333_1_0', '5bdf7377-8330-4f9f-8efd-e95301c122ce', 'usr_333');
INSERT INTO trabalho.log_acesso VALUES ('log_333_2_0', '5bdf7377-8330-4f9f-8efd-e95301c122ce', 'usr_333');
INSERT INTO trabalho.usuario_esta_inscrito_no_podcast VALUES (3, 'f0166bd2-8e4d-4308-b5d7-0b3d627c5dc5', 'usr_333');
INSERT INTO trabalho.comentarios_podcast_usuario VALUES ('comment_333_0_1', 'Qui laudantium cumque eum ipsa est eveniet recusandae.', 'f0166bd2-8e4d-4308-b5d7-0b3d627c5dc5', 'usr_333');
INSERT INTO trabalho.comentarios_podcast_usuario VALUES ('comment_333_1_1', 'Assumenda sed magni expedita impedit consectetur ducimus est.', 'f0166bd2-8e4d-4308-b5d7-0b3d627c5dc5', 'usr_333');
INSERT INTO trabalho.comentarios_podcast_usuario VALUES ('comment_333_2_1', 'In ut quasi.', 'f0166bd2-8e4d-4308-b5d7-0b3d627c5dc5', 'usr_333');
INSERT INTO trabalho.comentarios_podcast_usuario VALUES ('comment_333_3_1', 'Eaque saepe maxime officiis fugiat doloremque.', 'f0166bd2-8e4d-4308-b5d7-0b3d627c5dc5', 'usr_333');
INSERT INTO trabalho.comentarios_podcast_usuario VALUES ('comment_333_4_1', 'Non est quidem et eum fugit illo ipsum tempora a.', 'f0166bd2-8e4d-4308-b5d7-0b3d627c5dc5', 'usr_333');
INSERT INTO trabalho.log_acesso VALUES ('log_333_0_1', 'f0166bd2-8e4d-4308-b5d7-0b3d627c5dc5', 'usr_333');
INSERT INTO trabalho.log_acesso VALUES ('log_333_1_1', 'f0166bd2-8e4d-4308-b5d7-0b3d627c5dc5', 'usr_333');
INSERT INTO trabalho.log_acesso VALUES ('log_333_2_1', 'f0166bd2-8e4d-4308-b5d7-0b3d627c5dc5', 'usr_333');
INSERT INTO trabalho.log_acesso VALUES ('log_333_3_1', 'f0166bd2-8e4d-4308-b5d7-0b3d627c5dc5', 'usr_333');
INSERT INTO trabalho.usuario_esta_inscrito_no_podcast VALUES (3, 'c58b280a-56d4-4ad8-8c85-730e4ea86361', 'usr_333');
INSERT INTO trabalho.comentarios_podcast_usuario VALUES ('comment_333_0_2', 'Quod tempore et consequuntur et dolor voluptas tempora qui.', 'c58b280a-56d4-4ad8-8c85-730e4ea86361', 'usr_333');
INSERT INTO trabalho.log_acesso VALUES ('log_333_0_2', 'c58b280a-56d4-4ad8-8c85-730e4ea86361', 'usr_333');
INSERT INTO trabalho.log_acesso VALUES ('log_333_1_2', 'c58b280a-56d4-4ad8-8c85-730e4ea86361', 'usr_333');
INSERT INTO trabalho.usuario VALUES ('usr_334', '334_Jlio.Reis@yahoo.com', 'Júlio Reis', 'male', 50, 'password', 'Sao Tomé e Príncipe');
INSERT INTO trabalho.usuario_esta_inscrito_no_podcast VALUES (2, 'f8e13774-d631-4f34-93f0-2f5d55590265', 'usr_334');
INSERT INTO trabalho.comentarios_podcast_usuario VALUES ('comment_334_0_0', 'Reprehenderit similique blanditiis voluptatem animi voluptatem illo corrupti ipsa soluta.', 'f8e13774-d631-4f34-93f0-2f5d55590265', 'usr_334');
INSERT INTO trabalho.comentarios_podcast_usuario VALUES ('comment_334_1_0', 'Sint dolores amet.', 'f8e13774-d631-4f34-93f0-2f5d55590265', 'usr_334');
INSERT INTO trabalho.comentarios_podcast_usuario VALUES ('comment_334_2_0', 'Asperiores placeat ab hic libero dicta dolores eaque fugiat.', 'f8e13774-d631-4f34-93f0-2f5d55590265', 'usr_334');
INSERT INTO trabalho.log_acesso VALUES ('log_334_0_0', 'f8e13774-d631-4f34-93f0-2f5d55590265', 'usr_334');
INSERT INTO trabalho.log_acesso VALUES ('log_334_1_0', 'f8e13774-d631-4f34-93f0-2f5d55590265', 'usr_334');
INSERT INTO trabalho.log_acesso VALUES ('log_334_2_0', 'f8e13774-d631-4f34-93f0-2f5d55590265', 'usr_334');
INSERT INTO trabalho.log_acesso VALUES ('log_334_3_0', 'f8e13774-d631-4f34-93f0-2f5d55590265', 'usr_334');
INSERT INTO trabalho.log_acesso VALUES ('log_334_4_0', 'f8e13774-d631-4f34-93f0-2f5d55590265', 'usr_334');
INSERT INTO trabalho.usuario_esta_inscrito_no_podcast VALUES (1, 'af46a958-b921-47b6-9f87-5c4fdc68ea79', 'usr_334');
INSERT INTO trabalho.comentarios_podcast_usuario VALUES ('comment_334_0_1', 'Rem dolorum tenetur.', 'af46a958-b921-47b6-9f87-5c4fdc68ea79', 'usr_334');
INSERT INTO trabalho.log_acesso VALUES ('log_334_0_1', 'af46a958-b921-47b6-9f87-5c4fdc68ea79', 'usr_334');
INSERT INTO trabalho.log_acesso VALUES ('log_334_1_1', 'af46a958-b921-47b6-9f87-5c4fdc68ea79', 'usr_334');
INSERT INTO trabalho.log_acesso VALUES ('log_334_2_1', 'af46a958-b921-47b6-9f87-5c4fdc68ea79', 'usr_334');
INSERT INTO trabalho.usuario_esta_inscrito_no_podcast VALUES (2, '7e429e8e-7669-403d-bb78-3cd7f9f75afd', 'usr_334');
INSERT INTO trabalho.comentarios_podcast_usuario VALUES ('comment_334_0_2', 'Saepe aut dolorem ut quia exercitationem minima.', '7e429e8e-7669-403d-bb78-3cd7f9f75afd', 'usr_334');
INSERT INTO trabalho.comentarios_podcast_usuario VALUES ('comment_334_1_2', 'Eum omnis et.', '7e429e8e-7669-403d-bb78-3cd7f9f75afd', 'usr_334');
INSERT INTO trabalho.comentarios_podcast_usuario VALUES ('comment_334_2_2', 'Repellendus odit molestias rerum.', '7e429e8e-7669-403d-bb78-3cd7f9f75afd', 'usr_334');
INSERT INTO trabalho.comentarios_podcast_usuario VALUES ('comment_334_3_2', 'Autem voluptas placeat est nostrum harum ea animi dolore.', '7e429e8e-7669-403d-bb78-3cd7f9f75afd', 'usr_334');
INSERT INTO trabalho.comentarios_podcast_usuario VALUES ('comment_334_4_2', 'Et qui voluptatem deleniti et corrupti consequuntur.', '7e429e8e-7669-403d-bb78-3cd7f9f75afd', 'usr_334');
INSERT INTO trabalho.log_acesso VALUES ('log_334_0_2', '7e429e8e-7669-403d-bb78-3cd7f9f75afd', 'usr_334');
INSERT INTO trabalho.log_acesso VALUES ('log_334_1_2', '7e429e8e-7669-403d-bb78-3cd7f9f75afd', 'usr_334');
INSERT INTO trabalho.log_acesso VALUES ('log_334_2_2', '7e429e8e-7669-403d-bb78-3cd7f9f75afd', 'usr_334');
INSERT INTO trabalho.log_acesso VALUES ('log_334_3_2', '7e429e8e-7669-403d-bb78-3cd7f9f75afd', 'usr_334');
INSERT INTO trabalho.log_acesso VALUES ('log_334_4_2', '7e429e8e-7669-403d-bb78-3cd7f9f75afd', 'usr_334');
INSERT INTO trabalho.usuario VALUES ('usr_335', '335_Bryan.Souza13@bol.com.br', 'Bryan Souza', 'male', 39, 'password', 'Georgia');
INSERT INTO trabalho.usuario_esta_inscrito_no_podcast VALUES (2, 'f0166bd2-8e4d-4308-b5d7-0b3d627c5dc5', 'usr_335');
INSERT INTO trabalho.comentarios_podcast_usuario VALUES ('comment_335_0_0', 'Cupiditate expedita voluptatem minus occaecati voluptatum id suscipit sit quibusdam.', 'f0166bd2-8e4d-4308-b5d7-0b3d627c5dc5', 'usr_335');
INSERT INTO trabalho.comentarios_podcast_usuario VALUES ('comment_335_1_0', 'Voluptatem molestiae earum ipsam voluptates cupiditate.', 'f0166bd2-8e4d-4308-b5d7-0b3d627c5dc5', 'usr_335');
INSERT INTO trabalho.log_acesso VALUES ('log_335_0_0', 'f0166bd2-8e4d-4308-b5d7-0b3d627c5dc5', 'usr_335');
INSERT INTO trabalho.log_acesso VALUES ('log_335_1_0', 'f0166bd2-8e4d-4308-b5d7-0b3d627c5dc5', 'usr_335');
INSERT INTO trabalho.usuario_esta_inscrito_no_podcast VALUES (4, 'c58b280a-56d4-4ad8-8c85-730e4ea86361', 'usr_335');
INSERT INTO trabalho.comentarios_podcast_usuario VALUES ('comment_335_0_1', 'Delectus expedita deleniti quidem consequatur et id aperiam quae nemo.', 'c58b280a-56d4-4ad8-8c85-730e4ea86361', 'usr_335');
INSERT INTO trabalho.comentarios_podcast_usuario VALUES ('comment_335_1_1', 'Beatae quisquam autem eaque repellat.', 'c58b280a-56d4-4ad8-8c85-730e4ea86361', 'usr_335');
INSERT INTO trabalho.comentarios_podcast_usuario VALUES ('comment_335_2_1', 'Aut vitae qui et ad voluptatibus.', 'c58b280a-56d4-4ad8-8c85-730e4ea86361', 'usr_335');
INSERT INTO trabalho.log_acesso VALUES ('log_335_0_1', 'c58b280a-56d4-4ad8-8c85-730e4ea86361', 'usr_335');
INSERT INTO trabalho.log_acesso VALUES ('log_335_1_1', 'c58b280a-56d4-4ad8-8c85-730e4ea86361', 'usr_335');
INSERT INTO trabalho.log_acesso VALUES ('log_335_2_1', 'c58b280a-56d4-4ad8-8c85-730e4ea86361', 'usr_335');
INSERT INTO trabalho.usuario_esta_inscrito_no_podcast VALUES (1, '7e429e8e-7669-403d-bb78-3cd7f9f75afd', 'usr_335');
INSERT INTO trabalho.comentarios_podcast_usuario VALUES ('comment_335_0_2', 'Minus aliquid ea incidunt hic qui earum quaerat sed officiis.', '7e429e8e-7669-403d-bb78-3cd7f9f75afd', 'usr_335');
INSERT INTO trabalho.comentarios_podcast_usuario VALUES ('comment_335_1_2', 'Sit et sunt architecto est et voluptatibus ut unde.', '7e429e8e-7669-403d-bb78-3cd7f9f75afd', 'usr_335');
INSERT INTO trabalho.comentarios_podcast_usuario VALUES ('comment_335_2_2', 'Laboriosam qui qui.', '7e429e8e-7669-403d-bb78-3cd7f9f75afd', 'usr_335');
INSERT INTO trabalho.comentarios_podcast_usuario VALUES ('comment_335_3_2', 'Velit cum modi commodi inventore ipsum exercitationem quod.', '7e429e8e-7669-403d-bb78-3cd7f9f75afd', 'usr_335');
INSERT INTO trabalho.log_acesso VALUES ('log_335_0_2', '7e429e8e-7669-403d-bb78-3cd7f9f75afd', 'usr_335');
INSERT INTO trabalho.log_acesso VALUES ('log_335_1_2', '7e429e8e-7669-403d-bb78-3cd7f9f75afd', 'usr_335');
INSERT INTO trabalho.log_acesso VALUES ('log_335_2_2', '7e429e8e-7669-403d-bb78-3cd7f9f75afd', 'usr_335');
INSERT INTO trabalho.usuario VALUES ('usr_336', '336_Felipe7@live.com', 'Felipe Carvalho', 'male', 46, 'password', 'Gâmbia');
INSERT INTO trabalho.usuario_esta_inscrito_no_podcast VALUES (0, 'af46a958-b921-47b6-9f87-5c4fdc68ea79', 'usr_336');
INSERT INTO trabalho.comentarios_podcast_usuario VALUES ('comment_336_0_0', 'A eaque provident distinctio.', 'af46a958-b921-47b6-9f87-5c4fdc68ea79', 'usr_336');
INSERT INTO trabalho.comentarios_podcast_usuario VALUES ('comment_336_1_0', 'Autem nemo ipsa nihil.', 'af46a958-b921-47b6-9f87-5c4fdc68ea79', 'usr_336');
INSERT INTO trabalho.log_acesso VALUES ('log_336_0_0', 'af46a958-b921-47b6-9f87-5c4fdc68ea79', 'usr_336');
INSERT INTO trabalho.log_acesso VALUES ('log_336_1_0', 'af46a958-b921-47b6-9f87-5c4fdc68ea79', 'usr_336');
INSERT INTO trabalho.log_acesso VALUES ('log_336_2_0', 'af46a958-b921-47b6-9f87-5c4fdc68ea79', 'usr_336');
INSERT INTO trabalho.usuario_esta_inscrito_no_podcast VALUES (4, 'b553d865-8fe2-47de-9a30-10e1dea3bd1d', 'usr_336');
INSERT INTO trabalho.comentarios_podcast_usuario VALUES ('comment_336_0_1', 'Dolorem nam id ratione cupiditate veniam possimus itaque laudantium optio.', 'b553d865-8fe2-47de-9a30-10e1dea3bd1d', 'usr_336');
INSERT INTO trabalho.comentarios_podcast_usuario VALUES ('comment_336_1_1', 'Iure voluptatem voluptatem ipsa quam est sed.', 'b553d865-8fe2-47de-9a30-10e1dea3bd1d', 'usr_336');
INSERT INTO trabalho.comentarios_podcast_usuario VALUES ('comment_336_2_1', 'Provident fugit hic itaque velit.', 'b553d865-8fe2-47de-9a30-10e1dea3bd1d', 'usr_336');
INSERT INTO trabalho.log_acesso VALUES ('log_336_0_1', 'b553d865-8fe2-47de-9a30-10e1dea3bd1d', 'usr_336');
INSERT INTO trabalho.log_acesso VALUES ('log_336_1_1', 'b553d865-8fe2-47de-9a30-10e1dea3bd1d', 'usr_336');
INSERT INTO trabalho.log_acesso VALUES ('log_336_2_1', 'b553d865-8fe2-47de-9a30-10e1dea3bd1d', 'usr_336');
INSERT INTO trabalho.log_acesso VALUES ('log_336_3_1', 'b553d865-8fe2-47de-9a30-10e1dea3bd1d', 'usr_336');
INSERT INTO trabalho.log_acesso VALUES ('log_336_4_1', 'b553d865-8fe2-47de-9a30-10e1dea3bd1d', 'usr_336');
INSERT INTO trabalho.log_acesso VALUES ('log_336_5_1', 'b553d865-8fe2-47de-9a30-10e1dea3bd1d', 'usr_336');
INSERT INTO trabalho.usuario_esta_inscrito_no_podcast VALUES (2, '168c1536-4c42-4b8f-8c77-f06affefec6a', 'usr_336');
INSERT INTO trabalho.comentarios_podcast_usuario VALUES ('comment_336_0_2', 'Reiciendis autem ab porro deserunt ab dolores qui in.', '168c1536-4c42-4b8f-8c77-f06affefec6a', 'usr_336');
INSERT INTO trabalho.comentarios_podcast_usuario VALUES ('comment_336_1_2', 'Sed omnis modi molestiae ad ut quo.', '168c1536-4c42-4b8f-8c77-f06affefec6a', 'usr_336');
INSERT INTO trabalho.comentarios_podcast_usuario VALUES ('comment_336_2_2', 'Sed sequi tempora sed eveniet ullam maxime asperiores eveniet ea.', '168c1536-4c42-4b8f-8c77-f06affefec6a', 'usr_336');
INSERT INTO trabalho.comentarios_podcast_usuario VALUES ('comment_336_3_2', 'Dolor molestiae maiores voluptatum sint error deleniti est.', '168c1536-4c42-4b8f-8c77-f06affefec6a', 'usr_336');
INSERT INTO trabalho.log_acesso VALUES ('log_336_0_2', '168c1536-4c42-4b8f-8c77-f06affefec6a', 'usr_336');
INSERT INTO trabalho.log_acesso VALUES ('log_336_1_2', '168c1536-4c42-4b8f-8c77-f06affefec6a', 'usr_336');
INSERT INTO trabalho.usuario VALUES ('usr_337', '337_Sulen.Saraiva18@yahoo.com', 'Suélen Saraiva', 'female', 18, 'password', 'Barbados');
INSERT INTO trabalho.usuario_esta_inscrito_no_podcast VALUES (4, '67074e68-bc2f-442b-8af2-7d328b6af6eb', 'usr_337');
INSERT INTO trabalho.comentarios_podcast_usuario VALUES ('comment_337_0_0', 'Natus consequuntur qui itaque.', '67074e68-bc2f-442b-8af2-7d328b6af6eb', 'usr_337');
INSERT INTO trabalho.comentarios_podcast_usuario VALUES ('comment_337_1_0', 'Magni commodi tempora similique porro et deleniti quis sunt beatae.', '67074e68-bc2f-442b-8af2-7d328b6af6eb', 'usr_337');
INSERT INTO trabalho.log_acesso VALUES ('log_337_0_0', '67074e68-bc2f-442b-8af2-7d328b6af6eb', 'usr_337');
INSERT INTO trabalho.log_acesso VALUES ('log_337_1_0', '67074e68-bc2f-442b-8af2-7d328b6af6eb', 'usr_337');
INSERT INTO trabalho.log_acesso VALUES ('log_337_2_0', '67074e68-bc2f-442b-8af2-7d328b6af6eb', 'usr_337');
INSERT INTO trabalho.log_acesso VALUES ('log_337_3_0', '67074e68-bc2f-442b-8af2-7d328b6af6eb', 'usr_337');
INSERT INTO trabalho.log_acesso VALUES ('log_337_4_0', '67074e68-bc2f-442b-8af2-7d328b6af6eb', 'usr_337');
INSERT INTO trabalho.log_acesso VALUES ('log_337_5_0', '67074e68-bc2f-442b-8af2-7d328b6af6eb', 'usr_337');
INSERT INTO trabalho.log_acesso VALUES ('log_337_6_0', '67074e68-bc2f-442b-8af2-7d328b6af6eb', 'usr_337');
INSERT INTO trabalho.usuario_esta_inscrito_no_podcast VALUES (3, 'de2f0ddb-9903-436a-a5e2-54224254c818', 'usr_337');
INSERT INTO trabalho.comentarios_podcast_usuario VALUES ('comment_337_0_1', 'Amet dolore occaecati est sint voluptatem.', 'de2f0ddb-9903-436a-a5e2-54224254c818', 'usr_337');
INSERT INTO trabalho.comentarios_podcast_usuario VALUES ('comment_337_1_1', 'Quo veritatis aut perspiciatis temporibus omnis distinctio adipisci quod dolorum.', 'de2f0ddb-9903-436a-a5e2-54224254c818', 'usr_337');
INSERT INTO trabalho.comentarios_podcast_usuario VALUES ('comment_337_2_1', 'Harum ut minima.', 'de2f0ddb-9903-436a-a5e2-54224254c818', 'usr_337');
INSERT INTO trabalho.log_acesso VALUES ('log_337_0_1', 'de2f0ddb-9903-436a-a5e2-54224254c818', 'usr_337');
INSERT INTO trabalho.log_acesso VALUES ('log_337_1_1', 'de2f0ddb-9903-436a-a5e2-54224254c818', 'usr_337');
INSERT INTO trabalho.log_acesso VALUES ('log_337_2_1', 'de2f0ddb-9903-436a-a5e2-54224254c818', 'usr_337');
INSERT INTO trabalho.log_acesso VALUES ('log_337_3_1', 'de2f0ddb-9903-436a-a5e2-54224254c818', 'usr_337');
INSERT INTO trabalho.log_acesso VALUES ('log_337_4_1', 'de2f0ddb-9903-436a-a5e2-54224254c818', 'usr_337');
INSERT INTO trabalho.log_acesso VALUES ('log_337_5_1', 'de2f0ddb-9903-436a-a5e2-54224254c818', 'usr_337');
INSERT INTO trabalho.usuario_esta_inscrito_no_podcast VALUES (5, 'f0166bd2-8e4d-4308-b5d7-0b3d627c5dc5', 'usr_337');
INSERT INTO trabalho.comentarios_podcast_usuario VALUES ('comment_337_0_2', 'Officia incidunt qui.', 'f0166bd2-8e4d-4308-b5d7-0b3d627c5dc5', 'usr_337');
INSERT INTO trabalho.comentarios_podcast_usuario VALUES ('comment_337_1_2', 'Quo libero omnis et ut error animi autem.', 'f0166bd2-8e4d-4308-b5d7-0b3d627c5dc5', 'usr_337');
INSERT INTO trabalho.comentarios_podcast_usuario VALUES ('comment_337_2_2', 'Blanditiis nesciunt dolores sint.', 'f0166bd2-8e4d-4308-b5d7-0b3d627c5dc5', 'usr_337');
INSERT INTO trabalho.comentarios_podcast_usuario VALUES ('comment_337_3_2', 'Unde voluptatum in a quos qui nihil omnis.', 'f0166bd2-8e4d-4308-b5d7-0b3d627c5dc5', 'usr_337');
INSERT INTO trabalho.comentarios_podcast_usuario VALUES ('comment_337_4_2', 'Commodi fugit fugiat id et dolorem voluptate.', 'f0166bd2-8e4d-4308-b5d7-0b3d627c5dc5', 'usr_337');
INSERT INTO trabalho.log_acesso VALUES ('log_337_0_2', 'f0166bd2-8e4d-4308-b5d7-0b3d627c5dc5', 'usr_337');
INSERT INTO trabalho.usuario VALUES ('usr_338', '338_Marcos_Xavier@hotmail.com', 'Marcos Xavier', 'male', 59, 'password', 'Toquelau');
INSERT INTO trabalho.usuario_esta_inscrito_no_podcast VALUES (1, 'f1b92ce7-47a7-43cd-8586-4a09185cdd05', 'usr_338');
INSERT INTO trabalho.comentarios_podcast_usuario VALUES ('comment_338_0_0', 'Mollitia enim nobis.', 'f1b92ce7-47a7-43cd-8586-4a09185cdd05', 'usr_338');
INSERT INTO trabalho.comentarios_podcast_usuario VALUES ('comment_338_1_0', 'Voluptatum aut nihil alias.', 'f1b92ce7-47a7-43cd-8586-4a09185cdd05', 'usr_338');
INSERT INTO trabalho.log_acesso VALUES ('log_338_0_0', 'f1b92ce7-47a7-43cd-8586-4a09185cdd05', 'usr_338');
INSERT INTO trabalho.log_acesso VALUES ('log_338_1_0', 'f1b92ce7-47a7-43cd-8586-4a09185cdd05', 'usr_338');
INSERT INTO trabalho.usuario_esta_inscrito_no_podcast VALUES (0, '5bdf7377-8330-4f9f-8efd-e95301c122ce', 'usr_338');
INSERT INTO trabalho.comentarios_podcast_usuario VALUES ('comment_338_0_1', 'Qui recusandae velit corporis.', '5bdf7377-8330-4f9f-8efd-e95301c122ce', 'usr_338');
INSERT INTO trabalho.comentarios_podcast_usuario VALUES ('comment_338_1_1', 'Nulla impedit nemo impedit.', '5bdf7377-8330-4f9f-8efd-e95301c122ce', 'usr_338');
INSERT INTO trabalho.comentarios_podcast_usuario VALUES ('comment_338_2_1', 'Nihil aut animi quibusdam quas distinctio repudiandae.', '5bdf7377-8330-4f9f-8efd-e95301c122ce', 'usr_338');
INSERT INTO trabalho.comentarios_podcast_usuario VALUES ('comment_338_3_1', 'Porro qui consequatur fuga.', '5bdf7377-8330-4f9f-8efd-e95301c122ce', 'usr_338');
INSERT INTO trabalho.log_acesso VALUES ('log_338_0_1', '5bdf7377-8330-4f9f-8efd-e95301c122ce', 'usr_338');
INSERT INTO trabalho.log_acesso VALUES ('log_338_1_1', '5bdf7377-8330-4f9f-8efd-e95301c122ce', 'usr_338');
INSERT INTO trabalho.usuario_esta_inscrito_no_podcast VALUES (4, '168c1536-4c42-4b8f-8c77-f06affefec6a', 'usr_338');
INSERT INTO trabalho.comentarios_podcast_usuario VALUES ('comment_338_0_2', 'Voluptas praesentium aliquid doloribus est.', '168c1536-4c42-4b8f-8c77-f06affefec6a', 'usr_338');
INSERT INTO trabalho.comentarios_podcast_usuario VALUES ('comment_338_1_2', 'Sequi voluptas rerum occaecati.', '168c1536-4c42-4b8f-8c77-f06affefec6a', 'usr_338');
INSERT INTO trabalho.comentarios_podcast_usuario VALUES ('comment_338_2_2', 'Et perferendis eaque dolorem ut aut voluptas ut.', '168c1536-4c42-4b8f-8c77-f06affefec6a', 'usr_338');
INSERT INTO trabalho.log_acesso VALUES ('log_338_0_2', '168c1536-4c42-4b8f-8c77-f06affefec6a', 'usr_338');
INSERT INTO trabalho.log_acesso VALUES ('log_338_1_2', '168c1536-4c42-4b8f-8c77-f06affefec6a', 'usr_338');
INSERT INTO trabalho.log_acesso VALUES ('log_338_2_2', '168c1536-4c42-4b8f-8c77-f06affefec6a', 'usr_338');
INSERT INTO trabalho.log_acesso VALUES ('log_338_3_2', '168c1536-4c42-4b8f-8c77-f06affefec6a', 'usr_338');
INSERT INTO trabalho.log_acesso VALUES ('log_338_4_2', '168c1536-4c42-4b8f-8c77-f06affefec6a', 'usr_338');
INSERT INTO trabalho.usuario VALUES ('usr_339', '339_Vitor.Silva@live.com', 'Vitor Silva', 'male', 23, 'password', 'Lituânia');
INSERT INTO trabalho.usuario_esta_inscrito_no_podcast VALUES (2, 'f8e13774-d631-4f34-93f0-2f5d55590265', 'usr_339');
INSERT INTO trabalho.comentarios_podcast_usuario VALUES ('comment_339_0_0', 'Atque ut consectetur quo a.', 'f8e13774-d631-4f34-93f0-2f5d55590265', 'usr_339');
INSERT INTO trabalho.comentarios_podcast_usuario VALUES ('comment_339_1_0', 'Nostrum similique nihil enim perferendis harum a dolorem.', 'f8e13774-d631-4f34-93f0-2f5d55590265', 'usr_339');
INSERT INTO trabalho.comentarios_podcast_usuario VALUES ('comment_339_2_0', 'Amet non est inventore aliquam quis quibusdam totam minima.', 'f8e13774-d631-4f34-93f0-2f5d55590265', 'usr_339');
INSERT INTO trabalho.comentarios_podcast_usuario VALUES ('comment_339_3_0', 'Illo voluptatem omnis quasi.', 'f8e13774-d631-4f34-93f0-2f5d55590265', 'usr_339');
INSERT INTO trabalho.log_acesso VALUES ('log_339_0_0', 'f8e13774-d631-4f34-93f0-2f5d55590265', 'usr_339');
INSERT INTO trabalho.log_acesso VALUES ('log_339_1_0', 'f8e13774-d631-4f34-93f0-2f5d55590265', 'usr_339');
INSERT INTO trabalho.usuario_esta_inscrito_no_podcast VALUES (2, '219328a1-cec6-4e8c-b003-52a3ec9766bb', 'usr_339');
INSERT INTO trabalho.comentarios_podcast_usuario VALUES ('comment_339_0_1', 'Minima iusto repudiandae enim molestiae necessitatibus similique.', '219328a1-cec6-4e8c-b003-52a3ec9766bb', 'usr_339');
INSERT INTO trabalho.comentarios_podcast_usuario VALUES ('comment_339_1_1', 'Sit aut sed.', '219328a1-cec6-4e8c-b003-52a3ec9766bb', 'usr_339');
INSERT INTO trabalho.comentarios_podcast_usuario VALUES ('comment_339_2_1', 'Corrupti eum autem ducimus.', '219328a1-cec6-4e8c-b003-52a3ec9766bb', 'usr_339');
INSERT INTO trabalho.comentarios_podcast_usuario VALUES ('comment_339_3_1', 'Similique expedita consequuntur rerum.', '219328a1-cec6-4e8c-b003-52a3ec9766bb', 'usr_339');
INSERT INTO trabalho.log_acesso VALUES ('log_339_0_1', '219328a1-cec6-4e8c-b003-52a3ec9766bb', 'usr_339');
INSERT INTO trabalho.log_acesso VALUES ('log_339_1_1', '219328a1-cec6-4e8c-b003-52a3ec9766bb', 'usr_339');
INSERT INTO trabalho.log_acesso VALUES ('log_339_2_1', '219328a1-cec6-4e8c-b003-52a3ec9766bb', 'usr_339');
INSERT INTO trabalho.usuario_esta_inscrito_no_podcast VALUES (1, '168c1536-4c42-4b8f-8c77-f06affefec6a', 'usr_339');
INSERT INTO trabalho.comentarios_podcast_usuario VALUES ('comment_339_0_2', 'Ullam blanditiis eligendi.', '168c1536-4c42-4b8f-8c77-f06affefec6a', 'usr_339');
INSERT INTO trabalho.comentarios_podcast_usuario VALUES ('comment_339_1_2', 'Totam inventore deleniti quis deleniti non.', '168c1536-4c42-4b8f-8c77-f06affefec6a', 'usr_339');
INSERT INTO trabalho.comentarios_podcast_usuario VALUES ('comment_339_2_2', 'Qui magni quis id est ab molestias ex.', '168c1536-4c42-4b8f-8c77-f06affefec6a', 'usr_339');
INSERT INTO trabalho.log_acesso VALUES ('log_339_0_2', '168c1536-4c42-4b8f-8c77-f06affefec6a', 'usr_339');
INSERT INTO trabalho.log_acesso VALUES ('log_339_1_2', '168c1536-4c42-4b8f-8c77-f06affefec6a', 'usr_339');
INSERT INTO trabalho.log_acesso VALUES ('log_339_2_2', '168c1536-4c42-4b8f-8c77-f06affefec6a', 'usr_339');
INSERT INTO trabalho.log_acesso VALUES ('log_339_3_2', '168c1536-4c42-4b8f-8c77-f06affefec6a', 'usr_339');
INSERT INTO trabalho.log_acesso VALUES ('log_339_4_2', '168c1536-4c42-4b8f-8c77-f06affefec6a', 'usr_339');
INSERT INTO trabalho.usuario VALUES ('usr_340', '340_Alice_Batista@live.com', 'Alice Batista', 'female', 12, 'password', 'Índia');
INSERT INTO trabalho.usuario_esta_inscrito_no_podcast VALUES (3, '5bdf7377-8330-4f9f-8efd-e95301c122ce', 'usr_340');
INSERT INTO trabalho.comentarios_podcast_usuario VALUES ('comment_340_0_0', 'Occaecati atque distinctio excepturi molestias aliquid tempore rerum praesentium.', '5bdf7377-8330-4f9f-8efd-e95301c122ce', 'usr_340');
INSERT INTO trabalho.comentarios_podcast_usuario VALUES ('comment_340_1_0', 'Et et officiis minima ducimus alias numquam vero quae repudiandae.', '5bdf7377-8330-4f9f-8efd-e95301c122ce', 'usr_340');
INSERT INTO trabalho.log_acesso VALUES ('log_340_0_0', '5bdf7377-8330-4f9f-8efd-e95301c122ce', 'usr_340');
INSERT INTO trabalho.usuario_esta_inscrito_no_podcast VALUES (2, 'af46a958-b921-47b6-9f87-5c4fdc68ea79', 'usr_340');
INSERT INTO trabalho.comentarios_podcast_usuario VALUES ('comment_340_0_1', 'Ratione eveniet amet in accusamus alias eveniet omnis reprehenderit.', 'af46a958-b921-47b6-9f87-5c4fdc68ea79', 'usr_340');
INSERT INTO trabalho.comentarios_podcast_usuario VALUES ('comment_340_1_1', 'Nihil sint numquam maxime libero voluptatem labore.', 'af46a958-b921-47b6-9f87-5c4fdc68ea79', 'usr_340');
INSERT INTO trabalho.log_acesso VALUES ('log_340_0_1', 'af46a958-b921-47b6-9f87-5c4fdc68ea79', 'usr_340');
INSERT INTO trabalho.log_acesso VALUES ('log_340_1_1', 'af46a958-b921-47b6-9f87-5c4fdc68ea79', 'usr_340');
INSERT INTO trabalho.log_acesso VALUES ('log_340_2_1', 'af46a958-b921-47b6-9f87-5c4fdc68ea79', 'usr_340');
INSERT INTO trabalho.log_acesso VALUES ('log_340_3_1', 'af46a958-b921-47b6-9f87-5c4fdc68ea79', 'usr_340');
INSERT INTO trabalho.log_acesso VALUES ('log_340_4_1', 'af46a958-b921-47b6-9f87-5c4fdc68ea79', 'usr_340');
INSERT INTO trabalho.log_acesso VALUES ('log_340_5_1', 'af46a958-b921-47b6-9f87-5c4fdc68ea79', 'usr_340');
INSERT INTO trabalho.usuario_esta_inscrito_no_podcast VALUES (1, '7e429e8e-7669-403d-bb78-3cd7f9f75afd', 'usr_340');
INSERT INTO trabalho.comentarios_podcast_usuario VALUES ('comment_340_0_2', 'Ad harum illum voluptas laboriosam hic voluptas quam.', '7e429e8e-7669-403d-bb78-3cd7f9f75afd', 'usr_340');
INSERT INTO trabalho.comentarios_podcast_usuario VALUES ('comment_340_1_2', 'Quo velit debitis rem fugiat et voluptatem.', '7e429e8e-7669-403d-bb78-3cd7f9f75afd', 'usr_340');
INSERT INTO trabalho.comentarios_podcast_usuario VALUES ('comment_340_2_2', 'Nisi voluptas quia et numquam in maiores sunt ut.', '7e429e8e-7669-403d-bb78-3cd7f9f75afd', 'usr_340');
INSERT INTO trabalho.log_acesso VALUES ('log_340_0_2', '7e429e8e-7669-403d-bb78-3cd7f9f75afd', 'usr_340');
INSERT INTO trabalho.log_acesso VALUES ('log_340_1_2', '7e429e8e-7669-403d-bb78-3cd7f9f75afd', 'usr_340');
INSERT INTO trabalho.log_acesso VALUES ('log_340_2_2', '7e429e8e-7669-403d-bb78-3cd7f9f75afd', 'usr_340');
INSERT INTO trabalho.log_acesso VALUES ('log_340_3_2', '7e429e8e-7669-403d-bb78-3cd7f9f75afd', 'usr_340');
INSERT INTO trabalho.usuario VALUES ('usr_341', '341_JooPedro88@live.com', 'João Pedro Saraiva', 'male', 40, 'password', 'Ilhas Marshall');
INSERT INTO trabalho.usuario_esta_inscrito_no_podcast VALUES (0, '7e429e8e-7669-403d-bb78-3cd7f9f75afd', 'usr_341');
INSERT INTO trabalho.comentarios_podcast_usuario VALUES ('comment_341_0_0', 'Qui quo velit.', '7e429e8e-7669-403d-bb78-3cd7f9f75afd', 'usr_341');
INSERT INTO trabalho.comentarios_podcast_usuario VALUES ('comment_341_1_0', 'Neque hic voluptas neque corrupti iste ex aliquid vitae nostrum.', '7e429e8e-7669-403d-bb78-3cd7f9f75afd', 'usr_341');
INSERT INTO trabalho.comentarios_podcast_usuario VALUES ('comment_341_2_0', 'Non dignissimos eaque sunt odit.', '7e429e8e-7669-403d-bb78-3cd7f9f75afd', 'usr_341');
INSERT INTO trabalho.comentarios_podcast_usuario VALUES ('comment_341_3_0', 'Dolorem qui voluptatum et eos et.', '7e429e8e-7669-403d-bb78-3cd7f9f75afd', 'usr_341');
INSERT INTO trabalho.comentarios_podcast_usuario VALUES ('comment_341_4_0', 'Repellendus et facere qui.', '7e429e8e-7669-403d-bb78-3cd7f9f75afd', 'usr_341');
INSERT INTO trabalho.log_acesso VALUES ('log_341_0_0', '7e429e8e-7669-403d-bb78-3cd7f9f75afd', 'usr_341');
INSERT INTO trabalho.usuario_esta_inscrito_no_podcast VALUES (4, '67074e68-bc2f-442b-8af2-7d328b6af6eb', 'usr_341');
INSERT INTO trabalho.comentarios_podcast_usuario VALUES ('comment_341_0_1', 'Voluptatum mollitia magni dolores mollitia corrupti in debitis molestiae quisquam.', '67074e68-bc2f-442b-8af2-7d328b6af6eb', 'usr_341');
INSERT INTO trabalho.comentarios_podcast_usuario VALUES ('comment_341_1_1', 'Accusantium commodi dolor dolorem sit omnis corrupti.', '67074e68-bc2f-442b-8af2-7d328b6af6eb', 'usr_341');
INSERT INTO trabalho.comentarios_podcast_usuario VALUES ('comment_341_2_1', 'Distinctio molestiae ea dolorem nesciunt sunt iusto molestiae saepe.', '67074e68-bc2f-442b-8af2-7d328b6af6eb', 'usr_341');
INSERT INTO trabalho.log_acesso VALUES ('log_341_0_1', '67074e68-bc2f-442b-8af2-7d328b6af6eb', 'usr_341');
INSERT INTO trabalho.log_acesso VALUES ('log_341_1_1', '67074e68-bc2f-442b-8af2-7d328b6af6eb', 'usr_341');
INSERT INTO trabalho.log_acesso VALUES ('log_341_2_1', '67074e68-bc2f-442b-8af2-7d328b6af6eb', 'usr_341');
INSERT INTO trabalho.log_acesso VALUES ('log_341_3_1', '67074e68-bc2f-442b-8af2-7d328b6af6eb', 'usr_341');
INSERT INTO trabalho.log_acesso VALUES ('log_341_4_1', '67074e68-bc2f-442b-8af2-7d328b6af6eb', 'usr_341');
INSERT INTO trabalho.usuario_esta_inscrito_no_podcast VALUES (3, '219328a1-cec6-4e8c-b003-52a3ec9766bb', 'usr_341');
INSERT INTO trabalho.comentarios_podcast_usuario VALUES ('comment_341_0_2', 'Quos et quibusdam et.', '219328a1-cec6-4e8c-b003-52a3ec9766bb', 'usr_341');
INSERT INTO trabalho.comentarios_podcast_usuario VALUES ('comment_341_1_2', 'Voluptatibus sit itaque ea et inventore impedit quia accusantium.', '219328a1-cec6-4e8c-b003-52a3ec9766bb', 'usr_341');
INSERT INTO trabalho.comentarios_podcast_usuario VALUES ('comment_341_2_2', 'Unde delectus sunt assumenda.', '219328a1-cec6-4e8c-b003-52a3ec9766bb', 'usr_341');
INSERT INTO trabalho.comentarios_podcast_usuario VALUES ('comment_341_3_2', 'Quia error beatae quo temporibus blanditiis in.', '219328a1-cec6-4e8c-b003-52a3ec9766bb', 'usr_341');
INSERT INTO trabalho.log_acesso VALUES ('log_341_0_2', '219328a1-cec6-4e8c-b003-52a3ec9766bb', 'usr_341');
INSERT INTO trabalho.log_acesso VALUES ('log_341_1_2', '219328a1-cec6-4e8c-b003-52a3ec9766bb', 'usr_341');
INSERT INTO trabalho.log_acesso VALUES ('log_341_2_2', '219328a1-cec6-4e8c-b003-52a3ec9766bb', 'usr_341');
INSERT INTO trabalho.log_acesso VALUES ('log_341_3_2', '219328a1-cec6-4e8c-b003-52a3ec9766bb', 'usr_341');
INSERT INTO trabalho.log_acesso VALUES ('log_341_4_2', '219328a1-cec6-4e8c-b003-52a3ec9766bb', 'usr_341');
INSERT INTO trabalho.usuario VALUES ('usr_342', '342_Bruna.Nogueira16@live.com', 'Bruna Nogueira', 'female', 9, 'password', 'Tonga');
INSERT INTO trabalho.usuario_esta_inscrito_no_podcast VALUES (0, 'f0166bd2-8e4d-4308-b5d7-0b3d627c5dc5', 'usr_342');
INSERT INTO trabalho.comentarios_podcast_usuario VALUES ('comment_342_0_0', 'Maxime accusantium animi soluta sunt unde veniam.', 'f0166bd2-8e4d-4308-b5d7-0b3d627c5dc5', 'usr_342');
INSERT INTO trabalho.comentarios_podcast_usuario VALUES ('comment_342_1_0', 'Aspernatur eum modi optio quod voluptatum inventore officiis ea.', 'f0166bd2-8e4d-4308-b5d7-0b3d627c5dc5', 'usr_342');
INSERT INTO trabalho.comentarios_podcast_usuario VALUES ('comment_342_2_0', 'Corrupti nam magnam voluptatem corporis.', 'f0166bd2-8e4d-4308-b5d7-0b3d627c5dc5', 'usr_342');
INSERT INTO trabalho.log_acesso VALUES ('log_342_0_0', 'f0166bd2-8e4d-4308-b5d7-0b3d627c5dc5', 'usr_342');
INSERT INTO trabalho.log_acesso VALUES ('log_342_1_0', 'f0166bd2-8e4d-4308-b5d7-0b3d627c5dc5', 'usr_342');
INSERT INTO trabalho.log_acesso VALUES ('log_342_2_0', 'f0166bd2-8e4d-4308-b5d7-0b3d627c5dc5', 'usr_342');
INSERT INTO trabalho.usuario_esta_inscrito_no_podcast VALUES (0, 'b553d865-8fe2-47de-9a30-10e1dea3bd1d', 'usr_342');
INSERT INTO trabalho.comentarios_podcast_usuario VALUES ('comment_342_0_1', 'Qui vero ratione fugiat.', 'b553d865-8fe2-47de-9a30-10e1dea3bd1d', 'usr_342');
INSERT INTO trabalho.comentarios_podcast_usuario VALUES ('comment_342_1_1', 'Ratione distinctio cumque consequatur sed commodi qui blanditiis autem sit.', 'b553d865-8fe2-47de-9a30-10e1dea3bd1d', 'usr_342');
INSERT INTO trabalho.comentarios_podcast_usuario VALUES ('comment_342_2_1', 'Rerum fugiat eos facilis.', 'b553d865-8fe2-47de-9a30-10e1dea3bd1d', 'usr_342');
INSERT INTO trabalho.comentarios_podcast_usuario VALUES ('comment_342_3_1', 'Sed maxime mollitia repudiandae qui fuga quibusdam corrupti et.', 'b553d865-8fe2-47de-9a30-10e1dea3bd1d', 'usr_342');
INSERT INTO trabalho.log_acesso VALUES ('log_342_0_1', 'b553d865-8fe2-47de-9a30-10e1dea3bd1d', 'usr_342');
INSERT INTO trabalho.usuario_esta_inscrito_no_podcast VALUES (1, 'de2f0ddb-9903-436a-a5e2-54224254c818', 'usr_342');
INSERT INTO trabalho.comentarios_podcast_usuario VALUES ('comment_342_0_2', 'Eos molestiae enim omnis aspernatur porro rem et natus.', 'de2f0ddb-9903-436a-a5e2-54224254c818', 'usr_342');
INSERT INTO trabalho.comentarios_podcast_usuario VALUES ('comment_342_1_2', 'Aut aut doloribus similique libero cum.', 'de2f0ddb-9903-436a-a5e2-54224254c818', 'usr_342');
INSERT INTO trabalho.comentarios_podcast_usuario VALUES ('comment_342_2_2', 'Est pariatur molestiae dolorum iste.', 'de2f0ddb-9903-436a-a5e2-54224254c818', 'usr_342');
INSERT INTO trabalho.comentarios_podcast_usuario VALUES ('comment_342_3_2', 'Nulla consectetur illo consequatur.', 'de2f0ddb-9903-436a-a5e2-54224254c818', 'usr_342');
INSERT INTO trabalho.log_acesso VALUES ('log_342_0_2', 'de2f0ddb-9903-436a-a5e2-54224254c818', 'usr_342');
INSERT INTO trabalho.log_acesso VALUES ('log_342_1_2', 'de2f0ddb-9903-436a-a5e2-54224254c818', 'usr_342');
INSERT INTO trabalho.log_acesso VALUES ('log_342_2_2', 'de2f0ddb-9903-436a-a5e2-54224254c818', 'usr_342');
INSERT INTO trabalho.usuario VALUES ('usr_343', '343_Washington_Oliveira@live.com', 'Washington Oliveira', 'male', 56, 'password', 'Fiji');
INSERT INTO trabalho.usuario_esta_inscrito_no_podcast VALUES (2, '168c1536-4c42-4b8f-8c77-f06affefec6a', 'usr_343');
INSERT INTO trabalho.comentarios_podcast_usuario VALUES ('comment_343_0_0', 'Iusto repellendus aliquid repellat.', '168c1536-4c42-4b8f-8c77-f06affefec6a', 'usr_343');
INSERT INTO trabalho.comentarios_podcast_usuario VALUES ('comment_343_1_0', 'Ab totam nesciunt quis.', '168c1536-4c42-4b8f-8c77-f06affefec6a', 'usr_343');
INSERT INTO trabalho.comentarios_podcast_usuario VALUES ('comment_343_2_0', 'Rerum ab voluptate autem.', '168c1536-4c42-4b8f-8c77-f06affefec6a', 'usr_343');
INSERT INTO trabalho.log_acesso VALUES ('log_343_0_0', '168c1536-4c42-4b8f-8c77-f06affefec6a', 'usr_343');
INSERT INTO trabalho.log_acesso VALUES ('log_343_1_0', '168c1536-4c42-4b8f-8c77-f06affefec6a', 'usr_343');
INSERT INTO trabalho.log_acesso VALUES ('log_343_2_0', '168c1536-4c42-4b8f-8c77-f06affefec6a', 'usr_343');
INSERT INTO trabalho.log_acesso VALUES ('log_343_3_0', '168c1536-4c42-4b8f-8c77-f06affefec6a', 'usr_343');
INSERT INTO trabalho.usuario_esta_inscrito_no_podcast VALUES (3, 'af46a958-b921-47b6-9f87-5c4fdc68ea79', 'usr_343');
INSERT INTO trabalho.comentarios_podcast_usuario VALUES ('comment_343_0_1', 'Doloribus ad sint ab laboriosam accusamus et pariatur.', 'af46a958-b921-47b6-9f87-5c4fdc68ea79', 'usr_343');
INSERT INTO trabalho.comentarios_podcast_usuario VALUES ('comment_343_1_1', 'Consequuntur repellendus omnis.', 'af46a958-b921-47b6-9f87-5c4fdc68ea79', 'usr_343');
INSERT INTO trabalho.comentarios_podcast_usuario VALUES ('comment_343_2_1', 'Doloremque quia officia est quasi.', 'af46a958-b921-47b6-9f87-5c4fdc68ea79', 'usr_343');
INSERT INTO trabalho.comentarios_podcast_usuario VALUES ('comment_343_3_1', 'Qui quaerat voluptates.', 'af46a958-b921-47b6-9f87-5c4fdc68ea79', 'usr_343');
INSERT INTO trabalho.log_acesso VALUES ('log_343_0_1', 'af46a958-b921-47b6-9f87-5c4fdc68ea79', 'usr_343');
INSERT INTO trabalho.log_acesso VALUES ('log_343_1_1', 'af46a958-b921-47b6-9f87-5c4fdc68ea79', 'usr_343');
INSERT INTO trabalho.usuario_esta_inscrito_no_podcast VALUES (3, 'f1b92ce7-47a7-43cd-8586-4a09185cdd05', 'usr_343');
INSERT INTO trabalho.comentarios_podcast_usuario VALUES ('comment_343_0_2', 'Voluptatem officiis assumenda.', 'f1b92ce7-47a7-43cd-8586-4a09185cdd05', 'usr_343');
INSERT INTO trabalho.comentarios_podcast_usuario VALUES ('comment_343_1_2', 'Soluta quos delectus ut in officiis.', 'f1b92ce7-47a7-43cd-8586-4a09185cdd05', 'usr_343');
INSERT INTO trabalho.log_acesso VALUES ('log_343_0_2', 'f1b92ce7-47a7-43cd-8586-4a09185cdd05', 'usr_343');
INSERT INTO trabalho.log_acesso VALUES ('log_343_1_2', 'f1b92ce7-47a7-43cd-8586-4a09185cdd05', 'usr_343');
INSERT INTO trabalho.log_acesso VALUES ('log_343_2_2', 'f1b92ce7-47a7-43cd-8586-4a09185cdd05', 'usr_343');
INSERT INTO trabalho.log_acesso VALUES ('log_343_3_2', 'f1b92ce7-47a7-43cd-8586-4a09185cdd05', 'usr_343');
INSERT INTO trabalho.log_acesso VALUES ('log_343_4_2', 'f1b92ce7-47a7-43cd-8586-4a09185cdd05', 'usr_343');
INSERT INTO trabalho.log_acesso VALUES ('log_343_5_2', 'f1b92ce7-47a7-43cd-8586-4a09185cdd05', 'usr_343');
INSERT INTO trabalho.log_acesso VALUES ('log_343_6_2', 'f1b92ce7-47a7-43cd-8586-4a09185cdd05', 'usr_343');
INSERT INTO trabalho.usuario VALUES ('usr_344', '344_Roberto.Saraiva22@bol.com.br', 'Roberto Saraiva', 'male', 8, 'password', 'Quirguistão');
INSERT INTO trabalho.usuario_esta_inscrito_no_podcast VALUES (5, 'bc8dac25-793c-4a96-aafc-4ea7020f4f60', 'usr_344');
INSERT INTO trabalho.comentarios_podcast_usuario VALUES ('comment_344_0_0', 'Provident consequuntur omnis ut iure.', 'bc8dac25-793c-4a96-aafc-4ea7020f4f60', 'usr_344');
INSERT INTO trabalho.comentarios_podcast_usuario VALUES ('comment_344_1_0', 'Illo qui maiores corrupti dicta in praesentium vel.', 'bc8dac25-793c-4a96-aafc-4ea7020f4f60', 'usr_344');
INSERT INTO trabalho.log_acesso VALUES ('log_344_0_0', 'bc8dac25-793c-4a96-aafc-4ea7020f4f60', 'usr_344');
INSERT INTO trabalho.log_acesso VALUES ('log_344_1_0', 'bc8dac25-793c-4a96-aafc-4ea7020f4f60', 'usr_344');
INSERT INTO trabalho.log_acesso VALUES ('log_344_2_0', 'bc8dac25-793c-4a96-aafc-4ea7020f4f60', 'usr_344');
INSERT INTO trabalho.log_acesso VALUES ('log_344_3_0', 'bc8dac25-793c-4a96-aafc-4ea7020f4f60', 'usr_344');
INSERT INTO trabalho.usuario_esta_inscrito_no_podcast VALUES (4, 'c58b280a-56d4-4ad8-8c85-730e4ea86361', 'usr_344');
INSERT INTO trabalho.comentarios_podcast_usuario VALUES ('comment_344_0_1', 'Voluptates dolorem et maiores itaque est quidem.', 'c58b280a-56d4-4ad8-8c85-730e4ea86361', 'usr_344');
INSERT INTO trabalho.comentarios_podcast_usuario VALUES ('comment_344_1_1', 'Laudantium omnis id quis laborum ut quis officia.', 'c58b280a-56d4-4ad8-8c85-730e4ea86361', 'usr_344');
INSERT INTO trabalho.comentarios_podcast_usuario VALUES ('comment_344_2_1', 'Fugiat ut accusantium dignissimos est rem enim.', 'c58b280a-56d4-4ad8-8c85-730e4ea86361', 'usr_344');
INSERT INTO trabalho.comentarios_podcast_usuario VALUES ('comment_344_3_1', 'Est ab dolor nihil recusandae.', 'c58b280a-56d4-4ad8-8c85-730e4ea86361', 'usr_344');
INSERT INTO trabalho.comentarios_podcast_usuario VALUES ('comment_344_4_1', 'Atque rerum omnis.', 'c58b280a-56d4-4ad8-8c85-730e4ea86361', 'usr_344');
INSERT INTO trabalho.log_acesso VALUES ('log_344_0_1', 'c58b280a-56d4-4ad8-8c85-730e4ea86361', 'usr_344');
INSERT INTO trabalho.log_acesso VALUES ('log_344_1_1', 'c58b280a-56d4-4ad8-8c85-730e4ea86361', 'usr_344');
INSERT INTO trabalho.usuario_esta_inscrito_no_podcast VALUES (5, '168c1536-4c42-4b8f-8c77-f06affefec6a', 'usr_344');
INSERT INTO trabalho.comentarios_podcast_usuario VALUES ('comment_344_0_2', 'Quaerat fugit libero unde alias totam possimus nostrum.', '168c1536-4c42-4b8f-8c77-f06affefec6a', 'usr_344');
INSERT INTO trabalho.comentarios_podcast_usuario VALUES ('comment_344_1_2', 'Nam dolore ut officia blanditiis voluptatem eum quia totam.', '168c1536-4c42-4b8f-8c77-f06affefec6a', 'usr_344');
INSERT INTO trabalho.log_acesso VALUES ('log_344_0_2', '168c1536-4c42-4b8f-8c77-f06affefec6a', 'usr_344');
INSERT INTO trabalho.log_acesso VALUES ('log_344_1_2', '168c1536-4c42-4b8f-8c77-f06affefec6a', 'usr_344');
INSERT INTO trabalho.log_acesso VALUES ('log_344_2_2', '168c1536-4c42-4b8f-8c77-f06affefec6a', 'usr_344');
INSERT INTO trabalho.log_acesso VALUES ('log_344_3_2', '168c1536-4c42-4b8f-8c77-f06affefec6a', 'usr_344');
INSERT INTO trabalho.log_acesso VALUES ('log_344_4_2', '168c1536-4c42-4b8f-8c77-f06affefec6a', 'usr_344');
INSERT INTO trabalho.usuario VALUES ('usr_345', '345_Jlio.Saraiva68@gmail.com', 'Júlio Saraiva', 'male', 40, 'password', 'Panamá');
INSERT INTO trabalho.usuario_esta_inscrito_no_podcast VALUES (2, '67074e68-bc2f-442b-8af2-7d328b6af6eb', 'usr_345');
INSERT INTO trabalho.comentarios_podcast_usuario VALUES ('comment_345_0_0', 'Non dolores aut.', '67074e68-bc2f-442b-8af2-7d328b6af6eb', 'usr_345');
INSERT INTO trabalho.comentarios_podcast_usuario VALUES ('comment_345_1_0', 'Et sint impedit eos.', '67074e68-bc2f-442b-8af2-7d328b6af6eb', 'usr_345');
INSERT INTO trabalho.log_acesso VALUES ('log_345_0_0', '67074e68-bc2f-442b-8af2-7d328b6af6eb', 'usr_345');
INSERT INTO trabalho.log_acesso VALUES ('log_345_1_0', '67074e68-bc2f-442b-8af2-7d328b6af6eb', 'usr_345');
INSERT INTO trabalho.usuario_esta_inscrito_no_podcast VALUES (4, '168c1536-4c42-4b8f-8c77-f06affefec6a', 'usr_345');
INSERT INTO trabalho.comentarios_podcast_usuario VALUES ('comment_345_0_1', 'Debitis sed qui.', '168c1536-4c42-4b8f-8c77-f06affefec6a', 'usr_345');
INSERT INTO trabalho.comentarios_podcast_usuario VALUES ('comment_345_1_1', 'Et velit debitis.', '168c1536-4c42-4b8f-8c77-f06affefec6a', 'usr_345');
INSERT INTO trabalho.comentarios_podcast_usuario VALUES ('comment_345_2_1', 'Dolor minima odit accusantium ducimus et.', '168c1536-4c42-4b8f-8c77-f06affefec6a', 'usr_345');
INSERT INTO trabalho.log_acesso VALUES ('log_345_0_1', '168c1536-4c42-4b8f-8c77-f06affefec6a', 'usr_345');
INSERT INTO trabalho.log_acesso VALUES ('log_345_1_1', '168c1536-4c42-4b8f-8c77-f06affefec6a', 'usr_345');
INSERT INTO trabalho.log_acesso VALUES ('log_345_2_1', '168c1536-4c42-4b8f-8c77-f06affefec6a', 'usr_345');
INSERT INTO trabalho.usuario_esta_inscrito_no_podcast VALUES (3, 'af46a958-b921-47b6-9f87-5c4fdc68ea79', 'usr_345');
INSERT INTO trabalho.comentarios_podcast_usuario VALUES ('comment_345_0_2', 'Dolorum fuga aspernatur non voluptas reprehenderit iste corporis et aut.', 'af46a958-b921-47b6-9f87-5c4fdc68ea79', 'usr_345');
INSERT INTO trabalho.comentarios_podcast_usuario VALUES ('comment_345_1_2', 'Nihil labore velit.', 'af46a958-b921-47b6-9f87-5c4fdc68ea79', 'usr_345');
INSERT INTO trabalho.comentarios_podcast_usuario VALUES ('comment_345_2_2', 'Rerum ut blanditiis error accusamus porro sequi.', 'af46a958-b921-47b6-9f87-5c4fdc68ea79', 'usr_345');
INSERT INTO trabalho.comentarios_podcast_usuario VALUES ('comment_345_3_2', 'Aspernatur voluptatem quibusdam.', 'af46a958-b921-47b6-9f87-5c4fdc68ea79', 'usr_345');
INSERT INTO trabalho.log_acesso VALUES ('log_345_0_2', 'af46a958-b921-47b6-9f87-5c4fdc68ea79', 'usr_345');
INSERT INTO trabalho.log_acesso VALUES ('log_345_1_2', 'af46a958-b921-47b6-9f87-5c4fdc68ea79', 'usr_345');
INSERT INTO trabalho.log_acesso VALUES ('log_345_2_2', 'af46a958-b921-47b6-9f87-5c4fdc68ea79', 'usr_345');
INSERT INTO trabalho.log_acesso VALUES ('log_345_3_2', 'af46a958-b921-47b6-9f87-5c4fdc68ea79', 'usr_345');
INSERT INTO trabalho.log_acesso VALUES ('log_345_4_2', 'af46a958-b921-47b6-9f87-5c4fdc68ea79', 'usr_345');
INSERT INTO trabalho.usuario VALUES ('usr_346', '346_Lorena29@hotmail.com', 'Lorena Saraiva', 'female', 49, 'password', 'Uzbequistão');
INSERT INTO trabalho.usuario_esta_inscrito_no_podcast VALUES (0, 'af46a958-b921-47b6-9f87-5c4fdc68ea79', 'usr_346');
INSERT INTO trabalho.comentarios_podcast_usuario VALUES ('comment_346_0_0', 'Tenetur deserunt enim distinctio laudantium.', 'af46a958-b921-47b6-9f87-5c4fdc68ea79', 'usr_346');
INSERT INTO trabalho.comentarios_podcast_usuario VALUES ('comment_346_1_0', 'Dolores id quis nostrum est.', 'af46a958-b921-47b6-9f87-5c4fdc68ea79', 'usr_346');
INSERT INTO trabalho.log_acesso VALUES ('log_346_0_0', 'af46a958-b921-47b6-9f87-5c4fdc68ea79', 'usr_346');
INSERT INTO trabalho.log_acesso VALUES ('log_346_1_0', 'af46a958-b921-47b6-9f87-5c4fdc68ea79', 'usr_346');
INSERT INTO trabalho.log_acesso VALUES ('log_346_2_0', 'af46a958-b921-47b6-9f87-5c4fdc68ea79', 'usr_346');
INSERT INTO trabalho.log_acesso VALUES ('log_346_3_0', 'af46a958-b921-47b6-9f87-5c4fdc68ea79', 'usr_346');
INSERT INTO trabalho.usuario_esta_inscrito_no_podcast VALUES (3, '219328a1-cec6-4e8c-b003-52a3ec9766bb', 'usr_346');
INSERT INTO trabalho.comentarios_podcast_usuario VALUES ('comment_346_0_1', 'Veniam nesciunt eius consequatur omnis placeat esse molestias vel.', '219328a1-cec6-4e8c-b003-52a3ec9766bb', 'usr_346');
INSERT INTO trabalho.comentarios_podcast_usuario VALUES ('comment_346_1_1', 'Nam ullam voluptatem nostrum illo dolorum qui.', '219328a1-cec6-4e8c-b003-52a3ec9766bb', 'usr_346');
INSERT INTO trabalho.log_acesso VALUES ('log_346_0_1', '219328a1-cec6-4e8c-b003-52a3ec9766bb', 'usr_346');
INSERT INTO trabalho.log_acesso VALUES ('log_346_1_1', '219328a1-cec6-4e8c-b003-52a3ec9766bb', 'usr_346');
INSERT INTO trabalho.usuario_esta_inscrito_no_podcast VALUES (0, 'bc8dac25-793c-4a96-aafc-4ea7020f4f60', 'usr_346');
INSERT INTO trabalho.comentarios_podcast_usuario VALUES ('comment_346_0_2', 'Est occaecati odio deserunt.', 'bc8dac25-793c-4a96-aafc-4ea7020f4f60', 'usr_346');
INSERT INTO trabalho.comentarios_podcast_usuario VALUES ('comment_346_1_2', 'Est sequi nemo in non alias dolore unde autem et.', 'bc8dac25-793c-4a96-aafc-4ea7020f4f60', 'usr_346');
INSERT INTO trabalho.log_acesso VALUES ('log_346_0_2', 'bc8dac25-793c-4a96-aafc-4ea7020f4f60', 'usr_346');
INSERT INTO trabalho.log_acesso VALUES ('log_346_1_2', 'bc8dac25-793c-4a96-aafc-4ea7020f4f60', 'usr_346');
INSERT INTO trabalho.log_acesso VALUES ('log_346_2_2', 'bc8dac25-793c-4a96-aafc-4ea7020f4f60', 'usr_346');
INSERT INTO trabalho.log_acesso VALUES ('log_346_3_2', 'bc8dac25-793c-4a96-aafc-4ea7020f4f60', 'usr_346');
INSERT INTO trabalho.usuario VALUES ('usr_347', '347_Bernardo0@live.com', 'Bernardo Reis', 'male', 20, 'password', 'Toquelau');
INSERT INTO trabalho.usuario_esta_inscrito_no_podcast VALUES (4, 'bc8dac25-793c-4a96-aafc-4ea7020f4f60', 'usr_347');
INSERT INTO trabalho.comentarios_podcast_usuario VALUES ('comment_347_0_0', 'Labore molestiae reiciendis eos.', 'bc8dac25-793c-4a96-aafc-4ea7020f4f60', 'usr_347');
INSERT INTO trabalho.log_acesso VALUES ('log_347_0_0', 'bc8dac25-793c-4a96-aafc-4ea7020f4f60', 'usr_347');
INSERT INTO trabalho.log_acesso VALUES ('log_347_1_0', 'bc8dac25-793c-4a96-aafc-4ea7020f4f60', 'usr_347');
INSERT INTO trabalho.log_acesso VALUES ('log_347_2_0', 'bc8dac25-793c-4a96-aafc-4ea7020f4f60', 'usr_347');
INSERT INTO trabalho.usuario_esta_inscrito_no_podcast VALUES (5, 'b553d865-8fe2-47de-9a30-10e1dea3bd1d', 'usr_347');
INSERT INTO trabalho.comentarios_podcast_usuario VALUES ('comment_347_0_1', 'Voluptatem veniam facere consequatur qui et inventore.', 'b553d865-8fe2-47de-9a30-10e1dea3bd1d', 'usr_347');
INSERT INTO trabalho.comentarios_podcast_usuario VALUES ('comment_347_1_1', 'Repudiandae fugit ipsum repellendus odio minima.', 'b553d865-8fe2-47de-9a30-10e1dea3bd1d', 'usr_347');
INSERT INTO trabalho.comentarios_podcast_usuario VALUES ('comment_347_2_1', 'Perspiciatis explicabo praesentium non.', 'b553d865-8fe2-47de-9a30-10e1dea3bd1d', 'usr_347');
INSERT INTO trabalho.comentarios_podcast_usuario VALUES ('comment_347_3_1', 'Consequatur laborum in.', 'b553d865-8fe2-47de-9a30-10e1dea3bd1d', 'usr_347');
INSERT INTO trabalho.log_acesso VALUES ('log_347_0_1', 'b553d865-8fe2-47de-9a30-10e1dea3bd1d', 'usr_347');
INSERT INTO trabalho.log_acesso VALUES ('log_347_1_1', 'b553d865-8fe2-47de-9a30-10e1dea3bd1d', 'usr_347');
INSERT INTO trabalho.log_acesso VALUES ('log_347_2_1', 'b553d865-8fe2-47de-9a30-10e1dea3bd1d', 'usr_347');
INSERT INTO trabalho.usuario_esta_inscrito_no_podcast VALUES (0, 'f0166bd2-8e4d-4308-b5d7-0b3d627c5dc5', 'usr_347');
INSERT INTO trabalho.comentarios_podcast_usuario VALUES ('comment_347_0_2', 'Qui incidunt odit reprehenderit voluptatem sed vel animi recusandae.', 'f0166bd2-8e4d-4308-b5d7-0b3d627c5dc5', 'usr_347');
INSERT INTO trabalho.comentarios_podcast_usuario VALUES ('comment_347_1_2', 'Quis itaque aut libero non velit.', 'f0166bd2-8e4d-4308-b5d7-0b3d627c5dc5', 'usr_347');
INSERT INTO trabalho.comentarios_podcast_usuario VALUES ('comment_347_2_2', 'Voluptate qui dolorum minus ipsam totam distinctio voluptatum.', 'f0166bd2-8e4d-4308-b5d7-0b3d627c5dc5', 'usr_347');
INSERT INTO trabalho.comentarios_podcast_usuario VALUES ('comment_347_3_2', 'Nemo quis quis molestiae eum id aut minima possimus.', 'f0166bd2-8e4d-4308-b5d7-0b3d627c5dc5', 'usr_347');
INSERT INTO trabalho.log_acesso VALUES ('log_347_0_2', 'f0166bd2-8e4d-4308-b5d7-0b3d627c5dc5', 'usr_347');
INSERT INTO trabalho.log_acesso VALUES ('log_347_1_2', 'f0166bd2-8e4d-4308-b5d7-0b3d627c5dc5', 'usr_347');
INSERT INTO trabalho.log_acesso VALUES ('log_347_2_2', 'f0166bd2-8e4d-4308-b5d7-0b3d627c5dc5', 'usr_347');
INSERT INTO trabalho.log_acesso VALUES ('log_347_3_2', 'f0166bd2-8e4d-4308-b5d7-0b3d627c5dc5', 'usr_347');
INSERT INTO trabalho.usuario VALUES ('usr_348', '348_Yuri_Albuquerque@hotmail.com', 'Yuri Albuquerque', 'male', 58, 'password', 'Polinésia Francesa');
INSERT INTO trabalho.usuario_esta_inscrito_no_podcast VALUES (4, 'de2f0ddb-9903-436a-a5e2-54224254c818', 'usr_348');
INSERT INTO trabalho.comentarios_podcast_usuario VALUES ('comment_348_0_0', 'Saepe quia ad a.', 'de2f0ddb-9903-436a-a5e2-54224254c818', 'usr_348');
INSERT INTO trabalho.comentarios_podcast_usuario VALUES ('comment_348_1_0', 'Quo quasi vero esse harum unde rerum.', 'de2f0ddb-9903-436a-a5e2-54224254c818', 'usr_348');
INSERT INTO trabalho.comentarios_podcast_usuario VALUES ('comment_348_2_0', 'Ratione error voluptatem eum.', 'de2f0ddb-9903-436a-a5e2-54224254c818', 'usr_348');
INSERT INTO trabalho.comentarios_podcast_usuario VALUES ('comment_348_3_0', 'Quod maxime eligendi nobis suscipit ratione perspiciatis et ipsa.', 'de2f0ddb-9903-436a-a5e2-54224254c818', 'usr_348');
INSERT INTO trabalho.comentarios_podcast_usuario VALUES ('comment_348_4_0', 'Non architecto impedit vero quos.', 'de2f0ddb-9903-436a-a5e2-54224254c818', 'usr_348');
INSERT INTO trabalho.comentarios_podcast_usuario VALUES ('comment_348_5_0', 'Ut consequatur nemo repellendus.', 'de2f0ddb-9903-436a-a5e2-54224254c818', 'usr_348');
INSERT INTO trabalho.log_acesso VALUES ('log_348_0_0', 'de2f0ddb-9903-436a-a5e2-54224254c818', 'usr_348');
INSERT INTO trabalho.log_acesso VALUES ('log_348_1_0', 'de2f0ddb-9903-436a-a5e2-54224254c818', 'usr_348');
INSERT INTO trabalho.log_acesso VALUES ('log_348_2_0', 'de2f0ddb-9903-436a-a5e2-54224254c818', 'usr_348');
INSERT INTO trabalho.log_acesso VALUES ('log_348_3_0', 'de2f0ddb-9903-436a-a5e2-54224254c818', 'usr_348');
INSERT INTO trabalho.log_acesso VALUES ('log_348_4_0', 'de2f0ddb-9903-436a-a5e2-54224254c818', 'usr_348');
INSERT INTO trabalho.log_acesso VALUES ('log_348_5_0', 'de2f0ddb-9903-436a-a5e2-54224254c818', 'usr_348');
INSERT INTO trabalho.log_acesso VALUES ('log_348_6_0', 'de2f0ddb-9903-436a-a5e2-54224254c818', 'usr_348');
INSERT INTO trabalho.usuario_esta_inscrito_no_podcast VALUES (5, 'f0166bd2-8e4d-4308-b5d7-0b3d627c5dc5', 'usr_348');
INSERT INTO trabalho.comentarios_podcast_usuario VALUES ('comment_348_0_1', 'At qui non.', 'f0166bd2-8e4d-4308-b5d7-0b3d627c5dc5', 'usr_348');
INSERT INTO trabalho.comentarios_podcast_usuario VALUES ('comment_348_1_1', 'Ipsa occaecati dolores ut est magnam repellat harum.', 'f0166bd2-8e4d-4308-b5d7-0b3d627c5dc5', 'usr_348');
INSERT INTO trabalho.log_acesso VALUES ('log_348_0_1', 'f0166bd2-8e4d-4308-b5d7-0b3d627c5dc5', 'usr_348');
INSERT INTO trabalho.log_acesso VALUES ('log_348_1_1', 'f0166bd2-8e4d-4308-b5d7-0b3d627c5dc5', 'usr_348');
INSERT INTO trabalho.log_acesso VALUES ('log_348_2_1', 'f0166bd2-8e4d-4308-b5d7-0b3d627c5dc5', 'usr_348');
INSERT INTO trabalho.log_acesso VALUES ('log_348_3_1', 'f0166bd2-8e4d-4308-b5d7-0b3d627c5dc5', 'usr_348');
INSERT INTO trabalho.usuario_esta_inscrito_no_podcast VALUES (1, 'b553d865-8fe2-47de-9a30-10e1dea3bd1d', 'usr_348');
INSERT INTO trabalho.comentarios_podcast_usuario VALUES ('comment_348_0_2', 'Iure ut a ut impedit voluptates consequatur rerum.', 'b553d865-8fe2-47de-9a30-10e1dea3bd1d', 'usr_348');
INSERT INTO trabalho.comentarios_podcast_usuario VALUES ('comment_348_1_2', 'Neque veritatis commodi et.', 'b553d865-8fe2-47de-9a30-10e1dea3bd1d', 'usr_348');
INSERT INTO trabalho.comentarios_podcast_usuario VALUES ('comment_348_2_2', 'Dolorem voluptatem quos molestiae occaecati.', 'b553d865-8fe2-47de-9a30-10e1dea3bd1d', 'usr_348');
INSERT INTO trabalho.comentarios_podcast_usuario VALUES ('comment_348_3_2', 'Et non earum accusantium eum culpa.', 'b553d865-8fe2-47de-9a30-10e1dea3bd1d', 'usr_348');
INSERT INTO trabalho.comentarios_podcast_usuario VALUES ('comment_348_4_2', 'Numquam laboriosam quis porro omnis provident culpa sit necessitatibus vel.', 'b553d865-8fe2-47de-9a30-10e1dea3bd1d', 'usr_348');
INSERT INTO trabalho.comentarios_podcast_usuario VALUES ('comment_348_5_2', 'Optio possimus voluptas omnis sed explicabo qui qui eaque sit.', 'b553d865-8fe2-47de-9a30-10e1dea3bd1d', 'usr_348');
INSERT INTO trabalho.log_acesso VALUES ('log_348_0_2', 'b553d865-8fe2-47de-9a30-10e1dea3bd1d', 'usr_348');
INSERT INTO trabalho.log_acesso VALUES ('log_348_1_2', 'b553d865-8fe2-47de-9a30-10e1dea3bd1d', 'usr_348');
INSERT INTO trabalho.log_acesso VALUES ('log_348_2_2', 'b553d865-8fe2-47de-9a30-10e1dea3bd1d', 'usr_348');
INSERT INTO trabalho.log_acesso VALUES ('log_348_3_2', 'b553d865-8fe2-47de-9a30-10e1dea3bd1d', 'usr_348');
INSERT INTO trabalho.log_acesso VALUES ('log_348_4_2', 'b553d865-8fe2-47de-9a30-10e1dea3bd1d', 'usr_348');
INSERT INTO trabalho.log_acesso VALUES ('log_348_5_2', 'b553d865-8fe2-47de-9a30-10e1dea3bd1d', 'usr_348');
INSERT INTO trabalho.log_acesso VALUES ('log_348_6_2', 'b553d865-8fe2-47de-9a30-10e1dea3bd1d', 'usr_348');
INSERT INTO trabalho.log_acesso VALUES ('log_348_7_2', 'b553d865-8fe2-47de-9a30-10e1dea3bd1d', 'usr_348');
INSERT INTO trabalho.usuario VALUES ('usr_349', '349_Miguel4@yahoo.com', 'Miguel Costa', 'male', 22, 'password', 'Omã');
INSERT INTO trabalho.usuario_esta_inscrito_no_podcast VALUES (4, 'c58b280a-56d4-4ad8-8c85-730e4ea86361', 'usr_349');
INSERT INTO trabalho.comentarios_podcast_usuario VALUES ('comment_349_0_0', 'Harum dolores impedit vero in alias suscipit.', 'c58b280a-56d4-4ad8-8c85-730e4ea86361', 'usr_349');
INSERT INTO trabalho.comentarios_podcast_usuario VALUES ('comment_349_1_0', 'Doloremque omnis non nemo expedita repellat ad maxime et non.', 'c58b280a-56d4-4ad8-8c85-730e4ea86361', 'usr_349');
INSERT INTO trabalho.comentarios_podcast_usuario VALUES ('comment_349_2_0', 'Pariatur voluptatibus fugiat illo consequatur ipsa voluptas aliquid.', 'c58b280a-56d4-4ad8-8c85-730e4ea86361', 'usr_349');
INSERT INTO trabalho.comentarios_podcast_usuario VALUES ('comment_349_3_0', 'Quis minus nisi.', 'c58b280a-56d4-4ad8-8c85-730e4ea86361', 'usr_349');
INSERT INTO trabalho.log_acesso VALUES ('log_349_0_0', 'c58b280a-56d4-4ad8-8c85-730e4ea86361', 'usr_349');
INSERT INTO trabalho.log_acesso VALUES ('log_349_1_0', 'c58b280a-56d4-4ad8-8c85-730e4ea86361', 'usr_349');
INSERT INTO trabalho.usuario_esta_inscrito_no_podcast VALUES (2, 'af46a958-b921-47b6-9f87-5c4fdc68ea79', 'usr_349');
INSERT INTO trabalho.comentarios_podcast_usuario VALUES ('comment_349_0_1', 'Explicabo animi dolor quia.', 'af46a958-b921-47b6-9f87-5c4fdc68ea79', 'usr_349');
INSERT INTO trabalho.comentarios_podcast_usuario VALUES ('comment_349_1_1', 'Quibusdam ipsam consequatur ipsam.', 'af46a958-b921-47b6-9f87-5c4fdc68ea79', 'usr_349');
INSERT INTO trabalho.comentarios_podcast_usuario VALUES ('comment_349_2_1', 'Ut earum placeat harum hic mollitia.', 'af46a958-b921-47b6-9f87-5c4fdc68ea79', 'usr_349');
INSERT INTO trabalho.comentarios_podcast_usuario VALUES ('comment_349_3_1', 'Voluptatem et rerum cumque.', 'af46a958-b921-47b6-9f87-5c4fdc68ea79', 'usr_349');
INSERT INTO trabalho.log_acesso VALUES ('log_349_0_1', 'af46a958-b921-47b6-9f87-5c4fdc68ea79', 'usr_349');
INSERT INTO trabalho.log_acesso VALUES ('log_349_1_1', 'af46a958-b921-47b6-9f87-5c4fdc68ea79', 'usr_349');
INSERT INTO trabalho.usuario_esta_inscrito_no_podcast VALUES (0, '67074e68-bc2f-442b-8af2-7d328b6af6eb', 'usr_349');
INSERT INTO trabalho.comentarios_podcast_usuario VALUES ('comment_349_0_2', 'Blanditiis ipsa non rerum minima.', '67074e68-bc2f-442b-8af2-7d328b6af6eb', 'usr_349');
INSERT INTO trabalho.comentarios_podcast_usuario VALUES ('comment_349_1_2', 'Odit voluptas aut.', '67074e68-bc2f-442b-8af2-7d328b6af6eb', 'usr_349');
INSERT INTO trabalho.comentarios_podcast_usuario VALUES ('comment_349_2_2', 'Quas quisquam repudiandae harum temporibus aspernatur natus.', '67074e68-bc2f-442b-8af2-7d328b6af6eb', 'usr_349');
INSERT INTO trabalho.log_acesso VALUES ('log_349_0_2', '67074e68-bc2f-442b-8af2-7d328b6af6eb', 'usr_349');
INSERT INTO trabalho.log_acesso VALUES ('log_349_1_2', '67074e68-bc2f-442b-8af2-7d328b6af6eb', 'usr_349');
INSERT INTO trabalho.log_acesso VALUES ('log_349_2_2', '67074e68-bc2f-442b-8af2-7d328b6af6eb', 'usr_349');
INSERT INTO trabalho.log_acesso VALUES ('log_349_3_2', '67074e68-bc2f-442b-8af2-7d328b6af6eb', 'usr_349');
INSERT INTO trabalho.log_acesso VALUES ('log_349_4_2', '67074e68-bc2f-442b-8af2-7d328b6af6eb', 'usr_349');
INSERT INTO trabalho.log_acesso VALUES ('log_349_5_2', '67074e68-bc2f-442b-8af2-7d328b6af6eb', 'usr_349');
INSERT INTO trabalho.log_acesso VALUES ('log_349_6_2', '67074e68-bc2f-442b-8af2-7d328b6af6eb', 'usr_349');
INSERT INTO trabalho.usuario VALUES ('usr_350', '350_Flix.Carvalho@gmail.com', 'Félix Carvalho', 'male', 17, 'password', 'Jamaica');
INSERT INTO trabalho.usuario_esta_inscrito_no_podcast VALUES (0, 'bc8dac25-793c-4a96-aafc-4ea7020f4f60', 'usr_350');
INSERT INTO trabalho.comentarios_podcast_usuario VALUES ('comment_350_0_0', 'Veniam vel atque.', 'bc8dac25-793c-4a96-aafc-4ea7020f4f60', 'usr_350');
INSERT INTO trabalho.comentarios_podcast_usuario VALUES ('comment_350_1_0', 'Repudiandae provident illo perspiciatis iste id.', 'bc8dac25-793c-4a96-aafc-4ea7020f4f60', 'usr_350');
INSERT INTO trabalho.comentarios_podcast_usuario VALUES ('comment_350_2_0', 'Sunt excepturi porro quo aliquam saepe pariatur.', 'bc8dac25-793c-4a96-aafc-4ea7020f4f60', 'usr_350');
INSERT INTO trabalho.comentarios_podcast_usuario VALUES ('comment_350_3_0', 'Quo neque velit adipisci autem aut perspiciatis nulla.', 'bc8dac25-793c-4a96-aafc-4ea7020f4f60', 'usr_350');
INSERT INTO trabalho.comentarios_podcast_usuario VALUES ('comment_350_4_0', 'Fugiat ducimus nam.', 'bc8dac25-793c-4a96-aafc-4ea7020f4f60', 'usr_350');
INSERT INTO trabalho.log_acesso VALUES ('log_350_0_0', 'bc8dac25-793c-4a96-aafc-4ea7020f4f60', 'usr_350');
INSERT INTO trabalho.log_acesso VALUES ('log_350_1_0', 'bc8dac25-793c-4a96-aafc-4ea7020f4f60', 'usr_350');
INSERT INTO trabalho.usuario_esta_inscrito_no_podcast VALUES (0, '5bdf7377-8330-4f9f-8efd-e95301c122ce', 'usr_350');
INSERT INTO trabalho.comentarios_podcast_usuario VALUES ('comment_350_0_1', 'Nobis harum eius odit officia consequuntur id neque veniam.', '5bdf7377-8330-4f9f-8efd-e95301c122ce', 'usr_350');
INSERT INTO trabalho.comentarios_podcast_usuario VALUES ('comment_350_1_1', 'Fuga consequatur iste qui ut sint distinctio.', '5bdf7377-8330-4f9f-8efd-e95301c122ce', 'usr_350');
INSERT INTO trabalho.comentarios_podcast_usuario VALUES ('comment_350_2_1', 'Consequatur veniam accusantium.', '5bdf7377-8330-4f9f-8efd-e95301c122ce', 'usr_350');
INSERT INTO trabalho.log_acesso VALUES ('log_350_0_1', '5bdf7377-8330-4f9f-8efd-e95301c122ce', 'usr_350');
INSERT INTO trabalho.log_acesso VALUES ('log_350_1_1', '5bdf7377-8330-4f9f-8efd-e95301c122ce', 'usr_350');
INSERT INTO trabalho.log_acesso VALUES ('log_350_2_1', '5bdf7377-8330-4f9f-8efd-e95301c122ce', 'usr_350');
INSERT INTO trabalho.log_acesso VALUES ('log_350_3_1', '5bdf7377-8330-4f9f-8efd-e95301c122ce', 'usr_350');
INSERT INTO trabalho.usuario_esta_inscrito_no_podcast VALUES (3, '168c1536-4c42-4b8f-8c77-f06affefec6a', 'usr_350');
INSERT INTO trabalho.comentarios_podcast_usuario VALUES ('comment_350_0_2', 'Id aut voluptas pariatur veritatis sunt est.', '168c1536-4c42-4b8f-8c77-f06affefec6a', 'usr_350');
INSERT INTO trabalho.comentarios_podcast_usuario VALUES ('comment_350_1_2', 'Cumque beatae ratione.', '168c1536-4c42-4b8f-8c77-f06affefec6a', 'usr_350');
INSERT INTO trabalho.comentarios_podcast_usuario VALUES ('comment_350_2_2', 'Dolorem esse et dolor exercitationem nihil.', '168c1536-4c42-4b8f-8c77-f06affefec6a', 'usr_350');
INSERT INTO trabalho.log_acesso VALUES ('log_350_0_2', '168c1536-4c42-4b8f-8c77-f06affefec6a', 'usr_350');
INSERT INTO trabalho.log_acesso VALUES ('log_350_1_2', '168c1536-4c42-4b8f-8c77-f06affefec6a', 'usr_350');
INSERT INTO trabalho.log_acesso VALUES ('log_350_2_2', '168c1536-4c42-4b8f-8c77-f06affefec6a', 'usr_350');
INSERT INTO trabalho.usuario VALUES ('usr_351', '351_Isabel_Franco@hotmail.com', 'Isabel Franco', 'female', 46, 'password', 'Tanzânia');
INSERT INTO trabalho.usuario_esta_inscrito_no_podcast VALUES (0, 'af46a958-b921-47b6-9f87-5c4fdc68ea79', 'usr_351');
INSERT INTO trabalho.comentarios_podcast_usuario VALUES ('comment_351_0_0', 'At vel reprehenderit veniam.', 'af46a958-b921-47b6-9f87-5c4fdc68ea79', 'usr_351');
INSERT INTO trabalho.comentarios_podcast_usuario VALUES ('comment_351_1_0', 'Delectus mollitia fuga amet minus accusantium voluptas.', 'af46a958-b921-47b6-9f87-5c4fdc68ea79', 'usr_351');
INSERT INTO trabalho.comentarios_podcast_usuario VALUES ('comment_351_2_0', 'Et quia id quia natus deleniti.', 'af46a958-b921-47b6-9f87-5c4fdc68ea79', 'usr_351');
INSERT INTO trabalho.comentarios_podcast_usuario VALUES ('comment_351_3_0', 'Qui velit maiores officiis rerum possimus rerum.', 'af46a958-b921-47b6-9f87-5c4fdc68ea79', 'usr_351');
INSERT INTO trabalho.comentarios_podcast_usuario VALUES ('comment_351_4_0', 'Doloremque et vero eaque cum.', 'af46a958-b921-47b6-9f87-5c4fdc68ea79', 'usr_351');
INSERT INTO trabalho.log_acesso VALUES ('log_351_0_0', 'af46a958-b921-47b6-9f87-5c4fdc68ea79', 'usr_351');
INSERT INTO trabalho.log_acesso VALUES ('log_351_1_0', 'af46a958-b921-47b6-9f87-5c4fdc68ea79', 'usr_351');
INSERT INTO trabalho.log_acesso VALUES ('log_351_2_0', 'af46a958-b921-47b6-9f87-5c4fdc68ea79', 'usr_351');
INSERT INTO trabalho.log_acesso VALUES ('log_351_3_0', 'af46a958-b921-47b6-9f87-5c4fdc68ea79', 'usr_351');
INSERT INTO trabalho.usuario_esta_inscrito_no_podcast VALUES (1, 'fa3abe16-3645-4d22-a01d-893e6f20c408', 'usr_351');
INSERT INTO trabalho.comentarios_podcast_usuario VALUES ('comment_351_0_1', 'Magni impedit odit voluptas cum laudantium deleniti.', 'fa3abe16-3645-4d22-a01d-893e6f20c408', 'usr_351');
INSERT INTO trabalho.comentarios_podcast_usuario VALUES ('comment_351_1_1', 'Nemo provident quod rerum aliquid et distinctio quia dolores non.', 'fa3abe16-3645-4d22-a01d-893e6f20c408', 'usr_351');
INSERT INTO trabalho.log_acesso VALUES ('log_351_0_1', 'fa3abe16-3645-4d22-a01d-893e6f20c408', 'usr_351');
INSERT INTO trabalho.log_acesso VALUES ('log_351_1_1', 'fa3abe16-3645-4d22-a01d-893e6f20c408', 'usr_351');
INSERT INTO trabalho.usuario_esta_inscrito_no_podcast VALUES (5, '219328a1-cec6-4e8c-b003-52a3ec9766bb', 'usr_351');
INSERT INTO trabalho.comentarios_podcast_usuario VALUES ('comment_351_0_2', 'Praesentium quisquam dolor molestias aut nam deserunt minus.', '219328a1-cec6-4e8c-b003-52a3ec9766bb', 'usr_351');
INSERT INTO trabalho.comentarios_podcast_usuario VALUES ('comment_351_1_2', 'Doloribus sunt error dolore totam quasi voluptatum.', '219328a1-cec6-4e8c-b003-52a3ec9766bb', 'usr_351');
INSERT INTO trabalho.log_acesso VALUES ('log_351_0_2', '219328a1-cec6-4e8c-b003-52a3ec9766bb', 'usr_351');
INSERT INTO trabalho.log_acesso VALUES ('log_351_1_2', '219328a1-cec6-4e8c-b003-52a3ec9766bb', 'usr_351');
INSERT INTO trabalho.usuario VALUES ('usr_352', '352_Cau.Saraiva@gmail.com', 'Cauã Saraiva', 'male', 13, 'password', 'Congo');
INSERT INTO trabalho.usuario_esta_inscrito_no_podcast VALUES (5, 'f0166bd2-8e4d-4308-b5d7-0b3d627c5dc5', 'usr_352');
INSERT INTO trabalho.comentarios_podcast_usuario VALUES ('comment_352_0_0', 'Et in repellendus neque deleniti voluptatem.', 'f0166bd2-8e4d-4308-b5d7-0b3d627c5dc5', 'usr_352');
INSERT INTO trabalho.comentarios_podcast_usuario VALUES ('comment_352_1_0', 'Ab eum labore officia.', 'f0166bd2-8e4d-4308-b5d7-0b3d627c5dc5', 'usr_352');
INSERT INTO trabalho.comentarios_podcast_usuario VALUES ('comment_352_2_0', 'Doloremque odit eligendi aut rerum explicabo est hic quam.', 'f0166bd2-8e4d-4308-b5d7-0b3d627c5dc5', 'usr_352');
INSERT INTO trabalho.comentarios_podcast_usuario VALUES ('comment_352_3_0', 'Voluptate possimus repellat et.', 'f0166bd2-8e4d-4308-b5d7-0b3d627c5dc5', 'usr_352');
INSERT INTO trabalho.log_acesso VALUES ('log_352_0_0', 'f0166bd2-8e4d-4308-b5d7-0b3d627c5dc5', 'usr_352');
INSERT INTO trabalho.log_acesso VALUES ('log_352_1_0', 'f0166bd2-8e4d-4308-b5d7-0b3d627c5dc5', 'usr_352');
INSERT INTO trabalho.log_acesso VALUES ('log_352_2_0', 'f0166bd2-8e4d-4308-b5d7-0b3d627c5dc5', 'usr_352');
INSERT INTO trabalho.log_acesso VALUES ('log_352_3_0', 'f0166bd2-8e4d-4308-b5d7-0b3d627c5dc5', 'usr_352');
INSERT INTO trabalho.usuario_esta_inscrito_no_podcast VALUES (2, 'b553d865-8fe2-47de-9a30-10e1dea3bd1d', 'usr_352');
INSERT INTO trabalho.comentarios_podcast_usuario VALUES ('comment_352_0_1', 'Harum architecto soluta itaque unde quae est officiis sapiente.', 'b553d865-8fe2-47de-9a30-10e1dea3bd1d', 'usr_352');
INSERT INTO trabalho.comentarios_podcast_usuario VALUES ('comment_352_1_1', 'Consequatur consequuntur voluptas velit.', 'b553d865-8fe2-47de-9a30-10e1dea3bd1d', 'usr_352');
INSERT INTO trabalho.comentarios_podcast_usuario VALUES ('comment_352_2_1', 'Odit rerum possimus voluptatem consequatur vitae amet maiores quis omnis.', 'b553d865-8fe2-47de-9a30-10e1dea3bd1d', 'usr_352');
INSERT INTO trabalho.log_acesso VALUES ('log_352_0_1', 'b553d865-8fe2-47de-9a30-10e1dea3bd1d', 'usr_352');
INSERT INTO trabalho.log_acesso VALUES ('log_352_1_1', 'b553d865-8fe2-47de-9a30-10e1dea3bd1d', 'usr_352');
INSERT INTO trabalho.log_acesso VALUES ('log_352_2_1', 'b553d865-8fe2-47de-9a30-10e1dea3bd1d', 'usr_352');
INSERT INTO trabalho.usuario_esta_inscrito_no_podcast VALUES (3, '7e429e8e-7669-403d-bb78-3cd7f9f75afd', 'usr_352');
INSERT INTO trabalho.comentarios_podcast_usuario VALUES ('comment_352_0_2', 'Ullam tempore nihil et qui repellat ratione nam alias.', '7e429e8e-7669-403d-bb78-3cd7f9f75afd', 'usr_352');
INSERT INTO trabalho.comentarios_podcast_usuario VALUES ('comment_352_1_2', 'Repellat assumenda unde voluptatem ea eaque consectetur asperiores exercitationem.', '7e429e8e-7669-403d-bb78-3cd7f9f75afd', 'usr_352');
INSERT INTO trabalho.log_acesso VALUES ('log_352_0_2', '7e429e8e-7669-403d-bb78-3cd7f9f75afd', 'usr_352');
INSERT INTO trabalho.log_acesso VALUES ('log_352_1_2', '7e429e8e-7669-403d-bb78-3cd7f9f75afd', 'usr_352');
INSERT INTO trabalho.log_acesso VALUES ('log_352_2_2', '7e429e8e-7669-403d-bb78-3cd7f9f75afd', 'usr_352');
INSERT INTO trabalho.usuario VALUES ('usr_353', '353_JooMiguel_Barros86@hotmail.com', 'João Miguel Barros', 'male', 20, 'password', 'Seicheles');
INSERT INTO trabalho.usuario_esta_inscrito_no_podcast VALUES (1, '219328a1-cec6-4e8c-b003-52a3ec9766bb', 'usr_353');
INSERT INTO trabalho.comentarios_podcast_usuario VALUES ('comment_353_0_0', 'Labore ex odio vel odio itaque ad recusandae commodi occaecati.', '219328a1-cec6-4e8c-b003-52a3ec9766bb', 'usr_353');
INSERT INTO trabalho.comentarios_podcast_usuario VALUES ('comment_353_1_0', 'Reprehenderit facere quam culpa laudantium odio necessitatibus et.', '219328a1-cec6-4e8c-b003-52a3ec9766bb', 'usr_353');
INSERT INTO trabalho.comentarios_podcast_usuario VALUES ('comment_353_2_0', 'Culpa molestiae eligendi et architecto.', '219328a1-cec6-4e8c-b003-52a3ec9766bb', 'usr_353');
INSERT INTO trabalho.comentarios_podcast_usuario VALUES ('comment_353_3_0', 'Ex natus asperiores aut similique enim incidunt eveniet molestiae.', '219328a1-cec6-4e8c-b003-52a3ec9766bb', 'usr_353');
INSERT INTO trabalho.log_acesso VALUES ('log_353_0_0', '219328a1-cec6-4e8c-b003-52a3ec9766bb', 'usr_353');
INSERT INTO trabalho.log_acesso VALUES ('log_353_1_0', '219328a1-cec6-4e8c-b003-52a3ec9766bb', 'usr_353');
INSERT INTO trabalho.usuario_esta_inscrito_no_podcast VALUES (4, 'fa3abe16-3645-4d22-a01d-893e6f20c408', 'usr_353');
INSERT INTO trabalho.comentarios_podcast_usuario VALUES ('comment_353_0_1', 'Voluptatem a omnis in at nobis optio nisi.', 'fa3abe16-3645-4d22-a01d-893e6f20c408', 'usr_353');
INSERT INTO trabalho.comentarios_podcast_usuario VALUES ('comment_353_1_1', 'Et officia dolor est reiciendis veritatis eaque.', 'fa3abe16-3645-4d22-a01d-893e6f20c408', 'usr_353');
INSERT INTO trabalho.comentarios_podcast_usuario VALUES ('comment_353_2_1', 'Temporibus quasi beatae aspernatur voluptatum at aut at.', 'fa3abe16-3645-4d22-a01d-893e6f20c408', 'usr_353');
INSERT INTO trabalho.comentarios_podcast_usuario VALUES ('comment_353_3_1', 'Voluptatem sequi consectetur sapiente expedita enim.', 'fa3abe16-3645-4d22-a01d-893e6f20c408', 'usr_353');
INSERT INTO trabalho.log_acesso VALUES ('log_353_0_1', 'fa3abe16-3645-4d22-a01d-893e6f20c408', 'usr_353');
INSERT INTO trabalho.usuario_esta_inscrito_no_podcast VALUES (2, '7e429e8e-7669-403d-bb78-3cd7f9f75afd', 'usr_353');
INSERT INTO trabalho.comentarios_podcast_usuario VALUES ('comment_353_0_2', 'Et sunt reprehenderit aut minus omnis qui magni aut.', '7e429e8e-7669-403d-bb78-3cd7f9f75afd', 'usr_353');
INSERT INTO trabalho.comentarios_podcast_usuario VALUES ('comment_353_1_2', 'Consectetur recusandae mollitia et omnis praesentium ut.', '7e429e8e-7669-403d-bb78-3cd7f9f75afd', 'usr_353');
INSERT INTO trabalho.comentarios_podcast_usuario VALUES ('comment_353_2_2', 'Rem quo temporibus molestiae autem voluptatum sunt nobis ratione.', '7e429e8e-7669-403d-bb78-3cd7f9f75afd', 'usr_353');
INSERT INTO trabalho.log_acesso VALUES ('log_353_0_2', '7e429e8e-7669-403d-bb78-3cd7f9f75afd', 'usr_353');
INSERT INTO trabalho.log_acesso VALUES ('log_353_1_2', '7e429e8e-7669-403d-bb78-3cd7f9f75afd', 'usr_353');
INSERT INTO trabalho.usuario VALUES ('usr_354', '354_Gbio_Oliveira@live.com', 'Gúbio Oliveira', 'male', 59, 'password', 'Suécia');
INSERT INTO trabalho.usuario_esta_inscrito_no_podcast VALUES (3, 'de2f0ddb-9903-436a-a5e2-54224254c818', 'usr_354');
INSERT INTO trabalho.comentarios_podcast_usuario VALUES ('comment_354_0_0', 'Alias animi eaque minus quo illum esse sunt debitis error.', 'de2f0ddb-9903-436a-a5e2-54224254c818', 'usr_354');
INSERT INTO trabalho.comentarios_podcast_usuario VALUES ('comment_354_1_0', 'Soluta suscipit praesentium magnam molestias omnis assumenda.', 'de2f0ddb-9903-436a-a5e2-54224254c818', 'usr_354');
INSERT INTO trabalho.comentarios_podcast_usuario VALUES ('comment_354_2_0', 'Placeat nobis fugiat quidem doloribus laboriosam expedita voluptas quaerat.', 'de2f0ddb-9903-436a-a5e2-54224254c818', 'usr_354');
INSERT INTO trabalho.comentarios_podcast_usuario VALUES ('comment_354_3_0', 'Fuga velit delectus.', 'de2f0ddb-9903-436a-a5e2-54224254c818', 'usr_354');
INSERT INTO trabalho.log_acesso VALUES ('log_354_0_0', 'de2f0ddb-9903-436a-a5e2-54224254c818', 'usr_354');
INSERT INTO trabalho.usuario_esta_inscrito_no_podcast VALUES (5, 'fa3abe16-3645-4d22-a01d-893e6f20c408', 'usr_354');
INSERT INTO trabalho.comentarios_podcast_usuario VALUES ('comment_354_0_1', 'Magni sit earum autem.', 'fa3abe16-3645-4d22-a01d-893e6f20c408', 'usr_354');
INSERT INTO trabalho.comentarios_podcast_usuario VALUES ('comment_354_1_1', 'Aspernatur quidem soluta dolores mollitia necessitatibus culpa cupiditate facere ut.', 'fa3abe16-3645-4d22-a01d-893e6f20c408', 'usr_354');
INSERT INTO trabalho.log_acesso VALUES ('log_354_0_1', 'fa3abe16-3645-4d22-a01d-893e6f20c408', 'usr_354');
INSERT INTO trabalho.log_acesso VALUES ('log_354_1_1', 'fa3abe16-3645-4d22-a01d-893e6f20c408', 'usr_354');
INSERT INTO trabalho.log_acesso VALUES ('log_354_2_1', 'fa3abe16-3645-4d22-a01d-893e6f20c408', 'usr_354');
INSERT INTO trabalho.log_acesso VALUES ('log_354_3_1', 'fa3abe16-3645-4d22-a01d-893e6f20c408', 'usr_354');
INSERT INTO trabalho.log_acesso VALUES ('log_354_4_1', 'fa3abe16-3645-4d22-a01d-893e6f20c408', 'usr_354');
INSERT INTO trabalho.usuario_esta_inscrito_no_podcast VALUES (3, 'f8e13774-d631-4f34-93f0-2f5d55590265', 'usr_354');
INSERT INTO trabalho.comentarios_podcast_usuario VALUES ('comment_354_0_2', 'In suscipit corporis praesentium.', 'f8e13774-d631-4f34-93f0-2f5d55590265', 'usr_354');
INSERT INTO trabalho.comentarios_podcast_usuario VALUES ('comment_354_1_2', 'Ut laudantium sed aspernatur eligendi fugit quaerat.', 'f8e13774-d631-4f34-93f0-2f5d55590265', 'usr_354');
INSERT INTO trabalho.comentarios_podcast_usuario VALUES ('comment_354_2_2', 'Voluptatum eum eaque dicta quo omnis sed voluptas.', 'f8e13774-d631-4f34-93f0-2f5d55590265', 'usr_354');
INSERT INTO trabalho.log_acesso VALUES ('log_354_0_2', 'f8e13774-d631-4f34-93f0-2f5d55590265', 'usr_354');
INSERT INTO trabalho.log_acesso VALUES ('log_354_1_2', 'f8e13774-d631-4f34-93f0-2f5d55590265', 'usr_354');
INSERT INTO trabalho.log_acesso VALUES ('log_354_2_2', 'f8e13774-d631-4f34-93f0-2f5d55590265', 'usr_354');
INSERT INTO trabalho.log_acesso VALUES ('log_354_3_2', 'f8e13774-d631-4f34-93f0-2f5d55590265', 'usr_354');
INSERT INTO trabalho.log_acesso VALUES ('log_354_4_2', 'f8e13774-d631-4f34-93f0-2f5d55590265', 'usr_354');
INSERT INTO trabalho.log_acesso VALUES ('log_354_5_2', 'f8e13774-d631-4f34-93f0-2f5d55590265', 'usr_354');
INSERT INTO trabalho.log_acesso VALUES ('log_354_6_2', 'f8e13774-d631-4f34-93f0-2f5d55590265', 'usr_354');
INSERT INTO trabalho.usuario VALUES ('usr_355', '355_Alessandra_Macedo@live.com', 'Alessandra Macedo', 'female', 34, 'password', 'Argentina');
INSERT INTO trabalho.usuario_esta_inscrito_no_podcast VALUES (2, 'af46a958-b921-47b6-9f87-5c4fdc68ea79', 'usr_355');
INSERT INTO trabalho.comentarios_podcast_usuario VALUES ('comment_355_0_0', 'Nihil qui neque aut perferendis tenetur.', 'af46a958-b921-47b6-9f87-5c4fdc68ea79', 'usr_355');
INSERT INTO trabalho.comentarios_podcast_usuario VALUES ('comment_355_1_0', 'Consequatur recusandae sed.', 'af46a958-b921-47b6-9f87-5c4fdc68ea79', 'usr_355');
INSERT INTO trabalho.comentarios_podcast_usuario VALUES ('comment_355_2_0', 'Ea nobis repellat repellat.', 'af46a958-b921-47b6-9f87-5c4fdc68ea79', 'usr_355');
INSERT INTO trabalho.comentarios_podcast_usuario VALUES ('comment_355_3_0', 'Ab velit eum voluptatem.', 'af46a958-b921-47b6-9f87-5c4fdc68ea79', 'usr_355');
INSERT INTO trabalho.log_acesso VALUES ('log_355_0_0', 'af46a958-b921-47b6-9f87-5c4fdc68ea79', 'usr_355');
INSERT INTO trabalho.log_acesso VALUES ('log_355_1_0', 'af46a958-b921-47b6-9f87-5c4fdc68ea79', 'usr_355');
INSERT INTO trabalho.log_acesso VALUES ('log_355_2_0', 'af46a958-b921-47b6-9f87-5c4fdc68ea79', 'usr_355');
INSERT INTO trabalho.log_acesso VALUES ('log_355_3_0', 'af46a958-b921-47b6-9f87-5c4fdc68ea79', 'usr_355');
INSERT INTO trabalho.usuario_esta_inscrito_no_podcast VALUES (4, '67074e68-bc2f-442b-8af2-7d328b6af6eb', 'usr_355');
INSERT INTO trabalho.comentarios_podcast_usuario VALUES ('comment_355_0_1', 'Voluptates in modi unde qui quas.', '67074e68-bc2f-442b-8af2-7d328b6af6eb', 'usr_355');
INSERT INTO trabalho.log_acesso VALUES ('log_355_0_1', '67074e68-bc2f-442b-8af2-7d328b6af6eb', 'usr_355');
INSERT INTO trabalho.log_acesso VALUES ('log_355_1_1', '67074e68-bc2f-442b-8af2-7d328b6af6eb', 'usr_355');
INSERT INTO trabalho.log_acesso VALUES ('log_355_2_1', '67074e68-bc2f-442b-8af2-7d328b6af6eb', 'usr_355');
INSERT INTO trabalho.usuario_esta_inscrito_no_podcast VALUES (2, '7e429e8e-7669-403d-bb78-3cd7f9f75afd', 'usr_355');
INSERT INTO trabalho.comentarios_podcast_usuario VALUES ('comment_355_0_2', 'Aut consequatur dolor molestias iure tempore iure adipisci.', '7e429e8e-7669-403d-bb78-3cd7f9f75afd', 'usr_355');
INSERT INTO trabalho.comentarios_podcast_usuario VALUES ('comment_355_1_2', 'Voluptatem sed consequatur.', '7e429e8e-7669-403d-bb78-3cd7f9f75afd', 'usr_355');
INSERT INTO trabalho.comentarios_podcast_usuario VALUES ('comment_355_2_2', 'Eum assumenda quod neque dolores.', '7e429e8e-7669-403d-bb78-3cd7f9f75afd', 'usr_355');
INSERT INTO trabalho.log_acesso VALUES ('log_355_0_2', '7e429e8e-7669-403d-bb78-3cd7f9f75afd', 'usr_355');
INSERT INTO trabalho.log_acesso VALUES ('log_355_1_2', '7e429e8e-7669-403d-bb78-3cd7f9f75afd', 'usr_355');
INSERT INTO trabalho.log_acesso VALUES ('log_355_2_2', '7e429e8e-7669-403d-bb78-3cd7f9f75afd', 'usr_355');
INSERT INTO trabalho.log_acesso VALUES ('log_355_3_2', '7e429e8e-7669-403d-bb78-3cd7f9f75afd', 'usr_355');
INSERT INTO trabalho.usuario VALUES ('usr_356', '356_Nbia60@yahoo.com', 'Núbia Costa', 'female', 15, 'password', 'São Pedro e Miquelão');
INSERT INTO trabalho.usuario_esta_inscrito_no_podcast VALUES (1, '219328a1-cec6-4e8c-b003-52a3ec9766bb', 'usr_356');
INSERT INTO trabalho.comentarios_podcast_usuario VALUES ('comment_356_0_0', 'Fugiat repellendus atque in voluptate similique aspernatur aut ipsum.', '219328a1-cec6-4e8c-b003-52a3ec9766bb', 'usr_356');
INSERT INTO trabalho.comentarios_podcast_usuario VALUES ('comment_356_1_0', 'Sit facilis nihil vitae voluptatem ex ratione modi nulla.', '219328a1-cec6-4e8c-b003-52a3ec9766bb', 'usr_356');
INSERT INTO trabalho.log_acesso VALUES ('log_356_0_0', '219328a1-cec6-4e8c-b003-52a3ec9766bb', 'usr_356');
INSERT INTO trabalho.log_acesso VALUES ('log_356_1_0', '219328a1-cec6-4e8c-b003-52a3ec9766bb', 'usr_356');
INSERT INTO trabalho.log_acesso VALUES ('log_356_2_0', '219328a1-cec6-4e8c-b003-52a3ec9766bb', 'usr_356');
INSERT INTO trabalho.log_acesso VALUES ('log_356_3_0', '219328a1-cec6-4e8c-b003-52a3ec9766bb', 'usr_356');
INSERT INTO trabalho.usuario_esta_inscrito_no_podcast VALUES (4, '168c1536-4c42-4b8f-8c77-f06affefec6a', 'usr_356');
INSERT INTO trabalho.comentarios_podcast_usuario VALUES ('comment_356_0_1', 'Velit minima ut.', '168c1536-4c42-4b8f-8c77-f06affefec6a', 'usr_356');
INSERT INTO trabalho.comentarios_podcast_usuario VALUES ('comment_356_1_1', 'Quia et saepe et quod animi ratione rerum dolores.', '168c1536-4c42-4b8f-8c77-f06affefec6a', 'usr_356');
INSERT INTO trabalho.log_acesso VALUES ('log_356_0_1', '168c1536-4c42-4b8f-8c77-f06affefec6a', 'usr_356');
INSERT INTO trabalho.log_acesso VALUES ('log_356_1_1', '168c1536-4c42-4b8f-8c77-f06affefec6a', 'usr_356');
INSERT INTO trabalho.log_acesso VALUES ('log_356_2_1', '168c1536-4c42-4b8f-8c77-f06affefec6a', 'usr_356');
INSERT INTO trabalho.log_acesso VALUES ('log_356_3_1', '168c1536-4c42-4b8f-8c77-f06affefec6a', 'usr_356');
INSERT INTO trabalho.log_acesso VALUES ('log_356_4_1', '168c1536-4c42-4b8f-8c77-f06affefec6a', 'usr_356');
INSERT INTO trabalho.usuario_esta_inscrito_no_podcast VALUES (2, 'b553d865-8fe2-47de-9a30-10e1dea3bd1d', 'usr_356');
INSERT INTO trabalho.comentarios_podcast_usuario VALUES ('comment_356_0_2', 'Quia cumque illum nostrum reprehenderit sunt sint veniam et.', 'b553d865-8fe2-47de-9a30-10e1dea3bd1d', 'usr_356');
INSERT INTO trabalho.comentarios_podcast_usuario VALUES ('comment_356_1_2', 'Tempore blanditiis ex eum alias.', 'b553d865-8fe2-47de-9a30-10e1dea3bd1d', 'usr_356');
INSERT INTO trabalho.comentarios_podcast_usuario VALUES ('comment_356_2_2', 'Placeat quas aliquam.', 'b553d865-8fe2-47de-9a30-10e1dea3bd1d', 'usr_356');
INSERT INTO trabalho.log_acesso VALUES ('log_356_0_2', 'b553d865-8fe2-47de-9a30-10e1dea3bd1d', 'usr_356');
INSERT INTO trabalho.log_acesso VALUES ('log_356_1_2', 'b553d865-8fe2-47de-9a30-10e1dea3bd1d', 'usr_356');
INSERT INTO trabalho.usuario VALUES ('usr_357', '357_Giovanna_Silva51@bol.com.br', 'Giovanna Silva', 'female', 27, 'password', 'Senegal');
INSERT INTO trabalho.usuario_esta_inscrito_no_podcast VALUES (3, 'c58b280a-56d4-4ad8-8c85-730e4ea86361', 'usr_357');
INSERT INTO trabalho.comentarios_podcast_usuario VALUES ('comment_357_0_0', 'Et provident nihil eum perferendis quo aut.', 'c58b280a-56d4-4ad8-8c85-730e4ea86361', 'usr_357');
INSERT INTO trabalho.comentarios_podcast_usuario VALUES ('comment_357_1_0', 'In quibusdam aut.', 'c58b280a-56d4-4ad8-8c85-730e4ea86361', 'usr_357');
INSERT INTO trabalho.comentarios_podcast_usuario VALUES ('comment_357_2_0', 'Dolor eius mollitia consequuntur deserunt animi consectetur nostrum omnis.', 'c58b280a-56d4-4ad8-8c85-730e4ea86361', 'usr_357');
INSERT INTO trabalho.log_acesso VALUES ('log_357_0_0', 'c58b280a-56d4-4ad8-8c85-730e4ea86361', 'usr_357');
INSERT INTO trabalho.log_acesso VALUES ('log_357_1_0', 'c58b280a-56d4-4ad8-8c85-730e4ea86361', 'usr_357');
INSERT INTO trabalho.log_acesso VALUES ('log_357_2_0', 'c58b280a-56d4-4ad8-8c85-730e4ea86361', 'usr_357');
INSERT INTO trabalho.log_acesso VALUES ('log_357_3_0', 'c58b280a-56d4-4ad8-8c85-730e4ea86361', 'usr_357');
INSERT INTO trabalho.usuario_esta_inscrito_no_podcast VALUES (3, 'b553d865-8fe2-47de-9a30-10e1dea3bd1d', 'usr_357');
INSERT INTO trabalho.comentarios_podcast_usuario VALUES ('comment_357_0_1', 'Atque adipisci iste voluptatem magni possimus ipsum tenetur exercitationem.', 'b553d865-8fe2-47de-9a30-10e1dea3bd1d', 'usr_357');
INSERT INTO trabalho.comentarios_podcast_usuario VALUES ('comment_357_1_1', 'Culpa nulla hic nemo et sequi eos consequatur quia.', 'b553d865-8fe2-47de-9a30-10e1dea3bd1d', 'usr_357');
INSERT INTO trabalho.log_acesso VALUES ('log_357_0_1', 'b553d865-8fe2-47de-9a30-10e1dea3bd1d', 'usr_357');
INSERT INTO trabalho.log_acesso VALUES ('log_357_1_1', 'b553d865-8fe2-47de-9a30-10e1dea3bd1d', 'usr_357');
INSERT INTO trabalho.log_acesso VALUES ('log_357_2_1', 'b553d865-8fe2-47de-9a30-10e1dea3bd1d', 'usr_357');
INSERT INTO trabalho.usuario_esta_inscrito_no_podcast VALUES (2, '67074e68-bc2f-442b-8af2-7d328b6af6eb', 'usr_357');
INSERT INTO trabalho.comentarios_podcast_usuario VALUES ('comment_357_0_2', 'Non cumque placeat pariatur deleniti beatae.', '67074e68-bc2f-442b-8af2-7d328b6af6eb', 'usr_357');
INSERT INTO trabalho.comentarios_podcast_usuario VALUES ('comment_357_1_2', 'Sit sed ipsam inventore et fugiat.', '67074e68-bc2f-442b-8af2-7d328b6af6eb', 'usr_357');
INSERT INTO trabalho.comentarios_podcast_usuario VALUES ('comment_357_2_2', 'Voluptatem enim dolor voluptate fugit.', '67074e68-bc2f-442b-8af2-7d328b6af6eb', 'usr_357');
INSERT INTO trabalho.comentarios_podcast_usuario VALUES ('comment_357_3_2', 'Autem non qui eum nostrum.', '67074e68-bc2f-442b-8af2-7d328b6af6eb', 'usr_357');
INSERT INTO trabalho.comentarios_podcast_usuario VALUES ('comment_357_4_2', 'Perferendis repellendus voluptatum accusantium adipisci.', '67074e68-bc2f-442b-8af2-7d328b6af6eb', 'usr_357');
INSERT INTO trabalho.log_acesso VALUES ('log_357_0_2', '67074e68-bc2f-442b-8af2-7d328b6af6eb', 'usr_357');
INSERT INTO trabalho.usuario VALUES ('usr_358', '358_Gabriel_Batista@yahoo.com', 'Gabriel Batista', 'male', 9, 'password', 'Coreia do Sul');
INSERT INTO trabalho.usuario_esta_inscrito_no_podcast VALUES (2, 'f0166bd2-8e4d-4308-b5d7-0b3d627c5dc5', 'usr_358');
INSERT INTO trabalho.comentarios_podcast_usuario VALUES ('comment_358_0_0', 'Minus animi tenetur rem.', 'f0166bd2-8e4d-4308-b5d7-0b3d627c5dc5', 'usr_358');
INSERT INTO trabalho.comentarios_podcast_usuario VALUES ('comment_358_1_0', 'Quis expedita est.', 'f0166bd2-8e4d-4308-b5d7-0b3d627c5dc5', 'usr_358');
INSERT INTO trabalho.comentarios_podcast_usuario VALUES ('comment_358_2_0', 'Inventore aut ipsum aut autem maxime dolore.', 'f0166bd2-8e4d-4308-b5d7-0b3d627c5dc5', 'usr_358');
INSERT INTO trabalho.log_acesso VALUES ('log_358_0_0', 'f0166bd2-8e4d-4308-b5d7-0b3d627c5dc5', 'usr_358');
INSERT INTO trabalho.log_acesso VALUES ('log_358_1_0', 'f0166bd2-8e4d-4308-b5d7-0b3d627c5dc5', 'usr_358');
INSERT INTO trabalho.log_acesso VALUES ('log_358_2_0', 'f0166bd2-8e4d-4308-b5d7-0b3d627c5dc5', 'usr_358');
INSERT INTO trabalho.log_acesso VALUES ('log_358_3_0', 'f0166bd2-8e4d-4308-b5d7-0b3d627c5dc5', 'usr_358');
INSERT INTO trabalho.log_acesso VALUES ('log_358_4_0', 'f0166bd2-8e4d-4308-b5d7-0b3d627c5dc5', 'usr_358');
INSERT INTO trabalho.log_acesso VALUES ('log_358_5_0', 'f0166bd2-8e4d-4308-b5d7-0b3d627c5dc5', 'usr_358');
INSERT INTO trabalho.usuario_esta_inscrito_no_podcast VALUES (1, '7e429e8e-7669-403d-bb78-3cd7f9f75afd', 'usr_358');
INSERT INTO trabalho.comentarios_podcast_usuario VALUES ('comment_358_0_1', 'Natus magnam ut aut soluta rem quas recusandae dolorum pariatur.', '7e429e8e-7669-403d-bb78-3cd7f9f75afd', 'usr_358');
INSERT INTO trabalho.comentarios_podcast_usuario VALUES ('comment_358_1_1', 'Aperiam ad non architecto occaecati nihil et temporibus.', '7e429e8e-7669-403d-bb78-3cd7f9f75afd', 'usr_358');
INSERT INTO trabalho.comentarios_podcast_usuario VALUES ('comment_358_2_1', 'Sunt eius nulla.', '7e429e8e-7669-403d-bb78-3cd7f9f75afd', 'usr_358');
INSERT INTO trabalho.comentarios_podcast_usuario VALUES ('comment_358_3_1', 'Et itaque quo doloribus modi ullam.', '7e429e8e-7669-403d-bb78-3cd7f9f75afd', 'usr_358');
INSERT INTO trabalho.log_acesso VALUES ('log_358_0_1', '7e429e8e-7669-403d-bb78-3cd7f9f75afd', 'usr_358');
INSERT INTO trabalho.log_acesso VALUES ('log_358_1_1', '7e429e8e-7669-403d-bb78-3cd7f9f75afd', 'usr_358');
INSERT INTO trabalho.log_acesso VALUES ('log_358_2_1', '7e429e8e-7669-403d-bb78-3cd7f9f75afd', 'usr_358');
INSERT INTO trabalho.usuario_esta_inscrito_no_podcast VALUES (1, 'de2f0ddb-9903-436a-a5e2-54224254c818', 'usr_358');
INSERT INTO trabalho.comentarios_podcast_usuario VALUES ('comment_358_0_2', 'Sed qui molestias eos est alias inventore earum rerum illum.', 'de2f0ddb-9903-436a-a5e2-54224254c818', 'usr_358');
INSERT INTO trabalho.comentarios_podcast_usuario VALUES ('comment_358_1_2', 'Tempore magni quasi provident illum aut et dolores sint.', 'de2f0ddb-9903-436a-a5e2-54224254c818', 'usr_358');
INSERT INTO trabalho.comentarios_podcast_usuario VALUES ('comment_358_2_2', 'Dolorem totam autem fugiat.', 'de2f0ddb-9903-436a-a5e2-54224254c818', 'usr_358');
INSERT INTO trabalho.log_acesso VALUES ('log_358_0_2', 'de2f0ddb-9903-436a-a5e2-54224254c818', 'usr_358');
INSERT INTO trabalho.log_acesso VALUES ('log_358_1_2', 'de2f0ddb-9903-436a-a5e2-54224254c818', 'usr_358');
INSERT INTO trabalho.log_acesso VALUES ('log_358_2_2', 'de2f0ddb-9903-436a-a5e2-54224254c818', 'usr_358');
INSERT INTO trabalho.usuario VALUES ('usr_359', '359_MariaAlice.Santos@gmail.com', 'Maria Alice Santos', 'female', 34, 'password', 'Singapura');
INSERT INTO trabalho.usuario_esta_inscrito_no_podcast VALUES (2, 'f1b92ce7-47a7-43cd-8586-4a09185cdd05', 'usr_359');
INSERT INTO trabalho.comentarios_podcast_usuario VALUES ('comment_359_0_0', 'Atque perspiciatis consequuntur dignissimos eum et.', 'f1b92ce7-47a7-43cd-8586-4a09185cdd05', 'usr_359');
INSERT INTO trabalho.comentarios_podcast_usuario VALUES ('comment_359_1_0', 'Atque odio occaecati et exercitationem esse vero veritatis totam inventore.', 'f1b92ce7-47a7-43cd-8586-4a09185cdd05', 'usr_359');
INSERT INTO trabalho.comentarios_podcast_usuario VALUES ('comment_359_2_0', 'Sit dolore consequuntur quo voluptatem voluptatem sint.', 'f1b92ce7-47a7-43cd-8586-4a09185cdd05', 'usr_359');
INSERT INTO trabalho.comentarios_podcast_usuario VALUES ('comment_359_3_0', 'At maxime repellat dolorem expedita ducimus placeat.', 'f1b92ce7-47a7-43cd-8586-4a09185cdd05', 'usr_359');
INSERT INTO trabalho.comentarios_podcast_usuario VALUES ('comment_359_4_0', 'Dolores id illum est fuga distinctio.', 'f1b92ce7-47a7-43cd-8586-4a09185cdd05', 'usr_359');
INSERT INTO trabalho.comentarios_podcast_usuario VALUES ('comment_359_5_0', 'Dolor quia ratione dolorem quia dolorum quasi.', 'f1b92ce7-47a7-43cd-8586-4a09185cdd05', 'usr_359');
INSERT INTO trabalho.log_acesso VALUES ('log_359_0_0', 'f1b92ce7-47a7-43cd-8586-4a09185cdd05', 'usr_359');
INSERT INTO trabalho.log_acesso VALUES ('log_359_1_0', 'f1b92ce7-47a7-43cd-8586-4a09185cdd05', 'usr_359');
INSERT INTO trabalho.log_acesso VALUES ('log_359_2_0', 'f1b92ce7-47a7-43cd-8586-4a09185cdd05', 'usr_359');
INSERT INTO trabalho.log_acesso VALUES ('log_359_3_0', 'f1b92ce7-47a7-43cd-8586-4a09185cdd05', 'usr_359');
INSERT INTO trabalho.usuario_esta_inscrito_no_podcast VALUES (3, '7e429e8e-7669-403d-bb78-3cd7f9f75afd', 'usr_359');
INSERT INTO trabalho.comentarios_podcast_usuario VALUES ('comment_359_0_1', 'Dolore est iste at suscipit sunt quos qui exercitationem.', '7e429e8e-7669-403d-bb78-3cd7f9f75afd', 'usr_359');
INSERT INTO trabalho.log_acesso VALUES ('log_359_0_1', '7e429e8e-7669-403d-bb78-3cd7f9f75afd', 'usr_359');
INSERT INTO trabalho.log_acesso VALUES ('log_359_1_1', '7e429e8e-7669-403d-bb78-3cd7f9f75afd', 'usr_359');
INSERT INTO trabalho.log_acesso VALUES ('log_359_2_1', '7e429e8e-7669-403d-bb78-3cd7f9f75afd', 'usr_359');
INSERT INTO trabalho.log_acesso VALUES ('log_359_3_1', '7e429e8e-7669-403d-bb78-3cd7f9f75afd', 'usr_359');
INSERT INTO trabalho.log_acesso VALUES ('log_359_4_1', '7e429e8e-7669-403d-bb78-3cd7f9f75afd', 'usr_359');
INSERT INTO trabalho.log_acesso VALUES ('log_359_5_1', '7e429e8e-7669-403d-bb78-3cd7f9f75afd', 'usr_359');
INSERT INTO trabalho.log_acesso VALUES ('log_359_6_1', '7e429e8e-7669-403d-bb78-3cd7f9f75afd', 'usr_359');
INSERT INTO trabalho.usuario_esta_inscrito_no_podcast VALUES (2, '168c1536-4c42-4b8f-8c77-f06affefec6a', 'usr_359');
INSERT INTO trabalho.comentarios_podcast_usuario VALUES ('comment_359_0_2', 'Voluptas temporibus consectetur expedita eum.', '168c1536-4c42-4b8f-8c77-f06affefec6a', 'usr_359');
INSERT INTO trabalho.comentarios_podcast_usuario VALUES ('comment_359_1_2', 'Facere in ut.', '168c1536-4c42-4b8f-8c77-f06affefec6a', 'usr_359');
INSERT INTO trabalho.comentarios_podcast_usuario VALUES ('comment_359_2_2', 'Veniam laudantium et.', '168c1536-4c42-4b8f-8c77-f06affefec6a', 'usr_359');
INSERT INTO trabalho.comentarios_podcast_usuario VALUES ('comment_359_3_2', 'Nisi animi ipsa deleniti similique unde exercitationem perferendis sit.', '168c1536-4c42-4b8f-8c77-f06affefec6a', 'usr_359');
INSERT INTO trabalho.comentarios_podcast_usuario VALUES ('comment_359_4_2', 'Distinctio illum sint cupiditate aperiam autem quas.', '168c1536-4c42-4b8f-8c77-f06affefec6a', 'usr_359');
INSERT INTO trabalho.log_acesso VALUES ('log_359_0_2', '168c1536-4c42-4b8f-8c77-f06affefec6a', 'usr_359');
INSERT INTO trabalho.log_acesso VALUES ('log_359_1_2', '168c1536-4c42-4b8f-8c77-f06affefec6a', 'usr_359');
INSERT INTO trabalho.log_acesso VALUES ('log_359_2_2', '168c1536-4c42-4b8f-8c77-f06affefec6a', 'usr_359');
INSERT INTO trabalho.usuario VALUES ('usr_360', '360_Lorena_Batista@yahoo.com', 'Lorena Batista', 'female', 20, 'password', 'Guiné-Bissau');
INSERT INTO trabalho.usuario_esta_inscrito_no_podcast VALUES (0, 'bc8dac25-793c-4a96-aafc-4ea7020f4f60', 'usr_360');
INSERT INTO trabalho.comentarios_podcast_usuario VALUES ('comment_360_0_0', 'Molestiae dolorem et praesentium sint sed quia consequatur quo veniam.', 'bc8dac25-793c-4a96-aafc-4ea7020f4f60', 'usr_360');
INSERT INTO trabalho.comentarios_podcast_usuario VALUES ('comment_360_1_0', 'Natus ea provident autem id aliquam sed in quidem.', 'bc8dac25-793c-4a96-aafc-4ea7020f4f60', 'usr_360');
INSERT INTO trabalho.comentarios_podcast_usuario VALUES ('comment_360_2_0', 'Cupiditate minima earum aperiam facere optio voluptas voluptatum.', 'bc8dac25-793c-4a96-aafc-4ea7020f4f60', 'usr_360');
INSERT INTO trabalho.log_acesso VALUES ('log_360_0_0', 'bc8dac25-793c-4a96-aafc-4ea7020f4f60', 'usr_360');
INSERT INTO trabalho.log_acesso VALUES ('log_360_1_0', 'bc8dac25-793c-4a96-aafc-4ea7020f4f60', 'usr_360');
INSERT INTO trabalho.log_acesso VALUES ('log_360_2_0', 'bc8dac25-793c-4a96-aafc-4ea7020f4f60', 'usr_360');
INSERT INTO trabalho.usuario_esta_inscrito_no_podcast VALUES (5, '5bdf7377-8330-4f9f-8efd-e95301c122ce', 'usr_360');
INSERT INTO trabalho.comentarios_podcast_usuario VALUES ('comment_360_0_1', 'Fugiat voluptatem illum.', '5bdf7377-8330-4f9f-8efd-e95301c122ce', 'usr_360');
INSERT INTO trabalho.comentarios_podcast_usuario VALUES ('comment_360_1_1', 'Soluta aut alias voluptas corporis dolor ut aut.', '5bdf7377-8330-4f9f-8efd-e95301c122ce', 'usr_360');
INSERT INTO trabalho.log_acesso VALUES ('log_360_0_1', '5bdf7377-8330-4f9f-8efd-e95301c122ce', 'usr_360');
INSERT INTO trabalho.log_acesso VALUES ('log_360_1_1', '5bdf7377-8330-4f9f-8efd-e95301c122ce', 'usr_360');
INSERT INTO trabalho.log_acesso VALUES ('log_360_2_1', '5bdf7377-8330-4f9f-8efd-e95301c122ce', 'usr_360');
INSERT INTO trabalho.log_acesso VALUES ('log_360_3_1', '5bdf7377-8330-4f9f-8efd-e95301c122ce', 'usr_360');
INSERT INTO trabalho.usuario_esta_inscrito_no_podcast VALUES (3, 'f0166bd2-8e4d-4308-b5d7-0b3d627c5dc5', 'usr_360');
INSERT INTO trabalho.comentarios_podcast_usuario VALUES ('comment_360_0_2', 'Quia molestias odit mollitia reprehenderit eos iusto sint eaque maxime.', 'f0166bd2-8e4d-4308-b5d7-0b3d627c5dc5', 'usr_360');
INSERT INTO trabalho.comentarios_podcast_usuario VALUES ('comment_360_1_2', 'Asperiores consequuntur esse aut saepe sint rerum iure veniam repellendus.', 'f0166bd2-8e4d-4308-b5d7-0b3d627c5dc5', 'usr_360');
INSERT INTO trabalho.log_acesso VALUES ('log_360_0_2', 'f0166bd2-8e4d-4308-b5d7-0b3d627c5dc5', 'usr_360');
INSERT INTO trabalho.log_acesso VALUES ('log_360_1_2', 'f0166bd2-8e4d-4308-b5d7-0b3d627c5dc5', 'usr_360');
INSERT INTO trabalho.log_acesso VALUES ('log_360_2_2', 'f0166bd2-8e4d-4308-b5d7-0b3d627c5dc5', 'usr_360');
INSERT INTO trabalho.log_acesso VALUES ('log_360_3_2', 'f0166bd2-8e4d-4308-b5d7-0b3d627c5dc5', 'usr_360');
INSERT INTO trabalho.log_acesso VALUES ('log_360_4_2', 'f0166bd2-8e4d-4308-b5d7-0b3d627c5dc5', 'usr_360');
INSERT INTO trabalho.usuario VALUES ('usr_361', '361_Gbio0@gmail.com', 'Gúbio Barros', 'male', 14, 'password', 'Santa Lúcia');
INSERT INTO trabalho.usuario_esta_inscrito_no_podcast VALUES (5, 'af46a958-b921-47b6-9f87-5c4fdc68ea79', 'usr_361');
INSERT INTO trabalho.comentarios_podcast_usuario VALUES ('comment_361_0_0', 'Distinctio modi quia quaerat exercitationem rerum quam.', 'af46a958-b921-47b6-9f87-5c4fdc68ea79', 'usr_361');
INSERT INTO trabalho.comentarios_podcast_usuario VALUES ('comment_361_1_0', 'Rerum non qui molestias est aperiam molestiae quo corporis.', 'af46a958-b921-47b6-9f87-5c4fdc68ea79', 'usr_361');
INSERT INTO trabalho.comentarios_podcast_usuario VALUES ('comment_361_2_0', 'Ut minima tempore sunt debitis perferendis quam magni ut vitae.', 'af46a958-b921-47b6-9f87-5c4fdc68ea79', 'usr_361');
INSERT INTO trabalho.log_acesso VALUES ('log_361_0_0', 'af46a958-b921-47b6-9f87-5c4fdc68ea79', 'usr_361');
INSERT INTO trabalho.usuario_esta_inscrito_no_podcast VALUES (2, 'f0166bd2-8e4d-4308-b5d7-0b3d627c5dc5', 'usr_361');
INSERT INTO trabalho.comentarios_podcast_usuario VALUES ('comment_361_0_1', 'Eveniet magnam natus qui nostrum.', 'f0166bd2-8e4d-4308-b5d7-0b3d627c5dc5', 'usr_361');
INSERT INTO trabalho.comentarios_podcast_usuario VALUES ('comment_361_1_1', 'Et quidem amet.', 'f0166bd2-8e4d-4308-b5d7-0b3d627c5dc5', 'usr_361');
INSERT INTO trabalho.log_acesso VALUES ('log_361_0_1', 'f0166bd2-8e4d-4308-b5d7-0b3d627c5dc5', 'usr_361');
INSERT INTO trabalho.log_acesso VALUES ('log_361_1_1', 'f0166bd2-8e4d-4308-b5d7-0b3d627c5dc5', 'usr_361');
INSERT INTO trabalho.log_acesso VALUES ('log_361_2_1', 'f0166bd2-8e4d-4308-b5d7-0b3d627c5dc5', 'usr_361');
INSERT INTO trabalho.log_acesso VALUES ('log_361_3_1', 'f0166bd2-8e4d-4308-b5d7-0b3d627c5dc5', 'usr_361');
INSERT INTO trabalho.log_acesso VALUES ('log_361_4_1', 'f0166bd2-8e4d-4308-b5d7-0b3d627c5dc5', 'usr_361');
INSERT INTO trabalho.usuario_esta_inscrito_no_podcast VALUES (3, 'bc8dac25-793c-4a96-aafc-4ea7020f4f60', 'usr_361');
INSERT INTO trabalho.comentarios_podcast_usuario VALUES ('comment_361_0_2', 'Libero non consequuntur blanditiis molestiae dolorem impedit.', 'bc8dac25-793c-4a96-aafc-4ea7020f4f60', 'usr_361');
INSERT INTO trabalho.comentarios_podcast_usuario VALUES ('comment_361_1_2', 'In non non nobis eos vitae.', 'bc8dac25-793c-4a96-aafc-4ea7020f4f60', 'usr_361');
INSERT INTO trabalho.comentarios_podcast_usuario VALUES ('comment_361_2_2', 'Modi rem asperiores cumque atque et dolor modi.', 'bc8dac25-793c-4a96-aafc-4ea7020f4f60', 'usr_361');
INSERT INTO trabalho.comentarios_podcast_usuario VALUES ('comment_361_3_2', 'Hic itaque aut quisquam sunt laudantium repellendus.', 'bc8dac25-793c-4a96-aafc-4ea7020f4f60', 'usr_361');
INSERT INTO trabalho.comentarios_podcast_usuario VALUES ('comment_361_4_2', 'Sint nisi aut quia non consequatur veritatis suscipit est eos.', 'bc8dac25-793c-4a96-aafc-4ea7020f4f60', 'usr_361');
INSERT INTO trabalho.comentarios_podcast_usuario VALUES ('comment_361_5_2', 'Iure provident accusantium temporibus dolorum enim.', 'bc8dac25-793c-4a96-aafc-4ea7020f4f60', 'usr_361');
INSERT INTO trabalho.log_acesso VALUES ('log_361_0_2', 'bc8dac25-793c-4a96-aafc-4ea7020f4f60', 'usr_361');
INSERT INTO trabalho.log_acesso VALUES ('log_361_1_2', 'bc8dac25-793c-4a96-aafc-4ea7020f4f60', 'usr_361');
INSERT INTO trabalho.usuario VALUES ('usr_362', '362_Esther29@live.com', 'Esther Braga', 'female', 22, 'password', 'Uruguai');
INSERT INTO trabalho.usuario_esta_inscrito_no_podcast VALUES (5, '7e429e8e-7669-403d-bb78-3cd7f9f75afd', 'usr_362');
INSERT INTO trabalho.comentarios_podcast_usuario VALUES ('comment_362_0_0', 'Voluptate sit eos molestiae alias laborum adipisci quia.', '7e429e8e-7669-403d-bb78-3cd7f9f75afd', 'usr_362');
INSERT INTO trabalho.comentarios_podcast_usuario VALUES ('comment_362_1_0', 'Voluptatem numquam molestiae laboriosam minima omnis.', '7e429e8e-7669-403d-bb78-3cd7f9f75afd', 'usr_362');
INSERT INTO trabalho.comentarios_podcast_usuario VALUES ('comment_362_2_0', 'Ea autem dolorum qui tempora voluptas vero qui.', '7e429e8e-7669-403d-bb78-3cd7f9f75afd', 'usr_362');
INSERT INTO trabalho.comentarios_podcast_usuario VALUES ('comment_362_3_0', 'Sit ea voluptas voluptatem a.', '7e429e8e-7669-403d-bb78-3cd7f9f75afd', 'usr_362');
INSERT INTO trabalho.comentarios_podcast_usuario VALUES ('comment_362_4_0', 'Voluptatem quasi alias magni incidunt dolores nihil illo dolor.', '7e429e8e-7669-403d-bb78-3cd7f9f75afd', 'usr_362');
INSERT INTO trabalho.log_acesso VALUES ('log_362_0_0', '7e429e8e-7669-403d-bb78-3cd7f9f75afd', 'usr_362');
INSERT INTO trabalho.log_acesso VALUES ('log_362_1_0', '7e429e8e-7669-403d-bb78-3cd7f9f75afd', 'usr_362');
INSERT INTO trabalho.log_acesso VALUES ('log_362_2_0', '7e429e8e-7669-403d-bb78-3cd7f9f75afd', 'usr_362');
INSERT INTO trabalho.usuario_esta_inscrito_no_podcast VALUES (2, 'af46a958-b921-47b6-9f87-5c4fdc68ea79', 'usr_362');
INSERT INTO trabalho.comentarios_podcast_usuario VALUES ('comment_362_0_1', 'Dolores qui ipsa ea.', 'af46a958-b921-47b6-9f87-5c4fdc68ea79', 'usr_362');
INSERT INTO trabalho.log_acesso VALUES ('log_362_0_1', 'af46a958-b921-47b6-9f87-5c4fdc68ea79', 'usr_362');
INSERT INTO trabalho.log_acesso VALUES ('log_362_1_1', 'af46a958-b921-47b6-9f87-5c4fdc68ea79', 'usr_362');
INSERT INTO trabalho.usuario_esta_inscrito_no_podcast VALUES (0, 'f1b92ce7-47a7-43cd-8586-4a09185cdd05', 'usr_362');
INSERT INTO trabalho.comentarios_podcast_usuario VALUES ('comment_362_0_2', 'Enim dolorem tempore saepe qui temporibus.', 'f1b92ce7-47a7-43cd-8586-4a09185cdd05', 'usr_362');
INSERT INTO trabalho.comentarios_podcast_usuario VALUES ('comment_362_1_2', 'In autem est vel quia asperiores minus quia et.', 'f1b92ce7-47a7-43cd-8586-4a09185cdd05', 'usr_362');
INSERT INTO trabalho.comentarios_podcast_usuario VALUES ('comment_362_2_2', 'Sit ea exercitationem provident.', 'f1b92ce7-47a7-43cd-8586-4a09185cdd05', 'usr_362');
INSERT INTO trabalho.comentarios_podcast_usuario VALUES ('comment_362_3_2', 'Sequi exercitationem dolores.', 'f1b92ce7-47a7-43cd-8586-4a09185cdd05', 'usr_362');
INSERT INTO trabalho.log_acesso VALUES ('log_362_0_2', 'f1b92ce7-47a7-43cd-8586-4a09185cdd05', 'usr_362');
INSERT INTO trabalho.log_acesso VALUES ('log_362_1_2', 'f1b92ce7-47a7-43cd-8586-4a09185cdd05', 'usr_362');
INSERT INTO trabalho.log_acesso VALUES ('log_362_2_2', 'f1b92ce7-47a7-43cd-8586-4a09185cdd05', 'usr_362');
INSERT INTO trabalho.usuario VALUES ('usr_363', '363_Carlos_Costa@bol.com.br', 'Carlos Costa', 'male', 16, 'password', 'Timor-Leste');
INSERT INTO trabalho.usuario_esta_inscrito_no_podcast VALUES (5, 'bc8dac25-793c-4a96-aafc-4ea7020f4f60', 'usr_363');
INSERT INTO trabalho.comentarios_podcast_usuario VALUES ('comment_363_0_0', 'Sunt esse nulla sapiente ea laboriosam.', 'bc8dac25-793c-4a96-aafc-4ea7020f4f60', 'usr_363');
INSERT INTO trabalho.comentarios_podcast_usuario VALUES ('comment_363_1_0', 'Omnis est qui.', 'bc8dac25-793c-4a96-aafc-4ea7020f4f60', 'usr_363');
INSERT INTO trabalho.log_acesso VALUES ('log_363_0_0', 'bc8dac25-793c-4a96-aafc-4ea7020f4f60', 'usr_363');
INSERT INTO trabalho.log_acesso VALUES ('log_363_1_0', 'bc8dac25-793c-4a96-aafc-4ea7020f4f60', 'usr_363');
INSERT INTO trabalho.log_acesso VALUES ('log_363_2_0', 'bc8dac25-793c-4a96-aafc-4ea7020f4f60', 'usr_363');
INSERT INTO trabalho.usuario_esta_inscrito_no_podcast VALUES (0, '67074e68-bc2f-442b-8af2-7d328b6af6eb', 'usr_363');
INSERT INTO trabalho.comentarios_podcast_usuario VALUES ('comment_363_0_1', 'Numquam est dolorem rerum fugiat fugiat.', '67074e68-bc2f-442b-8af2-7d328b6af6eb', 'usr_363');
INSERT INTO trabalho.comentarios_podcast_usuario VALUES ('comment_363_1_1', 'Dolores placeat occaecati et dolorem animi sed aut.', '67074e68-bc2f-442b-8af2-7d328b6af6eb', 'usr_363');
INSERT INTO trabalho.log_acesso VALUES ('log_363_0_1', '67074e68-bc2f-442b-8af2-7d328b6af6eb', 'usr_363');
INSERT INTO trabalho.log_acesso VALUES ('log_363_1_1', '67074e68-bc2f-442b-8af2-7d328b6af6eb', 'usr_363');
INSERT INTO trabalho.usuario_esta_inscrito_no_podcast VALUES (4, 'f1b92ce7-47a7-43cd-8586-4a09185cdd05', 'usr_363');
INSERT INTO trabalho.comentarios_podcast_usuario VALUES ('comment_363_0_2', 'Impedit dicta totam commodi voluptatem veniam natus fugit asperiores unde.', 'f1b92ce7-47a7-43cd-8586-4a09185cdd05', 'usr_363');
INSERT INTO trabalho.comentarios_podcast_usuario VALUES ('comment_363_1_2', 'Velit sit delectus perferendis ut laborum.', 'f1b92ce7-47a7-43cd-8586-4a09185cdd05', 'usr_363');
INSERT INTO trabalho.log_acesso VALUES ('log_363_0_2', 'f1b92ce7-47a7-43cd-8586-4a09185cdd05', 'usr_363');
INSERT INTO trabalho.usuario VALUES ('usr_364', '364_JooPedro.Costa95@hotmail.com', 'João Pedro Costa', 'male', 43, 'password', 'Guiana');
INSERT INTO trabalho.usuario_esta_inscrito_no_podcast VALUES (2, '219328a1-cec6-4e8c-b003-52a3ec9766bb', 'usr_364');
INSERT INTO trabalho.comentarios_podcast_usuario VALUES ('comment_364_0_0', 'Cupiditate quia sint officiis excepturi quia illo ipsa quia.', '219328a1-cec6-4e8c-b003-52a3ec9766bb', 'usr_364');
INSERT INTO trabalho.log_acesso VALUES ('log_364_0_0', '219328a1-cec6-4e8c-b003-52a3ec9766bb', 'usr_364');
INSERT INTO trabalho.log_acesso VALUES ('log_364_1_0', '219328a1-cec6-4e8c-b003-52a3ec9766bb', 'usr_364');
INSERT INTO trabalho.log_acesso VALUES ('log_364_2_0', '219328a1-cec6-4e8c-b003-52a3ec9766bb', 'usr_364');
INSERT INTO trabalho.log_acesso VALUES ('log_364_3_0', '219328a1-cec6-4e8c-b003-52a3ec9766bb', 'usr_364');
INSERT INTO trabalho.usuario_esta_inscrito_no_podcast VALUES (2, '168c1536-4c42-4b8f-8c77-f06affefec6a', 'usr_364');
INSERT INTO trabalho.comentarios_podcast_usuario VALUES ('comment_364_0_1', 'Enim nihil maiores culpa reprehenderit libero eveniet sit voluptatem.', '168c1536-4c42-4b8f-8c77-f06affefec6a', 'usr_364');
INSERT INTO trabalho.log_acesso VALUES ('log_364_0_1', '168c1536-4c42-4b8f-8c77-f06affefec6a', 'usr_364');
INSERT INTO trabalho.log_acesso VALUES ('log_364_1_1', '168c1536-4c42-4b8f-8c77-f06affefec6a', 'usr_364');
INSERT INTO trabalho.log_acesso VALUES ('log_364_2_1', '168c1536-4c42-4b8f-8c77-f06affefec6a', 'usr_364');
INSERT INTO trabalho.usuario_esta_inscrito_no_podcast VALUES (5, '67074e68-bc2f-442b-8af2-7d328b6af6eb', 'usr_364');
INSERT INTO trabalho.comentarios_podcast_usuario VALUES ('comment_364_0_2', 'Dolorem quisquam libero id error sit quisquam.', '67074e68-bc2f-442b-8af2-7d328b6af6eb', 'usr_364');
INSERT INTO trabalho.log_acesso VALUES ('log_364_0_2', '67074e68-bc2f-442b-8af2-7d328b6af6eb', 'usr_364');
INSERT INTO trabalho.log_acesso VALUES ('log_364_1_2', '67074e68-bc2f-442b-8af2-7d328b6af6eb', 'usr_364');
INSERT INTO trabalho.log_acesso VALUES ('log_364_2_2', '67074e68-bc2f-442b-8af2-7d328b6af6eb', 'usr_364');
INSERT INTO trabalho.log_acesso VALUES ('log_364_3_2', '67074e68-bc2f-442b-8af2-7d328b6af6eb', 'usr_364');
INSERT INTO trabalho.log_acesso VALUES ('log_364_4_2', '67074e68-bc2f-442b-8af2-7d328b6af6eb', 'usr_364');
INSERT INTO trabalho.log_acesso VALUES ('log_364_5_2', '67074e68-bc2f-442b-8af2-7d328b6af6eb', 'usr_364');
INSERT INTO trabalho.usuario VALUES ('usr_365', '365_Esther.Melo@hotmail.com', 'Esther Melo', 'female', 48, 'password', 'Tajiquistão');
INSERT INTO trabalho.usuario_esta_inscrito_no_podcast VALUES (2, 'f0166bd2-8e4d-4308-b5d7-0b3d627c5dc5', 'usr_365');
INSERT INTO trabalho.comentarios_podcast_usuario VALUES ('comment_365_0_0', 'Doloremque qui qui est.', 'f0166bd2-8e4d-4308-b5d7-0b3d627c5dc5', 'usr_365');
INSERT INTO trabalho.comentarios_podcast_usuario VALUES ('comment_365_1_0', 'Harum soluta eum aut commodi qui fugiat quam deserunt voluptatum.', 'f0166bd2-8e4d-4308-b5d7-0b3d627c5dc5', 'usr_365');
INSERT INTO trabalho.comentarios_podcast_usuario VALUES ('comment_365_2_0', 'Quis tempore adipisci expedita.', 'f0166bd2-8e4d-4308-b5d7-0b3d627c5dc5', 'usr_365');
INSERT INTO trabalho.comentarios_podcast_usuario VALUES ('comment_365_3_0', 'Recusandae quia velit aut inventore soluta.', 'f0166bd2-8e4d-4308-b5d7-0b3d627c5dc5', 'usr_365');
INSERT INTO trabalho.log_acesso VALUES ('log_365_0_0', 'f0166bd2-8e4d-4308-b5d7-0b3d627c5dc5', 'usr_365');
INSERT INTO trabalho.log_acesso VALUES ('log_365_1_0', 'f0166bd2-8e4d-4308-b5d7-0b3d627c5dc5', 'usr_365');
INSERT INTO trabalho.log_acesso VALUES ('log_365_2_0', 'f0166bd2-8e4d-4308-b5d7-0b3d627c5dc5', 'usr_365');
INSERT INTO trabalho.usuario_esta_inscrito_no_podcast VALUES (3, '67074e68-bc2f-442b-8af2-7d328b6af6eb', 'usr_365');
INSERT INTO trabalho.comentarios_podcast_usuario VALUES ('comment_365_0_1', 'Sint numquam quaerat dolores quia ut numquam molestiae veniam facere.', '67074e68-bc2f-442b-8af2-7d328b6af6eb', 'usr_365');
INSERT INTO trabalho.comentarios_podcast_usuario VALUES ('comment_365_1_1', 'Omnis laborum beatae expedita minus.', '67074e68-bc2f-442b-8af2-7d328b6af6eb', 'usr_365');
INSERT INTO trabalho.comentarios_podcast_usuario VALUES ('comment_365_2_1', 'Et sit praesentium sint sit rerum mollitia totam.', '67074e68-bc2f-442b-8af2-7d328b6af6eb', 'usr_365');
INSERT INTO trabalho.comentarios_podcast_usuario VALUES ('comment_365_3_1', 'Aut at aperiam.', '67074e68-bc2f-442b-8af2-7d328b6af6eb', 'usr_365');
INSERT INTO trabalho.log_acesso VALUES ('log_365_0_1', '67074e68-bc2f-442b-8af2-7d328b6af6eb', 'usr_365');
INSERT INTO trabalho.usuario_esta_inscrito_no_podcast VALUES (1, '5bdf7377-8330-4f9f-8efd-e95301c122ce', 'usr_365');
INSERT INTO trabalho.comentarios_podcast_usuario VALUES ('comment_365_0_2', 'Omnis ab impedit fugit quaerat error suscipit libero rem officiis.', '5bdf7377-8330-4f9f-8efd-e95301c122ce', 'usr_365');
INSERT INTO trabalho.comentarios_podcast_usuario VALUES ('comment_365_1_2', 'Dolorem voluptatem corrupti excepturi doloremque quasi.', '5bdf7377-8330-4f9f-8efd-e95301c122ce', 'usr_365');
INSERT INTO trabalho.comentarios_podcast_usuario VALUES ('comment_365_2_2', 'Laborum magni repellat dignissimos ipsam earum aut exercitationem possimus.', '5bdf7377-8330-4f9f-8efd-e95301c122ce', 'usr_365');
INSERT INTO trabalho.comentarios_podcast_usuario VALUES ('comment_365_3_2', 'Odio aliquid quis.', '5bdf7377-8330-4f9f-8efd-e95301c122ce', 'usr_365');
INSERT INTO trabalho.log_acesso VALUES ('log_365_0_2', '5bdf7377-8330-4f9f-8efd-e95301c122ce', 'usr_365');
INSERT INTO trabalho.log_acesso VALUES ('log_365_1_2', '5bdf7377-8330-4f9f-8efd-e95301c122ce', 'usr_365');
INSERT INTO trabalho.log_acesso VALUES ('log_365_2_2', '5bdf7377-8330-4f9f-8efd-e95301c122ce', 'usr_365');
INSERT INTO trabalho.usuario VALUES ('usr_366', '366_Heitor.Braga13@hotmail.com', 'Heitor Braga', 'male', 53, 'password', 'Latvia');
INSERT INTO trabalho.usuario_esta_inscrito_no_podcast VALUES (1, 'bc8dac25-793c-4a96-aafc-4ea7020f4f60', 'usr_366');
INSERT INTO trabalho.comentarios_podcast_usuario VALUES ('comment_366_0_0', 'Dolorem nulla fugiat.', 'bc8dac25-793c-4a96-aafc-4ea7020f4f60', 'usr_366');
INSERT INTO trabalho.comentarios_podcast_usuario VALUES ('comment_366_1_0', 'Eius mollitia perferendis nobis quaerat non deleniti illum debitis.', 'bc8dac25-793c-4a96-aafc-4ea7020f4f60', 'usr_366');
INSERT INTO trabalho.comentarios_podcast_usuario VALUES ('comment_366_2_0', 'Corporis commodi non incidunt asperiores iure et quam aut dolores.', 'bc8dac25-793c-4a96-aafc-4ea7020f4f60', 'usr_366');
INSERT INTO trabalho.comentarios_podcast_usuario VALUES ('comment_366_3_0', 'Dolor commodi earum.', 'bc8dac25-793c-4a96-aafc-4ea7020f4f60', 'usr_366');
INSERT INTO trabalho.comentarios_podcast_usuario VALUES ('comment_366_4_0', 'Consequatur et dolor veritatis non.', 'bc8dac25-793c-4a96-aafc-4ea7020f4f60', 'usr_366');
INSERT INTO trabalho.log_acesso VALUES ('log_366_0_0', 'bc8dac25-793c-4a96-aafc-4ea7020f4f60', 'usr_366');
INSERT INTO trabalho.log_acesso VALUES ('log_366_1_0', 'bc8dac25-793c-4a96-aafc-4ea7020f4f60', 'usr_366');
INSERT INTO trabalho.log_acesso VALUES ('log_366_2_0', 'bc8dac25-793c-4a96-aafc-4ea7020f4f60', 'usr_366');
INSERT INTO trabalho.usuario_esta_inscrito_no_podcast VALUES (1, 'de2f0ddb-9903-436a-a5e2-54224254c818', 'usr_366');
INSERT INTO trabalho.comentarios_podcast_usuario VALUES ('comment_366_0_1', 'Non id quia.', 'de2f0ddb-9903-436a-a5e2-54224254c818', 'usr_366');
INSERT INTO trabalho.comentarios_podcast_usuario VALUES ('comment_366_1_1', 'Exercitationem et incidunt excepturi dolorem maiores aspernatur libero amet magnam.', 'de2f0ddb-9903-436a-a5e2-54224254c818', 'usr_366');
INSERT INTO trabalho.comentarios_podcast_usuario VALUES ('comment_366_2_1', 'Ut et quia illo eaque et libero.', 'de2f0ddb-9903-436a-a5e2-54224254c818', 'usr_366');
INSERT INTO trabalho.comentarios_podcast_usuario VALUES ('comment_366_3_1', 'Aut iusto et ut itaque.', 'de2f0ddb-9903-436a-a5e2-54224254c818', 'usr_366');
INSERT INTO trabalho.comentarios_podcast_usuario VALUES ('comment_366_4_1', 'Id aspernatur vel eos minima deserunt rem.', 'de2f0ddb-9903-436a-a5e2-54224254c818', 'usr_366');
INSERT INTO trabalho.log_acesso VALUES ('log_366_0_1', 'de2f0ddb-9903-436a-a5e2-54224254c818', 'usr_366');
INSERT INTO trabalho.log_acesso VALUES ('log_366_1_1', 'de2f0ddb-9903-436a-a5e2-54224254c818', 'usr_366');
INSERT INTO trabalho.log_acesso VALUES ('log_366_2_1', 'de2f0ddb-9903-436a-a5e2-54224254c818', 'usr_366');
INSERT INTO trabalho.log_acesso VALUES ('log_366_3_1', 'de2f0ddb-9903-436a-a5e2-54224254c818', 'usr_366');
INSERT INTO trabalho.usuario_esta_inscrito_no_podcast VALUES (4, '67074e68-bc2f-442b-8af2-7d328b6af6eb', 'usr_366');
INSERT INTO trabalho.comentarios_podcast_usuario VALUES ('comment_366_0_2', 'Enim earum esse magni in quos vitae modi vel.', '67074e68-bc2f-442b-8af2-7d328b6af6eb', 'usr_366');
INSERT INTO trabalho.comentarios_podcast_usuario VALUES ('comment_366_1_2', 'Consequatur ea neque incidunt.', '67074e68-bc2f-442b-8af2-7d328b6af6eb', 'usr_366');
INSERT INTO trabalho.comentarios_podcast_usuario VALUES ('comment_366_2_2', 'Autem ducimus blanditiis.', '67074e68-bc2f-442b-8af2-7d328b6af6eb', 'usr_366');
INSERT INTO trabalho.log_acesso VALUES ('log_366_0_2', '67074e68-bc2f-442b-8af2-7d328b6af6eb', 'usr_366');
INSERT INTO trabalho.log_acesso VALUES ('log_366_1_2', '67074e68-bc2f-442b-8af2-7d328b6af6eb', 'usr_366');
INSERT INTO trabalho.usuario VALUES ('usr_367', '367_JooMiguel97@hotmail.com', 'João Miguel Albuquerque', 'male', 28, 'password', 'Marianas Setentrionais');
INSERT INTO trabalho.usuario_esta_inscrito_no_podcast VALUES (2, 'f0166bd2-8e4d-4308-b5d7-0b3d627c5dc5', 'usr_367');
INSERT INTO trabalho.comentarios_podcast_usuario VALUES ('comment_367_0_0', 'Vitae occaecati asperiores.', 'f0166bd2-8e4d-4308-b5d7-0b3d627c5dc5', 'usr_367');
INSERT INTO trabalho.comentarios_podcast_usuario VALUES ('comment_367_1_0', 'Rerum rem et suscipit nostrum debitis.', 'f0166bd2-8e4d-4308-b5d7-0b3d627c5dc5', 'usr_367');
INSERT INTO trabalho.comentarios_podcast_usuario VALUES ('comment_367_2_0', 'Qui sit et et ut.', 'f0166bd2-8e4d-4308-b5d7-0b3d627c5dc5', 'usr_367');
INSERT INTO trabalho.log_acesso VALUES ('log_367_0_0', 'f0166bd2-8e4d-4308-b5d7-0b3d627c5dc5', 'usr_367');
INSERT INTO trabalho.log_acesso VALUES ('log_367_1_0', 'f0166bd2-8e4d-4308-b5d7-0b3d627c5dc5', 'usr_367');
INSERT INTO trabalho.log_acesso VALUES ('log_367_2_0', 'f0166bd2-8e4d-4308-b5d7-0b3d627c5dc5', 'usr_367');
INSERT INTO trabalho.log_acesso VALUES ('log_367_3_0', 'f0166bd2-8e4d-4308-b5d7-0b3d627c5dc5', 'usr_367');
INSERT INTO trabalho.log_acesso VALUES ('log_367_4_0', 'f0166bd2-8e4d-4308-b5d7-0b3d627c5dc5', 'usr_367');
INSERT INTO trabalho.log_acesso VALUES ('log_367_5_0', 'f0166bd2-8e4d-4308-b5d7-0b3d627c5dc5', 'usr_367');
INSERT INTO trabalho.log_acesso VALUES ('log_367_6_0', 'f0166bd2-8e4d-4308-b5d7-0b3d627c5dc5', 'usr_367');
INSERT INTO trabalho.usuario_esta_inscrito_no_podcast VALUES (5, '67074e68-bc2f-442b-8af2-7d328b6af6eb', 'usr_367');
INSERT INTO trabalho.comentarios_podcast_usuario VALUES ('comment_367_0_1', 'Nihil maiores sint fugiat adipisci accusamus repellat.', '67074e68-bc2f-442b-8af2-7d328b6af6eb', 'usr_367');
INSERT INTO trabalho.comentarios_podcast_usuario VALUES ('comment_367_1_1', 'Non neque eum distinctio sit.', '67074e68-bc2f-442b-8af2-7d328b6af6eb', 'usr_367');
INSERT INTO trabalho.log_acesso VALUES ('log_367_0_1', '67074e68-bc2f-442b-8af2-7d328b6af6eb', 'usr_367');
INSERT INTO trabalho.log_acesso VALUES ('log_367_1_1', '67074e68-bc2f-442b-8af2-7d328b6af6eb', 'usr_367');
INSERT INTO trabalho.log_acesso VALUES ('log_367_2_1', '67074e68-bc2f-442b-8af2-7d328b6af6eb', 'usr_367');
INSERT INTO trabalho.usuario_esta_inscrito_no_podcast VALUES (4, '219328a1-cec6-4e8c-b003-52a3ec9766bb', 'usr_367');
INSERT INTO trabalho.comentarios_podcast_usuario VALUES ('comment_367_0_2', 'Repellendus voluptas magnam repudiandae nihil magnam reiciendis perspiciatis et.', '219328a1-cec6-4e8c-b003-52a3ec9766bb', 'usr_367');
INSERT INTO trabalho.log_acesso VALUES ('log_367_0_2', '219328a1-cec6-4e8c-b003-52a3ec9766bb', 'usr_367');
INSERT INTO trabalho.log_acesso VALUES ('log_367_1_2', '219328a1-cec6-4e8c-b003-52a3ec9766bb', 'usr_367');
INSERT INTO trabalho.usuario VALUES ('usr_368', '368_Elisa.Oliveira@yahoo.com', 'Elisa Oliveira', 'female', 33, 'password', 'República Dominicana');
INSERT INTO trabalho.usuario_esta_inscrito_no_podcast VALUES (2, '67074e68-bc2f-442b-8af2-7d328b6af6eb', 'usr_368');
INSERT INTO trabalho.comentarios_podcast_usuario VALUES ('comment_368_0_0', 'Odit nisi cum provident molestiae necessitatibus repudiandae accusamus earum.', '67074e68-bc2f-442b-8af2-7d328b6af6eb', 'usr_368');
INSERT INTO trabalho.comentarios_podcast_usuario VALUES ('comment_368_1_0', 'Enim quasi velit omnis repellat neque dolor aut.', '67074e68-bc2f-442b-8af2-7d328b6af6eb', 'usr_368');
INSERT INTO trabalho.comentarios_podcast_usuario VALUES ('comment_368_2_0', 'Odit fugit deserunt non accusantium nesciunt.', '67074e68-bc2f-442b-8af2-7d328b6af6eb', 'usr_368');
INSERT INTO trabalho.log_acesso VALUES ('log_368_0_0', '67074e68-bc2f-442b-8af2-7d328b6af6eb', 'usr_368');
INSERT INTO trabalho.log_acesso VALUES ('log_368_1_0', '67074e68-bc2f-442b-8af2-7d328b6af6eb', 'usr_368');
INSERT INTO trabalho.usuario_esta_inscrito_no_podcast VALUES (3, 'f1b92ce7-47a7-43cd-8586-4a09185cdd05', 'usr_368');
INSERT INTO trabalho.comentarios_podcast_usuario VALUES ('comment_368_0_1', 'Minus et ratione ea nulla aliquid.', 'f1b92ce7-47a7-43cd-8586-4a09185cdd05', 'usr_368');
INSERT INTO trabalho.comentarios_podcast_usuario VALUES ('comment_368_1_1', 'Quibusdam non optio laboriosam impedit id architecto.', 'f1b92ce7-47a7-43cd-8586-4a09185cdd05', 'usr_368');
INSERT INTO trabalho.comentarios_podcast_usuario VALUES ('comment_368_2_1', 'Pariatur cupiditate dolor.', 'f1b92ce7-47a7-43cd-8586-4a09185cdd05', 'usr_368');
INSERT INTO trabalho.comentarios_podcast_usuario VALUES ('comment_368_3_1', 'Ut voluptatem inventore perspiciatis similique unde iusto quo numquam.', 'f1b92ce7-47a7-43cd-8586-4a09185cdd05', 'usr_368');
INSERT INTO trabalho.comentarios_podcast_usuario VALUES ('comment_368_4_1', 'Omnis quia voluptate qui.', 'f1b92ce7-47a7-43cd-8586-4a09185cdd05', 'usr_368');
INSERT INTO trabalho.log_acesso VALUES ('log_368_0_1', 'f1b92ce7-47a7-43cd-8586-4a09185cdd05', 'usr_368');
INSERT INTO trabalho.log_acesso VALUES ('log_368_1_1', 'f1b92ce7-47a7-43cd-8586-4a09185cdd05', 'usr_368');
INSERT INTO trabalho.log_acesso VALUES ('log_368_2_1', 'f1b92ce7-47a7-43cd-8586-4a09185cdd05', 'usr_368');
INSERT INTO trabalho.usuario_esta_inscrito_no_podcast VALUES (2, 'fa3abe16-3645-4d22-a01d-893e6f20c408', 'usr_368');
INSERT INTO trabalho.comentarios_podcast_usuario VALUES ('comment_368_0_2', 'Hic rem ut sit quisquam modi ad maxime sed.', 'fa3abe16-3645-4d22-a01d-893e6f20c408', 'usr_368');
INSERT INTO trabalho.comentarios_podcast_usuario VALUES ('comment_368_1_2', 'Qui ut fugit et ut doloremque quo recusandae corrupti.', 'fa3abe16-3645-4d22-a01d-893e6f20c408', 'usr_368');
INSERT INTO trabalho.comentarios_podcast_usuario VALUES ('comment_368_2_2', 'Cum quidem sit eos repellat doloremque et saepe quo exercitationem.', 'fa3abe16-3645-4d22-a01d-893e6f20c408', 'usr_368');
INSERT INTO trabalho.comentarios_podcast_usuario VALUES ('comment_368_3_2', 'Ut fuga vero pariatur voluptatem blanditiis dolor repellat.', 'fa3abe16-3645-4d22-a01d-893e6f20c408', 'usr_368');
INSERT INTO trabalho.comentarios_podcast_usuario VALUES ('comment_368_4_2', 'Numquam sed non molestiae nisi.', 'fa3abe16-3645-4d22-a01d-893e6f20c408', 'usr_368');
INSERT INTO trabalho.comentarios_podcast_usuario VALUES ('comment_368_5_2', 'Adipisci temporibus ipsa accusantium sunt molestiae ut.', 'fa3abe16-3645-4d22-a01d-893e6f20c408', 'usr_368');
INSERT INTO trabalho.log_acesso VALUES ('log_368_0_2', 'fa3abe16-3645-4d22-a01d-893e6f20c408', 'usr_368');
INSERT INTO trabalho.log_acesso VALUES ('log_368_1_2', 'fa3abe16-3645-4d22-a01d-893e6f20c408', 'usr_368');
INSERT INTO trabalho.log_acesso VALUES ('log_368_2_2', 'fa3abe16-3645-4d22-a01d-893e6f20c408', 'usr_368');
INSERT INTO trabalho.usuario VALUES ('usr_369', '369_Arthur0@hotmail.com', 'Arthur Silva', 'male', 12, 'password', 'São Martinho');
INSERT INTO trabalho.usuario_esta_inscrito_no_podcast VALUES (5, '67074e68-bc2f-442b-8af2-7d328b6af6eb', 'usr_369');
INSERT INTO trabalho.comentarios_podcast_usuario VALUES ('comment_369_0_0', 'Eum adipisci commodi aut.', '67074e68-bc2f-442b-8af2-7d328b6af6eb', 'usr_369');
INSERT INTO trabalho.comentarios_podcast_usuario VALUES ('comment_369_1_0', 'In nesciunt et voluptatem.', '67074e68-bc2f-442b-8af2-7d328b6af6eb', 'usr_369');
INSERT INTO trabalho.log_acesso VALUES ('log_369_0_0', '67074e68-bc2f-442b-8af2-7d328b6af6eb', 'usr_369');
INSERT INTO trabalho.log_acesso VALUES ('log_369_1_0', '67074e68-bc2f-442b-8af2-7d328b6af6eb', 'usr_369');
INSERT INTO trabalho.log_acesso VALUES ('log_369_2_0', '67074e68-bc2f-442b-8af2-7d328b6af6eb', 'usr_369');
INSERT INTO trabalho.log_acesso VALUES ('log_369_3_0', '67074e68-bc2f-442b-8af2-7d328b6af6eb', 'usr_369');
INSERT INTO trabalho.usuario_esta_inscrito_no_podcast VALUES (0, 'f0166bd2-8e4d-4308-b5d7-0b3d627c5dc5', 'usr_369');
INSERT INTO trabalho.comentarios_podcast_usuario VALUES ('comment_369_0_1', 'Consequatur ut tenetur ducimus.', 'f0166bd2-8e4d-4308-b5d7-0b3d627c5dc5', 'usr_369');
INSERT INTO trabalho.comentarios_podcast_usuario VALUES ('comment_369_1_1', 'Facere nostrum et odit animi.', 'f0166bd2-8e4d-4308-b5d7-0b3d627c5dc5', 'usr_369');
INSERT INTO trabalho.comentarios_podcast_usuario VALUES ('comment_369_2_1', 'Voluptates qui vel atque veritatis.', 'f0166bd2-8e4d-4308-b5d7-0b3d627c5dc5', 'usr_369');
INSERT INTO trabalho.log_acesso VALUES ('log_369_0_1', 'f0166bd2-8e4d-4308-b5d7-0b3d627c5dc5', 'usr_369');
INSERT INTO trabalho.log_acesso VALUES ('log_369_1_1', 'f0166bd2-8e4d-4308-b5d7-0b3d627c5dc5', 'usr_369');
INSERT INTO trabalho.log_acesso VALUES ('log_369_2_1', 'f0166bd2-8e4d-4308-b5d7-0b3d627c5dc5', 'usr_369');
INSERT INTO trabalho.log_acesso VALUES ('log_369_3_1', 'f0166bd2-8e4d-4308-b5d7-0b3d627c5dc5', 'usr_369');
INSERT INTO trabalho.log_acesso VALUES ('log_369_4_1', 'f0166bd2-8e4d-4308-b5d7-0b3d627c5dc5', 'usr_369');
INSERT INTO trabalho.log_acesso VALUES ('log_369_5_1', 'f0166bd2-8e4d-4308-b5d7-0b3d627c5dc5', 'usr_369');
INSERT INTO trabalho.usuario_esta_inscrito_no_podcast VALUES (0, '5bdf7377-8330-4f9f-8efd-e95301c122ce', 'usr_369');
INSERT INTO trabalho.comentarios_podcast_usuario VALUES ('comment_369_0_2', 'Soluta tempora ratione distinctio.', '5bdf7377-8330-4f9f-8efd-e95301c122ce', 'usr_369');
INSERT INTO trabalho.comentarios_podcast_usuario VALUES ('comment_369_1_2', 'Earum omnis numquam et quia similique repudiandae dolorum quo exercitationem.', '5bdf7377-8330-4f9f-8efd-e95301c122ce', 'usr_369');
INSERT INTO trabalho.comentarios_podcast_usuario VALUES ('comment_369_2_2', 'Officia dolore eos.', '5bdf7377-8330-4f9f-8efd-e95301c122ce', 'usr_369');
INSERT INTO trabalho.comentarios_podcast_usuario VALUES ('comment_369_3_2', 'Sunt exercitationem excepturi quia excepturi officiis voluptatibus commodi.', '5bdf7377-8330-4f9f-8efd-e95301c122ce', 'usr_369');
INSERT INTO trabalho.log_acesso VALUES ('log_369_0_2', '5bdf7377-8330-4f9f-8efd-e95301c122ce', 'usr_369');
INSERT INTO trabalho.log_acesso VALUES ('log_369_1_2', '5bdf7377-8330-4f9f-8efd-e95301c122ce', 'usr_369');
INSERT INTO trabalho.usuario VALUES ('usr_370', '370_Lucca.Braga10@gmail.com', 'Lucca Braga', 'male', 9, 'password', 'Israel');
INSERT INTO trabalho.usuario_esta_inscrito_no_podcast VALUES (3, 'f0166bd2-8e4d-4308-b5d7-0b3d627c5dc5', 'usr_370');
INSERT INTO trabalho.comentarios_podcast_usuario VALUES ('comment_370_0_0', 'Deleniti id sed fugit deleniti aut.', 'f0166bd2-8e4d-4308-b5d7-0b3d627c5dc5', 'usr_370');
INSERT INTO trabalho.comentarios_podcast_usuario VALUES ('comment_370_1_0', 'Ipsam consequatur qui odit vel.', 'f0166bd2-8e4d-4308-b5d7-0b3d627c5dc5', 'usr_370');
INSERT INTO trabalho.comentarios_podcast_usuario VALUES ('comment_370_2_0', 'Et voluptates ipsum tempora ad non.', 'f0166bd2-8e4d-4308-b5d7-0b3d627c5dc5', 'usr_370');
INSERT INTO trabalho.comentarios_podcast_usuario VALUES ('comment_370_3_0', 'Voluptatem enim laborum voluptatem et quo et fuga.', 'f0166bd2-8e4d-4308-b5d7-0b3d627c5dc5', 'usr_370');
INSERT INTO trabalho.log_acesso VALUES ('log_370_0_0', 'f0166bd2-8e4d-4308-b5d7-0b3d627c5dc5', 'usr_370');
INSERT INTO trabalho.log_acesso VALUES ('log_370_1_0', 'f0166bd2-8e4d-4308-b5d7-0b3d627c5dc5', 'usr_370');
INSERT INTO trabalho.log_acesso VALUES ('log_370_2_0', 'f0166bd2-8e4d-4308-b5d7-0b3d627c5dc5', 'usr_370');
INSERT INTO trabalho.usuario_esta_inscrito_no_podcast VALUES (2, 'f1b92ce7-47a7-43cd-8586-4a09185cdd05', 'usr_370');
INSERT INTO trabalho.comentarios_podcast_usuario VALUES ('comment_370_0_1', 'Dolorem consequuntur aut sed repellendus.', 'f1b92ce7-47a7-43cd-8586-4a09185cdd05', 'usr_370');
INSERT INTO trabalho.comentarios_podcast_usuario VALUES ('comment_370_1_1', 'Impedit officiis eum accusantium eius iste.', 'f1b92ce7-47a7-43cd-8586-4a09185cdd05', 'usr_370');
INSERT INTO trabalho.log_acesso VALUES ('log_370_0_1', 'f1b92ce7-47a7-43cd-8586-4a09185cdd05', 'usr_370');
INSERT INTO trabalho.log_acesso VALUES ('log_370_1_1', 'f1b92ce7-47a7-43cd-8586-4a09185cdd05', 'usr_370');
INSERT INTO trabalho.log_acesso VALUES ('log_370_2_1', 'f1b92ce7-47a7-43cd-8586-4a09185cdd05', 'usr_370');
INSERT INTO trabalho.usuario_esta_inscrito_no_podcast VALUES (5, '5bdf7377-8330-4f9f-8efd-e95301c122ce', 'usr_370');
INSERT INTO trabalho.comentarios_podcast_usuario VALUES ('comment_370_0_2', 'Vero facilis qui ea ipsam voluptatem hic consectetur suscipit.', '5bdf7377-8330-4f9f-8efd-e95301c122ce', 'usr_370');
INSERT INTO trabalho.comentarios_podcast_usuario VALUES ('comment_370_1_2', 'Officiis debitis eligendi.', '5bdf7377-8330-4f9f-8efd-e95301c122ce', 'usr_370');
INSERT INTO trabalho.comentarios_podcast_usuario VALUES ('comment_370_2_2', 'Quidem est ab praesentium eum dolor impedit suscipit quas.', '5bdf7377-8330-4f9f-8efd-e95301c122ce', 'usr_370');
INSERT INTO trabalho.comentarios_podcast_usuario VALUES ('comment_370_3_2', 'Rem autem et dolorum eos.', '5bdf7377-8330-4f9f-8efd-e95301c122ce', 'usr_370');
INSERT INTO trabalho.log_acesso VALUES ('log_370_0_2', '5bdf7377-8330-4f9f-8efd-e95301c122ce', 'usr_370');
INSERT INTO trabalho.log_acesso VALUES ('log_370_1_2', '5bdf7377-8330-4f9f-8efd-e95301c122ce', 'usr_370');
INSERT INTO trabalho.usuario VALUES ('usr_371', '371_Yasmin20@hotmail.com', 'Yasmin Melo', 'female', 17, 'password', 'Sudão');
INSERT INTO trabalho.usuario_esta_inscrito_no_podcast VALUES (3, '7e429e8e-7669-403d-bb78-3cd7f9f75afd', 'usr_371');
INSERT INTO trabalho.comentarios_podcast_usuario VALUES ('comment_371_0_0', 'Voluptas qui laudantium.', '7e429e8e-7669-403d-bb78-3cd7f9f75afd', 'usr_371');
INSERT INTO trabalho.comentarios_podcast_usuario VALUES ('comment_371_1_0', 'Consequatur qui ut corporis iure minus dignissimos provident.', '7e429e8e-7669-403d-bb78-3cd7f9f75afd', 'usr_371');
INSERT INTO trabalho.comentarios_podcast_usuario VALUES ('comment_371_2_0', 'Fuga rerum mollitia unde possimus ut quis.', '7e429e8e-7669-403d-bb78-3cd7f9f75afd', 'usr_371');
INSERT INTO trabalho.log_acesso VALUES ('log_371_0_0', '7e429e8e-7669-403d-bb78-3cd7f9f75afd', 'usr_371');
INSERT INTO trabalho.log_acesso VALUES ('log_371_1_0', '7e429e8e-7669-403d-bb78-3cd7f9f75afd', 'usr_371');
INSERT INTO trabalho.log_acesso VALUES ('log_371_2_0', '7e429e8e-7669-403d-bb78-3cd7f9f75afd', 'usr_371');
INSERT INTO trabalho.usuario_esta_inscrito_no_podcast VALUES (0, '219328a1-cec6-4e8c-b003-52a3ec9766bb', 'usr_371');
INSERT INTO trabalho.comentarios_podcast_usuario VALUES ('comment_371_0_1', 'Aut laudantium ut architecto fuga dolorem laboriosam incidunt.', '219328a1-cec6-4e8c-b003-52a3ec9766bb', 'usr_371');
INSERT INTO trabalho.comentarios_podcast_usuario VALUES ('comment_371_1_1', 'Occaecati error officia tempora deserunt eaque illum vel omnis.', '219328a1-cec6-4e8c-b003-52a3ec9766bb', 'usr_371');
INSERT INTO trabalho.comentarios_podcast_usuario VALUES ('comment_371_2_1', 'Labore magni nobis reiciendis deleniti quia accusamus eos.', '219328a1-cec6-4e8c-b003-52a3ec9766bb', 'usr_371');
INSERT INTO trabalho.comentarios_podcast_usuario VALUES ('comment_371_3_1', 'Occaecati laborum est reiciendis aspernatur minus ab sed quos dolor.', '219328a1-cec6-4e8c-b003-52a3ec9766bb', 'usr_371');
INSERT INTO trabalho.log_acesso VALUES ('log_371_0_1', '219328a1-cec6-4e8c-b003-52a3ec9766bb', 'usr_371');
INSERT INTO trabalho.log_acesso VALUES ('log_371_1_1', '219328a1-cec6-4e8c-b003-52a3ec9766bb', 'usr_371');
INSERT INTO trabalho.usuario_esta_inscrito_no_podcast VALUES (3, 'f8e13774-d631-4f34-93f0-2f5d55590265', 'usr_371');
INSERT INTO trabalho.comentarios_podcast_usuario VALUES ('comment_371_0_2', 'Reiciendis ullam non ab aliquid officiis quia maxime dolore quam.', 'f8e13774-d631-4f34-93f0-2f5d55590265', 'usr_371');
INSERT INTO trabalho.comentarios_podcast_usuario VALUES ('comment_371_1_2', 'Impedit iste dolorem quibusdam corporis magnam praesentium velit.', 'f8e13774-d631-4f34-93f0-2f5d55590265', 'usr_371');
INSERT INTO trabalho.comentarios_podcast_usuario VALUES ('comment_371_2_2', 'Unde dolor alias modi eveniet odit eos sequi qui minus.', 'f8e13774-d631-4f34-93f0-2f5d55590265', 'usr_371');
INSERT INTO trabalho.log_acesso VALUES ('log_371_0_2', 'f8e13774-d631-4f34-93f0-2f5d55590265', 'usr_371');
INSERT INTO trabalho.log_acesso VALUES ('log_371_1_2', 'f8e13774-d631-4f34-93f0-2f5d55590265', 'usr_371');
INSERT INTO trabalho.log_acesso VALUES ('log_371_2_2', 'f8e13774-d631-4f34-93f0-2f5d55590265', 'usr_371');
INSERT INTO trabalho.log_acesso VALUES ('log_371_3_2', 'f8e13774-d631-4f34-93f0-2f5d55590265', 'usr_371');
INSERT INTO trabalho.usuario VALUES ('usr_372', '372_Lorenzo.Santos@bol.com.br', 'Lorenzo Santos', 'male', 42, 'password', 'Coreia do Norte');
INSERT INTO trabalho.usuario_esta_inscrito_no_podcast VALUES (4, '5bdf7377-8330-4f9f-8efd-e95301c122ce', 'usr_372');
INSERT INTO trabalho.comentarios_podcast_usuario VALUES ('comment_372_0_0', 'Blanditiis ipsam et qui totam.', '5bdf7377-8330-4f9f-8efd-e95301c122ce', 'usr_372');
INSERT INTO trabalho.log_acesso VALUES ('log_372_0_0', '5bdf7377-8330-4f9f-8efd-e95301c122ce', 'usr_372');
INSERT INTO trabalho.log_acesso VALUES ('log_372_1_0', '5bdf7377-8330-4f9f-8efd-e95301c122ce', 'usr_372');
INSERT INTO trabalho.usuario_esta_inscrito_no_podcast VALUES (3, 'c58b280a-56d4-4ad8-8c85-730e4ea86361', 'usr_372');
INSERT INTO trabalho.comentarios_podcast_usuario VALUES ('comment_372_0_1', 'Hic delectus incidunt aut laboriosam quibusdam laborum.', 'c58b280a-56d4-4ad8-8c85-730e4ea86361', 'usr_372');
INSERT INTO trabalho.log_acesso VALUES ('log_372_0_1', 'c58b280a-56d4-4ad8-8c85-730e4ea86361', 'usr_372');
INSERT INTO trabalho.log_acesso VALUES ('log_372_1_1', 'c58b280a-56d4-4ad8-8c85-730e4ea86361', 'usr_372');
INSERT INTO trabalho.usuario_esta_inscrito_no_podcast VALUES (2, '219328a1-cec6-4e8c-b003-52a3ec9766bb', 'usr_372');
INSERT INTO trabalho.comentarios_podcast_usuario VALUES ('comment_372_0_2', 'Pariatur iste quod harum enim.', '219328a1-cec6-4e8c-b003-52a3ec9766bb', 'usr_372');
INSERT INTO trabalho.comentarios_podcast_usuario VALUES ('comment_372_1_2', 'Repellat et quod aut saepe.', '219328a1-cec6-4e8c-b003-52a3ec9766bb', 'usr_372');
INSERT INTO trabalho.comentarios_podcast_usuario VALUES ('comment_372_2_2', 'Vel optio culpa.', '219328a1-cec6-4e8c-b003-52a3ec9766bb', 'usr_372');
INSERT INTO trabalho.comentarios_podcast_usuario VALUES ('comment_372_3_2', 'Aut voluptatem nisi.', '219328a1-cec6-4e8c-b003-52a3ec9766bb', 'usr_372');
INSERT INTO trabalho.comentarios_podcast_usuario VALUES ('comment_372_4_2', 'Totam id debitis quod.', '219328a1-cec6-4e8c-b003-52a3ec9766bb', 'usr_372');
INSERT INTO trabalho.comentarios_podcast_usuario VALUES ('comment_372_5_2', 'Quas culpa et eum minus recusandae eaque ducimus commodi nisi.', '219328a1-cec6-4e8c-b003-52a3ec9766bb', 'usr_372');
INSERT INTO trabalho.log_acesso VALUES ('log_372_0_2', '219328a1-cec6-4e8c-b003-52a3ec9766bb', 'usr_372');
INSERT INTO trabalho.log_acesso VALUES ('log_372_1_2', '219328a1-cec6-4e8c-b003-52a3ec9766bb', 'usr_372');
INSERT INTO trabalho.log_acesso VALUES ('log_372_2_2', '219328a1-cec6-4e8c-b003-52a3ec9766bb', 'usr_372');
INSERT INTO trabalho.usuario VALUES ('usr_373', '373_Alice12@yahoo.com', 'Alice Batista', 'female', 18, 'password', 'Vaticano');
INSERT INTO trabalho.usuario_esta_inscrito_no_podcast VALUES (0, 'f8e13774-d631-4f34-93f0-2f5d55590265', 'usr_373');
INSERT INTO trabalho.comentarios_podcast_usuario VALUES ('comment_373_0_0', 'Numquam pariatur explicabo totam voluptatem nesciunt.', 'f8e13774-d631-4f34-93f0-2f5d55590265', 'usr_373');
INSERT INTO trabalho.log_acesso VALUES ('log_373_0_0', 'f8e13774-d631-4f34-93f0-2f5d55590265', 'usr_373');
INSERT INTO trabalho.log_acesso VALUES ('log_373_1_0', 'f8e13774-d631-4f34-93f0-2f5d55590265', 'usr_373');
INSERT INTO trabalho.usuario_esta_inscrito_no_podcast VALUES (4, 'c58b280a-56d4-4ad8-8c85-730e4ea86361', 'usr_373');
INSERT INTO trabalho.comentarios_podcast_usuario VALUES ('comment_373_0_1', 'Quia dignissimos magnam architecto hic modi minima perferendis.', 'c58b280a-56d4-4ad8-8c85-730e4ea86361', 'usr_373');
INSERT INTO trabalho.comentarios_podcast_usuario VALUES ('comment_373_1_1', 'Eum doloremque eius veritatis et id id.', 'c58b280a-56d4-4ad8-8c85-730e4ea86361', 'usr_373');
INSERT INTO trabalho.comentarios_podcast_usuario VALUES ('comment_373_2_1', 'Repellendus sint consequatur animi nihil optio accusamus atque totam aut.', 'c58b280a-56d4-4ad8-8c85-730e4ea86361', 'usr_373');
INSERT INTO trabalho.log_acesso VALUES ('log_373_0_1', 'c58b280a-56d4-4ad8-8c85-730e4ea86361', 'usr_373');
INSERT INTO trabalho.log_acesso VALUES ('log_373_1_1', 'c58b280a-56d4-4ad8-8c85-730e4ea86361', 'usr_373');
INSERT INTO trabalho.log_acesso VALUES ('log_373_2_1', 'c58b280a-56d4-4ad8-8c85-730e4ea86361', 'usr_373');
INSERT INTO trabalho.usuario_esta_inscrito_no_podcast VALUES (5, '168c1536-4c42-4b8f-8c77-f06affefec6a', 'usr_373');
INSERT INTO trabalho.comentarios_podcast_usuario VALUES ('comment_373_0_2', 'Fugit est qui.', '168c1536-4c42-4b8f-8c77-f06affefec6a', 'usr_373');
INSERT INTO trabalho.log_acesso VALUES ('log_373_0_2', '168c1536-4c42-4b8f-8c77-f06affefec6a', 'usr_373');
INSERT INTO trabalho.log_acesso VALUES ('log_373_1_2', '168c1536-4c42-4b8f-8c77-f06affefec6a', 'usr_373');
INSERT INTO trabalho.log_acesso VALUES ('log_373_2_2', '168c1536-4c42-4b8f-8c77-f06affefec6a', 'usr_373');
INSERT INTO trabalho.log_acesso VALUES ('log_373_3_2', '168c1536-4c42-4b8f-8c77-f06affefec6a', 'usr_373');
INSERT INTO trabalho.usuario VALUES ('usr_374', '374_MariaCeclia_Albuquerque70@gmail.com', 'Maria Cecília Albuquerque', 'female', 34, 'password', 'Rússia');
INSERT INTO trabalho.usuario_esta_inscrito_no_podcast VALUES (3, '7e429e8e-7669-403d-bb78-3cd7f9f75afd', 'usr_374');
INSERT INTO trabalho.comentarios_podcast_usuario VALUES ('comment_374_0_0', 'Porro maiores sed ea quaerat voluptate repellat cum corrupti.', '7e429e8e-7669-403d-bb78-3cd7f9f75afd', 'usr_374');
INSERT INTO trabalho.comentarios_podcast_usuario VALUES ('comment_374_1_0', 'Est voluptatem omnis accusantium et.', '7e429e8e-7669-403d-bb78-3cd7f9f75afd', 'usr_374');
INSERT INTO trabalho.comentarios_podcast_usuario VALUES ('comment_374_2_0', 'Et quia dolore magnam sequi voluptas repellat ipsum error.', '7e429e8e-7669-403d-bb78-3cd7f9f75afd', 'usr_374');
INSERT INTO trabalho.comentarios_podcast_usuario VALUES ('comment_374_3_0', 'Aut rerum laborum aliquam consequatur sint dolorum et iusto deleniti.', '7e429e8e-7669-403d-bb78-3cd7f9f75afd', 'usr_374');
INSERT INTO trabalho.log_acesso VALUES ('log_374_0_0', '7e429e8e-7669-403d-bb78-3cd7f9f75afd', 'usr_374');
INSERT INTO trabalho.log_acesso VALUES ('log_374_1_0', '7e429e8e-7669-403d-bb78-3cd7f9f75afd', 'usr_374');
INSERT INTO trabalho.usuario_esta_inscrito_no_podcast VALUES (4, '5bdf7377-8330-4f9f-8efd-e95301c122ce', 'usr_374');
INSERT INTO trabalho.comentarios_podcast_usuario VALUES ('comment_374_0_1', 'Vel ipsa fuga quaerat voluptas similique.', '5bdf7377-8330-4f9f-8efd-e95301c122ce', 'usr_374');
INSERT INTO trabalho.comentarios_podcast_usuario VALUES ('comment_374_1_1', 'Est eligendi voluptatum.', '5bdf7377-8330-4f9f-8efd-e95301c122ce', 'usr_374');
INSERT INTO trabalho.comentarios_podcast_usuario VALUES ('comment_374_2_1', 'Est eveniet amet.', '5bdf7377-8330-4f9f-8efd-e95301c122ce', 'usr_374');
INSERT INTO trabalho.log_acesso VALUES ('log_374_0_1', '5bdf7377-8330-4f9f-8efd-e95301c122ce', 'usr_374');
INSERT INTO trabalho.usuario_esta_inscrito_no_podcast VALUES (2, 'bc8dac25-793c-4a96-aafc-4ea7020f4f60', 'usr_374');
INSERT INTO trabalho.comentarios_podcast_usuario VALUES ('comment_374_0_2', 'Minus quod eos cum aut omnis nihil.', 'bc8dac25-793c-4a96-aafc-4ea7020f4f60', 'usr_374');
INSERT INTO trabalho.comentarios_podcast_usuario VALUES ('comment_374_1_2', 'Rerum porro et et aut tempore reiciendis esse.', 'bc8dac25-793c-4a96-aafc-4ea7020f4f60', 'usr_374');
INSERT INTO trabalho.comentarios_podcast_usuario VALUES ('comment_374_2_2', 'Tempora labore asperiores est eum aut in unde corporis aut.', 'bc8dac25-793c-4a96-aafc-4ea7020f4f60', 'usr_374');
INSERT INTO trabalho.comentarios_podcast_usuario VALUES ('comment_374_3_2', 'Sunt eum nihil aut eligendi illum ducimus modi voluptate.', 'bc8dac25-793c-4a96-aafc-4ea7020f4f60', 'usr_374');
INSERT INTO trabalho.log_acesso VALUES ('log_374_0_2', 'bc8dac25-793c-4a96-aafc-4ea7020f4f60', 'usr_374');
INSERT INTO trabalho.log_acesso VALUES ('log_374_1_2', 'bc8dac25-793c-4a96-aafc-4ea7020f4f60', 'usr_374');
INSERT INTO trabalho.log_acesso VALUES ('log_374_2_2', 'bc8dac25-793c-4a96-aafc-4ea7020f4f60', 'usr_374');
INSERT INTO trabalho.log_acesso VALUES ('log_374_3_2', 'bc8dac25-793c-4a96-aafc-4ea7020f4f60', 'usr_374');
INSERT INTO trabalho.log_acesso VALUES ('log_374_4_2', 'bc8dac25-793c-4a96-aafc-4ea7020f4f60', 'usr_374');
INSERT INTO trabalho.log_acesso VALUES ('log_374_5_2', 'bc8dac25-793c-4a96-aafc-4ea7020f4f60', 'usr_374');
INSERT INTO trabalho.usuario VALUES ('usr_375', '375_Fabrcio_Martins8@gmail.com', 'Fabrício Martins', 'male', 46, 'password', 'Eritreia');
INSERT INTO trabalho.usuario_esta_inscrito_no_podcast VALUES (5, 'de2f0ddb-9903-436a-a5e2-54224254c818', 'usr_375');
INSERT INTO trabalho.comentarios_podcast_usuario VALUES ('comment_375_0_0', 'Hic eaque officia modi id provident quos voluptas.', 'de2f0ddb-9903-436a-a5e2-54224254c818', 'usr_375');
INSERT INTO trabalho.comentarios_podcast_usuario VALUES ('comment_375_1_0', 'Similique eos ipsam doloribus ea quibusdam.', 'de2f0ddb-9903-436a-a5e2-54224254c818', 'usr_375');
INSERT INTO trabalho.comentarios_podcast_usuario VALUES ('comment_375_2_0', 'Quam quod similique iure impedit.', 'de2f0ddb-9903-436a-a5e2-54224254c818', 'usr_375');
INSERT INTO trabalho.comentarios_podcast_usuario VALUES ('comment_375_3_0', 'Sit eos earum.', 'de2f0ddb-9903-436a-a5e2-54224254c818', 'usr_375');
INSERT INTO trabalho.comentarios_podcast_usuario VALUES ('comment_375_4_0', 'Vel sed ea nihil vitae.', 'de2f0ddb-9903-436a-a5e2-54224254c818', 'usr_375');
INSERT INTO trabalho.log_acesso VALUES ('log_375_0_0', 'de2f0ddb-9903-436a-a5e2-54224254c818', 'usr_375');
INSERT INTO trabalho.log_acesso VALUES ('log_375_1_0', 'de2f0ddb-9903-436a-a5e2-54224254c818', 'usr_375');
INSERT INTO trabalho.log_acesso VALUES ('log_375_2_0', 'de2f0ddb-9903-436a-a5e2-54224254c818', 'usr_375');
INSERT INTO trabalho.log_acesso VALUES ('log_375_3_0', 'de2f0ddb-9903-436a-a5e2-54224254c818', 'usr_375');
INSERT INTO trabalho.log_acesso VALUES ('log_375_4_0', 'de2f0ddb-9903-436a-a5e2-54224254c818', 'usr_375');
INSERT INTO trabalho.usuario_esta_inscrito_no_podcast VALUES (3, 'f1b92ce7-47a7-43cd-8586-4a09185cdd05', 'usr_375');
INSERT INTO trabalho.comentarios_podcast_usuario VALUES ('comment_375_0_1', 'Sunt neque dolorem voluptas.', 'f1b92ce7-47a7-43cd-8586-4a09185cdd05', 'usr_375');
INSERT INTO trabalho.comentarios_podcast_usuario VALUES ('comment_375_1_1', 'Enim aut ea eum corrupti distinctio architecto.', 'f1b92ce7-47a7-43cd-8586-4a09185cdd05', 'usr_375');
INSERT INTO trabalho.comentarios_podcast_usuario VALUES ('comment_375_2_1', 'Qui fuga magni sed consequatur.', 'f1b92ce7-47a7-43cd-8586-4a09185cdd05', 'usr_375');
INSERT INTO trabalho.log_acesso VALUES ('log_375_0_1', 'f1b92ce7-47a7-43cd-8586-4a09185cdd05', 'usr_375');
INSERT INTO trabalho.usuario_esta_inscrito_no_podcast VALUES (3, 'af46a958-b921-47b6-9f87-5c4fdc68ea79', 'usr_375');
INSERT INTO trabalho.comentarios_podcast_usuario VALUES ('comment_375_0_2', 'Provident voluptas asperiores aspernatur animi.', 'af46a958-b921-47b6-9f87-5c4fdc68ea79', 'usr_375');
INSERT INTO trabalho.comentarios_podcast_usuario VALUES ('comment_375_1_2', 'Unde dolorum enim.', 'af46a958-b921-47b6-9f87-5c4fdc68ea79', 'usr_375');
INSERT INTO trabalho.comentarios_podcast_usuario VALUES ('comment_375_2_2', 'Vel soluta voluptates eveniet.', 'af46a958-b921-47b6-9f87-5c4fdc68ea79', 'usr_375');
INSERT INTO trabalho.log_acesso VALUES ('log_375_0_2', 'af46a958-b921-47b6-9f87-5c4fdc68ea79', 'usr_375');
INSERT INTO trabalho.log_acesso VALUES ('log_375_1_2', 'af46a958-b921-47b6-9f87-5c4fdc68ea79', 'usr_375');
INSERT INTO trabalho.log_acesso VALUES ('log_375_2_2', 'af46a958-b921-47b6-9f87-5c4fdc68ea79', 'usr_375');
INSERT INTO trabalho.log_acesso VALUES ('log_375_3_2', 'af46a958-b921-47b6-9f87-5c4fdc68ea79', 'usr_375');
INSERT INTO trabalho.log_acesso VALUES ('log_375_4_2', 'af46a958-b921-47b6-9f87-5c4fdc68ea79', 'usr_375');
INSERT INTO trabalho.usuario VALUES ('usr_376', '376_Flix.Batista1@yahoo.com', 'Félix Batista', 'male', 15, 'password', 'Sudão');
INSERT INTO trabalho.usuario_esta_inscrito_no_podcast VALUES (3, 'fa3abe16-3645-4d22-a01d-893e6f20c408', 'usr_376');
INSERT INTO trabalho.comentarios_podcast_usuario VALUES ('comment_376_0_0', 'Dolore dolorem quas rerum voluptatem in molestiae iure.', 'fa3abe16-3645-4d22-a01d-893e6f20c408', 'usr_376');
INSERT INTO trabalho.comentarios_podcast_usuario VALUES ('comment_376_1_0', 'Voluptatem aut deserunt voluptatem est quo.', 'fa3abe16-3645-4d22-a01d-893e6f20c408', 'usr_376');
INSERT INTO trabalho.comentarios_podcast_usuario VALUES ('comment_376_2_0', 'Voluptas corrupti officiis sit dolorum sint rerum fuga ex.', 'fa3abe16-3645-4d22-a01d-893e6f20c408', 'usr_376');
INSERT INTO trabalho.log_acesso VALUES ('log_376_0_0', 'fa3abe16-3645-4d22-a01d-893e6f20c408', 'usr_376');
INSERT INTO trabalho.log_acesso VALUES ('log_376_1_0', 'fa3abe16-3645-4d22-a01d-893e6f20c408', 'usr_376');
INSERT INTO trabalho.log_acesso VALUES ('log_376_2_0', 'fa3abe16-3645-4d22-a01d-893e6f20c408', 'usr_376');
INSERT INTO trabalho.log_acesso VALUES ('log_376_3_0', 'fa3abe16-3645-4d22-a01d-893e6f20c408', 'usr_376');
INSERT INTO trabalho.usuario_esta_inscrito_no_podcast VALUES (0, '7e429e8e-7669-403d-bb78-3cd7f9f75afd', 'usr_376');
INSERT INTO trabalho.comentarios_podcast_usuario VALUES ('comment_376_0_1', 'Est sunt voluptatem magnam sequi soluta animi est assumenda.', '7e429e8e-7669-403d-bb78-3cd7f9f75afd', 'usr_376');
INSERT INTO trabalho.comentarios_podcast_usuario VALUES ('comment_376_1_1', 'Repellat magnam dolor nostrum.', '7e429e8e-7669-403d-bb78-3cd7f9f75afd', 'usr_376');
INSERT INTO trabalho.comentarios_podcast_usuario VALUES ('comment_376_2_1', 'Aut sit facilis autem quae officiis enim.', '7e429e8e-7669-403d-bb78-3cd7f9f75afd', 'usr_376');
INSERT INTO trabalho.comentarios_podcast_usuario VALUES ('comment_376_3_1', 'Similique et id ut qui velit voluptas vel.', '7e429e8e-7669-403d-bb78-3cd7f9f75afd', 'usr_376');
INSERT INTO trabalho.log_acesso VALUES ('log_376_0_1', '7e429e8e-7669-403d-bb78-3cd7f9f75afd', 'usr_376');
INSERT INTO trabalho.log_acesso VALUES ('log_376_1_1', '7e429e8e-7669-403d-bb78-3cd7f9f75afd', 'usr_376');
INSERT INTO trabalho.log_acesso VALUES ('log_376_2_1', '7e429e8e-7669-403d-bb78-3cd7f9f75afd', 'usr_376');
INSERT INTO trabalho.log_acesso VALUES ('log_376_3_1', '7e429e8e-7669-403d-bb78-3cd7f9f75afd', 'usr_376');
INSERT INTO trabalho.log_acesso VALUES ('log_376_4_1', '7e429e8e-7669-403d-bb78-3cd7f9f75afd', 'usr_376');
INSERT INTO trabalho.usuario_esta_inscrito_no_podcast VALUES (4, '67074e68-bc2f-442b-8af2-7d328b6af6eb', 'usr_376');
INSERT INTO trabalho.comentarios_podcast_usuario VALUES ('comment_376_0_2', 'Sit sunt eveniet pariatur quaerat voluptas culpa aut odit veniam.', '67074e68-bc2f-442b-8af2-7d328b6af6eb', 'usr_376');
INSERT INTO trabalho.comentarios_podcast_usuario VALUES ('comment_376_1_2', 'Aut eligendi aut.', '67074e68-bc2f-442b-8af2-7d328b6af6eb', 'usr_376');
INSERT INTO trabalho.comentarios_podcast_usuario VALUES ('comment_376_2_2', 'Nesciunt et qui dolor nisi.', '67074e68-bc2f-442b-8af2-7d328b6af6eb', 'usr_376');
INSERT INTO trabalho.log_acesso VALUES ('log_376_0_2', '67074e68-bc2f-442b-8af2-7d328b6af6eb', 'usr_376');
INSERT INTO trabalho.log_acesso VALUES ('log_376_1_2', '67074e68-bc2f-442b-8af2-7d328b6af6eb', 'usr_376');
INSERT INTO trabalho.log_acesso VALUES ('log_376_2_2', '67074e68-bc2f-442b-8af2-7d328b6af6eb', 'usr_376');
INSERT INTO trabalho.log_acesso VALUES ('log_376_3_2', '67074e68-bc2f-442b-8af2-7d328b6af6eb', 'usr_376');
INSERT INTO trabalho.log_acesso VALUES ('log_376_4_2', '67074e68-bc2f-442b-8af2-7d328b6af6eb', 'usr_376');
INSERT INTO trabalho.log_acesso VALUES ('log_376_5_2', '67074e68-bc2f-442b-8af2-7d328b6af6eb', 'usr_376');
INSERT INTO trabalho.usuario VALUES ('usr_377', '377_Mariana.Franco11@hotmail.com', 'Mariana Franco', 'female', 30, 'password', 'Áustria');
INSERT INTO trabalho.usuario_esta_inscrito_no_podcast VALUES (5, '219328a1-cec6-4e8c-b003-52a3ec9766bb', 'usr_377');
INSERT INTO trabalho.comentarios_podcast_usuario VALUES ('comment_377_0_0', 'Assumenda hic mollitia.', '219328a1-cec6-4e8c-b003-52a3ec9766bb', 'usr_377');
INSERT INTO trabalho.comentarios_podcast_usuario VALUES ('comment_377_1_0', 'Eum quibusdam nihil illum ut adipisci alias dolorem nisi.', '219328a1-cec6-4e8c-b003-52a3ec9766bb', 'usr_377');
INSERT INTO trabalho.comentarios_podcast_usuario VALUES ('comment_377_2_0', 'Aut ut sunt.', '219328a1-cec6-4e8c-b003-52a3ec9766bb', 'usr_377');
INSERT INTO trabalho.log_acesso VALUES ('log_377_0_0', '219328a1-cec6-4e8c-b003-52a3ec9766bb', 'usr_377');
INSERT INTO trabalho.log_acesso VALUES ('log_377_1_0', '219328a1-cec6-4e8c-b003-52a3ec9766bb', 'usr_377');
INSERT INTO trabalho.log_acesso VALUES ('log_377_2_0', '219328a1-cec6-4e8c-b003-52a3ec9766bb', 'usr_377');
INSERT INTO trabalho.log_acesso VALUES ('log_377_3_0', '219328a1-cec6-4e8c-b003-52a3ec9766bb', 'usr_377');
INSERT INTO trabalho.usuario_esta_inscrito_no_podcast VALUES (2, 'b553d865-8fe2-47de-9a30-10e1dea3bd1d', 'usr_377');
INSERT INTO trabalho.comentarios_podcast_usuario VALUES ('comment_377_0_1', 'Sed iure praesentium ipsam inventore.', 'b553d865-8fe2-47de-9a30-10e1dea3bd1d', 'usr_377');
INSERT INTO trabalho.comentarios_podcast_usuario VALUES ('comment_377_1_1', 'Neque voluptas praesentium similique ullam.', 'b553d865-8fe2-47de-9a30-10e1dea3bd1d', 'usr_377');
INSERT INTO trabalho.comentarios_podcast_usuario VALUES ('comment_377_2_1', 'Optio tempora eos corrupti ipsam.', 'b553d865-8fe2-47de-9a30-10e1dea3bd1d', 'usr_377');
INSERT INTO trabalho.comentarios_podcast_usuario VALUES ('comment_377_3_1', 'Est nostrum quis tempore.', 'b553d865-8fe2-47de-9a30-10e1dea3bd1d', 'usr_377');
INSERT INTO trabalho.log_acesso VALUES ('log_377_0_1', 'b553d865-8fe2-47de-9a30-10e1dea3bd1d', 'usr_377');
INSERT INTO trabalho.log_acesso VALUES ('log_377_1_1', 'b553d865-8fe2-47de-9a30-10e1dea3bd1d', 'usr_377');
INSERT INTO trabalho.log_acesso VALUES ('log_377_2_1', 'b553d865-8fe2-47de-9a30-10e1dea3bd1d', 'usr_377');
INSERT INTO trabalho.log_acesso VALUES ('log_377_3_1', 'b553d865-8fe2-47de-9a30-10e1dea3bd1d', 'usr_377');
INSERT INTO trabalho.usuario_esta_inscrito_no_podcast VALUES (2, '168c1536-4c42-4b8f-8c77-f06affefec6a', 'usr_377');
INSERT INTO trabalho.comentarios_podcast_usuario VALUES ('comment_377_0_2', 'Nisi est qui quos.', '168c1536-4c42-4b8f-8c77-f06affefec6a', 'usr_377');
INSERT INTO trabalho.log_acesso VALUES ('log_377_0_2', '168c1536-4c42-4b8f-8c77-f06affefec6a', 'usr_377');
INSERT INTO trabalho.log_acesso VALUES ('log_377_1_2', '168c1536-4c42-4b8f-8c77-f06affefec6a', 'usr_377');
INSERT INTO trabalho.log_acesso VALUES ('log_377_2_2', '168c1536-4c42-4b8f-8c77-f06affefec6a', 'usr_377');
INSERT INTO trabalho.log_acesso VALUES ('log_377_3_2', '168c1536-4c42-4b8f-8c77-f06affefec6a', 'usr_377');
INSERT INTO trabalho.log_acesso VALUES ('log_377_4_2', '168c1536-4c42-4b8f-8c77-f06affefec6a', 'usr_377');
INSERT INTO trabalho.log_acesso VALUES ('log_377_5_2', '168c1536-4c42-4b8f-8c77-f06affefec6a', 'usr_377');
INSERT INTO trabalho.usuario VALUES ('usr_378', '378_Caio26@yahoo.com', 'Caio Pereira', 'male', 31, 'password', 'Argentina');
INSERT INTO trabalho.usuario_esta_inscrito_no_podcast VALUES (5, '5bdf7377-8330-4f9f-8efd-e95301c122ce', 'usr_378');
INSERT INTO trabalho.comentarios_podcast_usuario VALUES ('comment_378_0_0', 'Fugit natus ut aperiam et voluptas.', '5bdf7377-8330-4f9f-8efd-e95301c122ce', 'usr_378');
INSERT INTO trabalho.comentarios_podcast_usuario VALUES ('comment_378_1_0', 'Tempore necessitatibus cupiditate.', '5bdf7377-8330-4f9f-8efd-e95301c122ce', 'usr_378');
INSERT INTO trabalho.comentarios_podcast_usuario VALUES ('comment_378_2_0', 'Autem quasi iusto ut totam qui soluta laudantium omnis mollitia.', '5bdf7377-8330-4f9f-8efd-e95301c122ce', 'usr_378');
INSERT INTO trabalho.comentarios_podcast_usuario VALUES ('comment_378_3_0', 'Aut commodi perspiciatis rerum voluptatibus est vel.', '5bdf7377-8330-4f9f-8efd-e95301c122ce', 'usr_378');
INSERT INTO trabalho.log_acesso VALUES ('log_378_0_0', '5bdf7377-8330-4f9f-8efd-e95301c122ce', 'usr_378');
INSERT INTO trabalho.log_acesso VALUES ('log_378_1_0', '5bdf7377-8330-4f9f-8efd-e95301c122ce', 'usr_378');
INSERT INTO trabalho.usuario_esta_inscrito_no_podcast VALUES (4, '219328a1-cec6-4e8c-b003-52a3ec9766bb', 'usr_378');
INSERT INTO trabalho.comentarios_podcast_usuario VALUES ('comment_378_0_1', 'Non corporis pariatur beatae rem id inventore ex et eveniet.', '219328a1-cec6-4e8c-b003-52a3ec9766bb', 'usr_378');
INSERT INTO trabalho.comentarios_podcast_usuario VALUES ('comment_378_1_1', 'Enim ea velit ut autem voluptas rem rem laboriosam consectetur.', '219328a1-cec6-4e8c-b003-52a3ec9766bb', 'usr_378');
INSERT INTO trabalho.comentarios_podcast_usuario VALUES ('comment_378_2_1', 'Cupiditate at incidunt voluptatem deserunt nulla.', '219328a1-cec6-4e8c-b003-52a3ec9766bb', 'usr_378');
INSERT INTO trabalho.comentarios_podcast_usuario VALUES ('comment_378_3_1', 'Officiis architecto saepe molestiae.', '219328a1-cec6-4e8c-b003-52a3ec9766bb', 'usr_378');
INSERT INTO trabalho.comentarios_podcast_usuario VALUES ('comment_378_4_1', 'Et molestias id asperiores.', '219328a1-cec6-4e8c-b003-52a3ec9766bb', 'usr_378');
INSERT INTO trabalho.log_acesso VALUES ('log_378_0_1', '219328a1-cec6-4e8c-b003-52a3ec9766bb', 'usr_378');
INSERT INTO trabalho.log_acesso VALUES ('log_378_1_1', '219328a1-cec6-4e8c-b003-52a3ec9766bb', 'usr_378');
INSERT INTO trabalho.log_acesso VALUES ('log_378_2_1', '219328a1-cec6-4e8c-b003-52a3ec9766bb', 'usr_378');
INSERT INTO trabalho.log_acesso VALUES ('log_378_3_1', '219328a1-cec6-4e8c-b003-52a3ec9766bb', 'usr_378');
INSERT INTO trabalho.log_acesso VALUES ('log_378_4_1', '219328a1-cec6-4e8c-b003-52a3ec9766bb', 'usr_378');
INSERT INTO trabalho.usuario_esta_inscrito_no_podcast VALUES (1, '168c1536-4c42-4b8f-8c77-f06affefec6a', 'usr_378');
INSERT INTO trabalho.comentarios_podcast_usuario VALUES ('comment_378_0_2', 'Molestiae rerum ipsa reiciendis odit velit odio.', '168c1536-4c42-4b8f-8c77-f06affefec6a', 'usr_378');
INSERT INTO trabalho.comentarios_podcast_usuario VALUES ('comment_378_1_2', 'Consequatur voluptatum maiores.', '168c1536-4c42-4b8f-8c77-f06affefec6a', 'usr_378');
INSERT INTO trabalho.comentarios_podcast_usuario VALUES ('comment_378_2_2', 'Quam deleniti necessitatibus et voluptatem reiciendis.', '168c1536-4c42-4b8f-8c77-f06affefec6a', 'usr_378');
INSERT INTO trabalho.log_acesso VALUES ('log_378_0_2', '168c1536-4c42-4b8f-8c77-f06affefec6a', 'usr_378');
INSERT INTO trabalho.log_acesso VALUES ('log_378_1_2', '168c1536-4c42-4b8f-8c77-f06affefec6a', 'usr_378');
INSERT INTO trabalho.log_acesso VALUES ('log_378_2_2', '168c1536-4c42-4b8f-8c77-f06affefec6a', 'usr_378');
INSERT INTO trabalho.log_acesso VALUES ('log_378_3_2', '168c1536-4c42-4b8f-8c77-f06affefec6a', 'usr_378');
INSERT INTO trabalho.usuario VALUES ('usr_379', '379_Mait92@gmail.com', 'Maitê Santos', 'female', 36, 'password', 'Barbados');
INSERT INTO trabalho.usuario_esta_inscrito_no_podcast VALUES (0, 'f0166bd2-8e4d-4308-b5d7-0b3d627c5dc5', 'usr_379');
INSERT INTO trabalho.comentarios_podcast_usuario VALUES ('comment_379_0_0', 'Distinctio dolorum sed illo soluta.', 'f0166bd2-8e4d-4308-b5d7-0b3d627c5dc5', 'usr_379');
INSERT INTO trabalho.comentarios_podcast_usuario VALUES ('comment_379_1_0', 'Quia est pariatur.', 'f0166bd2-8e4d-4308-b5d7-0b3d627c5dc5', 'usr_379');
INSERT INTO trabalho.comentarios_podcast_usuario VALUES ('comment_379_2_0', 'Vitae adipisci eum inventore enim.', 'f0166bd2-8e4d-4308-b5d7-0b3d627c5dc5', 'usr_379');
INSERT INTO trabalho.log_acesso VALUES ('log_379_0_0', 'f0166bd2-8e4d-4308-b5d7-0b3d627c5dc5', 'usr_379');
INSERT INTO trabalho.log_acesso VALUES ('log_379_1_0', 'f0166bd2-8e4d-4308-b5d7-0b3d627c5dc5', 'usr_379');
INSERT INTO trabalho.usuario_esta_inscrito_no_podcast VALUES (2, 'af46a958-b921-47b6-9f87-5c4fdc68ea79', 'usr_379');
INSERT INTO trabalho.comentarios_podcast_usuario VALUES ('comment_379_0_1', 'Provident sequi neque beatae.', 'af46a958-b921-47b6-9f87-5c4fdc68ea79', 'usr_379');
INSERT INTO trabalho.comentarios_podcast_usuario VALUES ('comment_379_1_1', 'Veniam sed quis ab nostrum quo quasi.', 'af46a958-b921-47b6-9f87-5c4fdc68ea79', 'usr_379');
INSERT INTO trabalho.comentarios_podcast_usuario VALUES ('comment_379_2_1', 'Corporis aut tenetur repudiandae aut.', 'af46a958-b921-47b6-9f87-5c4fdc68ea79', 'usr_379');
INSERT INTO trabalho.comentarios_podcast_usuario VALUES ('comment_379_3_1', 'Quasi corrupti ab.', 'af46a958-b921-47b6-9f87-5c4fdc68ea79', 'usr_379');
INSERT INTO trabalho.comentarios_podcast_usuario VALUES ('comment_379_4_1', 'Aspernatur doloremque ut est enim est numquam voluptatem ad et.', 'af46a958-b921-47b6-9f87-5c4fdc68ea79', 'usr_379');
INSERT INTO trabalho.log_acesso VALUES ('log_379_0_1', 'af46a958-b921-47b6-9f87-5c4fdc68ea79', 'usr_379');
INSERT INTO trabalho.log_acesso VALUES ('log_379_1_1', 'af46a958-b921-47b6-9f87-5c4fdc68ea79', 'usr_379');
INSERT INTO trabalho.log_acesso VALUES ('log_379_2_1', 'af46a958-b921-47b6-9f87-5c4fdc68ea79', 'usr_379');
INSERT INTO trabalho.log_acesso VALUES ('log_379_3_1', 'af46a958-b921-47b6-9f87-5c4fdc68ea79', 'usr_379');
INSERT INTO trabalho.usuario_esta_inscrito_no_podcast VALUES (4, 'fa3abe16-3645-4d22-a01d-893e6f20c408', 'usr_379');
INSERT INTO trabalho.comentarios_podcast_usuario VALUES ('comment_379_0_2', 'Possimus rerum labore est non reprehenderit.', 'fa3abe16-3645-4d22-a01d-893e6f20c408', 'usr_379');
INSERT INTO trabalho.comentarios_podcast_usuario VALUES ('comment_379_1_2', 'Reiciendis incidunt corporis quisquam.', 'fa3abe16-3645-4d22-a01d-893e6f20c408', 'usr_379');
INSERT INTO trabalho.comentarios_podcast_usuario VALUES ('comment_379_2_2', 'Consequuntur eos illum nihil.', 'fa3abe16-3645-4d22-a01d-893e6f20c408', 'usr_379');
INSERT INTO trabalho.comentarios_podcast_usuario VALUES ('comment_379_3_2', 'Ut qui quasi quibusdam quam laboriosam nisi ea ut.', 'fa3abe16-3645-4d22-a01d-893e6f20c408', 'usr_379');
INSERT INTO trabalho.comentarios_podcast_usuario VALUES ('comment_379_4_2', 'Ipsa qui possimus ea corporis harum in aperiam accusantium.', 'fa3abe16-3645-4d22-a01d-893e6f20c408', 'usr_379');
INSERT INTO trabalho.log_acesso VALUES ('log_379_0_2', 'fa3abe16-3645-4d22-a01d-893e6f20c408', 'usr_379');
INSERT INTO trabalho.log_acesso VALUES ('log_379_1_2', 'fa3abe16-3645-4d22-a01d-893e6f20c408', 'usr_379');
INSERT INTO trabalho.log_acesso VALUES ('log_379_2_2', 'fa3abe16-3645-4d22-a01d-893e6f20c408', 'usr_379');
INSERT INTO trabalho.log_acesso VALUES ('log_379_3_2', 'fa3abe16-3645-4d22-a01d-893e6f20c408', 'usr_379');
INSERT INTO trabalho.usuario VALUES ('usr_380', '380_Luiza.Albuquerque31@yahoo.com', 'Luiza Albuquerque', 'female', 2, 'password', 'Bélgica');
INSERT INTO trabalho.usuario_esta_inscrito_no_podcast VALUES (1, '7e429e8e-7669-403d-bb78-3cd7f9f75afd', 'usr_380');
INSERT INTO trabalho.comentarios_podcast_usuario VALUES ('comment_380_0_0', 'Sunt amet sit eveniet id placeat perspiciatis nulla quisquam adipisci.', '7e429e8e-7669-403d-bb78-3cd7f9f75afd', 'usr_380');
INSERT INTO trabalho.log_acesso VALUES ('log_380_0_0', '7e429e8e-7669-403d-bb78-3cd7f9f75afd', 'usr_380');
INSERT INTO trabalho.log_acesso VALUES ('log_380_1_0', '7e429e8e-7669-403d-bb78-3cd7f9f75afd', 'usr_380');
INSERT INTO trabalho.log_acesso VALUES ('log_380_2_0', '7e429e8e-7669-403d-bb78-3cd7f9f75afd', 'usr_380');
INSERT INTO trabalho.usuario_esta_inscrito_no_podcast VALUES (1, 'bc8dac25-793c-4a96-aafc-4ea7020f4f60', 'usr_380');
INSERT INTO trabalho.comentarios_podcast_usuario VALUES ('comment_380_0_1', 'Autem minima voluptas quisquam ipsum itaque aperiam velit.', 'bc8dac25-793c-4a96-aafc-4ea7020f4f60', 'usr_380');
INSERT INTO trabalho.comentarios_podcast_usuario VALUES ('comment_380_1_1', 'Quia voluptates ipsa ut.', 'bc8dac25-793c-4a96-aafc-4ea7020f4f60', 'usr_380');
INSERT INTO trabalho.comentarios_podcast_usuario VALUES ('comment_380_2_1', 'Vitae in quidem tenetur aut blanditiis consequatur consectetur est.', 'bc8dac25-793c-4a96-aafc-4ea7020f4f60', 'usr_380');
INSERT INTO trabalho.comentarios_podcast_usuario VALUES ('comment_380_3_1', 'Est et et.', 'bc8dac25-793c-4a96-aafc-4ea7020f4f60', 'usr_380');
INSERT INTO trabalho.comentarios_podcast_usuario VALUES ('comment_380_4_1', 'Eligendi at error quos saepe dolores quidem.', 'bc8dac25-793c-4a96-aafc-4ea7020f4f60', 'usr_380');
INSERT INTO trabalho.log_acesso VALUES ('log_380_0_1', 'bc8dac25-793c-4a96-aafc-4ea7020f4f60', 'usr_380');
INSERT INTO trabalho.log_acesso VALUES ('log_380_1_1', 'bc8dac25-793c-4a96-aafc-4ea7020f4f60', 'usr_380');
INSERT INTO trabalho.log_acesso VALUES ('log_380_2_1', 'bc8dac25-793c-4a96-aafc-4ea7020f4f60', 'usr_380');
INSERT INTO trabalho.log_acesso VALUES ('log_380_3_1', 'bc8dac25-793c-4a96-aafc-4ea7020f4f60', 'usr_380');
INSERT INTO trabalho.log_acesso VALUES ('log_380_4_1', 'bc8dac25-793c-4a96-aafc-4ea7020f4f60', 'usr_380');
INSERT INTO trabalho.usuario_esta_inscrito_no_podcast VALUES (1, '219328a1-cec6-4e8c-b003-52a3ec9766bb', 'usr_380');
INSERT INTO trabalho.comentarios_podcast_usuario VALUES ('comment_380_0_2', 'Harum quis animi qui.', '219328a1-cec6-4e8c-b003-52a3ec9766bb', 'usr_380');
INSERT INTO trabalho.log_acesso VALUES ('log_380_0_2', '219328a1-cec6-4e8c-b003-52a3ec9766bb', 'usr_380');
INSERT INTO trabalho.log_acesso VALUES ('log_380_1_2', '219328a1-cec6-4e8c-b003-52a3ec9766bb', 'usr_380');
INSERT INTO trabalho.usuario VALUES ('usr_381', '381_AnaLaura.Costa@yahoo.com', 'Ana Laura Costa', 'female', 30, 'password', 'Coreia do Norte');
INSERT INTO trabalho.usuario_esta_inscrito_no_podcast VALUES (1, 'c58b280a-56d4-4ad8-8c85-730e4ea86361', 'usr_381');
INSERT INTO trabalho.comentarios_podcast_usuario VALUES ('comment_381_0_0', 'Atque aut aliquid illum et laudantium.', 'c58b280a-56d4-4ad8-8c85-730e4ea86361', 'usr_381');
INSERT INTO trabalho.comentarios_podcast_usuario VALUES ('comment_381_1_0', 'Qui voluptatibus qui.', 'c58b280a-56d4-4ad8-8c85-730e4ea86361', 'usr_381');
INSERT INTO trabalho.comentarios_podcast_usuario VALUES ('comment_381_2_0', 'Quam et quia.', 'c58b280a-56d4-4ad8-8c85-730e4ea86361', 'usr_381');
INSERT INTO trabalho.comentarios_podcast_usuario VALUES ('comment_381_3_0', 'Voluptatem sapiente repellendus.', 'c58b280a-56d4-4ad8-8c85-730e4ea86361', 'usr_381');
INSERT INTO trabalho.comentarios_podcast_usuario VALUES ('comment_381_4_0', 'Eos eos ducimus quos tempora quasi veritatis atque.', 'c58b280a-56d4-4ad8-8c85-730e4ea86361', 'usr_381');
INSERT INTO trabalho.comentarios_podcast_usuario VALUES ('comment_381_5_0', 'Ut ut eos.', 'c58b280a-56d4-4ad8-8c85-730e4ea86361', 'usr_381');
INSERT INTO trabalho.comentarios_podcast_usuario VALUES ('comment_381_6_0', 'Voluptatem officiis sit quaerat tenetur distinctio.', 'c58b280a-56d4-4ad8-8c85-730e4ea86361', 'usr_381');
INSERT INTO trabalho.log_acesso VALUES ('log_381_0_0', 'c58b280a-56d4-4ad8-8c85-730e4ea86361', 'usr_381');
INSERT INTO trabalho.log_acesso VALUES ('log_381_1_0', 'c58b280a-56d4-4ad8-8c85-730e4ea86361', 'usr_381');
INSERT INTO trabalho.log_acesso VALUES ('log_381_2_0', 'c58b280a-56d4-4ad8-8c85-730e4ea86361', 'usr_381');
INSERT INTO trabalho.log_acesso VALUES ('log_381_3_0', 'c58b280a-56d4-4ad8-8c85-730e4ea86361', 'usr_381');
INSERT INTO trabalho.usuario_esta_inscrito_no_podcast VALUES (4, 'b553d865-8fe2-47de-9a30-10e1dea3bd1d', 'usr_381');
INSERT INTO trabalho.comentarios_podcast_usuario VALUES ('comment_381_0_1', 'Deserunt praesentium voluptatem ut tempore ea est id quos.', 'b553d865-8fe2-47de-9a30-10e1dea3bd1d', 'usr_381');
INSERT INTO trabalho.comentarios_podcast_usuario VALUES ('comment_381_1_1', 'Magni perspiciatis sed omnis magni autem ut cum aut dicta.', 'b553d865-8fe2-47de-9a30-10e1dea3bd1d', 'usr_381');
INSERT INTO trabalho.log_acesso VALUES ('log_381_0_1', 'b553d865-8fe2-47de-9a30-10e1dea3bd1d', 'usr_381');
INSERT INTO trabalho.log_acesso VALUES ('log_381_1_1', 'b553d865-8fe2-47de-9a30-10e1dea3bd1d', 'usr_381');
INSERT INTO trabalho.log_acesso VALUES ('log_381_2_1', 'b553d865-8fe2-47de-9a30-10e1dea3bd1d', 'usr_381');
INSERT INTO trabalho.log_acesso VALUES ('log_381_3_1', 'b553d865-8fe2-47de-9a30-10e1dea3bd1d', 'usr_381');
INSERT INTO trabalho.log_acesso VALUES ('log_381_4_1', 'b553d865-8fe2-47de-9a30-10e1dea3bd1d', 'usr_381');
INSERT INTO trabalho.usuario_esta_inscrito_no_podcast VALUES (5, '5bdf7377-8330-4f9f-8efd-e95301c122ce', 'usr_381');
INSERT INTO trabalho.comentarios_podcast_usuario VALUES ('comment_381_0_2', 'Ducimus dolorem libero aspernatur.', '5bdf7377-8330-4f9f-8efd-e95301c122ce', 'usr_381');
INSERT INTO trabalho.log_acesso VALUES ('log_381_0_2', '5bdf7377-8330-4f9f-8efd-e95301c122ce', 'usr_381');
INSERT INTO trabalho.log_acesso VALUES ('log_381_1_2', '5bdf7377-8330-4f9f-8efd-e95301c122ce', 'usr_381');
INSERT INTO trabalho.log_acesso VALUES ('log_381_2_2', '5bdf7377-8330-4f9f-8efd-e95301c122ce', 'usr_381');
INSERT INTO trabalho.log_acesso VALUES ('log_381_3_2', '5bdf7377-8330-4f9f-8efd-e95301c122ce', 'usr_381');
INSERT INTO trabalho.log_acesso VALUES ('log_381_4_2', '5bdf7377-8330-4f9f-8efd-e95301c122ce', 'usr_381');
INSERT INTO trabalho.log_acesso VALUES ('log_381_5_2', '5bdf7377-8330-4f9f-8efd-e95301c122ce', 'usr_381');
INSERT INTO trabalho.log_acesso VALUES ('log_381_6_2', '5bdf7377-8330-4f9f-8efd-e95301c122ce', 'usr_381');
INSERT INTO trabalho.log_acesso VALUES ('log_381_7_2', '5bdf7377-8330-4f9f-8efd-e95301c122ce', 'usr_381');
INSERT INTO trabalho.usuario VALUES ('usr_382', '382_Mariana.Braga@hotmail.com', 'Mariana Braga', 'female', 45, 'password', 'Chipre');
INSERT INTO trabalho.usuario_esta_inscrito_no_podcast VALUES (5, 'c58b280a-56d4-4ad8-8c85-730e4ea86361', 'usr_382');
INSERT INTO trabalho.comentarios_podcast_usuario VALUES ('comment_382_0_0', 'In et nisi delectus eum vel reiciendis porro porro nisi.', 'c58b280a-56d4-4ad8-8c85-730e4ea86361', 'usr_382');
INSERT INTO trabalho.comentarios_podcast_usuario VALUES ('comment_382_1_0', 'Et totam voluptatem aut ducimus.', 'c58b280a-56d4-4ad8-8c85-730e4ea86361', 'usr_382');
INSERT INTO trabalho.comentarios_podcast_usuario VALUES ('comment_382_2_0', 'Enim dolore similique deleniti amet et ut nihil.', 'c58b280a-56d4-4ad8-8c85-730e4ea86361', 'usr_382');
INSERT INTO trabalho.comentarios_podcast_usuario VALUES ('comment_382_3_0', 'Voluptates rerum ipsa eius ut quisquam aspernatur.', 'c58b280a-56d4-4ad8-8c85-730e4ea86361', 'usr_382');
INSERT INTO trabalho.log_acesso VALUES ('log_382_0_0', 'c58b280a-56d4-4ad8-8c85-730e4ea86361', 'usr_382');
INSERT INTO trabalho.log_acesso VALUES ('log_382_1_0', 'c58b280a-56d4-4ad8-8c85-730e4ea86361', 'usr_382');
INSERT INTO trabalho.log_acesso VALUES ('log_382_2_0', 'c58b280a-56d4-4ad8-8c85-730e4ea86361', 'usr_382');
INSERT INTO trabalho.log_acesso VALUES ('log_382_3_0', 'c58b280a-56d4-4ad8-8c85-730e4ea86361', 'usr_382');
INSERT INTO trabalho.log_acesso VALUES ('log_382_4_0', 'c58b280a-56d4-4ad8-8c85-730e4ea86361', 'usr_382');
INSERT INTO trabalho.log_acesso VALUES ('log_382_5_0', 'c58b280a-56d4-4ad8-8c85-730e4ea86361', 'usr_382');
INSERT INTO trabalho.usuario_esta_inscrito_no_podcast VALUES (1, 'af46a958-b921-47b6-9f87-5c4fdc68ea79', 'usr_382');
INSERT INTO trabalho.comentarios_podcast_usuario VALUES ('comment_382_0_1', 'Praesentium sed dolores harum nostrum iste blanditiis ipsa officia.', 'af46a958-b921-47b6-9f87-5c4fdc68ea79', 'usr_382');
INSERT INTO trabalho.comentarios_podcast_usuario VALUES ('comment_382_1_1', 'In sed velit quod voluptas labore vel vel esse dignissimos.', 'af46a958-b921-47b6-9f87-5c4fdc68ea79', 'usr_382');
INSERT INTO trabalho.comentarios_podcast_usuario VALUES ('comment_382_2_1', 'Molestiae quod necessitatibus accusantium debitis distinctio non iure placeat.', 'af46a958-b921-47b6-9f87-5c4fdc68ea79', 'usr_382');
INSERT INTO trabalho.log_acesso VALUES ('log_382_0_1', 'af46a958-b921-47b6-9f87-5c4fdc68ea79', 'usr_382');
INSERT INTO trabalho.log_acesso VALUES ('log_382_1_1', 'af46a958-b921-47b6-9f87-5c4fdc68ea79', 'usr_382');
INSERT INTO trabalho.log_acesso VALUES ('log_382_2_1', 'af46a958-b921-47b6-9f87-5c4fdc68ea79', 'usr_382');
INSERT INTO trabalho.log_acesso VALUES ('log_382_3_1', 'af46a958-b921-47b6-9f87-5c4fdc68ea79', 'usr_382');
INSERT INTO trabalho.log_acesso VALUES ('log_382_4_1', 'af46a958-b921-47b6-9f87-5c4fdc68ea79', 'usr_382');
INSERT INTO trabalho.usuario_esta_inscrito_no_podcast VALUES (2, '7e429e8e-7669-403d-bb78-3cd7f9f75afd', 'usr_382');
INSERT INTO trabalho.comentarios_podcast_usuario VALUES ('comment_382_0_2', 'Dolore numquam possimus quo nam iusto sequi rerum.', '7e429e8e-7669-403d-bb78-3cd7f9f75afd', 'usr_382');
INSERT INTO trabalho.comentarios_podcast_usuario VALUES ('comment_382_1_2', 'Consequatur ut quos ipsum libero qui soluta ad saepe qui.', '7e429e8e-7669-403d-bb78-3cd7f9f75afd', 'usr_382');
INSERT INTO trabalho.log_acesso VALUES ('log_382_0_2', '7e429e8e-7669-403d-bb78-3cd7f9f75afd', 'usr_382');
INSERT INTO trabalho.log_acesso VALUES ('log_382_1_2', '7e429e8e-7669-403d-bb78-3cd7f9f75afd', 'usr_382');
INSERT INTO trabalho.usuario VALUES ('usr_383', '383_Bryan_Pereira@hotmail.com', 'Bryan Pereira', 'male', 28, 'password', 'Malvinas');
INSERT INTO trabalho.usuario_esta_inscrito_no_podcast VALUES (1, 'f8e13774-d631-4f34-93f0-2f5d55590265', 'usr_383');
INSERT INTO trabalho.comentarios_podcast_usuario VALUES ('comment_383_0_0', 'Officia molestias repellat dicta voluptates ad eius quis.', 'f8e13774-d631-4f34-93f0-2f5d55590265', 'usr_383');
INSERT INTO trabalho.comentarios_podcast_usuario VALUES ('comment_383_1_0', 'At recusandae sapiente vel rem est similique quasi.', 'f8e13774-d631-4f34-93f0-2f5d55590265', 'usr_383');
INSERT INTO trabalho.comentarios_podcast_usuario VALUES ('comment_383_2_0', 'Soluta voluptate rerum enim et quidem accusantium voluptas quibusdam quis.', 'f8e13774-d631-4f34-93f0-2f5d55590265', 'usr_383');
INSERT INTO trabalho.log_acesso VALUES ('log_383_0_0', 'f8e13774-d631-4f34-93f0-2f5d55590265', 'usr_383');
INSERT INTO trabalho.log_acesso VALUES ('log_383_1_0', 'f8e13774-d631-4f34-93f0-2f5d55590265', 'usr_383');
INSERT INTO trabalho.usuario_esta_inscrito_no_podcast VALUES (0, '5bdf7377-8330-4f9f-8efd-e95301c122ce', 'usr_383');
INSERT INTO trabalho.comentarios_podcast_usuario VALUES ('comment_383_0_1', 'Sed aliquid sit laboriosam optio possimus non.', '5bdf7377-8330-4f9f-8efd-e95301c122ce', 'usr_383');
INSERT INTO trabalho.comentarios_podcast_usuario VALUES ('comment_383_1_1', 'Corrupti vitae expedita rem sed deserunt ut.', '5bdf7377-8330-4f9f-8efd-e95301c122ce', 'usr_383');
INSERT INTO trabalho.log_acesso VALUES ('log_383_0_1', '5bdf7377-8330-4f9f-8efd-e95301c122ce', 'usr_383');
INSERT INTO trabalho.log_acesso VALUES ('log_383_1_1', '5bdf7377-8330-4f9f-8efd-e95301c122ce', 'usr_383');
INSERT INTO trabalho.log_acesso VALUES ('log_383_2_1', '5bdf7377-8330-4f9f-8efd-e95301c122ce', 'usr_383');
INSERT INTO trabalho.log_acesso VALUES ('log_383_3_1', '5bdf7377-8330-4f9f-8efd-e95301c122ce', 'usr_383');
INSERT INTO trabalho.log_acesso VALUES ('log_383_4_1', '5bdf7377-8330-4f9f-8efd-e95301c122ce', 'usr_383');
INSERT INTO trabalho.usuario_esta_inscrito_no_podcast VALUES (2, 'fa3abe16-3645-4d22-a01d-893e6f20c408', 'usr_383');
INSERT INTO trabalho.comentarios_podcast_usuario VALUES ('comment_383_0_2', 'Esse et et.', 'fa3abe16-3645-4d22-a01d-893e6f20c408', 'usr_383');
INSERT INTO trabalho.comentarios_podcast_usuario VALUES ('comment_383_1_2', 'Ut dicta nihil ex.', 'fa3abe16-3645-4d22-a01d-893e6f20c408', 'usr_383');
INSERT INTO trabalho.comentarios_podcast_usuario VALUES ('comment_383_2_2', 'Provident cum magnam laudantium aut.', 'fa3abe16-3645-4d22-a01d-893e6f20c408', 'usr_383');
INSERT INTO trabalho.log_acesso VALUES ('log_383_0_2', 'fa3abe16-3645-4d22-a01d-893e6f20c408', 'usr_383');
INSERT INTO trabalho.log_acesso VALUES ('log_383_1_2', 'fa3abe16-3645-4d22-a01d-893e6f20c408', 'usr_383');
INSERT INTO trabalho.log_acesso VALUES ('log_383_2_2', 'fa3abe16-3645-4d22-a01d-893e6f20c408', 'usr_383');
INSERT INTO trabalho.usuario VALUES ('usr_384', '384_Giovanna.Franco@gmail.com', 'Giovanna Franco', 'female', 4, 'password', 'Itália');
INSERT INTO trabalho.usuario_esta_inscrito_no_podcast VALUES (1, '168c1536-4c42-4b8f-8c77-f06affefec6a', 'usr_384');
INSERT INTO trabalho.comentarios_podcast_usuario VALUES ('comment_384_0_0', 'Qui soluta qui.', '168c1536-4c42-4b8f-8c77-f06affefec6a', 'usr_384');
INSERT INTO trabalho.comentarios_podcast_usuario VALUES ('comment_384_1_0', 'Et quibusdam itaque sequi minima.', '168c1536-4c42-4b8f-8c77-f06affefec6a', 'usr_384');
INSERT INTO trabalho.log_acesso VALUES ('log_384_0_0', '168c1536-4c42-4b8f-8c77-f06affefec6a', 'usr_384');
INSERT INTO trabalho.log_acesso VALUES ('log_384_1_0', '168c1536-4c42-4b8f-8c77-f06affefec6a', 'usr_384');
INSERT INTO trabalho.log_acesso VALUES ('log_384_2_0', '168c1536-4c42-4b8f-8c77-f06affefec6a', 'usr_384');
INSERT INTO trabalho.usuario_esta_inscrito_no_podcast VALUES (0, 'f1b92ce7-47a7-43cd-8586-4a09185cdd05', 'usr_384');
INSERT INTO trabalho.comentarios_podcast_usuario VALUES ('comment_384_0_1', 'Aut necessitatibus eaque fuga.', 'f1b92ce7-47a7-43cd-8586-4a09185cdd05', 'usr_384');
INSERT INTO trabalho.comentarios_podcast_usuario VALUES ('comment_384_1_1', 'Reiciendis dolor possimus.', 'f1b92ce7-47a7-43cd-8586-4a09185cdd05', 'usr_384');
INSERT INTO trabalho.comentarios_podcast_usuario VALUES ('comment_384_2_1', 'Quibusdam perferendis veritatis ea sed accusantium occaecati qui quo.', 'f1b92ce7-47a7-43cd-8586-4a09185cdd05', 'usr_384');
INSERT INTO trabalho.comentarios_podcast_usuario VALUES ('comment_384_3_1', 'Autem libero qui repellendus assumenda vitae soluta optio.', 'f1b92ce7-47a7-43cd-8586-4a09185cdd05', 'usr_384');
INSERT INTO trabalho.comentarios_podcast_usuario VALUES ('comment_384_4_1', 'Est fugit ipsum non quod iste.', 'f1b92ce7-47a7-43cd-8586-4a09185cdd05', 'usr_384');
INSERT INTO trabalho.comentarios_podcast_usuario VALUES ('comment_384_5_1', 'Voluptatem animi et consequuntur corporis at aut iste.', 'f1b92ce7-47a7-43cd-8586-4a09185cdd05', 'usr_384');
INSERT INTO trabalho.log_acesso VALUES ('log_384_0_1', 'f1b92ce7-47a7-43cd-8586-4a09185cdd05', 'usr_384');
INSERT INTO trabalho.log_acesso VALUES ('log_384_1_1', 'f1b92ce7-47a7-43cd-8586-4a09185cdd05', 'usr_384');
INSERT INTO trabalho.log_acesso VALUES ('log_384_2_1', 'f1b92ce7-47a7-43cd-8586-4a09185cdd05', 'usr_384');
INSERT INTO trabalho.log_acesso VALUES ('log_384_3_1', 'f1b92ce7-47a7-43cd-8586-4a09185cdd05', 'usr_384');
INSERT INTO trabalho.log_acesso VALUES ('log_384_4_1', 'f1b92ce7-47a7-43cd-8586-4a09185cdd05', 'usr_384');
INSERT INTO trabalho.log_acesso VALUES ('log_384_5_1', 'f1b92ce7-47a7-43cd-8586-4a09185cdd05', 'usr_384');
INSERT INTO trabalho.log_acesso VALUES ('log_384_6_1', 'f1b92ce7-47a7-43cd-8586-4a09185cdd05', 'usr_384');
INSERT INTO trabalho.log_acesso VALUES ('log_384_7_1', 'f1b92ce7-47a7-43cd-8586-4a09185cdd05', 'usr_384');
INSERT INTO trabalho.log_acesso VALUES ('log_384_8_1', 'f1b92ce7-47a7-43cd-8586-4a09185cdd05', 'usr_384');
INSERT INTO trabalho.usuario_esta_inscrito_no_podcast VALUES (2, '5bdf7377-8330-4f9f-8efd-e95301c122ce', 'usr_384');
INSERT INTO trabalho.comentarios_podcast_usuario VALUES ('comment_384_0_2', 'Iusto temporibus dicta iure provident perferendis.', '5bdf7377-8330-4f9f-8efd-e95301c122ce', 'usr_384');
INSERT INTO trabalho.comentarios_podcast_usuario VALUES ('comment_384_1_2', 'Accusantium id nostrum.', '5bdf7377-8330-4f9f-8efd-e95301c122ce', 'usr_384');
INSERT INTO trabalho.comentarios_podcast_usuario VALUES ('comment_384_2_2', 'Non facere dolores consequatur quis quo sed non labore necessitatibus.', '5bdf7377-8330-4f9f-8efd-e95301c122ce', 'usr_384');
INSERT INTO trabalho.comentarios_podcast_usuario VALUES ('comment_384_3_2', 'Pariatur numquam temporibus qui est voluptatibus et sit.', '5bdf7377-8330-4f9f-8efd-e95301c122ce', 'usr_384');
INSERT INTO trabalho.comentarios_podcast_usuario VALUES ('comment_384_4_2', 'Harum iste consequatur nobis iste repudiandae commodi provident vel aut.', '5bdf7377-8330-4f9f-8efd-e95301c122ce', 'usr_384');
INSERT INTO trabalho.log_acesso VALUES ('log_384_0_2', '5bdf7377-8330-4f9f-8efd-e95301c122ce', 'usr_384');
INSERT INTO trabalho.log_acesso VALUES ('log_384_1_2', '5bdf7377-8330-4f9f-8efd-e95301c122ce', 'usr_384');
INSERT INTO trabalho.log_acesso VALUES ('log_384_2_2', '5bdf7377-8330-4f9f-8efd-e95301c122ce', 'usr_384');
INSERT INTO trabalho.log_acesso VALUES ('log_384_3_2', '5bdf7377-8330-4f9f-8efd-e95301c122ce', 'usr_384');
INSERT INTO trabalho.usuario VALUES ('usr_385', '385_Yango51@gmail.com', 'Yango Franco', 'male', 48, 'password', 'Marrocos');
INSERT INTO trabalho.usuario_esta_inscrito_no_podcast VALUES (5, 'bc8dac25-793c-4a96-aafc-4ea7020f4f60', 'usr_385');
INSERT INTO trabalho.comentarios_podcast_usuario VALUES ('comment_385_0_0', 'Veritatis ea eum et mollitia qui suscipit aperiam alias impedit.', 'bc8dac25-793c-4a96-aafc-4ea7020f4f60', 'usr_385');
INSERT INTO trabalho.log_acesso VALUES ('log_385_0_0', 'bc8dac25-793c-4a96-aafc-4ea7020f4f60', 'usr_385');
INSERT INTO trabalho.log_acesso VALUES ('log_385_1_0', 'bc8dac25-793c-4a96-aafc-4ea7020f4f60', 'usr_385');
INSERT INTO trabalho.log_acesso VALUES ('log_385_2_0', 'bc8dac25-793c-4a96-aafc-4ea7020f4f60', 'usr_385');
INSERT INTO trabalho.log_acesso VALUES ('log_385_3_0', 'bc8dac25-793c-4a96-aafc-4ea7020f4f60', 'usr_385');
INSERT INTO trabalho.usuario_esta_inscrito_no_podcast VALUES (3, 'f8e13774-d631-4f34-93f0-2f5d55590265', 'usr_385');
INSERT INTO trabalho.comentarios_podcast_usuario VALUES ('comment_385_0_1', 'Est nobis porro.', 'f8e13774-d631-4f34-93f0-2f5d55590265', 'usr_385');
INSERT INTO trabalho.comentarios_podcast_usuario VALUES ('comment_385_1_1', 'Id voluptatum pariatur in omnis et tempore consequuntur aut.', 'f8e13774-d631-4f34-93f0-2f5d55590265', 'usr_385');
INSERT INTO trabalho.comentarios_podcast_usuario VALUES ('comment_385_2_1', 'Totam quae dolores iste possimus adipisci eum eos.', 'f8e13774-d631-4f34-93f0-2f5d55590265', 'usr_385');
INSERT INTO trabalho.comentarios_podcast_usuario VALUES ('comment_385_3_1', 'Praesentium eius nam non temporibus voluptatum fuga.', 'f8e13774-d631-4f34-93f0-2f5d55590265', 'usr_385');
INSERT INTO trabalho.log_acesso VALUES ('log_385_0_1', 'f8e13774-d631-4f34-93f0-2f5d55590265', 'usr_385');
INSERT INTO trabalho.log_acesso VALUES ('log_385_1_1', 'f8e13774-d631-4f34-93f0-2f5d55590265', 'usr_385');
INSERT INTO trabalho.log_acesso VALUES ('log_385_2_1', 'f8e13774-d631-4f34-93f0-2f5d55590265', 'usr_385');
INSERT INTO trabalho.log_acesso VALUES ('log_385_3_1', 'f8e13774-d631-4f34-93f0-2f5d55590265', 'usr_385');
INSERT INTO trabalho.log_acesso VALUES ('log_385_4_1', 'f8e13774-d631-4f34-93f0-2f5d55590265', 'usr_385');
INSERT INTO trabalho.log_acesso VALUES ('log_385_5_1', 'f8e13774-d631-4f34-93f0-2f5d55590265', 'usr_385');
INSERT INTO trabalho.usuario_esta_inscrito_no_podcast VALUES (4, 'c58b280a-56d4-4ad8-8c85-730e4ea86361', 'usr_385');
INSERT INTO trabalho.comentarios_podcast_usuario VALUES ('comment_385_0_2', 'A sed et voluptas minus ipsa ab vel aut.', 'c58b280a-56d4-4ad8-8c85-730e4ea86361', 'usr_385');
INSERT INTO trabalho.comentarios_podcast_usuario VALUES ('comment_385_1_2', 'In fugiat est labore et repellendus eos vitae sequi.', 'c58b280a-56d4-4ad8-8c85-730e4ea86361', 'usr_385');
INSERT INTO trabalho.comentarios_podcast_usuario VALUES ('comment_385_2_2', 'Consequatur amet ratione officiis ut pariatur porro error quis voluptas.', 'c58b280a-56d4-4ad8-8c85-730e4ea86361', 'usr_385');
INSERT INTO trabalho.comentarios_podcast_usuario VALUES ('comment_385_3_2', 'Placeat est aut nulla aliquid eos quia.', 'c58b280a-56d4-4ad8-8c85-730e4ea86361', 'usr_385');
INSERT INTO trabalho.log_acesso VALUES ('log_385_0_2', 'c58b280a-56d4-4ad8-8c85-730e4ea86361', 'usr_385');
INSERT INTO trabalho.log_acesso VALUES ('log_385_1_2', 'c58b280a-56d4-4ad8-8c85-730e4ea86361', 'usr_385');
INSERT INTO trabalho.usuario VALUES ('usr_386', '386_Noah_Oliveira88@gmail.com', 'Noah Oliveira', 'male', 23, 'password', 'Ilhas Heard e McDonald');
INSERT INTO trabalho.usuario_esta_inscrito_no_podcast VALUES (0, 'af46a958-b921-47b6-9f87-5c4fdc68ea79', 'usr_386');
INSERT INTO trabalho.comentarios_podcast_usuario VALUES ('comment_386_0_0', 'Vero nisi odit autem est hic.', 'af46a958-b921-47b6-9f87-5c4fdc68ea79', 'usr_386');
INSERT INTO trabalho.log_acesso VALUES ('log_386_0_0', 'af46a958-b921-47b6-9f87-5c4fdc68ea79', 'usr_386');
INSERT INTO trabalho.log_acesso VALUES ('log_386_1_0', 'af46a958-b921-47b6-9f87-5c4fdc68ea79', 'usr_386');
INSERT INTO trabalho.log_acesso VALUES ('log_386_2_0', 'af46a958-b921-47b6-9f87-5c4fdc68ea79', 'usr_386');
INSERT INTO trabalho.log_acesso VALUES ('log_386_3_0', 'af46a958-b921-47b6-9f87-5c4fdc68ea79', 'usr_386');
INSERT INTO trabalho.log_acesso VALUES ('log_386_4_0', 'af46a958-b921-47b6-9f87-5c4fdc68ea79', 'usr_386');
INSERT INTO trabalho.usuario_esta_inscrito_no_podcast VALUES (3, 'c58b280a-56d4-4ad8-8c85-730e4ea86361', 'usr_386');
INSERT INTO trabalho.comentarios_podcast_usuario VALUES ('comment_386_0_1', 'Et in eveniet voluptatibus id eum est.', 'c58b280a-56d4-4ad8-8c85-730e4ea86361', 'usr_386');
INSERT INTO trabalho.comentarios_podcast_usuario VALUES ('comment_386_1_1', 'Inventore animi explicabo.', 'c58b280a-56d4-4ad8-8c85-730e4ea86361', 'usr_386');
INSERT INTO trabalho.log_acesso VALUES ('log_386_0_1', 'c58b280a-56d4-4ad8-8c85-730e4ea86361', 'usr_386');
INSERT INTO trabalho.log_acesso VALUES ('log_386_1_1', 'c58b280a-56d4-4ad8-8c85-730e4ea86361', 'usr_386');
INSERT INTO trabalho.usuario_esta_inscrito_no_podcast VALUES (5, 'bc8dac25-793c-4a96-aafc-4ea7020f4f60', 'usr_386');
INSERT INTO trabalho.comentarios_podcast_usuario VALUES ('comment_386_0_2', 'Et nisi quo et labore.', 'bc8dac25-793c-4a96-aafc-4ea7020f4f60', 'usr_386');
INSERT INTO trabalho.comentarios_podcast_usuario VALUES ('comment_386_1_2', 'Est voluptatem inventore optio et suscipit velit velit et recusandae.', 'bc8dac25-793c-4a96-aafc-4ea7020f4f60', 'usr_386');
INSERT INTO trabalho.comentarios_podcast_usuario VALUES ('comment_386_2_2', 'Sed dolores dolorum perspiciatis quidem consequuntur.', 'bc8dac25-793c-4a96-aafc-4ea7020f4f60', 'usr_386');
INSERT INTO trabalho.log_acesso VALUES ('log_386_0_2', 'bc8dac25-793c-4a96-aafc-4ea7020f4f60', 'usr_386');
INSERT INTO trabalho.usuario VALUES ('usr_387', '387_Isabela_Reis@yahoo.com', 'Isabela Reis', 'female', 20, 'password', 'Mongólia');
INSERT INTO trabalho.usuario_esta_inscrito_no_podcast VALUES (0, '168c1536-4c42-4b8f-8c77-f06affefec6a', 'usr_387');
INSERT INTO trabalho.comentarios_podcast_usuario VALUES ('comment_387_0_0', 'Saepe autem dolor molestias pariatur soluta.', '168c1536-4c42-4b8f-8c77-f06affefec6a', 'usr_387');
INSERT INTO trabalho.comentarios_podcast_usuario VALUES ('comment_387_1_0', 'Magnam veniam consequatur tempore dolore modi dolor neque quae odit.', '168c1536-4c42-4b8f-8c77-f06affefec6a', 'usr_387');
INSERT INTO trabalho.comentarios_podcast_usuario VALUES ('comment_387_2_0', 'Esse reiciendis ut dolorum enim nam recusandae in quasi ea.', '168c1536-4c42-4b8f-8c77-f06affefec6a', 'usr_387');
INSERT INTO trabalho.comentarios_podcast_usuario VALUES ('comment_387_3_0', 'Aut explicabo consequatur a impedit amet occaecati eaque voluptate.', '168c1536-4c42-4b8f-8c77-f06affefec6a', 'usr_387');
INSERT INTO trabalho.log_acesso VALUES ('log_387_0_0', '168c1536-4c42-4b8f-8c77-f06affefec6a', 'usr_387');
INSERT INTO trabalho.log_acesso VALUES ('log_387_1_0', '168c1536-4c42-4b8f-8c77-f06affefec6a', 'usr_387');
INSERT INTO trabalho.log_acesso VALUES ('log_387_2_0', '168c1536-4c42-4b8f-8c77-f06affefec6a', 'usr_387');
INSERT INTO trabalho.usuario_esta_inscrito_no_podcast VALUES (0, '67074e68-bc2f-442b-8af2-7d328b6af6eb', 'usr_387');
INSERT INTO trabalho.comentarios_podcast_usuario VALUES ('comment_387_0_1', 'Quia architecto dolorem commodi.', '67074e68-bc2f-442b-8af2-7d328b6af6eb', 'usr_387');
INSERT INTO trabalho.comentarios_podcast_usuario VALUES ('comment_387_1_1', 'Aut ipsam expedita corrupti.', '67074e68-bc2f-442b-8af2-7d328b6af6eb', 'usr_387');
INSERT INTO trabalho.log_acesso VALUES ('log_387_0_1', '67074e68-bc2f-442b-8af2-7d328b6af6eb', 'usr_387');
INSERT INTO trabalho.log_acesso VALUES ('log_387_1_1', '67074e68-bc2f-442b-8af2-7d328b6af6eb', 'usr_387');
INSERT INTO trabalho.usuario_esta_inscrito_no_podcast VALUES (4, 'b553d865-8fe2-47de-9a30-10e1dea3bd1d', 'usr_387');
INSERT INTO trabalho.comentarios_podcast_usuario VALUES ('comment_387_0_2', 'Occaecati qui nulla et quos expedita nesciunt aut.', 'b553d865-8fe2-47de-9a30-10e1dea3bd1d', 'usr_387');
INSERT INTO trabalho.comentarios_podcast_usuario VALUES ('comment_387_1_2', 'Animi perspiciatis quis est laboriosam iure placeat aut.', 'b553d865-8fe2-47de-9a30-10e1dea3bd1d', 'usr_387');
INSERT INTO trabalho.comentarios_podcast_usuario VALUES ('comment_387_2_2', 'Doloremque excepturi doloribus autem vel saepe quam et error aliquam.', 'b553d865-8fe2-47de-9a30-10e1dea3bd1d', 'usr_387');
INSERT INTO trabalho.comentarios_podcast_usuario VALUES ('comment_387_3_2', 'Provident repellat expedita fugiat unde atque ut voluptatem.', 'b553d865-8fe2-47de-9a30-10e1dea3bd1d', 'usr_387');
INSERT INTO trabalho.log_acesso VALUES ('log_387_0_2', 'b553d865-8fe2-47de-9a30-10e1dea3bd1d', 'usr_387');
INSERT INTO trabalho.log_acesso VALUES ('log_387_1_2', 'b553d865-8fe2-47de-9a30-10e1dea3bd1d', 'usr_387');
INSERT INTO trabalho.usuario VALUES ('usr_388', '388_Elo_Barros49@yahoo.com', 'Eloá Barros', 'female', 33, 'password', 'Síria');
INSERT INTO trabalho.usuario_esta_inscrito_no_podcast VALUES (5, 'f8e13774-d631-4f34-93f0-2f5d55590265', 'usr_388');
INSERT INTO trabalho.comentarios_podcast_usuario VALUES ('comment_388_0_0', 'Vel explicabo esse quaerat labore.', 'f8e13774-d631-4f34-93f0-2f5d55590265', 'usr_388');
INSERT INTO trabalho.comentarios_podcast_usuario VALUES ('comment_388_1_0', 'Nesciunt fugit est excepturi magnam autem et asperiores quas.', 'f8e13774-d631-4f34-93f0-2f5d55590265', 'usr_388');
INSERT INTO trabalho.comentarios_podcast_usuario VALUES ('comment_388_2_0', 'Numquam quia non.', 'f8e13774-d631-4f34-93f0-2f5d55590265', 'usr_388');
INSERT INTO trabalho.comentarios_podcast_usuario VALUES ('comment_388_3_0', 'Aut natus autem maxime est sed repudiandae voluptate totam atque.', 'f8e13774-d631-4f34-93f0-2f5d55590265', 'usr_388');
INSERT INTO trabalho.comentarios_podcast_usuario VALUES ('comment_388_4_0', 'Laudantium facilis ut aut aperiam quia cum atque et.', 'f8e13774-d631-4f34-93f0-2f5d55590265', 'usr_388');
INSERT INTO trabalho.comentarios_podcast_usuario VALUES ('comment_388_5_0', 'Doloremque molestias vel delectus ullam.', 'f8e13774-d631-4f34-93f0-2f5d55590265', 'usr_388');
INSERT INTO trabalho.log_acesso VALUES ('log_388_0_0', 'f8e13774-d631-4f34-93f0-2f5d55590265', 'usr_388');
INSERT INTO trabalho.log_acesso VALUES ('log_388_1_0', 'f8e13774-d631-4f34-93f0-2f5d55590265', 'usr_388');
INSERT INTO trabalho.log_acesso VALUES ('log_388_2_0', 'f8e13774-d631-4f34-93f0-2f5d55590265', 'usr_388');
INSERT INTO trabalho.usuario_esta_inscrito_no_podcast VALUES (5, 'f0166bd2-8e4d-4308-b5d7-0b3d627c5dc5', 'usr_388');
INSERT INTO trabalho.comentarios_podcast_usuario VALUES ('comment_388_0_1', 'Consequuntur qui ea.', 'f0166bd2-8e4d-4308-b5d7-0b3d627c5dc5', 'usr_388');
INSERT INTO trabalho.comentarios_podcast_usuario VALUES ('comment_388_1_1', 'Voluptatibus sequi officiis perferendis eaque sapiente molestiae neque expedita.', 'f0166bd2-8e4d-4308-b5d7-0b3d627c5dc5', 'usr_388');
INSERT INTO trabalho.comentarios_podcast_usuario VALUES ('comment_388_2_1', 'Esse et nam et nostrum aspernatur sapiente.', 'f0166bd2-8e4d-4308-b5d7-0b3d627c5dc5', 'usr_388');
INSERT INTO trabalho.comentarios_podcast_usuario VALUES ('comment_388_3_1', 'Necessitatibus ipsa ea odio dignissimos.', 'f0166bd2-8e4d-4308-b5d7-0b3d627c5dc5', 'usr_388');
INSERT INTO trabalho.log_acesso VALUES ('log_388_0_1', 'f0166bd2-8e4d-4308-b5d7-0b3d627c5dc5', 'usr_388');
INSERT INTO trabalho.log_acesso VALUES ('log_388_1_1', 'f0166bd2-8e4d-4308-b5d7-0b3d627c5dc5', 'usr_388');
INSERT INTO trabalho.usuario_esta_inscrito_no_podcast VALUES (0, '7e429e8e-7669-403d-bb78-3cd7f9f75afd', 'usr_388');
INSERT INTO trabalho.comentarios_podcast_usuario VALUES ('comment_388_0_2', 'Omnis et eius aut laudantium et quia quia.', '7e429e8e-7669-403d-bb78-3cd7f9f75afd', 'usr_388');
INSERT INTO trabalho.comentarios_podcast_usuario VALUES ('comment_388_1_2', 'Quidem vero sit voluptatibus a minus suscipit itaque.', '7e429e8e-7669-403d-bb78-3cd7f9f75afd', 'usr_388');
INSERT INTO trabalho.log_acesso VALUES ('log_388_0_2', '7e429e8e-7669-403d-bb78-3cd7f9f75afd', 'usr_388');
INSERT INTO trabalho.log_acesso VALUES ('log_388_1_2', '7e429e8e-7669-403d-bb78-3cd7f9f75afd', 'usr_388');
INSERT INTO trabalho.log_acesso VALUES ('log_388_2_2', '7e429e8e-7669-403d-bb78-3cd7f9f75afd', 'usr_388');
INSERT INTO trabalho.log_acesso VALUES ('log_388_3_2', '7e429e8e-7669-403d-bb78-3cd7f9f75afd', 'usr_388');
INSERT INTO trabalho.log_acesso VALUES ('log_388_4_2', '7e429e8e-7669-403d-bb78-3cd7f9f75afd', 'usr_388');
INSERT INTO trabalho.log_acesso VALUES ('log_388_5_2', '7e429e8e-7669-403d-bb78-3cd7f9f75afd', 'usr_388');
INSERT INTO trabalho.usuario VALUES ('usr_389', '389_Rafael9@hotmail.com', 'Rafael Moraes', 'male', 19, 'password', 'Suíça');
INSERT INTO trabalho.usuario_esta_inscrito_no_podcast VALUES (5, 'bc8dac25-793c-4a96-aafc-4ea7020f4f60', 'usr_389');
INSERT INTO trabalho.comentarios_podcast_usuario VALUES ('comment_389_0_0', 'Numquam autem earum voluptate.', 'bc8dac25-793c-4a96-aafc-4ea7020f4f60', 'usr_389');
INSERT INTO trabalho.comentarios_podcast_usuario VALUES ('comment_389_1_0', 'Ut neque quo est quo minima repudiandae rerum et.', 'bc8dac25-793c-4a96-aafc-4ea7020f4f60', 'usr_389');
INSERT INTO trabalho.comentarios_podcast_usuario VALUES ('comment_389_2_0', 'Aliquid consequuntur rem sit debitis.', 'bc8dac25-793c-4a96-aafc-4ea7020f4f60', 'usr_389');
INSERT INTO trabalho.comentarios_podcast_usuario VALUES ('comment_389_3_0', 'Rem at vel illo dolor.', 'bc8dac25-793c-4a96-aafc-4ea7020f4f60', 'usr_389');
INSERT INTO trabalho.log_acesso VALUES ('log_389_0_0', 'bc8dac25-793c-4a96-aafc-4ea7020f4f60', 'usr_389');
INSERT INTO trabalho.usuario_esta_inscrito_no_podcast VALUES (2, 'f1b92ce7-47a7-43cd-8586-4a09185cdd05', 'usr_389');
INSERT INTO trabalho.comentarios_podcast_usuario VALUES ('comment_389_0_1', 'Pariatur laudantium nemo incidunt at.', 'f1b92ce7-47a7-43cd-8586-4a09185cdd05', 'usr_389');
INSERT INTO trabalho.log_acesso VALUES ('log_389_0_1', 'f1b92ce7-47a7-43cd-8586-4a09185cdd05', 'usr_389');
INSERT INTO trabalho.log_acesso VALUES ('log_389_1_1', 'f1b92ce7-47a7-43cd-8586-4a09185cdd05', 'usr_389');
INSERT INTO trabalho.usuario_esta_inscrito_no_podcast VALUES (3, 'fa3abe16-3645-4d22-a01d-893e6f20c408', 'usr_389');
INSERT INTO trabalho.comentarios_podcast_usuario VALUES ('comment_389_0_2', 'Laudantium est provident et accusamus culpa laudantium veritatis tenetur.', 'fa3abe16-3645-4d22-a01d-893e6f20c408', 'usr_389');
INSERT INTO trabalho.comentarios_podcast_usuario VALUES ('comment_389_1_2', 'Laboriosam fugiat deserunt aliquid nihil impedit commodi qui.', 'fa3abe16-3645-4d22-a01d-893e6f20c408', 'usr_389');
INSERT INTO trabalho.comentarios_podcast_usuario VALUES ('comment_389_2_2', 'Voluptatem libero consequatur exercitationem veniam.', 'fa3abe16-3645-4d22-a01d-893e6f20c408', 'usr_389');
INSERT INTO trabalho.comentarios_podcast_usuario VALUES ('comment_389_3_2', 'Quia eos molestiae id aut asperiores laboriosam.', 'fa3abe16-3645-4d22-a01d-893e6f20c408', 'usr_389');
INSERT INTO trabalho.comentarios_podcast_usuario VALUES ('comment_389_4_2', 'Aut dolore aliquid quod labore quo ea.', 'fa3abe16-3645-4d22-a01d-893e6f20c408', 'usr_389');
INSERT INTO trabalho.comentarios_podcast_usuario VALUES ('comment_389_5_2', 'Aut quia ipsum totam omnis eligendi tenetur.', 'fa3abe16-3645-4d22-a01d-893e6f20c408', 'usr_389');
INSERT INTO trabalho.log_acesso VALUES ('log_389_0_2', 'fa3abe16-3645-4d22-a01d-893e6f20c408', 'usr_389');
INSERT INTO trabalho.log_acesso VALUES ('log_389_1_2', 'fa3abe16-3645-4d22-a01d-893e6f20c408', 'usr_389');
INSERT INTO trabalho.log_acesso VALUES ('log_389_2_2', 'fa3abe16-3645-4d22-a01d-893e6f20c408', 'usr_389');
INSERT INTO trabalho.log_acesso VALUES ('log_389_3_2', 'fa3abe16-3645-4d22-a01d-893e6f20c408', 'usr_389');
INSERT INTO trabalho.log_acesso VALUES ('log_389_4_2', 'fa3abe16-3645-4d22-a01d-893e6f20c408', 'usr_389');
INSERT INTO trabalho.log_acesso VALUES ('log_389_5_2', 'fa3abe16-3645-4d22-a01d-893e6f20c408', 'usr_389');
INSERT INTO trabalho.usuario VALUES ('usr_390', '390_Paulo_Reis38@yahoo.com', 'Paulo Reis', 'male', 10, 'password', 'Maiote');
INSERT INTO trabalho.usuario_esta_inscrito_no_podcast VALUES (3, '168c1536-4c42-4b8f-8c77-f06affefec6a', 'usr_390');
INSERT INTO trabalho.comentarios_podcast_usuario VALUES ('comment_390_0_0', 'Tempore voluptas neque ut cum voluptatem dolorum.', '168c1536-4c42-4b8f-8c77-f06affefec6a', 'usr_390');
INSERT INTO trabalho.comentarios_podcast_usuario VALUES ('comment_390_1_0', 'Est harum labore occaecati vero rem.', '168c1536-4c42-4b8f-8c77-f06affefec6a', 'usr_390');
INSERT INTO trabalho.comentarios_podcast_usuario VALUES ('comment_390_2_0', 'Dicta veniam nulla unde officiis nam doloremque adipisci magni.', '168c1536-4c42-4b8f-8c77-f06affefec6a', 'usr_390');
INSERT INTO trabalho.comentarios_podcast_usuario VALUES ('comment_390_3_0', 'Fuga aperiam nulla ex soluta vel et reprehenderit ipsum.', '168c1536-4c42-4b8f-8c77-f06affefec6a', 'usr_390');
INSERT INTO trabalho.comentarios_podcast_usuario VALUES ('comment_390_4_0', 'Quis alias deleniti beatae laboriosam assumenda est ut quasi.', '168c1536-4c42-4b8f-8c77-f06affefec6a', 'usr_390');
INSERT INTO trabalho.comentarios_podcast_usuario VALUES ('comment_390_5_0', 'Aut facere rerum dolorum exercitationem sed ut repudiandae et quaerat.', '168c1536-4c42-4b8f-8c77-f06affefec6a', 'usr_390');
INSERT INTO trabalho.log_acesso VALUES ('log_390_0_0', '168c1536-4c42-4b8f-8c77-f06affefec6a', 'usr_390');
INSERT INTO trabalho.log_acesso VALUES ('log_390_1_0', '168c1536-4c42-4b8f-8c77-f06affefec6a', 'usr_390');
INSERT INTO trabalho.log_acesso VALUES ('log_390_2_0', '168c1536-4c42-4b8f-8c77-f06affefec6a', 'usr_390');
INSERT INTO trabalho.log_acesso VALUES ('log_390_3_0', '168c1536-4c42-4b8f-8c77-f06affefec6a', 'usr_390');
INSERT INTO trabalho.log_acesso VALUES ('log_390_4_0', '168c1536-4c42-4b8f-8c77-f06affefec6a', 'usr_390');
INSERT INTO trabalho.usuario_esta_inscrito_no_podcast VALUES (3, '67074e68-bc2f-442b-8af2-7d328b6af6eb', 'usr_390');
INSERT INTO trabalho.comentarios_podcast_usuario VALUES ('comment_390_0_1', 'Et voluptas voluptatibus necessitatibus provident dolores quia quibusdam dolor quasi.', '67074e68-bc2f-442b-8af2-7d328b6af6eb', 'usr_390');
INSERT INTO trabalho.comentarios_podcast_usuario VALUES ('comment_390_1_1', 'Quis eum recusandae sunt est alias laboriosam dolorem.', '67074e68-bc2f-442b-8af2-7d328b6af6eb', 'usr_390');
INSERT INTO trabalho.comentarios_podcast_usuario VALUES ('comment_390_2_1', 'Facere quibusdam et repudiandae ea sint est omnis.', '67074e68-bc2f-442b-8af2-7d328b6af6eb', 'usr_390');
INSERT INTO trabalho.log_acesso VALUES ('log_390_0_1', '67074e68-bc2f-442b-8af2-7d328b6af6eb', 'usr_390');
INSERT INTO trabalho.log_acesso VALUES ('log_390_1_1', '67074e68-bc2f-442b-8af2-7d328b6af6eb', 'usr_390');
INSERT INTO trabalho.log_acesso VALUES ('log_390_2_1', '67074e68-bc2f-442b-8af2-7d328b6af6eb', 'usr_390');
INSERT INTO trabalho.log_acesso VALUES ('log_390_3_1', '67074e68-bc2f-442b-8af2-7d328b6af6eb', 'usr_390');
INSERT INTO trabalho.usuario_esta_inscrito_no_podcast VALUES (1, '5bdf7377-8330-4f9f-8efd-e95301c122ce', 'usr_390');
INSERT INTO trabalho.comentarios_podcast_usuario VALUES ('comment_390_0_2', 'Vel laudantium veniam repudiandae veritatis ut tempore voluptatem adipisci.', '5bdf7377-8330-4f9f-8efd-e95301c122ce', 'usr_390');
INSERT INTO trabalho.log_acesso VALUES ('log_390_0_2', '5bdf7377-8330-4f9f-8efd-e95301c122ce', 'usr_390');
INSERT INTO trabalho.log_acesso VALUES ('log_390_1_2', '5bdf7377-8330-4f9f-8efd-e95301c122ce', 'usr_390');
INSERT INTO trabalho.log_acesso VALUES ('log_390_2_2', '5bdf7377-8330-4f9f-8efd-e95301c122ce', 'usr_390');
INSERT INTO trabalho.log_acesso VALUES ('log_390_3_2', '5bdf7377-8330-4f9f-8efd-e95301c122ce', 'usr_390');
INSERT INTO trabalho.log_acesso VALUES ('log_390_4_2', '5bdf7377-8330-4f9f-8efd-e95301c122ce', 'usr_390');
INSERT INTO trabalho.usuario VALUES ('usr_391', '391_DaviLucca.Xavier@hotmail.com', 'Davi Lucca Xavier', 'male', 24, 'password', 'Holanda');
INSERT INTO trabalho.usuario_esta_inscrito_no_podcast VALUES (0, 'c58b280a-56d4-4ad8-8c85-730e4ea86361', 'usr_391');
INSERT INTO trabalho.comentarios_podcast_usuario VALUES ('comment_391_0_0', 'Est necessitatibus et voluptates.', 'c58b280a-56d4-4ad8-8c85-730e4ea86361', 'usr_391');
INSERT INTO trabalho.comentarios_podcast_usuario VALUES ('comment_391_1_0', 'Exercitationem et sed officia corporis laboriosam.', 'c58b280a-56d4-4ad8-8c85-730e4ea86361', 'usr_391');
INSERT INTO trabalho.log_acesso VALUES ('log_391_0_0', 'c58b280a-56d4-4ad8-8c85-730e4ea86361', 'usr_391');
INSERT INTO trabalho.log_acesso VALUES ('log_391_1_0', 'c58b280a-56d4-4ad8-8c85-730e4ea86361', 'usr_391');
INSERT INTO trabalho.usuario_esta_inscrito_no_podcast VALUES (5, 'f0166bd2-8e4d-4308-b5d7-0b3d627c5dc5', 'usr_391');
INSERT INTO trabalho.comentarios_podcast_usuario VALUES ('comment_391_0_1', 'Ut beatae incidunt ipsa recusandae qui officia enim quibusdam id.', 'f0166bd2-8e4d-4308-b5d7-0b3d627c5dc5', 'usr_391');
INSERT INTO trabalho.comentarios_podcast_usuario VALUES ('comment_391_1_1', 'Est perspiciatis sint id aut.', 'f0166bd2-8e4d-4308-b5d7-0b3d627c5dc5', 'usr_391');
INSERT INTO trabalho.comentarios_podcast_usuario VALUES ('comment_391_2_1', 'Beatae aut consequatur quas est iure.', 'f0166bd2-8e4d-4308-b5d7-0b3d627c5dc5', 'usr_391');
INSERT INTO trabalho.comentarios_podcast_usuario VALUES ('comment_391_3_1', 'Saepe a est ut suscipit cupiditate.', 'f0166bd2-8e4d-4308-b5d7-0b3d627c5dc5', 'usr_391');
INSERT INTO trabalho.comentarios_podcast_usuario VALUES ('comment_391_4_1', 'Nisi sit iusto non ut blanditiis fugit.', 'f0166bd2-8e4d-4308-b5d7-0b3d627c5dc5', 'usr_391');
INSERT INTO trabalho.log_acesso VALUES ('log_391_0_1', 'f0166bd2-8e4d-4308-b5d7-0b3d627c5dc5', 'usr_391');
INSERT INTO trabalho.log_acesso VALUES ('log_391_1_1', 'f0166bd2-8e4d-4308-b5d7-0b3d627c5dc5', 'usr_391');
INSERT INTO trabalho.usuario_esta_inscrito_no_podcast VALUES (0, 'b553d865-8fe2-47de-9a30-10e1dea3bd1d', 'usr_391');
INSERT INTO trabalho.comentarios_podcast_usuario VALUES ('comment_391_0_2', 'Voluptates sunt tenetur.', 'b553d865-8fe2-47de-9a30-10e1dea3bd1d', 'usr_391');
INSERT INTO trabalho.comentarios_podcast_usuario VALUES ('comment_391_1_2', 'Ea autem quas quia quod rerum perspiciatis quod similique iure.', 'b553d865-8fe2-47de-9a30-10e1dea3bd1d', 'usr_391');
INSERT INTO trabalho.comentarios_podcast_usuario VALUES ('comment_391_2_2', 'Aut harum eum et sint quaerat sit consequatur nam ut.', 'b553d865-8fe2-47de-9a30-10e1dea3bd1d', 'usr_391');
INSERT INTO trabalho.comentarios_podcast_usuario VALUES ('comment_391_3_2', 'Itaque perferendis harum repellat et facere nihil distinctio tempora doloremque.', 'b553d865-8fe2-47de-9a30-10e1dea3bd1d', 'usr_391');
INSERT INTO trabalho.log_acesso VALUES ('log_391_0_2', 'b553d865-8fe2-47de-9a30-10e1dea3bd1d', 'usr_391');
INSERT INTO trabalho.log_acesso VALUES ('log_391_1_2', 'b553d865-8fe2-47de-9a30-10e1dea3bd1d', 'usr_391');
INSERT INTO trabalho.log_acesso VALUES ('log_391_2_2', 'b553d865-8fe2-47de-9a30-10e1dea3bd1d', 'usr_391');
INSERT INTO trabalho.usuario VALUES ('usr_392', '392_Rafaela_Costa13@live.com', 'Rafaela Costa', 'female', 29, 'password', 'São Martinho');
INSERT INTO trabalho.usuario_esta_inscrito_no_podcast VALUES (1, '67074e68-bc2f-442b-8af2-7d328b6af6eb', 'usr_392');
INSERT INTO trabalho.comentarios_podcast_usuario VALUES ('comment_392_0_0', 'Quos possimus ea voluptas.', '67074e68-bc2f-442b-8af2-7d328b6af6eb', 'usr_392');
INSERT INTO trabalho.comentarios_podcast_usuario VALUES ('comment_392_1_0', 'Ut et in eius sed esse.', '67074e68-bc2f-442b-8af2-7d328b6af6eb', 'usr_392');
INSERT INTO trabalho.log_acesso VALUES ('log_392_0_0', '67074e68-bc2f-442b-8af2-7d328b6af6eb', 'usr_392');
INSERT INTO trabalho.log_acesso VALUES ('log_392_1_0', '67074e68-bc2f-442b-8af2-7d328b6af6eb', 'usr_392');
INSERT INTO trabalho.log_acesso VALUES ('log_392_2_0', '67074e68-bc2f-442b-8af2-7d328b6af6eb', 'usr_392');
INSERT INTO trabalho.log_acesso VALUES ('log_392_3_0', '67074e68-bc2f-442b-8af2-7d328b6af6eb', 'usr_392');
INSERT INTO trabalho.usuario_esta_inscrito_no_podcast VALUES (0, 'c58b280a-56d4-4ad8-8c85-730e4ea86361', 'usr_392');
INSERT INTO trabalho.comentarios_podcast_usuario VALUES ('comment_392_0_1', 'At omnis non optio quos.', 'c58b280a-56d4-4ad8-8c85-730e4ea86361', 'usr_392');
INSERT INTO trabalho.comentarios_podcast_usuario VALUES ('comment_392_1_1', 'Nesciunt autem soluta unde deleniti aut quos.', 'c58b280a-56d4-4ad8-8c85-730e4ea86361', 'usr_392');
INSERT INTO trabalho.log_acesso VALUES ('log_392_0_1', 'c58b280a-56d4-4ad8-8c85-730e4ea86361', 'usr_392');
INSERT INTO trabalho.log_acesso VALUES ('log_392_1_1', 'c58b280a-56d4-4ad8-8c85-730e4ea86361', 'usr_392');
INSERT INTO trabalho.usuario_esta_inscrito_no_podcast VALUES (2, 'b553d865-8fe2-47de-9a30-10e1dea3bd1d', 'usr_392');
INSERT INTO trabalho.comentarios_podcast_usuario VALUES ('comment_392_0_2', 'Ut sit doloremque quia.', 'b553d865-8fe2-47de-9a30-10e1dea3bd1d', 'usr_392');
INSERT INTO trabalho.comentarios_podcast_usuario VALUES ('comment_392_1_2', 'Aut rerum itaque velit id omnis.', 'b553d865-8fe2-47de-9a30-10e1dea3bd1d', 'usr_392');
INSERT INTO trabalho.log_acesso VALUES ('log_392_0_2', 'b553d865-8fe2-47de-9a30-10e1dea3bd1d', 'usr_392');
INSERT INTO trabalho.log_acesso VALUES ('log_392_1_2', 'b553d865-8fe2-47de-9a30-10e1dea3bd1d', 'usr_392');
INSERT INTO trabalho.log_acesso VALUES ('log_392_2_2', 'b553d865-8fe2-47de-9a30-10e1dea3bd1d', 'usr_392');
INSERT INTO trabalho.log_acesso VALUES ('log_392_3_2', 'b553d865-8fe2-47de-9a30-10e1dea3bd1d', 'usr_392');
INSERT INTO trabalho.log_acesso VALUES ('log_392_4_2', 'b553d865-8fe2-47de-9a30-10e1dea3bd1d', 'usr_392');
INSERT INTO trabalho.log_acesso VALUES ('log_392_5_2', 'b553d865-8fe2-47de-9a30-10e1dea3bd1d', 'usr_392');
INSERT INTO trabalho.usuario VALUES ('usr_393', '393_Isabella.Pereira19@yahoo.com', 'Isabella Pereira', 'female', 44, 'password', 'Irã');
INSERT INTO trabalho.usuario_esta_inscrito_no_podcast VALUES (5, '219328a1-cec6-4e8c-b003-52a3ec9766bb', 'usr_393');
INSERT INTO trabalho.comentarios_podcast_usuario VALUES ('comment_393_0_0', 'Dolor vitae quas ut molestiae accusamus et qui ad.', '219328a1-cec6-4e8c-b003-52a3ec9766bb', 'usr_393');
INSERT INTO trabalho.comentarios_podcast_usuario VALUES ('comment_393_1_0', 'Soluta ea tempora unde similique.', '219328a1-cec6-4e8c-b003-52a3ec9766bb', 'usr_393');
INSERT INTO trabalho.comentarios_podcast_usuario VALUES ('comment_393_2_0', 'Quisquam beatae qui est deserunt aut.', '219328a1-cec6-4e8c-b003-52a3ec9766bb', 'usr_393');
INSERT INTO trabalho.comentarios_podcast_usuario VALUES ('comment_393_3_0', 'Iusto in est ratione aut eum.', '219328a1-cec6-4e8c-b003-52a3ec9766bb', 'usr_393');
INSERT INTO trabalho.comentarios_podcast_usuario VALUES ('comment_393_4_0', 'Assumenda voluptatem ea.', '219328a1-cec6-4e8c-b003-52a3ec9766bb', 'usr_393');
INSERT INTO trabalho.comentarios_podcast_usuario VALUES ('comment_393_5_0', 'Accusamus et aliquam voluptas voluptatibus est.', '219328a1-cec6-4e8c-b003-52a3ec9766bb', 'usr_393');
INSERT INTO trabalho.log_acesso VALUES ('log_393_0_0', '219328a1-cec6-4e8c-b003-52a3ec9766bb', 'usr_393');
INSERT INTO trabalho.log_acesso VALUES ('log_393_1_0', '219328a1-cec6-4e8c-b003-52a3ec9766bb', 'usr_393');
INSERT INTO trabalho.log_acesso VALUES ('log_393_2_0', '219328a1-cec6-4e8c-b003-52a3ec9766bb', 'usr_393');
INSERT INTO trabalho.log_acesso VALUES ('log_393_3_0', '219328a1-cec6-4e8c-b003-52a3ec9766bb', 'usr_393');
INSERT INTO trabalho.log_acesso VALUES ('log_393_4_0', '219328a1-cec6-4e8c-b003-52a3ec9766bb', 'usr_393');
INSERT INTO trabalho.log_acesso VALUES ('log_393_5_0', '219328a1-cec6-4e8c-b003-52a3ec9766bb', 'usr_393');
INSERT INTO trabalho.log_acesso VALUES ('log_393_6_0', '219328a1-cec6-4e8c-b003-52a3ec9766bb', 'usr_393');
INSERT INTO trabalho.usuario_esta_inscrito_no_podcast VALUES (5, '7e429e8e-7669-403d-bb78-3cd7f9f75afd', 'usr_393');
INSERT INTO trabalho.comentarios_podcast_usuario VALUES ('comment_393_0_1', 'Sunt nihil qui.', '7e429e8e-7669-403d-bb78-3cd7f9f75afd', 'usr_393');
INSERT INTO trabalho.comentarios_podcast_usuario VALUES ('comment_393_1_1', 'Et consequatur cupiditate.', '7e429e8e-7669-403d-bb78-3cd7f9f75afd', 'usr_393');
INSERT INTO trabalho.log_acesso VALUES ('log_393_0_1', '7e429e8e-7669-403d-bb78-3cd7f9f75afd', 'usr_393');
INSERT INTO trabalho.log_acesso VALUES ('log_393_1_1', '7e429e8e-7669-403d-bb78-3cd7f9f75afd', 'usr_393');
INSERT INTO trabalho.usuario_esta_inscrito_no_podcast VALUES (1, 'b553d865-8fe2-47de-9a30-10e1dea3bd1d', 'usr_393');
INSERT INTO trabalho.comentarios_podcast_usuario VALUES ('comment_393_0_2', 'Quas natus ea adipisci.', 'b553d865-8fe2-47de-9a30-10e1dea3bd1d', 'usr_393');
INSERT INTO trabalho.comentarios_podcast_usuario VALUES ('comment_393_1_2', 'Et maxime qui.', 'b553d865-8fe2-47de-9a30-10e1dea3bd1d', 'usr_393');
INSERT INTO trabalho.comentarios_podcast_usuario VALUES ('comment_393_2_2', 'Maxime velit quaerat dolore dolorum.', 'b553d865-8fe2-47de-9a30-10e1dea3bd1d', 'usr_393');
INSERT INTO trabalho.comentarios_podcast_usuario VALUES ('comment_393_3_2', 'Aliquam dolor est est ut.', 'b553d865-8fe2-47de-9a30-10e1dea3bd1d', 'usr_393');
INSERT INTO trabalho.comentarios_podcast_usuario VALUES ('comment_393_4_2', 'Nisi similique qui delectus qui.', 'b553d865-8fe2-47de-9a30-10e1dea3bd1d', 'usr_393');
INSERT INTO trabalho.log_acesso VALUES ('log_393_0_2', 'b553d865-8fe2-47de-9a30-10e1dea3bd1d', 'usr_393');
INSERT INTO trabalho.log_acesso VALUES ('log_393_1_2', 'b553d865-8fe2-47de-9a30-10e1dea3bd1d', 'usr_393');
INSERT INTO trabalho.log_acesso VALUES ('log_393_2_2', 'b553d865-8fe2-47de-9a30-10e1dea3bd1d', 'usr_393');
INSERT INTO trabalho.usuario VALUES ('usr_394', '394_Isabel85@gmail.com', 'Isabel Pereira', 'female', 54, 'password', 'Bahamas');
INSERT INTO trabalho.usuario_esta_inscrito_no_podcast VALUES (5, 'bc8dac25-793c-4a96-aafc-4ea7020f4f60', 'usr_394');
INSERT INTO trabalho.comentarios_podcast_usuario VALUES ('comment_394_0_0', 'Ullam asperiores voluptatem ut a.', 'bc8dac25-793c-4a96-aafc-4ea7020f4f60', 'usr_394');
INSERT INTO trabalho.comentarios_podcast_usuario VALUES ('comment_394_1_0', 'Molestias aut quis rerum quasi quo natus sit sunt cupiditate.', 'bc8dac25-793c-4a96-aafc-4ea7020f4f60', 'usr_394');
INSERT INTO trabalho.comentarios_podcast_usuario VALUES ('comment_394_2_0', 'Similique nesciunt molestias similique error et voluptatem.', 'bc8dac25-793c-4a96-aafc-4ea7020f4f60', 'usr_394');
INSERT INTO trabalho.log_acesso VALUES ('log_394_0_0', 'bc8dac25-793c-4a96-aafc-4ea7020f4f60', 'usr_394');
INSERT INTO trabalho.log_acesso VALUES ('log_394_1_0', 'bc8dac25-793c-4a96-aafc-4ea7020f4f60', 'usr_394');
INSERT INTO trabalho.usuario_esta_inscrito_no_podcast VALUES (5, 'f8e13774-d631-4f34-93f0-2f5d55590265', 'usr_394');
INSERT INTO trabalho.comentarios_podcast_usuario VALUES ('comment_394_0_1', 'Eaque vel dignissimos doloremque voluptates consequatur autem amet.', 'f8e13774-d631-4f34-93f0-2f5d55590265', 'usr_394');
INSERT INTO trabalho.comentarios_podcast_usuario VALUES ('comment_394_1_1', 'Itaque voluptatem qui officia nihil sunt.', 'f8e13774-d631-4f34-93f0-2f5d55590265', 'usr_394');
INSERT INTO trabalho.log_acesso VALUES ('log_394_0_1', 'f8e13774-d631-4f34-93f0-2f5d55590265', 'usr_394');
INSERT INTO trabalho.log_acesso VALUES ('log_394_1_1', 'f8e13774-d631-4f34-93f0-2f5d55590265', 'usr_394');
INSERT INTO trabalho.log_acesso VALUES ('log_394_2_1', 'f8e13774-d631-4f34-93f0-2f5d55590265', 'usr_394');
INSERT INTO trabalho.usuario_esta_inscrito_no_podcast VALUES (1, 'c58b280a-56d4-4ad8-8c85-730e4ea86361', 'usr_394');
INSERT INTO trabalho.comentarios_podcast_usuario VALUES ('comment_394_0_2', 'Nobis consequuntur iusto qui harum tempora deleniti.', 'c58b280a-56d4-4ad8-8c85-730e4ea86361', 'usr_394');
INSERT INTO trabalho.comentarios_podcast_usuario VALUES ('comment_394_1_2', 'Minima nam voluptatem id.', 'c58b280a-56d4-4ad8-8c85-730e4ea86361', 'usr_394');
INSERT INTO trabalho.comentarios_podcast_usuario VALUES ('comment_394_2_2', 'Assumenda et rerum ut cum quasi dolores autem.', 'c58b280a-56d4-4ad8-8c85-730e4ea86361', 'usr_394');
INSERT INTO trabalho.log_acesso VALUES ('log_394_0_2', 'c58b280a-56d4-4ad8-8c85-730e4ea86361', 'usr_394');
INSERT INTO trabalho.log_acesso VALUES ('log_394_1_2', 'c58b280a-56d4-4ad8-8c85-730e4ea86361', 'usr_394');
INSERT INTO trabalho.usuario VALUES ('usr_395', '395_Sulen.Silva73@hotmail.com', 'Suélen Silva', 'female', 14, 'password', 'Panamá');
INSERT INTO trabalho.usuario_esta_inscrito_no_podcast VALUES (3, '5bdf7377-8330-4f9f-8efd-e95301c122ce', 'usr_395');
INSERT INTO trabalho.comentarios_podcast_usuario VALUES ('comment_395_0_0', 'Velit illum vel vero nihil.', '5bdf7377-8330-4f9f-8efd-e95301c122ce', 'usr_395');
INSERT INTO trabalho.log_acesso VALUES ('log_395_0_0', '5bdf7377-8330-4f9f-8efd-e95301c122ce', 'usr_395');
INSERT INTO trabalho.log_acesso VALUES ('log_395_1_0', '5bdf7377-8330-4f9f-8efd-e95301c122ce', 'usr_395');
INSERT INTO trabalho.log_acesso VALUES ('log_395_2_0', '5bdf7377-8330-4f9f-8efd-e95301c122ce', 'usr_395');
INSERT INTO trabalho.log_acesso VALUES ('log_395_3_0', '5bdf7377-8330-4f9f-8efd-e95301c122ce', 'usr_395');
INSERT INTO trabalho.log_acesso VALUES ('log_395_4_0', '5bdf7377-8330-4f9f-8efd-e95301c122ce', 'usr_395');
INSERT INTO trabalho.log_acesso VALUES ('log_395_5_0', '5bdf7377-8330-4f9f-8efd-e95301c122ce', 'usr_395');
INSERT INTO trabalho.usuario_esta_inscrito_no_podcast VALUES (3, 'fa3abe16-3645-4d22-a01d-893e6f20c408', 'usr_395');
INSERT INTO trabalho.comentarios_podcast_usuario VALUES ('comment_395_0_1', 'Qui quisquam rerum.', 'fa3abe16-3645-4d22-a01d-893e6f20c408', 'usr_395');
INSERT INTO trabalho.comentarios_podcast_usuario VALUES ('comment_395_1_1', 'Officia molestiae rerum et temporibus minus sint cumque.', 'fa3abe16-3645-4d22-a01d-893e6f20c408', 'usr_395');
INSERT INTO trabalho.comentarios_podcast_usuario VALUES ('comment_395_2_1', 'Eos soluta est esse.', 'fa3abe16-3645-4d22-a01d-893e6f20c408', 'usr_395');
INSERT INTO trabalho.log_acesso VALUES ('log_395_0_1', 'fa3abe16-3645-4d22-a01d-893e6f20c408', 'usr_395');
INSERT INTO trabalho.log_acesso VALUES ('log_395_1_1', 'fa3abe16-3645-4d22-a01d-893e6f20c408', 'usr_395');
INSERT INTO trabalho.log_acesso VALUES ('log_395_2_1', 'fa3abe16-3645-4d22-a01d-893e6f20c408', 'usr_395');
INSERT INTO trabalho.log_acesso VALUES ('log_395_3_1', 'fa3abe16-3645-4d22-a01d-893e6f20c408', 'usr_395');
INSERT INTO trabalho.usuario_esta_inscrito_no_podcast VALUES (4, 'af46a958-b921-47b6-9f87-5c4fdc68ea79', 'usr_395');
INSERT INTO trabalho.comentarios_podcast_usuario VALUES ('comment_395_0_2', 'Est ad ab at temporibus eius.', 'af46a958-b921-47b6-9f87-5c4fdc68ea79', 'usr_395');
INSERT INTO trabalho.comentarios_podcast_usuario VALUES ('comment_395_1_2', 'Occaecati necessitatibus harum eveniet.', 'af46a958-b921-47b6-9f87-5c4fdc68ea79', 'usr_395');
INSERT INTO trabalho.comentarios_podcast_usuario VALUES ('comment_395_2_2', 'Quia labore alias voluptas.', 'af46a958-b921-47b6-9f87-5c4fdc68ea79', 'usr_395');
INSERT INTO trabalho.log_acesso VALUES ('log_395_0_2', 'af46a958-b921-47b6-9f87-5c4fdc68ea79', 'usr_395');
INSERT INTO trabalho.log_acesso VALUES ('log_395_1_2', 'af46a958-b921-47b6-9f87-5c4fdc68ea79', 'usr_395');
INSERT INTO trabalho.log_acesso VALUES ('log_395_2_2', 'af46a958-b921-47b6-9f87-5c4fdc68ea79', 'usr_395');
INSERT INTO trabalho.log_acesso VALUES ('log_395_3_2', 'af46a958-b921-47b6-9f87-5c4fdc68ea79', 'usr_395');
INSERT INTO trabalho.log_acesso VALUES ('log_395_4_2', 'af46a958-b921-47b6-9f87-5c4fdc68ea79', 'usr_395');
INSERT INTO trabalho.usuario VALUES ('usr_396', '396_Elo_Martins@bol.com.br', 'Eloá Martins', 'female', 23, 'password', 'São Vicente e Granadinas');
INSERT INTO trabalho.usuario_esta_inscrito_no_podcast VALUES (0, 'f1b92ce7-47a7-43cd-8586-4a09185cdd05', 'usr_396');
INSERT INTO trabalho.comentarios_podcast_usuario VALUES ('comment_396_0_0', 'Et harum odit ut qui voluptas rerum.', 'f1b92ce7-47a7-43cd-8586-4a09185cdd05', 'usr_396');
INSERT INTO trabalho.comentarios_podcast_usuario VALUES ('comment_396_1_0', 'A et aut voluptatum ipsam inventore illo labore dolorem non.', 'f1b92ce7-47a7-43cd-8586-4a09185cdd05', 'usr_396');
INSERT INTO trabalho.comentarios_podcast_usuario VALUES ('comment_396_2_0', 'Quisquam quis quidem ea quia itaque odio.', 'f1b92ce7-47a7-43cd-8586-4a09185cdd05', 'usr_396');
INSERT INTO trabalho.log_acesso VALUES ('log_396_0_0', 'f1b92ce7-47a7-43cd-8586-4a09185cdd05', 'usr_396');
INSERT INTO trabalho.log_acesso VALUES ('log_396_1_0', 'f1b92ce7-47a7-43cd-8586-4a09185cdd05', 'usr_396');
INSERT INTO trabalho.log_acesso VALUES ('log_396_2_0', 'f1b92ce7-47a7-43cd-8586-4a09185cdd05', 'usr_396');
INSERT INTO trabalho.usuario_esta_inscrito_no_podcast VALUES (2, 'c58b280a-56d4-4ad8-8c85-730e4ea86361', 'usr_396');
INSERT INTO trabalho.comentarios_podcast_usuario VALUES ('comment_396_0_1', 'Voluptas porro blanditiis eum deleniti sit quas error.', 'c58b280a-56d4-4ad8-8c85-730e4ea86361', 'usr_396');
INSERT INTO trabalho.comentarios_podcast_usuario VALUES ('comment_396_1_1', 'Sed delectus iusto.', 'c58b280a-56d4-4ad8-8c85-730e4ea86361', 'usr_396');
INSERT INTO trabalho.comentarios_podcast_usuario VALUES ('comment_396_2_1', 'Qui eaque eveniet animi illo distinctio fugiat deserunt.', 'c58b280a-56d4-4ad8-8c85-730e4ea86361', 'usr_396');
INSERT INTO trabalho.comentarios_podcast_usuario VALUES ('comment_396_3_1', 'Deserunt praesentium qui vero.', 'c58b280a-56d4-4ad8-8c85-730e4ea86361', 'usr_396');
INSERT INTO trabalho.log_acesso VALUES ('log_396_0_1', 'c58b280a-56d4-4ad8-8c85-730e4ea86361', 'usr_396');
INSERT INTO trabalho.log_acesso VALUES ('log_396_1_1', 'c58b280a-56d4-4ad8-8c85-730e4ea86361', 'usr_396');
INSERT INTO trabalho.log_acesso VALUES ('log_396_2_1', 'c58b280a-56d4-4ad8-8c85-730e4ea86361', 'usr_396');
INSERT INTO trabalho.log_acesso VALUES ('log_396_3_1', 'c58b280a-56d4-4ad8-8c85-730e4ea86361', 'usr_396');
INSERT INTO trabalho.log_acesso VALUES ('log_396_4_1', 'c58b280a-56d4-4ad8-8c85-730e4ea86361', 'usr_396');
INSERT INTO trabalho.usuario_esta_inscrito_no_podcast VALUES (1, '5bdf7377-8330-4f9f-8efd-e95301c122ce', 'usr_396');
INSERT INTO trabalho.comentarios_podcast_usuario VALUES ('comment_396_0_2', 'Omnis eius aut voluptatem ducimus consequatur ipsum cumque.', '5bdf7377-8330-4f9f-8efd-e95301c122ce', 'usr_396');
INSERT INTO trabalho.comentarios_podcast_usuario VALUES ('comment_396_1_2', 'Rerum et dolores aliquid similique et voluptate dignissimos aut.', '5bdf7377-8330-4f9f-8efd-e95301c122ce', 'usr_396');
INSERT INTO trabalho.log_acesso VALUES ('log_396_0_2', '5bdf7377-8330-4f9f-8efd-e95301c122ce', 'usr_396');
INSERT INTO trabalho.log_acesso VALUES ('log_396_1_2', '5bdf7377-8330-4f9f-8efd-e95301c122ce', 'usr_396');
INSERT INTO trabalho.log_acesso VALUES ('log_396_2_2', '5bdf7377-8330-4f9f-8efd-e95301c122ce', 'usr_396');
INSERT INTO trabalho.log_acesso VALUES ('log_396_3_2', '5bdf7377-8330-4f9f-8efd-e95301c122ce', 'usr_396');
INSERT INTO trabalho.usuario VALUES ('usr_397', '397_Rafaela_Franco58@bol.com.br', 'Rafaela Franco', 'female', 58, 'password', 'Namibia');
INSERT INTO trabalho.usuario_esta_inscrito_no_podcast VALUES (4, '5bdf7377-8330-4f9f-8efd-e95301c122ce', 'usr_397');
INSERT INTO trabalho.comentarios_podcast_usuario VALUES ('comment_397_0_0', 'Nesciunt veniam error facilis.', '5bdf7377-8330-4f9f-8efd-e95301c122ce', 'usr_397');
INSERT INTO trabalho.comentarios_podcast_usuario VALUES ('comment_397_1_0', 'Inventore vel autem magnam necessitatibus consequatur.', '5bdf7377-8330-4f9f-8efd-e95301c122ce', 'usr_397');
INSERT INTO trabalho.log_acesso VALUES ('log_397_0_0', '5bdf7377-8330-4f9f-8efd-e95301c122ce', 'usr_397');
INSERT INTO trabalho.log_acesso VALUES ('log_397_1_0', '5bdf7377-8330-4f9f-8efd-e95301c122ce', 'usr_397');
INSERT INTO trabalho.log_acesso VALUES ('log_397_2_0', '5bdf7377-8330-4f9f-8efd-e95301c122ce', 'usr_397');
INSERT INTO trabalho.usuario_esta_inscrito_no_podcast VALUES (2, '7e429e8e-7669-403d-bb78-3cd7f9f75afd', 'usr_397');
INSERT INTO trabalho.comentarios_podcast_usuario VALUES ('comment_397_0_1', 'Qui voluptas nihil provident ut ea aliquam corrupti.', '7e429e8e-7669-403d-bb78-3cd7f9f75afd', 'usr_397');
INSERT INTO trabalho.log_acesso VALUES ('log_397_0_1', '7e429e8e-7669-403d-bb78-3cd7f9f75afd', 'usr_397');
INSERT INTO trabalho.log_acesso VALUES ('log_397_1_1', '7e429e8e-7669-403d-bb78-3cd7f9f75afd', 'usr_397');
INSERT INTO trabalho.log_acesso VALUES ('log_397_2_1', '7e429e8e-7669-403d-bb78-3cd7f9f75afd', 'usr_397');
INSERT INTO trabalho.log_acesso VALUES ('log_397_3_1', '7e429e8e-7669-403d-bb78-3cd7f9f75afd', 'usr_397');
INSERT INTO trabalho.log_acesso VALUES ('log_397_4_1', '7e429e8e-7669-403d-bb78-3cd7f9f75afd', 'usr_397');
INSERT INTO trabalho.usuario_esta_inscrito_no_podcast VALUES (0, '219328a1-cec6-4e8c-b003-52a3ec9766bb', 'usr_397');
INSERT INTO trabalho.comentarios_podcast_usuario VALUES ('comment_397_0_2', 'Quidem totam impedit mollitia.', '219328a1-cec6-4e8c-b003-52a3ec9766bb', 'usr_397');
INSERT INTO trabalho.log_acesso VALUES ('log_397_0_2', '219328a1-cec6-4e8c-b003-52a3ec9766bb', 'usr_397');
INSERT INTO trabalho.log_acesso VALUES ('log_397_1_2', '219328a1-cec6-4e8c-b003-52a3ec9766bb', 'usr_397');
INSERT INTO trabalho.usuario VALUES ('usr_398', '398_Pietro_Silva@hotmail.com', 'Pietro Silva', 'male', 2, 'password', 'Trinidad e Tobago');
INSERT INTO trabalho.usuario_esta_inscrito_no_podcast VALUES (5, 'bc8dac25-793c-4a96-aafc-4ea7020f4f60', 'usr_398');
INSERT INTO trabalho.comentarios_podcast_usuario VALUES ('comment_398_0_0', 'Laboriosam nihil dolorem magnam doloremque officiis sint ipsam sapiente.', 'bc8dac25-793c-4a96-aafc-4ea7020f4f60', 'usr_398');
INSERT INTO trabalho.comentarios_podcast_usuario VALUES ('comment_398_1_0', 'Quo aut nihil in sunt quia.', 'bc8dac25-793c-4a96-aafc-4ea7020f4f60', 'usr_398');
INSERT INTO trabalho.comentarios_podcast_usuario VALUES ('comment_398_2_0', 'Sint nam recusandae aperiam dicta quo rerum perferendis.', 'bc8dac25-793c-4a96-aafc-4ea7020f4f60', 'usr_398');
INSERT INTO trabalho.comentarios_podcast_usuario VALUES ('comment_398_3_0', 'Odio incidunt qui eveniet provident.', 'bc8dac25-793c-4a96-aafc-4ea7020f4f60', 'usr_398');
INSERT INTO trabalho.comentarios_podcast_usuario VALUES ('comment_398_4_0', 'Quas commodi ut et architecto quod itaque exercitationem.', 'bc8dac25-793c-4a96-aafc-4ea7020f4f60', 'usr_398');
INSERT INTO trabalho.log_acesso VALUES ('log_398_0_0', 'bc8dac25-793c-4a96-aafc-4ea7020f4f60', 'usr_398');
INSERT INTO trabalho.log_acesso VALUES ('log_398_1_0', 'bc8dac25-793c-4a96-aafc-4ea7020f4f60', 'usr_398');
INSERT INTO trabalho.usuario_esta_inscrito_no_podcast VALUES (5, '219328a1-cec6-4e8c-b003-52a3ec9766bb', 'usr_398');
INSERT INTO trabalho.comentarios_podcast_usuario VALUES ('comment_398_0_1', 'Et voluptate perspiciatis.', '219328a1-cec6-4e8c-b003-52a3ec9766bb', 'usr_398');
INSERT INTO trabalho.comentarios_podcast_usuario VALUES ('comment_398_1_1', 'Voluptate deserunt unde deleniti sit id soluta architecto sit.', '219328a1-cec6-4e8c-b003-52a3ec9766bb', 'usr_398');
INSERT INTO trabalho.log_acesso VALUES ('log_398_0_1', '219328a1-cec6-4e8c-b003-52a3ec9766bb', 'usr_398');
INSERT INTO trabalho.log_acesso VALUES ('log_398_1_1', '219328a1-cec6-4e8c-b003-52a3ec9766bb', 'usr_398');
INSERT INTO trabalho.log_acesso VALUES ('log_398_2_1', '219328a1-cec6-4e8c-b003-52a3ec9766bb', 'usr_398');
INSERT INTO trabalho.log_acesso VALUES ('log_398_3_1', '219328a1-cec6-4e8c-b003-52a3ec9766bb', 'usr_398');
INSERT INTO trabalho.log_acesso VALUES ('log_398_4_1', '219328a1-cec6-4e8c-b003-52a3ec9766bb', 'usr_398');
INSERT INTO trabalho.log_acesso VALUES ('log_398_5_1', '219328a1-cec6-4e8c-b003-52a3ec9766bb', 'usr_398');
INSERT INTO trabalho.usuario_esta_inscrito_no_podcast VALUES (0, 'fa3abe16-3645-4d22-a01d-893e6f20c408', 'usr_398');
INSERT INTO trabalho.comentarios_podcast_usuario VALUES ('comment_398_0_2', 'A maxime eius sequi dignissimos doloremque.', 'fa3abe16-3645-4d22-a01d-893e6f20c408', 'usr_398');
INSERT INTO trabalho.log_acesso VALUES ('log_398_0_2', 'fa3abe16-3645-4d22-a01d-893e6f20c408', 'usr_398');
INSERT INTO trabalho.log_acesso VALUES ('log_398_1_2', 'fa3abe16-3645-4d22-a01d-893e6f20c408', 'usr_398');
INSERT INTO trabalho.log_acesso VALUES ('log_398_2_2', 'fa3abe16-3645-4d22-a01d-893e6f20c408', 'usr_398');
INSERT INTO trabalho.log_acesso VALUES ('log_398_3_2', 'fa3abe16-3645-4d22-a01d-893e6f20c408', 'usr_398');
INSERT INTO trabalho.usuario VALUES ('usr_399', '399_Raul77@yahoo.com', 'Raul Carvalho', 'male', 7, 'password', 'Uganda');
INSERT INTO trabalho.usuario_esta_inscrito_no_podcast VALUES (1, 'f0166bd2-8e4d-4308-b5d7-0b3d627c5dc5', 'usr_399');
INSERT INTO trabalho.comentarios_podcast_usuario VALUES ('comment_399_0_0', 'Deleniti officia voluptas eaque.', 'f0166bd2-8e4d-4308-b5d7-0b3d627c5dc5', 'usr_399');
INSERT INTO trabalho.comentarios_podcast_usuario VALUES ('comment_399_1_0', 'In modi voluptatem inventore voluptatem dolore omnis.', 'f0166bd2-8e4d-4308-b5d7-0b3d627c5dc5', 'usr_399');
INSERT INTO trabalho.comentarios_podcast_usuario VALUES ('comment_399_2_0', 'Velit id iusto temporibus sit.', 'f0166bd2-8e4d-4308-b5d7-0b3d627c5dc5', 'usr_399');
INSERT INTO trabalho.log_acesso VALUES ('log_399_0_0', 'f0166bd2-8e4d-4308-b5d7-0b3d627c5dc5', 'usr_399');
INSERT INTO trabalho.log_acesso VALUES ('log_399_1_0', 'f0166bd2-8e4d-4308-b5d7-0b3d627c5dc5', 'usr_399');
INSERT INTO trabalho.log_acesso VALUES ('log_399_2_0', 'f0166bd2-8e4d-4308-b5d7-0b3d627c5dc5', 'usr_399');
INSERT INTO trabalho.log_acesso VALUES ('log_399_3_0', 'f0166bd2-8e4d-4308-b5d7-0b3d627c5dc5', 'usr_399');
INSERT INTO trabalho.usuario_esta_inscrito_no_podcast VALUES (2, 'af46a958-b921-47b6-9f87-5c4fdc68ea79', 'usr_399');
INSERT INTO trabalho.comentarios_podcast_usuario VALUES ('comment_399_0_1', 'Aut exercitationem magni.', 'af46a958-b921-47b6-9f87-5c4fdc68ea79', 'usr_399');
INSERT INTO trabalho.comentarios_podcast_usuario VALUES ('comment_399_1_1', 'Aut suscipit animi vero vero possimus inventore dolores quisquam.', 'af46a958-b921-47b6-9f87-5c4fdc68ea79', 'usr_399');
INSERT INTO trabalho.comentarios_podcast_usuario VALUES ('comment_399_2_1', 'Neque unde et odit ut.', 'af46a958-b921-47b6-9f87-5c4fdc68ea79', 'usr_399');
INSERT INTO trabalho.comentarios_podcast_usuario VALUES ('comment_399_3_1', 'Sed voluptas quisquam ut explicabo voluptatem expedita qui hic ut.', 'af46a958-b921-47b6-9f87-5c4fdc68ea79', 'usr_399');
INSERT INTO trabalho.comentarios_podcast_usuario VALUES ('comment_399_4_1', 'Dolorem eaque impedit aliquid.', 'af46a958-b921-47b6-9f87-5c4fdc68ea79', 'usr_399');
INSERT INTO trabalho.log_acesso VALUES ('log_399_0_1', 'af46a958-b921-47b6-9f87-5c4fdc68ea79', 'usr_399');
INSERT INTO trabalho.log_acesso VALUES ('log_399_1_1', 'af46a958-b921-47b6-9f87-5c4fdc68ea79', 'usr_399');
INSERT INTO trabalho.log_acesso VALUES ('log_399_2_1', 'af46a958-b921-47b6-9f87-5c4fdc68ea79', 'usr_399');
INSERT INTO trabalho.log_acesso VALUES ('log_399_3_1', 'af46a958-b921-47b6-9f87-5c4fdc68ea79', 'usr_399');
INSERT INTO trabalho.log_acesso VALUES ('log_399_4_1', 'af46a958-b921-47b6-9f87-5c4fdc68ea79', 'usr_399');
INSERT INTO trabalho.usuario_esta_inscrito_no_podcast VALUES (2, 'fa3abe16-3645-4d22-a01d-893e6f20c408', 'usr_399');
INSERT INTO trabalho.comentarios_podcast_usuario VALUES ('comment_399_0_2', 'Qui dignissimos a sunt ea.', 'fa3abe16-3645-4d22-a01d-893e6f20c408', 'usr_399');
INSERT INTO trabalho.comentarios_podcast_usuario VALUES ('comment_399_1_2', 'Qui ex quae eum odio.', 'fa3abe16-3645-4d22-a01d-893e6f20c408', 'usr_399');
INSERT INTO trabalho.comentarios_podcast_usuario VALUES ('comment_399_2_2', 'Assumenda placeat minima voluptatem officiis dicta veritatis hic odit sit.', 'fa3abe16-3645-4d22-a01d-893e6f20c408', 'usr_399');
INSERT INTO trabalho.comentarios_podcast_usuario VALUES ('comment_399_3_2', 'Velit occaecati molestias voluptatum numquam.', 'fa3abe16-3645-4d22-a01d-893e6f20c408', 'usr_399');
INSERT INTO trabalho.comentarios_podcast_usuario VALUES ('comment_399_4_2', 'Nostrum culpa in rerum omnis molestiae dolore.', 'fa3abe16-3645-4d22-a01d-893e6f20c408', 'usr_399');
INSERT INTO trabalho.comentarios_podcast_usuario VALUES ('comment_399_5_2', 'Facilis quam quidem sint quo et itaque sequi cum dignissimos.', 'fa3abe16-3645-4d22-a01d-893e6f20c408', 'usr_399');
INSERT INTO trabalho.log_acesso VALUES ('log_399_0_2', 'fa3abe16-3645-4d22-a01d-893e6f20c408', 'usr_399');
INSERT INTO trabalho.log_acesso VALUES ('log_399_1_2', 'fa3abe16-3645-4d22-a01d-893e6f20c408', 'usr_399');
INSERT INTO trabalho.log_acesso VALUES ('log_399_2_2', 'fa3abe16-3645-4d22-a01d-893e6f20c408', 'usr_399');
INSERT INTO trabalho.usuario VALUES ('usr_400', '400_Vctor36@hotmail.com', 'Víctor Silva', 'male', 10, 'password', 'Mauritânia');
INSERT INTO trabalho.usuario_esta_inscrito_no_podcast VALUES (5, 'f0166bd2-8e4d-4308-b5d7-0b3d627c5dc5', 'usr_400');
INSERT INTO trabalho.comentarios_podcast_usuario VALUES ('comment_400_0_0', 'Tenetur a aliquid.', 'f0166bd2-8e4d-4308-b5d7-0b3d627c5dc5', 'usr_400');
INSERT INTO trabalho.comentarios_podcast_usuario VALUES ('comment_400_1_0', 'Dolorem nulla sed minus excepturi veritatis vel voluptas accusantium odio.', 'f0166bd2-8e4d-4308-b5d7-0b3d627c5dc5', 'usr_400');
INSERT INTO trabalho.comentarios_podcast_usuario VALUES ('comment_400_2_0', 'Vel quaerat non.', 'f0166bd2-8e4d-4308-b5d7-0b3d627c5dc5', 'usr_400');
INSERT INTO trabalho.log_acesso VALUES ('log_400_0_0', 'f0166bd2-8e4d-4308-b5d7-0b3d627c5dc5', 'usr_400');
INSERT INTO trabalho.log_acesso VALUES ('log_400_1_0', 'f0166bd2-8e4d-4308-b5d7-0b3d627c5dc5', 'usr_400');
INSERT INTO trabalho.log_acesso VALUES ('log_400_2_0', 'f0166bd2-8e4d-4308-b5d7-0b3d627c5dc5', 'usr_400');
INSERT INTO trabalho.log_acesso VALUES ('log_400_3_0', 'f0166bd2-8e4d-4308-b5d7-0b3d627c5dc5', 'usr_400');
INSERT INTO trabalho.usuario_esta_inscrito_no_podcast VALUES (1, 'f1b92ce7-47a7-43cd-8586-4a09185cdd05', 'usr_400');
INSERT INTO trabalho.comentarios_podcast_usuario VALUES ('comment_400_0_1', 'Eaque sunt et ut nisi nobis tenetur.', 'f1b92ce7-47a7-43cd-8586-4a09185cdd05', 'usr_400');
INSERT INTO trabalho.comentarios_podcast_usuario VALUES ('comment_400_1_1', 'Suscipit dolorem eligendi aliquam.', 'f1b92ce7-47a7-43cd-8586-4a09185cdd05', 'usr_400');
INSERT INTO trabalho.comentarios_podcast_usuario VALUES ('comment_400_2_1', 'Reprehenderit laborum nulla.', 'f1b92ce7-47a7-43cd-8586-4a09185cdd05', 'usr_400');
INSERT INTO trabalho.comentarios_podcast_usuario VALUES ('comment_400_3_1', 'Molestiae consequuntur qui autem temporibus corporis.', 'f1b92ce7-47a7-43cd-8586-4a09185cdd05', 'usr_400');
INSERT INTO trabalho.log_acesso VALUES ('log_400_0_1', 'f1b92ce7-47a7-43cd-8586-4a09185cdd05', 'usr_400');
INSERT INTO trabalho.log_acesso VALUES ('log_400_1_1', 'f1b92ce7-47a7-43cd-8586-4a09185cdd05', 'usr_400');
INSERT INTO trabalho.log_acesso VALUES ('log_400_2_1', 'f1b92ce7-47a7-43cd-8586-4a09185cdd05', 'usr_400');
INSERT INTO trabalho.usuario_esta_inscrito_no_podcast VALUES (0, 'c58b280a-56d4-4ad8-8c85-730e4ea86361', 'usr_400');
INSERT INTO trabalho.comentarios_podcast_usuario VALUES ('comment_400_0_2', 'In neque voluptas repellat quam esse itaque atque ut.', 'c58b280a-56d4-4ad8-8c85-730e4ea86361', 'usr_400');
INSERT INTO trabalho.comentarios_podcast_usuario VALUES ('comment_400_1_2', 'A cum quas dolorem.', 'c58b280a-56d4-4ad8-8c85-730e4ea86361', 'usr_400');
INSERT INTO trabalho.comentarios_podcast_usuario VALUES ('comment_400_2_2', 'Numquam quia a in molestiae eveniet hic iusto unde.', 'c58b280a-56d4-4ad8-8c85-730e4ea86361', 'usr_400');
INSERT INTO trabalho.log_acesso VALUES ('log_400_0_2', 'c58b280a-56d4-4ad8-8c85-730e4ea86361', 'usr_400');
INSERT INTO trabalho.log_acesso VALUES ('log_400_1_2', 'c58b280a-56d4-4ad8-8c85-730e4ea86361', 'usr_400');
INSERT INTO trabalho.log_acesso VALUES ('log_400_2_2', 'c58b280a-56d4-4ad8-8c85-730e4ea86361', 'usr_400');
INSERT INTO trabalho.log_acesso VALUES ('log_400_3_2', 'c58b280a-56d4-4ad8-8c85-730e4ea86361', 'usr_400');
INSERT INTO trabalho.usuario VALUES ('usr_401', '401_Paula58@live.com', 'Paula Pereira', 'female', 21, 'password', 'Ruanda');
INSERT INTO trabalho.usuario_esta_inscrito_no_podcast VALUES (4, '67074e68-bc2f-442b-8af2-7d328b6af6eb', 'usr_401');
INSERT INTO trabalho.comentarios_podcast_usuario VALUES ('comment_401_0_0', 'Nobis eos officiis praesentium est repudiandae voluptatibus et quos repellendus.', '67074e68-bc2f-442b-8af2-7d328b6af6eb', 'usr_401');
INSERT INTO trabalho.comentarios_podcast_usuario VALUES ('comment_401_1_0', 'Rerum esse et dolorum corporis et.', '67074e68-bc2f-442b-8af2-7d328b6af6eb', 'usr_401');
INSERT INTO trabalho.log_acesso VALUES ('log_401_0_0', '67074e68-bc2f-442b-8af2-7d328b6af6eb', 'usr_401');
INSERT INTO trabalho.log_acesso VALUES ('log_401_1_0', '67074e68-bc2f-442b-8af2-7d328b6af6eb', 'usr_401');
INSERT INTO trabalho.log_acesso VALUES ('log_401_2_0', '67074e68-bc2f-442b-8af2-7d328b6af6eb', 'usr_401');
INSERT INTO trabalho.usuario_esta_inscrito_no_podcast VALUES (4, 'af46a958-b921-47b6-9f87-5c4fdc68ea79', 'usr_401');
INSERT INTO trabalho.comentarios_podcast_usuario VALUES ('comment_401_0_1', 'Nihil tempora voluptatem.', 'af46a958-b921-47b6-9f87-5c4fdc68ea79', 'usr_401');
INSERT INTO trabalho.comentarios_podcast_usuario VALUES ('comment_401_1_1', 'Autem voluptatibus sit quas error sunt voluptate.', 'af46a958-b921-47b6-9f87-5c4fdc68ea79', 'usr_401');
INSERT INTO trabalho.comentarios_podcast_usuario VALUES ('comment_401_2_1', 'Rerum sed earum ipsam consectetur nesciunt esse.', 'af46a958-b921-47b6-9f87-5c4fdc68ea79', 'usr_401');
INSERT INTO trabalho.log_acesso VALUES ('log_401_0_1', 'af46a958-b921-47b6-9f87-5c4fdc68ea79', 'usr_401');
INSERT INTO trabalho.log_acesso VALUES ('log_401_1_1', 'af46a958-b921-47b6-9f87-5c4fdc68ea79', 'usr_401');
INSERT INTO trabalho.log_acesso VALUES ('log_401_2_1', 'af46a958-b921-47b6-9f87-5c4fdc68ea79', 'usr_401');
INSERT INTO trabalho.log_acesso VALUES ('log_401_3_1', 'af46a958-b921-47b6-9f87-5c4fdc68ea79', 'usr_401');
INSERT INTO trabalho.usuario_esta_inscrito_no_podcast VALUES (2, 'c58b280a-56d4-4ad8-8c85-730e4ea86361', 'usr_401');
INSERT INTO trabalho.comentarios_podcast_usuario VALUES ('comment_401_0_2', 'Ducimus quasi voluptates recusandae.', 'c58b280a-56d4-4ad8-8c85-730e4ea86361', 'usr_401');
INSERT INTO trabalho.comentarios_podcast_usuario VALUES ('comment_401_1_2', 'Aut soluta rerum dolor.', 'c58b280a-56d4-4ad8-8c85-730e4ea86361', 'usr_401');
INSERT INTO trabalho.comentarios_podcast_usuario VALUES ('comment_401_2_2', 'Ab est praesentium dolores nesciunt fugit autem amet rerum.', 'c58b280a-56d4-4ad8-8c85-730e4ea86361', 'usr_401');
INSERT INTO trabalho.comentarios_podcast_usuario VALUES ('comment_401_3_2', 'Ipsa nihil esse eius alias.', 'c58b280a-56d4-4ad8-8c85-730e4ea86361', 'usr_401');
INSERT INTO trabalho.comentarios_podcast_usuario VALUES ('comment_401_4_2', 'Necessitatibus beatae dolores vero tempora sed temporibus minus dolore.', 'c58b280a-56d4-4ad8-8c85-730e4ea86361', 'usr_401');
INSERT INTO trabalho.comentarios_podcast_usuario VALUES ('comment_401_5_2', 'Ut aut velit aliquid.', 'c58b280a-56d4-4ad8-8c85-730e4ea86361', 'usr_401');
INSERT INTO trabalho.log_acesso VALUES ('log_401_0_2', 'c58b280a-56d4-4ad8-8c85-730e4ea86361', 'usr_401');
INSERT INTO trabalho.log_acesso VALUES ('log_401_1_2', 'c58b280a-56d4-4ad8-8c85-730e4ea86361', 'usr_401');
INSERT INTO trabalho.usuario VALUES ('usr_402', '402_Alessandra_Silva@live.com', 'Alessandra Silva', 'female', 2, 'password', 'Chade');
INSERT INTO trabalho.usuario_esta_inscrito_no_podcast VALUES (0, 'c58b280a-56d4-4ad8-8c85-730e4ea86361', 'usr_402');
INSERT INTO trabalho.comentarios_podcast_usuario VALUES ('comment_402_0_0', 'Dolorem qui deleniti commodi et dicta.', 'c58b280a-56d4-4ad8-8c85-730e4ea86361', 'usr_402');
INSERT INTO trabalho.log_acesso VALUES ('log_402_0_0', 'c58b280a-56d4-4ad8-8c85-730e4ea86361', 'usr_402');
INSERT INTO trabalho.log_acesso VALUES ('log_402_1_0', 'c58b280a-56d4-4ad8-8c85-730e4ea86361', 'usr_402');
INSERT INTO trabalho.log_acesso VALUES ('log_402_2_0', 'c58b280a-56d4-4ad8-8c85-730e4ea86361', 'usr_402');
INSERT INTO trabalho.log_acesso VALUES ('log_402_3_0', 'c58b280a-56d4-4ad8-8c85-730e4ea86361', 'usr_402');
INSERT INTO trabalho.log_acesso VALUES ('log_402_4_0', 'c58b280a-56d4-4ad8-8c85-730e4ea86361', 'usr_402');
INSERT INTO trabalho.log_acesso VALUES ('log_402_5_0', 'c58b280a-56d4-4ad8-8c85-730e4ea86361', 'usr_402');
INSERT INTO trabalho.usuario_esta_inscrito_no_podcast VALUES (4, 'f8e13774-d631-4f34-93f0-2f5d55590265', 'usr_402');
INSERT INTO trabalho.comentarios_podcast_usuario VALUES ('comment_402_0_1', 'Optio et recusandae similique quia excepturi cum velit occaecati molestiae.', 'f8e13774-d631-4f34-93f0-2f5d55590265', 'usr_402');
INSERT INTO trabalho.comentarios_podcast_usuario VALUES ('comment_402_1_1', 'Iure dolorem aut nesciunt aliquid et vel illum dolorum.', 'f8e13774-d631-4f34-93f0-2f5d55590265', 'usr_402');
INSERT INTO trabalho.comentarios_podcast_usuario VALUES ('comment_402_2_1', 'Ratione odit quia ratione ad.', 'f8e13774-d631-4f34-93f0-2f5d55590265', 'usr_402');
INSERT INTO trabalho.comentarios_podcast_usuario VALUES ('comment_402_3_1', 'Iusto sequi repellendus accusamus sequi et praesentium quo quaerat incidunt.', 'f8e13774-d631-4f34-93f0-2f5d55590265', 'usr_402');
INSERT INTO trabalho.log_acesso VALUES ('log_402_0_1', 'f8e13774-d631-4f34-93f0-2f5d55590265', 'usr_402');
INSERT INTO trabalho.usuario_esta_inscrito_no_podcast VALUES (5, '5bdf7377-8330-4f9f-8efd-e95301c122ce', 'usr_402');
INSERT INTO trabalho.comentarios_podcast_usuario VALUES ('comment_402_0_2', 'Placeat voluptatem veniam consequuntur quaerat.', '5bdf7377-8330-4f9f-8efd-e95301c122ce', 'usr_402');
INSERT INTO trabalho.log_acesso VALUES ('log_402_0_2', '5bdf7377-8330-4f9f-8efd-e95301c122ce', 'usr_402');
INSERT INTO trabalho.log_acesso VALUES ('log_402_1_2', '5bdf7377-8330-4f9f-8efd-e95301c122ce', 'usr_402');
INSERT INTO trabalho.log_acesso VALUES ('log_402_2_2', '5bdf7377-8330-4f9f-8efd-e95301c122ce', 'usr_402');
INSERT INTO trabalho.usuario VALUES ('usr_403', '403_Eduarda.Macedo65@yahoo.com', 'Eduarda Macedo', 'female', 42, 'password', 'Coreia do Norte');
INSERT INTO trabalho.usuario_esta_inscrito_no_podcast VALUES (1, 'b553d865-8fe2-47de-9a30-10e1dea3bd1d', 'usr_403');
INSERT INTO trabalho.comentarios_podcast_usuario VALUES ('comment_403_0_0', 'Dolor nemo ex.', 'b553d865-8fe2-47de-9a30-10e1dea3bd1d', 'usr_403');
INSERT INTO trabalho.log_acesso VALUES ('log_403_0_0', 'b553d865-8fe2-47de-9a30-10e1dea3bd1d', 'usr_403');
INSERT INTO trabalho.log_acesso VALUES ('log_403_1_0', 'b553d865-8fe2-47de-9a30-10e1dea3bd1d', 'usr_403');
INSERT INTO trabalho.usuario_esta_inscrito_no_podcast VALUES (3, '67074e68-bc2f-442b-8af2-7d328b6af6eb', 'usr_403');
INSERT INTO trabalho.comentarios_podcast_usuario VALUES ('comment_403_0_1', 'Eos ut totam officia saepe voluptates.', '67074e68-bc2f-442b-8af2-7d328b6af6eb', 'usr_403');
INSERT INTO trabalho.comentarios_podcast_usuario VALUES ('comment_403_1_1', 'Est expedita ut recusandae illum et excepturi.', '67074e68-bc2f-442b-8af2-7d328b6af6eb', 'usr_403');
INSERT INTO trabalho.log_acesso VALUES ('log_403_0_1', '67074e68-bc2f-442b-8af2-7d328b6af6eb', 'usr_403');
INSERT INTO trabalho.log_acesso VALUES ('log_403_1_1', '67074e68-bc2f-442b-8af2-7d328b6af6eb', 'usr_403');
INSERT INTO trabalho.log_acesso VALUES ('log_403_2_1', '67074e68-bc2f-442b-8af2-7d328b6af6eb', 'usr_403');
INSERT INTO trabalho.log_acesso VALUES ('log_403_3_1', '67074e68-bc2f-442b-8af2-7d328b6af6eb', 'usr_403');
INSERT INTO trabalho.log_acesso VALUES ('log_403_4_1', '67074e68-bc2f-442b-8af2-7d328b6af6eb', 'usr_403');
INSERT INTO trabalho.log_acesso VALUES ('log_403_5_1', '67074e68-bc2f-442b-8af2-7d328b6af6eb', 'usr_403');
INSERT INTO trabalho.usuario_esta_inscrito_no_podcast VALUES (1, '5bdf7377-8330-4f9f-8efd-e95301c122ce', 'usr_403');
INSERT INTO trabalho.comentarios_podcast_usuario VALUES ('comment_403_0_2', 'Corporis beatae hic perspiciatis est voluptas id.', '5bdf7377-8330-4f9f-8efd-e95301c122ce', 'usr_403');
INSERT INTO trabalho.comentarios_podcast_usuario VALUES ('comment_403_1_2', 'Blanditiis voluptatem quia inventore dolorum sit ipsa sit quo.', '5bdf7377-8330-4f9f-8efd-e95301c122ce', 'usr_403');
INSERT INTO trabalho.comentarios_podcast_usuario VALUES ('comment_403_2_2', 'Blanditiis qui soluta facilis sunt reprehenderit iusto culpa quibusdam similique.', '5bdf7377-8330-4f9f-8efd-e95301c122ce', 'usr_403');
INSERT INTO trabalho.log_acesso VALUES ('log_403_0_2', '5bdf7377-8330-4f9f-8efd-e95301c122ce', 'usr_403');
INSERT INTO trabalho.log_acesso VALUES ('log_403_1_2', '5bdf7377-8330-4f9f-8efd-e95301c122ce', 'usr_403');
INSERT INTO trabalho.log_acesso VALUES ('log_403_2_2', '5bdf7377-8330-4f9f-8efd-e95301c122ce', 'usr_403');
INSERT INTO trabalho.log_acesso VALUES ('log_403_3_2', '5bdf7377-8330-4f9f-8efd-e95301c122ce', 'usr_403');
INSERT INTO trabalho.usuario VALUES ('usr_404', '404_Nicolas66@yahoo.com', 'Nicolas Carvalho', 'male', 43, 'password', 'Ilhas Faroe');
INSERT INTO trabalho.usuario_esta_inscrito_no_podcast VALUES (5, 'bc8dac25-793c-4a96-aafc-4ea7020f4f60', 'usr_404');
INSERT INTO trabalho.comentarios_podcast_usuario VALUES ('comment_404_0_0', 'Dolorem itaque consequatur velit quasi minus ad et.', 'bc8dac25-793c-4a96-aafc-4ea7020f4f60', 'usr_404');
INSERT INTO trabalho.comentarios_podcast_usuario VALUES ('comment_404_1_0', 'Qui nam culpa voluptates cupiditate voluptatem enim.', 'bc8dac25-793c-4a96-aafc-4ea7020f4f60', 'usr_404');
INSERT INTO trabalho.log_acesso VALUES ('log_404_0_0', 'bc8dac25-793c-4a96-aafc-4ea7020f4f60', 'usr_404');
INSERT INTO trabalho.log_acesso VALUES ('log_404_1_0', 'bc8dac25-793c-4a96-aafc-4ea7020f4f60', 'usr_404');
INSERT INTO trabalho.log_acesso VALUES ('log_404_2_0', 'bc8dac25-793c-4a96-aafc-4ea7020f4f60', 'usr_404');
INSERT INTO trabalho.log_acesso VALUES ('log_404_3_0', 'bc8dac25-793c-4a96-aafc-4ea7020f4f60', 'usr_404');
INSERT INTO trabalho.log_acesso VALUES ('log_404_4_0', 'bc8dac25-793c-4a96-aafc-4ea7020f4f60', 'usr_404');
INSERT INTO trabalho.usuario_esta_inscrito_no_podcast VALUES (1, 'c58b280a-56d4-4ad8-8c85-730e4ea86361', 'usr_404');
INSERT INTO trabalho.comentarios_podcast_usuario VALUES ('comment_404_0_1', 'Incidunt inventore accusamus omnis neque.', 'c58b280a-56d4-4ad8-8c85-730e4ea86361', 'usr_404');
INSERT INTO trabalho.comentarios_podcast_usuario VALUES ('comment_404_1_1', 'Quod libero rerum in.', 'c58b280a-56d4-4ad8-8c85-730e4ea86361', 'usr_404');
INSERT INTO trabalho.log_acesso VALUES ('log_404_0_1', 'c58b280a-56d4-4ad8-8c85-730e4ea86361', 'usr_404');
INSERT INTO trabalho.log_acesso VALUES ('log_404_1_1', 'c58b280a-56d4-4ad8-8c85-730e4ea86361', 'usr_404');
INSERT INTO trabalho.usuario_esta_inscrito_no_podcast VALUES (5, 'fa3abe16-3645-4d22-a01d-893e6f20c408', 'usr_404');
INSERT INTO trabalho.comentarios_podcast_usuario VALUES ('comment_404_0_2', 'Incidunt consectetur dicta excepturi omnis ut.', 'fa3abe16-3645-4d22-a01d-893e6f20c408', 'usr_404');
INSERT INTO trabalho.comentarios_podcast_usuario VALUES ('comment_404_1_2', 'Cumque amet consectetur dolorem.', 'fa3abe16-3645-4d22-a01d-893e6f20c408', 'usr_404');
INSERT INTO trabalho.comentarios_podcast_usuario VALUES ('comment_404_2_2', 'Est a nemo id sit et nemo doloribus asperiores quo.', 'fa3abe16-3645-4d22-a01d-893e6f20c408', 'usr_404');
INSERT INTO trabalho.comentarios_podcast_usuario VALUES ('comment_404_3_2', 'Et voluptatem est est quae distinctio et corporis est.', 'fa3abe16-3645-4d22-a01d-893e6f20c408', 'usr_404');
INSERT INTO trabalho.comentarios_podcast_usuario VALUES ('comment_404_4_2', 'Non laudantium similique.', 'fa3abe16-3645-4d22-a01d-893e6f20c408', 'usr_404');
INSERT INTO trabalho.log_acesso VALUES ('log_404_0_2', 'fa3abe16-3645-4d22-a01d-893e6f20c408', 'usr_404');
INSERT INTO trabalho.usuario VALUES ('usr_405', '405_Beatriz76@bol.com.br', 'Beatriz Moreira', 'female', 15, 'password', 'Ilha Bouvet');
INSERT INTO trabalho.usuario_esta_inscrito_no_podcast VALUES (0, '168c1536-4c42-4b8f-8c77-f06affefec6a', 'usr_405');
INSERT INTO trabalho.comentarios_podcast_usuario VALUES ('comment_405_0_0', 'Consequuntur temporibus qui.', '168c1536-4c42-4b8f-8c77-f06affefec6a', 'usr_405');
INSERT INTO trabalho.comentarios_podcast_usuario VALUES ('comment_405_1_0', 'Rerum enim est dolores occaecati facere nostrum odit officiis.', '168c1536-4c42-4b8f-8c77-f06affefec6a', 'usr_405');
INSERT INTO trabalho.log_acesso VALUES ('log_405_0_0', '168c1536-4c42-4b8f-8c77-f06affefec6a', 'usr_405');
INSERT INTO trabalho.usuario_esta_inscrito_no_podcast VALUES (0, 'f1b92ce7-47a7-43cd-8586-4a09185cdd05', 'usr_405');
INSERT INTO trabalho.comentarios_podcast_usuario VALUES ('comment_405_0_1', 'Modi alias hic eaque accusantium possimus quos ut.', 'f1b92ce7-47a7-43cd-8586-4a09185cdd05', 'usr_405');
INSERT INTO trabalho.log_acesso VALUES ('log_405_0_1', 'f1b92ce7-47a7-43cd-8586-4a09185cdd05', 'usr_405');
INSERT INTO trabalho.log_acesso VALUES ('log_405_1_1', 'f1b92ce7-47a7-43cd-8586-4a09185cdd05', 'usr_405');
INSERT INTO trabalho.usuario_esta_inscrito_no_podcast VALUES (0, '67074e68-bc2f-442b-8af2-7d328b6af6eb', 'usr_405');
INSERT INTO trabalho.comentarios_podcast_usuario VALUES ('comment_405_0_2', 'Provident hic dolore odit at sed.', '67074e68-bc2f-442b-8af2-7d328b6af6eb', 'usr_405');
INSERT INTO trabalho.comentarios_podcast_usuario VALUES ('comment_405_1_2', 'Quia ea quas itaque voluptates rerum optio rerum vero error.', '67074e68-bc2f-442b-8af2-7d328b6af6eb', 'usr_405');
INSERT INTO trabalho.comentarios_podcast_usuario VALUES ('comment_405_2_2', 'Qui molestiae aspernatur sit ratione aperiam.', '67074e68-bc2f-442b-8af2-7d328b6af6eb', 'usr_405');
INSERT INTO trabalho.comentarios_podcast_usuario VALUES ('comment_405_3_2', 'Ea optio libero quae explicabo quod.', '67074e68-bc2f-442b-8af2-7d328b6af6eb', 'usr_405');
INSERT INTO trabalho.log_acesso VALUES ('log_405_0_2', '67074e68-bc2f-442b-8af2-7d328b6af6eb', 'usr_405');
INSERT INTO trabalho.log_acesso VALUES ('log_405_1_2', '67074e68-bc2f-442b-8af2-7d328b6af6eb', 'usr_405');
INSERT INTO trabalho.log_acesso VALUES ('log_405_2_2', '67074e68-bc2f-442b-8af2-7d328b6af6eb', 'usr_405');
INSERT INTO trabalho.log_acesso VALUES ('log_405_3_2', '67074e68-bc2f-442b-8af2-7d328b6af6eb', 'usr_405');
INSERT INTO trabalho.log_acesso VALUES ('log_405_4_2', '67074e68-bc2f-442b-8af2-7d328b6af6eb', 'usr_405');
INSERT INTO trabalho.usuario VALUES ('usr_406', '406_Maria_Saraiva@hotmail.com', 'Maria Saraiva', 'female', 10, 'password', 'Mônaco');
INSERT INTO trabalho.usuario_esta_inscrito_no_podcast VALUES (1, 'f8e13774-d631-4f34-93f0-2f5d55590265', 'usr_406');
INSERT INTO trabalho.comentarios_podcast_usuario VALUES ('comment_406_0_0', 'Culpa quae neque eum.', 'f8e13774-d631-4f34-93f0-2f5d55590265', 'usr_406');
INSERT INTO trabalho.comentarios_podcast_usuario VALUES ('comment_406_1_0', 'Doloremque pariatur asperiores vero amet consectetur tempora aut.', 'f8e13774-d631-4f34-93f0-2f5d55590265', 'usr_406');
INSERT INTO trabalho.comentarios_podcast_usuario VALUES ('comment_406_2_0', 'Reiciendis sunt est sed est sunt dignissimos.', 'f8e13774-d631-4f34-93f0-2f5d55590265', 'usr_406');
INSERT INTO trabalho.comentarios_podcast_usuario VALUES ('comment_406_3_0', 'Ipsa repellat deserunt nihil aut non veritatis.', 'f8e13774-d631-4f34-93f0-2f5d55590265', 'usr_406');
INSERT INTO trabalho.comentarios_podcast_usuario VALUES ('comment_406_4_0', 'Pariatur neque ut.', 'f8e13774-d631-4f34-93f0-2f5d55590265', 'usr_406');
INSERT INTO trabalho.log_acesso VALUES ('log_406_0_0', 'f8e13774-d631-4f34-93f0-2f5d55590265', 'usr_406');
INSERT INTO trabalho.usuario_esta_inscrito_no_podcast VALUES (3, 'de2f0ddb-9903-436a-a5e2-54224254c818', 'usr_406');
INSERT INTO trabalho.comentarios_podcast_usuario VALUES ('comment_406_0_1', 'Vero rerum id cumque est minima officia.', 'de2f0ddb-9903-436a-a5e2-54224254c818', 'usr_406');
INSERT INTO trabalho.comentarios_podcast_usuario VALUES ('comment_406_1_1', 'Dolores itaque est error modi odio sed vitae nostrum.', 'de2f0ddb-9903-436a-a5e2-54224254c818', 'usr_406');
INSERT INTO trabalho.comentarios_podcast_usuario VALUES ('comment_406_2_1', 'Beatae totam voluptas ipsum quia ad.', 'de2f0ddb-9903-436a-a5e2-54224254c818', 'usr_406');
INSERT INTO trabalho.comentarios_podcast_usuario VALUES ('comment_406_3_1', 'Quod omnis eligendi porro.', 'de2f0ddb-9903-436a-a5e2-54224254c818', 'usr_406');
INSERT INTO trabalho.log_acesso VALUES ('log_406_0_1', 'de2f0ddb-9903-436a-a5e2-54224254c818', 'usr_406');
INSERT INTO trabalho.log_acesso VALUES ('log_406_1_1', 'de2f0ddb-9903-436a-a5e2-54224254c818', 'usr_406');
INSERT INTO trabalho.usuario_esta_inscrito_no_podcast VALUES (5, 'c58b280a-56d4-4ad8-8c85-730e4ea86361', 'usr_406');
INSERT INTO trabalho.comentarios_podcast_usuario VALUES ('comment_406_0_2', 'Quis et sed qui et error dolorum.', 'c58b280a-56d4-4ad8-8c85-730e4ea86361', 'usr_406');
INSERT INTO trabalho.comentarios_podcast_usuario VALUES ('comment_406_1_2', 'Corporis perspiciatis natus facilis porro praesentium totam quia.', 'c58b280a-56d4-4ad8-8c85-730e4ea86361', 'usr_406');
INSERT INTO trabalho.log_acesso VALUES ('log_406_0_2', 'c58b280a-56d4-4ad8-8c85-730e4ea86361', 'usr_406');
INSERT INTO trabalho.usuario VALUES ('usr_407', '407_Ceclia.Martins29@gmail.com', 'Cecília Martins', 'female', 10, 'password', 'Ilhas Cook');
INSERT INTO trabalho.usuario_esta_inscrito_no_podcast VALUES (3, 'f0166bd2-8e4d-4308-b5d7-0b3d627c5dc5', 'usr_407');
INSERT INTO trabalho.comentarios_podcast_usuario VALUES ('comment_407_0_0', 'Est quidem quaerat.', 'f0166bd2-8e4d-4308-b5d7-0b3d627c5dc5', 'usr_407');
INSERT INTO trabalho.comentarios_podcast_usuario VALUES ('comment_407_1_0', 'Et perspiciatis beatae tenetur eveniet animi voluptas et consequatur rerum.', 'f0166bd2-8e4d-4308-b5d7-0b3d627c5dc5', 'usr_407');
INSERT INTO trabalho.comentarios_podcast_usuario VALUES ('comment_407_2_0', 'Odit numquam dolorem quas voluptas odit dignissimos in voluptas illo.', 'f0166bd2-8e4d-4308-b5d7-0b3d627c5dc5', 'usr_407');
INSERT INTO trabalho.comentarios_podcast_usuario VALUES ('comment_407_3_0', 'Perspiciatis qui est id blanditiis vitae ratione tempora.', 'f0166bd2-8e4d-4308-b5d7-0b3d627c5dc5', 'usr_407');
INSERT INTO trabalho.log_acesso VALUES ('log_407_0_0', 'f0166bd2-8e4d-4308-b5d7-0b3d627c5dc5', 'usr_407');
INSERT INTO trabalho.usuario_esta_inscrito_no_podcast VALUES (3, 'c58b280a-56d4-4ad8-8c85-730e4ea86361', 'usr_407');
INSERT INTO trabalho.comentarios_podcast_usuario VALUES ('comment_407_0_1', 'Ex beatae qui iste nihil laudantium et dolorem hic qui.', 'c58b280a-56d4-4ad8-8c85-730e4ea86361', 'usr_407');
INSERT INTO trabalho.comentarios_podcast_usuario VALUES ('comment_407_1_1', 'Ab voluptas optio ducimus optio sequi dolores.', 'c58b280a-56d4-4ad8-8c85-730e4ea86361', 'usr_407');
INSERT INTO trabalho.comentarios_podcast_usuario VALUES ('comment_407_2_1', 'Eum itaque eaque consequatur nemo corrupti veniam deleniti harum amet.', 'c58b280a-56d4-4ad8-8c85-730e4ea86361', 'usr_407');
INSERT INTO trabalho.comentarios_podcast_usuario VALUES ('comment_407_3_1', 'Suscipit maxime odit nostrum itaque.', 'c58b280a-56d4-4ad8-8c85-730e4ea86361', 'usr_407');
INSERT INTO trabalho.log_acesso VALUES ('log_407_0_1', 'c58b280a-56d4-4ad8-8c85-730e4ea86361', 'usr_407');
INSERT INTO trabalho.log_acesso VALUES ('log_407_1_1', 'c58b280a-56d4-4ad8-8c85-730e4ea86361', 'usr_407');
INSERT INTO trabalho.log_acesso VALUES ('log_407_2_1', 'c58b280a-56d4-4ad8-8c85-730e4ea86361', 'usr_407');
INSERT INTO trabalho.usuario_esta_inscrito_no_podcast VALUES (0, '67074e68-bc2f-442b-8af2-7d328b6af6eb', 'usr_407');
INSERT INTO trabalho.comentarios_podcast_usuario VALUES ('comment_407_0_2', 'Minima maxime sit rem et.', '67074e68-bc2f-442b-8af2-7d328b6af6eb', 'usr_407');
INSERT INTO trabalho.comentarios_podcast_usuario VALUES ('comment_407_1_2', 'Non provident aut.', '67074e68-bc2f-442b-8af2-7d328b6af6eb', 'usr_407');
INSERT INTO trabalho.comentarios_podcast_usuario VALUES ('comment_407_2_2', 'Atque aut aut velit.', '67074e68-bc2f-442b-8af2-7d328b6af6eb', 'usr_407');
INSERT INTO trabalho.comentarios_podcast_usuario VALUES ('comment_407_3_2', 'Perferendis ut consequatur dolorem.', '67074e68-bc2f-442b-8af2-7d328b6af6eb', 'usr_407');
INSERT INTO trabalho.comentarios_podcast_usuario VALUES ('comment_407_4_2', 'Laboriosam perferendis dolor ut perspiciatis aspernatur molestias voluptas nihil.', '67074e68-bc2f-442b-8af2-7d328b6af6eb', 'usr_407');
INSERT INTO trabalho.log_acesso VALUES ('log_407_0_2', '67074e68-bc2f-442b-8af2-7d328b6af6eb', 'usr_407');
INSERT INTO trabalho.log_acesso VALUES ('log_407_1_2', '67074e68-bc2f-442b-8af2-7d328b6af6eb', 'usr_407');
INSERT INTO trabalho.usuario VALUES ('usr_408', '408_Nicolas.Melo29@hotmail.com', 'Nicolas Melo', 'male', 31, 'password', 'Latvia');
INSERT INTO trabalho.usuario_esta_inscrito_no_podcast VALUES (0, '7e429e8e-7669-403d-bb78-3cd7f9f75afd', 'usr_408');
INSERT INTO trabalho.comentarios_podcast_usuario VALUES ('comment_408_0_0', 'Dolore rerum nostrum quod eum molestiae.', '7e429e8e-7669-403d-bb78-3cd7f9f75afd', 'usr_408');
INSERT INTO trabalho.comentarios_podcast_usuario VALUES ('comment_408_1_0', 'Rerum eum dolorum enim sequi et velit aut tenetur.', '7e429e8e-7669-403d-bb78-3cd7f9f75afd', 'usr_408');
INSERT INTO trabalho.comentarios_podcast_usuario VALUES ('comment_408_2_0', 'Quia quia ut sit sequi et qui molestiae earum rerum.', '7e429e8e-7669-403d-bb78-3cd7f9f75afd', 'usr_408');
INSERT INTO trabalho.log_acesso VALUES ('log_408_0_0', '7e429e8e-7669-403d-bb78-3cd7f9f75afd', 'usr_408');
INSERT INTO trabalho.log_acesso VALUES ('log_408_1_0', '7e429e8e-7669-403d-bb78-3cd7f9f75afd', 'usr_408');
INSERT INTO trabalho.usuario_esta_inscrito_no_podcast VALUES (5, 'b553d865-8fe2-47de-9a30-10e1dea3bd1d', 'usr_408');
INSERT INTO trabalho.comentarios_podcast_usuario VALUES ('comment_408_0_1', 'Nostrum assumenda consequatur nisi et aut omnis temporibus recusandae et.', 'b553d865-8fe2-47de-9a30-10e1dea3bd1d', 'usr_408');
INSERT INTO trabalho.comentarios_podcast_usuario VALUES ('comment_408_1_1', 'Laboriosam esse quis.', 'b553d865-8fe2-47de-9a30-10e1dea3bd1d', 'usr_408');
INSERT INTO trabalho.comentarios_podcast_usuario VALUES ('comment_408_2_1', 'Similique alias a.', 'b553d865-8fe2-47de-9a30-10e1dea3bd1d', 'usr_408');
INSERT INTO trabalho.comentarios_podcast_usuario VALUES ('comment_408_3_1', 'Magni eveniet aut adipisci iste odio.', 'b553d865-8fe2-47de-9a30-10e1dea3bd1d', 'usr_408');
INSERT INTO trabalho.comentarios_podcast_usuario VALUES ('comment_408_4_1', 'Reprehenderit aperiam autem deleniti possimus minima ducimus aut aliquid.', 'b553d865-8fe2-47de-9a30-10e1dea3bd1d', 'usr_408');
INSERT INTO trabalho.comentarios_podcast_usuario VALUES ('comment_408_5_1', 'Temporibus ut commodi voluptatibus eum quia autem.', 'b553d865-8fe2-47de-9a30-10e1dea3bd1d', 'usr_408');
INSERT INTO trabalho.log_acesso VALUES ('log_408_0_1', 'b553d865-8fe2-47de-9a30-10e1dea3bd1d', 'usr_408');
INSERT INTO trabalho.log_acesso VALUES ('log_408_1_1', 'b553d865-8fe2-47de-9a30-10e1dea3bd1d', 'usr_408');
INSERT INTO trabalho.log_acesso VALUES ('log_408_2_1', 'b553d865-8fe2-47de-9a30-10e1dea3bd1d', 'usr_408');
INSERT INTO trabalho.usuario_esta_inscrito_no_podcast VALUES (4, 'bc8dac25-793c-4a96-aafc-4ea7020f4f60', 'usr_408');
INSERT INTO trabalho.comentarios_podcast_usuario VALUES ('comment_408_0_2', 'Omnis deserunt voluptas assumenda deserunt.', 'bc8dac25-793c-4a96-aafc-4ea7020f4f60', 'usr_408');
INSERT INTO trabalho.comentarios_podcast_usuario VALUES ('comment_408_1_2', 'Natus voluptates ea vel blanditiis excepturi blanditiis.', 'bc8dac25-793c-4a96-aafc-4ea7020f4f60', 'usr_408');
INSERT INTO trabalho.comentarios_podcast_usuario VALUES ('comment_408_2_2', 'Consequatur nihil et.', 'bc8dac25-793c-4a96-aafc-4ea7020f4f60', 'usr_408');
INSERT INTO trabalho.log_acesso VALUES ('log_408_0_2', 'bc8dac25-793c-4a96-aafc-4ea7020f4f60', 'usr_408');
INSERT INTO trabalho.log_acesso VALUES ('log_408_1_2', 'bc8dac25-793c-4a96-aafc-4ea7020f4f60', 'usr_408');
INSERT INTO trabalho.usuario VALUES ('usr_409', '409_Vitria34@yahoo.com', 'Vitória Martins', 'female', 5, 'password', 'Egito');
INSERT INTO trabalho.usuario_esta_inscrito_no_podcast VALUES (3, 'b553d865-8fe2-47de-9a30-10e1dea3bd1d', 'usr_409');
INSERT INTO trabalho.comentarios_podcast_usuario VALUES ('comment_409_0_0', 'Illum qui magni assumenda ea accusamus blanditiis modi neque.', 'b553d865-8fe2-47de-9a30-10e1dea3bd1d', 'usr_409');
INSERT INTO trabalho.comentarios_podcast_usuario VALUES ('comment_409_1_0', 'Velit incidunt impedit quis rerum cumque asperiores ut ut.', 'b553d865-8fe2-47de-9a30-10e1dea3bd1d', 'usr_409');
INSERT INTO trabalho.comentarios_podcast_usuario VALUES ('comment_409_2_0', 'Quia mollitia consequatur aut rem modi.', 'b553d865-8fe2-47de-9a30-10e1dea3bd1d', 'usr_409');
INSERT INTO trabalho.log_acesso VALUES ('log_409_0_0', 'b553d865-8fe2-47de-9a30-10e1dea3bd1d', 'usr_409');
INSERT INTO trabalho.usuario_esta_inscrito_no_podcast VALUES (3, 'f1b92ce7-47a7-43cd-8586-4a09185cdd05', 'usr_409');
INSERT INTO trabalho.comentarios_podcast_usuario VALUES ('comment_409_0_1', 'Quasi velit ea.', 'f1b92ce7-47a7-43cd-8586-4a09185cdd05', 'usr_409');
INSERT INTO trabalho.comentarios_podcast_usuario VALUES ('comment_409_1_1', 'Maiores velit est sed eos rerum distinctio ullam quaerat.', 'f1b92ce7-47a7-43cd-8586-4a09185cdd05', 'usr_409');
INSERT INTO trabalho.comentarios_podcast_usuario VALUES ('comment_409_2_1', 'Qui aut sit delectus ut.', 'f1b92ce7-47a7-43cd-8586-4a09185cdd05', 'usr_409');
INSERT INTO trabalho.log_acesso VALUES ('log_409_0_1', 'f1b92ce7-47a7-43cd-8586-4a09185cdd05', 'usr_409');
INSERT INTO trabalho.log_acesso VALUES ('log_409_1_1', 'f1b92ce7-47a7-43cd-8586-4a09185cdd05', 'usr_409');
INSERT INTO trabalho.log_acesso VALUES ('log_409_2_1', 'f1b92ce7-47a7-43cd-8586-4a09185cdd05', 'usr_409');
INSERT INTO trabalho.log_acesso VALUES ('log_409_3_1', 'f1b92ce7-47a7-43cd-8586-4a09185cdd05', 'usr_409');
INSERT INTO trabalho.log_acesso VALUES ('log_409_4_1', 'f1b92ce7-47a7-43cd-8586-4a09185cdd05', 'usr_409');
INSERT INTO trabalho.log_acesso VALUES ('log_409_5_1', 'f1b92ce7-47a7-43cd-8586-4a09185cdd05', 'usr_409');
INSERT INTO trabalho.usuario_esta_inscrito_no_podcast VALUES (5, 'c58b280a-56d4-4ad8-8c85-730e4ea86361', 'usr_409');
INSERT INTO trabalho.comentarios_podcast_usuario VALUES ('comment_409_0_2', 'Qui qui eligendi cum repellendus nisi dolorum distinctio voluptatem dolor.', 'c58b280a-56d4-4ad8-8c85-730e4ea86361', 'usr_409');
INSERT INTO trabalho.comentarios_podcast_usuario VALUES ('comment_409_1_2', 'Est ullam eum quam expedita.', 'c58b280a-56d4-4ad8-8c85-730e4ea86361', 'usr_409');
INSERT INTO trabalho.log_acesso VALUES ('log_409_0_2', 'c58b280a-56d4-4ad8-8c85-730e4ea86361', 'usr_409');
INSERT INTO trabalho.log_acesso VALUES ('log_409_1_2', 'c58b280a-56d4-4ad8-8c85-730e4ea86361', 'usr_409');
INSERT INTO trabalho.log_acesso VALUES ('log_409_2_2', 'c58b280a-56d4-4ad8-8c85-730e4ea86361', 'usr_409');
INSERT INTO trabalho.log_acesso VALUES ('log_409_3_2', 'c58b280a-56d4-4ad8-8c85-730e4ea86361', 'usr_409');
INSERT INTO trabalho.log_acesso VALUES ('log_409_4_2', 'c58b280a-56d4-4ad8-8c85-730e4ea86361', 'usr_409');
INSERT INTO trabalho.usuario VALUES ('usr_410', '410_Margarida_Santos@hotmail.com', 'Margarida Santos', 'female', 57, 'password', 'Burundi');
INSERT INTO trabalho.usuario_esta_inscrito_no_podcast VALUES (3, '67074e68-bc2f-442b-8af2-7d328b6af6eb', 'usr_410');
INSERT INTO trabalho.comentarios_podcast_usuario VALUES ('comment_410_0_0', 'Explicabo placeat eum.', '67074e68-bc2f-442b-8af2-7d328b6af6eb', 'usr_410');
INSERT INTO trabalho.log_acesso VALUES ('log_410_0_0', '67074e68-bc2f-442b-8af2-7d328b6af6eb', 'usr_410');
INSERT INTO trabalho.log_acesso VALUES ('log_410_1_0', '67074e68-bc2f-442b-8af2-7d328b6af6eb', 'usr_410');
INSERT INTO trabalho.log_acesso VALUES ('log_410_2_0', '67074e68-bc2f-442b-8af2-7d328b6af6eb', 'usr_410');
INSERT INTO trabalho.usuario_esta_inscrito_no_podcast VALUES (5, 'c58b280a-56d4-4ad8-8c85-730e4ea86361', 'usr_410');
INSERT INTO trabalho.comentarios_podcast_usuario VALUES ('comment_410_0_1', 'Ducimus est sed vel vel velit optio delectus deserunt nesciunt.', 'c58b280a-56d4-4ad8-8c85-730e4ea86361', 'usr_410');
INSERT INTO trabalho.comentarios_podcast_usuario VALUES ('comment_410_1_1', 'Dolor dolor ullam dolores dolores et animi reiciendis magni rerum.', 'c58b280a-56d4-4ad8-8c85-730e4ea86361', 'usr_410');
INSERT INTO trabalho.comentarios_podcast_usuario VALUES ('comment_410_2_1', 'Sunt maxime ea iste iure officia pariatur minima asperiores molestiae.', 'c58b280a-56d4-4ad8-8c85-730e4ea86361', 'usr_410');
INSERT INTO trabalho.log_acesso VALUES ('log_410_0_1', 'c58b280a-56d4-4ad8-8c85-730e4ea86361', 'usr_410');
INSERT INTO trabalho.log_acesso VALUES ('log_410_1_1', 'c58b280a-56d4-4ad8-8c85-730e4ea86361', 'usr_410');
INSERT INTO trabalho.usuario_esta_inscrito_no_podcast VALUES (2, '168c1536-4c42-4b8f-8c77-f06affefec6a', 'usr_410');
INSERT INTO trabalho.comentarios_podcast_usuario VALUES ('comment_410_0_2', 'Et qui odio ut qui aut voluptatem.', '168c1536-4c42-4b8f-8c77-f06affefec6a', 'usr_410');
INSERT INTO trabalho.comentarios_podcast_usuario VALUES ('comment_410_1_2', 'Rem et aliquid maiores aliquam laboriosam voluptatem hic eligendi.', '168c1536-4c42-4b8f-8c77-f06affefec6a', 'usr_410');
INSERT INTO trabalho.comentarios_podcast_usuario VALUES ('comment_410_2_2', 'Repudiandae omnis nesciunt omnis minus ex eligendi hic veritatis vel.', '168c1536-4c42-4b8f-8c77-f06affefec6a', 'usr_410');
INSERT INTO trabalho.comentarios_podcast_usuario VALUES ('comment_410_3_2', 'Dolor dolor aperiam commodi rem quo molestiae ut odio.', '168c1536-4c42-4b8f-8c77-f06affefec6a', 'usr_410');
INSERT INTO trabalho.comentarios_podcast_usuario VALUES ('comment_410_4_2', 'Fugiat voluptatibus rerum nulla laudantium et dolorem voluptatem tempore.', '168c1536-4c42-4b8f-8c77-f06affefec6a', 'usr_410');
INSERT INTO trabalho.log_acesso VALUES ('log_410_0_2', '168c1536-4c42-4b8f-8c77-f06affefec6a', 'usr_410');
INSERT INTO trabalho.log_acesso VALUES ('log_410_1_2', '168c1536-4c42-4b8f-8c77-f06affefec6a', 'usr_410');
INSERT INTO trabalho.log_acesso VALUES ('log_410_2_2', '168c1536-4c42-4b8f-8c77-f06affefec6a', 'usr_410');
INSERT INTO trabalho.log_acesso VALUES ('log_410_3_2', '168c1536-4c42-4b8f-8c77-f06affefec6a', 'usr_410');
INSERT INTO trabalho.usuario VALUES ('usr_411', '411_Lorenzo_Nogueira8@bol.com.br', 'Lorenzo Nogueira', 'male', 60, 'password', 'Território da Palestina');
INSERT INTO trabalho.usuario_esta_inscrito_no_podcast VALUES (3, 'af46a958-b921-47b6-9f87-5c4fdc68ea79', 'usr_411');
INSERT INTO trabalho.comentarios_podcast_usuario VALUES ('comment_411_0_0', 'Qui doloremque consequatur deleniti sunt accusantium.', 'af46a958-b921-47b6-9f87-5c4fdc68ea79', 'usr_411');
INSERT INTO trabalho.log_acesso VALUES ('log_411_0_0', 'af46a958-b921-47b6-9f87-5c4fdc68ea79', 'usr_411');
INSERT INTO trabalho.log_acesso VALUES ('log_411_1_0', 'af46a958-b921-47b6-9f87-5c4fdc68ea79', 'usr_411');
INSERT INTO trabalho.log_acesso VALUES ('log_411_2_0', 'af46a958-b921-47b6-9f87-5c4fdc68ea79', 'usr_411');
INSERT INTO trabalho.usuario_esta_inscrito_no_podcast VALUES (3, 'de2f0ddb-9903-436a-a5e2-54224254c818', 'usr_411');
INSERT INTO trabalho.comentarios_podcast_usuario VALUES ('comment_411_0_1', 'Nihil dolores quasi corrupti non et minima non voluptatem et.', 'de2f0ddb-9903-436a-a5e2-54224254c818', 'usr_411');
INSERT INTO trabalho.comentarios_podcast_usuario VALUES ('comment_411_1_1', 'Aut voluptatem eveniet cumque nemo perferendis.', 'de2f0ddb-9903-436a-a5e2-54224254c818', 'usr_411');
INSERT INTO trabalho.comentarios_podcast_usuario VALUES ('comment_411_2_1', 'Sequi aliquid sunt.', 'de2f0ddb-9903-436a-a5e2-54224254c818', 'usr_411');
INSERT INTO trabalho.comentarios_podcast_usuario VALUES ('comment_411_3_1', 'Est est qui est laborum pariatur neque blanditiis occaecati laborum.', 'de2f0ddb-9903-436a-a5e2-54224254c818', 'usr_411');
INSERT INTO trabalho.comentarios_podcast_usuario VALUES ('comment_411_4_1', 'Tempore veniam qui reprehenderit.', 'de2f0ddb-9903-436a-a5e2-54224254c818', 'usr_411');
INSERT INTO trabalho.comentarios_podcast_usuario VALUES ('comment_411_5_1', 'Et omnis voluptatem earum cum ut nostrum.', 'de2f0ddb-9903-436a-a5e2-54224254c818', 'usr_411');
INSERT INTO trabalho.log_acesso VALUES ('log_411_0_1', 'de2f0ddb-9903-436a-a5e2-54224254c818', 'usr_411');
INSERT INTO trabalho.log_acesso VALUES ('log_411_1_1', 'de2f0ddb-9903-436a-a5e2-54224254c818', 'usr_411');
INSERT INTO trabalho.log_acesso VALUES ('log_411_2_1', 'de2f0ddb-9903-436a-a5e2-54224254c818', 'usr_411');
INSERT INTO trabalho.log_acesso VALUES ('log_411_3_1', 'de2f0ddb-9903-436a-a5e2-54224254c818', 'usr_411');
INSERT INTO trabalho.log_acesso VALUES ('log_411_4_1', 'de2f0ddb-9903-436a-a5e2-54224254c818', 'usr_411');
INSERT INTO trabalho.usuario_esta_inscrito_no_podcast VALUES (1, '219328a1-cec6-4e8c-b003-52a3ec9766bb', 'usr_411');
INSERT INTO trabalho.comentarios_podcast_usuario VALUES ('comment_411_0_2', 'Alias quis nisi provident doloremque ullam perspiciatis commodi.', '219328a1-cec6-4e8c-b003-52a3ec9766bb', 'usr_411');
INSERT INTO trabalho.comentarios_podcast_usuario VALUES ('comment_411_1_2', 'Quos a voluptas ab nihil sed.', '219328a1-cec6-4e8c-b003-52a3ec9766bb', 'usr_411');
INSERT INTO trabalho.comentarios_podcast_usuario VALUES ('comment_411_2_2', 'Similique quam optio veritatis ut rerum quis sed ut qui.', '219328a1-cec6-4e8c-b003-52a3ec9766bb', 'usr_411');
INSERT INTO trabalho.log_acesso VALUES ('log_411_0_2', '219328a1-cec6-4e8c-b003-52a3ec9766bb', 'usr_411');
INSERT INTO trabalho.log_acesso VALUES ('log_411_1_2', '219328a1-cec6-4e8c-b003-52a3ec9766bb', 'usr_411');
INSERT INTO trabalho.usuario VALUES ('usr_412', '412_MariaLuiza.Saraiva@gmail.com', 'Maria Luiza Saraiva', 'female', 39, 'password', 'Mônaco');
INSERT INTO trabalho.usuario_esta_inscrito_no_podcast VALUES (1, 'f8e13774-d631-4f34-93f0-2f5d55590265', 'usr_412');
INSERT INTO trabalho.comentarios_podcast_usuario VALUES ('comment_412_0_0', 'Ut in dolorum.', 'f8e13774-d631-4f34-93f0-2f5d55590265', 'usr_412');
INSERT INTO trabalho.comentarios_podcast_usuario VALUES ('comment_412_1_0', 'Ipsa qui ab rerum in.', 'f8e13774-d631-4f34-93f0-2f5d55590265', 'usr_412');
INSERT INTO trabalho.comentarios_podcast_usuario VALUES ('comment_412_2_0', 'Incidunt reiciendis est quasi velit vel molestiae modi.', 'f8e13774-d631-4f34-93f0-2f5d55590265', 'usr_412');
INSERT INTO trabalho.comentarios_podcast_usuario VALUES ('comment_412_3_0', 'Inventore quis non.', 'f8e13774-d631-4f34-93f0-2f5d55590265', 'usr_412');
INSERT INTO trabalho.log_acesso VALUES ('log_412_0_0', 'f8e13774-d631-4f34-93f0-2f5d55590265', 'usr_412');
INSERT INTO trabalho.log_acesso VALUES ('log_412_1_0', 'f8e13774-d631-4f34-93f0-2f5d55590265', 'usr_412');
INSERT INTO trabalho.log_acesso VALUES ('log_412_2_0', 'f8e13774-d631-4f34-93f0-2f5d55590265', 'usr_412');
INSERT INTO trabalho.log_acesso VALUES ('log_412_3_0', 'f8e13774-d631-4f34-93f0-2f5d55590265', 'usr_412');
INSERT INTO trabalho.usuario_esta_inscrito_no_podcast VALUES (3, 'bc8dac25-793c-4a96-aafc-4ea7020f4f60', 'usr_412');
INSERT INTO trabalho.comentarios_podcast_usuario VALUES ('comment_412_0_1', 'Nam quaerat et eos.', 'bc8dac25-793c-4a96-aafc-4ea7020f4f60', 'usr_412');
INSERT INTO trabalho.comentarios_podcast_usuario VALUES ('comment_412_1_1', 'Non et amet omnis et non.', 'bc8dac25-793c-4a96-aafc-4ea7020f4f60', 'usr_412');
INSERT INTO trabalho.comentarios_podcast_usuario VALUES ('comment_412_2_1', 'Accusamus omnis dignissimos.', 'bc8dac25-793c-4a96-aafc-4ea7020f4f60', 'usr_412');
INSERT INTO trabalho.log_acesso VALUES ('log_412_0_1', 'bc8dac25-793c-4a96-aafc-4ea7020f4f60', 'usr_412');
INSERT INTO trabalho.usuario_esta_inscrito_no_podcast VALUES (0, 'fa3abe16-3645-4d22-a01d-893e6f20c408', 'usr_412');
INSERT INTO trabalho.comentarios_podcast_usuario VALUES ('comment_412_0_2', 'Eaque molestiae explicabo ut.', 'fa3abe16-3645-4d22-a01d-893e6f20c408', 'usr_412');
INSERT INTO trabalho.comentarios_podcast_usuario VALUES ('comment_412_1_2', 'Dolor rerum ab molestias optio aut sunt iure fugit voluptatem.', 'fa3abe16-3645-4d22-a01d-893e6f20c408', 'usr_412');
INSERT INTO trabalho.comentarios_podcast_usuario VALUES ('comment_412_2_2', 'Velit quaerat optio ducimus sint culpa dolor non non.', 'fa3abe16-3645-4d22-a01d-893e6f20c408', 'usr_412');
INSERT INTO trabalho.comentarios_podcast_usuario VALUES ('comment_412_3_2', 'Qui eum molestiae tenetur beatae porro alias.', 'fa3abe16-3645-4d22-a01d-893e6f20c408', 'usr_412');
INSERT INTO trabalho.comentarios_podcast_usuario VALUES ('comment_412_4_2', 'Non similique incidunt non minus voluptatem.', 'fa3abe16-3645-4d22-a01d-893e6f20c408', 'usr_412');
INSERT INTO trabalho.log_acesso VALUES ('log_412_0_2', 'fa3abe16-3645-4d22-a01d-893e6f20c408', 'usr_412');
INSERT INTO trabalho.log_acesso VALUES ('log_412_1_2', 'fa3abe16-3645-4d22-a01d-893e6f20c408', 'usr_412');
INSERT INTO trabalho.log_acesso VALUES ('log_412_2_2', 'fa3abe16-3645-4d22-a01d-893e6f20c408', 'usr_412');
INSERT INTO trabalho.usuario VALUES ('usr_413', '413_Jlio.Oliveira28@bol.com.br', 'Júlio Oliveira', 'male', 44, 'password', 'Costa do Marfim');
INSERT INTO trabalho.usuario_esta_inscrito_no_podcast VALUES (0, 'de2f0ddb-9903-436a-a5e2-54224254c818', 'usr_413');
INSERT INTO trabalho.comentarios_podcast_usuario VALUES ('comment_413_0_0', 'In praesentium id quia nemo sed natus tenetur voluptatem.', 'de2f0ddb-9903-436a-a5e2-54224254c818', 'usr_413');
INSERT INTO trabalho.comentarios_podcast_usuario VALUES ('comment_413_1_0', 'Aut illo autem nihil.', 'de2f0ddb-9903-436a-a5e2-54224254c818', 'usr_413');
INSERT INTO trabalho.comentarios_podcast_usuario VALUES ('comment_413_2_0', 'Optio eum ipsa et excepturi.', 'de2f0ddb-9903-436a-a5e2-54224254c818', 'usr_413');
INSERT INTO trabalho.comentarios_podcast_usuario VALUES ('comment_413_3_0', 'Illum consequatur temporibus ea dolores sapiente.', 'de2f0ddb-9903-436a-a5e2-54224254c818', 'usr_413');
INSERT INTO trabalho.comentarios_podcast_usuario VALUES ('comment_413_4_0', 'Modi delectus non quae.', 'de2f0ddb-9903-436a-a5e2-54224254c818', 'usr_413');
INSERT INTO trabalho.log_acesso VALUES ('log_413_0_0', 'de2f0ddb-9903-436a-a5e2-54224254c818', 'usr_413');
INSERT INTO trabalho.log_acesso VALUES ('log_413_1_0', 'de2f0ddb-9903-436a-a5e2-54224254c818', 'usr_413');
INSERT INTO trabalho.log_acesso VALUES ('log_413_2_0', 'de2f0ddb-9903-436a-a5e2-54224254c818', 'usr_413');
INSERT INTO trabalho.log_acesso VALUES ('log_413_3_0', 'de2f0ddb-9903-436a-a5e2-54224254c818', 'usr_413');
INSERT INTO trabalho.log_acesso VALUES ('log_413_4_0', 'de2f0ddb-9903-436a-a5e2-54224254c818', 'usr_413');
INSERT INTO trabalho.usuario_esta_inscrito_no_podcast VALUES (3, '7e429e8e-7669-403d-bb78-3cd7f9f75afd', 'usr_413');
INSERT INTO trabalho.comentarios_podcast_usuario VALUES ('comment_413_0_1', 'Quidem maxime est labore est quia aut.', '7e429e8e-7669-403d-bb78-3cd7f9f75afd', 'usr_413');
INSERT INTO trabalho.comentarios_podcast_usuario VALUES ('comment_413_1_1', 'Laboriosam consequatur sit numquam quis eum quo voluptatibus eveniet qui.', '7e429e8e-7669-403d-bb78-3cd7f9f75afd', 'usr_413');
INSERT INTO trabalho.comentarios_podcast_usuario VALUES ('comment_413_2_1', 'Corrupti pariatur qui est facilis et.', '7e429e8e-7669-403d-bb78-3cd7f9f75afd', 'usr_413');
INSERT INTO trabalho.comentarios_podcast_usuario VALUES ('comment_413_3_1', 'Officiis iste dicta eum repellat.', '7e429e8e-7669-403d-bb78-3cd7f9f75afd', 'usr_413');
INSERT INTO trabalho.comentarios_podcast_usuario VALUES ('comment_413_4_1', 'Distinctio aspernatur voluptatibus dolores non beatae voluptatem quas dolorem.', '7e429e8e-7669-403d-bb78-3cd7f9f75afd', 'usr_413');
INSERT INTO trabalho.comentarios_podcast_usuario VALUES ('comment_413_5_1', 'Saepe quibusdam perferendis velit.', '7e429e8e-7669-403d-bb78-3cd7f9f75afd', 'usr_413');
INSERT INTO trabalho.comentarios_podcast_usuario VALUES ('comment_413_6_1', 'Eos ipsum nisi minus corporis ad ut.', '7e429e8e-7669-403d-bb78-3cd7f9f75afd', 'usr_413');
INSERT INTO trabalho.log_acesso VALUES ('log_413_0_1', '7e429e8e-7669-403d-bb78-3cd7f9f75afd', 'usr_413');
INSERT INTO trabalho.log_acesso VALUES ('log_413_1_1', '7e429e8e-7669-403d-bb78-3cd7f9f75afd', 'usr_413');
INSERT INTO trabalho.usuario_esta_inscrito_no_podcast VALUES (3, 'af46a958-b921-47b6-9f87-5c4fdc68ea79', 'usr_413');
INSERT INTO trabalho.comentarios_podcast_usuario VALUES ('comment_413_0_2', 'Optio quibusdam harum eius et dicta recusandae unde molestiae.', 'af46a958-b921-47b6-9f87-5c4fdc68ea79', 'usr_413');
INSERT INTO trabalho.comentarios_podcast_usuario VALUES ('comment_413_1_2', 'Qui eos qui molestiae fugiat molestias modi consequatur.', 'af46a958-b921-47b6-9f87-5c4fdc68ea79', 'usr_413');
INSERT INTO trabalho.comentarios_podcast_usuario VALUES ('comment_413_2_2', 'Aperiam ea ratione eos fuga mollitia incidunt molestias.', 'af46a958-b921-47b6-9f87-5c4fdc68ea79', 'usr_413');
INSERT INTO trabalho.comentarios_podcast_usuario VALUES ('comment_413_3_2', 'Esse aspernatur mollitia natus quia ut aliquid.', 'af46a958-b921-47b6-9f87-5c4fdc68ea79', 'usr_413');
INSERT INTO trabalho.comentarios_podcast_usuario VALUES ('comment_413_4_2', 'Omnis accusantium ex asperiores qui rerum qui repellendus aut.', 'af46a958-b921-47b6-9f87-5c4fdc68ea79', 'usr_413');
INSERT INTO trabalho.log_acesso VALUES ('log_413_0_2', 'af46a958-b921-47b6-9f87-5c4fdc68ea79', 'usr_413');
INSERT INTO trabalho.log_acesso VALUES ('log_413_1_2', 'af46a958-b921-47b6-9f87-5c4fdc68ea79', 'usr_413');
INSERT INTO trabalho.log_acesso VALUES ('log_413_2_2', 'af46a958-b921-47b6-9f87-5c4fdc68ea79', 'usr_413');
INSERT INTO trabalho.log_acesso VALUES ('log_413_3_2', 'af46a958-b921-47b6-9f87-5c4fdc68ea79', 'usr_413');
INSERT INTO trabalho.usuario VALUES ('usr_414', '414_Samuel.Melo55@yahoo.com', 'Samuel Melo', 'male', 15, 'password', 'Itália');
INSERT INTO trabalho.usuario_esta_inscrito_no_podcast VALUES (1, '7e429e8e-7669-403d-bb78-3cd7f9f75afd', 'usr_414');
INSERT INTO trabalho.comentarios_podcast_usuario VALUES ('comment_414_0_0', 'Molestias saepe repudiandae.', '7e429e8e-7669-403d-bb78-3cd7f9f75afd', 'usr_414');
INSERT INTO trabalho.comentarios_podcast_usuario VALUES ('comment_414_1_0', 'Mollitia eum repudiandae aut voluptas.', '7e429e8e-7669-403d-bb78-3cd7f9f75afd', 'usr_414');
INSERT INTO trabalho.log_acesso VALUES ('log_414_0_0', '7e429e8e-7669-403d-bb78-3cd7f9f75afd', 'usr_414');
INSERT INTO trabalho.log_acesso VALUES ('log_414_1_0', '7e429e8e-7669-403d-bb78-3cd7f9f75afd', 'usr_414');
INSERT INTO trabalho.log_acesso VALUES ('log_414_2_0', '7e429e8e-7669-403d-bb78-3cd7f9f75afd', 'usr_414');
INSERT INTO trabalho.usuario_esta_inscrito_no_podcast VALUES (0, 'c58b280a-56d4-4ad8-8c85-730e4ea86361', 'usr_414');
INSERT INTO trabalho.comentarios_podcast_usuario VALUES ('comment_414_0_1', 'Maxime consectetur corporis totam.', 'c58b280a-56d4-4ad8-8c85-730e4ea86361', 'usr_414');
INSERT INTO trabalho.comentarios_podcast_usuario VALUES ('comment_414_1_1', 'Quae facere iure.', 'c58b280a-56d4-4ad8-8c85-730e4ea86361', 'usr_414');
INSERT INTO trabalho.comentarios_podcast_usuario VALUES ('comment_414_2_1', 'Blanditiis doloribus ab sequi beatae sint.', 'c58b280a-56d4-4ad8-8c85-730e4ea86361', 'usr_414');
INSERT INTO trabalho.log_acesso VALUES ('log_414_0_1', 'c58b280a-56d4-4ad8-8c85-730e4ea86361', 'usr_414');
INSERT INTO trabalho.log_acesso VALUES ('log_414_1_1', 'c58b280a-56d4-4ad8-8c85-730e4ea86361', 'usr_414');
INSERT INTO trabalho.log_acesso VALUES ('log_414_2_1', 'c58b280a-56d4-4ad8-8c85-730e4ea86361', 'usr_414');
INSERT INTO trabalho.log_acesso VALUES ('log_414_3_1', 'c58b280a-56d4-4ad8-8c85-730e4ea86361', 'usr_414');
INSERT INTO trabalho.usuario_esta_inscrito_no_podcast VALUES (0, 'f8e13774-d631-4f34-93f0-2f5d55590265', 'usr_414');
INSERT INTO trabalho.comentarios_podcast_usuario VALUES ('comment_414_0_2', 'Quia quos deleniti corporis.', 'f8e13774-d631-4f34-93f0-2f5d55590265', 'usr_414');
INSERT INTO trabalho.comentarios_podcast_usuario VALUES ('comment_414_1_2', 'Aut minima omnis et ullam qui.', 'f8e13774-d631-4f34-93f0-2f5d55590265', 'usr_414');
INSERT INTO trabalho.comentarios_podcast_usuario VALUES ('comment_414_2_2', 'Iusto consequatur maiores.', 'f8e13774-d631-4f34-93f0-2f5d55590265', 'usr_414');
INSERT INTO trabalho.log_acesso VALUES ('log_414_0_2', 'f8e13774-d631-4f34-93f0-2f5d55590265', 'usr_414');
INSERT INTO trabalho.log_acesso VALUES ('log_414_1_2', 'f8e13774-d631-4f34-93f0-2f5d55590265', 'usr_414');
INSERT INTO trabalho.log_acesso VALUES ('log_414_2_2', 'f8e13774-d631-4f34-93f0-2f5d55590265', 'usr_414');
INSERT INTO trabalho.usuario VALUES ('usr_415', '415_Isabel14@bol.com.br', 'Isabel Costa', 'female', 47, 'password', 'Rússia');
INSERT INTO trabalho.usuario_esta_inscrito_no_podcast VALUES (2, 'fa3abe16-3645-4d22-a01d-893e6f20c408', 'usr_415');
INSERT INTO trabalho.comentarios_podcast_usuario VALUES ('comment_415_0_0', 'Fugit ipsum aut fugit molestiae non.', 'fa3abe16-3645-4d22-a01d-893e6f20c408', 'usr_415');
INSERT INTO trabalho.comentarios_podcast_usuario VALUES ('comment_415_1_0', 'Aspernatur nulla voluptas autem iste et.', 'fa3abe16-3645-4d22-a01d-893e6f20c408', 'usr_415');
INSERT INTO trabalho.comentarios_podcast_usuario VALUES ('comment_415_2_0', 'Nihil at omnis qui optio molestiae.', 'fa3abe16-3645-4d22-a01d-893e6f20c408', 'usr_415');
INSERT INTO trabalho.comentarios_podcast_usuario VALUES ('comment_415_3_0', 'Voluptatem ea porro voluptas dolorem et autem.', 'fa3abe16-3645-4d22-a01d-893e6f20c408', 'usr_415');
INSERT INTO trabalho.log_acesso VALUES ('log_415_0_0', 'fa3abe16-3645-4d22-a01d-893e6f20c408', 'usr_415');
INSERT INTO trabalho.log_acesso VALUES ('log_415_1_0', 'fa3abe16-3645-4d22-a01d-893e6f20c408', 'usr_415');
INSERT INTO trabalho.log_acesso VALUES ('log_415_2_0', 'fa3abe16-3645-4d22-a01d-893e6f20c408', 'usr_415');
INSERT INTO trabalho.usuario_esta_inscrito_no_podcast VALUES (2, 'c58b280a-56d4-4ad8-8c85-730e4ea86361', 'usr_415');
INSERT INTO trabalho.comentarios_podcast_usuario VALUES ('comment_415_0_1', 'Odio consequatur facere dolores.', 'c58b280a-56d4-4ad8-8c85-730e4ea86361', 'usr_415');
INSERT INTO trabalho.comentarios_podcast_usuario VALUES ('comment_415_1_1', 'Incidunt a sint et vero voluptas eum ad eaque.', 'c58b280a-56d4-4ad8-8c85-730e4ea86361', 'usr_415');
INSERT INTO trabalho.comentarios_podcast_usuario VALUES ('comment_415_2_1', 'Illo molestiae cupiditate.', 'c58b280a-56d4-4ad8-8c85-730e4ea86361', 'usr_415');
INSERT INTO trabalho.log_acesso VALUES ('log_415_0_1', 'c58b280a-56d4-4ad8-8c85-730e4ea86361', 'usr_415');
INSERT INTO trabalho.log_acesso VALUES ('log_415_1_1', 'c58b280a-56d4-4ad8-8c85-730e4ea86361', 'usr_415');
INSERT INTO trabalho.log_acesso VALUES ('log_415_2_1', 'c58b280a-56d4-4ad8-8c85-730e4ea86361', 'usr_415');
INSERT INTO trabalho.log_acesso VALUES ('log_415_3_1', 'c58b280a-56d4-4ad8-8c85-730e4ea86361', 'usr_415');
INSERT INTO trabalho.log_acesso VALUES ('log_415_4_1', 'c58b280a-56d4-4ad8-8c85-730e4ea86361', 'usr_415');
INSERT INTO trabalho.usuario_esta_inscrito_no_podcast VALUES (0, '67074e68-bc2f-442b-8af2-7d328b6af6eb', 'usr_415');
INSERT INTO trabalho.comentarios_podcast_usuario VALUES ('comment_415_0_2', 'Atque illo in.', '67074e68-bc2f-442b-8af2-7d328b6af6eb', 'usr_415');
INSERT INTO trabalho.comentarios_podcast_usuario VALUES ('comment_415_1_2', 'Et molestiae qui pariatur.', '67074e68-bc2f-442b-8af2-7d328b6af6eb', 'usr_415');
INSERT INTO trabalho.comentarios_podcast_usuario VALUES ('comment_415_2_2', 'Iure architecto impedit ad consequatur amet.', '67074e68-bc2f-442b-8af2-7d328b6af6eb', 'usr_415');
INSERT INTO trabalho.comentarios_podcast_usuario VALUES ('comment_415_3_2', 'Consequatur voluptas nesciunt repellat.', '67074e68-bc2f-442b-8af2-7d328b6af6eb', 'usr_415');
INSERT INTO trabalho.comentarios_podcast_usuario VALUES ('comment_415_4_2', 'Repellat asperiores corrupti maxime.', '67074e68-bc2f-442b-8af2-7d328b6af6eb', 'usr_415');
INSERT INTO trabalho.log_acesso VALUES ('log_415_0_2', '67074e68-bc2f-442b-8af2-7d328b6af6eb', 'usr_415');
INSERT INTO trabalho.usuario VALUES ('usr_416', '416_Liz.Martins41@bol.com.br', 'Liz Martins', 'female', 29, 'password', 'Sérvia');
INSERT INTO trabalho.usuario_esta_inscrito_no_podcast VALUES (2, 'f0166bd2-8e4d-4308-b5d7-0b3d627c5dc5', 'usr_416');
INSERT INTO trabalho.comentarios_podcast_usuario VALUES ('comment_416_0_0', 'Et dolorem earum explicabo qui voluptatibus.', 'f0166bd2-8e4d-4308-b5d7-0b3d627c5dc5', 'usr_416');
INSERT INTO trabalho.comentarios_podcast_usuario VALUES ('comment_416_1_0', 'Unde accusamus sapiente molestiae rerum quia.', 'f0166bd2-8e4d-4308-b5d7-0b3d627c5dc5', 'usr_416');
INSERT INTO trabalho.comentarios_podcast_usuario VALUES ('comment_416_2_0', 'Exercitationem quo necessitatibus laboriosam eum eos cum tempora.', 'f0166bd2-8e4d-4308-b5d7-0b3d627c5dc5', 'usr_416');
INSERT INTO trabalho.comentarios_podcast_usuario VALUES ('comment_416_3_0', 'Labore debitis maxime cumque.', 'f0166bd2-8e4d-4308-b5d7-0b3d627c5dc5', 'usr_416');
INSERT INTO trabalho.log_acesso VALUES ('log_416_0_0', 'f0166bd2-8e4d-4308-b5d7-0b3d627c5dc5', 'usr_416');
INSERT INTO trabalho.usuario_esta_inscrito_no_podcast VALUES (4, 'af46a958-b921-47b6-9f87-5c4fdc68ea79', 'usr_416');
INSERT INTO trabalho.comentarios_podcast_usuario VALUES ('comment_416_0_1', 'Voluptatem corrupti nisi officia et repellat.', 'af46a958-b921-47b6-9f87-5c4fdc68ea79', 'usr_416');
INSERT INTO trabalho.comentarios_podcast_usuario VALUES ('comment_416_1_1', 'Et excepturi aut nihil facilis et facere qui ut.', 'af46a958-b921-47b6-9f87-5c4fdc68ea79', 'usr_416');
INSERT INTO trabalho.comentarios_podcast_usuario VALUES ('comment_416_2_1', 'Aut velit qui molestias est eos maxime magni.', 'af46a958-b921-47b6-9f87-5c4fdc68ea79', 'usr_416');
INSERT INTO trabalho.comentarios_podcast_usuario VALUES ('comment_416_3_1', 'Odit molestiae voluptas in.', 'af46a958-b921-47b6-9f87-5c4fdc68ea79', 'usr_416');
INSERT INTO trabalho.log_acesso VALUES ('log_416_0_1', 'af46a958-b921-47b6-9f87-5c4fdc68ea79', 'usr_416');
INSERT INTO trabalho.log_acesso VALUES ('log_416_1_1', 'af46a958-b921-47b6-9f87-5c4fdc68ea79', 'usr_416');
INSERT INTO trabalho.log_acesso VALUES ('log_416_2_1', 'af46a958-b921-47b6-9f87-5c4fdc68ea79', 'usr_416');
INSERT INTO trabalho.log_acesso VALUES ('log_416_3_1', 'af46a958-b921-47b6-9f87-5c4fdc68ea79', 'usr_416');
INSERT INTO trabalho.log_acesso VALUES ('log_416_4_1', 'af46a958-b921-47b6-9f87-5c4fdc68ea79', 'usr_416');
INSERT INTO trabalho.log_acesso VALUES ('log_416_5_1', 'af46a958-b921-47b6-9f87-5c4fdc68ea79', 'usr_416');
INSERT INTO trabalho.log_acesso VALUES ('log_416_6_1', 'af46a958-b921-47b6-9f87-5c4fdc68ea79', 'usr_416');
INSERT INTO trabalho.usuario_esta_inscrito_no_podcast VALUES (2, '67074e68-bc2f-442b-8af2-7d328b6af6eb', 'usr_416');
INSERT INTO trabalho.comentarios_podcast_usuario VALUES ('comment_416_0_2', 'Sit id aliquid.', '67074e68-bc2f-442b-8af2-7d328b6af6eb', 'usr_416');
INSERT INTO trabalho.comentarios_podcast_usuario VALUES ('comment_416_1_2', 'Magnam voluptatibus sit perspiciatis qui nulla libero ut iste.', '67074e68-bc2f-442b-8af2-7d328b6af6eb', 'usr_416');
INSERT INTO trabalho.comentarios_podcast_usuario VALUES ('comment_416_2_2', 'Voluptas aspernatur excepturi.', '67074e68-bc2f-442b-8af2-7d328b6af6eb', 'usr_416');
INSERT INTO trabalho.log_acesso VALUES ('log_416_0_2', '67074e68-bc2f-442b-8af2-7d328b6af6eb', 'usr_416');
INSERT INTO trabalho.log_acesso VALUES ('log_416_1_2', '67074e68-bc2f-442b-8af2-7d328b6af6eb', 'usr_416');
INSERT INTO trabalho.log_acesso VALUES ('log_416_2_2', '67074e68-bc2f-442b-8af2-7d328b6af6eb', 'usr_416');
INSERT INTO trabalho.log_acesso VALUES ('log_416_3_2', '67074e68-bc2f-442b-8af2-7d328b6af6eb', 'usr_416');
INSERT INTO trabalho.log_acesso VALUES ('log_416_4_2', '67074e68-bc2f-442b-8af2-7d328b6af6eb', 'usr_416');
INSERT INTO trabalho.log_acesso VALUES ('log_416_5_2', '67074e68-bc2f-442b-8af2-7d328b6af6eb', 'usr_416');
INSERT INTO trabalho.usuario VALUES ('usr_417', '417_Cau55@hotmail.com', 'Cauã Carvalho', 'male', 38, 'password', 'Omã');
INSERT INTO trabalho.usuario_esta_inscrito_no_podcast VALUES (3, 'f1b92ce7-47a7-43cd-8586-4a09185cdd05', 'usr_417');
INSERT INTO trabalho.comentarios_podcast_usuario VALUES ('comment_417_0_0', 'Fuga aliquam quia omnis nisi odio perferendis.', 'f1b92ce7-47a7-43cd-8586-4a09185cdd05', 'usr_417');
INSERT INTO trabalho.comentarios_podcast_usuario VALUES ('comment_417_1_0', 'Occaecati dolores veritatis enim facere temporibus officiis ut et id.', 'f1b92ce7-47a7-43cd-8586-4a09185cdd05', 'usr_417');
INSERT INTO trabalho.comentarios_podcast_usuario VALUES ('comment_417_2_0', 'Et minus voluptas quia a voluptatem voluptatum beatae est.', 'f1b92ce7-47a7-43cd-8586-4a09185cdd05', 'usr_417');
INSERT INTO trabalho.comentarios_podcast_usuario VALUES ('comment_417_3_0', 'Vel autem modi vel sed sed qui laboriosam.', 'f1b92ce7-47a7-43cd-8586-4a09185cdd05', 'usr_417');
INSERT INTO trabalho.comentarios_podcast_usuario VALUES ('comment_417_4_0', 'Officia occaecati sunt illo veniam facere ipsa.', 'f1b92ce7-47a7-43cd-8586-4a09185cdd05', 'usr_417');
INSERT INTO trabalho.log_acesso VALUES ('log_417_0_0', 'f1b92ce7-47a7-43cd-8586-4a09185cdd05', 'usr_417');
INSERT INTO trabalho.log_acesso VALUES ('log_417_1_0', 'f1b92ce7-47a7-43cd-8586-4a09185cdd05', 'usr_417');
INSERT INTO trabalho.log_acesso VALUES ('log_417_2_0', 'f1b92ce7-47a7-43cd-8586-4a09185cdd05', 'usr_417');
INSERT INTO trabalho.log_acesso VALUES ('log_417_3_0', 'f1b92ce7-47a7-43cd-8586-4a09185cdd05', 'usr_417');
INSERT INTO trabalho.log_acesso VALUES ('log_417_4_0', 'f1b92ce7-47a7-43cd-8586-4a09185cdd05', 'usr_417');
INSERT INTO trabalho.log_acesso VALUES ('log_417_5_0', 'f1b92ce7-47a7-43cd-8586-4a09185cdd05', 'usr_417');
INSERT INTO trabalho.usuario_esta_inscrito_no_podcast VALUES (4, '5bdf7377-8330-4f9f-8efd-e95301c122ce', 'usr_417');
INSERT INTO trabalho.comentarios_podcast_usuario VALUES ('comment_417_0_1', 'Nobis enim ea tenetur nemo ab atque voluptate neque ex.', '5bdf7377-8330-4f9f-8efd-e95301c122ce', 'usr_417');
INSERT INTO trabalho.comentarios_podcast_usuario VALUES ('comment_417_1_1', 'Atque eius vitae omnis aperiam aperiam nesciunt ut similique.', '5bdf7377-8330-4f9f-8efd-e95301c122ce', 'usr_417');
INSERT INTO trabalho.comentarios_podcast_usuario VALUES ('comment_417_2_1', 'Officiis neque quisquam.', '5bdf7377-8330-4f9f-8efd-e95301c122ce', 'usr_417');
INSERT INTO trabalho.comentarios_podcast_usuario VALUES ('comment_417_3_1', 'Est voluptas et voluptas eius velit vel.', '5bdf7377-8330-4f9f-8efd-e95301c122ce', 'usr_417');
INSERT INTO trabalho.comentarios_podcast_usuario VALUES ('comment_417_4_1', 'Esse voluptas vel.', '5bdf7377-8330-4f9f-8efd-e95301c122ce', 'usr_417');
INSERT INTO trabalho.comentarios_podcast_usuario VALUES ('comment_417_5_1', 'Nisi culpa est qui fugiat quis esse inventore.', '5bdf7377-8330-4f9f-8efd-e95301c122ce', 'usr_417');
INSERT INTO trabalho.log_acesso VALUES ('log_417_0_1', '5bdf7377-8330-4f9f-8efd-e95301c122ce', 'usr_417');
INSERT INTO trabalho.log_acesso VALUES ('log_417_1_1', '5bdf7377-8330-4f9f-8efd-e95301c122ce', 'usr_417');
INSERT INTO trabalho.log_acesso VALUES ('log_417_2_1', '5bdf7377-8330-4f9f-8efd-e95301c122ce', 'usr_417');
INSERT INTO trabalho.usuario_esta_inscrito_no_podcast VALUES (4, '67074e68-bc2f-442b-8af2-7d328b6af6eb', 'usr_417');
INSERT INTO trabalho.comentarios_podcast_usuario VALUES ('comment_417_0_2', 'Inventore placeat unde totam non et et quia deserunt.', '67074e68-bc2f-442b-8af2-7d328b6af6eb', 'usr_417');
INSERT INTO trabalho.comentarios_podcast_usuario VALUES ('comment_417_1_2', 'Est sed occaecati ipsam facere.', '67074e68-bc2f-442b-8af2-7d328b6af6eb', 'usr_417');
INSERT INTO trabalho.comentarios_podcast_usuario VALUES ('comment_417_2_2', 'Est dolore esse ea quos odio dolorum non animi est.', '67074e68-bc2f-442b-8af2-7d328b6af6eb', 'usr_417');
INSERT INTO trabalho.comentarios_podcast_usuario VALUES ('comment_417_3_2', 'Possimus possimus ut id dolor eius.', '67074e68-bc2f-442b-8af2-7d328b6af6eb', 'usr_417');
INSERT INTO trabalho.comentarios_podcast_usuario VALUES ('comment_417_4_2', 'Dolor dolor ad tenetur molestiae consectetur.', '67074e68-bc2f-442b-8af2-7d328b6af6eb', 'usr_417');
INSERT INTO trabalho.log_acesso VALUES ('log_417_0_2', '67074e68-bc2f-442b-8af2-7d328b6af6eb', 'usr_417');
INSERT INTO trabalho.log_acesso VALUES ('log_417_1_2', '67074e68-bc2f-442b-8af2-7d328b6af6eb', 'usr_417');
INSERT INTO trabalho.log_acesso VALUES ('log_417_2_2', '67074e68-bc2f-442b-8af2-7d328b6af6eb', 'usr_417');
INSERT INTO trabalho.usuario VALUES ('usr_418', '418_Murilo33@gmail.com', 'Murilo Reis', 'male', 8, 'password', 'Rússia');
INSERT INTO trabalho.usuario_esta_inscrito_no_podcast VALUES (0, '219328a1-cec6-4e8c-b003-52a3ec9766bb', 'usr_418');
INSERT INTO trabalho.comentarios_podcast_usuario VALUES ('comment_418_0_0', 'Maxime deleniti dolor et id eum exercitationem.', '219328a1-cec6-4e8c-b003-52a3ec9766bb', 'usr_418');
INSERT INTO trabalho.comentarios_podcast_usuario VALUES ('comment_418_1_0', 'Dolore nesciunt esse adipisci.', '219328a1-cec6-4e8c-b003-52a3ec9766bb', 'usr_418');
INSERT INTO trabalho.comentarios_podcast_usuario VALUES ('comment_418_2_0', 'Minus rerum delectus nobis magnam enim officiis.', '219328a1-cec6-4e8c-b003-52a3ec9766bb', 'usr_418');
INSERT INTO trabalho.log_acesso VALUES ('log_418_0_0', '219328a1-cec6-4e8c-b003-52a3ec9766bb', 'usr_418');
INSERT INTO trabalho.usuario_esta_inscrito_no_podcast VALUES (4, 'fa3abe16-3645-4d22-a01d-893e6f20c408', 'usr_418');
INSERT INTO trabalho.comentarios_podcast_usuario VALUES ('comment_418_0_1', 'Quo vitae ut possimus recusandae eos at veniam nostrum.', 'fa3abe16-3645-4d22-a01d-893e6f20c408', 'usr_418');
INSERT INTO trabalho.comentarios_podcast_usuario VALUES ('comment_418_1_1', 'Voluptatem sunt quia exercitationem voluptatem ab veritatis quidem eos.', 'fa3abe16-3645-4d22-a01d-893e6f20c408', 'usr_418');
INSERT INTO trabalho.comentarios_podcast_usuario VALUES ('comment_418_2_1', 'Soluta et dolorem.', 'fa3abe16-3645-4d22-a01d-893e6f20c408', 'usr_418');
INSERT INTO trabalho.comentarios_podcast_usuario VALUES ('comment_418_3_1', 'Placeat incidunt sunt qui quo atque impedit tempore repellendus.', 'fa3abe16-3645-4d22-a01d-893e6f20c408', 'usr_418');
INSERT INTO trabalho.comentarios_podcast_usuario VALUES ('comment_418_4_1', 'Quam quia consequuntur vitae odio aut nobis sed ut ipsa.', 'fa3abe16-3645-4d22-a01d-893e6f20c408', 'usr_418');
INSERT INTO trabalho.log_acesso VALUES ('log_418_0_1', 'fa3abe16-3645-4d22-a01d-893e6f20c408', 'usr_418');
INSERT INTO trabalho.log_acesso VALUES ('log_418_1_1', 'fa3abe16-3645-4d22-a01d-893e6f20c408', 'usr_418');
INSERT INTO trabalho.log_acesso VALUES ('log_418_2_1', 'fa3abe16-3645-4d22-a01d-893e6f20c408', 'usr_418');
INSERT INTO trabalho.log_acesso VALUES ('log_418_3_1', 'fa3abe16-3645-4d22-a01d-893e6f20c408', 'usr_418');
INSERT INTO trabalho.usuario_esta_inscrito_no_podcast VALUES (3, 'f0166bd2-8e4d-4308-b5d7-0b3d627c5dc5', 'usr_418');
INSERT INTO trabalho.comentarios_podcast_usuario VALUES ('comment_418_0_2', 'Sit nemo rerum dolorem distinctio cupiditate et eum.', 'f0166bd2-8e4d-4308-b5d7-0b3d627c5dc5', 'usr_418');
INSERT INTO trabalho.log_acesso VALUES ('log_418_0_2', 'f0166bd2-8e4d-4308-b5d7-0b3d627c5dc5', 'usr_418');
INSERT INTO trabalho.log_acesso VALUES ('log_418_1_2', 'f0166bd2-8e4d-4308-b5d7-0b3d627c5dc5', 'usr_418');
INSERT INTO trabalho.log_acesso VALUES ('log_418_2_2', 'f0166bd2-8e4d-4308-b5d7-0b3d627c5dc5', 'usr_418');
INSERT INTO trabalho.log_acesso VALUES ('log_418_3_2', 'f0166bd2-8e4d-4308-b5d7-0b3d627c5dc5', 'usr_418');
INSERT INTO trabalho.usuario VALUES ('usr_419', '419_Guilherme4@yahoo.com', 'Guilherme Reis', 'male', 54, 'password', 'Holanda');
INSERT INTO trabalho.usuario_esta_inscrito_no_podcast VALUES (3, 'f0166bd2-8e4d-4308-b5d7-0b3d627c5dc5', 'usr_419');
INSERT INTO trabalho.comentarios_podcast_usuario VALUES ('comment_419_0_0', 'Eum et saepe ut cum facere autem ab qui.', 'f0166bd2-8e4d-4308-b5d7-0b3d627c5dc5', 'usr_419');
INSERT INTO trabalho.comentarios_podcast_usuario VALUES ('comment_419_1_0', 'Culpa suscipit eum aperiam qui.', 'f0166bd2-8e4d-4308-b5d7-0b3d627c5dc5', 'usr_419');
INSERT INTO trabalho.comentarios_podcast_usuario VALUES ('comment_419_2_0', 'Eius ut qui neque sit quae possimus omnis.', 'f0166bd2-8e4d-4308-b5d7-0b3d627c5dc5', 'usr_419');
INSERT INTO trabalho.comentarios_podcast_usuario VALUES ('comment_419_3_0', 'Consequatur nihil deserunt quia pariatur repellat voluptas voluptas animi est.', 'f0166bd2-8e4d-4308-b5d7-0b3d627c5dc5', 'usr_419');
INSERT INTO trabalho.comentarios_podcast_usuario VALUES ('comment_419_4_0', 'Voluptas quidem maiores fuga nulla.', 'f0166bd2-8e4d-4308-b5d7-0b3d627c5dc5', 'usr_419');
INSERT INTO trabalho.comentarios_podcast_usuario VALUES ('comment_419_5_0', 'Vitae architecto qui voluptates aperiam.', 'f0166bd2-8e4d-4308-b5d7-0b3d627c5dc5', 'usr_419');
INSERT INTO trabalho.log_acesso VALUES ('log_419_0_0', 'f0166bd2-8e4d-4308-b5d7-0b3d627c5dc5', 'usr_419');
INSERT INTO trabalho.log_acesso VALUES ('log_419_1_0', 'f0166bd2-8e4d-4308-b5d7-0b3d627c5dc5', 'usr_419');
INSERT INTO trabalho.log_acesso VALUES ('log_419_2_0', 'f0166bd2-8e4d-4308-b5d7-0b3d627c5dc5', 'usr_419');
INSERT INTO trabalho.usuario_esta_inscrito_no_podcast VALUES (2, 'fa3abe16-3645-4d22-a01d-893e6f20c408', 'usr_419');
INSERT INTO trabalho.comentarios_podcast_usuario VALUES ('comment_419_0_1', 'Culpa assumenda amet.', 'fa3abe16-3645-4d22-a01d-893e6f20c408', 'usr_419');
INSERT INTO trabalho.comentarios_podcast_usuario VALUES ('comment_419_1_1', 'Eaque officiis error assumenda.', 'fa3abe16-3645-4d22-a01d-893e6f20c408', 'usr_419');
INSERT INTO trabalho.comentarios_podcast_usuario VALUES ('comment_419_2_1', 'Maxime quae doloribus qui veniam doloremque voluptatibus suscipit qui.', 'fa3abe16-3645-4d22-a01d-893e6f20c408', 'usr_419');
INSERT INTO trabalho.log_acesso VALUES ('log_419_0_1', 'fa3abe16-3645-4d22-a01d-893e6f20c408', 'usr_419');
INSERT INTO trabalho.log_acesso VALUES ('log_419_1_1', 'fa3abe16-3645-4d22-a01d-893e6f20c408', 'usr_419');
INSERT INTO trabalho.log_acesso VALUES ('log_419_2_1', 'fa3abe16-3645-4d22-a01d-893e6f20c408', 'usr_419');
INSERT INTO trabalho.log_acesso VALUES ('log_419_3_1', 'fa3abe16-3645-4d22-a01d-893e6f20c408', 'usr_419');
INSERT INTO trabalho.log_acesso VALUES ('log_419_4_1', 'fa3abe16-3645-4d22-a01d-893e6f20c408', 'usr_419');
INSERT INTO trabalho.log_acesso VALUES ('log_419_5_1', 'fa3abe16-3645-4d22-a01d-893e6f20c408', 'usr_419');
INSERT INTO trabalho.log_acesso VALUES ('log_419_6_1', 'fa3abe16-3645-4d22-a01d-893e6f20c408', 'usr_419');
INSERT INTO trabalho.usuario_esta_inscrito_no_podcast VALUES (1, '5bdf7377-8330-4f9f-8efd-e95301c122ce', 'usr_419');
INSERT INTO trabalho.comentarios_podcast_usuario VALUES ('comment_419_0_2', 'Fugit placeat et fugiat ratione consequatur qui sed commodi enim.', '5bdf7377-8330-4f9f-8efd-e95301c122ce', 'usr_419');
INSERT INTO trabalho.comentarios_podcast_usuario VALUES ('comment_419_1_2', 'Qui temporibus dolorem molestiae quasi.', '5bdf7377-8330-4f9f-8efd-e95301c122ce', 'usr_419');
INSERT INTO trabalho.comentarios_podcast_usuario VALUES ('comment_419_2_2', 'Dolores quia numquam voluptatem possimus id aut vel.', '5bdf7377-8330-4f9f-8efd-e95301c122ce', 'usr_419');
INSERT INTO trabalho.comentarios_podcast_usuario VALUES ('comment_419_3_2', 'Doloremque sed exercitationem rerum quia accusamus.', '5bdf7377-8330-4f9f-8efd-e95301c122ce', 'usr_419');
INSERT INTO trabalho.comentarios_podcast_usuario VALUES ('comment_419_4_2', 'Voluptas ab tempora.', '5bdf7377-8330-4f9f-8efd-e95301c122ce', 'usr_419');
INSERT INTO trabalho.log_acesso VALUES ('log_419_0_2', '5bdf7377-8330-4f9f-8efd-e95301c122ce', 'usr_419');
INSERT INTO trabalho.log_acesso VALUES ('log_419_1_2', '5bdf7377-8330-4f9f-8efd-e95301c122ce', 'usr_419');
INSERT INTO trabalho.log_acesso VALUES ('log_419_2_2', '5bdf7377-8330-4f9f-8efd-e95301c122ce', 'usr_419');
INSERT INTO trabalho.usuario VALUES ('usr_420', '420_Marli_Xavier@bol.com.br', 'Marli Xavier', 'female', 47, 'password', 'Sérvia');
INSERT INTO trabalho.usuario_esta_inscrito_no_podcast VALUES (2, 'f8e13774-d631-4f34-93f0-2f5d55590265', 'usr_420');
INSERT INTO trabalho.comentarios_podcast_usuario VALUES ('comment_420_0_0', 'Quia quia dolorum iure voluptatum id eos.', 'f8e13774-d631-4f34-93f0-2f5d55590265', 'usr_420');
INSERT INTO trabalho.comentarios_podcast_usuario VALUES ('comment_420_1_0', 'Repellat perspiciatis totam saepe ipsam quia.', 'f8e13774-d631-4f34-93f0-2f5d55590265', 'usr_420');
INSERT INTO trabalho.comentarios_podcast_usuario VALUES ('comment_420_2_0', 'Id quasi iste officiis.', 'f8e13774-d631-4f34-93f0-2f5d55590265', 'usr_420');
INSERT INTO trabalho.comentarios_podcast_usuario VALUES ('comment_420_3_0', 'Numquam nobis enim fugiat omnis.', 'f8e13774-d631-4f34-93f0-2f5d55590265', 'usr_420');
INSERT INTO trabalho.comentarios_podcast_usuario VALUES ('comment_420_4_0', 'Reprehenderit ea labore adipisci aut est aliquam sequi consequatur.', 'f8e13774-d631-4f34-93f0-2f5d55590265', 'usr_420');
INSERT INTO trabalho.log_acesso VALUES ('log_420_0_0', 'f8e13774-d631-4f34-93f0-2f5d55590265', 'usr_420');
INSERT INTO trabalho.usuario_esta_inscrito_no_podcast VALUES (0, 'f0166bd2-8e4d-4308-b5d7-0b3d627c5dc5', 'usr_420');
INSERT INTO trabalho.comentarios_podcast_usuario VALUES ('comment_420_0_1', 'Optio asperiores et expedita et.', 'f0166bd2-8e4d-4308-b5d7-0b3d627c5dc5', 'usr_420');
INSERT INTO trabalho.comentarios_podcast_usuario VALUES ('comment_420_1_1', 'Illo sunt accusamus vel sed consequatur corporis.', 'f0166bd2-8e4d-4308-b5d7-0b3d627c5dc5', 'usr_420');
INSERT INTO trabalho.comentarios_podcast_usuario VALUES ('comment_420_2_1', 'Quis et sunt quia aspernatur.', 'f0166bd2-8e4d-4308-b5d7-0b3d627c5dc5', 'usr_420');
INSERT INTO trabalho.log_acesso VALUES ('log_420_0_1', 'f0166bd2-8e4d-4308-b5d7-0b3d627c5dc5', 'usr_420');
INSERT INTO trabalho.log_acesso VALUES ('log_420_1_1', 'f0166bd2-8e4d-4308-b5d7-0b3d627c5dc5', 'usr_420');
INSERT INTO trabalho.log_acesso VALUES ('log_420_2_1', 'f0166bd2-8e4d-4308-b5d7-0b3d627c5dc5', 'usr_420');
INSERT INTO trabalho.log_acesso VALUES ('log_420_3_1', 'f0166bd2-8e4d-4308-b5d7-0b3d627c5dc5', 'usr_420');
INSERT INTO trabalho.log_acesso VALUES ('log_420_4_1', 'f0166bd2-8e4d-4308-b5d7-0b3d627c5dc5', 'usr_420');
INSERT INTO trabalho.usuario_esta_inscrito_no_podcast VALUES (3, 'de2f0ddb-9903-436a-a5e2-54224254c818', 'usr_420');
INSERT INTO trabalho.comentarios_podcast_usuario VALUES ('comment_420_0_2', 'Sit maiores nihil inventore natus quam accusantium hic.', 'de2f0ddb-9903-436a-a5e2-54224254c818', 'usr_420');
INSERT INTO trabalho.comentarios_podcast_usuario VALUES ('comment_420_1_2', 'Ut ut et ipsa voluptatem voluptatem voluptatibus.', 'de2f0ddb-9903-436a-a5e2-54224254c818', 'usr_420');
INSERT INTO trabalho.comentarios_podcast_usuario VALUES ('comment_420_2_2', 'Maiores vel labore non suscipit sed qui.', 'de2f0ddb-9903-436a-a5e2-54224254c818', 'usr_420');
INSERT INTO trabalho.comentarios_podcast_usuario VALUES ('comment_420_3_2', 'Ipsa quod fugiat eos voluptatum.', 'de2f0ddb-9903-436a-a5e2-54224254c818', 'usr_420');
INSERT INTO trabalho.comentarios_podcast_usuario VALUES ('comment_420_4_2', 'Vel deleniti non sed commodi earum sapiente quisquam.', 'de2f0ddb-9903-436a-a5e2-54224254c818', 'usr_420');
INSERT INTO trabalho.log_acesso VALUES ('log_420_0_2', 'de2f0ddb-9903-436a-a5e2-54224254c818', 'usr_420');
INSERT INTO trabalho.usuario VALUES ('usr_421', '421_Manuela.Nogueira6@bol.com.br', 'Manuela Nogueira', 'female', 56, 'password', 'Luxemburgo');
INSERT INTO trabalho.usuario_esta_inscrito_no_podcast VALUES (0, 'f8e13774-d631-4f34-93f0-2f5d55590265', 'usr_421');
INSERT INTO trabalho.comentarios_podcast_usuario VALUES ('comment_421_0_0', 'Dolorem architecto sit ut et sequi deserunt occaecati.', 'f8e13774-d631-4f34-93f0-2f5d55590265', 'usr_421');
INSERT INTO trabalho.comentarios_podcast_usuario VALUES ('comment_421_1_0', 'Ab asperiores qui mollitia voluptate ut eum.', 'f8e13774-d631-4f34-93f0-2f5d55590265', 'usr_421');
INSERT INTO trabalho.log_acesso VALUES ('log_421_0_0', 'f8e13774-d631-4f34-93f0-2f5d55590265', 'usr_421');
INSERT INTO trabalho.log_acesso VALUES ('log_421_1_0', 'f8e13774-d631-4f34-93f0-2f5d55590265', 'usr_421');
INSERT INTO trabalho.log_acesso VALUES ('log_421_2_0', 'f8e13774-d631-4f34-93f0-2f5d55590265', 'usr_421');
INSERT INTO trabalho.log_acesso VALUES ('log_421_3_0', 'f8e13774-d631-4f34-93f0-2f5d55590265', 'usr_421');
INSERT INTO trabalho.log_acesso VALUES ('log_421_4_0', 'f8e13774-d631-4f34-93f0-2f5d55590265', 'usr_421');
INSERT INTO trabalho.usuario_esta_inscrito_no_podcast VALUES (0, '67074e68-bc2f-442b-8af2-7d328b6af6eb', 'usr_421');
INSERT INTO trabalho.comentarios_podcast_usuario VALUES ('comment_421_0_1', 'Rerum blanditiis placeat est aliquid sequi est doloribus.', '67074e68-bc2f-442b-8af2-7d328b6af6eb', 'usr_421');
INSERT INTO trabalho.comentarios_podcast_usuario VALUES ('comment_421_1_1', 'Nisi similique fugit odio dicta qui qui.', '67074e68-bc2f-442b-8af2-7d328b6af6eb', 'usr_421');
INSERT INTO trabalho.comentarios_podcast_usuario VALUES ('comment_421_2_1', 'Impedit distinctio illo minima.', '67074e68-bc2f-442b-8af2-7d328b6af6eb', 'usr_421');
INSERT INTO trabalho.comentarios_podcast_usuario VALUES ('comment_421_3_1', 'Molestiae eligendi non quo enim qui magnam quasi nam.', '67074e68-bc2f-442b-8af2-7d328b6af6eb', 'usr_421');
INSERT INTO trabalho.comentarios_podcast_usuario VALUES ('comment_421_4_1', 'Perferendis deserunt est veritatis veniam mollitia possimus sit et asperiores.', '67074e68-bc2f-442b-8af2-7d328b6af6eb', 'usr_421');
INSERT INTO trabalho.comentarios_podcast_usuario VALUES ('comment_421_5_1', 'Aliquam soluta aspernatur eos et libero omnis voluptas.', '67074e68-bc2f-442b-8af2-7d328b6af6eb', 'usr_421');
INSERT INTO trabalho.log_acesso VALUES ('log_421_0_1', '67074e68-bc2f-442b-8af2-7d328b6af6eb', 'usr_421');
INSERT INTO trabalho.log_acesso VALUES ('log_421_1_1', '67074e68-bc2f-442b-8af2-7d328b6af6eb', 'usr_421');
INSERT INTO trabalho.log_acesso VALUES ('log_421_2_1', '67074e68-bc2f-442b-8af2-7d328b6af6eb', 'usr_421');
INSERT INTO trabalho.log_acesso VALUES ('log_421_3_1', '67074e68-bc2f-442b-8af2-7d328b6af6eb', 'usr_421');
INSERT INTO trabalho.log_acesso VALUES ('log_421_4_1', '67074e68-bc2f-442b-8af2-7d328b6af6eb', 'usr_421');
INSERT INTO trabalho.usuario_esta_inscrito_no_podcast VALUES (1, '5bdf7377-8330-4f9f-8efd-e95301c122ce', 'usr_421');
INSERT INTO trabalho.comentarios_podcast_usuario VALUES ('comment_421_0_2', 'Mollitia ducimus similique autem incidunt ad incidunt nesciunt.', '5bdf7377-8330-4f9f-8efd-e95301c122ce', 'usr_421');
INSERT INTO trabalho.comentarios_podcast_usuario VALUES ('comment_421_1_2', 'Perferendis dolor unde quaerat porro sit veniam consequatur.', '5bdf7377-8330-4f9f-8efd-e95301c122ce', 'usr_421');
INSERT INTO trabalho.comentarios_podcast_usuario VALUES ('comment_421_2_2', 'Aut unde impedit.', '5bdf7377-8330-4f9f-8efd-e95301c122ce', 'usr_421');
INSERT INTO trabalho.comentarios_podcast_usuario VALUES ('comment_421_3_2', 'Eaque ut quia amet et.', '5bdf7377-8330-4f9f-8efd-e95301c122ce', 'usr_421');
INSERT INTO trabalho.comentarios_podcast_usuario VALUES ('comment_421_4_2', 'Voluptas cum ut earum quia ut quos sit eum consequuntur.', '5bdf7377-8330-4f9f-8efd-e95301c122ce', 'usr_421');
INSERT INTO trabalho.comentarios_podcast_usuario VALUES ('comment_421_5_2', 'Quae dicta molestiae ducimus et iste doloremque.', '5bdf7377-8330-4f9f-8efd-e95301c122ce', 'usr_421');
INSERT INTO trabalho.log_acesso VALUES ('log_421_0_2', '5bdf7377-8330-4f9f-8efd-e95301c122ce', 'usr_421');
INSERT INTO trabalho.log_acesso VALUES ('log_421_1_2', '5bdf7377-8330-4f9f-8efd-e95301c122ce', 'usr_421');
INSERT INTO trabalho.log_acesso VALUES ('log_421_2_2', '5bdf7377-8330-4f9f-8efd-e95301c122ce', 'usr_421');
INSERT INTO trabalho.log_acesso VALUES ('log_421_3_2', '5bdf7377-8330-4f9f-8efd-e95301c122ce', 'usr_421');
INSERT INTO trabalho.log_acesso VALUES ('log_421_4_2', '5bdf7377-8330-4f9f-8efd-e95301c122ce', 'usr_421');
INSERT INTO trabalho.log_acesso VALUES ('log_421_5_2', '5bdf7377-8330-4f9f-8efd-e95301c122ce', 'usr_421');
INSERT INTO trabalho.log_acesso VALUES ('log_421_6_2', '5bdf7377-8330-4f9f-8efd-e95301c122ce', 'usr_421');
INSERT INTO trabalho.usuario VALUES ('usr_422', '422_Lorenzo69@hotmail.com', 'Lorenzo Batista', 'male', 60, 'password', 'Georgia');
INSERT INTO trabalho.usuario_esta_inscrito_no_podcast VALUES (2, 'af46a958-b921-47b6-9f87-5c4fdc68ea79', 'usr_422');
INSERT INTO trabalho.comentarios_podcast_usuario VALUES ('comment_422_0_0', 'Voluptas vitae tempora.', 'af46a958-b921-47b6-9f87-5c4fdc68ea79', 'usr_422');
INSERT INTO trabalho.comentarios_podcast_usuario VALUES ('comment_422_1_0', 'Error laudantium doloremque fugiat illum est doloremque.', 'af46a958-b921-47b6-9f87-5c4fdc68ea79', 'usr_422');
INSERT INTO trabalho.comentarios_podcast_usuario VALUES ('comment_422_2_0', 'Eveniet aut eos.', 'af46a958-b921-47b6-9f87-5c4fdc68ea79', 'usr_422');
INSERT INTO trabalho.comentarios_podcast_usuario VALUES ('comment_422_3_0', 'Et est atque.', 'af46a958-b921-47b6-9f87-5c4fdc68ea79', 'usr_422');
INSERT INTO trabalho.log_acesso VALUES ('log_422_0_0', 'af46a958-b921-47b6-9f87-5c4fdc68ea79', 'usr_422');
INSERT INTO trabalho.log_acesso VALUES ('log_422_1_0', 'af46a958-b921-47b6-9f87-5c4fdc68ea79', 'usr_422');
INSERT INTO trabalho.log_acesso VALUES ('log_422_2_0', 'af46a958-b921-47b6-9f87-5c4fdc68ea79', 'usr_422');
INSERT INTO trabalho.log_acesso VALUES ('log_422_3_0', 'af46a958-b921-47b6-9f87-5c4fdc68ea79', 'usr_422');
INSERT INTO trabalho.usuario_esta_inscrito_no_podcast VALUES (1, 'c58b280a-56d4-4ad8-8c85-730e4ea86361', 'usr_422');
INSERT INTO trabalho.comentarios_podcast_usuario VALUES ('comment_422_0_1', 'Ex et tempore voluptate.', 'c58b280a-56d4-4ad8-8c85-730e4ea86361', 'usr_422');
INSERT INTO trabalho.comentarios_podcast_usuario VALUES ('comment_422_1_1', 'Architecto aut repellendus vitae.', 'c58b280a-56d4-4ad8-8c85-730e4ea86361', 'usr_422');
INSERT INTO trabalho.log_acesso VALUES ('log_422_0_1', 'c58b280a-56d4-4ad8-8c85-730e4ea86361', 'usr_422');
INSERT INTO trabalho.log_acesso VALUES ('log_422_1_1', 'c58b280a-56d4-4ad8-8c85-730e4ea86361', 'usr_422');
INSERT INTO trabalho.log_acesso VALUES ('log_422_2_1', 'c58b280a-56d4-4ad8-8c85-730e4ea86361', 'usr_422');
INSERT INTO trabalho.usuario_esta_inscrito_no_podcast VALUES (1, '5bdf7377-8330-4f9f-8efd-e95301c122ce', 'usr_422');
INSERT INTO trabalho.comentarios_podcast_usuario VALUES ('comment_422_0_2', 'Aut aut harum deleniti incidunt accusamus nihil dolores et molestiae.', '5bdf7377-8330-4f9f-8efd-e95301c122ce', 'usr_422');
INSERT INTO trabalho.comentarios_podcast_usuario VALUES ('comment_422_1_2', 'Nulla laborum sed corrupti voluptatem dolores culpa voluptatum est.', '5bdf7377-8330-4f9f-8efd-e95301c122ce', 'usr_422');
INSERT INTO trabalho.comentarios_podcast_usuario VALUES ('comment_422_2_2', 'Officiis omnis animi.', '5bdf7377-8330-4f9f-8efd-e95301c122ce', 'usr_422');
INSERT INTO trabalho.comentarios_podcast_usuario VALUES ('comment_422_3_2', 'Saepe et ut et dolor sint facere.', '5bdf7377-8330-4f9f-8efd-e95301c122ce', 'usr_422');
INSERT INTO trabalho.log_acesso VALUES ('log_422_0_2', '5bdf7377-8330-4f9f-8efd-e95301c122ce', 'usr_422');
INSERT INTO trabalho.log_acesso VALUES ('log_422_1_2', '5bdf7377-8330-4f9f-8efd-e95301c122ce', 'usr_422');
INSERT INTO trabalho.log_acesso VALUES ('log_422_2_2', '5bdf7377-8330-4f9f-8efd-e95301c122ce', 'usr_422');
INSERT INTO trabalho.log_acesso VALUES ('log_422_3_2', '5bdf7377-8330-4f9f-8efd-e95301c122ce', 'usr_422');
INSERT INTO trabalho.usuario VALUES ('usr_423', '423_gor.Silva81@live.com', 'Ígor Silva', 'male', 41, 'password', 'Nicarágua');
INSERT INTO trabalho.usuario_esta_inscrito_no_podcast VALUES (5, 'bc8dac25-793c-4a96-aafc-4ea7020f4f60', 'usr_423');
INSERT INTO trabalho.comentarios_podcast_usuario VALUES ('comment_423_0_0', 'Et autem qui molestiae sapiente sunt atque corporis dolorum.', 'bc8dac25-793c-4a96-aafc-4ea7020f4f60', 'usr_423');
INSERT INTO trabalho.comentarios_podcast_usuario VALUES ('comment_423_1_0', 'Error itaque excepturi molestiae maiores aut iure.', 'bc8dac25-793c-4a96-aafc-4ea7020f4f60', 'usr_423');
INSERT INTO trabalho.comentarios_podcast_usuario VALUES ('comment_423_2_0', 'Eos quibusdam id itaque numquam facere.', 'bc8dac25-793c-4a96-aafc-4ea7020f4f60', 'usr_423');
INSERT INTO trabalho.comentarios_podcast_usuario VALUES ('comment_423_3_0', 'Nemo voluptates delectus eum molestiae iusto nesciunt maxime.', 'bc8dac25-793c-4a96-aafc-4ea7020f4f60', 'usr_423');
INSERT INTO trabalho.log_acesso VALUES ('log_423_0_0', 'bc8dac25-793c-4a96-aafc-4ea7020f4f60', 'usr_423');
INSERT INTO trabalho.log_acesso VALUES ('log_423_1_0', 'bc8dac25-793c-4a96-aafc-4ea7020f4f60', 'usr_423');
INSERT INTO trabalho.log_acesso VALUES ('log_423_2_0', 'bc8dac25-793c-4a96-aafc-4ea7020f4f60', 'usr_423');
INSERT INTO trabalho.log_acesso VALUES ('log_423_3_0', 'bc8dac25-793c-4a96-aafc-4ea7020f4f60', 'usr_423');
INSERT INTO trabalho.usuario_esta_inscrito_no_podcast VALUES (1, 'c58b280a-56d4-4ad8-8c85-730e4ea86361', 'usr_423');
INSERT INTO trabalho.comentarios_podcast_usuario VALUES ('comment_423_0_1', 'Ea omnis autem.', 'c58b280a-56d4-4ad8-8c85-730e4ea86361', 'usr_423');
INSERT INTO trabalho.comentarios_podcast_usuario VALUES ('comment_423_1_1', 'Unde voluptatum enim sed eum.', 'c58b280a-56d4-4ad8-8c85-730e4ea86361', 'usr_423');
INSERT INTO trabalho.log_acesso VALUES ('log_423_0_1', 'c58b280a-56d4-4ad8-8c85-730e4ea86361', 'usr_423');
INSERT INTO trabalho.log_acesso VALUES ('log_423_1_1', 'c58b280a-56d4-4ad8-8c85-730e4ea86361', 'usr_423');
INSERT INTO trabalho.log_acesso VALUES ('log_423_2_1', 'c58b280a-56d4-4ad8-8c85-730e4ea86361', 'usr_423');
INSERT INTO trabalho.usuario_esta_inscrito_no_podcast VALUES (5, '219328a1-cec6-4e8c-b003-52a3ec9766bb', 'usr_423');
INSERT INTO trabalho.comentarios_podcast_usuario VALUES ('comment_423_0_2', 'Repellendus qui qui quasi sed occaecati excepturi tenetur.', '219328a1-cec6-4e8c-b003-52a3ec9766bb', 'usr_423');
INSERT INTO trabalho.comentarios_podcast_usuario VALUES ('comment_423_1_2', 'Quo sit assumenda recusandae.', '219328a1-cec6-4e8c-b003-52a3ec9766bb', 'usr_423');
INSERT INTO trabalho.comentarios_podcast_usuario VALUES ('comment_423_2_2', 'Ratione optio quia exercitationem pariatur dolorem vel dolore.', '219328a1-cec6-4e8c-b003-52a3ec9766bb', 'usr_423');
INSERT INTO trabalho.log_acesso VALUES ('log_423_0_2', '219328a1-cec6-4e8c-b003-52a3ec9766bb', 'usr_423');
INSERT INTO trabalho.log_acesso VALUES ('log_423_1_2', '219328a1-cec6-4e8c-b003-52a3ec9766bb', 'usr_423');
INSERT INTO trabalho.usuario VALUES ('usr_424', '424_Vitor11@yahoo.com', 'Vitor Santos', 'male', 55, 'password', 'Ilha Bouvet');
INSERT INTO trabalho.usuario_esta_inscrito_no_podcast VALUES (2, '168c1536-4c42-4b8f-8c77-f06affefec6a', 'usr_424');
INSERT INTO trabalho.comentarios_podcast_usuario VALUES ('comment_424_0_0', 'Accusamus sed atque aut nisi maxime.', '168c1536-4c42-4b8f-8c77-f06affefec6a', 'usr_424');
INSERT INTO trabalho.comentarios_podcast_usuario VALUES ('comment_424_1_0', 'Nulla quaerat veniam maiores totam reiciendis.', '168c1536-4c42-4b8f-8c77-f06affefec6a', 'usr_424');
INSERT INTO trabalho.comentarios_podcast_usuario VALUES ('comment_424_2_0', 'Voluptas praesentium dolorum qui asperiores consequuntur.', '168c1536-4c42-4b8f-8c77-f06affefec6a', 'usr_424');
INSERT INTO trabalho.comentarios_podcast_usuario VALUES ('comment_424_3_0', 'Cumque sed in perspiciatis blanditiis delectus quaerat mollitia deleniti.', '168c1536-4c42-4b8f-8c77-f06affefec6a', 'usr_424');
INSERT INTO trabalho.log_acesso VALUES ('log_424_0_0', '168c1536-4c42-4b8f-8c77-f06affefec6a', 'usr_424');
INSERT INTO trabalho.log_acesso VALUES ('log_424_1_0', '168c1536-4c42-4b8f-8c77-f06affefec6a', 'usr_424');
INSERT INTO trabalho.log_acesso VALUES ('log_424_2_0', '168c1536-4c42-4b8f-8c77-f06affefec6a', 'usr_424');
INSERT INTO trabalho.usuario_esta_inscrito_no_podcast VALUES (5, 'c58b280a-56d4-4ad8-8c85-730e4ea86361', 'usr_424');
INSERT INTO trabalho.comentarios_podcast_usuario VALUES ('comment_424_0_1', 'Ratione rerum iusto deserunt soluta incidunt totam.', 'c58b280a-56d4-4ad8-8c85-730e4ea86361', 'usr_424');
INSERT INTO trabalho.comentarios_podcast_usuario VALUES ('comment_424_1_1', 'Ipsam vel ab inventore repudiandae quo.', 'c58b280a-56d4-4ad8-8c85-730e4ea86361', 'usr_424');
INSERT INTO trabalho.log_acesso VALUES ('log_424_0_1', 'c58b280a-56d4-4ad8-8c85-730e4ea86361', 'usr_424');
INSERT INTO trabalho.log_acesso VALUES ('log_424_1_1', 'c58b280a-56d4-4ad8-8c85-730e4ea86361', 'usr_424');
INSERT INTO trabalho.log_acesso VALUES ('log_424_2_1', 'c58b280a-56d4-4ad8-8c85-730e4ea86361', 'usr_424');
INSERT INTO trabalho.usuario_esta_inscrito_no_podcast VALUES (3, '5bdf7377-8330-4f9f-8efd-e95301c122ce', 'usr_424');
INSERT INTO trabalho.comentarios_podcast_usuario VALUES ('comment_424_0_2', 'Accusamus cupiditate nostrum illum fugiat suscipit dolorum doloremque voluptas.', '5bdf7377-8330-4f9f-8efd-e95301c122ce', 'usr_424');
INSERT INTO trabalho.comentarios_podcast_usuario VALUES ('comment_424_1_2', 'Officia numquam et voluptatibus laboriosam ut.', '5bdf7377-8330-4f9f-8efd-e95301c122ce', 'usr_424');
INSERT INTO trabalho.comentarios_podcast_usuario VALUES ('comment_424_2_2', 'Ipsum rem dicta libero itaque.', '5bdf7377-8330-4f9f-8efd-e95301c122ce', 'usr_424');
INSERT INTO trabalho.log_acesso VALUES ('log_424_0_2', '5bdf7377-8330-4f9f-8efd-e95301c122ce', 'usr_424');
INSERT INTO trabalho.log_acesso VALUES ('log_424_1_2', '5bdf7377-8330-4f9f-8efd-e95301c122ce', 'usr_424');
INSERT INTO trabalho.log_acesso VALUES ('log_424_2_2', '5bdf7377-8330-4f9f-8efd-e95301c122ce', 'usr_424');
INSERT INTO trabalho.log_acesso VALUES ('log_424_3_2', '5bdf7377-8330-4f9f-8efd-e95301c122ce', 'usr_424');
INSERT INTO trabalho.usuario VALUES ('usr_425', '425_Mariana_Batista@yahoo.com', 'Mariana Batista', 'female', 24, 'password', 'Eritreia');
INSERT INTO trabalho.usuario_esta_inscrito_no_podcast VALUES (5, '168c1536-4c42-4b8f-8c77-f06affefec6a', 'usr_425');
INSERT INTO trabalho.comentarios_podcast_usuario VALUES ('comment_425_0_0', 'Porro labore et pariatur neque.', '168c1536-4c42-4b8f-8c77-f06affefec6a', 'usr_425');
INSERT INTO trabalho.comentarios_podcast_usuario VALUES ('comment_425_1_0', 'Molestiae sit labore omnis repellendus.', '168c1536-4c42-4b8f-8c77-f06affefec6a', 'usr_425');
INSERT INTO trabalho.log_acesso VALUES ('log_425_0_0', '168c1536-4c42-4b8f-8c77-f06affefec6a', 'usr_425');
INSERT INTO trabalho.log_acesso VALUES ('log_425_1_0', '168c1536-4c42-4b8f-8c77-f06affefec6a', 'usr_425');
INSERT INTO trabalho.usuario_esta_inscrito_no_podcast VALUES (3, 'c58b280a-56d4-4ad8-8c85-730e4ea86361', 'usr_425');
INSERT INTO trabalho.comentarios_podcast_usuario VALUES ('comment_425_0_1', 'Aliquid odit id commodi.', 'c58b280a-56d4-4ad8-8c85-730e4ea86361', 'usr_425');
INSERT INTO trabalho.log_acesso VALUES ('log_425_0_1', 'c58b280a-56d4-4ad8-8c85-730e4ea86361', 'usr_425');
INSERT INTO trabalho.log_acesso VALUES ('log_425_1_1', 'c58b280a-56d4-4ad8-8c85-730e4ea86361', 'usr_425');
INSERT INTO trabalho.log_acesso VALUES ('log_425_2_1', 'c58b280a-56d4-4ad8-8c85-730e4ea86361', 'usr_425');
INSERT INTO trabalho.usuario_esta_inscrito_no_podcast VALUES (2, 'bc8dac25-793c-4a96-aafc-4ea7020f4f60', 'usr_425');
INSERT INTO trabalho.comentarios_podcast_usuario VALUES ('comment_425_0_2', 'Ut earum qui nemo veritatis adipisci temporibus.', 'bc8dac25-793c-4a96-aafc-4ea7020f4f60', 'usr_425');
INSERT INTO trabalho.comentarios_podcast_usuario VALUES ('comment_425_1_2', 'Nobis est pariatur amet officia eligendi sint.', 'bc8dac25-793c-4a96-aafc-4ea7020f4f60', 'usr_425');
INSERT INTO trabalho.comentarios_podcast_usuario VALUES ('comment_425_2_2', 'Perspiciatis odit alias et ex porro officia.', 'bc8dac25-793c-4a96-aafc-4ea7020f4f60', 'usr_425');
INSERT INTO trabalho.comentarios_podcast_usuario VALUES ('comment_425_3_2', 'Necessitatibus quam natus.', 'bc8dac25-793c-4a96-aafc-4ea7020f4f60', 'usr_425');
INSERT INTO trabalho.log_acesso VALUES ('log_425_0_2', 'bc8dac25-793c-4a96-aafc-4ea7020f4f60', 'usr_425');
INSERT INTO trabalho.log_acesso VALUES ('log_425_1_2', 'bc8dac25-793c-4a96-aafc-4ea7020f4f60', 'usr_425');
INSERT INTO trabalho.log_acesso VALUES ('log_425_2_2', 'bc8dac25-793c-4a96-aafc-4ea7020f4f60', 'usr_425');
INSERT INTO trabalho.log_acesso VALUES ('log_425_3_2', 'bc8dac25-793c-4a96-aafc-4ea7020f4f60', 'usr_425');
INSERT INTO trabalho.usuario VALUES ('usr_426', '426_Vicente.Franco@live.com', 'Vicente Franco', 'male', 27, 'password', 'Sudão');
INSERT INTO trabalho.usuario_esta_inscrito_no_podcast VALUES (5, '219328a1-cec6-4e8c-b003-52a3ec9766bb', 'usr_426');
INSERT INTO trabalho.comentarios_podcast_usuario VALUES ('comment_426_0_0', 'Voluptatem debitis atque dicta sint facilis dolores nihil.', '219328a1-cec6-4e8c-b003-52a3ec9766bb', 'usr_426');
INSERT INTO trabalho.comentarios_podcast_usuario VALUES ('comment_426_1_0', 'Accusantium facere rerum voluptatem quia.', '219328a1-cec6-4e8c-b003-52a3ec9766bb', 'usr_426');
INSERT INTO trabalho.log_acesso VALUES ('log_426_0_0', '219328a1-cec6-4e8c-b003-52a3ec9766bb', 'usr_426');
INSERT INTO trabalho.log_acesso VALUES ('log_426_1_0', '219328a1-cec6-4e8c-b003-52a3ec9766bb', 'usr_426');
INSERT INTO trabalho.log_acesso VALUES ('log_426_2_0', '219328a1-cec6-4e8c-b003-52a3ec9766bb', 'usr_426');
INSERT INTO trabalho.log_acesso VALUES ('log_426_3_0', '219328a1-cec6-4e8c-b003-52a3ec9766bb', 'usr_426');
INSERT INTO trabalho.log_acesso VALUES ('log_426_4_0', '219328a1-cec6-4e8c-b003-52a3ec9766bb', 'usr_426');
INSERT INTO trabalho.usuario_esta_inscrito_no_podcast VALUES (0, 'bc8dac25-793c-4a96-aafc-4ea7020f4f60', 'usr_426');
INSERT INTO trabalho.comentarios_podcast_usuario VALUES ('comment_426_0_1', 'In consequatur voluptas similique molestias eaque aliquam.', 'bc8dac25-793c-4a96-aafc-4ea7020f4f60', 'usr_426');
INSERT INTO trabalho.comentarios_podcast_usuario VALUES ('comment_426_1_1', 'Nesciunt quia explicabo totam occaecati sit.', 'bc8dac25-793c-4a96-aafc-4ea7020f4f60', 'usr_426');
INSERT INTO trabalho.comentarios_podcast_usuario VALUES ('comment_426_2_1', 'Magnam ipsum quos autem fuga voluptatem cumque reiciendis.', 'bc8dac25-793c-4a96-aafc-4ea7020f4f60', 'usr_426');
INSERT INTO trabalho.log_acesso VALUES ('log_426_0_1', 'bc8dac25-793c-4a96-aafc-4ea7020f4f60', 'usr_426');
INSERT INTO trabalho.log_acesso VALUES ('log_426_1_1', 'bc8dac25-793c-4a96-aafc-4ea7020f4f60', 'usr_426');
INSERT INTO trabalho.log_acesso VALUES ('log_426_2_1', 'bc8dac25-793c-4a96-aafc-4ea7020f4f60', 'usr_426');
INSERT INTO trabalho.usuario_esta_inscrito_no_podcast VALUES (2, '67074e68-bc2f-442b-8af2-7d328b6af6eb', 'usr_426');
INSERT INTO trabalho.comentarios_podcast_usuario VALUES ('comment_426_0_2', 'Excepturi voluptatem autem consequatur et eum ea rerum aliquam.', '67074e68-bc2f-442b-8af2-7d328b6af6eb', 'usr_426');
INSERT INTO trabalho.comentarios_podcast_usuario VALUES ('comment_426_1_2', 'Nobis at minus natus dicta distinctio nihil nihil veniam debitis.', '67074e68-bc2f-442b-8af2-7d328b6af6eb', 'usr_426');
INSERT INTO trabalho.comentarios_podcast_usuario VALUES ('comment_426_2_2', 'Laboriosam quisquam officiis dolorem iure voluptate quis exercitationem ad.', '67074e68-bc2f-442b-8af2-7d328b6af6eb', 'usr_426');
INSERT INTO trabalho.comentarios_podcast_usuario VALUES ('comment_426_3_2', 'Veniam eum aut recusandae enim eos culpa maxime.', '67074e68-bc2f-442b-8af2-7d328b6af6eb', 'usr_426');
INSERT INTO trabalho.comentarios_podcast_usuario VALUES ('comment_426_4_2', 'Tenetur et ut quisquam.', '67074e68-bc2f-442b-8af2-7d328b6af6eb', 'usr_426');
INSERT INTO trabalho.log_acesso VALUES ('log_426_0_2', '67074e68-bc2f-442b-8af2-7d328b6af6eb', 'usr_426');
INSERT INTO trabalho.log_acesso VALUES ('log_426_1_2', '67074e68-bc2f-442b-8af2-7d328b6af6eb', 'usr_426');
INSERT INTO trabalho.log_acesso VALUES ('log_426_2_2', '67074e68-bc2f-442b-8af2-7d328b6af6eb', 'usr_426');
INSERT INTO trabalho.usuario VALUES ('usr_427', '427_DaviLucca96@gmail.com', 'Davi Lucca Xavier', 'male', 8, 'password', 'Honduras');
INSERT INTO trabalho.usuario_esta_inscrito_no_podcast VALUES (5, 'de2f0ddb-9903-436a-a5e2-54224254c818', 'usr_427');
INSERT INTO trabalho.comentarios_podcast_usuario VALUES ('comment_427_0_0', 'Molestiae fugit enim ab exercitationem molestiae optio blanditiis id veritatis.', 'de2f0ddb-9903-436a-a5e2-54224254c818', 'usr_427');
INSERT INTO trabalho.comentarios_podcast_usuario VALUES ('comment_427_1_0', 'Sint consequatur corporis necessitatibus doloremque dolor.', 'de2f0ddb-9903-436a-a5e2-54224254c818', 'usr_427');
INSERT INTO trabalho.comentarios_podcast_usuario VALUES ('comment_427_2_0', 'Ad sed qui voluptatibus consequatur aperiam sed earum maiores eaque.', 'de2f0ddb-9903-436a-a5e2-54224254c818', 'usr_427');
INSERT INTO trabalho.comentarios_podcast_usuario VALUES ('comment_427_3_0', 'Voluptatem provident consequatur deleniti magnam et dolores omnis delectus molestiae.', 'de2f0ddb-9903-436a-a5e2-54224254c818', 'usr_427');
INSERT INTO trabalho.log_acesso VALUES ('log_427_0_0', 'de2f0ddb-9903-436a-a5e2-54224254c818', 'usr_427');
INSERT INTO trabalho.log_acesso VALUES ('log_427_1_0', 'de2f0ddb-9903-436a-a5e2-54224254c818', 'usr_427');
INSERT INTO trabalho.log_acesso VALUES ('log_427_2_0', 'de2f0ddb-9903-436a-a5e2-54224254c818', 'usr_427');
INSERT INTO trabalho.log_acesso VALUES ('log_427_3_0', 'de2f0ddb-9903-436a-a5e2-54224254c818', 'usr_427');
INSERT INTO trabalho.usuario_esta_inscrito_no_podcast VALUES (1, 'f1b92ce7-47a7-43cd-8586-4a09185cdd05', 'usr_427');
INSERT INTO trabalho.comentarios_podcast_usuario VALUES ('comment_427_0_1', 'Et consequatur repellendus tempora ut et rem inventore.', 'f1b92ce7-47a7-43cd-8586-4a09185cdd05', 'usr_427');
INSERT INTO trabalho.comentarios_podcast_usuario VALUES ('comment_427_1_1', 'Quam quibusdam voluptatem tempora et.', 'f1b92ce7-47a7-43cd-8586-4a09185cdd05', 'usr_427');
INSERT INTO trabalho.log_acesso VALUES ('log_427_0_1', 'f1b92ce7-47a7-43cd-8586-4a09185cdd05', 'usr_427');
INSERT INTO trabalho.usuario_esta_inscrito_no_podcast VALUES (2, '7e429e8e-7669-403d-bb78-3cd7f9f75afd', 'usr_427');
INSERT INTO trabalho.comentarios_podcast_usuario VALUES ('comment_427_0_2', 'Et molestiae ea non.', '7e429e8e-7669-403d-bb78-3cd7f9f75afd', 'usr_427');
INSERT INTO trabalho.comentarios_podcast_usuario VALUES ('comment_427_1_2', 'Ut voluptas debitis recusandae aut eligendi necessitatibus.', '7e429e8e-7669-403d-bb78-3cd7f9f75afd', 'usr_427');
INSERT INTO trabalho.comentarios_podcast_usuario VALUES ('comment_427_2_2', 'Voluptatum ea laborum perferendis.', '7e429e8e-7669-403d-bb78-3cd7f9f75afd', 'usr_427');
INSERT INTO trabalho.comentarios_podcast_usuario VALUES ('comment_427_3_2', 'Laboriosam sed voluptas incidunt doloribus inventore.', '7e429e8e-7669-403d-bb78-3cd7f9f75afd', 'usr_427');
INSERT INTO trabalho.log_acesso VALUES ('log_427_0_2', '7e429e8e-7669-403d-bb78-3cd7f9f75afd', 'usr_427');
INSERT INTO trabalho.log_acesso VALUES ('log_427_1_2', '7e429e8e-7669-403d-bb78-3cd7f9f75afd', 'usr_427');
INSERT INTO trabalho.log_acesso VALUES ('log_427_2_2', '7e429e8e-7669-403d-bb78-3cd7f9f75afd', 'usr_427');
INSERT INTO trabalho.log_acesso VALUES ('log_427_3_2', '7e429e8e-7669-403d-bb78-3cd7f9f75afd', 'usr_427');
INSERT INTO trabalho.usuario VALUES ('usr_428', '428_Carlos_Braga30@yahoo.com', 'Carlos Braga', 'male', 48, 'password', 'Ilhas Marshall');
INSERT INTO trabalho.usuario_esta_inscrito_no_podcast VALUES (1, '168c1536-4c42-4b8f-8c77-f06affefec6a', 'usr_428');
INSERT INTO trabalho.comentarios_podcast_usuario VALUES ('comment_428_0_0', 'Optio nisi voluptate exercitationem.', '168c1536-4c42-4b8f-8c77-f06affefec6a', 'usr_428');
INSERT INTO trabalho.comentarios_podcast_usuario VALUES ('comment_428_1_0', 'Voluptates omnis modi mollitia officiis voluptatum est cumque.', '168c1536-4c42-4b8f-8c77-f06affefec6a', 'usr_428');
INSERT INTO trabalho.comentarios_podcast_usuario VALUES ('comment_428_2_0', 'Fugiat omnis et tempore dolorem reprehenderit velit sapiente autem est.', '168c1536-4c42-4b8f-8c77-f06affefec6a', 'usr_428');
INSERT INTO trabalho.log_acesso VALUES ('log_428_0_0', '168c1536-4c42-4b8f-8c77-f06affefec6a', 'usr_428');
INSERT INTO trabalho.log_acesso VALUES ('log_428_1_0', '168c1536-4c42-4b8f-8c77-f06affefec6a', 'usr_428');
INSERT INTO trabalho.log_acesso VALUES ('log_428_2_0', '168c1536-4c42-4b8f-8c77-f06affefec6a', 'usr_428');
INSERT INTO trabalho.usuario_esta_inscrito_no_podcast VALUES (1, '7e429e8e-7669-403d-bb78-3cd7f9f75afd', 'usr_428');
INSERT INTO trabalho.comentarios_podcast_usuario VALUES ('comment_428_0_1', 'Incidunt id iste asperiores dolor a autem.', '7e429e8e-7669-403d-bb78-3cd7f9f75afd', 'usr_428');
INSERT INTO trabalho.comentarios_podcast_usuario VALUES ('comment_428_1_1', 'Dolor placeat fugit.', '7e429e8e-7669-403d-bb78-3cd7f9f75afd', 'usr_428');
INSERT INTO trabalho.comentarios_podcast_usuario VALUES ('comment_428_2_1', 'Et ut ea.', '7e429e8e-7669-403d-bb78-3cd7f9f75afd', 'usr_428');
INSERT INTO trabalho.comentarios_podcast_usuario VALUES ('comment_428_3_1', 'Laboriosam aliquid nostrum est natus iure voluptatem est.', '7e429e8e-7669-403d-bb78-3cd7f9f75afd', 'usr_428');
INSERT INTO trabalho.log_acesso VALUES ('log_428_0_1', '7e429e8e-7669-403d-bb78-3cd7f9f75afd', 'usr_428');
INSERT INTO trabalho.log_acesso VALUES ('log_428_1_1', '7e429e8e-7669-403d-bb78-3cd7f9f75afd', 'usr_428');
INSERT INTO trabalho.log_acesso VALUES ('log_428_2_1', '7e429e8e-7669-403d-bb78-3cd7f9f75afd', 'usr_428');
INSERT INTO trabalho.usuario_esta_inscrito_no_podcast VALUES (3, 'f1b92ce7-47a7-43cd-8586-4a09185cdd05', 'usr_428');
INSERT INTO trabalho.comentarios_podcast_usuario VALUES ('comment_428_0_2', 'Necessitatibus pariatur qui voluptas.', 'f1b92ce7-47a7-43cd-8586-4a09185cdd05', 'usr_428');
INSERT INTO trabalho.comentarios_podcast_usuario VALUES ('comment_428_1_2', 'Cumque sint numquam nemo nemo impedit.', 'f1b92ce7-47a7-43cd-8586-4a09185cdd05', 'usr_428');
INSERT INTO trabalho.comentarios_podcast_usuario VALUES ('comment_428_2_2', 'Similique consequatur tempora nobis inventore sed.', 'f1b92ce7-47a7-43cd-8586-4a09185cdd05', 'usr_428');
INSERT INTO trabalho.comentarios_podcast_usuario VALUES ('comment_428_3_2', 'Porro sit consequatur iusto quis ab accusamus consequatur.', 'f1b92ce7-47a7-43cd-8586-4a09185cdd05', 'usr_428');
INSERT INTO trabalho.comentarios_podcast_usuario VALUES ('comment_428_4_2', 'Esse deleniti impedit asperiores ut quaerat qui.', 'f1b92ce7-47a7-43cd-8586-4a09185cdd05', 'usr_428');
INSERT INTO trabalho.log_acesso VALUES ('log_428_0_2', 'f1b92ce7-47a7-43cd-8586-4a09185cdd05', 'usr_428');
INSERT INTO trabalho.log_acesso VALUES ('log_428_1_2', 'f1b92ce7-47a7-43cd-8586-4a09185cdd05', 'usr_428');
INSERT INTO trabalho.usuario VALUES ('usr_429', '429_Bryan21@live.com', 'Bryan Nogueira', 'male', 0, 'password', 'Nepal');
INSERT INTO trabalho.usuario_esta_inscrito_no_podcast VALUES (4, 'de2f0ddb-9903-436a-a5e2-54224254c818', 'usr_429');
INSERT INTO trabalho.comentarios_podcast_usuario VALUES ('comment_429_0_0', 'Velit ea quis accusantium accusamus iure nihil porro quod magnam.', 'de2f0ddb-9903-436a-a5e2-54224254c818', 'usr_429');
INSERT INTO trabalho.comentarios_podcast_usuario VALUES ('comment_429_1_0', 'Inventore saepe et beatae ea eaque.', 'de2f0ddb-9903-436a-a5e2-54224254c818', 'usr_429');
INSERT INTO trabalho.comentarios_podcast_usuario VALUES ('comment_429_2_0', 'Illum molestias est deleniti dicta qui ad earum rem iusto.', 'de2f0ddb-9903-436a-a5e2-54224254c818', 'usr_429');
INSERT INTO trabalho.comentarios_podcast_usuario VALUES ('comment_429_3_0', 'Nam perferendis quia tenetur qui.', 'de2f0ddb-9903-436a-a5e2-54224254c818', 'usr_429');
INSERT INTO trabalho.log_acesso VALUES ('log_429_0_0', 'de2f0ddb-9903-436a-a5e2-54224254c818', 'usr_429');
INSERT INTO trabalho.log_acesso VALUES ('log_429_1_0', 'de2f0ddb-9903-436a-a5e2-54224254c818', 'usr_429');
INSERT INTO trabalho.usuario_esta_inscrito_no_podcast VALUES (3, 'b553d865-8fe2-47de-9a30-10e1dea3bd1d', 'usr_429');
INSERT INTO trabalho.comentarios_podcast_usuario VALUES ('comment_429_0_1', 'Sed quibusdam ratione et dolor.', 'b553d865-8fe2-47de-9a30-10e1dea3bd1d', 'usr_429');
INSERT INTO trabalho.comentarios_podcast_usuario VALUES ('comment_429_1_1', 'Cumque eos nesciunt excepturi dolores quis velit.', 'b553d865-8fe2-47de-9a30-10e1dea3bd1d', 'usr_429');
INSERT INTO trabalho.comentarios_podcast_usuario VALUES ('comment_429_2_1', 'Saepe voluptas sit totam veniam ut quis dolor enim.', 'b553d865-8fe2-47de-9a30-10e1dea3bd1d', 'usr_429');
INSERT INTO trabalho.comentarios_podcast_usuario VALUES ('comment_429_3_1', 'Nihil incidunt id consequatur architecto nihil.', 'b553d865-8fe2-47de-9a30-10e1dea3bd1d', 'usr_429');
INSERT INTO trabalho.comentarios_podcast_usuario VALUES ('comment_429_4_1', 'Dolore dolore placeat non est unde.', 'b553d865-8fe2-47de-9a30-10e1dea3bd1d', 'usr_429');
INSERT INTO trabalho.log_acesso VALUES ('log_429_0_1', 'b553d865-8fe2-47de-9a30-10e1dea3bd1d', 'usr_429');
INSERT INTO trabalho.log_acesso VALUES ('log_429_1_1', 'b553d865-8fe2-47de-9a30-10e1dea3bd1d', 'usr_429');
INSERT INTO trabalho.log_acesso VALUES ('log_429_2_1', 'b553d865-8fe2-47de-9a30-10e1dea3bd1d', 'usr_429');
INSERT INTO trabalho.usuario_esta_inscrito_no_podcast VALUES (3, 'f1b92ce7-47a7-43cd-8586-4a09185cdd05', 'usr_429');
INSERT INTO trabalho.comentarios_podcast_usuario VALUES ('comment_429_0_2', 'Possimus consequatur pariatur illum sed voluptas sit consequatur officia necessitatibus.', 'f1b92ce7-47a7-43cd-8586-4a09185cdd05', 'usr_429');
INSERT INTO trabalho.comentarios_podcast_usuario VALUES ('comment_429_1_2', 'Exercitationem iste quia architecto reiciendis est quis.', 'f1b92ce7-47a7-43cd-8586-4a09185cdd05', 'usr_429');
INSERT INTO trabalho.comentarios_podcast_usuario VALUES ('comment_429_2_2', 'Facilis reiciendis dolore sint molestiae.', 'f1b92ce7-47a7-43cd-8586-4a09185cdd05', 'usr_429');
INSERT INTO trabalho.comentarios_podcast_usuario VALUES ('comment_429_3_2', 'Eos dignissimos omnis voluptatum rerum quia officia facilis quibusdam voluptas.', 'f1b92ce7-47a7-43cd-8586-4a09185cdd05', 'usr_429');
INSERT INTO trabalho.comentarios_podcast_usuario VALUES ('comment_429_4_2', 'Qui occaecati veritatis rerum dolor velit quo facilis reiciendis.', 'f1b92ce7-47a7-43cd-8586-4a09185cdd05', 'usr_429');
INSERT INTO trabalho.comentarios_podcast_usuario VALUES ('comment_429_5_2', 'Autem quia iste quod.', 'f1b92ce7-47a7-43cd-8586-4a09185cdd05', 'usr_429');
INSERT INTO trabalho.log_acesso VALUES ('log_429_0_2', 'f1b92ce7-47a7-43cd-8586-4a09185cdd05', 'usr_429');
INSERT INTO trabalho.log_acesso VALUES ('log_429_1_2', 'f1b92ce7-47a7-43cd-8586-4a09185cdd05', 'usr_429');
INSERT INTO trabalho.usuario VALUES ('usr_430', '430_Hugo33@bol.com.br', 'Hugo Barros', 'male', 40, 'password', 'Ilhas Marshall');
INSERT INTO trabalho.usuario_esta_inscrito_no_podcast VALUES (2, 'c58b280a-56d4-4ad8-8c85-730e4ea86361', 'usr_430');
INSERT INTO trabalho.comentarios_podcast_usuario VALUES ('comment_430_0_0', 'Sed voluptate at.', 'c58b280a-56d4-4ad8-8c85-730e4ea86361', 'usr_430');
INSERT INTO trabalho.comentarios_podcast_usuario VALUES ('comment_430_1_0', 'Commodi inventore et recusandae rerum soluta voluptatem ad.', 'c58b280a-56d4-4ad8-8c85-730e4ea86361', 'usr_430');
INSERT INTO trabalho.comentarios_podcast_usuario VALUES ('comment_430_2_0', 'Ex nulla et enim nobis veritatis.', 'c58b280a-56d4-4ad8-8c85-730e4ea86361', 'usr_430');
INSERT INTO trabalho.comentarios_podcast_usuario VALUES ('comment_430_3_0', 'Vero cumque saepe quas dolor autem architecto illum voluptas optio.', 'c58b280a-56d4-4ad8-8c85-730e4ea86361', 'usr_430');
INSERT INTO trabalho.comentarios_podcast_usuario VALUES ('comment_430_4_0', 'Reiciendis delectus et ipsa.', 'c58b280a-56d4-4ad8-8c85-730e4ea86361', 'usr_430');
INSERT INTO trabalho.log_acesso VALUES ('log_430_0_0', 'c58b280a-56d4-4ad8-8c85-730e4ea86361', 'usr_430');
INSERT INTO trabalho.log_acesso VALUES ('log_430_1_0', 'c58b280a-56d4-4ad8-8c85-730e4ea86361', 'usr_430');
INSERT INTO trabalho.usuario_esta_inscrito_no_podcast VALUES (3, 'af46a958-b921-47b6-9f87-5c4fdc68ea79', 'usr_430');
INSERT INTO trabalho.comentarios_podcast_usuario VALUES ('comment_430_0_1', 'Autem similique et delectus sed occaecati beatae blanditiis deserunt eius.', 'af46a958-b921-47b6-9f87-5c4fdc68ea79', 'usr_430');
INSERT INTO trabalho.comentarios_podcast_usuario VALUES ('comment_430_1_1', 'Veniam corrupti perspiciatis.', 'af46a958-b921-47b6-9f87-5c4fdc68ea79', 'usr_430');
INSERT INTO trabalho.log_acesso VALUES ('log_430_0_1', 'af46a958-b921-47b6-9f87-5c4fdc68ea79', 'usr_430');
INSERT INTO trabalho.log_acesso VALUES ('log_430_1_1', 'af46a958-b921-47b6-9f87-5c4fdc68ea79', 'usr_430');
INSERT INTO trabalho.log_acesso VALUES ('log_430_2_1', 'af46a958-b921-47b6-9f87-5c4fdc68ea79', 'usr_430');
INSERT INTO trabalho.usuario_esta_inscrito_no_podcast VALUES (1, 'b553d865-8fe2-47de-9a30-10e1dea3bd1d', 'usr_430');
INSERT INTO trabalho.comentarios_podcast_usuario VALUES ('comment_430_0_2', 'Distinctio aut autem.', 'b553d865-8fe2-47de-9a30-10e1dea3bd1d', 'usr_430');
INSERT INTO trabalho.comentarios_podcast_usuario VALUES ('comment_430_1_2', 'Dolore doloremque occaecati quos voluptate.', 'b553d865-8fe2-47de-9a30-10e1dea3bd1d', 'usr_430');
INSERT INTO trabalho.comentarios_podcast_usuario VALUES ('comment_430_2_2', 'Neque et iste dolorem adipisci incidunt nulla dolores delectus praesentium.', 'b553d865-8fe2-47de-9a30-10e1dea3bd1d', 'usr_430');
INSERT INTO trabalho.comentarios_podcast_usuario VALUES ('comment_430_3_2', 'Accusantium minima nihil eaque.', 'b553d865-8fe2-47de-9a30-10e1dea3bd1d', 'usr_430');
INSERT INTO trabalho.log_acesso VALUES ('log_430_0_2', 'b553d865-8fe2-47de-9a30-10e1dea3bd1d', 'usr_430');
INSERT INTO trabalho.log_acesso VALUES ('log_430_1_2', 'b553d865-8fe2-47de-9a30-10e1dea3bd1d', 'usr_430');
INSERT INTO trabalho.log_acesso VALUES ('log_430_2_2', 'b553d865-8fe2-47de-9a30-10e1dea3bd1d', 'usr_430');
INSERT INTO trabalho.log_acesso VALUES ('log_430_3_2', 'b553d865-8fe2-47de-9a30-10e1dea3bd1d', 'usr_430');
INSERT INTO trabalho.log_acesso VALUES ('log_430_4_2', 'b553d865-8fe2-47de-9a30-10e1dea3bd1d', 'usr_430');
INSERT INTO trabalho.log_acesso VALUES ('log_430_5_2', 'b553d865-8fe2-47de-9a30-10e1dea3bd1d', 'usr_430');
INSERT INTO trabalho.log_acesso VALUES ('log_430_6_2', 'b553d865-8fe2-47de-9a30-10e1dea3bd1d', 'usr_430');
INSERT INTO trabalho.usuario VALUES ('usr_431', '431_Ceclia.Batista@bol.com.br', 'Cecília Batista', 'female', 20, 'password', 'Bélgica');
INSERT INTO trabalho.usuario_esta_inscrito_no_podcast VALUES (4, 'f8e13774-d631-4f34-93f0-2f5d55590265', 'usr_431');
INSERT INTO trabalho.comentarios_podcast_usuario VALUES ('comment_431_0_0', 'Nulla quisquam ea.', 'f8e13774-d631-4f34-93f0-2f5d55590265', 'usr_431');
INSERT INTO trabalho.comentarios_podcast_usuario VALUES ('comment_431_1_0', 'Voluptas qui dolores suscipit eum.', 'f8e13774-d631-4f34-93f0-2f5d55590265', 'usr_431');
INSERT INTO trabalho.comentarios_podcast_usuario VALUES ('comment_431_2_0', 'Sed autem alias ea ex enim id.', 'f8e13774-d631-4f34-93f0-2f5d55590265', 'usr_431');
INSERT INTO trabalho.comentarios_podcast_usuario VALUES ('comment_431_3_0', 'Et natus temporibus rerum.', 'f8e13774-d631-4f34-93f0-2f5d55590265', 'usr_431');
INSERT INTO trabalho.log_acesso VALUES ('log_431_0_0', 'f8e13774-d631-4f34-93f0-2f5d55590265', 'usr_431');
INSERT INTO trabalho.log_acesso VALUES ('log_431_1_0', 'f8e13774-d631-4f34-93f0-2f5d55590265', 'usr_431');
INSERT INTO trabalho.log_acesso VALUES ('log_431_2_0', 'f8e13774-d631-4f34-93f0-2f5d55590265', 'usr_431');
INSERT INTO trabalho.usuario_esta_inscrito_no_podcast VALUES (4, 'f1b92ce7-47a7-43cd-8586-4a09185cdd05', 'usr_431');
INSERT INTO trabalho.comentarios_podcast_usuario VALUES ('comment_431_0_1', 'Et id quos est sed.', 'f1b92ce7-47a7-43cd-8586-4a09185cdd05', 'usr_431');
INSERT INTO trabalho.comentarios_podcast_usuario VALUES ('comment_431_1_1', 'Nisi explicabo accusamus laborum vel qui iste.', 'f1b92ce7-47a7-43cd-8586-4a09185cdd05', 'usr_431');
INSERT INTO trabalho.comentarios_podcast_usuario VALUES ('comment_431_2_1', 'Dolor enim autem id quia enim.', 'f1b92ce7-47a7-43cd-8586-4a09185cdd05', 'usr_431');
INSERT INTO trabalho.comentarios_podcast_usuario VALUES ('comment_431_3_1', 'Facilis amet adipisci et excepturi at excepturi officiis quod.', 'f1b92ce7-47a7-43cd-8586-4a09185cdd05', 'usr_431');
INSERT INTO trabalho.log_acesso VALUES ('log_431_0_1', 'f1b92ce7-47a7-43cd-8586-4a09185cdd05', 'usr_431');
INSERT INTO trabalho.usuario_esta_inscrito_no_podcast VALUES (3, '5bdf7377-8330-4f9f-8efd-e95301c122ce', 'usr_431');
INSERT INTO trabalho.comentarios_podcast_usuario VALUES ('comment_431_0_2', 'Earum eius numquam rerum libero fuga dolore et sint enim.', '5bdf7377-8330-4f9f-8efd-e95301c122ce', 'usr_431');
INSERT INTO trabalho.comentarios_podcast_usuario VALUES ('comment_431_1_2', 'Voluptate velit facere iusto unde et quo voluptatibus sed tempora.', '5bdf7377-8330-4f9f-8efd-e95301c122ce', 'usr_431');
INSERT INTO trabalho.comentarios_podcast_usuario VALUES ('comment_431_2_2', 'Ratione et explicabo.', '5bdf7377-8330-4f9f-8efd-e95301c122ce', 'usr_431');
INSERT INTO trabalho.log_acesso VALUES ('log_431_0_2', '5bdf7377-8330-4f9f-8efd-e95301c122ce', 'usr_431');
INSERT INTO trabalho.log_acesso VALUES ('log_431_1_2', '5bdf7377-8330-4f9f-8efd-e95301c122ce', 'usr_431');
INSERT INTO trabalho.log_acesso VALUES ('log_431_2_2', '5bdf7377-8330-4f9f-8efd-e95301c122ce', 'usr_431');
INSERT INTO trabalho.log_acesso VALUES ('log_431_3_2', '5bdf7377-8330-4f9f-8efd-e95301c122ce', 'usr_431');
INSERT INTO trabalho.log_acesso VALUES ('log_431_4_2', '5bdf7377-8330-4f9f-8efd-e95301c122ce', 'usr_431');
INSERT INTO trabalho.usuario VALUES ('usr_432', '432_Elisa.Barros56@yahoo.com', 'Elisa Barros', 'female', 58, 'password', 'Papua-Nova Guiné');
INSERT INTO trabalho.usuario_esta_inscrito_no_podcast VALUES (2, '168c1536-4c42-4b8f-8c77-f06affefec6a', 'usr_432');
INSERT INTO trabalho.comentarios_podcast_usuario VALUES ('comment_432_0_0', 'Vero reiciendis velit veniam debitis numquam voluptas velit id.', '168c1536-4c42-4b8f-8c77-f06affefec6a', 'usr_432');
INSERT INTO trabalho.comentarios_podcast_usuario VALUES ('comment_432_1_0', 'Facilis consequatur omnis vel.', '168c1536-4c42-4b8f-8c77-f06affefec6a', 'usr_432');
INSERT INTO trabalho.comentarios_podcast_usuario VALUES ('comment_432_2_0', 'Sit quisquam praesentium nesciunt vel cupiditate aut.', '168c1536-4c42-4b8f-8c77-f06affefec6a', 'usr_432');
INSERT INTO trabalho.comentarios_podcast_usuario VALUES ('comment_432_3_0', 'Laboriosam et maxime odit delectus est quidem distinctio similique sapiente.', '168c1536-4c42-4b8f-8c77-f06affefec6a', 'usr_432');
INSERT INTO trabalho.log_acesso VALUES ('log_432_0_0', '168c1536-4c42-4b8f-8c77-f06affefec6a', 'usr_432');
INSERT INTO trabalho.log_acesso VALUES ('log_432_1_0', '168c1536-4c42-4b8f-8c77-f06affefec6a', 'usr_432');
INSERT INTO trabalho.log_acesso VALUES ('log_432_2_0', '168c1536-4c42-4b8f-8c77-f06affefec6a', 'usr_432');
INSERT INTO trabalho.usuario_esta_inscrito_no_podcast VALUES (5, 'f1b92ce7-47a7-43cd-8586-4a09185cdd05', 'usr_432');
INSERT INTO trabalho.comentarios_podcast_usuario VALUES ('comment_432_0_1', 'Laudantium rerum ipsum doloribus et esse quo possimus eos voluptatum.', 'f1b92ce7-47a7-43cd-8586-4a09185cdd05', 'usr_432');
INSERT INTO trabalho.comentarios_podcast_usuario VALUES ('comment_432_1_1', 'Quod suscipit laborum aut aut dolore dolore cumque iusto.', 'f1b92ce7-47a7-43cd-8586-4a09185cdd05', 'usr_432');
INSERT INTO trabalho.log_acesso VALUES ('log_432_0_1', 'f1b92ce7-47a7-43cd-8586-4a09185cdd05', 'usr_432');
INSERT INTO trabalho.log_acesso VALUES ('log_432_1_1', 'f1b92ce7-47a7-43cd-8586-4a09185cdd05', 'usr_432');
INSERT INTO trabalho.log_acesso VALUES ('log_432_2_1', 'f1b92ce7-47a7-43cd-8586-4a09185cdd05', 'usr_432');
INSERT INTO trabalho.log_acesso VALUES ('log_432_3_1', 'f1b92ce7-47a7-43cd-8586-4a09185cdd05', 'usr_432');
INSERT INTO trabalho.log_acesso VALUES ('log_432_4_1', 'f1b92ce7-47a7-43cd-8586-4a09185cdd05', 'usr_432');
INSERT INTO trabalho.log_acesso VALUES ('log_432_5_1', 'f1b92ce7-47a7-43cd-8586-4a09185cdd05', 'usr_432');
INSERT INTO trabalho.usuario_esta_inscrito_no_podcast VALUES (2, '219328a1-cec6-4e8c-b003-52a3ec9766bb', 'usr_432');
INSERT INTO trabalho.comentarios_podcast_usuario VALUES ('comment_432_0_2', 'Aut magni doloribus soluta eveniet facilis nisi neque aut.', '219328a1-cec6-4e8c-b003-52a3ec9766bb', 'usr_432');
INSERT INTO trabalho.comentarios_podcast_usuario VALUES ('comment_432_1_2', 'Quo pariatur dolore placeat quod eveniet quia.', '219328a1-cec6-4e8c-b003-52a3ec9766bb', 'usr_432');
INSERT INTO trabalho.log_acesso VALUES ('log_432_0_2', '219328a1-cec6-4e8c-b003-52a3ec9766bb', 'usr_432');
INSERT INTO trabalho.log_acesso VALUES ('log_432_1_2', '219328a1-cec6-4e8c-b003-52a3ec9766bb', 'usr_432');
INSERT INTO trabalho.usuario VALUES ('usr_433', '433_Alessandra86@hotmail.com', 'Alessandra Moraes', 'female', 54, 'password', 'Antilhas Holandesas');
INSERT INTO trabalho.usuario_esta_inscrito_no_podcast VALUES (3, '219328a1-cec6-4e8c-b003-52a3ec9766bb', 'usr_433');
INSERT INTO trabalho.comentarios_podcast_usuario VALUES ('comment_433_0_0', 'Sit ut vel consequatur soluta.', '219328a1-cec6-4e8c-b003-52a3ec9766bb', 'usr_433');
INSERT INTO trabalho.log_acesso VALUES ('log_433_0_0', '219328a1-cec6-4e8c-b003-52a3ec9766bb', 'usr_433');
INSERT INTO trabalho.log_acesso VALUES ('log_433_1_0', '219328a1-cec6-4e8c-b003-52a3ec9766bb', 'usr_433');
INSERT INTO trabalho.log_acesso VALUES ('log_433_2_0', '219328a1-cec6-4e8c-b003-52a3ec9766bb', 'usr_433');
INSERT INTO trabalho.log_acesso VALUES ('log_433_3_0', '219328a1-cec6-4e8c-b003-52a3ec9766bb', 'usr_433');
INSERT INTO trabalho.usuario_esta_inscrito_no_podcast VALUES (4, 'af46a958-b921-47b6-9f87-5c4fdc68ea79', 'usr_433');
INSERT INTO trabalho.comentarios_podcast_usuario VALUES ('comment_433_0_1', 'Earum voluptatem architecto.', 'af46a958-b921-47b6-9f87-5c4fdc68ea79', 'usr_433');
INSERT INTO trabalho.comentarios_podcast_usuario VALUES ('comment_433_1_1', 'Qui sit unde sunt odit delectus cum.', 'af46a958-b921-47b6-9f87-5c4fdc68ea79', 'usr_433');
INSERT INTO trabalho.log_acesso VALUES ('log_433_0_1', 'af46a958-b921-47b6-9f87-5c4fdc68ea79', 'usr_433');
INSERT INTO trabalho.log_acesso VALUES ('log_433_1_1', 'af46a958-b921-47b6-9f87-5c4fdc68ea79', 'usr_433');
INSERT INTO trabalho.log_acesso VALUES ('log_433_2_1', 'af46a958-b921-47b6-9f87-5c4fdc68ea79', 'usr_433');
INSERT INTO trabalho.log_acesso VALUES ('log_433_3_1', 'af46a958-b921-47b6-9f87-5c4fdc68ea79', 'usr_433');
INSERT INTO trabalho.usuario_esta_inscrito_no_podcast VALUES (5, 'c58b280a-56d4-4ad8-8c85-730e4ea86361', 'usr_433');
INSERT INTO trabalho.comentarios_podcast_usuario VALUES ('comment_433_0_2', 'Et dolores aut ut.', 'c58b280a-56d4-4ad8-8c85-730e4ea86361', 'usr_433');
INSERT INTO trabalho.log_acesso VALUES ('log_433_0_2', 'c58b280a-56d4-4ad8-8c85-730e4ea86361', 'usr_433');
INSERT INTO trabalho.log_acesso VALUES ('log_433_1_2', 'c58b280a-56d4-4ad8-8c85-730e4ea86361', 'usr_433');
INSERT INTO trabalho.log_acesso VALUES ('log_433_2_2', 'c58b280a-56d4-4ad8-8c85-730e4ea86361', 'usr_433');
INSERT INTO trabalho.usuario VALUES ('usr_434', '434_Manuela_Saraiva@gmail.com', 'Manuela Saraiva', 'female', 60, 'password', 'Uzbequistão');
INSERT INTO trabalho.usuario_esta_inscrito_no_podcast VALUES (0, 'f0166bd2-8e4d-4308-b5d7-0b3d627c5dc5', 'usr_434');
INSERT INTO trabalho.comentarios_podcast_usuario VALUES ('comment_434_0_0', 'Delectus voluptatem et.', 'f0166bd2-8e4d-4308-b5d7-0b3d627c5dc5', 'usr_434');
INSERT INTO trabalho.comentarios_podcast_usuario VALUES ('comment_434_1_0', 'Nulla vel tempore corporis consequatur temporibus minima delectus aut impedit.', 'f0166bd2-8e4d-4308-b5d7-0b3d627c5dc5', 'usr_434');
INSERT INTO trabalho.comentarios_podcast_usuario VALUES ('comment_434_2_0', 'Omnis voluptas sint voluptates et sed.', 'f0166bd2-8e4d-4308-b5d7-0b3d627c5dc5', 'usr_434');
INSERT INTO trabalho.log_acesso VALUES ('log_434_0_0', 'f0166bd2-8e4d-4308-b5d7-0b3d627c5dc5', 'usr_434');
INSERT INTO trabalho.log_acesso VALUES ('log_434_1_0', 'f0166bd2-8e4d-4308-b5d7-0b3d627c5dc5', 'usr_434');
INSERT INTO trabalho.log_acesso VALUES ('log_434_2_0', 'f0166bd2-8e4d-4308-b5d7-0b3d627c5dc5', 'usr_434');
INSERT INTO trabalho.usuario_esta_inscrito_no_podcast VALUES (1, 'b553d865-8fe2-47de-9a30-10e1dea3bd1d', 'usr_434');
INSERT INTO trabalho.comentarios_podcast_usuario VALUES ('comment_434_0_1', 'Placeat eveniet aut aut quia qui iste voluptate repudiandae.', 'b553d865-8fe2-47de-9a30-10e1dea3bd1d', 'usr_434');
INSERT INTO trabalho.comentarios_podcast_usuario VALUES ('comment_434_1_1', 'Eveniet non ipsam necessitatibus eos alias voluptatibus.', 'b553d865-8fe2-47de-9a30-10e1dea3bd1d', 'usr_434');
INSERT INTO trabalho.comentarios_podcast_usuario VALUES ('comment_434_2_1', 'Deleniti quibusdam dicta asperiores.', 'b553d865-8fe2-47de-9a30-10e1dea3bd1d', 'usr_434');
INSERT INTO trabalho.comentarios_podcast_usuario VALUES ('comment_434_3_1', 'Cupiditate dolorum corrupti sit id labore.', 'b553d865-8fe2-47de-9a30-10e1dea3bd1d', 'usr_434');
INSERT INTO trabalho.log_acesso VALUES ('log_434_0_1', 'b553d865-8fe2-47de-9a30-10e1dea3bd1d', 'usr_434');
INSERT INTO trabalho.log_acesso VALUES ('log_434_1_1', 'b553d865-8fe2-47de-9a30-10e1dea3bd1d', 'usr_434');
INSERT INTO trabalho.log_acesso VALUES ('log_434_2_1', 'b553d865-8fe2-47de-9a30-10e1dea3bd1d', 'usr_434');
INSERT INTO trabalho.log_acesso VALUES ('log_434_3_1', 'b553d865-8fe2-47de-9a30-10e1dea3bd1d', 'usr_434');
INSERT INTO trabalho.log_acesso VALUES ('log_434_4_1', 'b553d865-8fe2-47de-9a30-10e1dea3bd1d', 'usr_434');
INSERT INTO trabalho.usuario_esta_inscrito_no_podcast VALUES (2, '219328a1-cec6-4e8c-b003-52a3ec9766bb', 'usr_434');
INSERT INTO trabalho.comentarios_podcast_usuario VALUES ('comment_434_0_2', 'Minus ut et dolorem cupiditate quod dolor repellat distinctio sit.', '219328a1-cec6-4e8c-b003-52a3ec9766bb', 'usr_434');
INSERT INTO trabalho.log_acesso VALUES ('log_434_0_2', '219328a1-cec6-4e8c-b003-52a3ec9766bb', 'usr_434');
INSERT INTO trabalho.log_acesso VALUES ('log_434_1_2', '219328a1-cec6-4e8c-b003-52a3ec9766bb', 'usr_434');
INSERT INTO trabalho.log_acesso VALUES ('log_434_2_2', '219328a1-cec6-4e8c-b003-52a3ec9766bb', 'usr_434');
INSERT INTO trabalho.log_acesso VALUES ('log_434_3_2', '219328a1-cec6-4e8c-b003-52a3ec9766bb', 'usr_434');
INSERT INTO trabalho.usuario VALUES ('usr_435', '435_Liz57@gmail.com', 'Liz Souza', 'female', 57, 'password', 'República da África Central');
INSERT INTO trabalho.usuario_esta_inscrito_no_podcast VALUES (3, 'f8e13774-d631-4f34-93f0-2f5d55590265', 'usr_435');
INSERT INTO trabalho.comentarios_podcast_usuario VALUES ('comment_435_0_0', 'Temporibus vero quidem sed facilis id natus.', 'f8e13774-d631-4f34-93f0-2f5d55590265', 'usr_435');
INSERT INTO trabalho.comentarios_podcast_usuario VALUES ('comment_435_1_0', 'Provident accusantium enim ut repudiandae.', 'f8e13774-d631-4f34-93f0-2f5d55590265', 'usr_435');
INSERT INTO trabalho.comentarios_podcast_usuario VALUES ('comment_435_2_0', 'Vel excepturi accusantium assumenda.', 'f8e13774-d631-4f34-93f0-2f5d55590265', 'usr_435');
INSERT INTO trabalho.comentarios_podcast_usuario VALUES ('comment_435_3_0', 'Occaecati at facilis dolorem est dolor.', 'f8e13774-d631-4f34-93f0-2f5d55590265', 'usr_435');
INSERT INTO trabalho.log_acesso VALUES ('log_435_0_0', 'f8e13774-d631-4f34-93f0-2f5d55590265', 'usr_435');
INSERT INTO trabalho.log_acesso VALUES ('log_435_1_0', 'f8e13774-d631-4f34-93f0-2f5d55590265', 'usr_435');
INSERT INTO trabalho.log_acesso VALUES ('log_435_2_0', 'f8e13774-d631-4f34-93f0-2f5d55590265', 'usr_435');
INSERT INTO trabalho.usuario_esta_inscrito_no_podcast VALUES (0, 'bc8dac25-793c-4a96-aafc-4ea7020f4f60', 'usr_435');
INSERT INTO trabalho.comentarios_podcast_usuario VALUES ('comment_435_0_1', 'Et molestiae rem neque.', 'bc8dac25-793c-4a96-aafc-4ea7020f4f60', 'usr_435');
INSERT INTO trabalho.comentarios_podcast_usuario VALUES ('comment_435_1_1', 'Nisi doloremque recusandae ad esse dolore laboriosam consectetur totam excepturi.', 'bc8dac25-793c-4a96-aafc-4ea7020f4f60', 'usr_435');
INSERT INTO trabalho.log_acesso VALUES ('log_435_0_1', 'bc8dac25-793c-4a96-aafc-4ea7020f4f60', 'usr_435');
INSERT INTO trabalho.log_acesso VALUES ('log_435_1_1', 'bc8dac25-793c-4a96-aafc-4ea7020f4f60', 'usr_435');
INSERT INTO trabalho.usuario_esta_inscrito_no_podcast VALUES (0, 'f0166bd2-8e4d-4308-b5d7-0b3d627c5dc5', 'usr_435');
INSERT INTO trabalho.comentarios_podcast_usuario VALUES ('comment_435_0_2', 'Ut illo officiis labore ex laborum officia nam qui.', 'f0166bd2-8e4d-4308-b5d7-0b3d627c5dc5', 'usr_435');
INSERT INTO trabalho.comentarios_podcast_usuario VALUES ('comment_435_1_2', 'Quo soluta ut consequuntur non praesentium ducimus.', 'f0166bd2-8e4d-4308-b5d7-0b3d627c5dc5', 'usr_435');
INSERT INTO trabalho.comentarios_podcast_usuario VALUES ('comment_435_2_2', 'Cumque fugit in consectetur et sit.', 'f0166bd2-8e4d-4308-b5d7-0b3d627c5dc5', 'usr_435');
INSERT INTO trabalho.comentarios_podcast_usuario VALUES ('comment_435_3_2', 'Repudiandae veritatis ipsum ducimus animi id hic aut.', 'f0166bd2-8e4d-4308-b5d7-0b3d627c5dc5', 'usr_435');
INSERT INTO trabalho.log_acesso VALUES ('log_435_0_2', 'f0166bd2-8e4d-4308-b5d7-0b3d627c5dc5', 'usr_435');
INSERT INTO trabalho.log_acesso VALUES ('log_435_1_2', 'f0166bd2-8e4d-4308-b5d7-0b3d627c5dc5', 'usr_435');
INSERT INTO trabalho.log_acesso VALUES ('log_435_2_2', 'f0166bd2-8e4d-4308-b5d7-0b3d627c5dc5', 'usr_435');
INSERT INTO trabalho.log_acesso VALUES ('log_435_3_2', 'f0166bd2-8e4d-4308-b5d7-0b3d627c5dc5', 'usr_435');
INSERT INTO trabalho.usuario VALUES ('usr_436', '436_Rafael_Santos61@bol.com.br', 'Rafael Santos', 'male', 3, 'password', 'Vanuatu');
INSERT INTO trabalho.usuario_esta_inscrito_no_podcast VALUES (0, 'f1b92ce7-47a7-43cd-8586-4a09185cdd05', 'usr_436');
INSERT INTO trabalho.comentarios_podcast_usuario VALUES ('comment_436_0_0', 'Eius illum molestias asperiores cum ad.', 'f1b92ce7-47a7-43cd-8586-4a09185cdd05', 'usr_436');
INSERT INTO trabalho.log_acesso VALUES ('log_436_0_0', 'f1b92ce7-47a7-43cd-8586-4a09185cdd05', 'usr_436');
INSERT INTO trabalho.log_acesso VALUES ('log_436_1_0', 'f1b92ce7-47a7-43cd-8586-4a09185cdd05', 'usr_436');
INSERT INTO trabalho.log_acesso VALUES ('log_436_2_0', 'f1b92ce7-47a7-43cd-8586-4a09185cdd05', 'usr_436');
INSERT INTO trabalho.log_acesso VALUES ('log_436_3_0', 'f1b92ce7-47a7-43cd-8586-4a09185cdd05', 'usr_436');
INSERT INTO trabalho.usuario_esta_inscrito_no_podcast VALUES (3, '168c1536-4c42-4b8f-8c77-f06affefec6a', 'usr_436');
INSERT INTO trabalho.comentarios_podcast_usuario VALUES ('comment_436_0_1', 'Recusandae et et vel pariatur sapiente perferendis est aut non.', '168c1536-4c42-4b8f-8c77-f06affefec6a', 'usr_436');
INSERT INTO trabalho.log_acesso VALUES ('log_436_0_1', '168c1536-4c42-4b8f-8c77-f06affefec6a', 'usr_436');
INSERT INTO trabalho.log_acesso VALUES ('log_436_1_1', '168c1536-4c42-4b8f-8c77-f06affefec6a', 'usr_436');
INSERT INTO trabalho.usuario_esta_inscrito_no_podcast VALUES (1, 'f8e13774-d631-4f34-93f0-2f5d55590265', 'usr_436');
INSERT INTO trabalho.comentarios_podcast_usuario VALUES ('comment_436_0_2', 'Ut fuga magni nihil quia et.', 'f8e13774-d631-4f34-93f0-2f5d55590265', 'usr_436');
INSERT INTO trabalho.comentarios_podcast_usuario VALUES ('comment_436_1_2', 'Vel eius eum iste numquam ea.', 'f8e13774-d631-4f34-93f0-2f5d55590265', 'usr_436');
INSERT INTO trabalho.comentarios_podcast_usuario VALUES ('comment_436_2_2', 'Et praesentium adipisci cupiditate qui fuga ducimus praesentium dolores illum.', 'f8e13774-d631-4f34-93f0-2f5d55590265', 'usr_436');
INSERT INTO trabalho.comentarios_podcast_usuario VALUES ('comment_436_3_2', 'Dolorem perferendis est tempora quas voluptates.', 'f8e13774-d631-4f34-93f0-2f5d55590265', 'usr_436');
INSERT INTO trabalho.log_acesso VALUES ('log_436_0_2', 'f8e13774-d631-4f34-93f0-2f5d55590265', 'usr_436');
INSERT INTO trabalho.log_acesso VALUES ('log_436_1_2', 'f8e13774-d631-4f34-93f0-2f5d55590265', 'usr_436');
INSERT INTO trabalho.log_acesso VALUES ('log_436_2_2', 'f8e13774-d631-4f34-93f0-2f5d55590265', 'usr_436');
INSERT INTO trabalho.log_acesso VALUES ('log_436_3_2', 'f8e13774-d631-4f34-93f0-2f5d55590265', 'usr_436');
INSERT INTO trabalho.usuario VALUES ('usr_437', '437_PedroHenrique45@hotmail.com', 'Pedro Henrique Carvalho', 'male', 49, 'password', 'Andorra');
INSERT INTO trabalho.usuario_esta_inscrito_no_podcast VALUES (2, 'f1b92ce7-47a7-43cd-8586-4a09185cdd05', 'usr_437');
INSERT INTO trabalho.comentarios_podcast_usuario VALUES ('comment_437_0_0', 'Ratione et aut quisquam optio voluptas.', 'f1b92ce7-47a7-43cd-8586-4a09185cdd05', 'usr_437');
INSERT INTO trabalho.comentarios_podcast_usuario VALUES ('comment_437_1_0', 'Minima provident nulla.', 'f1b92ce7-47a7-43cd-8586-4a09185cdd05', 'usr_437');
INSERT INTO trabalho.log_acesso VALUES ('log_437_0_0', 'f1b92ce7-47a7-43cd-8586-4a09185cdd05', 'usr_437');
INSERT INTO trabalho.log_acesso VALUES ('log_437_1_0', 'f1b92ce7-47a7-43cd-8586-4a09185cdd05', 'usr_437');
INSERT INTO trabalho.log_acesso VALUES ('log_437_2_0', 'f1b92ce7-47a7-43cd-8586-4a09185cdd05', 'usr_437');
INSERT INTO trabalho.log_acesso VALUES ('log_437_3_0', 'f1b92ce7-47a7-43cd-8586-4a09185cdd05', 'usr_437');
INSERT INTO trabalho.usuario_esta_inscrito_no_podcast VALUES (0, 'de2f0ddb-9903-436a-a5e2-54224254c818', 'usr_437');
INSERT INTO trabalho.comentarios_podcast_usuario VALUES ('comment_437_0_1', 'Aspernatur fugiat et ut hic quia commodi.', 'de2f0ddb-9903-436a-a5e2-54224254c818', 'usr_437');
INSERT INTO trabalho.comentarios_podcast_usuario VALUES ('comment_437_1_1', 'Laborum inventore dolor sed aliquid reiciendis corrupti libero dolorem dolor.', 'de2f0ddb-9903-436a-a5e2-54224254c818', 'usr_437');
INSERT INTO trabalho.log_acesso VALUES ('log_437_0_1', 'de2f0ddb-9903-436a-a5e2-54224254c818', 'usr_437');
INSERT INTO trabalho.log_acesso VALUES ('log_437_1_1', 'de2f0ddb-9903-436a-a5e2-54224254c818', 'usr_437');
INSERT INTO trabalho.log_acesso VALUES ('log_437_2_1', 'de2f0ddb-9903-436a-a5e2-54224254c818', 'usr_437');
INSERT INTO trabalho.usuario_esta_inscrito_no_podcast VALUES (5, '168c1536-4c42-4b8f-8c77-f06affefec6a', 'usr_437');
INSERT INTO trabalho.comentarios_podcast_usuario VALUES ('comment_437_0_2', 'At error adipisci quia sit.', '168c1536-4c42-4b8f-8c77-f06affefec6a', 'usr_437');
INSERT INTO trabalho.comentarios_podcast_usuario VALUES ('comment_437_1_2', 'Tempore consequatur quia.', '168c1536-4c42-4b8f-8c77-f06affefec6a', 'usr_437');
INSERT INTO trabalho.comentarios_podcast_usuario VALUES ('comment_437_2_2', 'Quo adipisci distinctio nesciunt nihil non sunt alias.', '168c1536-4c42-4b8f-8c77-f06affefec6a', 'usr_437');
INSERT INTO trabalho.comentarios_podcast_usuario VALUES ('comment_437_3_2', 'Eveniet aut eveniet provident animi et qui quae.', '168c1536-4c42-4b8f-8c77-f06affefec6a', 'usr_437');
INSERT INTO trabalho.log_acesso VALUES ('log_437_0_2', '168c1536-4c42-4b8f-8c77-f06affefec6a', 'usr_437');
INSERT INTO trabalho.log_acesso VALUES ('log_437_1_2', '168c1536-4c42-4b8f-8c77-f06affefec6a', 'usr_437');
INSERT INTO trabalho.log_acesso VALUES ('log_437_2_2', '168c1536-4c42-4b8f-8c77-f06affefec6a', 'usr_437');
INSERT INTO trabalho.log_acesso VALUES ('log_437_3_2', '168c1536-4c42-4b8f-8c77-f06affefec6a', 'usr_437');
INSERT INTO trabalho.log_acesso VALUES ('log_437_4_2', '168c1536-4c42-4b8f-8c77-f06affefec6a', 'usr_437');
INSERT INTO trabalho.usuario VALUES ('usr_438', '438_Fabrcio_Franco61@hotmail.com', 'Fabrício Franco', 'male', 17, 'password', 'Espanha');
INSERT INTO trabalho.usuario_esta_inscrito_no_podcast VALUES (3, 'f8e13774-d631-4f34-93f0-2f5d55590265', 'usr_438');
INSERT INTO trabalho.comentarios_podcast_usuario VALUES ('comment_438_0_0', 'Eum ullam ad vitae dolores iste est officiis qui ipsa.', 'f8e13774-d631-4f34-93f0-2f5d55590265', 'usr_438');
INSERT INTO trabalho.comentarios_podcast_usuario VALUES ('comment_438_1_0', 'Aut dicta officiis et.', 'f8e13774-d631-4f34-93f0-2f5d55590265', 'usr_438');
INSERT INTO trabalho.comentarios_podcast_usuario VALUES ('comment_438_2_0', 'Iure quo voluptatem quia.', 'f8e13774-d631-4f34-93f0-2f5d55590265', 'usr_438');
INSERT INTO trabalho.comentarios_podcast_usuario VALUES ('comment_438_3_0', 'Ea reprehenderit occaecati.', 'f8e13774-d631-4f34-93f0-2f5d55590265', 'usr_438');
INSERT INTO trabalho.log_acesso VALUES ('log_438_0_0', 'f8e13774-d631-4f34-93f0-2f5d55590265', 'usr_438');
INSERT INTO trabalho.log_acesso VALUES ('log_438_1_0', 'f8e13774-d631-4f34-93f0-2f5d55590265', 'usr_438');
INSERT INTO trabalho.log_acesso VALUES ('log_438_2_0', 'f8e13774-d631-4f34-93f0-2f5d55590265', 'usr_438');
INSERT INTO trabalho.usuario_esta_inscrito_no_podcast VALUES (4, 'bc8dac25-793c-4a96-aafc-4ea7020f4f60', 'usr_438');
INSERT INTO trabalho.comentarios_podcast_usuario VALUES ('comment_438_0_1', 'Voluptatem eaque recusandae reprehenderit.', 'bc8dac25-793c-4a96-aafc-4ea7020f4f60', 'usr_438');
INSERT INTO trabalho.comentarios_podcast_usuario VALUES ('comment_438_1_1', 'Similique dolores distinctio quis.', 'bc8dac25-793c-4a96-aafc-4ea7020f4f60', 'usr_438');
INSERT INTO trabalho.comentarios_podcast_usuario VALUES ('comment_438_2_1', 'Eos saepe est.', 'bc8dac25-793c-4a96-aafc-4ea7020f4f60', 'usr_438');
INSERT INTO trabalho.comentarios_podcast_usuario VALUES ('comment_438_3_1', 'Maiores sunt omnis aut sequi.', 'bc8dac25-793c-4a96-aafc-4ea7020f4f60', 'usr_438');
INSERT INTO trabalho.comentarios_podcast_usuario VALUES ('comment_438_4_1', 'Labore aut et minus cum repellat et quae dolor.', 'bc8dac25-793c-4a96-aafc-4ea7020f4f60', 'usr_438');
INSERT INTO trabalho.log_acesso VALUES ('log_438_0_1', 'bc8dac25-793c-4a96-aafc-4ea7020f4f60', 'usr_438');
INSERT INTO trabalho.log_acesso VALUES ('log_438_1_1', 'bc8dac25-793c-4a96-aafc-4ea7020f4f60', 'usr_438');
INSERT INTO trabalho.log_acesso VALUES ('log_438_2_1', 'bc8dac25-793c-4a96-aafc-4ea7020f4f60', 'usr_438');
INSERT INTO trabalho.usuario_esta_inscrito_no_podcast VALUES (1, '5bdf7377-8330-4f9f-8efd-e95301c122ce', 'usr_438');
INSERT INTO trabalho.comentarios_podcast_usuario VALUES ('comment_438_0_2', 'Adipisci architecto quia molestias.', '5bdf7377-8330-4f9f-8efd-e95301c122ce', 'usr_438');
INSERT INTO trabalho.comentarios_podcast_usuario VALUES ('comment_438_1_2', 'Unde consequatur quibusdam est voluptatem rerum itaque.', '5bdf7377-8330-4f9f-8efd-e95301c122ce', 'usr_438');
INSERT INTO trabalho.log_acesso VALUES ('log_438_0_2', '5bdf7377-8330-4f9f-8efd-e95301c122ce', 'usr_438');
INSERT INTO trabalho.log_acesso VALUES ('log_438_1_2', '5bdf7377-8330-4f9f-8efd-e95301c122ce', 'usr_438');
INSERT INTO trabalho.usuario VALUES ('usr_439', '439_EnzoGabriel83@gmail.com', 'Enzo Gabriel Batista', 'male', 58, 'password', 'Lituânia');
INSERT INTO trabalho.usuario_esta_inscrito_no_podcast VALUES (2, '7e429e8e-7669-403d-bb78-3cd7f9f75afd', 'usr_439');
INSERT INTO trabalho.comentarios_podcast_usuario VALUES ('comment_439_0_0', 'Quia sequi totam.', '7e429e8e-7669-403d-bb78-3cd7f9f75afd', 'usr_439');
INSERT INTO trabalho.comentarios_podcast_usuario VALUES ('comment_439_1_0', 'Sed aperiam ab animi repellat.', '7e429e8e-7669-403d-bb78-3cd7f9f75afd', 'usr_439');
INSERT INTO trabalho.comentarios_podcast_usuario VALUES ('comment_439_2_0', 'Provident sed sed voluptatibus.', '7e429e8e-7669-403d-bb78-3cd7f9f75afd', 'usr_439');
INSERT INTO trabalho.comentarios_podcast_usuario VALUES ('comment_439_3_0', 'Pariatur illo et.', '7e429e8e-7669-403d-bb78-3cd7f9f75afd', 'usr_439');
INSERT INTO trabalho.log_acesso VALUES ('log_439_0_0', '7e429e8e-7669-403d-bb78-3cd7f9f75afd', 'usr_439');
INSERT INTO trabalho.log_acesso VALUES ('log_439_1_0', '7e429e8e-7669-403d-bb78-3cd7f9f75afd', 'usr_439');
INSERT INTO trabalho.usuario_esta_inscrito_no_podcast VALUES (5, 'af46a958-b921-47b6-9f87-5c4fdc68ea79', 'usr_439');
INSERT INTO trabalho.comentarios_podcast_usuario VALUES ('comment_439_0_1', 'Quo quas iste.', 'af46a958-b921-47b6-9f87-5c4fdc68ea79', 'usr_439');
INSERT INTO trabalho.comentarios_podcast_usuario VALUES ('comment_439_1_1', 'Molestiae quia consectetur iste veritatis alias expedita.', 'af46a958-b921-47b6-9f87-5c4fdc68ea79', 'usr_439');
INSERT INTO trabalho.log_acesso VALUES ('log_439_0_1', 'af46a958-b921-47b6-9f87-5c4fdc68ea79', 'usr_439');
INSERT INTO trabalho.log_acesso VALUES ('log_439_1_1', 'af46a958-b921-47b6-9f87-5c4fdc68ea79', 'usr_439');
INSERT INTO trabalho.log_acesso VALUES ('log_439_2_1', 'af46a958-b921-47b6-9f87-5c4fdc68ea79', 'usr_439');
INSERT INTO trabalho.log_acesso VALUES ('log_439_3_1', 'af46a958-b921-47b6-9f87-5c4fdc68ea79', 'usr_439');
INSERT INTO trabalho.usuario_esta_inscrito_no_podcast VALUES (1, 'b553d865-8fe2-47de-9a30-10e1dea3bd1d', 'usr_439');
INSERT INTO trabalho.comentarios_podcast_usuario VALUES ('comment_439_0_2', 'Odio reprehenderit quasi perspiciatis optio voluptas velit illo non.', 'b553d865-8fe2-47de-9a30-10e1dea3bd1d', 'usr_439');
INSERT INTO trabalho.log_acesso VALUES ('log_439_0_2', 'b553d865-8fe2-47de-9a30-10e1dea3bd1d', 'usr_439');
INSERT INTO trabalho.log_acesso VALUES ('log_439_1_2', 'b553d865-8fe2-47de-9a30-10e1dea3bd1d', 'usr_439');
INSERT INTO trabalho.log_acesso VALUES ('log_439_2_2', 'b553d865-8fe2-47de-9a30-10e1dea3bd1d', 'usr_439');
INSERT INTO trabalho.usuario VALUES ('usr_440', '440_Lucca_Moreira25@bol.com.br', 'Lucca Moreira', 'male', 36, 'password', 'Macao');
INSERT INTO trabalho.usuario_esta_inscrito_no_podcast VALUES (1, 'f1b92ce7-47a7-43cd-8586-4a09185cdd05', 'usr_440');
INSERT INTO trabalho.comentarios_podcast_usuario VALUES ('comment_440_0_0', 'Itaque facilis dolores fugiat.', 'f1b92ce7-47a7-43cd-8586-4a09185cdd05', 'usr_440');
INSERT INTO trabalho.comentarios_podcast_usuario VALUES ('comment_440_1_0', 'Consequuntur non reprehenderit voluptatibus.', 'f1b92ce7-47a7-43cd-8586-4a09185cdd05', 'usr_440');
INSERT INTO trabalho.log_acesso VALUES ('log_440_0_0', 'f1b92ce7-47a7-43cd-8586-4a09185cdd05', 'usr_440');
INSERT INTO trabalho.log_acesso VALUES ('log_440_1_0', 'f1b92ce7-47a7-43cd-8586-4a09185cdd05', 'usr_440');
INSERT INTO trabalho.log_acesso VALUES ('log_440_2_0', 'f1b92ce7-47a7-43cd-8586-4a09185cdd05', 'usr_440');
INSERT INTO trabalho.log_acesso VALUES ('log_440_3_0', 'f1b92ce7-47a7-43cd-8586-4a09185cdd05', 'usr_440');
INSERT INTO trabalho.usuario_esta_inscrito_no_podcast VALUES (0, 'af46a958-b921-47b6-9f87-5c4fdc68ea79', 'usr_440');
INSERT INTO trabalho.comentarios_podcast_usuario VALUES ('comment_440_0_1', 'Perspiciatis est quibusdam ipsam eos exercitationem et et.', 'af46a958-b921-47b6-9f87-5c4fdc68ea79', 'usr_440');
INSERT INTO trabalho.comentarios_podcast_usuario VALUES ('comment_440_1_1', 'Cupiditate aut consequatur non atque.', 'af46a958-b921-47b6-9f87-5c4fdc68ea79', 'usr_440');
INSERT INTO trabalho.comentarios_podcast_usuario VALUES ('comment_440_2_1', 'Ut illo nihil aliquid blanditiis magnam aperiam.', 'af46a958-b921-47b6-9f87-5c4fdc68ea79', 'usr_440');
INSERT INTO trabalho.log_acesso VALUES ('log_440_0_1', 'af46a958-b921-47b6-9f87-5c4fdc68ea79', 'usr_440');
INSERT INTO trabalho.log_acesso VALUES ('log_440_1_1', 'af46a958-b921-47b6-9f87-5c4fdc68ea79', 'usr_440');
INSERT INTO trabalho.usuario_esta_inscrito_no_podcast VALUES (0, '7e429e8e-7669-403d-bb78-3cd7f9f75afd', 'usr_440');
INSERT INTO trabalho.comentarios_podcast_usuario VALUES ('comment_440_0_2', 'Non delectus quam temporibus autem quod asperiores sint qui.', '7e429e8e-7669-403d-bb78-3cd7f9f75afd', 'usr_440');
INSERT INTO trabalho.log_acesso VALUES ('log_440_0_2', '7e429e8e-7669-403d-bb78-3cd7f9f75afd', 'usr_440');
INSERT INTO trabalho.log_acesso VALUES ('log_440_1_2', '7e429e8e-7669-403d-bb78-3cd7f9f75afd', 'usr_440');
INSERT INTO trabalho.usuario VALUES ('usr_441', '441_Leonardo_Silva75@hotmail.com', 'Leonardo Silva', 'male', 7, 'password', 'Islândia');
INSERT INTO trabalho.usuario_esta_inscrito_no_podcast VALUES (3, 'fa3abe16-3645-4d22-a01d-893e6f20c408', 'usr_441');
INSERT INTO trabalho.comentarios_podcast_usuario VALUES ('comment_441_0_0', 'Voluptatem consequatur vitae impedit sed aut eos non consectetur impedit.', 'fa3abe16-3645-4d22-a01d-893e6f20c408', 'usr_441');
INSERT INTO trabalho.comentarios_podcast_usuario VALUES ('comment_441_1_0', 'Voluptas beatae est.', 'fa3abe16-3645-4d22-a01d-893e6f20c408', 'usr_441');
INSERT INTO trabalho.comentarios_podcast_usuario VALUES ('comment_441_2_0', 'Nesciunt vel omnis est et suscipit minima.', 'fa3abe16-3645-4d22-a01d-893e6f20c408', 'usr_441');
INSERT INTO trabalho.comentarios_podcast_usuario VALUES ('comment_441_3_0', 'Officia iusto soluta.', 'fa3abe16-3645-4d22-a01d-893e6f20c408', 'usr_441');
INSERT INTO trabalho.comentarios_podcast_usuario VALUES ('comment_441_4_0', 'Recusandae eos est velit quod.', 'fa3abe16-3645-4d22-a01d-893e6f20c408', 'usr_441');
INSERT INTO trabalho.log_acesso VALUES ('log_441_0_0', 'fa3abe16-3645-4d22-a01d-893e6f20c408', 'usr_441');
INSERT INTO trabalho.log_acesso VALUES ('log_441_1_0', 'fa3abe16-3645-4d22-a01d-893e6f20c408', 'usr_441');
INSERT INTO trabalho.log_acesso VALUES ('log_441_2_0', 'fa3abe16-3645-4d22-a01d-893e6f20c408', 'usr_441');
INSERT INTO trabalho.log_acesso VALUES ('log_441_3_0', 'fa3abe16-3645-4d22-a01d-893e6f20c408', 'usr_441');
INSERT INTO trabalho.log_acesso VALUES ('log_441_4_0', 'fa3abe16-3645-4d22-a01d-893e6f20c408', 'usr_441');
INSERT INTO trabalho.log_acesso VALUES ('log_441_5_0', 'fa3abe16-3645-4d22-a01d-893e6f20c408', 'usr_441');
INSERT INTO trabalho.log_acesso VALUES ('log_441_6_0', 'fa3abe16-3645-4d22-a01d-893e6f20c408', 'usr_441');
INSERT INTO trabalho.usuario_esta_inscrito_no_podcast VALUES (0, '168c1536-4c42-4b8f-8c77-f06affefec6a', 'usr_441');
INSERT INTO trabalho.comentarios_podcast_usuario VALUES ('comment_441_0_1', 'Vel et et voluptas maiores dolores.', '168c1536-4c42-4b8f-8c77-f06affefec6a', 'usr_441');
INSERT INTO trabalho.log_acesso VALUES ('log_441_0_1', '168c1536-4c42-4b8f-8c77-f06affefec6a', 'usr_441');
INSERT INTO trabalho.usuario_esta_inscrito_no_podcast VALUES (1, 'f1b92ce7-47a7-43cd-8586-4a09185cdd05', 'usr_441');
INSERT INTO trabalho.comentarios_podcast_usuario VALUES ('comment_441_0_2', 'Fugit doloribus et asperiores corporis vel temporibus quis ad animi.', 'f1b92ce7-47a7-43cd-8586-4a09185cdd05', 'usr_441');
INSERT INTO trabalho.log_acesso VALUES ('log_441_0_2', 'f1b92ce7-47a7-43cd-8586-4a09185cdd05', 'usr_441');
INSERT INTO trabalho.log_acesso VALUES ('log_441_1_2', 'f1b92ce7-47a7-43cd-8586-4a09185cdd05', 'usr_441');
INSERT INTO trabalho.usuario VALUES ('usr_442', '442_Miguel28@hotmail.com', 'Miguel Braga', 'male', 5, 'password', 'Sérvia');
INSERT INTO trabalho.usuario_esta_inscrito_no_podcast VALUES (1, '67074e68-bc2f-442b-8af2-7d328b6af6eb', 'usr_442');
INSERT INTO trabalho.comentarios_podcast_usuario VALUES ('comment_442_0_0', 'Praesentium maxime incidunt ex quod et excepturi dolor blanditiis nisi.', '67074e68-bc2f-442b-8af2-7d328b6af6eb', 'usr_442');
INSERT INTO trabalho.log_acesso VALUES ('log_442_0_0', '67074e68-bc2f-442b-8af2-7d328b6af6eb', 'usr_442');
INSERT INTO trabalho.log_acesso VALUES ('log_442_1_0', '67074e68-bc2f-442b-8af2-7d328b6af6eb', 'usr_442');
INSERT INTO trabalho.usuario_esta_inscrito_no_podcast VALUES (3, 'fa3abe16-3645-4d22-a01d-893e6f20c408', 'usr_442');
INSERT INTO trabalho.comentarios_podcast_usuario VALUES ('comment_442_0_1', 'Blanditiis nisi tempora enim corrupti eos.', 'fa3abe16-3645-4d22-a01d-893e6f20c408', 'usr_442');
INSERT INTO trabalho.comentarios_podcast_usuario VALUES ('comment_442_1_1', 'Laudantium corporis quia doloribus nemo voluptatem deleniti dolor.', 'fa3abe16-3645-4d22-a01d-893e6f20c408', 'usr_442');
INSERT INTO trabalho.comentarios_podcast_usuario VALUES ('comment_442_2_1', 'Velit facere totam ea placeat est repellendus illo sit doloremque.', 'fa3abe16-3645-4d22-a01d-893e6f20c408', 'usr_442');
INSERT INTO trabalho.comentarios_podcast_usuario VALUES ('comment_442_3_1', 'Amet rerum hic architecto voluptatem exercitationem eligendi rerum fuga.', 'fa3abe16-3645-4d22-a01d-893e6f20c408', 'usr_442');
INSERT INTO trabalho.log_acesso VALUES ('log_442_0_1', 'fa3abe16-3645-4d22-a01d-893e6f20c408', 'usr_442');
INSERT INTO trabalho.log_acesso VALUES ('log_442_1_1', 'fa3abe16-3645-4d22-a01d-893e6f20c408', 'usr_442');
INSERT INTO trabalho.log_acesso VALUES ('log_442_2_1', 'fa3abe16-3645-4d22-a01d-893e6f20c408', 'usr_442');
INSERT INTO trabalho.log_acesso VALUES ('log_442_3_1', 'fa3abe16-3645-4d22-a01d-893e6f20c408', 'usr_442');
INSERT INTO trabalho.log_acesso VALUES ('log_442_4_1', 'fa3abe16-3645-4d22-a01d-893e6f20c408', 'usr_442');
INSERT INTO trabalho.log_acesso VALUES ('log_442_5_1', 'fa3abe16-3645-4d22-a01d-893e6f20c408', 'usr_442');
INSERT INTO trabalho.usuario_esta_inscrito_no_podcast VALUES (1, '7e429e8e-7669-403d-bb78-3cd7f9f75afd', 'usr_442');
INSERT INTO trabalho.comentarios_podcast_usuario VALUES ('comment_442_0_2', 'Quis facilis magnam quia magni dicta hic voluptas et.', '7e429e8e-7669-403d-bb78-3cd7f9f75afd', 'usr_442');
INSERT INTO trabalho.comentarios_podcast_usuario VALUES ('comment_442_1_2', 'Velit accusamus nulla eius voluptas temporibus.', '7e429e8e-7669-403d-bb78-3cd7f9f75afd', 'usr_442');
INSERT INTO trabalho.comentarios_podcast_usuario VALUES ('comment_442_2_2', 'Eos officia quis enim.', '7e429e8e-7669-403d-bb78-3cd7f9f75afd', 'usr_442');
INSERT INTO trabalho.log_acesso VALUES ('log_442_0_2', '7e429e8e-7669-403d-bb78-3cd7f9f75afd', 'usr_442');
INSERT INTO trabalho.usuario VALUES ('usr_443', '443_Felcia.Macedo19@live.com', 'Felícia Macedo', 'female', 35, 'password', 'Omã');
INSERT INTO trabalho.usuario_esta_inscrito_no_podcast VALUES (0, 'f0166bd2-8e4d-4308-b5d7-0b3d627c5dc5', 'usr_443');
INSERT INTO trabalho.comentarios_podcast_usuario VALUES ('comment_443_0_0', 'Incidunt dolor iure ut voluptas.', 'f0166bd2-8e4d-4308-b5d7-0b3d627c5dc5', 'usr_443');
INSERT INTO trabalho.comentarios_podcast_usuario VALUES ('comment_443_1_0', 'At dicta veritatis et eum tenetur minima odit iusto cumque.', 'f0166bd2-8e4d-4308-b5d7-0b3d627c5dc5', 'usr_443');
INSERT INTO trabalho.comentarios_podcast_usuario VALUES ('comment_443_2_0', 'Est odio et dolor aut rerum ea tempore voluptates.', 'f0166bd2-8e4d-4308-b5d7-0b3d627c5dc5', 'usr_443');
INSERT INTO trabalho.log_acesso VALUES ('log_443_0_0', 'f0166bd2-8e4d-4308-b5d7-0b3d627c5dc5', 'usr_443');
INSERT INTO trabalho.log_acesso VALUES ('log_443_1_0', 'f0166bd2-8e4d-4308-b5d7-0b3d627c5dc5', 'usr_443');
INSERT INTO trabalho.log_acesso VALUES ('log_443_2_0', 'f0166bd2-8e4d-4308-b5d7-0b3d627c5dc5', 'usr_443');
INSERT INTO trabalho.log_acesso VALUES ('log_443_3_0', 'f0166bd2-8e4d-4308-b5d7-0b3d627c5dc5', 'usr_443');
INSERT INTO trabalho.usuario_esta_inscrito_no_podcast VALUES (5, '168c1536-4c42-4b8f-8c77-f06affefec6a', 'usr_443');
INSERT INTO trabalho.comentarios_podcast_usuario VALUES ('comment_443_0_1', 'Ad harum tempore impedit ipsa sequi.', '168c1536-4c42-4b8f-8c77-f06affefec6a', 'usr_443');
INSERT INTO trabalho.comentarios_podcast_usuario VALUES ('comment_443_1_1', 'Aut quos sed ratione suscipit est id corporis animi praesentium.', '168c1536-4c42-4b8f-8c77-f06affefec6a', 'usr_443');
INSERT INTO trabalho.comentarios_podcast_usuario VALUES ('comment_443_2_1', 'Placeat beatae et error vero.', '168c1536-4c42-4b8f-8c77-f06affefec6a', 'usr_443');
INSERT INTO trabalho.comentarios_podcast_usuario VALUES ('comment_443_3_1', 'Quod veniam et quae.', '168c1536-4c42-4b8f-8c77-f06affefec6a', 'usr_443');
INSERT INTO trabalho.log_acesso VALUES ('log_443_0_1', '168c1536-4c42-4b8f-8c77-f06affefec6a', 'usr_443');
INSERT INTO trabalho.log_acesso VALUES ('log_443_1_1', '168c1536-4c42-4b8f-8c77-f06affefec6a', 'usr_443');
INSERT INTO trabalho.log_acesso VALUES ('log_443_2_1', '168c1536-4c42-4b8f-8c77-f06affefec6a', 'usr_443');
INSERT INTO trabalho.log_acesso VALUES ('log_443_3_1', '168c1536-4c42-4b8f-8c77-f06affefec6a', 'usr_443');
INSERT INTO trabalho.log_acesso VALUES ('log_443_4_1', '168c1536-4c42-4b8f-8c77-f06affefec6a', 'usr_443');
INSERT INTO trabalho.log_acesso VALUES ('log_443_5_1', '168c1536-4c42-4b8f-8c77-f06affefec6a', 'usr_443');
INSERT INTO trabalho.usuario_esta_inscrito_no_podcast VALUES (0, 'f8e13774-d631-4f34-93f0-2f5d55590265', 'usr_443');
INSERT INTO trabalho.comentarios_podcast_usuario VALUES ('comment_443_0_2', 'Earum maiores vel et quidem eos tempore et.', 'f8e13774-d631-4f34-93f0-2f5d55590265', 'usr_443');
INSERT INTO trabalho.log_acesso VALUES ('log_443_0_2', 'f8e13774-d631-4f34-93f0-2f5d55590265', 'usr_443');
INSERT INTO trabalho.log_acesso VALUES ('log_443_1_2', 'f8e13774-d631-4f34-93f0-2f5d55590265', 'usr_443');
INSERT INTO trabalho.log_acesso VALUES ('log_443_2_2', 'f8e13774-d631-4f34-93f0-2f5d55590265', 'usr_443');
INSERT INTO trabalho.log_acesso VALUES ('log_443_3_2', 'f8e13774-d631-4f34-93f0-2f5d55590265', 'usr_443');
INSERT INTO trabalho.log_acesso VALUES ('log_443_4_2', 'f8e13774-d631-4f34-93f0-2f5d55590265', 'usr_443');
INSERT INTO trabalho.log_acesso VALUES ('log_443_5_2', 'f8e13774-d631-4f34-93f0-2f5d55590265', 'usr_443');
INSERT INTO trabalho.usuario VALUES ('usr_444', '444_Manuela56@gmail.com', 'Manuela Macedo', 'female', 34, 'password', 'Granada');
INSERT INTO trabalho.usuario_esta_inscrito_no_podcast VALUES (3, 'b553d865-8fe2-47de-9a30-10e1dea3bd1d', 'usr_444');
INSERT INTO trabalho.comentarios_podcast_usuario VALUES ('comment_444_0_0', 'Aut cumque dolores ea recusandae.', 'b553d865-8fe2-47de-9a30-10e1dea3bd1d', 'usr_444');
INSERT INTO trabalho.comentarios_podcast_usuario VALUES ('comment_444_1_0', 'Ipsa quia deleniti quos vitae sunt nam.', 'b553d865-8fe2-47de-9a30-10e1dea3bd1d', 'usr_444');
INSERT INTO trabalho.comentarios_podcast_usuario VALUES ('comment_444_2_0', 'Numquam dolores quidem deleniti aliquid occaecati earum.', 'b553d865-8fe2-47de-9a30-10e1dea3bd1d', 'usr_444');
INSERT INTO trabalho.log_acesso VALUES ('log_444_0_0', 'b553d865-8fe2-47de-9a30-10e1dea3bd1d', 'usr_444');
INSERT INTO trabalho.log_acesso VALUES ('log_444_1_0', 'b553d865-8fe2-47de-9a30-10e1dea3bd1d', 'usr_444');
INSERT INTO trabalho.log_acesso VALUES ('log_444_2_0', 'b553d865-8fe2-47de-9a30-10e1dea3bd1d', 'usr_444');
INSERT INTO trabalho.log_acesso VALUES ('log_444_3_0', 'b553d865-8fe2-47de-9a30-10e1dea3bd1d', 'usr_444');
INSERT INTO trabalho.usuario_esta_inscrito_no_podcast VALUES (0, 'c58b280a-56d4-4ad8-8c85-730e4ea86361', 'usr_444');
INSERT INTO trabalho.comentarios_podcast_usuario VALUES ('comment_444_0_1', 'Debitis vero est dicta ut rem sed est autem.', 'c58b280a-56d4-4ad8-8c85-730e4ea86361', 'usr_444');
INSERT INTO trabalho.comentarios_podcast_usuario VALUES ('comment_444_1_1', 'Cum cumque recusandae illum facere sed vel.', 'c58b280a-56d4-4ad8-8c85-730e4ea86361', 'usr_444');
INSERT INTO trabalho.log_acesso VALUES ('log_444_0_1', 'c58b280a-56d4-4ad8-8c85-730e4ea86361', 'usr_444');
INSERT INTO trabalho.log_acesso VALUES ('log_444_1_1', 'c58b280a-56d4-4ad8-8c85-730e4ea86361', 'usr_444');
INSERT INTO trabalho.log_acesso VALUES ('log_444_2_1', 'c58b280a-56d4-4ad8-8c85-730e4ea86361', 'usr_444');
INSERT INTO trabalho.log_acesso VALUES ('log_444_3_1', 'c58b280a-56d4-4ad8-8c85-730e4ea86361', 'usr_444');
INSERT INTO trabalho.log_acesso VALUES ('log_444_4_1', 'c58b280a-56d4-4ad8-8c85-730e4ea86361', 'usr_444');
INSERT INTO trabalho.usuario_esta_inscrito_no_podcast VALUES (3, 'de2f0ddb-9903-436a-a5e2-54224254c818', 'usr_444');
INSERT INTO trabalho.comentarios_podcast_usuario VALUES ('comment_444_0_2', 'Esse ut ipsa.', 'de2f0ddb-9903-436a-a5e2-54224254c818', 'usr_444');
INSERT INTO trabalho.comentarios_podcast_usuario VALUES ('comment_444_1_2', 'Facilis et dicta sint dolore alias corporis et doloribus quia.', 'de2f0ddb-9903-436a-a5e2-54224254c818', 'usr_444');
INSERT INTO trabalho.comentarios_podcast_usuario VALUES ('comment_444_2_2', 'Dolores est minima quam.', 'de2f0ddb-9903-436a-a5e2-54224254c818', 'usr_444');
INSERT INTO trabalho.comentarios_podcast_usuario VALUES ('comment_444_3_2', 'Neque voluptas quas.', 'de2f0ddb-9903-436a-a5e2-54224254c818', 'usr_444');
INSERT INTO trabalho.log_acesso VALUES ('log_444_0_2', 'de2f0ddb-9903-436a-a5e2-54224254c818', 'usr_444');
INSERT INTO trabalho.log_acesso VALUES ('log_444_1_2', 'de2f0ddb-9903-436a-a5e2-54224254c818', 'usr_444');
INSERT INTO trabalho.usuario VALUES ('usr_445', '445_Antnio.Reis@yahoo.com', 'Antônio Reis', 'male', 48, 'password', 'Maldives');
INSERT INTO trabalho.usuario_esta_inscrito_no_podcast VALUES (5, '5bdf7377-8330-4f9f-8efd-e95301c122ce', 'usr_445');
INSERT INTO trabalho.comentarios_podcast_usuario VALUES ('comment_445_0_0', 'Dignissimos et incidunt ut at tempore nihil dolorum et.', '5bdf7377-8330-4f9f-8efd-e95301c122ce', 'usr_445');
INSERT INTO trabalho.comentarios_podcast_usuario VALUES ('comment_445_1_0', 'Occaecati ut enim eius corrupti quis nobis est temporibus vero.', '5bdf7377-8330-4f9f-8efd-e95301c122ce', 'usr_445');
INSERT INTO trabalho.comentarios_podcast_usuario VALUES ('comment_445_2_0', 'Illo rerum ea illum aut iste ipsum sit ipsum.', '5bdf7377-8330-4f9f-8efd-e95301c122ce', 'usr_445');
INSERT INTO trabalho.comentarios_podcast_usuario VALUES ('comment_445_3_0', 'Dolor quis cupiditate ipsa eaque saepe eaque deleniti quo.', '5bdf7377-8330-4f9f-8efd-e95301c122ce', 'usr_445');
INSERT INTO trabalho.comentarios_podcast_usuario VALUES ('comment_445_4_0', 'Unde architecto ut ut nisi.', '5bdf7377-8330-4f9f-8efd-e95301c122ce', 'usr_445');
INSERT INTO trabalho.log_acesso VALUES ('log_445_0_0', '5bdf7377-8330-4f9f-8efd-e95301c122ce', 'usr_445');
INSERT INTO trabalho.log_acesso VALUES ('log_445_1_0', '5bdf7377-8330-4f9f-8efd-e95301c122ce', 'usr_445');
INSERT INTO trabalho.log_acesso VALUES ('log_445_2_0', '5bdf7377-8330-4f9f-8efd-e95301c122ce', 'usr_445');
INSERT INTO trabalho.log_acesso VALUES ('log_445_3_0', '5bdf7377-8330-4f9f-8efd-e95301c122ce', 'usr_445');
INSERT INTO trabalho.log_acesso VALUES ('log_445_4_0', '5bdf7377-8330-4f9f-8efd-e95301c122ce', 'usr_445');
INSERT INTO trabalho.log_acesso VALUES ('log_445_5_0', '5bdf7377-8330-4f9f-8efd-e95301c122ce', 'usr_445');
INSERT INTO trabalho.usuario_esta_inscrito_no_podcast VALUES (3, 'f1b92ce7-47a7-43cd-8586-4a09185cdd05', 'usr_445');
INSERT INTO trabalho.comentarios_podcast_usuario VALUES ('comment_445_0_1', 'Rerum voluptatem quaerat consequuntur adipisci non.', 'f1b92ce7-47a7-43cd-8586-4a09185cdd05', 'usr_445');
INSERT INTO trabalho.comentarios_podcast_usuario VALUES ('comment_445_1_1', 'Ut omnis velit.', 'f1b92ce7-47a7-43cd-8586-4a09185cdd05', 'usr_445');
INSERT INTO trabalho.log_acesso VALUES ('log_445_0_1', 'f1b92ce7-47a7-43cd-8586-4a09185cdd05', 'usr_445');
INSERT INTO trabalho.log_acesso VALUES ('log_445_1_1', 'f1b92ce7-47a7-43cd-8586-4a09185cdd05', 'usr_445');
INSERT INTO trabalho.log_acesso VALUES ('log_445_2_1', 'f1b92ce7-47a7-43cd-8586-4a09185cdd05', 'usr_445');
INSERT INTO trabalho.log_acesso VALUES ('log_445_3_1', 'f1b92ce7-47a7-43cd-8586-4a09185cdd05', 'usr_445');
INSERT INTO trabalho.usuario_esta_inscrito_no_podcast VALUES (3, 'fa3abe16-3645-4d22-a01d-893e6f20c408', 'usr_445');
INSERT INTO trabalho.comentarios_podcast_usuario VALUES ('comment_445_0_2', 'Tenetur et a consectetur molestiae accusamus id esse doloribus.', 'fa3abe16-3645-4d22-a01d-893e6f20c408', 'usr_445');
INSERT INTO trabalho.comentarios_podcast_usuario VALUES ('comment_445_1_2', 'Asperiores quo ipsam sunt a ut aut laboriosam.', 'fa3abe16-3645-4d22-a01d-893e6f20c408', 'usr_445');
INSERT INTO trabalho.comentarios_podcast_usuario VALUES ('comment_445_2_2', 'Eos eos nam et corrupti dolore cumque beatae.', 'fa3abe16-3645-4d22-a01d-893e6f20c408', 'usr_445');
INSERT INTO trabalho.log_acesso VALUES ('log_445_0_2', 'fa3abe16-3645-4d22-a01d-893e6f20c408', 'usr_445');
INSERT INTO trabalho.log_acesso VALUES ('log_445_1_2', 'fa3abe16-3645-4d22-a01d-893e6f20c408', 'usr_445');
INSERT INTO trabalho.usuario VALUES ('usr_446', '446_PedroHenrique88@bol.com.br', 'Pedro Henrique Pereira', 'male', 16, 'password', 'Marrocos');
INSERT INTO trabalho.usuario_esta_inscrito_no_podcast VALUES (2, 'f0166bd2-8e4d-4308-b5d7-0b3d627c5dc5', 'usr_446');
INSERT INTO trabalho.comentarios_podcast_usuario VALUES ('comment_446_0_0', 'Et nesciunt incidunt quidem.', 'f0166bd2-8e4d-4308-b5d7-0b3d627c5dc5', 'usr_446');
INSERT INTO trabalho.comentarios_podcast_usuario VALUES ('comment_446_1_0', 'Rerum possimus quia aut aut beatae.', 'f0166bd2-8e4d-4308-b5d7-0b3d627c5dc5', 'usr_446');
INSERT INTO trabalho.comentarios_podcast_usuario VALUES ('comment_446_2_0', 'Rerum cumque veritatis quia molestias dicta consequatur pariatur est.', 'f0166bd2-8e4d-4308-b5d7-0b3d627c5dc5', 'usr_446');
INSERT INTO trabalho.comentarios_podcast_usuario VALUES ('comment_446_3_0', 'Aut et incidunt optio iusto totam id iusto.', 'f0166bd2-8e4d-4308-b5d7-0b3d627c5dc5', 'usr_446');
INSERT INTO trabalho.log_acesso VALUES ('log_446_0_0', 'f0166bd2-8e4d-4308-b5d7-0b3d627c5dc5', 'usr_446');
INSERT INTO trabalho.log_acesso VALUES ('log_446_1_0', 'f0166bd2-8e4d-4308-b5d7-0b3d627c5dc5', 'usr_446');
INSERT INTO trabalho.log_acesso VALUES ('log_446_2_0', 'f0166bd2-8e4d-4308-b5d7-0b3d627c5dc5', 'usr_446');
INSERT INTO trabalho.usuario_esta_inscrito_no_podcast VALUES (0, 'bc8dac25-793c-4a96-aafc-4ea7020f4f60', 'usr_446');
INSERT INTO trabalho.comentarios_podcast_usuario VALUES ('comment_446_0_1', 'Sequi aut provident sit.', 'bc8dac25-793c-4a96-aafc-4ea7020f4f60', 'usr_446');
INSERT INTO trabalho.comentarios_podcast_usuario VALUES ('comment_446_1_1', 'Dolorum maxime consectetur deserunt sit.', 'bc8dac25-793c-4a96-aafc-4ea7020f4f60', 'usr_446');
INSERT INTO trabalho.comentarios_podcast_usuario VALUES ('comment_446_2_1', 'Id nihil cupiditate sed dignissimos numquam.', 'bc8dac25-793c-4a96-aafc-4ea7020f4f60', 'usr_446');
INSERT INTO trabalho.comentarios_podcast_usuario VALUES ('comment_446_3_1', 'Recusandae quisquam enim laboriosam aut.', 'bc8dac25-793c-4a96-aafc-4ea7020f4f60', 'usr_446');
INSERT INTO trabalho.log_acesso VALUES ('log_446_0_1', 'bc8dac25-793c-4a96-aafc-4ea7020f4f60', 'usr_446');
INSERT INTO trabalho.log_acesso VALUES ('log_446_1_1', 'bc8dac25-793c-4a96-aafc-4ea7020f4f60', 'usr_446');
INSERT INTO trabalho.log_acesso VALUES ('log_446_2_1', 'bc8dac25-793c-4a96-aafc-4ea7020f4f60', 'usr_446');
INSERT INTO trabalho.usuario_esta_inscrito_no_podcast VALUES (1, 'de2f0ddb-9903-436a-a5e2-54224254c818', 'usr_446');
INSERT INTO trabalho.comentarios_podcast_usuario VALUES ('comment_446_0_2', 'Beatae exercitationem blanditiis harum hic.', 'de2f0ddb-9903-436a-a5e2-54224254c818', 'usr_446');
INSERT INTO trabalho.log_acesso VALUES ('log_446_0_2', 'de2f0ddb-9903-436a-a5e2-54224254c818', 'usr_446');
INSERT INTO trabalho.log_acesso VALUES ('log_446_1_2', 'de2f0ddb-9903-436a-a5e2-54224254c818', 'usr_446');
INSERT INTO trabalho.log_acesso VALUES ('log_446_2_2', 'de2f0ddb-9903-436a-a5e2-54224254c818', 'usr_446');
INSERT INTO trabalho.log_acesso VALUES ('log_446_3_2', 'de2f0ddb-9903-436a-a5e2-54224254c818', 'usr_446');
INSERT INTO trabalho.usuario VALUES ('usr_447', '447_Natlia10@hotmail.com', 'Natália Costa', 'female', 0, 'password', 'Malawi');
INSERT INTO trabalho.usuario_esta_inscrito_no_podcast VALUES (1, '67074e68-bc2f-442b-8af2-7d328b6af6eb', 'usr_447');
INSERT INTO trabalho.comentarios_podcast_usuario VALUES ('comment_447_0_0', 'Id nemo sed est ab reprehenderit quasi beatae ea.', '67074e68-bc2f-442b-8af2-7d328b6af6eb', 'usr_447');
INSERT INTO trabalho.comentarios_podcast_usuario VALUES ('comment_447_1_0', 'Ea quas libero debitis rem perspiciatis labore.', '67074e68-bc2f-442b-8af2-7d328b6af6eb', 'usr_447');
INSERT INTO trabalho.comentarios_podcast_usuario VALUES ('comment_447_2_0', 'Aliquam voluptates distinctio tempore.', '67074e68-bc2f-442b-8af2-7d328b6af6eb', 'usr_447');
INSERT INTO trabalho.log_acesso VALUES ('log_447_0_0', '67074e68-bc2f-442b-8af2-7d328b6af6eb', 'usr_447');
INSERT INTO trabalho.log_acesso VALUES ('log_447_1_0', '67074e68-bc2f-442b-8af2-7d328b6af6eb', 'usr_447');
INSERT INTO trabalho.log_acesso VALUES ('log_447_2_0', '67074e68-bc2f-442b-8af2-7d328b6af6eb', 'usr_447');
INSERT INTO trabalho.log_acesso VALUES ('log_447_3_0', '67074e68-bc2f-442b-8af2-7d328b6af6eb', 'usr_447');
INSERT INTO trabalho.usuario_esta_inscrito_no_podcast VALUES (1, 'f1b92ce7-47a7-43cd-8586-4a09185cdd05', 'usr_447');
INSERT INTO trabalho.comentarios_podcast_usuario VALUES ('comment_447_0_1', 'Vero corrupti fuga libero.', 'f1b92ce7-47a7-43cd-8586-4a09185cdd05', 'usr_447');
INSERT INTO trabalho.comentarios_podcast_usuario VALUES ('comment_447_1_1', 'Expedita alias et id facere et quis sit dolor.', 'f1b92ce7-47a7-43cd-8586-4a09185cdd05', 'usr_447');
INSERT INTO trabalho.comentarios_podcast_usuario VALUES ('comment_447_2_1', 'Sit et voluptatem voluptatem maxime numquam quis nostrum ullam.', 'f1b92ce7-47a7-43cd-8586-4a09185cdd05', 'usr_447');
INSERT INTO trabalho.comentarios_podcast_usuario VALUES ('comment_447_3_1', 'Fuga quia dignissimos delectus vero possimus dolor fuga.', 'f1b92ce7-47a7-43cd-8586-4a09185cdd05', 'usr_447');
INSERT INTO trabalho.log_acesso VALUES ('log_447_0_1', 'f1b92ce7-47a7-43cd-8586-4a09185cdd05', 'usr_447');
INSERT INTO trabalho.log_acesso VALUES ('log_447_1_1', 'f1b92ce7-47a7-43cd-8586-4a09185cdd05', 'usr_447');
INSERT INTO trabalho.log_acesso VALUES ('log_447_2_1', 'f1b92ce7-47a7-43cd-8586-4a09185cdd05', 'usr_447');
INSERT INTO trabalho.log_acesso VALUES ('log_447_3_1', 'f1b92ce7-47a7-43cd-8586-4a09185cdd05', 'usr_447');
INSERT INTO trabalho.log_acesso VALUES ('log_447_4_1', 'f1b92ce7-47a7-43cd-8586-4a09185cdd05', 'usr_447');
INSERT INTO trabalho.log_acesso VALUES ('log_447_5_1', 'f1b92ce7-47a7-43cd-8586-4a09185cdd05', 'usr_447');
INSERT INTO trabalho.log_acesso VALUES ('log_447_6_1', 'f1b92ce7-47a7-43cd-8586-4a09185cdd05', 'usr_447');
INSERT INTO trabalho.usuario_esta_inscrito_no_podcast VALUES (5, 'af46a958-b921-47b6-9f87-5c4fdc68ea79', 'usr_447');
INSERT INTO trabalho.comentarios_podcast_usuario VALUES ('comment_447_0_2', 'Rerum et rerum dolor voluptas.', 'af46a958-b921-47b6-9f87-5c4fdc68ea79', 'usr_447');
INSERT INTO trabalho.comentarios_podcast_usuario VALUES ('comment_447_1_2', 'Sequi quia est blanditiis architecto nobis.', 'af46a958-b921-47b6-9f87-5c4fdc68ea79', 'usr_447');
INSERT INTO trabalho.log_acesso VALUES ('log_447_0_2', 'af46a958-b921-47b6-9f87-5c4fdc68ea79', 'usr_447');
INSERT INTO trabalho.log_acesso VALUES ('log_447_1_2', 'af46a958-b921-47b6-9f87-5c4fdc68ea79', 'usr_447');
INSERT INTO trabalho.log_acesso VALUES ('log_447_2_2', 'af46a958-b921-47b6-9f87-5c4fdc68ea79', 'usr_447');
INSERT INTO trabalho.log_acesso VALUES ('log_447_3_2', 'af46a958-b921-47b6-9f87-5c4fdc68ea79', 'usr_447');
INSERT INTO trabalho.usuario VALUES ('usr_448', '448_Guilherme.Franco37@bol.com.br', 'Guilherme Franco', 'male', 18, 'password', 'Malawi');
INSERT INTO trabalho.usuario_esta_inscrito_no_podcast VALUES (1, 'fa3abe16-3645-4d22-a01d-893e6f20c408', 'usr_448');
INSERT INTO trabalho.comentarios_podcast_usuario VALUES ('comment_448_0_0', 'Magnam sed unde iste doloremque aut quis qui.', 'fa3abe16-3645-4d22-a01d-893e6f20c408', 'usr_448');
INSERT INTO trabalho.comentarios_podcast_usuario VALUES ('comment_448_1_0', 'Quia qui fuga qui voluptatum eum molestiae consequatur.', 'fa3abe16-3645-4d22-a01d-893e6f20c408', 'usr_448');
INSERT INTO trabalho.comentarios_podcast_usuario VALUES ('comment_448_2_0', 'Ut labore repellendus quis quia voluptatem.', 'fa3abe16-3645-4d22-a01d-893e6f20c408', 'usr_448');
INSERT INTO trabalho.log_acesso VALUES ('log_448_0_0', 'fa3abe16-3645-4d22-a01d-893e6f20c408', 'usr_448');
INSERT INTO trabalho.usuario_esta_inscrito_no_podcast VALUES (5, 'bc8dac25-793c-4a96-aafc-4ea7020f4f60', 'usr_448');
INSERT INTO trabalho.comentarios_podcast_usuario VALUES ('comment_448_0_1', 'Ut et ut amet aspernatur dolor voluptatibus qui et perspiciatis.', 'bc8dac25-793c-4a96-aafc-4ea7020f4f60', 'usr_448');
INSERT INTO trabalho.comentarios_podcast_usuario VALUES ('comment_448_1_1', 'Id aliquid ad ipsum enim aut.', 'bc8dac25-793c-4a96-aafc-4ea7020f4f60', 'usr_448');
INSERT INTO trabalho.comentarios_podcast_usuario VALUES ('comment_448_2_1', 'Omnis corrupti deleniti quia eos nam incidunt omnis.', 'bc8dac25-793c-4a96-aafc-4ea7020f4f60', 'usr_448');
INSERT INTO trabalho.comentarios_podcast_usuario VALUES ('comment_448_3_1', 'Quod tenetur nam eum ut consequatur ea.', 'bc8dac25-793c-4a96-aafc-4ea7020f4f60', 'usr_448');
INSERT INTO trabalho.comentarios_podcast_usuario VALUES ('comment_448_4_1', 'Voluptatem quod consequuntur rerum id.', 'bc8dac25-793c-4a96-aafc-4ea7020f4f60', 'usr_448');
INSERT INTO trabalho.comentarios_podcast_usuario VALUES ('comment_448_5_1', 'Et labore qui eligendi beatae ipsam dolores.', 'bc8dac25-793c-4a96-aafc-4ea7020f4f60', 'usr_448');
INSERT INTO trabalho.log_acesso VALUES ('log_448_0_1', 'bc8dac25-793c-4a96-aafc-4ea7020f4f60', 'usr_448');
INSERT INTO trabalho.log_acesso VALUES ('log_448_1_1', 'bc8dac25-793c-4a96-aafc-4ea7020f4f60', 'usr_448');
INSERT INTO trabalho.log_acesso VALUES ('log_448_2_1', 'bc8dac25-793c-4a96-aafc-4ea7020f4f60', 'usr_448');
INSERT INTO trabalho.log_acesso VALUES ('log_448_3_1', 'bc8dac25-793c-4a96-aafc-4ea7020f4f60', 'usr_448');
INSERT INTO trabalho.usuario_esta_inscrito_no_podcast VALUES (4, 'f0166bd2-8e4d-4308-b5d7-0b3d627c5dc5', 'usr_448');
INSERT INTO trabalho.comentarios_podcast_usuario VALUES ('comment_448_0_2', 'Voluptatem ut error eaque ipsa fuga explicabo.', 'f0166bd2-8e4d-4308-b5d7-0b3d627c5dc5', 'usr_448');
INSERT INTO trabalho.log_acesso VALUES ('log_448_0_2', 'f0166bd2-8e4d-4308-b5d7-0b3d627c5dc5', 'usr_448');
INSERT INTO trabalho.log_acesso VALUES ('log_448_1_2', 'f0166bd2-8e4d-4308-b5d7-0b3d627c5dc5', 'usr_448');
INSERT INTO trabalho.usuario VALUES ('usr_449', '449_AnaClara_Melo@bol.com.br', 'Ana Clara Melo', 'female', 57, 'password', 'Estônia');
INSERT INTO trabalho.usuario_esta_inscrito_no_podcast VALUES (5, 'b553d865-8fe2-47de-9a30-10e1dea3bd1d', 'usr_449');
INSERT INTO trabalho.comentarios_podcast_usuario VALUES ('comment_449_0_0', 'Ullam omnis quia veritatis odio facilis deserunt quaerat.', 'b553d865-8fe2-47de-9a30-10e1dea3bd1d', 'usr_449');
INSERT INTO trabalho.log_acesso VALUES ('log_449_0_0', 'b553d865-8fe2-47de-9a30-10e1dea3bd1d', 'usr_449');
INSERT INTO trabalho.log_acesso VALUES ('log_449_1_0', 'b553d865-8fe2-47de-9a30-10e1dea3bd1d', 'usr_449');
INSERT INTO trabalho.log_acesso VALUES ('log_449_2_0', 'b553d865-8fe2-47de-9a30-10e1dea3bd1d', 'usr_449');
INSERT INTO trabalho.log_acesso VALUES ('log_449_3_0', 'b553d865-8fe2-47de-9a30-10e1dea3bd1d', 'usr_449');
INSERT INTO trabalho.usuario_esta_inscrito_no_podcast VALUES (1, '5bdf7377-8330-4f9f-8efd-e95301c122ce', 'usr_449');
INSERT INTO trabalho.comentarios_podcast_usuario VALUES ('comment_449_0_1', 'Asperiores consequatur quam eveniet quod natus laboriosam alias fuga.', '5bdf7377-8330-4f9f-8efd-e95301c122ce', 'usr_449');
INSERT INTO trabalho.comentarios_podcast_usuario VALUES ('comment_449_1_1', 'Perferendis odio tenetur eligendi et iste aliquam accusantium id.', '5bdf7377-8330-4f9f-8efd-e95301c122ce', 'usr_449');
INSERT INTO trabalho.comentarios_podcast_usuario VALUES ('comment_449_2_1', 'Aut in nobis temporibus dolorem quod.', '5bdf7377-8330-4f9f-8efd-e95301c122ce', 'usr_449');
INSERT INTO trabalho.log_acesso VALUES ('log_449_0_1', '5bdf7377-8330-4f9f-8efd-e95301c122ce', 'usr_449');
INSERT INTO trabalho.log_acesso VALUES ('log_449_1_1', '5bdf7377-8330-4f9f-8efd-e95301c122ce', 'usr_449');
INSERT INTO trabalho.log_acesso VALUES ('log_449_2_1', '5bdf7377-8330-4f9f-8efd-e95301c122ce', 'usr_449');
INSERT INTO trabalho.log_acesso VALUES ('log_449_3_1', '5bdf7377-8330-4f9f-8efd-e95301c122ce', 'usr_449');
INSERT INTO trabalho.usuario_esta_inscrito_no_podcast VALUES (4, 'f0166bd2-8e4d-4308-b5d7-0b3d627c5dc5', 'usr_449');
INSERT INTO trabalho.comentarios_podcast_usuario VALUES ('comment_449_0_2', 'A nihil quia quis nulla dolores qui sed error.', 'f0166bd2-8e4d-4308-b5d7-0b3d627c5dc5', 'usr_449');
INSERT INTO trabalho.log_acesso VALUES ('log_449_0_2', 'f0166bd2-8e4d-4308-b5d7-0b3d627c5dc5', 'usr_449');
INSERT INTO trabalho.log_acesso VALUES ('log_449_1_2', 'f0166bd2-8e4d-4308-b5d7-0b3d627c5dc5', 'usr_449');
INSERT INTO trabalho.log_acesso VALUES ('log_449_2_2', 'f0166bd2-8e4d-4308-b5d7-0b3d627c5dc5', 'usr_449');
INSERT INTO trabalho.usuario VALUES ('usr_450', '450_JooMiguel_Batista@yahoo.com', 'João Miguel Batista', 'male', 55, 'password', 'Tanzânia');
INSERT INTO trabalho.usuario_esta_inscrito_no_podcast VALUES (0, 'de2f0ddb-9903-436a-a5e2-54224254c818', 'usr_450');
INSERT INTO trabalho.comentarios_podcast_usuario VALUES ('comment_450_0_0', 'Eum vitae voluptatem ut est.', 'de2f0ddb-9903-436a-a5e2-54224254c818', 'usr_450');
INSERT INTO trabalho.comentarios_podcast_usuario VALUES ('comment_450_1_0', 'Et blanditiis quidem cum odit quo quis.', 'de2f0ddb-9903-436a-a5e2-54224254c818', 'usr_450');
INSERT INTO trabalho.log_acesso VALUES ('log_450_0_0', 'de2f0ddb-9903-436a-a5e2-54224254c818', 'usr_450');
INSERT INTO trabalho.log_acesso VALUES ('log_450_1_0', 'de2f0ddb-9903-436a-a5e2-54224254c818', 'usr_450');
INSERT INTO trabalho.log_acesso VALUES ('log_450_2_0', 'de2f0ddb-9903-436a-a5e2-54224254c818', 'usr_450');
INSERT INTO trabalho.log_acesso VALUES ('log_450_3_0', 'de2f0ddb-9903-436a-a5e2-54224254c818', 'usr_450');
INSERT INTO trabalho.usuario_esta_inscrito_no_podcast VALUES (1, 'af46a958-b921-47b6-9f87-5c4fdc68ea79', 'usr_450');
INSERT INTO trabalho.comentarios_podcast_usuario VALUES ('comment_450_0_1', 'Ad neque dolorem sit commodi temporibus quo.', 'af46a958-b921-47b6-9f87-5c4fdc68ea79', 'usr_450');
INSERT INTO trabalho.comentarios_podcast_usuario VALUES ('comment_450_1_1', 'Deserunt omnis ut aut enim eos doloribus eum blanditiis.', 'af46a958-b921-47b6-9f87-5c4fdc68ea79', 'usr_450');
INSERT INTO trabalho.log_acesso VALUES ('log_450_0_1', 'af46a958-b921-47b6-9f87-5c4fdc68ea79', 'usr_450');
INSERT INTO trabalho.log_acesso VALUES ('log_450_1_1', 'af46a958-b921-47b6-9f87-5c4fdc68ea79', 'usr_450');
INSERT INTO trabalho.log_acesso VALUES ('log_450_2_1', 'af46a958-b921-47b6-9f87-5c4fdc68ea79', 'usr_450');
INSERT INTO trabalho.log_acesso VALUES ('log_450_3_1', 'af46a958-b921-47b6-9f87-5c4fdc68ea79', 'usr_450');
INSERT INTO trabalho.usuario_esta_inscrito_no_podcast VALUES (2, '219328a1-cec6-4e8c-b003-52a3ec9766bb', 'usr_450');
INSERT INTO trabalho.comentarios_podcast_usuario VALUES ('comment_450_0_2', 'Temporibus sint at et qui.', '219328a1-cec6-4e8c-b003-52a3ec9766bb', 'usr_450');
INSERT INTO trabalho.comentarios_podcast_usuario VALUES ('comment_450_1_2', 'Praesentium sed explicabo provident eaque aut.', '219328a1-cec6-4e8c-b003-52a3ec9766bb', 'usr_450');
INSERT INTO trabalho.comentarios_podcast_usuario VALUES ('comment_450_2_2', 'Minus optio ex dolorem quo dolorum ad voluptas laborum.', '219328a1-cec6-4e8c-b003-52a3ec9766bb', 'usr_450');
INSERT INTO trabalho.comentarios_podcast_usuario VALUES ('comment_450_3_2', 'Adipisci eum numquam sapiente quis iusto exercitationem.', '219328a1-cec6-4e8c-b003-52a3ec9766bb', 'usr_450');
INSERT INTO trabalho.log_acesso VALUES ('log_450_0_2', '219328a1-cec6-4e8c-b003-52a3ec9766bb', 'usr_450');
INSERT INTO trabalho.log_acesso VALUES ('log_450_1_2', '219328a1-cec6-4e8c-b003-52a3ec9766bb', 'usr_450');
INSERT INTO trabalho.log_acesso VALUES ('log_450_2_2', '219328a1-cec6-4e8c-b003-52a3ec9766bb', 'usr_450');
INSERT INTO trabalho.log_acesso VALUES ('log_450_3_2', '219328a1-cec6-4e8c-b003-52a3ec9766bb', 'usr_450');
INSERT INTO trabalho.log_acesso VALUES ('log_450_4_2', '219328a1-cec6-4e8c-b003-52a3ec9766bb', 'usr_450');
INSERT INTO trabalho.log_acesso VALUES ('log_450_5_2', '219328a1-cec6-4e8c-b003-52a3ec9766bb', 'usr_450');
INSERT INTO trabalho.log_acesso VALUES ('log_450_6_2', '219328a1-cec6-4e8c-b003-52a3ec9766bb', 'usr_450');
INSERT INTO trabalho.usuario VALUES ('usr_451', '451_Paula4@gmail.com', 'Paula Oliveira', 'female', 26, 'password', 'Haiti');
INSERT INTO trabalho.usuario_esta_inscrito_no_podcast VALUES (5, '5bdf7377-8330-4f9f-8efd-e95301c122ce', 'usr_451');
INSERT INTO trabalho.comentarios_podcast_usuario VALUES ('comment_451_0_0', 'Sit fugiat ullam maxime earum eaque dicta dolor.', '5bdf7377-8330-4f9f-8efd-e95301c122ce', 'usr_451');
INSERT INTO trabalho.comentarios_podcast_usuario VALUES ('comment_451_1_0', 'Explicabo sit ut dolorum labore commodi eum.', '5bdf7377-8330-4f9f-8efd-e95301c122ce', 'usr_451');
INSERT INTO trabalho.log_acesso VALUES ('log_451_0_0', '5bdf7377-8330-4f9f-8efd-e95301c122ce', 'usr_451');
INSERT INTO trabalho.log_acesso VALUES ('log_451_1_0', '5bdf7377-8330-4f9f-8efd-e95301c122ce', 'usr_451');
INSERT INTO trabalho.usuario_esta_inscrito_no_podcast VALUES (5, 'b553d865-8fe2-47de-9a30-10e1dea3bd1d', 'usr_451');
INSERT INTO trabalho.comentarios_podcast_usuario VALUES ('comment_451_0_1', 'Et voluptatem est voluptas optio ex laborum hic animi sint.', 'b553d865-8fe2-47de-9a30-10e1dea3bd1d', 'usr_451');
INSERT INTO trabalho.comentarios_podcast_usuario VALUES ('comment_451_1_1', 'Reiciendis aut aut velit sit mollitia occaecati et labore.', 'b553d865-8fe2-47de-9a30-10e1dea3bd1d', 'usr_451');
INSERT INTO trabalho.comentarios_podcast_usuario VALUES ('comment_451_2_1', 'Animi a quia.', 'b553d865-8fe2-47de-9a30-10e1dea3bd1d', 'usr_451');
INSERT INTO trabalho.log_acesso VALUES ('log_451_0_1', 'b553d865-8fe2-47de-9a30-10e1dea3bd1d', 'usr_451');
INSERT INTO trabalho.log_acesso VALUES ('log_451_1_1', 'b553d865-8fe2-47de-9a30-10e1dea3bd1d', 'usr_451');
INSERT INTO trabalho.log_acesso VALUES ('log_451_2_1', 'b553d865-8fe2-47de-9a30-10e1dea3bd1d', 'usr_451');
INSERT INTO trabalho.usuario_esta_inscrito_no_podcast VALUES (3, 'f0166bd2-8e4d-4308-b5d7-0b3d627c5dc5', 'usr_451');
INSERT INTO trabalho.comentarios_podcast_usuario VALUES ('comment_451_0_2', 'Est est nihil molestias.', 'f0166bd2-8e4d-4308-b5d7-0b3d627c5dc5', 'usr_451');
INSERT INTO trabalho.comentarios_podcast_usuario VALUES ('comment_451_1_2', 'Repellendus aliquid ut quasi fugiat.', 'f0166bd2-8e4d-4308-b5d7-0b3d627c5dc5', 'usr_451');
INSERT INTO trabalho.log_acesso VALUES ('log_451_0_2', 'f0166bd2-8e4d-4308-b5d7-0b3d627c5dc5', 'usr_451');
INSERT INTO trabalho.usuario VALUES ('usr_452', '452_Lara.Melo@hotmail.com', 'Lara Melo', 'female', 1, 'password', 'Japão');
INSERT INTO trabalho.usuario_esta_inscrito_no_podcast VALUES (2, '168c1536-4c42-4b8f-8c77-f06affefec6a', 'usr_452');
INSERT INTO trabalho.comentarios_podcast_usuario VALUES ('comment_452_0_0', 'Ut dolorem voluptas autem et quisquam eaque.', '168c1536-4c42-4b8f-8c77-f06affefec6a', 'usr_452');
INSERT INTO trabalho.comentarios_podcast_usuario VALUES ('comment_452_1_0', 'Possimus facere voluptas autem.', '168c1536-4c42-4b8f-8c77-f06affefec6a', 'usr_452');
INSERT INTO trabalho.comentarios_podcast_usuario VALUES ('comment_452_2_0', 'Vel voluptas commodi nostrum ducimus tempore.', '168c1536-4c42-4b8f-8c77-f06affefec6a', 'usr_452');
INSERT INTO trabalho.comentarios_podcast_usuario VALUES ('comment_452_3_0', 'Adipisci rerum velit non vero qui exercitationem voluptate saepe.', '168c1536-4c42-4b8f-8c77-f06affefec6a', 'usr_452');
INSERT INTO trabalho.log_acesso VALUES ('log_452_0_0', '168c1536-4c42-4b8f-8c77-f06affefec6a', 'usr_452');
INSERT INTO trabalho.log_acesso VALUES ('log_452_1_0', '168c1536-4c42-4b8f-8c77-f06affefec6a', 'usr_452');
INSERT INTO trabalho.log_acesso VALUES ('log_452_2_0', '168c1536-4c42-4b8f-8c77-f06affefec6a', 'usr_452');
INSERT INTO trabalho.log_acesso VALUES ('log_452_3_0', '168c1536-4c42-4b8f-8c77-f06affefec6a', 'usr_452');
INSERT INTO trabalho.log_acesso VALUES ('log_452_4_0', '168c1536-4c42-4b8f-8c77-f06affefec6a', 'usr_452');
INSERT INTO trabalho.log_acesso VALUES ('log_452_5_0', '168c1536-4c42-4b8f-8c77-f06affefec6a', 'usr_452');
INSERT INTO trabalho.usuario_esta_inscrito_no_podcast VALUES (2, '7e429e8e-7669-403d-bb78-3cd7f9f75afd', 'usr_452');
INSERT INTO trabalho.comentarios_podcast_usuario VALUES ('comment_452_0_1', 'Ad provident et quia.', '7e429e8e-7669-403d-bb78-3cd7f9f75afd', 'usr_452');
INSERT INTO trabalho.comentarios_podcast_usuario VALUES ('comment_452_1_1', 'Quis voluptatem aliquam hic sint numquam autem.', '7e429e8e-7669-403d-bb78-3cd7f9f75afd', 'usr_452');
INSERT INTO trabalho.comentarios_podcast_usuario VALUES ('comment_452_2_1', 'Accusamus consequatur modi.', '7e429e8e-7669-403d-bb78-3cd7f9f75afd', 'usr_452');
INSERT INTO trabalho.comentarios_podcast_usuario VALUES ('comment_452_3_1', 'Enim nisi quod rerum accusamus.', '7e429e8e-7669-403d-bb78-3cd7f9f75afd', 'usr_452');
INSERT INTO trabalho.log_acesso VALUES ('log_452_0_1', '7e429e8e-7669-403d-bb78-3cd7f9f75afd', 'usr_452');
INSERT INTO trabalho.log_acesso VALUES ('log_452_1_1', '7e429e8e-7669-403d-bb78-3cd7f9f75afd', 'usr_452');
INSERT INTO trabalho.log_acesso VALUES ('log_452_2_1', '7e429e8e-7669-403d-bb78-3cd7f9f75afd', 'usr_452');
INSERT INTO trabalho.log_acesso VALUES ('log_452_3_1', '7e429e8e-7669-403d-bb78-3cd7f9f75afd', 'usr_452');
INSERT INTO trabalho.log_acesso VALUES ('log_452_4_1', '7e429e8e-7669-403d-bb78-3cd7f9f75afd', 'usr_452');
INSERT INTO trabalho.log_acesso VALUES ('log_452_5_1', '7e429e8e-7669-403d-bb78-3cd7f9f75afd', 'usr_452');
INSERT INTO trabalho.log_acesso VALUES ('log_452_6_1', '7e429e8e-7669-403d-bb78-3cd7f9f75afd', 'usr_452');
INSERT INTO trabalho.usuario_esta_inscrito_no_podcast VALUES (5, '219328a1-cec6-4e8c-b003-52a3ec9766bb', 'usr_452');
INSERT INTO trabalho.comentarios_podcast_usuario VALUES ('comment_452_0_2', 'Voluptatem aut voluptas.', '219328a1-cec6-4e8c-b003-52a3ec9766bb', 'usr_452');
INSERT INTO trabalho.comentarios_podcast_usuario VALUES ('comment_452_1_2', 'Ab quisquam nihil expedita aperiam voluptates occaecati deleniti ut et.', '219328a1-cec6-4e8c-b003-52a3ec9766bb', 'usr_452');
INSERT INTO trabalho.comentarios_podcast_usuario VALUES ('comment_452_2_2', 'Veniam dolor nostrum eos porro.', '219328a1-cec6-4e8c-b003-52a3ec9766bb', 'usr_452');
INSERT INTO trabalho.comentarios_podcast_usuario VALUES ('comment_452_3_2', 'At dolores nesciunt.', '219328a1-cec6-4e8c-b003-52a3ec9766bb', 'usr_452');
INSERT INTO trabalho.log_acesso VALUES ('log_452_0_2', '219328a1-cec6-4e8c-b003-52a3ec9766bb', 'usr_452');
INSERT INTO trabalho.log_acesso VALUES ('log_452_1_2', '219328a1-cec6-4e8c-b003-52a3ec9766bb', 'usr_452');
INSERT INTO trabalho.log_acesso VALUES ('log_452_2_2', '219328a1-cec6-4e8c-b003-52a3ec9766bb', 'usr_452');
INSERT INTO trabalho.usuario VALUES ('usr_453', '453_Deneval.Nogueira48@bol.com.br', 'Deneval Nogueira', 'male', 18, 'password', 'Burkina Faso');
INSERT INTO trabalho.usuario_esta_inscrito_no_podcast VALUES (5, 'c58b280a-56d4-4ad8-8c85-730e4ea86361', 'usr_453');
INSERT INTO trabalho.comentarios_podcast_usuario VALUES ('comment_453_0_0', 'Et aliquid sit perspiciatis mollitia dolores est non aut.', 'c58b280a-56d4-4ad8-8c85-730e4ea86361', 'usr_453');
INSERT INTO trabalho.comentarios_podcast_usuario VALUES ('comment_453_1_0', 'Magni totam incidunt eos nulla quo accusantium est dicta omnis.', 'c58b280a-56d4-4ad8-8c85-730e4ea86361', 'usr_453');
INSERT INTO trabalho.comentarios_podcast_usuario VALUES ('comment_453_2_0', 'Vitae laborum recusandae id voluptatum nemo minus odio ea nemo.', 'c58b280a-56d4-4ad8-8c85-730e4ea86361', 'usr_453');
INSERT INTO trabalho.comentarios_podcast_usuario VALUES ('comment_453_3_0', 'Perspiciatis aut ad dignissimos.', 'c58b280a-56d4-4ad8-8c85-730e4ea86361', 'usr_453');
INSERT INTO trabalho.log_acesso VALUES ('log_453_0_0', 'c58b280a-56d4-4ad8-8c85-730e4ea86361', 'usr_453');
INSERT INTO trabalho.log_acesso VALUES ('log_453_1_0', 'c58b280a-56d4-4ad8-8c85-730e4ea86361', 'usr_453');
INSERT INTO trabalho.log_acesso VALUES ('log_453_2_0', 'c58b280a-56d4-4ad8-8c85-730e4ea86361', 'usr_453');
INSERT INTO trabalho.usuario_esta_inscrito_no_podcast VALUES (1, 'de2f0ddb-9903-436a-a5e2-54224254c818', 'usr_453');
INSERT INTO trabalho.comentarios_podcast_usuario VALUES ('comment_453_0_1', 'Dolor quibusdam nemo ut velit ut.', 'de2f0ddb-9903-436a-a5e2-54224254c818', 'usr_453');
INSERT INTO trabalho.comentarios_podcast_usuario VALUES ('comment_453_1_1', 'Autem error inventore iure voluptas sequi qui.', 'de2f0ddb-9903-436a-a5e2-54224254c818', 'usr_453');
INSERT INTO trabalho.comentarios_podcast_usuario VALUES ('comment_453_2_1', 'Quas et est nobis officia.', 'de2f0ddb-9903-436a-a5e2-54224254c818', 'usr_453');
INSERT INTO trabalho.log_acesso VALUES ('log_453_0_1', 'de2f0ddb-9903-436a-a5e2-54224254c818', 'usr_453');
INSERT INTO trabalho.log_acesso VALUES ('log_453_1_1', 'de2f0ddb-9903-436a-a5e2-54224254c818', 'usr_453');
INSERT INTO trabalho.log_acesso VALUES ('log_453_2_1', 'de2f0ddb-9903-436a-a5e2-54224254c818', 'usr_453');
INSERT INTO trabalho.log_acesso VALUES ('log_453_3_1', 'de2f0ddb-9903-436a-a5e2-54224254c818', 'usr_453');
INSERT INTO trabalho.usuario_esta_inscrito_no_podcast VALUES (1, 'b553d865-8fe2-47de-9a30-10e1dea3bd1d', 'usr_453');
INSERT INTO trabalho.comentarios_podcast_usuario VALUES ('comment_453_0_2', 'Rem in quas nihil dolor animi iure magni maiores.', 'b553d865-8fe2-47de-9a30-10e1dea3bd1d', 'usr_453');
INSERT INTO trabalho.comentarios_podcast_usuario VALUES ('comment_453_1_2', 'Quaerat impedit totam ea architecto libero sit.', 'b553d865-8fe2-47de-9a30-10e1dea3bd1d', 'usr_453');
INSERT INTO trabalho.comentarios_podcast_usuario VALUES ('comment_453_2_2', 'Delectus autem enim aspernatur quo sint doloremque voluptatem libero minima.', 'b553d865-8fe2-47de-9a30-10e1dea3bd1d', 'usr_453');
INSERT INTO trabalho.log_acesso VALUES ('log_453_0_2', 'b553d865-8fe2-47de-9a30-10e1dea3bd1d', 'usr_453');
INSERT INTO trabalho.log_acesso VALUES ('log_453_1_2', 'b553d865-8fe2-47de-9a30-10e1dea3bd1d', 'usr_453');
INSERT INTO trabalho.log_acesso VALUES ('log_453_2_2', 'b553d865-8fe2-47de-9a30-10e1dea3bd1d', 'usr_453');
INSERT INTO trabalho.log_acesso VALUES ('log_453_3_2', 'b553d865-8fe2-47de-9a30-10e1dea3bd1d', 'usr_453');
INSERT INTO trabalho.usuario VALUES ('usr_454', '454_Nbia.Silva@yahoo.com', 'Núbia Silva', 'female', 35, 'password', 'Kuwait');
INSERT INTO trabalho.usuario_esta_inscrito_no_podcast VALUES (4, 'fa3abe16-3645-4d22-a01d-893e6f20c408', 'usr_454');
INSERT INTO trabalho.comentarios_podcast_usuario VALUES ('comment_454_0_0', 'Deserunt eos ab corporis.', 'fa3abe16-3645-4d22-a01d-893e6f20c408', 'usr_454');
INSERT INTO trabalho.comentarios_podcast_usuario VALUES ('comment_454_1_0', 'Et amet qui quis deserunt ad et dolores.', 'fa3abe16-3645-4d22-a01d-893e6f20c408', 'usr_454');
INSERT INTO trabalho.comentarios_podcast_usuario VALUES ('comment_454_2_0', 'Ut id doloribus itaque quia velit quasi est rem.', 'fa3abe16-3645-4d22-a01d-893e6f20c408', 'usr_454');
INSERT INTO trabalho.comentarios_podcast_usuario VALUES ('comment_454_3_0', 'Consectetur omnis rerum omnis.', 'fa3abe16-3645-4d22-a01d-893e6f20c408', 'usr_454');
INSERT INTO trabalho.log_acesso VALUES ('log_454_0_0', 'fa3abe16-3645-4d22-a01d-893e6f20c408', 'usr_454');
INSERT INTO trabalho.log_acesso VALUES ('log_454_1_0', 'fa3abe16-3645-4d22-a01d-893e6f20c408', 'usr_454');
INSERT INTO trabalho.log_acesso VALUES ('log_454_2_0', 'fa3abe16-3645-4d22-a01d-893e6f20c408', 'usr_454');
INSERT INTO trabalho.log_acesso VALUES ('log_454_3_0', 'fa3abe16-3645-4d22-a01d-893e6f20c408', 'usr_454');
INSERT INTO trabalho.usuario_esta_inscrito_no_podcast VALUES (4, '5bdf7377-8330-4f9f-8efd-e95301c122ce', 'usr_454');
INSERT INTO trabalho.comentarios_podcast_usuario VALUES ('comment_454_0_1', 'Possimus exercitationem mollitia.', '5bdf7377-8330-4f9f-8efd-e95301c122ce', 'usr_454');
INSERT INTO trabalho.comentarios_podcast_usuario VALUES ('comment_454_1_1', 'Ea cum officiis est eaque error quod praesentium.', '5bdf7377-8330-4f9f-8efd-e95301c122ce', 'usr_454');
INSERT INTO trabalho.log_acesso VALUES ('log_454_0_1', '5bdf7377-8330-4f9f-8efd-e95301c122ce', 'usr_454');
INSERT INTO trabalho.log_acesso VALUES ('log_454_1_1', '5bdf7377-8330-4f9f-8efd-e95301c122ce', 'usr_454');
INSERT INTO trabalho.usuario_esta_inscrito_no_podcast VALUES (4, 'c58b280a-56d4-4ad8-8c85-730e4ea86361', 'usr_454');
INSERT INTO trabalho.comentarios_podcast_usuario VALUES ('comment_454_0_2', 'Dolorum dolorem totam.', 'c58b280a-56d4-4ad8-8c85-730e4ea86361', 'usr_454');
INSERT INTO trabalho.log_acesso VALUES ('log_454_0_2', 'c58b280a-56d4-4ad8-8c85-730e4ea86361', 'usr_454');
INSERT INTO trabalho.log_acesso VALUES ('log_454_1_2', 'c58b280a-56d4-4ad8-8c85-730e4ea86361', 'usr_454');
INSERT INTO trabalho.usuario VALUES ('usr_455', '455_Pedro_Melo26@gmail.com', 'Pedro Melo', 'male', 35, 'password', 'Seicheles');
INSERT INTO trabalho.usuario_esta_inscrito_no_podcast VALUES (0, 'af46a958-b921-47b6-9f87-5c4fdc68ea79', 'usr_455');
INSERT INTO trabalho.comentarios_podcast_usuario VALUES ('comment_455_0_0', 'Et nam non.', 'af46a958-b921-47b6-9f87-5c4fdc68ea79', 'usr_455');
INSERT INTO trabalho.comentarios_podcast_usuario VALUES ('comment_455_1_0', 'Sed animi necessitatibus fugiat delectus maiores.', 'af46a958-b921-47b6-9f87-5c4fdc68ea79', 'usr_455');
INSERT INTO trabalho.log_acesso VALUES ('log_455_0_0', 'af46a958-b921-47b6-9f87-5c4fdc68ea79', 'usr_455');
INSERT INTO trabalho.log_acesso VALUES ('log_455_1_0', 'af46a958-b921-47b6-9f87-5c4fdc68ea79', 'usr_455');
INSERT INTO trabalho.log_acesso VALUES ('log_455_2_0', 'af46a958-b921-47b6-9f87-5c4fdc68ea79', 'usr_455');
INSERT INTO trabalho.log_acesso VALUES ('log_455_3_0', 'af46a958-b921-47b6-9f87-5c4fdc68ea79', 'usr_455');
INSERT INTO trabalho.log_acesso VALUES ('log_455_4_0', 'af46a958-b921-47b6-9f87-5c4fdc68ea79', 'usr_455');
INSERT INTO trabalho.usuario_esta_inscrito_no_podcast VALUES (2, '5bdf7377-8330-4f9f-8efd-e95301c122ce', 'usr_455');
INSERT INTO trabalho.comentarios_podcast_usuario VALUES ('comment_455_0_1', 'Quia quis qui amet doloribus assumenda nihil explicabo voluptatem.', '5bdf7377-8330-4f9f-8efd-e95301c122ce', 'usr_455');
INSERT INTO trabalho.log_acesso VALUES ('log_455_0_1', '5bdf7377-8330-4f9f-8efd-e95301c122ce', 'usr_455');
INSERT INTO trabalho.usuario_esta_inscrito_no_podcast VALUES (3, '67074e68-bc2f-442b-8af2-7d328b6af6eb', 'usr_455');
INSERT INTO trabalho.comentarios_podcast_usuario VALUES ('comment_455_0_2', 'Maiores impedit illo eum molestias autem illum.', '67074e68-bc2f-442b-8af2-7d328b6af6eb', 'usr_455');
INSERT INTO trabalho.comentarios_podcast_usuario VALUES ('comment_455_1_2', 'Nesciunt eos vitae ea odit.', '67074e68-bc2f-442b-8af2-7d328b6af6eb', 'usr_455');
INSERT INTO trabalho.comentarios_podcast_usuario VALUES ('comment_455_2_2', 'Voluptas aliquid nisi qui ullam sed et nulla ea.', '67074e68-bc2f-442b-8af2-7d328b6af6eb', 'usr_455');
INSERT INTO trabalho.comentarios_podcast_usuario VALUES ('comment_455_3_2', 'Vero autem eveniet.', '67074e68-bc2f-442b-8af2-7d328b6af6eb', 'usr_455');
INSERT INTO trabalho.log_acesso VALUES ('log_455_0_2', '67074e68-bc2f-442b-8af2-7d328b6af6eb', 'usr_455');
INSERT INTO trabalho.log_acesso VALUES ('log_455_1_2', '67074e68-bc2f-442b-8af2-7d328b6af6eb', 'usr_455');
INSERT INTO trabalho.usuario VALUES ('usr_456', '456_Alessandra.Pereira59@bol.com.br', 'Alessandra Pereira', 'female', 55, 'password', 'Azerbaijão');
INSERT INTO trabalho.usuario_esta_inscrito_no_podcast VALUES (5, 'de2f0ddb-9903-436a-a5e2-54224254c818', 'usr_456');
INSERT INTO trabalho.comentarios_podcast_usuario VALUES ('comment_456_0_0', 'Architecto ut voluptatem in.', 'de2f0ddb-9903-436a-a5e2-54224254c818', 'usr_456');
INSERT INTO trabalho.comentarios_podcast_usuario VALUES ('comment_456_1_0', 'Est impedit est.', 'de2f0ddb-9903-436a-a5e2-54224254c818', 'usr_456');
INSERT INTO trabalho.log_acesso VALUES ('log_456_0_0', 'de2f0ddb-9903-436a-a5e2-54224254c818', 'usr_456');
INSERT INTO trabalho.log_acesso VALUES ('log_456_1_0', 'de2f0ddb-9903-436a-a5e2-54224254c818', 'usr_456');
INSERT INTO trabalho.log_acesso VALUES ('log_456_2_0', 'de2f0ddb-9903-436a-a5e2-54224254c818', 'usr_456');
INSERT INTO trabalho.log_acesso VALUES ('log_456_3_0', 'de2f0ddb-9903-436a-a5e2-54224254c818', 'usr_456');
INSERT INTO trabalho.usuario_esta_inscrito_no_podcast VALUES (4, 'c58b280a-56d4-4ad8-8c85-730e4ea86361', 'usr_456');
INSERT INTO trabalho.comentarios_podcast_usuario VALUES ('comment_456_0_1', 'Sed tempore consequuntur.', 'c58b280a-56d4-4ad8-8c85-730e4ea86361', 'usr_456');
INSERT INTO trabalho.comentarios_podcast_usuario VALUES ('comment_456_1_1', 'Tempore recusandae rem voluptatem eveniet atque facilis corporis ut ipsa.', 'c58b280a-56d4-4ad8-8c85-730e4ea86361', 'usr_456');
INSERT INTO trabalho.comentarios_podcast_usuario VALUES ('comment_456_2_1', 'Et ut aut dolore quas omnis non ipsam.', 'c58b280a-56d4-4ad8-8c85-730e4ea86361', 'usr_456');
INSERT INTO trabalho.log_acesso VALUES ('log_456_0_1', 'c58b280a-56d4-4ad8-8c85-730e4ea86361', 'usr_456');
INSERT INTO trabalho.usuario_esta_inscrito_no_podcast VALUES (4, '67074e68-bc2f-442b-8af2-7d328b6af6eb', 'usr_456');
INSERT INTO trabalho.comentarios_podcast_usuario VALUES ('comment_456_0_2', 'Sint quam eveniet perferendis minus consequatur ratione.', '67074e68-bc2f-442b-8af2-7d328b6af6eb', 'usr_456');
INSERT INTO trabalho.comentarios_podcast_usuario VALUES ('comment_456_1_2', 'Tempore quod et nesciunt ratione quam et.', '67074e68-bc2f-442b-8af2-7d328b6af6eb', 'usr_456');
INSERT INTO trabalho.comentarios_podcast_usuario VALUES ('comment_456_2_2', 'Quia numquam eos laudantium sint molestiae et eos.', '67074e68-bc2f-442b-8af2-7d328b6af6eb', 'usr_456');
INSERT INTO trabalho.comentarios_podcast_usuario VALUES ('comment_456_3_2', 'Assumenda velit quaerat deserunt mollitia beatae iusto rerum.', '67074e68-bc2f-442b-8af2-7d328b6af6eb', 'usr_456');
INSERT INTO trabalho.comentarios_podcast_usuario VALUES ('comment_456_4_2', 'Reiciendis facere animi minus et adipisci quod.', '67074e68-bc2f-442b-8af2-7d328b6af6eb', 'usr_456');
INSERT INTO trabalho.log_acesso VALUES ('log_456_0_2', '67074e68-bc2f-442b-8af2-7d328b6af6eb', 'usr_456');
INSERT INTO trabalho.log_acesso VALUES ('log_456_1_2', '67074e68-bc2f-442b-8af2-7d328b6af6eb', 'usr_456');
INSERT INTO trabalho.log_acesso VALUES ('log_456_2_2', '67074e68-bc2f-442b-8af2-7d328b6af6eb', 'usr_456');
INSERT INTO trabalho.log_acesso VALUES ('log_456_3_2', '67074e68-bc2f-442b-8af2-7d328b6af6eb', 'usr_456');
INSERT INTO trabalho.usuario VALUES ('usr_457', '457_Samuel83@hotmail.com', 'Samuel Pereira', 'male', 0, 'password', 'Martinica');
INSERT INTO trabalho.usuario_esta_inscrito_no_podcast VALUES (2, 'b553d865-8fe2-47de-9a30-10e1dea3bd1d', 'usr_457');
INSERT INTO trabalho.comentarios_podcast_usuario VALUES ('comment_457_0_0', 'Laborum quod suscipit vero porro nihil voluptatem.', 'b553d865-8fe2-47de-9a30-10e1dea3bd1d', 'usr_457');
INSERT INTO trabalho.comentarios_podcast_usuario VALUES ('comment_457_1_0', 'Sapiente ea autem sed esse.', 'b553d865-8fe2-47de-9a30-10e1dea3bd1d', 'usr_457');
INSERT INTO trabalho.comentarios_podcast_usuario VALUES ('comment_457_2_0', 'Culpa itaque accusamus reprehenderit.', 'b553d865-8fe2-47de-9a30-10e1dea3bd1d', 'usr_457');
INSERT INTO trabalho.log_acesso VALUES ('log_457_0_0', 'b553d865-8fe2-47de-9a30-10e1dea3bd1d', 'usr_457');
INSERT INTO trabalho.log_acesso VALUES ('log_457_1_0', 'b553d865-8fe2-47de-9a30-10e1dea3bd1d', 'usr_457');
INSERT INTO trabalho.log_acesso VALUES ('log_457_2_0', 'b553d865-8fe2-47de-9a30-10e1dea3bd1d', 'usr_457');
INSERT INTO trabalho.log_acesso VALUES ('log_457_3_0', 'b553d865-8fe2-47de-9a30-10e1dea3bd1d', 'usr_457');
INSERT INTO trabalho.usuario_esta_inscrito_no_podcast VALUES (2, 'bc8dac25-793c-4a96-aafc-4ea7020f4f60', 'usr_457');
INSERT INTO trabalho.comentarios_podcast_usuario VALUES ('comment_457_0_1', 'Vel et error possimus voluptate dolorem quia voluptas eum.', 'bc8dac25-793c-4a96-aafc-4ea7020f4f60', 'usr_457');
INSERT INTO trabalho.comentarios_podcast_usuario VALUES ('comment_457_1_1', 'Fugiat et doloribus eius distinctio consequatur reiciendis neque.', 'bc8dac25-793c-4a96-aafc-4ea7020f4f60', 'usr_457');
INSERT INTO trabalho.log_acesso VALUES ('log_457_0_1', 'bc8dac25-793c-4a96-aafc-4ea7020f4f60', 'usr_457');
INSERT INTO trabalho.log_acesso VALUES ('log_457_1_1', 'bc8dac25-793c-4a96-aafc-4ea7020f4f60', 'usr_457');
INSERT INTO trabalho.log_acesso VALUES ('log_457_2_1', 'bc8dac25-793c-4a96-aafc-4ea7020f4f60', 'usr_457');
INSERT INTO trabalho.log_acesso VALUES ('log_457_3_1', 'bc8dac25-793c-4a96-aafc-4ea7020f4f60', 'usr_457');
INSERT INTO trabalho.log_acesso VALUES ('log_457_4_1', 'bc8dac25-793c-4a96-aafc-4ea7020f4f60', 'usr_457');
INSERT INTO trabalho.usuario_esta_inscrito_no_podcast VALUES (2, '219328a1-cec6-4e8c-b003-52a3ec9766bb', 'usr_457');
INSERT INTO trabalho.comentarios_podcast_usuario VALUES ('comment_457_0_2', 'Mollitia sit quo minus quia.', '219328a1-cec6-4e8c-b003-52a3ec9766bb', 'usr_457');
INSERT INTO trabalho.comentarios_podcast_usuario VALUES ('comment_457_1_2', 'Dolor deserunt quia recusandae ut et et nemo qui soluta.', '219328a1-cec6-4e8c-b003-52a3ec9766bb', 'usr_457');
INSERT INTO trabalho.comentarios_podcast_usuario VALUES ('comment_457_2_2', 'Est ut consequatur suscipit eos odit quia.', '219328a1-cec6-4e8c-b003-52a3ec9766bb', 'usr_457');
INSERT INTO trabalho.comentarios_podcast_usuario VALUES ('comment_457_3_2', 'Consequatur repellendus necessitatibus minus quaerat magnam et.', '219328a1-cec6-4e8c-b003-52a3ec9766bb', 'usr_457');
INSERT INTO trabalho.comentarios_podcast_usuario VALUES ('comment_457_4_2', 'Nostrum blanditiis ut saepe quo reiciendis vero quasi deleniti.', '219328a1-cec6-4e8c-b003-52a3ec9766bb', 'usr_457');
INSERT INTO trabalho.comentarios_podcast_usuario VALUES ('comment_457_5_2', 'Soluta esse ea quod qui cupiditate.', '219328a1-cec6-4e8c-b003-52a3ec9766bb', 'usr_457');
INSERT INTO trabalho.log_acesso VALUES ('log_457_0_2', '219328a1-cec6-4e8c-b003-52a3ec9766bb', 'usr_457');
INSERT INTO trabalho.log_acesso VALUES ('log_457_1_2', '219328a1-cec6-4e8c-b003-52a3ec9766bb', 'usr_457');
INSERT INTO trabalho.usuario VALUES ('usr_458', '458_Gael.Souza87@yahoo.com', 'Gael Souza', 'male', 23, 'password', 'Brasil');
INSERT INTO trabalho.usuario_esta_inscrito_no_podcast VALUES (0, '67074e68-bc2f-442b-8af2-7d328b6af6eb', 'usr_458');
INSERT INTO trabalho.comentarios_podcast_usuario VALUES ('comment_458_0_0', 'Odit consequatur dicta ea quisquam rem facere.', '67074e68-bc2f-442b-8af2-7d328b6af6eb', 'usr_458');
INSERT INTO trabalho.comentarios_podcast_usuario VALUES ('comment_458_1_0', 'Dolorem asperiores ut eum.', '67074e68-bc2f-442b-8af2-7d328b6af6eb', 'usr_458');
INSERT INTO trabalho.comentarios_podcast_usuario VALUES ('comment_458_2_0', 'Sint tempore aspernatur adipisci quam harum.', '67074e68-bc2f-442b-8af2-7d328b6af6eb', 'usr_458');
INSERT INTO trabalho.log_acesso VALUES ('log_458_0_0', '67074e68-bc2f-442b-8af2-7d328b6af6eb', 'usr_458');
INSERT INTO trabalho.log_acesso VALUES ('log_458_1_0', '67074e68-bc2f-442b-8af2-7d328b6af6eb', 'usr_458');
INSERT INTO trabalho.log_acesso VALUES ('log_458_2_0', '67074e68-bc2f-442b-8af2-7d328b6af6eb', 'usr_458');
INSERT INTO trabalho.usuario_esta_inscrito_no_podcast VALUES (2, '168c1536-4c42-4b8f-8c77-f06affefec6a', 'usr_458');
INSERT INTO trabalho.comentarios_podcast_usuario VALUES ('comment_458_0_1', 'Vel suscipit autem voluptatem eos possimus magni voluptatem ut quia.', '168c1536-4c42-4b8f-8c77-f06affefec6a', 'usr_458');
INSERT INTO trabalho.comentarios_podcast_usuario VALUES ('comment_458_1_1', 'Ducimus tenetur est dolore.', '168c1536-4c42-4b8f-8c77-f06affefec6a', 'usr_458');
INSERT INTO trabalho.log_acesso VALUES ('log_458_0_1', '168c1536-4c42-4b8f-8c77-f06affefec6a', 'usr_458');
INSERT INTO trabalho.log_acesso VALUES ('log_458_1_1', '168c1536-4c42-4b8f-8c77-f06affefec6a', 'usr_458');
INSERT INTO trabalho.log_acesso VALUES ('log_458_2_1', '168c1536-4c42-4b8f-8c77-f06affefec6a', 'usr_458');
INSERT INTO trabalho.log_acesso VALUES ('log_458_3_1', '168c1536-4c42-4b8f-8c77-f06affefec6a', 'usr_458');
INSERT INTO trabalho.log_acesso VALUES ('log_458_4_1', '168c1536-4c42-4b8f-8c77-f06affefec6a', 'usr_458');
INSERT INTO trabalho.log_acesso VALUES ('log_458_5_1', '168c1536-4c42-4b8f-8c77-f06affefec6a', 'usr_458');
INSERT INTO trabalho.usuario_esta_inscrito_no_podcast VALUES (5, '5bdf7377-8330-4f9f-8efd-e95301c122ce', 'usr_458');
INSERT INTO trabalho.comentarios_podcast_usuario VALUES ('comment_458_0_2', 'In in facere.', '5bdf7377-8330-4f9f-8efd-e95301c122ce', 'usr_458');
INSERT INTO trabalho.comentarios_podcast_usuario VALUES ('comment_458_1_2', 'Vitae aperiam rerum nemo.', '5bdf7377-8330-4f9f-8efd-e95301c122ce', 'usr_458');
INSERT INTO trabalho.comentarios_podcast_usuario VALUES ('comment_458_2_2', 'Autem ipsum exercitationem accusantium ab consectetur enim magni omnis dolor.', '5bdf7377-8330-4f9f-8efd-e95301c122ce', 'usr_458');
INSERT INTO trabalho.comentarios_podcast_usuario VALUES ('comment_458_3_2', 'Et quisquam cupiditate dolore ut corporis dolorum omnis.', '5bdf7377-8330-4f9f-8efd-e95301c122ce', 'usr_458');
INSERT INTO trabalho.log_acesso VALUES ('log_458_0_2', '5bdf7377-8330-4f9f-8efd-e95301c122ce', 'usr_458');
INSERT INTO trabalho.log_acesso VALUES ('log_458_1_2', '5bdf7377-8330-4f9f-8efd-e95301c122ce', 'usr_458');
INSERT INTO trabalho.usuario VALUES ('usr_459', '459_Caio_Souza@yahoo.com', 'Caio Souza', 'male', 15, 'password', 'Nigéria');
INSERT INTO trabalho.usuario_esta_inscrito_no_podcast VALUES (5, 'bc8dac25-793c-4a96-aafc-4ea7020f4f60', 'usr_459');
INSERT INTO trabalho.comentarios_podcast_usuario VALUES ('comment_459_0_0', 'Et quasi non illo.', 'bc8dac25-793c-4a96-aafc-4ea7020f4f60', 'usr_459');
INSERT INTO trabalho.comentarios_podcast_usuario VALUES ('comment_459_1_0', 'Tempora laboriosam necessitatibus itaque.', 'bc8dac25-793c-4a96-aafc-4ea7020f4f60', 'usr_459');
INSERT INTO trabalho.comentarios_podcast_usuario VALUES ('comment_459_2_0', 'Velit id est voluptas non.', 'bc8dac25-793c-4a96-aafc-4ea7020f4f60', 'usr_459');
INSERT INTO trabalho.log_acesso VALUES ('log_459_0_0', 'bc8dac25-793c-4a96-aafc-4ea7020f4f60', 'usr_459');
INSERT INTO trabalho.log_acesso VALUES ('log_459_1_0', 'bc8dac25-793c-4a96-aafc-4ea7020f4f60', 'usr_459');
INSERT INTO trabalho.log_acesso VALUES ('log_459_2_0', 'bc8dac25-793c-4a96-aafc-4ea7020f4f60', 'usr_459');
INSERT INTO trabalho.log_acesso VALUES ('log_459_3_0', 'bc8dac25-793c-4a96-aafc-4ea7020f4f60', 'usr_459');
INSERT INTO trabalho.log_acesso VALUES ('log_459_4_0', 'bc8dac25-793c-4a96-aafc-4ea7020f4f60', 'usr_459');
INSERT INTO trabalho.log_acesso VALUES ('log_459_5_0', 'bc8dac25-793c-4a96-aafc-4ea7020f4f60', 'usr_459');
INSERT INTO trabalho.usuario_esta_inscrito_no_podcast VALUES (5, '5bdf7377-8330-4f9f-8efd-e95301c122ce', 'usr_459');
INSERT INTO trabalho.comentarios_podcast_usuario VALUES ('comment_459_0_1', 'Autem eos esse doloribus nihil cupiditate.', '5bdf7377-8330-4f9f-8efd-e95301c122ce', 'usr_459');
INSERT INTO trabalho.comentarios_podcast_usuario VALUES ('comment_459_1_1', 'Sit ut voluptatem qui veniam inventore quaerat quas.', '5bdf7377-8330-4f9f-8efd-e95301c122ce', 'usr_459');
INSERT INTO trabalho.comentarios_podcast_usuario VALUES ('comment_459_2_1', 'Cum voluptatem enim maiores laudantium itaque.', '5bdf7377-8330-4f9f-8efd-e95301c122ce', 'usr_459');
INSERT INTO trabalho.comentarios_podcast_usuario VALUES ('comment_459_3_1', 'Perferendis libero quam ea ipsum iusto ad.', '5bdf7377-8330-4f9f-8efd-e95301c122ce', 'usr_459');
INSERT INTO trabalho.comentarios_podcast_usuario VALUES ('comment_459_4_1', 'Omnis non eligendi suscipit nemo qui.', '5bdf7377-8330-4f9f-8efd-e95301c122ce', 'usr_459');
INSERT INTO trabalho.log_acesso VALUES ('log_459_0_1', '5bdf7377-8330-4f9f-8efd-e95301c122ce', 'usr_459');
INSERT INTO trabalho.log_acesso VALUES ('log_459_1_1', '5bdf7377-8330-4f9f-8efd-e95301c122ce', 'usr_459');
INSERT INTO trabalho.usuario_esta_inscrito_no_podcast VALUES (5, '7e429e8e-7669-403d-bb78-3cd7f9f75afd', 'usr_459');
INSERT INTO trabalho.comentarios_podcast_usuario VALUES ('comment_459_0_2', 'Sequi et officia cumque saepe architecto id vel aut ut.', '7e429e8e-7669-403d-bb78-3cd7f9f75afd', 'usr_459');
INSERT INTO trabalho.comentarios_podcast_usuario VALUES ('comment_459_1_2', 'Praesentium velit similique impedit iusto.', '7e429e8e-7669-403d-bb78-3cd7f9f75afd', 'usr_459');
INSERT INTO trabalho.comentarios_podcast_usuario VALUES ('comment_459_2_2', 'Consequatur illo aut hic officia mollitia omnis atque sed.', '7e429e8e-7669-403d-bb78-3cd7f9f75afd', 'usr_459');
INSERT INTO trabalho.comentarios_podcast_usuario VALUES ('comment_459_3_2', 'Magnam harum similique velit eum beatae.', '7e429e8e-7669-403d-bb78-3cd7f9f75afd', 'usr_459');
INSERT INTO trabalho.log_acesso VALUES ('log_459_0_2', '7e429e8e-7669-403d-bb78-3cd7f9f75afd', 'usr_459');
INSERT INTO trabalho.log_acesso VALUES ('log_459_1_2', '7e429e8e-7669-403d-bb78-3cd7f9f75afd', 'usr_459');
INSERT INTO trabalho.log_acesso VALUES ('log_459_2_2', '7e429e8e-7669-403d-bb78-3cd7f9f75afd', 'usr_459');
INSERT INTO trabalho.log_acesso VALUES ('log_459_3_2', '7e429e8e-7669-403d-bb78-3cd7f9f75afd', 'usr_459');
INSERT INTO trabalho.usuario VALUES ('usr_460', '460_Fabrcio.Macedo32@gmail.com', 'Fabrício Macedo', 'male', 39, 'password', 'Kuwait');
INSERT INTO trabalho.usuario_esta_inscrito_no_podcast VALUES (0, 'af46a958-b921-47b6-9f87-5c4fdc68ea79', 'usr_460');
INSERT INTO trabalho.comentarios_podcast_usuario VALUES ('comment_460_0_0', 'Minima mollitia libero atque ut enim qui ut non.', 'af46a958-b921-47b6-9f87-5c4fdc68ea79', 'usr_460');
INSERT INTO trabalho.comentarios_podcast_usuario VALUES ('comment_460_1_0', 'Enim eum temporibus.', 'af46a958-b921-47b6-9f87-5c4fdc68ea79', 'usr_460');
INSERT INTO trabalho.comentarios_podcast_usuario VALUES ('comment_460_2_0', 'Nihil molestiae labore modi animi libero temporibus ullam ducimus voluptas.', 'af46a958-b921-47b6-9f87-5c4fdc68ea79', 'usr_460');
INSERT INTO trabalho.comentarios_podcast_usuario VALUES ('comment_460_3_0', 'Impedit cumque sed ipsum quisquam occaecati ut at.', 'af46a958-b921-47b6-9f87-5c4fdc68ea79', 'usr_460');
INSERT INTO trabalho.comentarios_podcast_usuario VALUES ('comment_460_4_0', 'Iure voluptatem dignissimos et vitae nostrum magnam quibusdam.', 'af46a958-b921-47b6-9f87-5c4fdc68ea79', 'usr_460');
INSERT INTO trabalho.log_acesso VALUES ('log_460_0_0', 'af46a958-b921-47b6-9f87-5c4fdc68ea79', 'usr_460');
INSERT INTO trabalho.log_acesso VALUES ('log_460_1_0', 'af46a958-b921-47b6-9f87-5c4fdc68ea79', 'usr_460');
INSERT INTO trabalho.log_acesso VALUES ('log_460_2_0', 'af46a958-b921-47b6-9f87-5c4fdc68ea79', 'usr_460');
INSERT INTO trabalho.usuario_esta_inscrito_no_podcast VALUES (0, 'f1b92ce7-47a7-43cd-8586-4a09185cdd05', 'usr_460');
INSERT INTO trabalho.comentarios_podcast_usuario VALUES ('comment_460_0_1', 'Qui sint quas excepturi ducimus.', 'f1b92ce7-47a7-43cd-8586-4a09185cdd05', 'usr_460');
INSERT INTO trabalho.comentarios_podcast_usuario VALUES ('comment_460_1_1', 'Vel nostrum recusandae eum est dolorum.', 'f1b92ce7-47a7-43cd-8586-4a09185cdd05', 'usr_460');
INSERT INTO trabalho.comentarios_podcast_usuario VALUES ('comment_460_2_1', 'Perspiciatis rerum et.', 'f1b92ce7-47a7-43cd-8586-4a09185cdd05', 'usr_460');
INSERT INTO trabalho.log_acesso VALUES ('log_460_0_1', 'f1b92ce7-47a7-43cd-8586-4a09185cdd05', 'usr_460');
INSERT INTO trabalho.log_acesso VALUES ('log_460_1_1', 'f1b92ce7-47a7-43cd-8586-4a09185cdd05', 'usr_460');
INSERT INTO trabalho.log_acesso VALUES ('log_460_2_1', 'f1b92ce7-47a7-43cd-8586-4a09185cdd05', 'usr_460');
INSERT INTO trabalho.log_acesso VALUES ('log_460_3_1', 'f1b92ce7-47a7-43cd-8586-4a09185cdd05', 'usr_460');
INSERT INTO trabalho.log_acesso VALUES ('log_460_4_1', 'f1b92ce7-47a7-43cd-8586-4a09185cdd05', 'usr_460');
INSERT INTO trabalho.usuario_esta_inscrito_no_podcast VALUES (5, 'f0166bd2-8e4d-4308-b5d7-0b3d627c5dc5', 'usr_460');
INSERT INTO trabalho.comentarios_podcast_usuario VALUES ('comment_460_0_2', 'Qui perspiciatis dolores quasi.', 'f0166bd2-8e4d-4308-b5d7-0b3d627c5dc5', 'usr_460');
INSERT INTO trabalho.log_acesso VALUES ('log_460_0_2', 'f0166bd2-8e4d-4308-b5d7-0b3d627c5dc5', 'usr_460');
INSERT INTO trabalho.log_acesso VALUES ('log_460_1_2', 'f0166bd2-8e4d-4308-b5d7-0b3d627c5dc5', 'usr_460');
INSERT INTO trabalho.usuario VALUES ('usr_461', '461_Paula_Reis@yahoo.com', 'Paula Reis', 'female', 29, 'password', 'Tunísia');
INSERT INTO trabalho.usuario_esta_inscrito_no_podcast VALUES (0, 'f8e13774-d631-4f34-93f0-2f5d55590265', 'usr_461');
INSERT INTO trabalho.comentarios_podcast_usuario VALUES ('comment_461_0_0', 'Eligendi eum vero facilis deserunt ullam qui velit alias.', 'f8e13774-d631-4f34-93f0-2f5d55590265', 'usr_461');
INSERT INTO trabalho.comentarios_podcast_usuario VALUES ('comment_461_1_0', 'Eius animi ea blanditiis minima rerum consectetur dolor.', 'f8e13774-d631-4f34-93f0-2f5d55590265', 'usr_461');
INSERT INTO trabalho.comentarios_podcast_usuario VALUES ('comment_461_2_0', 'Non laudantium aut non impedit et.', 'f8e13774-d631-4f34-93f0-2f5d55590265', 'usr_461');
INSERT INTO trabalho.log_acesso VALUES ('log_461_0_0', 'f8e13774-d631-4f34-93f0-2f5d55590265', 'usr_461');
INSERT INTO trabalho.log_acesso VALUES ('log_461_1_0', 'f8e13774-d631-4f34-93f0-2f5d55590265', 'usr_461');
INSERT INTO trabalho.log_acesso VALUES ('log_461_2_0', 'f8e13774-d631-4f34-93f0-2f5d55590265', 'usr_461');
INSERT INTO trabalho.usuario_esta_inscrito_no_podcast VALUES (0, 'de2f0ddb-9903-436a-a5e2-54224254c818', 'usr_461');
INSERT INTO trabalho.comentarios_podcast_usuario VALUES ('comment_461_0_1', 'Et eius modi natus adipisci nesciunt.', 'de2f0ddb-9903-436a-a5e2-54224254c818', 'usr_461');
INSERT INTO trabalho.comentarios_podcast_usuario VALUES ('comment_461_1_1', 'Necessitatibus voluptas sit.', 'de2f0ddb-9903-436a-a5e2-54224254c818', 'usr_461');
INSERT INTO trabalho.log_acesso VALUES ('log_461_0_1', 'de2f0ddb-9903-436a-a5e2-54224254c818', 'usr_461');
INSERT INTO trabalho.log_acesso VALUES ('log_461_1_1', 'de2f0ddb-9903-436a-a5e2-54224254c818', 'usr_461');
INSERT INTO trabalho.log_acesso VALUES ('log_461_2_1', 'de2f0ddb-9903-436a-a5e2-54224254c818', 'usr_461');
INSERT INTO trabalho.log_acesso VALUES ('log_461_3_1', 'de2f0ddb-9903-436a-a5e2-54224254c818', 'usr_461');
INSERT INTO trabalho.log_acesso VALUES ('log_461_4_1', 'de2f0ddb-9903-436a-a5e2-54224254c818', 'usr_461');
INSERT INTO trabalho.log_acesso VALUES ('log_461_5_1', 'de2f0ddb-9903-436a-a5e2-54224254c818', 'usr_461');
INSERT INTO trabalho.usuario_esta_inscrito_no_podcast VALUES (4, '168c1536-4c42-4b8f-8c77-f06affefec6a', 'usr_461');
INSERT INTO trabalho.comentarios_podcast_usuario VALUES ('comment_461_0_2', 'Animi doloremque deserunt est.', '168c1536-4c42-4b8f-8c77-f06affefec6a', 'usr_461');
INSERT INTO trabalho.comentarios_podcast_usuario VALUES ('comment_461_1_2', 'Est doloribus voluptas qui cupiditate quas placeat et aut.', '168c1536-4c42-4b8f-8c77-f06affefec6a', 'usr_461');
INSERT INTO trabalho.comentarios_podcast_usuario VALUES ('comment_461_2_2', 'Sunt facilis enim consequatur facere voluptatum quos consequatur illo.', '168c1536-4c42-4b8f-8c77-f06affefec6a', 'usr_461');
INSERT INTO trabalho.comentarios_podcast_usuario VALUES ('comment_461_3_2', 'Voluptatem dolorem ea possimus.', '168c1536-4c42-4b8f-8c77-f06affefec6a', 'usr_461');
INSERT INTO trabalho.log_acesso VALUES ('log_461_0_2', '168c1536-4c42-4b8f-8c77-f06affefec6a', 'usr_461');
INSERT INTO trabalho.log_acesso VALUES ('log_461_1_2', '168c1536-4c42-4b8f-8c77-f06affefec6a', 'usr_461');
INSERT INTO trabalho.log_acesso VALUES ('log_461_2_2', '168c1536-4c42-4b8f-8c77-f06affefec6a', 'usr_461');
INSERT INTO trabalho.log_acesso VALUES ('log_461_3_2', '168c1536-4c42-4b8f-8c77-f06affefec6a', 'usr_461');
INSERT INTO trabalho.log_acesso VALUES ('log_461_4_2', '168c1536-4c42-4b8f-8c77-f06affefec6a', 'usr_461');
INSERT INTO trabalho.log_acesso VALUES ('log_461_5_2', '168c1536-4c42-4b8f-8c77-f06affefec6a', 'usr_461');
INSERT INTO trabalho.usuario VALUES ('usr_462', '462_MariaJlia77@hotmail.com', 'Maria Júlia Moreira', 'female', 7, 'password', 'Algéria');
INSERT INTO trabalho.usuario_esta_inscrito_no_podcast VALUES (2, '5bdf7377-8330-4f9f-8efd-e95301c122ce', 'usr_462');
INSERT INTO trabalho.comentarios_podcast_usuario VALUES ('comment_462_0_0', 'Neque cumque magnam consectetur repellat perferendis praesentium iste.', '5bdf7377-8330-4f9f-8efd-e95301c122ce', 'usr_462');
INSERT INTO trabalho.comentarios_podcast_usuario VALUES ('comment_462_1_0', 'Magni magnam vitae ut suscipit omnis et sint.', '5bdf7377-8330-4f9f-8efd-e95301c122ce', 'usr_462');
INSERT INTO trabalho.comentarios_podcast_usuario VALUES ('comment_462_2_0', 'Harum harum dolorem consequatur quia quaerat odit quibusdam.', '5bdf7377-8330-4f9f-8efd-e95301c122ce', 'usr_462');
INSERT INTO trabalho.log_acesso VALUES ('log_462_0_0', '5bdf7377-8330-4f9f-8efd-e95301c122ce', 'usr_462');
INSERT INTO trabalho.log_acesso VALUES ('log_462_1_0', '5bdf7377-8330-4f9f-8efd-e95301c122ce', 'usr_462');
INSERT INTO trabalho.log_acesso VALUES ('log_462_2_0', '5bdf7377-8330-4f9f-8efd-e95301c122ce', 'usr_462');
INSERT INTO trabalho.log_acesso VALUES ('log_462_3_0', '5bdf7377-8330-4f9f-8efd-e95301c122ce', 'usr_462');
INSERT INTO trabalho.log_acesso VALUES ('log_462_4_0', '5bdf7377-8330-4f9f-8efd-e95301c122ce', 'usr_462');
INSERT INTO trabalho.log_acesso VALUES ('log_462_5_0', '5bdf7377-8330-4f9f-8efd-e95301c122ce', 'usr_462');
INSERT INTO trabalho.usuario_esta_inscrito_no_podcast VALUES (4, 'af46a958-b921-47b6-9f87-5c4fdc68ea79', 'usr_462');
INSERT INTO trabalho.comentarios_podcast_usuario VALUES ('comment_462_0_1', 'Dolorem tenetur sed mollitia.', 'af46a958-b921-47b6-9f87-5c4fdc68ea79', 'usr_462');
INSERT INTO trabalho.comentarios_podcast_usuario VALUES ('comment_462_1_1', 'Fugiat ut ab magni ab et nulla ratione doloremque ut.', 'af46a958-b921-47b6-9f87-5c4fdc68ea79', 'usr_462');
INSERT INTO trabalho.log_acesso VALUES ('log_462_0_1', 'af46a958-b921-47b6-9f87-5c4fdc68ea79', 'usr_462');
INSERT INTO trabalho.log_acesso VALUES ('log_462_1_1', 'af46a958-b921-47b6-9f87-5c4fdc68ea79', 'usr_462');
INSERT INTO trabalho.log_acesso VALUES ('log_462_2_1', 'af46a958-b921-47b6-9f87-5c4fdc68ea79', 'usr_462');
INSERT INTO trabalho.usuario_esta_inscrito_no_podcast VALUES (2, 'fa3abe16-3645-4d22-a01d-893e6f20c408', 'usr_462');
INSERT INTO trabalho.comentarios_podcast_usuario VALUES ('comment_462_0_2', 'Repellat exercitationem impedit aut molestiae.', 'fa3abe16-3645-4d22-a01d-893e6f20c408', 'usr_462');
INSERT INTO trabalho.log_acesso VALUES ('log_462_0_2', 'fa3abe16-3645-4d22-a01d-893e6f20c408', 'usr_462');
INSERT INTO trabalho.log_acesso VALUES ('log_462_1_2', 'fa3abe16-3645-4d22-a01d-893e6f20c408', 'usr_462');
INSERT INTO trabalho.log_acesso VALUES ('log_462_2_2', 'fa3abe16-3645-4d22-a01d-893e6f20c408', 'usr_462');
INSERT INTO trabalho.usuario VALUES ('usr_463', '463_Margarida.Xavier71@yahoo.com', 'Margarida Xavier', 'female', 51, 'password', 'Ilhas Cook');
INSERT INTO trabalho.usuario_esta_inscrito_no_podcast VALUES (2, 'f1b92ce7-47a7-43cd-8586-4a09185cdd05', 'usr_463');
INSERT INTO trabalho.comentarios_podcast_usuario VALUES ('comment_463_0_0', 'Debitis quia alias fugiat autem vel sit.', 'f1b92ce7-47a7-43cd-8586-4a09185cdd05', 'usr_463');
INSERT INTO trabalho.comentarios_podcast_usuario VALUES ('comment_463_1_0', 'Dolorem quos quo voluptatem ducimus.', 'f1b92ce7-47a7-43cd-8586-4a09185cdd05', 'usr_463');
INSERT INTO trabalho.comentarios_podcast_usuario VALUES ('comment_463_2_0', 'Vel odio et sit voluptates dignissimos et.', 'f1b92ce7-47a7-43cd-8586-4a09185cdd05', 'usr_463');
INSERT INTO trabalho.comentarios_podcast_usuario VALUES ('comment_463_3_0', 'Omnis omnis animi voluptatem.', 'f1b92ce7-47a7-43cd-8586-4a09185cdd05', 'usr_463');
INSERT INTO trabalho.comentarios_podcast_usuario VALUES ('comment_463_4_0', 'Ut sunt omnis eos sint dolorem quos quasi.', 'f1b92ce7-47a7-43cd-8586-4a09185cdd05', 'usr_463');
INSERT INTO trabalho.comentarios_podcast_usuario VALUES ('comment_463_5_0', 'Voluptatem eos nemo possimus natus et ea quo.', 'f1b92ce7-47a7-43cd-8586-4a09185cdd05', 'usr_463');
INSERT INTO trabalho.log_acesso VALUES ('log_463_0_0', 'f1b92ce7-47a7-43cd-8586-4a09185cdd05', 'usr_463');
INSERT INTO trabalho.log_acesso VALUES ('log_463_1_0', 'f1b92ce7-47a7-43cd-8586-4a09185cdd05', 'usr_463');
INSERT INTO trabalho.log_acesso VALUES ('log_463_2_0', 'f1b92ce7-47a7-43cd-8586-4a09185cdd05', 'usr_463');
INSERT INTO trabalho.usuario_esta_inscrito_no_podcast VALUES (2, 'b553d865-8fe2-47de-9a30-10e1dea3bd1d', 'usr_463');
INSERT INTO trabalho.comentarios_podcast_usuario VALUES ('comment_463_0_1', 'Illum est in nisi omnis.', 'b553d865-8fe2-47de-9a30-10e1dea3bd1d', 'usr_463');
INSERT INTO trabalho.comentarios_podcast_usuario VALUES ('comment_463_1_1', 'Illo sed adipisci eaque rerum.', 'b553d865-8fe2-47de-9a30-10e1dea3bd1d', 'usr_463');
INSERT INTO trabalho.comentarios_podcast_usuario VALUES ('comment_463_2_1', 'Veniam qui quia qui eligendi odit aperiam molestias.', 'b553d865-8fe2-47de-9a30-10e1dea3bd1d', 'usr_463');
INSERT INTO trabalho.log_acesso VALUES ('log_463_0_1', 'b553d865-8fe2-47de-9a30-10e1dea3bd1d', 'usr_463');
INSERT INTO trabalho.log_acesso VALUES ('log_463_1_1', 'b553d865-8fe2-47de-9a30-10e1dea3bd1d', 'usr_463');
INSERT INTO trabalho.log_acesso VALUES ('log_463_2_1', 'b553d865-8fe2-47de-9a30-10e1dea3bd1d', 'usr_463');
INSERT INTO trabalho.log_acesso VALUES ('log_463_3_1', 'b553d865-8fe2-47de-9a30-10e1dea3bd1d', 'usr_463');
INSERT INTO trabalho.usuario_esta_inscrito_no_podcast VALUES (2, 'f0166bd2-8e4d-4308-b5d7-0b3d627c5dc5', 'usr_463');
INSERT INTO trabalho.comentarios_podcast_usuario VALUES ('comment_463_0_2', 'Provident vel quam enim reprehenderit et et.', 'f0166bd2-8e4d-4308-b5d7-0b3d627c5dc5', 'usr_463');
INSERT INTO trabalho.comentarios_podcast_usuario VALUES ('comment_463_1_2', 'Magnam doloremque vel sed similique ut laudantium minus natus.', 'f0166bd2-8e4d-4308-b5d7-0b3d627c5dc5', 'usr_463');
INSERT INTO trabalho.comentarios_podcast_usuario VALUES ('comment_463_2_2', 'Aut quia quod aliquid blanditiis beatae nemo veritatis illo qui.', 'f0166bd2-8e4d-4308-b5d7-0b3d627c5dc5', 'usr_463');
INSERT INTO trabalho.log_acesso VALUES ('log_463_0_2', 'f0166bd2-8e4d-4308-b5d7-0b3d627c5dc5', 'usr_463');
INSERT INTO trabalho.log_acesso VALUES ('log_463_1_2', 'f0166bd2-8e4d-4308-b5d7-0b3d627c5dc5', 'usr_463');
INSERT INTO trabalho.log_acesso VALUES ('log_463_2_2', 'f0166bd2-8e4d-4308-b5d7-0b3d627c5dc5', 'usr_463');
INSERT INTO trabalho.usuario VALUES ('usr_464', '464_Talita.Martins@yahoo.com', 'Talita Martins', 'female', 57, 'password', 'Nepal');
INSERT INTO trabalho.usuario_esta_inscrito_no_podcast VALUES (1, 'c58b280a-56d4-4ad8-8c85-730e4ea86361', 'usr_464');
INSERT INTO trabalho.comentarios_podcast_usuario VALUES ('comment_464_0_0', 'Aut sunt soluta nulla hic quod impedit.', 'c58b280a-56d4-4ad8-8c85-730e4ea86361', 'usr_464');
INSERT INTO trabalho.comentarios_podcast_usuario VALUES ('comment_464_1_0', 'Eos impedit voluptate ab inventore optio id omnis molestias ipsa.', 'c58b280a-56d4-4ad8-8c85-730e4ea86361', 'usr_464');
INSERT INTO trabalho.log_acesso VALUES ('log_464_0_0', 'c58b280a-56d4-4ad8-8c85-730e4ea86361', 'usr_464');
INSERT INTO trabalho.log_acesso VALUES ('log_464_1_0', 'c58b280a-56d4-4ad8-8c85-730e4ea86361', 'usr_464');
INSERT INTO trabalho.log_acesso VALUES ('log_464_2_0', 'c58b280a-56d4-4ad8-8c85-730e4ea86361', 'usr_464');
INSERT INTO trabalho.log_acesso VALUES ('log_464_3_0', 'c58b280a-56d4-4ad8-8c85-730e4ea86361', 'usr_464');
INSERT INTO trabalho.usuario_esta_inscrito_no_podcast VALUES (4, 'af46a958-b921-47b6-9f87-5c4fdc68ea79', 'usr_464');
INSERT INTO trabalho.comentarios_podcast_usuario VALUES ('comment_464_0_1', 'Impedit placeat natus quos mollitia porro ut fuga.', 'af46a958-b921-47b6-9f87-5c4fdc68ea79', 'usr_464');
INSERT INTO trabalho.comentarios_podcast_usuario VALUES ('comment_464_1_1', 'Id ut et id magnam alias ducimus ea recusandae sunt.', 'af46a958-b921-47b6-9f87-5c4fdc68ea79', 'usr_464');
INSERT INTO trabalho.log_acesso VALUES ('log_464_0_1', 'af46a958-b921-47b6-9f87-5c4fdc68ea79', 'usr_464');
INSERT INTO trabalho.log_acesso VALUES ('log_464_1_1', 'af46a958-b921-47b6-9f87-5c4fdc68ea79', 'usr_464');
INSERT INTO trabalho.log_acesso VALUES ('log_464_2_1', 'af46a958-b921-47b6-9f87-5c4fdc68ea79', 'usr_464');
INSERT INTO trabalho.log_acesso VALUES ('log_464_3_1', 'af46a958-b921-47b6-9f87-5c4fdc68ea79', 'usr_464');
INSERT INTO trabalho.usuario_esta_inscrito_no_podcast VALUES (0, 'b553d865-8fe2-47de-9a30-10e1dea3bd1d', 'usr_464');
INSERT INTO trabalho.comentarios_podcast_usuario VALUES ('comment_464_0_2', 'Non reprehenderit suscipit in eveniet aut.', 'b553d865-8fe2-47de-9a30-10e1dea3bd1d', 'usr_464');
INSERT INTO trabalho.comentarios_podcast_usuario VALUES ('comment_464_1_2', 'Et et vel facilis cupiditate consequatur sunt ullam similique ut.', 'b553d865-8fe2-47de-9a30-10e1dea3bd1d', 'usr_464');
INSERT INTO trabalho.comentarios_podcast_usuario VALUES ('comment_464_2_2', 'Voluptatum qui sed dignissimos autem sed.', 'b553d865-8fe2-47de-9a30-10e1dea3bd1d', 'usr_464');
INSERT INTO trabalho.log_acesso VALUES ('log_464_0_2', 'b553d865-8fe2-47de-9a30-10e1dea3bd1d', 'usr_464');
INSERT INTO trabalho.usuario VALUES ('usr_465', '465_Norberto.Xavier@live.com', 'Norberto Xavier', 'male', 45, 'password', 'Guiné');
INSERT INTO trabalho.usuario_esta_inscrito_no_podcast VALUES (3, '219328a1-cec6-4e8c-b003-52a3ec9766bb', 'usr_465');
INSERT INTO trabalho.comentarios_podcast_usuario VALUES ('comment_465_0_0', 'Quis aut illum minus.', '219328a1-cec6-4e8c-b003-52a3ec9766bb', 'usr_465');
INSERT INTO trabalho.comentarios_podcast_usuario VALUES ('comment_465_1_0', 'Aperiam facere voluptas ut quia est praesentium.', '219328a1-cec6-4e8c-b003-52a3ec9766bb', 'usr_465');
INSERT INTO trabalho.comentarios_podcast_usuario VALUES ('comment_465_2_0', 'Ex voluptatibus dicta asperiores dolores enim iure consequuntur.', '219328a1-cec6-4e8c-b003-52a3ec9766bb', 'usr_465');
INSERT INTO trabalho.log_acesso VALUES ('log_465_0_0', '219328a1-cec6-4e8c-b003-52a3ec9766bb', 'usr_465');
INSERT INTO trabalho.log_acesso VALUES ('log_465_1_0', '219328a1-cec6-4e8c-b003-52a3ec9766bb', 'usr_465');
INSERT INTO trabalho.log_acesso VALUES ('log_465_2_0', '219328a1-cec6-4e8c-b003-52a3ec9766bb', 'usr_465');
INSERT INTO trabalho.usuario_esta_inscrito_no_podcast VALUES (4, 'f8e13774-d631-4f34-93f0-2f5d55590265', 'usr_465');
INSERT INTO trabalho.comentarios_podcast_usuario VALUES ('comment_465_0_1', 'Totam provident tempore suscipit.', 'f8e13774-d631-4f34-93f0-2f5d55590265', 'usr_465');
INSERT INTO trabalho.comentarios_podcast_usuario VALUES ('comment_465_1_1', 'Enim et quisquam voluptatem laborum est aut tempore unde numquam.', 'f8e13774-d631-4f34-93f0-2f5d55590265', 'usr_465');
INSERT INTO trabalho.comentarios_podcast_usuario VALUES ('comment_465_2_1', 'Ullam ab inventore sunt tempora.', 'f8e13774-d631-4f34-93f0-2f5d55590265', 'usr_465');
INSERT INTO trabalho.comentarios_podcast_usuario VALUES ('comment_465_3_1', 'Fugiat consequuntur voluptatem iusto temporibus autem eaque voluptas.', 'f8e13774-d631-4f34-93f0-2f5d55590265', 'usr_465');
INSERT INTO trabalho.comentarios_podcast_usuario VALUES ('comment_465_4_1', 'Similique et placeat unde dolorem quo quia in recusandae.', 'f8e13774-d631-4f34-93f0-2f5d55590265', 'usr_465');
INSERT INTO trabalho.log_acesso VALUES ('log_465_0_1', 'f8e13774-d631-4f34-93f0-2f5d55590265', 'usr_465');
INSERT INTO trabalho.log_acesso VALUES ('log_465_1_1', 'f8e13774-d631-4f34-93f0-2f5d55590265', 'usr_465');
INSERT INTO trabalho.usuario_esta_inscrito_no_podcast VALUES (5, '67074e68-bc2f-442b-8af2-7d328b6af6eb', 'usr_465');
INSERT INTO trabalho.comentarios_podcast_usuario VALUES ('comment_465_0_2', 'Error qui amet quam repellat.', '67074e68-bc2f-442b-8af2-7d328b6af6eb', 'usr_465');
INSERT INTO trabalho.comentarios_podcast_usuario VALUES ('comment_465_1_2', 'Perspiciatis velit sapiente debitis deleniti.', '67074e68-bc2f-442b-8af2-7d328b6af6eb', 'usr_465');
INSERT INTO trabalho.log_acesso VALUES ('log_465_0_2', '67074e68-bc2f-442b-8af2-7d328b6af6eb', 'usr_465');
INSERT INTO trabalho.log_acesso VALUES ('log_465_1_2', '67074e68-bc2f-442b-8af2-7d328b6af6eb', 'usr_465');
INSERT INTO trabalho.usuario VALUES ('usr_466', '466_Elisa32@yahoo.com', 'Elisa Batista', 'female', 0, 'password', 'Malawi');
INSERT INTO trabalho.usuario_esta_inscrito_no_podcast VALUES (3, 'bc8dac25-793c-4a96-aafc-4ea7020f4f60', 'usr_466');
INSERT INTO trabalho.comentarios_podcast_usuario VALUES ('comment_466_0_0', 'Labore minima error.', 'bc8dac25-793c-4a96-aafc-4ea7020f4f60', 'usr_466');
INSERT INTO trabalho.log_acesso VALUES ('log_466_0_0', 'bc8dac25-793c-4a96-aafc-4ea7020f4f60', 'usr_466');
INSERT INTO trabalho.log_acesso VALUES ('log_466_1_0', 'bc8dac25-793c-4a96-aafc-4ea7020f4f60', 'usr_466');
INSERT INTO trabalho.usuario_esta_inscrito_no_podcast VALUES (1, 'c58b280a-56d4-4ad8-8c85-730e4ea86361', 'usr_466');
INSERT INTO trabalho.comentarios_podcast_usuario VALUES ('comment_466_0_1', 'Voluptates expedita ipsa voluptas modi.', 'c58b280a-56d4-4ad8-8c85-730e4ea86361', 'usr_466');
INSERT INTO trabalho.comentarios_podcast_usuario VALUES ('comment_466_1_1', 'Assumenda quo in odio illum aperiam odio corrupti.', 'c58b280a-56d4-4ad8-8c85-730e4ea86361', 'usr_466');
INSERT INTO trabalho.comentarios_podcast_usuario VALUES ('comment_466_2_1', 'Ea quos tenetur itaque.', 'c58b280a-56d4-4ad8-8c85-730e4ea86361', 'usr_466');
INSERT INTO trabalho.log_acesso VALUES ('log_466_0_1', 'c58b280a-56d4-4ad8-8c85-730e4ea86361', 'usr_466');
INSERT INTO trabalho.usuario_esta_inscrito_no_podcast VALUES (2, 'fa3abe16-3645-4d22-a01d-893e6f20c408', 'usr_466');
INSERT INTO trabalho.comentarios_podcast_usuario VALUES ('comment_466_0_2', 'In inventore veritatis ut nihil optio debitis.', 'fa3abe16-3645-4d22-a01d-893e6f20c408', 'usr_466');
INSERT INTO trabalho.comentarios_podcast_usuario VALUES ('comment_466_1_2', 'Ducimus et consequuntur voluptate cumque consequatur animi labore rem facilis.', 'fa3abe16-3645-4d22-a01d-893e6f20c408', 'usr_466');
INSERT INTO trabalho.comentarios_podcast_usuario VALUES ('comment_466_2_2', 'Labore velit aliquid numquam veritatis maiores.', 'fa3abe16-3645-4d22-a01d-893e6f20c408', 'usr_466');
INSERT INTO trabalho.comentarios_podcast_usuario VALUES ('comment_466_3_2', 'Est esse et ipsa iusto eaque.', 'fa3abe16-3645-4d22-a01d-893e6f20c408', 'usr_466');
INSERT INTO trabalho.log_acesso VALUES ('log_466_0_2', 'fa3abe16-3645-4d22-a01d-893e6f20c408', 'usr_466');
INSERT INTO trabalho.log_acesso VALUES ('log_466_1_2', 'fa3abe16-3645-4d22-a01d-893e6f20c408', 'usr_466');
INSERT INTO trabalho.log_acesso VALUES ('log_466_2_2', 'fa3abe16-3645-4d22-a01d-893e6f20c408', 'usr_466');
INSERT INTO trabalho.log_acesso VALUES ('log_466_3_2', 'fa3abe16-3645-4d22-a01d-893e6f20c408', 'usr_466');
INSERT INTO trabalho.log_acesso VALUES ('log_466_4_2', 'fa3abe16-3645-4d22-a01d-893e6f20c408', 'usr_466');
INSERT INTO trabalho.log_acesso VALUES ('log_466_5_2', 'fa3abe16-3645-4d22-a01d-893e6f20c408', 'usr_466');
INSERT INTO trabalho.log_acesso VALUES ('log_466_6_2', 'fa3abe16-3645-4d22-a01d-893e6f20c408', 'usr_466');
INSERT INTO trabalho.usuario VALUES ('usr_467', '467_Miguel.Moraes99@gmail.com', 'Miguel Moraes', 'male', 30, 'password', 'Lesoto');
INSERT INTO trabalho.usuario_esta_inscrito_no_podcast VALUES (0, '219328a1-cec6-4e8c-b003-52a3ec9766bb', 'usr_467');
INSERT INTO trabalho.comentarios_podcast_usuario VALUES ('comment_467_0_0', 'Error incidunt voluptatem earum odit.', '219328a1-cec6-4e8c-b003-52a3ec9766bb', 'usr_467');
INSERT INTO trabalho.log_acesso VALUES ('log_467_0_0', '219328a1-cec6-4e8c-b003-52a3ec9766bb', 'usr_467');
INSERT INTO trabalho.log_acesso VALUES ('log_467_1_0', '219328a1-cec6-4e8c-b003-52a3ec9766bb', 'usr_467');
INSERT INTO trabalho.usuario_esta_inscrito_no_podcast VALUES (5, 'de2f0ddb-9903-436a-a5e2-54224254c818', 'usr_467');
INSERT INTO trabalho.comentarios_podcast_usuario VALUES ('comment_467_0_1', 'Dicta est quia voluptas quo quis porro culpa officia expedita.', 'de2f0ddb-9903-436a-a5e2-54224254c818', 'usr_467');
INSERT INTO trabalho.comentarios_podcast_usuario VALUES ('comment_467_1_1', 'Alias perferendis voluptates voluptatum libero optio iure.', 'de2f0ddb-9903-436a-a5e2-54224254c818', 'usr_467');
INSERT INTO trabalho.comentarios_podcast_usuario VALUES ('comment_467_2_1', 'Voluptas et nemo.', 'de2f0ddb-9903-436a-a5e2-54224254c818', 'usr_467');
INSERT INTO trabalho.comentarios_podcast_usuario VALUES ('comment_467_3_1', 'Facilis eaque temporibus reiciendis cum reprehenderit quas veniam.', 'de2f0ddb-9903-436a-a5e2-54224254c818', 'usr_467');
INSERT INTO trabalho.log_acesso VALUES ('log_467_0_1', 'de2f0ddb-9903-436a-a5e2-54224254c818', 'usr_467');
INSERT INTO trabalho.log_acesso VALUES ('log_467_1_1', 'de2f0ddb-9903-436a-a5e2-54224254c818', 'usr_467');
INSERT INTO trabalho.log_acesso VALUES ('log_467_2_1', 'de2f0ddb-9903-436a-a5e2-54224254c818', 'usr_467');
INSERT INTO trabalho.usuario_esta_inscrito_no_podcast VALUES (4, 'f0166bd2-8e4d-4308-b5d7-0b3d627c5dc5', 'usr_467');
INSERT INTO trabalho.comentarios_podcast_usuario VALUES ('comment_467_0_2', 'Eos debitis ut veniam voluptate nihil quasi.', 'f0166bd2-8e4d-4308-b5d7-0b3d627c5dc5', 'usr_467');
INSERT INTO trabalho.comentarios_podcast_usuario VALUES ('comment_467_1_2', 'Doloremque maxime voluptatem quia.', 'f0166bd2-8e4d-4308-b5d7-0b3d627c5dc5', 'usr_467');
INSERT INTO trabalho.log_acesso VALUES ('log_467_0_2', 'f0166bd2-8e4d-4308-b5d7-0b3d627c5dc5', 'usr_467');
INSERT INTO trabalho.log_acesso VALUES ('log_467_1_2', 'f0166bd2-8e4d-4308-b5d7-0b3d627c5dc5', 'usr_467');
INSERT INTO trabalho.log_acesso VALUES ('log_467_2_2', 'f0166bd2-8e4d-4308-b5d7-0b3d627c5dc5', 'usr_467');
INSERT INTO trabalho.log_acesso VALUES ('log_467_3_2', 'f0166bd2-8e4d-4308-b5d7-0b3d627c5dc5', 'usr_467');
INSERT INTO trabalho.log_acesso VALUES ('log_467_4_2', 'f0166bd2-8e4d-4308-b5d7-0b3d627c5dc5', 'usr_467');
INSERT INTO trabalho.log_acesso VALUES ('log_467_5_2', 'f0166bd2-8e4d-4308-b5d7-0b3d627c5dc5', 'usr_467');
INSERT INTO trabalho.usuario VALUES ('usr_468', '468_Sara.Silva@bol.com.br', 'Sara Silva', 'female', 42, 'password', 'Ilha Bouvet');
INSERT INTO trabalho.usuario_esta_inscrito_no_podcast VALUES (2, '168c1536-4c42-4b8f-8c77-f06affefec6a', 'usr_468');
INSERT INTO trabalho.comentarios_podcast_usuario VALUES ('comment_468_0_0', 'Quas commodi ut.', '168c1536-4c42-4b8f-8c77-f06affefec6a', 'usr_468');
INSERT INTO trabalho.comentarios_podcast_usuario VALUES ('comment_468_1_0', 'Eos molestiae nihil eaque voluptatem minus voluptas recusandae.', '168c1536-4c42-4b8f-8c77-f06affefec6a', 'usr_468');
INSERT INTO trabalho.comentarios_podcast_usuario VALUES ('comment_468_2_0', 'Consequatur aut corrupti illo ut aliquid rem.', '168c1536-4c42-4b8f-8c77-f06affefec6a', 'usr_468');
INSERT INTO trabalho.log_acesso VALUES ('log_468_0_0', '168c1536-4c42-4b8f-8c77-f06affefec6a', 'usr_468');
INSERT INTO trabalho.log_acesso VALUES ('log_468_1_0', '168c1536-4c42-4b8f-8c77-f06affefec6a', 'usr_468');
INSERT INTO trabalho.usuario_esta_inscrito_no_podcast VALUES (3, 'de2f0ddb-9903-436a-a5e2-54224254c818', 'usr_468');
INSERT INTO trabalho.comentarios_podcast_usuario VALUES ('comment_468_0_1', 'Non necessitatibus magnam delectus et doloremque dolorem dolorum voluptatibus sit.', 'de2f0ddb-9903-436a-a5e2-54224254c818', 'usr_468');
INSERT INTO trabalho.comentarios_podcast_usuario VALUES ('comment_468_1_1', 'Tenetur et quis asperiores tempora consequatur labore quo.', 'de2f0ddb-9903-436a-a5e2-54224254c818', 'usr_468');
INSERT INTO trabalho.log_acesso VALUES ('log_468_0_1', 'de2f0ddb-9903-436a-a5e2-54224254c818', 'usr_468');
INSERT INTO trabalho.log_acesso VALUES ('log_468_1_1', 'de2f0ddb-9903-436a-a5e2-54224254c818', 'usr_468');
INSERT INTO trabalho.log_acesso VALUES ('log_468_2_1', 'de2f0ddb-9903-436a-a5e2-54224254c818', 'usr_468');
INSERT INTO trabalho.log_acesso VALUES ('log_468_3_1', 'de2f0ddb-9903-436a-a5e2-54224254c818', 'usr_468');
INSERT INTO trabalho.usuario_esta_inscrito_no_podcast VALUES (2, 'f0166bd2-8e4d-4308-b5d7-0b3d627c5dc5', 'usr_468');
INSERT INTO trabalho.comentarios_podcast_usuario VALUES ('comment_468_0_2', 'Aut amet et voluptates perferendis debitis ullam eveniet.', 'f0166bd2-8e4d-4308-b5d7-0b3d627c5dc5', 'usr_468');
INSERT INTO trabalho.comentarios_podcast_usuario VALUES ('comment_468_1_2', 'Nostrum nemo est assumenda eos officiis unde consequatur hic veritatis.', 'f0166bd2-8e4d-4308-b5d7-0b3d627c5dc5', 'usr_468');
INSERT INTO trabalho.comentarios_podcast_usuario VALUES ('comment_468_2_2', 'Temporibus et eos numquam qui cumque alias et repudiandae nulla.', 'f0166bd2-8e4d-4308-b5d7-0b3d627c5dc5', 'usr_468');
INSERT INTO trabalho.comentarios_podcast_usuario VALUES ('comment_468_3_2', 'Natus officia vel iusto esse autem.', 'f0166bd2-8e4d-4308-b5d7-0b3d627c5dc5', 'usr_468');
INSERT INTO trabalho.log_acesso VALUES ('log_468_0_2', 'f0166bd2-8e4d-4308-b5d7-0b3d627c5dc5', 'usr_468');
INSERT INTO trabalho.log_acesso VALUES ('log_468_1_2', 'f0166bd2-8e4d-4308-b5d7-0b3d627c5dc5', 'usr_468');
INSERT INTO trabalho.log_acesso VALUES ('log_468_2_2', 'f0166bd2-8e4d-4308-b5d7-0b3d627c5dc5', 'usr_468');
INSERT INTO trabalho.usuario VALUES ('usr_469', '469_Carlos66@yahoo.com', 'Carlos Xavier', 'male', 32, 'password', 'Uzbequistão');
INSERT INTO trabalho.usuario_esta_inscrito_no_podcast VALUES (1, 'bc8dac25-793c-4a96-aafc-4ea7020f4f60', 'usr_469');
INSERT INTO trabalho.comentarios_podcast_usuario VALUES ('comment_469_0_0', 'Quae iste itaque cumque et.', 'bc8dac25-793c-4a96-aafc-4ea7020f4f60', 'usr_469');
INSERT INTO trabalho.comentarios_podcast_usuario VALUES ('comment_469_1_0', 'Quisquam doloribus autem earum pariatur veniam excepturi error eos et.', 'bc8dac25-793c-4a96-aafc-4ea7020f4f60', 'usr_469');
INSERT INTO trabalho.comentarios_podcast_usuario VALUES ('comment_469_2_0', 'Perferendis aut eius illum repudiandae et quod.', 'bc8dac25-793c-4a96-aafc-4ea7020f4f60', 'usr_469');
INSERT INTO trabalho.log_acesso VALUES ('log_469_0_0', 'bc8dac25-793c-4a96-aafc-4ea7020f4f60', 'usr_469');
INSERT INTO trabalho.log_acesso VALUES ('log_469_1_0', 'bc8dac25-793c-4a96-aafc-4ea7020f4f60', 'usr_469');
INSERT INTO trabalho.usuario_esta_inscrito_no_podcast VALUES (3, 'c58b280a-56d4-4ad8-8c85-730e4ea86361', 'usr_469');
INSERT INTO trabalho.comentarios_podcast_usuario VALUES ('comment_469_0_1', 'Aut facere omnis non dolor at qui consequuntur rerum nesciunt.', 'c58b280a-56d4-4ad8-8c85-730e4ea86361', 'usr_469');
INSERT INTO trabalho.comentarios_podcast_usuario VALUES ('comment_469_1_1', 'Voluptatum ea animi qui nisi tempora sunt placeat.', 'c58b280a-56d4-4ad8-8c85-730e4ea86361', 'usr_469');
INSERT INTO trabalho.comentarios_podcast_usuario VALUES ('comment_469_2_1', 'Est odio assumenda commodi eum sit ipsum.', 'c58b280a-56d4-4ad8-8c85-730e4ea86361', 'usr_469');
INSERT INTO trabalho.log_acesso VALUES ('log_469_0_1', 'c58b280a-56d4-4ad8-8c85-730e4ea86361', 'usr_469');
INSERT INTO trabalho.log_acesso VALUES ('log_469_1_1', 'c58b280a-56d4-4ad8-8c85-730e4ea86361', 'usr_469');
INSERT INTO trabalho.log_acesso VALUES ('log_469_2_1', 'c58b280a-56d4-4ad8-8c85-730e4ea86361', 'usr_469');
INSERT INTO trabalho.usuario_esta_inscrito_no_podcast VALUES (3, '67074e68-bc2f-442b-8af2-7d328b6af6eb', 'usr_469');
INSERT INTO trabalho.comentarios_podcast_usuario VALUES ('comment_469_0_2', 'Aut veritatis earum commodi necessitatibus consequatur sunt nihil.', '67074e68-bc2f-442b-8af2-7d328b6af6eb', 'usr_469');
INSERT INTO trabalho.comentarios_podcast_usuario VALUES ('comment_469_1_2', 'Provident tempora perspiciatis et optio consequatur et ducimus quia.', '67074e68-bc2f-442b-8af2-7d328b6af6eb', 'usr_469');
INSERT INTO trabalho.comentarios_podcast_usuario VALUES ('comment_469_2_2', 'Ut ducimus neque.', '67074e68-bc2f-442b-8af2-7d328b6af6eb', 'usr_469');
INSERT INTO trabalho.log_acesso VALUES ('log_469_0_2', '67074e68-bc2f-442b-8af2-7d328b6af6eb', 'usr_469');
INSERT INTO trabalho.log_acesso VALUES ('log_469_1_2', '67074e68-bc2f-442b-8af2-7d328b6af6eb', 'usr_469');
INSERT INTO trabalho.log_acesso VALUES ('log_469_2_2', '67074e68-bc2f-442b-8af2-7d328b6af6eb', 'usr_469');
INSERT INTO trabalho.log_acesso VALUES ('log_469_3_2', '67074e68-bc2f-442b-8af2-7d328b6af6eb', 'usr_469');
INSERT INTO trabalho.usuario VALUES ('usr_470', '470_Warley95@bol.com.br', 'Warley Macedo', 'male', 37, 'password', 'Grécia');
INSERT INTO trabalho.usuario_esta_inscrito_no_podcast VALUES (1, 'f8e13774-d631-4f34-93f0-2f5d55590265', 'usr_470');
INSERT INTO trabalho.comentarios_podcast_usuario VALUES ('comment_470_0_0', 'Vel consequatur possimus rerum blanditiis.', 'f8e13774-d631-4f34-93f0-2f5d55590265', 'usr_470');
INSERT INTO trabalho.comentarios_podcast_usuario VALUES ('comment_470_1_0', 'Ad aut nobis reiciendis excepturi et.', 'f8e13774-d631-4f34-93f0-2f5d55590265', 'usr_470');
INSERT INTO trabalho.comentarios_podcast_usuario VALUES ('comment_470_2_0', 'Et laudantium adipisci hic repellat.', 'f8e13774-d631-4f34-93f0-2f5d55590265', 'usr_470');
INSERT INTO trabalho.comentarios_podcast_usuario VALUES ('comment_470_3_0', 'Aut provident et rem voluptates maiores eos vel perferendis praesentium.', 'f8e13774-d631-4f34-93f0-2f5d55590265', 'usr_470');
INSERT INTO trabalho.comentarios_podcast_usuario VALUES ('comment_470_4_0', 'Accusamus voluptatibus officiis adipisci illo deleniti exercitationem eos non.', 'f8e13774-d631-4f34-93f0-2f5d55590265', 'usr_470');
INSERT INTO trabalho.log_acesso VALUES ('log_470_0_0', 'f8e13774-d631-4f34-93f0-2f5d55590265', 'usr_470');
INSERT INTO trabalho.log_acesso VALUES ('log_470_1_0', 'f8e13774-d631-4f34-93f0-2f5d55590265', 'usr_470');
INSERT INTO trabalho.log_acesso VALUES ('log_470_2_0', 'f8e13774-d631-4f34-93f0-2f5d55590265', 'usr_470');
INSERT INTO trabalho.usuario_esta_inscrito_no_podcast VALUES (5, 'c58b280a-56d4-4ad8-8c85-730e4ea86361', 'usr_470');
INSERT INTO trabalho.comentarios_podcast_usuario VALUES ('comment_470_0_1', 'Necessitatibus aut nesciunt sequi velit dignissimos quo repudiandae ipsam laudantium.', 'c58b280a-56d4-4ad8-8c85-730e4ea86361', 'usr_470');
INSERT INTO trabalho.comentarios_podcast_usuario VALUES ('comment_470_1_1', 'Est ut blanditiis natus itaque qui animi.', 'c58b280a-56d4-4ad8-8c85-730e4ea86361', 'usr_470');
INSERT INTO trabalho.log_acesso VALUES ('log_470_0_1', 'c58b280a-56d4-4ad8-8c85-730e4ea86361', 'usr_470');
INSERT INTO trabalho.log_acesso VALUES ('log_470_1_1', 'c58b280a-56d4-4ad8-8c85-730e4ea86361', 'usr_470');
INSERT INTO trabalho.usuario_esta_inscrito_no_podcast VALUES (3, 'de2f0ddb-9903-436a-a5e2-54224254c818', 'usr_470');
INSERT INTO trabalho.comentarios_podcast_usuario VALUES ('comment_470_0_2', 'Et totam maxime autem est esse quaerat inventore.', 'de2f0ddb-9903-436a-a5e2-54224254c818', 'usr_470');
INSERT INTO trabalho.comentarios_podcast_usuario VALUES ('comment_470_1_2', 'Officia itaque quaerat.', 'de2f0ddb-9903-436a-a5e2-54224254c818', 'usr_470');
INSERT INTO trabalho.log_acesso VALUES ('log_470_0_2', 'de2f0ddb-9903-436a-a5e2-54224254c818', 'usr_470');
INSERT INTO trabalho.log_acesso VALUES ('log_470_1_2', 'de2f0ddb-9903-436a-a5e2-54224254c818', 'usr_470');
INSERT INTO trabalho.log_acesso VALUES ('log_470_2_2', 'de2f0ddb-9903-436a-a5e2-54224254c818', 'usr_470');
INSERT INTO trabalho.log_acesso VALUES ('log_470_3_2', 'de2f0ddb-9903-436a-a5e2-54224254c818', 'usr_470');
INSERT INTO trabalho.log_acesso VALUES ('log_470_4_2', 'de2f0ddb-9903-436a-a5e2-54224254c818', 'usr_470');
INSERT INTO trabalho.log_acesso VALUES ('log_470_5_2', 'de2f0ddb-9903-436a-a5e2-54224254c818', 'usr_470');
INSERT INTO trabalho.usuario VALUES ('usr_471', '471_Tertuliano23@yahoo.com', 'Tertuliano Silva', 'male', 4, 'password', 'Malawi');
INSERT INTO trabalho.usuario_esta_inscrito_no_podcast VALUES (5, 'f1b92ce7-47a7-43cd-8586-4a09185cdd05', 'usr_471');
INSERT INTO trabalho.comentarios_podcast_usuario VALUES ('comment_471_0_0', 'Neque assumenda nihil ipsum animi molestiae.', 'f1b92ce7-47a7-43cd-8586-4a09185cdd05', 'usr_471');
INSERT INTO trabalho.comentarios_podcast_usuario VALUES ('comment_471_1_0', 'Ipsam officiis et iusto culpa dolor optio enim et eaque.', 'f1b92ce7-47a7-43cd-8586-4a09185cdd05', 'usr_471');
INSERT INTO trabalho.comentarios_podcast_usuario VALUES ('comment_471_2_0', 'Debitis in molestias rerum id voluptas deleniti ut aspernatur reprehenderit.', 'f1b92ce7-47a7-43cd-8586-4a09185cdd05', 'usr_471');
INSERT INTO trabalho.comentarios_podcast_usuario VALUES ('comment_471_3_0', 'Aut impedit tempora officiis fugiat et temporibus accusamus veritatis non.', 'f1b92ce7-47a7-43cd-8586-4a09185cdd05', 'usr_471');
INSERT INTO trabalho.comentarios_podcast_usuario VALUES ('comment_471_4_0', 'Natus tempora quae consequatur sint vel accusantium nulla.', 'f1b92ce7-47a7-43cd-8586-4a09185cdd05', 'usr_471');
INSERT INTO trabalho.comentarios_podcast_usuario VALUES ('comment_471_5_0', 'Fugiat pariatur molestiae dolore est explicabo enim.', 'f1b92ce7-47a7-43cd-8586-4a09185cdd05', 'usr_471');
INSERT INTO trabalho.log_acesso VALUES ('log_471_0_0', 'f1b92ce7-47a7-43cd-8586-4a09185cdd05', 'usr_471');
INSERT INTO trabalho.log_acesso VALUES ('log_471_1_0', 'f1b92ce7-47a7-43cd-8586-4a09185cdd05', 'usr_471');
INSERT INTO trabalho.usuario_esta_inscrito_no_podcast VALUES (0, '219328a1-cec6-4e8c-b003-52a3ec9766bb', 'usr_471');
INSERT INTO trabalho.comentarios_podcast_usuario VALUES ('comment_471_0_1', 'Perspiciatis assumenda repellat in exercitationem provident non ea.', '219328a1-cec6-4e8c-b003-52a3ec9766bb', 'usr_471');
INSERT INTO trabalho.comentarios_podcast_usuario VALUES ('comment_471_1_1', 'Et repellendus eveniet consequatur itaque sint voluptatem aut sit.', '219328a1-cec6-4e8c-b003-52a3ec9766bb', 'usr_471');
INSERT INTO trabalho.comentarios_podcast_usuario VALUES ('comment_471_2_1', 'Libero repellat sit officia perspiciatis doloribus id sint voluptatem dolor.', '219328a1-cec6-4e8c-b003-52a3ec9766bb', 'usr_471');
INSERT INTO trabalho.comentarios_podcast_usuario VALUES ('comment_471_3_1', 'Voluptates dolore atque sit sed aspernatur est dolor.', '219328a1-cec6-4e8c-b003-52a3ec9766bb', 'usr_471');
INSERT INTO trabalho.comentarios_podcast_usuario VALUES ('comment_471_4_1', 'Dolor perferendis saepe.', '219328a1-cec6-4e8c-b003-52a3ec9766bb', 'usr_471');
INSERT INTO trabalho.log_acesso VALUES ('log_471_0_1', '219328a1-cec6-4e8c-b003-52a3ec9766bb', 'usr_471');
INSERT INTO trabalho.usuario_esta_inscrito_no_podcast VALUES (0, '168c1536-4c42-4b8f-8c77-f06affefec6a', 'usr_471');
INSERT INTO trabalho.comentarios_podcast_usuario VALUES ('comment_471_0_2', 'Error voluptatem blanditiis aut velit aperiam.', '168c1536-4c42-4b8f-8c77-f06affefec6a', 'usr_471');
INSERT INTO trabalho.comentarios_podcast_usuario VALUES ('comment_471_1_2', 'Beatae veniam eius.', '168c1536-4c42-4b8f-8c77-f06affefec6a', 'usr_471');
INSERT INTO trabalho.comentarios_podcast_usuario VALUES ('comment_471_2_2', 'Accusamus sunt odit praesentium beatae.', '168c1536-4c42-4b8f-8c77-f06affefec6a', 'usr_471');
INSERT INTO trabalho.log_acesso VALUES ('log_471_0_2', '168c1536-4c42-4b8f-8c77-f06affefec6a', 'usr_471');
INSERT INTO trabalho.log_acesso VALUES ('log_471_1_2', '168c1536-4c42-4b8f-8c77-f06affefec6a', 'usr_471');
INSERT INTO trabalho.log_acesso VALUES ('log_471_2_2', '168c1536-4c42-4b8f-8c77-f06affefec6a', 'usr_471');
INSERT INTO trabalho.log_acesso VALUES ('log_471_3_2', '168c1536-4c42-4b8f-8c77-f06affefec6a', 'usr_471');
INSERT INTO trabalho.usuario VALUES ('usr_472', '472_Ladislau.Melo27@yahoo.com', 'Ladislau Melo', 'male', 41, 'password', 'Bulgária');
INSERT INTO trabalho.usuario_esta_inscrito_no_podcast VALUES (1, 'c58b280a-56d4-4ad8-8c85-730e4ea86361', 'usr_472');
INSERT INTO trabalho.comentarios_podcast_usuario VALUES ('comment_472_0_0', 'Doloremque qui nihil quaerat id iste.', 'c58b280a-56d4-4ad8-8c85-730e4ea86361', 'usr_472');
INSERT INTO trabalho.comentarios_podcast_usuario VALUES ('comment_472_1_0', 'Quis iste dolorem cupiditate provident in placeat.', 'c58b280a-56d4-4ad8-8c85-730e4ea86361', 'usr_472');
INSERT INTO trabalho.comentarios_podcast_usuario VALUES ('comment_472_2_0', 'Vero porro in illum vitae perferendis accusantium quam excepturi.', 'c58b280a-56d4-4ad8-8c85-730e4ea86361', 'usr_472');
INSERT INTO trabalho.log_acesso VALUES ('log_472_0_0', 'c58b280a-56d4-4ad8-8c85-730e4ea86361', 'usr_472');
INSERT INTO trabalho.log_acesso VALUES ('log_472_1_0', 'c58b280a-56d4-4ad8-8c85-730e4ea86361', 'usr_472');
INSERT INTO trabalho.log_acesso VALUES ('log_472_2_0', 'c58b280a-56d4-4ad8-8c85-730e4ea86361', 'usr_472');
INSERT INTO trabalho.log_acesso VALUES ('log_472_3_0', 'c58b280a-56d4-4ad8-8c85-730e4ea86361', 'usr_472');
INSERT INTO trabalho.log_acesso VALUES ('log_472_4_0', 'c58b280a-56d4-4ad8-8c85-730e4ea86361', 'usr_472');
INSERT INTO trabalho.usuario_esta_inscrito_no_podcast VALUES (1, 'af46a958-b921-47b6-9f87-5c4fdc68ea79', 'usr_472');
INSERT INTO trabalho.comentarios_podcast_usuario VALUES ('comment_472_0_1', 'Qui ea rerum.', 'af46a958-b921-47b6-9f87-5c4fdc68ea79', 'usr_472');
INSERT INTO trabalho.comentarios_podcast_usuario VALUES ('comment_472_1_1', 'Voluptate praesentium ut accusantium velit facere expedita.', 'af46a958-b921-47b6-9f87-5c4fdc68ea79', 'usr_472');
INSERT INTO trabalho.comentarios_podcast_usuario VALUES ('comment_472_2_1', 'Id dolor quibusdam sed magnam ad.', 'af46a958-b921-47b6-9f87-5c4fdc68ea79', 'usr_472');
INSERT INTO trabalho.comentarios_podcast_usuario VALUES ('comment_472_3_1', 'Tempore numquam iusto laudantium voluptas aliquam eaque.', 'af46a958-b921-47b6-9f87-5c4fdc68ea79', 'usr_472');
INSERT INTO trabalho.comentarios_podcast_usuario VALUES ('comment_472_4_1', 'Quibusdam voluptatem iusto et ut non dolor.', 'af46a958-b921-47b6-9f87-5c4fdc68ea79', 'usr_472');
INSERT INTO trabalho.log_acesso VALUES ('log_472_0_1', 'af46a958-b921-47b6-9f87-5c4fdc68ea79', 'usr_472');
INSERT INTO trabalho.log_acesso VALUES ('log_472_1_1', 'af46a958-b921-47b6-9f87-5c4fdc68ea79', 'usr_472');
INSERT INTO trabalho.log_acesso VALUES ('log_472_2_1', 'af46a958-b921-47b6-9f87-5c4fdc68ea79', 'usr_472');
INSERT INTO trabalho.usuario_esta_inscrito_no_podcast VALUES (2, '7e429e8e-7669-403d-bb78-3cd7f9f75afd', 'usr_472');
INSERT INTO trabalho.comentarios_podcast_usuario VALUES ('comment_472_0_2', 'Cumque quae qui nemo excepturi harum sunt.', '7e429e8e-7669-403d-bb78-3cd7f9f75afd', 'usr_472');
INSERT INTO trabalho.comentarios_podcast_usuario VALUES ('comment_472_1_2', 'Expedita nihil illum illum.', '7e429e8e-7669-403d-bb78-3cd7f9f75afd', 'usr_472');
INSERT INTO trabalho.log_acesso VALUES ('log_472_0_2', '7e429e8e-7669-403d-bb78-3cd7f9f75afd', 'usr_472');
INSERT INTO trabalho.log_acesso VALUES ('log_472_1_2', '7e429e8e-7669-403d-bb78-3cd7f9f75afd', 'usr_472');
INSERT INTO trabalho.usuario VALUES ('usr_473', '473_Fbio68@live.com', 'Fábio Silva', 'male', 13, 'password', 'Polinésia Francesa');
INSERT INTO trabalho.usuario_esta_inscrito_no_podcast VALUES (3, 'c58b280a-56d4-4ad8-8c85-730e4ea86361', 'usr_473');
INSERT INTO trabalho.comentarios_podcast_usuario VALUES ('comment_473_0_0', 'Ea quaerat illum ducimus sit dolorum.', 'c58b280a-56d4-4ad8-8c85-730e4ea86361', 'usr_473');
INSERT INTO trabalho.log_acesso VALUES ('log_473_0_0', 'c58b280a-56d4-4ad8-8c85-730e4ea86361', 'usr_473');
INSERT INTO trabalho.log_acesso VALUES ('log_473_1_0', 'c58b280a-56d4-4ad8-8c85-730e4ea86361', 'usr_473');
INSERT INTO trabalho.log_acesso VALUES ('log_473_2_0', 'c58b280a-56d4-4ad8-8c85-730e4ea86361', 'usr_473');
INSERT INTO trabalho.usuario_esta_inscrito_no_podcast VALUES (2, '5bdf7377-8330-4f9f-8efd-e95301c122ce', 'usr_473');
INSERT INTO trabalho.comentarios_podcast_usuario VALUES ('comment_473_0_1', 'Velit sint omnis qui quasi est.', '5bdf7377-8330-4f9f-8efd-e95301c122ce', 'usr_473');
INSERT INTO trabalho.log_acesso VALUES ('log_473_0_1', '5bdf7377-8330-4f9f-8efd-e95301c122ce', 'usr_473');
INSERT INTO trabalho.log_acesso VALUES ('log_473_1_1', '5bdf7377-8330-4f9f-8efd-e95301c122ce', 'usr_473');
INSERT INTO trabalho.log_acesso VALUES ('log_473_2_1', '5bdf7377-8330-4f9f-8efd-e95301c122ce', 'usr_473');
INSERT INTO trabalho.log_acesso VALUES ('log_473_3_1', '5bdf7377-8330-4f9f-8efd-e95301c122ce', 'usr_473');
INSERT INTO trabalho.log_acesso VALUES ('log_473_4_1', '5bdf7377-8330-4f9f-8efd-e95301c122ce', 'usr_473');
INSERT INTO trabalho.usuario_esta_inscrito_no_podcast VALUES (2, 'af46a958-b921-47b6-9f87-5c4fdc68ea79', 'usr_473');
INSERT INTO trabalho.comentarios_podcast_usuario VALUES ('comment_473_0_2', 'Et reiciendis quod.', 'af46a958-b921-47b6-9f87-5c4fdc68ea79', 'usr_473');
INSERT INTO trabalho.comentarios_podcast_usuario VALUES ('comment_473_1_2', 'Amet quia velit deleniti dolores earum autem.', 'af46a958-b921-47b6-9f87-5c4fdc68ea79', 'usr_473');
INSERT INTO trabalho.log_acesso VALUES ('log_473_0_2', 'af46a958-b921-47b6-9f87-5c4fdc68ea79', 'usr_473');
INSERT INTO trabalho.log_acesso VALUES ('log_473_1_2', 'af46a958-b921-47b6-9f87-5c4fdc68ea79', 'usr_473');
INSERT INTO trabalho.usuario VALUES ('usr_474', '474_Paulo.Reis@live.com', 'Paulo Reis', 'male', 23, 'password', 'Moçambique');
INSERT INTO trabalho.usuario_esta_inscrito_no_podcast VALUES (3, '7e429e8e-7669-403d-bb78-3cd7f9f75afd', 'usr_474');
INSERT INTO trabalho.comentarios_podcast_usuario VALUES ('comment_474_0_0', 'Est facilis suscipit suscipit pariatur earum veritatis voluptas maiores.', '7e429e8e-7669-403d-bb78-3cd7f9f75afd', 'usr_474');
INSERT INTO trabalho.comentarios_podcast_usuario VALUES ('comment_474_1_0', 'Quam nihil cupiditate nihil accusamus iure voluptas aperiam reprehenderit enim.', '7e429e8e-7669-403d-bb78-3cd7f9f75afd', 'usr_474');
INSERT INTO trabalho.log_acesso VALUES ('log_474_0_0', '7e429e8e-7669-403d-bb78-3cd7f9f75afd', 'usr_474');
INSERT INTO trabalho.log_acesso VALUES ('log_474_1_0', '7e429e8e-7669-403d-bb78-3cd7f9f75afd', 'usr_474');
INSERT INTO trabalho.log_acesso VALUES ('log_474_2_0', '7e429e8e-7669-403d-bb78-3cd7f9f75afd', 'usr_474');
INSERT INTO trabalho.usuario_esta_inscrito_no_podcast VALUES (0, 'c58b280a-56d4-4ad8-8c85-730e4ea86361', 'usr_474');
INSERT INTO trabalho.comentarios_podcast_usuario VALUES ('comment_474_0_1', 'Vero accusamus dolorem.', 'c58b280a-56d4-4ad8-8c85-730e4ea86361', 'usr_474');
INSERT INTO trabalho.comentarios_podcast_usuario VALUES ('comment_474_1_1', 'Nulla qui sequi odio tempore aut veniam optio corporis.', 'c58b280a-56d4-4ad8-8c85-730e4ea86361', 'usr_474');
INSERT INTO trabalho.comentarios_podcast_usuario VALUES ('comment_474_2_1', 'Porro qui ipsam reiciendis eius.', 'c58b280a-56d4-4ad8-8c85-730e4ea86361', 'usr_474');
INSERT INTO trabalho.comentarios_podcast_usuario VALUES ('comment_474_3_1', 'Saepe aut earum non fuga ipsam culpa commodi voluptatem.', 'c58b280a-56d4-4ad8-8c85-730e4ea86361', 'usr_474');
INSERT INTO trabalho.comentarios_podcast_usuario VALUES ('comment_474_4_1', 'Omnis beatae reiciendis voluptates fugit voluptatum nisi quibusdam.', 'c58b280a-56d4-4ad8-8c85-730e4ea86361', 'usr_474');
INSERT INTO trabalho.log_acesso VALUES ('log_474_0_1', 'c58b280a-56d4-4ad8-8c85-730e4ea86361', 'usr_474');
INSERT INTO trabalho.usuario_esta_inscrito_no_podcast VALUES (2, '219328a1-cec6-4e8c-b003-52a3ec9766bb', 'usr_474');
INSERT INTO trabalho.comentarios_podcast_usuario VALUES ('comment_474_0_2', 'Debitis ab quia inventore quia ducimus.', '219328a1-cec6-4e8c-b003-52a3ec9766bb', 'usr_474');
INSERT INTO trabalho.comentarios_podcast_usuario VALUES ('comment_474_1_2', 'Qui soluta alias rerum.', '219328a1-cec6-4e8c-b003-52a3ec9766bb', 'usr_474');
INSERT INTO trabalho.log_acesso VALUES ('log_474_0_2', '219328a1-cec6-4e8c-b003-52a3ec9766bb', 'usr_474');
INSERT INTO trabalho.usuario VALUES ('usr_475', '475_EnzoGabriel.Oliveira@hotmail.com', 'Enzo Gabriel Oliveira', 'male', 43, 'password', 'Nova Caledonia');
INSERT INTO trabalho.usuario_esta_inscrito_no_podcast VALUES (2, '5bdf7377-8330-4f9f-8efd-e95301c122ce', 'usr_475');
INSERT INTO trabalho.comentarios_podcast_usuario VALUES ('comment_475_0_0', 'Tenetur nam officia ea et vitae molestias natus voluptatibus laborum.', '5bdf7377-8330-4f9f-8efd-e95301c122ce', 'usr_475');
INSERT INTO trabalho.comentarios_podcast_usuario VALUES ('comment_475_1_0', 'Recusandae molestiae corporis est harum est sit est et.', '5bdf7377-8330-4f9f-8efd-e95301c122ce', 'usr_475');
INSERT INTO trabalho.log_acesso VALUES ('log_475_0_0', '5bdf7377-8330-4f9f-8efd-e95301c122ce', 'usr_475');
INSERT INTO trabalho.log_acesso VALUES ('log_475_1_0', '5bdf7377-8330-4f9f-8efd-e95301c122ce', 'usr_475');
INSERT INTO trabalho.log_acesso VALUES ('log_475_2_0', '5bdf7377-8330-4f9f-8efd-e95301c122ce', 'usr_475');
INSERT INTO trabalho.usuario_esta_inscrito_no_podcast VALUES (3, '168c1536-4c42-4b8f-8c77-f06affefec6a', 'usr_475');
INSERT INTO trabalho.comentarios_podcast_usuario VALUES ('comment_475_0_1', 'Aliquid labore quis quia.', '168c1536-4c42-4b8f-8c77-f06affefec6a', 'usr_475');
INSERT INTO trabalho.comentarios_podcast_usuario VALUES ('comment_475_1_1', 'Laudantium repellat voluptatem.', '168c1536-4c42-4b8f-8c77-f06affefec6a', 'usr_475');
INSERT INTO trabalho.comentarios_podcast_usuario VALUES ('comment_475_2_1', 'At quae veniam vel odit.', '168c1536-4c42-4b8f-8c77-f06affefec6a', 'usr_475');
INSERT INTO trabalho.comentarios_podcast_usuario VALUES ('comment_475_3_1', 'Ullam repellat voluptatem eius qui architecto quaerat.', '168c1536-4c42-4b8f-8c77-f06affefec6a', 'usr_475');
INSERT INTO trabalho.log_acesso VALUES ('log_475_0_1', '168c1536-4c42-4b8f-8c77-f06affefec6a', 'usr_475');
INSERT INTO trabalho.log_acesso VALUES ('log_475_1_1', '168c1536-4c42-4b8f-8c77-f06affefec6a', 'usr_475');
INSERT INTO trabalho.usuario_esta_inscrito_no_podcast VALUES (1, 'f1b92ce7-47a7-43cd-8586-4a09185cdd05', 'usr_475');
INSERT INTO trabalho.comentarios_podcast_usuario VALUES ('comment_475_0_2', 'Porro nihil vero praesentium tenetur et.', 'f1b92ce7-47a7-43cd-8586-4a09185cdd05', 'usr_475');
INSERT INTO trabalho.comentarios_podcast_usuario VALUES ('comment_475_1_2', 'Modi ut ex harum sint hic officiis quisquam.', 'f1b92ce7-47a7-43cd-8586-4a09185cdd05', 'usr_475');
INSERT INTO trabalho.comentarios_podcast_usuario VALUES ('comment_475_2_2', 'Quia eos quia a provident ut voluptate.', 'f1b92ce7-47a7-43cd-8586-4a09185cdd05', 'usr_475');
INSERT INTO trabalho.comentarios_podcast_usuario VALUES ('comment_475_3_2', 'Saepe dolorem adipisci tenetur recusandae.', 'f1b92ce7-47a7-43cd-8586-4a09185cdd05', 'usr_475');
INSERT INTO trabalho.comentarios_podcast_usuario VALUES ('comment_475_4_2', 'Consequatur veniam impedit omnis quidem quia.', 'f1b92ce7-47a7-43cd-8586-4a09185cdd05', 'usr_475');
INSERT INTO trabalho.comentarios_podcast_usuario VALUES ('comment_475_5_2', 'Dolorum culpa aut est et.', 'f1b92ce7-47a7-43cd-8586-4a09185cdd05', 'usr_475');
INSERT INTO trabalho.comentarios_podcast_usuario VALUES ('comment_475_6_2', 'Fugiat officiis alias dolor ab quaerat explicabo recusandae et tenetur.', 'f1b92ce7-47a7-43cd-8586-4a09185cdd05', 'usr_475');
INSERT INTO trabalho.log_acesso VALUES ('log_475_0_2', 'f1b92ce7-47a7-43cd-8586-4a09185cdd05', 'usr_475');
INSERT INTO trabalho.log_acesso VALUES ('log_475_1_2', 'f1b92ce7-47a7-43cd-8586-4a09185cdd05', 'usr_475');
INSERT INTO trabalho.log_acesso VALUES ('log_475_2_2', 'f1b92ce7-47a7-43cd-8586-4a09185cdd05', 'usr_475');
INSERT INTO trabalho.log_acesso VALUES ('log_475_3_2', 'f1b92ce7-47a7-43cd-8586-4a09185cdd05', 'usr_475');
INSERT INTO trabalho.log_acesso VALUES ('log_475_4_2', 'f1b92ce7-47a7-43cd-8586-4a09185cdd05', 'usr_475');
INSERT INTO trabalho.log_acesso VALUES ('log_475_5_2', 'f1b92ce7-47a7-43cd-8586-4a09185cdd05', 'usr_475');
INSERT INTO trabalho.usuario VALUES ('usr_476', '476_Joo_Martins@bol.com.br', 'João Martins', 'male', 1, 'password', 'Antigua and Barbada');
INSERT INTO trabalho.usuario_esta_inscrito_no_podcast VALUES (2, 'f1b92ce7-47a7-43cd-8586-4a09185cdd05', 'usr_476');
INSERT INTO trabalho.comentarios_podcast_usuario VALUES ('comment_476_0_0', 'Aut sit similique eaque aliquid et molestiae sapiente.', 'f1b92ce7-47a7-43cd-8586-4a09185cdd05', 'usr_476');
INSERT INTO trabalho.comentarios_podcast_usuario VALUES ('comment_476_1_0', 'Est iste incidunt.', 'f1b92ce7-47a7-43cd-8586-4a09185cdd05', 'usr_476');
INSERT INTO trabalho.log_acesso VALUES ('log_476_0_0', 'f1b92ce7-47a7-43cd-8586-4a09185cdd05', 'usr_476');
INSERT INTO trabalho.log_acesso VALUES ('log_476_1_0', 'f1b92ce7-47a7-43cd-8586-4a09185cdd05', 'usr_476');
INSERT INTO trabalho.log_acesso VALUES ('log_476_2_0', 'f1b92ce7-47a7-43cd-8586-4a09185cdd05', 'usr_476');
INSERT INTO trabalho.usuario_esta_inscrito_no_podcast VALUES (5, 'af46a958-b921-47b6-9f87-5c4fdc68ea79', 'usr_476');
INSERT INTO trabalho.comentarios_podcast_usuario VALUES ('comment_476_0_1', 'Vel non voluptatem a et.', 'af46a958-b921-47b6-9f87-5c4fdc68ea79', 'usr_476');
INSERT INTO trabalho.comentarios_podcast_usuario VALUES ('comment_476_1_1', 'Deserunt nobis magni distinctio repellat ut.', 'af46a958-b921-47b6-9f87-5c4fdc68ea79', 'usr_476');
INSERT INTO trabalho.log_acesso VALUES ('log_476_0_1', 'af46a958-b921-47b6-9f87-5c4fdc68ea79', 'usr_476');
INSERT INTO trabalho.log_acesso VALUES ('log_476_1_1', 'af46a958-b921-47b6-9f87-5c4fdc68ea79', 'usr_476');
INSERT INTO trabalho.usuario_esta_inscrito_no_podcast VALUES (2, '5bdf7377-8330-4f9f-8efd-e95301c122ce', 'usr_476');
INSERT INTO trabalho.comentarios_podcast_usuario VALUES ('comment_476_0_2', 'Consectetur consectetur expedita possimus praesentium doloribus tempora.', '5bdf7377-8330-4f9f-8efd-e95301c122ce', 'usr_476');
INSERT INTO trabalho.comentarios_podcast_usuario VALUES ('comment_476_1_2', 'Ad unde ad sunt.', '5bdf7377-8330-4f9f-8efd-e95301c122ce', 'usr_476');
INSERT INTO trabalho.comentarios_podcast_usuario VALUES ('comment_476_2_2', 'Quam temporibus nihil nihil voluptas.', '5bdf7377-8330-4f9f-8efd-e95301c122ce', 'usr_476');
INSERT INTO trabalho.comentarios_podcast_usuario VALUES ('comment_476_3_2', 'Sequi autem sunt quia consequatur.', '5bdf7377-8330-4f9f-8efd-e95301c122ce', 'usr_476');
INSERT INTO trabalho.comentarios_podcast_usuario VALUES ('comment_476_4_2', 'Autem eos aliquam distinctio reprehenderit velit.', '5bdf7377-8330-4f9f-8efd-e95301c122ce', 'usr_476');
INSERT INTO trabalho.log_acesso VALUES ('log_476_0_2', '5bdf7377-8330-4f9f-8efd-e95301c122ce', 'usr_476');
INSERT INTO trabalho.usuario VALUES ('usr_477', '477_Lvia.Xavier25@bol.com.br', 'Lívia Xavier', 'female', 6, 'password', 'Noruega');
INSERT INTO trabalho.usuario_esta_inscrito_no_podcast VALUES (5, 'b553d865-8fe2-47de-9a30-10e1dea3bd1d', 'usr_477');
INSERT INTO trabalho.comentarios_podcast_usuario VALUES ('comment_477_0_0', 'Maxime aliquam id ut sint corrupti quia dolorem maiores optio.', 'b553d865-8fe2-47de-9a30-10e1dea3bd1d', 'usr_477');
INSERT INTO trabalho.log_acesso VALUES ('log_477_0_0', 'b553d865-8fe2-47de-9a30-10e1dea3bd1d', 'usr_477');
INSERT INTO trabalho.log_acesso VALUES ('log_477_1_0', 'b553d865-8fe2-47de-9a30-10e1dea3bd1d', 'usr_477');
INSERT INTO trabalho.log_acesso VALUES ('log_477_2_0', 'b553d865-8fe2-47de-9a30-10e1dea3bd1d', 'usr_477');
INSERT INTO trabalho.log_acesso VALUES ('log_477_3_0', 'b553d865-8fe2-47de-9a30-10e1dea3bd1d', 'usr_477');
INSERT INTO trabalho.usuario_esta_inscrito_no_podcast VALUES (4, 'f0166bd2-8e4d-4308-b5d7-0b3d627c5dc5', 'usr_477');
INSERT INTO trabalho.comentarios_podcast_usuario VALUES ('comment_477_0_1', 'Aut sed doloremque qui hic possimus iusto temporibus animi.', 'f0166bd2-8e4d-4308-b5d7-0b3d627c5dc5', 'usr_477');
INSERT INTO trabalho.comentarios_podcast_usuario VALUES ('comment_477_1_1', 'Tempore et nihil saepe.', 'f0166bd2-8e4d-4308-b5d7-0b3d627c5dc5', 'usr_477');
INSERT INTO trabalho.comentarios_podcast_usuario VALUES ('comment_477_2_1', 'Dolorem consequatur quia maxime.', 'f0166bd2-8e4d-4308-b5d7-0b3d627c5dc5', 'usr_477');
INSERT INTO trabalho.log_acesso VALUES ('log_477_0_1', 'f0166bd2-8e4d-4308-b5d7-0b3d627c5dc5', 'usr_477');
INSERT INTO trabalho.log_acesso VALUES ('log_477_1_1', 'f0166bd2-8e4d-4308-b5d7-0b3d627c5dc5', 'usr_477');
INSERT INTO trabalho.log_acesso VALUES ('log_477_2_1', 'f0166bd2-8e4d-4308-b5d7-0b3d627c5dc5', 'usr_477');
INSERT INTO trabalho.log_acesso VALUES ('log_477_3_1', 'f0166bd2-8e4d-4308-b5d7-0b3d627c5dc5', 'usr_477');
INSERT INTO trabalho.log_acesso VALUES ('log_477_4_1', 'f0166bd2-8e4d-4308-b5d7-0b3d627c5dc5', 'usr_477');
INSERT INTO trabalho.usuario_esta_inscrito_no_podcast VALUES (3, 'fa3abe16-3645-4d22-a01d-893e6f20c408', 'usr_477');
INSERT INTO trabalho.comentarios_podcast_usuario VALUES ('comment_477_0_2', 'Voluptates voluptas sed sed non eligendi sequi alias incidunt sed.', 'fa3abe16-3645-4d22-a01d-893e6f20c408', 'usr_477');
INSERT INTO trabalho.comentarios_podcast_usuario VALUES ('comment_477_1_2', 'Recusandae fugit dolorum vitae reiciendis.', 'fa3abe16-3645-4d22-a01d-893e6f20c408', 'usr_477');
INSERT INTO trabalho.comentarios_podcast_usuario VALUES ('comment_477_2_2', 'Vel et quaerat similique.', 'fa3abe16-3645-4d22-a01d-893e6f20c408', 'usr_477');
INSERT INTO trabalho.log_acesso VALUES ('log_477_0_2', 'fa3abe16-3645-4d22-a01d-893e6f20c408', 'usr_477');
INSERT INTO trabalho.log_acesso VALUES ('log_477_1_2', 'fa3abe16-3645-4d22-a01d-893e6f20c408', 'usr_477');
INSERT INTO trabalho.usuario VALUES ('usr_478', '478_Alcia_Oliveira8@hotmail.com', 'Alícia Oliveira', 'female', 20, 'password', 'Israel');
INSERT INTO trabalho.usuario_esta_inscrito_no_podcast VALUES (1, '7e429e8e-7669-403d-bb78-3cd7f9f75afd', 'usr_478');
INSERT INTO trabalho.comentarios_podcast_usuario VALUES ('comment_478_0_0', 'Qui laudantium unde ullam et possimus explicabo alias.', '7e429e8e-7669-403d-bb78-3cd7f9f75afd', 'usr_478');
INSERT INTO trabalho.comentarios_podcast_usuario VALUES ('comment_478_1_0', 'Voluptatem consequatur nisi recusandae iste.', '7e429e8e-7669-403d-bb78-3cd7f9f75afd', 'usr_478');
INSERT INTO trabalho.comentarios_podcast_usuario VALUES ('comment_478_2_0', 'Illo eum dolor rem maiores beatae.', '7e429e8e-7669-403d-bb78-3cd7f9f75afd', 'usr_478');
INSERT INTO trabalho.log_acesso VALUES ('log_478_0_0', '7e429e8e-7669-403d-bb78-3cd7f9f75afd', 'usr_478');
INSERT INTO trabalho.log_acesso VALUES ('log_478_1_0', '7e429e8e-7669-403d-bb78-3cd7f9f75afd', 'usr_478');
INSERT INTO trabalho.log_acesso VALUES ('log_478_2_0', '7e429e8e-7669-403d-bb78-3cd7f9f75afd', 'usr_478');
INSERT INTO trabalho.log_acesso VALUES ('log_478_3_0', '7e429e8e-7669-403d-bb78-3cd7f9f75afd', 'usr_478');
INSERT INTO trabalho.log_acesso VALUES ('log_478_4_0', '7e429e8e-7669-403d-bb78-3cd7f9f75afd', 'usr_478');
INSERT INTO trabalho.log_acesso VALUES ('log_478_5_0', '7e429e8e-7669-403d-bb78-3cd7f9f75afd', 'usr_478');
INSERT INTO trabalho.usuario_esta_inscrito_no_podcast VALUES (3, 'de2f0ddb-9903-436a-a5e2-54224254c818', 'usr_478');
INSERT INTO trabalho.comentarios_podcast_usuario VALUES ('comment_478_0_1', 'Sed illo id qui nihil maiores eligendi non quaerat sequi.', 'de2f0ddb-9903-436a-a5e2-54224254c818', 'usr_478');
INSERT INTO trabalho.comentarios_podcast_usuario VALUES ('comment_478_1_1', 'Dolorem laborum ipsum perferendis quaerat.', 'de2f0ddb-9903-436a-a5e2-54224254c818', 'usr_478');
INSERT INTO trabalho.comentarios_podcast_usuario VALUES ('comment_478_2_1', 'Perspiciatis est libero cupiditate iure est voluptatum consequatur quo.', 'de2f0ddb-9903-436a-a5e2-54224254c818', 'usr_478');
INSERT INTO trabalho.log_acesso VALUES ('log_478_0_1', 'de2f0ddb-9903-436a-a5e2-54224254c818', 'usr_478');
INSERT INTO trabalho.log_acesso VALUES ('log_478_1_1', 'de2f0ddb-9903-436a-a5e2-54224254c818', 'usr_478');
INSERT INTO trabalho.log_acesso VALUES ('log_478_2_1', 'de2f0ddb-9903-436a-a5e2-54224254c818', 'usr_478');
INSERT INTO trabalho.usuario_esta_inscrito_no_podcast VALUES (2, 'f8e13774-d631-4f34-93f0-2f5d55590265', 'usr_478');
INSERT INTO trabalho.comentarios_podcast_usuario VALUES ('comment_478_0_2', 'Voluptatem et asperiores.', 'f8e13774-d631-4f34-93f0-2f5d55590265', 'usr_478');
INSERT INTO trabalho.log_acesso VALUES ('log_478_0_2', 'f8e13774-d631-4f34-93f0-2f5d55590265', 'usr_478');
INSERT INTO trabalho.log_acesso VALUES ('log_478_1_2', 'f8e13774-d631-4f34-93f0-2f5d55590265', 'usr_478');
INSERT INTO trabalho.log_acesso VALUES ('log_478_2_2', 'f8e13774-d631-4f34-93f0-2f5d55590265', 'usr_478');
INSERT INTO trabalho.usuario VALUES ('usr_479', '479_Pietro21@yahoo.com', 'Pietro Macedo', 'male', 23, 'password', 'Vanuatu');
INSERT INTO trabalho.usuario_esta_inscrito_no_podcast VALUES (2, '7e429e8e-7669-403d-bb78-3cd7f9f75afd', 'usr_479');
INSERT INTO trabalho.comentarios_podcast_usuario VALUES ('comment_479_0_0', 'Sint explicabo nobis.', '7e429e8e-7669-403d-bb78-3cd7f9f75afd', 'usr_479');
INSERT INTO trabalho.comentarios_podcast_usuario VALUES ('comment_479_1_0', 'Tenetur ipsa consequatur.', '7e429e8e-7669-403d-bb78-3cd7f9f75afd', 'usr_479');
INSERT INTO trabalho.comentarios_podcast_usuario VALUES ('comment_479_2_0', 'Architecto quia asperiores laudantium quae hic sint omnis veniam.', '7e429e8e-7669-403d-bb78-3cd7f9f75afd', 'usr_479');
INSERT INTO trabalho.log_acesso VALUES ('log_479_0_0', '7e429e8e-7669-403d-bb78-3cd7f9f75afd', 'usr_479');
INSERT INTO trabalho.log_acesso VALUES ('log_479_1_0', '7e429e8e-7669-403d-bb78-3cd7f9f75afd', 'usr_479');
INSERT INTO trabalho.log_acesso VALUES ('log_479_2_0', '7e429e8e-7669-403d-bb78-3cd7f9f75afd', 'usr_479');
INSERT INTO trabalho.log_acesso VALUES ('log_479_3_0', '7e429e8e-7669-403d-bb78-3cd7f9f75afd', 'usr_479');
INSERT INTO trabalho.usuario_esta_inscrito_no_podcast VALUES (2, 'af46a958-b921-47b6-9f87-5c4fdc68ea79', 'usr_479');
INSERT INTO trabalho.comentarios_podcast_usuario VALUES ('comment_479_0_1', 'Nesciunt reprehenderit repellat.', 'af46a958-b921-47b6-9f87-5c4fdc68ea79', 'usr_479');
INSERT INTO trabalho.log_acesso VALUES ('log_479_0_1', 'af46a958-b921-47b6-9f87-5c4fdc68ea79', 'usr_479');
INSERT INTO trabalho.usuario_esta_inscrito_no_podcast VALUES (5, 'f0166bd2-8e4d-4308-b5d7-0b3d627c5dc5', 'usr_479');
INSERT INTO trabalho.comentarios_podcast_usuario VALUES ('comment_479_0_2', 'Praesentium omnis asperiores ad repellat.', 'f0166bd2-8e4d-4308-b5d7-0b3d627c5dc5', 'usr_479');
INSERT INTO trabalho.log_acesso VALUES ('log_479_0_2', 'f0166bd2-8e4d-4308-b5d7-0b3d627c5dc5', 'usr_479');
INSERT INTO trabalho.usuario VALUES ('usr_480', '480_Benjamin.Batista18@bol.com.br', 'Benjamin Batista', 'male', 27, 'password', 'Finlândia');
INSERT INTO trabalho.usuario_esta_inscrito_no_podcast VALUES (0, 'fa3abe16-3645-4d22-a01d-893e6f20c408', 'usr_480');
INSERT INTO trabalho.comentarios_podcast_usuario VALUES ('comment_480_0_0', 'Ut est sit necessitatibus quod ad nostrum est.', 'fa3abe16-3645-4d22-a01d-893e6f20c408', 'usr_480');
INSERT INTO trabalho.log_acesso VALUES ('log_480_0_0', 'fa3abe16-3645-4d22-a01d-893e6f20c408', 'usr_480');
INSERT INTO trabalho.log_acesso VALUES ('log_480_1_0', 'fa3abe16-3645-4d22-a01d-893e6f20c408', 'usr_480');
INSERT INTO trabalho.log_acesso VALUES ('log_480_2_0', 'fa3abe16-3645-4d22-a01d-893e6f20c408', 'usr_480');
INSERT INTO trabalho.usuario_esta_inscrito_no_podcast VALUES (0, 'bc8dac25-793c-4a96-aafc-4ea7020f4f60', 'usr_480');
INSERT INTO trabalho.comentarios_podcast_usuario VALUES ('comment_480_0_1', 'Et aut pariatur enim est rerum quam.', 'bc8dac25-793c-4a96-aafc-4ea7020f4f60', 'usr_480');
INSERT INTO trabalho.comentarios_podcast_usuario VALUES ('comment_480_1_1', 'Excepturi architecto quam officiis enim quibusdam impedit.', 'bc8dac25-793c-4a96-aafc-4ea7020f4f60', 'usr_480');
INSERT INTO trabalho.comentarios_podcast_usuario VALUES ('comment_480_2_1', 'Porro id autem recusandae tempore vel.', 'bc8dac25-793c-4a96-aafc-4ea7020f4f60', 'usr_480');
INSERT INTO trabalho.log_acesso VALUES ('log_480_0_1', 'bc8dac25-793c-4a96-aafc-4ea7020f4f60', 'usr_480');
INSERT INTO trabalho.log_acesso VALUES ('log_480_1_1', 'bc8dac25-793c-4a96-aafc-4ea7020f4f60', 'usr_480');
INSERT INTO trabalho.log_acesso VALUES ('log_480_2_1', 'bc8dac25-793c-4a96-aafc-4ea7020f4f60', 'usr_480');
INSERT INTO trabalho.usuario_esta_inscrito_no_podcast VALUES (3, '168c1536-4c42-4b8f-8c77-f06affefec6a', 'usr_480');
INSERT INTO trabalho.comentarios_podcast_usuario VALUES ('comment_480_0_2', 'Fugit quam minima.', '168c1536-4c42-4b8f-8c77-f06affefec6a', 'usr_480');
INSERT INTO trabalho.comentarios_podcast_usuario VALUES ('comment_480_1_2', 'Et quo laborum et ut eaque hic et voluptates et.', '168c1536-4c42-4b8f-8c77-f06affefec6a', 'usr_480');
INSERT INTO trabalho.comentarios_podcast_usuario VALUES ('comment_480_2_2', 'Nostrum aut est voluptates et nisi voluptates.', '168c1536-4c42-4b8f-8c77-f06affefec6a', 'usr_480');
INSERT INTO trabalho.comentarios_podcast_usuario VALUES ('comment_480_3_2', 'Sint voluptatem laudantium quia ratione suscipit laboriosam.', '168c1536-4c42-4b8f-8c77-f06affefec6a', 'usr_480');
INSERT INTO trabalho.log_acesso VALUES ('log_480_0_2', '168c1536-4c42-4b8f-8c77-f06affefec6a', 'usr_480');
INSERT INTO trabalho.log_acesso VALUES ('log_480_1_2', '168c1536-4c42-4b8f-8c77-f06affefec6a', 'usr_480');
INSERT INTO trabalho.log_acesso VALUES ('log_480_2_2', '168c1536-4c42-4b8f-8c77-f06affefec6a', 'usr_480');
INSERT INTO trabalho.log_acesso VALUES ('log_480_3_2', '168c1536-4c42-4b8f-8c77-f06affefec6a', 'usr_480');
INSERT INTO trabalho.usuario VALUES ('usr_481', '481_AnaLaura_Costa2@bol.com.br', 'Ana Laura Costa', 'female', 26, 'password', 'São Martinho');
INSERT INTO trabalho.usuario_esta_inscrito_no_podcast VALUES (0, 'f0166bd2-8e4d-4308-b5d7-0b3d627c5dc5', 'usr_481');
INSERT INTO trabalho.comentarios_podcast_usuario VALUES ('comment_481_0_0', 'Possimus est autem incidunt esse fugiat.', 'f0166bd2-8e4d-4308-b5d7-0b3d627c5dc5', 'usr_481');
INSERT INTO trabalho.comentarios_podcast_usuario VALUES ('comment_481_1_0', 'Necessitatibus nulla est blanditiis aut eos.', 'f0166bd2-8e4d-4308-b5d7-0b3d627c5dc5', 'usr_481');
INSERT INTO trabalho.log_acesso VALUES ('log_481_0_0', 'f0166bd2-8e4d-4308-b5d7-0b3d627c5dc5', 'usr_481');
INSERT INTO trabalho.log_acesso VALUES ('log_481_1_0', 'f0166bd2-8e4d-4308-b5d7-0b3d627c5dc5', 'usr_481');
INSERT INTO trabalho.usuario_esta_inscrito_no_podcast VALUES (5, 'f1b92ce7-47a7-43cd-8586-4a09185cdd05', 'usr_481');
INSERT INTO trabalho.comentarios_podcast_usuario VALUES ('comment_481_0_1', 'Quidem occaecati repellendus est omnis culpa illum quisquam.', 'f1b92ce7-47a7-43cd-8586-4a09185cdd05', 'usr_481');
INSERT INTO trabalho.log_acesso VALUES ('log_481_0_1', 'f1b92ce7-47a7-43cd-8586-4a09185cdd05', 'usr_481');
INSERT INTO trabalho.log_acesso VALUES ('log_481_1_1', 'f1b92ce7-47a7-43cd-8586-4a09185cdd05', 'usr_481');
INSERT INTO trabalho.log_acesso VALUES ('log_481_2_1', 'f1b92ce7-47a7-43cd-8586-4a09185cdd05', 'usr_481');
INSERT INTO trabalho.log_acesso VALUES ('log_481_3_1', 'f1b92ce7-47a7-43cd-8586-4a09185cdd05', 'usr_481');
INSERT INTO trabalho.log_acesso VALUES ('log_481_4_1', 'f1b92ce7-47a7-43cd-8586-4a09185cdd05', 'usr_481');
INSERT INTO trabalho.usuario_esta_inscrito_no_podcast VALUES (3, 'c58b280a-56d4-4ad8-8c85-730e4ea86361', 'usr_481');
INSERT INTO trabalho.comentarios_podcast_usuario VALUES ('comment_481_0_2', 'Omnis non sint quisquam magni quis et sint dicta omnis.', 'c58b280a-56d4-4ad8-8c85-730e4ea86361', 'usr_481');
INSERT INTO trabalho.comentarios_podcast_usuario VALUES ('comment_481_1_2', 'Corporis expedita provident itaque corporis minus omnis distinctio.', 'c58b280a-56d4-4ad8-8c85-730e4ea86361', 'usr_481');
INSERT INTO trabalho.log_acesso VALUES ('log_481_0_2', 'c58b280a-56d4-4ad8-8c85-730e4ea86361', 'usr_481');
INSERT INTO trabalho.log_acesso VALUES ('log_481_1_2', 'c58b280a-56d4-4ad8-8c85-730e4ea86361', 'usr_481');
INSERT INTO trabalho.log_acesso VALUES ('log_481_2_2', 'c58b280a-56d4-4ad8-8c85-730e4ea86361', 'usr_481');
INSERT INTO trabalho.log_acesso VALUES ('log_481_3_2', 'c58b280a-56d4-4ad8-8c85-730e4ea86361', 'usr_481');
INSERT INTO trabalho.usuario VALUES ('usr_482', '482_Guilherme93@yahoo.com', 'Guilherme Souza', 'male', 17, 'password', 'República da África Central');
INSERT INTO trabalho.usuario_esta_inscrito_no_podcast VALUES (0, '67074e68-bc2f-442b-8af2-7d328b6af6eb', 'usr_482');
INSERT INTO trabalho.comentarios_podcast_usuario VALUES ('comment_482_0_0', 'Ipsa est necessitatibus.', '67074e68-bc2f-442b-8af2-7d328b6af6eb', 'usr_482');
INSERT INTO trabalho.comentarios_podcast_usuario VALUES ('comment_482_1_0', 'Est fugiat dolorem quod iste dolores facilis ut a esse.', '67074e68-bc2f-442b-8af2-7d328b6af6eb', 'usr_482');
INSERT INTO trabalho.log_acesso VALUES ('log_482_0_0', '67074e68-bc2f-442b-8af2-7d328b6af6eb', 'usr_482');
INSERT INTO trabalho.log_acesso VALUES ('log_482_1_0', '67074e68-bc2f-442b-8af2-7d328b6af6eb', 'usr_482');
INSERT INTO trabalho.log_acesso VALUES ('log_482_2_0', '67074e68-bc2f-442b-8af2-7d328b6af6eb', 'usr_482');
INSERT INTO trabalho.usuario_esta_inscrito_no_podcast VALUES (5, 'b553d865-8fe2-47de-9a30-10e1dea3bd1d', 'usr_482');
INSERT INTO trabalho.comentarios_podcast_usuario VALUES ('comment_482_0_1', 'Voluptas magnam qui est et molestias ad blanditiis.', 'b553d865-8fe2-47de-9a30-10e1dea3bd1d', 'usr_482');
INSERT INTO trabalho.comentarios_podcast_usuario VALUES ('comment_482_1_1', 'Odio omnis corrupti consequatur nisi debitis consequatur nemo enim.', 'b553d865-8fe2-47de-9a30-10e1dea3bd1d', 'usr_482');
INSERT INTO trabalho.comentarios_podcast_usuario VALUES ('comment_482_2_1', 'Nulla sit vero.', 'b553d865-8fe2-47de-9a30-10e1dea3bd1d', 'usr_482');
INSERT INTO trabalho.comentarios_podcast_usuario VALUES ('comment_482_3_1', 'Fuga sit facilis magni aut molestias vel error quasi.', 'b553d865-8fe2-47de-9a30-10e1dea3bd1d', 'usr_482');
INSERT INTO trabalho.log_acesso VALUES ('log_482_0_1', 'b553d865-8fe2-47de-9a30-10e1dea3bd1d', 'usr_482');
INSERT INTO trabalho.log_acesso VALUES ('log_482_1_1', 'b553d865-8fe2-47de-9a30-10e1dea3bd1d', 'usr_482');
INSERT INTO trabalho.log_acesso VALUES ('log_482_2_1', 'b553d865-8fe2-47de-9a30-10e1dea3bd1d', 'usr_482');
INSERT INTO trabalho.log_acesso VALUES ('log_482_3_1', 'b553d865-8fe2-47de-9a30-10e1dea3bd1d', 'usr_482');
INSERT INTO trabalho.log_acesso VALUES ('log_482_4_1', 'b553d865-8fe2-47de-9a30-10e1dea3bd1d', 'usr_482');
INSERT INTO trabalho.usuario_esta_inscrito_no_podcast VALUES (3, '7e429e8e-7669-403d-bb78-3cd7f9f75afd', 'usr_482');
INSERT INTO trabalho.comentarios_podcast_usuario VALUES ('comment_482_0_2', 'Sit quaerat molestias neque ut consequatur pariatur vitae labore.', '7e429e8e-7669-403d-bb78-3cd7f9f75afd', 'usr_482');
INSERT INTO trabalho.comentarios_podcast_usuario VALUES ('comment_482_1_2', 'Voluptatibus sed a error veritatis alias aspernatur laborum praesentium dolor.', '7e429e8e-7669-403d-bb78-3cd7f9f75afd', 'usr_482');
INSERT INTO trabalho.comentarios_podcast_usuario VALUES ('comment_482_2_2', 'Praesentium laboriosam consequatur aut iure corporis ipsum qui in doloremque.', '7e429e8e-7669-403d-bb78-3cd7f9f75afd', 'usr_482');
INSERT INTO trabalho.comentarios_podcast_usuario VALUES ('comment_482_3_2', 'Accusamus ut qui rerum et asperiores nulla architecto et.', '7e429e8e-7669-403d-bb78-3cd7f9f75afd', 'usr_482');
INSERT INTO trabalho.log_acesso VALUES ('log_482_0_2', '7e429e8e-7669-403d-bb78-3cd7f9f75afd', 'usr_482');
INSERT INTO trabalho.log_acesso VALUES ('log_482_1_2', '7e429e8e-7669-403d-bb78-3cd7f9f75afd', 'usr_482');
INSERT INTO trabalho.log_acesso VALUES ('log_482_2_2', '7e429e8e-7669-403d-bb78-3cd7f9f75afd', 'usr_482');
INSERT INTO trabalho.log_acesso VALUES ('log_482_3_2', '7e429e8e-7669-403d-bb78-3cd7f9f75afd', 'usr_482');
INSERT INTO trabalho.usuario VALUES ('usr_483', '483_Anthony_Saraiva@hotmail.com', 'Anthony Saraiva', 'male', 8, 'password', 'Samoa');
INSERT INTO trabalho.usuario_esta_inscrito_no_podcast VALUES (2, '67074e68-bc2f-442b-8af2-7d328b6af6eb', 'usr_483');
INSERT INTO trabalho.comentarios_podcast_usuario VALUES ('comment_483_0_0', 'Quia hic aliquid tempore iste.', '67074e68-bc2f-442b-8af2-7d328b6af6eb', 'usr_483');
INSERT INTO trabalho.comentarios_podcast_usuario VALUES ('comment_483_1_0', 'Voluptates beatae qui excepturi repellat aut molestias quaerat.', '67074e68-bc2f-442b-8af2-7d328b6af6eb', 'usr_483');
INSERT INTO trabalho.log_acesso VALUES ('log_483_0_0', '67074e68-bc2f-442b-8af2-7d328b6af6eb', 'usr_483');
INSERT INTO trabalho.log_acesso VALUES ('log_483_1_0', '67074e68-bc2f-442b-8af2-7d328b6af6eb', 'usr_483');
INSERT INTO trabalho.usuario_esta_inscrito_no_podcast VALUES (5, 'fa3abe16-3645-4d22-a01d-893e6f20c408', 'usr_483');
INSERT INTO trabalho.comentarios_podcast_usuario VALUES ('comment_483_0_1', 'Et at nostrum et suscipit non non quasi et.', 'fa3abe16-3645-4d22-a01d-893e6f20c408', 'usr_483');
INSERT INTO trabalho.comentarios_podcast_usuario VALUES ('comment_483_1_1', 'Ea tempore dicta dolor.', 'fa3abe16-3645-4d22-a01d-893e6f20c408', 'usr_483');
INSERT INTO trabalho.log_acesso VALUES ('log_483_0_1', 'fa3abe16-3645-4d22-a01d-893e6f20c408', 'usr_483');
INSERT INTO trabalho.log_acesso VALUES ('log_483_1_1', 'fa3abe16-3645-4d22-a01d-893e6f20c408', 'usr_483');
INSERT INTO trabalho.log_acesso VALUES ('log_483_2_1', 'fa3abe16-3645-4d22-a01d-893e6f20c408', 'usr_483');
INSERT INTO trabalho.log_acesso VALUES ('log_483_3_1', 'fa3abe16-3645-4d22-a01d-893e6f20c408', 'usr_483');
INSERT INTO trabalho.usuario_esta_inscrito_no_podcast VALUES (0, '168c1536-4c42-4b8f-8c77-f06affefec6a', 'usr_483');
INSERT INTO trabalho.comentarios_podcast_usuario VALUES ('comment_483_0_2', 'Laudantium commodi ut unde porro doloribus rerum rem voluptatem sed.', '168c1536-4c42-4b8f-8c77-f06affefec6a', 'usr_483');
INSERT INTO trabalho.comentarios_podcast_usuario VALUES ('comment_483_1_2', 'Veniam tempore voluptate optio dicta recusandae.', '168c1536-4c42-4b8f-8c77-f06affefec6a', 'usr_483');
INSERT INTO trabalho.comentarios_podcast_usuario VALUES ('comment_483_2_2', 'Qui sunt et veniam dolorem rem neque ducimus et sit.', '168c1536-4c42-4b8f-8c77-f06affefec6a', 'usr_483');
INSERT INTO trabalho.comentarios_podcast_usuario VALUES ('comment_483_3_2', 'Placeat quas enim ut quia est.', '168c1536-4c42-4b8f-8c77-f06affefec6a', 'usr_483');
INSERT INTO trabalho.log_acesso VALUES ('log_483_0_2', '168c1536-4c42-4b8f-8c77-f06affefec6a', 'usr_483');
INSERT INTO trabalho.log_acesso VALUES ('log_483_1_2', '168c1536-4c42-4b8f-8c77-f06affefec6a', 'usr_483');
INSERT INTO trabalho.usuario VALUES ('usr_484', '484_Alessandra.Souza80@bol.com.br', 'Alessandra Souza', 'female', 44, 'password', 'Mauritânia');
INSERT INTO trabalho.usuario_esta_inscrito_no_podcast VALUES (1, 'de2f0ddb-9903-436a-a5e2-54224254c818', 'usr_484');
INSERT INTO trabalho.comentarios_podcast_usuario VALUES ('comment_484_0_0', 'Velit minus velit.', 'de2f0ddb-9903-436a-a5e2-54224254c818', 'usr_484');
INSERT INTO trabalho.comentarios_podcast_usuario VALUES ('comment_484_1_0', 'Inventore hic qui voluptate exercitationem dignissimos temporibus est ad.', 'de2f0ddb-9903-436a-a5e2-54224254c818', 'usr_484');
INSERT INTO trabalho.comentarios_podcast_usuario VALUES ('comment_484_2_0', 'Tenetur enim numquam ea quia enim.', 'de2f0ddb-9903-436a-a5e2-54224254c818', 'usr_484');
INSERT INTO trabalho.comentarios_podcast_usuario VALUES ('comment_484_3_0', 'Voluptas maxime quia in perferendis eius qui eligendi in libero.', 'de2f0ddb-9903-436a-a5e2-54224254c818', 'usr_484');
INSERT INTO trabalho.comentarios_podcast_usuario VALUES ('comment_484_4_0', 'Dolor in est quasi autem ducimus suscipit.', 'de2f0ddb-9903-436a-a5e2-54224254c818', 'usr_484');
INSERT INTO trabalho.comentarios_podcast_usuario VALUES ('comment_484_5_0', 'Voluptatem qui dolore facilis vero reprehenderit deleniti ut minus consectetur.', 'de2f0ddb-9903-436a-a5e2-54224254c818', 'usr_484');
INSERT INTO trabalho.log_acesso VALUES ('log_484_0_0', 'de2f0ddb-9903-436a-a5e2-54224254c818', 'usr_484');
INSERT INTO trabalho.log_acesso VALUES ('log_484_1_0', 'de2f0ddb-9903-436a-a5e2-54224254c818', 'usr_484');
INSERT INTO trabalho.log_acesso VALUES ('log_484_2_0', 'de2f0ddb-9903-436a-a5e2-54224254c818', 'usr_484');
INSERT INTO trabalho.log_acesso VALUES ('log_484_3_0', 'de2f0ddb-9903-436a-a5e2-54224254c818', 'usr_484');
INSERT INTO trabalho.log_acesso VALUES ('log_484_4_0', 'de2f0ddb-9903-436a-a5e2-54224254c818', 'usr_484');
INSERT INTO trabalho.log_acesso VALUES ('log_484_5_0', 'de2f0ddb-9903-436a-a5e2-54224254c818', 'usr_484');
INSERT INTO trabalho.usuario_esta_inscrito_no_podcast VALUES (4, 'fa3abe16-3645-4d22-a01d-893e6f20c408', 'usr_484');
INSERT INTO trabalho.comentarios_podcast_usuario VALUES ('comment_484_0_1', 'Quo rerum velit consequatur maxime saepe quia.', 'fa3abe16-3645-4d22-a01d-893e6f20c408', 'usr_484');
INSERT INTO trabalho.comentarios_podcast_usuario VALUES ('comment_484_1_1', 'Et eaque quo dolore consectetur voluptates temporibus.', 'fa3abe16-3645-4d22-a01d-893e6f20c408', 'usr_484');
INSERT INTO trabalho.comentarios_podcast_usuario VALUES ('comment_484_2_1', 'Eligendi odio asperiores recusandae error enim.', 'fa3abe16-3645-4d22-a01d-893e6f20c408', 'usr_484');
INSERT INTO trabalho.log_acesso VALUES ('log_484_0_1', 'fa3abe16-3645-4d22-a01d-893e6f20c408', 'usr_484');
INSERT INTO trabalho.usuario_esta_inscrito_no_podcast VALUES (5, '5bdf7377-8330-4f9f-8efd-e95301c122ce', 'usr_484');
INSERT INTO trabalho.comentarios_podcast_usuario VALUES ('comment_484_0_2', 'Est et nisi sit earum sit quibusdam aut id non.', '5bdf7377-8330-4f9f-8efd-e95301c122ce', 'usr_484');
INSERT INTO trabalho.comentarios_podcast_usuario VALUES ('comment_484_1_2', 'Praesentium voluptas cum aut ad molestiae ad impedit.', '5bdf7377-8330-4f9f-8efd-e95301c122ce', 'usr_484');
INSERT INTO trabalho.log_acesso VALUES ('log_484_0_2', '5bdf7377-8330-4f9f-8efd-e95301c122ce', 'usr_484');
INSERT INTO trabalho.log_acesso VALUES ('log_484_1_2', '5bdf7377-8330-4f9f-8efd-e95301c122ce', 'usr_484');
INSERT INTO trabalho.log_acesso VALUES ('log_484_2_2', '5bdf7377-8330-4f9f-8efd-e95301c122ce', 'usr_484');
INSERT INTO trabalho.log_acesso VALUES ('log_484_3_2', '5bdf7377-8330-4f9f-8efd-e95301c122ce', 'usr_484');
INSERT INTO trabalho.log_acesso VALUES ('log_484_4_2', '5bdf7377-8330-4f9f-8efd-e95301c122ce', 'usr_484');
INSERT INTO trabalho.log_acesso VALUES ('log_484_5_2', '5bdf7377-8330-4f9f-8efd-e95301c122ce', 'usr_484');
INSERT INTO trabalho.usuario VALUES ('usr_485', '485_Natlia_Moreira@hotmail.com', 'Natália Moreira', 'female', 8, 'password', 'Bermuda');
INSERT INTO trabalho.usuario_esta_inscrito_no_podcast VALUES (1, 'b553d865-8fe2-47de-9a30-10e1dea3bd1d', 'usr_485');
INSERT INTO trabalho.comentarios_podcast_usuario VALUES ('comment_485_0_0', 'Itaque rerum alias et molestias autem.', 'b553d865-8fe2-47de-9a30-10e1dea3bd1d', 'usr_485');
INSERT INTO trabalho.comentarios_podcast_usuario VALUES ('comment_485_1_0', 'Deleniti dolorum non quo maiores sit voluptate praesentium ut.', 'b553d865-8fe2-47de-9a30-10e1dea3bd1d', 'usr_485');
INSERT INTO trabalho.comentarios_podcast_usuario VALUES ('comment_485_2_0', 'Hic quia iure eos dignissimos labore illum veniam earum eligendi.', 'b553d865-8fe2-47de-9a30-10e1dea3bd1d', 'usr_485');
INSERT INTO trabalho.comentarios_podcast_usuario VALUES ('comment_485_3_0', 'Magnam maxime assumenda omnis aut dolorem dolorum aut eos.', 'b553d865-8fe2-47de-9a30-10e1dea3bd1d', 'usr_485');
INSERT INTO trabalho.comentarios_podcast_usuario VALUES ('comment_485_4_0', 'Corporis quasi sunt corporis cupiditate ab dignissimos rerum error optio.', 'b553d865-8fe2-47de-9a30-10e1dea3bd1d', 'usr_485');
INSERT INTO trabalho.log_acesso VALUES ('log_485_0_0', 'b553d865-8fe2-47de-9a30-10e1dea3bd1d', 'usr_485');
INSERT INTO trabalho.log_acesso VALUES ('log_485_1_0', 'b553d865-8fe2-47de-9a30-10e1dea3bd1d', 'usr_485');
INSERT INTO trabalho.log_acesso VALUES ('log_485_2_0', 'b553d865-8fe2-47de-9a30-10e1dea3bd1d', 'usr_485');
INSERT INTO trabalho.log_acesso VALUES ('log_485_3_0', 'b553d865-8fe2-47de-9a30-10e1dea3bd1d', 'usr_485');
INSERT INTO trabalho.usuario_esta_inscrito_no_podcast VALUES (3, '67074e68-bc2f-442b-8af2-7d328b6af6eb', 'usr_485');
INSERT INTO trabalho.comentarios_podcast_usuario VALUES ('comment_485_0_1', 'Qui voluptatem expedita molestiae labore.', '67074e68-bc2f-442b-8af2-7d328b6af6eb', 'usr_485');
INSERT INTO trabalho.comentarios_podcast_usuario VALUES ('comment_485_1_1', 'Dolorem delectus et voluptas eum non voluptatem voluptatum ut aspernatur.', '67074e68-bc2f-442b-8af2-7d328b6af6eb', 'usr_485');
INSERT INTO trabalho.comentarios_podcast_usuario VALUES ('comment_485_2_1', 'Enim nemo quidem quidem autem asperiores voluptatum optio.', '67074e68-bc2f-442b-8af2-7d328b6af6eb', 'usr_485');
INSERT INTO trabalho.log_acesso VALUES ('log_485_0_1', '67074e68-bc2f-442b-8af2-7d328b6af6eb', 'usr_485');
INSERT INTO trabalho.log_acesso VALUES ('log_485_1_1', '67074e68-bc2f-442b-8af2-7d328b6af6eb', 'usr_485');
INSERT INTO trabalho.usuario_esta_inscrito_no_podcast VALUES (4, 'f1b92ce7-47a7-43cd-8586-4a09185cdd05', 'usr_485');
INSERT INTO trabalho.comentarios_podcast_usuario VALUES ('comment_485_0_2', 'Perspiciatis consequatur ea exercitationem qui est.', 'f1b92ce7-47a7-43cd-8586-4a09185cdd05', 'usr_485');
INSERT INTO trabalho.log_acesso VALUES ('log_485_0_2', 'f1b92ce7-47a7-43cd-8586-4a09185cdd05', 'usr_485');
INSERT INTO trabalho.log_acesso VALUES ('log_485_1_2', 'f1b92ce7-47a7-43cd-8586-4a09185cdd05', 'usr_485');
INSERT INTO trabalho.log_acesso VALUES ('log_485_2_2', 'f1b92ce7-47a7-43cd-8586-4a09185cdd05', 'usr_485');
INSERT INTO trabalho.log_acesso VALUES ('log_485_3_2', 'f1b92ce7-47a7-43cd-8586-4a09185cdd05', 'usr_485');
INSERT INTO trabalho.log_acesso VALUES ('log_485_4_2', 'f1b92ce7-47a7-43cd-8586-4a09185cdd05', 'usr_485');
INSERT INTO trabalho.log_acesso VALUES ('log_485_5_2', 'f1b92ce7-47a7-43cd-8586-4a09185cdd05', 'usr_485');
INSERT INTO trabalho.log_acesso VALUES ('log_485_6_2', 'f1b92ce7-47a7-43cd-8586-4a09185cdd05', 'usr_485');
INSERT INTO trabalho.usuario VALUES ('usr_486', '486_Lavnia.Albuquerque@bol.com.br', 'Lavínia Albuquerque', 'female', 32, 'password', 'Santa Lúcia');
INSERT INTO trabalho.usuario_esta_inscrito_no_podcast VALUES (2, 'bc8dac25-793c-4a96-aafc-4ea7020f4f60', 'usr_486');
INSERT INTO trabalho.comentarios_podcast_usuario VALUES ('comment_486_0_0', 'Debitis sint eaque dolor.', 'bc8dac25-793c-4a96-aafc-4ea7020f4f60', 'usr_486');
INSERT INTO trabalho.comentarios_podcast_usuario VALUES ('comment_486_1_0', 'Fugiat nesciunt voluptatem.', 'bc8dac25-793c-4a96-aafc-4ea7020f4f60', 'usr_486');
INSERT INTO trabalho.log_acesso VALUES ('log_486_0_0', 'bc8dac25-793c-4a96-aafc-4ea7020f4f60', 'usr_486');
INSERT INTO trabalho.log_acesso VALUES ('log_486_1_0', 'bc8dac25-793c-4a96-aafc-4ea7020f4f60', 'usr_486');
INSERT INTO trabalho.log_acesso VALUES ('log_486_2_0', 'bc8dac25-793c-4a96-aafc-4ea7020f4f60', 'usr_486');
INSERT INTO trabalho.log_acesso VALUES ('log_486_3_0', 'bc8dac25-793c-4a96-aafc-4ea7020f4f60', 'usr_486');
INSERT INTO trabalho.usuario_esta_inscrito_no_podcast VALUES (2, 'af46a958-b921-47b6-9f87-5c4fdc68ea79', 'usr_486');
INSERT INTO trabalho.comentarios_podcast_usuario VALUES ('comment_486_0_1', 'Eum ea et nesciunt.', 'af46a958-b921-47b6-9f87-5c4fdc68ea79', 'usr_486');
INSERT INTO trabalho.comentarios_podcast_usuario VALUES ('comment_486_1_1', 'Ut id voluptate quia non.', 'af46a958-b921-47b6-9f87-5c4fdc68ea79', 'usr_486');
INSERT INTO trabalho.comentarios_podcast_usuario VALUES ('comment_486_2_1', 'Et ut reiciendis.', 'af46a958-b921-47b6-9f87-5c4fdc68ea79', 'usr_486');
INSERT INTO trabalho.log_acesso VALUES ('log_486_0_1', 'af46a958-b921-47b6-9f87-5c4fdc68ea79', 'usr_486');
INSERT INTO trabalho.log_acesso VALUES ('log_486_1_1', 'af46a958-b921-47b6-9f87-5c4fdc68ea79', 'usr_486');
INSERT INTO trabalho.log_acesso VALUES ('log_486_2_1', 'af46a958-b921-47b6-9f87-5c4fdc68ea79', 'usr_486');
INSERT INTO trabalho.usuario_esta_inscrito_no_podcast VALUES (3, '67074e68-bc2f-442b-8af2-7d328b6af6eb', 'usr_486');
INSERT INTO trabalho.comentarios_podcast_usuario VALUES ('comment_486_0_2', 'Laudantium possimus totam aut quasi veritatis ratione eaque repellendus consectetur.', '67074e68-bc2f-442b-8af2-7d328b6af6eb', 'usr_486');
INSERT INTO trabalho.log_acesso VALUES ('log_486_0_2', '67074e68-bc2f-442b-8af2-7d328b6af6eb', 'usr_486');
INSERT INTO trabalho.usuario VALUES ('usr_487', '487_Nataniel93@yahoo.com', 'Nataniel Barros', 'male', 56, 'password', 'Dinamarca');
INSERT INTO trabalho.usuario_esta_inscrito_no_podcast VALUES (4, '67074e68-bc2f-442b-8af2-7d328b6af6eb', 'usr_487');
INSERT INTO trabalho.comentarios_podcast_usuario VALUES ('comment_487_0_0', 'Tempore doloremque quia quia.', '67074e68-bc2f-442b-8af2-7d328b6af6eb', 'usr_487');
INSERT INTO trabalho.comentarios_podcast_usuario VALUES ('comment_487_1_0', 'Perspiciatis adipisci totam natus perspiciatis est non vel sit reiciendis.', '67074e68-bc2f-442b-8af2-7d328b6af6eb', 'usr_487');
INSERT INTO trabalho.comentarios_podcast_usuario VALUES ('comment_487_2_0', 'Aspernatur consequuntur iste voluptatum officiis est ad.', '67074e68-bc2f-442b-8af2-7d328b6af6eb', 'usr_487');
INSERT INTO trabalho.log_acesso VALUES ('log_487_0_0', '67074e68-bc2f-442b-8af2-7d328b6af6eb', 'usr_487');
INSERT INTO trabalho.log_acesso VALUES ('log_487_1_0', '67074e68-bc2f-442b-8af2-7d328b6af6eb', 'usr_487');
INSERT INTO trabalho.log_acesso VALUES ('log_487_2_0', '67074e68-bc2f-442b-8af2-7d328b6af6eb', 'usr_487');
INSERT INTO trabalho.log_acesso VALUES ('log_487_3_0', '67074e68-bc2f-442b-8af2-7d328b6af6eb', 'usr_487');
INSERT INTO trabalho.usuario_esta_inscrito_no_podcast VALUES (3, 'f8e13774-d631-4f34-93f0-2f5d55590265', 'usr_487');
INSERT INTO trabalho.comentarios_podcast_usuario VALUES ('comment_487_0_1', 'Aperiam et voluptatem ut.', 'f8e13774-d631-4f34-93f0-2f5d55590265', 'usr_487');
INSERT INTO trabalho.comentarios_podcast_usuario VALUES ('comment_487_1_1', 'Culpa asperiores explicabo officiis officiis et minima officiis ut.', 'f8e13774-d631-4f34-93f0-2f5d55590265', 'usr_487');
INSERT INTO trabalho.log_acesso VALUES ('log_487_0_1', 'f8e13774-d631-4f34-93f0-2f5d55590265', 'usr_487');
INSERT INTO trabalho.log_acesso VALUES ('log_487_1_1', 'f8e13774-d631-4f34-93f0-2f5d55590265', 'usr_487');
INSERT INTO trabalho.log_acesso VALUES ('log_487_2_1', 'f8e13774-d631-4f34-93f0-2f5d55590265', 'usr_487');
INSERT INTO trabalho.usuario_esta_inscrito_no_podcast VALUES (4, 'fa3abe16-3645-4d22-a01d-893e6f20c408', 'usr_487');
INSERT INTO trabalho.comentarios_podcast_usuario VALUES ('comment_487_0_2', 'Earum consequatur dicta quibusdam aut eum.', 'fa3abe16-3645-4d22-a01d-893e6f20c408', 'usr_487');
INSERT INTO trabalho.comentarios_podcast_usuario VALUES ('comment_487_1_2', 'Ipsum vel est libero velit et.', 'fa3abe16-3645-4d22-a01d-893e6f20c408', 'usr_487');
INSERT INTO trabalho.log_acesso VALUES ('log_487_0_2', 'fa3abe16-3645-4d22-a01d-893e6f20c408', 'usr_487');
INSERT INTO trabalho.log_acesso VALUES ('log_487_1_2', 'fa3abe16-3645-4d22-a01d-893e6f20c408', 'usr_487');
INSERT INTO trabalho.log_acesso VALUES ('log_487_2_2', 'fa3abe16-3645-4d22-a01d-893e6f20c408', 'usr_487');
INSERT INTO trabalho.log_acesso VALUES ('log_487_3_2', 'fa3abe16-3645-4d22-a01d-893e6f20c408', 'usr_487');
INSERT INTO trabalho.log_acesso VALUES ('log_487_4_2', 'fa3abe16-3645-4d22-a01d-893e6f20c408', 'usr_487');
INSERT INTO trabalho.usuario VALUES ('usr_488', '488_Yuri_Saraiva@yahoo.com', 'Yuri Saraiva', 'male', 19, 'password', 'Costa do Marfim');
INSERT INTO trabalho.usuario_esta_inscrito_no_podcast VALUES (4, 'b553d865-8fe2-47de-9a30-10e1dea3bd1d', 'usr_488');
INSERT INTO trabalho.comentarios_podcast_usuario VALUES ('comment_488_0_0', 'Dicta quibusdam dolor rem quae eligendi eligendi dolor animi.', 'b553d865-8fe2-47de-9a30-10e1dea3bd1d', 'usr_488');
INSERT INTO trabalho.comentarios_podcast_usuario VALUES ('comment_488_1_0', 'Est unde labore ipsa expedita doloribus ut.', 'b553d865-8fe2-47de-9a30-10e1dea3bd1d', 'usr_488');
INSERT INTO trabalho.log_acesso VALUES ('log_488_0_0', 'b553d865-8fe2-47de-9a30-10e1dea3bd1d', 'usr_488');
INSERT INTO trabalho.usuario_esta_inscrito_no_podcast VALUES (0, 'c58b280a-56d4-4ad8-8c85-730e4ea86361', 'usr_488');
INSERT INTO trabalho.comentarios_podcast_usuario VALUES ('comment_488_0_1', 'Similique veniam repellendus provident.', 'c58b280a-56d4-4ad8-8c85-730e4ea86361', 'usr_488');
INSERT INTO trabalho.comentarios_podcast_usuario VALUES ('comment_488_1_1', 'Illo veritatis consequatur eveniet consequatur vel reprehenderit.', 'c58b280a-56d4-4ad8-8c85-730e4ea86361', 'usr_488');
INSERT INTO trabalho.log_acesso VALUES ('log_488_0_1', 'c58b280a-56d4-4ad8-8c85-730e4ea86361', 'usr_488');
INSERT INTO trabalho.usuario_esta_inscrito_no_podcast VALUES (5, 'de2f0ddb-9903-436a-a5e2-54224254c818', 'usr_488');
INSERT INTO trabalho.comentarios_podcast_usuario VALUES ('comment_488_0_2', 'Dignissimos quia asperiores.', 'de2f0ddb-9903-436a-a5e2-54224254c818', 'usr_488');
INSERT INTO trabalho.comentarios_podcast_usuario VALUES ('comment_488_1_2', 'Reprehenderit error laborum exercitationem veritatis rerum in asperiores dolores.', 'de2f0ddb-9903-436a-a5e2-54224254c818', 'usr_488');
INSERT INTO trabalho.comentarios_podcast_usuario VALUES ('comment_488_2_2', 'Veniam pariatur ad sunt delectus doloremque.', 'de2f0ddb-9903-436a-a5e2-54224254c818', 'usr_488');
INSERT INTO trabalho.log_acesso VALUES ('log_488_0_2', 'de2f0ddb-9903-436a-a5e2-54224254c818', 'usr_488');
INSERT INTO trabalho.log_acesso VALUES ('log_488_1_2', 'de2f0ddb-9903-436a-a5e2-54224254c818', 'usr_488');
INSERT INTO trabalho.log_acesso VALUES ('log_488_2_2', 'de2f0ddb-9903-436a-a5e2-54224254c818', 'usr_488');
INSERT INTO trabalho.usuario VALUES ('usr_489', '489_Liz97@yahoo.com', 'Liz Carvalho', 'female', 7, 'password', 'Antilhas Holandesas');
INSERT INTO trabalho.usuario_esta_inscrito_no_podcast VALUES (2, 'af46a958-b921-47b6-9f87-5c4fdc68ea79', 'usr_489');
INSERT INTO trabalho.comentarios_podcast_usuario VALUES ('comment_489_0_0', 'Explicabo veniam suscipit et ducimus accusantium nam laborum nostrum nihil.', 'af46a958-b921-47b6-9f87-5c4fdc68ea79', 'usr_489');
INSERT INTO trabalho.comentarios_podcast_usuario VALUES ('comment_489_1_0', 'Neque sapiente ab.', 'af46a958-b921-47b6-9f87-5c4fdc68ea79', 'usr_489');
INSERT INTO trabalho.comentarios_podcast_usuario VALUES ('comment_489_2_0', 'Iusto quae fugiat a id accusamus omnis eius et.', 'af46a958-b921-47b6-9f87-5c4fdc68ea79', 'usr_489');
INSERT INTO trabalho.comentarios_podcast_usuario VALUES ('comment_489_3_0', 'Et deleniti fugit iure voluptates sunt sint autem.', 'af46a958-b921-47b6-9f87-5c4fdc68ea79', 'usr_489');
INSERT INTO trabalho.comentarios_podcast_usuario VALUES ('comment_489_4_0', 'Sit aliquam eum architecto id a ut et deserunt neque.', 'af46a958-b921-47b6-9f87-5c4fdc68ea79', 'usr_489');
INSERT INTO trabalho.log_acesso VALUES ('log_489_0_0', 'af46a958-b921-47b6-9f87-5c4fdc68ea79', 'usr_489');
INSERT INTO trabalho.log_acesso VALUES ('log_489_1_0', 'af46a958-b921-47b6-9f87-5c4fdc68ea79', 'usr_489');
INSERT INTO trabalho.usuario_esta_inscrito_no_podcast VALUES (2, '67074e68-bc2f-442b-8af2-7d328b6af6eb', 'usr_489');
INSERT INTO trabalho.comentarios_podcast_usuario VALUES ('comment_489_0_1', 'Nisi et minima dolorum cupiditate reiciendis quo.', '67074e68-bc2f-442b-8af2-7d328b6af6eb', 'usr_489');
INSERT INTO trabalho.comentarios_podcast_usuario VALUES ('comment_489_1_1', 'Nobis earum voluptas hic et perferendis cum eligendi quia.', '67074e68-bc2f-442b-8af2-7d328b6af6eb', 'usr_489');
INSERT INTO trabalho.log_acesso VALUES ('log_489_0_1', '67074e68-bc2f-442b-8af2-7d328b6af6eb', 'usr_489');
INSERT INTO trabalho.log_acesso VALUES ('log_489_1_1', '67074e68-bc2f-442b-8af2-7d328b6af6eb', 'usr_489');
INSERT INTO trabalho.log_acesso VALUES ('log_489_2_1', '67074e68-bc2f-442b-8af2-7d328b6af6eb', 'usr_489');
INSERT INTO trabalho.usuario_esta_inscrito_no_podcast VALUES (1, '7e429e8e-7669-403d-bb78-3cd7f9f75afd', 'usr_489');
INSERT INTO trabalho.comentarios_podcast_usuario VALUES ('comment_489_0_2', 'Omnis nam dicta illum culpa consectetur.', '7e429e8e-7669-403d-bb78-3cd7f9f75afd', 'usr_489');
INSERT INTO trabalho.comentarios_podcast_usuario VALUES ('comment_489_1_2', 'Voluptatem ducimus ratione ullam assumenda ut.', '7e429e8e-7669-403d-bb78-3cd7f9f75afd', 'usr_489');
INSERT INTO trabalho.comentarios_podcast_usuario VALUES ('comment_489_2_2', 'Non quis voluptatem saepe excepturi illum et ut molestias et.', '7e429e8e-7669-403d-bb78-3cd7f9f75afd', 'usr_489');
INSERT INTO trabalho.comentarios_podcast_usuario VALUES ('comment_489_3_2', 'Nobis non necessitatibus.', '7e429e8e-7669-403d-bb78-3cd7f9f75afd', 'usr_489');
INSERT INTO trabalho.comentarios_podcast_usuario VALUES ('comment_489_4_2', 'Veritatis doloribus est fuga.', '7e429e8e-7669-403d-bb78-3cd7f9f75afd', 'usr_489');
INSERT INTO trabalho.log_acesso VALUES ('log_489_0_2', '7e429e8e-7669-403d-bb78-3cd7f9f75afd', 'usr_489');
INSERT INTO trabalho.log_acesso VALUES ('log_489_1_2', '7e429e8e-7669-403d-bb78-3cd7f9f75afd', 'usr_489');
INSERT INTO trabalho.log_acesso VALUES ('log_489_2_2', '7e429e8e-7669-403d-bb78-3cd7f9f75afd', 'usr_489');
INSERT INTO trabalho.log_acesso VALUES ('log_489_3_2', '7e429e8e-7669-403d-bb78-3cd7f9f75afd', 'usr_489');
INSERT INTO trabalho.log_acesso VALUES ('log_489_4_2', '7e429e8e-7669-403d-bb78-3cd7f9f75afd', 'usr_489');
INSERT INTO trabalho.usuario VALUES ('usr_490', '490_Liz.Batista@hotmail.com', 'Liz Batista', 'female', 59, 'password', 'Libéria');
INSERT INTO trabalho.usuario_esta_inscrito_no_podcast VALUES (0, '219328a1-cec6-4e8c-b003-52a3ec9766bb', 'usr_490');
INSERT INTO trabalho.comentarios_podcast_usuario VALUES ('comment_490_0_0', 'Itaque ipsum sit sint facilis recusandae quis tempore id dolore.', '219328a1-cec6-4e8c-b003-52a3ec9766bb', 'usr_490');
INSERT INTO trabalho.comentarios_podcast_usuario VALUES ('comment_490_1_0', 'Sed beatae quidem distinctio et vel dolores sed qui.', '219328a1-cec6-4e8c-b003-52a3ec9766bb', 'usr_490');
INSERT INTO trabalho.comentarios_podcast_usuario VALUES ('comment_490_2_0', 'Fuga et non et sit sunt.', '219328a1-cec6-4e8c-b003-52a3ec9766bb', 'usr_490');
INSERT INTO trabalho.log_acesso VALUES ('log_490_0_0', '219328a1-cec6-4e8c-b003-52a3ec9766bb', 'usr_490');
INSERT INTO trabalho.log_acesso VALUES ('log_490_1_0', '219328a1-cec6-4e8c-b003-52a3ec9766bb', 'usr_490');
INSERT INTO trabalho.log_acesso VALUES ('log_490_2_0', '219328a1-cec6-4e8c-b003-52a3ec9766bb', 'usr_490');
INSERT INTO trabalho.log_acesso VALUES ('log_490_3_0', '219328a1-cec6-4e8c-b003-52a3ec9766bb', 'usr_490');
INSERT INTO trabalho.log_acesso VALUES ('log_490_4_0', '219328a1-cec6-4e8c-b003-52a3ec9766bb', 'usr_490');
INSERT INTO trabalho.log_acesso VALUES ('log_490_5_0', '219328a1-cec6-4e8c-b003-52a3ec9766bb', 'usr_490');
INSERT INTO trabalho.log_acesso VALUES ('log_490_6_0', '219328a1-cec6-4e8c-b003-52a3ec9766bb', 'usr_490');
INSERT INTO trabalho.usuario_esta_inscrito_no_podcast VALUES (5, 'fa3abe16-3645-4d22-a01d-893e6f20c408', 'usr_490');
INSERT INTO trabalho.comentarios_podcast_usuario VALUES ('comment_490_0_1', 'Qui harum error itaque.', 'fa3abe16-3645-4d22-a01d-893e6f20c408', 'usr_490');
INSERT INTO trabalho.comentarios_podcast_usuario VALUES ('comment_490_1_1', 'Voluptates ullam voluptatem eveniet.', 'fa3abe16-3645-4d22-a01d-893e6f20c408', 'usr_490');
INSERT INTO trabalho.comentarios_podcast_usuario VALUES ('comment_490_2_1', 'Aperiam facilis eos corporis hic itaque autem voluptas quisquam.', 'fa3abe16-3645-4d22-a01d-893e6f20c408', 'usr_490');
INSERT INTO trabalho.log_acesso VALUES ('log_490_0_1', 'fa3abe16-3645-4d22-a01d-893e6f20c408', 'usr_490');
INSERT INTO trabalho.log_acesso VALUES ('log_490_1_1', 'fa3abe16-3645-4d22-a01d-893e6f20c408', 'usr_490');
INSERT INTO trabalho.usuario_esta_inscrito_no_podcast VALUES (1, '5bdf7377-8330-4f9f-8efd-e95301c122ce', 'usr_490');
INSERT INTO trabalho.comentarios_podcast_usuario VALUES ('comment_490_0_2', 'Unde natus voluptatem non.', '5bdf7377-8330-4f9f-8efd-e95301c122ce', 'usr_490');
INSERT INTO trabalho.comentarios_podcast_usuario VALUES ('comment_490_1_2', 'Blanditiis ut dignissimos ea.', '5bdf7377-8330-4f9f-8efd-e95301c122ce', 'usr_490');
INSERT INTO trabalho.comentarios_podcast_usuario VALUES ('comment_490_2_2', 'Officiis similique quis eveniet dignissimos.', '5bdf7377-8330-4f9f-8efd-e95301c122ce', 'usr_490');
INSERT INTO trabalho.comentarios_podcast_usuario VALUES ('comment_490_3_2', 'Qui culpa ex sequi neque et dolorum nulla.', '5bdf7377-8330-4f9f-8efd-e95301c122ce', 'usr_490');
INSERT INTO trabalho.comentarios_podcast_usuario VALUES ('comment_490_4_2', 'Molestiae voluptas ratione neque saepe ipsum quaerat tempore sit ad.', '5bdf7377-8330-4f9f-8efd-e95301c122ce', 'usr_490');
INSERT INTO trabalho.log_acesso VALUES ('log_490_0_2', '5bdf7377-8330-4f9f-8efd-e95301c122ce', 'usr_490');
INSERT INTO trabalho.log_acesso VALUES ('log_490_1_2', '5bdf7377-8330-4f9f-8efd-e95301c122ce', 'usr_490');
INSERT INTO trabalho.log_acesso VALUES ('log_490_2_2', '5bdf7377-8330-4f9f-8efd-e95301c122ce', 'usr_490');
INSERT INTO trabalho.log_acesso VALUES ('log_490_3_2', '5bdf7377-8330-4f9f-8efd-e95301c122ce', 'usr_490');
INSERT INTO trabalho.usuario VALUES ('usr_491', '491_Henrique_Santos@hotmail.com', 'Henrique Santos', 'male', 34, 'password', 'Guernesey');
INSERT INTO trabalho.usuario_esta_inscrito_no_podcast VALUES (1, 'af46a958-b921-47b6-9f87-5c4fdc68ea79', 'usr_491');
INSERT INTO trabalho.comentarios_podcast_usuario VALUES ('comment_491_0_0', 'Nisi repellendus maiores.', 'af46a958-b921-47b6-9f87-5c4fdc68ea79', 'usr_491');
INSERT INTO trabalho.comentarios_podcast_usuario VALUES ('comment_491_1_0', 'Consequuntur quidem et in.', 'af46a958-b921-47b6-9f87-5c4fdc68ea79', 'usr_491');
INSERT INTO trabalho.comentarios_podcast_usuario VALUES ('comment_491_2_0', 'Omnis minus dolor qui velit ipsum culpa vitae voluptas.', 'af46a958-b921-47b6-9f87-5c4fdc68ea79', 'usr_491');
INSERT INTO trabalho.log_acesso VALUES ('log_491_0_0', 'af46a958-b921-47b6-9f87-5c4fdc68ea79', 'usr_491');
INSERT INTO trabalho.log_acesso VALUES ('log_491_1_0', 'af46a958-b921-47b6-9f87-5c4fdc68ea79', 'usr_491');
INSERT INTO trabalho.usuario_esta_inscrito_no_podcast VALUES (4, '219328a1-cec6-4e8c-b003-52a3ec9766bb', 'usr_491');
INSERT INTO trabalho.comentarios_podcast_usuario VALUES ('comment_491_0_1', 'Et ab rerum id qui.', '219328a1-cec6-4e8c-b003-52a3ec9766bb', 'usr_491');
INSERT INTO trabalho.comentarios_podcast_usuario VALUES ('comment_491_1_1', 'Esse velit ab est qui repellat explicabo dolores molestias.', '219328a1-cec6-4e8c-b003-52a3ec9766bb', 'usr_491');
INSERT INTO trabalho.comentarios_podcast_usuario VALUES ('comment_491_2_1', 'Ex ipsam velit.', '219328a1-cec6-4e8c-b003-52a3ec9766bb', 'usr_491');
INSERT INTO trabalho.log_acesso VALUES ('log_491_0_1', '219328a1-cec6-4e8c-b003-52a3ec9766bb', 'usr_491');
INSERT INTO trabalho.log_acesso VALUES ('log_491_1_1', '219328a1-cec6-4e8c-b003-52a3ec9766bb', 'usr_491');
INSERT INTO trabalho.log_acesso VALUES ('log_491_2_1', '219328a1-cec6-4e8c-b003-52a3ec9766bb', 'usr_491');
INSERT INTO trabalho.log_acesso VALUES ('log_491_3_1', '219328a1-cec6-4e8c-b003-52a3ec9766bb', 'usr_491');
INSERT INTO trabalho.log_acesso VALUES ('log_491_4_1', '219328a1-cec6-4e8c-b003-52a3ec9766bb', 'usr_491');
INSERT INTO trabalho.usuario_esta_inscrito_no_podcast VALUES (0, 'c58b280a-56d4-4ad8-8c85-730e4ea86361', 'usr_491');
INSERT INTO trabalho.comentarios_podcast_usuario VALUES ('comment_491_0_2', 'Libero quas voluptatem sit ut at rerum porro corrupti sunt.', 'c58b280a-56d4-4ad8-8c85-730e4ea86361', 'usr_491');
INSERT INTO trabalho.log_acesso VALUES ('log_491_0_2', 'c58b280a-56d4-4ad8-8c85-730e4ea86361', 'usr_491');
INSERT INTO trabalho.log_acesso VALUES ('log_491_1_2', 'c58b280a-56d4-4ad8-8c85-730e4ea86361', 'usr_491');
INSERT INTO trabalho.usuario VALUES ('usr_492', '492_Roberta73@yahoo.com', 'Roberta Oliveira', 'female', 35, 'password', 'Moçambique');
INSERT INTO trabalho.usuario_esta_inscrito_no_podcast VALUES (5, 'bc8dac25-793c-4a96-aafc-4ea7020f4f60', 'usr_492');
INSERT INTO trabalho.comentarios_podcast_usuario VALUES ('comment_492_0_0', 'Iure numquam ut sit incidunt omnis.', 'bc8dac25-793c-4a96-aafc-4ea7020f4f60', 'usr_492');
INSERT INTO trabalho.comentarios_podcast_usuario VALUES ('comment_492_1_0', 'Quasi repellat minus est ut sed soluta et libero.', 'bc8dac25-793c-4a96-aafc-4ea7020f4f60', 'usr_492');
INSERT INTO trabalho.comentarios_podcast_usuario VALUES ('comment_492_2_0', 'Incidunt omnis architecto.', 'bc8dac25-793c-4a96-aafc-4ea7020f4f60', 'usr_492');
INSERT INTO trabalho.log_acesso VALUES ('log_492_0_0', 'bc8dac25-793c-4a96-aafc-4ea7020f4f60', 'usr_492');
INSERT INTO trabalho.log_acesso VALUES ('log_492_1_0', 'bc8dac25-793c-4a96-aafc-4ea7020f4f60', 'usr_492');
INSERT INTO trabalho.usuario_esta_inscrito_no_podcast VALUES (0, '5bdf7377-8330-4f9f-8efd-e95301c122ce', 'usr_492');
INSERT INTO trabalho.comentarios_podcast_usuario VALUES ('comment_492_0_1', 'Quis ut qui qui iste doloribus.', '5bdf7377-8330-4f9f-8efd-e95301c122ce', 'usr_492');
INSERT INTO trabalho.comentarios_podcast_usuario VALUES ('comment_492_1_1', 'Quis facere enim et ut.', '5bdf7377-8330-4f9f-8efd-e95301c122ce', 'usr_492');
INSERT INTO trabalho.comentarios_podcast_usuario VALUES ('comment_492_2_1', 'Optio dolore eius quas et saepe voluptatem.', '5bdf7377-8330-4f9f-8efd-e95301c122ce', 'usr_492');
INSERT INTO trabalho.comentarios_podcast_usuario VALUES ('comment_492_3_1', 'Consequatur ad fuga.', '5bdf7377-8330-4f9f-8efd-e95301c122ce', 'usr_492');
INSERT INTO trabalho.log_acesso VALUES ('log_492_0_1', '5bdf7377-8330-4f9f-8efd-e95301c122ce', 'usr_492');
INSERT INTO trabalho.log_acesso VALUES ('log_492_1_1', '5bdf7377-8330-4f9f-8efd-e95301c122ce', 'usr_492');
INSERT INTO trabalho.log_acesso VALUES ('log_492_2_1', '5bdf7377-8330-4f9f-8efd-e95301c122ce', 'usr_492');
INSERT INTO trabalho.log_acesso VALUES ('log_492_3_1', '5bdf7377-8330-4f9f-8efd-e95301c122ce', 'usr_492');
INSERT INTO trabalho.usuario_esta_inscrito_no_podcast VALUES (3, '67074e68-bc2f-442b-8af2-7d328b6af6eb', 'usr_492');
INSERT INTO trabalho.comentarios_podcast_usuario VALUES ('comment_492_0_2', 'Omnis reprehenderit officia atque eveniet animi consectetur ut quia est.', '67074e68-bc2f-442b-8af2-7d328b6af6eb', 'usr_492');
INSERT INTO trabalho.comentarios_podcast_usuario VALUES ('comment_492_1_2', 'Ipsam aut incidunt maxime accusantium.', '67074e68-bc2f-442b-8af2-7d328b6af6eb', 'usr_492');
INSERT INTO trabalho.log_acesso VALUES ('log_492_0_2', '67074e68-bc2f-442b-8af2-7d328b6af6eb', 'usr_492');
INSERT INTO trabalho.usuario VALUES ('usr_493', '493_Joana.Braga38@bol.com.br', 'Joana Braga', 'female', 39, 'password', 'Território da Palestina');
INSERT INTO trabalho.usuario_esta_inscrito_no_podcast VALUES (5, 'de2f0ddb-9903-436a-a5e2-54224254c818', 'usr_493');
INSERT INTO trabalho.comentarios_podcast_usuario VALUES ('comment_493_0_0', 'Tempore dolore ipsam voluptate nostrum laborum qui reprehenderit.', 'de2f0ddb-9903-436a-a5e2-54224254c818', 'usr_493');
INSERT INTO trabalho.comentarios_podcast_usuario VALUES ('comment_493_1_0', 'Architecto corrupti recusandae inventore iure et qui.', 'de2f0ddb-9903-436a-a5e2-54224254c818', 'usr_493');
INSERT INTO trabalho.log_acesso VALUES ('log_493_0_0', 'de2f0ddb-9903-436a-a5e2-54224254c818', 'usr_493');
INSERT INTO trabalho.usuario_esta_inscrito_no_podcast VALUES (3, '168c1536-4c42-4b8f-8c77-f06affefec6a', 'usr_493');
INSERT INTO trabalho.comentarios_podcast_usuario VALUES ('comment_493_0_1', 'Saepe sequi sit odio dolorem temporibus voluptas ea.', '168c1536-4c42-4b8f-8c77-f06affefec6a', 'usr_493');
INSERT INTO trabalho.comentarios_podcast_usuario VALUES ('comment_493_1_1', 'Aspernatur qui et quia perspiciatis natus fugiat omnis.', '168c1536-4c42-4b8f-8c77-f06affefec6a', 'usr_493');
INSERT INTO trabalho.comentarios_podcast_usuario VALUES ('comment_493_2_1', 'Voluptas vel dolorem reprehenderit voluptatem minus.', '168c1536-4c42-4b8f-8c77-f06affefec6a', 'usr_493');
INSERT INTO trabalho.comentarios_podcast_usuario VALUES ('comment_493_3_1', 'Quia quasi deserunt corporis ad.', '168c1536-4c42-4b8f-8c77-f06affefec6a', 'usr_493');
INSERT INTO trabalho.log_acesso VALUES ('log_493_0_1', '168c1536-4c42-4b8f-8c77-f06affefec6a', 'usr_493');
INSERT INTO trabalho.log_acesso VALUES ('log_493_1_1', '168c1536-4c42-4b8f-8c77-f06affefec6a', 'usr_493');
INSERT INTO trabalho.log_acesso VALUES ('log_493_2_1', '168c1536-4c42-4b8f-8c77-f06affefec6a', 'usr_493');
INSERT INTO trabalho.log_acesso VALUES ('log_493_3_1', '168c1536-4c42-4b8f-8c77-f06affefec6a', 'usr_493');
INSERT INTO trabalho.log_acesso VALUES ('log_493_4_1', '168c1536-4c42-4b8f-8c77-f06affefec6a', 'usr_493');
INSERT INTO trabalho.usuario_esta_inscrito_no_podcast VALUES (0, 'b553d865-8fe2-47de-9a30-10e1dea3bd1d', 'usr_493');
INSERT INTO trabalho.comentarios_podcast_usuario VALUES ('comment_493_0_2', 'Totam ut omnis.', 'b553d865-8fe2-47de-9a30-10e1dea3bd1d', 'usr_493');
INSERT INTO trabalho.comentarios_podcast_usuario VALUES ('comment_493_1_2', 'Provident adipisci molestiae ut et nostrum et ut.', 'b553d865-8fe2-47de-9a30-10e1dea3bd1d', 'usr_493');
INSERT INTO trabalho.log_acesso VALUES ('log_493_0_2', 'b553d865-8fe2-47de-9a30-10e1dea3bd1d', 'usr_493');
INSERT INTO trabalho.log_acesso VALUES ('log_493_1_2', 'b553d865-8fe2-47de-9a30-10e1dea3bd1d', 'usr_493');
INSERT INTO trabalho.log_acesso VALUES ('log_493_2_2', 'b553d865-8fe2-47de-9a30-10e1dea3bd1d', 'usr_493');
INSERT INTO trabalho.log_acesso VALUES ('log_493_3_2', 'b553d865-8fe2-47de-9a30-10e1dea3bd1d', 'usr_493');
INSERT INTO trabalho.usuario VALUES ('usr_494', '494_Sara21@bol.com.br', 'Sara Martins', 'female', 1, 'password', 'Suíça');
INSERT INTO trabalho.usuario_esta_inscrito_no_podcast VALUES (3, '7e429e8e-7669-403d-bb78-3cd7f9f75afd', 'usr_494');
INSERT INTO trabalho.comentarios_podcast_usuario VALUES ('comment_494_0_0', 'Porro amet velit qui qui.', '7e429e8e-7669-403d-bb78-3cd7f9f75afd', 'usr_494');
INSERT INTO trabalho.comentarios_podcast_usuario VALUES ('comment_494_1_0', 'Saepe beatae quasi est.', '7e429e8e-7669-403d-bb78-3cd7f9f75afd', 'usr_494');
INSERT INTO trabalho.comentarios_podcast_usuario VALUES ('comment_494_2_0', 'Eum quibusdam eos.', '7e429e8e-7669-403d-bb78-3cd7f9f75afd', 'usr_494');
INSERT INTO trabalho.comentarios_podcast_usuario VALUES ('comment_494_3_0', 'Eligendi cupiditate qui nemo.', '7e429e8e-7669-403d-bb78-3cd7f9f75afd', 'usr_494');
INSERT INTO trabalho.log_acesso VALUES ('log_494_0_0', '7e429e8e-7669-403d-bb78-3cd7f9f75afd', 'usr_494');
INSERT INTO trabalho.log_acesso VALUES ('log_494_1_0', '7e429e8e-7669-403d-bb78-3cd7f9f75afd', 'usr_494');
INSERT INTO trabalho.log_acesso VALUES ('log_494_2_0', '7e429e8e-7669-403d-bb78-3cd7f9f75afd', 'usr_494');
INSERT INTO trabalho.usuario_esta_inscrito_no_podcast VALUES (2, 'fa3abe16-3645-4d22-a01d-893e6f20c408', 'usr_494');
INSERT INTO trabalho.comentarios_podcast_usuario VALUES ('comment_494_0_1', 'Eum esse delectus.', 'fa3abe16-3645-4d22-a01d-893e6f20c408', 'usr_494');
INSERT INTO trabalho.comentarios_podcast_usuario VALUES ('comment_494_1_1', 'Quae omnis voluptates totam incidunt enim voluptas error aut.', 'fa3abe16-3645-4d22-a01d-893e6f20c408', 'usr_494');
INSERT INTO trabalho.log_acesso VALUES ('log_494_0_1', 'fa3abe16-3645-4d22-a01d-893e6f20c408', 'usr_494');
INSERT INTO trabalho.log_acesso VALUES ('log_494_1_1', 'fa3abe16-3645-4d22-a01d-893e6f20c408', 'usr_494');
INSERT INTO trabalho.log_acesso VALUES ('log_494_2_1', 'fa3abe16-3645-4d22-a01d-893e6f20c408', 'usr_494');
INSERT INTO trabalho.log_acesso VALUES ('log_494_3_1', 'fa3abe16-3645-4d22-a01d-893e6f20c408', 'usr_494');
INSERT INTO trabalho.usuario_esta_inscrito_no_podcast VALUES (1, 'f1b92ce7-47a7-43cd-8586-4a09185cdd05', 'usr_494');
INSERT INTO trabalho.comentarios_podcast_usuario VALUES ('comment_494_0_2', 'Excepturi nihil dicta dignissimos qui sunt numquam in molestiae laborum.', 'f1b92ce7-47a7-43cd-8586-4a09185cdd05', 'usr_494');
INSERT INTO trabalho.comentarios_podcast_usuario VALUES ('comment_494_1_2', 'Voluptatum vel placeat est culpa dolorum delectus quia ad voluptatem.', 'f1b92ce7-47a7-43cd-8586-4a09185cdd05', 'usr_494');
INSERT INTO trabalho.log_acesso VALUES ('log_494_0_2', 'f1b92ce7-47a7-43cd-8586-4a09185cdd05', 'usr_494');
INSERT INTO trabalho.log_acesso VALUES ('log_494_1_2', 'f1b92ce7-47a7-43cd-8586-4a09185cdd05', 'usr_494');
INSERT INTO trabalho.usuario VALUES ('usr_495', '495_Felipe.Costa@gmail.com', 'Felipe Costa', 'male', 7, 'password', 'El Salvador');
INSERT INTO trabalho.usuario_esta_inscrito_no_podcast VALUES (2, '219328a1-cec6-4e8c-b003-52a3ec9766bb', 'usr_495');
INSERT INTO trabalho.comentarios_podcast_usuario VALUES ('comment_495_0_0', 'Molestiae id molestiae totam voluptates.', '219328a1-cec6-4e8c-b003-52a3ec9766bb', 'usr_495');
INSERT INTO trabalho.comentarios_podcast_usuario VALUES ('comment_495_1_0', 'Et eveniet vero.', '219328a1-cec6-4e8c-b003-52a3ec9766bb', 'usr_495');
INSERT INTO trabalho.log_acesso VALUES ('log_495_0_0', '219328a1-cec6-4e8c-b003-52a3ec9766bb', 'usr_495');
INSERT INTO trabalho.log_acesso VALUES ('log_495_1_0', '219328a1-cec6-4e8c-b003-52a3ec9766bb', 'usr_495');
INSERT INTO trabalho.log_acesso VALUES ('log_495_2_0', '219328a1-cec6-4e8c-b003-52a3ec9766bb', 'usr_495');
INSERT INTO trabalho.log_acesso VALUES ('log_495_3_0', '219328a1-cec6-4e8c-b003-52a3ec9766bb', 'usr_495');
INSERT INTO trabalho.usuario_esta_inscrito_no_podcast VALUES (4, 'b553d865-8fe2-47de-9a30-10e1dea3bd1d', 'usr_495');
INSERT INTO trabalho.comentarios_podcast_usuario VALUES ('comment_495_0_1', 'Occaecati consequatur et voluptas.', 'b553d865-8fe2-47de-9a30-10e1dea3bd1d', 'usr_495');
INSERT INTO trabalho.comentarios_podcast_usuario VALUES ('comment_495_1_1', 'Ipsum eos vel autem placeat nihil laudantium provident eum.', 'b553d865-8fe2-47de-9a30-10e1dea3bd1d', 'usr_495');
INSERT INTO trabalho.comentarios_podcast_usuario VALUES ('comment_495_2_1', 'Qui saepe qui officia quod libero asperiores aut quia perspiciatis.', 'b553d865-8fe2-47de-9a30-10e1dea3bd1d', 'usr_495');
INSERT INTO trabalho.comentarios_podcast_usuario VALUES ('comment_495_3_1', 'Dolor nam tenetur quidem aut eveniet a.', 'b553d865-8fe2-47de-9a30-10e1dea3bd1d', 'usr_495');
INSERT INTO trabalho.comentarios_podcast_usuario VALUES ('comment_495_4_1', 'Est necessitatibus quaerat ut.', 'b553d865-8fe2-47de-9a30-10e1dea3bd1d', 'usr_495');
INSERT INTO trabalho.log_acesso VALUES ('log_495_0_1', 'b553d865-8fe2-47de-9a30-10e1dea3bd1d', 'usr_495');
INSERT INTO trabalho.log_acesso VALUES ('log_495_1_1', 'b553d865-8fe2-47de-9a30-10e1dea3bd1d', 'usr_495');
INSERT INTO trabalho.log_acesso VALUES ('log_495_2_1', 'b553d865-8fe2-47de-9a30-10e1dea3bd1d', 'usr_495');
INSERT INTO trabalho.usuario_esta_inscrito_no_podcast VALUES (4, 'bc8dac25-793c-4a96-aafc-4ea7020f4f60', 'usr_495');
INSERT INTO trabalho.comentarios_podcast_usuario VALUES ('comment_495_0_2', 'Quia voluptates in.', 'bc8dac25-793c-4a96-aafc-4ea7020f4f60', 'usr_495');
INSERT INTO trabalho.comentarios_podcast_usuario VALUES ('comment_495_1_2', 'Est ipsa sit nostrum distinctio aut.', 'bc8dac25-793c-4a96-aafc-4ea7020f4f60', 'usr_495');
INSERT INTO trabalho.log_acesso VALUES ('log_495_0_2', 'bc8dac25-793c-4a96-aafc-4ea7020f4f60', 'usr_495');
INSERT INTO trabalho.log_acesso VALUES ('log_495_1_2', 'bc8dac25-793c-4a96-aafc-4ea7020f4f60', 'usr_495');
INSERT INTO trabalho.log_acesso VALUES ('log_495_2_2', 'bc8dac25-793c-4a96-aafc-4ea7020f4f60', 'usr_495');
INSERT INTO trabalho.log_acesso VALUES ('log_495_3_2', 'bc8dac25-793c-4a96-aafc-4ea7020f4f60', 'usr_495');
INSERT INTO trabalho.usuario VALUES ('usr_496', '496_Isabelly_Saraiva19@live.com', 'Isabelly Saraiva', 'female', 40, 'password', 'Panamá');
INSERT INTO trabalho.usuario_esta_inscrito_no_podcast VALUES (5, 'de2f0ddb-9903-436a-a5e2-54224254c818', 'usr_496');
INSERT INTO trabalho.comentarios_podcast_usuario VALUES ('comment_496_0_0', 'Dicta ex laudantium et vel fugiat ut officiis dignissimos.', 'de2f0ddb-9903-436a-a5e2-54224254c818', 'usr_496');
INSERT INTO trabalho.comentarios_podcast_usuario VALUES ('comment_496_1_0', 'Repudiandae odit impedit id beatae odit vel ipsam ab.', 'de2f0ddb-9903-436a-a5e2-54224254c818', 'usr_496');
INSERT INTO trabalho.comentarios_podcast_usuario VALUES ('comment_496_2_0', 'Amet et non.', 'de2f0ddb-9903-436a-a5e2-54224254c818', 'usr_496');
INSERT INTO trabalho.log_acesso VALUES ('log_496_0_0', 'de2f0ddb-9903-436a-a5e2-54224254c818', 'usr_496');
INSERT INTO trabalho.log_acesso VALUES ('log_496_1_0', 'de2f0ddb-9903-436a-a5e2-54224254c818', 'usr_496');
INSERT INTO trabalho.log_acesso VALUES ('log_496_2_0', 'de2f0ddb-9903-436a-a5e2-54224254c818', 'usr_496');
INSERT INTO trabalho.log_acesso VALUES ('log_496_3_0', 'de2f0ddb-9903-436a-a5e2-54224254c818', 'usr_496');
INSERT INTO trabalho.usuario_esta_inscrito_no_podcast VALUES (3, 'fa3abe16-3645-4d22-a01d-893e6f20c408', 'usr_496');
INSERT INTO trabalho.comentarios_podcast_usuario VALUES ('comment_496_0_1', 'Eum dicta voluptatem.', 'fa3abe16-3645-4d22-a01d-893e6f20c408', 'usr_496');
INSERT INTO trabalho.comentarios_podcast_usuario VALUES ('comment_496_1_1', 'Distinctio et suscipit unde nemo dicta quisquam id in numquam.', 'fa3abe16-3645-4d22-a01d-893e6f20c408', 'usr_496');
INSERT INTO trabalho.comentarios_podcast_usuario VALUES ('comment_496_2_1', 'Quos inventore harum distinctio tempora architecto reiciendis.', 'fa3abe16-3645-4d22-a01d-893e6f20c408', 'usr_496');
INSERT INTO trabalho.log_acesso VALUES ('log_496_0_1', 'fa3abe16-3645-4d22-a01d-893e6f20c408', 'usr_496');
INSERT INTO trabalho.log_acesso VALUES ('log_496_1_1', 'fa3abe16-3645-4d22-a01d-893e6f20c408', 'usr_496');
INSERT INTO trabalho.usuario_esta_inscrito_no_podcast VALUES (3, 'b553d865-8fe2-47de-9a30-10e1dea3bd1d', 'usr_496');
INSERT INTO trabalho.comentarios_podcast_usuario VALUES ('comment_496_0_2', 'Et architecto labore aut vero et voluptas ullam veritatis.', 'b553d865-8fe2-47de-9a30-10e1dea3bd1d', 'usr_496');
INSERT INTO trabalho.comentarios_podcast_usuario VALUES ('comment_496_1_2', 'Sed optio eveniet et suscipit.', 'b553d865-8fe2-47de-9a30-10e1dea3bd1d', 'usr_496');
INSERT INTO trabalho.comentarios_podcast_usuario VALUES ('comment_496_2_2', 'Optio dolore nisi tenetur porro quo numquam.', 'b553d865-8fe2-47de-9a30-10e1dea3bd1d', 'usr_496');
INSERT INTO trabalho.comentarios_podcast_usuario VALUES ('comment_496_3_2', 'Recusandae sint ea atque voluptatem aspernatur alias.', 'b553d865-8fe2-47de-9a30-10e1dea3bd1d', 'usr_496');
INSERT INTO trabalho.log_acesso VALUES ('log_496_0_2', 'b553d865-8fe2-47de-9a30-10e1dea3bd1d', 'usr_496');
INSERT INTO trabalho.log_acesso VALUES ('log_496_1_2', 'b553d865-8fe2-47de-9a30-10e1dea3bd1d', 'usr_496');
INSERT INTO trabalho.log_acesso VALUES ('log_496_2_2', 'b553d865-8fe2-47de-9a30-10e1dea3bd1d', 'usr_496');
INSERT INTO trabalho.log_acesso VALUES ('log_496_3_2', 'b553d865-8fe2-47de-9a30-10e1dea3bd1d', 'usr_496');
INSERT INTO trabalho.usuario VALUES ('usr_497', '497_PedroHenrique_Albuquerque@yahoo.com', 'Pedro Henrique Albuquerque', 'male', 15, 'password', 'Camboja');
INSERT INTO trabalho.usuario_esta_inscrito_no_podcast VALUES (2, 'fa3abe16-3645-4d22-a01d-893e6f20c408', 'usr_497');
INSERT INTO trabalho.comentarios_podcast_usuario VALUES ('comment_497_0_0', 'Distinctio qui consequatur ut quis eum culpa provident.', 'fa3abe16-3645-4d22-a01d-893e6f20c408', 'usr_497');
INSERT INTO trabalho.comentarios_podcast_usuario VALUES ('comment_497_1_0', 'Veniam et exercitationem voluptas in odit corrupti dolorum.', 'fa3abe16-3645-4d22-a01d-893e6f20c408', 'usr_497');
INSERT INTO trabalho.comentarios_podcast_usuario VALUES ('comment_497_2_0', 'Numquam saepe sunt et.', 'fa3abe16-3645-4d22-a01d-893e6f20c408', 'usr_497');
INSERT INTO trabalho.comentarios_podcast_usuario VALUES ('comment_497_3_0', 'Nulla provident omnis eos nostrum ab quia maxime labore maiores.', 'fa3abe16-3645-4d22-a01d-893e6f20c408', 'usr_497');
INSERT INTO trabalho.log_acesso VALUES ('log_497_0_0', 'fa3abe16-3645-4d22-a01d-893e6f20c408', 'usr_497');
INSERT INTO trabalho.log_acesso VALUES ('log_497_1_0', 'fa3abe16-3645-4d22-a01d-893e6f20c408', 'usr_497');
INSERT INTO trabalho.usuario_esta_inscrito_no_podcast VALUES (2, 'de2f0ddb-9903-436a-a5e2-54224254c818', 'usr_497');
INSERT INTO trabalho.comentarios_podcast_usuario VALUES ('comment_497_0_1', 'Non tenetur excepturi molestiae eum in voluptatem perferendis.', 'de2f0ddb-9903-436a-a5e2-54224254c818', 'usr_497');
INSERT INTO trabalho.comentarios_podcast_usuario VALUES ('comment_497_1_1', 'Non vitae omnis beatae numquam sit est ipsum.', 'de2f0ddb-9903-436a-a5e2-54224254c818', 'usr_497');
INSERT INTO trabalho.comentarios_podcast_usuario VALUES ('comment_497_2_1', 'Ad tempore minus error officia unde molestiae dolore exercitationem.', 'de2f0ddb-9903-436a-a5e2-54224254c818', 'usr_497');
INSERT INTO trabalho.comentarios_podcast_usuario VALUES ('comment_497_3_1', 'Veniam molestiae et placeat numquam alias vel.', 'de2f0ddb-9903-436a-a5e2-54224254c818', 'usr_497');
INSERT INTO trabalho.log_acesso VALUES ('log_497_0_1', 'de2f0ddb-9903-436a-a5e2-54224254c818', 'usr_497');
INSERT INTO trabalho.log_acesso VALUES ('log_497_1_1', 'de2f0ddb-9903-436a-a5e2-54224254c818', 'usr_497');
INSERT INTO trabalho.log_acesso VALUES ('log_497_2_1', 'de2f0ddb-9903-436a-a5e2-54224254c818', 'usr_497');
INSERT INTO trabalho.log_acesso VALUES ('log_497_3_1', 'de2f0ddb-9903-436a-a5e2-54224254c818', 'usr_497');
INSERT INTO trabalho.log_acesso VALUES ('log_497_4_1', 'de2f0ddb-9903-436a-a5e2-54224254c818', 'usr_497');
INSERT INTO trabalho.usuario_esta_inscrito_no_podcast VALUES (1, '5bdf7377-8330-4f9f-8efd-e95301c122ce', 'usr_497');
INSERT INTO trabalho.comentarios_podcast_usuario VALUES ('comment_497_0_2', 'Inventore rerum voluptas sequi alias eos unde.', '5bdf7377-8330-4f9f-8efd-e95301c122ce', 'usr_497');
INSERT INTO trabalho.comentarios_podcast_usuario VALUES ('comment_497_1_2', 'Non cum fuga et quia aut enim labore.', '5bdf7377-8330-4f9f-8efd-e95301c122ce', 'usr_497');
INSERT INTO trabalho.comentarios_podcast_usuario VALUES ('comment_497_2_2', 'Magnam earum autem.', '5bdf7377-8330-4f9f-8efd-e95301c122ce', 'usr_497');
INSERT INTO trabalho.comentarios_podcast_usuario VALUES ('comment_497_3_2', 'Occaecati sed ut maiores et.', '5bdf7377-8330-4f9f-8efd-e95301c122ce', 'usr_497');
INSERT INTO trabalho.comentarios_podcast_usuario VALUES ('comment_497_4_2', 'Ut id et eveniet unde facere eveniet dolor voluptas.', '5bdf7377-8330-4f9f-8efd-e95301c122ce', 'usr_497');
INSERT INTO trabalho.comentarios_podcast_usuario VALUES ('comment_497_5_2', 'Et repellat unde maxime sed soluta.', '5bdf7377-8330-4f9f-8efd-e95301c122ce', 'usr_497');
INSERT INTO trabalho.log_acesso VALUES ('log_497_0_2', '5bdf7377-8330-4f9f-8efd-e95301c122ce', 'usr_497');
INSERT INTO trabalho.log_acesso VALUES ('log_497_1_2', '5bdf7377-8330-4f9f-8efd-e95301c122ce', 'usr_497');
INSERT INTO trabalho.log_acesso VALUES ('log_497_2_2', '5bdf7377-8330-4f9f-8efd-e95301c122ce', 'usr_497');
INSERT INTO trabalho.log_acesso VALUES ('log_497_3_2', '5bdf7377-8330-4f9f-8efd-e95301c122ce', 'usr_497');
INSERT INTO trabalho.log_acesso VALUES ('log_497_4_2', '5bdf7377-8330-4f9f-8efd-e95301c122ce', 'usr_497');
INSERT INTO trabalho.log_acesso VALUES ('log_497_5_2', '5bdf7377-8330-4f9f-8efd-e95301c122ce', 'usr_497');
INSERT INTO trabalho.log_acesso VALUES ('log_497_6_2', '5bdf7377-8330-4f9f-8efd-e95301c122ce', 'usr_497');
INSERT INTO trabalho.usuario VALUES ('usr_498', '498_Isabela69@yahoo.com', 'Isabela Braga', 'female', 27, 'password', 'Liechtenstein');
INSERT INTO trabalho.usuario_esta_inscrito_no_podcast VALUES (0, 'af46a958-b921-47b6-9f87-5c4fdc68ea79', 'usr_498');
INSERT INTO trabalho.comentarios_podcast_usuario VALUES ('comment_498_0_0', 'Odio reprehenderit possimus voluptatibus nostrum tempore quis deleniti.', 'af46a958-b921-47b6-9f87-5c4fdc68ea79', 'usr_498');
INSERT INTO trabalho.log_acesso VALUES ('log_498_0_0', 'af46a958-b921-47b6-9f87-5c4fdc68ea79', 'usr_498');
INSERT INTO trabalho.log_acesso VALUES ('log_498_1_0', 'af46a958-b921-47b6-9f87-5c4fdc68ea79', 'usr_498');
INSERT INTO trabalho.log_acesso VALUES ('log_498_2_0', 'af46a958-b921-47b6-9f87-5c4fdc68ea79', 'usr_498');
INSERT INTO trabalho.log_acesso VALUES ('log_498_3_0', 'af46a958-b921-47b6-9f87-5c4fdc68ea79', 'usr_498');
INSERT INTO trabalho.usuario_esta_inscrito_no_podcast VALUES (4, '168c1536-4c42-4b8f-8c77-f06affefec6a', 'usr_498');
INSERT INTO trabalho.comentarios_podcast_usuario VALUES ('comment_498_0_1', 'Eum vero voluptatibus et delectus itaque illo et atque.', '168c1536-4c42-4b8f-8c77-f06affefec6a', 'usr_498');
INSERT INTO trabalho.comentarios_podcast_usuario VALUES ('comment_498_1_1', 'Ipsum fugit aut quis libero.', '168c1536-4c42-4b8f-8c77-f06affefec6a', 'usr_498');
INSERT INTO trabalho.comentarios_podcast_usuario VALUES ('comment_498_2_1', 'Doloribus laudantium aperiam sint.', '168c1536-4c42-4b8f-8c77-f06affefec6a', 'usr_498');
INSERT INTO trabalho.log_acesso VALUES ('log_498_0_1', '168c1536-4c42-4b8f-8c77-f06affefec6a', 'usr_498');
INSERT INTO trabalho.log_acesso VALUES ('log_498_1_1', '168c1536-4c42-4b8f-8c77-f06affefec6a', 'usr_498');
INSERT INTO trabalho.log_acesso VALUES ('log_498_2_1', '168c1536-4c42-4b8f-8c77-f06affefec6a', 'usr_498');
INSERT INTO trabalho.log_acesso VALUES ('log_498_3_1', '168c1536-4c42-4b8f-8c77-f06affefec6a', 'usr_498');
INSERT INTO trabalho.usuario_esta_inscrito_no_podcast VALUES (3, 'f1b92ce7-47a7-43cd-8586-4a09185cdd05', 'usr_498');
INSERT INTO trabalho.comentarios_podcast_usuario VALUES ('comment_498_0_2', 'Quis iusto adipisci iusto nisi ab et veniam et neque.', 'f1b92ce7-47a7-43cd-8586-4a09185cdd05', 'usr_498');
INSERT INTO trabalho.comentarios_podcast_usuario VALUES ('comment_498_1_2', 'Voluptatem placeat quas voluptatem perspiciatis magnam.', 'f1b92ce7-47a7-43cd-8586-4a09185cdd05', 'usr_498');
INSERT INTO trabalho.comentarios_podcast_usuario VALUES ('comment_498_2_2', 'Consequuntur doloremque id.', 'f1b92ce7-47a7-43cd-8586-4a09185cdd05', 'usr_498');
INSERT INTO trabalho.comentarios_podcast_usuario VALUES ('comment_498_3_2', 'Sunt animi corrupti dolorem sequi.', 'f1b92ce7-47a7-43cd-8586-4a09185cdd05', 'usr_498');
INSERT INTO trabalho.comentarios_podcast_usuario VALUES ('comment_498_4_2', 'Dicta quasi doloremque sunt quas laborum neque ab.', 'f1b92ce7-47a7-43cd-8586-4a09185cdd05', 'usr_498');
INSERT INTO trabalho.log_acesso VALUES ('log_498_0_2', 'f1b92ce7-47a7-43cd-8586-4a09185cdd05', 'usr_498');
INSERT INTO trabalho.log_acesso VALUES ('log_498_1_2', 'f1b92ce7-47a7-43cd-8586-4a09185cdd05', 'usr_498');
INSERT INTO trabalho.log_acesso VALUES ('log_498_2_2', 'f1b92ce7-47a7-43cd-8586-4a09185cdd05', 'usr_498');
INSERT INTO trabalho.log_acesso VALUES ('log_498_3_2', 'f1b92ce7-47a7-43cd-8586-4a09185cdd05', 'usr_498');
INSERT INTO trabalho.usuario VALUES ('usr_499', '499_Washington.Melo85@yahoo.com', 'Washington Melo', 'male', 45, 'password', 'Palau');
INSERT INTO trabalho.usuario_esta_inscrito_no_podcast VALUES (3, 'fa3abe16-3645-4d22-a01d-893e6f20c408', 'usr_499');
INSERT INTO trabalho.comentarios_podcast_usuario VALUES ('comment_499_0_0', 'Similique magnam ut corrupti maxime eum reiciendis eaque quidem.', 'fa3abe16-3645-4d22-a01d-893e6f20c408', 'usr_499');
INSERT INTO trabalho.comentarios_podcast_usuario VALUES ('comment_499_1_0', 'Minima veritatis ea nemo autem et exercitationem id consectetur quia.', 'fa3abe16-3645-4d22-a01d-893e6f20c408', 'usr_499');
INSERT INTO trabalho.comentarios_podcast_usuario VALUES ('comment_499_2_0', 'Quas minus odit iure cupiditate error error sed voluptates nulla.', 'fa3abe16-3645-4d22-a01d-893e6f20c408', 'usr_499');
INSERT INTO trabalho.log_acesso VALUES ('log_499_0_0', 'fa3abe16-3645-4d22-a01d-893e6f20c408', 'usr_499');
INSERT INTO trabalho.usuario_esta_inscrito_no_podcast VALUES (4, '168c1536-4c42-4b8f-8c77-f06affefec6a', 'usr_499');
INSERT INTO trabalho.comentarios_podcast_usuario VALUES ('comment_499_0_1', 'Quis voluptatem consectetur et at et.', '168c1536-4c42-4b8f-8c77-f06affefec6a', 'usr_499');
INSERT INTO trabalho.comentarios_podcast_usuario VALUES ('comment_499_1_1', 'Nihil et qui quia et cupiditate blanditiis praesentium.', '168c1536-4c42-4b8f-8c77-f06affefec6a', 'usr_499');
INSERT INTO trabalho.comentarios_podcast_usuario VALUES ('comment_499_2_1', 'Et cumque laudantium quis veniam fugit minima exercitationem consequatur quia.', '168c1536-4c42-4b8f-8c77-f06affefec6a', 'usr_499');
INSERT INTO trabalho.log_acesso VALUES ('log_499_0_1', '168c1536-4c42-4b8f-8c77-f06affefec6a', 'usr_499');
INSERT INTO trabalho.log_acesso VALUES ('log_499_1_1', '168c1536-4c42-4b8f-8c77-f06affefec6a', 'usr_499');
INSERT INTO trabalho.log_acesso VALUES ('log_499_2_1', '168c1536-4c42-4b8f-8c77-f06affefec6a', 'usr_499');
INSERT INTO trabalho.log_acesso VALUES ('log_499_3_1', '168c1536-4c42-4b8f-8c77-f06affefec6a', 'usr_499');
INSERT INTO trabalho.log_acesso VALUES ('log_499_4_1', '168c1536-4c42-4b8f-8c77-f06affefec6a', 'usr_499');
INSERT INTO trabalho.usuario_esta_inscrito_no_podcast VALUES (2, 'f0166bd2-8e4d-4308-b5d7-0b3d627c5dc5', 'usr_499');
INSERT INTO trabalho.comentarios_podcast_usuario VALUES ('comment_499_0_2', 'Velit et eos et consequatur nihil quis minus omnis.', 'f0166bd2-8e4d-4308-b5d7-0b3d627c5dc5', 'usr_499');
INSERT INTO trabalho.comentarios_podcast_usuario VALUES ('comment_499_1_2', 'Architecto veritatis ducimus expedita asperiores.', 'f0166bd2-8e4d-4308-b5d7-0b3d627c5dc5', 'usr_499');
INSERT INTO trabalho.comentarios_podcast_usuario VALUES ('comment_499_2_2', 'Ad illo est non nisi rerum dolorem qui.', 'f0166bd2-8e4d-4308-b5d7-0b3d627c5dc5', 'usr_499');
INSERT INTO trabalho.log_acesso VALUES ('log_499_0_2', 'f0166bd2-8e4d-4308-b5d7-0b3d627c5dc5', 'usr_499');
INSERT INTO trabalho.log_acesso VALUES ('log_499_1_2', 'f0166bd2-8e4d-4308-b5d7-0b3d627c5dc5', 'usr_499');
INSERT INTO trabalho.usuario VALUES ('usr_500', '500_PedroHenrique_Nogueira76@yahoo.com', 'Pedro Henrique Nogueira', 'male', 17, 'password', 'Singapura');
INSERT INTO trabalho.usuario_esta_inscrito_no_podcast VALUES (2, 'bc8dac25-793c-4a96-aafc-4ea7020f4f60', 'usr_500');
INSERT INTO trabalho.comentarios_podcast_usuario VALUES ('comment_500_0_0', 'Est aliquam labore ea voluptatibus.', 'bc8dac25-793c-4a96-aafc-4ea7020f4f60', 'usr_500');
INSERT INTO trabalho.comentarios_podcast_usuario VALUES ('comment_500_1_0', 'Harum exercitationem molestias quaerat voluptatem occaecati.', 'bc8dac25-793c-4a96-aafc-4ea7020f4f60', 'usr_500');
INSERT INTO trabalho.log_acesso VALUES ('log_500_0_0', 'bc8dac25-793c-4a96-aafc-4ea7020f4f60', 'usr_500');
INSERT INTO trabalho.usuario_esta_inscrito_no_podcast VALUES (1, '7e429e8e-7669-403d-bb78-3cd7f9f75afd', 'usr_500');
INSERT INTO trabalho.comentarios_podcast_usuario VALUES ('comment_500_0_1', 'Vel eaque non nesciunt vitae asperiores.', '7e429e8e-7669-403d-bb78-3cd7f9f75afd', 'usr_500');
INSERT INTO trabalho.comentarios_podcast_usuario VALUES ('comment_500_1_1', 'Vel ipsum expedita maiores atque ut laborum reiciendis consequatur eos.', '7e429e8e-7669-403d-bb78-3cd7f9f75afd', 'usr_500');
INSERT INTO trabalho.comentarios_podcast_usuario VALUES ('comment_500_2_1', 'Ipsam quidem ab tempora labore voluptatem sunt ut rerum.', '7e429e8e-7669-403d-bb78-3cd7f9f75afd', 'usr_500');
INSERT INTO trabalho.log_acesso VALUES ('log_500_0_1', '7e429e8e-7669-403d-bb78-3cd7f9f75afd', 'usr_500');
INSERT INTO trabalho.log_acesso VALUES ('log_500_1_1', '7e429e8e-7669-403d-bb78-3cd7f9f75afd', 'usr_500');
INSERT INTO trabalho.log_acesso VALUES ('log_500_2_1', '7e429e8e-7669-403d-bb78-3cd7f9f75afd', 'usr_500');
INSERT INTO trabalho.log_acesso VALUES ('log_500_3_1', '7e429e8e-7669-403d-bb78-3cd7f9f75afd', 'usr_500');
INSERT INTO trabalho.usuario_esta_inscrito_no_podcast VALUES (0, '5bdf7377-8330-4f9f-8efd-e95301c122ce', 'usr_500');
INSERT INTO trabalho.comentarios_podcast_usuario VALUES ('comment_500_0_2', 'Quia rerum harum facere et.', '5bdf7377-8330-4f9f-8efd-e95301c122ce', 'usr_500');
INSERT INTO trabalho.comentarios_podcast_usuario VALUES ('comment_500_1_2', 'Quia minus expedita nihil dolorum voluptatem.', '5bdf7377-8330-4f9f-8efd-e95301c122ce', 'usr_500');
INSERT INTO trabalho.log_acesso VALUES ('log_500_0_2', '5bdf7377-8330-4f9f-8efd-e95301c122ce', 'usr_500');
INSERT INTO trabalho.log_acesso VALUES ('log_500_1_2', '5bdf7377-8330-4f9f-8efd-e95301c122ce', 'usr_500');
INSERT INTO trabalho.usuario VALUES ('usr_501', '501_Feliciano.Albuquerque@bol.com.br', 'Feliciano Albuquerque', 'male', 49, 'password', 'Somália');
INSERT INTO trabalho.usuario_esta_inscrito_no_podcast VALUES (3, '5bdf7377-8330-4f9f-8efd-e95301c122ce', 'usr_501');
INSERT INTO trabalho.comentarios_podcast_usuario VALUES ('comment_501_0_0', 'Hic quos soluta neque temporibus aspernatur.', '5bdf7377-8330-4f9f-8efd-e95301c122ce', 'usr_501');
INSERT INTO trabalho.comentarios_podcast_usuario VALUES ('comment_501_1_0', 'Asperiores illum sit vero id maxime et autem aliquid.', '5bdf7377-8330-4f9f-8efd-e95301c122ce', 'usr_501');
INSERT INTO trabalho.comentarios_podcast_usuario VALUES ('comment_501_2_0', 'Sapiente beatae molestiae.', '5bdf7377-8330-4f9f-8efd-e95301c122ce', 'usr_501');
INSERT INTO trabalho.log_acesso VALUES ('log_501_0_0', '5bdf7377-8330-4f9f-8efd-e95301c122ce', 'usr_501');
INSERT INTO trabalho.log_acesso VALUES ('log_501_1_0', '5bdf7377-8330-4f9f-8efd-e95301c122ce', 'usr_501');
INSERT INTO trabalho.log_acesso VALUES ('log_501_2_0', '5bdf7377-8330-4f9f-8efd-e95301c122ce', 'usr_501');
INSERT INTO trabalho.log_acesso VALUES ('log_501_3_0', '5bdf7377-8330-4f9f-8efd-e95301c122ce', 'usr_501');
INSERT INTO trabalho.log_acesso VALUES ('log_501_4_0', '5bdf7377-8330-4f9f-8efd-e95301c122ce', 'usr_501');
INSERT INTO trabalho.log_acesso VALUES ('log_501_5_0', '5bdf7377-8330-4f9f-8efd-e95301c122ce', 'usr_501');
INSERT INTO trabalho.log_acesso VALUES ('log_501_6_0', '5bdf7377-8330-4f9f-8efd-e95301c122ce', 'usr_501');
INSERT INTO trabalho.usuario_esta_inscrito_no_podcast VALUES (5, 'b553d865-8fe2-47de-9a30-10e1dea3bd1d', 'usr_501');
INSERT INTO trabalho.comentarios_podcast_usuario VALUES ('comment_501_0_1', 'At repellat totam ipsam molestias.', 'b553d865-8fe2-47de-9a30-10e1dea3bd1d', 'usr_501');
INSERT INTO trabalho.comentarios_podcast_usuario VALUES ('comment_501_1_1', 'Quis perferendis eum adipisci repellat repudiandae adipisci consequatur.', 'b553d865-8fe2-47de-9a30-10e1dea3bd1d', 'usr_501');
INSERT INTO trabalho.comentarios_podcast_usuario VALUES ('comment_501_2_1', 'Ab dolor ipsam consectetur dolorum quia quis pariatur.', 'b553d865-8fe2-47de-9a30-10e1dea3bd1d', 'usr_501');
INSERT INTO trabalho.comentarios_podcast_usuario VALUES ('comment_501_3_1', 'Qui quia voluptatum occaecati cupiditate adipisci.', 'b553d865-8fe2-47de-9a30-10e1dea3bd1d', 'usr_501');
INSERT INTO trabalho.comentarios_podcast_usuario VALUES ('comment_501_4_1', 'Veritatis temporibus labore nobis.', 'b553d865-8fe2-47de-9a30-10e1dea3bd1d', 'usr_501');
INSERT INTO trabalho.log_acesso VALUES ('log_501_0_1', 'b553d865-8fe2-47de-9a30-10e1dea3bd1d', 'usr_501');
INSERT INTO trabalho.log_acesso VALUES ('log_501_1_1', 'b553d865-8fe2-47de-9a30-10e1dea3bd1d', 'usr_501');
INSERT INTO trabalho.log_acesso VALUES ('log_501_2_1', 'b553d865-8fe2-47de-9a30-10e1dea3bd1d', 'usr_501');
INSERT INTO trabalho.log_acesso VALUES ('log_501_3_1', 'b553d865-8fe2-47de-9a30-10e1dea3bd1d', 'usr_501');
INSERT INTO trabalho.usuario_esta_inscrito_no_podcast VALUES (2, 'bc8dac25-793c-4a96-aafc-4ea7020f4f60', 'usr_501');
INSERT INTO trabalho.comentarios_podcast_usuario VALUES ('comment_501_0_2', 'Ratione ipsum laboriosam id non assumenda culpa.', 'bc8dac25-793c-4a96-aafc-4ea7020f4f60', 'usr_501');
INSERT INTO trabalho.log_acesso VALUES ('log_501_0_2', 'bc8dac25-793c-4a96-aafc-4ea7020f4f60', 'usr_501');
INSERT INTO trabalho.log_acesso VALUES ('log_501_1_2', 'bc8dac25-793c-4a96-aafc-4ea7020f4f60', 'usr_501');
INSERT INTO trabalho.log_acesso VALUES ('log_501_2_2', 'bc8dac25-793c-4a96-aafc-4ea7020f4f60', 'usr_501');
INSERT INTO trabalho.log_acesso VALUES ('log_501_3_2', 'bc8dac25-793c-4a96-aafc-4ea7020f4f60', 'usr_501');
INSERT INTO trabalho.log_acesso VALUES ('log_501_4_2', 'bc8dac25-793c-4a96-aafc-4ea7020f4f60', 'usr_501');
INSERT INTO trabalho.log_acesso VALUES ('log_501_5_2', 'bc8dac25-793c-4a96-aafc-4ea7020f4f60', 'usr_501');
INSERT INTO trabalho.log_acesso VALUES ('log_501_6_2', 'bc8dac25-793c-4a96-aafc-4ea7020f4f60', 'usr_501');
INSERT INTO trabalho.usuario VALUES ('usr_502', '502_Rebeca.Melo72@live.com', 'Rebeca Melo', 'female', 50, 'password', 'Hungria');
INSERT INTO trabalho.usuario_esta_inscrito_no_podcast VALUES (1, 'b553d865-8fe2-47de-9a30-10e1dea3bd1d', 'usr_502');
INSERT INTO trabalho.comentarios_podcast_usuario VALUES ('comment_502_0_0', 'Non tenetur sunt hic amet eum consectetur tempora.', 'b553d865-8fe2-47de-9a30-10e1dea3bd1d', 'usr_502');
INSERT INTO trabalho.comentarios_podcast_usuario VALUES ('comment_502_1_0', 'Et qui incidunt itaque aut et quia placeat sunt.', 'b553d865-8fe2-47de-9a30-10e1dea3bd1d', 'usr_502');
INSERT INTO trabalho.comentarios_podcast_usuario VALUES ('comment_502_2_0', 'Sapiente aut sapiente sapiente consequuntur et quia quod vero sapiente.', 'b553d865-8fe2-47de-9a30-10e1dea3bd1d', 'usr_502');
INSERT INTO trabalho.log_acesso VALUES ('log_502_0_0', 'b553d865-8fe2-47de-9a30-10e1dea3bd1d', 'usr_502');
INSERT INTO trabalho.log_acesso VALUES ('log_502_1_0', 'b553d865-8fe2-47de-9a30-10e1dea3bd1d', 'usr_502');
INSERT INTO trabalho.log_acesso VALUES ('log_502_2_0', 'b553d865-8fe2-47de-9a30-10e1dea3bd1d', 'usr_502');
INSERT INTO trabalho.log_acesso VALUES ('log_502_3_0', 'b553d865-8fe2-47de-9a30-10e1dea3bd1d', 'usr_502');
INSERT INTO trabalho.log_acesso VALUES ('log_502_4_0', 'b553d865-8fe2-47de-9a30-10e1dea3bd1d', 'usr_502');
INSERT INTO trabalho.usuario_esta_inscrito_no_podcast VALUES (2, 'bc8dac25-793c-4a96-aafc-4ea7020f4f60', 'usr_502');
INSERT INTO trabalho.comentarios_podcast_usuario VALUES ('comment_502_0_1', 'Dolorem hic dolorem delectus.', 'bc8dac25-793c-4a96-aafc-4ea7020f4f60', 'usr_502');
INSERT INTO trabalho.comentarios_podcast_usuario VALUES ('comment_502_1_1', 'Fuga sit in et est enim voluptatem fuga culpa.', 'bc8dac25-793c-4a96-aafc-4ea7020f4f60', 'usr_502');
INSERT INTO trabalho.comentarios_podcast_usuario VALUES ('comment_502_2_1', 'Eveniet assumenda vero exercitationem et pariatur deleniti.', 'bc8dac25-793c-4a96-aafc-4ea7020f4f60', 'usr_502');
INSERT INTO trabalho.log_acesso VALUES ('log_502_0_1', 'bc8dac25-793c-4a96-aafc-4ea7020f4f60', 'usr_502');
INSERT INTO trabalho.log_acesso VALUES ('log_502_1_1', 'bc8dac25-793c-4a96-aafc-4ea7020f4f60', 'usr_502');
INSERT INTO trabalho.log_acesso VALUES ('log_502_2_1', 'bc8dac25-793c-4a96-aafc-4ea7020f4f60', 'usr_502');
INSERT INTO trabalho.log_acesso VALUES ('log_502_3_1', 'bc8dac25-793c-4a96-aafc-4ea7020f4f60', 'usr_502');
INSERT INTO trabalho.usuario_esta_inscrito_no_podcast VALUES (1, 'af46a958-b921-47b6-9f87-5c4fdc68ea79', 'usr_502');
INSERT INTO trabalho.comentarios_podcast_usuario VALUES ('comment_502_0_2', 'Aspernatur non ut incidunt.', 'af46a958-b921-47b6-9f87-5c4fdc68ea79', 'usr_502');
INSERT INTO trabalho.comentarios_podcast_usuario VALUES ('comment_502_1_2', 'Aliquam accusantium neque assumenda facilis eum quis ex doloribus accusamus.', 'af46a958-b921-47b6-9f87-5c4fdc68ea79', 'usr_502');
INSERT INTO trabalho.log_acesso VALUES ('log_502_0_2', 'af46a958-b921-47b6-9f87-5c4fdc68ea79', 'usr_502');
INSERT INTO trabalho.log_acesso VALUES ('log_502_1_2', 'af46a958-b921-47b6-9f87-5c4fdc68ea79', 'usr_502');
INSERT INTO trabalho.log_acesso VALUES ('log_502_2_2', 'af46a958-b921-47b6-9f87-5c4fdc68ea79', 'usr_502');
INSERT INTO trabalho.log_acesso VALUES ('log_502_3_2', 'af46a958-b921-47b6-9f87-5c4fdc68ea79', 'usr_502');
INSERT INTO trabalho.usuario VALUES ('usr_503', '503_Davi_Costa55@hotmail.com', 'Davi Costa', 'male', 56, 'password', 'Benin');
INSERT INTO trabalho.usuario_esta_inscrito_no_podcast VALUES (0, '5bdf7377-8330-4f9f-8efd-e95301c122ce', 'usr_503');
INSERT INTO trabalho.comentarios_podcast_usuario VALUES ('comment_503_0_0', 'Molestiae id voluptatem nisi.', '5bdf7377-8330-4f9f-8efd-e95301c122ce', 'usr_503');
INSERT INTO trabalho.comentarios_podcast_usuario VALUES ('comment_503_1_0', 'Voluptatum tenetur aut voluptas et voluptatem accusamus.', '5bdf7377-8330-4f9f-8efd-e95301c122ce', 'usr_503');
INSERT INTO trabalho.log_acesso VALUES ('log_503_0_0', '5bdf7377-8330-4f9f-8efd-e95301c122ce', 'usr_503');
INSERT INTO trabalho.log_acesso VALUES ('log_503_1_0', '5bdf7377-8330-4f9f-8efd-e95301c122ce', 'usr_503');
INSERT INTO trabalho.log_acesso VALUES ('log_503_2_0', '5bdf7377-8330-4f9f-8efd-e95301c122ce', 'usr_503');
INSERT INTO trabalho.log_acesso VALUES ('log_503_3_0', '5bdf7377-8330-4f9f-8efd-e95301c122ce', 'usr_503');
INSERT INTO trabalho.log_acesso VALUES ('log_503_4_0', '5bdf7377-8330-4f9f-8efd-e95301c122ce', 'usr_503');
INSERT INTO trabalho.usuario_esta_inscrito_no_podcast VALUES (0, 'fa3abe16-3645-4d22-a01d-893e6f20c408', 'usr_503');
INSERT INTO trabalho.comentarios_podcast_usuario VALUES ('comment_503_0_1', 'Laborum voluptatem optio aspernatur deserunt non corrupti facere qui.', 'fa3abe16-3645-4d22-a01d-893e6f20c408', 'usr_503');
INSERT INTO trabalho.comentarios_podcast_usuario VALUES ('comment_503_1_1', 'Debitis inventore laboriosam.', 'fa3abe16-3645-4d22-a01d-893e6f20c408', 'usr_503');
INSERT INTO trabalho.comentarios_podcast_usuario VALUES ('comment_503_2_1', 'Facere illum eligendi excepturi in dolore aliquam dignissimos sunt esse.', 'fa3abe16-3645-4d22-a01d-893e6f20c408', 'usr_503');
INSERT INTO trabalho.comentarios_podcast_usuario VALUES ('comment_503_3_1', 'Porro voluptate magnam.', 'fa3abe16-3645-4d22-a01d-893e6f20c408', 'usr_503');
INSERT INTO trabalho.comentarios_podcast_usuario VALUES ('comment_503_4_1', 'Quod non rem.', 'fa3abe16-3645-4d22-a01d-893e6f20c408', 'usr_503');
INSERT INTO trabalho.comentarios_podcast_usuario VALUES ('comment_503_5_1', 'Quas ea aliquid libero autem odio architecto rerum doloribus inventore.', 'fa3abe16-3645-4d22-a01d-893e6f20c408', 'usr_503');
INSERT INTO trabalho.log_acesso VALUES ('log_503_0_1', 'fa3abe16-3645-4d22-a01d-893e6f20c408', 'usr_503');
INSERT INTO trabalho.log_acesso VALUES ('log_503_1_1', 'fa3abe16-3645-4d22-a01d-893e6f20c408', 'usr_503');
INSERT INTO trabalho.log_acesso VALUES ('log_503_2_1', 'fa3abe16-3645-4d22-a01d-893e6f20c408', 'usr_503');
INSERT INTO trabalho.log_acesso VALUES ('log_503_3_1', 'fa3abe16-3645-4d22-a01d-893e6f20c408', 'usr_503');
INSERT INTO trabalho.usuario_esta_inscrito_no_podcast VALUES (5, 'af46a958-b921-47b6-9f87-5c4fdc68ea79', 'usr_503');
INSERT INTO trabalho.comentarios_podcast_usuario VALUES ('comment_503_0_2', 'Totam quo minima facere.', 'af46a958-b921-47b6-9f87-5c4fdc68ea79', 'usr_503');
INSERT INTO trabalho.log_acesso VALUES ('log_503_0_2', 'af46a958-b921-47b6-9f87-5c4fdc68ea79', 'usr_503');
INSERT INTO trabalho.log_acesso VALUES ('log_503_1_2', 'af46a958-b921-47b6-9f87-5c4fdc68ea79', 'usr_503');
INSERT INTO trabalho.usuario VALUES ('usr_504', '504_Manuela_Albuquerque89@bol.com.br', 'Manuela Albuquerque', 'female', 33, 'password', 'Seicheles');
INSERT INTO trabalho.usuario_esta_inscrito_no_podcast VALUES (3, '168c1536-4c42-4b8f-8c77-f06affefec6a', 'usr_504');
INSERT INTO trabalho.comentarios_podcast_usuario VALUES ('comment_504_0_0', 'Odio nemo voluptatem et rem et magnam cum voluptas.', '168c1536-4c42-4b8f-8c77-f06affefec6a', 'usr_504');
INSERT INTO trabalho.comentarios_podcast_usuario VALUES ('comment_504_1_0', 'Voluptatibus laborum mollitia tempore vitae voluptatibus molestias asperiores accusamus.', '168c1536-4c42-4b8f-8c77-f06affefec6a', 'usr_504');
INSERT INTO trabalho.comentarios_podcast_usuario VALUES ('comment_504_2_0', 'Aut mollitia quo est debitis est consectetur.', '168c1536-4c42-4b8f-8c77-f06affefec6a', 'usr_504');
INSERT INTO trabalho.comentarios_podcast_usuario VALUES ('comment_504_3_0', 'Omnis ipsum quae eum enim dicta quisquam magni sequi.', '168c1536-4c42-4b8f-8c77-f06affefec6a', 'usr_504');
INSERT INTO trabalho.log_acesso VALUES ('log_504_0_0', '168c1536-4c42-4b8f-8c77-f06affefec6a', 'usr_504');
INSERT INTO trabalho.log_acesso VALUES ('log_504_1_0', '168c1536-4c42-4b8f-8c77-f06affefec6a', 'usr_504');
INSERT INTO trabalho.log_acesso VALUES ('log_504_2_0', '168c1536-4c42-4b8f-8c77-f06affefec6a', 'usr_504');
INSERT INTO trabalho.usuario_esta_inscrito_no_podcast VALUES (0, 'b553d865-8fe2-47de-9a30-10e1dea3bd1d', 'usr_504');
INSERT INTO trabalho.comentarios_podcast_usuario VALUES ('comment_504_0_1', 'Et voluptatem reiciendis libero eligendi minus molestiae ducimus eligendi.', 'b553d865-8fe2-47de-9a30-10e1dea3bd1d', 'usr_504');
INSERT INTO trabalho.comentarios_podcast_usuario VALUES ('comment_504_1_1', 'Non inventore molestias facilis sit harum consectetur sit ut.', 'b553d865-8fe2-47de-9a30-10e1dea3bd1d', 'usr_504');
INSERT INTO trabalho.comentarios_podcast_usuario VALUES ('comment_504_2_1', 'Magni inventore corrupti natus nisi enim labore iste.', 'b553d865-8fe2-47de-9a30-10e1dea3bd1d', 'usr_504');
INSERT INTO trabalho.comentarios_podcast_usuario VALUES ('comment_504_3_1', 'Asperiores distinctio inventore dolores dolorum harum enim.', 'b553d865-8fe2-47de-9a30-10e1dea3bd1d', 'usr_504');
INSERT INTO trabalho.comentarios_podcast_usuario VALUES ('comment_504_4_1', 'Optio nulla minima voluptas consequuntur aut unde vero necessitatibus eos.', 'b553d865-8fe2-47de-9a30-10e1dea3bd1d', 'usr_504');
INSERT INTO trabalho.log_acesso VALUES ('log_504_0_1', 'b553d865-8fe2-47de-9a30-10e1dea3bd1d', 'usr_504');
INSERT INTO trabalho.log_acesso VALUES ('log_504_1_1', 'b553d865-8fe2-47de-9a30-10e1dea3bd1d', 'usr_504');
INSERT INTO trabalho.log_acesso VALUES ('log_504_2_1', 'b553d865-8fe2-47de-9a30-10e1dea3bd1d', 'usr_504');
INSERT INTO trabalho.log_acesso VALUES ('log_504_3_1', 'b553d865-8fe2-47de-9a30-10e1dea3bd1d', 'usr_504');
INSERT INTO trabalho.log_acesso VALUES ('log_504_4_1', 'b553d865-8fe2-47de-9a30-10e1dea3bd1d', 'usr_504');
INSERT INTO trabalho.log_acesso VALUES ('log_504_5_1', 'b553d865-8fe2-47de-9a30-10e1dea3bd1d', 'usr_504');
INSERT INTO trabalho.log_acesso VALUES ('log_504_6_1', 'b553d865-8fe2-47de-9a30-10e1dea3bd1d', 'usr_504');
INSERT INTO trabalho.usuario_esta_inscrito_no_podcast VALUES (1, 'bc8dac25-793c-4a96-aafc-4ea7020f4f60', 'usr_504');
INSERT INTO trabalho.comentarios_podcast_usuario VALUES ('comment_504_0_2', 'Quis velit quis sit voluptates recusandae sunt optio quia debitis.', 'bc8dac25-793c-4a96-aafc-4ea7020f4f60', 'usr_504');
INSERT INTO trabalho.comentarios_podcast_usuario VALUES ('comment_504_1_2', 'Unde at voluptas illo asperiores esse recusandae modi.', 'bc8dac25-793c-4a96-aafc-4ea7020f4f60', 'usr_504');
INSERT INTO trabalho.comentarios_podcast_usuario VALUES ('comment_504_2_2', 'In explicabo consequatur excepturi similique.', 'bc8dac25-793c-4a96-aafc-4ea7020f4f60', 'usr_504');
INSERT INTO trabalho.comentarios_podcast_usuario VALUES ('comment_504_3_2', 'Laudantium ratione nobis qui distinctio quo.', 'bc8dac25-793c-4a96-aafc-4ea7020f4f60', 'usr_504');
INSERT INTO trabalho.comentarios_podcast_usuario VALUES ('comment_504_4_2', 'Quasi aut necessitatibus quisquam velit ut cum.', 'bc8dac25-793c-4a96-aafc-4ea7020f4f60', 'usr_504');
INSERT INTO trabalho.log_acesso VALUES ('log_504_0_2', 'bc8dac25-793c-4a96-aafc-4ea7020f4f60', 'usr_504');
INSERT INTO trabalho.log_acesso VALUES ('log_504_1_2', 'bc8dac25-793c-4a96-aafc-4ea7020f4f60', 'usr_504');
INSERT INTO trabalho.log_acesso VALUES ('log_504_2_2', 'bc8dac25-793c-4a96-aafc-4ea7020f4f60', 'usr_504');
INSERT INTO trabalho.log_acesso VALUES ('log_504_3_2', 'bc8dac25-793c-4a96-aafc-4ea7020f4f60', 'usr_504');
INSERT INTO trabalho.log_acesso VALUES ('log_504_4_2', 'bc8dac25-793c-4a96-aafc-4ea7020f4f60', 'usr_504');
INSERT INTO trabalho.log_acesso VALUES ('log_504_5_2', 'bc8dac25-793c-4a96-aafc-4ea7020f4f60', 'usr_504');
INSERT INTO trabalho.usuario VALUES ('usr_505', '505_Lorenzo69@gmail.com', 'Lorenzo Oliveira', 'male', 41, 'password', 'Guiana');
INSERT INTO trabalho.usuario_esta_inscrito_no_podcast VALUES (1, 'bc8dac25-793c-4a96-aafc-4ea7020f4f60', 'usr_505');
INSERT INTO trabalho.comentarios_podcast_usuario VALUES ('comment_505_0_0', 'Incidunt voluptatem sit at.', 'bc8dac25-793c-4a96-aafc-4ea7020f4f60', 'usr_505');
INSERT INTO trabalho.comentarios_podcast_usuario VALUES ('comment_505_1_0', 'Tempore aut laborum quaerat sed vero est dicta.', 'bc8dac25-793c-4a96-aafc-4ea7020f4f60', 'usr_505');
INSERT INTO trabalho.comentarios_podcast_usuario VALUES ('comment_505_2_0', 'Sapiente et dolorem corrupti voluptatem asperiores enim accusamus error rerum.', 'bc8dac25-793c-4a96-aafc-4ea7020f4f60', 'usr_505');
INSERT INTO trabalho.comentarios_podcast_usuario VALUES ('comment_505_3_0', 'Dicta pariatur temporibus rerum excepturi facilis non at aut illo.', 'bc8dac25-793c-4a96-aafc-4ea7020f4f60', 'usr_505');
INSERT INTO trabalho.log_acesso VALUES ('log_505_0_0', 'bc8dac25-793c-4a96-aafc-4ea7020f4f60', 'usr_505');
INSERT INTO trabalho.log_acesso VALUES ('log_505_1_0', 'bc8dac25-793c-4a96-aafc-4ea7020f4f60', 'usr_505');
INSERT INTO trabalho.log_acesso VALUES ('log_505_2_0', 'bc8dac25-793c-4a96-aafc-4ea7020f4f60', 'usr_505');
INSERT INTO trabalho.usuario_esta_inscrito_no_podcast VALUES (0, 'b553d865-8fe2-47de-9a30-10e1dea3bd1d', 'usr_505');
INSERT INTO trabalho.comentarios_podcast_usuario VALUES ('comment_505_0_1', 'Minus et repudiandae ea ab distinctio sed quae.', 'b553d865-8fe2-47de-9a30-10e1dea3bd1d', 'usr_505');
INSERT INTO trabalho.log_acesso VALUES ('log_505_0_1', 'b553d865-8fe2-47de-9a30-10e1dea3bd1d', 'usr_505');
INSERT INTO trabalho.log_acesso VALUES ('log_505_1_1', 'b553d865-8fe2-47de-9a30-10e1dea3bd1d', 'usr_505');
INSERT INTO trabalho.log_acesso VALUES ('log_505_2_1', 'b553d865-8fe2-47de-9a30-10e1dea3bd1d', 'usr_505');
INSERT INTO trabalho.log_acesso VALUES ('log_505_3_1', 'b553d865-8fe2-47de-9a30-10e1dea3bd1d', 'usr_505');
INSERT INTO trabalho.usuario_esta_inscrito_no_podcast VALUES (5, 'f1b92ce7-47a7-43cd-8586-4a09185cdd05', 'usr_505');
INSERT INTO trabalho.comentarios_podcast_usuario VALUES ('comment_505_0_2', 'Voluptatem dolor minus officia saepe minus ea.', 'f1b92ce7-47a7-43cd-8586-4a09185cdd05', 'usr_505');
INSERT INTO trabalho.comentarios_podcast_usuario VALUES ('comment_505_1_2', 'Sint ut facere quia inventore quo fugit est.', 'f1b92ce7-47a7-43cd-8586-4a09185cdd05', 'usr_505');
INSERT INTO trabalho.comentarios_podcast_usuario VALUES ('comment_505_2_2', 'Atque dolores quo omnis doloribus provident eum qui.', 'f1b92ce7-47a7-43cd-8586-4a09185cdd05', 'usr_505');
INSERT INTO trabalho.comentarios_podcast_usuario VALUES ('comment_505_3_2', 'Aut velit cum et sed et eum soluta asperiores.', 'f1b92ce7-47a7-43cd-8586-4a09185cdd05', 'usr_505');
INSERT INTO trabalho.comentarios_podcast_usuario VALUES ('comment_505_4_2', 'Consectetur hic magnam quia exercitationem.', 'f1b92ce7-47a7-43cd-8586-4a09185cdd05', 'usr_505');
INSERT INTO trabalho.log_acesso VALUES ('log_505_0_2', 'f1b92ce7-47a7-43cd-8586-4a09185cdd05', 'usr_505');
INSERT INTO trabalho.log_acesso VALUES ('log_505_1_2', 'f1b92ce7-47a7-43cd-8586-4a09185cdd05', 'usr_505');
INSERT INTO trabalho.log_acesso VALUES ('log_505_2_2', 'f1b92ce7-47a7-43cd-8586-4a09185cdd05', 'usr_505');
INSERT INTO trabalho.log_acesso VALUES ('log_505_3_2', 'f1b92ce7-47a7-43cd-8586-4a09185cdd05', 'usr_505');
INSERT INTO trabalho.log_acesso VALUES ('log_505_4_2', 'f1b92ce7-47a7-43cd-8586-4a09185cdd05', 'usr_505');
INSERT INTO trabalho.log_acesso VALUES ('log_505_5_2', 'f1b92ce7-47a7-43cd-8586-4a09185cdd05', 'usr_505');
INSERT INTO trabalho.log_acesso VALUES ('log_505_6_2', 'f1b92ce7-47a7-43cd-8586-4a09185cdd05', 'usr_505');
INSERT INTO trabalho.log_acesso VALUES ('log_505_7_2', 'f1b92ce7-47a7-43cd-8586-4a09185cdd05', 'usr_505');
INSERT INTO trabalho.usuario VALUES ('usr_506', '506_Alexandre69@live.com', 'Alexandre Moreira', 'male', 33, 'password', 'Tanzânia');
INSERT INTO trabalho.usuario_esta_inscrito_no_podcast VALUES (2, '168c1536-4c42-4b8f-8c77-f06affefec6a', 'usr_506');
INSERT INTO trabalho.comentarios_podcast_usuario VALUES ('comment_506_0_0', 'Ducimus sit molestiae quo.', '168c1536-4c42-4b8f-8c77-f06affefec6a', 'usr_506');
INSERT INTO trabalho.comentarios_podcast_usuario VALUES ('comment_506_1_0', 'Cupiditate officia praesentium repellat ullam id ipsam.', '168c1536-4c42-4b8f-8c77-f06affefec6a', 'usr_506');
INSERT INTO trabalho.comentarios_podcast_usuario VALUES ('comment_506_2_0', 'Laudantium sequi rerum voluptas rerum vitae maiores cumque maxime.', '168c1536-4c42-4b8f-8c77-f06affefec6a', 'usr_506');
INSERT INTO trabalho.log_acesso VALUES ('log_506_0_0', '168c1536-4c42-4b8f-8c77-f06affefec6a', 'usr_506');
INSERT INTO trabalho.log_acesso VALUES ('log_506_1_0', '168c1536-4c42-4b8f-8c77-f06affefec6a', 'usr_506');
INSERT INTO trabalho.usuario_esta_inscrito_no_podcast VALUES (1, 'fa3abe16-3645-4d22-a01d-893e6f20c408', 'usr_506');
INSERT INTO trabalho.comentarios_podcast_usuario VALUES ('comment_506_0_1', 'Tenetur eos sit.', 'fa3abe16-3645-4d22-a01d-893e6f20c408', 'usr_506');
INSERT INTO trabalho.comentarios_podcast_usuario VALUES ('comment_506_1_1', 'Modi neque minima aut rerum.', 'fa3abe16-3645-4d22-a01d-893e6f20c408', 'usr_506');
INSERT INTO trabalho.comentarios_podcast_usuario VALUES ('comment_506_2_1', 'Perspiciatis inventore magnam.', 'fa3abe16-3645-4d22-a01d-893e6f20c408', 'usr_506');
INSERT INTO trabalho.log_acesso VALUES ('log_506_0_1', 'fa3abe16-3645-4d22-a01d-893e6f20c408', 'usr_506');
INSERT INTO trabalho.log_acesso VALUES ('log_506_1_1', 'fa3abe16-3645-4d22-a01d-893e6f20c408', 'usr_506');
INSERT INTO trabalho.usuario_esta_inscrito_no_podcast VALUES (2, 'f8e13774-d631-4f34-93f0-2f5d55590265', 'usr_506');
INSERT INTO trabalho.comentarios_podcast_usuario VALUES ('comment_506_0_2', 'Error ut excepturi quis.', 'f8e13774-d631-4f34-93f0-2f5d55590265', 'usr_506');
INSERT INTO trabalho.comentarios_podcast_usuario VALUES ('comment_506_1_2', 'Ipsa corrupti quod architecto.', 'f8e13774-d631-4f34-93f0-2f5d55590265', 'usr_506');
INSERT INTO trabalho.comentarios_podcast_usuario VALUES ('comment_506_2_2', 'Quam quia et doloremque.', 'f8e13774-d631-4f34-93f0-2f5d55590265', 'usr_506');
INSERT INTO trabalho.log_acesso VALUES ('log_506_0_2', 'f8e13774-d631-4f34-93f0-2f5d55590265', 'usr_506');
INSERT INTO trabalho.log_acesso VALUES ('log_506_1_2', 'f8e13774-d631-4f34-93f0-2f5d55590265', 'usr_506');
INSERT INTO trabalho.log_acesso VALUES ('log_506_2_2', 'f8e13774-d631-4f34-93f0-2f5d55590265', 'usr_506');
INSERT INTO trabalho.log_acesso VALUES ('log_506_3_2', 'f8e13774-d631-4f34-93f0-2f5d55590265', 'usr_506');
INSERT INTO trabalho.log_acesso VALUES ('log_506_4_2', 'f8e13774-d631-4f34-93f0-2f5d55590265', 'usr_506');
INSERT INTO trabalho.usuario VALUES ('usr_507', '507_Elo4@yahoo.com', 'Eloá Santos', 'female', 37, 'password', 'Camboja');
INSERT INTO trabalho.usuario_esta_inscrito_no_podcast VALUES (1, 'de2f0ddb-9903-436a-a5e2-54224254c818', 'usr_507');
INSERT INTO trabalho.comentarios_podcast_usuario VALUES ('comment_507_0_0', 'Est ad ex.', 'de2f0ddb-9903-436a-a5e2-54224254c818', 'usr_507');
INSERT INTO trabalho.comentarios_podcast_usuario VALUES ('comment_507_1_0', 'Consequatur voluptatem eligendi quia.', 'de2f0ddb-9903-436a-a5e2-54224254c818', 'usr_507');
INSERT INTO trabalho.comentarios_podcast_usuario VALUES ('comment_507_2_0', 'Eveniet reiciendis similique deserunt tempora ea at provident.', 'de2f0ddb-9903-436a-a5e2-54224254c818', 'usr_507');
INSERT INTO trabalho.comentarios_podcast_usuario VALUES ('comment_507_3_0', 'Recusandae nostrum aut voluptatem minus et neque perspiciatis ipsum.', 'de2f0ddb-9903-436a-a5e2-54224254c818', 'usr_507');
INSERT INTO trabalho.log_acesso VALUES ('log_507_0_0', 'de2f0ddb-9903-436a-a5e2-54224254c818', 'usr_507');
INSERT INTO trabalho.log_acesso VALUES ('log_507_1_0', 'de2f0ddb-9903-436a-a5e2-54224254c818', 'usr_507');
INSERT INTO trabalho.log_acesso VALUES ('log_507_2_0', 'de2f0ddb-9903-436a-a5e2-54224254c818', 'usr_507');
INSERT INTO trabalho.log_acesso VALUES ('log_507_3_0', 'de2f0ddb-9903-436a-a5e2-54224254c818', 'usr_507');
INSERT INTO trabalho.log_acesso VALUES ('log_507_4_0', 'de2f0ddb-9903-436a-a5e2-54224254c818', 'usr_507');
INSERT INTO trabalho.usuario_esta_inscrito_no_podcast VALUES (5, 'f1b92ce7-47a7-43cd-8586-4a09185cdd05', 'usr_507');
INSERT INTO trabalho.comentarios_podcast_usuario VALUES ('comment_507_0_1', 'Totam sunt autem dignissimos ipsa rem voluptatem.', 'f1b92ce7-47a7-43cd-8586-4a09185cdd05', 'usr_507');
INSERT INTO trabalho.comentarios_podcast_usuario VALUES ('comment_507_1_1', 'Aut aut quia officia corporis excepturi inventore dolore rerum iste.', 'f1b92ce7-47a7-43cd-8586-4a09185cdd05', 'usr_507');
INSERT INTO trabalho.log_acesso VALUES ('log_507_0_1', 'f1b92ce7-47a7-43cd-8586-4a09185cdd05', 'usr_507');
INSERT INTO trabalho.log_acesso VALUES ('log_507_1_1', 'f1b92ce7-47a7-43cd-8586-4a09185cdd05', 'usr_507');
INSERT INTO trabalho.log_acesso VALUES ('log_507_2_1', 'f1b92ce7-47a7-43cd-8586-4a09185cdd05', 'usr_507');
INSERT INTO trabalho.log_acesso VALUES ('log_507_3_1', 'f1b92ce7-47a7-43cd-8586-4a09185cdd05', 'usr_507');
INSERT INTO trabalho.log_acesso VALUES ('log_507_4_1', 'f1b92ce7-47a7-43cd-8586-4a09185cdd05', 'usr_507');
INSERT INTO trabalho.log_acesso VALUES ('log_507_5_1', 'f1b92ce7-47a7-43cd-8586-4a09185cdd05', 'usr_507');
INSERT INTO trabalho.usuario_esta_inscrito_no_podcast VALUES (1, 'c58b280a-56d4-4ad8-8c85-730e4ea86361', 'usr_507');
INSERT INTO trabalho.comentarios_podcast_usuario VALUES ('comment_507_0_2', 'Distinctio numquam recusandae sed.', 'c58b280a-56d4-4ad8-8c85-730e4ea86361', 'usr_507');
INSERT INTO trabalho.log_acesso VALUES ('log_507_0_2', 'c58b280a-56d4-4ad8-8c85-730e4ea86361', 'usr_507');
INSERT INTO trabalho.log_acesso VALUES ('log_507_1_2', 'c58b280a-56d4-4ad8-8c85-730e4ea86361', 'usr_507');
INSERT INTO trabalho.log_acesso VALUES ('log_507_2_2', 'c58b280a-56d4-4ad8-8c85-730e4ea86361', 'usr_507');
INSERT INTO trabalho.usuario VALUES ('usr_508', '508_Roberta18@yahoo.com', 'Roberta Costa', 'female', 39, 'password', 'Albânia');
INSERT INTO trabalho.usuario_esta_inscrito_no_podcast VALUES (4, 'f8e13774-d631-4f34-93f0-2f5d55590265', 'usr_508');
INSERT INTO trabalho.comentarios_podcast_usuario VALUES ('comment_508_0_0', 'Dolorem occaecati excepturi officia mollitia voluptas provident repellat.', 'f8e13774-d631-4f34-93f0-2f5d55590265', 'usr_508');
INSERT INTO trabalho.comentarios_podcast_usuario VALUES ('comment_508_1_0', 'Odit est aspernatur exercitationem sint omnis officiis.', 'f8e13774-d631-4f34-93f0-2f5d55590265', 'usr_508');
INSERT INTO trabalho.comentarios_podcast_usuario VALUES ('comment_508_2_0', 'Aut eius debitis ducimus libero dolores.', 'f8e13774-d631-4f34-93f0-2f5d55590265', 'usr_508');
INSERT INTO trabalho.comentarios_podcast_usuario VALUES ('comment_508_3_0', 'Voluptates sint ipsum delectus rerum aspernatur consectetur ea ipsam non.', 'f8e13774-d631-4f34-93f0-2f5d55590265', 'usr_508');
INSERT INTO trabalho.log_acesso VALUES ('log_508_0_0', 'f8e13774-d631-4f34-93f0-2f5d55590265', 'usr_508');
INSERT INTO trabalho.usuario_esta_inscrito_no_podcast VALUES (2, 'b553d865-8fe2-47de-9a30-10e1dea3bd1d', 'usr_508');
INSERT INTO trabalho.comentarios_podcast_usuario VALUES ('comment_508_0_1', 'Optio et voluptate libero eum quaerat totam.', 'b553d865-8fe2-47de-9a30-10e1dea3bd1d', 'usr_508');
INSERT INTO trabalho.comentarios_podcast_usuario VALUES ('comment_508_1_1', 'Et dolorum veritatis magnam placeat nostrum.', 'b553d865-8fe2-47de-9a30-10e1dea3bd1d', 'usr_508');
INSERT INTO trabalho.comentarios_podcast_usuario VALUES ('comment_508_2_1', 'Fugiat quidem voluptas ea ratione ut quia.', 'b553d865-8fe2-47de-9a30-10e1dea3bd1d', 'usr_508');
INSERT INTO trabalho.comentarios_podcast_usuario VALUES ('comment_508_3_1', 'Maxime quam molestiae nulla repellat natus repellendus tempore.', 'b553d865-8fe2-47de-9a30-10e1dea3bd1d', 'usr_508');
INSERT INTO trabalho.log_acesso VALUES ('log_508_0_1', 'b553d865-8fe2-47de-9a30-10e1dea3bd1d', 'usr_508');
INSERT INTO trabalho.log_acesso VALUES ('log_508_1_1', 'b553d865-8fe2-47de-9a30-10e1dea3bd1d', 'usr_508');
INSERT INTO trabalho.log_acesso VALUES ('log_508_2_1', 'b553d865-8fe2-47de-9a30-10e1dea3bd1d', 'usr_508');
INSERT INTO trabalho.usuario_esta_inscrito_no_podcast VALUES (0, 'f1b92ce7-47a7-43cd-8586-4a09185cdd05', 'usr_508');
INSERT INTO trabalho.comentarios_podcast_usuario VALUES ('comment_508_0_2', 'In harum esse voluptas fuga.', 'f1b92ce7-47a7-43cd-8586-4a09185cdd05', 'usr_508');
INSERT INTO trabalho.comentarios_podcast_usuario VALUES ('comment_508_1_2', 'Ullam soluta assumenda consequatur et sit molestiae enim est sed.', 'f1b92ce7-47a7-43cd-8586-4a09185cdd05', 'usr_508');
INSERT INTO trabalho.comentarios_podcast_usuario VALUES ('comment_508_2_2', 'Qui aut et corporis.', 'f1b92ce7-47a7-43cd-8586-4a09185cdd05', 'usr_508');
INSERT INTO trabalho.log_acesso VALUES ('log_508_0_2', 'f1b92ce7-47a7-43cd-8586-4a09185cdd05', 'usr_508');
INSERT INTO trabalho.log_acesso VALUES ('log_508_1_2', 'f1b92ce7-47a7-43cd-8586-4a09185cdd05', 'usr_508');
INSERT INTO trabalho.log_acesso VALUES ('log_508_2_2', 'f1b92ce7-47a7-43cd-8586-4a09185cdd05', 'usr_508');
INSERT INTO trabalho.log_acesso VALUES ('log_508_3_2', 'f1b92ce7-47a7-43cd-8586-4a09185cdd05', 'usr_508');
INSERT INTO trabalho.log_acesso VALUES ('log_508_4_2', 'f1b92ce7-47a7-43cd-8586-4a09185cdd05', 'usr_508');
INSERT INTO trabalho.usuario VALUES ('usr_509', '509_Helosa44@live.com', 'Heloísa Franco', 'female', 21, 'password', 'Algéria');
INSERT INTO trabalho.usuario_esta_inscrito_no_podcast VALUES (1, 'c58b280a-56d4-4ad8-8c85-730e4ea86361', 'usr_509');
INSERT INTO trabalho.comentarios_podcast_usuario VALUES ('comment_509_0_0', 'Voluptatem possimus et qui dignissimos dolor optio dolores.', 'c58b280a-56d4-4ad8-8c85-730e4ea86361', 'usr_509');
INSERT INTO trabalho.comentarios_podcast_usuario VALUES ('comment_509_1_0', 'Tenetur eos voluptatem.', 'c58b280a-56d4-4ad8-8c85-730e4ea86361', 'usr_509');
INSERT INTO trabalho.comentarios_podcast_usuario VALUES ('comment_509_2_0', 'Eius placeat in enim ex itaque modi.', 'c58b280a-56d4-4ad8-8c85-730e4ea86361', 'usr_509');
INSERT INTO trabalho.comentarios_podcast_usuario VALUES ('comment_509_3_0', 'Et quidem accusamus.', 'c58b280a-56d4-4ad8-8c85-730e4ea86361', 'usr_509');
INSERT INTO trabalho.log_acesso VALUES ('log_509_0_0', 'c58b280a-56d4-4ad8-8c85-730e4ea86361', 'usr_509');
INSERT INTO trabalho.log_acesso VALUES ('log_509_1_0', 'c58b280a-56d4-4ad8-8c85-730e4ea86361', 'usr_509');
INSERT INTO trabalho.log_acesso VALUES ('log_509_2_0', 'c58b280a-56d4-4ad8-8c85-730e4ea86361', 'usr_509');
INSERT INTO trabalho.log_acesso VALUES ('log_509_3_0', 'c58b280a-56d4-4ad8-8c85-730e4ea86361', 'usr_509');
INSERT INTO trabalho.usuario_esta_inscrito_no_podcast VALUES (0, 'de2f0ddb-9903-436a-a5e2-54224254c818', 'usr_509');
INSERT INTO trabalho.comentarios_podcast_usuario VALUES ('comment_509_0_1', 'Quia enim vero quia.', 'de2f0ddb-9903-436a-a5e2-54224254c818', 'usr_509');
INSERT INTO trabalho.comentarios_podcast_usuario VALUES ('comment_509_1_1', 'Non ab quas dolorem voluptatibus.', 'de2f0ddb-9903-436a-a5e2-54224254c818', 'usr_509');
INSERT INTO trabalho.comentarios_podcast_usuario VALUES ('comment_509_2_1', 'Facilis et aut.', 'de2f0ddb-9903-436a-a5e2-54224254c818', 'usr_509');
INSERT INTO trabalho.log_acesso VALUES ('log_509_0_1', 'de2f0ddb-9903-436a-a5e2-54224254c818', 'usr_509');
INSERT INTO trabalho.log_acesso VALUES ('log_509_1_1', 'de2f0ddb-9903-436a-a5e2-54224254c818', 'usr_509');
INSERT INTO trabalho.log_acesso VALUES ('log_509_2_1', 'de2f0ddb-9903-436a-a5e2-54224254c818', 'usr_509');
INSERT INTO trabalho.usuario_esta_inscrito_no_podcast VALUES (0, '7e429e8e-7669-403d-bb78-3cd7f9f75afd', 'usr_509');
INSERT INTO trabalho.comentarios_podcast_usuario VALUES ('comment_509_0_2', 'Beatae quo qui voluptatum delectus.', '7e429e8e-7669-403d-bb78-3cd7f9f75afd', 'usr_509');
INSERT INTO trabalho.comentarios_podcast_usuario VALUES ('comment_509_1_2', 'Est facere sed aut eius et officiis similique.', '7e429e8e-7669-403d-bb78-3cd7f9f75afd', 'usr_509');
INSERT INTO trabalho.comentarios_podcast_usuario VALUES ('comment_509_2_2', 'Voluptas error voluptatem sunt minus repudiandae sint.', '7e429e8e-7669-403d-bb78-3cd7f9f75afd', 'usr_509');
INSERT INTO trabalho.log_acesso VALUES ('log_509_0_2', '7e429e8e-7669-403d-bb78-3cd7f9f75afd', 'usr_509');
INSERT INTO trabalho.usuario VALUES ('usr_510', '510_Isabella.Albuquerque46@bol.com.br', 'Isabella Albuquerque', 'female', 36, 'password', 'Ilha Bouvet');
INSERT INTO trabalho.usuario_esta_inscrito_no_podcast VALUES (3, 'af46a958-b921-47b6-9f87-5c4fdc68ea79', 'usr_510');
INSERT INTO trabalho.comentarios_podcast_usuario VALUES ('comment_510_0_0', 'Soluta praesentium ut.', 'af46a958-b921-47b6-9f87-5c4fdc68ea79', 'usr_510');
INSERT INTO trabalho.comentarios_podcast_usuario VALUES ('comment_510_1_0', 'Dicta quam cumque culpa qui ipsa.', 'af46a958-b921-47b6-9f87-5c4fdc68ea79', 'usr_510');
INSERT INTO trabalho.comentarios_podcast_usuario VALUES ('comment_510_2_0', 'Beatae occaecati magni eum molestiae ea consequatur quaerat voluptate.', 'af46a958-b921-47b6-9f87-5c4fdc68ea79', 'usr_510');
INSERT INTO trabalho.comentarios_podcast_usuario VALUES ('comment_510_3_0', 'Excepturi explicabo optio.', 'af46a958-b921-47b6-9f87-5c4fdc68ea79', 'usr_510');
INSERT INTO trabalho.log_acesso VALUES ('log_510_0_0', 'af46a958-b921-47b6-9f87-5c4fdc68ea79', 'usr_510');
INSERT INTO trabalho.log_acesso VALUES ('log_510_1_0', 'af46a958-b921-47b6-9f87-5c4fdc68ea79', 'usr_510');
INSERT INTO trabalho.log_acesso VALUES ('log_510_2_0', 'af46a958-b921-47b6-9f87-5c4fdc68ea79', 'usr_510');
INSERT INTO trabalho.log_acesso VALUES ('log_510_3_0', 'af46a958-b921-47b6-9f87-5c4fdc68ea79', 'usr_510');
INSERT INTO trabalho.log_acesso VALUES ('log_510_4_0', 'af46a958-b921-47b6-9f87-5c4fdc68ea79', 'usr_510');
INSERT INTO trabalho.log_acesso VALUES ('log_510_5_0', 'af46a958-b921-47b6-9f87-5c4fdc68ea79', 'usr_510');
INSERT INTO trabalho.usuario_esta_inscrito_no_podcast VALUES (0, 'f1b92ce7-47a7-43cd-8586-4a09185cdd05', 'usr_510');
INSERT INTO trabalho.comentarios_podcast_usuario VALUES ('comment_510_0_1', 'Eius quo eum.', 'f1b92ce7-47a7-43cd-8586-4a09185cdd05', 'usr_510');
INSERT INTO trabalho.comentarios_podcast_usuario VALUES ('comment_510_1_1', 'Perspiciatis omnis laudantium numquam.', 'f1b92ce7-47a7-43cd-8586-4a09185cdd05', 'usr_510');
INSERT INTO trabalho.comentarios_podcast_usuario VALUES ('comment_510_2_1', 'Ex doloribus natus aliquam minima saepe deleniti veniam.', 'f1b92ce7-47a7-43cd-8586-4a09185cdd05', 'usr_510');
INSERT INTO trabalho.comentarios_podcast_usuario VALUES ('comment_510_3_1', 'Ratione voluptatibus non amet est.', 'f1b92ce7-47a7-43cd-8586-4a09185cdd05', 'usr_510');
INSERT INTO trabalho.log_acesso VALUES ('log_510_0_1', 'f1b92ce7-47a7-43cd-8586-4a09185cdd05', 'usr_510');
INSERT INTO trabalho.log_acesso VALUES ('log_510_1_1', 'f1b92ce7-47a7-43cd-8586-4a09185cdd05', 'usr_510');
INSERT INTO trabalho.log_acesso VALUES ('log_510_2_1', 'f1b92ce7-47a7-43cd-8586-4a09185cdd05', 'usr_510');
INSERT INTO trabalho.usuario_esta_inscrito_no_podcast VALUES (0, 'f0166bd2-8e4d-4308-b5d7-0b3d627c5dc5', 'usr_510');
INSERT INTO trabalho.comentarios_podcast_usuario VALUES ('comment_510_0_2', 'Dignissimos quam sequi molestiae aliquid ut ea id totam.', 'f0166bd2-8e4d-4308-b5d7-0b3d627c5dc5', 'usr_510');
INSERT INTO trabalho.comentarios_podcast_usuario VALUES ('comment_510_1_2', 'Facilis voluptatem commodi.', 'f0166bd2-8e4d-4308-b5d7-0b3d627c5dc5', 'usr_510');
INSERT INTO trabalho.comentarios_podcast_usuario VALUES ('comment_510_2_2', 'Excepturi non deleniti eos nisi consequatur.', 'f0166bd2-8e4d-4308-b5d7-0b3d627c5dc5', 'usr_510');
INSERT INTO trabalho.comentarios_podcast_usuario VALUES ('comment_510_3_2', 'Commodi ut accusamus nesciunt repellat enim incidunt itaque.', 'f0166bd2-8e4d-4308-b5d7-0b3d627c5dc5', 'usr_510');
INSERT INTO trabalho.log_acesso VALUES ('log_510_0_2', 'f0166bd2-8e4d-4308-b5d7-0b3d627c5dc5', 'usr_510');
INSERT INTO trabalho.log_acesso VALUES ('log_510_1_2', 'f0166bd2-8e4d-4308-b5d7-0b3d627c5dc5', 'usr_510');
INSERT INTO trabalho.log_acesso VALUES ('log_510_2_2', 'f0166bd2-8e4d-4308-b5d7-0b3d627c5dc5', 'usr_510');
INSERT INTO trabalho.log_acesso VALUES ('log_510_3_2', 'f0166bd2-8e4d-4308-b5d7-0b3d627c5dc5', 'usr_510');
INSERT INTO trabalho.log_acesso VALUES ('log_510_4_2', 'f0166bd2-8e4d-4308-b5d7-0b3d627c5dc5', 'usr_510');
INSERT INTO trabalho.usuario VALUES ('usr_511', '511_Benjamin.Oliveira@live.com', 'Benjamin Oliveira', 'male', 42, 'password', 'Fiji');
INSERT INTO trabalho.usuario_esta_inscrito_no_podcast VALUES (1, 'fa3abe16-3645-4d22-a01d-893e6f20c408', 'usr_511');
INSERT INTO trabalho.comentarios_podcast_usuario VALUES ('comment_511_0_0', 'Laudantium laborum et dolorum mollitia explicabo.', 'fa3abe16-3645-4d22-a01d-893e6f20c408', 'usr_511');
INSERT INTO trabalho.comentarios_podcast_usuario VALUES ('comment_511_1_0', 'Eos illum et consequatur sunt occaecati dolorem rerum.', 'fa3abe16-3645-4d22-a01d-893e6f20c408', 'usr_511');
INSERT INTO trabalho.log_acesso VALUES ('log_511_0_0', 'fa3abe16-3645-4d22-a01d-893e6f20c408', 'usr_511');
INSERT INTO trabalho.log_acesso VALUES ('log_511_1_0', 'fa3abe16-3645-4d22-a01d-893e6f20c408', 'usr_511');
INSERT INTO trabalho.usuario_esta_inscrito_no_podcast VALUES (1, 'c58b280a-56d4-4ad8-8c85-730e4ea86361', 'usr_511');
INSERT INTO trabalho.comentarios_podcast_usuario VALUES ('comment_511_0_1', 'Veniam corporis ut numquam ipsa occaecati soluta accusamus ad.', 'c58b280a-56d4-4ad8-8c85-730e4ea86361', 'usr_511');
INSERT INTO trabalho.comentarios_podcast_usuario VALUES ('comment_511_1_1', 'Hic eum tenetur sed vitae dolores suscipit quia.', 'c58b280a-56d4-4ad8-8c85-730e4ea86361', 'usr_511');
INSERT INTO trabalho.comentarios_podcast_usuario VALUES ('comment_511_2_1', 'Modi autem necessitatibus eius soluta sed ut doloremque minima.', 'c58b280a-56d4-4ad8-8c85-730e4ea86361', 'usr_511');
INSERT INTO trabalho.log_acesso VALUES ('log_511_0_1', 'c58b280a-56d4-4ad8-8c85-730e4ea86361', 'usr_511');
INSERT INTO trabalho.log_acesso VALUES ('log_511_1_1', 'c58b280a-56d4-4ad8-8c85-730e4ea86361', 'usr_511');
INSERT INTO trabalho.log_acesso VALUES ('log_511_2_1', 'c58b280a-56d4-4ad8-8c85-730e4ea86361', 'usr_511');
INSERT INTO trabalho.log_acesso VALUES ('log_511_3_1', 'c58b280a-56d4-4ad8-8c85-730e4ea86361', 'usr_511');
INSERT INTO trabalho.usuario_esta_inscrito_no_podcast VALUES (4, 'bc8dac25-793c-4a96-aafc-4ea7020f4f60', 'usr_511');
INSERT INTO trabalho.comentarios_podcast_usuario VALUES ('comment_511_0_2', 'Tempore corporis earum qui voluptatum dicta quasi temporibus exercitationem modi.', 'bc8dac25-793c-4a96-aafc-4ea7020f4f60', 'usr_511');
INSERT INTO trabalho.comentarios_podcast_usuario VALUES ('comment_511_1_2', 'Harum fuga fugit accusantium optio eum aspernatur.', 'bc8dac25-793c-4a96-aafc-4ea7020f4f60', 'usr_511');
INSERT INTO trabalho.log_acesso VALUES ('log_511_0_2', 'bc8dac25-793c-4a96-aafc-4ea7020f4f60', 'usr_511');
INSERT INTO trabalho.log_acesso VALUES ('log_511_1_2', 'bc8dac25-793c-4a96-aafc-4ea7020f4f60', 'usr_511');
INSERT INTO trabalho.log_acesso VALUES ('log_511_2_2', 'bc8dac25-793c-4a96-aafc-4ea7020f4f60', 'usr_511');
INSERT INTO trabalho.usuario VALUES ('usr_512', '512_Marcela.Moraes90@bol.com.br', 'Marcela Moraes', 'female', 37, 'password', 'Nicarágua');
INSERT INTO trabalho.usuario_esta_inscrito_no_podcast VALUES (0, '5bdf7377-8330-4f9f-8efd-e95301c122ce', 'usr_512');
INSERT INTO trabalho.comentarios_podcast_usuario VALUES ('comment_512_0_0', 'Laborum possimus tenetur et dolor.', '5bdf7377-8330-4f9f-8efd-e95301c122ce', 'usr_512');
INSERT INTO trabalho.comentarios_podcast_usuario VALUES ('comment_512_1_0', 'Consequatur pariatur consequatur nesciunt dolorem accusamus.', '5bdf7377-8330-4f9f-8efd-e95301c122ce', 'usr_512');
INSERT INTO trabalho.log_acesso VALUES ('log_512_0_0', '5bdf7377-8330-4f9f-8efd-e95301c122ce', 'usr_512');
INSERT INTO trabalho.log_acesso VALUES ('log_512_1_0', '5bdf7377-8330-4f9f-8efd-e95301c122ce', 'usr_512');
INSERT INTO trabalho.usuario_esta_inscrito_no_podcast VALUES (1, '7e429e8e-7669-403d-bb78-3cd7f9f75afd', 'usr_512');
INSERT INTO trabalho.comentarios_podcast_usuario VALUES ('comment_512_0_1', 'Velit illo vero quas dignissimos quas officiis.', '7e429e8e-7669-403d-bb78-3cd7f9f75afd', 'usr_512');
INSERT INTO trabalho.comentarios_podcast_usuario VALUES ('comment_512_1_1', 'Et est quae voluptates mollitia.', '7e429e8e-7669-403d-bb78-3cd7f9f75afd', 'usr_512');
INSERT INTO trabalho.comentarios_podcast_usuario VALUES ('comment_512_2_1', 'Fugit aut qui quibusdam nostrum voluptatem.', '7e429e8e-7669-403d-bb78-3cd7f9f75afd', 'usr_512');
INSERT INTO trabalho.comentarios_podcast_usuario VALUES ('comment_512_3_1', 'Molestias tempore illum ducimus omnis sed deserunt accusantium repellendus ducimus.', '7e429e8e-7669-403d-bb78-3cd7f9f75afd', 'usr_512');
INSERT INTO trabalho.comentarios_podcast_usuario VALUES ('comment_512_4_1', 'Dolorem illum est quia praesentium quo quod ea.', '7e429e8e-7669-403d-bb78-3cd7f9f75afd', 'usr_512');
INSERT INTO trabalho.log_acesso VALUES ('log_512_0_1', '7e429e8e-7669-403d-bb78-3cd7f9f75afd', 'usr_512');
INSERT INTO trabalho.log_acesso VALUES ('log_512_1_1', '7e429e8e-7669-403d-bb78-3cd7f9f75afd', 'usr_512');
INSERT INTO trabalho.log_acesso VALUES ('log_512_2_1', '7e429e8e-7669-403d-bb78-3cd7f9f75afd', 'usr_512');
INSERT INTO trabalho.log_acesso VALUES ('log_512_3_1', '7e429e8e-7669-403d-bb78-3cd7f9f75afd', 'usr_512');
INSERT INTO trabalho.log_acesso VALUES ('log_512_4_1', '7e429e8e-7669-403d-bb78-3cd7f9f75afd', 'usr_512');
INSERT INTO trabalho.log_acesso VALUES ('log_512_5_1', '7e429e8e-7669-403d-bb78-3cd7f9f75afd', 'usr_512');
INSERT INTO trabalho.usuario_esta_inscrito_no_podcast VALUES (2, 'f1b92ce7-47a7-43cd-8586-4a09185cdd05', 'usr_512');
INSERT INTO trabalho.comentarios_podcast_usuario VALUES ('comment_512_0_2', 'Aut aut et fugit enim aperiam sunt nihil.', 'f1b92ce7-47a7-43cd-8586-4a09185cdd05', 'usr_512');
INSERT INTO trabalho.comentarios_podcast_usuario VALUES ('comment_512_1_2', 'Dolores facilis facere asperiores.', 'f1b92ce7-47a7-43cd-8586-4a09185cdd05', 'usr_512');
INSERT INTO trabalho.comentarios_podcast_usuario VALUES ('comment_512_2_2', 'Voluptatibus odit natus voluptate aut et vero possimus.', 'f1b92ce7-47a7-43cd-8586-4a09185cdd05', 'usr_512');
INSERT INTO trabalho.log_acesso VALUES ('log_512_0_2', 'f1b92ce7-47a7-43cd-8586-4a09185cdd05', 'usr_512');
INSERT INTO trabalho.log_acesso VALUES ('log_512_1_2', 'f1b92ce7-47a7-43cd-8586-4a09185cdd05', 'usr_512');
INSERT INTO trabalho.log_acesso VALUES ('log_512_2_2', 'f1b92ce7-47a7-43cd-8586-4a09185cdd05', 'usr_512');
INSERT INTO trabalho.log_acesso VALUES ('log_512_3_2', 'f1b92ce7-47a7-43cd-8586-4a09185cdd05', 'usr_512');
INSERT INTO trabalho.log_acesso VALUES ('log_512_4_2', 'f1b92ce7-47a7-43cd-8586-4a09185cdd05', 'usr_512');
INSERT INTO trabalho.usuario VALUES ('usr_513', '513_Roberto_Carvalho@yahoo.com', 'Roberto Carvalho', 'male', 35, 'password', 'Brasil');
INSERT INTO trabalho.usuario_esta_inscrito_no_podcast VALUES (5, 'f8e13774-d631-4f34-93f0-2f5d55590265', 'usr_513');
INSERT INTO trabalho.comentarios_podcast_usuario VALUES ('comment_513_0_0', 'Aut alias cupiditate numquam aut sed velit quia minima.', 'f8e13774-d631-4f34-93f0-2f5d55590265', 'usr_513');
INSERT INTO trabalho.comentarios_podcast_usuario VALUES ('comment_513_1_0', 'Eveniet et sequi molestiae labore qui ut.', 'f8e13774-d631-4f34-93f0-2f5d55590265', 'usr_513');
INSERT INTO trabalho.comentarios_podcast_usuario VALUES ('comment_513_2_0', 'Natus et repellat nostrum doloribus.', 'f8e13774-d631-4f34-93f0-2f5d55590265', 'usr_513');
INSERT INTO trabalho.log_acesso VALUES ('log_513_0_0', 'f8e13774-d631-4f34-93f0-2f5d55590265', 'usr_513');
INSERT INTO trabalho.log_acesso VALUES ('log_513_1_0', 'f8e13774-d631-4f34-93f0-2f5d55590265', 'usr_513');
INSERT INTO trabalho.log_acesso VALUES ('log_513_2_0', 'f8e13774-d631-4f34-93f0-2f5d55590265', 'usr_513');
INSERT INTO trabalho.log_acesso VALUES ('log_513_3_0', 'f8e13774-d631-4f34-93f0-2f5d55590265', 'usr_513');
INSERT INTO trabalho.usuario_esta_inscrito_no_podcast VALUES (1, 'de2f0ddb-9903-436a-a5e2-54224254c818', 'usr_513');
INSERT INTO trabalho.comentarios_podcast_usuario VALUES ('comment_513_0_1', 'Consequatur nihil sed.', 'de2f0ddb-9903-436a-a5e2-54224254c818', 'usr_513');
INSERT INTO trabalho.log_acesso VALUES ('log_513_0_1', 'de2f0ddb-9903-436a-a5e2-54224254c818', 'usr_513');
INSERT INTO trabalho.log_acesso VALUES ('log_513_1_1', 'de2f0ddb-9903-436a-a5e2-54224254c818', 'usr_513');
INSERT INTO trabalho.log_acesso VALUES ('log_513_2_1', 'de2f0ddb-9903-436a-a5e2-54224254c818', 'usr_513');
INSERT INTO trabalho.usuario_esta_inscrito_no_podcast VALUES (0, 'bc8dac25-793c-4a96-aafc-4ea7020f4f60', 'usr_513');
INSERT INTO trabalho.comentarios_podcast_usuario VALUES ('comment_513_0_2', 'Velit eius et porro vitae dolorem possimus expedita doloribus.', 'bc8dac25-793c-4a96-aafc-4ea7020f4f60', 'usr_513');
INSERT INTO trabalho.comentarios_podcast_usuario VALUES ('comment_513_1_2', 'Magnam et maiores reiciendis iusto veritatis temporibus a qui.', 'bc8dac25-793c-4a96-aafc-4ea7020f4f60', 'usr_513');
INSERT INTO trabalho.log_acesso VALUES ('log_513_0_2', 'bc8dac25-793c-4a96-aafc-4ea7020f4f60', 'usr_513');
INSERT INTO trabalho.log_acesso VALUES ('log_513_1_2', 'bc8dac25-793c-4a96-aafc-4ea7020f4f60', 'usr_513');
INSERT INTO trabalho.log_acesso VALUES ('log_513_2_2', 'bc8dac25-793c-4a96-aafc-4ea7020f4f60', 'usr_513');
INSERT INTO trabalho.log_acesso VALUES ('log_513_3_2', 'bc8dac25-793c-4a96-aafc-4ea7020f4f60', 'usr_513');
INSERT INTO trabalho.usuario VALUES ('usr_514', '514_Antonella_Pereira74@yahoo.com', 'Antonella Pereira', 'female', 39, 'password', 'Camarões');
INSERT INTO trabalho.usuario_esta_inscrito_no_podcast VALUES (3, 'de2f0ddb-9903-436a-a5e2-54224254c818', 'usr_514');
INSERT INTO trabalho.comentarios_podcast_usuario VALUES ('comment_514_0_0', 'Ea mollitia corrupti dolorem.', 'de2f0ddb-9903-436a-a5e2-54224254c818', 'usr_514');
INSERT INTO trabalho.comentarios_podcast_usuario VALUES ('comment_514_1_0', 'Dolorem est ratione in voluptatem.', 'de2f0ddb-9903-436a-a5e2-54224254c818', 'usr_514');
INSERT INTO trabalho.comentarios_podcast_usuario VALUES ('comment_514_2_0', 'Aliquam reiciendis neque perspiciatis ullam voluptatem maxime.', 'de2f0ddb-9903-436a-a5e2-54224254c818', 'usr_514');
INSERT INTO trabalho.comentarios_podcast_usuario VALUES ('comment_514_3_0', 'Porro itaque ratione sit ut quis numquam dolor pariatur.', 'de2f0ddb-9903-436a-a5e2-54224254c818', 'usr_514');
INSERT INTO trabalho.comentarios_podcast_usuario VALUES ('comment_514_4_0', 'Quam eaque voluptatem nihil asperiores debitis cumque voluptates sed est.', 'de2f0ddb-9903-436a-a5e2-54224254c818', 'usr_514');
INSERT INTO trabalho.log_acesso VALUES ('log_514_0_0', 'de2f0ddb-9903-436a-a5e2-54224254c818', 'usr_514');
INSERT INTO trabalho.log_acesso VALUES ('log_514_1_0', 'de2f0ddb-9903-436a-a5e2-54224254c818', 'usr_514');
INSERT INTO trabalho.usuario_esta_inscrito_no_podcast VALUES (1, '219328a1-cec6-4e8c-b003-52a3ec9766bb', 'usr_514');
INSERT INTO trabalho.comentarios_podcast_usuario VALUES ('comment_514_0_1', 'Aliquid omnis aperiam qui odio earum qui reprehenderit harum.', '219328a1-cec6-4e8c-b003-52a3ec9766bb', 'usr_514');
INSERT INTO trabalho.comentarios_podcast_usuario VALUES ('comment_514_1_1', 'Minima rerum quisquam quis ea illo adipisci est quam.', '219328a1-cec6-4e8c-b003-52a3ec9766bb', 'usr_514');
INSERT INTO trabalho.comentarios_podcast_usuario VALUES ('comment_514_2_1', 'Totam praesentium commodi.', '219328a1-cec6-4e8c-b003-52a3ec9766bb', 'usr_514');
INSERT INTO trabalho.comentarios_podcast_usuario VALUES ('comment_514_3_1', 'Dolorem blanditiis ipsa in provident.', '219328a1-cec6-4e8c-b003-52a3ec9766bb', 'usr_514');
INSERT INTO trabalho.log_acesso VALUES ('log_514_0_1', '219328a1-cec6-4e8c-b003-52a3ec9766bb', 'usr_514');
INSERT INTO trabalho.usuario_esta_inscrito_no_podcast VALUES (5, 'f8e13774-d631-4f34-93f0-2f5d55590265', 'usr_514');
INSERT INTO trabalho.comentarios_podcast_usuario VALUES ('comment_514_0_2', 'Tenetur ratione qui.', 'f8e13774-d631-4f34-93f0-2f5d55590265', 'usr_514');
INSERT INTO trabalho.comentarios_podcast_usuario VALUES ('comment_514_1_2', 'Magni doloremque rem non aut neque commodi occaecati et.', 'f8e13774-d631-4f34-93f0-2f5d55590265', 'usr_514');
INSERT INTO trabalho.comentarios_podcast_usuario VALUES ('comment_514_2_2', 'Magnam unde temporibus enim ullam quae labore.', 'f8e13774-d631-4f34-93f0-2f5d55590265', 'usr_514');
INSERT INTO trabalho.comentarios_podcast_usuario VALUES ('comment_514_3_2', 'Qui reprehenderit aut eum.', 'f8e13774-d631-4f34-93f0-2f5d55590265', 'usr_514');
INSERT INTO trabalho.log_acesso VALUES ('log_514_0_2', 'f8e13774-d631-4f34-93f0-2f5d55590265', 'usr_514');
INSERT INTO trabalho.log_acesso VALUES ('log_514_1_2', 'f8e13774-d631-4f34-93f0-2f5d55590265', 'usr_514');
INSERT INTO trabalho.log_acesso VALUES ('log_514_2_2', 'f8e13774-d631-4f34-93f0-2f5d55590265', 'usr_514');
INSERT INTO trabalho.usuario VALUES ('usr_515', '515_Csar_Xavier38@gmail.com', 'César Xavier', 'male', 51, 'password', 'Coreia do Norte');
INSERT INTO trabalho.usuario_esta_inscrito_no_podcast VALUES (5, 'bc8dac25-793c-4a96-aafc-4ea7020f4f60', 'usr_515');
INSERT INTO trabalho.comentarios_podcast_usuario VALUES ('comment_515_0_0', 'Necessitatibus qui laboriosam blanditiis consequatur consequatur.', 'bc8dac25-793c-4a96-aafc-4ea7020f4f60', 'usr_515');
INSERT INTO trabalho.comentarios_podcast_usuario VALUES ('comment_515_1_0', 'Optio aut natus illo corporis quis facilis in repellendus officia.', 'bc8dac25-793c-4a96-aafc-4ea7020f4f60', 'usr_515');
INSERT INTO trabalho.comentarios_podcast_usuario VALUES ('comment_515_2_0', 'Est sunt non sit qui.', 'bc8dac25-793c-4a96-aafc-4ea7020f4f60', 'usr_515');
INSERT INTO trabalho.comentarios_podcast_usuario VALUES ('comment_515_3_0', 'Aut atque numquam velit voluptatem eligendi.', 'bc8dac25-793c-4a96-aafc-4ea7020f4f60', 'usr_515');
INSERT INTO trabalho.log_acesso VALUES ('log_515_0_0', 'bc8dac25-793c-4a96-aafc-4ea7020f4f60', 'usr_515');
INSERT INTO trabalho.log_acesso VALUES ('log_515_1_0', 'bc8dac25-793c-4a96-aafc-4ea7020f4f60', 'usr_515');
INSERT INTO trabalho.log_acesso VALUES ('log_515_2_0', 'bc8dac25-793c-4a96-aafc-4ea7020f4f60', 'usr_515');
INSERT INTO trabalho.log_acesso VALUES ('log_515_3_0', 'bc8dac25-793c-4a96-aafc-4ea7020f4f60', 'usr_515');
INSERT INTO trabalho.usuario_esta_inscrito_no_podcast VALUES (1, 'de2f0ddb-9903-436a-a5e2-54224254c818', 'usr_515');
INSERT INTO trabalho.comentarios_podcast_usuario VALUES ('comment_515_0_1', 'Adipisci aspernatur suscipit consectetur aliquam veniam ad.', 'de2f0ddb-9903-436a-a5e2-54224254c818', 'usr_515');
INSERT INTO trabalho.log_acesso VALUES ('log_515_0_1', 'de2f0ddb-9903-436a-a5e2-54224254c818', 'usr_515');
INSERT INTO trabalho.log_acesso VALUES ('log_515_1_1', 'de2f0ddb-9903-436a-a5e2-54224254c818', 'usr_515');
INSERT INTO trabalho.log_acesso VALUES ('log_515_2_1', 'de2f0ddb-9903-436a-a5e2-54224254c818', 'usr_515');
INSERT INTO trabalho.log_acesso VALUES ('log_515_3_1', 'de2f0ddb-9903-436a-a5e2-54224254c818', 'usr_515');
INSERT INTO trabalho.usuario_esta_inscrito_no_podcast VALUES (2, '7e429e8e-7669-403d-bb78-3cd7f9f75afd', 'usr_515');
INSERT INTO trabalho.comentarios_podcast_usuario VALUES ('comment_515_0_2', 'Sed dolorem consequuntur architecto sapiente nobis.', '7e429e8e-7669-403d-bb78-3cd7f9f75afd', 'usr_515');
INSERT INTO trabalho.comentarios_podcast_usuario VALUES ('comment_515_1_2', 'Architecto ut quasi et iste vero.', '7e429e8e-7669-403d-bb78-3cd7f9f75afd', 'usr_515');
INSERT INTO trabalho.comentarios_podcast_usuario VALUES ('comment_515_2_2', 'Voluptatem eum magni dolorem eligendi quia nobis vel.', '7e429e8e-7669-403d-bb78-3cd7f9f75afd', 'usr_515');
INSERT INTO trabalho.comentarios_podcast_usuario VALUES ('comment_515_3_2', 'Molestiae eveniet ut quis amet incidunt tenetur dignissimos.', '7e429e8e-7669-403d-bb78-3cd7f9f75afd', 'usr_515');
INSERT INTO trabalho.comentarios_podcast_usuario VALUES ('comment_515_4_2', 'Velit dolorem deleniti.', '7e429e8e-7669-403d-bb78-3cd7f9f75afd', 'usr_515');
INSERT INTO trabalho.log_acesso VALUES ('log_515_0_2', '7e429e8e-7669-403d-bb78-3cd7f9f75afd', 'usr_515');
INSERT INTO trabalho.log_acesso VALUES ('log_515_1_2', '7e429e8e-7669-403d-bb78-3cd7f9f75afd', 'usr_515');
INSERT INTO trabalho.log_acesso VALUES ('log_515_2_2', '7e429e8e-7669-403d-bb78-3cd7f9f75afd', 'usr_515');
INSERT INTO trabalho.log_acesso VALUES ('log_515_3_2', '7e429e8e-7669-403d-bb78-3cd7f9f75afd', 'usr_515');
INSERT INTO trabalho.usuario VALUES ('usr_516', '516_JooLucas.Albuquerque54@hotmail.com', 'João Lucas Albuquerque', 'male', 39, 'password', 'Nepal');
INSERT INTO trabalho.usuario_esta_inscrito_no_podcast VALUES (0, 'af46a958-b921-47b6-9f87-5c4fdc68ea79', 'usr_516');
INSERT INTO trabalho.comentarios_podcast_usuario VALUES ('comment_516_0_0', 'Eius assumenda et modi.', 'af46a958-b921-47b6-9f87-5c4fdc68ea79', 'usr_516');
INSERT INTO trabalho.comentarios_podcast_usuario VALUES ('comment_516_1_0', 'Ea beatae ut.', 'af46a958-b921-47b6-9f87-5c4fdc68ea79', 'usr_516');
INSERT INTO trabalho.comentarios_podcast_usuario VALUES ('comment_516_2_0', 'Eaque quia ipsa harum neque.', 'af46a958-b921-47b6-9f87-5c4fdc68ea79', 'usr_516');
INSERT INTO trabalho.comentarios_podcast_usuario VALUES ('comment_516_3_0', 'Voluptatem occaecati dolor non id culpa.', 'af46a958-b921-47b6-9f87-5c4fdc68ea79', 'usr_516');
INSERT INTO trabalho.log_acesso VALUES ('log_516_0_0', 'af46a958-b921-47b6-9f87-5c4fdc68ea79', 'usr_516');
INSERT INTO trabalho.log_acesso VALUES ('log_516_1_0', 'af46a958-b921-47b6-9f87-5c4fdc68ea79', 'usr_516');
INSERT INTO trabalho.log_acesso VALUES ('log_516_2_0', 'af46a958-b921-47b6-9f87-5c4fdc68ea79', 'usr_516');
INSERT INTO trabalho.log_acesso VALUES ('log_516_3_0', 'af46a958-b921-47b6-9f87-5c4fdc68ea79', 'usr_516');
INSERT INTO trabalho.usuario_esta_inscrito_no_podcast VALUES (2, '7e429e8e-7669-403d-bb78-3cd7f9f75afd', 'usr_516');
INSERT INTO trabalho.comentarios_podcast_usuario VALUES ('comment_516_0_1', 'Saepe vero et quia iure voluptas aut et.', '7e429e8e-7669-403d-bb78-3cd7f9f75afd', 'usr_516');
INSERT INTO trabalho.comentarios_podcast_usuario VALUES ('comment_516_1_1', 'Laborum fuga nostrum.', '7e429e8e-7669-403d-bb78-3cd7f9f75afd', 'usr_516');
INSERT INTO trabalho.comentarios_podcast_usuario VALUES ('comment_516_2_1', 'Blanditiis enim aut minima impedit fugiat autem.', '7e429e8e-7669-403d-bb78-3cd7f9f75afd', 'usr_516');
INSERT INTO trabalho.log_acesso VALUES ('log_516_0_1', '7e429e8e-7669-403d-bb78-3cd7f9f75afd', 'usr_516');
INSERT INTO trabalho.log_acesso VALUES ('log_516_1_1', '7e429e8e-7669-403d-bb78-3cd7f9f75afd', 'usr_516');
INSERT INTO trabalho.log_acesso VALUES ('log_516_2_1', '7e429e8e-7669-403d-bb78-3cd7f9f75afd', 'usr_516');
INSERT INTO trabalho.log_acesso VALUES ('log_516_3_1', '7e429e8e-7669-403d-bb78-3cd7f9f75afd', 'usr_516');
INSERT INTO trabalho.log_acesso VALUES ('log_516_4_1', '7e429e8e-7669-403d-bb78-3cd7f9f75afd', 'usr_516');
INSERT INTO trabalho.usuario_esta_inscrito_no_podcast VALUES (4, 'c58b280a-56d4-4ad8-8c85-730e4ea86361', 'usr_516');
INSERT INTO trabalho.comentarios_podcast_usuario VALUES ('comment_516_0_2', 'A nemo provident non optio id quia.', 'c58b280a-56d4-4ad8-8c85-730e4ea86361', 'usr_516');
INSERT INTO trabalho.comentarios_podcast_usuario VALUES ('comment_516_1_2', 'Suscipit fugiat quis et vel consequatur natus autem fuga sunt.', 'c58b280a-56d4-4ad8-8c85-730e4ea86361', 'usr_516');
INSERT INTO trabalho.log_acesso VALUES ('log_516_0_2', 'c58b280a-56d4-4ad8-8c85-730e4ea86361', 'usr_516');
INSERT INTO trabalho.log_acesso VALUES ('log_516_1_2', 'c58b280a-56d4-4ad8-8c85-730e4ea86361', 'usr_516');
INSERT INTO trabalho.usuario VALUES ('usr_517', '517_Marcelo59@live.com', 'Marcelo Carvalho', 'male', 30, 'password', 'Butão');
INSERT INTO trabalho.usuario_esta_inscrito_no_podcast VALUES (2, '219328a1-cec6-4e8c-b003-52a3ec9766bb', 'usr_517');
INSERT INTO trabalho.comentarios_podcast_usuario VALUES ('comment_517_0_0', 'Sunt consequatur omnis consequuntur dignissimos quos nemo eaque.', '219328a1-cec6-4e8c-b003-52a3ec9766bb', 'usr_517');
INSERT INTO trabalho.comentarios_podcast_usuario VALUES ('comment_517_1_0', 'Neque asperiores ad officiis quasi.', '219328a1-cec6-4e8c-b003-52a3ec9766bb', 'usr_517');
INSERT INTO trabalho.comentarios_podcast_usuario VALUES ('comment_517_2_0', 'Repellat provident dicta soluta optio.', '219328a1-cec6-4e8c-b003-52a3ec9766bb', 'usr_517');
INSERT INTO trabalho.comentarios_podcast_usuario VALUES ('comment_517_3_0', 'Ut provident quam voluptates rerum quisquam aliquid quia sed id.', '219328a1-cec6-4e8c-b003-52a3ec9766bb', 'usr_517');
INSERT INTO trabalho.log_acesso VALUES ('log_517_0_0', '219328a1-cec6-4e8c-b003-52a3ec9766bb', 'usr_517');
INSERT INTO trabalho.log_acesso VALUES ('log_517_1_0', '219328a1-cec6-4e8c-b003-52a3ec9766bb', 'usr_517');
INSERT INTO trabalho.log_acesso VALUES ('log_517_2_0', '219328a1-cec6-4e8c-b003-52a3ec9766bb', 'usr_517');
INSERT INTO trabalho.usuario_esta_inscrito_no_podcast VALUES (0, 'af46a958-b921-47b6-9f87-5c4fdc68ea79', 'usr_517');
INSERT INTO trabalho.comentarios_podcast_usuario VALUES ('comment_517_0_1', 'Praesentium dolores incidunt nobis repudiandae in alias.', 'af46a958-b921-47b6-9f87-5c4fdc68ea79', 'usr_517');
INSERT INTO trabalho.comentarios_podcast_usuario VALUES ('comment_517_1_1', 'Repellendus non consequatur odit.', 'af46a958-b921-47b6-9f87-5c4fdc68ea79', 'usr_517');
INSERT INTO trabalho.log_acesso VALUES ('log_517_0_1', 'af46a958-b921-47b6-9f87-5c4fdc68ea79', 'usr_517');
INSERT INTO trabalho.log_acesso VALUES ('log_517_1_1', 'af46a958-b921-47b6-9f87-5c4fdc68ea79', 'usr_517');
INSERT INTO trabalho.usuario_esta_inscrito_no_podcast VALUES (0, '67074e68-bc2f-442b-8af2-7d328b6af6eb', 'usr_517');
INSERT INTO trabalho.comentarios_podcast_usuario VALUES ('comment_517_0_2', 'Optio cupiditate eum rerum enim corrupti consequatur cumque eum.', '67074e68-bc2f-442b-8af2-7d328b6af6eb', 'usr_517');
INSERT INTO trabalho.log_acesso VALUES ('log_517_0_2', '67074e68-bc2f-442b-8af2-7d328b6af6eb', 'usr_517');
INSERT INTO trabalho.log_acesso VALUES ('log_517_1_2', '67074e68-bc2f-442b-8af2-7d328b6af6eb', 'usr_517');
INSERT INTO trabalho.log_acesso VALUES ('log_517_2_2', '67074e68-bc2f-442b-8af2-7d328b6af6eb', 'usr_517');
INSERT INTO trabalho.log_acesso VALUES ('log_517_3_2', '67074e68-bc2f-442b-8af2-7d328b6af6eb', 'usr_517');
INSERT INTO trabalho.log_acesso VALUES ('log_517_4_2', '67074e68-bc2f-442b-8af2-7d328b6af6eb', 'usr_517');
INSERT INTO trabalho.usuario VALUES ('usr_518', '518_Elo_Macedo@yahoo.com', 'Eloá Macedo', 'female', 56, 'password', 'Montserrat');
INSERT INTO trabalho.usuario_esta_inscrito_no_podcast VALUES (4, 'f1b92ce7-47a7-43cd-8586-4a09185cdd05', 'usr_518');
INSERT INTO trabalho.comentarios_podcast_usuario VALUES ('comment_518_0_0', 'Ipsum rerum asperiores non quae sed sunt accusantium voluptas.', 'f1b92ce7-47a7-43cd-8586-4a09185cdd05', 'usr_518');
INSERT INTO trabalho.comentarios_podcast_usuario VALUES ('comment_518_1_0', 'Est fugiat dolorem qui aut omnis aut esse iusto.', 'f1b92ce7-47a7-43cd-8586-4a09185cdd05', 'usr_518');
INSERT INTO trabalho.log_acesso VALUES ('log_518_0_0', 'f1b92ce7-47a7-43cd-8586-4a09185cdd05', 'usr_518');
INSERT INTO trabalho.log_acesso VALUES ('log_518_1_0', 'f1b92ce7-47a7-43cd-8586-4a09185cdd05', 'usr_518');
INSERT INTO trabalho.log_acesso VALUES ('log_518_2_0', 'f1b92ce7-47a7-43cd-8586-4a09185cdd05', 'usr_518');
INSERT INTO trabalho.log_acesso VALUES ('log_518_3_0', 'f1b92ce7-47a7-43cd-8586-4a09185cdd05', 'usr_518');
INSERT INTO trabalho.log_acesso VALUES ('log_518_4_0', 'f1b92ce7-47a7-43cd-8586-4a09185cdd05', 'usr_518');
INSERT INTO trabalho.usuario_esta_inscrito_no_podcast VALUES (4, 'f0166bd2-8e4d-4308-b5d7-0b3d627c5dc5', 'usr_518');
INSERT INTO trabalho.comentarios_podcast_usuario VALUES ('comment_518_0_1', 'Quasi quia error sequi culpa quo qui culpa.', 'f0166bd2-8e4d-4308-b5d7-0b3d627c5dc5', 'usr_518');
INSERT INTO trabalho.comentarios_podcast_usuario VALUES ('comment_518_1_1', 'Illum perferendis quo rerum recusandae qui non rerum.', 'f0166bd2-8e4d-4308-b5d7-0b3d627c5dc5', 'usr_518');
INSERT INTO trabalho.comentarios_podcast_usuario VALUES ('comment_518_2_1', 'Quia cum nesciunt.', 'f0166bd2-8e4d-4308-b5d7-0b3d627c5dc5', 'usr_518');
INSERT INTO trabalho.log_acesso VALUES ('log_518_0_1', 'f0166bd2-8e4d-4308-b5d7-0b3d627c5dc5', 'usr_518');
INSERT INTO trabalho.log_acesso VALUES ('log_518_1_1', 'f0166bd2-8e4d-4308-b5d7-0b3d627c5dc5', 'usr_518');
INSERT INTO trabalho.log_acesso VALUES ('log_518_2_1', 'f0166bd2-8e4d-4308-b5d7-0b3d627c5dc5', 'usr_518');
INSERT INTO trabalho.log_acesso VALUES ('log_518_3_1', 'f0166bd2-8e4d-4308-b5d7-0b3d627c5dc5', 'usr_518');
INSERT INTO trabalho.usuario_esta_inscrito_no_podcast VALUES (5, 'fa3abe16-3645-4d22-a01d-893e6f20c408', 'usr_518');
INSERT INTO trabalho.comentarios_podcast_usuario VALUES ('comment_518_0_2', 'Deleniti est numquam rerum.', 'fa3abe16-3645-4d22-a01d-893e6f20c408', 'usr_518');
INSERT INTO trabalho.comentarios_podcast_usuario VALUES ('comment_518_1_2', 'Quisquam tenetur aut minus et aut qui est omnis.', 'fa3abe16-3645-4d22-a01d-893e6f20c408', 'usr_518');
INSERT INTO trabalho.comentarios_podcast_usuario VALUES ('comment_518_2_2', 'Earum consequuntur voluptatibus iusto quia natus aliquam.', 'fa3abe16-3645-4d22-a01d-893e6f20c408', 'usr_518');
INSERT INTO trabalho.log_acesso VALUES ('log_518_0_2', 'fa3abe16-3645-4d22-a01d-893e6f20c408', 'usr_518');
INSERT INTO trabalho.log_acesso VALUES ('log_518_1_2', 'fa3abe16-3645-4d22-a01d-893e6f20c408', 'usr_518');
INSERT INTO trabalho.log_acesso VALUES ('log_518_2_2', 'fa3abe16-3645-4d22-a01d-893e6f20c408', 'usr_518');
INSERT INTO trabalho.usuario VALUES ('usr_519', '519_Matheus39@gmail.com', 'Matheus Moraes', 'male', 23, 'password', 'Chile');
INSERT INTO trabalho.usuario_esta_inscrito_no_podcast VALUES (0, 'fa3abe16-3645-4d22-a01d-893e6f20c408', 'usr_519');
INSERT INTO trabalho.comentarios_podcast_usuario VALUES ('comment_519_0_0', 'Accusamus non veritatis quae quo vel.', 'fa3abe16-3645-4d22-a01d-893e6f20c408', 'usr_519');
INSERT INTO trabalho.comentarios_podcast_usuario VALUES ('comment_519_1_0', 'Ut sunt non nisi assumenda.', 'fa3abe16-3645-4d22-a01d-893e6f20c408', 'usr_519');
INSERT INTO trabalho.comentarios_podcast_usuario VALUES ('comment_519_2_0', 'Sapiente quo quam doloremque distinctio tempora deserunt sint possimus perferendis.', 'fa3abe16-3645-4d22-a01d-893e6f20c408', 'usr_519');
INSERT INTO trabalho.comentarios_podcast_usuario VALUES ('comment_519_3_0', 'Rerum cum dolor perferendis corrupti nemo.', 'fa3abe16-3645-4d22-a01d-893e6f20c408', 'usr_519');
INSERT INTO trabalho.comentarios_podcast_usuario VALUES ('comment_519_4_0', 'Labore vel quis doloribus sunt.', 'fa3abe16-3645-4d22-a01d-893e6f20c408', 'usr_519');
INSERT INTO trabalho.comentarios_podcast_usuario VALUES ('comment_519_5_0', 'Corporis ut quis eligendi quia voluptatem quis asperiores sint.', 'fa3abe16-3645-4d22-a01d-893e6f20c408', 'usr_519');
INSERT INTO trabalho.log_acesso VALUES ('log_519_0_0', 'fa3abe16-3645-4d22-a01d-893e6f20c408', 'usr_519');
INSERT INTO trabalho.log_acesso VALUES ('log_519_1_0', 'fa3abe16-3645-4d22-a01d-893e6f20c408', 'usr_519');
INSERT INTO trabalho.log_acesso VALUES ('log_519_2_0', 'fa3abe16-3645-4d22-a01d-893e6f20c408', 'usr_519');
INSERT INTO trabalho.log_acesso VALUES ('log_519_3_0', 'fa3abe16-3645-4d22-a01d-893e6f20c408', 'usr_519');
INSERT INTO trabalho.log_acesso VALUES ('log_519_4_0', 'fa3abe16-3645-4d22-a01d-893e6f20c408', 'usr_519');
INSERT INTO trabalho.usuario_esta_inscrito_no_podcast VALUES (5, 'bc8dac25-793c-4a96-aafc-4ea7020f4f60', 'usr_519');
INSERT INTO trabalho.comentarios_podcast_usuario VALUES ('comment_519_0_1', 'Alias qui provident molestias necessitatibus velit aut non ea.', 'bc8dac25-793c-4a96-aafc-4ea7020f4f60', 'usr_519');
INSERT INTO trabalho.comentarios_podcast_usuario VALUES ('comment_519_1_1', 'Rem accusamus eius enim ipsam deleniti.', 'bc8dac25-793c-4a96-aafc-4ea7020f4f60', 'usr_519');
INSERT INTO trabalho.comentarios_podcast_usuario VALUES ('comment_519_2_1', 'Quidem eaque illo.', 'bc8dac25-793c-4a96-aafc-4ea7020f4f60', 'usr_519');
INSERT INTO trabalho.log_acesso VALUES ('log_519_0_1', 'bc8dac25-793c-4a96-aafc-4ea7020f4f60', 'usr_519');
INSERT INTO trabalho.log_acesso VALUES ('log_519_1_1', 'bc8dac25-793c-4a96-aafc-4ea7020f4f60', 'usr_519');
INSERT INTO trabalho.log_acesso VALUES ('log_519_2_1', 'bc8dac25-793c-4a96-aafc-4ea7020f4f60', 'usr_519');
INSERT INTO trabalho.log_acesso VALUES ('log_519_3_1', 'bc8dac25-793c-4a96-aafc-4ea7020f4f60', 'usr_519');
INSERT INTO trabalho.log_acesso VALUES ('log_519_4_1', 'bc8dac25-793c-4a96-aafc-4ea7020f4f60', 'usr_519');
INSERT INTO trabalho.usuario_esta_inscrito_no_podcast VALUES (3, 'de2f0ddb-9903-436a-a5e2-54224254c818', 'usr_519');
INSERT INTO trabalho.comentarios_podcast_usuario VALUES ('comment_519_0_2', 'Quaerat id vel.', 'de2f0ddb-9903-436a-a5e2-54224254c818', 'usr_519');
INSERT INTO trabalho.comentarios_podcast_usuario VALUES ('comment_519_1_2', 'Id quia impedit dicta dolores error rem.', 'de2f0ddb-9903-436a-a5e2-54224254c818', 'usr_519');
INSERT INTO trabalho.comentarios_podcast_usuario VALUES ('comment_519_2_2', 'Hic voluptatibus sequi corporis earum.', 'de2f0ddb-9903-436a-a5e2-54224254c818', 'usr_519');
INSERT INTO trabalho.comentarios_podcast_usuario VALUES ('comment_519_3_2', 'Veniam autem ut fuga et consequatur dicta voluptatem perferendis.', 'de2f0ddb-9903-436a-a5e2-54224254c818', 'usr_519');
INSERT INTO trabalho.log_acesso VALUES ('log_519_0_2', 'de2f0ddb-9903-436a-a5e2-54224254c818', 'usr_519');
INSERT INTO trabalho.log_acesso VALUES ('log_519_1_2', 'de2f0ddb-9903-436a-a5e2-54224254c818', 'usr_519');
INSERT INTO trabalho.log_acesso VALUES ('log_519_2_2', 'de2f0ddb-9903-436a-a5e2-54224254c818', 'usr_519');
INSERT INTO trabalho.log_acesso VALUES ('log_519_3_2', 'de2f0ddb-9903-436a-a5e2-54224254c818', 'usr_519');
INSERT INTO trabalho.usuario VALUES ('usr_520', '520_AnaJlia.Braga@hotmail.com', 'Ana Júlia Braga', 'female', 13, 'password', 'Sérvia');
INSERT INTO trabalho.usuario_esta_inscrito_no_podcast VALUES (1, '168c1536-4c42-4b8f-8c77-f06affefec6a', 'usr_520');
INSERT INTO trabalho.comentarios_podcast_usuario VALUES ('comment_520_0_0', 'Error et voluptate quos eos consequuntur nulla quis ut reiciendis.', '168c1536-4c42-4b8f-8c77-f06affefec6a', 'usr_520');
INSERT INTO trabalho.comentarios_podcast_usuario VALUES ('comment_520_1_0', 'Vitae dolor sint eum quod.', '168c1536-4c42-4b8f-8c77-f06affefec6a', 'usr_520');
INSERT INTO trabalho.comentarios_podcast_usuario VALUES ('comment_520_2_0', 'Non ratione iure veritatis et quam alias quod.', '168c1536-4c42-4b8f-8c77-f06affefec6a', 'usr_520');
INSERT INTO trabalho.comentarios_podcast_usuario VALUES ('comment_520_3_0', 'Quas numquam omnis cupiditate molestias quo.', '168c1536-4c42-4b8f-8c77-f06affefec6a', 'usr_520');
INSERT INTO trabalho.comentarios_podcast_usuario VALUES ('comment_520_4_0', 'Ab itaque id ab harum maiores.', '168c1536-4c42-4b8f-8c77-f06affefec6a', 'usr_520');
INSERT INTO trabalho.comentarios_podcast_usuario VALUES ('comment_520_5_0', 'Accusantium quae est voluptas.', '168c1536-4c42-4b8f-8c77-f06affefec6a', 'usr_520');
INSERT INTO trabalho.comentarios_podcast_usuario VALUES ('comment_520_6_0', 'Expedita eum sed vel sint aut accusamus impedit doloribus odio.', '168c1536-4c42-4b8f-8c77-f06affefec6a', 'usr_520');
INSERT INTO trabalho.log_acesso VALUES ('log_520_0_0', '168c1536-4c42-4b8f-8c77-f06affefec6a', 'usr_520');
INSERT INTO trabalho.log_acesso VALUES ('log_520_1_0', '168c1536-4c42-4b8f-8c77-f06affefec6a', 'usr_520');
INSERT INTO trabalho.usuario_esta_inscrito_no_podcast VALUES (5, 'de2f0ddb-9903-436a-a5e2-54224254c818', 'usr_520');
INSERT INTO trabalho.comentarios_podcast_usuario VALUES ('comment_520_0_1', 'Ipsam necessitatibus exercitationem et amet autem sint consequatur odit qui.', 'de2f0ddb-9903-436a-a5e2-54224254c818', 'usr_520');
INSERT INTO trabalho.comentarios_podcast_usuario VALUES ('comment_520_1_1', 'Alias quia beatae et ullam necessitatibus sed id quo est.', 'de2f0ddb-9903-436a-a5e2-54224254c818', 'usr_520');
INSERT INTO trabalho.comentarios_podcast_usuario VALUES ('comment_520_2_1', 'Consectetur ullam qui.', 'de2f0ddb-9903-436a-a5e2-54224254c818', 'usr_520');
INSERT INTO trabalho.comentarios_podcast_usuario VALUES ('comment_520_3_1', 'Et sequi illum consectetur officiis quia qui et quos.', 'de2f0ddb-9903-436a-a5e2-54224254c818', 'usr_520');
INSERT INTO trabalho.log_acesso VALUES ('log_520_0_1', 'de2f0ddb-9903-436a-a5e2-54224254c818', 'usr_520');
INSERT INTO trabalho.log_acesso VALUES ('log_520_1_1', 'de2f0ddb-9903-436a-a5e2-54224254c818', 'usr_520');
INSERT INTO trabalho.log_acesso VALUES ('log_520_2_1', 'de2f0ddb-9903-436a-a5e2-54224254c818', 'usr_520');
INSERT INTO trabalho.usuario_esta_inscrito_no_podcast VALUES (2, 'f8e13774-d631-4f34-93f0-2f5d55590265', 'usr_520');
INSERT INTO trabalho.comentarios_podcast_usuario VALUES ('comment_520_0_2', 'Aut quidem autem iusto dolores magnam et adipisci.', 'f8e13774-d631-4f34-93f0-2f5d55590265', 'usr_520');
INSERT INTO trabalho.comentarios_podcast_usuario VALUES ('comment_520_1_2', 'Eum et et.', 'f8e13774-d631-4f34-93f0-2f5d55590265', 'usr_520');
INSERT INTO trabalho.log_acesso VALUES ('log_520_0_2', 'f8e13774-d631-4f34-93f0-2f5d55590265', 'usr_520');
INSERT INTO trabalho.log_acesso VALUES ('log_520_1_2', 'f8e13774-d631-4f34-93f0-2f5d55590265', 'usr_520');
INSERT INTO trabalho.log_acesso VALUES ('log_520_2_2', 'f8e13774-d631-4f34-93f0-2f5d55590265', 'usr_520');
INSERT INTO trabalho.log_acesso VALUES ('log_520_3_2', 'f8e13774-d631-4f34-93f0-2f5d55590265', 'usr_520');
INSERT INTO trabalho.log_acesso VALUES ('log_520_4_2', 'f8e13774-d631-4f34-93f0-2f5d55590265', 'usr_520');
INSERT INTO trabalho.usuario VALUES ('usr_521', '521_Karla.Braga49@bol.com.br', 'Karla Braga', 'female', 11, 'password', 'Maldives');
INSERT INTO trabalho.usuario_esta_inscrito_no_podcast VALUES (1, 'fa3abe16-3645-4d22-a01d-893e6f20c408', 'usr_521');
INSERT INTO trabalho.comentarios_podcast_usuario VALUES ('comment_521_0_0', 'Deleniti voluptates ipsum.', 'fa3abe16-3645-4d22-a01d-893e6f20c408', 'usr_521');
INSERT INTO trabalho.comentarios_podcast_usuario VALUES ('comment_521_1_0', 'Harum adipisci omnis a impedit voluptas.', 'fa3abe16-3645-4d22-a01d-893e6f20c408', 'usr_521');
INSERT INTO trabalho.comentarios_podcast_usuario VALUES ('comment_521_2_0', 'Ut aut ut ut at officia iste.', 'fa3abe16-3645-4d22-a01d-893e6f20c408', 'usr_521');
INSERT INTO trabalho.comentarios_podcast_usuario VALUES ('comment_521_3_0', 'Ipsa libero esse consectetur deserunt est quisquam consequuntur non autem.', 'fa3abe16-3645-4d22-a01d-893e6f20c408', 'usr_521');
INSERT INTO trabalho.log_acesso VALUES ('log_521_0_0', 'fa3abe16-3645-4d22-a01d-893e6f20c408', 'usr_521');
INSERT INTO trabalho.log_acesso VALUES ('log_521_1_0', 'fa3abe16-3645-4d22-a01d-893e6f20c408', 'usr_521');
INSERT INTO trabalho.log_acesso VALUES ('log_521_2_0', 'fa3abe16-3645-4d22-a01d-893e6f20c408', 'usr_521');
INSERT INTO trabalho.log_acesso VALUES ('log_521_3_0', 'fa3abe16-3645-4d22-a01d-893e6f20c408', 'usr_521');
INSERT INTO trabalho.log_acesso VALUES ('log_521_4_0', 'fa3abe16-3645-4d22-a01d-893e6f20c408', 'usr_521');
INSERT INTO trabalho.usuario_esta_inscrito_no_podcast VALUES (0, '67074e68-bc2f-442b-8af2-7d328b6af6eb', 'usr_521');
INSERT INTO trabalho.comentarios_podcast_usuario VALUES ('comment_521_0_1', 'Quia culpa modi tempore voluptas.', '67074e68-bc2f-442b-8af2-7d328b6af6eb', 'usr_521');
INSERT INTO trabalho.comentarios_podcast_usuario VALUES ('comment_521_1_1', 'Tempora magni sunt nulla.', '67074e68-bc2f-442b-8af2-7d328b6af6eb', 'usr_521');
INSERT INTO trabalho.comentarios_podcast_usuario VALUES ('comment_521_2_1', 'Illo earum qui quam dolores unde delectus laboriosam consequatur.', '67074e68-bc2f-442b-8af2-7d328b6af6eb', 'usr_521');
INSERT INTO trabalho.comentarios_podcast_usuario VALUES ('comment_521_3_1', 'Omnis dignissimos est quis error dolores quas.', '67074e68-bc2f-442b-8af2-7d328b6af6eb', 'usr_521');
INSERT INTO trabalho.comentarios_podcast_usuario VALUES ('comment_521_4_1', 'Sed quam quisquam aperiam odit rem qui.', '67074e68-bc2f-442b-8af2-7d328b6af6eb', 'usr_521');
INSERT INTO trabalho.log_acesso VALUES ('log_521_0_1', '67074e68-bc2f-442b-8af2-7d328b6af6eb', 'usr_521');
INSERT INTO trabalho.log_acesso VALUES ('log_521_1_1', '67074e68-bc2f-442b-8af2-7d328b6af6eb', 'usr_521');
INSERT INTO trabalho.log_acesso VALUES ('log_521_2_1', '67074e68-bc2f-442b-8af2-7d328b6af6eb', 'usr_521');
INSERT INTO trabalho.log_acesso VALUES ('log_521_3_1', '67074e68-bc2f-442b-8af2-7d328b6af6eb', 'usr_521');
INSERT INTO trabalho.usuario_esta_inscrito_no_podcast VALUES (3, '168c1536-4c42-4b8f-8c77-f06affefec6a', 'usr_521');
INSERT INTO trabalho.comentarios_podcast_usuario VALUES ('comment_521_0_2', 'Aliquid excepturi sed similique et mollitia dolore.', '168c1536-4c42-4b8f-8c77-f06affefec6a', 'usr_521');
INSERT INTO trabalho.comentarios_podcast_usuario VALUES ('comment_521_1_2', 'Dolorem corrupti neque quia eos rerum voluptates.', '168c1536-4c42-4b8f-8c77-f06affefec6a', 'usr_521');
INSERT INTO trabalho.comentarios_podcast_usuario VALUES ('comment_521_2_2', 'Eum quis ut.', '168c1536-4c42-4b8f-8c77-f06affefec6a', 'usr_521');
INSERT INTO trabalho.comentarios_podcast_usuario VALUES ('comment_521_3_2', 'Pariatur aspernatur non est.', '168c1536-4c42-4b8f-8c77-f06affefec6a', 'usr_521');
INSERT INTO trabalho.log_acesso VALUES ('log_521_0_2', '168c1536-4c42-4b8f-8c77-f06affefec6a', 'usr_521');
INSERT INTO trabalho.usuario VALUES ('usr_522', '522_Washington67@hotmail.com', 'Washington Batista', 'male', 23, 'password', 'Bulgária');
INSERT INTO trabalho.usuario_esta_inscrito_no_podcast VALUES (0, '7e429e8e-7669-403d-bb78-3cd7f9f75afd', 'usr_522');
INSERT INTO trabalho.comentarios_podcast_usuario VALUES ('comment_522_0_0', 'Aut est vel necessitatibus.', '7e429e8e-7669-403d-bb78-3cd7f9f75afd', 'usr_522');
INSERT INTO trabalho.comentarios_podcast_usuario VALUES ('comment_522_1_0', 'Nihil aut nisi ullam necessitatibus doloremque exercitationem aliquam.', '7e429e8e-7669-403d-bb78-3cd7f9f75afd', 'usr_522');
INSERT INTO trabalho.comentarios_podcast_usuario VALUES ('comment_522_2_0', 'Alias qui et tempora voluptatem sapiente eligendi consequatur repellendus omnis.', '7e429e8e-7669-403d-bb78-3cd7f9f75afd', 'usr_522');
INSERT INTO trabalho.log_acesso VALUES ('log_522_0_0', '7e429e8e-7669-403d-bb78-3cd7f9f75afd', 'usr_522');
INSERT INTO trabalho.log_acesso VALUES ('log_522_1_0', '7e429e8e-7669-403d-bb78-3cd7f9f75afd', 'usr_522');
INSERT INTO trabalho.log_acesso VALUES ('log_522_2_0', '7e429e8e-7669-403d-bb78-3cd7f9f75afd', 'usr_522');
INSERT INTO trabalho.log_acesso VALUES ('log_522_3_0', '7e429e8e-7669-403d-bb78-3cd7f9f75afd', 'usr_522');
INSERT INTO trabalho.usuario_esta_inscrito_no_podcast VALUES (0, '67074e68-bc2f-442b-8af2-7d328b6af6eb', 'usr_522');
INSERT INTO trabalho.comentarios_podcast_usuario VALUES ('comment_522_0_1', 'Autem laborum laboriosam.', '67074e68-bc2f-442b-8af2-7d328b6af6eb', 'usr_522');
INSERT INTO trabalho.comentarios_podcast_usuario VALUES ('comment_522_1_1', 'Quia velit quisquam.', '67074e68-bc2f-442b-8af2-7d328b6af6eb', 'usr_522');
INSERT INTO trabalho.comentarios_podcast_usuario VALUES ('comment_522_2_1', 'Sed corporis aut.', '67074e68-bc2f-442b-8af2-7d328b6af6eb', 'usr_522');
INSERT INTO trabalho.comentarios_podcast_usuario VALUES ('comment_522_3_1', 'Perferendis earum dolorem illo dolorum officia rem qui deserunt.', '67074e68-bc2f-442b-8af2-7d328b6af6eb', 'usr_522');
INSERT INTO trabalho.comentarios_podcast_usuario VALUES ('comment_522_4_1', 'Voluptatem aut voluptate labore iure quas repudiandae est placeat ut.', '67074e68-bc2f-442b-8af2-7d328b6af6eb', 'usr_522');
INSERT INTO trabalho.log_acesso VALUES ('log_522_0_1', '67074e68-bc2f-442b-8af2-7d328b6af6eb', 'usr_522');
INSERT INTO trabalho.log_acesso VALUES ('log_522_1_1', '67074e68-bc2f-442b-8af2-7d328b6af6eb', 'usr_522');
INSERT INTO trabalho.usuario_esta_inscrito_no_podcast VALUES (2, 'fa3abe16-3645-4d22-a01d-893e6f20c408', 'usr_522');
INSERT INTO trabalho.comentarios_podcast_usuario VALUES ('comment_522_0_2', 'Aut laudantium autem harum nesciunt.', 'fa3abe16-3645-4d22-a01d-893e6f20c408', 'usr_522');
INSERT INTO trabalho.log_acesso VALUES ('log_522_0_2', 'fa3abe16-3645-4d22-a01d-893e6f20c408', 'usr_522');
INSERT INTO trabalho.usuario VALUES ('usr_523', '523_Hugo_Batista@bol.com.br', 'Hugo Batista', 'male', 12, 'password', 'Bôsnia');
INSERT INTO trabalho.usuario_esta_inscrito_no_podcast VALUES (2, 'f1b92ce7-47a7-43cd-8586-4a09185cdd05', 'usr_523');
INSERT INTO trabalho.comentarios_podcast_usuario VALUES ('comment_523_0_0', 'Assumenda et occaecati.', 'f1b92ce7-47a7-43cd-8586-4a09185cdd05', 'usr_523');
INSERT INTO trabalho.log_acesso VALUES ('log_523_0_0', 'f1b92ce7-47a7-43cd-8586-4a09185cdd05', 'usr_523');
INSERT INTO trabalho.log_acesso VALUES ('log_523_1_0', 'f1b92ce7-47a7-43cd-8586-4a09185cdd05', 'usr_523');
INSERT INTO trabalho.log_acesso VALUES ('log_523_2_0', 'f1b92ce7-47a7-43cd-8586-4a09185cdd05', 'usr_523');
INSERT INTO trabalho.log_acesso VALUES ('log_523_3_0', 'f1b92ce7-47a7-43cd-8586-4a09185cdd05', 'usr_523');
INSERT INTO trabalho.log_acesso VALUES ('log_523_4_0', 'f1b92ce7-47a7-43cd-8586-4a09185cdd05', 'usr_523');
INSERT INTO trabalho.usuario_esta_inscrito_no_podcast VALUES (0, 'f0166bd2-8e4d-4308-b5d7-0b3d627c5dc5', 'usr_523');
INSERT INTO trabalho.comentarios_podcast_usuario VALUES ('comment_523_0_1', 'Voluptatem non quo mollitia tempore eveniet esse.', 'f0166bd2-8e4d-4308-b5d7-0b3d627c5dc5', 'usr_523');
INSERT INTO trabalho.comentarios_podcast_usuario VALUES ('comment_523_1_1', 'Eum debitis non.', 'f0166bd2-8e4d-4308-b5d7-0b3d627c5dc5', 'usr_523');
INSERT INTO trabalho.log_acesso VALUES ('log_523_0_1', 'f0166bd2-8e4d-4308-b5d7-0b3d627c5dc5', 'usr_523');
INSERT INTO trabalho.log_acesso VALUES ('log_523_1_1', 'f0166bd2-8e4d-4308-b5d7-0b3d627c5dc5', 'usr_523');
INSERT INTO trabalho.log_acesso VALUES ('log_523_2_1', 'f0166bd2-8e4d-4308-b5d7-0b3d627c5dc5', 'usr_523');
INSERT INTO trabalho.usuario_esta_inscrito_no_podcast VALUES (2, '7e429e8e-7669-403d-bb78-3cd7f9f75afd', 'usr_523');
INSERT INTO trabalho.comentarios_podcast_usuario VALUES ('comment_523_0_2', 'Ullam maxime eum fugiat ut et ducimus nesciunt.', '7e429e8e-7669-403d-bb78-3cd7f9f75afd', 'usr_523');
INSERT INTO trabalho.log_acesso VALUES ('log_523_0_2', '7e429e8e-7669-403d-bb78-3cd7f9f75afd', 'usr_523');
INSERT INTO trabalho.log_acesso VALUES ('log_523_1_2', '7e429e8e-7669-403d-bb78-3cd7f9f75afd', 'usr_523');
INSERT INTO trabalho.log_acesso VALUES ('log_523_2_2', '7e429e8e-7669-403d-bb78-3cd7f9f75afd', 'usr_523');
INSERT INTO trabalho.log_acesso VALUES ('log_523_3_2', '7e429e8e-7669-403d-bb78-3cd7f9f75afd', 'usr_523');
INSERT INTO trabalho.log_acesso VALUES ('log_523_4_2', '7e429e8e-7669-403d-bb78-3cd7f9f75afd', 'usr_523');
INSERT INTO trabalho.log_acesso VALUES ('log_523_5_2', '7e429e8e-7669-403d-bb78-3cd7f9f75afd', 'usr_523');
INSERT INTO trabalho.log_acesso VALUES ('log_523_6_2', '7e429e8e-7669-403d-bb78-3cd7f9f75afd', 'usr_523');
INSERT INTO trabalho.usuario VALUES ('usr_524', '524_Lvia51@live.com', 'Lívia Reis', 'female', 58, 'password', 'Bahamas');
INSERT INTO trabalho.usuario_esta_inscrito_no_podcast VALUES (4, 'b553d865-8fe2-47de-9a30-10e1dea3bd1d', 'usr_524');
INSERT INTO trabalho.comentarios_podcast_usuario VALUES ('comment_524_0_0', 'Aspernatur et a harum vitae pariatur.', 'b553d865-8fe2-47de-9a30-10e1dea3bd1d', 'usr_524');
INSERT INTO trabalho.comentarios_podcast_usuario VALUES ('comment_524_1_0', 'Ut delectus saepe et.', 'b553d865-8fe2-47de-9a30-10e1dea3bd1d', 'usr_524');
INSERT INTO trabalho.log_acesso VALUES ('log_524_0_0', 'b553d865-8fe2-47de-9a30-10e1dea3bd1d', 'usr_524');
INSERT INTO trabalho.log_acesso VALUES ('log_524_1_0', 'b553d865-8fe2-47de-9a30-10e1dea3bd1d', 'usr_524');
INSERT INTO trabalho.log_acesso VALUES ('log_524_2_0', 'b553d865-8fe2-47de-9a30-10e1dea3bd1d', 'usr_524');
INSERT INTO trabalho.log_acesso VALUES ('log_524_3_0', 'b553d865-8fe2-47de-9a30-10e1dea3bd1d', 'usr_524');
INSERT INTO trabalho.usuario_esta_inscrito_no_podcast VALUES (5, 'fa3abe16-3645-4d22-a01d-893e6f20c408', 'usr_524');
INSERT INTO trabalho.comentarios_podcast_usuario VALUES ('comment_524_0_1', 'Recusandae et vel sed sint labore et quis.', 'fa3abe16-3645-4d22-a01d-893e6f20c408', 'usr_524');
INSERT INTO trabalho.comentarios_podcast_usuario VALUES ('comment_524_1_1', 'Et nesciunt ex ut id.', 'fa3abe16-3645-4d22-a01d-893e6f20c408', 'usr_524');
INSERT INTO trabalho.comentarios_podcast_usuario VALUES ('comment_524_2_1', 'Ex recusandae optio exercitationem illo nesciunt.', 'fa3abe16-3645-4d22-a01d-893e6f20c408', 'usr_524');
INSERT INTO trabalho.comentarios_podcast_usuario VALUES ('comment_524_3_1', 'Esse modi vel assumenda debitis voluptates saepe soluta perferendis.', 'fa3abe16-3645-4d22-a01d-893e6f20c408', 'usr_524');
INSERT INTO trabalho.comentarios_podcast_usuario VALUES ('comment_524_4_1', 'Id provident rerum explicabo dolor quod.', 'fa3abe16-3645-4d22-a01d-893e6f20c408', 'usr_524');
INSERT INTO trabalho.log_acesso VALUES ('log_524_0_1', 'fa3abe16-3645-4d22-a01d-893e6f20c408', 'usr_524');
INSERT INTO trabalho.log_acesso VALUES ('log_524_1_1', 'fa3abe16-3645-4d22-a01d-893e6f20c408', 'usr_524');
INSERT INTO trabalho.usuario_esta_inscrito_no_podcast VALUES (5, '67074e68-bc2f-442b-8af2-7d328b6af6eb', 'usr_524');
INSERT INTO trabalho.comentarios_podcast_usuario VALUES ('comment_524_0_2', 'Et ipsum quisquam iusto officia nulla.', '67074e68-bc2f-442b-8af2-7d328b6af6eb', 'usr_524');
INSERT INTO trabalho.comentarios_podcast_usuario VALUES ('comment_524_1_2', 'Earum atque vitae saepe ut esse voluptas quidem.', '67074e68-bc2f-442b-8af2-7d328b6af6eb', 'usr_524');
INSERT INTO trabalho.log_acesso VALUES ('log_524_0_2', '67074e68-bc2f-442b-8af2-7d328b6af6eb', 'usr_524');
INSERT INTO trabalho.log_acesso VALUES ('log_524_1_2', '67074e68-bc2f-442b-8af2-7d328b6af6eb', 'usr_524');
INSERT INTO trabalho.log_acesso VALUES ('log_524_2_2', '67074e68-bc2f-442b-8af2-7d328b6af6eb', 'usr_524');
INSERT INTO trabalho.usuario VALUES ('usr_525', '525_Mrcia.Nogueira@hotmail.com', 'Mércia Nogueira', 'female', 52, 'password', 'Tajiquistão');
INSERT INTO trabalho.usuario_esta_inscrito_no_podcast VALUES (1, '67074e68-bc2f-442b-8af2-7d328b6af6eb', 'usr_525');
INSERT INTO trabalho.comentarios_podcast_usuario VALUES ('comment_525_0_0', 'Velit ullam voluptatem natus perspiciatis voluptatem.', '67074e68-bc2f-442b-8af2-7d328b6af6eb', 'usr_525');
INSERT INTO trabalho.comentarios_podcast_usuario VALUES ('comment_525_1_0', 'Totam laborum maiores saepe est molestiae.', '67074e68-bc2f-442b-8af2-7d328b6af6eb', 'usr_525');
INSERT INTO trabalho.comentarios_podcast_usuario VALUES ('comment_525_2_0', 'Quia est corrupti qui nesciunt vitae molestias natus hic porro.', '67074e68-bc2f-442b-8af2-7d328b6af6eb', 'usr_525');
INSERT INTO trabalho.log_acesso VALUES ('log_525_0_0', '67074e68-bc2f-442b-8af2-7d328b6af6eb', 'usr_525');
INSERT INTO trabalho.log_acesso VALUES ('log_525_1_0', '67074e68-bc2f-442b-8af2-7d328b6af6eb', 'usr_525');
INSERT INTO trabalho.usuario_esta_inscrito_no_podcast VALUES (4, '168c1536-4c42-4b8f-8c77-f06affefec6a', 'usr_525');
INSERT INTO trabalho.comentarios_podcast_usuario VALUES ('comment_525_0_1', 'Placeat nobis magni et.', '168c1536-4c42-4b8f-8c77-f06affefec6a', 'usr_525');
INSERT INTO trabalho.comentarios_podcast_usuario VALUES ('comment_525_1_1', 'At dolor libero et doloribus quos.', '168c1536-4c42-4b8f-8c77-f06affefec6a', 'usr_525');
INSERT INTO trabalho.log_acesso VALUES ('log_525_0_1', '168c1536-4c42-4b8f-8c77-f06affefec6a', 'usr_525');
INSERT INTO trabalho.log_acesso VALUES ('log_525_1_1', '168c1536-4c42-4b8f-8c77-f06affefec6a', 'usr_525');
INSERT INTO trabalho.usuario_esta_inscrito_no_podcast VALUES (4, '5bdf7377-8330-4f9f-8efd-e95301c122ce', 'usr_525');
INSERT INTO trabalho.comentarios_podcast_usuario VALUES ('comment_525_0_2', 'Quia et rem delectus unde et ea quis.', '5bdf7377-8330-4f9f-8efd-e95301c122ce', 'usr_525');
INSERT INTO trabalho.comentarios_podcast_usuario VALUES ('comment_525_1_2', 'Aspernatur laudantium eveniet et repellendus aspernatur consequatur perferendis reiciendis.', '5bdf7377-8330-4f9f-8efd-e95301c122ce', 'usr_525');
INSERT INTO trabalho.log_acesso VALUES ('log_525_0_2', '5bdf7377-8330-4f9f-8efd-e95301c122ce', 'usr_525');
INSERT INTO trabalho.log_acesso VALUES ('log_525_1_2', '5bdf7377-8330-4f9f-8efd-e95301c122ce', 'usr_525');
INSERT INTO trabalho.log_acesso VALUES ('log_525_2_2', '5bdf7377-8330-4f9f-8efd-e95301c122ce', 'usr_525');
INSERT INTO trabalho.log_acesso VALUES ('log_525_3_2', '5bdf7377-8330-4f9f-8efd-e95301c122ce', 'usr_525');
INSERT INTO trabalho.log_acesso VALUES ('log_525_4_2', '5bdf7377-8330-4f9f-8efd-e95301c122ce', 'usr_525');
INSERT INTO trabalho.usuario VALUES ('usr_526', '526_Fabrcia.Moraes@bol.com.br', 'Fabrícia Moraes', 'female', 45, 'password', 'Angola');
INSERT INTO trabalho.usuario_esta_inscrito_no_podcast VALUES (1, 'f0166bd2-8e4d-4308-b5d7-0b3d627c5dc5', 'usr_526');
INSERT INTO trabalho.comentarios_podcast_usuario VALUES ('comment_526_0_0', 'Consectetur sunt reprehenderit necessitatibus fugiat.', 'f0166bd2-8e4d-4308-b5d7-0b3d627c5dc5', 'usr_526');
INSERT INTO trabalho.comentarios_podcast_usuario VALUES ('comment_526_1_0', 'Aut magni possimus sed consequatur nobis.', 'f0166bd2-8e4d-4308-b5d7-0b3d627c5dc5', 'usr_526');
INSERT INTO trabalho.comentarios_podcast_usuario VALUES ('comment_526_2_0', 'Sapiente quia est consequatur inventore modi aut assumenda nostrum aperiam.', 'f0166bd2-8e4d-4308-b5d7-0b3d627c5dc5', 'usr_526');
INSERT INTO trabalho.comentarios_podcast_usuario VALUES ('comment_526_3_0', 'Itaque aut nulla nulla accusantium placeat doloremque aliquam voluptate.', 'f0166bd2-8e4d-4308-b5d7-0b3d627c5dc5', 'usr_526');
INSERT INTO trabalho.log_acesso VALUES ('log_526_0_0', 'f0166bd2-8e4d-4308-b5d7-0b3d627c5dc5', 'usr_526');
INSERT INTO trabalho.usuario_esta_inscrito_no_podcast VALUES (5, 'fa3abe16-3645-4d22-a01d-893e6f20c408', 'usr_526');
INSERT INTO trabalho.comentarios_podcast_usuario VALUES ('comment_526_0_1', 'Cumque nobis cum.', 'fa3abe16-3645-4d22-a01d-893e6f20c408', 'usr_526');
INSERT INTO trabalho.comentarios_podcast_usuario VALUES ('comment_526_1_1', 'Quos magni ab et ut rem veniam.', 'fa3abe16-3645-4d22-a01d-893e6f20c408', 'usr_526');
INSERT INTO trabalho.log_acesso VALUES ('log_526_0_1', 'fa3abe16-3645-4d22-a01d-893e6f20c408', 'usr_526');
INSERT INTO trabalho.log_acesso VALUES ('log_526_1_1', 'fa3abe16-3645-4d22-a01d-893e6f20c408', 'usr_526');
INSERT INTO trabalho.log_acesso VALUES ('log_526_2_1', 'fa3abe16-3645-4d22-a01d-893e6f20c408', 'usr_526');
INSERT INTO trabalho.log_acesso VALUES ('log_526_3_1', 'fa3abe16-3645-4d22-a01d-893e6f20c408', 'usr_526');
INSERT INTO trabalho.usuario_esta_inscrito_no_podcast VALUES (3, 'af46a958-b921-47b6-9f87-5c4fdc68ea79', 'usr_526');
INSERT INTO trabalho.comentarios_podcast_usuario VALUES ('comment_526_0_2', 'Qui fugit ad et sit unde asperiores aut voluptas sed.', 'af46a958-b921-47b6-9f87-5c4fdc68ea79', 'usr_526');
INSERT INTO trabalho.comentarios_podcast_usuario VALUES ('comment_526_1_2', 'Est quo corporis porro rerum.', 'af46a958-b921-47b6-9f87-5c4fdc68ea79', 'usr_526');
INSERT INTO trabalho.log_acesso VALUES ('log_526_0_2', 'af46a958-b921-47b6-9f87-5c4fdc68ea79', 'usr_526');
INSERT INTO trabalho.log_acesso VALUES ('log_526_1_2', 'af46a958-b921-47b6-9f87-5c4fdc68ea79', 'usr_526');
INSERT INTO trabalho.log_acesso VALUES ('log_526_2_2', 'af46a958-b921-47b6-9f87-5c4fdc68ea79', 'usr_526');
INSERT INTO trabalho.log_acesso VALUES ('log_526_3_2', 'af46a958-b921-47b6-9f87-5c4fdc68ea79', 'usr_526');
INSERT INTO trabalho.usuario VALUES ('usr_527', '527_Miguel_Braga@live.com', 'Miguel Braga', 'male', 4, 'password', 'Latvia');
INSERT INTO trabalho.usuario_esta_inscrito_no_podcast VALUES (5, 'f1b92ce7-47a7-43cd-8586-4a09185cdd05', 'usr_527');
INSERT INTO trabalho.comentarios_podcast_usuario VALUES ('comment_527_0_0', 'Quod asperiores unde aut aspernatur.', 'f1b92ce7-47a7-43cd-8586-4a09185cdd05', 'usr_527');
INSERT INTO trabalho.log_acesso VALUES ('log_527_0_0', 'f1b92ce7-47a7-43cd-8586-4a09185cdd05', 'usr_527');
INSERT INTO trabalho.usuario_esta_inscrito_no_podcast VALUES (5, '67074e68-bc2f-442b-8af2-7d328b6af6eb', 'usr_527');
INSERT INTO trabalho.comentarios_podcast_usuario VALUES ('comment_527_0_1', 'Veritatis voluptas doloribus molestiae accusamus magni.', '67074e68-bc2f-442b-8af2-7d328b6af6eb', 'usr_527');
INSERT INTO trabalho.comentarios_podcast_usuario VALUES ('comment_527_1_1', 'Deserunt excepturi rerum.', '67074e68-bc2f-442b-8af2-7d328b6af6eb', 'usr_527');
INSERT INTO trabalho.comentarios_podcast_usuario VALUES ('comment_527_2_1', 'Ea eligendi assumenda quia esse debitis.', '67074e68-bc2f-442b-8af2-7d328b6af6eb', 'usr_527');
INSERT INTO trabalho.comentarios_podcast_usuario VALUES ('comment_527_3_1', 'Sed beatae aut magni nemo.', '67074e68-bc2f-442b-8af2-7d328b6af6eb', 'usr_527');
INSERT INTO trabalho.log_acesso VALUES ('log_527_0_1', '67074e68-bc2f-442b-8af2-7d328b6af6eb', 'usr_527');
INSERT INTO trabalho.log_acesso VALUES ('log_527_1_1', '67074e68-bc2f-442b-8af2-7d328b6af6eb', 'usr_527');
INSERT INTO trabalho.log_acesso VALUES ('log_527_2_1', '67074e68-bc2f-442b-8af2-7d328b6af6eb', 'usr_527');
INSERT INTO trabalho.usuario_esta_inscrito_no_podcast VALUES (3, 'c58b280a-56d4-4ad8-8c85-730e4ea86361', 'usr_527');
INSERT INTO trabalho.comentarios_podcast_usuario VALUES ('comment_527_0_2', 'Veniam in dolores.', 'c58b280a-56d4-4ad8-8c85-730e4ea86361', 'usr_527');
INSERT INTO trabalho.comentarios_podcast_usuario VALUES ('comment_527_1_2', 'Vel beatae enim eos facere qui.', 'c58b280a-56d4-4ad8-8c85-730e4ea86361', 'usr_527');
INSERT INTO trabalho.comentarios_podcast_usuario VALUES ('comment_527_2_2', 'Fuga voluptatem repellat veniam similique in ducimus nobis illo.', 'c58b280a-56d4-4ad8-8c85-730e4ea86361', 'usr_527');
INSERT INTO trabalho.log_acesso VALUES ('log_527_0_2', 'c58b280a-56d4-4ad8-8c85-730e4ea86361', 'usr_527');
INSERT INTO trabalho.log_acesso VALUES ('log_527_1_2', 'c58b280a-56d4-4ad8-8c85-730e4ea86361', 'usr_527');
INSERT INTO trabalho.log_acesso VALUES ('log_527_2_2', 'c58b280a-56d4-4ad8-8c85-730e4ea86361', 'usr_527');
INSERT INTO trabalho.log_acesso VALUES ('log_527_3_2', 'c58b280a-56d4-4ad8-8c85-730e4ea86361', 'usr_527');
INSERT INTO trabalho.log_acesso VALUES ('log_527_4_2', 'c58b280a-56d4-4ad8-8c85-730e4ea86361', 'usr_527');
INSERT INTO trabalho.log_acesso VALUES ('log_527_5_2', 'c58b280a-56d4-4ad8-8c85-730e4ea86361', 'usr_527');
INSERT INTO trabalho.usuario VALUES ('usr_528', '528_Washington_Martins@live.com', 'Washington Martins', 'male', 20, 'password', 'Panamá');
INSERT INTO trabalho.usuario_esta_inscrito_no_podcast VALUES (5, 'b553d865-8fe2-47de-9a30-10e1dea3bd1d', 'usr_528');
INSERT INTO trabalho.comentarios_podcast_usuario VALUES ('comment_528_0_0', 'Veritatis cupiditate magnam doloremque.', 'b553d865-8fe2-47de-9a30-10e1dea3bd1d', 'usr_528');
INSERT INTO trabalho.comentarios_podcast_usuario VALUES ('comment_528_1_0', 'Quia earum ipsum expedita consequatur ad ut nostrum doloremque magni.', 'b553d865-8fe2-47de-9a30-10e1dea3bd1d', 'usr_528');
INSERT INTO trabalho.comentarios_podcast_usuario VALUES ('comment_528_2_0', 'Consectetur non animi rerum natus dolor autem natus ut dicta.', 'b553d865-8fe2-47de-9a30-10e1dea3bd1d', 'usr_528');
INSERT INTO trabalho.log_acesso VALUES ('log_528_0_0', 'b553d865-8fe2-47de-9a30-10e1dea3bd1d', 'usr_528');
INSERT INTO trabalho.log_acesso VALUES ('log_528_1_0', 'b553d865-8fe2-47de-9a30-10e1dea3bd1d', 'usr_528');
INSERT INTO trabalho.usuario_esta_inscrito_no_podcast VALUES (3, 'f8e13774-d631-4f34-93f0-2f5d55590265', 'usr_528');
INSERT INTO trabalho.comentarios_podcast_usuario VALUES ('comment_528_0_1', 'Nesciunt possimus sint.', 'f8e13774-d631-4f34-93f0-2f5d55590265', 'usr_528');
INSERT INTO trabalho.comentarios_podcast_usuario VALUES ('comment_528_1_1', 'Eaque sint aut et tempore exercitationem.', 'f8e13774-d631-4f34-93f0-2f5d55590265', 'usr_528');
INSERT INTO trabalho.comentarios_podcast_usuario VALUES ('comment_528_2_1', 'Temporibus eius optio.', 'f8e13774-d631-4f34-93f0-2f5d55590265', 'usr_528');
INSERT INTO trabalho.log_acesso VALUES ('log_528_0_1', 'f8e13774-d631-4f34-93f0-2f5d55590265', 'usr_528');
INSERT INTO trabalho.log_acesso VALUES ('log_528_1_1', 'f8e13774-d631-4f34-93f0-2f5d55590265', 'usr_528');
INSERT INTO trabalho.log_acesso VALUES ('log_528_2_1', 'f8e13774-d631-4f34-93f0-2f5d55590265', 'usr_528');
INSERT INTO trabalho.log_acesso VALUES ('log_528_3_1', 'f8e13774-d631-4f34-93f0-2f5d55590265', 'usr_528');
INSERT INTO trabalho.usuario_esta_inscrito_no_podcast VALUES (5, 'c58b280a-56d4-4ad8-8c85-730e4ea86361', 'usr_528');
INSERT INTO trabalho.comentarios_podcast_usuario VALUES ('comment_528_0_2', 'Eos quo aut ea distinctio molestias dolores blanditiis.', 'c58b280a-56d4-4ad8-8c85-730e4ea86361', 'usr_528');
INSERT INTO trabalho.comentarios_podcast_usuario VALUES ('comment_528_1_2', 'Quos reprehenderit deleniti.', 'c58b280a-56d4-4ad8-8c85-730e4ea86361', 'usr_528');
INSERT INTO trabalho.log_acesso VALUES ('log_528_0_2', 'c58b280a-56d4-4ad8-8c85-730e4ea86361', 'usr_528');
INSERT INTO trabalho.log_acesso VALUES ('log_528_1_2', 'c58b280a-56d4-4ad8-8c85-730e4ea86361', 'usr_528');
INSERT INTO trabalho.log_acesso VALUES ('log_528_2_2', 'c58b280a-56d4-4ad8-8c85-730e4ea86361', 'usr_528');
INSERT INTO trabalho.log_acesso VALUES ('log_528_3_2', 'c58b280a-56d4-4ad8-8c85-730e4ea86361', 'usr_528');
INSERT INTO trabalho.log_acesso VALUES ('log_528_4_2', 'c58b280a-56d4-4ad8-8c85-730e4ea86361', 'usr_528');
INSERT INTO trabalho.usuario VALUES ('usr_529', '529_Fabiano1@hotmail.com', 'Fabiano Franco', 'male', 53, 'password', 'Namibia');
INSERT INTO trabalho.usuario_esta_inscrito_no_podcast VALUES (5, '7e429e8e-7669-403d-bb78-3cd7f9f75afd', 'usr_529');
INSERT INTO trabalho.comentarios_podcast_usuario VALUES ('comment_529_0_0', 'Laboriosam dicta ut accusantium beatae quis minus optio.', '7e429e8e-7669-403d-bb78-3cd7f9f75afd', 'usr_529');
INSERT INTO trabalho.log_acesso VALUES ('log_529_0_0', '7e429e8e-7669-403d-bb78-3cd7f9f75afd', 'usr_529');
INSERT INTO trabalho.log_acesso VALUES ('log_529_1_0', '7e429e8e-7669-403d-bb78-3cd7f9f75afd', 'usr_529');
INSERT INTO trabalho.log_acesso VALUES ('log_529_2_0', '7e429e8e-7669-403d-bb78-3cd7f9f75afd', 'usr_529');
INSERT INTO trabalho.log_acesso VALUES ('log_529_3_0', '7e429e8e-7669-403d-bb78-3cd7f9f75afd', 'usr_529');
INSERT INTO trabalho.log_acesso VALUES ('log_529_4_0', '7e429e8e-7669-403d-bb78-3cd7f9f75afd', 'usr_529');
INSERT INTO trabalho.log_acesso VALUES ('log_529_5_0', '7e429e8e-7669-403d-bb78-3cd7f9f75afd', 'usr_529');
INSERT INTO trabalho.log_acesso VALUES ('log_529_6_0', '7e429e8e-7669-403d-bb78-3cd7f9f75afd', 'usr_529');
INSERT INTO trabalho.usuario_esta_inscrito_no_podcast VALUES (4, '168c1536-4c42-4b8f-8c77-f06affefec6a', 'usr_529');
INSERT INTO trabalho.comentarios_podcast_usuario VALUES ('comment_529_0_1', 'Dolorum veritatis non illum porro minima quis odit numquam voluptas.', '168c1536-4c42-4b8f-8c77-f06affefec6a', 'usr_529');
INSERT INTO trabalho.comentarios_podcast_usuario VALUES ('comment_529_1_1', 'Non ducimus accusantium.', '168c1536-4c42-4b8f-8c77-f06affefec6a', 'usr_529');
INSERT INTO trabalho.comentarios_podcast_usuario VALUES ('comment_529_2_1', 'Pariatur eos quibusdam.', '168c1536-4c42-4b8f-8c77-f06affefec6a', 'usr_529');
INSERT INTO trabalho.log_acesso VALUES ('log_529_0_1', '168c1536-4c42-4b8f-8c77-f06affefec6a', 'usr_529');
INSERT INTO trabalho.log_acesso VALUES ('log_529_1_1', '168c1536-4c42-4b8f-8c77-f06affefec6a', 'usr_529');
INSERT INTO trabalho.log_acesso VALUES ('log_529_2_1', '168c1536-4c42-4b8f-8c77-f06affefec6a', 'usr_529');
INSERT INTO trabalho.log_acesso VALUES ('log_529_3_1', '168c1536-4c42-4b8f-8c77-f06affefec6a', 'usr_529');
INSERT INTO trabalho.usuario_esta_inscrito_no_podcast VALUES (5, 'af46a958-b921-47b6-9f87-5c4fdc68ea79', 'usr_529');
INSERT INTO trabalho.comentarios_podcast_usuario VALUES ('comment_529_0_2', 'Illum corrupti et voluptatem at laudantium quod sit alias.', 'af46a958-b921-47b6-9f87-5c4fdc68ea79', 'usr_529');
INSERT INTO trabalho.comentarios_podcast_usuario VALUES ('comment_529_1_2', 'Omnis blanditiis enim explicabo et.', 'af46a958-b921-47b6-9f87-5c4fdc68ea79', 'usr_529');
INSERT INTO trabalho.comentarios_podcast_usuario VALUES ('comment_529_2_2', 'Officiis dignissimos odio molestiae tempora qui dolores perspiciatis veritatis.', 'af46a958-b921-47b6-9f87-5c4fdc68ea79', 'usr_529');
INSERT INTO trabalho.log_acesso VALUES ('log_529_0_2', 'af46a958-b921-47b6-9f87-5c4fdc68ea79', 'usr_529');
INSERT INTO trabalho.log_acesso VALUES ('log_529_1_2', 'af46a958-b921-47b6-9f87-5c4fdc68ea79', 'usr_529');
INSERT INTO trabalho.usuario VALUES ('usr_530', '530_Lucas.Saraiva49@yahoo.com', 'Lucas Saraiva', 'male', 41, 'password', 'Paraguai');
INSERT INTO trabalho.usuario_esta_inscrito_no_podcast VALUES (1, '168c1536-4c42-4b8f-8c77-f06affefec6a', 'usr_530');
INSERT INTO trabalho.comentarios_podcast_usuario VALUES ('comment_530_0_0', 'Provident sit et fugiat blanditiis molestiae vero cumque delectus.', '168c1536-4c42-4b8f-8c77-f06affefec6a', 'usr_530');
INSERT INTO trabalho.comentarios_podcast_usuario VALUES ('comment_530_1_0', 'Suscipit pariatur sed doloremque et quam.', '168c1536-4c42-4b8f-8c77-f06affefec6a', 'usr_530');
INSERT INTO trabalho.comentarios_podcast_usuario VALUES ('comment_530_2_0', 'Non distinctio iure nemo dolorum dolores temporibus beatae est voluptates.', '168c1536-4c42-4b8f-8c77-f06affefec6a', 'usr_530');
INSERT INTO trabalho.log_acesso VALUES ('log_530_0_0', '168c1536-4c42-4b8f-8c77-f06affefec6a', 'usr_530');
INSERT INTO trabalho.log_acesso VALUES ('log_530_1_0', '168c1536-4c42-4b8f-8c77-f06affefec6a', 'usr_530');
INSERT INTO trabalho.log_acesso VALUES ('log_530_2_0', '168c1536-4c42-4b8f-8c77-f06affefec6a', 'usr_530');
INSERT INTO trabalho.log_acesso VALUES ('log_530_3_0', '168c1536-4c42-4b8f-8c77-f06affefec6a', 'usr_530');
INSERT INTO trabalho.log_acesso VALUES ('log_530_4_0', '168c1536-4c42-4b8f-8c77-f06affefec6a', 'usr_530');
INSERT INTO trabalho.usuario_esta_inscrito_no_podcast VALUES (1, 'f1b92ce7-47a7-43cd-8586-4a09185cdd05', 'usr_530');
INSERT INTO trabalho.comentarios_podcast_usuario VALUES ('comment_530_0_1', 'Eveniet quia aperiam voluptates.', 'f1b92ce7-47a7-43cd-8586-4a09185cdd05', 'usr_530');
INSERT INTO trabalho.comentarios_podcast_usuario VALUES ('comment_530_1_1', 'Quisquam modi velit placeat ea architecto et omnis.', 'f1b92ce7-47a7-43cd-8586-4a09185cdd05', 'usr_530');
INSERT INTO trabalho.comentarios_podcast_usuario VALUES ('comment_530_2_1', 'Rem vero labore laudantium magni.', 'f1b92ce7-47a7-43cd-8586-4a09185cdd05', 'usr_530');
INSERT INTO trabalho.log_acesso VALUES ('log_530_0_1', 'f1b92ce7-47a7-43cd-8586-4a09185cdd05', 'usr_530');
INSERT INTO trabalho.log_acesso VALUES ('log_530_1_1', 'f1b92ce7-47a7-43cd-8586-4a09185cdd05', 'usr_530');
INSERT INTO trabalho.log_acesso VALUES ('log_530_2_1', 'f1b92ce7-47a7-43cd-8586-4a09185cdd05', 'usr_530');
INSERT INTO trabalho.log_acesso VALUES ('log_530_3_1', 'f1b92ce7-47a7-43cd-8586-4a09185cdd05', 'usr_530');
INSERT INTO trabalho.log_acesso VALUES ('log_530_4_1', 'f1b92ce7-47a7-43cd-8586-4a09185cdd05', 'usr_530');
INSERT INTO trabalho.log_acesso VALUES ('log_530_5_1', 'f1b92ce7-47a7-43cd-8586-4a09185cdd05', 'usr_530');
INSERT INTO trabalho.usuario_esta_inscrito_no_podcast VALUES (0, 'fa3abe16-3645-4d22-a01d-893e6f20c408', 'usr_530');
INSERT INTO trabalho.comentarios_podcast_usuario VALUES ('comment_530_0_2', 'Corporis sapiente tempore quisquam et ipsam fugiat necessitatibus.', 'fa3abe16-3645-4d22-a01d-893e6f20c408', 'usr_530');
INSERT INTO trabalho.comentarios_podcast_usuario VALUES ('comment_530_1_2', 'Et autem et sit atque perferendis.', 'fa3abe16-3645-4d22-a01d-893e6f20c408', 'usr_530');
INSERT INTO trabalho.comentarios_podcast_usuario VALUES ('comment_530_2_2', 'Iste provident accusamus provident dolorem necessitatibus consequatur quaerat qui voluptates.', 'fa3abe16-3645-4d22-a01d-893e6f20c408', 'usr_530');
INSERT INTO trabalho.log_acesso VALUES ('log_530_0_2', 'fa3abe16-3645-4d22-a01d-893e6f20c408', 'usr_530');
INSERT INTO trabalho.log_acesso VALUES ('log_530_1_2', 'fa3abe16-3645-4d22-a01d-893e6f20c408', 'usr_530');
INSERT INTO trabalho.log_acesso VALUES ('log_530_2_2', 'fa3abe16-3645-4d22-a01d-893e6f20c408', 'usr_530');
INSERT INTO trabalho.log_acesso VALUES ('log_530_3_2', 'fa3abe16-3645-4d22-a01d-893e6f20c408', 'usr_530');
INSERT INTO trabalho.log_acesso VALUES ('log_530_4_2', 'fa3abe16-3645-4d22-a01d-893e6f20c408', 'usr_530');
INSERT INTO trabalho.usuario VALUES ('usr_531', '531_Natlia63@yahoo.com', 'Natália Barros', 'female', 0, 'password', 'Noruega');
INSERT INTO trabalho.usuario_esta_inscrito_no_podcast VALUES (3, 'b553d865-8fe2-47de-9a30-10e1dea3bd1d', 'usr_531');
INSERT INTO trabalho.comentarios_podcast_usuario VALUES ('comment_531_0_0', 'Et est praesentium dolor.', 'b553d865-8fe2-47de-9a30-10e1dea3bd1d', 'usr_531');
INSERT INTO trabalho.comentarios_podcast_usuario VALUES ('comment_531_1_0', 'Consequatur quia eligendi.', 'b553d865-8fe2-47de-9a30-10e1dea3bd1d', 'usr_531');
INSERT INTO trabalho.log_acesso VALUES ('log_531_0_0', 'b553d865-8fe2-47de-9a30-10e1dea3bd1d', 'usr_531');
INSERT INTO trabalho.log_acesso VALUES ('log_531_1_0', 'b553d865-8fe2-47de-9a30-10e1dea3bd1d', 'usr_531');
INSERT INTO trabalho.usuario_esta_inscrito_no_podcast VALUES (0, 'bc8dac25-793c-4a96-aafc-4ea7020f4f60', 'usr_531');
INSERT INTO trabalho.comentarios_podcast_usuario VALUES ('comment_531_0_1', 'Sit rerum laborum aliquid provident.', 'bc8dac25-793c-4a96-aafc-4ea7020f4f60', 'usr_531');
INSERT INTO trabalho.log_acesso VALUES ('log_531_0_1', 'bc8dac25-793c-4a96-aafc-4ea7020f4f60', 'usr_531');
INSERT INTO trabalho.log_acesso VALUES ('log_531_1_1', 'bc8dac25-793c-4a96-aafc-4ea7020f4f60', 'usr_531');
INSERT INTO trabalho.log_acesso VALUES ('log_531_2_1', 'bc8dac25-793c-4a96-aafc-4ea7020f4f60', 'usr_531');
INSERT INTO trabalho.usuario_esta_inscrito_no_podcast VALUES (3, '67074e68-bc2f-442b-8af2-7d328b6af6eb', 'usr_531');
INSERT INTO trabalho.comentarios_podcast_usuario VALUES ('comment_531_0_2', 'Quas ratione quia dolor nulla et hic perspiciatis cum.', '67074e68-bc2f-442b-8af2-7d328b6af6eb', 'usr_531');
INSERT INTO trabalho.comentarios_podcast_usuario VALUES ('comment_531_1_2', 'Possimus modi magni minima inventore eaque nostrum iure est.', '67074e68-bc2f-442b-8af2-7d328b6af6eb', 'usr_531');
INSERT INTO trabalho.comentarios_podcast_usuario VALUES ('comment_531_2_2', 'Facilis asperiores sunt eligendi veniam perspiciatis iusto.', '67074e68-bc2f-442b-8af2-7d328b6af6eb', 'usr_531');
INSERT INTO trabalho.comentarios_podcast_usuario VALUES ('comment_531_3_2', 'Aliquid amet et ut velit dolores et esse.', '67074e68-bc2f-442b-8af2-7d328b6af6eb', 'usr_531');
INSERT INTO trabalho.comentarios_podcast_usuario VALUES ('comment_531_4_2', 'Fuga aut sunt odio quae amet dolorum.', '67074e68-bc2f-442b-8af2-7d328b6af6eb', 'usr_531');
INSERT INTO trabalho.log_acesso VALUES ('log_531_0_2', '67074e68-bc2f-442b-8af2-7d328b6af6eb', 'usr_531');
INSERT INTO trabalho.log_acesso VALUES ('log_531_1_2', '67074e68-bc2f-442b-8af2-7d328b6af6eb', 'usr_531');
INSERT INTO trabalho.log_acesso VALUES ('log_531_2_2', '67074e68-bc2f-442b-8af2-7d328b6af6eb', 'usr_531');
INSERT INTO trabalho.usuario VALUES ('usr_532', '532_Isabella.Carvalho67@bol.com.br', 'Isabella Carvalho', 'female', 29, 'password', 'Cabo Verde');
INSERT INTO trabalho.usuario_esta_inscrito_no_podcast VALUES (0, '7e429e8e-7669-403d-bb78-3cd7f9f75afd', 'usr_532');
INSERT INTO trabalho.comentarios_podcast_usuario VALUES ('comment_532_0_0', 'Ut tempore et sed recusandae dicta et non voluptatibus laudantium.', '7e429e8e-7669-403d-bb78-3cd7f9f75afd', 'usr_532');
INSERT INTO trabalho.comentarios_podcast_usuario VALUES ('comment_532_1_0', 'Molestias dolorum necessitatibus pariatur et.', '7e429e8e-7669-403d-bb78-3cd7f9f75afd', 'usr_532');
INSERT INTO trabalho.log_acesso VALUES ('log_532_0_0', '7e429e8e-7669-403d-bb78-3cd7f9f75afd', 'usr_532');
INSERT INTO trabalho.log_acesso VALUES ('log_532_1_0', '7e429e8e-7669-403d-bb78-3cd7f9f75afd', 'usr_532');
INSERT INTO trabalho.log_acesso VALUES ('log_532_2_0', '7e429e8e-7669-403d-bb78-3cd7f9f75afd', 'usr_532');
INSERT INTO trabalho.log_acesso VALUES ('log_532_3_0', '7e429e8e-7669-403d-bb78-3cd7f9f75afd', 'usr_532');
INSERT INTO trabalho.log_acesso VALUES ('log_532_4_0', '7e429e8e-7669-403d-bb78-3cd7f9f75afd', 'usr_532');
INSERT INTO trabalho.log_acesso VALUES ('log_532_5_0', '7e429e8e-7669-403d-bb78-3cd7f9f75afd', 'usr_532');
INSERT INTO trabalho.usuario_esta_inscrito_no_podcast VALUES (2, 'f8e13774-d631-4f34-93f0-2f5d55590265', 'usr_532');
INSERT INTO trabalho.comentarios_podcast_usuario VALUES ('comment_532_0_1', 'Aliquam iure alias dolorem.', 'f8e13774-d631-4f34-93f0-2f5d55590265', 'usr_532');
INSERT INTO trabalho.comentarios_podcast_usuario VALUES ('comment_532_1_1', 'Delectus esse et iste eum rerum ex ea.', 'f8e13774-d631-4f34-93f0-2f5d55590265', 'usr_532');
INSERT INTO trabalho.comentarios_podcast_usuario VALUES ('comment_532_2_1', 'Quasi illo beatae minima placeat.', 'f8e13774-d631-4f34-93f0-2f5d55590265', 'usr_532');
INSERT INTO trabalho.comentarios_podcast_usuario VALUES ('comment_532_3_1', 'Adipisci amet aspernatur qui minima.', 'f8e13774-d631-4f34-93f0-2f5d55590265', 'usr_532');
INSERT INTO trabalho.comentarios_podcast_usuario VALUES ('comment_532_4_1', 'Ut sapiente est veritatis et omnis sequi placeat est.', 'f8e13774-d631-4f34-93f0-2f5d55590265', 'usr_532');
INSERT INTO trabalho.log_acesso VALUES ('log_532_0_1', 'f8e13774-d631-4f34-93f0-2f5d55590265', 'usr_532');
INSERT INTO trabalho.log_acesso VALUES ('log_532_1_1', 'f8e13774-d631-4f34-93f0-2f5d55590265', 'usr_532');
INSERT INTO trabalho.log_acesso VALUES ('log_532_2_1', 'f8e13774-d631-4f34-93f0-2f5d55590265', 'usr_532');
INSERT INTO trabalho.log_acesso VALUES ('log_532_3_1', 'f8e13774-d631-4f34-93f0-2f5d55590265', 'usr_532');
INSERT INTO trabalho.log_acesso VALUES ('log_532_4_1', 'f8e13774-d631-4f34-93f0-2f5d55590265', 'usr_532');
INSERT INTO trabalho.log_acesso VALUES ('log_532_5_1', 'f8e13774-d631-4f34-93f0-2f5d55590265', 'usr_532');
INSERT INTO trabalho.log_acesso VALUES ('log_532_6_1', 'f8e13774-d631-4f34-93f0-2f5d55590265', 'usr_532');
INSERT INTO trabalho.log_acesso VALUES ('log_532_7_1', 'f8e13774-d631-4f34-93f0-2f5d55590265', 'usr_532');
INSERT INTO trabalho.usuario_esta_inscrito_no_podcast VALUES (4, 'af46a958-b921-47b6-9f87-5c4fdc68ea79', 'usr_532');
INSERT INTO trabalho.comentarios_podcast_usuario VALUES ('comment_532_0_2', 'Hic et a consectetur illo quam eos sapiente magnam blanditiis.', 'af46a958-b921-47b6-9f87-5c4fdc68ea79', 'usr_532');
INSERT INTO trabalho.comentarios_podcast_usuario VALUES ('comment_532_1_2', 'Architecto est iure in vitae et blanditiis ea consequatur explicabo.', 'af46a958-b921-47b6-9f87-5c4fdc68ea79', 'usr_532');
INSERT INTO trabalho.comentarios_podcast_usuario VALUES ('comment_532_2_2', 'Neque et ut.', 'af46a958-b921-47b6-9f87-5c4fdc68ea79', 'usr_532');
INSERT INTO trabalho.log_acesso VALUES ('log_532_0_2', 'af46a958-b921-47b6-9f87-5c4fdc68ea79', 'usr_532');
INSERT INTO trabalho.log_acesso VALUES ('log_532_1_2', 'af46a958-b921-47b6-9f87-5c4fdc68ea79', 'usr_532');
INSERT INTO trabalho.usuario VALUES ('usr_533', '533_JooLucas_Oliveira58@gmail.com', 'João Lucas Oliveira', 'male', 49, 'password', 'Namibia');
INSERT INTO trabalho.usuario_esta_inscrito_no_podcast VALUES (1, '219328a1-cec6-4e8c-b003-52a3ec9766bb', 'usr_533');
INSERT INTO trabalho.comentarios_podcast_usuario VALUES ('comment_533_0_0', 'Ipsa aspernatur autem nesciunt aspernatur cumque.', '219328a1-cec6-4e8c-b003-52a3ec9766bb', 'usr_533');
INSERT INTO trabalho.comentarios_podcast_usuario VALUES ('comment_533_1_0', 'Maxime quidem nemo vero quam eos sunt ut.', '219328a1-cec6-4e8c-b003-52a3ec9766bb', 'usr_533');
INSERT INTO trabalho.comentarios_podcast_usuario VALUES ('comment_533_2_0', 'Voluptatem inventore eveniet ea ipsum.', '219328a1-cec6-4e8c-b003-52a3ec9766bb', 'usr_533');
INSERT INTO trabalho.log_acesso VALUES ('log_533_0_0', '219328a1-cec6-4e8c-b003-52a3ec9766bb', 'usr_533');
INSERT INTO trabalho.usuario_esta_inscrito_no_podcast VALUES (0, 'de2f0ddb-9903-436a-a5e2-54224254c818', 'usr_533');
INSERT INTO trabalho.comentarios_podcast_usuario VALUES ('comment_533_0_1', 'Rem a odio.', 'de2f0ddb-9903-436a-a5e2-54224254c818', 'usr_533');
INSERT INTO trabalho.comentarios_podcast_usuario VALUES ('comment_533_1_1', 'Et eveniet voluptas.', 'de2f0ddb-9903-436a-a5e2-54224254c818', 'usr_533');
INSERT INTO trabalho.comentarios_podcast_usuario VALUES ('comment_533_2_1', 'Aut eius et cupiditate et ut.', 'de2f0ddb-9903-436a-a5e2-54224254c818', 'usr_533');
INSERT INTO trabalho.log_acesso VALUES ('log_533_0_1', 'de2f0ddb-9903-436a-a5e2-54224254c818', 'usr_533');
INSERT INTO trabalho.log_acesso VALUES ('log_533_1_1', 'de2f0ddb-9903-436a-a5e2-54224254c818', 'usr_533');
INSERT INTO trabalho.usuario_esta_inscrito_no_podcast VALUES (0, 'c58b280a-56d4-4ad8-8c85-730e4ea86361', 'usr_533');
INSERT INTO trabalho.comentarios_podcast_usuario VALUES ('comment_533_0_2', 'Illo illum architecto minus optio assumenda at occaecati labore.', 'c58b280a-56d4-4ad8-8c85-730e4ea86361', 'usr_533');
INSERT INTO trabalho.comentarios_podcast_usuario VALUES ('comment_533_1_2', 'Vitae possimus molestiae amet qui praesentium nesciunt error exercitationem.', 'c58b280a-56d4-4ad8-8c85-730e4ea86361', 'usr_533');
INSERT INTO trabalho.comentarios_podcast_usuario VALUES ('comment_533_2_2', 'Aut nam veniam.', 'c58b280a-56d4-4ad8-8c85-730e4ea86361', 'usr_533');
INSERT INTO trabalho.comentarios_podcast_usuario VALUES ('comment_533_3_2', 'Tempora omnis sit vitae ea.', 'c58b280a-56d4-4ad8-8c85-730e4ea86361', 'usr_533');
INSERT INTO trabalho.log_acesso VALUES ('log_533_0_2', 'c58b280a-56d4-4ad8-8c85-730e4ea86361', 'usr_533');
INSERT INTO trabalho.log_acesso VALUES ('log_533_1_2', 'c58b280a-56d4-4ad8-8c85-730e4ea86361', 'usr_533');
INSERT INTO trabalho.log_acesso VALUES ('log_533_2_2', 'c58b280a-56d4-4ad8-8c85-730e4ea86361', 'usr_533');
INSERT INTO trabalho.log_acesso VALUES ('log_533_3_2', 'c58b280a-56d4-4ad8-8c85-730e4ea86361', 'usr_533');
INSERT INTO trabalho.log_acesso VALUES ('log_533_4_2', 'c58b280a-56d4-4ad8-8c85-730e4ea86361', 'usr_533');
INSERT INTO trabalho.usuario VALUES ('usr_534', '534_Luiza.Xavier@bol.com.br', 'Luiza Xavier', 'female', 51, 'password', 'Gana');
INSERT INTO trabalho.usuario_esta_inscrito_no_podcast VALUES (0, '168c1536-4c42-4b8f-8c77-f06affefec6a', 'usr_534');
INSERT INTO trabalho.comentarios_podcast_usuario VALUES ('comment_534_0_0', 'Natus modi dolore.', '168c1536-4c42-4b8f-8c77-f06affefec6a', 'usr_534');
INSERT INTO trabalho.comentarios_podcast_usuario VALUES ('comment_534_1_0', 'Eius laboriosam similique et est consequatur in.', '168c1536-4c42-4b8f-8c77-f06affefec6a', 'usr_534');
INSERT INTO trabalho.comentarios_podcast_usuario VALUES ('comment_534_2_0', 'Soluta et sed quia nostrum cupiditate pariatur repellendus.', '168c1536-4c42-4b8f-8c77-f06affefec6a', 'usr_534');
INSERT INTO trabalho.log_acesso VALUES ('log_534_0_0', '168c1536-4c42-4b8f-8c77-f06affefec6a', 'usr_534');
INSERT INTO trabalho.log_acesso VALUES ('log_534_1_0', '168c1536-4c42-4b8f-8c77-f06affefec6a', 'usr_534');
INSERT INTO trabalho.log_acesso VALUES ('log_534_2_0', '168c1536-4c42-4b8f-8c77-f06affefec6a', 'usr_534');
INSERT INTO trabalho.log_acesso VALUES ('log_534_3_0', '168c1536-4c42-4b8f-8c77-f06affefec6a', 'usr_534');
INSERT INTO trabalho.usuario_esta_inscrito_no_podcast VALUES (2, '219328a1-cec6-4e8c-b003-52a3ec9766bb', 'usr_534');
INSERT INTO trabalho.comentarios_podcast_usuario VALUES ('comment_534_0_1', 'Numquam inventore praesentium ut.', '219328a1-cec6-4e8c-b003-52a3ec9766bb', 'usr_534');
INSERT INTO trabalho.comentarios_podcast_usuario VALUES ('comment_534_1_1', 'Veritatis consequatur repellendus cupiditate eos repellat vitae quia.', '219328a1-cec6-4e8c-b003-52a3ec9766bb', 'usr_534');
INSERT INTO trabalho.comentarios_podcast_usuario VALUES ('comment_534_2_1', 'Voluptas quisquam sit dolor aut suscipit ipsam dolorum et laboriosam.', '219328a1-cec6-4e8c-b003-52a3ec9766bb', 'usr_534');
INSERT INTO trabalho.comentarios_podcast_usuario VALUES ('comment_534_3_1', 'Beatae dignissimos qui rem vero dolores ut maxime repudiandae.', '219328a1-cec6-4e8c-b003-52a3ec9766bb', 'usr_534');
INSERT INTO trabalho.log_acesso VALUES ('log_534_0_1', '219328a1-cec6-4e8c-b003-52a3ec9766bb', 'usr_534');
INSERT INTO trabalho.usuario_esta_inscrito_no_podcast VALUES (1, '7e429e8e-7669-403d-bb78-3cd7f9f75afd', 'usr_534');
INSERT INTO trabalho.comentarios_podcast_usuario VALUES ('comment_534_0_2', 'Accusantium facilis qui nulla eius facilis.', '7e429e8e-7669-403d-bb78-3cd7f9f75afd', 'usr_534');
INSERT INTO trabalho.comentarios_podcast_usuario VALUES ('comment_534_1_2', 'Aspernatur officia corrupti fuga.', '7e429e8e-7669-403d-bb78-3cd7f9f75afd', 'usr_534');
INSERT INTO trabalho.comentarios_podcast_usuario VALUES ('comment_534_2_2', 'Pariatur dolorem quia in labore tenetur temporibus aut quisquam animi.', '7e429e8e-7669-403d-bb78-3cd7f9f75afd', 'usr_534');
INSERT INTO trabalho.comentarios_podcast_usuario VALUES ('comment_534_3_2', 'Vitae possimus velit placeat molestiae.', '7e429e8e-7669-403d-bb78-3cd7f9f75afd', 'usr_534');
INSERT INTO trabalho.comentarios_podcast_usuario VALUES ('comment_534_4_2', 'At nesciunt enim qui.', '7e429e8e-7669-403d-bb78-3cd7f9f75afd', 'usr_534');
INSERT INTO trabalho.log_acesso VALUES ('log_534_0_2', '7e429e8e-7669-403d-bb78-3cd7f9f75afd', 'usr_534');
INSERT INTO trabalho.log_acesso VALUES ('log_534_1_2', '7e429e8e-7669-403d-bb78-3cd7f9f75afd', 'usr_534');
INSERT INTO trabalho.log_acesso VALUES ('log_534_2_2', '7e429e8e-7669-403d-bb78-3cd7f9f75afd', 'usr_534');
INSERT INTO trabalho.log_acesso VALUES ('log_534_3_2', '7e429e8e-7669-403d-bb78-3cd7f9f75afd', 'usr_534');
INSERT INTO trabalho.log_acesso VALUES ('log_534_4_2', '7e429e8e-7669-403d-bb78-3cd7f9f75afd', 'usr_534');
INSERT INTO trabalho.usuario VALUES ('usr_535', '535_Breno40@hotmail.com', 'Breno Moreira', 'male', 52, 'password', 'Costa do Marfim');
INSERT INTO trabalho.usuario_esta_inscrito_no_podcast VALUES (3, 'c58b280a-56d4-4ad8-8c85-730e4ea86361', 'usr_535');
INSERT INTO trabalho.comentarios_podcast_usuario VALUES ('comment_535_0_0', 'Provident molestias iusto et.', 'c58b280a-56d4-4ad8-8c85-730e4ea86361', 'usr_535');
INSERT INTO trabalho.comentarios_podcast_usuario VALUES ('comment_535_1_0', 'Et ratione eum ipsam.', 'c58b280a-56d4-4ad8-8c85-730e4ea86361', 'usr_535');
INSERT INTO trabalho.comentarios_podcast_usuario VALUES ('comment_535_2_0', 'Quas aut est hic dolore voluptas nam.', 'c58b280a-56d4-4ad8-8c85-730e4ea86361', 'usr_535');
INSERT INTO trabalho.comentarios_podcast_usuario VALUES ('comment_535_3_0', 'Totam cum necessitatibus et atque sed autem sed ipsum.', 'c58b280a-56d4-4ad8-8c85-730e4ea86361', 'usr_535');
INSERT INTO trabalho.log_acesso VALUES ('log_535_0_0', 'c58b280a-56d4-4ad8-8c85-730e4ea86361', 'usr_535');
INSERT INTO trabalho.log_acesso VALUES ('log_535_1_0', 'c58b280a-56d4-4ad8-8c85-730e4ea86361', 'usr_535');
INSERT INTO trabalho.log_acesso VALUES ('log_535_2_0', 'c58b280a-56d4-4ad8-8c85-730e4ea86361', 'usr_535');
INSERT INTO trabalho.usuario_esta_inscrito_no_podcast VALUES (0, 'f1b92ce7-47a7-43cd-8586-4a09185cdd05', 'usr_535');
INSERT INTO trabalho.comentarios_podcast_usuario VALUES ('comment_535_0_1', 'Nemo est commodi sed adipisci cum.', 'f1b92ce7-47a7-43cd-8586-4a09185cdd05', 'usr_535');
INSERT INTO trabalho.comentarios_podcast_usuario VALUES ('comment_535_1_1', 'Excepturi voluptates sed ut aut quas corrupti.', 'f1b92ce7-47a7-43cd-8586-4a09185cdd05', 'usr_535');
INSERT INTO trabalho.comentarios_podcast_usuario VALUES ('comment_535_2_1', 'Laboriosam unde laborum fugit molestiae eum.', 'f1b92ce7-47a7-43cd-8586-4a09185cdd05', 'usr_535');
INSERT INTO trabalho.comentarios_podcast_usuario VALUES ('comment_535_3_1', 'Voluptate rem est voluptas voluptatem et velit.', 'f1b92ce7-47a7-43cd-8586-4a09185cdd05', 'usr_535');
INSERT INTO trabalho.comentarios_podcast_usuario VALUES ('comment_535_4_1', 'Autem cumque suscipit provident incidunt assumenda.', 'f1b92ce7-47a7-43cd-8586-4a09185cdd05', 'usr_535');
INSERT INTO trabalho.log_acesso VALUES ('log_535_0_1', 'f1b92ce7-47a7-43cd-8586-4a09185cdd05', 'usr_535');
INSERT INTO trabalho.log_acesso VALUES ('log_535_1_1', 'f1b92ce7-47a7-43cd-8586-4a09185cdd05', 'usr_535');
INSERT INTO trabalho.log_acesso VALUES ('log_535_2_1', 'f1b92ce7-47a7-43cd-8586-4a09185cdd05', 'usr_535');
INSERT INTO trabalho.usuario_esta_inscrito_no_podcast VALUES (0, 'f0166bd2-8e4d-4308-b5d7-0b3d627c5dc5', 'usr_535');
INSERT INTO trabalho.comentarios_podcast_usuario VALUES ('comment_535_0_2', 'Officiis consequatur dolor exercitationem et veniam dignissimos neque consequuntur possimus.', 'f0166bd2-8e4d-4308-b5d7-0b3d627c5dc5', 'usr_535');
INSERT INTO trabalho.log_acesso VALUES ('log_535_0_2', 'f0166bd2-8e4d-4308-b5d7-0b3d627c5dc5', 'usr_535');
INSERT INTO trabalho.log_acesso VALUES ('log_535_1_2', 'f0166bd2-8e4d-4308-b5d7-0b3d627c5dc5', 'usr_535');
INSERT INTO trabalho.log_acesso VALUES ('log_535_2_2', 'f0166bd2-8e4d-4308-b5d7-0b3d627c5dc5', 'usr_535');
INSERT INTO trabalho.log_acesso VALUES ('log_535_3_2', 'f0166bd2-8e4d-4308-b5d7-0b3d627c5dc5', 'usr_535');
INSERT INTO trabalho.log_acesso VALUES ('log_535_4_2', 'f0166bd2-8e4d-4308-b5d7-0b3d627c5dc5', 'usr_535');
INSERT INTO trabalho.usuario VALUES ('usr_536', '536_Isabela.Batista@live.com', 'Isabela Batista', 'female', 42, 'password', 'Timor-Leste');
INSERT INTO trabalho.usuario_esta_inscrito_no_podcast VALUES (4, 'f0166bd2-8e4d-4308-b5d7-0b3d627c5dc5', 'usr_536');
INSERT INTO trabalho.comentarios_podcast_usuario VALUES ('comment_536_0_0', 'Asperiores occaecati sit illum optio velit velit ipsum eum.', 'f0166bd2-8e4d-4308-b5d7-0b3d627c5dc5', 'usr_536');
INSERT INTO trabalho.log_acesso VALUES ('log_536_0_0', 'f0166bd2-8e4d-4308-b5d7-0b3d627c5dc5', 'usr_536');
INSERT INTO trabalho.log_acesso VALUES ('log_536_1_0', 'f0166bd2-8e4d-4308-b5d7-0b3d627c5dc5', 'usr_536');
INSERT INTO trabalho.log_acesso VALUES ('log_536_2_0', 'f0166bd2-8e4d-4308-b5d7-0b3d627c5dc5', 'usr_536');
INSERT INTO trabalho.usuario_esta_inscrito_no_podcast VALUES (2, 'bc8dac25-793c-4a96-aafc-4ea7020f4f60', 'usr_536');
INSERT INTO trabalho.comentarios_podcast_usuario VALUES ('comment_536_0_1', 'Architecto iste quia nemo velit voluptatum ut hic.', 'bc8dac25-793c-4a96-aafc-4ea7020f4f60', 'usr_536');
INSERT INTO trabalho.comentarios_podcast_usuario VALUES ('comment_536_1_1', 'Rerum nihil nostrum.', 'bc8dac25-793c-4a96-aafc-4ea7020f4f60', 'usr_536');
INSERT INTO trabalho.comentarios_podcast_usuario VALUES ('comment_536_2_1', 'Odio laudantium dolor quae corporis atque expedita occaecati.', 'bc8dac25-793c-4a96-aafc-4ea7020f4f60', 'usr_536');
INSERT INTO trabalho.log_acesso VALUES ('log_536_0_1', 'bc8dac25-793c-4a96-aafc-4ea7020f4f60', 'usr_536');
INSERT INTO trabalho.log_acesso VALUES ('log_536_1_1', 'bc8dac25-793c-4a96-aafc-4ea7020f4f60', 'usr_536');
INSERT INTO trabalho.log_acesso VALUES ('log_536_2_1', 'bc8dac25-793c-4a96-aafc-4ea7020f4f60', 'usr_536');
INSERT INTO trabalho.log_acesso VALUES ('log_536_3_1', 'bc8dac25-793c-4a96-aafc-4ea7020f4f60', 'usr_536');
INSERT INTO trabalho.log_acesso VALUES ('log_536_4_1', 'bc8dac25-793c-4a96-aafc-4ea7020f4f60', 'usr_536');
INSERT INTO trabalho.log_acesso VALUES ('log_536_5_1', 'bc8dac25-793c-4a96-aafc-4ea7020f4f60', 'usr_536');
INSERT INTO trabalho.usuario_esta_inscrito_no_podcast VALUES (3, '168c1536-4c42-4b8f-8c77-f06affefec6a', 'usr_536');
INSERT INTO trabalho.comentarios_podcast_usuario VALUES ('comment_536_0_2', 'Voluptas voluptate dolor voluptas id qui porro tempora.', '168c1536-4c42-4b8f-8c77-f06affefec6a', 'usr_536');
INSERT INTO trabalho.comentarios_podcast_usuario VALUES ('comment_536_1_2', 'Culpa dolores rem iusto est.', '168c1536-4c42-4b8f-8c77-f06affefec6a', 'usr_536');
INSERT INTO trabalho.comentarios_podcast_usuario VALUES ('comment_536_2_2', 'Et impedit hic tempora assumenda.', '168c1536-4c42-4b8f-8c77-f06affefec6a', 'usr_536');
INSERT INTO trabalho.comentarios_podcast_usuario VALUES ('comment_536_3_2', 'Blanditiis ipsa ab placeat sint et magni quis sed cum.', '168c1536-4c42-4b8f-8c77-f06affefec6a', 'usr_536');
INSERT INTO trabalho.log_acesso VALUES ('log_536_0_2', '168c1536-4c42-4b8f-8c77-f06affefec6a', 'usr_536');
INSERT INTO trabalho.log_acesso VALUES ('log_536_1_2', '168c1536-4c42-4b8f-8c77-f06affefec6a', 'usr_536');
INSERT INTO trabalho.log_acesso VALUES ('log_536_2_2', '168c1536-4c42-4b8f-8c77-f06affefec6a', 'usr_536');
INSERT INTO trabalho.usuario VALUES ('usr_537', '537_AnaJlia34@bol.com.br', 'Ana Júlia Melo', 'female', 25, 'password', 'Eslováquia');
INSERT INTO trabalho.usuario_esta_inscrito_no_podcast VALUES (5, 'b553d865-8fe2-47de-9a30-10e1dea3bd1d', 'usr_537');
INSERT INTO trabalho.comentarios_podcast_usuario VALUES ('comment_537_0_0', 'Laudantium corporis aut sit error aut.', 'b553d865-8fe2-47de-9a30-10e1dea3bd1d', 'usr_537');
INSERT INTO trabalho.comentarios_podcast_usuario VALUES ('comment_537_1_0', 'Id magni voluptas sit qui.', 'b553d865-8fe2-47de-9a30-10e1dea3bd1d', 'usr_537');
INSERT INTO trabalho.comentarios_podcast_usuario VALUES ('comment_537_2_0', 'Quis quo natus non voluptatem voluptate dignissimos unde ipsam.', 'b553d865-8fe2-47de-9a30-10e1dea3bd1d', 'usr_537');
INSERT INTO trabalho.comentarios_podcast_usuario VALUES ('comment_537_3_0', 'Delectus autem eos quia.', 'b553d865-8fe2-47de-9a30-10e1dea3bd1d', 'usr_537');
INSERT INTO trabalho.log_acesso VALUES ('log_537_0_0', 'b553d865-8fe2-47de-9a30-10e1dea3bd1d', 'usr_537');
INSERT INTO trabalho.log_acesso VALUES ('log_537_1_0', 'b553d865-8fe2-47de-9a30-10e1dea3bd1d', 'usr_537');
INSERT INTO trabalho.log_acesso VALUES ('log_537_2_0', 'b553d865-8fe2-47de-9a30-10e1dea3bd1d', 'usr_537');
INSERT INTO trabalho.usuario_esta_inscrito_no_podcast VALUES (0, '5bdf7377-8330-4f9f-8efd-e95301c122ce', 'usr_537');
INSERT INTO trabalho.comentarios_podcast_usuario VALUES ('comment_537_0_1', 'Veniam et omnis.', '5bdf7377-8330-4f9f-8efd-e95301c122ce', 'usr_537');
INSERT INTO trabalho.log_acesso VALUES ('log_537_0_1', '5bdf7377-8330-4f9f-8efd-e95301c122ce', 'usr_537');
INSERT INTO trabalho.log_acesso VALUES ('log_537_1_1', '5bdf7377-8330-4f9f-8efd-e95301c122ce', 'usr_537');
INSERT INTO trabalho.log_acesso VALUES ('log_537_2_1', '5bdf7377-8330-4f9f-8efd-e95301c122ce', 'usr_537');
INSERT INTO trabalho.log_acesso VALUES ('log_537_3_1', '5bdf7377-8330-4f9f-8efd-e95301c122ce', 'usr_537');
INSERT INTO trabalho.usuario_esta_inscrito_no_podcast VALUES (5, 'f0166bd2-8e4d-4308-b5d7-0b3d627c5dc5', 'usr_537');
INSERT INTO trabalho.comentarios_podcast_usuario VALUES ('comment_537_0_2', 'Saepe culpa omnis distinctio sunt.', 'f0166bd2-8e4d-4308-b5d7-0b3d627c5dc5', 'usr_537');
INSERT INTO trabalho.comentarios_podcast_usuario VALUES ('comment_537_1_2', 'Eum aliquid optio labore quae ea.', 'f0166bd2-8e4d-4308-b5d7-0b3d627c5dc5', 'usr_537');
INSERT INTO trabalho.comentarios_podcast_usuario VALUES ('comment_537_2_2', 'Impedit vitae est.', 'f0166bd2-8e4d-4308-b5d7-0b3d627c5dc5', 'usr_537');
INSERT INTO trabalho.comentarios_podcast_usuario VALUES ('comment_537_3_2', 'Soluta omnis natus.', 'f0166bd2-8e4d-4308-b5d7-0b3d627c5dc5', 'usr_537');
INSERT INTO trabalho.log_acesso VALUES ('log_537_0_2', 'f0166bd2-8e4d-4308-b5d7-0b3d627c5dc5', 'usr_537');
INSERT INTO trabalho.log_acesso VALUES ('log_537_1_2', 'f0166bd2-8e4d-4308-b5d7-0b3d627c5dc5', 'usr_537');
INSERT INTO trabalho.log_acesso VALUES ('log_537_2_2', 'f0166bd2-8e4d-4308-b5d7-0b3d627c5dc5', 'usr_537');
INSERT INTO trabalho.log_acesso VALUES ('log_537_3_2', 'f0166bd2-8e4d-4308-b5d7-0b3d627c5dc5', 'usr_537');
INSERT INTO trabalho.usuario VALUES ('usr_538', '538_Paulo.Franco55@yahoo.com', 'Paulo Franco', 'male', 55, 'password', 'Estados Unidos da América');
INSERT INTO trabalho.usuario_esta_inscrito_no_podcast VALUES (5, 'f8e13774-d631-4f34-93f0-2f5d55590265', 'usr_538');
INSERT INTO trabalho.comentarios_podcast_usuario VALUES ('comment_538_0_0', 'Amet et voluptatibus non nihil rem mollitia non veniam.', 'f8e13774-d631-4f34-93f0-2f5d55590265', 'usr_538');
INSERT INTO trabalho.comentarios_podcast_usuario VALUES ('comment_538_1_0', 'Possimus aliquid dolores.', 'f8e13774-d631-4f34-93f0-2f5d55590265', 'usr_538');
INSERT INTO trabalho.log_acesso VALUES ('log_538_0_0', 'f8e13774-d631-4f34-93f0-2f5d55590265', 'usr_538');
INSERT INTO trabalho.log_acesso VALUES ('log_538_1_0', 'f8e13774-d631-4f34-93f0-2f5d55590265', 'usr_538');
INSERT INTO trabalho.log_acesso VALUES ('log_538_2_0', 'f8e13774-d631-4f34-93f0-2f5d55590265', 'usr_538');
INSERT INTO trabalho.log_acesso VALUES ('log_538_3_0', 'f8e13774-d631-4f34-93f0-2f5d55590265', 'usr_538');
INSERT INTO trabalho.log_acesso VALUES ('log_538_4_0', 'f8e13774-d631-4f34-93f0-2f5d55590265', 'usr_538');
INSERT INTO trabalho.log_acesso VALUES ('log_538_5_0', 'f8e13774-d631-4f34-93f0-2f5d55590265', 'usr_538');
INSERT INTO trabalho.usuario_esta_inscrito_no_podcast VALUES (0, '219328a1-cec6-4e8c-b003-52a3ec9766bb', 'usr_538');
INSERT INTO trabalho.comentarios_podcast_usuario VALUES ('comment_538_0_1', 'Dolores aspernatur molestiae.', '219328a1-cec6-4e8c-b003-52a3ec9766bb', 'usr_538');
INSERT INTO trabalho.comentarios_podcast_usuario VALUES ('comment_538_1_1', 'Aut aut sed eaque sunt necessitatibus autem autem voluptatem.', '219328a1-cec6-4e8c-b003-52a3ec9766bb', 'usr_538');
INSERT INTO trabalho.log_acesso VALUES ('log_538_0_1', '219328a1-cec6-4e8c-b003-52a3ec9766bb', 'usr_538');
INSERT INTO trabalho.log_acesso VALUES ('log_538_1_1', '219328a1-cec6-4e8c-b003-52a3ec9766bb', 'usr_538');
INSERT INTO trabalho.usuario_esta_inscrito_no_podcast VALUES (1, '168c1536-4c42-4b8f-8c77-f06affefec6a', 'usr_538');
INSERT INTO trabalho.comentarios_podcast_usuario VALUES ('comment_538_0_2', 'Quia rem sapiente enim quis asperiores nesciunt.', '168c1536-4c42-4b8f-8c77-f06affefec6a', 'usr_538');
INSERT INTO trabalho.comentarios_podcast_usuario VALUES ('comment_538_1_2', 'Quia consequuntur voluptates delectus eius aut ducimus.', '168c1536-4c42-4b8f-8c77-f06affefec6a', 'usr_538');
INSERT INTO trabalho.comentarios_podcast_usuario VALUES ('comment_538_2_2', 'Eius provident aliquid eaque quasi culpa minus aperiam quis deserunt.', '168c1536-4c42-4b8f-8c77-f06affefec6a', 'usr_538');
INSERT INTO trabalho.comentarios_podcast_usuario VALUES ('comment_538_3_2', 'Qui dicta voluptatem rerum.', '168c1536-4c42-4b8f-8c77-f06affefec6a', 'usr_538');
INSERT INTO trabalho.log_acesso VALUES ('log_538_0_2', '168c1536-4c42-4b8f-8c77-f06affefec6a', 'usr_538');
INSERT INTO trabalho.log_acesso VALUES ('log_538_1_2', '168c1536-4c42-4b8f-8c77-f06affefec6a', 'usr_538');
INSERT INTO trabalho.log_acesso VALUES ('log_538_2_2', '168c1536-4c42-4b8f-8c77-f06affefec6a', 'usr_538');
INSERT INTO trabalho.usuario VALUES ('usr_539', '539_Janana73@bol.com.br', 'Janaína Moraes', 'female', 16, 'password', 'Índia');
INSERT INTO trabalho.usuario_esta_inscrito_no_podcast VALUES (5, 'f8e13774-d631-4f34-93f0-2f5d55590265', 'usr_539');
INSERT INTO trabalho.comentarios_podcast_usuario VALUES ('comment_539_0_0', 'Numquam blanditiis qui iste maxime consequatur dicta autem.', 'f8e13774-d631-4f34-93f0-2f5d55590265', 'usr_539');
INSERT INTO trabalho.log_acesso VALUES ('log_539_0_0', 'f8e13774-d631-4f34-93f0-2f5d55590265', 'usr_539');
INSERT INTO trabalho.log_acesso VALUES ('log_539_1_0', 'f8e13774-d631-4f34-93f0-2f5d55590265', 'usr_539');
INSERT INTO trabalho.log_acesso VALUES ('log_539_2_0', 'f8e13774-d631-4f34-93f0-2f5d55590265', 'usr_539');
INSERT INTO trabalho.log_acesso VALUES ('log_539_3_0', 'f8e13774-d631-4f34-93f0-2f5d55590265', 'usr_539');
INSERT INTO trabalho.usuario_esta_inscrito_no_podcast VALUES (1, 'bc8dac25-793c-4a96-aafc-4ea7020f4f60', 'usr_539');
INSERT INTO trabalho.comentarios_podcast_usuario VALUES ('comment_539_0_1', 'Accusantium rerum voluptatem alias ullam dolorem et nesciunt laudantium.', 'bc8dac25-793c-4a96-aafc-4ea7020f4f60', 'usr_539');
INSERT INTO trabalho.comentarios_podcast_usuario VALUES ('comment_539_1_1', 'Aut culpa fugit esse et dolorem maiores illo nihil.', 'bc8dac25-793c-4a96-aafc-4ea7020f4f60', 'usr_539');
INSERT INTO trabalho.comentarios_podcast_usuario VALUES ('comment_539_2_1', 'Odit assumenda est atque accusantium labore velit sequi.', 'bc8dac25-793c-4a96-aafc-4ea7020f4f60', 'usr_539');
INSERT INTO trabalho.comentarios_podcast_usuario VALUES ('comment_539_3_1', 'Delectus asperiores est consectetur sit.', 'bc8dac25-793c-4a96-aafc-4ea7020f4f60', 'usr_539');
INSERT INTO trabalho.comentarios_podcast_usuario VALUES ('comment_539_4_1', 'Repudiandae omnis qui fuga natus.', 'bc8dac25-793c-4a96-aafc-4ea7020f4f60', 'usr_539');
INSERT INTO trabalho.log_acesso VALUES ('log_539_0_1', 'bc8dac25-793c-4a96-aafc-4ea7020f4f60', 'usr_539');
INSERT INTO trabalho.log_acesso VALUES ('log_539_1_1', 'bc8dac25-793c-4a96-aafc-4ea7020f4f60', 'usr_539');
INSERT INTO trabalho.log_acesso VALUES ('log_539_2_1', 'bc8dac25-793c-4a96-aafc-4ea7020f4f60', 'usr_539');
INSERT INTO trabalho.log_acesso VALUES ('log_539_3_1', 'bc8dac25-793c-4a96-aafc-4ea7020f4f60', 'usr_539');
INSERT INTO trabalho.log_acesso VALUES ('log_539_4_1', 'bc8dac25-793c-4a96-aafc-4ea7020f4f60', 'usr_539');
INSERT INTO trabalho.log_acesso VALUES ('log_539_5_1', 'bc8dac25-793c-4a96-aafc-4ea7020f4f60', 'usr_539');
INSERT INTO trabalho.log_acesso VALUES ('log_539_6_1', 'bc8dac25-793c-4a96-aafc-4ea7020f4f60', 'usr_539');
INSERT INTO trabalho.log_acesso VALUES ('log_539_7_1', 'bc8dac25-793c-4a96-aafc-4ea7020f4f60', 'usr_539');
INSERT INTO trabalho.usuario_esta_inscrito_no_podcast VALUES (1, 'b553d865-8fe2-47de-9a30-10e1dea3bd1d', 'usr_539');
INSERT INTO trabalho.comentarios_podcast_usuario VALUES ('comment_539_0_2', 'Dignissimos assumenda praesentium nihil ut id et voluptatibus deserunt.', 'b553d865-8fe2-47de-9a30-10e1dea3bd1d', 'usr_539');
INSERT INTO trabalho.comentarios_podcast_usuario VALUES ('comment_539_1_2', 'Aliquid blanditiis molestiae numquam.', 'b553d865-8fe2-47de-9a30-10e1dea3bd1d', 'usr_539');
INSERT INTO trabalho.comentarios_podcast_usuario VALUES ('comment_539_2_2', 'Pariatur odit vero consequuntur nemo eum sint.', 'b553d865-8fe2-47de-9a30-10e1dea3bd1d', 'usr_539');
INSERT INTO trabalho.comentarios_podcast_usuario VALUES ('comment_539_3_2', 'Hic sed distinctio minima aspernatur est doloribus.', 'b553d865-8fe2-47de-9a30-10e1dea3bd1d', 'usr_539');
INSERT INTO trabalho.log_acesso VALUES ('log_539_0_2', 'b553d865-8fe2-47de-9a30-10e1dea3bd1d', 'usr_539');
INSERT INTO trabalho.log_acesso VALUES ('log_539_1_2', 'b553d865-8fe2-47de-9a30-10e1dea3bd1d', 'usr_539');
INSERT INTO trabalho.log_acesso VALUES ('log_539_2_2', 'b553d865-8fe2-47de-9a30-10e1dea3bd1d', 'usr_539');
INSERT INTO trabalho.log_acesso VALUES ('log_539_3_2', 'b553d865-8fe2-47de-9a30-10e1dea3bd1d', 'usr_539');
INSERT INTO trabalho.log_acesso VALUES ('log_539_4_2', 'b553d865-8fe2-47de-9a30-10e1dea3bd1d', 'usr_539');
INSERT INTO trabalho.usuario VALUES ('usr_540', '540_PedroHenrique.Martins55@live.com', 'Pedro Henrique Martins', 'male', 25, 'password', 'Antigua and Barbada');
INSERT INTO trabalho.usuario_esta_inscrito_no_podcast VALUES (2, 'af46a958-b921-47b6-9f87-5c4fdc68ea79', 'usr_540');
INSERT INTO trabalho.comentarios_podcast_usuario VALUES ('comment_540_0_0', 'Est perspiciatis nemo praesentium dolor in amet ea.', 'af46a958-b921-47b6-9f87-5c4fdc68ea79', 'usr_540');
INSERT INTO trabalho.comentarios_podcast_usuario VALUES ('comment_540_1_0', 'Eos ut ullam repudiandae consectetur dignissimos repellat incidunt.', 'af46a958-b921-47b6-9f87-5c4fdc68ea79', 'usr_540');
INSERT INTO trabalho.log_acesso VALUES ('log_540_0_0', 'af46a958-b921-47b6-9f87-5c4fdc68ea79', 'usr_540');
INSERT INTO trabalho.log_acesso VALUES ('log_540_1_0', 'af46a958-b921-47b6-9f87-5c4fdc68ea79', 'usr_540');
INSERT INTO trabalho.log_acesso VALUES ('log_540_2_0', 'af46a958-b921-47b6-9f87-5c4fdc68ea79', 'usr_540');
INSERT INTO trabalho.log_acesso VALUES ('log_540_3_0', 'af46a958-b921-47b6-9f87-5c4fdc68ea79', 'usr_540');
INSERT INTO trabalho.usuario_esta_inscrito_no_podcast VALUES (1, 'f0166bd2-8e4d-4308-b5d7-0b3d627c5dc5', 'usr_540');
INSERT INTO trabalho.comentarios_podcast_usuario VALUES ('comment_540_0_1', 'Possimus blanditiis velit sunt voluptatem et aut assumenda.', 'f0166bd2-8e4d-4308-b5d7-0b3d627c5dc5', 'usr_540');
INSERT INTO trabalho.comentarios_podcast_usuario VALUES ('comment_540_1_1', 'Quam nihil atque dignissimos fuga.', 'f0166bd2-8e4d-4308-b5d7-0b3d627c5dc5', 'usr_540');
INSERT INTO trabalho.log_acesso VALUES ('log_540_0_1', 'f0166bd2-8e4d-4308-b5d7-0b3d627c5dc5', 'usr_540');
INSERT INTO trabalho.log_acesso VALUES ('log_540_1_1', 'f0166bd2-8e4d-4308-b5d7-0b3d627c5dc5', 'usr_540');
INSERT INTO trabalho.log_acesso VALUES ('log_540_2_1', 'f0166bd2-8e4d-4308-b5d7-0b3d627c5dc5', 'usr_540');
INSERT INTO trabalho.usuario_esta_inscrito_no_podcast VALUES (0, 'fa3abe16-3645-4d22-a01d-893e6f20c408', 'usr_540');
INSERT INTO trabalho.comentarios_podcast_usuario VALUES ('comment_540_0_2', 'Velit sint eos maxime inventore.', 'fa3abe16-3645-4d22-a01d-893e6f20c408', 'usr_540');
INSERT INTO trabalho.comentarios_podcast_usuario VALUES ('comment_540_1_2', 'Omnis et neque.', 'fa3abe16-3645-4d22-a01d-893e6f20c408', 'usr_540');
INSERT INTO trabalho.log_acesso VALUES ('log_540_0_2', 'fa3abe16-3645-4d22-a01d-893e6f20c408', 'usr_540');
INSERT INTO trabalho.log_acesso VALUES ('log_540_1_2', 'fa3abe16-3645-4d22-a01d-893e6f20c408', 'usr_540');
INSERT INTO trabalho.log_acesso VALUES ('log_540_2_2', 'fa3abe16-3645-4d22-a01d-893e6f20c408', 'usr_540');
INSERT INTO trabalho.usuario VALUES ('usr_541', '541_AnaLuiza23@hotmail.com', 'Ana Luiza Albuquerque', 'female', 36, 'password', 'Malvinas');
INSERT INTO trabalho.usuario_esta_inscrito_no_podcast VALUES (1, 'bc8dac25-793c-4a96-aafc-4ea7020f4f60', 'usr_541');
INSERT INTO trabalho.comentarios_podcast_usuario VALUES ('comment_541_0_0', 'Quos et expedita amet in veniam quam.', 'bc8dac25-793c-4a96-aafc-4ea7020f4f60', 'usr_541');
INSERT INTO trabalho.comentarios_podcast_usuario VALUES ('comment_541_1_0', 'Accusamus sapiente adipisci.', 'bc8dac25-793c-4a96-aafc-4ea7020f4f60', 'usr_541');
INSERT INTO trabalho.comentarios_podcast_usuario VALUES ('comment_541_2_0', 'Est architecto delectus voluptas officiis nostrum esse dolores tempore officiis.', 'bc8dac25-793c-4a96-aafc-4ea7020f4f60', 'usr_541');
INSERT INTO trabalho.comentarios_podcast_usuario VALUES ('comment_541_3_0', 'Iste neque qui atque tenetur culpa error est.', 'bc8dac25-793c-4a96-aafc-4ea7020f4f60', 'usr_541');
INSERT INTO trabalho.log_acesso VALUES ('log_541_0_0', 'bc8dac25-793c-4a96-aafc-4ea7020f4f60', 'usr_541');
INSERT INTO trabalho.log_acesso VALUES ('log_541_1_0', 'bc8dac25-793c-4a96-aafc-4ea7020f4f60', 'usr_541');
INSERT INTO trabalho.log_acesso VALUES ('log_541_2_0', 'bc8dac25-793c-4a96-aafc-4ea7020f4f60', 'usr_541');
INSERT INTO trabalho.usuario_esta_inscrito_no_podcast VALUES (2, '5bdf7377-8330-4f9f-8efd-e95301c122ce', 'usr_541');
INSERT INTO trabalho.comentarios_podcast_usuario VALUES ('comment_541_0_1', 'Ea qui ipsa deserunt cupiditate minima accusantium eaque soluta voluptatibus.', '5bdf7377-8330-4f9f-8efd-e95301c122ce', 'usr_541');
INSERT INTO trabalho.comentarios_podcast_usuario VALUES ('comment_541_1_1', 'Labore nobis dolor at accusamus aut aut sed.', '5bdf7377-8330-4f9f-8efd-e95301c122ce', 'usr_541');
INSERT INTO trabalho.comentarios_podcast_usuario VALUES ('comment_541_2_1', 'Voluptatem tenetur dolor.', '5bdf7377-8330-4f9f-8efd-e95301c122ce', 'usr_541');
INSERT INTO trabalho.log_acesso VALUES ('log_541_0_1', '5bdf7377-8330-4f9f-8efd-e95301c122ce', 'usr_541');
INSERT INTO trabalho.log_acesso VALUES ('log_541_1_1', '5bdf7377-8330-4f9f-8efd-e95301c122ce', 'usr_541');
INSERT INTO trabalho.usuario_esta_inscrito_no_podcast VALUES (0, 'af46a958-b921-47b6-9f87-5c4fdc68ea79', 'usr_541');
INSERT INTO trabalho.comentarios_podcast_usuario VALUES ('comment_541_0_2', 'Magni voluptas quod accusamus eveniet velit exercitationem.', 'af46a958-b921-47b6-9f87-5c4fdc68ea79', 'usr_541');
INSERT INTO trabalho.comentarios_podcast_usuario VALUES ('comment_541_1_2', 'Eveniet molestias vero animi necessitatibus.', 'af46a958-b921-47b6-9f87-5c4fdc68ea79', 'usr_541');
INSERT INTO trabalho.comentarios_podcast_usuario VALUES ('comment_541_2_2', 'Deleniti voluptas occaecati neque veritatis molestias.', 'af46a958-b921-47b6-9f87-5c4fdc68ea79', 'usr_541');
INSERT INTO trabalho.log_acesso VALUES ('log_541_0_2', 'af46a958-b921-47b6-9f87-5c4fdc68ea79', 'usr_541');
INSERT INTO trabalho.log_acesso VALUES ('log_541_1_2', 'af46a958-b921-47b6-9f87-5c4fdc68ea79', 'usr_541');
INSERT INTO trabalho.usuario VALUES ('usr_542', '542_Sarah.Saraiva80@gmail.com', 'Sarah Saraiva', 'female', 39, 'password', 'Tonga');
INSERT INTO trabalho.usuario_esta_inscrito_no_podcast VALUES (2, 'af46a958-b921-47b6-9f87-5c4fdc68ea79', 'usr_542');
INSERT INTO trabalho.comentarios_podcast_usuario VALUES ('comment_542_0_0', 'Sint odio doloremque porro maxime iure similique.', 'af46a958-b921-47b6-9f87-5c4fdc68ea79', 'usr_542');
INSERT INTO trabalho.comentarios_podcast_usuario VALUES ('comment_542_1_0', 'Quia soluta ea.', 'af46a958-b921-47b6-9f87-5c4fdc68ea79', 'usr_542');
INSERT INTO trabalho.comentarios_podcast_usuario VALUES ('comment_542_2_0', 'Atque et aut veniam voluptates.', 'af46a958-b921-47b6-9f87-5c4fdc68ea79', 'usr_542');
INSERT INTO trabalho.comentarios_podcast_usuario VALUES ('comment_542_3_0', 'Et atque dignissimos eos eos illum ipsam maxime consequatur.', 'af46a958-b921-47b6-9f87-5c4fdc68ea79', 'usr_542');
INSERT INTO trabalho.log_acesso VALUES ('log_542_0_0', 'af46a958-b921-47b6-9f87-5c4fdc68ea79', 'usr_542');
INSERT INTO trabalho.log_acesso VALUES ('log_542_1_0', 'af46a958-b921-47b6-9f87-5c4fdc68ea79', 'usr_542');
INSERT INTO trabalho.log_acesso VALUES ('log_542_2_0', 'af46a958-b921-47b6-9f87-5c4fdc68ea79', 'usr_542');
INSERT INTO trabalho.log_acesso VALUES ('log_542_3_0', 'af46a958-b921-47b6-9f87-5c4fdc68ea79', 'usr_542');
INSERT INTO trabalho.log_acesso VALUES ('log_542_4_0', 'af46a958-b921-47b6-9f87-5c4fdc68ea79', 'usr_542');
INSERT INTO trabalho.log_acesso VALUES ('log_542_5_0', 'af46a958-b921-47b6-9f87-5c4fdc68ea79', 'usr_542');
INSERT INTO trabalho.usuario_esta_inscrito_no_podcast VALUES (0, 'f1b92ce7-47a7-43cd-8586-4a09185cdd05', 'usr_542');
INSERT INTO trabalho.comentarios_podcast_usuario VALUES ('comment_542_0_1', 'Qui et consequatur quia commodi asperiores ut illo aut dolor.', 'f1b92ce7-47a7-43cd-8586-4a09185cdd05', 'usr_542');
INSERT INTO trabalho.comentarios_podcast_usuario VALUES ('comment_542_1_1', 'Quibusdam tempore praesentium porro.', 'f1b92ce7-47a7-43cd-8586-4a09185cdd05', 'usr_542');
INSERT INTO trabalho.comentarios_podcast_usuario VALUES ('comment_542_2_1', 'Repellat at qui.', 'f1b92ce7-47a7-43cd-8586-4a09185cdd05', 'usr_542');
INSERT INTO trabalho.comentarios_podcast_usuario VALUES ('comment_542_3_1', 'Commodi architecto commodi beatae quis occaecati.', 'f1b92ce7-47a7-43cd-8586-4a09185cdd05', 'usr_542');
INSERT INTO trabalho.log_acesso VALUES ('log_542_0_1', 'f1b92ce7-47a7-43cd-8586-4a09185cdd05', 'usr_542');
INSERT INTO trabalho.log_acesso VALUES ('log_542_1_1', 'f1b92ce7-47a7-43cd-8586-4a09185cdd05', 'usr_542');
INSERT INTO trabalho.log_acesso VALUES ('log_542_2_1', 'f1b92ce7-47a7-43cd-8586-4a09185cdd05', 'usr_542');
INSERT INTO trabalho.usuario_esta_inscrito_no_podcast VALUES (0, '67074e68-bc2f-442b-8af2-7d328b6af6eb', 'usr_542');
INSERT INTO trabalho.comentarios_podcast_usuario VALUES ('comment_542_0_2', 'Quisquam quis nemo praesentium.', '67074e68-bc2f-442b-8af2-7d328b6af6eb', 'usr_542');
INSERT INTO trabalho.comentarios_podcast_usuario VALUES ('comment_542_1_2', 'Animi voluptatibus qui voluptas mollitia quia aperiam cumque.', '67074e68-bc2f-442b-8af2-7d328b6af6eb', 'usr_542');
INSERT INTO trabalho.comentarios_podcast_usuario VALUES ('comment_542_2_2', 'Mollitia fugit neque autem.', '67074e68-bc2f-442b-8af2-7d328b6af6eb', 'usr_542');
INSERT INTO trabalho.comentarios_podcast_usuario VALUES ('comment_542_3_2', 'Soluta aspernatur aliquid sed nesciunt excepturi vel.', '67074e68-bc2f-442b-8af2-7d328b6af6eb', 'usr_542');
INSERT INTO trabalho.log_acesso VALUES ('log_542_0_2', '67074e68-bc2f-442b-8af2-7d328b6af6eb', 'usr_542');
INSERT INTO trabalho.log_acesso VALUES ('log_542_1_2', '67074e68-bc2f-442b-8af2-7d328b6af6eb', 'usr_542');
INSERT INTO trabalho.log_acesso VALUES ('log_542_2_2', '67074e68-bc2f-442b-8af2-7d328b6af6eb', 'usr_542');
INSERT INTO trabalho.log_acesso VALUES ('log_542_3_2', '67074e68-bc2f-442b-8af2-7d328b6af6eb', 'usr_542');
INSERT INTO trabalho.usuario VALUES ('usr_543', '543_Isabella_Silva@gmail.com', 'Isabella Silva', 'female', 19, 'password', 'Barém');
INSERT INTO trabalho.usuario_esta_inscrito_no_podcast VALUES (2, 'af46a958-b921-47b6-9f87-5c4fdc68ea79', 'usr_543');
INSERT INTO trabalho.comentarios_podcast_usuario VALUES ('comment_543_0_0', 'Facilis qui quia optio enim aspernatur molestiae delectus omnis et.', 'af46a958-b921-47b6-9f87-5c4fdc68ea79', 'usr_543');
INSERT INTO trabalho.comentarios_podcast_usuario VALUES ('comment_543_1_0', 'Nihil ea dolore voluptatem tempore excepturi.', 'af46a958-b921-47b6-9f87-5c4fdc68ea79', 'usr_543');
INSERT INTO trabalho.comentarios_podcast_usuario VALUES ('comment_543_2_0', 'Rerum repudiandae iure voluptatibus labore.', 'af46a958-b921-47b6-9f87-5c4fdc68ea79', 'usr_543');
INSERT INTO trabalho.comentarios_podcast_usuario VALUES ('comment_543_3_0', 'Adipisci quo voluptas voluptatum necessitatibus hic similique numquam magnam.', 'af46a958-b921-47b6-9f87-5c4fdc68ea79', 'usr_543');
INSERT INTO trabalho.comentarios_podcast_usuario VALUES ('comment_543_4_0', 'Enim ab doloremque hic voluptatibus.', 'af46a958-b921-47b6-9f87-5c4fdc68ea79', 'usr_543');
INSERT INTO trabalho.log_acesso VALUES ('log_543_0_0', 'af46a958-b921-47b6-9f87-5c4fdc68ea79', 'usr_543');
INSERT INTO trabalho.log_acesso VALUES ('log_543_1_0', 'af46a958-b921-47b6-9f87-5c4fdc68ea79', 'usr_543');
INSERT INTO trabalho.log_acesso VALUES ('log_543_2_0', 'af46a958-b921-47b6-9f87-5c4fdc68ea79', 'usr_543');
INSERT INTO trabalho.log_acesso VALUES ('log_543_3_0', 'af46a958-b921-47b6-9f87-5c4fdc68ea79', 'usr_543');
INSERT INTO trabalho.log_acesso VALUES ('log_543_4_0', 'af46a958-b921-47b6-9f87-5c4fdc68ea79', 'usr_543');
INSERT INTO trabalho.usuario_esta_inscrito_no_podcast VALUES (4, '5bdf7377-8330-4f9f-8efd-e95301c122ce', 'usr_543');
INSERT INTO trabalho.comentarios_podcast_usuario VALUES ('comment_543_0_1', 'Ut aut rerum aliquid aut.', '5bdf7377-8330-4f9f-8efd-e95301c122ce', 'usr_543');
INSERT INTO trabalho.comentarios_podcast_usuario VALUES ('comment_543_1_1', 'Autem inventore magnam voluptatibus harum rem nihil.', '5bdf7377-8330-4f9f-8efd-e95301c122ce', 'usr_543');
INSERT INTO trabalho.comentarios_podcast_usuario VALUES ('comment_543_2_1', 'Neque architecto non similique repudiandae.', '5bdf7377-8330-4f9f-8efd-e95301c122ce', 'usr_543');
INSERT INTO trabalho.comentarios_podcast_usuario VALUES ('comment_543_3_1', 'Occaecati velit qui incidunt ut tenetur.', '5bdf7377-8330-4f9f-8efd-e95301c122ce', 'usr_543');
INSERT INTO trabalho.log_acesso VALUES ('log_543_0_1', '5bdf7377-8330-4f9f-8efd-e95301c122ce', 'usr_543');
INSERT INTO trabalho.log_acesso VALUES ('log_543_1_1', '5bdf7377-8330-4f9f-8efd-e95301c122ce', 'usr_543');
INSERT INTO trabalho.log_acesso VALUES ('log_543_2_1', '5bdf7377-8330-4f9f-8efd-e95301c122ce', 'usr_543');
INSERT INTO trabalho.log_acesso VALUES ('log_543_3_1', '5bdf7377-8330-4f9f-8efd-e95301c122ce', 'usr_543');
INSERT INTO trabalho.usuario_esta_inscrito_no_podcast VALUES (3, 'bc8dac25-793c-4a96-aafc-4ea7020f4f60', 'usr_543');
INSERT INTO trabalho.comentarios_podcast_usuario VALUES ('comment_543_0_2', 'Facere et distinctio non nam.', 'bc8dac25-793c-4a96-aafc-4ea7020f4f60', 'usr_543');
INSERT INTO trabalho.log_acesso VALUES ('log_543_0_2', 'bc8dac25-793c-4a96-aafc-4ea7020f4f60', 'usr_543');
INSERT INTO trabalho.log_acesso VALUES ('log_543_1_2', 'bc8dac25-793c-4a96-aafc-4ea7020f4f60', 'usr_543');
INSERT INTO trabalho.log_acesso VALUES ('log_543_2_2', 'bc8dac25-793c-4a96-aafc-4ea7020f4f60', 'usr_543');
INSERT INTO trabalho.log_acesso VALUES ('log_543_3_2', 'bc8dac25-793c-4a96-aafc-4ea7020f4f60', 'usr_543');
INSERT INTO trabalho.usuario VALUES ('usr_544', '544_Bencio15@yahoo.com', 'Benício Oliveira', 'male', 41, 'password', 'Ilhas Virgens');
INSERT INTO trabalho.usuario_esta_inscrito_no_podcast VALUES (1, 'de2f0ddb-9903-436a-a5e2-54224254c818', 'usr_544');
INSERT INTO trabalho.comentarios_podcast_usuario VALUES ('comment_544_0_0', 'Sapiente molestiae quasi ut expedita pariatur qui.', 'de2f0ddb-9903-436a-a5e2-54224254c818', 'usr_544');
INSERT INTO trabalho.comentarios_podcast_usuario VALUES ('comment_544_1_0', 'Voluptatem illum dignissimos minus dolor laboriosam nemo rerum.', 'de2f0ddb-9903-436a-a5e2-54224254c818', 'usr_544');
INSERT INTO trabalho.comentarios_podcast_usuario VALUES ('comment_544_2_0', 'Dolores optio autem facere aspernatur vel rerum atque suscipit nihil.', 'de2f0ddb-9903-436a-a5e2-54224254c818', 'usr_544');
INSERT INTO trabalho.log_acesso VALUES ('log_544_0_0', 'de2f0ddb-9903-436a-a5e2-54224254c818', 'usr_544');
INSERT INTO trabalho.log_acesso VALUES ('log_544_1_0', 'de2f0ddb-9903-436a-a5e2-54224254c818', 'usr_544');
INSERT INTO trabalho.log_acesso VALUES ('log_544_2_0', 'de2f0ddb-9903-436a-a5e2-54224254c818', 'usr_544');
INSERT INTO trabalho.log_acesso VALUES ('log_544_3_0', 'de2f0ddb-9903-436a-a5e2-54224254c818', 'usr_544');
INSERT INTO trabalho.log_acesso VALUES ('log_544_4_0', 'de2f0ddb-9903-436a-a5e2-54224254c818', 'usr_544');
INSERT INTO trabalho.log_acesso VALUES ('log_544_5_0', 'de2f0ddb-9903-436a-a5e2-54224254c818', 'usr_544');
INSERT INTO trabalho.log_acesso VALUES ('log_544_6_0', 'de2f0ddb-9903-436a-a5e2-54224254c818', 'usr_544');
INSERT INTO trabalho.usuario_esta_inscrito_no_podcast VALUES (5, '5bdf7377-8330-4f9f-8efd-e95301c122ce', 'usr_544');
INSERT INTO trabalho.comentarios_podcast_usuario VALUES ('comment_544_0_1', 'Ut eos qui ea laboriosam est voluptates aspernatur reiciendis voluptatibus.', '5bdf7377-8330-4f9f-8efd-e95301c122ce', 'usr_544');
INSERT INTO trabalho.comentarios_podcast_usuario VALUES ('comment_544_1_1', 'Officiis ullam id officia consectetur labore eum aut.', '5bdf7377-8330-4f9f-8efd-e95301c122ce', 'usr_544');
INSERT INTO trabalho.comentarios_podcast_usuario VALUES ('comment_544_2_1', 'Dolore minima nihil expedita sunt minima.', '5bdf7377-8330-4f9f-8efd-e95301c122ce', 'usr_544');
INSERT INTO trabalho.comentarios_podcast_usuario VALUES ('comment_544_3_1', 'Aut nam adipisci sed quia qui esse.', '5bdf7377-8330-4f9f-8efd-e95301c122ce', 'usr_544');
INSERT INTO trabalho.log_acesso VALUES ('log_544_0_1', '5bdf7377-8330-4f9f-8efd-e95301c122ce', 'usr_544');
INSERT INTO trabalho.log_acesso VALUES ('log_544_1_1', '5bdf7377-8330-4f9f-8efd-e95301c122ce', 'usr_544');
INSERT INTO trabalho.log_acesso VALUES ('log_544_2_1', '5bdf7377-8330-4f9f-8efd-e95301c122ce', 'usr_544');
INSERT INTO trabalho.log_acesso VALUES ('log_544_3_1', '5bdf7377-8330-4f9f-8efd-e95301c122ce', 'usr_544');
INSERT INTO trabalho.log_acesso VALUES ('log_544_4_1', '5bdf7377-8330-4f9f-8efd-e95301c122ce', 'usr_544');
INSERT INTO trabalho.usuario_esta_inscrito_no_podcast VALUES (4, 'b553d865-8fe2-47de-9a30-10e1dea3bd1d', 'usr_544');
INSERT INTO trabalho.comentarios_podcast_usuario VALUES ('comment_544_0_2', 'Corrupti saepe maxime odio.', 'b553d865-8fe2-47de-9a30-10e1dea3bd1d', 'usr_544');
INSERT INTO trabalho.comentarios_podcast_usuario VALUES ('comment_544_1_2', 'Voluptates autem est.', 'b553d865-8fe2-47de-9a30-10e1dea3bd1d', 'usr_544');
INSERT INTO trabalho.comentarios_podcast_usuario VALUES ('comment_544_2_2', 'Quod odio molestiae voluptas itaque.', 'b553d865-8fe2-47de-9a30-10e1dea3bd1d', 'usr_544');
INSERT INTO trabalho.log_acesso VALUES ('log_544_0_2', 'b553d865-8fe2-47de-9a30-10e1dea3bd1d', 'usr_544');
INSERT INTO trabalho.log_acesso VALUES ('log_544_1_2', 'b553d865-8fe2-47de-9a30-10e1dea3bd1d', 'usr_544');
INSERT INTO trabalho.usuario VALUES ('usr_545', '545_Csar.Batista@bol.com.br', 'César Batista', 'male', 21, 'password', 'Belize');
INSERT INTO trabalho.usuario_esta_inscrito_no_podcast VALUES (5, '67074e68-bc2f-442b-8af2-7d328b6af6eb', 'usr_545');
INSERT INTO trabalho.comentarios_podcast_usuario VALUES ('comment_545_0_0', 'Molestias saepe maxime corrupti quasi deserunt earum autem odio.', '67074e68-bc2f-442b-8af2-7d328b6af6eb', 'usr_545');
INSERT INTO trabalho.comentarios_podcast_usuario VALUES ('comment_545_1_0', 'Quidem consequatur doloremque rerum sed nostrum.', '67074e68-bc2f-442b-8af2-7d328b6af6eb', 'usr_545');
INSERT INTO trabalho.comentarios_podcast_usuario VALUES ('comment_545_2_0', 'Aut quaerat non sint enim.', '67074e68-bc2f-442b-8af2-7d328b6af6eb', 'usr_545');
INSERT INTO trabalho.comentarios_podcast_usuario VALUES ('comment_545_3_0', 'Qui id optio ut odit magni dolorum.', '67074e68-bc2f-442b-8af2-7d328b6af6eb', 'usr_545');
INSERT INTO trabalho.comentarios_podcast_usuario VALUES ('comment_545_4_0', 'A repellat quam sed maiores quam soluta unde.', '67074e68-bc2f-442b-8af2-7d328b6af6eb', 'usr_545');
INSERT INTO trabalho.log_acesso VALUES ('log_545_0_0', '67074e68-bc2f-442b-8af2-7d328b6af6eb', 'usr_545');
INSERT INTO trabalho.log_acesso VALUES ('log_545_1_0', '67074e68-bc2f-442b-8af2-7d328b6af6eb', 'usr_545');
INSERT INTO trabalho.log_acesso VALUES ('log_545_2_0', '67074e68-bc2f-442b-8af2-7d328b6af6eb', 'usr_545');
INSERT INTO trabalho.log_acesso VALUES ('log_545_3_0', '67074e68-bc2f-442b-8af2-7d328b6af6eb', 'usr_545');
INSERT INTO trabalho.log_acesso VALUES ('log_545_4_0', '67074e68-bc2f-442b-8af2-7d328b6af6eb', 'usr_545');
INSERT INTO trabalho.usuario_esta_inscrito_no_podcast VALUES (4, 'b553d865-8fe2-47de-9a30-10e1dea3bd1d', 'usr_545');
INSERT INTO trabalho.comentarios_podcast_usuario VALUES ('comment_545_0_1', 'Est ut occaecati.', 'b553d865-8fe2-47de-9a30-10e1dea3bd1d', 'usr_545');
INSERT INTO trabalho.comentarios_podcast_usuario VALUES ('comment_545_1_1', 'Id dolore corporis.', 'b553d865-8fe2-47de-9a30-10e1dea3bd1d', 'usr_545');
INSERT INTO trabalho.comentarios_podcast_usuario VALUES ('comment_545_2_1', 'Eaque culpa quam est eos.', 'b553d865-8fe2-47de-9a30-10e1dea3bd1d', 'usr_545');
INSERT INTO trabalho.log_acesso VALUES ('log_545_0_1', 'b553d865-8fe2-47de-9a30-10e1dea3bd1d', 'usr_545');
INSERT INTO trabalho.log_acesso VALUES ('log_545_1_1', 'b553d865-8fe2-47de-9a30-10e1dea3bd1d', 'usr_545');
INSERT INTO trabalho.log_acesso VALUES ('log_545_2_1', 'b553d865-8fe2-47de-9a30-10e1dea3bd1d', 'usr_545');
INSERT INTO trabalho.log_acesso VALUES ('log_545_3_1', 'b553d865-8fe2-47de-9a30-10e1dea3bd1d', 'usr_545');
INSERT INTO trabalho.log_acesso VALUES ('log_545_4_1', 'b553d865-8fe2-47de-9a30-10e1dea3bd1d', 'usr_545');
INSERT INTO trabalho.usuario_esta_inscrito_no_podcast VALUES (2, '7e429e8e-7669-403d-bb78-3cd7f9f75afd', 'usr_545');
INSERT INTO trabalho.comentarios_podcast_usuario VALUES ('comment_545_0_2', 'Atque veritatis libero praesentium cum voluptatem consequatur.', '7e429e8e-7669-403d-bb78-3cd7f9f75afd', 'usr_545');
INSERT INTO trabalho.comentarios_podcast_usuario VALUES ('comment_545_1_2', 'Ab ut dolore et.', '7e429e8e-7669-403d-bb78-3cd7f9f75afd', 'usr_545');
INSERT INTO trabalho.comentarios_podcast_usuario VALUES ('comment_545_2_2', 'Sed qui soluta repellat voluptatem est ipsum harum illo voluptas.', '7e429e8e-7669-403d-bb78-3cd7f9f75afd', 'usr_545');
INSERT INTO trabalho.log_acesso VALUES ('log_545_0_2', '7e429e8e-7669-403d-bb78-3cd7f9f75afd', 'usr_545');
INSERT INTO trabalho.log_acesso VALUES ('log_545_1_2', '7e429e8e-7669-403d-bb78-3cd7f9f75afd', 'usr_545');
INSERT INTO trabalho.log_acesso VALUES ('log_545_2_2', '7e429e8e-7669-403d-bb78-3cd7f9f75afd', 'usr_545');
INSERT INTO trabalho.log_acesso VALUES ('log_545_3_2', '7e429e8e-7669-403d-bb78-3cd7f9f75afd', 'usr_545');
INSERT INTO trabalho.log_acesso VALUES ('log_545_4_2', '7e429e8e-7669-403d-bb78-3cd7f9f75afd', 'usr_545');
INSERT INTO trabalho.log_acesso VALUES ('log_545_5_2', '7e429e8e-7669-403d-bb78-3cd7f9f75afd', 'usr_545');
INSERT INTO trabalho.usuario VALUES ('usr_546', '546_Paulo_Nogueira16@hotmail.com', 'Paulo Nogueira', 'male', 31, 'password', 'Seicheles');
INSERT INTO trabalho.usuario_esta_inscrito_no_podcast VALUES (3, 'fa3abe16-3645-4d22-a01d-893e6f20c408', 'usr_546');
INSERT INTO trabalho.comentarios_podcast_usuario VALUES ('comment_546_0_0', 'Et beatae quas iure aut expedita sapiente aut fugit.', 'fa3abe16-3645-4d22-a01d-893e6f20c408', 'usr_546');
INSERT INTO trabalho.comentarios_podcast_usuario VALUES ('comment_546_1_0', 'Nihil quis nostrum voluptates sequi et.', 'fa3abe16-3645-4d22-a01d-893e6f20c408', 'usr_546');
INSERT INTO trabalho.log_acesso VALUES ('log_546_0_0', 'fa3abe16-3645-4d22-a01d-893e6f20c408', 'usr_546');
INSERT INTO trabalho.log_acesso VALUES ('log_546_1_0', 'fa3abe16-3645-4d22-a01d-893e6f20c408', 'usr_546');
INSERT INTO trabalho.log_acesso VALUES ('log_546_2_0', 'fa3abe16-3645-4d22-a01d-893e6f20c408', 'usr_546');
INSERT INTO trabalho.log_acesso VALUES ('log_546_3_0', 'fa3abe16-3645-4d22-a01d-893e6f20c408', 'usr_546');
INSERT INTO trabalho.log_acesso VALUES ('log_546_4_0', 'fa3abe16-3645-4d22-a01d-893e6f20c408', 'usr_546');
INSERT INTO trabalho.usuario_esta_inscrito_no_podcast VALUES (5, 'de2f0ddb-9903-436a-a5e2-54224254c818', 'usr_546');
INSERT INTO trabalho.comentarios_podcast_usuario VALUES ('comment_546_0_1', 'Amet aliquam repudiandae nesciunt.', 'de2f0ddb-9903-436a-a5e2-54224254c818', 'usr_546');
INSERT INTO trabalho.log_acesso VALUES ('log_546_0_1', 'de2f0ddb-9903-436a-a5e2-54224254c818', 'usr_546');
INSERT INTO trabalho.log_acesso VALUES ('log_546_1_1', 'de2f0ddb-9903-436a-a5e2-54224254c818', 'usr_546');
INSERT INTO trabalho.log_acesso VALUES ('log_546_2_1', 'de2f0ddb-9903-436a-a5e2-54224254c818', 'usr_546');
INSERT INTO trabalho.usuario_esta_inscrito_no_podcast VALUES (2, 'bc8dac25-793c-4a96-aafc-4ea7020f4f60', 'usr_546');
INSERT INTO trabalho.comentarios_podcast_usuario VALUES ('comment_546_0_2', 'Soluta assumenda id exercitationem qui illo enim inventore cum.', 'bc8dac25-793c-4a96-aafc-4ea7020f4f60', 'usr_546');
INSERT INTO trabalho.log_acesso VALUES ('log_546_0_2', 'bc8dac25-793c-4a96-aafc-4ea7020f4f60', 'usr_546');
INSERT INTO trabalho.log_acesso VALUES ('log_546_1_2', 'bc8dac25-793c-4a96-aafc-4ea7020f4f60', 'usr_546');
INSERT INTO trabalho.log_acesso VALUES ('log_546_2_2', 'bc8dac25-793c-4a96-aafc-4ea7020f4f60', 'usr_546');
INSERT INTO trabalho.log_acesso VALUES ('log_546_3_2', 'bc8dac25-793c-4a96-aafc-4ea7020f4f60', 'usr_546');
INSERT INTO trabalho.log_acesso VALUES ('log_546_4_2', 'bc8dac25-793c-4a96-aafc-4ea7020f4f60', 'usr_546');
INSERT INTO trabalho.log_acesso VALUES ('log_546_5_2', 'bc8dac25-793c-4a96-aafc-4ea7020f4f60', 'usr_546');
INSERT INTO trabalho.usuario VALUES ('usr_547', '547_Isabella_Albuquerque@yahoo.com', 'Isabella Albuquerque', 'female', 5, 'password', 'Canadá');
INSERT INTO trabalho.usuario_esta_inscrito_no_podcast VALUES (3, 'b553d865-8fe2-47de-9a30-10e1dea3bd1d', 'usr_547');
INSERT INTO trabalho.comentarios_podcast_usuario VALUES ('comment_547_0_0', 'Qui temporibus nisi sapiente.', 'b553d865-8fe2-47de-9a30-10e1dea3bd1d', 'usr_547');
INSERT INTO trabalho.comentarios_podcast_usuario VALUES ('comment_547_1_0', 'Et nulla et omnis rerum.', 'b553d865-8fe2-47de-9a30-10e1dea3bd1d', 'usr_547');
INSERT INTO trabalho.comentarios_podcast_usuario VALUES ('comment_547_2_0', 'Facere quaerat in.', 'b553d865-8fe2-47de-9a30-10e1dea3bd1d', 'usr_547');
INSERT INTO trabalho.comentarios_podcast_usuario VALUES ('comment_547_3_0', 'Ut repudiandae alias cumque.', 'b553d865-8fe2-47de-9a30-10e1dea3bd1d', 'usr_547');
INSERT INTO trabalho.log_acesso VALUES ('log_547_0_0', 'b553d865-8fe2-47de-9a30-10e1dea3bd1d', 'usr_547');
INSERT INTO trabalho.log_acesso VALUES ('log_547_1_0', 'b553d865-8fe2-47de-9a30-10e1dea3bd1d', 'usr_547');
INSERT INTO trabalho.log_acesso VALUES ('log_547_2_0', 'b553d865-8fe2-47de-9a30-10e1dea3bd1d', 'usr_547');
INSERT INTO trabalho.log_acesso VALUES ('log_547_3_0', 'b553d865-8fe2-47de-9a30-10e1dea3bd1d', 'usr_547');
INSERT INTO trabalho.usuario_esta_inscrito_no_podcast VALUES (4, 'fa3abe16-3645-4d22-a01d-893e6f20c408', 'usr_547');
INSERT INTO trabalho.comentarios_podcast_usuario VALUES ('comment_547_0_1', 'Iste incidunt numquam vel molestias sunt fugiat ipsum.', 'fa3abe16-3645-4d22-a01d-893e6f20c408', 'usr_547');
INSERT INTO trabalho.comentarios_podcast_usuario VALUES ('comment_547_1_1', 'Recusandae inventore ea magnam et ab.', 'fa3abe16-3645-4d22-a01d-893e6f20c408', 'usr_547');
INSERT INTO trabalho.comentarios_podcast_usuario VALUES ('comment_547_2_1', 'Eaque consequatur doloremque.', 'fa3abe16-3645-4d22-a01d-893e6f20c408', 'usr_547');
INSERT INTO trabalho.log_acesso VALUES ('log_547_0_1', 'fa3abe16-3645-4d22-a01d-893e6f20c408', 'usr_547');
INSERT INTO trabalho.log_acesso VALUES ('log_547_1_1', 'fa3abe16-3645-4d22-a01d-893e6f20c408', 'usr_547');
INSERT INTO trabalho.usuario_esta_inscrito_no_podcast VALUES (3, 'c58b280a-56d4-4ad8-8c85-730e4ea86361', 'usr_547');
INSERT INTO trabalho.comentarios_podcast_usuario VALUES ('comment_547_0_2', 'Mollitia facere vel nesciunt officia optio.', 'c58b280a-56d4-4ad8-8c85-730e4ea86361', 'usr_547');
INSERT INTO trabalho.comentarios_podcast_usuario VALUES ('comment_547_1_2', 'Nihil soluta dolores possimus consectetur.', 'c58b280a-56d4-4ad8-8c85-730e4ea86361', 'usr_547');
INSERT INTO trabalho.log_acesso VALUES ('log_547_0_2', 'c58b280a-56d4-4ad8-8c85-730e4ea86361', 'usr_547');
INSERT INTO trabalho.log_acesso VALUES ('log_547_1_2', 'c58b280a-56d4-4ad8-8c85-730e4ea86361', 'usr_547');
INSERT INTO trabalho.log_acesso VALUES ('log_547_2_2', 'c58b280a-56d4-4ad8-8c85-730e4ea86361', 'usr_547');
INSERT INTO trabalho.log_acesso VALUES ('log_547_3_2', 'c58b280a-56d4-4ad8-8c85-730e4ea86361', 'usr_547');
INSERT INTO trabalho.log_acesso VALUES ('log_547_4_2', 'c58b280a-56d4-4ad8-8c85-730e4ea86361', 'usr_547');
INSERT INTO trabalho.usuario VALUES ('usr_548', '548_Nbia.Saraiva@bol.com.br', 'Núbia Saraiva', 'female', 13, 'password', 'Ilha de Man');
INSERT INTO trabalho.usuario_esta_inscrito_no_podcast VALUES (2, '168c1536-4c42-4b8f-8c77-f06affefec6a', 'usr_548');
INSERT INTO trabalho.comentarios_podcast_usuario VALUES ('comment_548_0_0', 'Quod dolorum impedit dicta deleniti pariatur placeat blanditiis ea nemo.', '168c1536-4c42-4b8f-8c77-f06affefec6a', 'usr_548');
INSERT INTO trabalho.comentarios_podcast_usuario VALUES ('comment_548_1_0', 'Architecto modi enim et nihil dolores.', '168c1536-4c42-4b8f-8c77-f06affefec6a', 'usr_548');
INSERT INTO trabalho.comentarios_podcast_usuario VALUES ('comment_548_2_0', 'Atque molestias autem optio veniam et esse.', '168c1536-4c42-4b8f-8c77-f06affefec6a', 'usr_548');
INSERT INTO trabalho.log_acesso VALUES ('log_548_0_0', '168c1536-4c42-4b8f-8c77-f06affefec6a', 'usr_548');
INSERT INTO trabalho.log_acesso VALUES ('log_548_1_0', '168c1536-4c42-4b8f-8c77-f06affefec6a', 'usr_548');
INSERT INTO trabalho.log_acesso VALUES ('log_548_2_0', '168c1536-4c42-4b8f-8c77-f06affefec6a', 'usr_548');
INSERT INTO trabalho.usuario_esta_inscrito_no_podcast VALUES (2, 'f1b92ce7-47a7-43cd-8586-4a09185cdd05', 'usr_548');
INSERT INTO trabalho.comentarios_podcast_usuario VALUES ('comment_548_0_1', 'Facere mollitia eos repellendus qui.', 'f1b92ce7-47a7-43cd-8586-4a09185cdd05', 'usr_548');
INSERT INTO trabalho.comentarios_podcast_usuario VALUES ('comment_548_1_1', 'Id asperiores voluptatem.', 'f1b92ce7-47a7-43cd-8586-4a09185cdd05', 'usr_548');
INSERT INTO trabalho.comentarios_podcast_usuario VALUES ('comment_548_2_1', 'Sed eos sit tenetur assumenda.', 'f1b92ce7-47a7-43cd-8586-4a09185cdd05', 'usr_548');
INSERT INTO trabalho.comentarios_podcast_usuario VALUES ('comment_548_3_1', 'Nihil qui maiores.', 'f1b92ce7-47a7-43cd-8586-4a09185cdd05', 'usr_548');
INSERT INTO trabalho.comentarios_podcast_usuario VALUES ('comment_548_4_1', 'Quos velit ea nulla et.', 'f1b92ce7-47a7-43cd-8586-4a09185cdd05', 'usr_548');
INSERT INTO trabalho.comentarios_podcast_usuario VALUES ('comment_548_5_1', 'Facilis ex ex veniam aut molestias.', 'f1b92ce7-47a7-43cd-8586-4a09185cdd05', 'usr_548');
INSERT INTO trabalho.log_acesso VALUES ('log_548_0_1', 'f1b92ce7-47a7-43cd-8586-4a09185cdd05', 'usr_548');
INSERT INTO trabalho.log_acesso VALUES ('log_548_1_1', 'f1b92ce7-47a7-43cd-8586-4a09185cdd05', 'usr_548');
INSERT INTO trabalho.log_acesso VALUES ('log_548_2_1', 'f1b92ce7-47a7-43cd-8586-4a09185cdd05', 'usr_548');
INSERT INTO trabalho.log_acesso VALUES ('log_548_3_1', 'f1b92ce7-47a7-43cd-8586-4a09185cdd05', 'usr_548');
INSERT INTO trabalho.usuario_esta_inscrito_no_podcast VALUES (1, 'fa3abe16-3645-4d22-a01d-893e6f20c408', 'usr_548');
INSERT INTO trabalho.comentarios_podcast_usuario VALUES ('comment_548_0_2', 'Non dolores adipisci fugiat quia.', 'fa3abe16-3645-4d22-a01d-893e6f20c408', 'usr_548');
INSERT INTO trabalho.log_acesso VALUES ('log_548_0_2', 'fa3abe16-3645-4d22-a01d-893e6f20c408', 'usr_548');
INSERT INTO trabalho.usuario VALUES ('usr_549', '549_Noah45@live.com', 'Noah Moreira', 'male', 19, 'password', 'Vaticano');
INSERT INTO trabalho.usuario_esta_inscrito_no_podcast VALUES (1, 'bc8dac25-793c-4a96-aafc-4ea7020f4f60', 'usr_549');
INSERT INTO trabalho.comentarios_podcast_usuario VALUES ('comment_549_0_0', 'Adipisci dolor dolorem distinctio neque tenetur.', 'bc8dac25-793c-4a96-aafc-4ea7020f4f60', 'usr_549');
INSERT INTO trabalho.comentarios_podcast_usuario VALUES ('comment_549_1_0', 'Est non maiores laboriosam.', 'bc8dac25-793c-4a96-aafc-4ea7020f4f60', 'usr_549');
INSERT INTO trabalho.comentarios_podcast_usuario VALUES ('comment_549_2_0', 'Perspiciatis quo odio dicta aut.', 'bc8dac25-793c-4a96-aafc-4ea7020f4f60', 'usr_549');
INSERT INTO trabalho.comentarios_podcast_usuario VALUES ('comment_549_3_0', 'Dignissimos perferendis sed doloremque quasi doloremque perspiciatis.', 'bc8dac25-793c-4a96-aafc-4ea7020f4f60', 'usr_549');
INSERT INTO trabalho.log_acesso VALUES ('log_549_0_0', 'bc8dac25-793c-4a96-aafc-4ea7020f4f60', 'usr_549');
INSERT INTO trabalho.log_acesso VALUES ('log_549_1_0', 'bc8dac25-793c-4a96-aafc-4ea7020f4f60', 'usr_549');
INSERT INTO trabalho.log_acesso VALUES ('log_549_2_0', 'bc8dac25-793c-4a96-aafc-4ea7020f4f60', 'usr_549');
INSERT INTO trabalho.usuario_esta_inscrito_no_podcast VALUES (1, 'c58b280a-56d4-4ad8-8c85-730e4ea86361', 'usr_549');
INSERT INTO trabalho.comentarios_podcast_usuario VALUES ('comment_549_0_1', 'Praesentium consequatur cumque inventore omnis qui ut cumque impedit sit.', 'c58b280a-56d4-4ad8-8c85-730e4ea86361', 'usr_549');
INSERT INTO trabalho.comentarios_podcast_usuario VALUES ('comment_549_1_1', 'Vel beatae ut aperiam mollitia magni porro in libero molestiae.', 'c58b280a-56d4-4ad8-8c85-730e4ea86361', 'usr_549');
INSERT INTO trabalho.comentarios_podcast_usuario VALUES ('comment_549_2_1', 'Officia nesciunt consequatur et a qui et reiciendis.', 'c58b280a-56d4-4ad8-8c85-730e4ea86361', 'usr_549');
INSERT INTO trabalho.log_acesso VALUES ('log_549_0_1', 'c58b280a-56d4-4ad8-8c85-730e4ea86361', 'usr_549');
INSERT INTO trabalho.log_acesso VALUES ('log_549_1_1', 'c58b280a-56d4-4ad8-8c85-730e4ea86361', 'usr_549');
INSERT INTO trabalho.log_acesso VALUES ('log_549_2_1', 'c58b280a-56d4-4ad8-8c85-730e4ea86361', 'usr_549');
INSERT INTO trabalho.usuario_esta_inscrito_no_podcast VALUES (0, '7e429e8e-7669-403d-bb78-3cd7f9f75afd', 'usr_549');
INSERT INTO trabalho.comentarios_podcast_usuario VALUES ('comment_549_0_2', 'Nulla et nam sed eos et delectus quod aspernatur.', '7e429e8e-7669-403d-bb78-3cd7f9f75afd', 'usr_549');
INSERT INTO trabalho.log_acesso VALUES ('log_549_0_2', '7e429e8e-7669-403d-bb78-3cd7f9f75afd', 'usr_549');
INSERT INTO trabalho.usuario VALUES ('usr_550', '550_JooPedro_Franco@hotmail.com', 'João Pedro Franco', 'male', 55, 'password', 'Arquipélago de Chagos');
INSERT INTO trabalho.usuario_esta_inscrito_no_podcast VALUES (1, '168c1536-4c42-4b8f-8c77-f06affefec6a', 'usr_550');
INSERT INTO trabalho.comentarios_podcast_usuario VALUES ('comment_550_0_0', 'Quod blanditiis totam amet ut.', '168c1536-4c42-4b8f-8c77-f06affefec6a', 'usr_550');
INSERT INTO trabalho.comentarios_podcast_usuario VALUES ('comment_550_1_0', 'Accusamus consequatur eos quos consequatur.', '168c1536-4c42-4b8f-8c77-f06affefec6a', 'usr_550');
INSERT INTO trabalho.log_acesso VALUES ('log_550_0_0', '168c1536-4c42-4b8f-8c77-f06affefec6a', 'usr_550');
INSERT INTO trabalho.usuario_esta_inscrito_no_podcast VALUES (3, '219328a1-cec6-4e8c-b003-52a3ec9766bb', 'usr_550');
INSERT INTO trabalho.comentarios_podcast_usuario VALUES ('comment_550_0_1', 'Cum rem libero animi aut et quidem impedit quis.', '219328a1-cec6-4e8c-b003-52a3ec9766bb', 'usr_550');
INSERT INTO trabalho.log_acesso VALUES ('log_550_0_1', '219328a1-cec6-4e8c-b003-52a3ec9766bb', 'usr_550');
INSERT INTO trabalho.usuario_esta_inscrito_no_podcast VALUES (2, 'af46a958-b921-47b6-9f87-5c4fdc68ea79', 'usr_550');
INSERT INTO trabalho.comentarios_podcast_usuario VALUES ('comment_550_0_2', 'Magnam sed voluptatum fuga incidunt incidunt.', 'af46a958-b921-47b6-9f87-5c4fdc68ea79', 'usr_550');
INSERT INTO trabalho.comentarios_podcast_usuario VALUES ('comment_550_1_2', 'Qui et praesentium error labore.', 'af46a958-b921-47b6-9f87-5c4fdc68ea79', 'usr_550');
INSERT INTO trabalho.log_acesso VALUES ('log_550_0_2', 'af46a958-b921-47b6-9f87-5c4fdc68ea79', 'usr_550');
INSERT INTO trabalho.usuario VALUES ('usr_551', '551_Margarida_Reis67@yahoo.com', 'Margarida Reis', 'female', 36, 'password', 'Gabão');
INSERT INTO trabalho.usuario_esta_inscrito_no_podcast VALUES (0, '168c1536-4c42-4b8f-8c77-f06affefec6a', 'usr_551');
INSERT INTO trabalho.comentarios_podcast_usuario VALUES ('comment_551_0_0', 'Aut quisquam rerum.', '168c1536-4c42-4b8f-8c77-f06affefec6a', 'usr_551');
INSERT INTO trabalho.log_acesso VALUES ('log_551_0_0', '168c1536-4c42-4b8f-8c77-f06affefec6a', 'usr_551');
INSERT INTO trabalho.log_acesso VALUES ('log_551_1_0', '168c1536-4c42-4b8f-8c77-f06affefec6a', 'usr_551');
INSERT INTO trabalho.usuario_esta_inscrito_no_podcast VALUES (3, 'b553d865-8fe2-47de-9a30-10e1dea3bd1d', 'usr_551');
INSERT INTO trabalho.comentarios_podcast_usuario VALUES ('comment_551_0_1', 'Quod adipisci eos rerum.', 'b553d865-8fe2-47de-9a30-10e1dea3bd1d', 'usr_551');
INSERT INTO trabalho.log_acesso VALUES ('log_551_0_1', 'b553d865-8fe2-47de-9a30-10e1dea3bd1d', 'usr_551');
INSERT INTO trabalho.log_acesso VALUES ('log_551_1_1', 'b553d865-8fe2-47de-9a30-10e1dea3bd1d', 'usr_551');
INSERT INTO trabalho.log_acesso VALUES ('log_551_2_1', 'b553d865-8fe2-47de-9a30-10e1dea3bd1d', 'usr_551');
INSERT INTO trabalho.log_acesso VALUES ('log_551_3_1', 'b553d865-8fe2-47de-9a30-10e1dea3bd1d', 'usr_551');
INSERT INTO trabalho.log_acesso VALUES ('log_551_4_1', 'b553d865-8fe2-47de-9a30-10e1dea3bd1d', 'usr_551');
INSERT INTO trabalho.log_acesso VALUES ('log_551_5_1', 'b553d865-8fe2-47de-9a30-10e1dea3bd1d', 'usr_551');
INSERT INTO trabalho.usuario_esta_inscrito_no_podcast VALUES (3, 'fa3abe16-3645-4d22-a01d-893e6f20c408', 'usr_551');
INSERT INTO trabalho.comentarios_podcast_usuario VALUES ('comment_551_0_2', 'Sit necessitatibus quam nobis cum quasi a nobis iusto ex.', 'fa3abe16-3645-4d22-a01d-893e6f20c408', 'usr_551');
INSERT INTO trabalho.comentarios_podcast_usuario VALUES ('comment_551_1_2', 'Labore similique quaerat autem debitis harum quod ex laborum assumenda.', 'fa3abe16-3645-4d22-a01d-893e6f20c408', 'usr_551');
INSERT INTO trabalho.comentarios_podcast_usuario VALUES ('comment_551_2_2', 'Ipsam quia tempora accusantium.', 'fa3abe16-3645-4d22-a01d-893e6f20c408', 'usr_551');
INSERT INTO trabalho.comentarios_podcast_usuario VALUES ('comment_551_3_2', 'Numquam eaque recusandae ab officia delectus ea.', 'fa3abe16-3645-4d22-a01d-893e6f20c408', 'usr_551');
INSERT INTO trabalho.comentarios_podcast_usuario VALUES ('comment_551_4_2', 'Et molestiae cupiditate architecto.', 'fa3abe16-3645-4d22-a01d-893e6f20c408', 'usr_551');
INSERT INTO trabalho.comentarios_podcast_usuario VALUES ('comment_551_5_2', 'Aspernatur vel vero officia dignissimos consequatur rerum quaerat omnis.', 'fa3abe16-3645-4d22-a01d-893e6f20c408', 'usr_551');
INSERT INTO trabalho.log_acesso VALUES ('log_551_0_2', 'fa3abe16-3645-4d22-a01d-893e6f20c408', 'usr_551');
INSERT INTO trabalho.log_acesso VALUES ('log_551_1_2', 'fa3abe16-3645-4d22-a01d-893e6f20c408', 'usr_551');
INSERT INTO trabalho.usuario VALUES ('usr_552', '552_Samuel_Souza@hotmail.com', 'Samuel Souza', 'male', 50, 'password', 'Malásia');
INSERT INTO trabalho.usuario_esta_inscrito_no_podcast VALUES (0, 'f8e13774-d631-4f34-93f0-2f5d55590265', 'usr_552');
INSERT INTO trabalho.comentarios_podcast_usuario VALUES ('comment_552_0_0', 'Totam officia aut at hic sunt iste ab.', 'f8e13774-d631-4f34-93f0-2f5d55590265', 'usr_552');
INSERT INTO trabalho.comentarios_podcast_usuario VALUES ('comment_552_1_0', 'Optio dolores architecto ut ex praesentium.', 'f8e13774-d631-4f34-93f0-2f5d55590265', 'usr_552');
INSERT INTO trabalho.log_acesso VALUES ('log_552_0_0', 'f8e13774-d631-4f34-93f0-2f5d55590265', 'usr_552');
INSERT INTO trabalho.log_acesso VALUES ('log_552_1_0', 'f8e13774-d631-4f34-93f0-2f5d55590265', 'usr_552');
INSERT INTO trabalho.log_acesso VALUES ('log_552_2_0', 'f8e13774-d631-4f34-93f0-2f5d55590265', 'usr_552');
INSERT INTO trabalho.log_acesso VALUES ('log_552_3_0', 'f8e13774-d631-4f34-93f0-2f5d55590265', 'usr_552');
INSERT INTO trabalho.usuario_esta_inscrito_no_podcast VALUES (4, '168c1536-4c42-4b8f-8c77-f06affefec6a', 'usr_552');
INSERT INTO trabalho.comentarios_podcast_usuario VALUES ('comment_552_0_1', 'Velit ipsa dolor tenetur reprehenderit accusantium nostrum.', '168c1536-4c42-4b8f-8c77-f06affefec6a', 'usr_552');
INSERT INTO trabalho.log_acesso VALUES ('log_552_0_1', '168c1536-4c42-4b8f-8c77-f06affefec6a', 'usr_552');
INSERT INTO trabalho.log_acesso VALUES ('log_552_1_1', '168c1536-4c42-4b8f-8c77-f06affefec6a', 'usr_552');
INSERT INTO trabalho.log_acesso VALUES ('log_552_2_1', '168c1536-4c42-4b8f-8c77-f06affefec6a', 'usr_552');
INSERT INTO trabalho.log_acesso VALUES ('log_552_3_1', '168c1536-4c42-4b8f-8c77-f06affefec6a', 'usr_552');
INSERT INTO trabalho.usuario_esta_inscrito_no_podcast VALUES (4, '67074e68-bc2f-442b-8af2-7d328b6af6eb', 'usr_552');
INSERT INTO trabalho.comentarios_podcast_usuario VALUES ('comment_552_0_2', 'Voluptatem necessitatibus omnis voluptas voluptatibus voluptas est.', '67074e68-bc2f-442b-8af2-7d328b6af6eb', 'usr_552');
INSERT INTO trabalho.comentarios_podcast_usuario VALUES ('comment_552_1_2', 'Quia id quisquam nostrum libero quasi alias et alias deleniti.', '67074e68-bc2f-442b-8af2-7d328b6af6eb', 'usr_552');
INSERT INTO trabalho.comentarios_podcast_usuario VALUES ('comment_552_2_2', 'Dolore autem soluta iste consequatur.', '67074e68-bc2f-442b-8af2-7d328b6af6eb', 'usr_552');
INSERT INTO trabalho.log_acesso VALUES ('log_552_0_2', '67074e68-bc2f-442b-8af2-7d328b6af6eb', 'usr_552');
INSERT INTO trabalho.log_acesso VALUES ('log_552_1_2', '67074e68-bc2f-442b-8af2-7d328b6af6eb', 'usr_552');
INSERT INTO trabalho.log_acesso VALUES ('log_552_2_2', '67074e68-bc2f-442b-8af2-7d328b6af6eb', 'usr_552');
INSERT INTO trabalho.log_acesso VALUES ('log_552_3_2', '67074e68-bc2f-442b-8af2-7d328b6af6eb', 'usr_552');
INSERT INTO trabalho.log_acesso VALUES ('log_552_4_2', '67074e68-bc2f-442b-8af2-7d328b6af6eb', 'usr_552');
INSERT INTO trabalho.log_acesso VALUES ('log_552_5_2', '67074e68-bc2f-442b-8af2-7d328b6af6eb', 'usr_552');
INSERT INTO trabalho.log_acesso VALUES ('log_552_6_2', '67074e68-bc2f-442b-8af2-7d328b6af6eb', 'usr_552');
INSERT INTO trabalho.usuario VALUES ('usr_553', '553_Gael.Oliveira@bol.com.br', 'Gael Oliveira', 'male', 35, 'password', 'Quiribati');
INSERT INTO trabalho.usuario_esta_inscrito_no_podcast VALUES (1, 'c58b280a-56d4-4ad8-8c85-730e4ea86361', 'usr_553');
INSERT INTO trabalho.comentarios_podcast_usuario VALUES ('comment_553_0_0', 'Beatae numquam quia labore quis quod.', 'c58b280a-56d4-4ad8-8c85-730e4ea86361', 'usr_553');
INSERT INTO trabalho.comentarios_podcast_usuario VALUES ('comment_553_1_0', 'Voluptatem sed id.', 'c58b280a-56d4-4ad8-8c85-730e4ea86361', 'usr_553');
INSERT INTO trabalho.comentarios_podcast_usuario VALUES ('comment_553_2_0', 'Voluptatem ex perferendis maiores veritatis ipsum amet explicabo excepturi aut.', 'c58b280a-56d4-4ad8-8c85-730e4ea86361', 'usr_553');
INSERT INTO trabalho.log_acesso VALUES ('log_553_0_0', 'c58b280a-56d4-4ad8-8c85-730e4ea86361', 'usr_553');
INSERT INTO trabalho.log_acesso VALUES ('log_553_1_0', 'c58b280a-56d4-4ad8-8c85-730e4ea86361', 'usr_553');
INSERT INTO trabalho.log_acesso VALUES ('log_553_2_0', 'c58b280a-56d4-4ad8-8c85-730e4ea86361', 'usr_553');
INSERT INTO trabalho.log_acesso VALUES ('log_553_3_0', 'c58b280a-56d4-4ad8-8c85-730e4ea86361', 'usr_553');
INSERT INTO trabalho.log_acesso VALUES ('log_553_4_0', 'c58b280a-56d4-4ad8-8c85-730e4ea86361', 'usr_553');
INSERT INTO trabalho.log_acesso VALUES ('log_553_5_0', 'c58b280a-56d4-4ad8-8c85-730e4ea86361', 'usr_553');
INSERT INTO trabalho.log_acesso VALUES ('log_553_6_0', 'c58b280a-56d4-4ad8-8c85-730e4ea86361', 'usr_553');
INSERT INTO trabalho.usuario_esta_inscrito_no_podcast VALUES (3, '67074e68-bc2f-442b-8af2-7d328b6af6eb', 'usr_553');
INSERT INTO trabalho.comentarios_podcast_usuario VALUES ('comment_553_0_1', 'Magni vel quidem ipsum sint vero minima molestiae.', '67074e68-bc2f-442b-8af2-7d328b6af6eb', 'usr_553');
INSERT INTO trabalho.comentarios_podcast_usuario VALUES ('comment_553_1_1', 'Sit architecto eveniet voluptas.', '67074e68-bc2f-442b-8af2-7d328b6af6eb', 'usr_553');
INSERT INTO trabalho.comentarios_podcast_usuario VALUES ('comment_553_2_1', 'Impedit perferendis qui dolore neque mollitia blanditiis.', '67074e68-bc2f-442b-8af2-7d328b6af6eb', 'usr_553');
INSERT INTO trabalho.comentarios_podcast_usuario VALUES ('comment_553_3_1', 'Et ut quia sequi illo.', '67074e68-bc2f-442b-8af2-7d328b6af6eb', 'usr_553');
INSERT INTO trabalho.comentarios_podcast_usuario VALUES ('comment_553_4_1', 'Vitae excepturi possimus consequatur omnis nisi aut non.', '67074e68-bc2f-442b-8af2-7d328b6af6eb', 'usr_553');
INSERT INTO trabalho.comentarios_podcast_usuario VALUES ('comment_553_5_1', 'Repellat nihil delectus fugiat sunt rerum veritatis nihil itaque.', '67074e68-bc2f-442b-8af2-7d328b6af6eb', 'usr_553');
INSERT INTO trabalho.log_acesso VALUES ('log_553_0_1', '67074e68-bc2f-442b-8af2-7d328b6af6eb', 'usr_553');
INSERT INTO trabalho.usuario_esta_inscrito_no_podcast VALUES (3, '168c1536-4c42-4b8f-8c77-f06affefec6a', 'usr_553');
INSERT INTO trabalho.comentarios_podcast_usuario VALUES ('comment_553_0_2', 'Quas architecto assumenda.', '168c1536-4c42-4b8f-8c77-f06affefec6a', 'usr_553');
INSERT INTO trabalho.comentarios_podcast_usuario VALUES ('comment_553_1_2', 'Sed perferendis illo minus beatae.', '168c1536-4c42-4b8f-8c77-f06affefec6a', 'usr_553');
INSERT INTO trabalho.log_acesso VALUES ('log_553_0_2', '168c1536-4c42-4b8f-8c77-f06affefec6a', 'usr_553');
INSERT INTO trabalho.log_acesso VALUES ('log_553_1_2', '168c1536-4c42-4b8f-8c77-f06affefec6a', 'usr_553');
INSERT INTO trabalho.log_acesso VALUES ('log_553_2_2', '168c1536-4c42-4b8f-8c77-f06affefec6a', 'usr_553');
INSERT INTO trabalho.log_acesso VALUES ('log_553_3_2', '168c1536-4c42-4b8f-8c77-f06affefec6a', 'usr_553');
INSERT INTO trabalho.log_acesso VALUES ('log_553_4_2', '168c1536-4c42-4b8f-8c77-f06affefec6a', 'usr_553');
INSERT INTO trabalho.log_acesso VALUES ('log_553_5_2', '168c1536-4c42-4b8f-8c77-f06affefec6a', 'usr_553');
INSERT INTO trabalho.log_acesso VALUES ('log_553_6_2', '168c1536-4c42-4b8f-8c77-f06affefec6a', 'usr_553');
INSERT INTO trabalho.log_acesso VALUES ('log_553_7_2', '168c1536-4c42-4b8f-8c77-f06affefec6a', 'usr_553');
INSERT INTO trabalho.usuario VALUES ('usr_554', '554_Miguel.Braga@hotmail.com', 'Miguel Braga', 'male', 4, 'password', 'Groelândia');
INSERT INTO trabalho.usuario_esta_inscrito_no_podcast VALUES (0, 'b553d865-8fe2-47de-9a30-10e1dea3bd1d', 'usr_554');
INSERT INTO trabalho.comentarios_podcast_usuario VALUES ('comment_554_0_0', 'Non iusto illo eos quas expedita eius dicta dolorem.', 'b553d865-8fe2-47de-9a30-10e1dea3bd1d', 'usr_554');
INSERT INTO trabalho.comentarios_podcast_usuario VALUES ('comment_554_1_0', 'Enim aliquam aliquid sit voluptatem omnis harum et ducimus.', 'b553d865-8fe2-47de-9a30-10e1dea3bd1d', 'usr_554');
INSERT INTO trabalho.log_acesso VALUES ('log_554_0_0', 'b553d865-8fe2-47de-9a30-10e1dea3bd1d', 'usr_554');
INSERT INTO trabalho.log_acesso VALUES ('log_554_1_0', 'b553d865-8fe2-47de-9a30-10e1dea3bd1d', 'usr_554');
INSERT INTO trabalho.log_acesso VALUES ('log_554_2_0', 'b553d865-8fe2-47de-9a30-10e1dea3bd1d', 'usr_554');
INSERT INTO trabalho.log_acesso VALUES ('log_554_3_0', 'b553d865-8fe2-47de-9a30-10e1dea3bd1d', 'usr_554');
INSERT INTO trabalho.log_acesso VALUES ('log_554_4_0', 'b553d865-8fe2-47de-9a30-10e1dea3bd1d', 'usr_554');
INSERT INTO trabalho.log_acesso VALUES ('log_554_5_0', 'b553d865-8fe2-47de-9a30-10e1dea3bd1d', 'usr_554');
INSERT INTO trabalho.usuario_esta_inscrito_no_podcast VALUES (0, 'af46a958-b921-47b6-9f87-5c4fdc68ea79', 'usr_554');
INSERT INTO trabalho.comentarios_podcast_usuario VALUES ('comment_554_0_1', 'Ad repellat totam quod perferendis repellat.', 'af46a958-b921-47b6-9f87-5c4fdc68ea79', 'usr_554');
INSERT INTO trabalho.comentarios_podcast_usuario VALUES ('comment_554_1_1', 'Voluptatem unde similique non et sapiente magni architecto.', 'af46a958-b921-47b6-9f87-5c4fdc68ea79', 'usr_554');
INSERT INTO trabalho.log_acesso VALUES ('log_554_0_1', 'af46a958-b921-47b6-9f87-5c4fdc68ea79', 'usr_554');
INSERT INTO trabalho.log_acesso VALUES ('log_554_1_1', 'af46a958-b921-47b6-9f87-5c4fdc68ea79', 'usr_554');
INSERT INTO trabalho.log_acesso VALUES ('log_554_2_1', 'af46a958-b921-47b6-9f87-5c4fdc68ea79', 'usr_554');
INSERT INTO trabalho.usuario_esta_inscrito_no_podcast VALUES (5, 'f8e13774-d631-4f34-93f0-2f5d55590265', 'usr_554');
INSERT INTO trabalho.comentarios_podcast_usuario VALUES ('comment_554_0_2', 'Est blanditiis voluptatem ex est rerum accusamus dolorum eos.', 'f8e13774-d631-4f34-93f0-2f5d55590265', 'usr_554');
INSERT INTO trabalho.comentarios_podcast_usuario VALUES ('comment_554_1_2', 'Voluptas rem qui non distinctio cum qui ea.', 'f8e13774-d631-4f34-93f0-2f5d55590265', 'usr_554');
INSERT INTO trabalho.log_acesso VALUES ('log_554_0_2', 'f8e13774-d631-4f34-93f0-2f5d55590265', 'usr_554');
INSERT INTO trabalho.log_acesso VALUES ('log_554_1_2', 'f8e13774-d631-4f34-93f0-2f5d55590265', 'usr_554');
INSERT INTO trabalho.log_acesso VALUES ('log_554_2_2', 'f8e13774-d631-4f34-93f0-2f5d55590265', 'usr_554');
INSERT INTO trabalho.usuario VALUES ('usr_555', '555_Norberto_Reis@live.com', 'Norberto Reis', 'male', 43, 'password', 'Bulgária');
INSERT INTO trabalho.usuario_esta_inscrito_no_podcast VALUES (3, '219328a1-cec6-4e8c-b003-52a3ec9766bb', 'usr_555');
INSERT INTO trabalho.comentarios_podcast_usuario VALUES ('comment_555_0_0', 'Ea dolor ipsam commodi deserunt recusandae.', '219328a1-cec6-4e8c-b003-52a3ec9766bb', 'usr_555');
INSERT INTO trabalho.comentarios_podcast_usuario VALUES ('comment_555_1_0', 'Odio dignissimos corrupti sunt aut et fugiat nisi.', '219328a1-cec6-4e8c-b003-52a3ec9766bb', 'usr_555');
INSERT INTO trabalho.comentarios_podcast_usuario VALUES ('comment_555_2_0', 'Et neque nihil dolores maiores quibusdam quia quae qui.', '219328a1-cec6-4e8c-b003-52a3ec9766bb', 'usr_555');
INSERT INTO trabalho.log_acesso VALUES ('log_555_0_0', '219328a1-cec6-4e8c-b003-52a3ec9766bb', 'usr_555');
INSERT INTO trabalho.log_acesso VALUES ('log_555_1_0', '219328a1-cec6-4e8c-b003-52a3ec9766bb', 'usr_555');
INSERT INTO trabalho.log_acesso VALUES ('log_555_2_0', '219328a1-cec6-4e8c-b003-52a3ec9766bb', 'usr_555');
INSERT INTO trabalho.usuario_esta_inscrito_no_podcast VALUES (2, '168c1536-4c42-4b8f-8c77-f06affefec6a', 'usr_555');
INSERT INTO trabalho.comentarios_podcast_usuario VALUES ('comment_555_0_1', 'Molestias iste eius facilis occaecati saepe alias et.', '168c1536-4c42-4b8f-8c77-f06affefec6a', 'usr_555');
INSERT INTO trabalho.comentarios_podcast_usuario VALUES ('comment_555_1_1', 'Quas molestiae quibusdam libero fugiat et quae magni iure.', '168c1536-4c42-4b8f-8c77-f06affefec6a', 'usr_555');
INSERT INTO trabalho.comentarios_podcast_usuario VALUES ('comment_555_2_1', 'Est dolores qui aut.', '168c1536-4c42-4b8f-8c77-f06affefec6a', 'usr_555');
INSERT INTO trabalho.log_acesso VALUES ('log_555_0_1', '168c1536-4c42-4b8f-8c77-f06affefec6a', 'usr_555');
INSERT INTO trabalho.log_acesso VALUES ('log_555_1_1', '168c1536-4c42-4b8f-8c77-f06affefec6a', 'usr_555');
INSERT INTO trabalho.log_acesso VALUES ('log_555_2_1', '168c1536-4c42-4b8f-8c77-f06affefec6a', 'usr_555');
INSERT INTO trabalho.usuario_esta_inscrito_no_podcast VALUES (1, '7e429e8e-7669-403d-bb78-3cd7f9f75afd', 'usr_555');
INSERT INTO trabalho.comentarios_podcast_usuario VALUES ('comment_555_0_2', 'Qui labore atque aliquid voluptatem.', '7e429e8e-7669-403d-bb78-3cd7f9f75afd', 'usr_555');
INSERT INTO trabalho.comentarios_podcast_usuario VALUES ('comment_555_1_2', 'Veritatis praesentium facere quo.', '7e429e8e-7669-403d-bb78-3cd7f9f75afd', 'usr_555');
INSERT INTO trabalho.comentarios_podcast_usuario VALUES ('comment_555_2_2', 'Fuga aut eligendi vitae officia debitis maxime dolorem placeat temporibus.', '7e429e8e-7669-403d-bb78-3cd7f9f75afd', 'usr_555');
INSERT INTO trabalho.comentarios_podcast_usuario VALUES ('comment_555_3_2', 'Et accusamus possimus quae ex voluptatibus tempore doloremque voluptas.', '7e429e8e-7669-403d-bb78-3cd7f9f75afd', 'usr_555');
INSERT INTO trabalho.log_acesso VALUES ('log_555_0_2', '7e429e8e-7669-403d-bb78-3cd7f9f75afd', 'usr_555');
INSERT INTO trabalho.log_acesso VALUES ('log_555_1_2', '7e429e8e-7669-403d-bb78-3cd7f9f75afd', 'usr_555');
INSERT INTO trabalho.log_acesso VALUES ('log_555_2_2', '7e429e8e-7669-403d-bb78-3cd7f9f75afd', 'usr_555');
INSERT INTO trabalho.usuario VALUES ('usr_556', '556_Oflia.Carvalho85@hotmail.com', 'Ofélia Carvalho', 'female', 44, 'password', 'Eslovênia');
INSERT INTO trabalho.usuario_esta_inscrito_no_podcast VALUES (2, 'f8e13774-d631-4f34-93f0-2f5d55590265', 'usr_556');
INSERT INTO trabalho.comentarios_podcast_usuario VALUES ('comment_556_0_0', 'Quia nisi optio omnis quos.', 'f8e13774-d631-4f34-93f0-2f5d55590265', 'usr_556');
INSERT INTO trabalho.comentarios_podcast_usuario VALUES ('comment_556_1_0', 'Et minus dolores est dignissimos.', 'f8e13774-d631-4f34-93f0-2f5d55590265', 'usr_556');
INSERT INTO trabalho.comentarios_podcast_usuario VALUES ('comment_556_2_0', 'Neque ad fuga voluptatem omnis saepe hic.', 'f8e13774-d631-4f34-93f0-2f5d55590265', 'usr_556');
INSERT INTO trabalho.comentarios_podcast_usuario VALUES ('comment_556_3_0', 'Accusantium suscipit soluta illum quis.', 'f8e13774-d631-4f34-93f0-2f5d55590265', 'usr_556');
INSERT INTO trabalho.comentarios_podcast_usuario VALUES ('comment_556_4_0', 'Et soluta placeat ut iusto.', 'f8e13774-d631-4f34-93f0-2f5d55590265', 'usr_556');
INSERT INTO trabalho.comentarios_podcast_usuario VALUES ('comment_556_5_0', 'Qui possimus sit.', 'f8e13774-d631-4f34-93f0-2f5d55590265', 'usr_556');
INSERT INTO trabalho.log_acesso VALUES ('log_556_0_0', 'f8e13774-d631-4f34-93f0-2f5d55590265', 'usr_556');
INSERT INTO trabalho.log_acesso VALUES ('log_556_1_0', 'f8e13774-d631-4f34-93f0-2f5d55590265', 'usr_556');
INSERT INTO trabalho.log_acesso VALUES ('log_556_2_0', 'f8e13774-d631-4f34-93f0-2f5d55590265', 'usr_556');
INSERT INTO trabalho.usuario_esta_inscrito_no_podcast VALUES (5, '219328a1-cec6-4e8c-b003-52a3ec9766bb', 'usr_556');
INSERT INTO trabalho.comentarios_podcast_usuario VALUES ('comment_556_0_1', 'Qui neque soluta fugit quae.', '219328a1-cec6-4e8c-b003-52a3ec9766bb', 'usr_556');
INSERT INTO trabalho.comentarios_podcast_usuario VALUES ('comment_556_1_1', 'Culpa facilis voluptas possimus esse fugiat.', '219328a1-cec6-4e8c-b003-52a3ec9766bb', 'usr_556');
INSERT INTO trabalho.log_acesso VALUES ('log_556_0_1', '219328a1-cec6-4e8c-b003-52a3ec9766bb', 'usr_556');
INSERT INTO trabalho.log_acesso VALUES ('log_556_1_1', '219328a1-cec6-4e8c-b003-52a3ec9766bb', 'usr_556');
INSERT INTO trabalho.log_acesso VALUES ('log_556_2_1', '219328a1-cec6-4e8c-b003-52a3ec9766bb', 'usr_556');
INSERT INTO trabalho.log_acesso VALUES ('log_556_3_1', '219328a1-cec6-4e8c-b003-52a3ec9766bb', 'usr_556');
INSERT INTO trabalho.usuario_esta_inscrito_no_podcast VALUES (1, 'de2f0ddb-9903-436a-a5e2-54224254c818', 'usr_556');
INSERT INTO trabalho.comentarios_podcast_usuario VALUES ('comment_556_0_2', 'Suscipit dignissimos expedita nemo voluptas voluptatem soluta non ut optio.', 'de2f0ddb-9903-436a-a5e2-54224254c818', 'usr_556');
INSERT INTO trabalho.log_acesso VALUES ('log_556_0_2', 'de2f0ddb-9903-436a-a5e2-54224254c818', 'usr_556');
INSERT INTO trabalho.log_acesso VALUES ('log_556_1_2', 'de2f0ddb-9903-436a-a5e2-54224254c818', 'usr_556');
INSERT INTO trabalho.log_acesso VALUES ('log_556_2_2', 'de2f0ddb-9903-436a-a5e2-54224254c818', 'usr_556');
INSERT INTO trabalho.usuario VALUES ('usr_557', '557_Marcela_Carvalho@hotmail.com', 'Marcela Carvalho', 'female', 21, 'password', 'Afeganistão');
INSERT INTO trabalho.usuario_esta_inscrito_no_podcast VALUES (2, 'c58b280a-56d4-4ad8-8c85-730e4ea86361', 'usr_557');
INSERT INTO trabalho.comentarios_podcast_usuario VALUES ('comment_557_0_0', 'Minus veniam recusandae aliquid ut non aut ut.', 'c58b280a-56d4-4ad8-8c85-730e4ea86361', 'usr_557');
INSERT INTO trabalho.comentarios_podcast_usuario VALUES ('comment_557_1_0', 'Quis autem eum voluptatem et repellat omnis et.', 'c58b280a-56d4-4ad8-8c85-730e4ea86361', 'usr_557');
INSERT INTO trabalho.comentarios_podcast_usuario VALUES ('comment_557_2_0', 'Delectus omnis voluptatum.', 'c58b280a-56d4-4ad8-8c85-730e4ea86361', 'usr_557');
INSERT INTO trabalho.log_acesso VALUES ('log_557_0_0', 'c58b280a-56d4-4ad8-8c85-730e4ea86361', 'usr_557');
INSERT INTO trabalho.log_acesso VALUES ('log_557_1_0', 'c58b280a-56d4-4ad8-8c85-730e4ea86361', 'usr_557');
INSERT INTO trabalho.log_acesso VALUES ('log_557_2_0', 'c58b280a-56d4-4ad8-8c85-730e4ea86361', 'usr_557');
INSERT INTO trabalho.log_acesso VALUES ('log_557_3_0', 'c58b280a-56d4-4ad8-8c85-730e4ea86361', 'usr_557');
INSERT INTO trabalho.usuario_esta_inscrito_no_podcast VALUES (2, 'de2f0ddb-9903-436a-a5e2-54224254c818', 'usr_557');
INSERT INTO trabalho.comentarios_podcast_usuario VALUES ('comment_557_0_1', 'Beatae maxime nihil atque facere dolores.', 'de2f0ddb-9903-436a-a5e2-54224254c818', 'usr_557');
INSERT INTO trabalho.comentarios_podcast_usuario VALUES ('comment_557_1_1', 'Vero perferendis tempore aliquam sint accusamus iste autem dicta officiis.', 'de2f0ddb-9903-436a-a5e2-54224254c818', 'usr_557');
INSERT INTO trabalho.comentarios_podcast_usuario VALUES ('comment_557_2_1', 'Reprehenderit at voluptas dolor.', 'de2f0ddb-9903-436a-a5e2-54224254c818', 'usr_557');
INSERT INTO trabalho.comentarios_podcast_usuario VALUES ('comment_557_3_1', 'Veniam non eum aliquam.', 'de2f0ddb-9903-436a-a5e2-54224254c818', 'usr_557');
INSERT INTO trabalho.comentarios_podcast_usuario VALUES ('comment_557_4_1', 'Consequuntur ducimus repudiandae ducimus asperiores eius et.', 'de2f0ddb-9903-436a-a5e2-54224254c818', 'usr_557');
INSERT INTO trabalho.comentarios_podcast_usuario VALUES ('comment_557_5_1', 'Adipisci facere maxime temporibus distinctio eos eos omnis rem porro.', 'de2f0ddb-9903-436a-a5e2-54224254c818', 'usr_557');
INSERT INTO trabalho.log_acesso VALUES ('log_557_0_1', 'de2f0ddb-9903-436a-a5e2-54224254c818', 'usr_557');
INSERT INTO trabalho.log_acesso VALUES ('log_557_1_1', 'de2f0ddb-9903-436a-a5e2-54224254c818', 'usr_557');
INSERT INTO trabalho.usuario_esta_inscrito_no_podcast VALUES (0, 'f0166bd2-8e4d-4308-b5d7-0b3d627c5dc5', 'usr_557');
INSERT INTO trabalho.comentarios_podcast_usuario VALUES ('comment_557_0_2', 'At maxime doloribus repudiandae dolore.', 'f0166bd2-8e4d-4308-b5d7-0b3d627c5dc5', 'usr_557');
INSERT INTO trabalho.comentarios_podcast_usuario VALUES ('comment_557_1_2', 'Debitis rerum voluptatem et qui tempora harum.', 'f0166bd2-8e4d-4308-b5d7-0b3d627c5dc5', 'usr_557');
INSERT INTO trabalho.comentarios_podcast_usuario VALUES ('comment_557_2_2', 'Numquam nesciunt enim voluptatem ut qui optio.', 'f0166bd2-8e4d-4308-b5d7-0b3d627c5dc5', 'usr_557');
INSERT INTO trabalho.log_acesso VALUES ('log_557_0_2', 'f0166bd2-8e4d-4308-b5d7-0b3d627c5dc5', 'usr_557');
INSERT INTO trabalho.log_acesso VALUES ('log_557_1_2', 'f0166bd2-8e4d-4308-b5d7-0b3d627c5dc5', 'usr_557');
INSERT INTO trabalho.usuario VALUES ('usr_558', '558_Benjamin.Moraes4@yahoo.com', 'Benjamin Moraes', 'male', 56, 'password', 'Taiwan');
INSERT INTO trabalho.usuario_esta_inscrito_no_podcast VALUES (5, 'af46a958-b921-47b6-9f87-5c4fdc68ea79', 'usr_558');
INSERT INTO trabalho.comentarios_podcast_usuario VALUES ('comment_558_0_0', 'Velit eos qui et blanditiis enim omnis.', 'af46a958-b921-47b6-9f87-5c4fdc68ea79', 'usr_558');
INSERT INTO trabalho.comentarios_podcast_usuario VALUES ('comment_558_1_0', 'In quo sed omnis consequatur voluptas consequuntur voluptates molestias ullam.', 'af46a958-b921-47b6-9f87-5c4fdc68ea79', 'usr_558');
INSERT INTO trabalho.comentarios_podcast_usuario VALUES ('comment_558_2_0', 'Illo sunt maiores ipsum rerum est nihil quia alias.', 'af46a958-b921-47b6-9f87-5c4fdc68ea79', 'usr_558');
INSERT INTO trabalho.comentarios_podcast_usuario VALUES ('comment_558_3_0', 'Eos est alias.', 'af46a958-b921-47b6-9f87-5c4fdc68ea79', 'usr_558');
INSERT INTO trabalho.comentarios_podcast_usuario VALUES ('comment_558_4_0', 'Non rerum aliquam.', 'af46a958-b921-47b6-9f87-5c4fdc68ea79', 'usr_558');
INSERT INTO trabalho.comentarios_podcast_usuario VALUES ('comment_558_5_0', 'Inventore sit nemo nulla itaque.', 'af46a958-b921-47b6-9f87-5c4fdc68ea79', 'usr_558');
INSERT INTO trabalho.comentarios_podcast_usuario VALUES ('comment_558_6_0', 'Quod porro dolores voluptatum ad ipsa qui.', 'af46a958-b921-47b6-9f87-5c4fdc68ea79', 'usr_558');
INSERT INTO trabalho.log_acesso VALUES ('log_558_0_0', 'af46a958-b921-47b6-9f87-5c4fdc68ea79', 'usr_558');
INSERT INTO trabalho.log_acesso VALUES ('log_558_1_0', 'af46a958-b921-47b6-9f87-5c4fdc68ea79', 'usr_558');
INSERT INTO trabalho.usuario_esta_inscrito_no_podcast VALUES (2, 'f1b92ce7-47a7-43cd-8586-4a09185cdd05', 'usr_558');
INSERT INTO trabalho.comentarios_podcast_usuario VALUES ('comment_558_0_1', 'Voluptate in non id.', 'f1b92ce7-47a7-43cd-8586-4a09185cdd05', 'usr_558');
INSERT INTO trabalho.log_acesso VALUES ('log_558_0_1', 'f1b92ce7-47a7-43cd-8586-4a09185cdd05', 'usr_558');
INSERT INTO trabalho.log_acesso VALUES ('log_558_1_1', 'f1b92ce7-47a7-43cd-8586-4a09185cdd05', 'usr_558');
INSERT INTO trabalho.log_acesso VALUES ('log_558_2_1', 'f1b92ce7-47a7-43cd-8586-4a09185cdd05', 'usr_558');
INSERT INTO trabalho.log_acesso VALUES ('log_558_3_1', 'f1b92ce7-47a7-43cd-8586-4a09185cdd05', 'usr_558');
INSERT INTO trabalho.usuario_esta_inscrito_no_podcast VALUES (5, '5bdf7377-8330-4f9f-8efd-e95301c122ce', 'usr_558');
INSERT INTO trabalho.comentarios_podcast_usuario VALUES ('comment_558_0_2', 'Fuga fugit et soluta in ea.', '5bdf7377-8330-4f9f-8efd-e95301c122ce', 'usr_558');
INSERT INTO trabalho.comentarios_podcast_usuario VALUES ('comment_558_1_2', 'Doloribus nobis quasi repellendus ad quaerat dicta.', '5bdf7377-8330-4f9f-8efd-e95301c122ce', 'usr_558');
INSERT INTO trabalho.log_acesso VALUES ('log_558_0_2', '5bdf7377-8330-4f9f-8efd-e95301c122ce', 'usr_558');
INSERT INTO trabalho.log_acesso VALUES ('log_558_1_2', '5bdf7377-8330-4f9f-8efd-e95301c122ce', 'usr_558');
INSERT INTO trabalho.log_acesso VALUES ('log_558_2_2', '5bdf7377-8330-4f9f-8efd-e95301c122ce', 'usr_558');
INSERT INTO trabalho.usuario VALUES ('usr_559', '559_Marcos_Saraiva98@bol.com.br', 'Marcos Saraiva', 'male', 31, 'password', 'Marianas Setentrionais');
INSERT INTO trabalho.usuario_esta_inscrito_no_podcast VALUES (3, '219328a1-cec6-4e8c-b003-52a3ec9766bb', 'usr_559');
INSERT INTO trabalho.comentarios_podcast_usuario VALUES ('comment_559_0_0', 'Dolorem quo quia.', '219328a1-cec6-4e8c-b003-52a3ec9766bb', 'usr_559');
INSERT INTO trabalho.comentarios_podcast_usuario VALUES ('comment_559_1_0', 'Vel molestiae alias.', '219328a1-cec6-4e8c-b003-52a3ec9766bb', 'usr_559');
INSERT INTO trabalho.comentarios_podcast_usuario VALUES ('comment_559_2_0', 'Voluptatem nihil ut autem accusantium voluptatibus dolore occaecati enim.', '219328a1-cec6-4e8c-b003-52a3ec9766bb', 'usr_559');
INSERT INTO trabalho.comentarios_podcast_usuario VALUES ('comment_559_3_0', 'Saepe modi dolor ut ipsa dolores.', '219328a1-cec6-4e8c-b003-52a3ec9766bb', 'usr_559');
INSERT INTO trabalho.comentarios_podcast_usuario VALUES ('comment_559_4_0', 'Quaerat sunt maiores error cum ipsam id doloribus in.', '219328a1-cec6-4e8c-b003-52a3ec9766bb', 'usr_559');
INSERT INTO trabalho.log_acesso VALUES ('log_559_0_0', '219328a1-cec6-4e8c-b003-52a3ec9766bb', 'usr_559');
INSERT INTO trabalho.log_acesso VALUES ('log_559_1_0', '219328a1-cec6-4e8c-b003-52a3ec9766bb', 'usr_559');
INSERT INTO trabalho.log_acesso VALUES ('log_559_2_0', '219328a1-cec6-4e8c-b003-52a3ec9766bb', 'usr_559');
INSERT INTO trabalho.log_acesso VALUES ('log_559_3_0', '219328a1-cec6-4e8c-b003-52a3ec9766bb', 'usr_559');
INSERT INTO trabalho.log_acesso VALUES ('log_559_4_0', '219328a1-cec6-4e8c-b003-52a3ec9766bb', 'usr_559');
INSERT INTO trabalho.log_acesso VALUES ('log_559_5_0', '219328a1-cec6-4e8c-b003-52a3ec9766bb', 'usr_559');
INSERT INTO trabalho.usuario_esta_inscrito_no_podcast VALUES (4, '67074e68-bc2f-442b-8af2-7d328b6af6eb', 'usr_559');
INSERT INTO trabalho.comentarios_podcast_usuario VALUES ('comment_559_0_1', 'Voluptates sint recusandae sequi vel aut repellat.', '67074e68-bc2f-442b-8af2-7d328b6af6eb', 'usr_559');
INSERT INTO trabalho.comentarios_podcast_usuario VALUES ('comment_559_1_1', 'Commodi numquam expedita ut a ex nostrum sit doloribus omnis.', '67074e68-bc2f-442b-8af2-7d328b6af6eb', 'usr_559');
INSERT INTO trabalho.comentarios_podcast_usuario VALUES ('comment_559_2_1', 'Minima fugiat tempora occaecati dolores eos.', '67074e68-bc2f-442b-8af2-7d328b6af6eb', 'usr_559');
INSERT INTO trabalho.comentarios_podcast_usuario VALUES ('comment_559_3_1', 'Quia itaque distinctio doloremque amet.', '67074e68-bc2f-442b-8af2-7d328b6af6eb', 'usr_559');
INSERT INTO trabalho.comentarios_podcast_usuario VALUES ('comment_559_4_1', 'Et tempora saepe et et doloribus cum iusto est quos.', '67074e68-bc2f-442b-8af2-7d328b6af6eb', 'usr_559');
INSERT INTO trabalho.log_acesso VALUES ('log_559_0_1', '67074e68-bc2f-442b-8af2-7d328b6af6eb', 'usr_559');
INSERT INTO trabalho.log_acesso VALUES ('log_559_1_1', '67074e68-bc2f-442b-8af2-7d328b6af6eb', 'usr_559');
INSERT INTO trabalho.log_acesso VALUES ('log_559_2_1', '67074e68-bc2f-442b-8af2-7d328b6af6eb', 'usr_559');
INSERT INTO trabalho.usuario_esta_inscrito_no_podcast VALUES (5, 'c58b280a-56d4-4ad8-8c85-730e4ea86361', 'usr_559');
INSERT INTO trabalho.comentarios_podcast_usuario VALUES ('comment_559_0_2', 'Consequatur autem ut illo qui veniam rerum qui.', 'c58b280a-56d4-4ad8-8c85-730e4ea86361', 'usr_559');
INSERT INTO trabalho.comentarios_podcast_usuario VALUES ('comment_559_1_2', 'Aut nostrum ducimus id perferendis non et.', 'c58b280a-56d4-4ad8-8c85-730e4ea86361', 'usr_559');
INSERT INTO trabalho.comentarios_podcast_usuario VALUES ('comment_559_2_2', 'Consequatur magnam laudantium ratione.', 'c58b280a-56d4-4ad8-8c85-730e4ea86361', 'usr_559');
INSERT INTO trabalho.comentarios_podcast_usuario VALUES ('comment_559_3_2', 'Molestiae ab omnis quasi nulla quia omnis magnam ab non.', 'c58b280a-56d4-4ad8-8c85-730e4ea86361', 'usr_559');
INSERT INTO trabalho.log_acesso VALUES ('log_559_0_2', 'c58b280a-56d4-4ad8-8c85-730e4ea86361', 'usr_559');
INSERT INTO trabalho.log_acesso VALUES ('log_559_1_2', 'c58b280a-56d4-4ad8-8c85-730e4ea86361', 'usr_559');
INSERT INTO trabalho.log_acesso VALUES ('log_559_2_2', 'c58b280a-56d4-4ad8-8c85-730e4ea86361', 'usr_559');
INSERT INTO trabalho.log_acesso VALUES ('log_559_3_2', 'c58b280a-56d4-4ad8-8c85-730e4ea86361', 'usr_559');
INSERT INTO trabalho.log_acesso VALUES ('log_559_4_2', 'c58b280a-56d4-4ad8-8c85-730e4ea86361', 'usr_559');
INSERT INTO trabalho.log_acesso VALUES ('log_559_5_2', 'c58b280a-56d4-4ad8-8c85-730e4ea86361', 'usr_559');
INSERT INTO trabalho.usuario VALUES ('usr_560', '560_Liz.Carvalho81@hotmail.com', 'Liz Carvalho', 'female', 38, 'password', 'Chipre');
INSERT INTO trabalho.usuario_esta_inscrito_no_podcast VALUES (0, '219328a1-cec6-4e8c-b003-52a3ec9766bb', 'usr_560');
INSERT INTO trabalho.comentarios_podcast_usuario VALUES ('comment_560_0_0', 'Earum cupiditate mollitia.', '219328a1-cec6-4e8c-b003-52a3ec9766bb', 'usr_560');
INSERT INTO trabalho.log_acesso VALUES ('log_560_0_0', '219328a1-cec6-4e8c-b003-52a3ec9766bb', 'usr_560');
INSERT INTO trabalho.log_acesso VALUES ('log_560_1_0', '219328a1-cec6-4e8c-b003-52a3ec9766bb', 'usr_560');
INSERT INTO trabalho.log_acesso VALUES ('log_560_2_0', '219328a1-cec6-4e8c-b003-52a3ec9766bb', 'usr_560');
INSERT INTO trabalho.log_acesso VALUES ('log_560_3_0', '219328a1-cec6-4e8c-b003-52a3ec9766bb', 'usr_560');
INSERT INTO trabalho.usuario_esta_inscrito_no_podcast VALUES (1, '5bdf7377-8330-4f9f-8efd-e95301c122ce', 'usr_560');
INSERT INTO trabalho.comentarios_podcast_usuario VALUES ('comment_560_0_1', 'Vel deserunt laudantium ut quia odit omnis error maxime.', '5bdf7377-8330-4f9f-8efd-e95301c122ce', 'usr_560');
INSERT INTO trabalho.comentarios_podcast_usuario VALUES ('comment_560_1_1', 'Vel aut quia similique.', '5bdf7377-8330-4f9f-8efd-e95301c122ce', 'usr_560');
INSERT INTO trabalho.comentarios_podcast_usuario VALUES ('comment_560_2_1', 'Sunt non culpa quaerat est et.', '5bdf7377-8330-4f9f-8efd-e95301c122ce', 'usr_560');
INSERT INTO trabalho.comentarios_podcast_usuario VALUES ('comment_560_3_1', 'Voluptates autem culpa et cumque ea laborum optio.', '5bdf7377-8330-4f9f-8efd-e95301c122ce', 'usr_560');
INSERT INTO trabalho.log_acesso VALUES ('log_560_0_1', '5bdf7377-8330-4f9f-8efd-e95301c122ce', 'usr_560');
INSERT INTO trabalho.log_acesso VALUES ('log_560_1_1', '5bdf7377-8330-4f9f-8efd-e95301c122ce', 'usr_560');
INSERT INTO trabalho.log_acesso VALUES ('log_560_2_1', '5bdf7377-8330-4f9f-8efd-e95301c122ce', 'usr_560');
INSERT INTO trabalho.usuario_esta_inscrito_no_podcast VALUES (4, '7e429e8e-7669-403d-bb78-3cd7f9f75afd', 'usr_560');
INSERT INTO trabalho.comentarios_podcast_usuario VALUES ('comment_560_0_2', 'Sunt consequatur earum.', '7e429e8e-7669-403d-bb78-3cd7f9f75afd', 'usr_560');
INSERT INTO trabalho.comentarios_podcast_usuario VALUES ('comment_560_1_2', 'Ut iste neque ut aut itaque iste repudiandae.', '7e429e8e-7669-403d-bb78-3cd7f9f75afd', 'usr_560');
INSERT INTO trabalho.comentarios_podcast_usuario VALUES ('comment_560_2_2', 'Perferendis accusamus ducimus.', '7e429e8e-7669-403d-bb78-3cd7f9f75afd', 'usr_560');
INSERT INTO trabalho.comentarios_podcast_usuario VALUES ('comment_560_3_2', 'Aut est voluptatem.', '7e429e8e-7669-403d-bb78-3cd7f9f75afd', 'usr_560');
INSERT INTO trabalho.log_acesso VALUES ('log_560_0_2', '7e429e8e-7669-403d-bb78-3cd7f9f75afd', 'usr_560');
INSERT INTO trabalho.log_acesso VALUES ('log_560_1_2', '7e429e8e-7669-403d-bb78-3cd7f9f75afd', 'usr_560');
INSERT INTO trabalho.log_acesso VALUES ('log_560_2_2', '7e429e8e-7669-403d-bb78-3cd7f9f75afd', 'usr_560');
INSERT INTO trabalho.log_acesso VALUES ('log_560_3_2', '7e429e8e-7669-403d-bb78-3cd7f9f75afd', 'usr_560');
INSERT INTO trabalho.log_acesso VALUES ('log_560_4_2', '7e429e8e-7669-403d-bb78-3cd7f9f75afd', 'usr_560');
INSERT INTO trabalho.log_acesso VALUES ('log_560_5_2', '7e429e8e-7669-403d-bb78-3cd7f9f75afd', 'usr_560');
INSERT INTO trabalho.log_acesso VALUES ('log_560_6_2', '7e429e8e-7669-403d-bb78-3cd7f9f75afd', 'usr_560');
INSERT INTO trabalho.usuario VALUES ('usr_561', '561_Vicente.Barros15@yahoo.com', 'Vicente Barros', 'male', 27, 'password', 'Suazilândia');
INSERT INTO trabalho.usuario_esta_inscrito_no_podcast VALUES (3, '168c1536-4c42-4b8f-8c77-f06affefec6a', 'usr_561');
INSERT INTO trabalho.comentarios_podcast_usuario VALUES ('comment_561_0_0', 'Voluptates aut ad qui.', '168c1536-4c42-4b8f-8c77-f06affefec6a', 'usr_561');
INSERT INTO trabalho.comentarios_podcast_usuario VALUES ('comment_561_1_0', 'Voluptates enim excepturi ullam at est vero.', '168c1536-4c42-4b8f-8c77-f06affefec6a', 'usr_561');
INSERT INTO trabalho.comentarios_podcast_usuario VALUES ('comment_561_2_0', 'Illum reprehenderit et vel beatae.', '168c1536-4c42-4b8f-8c77-f06affefec6a', 'usr_561');
INSERT INTO trabalho.comentarios_podcast_usuario VALUES ('comment_561_3_0', 'Et cumque est ab voluptas quis quos sint.', '168c1536-4c42-4b8f-8c77-f06affefec6a', 'usr_561');
INSERT INTO trabalho.comentarios_podcast_usuario VALUES ('comment_561_4_0', 'Omnis voluptas illo enim eum unde quidem ut.', '168c1536-4c42-4b8f-8c77-f06affefec6a', 'usr_561');
INSERT INTO trabalho.comentarios_podcast_usuario VALUES ('comment_561_5_0', 'Explicabo sint consequuntur expedita qui voluptatem nisi.', '168c1536-4c42-4b8f-8c77-f06affefec6a', 'usr_561');
INSERT INTO trabalho.comentarios_podcast_usuario VALUES ('comment_561_6_0', 'Quia vero temporibus.', '168c1536-4c42-4b8f-8c77-f06affefec6a', 'usr_561');
INSERT INTO trabalho.log_acesso VALUES ('log_561_0_0', '168c1536-4c42-4b8f-8c77-f06affefec6a', 'usr_561');
INSERT INTO trabalho.log_acesso VALUES ('log_561_1_0', '168c1536-4c42-4b8f-8c77-f06affefec6a', 'usr_561');
INSERT INTO trabalho.log_acesso VALUES ('log_561_2_0', '168c1536-4c42-4b8f-8c77-f06affefec6a', 'usr_561');
INSERT INTO trabalho.usuario_esta_inscrito_no_podcast VALUES (3, 'c58b280a-56d4-4ad8-8c85-730e4ea86361', 'usr_561');
INSERT INTO trabalho.comentarios_podcast_usuario VALUES ('comment_561_0_1', 'Laudantium sint impedit dolor aut commodi et molestias.', 'c58b280a-56d4-4ad8-8c85-730e4ea86361', 'usr_561');
INSERT INTO trabalho.comentarios_podcast_usuario VALUES ('comment_561_1_1', 'Fuga rem voluptate impedit et.', 'c58b280a-56d4-4ad8-8c85-730e4ea86361', 'usr_561');
INSERT INTO trabalho.comentarios_podcast_usuario VALUES ('comment_561_2_1', 'Voluptas natus cumque inventore itaque saepe repellat dolor commodi.', 'c58b280a-56d4-4ad8-8c85-730e4ea86361', 'usr_561');
INSERT INTO trabalho.comentarios_podcast_usuario VALUES ('comment_561_3_1', 'Eos sequi placeat.', 'c58b280a-56d4-4ad8-8c85-730e4ea86361', 'usr_561');
INSERT INTO trabalho.comentarios_podcast_usuario VALUES ('comment_561_4_1', 'Aut adipisci ut illo suscipit corrupti facilis et repellendus sunt.', 'c58b280a-56d4-4ad8-8c85-730e4ea86361', 'usr_561');
INSERT INTO trabalho.log_acesso VALUES ('log_561_0_1', 'c58b280a-56d4-4ad8-8c85-730e4ea86361', 'usr_561');
INSERT INTO trabalho.log_acesso VALUES ('log_561_1_1', 'c58b280a-56d4-4ad8-8c85-730e4ea86361', 'usr_561');
INSERT INTO trabalho.log_acesso VALUES ('log_561_2_1', 'c58b280a-56d4-4ad8-8c85-730e4ea86361', 'usr_561');
INSERT INTO trabalho.log_acesso VALUES ('log_561_3_1', 'c58b280a-56d4-4ad8-8c85-730e4ea86361', 'usr_561');
INSERT INTO trabalho.log_acesso VALUES ('log_561_4_1', 'c58b280a-56d4-4ad8-8c85-730e4ea86361', 'usr_561');
INSERT INTO trabalho.usuario_esta_inscrito_no_podcast VALUES (1, '7e429e8e-7669-403d-bb78-3cd7f9f75afd', 'usr_561');
INSERT INTO trabalho.comentarios_podcast_usuario VALUES ('comment_561_0_2', 'Unde ab totam voluptatem alias quod.', '7e429e8e-7669-403d-bb78-3cd7f9f75afd', 'usr_561');
INSERT INTO trabalho.comentarios_podcast_usuario VALUES ('comment_561_1_2', 'Omnis dolores quia cum quo voluptatibus reiciendis itaque quibusdam et.', '7e429e8e-7669-403d-bb78-3cd7f9f75afd', 'usr_561');
INSERT INTO trabalho.comentarios_podcast_usuario VALUES ('comment_561_2_2', 'Saepe earum ipsa quae non doloribus.', '7e429e8e-7669-403d-bb78-3cd7f9f75afd', 'usr_561');
INSERT INTO trabalho.comentarios_podcast_usuario VALUES ('comment_561_3_2', 'Repellendus quia quis autem.', '7e429e8e-7669-403d-bb78-3cd7f9f75afd', 'usr_561');
INSERT INTO trabalho.comentarios_podcast_usuario VALUES ('comment_561_4_2', 'Veniam nostrum voluptatem voluptas dolorum ut aliquam.', '7e429e8e-7669-403d-bb78-3cd7f9f75afd', 'usr_561');
INSERT INTO trabalho.log_acesso VALUES ('log_561_0_2', '7e429e8e-7669-403d-bb78-3cd7f9f75afd', 'usr_561');
INSERT INTO trabalho.log_acesso VALUES ('log_561_1_2', '7e429e8e-7669-403d-bb78-3cd7f9f75afd', 'usr_561');
INSERT INTO trabalho.usuario VALUES ('usr_562', '562_Antonella.Xavier@gmail.com', 'Antonella Xavier', 'female', 34, 'password', 'Equador');
INSERT INTO trabalho.usuario_esta_inscrito_no_podcast VALUES (5, 'f0166bd2-8e4d-4308-b5d7-0b3d627c5dc5', 'usr_562');
INSERT INTO trabalho.comentarios_podcast_usuario VALUES ('comment_562_0_0', 'Vel quia qui laboriosam quasi.', 'f0166bd2-8e4d-4308-b5d7-0b3d627c5dc5', 'usr_562');
INSERT INTO trabalho.comentarios_podcast_usuario VALUES ('comment_562_1_0', 'Est culpa sapiente.', 'f0166bd2-8e4d-4308-b5d7-0b3d627c5dc5', 'usr_562');
INSERT INTO trabalho.comentarios_podcast_usuario VALUES ('comment_562_2_0', 'Aut non voluptas et tempore sequi voluptate quia est consequatur.', 'f0166bd2-8e4d-4308-b5d7-0b3d627c5dc5', 'usr_562');
INSERT INTO trabalho.comentarios_podcast_usuario VALUES ('comment_562_3_0', 'Id aut magnam.', 'f0166bd2-8e4d-4308-b5d7-0b3d627c5dc5', 'usr_562');
INSERT INTO trabalho.comentarios_podcast_usuario VALUES ('comment_562_4_0', 'Nemo quia architecto id voluptas doloremque dolorem beatae dolor.', 'f0166bd2-8e4d-4308-b5d7-0b3d627c5dc5', 'usr_562');
INSERT INTO trabalho.comentarios_podcast_usuario VALUES ('comment_562_5_0', 'Eum cupiditate qui aut dignissimos.', 'f0166bd2-8e4d-4308-b5d7-0b3d627c5dc5', 'usr_562');
INSERT INTO trabalho.log_acesso VALUES ('log_562_0_0', 'f0166bd2-8e4d-4308-b5d7-0b3d627c5dc5', 'usr_562');
INSERT INTO trabalho.log_acesso VALUES ('log_562_1_0', 'f0166bd2-8e4d-4308-b5d7-0b3d627c5dc5', 'usr_562');
INSERT INTO trabalho.log_acesso VALUES ('log_562_2_0', 'f0166bd2-8e4d-4308-b5d7-0b3d627c5dc5', 'usr_562');
INSERT INTO trabalho.log_acesso VALUES ('log_562_3_0', 'f0166bd2-8e4d-4308-b5d7-0b3d627c5dc5', 'usr_562');
INSERT INTO trabalho.log_acesso VALUES ('log_562_4_0', 'f0166bd2-8e4d-4308-b5d7-0b3d627c5dc5', 'usr_562');
INSERT INTO trabalho.usuario_esta_inscrito_no_podcast VALUES (2, 'bc8dac25-793c-4a96-aafc-4ea7020f4f60', 'usr_562');
INSERT INTO trabalho.comentarios_podcast_usuario VALUES ('comment_562_0_1', 'Facilis exercitationem et illo consequatur explicabo beatae eius.', 'bc8dac25-793c-4a96-aafc-4ea7020f4f60', 'usr_562');
INSERT INTO trabalho.comentarios_podcast_usuario VALUES ('comment_562_1_1', 'Aut deserunt omnis est iste quibusdam blanditiis iure.', 'bc8dac25-793c-4a96-aafc-4ea7020f4f60', 'usr_562');
INSERT INTO trabalho.comentarios_podcast_usuario VALUES ('comment_562_2_1', 'Omnis et cupiditate dolor error neque voluptas vitae sunt.', 'bc8dac25-793c-4a96-aafc-4ea7020f4f60', 'usr_562');
INSERT INTO trabalho.comentarios_podcast_usuario VALUES ('comment_562_3_1', 'Dolorem illum et aperiam est iste in cumque.', 'bc8dac25-793c-4a96-aafc-4ea7020f4f60', 'usr_562');
INSERT INTO trabalho.log_acesso VALUES ('log_562_0_1', 'bc8dac25-793c-4a96-aafc-4ea7020f4f60', 'usr_562');
INSERT INTO trabalho.log_acesso VALUES ('log_562_1_1', 'bc8dac25-793c-4a96-aafc-4ea7020f4f60', 'usr_562');
INSERT INTO trabalho.log_acesso VALUES ('log_562_2_1', 'bc8dac25-793c-4a96-aafc-4ea7020f4f60', 'usr_562');
INSERT INTO trabalho.usuario_esta_inscrito_no_podcast VALUES (1, '219328a1-cec6-4e8c-b003-52a3ec9766bb', 'usr_562');
INSERT INTO trabalho.comentarios_podcast_usuario VALUES ('comment_562_0_2', 'Adipisci aliquam eligendi maxime sequi error temporibus.', '219328a1-cec6-4e8c-b003-52a3ec9766bb', 'usr_562');
INSERT INTO trabalho.comentarios_podcast_usuario VALUES ('comment_562_1_2', 'Dolore excepturi accusamus quas impedit.', '219328a1-cec6-4e8c-b003-52a3ec9766bb', 'usr_562');
INSERT INTO trabalho.comentarios_podcast_usuario VALUES ('comment_562_2_2', 'Minima autem ad et rerum quisquam non debitis labore.', '219328a1-cec6-4e8c-b003-52a3ec9766bb', 'usr_562');
INSERT INTO trabalho.log_acesso VALUES ('log_562_0_2', '219328a1-cec6-4e8c-b003-52a3ec9766bb', 'usr_562');
INSERT INTO trabalho.log_acesso VALUES ('log_562_1_2', '219328a1-cec6-4e8c-b003-52a3ec9766bb', 'usr_562');
INSERT INTO trabalho.usuario VALUES ('usr_563', '563_Bryan34@gmail.com', 'Bryan Albuquerque', 'male', 14, 'password', 'Suazilândia');
INSERT INTO trabalho.usuario_esta_inscrito_no_podcast VALUES (5, 'c58b280a-56d4-4ad8-8c85-730e4ea86361', 'usr_563');
INSERT INTO trabalho.comentarios_podcast_usuario VALUES ('comment_563_0_0', 'Fugit distinctio nemo id placeat et consectetur.', 'c58b280a-56d4-4ad8-8c85-730e4ea86361', 'usr_563');
INSERT INTO trabalho.comentarios_podcast_usuario VALUES ('comment_563_1_0', 'Dicta quia fuga est voluptatem ab sequi molestias velit.', 'c58b280a-56d4-4ad8-8c85-730e4ea86361', 'usr_563');
INSERT INTO trabalho.comentarios_podcast_usuario VALUES ('comment_563_2_0', 'Nulla exercitationem velit vero laboriosam voluptates dolorum rem eum.', 'c58b280a-56d4-4ad8-8c85-730e4ea86361', 'usr_563');
INSERT INTO trabalho.log_acesso VALUES ('log_563_0_0', 'c58b280a-56d4-4ad8-8c85-730e4ea86361', 'usr_563');
INSERT INTO trabalho.log_acesso VALUES ('log_563_1_0', 'c58b280a-56d4-4ad8-8c85-730e4ea86361', 'usr_563');
INSERT INTO trabalho.log_acesso VALUES ('log_563_2_0', 'c58b280a-56d4-4ad8-8c85-730e4ea86361', 'usr_563');
INSERT INTO trabalho.usuario_esta_inscrito_no_podcast VALUES (1, '219328a1-cec6-4e8c-b003-52a3ec9766bb', 'usr_563');
INSERT INTO trabalho.comentarios_podcast_usuario VALUES ('comment_563_0_1', 'Quia sed odio quo est vel.', '219328a1-cec6-4e8c-b003-52a3ec9766bb', 'usr_563');
INSERT INTO trabalho.comentarios_podcast_usuario VALUES ('comment_563_1_1', 'Non commodi quidem sit voluptas est quae reprehenderit earum eos.', '219328a1-cec6-4e8c-b003-52a3ec9766bb', 'usr_563');
INSERT INTO trabalho.comentarios_podcast_usuario VALUES ('comment_563_2_1', 'Et nihil voluptatem est excepturi corporis voluptates dolor.', '219328a1-cec6-4e8c-b003-52a3ec9766bb', 'usr_563');
INSERT INTO trabalho.comentarios_podcast_usuario VALUES ('comment_563_3_1', 'Nihil esse culpa minima sed facere alias minima dignissimos.', '219328a1-cec6-4e8c-b003-52a3ec9766bb', 'usr_563');
INSERT INTO trabalho.comentarios_podcast_usuario VALUES ('comment_563_4_1', 'Inventore qui fuga qui ut voluptates qui tenetur natus.', '219328a1-cec6-4e8c-b003-52a3ec9766bb', 'usr_563');
INSERT INTO trabalho.log_acesso VALUES ('log_563_0_1', '219328a1-cec6-4e8c-b003-52a3ec9766bb', 'usr_563');
INSERT INTO trabalho.log_acesso VALUES ('log_563_1_1', '219328a1-cec6-4e8c-b003-52a3ec9766bb', 'usr_563');
INSERT INTO trabalho.log_acesso VALUES ('log_563_2_1', '219328a1-cec6-4e8c-b003-52a3ec9766bb', 'usr_563');
INSERT INTO trabalho.log_acesso VALUES ('log_563_3_1', '219328a1-cec6-4e8c-b003-52a3ec9766bb', 'usr_563');
INSERT INTO trabalho.usuario_esta_inscrito_no_podcast VALUES (4, 'fa3abe16-3645-4d22-a01d-893e6f20c408', 'usr_563');
INSERT INTO trabalho.comentarios_podcast_usuario VALUES ('comment_563_0_2', 'Autem rem modi rerum aut est.', 'fa3abe16-3645-4d22-a01d-893e6f20c408', 'usr_563');
INSERT INTO trabalho.comentarios_podcast_usuario VALUES ('comment_563_1_2', 'Corporis a pariatur autem vel laborum.', 'fa3abe16-3645-4d22-a01d-893e6f20c408', 'usr_563');
INSERT INTO trabalho.comentarios_podcast_usuario VALUES ('comment_563_2_2', 'Odio similique earum ipsa quo minus dolores.', 'fa3abe16-3645-4d22-a01d-893e6f20c408', 'usr_563');
INSERT INTO trabalho.log_acesso VALUES ('log_563_0_2', 'fa3abe16-3645-4d22-a01d-893e6f20c408', 'usr_563');
INSERT INTO trabalho.log_acesso VALUES ('log_563_1_2', 'fa3abe16-3645-4d22-a01d-893e6f20c408', 'usr_563');
INSERT INTO trabalho.log_acesso VALUES ('log_563_2_2', 'fa3abe16-3645-4d22-a01d-893e6f20c408', 'usr_563');
INSERT INTO trabalho.usuario VALUES ('usr_564', '564_Alessandro71@hotmail.com', 'Alessandro Franco', 'male', 49, 'password', 'Vanuatu');
INSERT INTO trabalho.usuario_esta_inscrito_no_podcast VALUES (5, '7e429e8e-7669-403d-bb78-3cd7f9f75afd', 'usr_564');
INSERT INTO trabalho.comentarios_podcast_usuario VALUES ('comment_564_0_0', 'Veniam sit earum totam eligendi est aut dolorum eum sed.', '7e429e8e-7669-403d-bb78-3cd7f9f75afd', 'usr_564');
INSERT INTO trabalho.comentarios_podcast_usuario VALUES ('comment_564_1_0', 'Facere optio dolore sint quibusdam quia iste culpa consequatur ut.', '7e429e8e-7669-403d-bb78-3cd7f9f75afd', 'usr_564');
INSERT INTO trabalho.comentarios_podcast_usuario VALUES ('comment_564_2_0', 'Ut qui omnis optio iste voluptas quis adipisci.', '7e429e8e-7669-403d-bb78-3cd7f9f75afd', 'usr_564');
INSERT INTO trabalho.comentarios_podcast_usuario VALUES ('comment_564_3_0', 'Beatae laborum et fugit qui cum.', '7e429e8e-7669-403d-bb78-3cd7f9f75afd', 'usr_564');
INSERT INTO trabalho.log_acesso VALUES ('log_564_0_0', '7e429e8e-7669-403d-bb78-3cd7f9f75afd', 'usr_564');
INSERT INTO trabalho.log_acesso VALUES ('log_564_1_0', '7e429e8e-7669-403d-bb78-3cd7f9f75afd', 'usr_564');
INSERT INTO trabalho.log_acesso VALUES ('log_564_2_0', '7e429e8e-7669-403d-bb78-3cd7f9f75afd', 'usr_564');
INSERT INTO trabalho.log_acesso VALUES ('log_564_3_0', '7e429e8e-7669-403d-bb78-3cd7f9f75afd', 'usr_564');
INSERT INTO trabalho.usuario_esta_inscrito_no_podcast VALUES (3, 'bc8dac25-793c-4a96-aafc-4ea7020f4f60', 'usr_564');
INSERT INTO trabalho.comentarios_podcast_usuario VALUES ('comment_564_0_1', 'Doloremque illum et non sit.', 'bc8dac25-793c-4a96-aafc-4ea7020f4f60', 'usr_564');
INSERT INTO trabalho.comentarios_podcast_usuario VALUES ('comment_564_1_1', 'In eligendi qui eum consequatur tempore porro et ipsa.', 'bc8dac25-793c-4a96-aafc-4ea7020f4f60', 'usr_564');
INSERT INTO trabalho.log_acesso VALUES ('log_564_0_1', 'bc8dac25-793c-4a96-aafc-4ea7020f4f60', 'usr_564');
INSERT INTO trabalho.log_acesso VALUES ('log_564_1_1', 'bc8dac25-793c-4a96-aafc-4ea7020f4f60', 'usr_564');
INSERT INTO trabalho.usuario_esta_inscrito_no_podcast VALUES (0, '67074e68-bc2f-442b-8af2-7d328b6af6eb', 'usr_564');
INSERT INTO trabalho.comentarios_podcast_usuario VALUES ('comment_564_0_2', 'Et iure dolor nihil earum ratione aperiam ab.', '67074e68-bc2f-442b-8af2-7d328b6af6eb', 'usr_564');
INSERT INTO trabalho.comentarios_podcast_usuario VALUES ('comment_564_1_2', 'Voluptatem velit mollitia fugiat et est quaerat ut ad minima.', '67074e68-bc2f-442b-8af2-7d328b6af6eb', 'usr_564');
INSERT INTO trabalho.comentarios_podcast_usuario VALUES ('comment_564_2_2', 'Eos quis aut error tempora sed nulla quam quod consectetur.', '67074e68-bc2f-442b-8af2-7d328b6af6eb', 'usr_564');
INSERT INTO trabalho.comentarios_podcast_usuario VALUES ('comment_564_3_2', 'Ullam asperiores ab velit vel ut in hic.', '67074e68-bc2f-442b-8af2-7d328b6af6eb', 'usr_564');
INSERT INTO trabalho.log_acesso VALUES ('log_564_0_2', '67074e68-bc2f-442b-8af2-7d328b6af6eb', 'usr_564');
INSERT INTO trabalho.log_acesso VALUES ('log_564_1_2', '67074e68-bc2f-442b-8af2-7d328b6af6eb', 'usr_564');
INSERT INTO trabalho.log_acesso VALUES ('log_564_2_2', '67074e68-bc2f-442b-8af2-7d328b6af6eb', 'usr_564');
INSERT INTO trabalho.log_acesso VALUES ('log_564_3_2', '67074e68-bc2f-442b-8af2-7d328b6af6eb', 'usr_564');
INSERT INTO trabalho.log_acesso VALUES ('log_564_4_2', '67074e68-bc2f-442b-8af2-7d328b6af6eb', 'usr_564');
INSERT INTO trabalho.log_acesso VALUES ('log_564_5_2', '67074e68-bc2f-442b-8af2-7d328b6af6eb', 'usr_564');
INSERT INTO trabalho.usuario VALUES ('usr_565', '565_Alessandro11@gmail.com', 'Alessandro Souza', 'male', 6, 'password', 'Sérvia');
INSERT INTO trabalho.usuario_esta_inscrito_no_podcast VALUES (5, '219328a1-cec6-4e8c-b003-52a3ec9766bb', 'usr_565');
INSERT INTO trabalho.comentarios_podcast_usuario VALUES ('comment_565_0_0', 'Sint quis optio totam.', '219328a1-cec6-4e8c-b003-52a3ec9766bb', 'usr_565');
INSERT INTO trabalho.comentarios_podcast_usuario VALUES ('comment_565_1_0', 'Modi aut laboriosam.', '219328a1-cec6-4e8c-b003-52a3ec9766bb', 'usr_565');
INSERT INTO trabalho.comentarios_podcast_usuario VALUES ('comment_565_2_0', 'Ut vel deleniti hic dolor a dolor non.', '219328a1-cec6-4e8c-b003-52a3ec9766bb', 'usr_565');
INSERT INTO trabalho.comentarios_podcast_usuario VALUES ('comment_565_3_0', 'Vitae aut rerum veritatis ducimus consequatur sint aut.', '219328a1-cec6-4e8c-b003-52a3ec9766bb', 'usr_565');
INSERT INTO trabalho.comentarios_podcast_usuario VALUES ('comment_565_4_0', 'Distinctio vel officiis explicabo possimus explicabo.', '219328a1-cec6-4e8c-b003-52a3ec9766bb', 'usr_565');
INSERT INTO trabalho.comentarios_podcast_usuario VALUES ('comment_565_5_0', 'Asperiores officiis assumenda rerum sequi cum provident numquam mollitia.', '219328a1-cec6-4e8c-b003-52a3ec9766bb', 'usr_565');
INSERT INTO trabalho.log_acesso VALUES ('log_565_0_0', '219328a1-cec6-4e8c-b003-52a3ec9766bb', 'usr_565');
INSERT INTO trabalho.log_acesso VALUES ('log_565_1_0', '219328a1-cec6-4e8c-b003-52a3ec9766bb', 'usr_565');
INSERT INTO trabalho.log_acesso VALUES ('log_565_2_0', '219328a1-cec6-4e8c-b003-52a3ec9766bb', 'usr_565');
INSERT INTO trabalho.log_acesso VALUES ('log_565_3_0', '219328a1-cec6-4e8c-b003-52a3ec9766bb', 'usr_565');
INSERT INTO trabalho.usuario_esta_inscrito_no_podcast VALUES (4, '168c1536-4c42-4b8f-8c77-f06affefec6a', 'usr_565');
INSERT INTO trabalho.comentarios_podcast_usuario VALUES ('comment_565_0_1', 'Veritatis non quae quia beatae atque vitae laborum veniam velit.', '168c1536-4c42-4b8f-8c77-f06affefec6a', 'usr_565');
INSERT INTO trabalho.comentarios_podcast_usuario VALUES ('comment_565_1_1', 'Aut inventore reprehenderit dolorem dolor repellat molestiae eos.', '168c1536-4c42-4b8f-8c77-f06affefec6a', 'usr_565');
INSERT INTO trabalho.comentarios_podcast_usuario VALUES ('comment_565_2_1', 'Ullam delectus amet ea maxime nihil sed est.', '168c1536-4c42-4b8f-8c77-f06affefec6a', 'usr_565');
INSERT INTO trabalho.log_acesso VALUES ('log_565_0_1', '168c1536-4c42-4b8f-8c77-f06affefec6a', 'usr_565');
INSERT INTO trabalho.log_acesso VALUES ('log_565_1_1', '168c1536-4c42-4b8f-8c77-f06affefec6a', 'usr_565');
INSERT INTO trabalho.log_acesso VALUES ('log_565_2_1', '168c1536-4c42-4b8f-8c77-f06affefec6a', 'usr_565');
INSERT INTO trabalho.log_acesso VALUES ('log_565_3_1', '168c1536-4c42-4b8f-8c77-f06affefec6a', 'usr_565');
INSERT INTO trabalho.log_acesso VALUES ('log_565_4_1', '168c1536-4c42-4b8f-8c77-f06affefec6a', 'usr_565');
INSERT INTO trabalho.log_acesso VALUES ('log_565_5_1', '168c1536-4c42-4b8f-8c77-f06affefec6a', 'usr_565');
INSERT INTO trabalho.usuario_esta_inscrito_no_podcast VALUES (5, '7e429e8e-7669-403d-bb78-3cd7f9f75afd', 'usr_565');
INSERT INTO trabalho.comentarios_podcast_usuario VALUES ('comment_565_0_2', 'Quisquam neque sit dolorum voluptatem mollitia dignissimos odit.', '7e429e8e-7669-403d-bb78-3cd7f9f75afd', 'usr_565');
INSERT INTO trabalho.comentarios_podcast_usuario VALUES ('comment_565_1_2', 'Dolorem a voluptas ab qui aut aut aliquam voluptas porro.', '7e429e8e-7669-403d-bb78-3cd7f9f75afd', 'usr_565');
INSERT INTO trabalho.comentarios_podcast_usuario VALUES ('comment_565_2_2', 'Expedita minima enim libero non incidunt.', '7e429e8e-7669-403d-bb78-3cd7f9f75afd', 'usr_565');
INSERT INTO trabalho.comentarios_podcast_usuario VALUES ('comment_565_3_2', 'Facere asperiores ipsum eos minima numquam veniam maiores.', '7e429e8e-7669-403d-bb78-3cd7f9f75afd', 'usr_565');
INSERT INTO trabalho.comentarios_podcast_usuario VALUES ('comment_565_4_2', 'Consequatur harum qui maiores inventore.', '7e429e8e-7669-403d-bb78-3cd7f9f75afd', 'usr_565');
INSERT INTO trabalho.log_acesso VALUES ('log_565_0_2', '7e429e8e-7669-403d-bb78-3cd7f9f75afd', 'usr_565');
INSERT INTO trabalho.log_acesso VALUES ('log_565_1_2', '7e429e8e-7669-403d-bb78-3cd7f9f75afd', 'usr_565');
INSERT INTO trabalho.log_acesso VALUES ('log_565_2_2', '7e429e8e-7669-403d-bb78-3cd7f9f75afd', 'usr_565');
INSERT INTO trabalho.usuario VALUES ('usr_566', '566_Davi39@bol.com.br', 'Davi Saraiva', 'male', 52, 'password', 'Porto Rico');
INSERT INTO trabalho.usuario_esta_inscrito_no_podcast VALUES (0, '67074e68-bc2f-442b-8af2-7d328b6af6eb', 'usr_566');
INSERT INTO trabalho.comentarios_podcast_usuario VALUES ('comment_566_0_0', 'Repellendus voluptatibus repellendus qui veniam ullam vitae qui vel accusantium.', '67074e68-bc2f-442b-8af2-7d328b6af6eb', 'usr_566');
INSERT INTO trabalho.comentarios_podcast_usuario VALUES ('comment_566_1_0', 'Suscipit qui eius eaque ex doloribus expedita.', '67074e68-bc2f-442b-8af2-7d328b6af6eb', 'usr_566');
INSERT INTO trabalho.log_acesso VALUES ('log_566_0_0', '67074e68-bc2f-442b-8af2-7d328b6af6eb', 'usr_566');
INSERT INTO trabalho.log_acesso VALUES ('log_566_1_0', '67074e68-bc2f-442b-8af2-7d328b6af6eb', 'usr_566');
INSERT INTO trabalho.log_acesso VALUES ('log_566_2_0', '67074e68-bc2f-442b-8af2-7d328b6af6eb', 'usr_566');
INSERT INTO trabalho.log_acesso VALUES ('log_566_3_0', '67074e68-bc2f-442b-8af2-7d328b6af6eb', 'usr_566');
INSERT INTO trabalho.log_acesso VALUES ('log_566_4_0', '67074e68-bc2f-442b-8af2-7d328b6af6eb', 'usr_566');
INSERT INTO trabalho.usuario_esta_inscrito_no_podcast VALUES (4, 'f1b92ce7-47a7-43cd-8586-4a09185cdd05', 'usr_566');
INSERT INTO trabalho.comentarios_podcast_usuario VALUES ('comment_566_0_1', 'Ut consequatur sit.', 'f1b92ce7-47a7-43cd-8586-4a09185cdd05', 'usr_566');
INSERT INTO trabalho.log_acesso VALUES ('log_566_0_1', 'f1b92ce7-47a7-43cd-8586-4a09185cdd05', 'usr_566');
INSERT INTO trabalho.log_acesso VALUES ('log_566_1_1', 'f1b92ce7-47a7-43cd-8586-4a09185cdd05', 'usr_566');
INSERT INTO trabalho.usuario_esta_inscrito_no_podcast VALUES (4, '7e429e8e-7669-403d-bb78-3cd7f9f75afd', 'usr_566');
INSERT INTO trabalho.comentarios_podcast_usuario VALUES ('comment_566_0_2', 'Assumenda assumenda rerum qui.', '7e429e8e-7669-403d-bb78-3cd7f9f75afd', 'usr_566');
INSERT INTO trabalho.comentarios_podcast_usuario VALUES ('comment_566_1_2', 'Possimus maiores ullam reiciendis libero quia eius.', '7e429e8e-7669-403d-bb78-3cd7f9f75afd', 'usr_566');
INSERT INTO trabalho.log_acesso VALUES ('log_566_0_2', '7e429e8e-7669-403d-bb78-3cd7f9f75afd', 'usr_566');
INSERT INTO trabalho.log_acesso VALUES ('log_566_1_2', '7e429e8e-7669-403d-bb78-3cd7f9f75afd', 'usr_566');
INSERT INTO trabalho.log_acesso VALUES ('log_566_2_2', '7e429e8e-7669-403d-bb78-3cd7f9f75afd', 'usr_566');
INSERT INTO trabalho.log_acesso VALUES ('log_566_3_2', '7e429e8e-7669-403d-bb78-3cd7f9f75afd', 'usr_566');
INSERT INTO trabalho.usuario VALUES ('usr_567', '567_Marina.Albuquerque52@bol.com.br', 'Marina Albuquerque', 'female', 9, 'password', 'Armênia');
INSERT INTO trabalho.usuario_esta_inscrito_no_podcast VALUES (2, '219328a1-cec6-4e8c-b003-52a3ec9766bb', 'usr_567');
INSERT INTO trabalho.comentarios_podcast_usuario VALUES ('comment_567_0_0', 'Qui cumque nihil aut et facere.', '219328a1-cec6-4e8c-b003-52a3ec9766bb', 'usr_567');
INSERT INTO trabalho.comentarios_podcast_usuario VALUES ('comment_567_1_0', 'Eligendi voluptatem ea molestiae optio ipsa quasi officiis.', '219328a1-cec6-4e8c-b003-52a3ec9766bb', 'usr_567');
INSERT INTO trabalho.comentarios_podcast_usuario VALUES ('comment_567_2_0', 'Sapiente officia recusandae dolore sit minus animi praesentium et facilis.', '219328a1-cec6-4e8c-b003-52a3ec9766bb', 'usr_567');
INSERT INTO trabalho.comentarios_podcast_usuario VALUES ('comment_567_3_0', 'Ut aut adipisci occaecati voluptatum est.', '219328a1-cec6-4e8c-b003-52a3ec9766bb', 'usr_567');
INSERT INTO trabalho.comentarios_podcast_usuario VALUES ('comment_567_4_0', 'Beatae consequuntur officiis assumenda doloribus aspernatur quibusdam voluptatem qui.', '219328a1-cec6-4e8c-b003-52a3ec9766bb', 'usr_567');
INSERT INTO trabalho.log_acesso VALUES ('log_567_0_0', '219328a1-cec6-4e8c-b003-52a3ec9766bb', 'usr_567');
INSERT INTO trabalho.log_acesso VALUES ('log_567_1_0', '219328a1-cec6-4e8c-b003-52a3ec9766bb', 'usr_567');
INSERT INTO trabalho.usuario_esta_inscrito_no_podcast VALUES (2, '67074e68-bc2f-442b-8af2-7d328b6af6eb', 'usr_567');
INSERT INTO trabalho.comentarios_podcast_usuario VALUES ('comment_567_0_1', 'Fugiat facere est quidem nisi consequuntur.', '67074e68-bc2f-442b-8af2-7d328b6af6eb', 'usr_567');
INSERT INTO trabalho.log_acesso VALUES ('log_567_0_1', '67074e68-bc2f-442b-8af2-7d328b6af6eb', 'usr_567');
INSERT INTO trabalho.log_acesso VALUES ('log_567_1_1', '67074e68-bc2f-442b-8af2-7d328b6af6eb', 'usr_567');
INSERT INTO trabalho.log_acesso VALUES ('log_567_2_1', '67074e68-bc2f-442b-8af2-7d328b6af6eb', 'usr_567');
INSERT INTO trabalho.log_acesso VALUES ('log_567_3_1', '67074e68-bc2f-442b-8af2-7d328b6af6eb', 'usr_567');
INSERT INTO trabalho.usuario_esta_inscrito_no_podcast VALUES (1, 'bc8dac25-793c-4a96-aafc-4ea7020f4f60', 'usr_567');
INSERT INTO trabalho.comentarios_podcast_usuario VALUES ('comment_567_0_2', 'Eligendi et corporis corporis ut deleniti quos est et.', 'bc8dac25-793c-4a96-aafc-4ea7020f4f60', 'usr_567');
INSERT INTO trabalho.comentarios_podcast_usuario VALUES ('comment_567_1_2', 'Temporibus omnis ex ea veritatis sed praesentium sit.', 'bc8dac25-793c-4a96-aafc-4ea7020f4f60', 'usr_567');
INSERT INTO trabalho.comentarios_podcast_usuario VALUES ('comment_567_2_2', 'Aut nam illo numquam est corrupti quibusdam.', 'bc8dac25-793c-4a96-aafc-4ea7020f4f60', 'usr_567');
INSERT INTO trabalho.comentarios_podcast_usuario VALUES ('comment_567_3_2', 'Ex cum nam et rerum accusamus similique.', 'bc8dac25-793c-4a96-aafc-4ea7020f4f60', 'usr_567');
INSERT INTO trabalho.comentarios_podcast_usuario VALUES ('comment_567_4_2', 'Perspiciatis totam qui ea.', 'bc8dac25-793c-4a96-aafc-4ea7020f4f60', 'usr_567');
INSERT INTO trabalho.log_acesso VALUES ('log_567_0_2', 'bc8dac25-793c-4a96-aafc-4ea7020f4f60', 'usr_567');
INSERT INTO trabalho.log_acesso VALUES ('log_567_1_2', 'bc8dac25-793c-4a96-aafc-4ea7020f4f60', 'usr_567');
INSERT INTO trabalho.log_acesso VALUES ('log_567_2_2', 'bc8dac25-793c-4a96-aafc-4ea7020f4f60', 'usr_567');
INSERT INTO trabalho.usuario VALUES ('usr_568', '568_Clia30@gmail.com', 'Célia Franco', 'female', 14, 'password', 'Reino Unido');
INSERT INTO trabalho.usuario_esta_inscrito_no_podcast VALUES (1, '67074e68-bc2f-442b-8af2-7d328b6af6eb', 'usr_568');
INSERT INTO trabalho.comentarios_podcast_usuario VALUES ('comment_568_0_0', 'Iusto voluptatibus distinctio porro doloribus possimus minima.', '67074e68-bc2f-442b-8af2-7d328b6af6eb', 'usr_568');
INSERT INTO trabalho.comentarios_podcast_usuario VALUES ('comment_568_1_0', 'Omnis iure quia explicabo voluptatem vitae.', '67074e68-bc2f-442b-8af2-7d328b6af6eb', 'usr_568');
INSERT INTO trabalho.comentarios_podcast_usuario VALUES ('comment_568_2_0', 'Magnam quaerat deserunt natus dolores tempore.', '67074e68-bc2f-442b-8af2-7d328b6af6eb', 'usr_568');
INSERT INTO trabalho.log_acesso VALUES ('log_568_0_0', '67074e68-bc2f-442b-8af2-7d328b6af6eb', 'usr_568');
INSERT INTO trabalho.log_acesso VALUES ('log_568_1_0', '67074e68-bc2f-442b-8af2-7d328b6af6eb', 'usr_568');
INSERT INTO trabalho.log_acesso VALUES ('log_568_2_0', '67074e68-bc2f-442b-8af2-7d328b6af6eb', 'usr_568');
INSERT INTO trabalho.usuario_esta_inscrito_no_podcast VALUES (4, 'c58b280a-56d4-4ad8-8c85-730e4ea86361', 'usr_568');
INSERT INTO trabalho.comentarios_podcast_usuario VALUES ('comment_568_0_1', 'Tempora ipsa dolores.', 'c58b280a-56d4-4ad8-8c85-730e4ea86361', 'usr_568');
INSERT INTO trabalho.comentarios_podcast_usuario VALUES ('comment_568_1_1', 'Quia sed asperiores explicabo dolor rerum.', 'c58b280a-56d4-4ad8-8c85-730e4ea86361', 'usr_568');
INSERT INTO trabalho.comentarios_podcast_usuario VALUES ('comment_568_2_1', 'Voluptas et non doloremque.', 'c58b280a-56d4-4ad8-8c85-730e4ea86361', 'usr_568');
INSERT INTO trabalho.log_acesso VALUES ('log_568_0_1', 'c58b280a-56d4-4ad8-8c85-730e4ea86361', 'usr_568');
INSERT INTO trabalho.log_acesso VALUES ('log_568_1_1', 'c58b280a-56d4-4ad8-8c85-730e4ea86361', 'usr_568');
INSERT INTO trabalho.log_acesso VALUES ('log_568_2_1', 'c58b280a-56d4-4ad8-8c85-730e4ea86361', 'usr_568');
INSERT INTO trabalho.usuario_esta_inscrito_no_podcast VALUES (4, 'f1b92ce7-47a7-43cd-8586-4a09185cdd05', 'usr_568');
INSERT INTO trabalho.comentarios_podcast_usuario VALUES ('comment_568_0_2', 'Vel debitis iure.', 'f1b92ce7-47a7-43cd-8586-4a09185cdd05', 'usr_568');
INSERT INTO trabalho.log_acesso VALUES ('log_568_0_2', 'f1b92ce7-47a7-43cd-8586-4a09185cdd05', 'usr_568');
INSERT INTO trabalho.log_acesso VALUES ('log_568_1_2', 'f1b92ce7-47a7-43cd-8586-4a09185cdd05', 'usr_568');
INSERT INTO trabalho.log_acesso VALUES ('log_568_2_2', 'f1b92ce7-47a7-43cd-8586-4a09185cdd05', 'usr_568');
INSERT INTO trabalho.usuario VALUES ('usr_569', '569_Alexandre.Silva@gmail.com', 'Alexandre Silva', 'male', 3, 'password', 'Niue');
INSERT INTO trabalho.usuario_esta_inscrito_no_podcast VALUES (2, '5bdf7377-8330-4f9f-8efd-e95301c122ce', 'usr_569');
INSERT INTO trabalho.comentarios_podcast_usuario VALUES ('comment_569_0_0', 'Quis sint repudiandae ullam excepturi voluptatibus eius autem.', '5bdf7377-8330-4f9f-8efd-e95301c122ce', 'usr_569');
INSERT INTO trabalho.log_acesso VALUES ('log_569_0_0', '5bdf7377-8330-4f9f-8efd-e95301c122ce', 'usr_569');
INSERT INTO trabalho.log_acesso VALUES ('log_569_1_0', '5bdf7377-8330-4f9f-8efd-e95301c122ce', 'usr_569');
INSERT INTO trabalho.log_acesso VALUES ('log_569_2_0', '5bdf7377-8330-4f9f-8efd-e95301c122ce', 'usr_569');
INSERT INTO trabalho.log_acesso VALUES ('log_569_3_0', '5bdf7377-8330-4f9f-8efd-e95301c122ce', 'usr_569');
INSERT INTO trabalho.log_acesso VALUES ('log_569_4_0', '5bdf7377-8330-4f9f-8efd-e95301c122ce', 'usr_569');
INSERT INTO trabalho.usuario_esta_inscrito_no_podcast VALUES (0, 'c58b280a-56d4-4ad8-8c85-730e4ea86361', 'usr_569');
INSERT INTO trabalho.comentarios_podcast_usuario VALUES ('comment_569_0_1', 'Similique labore tempora voluptas.', 'c58b280a-56d4-4ad8-8c85-730e4ea86361', 'usr_569');
INSERT INTO trabalho.comentarios_podcast_usuario VALUES ('comment_569_1_1', 'Tempore esse voluptate perferendis ex.', 'c58b280a-56d4-4ad8-8c85-730e4ea86361', 'usr_569');
INSERT INTO trabalho.comentarios_podcast_usuario VALUES ('comment_569_2_1', 'Et eaque autem laudantium veniam nisi reiciendis est.', 'c58b280a-56d4-4ad8-8c85-730e4ea86361', 'usr_569');
INSERT INTO trabalho.comentarios_podcast_usuario VALUES ('comment_569_3_1', 'Corrupti expedita eum culpa accusantium voluptates vel excepturi dolor officia.', 'c58b280a-56d4-4ad8-8c85-730e4ea86361', 'usr_569');
INSERT INTO trabalho.comentarios_podcast_usuario VALUES ('comment_569_4_1', 'Amet ut dolorem sed asperiores consectetur nihil suscipit.', 'c58b280a-56d4-4ad8-8c85-730e4ea86361', 'usr_569');
INSERT INTO trabalho.log_acesso VALUES ('log_569_0_1', 'c58b280a-56d4-4ad8-8c85-730e4ea86361', 'usr_569');
INSERT INTO trabalho.log_acesso VALUES ('log_569_1_1', 'c58b280a-56d4-4ad8-8c85-730e4ea86361', 'usr_569');
INSERT INTO trabalho.log_acesso VALUES ('log_569_2_1', 'c58b280a-56d4-4ad8-8c85-730e4ea86361', 'usr_569');
INSERT INTO trabalho.log_acesso VALUES ('log_569_3_1', 'c58b280a-56d4-4ad8-8c85-730e4ea86361', 'usr_569');
INSERT INTO trabalho.usuario_esta_inscrito_no_podcast VALUES (0, 'b553d865-8fe2-47de-9a30-10e1dea3bd1d', 'usr_569');
INSERT INTO trabalho.comentarios_podcast_usuario VALUES ('comment_569_0_2', 'Et aut voluptatum.', 'b553d865-8fe2-47de-9a30-10e1dea3bd1d', 'usr_569');
INSERT INTO trabalho.comentarios_podcast_usuario VALUES ('comment_569_1_2', 'Possimus non dicta molestias.', 'b553d865-8fe2-47de-9a30-10e1dea3bd1d', 'usr_569');
INSERT INTO trabalho.comentarios_podcast_usuario VALUES ('comment_569_2_2', 'Voluptatem delectus aut facere nobis.', 'b553d865-8fe2-47de-9a30-10e1dea3bd1d', 'usr_569');
INSERT INTO trabalho.comentarios_podcast_usuario VALUES ('comment_569_3_2', 'Dolorem dolore quasi.', 'b553d865-8fe2-47de-9a30-10e1dea3bd1d', 'usr_569');
INSERT INTO trabalho.comentarios_podcast_usuario VALUES ('comment_569_4_2', 'Debitis dicta aut sed ipsa veritatis.', 'b553d865-8fe2-47de-9a30-10e1dea3bd1d', 'usr_569');
INSERT INTO trabalho.log_acesso VALUES ('log_569_0_2', 'b553d865-8fe2-47de-9a30-10e1dea3bd1d', 'usr_569');
INSERT INTO trabalho.log_acesso VALUES ('log_569_1_2', 'b553d865-8fe2-47de-9a30-10e1dea3bd1d', 'usr_569');
INSERT INTO trabalho.log_acesso VALUES ('log_569_2_2', 'b553d865-8fe2-47de-9a30-10e1dea3bd1d', 'usr_569');
INSERT INTO trabalho.usuario VALUES ('usr_570', '570_Alcia.Martins@live.com', 'Alícia Martins', 'female', 29, 'password', 'Finlândia');
INSERT INTO trabalho.usuario_esta_inscrito_no_podcast VALUES (2, '168c1536-4c42-4b8f-8c77-f06affefec6a', 'usr_570');
INSERT INTO trabalho.comentarios_podcast_usuario VALUES ('comment_570_0_0', 'Dolorem fugiat eos.', '168c1536-4c42-4b8f-8c77-f06affefec6a', 'usr_570');
INSERT INTO trabalho.comentarios_podcast_usuario VALUES ('comment_570_1_0', 'Voluptatem aut error quam consequatur dolorem.', '168c1536-4c42-4b8f-8c77-f06affefec6a', 'usr_570');
INSERT INTO trabalho.comentarios_podcast_usuario VALUES ('comment_570_2_0', 'Voluptatum iusto sed voluptates.', '168c1536-4c42-4b8f-8c77-f06affefec6a', 'usr_570');
INSERT INTO trabalho.comentarios_podcast_usuario VALUES ('comment_570_3_0', 'Quod rerum est sed.', '168c1536-4c42-4b8f-8c77-f06affefec6a', 'usr_570');
INSERT INTO trabalho.comentarios_podcast_usuario VALUES ('comment_570_4_0', 'Iusto modi eligendi non qui quia illo reprehenderit nulla non.', '168c1536-4c42-4b8f-8c77-f06affefec6a', 'usr_570');
INSERT INTO trabalho.comentarios_podcast_usuario VALUES ('comment_570_5_0', 'Magnam doloremque quasi voluptatem eius.', '168c1536-4c42-4b8f-8c77-f06affefec6a', 'usr_570');
INSERT INTO trabalho.log_acesso VALUES ('log_570_0_0', '168c1536-4c42-4b8f-8c77-f06affefec6a', 'usr_570');
INSERT INTO trabalho.log_acesso VALUES ('log_570_1_0', '168c1536-4c42-4b8f-8c77-f06affefec6a', 'usr_570');
INSERT INTO trabalho.log_acesso VALUES ('log_570_2_0', '168c1536-4c42-4b8f-8c77-f06affefec6a', 'usr_570');
INSERT INTO trabalho.log_acesso VALUES ('log_570_3_0', '168c1536-4c42-4b8f-8c77-f06affefec6a', 'usr_570');
INSERT INTO trabalho.usuario_esta_inscrito_no_podcast VALUES (1, 'f1b92ce7-47a7-43cd-8586-4a09185cdd05', 'usr_570');
INSERT INTO trabalho.comentarios_podcast_usuario VALUES ('comment_570_0_1', 'Quia et odio occaecati animi numquam eaque.', 'f1b92ce7-47a7-43cd-8586-4a09185cdd05', 'usr_570');
INSERT INTO trabalho.log_acesso VALUES ('log_570_0_1', 'f1b92ce7-47a7-43cd-8586-4a09185cdd05', 'usr_570');
INSERT INTO trabalho.log_acesso VALUES ('log_570_1_1', 'f1b92ce7-47a7-43cd-8586-4a09185cdd05', 'usr_570');
INSERT INTO trabalho.log_acesso VALUES ('log_570_2_1', 'f1b92ce7-47a7-43cd-8586-4a09185cdd05', 'usr_570');
INSERT INTO trabalho.log_acesso VALUES ('log_570_3_1', 'f1b92ce7-47a7-43cd-8586-4a09185cdd05', 'usr_570');
INSERT INTO trabalho.usuario_esta_inscrito_no_podcast VALUES (3, '67074e68-bc2f-442b-8af2-7d328b6af6eb', 'usr_570');
INSERT INTO trabalho.comentarios_podcast_usuario VALUES ('comment_570_0_2', 'Velit accusamus temporibus rerum.', '67074e68-bc2f-442b-8af2-7d328b6af6eb', 'usr_570');
INSERT INTO trabalho.comentarios_podcast_usuario VALUES ('comment_570_1_2', 'Assumenda fugit sit doloremque illum optio.', '67074e68-bc2f-442b-8af2-7d328b6af6eb', 'usr_570');
INSERT INTO trabalho.log_acesso VALUES ('log_570_0_2', '67074e68-bc2f-442b-8af2-7d328b6af6eb', 'usr_570');
INSERT INTO trabalho.usuario VALUES ('usr_571', '571_Fabiano.Saraiva21@live.com', 'Fabiano Saraiva', 'male', 39, 'password', 'Emirados Árabes Unidos');
INSERT INTO trabalho.usuario_esta_inscrito_no_podcast VALUES (3, 'f1b92ce7-47a7-43cd-8586-4a09185cdd05', 'usr_571');
INSERT INTO trabalho.comentarios_podcast_usuario VALUES ('comment_571_0_0', 'Enim sed nobis dolorum asperiores quia natus dignissimos error nihil.', 'f1b92ce7-47a7-43cd-8586-4a09185cdd05', 'usr_571');
INSERT INTO trabalho.comentarios_podcast_usuario VALUES ('comment_571_1_0', 'Dolor dolorem iusto.', 'f1b92ce7-47a7-43cd-8586-4a09185cdd05', 'usr_571');
INSERT INTO trabalho.log_acesso VALUES ('log_571_0_0', 'f1b92ce7-47a7-43cd-8586-4a09185cdd05', 'usr_571');
INSERT INTO trabalho.log_acesso VALUES ('log_571_1_0', 'f1b92ce7-47a7-43cd-8586-4a09185cdd05', 'usr_571');
INSERT INTO trabalho.log_acesso VALUES ('log_571_2_0', 'f1b92ce7-47a7-43cd-8586-4a09185cdd05', 'usr_571');
INSERT INTO trabalho.usuario_esta_inscrito_no_podcast VALUES (5, '219328a1-cec6-4e8c-b003-52a3ec9766bb', 'usr_571');
INSERT INTO trabalho.comentarios_podcast_usuario VALUES ('comment_571_0_1', 'Dolor voluptatem modi cumque neque odio fugit ea.', '219328a1-cec6-4e8c-b003-52a3ec9766bb', 'usr_571');
INSERT INTO trabalho.comentarios_podcast_usuario VALUES ('comment_571_1_1', 'Nihil assumenda reprehenderit et accusantium.', '219328a1-cec6-4e8c-b003-52a3ec9766bb', 'usr_571');
INSERT INTO trabalho.comentarios_podcast_usuario VALUES ('comment_571_2_1', 'Et nemo non cumque et sed ea error.', '219328a1-cec6-4e8c-b003-52a3ec9766bb', 'usr_571');
INSERT INTO trabalho.comentarios_podcast_usuario VALUES ('comment_571_3_1', 'Dolorum sapiente aperiam.', '219328a1-cec6-4e8c-b003-52a3ec9766bb', 'usr_571');
INSERT INTO trabalho.comentarios_podcast_usuario VALUES ('comment_571_4_1', 'Officiis dolorem sint quidem nobis.', '219328a1-cec6-4e8c-b003-52a3ec9766bb', 'usr_571');
INSERT INTO trabalho.log_acesso VALUES ('log_571_0_1', '219328a1-cec6-4e8c-b003-52a3ec9766bb', 'usr_571');
INSERT INTO trabalho.log_acesso VALUES ('log_571_1_1', '219328a1-cec6-4e8c-b003-52a3ec9766bb', 'usr_571');
INSERT INTO trabalho.log_acesso VALUES ('log_571_2_1', '219328a1-cec6-4e8c-b003-52a3ec9766bb', 'usr_571');
INSERT INTO trabalho.log_acesso VALUES ('log_571_3_1', '219328a1-cec6-4e8c-b003-52a3ec9766bb', 'usr_571');
INSERT INTO trabalho.log_acesso VALUES ('log_571_4_1', '219328a1-cec6-4e8c-b003-52a3ec9766bb', 'usr_571');
INSERT INTO trabalho.log_acesso VALUES ('log_571_5_1', '219328a1-cec6-4e8c-b003-52a3ec9766bb', 'usr_571');
INSERT INTO trabalho.usuario_esta_inscrito_no_podcast VALUES (1, 'de2f0ddb-9903-436a-a5e2-54224254c818', 'usr_571');
INSERT INTO trabalho.comentarios_podcast_usuario VALUES ('comment_571_0_2', 'Sed ut modi sit nostrum mollitia culpa.', 'de2f0ddb-9903-436a-a5e2-54224254c818', 'usr_571');
INSERT INTO trabalho.comentarios_podcast_usuario VALUES ('comment_571_1_2', 'Ipsa tempore qui dolores rerum debitis voluptatem sit.', 'de2f0ddb-9903-436a-a5e2-54224254c818', 'usr_571');
INSERT INTO trabalho.comentarios_podcast_usuario VALUES ('comment_571_2_2', 'Omnis deleniti et impedit.', 'de2f0ddb-9903-436a-a5e2-54224254c818', 'usr_571');
INSERT INTO trabalho.comentarios_podcast_usuario VALUES ('comment_571_3_2', 'Qui dolores sed soluta at.', 'de2f0ddb-9903-436a-a5e2-54224254c818', 'usr_571');
INSERT INTO trabalho.comentarios_podcast_usuario VALUES ('comment_571_4_2', 'Esse voluptatibus quos.', 'de2f0ddb-9903-436a-a5e2-54224254c818', 'usr_571');
INSERT INTO trabalho.comentarios_podcast_usuario VALUES ('comment_571_5_2', 'Eum beatae accusamus quos et fugiat vero ut debitis nesciunt.', 'de2f0ddb-9903-436a-a5e2-54224254c818', 'usr_571');
INSERT INTO trabalho.log_acesso VALUES ('log_571_0_2', 'de2f0ddb-9903-436a-a5e2-54224254c818', 'usr_571');
INSERT INTO trabalho.log_acesso VALUES ('log_571_1_2', 'de2f0ddb-9903-436a-a5e2-54224254c818', 'usr_571');
INSERT INTO trabalho.log_acesso VALUES ('log_571_2_2', 'de2f0ddb-9903-436a-a5e2-54224254c818', 'usr_571');
INSERT INTO trabalho.usuario VALUES ('usr_572', '572_Ceclia73@gmail.com', 'Cecília Xavier', 'female', 29, 'password', 'Turquia');
INSERT INTO trabalho.usuario_esta_inscrito_no_podcast VALUES (3, '168c1536-4c42-4b8f-8c77-f06affefec6a', 'usr_572');
INSERT INTO trabalho.comentarios_podcast_usuario VALUES ('comment_572_0_0', 'Eum ut culpa.', '168c1536-4c42-4b8f-8c77-f06affefec6a', 'usr_572');
INSERT INTO trabalho.comentarios_podcast_usuario VALUES ('comment_572_1_0', 'Inventore optio qui cum provident ea.', '168c1536-4c42-4b8f-8c77-f06affefec6a', 'usr_572');
INSERT INTO trabalho.comentarios_podcast_usuario VALUES ('comment_572_2_0', 'Adipisci sunt sunt labore voluptatem.', '168c1536-4c42-4b8f-8c77-f06affefec6a', 'usr_572');
INSERT INTO trabalho.comentarios_podcast_usuario VALUES ('comment_572_3_0', 'Quaerat neque amet animi excepturi.', '168c1536-4c42-4b8f-8c77-f06affefec6a', 'usr_572');
INSERT INTO trabalho.log_acesso VALUES ('log_572_0_0', '168c1536-4c42-4b8f-8c77-f06affefec6a', 'usr_572');
INSERT INTO trabalho.log_acesso VALUES ('log_572_1_0', '168c1536-4c42-4b8f-8c77-f06affefec6a', 'usr_572');
INSERT INTO trabalho.log_acesso VALUES ('log_572_2_0', '168c1536-4c42-4b8f-8c77-f06affefec6a', 'usr_572');
INSERT INTO trabalho.log_acesso VALUES ('log_572_3_0', '168c1536-4c42-4b8f-8c77-f06affefec6a', 'usr_572');
INSERT INTO trabalho.log_acesso VALUES ('log_572_4_0', '168c1536-4c42-4b8f-8c77-f06affefec6a', 'usr_572');
INSERT INTO trabalho.log_acesso VALUES ('log_572_5_0', '168c1536-4c42-4b8f-8c77-f06affefec6a', 'usr_572');
INSERT INTO trabalho.log_acesso VALUES ('log_572_6_0', '168c1536-4c42-4b8f-8c77-f06affefec6a', 'usr_572');
INSERT INTO trabalho.usuario_esta_inscrito_no_podcast VALUES (5, 'f0166bd2-8e4d-4308-b5d7-0b3d627c5dc5', 'usr_572');
INSERT INTO trabalho.comentarios_podcast_usuario VALUES ('comment_572_0_1', 'Nihil modi et.', 'f0166bd2-8e4d-4308-b5d7-0b3d627c5dc5', 'usr_572');
INSERT INTO trabalho.comentarios_podcast_usuario VALUES ('comment_572_1_1', 'Nesciunt voluptates qui aut magni eum.', 'f0166bd2-8e4d-4308-b5d7-0b3d627c5dc5', 'usr_572');
INSERT INTO trabalho.comentarios_podcast_usuario VALUES ('comment_572_2_1', 'Error sed commodi provident.', 'f0166bd2-8e4d-4308-b5d7-0b3d627c5dc5', 'usr_572');
INSERT INTO trabalho.comentarios_podcast_usuario VALUES ('comment_572_3_1', 'Occaecati occaecati culpa laborum ab doloremque blanditiis consequuntur.', 'f0166bd2-8e4d-4308-b5d7-0b3d627c5dc5', 'usr_572');
INSERT INTO trabalho.comentarios_podcast_usuario VALUES ('comment_572_4_1', 'Aut ut provident harum.', 'f0166bd2-8e4d-4308-b5d7-0b3d627c5dc5', 'usr_572');
INSERT INTO trabalho.log_acesso VALUES ('log_572_0_1', 'f0166bd2-8e4d-4308-b5d7-0b3d627c5dc5', 'usr_572');
INSERT INTO trabalho.log_acesso VALUES ('log_572_1_1', 'f0166bd2-8e4d-4308-b5d7-0b3d627c5dc5', 'usr_572');
INSERT INTO trabalho.log_acesso VALUES ('log_572_2_1', 'f0166bd2-8e4d-4308-b5d7-0b3d627c5dc5', 'usr_572');
INSERT INTO trabalho.log_acesso VALUES ('log_572_3_1', 'f0166bd2-8e4d-4308-b5d7-0b3d627c5dc5', 'usr_572');
INSERT INTO trabalho.usuario_esta_inscrito_no_podcast VALUES (4, 'fa3abe16-3645-4d22-a01d-893e6f20c408', 'usr_572');
INSERT INTO trabalho.comentarios_podcast_usuario VALUES ('comment_572_0_2', 'Architecto ex minus dolore odit assumenda dolorem quia similique soluta.', 'fa3abe16-3645-4d22-a01d-893e6f20c408', 'usr_572');
INSERT INTO trabalho.comentarios_podcast_usuario VALUES ('comment_572_1_2', 'Excepturi et voluptatum eos est quibusdam nihil incidunt placeat.', 'fa3abe16-3645-4d22-a01d-893e6f20c408', 'usr_572');
INSERT INTO trabalho.comentarios_podcast_usuario VALUES ('comment_572_2_2', 'Occaecati et tenetur laboriosam enim sit dolorem non molestias nulla.', 'fa3abe16-3645-4d22-a01d-893e6f20c408', 'usr_572');
INSERT INTO trabalho.comentarios_podcast_usuario VALUES ('comment_572_3_2', 'Possimus ut placeat vel corrupti voluptatum qui.', 'fa3abe16-3645-4d22-a01d-893e6f20c408', 'usr_572');
INSERT INTO trabalho.log_acesso VALUES ('log_572_0_2', 'fa3abe16-3645-4d22-a01d-893e6f20c408', 'usr_572');
INSERT INTO trabalho.log_acesso VALUES ('log_572_1_2', 'fa3abe16-3645-4d22-a01d-893e6f20c408', 'usr_572');
INSERT INTO trabalho.usuario VALUES ('usr_573', '573_Joana_Barros66@yahoo.com', 'Joana Barros', 'female', 32, 'password', 'Uruguai');
INSERT INTO trabalho.usuario_esta_inscrito_no_podcast VALUES (1, 'af46a958-b921-47b6-9f87-5c4fdc68ea79', 'usr_573');
INSERT INTO trabalho.comentarios_podcast_usuario VALUES ('comment_573_0_0', 'Suscipit odio libero ut laudantium ut at laborum.', 'af46a958-b921-47b6-9f87-5c4fdc68ea79', 'usr_573');
INSERT INTO trabalho.comentarios_podcast_usuario VALUES ('comment_573_1_0', 'Nam fugiat sapiente ullam nam.', 'af46a958-b921-47b6-9f87-5c4fdc68ea79', 'usr_573');
INSERT INTO trabalho.log_acesso VALUES ('log_573_0_0', 'af46a958-b921-47b6-9f87-5c4fdc68ea79', 'usr_573');
INSERT INTO trabalho.log_acesso VALUES ('log_573_1_0', 'af46a958-b921-47b6-9f87-5c4fdc68ea79', 'usr_573');
INSERT INTO trabalho.log_acesso VALUES ('log_573_2_0', 'af46a958-b921-47b6-9f87-5c4fdc68ea79', 'usr_573');
INSERT INTO trabalho.log_acesso VALUES ('log_573_3_0', 'af46a958-b921-47b6-9f87-5c4fdc68ea79', 'usr_573');
INSERT INTO trabalho.usuario_esta_inscrito_no_podcast VALUES (3, '168c1536-4c42-4b8f-8c77-f06affefec6a', 'usr_573');
INSERT INTO trabalho.comentarios_podcast_usuario VALUES ('comment_573_0_1', 'Natus a est modi soluta ea omnis.', '168c1536-4c42-4b8f-8c77-f06affefec6a', 'usr_573');
INSERT INTO trabalho.comentarios_podcast_usuario VALUES ('comment_573_1_1', 'Omnis totam vel.', '168c1536-4c42-4b8f-8c77-f06affefec6a', 'usr_573');
INSERT INTO trabalho.log_acesso VALUES ('log_573_0_1', '168c1536-4c42-4b8f-8c77-f06affefec6a', 'usr_573');
INSERT INTO trabalho.usuario_esta_inscrito_no_podcast VALUES (1, 'f1b92ce7-47a7-43cd-8586-4a09185cdd05', 'usr_573');
INSERT INTO trabalho.comentarios_podcast_usuario VALUES ('comment_573_0_2', 'Voluptatibus ut ducimus corrupti esse ad voluptatibus ut error.', 'f1b92ce7-47a7-43cd-8586-4a09185cdd05', 'usr_573');
INSERT INTO trabalho.comentarios_podcast_usuario VALUES ('comment_573_1_2', 'Commodi cupiditate ipsa tempore voluptatem sit.', 'f1b92ce7-47a7-43cd-8586-4a09185cdd05', 'usr_573');
INSERT INTO trabalho.comentarios_podcast_usuario VALUES ('comment_573_2_2', 'Error minima sed laudantium.', 'f1b92ce7-47a7-43cd-8586-4a09185cdd05', 'usr_573');
INSERT INTO trabalho.comentarios_podcast_usuario VALUES ('comment_573_3_2', 'Inventore laudantium veniam dicta enim expedita distinctio.', 'f1b92ce7-47a7-43cd-8586-4a09185cdd05', 'usr_573');
INSERT INTO trabalho.comentarios_podcast_usuario VALUES ('comment_573_4_2', 'Et et laudantium quo.', 'f1b92ce7-47a7-43cd-8586-4a09185cdd05', 'usr_573');
INSERT INTO trabalho.log_acesso VALUES ('log_573_0_2', 'f1b92ce7-47a7-43cd-8586-4a09185cdd05', 'usr_573');
INSERT INTO trabalho.log_acesso VALUES ('log_573_1_2', 'f1b92ce7-47a7-43cd-8586-4a09185cdd05', 'usr_573');
INSERT INTO trabalho.usuario VALUES ('usr_574', '574_Vicente_Barros75@bol.com.br', 'Vicente Barros', 'male', 19, 'password', 'Cazaquistão');
INSERT INTO trabalho.usuario_esta_inscrito_no_podcast VALUES (3, 'f8e13774-d631-4f34-93f0-2f5d55590265', 'usr_574');
INSERT INTO trabalho.comentarios_podcast_usuario VALUES ('comment_574_0_0', 'Occaecati placeat iusto et nobis tenetur fugiat sit aut.', 'f8e13774-d631-4f34-93f0-2f5d55590265', 'usr_574');
INSERT INTO trabalho.comentarios_podcast_usuario VALUES ('comment_574_1_0', 'Odit assumenda nihil possimus et cupiditate eveniet quae assumenda.', 'f8e13774-d631-4f34-93f0-2f5d55590265', 'usr_574');
INSERT INTO trabalho.comentarios_podcast_usuario VALUES ('comment_574_2_0', 'Ut blanditiis nihil reiciendis.', 'f8e13774-d631-4f34-93f0-2f5d55590265', 'usr_574');
INSERT INTO trabalho.comentarios_podcast_usuario VALUES ('comment_574_3_0', 'Voluptas minima debitis perspiciatis voluptatem.', 'f8e13774-d631-4f34-93f0-2f5d55590265', 'usr_574');
INSERT INTO trabalho.log_acesso VALUES ('log_574_0_0', 'f8e13774-d631-4f34-93f0-2f5d55590265', 'usr_574');
INSERT INTO trabalho.log_acesso VALUES ('log_574_1_0', 'f8e13774-d631-4f34-93f0-2f5d55590265', 'usr_574');
INSERT INTO trabalho.log_acesso VALUES ('log_574_2_0', 'f8e13774-d631-4f34-93f0-2f5d55590265', 'usr_574');
INSERT INTO trabalho.log_acesso VALUES ('log_574_3_0', 'f8e13774-d631-4f34-93f0-2f5d55590265', 'usr_574');
INSERT INTO trabalho.log_acesso VALUES ('log_574_4_0', 'f8e13774-d631-4f34-93f0-2f5d55590265', 'usr_574');
INSERT INTO trabalho.log_acesso VALUES ('log_574_5_0', 'f8e13774-d631-4f34-93f0-2f5d55590265', 'usr_574');
INSERT INTO trabalho.usuario_esta_inscrito_no_podcast VALUES (1, '5bdf7377-8330-4f9f-8efd-e95301c122ce', 'usr_574');
INSERT INTO trabalho.comentarios_podcast_usuario VALUES ('comment_574_0_1', 'Dolor quidem praesentium in et aliquam ducimus.', '5bdf7377-8330-4f9f-8efd-e95301c122ce', 'usr_574');
INSERT INTO trabalho.comentarios_podcast_usuario VALUES ('comment_574_1_1', 'Repellat atque voluptatem dignissimos harum exercitationem vel.', '5bdf7377-8330-4f9f-8efd-e95301c122ce', 'usr_574');
INSERT INTO trabalho.log_acesso VALUES ('log_574_0_1', '5bdf7377-8330-4f9f-8efd-e95301c122ce', 'usr_574');
INSERT INTO trabalho.log_acesso VALUES ('log_574_1_1', '5bdf7377-8330-4f9f-8efd-e95301c122ce', 'usr_574');
INSERT INTO trabalho.usuario_esta_inscrito_no_podcast VALUES (3, 'f0166bd2-8e4d-4308-b5d7-0b3d627c5dc5', 'usr_574');
INSERT INTO trabalho.comentarios_podcast_usuario VALUES ('comment_574_0_2', 'Similique ullam architecto praesentium harum ut aut sapiente tenetur ut.', 'f0166bd2-8e4d-4308-b5d7-0b3d627c5dc5', 'usr_574');
INSERT INTO trabalho.comentarios_podcast_usuario VALUES ('comment_574_1_2', 'Itaque consequatur voluptatibus accusantium error magnam aut doloremque voluptatem.', 'f0166bd2-8e4d-4308-b5d7-0b3d627c5dc5', 'usr_574');
INSERT INTO trabalho.comentarios_podcast_usuario VALUES ('comment_574_2_2', 'Rem doloribus rem.', 'f0166bd2-8e4d-4308-b5d7-0b3d627c5dc5', 'usr_574');
INSERT INTO trabalho.log_acesso VALUES ('log_574_0_2', 'f0166bd2-8e4d-4308-b5d7-0b3d627c5dc5', 'usr_574');
INSERT INTO trabalho.log_acesso VALUES ('log_574_1_2', 'f0166bd2-8e4d-4308-b5d7-0b3d627c5dc5', 'usr_574');
INSERT INTO trabalho.usuario VALUES ('usr_575', '575_Nbia_Moraes50@yahoo.com', 'Núbia Moraes', 'female', 15, 'password', 'Laos');
INSERT INTO trabalho.usuario_esta_inscrito_no_podcast VALUES (3, '7e429e8e-7669-403d-bb78-3cd7f9f75afd', 'usr_575');
INSERT INTO trabalho.comentarios_podcast_usuario VALUES ('comment_575_0_0', 'Dolores facere est fugit omnis consequatur rerum quo.', '7e429e8e-7669-403d-bb78-3cd7f9f75afd', 'usr_575');
INSERT INTO trabalho.comentarios_podcast_usuario VALUES ('comment_575_1_0', 'Animi veritatis non laborum autem consectetur adipisci aliquam fugiat dolorem.', '7e429e8e-7669-403d-bb78-3cd7f9f75afd', 'usr_575');
INSERT INTO trabalho.comentarios_podcast_usuario VALUES ('comment_575_2_0', 'Nisi quis voluptatum et et ex.', '7e429e8e-7669-403d-bb78-3cd7f9f75afd', 'usr_575');
INSERT INTO trabalho.comentarios_podcast_usuario VALUES ('comment_575_3_0', 'Impedit est quibusdam quo amet omnis in enim.', '7e429e8e-7669-403d-bb78-3cd7f9f75afd', 'usr_575');
INSERT INTO trabalho.log_acesso VALUES ('log_575_0_0', '7e429e8e-7669-403d-bb78-3cd7f9f75afd', 'usr_575');
INSERT INTO trabalho.log_acesso VALUES ('log_575_1_0', '7e429e8e-7669-403d-bb78-3cd7f9f75afd', 'usr_575');
INSERT INTO trabalho.log_acesso VALUES ('log_575_2_0', '7e429e8e-7669-403d-bb78-3cd7f9f75afd', 'usr_575');
INSERT INTO trabalho.usuario_esta_inscrito_no_podcast VALUES (2, 'af46a958-b921-47b6-9f87-5c4fdc68ea79', 'usr_575');
INSERT INTO trabalho.comentarios_podcast_usuario VALUES ('comment_575_0_1', 'Veritatis ad placeat.', 'af46a958-b921-47b6-9f87-5c4fdc68ea79', 'usr_575');
INSERT INTO trabalho.log_acesso VALUES ('log_575_0_1', 'af46a958-b921-47b6-9f87-5c4fdc68ea79', 'usr_575');
INSERT INTO trabalho.log_acesso VALUES ('log_575_1_1', 'af46a958-b921-47b6-9f87-5c4fdc68ea79', 'usr_575');
INSERT INTO trabalho.log_acesso VALUES ('log_575_2_1', 'af46a958-b921-47b6-9f87-5c4fdc68ea79', 'usr_575');
INSERT INTO trabalho.log_acesso VALUES ('log_575_3_1', 'af46a958-b921-47b6-9f87-5c4fdc68ea79', 'usr_575');
INSERT INTO trabalho.log_acesso VALUES ('log_575_4_1', 'af46a958-b921-47b6-9f87-5c4fdc68ea79', 'usr_575');
INSERT INTO trabalho.log_acesso VALUES ('log_575_5_1', 'af46a958-b921-47b6-9f87-5c4fdc68ea79', 'usr_575');
INSERT INTO trabalho.usuario_esta_inscrito_no_podcast VALUES (1, '168c1536-4c42-4b8f-8c77-f06affefec6a', 'usr_575');
INSERT INTO trabalho.comentarios_podcast_usuario VALUES ('comment_575_0_2', 'Est sunt quo provident voluptatem aut quod.', '168c1536-4c42-4b8f-8c77-f06affefec6a', 'usr_575');
INSERT INTO trabalho.comentarios_podcast_usuario VALUES ('comment_575_1_2', 'Velit porro voluptate.', '168c1536-4c42-4b8f-8c77-f06affefec6a', 'usr_575');
INSERT INTO trabalho.comentarios_podcast_usuario VALUES ('comment_575_2_2', 'Consectetur sit porro tenetur cum aut asperiores rerum distinctio.', '168c1536-4c42-4b8f-8c77-f06affefec6a', 'usr_575');
INSERT INTO trabalho.comentarios_podcast_usuario VALUES ('comment_575_3_2', 'Nostrum error omnis eos animi in.', '168c1536-4c42-4b8f-8c77-f06affefec6a', 'usr_575');
INSERT INTO trabalho.log_acesso VALUES ('log_575_0_2', '168c1536-4c42-4b8f-8c77-f06affefec6a', 'usr_575');
INSERT INTO trabalho.log_acesso VALUES ('log_575_1_2', '168c1536-4c42-4b8f-8c77-f06affefec6a', 'usr_575');
INSERT INTO trabalho.log_acesso VALUES ('log_575_2_2', '168c1536-4c42-4b8f-8c77-f06affefec6a', 'usr_575');
INSERT INTO trabalho.usuario VALUES ('usr_576', '576_Lavnia9@yahoo.com', 'Lavínia Silva', 'female', 49, 'password', 'Antigua and Barbada');
INSERT INTO trabalho.usuario_esta_inscrito_no_podcast VALUES (3, '219328a1-cec6-4e8c-b003-52a3ec9766bb', 'usr_576');
INSERT INTO trabalho.comentarios_podcast_usuario VALUES ('comment_576_0_0', 'Aut quaerat alias corporis nihil non ut ut cupiditate alias.', '219328a1-cec6-4e8c-b003-52a3ec9766bb', 'usr_576');
INSERT INTO trabalho.log_acesso VALUES ('log_576_0_0', '219328a1-cec6-4e8c-b003-52a3ec9766bb', 'usr_576');
INSERT INTO trabalho.log_acesso VALUES ('log_576_1_0', '219328a1-cec6-4e8c-b003-52a3ec9766bb', 'usr_576');
INSERT INTO trabalho.usuario_esta_inscrito_no_podcast VALUES (2, '168c1536-4c42-4b8f-8c77-f06affefec6a', 'usr_576');
INSERT INTO trabalho.comentarios_podcast_usuario VALUES ('comment_576_0_1', 'Et eum doloribus quod dolor culpa.', '168c1536-4c42-4b8f-8c77-f06affefec6a', 'usr_576');
INSERT INTO trabalho.comentarios_podcast_usuario VALUES ('comment_576_1_1', 'Odit impedit sapiente adipisci officiis aut ex sunt.', '168c1536-4c42-4b8f-8c77-f06affefec6a', 'usr_576');
INSERT INTO trabalho.comentarios_podcast_usuario VALUES ('comment_576_2_1', 'Rerum vitae aperiam sunt similique.', '168c1536-4c42-4b8f-8c77-f06affefec6a', 'usr_576');
INSERT INTO trabalho.log_acesso VALUES ('log_576_0_1', '168c1536-4c42-4b8f-8c77-f06affefec6a', 'usr_576');
INSERT INTO trabalho.log_acesso VALUES ('log_576_1_1', '168c1536-4c42-4b8f-8c77-f06affefec6a', 'usr_576');
INSERT INTO trabalho.log_acesso VALUES ('log_576_2_1', '168c1536-4c42-4b8f-8c77-f06affefec6a', 'usr_576');
INSERT INTO trabalho.usuario_esta_inscrito_no_podcast VALUES (5, 'fa3abe16-3645-4d22-a01d-893e6f20c408', 'usr_576');
INSERT INTO trabalho.comentarios_podcast_usuario VALUES ('comment_576_0_2', 'Eius quo aperiam modi harum fuga sint fuga dignissimos.', 'fa3abe16-3645-4d22-a01d-893e6f20c408', 'usr_576');
INSERT INTO trabalho.comentarios_podcast_usuario VALUES ('comment_576_1_2', 'Perferendis id cumque eaque.', 'fa3abe16-3645-4d22-a01d-893e6f20c408', 'usr_576');
INSERT INTO trabalho.log_acesso VALUES ('log_576_0_2', 'fa3abe16-3645-4d22-a01d-893e6f20c408', 'usr_576');
INSERT INTO trabalho.log_acesso VALUES ('log_576_1_2', 'fa3abe16-3645-4d22-a01d-893e6f20c408', 'usr_576');
INSERT INTO trabalho.log_acesso VALUES ('log_576_2_2', 'fa3abe16-3645-4d22-a01d-893e6f20c408', 'usr_576');
INSERT INTO trabalho.usuario VALUES ('usr_577', '577_Talita_Carvalho39@bol.com.br', 'Talita Carvalho', 'female', 35, 'password', 'Guiné Equatorial');
INSERT INTO trabalho.usuario_esta_inscrito_no_podcast VALUES (2, '5bdf7377-8330-4f9f-8efd-e95301c122ce', 'usr_577');
INSERT INTO trabalho.comentarios_podcast_usuario VALUES ('comment_577_0_0', 'Natus qui cum.', '5bdf7377-8330-4f9f-8efd-e95301c122ce', 'usr_577');
INSERT INTO trabalho.comentarios_podcast_usuario VALUES ('comment_577_1_0', 'Quos corrupti nostrum.', '5bdf7377-8330-4f9f-8efd-e95301c122ce', 'usr_577');
INSERT INTO trabalho.comentarios_podcast_usuario VALUES ('comment_577_2_0', 'Occaecati consequatur et doloremque quae dolores.', '5bdf7377-8330-4f9f-8efd-e95301c122ce', 'usr_577');
INSERT INTO trabalho.log_acesso VALUES ('log_577_0_0', '5bdf7377-8330-4f9f-8efd-e95301c122ce', 'usr_577');
INSERT INTO trabalho.log_acesso VALUES ('log_577_1_0', '5bdf7377-8330-4f9f-8efd-e95301c122ce', 'usr_577');
INSERT INTO trabalho.usuario_esta_inscrito_no_podcast VALUES (5, 'af46a958-b921-47b6-9f87-5c4fdc68ea79', 'usr_577');
INSERT INTO trabalho.comentarios_podcast_usuario VALUES ('comment_577_0_1', 'Harum corporis autem nisi ex in.', 'af46a958-b921-47b6-9f87-5c4fdc68ea79', 'usr_577');
INSERT INTO trabalho.comentarios_podcast_usuario VALUES ('comment_577_1_1', 'In veritatis iure ex expedita est consequatur voluptatem reiciendis ex.', 'af46a958-b921-47b6-9f87-5c4fdc68ea79', 'usr_577');
INSERT INTO trabalho.comentarios_podcast_usuario VALUES ('comment_577_2_1', 'Totam eos placeat aperiam dolorem assumenda recusandae.', 'af46a958-b921-47b6-9f87-5c4fdc68ea79', 'usr_577');
INSERT INTO trabalho.comentarios_podcast_usuario VALUES ('comment_577_3_1', 'Mollitia et error est suscipit dolores.', 'af46a958-b921-47b6-9f87-5c4fdc68ea79', 'usr_577');
INSERT INTO trabalho.comentarios_podcast_usuario VALUES ('comment_577_4_1', 'Non quia neque.', 'af46a958-b921-47b6-9f87-5c4fdc68ea79', 'usr_577');
INSERT INTO trabalho.log_acesso VALUES ('log_577_0_1', 'af46a958-b921-47b6-9f87-5c4fdc68ea79', 'usr_577');
INSERT INTO trabalho.log_acesso VALUES ('log_577_1_1', 'af46a958-b921-47b6-9f87-5c4fdc68ea79', 'usr_577');
INSERT INTO trabalho.log_acesso VALUES ('log_577_2_1', 'af46a958-b921-47b6-9f87-5c4fdc68ea79', 'usr_577');
INSERT INTO trabalho.usuario_esta_inscrito_no_podcast VALUES (3, '67074e68-bc2f-442b-8af2-7d328b6af6eb', 'usr_577');
INSERT INTO trabalho.comentarios_podcast_usuario VALUES ('comment_577_0_2', 'Dolorem ut aliquam.', '67074e68-bc2f-442b-8af2-7d328b6af6eb', 'usr_577');
INSERT INTO trabalho.comentarios_podcast_usuario VALUES ('comment_577_1_2', 'Totam voluptas vel sed et consequuntur eligendi quod maiores.', '67074e68-bc2f-442b-8af2-7d328b6af6eb', 'usr_577');
INSERT INTO trabalho.comentarios_podcast_usuario VALUES ('comment_577_2_2', 'Deserunt quos et.', '67074e68-bc2f-442b-8af2-7d328b6af6eb', 'usr_577');
INSERT INTO trabalho.comentarios_podcast_usuario VALUES ('comment_577_3_2', 'Omnis repellendus aut sunt voluptatum rerum eum rerum.', '67074e68-bc2f-442b-8af2-7d328b6af6eb', 'usr_577');
INSERT INTO trabalho.log_acesso VALUES ('log_577_0_2', '67074e68-bc2f-442b-8af2-7d328b6af6eb', 'usr_577');
INSERT INTO trabalho.log_acesso VALUES ('log_577_1_2', '67074e68-bc2f-442b-8af2-7d328b6af6eb', 'usr_577');
INSERT INTO trabalho.log_acesso VALUES ('log_577_2_2', '67074e68-bc2f-442b-8af2-7d328b6af6eb', 'usr_577');
INSERT INTO trabalho.log_acesso VALUES ('log_577_3_2', '67074e68-bc2f-442b-8af2-7d328b6af6eb', 'usr_577');
INSERT INTO trabalho.usuario VALUES ('usr_578', '578_Nicolas68@gmail.com', 'Nicolas Martins', 'male', 49, 'password', 'Síria');
INSERT INTO trabalho.usuario_esta_inscrito_no_podcast VALUES (3, 'fa3abe16-3645-4d22-a01d-893e6f20c408', 'usr_578');
INSERT INTO trabalho.comentarios_podcast_usuario VALUES ('comment_578_0_0', 'Sunt et dolores.', 'fa3abe16-3645-4d22-a01d-893e6f20c408', 'usr_578');
INSERT INTO trabalho.comentarios_podcast_usuario VALUES ('comment_578_1_0', 'Porro alias rerum quia nobis sed in.', 'fa3abe16-3645-4d22-a01d-893e6f20c408', 'usr_578');
INSERT INTO trabalho.comentarios_podcast_usuario VALUES ('comment_578_2_0', 'Dolores ipsa adipisci quos consequuntur dolor facere error.', 'fa3abe16-3645-4d22-a01d-893e6f20c408', 'usr_578');
INSERT INTO trabalho.log_acesso VALUES ('log_578_0_0', 'fa3abe16-3645-4d22-a01d-893e6f20c408', 'usr_578');
INSERT INTO trabalho.usuario_esta_inscrito_no_podcast VALUES (1, '219328a1-cec6-4e8c-b003-52a3ec9766bb', 'usr_578');
INSERT INTO trabalho.comentarios_podcast_usuario VALUES ('comment_578_0_1', 'Beatae sunt autem sed commodi at et vel.', '219328a1-cec6-4e8c-b003-52a3ec9766bb', 'usr_578');
INSERT INTO trabalho.comentarios_podcast_usuario VALUES ('comment_578_1_1', 'Ad accusantium quam cum voluptatem illum est quia omnis sit.', '219328a1-cec6-4e8c-b003-52a3ec9766bb', 'usr_578');
INSERT INTO trabalho.log_acesso VALUES ('log_578_0_1', '219328a1-cec6-4e8c-b003-52a3ec9766bb', 'usr_578');
INSERT INTO trabalho.log_acesso VALUES ('log_578_1_1', '219328a1-cec6-4e8c-b003-52a3ec9766bb', 'usr_578');
INSERT INTO trabalho.log_acesso VALUES ('log_578_2_1', '219328a1-cec6-4e8c-b003-52a3ec9766bb', 'usr_578');
INSERT INTO trabalho.log_acesso VALUES ('log_578_3_1', '219328a1-cec6-4e8c-b003-52a3ec9766bb', 'usr_578');
INSERT INTO trabalho.usuario_esta_inscrito_no_podcast VALUES (5, '5bdf7377-8330-4f9f-8efd-e95301c122ce', 'usr_578');
INSERT INTO trabalho.comentarios_podcast_usuario VALUES ('comment_578_0_2', 'Similique ipsum sint porro iusto exercitationem accusamus porro eum.', '5bdf7377-8330-4f9f-8efd-e95301c122ce', 'usr_578');
INSERT INTO trabalho.comentarios_podcast_usuario VALUES ('comment_578_1_2', 'Non rem impedit at.', '5bdf7377-8330-4f9f-8efd-e95301c122ce', 'usr_578');
INSERT INTO trabalho.comentarios_podcast_usuario VALUES ('comment_578_2_2', 'Distinctio atque sed neque omnis et velit vitae velit et.', '5bdf7377-8330-4f9f-8efd-e95301c122ce', 'usr_578');
INSERT INTO trabalho.comentarios_podcast_usuario VALUES ('comment_578_3_2', 'Est tempora quibusdam animi aspernatur ut possimus.', '5bdf7377-8330-4f9f-8efd-e95301c122ce', 'usr_578');
INSERT INTO trabalho.comentarios_podcast_usuario VALUES ('comment_578_4_2', 'Sed necessitatibus officia.', '5bdf7377-8330-4f9f-8efd-e95301c122ce', 'usr_578');
INSERT INTO trabalho.log_acesso VALUES ('log_578_0_2', '5bdf7377-8330-4f9f-8efd-e95301c122ce', 'usr_578');
INSERT INTO trabalho.usuario VALUES ('usr_579', '579_Warley0@hotmail.com', 'Warley Costa', 'male', 23, 'password', 'República Tcheca');
INSERT INTO trabalho.usuario_esta_inscrito_no_podcast VALUES (0, 'f0166bd2-8e4d-4308-b5d7-0b3d627c5dc5', 'usr_579');
INSERT INTO trabalho.comentarios_podcast_usuario VALUES ('comment_579_0_0', 'Totam quas veniam aliquid.', 'f0166bd2-8e4d-4308-b5d7-0b3d627c5dc5', 'usr_579');
INSERT INTO trabalho.comentarios_podcast_usuario VALUES ('comment_579_1_0', 'Error exercitationem fuga qui sed.', 'f0166bd2-8e4d-4308-b5d7-0b3d627c5dc5', 'usr_579');
INSERT INTO trabalho.comentarios_podcast_usuario VALUES ('comment_579_2_0', 'Sed aperiam labore voluptatibus quae cum nobis aperiam recusandae.', 'f0166bd2-8e4d-4308-b5d7-0b3d627c5dc5', 'usr_579');
INSERT INTO trabalho.log_acesso VALUES ('log_579_0_0', 'f0166bd2-8e4d-4308-b5d7-0b3d627c5dc5', 'usr_579');
INSERT INTO trabalho.log_acesso VALUES ('log_579_1_0', 'f0166bd2-8e4d-4308-b5d7-0b3d627c5dc5', 'usr_579');
INSERT INTO trabalho.log_acesso VALUES ('log_579_2_0', 'f0166bd2-8e4d-4308-b5d7-0b3d627c5dc5', 'usr_579');
INSERT INTO trabalho.log_acesso VALUES ('log_579_3_0', 'f0166bd2-8e4d-4308-b5d7-0b3d627c5dc5', 'usr_579');
INSERT INTO trabalho.log_acesso VALUES ('log_579_4_0', 'f0166bd2-8e4d-4308-b5d7-0b3d627c5dc5', 'usr_579');
INSERT INTO trabalho.log_acesso VALUES ('log_579_5_0', 'f0166bd2-8e4d-4308-b5d7-0b3d627c5dc5', 'usr_579');
INSERT INTO trabalho.usuario_esta_inscrito_no_podcast VALUES (4, '168c1536-4c42-4b8f-8c77-f06affefec6a', 'usr_579');
INSERT INTO trabalho.comentarios_podcast_usuario VALUES ('comment_579_0_1', 'Aut quia voluptatem mollitia ipsam voluptatum rem.', '168c1536-4c42-4b8f-8c77-f06affefec6a', 'usr_579');
INSERT INTO trabalho.comentarios_podcast_usuario VALUES ('comment_579_1_1', 'Nam tempore unde rerum et rerum velit voluptatem molestiae facere.', '168c1536-4c42-4b8f-8c77-f06affefec6a', 'usr_579');
INSERT INTO trabalho.comentarios_podcast_usuario VALUES ('comment_579_2_1', 'Eum soluta autem.', '168c1536-4c42-4b8f-8c77-f06affefec6a', 'usr_579');
INSERT INTO trabalho.comentarios_podcast_usuario VALUES ('comment_579_3_1', 'Est ut modi.', '168c1536-4c42-4b8f-8c77-f06affefec6a', 'usr_579');
INSERT INTO trabalho.log_acesso VALUES ('log_579_0_1', '168c1536-4c42-4b8f-8c77-f06affefec6a', 'usr_579');
INSERT INTO trabalho.log_acesso VALUES ('log_579_1_1', '168c1536-4c42-4b8f-8c77-f06affefec6a', 'usr_579');
INSERT INTO trabalho.log_acesso VALUES ('log_579_2_1', '168c1536-4c42-4b8f-8c77-f06affefec6a', 'usr_579');
INSERT INTO trabalho.usuario_esta_inscrito_no_podcast VALUES (4, '219328a1-cec6-4e8c-b003-52a3ec9766bb', 'usr_579');
INSERT INTO trabalho.comentarios_podcast_usuario VALUES ('comment_579_0_2', 'Consequatur occaecati hic voluptas reiciendis ad distinctio dolorem aut in.', '219328a1-cec6-4e8c-b003-52a3ec9766bb', 'usr_579');
INSERT INTO trabalho.comentarios_podcast_usuario VALUES ('comment_579_1_2', 'Quos illum dignissimos voluptatum ut sequi.', '219328a1-cec6-4e8c-b003-52a3ec9766bb', 'usr_579');
INSERT INTO trabalho.log_acesso VALUES ('log_579_0_2', '219328a1-cec6-4e8c-b003-52a3ec9766bb', 'usr_579');
INSERT INTO trabalho.log_acesso VALUES ('log_579_1_2', '219328a1-cec6-4e8c-b003-52a3ec9766bb', 'usr_579');
INSERT INTO trabalho.usuario VALUES ('usr_580', '580_Margarida24@bol.com.br', 'Margarida Costa', 'female', 13, 'password', 'Tanzânia');
INSERT INTO trabalho.usuario_esta_inscrito_no_podcast VALUES (4, '168c1536-4c42-4b8f-8c77-f06affefec6a', 'usr_580');
INSERT INTO trabalho.comentarios_podcast_usuario VALUES ('comment_580_0_0', 'Ut ipsum in sequi ut eos in ipsam nemo at.', '168c1536-4c42-4b8f-8c77-f06affefec6a', 'usr_580');
INSERT INTO trabalho.comentarios_podcast_usuario VALUES ('comment_580_1_0', 'Dignissimos aliquid deserunt aut qui eum soluta voluptas blanditiis voluptatem.', '168c1536-4c42-4b8f-8c77-f06affefec6a', 'usr_580');
INSERT INTO trabalho.comentarios_podcast_usuario VALUES ('comment_580_2_0', 'Sed doloribus culpa eos adipisci est aut.', '168c1536-4c42-4b8f-8c77-f06affefec6a', 'usr_580');
INSERT INTO trabalho.log_acesso VALUES ('log_580_0_0', '168c1536-4c42-4b8f-8c77-f06affefec6a', 'usr_580');
INSERT INTO trabalho.log_acesso VALUES ('log_580_1_0', '168c1536-4c42-4b8f-8c77-f06affefec6a', 'usr_580');
INSERT INTO trabalho.log_acesso VALUES ('log_580_2_0', '168c1536-4c42-4b8f-8c77-f06affefec6a', 'usr_580');
INSERT INTO trabalho.log_acesso VALUES ('log_580_3_0', '168c1536-4c42-4b8f-8c77-f06affefec6a', 'usr_580');
INSERT INTO trabalho.log_acesso VALUES ('log_580_4_0', '168c1536-4c42-4b8f-8c77-f06affefec6a', 'usr_580');
INSERT INTO trabalho.log_acesso VALUES ('log_580_5_0', '168c1536-4c42-4b8f-8c77-f06affefec6a', 'usr_580');
INSERT INTO trabalho.usuario_esta_inscrito_no_podcast VALUES (4, 'bc8dac25-793c-4a96-aafc-4ea7020f4f60', 'usr_580');
INSERT INTO trabalho.comentarios_podcast_usuario VALUES ('comment_580_0_1', 'Quo beatae in eius sed sit.', 'bc8dac25-793c-4a96-aafc-4ea7020f4f60', 'usr_580');
INSERT INTO trabalho.comentarios_podcast_usuario VALUES ('comment_580_1_1', 'Accusamus culpa eum.', 'bc8dac25-793c-4a96-aafc-4ea7020f4f60', 'usr_580');
INSERT INTO trabalho.comentarios_podcast_usuario VALUES ('comment_580_2_1', 'Quam voluptatem voluptatum aliquid excepturi provident eveniet nesciunt.', 'bc8dac25-793c-4a96-aafc-4ea7020f4f60', 'usr_580');
INSERT INTO trabalho.comentarios_podcast_usuario VALUES ('comment_580_3_1', 'In iste exercitationem repudiandae.', 'bc8dac25-793c-4a96-aafc-4ea7020f4f60', 'usr_580');
INSERT INTO trabalho.comentarios_podcast_usuario VALUES ('comment_580_4_1', 'Alias beatae tempora sed excepturi esse.', 'bc8dac25-793c-4a96-aafc-4ea7020f4f60', 'usr_580');
INSERT INTO trabalho.comentarios_podcast_usuario VALUES ('comment_580_5_1', 'Excepturi dolorem saepe modi necessitatibus iure.', 'bc8dac25-793c-4a96-aafc-4ea7020f4f60', 'usr_580');
INSERT INTO trabalho.log_acesso VALUES ('log_580_0_1', 'bc8dac25-793c-4a96-aafc-4ea7020f4f60', 'usr_580');
INSERT INTO trabalho.log_acesso VALUES ('log_580_1_1', 'bc8dac25-793c-4a96-aafc-4ea7020f4f60', 'usr_580');
INSERT INTO trabalho.log_acesso VALUES ('log_580_2_1', 'bc8dac25-793c-4a96-aafc-4ea7020f4f60', 'usr_580');
INSERT INTO trabalho.usuario_esta_inscrito_no_podcast VALUES (0, 'de2f0ddb-9903-436a-a5e2-54224254c818', 'usr_580');
INSERT INTO trabalho.comentarios_podcast_usuario VALUES ('comment_580_0_2', 'Porro et id enim vel aperiam.', 'de2f0ddb-9903-436a-a5e2-54224254c818', 'usr_580');
INSERT INTO trabalho.comentarios_podcast_usuario VALUES ('comment_580_1_2', 'Voluptates omnis et facilis autem doloribus.', 'de2f0ddb-9903-436a-a5e2-54224254c818', 'usr_580');
INSERT INTO trabalho.comentarios_podcast_usuario VALUES ('comment_580_2_2', 'Ex architecto ex natus neque voluptate placeat quidem sunt voluptate.', 'de2f0ddb-9903-436a-a5e2-54224254c818', 'usr_580');
INSERT INTO trabalho.comentarios_podcast_usuario VALUES ('comment_580_3_2', 'Ipsa eaque non pariatur quia ratione explicabo.', 'de2f0ddb-9903-436a-a5e2-54224254c818', 'usr_580');
INSERT INTO trabalho.comentarios_podcast_usuario VALUES ('comment_580_4_2', 'Soluta dolor esse molestiae similique mollitia.', 'de2f0ddb-9903-436a-a5e2-54224254c818', 'usr_580');
INSERT INTO trabalho.log_acesso VALUES ('log_580_0_2', 'de2f0ddb-9903-436a-a5e2-54224254c818', 'usr_580');
INSERT INTO trabalho.log_acesso VALUES ('log_580_1_2', 'de2f0ddb-9903-436a-a5e2-54224254c818', 'usr_580');
INSERT INTO trabalho.log_acesso VALUES ('log_580_2_2', 'de2f0ddb-9903-436a-a5e2-54224254c818', 'usr_580');
INSERT INTO trabalho.log_acesso VALUES ('log_580_3_2', 'de2f0ddb-9903-436a-a5e2-54224254c818', 'usr_580');
INSERT INTO trabalho.log_acesso VALUES ('log_580_4_2', 'de2f0ddb-9903-436a-a5e2-54224254c818', 'usr_580');
INSERT INTO trabalho.usuario VALUES ('usr_581', '581_Ceclia_Santos@yahoo.com', 'Cecília Santos', 'female', 55, 'password', 'Anguila');
INSERT INTO trabalho.usuario_esta_inscrito_no_podcast VALUES (2, 'de2f0ddb-9903-436a-a5e2-54224254c818', 'usr_581');
INSERT INTO trabalho.comentarios_podcast_usuario VALUES ('comment_581_0_0', 'Et aliquam facilis.', 'de2f0ddb-9903-436a-a5e2-54224254c818', 'usr_581');
INSERT INTO trabalho.log_acesso VALUES ('log_581_0_0', 'de2f0ddb-9903-436a-a5e2-54224254c818', 'usr_581');
INSERT INTO trabalho.log_acesso VALUES ('log_581_1_0', 'de2f0ddb-9903-436a-a5e2-54224254c818', 'usr_581');
INSERT INTO trabalho.log_acesso VALUES ('log_581_2_0', 'de2f0ddb-9903-436a-a5e2-54224254c818', 'usr_581');
INSERT INTO trabalho.log_acesso VALUES ('log_581_3_0', 'de2f0ddb-9903-436a-a5e2-54224254c818', 'usr_581');
INSERT INTO trabalho.usuario_esta_inscrito_no_podcast VALUES (5, 'af46a958-b921-47b6-9f87-5c4fdc68ea79', 'usr_581');
INSERT INTO trabalho.comentarios_podcast_usuario VALUES ('comment_581_0_1', 'Voluptas recusandae voluptate.', 'af46a958-b921-47b6-9f87-5c4fdc68ea79', 'usr_581');
INSERT INTO trabalho.comentarios_podcast_usuario VALUES ('comment_581_1_1', 'Facere et aut porro et eos qui enim voluptatibus.', 'af46a958-b921-47b6-9f87-5c4fdc68ea79', 'usr_581');
INSERT INTO trabalho.comentarios_podcast_usuario VALUES ('comment_581_2_1', 'Nisi ducimus et voluptatem quia aliquid non voluptatem deleniti eos.', 'af46a958-b921-47b6-9f87-5c4fdc68ea79', 'usr_581');
INSERT INTO trabalho.log_acesso VALUES ('log_581_0_1', 'af46a958-b921-47b6-9f87-5c4fdc68ea79', 'usr_581');
INSERT INTO trabalho.log_acesso VALUES ('log_581_1_1', 'af46a958-b921-47b6-9f87-5c4fdc68ea79', 'usr_581');
INSERT INTO trabalho.log_acesso VALUES ('log_581_2_1', 'af46a958-b921-47b6-9f87-5c4fdc68ea79', 'usr_581');
INSERT INTO trabalho.usuario_esta_inscrito_no_podcast VALUES (2, '168c1536-4c42-4b8f-8c77-f06affefec6a', 'usr_581');
INSERT INTO trabalho.comentarios_podcast_usuario VALUES ('comment_581_0_2', 'Exercitationem aliquid fuga vero aliquam qui.', '168c1536-4c42-4b8f-8c77-f06affefec6a', 'usr_581');
INSERT INTO trabalho.comentarios_podcast_usuario VALUES ('comment_581_1_2', 'Natus sequi ex amet rerum tenetur dolor iure voluptatem nesciunt.', '168c1536-4c42-4b8f-8c77-f06affefec6a', 'usr_581');
INSERT INTO trabalho.log_acesso VALUES ('log_581_0_2', '168c1536-4c42-4b8f-8c77-f06affefec6a', 'usr_581');
INSERT INTO trabalho.log_acesso VALUES ('log_581_1_2', '168c1536-4c42-4b8f-8c77-f06affefec6a', 'usr_581');
INSERT INTO trabalho.usuario VALUES ('usr_582', '582_Rebeca.Oliveira@gmail.com', 'Rebeca Oliveira', 'female', 49, 'password', 'Irlanda');
INSERT INTO trabalho.usuario_esta_inscrito_no_podcast VALUES (1, '7e429e8e-7669-403d-bb78-3cd7f9f75afd', 'usr_582');
INSERT INTO trabalho.comentarios_podcast_usuario VALUES ('comment_582_0_0', 'Sed culpa recusandae sunt inventore et sunt quo repellat perspiciatis.', '7e429e8e-7669-403d-bb78-3cd7f9f75afd', 'usr_582');
INSERT INTO trabalho.log_acesso VALUES ('log_582_0_0', '7e429e8e-7669-403d-bb78-3cd7f9f75afd', 'usr_582');
INSERT INTO trabalho.log_acesso VALUES ('log_582_1_0', '7e429e8e-7669-403d-bb78-3cd7f9f75afd', 'usr_582');
INSERT INTO trabalho.log_acesso VALUES ('log_582_2_0', '7e429e8e-7669-403d-bb78-3cd7f9f75afd', 'usr_582');
INSERT INTO trabalho.usuario_esta_inscrito_no_podcast VALUES (0, 'bc8dac25-793c-4a96-aafc-4ea7020f4f60', 'usr_582');
INSERT INTO trabalho.comentarios_podcast_usuario VALUES ('comment_582_0_1', 'A voluptatem nesciunt et et blanditiis totam rerum nobis vel.', 'bc8dac25-793c-4a96-aafc-4ea7020f4f60', 'usr_582');
INSERT INTO trabalho.comentarios_podcast_usuario VALUES ('comment_582_1_1', 'Illum ad recusandae cupiditate atque.', 'bc8dac25-793c-4a96-aafc-4ea7020f4f60', 'usr_582');
INSERT INTO trabalho.comentarios_podcast_usuario VALUES ('comment_582_2_1', 'Vitae esse libero inventore non nihil voluptas eos.', 'bc8dac25-793c-4a96-aafc-4ea7020f4f60', 'usr_582');
INSERT INTO trabalho.log_acesso VALUES ('log_582_0_1', 'bc8dac25-793c-4a96-aafc-4ea7020f4f60', 'usr_582');
INSERT INTO trabalho.log_acesso VALUES ('log_582_1_1', 'bc8dac25-793c-4a96-aafc-4ea7020f4f60', 'usr_582');
INSERT INTO trabalho.log_acesso VALUES ('log_582_2_1', 'bc8dac25-793c-4a96-aafc-4ea7020f4f60', 'usr_582');
INSERT INTO trabalho.usuario_esta_inscrito_no_podcast VALUES (4, 'fa3abe16-3645-4d22-a01d-893e6f20c408', 'usr_582');
INSERT INTO trabalho.comentarios_podcast_usuario VALUES ('comment_582_0_2', 'Dicta quos repellendus nihil voluptas earum sequi.', 'fa3abe16-3645-4d22-a01d-893e6f20c408', 'usr_582');
INSERT INTO trabalho.comentarios_podcast_usuario VALUES ('comment_582_1_2', 'Eius et rerum nobis cum animi et ut nihil.', 'fa3abe16-3645-4d22-a01d-893e6f20c408', 'usr_582');
INSERT INTO trabalho.log_acesso VALUES ('log_582_0_2', 'fa3abe16-3645-4d22-a01d-893e6f20c408', 'usr_582');
INSERT INTO trabalho.log_acesso VALUES ('log_582_1_2', 'fa3abe16-3645-4d22-a01d-893e6f20c408', 'usr_582');
INSERT INTO trabalho.log_acesso VALUES ('log_582_2_2', 'fa3abe16-3645-4d22-a01d-893e6f20c408', 'usr_582');
INSERT INTO trabalho.log_acesso VALUES ('log_582_3_2', 'fa3abe16-3645-4d22-a01d-893e6f20c408', 'usr_582');
INSERT INTO trabalho.usuario VALUES ('usr_583', '583_MariaEduarda.Braga66@gmail.com', 'Maria Eduarda Braga', 'female', 29, 'password', 'Iêmen');
INSERT INTO trabalho.usuario_esta_inscrito_no_podcast VALUES (4, 'fa3abe16-3645-4d22-a01d-893e6f20c408', 'usr_583');
INSERT INTO trabalho.comentarios_podcast_usuario VALUES ('comment_583_0_0', 'Voluptatem quae cupiditate quia ipsum sed corrupti voluptas dignissimos fugit.', 'fa3abe16-3645-4d22-a01d-893e6f20c408', 'usr_583');
INSERT INTO trabalho.comentarios_podcast_usuario VALUES ('comment_583_1_0', 'Saepe velit qui culpa.', 'fa3abe16-3645-4d22-a01d-893e6f20c408', 'usr_583');
INSERT INTO trabalho.log_acesso VALUES ('log_583_0_0', 'fa3abe16-3645-4d22-a01d-893e6f20c408', 'usr_583');
INSERT INTO trabalho.log_acesso VALUES ('log_583_1_0', 'fa3abe16-3645-4d22-a01d-893e6f20c408', 'usr_583');
INSERT INTO trabalho.log_acesso VALUES ('log_583_2_0', 'fa3abe16-3645-4d22-a01d-893e6f20c408', 'usr_583');
INSERT INTO trabalho.log_acesso VALUES ('log_583_3_0', 'fa3abe16-3645-4d22-a01d-893e6f20c408', 'usr_583');
INSERT INTO trabalho.log_acesso VALUES ('log_583_4_0', 'fa3abe16-3645-4d22-a01d-893e6f20c408', 'usr_583');
INSERT INTO trabalho.usuario_esta_inscrito_no_podcast VALUES (1, 'bc8dac25-793c-4a96-aafc-4ea7020f4f60', 'usr_583');
INSERT INTO trabalho.comentarios_podcast_usuario VALUES ('comment_583_0_1', 'Voluptatum nesciunt ullam placeat et.', 'bc8dac25-793c-4a96-aafc-4ea7020f4f60', 'usr_583');
INSERT INTO trabalho.comentarios_podcast_usuario VALUES ('comment_583_1_1', 'Autem laboriosam at doloremque optio nemo cum debitis qui aliquid.', 'bc8dac25-793c-4a96-aafc-4ea7020f4f60', 'usr_583');
INSERT INTO trabalho.comentarios_podcast_usuario VALUES ('comment_583_2_1', 'Deleniti ut et magni repellat cum sapiente fugit.', 'bc8dac25-793c-4a96-aafc-4ea7020f4f60', 'usr_583');
INSERT INTO trabalho.log_acesso VALUES ('log_583_0_1', 'bc8dac25-793c-4a96-aafc-4ea7020f4f60', 'usr_583');
INSERT INTO trabalho.log_acesso VALUES ('log_583_1_1', 'bc8dac25-793c-4a96-aafc-4ea7020f4f60', 'usr_583');
INSERT INTO trabalho.log_acesso VALUES ('log_583_2_1', 'bc8dac25-793c-4a96-aafc-4ea7020f4f60', 'usr_583');
INSERT INTO trabalho.usuario_esta_inscrito_no_podcast VALUES (0, '168c1536-4c42-4b8f-8c77-f06affefec6a', 'usr_583');
INSERT INTO trabalho.comentarios_podcast_usuario VALUES ('comment_583_0_2', 'Accusantium suscipit suscipit modi.', '168c1536-4c42-4b8f-8c77-f06affefec6a', 'usr_583');
INSERT INTO trabalho.comentarios_podcast_usuario VALUES ('comment_583_1_2', 'Consequatur est asperiores optio dolorum.', '168c1536-4c42-4b8f-8c77-f06affefec6a', 'usr_583');
INSERT INTO trabalho.comentarios_podcast_usuario VALUES ('comment_583_2_2', 'Dolorem officia cum officiis.', '168c1536-4c42-4b8f-8c77-f06affefec6a', 'usr_583');
INSERT INTO trabalho.comentarios_podcast_usuario VALUES ('comment_583_3_2', 'Dignissimos voluptatem aut.', '168c1536-4c42-4b8f-8c77-f06affefec6a', 'usr_583');
INSERT INTO trabalho.log_acesso VALUES ('log_583_0_2', '168c1536-4c42-4b8f-8c77-f06affefec6a', 'usr_583');
INSERT INTO trabalho.log_acesso VALUES ('log_583_1_2', '168c1536-4c42-4b8f-8c77-f06affefec6a', 'usr_583');
INSERT INTO trabalho.log_acesso VALUES ('log_583_2_2', '168c1536-4c42-4b8f-8c77-f06affefec6a', 'usr_583');
INSERT INTO trabalho.usuario VALUES ('usr_584', '584_Mrcia44@bol.com.br', 'Mércia Xavier', 'female', 21, 'password', 'Ilha Norfolk');
INSERT INTO trabalho.usuario_esta_inscrito_no_podcast VALUES (4, '168c1536-4c42-4b8f-8c77-f06affefec6a', 'usr_584');
INSERT INTO trabalho.comentarios_podcast_usuario VALUES ('comment_584_0_0', 'Et ea commodi quam sint est et est.', '168c1536-4c42-4b8f-8c77-f06affefec6a', 'usr_584');
INSERT INTO trabalho.comentarios_podcast_usuario VALUES ('comment_584_1_0', 'Labore asperiores eos soluta maxime laudantium esse eveniet.', '168c1536-4c42-4b8f-8c77-f06affefec6a', 'usr_584');
INSERT INTO trabalho.comentarios_podcast_usuario VALUES ('comment_584_2_0', 'Culpa sequi sunt dolorem velit.', '168c1536-4c42-4b8f-8c77-f06affefec6a', 'usr_584');
INSERT INTO trabalho.log_acesso VALUES ('log_584_0_0', '168c1536-4c42-4b8f-8c77-f06affefec6a', 'usr_584');
INSERT INTO trabalho.log_acesso VALUES ('log_584_1_0', '168c1536-4c42-4b8f-8c77-f06affefec6a', 'usr_584');
INSERT INTO trabalho.usuario_esta_inscrito_no_podcast VALUES (2, '7e429e8e-7669-403d-bb78-3cd7f9f75afd', 'usr_584');
INSERT INTO trabalho.comentarios_podcast_usuario VALUES ('comment_584_0_1', 'Error tempore provident incidunt quis labore et est.', '7e429e8e-7669-403d-bb78-3cd7f9f75afd', 'usr_584');
INSERT INTO trabalho.comentarios_podcast_usuario VALUES ('comment_584_1_1', 'Ipsum tenetur quod sunt quae omnis repudiandae enim.', '7e429e8e-7669-403d-bb78-3cd7f9f75afd', 'usr_584');
INSERT INTO trabalho.comentarios_podcast_usuario VALUES ('comment_584_2_1', 'Ab sint necessitatibus officia rem fugit aut harum.', '7e429e8e-7669-403d-bb78-3cd7f9f75afd', 'usr_584');
INSERT INTO trabalho.log_acesso VALUES ('log_584_0_1', '7e429e8e-7669-403d-bb78-3cd7f9f75afd', 'usr_584');
INSERT INTO trabalho.usuario_esta_inscrito_no_podcast VALUES (3, 'c58b280a-56d4-4ad8-8c85-730e4ea86361', 'usr_584');
INSERT INTO trabalho.comentarios_podcast_usuario VALUES ('comment_584_0_2', 'Totam eos eligendi sit omnis et.', 'c58b280a-56d4-4ad8-8c85-730e4ea86361', 'usr_584');
INSERT INTO trabalho.comentarios_podcast_usuario VALUES ('comment_584_1_2', 'Sapiente accusantium rerum.', 'c58b280a-56d4-4ad8-8c85-730e4ea86361', 'usr_584');
INSERT INTO trabalho.comentarios_podcast_usuario VALUES ('comment_584_2_2', 'Illo velit neque architecto in quis.', 'c58b280a-56d4-4ad8-8c85-730e4ea86361', 'usr_584');
INSERT INTO trabalho.comentarios_podcast_usuario VALUES ('comment_584_3_2', 'Provident odio temporibus velit dolor ea.', 'c58b280a-56d4-4ad8-8c85-730e4ea86361', 'usr_584');
INSERT INTO trabalho.comentarios_podcast_usuario VALUES ('comment_584_4_2', 'Suscipit sint qui molestiae aliquid.', 'c58b280a-56d4-4ad8-8c85-730e4ea86361', 'usr_584');
INSERT INTO trabalho.log_acesso VALUES ('log_584_0_2', 'c58b280a-56d4-4ad8-8c85-730e4ea86361', 'usr_584');
INSERT INTO trabalho.log_acesso VALUES ('log_584_1_2', 'c58b280a-56d4-4ad8-8c85-730e4ea86361', 'usr_584');
INSERT INTO trabalho.log_acesso VALUES ('log_584_2_2', 'c58b280a-56d4-4ad8-8c85-730e4ea86361', 'usr_584');
INSERT INTO trabalho.usuario VALUES ('usr_585', '585_Pablo.Barros46@yahoo.com', 'Pablo Barros', 'male', 2, 'password', 'Micronésia');
INSERT INTO trabalho.usuario_esta_inscrito_no_podcast VALUES (3, 'c58b280a-56d4-4ad8-8c85-730e4ea86361', 'usr_585');
INSERT INTO trabalho.comentarios_podcast_usuario VALUES ('comment_585_0_0', 'Est accusantium quasi temporibus id corrupti id enim.', 'c58b280a-56d4-4ad8-8c85-730e4ea86361', 'usr_585');
INSERT INTO trabalho.comentarios_podcast_usuario VALUES ('comment_585_1_0', 'Architecto aut perspiciatis cupiditate et ipsam aspernatur qui explicabo eaque.', 'c58b280a-56d4-4ad8-8c85-730e4ea86361', 'usr_585');
INSERT INTO trabalho.comentarios_podcast_usuario VALUES ('comment_585_2_0', 'Ea veniam ab doloribus molestiae omnis fuga occaecati omnis provident.', 'c58b280a-56d4-4ad8-8c85-730e4ea86361', 'usr_585');
INSERT INTO trabalho.log_acesso VALUES ('log_585_0_0', 'c58b280a-56d4-4ad8-8c85-730e4ea86361', 'usr_585');
INSERT INTO trabalho.usuario_esta_inscrito_no_podcast VALUES (2, '219328a1-cec6-4e8c-b003-52a3ec9766bb', 'usr_585');
INSERT INTO trabalho.comentarios_podcast_usuario VALUES ('comment_585_0_1', 'Veniam doloremque aut tempora accusantium dolor et quo autem quia.', '219328a1-cec6-4e8c-b003-52a3ec9766bb', 'usr_585');
INSERT INTO trabalho.log_acesso VALUES ('log_585_0_1', '219328a1-cec6-4e8c-b003-52a3ec9766bb', 'usr_585');
INSERT INTO trabalho.log_acesso VALUES ('log_585_1_1', '219328a1-cec6-4e8c-b003-52a3ec9766bb', 'usr_585');
INSERT INTO trabalho.usuario_esta_inscrito_no_podcast VALUES (1, 'f0166bd2-8e4d-4308-b5d7-0b3d627c5dc5', 'usr_585');
INSERT INTO trabalho.comentarios_podcast_usuario VALUES ('comment_585_0_2', 'Minus quam rem et ut sint qui est dolores.', 'f0166bd2-8e4d-4308-b5d7-0b3d627c5dc5', 'usr_585');
INSERT INTO trabalho.comentarios_podcast_usuario VALUES ('comment_585_1_2', 'Dolorum eum dolores aspernatur ut.', 'f0166bd2-8e4d-4308-b5d7-0b3d627c5dc5', 'usr_585');
INSERT INTO trabalho.comentarios_podcast_usuario VALUES ('comment_585_2_2', 'Consequatur quo facere eaque officiis.', 'f0166bd2-8e4d-4308-b5d7-0b3d627c5dc5', 'usr_585');
INSERT INTO trabalho.comentarios_podcast_usuario VALUES ('comment_585_3_2', 'Possimus nam sit exercitationem asperiores reiciendis sunt quasi itaque nihil.', 'f0166bd2-8e4d-4308-b5d7-0b3d627c5dc5', 'usr_585');
INSERT INTO trabalho.log_acesso VALUES ('log_585_0_2', 'f0166bd2-8e4d-4308-b5d7-0b3d627c5dc5', 'usr_585');
INSERT INTO trabalho.log_acesso VALUES ('log_585_1_2', 'f0166bd2-8e4d-4308-b5d7-0b3d627c5dc5', 'usr_585');
INSERT INTO trabalho.log_acesso VALUES ('log_585_2_2', 'f0166bd2-8e4d-4308-b5d7-0b3d627c5dc5', 'usr_585');
INSERT INTO trabalho.log_acesso VALUES ('log_585_3_2', 'f0166bd2-8e4d-4308-b5d7-0b3d627c5dc5', 'usr_585');
INSERT INTO trabalho.usuario VALUES ('usr_586', '586_Henrique.Xavier@gmail.com', 'Henrique Xavier', 'male', 58, 'password', 'San Marino');
INSERT INTO trabalho.usuario_esta_inscrito_no_podcast VALUES (4, 'bc8dac25-793c-4a96-aafc-4ea7020f4f60', 'usr_586');
INSERT INTO trabalho.comentarios_podcast_usuario VALUES ('comment_586_0_0', 'Veniam et velit qui accusamus molestiae dolor nihil ea.', 'bc8dac25-793c-4a96-aafc-4ea7020f4f60', 'usr_586');
INSERT INTO trabalho.comentarios_podcast_usuario VALUES ('comment_586_1_0', 'Quas minus id quidem temporibus ipsa illo reiciendis sapiente porro.', 'bc8dac25-793c-4a96-aafc-4ea7020f4f60', 'usr_586');
INSERT INTO trabalho.comentarios_podcast_usuario VALUES ('comment_586_2_0', 'Numquam esse accusantium incidunt.', 'bc8dac25-793c-4a96-aafc-4ea7020f4f60', 'usr_586');
INSERT INTO trabalho.log_acesso VALUES ('log_586_0_0', 'bc8dac25-793c-4a96-aafc-4ea7020f4f60', 'usr_586');
INSERT INTO trabalho.log_acesso VALUES ('log_586_1_0', 'bc8dac25-793c-4a96-aafc-4ea7020f4f60', 'usr_586');
INSERT INTO trabalho.log_acesso VALUES ('log_586_2_0', 'bc8dac25-793c-4a96-aafc-4ea7020f4f60', 'usr_586');
INSERT INTO trabalho.usuario_esta_inscrito_no_podcast VALUES (1, '168c1536-4c42-4b8f-8c77-f06affefec6a', 'usr_586');
INSERT INTO trabalho.comentarios_podcast_usuario VALUES ('comment_586_0_1', 'Occaecati magni ducimus quos officia eius ad aspernatur minima inventore.', '168c1536-4c42-4b8f-8c77-f06affefec6a', 'usr_586');
INSERT INTO trabalho.log_acesso VALUES ('log_586_0_1', '168c1536-4c42-4b8f-8c77-f06affefec6a', 'usr_586');
INSERT INTO trabalho.log_acesso VALUES ('log_586_1_1', '168c1536-4c42-4b8f-8c77-f06affefec6a', 'usr_586');
INSERT INTO trabalho.log_acesso VALUES ('log_586_2_1', '168c1536-4c42-4b8f-8c77-f06affefec6a', 'usr_586');
INSERT INTO trabalho.usuario_esta_inscrito_no_podcast VALUES (0, 'de2f0ddb-9903-436a-a5e2-54224254c818', 'usr_586');
INSERT INTO trabalho.comentarios_podcast_usuario VALUES ('comment_586_0_2', 'Beatae nostrum magnam eos.', 'de2f0ddb-9903-436a-a5e2-54224254c818', 'usr_586');
INSERT INTO trabalho.comentarios_podcast_usuario VALUES ('comment_586_1_2', 'Incidunt at odio error.', 'de2f0ddb-9903-436a-a5e2-54224254c818', 'usr_586');
INSERT INTO trabalho.log_acesso VALUES ('log_586_0_2', 'de2f0ddb-9903-436a-a5e2-54224254c818', 'usr_586');
INSERT INTO trabalho.log_acesso VALUES ('log_586_1_2', 'de2f0ddb-9903-436a-a5e2-54224254c818', 'usr_586');
INSERT INTO trabalho.log_acesso VALUES ('log_586_2_2', 'de2f0ddb-9903-436a-a5e2-54224254c818', 'usr_586');
INSERT INTO trabalho.usuario VALUES ('usr_587', '587_EnzoGabriel.Pereira@yahoo.com', 'Enzo Gabriel Pereira', 'male', 24, 'password', 'Cazaquistão');
INSERT INTO trabalho.usuario_esta_inscrito_no_podcast VALUES (1, '219328a1-cec6-4e8c-b003-52a3ec9766bb', 'usr_587');
INSERT INTO trabalho.comentarios_podcast_usuario VALUES ('comment_587_0_0', 'Tempora pariatur quas.', '219328a1-cec6-4e8c-b003-52a3ec9766bb', 'usr_587');
INSERT INTO trabalho.comentarios_podcast_usuario VALUES ('comment_587_1_0', 'Omnis et est aut magnam facere et.', '219328a1-cec6-4e8c-b003-52a3ec9766bb', 'usr_587');
INSERT INTO trabalho.comentarios_podcast_usuario VALUES ('comment_587_2_0', 'Voluptates at vitae veritatis rerum quis eligendi veniam dolores.', '219328a1-cec6-4e8c-b003-52a3ec9766bb', 'usr_587');
INSERT INTO trabalho.comentarios_podcast_usuario VALUES ('comment_587_3_0', 'Blanditiis consequuntur aut et placeat in voluptatibus exercitationem aliquid sint.', '219328a1-cec6-4e8c-b003-52a3ec9766bb', 'usr_587');
INSERT INTO trabalho.log_acesso VALUES ('log_587_0_0', '219328a1-cec6-4e8c-b003-52a3ec9766bb', 'usr_587');
INSERT INTO trabalho.log_acesso VALUES ('log_587_1_0', '219328a1-cec6-4e8c-b003-52a3ec9766bb', 'usr_587');
INSERT INTO trabalho.log_acesso VALUES ('log_587_2_0', '219328a1-cec6-4e8c-b003-52a3ec9766bb', 'usr_587');
INSERT INTO trabalho.usuario_esta_inscrito_no_podcast VALUES (3, 'de2f0ddb-9903-436a-a5e2-54224254c818', 'usr_587');
INSERT INTO trabalho.comentarios_podcast_usuario VALUES ('comment_587_0_1', 'Aliquid et voluptas voluptatem ipsum voluptas.', 'de2f0ddb-9903-436a-a5e2-54224254c818', 'usr_587');
INSERT INTO trabalho.comentarios_podcast_usuario VALUES ('comment_587_1_1', 'Soluta veniam ea.', 'de2f0ddb-9903-436a-a5e2-54224254c818', 'usr_587');
INSERT INTO trabalho.log_acesso VALUES ('log_587_0_1', 'de2f0ddb-9903-436a-a5e2-54224254c818', 'usr_587');
INSERT INTO trabalho.usuario_esta_inscrito_no_podcast VALUES (2, '168c1536-4c42-4b8f-8c77-f06affefec6a', 'usr_587');
INSERT INTO trabalho.comentarios_podcast_usuario VALUES ('comment_587_0_2', 'Officiis similique reprehenderit velit sint commodi quam fuga.', '168c1536-4c42-4b8f-8c77-f06affefec6a', 'usr_587');
INSERT INTO trabalho.comentarios_podcast_usuario VALUES ('comment_587_1_2', 'Rerum velit dolorem quod dolore.', '168c1536-4c42-4b8f-8c77-f06affefec6a', 'usr_587');
INSERT INTO trabalho.comentarios_podcast_usuario VALUES ('comment_587_2_2', 'Vero velit repudiandae ad quia dolor veritatis dolorem.', '168c1536-4c42-4b8f-8c77-f06affefec6a', 'usr_587');
INSERT INTO trabalho.log_acesso VALUES ('log_587_0_2', '168c1536-4c42-4b8f-8c77-f06affefec6a', 'usr_587');
INSERT INTO trabalho.log_acesso VALUES ('log_587_1_2', '168c1536-4c42-4b8f-8c77-f06affefec6a', 'usr_587');
INSERT INTO trabalho.log_acesso VALUES ('log_587_2_2', '168c1536-4c42-4b8f-8c77-f06affefec6a', 'usr_587');
INSERT INTO trabalho.log_acesso VALUES ('log_587_3_2', '168c1536-4c42-4b8f-8c77-f06affefec6a', 'usr_587');
INSERT INTO trabalho.log_acesso VALUES ('log_587_4_2', '168c1536-4c42-4b8f-8c77-f06affefec6a', 'usr_587');
INSERT INTO trabalho.usuario VALUES ('usr_588', '588_Isabel_Carvalho52@live.com', 'Isabel Carvalho', 'female', 37, 'password', 'Samoa');
INSERT INTO trabalho.usuario_esta_inscrito_no_podcast VALUES (3, 'de2f0ddb-9903-436a-a5e2-54224254c818', 'usr_588');
INSERT INTO trabalho.comentarios_podcast_usuario VALUES ('comment_588_0_0', 'Veritatis aperiam quaerat consequatur ad distinctio.', 'de2f0ddb-9903-436a-a5e2-54224254c818', 'usr_588');
INSERT INTO trabalho.comentarios_podcast_usuario VALUES ('comment_588_1_0', 'Vitae aperiam iusto illo sed et animi beatae.', 'de2f0ddb-9903-436a-a5e2-54224254c818', 'usr_588');
INSERT INTO trabalho.log_acesso VALUES ('log_588_0_0', 'de2f0ddb-9903-436a-a5e2-54224254c818', 'usr_588');
INSERT INTO trabalho.log_acesso VALUES ('log_588_1_0', 'de2f0ddb-9903-436a-a5e2-54224254c818', 'usr_588');
INSERT INTO trabalho.log_acesso VALUES ('log_588_2_0', 'de2f0ddb-9903-436a-a5e2-54224254c818', 'usr_588');
INSERT INTO trabalho.log_acesso VALUES ('log_588_3_0', 'de2f0ddb-9903-436a-a5e2-54224254c818', 'usr_588');
INSERT INTO trabalho.log_acesso VALUES ('log_588_4_0', 'de2f0ddb-9903-436a-a5e2-54224254c818', 'usr_588');
INSERT INTO trabalho.usuario_esta_inscrito_no_podcast VALUES (5, 'fa3abe16-3645-4d22-a01d-893e6f20c408', 'usr_588');
INSERT INTO trabalho.comentarios_podcast_usuario VALUES ('comment_588_0_1', 'Culpa tenetur recusandae.', 'fa3abe16-3645-4d22-a01d-893e6f20c408', 'usr_588');
INSERT INTO trabalho.comentarios_podcast_usuario VALUES ('comment_588_1_1', 'Porro omnis fuga accusamus ratione eius a aut aspernatur.', 'fa3abe16-3645-4d22-a01d-893e6f20c408', 'usr_588');
INSERT INTO trabalho.log_acesso VALUES ('log_588_0_1', 'fa3abe16-3645-4d22-a01d-893e6f20c408', 'usr_588');
INSERT INTO trabalho.log_acesso VALUES ('log_588_1_1', 'fa3abe16-3645-4d22-a01d-893e6f20c408', 'usr_588');
INSERT INTO trabalho.log_acesso VALUES ('log_588_2_1', 'fa3abe16-3645-4d22-a01d-893e6f20c408', 'usr_588');
INSERT INTO trabalho.log_acesso VALUES ('log_588_3_1', 'fa3abe16-3645-4d22-a01d-893e6f20c408', 'usr_588');
INSERT INTO trabalho.usuario_esta_inscrito_no_podcast VALUES (3, 'af46a958-b921-47b6-9f87-5c4fdc68ea79', 'usr_588');
INSERT INTO trabalho.comentarios_podcast_usuario VALUES ('comment_588_0_2', 'Deserunt sed sed et et quis.', 'af46a958-b921-47b6-9f87-5c4fdc68ea79', 'usr_588');
INSERT INTO trabalho.comentarios_podcast_usuario VALUES ('comment_588_1_2', 'Eos dolorum ipsa in ipsam excepturi.', 'af46a958-b921-47b6-9f87-5c4fdc68ea79', 'usr_588');
INSERT INTO trabalho.log_acesso VALUES ('log_588_0_2', 'af46a958-b921-47b6-9f87-5c4fdc68ea79', 'usr_588');
INSERT INTO trabalho.log_acesso VALUES ('log_588_1_2', 'af46a958-b921-47b6-9f87-5c4fdc68ea79', 'usr_588');
INSERT INTO trabalho.log_acesso VALUES ('log_588_2_2', 'af46a958-b921-47b6-9f87-5c4fdc68ea79', 'usr_588');
INSERT INTO trabalho.log_acesso VALUES ('log_588_3_2', 'af46a958-b921-47b6-9f87-5c4fdc68ea79', 'usr_588');
INSERT INTO trabalho.log_acesso VALUES ('log_588_4_2', 'af46a958-b921-47b6-9f87-5c4fdc68ea79', 'usr_588');
INSERT INTO trabalho.usuario VALUES ('usr_589', '589_Vicente57@gmail.com', 'Vicente Braga', 'male', 0, 'password', 'Burundi');
INSERT INTO trabalho.usuario_esta_inscrito_no_podcast VALUES (1, 'de2f0ddb-9903-436a-a5e2-54224254c818', 'usr_589');
INSERT INTO trabalho.comentarios_podcast_usuario VALUES ('comment_589_0_0', 'Qui dignissimos deserunt rerum possimus omnis.', 'de2f0ddb-9903-436a-a5e2-54224254c818', 'usr_589');
INSERT INTO trabalho.log_acesso VALUES ('log_589_0_0', 'de2f0ddb-9903-436a-a5e2-54224254c818', 'usr_589');
INSERT INTO trabalho.log_acesso VALUES ('log_589_1_0', 'de2f0ddb-9903-436a-a5e2-54224254c818', 'usr_589');
INSERT INTO trabalho.log_acesso VALUES ('log_589_2_0', 'de2f0ddb-9903-436a-a5e2-54224254c818', 'usr_589');
INSERT INTO trabalho.usuario_esta_inscrito_no_podcast VALUES (2, 'f0166bd2-8e4d-4308-b5d7-0b3d627c5dc5', 'usr_589');
INSERT INTO trabalho.comentarios_podcast_usuario VALUES ('comment_589_0_1', 'Inventore commodi et rerum vitae dignissimos ipsam omnis ab temporibus.', 'f0166bd2-8e4d-4308-b5d7-0b3d627c5dc5', 'usr_589');
INSERT INTO trabalho.comentarios_podcast_usuario VALUES ('comment_589_1_1', 'Repudiandae ipsum voluptatum non voluptas ex maxime voluptates aut nemo.', 'f0166bd2-8e4d-4308-b5d7-0b3d627c5dc5', 'usr_589');
INSERT INTO trabalho.comentarios_podcast_usuario VALUES ('comment_589_2_1', 'Id est delectus consequatur et.', 'f0166bd2-8e4d-4308-b5d7-0b3d627c5dc5', 'usr_589');
INSERT INTO trabalho.comentarios_podcast_usuario VALUES ('comment_589_3_1', 'Veritatis sed illum.', 'f0166bd2-8e4d-4308-b5d7-0b3d627c5dc5', 'usr_589');
INSERT INTO trabalho.log_acesso VALUES ('log_589_0_1', 'f0166bd2-8e4d-4308-b5d7-0b3d627c5dc5', 'usr_589');
INSERT INTO trabalho.log_acesso VALUES ('log_589_1_1', 'f0166bd2-8e4d-4308-b5d7-0b3d627c5dc5', 'usr_589');
INSERT INTO trabalho.usuario_esta_inscrito_no_podcast VALUES (2, 'fa3abe16-3645-4d22-a01d-893e6f20c408', 'usr_589');
INSERT INTO trabalho.comentarios_podcast_usuario VALUES ('comment_589_0_2', 'Nihil illum accusantium voluptatibus sed.', 'fa3abe16-3645-4d22-a01d-893e6f20c408', 'usr_589');
INSERT INTO trabalho.comentarios_podcast_usuario VALUES ('comment_589_1_2', 'Perferendis eius sequi voluptas quasi quia dolore error dignissimos mollitia.', 'fa3abe16-3645-4d22-a01d-893e6f20c408', 'usr_589');
INSERT INTO trabalho.comentarios_podcast_usuario VALUES ('comment_589_2_2', 'Molestiae non accusamus itaque unde consequatur et ipsa.', 'fa3abe16-3645-4d22-a01d-893e6f20c408', 'usr_589');
INSERT INTO trabalho.comentarios_podcast_usuario VALUES ('comment_589_3_2', 'At voluptas quis est eveniet alias.', 'fa3abe16-3645-4d22-a01d-893e6f20c408', 'usr_589');
INSERT INTO trabalho.comentarios_podcast_usuario VALUES ('comment_589_4_2', 'Magni ut sint ut officiis dignissimos quo eos consequatur.', 'fa3abe16-3645-4d22-a01d-893e6f20c408', 'usr_589');
INSERT INTO trabalho.comentarios_podcast_usuario VALUES ('comment_589_5_2', 'Cumque quo voluptatem ut.', 'fa3abe16-3645-4d22-a01d-893e6f20c408', 'usr_589');
INSERT INTO trabalho.comentarios_podcast_usuario VALUES ('comment_589_6_2', 'Qui quo tempore omnis non.', 'fa3abe16-3645-4d22-a01d-893e6f20c408', 'usr_589');
INSERT INTO trabalho.log_acesso VALUES ('log_589_0_2', 'fa3abe16-3645-4d22-a01d-893e6f20c408', 'usr_589');
INSERT INTO trabalho.log_acesso VALUES ('log_589_1_2', 'fa3abe16-3645-4d22-a01d-893e6f20c408', 'usr_589');
INSERT INTO trabalho.usuario VALUES ('usr_590', '590_Margarida12@bol.com.br', 'Margarida Xavier', 'female', 50, 'password', 'Groelândia');
INSERT INTO trabalho.usuario_esta_inscrito_no_podcast VALUES (2, '7e429e8e-7669-403d-bb78-3cd7f9f75afd', 'usr_590');
INSERT INTO trabalho.comentarios_podcast_usuario VALUES ('comment_590_0_0', 'Dolores inventore perferendis eos architecto.', '7e429e8e-7669-403d-bb78-3cd7f9f75afd', 'usr_590');
INSERT INTO trabalho.comentarios_podcast_usuario VALUES ('comment_590_1_0', 'Et voluptatum reiciendis vitae expedita unde aut.', '7e429e8e-7669-403d-bb78-3cd7f9f75afd', 'usr_590');
INSERT INTO trabalho.log_acesso VALUES ('log_590_0_0', '7e429e8e-7669-403d-bb78-3cd7f9f75afd', 'usr_590');
INSERT INTO trabalho.log_acesso VALUES ('log_590_1_0', '7e429e8e-7669-403d-bb78-3cd7f9f75afd', 'usr_590');
INSERT INTO trabalho.usuario_esta_inscrito_no_podcast VALUES (1, '168c1536-4c42-4b8f-8c77-f06affefec6a', 'usr_590');
INSERT INTO trabalho.comentarios_podcast_usuario VALUES ('comment_590_0_1', 'Qui voluptas architecto alias doloremque quas labore.', '168c1536-4c42-4b8f-8c77-f06affefec6a', 'usr_590');
INSERT INTO trabalho.comentarios_podcast_usuario VALUES ('comment_590_1_1', 'Rerum veniam modi delectus ab corrupti debitis possimus qui voluptatem.', '168c1536-4c42-4b8f-8c77-f06affefec6a', 'usr_590');
INSERT INTO trabalho.log_acesso VALUES ('log_590_0_1', '168c1536-4c42-4b8f-8c77-f06affefec6a', 'usr_590');
INSERT INTO trabalho.log_acesso VALUES ('log_590_1_1', '168c1536-4c42-4b8f-8c77-f06affefec6a', 'usr_590');
INSERT INTO trabalho.log_acesso VALUES ('log_590_2_1', '168c1536-4c42-4b8f-8c77-f06affefec6a', 'usr_590');
INSERT INTO trabalho.log_acesso VALUES ('log_590_3_1', '168c1536-4c42-4b8f-8c77-f06affefec6a', 'usr_590');
INSERT INTO trabalho.usuario_esta_inscrito_no_podcast VALUES (1, '5bdf7377-8330-4f9f-8efd-e95301c122ce', 'usr_590');
INSERT INTO trabalho.comentarios_podcast_usuario VALUES ('comment_590_0_2', 'Alias eveniet quo numquam modi eum in ea fugit dicta.', '5bdf7377-8330-4f9f-8efd-e95301c122ce', 'usr_590');
INSERT INTO trabalho.log_acesso VALUES ('log_590_0_2', '5bdf7377-8330-4f9f-8efd-e95301c122ce', 'usr_590');
INSERT INTO trabalho.usuario VALUES ('usr_591', '591_Paulo.Martins@hotmail.com', 'Paulo Martins', 'male', 57, 'password', 'Equador');
INSERT INTO trabalho.usuario_esta_inscrito_no_podcast VALUES (1, '7e429e8e-7669-403d-bb78-3cd7f9f75afd', 'usr_591');
INSERT INTO trabalho.comentarios_podcast_usuario VALUES ('comment_591_0_0', 'Velit quia doloremque sit laborum et ut.', '7e429e8e-7669-403d-bb78-3cd7f9f75afd', 'usr_591');
INSERT INTO trabalho.log_acesso VALUES ('log_591_0_0', '7e429e8e-7669-403d-bb78-3cd7f9f75afd', 'usr_591');
INSERT INTO trabalho.log_acesso VALUES ('log_591_1_0', '7e429e8e-7669-403d-bb78-3cd7f9f75afd', 'usr_591');
INSERT INTO trabalho.log_acesso VALUES ('log_591_2_0', '7e429e8e-7669-403d-bb78-3cd7f9f75afd', 'usr_591');
INSERT INTO trabalho.log_acesso VALUES ('log_591_3_0', '7e429e8e-7669-403d-bb78-3cd7f9f75afd', 'usr_591');
INSERT INTO trabalho.log_acesso VALUES ('log_591_4_0', '7e429e8e-7669-403d-bb78-3cd7f9f75afd', 'usr_591');
INSERT INTO trabalho.usuario_esta_inscrito_no_podcast VALUES (5, 'f1b92ce7-47a7-43cd-8586-4a09185cdd05', 'usr_591');
INSERT INTO trabalho.comentarios_podcast_usuario VALUES ('comment_591_0_1', 'Eveniet aut iste facilis voluptatibus aut.', 'f1b92ce7-47a7-43cd-8586-4a09185cdd05', 'usr_591');
INSERT INTO trabalho.comentarios_podcast_usuario VALUES ('comment_591_1_1', 'Voluptatibus accusantium quia.', 'f1b92ce7-47a7-43cd-8586-4a09185cdd05', 'usr_591');
INSERT INTO trabalho.comentarios_podcast_usuario VALUES ('comment_591_2_1', 'Vitae sint quo dolores laboriosam provident quas.', 'f1b92ce7-47a7-43cd-8586-4a09185cdd05', 'usr_591');
INSERT INTO trabalho.comentarios_podcast_usuario VALUES ('comment_591_3_1', 'Non consequuntur qui aut.', 'f1b92ce7-47a7-43cd-8586-4a09185cdd05', 'usr_591');
INSERT INTO trabalho.log_acesso VALUES ('log_591_0_1', 'f1b92ce7-47a7-43cd-8586-4a09185cdd05', 'usr_591');
INSERT INTO trabalho.usuario_esta_inscrito_no_podcast VALUES (0, '67074e68-bc2f-442b-8af2-7d328b6af6eb', 'usr_591');
INSERT INTO trabalho.comentarios_podcast_usuario VALUES ('comment_591_0_2', 'Aut aliquam et maiores vero sunt est.', '67074e68-bc2f-442b-8af2-7d328b6af6eb', 'usr_591');
INSERT INTO trabalho.log_acesso VALUES ('log_591_0_2', '67074e68-bc2f-442b-8af2-7d328b6af6eb', 'usr_591');
INSERT INTO trabalho.log_acesso VALUES ('log_591_1_2', '67074e68-bc2f-442b-8af2-7d328b6af6eb', 'usr_591');
INSERT INTO trabalho.log_acesso VALUES ('log_591_2_2', '67074e68-bc2f-442b-8af2-7d328b6af6eb', 'usr_591');
INSERT INTO trabalho.log_acesso VALUES ('log_591_3_2', '67074e68-bc2f-442b-8af2-7d328b6af6eb', 'usr_591');
INSERT INTO trabalho.log_acesso VALUES ('log_591_4_2', '67074e68-bc2f-442b-8af2-7d328b6af6eb', 'usr_591');
INSERT INTO trabalho.usuario VALUES ('usr_592', '592_Lorena.Souza67@hotmail.com', 'Lorena Souza', 'female', 17, 'password', 'Timor-Leste');
INSERT INTO trabalho.usuario_esta_inscrito_no_podcast VALUES (1, 'de2f0ddb-9903-436a-a5e2-54224254c818', 'usr_592');
INSERT INTO trabalho.comentarios_podcast_usuario VALUES ('comment_592_0_0', 'Accusantium sint voluptatibus itaque.', 'de2f0ddb-9903-436a-a5e2-54224254c818', 'usr_592');
INSERT INTO trabalho.comentarios_podcast_usuario VALUES ('comment_592_1_0', 'Veniam porro repellat rerum fugiat et.', 'de2f0ddb-9903-436a-a5e2-54224254c818', 'usr_592');
INSERT INTO trabalho.log_acesso VALUES ('log_592_0_0', 'de2f0ddb-9903-436a-a5e2-54224254c818', 'usr_592');
INSERT INTO trabalho.log_acesso VALUES ('log_592_1_0', 'de2f0ddb-9903-436a-a5e2-54224254c818', 'usr_592');
INSERT INTO trabalho.log_acesso VALUES ('log_592_2_0', 'de2f0ddb-9903-436a-a5e2-54224254c818', 'usr_592');
INSERT INTO trabalho.log_acesso VALUES ('log_592_3_0', 'de2f0ddb-9903-436a-a5e2-54224254c818', 'usr_592');
INSERT INTO trabalho.log_acesso VALUES ('log_592_4_0', 'de2f0ddb-9903-436a-a5e2-54224254c818', 'usr_592');
INSERT INTO trabalho.usuario_esta_inscrito_no_podcast VALUES (2, 'bc8dac25-793c-4a96-aafc-4ea7020f4f60', 'usr_592');
INSERT INTO trabalho.comentarios_podcast_usuario VALUES ('comment_592_0_1', 'Qui qui fuga qui illo aut odio aut.', 'bc8dac25-793c-4a96-aafc-4ea7020f4f60', 'usr_592');
INSERT INTO trabalho.comentarios_podcast_usuario VALUES ('comment_592_1_1', 'Eaque est sapiente cupiditate asperiores.', 'bc8dac25-793c-4a96-aafc-4ea7020f4f60', 'usr_592');
INSERT INTO trabalho.log_acesso VALUES ('log_592_0_1', 'bc8dac25-793c-4a96-aafc-4ea7020f4f60', 'usr_592');
INSERT INTO trabalho.log_acesso VALUES ('log_592_1_1', 'bc8dac25-793c-4a96-aafc-4ea7020f4f60', 'usr_592');
INSERT INTO trabalho.log_acesso VALUES ('log_592_2_1', 'bc8dac25-793c-4a96-aafc-4ea7020f4f60', 'usr_592');
INSERT INTO trabalho.log_acesso VALUES ('log_592_3_1', 'bc8dac25-793c-4a96-aafc-4ea7020f4f60', 'usr_592');
INSERT INTO trabalho.usuario_esta_inscrito_no_podcast VALUES (0, 'f0166bd2-8e4d-4308-b5d7-0b3d627c5dc5', 'usr_592');
INSERT INTO trabalho.comentarios_podcast_usuario VALUES ('comment_592_0_2', 'Et assumenda molestiae facere ut totam nemo.', 'f0166bd2-8e4d-4308-b5d7-0b3d627c5dc5', 'usr_592');
INSERT INTO trabalho.comentarios_podcast_usuario VALUES ('comment_592_1_2', 'Minima in consequuntur tenetur.', 'f0166bd2-8e4d-4308-b5d7-0b3d627c5dc5', 'usr_592');
INSERT INTO trabalho.comentarios_podcast_usuario VALUES ('comment_592_2_2', 'Aut sed quis laudantium qui quis quibusdam id qui unde.', 'f0166bd2-8e4d-4308-b5d7-0b3d627c5dc5', 'usr_592');
INSERT INTO trabalho.log_acesso VALUES ('log_592_0_2', 'f0166bd2-8e4d-4308-b5d7-0b3d627c5dc5', 'usr_592');
INSERT INTO trabalho.log_acesso VALUES ('log_592_1_2', 'f0166bd2-8e4d-4308-b5d7-0b3d627c5dc5', 'usr_592');
INSERT INTO trabalho.usuario VALUES ('usr_593', '593_Roberta78@live.com', 'Roberta Carvalho', 'female', 31, 'password', 'Islândia');
INSERT INTO trabalho.usuario_esta_inscrito_no_podcast VALUES (5, 'f0166bd2-8e4d-4308-b5d7-0b3d627c5dc5', 'usr_593');
INSERT INTO trabalho.comentarios_podcast_usuario VALUES ('comment_593_0_0', 'Adipisci est sunt porro nihil.', 'f0166bd2-8e4d-4308-b5d7-0b3d627c5dc5', 'usr_593');
INSERT INTO trabalho.log_acesso VALUES ('log_593_0_0', 'f0166bd2-8e4d-4308-b5d7-0b3d627c5dc5', 'usr_593');
INSERT INTO trabalho.log_acesso VALUES ('log_593_1_0', 'f0166bd2-8e4d-4308-b5d7-0b3d627c5dc5', 'usr_593');
INSERT INTO trabalho.log_acesso VALUES ('log_593_2_0', 'f0166bd2-8e4d-4308-b5d7-0b3d627c5dc5', 'usr_593');
INSERT INTO trabalho.usuario_esta_inscrito_no_podcast VALUES (5, '219328a1-cec6-4e8c-b003-52a3ec9766bb', 'usr_593');
INSERT INTO trabalho.comentarios_podcast_usuario VALUES ('comment_593_0_1', 'Vel est earum veniam in iusto maiores eligendi.', '219328a1-cec6-4e8c-b003-52a3ec9766bb', 'usr_593');
INSERT INTO trabalho.comentarios_podcast_usuario VALUES ('comment_593_1_1', 'Ea ea molestiae qui non molestias saepe.', '219328a1-cec6-4e8c-b003-52a3ec9766bb', 'usr_593');
INSERT INTO trabalho.log_acesso VALUES ('log_593_0_1', '219328a1-cec6-4e8c-b003-52a3ec9766bb', 'usr_593');
INSERT INTO trabalho.usuario_esta_inscrito_no_podcast VALUES (5, 'c58b280a-56d4-4ad8-8c85-730e4ea86361', 'usr_593');
INSERT INTO trabalho.comentarios_podcast_usuario VALUES ('comment_593_0_2', 'Repellendus autem est.', 'c58b280a-56d4-4ad8-8c85-730e4ea86361', 'usr_593');
INSERT INTO trabalho.comentarios_podcast_usuario VALUES ('comment_593_1_2', 'Quis architecto nisi occaecati sunt consectetur perspiciatis iure et sit.', 'c58b280a-56d4-4ad8-8c85-730e4ea86361', 'usr_593');
INSERT INTO trabalho.comentarios_podcast_usuario VALUES ('comment_593_2_2', 'Ea vel in nihil est mollitia et harum atque quos.', 'c58b280a-56d4-4ad8-8c85-730e4ea86361', 'usr_593');
INSERT INTO trabalho.comentarios_podcast_usuario VALUES ('comment_593_3_2', 'Sit non libero ipsa rerum quaerat minus itaque autem.', 'c58b280a-56d4-4ad8-8c85-730e4ea86361', 'usr_593');
INSERT INTO trabalho.comentarios_podcast_usuario VALUES ('comment_593_4_2', 'Aspernatur doloremque soluta omnis omnis voluptas alias et.', 'c58b280a-56d4-4ad8-8c85-730e4ea86361', 'usr_593');
INSERT INTO trabalho.log_acesso VALUES ('log_593_0_2', 'c58b280a-56d4-4ad8-8c85-730e4ea86361', 'usr_593');
INSERT INTO trabalho.log_acesso VALUES ('log_593_1_2', 'c58b280a-56d4-4ad8-8c85-730e4ea86361', 'usr_593');
INSERT INTO trabalho.log_acesso VALUES ('log_593_2_2', 'c58b280a-56d4-4ad8-8c85-730e4ea86361', 'usr_593');
INSERT INTO trabalho.usuario VALUES ('usr_594', '594_Nbia_Moreira97@bol.com.br', 'Núbia Moreira', 'female', 11, 'password', 'Bolívia');
INSERT INTO trabalho.usuario_esta_inscrito_no_podcast VALUES (5, 'bc8dac25-793c-4a96-aafc-4ea7020f4f60', 'usr_594');
INSERT INTO trabalho.comentarios_podcast_usuario VALUES ('comment_594_0_0', 'Sapiente quaerat qui eius ipsum in fugit dolorum.', 'bc8dac25-793c-4a96-aafc-4ea7020f4f60', 'usr_594');
INSERT INTO trabalho.log_acesso VALUES ('log_594_0_0', 'bc8dac25-793c-4a96-aafc-4ea7020f4f60', 'usr_594');
INSERT INTO trabalho.usuario_esta_inscrito_no_podcast VALUES (1, 'f0166bd2-8e4d-4308-b5d7-0b3d627c5dc5', 'usr_594');
INSERT INTO trabalho.comentarios_podcast_usuario VALUES ('comment_594_0_1', 'Sed incidunt quo autem dolor.', 'f0166bd2-8e4d-4308-b5d7-0b3d627c5dc5', 'usr_594');
INSERT INTO trabalho.log_acesso VALUES ('log_594_0_1', 'f0166bd2-8e4d-4308-b5d7-0b3d627c5dc5', 'usr_594');
INSERT INTO trabalho.log_acesso VALUES ('log_594_1_1', 'f0166bd2-8e4d-4308-b5d7-0b3d627c5dc5', 'usr_594');
INSERT INTO trabalho.log_acesso VALUES ('log_594_2_1', 'f0166bd2-8e4d-4308-b5d7-0b3d627c5dc5', 'usr_594');
INSERT INTO trabalho.log_acesso VALUES ('log_594_3_1', 'f0166bd2-8e4d-4308-b5d7-0b3d627c5dc5', 'usr_594');
INSERT INTO trabalho.usuario_esta_inscrito_no_podcast VALUES (3, 'b553d865-8fe2-47de-9a30-10e1dea3bd1d', 'usr_594');
INSERT INTO trabalho.comentarios_podcast_usuario VALUES ('comment_594_0_2', 'In ipsam iusto accusamus dolores quasi ut temporibus.', 'b553d865-8fe2-47de-9a30-10e1dea3bd1d', 'usr_594');
INSERT INTO trabalho.comentarios_podcast_usuario VALUES ('comment_594_1_2', 'Rerum eos nihil placeat modi et dolores dolore doloribus.', 'b553d865-8fe2-47de-9a30-10e1dea3bd1d', 'usr_594');
INSERT INTO trabalho.comentarios_podcast_usuario VALUES ('comment_594_2_2', 'Nobis sed libero debitis praesentium repellat nihil enim debitis.', 'b553d865-8fe2-47de-9a30-10e1dea3bd1d', 'usr_594');
INSERT INTO trabalho.comentarios_podcast_usuario VALUES ('comment_594_3_2', 'Et harum autem dolores omnis porro numquam consequatur.', 'b553d865-8fe2-47de-9a30-10e1dea3bd1d', 'usr_594');
INSERT INTO trabalho.log_acesso VALUES ('log_594_0_2', 'b553d865-8fe2-47de-9a30-10e1dea3bd1d', 'usr_594');
INSERT INTO trabalho.log_acesso VALUES ('log_594_1_2', 'b553d865-8fe2-47de-9a30-10e1dea3bd1d', 'usr_594');
INSERT INTO trabalho.log_acesso VALUES ('log_594_2_2', 'b553d865-8fe2-47de-9a30-10e1dea3bd1d', 'usr_594');
INSERT INTO trabalho.log_acesso VALUES ('log_594_3_2', 'b553d865-8fe2-47de-9a30-10e1dea3bd1d', 'usr_594');
INSERT INTO trabalho.log_acesso VALUES ('log_594_4_2', 'b553d865-8fe2-47de-9a30-10e1dea3bd1d', 'usr_594');
INSERT INTO trabalho.usuario VALUES ('usr_595', '595_Jlio.Macedo61@yahoo.com', 'Júlio Macedo', 'male', 16, 'password', 'Mônaco');
INSERT INTO trabalho.usuario_esta_inscrito_no_podcast VALUES (2, 'c58b280a-56d4-4ad8-8c85-730e4ea86361', 'usr_595');
INSERT INTO trabalho.comentarios_podcast_usuario VALUES ('comment_595_0_0', 'Molestiae officia cumque quis veritatis aperiam cupiditate officia.', 'c58b280a-56d4-4ad8-8c85-730e4ea86361', 'usr_595');
INSERT INTO trabalho.comentarios_podcast_usuario VALUES ('comment_595_1_0', 'Dicta voluptatibus possimus.', 'c58b280a-56d4-4ad8-8c85-730e4ea86361', 'usr_595');
INSERT INTO trabalho.log_acesso VALUES ('log_595_0_0', 'c58b280a-56d4-4ad8-8c85-730e4ea86361', 'usr_595');
INSERT INTO trabalho.log_acesso VALUES ('log_595_1_0', 'c58b280a-56d4-4ad8-8c85-730e4ea86361', 'usr_595');
INSERT INTO trabalho.log_acesso VALUES ('log_595_2_0', 'c58b280a-56d4-4ad8-8c85-730e4ea86361', 'usr_595');
INSERT INTO trabalho.log_acesso VALUES ('log_595_3_0', 'c58b280a-56d4-4ad8-8c85-730e4ea86361', 'usr_595');
INSERT INTO trabalho.log_acesso VALUES ('log_595_4_0', 'c58b280a-56d4-4ad8-8c85-730e4ea86361', 'usr_595');
INSERT INTO trabalho.usuario_esta_inscrito_no_podcast VALUES (0, 'af46a958-b921-47b6-9f87-5c4fdc68ea79', 'usr_595');
INSERT INTO trabalho.comentarios_podcast_usuario VALUES ('comment_595_0_1', 'Sunt ut fugiat id impedit quidem odio.', 'af46a958-b921-47b6-9f87-5c4fdc68ea79', 'usr_595');
INSERT INTO trabalho.comentarios_podcast_usuario VALUES ('comment_595_1_1', 'Quam ducimus qui animi perspiciatis blanditiis autem.', 'af46a958-b921-47b6-9f87-5c4fdc68ea79', 'usr_595');
INSERT INTO trabalho.log_acesso VALUES ('log_595_0_1', 'af46a958-b921-47b6-9f87-5c4fdc68ea79', 'usr_595');
INSERT INTO trabalho.log_acesso VALUES ('log_595_1_1', 'af46a958-b921-47b6-9f87-5c4fdc68ea79', 'usr_595');
INSERT INTO trabalho.log_acesso VALUES ('log_595_2_1', 'af46a958-b921-47b6-9f87-5c4fdc68ea79', 'usr_595');
INSERT INTO trabalho.usuario_esta_inscrito_no_podcast VALUES (3, 'de2f0ddb-9903-436a-a5e2-54224254c818', 'usr_595');
INSERT INTO trabalho.comentarios_podcast_usuario VALUES ('comment_595_0_2', 'Corporis facere id mollitia ut temporibus tempore.', 'de2f0ddb-9903-436a-a5e2-54224254c818', 'usr_595');
INSERT INTO trabalho.comentarios_podcast_usuario VALUES ('comment_595_1_2', 'Ratione non in quos.', 'de2f0ddb-9903-436a-a5e2-54224254c818', 'usr_595');
INSERT INTO trabalho.log_acesso VALUES ('log_595_0_2', 'de2f0ddb-9903-436a-a5e2-54224254c818', 'usr_595');
INSERT INTO trabalho.log_acesso VALUES ('log_595_1_2', 'de2f0ddb-9903-436a-a5e2-54224254c818', 'usr_595');
INSERT INTO trabalho.log_acesso VALUES ('log_595_2_2', 'de2f0ddb-9903-436a-a5e2-54224254c818', 'usr_595');
INSERT INTO trabalho.log_acesso VALUES ('log_595_3_2', 'de2f0ddb-9903-436a-a5e2-54224254c818', 'usr_595');
INSERT INTO trabalho.log_acesso VALUES ('log_595_4_2', 'de2f0ddb-9903-436a-a5e2-54224254c818', 'usr_595');
INSERT INTO trabalho.log_acesso VALUES ('log_595_5_2', 'de2f0ddb-9903-436a-a5e2-54224254c818', 'usr_595');
INSERT INTO trabalho.log_acesso VALUES ('log_595_6_2', 'de2f0ddb-9903-436a-a5e2-54224254c818', 'usr_595');
INSERT INTO trabalho.log_acesso VALUES ('log_595_7_2', 'de2f0ddb-9903-436a-a5e2-54224254c818', 'usr_595');
INSERT INTO trabalho.usuario VALUES ('usr_596', '596_Joaquim87@hotmail.com', 'Joaquim Moreira', 'male', 43, 'password', 'Guiné-Bissau');
INSERT INTO trabalho.usuario_esta_inscrito_no_podcast VALUES (2, 'f0166bd2-8e4d-4308-b5d7-0b3d627c5dc5', 'usr_596');
INSERT INTO trabalho.comentarios_podcast_usuario VALUES ('comment_596_0_0', 'Possimus eaque quidem dolor.', 'f0166bd2-8e4d-4308-b5d7-0b3d627c5dc5', 'usr_596');
INSERT INTO trabalho.comentarios_podcast_usuario VALUES ('comment_596_1_0', 'Ut dolorem minima minus.', 'f0166bd2-8e4d-4308-b5d7-0b3d627c5dc5', 'usr_596');
INSERT INTO trabalho.comentarios_podcast_usuario VALUES ('comment_596_2_0', 'Dolorem magni ex molestias animi fugit.', 'f0166bd2-8e4d-4308-b5d7-0b3d627c5dc5', 'usr_596');
INSERT INTO trabalho.comentarios_podcast_usuario VALUES ('comment_596_3_0', 'Expedita fuga aliquam et hic in.', 'f0166bd2-8e4d-4308-b5d7-0b3d627c5dc5', 'usr_596');
INSERT INTO trabalho.comentarios_podcast_usuario VALUES ('comment_596_4_0', 'Rem minima sint dolorem quasi nesciunt consequuntur minus.', 'f0166bd2-8e4d-4308-b5d7-0b3d627c5dc5', 'usr_596');
INSERT INTO trabalho.log_acesso VALUES ('log_596_0_0', 'f0166bd2-8e4d-4308-b5d7-0b3d627c5dc5', 'usr_596');
INSERT INTO trabalho.log_acesso VALUES ('log_596_1_0', 'f0166bd2-8e4d-4308-b5d7-0b3d627c5dc5', 'usr_596');
INSERT INTO trabalho.log_acesso VALUES ('log_596_2_0', 'f0166bd2-8e4d-4308-b5d7-0b3d627c5dc5', 'usr_596');
INSERT INTO trabalho.usuario_esta_inscrito_no_podcast VALUES (1, 'c58b280a-56d4-4ad8-8c85-730e4ea86361', 'usr_596');
INSERT INTO trabalho.comentarios_podcast_usuario VALUES ('comment_596_0_1', 'Voluptatem aspernatur quos quidem earum.', 'c58b280a-56d4-4ad8-8c85-730e4ea86361', 'usr_596');
INSERT INTO trabalho.comentarios_podcast_usuario VALUES ('comment_596_1_1', 'Maxime qui ut voluptatem quam aut blanditiis.', 'c58b280a-56d4-4ad8-8c85-730e4ea86361', 'usr_596');
INSERT INTO trabalho.comentarios_podcast_usuario VALUES ('comment_596_2_1', 'Ut non voluptatem dolorem quis rerum facere omnis.', 'c58b280a-56d4-4ad8-8c85-730e4ea86361', 'usr_596');
INSERT INTO trabalho.comentarios_podcast_usuario VALUES ('comment_596_3_1', 'Odit et pariatur quia quidem possimus labore inventore.', 'c58b280a-56d4-4ad8-8c85-730e4ea86361', 'usr_596');
INSERT INTO trabalho.log_acesso VALUES ('log_596_0_1', 'c58b280a-56d4-4ad8-8c85-730e4ea86361', 'usr_596');
INSERT INTO trabalho.usuario_esta_inscrito_no_podcast VALUES (0, 'af46a958-b921-47b6-9f87-5c4fdc68ea79', 'usr_596');
INSERT INTO trabalho.comentarios_podcast_usuario VALUES ('comment_596_0_2', 'Debitis pariatur neque numquam qui accusamus labore in consequatur.', 'af46a958-b921-47b6-9f87-5c4fdc68ea79', 'usr_596');
INSERT INTO trabalho.comentarios_podcast_usuario VALUES ('comment_596_1_2', 'At unde vel quia atque laboriosam enim earum dolorem.', 'af46a958-b921-47b6-9f87-5c4fdc68ea79', 'usr_596');
INSERT INTO trabalho.comentarios_podcast_usuario VALUES ('comment_596_2_2', 'Dolorem quam repellat tempore cum impedit ut autem.', 'af46a958-b921-47b6-9f87-5c4fdc68ea79', 'usr_596');
INSERT INTO trabalho.comentarios_podcast_usuario VALUES ('comment_596_3_2', 'Ea vel assumenda id modi quis et assumenda voluptates.', 'af46a958-b921-47b6-9f87-5c4fdc68ea79', 'usr_596');
INSERT INTO trabalho.log_acesso VALUES ('log_596_0_2', 'af46a958-b921-47b6-9f87-5c4fdc68ea79', 'usr_596');
INSERT INTO trabalho.log_acesso VALUES ('log_596_1_2', 'af46a958-b921-47b6-9f87-5c4fdc68ea79', 'usr_596');
INSERT INTO trabalho.usuario VALUES ('usr_597', '597_Isabel_Saraiva39@gmail.com', 'Isabel Saraiva', 'female', 49, 'password', 'Quirguistão');
INSERT INTO trabalho.usuario_esta_inscrito_no_podcast VALUES (1, '67074e68-bc2f-442b-8af2-7d328b6af6eb', 'usr_597');
INSERT INTO trabalho.comentarios_podcast_usuario VALUES ('comment_597_0_0', 'Enim dolorem est rerum maxime laborum.', '67074e68-bc2f-442b-8af2-7d328b6af6eb', 'usr_597');
INSERT INTO trabalho.comentarios_podcast_usuario VALUES ('comment_597_1_0', 'Enim sequi aut.', '67074e68-bc2f-442b-8af2-7d328b6af6eb', 'usr_597');
INSERT INTO trabalho.comentarios_podcast_usuario VALUES ('comment_597_2_0', 'Quia odit earum reprehenderit aut dolor.', '67074e68-bc2f-442b-8af2-7d328b6af6eb', 'usr_597');
INSERT INTO trabalho.log_acesso VALUES ('log_597_0_0', '67074e68-bc2f-442b-8af2-7d328b6af6eb', 'usr_597');
INSERT INTO trabalho.log_acesso VALUES ('log_597_1_0', '67074e68-bc2f-442b-8af2-7d328b6af6eb', 'usr_597');
INSERT INTO trabalho.log_acesso VALUES ('log_597_2_0', '67074e68-bc2f-442b-8af2-7d328b6af6eb', 'usr_597');
INSERT INTO trabalho.usuario_esta_inscrito_no_podcast VALUES (5, '5bdf7377-8330-4f9f-8efd-e95301c122ce', 'usr_597');
INSERT INTO trabalho.comentarios_podcast_usuario VALUES ('comment_597_0_1', 'Voluptatem maxime incidunt accusamus et asperiores ex ducimus magni.', '5bdf7377-8330-4f9f-8efd-e95301c122ce', 'usr_597');
INSERT INTO trabalho.comentarios_podcast_usuario VALUES ('comment_597_1_1', 'Nihil ab eligendi commodi beatae tempora nesciunt repellendus facere.', '5bdf7377-8330-4f9f-8efd-e95301c122ce', 'usr_597');
INSERT INTO trabalho.comentarios_podcast_usuario VALUES ('comment_597_2_1', 'Natus inventore aperiam nihil necessitatibus id voluptas quis et.', '5bdf7377-8330-4f9f-8efd-e95301c122ce', 'usr_597');
INSERT INTO trabalho.comentarios_podcast_usuario VALUES ('comment_597_3_1', 'Quis dolor incidunt a.', '5bdf7377-8330-4f9f-8efd-e95301c122ce', 'usr_597');
INSERT INTO trabalho.log_acesso VALUES ('log_597_0_1', '5bdf7377-8330-4f9f-8efd-e95301c122ce', 'usr_597');
INSERT INTO trabalho.usuario_esta_inscrito_no_podcast VALUES (0, 'f8e13774-d631-4f34-93f0-2f5d55590265', 'usr_597');
INSERT INTO trabalho.comentarios_podcast_usuario VALUES ('comment_597_0_2', 'Labore dicta sit quam eius voluptas nihil.', 'f8e13774-d631-4f34-93f0-2f5d55590265', 'usr_597');
INSERT INTO trabalho.comentarios_podcast_usuario VALUES ('comment_597_1_2', 'Quod neque est.', 'f8e13774-d631-4f34-93f0-2f5d55590265', 'usr_597');
INSERT INTO trabalho.comentarios_podcast_usuario VALUES ('comment_597_2_2', 'Et nihil architecto repellendus quaerat blanditiis molestiae provident dolorem dolor.', 'f8e13774-d631-4f34-93f0-2f5d55590265', 'usr_597');
INSERT INTO trabalho.comentarios_podcast_usuario VALUES ('comment_597_3_2', 'Fuga et sit nostrum maiores.', 'f8e13774-d631-4f34-93f0-2f5d55590265', 'usr_597');
INSERT INTO trabalho.comentarios_podcast_usuario VALUES ('comment_597_4_2', 'Dolores dolor rerum impedit tempora tempore saepe tenetur aspernatur.', 'f8e13774-d631-4f34-93f0-2f5d55590265', 'usr_597');
INSERT INTO trabalho.log_acesso VALUES ('log_597_0_2', 'f8e13774-d631-4f34-93f0-2f5d55590265', 'usr_597');
INSERT INTO trabalho.log_acesso VALUES ('log_597_1_2', 'f8e13774-d631-4f34-93f0-2f5d55590265', 'usr_597');
INSERT INTO trabalho.log_acesso VALUES ('log_597_2_2', 'f8e13774-d631-4f34-93f0-2f5d55590265', 'usr_597');
INSERT INTO trabalho.log_acesso VALUES ('log_597_3_2', 'f8e13774-d631-4f34-93f0-2f5d55590265', 'usr_597');
INSERT INTO trabalho.log_acesso VALUES ('log_597_4_2', 'f8e13774-d631-4f34-93f0-2f5d55590265', 'usr_597');
INSERT INTO trabalho.log_acesso VALUES ('log_597_5_2', 'f8e13774-d631-4f34-93f0-2f5d55590265', 'usr_597');
INSERT INTO trabalho.usuario VALUES ('usr_598', '598_Sara.Martins@bol.com.br', 'Sara Martins', 'female', 54, 'password', 'Portugal');
INSERT INTO trabalho.usuario_esta_inscrito_no_podcast VALUES (3, 'bc8dac25-793c-4a96-aafc-4ea7020f4f60', 'usr_598');
INSERT INTO trabalho.comentarios_podcast_usuario VALUES ('comment_598_0_0', 'Aut iusto ut eius delectus rerum sequi reprehenderit doloribus aperiam.', 'bc8dac25-793c-4a96-aafc-4ea7020f4f60', 'usr_598');
INSERT INTO trabalho.log_acesso VALUES ('log_598_0_0', 'bc8dac25-793c-4a96-aafc-4ea7020f4f60', 'usr_598');
INSERT INTO trabalho.log_acesso VALUES ('log_598_1_0', 'bc8dac25-793c-4a96-aafc-4ea7020f4f60', 'usr_598');
INSERT INTO trabalho.usuario_esta_inscrito_no_podcast VALUES (3, '7e429e8e-7669-403d-bb78-3cd7f9f75afd', 'usr_598');
INSERT INTO trabalho.comentarios_podcast_usuario VALUES ('comment_598_0_1', 'Voluptatem delectus nostrum consequuntur velit voluptates sit.', '7e429e8e-7669-403d-bb78-3cd7f9f75afd', 'usr_598');
INSERT INTO trabalho.comentarios_podcast_usuario VALUES ('comment_598_1_1', 'Consequatur qui incidunt rerum ipsa tempore maxime earum porro quidem.', '7e429e8e-7669-403d-bb78-3cd7f9f75afd', 'usr_598');
INSERT INTO trabalho.comentarios_podcast_usuario VALUES ('comment_598_2_1', 'Quam incidunt quaerat iste impedit eos natus amet deleniti deserunt.', '7e429e8e-7669-403d-bb78-3cd7f9f75afd', 'usr_598');
INSERT INTO trabalho.comentarios_podcast_usuario VALUES ('comment_598_3_1', 'Ducimus consequatur cupiditate culpa distinctio officiis.', '7e429e8e-7669-403d-bb78-3cd7f9f75afd', 'usr_598');
INSERT INTO trabalho.comentarios_podcast_usuario VALUES ('comment_598_4_1', 'Et delectus esse nemo error impedit ipsum sequi tenetur.', '7e429e8e-7669-403d-bb78-3cd7f9f75afd', 'usr_598');
INSERT INTO trabalho.log_acesso VALUES ('log_598_0_1', '7e429e8e-7669-403d-bb78-3cd7f9f75afd', 'usr_598');
INSERT INTO trabalho.log_acesso VALUES ('log_598_1_1', '7e429e8e-7669-403d-bb78-3cd7f9f75afd', 'usr_598');
INSERT INTO trabalho.usuario_esta_inscrito_no_podcast VALUES (0, 'af46a958-b921-47b6-9f87-5c4fdc68ea79', 'usr_598');
INSERT INTO trabalho.comentarios_podcast_usuario VALUES ('comment_598_0_2', 'Error rerum suscipit totam est.', 'af46a958-b921-47b6-9f87-5c4fdc68ea79', 'usr_598');
INSERT INTO trabalho.comentarios_podcast_usuario VALUES ('comment_598_1_2', 'Soluta sapiente inventore et magni qui vitae omnis.', 'af46a958-b921-47b6-9f87-5c4fdc68ea79', 'usr_598');
INSERT INTO trabalho.comentarios_podcast_usuario VALUES ('comment_598_2_2', 'Nemo non et voluptatem quae sit quidem facere molestiae.', 'af46a958-b921-47b6-9f87-5c4fdc68ea79', 'usr_598');
INSERT INTO trabalho.log_acesso VALUES ('log_598_0_2', 'af46a958-b921-47b6-9f87-5c4fdc68ea79', 'usr_598');
INSERT INTO trabalho.log_acesso VALUES ('log_598_1_2', 'af46a958-b921-47b6-9f87-5c4fdc68ea79', 'usr_598');
INSERT INTO trabalho.log_acesso VALUES ('log_598_2_2', 'af46a958-b921-47b6-9f87-5c4fdc68ea79', 'usr_598');
INSERT INTO trabalho.log_acesso VALUES ('log_598_3_2', 'af46a958-b921-47b6-9f87-5c4fdc68ea79', 'usr_598');
INSERT INTO trabalho.log_acesso VALUES ('log_598_4_2', 'af46a958-b921-47b6-9f87-5c4fdc68ea79', 'usr_598');
INSERT INTO trabalho.log_acesso VALUES ('log_598_5_2', 'af46a958-b921-47b6-9f87-5c4fdc68ea79', 'usr_598');
INSERT INTO trabalho.log_acesso VALUES ('log_598_6_2', 'af46a958-b921-47b6-9f87-5c4fdc68ea79', 'usr_598');
INSERT INTO trabalho.usuario VALUES ('usr_599', '599_MariaClara.Oliveira33@hotmail.com', 'Maria Clara Oliveira', 'female', 27, 'password', 'Gana');
INSERT INTO trabalho.usuario_esta_inscrito_no_podcast VALUES (0, 'bc8dac25-793c-4a96-aafc-4ea7020f4f60', 'usr_599');
INSERT INTO trabalho.comentarios_podcast_usuario VALUES ('comment_599_0_0', 'Dolorum provident quos.', 'bc8dac25-793c-4a96-aafc-4ea7020f4f60', 'usr_599');
INSERT INTO trabalho.log_acesso VALUES ('log_599_0_0', 'bc8dac25-793c-4a96-aafc-4ea7020f4f60', 'usr_599');
INSERT INTO trabalho.log_acesso VALUES ('log_599_1_0', 'bc8dac25-793c-4a96-aafc-4ea7020f4f60', 'usr_599');
INSERT INTO trabalho.log_acesso VALUES ('log_599_2_0', 'bc8dac25-793c-4a96-aafc-4ea7020f4f60', 'usr_599');
INSERT INTO trabalho.log_acesso VALUES ('log_599_3_0', 'bc8dac25-793c-4a96-aafc-4ea7020f4f60', 'usr_599');
INSERT INTO trabalho.usuario_esta_inscrito_no_podcast VALUES (2, '219328a1-cec6-4e8c-b003-52a3ec9766bb', 'usr_599');
INSERT INTO trabalho.comentarios_podcast_usuario VALUES ('comment_599_0_1', 'Sit inventore maxime consectetur praesentium adipisci aut.', '219328a1-cec6-4e8c-b003-52a3ec9766bb', 'usr_599');
INSERT INTO trabalho.log_acesso VALUES ('log_599_0_1', '219328a1-cec6-4e8c-b003-52a3ec9766bb', 'usr_599');
INSERT INTO trabalho.log_acesso VALUES ('log_599_1_1', '219328a1-cec6-4e8c-b003-52a3ec9766bb', 'usr_599');
INSERT INTO trabalho.log_acesso VALUES ('log_599_2_1', '219328a1-cec6-4e8c-b003-52a3ec9766bb', 'usr_599');
INSERT INTO trabalho.log_acesso VALUES ('log_599_3_1', '219328a1-cec6-4e8c-b003-52a3ec9766bb', 'usr_599');
INSERT INTO trabalho.usuario_esta_inscrito_no_podcast VALUES (5, 'fa3abe16-3645-4d22-a01d-893e6f20c408', 'usr_599');
INSERT INTO trabalho.comentarios_podcast_usuario VALUES ('comment_599_0_2', 'Rerum tempore provident non provident aut.', 'fa3abe16-3645-4d22-a01d-893e6f20c408', 'usr_599');
INSERT INTO trabalho.comentarios_podcast_usuario VALUES ('comment_599_1_2', 'Repellendus quia enim nam voluptatem ut modi soluta commodi.', 'fa3abe16-3645-4d22-a01d-893e6f20c408', 'usr_599');
INSERT INTO trabalho.comentarios_podcast_usuario VALUES ('comment_599_2_2', 'Nisi quo omnis est aspernatur veniam omnis.', 'fa3abe16-3645-4d22-a01d-893e6f20c408', 'usr_599');
INSERT INTO trabalho.log_acesso VALUES ('log_599_0_2', 'fa3abe16-3645-4d22-a01d-893e6f20c408', 'usr_599');
INSERT INTO trabalho.log_acesso VALUES ('log_599_1_2', 'fa3abe16-3645-4d22-a01d-893e6f20c408', 'usr_599');
INSERT INTO trabalho.log_acesso VALUES ('log_599_2_2', 'fa3abe16-3645-4d22-a01d-893e6f20c408', 'usr_599');
INSERT INTO trabalho.log_acesso VALUES ('log_599_3_2', 'fa3abe16-3645-4d22-a01d-893e6f20c408', 'usr_599');
INSERT INTO trabalho.tags_podcast VALUES ('Comédia', 'af46a958-b921-47b6-9f87-5c4fdc68ea79');
INSERT INTO trabalho.tags_podcast VALUES ('Dia a Dia', 'fa3abe16-3645-4d22-a01d-893e6f20c408');
INSERT INTO trabalho.tags_podcast VALUES ('Prgramação', 'f8e13774-d631-4f34-93f0-2f5d55590265');
INSERT INTO trabalho.tags_podcast VALUES ('Comédia', 'de2f0ddb-9903-436a-a5e2-54224254c818');
INSERT INTO trabalho.tags_podcast VALUES ('Cinema', '67074e68-bc2f-442b-8af2-7d328b6af6eb');
INSERT INTO trabalho.tags_podcast VALUES ('Cinema', 'bc8dac25-793c-4a96-aafc-4ea7020f4f60');
INSERT INTO trabalho.tags_podcast VALUES ('Comédia', '219328a1-cec6-4e8c-b003-52a3ec9766bb');
INSERT INTO trabalho.tags_podcast VALUES ('Terror', 'f0166bd2-8e4d-4308-b5d7-0b3d627c5dc5');
INSERT INTO trabalho.tags_podcast VALUES ('Tecnologia', '168c1536-4c42-4b8f-8c77-f06affefec6a');
INSERT INTO trabalho.tags_podcast VALUES ('Programação', '5bdf7377-8330-4f9f-8efd-e95301c122ce');
INSERT INTO trabalho.tags_podcast VALUES ('Programação', 'f1b92ce7-47a7-43cd-8586-4a09185cdd05');
INSERT INTO trabalho.tags_podcast VALUES ('Educação', 'b553d865-8fe2-47de-9a30-10e1dea3bd1d');
INSERT INTO trabalho.tags_podcast VALUES ('Terror', 'c58b280a-56d4-4ad8-8c85-730e4ea86361');
INSERT INTO trabalho.tags_podcast VALUES ('Tecnologia', '7e429e8e-7669-403d-bb78-3cd7f9f75afd');
